mesh,stage,chamfer_l2,chamfer_l1,acc_mean,comp_mean,hausdorff_95,hausdorff_max,fscore@0.005,precision@0.005,recall@0.005,fscore@0.01,precision@0.01,recall@0.01,fscore@0.02,precision@0.02,recall@0.02,fscore@0.05,precision@0.05,recall@0.05,normal_consistency,normal_flip_frac,edge_ratio_mean,edge_ratio_std,edge_stretch_p95,edge_compress_p05,edge_logratio_absmean,area_ratio_mean,area_logratio_absmean,degenerate_tri_frac,tri_quality_mean,tri_quality_p05,deform_mag_mean,deform_mag_p95,deform_mag_max,dihedral_mean,dihedral_p99,folded_face_frac,midline_dev_mean,midline_dev_p95,midline_dev_mean_norm,midline_dev_excess,part_body_dist_mean,part_body_dist_p95,part_body_within_tau,part_head_dist_mean,part_head_dist_p95,part_head_within_tau,part_antenna_dist_mean,part_antenna_dist_p95,part_antenna_within_tau,part_mandible_dist_mean,part_mandible_dist_p95,part_mandible_within_tau,part_leg_dist_mean,part_leg_dist_p95,part_leg_within_tau,part_leg_distal_dist_mean,part_leg_distal_dist_p95,part_leg_distal_within_tau
Acanthostichus_aff.brevicornis_CASENT0744328_processed.obj,H0_body,0.004691215232014656,0.06726870685815811,0.023517301306128502,0.04375140368938446,0.13079087436199188,0.28981879353523254,0.07065323740243912,0.07983333617448807,0.06336666643619537,0.2222323715686798,0.2815333306789398,0.18356667459011078,0.43936264514923096,0.5720666646957397,0.35663333535194397,0.7824526429176331,0.902999997138977,0.6902999877929688,0.7383720278739929,0.19850000739097595,1.0,0.0,1.0,1.0,0.0,1.0,2.854926961504134e-08,0.0,0.8108412027359009,0.37130993604660034,0.0,0.0,0.0,13.295310020446777,94.62317657470703,0.011309931986033916,0.013425265438854694,0.01767023466527462,0.013174566440284252,0.0,0.023003438487648964,0.05880023166537285,0.5670498013496399,0.01632278598845005,0.038754627108573914,0.7063966989517212,0.015394838526844978,0.03183898702263832,0.6961326003074646,0.025534138083457947,0.045003678649663925,0.3667546212673187,0.033966369926929474,0.0855148434638977,0.3924800455570221,0.06140933930873871,0.1791808307170868,0.49513381719589233
Acromyrmex_coronatus_CASENT0744365_processed.obj,H0_body,0.012399377301335335,0.09157450497150421,0.025168826803565025,0.06640567630529404,0.24007657170295715,0.5846114158630371,0.04882510378956795,0.056533332914114,0.04296666756272316,0.17021973431110382,0.2375333309173584,0.13263332843780518,0.37779858708381653,0.548966646194458,0.2880000174045563,0.6918290257453918,0.8823666572570801,0.5689666867256165,0.706339955329895,0.23910000920295715,1.0,0.0,1.0,1.0,0.0,1.0,2.6614321413376274e-08,0.0,0.8095752596855164,0.32822614908218384,0.0,0.0,0.0,13.21387004852295,92.66744995117188,0.011277338489890099,0.04425038769841194,0.07979466021060944,0.05693000927567482,0.0,0.02453264594078064,0.06082192808389664,0.5203065276145935,0.017661772668361664,0.03830435499548912,0.6626783609390259,0.02765265665948391,0.09369228035211563,0.4944751560688019,0.02236611396074295,0.06352505832910538,0.6094986796379089,0.03809936344623566,0.10324130952358246,0.34715425968170166,0.056981198489665985,0.15441882610321045,0.21289537847042084
Acromyrmex_lobicornis_CASENT0878007_processed.obj,H0_body,0.011719797737896442,0.11261811852455139,0.03348548710346222,0.07913263142108917,0.1971093863248825,0.34660792350769043,0.0224074125289917,0.027033332735300064,0.01913333311676979,0.08140325546264648,0.13189999759197235,0.05886666849255562,0.1957181841135025,0.368066668510437,0.13330000638961792,0.5025755763053894,0.8041666746139526,0.36550000309944153,0.6517157554626465,0.2728666663169861,1.0,0.0,1.0,1.0,0.0,1.0,2.612184246686411e-08,0.0,0.8145533800125122,0.3253873586654663,0.0,0.0,0.0,13.697099685668945,102.96414184570312,0.013461099937558174,0.03504788503050804,0.04815055429935455,0.04555249214172363,0.0,0.029235530644655228,0.06689468771219254,0.4091954231262207,0.03281033784151077,0.07162854820489883,0.3410032391548157,0.0291150975972414,0.07438471168279648,0.3922652006149292,0.03115714341402054,0.056876860558986664,0.26912930607795715,0.048934001475572586,0.11575502902269363,0.26912182569503784,0.07256662100553513,0.19378729164600372,0.19221411645412445
Anochetus_risii_CASENT0877608_processed.obj,H0_body,0.0042587146162986755,0.061271727085113525,0.023198453709483147,0.03807327523827553,0.10997745394706726,0.3214014172554016,0.08142028003931046,0.09109999984502792,0.07360000163316727,0.250381737947464,0.32456666231155396,0.2038000077009201,0.500279426574707,0.6358333230018616,0.412366658449173,0.8150899410247803,0.9020333290100098,0.7434333562850952,0.726853609085083,0.19556666910648346,1.0,0.0,1.0,1.0,0.0,1.0,2.6398673469429923e-08,0.0,0.813980758190155,0.37191224098205566,0.0,0.0,0.0,13.02816104888916,88.8453140258789,0.009712852537631989,0.0054690539836883545,0.01420622132718563,0.005767218768596649,0.0,0.01632605493068695,0.04029243066906929,0.7149425148963928,0.026295701041817665,0.07032323628664017,0.4891854524612427,0.021769452840089798,0.046577148139476776,0.5055248737335205,0.026161376386880875,0.06078728288412094,0.47229552268981934,0.025912702083587646,0.0856860801577568,0.6003090739250183,0.12184874713420868,0.2249150574207306,0.018248174339532852
Anochetus_risii_CASENT0877609_processed.obj,H0_body,0.02930285781621933,0.1394781917333603,0.028832390904426575,0.11064580082893372,0.2817747890949249,1.01787269115448,0.02461719699203968,0.03126666694879532,0.0203000009059906,0.08608861267566681,0.15916666388511658,0.05900000035762787,0.1908913403749466,0.42250001430511475,0.12330000102519989,0.4505947530269623,0.8430333137512207,0.30746665596961975,0.5912585854530334,0.4067000150680542,1.0,0.0,1.0,1.0,0.0,1.0,2.5810029669059986e-08,0.0,0.7789768576622009,0.2767200469970703,0.0,0.0,0.0,12.938427925109863,95.86178588867188,0.01179883349686861,0.02985619194805622,0.03772702068090439,0.03291872516274452,0.0,0.03011292777955532,0.06836335361003876,0.3931034505367279,0.022946540266275406,0.05255783349275589,0.5471698045730591,0.023227466270327568,0.07028413563966751,0.6215469837188721,0.017200566828250885,0.0332278273999691,0.6569921374320984,0.033475905656814575,0.0715145468711853,0.3319598436355591,0.03522656485438347,0.07479609549045563,0.2834549844264984
Aphaenogaster_pallida_CASENT0745235_processed.obj,H0_body,0.004819418303668499,0.06904655694961548,0.026894565671682358,0.04215198755264282,0.11624880135059357,0.3290053904056549,0.03583955764770508,0.039500001817941666,0.03280000016093254,0.1313801109790802,0.1671999990940094,0.10819999873638153,0.3283957839012146,0.4244333505630493,0.2678000032901764,0.8371540307998657,0.9218666553497314,0.766700029373169,0.7680441737174988,0.15176667273044586,1.0,0.0,1.0,1.0,0.0,1.0,2.6142235043380424e-08,0.0,0.8195672035217285,0.35877731442451477,0.0,0.0,0.0,13.296452522277832,91.76180267333984,0.010592876002192497,0.008167959749698639,0.01697811298072338,0.008441719226539135,0.0,0.025664467364549637,0.05678359791636467,0.4160919487476349,0.02325570397078991,0.04439772665500641,0.4289001524448395,0.011949834413826466,0.021184902638196945,0.9254143834114075,0.017588557675480843,0.048917245119810104,0.728232204914093,0.03415752947330475,0.11794938147068024,0.47617822885513306,0.054511427879333496,0.14599569141864777,0.312652051448822
Atopomyrmex_mocquerysi_CASENT0744784_processed.obj,H0_body,0.007729371543973684,0.0658041313290596,0.023214081302285194,0.04259004816412926,0.12779353559017181,0.5865089893341064,0.0988822877407074,0.10616666823625565,0.09253333508968353,0.2718772292137146,0.31049999594688416,0.241799995303154,0.5108017325401306,0.5852333307266235,0.453166663646698,0.827832818031311,0.9078666567802429,0.7607666850090027,0.7049176692962646,0.2610333263874054,1.0,0.0,1.0,1.0,0.0,1.0,3.0251094074174034e-08,0.0,0.806941032409668,0.3789471685886383,0.0,0.0,0.0,13.734057426452637,96.12779998779297,0.01179883349686861,0.02641250379383564,0.0470646433532238,0.036359332501888275,0.0,0.01727832481265068,0.04192555323243141,0.6766283512115479,0.01581776887178421,0.0375991016626358,0.710078239440918,0.01213501114398241,0.034740399569272995,0.881215512752533,0.01343250460922718,0.026107443496584892,0.8258575797080994,0.03724806383252144,0.08220242708921432,0.30775174498558044,0.11523803323507309,0.2749946117401123,0.06934306770563126
Carebara_trechideros_CASENT0877591_processed.obj,H0_body,0.013333428651094437,0.07830296456813812,0.022286392748355865,0.056016575545072556,0.2513056993484497,0.6268988251686096,0.09926809370517731,0.10996666550636292,0.09046667069196701,0.29022595286369324,0.34833332896232605,0.24873334169387817,0.5510551333427429,0.6692000031471252,0.46836668252944946,0.8195734024047852,0.9244000315666199,0.7361000180244446,0.7072194218635559,0.26100000739097595,1.0,0.0,1.0,1.0,0.0,1.0,2.9123343736614515e-08,0.0,0.8115726113319397,0.37458083033561707,0.0,0.0,0.0,13.753901481628418,98.00772857666016,0.012385516427457333,0.019545944407582283,0.04081037640571594,0.023670095950365067,0.0,0.013394089415669441,0.03108586184680462,0.8072797060012817,0.01661907136440277,0.03205384314060211,0.6566958427429199,0.02728966251015663,0.10268464684486389,0.6187845468521118,0.012568472884595394,0.031969085335731506,0.8126649260520935,0.03507009893655777,0.10881758481264114,0.4705125093460083,0.1587965041399002,0.3583225905895233,0.09002432972192764
Centromyrmex_brachycola_CASENT0744052_processed.obj,H0_body,0.005855778232216835,0.08132824301719666,0.028380773961544037,0.05294746905565262,0.12353623658418655,0.3158082365989685,0.043781328946352005,0.05079999938607216,0.038466665893793106,0.15026888251304626,0.21116666495800018,0.1166333332657814,0.3238840401172638,0.4712333381175995,0.24673333764076233,0.6677191853523254,0.8626000285148621,0.5446666479110718,0.6540645360946655,0.2657666802406311,1.0,0.0,1.0,1.0,0.0,1.0,2.712720004183211e-08,0.0,0.8127115964889526,0.35006529092788696,0.0,0.0,0.0,13.032462120056152,96.1470947265625,0.011831426993012428,0.005713828839361668,0.01066182367503643,0.006089178845286369,0.0,0.021087149158120155,0.052480172365903854,0.588505744934082,0.03130616992712021,0.0768146738409996,0.41693511605262756,0.03571043163537979,0.07105107605457306,0.2458563596010208,0.02308683656156063,0.04806458577513695,0.43799474835395813,0.036967650055885315,0.10646069049835205,0.35256245732307434,0.10822654515504837,0.22911952435970306,0.19221411645412445
Cephalotes_minutus_CASENT0709253_processed.obj,H0_body,0.003856902476400137,0.06493140757083893,0.025227980688214302,0.03970342501997948,0.09946709871292114,0.27668994665145874,0.05070478841662407,0.057466667145490646,0.045366667211055756,0.1829794943332672,0.24093332886695862,0.14750000834465027,0.40532273054122925,0.5451000332832336,0.32260000705718994,0.7957291007041931,0.8833333253860474,0.7239333391189575,0.7210102677345276,0.28540000319480896,1.0,0.0,1.0,1.0,0.0,1.0,2.5681810456035237e-08,0.0,0.8396004438400269,0.3833152651786804,0.0,0.0,0.0,13.178569793701172,86.15892028808594,0.008800235576927662,0.003935174085199833,0.008641243912279606,0.0040140957571566105,0.0,0.026066800579428673,0.06840509921312332,0.4996168613433838,0.023879604414105415,0.05652780085802078,0.5204786062240601,0.01826980896294117,0.045229025185108185,0.6740331649780273,0.0164994765073061,0.03344769403338432,0.6596306562423706,0.02312031202018261,0.07455596327781677,0.6031419038772583,0.10041126608848572,0.2609727680683136,0.07299269735813141
Cephalotes_simillimus_CASENT0744408_processed.obj,H0_body,0.010251977480947971,0.10770411044359207,0.031068921089172363,0.07663518935441971,0.1787824034690857,0.2809513211250305,0.022332604974508286,0.02643333375453949,0.019333332777023315,0.08700262755155563,0.14363333582878113,0.06240000203251839,0.21377599239349365,0.4198000133037567,0.14339999854564667,0.5119913220405579,0.815933346748352,0.373033344745636,0.5590792298316956,0.44476667046546936,1.0,0.0,1.0,1.0,0.0,1.0,2.582169145171065e-08,0.0,0.8211474418640137,0.37651529908180237,0.0,0.0,0.0,13.676329612731934,96.57171630859375,0.01179883349686861,0.009787239134311676,0.020775528624653816,0.009852736257016659,0.0,0.03152655437588692,0.09402302652597427,0.4444444477558136,0.03237220272421837,0.06870290637016296,0.3502070903778076,0.034962475299835205,0.08582920581102371,0.3287293016910553,0.021694250404834747,0.04796109348535538,0.5224274396896362,0.02986765094101429,0.07111722230911255,0.38938966393470764,0.05765029042959213,0.14865948259830475,0.23357664048671722
Cephalotes_spinosus_CASENT0744158_processed.obj,H0_body,0.004550720565021038,0.07384300231933594,0.028939731419086456,0.04490327090024948,0.10430807620286942,0.317088782787323,0.030056891962885857,0.03400000184774399,0.0269333329051733,0.12318465113639832,0.16873332858085632,0.09700000286102295,0.3190709352493286,0.44626668095588684,0.2483000010251999,0.7283398509025574,0.8615000247955322,0.6308333277702332,0.7402252554893494,0.2286333292722702,1.0,0.0,1.0,1.0,0.0,1.0,2.838316959241638e-08,0.0,0.823523998260498,0.3568480610847473,0.0,0.0,0.0,13.354610443115234,89.83882141113281,0.009875819087028503,0.01562763750553131,0.024999309331178665,0.015699999406933784,0.0,0.03341339901089668,0.0788787454366684,0.32758620381355286,0.028511028736829758,0.058529481291770935,0.37367695569992065,0.015634452924132347,0.03496209904551506,0.7513812184333801,0.015846071764826775,0.0299361664801836,0.688654363155365,0.022533580660820007,0.06463165581226349,0.5907803177833557,0.13603828847408295,0.30365487933158875,0.04987834393978119
Crematogaster_nawai_OKENT0105046_processed.obj,H0_body,0.00895962305366993,0.0915253683924675,0.02979259565472603,0.06173277273774147,0.1547795981168747,0.5795260667800903,0.03586763143539429,0.04286666586995125,0.030833333730697632,0.12792426347732544,0.19286666810512543,0.09570000320672989,0.2838674783706665,0.4654666781425476,0.20419999957084656,0.6296461224555969,0.8518000245094299,0.4994000196456909,0.6147093772888184,0.38100001215934753,1.0,0.0,1.0,1.0,0.0,1.0,2.616846117575733e-08,0.0,0.8188104033470154,0.3686222732067108,0.0,0.0,0.0,13.630212783813477,91.63009643554688,0.01039731502532959,0.03461858630180359,0.0434076227247715,0.04660067334771156,0.0,0.02326347306370735,0.052670810371637344,0.5042145848274231,0.03340631350874901,0.08416073769330978,0.40312930941581726,0.029883088544011116,0.06079575791954994,0.3480663001537323,0.02315687946975231,0.05206073075532913,0.5488126873970032,0.03117147833108902,0.0878247320652008,0.4802987575531006,0.15936973690986633,0.4031994938850403,0.02311435528099537
Cryptopone_sauteri_CASENT0743771_processed.obj,H0_body,0.006088412366807461,0.08328080922365189,0.02941581979393959,0.053864989429712296,0.12669317424297333,0.48004263639450073,0.029501628130674362,0.03386666625738144,0.026133334264159203,0.11220909655094147,0.15690000355243683,0.08733333647251129,0.27323564887046814,0.4030666649341583,0.20666666328907013,0.6670127511024475,0.8428000211715698,0.5519000291824341,0.6985816359519958,0.2844666838645935,1.0,0.0,1.0,1.0,0.0,1.0,2.5740094500292798e-08,0.0,0.834139347076416,0.39242634177207947,0.0,0.0,0.0,13.147648811340332,85.26033782958984,0.008115772157907486,0.011711367405951023,0.022085130214691162,0.011702571995556355,0.0,0.02957168035209179,0.07325132191181183,0.38735634088516235,0.027622032910585403,0.061273057013750076,0.4284399449825287,0.019028227776288986,0.04711168631911278,0.6270718574523926,0.02036285027861595,0.04507943615317345,0.5831134915351868,0.03038567118346691,0.07983223348855972,0.4259593188762665,0.0649261623620987,0.1651872992515564,0.2031630128622055
Cyphoidris_afrc-tz01_CASENT0744810_processed.obj,H0_body,0.030500518158078194,0.1747906357049942,0.03299904987215996,0.14179158210754395,0.3218800723552704,0.447845458984375,0.010007094591856003,0.013266666792333126,0.008033333346247673,0.03982396423816681,0.08763333410024643,0.02576666697859764,0.10303506255149841,0.3354000151157379,0.060866668820381165,0.2895303964614868,0.7949000000953674,0.1770000010728836,0.5461211204528809,0.46860000491142273,1.0,0.0,1.0,1.0,0.0,1.0,2.847350621948408e-08,0.0,0.7866384983062744,0.21266762912273407,0.0,0.0,0.0,13.507893562316895,101.00623321533203,0.012874417938292027,0.035171303898096085,0.04715738445520401,0.04721284285187721,0.0,0.032592687755823135,0.07516001909971237,0.37126436829566956,0.03334011510014534,0.0781494528055191,0.36125174164772034,0.032634273171424866,0.06426386535167694,0.3232044279575348,0.02188935875892639,0.053099729120731354,0.5382586121559143,0.03462269902229309,0.07058203965425491,0.269636869430542,0.0401688814163208,0.1065276637673378,0.3345498740673065
Cyphomyrmex_cf.minutus_CASENT0744280_processed.obj,H0_body,0.04817246273159981,0.19768844544887543,0.02752581052482128,0.170162633061409,0.43576985597610474,0.7663459181785583,0.013026010245084763,0.01733333431184292,0.010433332994580269,0.04777751490473747,0.11290000379085541,0.030300000682473183,0.11243291944265366,0.4106333255767822,0.06513333320617676,0.30293846130371094,0.8876667022705078,0.18263334035873413,0.5447052717208862,0.5791333317756653,1.0,0.0,1.0,1.0,0.0,1.0,2.8249122152601558e-08,0.0,0.7733033299446106,0.23424455523490906,0.0,0.0,0.0,13.239274978637695,99.23612213134766,0.013069978915154934,0.01740272343158722,0.019498957321047783,0.018087422475218773,0.0,0.026728354394435883,0.05686996132135391,0.40268200635910034,0.027043025940656662,0.06057338789105415,0.3962264358997345,0.04521699994802475,0.10517606884241104,0.28176796436309814,0.02068651095032692,0.037971869111061096,0.5013192892074585,0.028042972087860107,0.0617617592215538,0.411022424697876,0.03757448121905327,0.07996329665184021,0.24817517399787903
Dilobocondyla_fouqueti_CASENT0745576_processed.obj,H0_body,0.00990978628396988,0.09532979130744934,0.030285421758890152,0.06504436582326889,0.18680384755134583,0.48271480202674866,0.031036142259836197,0.03680000081658363,0.02683333307504654,0.1135045737028122,0.16526666283607483,0.08643333613872528,0.264957994222641,0.406333327293396,0.19656667113304138,0.642738938331604,0.8344333171844482,0.5226666927337646,0.6677466034889221,0.27250000834465027,1.0,0.0,1.0,1.0,0.0,1.0,2.963039769099396e-08,0.0,0.8025133013725281,0.32763805985450745,0.0,0.0,0.0,13.815183639526367,98.73992156982422,0.013069978915154934,0.010698799043893814,0.012973599135875702,0.010923135094344616,0.0,0.02733619697391987,0.06345958262681961,0.42298850417137146,0.03707336634397507,0.08818273991346359,0.3557294011116028,0.02567240595817566,0.06500115245580673,0.5055248737335205,0.030232593417167664,0.06456191837787628,0.38786280155181885,0.03170744702219963,0.10127358138561249,0.41643059253692627,0.05957963690161705,0.1698904037475586,0.30656933784484863
Dorylus_fulvus_CASENT0745678_processed.obj,H0_body,0.0059540895745158195,0.08826424926519394,0.03706095740199089,0.05120329186320305,0.11007826775312424,0.3133794069290161,0.03253648802638054,0.03750000149011612,0.028733333572745323,0.10362325608730316,0.13770000636577606,0.0830666646361351,0.2385503649711609,0.3164333403110504,0.19143334031105042,0.6193675994873047,0.7331333160400391,0.5361666679382324,0.6194126605987549,0.34166666865348816,1.0,0.0,1.0,1.0,0.0,1.0,2.73020432928206e-08,0.0,0.821461021900177,0.3628207743167877,0.0,0.0,0.0,13.234148025512695,87.94116973876953,0.009517291560769081,0.0021622099447995424,0.004927880130708218,0.002292483812198043,0.0,0.0323084332048893,0.0862475037574768,0.3888888955116272,0.026487385854125023,0.05440089479088783,0.3971468210220337,0.03168041259050369,0.0653831735253334,0.3867403566837311,0.057920243591070175,0.08433977514505386,0.0052770450711250305,0.04317667335271835,0.08420823514461517,0.23049189150333405,0.08202987909317017,0.2806965410709381,0.15450121462345123
Eciton_hamatum_CASENT0744580_processed.obj,H0_body,0.0033518613781780005,0.06445631384849548,0.030155424028635025,0.03430088609457016,0.08069873601198196,0.25950896739959717,0.054116588085889816,0.05883333459496498,0.05009999871253967,0.16343048214912415,0.1855333298444748,0.14603333175182343,0.3608282804489136,0.40906667709350586,0.32276666164398193,0.8238226771354675,0.8529333472251892,0.7966333627700806,0.6162018179893494,0.3294999897480011,1.0,0.0,1.0,1.0,0.0,1.0,2.9694508185684754e-08,0.0,0.8045194745063782,0.36480727791786194,0.0,0.0,0.0,14.277440071105957,104.532958984375,0.014406310394406319,0.004587976261973381,0.010642308741807938,0.004746745806187391,0.0,0.03120524436235428,0.09156142920255661,0.41494253277778625,0.026351425796747208,0.049783702939748764,0.34560516476631165,0.016397740691900253,0.036260318011045456,0.6906077861785889,0.026799598708748817,0.05883920192718506,0.4511873424053192,0.039690472185611725,0.09606719017028809,0.2809683382511139,0.06102273613214493,0.18163324892520905,0.2530413568019867
Ectatomma_brunneum_CASENT0744575_processed.obj,H0_body,0.025938209146261215,0.15684440732002258,0.0381903350353241,0.11865406483411789,0.2907017469406128,0.7718077301979065,0.018428662791848183,0.022866666316986084,0.015433333814144135,0.07342614978551865,0.12996666133403778,0.05116666853427887,0.17168289422988892,0.382666677236557,0.1106666699051857,0.3884742856025696,0.7397333383560181,0.26339998841285706,0.5957514643669128,0.36230000853538513,1.0,0.0,1.0,1.0,0.0,1.0,2.277938726535922e-08,0.0,0.8206382989883423,0.33171236515045166,0.0,0.0,0.0,13.29267692565918,92.92414093017578,0.010625469498336315,0.0584273524582386,0.09061779826879501,0.06007370352745056,0.0,0.03902335464954376,0.11764009296894073,0.3896551728248596,0.04421860724687576,0.1109510287642479,0.2659917175769806,0.027993083000183105,0.06600871682167053,0.48342543840408325,0.026048695668578148,0.05144787207245827,0.4010554254055023,0.03882783651351929,0.11595185101032257,0.3741952180862427,0.04877328872680664,0.1376493126153946,0.33698296546936035
Eurhopalothrix_procera_CASENT0745605_processed.obj,H0_body,0.013506055809557438,0.11399652063846588,0.03372811898589134,0.08026840537786484,0.20249901711940765,0.7523339986801147,0.02405550889670849,0.027800001204013824,0.021199999377131462,0.09590592235326767,0.1485999971628189,0.07079999893903732,0.20938393473625183,0.37683334946632385,0.14496666193008423,0.5202097296714783,0.7837666869163513,0.38930001854896545,0.6642743349075317,0.27693334221839905,1.0,0.0,1.0,1.0,0.0,1.0,2.585957226131086e-08,0.0,0.8067108392715454,0.3347913920879364,0.0,0.0,0.0,13.331894874572754,99.1536865234375,0.012711450457572937,0.010567991994321346,0.01910121738910675,0.011126112192869186,0.0,0.031849879771471024,0.08487015962600708,0.4333333373069763,0.03024883382022381,0.06449121981859207,0.3778187036514282,0.03363034129142761,0.06411672383546829,0.31767958402633667,0.021784570068120956,0.04514654725790024,0.546174168586731,0.036066729575395584,0.0953192189335823,0.3808910846710205,0.11462632566690445,0.3158125579357147,0.24939171969890594
Heteroponera_panamensis_CASENT0744055_processed.obj,H0_body,0.024584146216511726,0.15863573551177979,0.03324537351727486,0.12539036571979523,0.2738972306251526,0.44361287355422974,0.017511311918497086,0.02250000089406967,0.014333333820104599,0.06287013739347458,0.12646666169166565,0.04183333367109299,0.1450861394405365,0.38046666979789734,0.08963333070278168,0.3504306674003601,0.7914666533470154,0.22503334283828735,0.5489329099655151,0.4677000045776367,1.0,0.0,1.0,1.0,0.0,1.0,2.424225975516947e-08,0.0,0.7721680998802185,0.25821489095687866,0.0,0.0,0.0,13.044161796569824,95.1095199584961,0.011146964505314827,0.02309347316622734,0.04167928174138069,0.024880219250917435,0.0,0.028462359681725502,0.0707625150680542,0.4528735876083374,0.04349938780069351,0.11499440670013428,0.2968246638774872,0.0370490700006485,0.07418607920408249,0.295580118894577,0.03104943223297596,0.0680592805147171,0.448548823595047,0.0375245101749897,0.08840581029653549,0.30697914958000183,0.03179550543427467,0.076347716152668,0.356447696685791
Labidus_praedator_CASENT0744236_processed.obj,H0_body,0.016333872452378273,0.09181016683578491,0.024660538882017136,0.06714963167905807,0.3324539363384247,0.7698577046394348,0.07212543487548828,0.07810000330209732,0.06700000166893005,0.21168312430381775,0.2504666745662689,0.18330000340938568,0.43213164806365967,0.5199333429336548,0.36970001459121704,0.7805014252662659,0.9032333493232727,0.6871333122253418,0.7383129000663757,0.263866662979126,1.0,0.0,1.0,1.0,0.0,1.0,2.8741597546400044e-08,0.0,0.8112702965736389,0.3510124087333679,0.0,0.0,0.0,13.422432899475098,99.33167266845703,0.013624067418277264,0.01176794245839119,0.017558211460709572,0.013084015808999538,0.0,0.020561184734106064,0.049436599016189575,0.5862069129943848,0.03221440687775612,0.06864058971405029,0.33225956559181213,0.02820696122944355,0.056003034114837646,0.37016576528549194,0.020755089819431305,0.04491379112005234,0.5171504020690918,0.02664155885577202,0.07373784482479095,0.5207313895225525,0.09619932621717453,0.31032466888427734,0.1082725077867508
Labidus_praedator_CASENT0744237_processed.obj,H0_body,0.013492765836417675,0.09720055758953094,0.025537926703691483,0.07166263461112976,0.25226491689682007,0.5653910636901855,0.04709082096815109,0.056700002402067184,0.04026666656136513,0.16008180379867554,0.24240000545978546,0.11950000375509262,0.32554560899734497,0.510200023651123,0.23903334140777588,0.6692965030670166,0.883566677570343,0.5386666655540466,0.6477412581443787,0.28433334827423096,1.0,0.0,1.0,1.0,0.0,1.0,3.23638076338284e-08,0.0,0.7841095924377441,0.2690417170524597,0.0,0.0,0.0,13.372838020324707,101.09819030761719,0.013167759403586388,0.01284585427492857,0.026754098013043404,0.013697289861738682,0.0,0.017126617953181267,0.039752595126628876,0.6789272427558899,0.03176700323820114,0.07388446480035782,0.36033135652542114,0.03704893961548805,0.09223825484514236,0.41988950967788696,0.025604762136936188,0.05807311460375786,0.5145118832588196,0.03674430400133133,0.08230680972337723,0.3407159447669983,0.05295826122164726,0.16287484765052795,0.27858880162239075
Lasius_nr._fuliginosus_CASENT0878037_processed.obj,H0_body,0.003951037302613258,0.06222425773739815,0.023394625633955002,0.038829632103443146,0.10367175936698914,0.3916127681732178,0.06599313020706177,0.07326667010784149,0.06003333255648613,0.21423156559467316,0.27489998936653137,0.17550000548362732,0.45821312069892883,0.5798333287239075,0.3787666857242584,0.8063437938690186,0.8953999876976013,0.7333999872207642,0.7400848865509033,0.2076999992132187,1.0,0.0,1.0,1.0,0.0,1.0,2.7162169402572545e-08,0.0,0.8263678550720215,0.3426605761051178,0.0,0.0,0.0,13.305668830871582,104.75562286376953,0.014732245355844498,0.018203074112534523,0.02919556386768818,0.01852046698331833,0.0,0.018633462488651276,0.043127283453941345,0.636781632900238,0.02391207031905651,0.07083553075790405,0.6254026889801025,0.01571209542453289,0.032147366553545,0.7265193462371826,0.021998288109898567,0.05560038238763809,0.6174142956733704,0.031722649931907654,0.08799295127391815,0.45531806349754333,0.04390399158000946,0.10899562388658524,0.2019464671611786
Lioponera_daikoku_OKENT0105067_processed.obj,H0_body,0.022232284769415855,0.15706750750541687,0.04725191742181778,0.10981559008359909,0.2462456077337265,0.462090402841568,0.012578007765114307,0.014866666868329048,0.010900000110268593,0.05277400091290474,0.08793333172798157,0.037700001150369644,0.1347523182630539,0.2833000123500824,0.08839999884366989,0.3621203303337097,0.643833339214325,0.2519000172615051,0.5894976854324341,0.3510666787624359,1.0,0.0,1.0,1.0,0.0,1.0,2.4956205990633862e-08,0.0,0.7945168018341064,0.32515254616737366,0.0,0.0,0.0,13.64670181274414,96.5069580078125,0.012092174962162971,0.07768518477678299,0.11716874688863754,0.08069242537021637,0.0,0.042061541229486465,0.10601852089166641,0.31149426102638245,0.03387295454740524,0.0775800570845604,0.3552692234516144,0.04059608653187752,0.10678763687610626,0.30662983655929565,0.03114103153347969,0.06752683222293854,0.3641161024570465,0.05682266876101494,0.11965139210224152,0.1869688481092453,0.11564155668020248,0.29475075006484985,0.2238442748785019
Mayriella_sp._CASENT0745610_processed.obj,H0_body,0.012323149479925632,0.11082726716995239,0.029455961659550667,0.08137130737304688,0.18911948800086975,0.4950173497200012,0.025479622185230255,0.031700000166893005,0.021300001069903374,0.09178727120161057,0.16243334114551544,0.06396666914224625,0.21462875604629517,0.4607333242893219,0.13989999890327454,0.5087387561798096,0.8410000205039978,0.3646666705608368,0.5929884910583496,0.44359999895095825,1.0,0.0,1.0,1.0,0.0,1.0,2.657935382899268e-08,0.0,0.8070142865180969,0.3385920226573944,0.0,0.0,0.0,13.37606143951416,92.53101348876953,0.010690655559301376,0.008493673987686634,0.017502760514616966,0.008239741437137127,0.0,0.028937552124261856,0.07717330008745193,0.5072796940803528,0.03681709244847298,0.10476838797330856,0.37689828872680664,0.02652784250676632,0.08865804970264435,0.541436493396759,0.02228952944278717,0.04447856917977333,0.5171504020690918,0.027756040915846825,0.06600364297628403,0.4390935003757477,0.0703844502568245,0.24587999284267426,0.35158151388168335
Mesoponera_ambigua_CASENT0745584_processed.obj,H0_body,0.021832432597875595,0.137547567486763,0.028775058686733246,0.10877250880002975,0.28785717487335205,0.5776922106742859,0.02449328824877739,0.030566666275262833,0.02043333277106285,0.08952987194061279,0.15970000624656677,0.06220000237226486,0.19389218091964722,0.4291999936103821,0.12523333728313446,0.43262773752212524,0.8504666686058044,0.29010000824928284,0.5893009901046753,0.44510000944137573,1.0,0.0,1.0,1.0,0.0,1.0,2.3295179119031673e-08,0.0,0.8018193244934082,0.30349743366241455,0.0,0.0,0.0,13.54061222076416,93.80220794677734,0.011212151497602463,0.0187850221991539,0.039264027029275894,0.018534397706389427,0.0,0.02511710114777088,0.06912972033023834,0.5233716368675232,0.02954239957034588,0.05950084328651428,0.3230556845664978,0.027894480153918266,0.05402107164263725,0.35082873702049255,0.03509977087378502,0.0683482214808464,0.26385223865509033,0.032098136842250824,0.0765945315361023,0.387844443321228,0.04525373503565788,0.11389899998903275,0.2956204414367676
Myrmecina_ryukyuensis_OKENT0105085_processed.obj,H0_body,0.004918031860142946,0.07337292283773422,0.027881113812327385,0.04549180716276169,0.11484028398990631,0.35105082392692566,0.03693166747689247,0.040800001472234726,0.03373333439230919,0.12922410666942596,0.17033334076404572,0.10410000383853912,0.30341383814811707,0.4207000136375427,0.2372666746377945,0.7841461300849915,0.8935666680335999,0.6985999941825867,0.7182735800743103,0.25620001554489136,1.0,0.0,1.0,1.0,0.0,1.0,2.830157086464169e-08,0.0,0.8056724071502686,0.3473370373249054,0.0,0.0,0.0,13.21410083770752,89.15494537353516,0.00968025904148817,0.009546682238578796,0.023991534486413002,0.009982337243855,0.0,0.0258121769875288,0.050998102873563766,0.39003831148147583,0.03095499612390995,0.06094437837600708,0.3704555928707123,0.030672704800963402,0.09586881101131439,0.4917127192020416,0.02439628355205059,0.056235041469335556,0.5039578080177307,0.028743458911776543,0.09259776771068573,0.5243368744850159,0.10112589597702026,0.22593729197978973,0.14720194041728973
Myrmecina_sp._CASENT0745613_processed.obj,H0_body,0.01477598212659359,0.11386698484420776,0.027637377381324768,0.086229607462883,0.2248743176460266,0.6506685018539429,0.03239215537905693,0.03933333232998848,0.027533333748579025,0.11118507385253906,0.19089999794960022,0.0784333348274231,0.24825367331504822,0.4854666590690613,0.1667666733264923,0.5272854566574097,0.8489333391189575,0.3824000060558319,0.6474354267120361,0.39516666531562805,1.0,0.0,1.0,1.0,0.0,1.0,2.9073808249791e-08,0.0,0.7874352931976318,0.30662572383880615,0.0,0.0,0.0,13.492622375488281,94.15369415283203,0.011277338489890099,0.0031457890290766954,0.011559393256902695,0.003260587342083454,0.0,0.025384027510881424,0.06095714122056961,0.5015325546264648,0.027489235624670982,0.06681752949953079,0.4864242970943451,0.01965583860874176,0.05861324071884155,0.6795580387115479,0.026097403839230537,0.05165150389075279,0.37730872631073,0.03201236203312874,0.08593670278787613,0.440896213054657,0.04465772956609726,0.21229392290115356,0.510948896408081
Nesomyrmex_angulatus_CASENT0744820_processed.obj,H0_body,0.013157444074749947,0.12074057757854462,0.03131897374987602,0.0894216001033783,0.2036469578742981,0.31789302825927734,0.02528725564479828,0.03139999881386757,0.021166667342185974,0.08800109475851059,0.16040000319480896,0.060633335262537,0.18814894556999207,0.4167666733264923,0.12150000035762787,0.4438473880290985,0.80840003490448,0.3059000074863434,0.5983154773712158,0.43886667490005493,1.0,0.0,1.0,1.0,0.0,1.0,2.7374895239518082e-08,0.0,0.779948890209198,0.2966768443584442,0.0,0.0,0.0,13.582700729370117,100.62190246582031,0.013265539892017841,0.004515385255217552,0.010006560944020748,0.00449976185336709,0.0,0.034008339047431946,0.08576063811779022,0.4000000059604645,0.02621406689286232,0.058167923241853714,0.4385642111301422,0.033546000719070435,0.06932323426008224,0.28176796436309814,0.024386988952755928,0.04886096715927124,0.4459103047847748,0.029049834236502647,0.0690292939543724,0.4081895649433136,0.031203990802168846,0.0649321973323822,0.40267640352249146
Odontomachus_troglodytes_CASENT0744970_processed.obj,H0_body,0.004861325956881046,0.06759241223335266,0.025242501869797707,0.042349908500909805,0.11855572462081909,0.37736502289772034,0.06842286139726639,0.07653333246707916,0.06186666712164879,0.20901133120059967,0.2590666711330414,0.17516666650772095,0.4308435618877411,0.5563666820526123,0.35153332352638245,0.7900944352149963,0.9027000069618225,0.7024666666984558,0.7167303562164307,0.23116667568683624,1.0,0.0,1.0,1.0,0.0,1.0,2.6777509987141457e-08,0.0,0.82028728723526,0.38598012924194336,0.0,0.0,0.0,13.466262817382812,90.80281066894531,0.010169160552322865,0.01687115989625454,0.046936847269535065,0.02080240286886692,0.0,0.019491957500576973,0.04448565095663071,0.6003831624984741,0.016321226954460144,0.04170388728380203,0.704095721244812,0.014702385291457176,0.025675317272543907,0.7679558396339417,0.018954576924443245,0.043558504432439804,0.6121371984481812,0.04854770749807358,0.15513812005519867,0.2565027177333832,0.061194710433483124,0.1714131385087967,0.24452555179595947
Oxyopomyrmex_saulcyi_CASENT0745218_processed.obj,H0_body,0.008543216623365879,0.09108201414346695,0.02640332467854023,0.06467869132757187,0.17869073152542114,0.40430334210395813,0.03093908727169037,0.03646666556596756,0.026866666972637177,0.12026025354862213,0.18226666748523712,0.08973333239555359,0.2829401195049286,0.474866658449173,0.20149999856948853,0.6400887966156006,0.90829998254776,0.49416667222976685,0.653181791305542,0.38989999890327454,1.0,0.0,1.0,1.0,0.0,1.0,2.4315108149153275e-08,0.0,0.8224735260009766,0.35992395877838135,0.0,0.0,0.0,13.000571250915527,85.83126068115234,0.008898015134036541,0.009656311012804508,0.01789463311433792,0.010687621310353279,0.0,0.021357625722885132,0.0476263090968132,0.5517241358757019,0.023011740297079086,0.0499601885676384,0.49056604504585266,0.026695020496845245,0.06645391881465912,0.45303869247436523,0.03539915010333061,0.06886795908212662,0.28496044874191284,0.03512275591492653,0.07996074855327606,0.3141900599002838,0.12748587131500244,0.33443883061408997,0.22627736628055573
Polyrhachis_decemdentata_CASENT0744779_processed.obj,H0_body,0.011852724477648735,0.10476028919219971,0.030917320400476456,0.07384297251701355,0.1780497282743454,0.6330503225326538,0.030539683997631073,0.03700000047683716,0.026000000536441803,0.11202635616064072,0.17960000038146973,0.08139999955892563,0.24553297460079193,0.4246000051498413,0.17270000278949738,0.5645512342453003,0.8045666813850403,0.4348333477973938,0.6115445494651794,0.3813000023365021,1.0,0.0,1.0,1.0,0.0,1.0,2.9653710598154248e-08,0.0,0.7887307405471802,0.2731550931930542,0.0,0.0,0.0,13.5526704788208,98.19212341308594,0.012841824442148209,0.013643586076796055,0.019381238147616386,0.01984572410583496,0.0,0.026051906868815422,0.07061104476451874,0.5195402503013611,0.03952455893158913,0.08181193470954895,0.2627703547477722,0.04021802917122841,0.07781427353620529,0.2596685290336609,0.024193888530135155,0.057905592024326324,0.5039578080177307,0.030358053743839264,0.07913891971111298,0.3996909558773041,0.044693443924188614,0.1566440761089325,0.4939172565937042
Polyrhachis_dives_CASENT0878093_processed.obj,H0_body,0.023996060714125633,0.14696520566940308,0.030791496858000755,0.11617371439933777,0.31022608280181885,0.5340166091918945,0.017701296135783195,0.022166667506098747,0.014733333140611649,0.06951068341732025,0.13003332912921906,0.047433335334062576,0.1743396669626236,0.42543333768844604,0.10963333398103714,0.4101506173610687,0.8161333203315735,0.27390000224113464,0.6228822469711304,0.39239999651908875,1.0,0.0,1.0,1.0,0.0,1.0,2.7704189164978743e-08,0.0,0.7799777388572693,0.2526959776878357,0.0,0.0,0.0,13.442485809326172,102.75572204589844,0.01329813338816166,0.016970917582511902,0.020000524818897247,0.01783146522939205,0.0,0.0322844572365284,0.07752126455307007,0.4042145609855652,0.036494381725788116,0.09254641830921173,0.35849058628082275,0.03221450001001358,0.09146657586097717,0.430939257144928,0.026146449148654938,0.058446843177080154,0.43799474835395813,0.02633426897227764,0.06203513219952583,0.4303373694419861,0.05083148926496506,0.1569904237985611,0.19829683005809784
Ponera_kohmoku_OKENT0105440_processed.obj,H0_body,0.007000095210969448,0.08682485669851303,0.029646748676896095,0.057178109884262085,0.1337752789258957,0.3893159031867981,0.03923632204532623,0.046133335679769516,0.03413333371281624,0.13605593144893646,0.1959666758775711,0.10419999808073044,0.2863251864910126,0.43400001525878906,0.21363332867622375,0.6438174843788147,0.8555333614349365,0.5160999894142151,0.6124821305274963,0.3472333252429962,1.0,0.0,1.0,1.0,0.0,1.0,2.6832879029825563e-08,0.0,0.8003221750259399,0.34562984108924866,0.0,0.0,0.0,13.473343849182129,93.53559112548828,0.011342525482177734,0.0021579251624643803,0.0048545659519732,0.002280445536598563,0.0,0.023585302755236626,0.06039396673440933,0.540613055229187,0.027063822373747826,0.06380876898765564,0.41601473093032837,0.021710991859436035,0.049810659140348434,0.5580110549926758,0.03257712721824646,0.0564488023519516,0.17678101360797882,0.03154430165886879,0.07887669652700424,0.4159155488014221,0.11657053977251053,0.2678470313549042,0.05352798104286194
Ponera_tamon_OKENT0105154_processed.obj,H0_body,0.0035761832259595394,0.05733443424105644,0.021552957594394684,0.03578147664666176,0.11117440462112427,0.25220930576324463,0.08005908876657486,0.09099999815225601,0.07146666944026947,0.24699153006076813,0.32249999046325684,0.2001333385705948,0.5100654363632202,0.6486666798591614,0.42026665806770325,0.842285692691803,0.9210000038146973,0.7759667038917542,0.7102810144424438,0.27303335070610046,1.0,0.0,1.0,1.0,0.0,1.0,2.984603852951295e-08,0.0,0.8060072660446167,0.35761794447898865,0.0,0.0,0.0,13.448671340942383,97.72770690917969,0.012646263465285301,0.013382067903876305,0.017272859811782837,0.014053073711693287,0.0,0.01658150739967823,0.04426107928156853,0.7095785737037659,0.015362793579697609,0.033711254596710205,0.7399908304214478,0.00954817607998848,0.018946263939142227,0.9640884399414062,0.019772762432694435,0.0485786534845829,0.6358839273452759,0.032802145928144455,0.09399739652872086,0.45248520374298096,0.1132546216249466,0.22013801336288452,0.09124087542295456
Pseudolasius_sp._CASENT0878065_processed.obj,H0_body,0.02338545210659504,0.13863950967788696,0.03357931226491928,0.10506018996238708,0.34884005784988403,0.551127552986145,0.022670278325676918,0.0274666678160429,0.019300000742077827,0.0859726071357727,0.14000000059604645,0.062033332884311676,0.20572006702423096,0.3877333402633667,0.14000000059604645,0.5000134706497192,0.8031666874885559,0.3630000054836273,0.6681138277053833,0.32269999384880066,1.0,0.0,1.0,1.0,0.0,1.0,2.4111120211500747e-08,0.0,0.8250775933265686,0.2973383069038391,0.0,0.0,0.0,13.168667793273926,97.27783966064453,0.012059581466019154,0.045833006501197815,0.051813747733831406,0.050697680562734604,0.0,0.03350083529949188,0.0851120799779892,0.3739463686943054,0.03287232294678688,0.0757722482085228,0.33225956559181213,0.027044760063290596,0.0774218961596489,0.4917127192020416,0.02172815427184105,0.04412854462862015,0.5620052814483643,0.03327633813023567,0.08754384517669678,0.3819212019443512,0.08471642434597015,0.28626522421836853,0.12043795734643936
Pseudomyrmex_cf.solis_CASENT0744065_processed.obj,H0_body,0.005554452072829008,0.06889238953590393,0.02362440899014473,0.0452679768204689,0.13859297335147858,0.4036136269569397,0.07279078662395477,0.0798666700720787,0.0668666660785675,0.22374504804611206,0.27570000290870667,0.18826666474342346,0.43855810165405273,0.5460333228111267,0.36643335223197937,0.7828161120414734,0.891966700553894,0.6974666714668274,0.726256251335144,0.2799000144004822,1.0,0.0,1.0,1.0,0.0,1.0,2.9808152390842224e-08,0.0,0.7974896430969238,0.35689082741737366,0.0,0.0,0.0,13.192763328552246,97.33335876464844,0.012548482976853848,0.0014340378111228347,0.0030421228148043156,0.0015242317458614707,0.0,0.015932954847812653,0.037487540394067764,0.7084291577339172,0.029377929866313934,0.06218395754694939,0.37229636311531067,0.025574294850230217,0.06120415776968002,0.48342543840408325,0.02359854429960251,0.045156076550483704,0.40633246302604675,0.03198898956179619,0.07496122270822525,0.4089621603488922,0.05213555693626404,0.11042968183755875,0.24452555179595947
Solenopsis_invicta_CASENT0744384_processed.obj,H0_body,0.014259093441069126,0.11243685334920883,0.030359819531440735,0.0820770338177681,0.2112414836883545,0.737843930721283,0.0220749881118536,0.026466667652130127,0.018933333456516266,0.08880867809057236,0.15336667001247406,0.0625,0.21254773437976837,0.4510333240032196,0.13903333246707916,0.5218854546546936,0.8426333665847778,0.3779999911785126,0.5264011025428772,0.513866662979126,1.0,0.0,1.0,1.0,0.0,1.0,2.6937781782976344e-08,0.0,0.8092933893203735,0.31545490026474,0.0,0.0,0.0,13.49051570892334,90.48126220703125,0.010201754048466682,0.02006467618048191,0.030638299882411957,0.025379564613103867,0.0,0.022939268499612808,0.0532270111143589,0.5390805006027222,0.03444710373878479,0.07872741669416428,0.33179935812950134,0.03546671196818352,0.06645798683166504,0.28176796436309814,0.025208769366145134,0.049737896770238876,0.3957783877849579,0.038212087005376816,0.11100444197654724,0.39299511909484863,0.10947098582983017,0.33594030141830444,0.2980535328388214
Stigmatomma_FHG02_CASENT0745561_processed.obj,H0_body,0.02173479087650776,0.1254206895828247,0.027132056653499603,0.0982886329293251,0.2813679277896881,0.6853576898574829,0.028192413970828056,0.034433335065841675,0.023866666480898857,0.10376981645822525,0.17416666448116302,0.0738999992609024,0.2564813494682312,0.47306665778160095,0.1759333312511444,0.5759701728820801,0.8806000351905823,0.42793333530426025,0.6572380065917969,0.3151666820049286,1.0,0.0,1.0,1.0,0.0,1.0,2.6168468281184687e-08,0.0,0.7909082174301147,0.3041752278804779,0.0,0.0,0.0,13.181476593017578,98.55628967285156,0.012744043953716755,0.02605484426021576,0.03587896004319191,0.027831878513097763,0.0,0.02943176031112671,0.08306492120027542,0.4555555582046509,0.022949542850255966,0.04989286884665489,0.5085135698318481,0.020960502326488495,0.0390503890812397,0.49723759293556213,0.024531684815883636,0.058109916746616364,0.559366762638092,0.030082350596785545,0.07211078703403473,0.422868937253952,0.01970781199634075,0.038904257118701935,0.6021897792816162
Strumigenys_alberti_CASENT0878103_processed.obj,H0_body,0.022634007036685944,0.14393821358680725,0.03142210841178894,0.11251611262559891,0.293269544839859,0.4802170991897583,0.019585005939006805,0.02566666714847088,0.015833333134651184,0.07184620946645737,0.13536666333675385,0.048900000751018524,0.1757315695285797,0.3894333243370056,0.11346666514873505,0.44864198565483093,0.8113999962806702,0.3100333511829376,0.5578478574752808,0.4318999946117401,1.0,0.0,1.0,1.0,0.0,1.0,2.9918890476210436e-08,0.0,0.7885947227478027,0.26988595724105835,0.0,0.0,0.0,13.517045021057129,102.71795654296875,0.014047782868146896,0.008434295654296875,0.015163117088377476,0.009437520056962967,0.0,0.03281203284859657,0.07842795550823212,0.3850574791431427,0.034059807658195496,0.08781025558710098,0.33225956559181213,0.024693841114640236,0.078556127846241,0.5469613671302795,0.04447780176997185,0.07186299562454224,0.023746702820062637,0.0326167531311512,0.08450320363044739,0.36672675609588623,0.03421609476208687,0.07182114571332932,0.2846715450286865
Strumigenys_canina_OKENT0105288_processed.obj,H0_body,0.00750021543353796,0.0856580138206482,0.02551697939634323,0.06014103814959526,0.1597069501876831,0.5259376168251038,0.036122485995292664,0.04163333401083946,0.03189999982714653,0.13920244574546814,0.20053333044052124,0.10660000145435333,0.30811789631843567,0.490200012922287,0.22466666996479034,0.679099440574646,0.9082000255584717,0.5422999858856201,0.7154396176338196,0.33383333683013916,1.0,0.0,1.0,1.0,0.0,1.0,2.7176740857726145e-08,0.0,0.8068646788597107,0.3307076692581177,0.0,0.0,0.0,13.162273406982422,86.72372436523438,0.009191356599330902,0.0020568538457155228,0.003478012513369322,0.0022802059538662434,0.0,0.023136690258979797,0.05199946090579033,0.5145593881607056,0.02106955461204052,0.05302198976278305,0.612517237663269,0.02278982661664486,0.06386537104845047,0.5552486181259155,0.01896010898053646,0.04523320868611336,0.6226913332939148,0.03000289388000965,0.07933279871940613,0.42801958322525024,0.09464451670646667,0.29675593972206116,0.11800486594438553
Strumigenys_crassicornis_CASENT0744273_processed.obj,H0_body,0.01462858822196722,0.11785192042589188,0.028967345133423805,0.08888457715511322,0.21479205787181854,0.559987485408783,0.022922050207853317,0.02773333340883255,0.01953333429992199,0.08254561573266983,0.15363334119319916,0.056433334946632385,0.19572120904922485,0.43070000410079956,0.12663333117961884,0.4897114336490631,0.8510000109672546,0.3437666594982147,0.6451459527015686,0.31369999051094055,1.0,0.0,1.0,1.0,0.0,1.0,2.7599282859114282e-08,0.0,0.791432797908783,0.2587835490703583,0.0,0.0,0.0,13.447561264038086,95.81898498535156,0.011733646504580975,0.007314922753721476,0.018295470625162125,0.007595785893499851,0.0,0.02926362119615078,0.07379402965307236,0.4494253098964691,0.036259446293115616,0.07319454103708267,0.2742752134799957,0.0226318147033453,0.062209028750658035,0.5745856761932373,0.02536398358643055,0.05370980128645897,0.4459103047847748,0.028885141015052795,0.0765833929181099,0.4434715509414673,0.051615286618471146,0.13739605247974396,0.25790753960609436
Strumigenys_sp._appretiata_group_CASENT0744156_processed.obj,H0_body,0.005569398403167725,0.0815356895327568,0.03139791265130043,0.050137776881456375,0.11787917464971542,0.354665607213974,0.032870519906282425,0.037933334708213806,0.029000001028180122,0.1200627014040947,0.16760000586509705,0.09353333711624146,0.27837231755256653,0.4057333469390869,0.21186666190624237,0.6695114374160767,0.8075667023658752,0.5717666745185852,0.6807020902633667,0.3072666823863983,1.0,0.0,1.0,1.0,0.0,1.0,2.756431349837385e-08,0.0,0.8173755407333374,0.35955873131752014,0.0,0.0,0.0,13.200235366821289,93.07718658447266,0.010723249055445194,0.005176680162549019,0.019210783764719963,0.005360046401619911,0.0,0.03010975942015648,0.0693446695804596,0.37892720103263855,0.03410768508911133,0.07289852201938629,0.384721577167511,0.01785038411617279,0.04570925608277321,0.6795580387115479,0.021724112331867218,0.05206990987062454,0.5778364539146423,0.030238918960094452,0.09488089382648468,0.5233067274093628,0.1290811151266098,0.33133837580680847,0.07542578876018524
Strumigenys_stenorhina_OKENT0105268_processed.obj,H0_body,0.004659234546124935,0.05904107913374901,0.023549694567918777,0.03549138456583023,0.10591889172792435,0.3940775394439697,0.07735371589660645,0.08510000258684158,0.07090000063180923,0.23850588500499725,0.2804666757583618,0.20746666193008423,0.4923524558544159,0.5684333443641663,0.43423333764076233,0.8729358315467834,0.9298333525657654,0.8226000070571899,0.6925139427185059,0.29873332381248474,1.0,0.0,1.0,1.0,0.0,1.0,3.0265667305684474e-08,0.0,0.8081309199333191,0.3230264186859131,0.0,0.0,0.0,13.291297912597656,95.7130355834961,0.012157361954450607,0.007716805208474398,0.014095609076321125,0.008111256174743176,0.0,0.018594441935420036,0.04942638799548149,0.6528735756874084,0.022279830649495125,0.04660509526729584,0.468936949968338,0.017513729631900787,0.057265520095825195,0.6906077861785889,0.013055164366960526,0.023250937461853027,0.8601583242416382,0.03193921595811844,0.09950333833694458,0.4566057324409485,0.14115950465202332,0.36250367760658264,0.13381995260715485
Syllophopsis_sechellensis_OKENT0105212_processed.obj,H0_body,0.006144294980913401,0.07027652114629745,0.026723047718405724,0.04355347156524658,0.15262429416179657,0.49289506673812866,0.07466820627450943,0.08186666667461395,0.06863333284854889,0.22570955753326416,0.2721000015735626,0.1928333342075348,0.46641072630882263,0.555400013923645,0.4020000100135803,0.7959532737731934,0.8864333629608154,0.7222333550453186,0.7219200730323792,0.24246667325496674,1.0,0.0,1.0,1.0,0.0,1.0,3.0213211488216984e-08,0.0,0.8036779165267944,0.3539746105670929,0.0,0.0,0.0,13.485818862915039,96.22000885009766,0.012320329435169697,0.056851569563150406,0.07473074644804001,0.06034424155950546,0.0,0.019386813044548035,0.05242022126913071,0.6157088279724121,0.01702147349715233,0.03687391057610512,0.6866083741188049,0.013285626657307148,0.03606678918004036,0.8176795840263367,0.01852298714220524,0.04110442101955414,0.6306068897247314,0.04626483842730522,0.1457590013742447,0.2503219246864319,0.15060032904148102,0.40219175815582275,0.08759123831987381
Temnothorax_congruus_OKENT0105443_processed.obj,H0_body,0.006376098841428757,0.08899834752082825,0.03928414732217789,0.04971420392394066,0.10855373740196228,0.3551793098449707,0.0344308540225029,0.03786666691303253,0.031566668301820755,0.12223415821790695,0.15516667068004608,0.10083333402872086,0.27324026823043823,0.35446667671203613,0.22230000793933868,0.6293733716011047,0.7128999829292297,0.5633666515350342,0.6287075877189636,0.32766667008399963,1.0,0.0,1.0,1.0,0.0,1.0,2.7042689865197644e-08,0.0,0.8315325975418091,0.3944719135761261,0.0,0.0,0.0,13.198614120483398,86.76323699951172,0.008995795622467995,0.004824982024729252,0.009918558411300182,0.004936284385621548,0.0,0.030532486736774445,0.0846078172326088,0.47471264004707336,0.03415204957127571,0.07534175366163254,0.3092498779296875,0.01926390826702118,0.04004395753145218,0.591160237789154,0.01805219054222107,0.0355449914932251,0.6411609649658203,0.04602634161710739,0.13536404073238373,0.28302860260009766,0.15243932604789734,0.31354665756225586,0.04866179823875427
Temnothorax_sp._OKENT0105336_processed.obj,H0_body,0.007669324986636639,0.08798415958881378,0.026678789407014847,0.061305370181798935,0.1665162593126297,0.3667435050010681,0.03491703048348427,0.04163333401083946,0.03006666712462902,0.1260037124156952,0.2032666653394699,0.09130000323057175,0.2884444296360016,0.49650001525878906,0.2032666653394699,0.6601570248603821,0.8780666589736938,0.5289000272750854,0.5859465003013611,0.4455333352088928,1.0,0.0,1.0,1.0,0.0,1.0,2.7919828227140897e-08,0.0,0.820722758769989,0.3706674575805664,0.0,0.0,0.0,13.540932655334473,95.15432739257812,0.01157067995518446,0.01536676473915577,0.017811760306358337,0.01706738956272602,0.0,0.025252709165215492,0.06540171802043915,0.4881226122379303,0.021235402673482895,0.04332122206687927,0.523699939250946,0.017038941383361816,0.03612766042351723,0.6988950371742249,0.019176693633198738,0.03642585128545761,0.5910290479660034,0.040413763374090195,0.11180200427770615,0.36904457211494446,0.07484911382198334,0.21267949044704437,0.23479318618774414
Tetramorium_kraepelini_CASENT0744084_processed.obj,H0_body,0.007321898825466633,0.08870130777359009,0.02859119325876236,0.06011011078953743,0.15174001455307007,0.3550504148006439,0.027721140533685684,0.03293333202600479,0.02393333427608013,0.1080426499247551,0.17243333160877228,0.07866666465997696,0.26535511016845703,0.4783666729927063,0.18360000848770142,0.65311199426651,0.8604333400726318,0.5263000130653381,0.6429211497306824,0.47896668314933777,1.0,0.0,1.0,1.0,0.0,1.0,2.6716314494024118e-08,0.0,0.8175666332244873,0.37264177203178406,0.0,0.0,0.0,13.171175003051758,87.6964111328125,0.009582478553056717,0.0067939599975943565,0.02454664185643196,0.007103464566171169,0.0,0.024754412472248077,0.06183977052569389,0.5298850536346436,0.020808491855859756,0.03802242502570152,0.4666360020637512,0.0319555401802063,0.0811925008893013,0.4033149182796478,0.02550775744020939,0.04963956028223038,0.4116095304489136,0.03184280917048454,0.0876733586192131,0.45094001293182373,0.12175396829843521,0.25660306215286255,0.05596106871962547
Acanthostichus_aff.brevicornis_CASENT0744328_processed.obj,H1_legs,0.005349896848201752,0.07686564326286316,0.029309134930372238,0.04755650460720062,0.11597595363855362,0.4163576364517212,0.051415324211120605,0.05860000103712082,0.04580000042915344,0.1572873592376709,0.2037000060081482,0.12810000777244568,0.33123528957366943,0.43986666202545166,0.26563334465026855,0.7135587930679321,0.847266674041748,0.6162999868392944,0.6549105644226074,0.23766666650772095,1.0,0.0,1.0,1.0,0.0,1.0,2.2505462382582664e-08,0.0,0.8420725464820862,0.4080476462841034,0.0,0.0,0.0,12.949871063232422,79.79672241210938,0.007235748693346977,0.0028316916432231665,0.005918102338910103,0.002887929789721966,0.0,0.0299603883177042,0.07297507673501968,0.42720308899879456,0.028853941708803177,0.07067926973104477,0.38702255487442017,0.027581805363297462,0.0626310184597969,0.4723757207393646,0.029682638123631477,0.06652701646089554,0.47493404150009155,0.024227093905210495,0.06355223059654236,0.5395312905311584,0.064112089574337,0.3326696455478668,0.5985401272773743
Acromyrmex_coronatus_CASENT0744365_processed.obj,H1_legs,0.005310450680553913,0.07454592734575272,0.027178015559911728,0.04736791178584099,0.13151052594184875,0.30555203557014465,0.04690220579504967,0.05310000106692314,0.041999999433755875,0.16466735303401947,0.22086666524410248,0.13126666843891144,0.3604770302772522,0.4975000023841858,0.28263333439826965,0.74064701795578,0.8695999979972839,0.6449999809265137,0.6540587544441223,0.272433340549469,1.0,0.0,1.0,1.0,0.0,1.0,1.9151354280211308e-08,0.0,0.8150431513786316,0.30836740136146545,0.0,0.0,0.0,12.896703720092773,81.88832092285156,0.0076920571736991405,0.05212942138314247,0.0730808675289154,0.058629631996154785,0.0,0.025533851236104965,0.0572797991335392,0.4482758641242981,0.035812534391880035,0.09381979703903198,0.3359411060810089,0.07071873545646667,0.13304762542247772,0.06629834324121475,0.03490890562534332,0.062148090451955795,0.208443284034729,0.024076519533991814,0.08168398588895798,0.6018542647361755,0.012014555744826794,0.03227679058909416,0.8953770995140076
Acromyrmex_lobicornis_CASENT0878007_processed.obj,H1_legs,0.00940775778144598,0.10879772901535034,0.037280257791280746,0.0715174674987793,0.15257544815540314,0.3238404095172882,0.02081223577260971,0.024299999698996544,0.018200000748038292,0.07876690477132797,0.1305333375930786,0.05640000104904175,0.1864035576581955,0.3530333340167999,0.12663333117961884,0.5018969774246216,0.7430000305175781,0.3789333403110504,0.596200704574585,0.3368000090122223,1.0,0.0,1.0,1.0,0.0,1.0,2.079489647144328e-08,0.0,0.8295626044273376,0.345573365688324,0.0,0.0,0.0,13.18717098236084,87.87689208984375,0.009289137087762356,0.025469038635492325,0.03230580687522888,0.02693423256278038,0.0,0.0432446263730526,0.09688451141119003,0.2421455979347229,0.040338244289159775,0.09906845539808273,0.2793373167514801,0.0378519669175148,0.10023651272058487,0.2596685290336609,0.06226545572280884,0.10068125277757645,0.09234829246997833,0.026068901643157005,0.0762537494301796,0.5578161478042603,0.01670810766518116,0.038792431354522705,0.7542579174041748
Anochetus_risii_CASENT0877608_processed.obj,H1_legs,0.003451489843428135,0.06154993176460266,0.024339968338608742,0.03720996156334877,0.0979754701256752,0.27647003531455994,0.06644441932439804,0.07403333485126495,0.06026666611433029,0.21638573706150055,0.2736666798591614,0.17893333733081818,0.4398520588874817,0.5509666800498962,0.3660333454608917,0.8033719658851624,0.8875666856765747,0.7337666749954224,0.6926485896110535,0.21443334221839905,1.0,0.0,1.0,1.0,0.0,1.0,2.1890590673478982e-08,0.0,0.8314705491065979,0.3664912283420563,0.0,0.0,0.0,12.740320205688477,83.77637481689453,0.008572081103920937,0.006067970767617226,0.012739566154778004,0.006824670359492302,0.0,0.01955123245716095,0.04006648808717728,0.5501915812492371,0.0362442322075367,0.08258470147848129,0.320754736661911,0.04167543724179268,0.07263609021902084,0.19889503717422485,0.04467662796378136,0.0793236792087555,0.05013192817568779,0.018735313788056374,0.0668853223323822,0.7347412109375,0.011315256357192993,0.033896204084157944,0.8807786107063293
Anochetus_risii_CASENT0877609_processed.obj,H1_legs,0.014139821752905846,0.12674318253993988,0.04046517610549927,0.08627800643444061,0.196353480219841,0.5510680079460144,0.019660891965031624,0.023500001057982445,0.01690000109374523,0.07468007504940033,0.12136666476726532,0.05393333360552788,0.17878292500972748,0.34299999475479126,0.120899997651577,0.44100284576416016,0.7088333368301392,0.3200666606426239,0.5197481513023376,0.4697999954223633,1.0,0.0,1.0,1.0,0.0,1.0,1.6755977938487376e-08,0.0,0.8009766936302185,0.29102572798728943,0.0,0.0,0.0,13.04157543182373,88.204345703125,0.009712852537631989,0.02668008953332901,0.0346568264067173,0.02809680439531803,0.0,0.034728143364191055,0.0930895283818245,0.3927203118801117,0.03538360074162483,0.07937940210103989,0.36171191930770874,0.03547222539782524,0.0687384083867073,0.33701658248901367,0.08306048810482025,0.1312168389558792,0.029023747891187668,0.03725116327404976,0.10447091609239578,0.3610610365867615,0.025928258895874023,0.08225679397583008,0.6131386756896973
Aphaenogaster_pallida_CASENT0745235_processed.obj,H1_legs,0.0053795455023646355,0.07885202765464783,0.03290048614144325,0.045951541513204575,0.11467358469963074,0.15360039472579956,0.05257965996861458,0.05993333458900452,0.046833332628011703,0.18618085980415344,0.24120000004768372,0.15160000324249268,0.389460027217865,0.49166667461395264,0.32243332266807556,0.6847460269927979,0.7539666891098022,0.6271666884422302,0.7449553608894348,0.11623333394527435,1.0,0.0,1.0,1.0,0.0,1.0,2.2283993317273598e-08,0.0,0.8416377902030945,0.38402286171913147,0.0,0.0,0.0,12.528155326843262,74.71693420410156,0.006029790733009577,0.005410109180957079,0.013466773554682732,0.006300813052803278,0.0,0.04116901755332947,0.09730687737464905,0.34636014699935913,0.0382985845208168,0.08018803596496582,0.2807179093360901,0.022433781996369362,0.0459427684545517,0.46961328387260437,0.030842356383800507,0.0565590001642704,0.3271768093109131,0.014769066125154495,0.0319371372461319,0.8387844562530518,0.010931920260190964,0.03800961747765541,0.9099756479263306
Atopomyrmex_mocquerysi_CASENT0744784_processed.obj,H1_legs,0.003339458489790559,0.052405960857868195,0.021877063438296318,0.030528895556926727,0.07542682439088821,0.3926423192024231,0.08553725481033325,0.0898333340883255,0.08163333684206009,0.2485218644142151,0.2773333489894867,0.22513332962989807,0.5081979036331177,0.5618000030517578,0.4639333486557007,0.902099609375,0.9352333545684814,0.871233344078064,0.6730070114135742,0.2548333406448364,1.0,0.0,1.0,1.0,0.0,1.0,2.4551145116902262e-08,0.0,0.8292161822319031,0.3797812759876251,0.0,0.0,0.0,13.369293212890625,86.7372817993164,0.009289137087762356,0.016925543546676636,0.03119499422609806,0.024003898724913597,0.0,0.019436253234744072,0.04888792708516121,0.6034482717514038,0.02327897399663925,0.0480634979903698,0.4381040036678314,0.017381101846694946,0.04428919032216072,0.6408839821815491,0.024334659799933434,0.054852332919836044,0.49076518416404724,0.02095293439924717,0.05677834525704384,0.6211692094802856,0.03195534646511078,0.14896272122859955,0.7019464373588562
Carebara_trechideros_CASENT0877591_processed.obj,H1_legs,0.0038101784884929657,0.05689573287963867,0.022585319355130196,0.034310415387153625,0.10401639342308044,0.3582042455673218,0.07926162332296371,0.0849333330988884,0.07429999858140945,0.2377941608428955,0.273333340883255,0.21043333411216736,0.4829995036125183,0.5440000295639038,0.4343000054359436,0.8792088031768799,0.9366999864578247,0.8283666968345642,0.6876426935195923,0.2556000053882599,1.0,0.0,1.0,1.0,0.0,1.0,2.2878463568076768e-08,0.0,0.8272697925567627,0.38158759474754333,0.0,0.0,0.0,13.3273286819458,88.99010467529297,0.009875819087028503,0.029726989567279816,0.049938052892684937,0.03339998796582222,0.0,0.01910906657576561,0.045695532113313675,0.613793134689331,0.024604881182312965,0.04914277419447899,0.41969627141952515,0.02689283713698387,0.08499926328659058,0.5552486181259155,0.017843976616859436,0.04299178719520569,0.7229551672935486,0.02110103704035282,0.04863271117210388,0.5603914856910706,0.0577850416302681,0.3019615411758423,0.6313868761062622
Centromyrmex_brachycola_CASENT0744052_processed.obj,H1_legs,0.005552126094698906,0.08136291801929474,0.029699869453907013,0.051663052290678024,0.1252986043691635,0.29702043533325195,0.037730272859334946,0.04386666789650917,0.03310000151395798,0.1313568353652954,0.19003333151340485,0.10036666691303253,0.29378408193588257,0.44530001282691956,0.219200000166893,0.6686944961547852,0.8374000191688538,0.5565666556358337,0.608789324760437,0.3047666847705841,1.0,0.0,1.0,1.0,0.0,1.0,2.2715276770668424e-08,0.0,0.8391791582107544,0.38813889026641846,0.0,0.0,0.0,12.854416847229004,79.36149597167969,0.008017991669476032,0.004431491252034903,0.006926268804818392,0.004847903735935688,0.0,0.02458229474723339,0.06492781639099121,0.522988498210907,0.03212177753448486,0.07958826422691345,0.38886332511901855,0.04438339173793793,0.0765475481748581,0.19337017834186554,0.025381451472640038,0.04849221929907799,0.36939316987991333,0.0287731122225523,0.07268325984477997,0.445274293422699,0.04395419359207153,0.21322396397590637,0.4574209153652191
Cephalotes_minutus_CASENT0709253_processed.obj,H1_legs,0.0037447563372552395,0.06960166245698929,0.030306562781333923,0.039295099675655365,0.08492148667573929,0.17246906459331512,0.044357944279909134,0.05256666615605354,0.03836666792631149,0.1458422839641571,0.20526666939258575,0.11309999972581863,0.34672608971595764,0.48213332891464233,0.27070000767707825,0.7314556241035461,0.7886000275611877,0.682033360004425,0.6599247455596924,0.3488333225250244,1.0,0.0,1.0,1.0,0.0,1.0,2.2878463568076768e-08,0.0,0.8536857962608337,0.4175901710987091,0.0,0.0,0.0,12.727127075195312,77.0279769897461,0.006518692709505558,0.01400757860392332,0.01708219386637211,0.01405815128237009,0.0,0.03946245089173317,0.0902113988995552,0.34674331545829773,0.029719160869717598,0.06586013734340668,0.38656237721443176,0.01757163181900978,0.05150427296757698,0.7209945321083069,0.014357220381498337,0.029284676536917686,0.7994723320007324,0.017239421606063843,0.03988258168101311,0.6811743378639221,0.009779077023267746,0.023442957550287247,0.9209245443344116
Cephalotes_simillimus_CASENT0744408_processed.obj,H1_legs,0.008725971914827824,0.10733182728290558,0.0395718514919281,0.06775997579097748,0.13832266628742218,0.2115628719329834,0.018102873116731644,0.022233333438634872,0.015266667120158672,0.06446316093206406,0.11600000411272049,0.04463333263993263,0.15931852161884308,0.3327333331108093,0.10473333299160004,0.4875105917453766,0.7301999926567078,0.3659000098705292,0.5473145246505737,0.4241666793823242,1.0,0.0,1.0,1.0,0.0,1.0,1.975165453416139e-08,0.0,0.8415871858596802,0.3738303482532501,0.0,0.0,0.0,12.880753517150879,79.20500946044922,0.006877220701426268,0.00476521160453558,0.010506846010684967,0.004979182966053486,0.0,0.04657212272286415,0.1291266828775406,0.29923373460769653,0.040785059332847595,0.10589784383773804,0.2908421456813812,0.05335739627480507,0.12217061966657639,0.11049724370241165,0.040915537625551224,0.06879080832004547,0.1530342996120453,0.02517402358353138,0.06107446178793907,0.47695082426071167,0.014488229528069496,0.03250252082943916,0.8077858686447144
Cephalotes_spinosus_CASENT0744158_processed.obj,H1_legs,0.0049181487411260605,0.07698564231395721,0.032249193638563156,0.04473645240068436,0.10039705038070679,0.20910651981830597,0.04486895725131035,0.05363333225250244,0.03856666758656502,0.15108640491962433,0.22153334319591522,0.11463333666324615,0.325630784034729,0.47243332862854004,0.24843333661556244,0.697679877281189,0.8005000352859497,0.6182667016983032,0.6355655193328857,0.3044666647911072,1.0,0.0,1.0,1.0,0.0,1.0,2.2356843487614242e-08,0.0,0.8450629711151123,0.3926897644996643,0.0,0.0,0.0,12.811178207397461,76.72319030761719,0.006420912221074104,0.00885553564876318,0.015368500724434853,0.009374183602631092,0.0,0.044059958308935165,0.1211947426199913,0.35593870282173157,0.03378577530384064,0.06628111004829407,0.26092958450317383,0.02067101188004017,0.040250785648822784,0.522099494934082,0.01614171639084816,0.033692438155412674,0.728232204914093,0.016885850578546524,0.04343264549970627,0.7280453443527222,0.012031271122395992,0.031217271462082863,0.8540145754814148
Crematogaster_nawai_OKENT0105046_processed.obj,H1_legs,0.005058841314166784,0.07542569935321808,0.02625458687543869,0.04917111620306969,0.11655069142580032,0.31078800559043884,0.04163498058915138,0.050200000405311584,0.03556666523218155,0.14747367799282074,0.2206999957561493,0.11073333770036697,0.3320735991001129,0.5230000019073486,0.24326667189598083,0.6973453760147095,0.8807333707809448,0.5771666765213013,0.5744701623916626,0.4215666651725769,1.0,0.0,1.0,1.0,0.0,1.0,2.0966826497215152e-08,0.0,0.8363297581672668,0.37990695238113403,0.0,0.0,0.0,13.003015518188477,79.6280517578125,0.0074639031663537025,0.004011995624750853,0.00826151855289936,0.004189230967313051,0.0,0.02192990854382515,0.05330001562833786,0.5590038299560547,0.03610997647047043,0.096153624355793,0.39162448048591614,0.03533734008669853,0.061926182359457016,0.2900552451610565,0.03053297847509384,0.05942590907216072,0.3456464409828186,0.020033325999975204,0.0497463196516037,0.6358485817909241,0.05084260180592537,0.27146342396736145,0.5486617684364319
Cryptopone_sauteri_CASENT0743771_processed.obj,H1_legs,0.005265316925942898,0.07856593281030655,0.02912314049899578,0.04944279044866562,0.11295070499181747,0.21176423132419586,0.042949527502059937,0.05156666785478592,0.03680000081658363,0.1488669514656067,0.22113333642482758,0.11219999939203262,0.3199859857559204,0.49283334612846375,0.23690000176429749,0.6858788728713989,0.8500999808311462,0.574833333492279,0.6188400387763977,0.32583335041999817,1.0,0.0,1.0,1.0,0.0,1.0,2.1205782019251274e-08,0.0,0.8385210633277893,0.38547417521476746,0.0,0.0,0.0,12.692506790161133,73.35936737060547,0.005964603740721941,0.014859593473374844,0.020706385374069214,0.01503703836351633,0.0,0.0347047820687294,0.12194962054491043,0.43409961462020874,0.026225026696920395,0.05596572533249855,0.4565117359161377,0.021196676418185234,0.05508433282375336,0.591160237789154,0.030107660219073296,0.06300424039363861,0.3667546212673187,0.018386468291282654,0.04687676951289177,0.6577388644218445,0.012169884517788887,0.026090659201145172,0.841849148273468
Cyphoidris_afrc-tz01_CASENT0744810_processed.obj,H1_legs,0.020329300314188004,0.1526472270488739,0.03761889785528183,0.11502832174301147,0.24969355762004852,0.3856617212295532,0.0110853286460042,0.013866666704416275,0.009233333170413971,0.043344177305698395,0.08576666563749313,0.029000001028180122,0.11043985188007355,0.305566668510437,0.0674000009894371,0.3054720461368561,0.714900016784668,0.19423332810401917,0.52451491355896,0.5134666562080383,1.0,0.0,1.0,1.0,0.0,1.0,1.684339956398162e-08,0.0,0.8183714151382446,0.27142810821533203,0.0,0.0,0.0,13.34503173828125,92.38209533691406,0.010592876002192497,0.0344650037586689,0.043142784386873245,0.038676466792821884,0.0,0.032626572996377945,0.07617038488388062,0.36283525824546814,0.03446241468191147,0.07712552696466446,0.31983432173728943,0.046667300164699554,0.10715655982494354,0.23756906390190125,0.02900315634906292,0.05729103833436966,0.3113456666469574,0.03470160812139511,0.08125638961791992,0.3479268550872803,0.025615785270929337,0.06164447218179703,0.49635034799575806
Cyphomyrmex_cf.minutus_CASENT0744280_processed.obj,H1_legs,0.023135999217629433,0.15938922762870789,0.035996995866298676,0.12339223921298981,0.26411494612693787,0.47747310996055603,0.010691691190004349,0.013700000010430813,0.008766666986048222,0.04272565245628357,0.08746666461229324,0.028266666457057,0.11083168536424637,0.3393000066280365,0.06623333692550659,0.29673075675964355,0.7790666818618774,0.18326666951179504,0.5134772658348083,0.5120333433151245,1.0,0.0,1.0,1.0,0.0,1.0,1.6176075590124128e-08,0.0,0.7899531126022339,0.25540629029273987,0.0,0.0,0.0,13.241279602050781,95.26779174804688,0.011929207481443882,0.02083987556397915,0.02365635149180889,0.023927655071020126,0.0,0.026962216943502426,0.05926131084561348,0.43026819825172424,0.045306894928216934,0.11882609874010086,0.23745973408222198,0.07088406383991241,0.13217860460281372,0.12983426451683044,0.03152800351381302,0.06530081480741501,0.35356202721595764,0.03514251112937927,0.09362625330686569,0.3548802435398102,0.030038081109523773,0.06429499387741089,0.33698296546936035
Dilobocondyla_fouqueti_CASENT0745576_processed.obj,H1_legs,0.0059006912633776665,0.08773519843816757,0.03471377491950989,0.053021423518657684,0.11890864372253418,0.2504080832004547,0.032620832324028015,0.039133332669734955,0.027966666966676712,0.11054070293903351,0.1659666746854782,0.08286666870117188,0.2492968887090683,0.3840999901294708,0.18453334271907806,0.6083815097808838,0.7367666959762573,0.5181000232696533,0.5883141756057739,0.30160000920295715,1.0,0.0,1.0,1.0,0.0,1.0,2.1386455273386673e-08,0.0,0.8367846012115479,0.3750741481781006,0.0,0.0,0.0,12.867579460144043,80.67570495605469,0.007333529181778431,0.020456627011299133,0.02151685766875744,0.021601127460598946,0.0,0.036805253475904465,0.0885053351521492,0.3524904251098633,0.04469845071434975,0.08767794817686081,0.30096641182899475,0.024943051859736443,0.07413464039564133,0.6519337296485901,0.03336528688669205,0.07662372291088104,0.3667546212673187,0.02287527546286583,0.05797358229756355,0.5405614376068115,0.028833435848355293,0.06907372176647186,0.356447696685791
Dorylus_fulvus_CASENT0745678_processed.obj,H1_legs,0.004478706978261471,0.07581920921802521,0.028788268566131592,0.047030940651893616,0.1088222861289978,0.19182945787906647,0.0405338779091835,0.04546666890382767,0.03656666725873947,0.1355539709329605,0.18170000612735748,0.10810000449419022,0.3008730709552765,0.41753333806991577,0.23516666889190674,0.694492518901825,0.8454000353813171,0.5892999768257141,0.620529055595398,0.32766667008399963,1.0,0.0,1.0,1.0,0.0,1.0,2.3787658065543837e-08,0.0,0.8471729755401611,0.38696375489234924,0.0,0.0,0.0,12.882301330566406,79.65167999267578,0.007300935685634613,0.00912454817444086,0.011084070429205894,0.00936348456889391,0.0,0.026878952980041504,0.06622263789176941,0.47049808502197266,0.027348188683390617,0.06511353701353073,0.4578923285007477,0.03481891006231308,0.0720757469534874,0.3287293016910553,0.043375164270401,0.07448998838663101,0.18733510375022888,0.026265490800142288,0.055325351655483246,0.41050735116004944,0.05374810844659805,0.13202202320098877,0.16058394312858582
Eciton_hamatum_CASENT0744580_processed.obj,H1_legs,0.002529602963477373,0.055237073451280594,0.028218815103173256,0.027018258348107338,0.07779908180236816,0.135089710354805,0.08386820554733276,0.08593333512544632,0.08190000057220459,0.24505814909934998,0.26196667551994324,0.23020000755786896,0.4860498011112213,0.49843335151672363,0.4742666780948639,0.8335101008415222,0.8113333582878113,0.8569333553314209,0.5788309574127197,0.31556665897369385,1.0,0.0,1.0,1.0,0.0,1.0,2.3659438852519088e-08,0.0,0.8385992646217346,0.4023039638996124,0.0,0.0,0.0,13.73426342010498,94.2723159790039,0.010918810032308102,0.008359406143426895,0.016035784035921097,0.008914720267057419,0.0,0.022283444181084633,0.05717388913035393,0.5398467779159546,0.05489908158779144,0.0979524478316307,0.1468016654253006,0.04524845629930496,0.08373276889324188,0.215469628572464,0.043225474655628204,0.08625655621290207,0.24538259208202362,0.01754603162407875,0.05049968510866165,0.6940510272979736,0.010710500180721283,0.04202207922935486,0.8929440379142761
Ectatomma_brunneum_CASENT0744575_processed.obj,H1_legs,0.014068766497075558,0.12766805291175842,0.03835272789001465,0.08931532502174377,0.19764506816864014,0.46809521317481995,0.018218567594885826,0.022299999371170998,0.015399999916553497,0.06791238486766815,0.12443333119153976,0.04670000076293945,0.16215135157108307,0.36533334851264954,0.10419999808073044,0.4404698610305786,0.7297333478927612,0.3154333233833313,0.5613154768943787,0.38153332471847534,1.0,0.0,1.0,1.0,0.0,1.0,1.671518035095687e-08,0.0,0.79236900806427,0.28986281156539917,0.0,0.0,0.0,13.053499221801758,86.73969268798828,0.009158763103187084,0.024158496409654617,0.04935288801789284,0.02585452049970627,0.0,0.05009130761027336,0.11388436704874039,0.20957854390144348,0.04805954918265343,0.126176118850708,0.30234700441360474,0.03961488977074623,0.08989530056715012,0.23756906390190125,0.02217540517449379,0.0464596152305603,0.5329815745353699,0.02531692199409008,0.0629662498831749,0.4944630563259125,0.023460453376173973,0.05395423248410225,0.46836981177330017
Eurhopalothrix_procera_CASENT0745605_processed.obj,H1_legs,0.00952971912920475,0.1052708625793457,0.033393844962120056,0.07187701761722565,0.16528970003128052,0.3576802909374237,0.02566932514309883,0.03206666558980942,0.021400000900030136,0.0939755067229271,0.16033333539962769,0.06646666675806046,0.21306437253952026,0.4043999910354614,0.14463333785533905,0.5338450074195862,0.7967333197593689,0.40139999985694885,0.5280789732933044,0.44093334674835205,1.0,0.0,1.0,1.0,0.0,1.0,1.9745826307371317e-08,0.0,0.8206349015235901,0.316495418548584,0.0,0.0,0.0,12.739553451538086,90.24555969238281,0.010103973560035229,0.005852201022207737,0.009805583395063877,0.0070121935568749905,0.0,0.0384676456451416,0.10017384588718414,0.35938698053359985,0.033429957926273346,0.08921308070421219,0.37091580033302307,0.051361337304115295,0.10855181515216827,0.2403315007686615,0.023121973499655724,0.049431730061769485,0.5171504020690918,0.022876949980854988,0.05503154546022415,0.5359258651733398,0.018579628318548203,0.04393872246146202,0.643552303314209
Heteroponera_panamensis_CASENT0744055_processed.obj,H1_legs,0.01829490251839161,0.14522434771060944,0.03987940773367882,0.10534493625164032,0.2283451110124588,0.35537734627723694,0.01396247185766697,0.017533333972096443,0.011599999852478504,0.054626379162073135,0.09960000216960907,0.03763333335518837,0.1379474401473999,0.32856667041778564,0.08730000257492065,0.38179972767829895,0.7203333377838135,0.2597333490848541,0.5576682090759277,0.41350001096725464,1.0,0.0,1.0,1.0,0.0,1.0,1.641502933580341e-08,0.0,0.7900049090385437,0.2888249158859253,0.0,0.0,0.0,12.951927185058594,91.97364807128906,0.01078843604773283,0.03161945939064026,0.04654355347156525,0.034686096012592316,0.0,0.04604370519518852,0.12369836866855621,0.31877395510673523,0.04309568554162979,0.111017145216465,0.3074091076850891,0.058792755007743835,0.10520906001329422,0.16850829124450684,0.04010413959622383,0.08098965883255005,0.31926122307777405,0.029273808002471924,0.06789993494749069,0.38037601113319397,0.02215566486120224,0.04682118445634842,0.5486617684364319
Labidus_praedator_CASENT0744236_processed.obj,H1_legs,0.010891485027968884,0.083940789103508,0.03245212882757187,0.05148865655064583,0.2354429066181183,0.6980016231536865,0.07118331640958786,0.07533333450555801,0.06746666878461838,0.22616297006607056,0.2508000135421753,0.2059333324432373,0.4548237919807434,0.5008666515350342,0.41653335094451904,0.7655614018440247,0.7971667051315308,0.7363666892051697,0.6271775364875793,0.3325333297252655,1.0,0.0,1.0,1.0,0.0,1.0,2.2656994502767702e-08,0.0,0.8383356332778931,0.3851300776004791,0.0,0.0,0.0,12.943510055541992,85.64031219482422,0.009093576110899448,0.026013782247900963,0.03185928240418434,0.028375830501317978,0.0,0.025686850771307945,0.07647096365690231,0.5754789113998413,0.07445491850376129,0.15322107076644897,0.16751036047935486,0.033624034374952316,0.06732215732336044,0.33149173855781555,0.028579602017998695,0.06312023103237152,0.33773088455200195,0.020578404888510704,0.053551085293293,0.6103528141975403,0.03623766452074051,0.14349167048931122,0.5085158348083496
Labidus_praedator_CASENT0744237_processed.obj,H1_legs,0.004088142886757851,0.06523875892162323,0.0223064161837101,0.04293234273791313,0.11700288951396942,0.25433170795440674,0.05253998190164566,0.06066666916012764,0.04633333534002304,0.18551133573055267,0.25859999656677246,0.14463333785533905,0.4164458215236664,0.5863000154495239,0.3228999972343445,0.7963900566101074,0.9283666610717773,0.697266697883606,0.6429773569107056,0.29536667466163635,1.0,0.0,1.0,1.0,0.0,1.0,1.9597209188759734e-08,0.0,0.8055166602134705,0.2913820147514343,0.0,0.0,0.0,12.525897979736328,85.62379455566406,0.009028389118611813,0.011290701106190681,0.020967794582247734,0.012578364461660385,0.0,0.01883641630411148,0.03940746188163757,0.5984674692153931,0.038549333810806274,0.10392891615629196,0.3216751217842102,0.050684355199337006,0.11994218826293945,0.33149173855781555,0.03391236066818237,0.06946887820959091,0.3271768093109131,0.015585532411932945,0.03690532222390175,0.7270151972770691,0.018883071839809418,0.06960844993591309,0.7372262477874756
Lasius_nr._fuliginosus_CASENT0878037_processed.obj,H1_legs,0.0028581784572452307,0.05721469968557358,0.02449597604572773,0.032718725502491,0.08236407488584518,0.21712514758110046,0.07134287804365158,0.08006666600704193,0.06433333456516266,0.2371135652065277,0.3032333254814148,0.19466666877269745,0.47324785590171814,0.5911999940872192,0.39453333616256714,0.8260747194290161,0.8688666820526123,0.7872999906539917,0.7303733229637146,0.18790000677108765,1.0,0.0,1.0,1.0,0.0,1.0,2.1307775099899118e-08,0.0,0.8351504802703857,0.35917261242866516,0.0,0.0,0.0,12.710505485534668,87.79808044433594,0.00922395009547472,0.013325504958629608,0.027905717492103577,0.01355025451630354,0.0,0.02738143503665924,0.09242407977581024,0.5616858601570129,0.030089261010289192,0.0699150487780571,0.4132535755634308,0.0295762550085783,0.06034550070762634,0.2900552451610565,0.03541840240359306,0.07422894984483719,0.3324538469314575,0.013087473809719086,0.02981509640812874,0.8225598931312561,0.009687964804470539,0.026754021644592285,0.8868613243103027
Lioponera_daikoku_OKENT0105067_processed.obj,H1_legs,0.01613600179553032,0.13754978775978088,0.04153937101364136,0.09601040929555893,0.20960676670074463,0.3651280999183655,0.017084935680031776,0.020266667008399963,0.014766667038202286,0.06639013439416885,0.11113333702087402,0.047333333641290665,0.1613292545080185,0.3198666572570801,0.10786666721105576,0.39899882674217224,0.6624666452407837,0.28546667098999023,0.5316202044487,0.4370666742324829,1.0,0.0,1.0,1.0,0.0,1.0,1.6569476457561905e-08,0.0,0.8012351989746094,0.31278157234191895,0.0,0.0,0.0,13.176298141479492,91.74195098876953,0.010723249055445194,0.04265297204256058,0.06913454085588455,0.04667475447058678,0.0,0.04600433632731438,0.10863704979419708,0.2850574851036072,0.0442357212305069,0.10291227698326111,0.2659917175769806,0.0508175827562809,0.10320636630058289,0.21823205053806305,0.032357893884181976,0.06910072267055511,0.36939316987991333,0.03459954634308815,0.0807165876030922,0.40612930059432983,0.030660854652523994,0.06863885372877121,0.37956205010414124
Mayriella_sp._CASENT0745610_processed.obj,H1_legs,0.011356215924024582,0.1102314442396164,0.03012314811348915,0.08010829985141754,0.18278247117996216,0.46147868037223816,0.02100253663957119,0.026333333924412727,0.01746666617691517,0.07813894748687744,0.1458333283662796,0.05336666852235794,0.19265155494213104,0.430400013923645,0.12409999966621399,0.5029175281524658,0.8317000269889832,0.36043334007263184,0.5392627120018005,0.46950000524520874,1.0,0.0,1.0,1.0,0.0,1.0,1.9200893319748502e-08,0.0,0.8257725238800049,0.34970712661743164,0.0,0.0,0.0,12.982142448425293,80.74896240234375,0.007431309670209885,0.02792566455900669,0.03326576203107834,0.02856159396469593,0.0,0.03410070016980171,0.08570358902215958,0.3938697278499603,0.038366466760635376,0.1009955033659935,0.30096641182899475,0.03159136325120926,0.10755950957536697,0.45303869247436523,0.05462257191538811,0.08732974529266357,0.09762533009052277,0.020828604698181152,0.05096429958939552,0.5992789268493652,0.022256940603256226,0.06554030627012253,0.6386861205101013
Mesoponera_ambigua_CASENT0745584_processed.obj,H1_legs,0.011533811688423157,0.11216188967227936,0.030631307512521744,0.08153058588504791,0.1829495131969452,0.42105844616889954,0.025312602519989014,0.030633334070444107,0.021566666662693024,0.0948636531829834,0.16009999811649323,0.0674000009894371,0.22005535662174225,0.4465666711330414,0.1459999978542328,0.5015734434127808,0.8339666724205017,0.3586333394050598,0.561539351940155,0.415966659784317,1.0,0.0,1.0,1.0,0.0,1.0,1.7082353309660903e-08,0.0,0.8082495331764221,0.2943618893623352,0.0,0.0,0.0,12.875032424926758,83.61349487304688,0.00821355264633894,0.009391753003001213,0.019173944368958473,0.00978233851492405,0.0,0.03202991187572479,0.10339978337287903,0.49003833532333374,0.031265657395124435,0.07319044321775436,0.36125174164772034,0.031793396919965744,0.0740903913974762,0.38950276374816895,0.03639388829469681,0.062451813369989395,0.2058047652244568,0.02727501280605793,0.06568454951047897,0.4759206771850586,0.023694049566984177,0.06086243689060211,0.5279805064201355
Myrmecina_ryukyuensis_OKENT0105085_processed.obj,H1_legs,0.007013780064880848,0.08476264029741287,0.03119819425046444,0.05356444790959358,0.11954065412282944,0.405841201543808,0.0629158616065979,0.07509999722242355,0.0541333332657814,0.19990722835063934,0.2737666666507721,0.15743333101272583,0.3829869329929352,0.5011000037193298,0.3099333345890045,0.6327099204063416,0.7520333528518677,0.5460667014122009,0.6736064553260803,0.2696000039577484,1.0,0.0,1.0,1.0,0.0,1.0,2.3979985996902542e-08,0.0,0.8409639596939087,0.3977924883365631,0.0,0.0,0.0,12.548826217651367,76.46996307373047,0.006160164717584848,0.004294750280678272,0.009469698183238506,0.004708378110080957,0.0,0.03584100306034088,0.08287307620048523,0.3662835359573364,0.042771052569150925,0.09693225473165512,0.29866543412208557,0.03879031538963318,0.08140888065099716,0.20441989600658417,0.040391720831394196,0.0818324014544487,0.35356202721595764,0.01054757833480835,0.023035190999507904,0.9144991040229797,0.00745776342228055,0.013008929789066315,0.9975668787956238
Myrmecina_sp._CASENT0745613_processed.obj,H1_legs,0.007953290827572346,0.09645719826221466,0.03133964166045189,0.06511756032705307,0.14991843700408936,0.21742549538612366,0.03064090572297573,0.036633335053920746,0.026333333924412727,0.1087123304605484,0.1768999993801117,0.07846666872501373,0.24786539375782013,0.4365333318710327,0.17306667566299438,0.575346827507019,0.819433331489563,0.4433000087738037,0.5629469752311707,0.37790000438690186,1.0,0.0,1.0,1.0,0.0,1.0,2.0054718774531466e-08,0.0,0.8184182047843933,0.2906140387058258,0.0,0.0,0.0,13.128345489501953,82.5660400390625,0.008180959150195122,0.04173412173986435,0.04726961627602577,0.04253123328089714,0.0,0.03490404412150383,0.10686046630144119,0.4172413945198059,0.03604235500097275,0.09383038431406021,0.36171191930770874,0.028036339208483696,0.08468561619520187,0.48342543840408325,0.04268411919474602,0.07537753880023956,0.14248022437095642,0.024060117080807686,0.06531033664941788,0.5451970100402832,0.019947024062275887,0.04720184952020645,0.5912408828735352
Nesomyrmex_angulatus_CASENT0744820_processed.obj,H1_legs,0.010665015317499638,0.11329223960638046,0.033651843667030334,0.07964039593935013,0.16919760406017303,0.2711312174797058,0.019145779311656952,0.024133333936333656,0.01586666703224182,0.07445329427719116,0.13760000467300415,0.05103333294391632,0.1798875778913498,0.3934333324432373,0.11659999936819077,0.45490625500679016,0.7799000144004822,0.32109999656677246,0.5352711081504822,0.5072667002677917,1.0,0.0,1.0,1.0,0.0,1.0,1.985656084002585e-08,0.0,0.8202826976776123,0.3369579315185547,0.0,0.0,0.0,12.90884017944336,83.34517669677734,0.007757244165986776,0.01377845834940672,0.018620019778609276,0.014339984394609928,0.0,0.0449097640812397,0.1084127128124237,0.2823754847049713,0.024546753615140915,0.06097341328859329,0.5085135698318481,0.036151476204395294,0.07504667341709137,0.2983425557613373,0.03273551166057587,0.05738862603902817,0.26385223865509033,0.02387004718184471,0.05719718337059021,0.5160958170890808,0.016883350908756256,0.03384190797805786,0.6776155829429626
Odontomachus_troglodytes_CASENT0744970_processed.obj,H1_legs,0.00297734746709466,0.05832543596625328,0.023583948612213135,0.034741487354040146,0.09219793230295181,0.23840594291687012,0.07103978842496872,0.07793333381414413,0.0652666687965393,0.21976596117019653,0.2682333290576935,0.18613334000110626,0.448009729385376,0.5342666506767273,0.38573333621025085,0.8309034109115601,0.9109333157539368,0.7638000249862671,0.669259786605835,0.25403332710266113,1.0,0.0,1.0,1.0,0.0,1.0,2.20129834360705e-08,0.0,0.8385854959487915,0.3802144229412079,0.0,0.0,0.0,13.028605461120605,84.42833709716797,0.008474300615489483,0.03798086568713188,0.0600401796400547,0.03981918841600418,0.0,0.020810317248106003,0.05118842422962189,0.5873563289642334,0.02788926661014557,0.07054733484983444,0.4367234408855438,0.03245275840163231,0.07673244923353195,0.43370166420936584,0.03231193497776985,0.06625524908304214,0.28496044874191284,0.02063404768705368,0.055441904813051224,0.6242595911026001,0.018658451735973358,0.07981972396373749,0.7895377278327942
Oxyopomyrmex_saulcyi_CASENT0745218_processed.obj,H1_legs,0.006666131783276796,0.0871230959892273,0.025111479684710503,0.06201161816716194,0.13647957146167755,0.2936183214187622,0.0335225872695446,0.040033333003520966,0.028833333402872086,0.12716996669769287,0.20373333990573883,0.09243333339691162,0.28852543234825134,0.5339666604995728,0.19766667485237122,0.5971666574478149,0.8814666867256165,0.45153334736824036,0.5840709805488586,0.4437333345413208,1.0,0.0,1.0,1.0,0.0,1.0,1.7807961327775956e-08,0.0,0.8204948902130127,0.328268826007843,0.0,0.0,0.0,12.831781387329102,82.32608795166016,0.008180959150195122,0.015240171924233437,0.02185850590467453,0.017058121040463448,0.0,0.023188013583421707,0.057797592133283615,0.5632184147834778,0.021050110459327698,0.04702313244342804,0.5540727376937866,0.028055746108293533,0.08402127027511597,0.45303869247436523,0.05275282263755798,0.08227555453777313,0.08970976620912552,0.025401322171092033,0.07812685519456863,0.5763584971427917,0.03687917813658714,0.08030626177787781,0.30778589844703674
Polyrhachis_decemdentata_CASENT0744779_processed.obj,H1_legs,0.00727987103164196,0.09491173923015594,0.03397490829229355,0.060936834663152695,0.13572022318840027,0.2459118813276291,0.026662297546863556,0.032099999487400055,0.02280000038444996,0.10002674907445908,0.16500000655651093,0.07176666706800461,0.23722723126411438,0.42170000076293945,0.16503334045410156,0.5654610395431519,0.7825333476066589,0.4426666796207428,0.5663827061653137,0.3466666638851166,1.0,0.0,1.0,1.0,0.0,1.0,2.11096171653935e-08,0.0,0.819938600063324,0.3226345181465149,0.0,0.0,0.0,12.797571182250977,84.54084777832031,0.008767642080783844,0.0031338012777268887,0.00796243641525507,0.003503040410578251,0.0,0.03408149257302284,0.09747861325740814,0.40613028407096863,0.04582063481211662,0.10179047286510468,0.27059364318847656,0.04229762405157089,0.09041021764278412,0.22375690937042236,0.04025641456246376,0.08829706162214279,0.3139841854572296,0.023615295067429543,0.061814434826374054,0.5269122123718262,0.017668968066573143,0.04651371389627457,0.7007299065589905
Polyrhachis_dives_CASENT0878093_processed.obj,H1_legs,0.014026745222508907,0.12357565015554428,0.03436776250600815,0.08920788764953613,0.2030521184206009,0.3473566174507141,0.024290159344673157,0.030533334240317345,0.0201666671782732,0.08694778382778168,0.15853333473205566,0.05990000069141388,0.19363729655742645,0.43023332953453064,0.12493333220481873,0.46013525128364563,0.7996333241462708,0.3230000138282776,0.583522379398346,0.37540000677108765,1.0,0.0,1.0,1.0,0.0,1.0,1.78050463262025e-08,0.0,0.8070037961006165,0.2832964360713959,0.0,0.0,0.0,13.115762710571289,88.88822174072266,0.009810632094740868,0.006434878800064325,0.008888287469744682,0.0068972171284258366,0.0,0.045811764895915985,0.12092310935258865,0.2854406237602234,0.037881094962358475,0.09781136363744736,0.32811781764030457,0.05574703961610794,0.11279003322124481,0.06906077265739441,0.02181405946612358,0.04582326114177704,0.5303430557250977,0.023379268124699593,0.051104526966810226,0.5714653730392456,0.028837669640779495,0.08551434427499771,0.48296836018562317
Ponera_kohmoku_OKENT0105440_processed.obj,H1_legs,0.005202695727348328,0.07987699657678604,0.028542647138237953,0.05133435130119324,0.11810939013957977,0.1864035278558731,0.034437231719493866,0.041099999099969864,0.029633333906531334,0.12305314093828201,0.1864333301782608,0.09183333069086075,0.28493696451187134,0.4501666724681854,0.2084333300590515,0.671241819858551,0.8596667051315308,0.5505666732788086,0.598951518535614,0.4047333300113678,1.0,0.0,1.0,1.0,0.0,1.0,2.1127101845763718e-08,0.0,0.8244948983192444,0.3593693673610687,0.0,0.0,0.0,13.065566062927246,85.36250305175781,0.008604674600064754,0.0026836958713829517,0.004683087579905987,0.002941312501206994,0.0,0.02877001464366913,0.0686856359243393,0.40651342272758484,0.0297506432980299,0.06294617056846619,0.37735849618911743,0.03007037378847599,0.0742039605975151,0.40055251121520996,0.02356906048953533,0.0422930009663105,0.4142480492591858,0.025106193497776985,0.05558609589934349,0.5140355229377747,0.03346346318721771,0.08635955303907394,0.3613138794898987
Ponera_tamon_OKENT0105154_processed.obj,H1_legs,0.0024538342840969563,0.05293387547135353,0.021404549479484558,0.03152932599186897,0.07910043001174927,0.23420217633247375,0.08591894060373306,0.09613333642482758,0.07766667008399963,0.259305864572525,0.3234333395957947,0.21639999747276306,0.5018266439437866,0.6068333387374878,0.4277999997138977,0.8489066362380981,0.9283333420753479,0.7820000052452087,0.6734839677810669,0.30516666173934937,1.0,0.0,1.0,1.0,0.0,1.0,2.3609898036625054e-08,0.0,0.8429023623466492,0.40526872873306274,0.0,0.0,0.0,12.929590225219727,82.91891479492188,0.008017991669476032,0.01635114476084709,0.019048376008868217,0.018133291974663734,0.0,0.021923085674643517,0.05789251998066902,0.6003831624984741,0.025668855756521225,0.055064648389816284,0.43258169293403625,0.014860746450722218,0.038761578500270844,0.7651934027671814,0.024212166666984558,0.06111874431371689,0.5567282438278198,0.014798968099057674,0.03693471476435661,0.7581766843795776,0.042261023074388504,0.18312613666057587,0.643552303314209
Pseudolasius_sp._CASENT0878065_processed.obj,H1_legs,0.014174334704875946,0.11860117316246033,0.035638030618429184,0.08296314626932144,0.19355635344982147,0.5571866035461426,0.02262295037508011,0.02759999968111515,0.019166667014360428,0.0870562270283699,0.1460999995470047,0.06199999898672104,0.2056596279144287,0.4037666618824005,0.13796666264533997,0.5033354163169861,0.770966649055481,0.37363332509994507,0.568681001663208,0.37043333053588867,1.0,0.0,1.0,1.0,0.0,1.0,1.7059042178857453e-08,0.0,0.8195114731788635,0.28365740180015564,0.0,0.0,0.0,13.002848625183105,89.33924865722656,0.009810632094740868,0.029940824955701828,0.03569219261407852,0.03271649777889252,0.0,0.03836513310670853,0.12206120789051056,0.4291187822818756,0.04455045983195305,0.09099163860082626,0.20984813570976257,0.026594921946525574,0.08742143213748932,0.5441989302635193,0.02366371639072895,0.06034654751420021,0.5224274396896362,0.02457267977297306,0.06160300597548485,0.5343806147575378,0.02504483237862587,0.05796268954873085,0.48175182938575745
Pseudomyrmex_cf.solis_CASENT0744065_processed.obj,H1_legs,0.004239179193973541,0.07143431901931763,0.03157629817724228,0.03985801711678505,0.0919274240732193,0.2572076618671417,0.05377475544810295,0.059433333575725555,0.04910000041127205,0.17641137540340424,0.2240000069141388,0.14550000429153442,0.36474329233169556,0.446066677570343,0.3084999918937683,0.7350761294364929,0.7849000096321106,0.6912000179290771,0.5821009278297424,0.2892000079154968,1.0,0.0,1.0,1.0,0.0,1.0,2.2700707091871664e-08,0.0,0.8366884589195251,0.3967128098011017,0.0,0.0,0.0,13.166616439819336,89.91350555419922,0.009973599575459957,0.008309298194944859,0.010732843540608883,0.008677857927978039,0.0,0.026318766176700592,0.07960131764411926,0.545976996421814,0.04036674275994301,0.09403928369283676,0.2664519250392914,0.04050662741065025,0.07706540077924728,0.31215471029281616,0.02880721352994442,0.07036098837852478,0.44063326716423035,0.026753652840852737,0.08192107826471329,0.5003862977027893,0.01357019692659378,0.029109574854373932,0.7992700934410095
Solenopsis_invicta_CASENT0744384_processed.obj,H1_legs,0.009889193810522556,0.10613414645195007,0.03221483156085014,0.07391931116580963,0.16872255504131317,0.2913537323474884,0.022224290296435356,0.026900000870227814,0.018933333456516266,0.08393190801143646,0.1495666652917862,0.05833333358168602,0.20464758574962616,0.4284000098705292,0.1344333291053772,0.5129543542861938,0.8345666527748108,0.3702666759490967,0.4922392964363098,0.48813334107398987,1.0,0.0,1.0,1.0,0.0,1.0,1.841991981166302e-08,0.0,0.811667799949646,0.2848562002182007,0.0,0.0,0.0,12.960246086120605,82.63029479980469,0.008083178661763668,0.021342158317565918,0.0319891981780529,0.02225995622575283,0.0,0.023703936487436295,0.055264994502067566,0.5218390822410583,0.03621653839945793,0.08491179347038269,0.3110906779766083,0.04914805665612221,0.08798456937074661,0.20441989600658417,0.041541263461112976,0.07253875583410263,0.1530342996120453,0.032747261226177216,0.11511694639921188,0.45274272561073303,0.03835463896393776,0.13812793791294098,0.5827250480651855
Stigmatomma_FHG02_CASENT0745561_processed.obj,H1_legs,0.011983814649283886,0.11011028289794922,0.03230970725417137,0.07780057191848755,0.19786542654037476,0.44204363226890564,0.03060786984860897,0.03673333302140236,0.026233334094285965,0.10317971557378769,0.164000004529953,0.07526666671037674,0.23859357833862305,0.41413334012031555,0.1675666719675064,0.534367561340332,0.7910000085830688,0.40346667170524597,0.5842047333717346,0.34459999203681946,1.0,0.0,1.0,1.0,0.0,1.0,1.9215462998545263e-08,0.0,0.8243416547775269,0.3321302831172943,0.0,0.0,0.0,12.810308456420898,83.35800170898438,0.008083178661763668,0.028120538219809532,0.034906771034002304,0.02917807176709175,0.0,0.03274019435048103,0.08869852870702744,0.41800767183303833,0.03026791848242283,0.06600646674633026,0.36263230443000793,0.02709255740046501,0.04725514352321625,0.295580118894577,0.05204956233501434,0.07621433585882187,0.047493405640125275,0.028697188943624496,0.08406056463718414,0.4988411068916321,0.026172704994678497,0.09579628705978394,0.5632603168487549
Strumigenys_alberti_CASENT0878103_processed.obj,H1_legs,0.01168788131326437,0.1161603033542633,0.034620802849531174,0.08153950423002243,0.18514257669448853,0.30499470233917236,0.02204172872006893,0.0273333340883255,0.018466666340827942,0.08046907186508179,0.14313334226608276,0.05596666783094406,0.1945081651210785,0.40256667137145996,0.12823332846164703,0.4839034974575043,0.7670666575431824,0.3534333407878876,0.49679237604141235,0.5116666555404663,1.0,0.0,1.0,1.0,0.0,1.0,1.9576809506816062e-08,0.0,0.8171291351318359,0.29797741770744324,0.0,0.0,0.0,13.189305305480957,98.5517807006836,0.013232946395874023,0.020388523116707802,0.026742657646536827,0.021299250423908234,0.0,0.034343745559453964,0.09569556266069412,0.42758622765541077,0.03750315681099892,0.0831584557890892,0.31845375895500183,0.029990065842866898,0.09293404221534729,0.48895028233528137,0.038171663880348206,0.0752580538392067,0.28759896755218506,0.028787432238459587,0.09663871675729752,0.502189040184021,0.02421470917761326,0.06641264259815216,0.48783454298973083
Strumigenys_canina_OKENT0105288_processed.obj,H1_legs,0.0067471168003976345,0.08967660367488861,0.030917948111891747,0.058758653700351715,0.13597074151039124,0.38515105843544006,0.032473012804985046,0.03916666656732559,0.02773333340883255,0.11563526093959808,0.17756666243076324,0.0857333317399025,0.2666281461715698,0.4422999918460846,0.19083333015441895,0.6029548645019531,0.798799991607666,0.4842333495616913,0.6281825304031372,0.35296666622161865,1.0,0.0,1.0,1.0,0.0,1.0,1.9550583374439157e-08,0.0,0.8312746286392212,0.35442572832107544,0.0,0.0,0.0,13.124672889709473,88.17204284667969,0.009517291560769081,0.001072098035365343,0.003021984826773405,0.0012232770677655935,0.0,0.03433912247419357,0.08383700251579285,0.3850574791431427,0.026141533628106117,0.06440366804599762,0.44546711444854736,0.02980571985244751,0.0690576583147049,0.3535911738872528,0.01955740712583065,0.044973183423280716,0.5910290479660034,0.024384595453739166,0.06754130125045776,0.5614215731620789,0.02071777917444706,0.06015745550394058,0.6861313581466675
Strumigenys_crassicornis_CASENT0744273_processed.obj,H1_legs,0.00898438785225153,0.10366048663854599,0.031065775081515312,0.07259470969438553,0.1594887226819992,0.28490325808525085,0.023132730275392532,0.02850000001490116,0.019466666504740715,0.08787783980369568,0.1508333384990692,0.06199999898672104,0.20084939897060394,0.40290001034736633,0.13376666605472565,0.5023062825202942,0.8091333508491516,0.36419999599456787,0.5907000303268433,0.38519999384880066,1.0,0.0,1.0,1.0,0.0,1.0,1.9722513400211028e-08,0.0,0.8097720146179199,0.2858129143714905,0.0,0.0,0.0,13.178227424621582,96.27477264404297,0.011994394473731518,0.006191789638251066,0.0164265688508749,0.006424281746149063,0.0,0.031112264841794968,0.07910874485969543,0.4168582558631897,0.04405510053038597,0.09167065471410751,0.24574321508407593,0.030925340950489044,0.07033896446228027,0.37016576528549194,0.027415413409471512,0.0629430040717125,0.4274406433105469,0.024652140215039253,0.059666574001312256,0.4952356517314911,0.026366954669356346,0.07900712639093399,0.5620437860488892
Strumigenys_sp._appretiata_group_CASENT0744156_processed.obj,H1_legs,0.0068038152530789375,0.08910167217254639,0.033785250037908554,0.055316418409347534,0.13151288032531738,0.18753600120544434,0.045392975211143494,0.05550000071525574,0.03840000182390213,0.15527179837226868,0.2371000051498413,0.11543333530426025,0.3286932408809662,0.48030000925064087,0.24983333051204681,0.6198202967643738,0.7586666941642761,0.5239333510398865,0.6018149256706238,0.3485333323478699,1.0,0.0,1.0,1.0,0.0,1.0,2.2572486102490075e-08,0.0,0.834755003452301,0.35808706283569336,0.0,0.0,0.0,12.793502807617188,87.83699798583984,0.009549885056912899,0.010896362364292145,0.019857093691825867,0.012131970375776291,0.0,0.03678816556930542,0.11014541238546371,0.41072797775268555,0.04254619777202606,0.09341374784708023,0.27197423577308655,0.03963669762015343,0.09508414566516876,0.17403315007686615,0.059188008308410645,0.0983862653374672,0.0,0.016759928315877914,0.050040408968925476,0.790625810623169,0.01595064252614975,0.04332574084401131,0.7944039106369019
Strumigenys_stenorhina_OKENT0105268_processed.obj,H1_legs,0.00326212658546865,0.053177230060100555,0.020633021369576454,0.03254421055316925,0.09144817292690277,0.3108862340450287,0.09196604788303375,0.09939999878406525,0.08556666970252991,0.2851075828075409,0.33000001311302185,0.2509666681289673,0.5556202530860901,0.6334333419799805,0.4948333501815796,0.857750415802002,0.9193333387374878,0.8039000034332275,0.7255576848983765,0.2780333459377289,1.0,0.0,1.0,1.0,0.0,1.0,2.3318490249835122e-08,0.0,0.8317958116531372,0.3578161299228668,0.0,0.0,0.0,12.341300964355469,84.35965728759766,0.009028389118611813,0.005566360894590616,0.010231755673885345,0.006411150097846985,0.0,0.019218673929572105,0.041938431560993195,0.5835249423980713,0.035254087299108505,0.07776322960853577,0.3248964548110962,0.0537906214594841,0.08075766265392303,0.12983426451683044,0.01601257175207138,0.03705079108476639,0.6912928819656372,0.010120420716702938,0.022030644118785858,0.9235127568244934,0.016281763091683388,0.033587995916604996,0.7749391794204712
Syllophopsis_sechellensis_OKENT0105212_processed.obj,H1_legs,0.0025650328025221825,0.05489162355661392,0.022962791845202446,0.031928833574056625,0.08133582770824432,0.2754318118095398,0.07119176536798477,0.08009999990463257,0.06406667083501816,0.2274773269891739,0.2842666804790497,0.18960000574588776,0.46473637223243713,0.5638999938964844,0.3952333331108093,0.8482472896575928,0.9053333401679993,0.7979333400726318,0.7114322781562805,0.23680000007152557,1.0,0.0,1.0,1.0,0.0,1.0,2.3630299494925566e-08,0.0,0.8345640897750854,0.37017393112182617,0.0,0.0,0.0,12.977665901184082,85.9857177734375,0.008930608630180359,0.030561046674847603,0.043915342539548874,0.033191125839948654,0.0,0.02148471400141716,0.057793546468019485,0.5911877751350403,0.03168369457125664,0.0655270367860794,0.3216751217842102,0.01774711348116398,0.0542924702167511,0.6657458543777466,0.02832101657986641,0.07020377367734909,0.4670184850692749,0.016429776325821877,0.038963619619607925,0.7064125537872314,0.040015142410993576,0.23129776120185852,0.7384428381919861
Temnothorax_congruus_OKENT0105443_processed.obj,H1_legs,0.004965986590832472,0.08246955275535583,0.0336809977889061,0.04878855124115944,0.10193115472793579,0.14802606403827667,0.03520265966653824,0.0411333329975605,0.030766667798161507,0.11899591982364655,0.16290000081062317,0.09373333305120468,0.26334908604621887,0.36256667971611023,0.20676666498184204,0.6377490162849426,0.7577999830245972,0.5505333542823792,0.5694865584373474,0.39303332567214966,1.0,0.0,1.0,1.0,0.0,1.0,2.198967052891021e-08,0.0,0.8369995355606079,0.3860965371131897,0.0,0.0,0.0,12.797478675842285,83.0655288696289,0.008311333134770393,0.0036515272222459316,0.009051868692040443,0.0038797915913164616,0.0,0.027025239542126656,0.07439147680997849,0.5091953873634338,0.03320707008242607,0.06952525675296783,0.3078693151473999,0.02537945657968521,0.05684481933712959,0.38121548295021057,0.02093980833888054,0.0389251634478569,0.488126665353775,0.04202805086970329,0.0853925347328186,0.23590007424354553,0.051678549498319626,0.10480418056249619,0.16788321733474731
Temnothorax_sp._OKENT0105336_processed.obj,H1_legs,0.006428753025829792,0.08445648103952408,0.025580761954188347,0.05887571722269058,0.13749217987060547,0.28223639726638794,0.03738732635974884,0.04569999873638153,0.03163333237171173,0.1270546317100525,0.20560000836849213,0.09193333238363266,0.28665438294410706,0.501800000667572,0.20063333213329315,0.6293084621429443,0.8750333189964294,0.49133333563804626,0.5651307106018066,0.45616668462753296,1.0,0.0,1.0,1.0,0.0,1.0,2.0841522285763858e-08,0.0,0.8344190716743469,0.3747525215148926,0.0,0.0,0.0,13.006857872009277,84.9910888671875,0.008409113623201847,0.00827992707490921,0.011749671772122383,0.009017170406877995,0.0,0.024504654109477997,0.06800295412540436,0.565517246723175,0.0254927147179842,0.06039828807115555,0.47906121611595154,0.02101094461977482,0.04830513149499893,0.5828729271888733,0.026309147477149963,0.05334286764264107,0.37203168869018555,0.02742418274283409,0.0649399682879448,0.4241565763950348,0.030800873413681984,0.06013445183634758,0.3187347948551178
Tetramorium_kraepelini_CASENT0744084_processed.obj,H1_legs,0.007227418944239616,0.09048816561698914,0.02664335072040558,0.06384481489658356,0.15106774866580963,0.22208409011363983,0.03183140978217125,0.03999999910593033,0.02643333375453949,0.1116563156247139,0.1931000053882599,0.07853333652019501,0.2570042312145233,0.4979333281517029,0.17319999635219574,0.5966785550117493,0.8738333582878113,0.453000009059906,0.5777309536933899,0.44589999318122864,1.0,0.0,1.0,1.0,0.0,1.0,2.019459444113636e-08,0.0,0.8289169669151306,0.3630516231060028,0.0,0.0,0.0,12.600667953491211,75.05259704589844,0.0061275712214410305,0.006140191573649645,0.01374107412993908,0.006492698565125465,0.0,0.029390480369329453,0.08207429200410843,0.45019158720970154,0.025345120579004288,0.059670284390449524,0.46525540947914124,0.03893323242664337,0.10246004164218903,0.25690609216690063,0.023258134722709656,0.04733722656965256,0.46174144744873047,0.02149275317788124,0.053740549832582474,0.6010816693305969,0.017742717638611794,0.0486958771944046,0.7591241002082825
Acanthostichus_aff.brevicornis_CASENT0744328_processed.obj,H2_joint,0.004740475676953793,0.07103618234395981,0.027311792597174644,0.043724387884140015,0.1193181648850441,0.33721280097961426,0.055502817034721375,0.06236666813492775,0.05000000074505806,0.1852000206708908,0.23543334007263184,0.15263333916664124,0.3776669204235077,0.49000000953674316,0.3072333335876465,0.7734189629554749,0.878000020980835,0.691100001335144,0.6560757756233215,0.26116666197776794,1.0,0.0,1.0,1.0,0.0,1.0,2.1852708087521933e-08,0.0,0.8432723879814148,0.40599068999290466,0.0,0.0,0.0,12.968965530395508,81.90847778320312,0.0078224316239357,0.0010406420333310962,0.002578755607828498,0.0009967765072360635,0.0,0.026857182383537292,0.06591974198818207,0.4927203059196472,0.027351917698979378,0.055881839245557785,0.4068108797073364,0.022892968729138374,0.06587625294923782,0.571823239326477,0.033092278987169266,0.06313484162092209,0.23482850193977356,0.022141650319099426,0.05804163217544556,0.5979912281036377,0.048207540065050125,0.26202592253685,0.6472019553184509
Acromyrmex_coronatus_CASENT0744365_processed.obj,H2_joint,0.004708773922175169,0.06834346055984497,0.024598754942417145,0.04374470189213753,0.12788978219032288,0.3020949959754944,0.055014245212078094,0.06233333423733711,0.0492333322763443,0.18315178155899048,0.24379999935626984,0.14666666090488434,0.405779093503952,0.5407333374023438,0.32473334670066833,0.7814168930053711,0.8933666944503784,0.6944000124931335,0.6689686179161072,0.24050000309944153,1.0,0.0,1.0,1.0,0.0,1.0,1.914261105184778e-08,0.0,0.8266780972480774,0.3148069679737091,0.0,0.0,0.0,12.945710182189941,81.16573333740234,0.0077246506698429585,0.041279785335063934,0.04320110008120537,0.046576712280511856,0.0,0.023175569251179695,0.05423780530691147,0.5103448629379272,0.03299149498343468,0.08915077149868011,0.3810400366783142,0.040720608085393906,0.12770824134349823,0.40883979201316833,0.02269710972905159,0.06487106531858444,0.6042216420173645,0.023427294567227364,0.07867903262376785,0.6113829612731934,0.0114004360511899,0.035459939390420914,0.9038929343223572
Acromyrmex_lobicornis_CASENT0878007_processed.obj,H2_joint,0.009164211340248585,0.10536201298236847,0.03510589525103569,0.07025612145662308,0.1552249640226364,0.32644209265708923,0.023880163207650185,0.029200000688433647,0.020200001075863838,0.08856702595949173,0.14686666429042816,0.06340000033378601,0.20553253591060638,0.3889666795730591,0.13966666162014008,0.5198347568511963,0.7734666466712952,0.3914666771888733,0.5848824381828308,0.3695666790008545,1.0,0.0,1.0,1.0,0.0,1.0,2.0386924148851904e-08,0.0,0.8333467245101929,0.3508305251598358,0.0,0.0,0.0,13.07625961303711,85.40888977050781,0.008572081103920937,0.035595860332250595,0.037267595529556274,0.03729350492358208,0.0,0.03991119563579559,0.09794042259454727,0.32298851013183594,0.03962983563542366,0.10581697523593903,0.33317995071411133,0.037573445588350296,0.10507769882678986,0.26795580983161926,0.04493250697851181,0.08655785024166107,0.1899736225605011,0.024971242994070053,0.05800144374370575,0.5410764813423157,0.01700911857187748,0.041057754307985306,0.7457420825958252
Anochetus_risii_CASENT0877608_processed.obj,H2_joint,0.0029109627939760685,0.05639078468084335,0.022153854370117188,0.034236930310726166,0.09237457811832428,0.25312870740890503,0.07278575748205185,0.08153333514928818,0.06573333591222763,0.23108139634132385,0.2963666617870331,0.1893666684627533,0.48734432458877563,0.6034666895866394,0.40870001912117004,0.8256762623786926,0.8985999822616577,0.763700008392334,0.6998594403266907,0.1907000094652176,1.0,0.0,1.0,1.0,0.0,1.0,2.1453478993294084e-08,0.0,0.8375951051712036,0.3630480468273163,0.0,0.0,0.0,12.849279403686523,85.71635437011719,0.008995795622467995,0.0018640952184796333,0.004285760223865509,0.0020202721934765577,0.0,0.016487566754221916,0.03389780968427658,0.6773946285247803,0.0338253453373909,0.06982391327619553,0.319374144077301,0.028223009780049324,0.06687335669994354,0.44475141167640686,0.04956327751278877,0.08179236948490143,0.05540897324681282,0.01757078804075718,0.06235921010375023,0.753026008605957,0.011809957213699818,0.034252624958753586,0.8491483926773071
Anochetus_risii_CASENT0877609_processed.obj,H2_joint,0.012990318238735199,0.1228901743888855,0.03761305287480354,0.08527712523937225,0.1940160095691681,0.36252617835998535,0.020519530400633812,0.025499999523162842,0.01716666668653488,0.07361724227666855,0.12083333730697632,0.052933335304260254,0.1729346215724945,0.3284333348274231,0.11736667156219482,0.4538199007511139,0.7271666526794434,0.32983332872390747,0.5104497075080872,0.4566333293914795,1.0,0.0,1.0,1.0,0.0,1.0,1.576227504074268e-08,0.0,0.81092369556427,0.2852151095867157,0.0,0.0,0.0,12.975983619689941,86.95249938964844,0.009419511072337627,0.047603704035282135,0.051562219858169556,0.05048728361725807,0.0,0.03227349743247032,0.07975922524929047,0.3938697278499603,0.044677238911390305,0.10397720336914062,0.25494709610939026,0.030877241864800453,0.10568825900554657,0.591160237789154,0.03561759740114212,0.07074710726737976,0.28496044874191284,0.03518754616379738,0.08996132761240005,0.3458665907382965,0.034756459295749664,0.1050117090344429,0.435523122549057
Aphaenogaster_pallida_CASENT0745235_processed.obj,H2_joint,0.0054733892902731895,0.0790671706199646,0.032949261367321014,0.046117912977933884,0.11862358450889587,0.15545745193958282,0.05569158494472504,0.0640999972820282,0.0492333322763443,0.19292692840099335,0.24916666746139526,0.1573999971151352,0.40020090341567993,0.5015333294868469,0.33293333649635315,0.671790599822998,0.7418333292007446,0.6138333678245544,0.7373440861701965,0.12810000777244568,1.0,0.0,1.0,1.0,0.0,1.0,2.223736750295302e-08,0.0,0.8451942801475525,0.3879050314426422,0.0,0.0,0.0,12.527022361755371,74.53266143798828,0.006323131732642651,0.0008879342931322753,0.002572630764916539,0.0010356155689805746,0.0,0.04112236201763153,0.09662365913391113,0.333716481924057,0.040007784962654114,0.07702948153018951,0.26829269528388977,0.015931082889437675,0.03998024761676788,0.7292817831039429,0.03471701592206955,0.08561097830533981,0.4353562295436859,0.014523548074066639,0.030762001872062683,0.8511460423469543,0.010890957899391651,0.0393642857670784,0.9209245443344116
Atopomyrmex_mocquerysi_CASENT0744784_processed.obj,H2_joint,0.003170451382175088,0.047062426805496216,0.019699467346072197,0.02736295945942402,0.07564443349838257,0.3883839547634125,0.10053097456693649,0.10460000485181808,0.09676666557788849,0.29399430751800537,0.3250333368778229,0.26836666464805603,0.6136276125907898,0.6683333516120911,0.5672000050544739,0.9213753938674927,0.9449666738510132,0.8989333510398865,0.7126551866531372,0.21603333950042725,1.0,0.0,1.0,1.0,0.0,1.0,2.410237698313722e-08,0.0,0.8427995443344116,0.39064598083496094,0.0,0.0,0.0,13.32751178741455,87.44242858886719,0.009452104568481445,0.018639715388417244,0.019724559038877487,0.026461653411388397,0.0,0.017835065722465515,0.04310311749577522,0.6747126579284668,0.01588241197168827,0.0401986688375473,0.7086976766586304,0.008201267570257187,0.020256079733371735,0.9475138783454895,0.013022299855947495,0.028344320133328438,0.8232190608978271,0.023304181173443794,0.07083868980407715,0.5974761843681335,0.0464269258081913,0.2388201355934143,0.712895393371582
Carebara_trechideros_CASENT0877591_processed.obj,H2_joint,0.003479256294667721,0.057329706847667694,0.02438400126993656,0.03294570371508598,0.09494009613990784,0.34996461868286133,0.08102282136678696,0.0868000015616417,0.07596667110919952,0.2418179214000702,0.27650001645088196,0.21486666798591614,0.4827209711074829,0.5395333170890808,0.43673333525657654,0.861257016658783,0.9037666916847229,0.8225666880607605,0.6877537369728088,0.2592333257198334,1.0,0.0,1.0,1.0,0.0,1.0,2.320775394082375e-08,0.0,0.8297322988510132,0.37493741512298584,0.0,0.0,0.0,13.378392219543457,90.8309326171875,0.010169160552322865,0.029774246737360954,0.031229179352521896,0.03392382338643074,0.0,0.0167828556150198,0.043921343982219696,0.7298851013183594,0.03102344647049904,0.06266321986913681,0.3097100853919983,0.025563934817910194,0.08259104192256927,0.5828729271888733,0.03819316253066063,0.0587102547287941,0.1556728333234787,0.021893862634897232,0.056851375848054886,0.5907803177833557,0.05505559593439102,0.2991434633731842,0.6520681381225586
Centromyrmex_brachycola_CASENT0744052_processed.obj,H2_joint,0.005359990056604147,0.07960660010576248,0.02811102382838726,0.05149557814002037,0.12528465688228607,0.17820803821086884,0.041041549295186996,0.04766666889190674,0.03603333234786987,0.1384149044752121,0.20340000092983246,0.10490000247955322,0.31004616618156433,0.46790000796318054,0.2318333387374878,0.6792955994606018,0.8513333201408386,0.5651000142097473,0.6056194305419922,0.30623334646224976,1.0,0.0,1.0,1.0,0.0,1.0,2.298045842508145e-08,0.0,0.8440768718719482,0.40198948979377747,0.0,0.0,0.0,12.730501174926758,79.47505950927734,0.007920211181044579,0.0005646228673867881,0.0011474603088572621,0.0006134602008387446,0.0,0.023781094700098038,0.06702042371034622,0.5678160786628723,0.032208964228630066,0.08522485941648483,0.3976069986820221,0.03792620822787285,0.07712730765342712,0.21270719170570374,0.02029562182724476,0.04780280217528343,0.5989446043968201,0.028333378955721855,0.07335666567087173,0.44810715317726135,0.030704518780112267,0.08516328781843185,0.4647201895713806
Cephalotes_minutus_CASENT0709253_processed.obj,H2_joint,0.003692470956593752,0.06959628313779831,0.030762508511543274,0.038833774626255035,0.08433720469474792,0.1908317357301712,0.04366409033536911,0.0500333346426487,0.038733333349227905,0.15184074640274048,0.20473334193229675,0.12066666781902313,0.330902636051178,0.43933334946632385,0.2653999924659729,0.7489432096481323,0.8053333163261414,0.6999333500862122,0.6645652651786804,0.3166666626930237,1.0,0.0,1.0,1.0,0.0,1.0,2.2391812848354675e-08,0.0,0.8563744425773621,0.42257943749427795,0.0,0.0,0.0,12.635956764221191,74.74225616455078,0.005997197236865759,0.0062942891381680965,0.008234066888689995,0.006323592271655798,0.0,0.04011687636375427,0.09151105582714081,0.31992337107658386,0.030552446842193604,0.058354414999485016,0.319374144077301,0.01674533821642399,0.04620905965566635,0.6988950371742249,0.019238730892539024,0.04120136797428131,0.5989446043968201,0.017305046319961548,0.04045112058520317,0.677826464176178,0.010708729736506939,0.02804967761039734,0.9111921787261963
Cephalotes_simillimus_CASENT0744408_processed.obj,H2_joint,0.008229885250329971,0.10264746844768524,0.03608446940779686,0.06656300276517868,0.14063070714473724,0.21326777338981628,0.021984299644827843,0.027833333238959312,0.018166666850447655,0.07821190357208252,0.13823333382606506,0.05453333258628845,0.18711787462234497,0.37166666984558105,0.12503333389759064,0.5067192316055298,0.7701666951179504,0.3775666654109955,0.55123370885849,0.4410666823387146,1.0,0.0,1.0,1.0,0.0,1.0,1.9774967441321678e-08,0.0,0.839762806892395,0.37444445490837097,0.0,0.0,0.0,12.769530296325684,79.22647857666016,0.00684462720528245,0.01364944502711296,0.014317454770207405,0.014159650541841984,0.0,0.04428922384977341,0.12176858633756638,0.2988505959510803,0.0377022847533226,0.0942603275179863,0.2949838936328888,0.05390210822224617,0.11165949702262878,0.1767955869436264,0.021136756986379623,0.040238574147224426,0.5118733644485474,0.024426324293017387,0.060223907232284546,0.5034766793251038,0.014583743177354336,0.03093317709863186,0.7968369722366333
Cephalotes_spinosus_CASENT0744158_processed.obj,H2_joint,0.004785500466823578,0.07556621730327606,0.03058832697570324,0.04497788846492767,0.1037856861948967,0.2219512015581131,0.0425562746822834,0.050700001418590546,0.036666665226221085,0.14737732708454132,0.21666666865348816,0.11166666448116302,0.332055002450943,0.47503334283828735,0.2552333474159241,0.7107368111610413,0.8353666663169861,0.6184666752815247,0.6150556206703186,0.3095000088214874,1.0,0.0,1.0,1.0,0.0,1.0,2.2082920381194526e-08,0.0,0.8466278314590454,0.3837483525276184,0.0,0.0,0.0,12.837571144104004,77.87022399902344,0.006812033709138632,0.008801163174211979,0.009724394418299198,0.008854961022734642,0.0,0.0416414849460125,0.12229957431554794,0.3570881187915802,0.033209819346666336,0.0694434717297554,0.2931431233882904,0.015433812513947487,0.0421212837100029,0.8232044577598572,0.019539587199687958,0.044044144451618195,0.5910290479660034,0.017666492611169815,0.045257970690727234,0.6997167468070984,0.011030640453100204,0.020491061732172966,0.9428223967552185
Crematogaster_nawai_OKENT0105046_processed.obj,H2_joint,0.00460351537913084,0.07290159165859222,0.024773145094513893,0.04812844470143318,0.11097187548875809,0.2765960991382599,0.04503175988793373,0.05416666716337204,0.03853333368897438,0.15501223504543304,0.2367333322763443,0.11523333191871643,0.34039628505706787,0.5300333499908447,0.2506999969482422,0.7093740701675415,0.8921999931335449,0.5887333154678345,0.5905113220214844,0.4408000111579895,1.0,0.0,1.0,1.0,0.0,1.0,2.120869524446789e-08,0.0,0.8410899639129639,0.37726008892059326,0.0,0.0,0.0,12.967294692993164,81.90363311767578,0.008246146142482758,0.019254442304372787,0.020260941237211227,0.019915871322155,0.0,0.020389484241604805,0.05201440677046776,0.6241379380226135,0.03691903129220009,0.08967432379722595,0.3359411060810089,0.03414761275053024,0.06203826889395714,0.265193372964859,0.03163484111428261,0.05679704248905182,0.3113456666469574,0.019813142716884613,0.048918694257736206,0.6270924806594849,0.016433099284768105,0.03317680209875107,0.6496350169181824
Cryptopone_sauteri_CASENT0743771_processed.obj,H2_joint,0.004916160833090544,0.07669463753700256,0.02848709374666214,0.048207540065050125,0.10848849266767502,0.20955629646778107,0.043945394456386566,0.052933335304260254,0.037566665560007095,0.1456417292356491,0.2171333283185959,0.10956666618585587,0.321367472410202,0.48813334107398987,0.23953333497047424,0.6885643601417542,0.8534666895866394,0.5770666599273682,0.5914039015769958,0.351500004529953,1.0,0.0,1.0,1.0,0.0,1.0,2.106590635264638e-08,0.0,0.8435466885566711,0.39192429184913635,0.0,0.0,0.0,12.639150619506836,73.79480743408203,0.005899416748434305,0.016035249456763268,0.016625380143523216,0.01603003777563572,0.0,0.034593477845191956,0.11283040791749954,0.4015325903892517,0.02922326885163784,0.06584957987070084,0.41279336810112,0.01824367418885231,0.046298883855342865,0.6740331649780273,0.0300174318253994,0.0590951070189476,0.3298153281211853,0.01896626316010952,0.04751171916723251,0.6417718529701233,0.012214926071465015,0.02472071535885334,0.8600972890853882
Cyphoidris_afrc-tz01_CASENT0744810_processed.obj,H2_joint,0.01949571631848812,0.15109531581401825,0.03811154142022133,0.11298377066850662,0.23801815509796143,0.35085776448249817,0.011524388566613197,0.014566666446626186,0.009533333592116833,0.045595113188028336,0.09056666493415833,0.03046666644513607,0.10854363441467285,0.3090333342552185,0.06583333760499954,0.31531286239624023,0.7074333429336548,0.20286667346954346,0.5514966249465942,0.48403334617614746,1.0,0.0,1.0,1.0,0.0,1.0,1.6082823961482973e-08,0.0,0.8196719884872437,0.2919686734676361,0.0,0.0,0.0,13.191350936889648,90.71058654785156,0.010136567056179047,0.04171956703066826,0.04597009718418121,0.046820782124996185,0.0,0.03300595283508301,0.07651102542877197,0.3574712574481964,0.03635134547948837,0.07480449229478836,0.31339162588119507,0.05290842056274414,0.11795151978731155,0.2403315007686615,0.03800599277019501,0.0697673037648201,0.21372032165527344,0.03529021143913269,0.0870186984539032,0.3610610365867615,0.025875188410282135,0.06103751063346863,0.4197080135345459
Cyphomyrmex_cf.minutus_CASENT0744280_processed.obj,H2_joint,0.02276592329144478,0.16061608493328094,0.03829639405012131,0.12231969088315964,0.25624772906303406,0.4696880280971527,0.009300962090492249,0.012066666968166828,0.007566666696220636,0.0401914119720459,0.0800333321094513,0.02683333307504654,0.10381155461072922,0.3179333508014679,0.062033332884311676,0.29196634888648987,0.7540000081062317,0.18103332817554474,0.5028488039970398,0.5045333504676819,1.0,0.0,1.0,1.0,0.0,1.0,1.605368460388945e-08,0.0,0.8014606833457947,0.2653293311595917,0.0,0.0,0.0,13.121122360229492,92.07933807373047,0.010658062994480133,0.026797762140631676,0.03010699525475502,0.030899500474333763,0.0,0.02859860099852085,0.06364205479621887,0.3881226181983948,0.049237366765737534,0.12381334602832794,0.19420157372951508,0.06831333041191101,0.13421466946601868,0.0883977934718132,0.028546515852212906,0.05366283655166626,0.3298153281211853,0.03717052936553955,0.09820222109556198,0.3255214989185333,0.02994590438902378,0.06210121884942055,0.3467153310775757
Dilobocondyla_fouqueti_CASENT0745576_processed.obj,H2_joint,0.005936944857239723,0.0879066213965416,0.03525598347187042,0.05265063792467117,0.11820486187934875,0.2537655532360077,0.035501863807439804,0.043266668915748596,0.030100001022219658,0.11617998033761978,0.17686666548252106,0.08650000393390656,0.2508576512336731,0.3866000175476074,0.18566666543483734,0.6076971888542175,0.7293999791145325,0.520799994468689,0.5721234679222107,0.30140000581741333,1.0,0.0,1.0,1.0,0.0,1.0,2.0838607284190402e-08,0.0,0.8415884375572205,0.37334343791007996,0.0,0.0,0.0,12.892338752746582,81.49642944335938,0.007594277150928974,0.015519575215876102,0.01620728150010109,0.016536086797714233,0.0,0.03638550266623497,0.08948346972465515,0.35977011919021606,0.04587153345346451,0.10739119350910187,0.28393927216529846,0.024110326543450356,0.06304236501455307,0.6270718574523926,0.041895270347595215,0.09337357431650162,0.28496044874191284,0.02347542531788349,0.05807669833302498,0.5276848077774048,0.027024609968066216,0.06187823414802551,0.406326025724411
Dorylus_fulvus_CASENT0745678_processed.obj,H2_joint,0.004378398880362511,0.07552030682563782,0.029253065586090088,0.04626723751425743,0.10472580045461655,0.19630533456802368,0.03885714337229729,0.044199999421834946,0.03466666862368584,0.129524827003479,0.17483334243297577,0.10286666452884674,0.2980956435203552,0.41653335094451904,0.2321000099182129,0.6934860348701477,0.8374333381652832,0.5917666554450989,0.616474449634552,0.3231000006198883,1.0,0.0,1.0,1.0,0.0,1.0,2.3554532546654627e-08,0.0,0.8496198654174805,0.39664915204048157,0.0,0.0,0.0,12.82622241973877,78.80094146728516,0.007203155197203159,0.00942777656018734,0.010784938000142574,0.009678463451564312,0.0,0.026212366297841072,0.06294111907482147,0.4685823917388916,0.02924434095621109,0.07205966860055923,0.4413253664970398,0.03322169557213783,0.07381365448236465,0.33701658248901367,0.057908378541469574,0.09080428630113602,0.06596305966377258,0.02598687820136547,0.05659355968236923,0.4354880452156067,0.05375653877854347,0.1357453167438507,0.15693430602550507
Eciton_hamatum_CASENT0744580_processed.obj,H2_joint,0.0018839053809642792,0.0466921292245388,0.02380559593439102,0.02288653329014778,0.06804656982421875,0.12459657341241837,0.10416372120380402,0.10936667025089264,0.09943333268165588,0.2976325452327728,0.3151000142097473,0.28200000524520874,0.5655484199523926,0.5709999799728394,0.560200035572052,0.8901371955871582,0.8721333146095276,0.9089000225067139,0.5699737071990967,0.29910001158714294,1.0,0.0,1.0,1.0,0.0,1.0,2.2368499941194386e-08,0.0,0.843368649482727,0.39742329716682434,0.0,0.0,0.0,13.407463073730469,92.69633483886719,0.010462502017617226,0.01211242750287056,0.013135775923728943,0.012935119681060314,0.0,0.01903725601732731,0.05117347836494446,0.6279693841934204,0.044586990028619766,0.08667886257171631,0.2337781935930252,0.018771907314658165,0.05364232137799263,0.7071823477745056,0.015858719125390053,0.039219930768013,0.7335092425346375,0.01623118296265602,0.04874803125858307,0.7295905351638794,0.01082776952534914,0.044621650129556656,0.8880778551101685
Ectatomma_brunneum_CASENT0744575_processed.obj,H2_joint,0.014118997380137444,0.12858006358146667,0.03985559567809105,0.08872446417808533,0.19713431596755981,0.3866274952888489,0.019776416942477226,0.02396666631102562,0.016833333298563957,0.07133189588785172,0.12503333389759064,0.04989999905228615,0.16955359280109406,0.3616666793823242,0.11073333770036697,0.44478607177734375,0.7209333181381226,0.3215999901294708,0.5585286617279053,0.3578333258628845,1.0,0.0,1.0,1.0,0.0,1.0,1.7006588137746803e-08,0.0,0.8048632144927979,0.29346492886543274,0.0,0.0,0.0,12.860108375549316,85.89544677734375,0.009028389118611813,0.01439095288515091,0.024174930527806282,0.014995207078754902,0.0,0.05585823208093643,0.11955985426902771,0.16858237981796265,0.04750901460647583,0.125527486205101,0.2977450489997864,0.03088812716305256,0.06653167307376862,0.3839779198169708,0.024839960038661957,0.04332665726542473,0.3614775836467743,0.023444583639502525,0.05506953224539757,0.520988941192627,0.02573755383491516,0.0618111826479435,0.4428223669528961
Eurhopalothrix_procera_CASENT0745605_processed.obj,H2_joint,0.008979372680187225,0.1029742956161499,0.03310670331120491,0.0698675885796547,0.1612066626548767,0.33265459537506104,0.02430662326514721,0.030433334410190582,0.020233333110809326,0.09134642779827118,0.15706667304039001,0.06440000236034393,0.21268250048160553,0.40373334288597107,0.14436666667461395,0.543222188949585,0.7986000180244446,0.4115999937057495,0.5331478118896484,0.4190666675567627,1.0,0.0,1.0,1.0,0.0,1.0,1.9544755147649084e-08,0.0,0.8253461122512817,0.3197474479675293,0.0,0.0,0.0,12.932872772216797,88.35923767089844,0.00938691757619381,0.01040886901319027,0.011532517150044441,0.012214024551212788,0.0,0.036155834794044495,0.09766137599945068,0.380842924118042,0.03431348502635956,0.09983256459236145,0.40174874663352966,0.043144140392541885,0.10163432359695435,0.23204420506954193,0.030481405556201935,0.05479062721133232,0.26649078726768494,0.024612894281744957,0.06036381050944328,0.5140355229377747,0.01899951510131359,0.046333614736795425,0.6678832173347473
Heteroponera_panamensis_CASENT0744055_processed.obj,H2_joint,0.01869036629796028,0.14574959874153137,0.03879736363887787,0.1069522276520729,0.23324449360370636,0.34555259346961975,0.014686007983982563,0.017866667360067368,0.012466667219996452,0.05755537003278732,0.10460000485181808,0.03970000147819519,0.14486494660377502,0.3452000021934509,0.09166666865348816,0.37846094369888306,0.7168333530426025,0.25710001587867737,0.5516865849494934,0.42303332686424255,1.0,0.0,1.0,1.0,0.0,1.0,1.6111963319076494e-08,0.0,0.7946180701255798,0.2890239655971527,0.0,0.0,0.0,12.926600456237793,89.23548126220703,0.009745445102453232,0.036018770188093185,0.03859357163310051,0.03874273970723152,0.0,0.042583201080560684,0.10958317667245865,0.3057471215724945,0.042552221566438675,0.11591813713312149,0.32811781764030457,0.06411044299602509,0.13508956134319305,0.16298343241214752,0.03280622512102127,0.08143174648284912,0.4274406433105469,0.029673095792531967,0.07089214771986008,0.4285346567630768,0.023349687457084656,0.053947556763887405,0.5036496520042419
Labidus_praedator_CASENT0744236_processed.obj,H2_joint,0.007806041743606329,0.08203908056020737,0.03895939886569977,0.0430796816945076,0.13360854983329773,0.6494414806365967,0.058552537113428116,0.06246666610240936,0.05510000139474869,0.18051791191101074,0.20350000262260437,0.16220000386238098,0.3772764205932617,0.4260333478450775,0.33853334188461304,0.7360849976539612,0.7421000003814697,0.7301666736602783,0.6068638563156128,0.3849000036716461,1.0,0.0,1.0,1.0,0.0,1.0,2.244718189103878e-08,0.0,0.8372520208358765,0.39337095618247986,0.0,0.0,0.0,13.315884590148926,91.2750473022461,0.010136567056179047,0.031000502407550812,0.0342743955552578,0.03405933454632759,0.0,0.02681722678244114,0.07160600274801254,0.48314177989959717,0.09093983471393585,0.16916629672050476,0.06534744799137115,0.044011421501636505,0.11716313660144806,0.3591160476207733,0.05802224203944206,0.09852223098278046,0.0052770450711250305,0.02173304744064808,0.059797175228595734,0.5943858027458191,0.02113601192831993,0.05230284109711647,0.5815085172653198
Labidus_praedator_CASENT0744237_processed.obj,H2_joint,0.003969283774495125,0.06451310217380524,0.021918730810284615,0.04259436950087547,0.11754966527223587,0.2460256814956665,0.05147937685251236,0.05876666679978371,0.04580000042915344,0.18435902893543243,0.25753334164619446,0.14356666803359985,0.4368453919887543,0.6069999933242798,0.34119999408721924,0.7930068373680115,0.9311333298683167,0.6905666589736938,0.6381207704544067,0.30219998955726624,1.0,0.0,1.0,1.0,0.0,1.0,1.9148439278637852e-08,0.0,0.8117508888244629,0.2947341799736023,0.0,0.0,0.0,12.576078414916992,85.89006042480469,0.008735048584640026,0.007671139668673277,0.011575780808925629,0.008541337214410305,0.0,0.01930735632777214,0.04198550805449486,0.6214559674263,0.03799380362033844,0.10442544519901276,0.32857799530029297,0.04861607402563095,0.10858500748872757,0.2016574591398239,0.026646295562386513,0.05369286611676216,0.3825857639312744,0.015163195319473743,0.034445621073246,0.7473602890968323,0.019326992332935333,0.07145071029663086,0.7457420825958252
Lasius_nr._fuliginosus_CASENT0878037_processed.obj,H2_joint,0.0026419181376695633,0.05426551029086113,0.023608222603797913,0.030657287687063217,0.08082754909992218,0.21727685630321503,0.07666201889514923,0.08650000393390656,0.06883333623409271,0.24403077363967896,0.3124333322048187,0.20020000636577606,0.49912288784980774,0.6119999885559082,0.4214000105857849,0.8490176200866699,0.8804333209991455,0.8197667002677917,0.7373231649398804,0.19253332912921906,1.0,0.0,1.0,1.0,0.0,1.0,2.0902717778881197e-08,0.0,0.8419424891471863,0.3674653172492981,0.0,0.0,0.0,12.631278991699219,80.99617004394531,0.007985398173332214,0.013189681805670261,0.014678295701742172,0.01342663075774908,0.0,0.026788558810949326,0.09294203668832779,0.5766283869743347,0.028578877449035645,0.077969491481781,0.4680165648460388,0.01587500236928463,0.03007768653333187,0.6685082912445068,0.02459714375436306,0.06667809188365936,0.5303430557250977,0.013606119900941849,0.03136030212044716,0.8161215782165527,0.00952873658388853,0.025276850908994675,0.8953770995140076
Lioponera_daikoku_OKENT0105067_processed.obj,H2_joint,0.01625887118279934,0.1363300383090973,0.040068838745355606,0.09626119583845139,0.21217146515846252,0.3428618907928467,0.021068746224045753,0.02616666629910469,0.017633333802223206,0.07665488123893738,0.12823332846164703,0.054666668176651,0.17372222244739532,0.35626667737960815,0.11486666649580002,0.4102623760700226,0.7027000188827515,0.2897000014781952,0.5389697551727295,0.4265666604042053,1.0,0.0,1.0,1.0,0.0,1.0,1.7268856566943214e-08,0.0,0.8093979954719543,0.3137541711330414,0.0,0.0,0.0,13.227652549743652,91.05120086669922,0.01039731502532959,0.036593422293663025,0.03992558643221855,0.039924900978803635,0.0,0.042526740580797195,0.11541926115751266,0.33908045291900635,0.036351148039102554,0.08111179620027542,0.3267372250556946,0.05306926369667053,0.11780114471912384,0.21270719170570374,0.0376652367413044,0.07589209079742432,0.2955145239830017,0.03371606022119522,0.08771045506000519,0.46124130487442017,0.03317568451166153,0.08631733059883118,0.37469586730003357
Mayriella_sp._CASENT0745610_processed.obj,H2_joint,0.010004227980971336,0.10535219311714172,0.03042750433087349,0.07492469251155853,0.16765308380126953,0.4490243196487427,0.023318924009799957,0.028566667810082436,0.019700000062584877,0.08601979166269302,0.15656666457653046,0.059300001710653305,0.20100905001163483,0.42500001192092896,0.13163334131240845,0.5087969303131104,0.8216000199317932,0.3684999942779541,0.5470773577690125,0.47403332591056824,1.0,0.0,1.0,1.0,0.0,1.0,1.8618075969811798e-08,0.0,0.8277966976165771,0.33960649371147156,0.0,0.0,0.0,12.902481079101562,78.85608673095703,0.007040188182145357,0.05003722012042999,0.05162648484110832,0.05084497854113579,0.0,0.032945416867733,0.0838828980922699,0.412643700838089,0.03970015048980713,0.10399182140827179,0.2977450489997864,0.03717688098549843,0.10979298502206802,0.35635361075401306,0.05556616187095642,0.08782361447811127,0.05013192817568779,0.022806093096733093,0.058573298156261444,0.5660572052001953,0.019808664917945862,0.05967817083001137,0.687347948551178
Mesoponera_ambigua_CASENT0745584_processed.obj,H2_joint,0.011407079175114632,0.11311569064855576,0.03343821316957474,0.07967747747898102,0.17783452570438385,0.4116552174091339,0.024614522233605385,0.029866667464375496,0.020933333784341812,0.09118332713842392,0.1491333395242691,0.06566666811704636,0.20587058365345,0.4109666645526886,0.13733333349227905,0.5019205808639526,0.8144333362579346,0.3627333343029022,0.5335445404052734,0.3889999985694885,1.0,0.0,1.0,1.0,0.0,1.0,1.7041557498487236e-08,0.0,0.8122484683990479,0.2899673283100128,0.0,0.0,0.0,12.808631896972656,83.80309295654297,0.008409113623201847,0.006705961190164089,0.008780281990766525,0.007035825401544571,0.0,0.03713350370526314,0.10986404865980148,0.4118773937225342,0.03265153989195824,0.0782105103135109,0.3248964548110962,0.034535039216279984,0.06992452591657639,0.3093922734260559,0.03693114221096039,0.07816622406244278,0.2559366822242737,0.025884348899126053,0.0639452114701271,0.5158382654190063,0.022011524066329002,0.051715318113565445,0.5243309140205383
Myrmecina_ryukyuensis_OKENT0105085_processed.obj,H2_joint,0.006993182469159365,0.08514711260795593,0.03175022453069687,0.053396888077259064,0.11694400012493134,0.4278755486011505,0.0573166124522686,0.06666667014360428,0.05026666820049286,0.19201205670833588,0.25896668434143066,0.15256667137145996,0.3868058919906616,0.5022000074386597,0.3145333230495453,0.6290642619132996,0.743233323097229,0.5453000068664551,0.6753085851669312,0.26786667108535767,1.0,0.0,1.0,1.0,0.0,1.0,2.3347631383785483e-08,0.0,0.8511143922805786,0.4096360206604004,0.0,0.0,0.0,12.501479148864746,72.8673324584961,0.005932010244578123,0.007145870942622423,0.008488358929753304,0.007769628427922726,0.0,0.03626573458313942,0.08329562097787857,0.35938698053359985,0.04305848851799965,0.0982711911201477,0.30280718207359314,0.03929765895009041,0.09980849176645279,0.40055251121520996,0.04987339302897453,0.09525128453969955,0.2401055544614792,0.01078102644532919,0.023600663989782333,0.9106361269950867,0.007918734103441238,0.013994238339364529,0.9914841651916504
Myrmecina_sp._CASENT0745613_processed.obj,H2_joint,0.007908686995506287,0.0966964066028595,0.031306978315114975,0.06538942456245422,0.14855138957500458,0.2307150810956955,0.02901805378496647,0.034833334386348724,0.02486666664481163,0.10451162606477737,0.16973333060741425,0.0755000039935112,0.24469541013240814,0.43560001254081726,0.1701333373785019,0.571308434009552,0.818933367729187,0.4386666715145111,0.5500801205635071,0.3896999955177307,1.0,0.0,1.0,1.0,0.0,1.0,1.9955640695457078e-08,0.0,0.8292544484138489,0.3171800673007965,0.0,0.0,0.0,12.923555374145508,79.95669555664062,0.007170562166720629,0.04504130035638809,0.04765714704990387,0.044870272278785706,0.0,0.03383578732609749,0.09699155390262604,0.4160919487476349,0.0355440191924572,0.09243921935558319,0.3713759779930115,0.02377433143556118,0.07497483491897583,0.610497236251831,0.0525006428360939,0.08920187503099442,0.10817942023277283,0.02414765954017639,0.06593244522809982,0.5524079203605652,0.019952135160565376,0.04602206125855446,0.614355206489563
Nesomyrmex_angulatus_CASENT0744820_processed.obj,H2_joint,0.00992598570883274,0.10974431037902832,0.03293568640947342,0.0768086239695549,0.15934666991233826,0.31803175806999207,0.022314727306365967,0.028266666457057,0.018433334305882454,0.08409804850816727,0.15406666696071625,0.05783333256840706,0.187262624502182,0.4101000130176544,0.12133333832025528,0.4692333936691284,0.7870000004768372,0.33426666259765625,0.5137126445770264,0.5066333413124084,1.0,0.0,1.0,1.0,0.0,1.0,1.8763779863206764e-08,0.0,0.8265392184257507,0.34406986832618713,0.0,0.0,0.0,12.865827560424805,80.87662506103516,0.007431309670209885,0.015478936024010181,0.016371313482522964,0.01571129448711872,0.0,0.044095974415540695,0.10647466033697128,0.2896551787853241,0.026222914457321167,0.06476426869630814,0.4730786979198456,0.04249170795083046,0.09836667031049728,0.23204420506954193,0.02392922155559063,0.049020711332559586,0.4511873424053192,0.02329501137137413,0.06163720414042473,0.5542106628417969,0.01644044555723667,0.03389439731836319,0.6776155829429626
Odontomachus_troglodytes_CASENT0744970_processed.obj,H2_joint,0.0026909613516181707,0.05765716731548309,0.024295039474964142,0.03336212784051895,0.08396067470312119,0.18977724015712738,0.06901874393224716,0.07540000230073929,0.06363333761692047,0.21710336208343506,0.2648000121116638,0.18396666646003723,0.4318374991416931,0.5167999863624573,0.37086665630340576,0.835762083530426,0.8999333381652832,0.7801333665847778,0.647712767124176,0.2842000126838684,1.0,0.0,1.0,1.0,0.0,1.0,2.1867279542675533e-08,0.0,0.8426879048347473,0.3822999596595764,0.0,0.0,0.0,13.009134292602539,83.79291534423828,0.008539487607777119,0.031193261966109276,0.03316846117377281,0.03265450522303581,0.0,0.02284928224980831,0.05696836858987808,0.5517241358757019,0.029800795018672943,0.0697084292769432,0.38840314745903015,0.021936774253845215,0.04059646278619766,0.4723757207393646,0.03138090297579765,0.07154779881238937,0.3641161024570465,0.020927324891090393,0.05853115767240524,0.6196240186691284,0.01652115024626255,0.05636825039982796,0.787104606628418
Oxyopomyrmex_saulcyi_CASENT0745218_processed.obj,H2_joint,0.006932484917342663,0.08752548694610596,0.02416056953370571,0.0633649155497551,0.14350609481334686,0.3120420277118683,0.03664135932922363,0.0435333326458931,0.03163333237171173,0.1278630644083023,0.20666666328907013,0.09256666898727417,0.28783291578292847,0.5252333283424377,0.19823333621025085,0.6040512323379517,0.8996333479881287,0.4546666741371155,0.5769428610801697,0.4263000190258026,1.0,0.0,1.0,1.0,0.0,1.0,1.803817362144855e-08,0.0,0.8213216066360474,0.3215874135494232,0.0,0.0,0.0,12.737981796264648,80.77828979492188,0.007105375174432993,0.014765177853405476,0.01649637706577778,0.01615833304822445,0.0,0.022218042984604836,0.055707551538944244,0.5697318315505981,0.021118415519595146,0.04797101765871048,0.5632765889167786,0.02934185601770878,0.07026076316833496,0.4116022288799286,0.03924154117703438,0.07295253127813339,0.139841690659523,0.02528461627662182,0.07327308505773544,0.563481867313385,0.036420851945877075,0.077562116086483,0.277372270822525
Polyrhachis_decemdentata_CASENT0744779_processed.obj,H2_joint,0.007052702829241753,0.09385588765144348,0.0346834734082222,0.05917241424322128,0.1286197453737259,0.2365754395723343,0.028903696686029434,0.034699998795986176,0.024766666814684868,0.10272073745727539,0.1639000028371811,0.07479999959468842,0.24428272247314453,0.4156666696071625,0.17296667397022247,0.57301926612854,0.7771999835968018,0.4537999927997589,0.5819711089134216,0.3492000102996826,1.0,0.0,1.0,1.0,0.0,1.0,2.043354996317248e-08,0.0,0.8269384503364563,0.3500354588031769,0.0,0.0,0.0,12.758501052856445,80.840087890625,0.007561683654785156,0.0020775003358721733,0.0034419819712638855,0.002291690791025758,0.0,0.03575870022177696,0.10648424178361893,0.412643700838089,0.047161005437374115,0.10511548072099686,0.2641509473323822,0.04511838033795357,0.07985438406467438,0.18508288264274597,0.04109208658337593,0.09270727634429932,0.3271768093109131,0.023752788081765175,0.05711330100893974,0.5181560516357422,0.018442749977111816,0.04764436185359955,0.687347948551178
Polyrhachis_dives_CASENT0878093_processed.obj,H2_joint,0.014160256832838058,0.12465230375528336,0.03520342707633972,0.08944887667894363,0.20090512931346893,0.33390727639198303,0.021251672878861427,0.025800000876188278,0.018066667020320892,0.08116152882575989,0.1464666724205017,0.05613333359360695,0.18254618346691132,0.4117666780948639,0.11726666986942291,0.4546928405761719,0.7921000123023987,0.31886667013168335,0.5540279746055603,0.3891333341598511,1.0,0.0,1.0,1.0,0.0,1.0,1.772345292749833e-08,0.0,0.8183227181434631,0.27747541666030884,0.0,0.0,0.0,13.038252830505371,91.29527282714844,0.010299534536898136,0.005734673701226711,0.00642007403075695,0.006141985766589642,0.0,0.04581262171268463,0.1305854171514511,0.29272031784057617,0.03811422735452652,0.09439479559659958,0.3110906779766083,0.048925548791885376,0.11319423466920853,0.09944751858711243,0.029335269704461098,0.061729345470666885,0.40369394421577454,0.022481627762317657,0.05261315032839775,0.6124131083488464,0.02818574383854866,0.07586285471916199,0.514598548412323
Ponera_kohmoku_OKENT0105440_processed.obj,H2_joint,0.00520686712116003,0.07988695800304413,0.027924593538045883,0.05196236073970795,0.11790831387042999,0.18565736711025238,0.03485139086842537,0.04183333367109299,0.029866667464375496,0.12560531497001648,0.18950000405311584,0.0939333364367485,0.289359986782074,0.461899995803833,0.21066667139530182,0.663564920425415,0.860966682434082,0.5397999882698059,0.606261134147644,0.4443666636943817,1.0,0.0,1.0,1.0,0.0,1.0,2.0634621122894714e-08,0.0,0.8331553339958191,0.35989898443222046,0.0,0.0,0.0,12.904216766357422,85.4281234741211,0.008800235576927662,0.007922857068479061,0.008543727919459343,0.008541206829249859,0.0,0.02812780998647213,0.06264985352754593,0.43486592173576355,0.0296175554394722,0.06452559679746628,0.37643811106681824,0.024882301688194275,0.05963870510458946,0.49723759293556213,0.027334032580256462,0.05276980996131897,0.36939316987991333,0.025510486215353012,0.05844433605670929,0.5191861987113953,0.03639150783419609,0.08767840266227722,0.2895376980304718
Ponera_tamon_OKENT0105154_processed.obj,H2_joint,0.002499939175322652,0.053575269877910614,0.022161608561873436,0.03141365945339203,0.07648475468158722,0.2623523771762848,0.08170948177576065,0.09146666526794434,0.07383333146572113,0.2558691203594208,0.31336668133735657,0.21620000898838043,0.48927852511405945,0.591866672039032,0.4169999957084656,0.8529773950576782,0.9257667064666748,0.7908000349998474,0.6652511954307556,0.31103333830833435,1.0,0.0,1.0,1.0,0.0,1.0,2.3472937371593616e-08,0.0,0.8484189510345459,0.4094536602497101,0.0,0.0,0.0,12.857357025146484,81.44812774658203,0.0074639031663537025,0.01771344244480133,0.0201701857149601,0.019172046333551407,0.0,0.022089993581175804,0.05798480659723282,0.6045976877212524,0.028516866266727448,0.06117788329720497,0.37689828872680664,0.014702802523970604,0.04582354426383972,0.7983425855636597,0.026186903938651085,0.0620134100317955,0.4854881465435028,0.015076752752065659,0.03774617984890938,0.7455575466156006,0.04848410561680794,0.22160100936889648,0.6374695897102356
Pseudolasius_sp._CASENT0878065_processed.obj,H2_joint,0.012150944210588932,0.11440778523683548,0.03496010601520538,0.0794476792216301,0.18080198764801025,0.4251020848751068,0.022997597232460976,0.027300000190734863,0.019866667687892914,0.08528128266334534,0.14276666939258575,0.06080000102519989,0.20613634586334229,0.40746667981147766,0.13796666264533997,0.509012758731842,0.7858999967575073,0.3763999938964844,0.5655254125595093,0.36953333020210266,1.0,0.0,1.0,1.0,0.0,1.0,1.6365490296266216e-08,0.0,0.8155762553215027,0.2785201668739319,0.0,0.0,0.0,12.862959861755371,85.56105041503906,0.00866986159235239,0.02182653173804283,0.02539077401161194,0.024182746186852455,0.0,0.035603635013103485,0.12444950640201569,0.4475095868110657,0.0478939488530159,0.09657642245292664,0.19558215141296387,0.04118485748767853,0.1283639818429947,0.2458563596010208,0.023144403472542763,0.04146648943424225,0.416886568069458,0.023982271552085876,0.057949140667915344,0.5122328400611877,0.025361450389027596,0.053548965603113174,0.43795621395111084
Pseudomyrmex_cf.solis_CASENT0744065_processed.obj,H2_joint,0.003884249832481146,0.06833243370056152,0.031059129163622856,0.037273306399583817,0.0863150954246521,0.2591063380241394,0.054822202771902084,0.061633333563804626,0.04936666786670685,0.1767364740371704,0.22269999980926514,0.14650000631809235,0.3800540268421173,0.45730000734329224,0.3251333236694336,0.7578290700912476,0.7947333455085754,0.7242000102996826,0.6053587198257446,0.28060001134872437,1.0,0.0,1.0,1.0,0.0,1.0,2.2814354849742813e-08,0.0,0.8441596627235413,0.40023043751716614,0.0,0.0,0.0,13.194053649902344,90.7628173828125,0.0102343475446105,0.010431917384266853,0.011749053373932838,0.010859927162528038,0.0,0.024603260681033134,0.07627591490745544,0.5896551609039307,0.03805931657552719,0.08408799022436142,0.30372756719589233,0.02854037843644619,0.06461538374423981,0.4364641010761261,0.039808887988328934,0.08559349179267883,0.3087071478366852,0.0273843202739954,0.0841330885887146,0.48235902190208435,0.013023805804550648,0.030515560880303383,0.8248175382614136
Solenopsis_invicta_CASENT0744384_processed.obj,H2_joint,0.008602485992014408,0.1003342717885971,0.029592184349894524,0.07074208557605743,0.16120539605617523,0.24463917315006256,0.02462935447692871,0.030400000512599945,0.02070000022649765,0.09015901386737823,0.15743333101272583,0.06316667050123215,0.21419213712215424,0.435699999332428,0.1420000046491623,0.5328736901283264,0.8398666977882385,0.3902333378791809,0.5216814875602722,0.4876333475112915,1.0,0.0,1.0,1.0,0.0,1.0,1.8760866637990148e-08,0.0,0.8161048293113708,0.2868212163448334,0.0,0.0,0.0,12.753294944763184,79.14532470703125,0.0074964966624975204,0.0015816170489415526,0.004604593850672245,0.0016462772618979216,0.0,0.0259392149746418,0.06175211817026138,0.4636015295982361,0.03517817333340645,0.08652536571025848,0.3506672978401184,0.03175153210759163,0.07277163118124008,0.40055251121520996,0.03720787912607193,0.07218296080827713,0.2955145239830017,0.031142642721533775,0.0752740204334259,0.4151429235935211,0.01810205914080143,0.05369260534644127,0.7177615761756897
Stigmatomma_FHG02_CASENT0745561_processed.obj,H2_joint,0.011143574491143227,0.10563576221466064,0.029946360737085342,0.0756894052028656,0.19226489961147308,0.4253278374671936,0.03518380969762802,0.042399998754262924,0.03006666712462902,0.11816436797380447,0.1845666617155075,0.0869000032544136,0.2544868290424347,0.43886667490005493,0.17920000851154327,0.5552115440368652,0.8261333703994751,0.4180999994277954,0.589900553226471,0.3611000180244446,1.0,0.0,1.0,1.0,0.0,1.0,1.8807492452310726e-08,0.0,0.8296598792076111,0.33730241656303406,0.0,0.0,0.0,12.735989570617676,81.75577545166016,0.007529090158641338,0.03588631749153137,0.03887752816081047,0.03828267380595207,0.0,0.02517247200012207,0.06347598135471344,0.5172414183616638,0.03211675584316254,0.0697043240070343,0.33179935812950134,0.028063053265213966,0.06285776197910309,0.38121548295021057,0.05631028860807419,0.08228426426649094,0.0,0.02914782427251339,0.08570419251918793,0.4952356517314911,0.027820920571684837,0.09493619948625565,0.5036496520042419
Strumigenys_alberti_CASENT0878103_processed.obj,H2_joint,0.011018995195627213,0.11239539831876755,0.03337954729795456,0.07901585102081299,0.18165048956871033,0.30051660537719727,0.02114800736308098,0.025299999862909317,0.018166666850447655,0.08606567233800888,0.1460999995470047,0.061000000685453415,0.20103532075881958,0.41253334283828735,0.13289999961853027,0.49866020679473877,0.7881667017936707,0.36469998955726624,0.5071126222610474,0.49070000648498535,1.0,0.0,1.0,1.0,0.0,1.0,1.8539395796324243e-08,0.0,0.8227849006652832,0.30543091893196106,0.0,0.0,0.0,13.012106895446777,94.2061996459961,0.01124474499374628,0.012623310089111328,0.016552161425352097,0.013210554607212543,0.0,0.03135637938976288,0.09032519906759262,0.43486592173576355,0.03508659452199936,0.08081883937120438,0.3235158920288086,0.02906232699751854,0.05955294519662857,0.35635361075401306,0.02496391348540783,0.05278859660029411,0.4696570038795471,0.030054999515414238,0.09473416209220886,0.4996137022972107,0.024236876517534256,0.052817270159721375,0.4987834393978119
Strumigenys_canina_OKENT0105288_processed.obj,H2_joint,0.006436158437281847,0.08631842583417892,0.030052432790398598,0.05626599118113518,0.13333316147327423,0.3836853802204132,0.037676386535167694,0.04520000144839287,0.03229999914765358,0.12836048007011414,0.1982666701078415,0.09490000456571579,0.28718456625938416,0.4668999910354614,0.2073666751384735,0.6323792934417725,0.8179666996002197,0.5154333114624023,0.6060476899147034,0.33889999985694885,1.0,0.0,1.0,1.0,0.0,1.0,1.9436933840211168e-08,0.0,0.8342400789260864,0.3446500599384308,0.0,0.0,0.0,13.106257438659668,88.48767852783203,0.009647665545344353,0.001487598055973649,0.003302966011688113,0.001686526695266366,0.0,0.03298791125416756,0.09120924770832062,0.42375481128692627,0.027145346626639366,0.06324347108602524,0.37735849618911743,0.02646091766655445,0.0631338357925415,0.41436466574668884,0.02201487496495247,0.04352287948131561,0.488126665353775,0.0247734896838665,0.07052282243967056,0.5724955201148987,0.018253659829497337,0.04923629388213158,0.7566909790039062
Strumigenys_crassicornis_CASENT0744273_processed.obj,H2_joint,0.00921614095568657,0.10355763882398605,0.030315862968564034,0.07324177771806717,0.17041684687137604,0.25101760029792786,0.024122998118400574,0.02903333306312561,0.020633334293961525,0.08704917877912521,0.14970000088214874,0.06136666610836983,0.20674994587898254,0.42213332653045654,0.13690000772476196,0.5183364152908325,0.8226667046546936,0.3783666789531708,0.552252471446991,0.45793333649635315,1.0,0.0,1.0,1.0,0.0,1.0,1.8635560650182015e-08,0.0,0.8173997402191162,0.30301621556282043,0.0,0.0,0.0,12.868268013000488,89.09526824951172,0.009810632094740868,0.008709738031029701,0.012673802673816681,0.008877263404428959,0.0,0.03011234477162361,0.07731512188911438,0.4325670599937439,0.039873622357845306,0.0918659195303917,0.3391624391078949,0.030821632593870163,0.07709118723869324,0.3867403566837311,0.03741427883505821,0.0696466937661171,0.27176782488822937,0.023902131244540215,0.05762837082147598,0.5055369734764099,0.027486132457852364,0.09069480001926422,0.6167883276939392
Strumigenys_sp._appretiata_group_CASENT0744156_processed.obj,H2_joint,0.006493670865893364,0.08744741976261139,0.034155841916799545,0.053291577845811844,0.12815210223197937,0.1985446810722351,0.05020233616232872,0.05953333526849747,0.04340000078082085,0.16307386755943298,0.24423334002494812,0.12240000069141388,0.3286838233470917,0.47636666893959045,0.250900000333786,0.6263856291770935,0.7491333484649658,0.5382000207901001,0.5985967516899109,0.3747333288192749,1.0,0.0,1.0,1.0,0.0,1.0,2.2686139189431742e-08,0.0,0.8393431901931763,0.3613830506801605,0.0,0.0,0.0,12.745518684387207,85.38663482666016,0.008702455088496208,0.001956331077963114,0.0033274018205702305,0.002116851508617401,0.0,0.03778186812996864,0.10617319494485855,0.39846745133399963,0.04033420979976654,0.08930246531963348,0.28670042753219604,0.025959787890315056,0.07875990867614746,0.5966851115226746,0.058199699968099594,0.09145969897508621,0.0,0.0161469504237175,0.0481765940785408,0.798866868019104,0.015737535431981087,0.038560718297958374,0.7688564658164978
Strumigenys_stenorhina_OKENT0105268_processed.obj,H2_joint,0.0025384151376783848,0.05011019855737686,0.019670238718390465,0.030439961701631546,0.09289849549531937,0.28745049238204956,0.1001134142279625,0.10786666721105576,0.0934000015258789,0.2950013279914856,0.34433335065841675,0.2580333352088928,0.5604464411735535,0.6432999968528748,0.49650001525878906,0.8828085660934448,0.944433331489563,0.8287333250045776,0.7173776626586914,0.2869666814804077,1.0,0.0,1.0,1.0,0.0,1.0,2.316987313122354e-08,0.0,0.838433027267456,0.3606296479701996,0.0,0.0,0.0,12.321203231811523,82.53314971923828,0.008311333134770393,0.007016601972281933,0.010449552908539772,0.00786251574754715,0.0,0.019495829939842224,0.04274826869368553,0.5831418037414551,0.03362438827753067,0.07885440438985825,0.36171191930770874,0.03974883630871773,0.09248775988817215,0.2845304012298584,0.01592089980840683,0.03320043161511421,0.7440633773803711,0.01011672243475914,0.022251533344388008,0.9144991040229797,0.01571555994451046,0.030825499445199966,0.787104606628418
Syllophopsis_sechellensis_OKENT0105212_processed.obj,H2_joint,0.002296299673616886,0.051782093942165375,0.021831559017300606,0.029950536787509918,0.07464440912008286,0.25365161895751953,0.08268143236637115,0.09293333441019058,0.07446666806936264,0.2535785734653473,0.3172333240509033,0.21119999885559082,0.4944427013397217,0.6034333109855652,0.4187999963760376,0.8658161163330078,0.910800039768219,0.8250666856765747,0.6981301307678223,0.23200000822544098,1.0,0.0,1.0,1.0,0.0,1.0,2.3225240397550806e-08,0.0,0.8402501344680786,0.38357535004615784,0.0,0.0,0.0,12.991382598876953,84.90096282958984,0.008930608630180359,0.02951415628194809,0.031627312302589417,0.030616240575909615,0.0,0.020265702158212662,0.05742930620908737,0.6409961581230164,0.0320369191467762,0.07094647735357285,0.33317995071411133,0.016846172511577606,0.03966658189892769,0.6823204755783081,0.029558373615145683,0.07970977574586868,0.4538258910179138,0.015308380126953125,0.03776143863797188,0.750193178653717,0.03438081592321396,0.19730345904827118,0.7518247961997986
Temnothorax_congruus_OKENT0105443_processed.obj,H2_joint,0.005200082901865244,0.08317910134792328,0.03324221074581146,0.049936894327402115,0.10774648189544678,0.16644015908241272,0.03618257865309715,0.04156666621565819,0.03203333541750908,0.12326226383447647,0.16953334212303162,0.09683333337306976,0.27232640981674194,0.38269999623298645,0.211366668343544,0.6349493861198425,0.7615000009536743,0.5444666743278503,0.5803591012954712,0.39873334765434265,1.0,0.0,1.0,1.0,0.0,1.0,2.1564213525948617e-08,0.0,0.843042254447937,0.39622122049331665,0.0,0.0,0.0,12.775424003601074,79.62506866455078,0.0074964966624975204,0.003935137297958136,0.005701633635908365,0.004066684748977423,0.0,0.028404949232935905,0.07787055522203445,0.49003833532333374,0.029878366738557816,0.06787661463022232,0.3939254581928253,0.019816342741250992,0.05279532074928284,0.6491712927818298,0.02125999890267849,0.04490446671843529,0.519788920879364,0.04139013588428497,0.08920972794294357,0.26551637053489685,0.05305466428399086,0.10364890098571777,0.15328466892242432
Temnothorax_sp._OKENT0105336_processed.obj,H2_joint,0.006330262869596481,0.0852833241224289,0.026081537827849388,0.059201788157224655,0.14172464609146118,0.21337731182575226,0.03924351930618286,0.0471000000834465,0.03363333269953728,0.13044282793998718,0.20743334293365479,0.09513333439826965,0.2794908881187439,0.4940333366394043,0.19486667215824127,0.6215513348579407,0.8652333617210388,0.4849666655063629,0.5667951107025146,0.4411333501338959,1.0,0.0,1.0,1.0,0.0,1.0,2.0684161938788748e-08,0.0,0.8389410972595215,0.37689539790153503,0.0,0.0,0.0,12.929573059082031,81.1017837524414,0.007561683654785156,0.0056873708963394165,0.007809420116245747,0.006211332511156797,0.0,0.024961648508906364,0.06808709353208542,0.5613027215003967,0.026442158967256546,0.06314577162265778,0.4519098103046417,0.02926499955356121,0.07883360981941223,0.5027624368667603,0.026495907455682755,0.05047887936234474,0.35356202721595764,0.027260249480605125,0.06318045407533646,0.42879217863082886,0.03253031149506569,0.06057177856564522,0.3114355206489563
Tetramorium_kraepelini_CASENT0744084_processed.obj,H2_joint,0.006839938461780548,0.08969461172819138,0.02711709402501583,0.0625775158405304,0.14245694875717163,0.2078223079442978,0.030681995674967766,0.03813333436846733,0.02566666714847088,0.10984107106924057,0.1858000010251999,0.07796666771173477,0.2504418194293976,0.4738333523273468,0.17020000517368317,0.5950769186019897,0.866266667842865,0.45320001244544983,0.5850425958633423,0.4530999958515167,1.0,0.0,1.0,1.0,0.0,1.0,1.9996438282987583e-08,0.0,0.8345999121665955,0.3612152338027954,0.0,0.0,0.0,12.731547355651855,76.15898895263672,0.005964603740721941,0.003572362009435892,0.008424784056842327,0.0037379676941782236,0.0,0.029311953112483025,0.07676877081394196,0.42681992053985596,0.024180028587579727,0.05643636733293533,0.48964565992355347,0.03937438502907753,0.10251373052597046,0.3093922734260559,0.02690211683511734,0.05322521924972534,0.3298153281211853,0.02231895737349987,0.05698719248175621,0.5784187316894531,0.016315029934048653,0.04211261868476868,0.7457420825958252
Acanthostichus_aff.brevicornis_CASENT0744328_processed.obj,H3_deform,0.0033170790411531925,0.05941801518201828,0.02311685122549534,0.03630116581916809,0.10107452422380447,0.29607322812080383,0.06376448273658752,0.07256666570901871,0.05686666816473007,0.20743657648563385,0.26766666769981384,0.1693333387374878,0.43972232937812805,0.5726000070571899,0.35690000653266907,0.8383923172950745,0.9208333492279053,0.7695000171661377,0.700369119644165,0.266400009393692,1.0052675008773804,0.15550896525382996,1.1679279804229736,0.8348117470741272,0.07384488731622696,1.0276027917861938,0.11567264795303345,0.0,0.8384056091308594,0.4009432792663574,0.0056129340082407,0.016297785565257072,0.0474996343255043,16.94220542907715,132.94558715820312,0.030898602679371834,0.0007644814322702587,0.0028139816131442785,0.0007515209726989269,-0.0013662874698638916,0.024250255897641182,0.0620022676885128,0.5452107191085815,0.0220006313174963,0.04549211263656616,0.4845835268497467,0.014597742818295956,0.02751612663269043,0.8397790193557739,0.03091038577258587,0.05825640261173248,0.23746702075004578,0.017919180914759636,0.048676639795303345,0.7095029950141907,0.042656686156988144,0.22927308082580566,0.7201946377754211
Acromyrmex_coronatus_CASENT0744365_processed.obj,H3_deform,0.0032582548446953297,0.05813462659716606,0.021710768342018127,0.036423858255147934,0.10298695415258408,0.2705986797809601,0.059407755732536316,0.06909999996423721,0.05209999904036522,0.20294809341430664,0.27533334493637085,0.1607000082731247,0.4516122341156006,0.6015666723251343,0.36149999499320984,0.8440303802490234,0.9214666485786438,0.7786000370979309,0.6699399352073669,0.24336667358875275,0.9806479215621948,0.1553651988506317,1.128132939338684,0.7506119012832642,0.08498071134090424,0.9611025452613831,0.1541052609682083,0.0,0.8175263404846191,0.30617132782936096,0.005928628146648407,0.01832927204668522,0.060585785657167435,15.685887336730957,116.08966827392578,0.021511685103178024,0.04347812011837959,0.0442999042570591,0.048552826046943665,-0.0005325153470039368,0.022085558623075485,0.05126781389117241,0.5260536670684814,0.030056873336434364,0.093568354845047,0.505752444267273,0.034159500151872635,0.11642167717218399,0.4558011293411255,0.02168903313577175,0.0622108019888401,0.6543536186218262,0.019169574603438377,0.06143025681376457,0.7043523192405701,0.00990768987685442,0.023390555754303932,0.9124087691307068
Acromyrmex_lobicornis_CASENT0878007_processed.obj,H3_deform,0.007543278858065605,0.09478098899126053,0.03151976317167282,0.06326122581958771,0.1406090408563614,0.29052385687828064,0.029041560366749763,0.03503333404660225,0.024800000712275505,0.10250399261713028,0.1735333353281021,0.0727333351969719,0.23759344220161438,0.45266667008399963,0.1610666662454605,0.570734441280365,0.8184333443641663,0.4381333291530609,0.6077830791473389,0.34769999980926514,0.9895115494728088,0.1665145605802536,1.145723819732666,0.7714454531669617,0.08234299719333649,0.9945966005325317,0.1446627378463745,0.0,0.8269046545028687,0.32549595832824707,0.006476451177150011,0.016871169209480286,0.05589725077152252,16.453704833984375,124.66971588134766,0.027704443782567978,0.031816817820072174,0.03297240287065506,0.03378714621067047,-7.245689630508423e-05,0.036945242434740067,0.09680229425430298,0.3620689809322357,0.035238463431596756,0.0973924994468689,0.40128853917121887,0.03484433516860008,0.09270498156547546,0.3093922734260559,0.02712056040763855,0.0637936219573021,0.4538258910179138,0.02183917537331581,0.04893864318728447,0.6167911291122437,0.015482890419661999,0.04031386971473694,0.7919707894325256
Anochetus_risii_CASENT0877608_processed.obj,H3_deform,0.0021907936315983534,0.04915570467710495,0.01919473148882389,0.02996097318828106,0.08363167196512222,0.22843867540359497,0.08025068789720535,0.0892999991774559,0.07286667078733444,0.26402750611305237,0.3289666771888733,0.22050000727176666,0.5560386180877686,0.6667333245277405,0.4768666625022888,0.8663014769554138,0.937166690826416,0.805400013923645,0.7100338339805603,0.1790333390235901,0.9949588179588318,0.13642123341560364,1.1243330240249634,0.8314188122749329,0.06982383877038956,1.0056365728378296,0.12349240481853485,0.0,0.8355445861816406,0.35522544384002686,0.004608969669789076,0.013372671790421009,0.06428404152393341,16.73283576965332,117.05084991455078,0.021544279530644417,0.003172663738951087,0.0037990466225892305,0.0033951483201235533,-0.000619970029219985,0.015075280331075191,0.03109687566757202,0.7501915693283081,0.029953740537166595,0.06257764995098114,0.35941097140312195,0.021259896457195282,0.045161254703998566,0.5469613671302795,0.036626238375902176,0.0700984075665474,0.19788919389247894,0.014380525797605515,0.043165747076272964,0.8354365229606628,0.009428502060472965,0.029114415869116783,0.9111921787261963
Anochetus_risii_CASENT0877609_processed.obj,H3_deform,0.009312309324741364,0.10560901463031769,0.03216615319252014,0.07344286143779755,0.15772753953933716,0.32125577330589294,0.022333284839987755,0.02786666713654995,0.01863333396613598,0.08272922039031982,0.14463333785533905,0.05793333426117897,0.19748617708683014,0.38930001854896545,0.13230000436306,0.5134065747261047,0.7983333468437195,0.3783666789531708,0.5273942351341248,0.4503999948501587,0.9720369577407837,0.1982811838388443,1.1819298267364502,0.6593740582466125,0.13123847544193268,0.9473063349723816,0.2383144050836563,0.0,0.7910932302474976,0.24126406013965607,0.00981236808001995,0.02516135387122631,0.07464929670095444,17.630985260009766,137.19696044921875,0.029138555750250816,0.040172792971134186,0.04126453027129173,0.04230312258005142,0.0005707517266273499,0.03157656639814377,0.07430295646190643,0.3938697278499603,0.040062807500362396,0.09490591287612915,0.3055683374404907,0.028464579954743385,0.10135789960622787,0.560773491859436,0.038067448884248734,0.07084475457668304,0.2559366822242737,0.02784746326506138,0.0701981782913208,0.444501668214798,0.026468904688954353,0.08863687515258789,0.6228710412979126
Aphaenogaster_pallida_CASENT0745235_processed.obj,H3_deform,0.004739136900752783,0.073920339345932,0.031878646463155746,0.04204168915748596,0.10648809373378754,0.14680881798267365,0.051024630665779114,0.057333335280418396,0.04596666619181633,0.19586707651615143,0.251800000667572,0.1602666676044464,0.4266178011894226,0.5131333470344543,0.36506667733192444,0.7056786417961121,0.7652666568756104,0.654699981212616,0.7661197185516357,0.10646666586399078,0.9956151247024536,0.11642445623874664,1.0931302309036255,0.8793746829032898,0.0508844293653965,0.99746173620224,0.08329048752784729,0.0,0.8450006246566772,0.39665016531944275,0.0037930039688944817,0.011058924719691277,0.04225105419754982,14.263618469238281,102.67471313476562,0.015481894835829735,0.000610928691457957,0.0016683433204889297,0.0006980858743190765,-0.0004115749034099281,0.040447719395160675,0.09273340553045273,0.373180091381073,0.032618749886751175,0.07523278146982193,0.3060285449028015,0.014081984758377075,0.029165709391236305,0.7596685290336609,0.02770395763218403,0.0749523937702179,0.5329815745353699,0.013402674347162247,0.026904335245490074,0.8792170882225037,0.009938660077750683,0.022731337696313858,0.941605806350708
Atopomyrmex_mocquerysi_CASENT0744784_processed.obj,H3_deform,0.001963033340871334,0.037695713341236115,0.01612561196088791,0.021570101380348206,0.054753780364990234,0.3191196918487549,0.14027823507785797,0.1476999968290329,0.13356666266918182,0.40519779920578003,0.44566667079925537,0.37146666646003723,0.6999993920326233,0.7541999816894531,0.6530666947364807,0.9509283304214478,0.9645000100135803,0.9377333521842957,0.709480881690979,0.20043332874774933,1.0350898504257202,0.16273446381092072,1.261419653892517,0.8838778734207153,0.07710693776607513,1.0919291973114014,0.13604749739170074,0.0,0.8459833264350891,0.402156263589859,0.004832244478166103,0.013674222864210606,0.1087823137640953,20.491477966308594,133.73306274414062,0.037743229418992996,0.021058324724435806,0.021682975813746452,0.027836676687002182,1.6277655959129333e-05,0.015306737273931503,0.03745531663298607,0.7344827651977539,0.01222999393939972,0.03186192736029625,0.8338702321052551,0.007963337004184723,0.020590372383594513,0.9475138783454895,0.010658614337444305,0.026619069278240204,0.8680739402770996,0.0172288715839386,0.055911652743816376,0.7517383694648743,0.03524332493543625,0.19306591153144836,0.757907509803772
Carebara_trechideros_CASENT0877591_processed.obj,H3_deform,0.0022365315817296505,0.044759996235370636,0.018750041723251343,0.026009952649474144,0.07592576742172241,0.3308807611465454,0.09872043877840042,0.10750000178813934,0.09126666933298111,0.304982453584671,0.35753333568573,0.26590001583099365,0.6084204316139221,0.6930666565895081,0.5422000288963318,0.9220432639122009,0.9504333734512329,0.895300030708313,0.6758319735527039,0.2515333294868469,1.0357105731964111,0.1990257054567337,1.2205936908721924,0.8338125348091125,0.09041506052017212,1.1182037591934204,0.16421614587306976,0.0,0.8395066857337952,0.3761622905731201,0.005703160539269447,0.01519184373319149,0.03791695460677147,22.720495223999023,133.58053588867188,0.03467944636940956,0.027473105117678642,0.028434813022613525,0.030613260343670845,0.0005354173481464386,0.014251669868826866,0.03132031112909317,0.7904214859008789,0.02255208045244217,0.057840604335069656,0.5954900979995728,0.022987034171819687,0.06966863572597504,0.571823239326477,0.011858834885060787,0.02838847041130066,0.8707124590873718,0.01705673150718212,0.04889926314353943,0.7295905351638794,0.04937564581632614,0.27152007818222046,0.6922141313552856
Centromyrmex_brachycola_CASENT0744052_processed.obj,H3_deform,0.004684516694396734,0.07615276426076889,0.027648963034152985,0.048503801226615906,0.11367803066968918,0.16187138855457306,0.03814950957894325,0.04483333230018616,0.03319999948143959,0.12791851162910461,0.1917666643857956,0.09596666693687439,0.2994943857192993,0.45953333377838135,0.2221333384513855,0.6985398530960083,0.8631333708763123,0.5866666436195374,0.6191301941871643,0.3120666742324829,1.0072405338287354,0.13849900662899017,1.1297534704208374,0.8864318132400513,0.05795226991176605,1.0316188335418701,0.09588999301195145,0.0,0.8477823138237,0.4097774028778076,0.0042862668633461,0.012012562714517117,0.043480679392814636,15.941889762878418,121.67251586914062,0.022554676979780197,0.006151310633867979,0.006682144943624735,0.0066205281764268875,3.534369170665741e-05,0.023987580090761185,0.06500089913606644,0.5455938577651978,0.03198236599564552,0.07661441713571548,0.37413713335990906,0.03626659885048866,0.0667419359087944,0.21270719170570374,0.021350491791963577,0.04302595555782318,0.49076518416404724,0.02667268179357052,0.06059123948216438,0.4645892381668091,0.03211096674203873,0.0921676903963089,0.49026763439178467
Cephalotes_minutus_CASENT0709253_processed.obj,H3_deform,0.003137029241770506,0.064242884516716,0.029016390442848206,0.035226497799158096,0.07674849778413773,0.16000522673130035,0.04574093222618103,0.05376666784286499,0.039799999445676804,0.15748187899589539,0.22206667065620422,0.12200000137090683,0.3542376756668091,0.47136667370796204,0.2837333381175995,0.7920780181884766,0.8309666514396667,0.7566666603088379,0.6766427755355835,0.2934333384037018,1.0101507902145386,0.14946123957633972,1.1326488256454468,0.9046654105186462,0.05192999169230461,1.0295683145523071,0.08717107772827148,0.0,0.8540444374084473,0.41401568055152893,0.004201763309538364,0.012987767346203327,0.03063969872891903,16.003921508789062,123.3338851928711,0.02659626677632332,0.011473788879811764,0.01200010534375906,0.01164339855313301,-0.00026949308812618256,0.03881211206316948,0.09180962294340134,0.3141762614250183,0.02981734648346901,0.056863490492105484,0.3221352994441986,0.01569722779095173,0.04037531465291977,0.7292817831039429,0.020022157579660416,0.041780903935432434,0.5620052814483643,0.014859690330922604,0.0343901552259922,0.7715684175491333,0.008834337815642357,0.020695125684142113,0.9476885795593262
Cephalotes_simillimus_CASENT0744408_processed.obj,H3_deform,0.006444769911468029,0.09233398735523224,0.03181380033493042,0.06052019074559212,0.12187676876783371,0.19671010971069336,0.01871422305703163,0.023533333092927933,0.015533333644270897,0.07103783637285233,0.12773333489894867,0.04920000210404396,0.18841810524463654,0.3911333382129669,0.12409999966621399,0.5550883412361145,0.8281999826431274,0.41743335127830505,0.6302281022071838,0.4171000123023987,1.0017437934875488,0.15967054665088654,1.1664172410964966,0.8079589605331421,0.08907344937324524,1.0203838348388672,0.15289421379566193,0.0,0.8359692096710205,0.3550487756729126,0.006566334515810013,0.01634420081973076,0.044302962720394135,18.4975643157959,123.81639099121094,0.029138555750250816,0.021742159500718117,0.0224530640989542,0.022637609392404556,7.656775414943695e-05,0.038896527141332626,0.10114366561174393,0.34329503774642944,0.03647562116384506,0.08653444796800613,0.2963644862174988,0.03852187842130661,0.0720580443739891,0.215469628572464,0.022248800843954086,0.04527528956532478,0.5092348456382751,0.021769152954220772,0.04508339241147041,0.5222765803337097,0.013939467258751392,0.028270523995161057,0.812652051448822
Cephalotes_spinosus_CASENT0744158_processed.obj,H3_deform,0.003739184234291315,0.06731661409139633,0.027505815029144287,0.039810799062252045,0.09107596427202225,0.20892609655857086,0.049452029168605804,0.058000002056360245,0.04309999942779541,0.16224722564220428,0.24043333530426025,0.12243333458900452,0.35811787843704224,0.510366678237915,0.2758333384990692,0.7621579766273499,0.8614333271980286,0.68340003490448,0.6553404927253723,0.32446667551994324,1.0085110664367676,0.14625568687915802,1.1587238311767578,0.8493150472640991,0.07096794247627258,1.034488558769226,0.11996258050203323,0.0,0.8480284810066223,0.38859665393829346,0.005135899409651756,0.014508944936096668,0.036139387637376785,16.923978805541992,128.9679412841797,0.0280629713088274,0.007259976584464312,0.007956020534038544,0.007353972643613815,-0.0001448923721909523,0.03704236447811127,0.10548525303602219,0.3854406177997589,0.03222731500864029,0.06577639281749725,0.2742752134799957,0.017099924385547638,0.040032677352428436,0.7099447846412659,0.016376007348299026,0.042921051383018494,0.7308707237243652,0.01370930578559637,0.0309904795140028,0.8014422059059143,0.009659062139689922,0.017658408731222153,0.9683698415756226
Crematogaster_nawai_OKENT0105046_processed.obj,H3_deform,0.0037902917247265577,0.06687835603952408,0.023656632751226425,0.04322172328829765,0.10136561095714569,0.22832821309566498,0.04561438038945198,0.056166667491197586,0.03840000182390213,0.1594957411289215,0.24260000884532928,0.11879999935626984,0.36236876249313354,0.5628333687782288,0.2671999931335449,0.7523358464241028,0.8988333344459534,0.6468999981880188,0.5935289263725281,0.44296666979789734,0.9975326061248779,0.1385171264410019,1.1307979822158813,0.8440550565719604,0.06692056357860565,1.0090527534484863,0.11571654677391052,0.0,0.8389758467674255,0.36503326892852783,0.00540445651859045,0.015614503994584084,0.05995364114642143,15.544816970825195,121.47197723388672,0.023173952475190163,0.022077051922678947,0.022663233801722527,0.02288724295794964,-4.9972906708717346e-05,0.02041451819241047,0.0509791262447834,0.6203065514564514,0.03652367368340492,0.08440735936164856,0.3387022614479065,0.027348002418875694,0.05173151567578316,0.3839779198169708,0.026993276551365852,0.06215003505349159,0.44063326716423035,0.016670972108840942,0.04192319139838219,0.715941309928894,0.015930043533444405,0.03234381973743439,0.683698296546936
Cryptopone_sauteri_CASENT0743771_processed.obj,H3_deform,0.004020118620246649,0.06890560686588287,0.025149811059236526,0.04375579208135605,0.10025098919868469,0.1992020457983017,0.047752123326063156,0.05716666579246521,0.04100000113248825,0.15599091351032257,0.23653332889080048,0.1163666695356369,0.35246455669403076,0.5366666913032532,0.2624000012874603,0.7429644465446472,0.9016000032424927,0.6317999958992004,0.650946855545044,0.35580000281333923,1.0021352767944336,0.13117259740829468,1.1354702711105347,0.8545379042625427,0.06251062452793121,1.015679121017456,0.10245957225561142,0.0,0.8430989980697632,0.38439512252807617,0.004819735884666443,0.013402841985225677,0.03374350070953369,16.120779037475586,118.3226547241211,0.024314723908901215,0.018294064328074455,0.018547307699918747,0.018551673740148544,-0.00011858902871608734,0.03183557465672493,0.09942450374364853,0.44214561581611633,0.02608627639710903,0.05661371350288391,0.43212148547172546,0.01607835479080677,0.04029287025332451,0.7292817831039429,0.01720339246094227,0.03644469007849693,0.6622691750526428,0.01556396484375,0.03597187623381615,0.7288179397583008,0.010564163327217102,0.02278636209666729,0.9282238483428955
Cyphoidris_afrc-tz01_CASENT0744810_processed.obj,H3_deform,0.015594689175486565,0.13494640588760376,0.03356160968542099,0.10138479620218277,0.21336686611175537,0.3561343252658844,0.013768808916211128,0.017866667360067368,0.011200000531971455,0.05111175775527954,0.10289999842643738,0.03400000184774399,0.12574459612369537,0.3494333326816559,0.07666666805744171,0.355072945356369,0.7718999981880188,0.23056666553020477,0.5693143010139465,0.4937666654586792,0.9762493968009949,0.17689518630504608,1.1914714574813843,0.706356942653656,0.11277659237384796,0.9490413665771484,0.19918912649154663,0.0,0.8002300262451172,0.2465970665216446,0.008848164230585098,0.0239708349108696,0.05980928614735603,15.941367149353027,136.30914306640625,0.030246734619140625,0.0354742705821991,0.03781631961464882,0.03827119246125221,0.0007095970213413239,0.031127918511629105,0.07410237938165665,0.4057471454143524,0.03814873471856117,0.07548543810844421,0.3041877746582031,0.05415808781981468,0.1330113261938095,0.24861879646778107,0.037007007747888565,0.07017818838357925,0.16094987094402313,0.02828226052224636,0.06793902814388275,0.43317022919654846,0.02264290116727352,0.05526871234178543,0.5754258036613464
Cyphomyrmex_cf.minutus_CASENT0744280_processed.obj,H3_deform,0.018170977011322975,0.14126385748386383,0.030677534639835358,0.11058632284402847,0.23576386272907257,0.44120967388153076,0.012632747180759907,0.01616666652262211,0.010366667062044144,0.04671547934412956,0.09666667133569717,0.030799999833106995,0.11908692121505737,0.3831333518028259,0.07050000131130219,0.3292281925678253,0.8417333364486694,0.20463334023952484,0.537010669708252,0.5425000190734863,0.9774088263511658,0.20768065750598907,1.2075036764144897,0.6753863096237183,0.12977902591228485,0.9522822499275208,0.246998131275177,0.0,0.7842203974723816,0.2044665366411209,0.00997839868068695,0.026856569573283195,0.06697994470596313,18.20458221435547,134.2660369873047,0.030800823122262955,0.028611505404114723,0.02967892959713936,0.03230208158493042,0.00011017359793186188,0.026697222143411636,0.05575623735785484,0.39885058999061584,0.03097650781273842,0.07767873257398605,0.35941097140312195,0.05847340077161789,0.12103309482336044,0.13535912334918976,0.023523079231381416,0.04300665110349655,0.4538258910179138,0.030417148023843765,0.07418861240148544,0.4097347557544708,0.026206254959106445,0.05448903888463974,0.40267640352249146
Dilobocondyla_fouqueti_CASENT0745576_processed.obj,H3_deform,0.004930992145091295,0.08076348900794983,0.033093784004449844,0.047669701278209686,0.10079315304756165,0.2520988881587982,0.032452333718538284,0.03840000182390213,0.02810000069439411,0.11639144271612167,0.17536666989326477,0.08709999918937683,0.26343750953674316,0.40603333711624146,0.19496667385101318,0.6589614748954773,0.7771666646003723,0.5719666481018066,0.5690033435821533,0.2950666844844818,0.9969941973686218,0.14261466264724731,1.147987723350525,0.8198304772377014,0.07310698181390762,1.0059133768081665,0.12155397981405258,0.0,0.8384597301483154,0.3607166111469269,0.005949683021754026,0.016982881352305412,0.05925283953547478,16.062902450561523,123.97872161865234,0.023858414962887764,0.019880015403032303,0.02072630450129509,0.020982030779123306,8.518621325492859e-05,0.034205663949251175,0.08228503912687302,0.365517258644104,0.04639660567045212,0.11777722090482712,0.28439944982528687,0.02182995341718197,0.05476313829421997,0.5883978009223938,0.05484985187649727,0.09717201441526413,0.0,0.02094435691833496,0.04785475879907608,0.5763584971427917,0.02301754616200924,0.05440019816160202,0.5413625240325928
Dorylus_fulvus_CASENT0745678_processed.obj,H3_deform,0.0040825530886650085,0.07403463125228882,0.028831176459789276,0.04520345851778984,0.09668612480163574,0.1782175749540329,0.0419195331633091,0.0478999987244606,0.03726666793227196,0.13329878449440002,0.18050000071525574,0.10566666722297668,0.28627923130989075,0.4006666839122772,0.22269999980926514,0.7071520090103149,0.8555999994277954,0.6025999784469604,0.6095283627510071,0.32626667618751526,1.0241303443908691,0.14934568107128143,1.1414234638214111,0.890146791934967,0.06764604151248932,1.0782947540283203,0.12262292206287384,0.0,0.8499611616134644,0.40081024169921875,0.004090739879757166,0.011172216385602951,0.044618356972932816,21.604019165039062,135.7688446044922,0.036276523023843765,0.009615558199584484,0.010358424857258797,0.009858287870883942,0.0005521718412637711,0.02735470049083233,0.06696920841932297,0.4555555582046509,0.027048924937844276,0.05234261974692345,0.3667740523815155,0.028012916445732117,0.06493974477052689,0.44475141167640686,0.05750090256333351,0.080882228910923,0.0,0.02516167238354683,0.05569199100136757,0.4434715509414673,0.054327402263879776,0.13291144371032715,0.15328466892242432
Eciton_hamatum_CASENT0744580_processed.obj,H3_deform,0.0012832626234740019,0.038361720740795135,0.019801467657089233,0.01856025494635105,0.05705777183175087,0.12577512860298157,0.12615343928337097,0.1303333342075348,0.1222333312034607,0.36156073212623596,0.37720000743865967,0.34716665744781494,0.6509761810302734,0.6549333333969116,0.6470666527748108,0.9428196549415588,0.9255000352859497,0.9607999920845032,0.5698429942131042,0.2912333309650421,1.0187004804611206,0.23486153781414032,1.171913981437683,0.8514359593391418,0.0701836571097374,1.0641907453536987,0.12306786328554153,0.0,0.84679114818573,0.3982895016670227,0.004297100938856602,0.011138743720948696,0.0310322567820549,20.266681671142578,128.0401153564453,0.031159350648522377,0.012264794670045376,0.013169738464057446,0.012937410734593868,-6.46514818072319e-05,0.016962191089987755,0.040338870137929916,0.6735632419586182,0.03711576759815216,0.08223621547222137,0.3216751217842102,0.016262155026197433,0.04436180740594864,0.7348066568374634,0.011786148883402348,0.03138228878378868,0.8522427678108215,0.012273861095309258,0.03514588996767998,0.8429049849510193,0.008819682523608208,0.030937697738409042,0.9221411347389221
Ectatomma_brunneum_CASENT0744575_processed.obj,H3_deform,0.011693374253809452,0.11891108751296997,0.0391814224421978,0.07972966879606247,0.171670064330101,0.3773728311061859,0.018139496445655823,0.02213333360850811,0.015366666950285435,0.07352747023105621,0.13259999454021454,0.05086666718125343,0.17627890408039093,0.38210001587867737,0.11456666886806488,0.46894967555999756,0.717199981212616,0.3483666777610779,0.5787054896354675,0.3460666835308075,0.9735769629478455,0.18495875597000122,1.1783089637756348,0.7079029679298401,0.11127061396837234,0.9465978145599365,0.20024167001247406,0.0,0.7963963150978088,0.2531139850616455,0.008294102735817432,0.021191803738474846,0.06569517403841019,15.23029613494873,128.06605529785156,0.026139957830309868,0.0123416343703866,0.015228725969791412,0.01290819887071848,7.887464016675949e-05,0.05273785442113876,0.11644933372735977,0.2022988498210907,0.047425951808691025,0.12047038227319717,0.3230556845664978,0.02094239369034767,0.036297038197517395,0.5,0.016275767236948013,0.03345268592238426,0.7150396108627319,0.02139558456838131,0.049278631806373596,0.5727530121803284,0.021791059523820877,0.06027549132704735,0.5961070656776428
Eurhopalothrix_procera_CASENT0745605_processed.obj,H3_deform,0.007028432562947273,0.09150190651416779,0.029265157878398895,0.06223675236105919,0.1447417140007019,0.30244940519332886,0.029001954942941666,0.03603333234786987,0.024266667664051056,0.09973028302192688,0.17036667466163635,0.07050000131130219,0.24225473403930664,0.4473666846752167,0.16609999537467957,0.5932155251502991,0.8360333442687988,0.4597000181674957,0.5624245405197144,0.4485333263874054,0.9981767535209656,0.19001783430576324,1.188881754875183,0.7510280609130859,0.09285680204629898,1.0186131000518799,0.16778099536895752,0.0,0.8171243071556091,0.29844775795936584,0.007042472716420889,0.021225910633802414,0.06932265311479568,17.20500946044922,127.7467041015625,0.029985986649990082,0.004334769211709499,0.005660057067871094,0.005050443112850189,-0.00030196597799658775,0.03333538770675659,0.08766581863164902,0.39501917362213135,0.03257279098033905,0.09156206250190735,0.41831570863723755,0.03941525146365166,0.09561450779438019,0.24861879646778107,0.02214161679148674,0.051263999193906784,0.5382586121559143,0.021591754630208015,0.05324963480234146,0.5753283500671387,0.014785585924983025,0.03623752295970917,0.8211678862571716
Heteroponera_panamensis_CASENT0744055_processed.obj,H3_deform,0.015134148299694061,0.12998872995376587,0.03341461718082428,0.09657410532236099,0.21976721286773682,0.3170391023159027,0.014773044735193253,0.018566666170954704,0.012266666628420353,0.05702729523181915,0.10580000281333923,0.03903333470225334,0.14799699187278748,0.35526666045188904,0.09346666932106018,0.4279051423072815,0.798466682434082,0.2922666668891907,0.5760339498519897,0.44396665692329407,0.9687116146087646,0.1840524971485138,1.1940653324127197,0.6706252694129944,0.12566116452217102,0.9397135376930237,0.22782237827777863,0.0,0.7816290259361267,0.24620817601680756,0.008992526680231094,0.022490445524454117,0.05483674257993698,15.42204761505127,136.42335510253906,0.029138555750250816,0.033802375197410583,0.035149842500686646,0.036261070519685745,-0.0003613419830799103,0.03649221733212471,0.08860573917627335,0.32796934247016907,0.03681791201233864,0.08986744284629822,0.34836632013320923,0.04723876714706421,0.08911705762147903,0.24861879646778107,0.03585600107908249,0.07755803316831589,0.35356202721595764,0.025864221155643463,0.05652371793985367,0.44553181529045105,0.01920776441693306,0.05153292044997215,0.6800486445426941
Labidus_praedator_CASENT0744236_processed.obj,H3_deform,0.005596816074103117,0.06944940984249115,0.031375907361507416,0.038073502480983734,0.10483642667531967,0.6107837557792664,0.06715913861989975,0.07173333317041397,0.06313333660364151,0.204910546541214,0.23536667227745056,0.18143333494663239,0.42785942554473877,0.4895666837692261,0.379966676235199,0.7890862226486206,0.7952333688735962,0.7830333709716797,0.6211295127868652,0.3384000062942505,1.0133129358291626,0.16763359308242798,1.177188515663147,0.7850425839424133,0.08668202906847,1.0522027015686035,0.14473803341388702,0.0,0.8396512269973755,0.39017045497894287,0.006420899648219347,0.015310336835682392,0.04890468344092369,20.734548568725586,133.39974975585938,0.03435350954532623,0.0397925078868866,0.042473893612623215,0.04318217188119888,-0.0014103204011917114,0.024764109402894974,0.06440970301628113,0.5034483075141907,0.06934590637683868,0.12625619769096375,0.1030832976102829,0.0467953160405159,0.1143185943365097,0.3425414562225342,0.04455637186765671,0.0772196501493454,0.0870712399482727,0.017821306362748146,0.04907533898949623,0.6966263055801392,0.018700871616601944,0.04454899579286575,0.6605839133262634
Labidus_praedator_CASENT0744237_processed.obj,H3_deform,0.0033258781768381596,0.05976027995347977,0.021180085837841034,0.03858019411563873,0.10489851981401443,0.22686326503753662,0.05307738110423088,0.06266666948795319,0.046033333986997604,0.20085196197032928,0.2780666649341583,0.15720000863075256,0.45358672738075256,0.6148666739463806,0.359333336353302,0.8205224275588989,0.9387666583061218,0.7287333607673645,0.6422169208526611,0.2858000099658966,0.978775143623352,0.16012714803218842,1.1318296194076538,0.7651000022888184,0.08464568853378296,0.9684824347496033,0.15809723734855652,0.0,0.8095341324806213,0.30360445380210876,0.005049227736890316,0.013296395540237427,0.048868708312511444,14.51951789855957,113.17615509033203,0.018806427717208862,0.00759824737906456,0.008819098584353924,0.00829725805670023,-4.49642539024353e-05,0.020267115905880928,0.04242644086480141,0.5643678307533264,0.03603696823120117,0.10388439148664474,0.3828808069229126,0.035763636231422424,0.06824290007352829,0.25690609216690063,0.026891212910413742,0.05280870944261551,0.3509235084056854,0.013187029398977757,0.029081739485263824,0.8277105689048767,0.017051447182893753,0.06730585545301437,0.8138685822486877
Lasius_nr._fuliginosus_CASENT0878037_processed.obj,H3_deform,0.0022359834983944893,0.04965817183256149,0.022514546290040016,0.027143627405166626,0.07959013432264328,0.14764221012592316,0.08261416107416153,0.09323333203792572,0.0741666704416275,0.2694169282913208,0.3418000042438507,0.22233334183692932,0.5500396490097046,0.6636000275611877,0.46966665983200073,0.8717036843299866,0.8844000101089478,0.8593666553497314,0.7407063245773315,0.1889999955892563,0.993208110332489,0.12640275061130524,1.1008673906326294,0.8533692359924316,0.054684825241565704,0.9992625713348389,0.09983326494693756,0.0,0.8412518501281738,0.374120831489563,0.0038861713837832212,0.011812852695584297,0.041940782219171524,14.502924919128418,112.81999206542969,0.019719045609235764,0.01275335531681776,0.013539672829210758,0.012944967485964298,-4.82611358165741e-06,0.026874560862779617,0.09542088210582733,0.5701149702072144,0.02606290765106678,0.08187121897935867,0.5908882021903992,0.011535542085766792,0.027966424822807312,0.8563536405563354,0.017951279878616333,0.054281022399663925,0.7044855356216431,0.01156174298375845,0.026114000007510185,0.8877156972885132,0.007690985221415758,0.017866473644971848,0.9683698415756226
Lioponera_daikoku_OKENT0105067_processed.obj,H3_deform,0.012420075945556164,0.11873254179954529,0.0346938818693161,0.08403865993022919,0.18981322646141052,0.3216046094894409,0.022836197167634964,0.02810000069439411,0.019233332946896553,0.08907539397478104,0.1585666686296463,0.06193333491683006,0.20085673034191132,0.4243333339691162,0.13156667351722717,0.47071078419685364,0.7653666734695435,0.33986666798591614,0.56536865234375,0.46459999680519104,0.9852698445320129,0.1816961020231247,1.183329701423645,0.7078707814216614,0.10932520776987076,0.9748247861862183,0.19696106016635895,0.0,0.79912269115448,0.2535686194896698,0.00829790998250246,0.02149808406829834,0.0714748427271843,16.8322811126709,132.4090576171875,0.02783481776714325,0.038411010056734085,0.04021262377500534,0.03988887369632721,0.00010854750871658325,0.038202520459890366,0.10657592862844467,0.37164750695228577,0.03568687289953232,0.08605536073446274,0.37689828872680664,0.03885509446263313,0.08953133970499039,0.265193372964859,0.03225114569067955,0.07332540303468704,0.37467020750045776,0.029484909027814865,0.09177887439727783,0.5328354239463806,0.027933528646826744,0.06243244558572769,0.37956205010414124
Mayriella_sp._CASENT0745610_processed.obj,H3_deform,0.008139325305819511,0.0944618433713913,0.026557179167866707,0.06790466606616974,0.14926132559776306,0.4049313962459564,0.027562737464904785,0.03539999946951866,0.022566666826605797,0.10063439607620239,0.18583333492279053,0.0689999982714653,0.23225873708724976,0.5084999799728394,0.15049999952316284,0.562050998210907,0.8758333325386047,0.4138000011444092,0.5921301245689392,0.4501666724681854,0.9899780750274658,0.1518298238515854,1.162075400352478,0.7619116902351379,0.08909708261489868,0.981010377407074,0.1551503837108612,0.0,0.8202764987945557,0.3061063587665558,0.007018644362688065,0.018405338749289513,0.05670854449272156,15.730302810668945,126.86906433105469,0.027248134836554527,0.04455072805285454,0.04578913375735283,0.04568146541714668,2.935156226158142e-05,0.0309011097997427,0.07856671512126923,0.4444444477558136,0.04089367017149925,0.10939094424247742,0.3074091076850891,0.03774227201938629,0.10183737426996231,0.3618784546852112,0.023189593106508255,0.04360266029834747,0.4670184850692749,0.019384758546948433,0.049544841051101685,0.653618335723877,0.018267996609210968,0.047209907323122025,0.6800486445426941
Mesoponera_ambigua_CASENT0745584_processed.obj,H3_deform,0.009398710913956165,0.10285969823598862,0.03050515055656433,0.07235454767942429,0.16193130612373352,0.411355584859848,0.027302905917167664,0.03290000185370445,0.023333333432674408,0.09790103882551193,0.16966666281223297,0.06880000233650208,0.2230621576309204,0.4551333487033844,0.14773333072662354,0.5388951301574707,0.8422333598136902,0.3962000012397766,0.5518243312835693,0.39820000529289246,0.974517822265625,0.17595526576042175,1.1603593826293945,0.6979596614837646,0.10749230533838272,0.9420663714408875,0.20221790671348572,0.0,0.7981554269790649,0.25477439165115356,0.007822819985449314,0.019128477200865746,0.06432837247848511,15.8928861618042,124.24159240722656,0.02437991090118885,0.005657218862324953,0.0069063324481248856,0.006015807390213013,-0.0006812089122831821,0.03502343222498894,0.10588131099939346,0.45440614223480225,0.030369246378540993,0.07144270837306976,0.3796594738960266,0.03514270484447479,0.06860578805208206,0.2541436553001404,0.026922278106212616,0.07314357161521912,0.5250659584999084,0.02244947850704193,0.0544339157640934,0.6015967130661011,0.018489858135581017,0.044826097786426544,0.6484184861183167
Myrmecina_ryukyuensis_OKENT0105085_processed.obj,H3_deform,0.006033727899193764,0.07989878207445145,0.03043370321393013,0.049465078860521317,0.1099810004234314,0.4070747196674347,0.06319861859083176,0.07213333249092102,0.05623333528637886,0.21314658224582672,0.2863999903202057,0.16973333060741425,0.41045838594436646,0.5147666931152344,0.34130001068115234,0.6430349946022034,0.7483000159263611,0.5637333393096924,0.696148693561554,0.255866676568985,1.0107070207595825,0.11302544176578522,1.1305584907531738,0.9052677154541016,0.05124373733997345,1.0320631265640259,0.08807560801506042,0.0,0.8517987728118896,0.41023048758506775,0.0032767215743660927,0.007951299659907818,0.024404026567935944,16.893877029418945,126.13725280761719,0.026661453768610954,0.004640805069357157,0.005596680101007223,0.005044551100581884,-0.0001316489651799202,0.03637012466788292,0.08108004182577133,0.3417624533176422,0.04106298089027405,0.08643995970487595,0.2940635085105896,0.03336769714951515,0.07978283613920212,0.3977900743484497,0.03814173862338066,0.07754173874855042,0.3113456666469574,0.00967466738075018,0.02061270736157894,0.9446304440498352,0.006937203463166952,0.012028709053993225,0.9987834692001343
Myrmecina_sp._CASENT0745613_processed.obj,H3_deform,0.005948922596871853,0.08413614332675934,0.027778420597314835,0.056357719004154205,0.1296337991952896,0.19903762638568878,0.03166056424379349,0.038066666573286057,0.02710000053048134,0.11638496071100235,0.18806666135787964,0.08426667004823685,0.27693086862564087,0.47859999537467957,0.19483333826065063,0.6376712918281555,0.8685333132743835,0.503766655921936,0.6014990210533142,0.36900001764297485,0.9851827621459961,0.1561642587184906,1.1465824842453003,0.768463134765625,0.0859084501862526,0.9803337454795837,0.15042392909526825,0.0,0.8217927813529968,0.31229686737060547,0.006668036337941885,0.01816645823419094,0.06214405223727226,15.837520599365234,122.86064147949219,0.02480362541973591,0.0382385291159153,0.039145033806562424,0.038915347307920456,0.0003105737268924713,0.031964633613824844,0.08859510719776154,0.420306533575058,0.03266114741563797,0.08196845650672913,0.3999079763889313,0.02028544805943966,0.059125952422618866,0.7237569093704224,0.03283804655075073,0.0649803876876831,0.22163589298725128,0.020730797201395035,0.05397738888859749,0.6224568486213684,0.01697268895804882,0.03648023679852486,0.7433090209960938
Nesomyrmex_angulatus_CASENT0744820_processed.obj,H3_deform,0.008438893593847752,0.10048344731330872,0.02960418164730072,0.070879265666008,0.14977729320526123,0.2825357913970947,0.024521110579371452,0.03160000219941139,0.0200333334505558,0.09082750976085663,0.16876666247844696,0.06213333457708359,0.2111431509256363,0.4587000012397766,0.13713333010673523,0.5130374431610107,0.8292999863624573,0.37139999866485596,0.5486289858818054,0.47296667098999023,0.9892755150794983,0.16925188899040222,1.1556328535079956,0.7762129306793213,0.08669125288724899,0.9912012815475464,0.14501996338367462,0.0,0.821853518486023,0.32094326615333557,0.006503894459456205,0.017323432490229607,0.05037996917963028,16.227191925048828,129.93212890625,0.027085168287158012,0.013173148967325687,0.014044104143977165,0.013402902521193027,0.00011597853153944016,0.04112093150615692,0.10059985518455505,0.3379310369491577,0.024932412430644035,0.057934120297431946,0.47952139377593994,0.040626779198646545,0.08801493048667908,0.22928178310394287,0.019867436960339546,0.046562083065509796,0.5778364539146423,0.019605135545134544,0.04576898366212845,0.6196240186691284,0.01659530960023403,0.03697287663817406,0.7238442897796631
Odontomachus_troglodytes_CASENT0744970_processed.obj,H3_deform,0.0019083807710558176,0.047343090176582336,0.019595738500356674,0.027747349813580513,0.07096194475889206,0.17232225835323334,0.09168552607297897,0.1023000031709671,0.0830666646361351,0.2748293876647949,0.3406333327293396,0.2303333431482315,0.528443455696106,0.6389333605766296,0.45053333044052124,0.8993882536888123,0.9434000253677368,0.8593000173568726,0.6809836626052856,0.2502000033855438,1.0057060718536377,0.15119948983192444,1.1616283655166626,0.8584092259407043,0.06537169218063354,1.034628987312317,0.11797521263360977,0.0,0.8427742123603821,0.37954533100128174,0.004888067953288555,0.014030053280293941,0.03936731070280075,18.009815216064453,127.31657409667969,0.028649654239416122,0.032277338206768036,0.03311222419142723,0.033869583159685135,0.000275343656539917,0.020198682323098183,0.04894113540649414,0.6080459952354431,0.023050254210829735,0.06290926039218903,0.5476300120353699,0.017327165231108665,0.03700856864452362,0.6519337296485901,0.0228097066283226,0.062405526638031006,0.5831134915351868,0.015946682542562485,0.042457763105630875,0.7589492797851562,0.012571429833769798,0.051269497722387314,0.8698296546936035
Oxyopomyrmex_saulcyi_CASENT0745218_processed.obj,H3_deform,0.006420423276722431,0.0842699483036995,0.02309419959783554,0.06117574870586395,0.13811463117599487,0.2862955629825592,0.03507936745882034,0.04333333298563957,0.029466666281223297,0.13460110127925873,0.22830000519752502,0.09543333202600479,0.29140499234199524,0.5627999901771545,0.19660000503063202,0.6204991340637207,0.9090333580970764,0.4710000157356262,0.6031723618507385,0.41636666655540466,0.9695390462875366,0.14941036701202393,1.1256272792816162,0.7382274270057678,0.09173997491598129,0.94142746925354,0.1689130663871765,0.0,0.8072612285614014,0.29372814297676086,0.006542545277625322,0.017445042729377747,0.05424029007554054,15.062867164611816,122.26210021972656,0.02167465351521969,0.008990669623017311,0.009739960543811321,0.009757015854120255,9.832624346017838e-05,0.022186923772096634,0.053579181432724,0.5697318315505981,0.019301844760775566,0.04254462569952011,0.6069949269294739,0.030910732224583626,0.05695749819278717,0.3149171471595764,0.04583010822534561,0.07380220293998718,0.14775726199150085,0.024309145286679268,0.07087227702140808,0.5830543637275696,0.03915349021553993,0.08259584754705429,0.2822384536266327
Polyrhachis_decemdentata_CASENT0744779_processed.obj,H3_deform,0.005652949679642916,0.08380978554487228,0.03104403056204319,0.052765753120183945,0.11537167429924011,0.22435131669044495,0.035308267921209335,0.04230000078678131,0.030300000682473183,0.12043920904397964,0.19926667213439941,0.08630000054836273,0.269650399684906,0.4675000011920929,0.1894666701555252,0.6299546957015991,0.8133000135421753,0.5140666961669922,0.6165571808815002,0.36176666617393494,0.9988431930541992,0.14869685471057892,1.169044852256775,0.8098798990249634,0.07961085438728333,1.013475775718689,0.1347126066684723,0.0,0.8296656012535095,0.34062984585762024,0.006361075676977634,0.017983216792345047,0.050455380231142044,15.743112564086914,123.37541198730469,0.027704443782567978,0.0007530343136750162,0.0017630154034122825,0.000827636627946049,-0.0011266304645687342,0.032528720796108246,0.09226109087467194,0.4329501986503601,0.04660647362470627,0.10728245228528976,0.27105385065078735,0.041696012020111084,0.09194053709506989,0.18784530460834503,0.04198059067130089,0.09209916740655899,0.2612137198448181,0.019624873995780945,0.04819125682115555,0.6258047819137573,0.014857976697385311,0.039848729968070984,0.798053503036499
Polyrhachis_dives_CASENT0878093_processed.obj,H3_deform,0.01133139617741108,0.11285611987113953,0.032494526356458664,0.08036158978939056,0.18219280242919922,0.32447949051856995,0.022226618602871895,0.027833333238959312,0.01850000023841858,0.07932145148515701,0.14589999616146088,0.054466668516397476,0.1902908980846405,0.41936665773391724,0.12306667119264603,0.49132439494132996,0.807033360004425,0.3531666696071625,0.5851449966430664,0.40093332529067993,0.9845526218414307,0.1728532910346985,1.176148772239685,0.7261558175086975,0.10267870128154755,0.9656437635421753,0.17552350461483002,0.0,0.8077225089073181,0.24975310266017914,0.008198875002563,0.02372414618730545,0.07606573402881622,15.023152351379395,133.77525329589844,0.025976989418268204,0.004781594034284353,0.0055246176198124886,0.00510250823572278,-0.0001100609079003334,0.041172709316015244,0.11070125550031662,0.31992337107658386,0.03965074568986893,0.09281548857688904,0.27381500601768494,0.045674536377191544,0.10322804749011993,0.13812154531478882,0.034529756754636765,0.06365267187356949,0.2928760051727295,0.020678753033280373,0.04798842594027519,0.6273499727249146,0.02320626936852932,0.07714144140481949,0.6362530589103699
Ponera_kohmoku_OKENT0105440_processed.obj,H3_deform,0.004445354919880629,0.07449588179588318,0.026505814865231514,0.047990065068006516,0.10485990345478058,0.18368485569953918,0.03978366777300835,0.046433333307504654,0.03480000048875809,0.14021587371826172,0.21330000460147858,0.1044333353638649,0.30835360288619995,0.4868333339691162,0.22563333809375763,0.6899710297584534,0.8754000067710876,0.5693666934967041,0.628250777721405,0.4539666771888733,0.9941083788871765,0.15118394792079926,1.1475534439086914,0.7809154391288757,0.07318545132875443,0.9942311644554138,0.12799490988254547,0.0,0.8299614787101746,0.3250627815723419,0.005594056565314531,0.017161915078759193,0.04823409393429756,15.872818946838379,127.82362365722656,0.02659626677632332,0.007433788385242224,0.008001544512808323,0.007999120280146599,8.760765194892883e-05,0.028086325153708458,0.06680861860513687,0.4521072804927826,0.029019879177212715,0.06367159634828568,0.39116430282592773,0.02286669798195362,0.054193150252103806,0.5690608024597168,0.025680892169475555,0.05295034870505333,0.4353562295436859,0.024462580680847168,0.05277581885457039,0.5356683135032654,0.03404150903224945,0.07441087812185287,0.3381994962692261
Ponera_tamon_OKENT0105154_processed.obj,H3_deform,0.001799288671463728,0.04541013762354851,0.019046533852815628,0.02636360377073288,0.06555816531181335,0.17723332345485687,0.10176309943199158,0.1151999980211258,0.09113333374261856,0.30306383967399597,0.3726000189781189,0.25540000200271606,0.5627457499504089,0.6696666479110718,0.48526668548583984,0.9114170670509338,0.9543666839599609,0.8721666932106018,0.6924490928649902,0.32056668400764465,1.0191878080368042,0.13467484712600708,1.1329262256622314,0.9069176316261292,0.05922167748212814,1.058478832244873,0.10403291136026382,0.0,0.8489167094230652,0.41150155663490295,0.004153057001531124,0.011583509854972363,0.035005681216716766,18.559019088745117,128.07093811035156,0.03018154762685299,0.02271731197834015,0.02390632964670658,0.0242448840290308,-0.00018743984401226044,0.02175937220454216,0.05753542482852936,0.6203065514564514,0.020920176059007645,0.044804904609918594,0.5421077013015747,0.009751630015671253,0.020955847576260567,0.9281768202781677,0.020300276577472687,0.04852016642689705,0.5831134915351868,0.011267351917922497,0.029663218185305595,0.8707185387611389,0.03742862120270729,0.15122553706169128,0.683698296546936
Pseudolasius_sp._CASENT0878065_processed.obj,H3_deform,0.009865706786513329,0.1031884178519249,0.03210549056529999,0.07108292728662491,0.16145703196525574,0.37806981801986694,0.02495642751455307,0.03096666745841503,0.020899999886751175,0.09199900180101395,0.1601666659116745,0.06453333050012589,0.22724108397960663,0.4532333314418793,0.1516333371400833,0.5549259781837463,0.8211333155632019,0.4190666675567627,0.6090485453605652,0.3928999900817871,0.9757032990455627,0.2145266830921173,1.1692341566085815,0.7144432067871094,0.10775995999574661,0.9543448090553284,0.19682472944259644,0.0,0.7981607913970947,0.25521185994148254,0.008668997325003147,0.022474436089396477,0.058075785636901855,15.51612663269043,139.89035034179688,0.028193345293402672,0.014514186419546604,0.01673758774995804,0.01581316441297531,0.0009847693145275116,0.03335414081811905,0.11937549710273743,0.4758620858192444,0.04979775846004486,0.10340578854084015,0.20846755802631378,0.034578774124383926,0.10512969642877579,0.41436466574668884,0.026714365929365158,0.05555904284119606,0.3984169065952301,0.019803598523139954,0.04197834059596062,0.5938706994056702,0.023521678522229195,0.048193637281656265,0.4574209153652191
Pseudomyrmex_cf.solis_CASENT0744065_processed.obj,H3_deform,0.0029672214295715094,0.05999050661921501,0.02697029337286949,0.03302021324634552,0.07436776906251907,0.2201777994632721,0.05672389641404152,0.06400000303983688,0.05093333497643471,0.1863921731710434,0.24106666445732117,0.15193334221839905,0.4238109588623047,0.5142999887466431,0.36039999127388,0.8120198249816895,0.8382666707038879,0.7873666882514954,0.6335277557373047,0.2750999927520752,1.0111267566680908,0.16533862054347992,1.1904582977294922,0.8303820490837097,0.07666955143213272,1.046933650970459,0.12829670310020447,0.0,0.8442502021789551,0.39765286445617676,0.005245227832347155,0.014611734077334404,0.03936655819416046,18.352523803710938,133.68348693847656,0.033245332539081573,0.008856888860464096,0.009829442016780376,0.009177122265100479,-0.00011330191045999527,0.021867500618100166,0.0629793107509613,0.6072797179222107,0.0344972088932991,0.07289095222949982,0.319374144077301,0.02696835808455944,0.05811687186360359,0.3977900743484497,0.03710063919425011,0.07851188629865646,0.3245382606983185,0.02238244004547596,0.06820035725831985,0.6031419038772583,0.011724917218089104,0.02956360951066017,0.9038929343223572
Solenopsis_invicta_CASENT0744384_processed.obj,H3_deform,0.006736567243933678,0.0901574194431305,0.027073998004198074,0.06308341771364212,0.14113515615463257,0.20793992280960083,0.02547326125204563,0.03213333338499069,0.0210999995470047,0.09527863562107086,0.16526666283607483,0.06693333387374878,0.2291613519191742,0.4645000100135803,0.15209999680519104,0.5780053734779358,0.8693000078201294,0.43293333053588867,0.5265939831733704,0.4845333397388458,0.9824345707893372,0.16905330121517181,1.1608220338821411,0.7183268070220947,0.10084358602762222,0.9691590666770935,0.17692136764526367,0.0,0.8038298487663269,0.2669847905635834,0.007756090722978115,0.02145199477672577,0.06245884299278259,16.825687408447266,122.4527587890625,0.026433298364281654,0.005046466831117868,0.007795455399900675,0.00524399196729064,0.0005567730404436588,0.025835325941443443,0.05936814844608307,0.4613026976585388,0.03186940401792526,0.07755909115076065,0.40082836151123047,0.03056223690509796,0.07862208783626556,0.39502763748168945,0.02271953597664833,0.0435074120759964,0.46174144744873047,0.025332486256957054,0.06150317192077637,0.5235642790794373,0.015395344235002995,0.03985590115189552,0.7530413269996643
Stigmatomma_FHG02_CASENT0745561_processed.obj,H3_deform,0.008561396040022373,0.09268239885568619,0.026736728847026825,0.06594567000865936,0.16632595658302307,0.38607797026634216,0.03750775381922722,0.04403333365917206,0.03266666829586029,0.13090047240257263,0.20880000293254852,0.09533333778381348,0.2820524573326111,0.49889999628067017,0.19660000503063202,0.6197001338005066,0.8664667010307312,0.48233333230018616,0.60063636302948,0.37013334035873413,0.988044261932373,0.16431351006031036,1.1536873579025269,0.7700307369232178,0.08609666675329208,0.978439450263977,0.14782558381557465,0.0,0.8157567381858826,0.30155712366104126,0.007036958355456591,0.020373869687318802,0.07075250893831253,15.69877815246582,123.31353759765625,0.02480362541973591,0.03913841024041176,0.04007672145962715,0.041590433567762375,0.0005569718778133392,0.025574633851647377,0.06867843866348267,0.5168582201004028,0.029519736766815186,0.06651905924081802,0.3957662284374237,0.023487122729420662,0.051981594413518906,0.3729282021522522,0.0453411303460598,0.0715235024690628,0.013192612677812576,0.0234270840883255,0.07423999905586243,0.6278650760650635,0.023700347170233727,0.07996438443660736,0.5158150792121887
Strumigenys_alberti_CASENT0878103_processed.obj,H3_deform,0.008403723128139973,0.0986209586262703,0.029315555468201637,0.0693054050207138,0.15769480168819427,0.2577269971370697,0.025338491424918175,0.03126666694879532,0.021300001069903374,0.09338617324829102,0.16303333640098572,0.0654333308339119,0.22489716112613678,0.45713335275650024,0.1491333395242691,0.5520803332328796,0.8357999920845032,0.41216668486595154,0.5413106083869934,0.45586666464805603,0.9820764660835266,0.1913006752729416,1.1847045421600342,0.7240553498268127,0.10488567501306534,0.9783048033714294,0.1913711577653885,0.0,0.8116068243980408,0.29352375864982605,0.008008421398699284,0.022481383755803108,0.07426702976226807,16.02585792541504,127.56649780273438,0.026074770838022232,0.0055806199088692665,0.007479215506464243,0.0058341240510344505,-0.0005246791988611221,0.027440955862402916,0.07555097341537476,0.48237550258636475,0.03552964702248573,0.08445528894662857,0.36263230443000793,0.02537023089826107,0.055979229509830475,0.45856356620788574,0.02415558695793152,0.06042485684156418,0.5620052814483643,0.02522062137722969,0.08092081546783447,0.5490599870681763,0.02066733129322529,0.04822627082467079,0.6240875720977783
Strumigenys_canina_OKENT0105288_processed.obj,H3_deform,0.005159791558980942,0.07656761258840561,0.025996806100010872,0.050570808351039886,0.12383495271205902,0.27431929111480713,0.04462995007634163,0.052400000393390656,0.038866668939590454,0.1559043526649475,0.2422666698694229,0.11493333429098129,0.3358057141304016,0.5512999892234802,0.24143333733081818,0.687102735042572,0.8652999997138977,0.5697667002677917,0.6202858090400696,0.3377000093460083,0.993232011795044,0.15078957378864288,1.1517916917800903,0.777799665927887,0.08694668859243393,0.994479238986969,0.15335533022880554,0.0,0.8259204626083374,0.3242265582084656,0.006444165948778391,0.01751808263361454,0.0634084939956665,17.53325080871582,125.53413391113281,0.02470584586262703,0.0012430703500285745,0.0024337940849363804,0.0014001467498019338,-0.0005513284122571349,0.031990405172109604,0.09324154257774353,0.45134100317955017,0.022421712055802345,0.055360373109579086,0.58858722448349,0.023301517590880394,0.05748951435089111,0.4613259732723236,0.017083505168557167,0.03765679895877838,0.6596306562423706,0.019522778689861298,0.05527803301811218,0.6755086183547974,0.01762993074953556,0.04930176958441734,0.7846715450286865
Strumigenys_crassicornis_CASENT0744273_processed.obj,H3_deform,0.007329000625759363,0.0919732078909874,0.027253231033682823,0.06471997499465942,0.1514335423707962,0.2523092031478882,0.027507741004228592,0.034066665917634964,0.023066667839884758,0.10246884077787399,0.17866666615009308,0.07183333486318588,0.24588853120803833,0.48873335123062134,0.1642666757106781,0.5801833271980286,0.8623999953269958,0.4371333420276642,0.5668865442276001,0.4509333372116089,0.9811383485794067,0.16694508492946625,1.1448060274124146,0.7428478598594666,0.09408122301101685,0.9755260944366455,0.16784530878067017,0.0,0.8111874461174011,0.291189581155777,0.007330661173909903,0.020687643438577652,0.06260988861322403,15.412903785705566,130.06887817382812,0.02692219987511635,0.00396244041621685,0.005384489893913269,0.0041015055030584335,-0.0006272275932133198,0.028245097026228905,0.07500660419464111,0.48620691895484924,0.04041069373488426,0.09227156639099121,0.31799355149269104,0.02783738076686859,0.07593463361263275,0.41988950967788696,0.02879761904478073,0.05591191351413727,0.3667546212673187,0.01964453235268593,0.047600407153367996,0.6384239196777344,0.022487355396151543,0.08380666375160217,0.7055960893630981
Strumigenys_sp._appretiata_group_CASENT0744156_processed.obj,H3_deform,0.005337246228009462,0.07945780456066132,0.031909387558698654,0.04754842072725296,0.11413516104221344,0.19082331657409668,0.052541594952344894,0.06419999897480011,0.044466666877269745,0.17170777916908264,0.26046666502952576,0.12806667387485504,0.3551853895187378,0.5081666707992554,0.27300000190734863,0.6660118699073792,0.766700029373169,0.588699996471405,0.6153138279914856,0.33880001306533813,1.0015661716461182,0.14452220499515533,1.1322225332260132,0.8294588327407837,0.06656958907842636,1.026971697807312,0.11957457661628723,0.0,0.8413997292518616,0.37502652406692505,0.004952184855937958,0.01393752172589302,0.04362389072775841,16.35154151916504,117.11093139648438,0.021642059087753296,0.0011430411832407117,0.0019130075816065073,0.0012264777906239033,-0.0006385494489222765,0.03688327595591545,0.10200285911560059,0.4099617004394531,0.03318086266517639,0.07375866174697876,0.3230556845664978,0.023962588980793953,0.07141690701246262,0.6049724221229553,0.05605171620845795,0.08048667013645172,0.0,0.014350270852446556,0.04074503108859062,0.8362091183662415,0.013414566405117512,0.0363033153116703,0.8430656790733337
Strumigenys_stenorhina_OKENT0105268_processed.obj,H3_deform,0.0016935901949182153,0.041819389909505844,0.016492795199155807,0.025326594710350037,0.07420311123132706,0.24644941091537476,0.10116638988256454,0.1090666651725769,0.09433333575725555,0.31970787048339844,0.36713334918022156,0.283133327960968,0.6267918348312378,0.7155333161354065,0.5576333403587341,0.9233814477920532,0.9743666648864746,0.8774666786193848,0.7314059734344482,0.2641333341598511,0.9994848370552063,0.11328357458114624,1.1017957925796509,0.8861648440361023,0.050507862120866776,1.026458978652954,0.09793663769960403,4.889019328402355e-05,0.8442784547805786,0.39653170108795166,0.003169524483382702,0.008493391796946526,0.025405816733837128,15.368553161621094,105.0634765625,0.01597079634666443,0.0024995296262204647,0.003994813188910484,0.0027704392559826374,-0.00044347532093524933,0.017212409526109695,0.037657298147678375,0.6559386849403381,0.02437802217900753,0.05414833873510361,0.4394845962524414,0.035524316132068634,0.10195889323949814,0.3977900743484497,0.014009226113557816,0.02611834928393364,0.7862797379493713,0.00964295957237482,0.019959168508648872,0.9505537152290344,0.014442307874560356,0.025024855509400368,0.8941605687141418
Syllophopsis_sechellensis_OKENT0105212_processed.obj,H3_deform,0.0016664364375174046,0.04422011226415634,0.018981987610459328,0.025238126516342163,0.06061212718486786,0.23363912105560303,0.10119900107383728,0.11023333668708801,0.09353333711624146,0.29681137204170227,0.3607333302497864,0.2521333396434784,0.5506686568260193,0.6567333340644836,0.4740999937057495,0.9162560105323792,0.9437333345413208,0.890333354473114,0.7192386388778687,0.22349999845027924,1.0089390277862549,0.13011668622493744,1.1416597366333008,0.8743276596069336,0.058937497437000275,1.0411380529403687,0.1003897562623024,0.0,0.8471115827560425,0.3963533341884613,0.003958189394325018,0.011135319247841835,0.02740711160004139,16.66204261779785,118.52640533447266,0.02405397593975067,0.03920607641339302,0.04038931429386139,0.04094364494085312,-0.0001248568296432495,0.019767379388213158,0.05270146578550339,0.6237547993659973,0.026079952716827393,0.056318700313568115,0.4150943458080292,0.013477771542966366,0.027352862060070038,0.7734807133674622,0.022405428811907768,0.06564950197935104,0.6042216420173645,0.012083414942026138,0.028231458738446236,0.8632500767707825,0.03157281130552292,0.18851788341999054,0.7798053622245789
Temnothorax_congruus_OKENT0105443_processed.obj,H3_deform,0.005192998331040144,0.08235788345336914,0.032340649515390396,0.05001723766326904,0.11008328199386597,0.16077016294002533,0.04104754328727722,0.04700000211596489,0.03643333539366722,0.13242965936660767,0.18486666679382324,0.10316666960716248,0.2852107882499695,0.4053666591644287,0.2199999988079071,0.6352188587188721,0.7655666470527649,0.5428000092506409,0.5949880480766296,0.37353333830833435,1.0044612884521484,0.1728491336107254,1.1260112524032593,0.8668147921562195,0.05997924506664276,1.035282850265503,0.10364274680614471,0.0,0.8423177003860474,0.38477009534835815,0.005018472205847502,0.014385255984961987,0.03702021762728691,16.750404357910156,127.23905944824219,0.02617255039513111,0.006955757271498442,0.008566213771700859,0.007262821774929762,-6.740447133779526e-05,0.030153600499033928,0.08443278819322586,0.4762452244758606,0.02726970613002777,0.06586676836013794,0.46479523181915283,0.021855875849723816,0.06018489599227905,0.5745856761932373,0.01944563165307045,0.038121968507766724,0.5699208974838257,0.04043792188167572,0.08199191093444824,0.26834923028945923,0.05197177827358246,0.1013374775648117,0.18491484224796295
Temnothorax_sp._OKENT0105336_processed.obj,H3_deform,0.005274586379528046,0.07801196724176407,0.023676889017224312,0.054335080087184906,0.129806250333786,0.21446363627910614,0.03977607935667038,0.0492333322763443,0.03336666524410248,0.1326112598180771,0.21369999647140503,0.09613333642482758,0.29386669397354126,0.5210999846458435,0.20463334023952484,0.66830974817276,0.9218000173568726,0.5241666436195374,0.5956988334655762,0.4646666646003723,1.000716209411621,0.15737594664096832,1.1623616218566895,0.8089480400085449,0.0787542387843132,1.012087345123291,0.12873071432113647,0.0,0.8361684083938599,0.3591892719268799,0.005954979453235865,0.016157323494553566,0.04893408343195915,17.519392013549805,129.43255615234375,0.03073563612997532,0.00942519586533308,0.010553882457315922,0.01027579978108406,-0.00029472075402736664,0.02433573082089424,0.06489235907793045,0.5555555820465088,0.02260516583919525,0.04856523126363754,0.5052922368049622,0.025874845683574677,0.07022230327129364,0.6049724221229553,0.018165109679102898,0.03782116249203682,0.6226913332939148,0.024617217481136322,0.05288754031062126,0.4493947923183441,0.03223918378353119,0.056624382734298706,0.30048662424087524
Tetramorium_kraepelini_CASENT0744084_processed.obj,H3_deform,0.005374235101044178,0.07955697923898697,0.024225400760769844,0.055331576615571976,0.12755025923252106,0.20454536378383636,0.03337286040186882,0.040800001472234726,0.02823333442211151,0.11889506131410599,0.20456667244434357,0.08380000293254852,0.2760281562805176,0.5193333625793457,0.18796667456626892,0.6659584641456604,0.9224666953086853,0.5210666656494141,0.624769389629364,0.40583333373069763,0.9891643524169922,0.1436198353767395,1.1337673664093018,0.8105789422988892,0.07443275302648544,0.9868206977844238,0.12470852583646774,0.0,0.8304749727249146,0.3387947678565979,0.005858184304088354,0.016235047951340675,0.06134530156850815,15.400633811950684,113.71212005615234,0.021837620064616203,0.0009101936011575162,0.0021410195622593164,0.0009599345503374934,-0.0013034590519964695,0.027597738429903984,0.06940937042236328,0.4440613090991974,0.023260992020368576,0.045010149478912354,0.4693971574306488,0.03996313735842705,0.09474679827690125,0.2403315007686615,0.01652464084327221,0.034039150923490524,0.6860158443450928,0.018630148842930794,0.04428626969456673,0.6523306965827942,0.016097567975521088,0.039502594619989395,0.7384428381919861
