mesh,stage,chamfer_l2,chamfer_l1,acc_mean,comp_mean,hausdorff_95,hausdorff_max,fscore@0.005,precision@0.005,recall@0.005,fscore@0.01,precision@0.01,recall@0.01,fscore@0.02,precision@0.02,recall@0.02,fscore@0.05,precision@0.05,recall@0.05,normal_consistency,normal_flip_frac,edge_ratio_mean,edge_ratio_std,edge_stretch_p95,edge_compress_p05,edge_logratio_absmean,area_ratio_mean,area_logratio_absmean,degenerate_tri_frac,tri_quality_mean,tri_quality_p05,deform_mag_mean,deform_mag_p95,deform_mag_max,dihedral_mean,dihedral_p99,folded_face_frac,midline_dev_mean,midline_dev_p95,midline_dev_mean_norm,midline_dev_excess,part_body_dist_mean,part_body_dist_p95,part_body_within_tau,part_head_dist_mean,part_head_dist_p95,part_head_within_tau,part_antenna_dist_mean,part_antenna_dist_p95,part_antenna_within_tau,part_mandible_dist_mean,part_mandible_dist_p95,part_mandible_within_tau,part_leg_dist_mean,part_leg_dist_p95,part_leg_within_tau,part_leg_distal_dist_mean,part_leg_distal_dist_p95,part_leg_distal_within_tau
Acanthostichus_aff.brevicornis_CASENT0744328_processed.obj,Stage_2_deform_coarse,0.00020630592189263552,0.016461892053484917,0.008274877443909645,0.008187014609575272,0.021029889583587646,0.06187594681978226,0.31656497716903687,0.3172999918460846,0.31583333015441895,0.7479725480079651,0.7584999799728394,0.7377333641052246,0.9484795928001404,0.944100022315979,0.9528999924659729,0.9996999502182007,0.9994666576385498,0.9999333620071411,0.7965867519378662,0.20516666769981384,1.380427598953247,1.4122501611709595,3.2602009773254395,0.5303604602813721,0.3741762042045593,2.716463327407837,0.6563946008682251,0.0,0.7411003112792969,0.30884307622909546,0.01709992066025734,0.04163513705134392,0.3489726781845093,14.996925354003906,90.0615005493164,0.0100654736161232,0.0056597148068249226,0.006367745343595743,0.005714947823435068,-0.003544905688613653,0.007870659232139587,0.018302593380212784,0.962849497795105,0.00578731345012784,0.011423157528042793,0.9981600642204285,0.009897875599563122,0.017573103308677673,0.972375750541687,0.0074112084694206715,0.013580895960330963,0.9973615407943726,0.00948192086070776,0.021117009222507477,0.9392848014831543,0.007940559647977352,0.015458899550139904,0.9878345131874084
Acropyga_sauteri_CASENT0878081_processed.obj,Stage_2_deform_coarse,0.0001262212754227221,0.013572323136031628,0.006452318746596575,0.007120004389435053,0.01584848016500473,0.04447856545448303,0.3749673366546631,0.3867666721343994,0.3638666570186615,0.8434039950370789,0.8806666731834412,0.809166669845581,0.9842097163200378,0.9868333339691162,0.9815999865531921,1.0,1.0,1.0,0.845451295375824,0.1088000014424324,1.3310177326202393,1.3971210718154907,2.8035647869110107,0.6525949239730835,0.3045344054698944,2.3572001457214355,0.5257254242897034,0.0,0.8337816596031189,0.4356403946876526,0.010447501204907894,0.023582998663187027,0.23489409685134888,13.932514190673828,83.2611312866211,0.00830645952373743,0.007907276041805744,0.00842294842004776,0.00792733021080494,-0.00029321666806936264,0.0056573315523564816,0.010525204241275787,0.9977020621299744,0.0052130441181361675,0.009535321034491062,0.9995399713516235,0.008245321922004223,0.013327619060873985,1.0,0.006951557472348213,0.013007618486881256,0.9920845031738281,0.007004927843809128,0.013218813575804234,0.9915101528167725,0.007488184608519077,0.013407696969807148,0.9866179823875427
Aenictus_ceylonicus_CASENT0878084_processed.obj,Stage_2_deform_coarse,0.0001121504683396779,0.01167205162346363,0.006168397143483162,0.005503654945641756,0.01609019935131073,0.05694805458188057,0.5312982797622681,0.5322666764259338,0.5303333401679993,0.9019211530685425,0.8888333439826965,0.9154000282287598,0.9799438714981079,0.9659333229064941,0.9943667054176331,0.9994497299194336,0.9988999962806702,1.0,0.8011239171028137,0.1128000020980835,1.3745523691177368,1.5287580490112305,3.032043218612671,0.6347134709358215,0.3306455612182617,2.6291773319244385,0.5716953277587891,0.0,0.8034953474998474,0.3862497806549072,0.010533398017287254,0.02476568892598152,0.19930826127529144,14.644548416137695,93.3543701171875,0.010554089210927486,0.02166312374174595,0.022244006395339966,0.02163044922053814,-0.0018324106931686401,0.0044850800186395645,0.00917593389749527,0.9977020621299744,0.004155021160840988,0.007588658481836319,0.997700035572052,0.006364252418279648,0.011665180325508118,0.9972376227378845,0.00571832712739706,0.011003803461790085,1.0,0.005826093722134829,0.01192826870828867,0.988937497138977,0.005153841804713011,0.010150644928216934,0.9975668787956238
Anochetus_horridus_CASENT0744281_processed.obj,Stage_2_deform_coarse,0.0005413773469626904,0.017347345128655434,0.01046623382717371,0.006881111301481724,0.029866017401218414,0.1951432079076767,0.37214991450309753,0.3719666600227356,0.3723333477973938,0.816351056098938,0.7987000346183777,0.8348000049591064,0.952779233455658,0.9235666990280151,0.9839000105857849,0.9845826029777527,0.9696333408355713,1.0,0.7630302906036377,0.14970000088214874,1.2890352010726929,1.667506456375122,2.616342782974243,0.559938371181488,0.3120820224285126,2.6047348976135254,0.5741347074508667,0.0,0.7701973915100098,0.32170072197914124,0.0165487602353096,0.0468827523291111,0.30041053891181946,13.837698936462402,82.73406982421875,0.008339033462107182,0.005464651621878147,0.006346812471747398,0.005657631903886795,-0.0010067648254334927,0.005147640593349934,0.010307845659554005,0.9957870841026306,0.005270941182971001,0.010154150426387787,0.9967800974845886,0.006575471255928278,0.0132150175049901,0.980663001537323,0.00652296794578433,0.012973540462553501,0.9973615407943726,0.007544904947280884,0.01845071092247963,0.9583226442337036,0.00786344800144434,0.019531570374965668,0.9513381719589233
Camponotus_vestitus_strophiatus_CASENT0744750_processed.obj,Stage_2_deform_coarse,0.00011454198102001101,0.012314625084400177,0.006151492241770029,0.006163132842630148,0.014990356750786304,0.056742291897535324,0.4902070164680481,0.5013666749000549,0.4795333445072174,0.8689080476760864,0.8794666528701782,0.8586000204086304,0.98260897397995,0.9763000011444092,0.9890000224113464,0.9999000430107117,0.9998000264167786,1.0,0.8078427314758301,0.15540000796318054,1.23435640335083,1.132979154586792,2.347343921661377,0.6135642528533936,0.28706610202789307,1.9473484754562378,0.5049431324005127,0.0,0.7896623611450195,0.36587634682655334,0.011218036524951458,0.026541776955127716,0.12831641733646393,13.376121520996094,74.64112854003906,0.005895957350730896,0.0020111119374632835,0.002657059347257018,0.0019923525396734476,-0.008154740557074547,0.004823396448045969,0.009774761274456978,0.9969360828399658,0.004744294565171003,0.009371669963002205,0.9963201284408569,0.007678736932575703,0.019795160740613937,0.950276255607605,0.006109644193202257,0.013483406975865364,1.0,0.006437146104872227,0.013097826391458511,0.9927965402603149,0.005801567807793617,0.011309712193906307,0.9951338171958923
Cataglyphis_iberica_CASENT0745158_processed.obj,Stage_2_deform_coarse,0.0002515526721253991,0.018111050128936768,0.008625209331512451,0.009485839866101742,0.023618703708052635,0.08428123593330383,0.2341122031211853,0.24093332886695862,0.2276666760444641,0.7094029188156128,0.7419000267982483,0.6796333193778992,0.9386333227157593,0.9536666870117188,0.9240666627883911,0.997732937335968,0.9970666766166687,0.9984000325202942,0.7995920181274414,0.3086666762828827,1.256575345993042,1.4097926616668701,2.4637680053710938,0.5866352915763855,0.30017146468162537,2.344942808151245,0.5432162284851074,0.0,0.7573704719543457,0.3195250630378723,0.014421550557017326,0.037877604365348816,0.2855653166770935,13.882033348083496,83.27330017089844,0.008436756208539009,0.0075746094807982445,0.00822041928768158,0.00766297522932291,0.00013247551396489143,0.006793126929551363,0.013290626928210258,0.9946380853652954,0.007061598356813192,0.013512318022549152,0.9839006066322327,0.007933296263217926,0.013995545916259289,0.9834254384040833,0.009288066066801548,0.01990748755633831,0.9498680830001831,0.008197602815926075,0.015354686416685581,0.9796758890151978,0.008558998815715313,0.017071697860956192,0.9635036587715149
Centromyrmex_brachycola_CASENT0744052_processed.obj,Stage_2_deform_coarse,0.00021424901206046343,0.01738172397017479,0.008260022848844528,0.009121702052652836,0.02080601081252098,0.09583159536123276,0.22420597076416016,0.22930000722408295,0.21933333575725555,0.7192516922950745,0.7526000142097473,0.6887333393096924,0.9568843245506287,0.9714666604995728,0.9427333474159241,0.9987500309944153,0.9986333250999451,0.9988666772842407,0.8521570563316345,0.18150000274181366,1.335030436515808,1.7378108501434326,2.8070127964019775,0.578843891620636,0.33366331458091736,2.5124051570892334,0.589635968208313,0.0,0.7961233854293823,0.38332587480545044,0.014729222282767296,0.03442096710205078,0.2807907164096832,13.767267227172852,80.1283950805664,0.007264079991728067,0.00453606341034174,0.00526836421340704,0.004559137858450413,-0.005201784893870354,0.007267638575285673,0.013119443319737911,0.9938721060752869,0.006900403648614883,0.012627340853214264,0.9986200332641602,0.008845710195600986,0.01564093492925167,0.9779005646705627,0.008028222247958183,0.01643954962491989,0.9788918495178223,0.008309982717037201,0.016084613278508186,0.9840494394302368,0.009402316994965076,0.01887880638241768,0.9610705375671387
Cephalotes_pusillus_CASENT0744050_processed.obj,Stage_2_deform_coarse,0.00018137085135094821,0.015950772911310196,0.007549015339463949,0.008401758037507534,0.019165605306625366,0.06579869985580444,0.29177120327949524,0.3018999993801117,0.2822999954223633,0.7587407827377319,0.8026333451271057,0.7193999886512756,0.965712308883667,0.9750000238418579,0.95660001039505,0.999516487121582,0.9991000294685364,0.9999333620071411,0.8270622491836548,0.14640000462532043,1.2687586545944214,1.2447408437728882,2.567106246948242,0.5677589178085327,0.32063257694244385,2.4812231063842773,0.5741819143295288,0.0,0.7983369827270508,0.38295960426330566,0.013109984807670116,0.030594414100050926,0.29706400632858276,13.912026405334473,77.30659484863281,0.006905762013047934,0.0005195449921302497,0.0013264662120491266,0.0005204682238399982,-0.004042851272970438,0.006423139479011297,0.011996003799140453,0.9973190426826477,0.0063087851740419865,0.011323871091008186,0.9972400665283203,0.00678638368844986,0.011469453573226929,0.9972376227378845,0.008177979849278927,0.013924196362495422,0.9868074059486389,0.008737355470657349,0.017987797036767006,0.9639825224876404,0.00830808375030756,0.016316182911396027,0.9829683899879456
Cerapachys_sulcinodis_CASENT0745635_processed.obj,Stage_2_deform_coarse,0.00010520654177526012,0.012465475127100945,0.005954888183623552,0.006510586477816105,0.01442110724747181,0.03766714036464691,0.4330434799194336,0.4431000053882599,0.4234333336353302,0.8786566853523254,0.9067333340644836,0.8522666692733765,0.9899080991744995,0.9949333667755127,0.9849333167076111,1.0,1.0,1.0,0.8579577207565308,0.10653333365917206,1.2166060209274292,0.9540446996688843,2.3367934226989746,0.5919303297996521,0.2927263379096985,1.807990550994873,0.5258718729019165,0.0,0.7942158579826355,0.3921644985675812,0.011261876672506332,0.026449864730238914,0.19739563763141632,14.09568977355957,75.63008117675781,0.006645167246460915,0.0015995035646483302,0.0022429940290749073,0.001590909087099135,-0.0029984749853610992,0.0050092120654881,0.009630441665649414,0.9992340207099915,0.005334625951945782,0.009984882548451424,0.9990800023078918,0.006286966614425182,0.011754443868994713,1.0,0.0059315902180969715,0.01003667339682579,1.0,0.006719760596752167,0.013213741593062878,0.9935683012008667,0.006193243898451328,0.011209369637072086,1.0
Cladomyrma_sp._CASENT0745080_processed.obj,Stage_2_deform_coarse,0.0002857182116713375,0.020171165466308594,0.00950962770730257,0.010661538690328598,0.02414039894938469,0.06861011683940887,0.167894646525383,0.17536666989326477,0.16103333234786987,0.616682767868042,0.6626666784286499,0.5766666531562805,0.9234291911125183,0.9435666799545288,0.9041333198547363,0.9989665746688843,0.9986667037010193,0.9992666840553284,0.7181705236434937,0.4266666769981384,1.2759950160980225,1.1079949140548706,2.6570703983306885,0.5522851347923279,0.3366308808326721,2.0287694931030273,0.6013520956039429,0.0,0.7806059122085571,0.3686163127422333,0.015124727040529251,0.034741099923849106,0.2181718647480011,14.728599548339844,77.21570587158203,0.007003485225141048,0.004241426009684801,0.0050633857026696205,0.004328240640461445,-0.0046545579098165035,0.00742688262835145,0.013210522010922432,0.9965530633926392,0.009970922023057938,0.02093203365802765,0.9392824172973633,0.008574523963034153,0.016240954399108887,0.9696133136749268,0.008727358654141426,0.016336441040039062,0.97625333070755,0.008587011136114597,0.01665758341550827,0.9776177406311035,0.008681140840053558,0.018352696672081947,0.9610705375671387
Colobopsis_shohki_OKENT0105043_processed.obj,Stage_2_deform_coarse,0.00033121375599876046,0.01975240930914879,0.010270695202052593,0.00948171503841877,0.029596447944641113,0.0961686298251152,0.24027812480926514,0.24140000343322754,0.23916666209697723,0.6754801273345947,0.6845999956130981,0.6665999889373779,0.9154149889945984,0.9058666825294495,0.925166666507721,0.9933404922485352,0.9882667064666748,0.9984666705131531,0.746489942073822,0.38483333587646484,1.352410912513733,1.5034501552581787,3.167816638946533,0.49209514260292053,0.39214494824409485,2.728602409362793,0.7122806906700134,0.0,0.7318781018257141,0.30215153098106384,0.01934598572552204,0.04462086409330368,0.2836672365665436,16.1798152923584,102.73564910888672,0.013550929725170135,0.0032576879020780325,0.004072502255439758,0.0032757751177996397,-0.002908904803916812,0.007646927610039711,0.01700030267238617,0.9682114124298096,0.008059840649366379,0.0159598421305418,0.9719411134719849,0.007576471194624901,0.015188178047537804,0.980663001537323,0.009234161116182804,0.01848715730011463,0.9736148118972778,0.009928805753588676,0.023060103878378868,0.9223051071166992,0.007579423952847719,0.014709005132317543,0.9902676343917847
Crematogaster_evallans_CASENT0744252_processed.obj,Stage_2_deform_coarse,0.00042282394133508205,0.02226083353161812,0.010820413008332253,0.011440419591963291,0.02793246880173683,0.13797391951084137,0.1889147311449051,0.19210000336170197,0.18583333492279053,0.5943841338157654,0.6301000118255615,0.5625,0.8842317461967468,0.9075666666030884,0.8620666861534119,0.9927303791046143,0.9883333444595337,0.9971666932106018,0.7347118854522705,0.37933334708213806,1.3856748342514038,6.091197967529297,3.0301826000213623,0.49853602051734924,0.38495102524757385,3.392622470855713,0.6814397573471069,0.0,0.7433858513832092,0.28998902440071106,0.019404221326112747,0.048071011900901794,0.269255131483078,15.632941246032715,92.79383850097656,0.010586663149297237,0.007724200841039419,0.008718689903616905,0.007759829517453909,-0.0018811519257724285,0.008236167021095753,0.017158932983875275,0.9693604111671448,0.010073146782815456,0.020943591371178627,0.9365224838256836,0.008692788891494274,0.01570022664964199,0.980663001537323,0.009038366377353668,0.019085446372628212,0.9525066614151001,0.009709869511425495,0.020025279372930527,0.9493182301521301,0.008528371341526508,0.016011055558919907,0.9768856167793274
Dolichoderus_quadripunctatus_CASENT0745213_processed.obj,Stage_2_deform_coarse,0.00045445101568475366,0.023462610319256783,0.01185359712690115,0.011609013192355633,0.0324406623840332,0.10981988161802292,0.14799337089061737,0.15173333883285522,0.14443333446979523,0.5584709048271179,0.5857333540916443,0.5336333513259888,0.8826488256454468,0.8921999931335449,0.8733000159263611,0.9876847863197327,0.9771333336830139,0.9984666705131531,0.7594885230064392,0.33836665749549866,1.288278579711914,1.5995393991470337,2.6289570331573486,0.5580151677131653,0.33411896228790283,2.462653636932373,0.5869451761245728,0.0,0.7779413461685181,0.3401188850402832,0.019194338470697403,0.051590580493211746,0.27954885363578796,14.534269332885742,87.44688415527344,0.00928368978202343,0.008556397631764412,0.009163595736026764,0.008394499309360981,-0.003222922794520855,0.008501390926539898,0.016205113381147385,0.9789353013038635,0.009948214516043663,0.02133844420313835,0.9365224838256836,0.0103946877643466,0.023773467168211937,0.9254143834114075,0.009998178109526634,0.01799558661878109,0.97625333070755,0.00895402580499649,0.017749689519405365,0.9683560729026794,0.009957420639693737,0.022265559062361717,0.9270073175430298
Dolichoderus_sibiricus_OKENT0105316_processed.obj,Stage_2_deform_coarse,0.0004582172550726682,0.02198423445224762,0.01201604213565588,0.009968191385269165,0.03483749181032181,0.1570417433977127,0.21904589235782623,0.21809999644756317,0.2199999988079071,0.6227080821990967,0.6204000115394592,0.6250333189964294,0.8884472250938416,0.8658999800682068,0.9122000336647034,0.987990140914917,0.9769333600997925,0.9993000030517578,0.6705543398857117,0.4005666673183441,1.3651401996612549,1.5429656505584717,3.172961950302124,0.4804949164390564,0.4090668857097626,2.643587350845337,0.7168949842453003,0.0,0.6959637403488159,0.2565222382545471,0.020661387592554092,0.05687830224633217,0.23568139970302582,17.27082061767578,111.11460876464844,0.015472816303372383,0.011524055153131485,0.012732487171888351,0.011642352677881718,-0.0014564665034413338,0.007896929048001766,0.017688564956188202,0.9689774513244629,0.008157323114573956,0.016912860795855522,0.9765409231185913,0.007908985018730164,0.016152486205101013,0.9751381874084473,0.009205445647239685,0.019044803455471992,0.9604222178459167,0.00955819059163332,0.02300863340497017,0.9287368059158325,0.008859356865286827,0.019178487360477448,0.956204354763031
Dorylus_fulvus_CASENT0745674_processed.obj,Stage_2_deform_coarse,0.0002515364612918347,0.017742902040481567,0.008542240597307682,0.009200661443173885,0.021396953612565994,0.24270783364772797,0.2497355043888092,0.2591666579246521,0.24096666276454926,0.7170490026473999,0.7613333463668823,0.6776333451271057,0.9479374885559082,0.9591333270072937,0.937000036239624,0.9961568117141724,0.9930333495140076,0.9993000030517578,0.8090254068374634,0.2435000091791153,1.3020387887954712,1.2420960664749146,2.7964794635772705,0.5550908446311951,0.33732354640960693,2.2029454708099365,0.5960353016853333,0.0,0.7809991240501404,0.36260026693344116,0.015954140573740005,0.04061092808842659,0.2751637399196625,14.50403881072998,82.80325317382812,0.008078438229858875,0.018688151612877846,0.01923600398004055,0.018506035208702087,-0.0033148862421512604,0.006783674471080303,0.012925008311867714,0.9946380853652954,0.008145110681653023,0.018862701952457428,0.956301748752594,0.007632359862327576,0.014395792037248611,0.9944751858711243,0.008753501810133457,0.017453359439969063,0.9709762930870056,0.00805741548538208,0.015083547681570053,0.9791613221168518,0.009108932688832283,0.02333102561533451,0.9343065619468689
Dorylus_fulvus_CASENT0745675_processed.obj,Stage_2_deform_coarse,0.00017154998204205185,0.01551426388323307,0.007608640473335981,0.007905623875558376,0.01721993461251259,0.1018441841006279,0.2950563132762909,0.29989999532699585,0.29036667943000793,0.7845050692558289,0.805733323097229,0.7643666863441467,0.9704160690307617,0.9696333408355713,0.9711999893188477,0.9996832609176636,0.9998000264167786,0.9995666742324829,0.8139462471008301,0.23296667635440826,1.249321699142456,1.0404372215270996,2.580934524536133,0.5796163082122803,0.3121013343334198,1.8532167673110962,0.5542654395103455,0.0,0.7916929721832275,0.37696701288223267,0.013130463659763336,0.03180307894945145,0.286903440952301,14.209967613220215,79.5710220336914,0.007622397970408201,0.013328765518963337,0.014142902567982674,0.013158371672034264,-0.00020952709019184113,0.006025171838700771,0.011021295562386513,0.9980850219726562,0.006058246362954378,0.010880210436880589,0.9963201284408569,0.007565652951598167,0.013260729610919952,0.9944751858711243,0.007208588067442179,0.01364031620323658,1.0,0.008038194850087166,0.015767980366945267,0.9794185757637024,0.006762986071407795,0.012644556351006031,0.9927006959915161
Dorylus_fulvus_CASENT0745678_processed.obj,Stage_2_deform_coarse,0.00015772483311593533,0.014765562489628792,0.007099366281181574,0.007666196674108505,0.017575081437826157,0.05685355141758919,0.34146615862846375,0.3449000120162964,0.33810001611709595,0.80672287940979,0.8295333385467529,0.7851333618164062,0.9724191427230835,0.9792667031288147,0.965666651725769,0.9997833371162415,0.9998999834060669,0.999666690826416,0.8316400647163391,0.16410000622272491,1.2585803270339966,1.2929846048355103,2.5000088214874268,0.5581899285316467,0.3129868805408478,2.1018424034118652,0.5575913190841675,0.0,0.7863785624504089,0.37145882844924927,0.01325158216059208,0.032580144703388214,0.2937871515750885,13.511560440063477,77.9865493774414,0.006873187609016895,0.0018378939712420106,0.002270737197250128,0.0018494779942557216,-0.010201304219663143,0.005834301933646202,0.01125909574329853,0.9969360828399658,0.005619754083454609,0.010491936467587948,1.0,0.007395711727440357,0.01330906618386507,0.9972376227378845,0.00798299815505743,0.01846446469426155,0.9788918495178223,0.00794382207095623,0.015447629615664482,0.9850785136222839,0.007308059372007847,0.014536939561367035,0.9878345131874084
Eciton_hamatum_CASENT0744580_processed.obj,Stage_2_deform_coarse,0.00034134459565393627,0.019081538543105125,0.011493745259940624,0.007587793283164501,0.03531349077820778,0.09066378325223923,0.2853369116783142,0.275299996137619,0.2961333394050598,0.7101943492889404,0.6507666707038879,0.7815666794776917,0.9114021062850952,0.8508999943733215,0.981166660785675,0.9900349974632263,0.9802666902542114,1.0,0.6314282417297363,0.27683332562446594,1.2878865003585815,1.2335549592971802,2.890000581741333,0.5080986618995667,0.3666493594646454,2.060959577560425,0.6362972259521484,0.0,0.7354331612586975,0.31534743309020996,0.018407410010695457,0.04493534564971924,0.26133665442466736,15.297394752502441,83.88755798339844,0.008567053824663162,0.009473510086536407,0.010347963310778141,0.009500158950686455,-0.002910585142672062,0.006199163850396872,0.01338278315961361,0.990425169467926,0.012387746945023537,0.029686560854315758,0.8049677610397339,0.006715063005685806,0.01367503497749567,0.9944751858711243,0.008862022310495377,0.021485459059476852,0.9313984513282776,0.00773329334333539,0.018463173881173134,0.9596089720726013,0.00653107650578022,0.013517174869775772,0.985401451587677
Euprenolepis_cf.wittei_CASENT0878049_processed.obj,Stage_2_deform_coarse,0.0002197070571128279,0.01587756909430027,0.008681079372763634,0.007196489255875349,0.024488534778356552,0.07617053389549255,0.35145676136016846,0.34960001707077026,0.35333332419395447,0.7921432852745056,0.7760666608810425,0.808899998664856,0.9526953101158142,0.9283666610717773,0.9783333539962769,0.9955806136131287,0.9912000298500061,1.0,0.7528291940689087,0.18246667087078094,1.296000361442566,1.7416850328445435,2.718797445297241,0.5652621388435364,0.31684839725494385,2.6810920238494873,0.5596888065338135,0.0,0.7779706120491028,0.34456825256347656,0.013336158357560635,0.0382830835878849,0.21782642602920532,14.535531997680664,85.01586151123047,0.008827649056911469,0.044944699853658676,0.04572487622499466,0.045119527727365494,0.00614050030708313,0.006248705089092255,0.013761000707745552,0.987744152545929,0.004749712068587542,0.00889480672776699,0.9986200332641602,0.00731450691819191,0.011029438115656376,0.9972376227378845,0.005949509330093861,0.011007151566445827,0.9947230219841003,0.008234195411205292,0.018889479339122772,0.9572935700416565,0.007061606738716364,0.01347183994948864,0.9902676343917847
Formica_cf.fusca_CASENT0878143_processed.obj,Stage_2_deform_coarse,8.031360630411655e-05,0.010751834139227867,0.005401579663157463,0.005350254010409117,0.010843774303793907,0.04927806928753853,0.5366752743721008,0.5443999767303467,0.5291666984558105,0.9348641037940979,0.9363999962806702,0.9333333373069763,0.992569625377655,0.9889000058174133,0.9962666630744934,1.0,1.0,1.0,0.8557712435722351,0.09139999747276306,1.3015432357788086,1.386539101600647,2.5364303588867188,0.6393477320671082,0.2976909577846527,2.13409423828125,0.5111578702926636,0.0,0.8035182356834412,0.389832079410553,0.008700944483280182,0.01904204860329628,0.17355884611606598,15.83312702178955,107.70802307128906,0.014169842004776001,0.002803618321195245,0.0035501173697412014,0.002822908340021968,-0.005704953335225582,0.0046880804002285,0.009253340773284435,0.9984680414199829,0.005205981433391571,0.010355786420404911,0.9958601593971252,0.005647151730954647,0.009351706132292747,0.9972376227378845,0.006677896250039339,0.017330044880509377,0.9656992554664612,0.005733807571232319,0.009882272221148014,0.9943401217460632,0.0050553223118186,0.010968484915792942,0.9914841651916504
Hypoponera_sp._CASENT0744201_processed.obj,Stage_2_deform_coarse,0.00015557353617623448,0.014816908165812492,0.006988388020545244,0.007828520610928535,0.01796300709247589,0.0643286406993866,0.3250853419303894,0.3357999920845032,0.31503334641456604,0.8077393174171448,0.8433666825294495,0.7750000357627869,0.9731016159057617,0.9821000099182129,0.9642666578292847,0.999833345413208,1.0,0.999666690826416,0.8072699308395386,0.2718000113964081,1.2532602548599243,1.2543561458587646,2.444061279296875,0.5666309595108032,0.3120758831501007,2.0961530208587646,0.5881773233413696,0.0,0.7554124593734741,0.31422537565231323,0.01322130672633648,0.030487090349197388,0.23301048576831818,14.310681343078613,85.16822814941406,0.008795074187219143,0.015256349928677082,0.016267452389001846,0.016042396426200867,-0.005402392707765102,0.006195837631821632,0.011807129718363285,0.9908081293106079,0.00614700373262167,0.010981508530676365,0.9981600642204285,0.007693079765886068,0.014121497049927711,0.9944751858711243,0.00688651530072093,0.011867696419358253,0.9920845031738281,0.006798603106290102,0.013339472934603691,0.9873939156532288,0.006378299556672573,0.012695434503257275,0.9927006959915161
Lasius_fuliginosus_CASENT0745541_processed.obj,Stage_2_deform_coarse,0.0001904955570353195,0.015670273452997208,0.007835417054593563,0.00783485546708107,0.018902769312262535,0.06829725950956345,0.3226992189884186,0.32743334770202637,0.3181000053882599,0.7864142656326294,0.8103333711624146,0.763866662979126,0.961707592010498,0.9553666710853577,0.9681333303451538,0.9985647201538086,0.9971666932106018,0.9999666810035706,0.7726070284843445,0.23436667025089264,1.248831868171692,1.4899801015853882,2.406338930130005,0.5804860591888428,0.2994382083415985,2.065775156021118,0.5320581197738647,0.0,0.7908059358596802,0.37513646483421326,0.012023353949189186,0.02838904969394207,0.2538476586341858,13.798741340637207,75.7017593383789,0.006449721287935972,0.01849420554935932,0.01912533864378929,0.018891090527176857,-0.0030984077602624893,0.005895268637686968,0.010801082476973534,0.9977020621299744,0.0054355585016310215,0.010062663815915585,0.9986200332641602,0.007861542515456676,0.013583512976765633,0.9861878752708435,0.006759949494153261,0.012112422846257687,1.0,0.007862868718802929,0.015154113061726093,0.9843066930770874,0.00785314291715622,0.015315324068069458,0.9781022071838379
Lasius_orientalis_OKENT0105322_processed.obj,Stage_2_deform_coarse,0.00023118688841350377,0.017919359728693962,0.008350192569196224,0.009569167159497738,0.022778082638978958,0.05706361308693886,0.23911283910274506,0.24533332884311676,0.23319999873638153,0.6973960399627686,0.7411333322525024,0.6585333347320557,0.9424136281013489,0.9631333351135254,0.9225666522979736,0.9996499419212341,0.9998999834060669,0.9994000196456909,0.7943127751350403,0.28243333101272583,1.250463604927063,1.1861766576766968,2.631481409072876,0.5342295169830322,0.3330560326576233,2.1491520404815674,0.605175793170929,0.0,0.761389434337616,0.3332536816596985,0.01649116910994053,0.04041287675499916,0.20944933593273163,13.890538215637207,79.66630554199219,0.007654971908777952,0.005278325639665127,0.006045598536729813,0.005313033703714609,-0.004660777747631073,0.0072947158478200436,0.015089280903339386,0.9839142560958862,0.008335437625646591,0.016674714162945747,0.9737810492515564,0.00819912925362587,0.016354339197278023,0.9696133136749268,0.009440220892429352,0.019813451915979385,0.9498680830001831,0.009060950018465519,0.018098607659339905,0.9621816277503967,0.007444801274687052,0.014005100354552269,0.9951338171958923
Leptogenys_birmana_CASENT0741330_processed.obj,Stage_2_deform_coarse,0.0003237756318412721,0.0204408448189497,0.010206482373178005,0.010234362445771694,0.02746085450053215,0.0817578062415123,0.1982285976409912,0.20360000431537628,0.19313333928585052,0.6365073919296265,0.6715999841690063,0.6049000024795532,0.9103484749794006,0.9115333557128906,0.909166693687439,0.9959201216697693,0.9923000335693359,0.9995666742324829,0.7681402564048767,0.27459999918937683,1.3495471477508545,1.344730019569397,3.151982545852661,0.530545711517334,0.3734860420227051,2.56685471534729,0.6732499599456787,0.0,0.7615488767623901,0.3194561004638672,0.01855505257844925,0.04707149416208267,0.2560479938983917,14.994805335998535,90.60830688476562,0.010130622424185276,0.005319999996572733,0.0059904600493609905,0.005382792558521032,0.0005705235525965691,0.008862394839525223,0.020586278289556503,0.947529673576355,0.007460380904376507,0.015781966969370842,0.9728610515594482,0.00812219176441431,0.016028042882680893,0.9889503121376038,0.007631157524883747,0.014523347839713097,0.9868074059486389,0.0112559013068676,0.027509378269314766,0.8904039263725281,0.00940285436809063,0.01792745664715767,0.9720194339752197
Leptogenys_cf.binghamii_CASENT0877639_processed.obj,Stage_2_deform_coarse,0.0002694569411687553,0.018382946029305458,0.009278258308768272,0.009104687720537186,0.023080307990312576,0.0895674005150795,0.24799112975597382,0.2505333423614502,0.24549999833106995,0.7025272846221924,0.7175000309944153,0.6881666779518127,0.932659924030304,0.9301666617393494,0.9351666569709778,0.9962723255157471,0.9929666519165039,0.9995999932289124,0.7825756669044495,0.19750000536441803,1.2377303838729858,1.0326563119888306,2.4914586544036865,0.5689442157745361,0.31362640857696533,2.1438896656036377,0.538643479347229,0.0,0.7610743045806885,0.32394611835479736,0.01709822006523609,0.04256404936313629,0.2582786977291107,14.611753463745117,82.13654327392578,0.008078438229858875,0.007733695674687624,0.008692963980138302,0.007905307225883007,0.0001594526693224907,0.006749972701072693,0.013338884338736534,0.9854462146759033,0.008785112760961056,0.01866738870739937,0.9586016535758972,0.009526640176773071,0.016881300136446953,0.9779005646705627,0.0076670171692967415,0.016124291345477104,0.9736148118972778,0.008466689847409725,0.01728660985827446,0.9683560729026794,0.008362042717635632,0.018534421920776367,0.956204354763031
Leptogenys_gaigei_CASENT0878114_processed.obj,Stage_2_deform_coarse,0.00035573949571698904,0.018567029386758804,0.009613263420760632,0.008953765965998173,0.023252027109265327,0.14918263256549835,0.25827908515930176,0.26143333315849304,0.25519999861717224,0.7263098955154419,0.7494000196456909,0.7046000361442566,0.9399587512016296,0.9372333288192749,0.9427000284194946,0.9909270405769348,0.9847000241279602,0.9972333312034607,0.7947776317596436,0.17309999465942383,1.3147284984588623,1.4610120058059692,2.8208203315734863,0.5470078587532043,0.34682542085647583,2.258911371231079,0.5897101163864136,0.0,0.7721779942512512,0.3220266103744507,0.017726628109812737,0.047518014907836914,0.4708225429058075,15.153341293334961,94.81083679199219,0.011238150298595428,0.005105723161250353,0.005865274928510189,0.005250831134617329,-0.00023239338770508766,0.006408155430108309,0.012365126982331276,0.9965530633926392,0.007618010975420475,0.017308032140135765,0.9673413038253784,0.009401650168001652,0.015617393888533115,0.9944751858711243,0.006970533635467291,0.013609308749437332,0.9973615407943726,0.009011753834784031,0.019433550536632538,0.9526627659797668,0.011375497095286846,0.038683924823999405,0.8844282031059265
Leptogenys_intermedia_CASENT0744954_processed.obj,Stage_2_deform_coarse,0.00015824280853848904,0.01358778402209282,0.006986973341554403,0.006600810214877129,0.015432210639119148,0.10956458747386932,0.4005962610244751,0.40860000252723694,0.3928999900817871,0.8639411330223083,0.8711333274841309,0.8568666577339172,0.9787135124206543,0.9696000218391418,0.9880000352859497,0.9970787167549133,0.9949333667755127,0.9992333650588989,0.816432535648346,0.1673000007867813,1.3041439056396484,1.4833524227142334,2.665109395980835,0.5833300948143005,0.31934425234794617,2.319121837615967,0.5826032757759094,0.0,0.7733076214790344,0.3494277596473694,0.013097945600748062,0.032433487474918365,0.2560018002986908,14.658492088317871,85.47388458251953,0.008957945741713047,0.01201568078249693,0.01287788525223732,0.01305378321558237,-0.0007717935368418694,0.005320955533534288,0.010452087968587875,0.9946380853652954,0.00495851831510663,0.008805464953184128,0.9972400665283203,0.007009644992649555,0.012040795758366585,0.9972376227378845,0.004909002687782049,0.008464032784104347,1.0,0.006773464381694794,0.01367962546646595,0.9861075282096863,0.006771355401724577,0.013934547081589699,0.9781022071838379
Lophomyrmex_sp._CASENT0745631_processed.obj,Stage_2_deform_coarse,0.000251798948738724,0.016690853983163834,0.00859735906124115,0.008093494921922684,0.023912522941827774,0.09215846657752991,0.32083550095558167,0.3312000036239624,0.3111000061035156,0.7745206952095032,0.7959666848182678,0.7541999816894531,0.9496500492095947,0.9360666871070862,0.9636333584785461,0.9933279156684875,0.9886666536331177,0.998033344745636,0.7571161389350891,0.28006666898727417,1.2942663431167603,1.5093282461166382,2.737846612930298,0.5420157313346863,0.33734825253486633,2.236469030380249,0.6087139248847961,0.0,0.7652676105499268,0.3341527283191681,0.015606134198606014,0.03781872242689133,0.3308521509170532,14.131755828857422,82.05703735351562,0.008143587037920952,0.018691973760724068,0.019718697294592857,0.018951626494526863,-0.004420362412929535,0.006297742947936058,0.012413229793310165,0.9950211048126221,0.0056406352669000626,0.010576913133263588,0.9986200332641602,0.006889277137815952,0.013163397088646889,0.9861878752708435,0.006639898754656315,0.01185878086835146,1.0,0.0076905107125639915,0.01733165606856346,0.96861332654953,0.006517373025417328,0.012392635457217693,0.9878345131874084
Megaponera_analis_CASENT0744960_processed.obj,Stage_2_deform_coarse,0.00018173328135162592,0.015645386651158333,0.007609039545059204,0.008036347106099129,0.018812529742717743,0.07217227667570114,0.32009178400039673,0.3284666836261749,0.3121333420276642,0.7746874094009399,0.8068000078201294,0.745033323764801,0.9638717174530029,0.9672333598136902,0.9605333209037781,0.9988320469856262,0.997700035572052,0.9999666810035706,0.7858174443244934,0.2220333367586136,1.3026176691055298,1.1504062414169312,2.8637118339538574,0.5166265964508057,0.3734573423862457,2.1509506702423096,0.6490477919578552,0.0,0.7532375454902649,0.331368088722229,0.017391139641404152,0.04064468294382095,0.29055458307266235,15.628442764282227,93.4214859008789,0.010423791594803333,0.036332130432128906,0.036974165588617325,0.03676685690879822,0.004043363034725189,0.007238426711410284,0.016283612698316574,0.9731903672218323,0.005599867086857557,0.010547705926001072,0.9949401617050171,0.007365805096924305,0.013490686193108559,0.9889503121376038,0.0070770117454230785,0.015186712145805359,0.9868074059486389,0.007899392396211624,0.017440682277083397,0.9668124914169312,0.0071535538882017136,0.014500303193926811,0.974452555179596
Microdaceton_tibialis_CASENT0745552_processed.obj,Stage_2_deform_coarse,0.00015586859080940485,0.014565100893378258,0.007136720698326826,0.007428380195051432,0.01650034263730049,0.05295195430517197,0.35045793652534485,0.3614666759967804,0.3400999903678894,0.8159621953964233,0.8424000144004822,0.7911333441734314,0.9740481972694397,0.9727333188056946,0.9753666520118713,0.9996499419212341,0.9994000196456909,0.9998999834060669,0.8109817504882812,0.10586667060852051,1.1841139793395996,0.8850206732749939,2.1883809566497803,0.6136394143104553,0.270742267370224,1.7062044143676758,0.4804576635360718,0.0,0.8044293522834778,0.40022027492523193,0.011248900555074215,0.028818586841225624,0.3232346475124359,13.233430862426758,70.33812713623047,0.004071793518960476,0.003716591978445649,0.004392990376800299,0.0037381071597337723,-0.0026342940982431173,0.005589479114860296,0.010436533018946648,1.0,0.005551011301577091,0.010280562564730644,1.0,0.007643283810466528,0.013791516423225403,0.9861878752708435,0.007686135824769735,0.015212730504572392,0.9841688871383667,0.00724334130063653,0.013310027308762074,0.9935683012008667,0.006856246385723352,0.01184846367686987,0.9829683899879456
Mycetagroicus_inflatus_CASENT0745121_processed.obj,Stage_2_deform_coarse,0.0002568997151684016,0.017109323292970657,0.00843174010515213,0.008677582256495953,0.020350443199276924,0.1315813660621643,0.28317826986312866,0.29356667399406433,0.273499995470047,0.7431558966636658,0.7761333584785461,0.7128666639328003,0.952353298664093,0.9577333331108093,0.9470333456993103,0.9962242841720581,0.993233323097229,0.9992333650588989,0.7578862905502319,0.2671999931335449,1.3037976026535034,1.450083613395691,2.7072153091430664,0.5483606457710266,0.33606746792793274,2.4807567596435547,0.6078649759292603,0.0,0.7754761576652527,0.33759844303131104,0.015225747600197792,0.03981207683682442,0.2885332405567169,14.009648323059082,80.25262451171875,0.00745952595025301,0.0021708442363888025,0.0028717766981571913,0.002298979088664055,-0.011238900013267994,0.005947883706539869,0.011048776097595692,0.9980850219726562,0.0062950304709374905,0.011080840602517128,0.9990800023078918,0.007737979292869568,0.01442399900406599,0.9889503121376038,0.007584820501506329,0.013561205938458443,1.0,0.008443359285593033,0.018387693911790848,0.9647543430328369,0.009867353364825249,0.025110865011811256,0.9233576655387878
Myrmelachista_nodigera_CASENT0709257_processed.obj,Stage_2_deform_coarse,0.0001188953683595173,0.012989906594157219,0.006425074767321348,0.006564831826835871,0.013950460590422153,0.06765986979007721,0.4065743088722229,0.41153332591056824,0.4017333388328552,0.8673321008682251,0.8813000321388245,0.8537999987602234,0.9874138236045837,0.9857333302497864,0.9891000390052795,0.9992831349372864,0.9988000392913818,0.9997667074203491,0.872323215007782,0.0763000026345253,1.248035192489624,1.317394495010376,2.5382747650146484,0.6040552854537964,0.29576626420021057,1.9446662664413452,0.5127642154693604,0.0,0.8074688911437988,0.39844805002212524,0.011010261252522469,0.026166006922721863,0.26939207315444946,14.08816146850586,84.27265167236328,0.008632202632725239,0.0049002571031451225,0.005962221417576075,0.0049530090764164925,-0.002536354586482048,0.005452780518680811,0.0099889375269413,0.9988510608673096,0.005153709556907415,0.00927496887743473,0.9995399713516235,0.008013426326215267,0.013833373785018921,0.9861878752708435,0.007127038203179836,0.014761238358914852,0.9947230219841003,0.007831677794456482,0.01552426815032959,0.9783895015716553,0.006839263252913952,0.01220027171075344,0.9841849207878113
Myrmoteras_sp._CASENT0745083_processed.obj,Stage_2_deform_coarse,0.00012587252422235906,0.012003501877188683,0.005842498037964106,0.006161003839224577,0.012566987425088882,0.25582221150398254,0.46168485283851624,0.47406667470932007,0.44993335008621216,0.9106460213661194,0.9219666719436646,0.8996000289916992,0.9900498986244202,0.9903666973114014,0.9897333383560181,0.9989833235740662,0.9988333582878113,0.9991333484649658,0.8383122682571411,0.09566666930913925,1.2290704250335693,1.0997731685638428,2.3450467586517334,0.624470591545105,0.27926886081695557,2.0110559463500977,0.5293151140213013,0.0,0.7934209108352661,0.393033504486084,0.009826654568314552,0.022287532687187195,0.28606897592544556,13.955265998840332,76.2218017578125,0.0064822956919670105,0.006896710488945246,0.007731955964118242,0.006923728622496128,-0.0023001213558018208,0.0046828268095850945,0.008742472156882286,1.0,0.005094032734632492,0.008966132067143917,1.0,0.0059997946955263615,0.010508553124964237,0.9834254384040833,0.005431700497865677,0.009342082776129246,1.0,0.006263669580221176,0.012355429120361805,0.9969127774238586,0.0066027469001710415,0.01317565981298685,0.985401451587677
Neivamyrmex_cf.hetschkoi_CASENT0744506_processed.obj,Stage_2_deform_coarse,0.00016726570902392268,0.014323903247714043,0.006985508371144533,0.007338395342230797,0.016096413135528564,0.09778463840484619,0.36246228218078613,0.3696666657924652,0.35553333163261414,0.8330660462379456,0.8634666800498962,0.8047333359718323,0.9769131541252136,0.978766679763794,0.9750666618347168,0.9976483583450317,0.996399998664856,0.9988999962806702,0.829814612865448,0.17933332920074463,1.259018063545227,1.1772428750991821,2.412205219268799,0.6372090578079224,0.28085654973983765,1.9842321872711182,0.4989146292209625,0.0,0.8053811192512512,0.3904489278793335,0.01006435789167881,0.02365126833319664,0.24735970795154572,13.403389930725098,73.88935852050781,0.005667936988174915,0.021988598629832268,0.02274400368332863,0.02248365804553032,0.003805762156844139,0.005410829558968544,0.010377690196037292,0.9996170401573181,0.005105890333652496,0.00926004908978939,1.0,0.008567985147237778,0.01384690124541521,0.9972376227378845,0.00681134220212698,0.012735707685351372,0.9947230219841003,0.006864592432975769,0.012579166330397129,0.9933110475540161,0.0063571627251803875,0.011575359851121902,0.9975668787956238
Neivamyrmex_nigrescens_CASENT0741443_processed.obj,Stage_2_deform_coarse,0.00026140850968658924,0.01606716215610504,0.008469155058264732,0.007598007097840309,0.019528262317180634,0.15372179448604584,0.3316989243030548,0.33586665987968445,0.3276333510875702,0.7953009009361267,0.8114666938781738,0.7797666788101196,0.9628603458404541,0.9521000385284424,0.9738667011260986,0.99278724193573,0.9860666990280151,0.9995999932289124,0.8004986047744751,0.17306667566299438,1.264072299003601,1.5327900648117065,2.5752480030059814,0.5214129090309143,0.32070666551589966,2.3474626541137695,0.5790389776229858,0.0,0.7607837319374084,0.3030431568622589,0.016003882512450218,0.03974982351064682,0.44683605432510376,14.279354095458984,78.4706802368164,0.007394377142190933,0.009009521454572678,0.009928847663104534,0.009109077975153923,-0.00143333338201046,0.006251491140574217,0.01211005263030529,0.9919571280479431,0.005379753652960062,0.009617212228477001,0.9995399713516235,0.00801343284547329,0.01526064332574606,0.9751381874084473,0.006268384400755167,0.012106860056519508,0.9947230219841003,0.0073415664955973625,0.015508954413235188,0.9786468148231506,0.007285294588655233,0.013739818707108498,0.989051103591919
Neoponera_commutata_CASENT0744610_processed.obj,Stage_2_deform_coarse,0.00021588642266578972,0.015541063621640205,0.0084401685744524,0.007100895047187805,0.023829158395528793,0.10167687386274338,0.3497556149959564,0.35173332691192627,0.34780001640319824,0.811606764793396,0.8009666800498962,0.822533369064331,0.956371545791626,0.9318667054176331,0.982200026512146,0.9955469369888306,0.9911333322525024,1.0,0.7710356712341309,0.18673333525657654,1.2920958995819092,1.3227094411849976,2.8235442638397217,0.5534031391143799,0.3397461473941803,2.2508175373077393,0.5954975485801697,0.0,0.7673549056053162,0.3430192470550537,0.015442434698343277,0.03935456648468971,0.2785613238811493,15.028342247009277,85.57283782958984,0.00886022299528122,0.08576047420501709,0.08850220590829849,0.08866842836141586,0.008431725203990936,0.0065685356967151165,0.014985684305429459,0.9762543439865112,0.005932492669671774,0.012225519865751266,0.9903403520584106,0.007375732529908419,0.014908346347510815,0.972375750541687,0.005875853355973959,0.010915848426520824,1.0,0.00689527066424489,0.013903318904340267,0.9858502745628357,0.00850617978721857,0.02182598039507866,0.9428223967552185
Odontomachus_bauri_CASENT0878072_processed.obj,Stage_2_deform_coarse,0.0001937367778737098,0.014309990219771862,0.007804913446307182,0.00650507677346468,0.02281414531171322,0.07856922596693039,0.41625040769577026,0.41886666417121887,0.41366666555404663,0.8529983162879944,0.8430666923522949,0.8631666898727417,0.9636626839637756,0.9401333332061768,0.9883999824523926,0.9946126937866211,0.9901000261306763,0.9991666674613953,0.8067947626113892,0.10673333704471588,1.2511695623397827,1.3722387552261353,2.4765336513519287,0.6105744242668152,0.29007378220558167,2.3186726570129395,0.51336669921875,0.0,0.783966600894928,0.3785756528377533,0.01216020155698061,0.02837941236793995,0.32608065009117126,13.43857192993164,77.51524353027344,0.007231505587697029,0.0024399198591709137,0.0029215782415121794,0.002491745399311185,-0.0026512122713029385,0.004857669584453106,0.008719556033611298,0.9973190426826477,0.004907796625047922,0.009077132679522038,0.9972400665283203,0.006224353797733784,0.01312989927828312,0.9834254384040833,0.0061617749743163586,0.011169597506523132,1.0,0.007090238854289055,0.014870399609208107,0.9801903963088989,0.007104997523128986,0.017061980441212654,0.9586374759674072
Parasyscia_sp._CASENT0878063_processed.obj,Stage_2_deform_coarse,0.00021452357759699225,0.01717785932123661,0.008096273988485336,0.009081585332751274,0.02168448641896248,0.06476215273141861,0.26146799325942993,0.27006667852401733,0.2533999979496002,0.7291504740715027,0.7758333683013916,0.6877666711807251,0.9470452666282654,0.9623000025749207,0.9322666525840759,0.9993329644203186,0.9987333416938782,0.9999333620071411,0.8052898645401001,0.3017333447933197,1.3362417221069336,1.3285090923309326,2.9733152389526367,0.5514230132102966,0.3542414605617523,2.528935670852661,0.646133542060852,0.0,0.7702107429504395,0.34552836418151855,0.01665685884654522,0.04882872849702835,0.2918667197227478,14.588236808776855,88.3683090209961,0.009479135274887085,0.007755836937576532,0.00853822287172079,0.00773647241294384,0.001328074373304844,0.008290114812552929,0.01861700788140297,0.9613175392150879,0.006180317606776953,0.011404428631067276,0.9995399713516235,0.010027492418885231,0.018552739173173904,0.9558011293411255,0.006673876196146011,0.011728658340871334,1.0,0.008064591325819492,0.01580844447016716,0.9794185757637024,0.007455817423760891,0.015871984884142876,0.974452555179596
Pheidole_megacephala_CASENT0744846_processed.obj,Stage_2_deform_coarse,0.00026456211344338953,0.01872647926211357,0.008908094838261604,0.009818383492529392,0.023298995569348335,0.09025870263576508,0.22824259102344513,0.23589999973773956,0.2210666686296463,0.6740180253982544,0.7186999917030334,0.6345666646957397,0.9341537356376648,0.9515666961669922,0.9173666834831238,0.9978301525115967,0.996066689491272,0.9995999932289124,0.8147174119949341,0.3510333299636841,1.38387131690979,1.7103910446166992,3.0463998317718506,0.5659673810005188,0.3591245710849762,2.986339569091797,0.6616135835647583,0.0,0.7742074728012085,0.3465093672275543,0.017890075221657753,0.0449482724070549,0.20540578663349152,15.298754692077637,94.4802017211914,0.011075278744101524,0.016655907034873962,0.018017644062638283,0.016540201380848885,7.910840213298798e-05,0.006870448123663664,0.012626596726477146,0.9977020621299744,0.010157421231269836,0.02279941737651825,0.9222630858421326,0.008472148329019547,0.016267720609903336,0.980663001537323,0.007271638605743647,0.013036197051405907,1.0,0.008705726824700832,0.0167457964271307,0.9732441902160645,0.00798801239579916,0.016519669443368912,0.9805352687835693
Pheidole_nodus_CASENT0877547_processed.obj,Stage_2_deform_coarse,0.0005985970492474735,0.023075813427567482,0.01531687006354332,0.00775894382968545,0.05352048948407173,0.12184469401836395,0.25254154205322266,0.23233333230018616,0.2766000032424927,0.6457086205482483,0.558566689491272,0.7650666832923889,0.8665894865989685,0.7745000123977661,0.9835333228111267,0.9703283309936523,0.9423666596412659,1.0,0.6360701322555542,0.3663666844367981,1.3302844762802124,1.7570865154266357,3.0592191219329834,0.4658549129962921,0.4128826856613159,2.5342743396759033,0.7015514969825745,0.0,0.685348629951477,0.26426345109939575,0.021535908803343773,0.057008203119039536,0.4791310727596283,16.473535537719727,96.78562927246094,0.011629043146967888,0.007746459450572729,0.009032660163939,0.007662574760615826,-0.0070152017287909985,0.009713970124721527,0.025789257138967514,0.8889314532279968,0.011067572049796581,0.02987699769437313,0.8528058528900146,0.007597549352794886,0.01888996735215187,0.9530386924743652,0.007615013513714075,0.01589781790971756,0.9868074059486389,0.008893805555999279,0.02170531079173088,0.9356830716133118,0.0062661864794790745,0.014099018648266792,0.9793187379837036
Pheidole_sp._CASENT0744267_processed.obj,Stage_2_deform_coarse,0.0002533349907025695,0.018293842673301697,0.008859891444444656,0.009433950297534466,0.021918393671512604,0.09392846375703812,0.21955840289592743,0.22593334317207336,0.21353334188461304,0.700831949710846,0.7266333699226379,0.676800012588501,0.9448084831237793,0.954200029373169,0.9355999827384949,0.9976996779441833,0.9971333742141724,0.9982666969299316,0.8090997338294983,0.34316667914390564,1.2030396461486816,1.1292994022369385,2.1442031860351562,0.6182090640068054,0.2678351104259491,1.7785671949386597,0.48090115189552307,0.0,0.7988535165786743,0.38140547275543213,0.012320056557655334,0.028350166976451874,0.38703593611717224,13.797325134277344,78.01234436035156,0.0067428904585540295,0.0022469679825007915,0.00299136433750391,0.0022671204060316086,-0.009629154577851295,0.0072293393313884735,0.013418890535831451,0.9973190426826477,0.007079756818711758,0.013368993997573853,0.9972400665283203,0.009686827659606934,0.016644638031721115,0.9779005646705627,0.008641605265438557,0.015471814200282097,0.9947230219841003,0.007220261264592409,0.012429846450686455,0.9945973753929138,0.008006911724805832,0.01626129075884819,0.9683698415756226
Polyergus_rufescens_CASENT0745190_processed.obj,Stage_2_deform_coarse,0.00034206226700916886,0.020009735599160194,0.010471198707818985,0.00953853689134121,0.030736038461327553,0.09043606370687485,0.2169664055109024,0.21970000863075256,0.2143000066280365,0.6689037084579468,0.6866333484649658,0.6520666480064392,0.9204213619232178,0.909000039100647,0.9321333169937134,0.990780770778656,0.9825666546821594,0.9991333484649658,0.7526372671127319,0.28823333978652954,1.2897467613220215,1.175214409828186,2.890565872192383,0.4896378219127655,0.3739795386791229,2.2597973346710205,0.6675180196762085,0.0,0.7441469430923462,0.2990618348121643,0.019717738032341003,0.048787184059619904,0.2893644869327545,15.454323768615723,94.83582305908203,0.011010129936039448,0.06269941478967667,0.06340596824884415,0.06236104667186737,0.02730390429496765,0.007659300696104765,0.01582978293299675,0.9758713245391846,0.008431285619735718,0.01645781099796295,0.9825206995010376,0.00924671720713377,0.020207757130265236,0.941989004611969,0.009352421388030052,0.019922440871596336,0.9498680830001831,0.008806678466498852,0.01770951598882675,0.9626961946487427,0.008847796358168125,0.016969362273812294,0.9622870683670044
Polyrhachis_illaudata_CASENT0877572_processed.obj,Stage_2_deform_coarse,0.0001763556938385591,0.015184162184596062,0.0075223734602332115,0.0076617891900241375,0.017766742035746574,0.07250561565160751,0.3518589735031128,0.35946667194366455,0.34456667304039,0.7878592014312744,0.8100333213806152,0.7668666839599609,0.9639922976493835,0.9612666964530945,0.9667333364486694,0.9991661310195923,0.9984333515167236,0.9998999834060669,0.8186712265014648,0.12453333288431168,1.2835769653320312,1.6259033679962158,2.6688780784606934,0.5371087193489075,0.33198118209838867,2.2508251667022705,0.5819899439811707,0.0,0.7712771892547607,0.33036530017852783,0.014959114603698254,0.03658493980765343,0.2782059907913208,13.99126148223877,80.33433532714844,0.0071663567796349525,0.002566531766206026,0.0032484489493072033,0.00260540540330112,-0.005207445938140154,0.005934484302997589,0.011624542996287346,0.9938721060752869,0.006570899859070778,0.012818960472941399,0.9843605756759644,0.006980229634791613,0.012576975859701633,0.991712749004364,0.007583643775433302,0.014090935699641705,0.9947230219841003,0.008315617218613625,0.017737379297614098,0.9660406708717346,0.00716689508408308,0.012785540893673897,0.9914841651916504
Poneracantha_triangularis_CASENT0744645_processed.obj,Stage_2_deform_coarse,0.00018094482948072255,0.015651866793632507,0.007509863469749689,0.008142003789544106,0.018736856058239937,0.0650208443403244,0.3184930980205536,0.33553335070610046,0.30309998989105225,0.7749236226081848,0.819433331489563,0.7350000143051147,0.9633649587631226,0.9646666646003723,0.962066650390625,0.9994331002235413,0.9988999962806702,0.9999666810035706,0.7517258524894714,0.2414666712284088,1.3137102127075195,1.4072632789611816,2.816521406173706,0.5526735186576843,0.33518266677856445,2.4228062629699707,0.602353036403656,0.0,0.7799161672592163,0.35704919695854187,0.013115021400153637,0.03196826949715614,0.1408717930316925,14.434527397155762,87.19375610351562,0.00905566941946745,0.007288222201168537,0.00785060040652752,0.007282286882400513,0.0008253566920757294,0.006388518027961254,0.011711702682077885,0.9888931512832642,0.005262280814349651,0.009986820630729198,0.9986200332641602,0.00721702491864562,0.01419458631426096,0.9889503121376038,0.007249967660754919,0.014847470447421074,0.9920845031738281,0.007704966235905886,0.016790317371487617,0.9729868769645691,0.006698922254145145,0.013624832965433598,0.985401451587677
Prionopelta_antillana_CASENT0744467_processed.obj,Stage_2_deform_coarse,0.0002959606354124844,0.020468100905418396,0.009100105613470078,0.011367995291948318,0.02620732970535755,0.07594253122806549,0.17811383306980133,0.18826666474342346,0.16899999976158142,0.5967915058135986,0.6685667037963867,0.5389333367347717,0.9181315898895264,0.9602333307266235,0.8795666694641113,0.9992664456367493,0.9997333288192749,0.9988000392913818,0.7642244696617126,0.39810001850128174,1.2694811820983887,1.268219232559204,2.6334829330444336,0.5395818948745728,0.33825919032096863,2.4767725467681885,0.6037597060203552,0.0,0.7678411602973938,0.3347266912460327,0.017112985253334045,0.04355786368250847,0.27315863966941833,14.806709289550781,85.54154205322266,0.008957945741713047,0.006405130494385958,0.008287585340440273,0.006697395350784063,-0.002592360135167837,0.008071179501712322,0.014955734834074974,0.990425169467926,0.009341999888420105,0.020085517317056656,0.9484820365905762,0.008640130050480366,0.01653175614774227,0.9696133136749268,0.00902783963829279,0.016838598996400833,0.97625333070755,0.00863086711615324,0.016064370051026344,0.9796758890151978,0.008039209060370922,0.01530142966657877,0.9841849207878113
Probolomyrmex_sp._CASENT0744992_processed.obj,Stage_2_deform_coarse,0.00031567085534334183,0.019296472892165184,0.010012940503656864,0.00928353238850832,0.02962762489914894,0.07972711324691772,0.24651329219341278,0.25380000472068787,0.23963333666324615,0.6880682110786438,0.7107000350952148,0.6668333411216736,0.9211392402648926,0.9059000015258789,0.9369000196456909,0.9934401512145996,0.9883333444595337,0.9986000061035156,0.7592746615409851,0.289166659116745,1.28633713722229,1.3856981992721558,2.836494207382202,0.4867636263370514,0.3606284558773041,2.2836687564849854,0.6418062448501587,0.0,0.7293747067451477,0.3135906457901001,0.01782197318971157,0.04598192498087883,0.311849445104599,14.26864242553711,81.55079650878906,0.007915566675364971,0.008955862373113632,0.009674063883721828,0.009014595299959183,0.0006234562024474144,0.007892156951129436,0.01795247569680214,0.9613175392150879,0.006555822212249041,0.012051350437104702,0.9995399713516235,0.008374985307455063,0.016559192910790443,0.972375750541687,0.008717154152691364,0.018107444047927856,0.9709762930870056,0.010113943368196487,0.02539386972784996,0.9078981280326843,0.007924464531242847,0.016086386516690254,0.9756690859794617
Procryptocerus_hirsutus_CASENT0744064_processed.obj,Stage_2_deform_coarse,0.00021019377163611352,0.016765039414167404,0.008222943171858788,0.008542096242308617,0.018863795325160027,0.10504298657178879,0.2567092478275299,0.26510000228881836,0.24883334338665009,0.7521483302116394,0.7758333683013916,0.7298666834831238,0.9593825340270996,0.9602333307266235,0.9585333466529846,0.9978496432304382,0.9972666501998901,0.9984333515167236,0.8194777965545654,0.19629999995231628,1.2630046606063843,1.1081290245056152,2.5143702030181885,0.5693986415863037,0.3186191916465759,2.0614700317382812,0.565542459487915,0.0,0.7935754060745239,0.36519238352775574,0.014591815881431103,0.03367067873477936,0.2131347507238388,13.8123197555542,74.46986389160156,0.0062217009253799915,0.008109341375529766,0.008851451799273491,0.008139323443174362,-0.010618540458381176,0.006260078400373459,0.011546708643436432,0.9980850219726562,0.006582207977771759,0.01210786309093237,0.9995399713516235,0.007954948581755161,0.014945441856980324,0.9779005646705627,0.008941051550209522,0.016525467857718468,0.9736148118972778,0.008826219476759434,0.01884070411324501,0.9572935700416565,0.00902552530169487,0.02141125686466694,0.9476885795593262
Recurvidris_kemneri_CASENT0745633_processed.obj,Stage_2_deform_coarse,0.0002919820253737271,0.01929469406604767,0.009284586645662785,0.010010108351707458,0.02312219887971878,0.11370128393173218,0.20679762959480286,0.22153334319591522,0.193900004029274,0.6650005578994751,0.7185666561126709,0.6188666820526123,0.931696355342865,0.9360666871070862,0.9273666739463806,0.9970828890800476,0.996399998664856,0.9977666735649109,0.7187195420265198,0.3973666727542877,1.2395942211151123,1.2933944463729858,2.477553129196167,0.5898510813713074,0.29833441972732544,1.9271587133407593,0.5415539741516113,0.0,0.7808348536491394,0.36335039138793945,0.01252811774611473,0.029633183032274246,0.27323246002197266,13.980368614196777,76.20848083496094,0.006156552117317915,0.01989494450390339,0.020549435168504715,0.019923776388168335,-0.002790866419672966,0.0068565658293664455,0.011979639530181885,0.9984680414199829,0.006878110580146313,0.012452740222215652,0.997700035572052,0.006750477943569422,0.01182637084275484,0.9944751858711243,0.007726800628006458,0.013411766849458218,1.0,0.007642422802746296,0.014144089072942734,0.9891947507858276,0.008374390192329884,0.018193695694208145,0.9635036587715149
Solenopsis_afrc-za01_CASENT0744870_processed.obj,Stage_2_deform_coarse,0.0002416636561974883,0.01853403076529503,0.008505795150995255,0.010028236545622349,0.022218111902475357,0.07288221269845963,0.20151638984680176,0.2124333381652832,0.19166666269302368,0.6603939533233643,0.7182000279426575,0.6112000346183777,0.9505055546760559,0.9722999930381775,0.9296666979789734,0.998699963092804,0.9990000128746033,0.9984000325202942,0.8065782189369202,0.29793334007263184,1.2474738359451294,1.4289811849594116,2.3760533332824707,0.564200758934021,0.31339290738105774,1.9832602739334106,0.5605565309524536,0.0,0.791904091835022,0.374850869178772,0.01618814654648304,0.037360385060310364,0.3499026596546173,13.96181583404541,77.77356719970703,0.00697091082111001,0.012928004376590252,0.01396934688091278,0.013203316368162632,-0.010087075643241405,0.00749362725764513,0.013870550319552422,0.9946380853652954,0.007387225981801748,0.013866916298866272,0.9967800974845886,0.008076850324869156,0.015101204626262188,0.9834254384040833,0.009457708336412907,0.017414603382349014,0.9841688871383667,0.008324459195137024,0.01553539652377367,0.9794185757637024,0.008355174213647842,0.017488719895482063,0.9635036587715149
Solenopsis_invicta_CASENT0744090_processed.obj,Stage_2_deform_coarse,0.0002593959798105061,0.018651816993951797,0.008977779187262058,0.00967403780668974,0.022713612765073776,0.09574121236801147,0.21335278451442719,0.22086666524410248,0.20633333921432495,0.6810374855995178,0.720466673374176,0.6456999778747559,0.9381123781204224,0.9503000378608704,0.9262333512306213,0.9979142546653748,0.9963666796684265,0.9994666576385498,0.814193069934845,0.2609666585922241,1.2708252668380737,1.2803335189819336,2.6839635372161865,0.5383502840995789,0.334007203578949,2.1872143745422363,0.5808379054069519,0.0,0.7558873295783997,0.29054969549179077,0.018005387857556343,0.04942663758993149,0.2484859675168991,14.651301383972168,90.69629669189453,0.010228346101939678,0.012730369344353676,0.01385781355202198,0.012853746302425861,-0.002577909268438816,0.007475567981600761,0.01451193355023861,0.9919571280479431,0.00840602908283472,0.016678771004080772,0.9797607660293579,0.008288389071822166,0.016726447269320488,0.9640884399414062,0.008368207141757011,0.017025571316480637,0.963060736656189,0.00989382155239582,0.021485155448317528,0.9392848014831543,0.009313716553151608,0.02361137419939041,0.9379562139511108
Streblognathus_peetersi_CASENT0744989_processed.obj,Stage_2_deform_coarse,0.00013314788520801812,0.013040011748671532,0.006592588499188423,0.0064474232494831085,0.013475270010530949,0.08182855695486069,0.4137147068977356,0.42133334279060364,0.4063666760921478,0.877017080783844,0.8898666501045227,0.8645333647727966,0.983867347240448,0.9782333374023438,0.9895666837692261,0.9975441694259644,0.9951333403587341,0.9999666810035706,0.858672022819519,0.08990000188350677,1.2185951471328735,1.2039875984191895,2.2581942081451416,0.6282036304473877,0.2697421610355377,1.9080647230148315,0.46485963463783264,0.0,0.80665522813797,0.3956173360347748,0.01061246544122696,0.02659352496266365,0.205483540892601,13.706903457641602,81.45602416992188,0.0081110130995512,0.008194861933588982,0.008766524493694305,0.008341558277606964,0.001756562851369381,0.005499578546732664,0.01025465503334999,0.9965530633926392,0.005125878378748894,0.009760508313775063,0.9986200332641602,0.006769251544028521,0.01131079625338316,0.9972376227378845,0.005909668281674385,0.010157555341720581,1.0,0.0071023814380168915,0.013338792137801647,0.9876511693000793,0.006533759646117687,0.011294975876808167,0.9951338171958923
Strongylognathus_testaceus_CASENT0745197_processed.obj,Stage_2_deform_coarse,0.0003603268996812403,0.02192319557070732,0.010330638848245144,0.011592557653784752,0.027288971468806267,0.11652001738548279,0.16643235087394714,0.1742333322763443,0.15929999947547913,0.5776476860046387,0.6217333674430847,0.5393999814987183,0.8943437933921814,0.9161333441734314,0.8735666871070862,0.9969666004180908,0.9966999888420105,0.9972333312034607,0.7213850617408752,0.38483333587646484,1.3331098556518555,1.4818172454833984,3.0589911937713623,0.5146254897117615,0.3720865249633789,2.4244279861450195,0.6524580717086792,0.0,0.7571312189102173,0.33137086033821106,0.018688712269067764,0.044910937547683716,0.22540849447250366,15.109443664550781,92.46663665771484,0.01068438682705164,0.008165748789906502,0.009258891455829144,0.008250368759036064,-0.001486155204474926,0.008229320868849754,0.01634051278233528,0.9831482172012329,0.009908013045787811,0.021824339404702187,0.9374424815177917,0.008114535361528397,0.014959963038563728,0.991712749004364,0.008566562086343765,0.016674065962433815,0.9841688871383667,0.009566273540258408,0.020927995443344116,0.945459246635437,0.00821344181895256,0.01531981024891138,0.9878345131874084
Strumigenys_kumadori_OKENT0105284_processed.obj,Stage_2_deform_coarse,0.00017286156071349978,0.014413885772228241,0.007150614634156227,0.0072632706724107265,0.0160689577460289,0.0838608518242836,0.3580816686153412,0.3722333312034607,0.34496667981147766,0.8411345481872559,0.8678666949272156,0.8159999847412109,0.9737100005149841,0.9711666703224182,0.9762666821479797,0.9962908029556274,0.9932667016983032,0.9993333220481873,0.834606409072876,0.1933000087738037,1.2221283912658691,1.1126739978790283,2.4162044525146484,0.5705646872520447,0.30072805285453796,1.8779162168502808,0.5271876454353333,0.0,0.7757276892662048,0.34274348616600037,0.013317093253135681,0.03483450040221214,0.28320977091789246,13.526032447814941,77.07003784179688,0.006677741650491953,0.020174497738480568,0.020883822813630104,0.020286133512854576,-0.0009515155106782913,0.005550494883209467,0.009864800609648228,0.9988510608673096,0.00573393702507019,0.011080099269747734,0.9981600642204285,0.0068443454802036285,0.012565284967422485,0.9972376227378845,0.005993327591568232,0.011414630338549614,1.0,0.0072702327743172646,0.014551364816725254,0.9817339777946472,0.006876306142657995,0.014208399690687656,0.9781022071838379
Strumigenys_minutula_OKENT0105207_processed.obj,Stage_2_deform_coarse,0.0002384569961577654,0.016089197248220444,0.007754368707537651,0.008334829472005367,0.019486265257000923,0.14932581782341003,0.2924782931804657,0.3129333257675171,0.27453333139419556,0.7921188473701477,0.8450000286102295,0.7454666495323181,0.96250981092453,0.9710000157356262,0.9541666507720947,0.9968410730361938,0.9938666820526123,0.999833345413208,0.807498037815094,0.3693000078201294,1.204313039779663,1.007761001586914,2.217665195465088,0.6118635535240173,0.27281028032302856,1.7558526992797852,0.4760948717594147,0.0,0.7821414470672607,0.3668200671672821,0.010709183290600777,0.027717139571905136,0.2989655137062073,13.72519588470459,75.59571075439453,0.006645167246460915,0.002759606810286641,0.0035572596825659275,0.0027893902733922005,-0.0014169851783663034,0.006230196449905634,0.010956788435578346,0.9988510608673096,0.00635116919875145,0.011651154607534409,0.9995399713516235,0.006660988554358482,0.012035979889333248,0.9944751858711243,0.0070730289444327354,0.012831971980631351,0.9947230219841003,0.006566735915839672,0.011867720633745193,0.9902238249778748,0.007707234006375074,0.01496101450175047,0.974452555179596
Strumigenys_precava_CASENT0744056_processed.obj,Stage_2_deform_coarse,0.0002724482910707593,0.017367340624332428,0.009162910282611847,0.008204429410398006,0.024567818269133568,0.12398652732372284,0.3002997934818268,0.3042333424091339,0.2964666783809662,0.7429848909378052,0.7490333318710327,0.7370333671569824,0.9429835677146912,0.926466703414917,0.960099995136261,0.994440495967865,0.9893666505813599,0.9995666742324829,0.7440485954284668,0.24053333699703217,1.2753762006759644,1.4821462631225586,2.6620118618011475,0.5208253264427185,0.3445475697517395,2.3503477573394775,0.6011422276496887,0.0,0.7468836307525635,0.2994438409805298,0.01815870776772499,0.049996793270111084,0.35203817486763,14.177739143371582,79.41133117675781,0.0076875463128089905,0.012098826467990875,0.012713615782558918,0.012297908775508404,-0.004855554550886154,0.006933941971510649,0.013651484623551369,0.9908081293106079,0.005716885905712843,0.010509446263313293,0.9986200332641602,0.007793464232236147,0.021109970286488533,0.941989004611969,0.006196961272507906,0.0112176313996315,0.9947230219841003,0.007792515214532614,0.016362853348255157,0.9727296233177185,0.007730797864496708,0.014663329347968102,0.9768856167793274
Temnothorax_OK01_OKENT0105230_processed.obj,Stage_2_deform_coarse,0.00019123224774375558,0.01624489203095436,0.007865826599299908,0.008379064500331879,0.018258487805724144,0.0586327500641346,0.28107577562332153,0.29626667499542236,0.2673666775226593,0.7565075755119324,0.7961000204086304,0.7206666469573975,0.9637657999992371,0.9628999829292297,0.9646333456039429,0.9993000626564026,0.9991000294685364,0.999500036239624,0.7777917981147766,0.3151000142097473,1.2353696823120117,1.0976924896240234,2.5044264793395996,0.5356805920600891,0.32095766067504883,2.0435261726379395,0.5647721886634827,0.0,0.7778956294059753,0.362735390663147,0.013497660867869854,0.03107607550919056,0.27054306864738464,14.039301872253418,79.75173950195312,0.0071663567796349525,0.0034917271696031094,0.004054795950651169,0.003525807522237301,-0.00386626785621047,0.006399164441972971,0.011271162889897823,0.9996170401573181,0.006147828418761492,0.01128406822681427,0.9995399713516235,0.007591611240059137,0.014656640589237213,0.991712749004364,0.007276143878698349,0.012144681997597218,0.9973615407943726,0.00757497688755393,0.016076011583209038,0.9796758890151978,0.007470220793038607,0.01660057343542576,0.9683698415756226
Temnothorax_affinis_CASENT0745855_processed.obj,Stage_2_deform_coarse,0.00036852803896181285,0.018345462158322334,0.010621028020977974,0.00772443413734436,0.03437578305602074,0.1389831304550171,0.2993721663951874,0.2919333279132843,0.30720001459121704,0.7508949637413025,0.7271000146865845,0.7763000130653381,0.9340340495109558,0.9002666473388672,0.9704333543777466,0.9861953854560852,0.9727666974067688,1.0,0.7407575845718384,0.262800008058548,1.2740336656570435,1.306557059288025,2.5813939571380615,0.5813896059989929,0.31271669268608093,2.1110851764678955,0.5593044757843018,0.0,0.787341296672821,0.3618607223033905,0.014550769701600075,0.03663711994886398,0.3119693398475647,13.865438461303711,83.18379211425781,0.008632202632725239,0.008197275921702385,0.009394663386046886,0.008189988322556019,-0.0030950969085097313,0.005734222941100597,0.0104066152125597,0.9965530633926392,0.00588333560153842,0.010641531087458134,0.9990800023078918,0.007389947306364775,0.013824528083205223,0.991712749004364,0.00690953666344285,0.012972437776625156,0.9973615407943726,0.008243169635534286,0.017477083951234818,0.9717005491256714,0.009647802449762821,0.022311383858323097,0.9330900311470032
Temnothorax_crassispinus_CASENT0745822_processed.obj,Stage_2_deform_coarse,0.0001530969311716035,0.014618182554841042,0.007062675431370735,0.007555506657809019,0.017251169309020042,0.06736219674348831,0.3358399271965027,0.34333333373069763,0.32866665720939636,0.8170445561408997,0.8414666652679443,0.7940000295639038,0.9735963344573975,0.9780666828155518,0.9691666960716248,0.9997166991233826,0.999500036239624,0.9999333620071411,0.825427770614624,0.14573334157466888,1.2961504459381104,2.1672720909118652,2.7468421459198,0.6040878295898438,0.3102498948574066,2.297114372253418,0.5588372349739075,0.0,0.8009333610534668,0.3957373797893524,0.012524100951850414,0.027640504762530327,0.2975883185863495,13.73046875,80.00586700439453,0.007394377142190933,0.020263178274035454,0.021095892414450645,0.0202601570636034,-0.00017349794507026672,0.005720173008739948,0.010467736050486565,1.0,0.00563091691583395,0.010452808812260628,0.9995399713516235,0.007876242510974407,0.018486641347408295,0.9751381874084473,0.008755063638091087,0.023009730502963066,0.9393140077590942,0.007569170091301203,0.014701230451464653,0.984563946723938,0.007757876068353653,0.017851682379841805,0.9610705375671387
Tetramorium_caespitum_CASENT0745052_processed.obj,Stage_2_deform_coarse,0.00011833140160888433,0.012946948409080505,0.00624518608674407,0.006701761856675148,0.014627178199589252,0.05922245234251022,0.40726032853126526,0.41936665773391724,0.3958333432674408,0.8757125735282898,0.9015666842460632,0.8513000011444092,0.9844652414321899,0.9856666922569275,0.9832666516304016,0.999916672706604,1.0,0.999833345413208,0.8421856760978699,0.16060000658035278,1.2504671812057495,1.2859188318252563,2.405337333679199,0.6192319989204407,0.2816694974899292,2.0166194438934326,0.49618661403656006,0.0,0.8093239665031433,0.39457106590270996,0.009475180879235268,0.02227448672056198,0.2865007519721985,13.64792537689209,80.40746307373047,0.007557249162346125,0.0021186317317187786,0.003159492975100875,0.0021074821706861258,-0.0018089069053530693,0.005258474964648485,0.009556472301483154,0.9992340207099915,0.005099066998809576,0.009348008781671524,1.0,0.006409971509128809,0.012535270303487778,0.991712749004364,0.005813755095005035,0.009084115736186504,1.0,0.00655621150508523,0.01294607762247324,0.9886802434921265,0.006342506036162376,0.011938518844544888,0.9914841651916504
Tetramorium_tsushimae_OKENT0105377_processed.obj,Stage_2_deform_coarse,0.0002838345244526863,0.01915285363793373,0.009306441061198711,0.009846413508057594,0.023727132007479668,0.07796790450811386,0.21062248945236206,0.218299999833107,0.20346666872501373,0.6796271800994873,0.7053666710853577,0.6557000279426575,0.928287148475647,0.9378333687782288,0.9189333319664001,0.9961980581283569,0.9948000311851501,0.9976000189781189,0.8044766783714294,0.3300333321094513,1.3131005764007568,1.9798939228057861,2.6776294708251953,0.5928642153739929,0.3118562698364258,2.2140631675720215,0.5580669045448303,0.0,0.7993831634521484,0.37888360023498535,0.014223719015717506,0.03648409619927406,0.33186909556388855,14.360077857971191,84.47429656982422,0.008501905016601086,0.004233072977513075,0.004995735362172127,0.0042461673729121685,-0.0048165698535740376,0.007318474352359772,0.01326325349509716,0.9965530633926392,0.007197244092822075,0.013268643990159035,0.9986200332641602,0.010434967465698719,0.021579449996352196,0.9392265677452087,0.008778548799455166,0.015669435262680054,0.9920845031738281,0.008664165623486042,0.017270522192120552,0.969127893447876,0.007931342348456383,0.01489381305873394,0.9695863723754883
Tetramorium_tsushimae_OKENT0105378_processed.obj,Stage_2_deform_coarse,0.00028124082018621266,0.019245609641075134,0.008972782641649246,0.010272826999425888,0.02510441467165947,0.08685684204101562,0.21856240928173065,0.22653333842754364,0.21113333106040955,0.6613620519638062,0.7050999999046326,0.6227333545684814,0.9254852533340454,0.948199987411499,0.9038333296775818,0.997981607913971,0.9993000030517578,0.996666669845581,0.7737657427787781,0.31146666407585144,1.2823885679244995,1.2684236764907837,2.6227214336395264,0.5682636499404907,0.31957218050956726,2.143815517425537,0.567682683467865,0.0,0.7861724495887756,0.3629809021949768,0.014320671558380127,0.03467731550335884,0.3179855942726135,14.209275245666504,80.44583892822266,0.007133782375603914,0.006366728339344263,0.0070611778646707535,0.006411231588572264,-0.0006617470644414425,0.007513063028454781,0.013852044939994812,0.9923401474952698,0.006682650186121464,0.012110929936170578,0.9990800023078918,0.008635945618152618,0.014485293067991734,0.9889503121376038,0.008838827721774578,0.017139581963419914,0.9788918495178223,0.008718130178749561,0.017148315906524658,0.9675842523574829,0.008261768147349358,0.018574414774775505,0.9586374759674072
Tetramorium_weitzeckeri_CASENT0744903_processed.obj,Stage_2_deform_coarse,0.0001823832280933857,0.015138624235987663,0.007446254137903452,0.007692369632422924,0.017642464488744736,0.11533818393945694,0.33329060673713684,0.34220001101493835,0.32483333349227905,0.8085501790046692,0.8379999995231628,0.7811000347137451,0.9693158864974976,0.9701666831970215,0.9684666991233826,0.9977118372917175,0.9955333471298218,0.9998999834060669,0.8093054890632629,0.18363334238529205,1.2680705785751343,1.3713876008987427,2.5980637073516846,0.5521886944770813,0.3188383877277374,2.09639573097229,0.5693249106407166,0.0,0.7682768106460571,0.3300215005874634,0.014194534160196781,0.03199419751763344,0.2689220905303955,14.366244316101074,81.9266128540039,0.0074269515462219715,0.004640716593712568,0.00638345954939723,0.004696586634963751,-0.012660861015319824,0.005900379735976458,0.010826824232935905,0.9980850219726562,0.005474261473864317,0.009592680260539055,0.9990800023078918,0.008074629120528698,0.016149524599313736,0.9889503121376038,0.0068656993098556995,0.011572685092687607,1.0,0.007158864755183458,0.01429794542491436,0.9825057983398438,0.007880892604589462,0.01582849584519863,0.9720194339752197
Tetraponera_hespera_CASENT0840869-D4_processed.obj,Stage_2_deform_coarse,0.00021757803915534168,0.016279391944408417,0.008495568297803402,0.007783823646605015,0.02308168262243271,0.08371694386005402,0.3285975158214569,0.3294999897480011,0.3276999890804291,0.7709459066390991,0.7691666483879089,0.7727333307266235,0.9490354061126709,0.9361000061035156,0.9623333215713501,0.9977468252182007,0.9959666728973389,0.9995333552360535,0.7278817892074585,0.28093335032463074,1.361485242843628,1.442406415939331,3.100923776626587,0.5379331707954407,0.3649638891220093,2.3911447525024414,0.6353747844696045,0.0,0.7621963024139404,0.3357503116130829,0.01347473356872797,0.03303771838545799,0.24527370929718018,15.23812198638916,91.07745361328125,0.01026092004030943,0.015130092389881611,0.01657225377857685,0.015233932062983513,0.005571844056248665,0.005938122980296612,0.011809051036834717,0.9923401474952698,0.005310184322297573,0.010068166069686413,0.9972400665283203,0.006277558859437704,0.01053820364177227,0.9944751858711243,0.0062983278185129166,0.012463586404919624,0.9973615407943726,0.008010541088879108,0.017918076366186142,0.9626961946487427,0.006795095279812813,0.013576764613389969,0.989051103591919
Typhlomyrmex_rogenhoferi_CASENT0744314_processed.obj,Stage_2_deform_coarse,0.0002988226478919387,0.020500125363469124,0.009054586291313171,0.011445539072155952,0.02682460844516754,0.0863761156797409,0.17082096636295319,0.18273334205150604,0.16036666929721832,0.6009784936904907,0.6734333634376526,0.5426000356674194,0.9170540571212769,0.9632333517074585,0.8751000165939331,0.9989989995956421,1.0,0.9980000257492065,0.7483426332473755,0.4256666600704193,1.3255330324172974,1.287724256515503,2.838406801223755,0.562995195388794,0.3468121588230133,2.4319450855255127,0.6097519993782043,0.0,0.7797112464904785,0.3569655120372772,0.01610191911458969,0.0402260385453701,0.22735874354839325,14.7980318069458,87.26072692871094,0.009544284082949162,0.004107670858502388,0.004963305313140154,0.004286325071007013,-0.0012911269441246986,0.008353592827916145,0.015788819640874863,0.9862121939659119,0.009863284416496754,0.019592825323343277,0.9549217820167542,0.009159591980278492,0.018163707107305527,0.9640884399414062,0.009774252772331238,0.01738392934203148,0.9841688871383667,0.008363856934010983,0.016065655276179314,0.9814767241477966,0.008542261086404324,0.016448505222797394,0.985401451587677
Acanthostichus_aff.brevicornis_CASENT0744328_processed.obj,Stage_3_deform_fine,0.00016492133727297187,0.014757316559553146,0.007560404017567635,0.007196912541985512,0.01877923123538494,0.05755619704723358,0.36052748560905457,0.36340001225471497,0.357699990272522,0.8102785348892212,0.8122666478157043,0.8083000183105469,0.9673298001289368,0.9566666483879089,0.9782333374023438,0.9996166229248047,0.9993333220481873,0.9998999834060669,0.8305919170379639,0.19873332977294922,1.243166208267212,1.1413182020187378,2.9372730255126953,0.3434302806854248,0.41454383730888367,1.9634371995925903,0.746293842792511,0.0,0.6601042747497559,0.1581626832485199,0.016949782148003578,0.04302210733294487,0.3604612946510315,12.167786598205566,67.13578796386719,0.004690706264227629,0.0033176157157868147,0.0037501223850995302,0.0033174091950058937,-0.005719879642128944,0.006924305576831102,0.014520520344376564,0.9896591305732727,0.005435540806502104,0.010679936967790127,0.9995399713516235,0.008164426311850548,0.015124853700399399,0.9889503121376038,0.0061284382827579975,0.010778764262795448,1.0,0.008384068496525288,0.01954439841210842,0.9524054527282715,0.0067759626545012,0.012339995242655277,0.9902676343917847
Acropyga_sauteri_CASENT0878081_processed.obj,Stage_3_deform_fine,0.00010403164196759462,0.012373368255794048,0.005854700226336718,0.006518668029457331,0.014430820010602474,0.040030330419540405,0.43037092685699463,0.4474666714668274,0.4145333468914032,0.8870993852615356,0.9212000370025635,0.8554333448410034,0.989138662815094,0.9925000071525574,0.98580002784729,1.0,1.0,1.0,0.8724532127380371,0.08316666632890701,1.1637500524520874,0.8190078735351562,2.2422900199890137,0.45576632022857666,0.3213978707790375,1.5489225387573242,0.5626277327537537,0.0,0.769440233707428,0.26451587677001953,0.010438310913741589,0.024296600371599197,0.22691018879413605,11.863624572753906,62.09614944458008,0.0038111989852041006,0.009570811875164509,0.01001473143696785,0.00965122226625681,0.0001669023185968399,0.005338516552001238,0.009620243683457375,0.9992340207099915,0.004977714736014605,0.009126788936555386,1.0,0.008038049563765526,0.012705923989415169,1.0,0.00560014508664608,0.009704986587166786,0.9973615407943726,0.006188240367919207,0.011013573035597801,0.9948546886444092,0.006370994728058577,0.010833561420440674,1.0
Aenictus_ceylonicus_CASENT0878084_processed.obj,Stage_3_deform_fine,9.84629659797065e-05,0.010700165294110775,0.005603574216365814,0.005096591077744961,0.014785832725465298,0.059815455228090286,0.6058573126792908,0.6152999997138977,0.5967000126838684,0.9230984449386597,0.912766695022583,0.9336667060852051,0.9816670417785645,0.9678666591644287,0.9958666563034058,0.9991833567619324,0.9993000030517578,0.9990666508674622,0.8278560042381287,0.09933333098888397,1.1908190250396729,1.0695537328720093,2.364675998687744,0.47019559144973755,0.3230837285518646,1.6190427541732788,0.5507519245147705,0.0,0.7388154864311218,0.22023573517799377,0.009719601832330227,0.024918390437960625,0.22166022658348083,11.596693992614746,59.37936782836914,0.0028991170693188906,0.023392444476485252,0.02368825301527977,0.023280024528503418,-0.0013168156147003174,0.003957476932555437,0.007573207840323448,1.0,0.0037864220794290304,0.007020409684628248,1.0,0.005931630730628967,0.011272726580500603,0.9944751858711243,0.004928079433739185,0.008856339380145073,1.0,0.005216086748987436,0.010052883066236973,0.9953691959381104,0.005164866801351309,0.008575113490223885,1.0
Anochetus_horridus_CASENT0744281_processed.obj,Stage_3_deform_fine,0.0006071457755751908,0.01653413474559784,0.010458126664161682,0.006076008081436157,0.03417932242155075,0.19460000097751617,0.44672128558158875,0.44316667318344116,0.4503333270549774,0.8611968755722046,0.8354333639144897,0.8885999917984009,0.9541661739349365,0.9197999835014343,0.9912000298500061,0.9827232360839844,0.9660333395004272,1.0,0.7899282574653625,0.13546666502952576,1.2066645622253418,1.7141295671463013,2.3018274307250977,0.4323444962501526,0.33478057384490967,2.0899593830108643,0.5975605249404907,0.0,0.702601432800293,0.1754433810710907,0.015857553109526634,0.0436570830643177,0.3244243264198303,11.998398780822754,61.28068161010742,0.0033551580272614956,0.004595489706844091,0.004831933416426182,0.004696392919868231,-0.0023904149420559406,0.004601915366947651,0.008620450273156166,0.9988510608673096,0.004850308410823345,0.009300878271460533,1.0,0.005972062703222036,0.01027646567672491,1.0,0.006360216531902552,0.011592099443078041,1.0,0.006767570972442627,0.017413552850484848,0.9632107019424438,0.00820763036608696,0.026573946699500084,0.9391727447509766
Camponotus_vestitus_strophiatus_CASENT0744750_processed.obj,Stage_3_deform_fine,8.69414652697742e-05,0.010921505279839039,0.005452446639537811,0.005469058640301228,0.012654184363782406,0.054117344319820404,0.5516148209571838,0.5681666731834412,0.5360000133514404,0.9135175347328186,0.9190000295639038,0.9081000089645386,0.990990936756134,0.985966682434082,0.996066689491272,0.9998833537101746,0.9997667074203491,1.0,0.8353815078735352,0.13230000436306,1.1567976474761963,0.9164932370185852,2.244832992553711,0.43522295355796814,0.3347828984260559,1.4554033279418945,0.6023106575012207,0.0,0.6988329291343689,0.1922903209924698,0.011412283405661583,0.028132952749729156,0.139133483171463,11.846519470214844,58.738895416259766,0.00267109670676291,0.0014430142473429441,0.0016761509468778968,0.0014512656489387155,-0.00962049700319767,0.004442252218723297,0.008678956888616085,1.0,0.004343102220445871,0.00819644145667553,0.9990800023078918,0.006097808480262756,0.012232936918735504,0.9668508768081665,0.004932177718728781,0.008845360018312931,1.0,0.005594796035438776,0.010342509485781193,0.9992282390594482,0.005570102948695421,0.009689738042652607,1.0
Cataglyphis_iberica_CASENT0745158_processed.obj,Stage_3_deform_fine,0.00021111861860845238,0.016676783561706543,0.008178708143532276,0.008498074486851692,0.01980483904480934,0.08440661430358887,0.26554223895072937,0.2709999978542328,0.26030001044273376,0.7547658085823059,0.7787666916847229,0.732200026512146,0.9572636485099792,0.963200032711029,0.9513999819755554,0.9978132843971252,0.9959666728973389,0.999666690826416,0.8160547018051147,0.310533344745636,1.1709620952606201,1.3369375467300415,2.238224744796753,0.4279004633426666,0.3411226272583008,1.9495055675506592,0.6301252841949463,0.0,0.6764230728149414,0.17289432883262634,0.014602290466427803,0.03977075591683388,0.2769745886325836,12.463863372802734,63.02450942993164,0.004234665539115667,0.010488579049706459,0.010715441778302193,0.010565394535660744,0.001790226437151432,0.00615829648450017,0.01145610585808754,0.9992340207099915,0.0065608518198132515,0.012249746359884739,0.9963201284408569,0.0075436304323375225,0.013963152654469013,0.9779005646705627,0.0077383434399962425,0.01434228103607893,0.9736148118972778,0.007816439494490623,0.014136330224573612,0.9866220951080322,0.00698459567502141,0.012048776261508465,0.9878345131874084
Centromyrmex_brachycola_CASENT0744052_processed.obj,Stage_3_deform_fine,0.00017184438183903694,0.01563233882188797,0.00752934068441391,0.008102999068796635,0.017854198813438416,0.07183504849672318,0.27503126859664917,0.28086668252944946,0.2694333493709564,0.7846521735191345,0.8160666823387146,0.7555666565895081,0.9720617532730103,0.9782000184059143,0.9660000205039978,0.9991328120231628,0.9984000325202942,0.9998666644096375,0.8718813061714172,0.17650000751018524,1.2230037450790405,1.4495505094528198,2.5567445755004883,0.38765448331832886,0.37330305576324463,2.0632457733154297,0.6705247163772583,0.0,0.711662769317627,0.1972578763961792,0.014594046398997307,0.03637265786528587,0.27231672406196594,12.127777099609375,62.12019348144531,0.003648327197879553,0.005220090504735708,0.0054466440342366695,0.005242765415459871,-0.004957671742886305,0.006580609828233719,0.011747678741812706,0.9950211048126221,0.006456373725086451,0.011921972967684269,1.0,0.008439918980002403,0.014395635575056076,0.9861878752708435,0.007025484926998615,0.012698072008788586,0.9947230219841003,0.0075867027044296265,0.013941749930381775,0.9956264495849609,0.008836115710437298,0.015997037291526794,0.9756690859794617
Cephalotes_pusillus_CASENT0744050_processed.obj,Stage_3_deform_fine,0.00014565147284884006,0.014467218890786171,0.006887165363878012,0.0075800539925694466,0.016641544178128242,0.06761864572763443,0.3321315348148346,0.343833327293396,0.32120001316070557,0.8155813813209534,0.855566680431366,0.7791666984558105,0.9798951745033264,0.984499990940094,0.9753333330154419,0.9995498657226562,0.9991000294685364,1.0,0.8575062155723572,0.12720000743865967,1.1520272493362427,0.9702548384666443,2.267249584197998,0.39830195903778076,0.3502182960510254,1.8798513412475586,0.6313663721084595,0.0,0.7167668342590332,0.2108997106552124,0.012860781513154507,0.03066260740160942,0.28755319118499756,12.23824405670166,61.19749450683594,0.0035831783898174763,0.00019453655113466084,0.00042162687168456614,0.000195200031157583,-0.004424774553626776,0.006037726532667875,0.01108795590698719,0.9992340207099915,0.005884630139917135,0.010410555638372898,0.9990800023078918,0.006537549663335085,0.011368270963430405,1.0,0.006661418359726667,0.011891464702785015,1.0,0.0075962175615131855,0.014925161376595497,0.9737586975097656,0.008595259860157967,0.015966294333338737,0.9805352687835693
Cerapachys_sulcinodis_CASENT0745635_processed.obj,Stage_3_deform_fine,8.587013144278899e-05,0.011317320168018341,0.005390024743974209,0.0059272958897054195,0.013234848156571388,0.038201186805963516,0.49676600098609924,0.5109666585922241,0.4833333492279053,0.9144348502159119,0.9422667026519775,0.8881999850273132,0.9949291348457336,0.9969666600227356,0.992900013923645,1.0,1.0,1.0,0.8841062784194946,0.08686666935682297,1.1008774042129517,0.802591860294342,1.9439995288848877,0.4193924367427826,0.29955437779426575,1.3741905689239502,0.5761542320251465,0.0,0.7142388224601746,0.2115108072757721,0.010510056279599667,0.026261406019330025,0.18915888667106628,11.755081176757812,57.565940856933594,0.002312778728082776,0.0017334114527329803,0.0020527036394923925,0.001750177820213139,-0.003709919285029173,0.004737506154924631,0.008829435333609581,1.0,0.0048582362942397594,0.009041700512170792,1.0,0.006068207323551178,0.010787510313093662,1.0,0.005323061719536781,0.008730361238121986,1.0,0.0059671527706086636,0.01092283334583044,0.9992282390594482,0.006210088264197111,0.01047348789870739,1.0
Cladomyrma_sp._CASENT0745080_processed.obj,Stage_3_deform_fine,0.00024560457677580416,0.018872274085879326,0.009187042713165283,0.009685231372714043,0.020976286381483078,0.06634257733821869,0.18102194368839264,0.188400000333786,0.17419999837875366,0.6573659777641296,0.6833333373069763,0.6333000063896179,0.9469688534736633,0.9524333477020264,0.9415667057037354,0.9991164207458496,0.9985666871070862,0.999666690826416,0.7313892245292664,0.4164000153541565,1.1683682203292847,0.9480063915252686,2.390470266342163,0.39971086382865906,0.37870845198631287,1.6371854543685913,0.6837847828865051,0.0,0.6877835988998413,0.2031242400407791,0.015575041994452477,0.03598976507782936,0.2312871664762497,13.137090682983398,61.186641693115234,0.0030294144526124,0.005497447680681944,0.005653217434883118,0.005504000931978226,-0.004425182472914457,0.007079869508743286,0.01239837147295475,0.9977020621299744,0.008809195831418037,0.016965409740805626,0.9760809540748596,0.007761956192553043,0.013568761758506298,0.9751381874084473,0.008418583311140537,0.016220811754465103,1.0,0.007969372905790806,0.014682715758681297,0.9863648414611816,0.008146269246935844,0.015983032062649727,0.9756690859794617
Colobopsis_shohki_OKENT0105043_processed.obj,Stage_3_deform_fine,0.00028340276912786067,0.01817427948117256,0.00966886430978775,0.008505416102707386,0.027719806879758835,0.09381407499313354,0.274697870016098,0.2739333510398865,0.2754666805267334,0.7218124270439148,0.7235666513442993,0.7200666666030884,0.9345172047615051,0.9144666790962219,0.9554666876792908,0.9939923882484436,0.9891000390052795,0.9989333152770996,0.7764987349510193,0.39160001277923584,1.19182288646698,1.3624236583709717,2.587864875793457,0.35871371626853943,0.4108792841434479,2.2865712642669678,0.7596426606178284,0.0,0.6229761242866516,0.16705010831356049,0.018504660576581955,0.04388187453150749,0.31095588207244873,12.7878999710083,67.2470932006836,0.005244470201432705,0.0005363198579289019,0.0007449231343343854,0.0005376721383072436,-0.006339116487652063,0.007072283886373043,0.015014257282018661,0.9839142560958862,0.007307275664061308,0.013544262386858463,0.989880383014679,0.007723634131252766,0.014274779707193375,1.0,0.00858063343912363,0.015607831068336964,1.0,0.009148549288511276,0.021280663087964058,0.9397993683815002,0.006826488301157951,0.013087108731269836,0.9963503479957581
Crematogaster_evallans_CASENT0744252_processed.obj,Stage_3_deform_fine,0.00032489310251548886,0.01982939802110195,0.009716815315186977,0.010112582705914974,0.023763351142406464,0.13905948400497437,0.21863006055355072,0.22423332929611206,0.21330000460147858,0.6533161401748657,0.690333366394043,0.6200667023658752,0.9204537272453308,0.9299666881561279,0.911133348941803,0.9956421852111816,0.9928666949272156,0.9984333515167236,0.7706058621406555,0.3831999897956848,1.2190049886703491,1.3654258251190186,2.7555699348449707,0.34282198548316956,0.4358814060688019,2.1786303520202637,0.7955705523490906,0.0,0.6391327381134033,0.16076624393463135,0.01981923170387745,0.049318596720695496,0.29537782073020935,13.347155570983887,66.54454803466797,0.004364962689578533,0.008631495758891106,0.00894244760274887,0.008647366426885128,-0.00205251295119524,0.00717448815703392,0.013218194246292114,0.9888931512832642,0.008987884037196636,0.018021918833255768,0.9682612419128418,0.008284185081720352,0.014791594818234444,0.9779005646705627,0.0081076230853796,0.014345209114253521,0.97625333070755,0.008761304430663586,0.0174148790538311,0.960895299911499,0.007216745987534523,0.012660468928515911,0.9987834692001343
Dolichoderus_quadripunctatus_CASENT0745213_processed.obj,Stage_3_deform_fine,0.00036629082751460373,0.02100919559597969,0.010864254087209702,0.010144941508769989,0.029046082869172096,0.13086161017417908,0.18386510014533997,0.1864333301782608,0.1813666671514511,0.6264921426773071,0.6445333361625671,0.6094333529472351,0.9141204357147217,0.9065999984741211,0.9217666983604431,0.9907523393630981,0.9828333258628845,0.9988000392913818,0.776708722114563,0.35109999775886536,1.1775727272033691,1.5778753757476807,2.387551784515381,0.3738410472869873,0.38216984272003174,2.142972946166992,0.7099143266677856,0.0,0.6834143400192261,0.17474323511123657,0.019817763939499855,0.05387841910123825,0.30857399106025696,12.783671379089355,68.06884765625,0.005635362584143877,0.009222205728292465,0.00995151698589325,0.009019765071570873,-0.002869829535484314,0.007761751301586628,0.014495142735540867,0.9850631952285767,0.00869400892406702,0.017603661864995956,0.9682612419128418,0.010147065855562687,0.020479116588830948,0.9475138783454895,0.009256062097847462,0.01950226165354252,0.9577836990356445,0.007966581732034683,0.014784160070121288,0.9827630519866943,0.00853634625673294,0.01862509548664093,0.9635036587715149
Dolichoderus_sibiricus_OKENT0105316_processed.obj,Stage_3_deform_fine,0.00037463457556441426,0.019629880785942078,0.010762306861579418,0.00886757392436266,0.030668312683701515,0.15833698213100433,0.2566986680030823,0.25456666946411133,0.25886666774749756,0.6873437762260437,0.6821666955947876,0.6926000118255615,0.9194338917732239,0.8942000269889832,0.9461333155632019,0.9901151657104492,0.9810333251953125,0.9993667006492615,0.7055549621582031,0.3958333432674408,1.2273801565170288,1.6279922723770142,2.693915843963623,0.3380995988845825,0.43452760577201843,2.013303518295288,0.7801429629325867,0.0,0.597957193851471,0.13674432039260864,0.02002963423728943,0.055329930037260056,0.24229103326797485,13.469281196594238,67.7851333618164,0.005895957350730896,0.012549355626106262,0.012788621708750725,0.01259941142052412,-0.0008204011246562004,0.006930599454790354,0.014149919152259827,0.9850631952285767,0.007165463641285896,0.013651171699166298,0.989880383014679,0.00755040580406785,0.01539897732436657,0.980663001537323,0.007053413428366184,0.012737082317471504,0.9973615407943726,0.007916642352938652,0.018083160743117332,0.9624389410018921,0.0074427369982004166,0.013655871152877808,0.985401451587677
Dorylus_fulvus_CASENT0745674_processed.obj,Stage_3_deform_fine,0.00020026517449878156,0.015920354053378105,0.0076594226993620396,0.008260930888354778,0.01881401613354683,0.23963958024978638,0.297720342874527,0.3099333345890045,0.2864333391189575,0.7766326665878296,0.8195333480834961,0.7380000352859497,0.966427743434906,0.972599983215332,0.9603333473205566,0.9969591498374939,0.9942333698272705,0.9997000098228455,0.8389123678207397,0.24533332884311676,1.1521843671798706,0.9878673553466797,2.3277454376220703,0.38413843512535095,0.3585500121116638,1.5847678184509277,0.661535918712616,0.0,0.6939761638641357,0.19398455321788788,0.015560824424028397,0.04114056006073952,0.2644212245941162,12.301687240600586,60.8991584777832,0.003550603985786438,0.018479622900485992,0.0188571996986866,0.01853634975850582,-0.004490803927183151,0.006251754239201546,0.011861752718687057,0.9984680414199829,0.007180475629866123,0.014315767213702202,0.9917203187942505,0.007128680124878883,0.012628236785531044,0.9944751858711243,0.007695943117141724,0.015225044451653957,0.9868074059486389,0.007082356605678797,0.012448795139789581,0.9915101528167725,0.00909265037626028,0.02404741756618023,0.9330900311470032
Dorylus_fulvus_CASENT0745675_processed.obj,Stage_3_deform_fine,0.00014665827620774508,0.014239353127777576,0.006991706322878599,0.007247646804898977,0.015618900768458843,0.08573407679796219,0.3484325110912323,0.3569999933242798,0.3402666747570038,0.8340842127799988,0.8542667031288147,0.8148333430290222,0.9771451354026794,0.9749667048454285,0.9793333411216736,0.9997166395187378,1.0,0.9994333386421204,0.8470746278762817,0.22823333740234375,1.1361366510391235,0.8741379976272583,2.192086935043335,0.4205215573310852,0.32638198137283325,1.4798812866210938,0.6055365204811096,0.0,0.7121962308883667,0.20400114357471466,0.012871302664279938,0.03164152428507805,0.2978251874446869,12.284525871276855,61.61630630493164,0.004267239943146706,0.013264980167150497,0.013583422638475895,0.013370424509048462,0.00027755647897720337,0.005611594300717115,0.010362567380070686,0.9996170401573181,0.005743562709540129,0.010745717212557793,0.9986200332641602,0.006881860550493002,0.01169074047356844,1.0,0.0065659587271511555,0.012069645337760448,1.0,0.007297242060303688,0.013819629326462746,0.9881656765937805,0.006049822084605694,0.010475155897438526,1.0
Dorylus_fulvus_CASENT0745678_processed.obj,Stage_3_deform_fine,0.00012908579083159566,0.013445707969367504,0.006553868763148785,0.0068918392062187195,0.015394318848848343,0.056157223880290985,0.3880665898323059,0.39169999957084656,0.38449999690055847,0.85865718126297,0.8743333220481873,0.8435333371162415,0.9798952341079712,0.9820666909217834,0.9777333736419678,0.9998833537101746,0.9998999834060669,0.9998666644096375,0.8546907901763916,0.15520000457763672,1.135481595993042,0.8903221487998962,2.0981292724609375,0.4264146685600281,0.3253687620162964,1.4340382814407349,0.5812647938728333,0.0,0.7234911918640137,0.21063365042209625,0.012943651527166367,0.03230622410774231,0.2729794383049011,11.752601623535156,58.96816635131836,0.002931691473349929,0.002077568555250764,0.0025336171966046095,0.0020953647326678038,-0.011097414419054985,0.005605671554803848,0.010507369413971901,0.9988510608673096,0.00548543781042099,0.010298079811036587,1.0,0.006713381968438625,0.012188048101961613,1.0,0.008486222475767136,0.017503663897514343,0.9894459247589111,0.006873596925288439,0.012235955335199833,0.9943401217460632,0.007016913965344429,0.012865722179412842,0.9939172863960266
Eciton_hamatum_CASENT0744580_processed.obj,Stage_3_deform_fine,0.0003158595645800233,0.01785610243678093,0.010945928283035755,0.006910174619406462,0.03490293398499489,0.09201696515083313,0.3369271755218506,0.32269999384880066,0.3524666726589203,0.7491511106491089,0.683899998664856,0.828166663646698,0.9207742214202881,0.8594666719436646,0.9915000200271606,0.9902899265289307,0.9807666540145874,1.0,0.645100474357605,0.26590001583099365,1.1880079507827759,1.1782175302505493,2.6634681224823,0.35560083389282227,0.422703355550766,1.6961473226547241,0.7513412833213806,0.0,0.637936532497406,0.1689566671848297,0.018571829423308372,0.04778319224715233,0.268390029668808,13.358500480651855,58.68768310546875,0.0030945632606744766,0.008813397958874702,0.009091576561331749,0.008956543169915676,-0.0035261819139122963,0.005519394762814045,0.010788081213831902,0.9957870841026306,0.010926675982773304,0.026014650240540504,0.8620054721832275,0.006322426255792379,0.012124489061534405,0.991712749004364,0.007475668098777533,0.015296367928385735,0.9788918495178223,0.0067454613745212555,0.015162593685090542,0.9786468148231506,0.006246777251362801,0.011402481235563755,1.0
Euprenolepis_cf.wittei_CASENT0878049_processed.obj,Stage_3_deform_fine,0.0001464841770939529,0.01355372741818428,0.007146751508116722,0.006406976375728846,0.01932147890329361,0.06149224191904068,0.4302138090133667,0.4331333339214325,0.4273333251476288,0.8502116799354553,0.8416333198547363,0.8589666485786438,0.970513105392456,0.9531999826431274,0.9884666800498962,0.9994330406188965,0.9988666772842407,1.0,0.796584963798523,0.1608666628599167,1.139496088027954,0.9818075299263,2.249537467956543,0.3928176462650299,0.35010847449302673,1.4290071725845337,0.6362248063087463,0.0,0.6859157681465149,0.19174271821975708,0.013789711520075798,0.04008264094591141,0.20897020399570465,12.352081298828125,62.1201171875,0.0034203066024929285,0.055207688361406326,0.055934421718120575,0.05540565401315689,0.013046607375144958,0.005512974690645933,0.011170320212841034,0.995404064655304,0.004395101219415665,0.008166268467903137,1.0,0.007243962958455086,0.010898827575147152,1.0,0.0054400316439569,0.009660850279033184,0.9947230219841003,0.006793971639126539,0.01452673226594925,0.9789040684700012,0.005957841407507658,0.011887801811099052,0.9963503479957581
Formica_cf.fusca_CASENT0878143_processed.obj,Stage_3_deform_fine,5.781073559774086e-05,0.009260982275009155,0.0044717988930642605,0.0047891829162836075,0.009937068447470665,0.03907404839992523,0.6482242345809937,0.6690000295639038,0.6287000179290771,0.962823748588562,0.9747000336647034,0.9512333273887634,0.9971166849136353,0.9970000386238098,0.9972333312034607,1.0,1.0,1.0,0.9129554033279419,0.05040000006556511,1.0793603658676147,0.6699124574661255,1.7376633882522583,0.5006776452064514,0.2666092813014984,1.1985069513320923,0.46730276942253113,0.0,0.7460771203041077,0.22462327778339386,0.007830154150724411,0.018033228814601898,0.1603550910949707,12.03121280670166,60.61258316040039,0.0037134757731109858,0.003543405095115304,0.003804353065788746,0.0035677056293934584,-0.006179477088153362,0.004167477134615183,0.007977783679962158,1.0,0.0039887018501758575,0.007560241501778364,1.0,0.005563749466091394,0.008722682483494282,1.0,0.005662398878484964,0.010449533350765705,0.9788918495178223,0.0048817116767168045,0.00910978578031063,1.0,0.004596716724336147,0.007738602347671986,0.9987834692001343
Hypoponera_sp._CASENT0744201_processed.obj,Stage_3_deform_fine,0.00013129814760759473,0.013511007651686668,0.006465600803494453,0.007045406382530928,0.01600434072315693,0.06372284144163132,0.38914021849632263,0.40043333172798157,0.3784666657447815,0.8536874651908875,0.8817000389099121,0.8274000287055969,0.9788357019424438,0.9826000332832336,0.975100040435791,0.999833345413208,1.0,0.999666690826416,0.8344336152076721,0.2736666798591614,1.1284841299057007,0.9876267910003662,2.0972888469696045,0.40519705414772034,0.3287421762943268,1.4409716129302979,0.6442933082580566,0.0,0.6730126738548279,0.16515794396400452,0.012941502034664154,0.031520240008831024,0.21814675629138947,12.005427360534668,59.358394622802734,0.0030294144526124,0.016433272510766983,0.01711978204548359,0.017246143892407417,-0.005689583718776703,0.005802552215754986,0.010352200828492641,0.9973190426826477,0.005629726219922304,0.010159280151128769,1.0,0.006908728741109371,0.012151707895100117,1.0,0.005943437572568655,0.010042141191661358,1.0,0.006049447692930698,0.011339694261550903,0.989452064037323,0.005678810644894838,0.010819176211953163,0.9951338171958923
Lasius_fuliginosus_CASENT0745541_processed.obj,Stage_3_deform_fine,0.00016068507102318108,0.014346646144986153,0.007179168052971363,0.00716747809201479,0.016332251951098442,0.07172765582799911,0.3725569546222687,0.3812333345413208,0.36426666378974915,0.8297591805458069,0.8521666526794434,0.8084999918937683,0.9722777009010315,0.9639666676521301,0.980733335018158,0.9984647631645203,0.9970666766166687,0.9998666644096375,0.7991978526115417,0.21953333914279938,1.1663023233413696,1.4649449586868286,2.1877942085266113,0.42160362005233765,0.33779051899909973,1.6214758157730103,0.6186641454696655,0.0,0.711048424243927,0.2005278766155243,0.012020556256175041,0.028104089200496674,0.24319609999656677,12.319999694824219,61.196197509765625,0.002931691473349929,0.016787121072411537,0.017122162505984306,0.01687692292034626,-0.0053195226937532425,0.005562810692936182,0.010138047859072685,0.9992340207099915,0.005130407866090536,0.009466101415455341,1.0,0.00785215012729168,0.012641426175832748,1.0,0.006000429857522249,0.010817725211381912,1.0,0.007029550150036812,0.013072269968688488,0.9902238249778748,0.007398995105177164,0.013989077880978584,0.9878345131874084
Lasius_orientalis_OKENT0105322_processed.obj,Stage_3_deform_fine,0.00018564242054708302,0.01629503257572651,0.007816054858267307,0.008478977717459202,0.01917167380452156,0.05156436190009117,0.27806052565574646,0.28263333439826965,0.27363333106040955,0.7464758157730103,0.7819666862487793,0.7140666842460632,0.9644332528114319,0.9714333415031433,0.9575333595275879,0.9999666810035706,0.9999333620071411,1.0,0.8179808855056763,0.27783334255218506,1.179052710533142,1.3519387245178223,2.403960704803467,0.392645001411438,0.3740009367465973,1.9609785079956055,0.6978615522384644,0.0,0.6741528511047363,0.19321642816066742,0.01618044078350067,0.03990106284618378,0.20532184839248657,12.392632484436035,64.03410339355469,0.004495260305702686,0.005276847630739212,0.005573960952460766,0.005318973213434219,-0.004695946350693703,0.0065711126662790775,0.012888278812170029,0.9923401474952698,0.007338493596762419,0.01385525893419981,0.993560254573822,0.007500244304537773,0.014275602996349335,0.9861878752708435,0.007541733328253031,0.014608840458095074,0.9815303683280945,0.008418937213718891,0.01673845201730728,0.9740159511566162,0.007215198129415512,0.013542383909225464,0.9951338171958923
Leptogenys_birmana_CASENT0741330_processed.obj,Stage_3_deform_fine,0.0002519314584787935,0.01797628588974476,0.009189288131892681,0.008786997757852077,0.023997945711016655,0.07592589408159256,0.24781915545463562,0.2528333365917206,0.24300000071525574,0.7133030891418457,0.7368666529655457,0.6912000179290771,0.9432794451713562,0.9327333569526672,0.9540666937828064,0.9963371157646179,0.9927666783332825,0.9999333620071411,0.7943048477172852,0.26836666464805603,1.2683063745498657,1.345003604888916,3.0361993312835693,0.3766080141067505,0.4207494556903839,2.1956138610839844,0.763879120349884,0.0,0.677000880241394,0.16959542036056519,0.018779486417770386,0.04908265173435211,0.24771513044834137,13.088494300842285,67.15916442871094,0.004364962689578533,0.008004589006304741,0.008286026306450367,0.008021928369998932,0.0025016400031745434,0.00775926373898983,0.01577141508460045,0.9762543439865112,0.006910714786499739,0.013175362721085548,0.9912603497505188,0.007614543661475182,0.01350425649434328,0.9944751858711243,0.007138418033719063,0.013114423491060734,0.9920845031738281,0.010068423114717007,0.025791209191083908,0.9253923296928406,0.0079460134729743,0.013097665272653103,0.9939172863960266
Leptogenys_cf.binghamii_CASENT0877639_processed.obj,Stage_3_deform_fine,0.00020353676518425345,0.016192354261875153,0.0081792576238513,0.008013097569346428,0.01995007134974003,0.08191786706447601,0.2944799065589905,0.2985000014305115,0.29056668281555176,0.7762066125869751,0.792033314704895,0.7610000371932983,0.9569357633590698,0.9502333402633667,0.9637333154678345,0.9976121187210083,0.9954666495323181,0.9997667074203491,0.8133794069290161,0.1941000074148178,1.1363762617111206,0.8553524017333984,2.304555892944336,0.40298545360565186,0.34620699286460876,1.428724765777588,0.6174648404121399,0.0,0.688690721988678,0.16846108436584473,0.01717686466872692,0.044959403574466705,0.25683268904685974,12.82205581665039,61.11952209472656,0.0029968400485813618,0.007109248079359531,0.007410581223666668,0.007303137332201004,-0.00038437405601143837,0.006294897757470608,0.011888089589774609,0.9900421500205994,0.007907099090516567,0.017215419560670853,0.9728610515594482,0.008937320671975613,0.015887774527072906,0.9751381874084473,0.006488632410764694,0.012091292068362236,0.9841688871383667,0.00781856570392847,0.01707439497113228,0.969127893447876,0.006880640517920256,0.01259305514395237,0.9817517995834351
Leptogenys_gaigei_CASENT0878114_processed.obj,Stage_3_deform_fine,0.00031465868232771754,0.017021983861923218,0.009180792607367039,0.007841190323233604,0.02404128573834896,0.14950823783874512,0.3139333426952362,0.3139333426952362,0.3139333426952362,0.7822129130363464,0.7876333594322205,0.7768666744232178,0.9537728428840637,0.9364333152770996,0.9717666506767273,0.9895632266998291,0.9812999963760376,0.9979667067527771,0.8176544308662415,0.16876666247844696,1.2052052021026611,1.957296371459961,2.542325973510742,0.4036462903022766,0.3621254861354828,1.711396336555481,0.6305562853813171,0.0,0.7109286189079285,0.18185670673847198,0.016968946903944016,0.048032715916633606,0.5210187435150146,12.147210121154785,64.1847152709961,0.0037134757731109858,0.005786453373730183,0.006281107664108276,0.005925875157117844,-7.170811295509338e-05,0.0058668917044997215,0.011065566912293434,1.0,0.006354877259582281,0.013102598488330841,0.9944801926612854,0.010140600614249706,0.01683705486357212,0.9944751858711243,0.006495902314782143,0.011965303681790829,1.0,0.008333232253789902,0.01823044940829277,0.95652174949646,0.012194742448627949,0.04077409952878952,0.9002432823181152
Leptogenys_intermedia_CASENT0744954_processed.obj,Stage_3_deform_fine,0.00011864827683893964,0.011916527524590492,0.0059560383670032024,0.005960489623248577,0.012748248875141144,0.10154322534799576,0.49148139357566833,0.5071333646774292,0.4767666757106781,0.904303252696991,0.9204999804496765,0.8886666893959045,0.9866791367530823,0.9806333184242249,0.9927999973297119,0.9980488419532776,0.9969666600227356,0.9991333484649658,0.8504406213760376,0.15086667239665985,1.1818948984146118,1.4152852296829224,2.1655802726745605,0.4425111711025238,0.3280140161514282,1.7450557947158813,0.6053804755210876,0.0,0.7023367285728455,0.19311214983463287,0.012046720832586288,0.030609047040343285,0.24209150671958923,12.072748184204102,60.48513412475586,0.003224860643967986,0.011583365499973297,0.01183520257472992,0.012337280437350273,-0.002098594792187214,0.0047075278125703335,0.008875438943505287,1.0,0.004521290771663189,0.008079984225332737,1.0,0.007230422925204039,0.011927815154194832,1.0,0.004978726152330637,0.008503595367074013,1.0,0.00590702285990119,0.010933964513242245,0.9912528991699219,0.005610048305243254,0.00982014648616314,0.9951338171958923
Lophomyrmex_sp._CASENT0745631_processed.obj,Stage_3_deform_fine,0.0001521686208434403,0.014065757393836975,0.0068826028145849705,0.007183154579252005,0.01593818888068199,0.06356990337371826,0.37926486134529114,0.39543333649635315,0.36436668038368225,0.8381827473640442,0.8662999868392944,0.8118333220481873,0.9748058319091797,0.9715666770935059,0.9780666828155518,0.9987828135490417,0.9980999827384949,0.9994666576385498,0.8029770255088806,0.27639999985694885,1.2148977518081665,1.50442636013031,2.47593355178833,0.39896780252456665,0.3760177493095398,1.668960690498352,0.6694379448890686,0.0,0.6892271637916565,0.18287836015224457,0.015143870376050472,0.03750215470790863,0.3601152300834656,12.258872032165527,61.0510368347168,0.003387732431292534,0.018748581409454346,0.019183069467544556,0.01887395605444908,-0.005324268713593483,0.005665963515639305,0.01098984107375145,0.9992340207099915,0.005220058374106884,0.009385596960783005,0.9995399713516235,0.007029357366263866,0.011956173926591873,1.0,0.006241018418222666,0.010270721279084682,1.0,0.007070192135870457,0.015556694008409977,0.9745305180549622,0.006073229946196079,0.01092638447880745,0.9878345131874084
Megaponera_analis_CASENT0744960_processed.obj,Stage_3_deform_fine,0.00013758680142927915,0.013838372193276882,0.0066938078962266445,0.007144564297050238,0.01645846851170063,0.06964844465255737,0.38075125217437744,0.39233332872390747,0.3698333501815796,0.8349471092224121,0.8680999875068665,0.8042333126068115,0.9787498712539673,0.9783333539962769,0.9791666865348816,0.999633252620697,0.9993000030517578,0.9999666810035706,0.8226750493049622,0.20536667108535767,1.1826833486557007,0.9649556279182434,2.5656979084014893,0.3629579246044159,0.39949682354927063,1.7309678792953491,0.7155417203903198,0.0,0.6831865906715393,0.1762000173330307,0.016711680218577385,0.04090370610356331,0.2759213447570801,12.609552383422852,61.081722259521484,0.0032574350479990244,0.035077888518571854,0.035512425005435944,0.03558867797255516,0.002248615026473999,0.006432053633034229,0.01345214992761612,0.9892761707305908,0.005116470158100128,0.009470844641327858,0.9990800023078918,0.006943434476852417,0.013312623836100101,0.9889503121376038,0.006185581441968679,0.011860130354762077,0.9920845031738281,0.007152332924306393,0.015212628990411758,0.9742732644081116,0.006503176409751177,0.01139895897358656,0.9927006959915161
Microdaceton_tibialis_CASENT0745552_processed.obj,Stage_3_deform_fine,0.0001311877858825028,0.013306483626365662,0.006573228165507317,0.006733254995197058,0.014739795587956905,0.05397044122219086,0.40222465991973877,0.4108000099658966,0.39399999380111694,0.8605647087097168,0.8835999965667725,0.838699996471405,0.9814203977584839,0.9778666496276855,0.9850000143051147,0.9995664954185486,0.9991333484649658,1.0,0.8340200781822205,0.09296666830778122,1.082155466079712,0.8737722635269165,1.863559365272522,0.42697983980178833,0.29255735874176025,1.3493109941482544,0.5426559448242188,0.0,0.724876880645752,0.22508777678012848,0.011164181865751743,0.02944931574165821,0.3398321270942688,11.955560684204102,58.57715606689453,0.002149907173588872,0.003360847709700465,0.0035473075695335865,0.0033662549685686827,-0.003365251934155822,0.005276393610984087,0.010053934529423714,1.0,0.0053787026554346085,0.00991205032914877,1.0,0.007230665534734726,0.01174309104681015,0.991712749004364,0.006796995643526316,0.012773905880749226,1.0,0.006563608534634113,0.011565634049475193,0.9989709258079529,0.007147077936679125,0.010712736286222935,0.9927006959915161
Mycetagroicus_inflatus_CASENT0745121_processed.obj,Stage_3_deform_fine,0.00018330459715798497,0.015079617500305176,0.007457741070538759,0.007621875964105129,0.017210451886057854,0.1309823989868164,0.3314515948295593,0.34170001745224,0.32179999351501465,0.8090969920158386,0.8324333429336548,0.7870333194732666,0.9704828858375549,0.9711666703224182,0.9697999954223633,0.9985813498497009,0.9971666932106018,1.0,0.7863283157348633,0.25850000977516174,1.232237458229065,1.4478485584259033,2.5360562801361084,0.391019731760025,0.3743869364261627,2.038076400756836,0.6735349297523499,0.0,0.6974532604217529,0.18640458583831787,0.015536054968833923,0.04254511371254921,0.2918059527873993,12.044936180114746,60.7774772644043,0.003387732431292534,0.003985855728387833,0.0044822366908192635,0.004053676035255194,-0.008907412178814411,0.005654583219438791,0.010576526634395123,1.0,0.005910241045057774,0.010766653344035149,1.0,0.006847913842648268,0.01243287418037653,0.991712749004364,0.006258503068238497,0.011979782022535801,1.0,0.00701387133449316,0.014098715968430042,0.992281973361969,0.008523274213075638,0.01758776418864727,0.9635036587715149
Myrmelachista_nodigera_CASENT0709257_processed.obj,Stage_3_deform_fine,9.536731522530317e-05,0.011714920401573181,0.005807289853692055,0.005907630547881126,0.012389042414724827,0.06667786836624146,0.4701782763004303,0.4744666814804077,0.46596667170524597,0.9087490439414978,0.9224666953086853,0.8954333662986755,0.9922602772712708,0.9897333383560181,0.9948000311851501,0.999633252620697,0.9992666840553284,1.0,0.8955767154693604,0.059166666120290756,1.1092243194580078,0.7218082547187805,2.076822519302368,0.4253607392311096,0.3046005070209503,1.3270328044891357,0.5508444309234619,0.0,0.7518308758735657,0.2399992048740387,0.010390691459178925,0.026797892525792122,0.242500439286232,11.445415496826172,58.51082992553711,0.002475650515407324,0.00755509315058589,0.007898882031440735,0.007592498790472746,-0.0007919040508568287,0.005031533073633909,0.009381785057485104,0.9992340207099915,0.004970426205545664,0.009098322130739689,1.0,0.00813705287873745,0.013334822840988636,1.0,0.006428043823689222,0.01097927987575531,1.0,0.006574703846126795,0.0123119642958045,0.9940828680992126,0.006765746045857668,0.011508921161293983,0.9927006959915161
Myrmoteras_sp._CASENT0745083_processed.obj,Stage_3_deform_fine,0.00011974845256190747,0.010732166469097137,0.005144862923771143,0.005587304010987282,0.011234641075134277,0.3032912313938141,0.554134726524353,0.5680333375930786,0.5408999919891357,0.9417473673820496,0.9557666778564453,0.9281333684921265,0.9947666525840759,0.9945999979972839,0.9949333667755127,0.9992499947547913,0.9994666576385498,0.9990333318710327,0.8725042939186096,0.07473333179950714,1.1257121562957764,1.0524919033050537,1.9455722570419312,0.4602777659893036,0.2941869795322418,1.6912561655044556,0.5631588101387024,0.0,0.7313043475151062,0.21805186569690704,0.009680316783487797,0.02184976078569889,0.27237942814826965,12.050248146057129,59.32588195800781,0.002508224919438362,0.006494010798633099,0.006769111379981041,0.00649225851520896,-0.0031420383602380753,0.0043195937760174274,0.008066004142165184,1.0,0.004673239309340715,0.008107307367026806,1.0,0.00533137284219265,0.008094608783721924,1.0,0.004686595406383276,0.008076286874711514,1.0,0.005383558105677366,0.009931120090186596,1.0,0.005597489420324564,0.010726516135036945,0.9963503479957581
Neivamyrmex_cf.hetschkoi_CASENT0744506_processed.obj,Stage_3_deform_fine,0.0001332161045866087,0.012981066480278969,0.006342241074889898,0.006638824939727783,0.014816245064139366,0.09717011451721191,0.42729809880256653,0.43400001525878906,0.42080000042915344,0.874139666557312,0.9018666744232178,0.8480666875839233,0.9830833077430725,0.9829666614532471,0.9832000136375427,0.9986818432807922,0.9974666833877563,0.9998999834060669,0.8537846207618713,0.1750333309173584,1.162071943283081,1.1339603662490845,2.044752836227417,0.4819295108318329,0.30043452978134155,1.5617470741271973,0.5376216173171997,0.0,0.7326396703720093,0.21899864077568054,0.010178262367844582,0.0238413754850626,0.24157732725143433,11.768887519836426,57.5861701965332,0.002247630152851343,0.02249022386968136,0.022900378331542015,0.022878270596265793,0.003907885402441025,0.005042009986937046,0.009296366944909096,0.9996170401573181,0.004957112949341536,0.009235920384526253,1.0,0.008724372833967209,0.012951785698533058,1.0,0.006276065483689308,0.01035305019468069,1.0,0.006381911225616932,0.011445894837379456,0.9979418516159058,0.006676900200545788,0.010724598541855812,1.0
Neivamyrmex_nigrescens_CASENT0741443_processed.obj,Stage_3_deform_fine,0.0002147275663446635,0.014289844781160355,0.007474170532077551,0.006815673783421516,0.015603705309331417,0.15104153752326965,0.39585816860198975,0.40476667881011963,0.38733333349227905,0.8522959351539612,0.8735333681106567,0.8320666551589966,0.9739320874214172,0.9633333683013916,0.9847666621208191,0.9939637780189514,0.9880000352859497,1.0,0.8284175395965576,0.16410000622272491,1.1618071794509888,1.30083167552948,2.207453727722168,0.38737937808036804,0.34730297327041626,1.6635483503341675,0.6403629183769226,0.0,0.6800521612167358,0.16481831669807434,0.01573992148041725,0.039664119482040405,0.48512059450149536,12.36176872253418,60.83829116821289,0.0029968400485813618,0.0067035360261797905,0.007144215051084757,0.0067253741435706615,-0.0027593960985541344,0.005535990931093693,0.01039811223745346,0.9965530633926392,0.005106352735310793,0.009645669721066952,1.0,0.007420853711664677,0.013638888485729694,0.9779005646705627,0.006026226561516523,0.010915424674749374,1.0,0.006567244417965412,0.0130285220220685,0.9886802434921265,0.007068440783768892,0.011909658089280128,0.9902676343917847
Neoponera_commutata_CASENT0744610_processed.obj,Stage_3_deform_fine,0.00019187291036359966,0.014178987592458725,0.007763633970171213,0.006415353622287512,0.022370722144842148,0.10206451267004013,0.4188530445098877,0.42473334074020386,0.41313332319259644,0.8496593236923218,0.8427333235740662,0.8567000031471252,0.9662125110626221,0.9405333399772644,0.9933333396911621,0.9949074983596802,0.9898666739463806,1.0,0.8022295832633972,0.17293334007263184,1.1759430170059204,1.1603597402572632,2.3820888996124268,0.3988499641418457,0.36448076367378235,1.7026845216751099,0.6541732549667358,0.0,0.685302734375,0.19780844449996948,0.015087691135704517,0.039657555520534515,0.30086749792099,12.667304992675781,62.05562210083008,0.004039219114929438,0.0915960818529129,0.09229632467031479,0.09331032633781433,0.012206241488456726,0.0058961911126971245,0.011923469603061676,0.9831482172012329,0.005212300457060337,0.009759582579135895,0.9958601593971252,0.007526641245931387,0.011993302032351494,0.980663001537323,0.005160514265298843,0.009195096790790558,1.0,0.00616444181650877,0.012269997969269753,0.9907383918762207,0.008084110915660858,0.015632495284080505,0.9756690859794617
Odontomachus_bauri_CASENT0878072_processed.obj,Stage_3_deform_fine,0.00011095034278696403,0.011765971779823303,0.00604796689003706,0.005718005355447531,0.013838770799338818,0.08480867743492126,0.5082511305809021,0.5148000121116638,0.5018666982650757,0.906166672706604,0.9061333537101746,0.9061999917030334,0.9840630292892456,0.973300039768219,0.9950667023658752,0.9990167021751404,0.9988333582878113,0.9991999864578247,0.8480574488639832,0.08393333107233047,1.165674090385437,1.020160436630249,2.2187256813049316,0.45997101068496704,0.3139919340610504,1.6540244817733765,0.5668126940727234,0.0,0.7091355919837952,0.20501431822776794,0.012119810096919537,0.028506603091955185,0.42007824778556824,12.279730796813965,59.14427185058594,0.003550603985786438,0.002505730604752898,0.0027451063506305218,0.0025530399288982153,-0.004441732540726662,0.004427907522767782,0.008239454589784145,0.9992340207099915,0.004648311994969845,0.008439136669039726,0.9995399713516235,0.0060293953865766525,0.009845532476902008,0.9972376227378845,0.005752246826887131,0.010171020403504372,1.0,0.006146056577563286,0.01161494292318821,0.9863648414611816,0.006046263966709375,0.013731874525547028,0.970802903175354
Parasyscia_sp._CASENT0878063_processed.obj,Stage_3_deform_fine,0.0001629001781111583,0.015247215516865253,0.007238627411425114,0.00800858810544014,0.018188295885920525,0.059363048523664474,0.3076116442680359,0.32036668062210083,0.2958333492279053,0.7916448712348938,0.839900016784668,0.7486333250999451,0.9721065759658813,0.977233350276947,0.967033326625824,0.9996999502182007,0.9994666576385498,0.9999333620071411,0.8313820362091064,0.3018333315849304,1.1871281862258911,1.1186174154281616,2.481379985809326,0.3873865008354187,0.37884122133255005,1.8784006834030151,0.7108258008956909,0.0,0.6754239797592163,0.1717827022075653,0.01627417281270027,0.048674263060092926,0.30649834871292114,12.633931159973145,64.79039764404297,0.00443011149764061,0.006550904829055071,0.006808286067098379,0.006526269484311342,0.0005188551731407642,0.007156772539019585,0.014555091969668865,0.98582923412323,0.005982195492833853,0.01104191318154335,1.0,0.009255061857402325,0.016498088836669922,0.9668508768081665,0.005922019015997648,0.009916882961988449,1.0,0.007411032449454069,0.013434653170406818,0.9868793487548828,0.0074426415376365185,0.014098367653787136,0.989051103591919
Pheidole_megacephala_CASENT0744846_processed.obj,Stage_3_deform_fine,0.00021054327953606844,0.016878508031368256,0.00819368101656437,0.008684826083481312,0.020041238516569138,0.08561492711305618,0.2618754506111145,0.26809999346733093,0.25593334436416626,0.7421112060546875,0.7784667015075684,0.7089999914169312,0.9563051462173462,0.9628999829292297,0.9498000144958496,0.9984310865402222,0.9969333410263062,0.9999333620071411,0.8351865410804749,0.34976667165756226,1.240043044090271,1.6384905576705933,2.373086929321289,0.4031381905078888,0.3752286732196808,2.466594934463501,0.7094017267227173,0.0,0.6840036511421204,0.182204008102417,0.017015380784869194,0.044105250388383865,0.2170107513666153,12.698790550231934,69.56397247314453,0.005895957350730896,0.01640281081199646,0.016935614868998528,0.016360225155949593,-0.0010011810809373856,0.006271041929721832,0.01123553141951561,0.9996170401573181,0.0083631481975317,0.017143631353974342,0.9788408279418945,0.007689801510423422,0.013479680754244328,0.9972376227378845,0.006465732119977474,0.01133815012872219,0.9973615407943726,0.007852676324546337,0.015245979651808739,0.9783895015716553,0.007589655928313732,0.014442211017012596,0.9756690859794617
Pheidole_nodus_CASENT0877547_processed.obj,Stage_3_deform_fine,0.0005608393112197518,0.021797310560941696,0.01446625217795372,0.007331059314310551,0.05291460454463959,0.12408623099327087,0.27974310517311096,0.2599000036716461,0.302866667509079,0.6835476756095886,0.598633348941803,0.7965333461761475,0.8833162784576416,0.7966333627700806,0.9911666512489319,0.9712286591529846,0.9440667033195496,1.0,0.6442350149154663,0.3783666789531708,1.22294282913208,1.8043180704116821,2.7735066413879395,0.32681921124458313,0.4648355543613434,2.299443244934082,0.8491976857185364,0.0,0.5769891142845154,0.1539502739906311,0.020752349868416786,0.05695873126387596,0.5048910975456238,13.71270751953125,66.46317291259766,0.0050490242429077625,0.0006770486943423748,0.0012645801762118936,0.0006624588277190924,-0.013758134096860886,0.008005577139556408,0.020985985174775124,0.9436997771263123,0.009381297044456005,0.025398878380656242,0.9093835949897766,0.008148273453116417,0.019378788769245148,0.9558011293411255,0.00683490838855505,0.013589993119239807,1.0,0.008772127330303192,0.02194702997803688,0.9382557272911072,0.005276302807033062,0.009951384738087654,0.9866179823875427
Pheidole_sp._CASENT0744267_processed.obj,Stage_3_deform_fine,0.00021198802278377116,0.01682792231440544,0.008175352588295937,0.00865256879478693,0.019704051315784454,0.08743388205766678,0.2664071321487427,0.2723333239555359,0.26073333621025085,0.7443161010742188,0.7684333324432373,0.721666693687439,0.9576837420463562,0.9633333683013916,0.9521000385284424,0.9987499713897705,0.9984333515167236,0.9990666508674622,0.8248772621154785,0.34503334760665894,1.0968409776687622,1.0628647804260254,1.7861759662628174,0.4749320447444916,0.2844868004322052,1.3474082946777344,0.5210341215133667,0.0,0.7267860174179077,0.19445839524269104,0.012061811052262783,0.028775056824088097,0.37344300746917725,12.42406177520752,60.81036376953125,0.0030294144526124,0.004268508404493332,0.004709211643785238,0.004342193715274334,-0.00823647528886795,0.006784211378544569,0.012310653924942017,0.9984680414199829,0.006797465495765209,0.012522284872829914,0.9995399713516235,0.009018659591674805,0.0157390758395195,0.972375750541687,0.007613644003868103,0.0133834732696414,1.0,0.0066805495880544186,0.011683826334774494,0.9961410164833069,0.006417321972548962,0.013326424174010754,0.9817517995834351
Polyergus_rufescens_CASENT0745190_processed.obj,Stage_3_deform_fine,0.000297431368380785,0.01859191060066223,0.0100259343162179,0.008565976284444332,0.030927402898669243,0.08464296907186508,0.23835255205631256,0.2401999980211258,0.23653332889080048,0.7170066237449646,0.7245000004768372,0.7096666693687439,0.9391262531280518,0.9149333238601685,0.9646333456039429,0.9922617077827454,0.9849333167076111,0.9997000098228455,0.7663567066192627,0.2971666753292084,1.1923484802246094,1.1355633735656738,2.679452896118164,0.3356722593307495,0.4269242584705353,1.9656060934066772,0.8027234673500061,0.0,0.6589115262031555,0.16914407908916473,0.02060338482260704,0.05202952027320862,0.27886125445365906,12.897544860839844,67.36405181884766,0.0055702137760818005,0.07416936010122299,0.0745062455534935,0.07328104972839355,0.03400067985057831,0.007543779443949461,0.015579329803586006,0.9816162586212158,0.007700965274125338,0.014539310708642006,0.9958601593971252,0.00850098580121994,0.019741861149668694,0.950276255607605,0.008648036979138851,0.016376884654164314,0.9656992554664612,0.007985196076333523,0.01538028847426176,0.9791613221168518,0.008175758644938469,0.015107054263353348,0.9902676343917847
Polyrhachis_illaudata_CASENT0877572_processed.obj,Stage_3_deform_fine,0.00013411400141194463,0.013496225699782372,0.0066806478425860405,0.006815577391535044,0.01511571928858757,0.06826692074537277,0.39938685297966003,0.4092000126838684,0.3900333344936371,0.847517192363739,0.868233323097229,0.8277666568756104,0.9800078272819519,0.9750333428382874,0.9850333333015442,0.999633252620697,0.9992666840553284,1.0,0.8503021001815796,0.09996666759252548,1.1633797883987427,1.1701700687408447,2.312819719314575,0.4047287404537201,0.352923184633255,1.5301698446273804,0.6389408707618713,0.0,0.6895378828048706,0.19286537170410156,0.014434444718062878,0.03633589670062065,0.3171411454677582,12.328370094299316,59.85919952392578,0.0026385223027318716,0.000879974162671715,0.0011724516516551375,0.000896817771717906,-0.007753741927444935,0.005439233034849167,0.010517314076423645,0.9992340207099915,0.006064745597541332,0.011366039514541626,0.9944801926612854,0.006567391566932201,0.010032281279563904,1.0,0.006562066730111837,0.01177341677248478,1.0,0.0072289141826331615,0.014003433287143707,0.984563946723938,0.006639733444899321,0.010720159858465195,0.9975668787956238
Poneracantha_triangularis_CASENT0744645_processed.obj,Stage_3_deform_fine,0.0001487359986640513,0.014193300157785416,0.0068712495267391205,0.007322050631046295,0.0160763431340456,0.06572572141885757,0.3674425184726715,0.3869999945163727,0.34976667165756226,0.8286620378494263,0.8741999864578247,0.7876333594322205,0.9758855104446411,0.9704000353813171,0.9814333319664001,0.9993829727172852,0.9987666606903076,1.0,0.7860824465751648,0.2429666668176651,1.157017469406128,1.0189067125320435,2.307316780090332,0.38976752758026123,0.3593742251396179,1.6519018411636353,0.6676096320152283,0.0,0.6871094703674316,0.19270525872707367,0.012974228709936142,0.032304223626852036,0.14983798563480377,12.306339263916016,59.21316909790039,0.0028665426652878523,0.0060276309959590435,0.006264277268201113,0.0060147312469780445,-4.342012107372284e-05,0.005803441163152456,0.010509448125958443,0.9957870841026306,0.004920987877994776,0.009267565794289112,0.9995399713516235,0.007224722299724817,0.01261528953909874,0.991712749004364,0.006369114387780428,0.012177257798612118,1.0,0.006565880961716175,0.012483569793403149,0.9876511693000793,0.006364097353070974,0.011223739944398403,0.9939172863960266
Prionopelta_antillana_CASENT0744467_processed.obj,Stage_3_deform_fine,0.00024002761347219348,0.0186996441334486,0.00855348538607359,0.010146158747375011,0.022590020671486855,0.08084915578365326,0.19597947597503662,0.20696666836738586,0.18610000610351562,0.6508700251579285,0.7129999995231628,0.5986999869346619,0.946739912033081,0.9717333316802979,0.9230000376701355,0.9994997382164001,1.0,0.9990000128746033,0.790294349193573,0.4027000069618225,1.1691361665725708,1.1334967613220215,2.4084224700927734,0.3820432424545288,0.37993836402893066,1.947746992111206,0.7075385451316833,0.0,0.6805976629257202,0.185010626912117,0.017153136432170868,0.04482140764594078,0.27068057656288147,12.802739143371582,65.01115417480469,0.00514674698933959,0.002789474790915847,0.003036974696442485,0.002898257225751877,-0.0067009227350354195,0.007571532856673002,0.013759803026914597,0.9946380853652954,0.007977187633514404,0.015592946670949459,0.9857405424118042,0.008236004039645195,0.015327204950153828,0.980663001537323,0.007825745269656181,0.015157961286604404,0.9868074059486389,0.007660834584385157,0.014019294641911983,0.9909956455230713,0.007161284331232309,0.01356809027493,0.9939172863960266
Probolomyrmex_sp._CASENT0744992_processed.obj,Stage_3_deform_fine,0.00026559026446193457,0.017629016190767288,0.009349745698273182,0.008279270492494106,0.02761152759194374,0.08269239217042923,0.2771148085594177,0.2844666838645935,0.2701333463191986,0.7405811548233032,0.7535333633422852,0.7280666828155518,0.9415908455848694,0.9179333448410034,0.9664999842643738,0.9941878914833069,0.9888666868209839,0.9995666742324829,0.7803912162780762,0.2897000014781952,1.1743954420089722,1.088854193687439,2.6005489826202393,0.34831130504608154,0.39964473247528076,1.7829139232635498,0.7250300645828247,0.0,0.6411024332046509,0.16135643422603607,0.017447680234909058,0.04759952798485756,0.2960931956768036,12.555652618408203,64.05065155029297,0.004071793518960476,0.006831797771155834,0.0071637690998613834,0.006848324555903673,-0.00047820713371038437,0.006945784203708172,0.014337636530399323,0.98582923412323,0.0061088730581104755,0.011212383396923542,0.9995399713516235,0.007478298153728247,0.015189738012850285,0.980663001537323,0.007053731475025415,0.014041909947991371,0.9973615407943726,0.009028042666614056,0.022129936143755913,0.9359403252601624,0.0070574101991951466,0.014164162799715996,0.985401451587677
Procryptocerus_hirsutus_CASENT0744064_processed.obj,Stage_3_deform_fine,0.00017655595729593188,0.015435772016644478,0.00761176785454154,0.007824004627764225,0.017057199031114578,0.09658727049827576,0.29532214999198914,0.3034333288669586,0.28763332962989807,0.7992008924484253,0.8189666867256165,0.7803666591644287,0.9688499569892883,0.9686999917030334,0.968999981880188,0.9984325170516968,0.9975000023841858,0.9993667006492615,0.8365536332130432,0.18733333051204681,1.146758794784546,0.8959541916847229,2.2084226608276367,0.4081234037876129,0.34889495372772217,1.5069416761398315,0.6395190954208374,0.0,0.7022624015808105,0.19328901171684265,0.014335745014250278,0.03424574062228203,0.22129425406455994,12.585116386413574,62.49861145019531,0.0036157527938485146,0.007214777171611786,0.0076704868115484715,0.007184420246630907,-0.013673949986696243,0.006015744060277939,0.01111861877143383,0.9988510608673096,0.006195805035531521,0.011041620746254921,0.9986200332641602,0.007165682967752218,0.012432883493602276,0.9972376227378845,0.007930310443043709,0.015251073986291885,0.9815303683280945,0.008072339929640293,0.017820745706558228,0.9683560729026794,0.007945149205625057,0.015495847910642624,0.9781022071838379
Recurvidris_kemneri_CASENT0745633_processed.obj,Stage_3_deform_fine,0.00024679009220562875,0.017890695482492447,0.008771510794758797,0.009119183756411076,0.021496616303920746,0.11347460001707077,0.23707738518714905,0.2526666820049286,0.2232999950647354,0.7155183553695679,0.7545000314712524,0.6803666949272156,0.9463860392570496,0.9427666664123535,0.9500333666801453,0.9983664751052856,0.9979667067527771,0.9987666606903076,0.7346206903457642,0.406333327293396,1.155293345451355,1.3020827770233154,2.2160651683807373,0.41339728236198425,0.3444271683692932,1.6197857856750488,0.6472395062446594,0.0,0.6904419660568237,0.18427228927612305,0.012951104901731014,0.03265559300780296,0.30309149622917175,12.496665954589844,61.394859313964844,0.002768819686025381,0.019123611971735954,0.019494084641337395,0.0193649735301733,-0.0036125537008047104,0.006486605852842331,0.011398814618587494,0.9992340207099915,0.006593083962798119,0.011982268653810024,1.0,0.006560139358043671,0.01080946996808052,1.0,0.007420082110911608,0.013613903895020485,0.9973615407943726,0.0069147273898124695,0.012330112978816032,0.9945973753929138,0.0070948489010334015,0.014959586784243584,0.9732360243797302
Solenopsis_afrc-za01_CASENT0744870_processed.obj,Stage_3_deform_fine,0.00020857705385424197,0.017224814742803574,0.008054673671722412,0.009170142002403736,0.020275287330150604,0.08628297597169876,0.2301766723394394,0.24026666581630707,0.22089999914169312,0.7192386388778687,0.7652666568756104,0.678433358669281,0.9608122706413269,0.9744333624839783,0.9475666880607605,0.9991499781608582,0.9992666840553284,0.9990333318710327,0.8230567574501038,0.2988666594028473,1.132582426071167,1.282973051071167,2.0733020305633545,0.41515761613845825,0.34319785237312317,1.4390910863876343,0.629596471786499,0.0,0.7056562304496765,0.1983007788658142,0.01592608541250229,0.037632089108228683,0.3630572259426117,12.601468086242676,61.43241882324219,0.0033225836232304573,0.00982775166630745,0.010273782536387444,0.009916314855217934,-0.014345383271574974,0.007062147371470928,0.012576528824865818,0.9965530633926392,0.006919954437762499,0.012505307793617249,0.9990800023078918,0.007354496978223324,0.01314510591328144,1.0,0.008572057820856571,0.01569988764822483,0.9894459247589111,0.007786920759826899,0.014274549670517445,0.9827630519866943,0.00827550794929266,0.018029311671853065,0.9586374759674072
Solenopsis_invicta_CASENT0744090_processed.obj,Stage_3_deform_fine,0.0001991582685150206,0.016691207885742188,0.008055203594267368,0.00863600429147482,0.019073277711868286,0.09326628595590591,0.25449877977371216,0.2640666663646698,0.24560000002384186,0.7409791350364685,0.784500002861023,0.7020333409309387,0.9618407487869263,0.9648333191871643,0.9588666558265686,0.9990994334220886,0.9983333349227905,0.9998666644096375,0.8362253308296204,0.25156667828559875,1.1744680404663086,1.2366377115249634,2.345602035522461,0.3812655508518219,0.3667607605457306,1.8397672176361084,0.6795754432678223,0.0,0.6799665093421936,0.15982884168624878,0.01740999147295952,0.049290187656879425,0.25123634934425354,12.57772159576416,63.87184143066406,0.004462685901671648,0.012032289989292622,0.012410884723067284,0.012059981934726238,-0.0037232907488942146,0.006747174542397261,0.012239810079336166,0.9977020621299744,0.007171996403485537,0.012855778448283672,0.9954001307487488,0.007504667621105909,0.01478426530957222,0.991712749004364,0.007584002800285816,0.013217722065746784,0.9920845031738281,0.009096064604818821,0.020298227667808533,0.9475173950195312,0.008397814817726612,0.017765142023563385,0.9610705375671387
Streblognathus_peetersi_CASENT0744989_processed.obj,Stage_3_deform_fine,0.00010881214984692633,0.011749742552638054,0.005883305799216032,0.005866436753422022,0.012544207274913788,0.08660269528627396,0.489417165517807,0.49950000643730164,0.47973334789276123,0.9114008545875549,0.9272333383560181,0.8960999846458435,0.9892303347587585,0.9848333597183228,0.9936666488647461,0.9979792833328247,0.9959666728973389,1.0,0.884584903717041,0.06949999928474426,1.0914682149887085,0.9282122850418091,1.8243941068649292,0.440160870552063,0.28700321912765503,1.3113149404525757,0.5162659883499146,0.0,0.7349629402160645,0.22104306519031525,0.010389418341219425,0.02672819048166275,0.2104373276233673,11.748136520385742,56.879207611083984,0.002410501940175891,0.008080551400780678,0.008279022760689259,0.00825241208076477,0.0017397059127688408,0.005037896800786257,0.009601112455129623,0.9984680414199829,0.00486449571326375,0.009071458131074905,0.9990800023078918,0.0064505827613174915,0.010503407567739487,1.0,0.005642589647322893,0.009310378693044186,1.0,0.006226988043636084,0.011395665816962719,0.9920247197151184,0.005854221526533365,0.009642083197832108,0.9963503479957581
Strongylognathus_testaceus_CASENT0745197_processed.obj,Stage_3_deform_fine,0.00028990249847993255,0.01991015300154686,0.009628391824662685,0.010281761176884174,0.023032626137137413,0.0847875326871872,0.1862500160932541,0.196233332157135,0.17723333835601807,0.6355342864990234,0.6729000210762024,0.6021000146865845,0.924927294254303,0.9309999942779541,0.9189333319664001,0.9980665445327759,0.997700035572052,0.9984333515167236,0.7462766170501709,0.39203333854675293,1.2276784181594849,1.2670271396636963,2.796686887741089,0.3680054247379303,0.4122913181781769,1.9964529275894165,0.7588927745819092,0.0,0.6598512530326843,0.17446812987327576,0.01851595938205719,0.046976275742053986,0.24047210812568665,13.095536231994629,67.85493469238281,0.005635362584143877,0.007555781863629818,0.008060172200202942,0.007580749224871397,-0.0011946549639105797,0.007422767113894224,0.013537504710257053,0.9950211048126221,0.008411798626184464,0.016264192759990692,0.9806807637214661,0.008231302723288536,0.01563059352338314,0.9889503121376038,0.008753897622227669,0.015281091444194317,0.9841688871383667,0.007932215929031372,0.01520693488419056,0.9696424007415771,0.007481197826564312,0.013455084525048733,0.9963503479957581
Strumigenys_kumadori_OKENT0105284_processed.obj,Stage_3_deform_fine,0.00013392211985774338,0.013005457818508148,0.0063657634891569614,0.006639694329351187,0.014307004399597645,0.08308033645153046,0.407550185918808,0.4249333441257477,0.39153334498405457,0.8863404989242554,0.91593337059021,0.8586000204086304,0.9834665060043335,0.9830333590507507,0.9839000105857849,0.9977284073829651,0.9955000281333923,0.9999666810035706,0.8588351011276245,0.17350000143051147,1.1164878606796265,1.005375862121582,2.048607587814331,0.42898425459861755,0.3255378007888794,1.3881672620773315,0.5823749899864197,0.0,0.7018980383872986,0.19628605246543884,0.0133749321103096,0.03482352942228317,0.2533072829246521,11.925971984863281,57.31731033325195,0.001987035386264324,0.02007344923913479,0.02064383588731289,0.020131874829530716,-0.0016760919243097305,0.005313878413289785,0.009331255219876766,1.0,0.0054814801551401615,0.010105418972671032,1.0,0.006367951165884733,0.010523735545575619,0.9861878752708435,0.005785815417766571,0.01070637907832861,1.0,0.006236113607883453,0.011357578448951244,0.9897093176841736,0.006656808312982321,0.015320125967264175,0.9610705375671387
Strumigenys_minutula_OKENT0105207_processed.obj,Stage_3_deform_fine,0.00018251950677949935,0.01450769416987896,0.0069915917702019215,0.007516102399677038,0.017007488757371902,0.1468265950679779,0.33651331067085266,0.3587999939918518,0.31683334708213806,0.8421913385391235,0.8814666867256165,0.8062666654586792,0.9752263426780701,0.9815333485603333,0.968999981880188,0.9979965090751648,0.9961333274841309,0.9998666644096375,0.8264753818511963,0.36309999227523804,1.1102408170700073,1.0978262424468994,1.871260404586792,0.470333069562912,0.2913140654563904,1.4312132596969604,0.5210136771202087,0.0,0.7099156975746155,0.20342805981636047,0.010409618727862835,0.026856930926442146,0.2880842089653015,12.308391571044922,60.674400329589844,0.0028013940900564194,0.0022135162726044655,0.0025772536173462868,0.00220102327875793,-0.002616885118186474,0.0058991629630327225,0.010328360833227634,1.0,0.006058944389224052,0.011418916285037994,0.9995399713516235,0.006831869948655367,0.011473437771201134,1.0,0.006727532017976046,0.01182322297245264,1.0,0.005898052826523781,0.010148161090910435,0.9963982701301575,0.0062523335218429565,0.012217889539897442,0.9793187379837036
Strumigenys_precava_CASENT0744056_processed.obj,Stage_3_deform_fine,0.00022247050947044045,0.015576648525893688,0.008266013115644455,0.007310635410249233,0.02184261940419674,0.12295563519001007,0.35191354155540466,0.35553333163261414,0.3483666777610779,0.8018556833267212,0.806600034236908,0.7971667051315308,0.9602546095848083,0.9419666528701782,0.9792667031288147,0.9953457117080688,0.9908000230789185,0.9999333620071411,0.7671692371368408,0.2366333305835724,1.1722089052200317,1.2300465106964111,2.3918919563293457,0.3566104769706726,0.3868494927883148,1.6869109869003296,0.7002869248390198,0.0,0.662447452545166,0.17008882761001587,0.017881933599710464,0.04868263751268387,0.3801310956478119,12.719432830810547,63.04838562011719,0.003680901601910591,0.01282946951687336,0.013134405016899109,0.012946145609021187,-0.005282187834382057,0.006013329606503248,0.012053494341671467,0.9973190426826477,0.0052926684729754925,0.009726439602673054,0.9995399713516235,0.006639605853706598,0.01578543707728386,0.980663001537323,0.005810667295008898,0.009773606434464455,1.0,0.0064901793375611305,0.012863525189459324,0.9786468148231506,0.006871634162962437,0.013058457523584366,0.9817517995834351
Temnothorax_OK01_OKENT0105230_processed.obj,Stage_3_deform_fine,0.00016355742991436273,0.01499902456998825,0.0073122018948197365,0.007686822675168514,0.01658884808421135,0.056678496301174164,0.3229113221168518,0.33730000257492065,0.30970001220703125,0.8049982190132141,0.840666651725769,0.7722333669662476,0.9717975854873657,0.9675000309944153,0.9761333465576172,0.9996166229248047,0.9993667006492615,0.9998666644096375,0.7907034158706665,0.3100000023841858,1.1155591011047363,0.8930138349533081,2.12211012840271,0.4005588889122009,0.3380495607852936,1.541398048400879,0.6165052652359009,0.0,0.6962596774101257,0.1958945393562317,0.013000242412090302,0.030772704631090164,0.2556981146335602,12.187265396118164,60.914772033691406,0.0030619888566434383,0.0044100102968513966,0.00461315643042326,0.00445094658061862,-0.0035504992119967937,0.0061453888192772865,0.010816972702741623,1.0,0.005660033319145441,0.0105065256357193,1.0,0.007325869053602219,0.01249807421118021,1.0,0.006260980851948261,0.010038958862423897,1.0,0.007132106460630894,0.014446664601564407,0.9801903963088989,0.006947439629584551,0.01514189038425684,0.9781022071838379
Temnothorax_affinis_CASENT0745855_processed.obj,Stage_3_deform_fine,0.00034505996154621243,0.017313774675130844,0.01021177414804697,0.007102000527083874,0.033761125057935715,0.13865190744400024,0.34383824467658997,0.33489999175071716,0.3532666563987732,0.7828221917152405,0.7509666681289673,0.8174999952316284,0.9415415525436401,0.9034667015075684,0.9829666614532471,0.9858212471008301,0.9721333384513855,0.9998999834060669,0.755527675151825,0.2526666820049286,1.1512185335159302,1.1136524677276611,2.1402664184570312,0.4120969772338867,0.3399706482887268,1.5744292736053467,0.6371640563011169,0.0,0.7046196460723877,0.21340996026992798,0.014468063600361347,0.03684770315885544,0.3024771213531494,12.09970760345459,61.61940383911133,0.003680901601910591,0.014240997843444347,0.01494746282696724,0.014319508336484432,0.0007109278813004494,0.005301636178046465,0.009753955528140068,0.9961700439453125,0.005701572634279728,0.010627652518451214,1.0,0.007262896746397018,0.01245032623410225,1.0,0.006275757681578398,0.011052681133151054,0.9973615407943726,0.0074831824749708176,0.015389123000204563,0.9776177406311035,0.00796704925596714,0.01621365360915661,0.9720194339752197
Temnothorax_crassispinus_CASENT0745822_processed.obj,Stage_3_deform_fine,0.00012570220860652626,0.013336041942238808,0.0064802011474967,0.006855841260403395,0.015134116634726524,0.07895929366350174,0.3868352472782135,0.39616668224334717,0.3779333233833313,0.8614012598991394,0.8826333284378052,0.8411666750907898,0.9830814599990845,0.9844333529472351,0.9817333221435547,0.999833345413208,0.999833345413208,0.999833345413208,0.8540293574333191,0.1374666690826416,1.168932557106018,0.9896653294563293,2.3056209087371826,0.43438291549682617,0.33005407452583313,1.5986865758895874,0.6067209243774414,0.0,0.728939950466156,0.21964113414287567,0.01221558265388012,0.027142725884914398,0.2675830125808716,12.042290687561035,63.909400939941406,0.0035831783898174763,0.01985923945903778,0.020681489259004593,0.019876260310411453,-0.0010548289865255356,0.005418024491518736,0.00979800894856453,1.0,0.005292719695717096,0.01019007433205843,1.0,0.008439895696938038,0.018872015178203583,0.9640884399414062,0.007123738527297974,0.015206745825707912,0.9736148118972778,0.0069745988585054874,0.013235076330602169,0.9866220951080322,0.00711095379665494,0.013287488371133804,0.9829683899879456
Tetramorium_caespitum_CASENT0745052_processed.obj,Stage_3_deform_fine,9.903626050800085e-05,0.011856618337333202,0.005737668834626675,0.006118949502706528,0.013541605323553085,0.05660863220691681,0.47085049748420715,0.48403334617614746,0.45836666226387024,0.9077209234237671,0.9312333464622498,0.885366678237915,0.9882330298423767,0.9876999855041504,0.9887666702270508,0.9999499917030334,1.0,0.9998999834060669,0.8625507354736328,0.14326666295528412,1.121549367904663,0.9614500999450684,1.9919819831848145,0.43437933921813965,0.31039416790008545,1.4080288410186768,0.5761008858680725,0.0,0.7330796718597412,0.22032976150512695,0.009735009633004665,0.024079030379652977,0.26988646388053894,12.086627960205078,59.66486358642578,0.0032574350479990244,0.001557866227813065,0.001838170806877315,0.0015823038993403316,-0.002979074139147997,0.004988904111087322,0.009207725524902344,0.9996170401573181,0.004908931907266378,0.008868847973644733,1.0,0.0061680967919528484,0.011330688372254372,1.0,0.005460004787892103,0.009045778773725033,1.0,0.005887784529477358,0.011148160323500633,0.992281973361969,0.005602688994258642,0.009409094229340553,1.0
Tetramorium_tsushimae_OKENT0105377_processed.obj,Stage_3_deform_fine,0.0002372278831899166,0.01761629246175289,0.008633779361844063,0.008982513099908829,0.020995771512389183,0.06944392621517181,0.24595937132835388,0.2529999911785126,0.23929999768733978,0.7272213101387024,0.7506999969482422,0.7051666975021362,0.9455546736717224,0.9489333629608154,0.9422000050544739,0.9976983070373535,0.996399998664856,0.9990000128746033,0.8211540579795837,0.3291666805744171,1.1815464496612549,2.1472437381744385,2.171304941177368,0.42630860209465027,0.32829779386520386,1.6762601137161255,0.6006895899772644,0.0,0.7197770476341248,0.18904651701450348,0.014333473518490791,0.03803524374961853,0.35303378105163574,12.661197662353516,62.36244583129883,0.004267239943146706,0.0014104990987107158,0.0019173378823325038,0.0014247781364247203,-0.00804953370243311,0.006873591337352991,0.012393137440085411,0.9988510608673096,0.007077808957546949,0.013037136755883694,0.997700035572052,0.008129457011818886,0.015476798638701439,0.9861878752708435,0.008047307841479778,0.013916759751737118,0.9947230219841003,0.008012373000383377,0.016107602044939995,0.9670697450637817,0.007002706173807383,0.012161197140812874,0.9951338171958923
Tetramorium_tsushimae_OKENT0105378_processed.obj,Stage_3_deform_fine,0.00022738853294868022,0.017528660595417023,0.008391746319830418,0.009136914275586605,0.020978255197405815,0.08235500752925873,0.24602699279785156,0.25450000166893005,0.23810000717639923,0.7182105779647827,0.7532333135604858,0.6862999796867371,0.9489975571632385,0.9571666717529297,0.9409666657447815,0.9987497925758362,0.9992666840553284,0.9982333183288574,0.7907934784889221,0.3172999918460846,1.1803483963012695,1.1435762643814087,2.3269879817962646,0.39703691005706787,0.35827329754829407,1.7823039293289185,0.6621805429458618,0.0,0.6932840943336487,0.18360275030136108,0.01471292320638895,0.03694693744182587,0.295974999666214,12.953715324401855,63.721458435058594,0.003746050177142024,0.008133797906339169,0.00844435952603817,0.008277924731373787,-0.0002232864499092102,0.006931421812623739,0.012526202946901321,0.9973190426826477,0.0064619784243404865,0.01190960593521595,0.9995399713516235,0.008872715756297112,0.013091303408145905,1.0,0.007823863998055458,0.013589452020823956,1.0,0.007910667918622494,0.015190106816589832,0.9760740995407104,0.008414125069975853,0.020076382905244827,0.9489051103591919
Tetramorium_weitzeckeri_CASENT0744903_processed.obj,Stage_3_deform_fine,0.00014334449952002615,0.013598918914794922,0.006716825533658266,0.006882093846797943,0.015206022188067436,0.10887544602155685,0.3880458176136017,0.39890000224113464,0.3777666687965393,0.859553873538971,0.8853333592414856,0.8352333307266235,0.9805586338043213,0.9777666926383972,0.9833666682243347,0.9985147714614868,0.9971333742141724,0.9998999834060669,0.8397125005722046,0.17880000174045563,1.1630610227584839,1.4516034126281738,2.1906702518463135,0.3857191503047943,0.3537083864212036,1.6696631908416748,0.6571648716926575,0.0,0.6885074973106384,0.18216387927532196,0.013678859919309616,0.031687065958976746,0.2722901403903961,12.244029998779297,59.451148986816406,0.0028991170693188906,0.0031396830454468727,0.003434596350416541,0.0031522749923169613,-0.014751301147043705,0.00545489089563489,0.010110149160027504,0.9988510608673096,0.005027978681027889,0.009190290234982967,1.0,0.007530321832746267,0.016982290893793106,0.9696133136749268,0.005709012504667044,0.009031269699335098,1.0,0.006477999035269022,0.012224202044308186,0.9920247197151184,0.0070015727542340755,0.013850872404873371,0.9781022071838379
Tetraponera_hespera_CASENT0840869-D4_processed.obj,Stage_3_deform_fine,0.00019423881894908845,0.014986847527325153,0.008011586032807827,0.006975261494517326,0.023060759529471397,0.08268977701663971,0.38127562403678894,0.3830000162124634,0.37956666946411133,0.8190785050392151,0.8106666803359985,0.827666699886322,0.958276093006134,0.9374333620071411,0.9800666570663452,0.9971613883972168,0.994866669178009,0.9994666576385498,0.7550196647644043,0.27683332562446594,1.2276113033294678,1.1866493225097656,2.658308506011963,0.38890939950942993,0.3827839493751526,1.891601800918579,0.690575897693634,0.0,0.6787026524543762,0.18447251617908478,0.013267102651298046,0.03476177901029587,0.2219437211751938,12.250601768493652,62.36368179321289,0.004006645176559687,0.01906178519129753,0.019637510180473328,0.01919056475162506,0.009000689722597599,0.0053778402507305145,0.010163921862840652,0.9969360828399658,0.004910080693662167,0.009005207568407059,1.0,0.005919076502323151,0.009233060292899609,1.0,0.005542008671909571,0.009721710346639156,1.0,0.007016401272267103,0.014942861162126064,0.9745305180549622,0.005599900148808956,0.010028201155364513,1.0
Typhlomyrmex_rogenhoferi_CASENT0744314_processed.obj,Stage_3_deform_fine,0.00024172371195163578,0.01879996433854103,0.008579461835324764,0.010220501571893692,0.02334849163889885,0.062403153628110886,0.1861601024866104,0.19656667113304138,0.17679999768733978,0.6583928465843201,0.711899995803833,0.6123666763305664,0.9434543251991272,0.9734333157539368,0.9152666926383972,0.9996998906135559,1.0,0.9994000196456909,0.7725362181663513,0.42500001192092896,1.237978458404541,1.3886420726776123,2.5748636722564697,0.38803064823150635,0.3871022164821625,2.146803140640259,0.6947041153907776,0.0,0.6802612543106079,0.1772977113723755,0.016169473528862,0.04167366027832031,0.22752410173416138,12.953509330749512,65.119873046875,0.005016449838876724,0.003558248048648238,0.003845715895295143,0.0037064359057694674,-0.0021114249248057604,0.007536293473094702,0.01381158921867609,0.9969360828399658,0.008615700528025627,0.015930326655507088,0.9880404472351074,0.0084803132340312,0.016530867666006088,0.9696133136749268,0.008639493025839329,0.0160963237285614,0.9788918495178223,0.007942852564156055,0.015131550841033459,0.9809622168540955,0.008176056668162346,0.014699835330247879,0.985401451587677
