pair,part,seg,arm,median_err,n
4->7,l1_l_co,co,RANDOM,0.32832510002125576,197
4->7,l1_l_co,co,XYZ_RIGID,0.24400184718609486,197
4->7,l1_l_co,co,LOCAL_GEO,0.31995839081859756,197
4->7,l1_l_co,co,PART_FRAME,0.26809718346030287,197
4->7,l1_l_co,co,CSE_C11,0.3550335991868292,197
4->7,l1_l_co,co,CSE_C11_DENSITY,0.1889285355062295,197
4->7,l1_l_co,co,CSE_DENSITY_SHUFFLED,0.3074381836393783,197
4->7,l1_l_fe,fe,RANDOM,0.32541582239329564,153
4->7,l1_l_fe,fe,XYZ_RIGID,0.12007663127645689,153
4->7,l1_l_fe,fe,LOCAL_GEO,0.4369850169908681,153
4->7,l1_l_fe,fe,PART_FRAME,0.18600197823479267,153
4->7,l1_l_fe,fe,CSE_C11,0.23323566373550622,153
4->7,l1_l_fe,fe,CSE_C11_DENSITY,0.14038882683356763,153
4->7,l1_l_fe,fe,CSE_DENSITY_SHUFFLED,0.3537417096468601,153
4->7,l1_l_ta,ta,RANDOM,0.24477867384997698,38
4->7,l1_l_ta,ta,XYZ_RIGID,0.15792022406567705,38
4->7,l1_l_ta,ta,LOCAL_GEO,0.17297732742320432,38
4->7,l1_l_ta,ta,PART_FRAME,0.15429927534760418,38
4->7,l1_l_ta,ta,CSE_C11,0.573904834955951,38
4->7,l1_l_ta,ta,CSE_C11_DENSITY,0.15574958389975013,38
4->7,l1_l_ta,ta,CSE_DENSITY_SHUFFLED,0.24966154727565454,38
4->7,l1_l_ti,ti,RANDOM,0.36415769700817613,82
4->7,l1_l_ti,ti,XYZ_RIGID,0.15383109935565048,82
4->7,l1_l_ti,ti,LOCAL_GEO,0.25888955931708957,82
4->7,l1_l_ti,ti,PART_FRAME,0.16036707563708824,82
4->7,l1_l_ti,ti,CSE_C11,0.2698510436661181,82
4->7,l1_l_ti,ti,CSE_C11_DENSITY,0.25223987316214647,82
4->7,l1_l_ti,ti,CSE_DENSITY_SHUFFLED,0.475918875778124,82
4->7,l1_l_tr,tr,RANDOM,0.2959338353028186,275
4->7,l1_l_tr,tr,XYZ_RIGID,0.0790992780556372,275
4->7,l1_l_tr,tr,LOCAL_GEO,0.1797769471189577,275
4->7,l1_l_tr,tr,PART_FRAME,0.09844377398412056,275
4->7,l1_l_tr,tr,CSE_C11,0.2638336974784554,275
4->7,l1_l_tr,tr,CSE_C11_DENSITY,0.0915596711324714,275
4->7,l1_l_tr,tr,CSE_DENSITY_SHUFFLED,0.33959475386740556,275
4->7,l1_r_co,co,RANDOM,0.3467155291869978,200
4->7,l1_r_co,co,XYZ_RIGID,0.21810873008676515,200
4->7,l1_r_co,co,LOCAL_GEO,0.3442742500807394,200
4->7,l1_r_co,co,PART_FRAME,0.2110823514473657,200
4->7,l1_r_co,co,CSE_C11,0.5649375404749883,200
4->7,l1_r_co,co,CSE_C11_DENSITY,0.29605606591786776,200
4->7,l1_r_co,co,CSE_DENSITY_SHUFFLED,0.3376137823171944,200
4->7,l1_r_fe,fe,RANDOM,0.3240642161150878,153
4->7,l1_r_fe,fe,XYZ_RIGID,0.11038881571850291,153
4->7,l1_r_fe,fe,LOCAL_GEO,0.3425011623761558,153
4->7,l1_r_fe,fe,PART_FRAME,0.19259570720389774,153
4->7,l1_r_fe,fe,CSE_C11,0.4412185712604106,153
4->7,l1_r_fe,fe,CSE_C11_DENSITY,0.1747301609691104,153
4->7,l1_r_fe,fe,CSE_DENSITY_SHUFFLED,0.351620545954953,153
4->7,l1_r_ta,ta,RANDOM,0.3083222662114172,38
4->7,l1_r_ta,ta,XYZ_RIGID,0.14071933087528615,38
4->7,l1_r_ta,ta,LOCAL_GEO,0.22808654578034065,38
4->7,l1_r_ta,ta,PART_FRAME,0.13264226601924395,38
4->7,l1_r_ta,ta,CSE_C11,0.6157748799989623,38
4->7,l1_r_ta,ta,CSE_C11_DENSITY,0.605837253492199,38
4->7,l1_r_ta,ta,CSE_DENSITY_SHUFFLED,0.3366122796361523,38
4->7,l1_r_ti,ti,RANDOM,0.4132277594549497,82
4->7,l1_r_ti,ti,XYZ_RIGID,0.15110399834067434,82
4->7,l1_r_ti,ti,LOCAL_GEO,0.22467228765702965,82
4->7,l1_r_ti,ti,PART_FRAME,0.17360070045234355,82
4->7,l1_r_ti,ti,CSE_C11,0.5913040959306908,82
4->7,l1_r_ti,ti,CSE_C11_DENSITY,0.3322140463460298,82
4->7,l1_r_ti,ti,CSE_DENSITY_SHUFFLED,0.4217603742575279,82
4->7,l1_r_tr,tr,RANDOM,0.3052489912445434,275
4->7,l1_r_tr,tr,XYZ_RIGID,0.07148494138041583,275
4->7,l1_r_tr,tr,LOCAL_GEO,0.409164236325149,275
4->7,l1_r_tr,tr,PART_FRAME,0.09255150539474723,275
4->7,l1_r_tr,tr,CSE_C11,0.3582051758605963,275
4->7,l1_r_tr,tr,CSE_C11_DENSITY,0.12041447621027446,275
4->7,l1_r_tr,tr,CSE_DENSITY_SHUFFLED,0.33058729588512953,275
4->7,l2_l_co,co,RANDOM,0.45632156883130415,107
4->7,l2_l_co,co,XYZ_RIGID,0.222922407255107,107
4->7,l2_l_co,co,LOCAL_GEO,0.4589839853440603,107
4->7,l2_l_co,co,PART_FRAME,0.233686351530688,107
4->7,l2_l_co,co,CSE_C11,0.41497910217245904,107
4->7,l2_l_co,co,CSE_C11_DENSITY,0.3951885590203098,107
4->7,l2_l_co,co,CSE_DENSITY_SHUFFLED,0.4588871189543882,107
4->7,l2_l_fe,fe,RANDOM,0.2478966747935557,192
4->7,l2_l_fe,fe,XYZ_RIGID,0.15842165846224582,192
4->7,l2_l_fe,fe,LOCAL_GEO,0.3903062148373906,192
4->7,l2_l_fe,fe,PART_FRAME,0.12758348510454182,192
4->7,l2_l_fe,fe,CSE_C11,0.46292017210179554,192
4->7,l2_l_fe,fe,CSE_C11_DENSITY,0.1147456547707742,192
4->7,l2_l_fe,fe,CSE_DENSITY_SHUFFLED,0.26210748701453246,192
4->7,l2_l_ta,ta,RANDOM,0.3540036213587865,39
4->7,l2_l_ta,ta,XYZ_RIGID,0.1281887620673789,39
4->7,l2_l_ta,ta,LOCAL_GEO,0.2696168619260761,39
4->7,l2_l_ta,ta,PART_FRAME,0.14509033886822995,39
4->7,l2_l_ta,ta,CSE_C11,0.6472434160439502,39
4->7,l2_l_ta,ta,CSE_C11_DENSITY,0.16736849335951723,39
4->7,l2_l_ta,ta,CSE_DENSITY_SHUFFLED,0.2344325950172126,39
4->7,l2_l_ti,ti,RANDOM,0.2900993003191675,63
4->7,l2_l_ti,ti,XYZ_RIGID,0.14359767074021096,63
4->7,l2_l_ti,ti,LOCAL_GEO,0.2768583446493767,63
4->7,l2_l_ti,ti,PART_FRAME,0.2795725911665454,63
4->7,l2_l_ti,ti,CSE_C11,0.2630572821021908,63
4->7,l2_l_ti,ti,CSE_C11_DENSITY,0.15903310522565348,63
4->7,l2_l_ti,ti,CSE_DENSITY_SHUFFLED,0.36151223062033877,63
4->7,l2_l_tr,tr,RANDOM,0.3599514419500067,261
4->7,l2_l_tr,tr,XYZ_RIGID,0.06304482101828716,261
4->7,l2_l_tr,tr,LOCAL_GEO,0.18682543015920286,261
4->7,l2_l_tr,tr,PART_FRAME,0.07630980648275779,261
4->7,l2_l_tr,tr,CSE_C11,0.24377061263242983,261
4->7,l2_l_tr,tr,CSE_C11_DENSITY,0.07989703274493029,261
4->7,l2_l_tr,tr,CSE_DENSITY_SHUFFLED,0.35065147500150334,261
4->7,l2_r_co,co,RANDOM,0.4927441685346,107
4->7,l2_r_co,co,XYZ_RIGID,0.19864230928884247,107
4->7,l2_r_co,co,LOCAL_GEO,0.4609068210415538,107
4->7,l2_r_co,co,PART_FRAME,0.18328251558545472,107
4->7,l2_r_co,co,CSE_C11,0.5481865498718711,107
4->7,l2_r_co,co,CSE_C11_DENSITY,0.361890777768782,107
4->7,l2_r_co,co,CSE_DENSITY_SHUFFLED,0.5098550228802718,107
4->7,l2_r_fe,fe,RANDOM,0.23281538936882162,192
4->7,l2_r_fe,fe,XYZ_RIGID,0.17739231017968604,192
4->7,l2_r_fe,fe,LOCAL_GEO,0.40422050462796505,192
4->7,l2_r_fe,fe,PART_FRAME,0.12297375705682692,192
4->7,l2_r_fe,fe,CSE_C11,0.2103806178340084,192
4->7,l2_r_fe,fe,CSE_C11_DENSITY,0.1648585646662022,192
4->7,l2_r_fe,fe,CSE_DENSITY_SHUFFLED,0.2524290522854639,192
4->7,l2_r_ta,ta,RANDOM,0.2807098737314956,39
4->7,l2_r_ta,ta,XYZ_RIGID,0.19565770943304497,39
4->7,l2_r_ta,ta,LOCAL_GEO,0.23368457632441408,39
4->7,l2_r_ta,ta,PART_FRAME,0.18552146619208792,39
4->7,l2_r_ta,ta,CSE_C11,0.3749443001462542,39
4->7,l2_r_ta,ta,CSE_C11_DENSITY,0.20773774933992986,39
4->7,l2_r_ta,ta,CSE_DENSITY_SHUFFLED,0.27179503492018114,39
4->7,l2_r_ti,ti,RANDOM,0.3466501613097301,63
4->7,l2_r_ti,ti,XYZ_RIGID,0.13798923365859248,63
4->7,l2_r_ti,ti,LOCAL_GEO,0.4611550973370137,63
4->7,l2_r_ti,ti,PART_FRAME,0.25311193165143187,63
4->7,l2_r_ti,ti,CSE_C11,0.2443493990527188,63
4->7,l2_r_ti,ti,CSE_C11_DENSITY,0.31627740317484615,63
4->7,l2_r_ti,ti,CSE_DENSITY_SHUFFLED,0.3043516096550489,63
4->7,l2_r_tr,tr,RANDOM,0.3769955412556971,261
4->7,l2_r_tr,tr,XYZ_RIGID,0.06025430061398522,261
4->7,l2_r_tr,tr,LOCAL_GEO,0.42050780291376916,261
4->7,l2_r_tr,tr,PART_FRAME,0.06920850391098426,261
4->7,l2_r_tr,tr,CSE_C11,0.1288892626888376,261
4->7,l2_r_tr,tr,CSE_C11_DENSITY,0.07396270332713303,261
4->7,l2_r_tr,tr,CSE_DENSITY_SHUFFLED,0.3784901466685807,261
4->7,l3_l_co,co,RANDOM,0.47744992503361705,153
4->7,l3_l_co,co,XYZ_RIGID,0.24032033480249754,153
4->7,l3_l_co,co,LOCAL_GEO,0.45875661451244637,153
4->7,l3_l_co,co,PART_FRAME,0.2883564411431819,153
4->7,l3_l_co,co,CSE_C11,0.43355498723337194,153
4->7,l3_l_co,co,CSE_C11_DENSITY,0.3935392954408168,153
4->7,l3_l_co,co,CSE_DENSITY_SHUFFLED,0.49237498404641755,153
4->7,l3_l_fe,fe,RANDOM,0.2737571817287904,260
4->7,l3_l_fe,fe,XYZ_RIGID,0.06426847132463331,260
4->7,l3_l_fe,fe,LOCAL_GEO,0.3303238906919051,260
4->7,l3_l_fe,fe,PART_FRAME,0.08897326242472672,260
4->7,l3_l_fe,fe,CSE_C11,0.2118030476714634,260
4->7,l3_l_fe,fe,CSE_C11_DENSITY,0.09784748398134574,260
4->7,l3_l_fe,fe,CSE_DENSITY_SHUFFLED,0.25648644472960774,260
4->7,l3_l_ta,ta,RANDOM,0.3216934134346216,45
4->7,l3_l_ta,ta,XYZ_RIGID,0.3478572645217884,45
4->7,l3_l_ta,ta,LOCAL_GEO,0.32455038372466516,45
4->7,l3_l_ta,ta,PART_FRAME,0.28074500529290863,45
4->7,l3_l_ta,ta,CSE_C11,0.45044970375797305,45
4->7,l3_l_ta,ta,CSE_C11_DENSITY,0.3025269912874144,45
4->7,l3_l_ta,ta,CSE_DENSITY_SHUFFLED,0.38027122106581235,45
4->7,l3_l_ti,ti,RANDOM,0.4102717353684824,114
4->7,l3_l_ti,ti,XYZ_RIGID,0.09405996436461561,114
4->7,l3_l_ti,ti,LOCAL_GEO,0.22659580289254652,114
4->7,l3_l_ti,ti,PART_FRAME,0.11803837154455224,114
4->7,l3_l_ti,ti,CSE_C11,0.4892058465661919,114
4->7,l3_l_ti,ti,CSE_C11_DENSITY,0.12449361367026553,114
4->7,l3_l_ti,ti,CSE_DENSITY_SHUFFLED,0.3956459885320961,114
4->7,l3_l_tr,tr,RANDOM,0.34241613973273466,344
4->7,l3_l_tr,tr,XYZ_RIGID,0.07602620319996568,344
4->7,l3_l_tr,tr,LOCAL_GEO,0.33942413736158594,344
4->7,l3_l_tr,tr,PART_FRAME,0.08884774182237022,344
4->7,l3_l_tr,tr,CSE_C11,0.18863727979588724,344
4->7,l3_l_tr,tr,CSE_C11_DENSITY,0.09530440047273218,344
4->7,l3_l_tr,tr,CSE_DENSITY_SHUFFLED,0.35810542357654357,344
4->7,l3_r_co,co,RANDOM,0.4795063413756288,153
4->7,l3_r_co,co,XYZ_RIGID,0.3176135142673403,153
4->7,l3_r_co,co,LOCAL_GEO,0.4419873941519339,153
4->7,l3_r_co,co,PART_FRAME,0.35479502242088534,153
4->7,l3_r_co,co,CSE_C11,0.5129701061333628,153
4->7,l3_r_co,co,CSE_C11_DENSITY,0.4266309779908614,153
4->7,l3_r_co,co,CSE_DENSITY_SHUFFLED,0.45133926770598143,153
4->7,l3_r_fe,fe,RANDOM,0.24874587190878944,260
4->7,l3_r_fe,fe,XYZ_RIGID,0.06584095416329941,260
4->7,l3_r_fe,fe,LOCAL_GEO,0.23864743591091808,260
4->7,l3_r_fe,fe,PART_FRAME,0.08472311881849157,260
4->7,l3_r_fe,fe,CSE_C11,0.22921961256288537,260
4->7,l3_r_fe,fe,CSE_C11_DENSITY,0.10275708866870539,260
4->7,l3_r_fe,fe,CSE_DENSITY_SHUFFLED,0.2664831309020315,260
4->7,l3_r_ta,ta,RANDOM,0.3309794471590116,45
4->7,l3_r_ta,ta,XYZ_RIGID,0.2484792007795692,45
4->7,l3_r_ta,ta,LOCAL_GEO,0.33736418985841016,45
4->7,l3_r_ta,ta,PART_FRAME,0.2963503201622133,45
4->7,l3_r_ta,ta,CSE_C11,0.48542919052848726,45
4->7,l3_r_ta,ta,CSE_C11_DENSITY,0.27349155818136783,45
4->7,l3_r_ta,ta,CSE_DENSITY_SHUFFLED,0.29195528712155644,45
4->7,l3_r_ti,ti,RANDOM,0.33219132862418743,114
4->7,l3_r_ti,ti,XYZ_RIGID,0.10353294061245377,114
4->7,l3_r_ti,ti,LOCAL_GEO,0.2329953682791469,114
4->7,l3_r_ti,ti,PART_FRAME,0.14154591432293614,114
4->7,l3_r_ti,ti,CSE_C11,0.4045466950618897,114
4->7,l3_r_ti,ti,CSE_C11_DENSITY,0.2818150821748314,114
4->7,l3_r_ti,ti,CSE_DENSITY_SHUFFLED,0.34999308922624073,114
4->7,l3_r_tr,tr,RANDOM,0.33820849313554263,344
4->7,l3_r_tr,tr,XYZ_RIGID,0.07685890439876088,344
4->7,l3_r_tr,tr,LOCAL_GEO,0.3091774398470103,344
4->7,l3_r_tr,tr,PART_FRAME,0.09174230221057762,344
4->7,l3_r_tr,tr,CSE_C11,0.3322989053767488,344
4->7,l3_r_tr,tr,CSE_C11_DENSITY,0.07014661599934474,344
4->7,l3_r_tr,tr,CSE_DENSITY_SHUFFLED,0.3350949756379763,344
9->11,l1_l_co,co,RANDOM,0.3897136565691874,197
9->11,l1_l_co,co,XYZ_RIGID,0.2920510606691066,197
9->11,l1_l_co,co,LOCAL_GEO,0.34719763436429596,197
9->11,l1_l_co,co,PART_FRAME,0.3179197817737558,197
9->11,l1_l_co,co,CSE_C11,0.4196930431081015,197
9->11,l1_l_co,co,CSE_C11_DENSITY,0.26756322997402476,197
9->11,l1_l_co,co,CSE_DENSITY_SHUFFLED,0.425949685885912,197
9->11,l1_l_fe,fe,RANDOM,0.31602846022574316,153
9->11,l1_l_fe,fe,XYZ_RIGID,0.06155598127844232,153
9->11,l1_l_fe,fe,LOCAL_GEO,0.42440788051955075,153
9->11,l1_l_fe,fe,PART_FRAME,0.0842040285223655,153
9->11,l1_l_fe,fe,CSE_C11,0.47762322594709294,153
9->11,l1_l_fe,fe,CSE_C11_DENSITY,0.15838867313606467,153
9->11,l1_l_fe,fe,CSE_DENSITY_SHUFFLED,0.31351459144047295,153
9->11,l1_l_ta,ta,RANDOM,0.26711052477829045,38
9->11,l1_l_ta,ta,XYZ_RIGID,0.1454327230041176,38
9->11,l1_l_ta,ta,LOCAL_GEO,0.39636416741175573,38
9->11,l1_l_ta,ta,PART_FRAME,0.1701532633265992,38
9->11,l1_l_ta,ta,CSE_C11,0.5067958637750701,38
9->11,l1_l_ta,ta,CSE_C11_DENSITY,0.4989325120448137,38
9->11,l1_l_ta,ta,CSE_DENSITY_SHUFFLED,0.3042173715840506,38
9->11,l1_l_ti,ti,RANDOM,0.27479306603413434,82
9->11,l1_l_ti,ti,XYZ_RIGID,0.12085297377923584,82
9->11,l1_l_ti,ti,LOCAL_GEO,0.1290478030537449,82
9->11,l1_l_ti,ti,PART_FRAME,0.12581223372652864,82
9->11,l1_l_ti,ti,CSE_C11,0.4139128796038232,82
9->11,l1_l_ti,ti,CSE_C11_DENSITY,0.263496426826438,82
9->11,l1_l_ti,ti,CSE_DENSITY_SHUFFLED,0.2913362947290238,82
9->11,l1_l_tr,tr,RANDOM,0.30763699288969104,275
9->11,l1_l_tr,tr,XYZ_RIGID,0.046555952827246,275
9->11,l1_l_tr,tr,LOCAL_GEO,0.2859013172327851,275
9->11,l1_l_tr,tr,PART_FRAME,0.06771575410094564,275
9->11,l1_l_tr,tr,CSE_C11,0.16720496405712457,275
9->11,l1_l_tr,tr,CSE_C11_DENSITY,0.1273257562074817,275
9->11,l1_l_tr,tr,CSE_DENSITY_SHUFFLED,0.32443970407026357,275
9->11,l1_r_co,co,RANDOM,0.3838219952939634,200
9->11,l1_r_co,co,XYZ_RIGID,0.23416978731464932,200
9->11,l1_r_co,co,LOCAL_GEO,0.39385602080518034,200
9->11,l1_r_co,co,PART_FRAME,0.28321510247211434,200
9->11,l1_r_co,co,CSE_C11,0.285150689956544,200
9->11,l1_r_co,co,CSE_C11_DENSITY,0.22341529018980724,200
9->11,l1_r_co,co,CSE_DENSITY_SHUFFLED,0.4472153060300421,200
9->11,l1_r_fe,fe,RANDOM,0.35378497916593954,153
9->11,l1_r_fe,fe,XYZ_RIGID,0.05467771974439862,153
9->11,l1_r_fe,fe,LOCAL_GEO,0.3262766301824538,153
9->11,l1_r_fe,fe,PART_FRAME,0.09538717083838785,153
9->11,l1_r_fe,fe,CSE_C11,0.3549267791697623,153
9->11,l1_r_fe,fe,CSE_C11_DENSITY,0.23401487775992968,153
9->11,l1_r_fe,fe,CSE_DENSITY_SHUFFLED,0.3314317821530672,153
9->11,l1_r_ta,ta,RANDOM,0.29131896098180576,38
9->11,l1_r_ta,ta,XYZ_RIGID,0.12098064110705563,38
9->11,l1_r_ta,ta,LOCAL_GEO,0.6002307679933933,38
9->11,l1_r_ta,ta,PART_FRAME,0.19103312955862342,38
9->11,l1_r_ta,ta,CSE_C11,0.27507958071288313,38
9->11,l1_r_ta,ta,CSE_C11_DENSITY,0.35434267283209275,38
9->11,l1_r_ta,ta,CSE_DENSITY_SHUFFLED,0.3169065439769401,38
9->11,l1_r_ti,ti,RANDOM,0.30063341766729085,82
9->11,l1_r_ti,ti,XYZ_RIGID,0.12009650195337401,82
9->11,l1_r_ti,ti,LOCAL_GEO,0.15230190157836881,82
9->11,l1_r_ti,ti,PART_FRAME,0.15928573608089291,82
9->11,l1_r_ti,ti,CSE_C11,0.21749969609458908,82
9->11,l1_r_ti,ti,CSE_C11_DENSITY,0.17699507885484528,82
9->11,l1_r_ti,ti,CSE_DENSITY_SHUFFLED,0.28680224253722686,82
9->11,l1_r_tr,tr,RANDOM,0.3400428720610072,275
9->11,l1_r_tr,tr,XYZ_RIGID,0.048287788650895565,275
9->11,l1_r_tr,tr,LOCAL_GEO,0.3511691265656989,275
9->11,l1_r_tr,tr,PART_FRAME,0.07878143421125999,275
9->11,l1_r_tr,tr,CSE_C11,0.6137626343233025,275
9->11,l1_r_tr,tr,CSE_C11_DENSITY,0.14394816784621806,275
9->11,l1_r_tr,tr,CSE_DENSITY_SHUFFLED,0.34247895290581293,275
9->11,l2_l_co,co,RANDOM,0.447378491749575,107
9->11,l2_l_co,co,XYZ_RIGID,0.3890038520439558,107
9->11,l2_l_co,co,LOCAL_GEO,0.44941948567252465,107
9->11,l2_l_co,co,PART_FRAME,0.36320702378031866,107
9->11,l2_l_co,co,CSE_C11,0.494165643713127,107
9->11,l2_l_co,co,CSE_C11_DENSITY,0.3452184532095904,107
9->11,l2_l_co,co,CSE_DENSITY_SHUFFLED,0.46706205677233315,107
9->11,l2_l_fe,fe,RANDOM,0.3592787673720832,192
9->11,l2_l_fe,fe,XYZ_RIGID,0.12162173843237367,192
9->11,l2_l_fe,fe,LOCAL_GEO,0.4515572591401713,192
9->11,l2_l_fe,fe,PART_FRAME,0.1481789668732602,192
9->11,l2_l_fe,fe,CSE_C11,0.3263560247629374,192
9->11,l2_l_fe,fe,CSE_C11_DENSITY,0.1299542606306019,192
9->11,l2_l_fe,fe,CSE_DENSITY_SHUFFLED,0.27093734973617845,192
9->11,l2_l_ta,ta,RANDOM,0.4090941948792717,39
9->11,l2_l_ta,ta,XYZ_RIGID,0.14073629692943024,39
9->11,l2_l_ta,ta,LOCAL_GEO,0.2629921938903208,39
9->11,l2_l_ta,ta,PART_FRAME,0.16763587325448456,39
9->11,l2_l_ta,ta,CSE_C11,0.43110927867790555,39
9->11,l2_l_ta,ta,CSE_C11_DENSITY,0.4377253869650142,39
9->11,l2_l_ta,ta,CSE_DENSITY_SHUFFLED,0.3812974251593188,39
9->11,l2_l_ti,ti,RANDOM,0.2900202794158889,63
9->11,l2_l_ti,ti,XYZ_RIGID,0.07468270996127324,63
9->11,l2_l_ti,ti,LOCAL_GEO,0.17729067168417734,63
9->11,l2_l_ti,ti,PART_FRAME,0.1527317237281993,63
9->11,l2_l_ti,ti,CSE_C11,0.2530869436230595,63
9->11,l2_l_ti,ti,CSE_C11_DENSITY,0.22813185169470834,63
9->11,l2_l_ti,ti,CSE_DENSITY_SHUFFLED,0.30945920165561236,63
9->11,l2_l_tr,tr,RANDOM,0.28828283544508587,261
9->11,l2_l_tr,tr,XYZ_RIGID,0.06687240346423341,261
9->11,l2_l_tr,tr,LOCAL_GEO,0.2534032049505141,261
9->11,l2_l_tr,tr,PART_FRAME,0.1247393400129308,261
9->11,l2_l_tr,tr,CSE_C11,0.25648195130465906,261
9->11,l2_l_tr,tr,CSE_C11_DENSITY,0.0732764019118756,261
9->11,l2_l_tr,tr,CSE_DENSITY_SHUFFLED,0.30177100512622224,261
9->11,l2_r_co,co,RANDOM,0.43852342562882574,107
9->11,l2_r_co,co,XYZ_RIGID,0.45151653870294767,107
9->11,l2_r_co,co,LOCAL_GEO,0.4087520798155153,107
9->11,l2_r_co,co,PART_FRAME,0.4898898847341206,107
9->11,l2_r_co,co,CSE_C11,0.46839496229502225,107
9->11,l2_r_co,co,CSE_C11_DENSITY,0.32225352644937794,107
9->11,l2_r_co,co,CSE_DENSITY_SHUFFLED,0.3864547477654341,107
9->11,l2_r_fe,fe,RANDOM,0.34449249150676386,192
9->11,l2_r_fe,fe,XYZ_RIGID,0.0760069295039979,192
9->11,l2_r_fe,fe,LOCAL_GEO,0.36417916347848533,192
9->11,l2_r_fe,fe,PART_FRAME,0.15274609456615953,192
9->11,l2_r_fe,fe,CSE_C11,0.13169903023503884,192
9->11,l2_r_fe,fe,CSE_C11_DENSITY,0.19777751095614596,192
9->11,l2_r_fe,fe,CSE_DENSITY_SHUFFLED,0.3153844970955301,192
9->11,l2_r_ta,ta,RANDOM,0.3998965397469639,39
9->11,l2_r_ta,ta,XYZ_RIGID,0.12033333288206773,39
9->11,l2_r_ta,ta,LOCAL_GEO,0.5876168427286825,39
9->11,l2_r_ta,ta,PART_FRAME,0.18852591037298233,39
9->11,l2_r_ta,ta,CSE_C11,0.478711642477518,39
9->11,l2_r_ta,ta,CSE_C11_DENSITY,0.2951302816756977,39
9->11,l2_r_ta,ta,CSE_DENSITY_SHUFFLED,0.26373437921782683,39
9->11,l2_r_ti,ti,RANDOM,0.26258469342987817,63
9->11,l2_r_ti,ti,XYZ_RIGID,0.08040339033514254,63
9->11,l2_r_ti,ti,LOCAL_GEO,0.19619451145144395,63
9->11,l2_r_ti,ti,PART_FRAME,0.11726797912844286,63
9->11,l2_r_ti,ti,CSE_C11,0.3829625365481274,63
9->11,l2_r_ti,ti,CSE_C11_DENSITY,0.5707598418190069,63
9->11,l2_r_ti,ti,CSE_DENSITY_SHUFFLED,0.3046187413746128,63
9->11,l2_r_tr,tr,RANDOM,0.2989179142658876,261
9->11,l2_r_tr,tr,XYZ_RIGID,0.07479957559060507,261
9->11,l2_r_tr,tr,LOCAL_GEO,0.3053991329763489,261
9->11,l2_r_tr,tr,PART_FRAME,0.10336520183239428,261
9->11,l2_r_tr,tr,CSE_C11,0.13356835466436545,261
9->11,l2_r_tr,tr,CSE_C11_DENSITY,0.10796973475533063,261
9->11,l2_r_tr,tr,CSE_DENSITY_SHUFFLED,0.2757916688290921,261
9->11,l3_l_co,co,RANDOM,0.45665640353531106,153
9->11,l3_l_co,co,XYZ_RIGID,0.3264761845901078,153
9->11,l3_l_co,co,LOCAL_GEO,0.435539698044808,153
9->11,l3_l_co,co,PART_FRAME,0.343626746060555,153
9->11,l3_l_co,co,CSE_C11,0.4652649463373573,153
9->11,l3_l_co,co,CSE_C11_DENSITY,0.2627504616900446,153
9->11,l3_l_co,co,CSE_DENSITY_SHUFFLED,0.4417773744705282,153
9->11,l3_l_fe,fe,RANDOM,0.2788218919013503,260
9->11,l3_l_fe,fe,XYZ_RIGID,0.061636163867786434,260
9->11,l3_l_fe,fe,LOCAL_GEO,0.25667416571061297,260
9->11,l3_l_fe,fe,PART_FRAME,0.08151289568092647,260
9->11,l3_l_fe,fe,CSE_C11,0.6899005005478005,260
9->11,l3_l_fe,fe,CSE_C11_DENSITY,0.06548023517797354,260
9->11,l3_l_fe,fe,CSE_DENSITY_SHUFFLED,0.3042194971402297,260
9->11,l3_l_ta,ta,RANDOM,0.38543003929619507,45
9->11,l3_l_ta,ta,XYZ_RIGID,0.17898819417150647,45
9->11,l3_l_ta,ta,LOCAL_GEO,0.4426993833658023,45
9->11,l3_l_ta,ta,PART_FRAME,0.22384791326579986,45
9->11,l3_l_ta,ta,CSE_C11,0.31198562270601654,45
9->11,l3_l_ta,ta,CSE_C11_DENSITY,0.3983469786313346,45
9->11,l3_l_ta,ta,CSE_DENSITY_SHUFFLED,0.34154064213845386,45
9->11,l3_l_ti,ti,RANDOM,0.3361295158770571,114
9->11,l3_l_ti,ti,XYZ_RIGID,0.09713078498224963,114
9->11,l3_l_ti,ti,LOCAL_GEO,0.25866237665469793,114
9->11,l3_l_ti,ti,PART_FRAME,0.12085815647831699,114
9->11,l3_l_ti,ti,CSE_C11,0.4303445431205021,114
9->11,l3_l_ti,ti,CSE_C11_DENSITY,0.12060758592577966,114
9->11,l3_l_ti,ti,CSE_DENSITY_SHUFFLED,0.30930892579037933,114
9->11,l3_l_tr,tr,RANDOM,0.3682526891523593,344
9->11,l3_l_tr,tr,XYZ_RIGID,0.07140010017262147,344
9->11,l3_l_tr,tr,LOCAL_GEO,0.3566594142270716,344
9->11,l3_l_tr,tr,PART_FRAME,0.07968032420164947,344
9->11,l3_l_tr,tr,CSE_C11,0.11896080821482063,344
9->11,l3_l_tr,tr,CSE_C11_DENSITY,0.09933120333019871,344
9->11,l3_l_tr,tr,CSE_DENSITY_SHUFFLED,0.3523231439774914,344
9->11,l3_r_co,co,RANDOM,0.4346966342504961,153
9->11,l3_r_co,co,XYZ_RIGID,0.170143738399271,153
9->11,l3_r_co,co,LOCAL_GEO,0.3911002377723899,153
9->11,l3_r_co,co,PART_FRAME,0.18328839578675762,153
9->11,l3_r_co,co,CSE_C11,0.2831997371659156,153
9->11,l3_r_co,co,CSE_C11_DENSITY,0.22633480874254183,153
9->11,l3_r_co,co,CSE_DENSITY_SHUFFLED,0.43699958598436167,153
9->11,l3_r_fe,fe,RANDOM,0.2706751349716287,260
9->11,l3_r_fe,fe,XYZ_RIGID,0.07224680057945848,260
9->11,l3_r_fe,fe,LOCAL_GEO,0.3792750931891057,260
9->11,l3_r_fe,fe,PART_FRAME,0.09187244120672086,260
9->11,l3_r_fe,fe,CSE_C11,0.09959635081359977,260
9->11,l3_r_fe,fe,CSE_C11_DENSITY,0.156564823903442,260
9->11,l3_r_fe,fe,CSE_DENSITY_SHUFFLED,0.2941578926154619,260
9->11,l3_r_ta,ta,RANDOM,0.3731564058727267,45
9->11,l3_r_ta,ta,XYZ_RIGID,0.18444582001529833,45
9->11,l3_r_ta,ta,LOCAL_GEO,0.17562366008736133,45
9->11,l3_r_ta,ta,PART_FRAME,0.23112187001749632,45
9->11,l3_r_ta,ta,CSE_C11,0.41884447799759766,45
9->11,l3_r_ta,ta,CSE_C11_DENSITY,0.23673922683107157,45
9->11,l3_r_ta,ta,CSE_DENSITY_SHUFFLED,0.3114675007739307,45
9->11,l3_r_ti,ti,RANDOM,0.32065346525059,114
9->11,l3_r_ti,ti,XYZ_RIGID,0.07777518976753604,114
9->11,l3_r_ti,ti,LOCAL_GEO,0.256778840117219,114
9->11,l3_r_ti,ti,PART_FRAME,0.09162408872624164,114
9->11,l3_r_ti,ti,CSE_C11,0.5569076776604877,114
9->11,l3_r_ti,ti,CSE_C11_DENSITY,0.1804092046797535,114
9->11,l3_r_ti,ti,CSE_DENSITY_SHUFFLED,0.30884100871135695,114
9->11,l3_r_tr,tr,RANDOM,0.3234582291615384,344
9->11,l3_r_tr,tr,XYZ_RIGID,0.07300866947463805,344
9->11,l3_r_tr,tr,LOCAL_GEO,0.3541428046933083,344
9->11,l3_r_tr,tr,PART_FRAME,0.10168771749988148,344
9->11,l3_r_tr,tr,CSE_C11,0.23776447081844704,344
9->11,l3_r_tr,tr,CSE_C11_DENSITY,0.07851050306902976,344
9->11,l3_r_tr,tr,CSE_DENSITY_SHUFFLED,0.3405809120192993,344
8->0,l1_l_co,co,RANDOM,0.3651634894836585,197
8->0,l1_l_co,co,XYZ_RIGID,0.1374489345517165,197
8->0,l1_l_co,co,LOCAL_GEO,0.3737247797593762,197
8->0,l1_l_co,co,PART_FRAME,0.1543830248308296,197
8->0,l1_l_co,co,CSE_C11,0.3560219723138634,197
8->0,l1_l_co,co,CSE_C11_DENSITY,0.35170098625973856,197
8->0,l1_l_co,co,CSE_DENSITY_SHUFFLED,0.3663851142168241,197
8->0,l1_l_fe,fe,RANDOM,0.38050721927666514,153
8->0,l1_l_fe,fe,XYZ_RIGID,0.07103547024880297,153
8->0,l1_l_fe,fe,LOCAL_GEO,0.20809636661182362,153
8->0,l1_l_fe,fe,PART_FRAME,0.10389551827504623,153
8->0,l1_l_fe,fe,CSE_C11,0.2715223521859226,153
8->0,l1_l_fe,fe,CSE_C11_DENSITY,0.13606118940703385,153
8->0,l1_l_fe,fe,CSE_DENSITY_SHUFFLED,0.39450377803001513,153
8->0,l1_l_ta,ta,RANDOM,0.374584079222925,38
8->0,l1_l_ta,ta,XYZ_RIGID,0.21649830280500187,38
8->0,l1_l_ta,ta,LOCAL_GEO,0.5501287371137131,38
8->0,l1_l_ta,ta,PART_FRAME,0.20741607309053928,38
8->0,l1_l_ta,ta,CSE_C11,0.42644314634561037,38
8->0,l1_l_ta,ta,CSE_C11_DENSITY,0.26353574772493216,38
8->0,l1_l_ta,ta,CSE_DENSITY_SHUFFLED,0.3970174006918984,38
8->0,l1_l_ti,ti,RANDOM,0.33532158001786005,82
8->0,l1_l_ti,ti,XYZ_RIGID,0.08742554651507596,82
8->0,l1_l_ti,ti,LOCAL_GEO,0.26726974682658977,82
8->0,l1_l_ti,ti,PART_FRAME,0.11772764697001749,82
8->0,l1_l_ti,ti,CSE_C11,0.4313893966264132,82
8->0,l1_l_ti,ti,CSE_C11_DENSITY,0.14581653772135844,82
8->0,l1_l_ti,ti,CSE_DENSITY_SHUFFLED,0.2744301924872612,82
8->0,l1_l_tr,tr,RANDOM,0.3403290531013892,275
8->0,l1_l_tr,tr,XYZ_RIGID,0.04812190546753186,275
8->0,l1_l_tr,tr,LOCAL_GEO,0.28867081696104196,275
8->0,l1_l_tr,tr,PART_FRAME,0.07466274789663728,275
8->0,l1_l_tr,tr,CSE_C11,0.1742866002037732,275
8->0,l1_l_tr,tr,CSE_C11_DENSITY,0.09784099764055709,275
8->0,l1_l_tr,tr,CSE_DENSITY_SHUFFLED,0.3573134783426332,275
8->0,l1_r_co,co,RANDOM,0.44544296904992187,200
8->0,l1_r_co,co,XYZ_RIGID,0.31257636607983563,200
8->0,l1_r_co,co,LOCAL_GEO,0.3833332737131844,200
8->0,l1_r_co,co,PART_FRAME,0.3518892568072525,200
8->0,l1_r_co,co,CSE_C11,0.2996802468925064,200
8->0,l1_r_co,co,CSE_C11_DENSITY,0.22318007715666316,200
8->0,l1_r_co,co,CSE_DENSITY_SHUFFLED,0.4053710089344662,200
8->0,l1_r_fe,fe,RANDOM,0.3660881076808928,153
8->0,l1_r_fe,fe,XYZ_RIGID,0.07477801897377938,153
8->0,l1_r_fe,fe,LOCAL_GEO,0.30093644577874584,153
8->0,l1_r_fe,fe,PART_FRAME,0.1093724066906812,153
8->0,l1_r_fe,fe,CSE_C11,0.2621025379357561,153
8->0,l1_r_fe,fe,CSE_C11_DENSITY,0.17557749400161266,153
8->0,l1_r_fe,fe,CSE_DENSITY_SHUFFLED,0.3266960329275368,153
8->0,l1_r_ta,ta,RANDOM,0.44535877580239835,38
8->0,l1_r_ta,ta,XYZ_RIGID,0.27652785239536526,38
8->0,l1_r_ta,ta,LOCAL_GEO,0.45812305572510026,38
8->0,l1_r_ta,ta,PART_FRAME,0.27301835923474665,38
8->0,l1_r_ta,ta,CSE_C11,0.616115098374736,38
8->0,l1_r_ta,ta,CSE_C11_DENSITY,0.3472846776216618,38
8->0,l1_r_ta,ta,CSE_DENSITY_SHUFFLED,0.4113365390717088,38
8->0,l1_r_ti,ti,RANDOM,0.31467347654660915,82
8->0,l1_r_ti,ti,XYZ_RIGID,0.11374400331496792,82
8->0,l1_r_ti,ti,LOCAL_GEO,0.3336242473601885,82
8->0,l1_r_ti,ti,PART_FRAME,0.13700788521821017,82
8->0,l1_r_ti,ti,CSE_C11,0.41305459649546944,82
8->0,l1_r_ti,ti,CSE_C11_DENSITY,0.4316888933920965,82
8->0,l1_r_ti,ti,CSE_DENSITY_SHUFFLED,0.33319408776659554,82
8->0,l1_r_tr,tr,RANDOM,0.3291841517938988,275
8->0,l1_r_tr,tr,XYZ_RIGID,0.052796591126633985,275
8->0,l1_r_tr,tr,LOCAL_GEO,0.3345790225899071,275
8->0,l1_r_tr,tr,PART_FRAME,0.0952154113422695,275
8->0,l1_r_tr,tr,CSE_C11,0.42023332938851005,275
8->0,l1_r_tr,tr,CSE_C11_DENSITY,0.0730746717665247,275
8->0,l1_r_tr,tr,CSE_DENSITY_SHUFFLED,0.35075565527694735,275
8->0,l2_l_co,co,RANDOM,0.31994270918547135,107
8->0,l2_l_co,co,XYZ_RIGID,0.2517785942966059,107
8->0,l2_l_co,co,LOCAL_GEO,0.3272365004145555,107
8->0,l2_l_co,co,PART_FRAME,0.26236507760997135,107
8->0,l2_l_co,co,CSE_C11,0.5670609912711965,107
8->0,l2_l_co,co,CSE_C11_DENSITY,0.24844546103110116,107
8->0,l2_l_co,co,CSE_DENSITY_SHUFFLED,0.3364998885931526,107
8->0,l2_l_fe,fe,RANDOM,0.3544993920190783,192
8->0,l2_l_fe,fe,XYZ_RIGID,0.10447491078663984,192
8->0,l2_l_fe,fe,LOCAL_GEO,0.4549067724423529,192
8->0,l2_l_fe,fe,PART_FRAME,0.10051880191353707,192
8->0,l2_l_fe,fe,CSE_C11,0.31764298795375445,192
8->0,l2_l_fe,fe,CSE_C11_DENSITY,0.11910666165284382,192
8->0,l2_l_fe,fe,CSE_DENSITY_SHUFFLED,0.3836019888772696,192
8->0,l2_l_ta,ta,RANDOM,0.34049749499608023,39
8->0,l2_l_ta,ta,XYZ_RIGID,0.17988906520665357,39
8->0,l2_l_ta,ta,LOCAL_GEO,0.3347528591174816,39
8->0,l2_l_ta,ta,PART_FRAME,0.2276462515842988,39
8->0,l2_l_ta,ta,CSE_C11,0.24441318513842855,39
8->0,l2_l_ta,ta,CSE_C11_DENSITY,0.19802439271733277,39
8->0,l2_l_ta,ta,CSE_DENSITY_SHUFFLED,0.333733991271051,39
8->0,l2_l_ti,ti,RANDOM,0.27778506253171903,63
8->0,l2_l_ti,ti,XYZ_RIGID,0.09493575090348742,63
8->0,l2_l_ti,ti,LOCAL_GEO,0.3453746299029925,63
8->0,l2_l_ti,ti,PART_FRAME,0.13397270935747307,63
8->0,l2_l_ti,ti,CSE_C11,0.3539061544777811,63
8->0,l2_l_ti,ti,CSE_C11_DENSITY,0.4579961531171974,63
8->0,l2_l_ti,ti,CSE_DENSITY_SHUFFLED,0.3197371568950331,63
8->0,l2_l_tr,tr,RANDOM,0.32775289460964085,261
8->0,l2_l_tr,tr,XYZ_RIGID,0.046139235320743266,261
8->0,l2_l_tr,tr,LOCAL_GEO,0.23969461316397334,261
8->0,l2_l_tr,tr,PART_FRAME,0.10756483490909104,261
8->0,l2_l_tr,tr,CSE_C11,0.32290415628136926,261
8->0,l2_l_tr,tr,CSE_C11_DENSITY,0.12991127661110974,261
8->0,l2_l_tr,tr,CSE_DENSITY_SHUFFLED,0.3175442972946348,261
8->0,l2_r_co,co,RANDOM,0.2910789018592555,107
8->0,l2_r_co,co,XYZ_RIGID,0.3237812506279758,107
8->0,l2_r_co,co,LOCAL_GEO,0.27746535470802397,107
8->0,l2_r_co,co,PART_FRAME,0.5062782342836925,107
8->0,l2_r_co,co,CSE_C11,0.2531740951721155,107
8->0,l2_r_co,co,CSE_C11_DENSITY,0.27321940524501764,107
8->0,l2_r_co,co,CSE_DENSITY_SHUFFLED,0.32493453326279326,107
8->0,l2_r_fe,fe,RANDOM,0.40410653427799736,192
8->0,l2_r_fe,fe,XYZ_RIGID,0.1078918497437455,192
8->0,l2_r_fe,fe,LOCAL_GEO,0.5656652980517147,192
8->0,l2_r_fe,fe,PART_FRAME,0.08890498687144482,192
8->0,l2_r_fe,fe,CSE_C11,0.30177823447689195,192
8->0,l2_r_fe,fe,CSE_C11_DENSITY,0.10432613139908625,192
8->0,l2_r_fe,fe,CSE_DENSITY_SHUFFLED,0.3684902126980524,192
8->0,l2_r_ta,ta,RANDOM,0.398267119363842,39
8->0,l2_r_ta,ta,XYZ_RIGID,0.18672631356195618,39
8->0,l2_r_ta,ta,LOCAL_GEO,0.17319591134307516,39
8->0,l2_r_ta,ta,PART_FRAME,0.23425589966077745,39
8->0,l2_r_ta,ta,CSE_C11,0.34729669351092934,39
8->0,l2_r_ta,ta,CSE_C11_DENSITY,0.21802549223186124,39
8->0,l2_r_ta,ta,CSE_DENSITY_SHUFFLED,0.3331481310000492,39
8->0,l2_r_ti,ti,RANDOM,0.32153640872355593,63
8->0,l2_r_ti,ti,XYZ_RIGID,0.07016972896633315,63
8->0,l2_r_ti,ti,LOCAL_GEO,0.23095307393141196,63
8->0,l2_r_ti,ti,PART_FRAME,0.09859676169117705,63
8->0,l2_r_ti,ti,CSE_C11,0.6159480197584432,63
8->0,l2_r_ti,ti,CSE_C11_DENSITY,0.13185594216945656,63
8->0,l2_r_ti,ti,CSE_DENSITY_SHUFFLED,0.3224462254927575,63
8->0,l2_r_tr,tr,RANDOM,0.2978882521660496,261
8->0,l2_r_tr,tr,XYZ_RIGID,0.059161444093799795,261
8->0,l2_r_tr,tr,LOCAL_GEO,0.19367964608153568,261
8->0,l2_r_tr,tr,PART_FRAME,0.1223745809451891,261
8->0,l2_r_tr,tr,CSE_C11,0.4356102924181841,261
8->0,l2_r_tr,tr,CSE_C11_DENSITY,0.07300886875482503,261
8->0,l2_r_tr,tr,CSE_DENSITY_SHUFFLED,0.31457941741703754,261
8->0,l3_l_co,co,RANDOM,0.5016233590305716,153
8->0,l3_l_co,co,XYZ_RIGID,0.20793011390331956,153
8->0,l3_l_co,co,LOCAL_GEO,0.5020242817995103,153
8->0,l3_l_co,co,PART_FRAME,0.20589821695728588,153
8->0,l3_l_co,co,CSE_C11,0.6651213789646143,153
8->0,l3_l_co,co,CSE_C11_DENSITY,0.33140618373125935,153
8->0,l3_l_co,co,CSE_DENSITY_SHUFFLED,0.5335969132308006,153
8->0,l3_l_fe,fe,RANDOM,0.3467654965273748,260
8->0,l3_l_fe,fe,XYZ_RIGID,0.07543746265248022,260
8->0,l3_l_fe,fe,LOCAL_GEO,0.3551425223616023,260
8->0,l3_l_fe,fe,PART_FRAME,0.0718070955435098,260
8->0,l3_l_fe,fe,CSE_C11,0.2674116777637806,260
8->0,l3_l_fe,fe,CSE_C11_DENSITY,0.07882383640406243,260
8->0,l3_l_fe,fe,CSE_DENSITY_SHUFFLED,0.322906581153252,260
8->0,l3_l_ta,ta,RANDOM,0.47560044361273324,45
8->0,l3_l_ta,ta,XYZ_RIGID,0.15137135170792845,45
8->0,l3_l_ta,ta,LOCAL_GEO,0.6077709371141843,45
8->0,l3_l_ta,ta,PART_FRAME,0.19420070700242978,45
8->0,l3_l_ta,ta,CSE_C11,0.7232278242272941,45
8->0,l3_l_ta,ta,CSE_C11_DENSITY,0.2778535944488981,45
8->0,l3_l_ta,ta,CSE_DENSITY_SHUFFLED,0.3149601051540094,45
8->0,l3_l_ti,ti,RANDOM,0.3645022739764776,114
8->0,l3_l_ti,ti,XYZ_RIGID,0.07369282621291837,114
8->0,l3_l_ti,ti,LOCAL_GEO,0.6987759573302466,114
8->0,l3_l_ti,ti,PART_FRAME,0.12593454478813468,114
8->0,l3_l_ti,ti,CSE_C11,0.7713632633319922,114
8->0,l3_l_ti,ti,CSE_C11_DENSITY,0.12854070775010704,114
8->0,l3_l_ti,ti,CSE_DENSITY_SHUFFLED,0.2995017093929889,114
8->0,l3_l_tr,tr,RANDOM,0.3143651525422677,344
8->0,l3_l_tr,tr,XYZ_RIGID,0.08556161886689617,344
8->0,l3_l_tr,tr,LOCAL_GEO,0.3470230521219442,344
8->0,l3_l_tr,tr,PART_FRAME,0.14347458881318023,344
8->0,l3_l_tr,tr,CSE_C11,0.1543105195620617,344
8->0,l3_l_tr,tr,CSE_C11_DENSITY,0.07733284859989276,344
8->0,l3_l_tr,tr,CSE_DENSITY_SHUFFLED,0.3044232396902627,344
8->0,l3_r_co,co,RANDOM,0.502358777171824,153
8->0,l3_r_co,co,XYZ_RIGID,0.23306391658333192,153
8->0,l3_r_co,co,LOCAL_GEO,0.45616368541385655,153
8->0,l3_r_co,co,PART_FRAME,0.2471258968316584,153
8->0,l3_r_co,co,CSE_C11,0.4041529538605442,153
8->0,l3_r_co,co,CSE_C11_DENSITY,0.3479796812516053,153
8->0,l3_r_co,co,CSE_DENSITY_SHUFFLED,0.5279388126620231,153
8->0,l3_r_fe,fe,RANDOM,0.309120708144151,260
8->0,l3_r_fe,fe,XYZ_RIGID,0.0832304928038978,260
8->0,l3_r_fe,fe,LOCAL_GEO,0.3920493493209133,260
8->0,l3_r_fe,fe,PART_FRAME,0.08549636150062853,260
8->0,l3_r_fe,fe,CSE_C11,0.1337951615471256,260
8->0,l3_r_fe,fe,CSE_C11_DENSITY,0.09363488679253246,260
8->0,l3_r_fe,fe,CSE_DENSITY_SHUFFLED,0.3146844119584453,260
8->0,l3_r_ta,ta,RANDOM,0.30515346303535634,45
8->0,l3_r_ta,ta,XYZ_RIGID,0.14122945830664896,45
8->0,l3_r_ta,ta,LOCAL_GEO,0.6073492739873454,45
8->0,l3_r_ta,ta,PART_FRAME,0.21048721259295772,45
8->0,l3_r_ta,ta,CSE_C11,0.4239359247183476,45
8->0,l3_r_ta,ta,CSE_C11_DENSITY,0.1692868382136328,45
8->0,l3_r_ta,ta,CSE_DENSITY_SHUFFLED,0.29791181735373157,45
8->0,l3_r_ti,ti,RANDOM,0.29138566937744903,114
8->0,l3_r_ti,ti,XYZ_RIGID,0.069688886719274,114
8->0,l3_r_ti,ti,LOCAL_GEO,0.40812970830415457,114
8->0,l3_r_ti,ti,PART_FRAME,0.1512998810303352,114
8->0,l3_r_ti,ti,CSE_C11,0.5242929051817191,114
8->0,l3_r_ti,ti,CSE_C11_DENSITY,0.11537012565364438,114
8->0,l3_r_ti,ti,CSE_DENSITY_SHUFFLED,0.3129597125688518,114
8->0,l3_r_tr,tr,RANDOM,0.34025771119532133,344
8->0,l3_r_tr,tr,XYZ_RIGID,0.08958134469620985,344
8->0,l3_r_tr,tr,LOCAL_GEO,0.3883125332029001,344
8->0,l3_r_tr,tr,PART_FRAME,0.15791094400377798,344
8->0,l3_r_tr,tr,CSE_C11,0.2539012809158081,344
8->0,l3_r_tr,tr,CSE_C11_DENSITY,0.1209888459631603,344
8->0,l3_r_tr,tr,CSE_DENSITY_SHUFFLED,0.3187084650897881,344
7->11,l1_l_co,co,RANDOM,0.3906181109334601,197
7->11,l1_l_co,co,XYZ_RIGID,0.29627393624834764,197
7->11,l1_l_co,co,LOCAL_GEO,0.4562303189671965,197
7->11,l1_l_co,co,PART_FRAME,0.2614285470719996,197
7->11,l1_l_co,co,CSE_C11,0.3693102108378861,197
7->11,l1_l_co,co,CSE_C11_DENSITY,0.19624929199029575,197
7->11,l1_l_co,co,CSE_DENSITY_SHUFFLED,0.44647818544587453,197
7->11,l1_l_fe,fe,RANDOM,0.2861928545235762,153
7->11,l1_l_fe,fe,XYZ_RIGID,0.05544835344544732,153
7->11,l1_l_fe,fe,LOCAL_GEO,0.4105318128785686,153
7->11,l1_l_fe,fe,PART_FRAME,0.08183118884228983,153
7->11,l1_l_fe,fe,CSE_C11,0.47762322594709294,153
7->11,l1_l_fe,fe,CSE_C11_DENSITY,0.11438240401666536,153
7->11,l1_l_fe,fe,CSE_DENSITY_SHUFFLED,0.36906930932824333,153
7->11,l1_l_ta,ta,RANDOM,0.3106984789544715,38
7->11,l1_l_ta,ta,XYZ_RIGID,0.09307169818174948,38
7->11,l1_l_ta,ta,LOCAL_GEO,0.15667529682515813,38
7->11,l1_l_ta,ta,PART_FRAME,0.14030036615885755,38
7->11,l1_l_ta,ta,CSE_C11,0.5067958637750701,38
7->11,l1_l_ta,ta,CSE_C11_DENSITY,0.20389877616102242,38
7->11,l1_l_ta,ta,CSE_DENSITY_SHUFFLED,0.3239919212306488,38
7->11,l1_l_ti,ti,RANDOM,0.33809815013623473,82
7->11,l1_l_ti,ti,XYZ_RIGID,0.14765222834337177,82
7->11,l1_l_ti,ti,LOCAL_GEO,0.2874080729441053,82
7->11,l1_l_ti,ti,PART_FRAME,0.138699790399048,82
7->11,l1_l_ti,ti,CSE_C11,0.4602414412593283,82
7->11,l1_l_ti,ti,CSE_C11_DENSITY,0.30587278831402664,82
7->11,l1_l_ti,ti,CSE_DENSITY_SHUFFLED,0.33597231747010814,82
7->11,l1_l_tr,tr,RANDOM,0.377347233876798,275
7->11,l1_l_tr,tr,XYZ_RIGID,0.045938360364239726,275
7->11,l1_l_tr,tr,LOCAL_GEO,0.29922599079413964,275
7->11,l1_l_tr,tr,PART_FRAME,0.06477465629428612,275
7->11,l1_l_tr,tr,CSE_C11,0.2946906520022277,275
7->11,l1_l_tr,tr,CSE_C11_DENSITY,0.09888492013845684,275
7->11,l1_l_tr,tr,CSE_DENSITY_SHUFFLED,0.31619953718706045,275
7->11,l1_r_co,co,RANDOM,0.41661825644879397,200
7->11,l1_r_co,co,XYZ_RIGID,0.25728202889231894,200
7->11,l1_r_co,co,LOCAL_GEO,0.40286887679620803,200
7->11,l1_r_co,co,PART_FRAME,0.21873230421700218,200
7->11,l1_r_co,co,CSE_C11,0.4250571609544849,200
7->11,l1_r_co,co,CSE_C11_DENSITY,0.26614372609035897,200
7->11,l1_r_co,co,CSE_DENSITY_SHUFFLED,0.47400234451458834,200
7->11,l1_r_fe,fe,RANDOM,0.39602454449856606,153
7->11,l1_r_fe,fe,XYZ_RIGID,0.07856926267895592,153
7->11,l1_r_fe,fe,LOCAL_GEO,0.4817543044683963,153
7->11,l1_r_fe,fe,PART_FRAME,0.10085931864678738,153
7->11,l1_r_fe,fe,CSE_C11,0.5123289777393576,153
7->11,l1_r_fe,fe,CSE_C11_DENSITY,0.18744074450899761,153
7->11,l1_r_fe,fe,CSE_DENSITY_SHUFFLED,0.38305182696729795,153
7->11,l1_r_ta,ta,RANDOM,0.3342076664385769,38
7->11,l1_r_ta,ta,XYZ_RIGID,0.14925350031014667,38
7->11,l1_r_ta,ta,LOCAL_GEO,0.2133625464184461,38
7->11,l1_r_ta,ta,PART_FRAME,0.21747391920015097,38
7->11,l1_r_ta,ta,CSE_C11,0.5121897134585223,38
7->11,l1_r_ta,ta,CSE_C11_DENSITY,0.22152994534833317,38
7->11,l1_r_ta,ta,CSE_DENSITY_SHUFFLED,0.3210884625139711,38
7->11,l1_r_ti,ti,RANDOM,0.27298375402995273,82
7->11,l1_r_ti,ti,XYZ_RIGID,0.11481778146610028,82
7->11,l1_r_ti,ti,LOCAL_GEO,0.19382213894489358,82
7->11,l1_r_ti,ti,PART_FRAME,0.14183738099450302,82
7->11,l1_r_ti,ti,CSE_C11,0.5015956684915661,82
7->11,l1_r_ti,ti,CSE_C11_DENSITY,0.18960445469232157,82
7->11,l1_r_ti,ti,CSE_DENSITY_SHUFFLED,0.29532464138314596,82
7->11,l1_r_tr,tr,RANDOM,0.34446552674497355,275
7->11,l1_r_tr,tr,XYZ_RIGID,0.05505788565137506,275
7->11,l1_r_tr,tr,LOCAL_GEO,0.5038548591579428,275
7->11,l1_r_tr,tr,PART_FRAME,0.07388060681101058,275
7->11,l1_r_tr,tr,CSE_C11,0.5248117093709116,275
7->11,l1_r_tr,tr,CSE_C11_DENSITY,0.13620535136583015,275
7->11,l1_r_tr,tr,CSE_DENSITY_SHUFFLED,0.3707809702293534,275
7->11,l2_l_co,co,RANDOM,0.4226317245978142,107
7->11,l2_l_co,co,XYZ_RIGID,0.27865904079300186,107
7->11,l2_l_co,co,LOCAL_GEO,0.4269136219123631,107
7->11,l2_l_co,co,PART_FRAME,0.3004281921749691,107
7->11,l2_l_co,co,CSE_C11,0.36788135923010434,107
7->11,l2_l_co,co,CSE_C11_DENSITY,0.3724653087793993,107
7->11,l2_l_co,co,CSE_DENSITY_SHUFFLED,0.4613250357234588,107
7->11,l2_l_fe,fe,RANDOM,0.38288630777776334,192
7->11,l2_l_fe,fe,XYZ_RIGID,0.15883392091697193,192
7->11,l2_l_fe,fe,LOCAL_GEO,0.3504531425100736,192
7->11,l2_l_fe,fe,PART_FRAME,0.16754849212455575,192
7->11,l2_l_fe,fe,CSE_C11,0.5117744960611423,192
7->11,l2_l_fe,fe,CSE_C11_DENSITY,0.09700255708132405,192
7->11,l2_l_fe,fe,CSE_DENSITY_SHUFFLED,0.3776822864895968,192
7->11,l2_l_ta,ta,RANDOM,0.30330358862395074,39
7->11,l2_l_ta,ta,XYZ_RIGID,0.13238519011394706,39
7->11,l2_l_ta,ta,LOCAL_GEO,0.18575595549641527,39
7->11,l2_l_ta,ta,PART_FRAME,0.17229585789741983,39
7->11,l2_l_ta,ta,CSE_C11,0.6113957457896342,39
7->11,l2_l_ta,ta,CSE_C11_DENSITY,0.5147775348578101,39
7->11,l2_l_ta,ta,CSE_DENSITY_SHUFFLED,0.36724597314622504,39
7->11,l2_l_ti,ti,RANDOM,0.302834291706353,63
7->11,l2_l_ti,ti,XYZ_RIGID,0.1083046792429117,63
7->11,l2_l_ti,ti,LOCAL_GEO,0.4725132801477709,63
7->11,l2_l_ti,ti,PART_FRAME,0.21079483870109228,63
7->11,l2_l_ti,ti,CSE_C11,0.4953207930393108,63
7->11,l2_l_ti,ti,CSE_C11_DENSITY,0.22813185169470834,63
7->11,l2_l_ti,ti,CSE_DENSITY_SHUFFLED,0.2582733627625741,63
7->11,l2_l_tr,tr,RANDOM,0.319622762081059,261
7->11,l2_l_tr,tr,XYZ_RIGID,0.07865570923884375,261
7->11,l2_l_tr,tr,LOCAL_GEO,0.28205345435808327,261
7->11,l2_l_tr,tr,PART_FRAME,0.10496271468092142,261
7->11,l2_l_tr,tr,CSE_C11,0.23534583204762033,261
7->11,l2_l_tr,tr,CSE_C11_DENSITY,0.103943402030685,261
7->11,l2_l_tr,tr,CSE_DENSITY_SHUFFLED,0.2556152010802308,261
7->11,l2_r_co,co,RANDOM,0.4195644364939717,107
7->11,l2_r_co,co,XYZ_RIGID,0.27958076999616777,107
7->11,l2_r_co,co,LOCAL_GEO,0.4023731248402258,107
7->11,l2_r_co,co,PART_FRAME,0.3421914851143734,107
7->11,l2_r_co,co,CSE_C11,0.5383097801528324,107
7->11,l2_r_co,co,CSE_C11_DENSITY,0.23576790928851069,107
7->11,l2_r_co,co,CSE_DENSITY_SHUFFLED,0.40372082569162193,107
7->11,l2_r_fe,fe,RANDOM,0.30857847265490906,192
7->11,l2_r_fe,fe,XYZ_RIGID,0.1645874452379498,192
7->11,l2_r_fe,fe,LOCAL_GEO,0.25170362470718377,192
7->11,l2_r_fe,fe,PART_FRAME,0.212808058230339,192
7->11,l2_r_fe,fe,CSE_C11,0.4353331883391116,192
7->11,l2_r_fe,fe,CSE_C11_DENSITY,0.13259413083061022,192
7->11,l2_r_fe,fe,CSE_DENSITY_SHUFFLED,0.32837510510483303,192
7->11,l2_r_ta,ta,RANDOM,0.36163652071357455,39
7->11,l2_r_ta,ta,XYZ_RIGID,0.13981562270572326,39
7->11,l2_r_ta,ta,LOCAL_GEO,0.2146748210385904,39
7->11,l2_r_ta,ta,PART_FRAME,0.1850294345057254,39
7->11,l2_r_ta,ta,CSE_C11,0.28567187508229097,39
7->11,l2_r_ta,ta,CSE_C11_DENSITY,0.4941882718473926,39
7->11,l2_r_ta,ta,CSE_DENSITY_SHUFFLED,0.32331294203329985,39
7->11,l2_r_ti,ti,RANDOM,0.3043736863956221,63
7->11,l2_r_ti,ti,XYZ_RIGID,0.09512755017570546,63
7->11,l2_r_ti,ti,LOCAL_GEO,0.5445235302106504,63
7->11,l2_r_ti,ti,PART_FRAME,0.17420673673833229,63
7->11,l2_r_ti,ti,CSE_C11,0.38389997631748995,63
7->11,l2_r_ti,ti,CSE_C11_DENSITY,0.16029684097091637,63
7->11,l2_r_ti,ti,CSE_DENSITY_SHUFFLED,0.3077457624936271,63
7->11,l2_r_tr,tr,RANDOM,0.27865702393781167,261
7->11,l2_r_tr,tr,XYZ_RIGID,0.08734032329341308,261
7->11,l2_r_tr,tr,LOCAL_GEO,0.2758883682967497,261
7->11,l2_r_tr,tr,PART_FRAME,0.12159033273131745,261
7->11,l2_r_tr,tr,CSE_C11,0.1996387509556294,261
7->11,l2_r_tr,tr,CSE_C11_DENSITY,0.09243437771522421,261
7->11,l2_r_tr,tr,CSE_DENSITY_SHUFFLED,0.2964226530204096,261
7->11,l3_l_co,co,RANDOM,0.41871731008418633,153
7->11,l3_l_co,co,XYZ_RIGID,0.3524264617913071,153
7->11,l3_l_co,co,LOCAL_GEO,0.40750392025091586,153
7->11,l3_l_co,co,PART_FRAME,0.3958273912702662,153
7->11,l3_l_co,co,CSE_C11,0.4639126911028998,153
7->11,l3_l_co,co,CSE_C11_DENSITY,0.32135554942093936,153
7->11,l3_l_co,co,CSE_DENSITY_SHUFFLED,0.49794459670707475,153
7->11,l3_l_fe,fe,RANDOM,0.24763007443648988,260
7->11,l3_l_fe,fe,XYZ_RIGID,0.08223934623120316,260
7->11,l3_l_fe,fe,LOCAL_GEO,0.38915322407372066,260
7->11,l3_l_fe,fe,PART_FRAME,0.10258414514143495,260
7->11,l3_l_fe,fe,CSE_C11,0.6899005005478005,260
7->11,l3_l_fe,fe,CSE_C11_DENSITY,0.10449721741207696,260
7->11,l3_l_fe,fe,CSE_DENSITY_SHUFFLED,0.3034936477548509,260
7->11,l3_l_ta,ta,RANDOM,0.35521628018600715,45
7->11,l3_l_ta,ta,XYZ_RIGID,0.22691169107233777,45
7->11,l3_l_ta,ta,LOCAL_GEO,0.42292812853588113,45
7->11,l3_l_ta,ta,PART_FRAME,0.235112806894748,45
7->11,l3_l_ta,ta,CSE_C11,0.4866288768369244,45
7->11,l3_l_ta,ta,CSE_C11_DENSITY,0.21310431214166656,45
7->11,l3_l_ta,ta,CSE_DENSITY_SHUFFLED,0.37844735779655375,45
7->11,l3_l_ti,ti,RANDOM,0.29675374751414574,114
7->11,l3_l_ti,ti,XYZ_RIGID,0.11282664565700398,114
7->11,l3_l_ti,ti,LOCAL_GEO,0.3968030603235887,114
7->11,l3_l_ti,ti,PART_FRAME,0.1486495225783872,114
7->11,l3_l_ti,ti,CSE_C11,0.46350892577037417,114
7->11,l3_l_ti,ti,CSE_C11_DENSITY,0.13358369594856756,114
7->11,l3_l_ti,ti,CSE_DENSITY_SHUFFLED,0.27668720671934316,114
7->11,l3_l_tr,tr,RANDOM,0.3167282945333771,344
7->11,l3_l_tr,tr,XYZ_RIGID,0.0662286794069224,344
7->11,l3_l_tr,tr,LOCAL_GEO,0.35311756456050847,344
7->11,l3_l_tr,tr,PART_FRAME,0.09985132599015628,344
7->11,l3_l_tr,tr,CSE_C11,0.13803266439515088,344
7->11,l3_l_tr,tr,CSE_C11_DENSITY,0.09490044787451107,344
7->11,l3_l_tr,tr,CSE_DENSITY_SHUFFLED,0.3406228758288333,344
7->11,l3_r_co,co,RANDOM,0.40520596644051343,153
7->11,l3_r_co,co,XYZ_RIGID,0.4207426239755351,153
7->11,l3_r_co,co,LOCAL_GEO,0.40718507346728067,153
7->11,l3_r_co,co,PART_FRAME,0.435574846370069,153
7->11,l3_r_co,co,CSE_C11,0.3667132902985394,153
7->11,l3_r_co,co,CSE_C11_DENSITY,0.3571406626934737,153
7->11,l3_r_co,co,CSE_DENSITY_SHUFFLED,0.43094110470010316,153
7->11,l3_r_fe,fe,RANDOM,0.24368810481954273,260
7->11,l3_r_fe,fe,XYZ_RIGID,0.08667069449635918,260
7->11,l3_r_fe,fe,LOCAL_GEO,0.26767816018818746,260
7->11,l3_r_fe,fe,PART_FRAME,0.11272881779919758,260
7->11,l3_r_fe,fe,CSE_C11,0.11896732557053519,260
7->11,l3_r_fe,fe,CSE_C11_DENSITY,0.26110700478483306,260
7->11,l3_r_fe,fe,CSE_DENSITY_SHUFFLED,0.34487602710405757,260
7->11,l3_r_ta,ta,RANDOM,0.39478652956101257,45
7->11,l3_r_ta,ta,XYZ_RIGID,0.22589988702646976,45
7->11,l3_r_ta,ta,LOCAL_GEO,0.45151130806684825,45
7->11,l3_r_ta,ta,PART_FRAME,0.27485381936982933,45
7->11,l3_r_ta,ta,CSE_C11,0.41884447799759766,45
7->11,l3_r_ta,ta,CSE_C11_DENSITY,0.2973594249185786,45
7->11,l3_r_ta,ta,CSE_DENSITY_SHUFFLED,0.39189115920688516,45
7->11,l3_r_ti,ti,RANDOM,0.25102273488396454,114
7->11,l3_r_ti,ti,XYZ_RIGID,0.1256329901165922,114
7->11,l3_r_ti,ti,LOCAL_GEO,0.42952769474493857,114
7->11,l3_r_ti,ti,PART_FRAME,0.13413859251061777,114
7->11,l3_r_ti,ti,CSE_C11,0.5734890870575431,114
7->11,l3_r_ti,ti,CSE_C11_DENSITY,0.2038150561323898,114
7->11,l3_r_ti,ti,CSE_DENSITY_SHUFFLED,0.27151039770727137,114
7->11,l3_r_tr,tr,RANDOM,0.3420898528265648,344
7->11,l3_r_tr,tr,XYZ_RIGID,0.06758811295965172,344
7->11,l3_r_tr,tr,LOCAL_GEO,0.3322954575654298,344
7->11,l3_r_tr,tr,PART_FRAME,0.09698756287227232,344
7->11,l3_r_tr,tr,CSE_C11,0.13671328649715037,344
7->11,l3_r_tr,tr,CSE_C11_DENSITY,0.08541920115548007,344
7->11,l3_r_tr,tr,CSE_DENSITY_SHUFFLED,0.3664235797091236,344
7->10,l1_l_co,co,RANDOM,0.40559028164420974,197
7->10,l1_l_co,co,XYZ_RIGID,0.3160510236023014,197
7->10,l1_l_co,co,LOCAL_GEO,0.4004769513591679,197
7->10,l1_l_co,co,PART_FRAME,0.31874966466817467,197
7->10,l1_l_co,co,CSE_C11,0.3944866935504035,197
7->10,l1_l_co,co,CSE_C11_DENSITY,0.2304622152964931,197
7->10,l1_l_co,co,CSE_DENSITY_SHUFFLED,0.3770118795357225,197
7->10,l1_l_fe,fe,RANDOM,0.364311119566413,153
7->10,l1_l_fe,fe,XYZ_RIGID,0.089353332214227,153
7->10,l1_l_fe,fe,LOCAL_GEO,0.4270936542981399,153
7->10,l1_l_fe,fe,PART_FRAME,0.14652531136232566,153
7->10,l1_l_fe,fe,CSE_C11,0.24514426664432412,153
7->10,l1_l_fe,fe,CSE_C11_DENSITY,0.13413341334058101,153
7->10,l1_l_fe,fe,CSE_DENSITY_SHUFFLED,0.37627914144613606,153
7->10,l1_l_ta,ta,RANDOM,0.2422995625445059,38
7->10,l1_l_ta,ta,XYZ_RIGID,0.27456036213871904,38
7->10,l1_l_ta,ta,LOCAL_GEO,0.28189356882595906,38
7->10,l1_l_ta,ta,PART_FRAME,0.20488260129794927,38
7->10,l1_l_ta,ta,CSE_C11,0.7489576953749109,38
7->10,l1_l_ta,ta,CSE_C11_DENSITY,0.3322455660905152,38
7->10,l1_l_ta,ta,CSE_DENSITY_SHUFFLED,0.3003158795755019,38
7->10,l1_l_ti,ti,RANDOM,0.36739643971130115,82
7->10,l1_l_ti,ti,XYZ_RIGID,0.08409688786699629,82
7->10,l1_l_ti,ti,LOCAL_GEO,0.1557376720191477,82
7->10,l1_l_ti,ti,PART_FRAME,0.11943480103129706,82
7->10,l1_l_ti,ti,CSE_C11,0.38090596093003976,82
7->10,l1_l_ti,ti,CSE_C11_DENSITY,0.1696609768729163,82
7->10,l1_l_ti,ti,CSE_DENSITY_SHUFFLED,0.34623567884782436,82
7->10,l1_l_tr,tr,RANDOM,0.37289748683276547,275
7->10,l1_l_tr,tr,XYZ_RIGID,0.11336862188158538,275
7->10,l1_l_tr,tr,LOCAL_GEO,0.5227145500588513,275
7->10,l1_l_tr,tr,PART_FRAME,0.10230370700428501,275
7->10,l1_l_tr,tr,CSE_C11,0.2923580731283625,275
7->10,l1_l_tr,tr,CSE_C11_DENSITY,0.14527259631378783,275
7->10,l1_l_tr,tr,CSE_DENSITY_SHUFFLED,0.40376076018231055,275
7->10,l1_r_co,co,RANDOM,0.37873273999892,200
7->10,l1_r_co,co,XYZ_RIGID,0.33424033228850325,200
7->10,l1_r_co,co,LOCAL_GEO,0.3862472996501249,200
7->10,l1_r_co,co,PART_FRAME,0.34659731710724806,200
7->10,l1_r_co,co,CSE_C11,0.3312123141793123,200
7->10,l1_r_co,co,CSE_C11_DENSITY,0.3529026576040727,200
7->10,l1_r_co,co,CSE_DENSITY_SHUFFLED,0.43066526675279365,200
7->10,l1_r_fe,fe,RANDOM,0.31770469595929435,153
7->10,l1_r_fe,fe,XYZ_RIGID,0.09604429040858209,153
7->10,l1_r_fe,fe,LOCAL_GEO,0.3627619839487218,153
7->10,l1_r_fe,fe,PART_FRAME,0.13495047650046169,153
7->10,l1_r_fe,fe,CSE_C11,0.34558065802728116,153
7->10,l1_r_fe,fe,CSE_C11_DENSITY,0.23246068453216265,153
7->10,l1_r_fe,fe,CSE_DENSITY_SHUFFLED,0.37218942856423015,153
7->10,l1_r_ta,ta,RANDOM,0.3324788712221493,38
7->10,l1_r_ta,ta,XYZ_RIGID,0.2211997283151856,38
7->10,l1_r_ta,ta,LOCAL_GEO,0.290905699691673,38
7->10,l1_r_ta,ta,PART_FRAME,0.1732041654028155,38
7->10,l1_r_ta,ta,CSE_C11,0.36165036187921923,38
7->10,l1_r_ta,ta,CSE_C11_DENSITY,0.257057481485643,38
7->10,l1_r_ta,ta,CSE_DENSITY_SHUFFLED,0.3025648688584953,38
7->10,l1_r_ti,ti,RANDOM,0.31792352039154004,82
7->10,l1_r_ti,ti,XYZ_RIGID,0.08827554211777103,82
7->10,l1_r_ti,ti,LOCAL_GEO,0.22354852488292265,82
7->10,l1_r_ti,ti,PART_FRAME,0.1234196188172747,82
7->10,l1_r_ti,ti,CSE_C11,0.5027782725375345,82
7->10,l1_r_ti,ti,CSE_C11_DENSITY,0.23872872411131862,82
7->10,l1_r_ti,ti,CSE_DENSITY_SHUFFLED,0.34877271355261863,82
7->10,l1_r_tr,tr,RANDOM,0.3928566851283244,275
7->10,l1_r_tr,tr,XYZ_RIGID,0.0936607076600666,275
7->10,l1_r_tr,tr,LOCAL_GEO,0.47371333581353975,275
7->10,l1_r_tr,tr,PART_FRAME,0.08854721233100205,275
7->10,l1_r_tr,tr,CSE_C11,0.37861483545881497,275
7->10,l1_r_tr,tr,CSE_C11_DENSITY,0.16939822108444136,275
7->10,l1_r_tr,tr,CSE_DENSITY_SHUFFLED,0.40173495032327233,275
7->10,l2_l_co,co,RANDOM,0.3563596091302334,107
7->10,l2_l_co,co,XYZ_RIGID,0.33894292519827107,107
7->10,l2_l_co,co,LOCAL_GEO,0.344640131986724,107
7->10,l2_l_co,co,PART_FRAME,0.36574463706582455,107
7->10,l2_l_co,co,CSE_C11,0.33367418710253993,107
7->10,l2_l_co,co,CSE_C11_DENSITY,0.30622610112722676,107
7->10,l2_l_co,co,CSE_DENSITY_SHUFFLED,0.39126874104848813,107
7->10,l2_l_fe,fe,RANDOM,0.355234051496326,192
7->10,l2_l_fe,fe,XYZ_RIGID,0.08693241873433952,192
7->10,l2_l_fe,fe,LOCAL_GEO,0.21783199678966914,192
7->10,l2_l_fe,fe,PART_FRAME,0.12081200773923113,192
7->10,l2_l_fe,fe,CSE_C11,0.34727153917992026,192
7->10,l2_l_fe,fe,CSE_C11_DENSITY,0.10331783739644042,192
7->10,l2_l_fe,fe,CSE_DENSITY_SHUFFLED,0.31967306515202176,192
7->10,l2_l_ta,ta,RANDOM,0.2601998718001723,39
7->10,l2_l_ta,ta,XYZ_RIGID,0.18882357271636646,39
7->10,l2_l_ta,ta,LOCAL_GEO,0.2547615797821717,39
7->10,l2_l_ta,ta,PART_FRAME,0.22553688262728802,39
7->10,l2_l_ta,ta,CSE_C11,0.4076676369514038,39
7->10,l2_l_ta,ta,CSE_C11_DENSITY,0.20737538526239466,39
7->10,l2_l_ta,ta,CSE_DENSITY_SHUFFLED,0.31721869035254247,39
7->10,l2_l_ti,ti,RANDOM,0.3852209314921099,63
7->10,l2_l_ti,ti,XYZ_RIGID,0.1365020602303747,63
7->10,l2_l_ti,ti,LOCAL_GEO,0.29480847234140994,63
7->10,l2_l_ti,ti,PART_FRAME,0.17001644394055443,63
7->10,l2_l_ti,ti,CSE_C11,0.2742670105613166,63
7->10,l2_l_ti,ti,CSE_C11_DENSITY,0.15089412123745397,63
7->10,l2_l_ti,ti,CSE_DENSITY_SHUFFLED,0.2871314758270661,63
7->10,l2_l_tr,tr,RANDOM,0.4119166207611099,261
7->10,l2_l_tr,tr,XYZ_RIGID,0.07689545738437922,261
7->10,l2_l_tr,tr,LOCAL_GEO,0.31636489766941894,261
7->10,l2_l_tr,tr,PART_FRAME,0.1038001301639627,261
7->10,l2_l_tr,tr,CSE_C11,0.40258658769726946,261
7->10,l2_l_tr,tr,CSE_C11_DENSITY,0.13206979281531395,261
7->10,l2_l_tr,tr,CSE_DENSITY_SHUFFLED,0.37594727939822703,261
7->10,l2_r_co,co,RANDOM,0.3563023764741946,107
7->10,l2_r_co,co,XYZ_RIGID,0.2977958199315123,107
7->10,l2_r_co,co,LOCAL_GEO,0.3530100695305686,107
7->10,l2_r_co,co,PART_FRAME,0.3411735193079968,107
7->10,l2_r_co,co,CSE_C11,0.3123852347899106,107
7->10,l2_r_co,co,CSE_C11_DENSITY,0.30299997968177117,107
7->10,l2_r_co,co,CSE_DENSITY_SHUFFLED,0.37209982878031506,107
7->10,l2_r_fe,fe,RANDOM,0.3827622349982264,192
7->10,l2_r_fe,fe,XYZ_RIGID,0.121669654707067,192
7->10,l2_r_fe,fe,LOCAL_GEO,0.2851075669342622,192
7->10,l2_r_fe,fe,PART_FRAME,0.13637305412748718,192
7->10,l2_r_fe,fe,CSE_C11,0.12848122007630025,192
7->10,l2_r_fe,fe,CSE_C11_DENSITY,0.10321172492056013,192
7->10,l2_r_fe,fe,CSE_DENSITY_SHUFFLED,0.38865428702058047,192
7->10,l2_r_ta,ta,RANDOM,0.3394823013470082,39
7->10,l2_r_ta,ta,XYZ_RIGID,0.18580686002226987,39
7->10,l2_r_ta,ta,LOCAL_GEO,0.27538282271983866,39
7->10,l2_r_ta,ta,PART_FRAME,0.2973957837658528,39
7->10,l2_r_ta,ta,CSE_C11,0.5282414251988377,39
7->10,l2_r_ta,ta,CSE_C11_DENSITY,0.27538282271983866,39
7->10,l2_r_ta,ta,CSE_DENSITY_SHUFFLED,0.32126236696438326,39
7->10,l2_r_ti,ti,RANDOM,0.356742761385043,63
7->10,l2_r_ti,ti,XYZ_RIGID,0.1376469368147465,63
7->10,l2_r_ti,ti,LOCAL_GEO,0.27086852939000794,63
7->10,l2_r_ti,ti,PART_FRAME,0.16734511380383385,63
7->10,l2_r_ti,ti,CSE_C11,0.5421871049082377,63
7->10,l2_r_ti,ti,CSE_C11_DENSITY,0.13894037023718958,63
7->10,l2_r_ti,ti,CSE_DENSITY_SHUFFLED,0.29299021575840734,63
7->10,l2_r_tr,tr,RANDOM,0.4134404270123208,261
7->10,l2_r_tr,tr,XYZ_RIGID,0.09372262636947412,261
7->10,l2_r_tr,tr,LOCAL_GEO,0.32027542046477503,261
7->10,l2_r_tr,tr,PART_FRAME,0.10524462033394026,261
7->10,l2_r_tr,tr,CSE_C11,0.15848331778558475,261
7->10,l2_r_tr,tr,CSE_C11_DENSITY,0.10823710341669873,261
7->10,l2_r_tr,tr,CSE_DENSITY_SHUFFLED,0.37444120353332144,261
7->10,l3_l_co,co,RANDOM,0.5647380611588275,153
7->10,l3_l_co,co,XYZ_RIGID,0.38763799419126355,153
7->10,l3_l_co,co,LOCAL_GEO,0.5813416841364593,153
7->10,l3_l_co,co,PART_FRAME,0.3841874340774087,153
7->10,l3_l_co,co,CSE_C11,0.5038964160340778,153
7->10,l3_l_co,co,CSE_C11_DENSITY,0.39397351984901424,153
7->10,l3_l_co,co,CSE_DENSITY_SHUFFLED,0.5202711523480127,153
7->10,l3_l_fe,fe,RANDOM,0.32061527794125977,260
7->10,l3_l_fe,fe,XYZ_RIGID,0.1654941540456492,260
7->10,l3_l_fe,fe,LOCAL_GEO,0.22544070920179787,260
7->10,l3_l_fe,fe,PART_FRAME,0.17831132020960444,260
7->10,l3_l_fe,fe,CSE_C11,0.41925600017970605,260
7->10,l3_l_fe,fe,CSE_C11_DENSITY,0.09164051375847293,260
7->10,l3_l_fe,fe,CSE_DENSITY_SHUFFLED,0.3683444853284461,260
7->10,l3_l_ta,ta,RANDOM,0.2890357377240625,45
7->10,l3_l_ta,ta,XYZ_RIGID,0.24678760470243358,45
7->10,l3_l_ta,ta,LOCAL_GEO,0.3126786101770033,45
7->10,l3_l_ta,ta,PART_FRAME,0.33697618615172503,45
7->10,l3_l_ta,ta,CSE_C11,0.7271777559184216,45
7->10,l3_l_ta,ta,CSE_C11_DENSITY,0.3819311346752404,45
7->10,l3_l_ta,ta,CSE_DENSITY_SHUFFLED,0.287661210398783,45
7->10,l3_l_ti,ti,RANDOM,0.33784958118216746,114
7->10,l3_l_ti,ti,XYZ_RIGID,0.10431193832695777,114
7->10,l3_l_ti,ti,LOCAL_GEO,0.22448802292397288,114
7->10,l3_l_ti,ti,PART_FRAME,0.11763445381318954,114
7->10,l3_l_ti,ti,CSE_C11,0.6646665283413271,114
7->10,l3_l_ti,ti,CSE_C11_DENSITY,0.2406798671986512,114
7->10,l3_l_ti,ti,CSE_DENSITY_SHUFFLED,0.33994793172854065,114
7->10,l3_l_tr,tr,RANDOM,0.37585815624335095,344
7->10,l3_l_tr,tr,XYZ_RIGID,0.12572048566274457,344
7->10,l3_l_tr,tr,LOCAL_GEO,0.3639807763853492,344
7->10,l3_l_tr,tr,PART_FRAME,0.19404217813709573,344
7->10,l3_l_tr,tr,CSE_C11,0.5539204685538668,344
7->10,l3_l_tr,tr,CSE_C11_DENSITY,0.12566251713814924,344
7->10,l3_l_tr,tr,CSE_DENSITY_SHUFFLED,0.38562782061839396,344
7->10,l3_r_co,co,RANDOM,0.5227983992964458,153
7->10,l3_r_co,co,XYZ_RIGID,0.4148361499821724,153
7->10,l3_r_co,co,LOCAL_GEO,0.513792459176967,153
7->10,l3_r_co,co,PART_FRAME,0.44183114847325333,153
7->10,l3_r_co,co,CSE_C11,0.7077671786214849,153
7->10,l3_r_co,co,CSE_C11_DENSITY,0.3733559840715811,153
7->10,l3_r_co,co,CSE_DENSITY_SHUFFLED,0.4620212338768479,153
7->10,l3_r_fe,fe,RANDOM,0.30760150871686154,260
7->10,l3_r_fe,fe,XYZ_RIGID,0.14540474733189374,260
7->10,l3_r_fe,fe,LOCAL_GEO,0.22294707131781943,260
7->10,l3_r_fe,fe,PART_FRAME,0.1804486987817442,260
7->10,l3_r_fe,fe,CSE_C11,0.31429350986589244,260
7->10,l3_r_fe,fe,CSE_C11_DENSITY,0.11416251885922102,260
7->10,l3_r_fe,fe,CSE_DENSITY_SHUFFLED,0.43884054441440845,260
7->10,l3_r_ta,ta,RANDOM,0.33406672218997435,45
7->10,l3_r_ta,ta,XYZ_RIGID,0.1811581642112785,45
7->10,l3_r_ta,ta,LOCAL_GEO,0.25526183657104534,45
7->10,l3_r_ta,ta,PART_FRAME,0.18440700142313476,45
7->10,l3_r_ta,ta,CSE_C11,0.2835017398947206,45
7->10,l3_r_ta,ta,CSE_C11_DENSITY,0.2960397387926572,45
7->10,l3_r_ta,ta,CSE_DENSITY_SHUFFLED,0.26271639905161265,45
7->10,l3_r_ti,ti,RANDOM,0.312642572374895,114
7->10,l3_r_ti,ti,XYZ_RIGID,0.0848689338661493,114
7->10,l3_r_ti,ti,LOCAL_GEO,0.3093146232278093,114
7->10,l3_r_ti,ti,PART_FRAME,0.10950777381947546,114
7->10,l3_r_ti,ti,CSE_C11,0.3595765855019757,114
7->10,l3_r_ti,ti,CSE_C11_DENSITY,0.5795827251681056,114
7->10,l3_r_ti,ti,CSE_DENSITY_SHUFFLED,0.31426953009453995,114
7->10,l3_r_tr,tr,RANDOM,0.4114626286384787,344
7->10,l3_r_tr,tr,XYZ_RIGID,0.13909222760173395,344
7->10,l3_r_tr,tr,LOCAL_GEO,0.4204890587466384,344
7->10,l3_r_tr,tr,PART_FRAME,0.16640059917870492,344
7->10,l3_r_tr,tr,CSE_C11,0.3094479216705985,344
7->10,l3_r_tr,tr,CSE_C11_DENSITY,0.1151966058709771,344
7->10,l3_r_tr,tr,CSE_DENSITY_SHUFFLED,0.42054721782980853,344
4->10,l1_l_co,co,RANDOM,0.4184832431466243,197
4->10,l1_l_co,co,XYZ_RIGID,0.14956376888494424,197
4->10,l1_l_co,co,LOCAL_GEO,0.3598265918155334,197
4->10,l1_l_co,co,PART_FRAME,0.14999046767909696,197
4->10,l1_l_co,co,CSE_C11,0.3069693098440115,197
4->10,l1_l_co,co,CSE_C11_DENSITY,0.21360614874365938,197
4->10,l1_l_co,co,CSE_DENSITY_SHUFFLED,0.3745489963119996,197
4->10,l1_l_fe,fe,RANDOM,0.28655183729344874,153
4->10,l1_l_fe,fe,XYZ_RIGID,0.08665828774063734,153
4->10,l1_l_fe,fe,LOCAL_GEO,0.17272644840693774,153
4->10,l1_l_fe,fe,PART_FRAME,0.07645479095531364,153
4->10,l1_l_fe,fe,CSE_C11,0.35175982938307004,153
4->10,l1_l_fe,fe,CSE_C11_DENSITY,0.10153808233657963,153
4->10,l1_l_fe,fe,CSE_DENSITY_SHUFFLED,0.3767878981946565,153
4->10,l1_l_ta,ta,RANDOM,0.29558657105082886,38
4->10,l1_l_ta,ta,XYZ_RIGID,0.15746655197101989,38
4->10,l1_l_ta,ta,LOCAL_GEO,0.19807491096286117,38
4->10,l1_l_ta,ta,PART_FRAME,0.14864721443841714,38
4->10,l1_l_ta,ta,CSE_C11,0.7489576953749109,38
4->10,l1_l_ta,ta,CSE_C11_DENSITY,0.20706955218946355,38
4->10,l1_l_ta,ta,CSE_DENSITY_SHUFFLED,0.32154039639842974,38
4->10,l1_l_ti,ti,RANDOM,0.2974045542672844,82
4->10,l1_l_ti,ti,XYZ_RIGID,0.1014776989593271,82
4->10,l1_l_ti,ti,LOCAL_GEO,0.3083823004031584,82
4->10,l1_l_ti,ti,PART_FRAME,0.13162285941635726,82
4->10,l1_l_ti,ti,CSE_C11,0.47614582711328485,82
4->10,l1_l_ti,ti,CSE_C11_DENSITY,0.2471747265164352,82
4->10,l1_l_ti,ti,CSE_DENSITY_SHUFFLED,0.2889820813618792,82
4->10,l1_l_tr,tr,RANDOM,0.4003482000436616,275
4->10,l1_l_tr,tr,XYZ_RIGID,0.1067320547244753,275
4->10,l1_l_tr,tr,LOCAL_GEO,0.3189412035647546,275
4->10,l1_l_tr,tr,PART_FRAME,0.12962822028320323,275
4->10,l1_l_tr,tr,CSE_C11,0.23108556090548332,275
4->10,l1_l_tr,tr,CSE_C11_DENSITY,0.13171909794944978,275
4->10,l1_l_tr,tr,CSE_DENSITY_SHUFFLED,0.40537943612215055,275
4->10,l1_r_co,co,RANDOM,0.4047819155508829,200
4->10,l1_r_co,co,XYZ_RIGID,0.28296483934619193,200
4->10,l1_r_co,co,LOCAL_GEO,0.3986090928746364,200
4->10,l1_r_co,co,PART_FRAME,0.30244106328968495,200
4->10,l1_r_co,co,CSE_C11,0.5915996809673709,200
4->10,l1_r_co,co,CSE_C11_DENSITY,0.22975272064867464,200
4->10,l1_r_co,co,CSE_DENSITY_SHUFFLED,0.45043298860316816,200
4->10,l1_r_fe,fe,RANDOM,0.39821010691775033,153
4->10,l1_r_fe,fe,XYZ_RIGID,0.0793048414174723,153
4->10,l1_r_fe,fe,LOCAL_GEO,0.3211777164632881,153
4->10,l1_r_fe,fe,PART_FRAME,0.09464475389178142,153
4->10,l1_r_fe,fe,CSE_C11,0.32650772457902355,153
4->10,l1_r_fe,fe,CSE_C11_DENSITY,0.11049644425967627,153
4->10,l1_r_fe,fe,CSE_DENSITY_SHUFFLED,0.31062866099376957,153
4->10,l1_r_ta,ta,RANDOM,0.25764008704816954,38
4->10,l1_r_ta,ta,XYZ_RIGID,0.17126476489951037,38
4->10,l1_r_ta,ta,LOCAL_GEO,0.23353408560999311,38
4->10,l1_r_ta,ta,PART_FRAME,0.18335985983817138,38
4->10,l1_r_ta,ta,CSE_C11,0.6399557227026056,38
4->10,l1_r_ta,ta,CSE_C11_DENSITY,0.36165036187921923,38
4->10,l1_r_ta,ta,CSE_DENSITY_SHUFFLED,0.32154250246111465,38
4->10,l1_r_ti,ti,RANDOM,0.3434566250509552,82
4->10,l1_r_ti,ti,XYZ_RIGID,0.08436092404547496,82
4->10,l1_r_ti,ti,LOCAL_GEO,0.1720745753833539,82
4->10,l1_r_ti,ti,PART_FRAME,0.14368851234650915,82
4->10,l1_r_ti,ti,CSE_C11,0.2960844076655761,82
4->10,l1_r_ti,ti,CSE_C11_DENSITY,0.1573683143693192,82
4->10,l1_r_ti,ti,CSE_DENSITY_SHUFFLED,0.31968319217514385,82
4->10,l1_r_tr,tr,RANDOM,0.32785132061426764,275
4->10,l1_r_tr,tr,XYZ_RIGID,0.06767287845530846,275
4->10,l1_r_tr,tr,LOCAL_GEO,0.36929617822677985,275
4->10,l1_r_tr,tr,PART_FRAME,0.09114598546653876,275
4->10,l1_r_tr,tr,CSE_C11,0.24368099197575396,275
4->10,l1_r_tr,tr,CSE_C11_DENSITY,0.18749608998656273,275
4->10,l1_r_tr,tr,CSE_DENSITY_SHUFFLED,0.3775800253834056,275
4->10,l2_l_co,co,RANDOM,0.392630551424644,107
4->10,l2_l_co,co,XYZ_RIGID,0.41677728112366763,107
4->10,l2_l_co,co,LOCAL_GEO,0.4517861459006407,107
4->10,l2_l_co,co,PART_FRAME,0.4361687858183474,107
4->10,l2_l_co,co,CSE_C11,0.38235750153562503,107
4->10,l2_l_co,co,CSE_C11_DENSITY,0.3197520957970517,107
4->10,l2_l_co,co,CSE_DENSITY_SHUFFLED,0.36935969240997946,107
4->10,l2_l_fe,fe,RANDOM,0.3720467929403434,192
4->10,l2_l_fe,fe,XYZ_RIGID,0.16086660627390992,192
4->10,l2_l_fe,fe,LOCAL_GEO,0.42388255090819293,192
4->10,l2_l_fe,fe,PART_FRAME,0.13216399792312358,192
4->10,l2_l_fe,fe,CSE_C11,0.2511453990260958,192
4->10,l2_l_fe,fe,CSE_C11_DENSITY,0.16053275140645037,192
4->10,l2_l_fe,fe,CSE_DENSITY_SHUFFLED,0.39092243870943666,192
4->10,l2_l_ta,ta,RANDOM,0.273345019914355,39
4->10,l2_l_ta,ta,XYZ_RIGID,0.18459617050810254,39
4->10,l2_l_ta,ta,LOCAL_GEO,0.3307245513952221,39
4->10,l2_l_ta,ta,PART_FRAME,0.22230570586127077,39
4->10,l2_l_ta,ta,CSE_C11,0.2567982983021154,39
4->10,l2_l_ta,ta,CSE_C11_DENSITY,0.3270119563214657,39
4->10,l2_l_ta,ta,CSE_DENSITY_SHUFFLED,0.3907281404731105,39
4->10,l2_l_ti,ti,RANDOM,0.29095297414830595,63
4->10,l2_l_ti,ti,XYZ_RIGID,0.09256423206278754,63
4->10,l2_l_ti,ti,LOCAL_GEO,0.46693492554441096,63
4->10,l2_l_ti,ti,PART_FRAME,0.11882792498282571,63
4->10,l2_l_ti,ti,CSE_C11,0.26739525764554667,63
4->10,l2_l_ti,ti,CSE_C11_DENSITY,0.13905941140673792,63
4->10,l2_l_ti,ti,CSE_DENSITY_SHUFFLED,0.34430341597716435,63
4->10,l2_l_tr,tr,RANDOM,0.36382315077812205,261
4->10,l2_l_tr,tr,XYZ_RIGID,0.07496161484242328,261
4->10,l2_l_tr,tr,LOCAL_GEO,0.33574845674760545,261
4->10,l2_l_tr,tr,PART_FRAME,0.11885508252763972,261
4->10,l2_l_tr,tr,CSE_C11,0.1617024039986587,261
4->10,l2_l_tr,tr,CSE_C11_DENSITY,0.09136621165970057,261
4->10,l2_l_tr,tr,CSE_DENSITY_SHUFFLED,0.38334918624809183,261
4->10,l2_r_co,co,RANDOM,0.2997624896638887,107
4->10,l2_r_co,co,XYZ_RIGID,0.35084805398668084,107
4->10,l2_r_co,co,LOCAL_GEO,0.3909260665069331,107
4->10,l2_r_co,co,PART_FRAME,0.36988527280406786,107
4->10,l2_r_co,co,CSE_C11,0.39196161696281956,107
4->10,l2_r_co,co,CSE_C11_DENSITY,0.2264431722780485,107
4->10,l2_r_co,co,CSE_DENSITY_SHUFFLED,0.372168606163529,107
4->10,l2_r_fe,fe,RANDOM,0.37830059881978056,192
4->10,l2_r_fe,fe,XYZ_RIGID,0.14888556764201594,192
4->10,l2_r_fe,fe,LOCAL_GEO,0.40318554098036746,192
4->10,l2_r_fe,fe,PART_FRAME,0.11923728992853577,192
4->10,l2_r_fe,fe,CSE_C11,0.16115921941520245,192
4->10,l2_r_fe,fe,CSE_C11_DENSITY,0.1426181776251998,192
4->10,l2_r_fe,fe,CSE_DENSITY_SHUFFLED,0.35162865649454594,192
4->10,l2_r_ta,ta,RANDOM,0.31429105209634717,39
4->10,l2_r_ta,ta,XYZ_RIGID,0.19585408012472943,39
4->10,l2_r_ta,ta,LOCAL_GEO,0.36047143809565557,39
4->10,l2_r_ta,ta,PART_FRAME,0.2412563363300683,39
4->10,l2_r_ta,ta,CSE_C11,0.49076609463493776,39
4->10,l2_r_ta,ta,CSE_C11_DENSITY,0.20614154208311303,39
4->10,l2_r_ta,ta,CSE_DENSITY_SHUFFLED,0.44352261663261977,39
4->10,l2_r_ti,ti,RANDOM,0.28896191182455966,63
4->10,l2_r_ti,ti,XYZ_RIGID,0.10132121392993382,63
4->10,l2_r_ti,ti,LOCAL_GEO,0.508231471787505,63
4->10,l2_r_ti,ti,PART_FRAME,0.14977775590485332,63
4->10,l2_r_ti,ti,CSE_C11,0.4180555331402872,63
4->10,l2_r_ti,ti,CSE_C11_DENSITY,0.16072190734220432,63
4->10,l2_r_ti,ti,CSE_DENSITY_SHUFFLED,0.3566438836710421,63
4->10,l2_r_tr,tr,RANDOM,0.37183323796428763,261
4->10,l2_r_tr,tr,XYZ_RIGID,0.10039286168393777,261
4->10,l2_r_tr,tr,LOCAL_GEO,0.37578239121210094,261
4->10,l2_r_tr,tr,PART_FRAME,0.09954318655456758,261
4->10,l2_r_tr,tr,CSE_C11,0.14858188418750362,261
4->10,l2_r_tr,tr,CSE_C11_DENSITY,0.1126990555006839,261
4->10,l2_r_tr,tr,CSE_DENSITY_SHUFFLED,0.3751161827595352,261
4->10,l3_l_co,co,RANDOM,0.5291479204749231,153
4->10,l3_l_co,co,XYZ_RIGID,0.47584142403303054,153
4->10,l3_l_co,co,LOCAL_GEO,0.5799887589137085,153
4->10,l3_l_co,co,PART_FRAME,0.5070917268666595,153
4->10,l3_l_co,co,CSE_C11,0.6052924726767083,153
4->10,l3_l_co,co,CSE_C11_DENSITY,0.49141383835695246,153
4->10,l3_l_co,co,CSE_DENSITY_SHUFFLED,0.5552992768266707,153
4->10,l3_l_fe,fe,RANDOM,0.3610674054882387,260
4->10,l3_l_fe,fe,XYZ_RIGID,0.15127710178400564,260
4->10,l3_l_fe,fe,LOCAL_GEO,0.43561113214306485,260
4->10,l3_l_fe,fe,PART_FRAME,0.1510795032892161,260
4->10,l3_l_fe,fe,CSE_C11,0.3518334498832666,260
4->10,l3_l_fe,fe,CSE_C11_DENSITY,0.08918244480501111,260
4->10,l3_l_fe,fe,CSE_DENSITY_SHUFFLED,0.3745489217120987,260
4->10,l3_l_ta,ta,RANDOM,0.33697618615172503,45
4->10,l3_l_ta,ta,XYZ_RIGID,0.253808634943454,45
4->10,l3_l_ta,ta,LOCAL_GEO,0.4337844667677711,45
4->10,l3_l_ta,ta,PART_FRAME,0.2635598859068531,45
4->10,l3_l_ta,ta,CSE_C11,0.2632548322891584,45
4->10,l3_l_ta,ta,CSE_C11_DENSITY,0.30208288135422356,45
4->10,l3_l_ta,ta,CSE_DENSITY_SHUFFLED,0.3755923624588319,45
4->10,l3_l_ti,ti,RANDOM,0.3220222801203698,114
4->10,l3_l_ti,ti,XYZ_RIGID,0.08507708424170324,114
4->10,l3_l_ti,ti,LOCAL_GEO,0.1378892858823651,114
4->10,l3_l_ti,ti,PART_FRAME,0.12363601393124332,114
4->10,l3_l_ti,ti,CSE_C11,0.4419588642916144,114
4->10,l3_l_ti,ti,CSE_C11_DENSITY,0.21779570495843548,114
4->10,l3_l_ti,ti,CSE_DENSITY_SHUFFLED,0.3130910768496421,114
4->10,l3_l_tr,tr,RANDOM,0.3863562436582536,344
4->10,l3_l_tr,tr,XYZ_RIGID,0.11501457883177277,344
4->10,l3_l_tr,tr,LOCAL_GEO,0.38793544087810494,344
4->10,l3_l_tr,tr,PART_FRAME,0.14546241478967487,344
4->10,l3_l_tr,tr,CSE_C11,0.259007998515816,344
4->10,l3_l_tr,tr,CSE_C11_DENSITY,0.15562835504215417,344
4->10,l3_l_tr,tr,CSE_DENSITY_SHUFFLED,0.3762952671735261,344
4->10,l3_r_co,co,RANDOM,0.5287418747969655,153
4->10,l3_r_co,co,XYZ_RIGID,0.3581853201537841,153
4->10,l3_r_co,co,LOCAL_GEO,0.477234740172636,153
4->10,l3_r_co,co,PART_FRAME,0.39303898566473594,153
4->10,l3_r_co,co,CSE_C11,0.571278498260732,153
4->10,l3_r_co,co,CSE_C11_DENSITY,0.4530005692501372,153
4->10,l3_r_co,co,CSE_DENSITY_SHUFFLED,0.4789136190720789,153
4->10,l3_r_fe,fe,RANDOM,0.40104801857659533,260
4->10,l3_r_fe,fe,XYZ_RIGID,0.1548486924194932,260
4->10,l3_r_fe,fe,LOCAL_GEO,0.46725397363273785,260
4->10,l3_r_fe,fe,PART_FRAME,0.1670447634815564,260
4->10,l3_r_fe,fe,CSE_C11,0.27812135500053337,260
4->10,l3_r_fe,fe,CSE_C11_DENSITY,0.09337911864978961,260
4->10,l3_r_fe,fe,CSE_DENSITY_SHUFFLED,0.3625312865783693,260
4->10,l3_r_ta,ta,RANDOM,0.3189075858909659,45
4->10,l3_r_ta,ta,XYZ_RIGID,0.2075612161133926,45
4->10,l3_r_ta,ta,LOCAL_GEO,0.4240376555620667,45
4->10,l3_r_ta,ta,PART_FRAME,0.2375170239023404,45
4->10,l3_r_ta,ta,CSE_C11,0.2835017398947206,45
4->10,l3_r_ta,ta,CSE_C11_DENSITY,0.5344082648608047,45
4->10,l3_r_ta,ta,CSE_DENSITY_SHUFFLED,0.2653522426566684,45
4->10,l3_r_ti,ti,RANDOM,0.33277708731117794,114
4->10,l3_r_ti,ti,XYZ_RIGID,0.08673541986614909,114
4->10,l3_r_ti,ti,LOCAL_GEO,0.1497205072802591,114
4->10,l3_r_ti,ti,PART_FRAME,0.16630268558827496,114
4->10,l3_r_ti,ti,CSE_C11,0.4512607150262452,114
4->10,l3_r_ti,ti,CSE_C11_DENSITY,0.4372527567468506,114
4->10,l3_r_ti,ti,CSE_DENSITY_SHUFFLED,0.30562623537665873,114
4->10,l3_r_tr,tr,RANDOM,0.4288325363435064,344
4->10,l3_r_tr,tr,XYZ_RIGID,0.13706333911177493,344
4->10,l3_r_tr,tr,LOCAL_GEO,0.3939071860769495,344
4->10,l3_r_tr,tr,PART_FRAME,0.1458116173596935,344
4->10,l3_r_tr,tr,CSE_C11,0.1773834374241835,344
4->10,l3_r_tr,tr,CSE_C11_DENSITY,0.11442718110850936,344
4->10,l3_r_tr,tr,CSE_DENSITY_SHUFFLED,0.39662404670541784,344
2->0,l1_l_co,co,RANDOM,0.38324376468151167,197
2->0,l1_l_co,co,XYZ_RIGID,0.19010973434371078,197
2->0,l1_l_co,co,LOCAL_GEO,0.3634292209492542,197
2->0,l1_l_co,co,PART_FRAME,0.23801593772295937,197
2->0,l1_l_co,co,CSE_C11,0.35919153911203583,197
2->0,l1_l_co,co,CSE_C11_DENSITY,0.19010973434371078,197
2->0,l1_l_co,co,CSE_DENSITY_SHUFFLED,0.4039825632299883,197
2->0,l1_l_fe,fe,RANDOM,0.34566288424074954,153
2->0,l1_l_fe,fe,XYZ_RIGID,0.08971519036584738,153
2->0,l1_l_fe,fe,LOCAL_GEO,0.3079389883396062,153
2->0,l1_l_fe,fe,PART_FRAME,0.11014279900474425,153
2->0,l1_l_fe,fe,CSE_C11,0.13955691149721874,153
2->0,l1_l_fe,fe,CSE_C11_DENSITY,0.13362126805305288,153
2->0,l1_l_fe,fe,CSE_DENSITY_SHUFFLED,0.3722035114299905,153
2->0,l1_l_ta,ta,RANDOM,0.29287392978187954,38
2->0,l1_l_ta,ta,XYZ_RIGID,0.28757008998671846,38
2->0,l1_l_ta,ta,LOCAL_GEO,0.5267659008543693,38
2->0,l1_l_ta,ta,PART_FRAME,0.28022482029776874,38
2->0,l1_l_ta,ta,CSE_C11,0.44338991788383125,38
2->0,l1_l_ta,ta,CSE_C11_DENSITY,0.34089857898315756,38
2->0,l1_l_ta,ta,CSE_DENSITY_SHUFFLED,0.3672974088177178,38
2->0,l1_l_ti,ti,RANDOM,0.2396372463632192,82
2->0,l1_l_ti,ti,XYZ_RIGID,0.11389476002782135,82
2->0,l1_l_ti,ti,LOCAL_GEO,0.2860926476530861,82
2->0,l1_l_ti,ti,PART_FRAME,0.16259880704460575,82
2->0,l1_l_ti,ti,CSE_C11,0.4313893966264132,82
2->0,l1_l_ti,ti,CSE_C11_DENSITY,0.15798889143055342,82
2->0,l1_l_ti,ti,CSE_DENSITY_SHUFFLED,0.2760099351926131,82
2->0,l1_l_tr,tr,RANDOM,0.32283976344502796,275
2->0,l1_l_tr,tr,XYZ_RIGID,0.05916193587524027,275
2->0,l1_l_tr,tr,LOCAL_GEO,0.278599722079664,275
2->0,l1_l_tr,tr,PART_FRAME,0.10047419822598619,275
2->0,l1_l_tr,tr,CSE_C11,0.1813002108057614,275
2->0,l1_l_tr,tr,CSE_C11_DENSITY,0.11928802619772937,275
2->0,l1_l_tr,tr,CSE_DENSITY_SHUFFLED,0.3152761992954642,275
2->0,l1_r_co,co,RANDOM,0.38393312047675077,200
2->0,l1_r_co,co,XYZ_RIGID,0.12484583529341642,200
2->0,l1_r_co,co,LOCAL_GEO,0.36729469785289437,200
2->0,l1_r_co,co,PART_FRAME,0.1641701614572426,200
2->0,l1_r_co,co,CSE_C11,0.33789052033501865,200
2->0,l1_r_co,co,CSE_C11_DENSITY,0.21649938389978637,200
2->0,l1_r_co,co,CSE_DENSITY_SHUFFLED,0.40535111803557955,200
2->0,l1_r_fe,fe,RANDOM,0.3012956739569219,153
2->0,l1_r_fe,fe,XYZ_RIGID,0.08881383656915584,153
2->0,l1_r_fe,fe,LOCAL_GEO,0.3598632326182647,153
2->0,l1_r_fe,fe,PART_FRAME,0.11214905853637917,153
2->0,l1_r_fe,fe,CSE_C11,0.6307968925746188,153
2->0,l1_r_fe,fe,CSE_C11_DENSITY,0.1627867625502253,153
2->0,l1_r_fe,fe,CSE_DENSITY_SHUFFLED,0.3599001490936244,153
2->0,l1_r_ta,ta,RANDOM,0.41210101597331095,38
2->0,l1_r_ta,ta,XYZ_RIGID,0.3153008010252732,38
2->0,l1_r_ta,ta,LOCAL_GEO,0.5653444688401,38
2->0,l1_r_ta,ta,PART_FRAME,0.3044253548813938,38
2->0,l1_r_ta,ta,CSE_C11,0.4493521771346442,38
2->0,l1_r_ta,ta,CSE_C11_DENSITY,0.3651133795873649,38
2->0,l1_r_ta,ta,CSE_DENSITY_SHUFFLED,0.38437621720852494,38
2->0,l1_r_ti,ti,RANDOM,0.31487205302940424,82
2->0,l1_r_ti,ti,XYZ_RIGID,0.1057150426741785,82
2->0,l1_r_ti,ti,LOCAL_GEO,0.32886155437230613,82
2->0,l1_r_ti,ti,PART_FRAME,0.14763167980912226,82
2->0,l1_r_ti,ti,CSE_C11,0.5524160791778221,82
2->0,l1_r_ti,ti,CSE_C11_DENSITY,0.23847452112812895,82
2->0,l1_r_ti,ti,CSE_DENSITY_SHUFFLED,0.40610487127365663,82
2->0,l1_r_tr,tr,RANDOM,0.31153173521493766,275
2->0,l1_r_tr,tr,XYZ_RIGID,0.04916068825823763,275
2->0,l1_r_tr,tr,LOCAL_GEO,0.2975350051345328,275
2->0,l1_r_tr,tr,PART_FRAME,0.09497041535735566,275
2->0,l1_r_tr,tr,CSE_C11,0.28720553828220036,275
2->0,l1_r_tr,tr,CSE_C11_DENSITY,0.12817617702262157,275
2->0,l1_r_tr,tr,CSE_DENSITY_SHUFFLED,0.3302918384682133,275
2->0,l2_l_co,co,RANDOM,0.31948329665647507,107
2->0,l2_l_co,co,XYZ_RIGID,0.37113822716316464,107
2->0,l2_l_co,co,LOCAL_GEO,0.32006009338005753,107
2->0,l2_l_co,co,PART_FRAME,0.42342990936091435,107
2->0,l2_l_co,co,CSE_C11,0.4301207852865469,107
2->0,l2_l_co,co,CSE_C11_DENSITY,0.3159011996350118,107
2->0,l2_l_co,co,CSE_DENSITY_SHUFFLED,0.3158444096008768,107
2->0,l2_l_fe,fe,RANDOM,0.39125017973513976,192
2->0,l2_l_fe,fe,XYZ_RIGID,0.0510600772904715,192
2->0,l2_l_fe,fe,LOCAL_GEO,0.2864046863292199,192
2->0,l2_l_fe,fe,PART_FRAME,0.06849630390424517,192
2->0,l2_l_fe,fe,CSE_C11,0.23339594058772722,192
2->0,l2_l_fe,fe,CSE_C11_DENSITY,0.10409701535658986,192
2->0,l2_l_fe,fe,CSE_DENSITY_SHUFFLED,0.3718037864240555,192
2->0,l2_l_ta,ta,RANDOM,0.2974109261131559,39
2->0,l2_l_ta,ta,XYZ_RIGID,0.14004702926421406,39
2->0,l2_l_ta,ta,LOCAL_GEO,0.22065796674135071,39
2->0,l2_l_ta,ta,PART_FRAME,0.1883404956896778,39
2->0,l2_l_ta,ta,CSE_C11,0.45743749717526955,39
2->0,l2_l_ta,ta,CSE_C11_DENSITY,0.22080650507993235,39
2->0,l2_l_ta,ta,CSE_DENSITY_SHUFFLED,0.36807904999024105,39
2->0,l2_l_ti,ti,RANDOM,0.2922387830619465,63
2->0,l2_l_ti,ti,XYZ_RIGID,0.08231047451916562,63
2->0,l2_l_ti,ti,LOCAL_GEO,0.24397800171342823,63
2->0,l2_l_ti,ti,PART_FRAME,0.13680580679016202,63
2->0,l2_l_ti,ti,CSE_C11,0.5049868134506468,63
2->0,l2_l_ti,ti,CSE_C11_DENSITY,0.2767786966139535,63
2->0,l2_l_ti,ti,CSE_DENSITY_SHUFFLED,0.31115133690314767,63
2->0,l2_l_tr,tr,RANDOM,0.35260750293825394,261
2->0,l2_l_tr,tr,XYZ_RIGID,0.055918886174843356,261
2->0,l2_l_tr,tr,LOCAL_GEO,0.42043603506669114,261
2->0,l2_l_tr,tr,PART_FRAME,0.0870585876417884,261
2->0,l2_l_tr,tr,CSE_C11,0.30103746974054785,261
2->0,l2_l_tr,tr,CSE_C11_DENSITY,0.06914747384000156,261
2->0,l2_l_tr,tr,CSE_DENSITY_SHUFFLED,0.3044283636428716,261
2->0,l2_r_co,co,RANDOM,0.31635359540560676,107
2->0,l2_r_co,co,XYZ_RIGID,0.2413414497397639,107
2->0,l2_r_co,co,LOCAL_GEO,0.3334612429469372,107
2->0,l2_r_co,co,PART_FRAME,0.2817586443701357,107
2->0,l2_r_co,co,CSE_C11,0.3477461926640728,107
2->0,l2_r_co,co,CSE_C11_DENSITY,0.24121995161179913,107
2->0,l2_r_co,co,CSE_DENSITY_SHUFFLED,0.3211603251275848,107
2->0,l2_r_fe,fe,RANDOM,0.35508524326245416,192
2->0,l2_r_fe,fe,XYZ_RIGID,0.06272984429800471,192
2->0,l2_r_fe,fe,LOCAL_GEO,0.4903593504150913,192
2->0,l2_r_fe,fe,PART_FRAME,0.07157478738344969,192
2->0,l2_r_fe,fe,CSE_C11,0.33828673901436873,192
2->0,l2_r_fe,fe,CSE_C11_DENSITY,0.10867075112001623,192
2->0,l2_r_fe,fe,CSE_DENSITY_SHUFFLED,0.3413518124064155,192
2->0,l2_r_ta,ta,RANDOM,0.3437135346147488,39
2->0,l2_r_ta,ta,XYZ_RIGID,0.1764209366954376,39
2->0,l2_r_ta,ta,LOCAL_GEO,0.18746320428327465,39
2->0,l2_r_ta,ta,PART_FRAME,0.19896654734911576,39
2->0,l2_r_ta,ta,CSE_C11,0.45174513850238646,39
2->0,l2_r_ta,ta,CSE_C11_DENSITY,0.2759398870171692,39
2->0,l2_r_ta,ta,CSE_DENSITY_SHUFFLED,0.34278521610109913,39
2->0,l2_r_ti,ti,RANDOM,0.38181850131951145,63
2->0,l2_r_ti,ti,XYZ_RIGID,0.0754200780427676,63
2->0,l2_r_ti,ti,LOCAL_GEO,0.5457196640688841,63
2->0,l2_r_ti,ti,PART_FRAME,0.12826415932930801,63
2->0,l2_r_ti,ti,CSE_C11,0.619716262931208,63
2->0,l2_r_ti,ti,CSE_C11_DENSITY,0.12320504333965297,63
2->0,l2_r_ti,ti,CSE_DENSITY_SHUFFLED,0.3570385843778857,63
2->0,l2_r_tr,tr,RANDOM,0.3456379816844478,261
2->0,l2_r_tr,tr,XYZ_RIGID,0.06209722994520598,261
2->0,l2_r_tr,tr,LOCAL_GEO,0.19254924424453548,261
2->0,l2_r_tr,tr,PART_FRAME,0.06426712340407528,261
2->0,l2_r_tr,tr,CSE_C11,0.09937887287658151,261
2->0,l2_r_tr,tr,CSE_C11_DENSITY,0.06353974534392913,261
2->0,l2_r_tr,tr,CSE_DENSITY_SHUFFLED,0.35829015688474497,261
2->0,l3_l_co,co,RANDOM,0.5626426200137505,153
2->0,l3_l_co,co,XYZ_RIGID,0.17624028411167,153
2->0,l3_l_co,co,LOCAL_GEO,0.5233972979720307,153
2->0,l3_l_co,co,PART_FRAME,0.17440308682990247,153
2->0,l3_l_co,co,CSE_C11,0.4789937582717057,153
2->0,l3_l_co,co,CSE_C11_DENSITY,0.3547083795191428,153
2->0,l3_l_co,co,CSE_DENSITY_SHUFFLED,0.5323268116958038,153
2->0,l3_l_fe,fe,RANDOM,0.3065106582607223,260
2->0,l3_l_fe,fe,XYZ_RIGID,0.06115405093960527,260
2->0,l3_l_fe,fe,LOCAL_GEO,0.3641999654021996,260
2->0,l3_l_fe,fe,PART_FRAME,0.08684308752911782,260
2->0,l3_l_fe,fe,CSE_C11,0.23943653887974206,260
2->0,l3_l_fe,fe,CSE_C11_DENSITY,0.07475635196321109,260
2->0,l3_l_fe,fe,CSE_DENSITY_SHUFFLED,0.34880453446882853,260
2->0,l3_l_ta,ta,RANDOM,0.3499654916975434,45
2->0,l3_l_ta,ta,XYZ_RIGID,0.1875257062373168,45
2->0,l3_l_ta,ta,LOCAL_GEO,0.594417022857222,45
2->0,l3_l_ta,ta,PART_FRAME,0.2161354345550614,45
2->0,l3_l_ta,ta,CSE_C11,0.6684090722371697,45
2->0,l3_l_ta,ta,CSE_C11_DENSITY,0.21100075707568697,45
2->0,l3_l_ta,ta,CSE_DENSITY_SHUFFLED,0.3900892053522845,45
2->0,l3_l_ti,ti,RANDOM,0.3754719280251123,114
2->0,l3_l_ti,ti,XYZ_RIGID,0.09182838615999395,114
2->0,l3_l_ti,ti,LOCAL_GEO,0.21000664061406296,114
2->0,l3_l_ti,ti,PART_FRAME,0.14138525204782562,114
2->0,l3_l_ti,ti,CSE_C11,0.235955457136672,114
2->0,l3_l_ti,ti,CSE_C11_DENSITY,0.12505565659903847,114
2->0,l3_l_ti,ti,CSE_DENSITY_SHUFFLED,0.3637361250305974,114
2->0,l3_l_tr,tr,RANDOM,0.30307598779017575,344
2->0,l3_l_tr,tr,XYZ_RIGID,0.07911410598840976,344
2->0,l3_l_tr,tr,LOCAL_GEO,0.33532653645636795,344
2->0,l3_l_tr,tr,PART_FRAME,0.1421602857542315,344
2->0,l3_l_tr,tr,CSE_C11,0.30551394732112,344
2->0,l3_l_tr,tr,CSE_C11_DENSITY,0.07493135583929435,344
2->0,l3_l_tr,tr,CSE_DENSITY_SHUFFLED,0.3013767307554517,344
2->0,l3_r_co,co,RANDOM,0.5055288162151556,153
2->0,l3_r_co,co,XYZ_RIGID,0.15245875478468615,153
2->0,l3_r_co,co,LOCAL_GEO,0.5429443146385673,153
2->0,l3_r_co,co,PART_FRAME,0.14929042273173143,153
2->0,l3_r_co,co,CSE_C11,0.4368224009645176,153
2->0,l3_r_co,co,CSE_C11_DENSITY,0.2335664091955859,153
2->0,l3_r_co,co,CSE_DENSITY_SHUFFLED,0.4604351070741993,153
2->0,l3_r_fe,fe,RANDOM,0.3153498688985604,260
2->0,l3_r_fe,fe,XYZ_RIGID,0.04249274212731123,260
2->0,l3_r_fe,fe,LOCAL_GEO,0.3642434678551387,260
2->0,l3_r_fe,fe,PART_FRAME,0.06969708628011609,260
2->0,l3_r_fe,fe,CSE_C11,0.08570869683980359,260
2->0,l3_r_fe,fe,CSE_C11_DENSITY,0.09696067645331258,260
2->0,l3_r_fe,fe,CSE_DENSITY_SHUFFLED,0.33503590058969324,260
2->0,l3_r_ta,ta,RANDOM,0.40849282303838214,45
2->0,l3_r_ta,ta,XYZ_RIGID,0.1765581542707421,45
2->0,l3_r_ta,ta,LOCAL_GEO,0.5837595540476951,45
2->0,l3_r_ta,ta,PART_FRAME,0.1799869827119422,45
2->0,l3_r_ta,ta,CSE_C11,0.5044226764926857,45
2->0,l3_r_ta,ta,CSE_C11_DENSITY,0.1765581542707421,45
2->0,l3_r_ta,ta,CSE_DENSITY_SHUFFLED,0.4259667471481913,45
2->0,l3_r_ti,ti,RANDOM,0.3104213284998847,114
2->0,l3_r_ti,ti,XYZ_RIGID,0.08785186837814005,114
2->0,l3_r_ti,ti,LOCAL_GEO,0.19534663803294622,114
2->0,l3_r_ti,ti,PART_FRAME,0.10550541925990806,114
2->0,l3_r_ti,ti,CSE_C11,0.11848627325104216,114
2->0,l3_r_ti,ti,CSE_C11_DENSITY,0.11419772072120286,114
2->0,l3_r_ti,ti,CSE_DENSITY_SHUFFLED,0.31838351062508374,114
2->0,l3_r_tr,tr,RANDOM,0.3268067608696924,344
2->0,l3_r_tr,tr,XYZ_RIGID,0.07278227788490568,344
2->0,l3_r_tr,tr,LOCAL_GEO,0.38799530866301235,344
2->0,l3_r_tr,tr,PART_FRAME,0.10388441072268628,344
2->0,l3_r_tr,tr,CSE_C11,0.15449796668713672,344
2->0,l3_r_tr,tr,CSE_C11_DENSITY,0.08041351245341163,344
2->0,l3_r_tr,tr,CSE_DENSITY_SHUFFLED,0.3196276591020647,344
1->9,l1_l_co,co,RANDOM,0.2694245256751983,197
1->9,l1_l_co,co,XYZ_RIGID,0.09116658259291201,197
1->9,l1_l_co,co,LOCAL_GEO,0.2431029357679066,197
1->9,l1_l_co,co,PART_FRAME,0.12777070504892502,197
1->9,l1_l_co,co,CSE_C11,0.21577121313822722,197
1->9,l1_l_co,co,CSE_C11_DENSITY,0.15376288148170353,197
1->9,l1_l_co,co,CSE_DENSITY_SHUFFLED,0.26356739540048757,197
1->9,l1_l_fe,fe,RANDOM,0.33989107731626317,153
1->9,l1_l_fe,fe,XYZ_RIGID,0.10024233792010163,153
1->9,l1_l_fe,fe,LOCAL_GEO,0.3415270816779785,153
1->9,l1_l_fe,fe,PART_FRAME,0.08199199348091123,153
1->9,l1_l_fe,fe,CSE_C11,0.3785277441663227,153
1->9,l1_l_fe,fe,CSE_C11_DENSITY,0.17162647130150188,153
1->9,l1_l_fe,fe,CSE_DENSITY_SHUFFLED,0.3075102250425408,153
1->9,l1_l_ta,ta,RANDOM,0.3668200203438487,38
1->9,l1_l_ta,ta,XYZ_RIGID,0.13224198757460695,38
1->9,l1_l_ta,ta,LOCAL_GEO,0.3059559236937094,38
1->9,l1_l_ta,ta,PART_FRAME,0.21813778279066923,38
1->9,l1_l_ta,ta,CSE_C11,0.47938035706486554,38
1->9,l1_l_ta,ta,CSE_C11_DENSITY,0.4118911664964455,38
1->9,l1_l_ta,ta,CSE_DENSITY_SHUFFLED,0.3104824843879225,38
1->9,l1_l_ti,ti,RANDOM,0.2905280584837119,82
1->9,l1_l_ti,ti,XYZ_RIGID,0.10399962081924939,82
1->9,l1_l_ti,ti,LOCAL_GEO,0.6789928980055517,82
1->9,l1_l_ti,ti,PART_FRAME,0.1498985919504992,82
1->9,l1_l_ti,ti,CSE_C11,0.35742180221786807,82
1->9,l1_l_ti,ti,CSE_C11_DENSITY,0.10308665296213011,82
1->9,l1_l_ti,ti,CSE_DENSITY_SHUFFLED,0.32845300023992585,82
1->9,l1_l_tr,tr,RANDOM,0.33412031928491603,275
1->9,l1_l_tr,tr,XYZ_RIGID,0.10044712064716275,275
1->9,l1_l_tr,tr,LOCAL_GEO,0.2998958368761083,275
1->9,l1_l_tr,tr,PART_FRAME,0.11043347870035078,275
1->9,l1_l_tr,tr,CSE_C11,0.36400067728482494,275
1->9,l1_l_tr,tr,CSE_C11_DENSITY,0.12444414301947027,275
1->9,l1_l_tr,tr,CSE_DENSITY_SHUFFLED,0.3456778726187217,275
1->9,l1_r_co,co,RANDOM,0.28868364895016085,200
1->9,l1_r_co,co,XYZ_RIGID,0.08525616526224239,200
1->9,l1_r_co,co,LOCAL_GEO,0.3505512655996328,200
1->9,l1_r_co,co,PART_FRAME,0.10842280556494958,200
1->9,l1_r_co,co,CSE_C11,0.3632552192421471,200
1->9,l1_r_co,co,CSE_C11_DENSITY,0.2904737010753836,200
1->9,l1_r_co,co,CSE_DENSITY_SHUFFLED,0.2694534727924455,200
1->9,l1_r_fe,fe,RANDOM,0.37948958686961504,153
1->9,l1_r_fe,fe,XYZ_RIGID,0.09558923557031991,153
1->9,l1_r_fe,fe,LOCAL_GEO,0.2559181539962659,153
1->9,l1_r_fe,fe,PART_FRAME,0.08656681992225845,153
1->9,l1_r_fe,fe,CSE_C11,0.307645674688983,153
1->9,l1_r_fe,fe,CSE_C11_DENSITY,0.1098791274680368,153
1->9,l1_r_fe,fe,CSE_DENSITY_SHUFFLED,0.3227936981490107,153
1->9,l1_r_ta,ta,RANDOM,0.26578147656568096,38
1->9,l1_r_ta,ta,XYZ_RIGID,0.1418677168232324,38
1->9,l1_r_ta,ta,LOCAL_GEO,0.2503515580811225,38
1->9,l1_r_ta,ta,PART_FRAME,0.1462865025907759,38
1->9,l1_r_ta,ta,CSE_C11,0.31832275367595986,38
1->9,l1_r_ta,ta,CSE_C11_DENSITY,0.25326478232334715,38
1->9,l1_r_ta,ta,CSE_DENSITY_SHUFFLED,0.2770299735823798,38
1->9,l1_r_ti,ti,RANDOM,0.388280257539805,82
1->9,l1_r_ti,ti,XYZ_RIGID,0.13106297817945445,82
1->9,l1_r_ti,ti,LOCAL_GEO,0.44928538664954604,82
1->9,l1_r_ti,ti,PART_FRAME,0.10035937305561975,82
1->9,l1_r_ti,ti,CSE_C11,0.30064836494316477,82
1->9,l1_r_ti,ti,CSE_C11_DENSITY,0.22974940387755385,82
1->9,l1_r_ti,ti,CSE_DENSITY_SHUFFLED,0.27808954633584615,82
1->9,l1_r_tr,tr,RANDOM,0.33042828592648227,275
1->9,l1_r_tr,tr,XYZ_RIGID,0.0897101353976527,275
1->9,l1_r_tr,tr,LOCAL_GEO,0.30800268596874186,275
1->9,l1_r_tr,tr,PART_FRAME,0.1036213300456941,275
1->9,l1_r_tr,tr,CSE_C11,0.2391723248495107,275
1->9,l1_r_tr,tr,CSE_C11_DENSITY,0.10058424298646636,275
1->9,l1_r_tr,tr,CSE_DENSITY_SHUFFLED,0.3003573629271627,275
1->9,l2_l_co,co,RANDOM,0.5105961919697586,107
1->9,l2_l_co,co,XYZ_RIGID,0.3637838038801125,107
1->9,l2_l_co,co,LOCAL_GEO,0.47541975907223394,107
1->9,l2_l_co,co,PART_FRAME,0.3749116462905716,107
1->9,l2_l_co,co,CSE_C11,0.45499236462770687,107
1->9,l2_l_co,co,CSE_C11_DENSITY,0.34430069514100864,107
1->9,l2_l_co,co,CSE_DENSITY_SHUFFLED,0.5453264980352329,107
1->9,l2_l_fe,fe,RANDOM,0.27482841375964384,192
1->9,l2_l_fe,fe,XYZ_RIGID,0.08458467563828906,192
1->9,l2_l_fe,fe,LOCAL_GEO,0.2010197326670691,192
1->9,l2_l_fe,fe,PART_FRAME,0.11744265376846294,192
1->9,l2_l_fe,fe,CSE_C11,0.41216087650353206,192
1->9,l2_l_fe,fe,CSE_C11_DENSITY,0.11430056047395307,192
1->9,l2_l_fe,fe,CSE_DENSITY_SHUFFLED,0.29639197929964495,192
1->9,l2_l_ta,ta,RANDOM,0.3263131525098795,39
1->9,l2_l_ta,ta,XYZ_RIGID,0.15052525211681203,39
1->9,l2_l_ta,ta,LOCAL_GEO,0.42294882953968366,39
1->9,l2_l_ta,ta,PART_FRAME,0.16431172436724745,39
1->9,l2_l_ta,ta,CSE_C11,0.6136980195258613,39
1->9,l2_l_ta,ta,CSE_C11_DENSITY,0.1452855324663576,39
1->9,l2_l_ta,ta,CSE_DENSITY_SHUFFLED,0.32839572795200767,39
1->9,l2_l_ti,ti,RANDOM,0.33693083812283775,63
1->9,l2_l_ti,ti,XYZ_RIGID,0.11160262192749014,63
1->9,l2_l_ti,ti,LOCAL_GEO,0.24999238160067294,63
1->9,l2_l_ti,ti,PART_FRAME,0.14981834300557062,63
1->9,l2_l_ti,ti,CSE_C11,0.5343565862502696,63
1->9,l2_l_ti,ti,CSE_C11_DENSITY,0.2305269961109026,63
1->9,l2_l_ti,ti,CSE_DENSITY_SHUFFLED,0.34421348731537943,63
1->9,l2_l_tr,tr,RANDOM,0.37572784265385334,261
1->9,l2_l_tr,tr,XYZ_RIGID,0.13169373455454872,261
1->9,l2_l_tr,tr,LOCAL_GEO,0.3433738049819258,261
1->9,l2_l_tr,tr,PART_FRAME,0.1385834144759693,261
1->9,l2_l_tr,tr,CSE_C11,0.33859025454503994,261
1->9,l2_l_tr,tr,CSE_C11_DENSITY,0.10004982941951766,261
1->9,l2_l_tr,tr,CSE_DENSITY_SHUFFLED,0.37239518703186536,261
1->9,l2_r_co,co,RANDOM,0.5013438472852599,107
1->9,l2_r_co,co,XYZ_RIGID,0.2997567897196771,107
1->9,l2_r_co,co,LOCAL_GEO,0.4180485033350296,107
1->9,l2_r_co,co,PART_FRAME,0.2936292759229937,107
1->9,l2_r_co,co,CSE_C11,0.4365052611903877,107
1->9,l2_r_co,co,CSE_C11_DENSITY,0.20155647695491088,107
1->9,l2_r_co,co,CSE_DENSITY_SHUFFLED,0.45768113811642414,107
1->9,l2_r_fe,fe,RANDOM,0.2890246106975575,192
1->9,l2_r_fe,fe,XYZ_RIGID,0.11943022780745788,192
1->9,l2_r_fe,fe,LOCAL_GEO,0.21256366458080522,192
1->9,l2_r_fe,fe,PART_FRAME,0.11419821928870152,192
1->9,l2_r_fe,fe,CSE_C11,0.2560292585951517,192
1->9,l2_r_fe,fe,CSE_C11_DENSITY,0.11171814887958059,192
1->9,l2_r_fe,fe,CSE_DENSITY_SHUFFLED,0.29130687702216834,192
1->9,l2_r_ta,ta,RANDOM,0.32294358724221695,39
1->9,l2_r_ta,ta,XYZ_RIGID,0.12894413149115894,39
1->9,l2_r_ta,ta,LOCAL_GEO,0.2562715683602697,39
1->9,l2_r_ta,ta,PART_FRAME,0.13972708774215206,39
1->9,l2_r_ta,ta,CSE_C11,0.29350405510145855,39
1->9,l2_r_ta,ta,CSE_C11_DENSITY,0.41600729279448595,39
1->9,l2_r_ta,ta,CSE_DENSITY_SHUFFLED,0.2435973195371793,39
1->9,l2_r_ti,ti,RANDOM,0.3008159860106052,63
1->9,l2_r_ti,ti,XYZ_RIGID,0.09642077180045276,63
1->9,l2_r_ti,ti,LOCAL_GEO,0.21083341882106998,63
1->9,l2_r_ti,ti,PART_FRAME,0.09054127900988036,63
1->9,l2_r_ti,ti,CSE_C11,0.5282035243905813,63
1->9,l2_r_ti,ti,CSE_C11_DENSITY,0.44372745286886534,63
1->9,l2_r_ti,ti,CSE_DENSITY_SHUFFLED,0.262339011507053,63
1->9,l2_r_tr,tr,RANDOM,0.35324345908824467,261
1->9,l2_r_tr,tr,XYZ_RIGID,0.11676265537786316,261
1->9,l2_r_tr,tr,LOCAL_GEO,0.4711123335598994,261
1->9,l2_r_tr,tr,PART_FRAME,0.12191678771508985,261
1->9,l2_r_tr,tr,CSE_C11,0.35329934863867185,261
1->9,l2_r_tr,tr,CSE_C11_DENSITY,0.12718127538358898,261
1->9,l2_r_tr,tr,CSE_DENSITY_SHUFFLED,0.39334800470489645,261
1->9,l3_l_co,co,RANDOM,0.5110083543216122,153
1->9,l3_l_co,co,XYZ_RIGID,0.20233993597315808,153
1->9,l3_l_co,co,LOCAL_GEO,0.5131651041993364,153
1->9,l3_l_co,co,PART_FRAME,0.20668876975648268,153
1->9,l3_l_co,co,CSE_C11,0.46476357578171623,153
1->9,l3_l_co,co,CSE_C11_DENSITY,0.2641650392112419,153
1->9,l3_l_co,co,CSE_DENSITY_SHUFFLED,0.5196523990956712,153
1->9,l3_l_fe,fe,RANDOM,0.3199326889670655,260
1->9,l3_l_fe,fe,XYZ_RIGID,0.09636863384785663,260
1->9,l3_l_fe,fe,LOCAL_GEO,0.4841612775943322,260
1->9,l3_l_fe,fe,PART_FRAME,0.08837735467369431,260
1->9,l3_l_fe,fe,CSE_C11,0.20140133803491056,260
1->9,l3_l_fe,fe,CSE_C11_DENSITY,0.08676031305206701,260
1->9,l3_l_fe,fe,CSE_DENSITY_SHUFFLED,0.31170244573033384,260
1->9,l3_l_ta,ta,RANDOM,0.24469051771365993,45
1->9,l3_l_ta,ta,XYZ_RIGID,0.158273943568952,45
1->9,l3_l_ta,ta,LOCAL_GEO,0.5156810998698426,45
1->9,l3_l_ta,ta,PART_FRAME,0.18965933071624022,45
1->9,l3_l_ta,ta,CSE_C11,0.25217732882526195,45
1->9,l3_l_ta,ta,CSE_C11_DENSITY,0.32513843792418223,45
1->9,l3_l_ta,ta,CSE_DENSITY_SHUFFLED,0.26626839984562695,45
1->9,l3_l_ti,ti,RANDOM,0.3031621846341472,114
1->9,l3_l_ti,ti,XYZ_RIGID,0.07439326183289338,114
1->9,l3_l_ti,ti,LOCAL_GEO,0.13118686078820802,114
1->9,l3_l_ti,ti,PART_FRAME,0.11772947639871839,114
1->9,l3_l_ti,ti,CSE_C11,0.2680534539972397,114
1->9,l3_l_ti,ti,CSE_C11_DENSITY,0.24905612067210095,114
1->9,l3_l_ti,ti,CSE_DENSITY_SHUFFLED,0.3822185811028287,114
1->9,l3_l_tr,tr,RANDOM,0.34746809348773045,344
1->9,l3_l_tr,tr,XYZ_RIGID,0.12112408756467231,344
1->9,l3_l_tr,tr,LOCAL_GEO,0.3214406503163036,344
1->9,l3_l_tr,tr,PART_FRAME,0.09478650720216947,344
1->9,l3_l_tr,tr,CSE_C11,0.16647801722174516,344
1->9,l3_l_tr,tr,CSE_C11_DENSITY,0.13023875166322701,344
1->9,l3_l_tr,tr,CSE_DENSITY_SHUFFLED,0.32408410071686145,344
1->9,l3_r_co,co,RANDOM,0.4532939005516511,153
1->9,l3_r_co,co,XYZ_RIGID,0.38878341539992883,153
1->9,l3_r_co,co,LOCAL_GEO,0.519431779677691,153
1->9,l3_r_co,co,PART_FRAME,0.40601989944768785,153
1->9,l3_r_co,co,CSE_C11,0.37040773461450544,153
1->9,l3_r_co,co,CSE_C11_DENSITY,0.4814196860920964,153
1->9,l3_r_co,co,CSE_DENSITY_SHUFFLED,0.5093574180813853,153
1->9,l3_r_fe,fe,RANDOM,0.33203242834304203,260
1->9,l3_r_fe,fe,XYZ_RIGID,0.09070059627211739,260
1->9,l3_r_fe,fe,LOCAL_GEO,0.4753116712159864,260
1->9,l3_r_fe,fe,PART_FRAME,0.07721307902183373,260
1->9,l3_r_fe,fe,CSE_C11,0.10271614282460076,260
1->9,l3_r_fe,fe,CSE_C11_DENSITY,0.14766126011607023,260
1->9,l3_r_fe,fe,CSE_DENSITY_SHUFFLED,0.35282765056715004,260
1->9,l3_r_ta,ta,RANDOM,0.3684024759406337,45
1->9,l3_r_ta,ta,XYZ_RIGID,0.17236406222558043,45
1->9,l3_r_ta,ta,LOCAL_GEO,0.5177407777665087,45
1->9,l3_r_ta,ta,PART_FRAME,0.20171936275889996,45
1->9,l3_r_ta,ta,CSE_C11,0.18015157080515426,45
1->9,l3_r_ta,ta,CSE_C11_DENSITY,0.26147246153685677,45
1->9,l3_r_ta,ta,CSE_DENSITY_SHUFFLED,0.2674399985404602,45
1->9,l3_r_ti,ti,RANDOM,0.3312014454330888,114
1->9,l3_r_ti,ti,XYZ_RIGID,0.06799924625711379,114
1->9,l3_r_ti,ti,LOCAL_GEO,0.18967769778604546,114
1->9,l3_r_ti,ti,PART_FRAME,0.12089615325778003,114
1->9,l3_r_ti,ti,CSE_C11,0.1894352328166059,114
1->9,l3_r_ti,ti,CSE_C11_DENSITY,0.20801967825403625,114
1->9,l3_r_ti,ti,CSE_DENSITY_SHUFFLED,0.2940200476510244,114
1->9,l3_r_tr,tr,RANDOM,0.3101747170170537,344
1->9,l3_r_tr,tr,XYZ_RIGID,0.15054265831327895,344
1->9,l3_r_tr,tr,LOCAL_GEO,0.4072875143036292,344
1->9,l3_r_tr,tr,PART_FRAME,0.1235433763115565,344
1->9,l3_r_tr,tr,CSE_C11,0.2307602452010955,344
1->9,l3_r_tr,tr,CSE_C11_DENSITY,0.10856440888699638,344
1->9,l3_r_tr,tr,CSE_DENSITY_SHUFFLED,0.3341006646919966,344
6->4,l1_l_co,co,RANDOM,0.38026665966897405,197
6->4,l1_l_co,co,XYZ_RIGID,0.10654289612677827,197
6->4,l1_l_co,co,LOCAL_GEO,0.3847607426529971,197
6->4,l1_l_co,co,PART_FRAME,0.10898667281787168,197
6->4,l1_l_co,co,CSE_C11,0.26647920208886205,197
6->4,l1_l_co,co,CSE_C11_DENSITY,0.20617720154457414,197
6->4,l1_l_co,co,CSE_DENSITY_SHUFFLED,0.3725299361002227,197
6->4,l1_l_fe,fe,RANDOM,0.36992281359128815,153
6->4,l1_l_fe,fe,XYZ_RIGID,0.10328790484723822,153
6->4,l1_l_fe,fe,LOCAL_GEO,0.18451113512339878,153
6->4,l1_l_fe,fe,PART_FRAME,0.1344761092557254,153
6->4,l1_l_fe,fe,CSE_C11,0.37003249336754634,153
6->4,l1_l_fe,fe,CSE_C11_DENSITY,0.09334564175608015,153
6->4,l1_l_fe,fe,CSE_DENSITY_SHUFFLED,0.33134391013350006,153
6->4,l1_l_ta,ta,RANDOM,0.3835615764440402,38
6->4,l1_l_ta,ta,XYZ_RIGID,0.1182550357861688,38
6->4,l1_l_ta,ta,LOCAL_GEO,0.4023672417238731,38
6->4,l1_l_ta,ta,PART_FRAME,0.16641245083225087,38
6->4,l1_l_ta,ta,CSE_C11,0.2742739322378753,38
6->4,l1_l_ta,ta,CSE_C11_DENSITY,0.16441244595856172,38
6->4,l1_l_ta,ta,CSE_DENSITY_SHUFFLED,0.2886427111450605,38
6->4,l1_l_ti,ti,RANDOM,0.3096450142515269,82
6->4,l1_l_ti,ti,XYZ_RIGID,0.11914294364400868,82
6->4,l1_l_ti,ti,LOCAL_GEO,0.17816953351230583,82
6->4,l1_l_ti,ti,PART_FRAME,0.14360474658662647,82
6->4,l1_l_ti,ti,CSE_C11,0.2412660598850218,82
6->4,l1_l_ti,ti,CSE_C11_DENSITY,0.1698152953279968,82
6->4,l1_l_ti,ti,CSE_DENSITY_SHUFFLED,0.32498899102337153,82
6->4,l1_l_tr,tr,RANDOM,0.33933806461181854,275
6->4,l1_l_tr,tr,XYZ_RIGID,0.08815185910226937,275
6->4,l1_l_tr,tr,LOCAL_GEO,0.39756518095356314,275
6->4,l1_l_tr,tr,PART_FRAME,0.09804329181676029,275
6->4,l1_l_tr,tr,CSE_C11,0.5246436595955749,275
6->4,l1_l_tr,tr,CSE_C11_DENSITY,0.10610177956151129,275
6->4,l1_l_tr,tr,CSE_DENSITY_SHUFFLED,0.3279266906461538,275
6->4,l1_r_co,co,RANDOM,0.3484835214091523,200
6->4,l1_r_co,co,XYZ_RIGID,0.11797654175707442,200
6->4,l1_r_co,co,LOCAL_GEO,0.34343338705752463,200
6->4,l1_r_co,co,PART_FRAME,0.1122345268404181,200
6->4,l1_r_co,co,CSE_C11,0.33525524486988467,200
6->4,l1_r_co,co,CSE_C11_DENSITY,0.3526821293658867,200
6->4,l1_r_co,co,CSE_DENSITY_SHUFFLED,0.3860017750425734,200
6->4,l1_r_fe,fe,RANDOM,0.36062943806704634,153
6->4,l1_r_fe,fe,XYZ_RIGID,0.09155723011118258,153
6->4,l1_r_fe,fe,LOCAL_GEO,0.4555344709858243,153
6->4,l1_r_fe,fe,PART_FRAME,0.1190507211317736,153
6->4,l1_r_fe,fe,CSE_C11,0.5374548499669276,153
6->4,l1_r_fe,fe,CSE_C11_DENSITY,0.4123376338242568,153
6->4,l1_r_fe,fe,CSE_DENSITY_SHUFFLED,0.3568486981608248,153
6->4,l1_r_ta,ta,RANDOM,0.25622913083832866,38
6->4,l1_r_ta,ta,XYZ_RIGID,0.09284017799895145,38
6->4,l1_r_ta,ta,LOCAL_GEO,0.1524400738290003,38
6->4,l1_r_ta,ta,PART_FRAME,0.13810066584048414,38
6->4,l1_r_ta,ta,CSE_C11,0.5865277686236509,38
6->4,l1_r_ta,ta,CSE_C11_DENSITY,0.2051880440390476,38
6->4,l1_r_ta,ta,CSE_DENSITY_SHUFFLED,0.2854282498773708,38
6->4,l1_r_ti,ti,RANDOM,0.3258239927323829,82
6->4,l1_r_ti,ti,XYZ_RIGID,0.11766676116819239,82
6->4,l1_r_ti,ti,LOCAL_GEO,0.1808725803568848,82
6->4,l1_r_ti,ti,PART_FRAME,0.13293900502445366,82
6->4,l1_r_ti,ti,CSE_C11,0.3220222183350444,82
6->4,l1_r_ti,ti,CSE_C11_DENSITY,0.23524428251204793,82
6->4,l1_r_ti,ti,CSE_DENSITY_SHUFFLED,0.2719195548385557,82
6->4,l1_r_tr,tr,RANDOM,0.3287392667311219,275
6->4,l1_r_tr,tr,XYZ_RIGID,0.06805640969504827,275
6->4,l1_r_tr,tr,LOCAL_GEO,0.29748047370704694,275
6->4,l1_r_tr,tr,PART_FRAME,0.09586425501445293,275
6->4,l1_r_tr,tr,CSE_C11,0.5778339140155717,275
6->4,l1_r_tr,tr,CSE_C11_DENSITY,0.1444046389260899,275
6->4,l1_r_tr,tr,CSE_DENSITY_SHUFFLED,0.3778086572405022,275
6->4,l2_l_co,co,RANDOM,0.4494775444055236,107
6->4,l2_l_co,co,XYZ_RIGID,0.30452455613924173,107
6->4,l2_l_co,co,LOCAL_GEO,0.5059300624110014,107
6->4,l2_l_co,co,PART_FRAME,0.3034085700300035,107
6->4,l2_l_co,co,CSE_C11,0.47625817287116656,107
6->4,l2_l_co,co,CSE_C11_DENSITY,0.44286346573939195,107
6->4,l2_l_co,co,CSE_DENSITY_SHUFFLED,0.46903856071376393,107
6->4,l2_l_fe,fe,RANDOM,0.24286814700434806,192
6->4,l2_l_fe,fe,XYZ_RIGID,0.16149363923659266,192
6->4,l2_l_fe,fe,LOCAL_GEO,0.36788964656206735,192
6->4,l2_l_fe,fe,PART_FRAME,0.10684170064847254,192
6->4,l2_l_fe,fe,CSE_C11,0.763318481820336,192
6->4,l2_l_fe,fe,CSE_C11_DENSITY,0.1046356212011076,192
6->4,l2_l_fe,fe,CSE_DENSITY_SHUFFLED,0.3832763899805235,192
6->4,l2_l_ta,ta,RANDOM,0.30787388409137717,39
6->4,l2_l_ta,ta,XYZ_RIGID,0.14539544384069472,39
6->4,l2_l_ta,ta,LOCAL_GEO,0.31495270565926525,39
6->4,l2_l_ta,ta,PART_FRAME,0.19415282205030832,39
6->4,l2_l_ta,ta,CSE_C11,0.30843134186791477,39
6->4,l2_l_ta,ta,CSE_C11_DENSITY,0.21570617828003574,39
6->4,l2_l_ta,ta,CSE_DENSITY_SHUFFLED,0.38499355143058983,39
6->4,l2_l_ti,ti,RANDOM,0.24494615121249197,63
6->4,l2_l_ti,ti,XYZ_RIGID,0.12630264663898866,63
6->4,l2_l_ti,ti,LOCAL_GEO,0.4725695928962969,63
6->4,l2_l_ti,ti,PART_FRAME,0.1842780028130027,63
6->4,l2_l_ti,ti,CSE_C11,0.7414381550267474,63
6->4,l2_l_ti,ti,CSE_C11_DENSITY,0.1596617334901644,63
6->4,l2_l_ti,ti,CSE_DENSITY_SHUFFLED,0.24877624592030467,63
6->4,l2_l_tr,tr,RANDOM,0.28632174584134146,261
6->4,l2_l_tr,tr,XYZ_RIGID,0.07734762319228573,261
6->4,l2_l_tr,tr,LOCAL_GEO,0.3093836444812024,261
6->4,l2_l_tr,tr,PART_FRAME,0.08136552475760947,261
6->4,l2_l_tr,tr,CSE_C11,0.18591712327347712,261
6->4,l2_l_tr,tr,CSE_C11_DENSITY,0.07389510092061577,261
6->4,l2_l_tr,tr,CSE_DENSITY_SHUFFLED,0.32997463368981655,261
6->4,l2_r_co,co,RANDOM,0.4953434836341544,107
6->4,l2_r_co,co,XYZ_RIGID,0.4251640903120267,107
6->4,l2_r_co,co,LOCAL_GEO,0.5320433634443742,107
6->4,l2_r_co,co,PART_FRAME,0.42918154759794586,107
6->4,l2_r_co,co,CSE_C11,0.510215534844918,107
6->4,l2_r_co,co,CSE_C11_DENSITY,0.38018489247730747,107
6->4,l2_r_co,co,CSE_DENSITY_SHUFFLED,0.47901701357156995,107
6->4,l2_r_fe,fe,RANDOM,0.26398215205031594,192
6->4,l2_r_fe,fe,XYZ_RIGID,0.1628687339300004,192
6->4,l2_r_fe,fe,LOCAL_GEO,0.4529665492674636,192
6->4,l2_r_fe,fe,PART_FRAME,0.11323063470745345,192
6->4,l2_r_fe,fe,CSE_C11,0.389499161784008,192
6->4,l2_r_fe,fe,CSE_C11_DENSITY,0.1669781445610728,192
6->4,l2_r_fe,fe,CSE_DENSITY_SHUFFLED,0.2543280615595942,192
6->4,l2_r_ta,ta,RANDOM,0.3048051050981306,39
6->4,l2_r_ta,ta,XYZ_RIGID,0.14993303595280444,39
6->4,l2_r_ta,ta,LOCAL_GEO,0.4168343421843984,39
6->4,l2_r_ta,ta,PART_FRAME,0.2071025987151216,39
6->4,l2_r_ta,ta,CSE_C11,0.5088247799267671,39
6->4,l2_r_ta,ta,CSE_C11_DENSITY,0.26877817163272766,39
6->4,l2_r_ta,ta,CSE_DENSITY_SHUFFLED,0.34401627571643056,39
6->4,l2_r_ti,ti,RANDOM,0.27711917956891763,63
6->4,l2_r_ti,ti,XYZ_RIGID,0.12143592903759147,63
6->4,l2_r_ti,ti,LOCAL_GEO,0.4440166713741484,63
6->4,l2_r_ti,ti,PART_FRAME,0.18164423402338542,63
6->4,l2_r_ti,ti,CSE_C11,0.2446360722444182,63
6->4,l2_r_ti,ti,CSE_C11_DENSITY,0.19236658331185735,63
6->4,l2_r_ti,ti,CSE_DENSITY_SHUFFLED,0.3034172687336127,63
6->4,l2_r_tr,tr,RANDOM,0.28422381383029616,261
6->4,l2_r_tr,tr,XYZ_RIGID,0.078258149307061,261
6->4,l2_r_tr,tr,LOCAL_GEO,0.4000553524494883,261
6->4,l2_r_tr,tr,PART_FRAME,0.11108227526770069,261
6->4,l2_r_tr,tr,CSE_C11,0.28624204315186913,261
6->4,l2_r_tr,tr,CSE_C11_DENSITY,0.0907126085138959,261
6->4,l2_r_tr,tr,CSE_DENSITY_SHUFFLED,0.31406525884068276,261
6->4,l3_l_co,co,RANDOM,0.31111805306006934,153
6->4,l3_l_co,co,XYZ_RIGID,0.26174279192830613,153
6->4,l3_l_co,co,LOCAL_GEO,0.33773609329032583,153
6->4,l3_l_co,co,PART_FRAME,0.28306893607597383,153
6->4,l3_l_co,co,CSE_C11,0.3364199337087628,153
6->4,l3_l_co,co,CSE_C11_DENSITY,0.36145873377993415,153
6->4,l3_l_co,co,CSE_DENSITY_SHUFFLED,0.315803642792742,153
6->4,l3_l_fe,fe,RANDOM,0.2625683911196779,260
6->4,l3_l_fe,fe,XYZ_RIGID,0.10229521296932687,260
6->4,l3_l_fe,fe,LOCAL_GEO,0.34142839567536337,260
6->4,l3_l_fe,fe,PART_FRAME,0.10284739877218738,260
6->4,l3_l_fe,fe,CSE_C11,0.22729418245261668,260
6->4,l3_l_fe,fe,CSE_C11_DENSITY,0.09300689751628557,260
6->4,l3_l_fe,fe,CSE_DENSITY_SHUFFLED,0.2551412572981547,260
6->4,l3_l_ta,ta,RANDOM,0.31096206345781235,45
6->4,l3_l_ta,ta,XYZ_RIGID,0.24773144269192293,45
6->4,l3_l_ta,ta,LOCAL_GEO,0.6078593502600945,45
6->4,l3_l_ta,ta,PART_FRAME,0.23259847799685177,45
6->4,l3_l_ta,ta,CSE_C11,0.5710360775574157,45
6->4,l3_l_ta,ta,CSE_C11_DENSITY,0.2691197615372929,45
6->4,l3_l_ta,ta,CSE_DENSITY_SHUFFLED,0.322365980454649,45
6->4,l3_l_ti,ti,RANDOM,0.3379769888355637,114
6->4,l3_l_ti,ti,XYZ_RIGID,0.10516722245052318,114
6->4,l3_l_ti,ti,LOCAL_GEO,0.35476346699101136,114
6->4,l3_l_ti,ti,PART_FRAME,0.15791234189112296,114
6->4,l3_l_ti,ti,CSE_C11,0.1666375775186703,114
6->4,l3_l_ti,ti,CSE_C11_DENSITY,0.11255835045633938,114
6->4,l3_l_ti,ti,CSE_DENSITY_SHUFFLED,0.345997235166467,114
6->4,l3_l_tr,tr,RANDOM,0.33538221932067336,344
6->4,l3_l_tr,tr,XYZ_RIGID,0.08860682518097766,344
6->4,l3_l_tr,tr,LOCAL_GEO,0.2901348416257641,344
6->4,l3_l_tr,tr,PART_FRAME,0.10490257992419308,344
6->4,l3_l_tr,tr,CSE_C11,0.2444395679970223,344
6->4,l3_l_tr,tr,CSE_C11_DENSITY,0.09781305892939049,344
6->4,l3_l_tr,tr,CSE_DENSITY_SHUFFLED,0.3897950377893885,344
6->4,l3_r_co,co,RANDOM,0.3042722964178615,153
6->4,l3_r_co,co,XYZ_RIGID,0.2733380721060808,153
6->4,l3_r_co,co,LOCAL_GEO,0.3230980167052897,153
6->4,l3_r_co,co,PART_FRAME,0.2475634432439776,153
6->4,l3_r_co,co,CSE_C11,0.5552458059472034,153
6->4,l3_r_co,co,CSE_C11_DENSITY,0.32811911479215783,153
6->4,l3_r_co,co,CSE_DENSITY_SHUFFLED,0.2764324579349172,153
6->4,l3_r_fe,fe,RANDOM,0.2807095289235544,260
6->4,l3_r_fe,fe,XYZ_RIGID,0.11885959998454323,260
6->4,l3_r_fe,fe,LOCAL_GEO,0.31328704073579755,260
6->4,l3_r_fe,fe,PART_FRAME,0.1056233542632368,260
6->4,l3_r_fe,fe,CSE_C11,0.12388976519790287,260
6->4,l3_r_fe,fe,CSE_C11_DENSITY,0.10592446989769341,260
6->4,l3_r_fe,fe,CSE_DENSITY_SHUFFLED,0.26525193487249477,260
6->4,l3_r_ta,ta,RANDOM,0.27827266861080524,45
6->4,l3_r_ta,ta,XYZ_RIGID,0.2302455177952909,45
6->4,l3_r_ta,ta,LOCAL_GEO,0.5738550504751889,45
6->4,l3_r_ta,ta,PART_FRAME,0.21967173115081365,45
6->4,l3_r_ta,ta,CSE_C11,0.6836521912180185,45
6->4,l3_r_ta,ta,CSE_C11_DENSITY,0.25476334330082656,45
6->4,l3_r_ta,ta,CSE_DENSITY_SHUFFLED,0.48152908282123497,45
6->4,l3_r_ti,ti,RANDOM,0.2945497024848758,114
6->4,l3_r_ti,ti,XYZ_RIGID,0.1063320332939857,114
6->4,l3_r_ti,ti,LOCAL_GEO,0.21606654365244893,114
6->4,l3_r_ti,ti,PART_FRAME,0.17669334698291866,114
6->4,l3_r_ti,ti,CSE_C11,0.2431450833565814,114
6->4,l3_r_ti,ti,CSE_C11_DENSITY,0.16503049446101387,114
6->4,l3_r_ti,ti,CSE_DENSITY_SHUFFLED,0.33441281726029437,114
6->4,l3_r_tr,tr,RANDOM,0.37338982910960444,344
6->4,l3_r_tr,tr,XYZ_RIGID,0.0877546704779899,344
6->4,l3_r_tr,tr,LOCAL_GEO,0.28097584651786517,344
6->4,l3_r_tr,tr,PART_FRAME,0.09477021909673614,344
6->4,l3_r_tr,tr,CSE_C11,0.3501983797110153,344
6->4,l3_r_tr,tr,CSE_C11_DENSITY,0.0793154589432774,344
6->4,l3_r_tr,tr,CSE_DENSITY_SHUFFLED,0.3654136694232174,344
6->10,l1_l_co,co,RANDOM,0.4205863026948453,197
6->10,l1_l_co,co,XYZ_RIGID,0.17537614684061756,197
6->10,l1_l_co,co,LOCAL_GEO,0.3392373493325025,197
6->10,l1_l_co,co,PART_FRAME,0.15950329081684125,197
6->10,l1_l_co,co,CSE_C11,0.4226367249870164,197
6->10,l1_l_co,co,CSE_C11_DENSITY,0.2108629778193617,197
6->10,l1_l_co,co,CSE_DENSITY_SHUFFLED,0.4020805145687239,197
6->10,l1_l_fe,fe,RANDOM,0.3976238112601493,153
6->10,l1_l_fe,fe,XYZ_RIGID,0.03307912598063904,153
6->10,l1_l_fe,fe,LOCAL_GEO,0.1266241334351277,153
6->10,l1_l_fe,fe,PART_FRAME,0.08431457828003783,153
6->10,l1_l_fe,fe,CSE_C11,0.12765950571327722,153
6->10,l1_l_fe,fe,CSE_C11_DENSITY,0.12696769001354258,153
6->10,l1_l_fe,fe,CSE_DENSITY_SHUFFLED,0.292783679643467,153
6->10,l1_l_ta,ta,RANDOM,0.2567349441403822,38
6->10,l1_l_ta,ta,XYZ_RIGID,0.18671273746984407,38
6->10,l1_l_ta,ta,LOCAL_GEO,0.34960429691098627,38
6->10,l1_l_ta,ta,PART_FRAME,0.2274234249004379,38
6->10,l1_l_ta,ta,CSE_C11,0.7489576953749109,38
6->10,l1_l_ta,ta,CSE_C11_DENSITY,0.27105085595745115,38
6->10,l1_l_ta,ta,CSE_DENSITY_SHUFFLED,0.2750441935182315,38
6->10,l1_l_ti,ti,RANDOM,0.3667334578078251,82
6->10,l1_l_ti,ti,XYZ_RIGID,0.0668567740972173,82
6->10,l1_l_ti,ti,LOCAL_GEO,0.1194249081670597,82
6->10,l1_l_ti,ti,PART_FRAME,0.0866525700011191,82
6->10,l1_l_ti,ti,CSE_C11,0.45725171439062545,82
6->10,l1_l_ti,ti,CSE_C11_DENSITY,0.24059200943027165,82
6->10,l1_l_ti,ti,CSE_DENSITY_SHUFFLED,0.28522969149879984,82
6->10,l1_l_tr,tr,RANDOM,0.4121817387096715,275
6->10,l1_l_tr,tr,XYZ_RIGID,0.12479836745964036,275
6->10,l1_l_tr,tr,LOCAL_GEO,0.38797736997638294,275
6->10,l1_l_tr,tr,PART_FRAME,0.09032068068823113,275
6->10,l1_l_tr,tr,CSE_C11,0.36351553249194335,275
6->10,l1_l_tr,tr,CSE_C11_DENSITY,0.1036029502644544,275
6->10,l1_l_tr,tr,CSE_DENSITY_SHUFFLED,0.33316738340720603,275
6->10,l1_r_co,co,RANDOM,0.40475584577094254,200
6->10,l1_r_co,co,XYZ_RIGID,0.26343959748807605,200
6->10,l1_r_co,co,LOCAL_GEO,0.4135883932042684,200
6->10,l1_r_co,co,PART_FRAME,0.3300722093172409,200
6->10,l1_r_co,co,CSE_C11,0.3890361823106208,200
6->10,l1_r_co,co,CSE_C11_DENSITY,0.30443971442956086,200
6->10,l1_r_co,co,CSE_DENSITY_SHUFFLED,0.45208778450856496,200
6->10,l1_r_fe,fe,RANDOM,0.30741269528969284,153
6->10,l1_r_fe,fe,XYZ_RIGID,0.044387239769989734,153
6->10,l1_r_fe,fe,LOCAL_GEO,0.11375087079591548,153
6->10,l1_r_fe,fe,PART_FRAME,0.0862887049597093,153
6->10,l1_r_fe,fe,CSE_C11,0.470227389874795,153
6->10,l1_r_fe,fe,CSE_C11_DENSITY,0.12574113453011262,153
6->10,l1_r_fe,fe,CSE_DENSITY_SHUFFLED,0.2678785531140983,153
6->10,l1_r_ta,ta,RANDOM,0.29249157121240477,38
6->10,l1_r_ta,ta,XYZ_RIGID,0.19657786596209653,38
6->10,l1_r_ta,ta,LOCAL_GEO,0.2578232622001146,38
6->10,l1_r_ta,ta,PART_FRAME,0.19556251673696387,38
6->10,l1_r_ta,ta,CSE_C11,0.22186790074834375,38
6->10,l1_r_ta,ta,CSE_C11_DENSITY,0.36165036187921923,38
6->10,l1_r_ta,ta,CSE_DENSITY_SHUFFLED,0.23416609629593835,38
6->10,l1_r_ti,ti,RANDOM,0.4032894565329085,82
6->10,l1_r_ti,ti,XYZ_RIGID,0.08478110190224425,82
6->10,l1_r_ti,ti,LOCAL_GEO,0.10533767012480394,82
6->10,l1_r_ti,ti,PART_FRAME,0.12404653450176042,82
6->10,l1_r_ti,ti,CSE_C11,0.5244701909855303,82
6->10,l1_r_ti,ti,CSE_C11_DENSITY,0.24980393012488916,82
6->10,l1_r_ti,ti,CSE_DENSITY_SHUFFLED,0.286064948858076,82
6->10,l1_r_tr,tr,RANDOM,0.3715628083015843,275
6->10,l1_r_tr,tr,XYZ_RIGID,0.09437387971321777,275
6->10,l1_r_tr,tr,LOCAL_GEO,0.5009217092120486,275
6->10,l1_r_tr,tr,PART_FRAME,0.07779384108617235,275
6->10,l1_r_tr,tr,CSE_C11,0.30970468935783213,275
6->10,l1_r_tr,tr,CSE_C11_DENSITY,0.1618940464137752,275
6->10,l1_r_tr,tr,CSE_DENSITY_SHUFFLED,0.35675646715528325,275
6->10,l2_l_co,co,RANDOM,0.40299109388420484,107
6->10,l2_l_co,co,XYZ_RIGID,0.49446851733127506,107
6->10,l2_l_co,co,LOCAL_GEO,0.3709488747567299,107
6->10,l2_l_co,co,PART_FRAME,0.5207127905862655,107
6->10,l2_l_co,co,CSE_C11,0.4381514093796198,107
6->10,l2_l_co,co,CSE_C11_DENSITY,0.23833157761656698,107
6->10,l2_l_co,co,CSE_DENSITY_SHUFFLED,0.38793648545580584,107
6->10,l2_l_fe,fe,RANDOM,0.348792222647181,192
6->10,l2_l_fe,fe,XYZ_RIGID,0.10662252595801876,192
6->10,l2_l_fe,fe,LOCAL_GEO,0.21437124460818724,192
6->10,l2_l_fe,fe,PART_FRAME,0.11185037635978728,192
6->10,l2_l_fe,fe,CSE_C11,0.3548110337471513,192
6->10,l2_l_fe,fe,CSE_C11_DENSITY,0.0986720747228823,192
6->10,l2_l_fe,fe,CSE_DENSITY_SHUFFLED,0.35705357495702145,192
6->10,l2_l_ta,ta,RANDOM,0.26891968688199486,39
6->10,l2_l_ta,ta,XYZ_RIGID,0.10565232543658747,39
6->10,l2_l_ta,ta,LOCAL_GEO,0.15652009864150865,39
6->10,l2_l_ta,ta,PART_FRAME,0.19723060574666704,39
6->10,l2_l_ta,ta,CSE_C11,0.552692935515771,39
6->10,l2_l_ta,ta,CSE_C11_DENSITY,0.19101024969031657,39
6->10,l2_l_ta,ta,CSE_DENSITY_SHUFFLED,0.32902245439774025,39
6->10,l2_l_ti,ti,RANDOM,0.2626743336554367,63
6->10,l2_l_ti,ti,XYZ_RIGID,0.10073330416263485,63
6->10,l2_l_ti,ti,LOCAL_GEO,0.1405231009398339,63
6->10,l2_l_ti,ti,PART_FRAME,0.14365733980545808,63
6->10,l2_l_ti,ti,CSE_C11,0.2541964289228243,63
6->10,l2_l_ti,ti,CSE_C11_DENSITY,0.1775229835970695,63
6->10,l2_l_ti,ti,CSE_DENSITY_SHUFFLED,0.2861745168042679,63
6->10,l2_l_tr,tr,RANDOM,0.3930738133735506,261
6->10,l2_l_tr,tr,XYZ_RIGID,0.07185114990445225,261
6->10,l2_l_tr,tr,LOCAL_GEO,0.26808167269751054,261
6->10,l2_l_tr,tr,PART_FRAME,0.09022431711102569,261
6->10,l2_l_tr,tr,CSE_C11,0.4047850052938511,261
6->10,l2_l_tr,tr,CSE_C11_DENSITY,0.08272197094300363,261
6->10,l2_l_tr,tr,CSE_DENSITY_SHUFFLED,0.40307853734010557,261
6->10,l2_r_co,co,RANDOM,0.35599036737479506,107
6->10,l2_r_co,co,XYZ_RIGID,0.1531058008688336,107
6->10,l2_r_co,co,LOCAL_GEO,0.30793133890242896,107
6->10,l2_r_co,co,PART_FRAME,0.1445752588787364,107
6->10,l2_r_co,co,CSE_C11,0.43022243038248836,107
6->10,l2_r_co,co,CSE_C11_DENSITY,0.22535393398244108,107
6->10,l2_r_co,co,CSE_DENSITY_SHUFFLED,0.3930695402943559,107
6->10,l2_r_fe,fe,RANDOM,0.38714445044179846,192
6->10,l2_r_fe,fe,XYZ_RIGID,0.11976440551441259,192
6->10,l2_r_fe,fe,LOCAL_GEO,0.25268227844339114,192
6->10,l2_r_fe,fe,PART_FRAME,0.12280349876787128,192
6->10,l2_r_fe,fe,CSE_C11,0.4013774987546561,192
6->10,l2_r_fe,fe,CSE_C11_DENSITY,0.10916312003447616,192
6->10,l2_r_fe,fe,CSE_DENSITY_SHUFFLED,0.26830137286355404,192
6->10,l2_r_ta,ta,RANDOM,0.3910323340439493,39
6->10,l2_r_ta,ta,XYZ_RIGID,0.15144471960353612,39
6->10,l2_r_ta,ta,LOCAL_GEO,0.19585408012472943,39
6->10,l2_r_ta,ta,PART_FRAME,0.17315013512669106,39
6->10,l2_r_ta,ta,CSE_C11,0.4816814295554649,39
6->10,l2_r_ta,ta,CSE_C11_DENSITY,0.19585408012472943,39
6->10,l2_r_ta,ta,CSE_DENSITY_SHUFFLED,0.37991131846573484,39
6->10,l2_r_ti,ti,RANDOM,0.3404958871775474,63
6->10,l2_r_ti,ti,XYZ_RIGID,0.09424547679869309,63
6->10,l2_r_ti,ti,LOCAL_GEO,0.17123189558036855,63
6->10,l2_r_ti,ti,PART_FRAME,0.15230978221343439,63
6->10,l2_r_ti,ti,CSE_C11,0.5421871049082377,63
6->10,l2_r_ti,ti,CSE_C11_DENSITY,0.20800809357559205,63
6->10,l2_r_ti,ti,CSE_DENSITY_SHUFFLED,0.2844371847460905,63
6->10,l2_r_tr,tr,RANDOM,0.3277197777739151,261
6->10,l2_r_tr,tr,XYZ_RIGID,0.07718513294915548,261
6->10,l2_r_tr,tr,LOCAL_GEO,0.30501484472309515,261
6->10,l2_r_tr,tr,PART_FRAME,0.10528332702455302,261
6->10,l2_r_tr,tr,CSE_C11,0.13631871729312192,261
6->10,l2_r_tr,tr,CSE_C11_DENSITY,0.10191748598990907,261
6->10,l2_r_tr,tr,CSE_DENSITY_SHUFFLED,0.35168925484552427,261
6->10,l3_l_co,co,RANDOM,0.5331347516036343,153
6->10,l3_l_co,co,XYZ_RIGID,0.4046652279496586,153
6->10,l3_l_co,co,LOCAL_GEO,0.5182080606121705,153
6->10,l3_l_co,co,PART_FRAME,0.4100909412296316,153
6->10,l3_l_co,co,CSE_C11,0.5219421247250532,153
6->10,l3_l_co,co,CSE_C11_DENSITY,0.303884746981332,153
6->10,l3_l_co,co,CSE_DENSITY_SHUFFLED,0.5771676976333502,153
6->10,l3_l_fe,fe,RANDOM,0.3251847967989633,260
6->10,l3_l_fe,fe,XYZ_RIGID,0.07573542041388506,260
6->10,l3_l_fe,fe,LOCAL_GEO,0.2364542254314435,260
6->10,l3_l_fe,fe,PART_FRAME,0.08848291339835537,260
6->10,l3_l_fe,fe,CSE_C11,0.25814776846178816,260
6->10,l3_l_fe,fe,CSE_C11_DENSITY,0.0796203914802773,260
6->10,l3_l_fe,fe,CSE_DENSITY_SHUFFLED,0.2588325527516867,260
6->10,l3_l_ta,ta,RANDOM,0.2713578587484928,45
6->10,l3_l_ta,ta,XYZ_RIGID,0.17367568602918831,45
6->10,l3_l_ta,ta,LOCAL_GEO,0.20315315929008965,45
6->10,l3_l_ta,ta,PART_FRAME,0.26058623282501076,45
6->10,l3_l_ta,ta,CSE_C11,0.4623589510629145,45
6->10,l3_l_ta,ta,CSE_C11_DENSITY,0.3819311346752404,45
6->10,l3_l_ta,ta,CSE_DENSITY_SHUFFLED,0.2893031527931843,45
6->10,l3_l_ti,ti,RANDOM,0.34752590549880824,114
6->10,l3_l_ti,ti,XYZ_RIGID,0.07967813795171899,114
6->10,l3_l_ti,ti,LOCAL_GEO,0.19434400160240187,114
6->10,l3_l_ti,ti,PART_FRAME,0.08612193211381364,114
6->10,l3_l_ti,ti,CSE_C11,0.632283224027386,114
6->10,l3_l_ti,ti,CSE_C11_DENSITY,0.1008699351586636,114
6->10,l3_l_ti,ti,CSE_DENSITY_SHUFFLED,0.3169529904222722,114
6->10,l3_l_tr,tr,RANDOM,0.3578075138216994,344
6->10,l3_l_tr,tr,XYZ_RIGID,0.06039288840781375,344
6->10,l3_l_tr,tr,LOCAL_GEO,0.37026600634622187,344
6->10,l3_l_tr,tr,PART_FRAME,0.07634857227287556,344
6->10,l3_l_tr,tr,CSE_C11,0.3293024311562319,344
6->10,l3_l_tr,tr,CSE_C11_DENSITY,0.0910036595571655,344
6->10,l3_l_tr,tr,CSE_DENSITY_SHUFFLED,0.37263185117152225,344
6->10,l3_r_co,co,RANDOM,0.5161715799630802,153
6->10,l3_r_co,co,XYZ_RIGID,0.11725308321660588,153
6->10,l3_r_co,co,LOCAL_GEO,0.4662332520578307,153
6->10,l3_r_co,co,PART_FRAME,0.09681120383079514,153
6->10,l3_r_co,co,CSE_C11,0.5218992359083967,153
6->10,l3_r_co,co,CSE_C11_DENSITY,0.24314180607102634,153
6->10,l3_r_co,co,CSE_DENSITY_SHUFFLED,0.4744012666806314,153
6->10,l3_r_fe,fe,RANDOM,0.42068099328938113,260
6->10,l3_r_fe,fe,XYZ_RIGID,0.07608387551495321,260
6->10,l3_r_fe,fe,LOCAL_GEO,0.2124775175053852,260
6->10,l3_r_fe,fe,PART_FRAME,0.1015383530409557,260
6->10,l3_r_fe,fe,CSE_C11,0.23753867897103376,260
6->10,l3_r_fe,fe,CSE_C11_DENSITY,0.08819942997515598,260
6->10,l3_r_fe,fe,CSE_DENSITY_SHUFFLED,0.2918500123012847,260
6->10,l3_r_ta,ta,RANDOM,0.23864039952296895,45
6->10,l3_r_ta,ta,XYZ_RIGID,0.17278066973352577,45
6->10,l3_r_ta,ta,LOCAL_GEO,0.18838230453853105,45
6->10,l3_r_ta,ta,PART_FRAME,0.19933507221964217,45
6->10,l3_r_ta,ta,CSE_C11,0.2835017398947206,45
6->10,l3_r_ta,ta,CSE_C11_DENSITY,0.5080378725819599,45
6->10,l3_r_ta,ta,CSE_DENSITY_SHUFFLED,0.26045353602151555,45
6->10,l3_r_ti,ti,RANDOM,0.30294967195753975,114
6->10,l3_r_ti,ti,XYZ_RIGID,0.07027315860868089,114
6->10,l3_r_ti,ti,LOCAL_GEO,0.2326478971805554,114
6->10,l3_r_ti,ti,PART_FRAME,0.10095718799166027,114
6->10,l3_r_ti,ti,CSE_C11,0.41969190424518527,114
6->10,l3_r_ti,ti,CSE_C11_DENSITY,0.3956842729201727,114
6->10,l3_r_ti,ti,CSE_DENSITY_SHUFFLED,0.31005960286388445,114
6->10,l3_r_tr,tr,RANDOM,0.41223353555210196,344
6->10,l3_r_tr,tr,XYZ_RIGID,0.0925014914220043,344
6->10,l3_r_tr,tr,LOCAL_GEO,0.39969902180150396,344
6->10,l3_r_tr,tr,PART_FRAME,0.14394273923319953,344
6->10,l3_r_tr,tr,CSE_C11,0.19239601525647892,344
6->10,l3_r_tr,tr,CSE_C11_DENSITY,0.1135565840256173,344
6->10,l3_r_tr,tr,CSE_DENSITY_SHUFFLED,0.39759574900871075,344
9->7,l1_l_co,co,RANDOM,0.3197139346819001,197
9->7,l1_l_co,co,XYZ_RIGID,0.2299806635277322,197
9->7,l1_l_co,co,LOCAL_GEO,0.3042922552182381,197
9->7,l1_l_co,co,PART_FRAME,0.2515192535317275,197
9->7,l1_l_co,co,CSE_C11,0.4161877223656662,197
9->7,l1_l_co,co,CSE_C11_DENSITY,0.1809228577392876,197
9->7,l1_l_co,co,CSE_DENSITY_SHUFFLED,0.30159385205297584,197
9->7,l1_l_fe,fe,RANDOM,0.3178407578180369,153
9->7,l1_l_fe,fe,XYZ_RIGID,0.09657327715832847,153
9->7,l1_l_fe,fe,LOCAL_GEO,0.294422574586772,153
9->7,l1_l_fe,fe,PART_FRAME,0.13053432993135322,153
9->7,l1_l_fe,fe,CSE_C11,0.19329075296853482,153
9->7,l1_l_fe,fe,CSE_C11_DENSITY,0.15908981989731,153
9->7,l1_l_fe,fe,CSE_DENSITY_SHUFFLED,0.33293570597318245,153
9->7,l1_l_ta,ta,RANDOM,0.3100822377001291,38
9->7,l1_l_ta,ta,XYZ_RIGID,0.15000227332964988,38
9->7,l1_l_ta,ta,LOCAL_GEO,0.27353337263348343,38
9->7,l1_l_ta,ta,PART_FRAME,0.17952783728936345,38
9->7,l1_l_ta,ta,CSE_C11,0.4148745820033701,38
9->7,l1_l_ta,ta,CSE_C11_DENSITY,0.5865049034472891,38
9->7,l1_l_ta,ta,CSE_DENSITY_SHUFFLED,0.373480707209466,38
9->7,l1_l_ti,ti,RANDOM,0.35197049677591064,82
9->7,l1_l_ti,ti,XYZ_RIGID,0.0803462024536195,82
9->7,l1_l_ti,ti,LOCAL_GEO,0.2514461998496341,82
9->7,l1_l_ti,ti,PART_FRAME,0.117225399352031,82
9->7,l1_l_ti,ti,CSE_C11,0.38347468751745784,82
9->7,l1_l_ti,ti,CSE_C11_DENSITY,0.18016141215071488,82
9->7,l1_l_ti,ti,CSE_DENSITY_SHUFFLED,0.4362017997744209,82
9->7,l1_l_tr,tr,RANDOM,0.33646283102741553,275
9->7,l1_l_tr,tr,XYZ_RIGID,0.0395081284501774,275
9->7,l1_l_tr,tr,LOCAL_GEO,0.33951101978812487,275
9->7,l1_l_tr,tr,PART_FRAME,0.05372533397937831,275
9->7,l1_l_tr,tr,CSE_C11,0.29527523643022857,275
9->7,l1_l_tr,tr,CSE_C11_DENSITY,0.1509359258750348,275
9->7,l1_l_tr,tr,CSE_DENSITY_SHUFFLED,0.33413138746959614,275
9->7,l1_r_co,co,RANDOM,0.3570182777107699,200
9->7,l1_r_co,co,XYZ_RIGID,0.25158749247801704,200
9->7,l1_r_co,co,LOCAL_GEO,0.3533758465819422,200
9->7,l1_r_co,co,PART_FRAME,0.25242354586213633,200
9->7,l1_r_co,co,CSE_C11,0.27569064397180076,200
9->7,l1_r_co,co,CSE_C11_DENSITY,0.2177379942955745,200
9->7,l1_r_co,co,CSE_DENSITY_SHUFFLED,0.3209622192963103,200
9->7,l1_r_fe,fe,RANDOM,0.3038713665883929,153
9->7,l1_r_fe,fe,XYZ_RIGID,0.1029841018651277,153
9->7,l1_r_fe,fe,LOCAL_GEO,0.2985089223266873,153
9->7,l1_r_fe,fe,PART_FRAME,0.1362416998470397,153
9->7,l1_r_fe,fe,CSE_C11,0.1973936803711154,153
9->7,l1_r_fe,fe,CSE_C11_DENSITY,0.12164326658416051,153
9->7,l1_r_fe,fe,CSE_DENSITY_SHUFFLED,0.3456366352925256,153
9->7,l1_r_ta,ta,RANDOM,0.27338880358047235,38
9->7,l1_r_ta,ta,XYZ_RIGID,0.1717287824701405,38
9->7,l1_r_ta,ta,LOCAL_GEO,0.31747370115425483,38
9->7,l1_r_ta,ta,PART_FRAME,0.18470061962705864,38
9->7,l1_r_ta,ta,CSE_C11,0.5605672019308203,38
9->7,l1_r_ta,ta,CSE_C11_DENSITY,0.2464015064398073,38
9->7,l1_r_ta,ta,CSE_DENSITY_SHUFFLED,0.35023439996709443,38
9->7,l1_r_ti,ti,RANDOM,0.3719469500524902,82
9->7,l1_r_ti,ti,XYZ_RIGID,0.09340604774948598,82
9->7,l1_r_ti,ti,LOCAL_GEO,0.2022940642098266,82
9->7,l1_r_ti,ti,PART_FRAME,0.13232291171451366,82
9->7,l1_r_ti,ti,CSE_C11,0.5712342529416912,82
9->7,l1_r_ti,ti,CSE_C11_DENSITY,0.23136748201263066,82
9->7,l1_r_ti,ti,CSE_DENSITY_SHUFFLED,0.33619476909838886,82
9->7,l1_r_tr,tr,RANDOM,0.2991978734623902,275
9->7,l1_r_tr,tr,XYZ_RIGID,0.05594421935232434,275
9->7,l1_r_tr,tr,LOCAL_GEO,0.33884131570631365,275
9->7,l1_r_tr,tr,PART_FRAME,0.10825518856374262,275
9->7,l1_r_tr,tr,CSE_C11,0.25420347515228553,275
9->7,l1_r_tr,tr,CSE_C11_DENSITY,0.09450940084431214,275
9->7,l1_r_tr,tr,CSE_DENSITY_SHUFFLED,0.3566648874838479,275
9->7,l2_l_co,co,RANDOM,0.43752177573026396,107
9->7,l2_l_co,co,XYZ_RIGID,0.39124046451613026,107
9->7,l2_l_co,co,LOCAL_GEO,0.4463817525304865,107
9->7,l2_l_co,co,PART_FRAME,0.37003693131794646,107
9->7,l2_l_co,co,CSE_C11,0.3526946904008294,107
9->7,l2_l_co,co,CSE_C11_DENSITY,0.4064455052695469,107
9->7,l2_l_co,co,CSE_DENSITY_SHUFFLED,0.4499847587136165,107
9->7,l2_l_fe,fe,RANDOM,0.21423352973055335,192
9->7,l2_l_fe,fe,XYZ_RIGID,0.06711817399345828,192
9->7,l2_l_fe,fe,LOCAL_GEO,0.218698911160164,192
9->7,l2_l_fe,fe,PART_FRAME,0.09601487786852636,192
9->7,l2_l_fe,fe,CSE_C11,0.3185736161936795,192
9->7,l2_l_fe,fe,CSE_C11_DENSITY,0.1245739848654507,192
9->7,l2_l_fe,fe,CSE_DENSITY_SHUFFLED,0.2641649972941348,192
9->7,l2_l_ta,ta,RANDOM,0.3385180969728388,39
9->7,l2_l_ta,ta,XYZ_RIGID,0.13250283175463545,39
9->7,l2_l_ta,ta,LOCAL_GEO,0.21869641078036026,39
9->7,l2_l_ta,ta,PART_FRAME,0.15400786700582517,39
9->7,l2_l_ta,ta,CSE_C11,0.6472434160439502,39
9->7,l2_l_ta,ta,CSE_C11_DENSITY,0.18305665273318056,39
9->7,l2_l_ta,ta,CSE_DENSITY_SHUFFLED,0.2579090864334114,39
9->7,l2_l_ti,ti,RANDOM,0.2871961104753843,63
9->7,l2_l_ti,ti,XYZ_RIGID,0.08918317502241063,63
9->7,l2_l_ti,ti,LOCAL_GEO,0.2811528247099247,63
9->7,l2_l_ti,ti,PART_FRAME,0.16260416313236664,63
9->7,l2_l_ti,ti,CSE_C11,0.2630572821021908,63
9->7,l2_l_ti,ti,CSE_C11_DENSITY,0.1820310540478302,63
9->7,l2_l_ti,ti,CSE_DENSITY_SHUFFLED,0.2280153530231791,63
9->7,l2_l_tr,tr,RANDOM,0.32415036529736874,261
9->7,l2_l_tr,tr,XYZ_RIGID,0.040696852174829254,261
9->7,l2_l_tr,tr,LOCAL_GEO,0.3832160470921706,261
9->7,l2_l_tr,tr,PART_FRAME,0.07674936291178276,261
9->7,l2_l_tr,tr,CSE_C11,0.21290600148134434,261
9->7,l2_l_tr,tr,CSE_C11_DENSITY,0.07656356446310086,261
9->7,l2_l_tr,tr,CSE_DENSITY_SHUFFLED,0.3345059351530722,261
9->7,l2_r_co,co,RANDOM,0.4992396825224144,107
9->7,l2_r_co,co,XYZ_RIGID,0.5095287005011424,107
9->7,l2_r_co,co,LOCAL_GEO,0.5127358053194123,107
9->7,l2_r_co,co,PART_FRAME,0.510261404480831,107
9->7,l2_r_co,co,CSE_C11,0.5413099157911575,107
9->7,l2_r_co,co,CSE_C11_DENSITY,0.4235395909073498,107
9->7,l2_r_co,co,CSE_DENSITY_SHUFFLED,0.5393961355167419,107
9->7,l2_r_fe,fe,RANDOM,0.24907711860256293,192
9->7,l2_r_fe,fe,XYZ_RIGID,0.09321866371861612,192
9->7,l2_r_fe,fe,LOCAL_GEO,0.23874317314466165,192
9->7,l2_r_fe,fe,PART_FRAME,0.1122218589758997,192
9->7,l2_r_fe,fe,CSE_C11,0.31385513904543727,192
9->7,l2_r_fe,fe,CSE_C11_DENSITY,0.143160495454575,192
9->7,l2_r_fe,fe,CSE_DENSITY_SHUFFLED,0.25837297329067405,192
9->7,l2_r_ta,ta,RANDOM,0.30959318562766713,39
9->7,l2_r_ta,ta,XYZ_RIGID,0.1391467587970282,39
9->7,l2_r_ta,ta,LOCAL_GEO,0.26329395727374655,39
9->7,l2_r_ta,ta,PART_FRAME,0.17545940704058036,39
9->7,l2_r_ta,ta,CSE_C11,0.3749443001462542,39
9->7,l2_r_ta,ta,CSE_C11_DENSITY,0.27557549324010366,39
9->7,l2_r_ta,ta,CSE_DENSITY_SHUFFLED,0.236599730864338,39
9->7,l2_r_ti,ti,RANDOM,0.2723128130469507,63
9->7,l2_r_ti,ti,XYZ_RIGID,0.06932969023653357,63
9->7,l2_r_ti,ti,LOCAL_GEO,0.3035479523597291,63
9->7,l2_r_ti,ti,PART_FRAME,0.10457036645308775,63
9->7,l2_r_ti,ti,CSE_C11,0.4280379438486469,63
9->7,l2_r_ti,ti,CSE_C11_DENSITY,0.3738096517671792,63
9->7,l2_r_ti,ti,CSE_DENSITY_SHUFFLED,0.31675357390633757,63
9->7,l2_r_tr,tr,RANDOM,0.3610980709527778,261
9->7,l2_r_tr,tr,XYZ_RIGID,0.06294156668689643,261
9->7,l2_r_tr,tr,LOCAL_GEO,0.41839063893110406,261
9->7,l2_r_tr,tr,PART_FRAME,0.11009640439924527,261
9->7,l2_r_tr,tr,CSE_C11,0.3362452096170429,261
9->7,l2_r_tr,tr,CSE_C11_DENSITY,0.07598306483026351,261
9->7,l2_r_tr,tr,CSE_DENSITY_SHUFFLED,0.3751215422720726,261
9->7,l3_l_co,co,RANDOM,0.4624076395678162,153
9->7,l3_l_co,co,XYZ_RIGID,0.23977391122670821,153
9->7,l3_l_co,co,LOCAL_GEO,0.4722413441558543,153
9->7,l3_l_co,co,PART_FRAME,0.23449677202253053,153
9->7,l3_l_co,co,CSE_C11,0.5399336711001111,153
9->7,l3_l_co,co,CSE_C11_DENSITY,0.26963873983684045,153
9->7,l3_l_co,co,CSE_DENSITY_SHUFFLED,0.4348391839833207,153
9->7,l3_l_fe,fe,RANDOM,0.2981831672229004,260
9->7,l3_l_fe,fe,XYZ_RIGID,0.094098694326786,260
9->7,l3_l_fe,fe,LOCAL_GEO,0.34174982201987303,260
9->7,l3_l_fe,fe,PART_FRAME,0.10050458361740669,260
9->7,l3_l_fe,fe,CSE_C11,0.17377145927728999,260
9->7,l3_l_fe,fe,CSE_C11_DENSITY,0.08853399325228528,260
9->7,l3_l_fe,fe,CSE_DENSITY_SHUFFLED,0.28183150664070833,260
9->7,l3_l_ta,ta,RANDOM,0.26066019924047673,45
9->7,l3_l_ta,ta,XYZ_RIGID,0.21418876704032963,45
9->7,l3_l_ta,ta,LOCAL_GEO,0.2517811850219337,45
9->7,l3_l_ta,ta,PART_FRAME,0.2161989094459691,45
9->7,l3_l_ta,ta,CSE_C11,0.2723295737079216,45
9->7,l3_l_ta,ta,CSE_C11_DENSITY,0.38944156337555125,45
9->7,l3_l_ta,ta,CSE_DENSITY_SHUFFLED,0.33249242940481516,45
9->7,l3_l_ti,ti,RANDOM,0.3049816461000426,114
9->7,l3_l_ti,ti,XYZ_RIGID,0.08037009775168896,114
9->7,l3_l_ti,ti,LOCAL_GEO,0.5028528672818424,114
9->7,l3_l_ti,ti,PART_FRAME,0.09710032252229253,114
9->7,l3_l_ti,ti,CSE_C11,0.1982849827354145,114
9->7,l3_l_ti,ti,CSE_C11_DENSITY,0.1326732316586159,114
9->7,l3_l_ti,ti,CSE_DENSITY_SHUFFLED,0.32435234984281547,114
9->7,l3_l_tr,tr,RANDOM,0.3237722508893567,344
9->7,l3_l_tr,tr,XYZ_RIGID,0.07394351834560821,344
9->7,l3_l_tr,tr,LOCAL_GEO,0.3713054091874118,344
9->7,l3_l_tr,tr,PART_FRAME,0.08061719116180195,344
9->7,l3_l_tr,tr,CSE_C11,0.29728156820572393,344
9->7,l3_l_tr,tr,CSE_C11_DENSITY,0.07516135659170325,344
9->7,l3_l_tr,tr,CSE_DENSITY_SHUFFLED,0.3368254248784654,344
9->7,l3_r_co,co,RANDOM,0.41609382945850215,153
9->7,l3_r_co,co,XYZ_RIGID,0.4024397131062782,153
9->7,l3_r_co,co,LOCAL_GEO,0.45485658120406297,153
9->7,l3_r_co,co,PART_FRAME,0.4451042683490502,153
9->7,l3_r_co,co,CSE_C11,0.5111017384935771,153
9->7,l3_r_co,co,CSE_C11_DENSITY,0.3237493185583474,153
9->7,l3_r_co,co,CSE_DENSITY_SHUFFLED,0.4501941384689624,153
9->7,l3_r_fe,fe,RANDOM,0.26646775225863534,260
9->7,l3_r_fe,fe,XYZ_RIGID,0.09617885225057402,260
9->7,l3_r_fe,fe,LOCAL_GEO,0.4116867405476913,260
9->7,l3_r_fe,fe,PART_FRAME,0.10148845675116946,260
9->7,l3_r_fe,fe,CSE_C11,0.17356621542568018,260
9->7,l3_r_fe,fe,CSE_C11_DENSITY,0.11284519125695316,260
9->7,l3_r_fe,fe,CSE_DENSITY_SHUFFLED,0.25517753946235006,260
9->7,l3_r_ta,ta,RANDOM,0.32189151287939655,45
9->7,l3_r_ta,ta,XYZ_RIGID,0.19972402738939635,45
9->7,l3_r_ta,ta,LOCAL_GEO,0.3309794471590116,45
9->7,l3_r_ta,ta,PART_FRAME,0.16663060345960162,45
9->7,l3_r_ta,ta,CSE_C11,0.36680441054405105,45
9->7,l3_r_ta,ta,CSE_C11_DENSITY,0.3535760173271554,45
9->7,l3_r_ta,ta,CSE_DENSITY_SHUFFLED,0.3408176264378351,45
9->7,l3_r_ti,ti,RANDOM,0.3661661190809542,114
9->7,l3_r_ti,ti,XYZ_RIGID,0.08098315319287946,114
9->7,l3_r_ti,ti,LOCAL_GEO,0.5123410572689987,114
9->7,l3_r_ti,ti,PART_FRAME,0.08674948038180999,114
9->7,l3_r_ti,ti,CSE_C11,0.505598250609243,114
9->7,l3_r_ti,ti,CSE_C11_DENSITY,0.16964250540992237,114
9->7,l3_r_ti,ti,CSE_DENSITY_SHUFFLED,0.3205801230908668,114
9->7,l3_r_tr,tr,RANDOM,0.32505580225144326,344
9->7,l3_r_tr,tr,XYZ_RIGID,0.0883232821100034,344
9->7,l3_r_tr,tr,LOCAL_GEO,0.39559027560282395,344
9->7,l3_r_tr,tr,PART_FRAME,0.09719859849666085,344
9->7,l3_r_tr,tr,CSE_C11,0.18303120096796105,344
9->7,l3_r_tr,tr,CSE_C11_DENSITY,0.06755096497232398,344
9->7,l3_r_tr,tr,CSE_DENSITY_SHUFFLED,0.36127069652772514,344
3->10,l1_l_co,co,RANDOM,0.405188542144538,197
3->10,l1_l_co,co,XYZ_RIGID,0.15979837991029472,197
3->10,l1_l_co,co,LOCAL_GEO,0.3383950326342912,197
3->10,l1_l_co,co,PART_FRAME,0.15730558135963588,197
3->10,l1_l_co,co,CSE_C11,0.3826706207239279,197
3->10,l1_l_co,co,CSE_C11_DENSITY,0.16359893600213632,197
3->10,l1_l_co,co,CSE_DENSITY_SHUFFLED,0.3751780346846611,197
3->10,l1_l_fe,fe,RANDOM,0.31556635015494494,153
3->10,l1_l_fe,fe,XYZ_RIGID,0.10421328592460602,153
3->10,l1_l_fe,fe,LOCAL_GEO,0.1491359385832347,153
3->10,l1_l_fe,fe,PART_FRAME,0.09229302888103674,153
3->10,l1_l_fe,fe,CSE_C11,0.30067728160709495,153
3->10,l1_l_fe,fe,CSE_C11_DENSITY,0.16148781371689333,153
3->10,l1_l_fe,fe,CSE_DENSITY_SHUFFLED,0.3685051030159726,153
3->10,l1_l_ta,ta,RANDOM,0.30484479825504146,38
3->10,l1_l_ta,ta,XYZ_RIGID,0.12815101426176168,38
3->10,l1_l_ta,ta,LOCAL_GEO,0.2069848169454787,38
3->10,l1_l_ta,ta,PART_FRAME,0.17355477497546234,38
3->10,l1_l_ta,ta,CSE_C11,0.7489576953749109,38
3->10,l1_l_ta,ta,CSE_C11_DENSITY,0.3487998477869247,38
3->10,l1_l_ta,ta,CSE_DENSITY_SHUFFLED,0.29150701361365866,38
3->10,l1_l_ti,ti,RANDOM,0.32020078840431176,82
3->10,l1_l_ti,ti,XYZ_RIGID,0.10700970308790295,82
3->10,l1_l_ti,ti,LOCAL_GEO,0.14492782197748805,82
3->10,l1_l_ti,ti,PART_FRAME,0.1113006147671651,82
3->10,l1_l_ti,ti,CSE_C11,0.2868374326246343,82
3->10,l1_l_ti,ti,CSE_C11_DENSITY,0.13502936693113915,82
3->10,l1_l_ti,ti,CSE_DENSITY_SHUFFLED,0.3072114023914524,82
3->10,l1_l_tr,tr,RANDOM,0.42141601490968605,275
3->10,l1_l_tr,tr,XYZ_RIGID,0.0981067617980357,275
3->10,l1_l_tr,tr,LOCAL_GEO,0.34609259521596253,275
3->10,l1_l_tr,tr,PART_FRAME,0.0873326187686364,275
3->10,l1_l_tr,tr,CSE_C11,0.4639559543148995,275
3->10,l1_l_tr,tr,CSE_C11_DENSITY,0.19097008614265282,275
3->10,l1_l_tr,tr,CSE_DENSITY_SHUFFLED,0.37894390727751026,275
3->10,l1_r_co,co,RANDOM,0.3729057844325816,200
3->10,l1_r_co,co,XYZ_RIGID,0.33432127492752683,200
3->10,l1_r_co,co,LOCAL_GEO,0.33501142298785036,200
3->10,l1_r_co,co,PART_FRAME,0.29359991728252277,200
3->10,l1_r_co,co,CSE_C11,0.2838879664877927,200
3->10,l1_r_co,co,CSE_C11_DENSITY,0.1792834321435975,200
3->10,l1_r_co,co,CSE_DENSITY_SHUFFLED,0.38541824611792264,200
3->10,l1_r_fe,fe,RANDOM,0.41738088913108795,153
3->10,l1_r_fe,fe,XYZ_RIGID,0.08943407303283149,153
3->10,l1_r_fe,fe,LOCAL_GEO,0.15930557205246376,153
3->10,l1_r_fe,fe,PART_FRAME,0.09198822181549822,153
3->10,l1_r_fe,fe,CSE_C11,0.321622276647453,153
3->10,l1_r_fe,fe,CSE_C11_DENSITY,0.1521777810893709,153
3->10,l1_r_fe,fe,CSE_DENSITY_SHUFFLED,0.31626367138413486,153
3->10,l1_r_ta,ta,RANDOM,0.2954577348449804,38
3->10,l1_r_ta,ta,XYZ_RIGID,0.11914669370103809,38
3->10,l1_r_ta,ta,LOCAL_GEO,0.21570984876746369,38
3->10,l1_r_ta,ta,PART_FRAME,0.2038718323570911,38
3->10,l1_r_ta,ta,CSE_C11,0.5489769544513408,38
3->10,l1_r_ta,ta,CSE_C11_DENSITY,0.36165036187921923,38
3->10,l1_r_ta,ta,CSE_DENSITY_SHUFFLED,0.2897139116303665,38
3->10,l1_r_ti,ti,RANDOM,0.2899148470952835,82
3->10,l1_r_ti,ti,XYZ_RIGID,0.08786502658340452,82
3->10,l1_r_ti,ti,LOCAL_GEO,0.1478042878063634,82
3->10,l1_r_ti,ti,PART_FRAME,0.11479262478514538,82
3->10,l1_r_ti,ti,CSE_C11,0.2820993603819203,82
3->10,l1_r_ti,ti,CSE_C11_DENSITY,0.19748060150010804,82
3->10,l1_r_ti,ti,CSE_DENSITY_SHUFFLED,0.27997531514502816,82
3->10,l1_r_tr,tr,RANDOM,0.4108711405790069,275
3->10,l1_r_tr,tr,XYZ_RIGID,0.13975867261712052,275
3->10,l1_r_tr,tr,LOCAL_GEO,0.3512179481482663,275
3->10,l1_r_tr,tr,PART_FRAME,0.14304637078514762,275
3->10,l1_r_tr,tr,CSE_C11,0.30543876544045323,275
3->10,l1_r_tr,tr,CSE_C11_DENSITY,0.14632112548702253,275
3->10,l1_r_tr,tr,CSE_DENSITY_SHUFFLED,0.35580728722410426,275
3->10,l2_l_co,co,RANDOM,0.37646614683488777,107
3->10,l2_l_co,co,XYZ_RIGID,0.41890047670628017,107
3->10,l2_l_co,co,LOCAL_GEO,0.3764989634851344,107
3->10,l2_l_co,co,PART_FRAME,0.45437565087907766,107
3->10,l2_l_co,co,CSE_C11,0.3344218734048714,107
3->10,l2_l_co,co,CSE_C11_DENSITY,0.37744643800824845,107
3->10,l2_l_co,co,CSE_DENSITY_SHUFFLED,0.3840926071913688,107
3->10,l2_l_fe,fe,RANDOM,0.37347135686300914,192
3->10,l2_l_fe,fe,XYZ_RIGID,0.1253666648424013,192
3->10,l2_l_fe,fe,LOCAL_GEO,0.28261024355926034,192
3->10,l2_l_fe,fe,PART_FRAME,0.09944754063878625,192
3->10,l2_l_fe,fe,CSE_C11,0.25562615885652357,192
3->10,l2_l_fe,fe,CSE_C11_DENSITY,0.1640408630408018,192
3->10,l2_l_fe,fe,CSE_DENSITY_SHUFFLED,0.34214747603501167,192
3->10,l2_l_ta,ta,RANDOM,0.3502789180360809,39
3->10,l2_l_ta,ta,XYZ_RIGID,0.12676408786494972,39
3->10,l2_l_ta,ta,LOCAL_GEO,0.38813092276905947,39
3->10,l2_l_ta,ta,PART_FRAME,0.17361454258539177,39
3->10,l2_l_ta,ta,CSE_C11,0.4076676369514038,39
3->10,l2_l_ta,ta,CSE_C11_DENSITY,0.2654022040839496,39
3->10,l2_l_ta,ta,CSE_DENSITY_SHUFFLED,0.2672540491357287,39
3->10,l2_l_ti,ti,RANDOM,0.33420529732084336,63
3->10,l2_l_ti,ti,XYZ_RIGID,0.10745464698438657,63
3->10,l2_l_ti,ti,LOCAL_GEO,0.37970268724517287,63
3->10,l2_l_ti,ti,PART_FRAME,0.17159683827438293,63
3->10,l2_l_ti,ti,CSE_C11,0.2742670105613166,63
3->10,l2_l_ti,ti,CSE_C11_DENSITY,0.19489405587381547,63
3->10,l2_l_ti,ti,CSE_DENSITY_SHUFFLED,0.43262864425165243,63
3->10,l2_l_tr,tr,RANDOM,0.3864339754087495,261
3->10,l2_l_tr,tr,XYZ_RIGID,0.08101723686843018,261
3->10,l2_l_tr,tr,LOCAL_GEO,0.26834290473973516,261
3->10,l2_l_tr,tr,PART_FRAME,0.0911159797609499,261
3->10,l2_l_tr,tr,CSE_C11,0.28365654537712554,261
3->10,l2_l_tr,tr,CSE_C11_DENSITY,0.09432695156496013,261
3->10,l2_l_tr,tr,CSE_DENSITY_SHUFFLED,0.3663244816534797,261
3->10,l2_r_co,co,RANDOM,0.33499523610001813,107
3->10,l2_r_co,co,XYZ_RIGID,0.4147499262326137,107
3->10,l2_r_co,co,LOCAL_GEO,0.3497159193512282,107
3->10,l2_r_co,co,PART_FRAME,0.4821094566899905,107
3->10,l2_r_co,co,CSE_C11,0.41787142669870764,107
3->10,l2_r_co,co,CSE_C11_DENSITY,0.20886906619739357,107
3->10,l2_r_co,co,CSE_DENSITY_SHUFFLED,0.36377713594662064,107
3->10,l2_r_fe,fe,RANDOM,0.3580171116137557,192
3->10,l2_r_fe,fe,XYZ_RIGID,0.12483787570681523,192
3->10,l2_r_fe,fe,LOCAL_GEO,0.37770123334748185,192
3->10,l2_r_fe,fe,PART_FRAME,0.09718686242888017,192
3->10,l2_r_fe,fe,CSE_C11,0.2151334692933538,192
3->10,l2_r_fe,fe,CSE_C11_DENSITY,0.1230763069265981,192
3->10,l2_r_fe,fe,CSE_DENSITY_SHUFFLED,0.32672055805346534,192
3->10,l2_r_ta,ta,RANDOM,0.34229672206748324,39
3->10,l2_r_ta,ta,XYZ_RIGID,0.12065451859864378,39
3->10,l2_r_ta,ta,LOCAL_GEO,0.37642818590667476,39
3->10,l2_r_ta,ta,PART_FRAME,0.16343474762660196,39
3->10,l2_r_ta,ta,CSE_C11,0.26786606876452357,39
3->10,l2_r_ta,ta,CSE_C11_DENSITY,0.15688187563265296,39
3->10,l2_r_ta,ta,CSE_DENSITY_SHUFFLED,0.3325990975675081,39
3->10,l2_r_ti,ti,RANDOM,0.3719854610175107,63
3->10,l2_r_ti,ti,XYZ_RIGID,0.1003820822381318,63
3->10,l2_r_ti,ti,LOCAL_GEO,0.5062323096457575,63
3->10,l2_r_ti,ti,PART_FRAME,0.15641130218200974,63
3->10,l2_r_ti,ti,CSE_C11,0.5207625337163081,63
3->10,l2_r_ti,ti,CSE_C11_DENSITY,0.16072190734220432,63
3->10,l2_r_ti,ti,CSE_DENSITY_SHUFFLED,0.3380117918685897,63
3->10,l2_r_tr,tr,RANDOM,0.36544090236483734,261
3->10,l2_r_tr,tr,XYZ_RIGID,0.08111365257825082,261
3->10,l2_r_tr,tr,LOCAL_GEO,0.25347924582369846,261
3->10,l2_r_tr,tr,PART_FRAME,0.09277492129237078,261
3->10,l2_r_tr,tr,CSE_C11,0.21462965458834343,261
3->10,l2_r_tr,tr,CSE_C11_DENSITY,0.1027537193155759,261
3->10,l2_r_tr,tr,CSE_DENSITY_SHUFFLED,0.3498142976361453,261
3->10,l3_l_co,co,RANDOM,0.5457113794629407,153
3->10,l3_l_co,co,XYZ_RIGID,0.32142754410995245,153
3->10,l3_l_co,co,LOCAL_GEO,0.608843619718496,153
3->10,l3_l_co,co,PART_FRAME,0.34553310163704076,153
3->10,l3_l_co,co,CSE_C11,0.5063311285704536,153
3->10,l3_l_co,co,CSE_C11_DENSITY,0.5250646766734841,153
3->10,l3_l_co,co,CSE_DENSITY_SHUFFLED,0.5350819227465786,153
3->10,l3_l_fe,fe,RANDOM,0.3224585997333261,260
3->10,l3_l_fe,fe,XYZ_RIGID,0.12902086783798566,260
3->10,l3_l_fe,fe,LOCAL_GEO,0.21172131156452795,260
3->10,l3_l_fe,fe,PART_FRAME,0.10886613403311425,260
3->10,l3_l_fe,fe,CSE_C11,0.35162118064261333,260
3->10,l3_l_fe,fe,CSE_C11_DENSITY,0.10458874243279337,260
3->10,l3_l_fe,fe,CSE_DENSITY_SHUFFLED,0.37087259174225407,260
3->10,l3_l_ta,ta,RANDOM,0.3653741905293022,45
3->10,l3_l_ta,ta,XYZ_RIGID,0.17953713550053893,45
3->10,l3_l_ta,ta,LOCAL_GEO,0.17960278961313858,45
3->10,l3_l_ta,ta,PART_FRAME,0.20537105690173502,45
3->10,l3_l_ta,ta,CSE_C11,0.4626559679252094,45
3->10,l3_l_ta,ta,CSE_C11_DENSITY,0.2692697079390607,45
3->10,l3_l_ta,ta,CSE_DENSITY_SHUFFLED,0.3191492459075422,45
3->10,l3_l_ti,ti,RANDOM,0.2841890866326344,114
3->10,l3_l_ti,ti,XYZ_RIGID,0.12269386061265394,114
3->10,l3_l_ti,ti,LOCAL_GEO,0.34978439410128115,114
3->10,l3_l_ti,ti,PART_FRAME,0.2267525380084574,114
3->10,l3_l_ti,ti,CSE_C11,0.20712367080849436,114
3->10,l3_l_ti,ti,CSE_C11_DENSITY,0.20300250485337268,114
3->10,l3_l_ti,ti,CSE_DENSITY_SHUFFLED,0.3120963951463549,114
3->10,l3_l_tr,tr,RANDOM,0.38949881317007284,344
3->10,l3_l_tr,tr,XYZ_RIGID,0.10722735562226125,344
3->10,l3_l_tr,tr,LOCAL_GEO,0.3791120645091855,344
3->10,l3_l_tr,tr,PART_FRAME,0.12259465857848792,344
3->10,l3_l_tr,tr,CSE_C11,0.25293571759840483,344
3->10,l3_l_tr,tr,CSE_C11_DENSITY,0.12036153078718623,344
3->10,l3_l_tr,tr,CSE_DENSITY_SHUFFLED,0.4051867619281527,344
3->10,l3_r_co,co,RANDOM,0.5003442924937993,153
3->10,l3_r_co,co,XYZ_RIGID,0.3503432168496105,153
3->10,l3_r_co,co,LOCAL_GEO,0.5635760355436804,153
3->10,l3_r_co,co,PART_FRAME,0.3404164604603643,153
3->10,l3_r_co,co,CSE_C11,0.5372264967280905,153
3->10,l3_r_co,co,CSE_C11_DENSITY,0.4505210688624708,153
3->10,l3_r_co,co,CSE_DENSITY_SHUFFLED,0.5170957936078615,153
3->10,l3_r_fe,fe,RANDOM,0.48840161611154376,260
3->10,l3_r_fe,fe,XYZ_RIGID,0.1216751438013269,260
3->10,l3_r_fe,fe,LOCAL_GEO,0.36066316347343513,260
3->10,l3_r_fe,fe,PART_FRAME,0.13237126604355892,260
3->10,l3_r_fe,fe,CSE_C11,0.21066021237348867,260
3->10,l3_r_fe,fe,CSE_C11_DENSITY,0.08861122764306234,260
3->10,l3_r_fe,fe,CSE_DENSITY_SHUFFLED,0.2825250851445861,260
3->10,l3_r_ta,ta,RANDOM,0.26501415848314774,45
3->10,l3_r_ta,ta,XYZ_RIGID,0.19614012293708155,45
3->10,l3_r_ta,ta,LOCAL_GEO,0.19520734634533313,45
3->10,l3_r_ta,ta,PART_FRAME,0.21028599999511421,45
3->10,l3_r_ta,ta,CSE_C11,0.2835017398947206,45
3->10,l3_r_ta,ta,CSE_C11_DENSITY,0.46859695108812555,45
3->10,l3_r_ta,ta,CSE_DENSITY_SHUFFLED,0.3327985378024574,45
3->10,l3_r_ti,ti,RANDOM,0.337097409649626,114
3->10,l3_r_ti,ti,XYZ_RIGID,0.13391951515437375,114
3->10,l3_r_ti,ti,LOCAL_GEO,0.3450602377445011,114
3->10,l3_r_ti,ti,PART_FRAME,0.24939584510464438,114
3->10,l3_r_ti,ti,CSE_C11,0.3595765855019757,114
3->10,l3_r_ti,ti,CSE_C11_DENSITY,0.4605107521172698,114
3->10,l3_r_ti,ti,CSE_DENSITY_SHUFFLED,0.32164121719968475,114
3->10,l3_r_tr,tr,RANDOM,0.3618260694687689,344
3->10,l3_r_tr,tr,XYZ_RIGID,0.12170189418002844,344
3->10,l3_r_tr,tr,LOCAL_GEO,0.4151215590549533,344
3->10,l3_r_tr,tr,PART_FRAME,0.09749401626365281,344
3->10,l3_r_tr,tr,CSE_C11,0.18072446542898227,344
3->10,l3_r_tr,tr,CSE_C11_DENSITY,0.10606991881707996,344
3->10,l3_r_tr,tr,CSE_DENSITY_SHUFFLED,0.39807702835305936,344
7->1,l1_l_co,co,RANDOM,0.3238253958095379,197
7->1,l1_l_co,co,XYZ_RIGID,0.23547674558518564,197
7->1,l1_l_co,co,LOCAL_GEO,0.3080135346197058,197
7->1,l1_l_co,co,PART_FRAME,0.24469550944913634,197
7->1,l1_l_co,co,CSE_C11,0.31637190080987615,197
7->1,l1_l_co,co,CSE_C11_DENSITY,0.16368098595190195,197
7->1,l1_l_co,co,CSE_DENSITY_SHUFFLED,0.3443746494512483,197
7->1,l1_l_fe,fe,RANDOM,0.3265093766048367,153
7->1,l1_l_fe,fe,XYZ_RIGID,0.09425933031587302,153
7->1,l1_l_fe,fe,LOCAL_GEO,0.2820260276605263,153
7->1,l1_l_fe,fe,PART_FRAME,0.09726957158933149,153
7->1,l1_l_fe,fe,CSE_C11,0.5282782102727192,153
7->1,l1_l_fe,fe,CSE_C11_DENSITY,0.14893877333117364,153
7->1,l1_l_fe,fe,CSE_DENSITY_SHUFFLED,0.2676166389062642,153
7->1,l1_l_ta,ta,RANDOM,0.2553026987644242,38
7->1,l1_l_ta,ta,XYZ_RIGID,0.1561546861936121,38
7->1,l1_l_ta,ta,LOCAL_GEO,0.22010305326646692,38
7->1,l1_l_ta,ta,PART_FRAME,0.20794507958475592,38
7->1,l1_l_ta,ta,CSE_C11,0.4103922652759875,38
7->1,l1_l_ta,ta,CSE_C11_DENSITY,0.40024058164651816,38
7->1,l1_l_ta,ta,CSE_DENSITY_SHUFFLED,0.19195578425089327,38
7->1,l1_l_ti,ti,RANDOM,0.2873811790268022,82
7->1,l1_l_ti,ti,XYZ_RIGID,0.13871557458710262,82
7->1,l1_l_ti,ti,LOCAL_GEO,0.48622736572145153,82
7->1,l1_l_ti,ti,PART_FRAME,0.11564746229256836,82
7->1,l1_l_ti,ti,CSE_C11,0.1791459095327711,82
7->1,l1_l_ti,ti,CSE_C11_DENSITY,0.2665430661054717,82
7->1,l1_l_ti,ti,CSE_DENSITY_SHUFFLED,0.270417257781072,82
7->1,l1_l_tr,tr,RANDOM,0.42857394601822124,275
7->1,l1_l_tr,tr,XYZ_RIGID,0.12082830105330533,275
7->1,l1_l_tr,tr,LOCAL_GEO,0.31225265204945646,275
7->1,l1_l_tr,tr,PART_FRAME,0.09410714706246011,275
7->1,l1_l_tr,tr,CSE_C11,0.28704629779831337,275
7->1,l1_l_tr,tr,CSE_C11_DENSITY,0.09439017866301336,275
7->1,l1_l_tr,tr,CSE_DENSITY_SHUFFLED,0.35876390381723716,275
7->1,l1_r_co,co,RANDOM,0.33862364035741477,200
7->1,l1_r_co,co,XYZ_RIGID,0.16966166307445235,200
7->1,l1_r_co,co,LOCAL_GEO,0.3333469575219964,200
7->1,l1_r_co,co,PART_FRAME,0.17257110148626462,200
7->1,l1_r_co,co,CSE_C11,0.36203257597081173,200
7->1,l1_r_co,co,CSE_C11_DENSITY,0.22476504706251163,200
7->1,l1_r_co,co,CSE_DENSITY_SHUFFLED,0.3369463009362141,200
7->1,l1_r_fe,fe,RANDOM,0.2784121437238623,153
7->1,l1_r_fe,fe,XYZ_RIGID,0.10045009814665937,153
7->1,l1_r_fe,fe,LOCAL_GEO,0.24704699382370854,153
7->1,l1_r_fe,fe,PART_FRAME,0.11072194004013082,153
7->1,l1_r_fe,fe,CSE_C11,0.2784161106832739,153
7->1,l1_r_fe,fe,CSE_C11_DENSITY,0.12913844445079367,153
7->1,l1_r_fe,fe,CSE_DENSITY_SHUFFLED,0.2729209023442363,153
7->1,l1_r_ta,ta,RANDOM,0.21375197300126342,38
7->1,l1_r_ta,ta,XYZ_RIGID,0.1224957732149993,38
7->1,l1_r_ta,ta,LOCAL_GEO,0.21309774148182958,38
7->1,l1_r_ta,ta,PART_FRAME,0.11516887109100896,38
7->1,l1_r_ta,ta,CSE_C11,0.3783375538491045,38
7->1,l1_r_ta,ta,CSE_C11_DENSITY,0.41698246425259555,38
7->1,l1_r_ta,ta,CSE_DENSITY_SHUFFLED,0.16542748192094134,38
7->1,l1_r_ti,ti,RANDOM,0.35990557828944525,82
7->1,l1_r_ti,ti,XYZ_RIGID,0.12135433464612844,82
7->1,l1_r_ti,ti,LOCAL_GEO,0.22096783181155888,82
7->1,l1_r_ti,ti,PART_FRAME,0.12953121734032572,82
7->1,l1_r_ti,ti,CSE_C11,0.29817753985634615,82
7->1,l1_r_ti,ti,CSE_C11_DENSITY,0.39958491659094003,82
7->1,l1_r_ti,ti,CSE_DENSITY_SHUFFLED,0.34063106840546253,82
7->1,l1_r_tr,tr,RANDOM,0.35308388013179104,275
7->1,l1_r_tr,tr,XYZ_RIGID,0.10156555963580519,275
7->1,l1_r_tr,tr,LOCAL_GEO,0.40343954515977715,275
7->1,l1_r_tr,tr,PART_FRAME,0.09812099028506582,275
7->1,l1_r_tr,tr,CSE_C11,0.21693912067566778,275
7->1,l1_r_tr,tr,CSE_C11_DENSITY,0.1475512908843658,275
7->1,l1_r_tr,tr,CSE_DENSITY_SHUFFLED,0.3887600930292666,275
7->1,l2_l_co,co,RANDOM,0.430227188642374,107
7->1,l2_l_co,co,XYZ_RIGID,0.2907309672294347,107
7->1,l2_l_co,co,LOCAL_GEO,0.39390104009997945,107
7->1,l2_l_co,co,PART_FRAME,0.3055055462833581,107
7->1,l2_l_co,co,CSE_C11,0.5519912311542133,107
7->1,l2_l_co,co,CSE_C11_DENSITY,0.2527720915793458,107
7->1,l2_l_co,co,CSE_DENSITY_SHUFFLED,0.3614926379990603,107
7->1,l2_l_fe,fe,RANDOM,0.23949904425797658,192
7->1,l2_l_fe,fe,XYZ_RIGID,0.11218455265568986,192
7->1,l2_l_fe,fe,LOCAL_GEO,0.274513433087206,192
7->1,l2_l_fe,fe,PART_FRAME,0.13735701386830595,192
7->1,l2_l_fe,fe,CSE_C11,0.17927707610621782,192
7->1,l2_l_fe,fe,CSE_C11_DENSITY,0.11536103011778545,192
7->1,l2_l_fe,fe,CSE_DENSITY_SHUFFLED,0.25031740458779983,192
7->1,l2_l_ta,ta,RANDOM,0.3581914419040614,39
7->1,l2_l_ta,ta,XYZ_RIGID,0.19509905702587332,39
7->1,l2_l_ta,ta,LOCAL_GEO,0.2656489231557179,39
7->1,l2_l_ta,ta,PART_FRAME,0.24310366793747432,39
7->1,l2_l_ta,ta,CSE_C11,0.3742099085533335,39
7->1,l2_l_ta,ta,CSE_C11_DENSITY,0.3981059675290611,39
7->1,l2_l_ta,ta,CSE_DENSITY_SHUFFLED,0.4067207083443817,39
7->1,l2_l_ti,ti,RANDOM,0.3511543133991898,63
7->1,l2_l_ti,ti,XYZ_RIGID,0.14968161566802313,63
7->1,l2_l_ti,ti,LOCAL_GEO,0.24049048396443534,63
7->1,l2_l_ti,ti,PART_FRAME,0.1394699528362041,63
7->1,l2_l_ti,ti,CSE_C11,0.39332268841933193,63
7->1,l2_l_ti,ti,CSE_C11_DENSITY,0.1507016148655484,63
7->1,l2_l_ti,ti,CSE_DENSITY_SHUFFLED,0.22423387557302402,63
7->1,l2_l_tr,tr,RANDOM,0.41332962125447154,261
7->1,l2_l_tr,tr,XYZ_RIGID,0.10722910912516793,261
7->1,l2_l_tr,tr,LOCAL_GEO,0.2983393845332806,261
7->1,l2_l_tr,tr,PART_FRAME,0.1143592276704104,261
7->1,l2_l_tr,tr,CSE_C11,0.34725682329248303,261
7->1,l2_l_tr,tr,CSE_C11_DENSITY,0.10519030973328047,261
7->1,l2_l_tr,tr,CSE_DENSITY_SHUFFLED,0.40162600871572324,261
7->1,l2_r_co,co,RANDOM,0.41291033308531444,107
7->1,l2_r_co,co,XYZ_RIGID,0.3097227366740117,107
7->1,l2_r_co,co,LOCAL_GEO,0.37671325099202513,107
7->1,l2_r_co,co,PART_FRAME,0.33490032699990774,107
7->1,l2_r_co,co,CSE_C11,0.29387878970063414,107
7->1,l2_r_co,co,CSE_C11_DENSITY,0.18897846918904826,107
7->1,l2_r_co,co,CSE_DENSITY_SHUFFLED,0.41460716946267195,107
7->1,l2_r_fe,fe,RANDOM,0.24620538917586632,192
7->1,l2_r_fe,fe,XYZ_RIGID,0.10005880919788937,192
7->1,l2_r_fe,fe,LOCAL_GEO,0.354273514188855,192
7->1,l2_r_fe,fe,PART_FRAME,0.12342611931640957,192
7->1,l2_r_fe,fe,CSE_C11,0.17238457264343143,192
7->1,l2_r_fe,fe,CSE_C11_DENSITY,0.1522128805717373,192
7->1,l2_r_fe,fe,CSE_DENSITY_SHUFFLED,0.351477781696267,192
7->1,l2_r_ta,ta,RANDOM,0.3520358620652073,39
7->1,l2_r_ta,ta,XYZ_RIGID,0.19727202093670015,39
7->1,l2_r_ta,ta,LOCAL_GEO,0.21748104555387301,39
7->1,l2_r_ta,ta,PART_FRAME,0.23533039320219787,39
7->1,l2_r_ta,ta,CSE_C11,0.39847777070501494,39
7->1,l2_r_ta,ta,CSE_C11_DENSITY,0.42476439979667807,39
7->1,l2_r_ta,ta,CSE_DENSITY_SHUFFLED,0.46428587475295763,39
7->1,l2_r_ti,ti,RANDOM,0.3462024628644391,63
7->1,l2_r_ti,ti,XYZ_RIGID,0.13080321173596646,63
7->1,l2_r_ti,ti,LOCAL_GEO,0.23796550764379754,63
7->1,l2_r_ti,ti,PART_FRAME,0.15085591693286182,63
7->1,l2_r_ti,ti,CSE_C11,0.5053624619894075,63
7->1,l2_r_ti,ti,CSE_C11_DENSITY,0.28738273446753737,63
7->1,l2_r_ti,ti,CSE_DENSITY_SHUFFLED,0.391568993678385,63
7->1,l2_r_tr,tr,RANDOM,0.3603426084605744,261
7->1,l2_r_tr,tr,XYZ_RIGID,0.07997715363207773,261
7->1,l2_r_tr,tr,LOCAL_GEO,0.3373361005184604,261
7->1,l2_r_tr,tr,PART_FRAME,0.08030500014936905,261
7->1,l2_r_tr,tr,CSE_C11,0.18869264549771736,261
7->1,l2_r_tr,tr,CSE_C11_DENSITY,0.0768451298960653,261
7->1,l2_r_tr,tr,CSE_DENSITY_SHUFFLED,0.31663843762976873,261
7->1,l3_l_co,co,RANDOM,0.3325361782921374,153
7->1,l3_l_co,co,XYZ_RIGID,0.2240141775483786,153
7->1,l3_l_co,co,LOCAL_GEO,0.30988273953840867,153
7->1,l3_l_co,co,PART_FRAME,0.3272174149611941,153
7->1,l3_l_co,co,CSE_C11,0.46247039779359034,153
7->1,l3_l_co,co,CSE_C11_DENSITY,0.2910503738215587,153
7->1,l3_l_co,co,CSE_DENSITY_SHUFFLED,0.3177238975429333,153
7->1,l3_l_fe,fe,RANDOM,0.2737305643120075,260
7->1,l3_l_fe,fe,XYZ_RIGID,0.06163696485082559,260
7->1,l3_l_fe,fe,LOCAL_GEO,0.26958602591074254,260
7->1,l3_l_fe,fe,PART_FRAME,0.06949574299527966,260
7->1,l3_l_fe,fe,CSE_C11,0.39779420525750064,260
7->1,l3_l_fe,fe,CSE_C11_DENSITY,0.1422556188680684,260
7->1,l3_l_fe,fe,CSE_DENSITY_SHUFFLED,0.28924450026833204,260
7->1,l3_l_ta,ta,RANDOM,0.36063622991822186,45
7->1,l3_l_ta,ta,XYZ_RIGID,0.1777644082309426,45
7->1,l3_l_ta,ta,LOCAL_GEO,0.3033306482522341,45
7->1,l3_l_ta,ta,PART_FRAME,0.18056405613064017,45
7->1,l3_l_ta,ta,CSE_C11,0.4340940019610455,45
7->1,l3_l_ta,ta,CSE_C11_DENSITY,0.2326099441338646,45
7->1,l3_l_ta,ta,CSE_DENSITY_SHUFFLED,0.3153300303479776,45
7->1,l3_l_ti,ti,RANDOM,0.2978775480931979,114
7->1,l3_l_ti,ti,XYZ_RIGID,0.11072918553606799,114
7->1,l3_l_ti,ti,LOCAL_GEO,0.27750037091705115,114
7->1,l3_l_ti,ti,PART_FRAME,0.14942887972377134,114
7->1,l3_l_ti,ti,CSE_C11,0.24583590303763897,114
7->1,l3_l_ti,ti,CSE_C11_DENSITY,0.14512490094839886,114
7->1,l3_l_ti,ti,CSE_DENSITY_SHUFFLED,0.2366064983198482,114
7->1,l3_l_tr,tr,RANDOM,0.2268114246708123,344
7->1,l3_l_tr,tr,XYZ_RIGID,0.13100886922389546,344
7->1,l3_l_tr,tr,LOCAL_GEO,0.3301673476675089,344
7->1,l3_l_tr,tr,PART_FRAME,0.13229107041107552,344
7->1,l3_l_tr,tr,CSE_C11,0.4409978074101705,344
7->1,l3_l_tr,tr,CSE_C11_DENSITY,0.1369417755561845,344
7->1,l3_l_tr,tr,CSE_DENSITY_SHUFFLED,0.2803896581939012,344
7->1,l3_r_co,co,RANDOM,0.3398431850627465,153
7->1,l3_r_co,co,XYZ_RIGID,0.28660208809474896,153
7->1,l3_r_co,co,LOCAL_GEO,0.3671815364580485,153
7->1,l3_r_co,co,PART_FRAME,0.32729361552305974,153
7->1,l3_r_co,co,CSE_C11,0.38868779509687634,153
7->1,l3_r_co,co,CSE_C11_DENSITY,0.3438642683659229,153
7->1,l3_r_co,co,CSE_DENSITY_SHUFFLED,0.3608330246954957,153
7->1,l3_r_fe,fe,RANDOM,0.2910982960275712,260
7->1,l3_r_fe,fe,XYZ_RIGID,0.06522253970156475,260
7->1,l3_r_fe,fe,LOCAL_GEO,0.17758412255016012,260
7->1,l3_r_fe,fe,PART_FRAME,0.08235925016369158,260
7->1,l3_r_fe,fe,CSE_C11,0.36877884526190774,260
7->1,l3_r_fe,fe,CSE_C11_DENSITY,0.1359164899892409,260
7->1,l3_r_fe,fe,CSE_DENSITY_SHUFFLED,0.2838273159283813,260
7->1,l3_r_ta,ta,RANDOM,0.2820225219082363,45
7->1,l3_r_ta,ta,XYZ_RIGID,0.22067932250279546,45
7->1,l3_r_ta,ta,LOCAL_GEO,0.2914285396627515,45
7->1,l3_r_ta,ta,PART_FRAME,0.25076660255304173,45
7->1,l3_r_ta,ta,CSE_C11,0.27455660206230326,45
7->1,l3_r_ta,ta,CSE_C11_DENSITY,0.16093939755601233,45
7->1,l3_r_ta,ta,CSE_DENSITY_SHUFFLED,0.3969952780519765,45
7->1,l3_r_ti,ti,RANDOM,0.3205063718645075,114
7->1,l3_r_ti,ti,XYZ_RIGID,0.10639891257557157,114
7->1,l3_r_ti,ti,LOCAL_GEO,0.4323880043503691,114
7->1,l3_r_ti,ti,PART_FRAME,0.1377540551263064,114
7->1,l3_r_ti,ti,CSE_C11,0.47091457635859163,114
7->1,l3_r_ti,ti,CSE_C11_DENSITY,0.23905738249420877,114
7->1,l3_r_ti,ti,CSE_DENSITY_SHUFFLED,0.27927736844085405,114
7->1,l3_r_tr,tr,RANDOM,0.2607791716667503,344
7->1,l3_r_tr,tr,XYZ_RIGID,0.13849970615018808,344
7->1,l3_r_tr,tr,LOCAL_GEO,0.24192329257318312,344
7->1,l3_r_tr,tr,PART_FRAME,0.1432857694968992,344
7->1,l3_r_tr,tr,CSE_C11,0.1725444511986055,344
7->1,l3_r_tr,tr,CSE_C11_DENSITY,0.13910152481090376,344
7->1,l3_r_tr,tr,CSE_DENSITY_SHUFFLED,0.3100117222426221,344
10->9,l1_l_co,co,RANDOM,0.2937149040908594,197
10->9,l1_l_co,co,XYZ_RIGID,0.2069394023318705,197
10->9,l1_l_co,co,LOCAL_GEO,0.2765069956424626,197
10->9,l1_l_co,co,PART_FRAME,0.22376335573769493,197
10->9,l1_l_co,co,CSE_C11,0.2170182414512095,197
10->9,l1_l_co,co,CSE_C11_DENSITY,0.13571729223196485,197
10->9,l1_l_co,co,CSE_DENSITY_SHUFFLED,0.30741044593413025,197
10->9,l1_l_fe,fe,RANDOM,0.3412871335599908,153
10->9,l1_l_fe,fe,XYZ_RIGID,0.07485658303798183,153
10->9,l1_l_fe,fe,LOCAL_GEO,0.3255463514700546,153
10->9,l1_l_fe,fe,PART_FRAME,0.10197431767940948,153
10->9,l1_l_fe,fe,CSE_C11,0.484320454224588,153
10->9,l1_l_fe,fe,CSE_C11_DENSITY,0.15193580846312732,153
10->9,l1_l_fe,fe,CSE_DENSITY_SHUFFLED,0.27941729646694935,153
10->9,l1_l_ta,ta,RANDOM,0.2514752871256938,38
10->9,l1_l_ta,ta,XYZ_RIGID,0.1326514368646881,38
10->9,l1_l_ta,ta,LOCAL_GEO,0.18205612138221267,38
10->9,l1_l_ta,ta,PART_FRAME,0.1233314294960585,38
10->9,l1_l_ta,ta,CSE_C11,0.47938035706486554,38
10->9,l1_l_ta,ta,CSE_C11_DENSITY,0.4125370864833213,38
10->9,l1_l_ta,ta,CSE_DENSITY_SHUFFLED,0.2990200240497681,38
10->9,l1_l_ti,ti,RANDOM,0.3682037821752618,82
10->9,l1_l_ti,ti,XYZ_RIGID,0.05773484471369807,82
10->9,l1_l_ti,ti,LOCAL_GEO,0.3030849029478968,82
10->9,l1_l_ti,ti,PART_FRAME,0.10141570786512674,82
10->9,l1_l_ti,ti,CSE_C11,0.3403948246107913,82
10->9,l1_l_ti,ti,CSE_C11_DENSITY,0.0873389172465901,82
10->9,l1_l_ti,ti,CSE_DENSITY_SHUFFLED,0.2908781464827548,82
10->9,l1_l_tr,tr,RANDOM,0.3782275662542006,275
10->9,l1_l_tr,tr,XYZ_RIGID,0.08997855083477957,275
10->9,l1_l_tr,tr,LOCAL_GEO,0.2767314102325956,275
10->9,l1_l_tr,tr,PART_FRAME,0.08733482911399564,275
10->9,l1_l_tr,tr,CSE_C11,0.39761620585410157,275
10->9,l1_l_tr,tr,CSE_C11_DENSITY,0.11137109109865453,275
10->9,l1_l_tr,tr,CSE_DENSITY_SHUFFLED,0.318304340535475,275
10->9,l1_r_co,co,RANDOM,0.31092692987511017,200
10->9,l1_r_co,co,XYZ_RIGID,0.22786934783454854,200
10->9,l1_r_co,co,LOCAL_GEO,0.2821511425639759,200
10->9,l1_r_co,co,PART_FRAME,0.27269848894578086,200
10->9,l1_r_co,co,CSE_C11,0.3059797132753284,200
10->9,l1_r_co,co,CSE_C11_DENSITY,0.20492776188140543,200
10->9,l1_r_co,co,CSE_DENSITY_SHUFFLED,0.30955236851714,200
10->9,l1_r_fe,fe,RANDOM,0.2732298272872567,153
10->9,l1_r_fe,fe,XYZ_RIGID,0.06336419003488807,153
10->9,l1_r_fe,fe,LOCAL_GEO,0.215040381058364,153
10->9,l1_r_fe,fe,PART_FRAME,0.07218409774596599,153
10->9,l1_r_fe,fe,CSE_C11,0.28799594023075453,153
10->9,l1_r_fe,fe,CSE_C11_DENSITY,0.0938290200229484,153
10->9,l1_r_fe,fe,CSE_DENSITY_SHUFFLED,0.34862499351598764,153
10->9,l1_r_ta,ta,RANDOM,0.2526142515618883,38
10->9,l1_r_ta,ta,XYZ_RIGID,0.1416990084097362,38
10->9,l1_r_ta,ta,LOCAL_GEO,0.15937848707625352,38
10->9,l1_r_ta,ta,PART_FRAME,0.1669865302733412,38
10->9,l1_r_ta,ta,CSE_C11,0.40281961778427766,38
10->9,l1_r_ta,ta,CSE_C11_DENSITY,0.3310671343870034,38
10->9,l1_r_ta,ta,CSE_DENSITY_SHUFFLED,0.30391184469301347,38
10->9,l1_r_ti,ti,RANDOM,0.40703258150485677,82
10->9,l1_r_ti,ti,XYZ_RIGID,0.10325415759808387,82
10->9,l1_r_ti,ti,LOCAL_GEO,0.3698101576031123,82
10->9,l1_r_ti,ti,PART_FRAME,0.16840214852345672,82
10->9,l1_r_ti,ti,CSE_C11,0.37481951357510135,82
10->9,l1_r_ti,ti,CSE_C11_DENSITY,0.14342865003309496,82
10->9,l1_r_ti,ti,CSE_DENSITY_SHUFFLED,0.37750715706374954,82
10->9,l1_r_tr,tr,RANDOM,0.32985646807628394,275
10->9,l1_r_tr,tr,XYZ_RIGID,0.06889423113943265,275
10->9,l1_r_tr,tr,LOCAL_GEO,0.29200724675213047,275
10->9,l1_r_tr,tr,PART_FRAME,0.09684457279667275,275
10->9,l1_r_tr,tr,CSE_C11,0.2675494279748651,275
10->9,l1_r_tr,tr,CSE_C11_DENSITY,0.09950212788650101,275
10->9,l1_r_tr,tr,CSE_DENSITY_SHUFFLED,0.3286017887138101,275
10->9,l2_l_co,co,RANDOM,0.5177723972330815,107
10->9,l2_l_co,co,XYZ_RIGID,0.4992426003750371,107
10->9,l2_l_co,co,LOCAL_GEO,0.4964497347316226,107
10->9,l2_l_co,co,PART_FRAME,0.5112947993970366,107
10->9,l2_l_co,co,CSE_C11,0.48022520676403213,107
10->9,l2_l_co,co,CSE_C11_DENSITY,0.4473704092380804,107
10->9,l2_l_co,co,CSE_DENSITY_SHUFFLED,0.5142096558331767,107
10->9,l2_l_fe,fe,RANDOM,0.3376775820582838,192
10->9,l2_l_fe,fe,XYZ_RIGID,0.0885427836931649,192
10->9,l2_l_fe,fe,LOCAL_GEO,0.24442997698232485,192
10->9,l2_l_fe,fe,PART_FRAME,0.09062365964383393,192
10->9,l2_l_fe,fe,CSE_C11,0.24271666690477695,192
10->9,l2_l_fe,fe,CSE_C11_DENSITY,0.13180826929787748,192
10->9,l2_l_fe,fe,CSE_DENSITY_SHUFFLED,0.3410365808260173,192
10->9,l2_l_ta,ta,RANDOM,0.43429272733726393,39
10->9,l2_l_ta,ta,XYZ_RIGID,0.11869955882953637,39
10->9,l2_l_ta,ta,LOCAL_GEO,0.41850953389510887,39
10->9,l2_l_ta,ta,PART_FRAME,0.20829288183628752,39
10->9,l2_l_ta,ta,CSE_C11,0.6136980195258613,39
10->9,l2_l_ta,ta,CSE_C11_DENSITY,0.12155769006995319,39
10->9,l2_l_ta,ta,CSE_DENSITY_SHUFFLED,0.26726759590751353,39
10->9,l2_l_ti,ti,RANDOM,0.3723557714837738,63
10->9,l2_l_ti,ti,XYZ_RIGID,0.0866201550278057,63
10->9,l2_l_ti,ti,LOCAL_GEO,0.34814426585166175,63
10->9,l2_l_ti,ti,PART_FRAME,0.10974095284256818,63
10->9,l2_l_ti,ti,CSE_C11,0.5343565862502696,63
10->9,l2_l_ti,ti,CSE_C11_DENSITY,0.22598528238501592,63
10->9,l2_l_ti,ti,CSE_DENSITY_SHUFFLED,0.24890760296352735,63
10->9,l2_l_tr,tr,RANDOM,0.3847449234279672,261
10->9,l2_l_tr,tr,XYZ_RIGID,0.10294525717499424,261
10->9,l2_l_tr,tr,LOCAL_GEO,0.44625666374796913,261
10->9,l2_l_tr,tr,PART_FRAME,0.11245209406117959,261
10->9,l2_l_tr,tr,CSE_C11,0.14412776507455652,261
10->9,l2_l_tr,tr,CSE_C11_DENSITY,0.0951951069638043,261
10->9,l2_l_tr,tr,CSE_DENSITY_SHUFFLED,0.3251666571611518,261
10->9,l2_r_co,co,RANDOM,0.48448531388515614,107
10->9,l2_r_co,co,XYZ_RIGID,0.5541866139889107,107
10->9,l2_r_co,co,LOCAL_GEO,0.44932414235715656,107
10->9,l2_r_co,co,PART_FRAME,0.5446416574087724,107
10->9,l2_r_co,co,CSE_C11,0.351624571246676,107
10->9,l2_r_co,co,CSE_C11_DENSITY,0.37988429296246434,107
10->9,l2_r_co,co,CSE_DENSITY_SHUFFLED,0.5063500121246802,107
10->9,l2_r_fe,fe,RANDOM,0.32347407380907334,192
10->9,l2_r_fe,fe,XYZ_RIGID,0.10106371277840162,192
10->9,l2_r_fe,fe,LOCAL_GEO,0.3022405292701027,192
10->9,l2_r_fe,fe,PART_FRAME,0.12442720242790167,192
10->9,l2_r_fe,fe,CSE_C11,0.18054965953136462,192
10->9,l2_r_fe,fe,CSE_C11_DENSITY,0.10968552485643905,192
10->9,l2_r_fe,fe,CSE_DENSITY_SHUFFLED,0.3821965453060981,192
10->9,l2_r_ta,ta,RANDOM,0.29020028517768004,39
10->9,l2_r_ta,ta,XYZ_RIGID,0.1290751149268144,39
10->9,l2_r_ta,ta,LOCAL_GEO,0.20687340986249542,39
10->9,l2_r_ta,ta,PART_FRAME,0.2114591861216368,39
10->9,l2_r_ta,ta,CSE_C11,0.2197667643057995,39
10->9,l2_r_ta,ta,CSE_C11_DENSITY,0.37850995433840956,39
10->9,l2_r_ta,ta,CSE_DENSITY_SHUFFLED,0.3162412877122527,39
10->9,l2_r_ti,ti,RANDOM,0.33658881000139307,63
10->9,l2_r_ti,ti,XYZ_RIGID,0.08156558766231893,63
10->9,l2_r_ti,ti,LOCAL_GEO,0.42228875978677705,63
10->9,l2_r_ti,ti,PART_FRAME,0.18353929913767705,63
10->9,l2_r_ti,ti,CSE_C11,0.5282035243905813,63
10->9,l2_r_ti,ti,CSE_C11_DENSITY,0.44372745286886534,63
10->9,l2_r_ti,ti,CSE_DENSITY_SHUFFLED,0.2309787988538951,63
10->9,l2_r_tr,tr,RANDOM,0.3689402708237867,261
10->9,l2_r_tr,tr,XYZ_RIGID,0.07007801048998018,261
10->9,l2_r_tr,tr,LOCAL_GEO,0.37157965998790043,261
10->9,l2_r_tr,tr,PART_FRAME,0.08956613925254375,261
10->9,l2_r_tr,tr,CSE_C11,0.4050130232161377,261
10->9,l2_r_tr,tr,CSE_C11_DENSITY,0.10524735058212326,261
10->9,l2_r_tr,tr,CSE_DENSITY_SHUFFLED,0.34209389484777547,261
10->9,l3_l_co,co,RANDOM,0.5126448506476533,153
10->9,l3_l_co,co,XYZ_RIGID,0.268278234280627,153
10->9,l3_l_co,co,LOCAL_GEO,0.4564195382352848,153
10->9,l3_l_co,co,PART_FRAME,0.263222587367786,153
10->9,l3_l_co,co,CSE_C11,0.5878372760670035,153
10->9,l3_l_co,co,CSE_C11_DENSITY,0.27216000308409044,153
10->9,l3_l_co,co,CSE_DENSITY_SHUFFLED,0.5243422730371492,153
10->9,l3_l_fe,fe,RANDOM,0.27795509785648376,260
10->9,l3_l_fe,fe,XYZ_RIGID,0.09230336165352504,260
10->9,l3_l_fe,fe,LOCAL_GEO,0.33017638479829026,260
10->9,l3_l_fe,fe,PART_FRAME,0.08704184811323784,260
10->9,l3_l_fe,fe,CSE_C11,0.2113690613249365,260
10->9,l3_l_fe,fe,CSE_C11_DENSITY,0.14571993029263203,260
10->9,l3_l_fe,fe,CSE_DENSITY_SHUFFLED,0.3802412708682916,260
10->9,l3_l_ta,ta,RANDOM,0.306087925106686,45
10->9,l3_l_ta,ta,XYZ_RIGID,0.1719577355664685,45
10->9,l3_l_ta,ta,LOCAL_GEO,0.306087925106686,45
10->9,l3_l_ta,ta,PART_FRAME,0.28778001228029576,45
10->9,l3_l_ta,ta,CSE_C11,0.3155684176163507,45
10->9,l3_l_ta,ta,CSE_C11_DENSITY,0.5823365082973134,45
10->9,l3_l_ta,ta,CSE_DENSITY_SHUFFLED,0.25761731894042283,45
10->9,l3_l_ti,ti,RANDOM,0.35195891539387475,114
10->9,l3_l_ti,ti,XYZ_RIGID,0.06947133126225855,114
10->9,l3_l_ti,ti,LOCAL_GEO,0.2160768158578123,114
10->9,l3_l_ti,ti,PART_FRAME,0.1708950941624716,114
10->9,l3_l_ti,ti,CSE_C11,0.3117511110898429,114
10->9,l3_l_ti,ti,CSE_C11_DENSITY,0.11361836843630219,114
10->9,l3_l_ti,ti,CSE_DENSITY_SHUFFLED,0.32761980004354835,114
10->9,l3_l_tr,tr,RANDOM,0.38139534568664246,344
10->9,l3_l_tr,tr,XYZ_RIGID,0.0987313597715412,344
10->9,l3_l_tr,tr,LOCAL_GEO,0.3652641830270914,344
10->9,l3_l_tr,tr,PART_FRAME,0.08523033127718685,344
10->9,l3_l_tr,tr,CSE_C11,0.27550655057354145,344
10->9,l3_l_tr,tr,CSE_C11_DENSITY,0.0806255828630893,344
10->9,l3_l_tr,tr,CSE_DENSITY_SHUFFLED,0.32697089888585207,344
10->9,l3_r_co,co,RANDOM,0.48004844219020754,153
10->9,l3_r_co,co,XYZ_RIGID,0.18270127175609727,153
10->9,l3_r_co,co,LOCAL_GEO,0.4920699698056564,153
10->9,l3_r_co,co,PART_FRAME,0.17118742710574794,153
10->9,l3_r_co,co,CSE_C11,0.47398742012347306,153
10->9,l3_r_co,co,CSE_C11_DENSITY,0.34410951988911953,153
10->9,l3_r_co,co,CSE_DENSITY_SHUFFLED,0.4803348239905544,153
10->9,l3_r_fe,fe,RANDOM,0.31771664555403534,260
10->9,l3_r_fe,fe,XYZ_RIGID,0.08839221211936926,260
10->9,l3_r_fe,fe,LOCAL_GEO,0.3139992788341049,260
10->9,l3_r_fe,fe,PART_FRAME,0.08121776961350316,260
10->9,l3_r_fe,fe,CSE_C11,0.25270445454305135,260
10->9,l3_r_fe,fe,CSE_C11_DENSITY,0.16543816454688764,260
10->9,l3_r_fe,fe,CSE_DENSITY_SHUFFLED,0.3677696238558231,260
10->9,l3_r_ta,ta,RANDOM,0.2192987474785022,45
10->9,l3_r_ta,ta,XYZ_RIGID,0.21293002432757197,45
10->9,l3_r_ta,ta,LOCAL_GEO,0.40171500480937405,45
10->9,l3_r_ta,ta,PART_FRAME,0.3441583854916762,45
10->9,l3_r_ta,ta,CSE_C11,0.5719502785083924,45
10->9,l3_r_ta,ta,CSE_C11_DENSITY,0.2802448568673203,45
10->9,l3_r_ta,ta,CSE_DENSITY_SHUFFLED,0.28847554986953244,45
10->9,l3_r_ti,ti,RANDOM,0.32115335208276896,114
10->9,l3_r_ti,ti,XYZ_RIGID,0.06303401579262369,114
10->9,l3_r_ti,ti,LOCAL_GEO,0.1407710283362159,114
10->9,l3_r_ti,ti,PART_FRAME,0.10983269964088194,114
10->9,l3_r_ti,ti,CSE_C11,0.39878295804227065,114
10->9,l3_r_ti,ti,CSE_C11_DENSITY,0.4082551726203386,114
10->9,l3_r_ti,ti,CSE_DENSITY_SHUFFLED,0.2959102030443026,114
10->9,l3_r_tr,tr,RANDOM,0.36184996018086596,344
10->9,l3_r_tr,tr,XYZ_RIGID,0.08941543785849261,344
10->9,l3_r_tr,tr,LOCAL_GEO,0.3378232015508461,344
10->9,l3_r_tr,tr,PART_FRAME,0.08681863601757478,344
10->9,l3_r_tr,tr,CSE_C11,0.31928124249554063,344
10->9,l3_r_tr,tr,CSE_C11_DENSITY,0.10208753300651081,344
10->9,l3_r_tr,tr,CSE_DENSITY_SHUFFLED,0.3911416222033167,344
6->3,l1_l_co,co,RANDOM,0.43583948413680373,197
6->3,l1_l_co,co,XYZ_RIGID,0.243378779811458,197
6->3,l1_l_co,co,LOCAL_GEO,0.433664596642873,197
6->3,l1_l_co,co,PART_FRAME,0.29910700835548126,197
6->3,l1_l_co,co,CSE_C11,0.3829225181618295,197
6->3,l1_l_co,co,CSE_C11_DENSITY,0.2771936884337082,197
6->3,l1_l_co,co,CSE_DENSITY_SHUFFLED,0.4543050799158873,197
6->3,l1_l_fe,fe,RANDOM,0.28623790187534054,153
6->3,l1_l_fe,fe,XYZ_RIGID,0.11817193458516578,153
6->3,l1_l_fe,fe,LOCAL_GEO,0.16400683379350045,153
6->3,l1_l_fe,fe,PART_FRAME,0.1177830203752931,153
6->3,l1_l_fe,fe,CSE_C11,0.29052531937668324,153
6->3,l1_l_fe,fe,CSE_C11_DENSITY,0.1320506880672219,153
6->3,l1_l_fe,fe,CSE_DENSITY_SHUFFLED,0.2635365943407165,153
6->3,l1_l_ta,ta,RANDOM,0.20537733228896787,38
6->3,l1_l_ta,ta,XYZ_RIGID,0.16448497862249106,38
6->3,l1_l_ta,ta,LOCAL_GEO,0.3085721313686396,38
6->3,l1_l_ta,ta,PART_FRAME,0.13520666876397228,38
6->3,l1_l_ta,ta,CSE_C11,0.3391313671860514,38
6->3,l1_l_ta,ta,CSE_C11_DENSITY,0.21375644062070503,38
6->3,l1_l_ta,ta,CSE_DENSITY_SHUFFLED,0.2851681595152435,38
6->3,l1_l_ti,ti,RANDOM,0.24508701074441847,82
6->3,l1_l_ti,ti,XYZ_RIGID,0.1372044634618007,82
6->3,l1_l_ti,ti,LOCAL_GEO,0.12301199243282543,82
6->3,l1_l_ti,ti,PART_FRAME,0.10895795374798575,82
6->3,l1_l_ti,ti,CSE_C11,0.44516669608143783,82
6->3,l1_l_ti,ti,CSE_C11_DENSITY,0.14398671410519323,82
6->3,l1_l_ti,ti,CSE_DENSITY_SHUFFLED,0.27525908741665683,82
6->3,l1_l_tr,tr,RANDOM,0.31617726977956956,275
6->3,l1_l_tr,tr,XYZ_RIGID,0.05884344043607456,275
6->3,l1_l_tr,tr,LOCAL_GEO,0.2564828621697821,275
6->3,l1_l_tr,tr,PART_FRAME,0.0735993563174316,275
6->3,l1_l_tr,tr,CSE_C11,0.2861908436944834,275
6->3,l1_l_tr,tr,CSE_C11_DENSITY,0.11238299989984744,275
6->3,l1_l_tr,tr,CSE_DENSITY_SHUFFLED,0.29971936804950855,275
6->3,l1_r_co,co,RANDOM,0.4674733344061035,200
6->3,l1_r_co,co,XYZ_RIGID,0.20739946180047963,200
6->3,l1_r_co,co,LOCAL_GEO,0.4263443354487869,200
6->3,l1_r_co,co,PART_FRAME,0.21171733701951273,200
6->3,l1_r_co,co,CSE_C11,0.3049431026217177,200
6->3,l1_r_co,co,CSE_C11_DENSITY,0.26810606738690224,200
6->3,l1_r_co,co,CSE_DENSITY_SHUFFLED,0.45448021726121046,200
6->3,l1_r_fe,fe,RANDOM,0.3059833457790823,153
6->3,l1_r_fe,fe,XYZ_RIGID,0.11152778574620792,153
6->3,l1_r_fe,fe,LOCAL_GEO,0.16521368716724702,153
6->3,l1_r_fe,fe,PART_FRAME,0.11620088174710634,153
6->3,l1_r_fe,fe,CSE_C11,0.30394459519177175,153
6->3,l1_r_fe,fe,CSE_C11_DENSITY,0.16889909522070667,153
6->3,l1_r_fe,fe,CSE_DENSITY_SHUFFLED,0.3345835422124166,153
6->3,l1_r_ta,ta,RANDOM,0.30016474278582306,38
6->3,l1_r_ta,ta,XYZ_RIGID,0.15196628507265758,38
6->3,l1_r_ta,ta,LOCAL_GEO,0.23413644088185243,38
6->3,l1_r_ta,ta,PART_FRAME,0.14163437757453828,38
6->3,l1_r_ta,ta,CSE_C11,0.7017775567915924,38
6->3,l1_r_ta,ta,CSE_C11_DENSITY,0.17497630126080121,38
6->3,l1_r_ta,ta,CSE_DENSITY_SHUFFLED,0.2682995153202378,38
6->3,l1_r_ti,ti,RANDOM,0.19314637092734543,82
6->3,l1_r_ti,ti,XYZ_RIGID,0.13416952808997007,82
6->3,l1_r_ti,ti,LOCAL_GEO,0.09850417179488921,82
6->3,l1_r_ti,ti,PART_FRAME,0.11582566989526132,82
6->3,l1_r_ti,ti,CSE_C11,0.5609886226176224,82
6->3,l1_r_ti,ti,CSE_C11_DENSITY,0.2640377589145396,82
6->3,l1_r_ti,ti,CSE_DENSITY_SHUFFLED,0.30374302446127444,82
6->3,l1_r_tr,tr,RANDOM,0.2966005293836822,275
6->3,l1_r_tr,tr,XYZ_RIGID,0.0659997016673539,275
6->3,l1_r_tr,tr,LOCAL_GEO,0.34091649761162146,275
6->3,l1_r_tr,tr,PART_FRAME,0.08446569403336891,275
6->3,l1_r_tr,tr,CSE_C11,0.32863919238292083,275
6->3,l1_r_tr,tr,CSE_C11_DENSITY,0.09811992119800046,275
6->3,l1_r_tr,tr,CSE_DENSITY_SHUFFLED,0.29922596659995815,275
6->3,l2_l_co,co,RANDOM,0.34973475924263747,107
6->3,l2_l_co,co,XYZ_RIGID,0.3174609977124288,107
6->3,l2_l_co,co,LOCAL_GEO,0.29326162861227795,107
6->3,l2_l_co,co,PART_FRAME,0.3016686942207252,107
6->3,l2_l_co,co,CSE_C11,0.4873379239856716,107
6->3,l2_l_co,co,CSE_C11_DENSITY,0.27228492851021524,107
6->3,l2_l_co,co,CSE_DENSITY_SHUFFLED,0.35388208929166837,107
6->3,l2_l_fe,fe,RANDOM,0.3035457393270802,192
6->3,l2_l_fe,fe,XYZ_RIGID,0.11421515717289,192
6->3,l2_l_fe,fe,LOCAL_GEO,0.26078760177119753,192
6->3,l2_l_fe,fe,PART_FRAME,0.157820103422146,192
6->3,l2_l_fe,fe,CSE_C11,0.34756508844109574,192
6->3,l2_l_fe,fe,CSE_C11_DENSITY,0.12432645658129672,192
6->3,l2_l_fe,fe,CSE_DENSITY_SHUFFLED,0.32410657183224223,192
6->3,l2_l_ta,ta,RANDOM,0.3302144369233599,39
6->3,l2_l_ta,ta,XYZ_RIGID,0.13891663566190218,39
6->3,l2_l_ta,ta,LOCAL_GEO,0.3164798062592168,39
6->3,l2_l_ta,ta,PART_FRAME,0.20177584795997827,39
6->3,l2_l_ta,ta,CSE_C11,0.32519182141832537,39
6->3,l2_l_ta,ta,CSE_C11_DENSITY,0.30450196357563253,39
6->3,l2_l_ta,ta,CSE_DENSITY_SHUFFLED,0.27134786489494295,39
6->3,l2_l_ti,ti,RANDOM,0.22891290991926472,63
6->3,l2_l_ti,ti,XYZ_RIGID,0.12421448079356258,63
6->3,l2_l_ti,ti,LOCAL_GEO,0.3984349897398067,63
6->3,l2_l_ti,ti,PART_FRAME,0.25741744502429487,63
6->3,l2_l_ti,ti,CSE_C11,0.7135867840070211,63
6->3,l2_l_ti,ti,CSE_C11_DENSITY,0.23213767407607633,63
6->3,l2_l_ti,ti,CSE_DENSITY_SHUFFLED,0.23817077970466133,63
6->3,l2_l_tr,tr,RANDOM,0.33230456337656367,261
6->3,l2_l_tr,tr,XYZ_RIGID,0.06755815848200615,261
6->3,l2_l_tr,tr,LOCAL_GEO,0.2842479930649753,261
6->3,l2_l_tr,tr,PART_FRAME,0.0643835324753729,261
6->3,l2_l_tr,tr,CSE_C11,0.2434946960556015,261
6->3,l2_l_tr,tr,CSE_C11_DENSITY,0.07308693758403989,261
6->3,l2_l_tr,tr,CSE_DENSITY_SHUFFLED,0.3478215795535663,261
6->3,l2_r_co,co,RANDOM,0.35539374289898384,107
6->3,l2_r_co,co,XYZ_RIGID,0.38997254867153797,107
6->3,l2_r_co,co,LOCAL_GEO,0.3413475042675276,107
6->3,l2_r_co,co,PART_FRAME,0.40744287145620445,107
6->3,l2_r_co,co,CSE_C11,0.44726294427575064,107
6->3,l2_r_co,co,CSE_C11_DENSITY,0.29434368538833167,107
6->3,l2_r_co,co,CSE_DENSITY_SHUFFLED,0.35395031426126033,107
6->3,l2_r_fe,fe,RANDOM,0.25533449159468935,192
6->3,l2_r_fe,fe,XYZ_RIGID,0.12961671740582742,192
6->3,l2_r_fe,fe,LOCAL_GEO,0.23563375189144609,192
6->3,l2_r_fe,fe,PART_FRAME,0.139627421924563,192
6->3,l2_r_fe,fe,CSE_C11,0.18847877976186334,192
6->3,l2_r_fe,fe,CSE_C11_DENSITY,0.10917229290360454,192
6->3,l2_r_fe,fe,CSE_DENSITY_SHUFFLED,0.2768243379816313,192
6->3,l2_r_ta,ta,RANDOM,0.341613235441963,39
6->3,l2_r_ta,ta,XYZ_RIGID,0.13849849363275782,39
6->3,l2_r_ta,ta,LOCAL_GEO,0.30622162278073284,39
6->3,l2_r_ta,ta,PART_FRAME,0.14081308577681678,39
6->3,l2_r_ta,ta,CSE_C11,0.5580472661519407,39
6->3,l2_r_ta,ta,CSE_C11_DENSITY,0.19547957029321147,39
6->3,l2_r_ta,ta,CSE_DENSITY_SHUFFLED,0.335858360398151,39
6->3,l2_r_ti,ti,RANDOM,0.2938874562774026,63
6->3,l2_r_ti,ti,XYZ_RIGID,0.12001476228762083,63
6->3,l2_r_ti,ti,LOCAL_GEO,0.39406943598631405,63
6->3,l2_r_ti,ti,PART_FRAME,0.2073469268837279,63
6->3,l2_r_ti,ti,CSE_C11,0.5775313175848827,63
6->3,l2_r_ti,ti,CSE_C11_DENSITY,0.3138383964069215,63
6->3,l2_r_ti,ti,CSE_DENSITY_SHUFFLED,0.2501190361289281,63
6->3,l2_r_tr,tr,RANDOM,0.33988795002991334,261
6->3,l2_r_tr,tr,XYZ_RIGID,0.07964308551777353,261
6->3,l2_r_tr,tr,LOCAL_GEO,0.28142649283106264,261
6->3,l2_r_tr,tr,PART_FRAME,0.08751906078152989,261
6->3,l2_r_tr,tr,CSE_C11,0.2350618343537812,261
6->3,l2_r_tr,tr,CSE_C11_DENSITY,0.08945639757857822,261
6->3,l2_r_tr,tr,CSE_DENSITY_SHUFFLED,0.3301824795249741,261
6->3,l3_l_co,co,RANDOM,0.41646364021190047,153
6->3,l3_l_co,co,XYZ_RIGID,0.2768196154821604,153
6->3,l3_l_co,co,LOCAL_GEO,0.3848479116854561,153
6->3,l3_l_co,co,PART_FRAME,0.28482644053315637,153
6->3,l3_l_co,co,CSE_C11,0.5653463578099432,153
6->3,l3_l_co,co,CSE_C11_DENSITY,0.49057530373104646,153
6->3,l3_l_co,co,CSE_DENSITY_SHUFFLED,0.40337279406391724,153
6->3,l3_l_fe,fe,RANDOM,0.2964172049172895,260
6->3,l3_l_fe,fe,XYZ_RIGID,0.1149441148743578,260
6->3,l3_l_fe,fe,LOCAL_GEO,0.36721689650592626,260
6->3,l3_l_fe,fe,PART_FRAME,0.11187764682793568,260
6->3,l3_l_fe,fe,CSE_C11,0.22668373548631848,260
6->3,l3_l_fe,fe,CSE_C11_DENSITY,0.141090915833543,260
6->3,l3_l_fe,fe,CSE_DENSITY_SHUFFLED,0.29860914817358586,260
6->3,l3_l_ta,ta,RANDOM,0.2545949884788424,45
6->3,l3_l_ta,ta,XYZ_RIGID,0.12226506702594256,45
6->3,l3_l_ta,ta,LOCAL_GEO,0.14483993131538803,45
6->3,l3_l_ta,ta,PART_FRAME,0.13919585105819435,45
6->3,l3_l_ta,ta,CSE_C11,0.24562437776501256,45
6->3,l3_l_ta,ta,CSE_C11_DENSITY,0.23980453403926885,45
6->3,l3_l_ta,ta,CSE_DENSITY_SHUFFLED,0.2521710656477616,45
6->3,l3_l_ti,ti,RANDOM,0.26286270480681195,114
6->3,l3_l_ti,ti,XYZ_RIGID,0.15542656284092993,114
6->3,l3_l_ti,ti,LOCAL_GEO,0.33622155208320514,114
6->3,l3_l_ti,ti,PART_FRAME,0.23799279393698686,114
6->3,l3_l_ti,ti,CSE_C11,0.2706166016867573,114
6->3,l3_l_ti,ti,CSE_C11_DENSITY,0.13500677626398133,114
6->3,l3_l_ti,ti,CSE_DENSITY_SHUFFLED,0.2597337009320956,114
6->3,l3_l_tr,tr,RANDOM,0.4152774423705258,344
6->3,l3_l_tr,tr,XYZ_RIGID,0.08184380785667567,344
6->3,l3_l_tr,tr,LOCAL_GEO,0.1718686209018651,344
6->3,l3_l_tr,tr,PART_FRAME,0.10337468097957066,344
6->3,l3_l_tr,tr,CSE_C11,0.10845200975952438,344
6->3,l3_l_tr,tr,CSE_C11_DENSITY,0.10392986751924375,344
6->3,l3_l_tr,tr,CSE_DENSITY_SHUFFLED,0.386331405139149,344
6->3,l3_r_co,co,RANDOM,0.33271876791633265,153
6->3,l3_r_co,co,XYZ_RIGID,0.3187271780698151,153
6->3,l3_r_co,co,LOCAL_GEO,0.33767624941619717,153
6->3,l3_r_co,co,PART_FRAME,0.2878911249072341,153
6->3,l3_r_co,co,CSE_C11,0.3095302438119,153
6->3,l3_r_co,co,CSE_C11_DENSITY,0.38454614839444207,153
6->3,l3_r_co,co,CSE_DENSITY_SHUFFLED,0.3238701282586021,153
6->3,l3_r_fe,fe,RANDOM,0.3026812518550702,260
6->3,l3_r_fe,fe,XYZ_RIGID,0.10572711948707011,260
6->3,l3_r_fe,fe,LOCAL_GEO,0.453530079084713,260
6->3,l3_r_fe,fe,PART_FRAME,0.10224287834525225,260
6->3,l3_r_fe,fe,CSE_C11,0.4464879680140247,260
6->3,l3_r_fe,fe,CSE_C11_DENSITY,0.09848986871560955,260
6->3,l3_r_fe,fe,CSE_DENSITY_SHUFFLED,0.3165640313268775,260
6->3,l3_r_ta,ta,RANDOM,0.3132125620154337,45
6->3,l3_r_ta,ta,XYZ_RIGID,0.13703329750057133,45
6->3,l3_r_ta,ta,LOCAL_GEO,0.1661008078845223,45
6->3,l3_r_ta,ta,PART_FRAME,0.15144704604566245,45
6->3,l3_r_ta,ta,CSE_C11,0.2771414770436056,45
6->3,l3_r_ta,ta,CSE_C11_DENSITY,0.27800199810635295,45
6->3,l3_r_ta,ta,CSE_DENSITY_SHUFFLED,0.3127288299801589,45
6->3,l3_r_ti,ti,RANDOM,0.233446277121939,114
6->3,l3_r_ti,ti,XYZ_RIGID,0.1579760971130525,114
6->3,l3_r_ti,ti,LOCAL_GEO,0.376859603818683,114
6->3,l3_r_ti,ti,PART_FRAME,0.26471540055387877,114
6->3,l3_r_ti,ti,CSE_C11,0.2528720290457142,114
6->3,l3_r_ti,ti,CSE_C11_DENSITY,0.13839686075180754,114
6->3,l3_r_ti,ti,CSE_DENSITY_SHUFFLED,0.29273839245631783,114
6->3,l3_r_tr,tr,RANDOM,0.34880232369988673,344
6->3,l3_r_tr,tr,XYZ_RIGID,0.07694280887863794,344
6->3,l3_r_tr,tr,LOCAL_GEO,0.15530955430424698,344
6->3,l3_r_tr,tr,PART_FRAME,0.0898063366378648,344
6->3,l3_r_tr,tr,CSE_C11,0.5756726342291022,344
6->3,l3_r_tr,tr,CSE_C11_DENSITY,0.07604471026433204,344
6->3,l3_r_tr,tr,CSE_DENSITY_SHUFFLED,0.3346655106894154,344
1->10,l1_l_co,co,RANDOM,0.3811356075687814,197
1->10,l1_l_co,co,XYZ_RIGID,0.22983538228530312,197
1->10,l1_l_co,co,LOCAL_GEO,0.3526253881385425,197
1->10,l1_l_co,co,PART_FRAME,0.2544082265425761,197
1->10,l1_l_co,co,CSE_C11,0.34384194537037505,197
1->10,l1_l_co,co,CSE_C11_DENSITY,0.2166247756602127,197
1->10,l1_l_co,co,CSE_DENSITY_SHUFFLED,0.3796331023514222,197
1->10,l1_l_fe,fe,RANDOM,0.2988661805873262,153
1->10,l1_l_fe,fe,XYZ_RIGID,0.12059989955529049,153
1->10,l1_l_fe,fe,LOCAL_GEO,0.20889189735062164,153
1->10,l1_l_fe,fe,PART_FRAME,0.14077246051510228,153
1->10,l1_l_fe,fe,CSE_C11,0.2930311931377173,153
1->10,l1_l_fe,fe,CSE_C11_DENSITY,0.15280273127262417,153
1->10,l1_l_fe,fe,CSE_DENSITY_SHUFFLED,0.30115811073082716,153
1->10,l1_l_ta,ta,RANDOM,0.28274497696903905,38
1->10,l1_l_ta,ta,XYZ_RIGID,0.13168449783360453,38
1->10,l1_l_ta,ta,LOCAL_GEO,0.17449021262890607,38
1->10,l1_l_ta,ta,PART_FRAME,0.13986321040823013,38
1->10,l1_l_ta,ta,CSE_C11,0.7489576953749109,38
1->10,l1_l_ta,ta,CSE_C11_DENSITY,0.3487998477869247,38
1->10,l1_l_ta,ta,CSE_DENSITY_SHUFFLED,0.2523582307279724,38
1->10,l1_l_ti,ti,RANDOM,0.3186491143876051,82
1->10,l1_l_ti,ti,XYZ_RIGID,0.10019849737546782,82
1->10,l1_l_ti,ti,LOCAL_GEO,0.17964204090879976,82
1->10,l1_l_ti,ti,PART_FRAME,0.1703244322376934,82
1->10,l1_l_ti,ti,CSE_C11,0.2777920730933093,82
1->10,l1_l_ti,ti,CSE_C11_DENSITY,0.1355682342898173,82
1->10,l1_l_ti,ti,CSE_DENSITY_SHUFFLED,0.32699303339312347,82
1->10,l1_l_tr,tr,RANDOM,0.38110337261872207,275
1->10,l1_l_tr,tr,XYZ_RIGID,0.09218943569809113,275
1->10,l1_l_tr,tr,LOCAL_GEO,0.3497465813820978,275
1->10,l1_l_tr,tr,PART_FRAME,0.1151705321120264,275
1->10,l1_l_tr,tr,CSE_C11,0.2440331976179051,275
1->10,l1_l_tr,tr,CSE_C11_DENSITY,0.11230387521774543,275
1->10,l1_l_tr,tr,CSE_DENSITY_SHUFFLED,0.39346410009831756,275
1->10,l1_r_co,co,RANDOM,0.39154857655376674,200
1->10,l1_r_co,co,XYZ_RIGID,0.3144453470151044,200
1->10,l1_r_co,co,LOCAL_GEO,0.3608239522544038,200
1->10,l1_r_co,co,PART_FRAME,0.34220508594713006,200
1->10,l1_r_co,co,CSE_C11,0.3135077785324495,200
1->10,l1_r_co,co,CSE_C11_DENSITY,0.2052817080410746,200
1->10,l1_r_co,co,CSE_DENSITY_SHUFFLED,0.39347560015024985,200
1->10,l1_r_fe,fe,RANDOM,0.307128927427659,153
1->10,l1_r_fe,fe,XYZ_RIGID,0.10536495387522067,153
1->10,l1_r_fe,fe,LOCAL_GEO,0.1910433229094085,153
1->10,l1_r_fe,fe,PART_FRAME,0.13205521652040356,153
1->10,l1_r_fe,fe,CSE_C11,0.3241464310495614,153
1->10,l1_r_fe,fe,CSE_C11_DENSITY,0.10639638400278871,153
1->10,l1_r_fe,fe,CSE_DENSITY_SHUFFLED,0.3273018876443336,153
1->10,l1_r_ta,ta,RANDOM,0.3174994580006775,38
1->10,l1_r_ta,ta,XYZ_RIGID,0.13674345991459202,38
1->10,l1_r_ta,ta,LOCAL_GEO,0.26358867289856575,38
1->10,l1_r_ta,ta,PART_FRAME,0.15082597374627799,38
1->10,l1_r_ta,ta,CSE_C11,0.5489769544513408,38
1->10,l1_r_ta,ta,CSE_C11_DENSITY,0.3349281342641881,38
1->10,l1_r_ta,ta,CSE_DENSITY_SHUFFLED,0.24239732985910328,38
1->10,l1_r_ti,ti,RANDOM,0.321230088957976,82
1->10,l1_r_ti,ti,XYZ_RIGID,0.08819342648428771,82
1->10,l1_r_ti,ti,LOCAL_GEO,0.2778398587164026,82
1->10,l1_r_ti,ti,PART_FRAME,0.17185765890595303,82
1->10,l1_r_ti,ti,CSE_C11,0.2820993603819203,82
1->10,l1_r_ti,ti,CSE_C11_DENSITY,0.18054414837285773,82
1->10,l1_r_ti,ti,CSE_DENSITY_SHUFFLED,0.3952514220540147,82
1->10,l1_r_tr,tr,RANDOM,0.40277279724916193,275
1->10,l1_r_tr,tr,XYZ_RIGID,0.07020500764678596,275
1->10,l1_r_tr,tr,LOCAL_GEO,0.3460706140257093,275
1->10,l1_r_tr,tr,PART_FRAME,0.10208055994919314,275
1->10,l1_r_tr,tr,CSE_C11,0.32876138227924456,275
1->10,l1_r_tr,tr,CSE_C11_DENSITY,0.11000699232010648,275
1->10,l1_r_tr,tr,CSE_DENSITY_SHUFFLED,0.43750799516028027,275
1->10,l2_l_co,co,RANDOM,0.38602618077764256,107
1->10,l2_l_co,co,XYZ_RIGID,0.4247162143071837,107
1->10,l2_l_co,co,LOCAL_GEO,0.43785319439811876,107
1->10,l2_l_co,co,PART_FRAME,0.38898537202785993,107
1->10,l2_l_co,co,CSE_C11,0.5623161538365563,107
1->10,l2_l_co,co,CSE_C11_DENSITY,0.30262716017889135,107
1->10,l2_l_co,co,CSE_DENSITY_SHUFFLED,0.4180200686143857,107
1->10,l2_l_fe,fe,RANDOM,0.35552238967048383,192
1->10,l2_l_fe,fe,XYZ_RIGID,0.12610166309218934,192
1->10,l2_l_fe,fe,LOCAL_GEO,0.44624631782968127,192
1->10,l2_l_fe,fe,PART_FRAME,0.12575610748439428,192
1->10,l2_l_fe,fe,CSE_C11,0.3550655132166974,192
1->10,l2_l_fe,fe,CSE_C11_DENSITY,0.12488408069532062,192
1->10,l2_l_fe,fe,CSE_DENSITY_SHUFFLED,0.34025775554490045,192
1->10,l2_l_ta,ta,RANDOM,0.23946477438358355,39
1->10,l2_l_ta,ta,XYZ_RIGID,0.18459617050810254,39
1->10,l2_l_ta,ta,LOCAL_GEO,0.2047189111085106,39
1->10,l2_l_ta,ta,PART_FRAME,0.24250710115821486,39
1->10,l2_l_ta,ta,CSE_C11,0.4076676369514038,39
1->10,l2_l_ta,ta,CSE_C11_DENSITY,0.23528996470878424,39
1->10,l2_l_ta,ta,CSE_DENSITY_SHUFFLED,0.37966206057875973,39
1->10,l2_l_ti,ti,RANDOM,0.4219800748857838,63
1->10,l2_l_ti,ti,XYZ_RIGID,0.15807334812610938,63
1->10,l2_l_ti,ti,LOCAL_GEO,0.15005452312784234,63
1->10,l2_l_ti,ti,PART_FRAME,0.14657639497154823,63
1->10,l2_l_ti,ti,CSE_C11,0.21110493327169474,63
1->10,l2_l_ti,ti,CSE_C11_DENSITY,0.16732197094105017,63
1->10,l2_l_ti,ti,CSE_DENSITY_SHUFFLED,0.26893008775690214,63
1->10,l2_l_tr,tr,RANDOM,0.3815242102250842,261
1->10,l2_l_tr,tr,XYZ_RIGID,0.08156801441675608,261
1->10,l2_l_tr,tr,LOCAL_GEO,0.282800393242472,261
1->10,l2_l_tr,tr,PART_FRAME,0.10270171283538361,261
1->10,l2_l_tr,tr,CSE_C11,0.15793155296185188,261
1->10,l2_l_tr,tr,CSE_C11_DENSITY,0.08530006526102148,261
1->10,l2_l_tr,tr,CSE_DENSITY_SHUFFLED,0.343229352597603,261
1->10,l2_r_co,co,RANDOM,0.3357170807574139,107
1->10,l2_r_co,co,XYZ_RIGID,0.41649605733828665,107
1->10,l2_r_co,co,LOCAL_GEO,0.3826083106098857,107
1->10,l2_r_co,co,PART_FRAME,0.4242606994720357,107
1->10,l2_r_co,co,CSE_C11,0.3210630969233469,107
1->10,l2_r_co,co,CSE_C11_DENSITY,0.26464444241728313,107
1->10,l2_r_co,co,CSE_DENSITY_SHUFFLED,0.3409432972598005,107
1->10,l2_r_fe,fe,RANDOM,0.3214736285264348,192
1->10,l2_r_fe,fe,XYZ_RIGID,0.15555631936897468,192
1->10,l2_r_fe,fe,LOCAL_GEO,0.39610952785401365,192
1->10,l2_r_fe,fe,PART_FRAME,0.12056399971217868,192
1->10,l2_r_fe,fe,CSE_C11,0.16088632240158313,192
1->10,l2_r_fe,fe,CSE_C11_DENSITY,0.19037794302414268,192
1->10,l2_r_fe,fe,CSE_DENSITY_SHUFFLED,0.3032077675703399,192
1->10,l2_r_ta,ta,RANDOM,0.31429105209634717,39
1->10,l2_r_ta,ta,XYZ_RIGID,0.18107233939727738,39
1->10,l2_r_ta,ta,LOCAL_GEO,0.25844223927214716,39
1->10,l2_r_ta,ta,PART_FRAME,0.2041098127594856,39
1->10,l2_r_ta,ta,CSE_C11,0.2917108160837691,39
1->10,l2_r_ta,ta,CSE_C11_DENSITY,0.18312562690327844,39
1->10,l2_r_ta,ta,CSE_DENSITY_SHUFFLED,0.291370532997555,39
1->10,l2_r_ti,ti,RANDOM,0.2787251667121258,63
1->10,l2_r_ti,ti,XYZ_RIGID,0.15281526354238728,63
1->10,l2_r_ti,ti,LOCAL_GEO,0.13423182712552573,63
1->10,l2_r_ti,ti,PART_FRAME,0.13583847824937495,63
1->10,l2_r_ti,ti,CSE_C11,0.26557302265437327,63
1->10,l2_r_ti,ti,CSE_C11_DENSITY,0.13583847824937495,63
1->10,l2_r_ti,ti,CSE_DENSITY_SHUFFLED,0.3815340895721969,63
1->10,l2_r_tr,tr,RANDOM,0.38974722355506364,261
1->10,l2_r_tr,tr,XYZ_RIGID,0.08335826078650603,261
1->10,l2_r_tr,tr,LOCAL_GEO,0.27461811564606203,261
1->10,l2_r_tr,tr,PART_FRAME,0.09486968319553711,261
1->10,l2_r_tr,tr,CSE_C11,0.12076747689064957,261
1->10,l2_r_tr,tr,CSE_C11_DENSITY,0.09873415099114562,261
1->10,l2_r_tr,tr,CSE_DENSITY_SHUFFLED,0.3808012557050457,261
1->10,l3_l_co,co,RANDOM,0.5131912094428162,153
1->10,l3_l_co,co,XYZ_RIGID,0.3174368600092231,153
1->10,l3_l_co,co,LOCAL_GEO,0.5188515990013216,153
1->10,l3_l_co,co,PART_FRAME,0.35683630598958144,153
1->10,l3_l_co,co,CSE_C11,0.6563328577606975,153
1->10,l3_l_co,co,CSE_C11_DENSITY,0.3946410445395943,153
1->10,l3_l_co,co,CSE_DENSITY_SHUFFLED,0.5291479204749231,153
1->10,l3_l_fe,fe,RANDOM,0.33080688675203795,260
1->10,l3_l_fe,fe,XYZ_RIGID,0.15063161555661692,260
1->10,l3_l_fe,fe,LOCAL_GEO,0.31542447468229934,260
1->10,l3_l_fe,fe,PART_FRAME,0.1405327351741385,260
1->10,l3_l_fe,fe,CSE_C11,0.4501595062463412,260
1->10,l3_l_fe,fe,CSE_C11_DENSITY,0.09242332433199753,260
1->10,l3_l_fe,fe,CSE_DENSITY_SHUFFLED,0.36573847487023237,260
1->10,l3_l_ta,ta,RANDOM,0.3653741905293022,45
1->10,l3_l_ta,ta,XYZ_RIGID,0.23257890189152775,45
1->10,l3_l_ta,ta,LOCAL_GEO,0.22259914817617868,45
1->10,l3_l_ta,ta,PART_FRAME,0.2528978495340524,45
1->10,l3_l_ta,ta,CSE_C11,0.4644674751687336,45
1->10,l3_l_ta,ta,CSE_C11_DENSITY,0.3387306653082233,45
1->10,l3_l_ta,ta,CSE_DENSITY_SHUFFLED,0.28463922529723734,45
1->10,l3_l_ti,ti,RANDOM,0.330432824988653,114
1->10,l3_l_ti,ti,XYZ_RIGID,0.07990389414378543,114
1->10,l3_l_ti,ti,LOCAL_GEO,0.32517787819819277,114
1->10,l3_l_ti,ti,PART_FRAME,0.15109619001068345,114
1->10,l3_l_ti,ti,CSE_C11,0.24345805133381132,114
1->10,l3_l_ti,ti,CSE_C11_DENSITY,0.23995110433605915,114
1->10,l3_l_ti,ti,CSE_DENSITY_SHUFFLED,0.2865504154369466,114
1->10,l3_l_tr,tr,RANDOM,0.38384046033954944,344
1->10,l3_l_tr,tr,XYZ_RIGID,0.1515559442177286,344
1->10,l3_l_tr,tr,LOCAL_GEO,0.3936326197033583,344
1->10,l3_l_tr,tr,PART_FRAME,0.1827785981228212,344
1->10,l3_l_tr,tr,CSE_C11,0.3035284853588618,344
1->10,l3_l_tr,tr,CSE_C11_DENSITY,0.12925534731282107,344
1->10,l3_l_tr,tr,CSE_DENSITY_SHUFFLED,0.4103494725742488,344
1->10,l3_r_co,co,RANDOM,0.5244216564638695,153
1->10,l3_r_co,co,XYZ_RIGID,0.2541141646574974,153
1->10,l3_r_co,co,LOCAL_GEO,0.4782526229632251,153
1->10,l3_r_co,co,PART_FRAME,0.2699240578697788,153
1->10,l3_r_co,co,CSE_C11,0.6578708228160924,153
1->10,l3_r_co,co,CSE_C11_DENSITY,0.3832634270560022,153
1->10,l3_r_co,co,CSE_DENSITY_SHUFFLED,0.4741752106287254,153
1->10,l3_r_fe,fe,RANDOM,0.33661539997227763,260
1->10,l3_r_fe,fe,XYZ_RIGID,0.14212826121362984,260
1->10,l3_r_fe,fe,LOCAL_GEO,0.34598785449673886,260
1->10,l3_r_fe,fe,PART_FRAME,0.14842767426866205,260
1->10,l3_r_fe,fe,CSE_C11,0.35253722508453145,260
1->10,l3_r_fe,fe,CSE_C11_DENSITY,0.09215270657576395,260
1->10,l3_r_fe,fe,CSE_DENSITY_SHUFFLED,0.3931022668126711,260
1->10,l3_r_ta,ta,RANDOM,0.3746142645212433,45
1->10,l3_r_ta,ta,XYZ_RIGID,0.17584961328897783,45
1->10,l3_r_ta,ta,LOCAL_GEO,0.2147780886308948,45
1->10,l3_r_ta,ta,PART_FRAME,0.1823428394580458,45
1->10,l3_r_ta,ta,CSE_C11,0.26387375462454477,45
1->10,l3_r_ta,ta,CSE_C11_DENSITY,0.3181784948186802,45
1->10,l3_r_ta,ta,CSE_DENSITY_SHUFFLED,0.3659325122126528,45
1->10,l3_r_ti,ti,RANDOM,0.31969193706430327,114
1->10,l3_r_ti,ti,XYZ_RIGID,0.0886038725459001,114
1->10,l3_r_ti,ti,LOCAL_GEO,0.20403040702086345,114
1->10,l3_r_ti,ti,PART_FRAME,0.14040400565728223,114
1->10,l3_r_ti,ti,CSE_C11,0.3454605131627755,114
1->10,l3_r_ti,ti,CSE_C11_DENSITY,0.5022297813038378,114
1->10,l3_r_ti,ti,CSE_DENSITY_SHUFFLED,0.3304813634098246,114
1->10,l3_r_tr,tr,RANDOM,0.3950555653191482,344
1->10,l3_r_tr,tr,XYZ_RIGID,0.17352361855581572,344
1->10,l3_r_tr,tr,LOCAL_GEO,0.395054161704898,344
1->10,l3_r_tr,tr,PART_FRAME,0.1773316739868246,344
1->10,l3_r_tr,tr,CSE_C11,0.20423328828815746,344
1->10,l3_r_tr,tr,CSE_C11_DENSITY,0.12436910507525079,344
1->10,l3_r_tr,tr,CSE_DENSITY_SHUFFLED,0.3978744480843775,344
2->5,l1_l_co,co,RANDOM,0.38816171881233014,197
2->5,l1_l_co,co,XYZ_RIGID,0.21812109816383032,197
2->5,l1_l_co,co,LOCAL_GEO,0.37949841059441414,197
2->5,l1_l_co,co,PART_FRAME,0.2750489206501588,197
2->5,l1_l_co,co,CSE_C11,0.19843767226631842,197
2->5,l1_l_co,co,CSE_C11_DENSITY,0.18766690623051901,197
2->5,l1_l_co,co,CSE_DENSITY_SHUFFLED,0.3859836593040628,197
2->5,l1_l_fe,fe,RANDOM,0.28923847455829604,153
2->5,l1_l_fe,fe,XYZ_RIGID,0.06581990587555307,153
2->5,l1_l_fe,fe,LOCAL_GEO,0.195109676110428,153
2->5,l1_l_fe,fe,PART_FRAME,0.09222778127354256,153
2->5,l1_l_fe,fe,CSE_C11,0.4581866160196928,153
2->5,l1_l_fe,fe,CSE_C11_DENSITY,0.18056487060585893,153
2->5,l1_l_fe,fe,CSE_DENSITY_SHUFFLED,0.30272654356382794,153
2->5,l1_l_ta,ta,RANDOM,0.2745944348428113,38
2->5,l1_l_ta,ta,XYZ_RIGID,0.12889248817181856,38
2->5,l1_l_ta,ta,LOCAL_GEO,0.243492974674432,38
2->5,l1_l_ta,ta,PART_FRAME,0.16719707841387701,38
2->5,l1_l_ta,ta,CSE_C11,0.6328265788899882,38
2->5,l1_l_ta,ta,CSE_C11_DENSITY,0.1474217545971668,38
2->5,l1_l_ta,ta,CSE_DENSITY_SHUFFLED,0.2974502423259677,38
2->5,l1_l_ti,ti,RANDOM,0.2712099360092072,82
2->5,l1_l_ti,ti,XYZ_RIGID,0.07742849936525649,82
2->5,l1_l_ti,ti,LOCAL_GEO,0.17230946059190788,82
2->5,l1_l_ti,ti,PART_FRAME,0.12911995595731582,82
2->5,l1_l_ti,ti,CSE_C11,0.23993960300744338,82
2->5,l1_l_ti,ti,CSE_C11_DENSITY,0.4683700502464101,82
2->5,l1_l_ti,ti,CSE_DENSITY_SHUFFLED,0.2751260208785899,82
2->5,l1_l_tr,tr,RANDOM,0.3656112769126408,275
2->5,l1_l_tr,tr,XYZ_RIGID,0.054331422824922176,275
2->5,l1_l_tr,tr,LOCAL_GEO,0.3042465731105016,275
2->5,l1_l_tr,tr,PART_FRAME,0.08761009019920546,275
2->5,l1_l_tr,tr,CSE_C11,0.3631049933790065,275
2->5,l1_l_tr,tr,CSE_C11_DENSITY,0.1294694402252817,275
2->5,l1_l_tr,tr,CSE_DENSITY_SHUFFLED,0.29132500821503565,275
2->5,l1_r_co,co,RANDOM,0.40445316548080346,200
2->5,l1_r_co,co,XYZ_RIGID,0.09195227424062788,200
2->5,l1_r_co,co,LOCAL_GEO,0.34231065560381907,200
2->5,l1_r_co,co,PART_FRAME,0.1328532877608024,200
2->5,l1_r_co,co,CSE_C11,0.2779734789659732,200
2->5,l1_r_co,co,CSE_C11_DENSITY,0.16856906218498513,200
2->5,l1_r_co,co,CSE_DENSITY_SHUFFLED,0.40147375107910566,200
2->5,l1_r_fe,fe,RANDOM,0.3437430041896783,153
2->5,l1_r_fe,fe,XYZ_RIGID,0.04694979313317275,153
2->5,l1_r_fe,fe,LOCAL_GEO,0.16140077613047624,153
2->5,l1_r_fe,fe,PART_FRAME,0.07523261746562805,153
2->5,l1_r_fe,fe,CSE_C11,0.18866302464840942,153
2->5,l1_r_fe,fe,CSE_C11_DENSITY,0.10866496231203017,153
2->5,l1_r_fe,fe,CSE_DENSITY_SHUFFLED,0.33326376439013833,153
2->5,l1_r_ta,ta,RANDOM,0.33802936087980495,38
2->5,l1_r_ta,ta,XYZ_RIGID,0.0827496972412059,38
2->5,l1_r_ta,ta,LOCAL_GEO,0.49219386147034494,38
2->5,l1_r_ta,ta,PART_FRAME,0.07564126967834706,38
2->5,l1_r_ta,ta,CSE_C11,0.44725634410845483,38
2->5,l1_r_ta,ta,CSE_C11_DENSITY,0.22011541491490852,38
2->5,l1_r_ta,ta,CSE_DENSITY_SHUFFLED,0.24531685237511022,38
2->5,l1_r_ti,ti,RANDOM,0.2961462238653201,82
2->5,l1_r_ti,ti,XYZ_RIGID,0.07546929512293386,82
2->5,l1_r_ti,ti,LOCAL_GEO,0.20272864528824353,82
2->5,l1_r_ti,ti,PART_FRAME,0.06720313307232363,82
2->5,l1_r_ti,ti,CSE_C11,0.5189173226783482,82
2->5,l1_r_ti,ti,CSE_C11_DENSITY,0.11994662099782871,82
2->5,l1_r_ti,ti,CSE_DENSITY_SHUFFLED,0.2893962943504218,82
2->5,l1_r_tr,tr,RANDOM,0.3836775510808587,275
2->5,l1_r_tr,tr,XYZ_RIGID,0.06946492129230065,275
2->5,l1_r_tr,tr,LOCAL_GEO,0.22988703337838687,275
2->5,l1_r_tr,tr,PART_FRAME,0.0858996081955463,275
2->5,l1_r_tr,tr,CSE_C11,0.08704339015082374,275
2->5,l1_r_tr,tr,CSE_C11_DENSITY,0.09292433522306391,275
2->5,l1_r_tr,tr,CSE_DENSITY_SHUFFLED,0.29927148613752114,275
2->5,l2_l_co,co,RANDOM,0.48877165619875834,107
2->5,l2_l_co,co,XYZ_RIGID,0.27675703259387135,107
2->5,l2_l_co,co,LOCAL_GEO,0.478587450227482,107
2->5,l2_l_co,co,PART_FRAME,0.26519175246132254,107
2->5,l2_l_co,co,CSE_C11,0.4657054482151345,107
2->5,l2_l_co,co,CSE_C11_DENSITY,0.43245738594048266,107
2->5,l2_l_co,co,CSE_DENSITY_SHUFFLED,0.4668015167505371,107
2->5,l2_l_fe,fe,RANDOM,0.378156702242682,192
2->5,l2_l_fe,fe,XYZ_RIGID,0.0422282898790986,192
2->5,l2_l_fe,fe,LOCAL_GEO,0.20052764512160626,192
2->5,l2_l_fe,fe,PART_FRAME,0.04866275752396895,192
2->5,l2_l_fe,fe,CSE_C11,0.2087015751245226,192
2->5,l2_l_fe,fe,CSE_C11_DENSITY,0.08790540987664955,192
2->5,l2_l_fe,fe,CSE_DENSITY_SHUFFLED,0.30310940399776387,192
2->5,l2_l_ta,ta,RANDOM,0.3613032938422926,39
2->5,l2_l_ta,ta,XYZ_RIGID,0.14008556336842828,39
2->5,l2_l_ta,ta,LOCAL_GEO,0.20790605769863182,39
2->5,l2_l_ta,ta,PART_FRAME,0.18501847700462623,39
2->5,l2_l_ta,ta,CSE_C11,0.40029828926682554,39
2->5,l2_l_ta,ta,CSE_C11_DENSITY,0.3101776620188846,39
2->5,l2_l_ta,ta,CSE_DENSITY_SHUFFLED,0.27538680328637016,39
2->5,l2_l_ti,ti,RANDOM,0.25617364677880977,63
2->5,l2_l_ti,ti,XYZ_RIGID,0.054695406018605446,63
2->5,l2_l_ti,ti,LOCAL_GEO,0.19608609475414399,63
2->5,l2_l_ti,ti,PART_FRAME,0.0894733845123501,63
2->5,l2_l_ti,ti,CSE_C11,0.2112416844121795,63
2->5,l2_l_ti,ti,CSE_C11_DENSITY,0.15121940358622793,63
2->5,l2_l_ti,ti,CSE_DENSITY_SHUFFLED,0.2916882111182646,63
2->5,l2_l_tr,tr,RANDOM,0.30691806693728474,261
2->5,l2_l_tr,tr,XYZ_RIGID,0.05378594175109657,261
2->5,l2_l_tr,tr,LOCAL_GEO,0.2902364201610855,261
2->5,l2_l_tr,tr,PART_FRAME,0.060537351374182535,261
2->5,l2_l_tr,tr,CSE_C11,0.15787660198576337,261
2->5,l2_l_tr,tr,CSE_C11_DENSITY,0.07040215389595217,261
2->5,l2_l_tr,tr,CSE_DENSITY_SHUFFLED,0.32459371994465824,261
2->5,l2_r_co,co,RANDOM,0.47700638722185623,107
2->5,l2_r_co,co,XYZ_RIGID,0.24899022257425107,107
2->5,l2_r_co,co,LOCAL_GEO,0.48674894209023173,107
2->5,l2_r_co,co,PART_FRAME,0.2465124668893786,107
2->5,l2_r_co,co,CSE_C11,0.5013779293102018,107
2->5,l2_r_co,co,CSE_C11_DENSITY,0.3826694688807396,107
2->5,l2_r_co,co,CSE_DENSITY_SHUFFLED,0.47279400700927265,107
2->5,l2_r_fe,fe,RANDOM,0.3523916527589597,192
2->5,l2_r_fe,fe,XYZ_RIGID,0.0284917998714501,192
2->5,l2_r_fe,fe,LOCAL_GEO,0.2884973820118463,192
2->5,l2_r_fe,fe,PART_FRAME,0.046751728267582726,192
2->5,l2_r_fe,fe,CSE_C11,0.18275350281143582,192
2->5,l2_r_fe,fe,CSE_C11_DENSITY,0.08182789660527123,192
2->5,l2_r_fe,fe,CSE_DENSITY_SHUFFLED,0.3967577737657695,192
2->5,l2_r_ta,ta,RANDOM,0.40319437039370704,39
2->5,l2_r_ta,ta,XYZ_RIGID,0.14772245520644262,39
2->5,l2_r_ta,ta,LOCAL_GEO,0.15279297543326975,39
2->5,l2_r_ta,ta,PART_FRAME,0.17861335862719338,39
2->5,l2_r_ta,ta,CSE_C11,0.5647921142631841,39
2->5,l2_r_ta,ta,CSE_C11_DENSITY,0.17720583334610035,39
2->5,l2_r_ta,ta,CSE_DENSITY_SHUFFLED,0.2566560200823505,39
2->5,l2_r_ti,ti,RANDOM,0.2251112789384757,63
2->5,l2_r_ti,ti,XYZ_RIGID,0.06160496694761208,63
2->5,l2_r_ti,ti,LOCAL_GEO,0.18667793346652956,63
2->5,l2_r_ti,ti,PART_FRAME,0.10693718737115622,63
2->5,l2_r_ti,ti,CSE_C11,0.44779860796652654,63
2->5,l2_r_ti,ti,CSE_C11_DENSITY,0.220876387987348,63
2->5,l2_r_ti,ti,CSE_DENSITY_SHUFFLED,0.2526814085999245,63
2->5,l2_r_tr,tr,RANDOM,0.352182298979105,261
2->5,l2_r_tr,tr,XYZ_RIGID,0.05221183582105938,261
2->5,l2_r_tr,tr,LOCAL_GEO,0.2388487151167799,261
2->5,l2_r_tr,tr,PART_FRAME,0.05798983423194713,261
2->5,l2_r_tr,tr,CSE_C11,0.20191697268157327,261
2->5,l2_r_tr,tr,CSE_C11_DENSITY,0.06402094108010635,261
2->5,l2_r_tr,tr,CSE_DENSITY_SHUFFLED,0.2796050534990451,261
2->5,l3_l_co,co,RANDOM,0.2578722959120638,153
2->5,l3_l_co,co,XYZ_RIGID,0.19782924193552404,153
2->5,l3_l_co,co,LOCAL_GEO,0.31167345207404207,153
2->5,l3_l_co,co,PART_FRAME,0.3026138730279631,153
2->5,l3_l_co,co,CSE_C11,0.3746639507925487,153
2->5,l3_l_co,co,CSE_C11_DENSITY,0.20785033141033213,153
2->5,l3_l_co,co,CSE_DENSITY_SHUFFLED,0.2797384363301913,153
2->5,l3_l_fe,fe,RANDOM,0.3151229659014692,260
2->5,l3_l_fe,fe,XYZ_RIGID,0.05778510037263232,260
2->5,l3_l_fe,fe,LOCAL_GEO,0.3237773555072103,260
2->5,l3_l_fe,fe,PART_FRAME,0.05412619269616083,260
2->5,l3_l_fe,fe,CSE_C11,0.24606858610104415,260
2->5,l3_l_fe,fe,CSE_C11_DENSITY,0.12193787163018716,260
2->5,l3_l_fe,fe,CSE_DENSITY_SHUFFLED,0.2760938952838847,260
2->5,l3_l_ta,ta,RANDOM,0.3039630143960021,45
2->5,l3_l_ta,ta,XYZ_RIGID,0.10956458651239953,45
2->5,l3_l_ta,ta,LOCAL_GEO,0.26692233359407735,45
2->5,l3_l_ta,ta,PART_FRAME,0.16307818048876546,45
2->5,l3_l_ta,ta,CSE_C11,0.5735398876946972,45
2->5,l3_l_ta,ta,CSE_C11_DENSITY,0.1501359096059429,45
2->5,l3_l_ta,ta,CSE_DENSITY_SHUFFLED,0.23668478569423973,45
2->5,l3_l_ti,ti,RANDOM,0.3019095576973492,114
2->5,l3_l_ti,ti,XYZ_RIGID,0.053285554073077473,114
2->5,l3_l_ti,ti,LOCAL_GEO,0.23271434737470453,114
2->5,l3_l_ti,ti,PART_FRAME,0.11977208467064523,114
2->5,l3_l_ti,ti,CSE_C11,0.44370897751017835,114
2->5,l3_l_ti,ti,CSE_C11_DENSITY,0.07342966908394041,114
2->5,l3_l_ti,ti,CSE_DENSITY_SHUFFLED,0.3245797892007845,114
2->5,l3_l_tr,tr,RANDOM,0.36393652769841656,344
2->5,l3_l_tr,tr,XYZ_RIGID,0.06936536226857781,344
2->5,l3_l_tr,tr,LOCAL_GEO,0.3827871535534958,344
2->5,l3_l_tr,tr,PART_FRAME,0.06488530349708774,344
2->5,l3_l_tr,tr,CSE_C11,0.10516162931644471,344
2->5,l3_l_tr,tr,CSE_C11_DENSITY,0.08512047399861794,344
2->5,l3_l_tr,tr,CSE_DENSITY_SHUFFLED,0.3406901160015664,344
2->5,l3_r_co,co,RANDOM,0.27427555616525795,153
2->5,l3_r_co,co,XYZ_RIGID,0.19437149823699984,153
2->5,l3_r_co,co,LOCAL_GEO,0.33382801455056443,153
2->5,l3_r_co,co,PART_FRAME,0.23663209324326803,153
2->5,l3_r_co,co,CSE_C11,0.4042125181483073,153
2->5,l3_r_co,co,CSE_C11_DENSITY,0.20940078278578297,153
2->5,l3_r_co,co,CSE_DENSITY_SHUFFLED,0.3058520006170928,153
2->5,l3_r_fe,fe,RANDOM,0.30029976982271267,260
2->5,l3_r_fe,fe,XYZ_RIGID,0.04449719317295105,260
2->5,l3_r_fe,fe,LOCAL_GEO,0.3378666628227397,260
2->5,l3_r_fe,fe,PART_FRAME,0.06659027001336616,260
2->5,l3_r_fe,fe,CSE_C11,0.27120724179343847,260
2->5,l3_r_fe,fe,CSE_C11_DENSITY,0.08207131379101687,260
2->5,l3_r_fe,fe,CSE_DENSITY_SHUFFLED,0.28854093116923646,260
2->5,l3_r_ta,ta,RANDOM,0.33899604922459686,45
2->5,l3_r_ta,ta,XYZ_RIGID,0.14718718520522006,45
2->5,l3_r_ta,ta,LOCAL_GEO,0.3415232551838242,45
2->5,l3_r_ta,ta,PART_FRAME,0.19379446142881554,45
2->5,l3_r_ta,ta,CSE_C11,0.3892637574740815,45
2->5,l3_r_ta,ta,CSE_C11_DENSITY,0.1891070629882643,45
2->5,l3_r_ta,ta,CSE_DENSITY_SHUFFLED,0.3257435039413698,45
2->5,l3_r_ti,ti,RANDOM,0.27222326387605245,114
2->5,l3_r_ti,ti,XYZ_RIGID,0.05956560258177164,114
2->5,l3_r_ti,ti,LOCAL_GEO,0.20378071413677012,114
2->5,l3_r_ti,ti,PART_FRAME,0.10371983535019978,114
2->5,l3_r_ti,ti,CSE_C11,0.4148126556278762,114
2->5,l3_r_ti,ti,CSE_C11_DENSITY,0.06665439562029461,114
2->5,l3_r_ti,ti,CSE_DENSITY_SHUFFLED,0.31539952698996504,114
2->5,l3_r_tr,tr,RANDOM,0.31599972800050763,344
2->5,l3_r_tr,tr,XYZ_RIGID,0.05981879322635718,344
2->5,l3_r_tr,tr,LOCAL_GEO,0.2643566827095004,344
2->5,l3_r_tr,tr,PART_FRAME,0.06232318218619248,344
2->5,l3_r_tr,tr,CSE_C11,0.3490582275071416,344
2->5,l3_r_tr,tr,CSE_C11_DENSITY,0.07444657900683604,344
2->5,l3_r_tr,tr,CSE_DENSITY_SHUFFLED,0.38403886275191534,344
6->3,l1_l_co,co,RANDOM,0.4525042500047518,197
6->3,l1_l_co,co,XYZ_RIGID,0.243378779811458,197
6->3,l1_l_co,co,LOCAL_GEO,0.433664596642873,197
6->3,l1_l_co,co,PART_FRAME,0.29910700835548126,197
6->3,l1_l_co,co,CSE_C11,0.3829225181618295,197
6->3,l1_l_co,co,CSE_C11_DENSITY,0.2771936884337082,197
6->3,l1_l_co,co,CSE_DENSITY_SHUFFLED,0.4543050799158873,197
6->3,l1_l_fe,fe,RANDOM,0.3237300609762123,153
6->3,l1_l_fe,fe,XYZ_RIGID,0.11817193458516578,153
6->3,l1_l_fe,fe,LOCAL_GEO,0.16400683379350045,153
6->3,l1_l_fe,fe,PART_FRAME,0.1177830203752931,153
6->3,l1_l_fe,fe,CSE_C11,0.29052531937668324,153
6->3,l1_l_fe,fe,CSE_C11_DENSITY,0.1320506880672219,153
6->3,l1_l_fe,fe,CSE_DENSITY_SHUFFLED,0.2635365943407165,153
6->3,l1_l_ta,ta,RANDOM,0.25713795553779883,38
6->3,l1_l_ta,ta,XYZ_RIGID,0.16448497862249106,38
6->3,l1_l_ta,ta,LOCAL_GEO,0.3085721313686396,38
6->3,l1_l_ta,ta,PART_FRAME,0.13520666876397228,38
6->3,l1_l_ta,ta,CSE_C11,0.3391313671860514,38
6->3,l1_l_ta,ta,CSE_C11_DENSITY,0.21375644062070503,38
6->3,l1_l_ta,ta,CSE_DENSITY_SHUFFLED,0.2851681595152435,38
6->3,l1_l_ti,ti,RANDOM,0.2639936177261241,82
6->3,l1_l_ti,ti,XYZ_RIGID,0.1372044634618007,82
6->3,l1_l_ti,ti,LOCAL_GEO,0.12301199243282543,82
6->3,l1_l_ti,ti,PART_FRAME,0.10895795374798575,82
6->3,l1_l_ti,ti,CSE_C11,0.44516669608143783,82
6->3,l1_l_ti,ti,CSE_C11_DENSITY,0.14398671410519323,82
6->3,l1_l_ti,ti,CSE_DENSITY_SHUFFLED,0.27525908741665683,82
6->3,l1_l_tr,tr,RANDOM,0.3471110600283548,275
6->3,l1_l_tr,tr,XYZ_RIGID,0.05884344043607456,275
6->3,l1_l_tr,tr,LOCAL_GEO,0.2564828621697821,275
6->3,l1_l_tr,tr,PART_FRAME,0.0735993563174316,275
6->3,l1_l_tr,tr,CSE_C11,0.2861908436944834,275
6->3,l1_l_tr,tr,CSE_C11_DENSITY,0.11238299989984744,275
6->3,l1_l_tr,tr,CSE_DENSITY_SHUFFLED,0.29971936804950855,275
6->3,l1_r_co,co,RANDOM,0.47156142413416113,200
6->3,l1_r_co,co,XYZ_RIGID,0.20739946180047963,200
6->3,l1_r_co,co,LOCAL_GEO,0.4263443354487869,200
6->3,l1_r_co,co,PART_FRAME,0.21171733701951273,200
6->3,l1_r_co,co,CSE_C11,0.3049431026217177,200
6->3,l1_r_co,co,CSE_C11_DENSITY,0.26810606738690224,200
6->3,l1_r_co,co,CSE_DENSITY_SHUFFLED,0.45448021726121046,200
6->3,l1_r_fe,fe,RANDOM,0.29029674192370825,153
6->3,l1_r_fe,fe,XYZ_RIGID,0.11152778574620792,153
6->3,l1_r_fe,fe,LOCAL_GEO,0.16521368716724702,153
6->3,l1_r_fe,fe,PART_FRAME,0.11620088174710634,153
6->3,l1_r_fe,fe,CSE_C11,0.30394459519177175,153
6->3,l1_r_fe,fe,CSE_C11_DENSITY,0.16889909522070667,153
6->3,l1_r_fe,fe,CSE_DENSITY_SHUFFLED,0.3345835422124166,153
6->3,l1_r_ta,ta,RANDOM,0.28845309664823504,38
6->3,l1_r_ta,ta,XYZ_RIGID,0.15196628507265758,38
6->3,l1_r_ta,ta,LOCAL_GEO,0.23413644088185243,38
6->3,l1_r_ta,ta,PART_FRAME,0.14163437757453828,38
6->3,l1_r_ta,ta,CSE_C11,0.7017775567915924,38
6->3,l1_r_ta,ta,CSE_C11_DENSITY,0.17497630126080121,38
6->3,l1_r_ta,ta,CSE_DENSITY_SHUFFLED,0.2682995153202378,38
6->3,l1_r_ti,ti,RANDOM,0.2496157049324144,82
6->3,l1_r_ti,ti,XYZ_RIGID,0.13416952808997007,82
6->3,l1_r_ti,ti,LOCAL_GEO,0.09850417179488921,82
6->3,l1_r_ti,ti,PART_FRAME,0.11582566989526132,82
6->3,l1_r_ti,ti,CSE_C11,0.5609886226176224,82
6->3,l1_r_ti,ti,CSE_C11_DENSITY,0.2640377589145396,82
6->3,l1_r_ti,ti,CSE_DENSITY_SHUFFLED,0.30374302446127444,82
6->3,l1_r_tr,tr,RANDOM,0.33854142425433903,275
6->3,l1_r_tr,tr,XYZ_RIGID,0.0659997016673539,275
6->3,l1_r_tr,tr,LOCAL_GEO,0.34091649761162146,275
6->3,l1_r_tr,tr,PART_FRAME,0.08446569403336891,275
6->3,l1_r_tr,tr,CSE_C11,0.32863919238292083,275
6->3,l1_r_tr,tr,CSE_C11_DENSITY,0.09811992119800046,275
6->3,l1_r_tr,tr,CSE_DENSITY_SHUFFLED,0.29922596659995815,275
6->3,l2_l_co,co,RANDOM,0.3592838986462841,107
6->3,l2_l_co,co,XYZ_RIGID,0.3174609977124288,107
6->3,l2_l_co,co,LOCAL_GEO,0.29326162861227795,107
6->3,l2_l_co,co,PART_FRAME,0.3016686942207252,107
6->3,l2_l_co,co,CSE_C11,0.4873379239856716,107
6->3,l2_l_co,co,CSE_C11_DENSITY,0.27228492851021524,107
6->3,l2_l_co,co,CSE_DENSITY_SHUFFLED,0.35388208929166837,107
6->3,l2_l_fe,fe,RANDOM,0.28429357915300596,192
6->3,l2_l_fe,fe,XYZ_RIGID,0.11421515717289,192
6->3,l2_l_fe,fe,LOCAL_GEO,0.26078760177119753,192
6->3,l2_l_fe,fe,PART_FRAME,0.157820103422146,192
6->3,l2_l_fe,fe,CSE_C11,0.34756508844109574,192
6->3,l2_l_fe,fe,CSE_C11_DENSITY,0.12432645658129672,192
6->3,l2_l_fe,fe,CSE_DENSITY_SHUFFLED,0.32410657183224223,192
6->3,l2_l_ta,ta,RANDOM,0.3164798062592168,39
6->3,l2_l_ta,ta,XYZ_RIGID,0.13891663566190218,39
6->3,l2_l_ta,ta,LOCAL_GEO,0.3164798062592168,39
6->3,l2_l_ta,ta,PART_FRAME,0.20177584795997827,39
6->3,l2_l_ta,ta,CSE_C11,0.32519182141832537,39
6->3,l2_l_ta,ta,CSE_C11_DENSITY,0.30450196357563253,39
6->3,l2_l_ta,ta,CSE_DENSITY_SHUFFLED,0.27134786489494295,39
6->3,l2_l_ti,ti,RANDOM,0.19977577169505792,63
6->3,l2_l_ti,ti,XYZ_RIGID,0.12421448079356258,63
6->3,l2_l_ti,ti,LOCAL_GEO,0.3984349897398067,63
6->3,l2_l_ti,ti,PART_FRAME,0.25741744502429487,63
6->3,l2_l_ti,ti,CSE_C11,0.7135867840070211,63
6->3,l2_l_ti,ti,CSE_C11_DENSITY,0.23213767407607633,63
6->3,l2_l_ti,ti,CSE_DENSITY_SHUFFLED,0.23817077970466133,63
6->3,l2_l_tr,tr,RANDOM,0.34909316875826835,261
6->3,l2_l_tr,tr,XYZ_RIGID,0.06755815848200615,261
6->3,l2_l_tr,tr,LOCAL_GEO,0.2842479930649753,261
6->3,l2_l_tr,tr,PART_FRAME,0.0643835324753729,261
6->3,l2_l_tr,tr,CSE_C11,0.2434946960556015,261
6->3,l2_l_tr,tr,CSE_C11_DENSITY,0.07308693758403989,261
6->3,l2_l_tr,tr,CSE_DENSITY_SHUFFLED,0.3478215795535663,261
6->3,l2_r_co,co,RANDOM,0.3671204058870156,107
6->3,l2_r_co,co,XYZ_RIGID,0.38997254867153797,107
6->3,l2_r_co,co,LOCAL_GEO,0.3413475042675276,107
6->3,l2_r_co,co,PART_FRAME,0.40744287145620445,107
6->3,l2_r_co,co,CSE_C11,0.44726294427575064,107
6->3,l2_r_co,co,CSE_C11_DENSITY,0.29434368538833167,107
6->3,l2_r_co,co,CSE_DENSITY_SHUFFLED,0.35395031426126033,107
6->3,l2_r_fe,fe,RANDOM,0.2560153723441179,192
6->3,l2_r_fe,fe,XYZ_RIGID,0.12961671740582742,192
6->3,l2_r_fe,fe,LOCAL_GEO,0.23563375189144609,192
6->3,l2_r_fe,fe,PART_FRAME,0.139627421924563,192
6->3,l2_r_fe,fe,CSE_C11,0.18847877976186334,192
6->3,l2_r_fe,fe,CSE_C11_DENSITY,0.10917229290360454,192
6->3,l2_r_fe,fe,CSE_DENSITY_SHUFFLED,0.2768243379816313,192
6->3,l2_r_ta,ta,RANDOM,0.34164255387585235,39
6->3,l2_r_ta,ta,XYZ_RIGID,0.13849849363275782,39
6->3,l2_r_ta,ta,LOCAL_GEO,0.30622162278073284,39
6->3,l2_r_ta,ta,PART_FRAME,0.14081308577681678,39
6->3,l2_r_ta,ta,CSE_C11,0.5580472661519407,39
6->3,l2_r_ta,ta,CSE_C11_DENSITY,0.19547957029321147,39
6->3,l2_r_ta,ta,CSE_DENSITY_SHUFFLED,0.335858360398151,39
6->3,l2_r_ti,ti,RANDOM,0.19948068217076842,63
6->3,l2_r_ti,ti,XYZ_RIGID,0.12001476228762083,63
6->3,l2_r_ti,ti,LOCAL_GEO,0.39406943598631405,63
6->3,l2_r_ti,ti,PART_FRAME,0.2073469268837279,63
6->3,l2_r_ti,ti,CSE_C11,0.5775313175848827,63
6->3,l2_r_ti,ti,CSE_C11_DENSITY,0.3138383964069215,63
6->3,l2_r_ti,ti,CSE_DENSITY_SHUFFLED,0.2501190361289281,63
6->3,l2_r_tr,tr,RANDOM,0.33458298075502413,261
6->3,l2_r_tr,tr,XYZ_RIGID,0.07964308551777353,261
6->3,l2_r_tr,tr,LOCAL_GEO,0.28142649283106264,261
6->3,l2_r_tr,tr,PART_FRAME,0.08751906078152989,261
6->3,l2_r_tr,tr,CSE_C11,0.2350618343537812,261
6->3,l2_r_tr,tr,CSE_C11_DENSITY,0.08945639757857822,261
6->3,l2_r_tr,tr,CSE_DENSITY_SHUFFLED,0.3301824795249741,261
6->3,l3_l_co,co,RANDOM,0.4060239979402806,153
6->3,l3_l_co,co,XYZ_RIGID,0.2768196154821604,153
6->3,l3_l_co,co,LOCAL_GEO,0.3848479116854561,153
6->3,l3_l_co,co,PART_FRAME,0.28482644053315637,153
6->3,l3_l_co,co,CSE_C11,0.5653463578099432,153
6->3,l3_l_co,co,CSE_C11_DENSITY,0.49057530373104646,153
6->3,l3_l_co,co,CSE_DENSITY_SHUFFLED,0.40337279406391724,153
6->3,l3_l_fe,fe,RANDOM,0.3145425191756196,260
6->3,l3_l_fe,fe,XYZ_RIGID,0.1149441148743578,260
6->3,l3_l_fe,fe,LOCAL_GEO,0.36721689650592626,260
6->3,l3_l_fe,fe,PART_FRAME,0.11187764682793568,260
6->3,l3_l_fe,fe,CSE_C11,0.22668373548631848,260
6->3,l3_l_fe,fe,CSE_C11_DENSITY,0.141090915833543,260
6->3,l3_l_fe,fe,CSE_DENSITY_SHUFFLED,0.29860914817358586,260
6->3,l3_l_ta,ta,RANDOM,0.21777428529133624,45
6->3,l3_l_ta,ta,XYZ_RIGID,0.12226506702594256,45
6->3,l3_l_ta,ta,LOCAL_GEO,0.14483993131538803,45
6->3,l3_l_ta,ta,PART_FRAME,0.13919585105819435,45
6->3,l3_l_ta,ta,CSE_C11,0.24562437776501256,45
6->3,l3_l_ta,ta,CSE_C11_DENSITY,0.23980453403926885,45
6->3,l3_l_ta,ta,CSE_DENSITY_SHUFFLED,0.2521710656477616,45
6->3,l3_l_ti,ti,RANDOM,0.26089645316430604,114
6->3,l3_l_ti,ti,XYZ_RIGID,0.15542656284092993,114
6->3,l3_l_ti,ti,LOCAL_GEO,0.33622155208320514,114
6->3,l3_l_ti,ti,PART_FRAME,0.23799279393698686,114
6->3,l3_l_ti,ti,CSE_C11,0.2706166016867573,114
6->3,l3_l_ti,ti,CSE_C11_DENSITY,0.13500677626398133,114
6->3,l3_l_ti,ti,CSE_DENSITY_SHUFFLED,0.2597337009320956,114
6->3,l3_l_tr,tr,RANDOM,0.30274851806871966,344
6->3,l3_l_tr,tr,XYZ_RIGID,0.08184380785667567,344
6->3,l3_l_tr,tr,LOCAL_GEO,0.1718686209018651,344
6->3,l3_l_tr,tr,PART_FRAME,0.10337468097957066,344
6->3,l3_l_tr,tr,CSE_C11,0.10845200975952438,344
6->3,l3_l_tr,tr,CSE_C11_DENSITY,0.10392986751924375,344
6->3,l3_l_tr,tr,CSE_DENSITY_SHUFFLED,0.386331405139149,344
6->3,l3_r_co,co,RANDOM,0.3748798666918758,153
6->3,l3_r_co,co,XYZ_RIGID,0.3187271780698151,153
6->3,l3_r_co,co,LOCAL_GEO,0.33767624941619717,153
6->3,l3_r_co,co,PART_FRAME,0.2878911249072341,153
6->3,l3_r_co,co,CSE_C11,0.3095302438119,153
6->3,l3_r_co,co,CSE_C11_DENSITY,0.38454614839444207,153
6->3,l3_r_co,co,CSE_DENSITY_SHUFFLED,0.3238701282586021,153
6->3,l3_r_fe,fe,RANDOM,0.2870800902742815,260
6->3,l3_r_fe,fe,XYZ_RIGID,0.10572711948707011,260
6->3,l3_r_fe,fe,LOCAL_GEO,0.453530079084713,260
6->3,l3_r_fe,fe,PART_FRAME,0.10224287834525225,260
6->3,l3_r_fe,fe,CSE_C11,0.4464879680140247,260
6->3,l3_r_fe,fe,CSE_C11_DENSITY,0.09848986871560955,260
6->3,l3_r_fe,fe,CSE_DENSITY_SHUFFLED,0.3165640313268775,260
6->3,l3_r_ta,ta,RANDOM,0.2779645030447338,45
6->3,l3_r_ta,ta,XYZ_RIGID,0.13703329750057133,45
6->3,l3_r_ta,ta,LOCAL_GEO,0.1661008078845223,45
6->3,l3_r_ta,ta,PART_FRAME,0.15144704604566245,45
6->3,l3_r_ta,ta,CSE_C11,0.2771414770436056,45
6->3,l3_r_ta,ta,CSE_C11_DENSITY,0.27800199810635295,45
6->3,l3_r_ta,ta,CSE_DENSITY_SHUFFLED,0.3127288299801589,45
6->3,l3_r_ti,ti,RANDOM,0.3146832768045743,114
6->3,l3_r_ti,ti,XYZ_RIGID,0.1579760971130525,114
6->3,l3_r_ti,ti,LOCAL_GEO,0.376859603818683,114
6->3,l3_r_ti,ti,PART_FRAME,0.26471540055387877,114
6->3,l3_r_ti,ti,CSE_C11,0.2528720290457142,114
6->3,l3_r_ti,ti,CSE_C11_DENSITY,0.13839686075180754,114
6->3,l3_r_ti,ti,CSE_DENSITY_SHUFFLED,0.29273839245631783,114
6->3,l3_r_tr,tr,RANDOM,0.29047015177604013,344
6->3,l3_r_tr,tr,XYZ_RIGID,0.07694280887863794,344
6->3,l3_r_tr,tr,LOCAL_GEO,0.15530955430424698,344
6->3,l3_r_tr,tr,PART_FRAME,0.0898063366378648,344
6->3,l3_r_tr,tr,CSE_C11,0.5756726342291022,344
6->3,l3_r_tr,tr,CSE_C11_DENSITY,0.07604471026433204,344
6->3,l3_r_tr,tr,CSE_DENSITY_SHUFFLED,0.3346655106894154,344
8->0,l1_l_co,co,RANDOM,0.3969476737770957,197
8->0,l1_l_co,co,XYZ_RIGID,0.1374489345517165,197
8->0,l1_l_co,co,LOCAL_GEO,0.3737247797593762,197
8->0,l1_l_co,co,PART_FRAME,0.1543830248308296,197
8->0,l1_l_co,co,CSE_C11,0.3560219723138634,197
8->0,l1_l_co,co,CSE_C11_DENSITY,0.35170098625973856,197
8->0,l1_l_co,co,CSE_DENSITY_SHUFFLED,0.3663851142168241,197
8->0,l1_l_fe,fe,RANDOM,0.40902579117420623,153
8->0,l1_l_fe,fe,XYZ_RIGID,0.07103547024880297,153
8->0,l1_l_fe,fe,LOCAL_GEO,0.20809636661182362,153
8->0,l1_l_fe,fe,PART_FRAME,0.10389551827504623,153
8->0,l1_l_fe,fe,CSE_C11,0.2715223521859226,153
8->0,l1_l_fe,fe,CSE_C11_DENSITY,0.13606118940703385,153
8->0,l1_l_fe,fe,CSE_DENSITY_SHUFFLED,0.39450377803001513,153
8->0,l1_l_ta,ta,RANDOM,0.35431634288146063,38
8->0,l1_l_ta,ta,XYZ_RIGID,0.21649830280500187,38
8->0,l1_l_ta,ta,LOCAL_GEO,0.5501287371137131,38
8->0,l1_l_ta,ta,PART_FRAME,0.20741607309053928,38
8->0,l1_l_ta,ta,CSE_C11,0.42644314634561037,38
8->0,l1_l_ta,ta,CSE_C11_DENSITY,0.26353574772493216,38
8->0,l1_l_ta,ta,CSE_DENSITY_SHUFFLED,0.3970174006918984,38
8->0,l1_l_ti,ti,RANDOM,0.3223775487288001,82
8->0,l1_l_ti,ti,XYZ_RIGID,0.08742554651507596,82
8->0,l1_l_ti,ti,LOCAL_GEO,0.26726974682658977,82
8->0,l1_l_ti,ti,PART_FRAME,0.11772764697001749,82
8->0,l1_l_ti,ti,CSE_C11,0.4313893966264132,82
8->0,l1_l_ti,ti,CSE_C11_DENSITY,0.14581653772135844,82
8->0,l1_l_ti,ti,CSE_DENSITY_SHUFFLED,0.2744301924872612,82
8->0,l1_l_tr,tr,RANDOM,0.34625703984174705,275
8->0,l1_l_tr,tr,XYZ_RIGID,0.04812190546753186,275
8->0,l1_l_tr,tr,LOCAL_GEO,0.28867081696104196,275
8->0,l1_l_tr,tr,PART_FRAME,0.07466274789663728,275
8->0,l1_l_tr,tr,CSE_C11,0.1742866002037732,275
8->0,l1_l_tr,tr,CSE_C11_DENSITY,0.09784099764055709,275
8->0,l1_l_tr,tr,CSE_DENSITY_SHUFFLED,0.3573134783426332,275
8->0,l1_r_co,co,RANDOM,0.3760859112437529,200
8->0,l1_r_co,co,XYZ_RIGID,0.31257636607983563,200
8->0,l1_r_co,co,LOCAL_GEO,0.3833332737131844,200
8->0,l1_r_co,co,PART_FRAME,0.3518892568072525,200
8->0,l1_r_co,co,CSE_C11,0.2996802468925064,200
8->0,l1_r_co,co,CSE_C11_DENSITY,0.22318007715666316,200
8->0,l1_r_co,co,CSE_DENSITY_SHUFFLED,0.4053710089344662,200
8->0,l1_r_fe,fe,RANDOM,0.4022917971325645,153
8->0,l1_r_fe,fe,XYZ_RIGID,0.07477801897377938,153
8->0,l1_r_fe,fe,LOCAL_GEO,0.30093644577874584,153
8->0,l1_r_fe,fe,PART_FRAME,0.1093724066906812,153
8->0,l1_r_fe,fe,CSE_C11,0.2621025379357561,153
8->0,l1_r_fe,fe,CSE_C11_DENSITY,0.17557749400161266,153
8->0,l1_r_fe,fe,CSE_DENSITY_SHUFFLED,0.3266960329275368,153
8->0,l1_r_ta,ta,RANDOM,0.4344701098576595,38
8->0,l1_r_ta,ta,XYZ_RIGID,0.27652785239536526,38
8->0,l1_r_ta,ta,LOCAL_GEO,0.45812305572510026,38
8->0,l1_r_ta,ta,PART_FRAME,0.27301835923474665,38
8->0,l1_r_ta,ta,CSE_C11,0.616115098374736,38
8->0,l1_r_ta,ta,CSE_C11_DENSITY,0.3472846776216618,38
8->0,l1_r_ta,ta,CSE_DENSITY_SHUFFLED,0.4113365390717088,38
8->0,l1_r_ti,ti,RANDOM,0.4216423959533664,82
8->0,l1_r_ti,ti,XYZ_RIGID,0.11374400331496792,82
8->0,l1_r_ti,ti,LOCAL_GEO,0.3336242473601885,82
8->0,l1_r_ti,ti,PART_FRAME,0.13700788521821017,82
8->0,l1_r_ti,ti,CSE_C11,0.41305459649546944,82
8->0,l1_r_ti,ti,CSE_C11_DENSITY,0.4316888933920965,82
8->0,l1_r_ti,ti,CSE_DENSITY_SHUFFLED,0.33319408776659554,82
8->0,l1_r_tr,tr,RANDOM,0.3064644675558677,275
8->0,l1_r_tr,tr,XYZ_RIGID,0.052796591126633985,275
8->0,l1_r_tr,tr,LOCAL_GEO,0.3345790225899071,275
8->0,l1_r_tr,tr,PART_FRAME,0.0952154113422695,275
8->0,l1_r_tr,tr,CSE_C11,0.42023332938851005,275
8->0,l1_r_tr,tr,CSE_C11_DENSITY,0.0730746717665247,275
8->0,l1_r_tr,tr,CSE_DENSITY_SHUFFLED,0.35075565527694735,275
8->0,l2_l_co,co,RANDOM,0.35415643309130523,107
8->0,l2_l_co,co,XYZ_RIGID,0.2517785942966059,107
8->0,l2_l_co,co,LOCAL_GEO,0.3272365004145555,107
8->0,l2_l_co,co,PART_FRAME,0.26236507760997135,107
8->0,l2_l_co,co,CSE_C11,0.5670609912711965,107
8->0,l2_l_co,co,CSE_C11_DENSITY,0.24844546103110116,107
8->0,l2_l_co,co,CSE_DENSITY_SHUFFLED,0.3364998885931526,107
8->0,l2_l_fe,fe,RANDOM,0.40252546268530687,192
8->0,l2_l_fe,fe,XYZ_RIGID,0.10447491078663984,192
8->0,l2_l_fe,fe,LOCAL_GEO,0.4549067724423529,192
8->0,l2_l_fe,fe,PART_FRAME,0.10051880191353707,192
8->0,l2_l_fe,fe,CSE_C11,0.31764298795375445,192
8->0,l2_l_fe,fe,CSE_C11_DENSITY,0.11910666165284382,192
8->0,l2_l_fe,fe,CSE_DENSITY_SHUFFLED,0.3836019888772696,192
8->0,l2_l_ta,ta,RANDOM,0.2943171272907838,39
8->0,l2_l_ta,ta,XYZ_RIGID,0.17988906520665357,39
8->0,l2_l_ta,ta,LOCAL_GEO,0.3347528591174816,39
8->0,l2_l_ta,ta,PART_FRAME,0.2276462515842988,39
8->0,l2_l_ta,ta,CSE_C11,0.24441318513842855,39
8->0,l2_l_ta,ta,CSE_C11_DENSITY,0.19802439271733277,39
8->0,l2_l_ta,ta,CSE_DENSITY_SHUFFLED,0.333733991271051,39
8->0,l2_l_ti,ti,RANDOM,0.3294043518406051,63
8->0,l2_l_ti,ti,XYZ_RIGID,0.09493575090348742,63
8->0,l2_l_ti,ti,LOCAL_GEO,0.3453746299029925,63
8->0,l2_l_ti,ti,PART_FRAME,0.13397270935747307,63
8->0,l2_l_ti,ti,CSE_C11,0.3539061544777811,63
8->0,l2_l_ti,ti,CSE_C11_DENSITY,0.4579961531171974,63
8->0,l2_l_ti,ti,CSE_DENSITY_SHUFFLED,0.3197371568950331,63
8->0,l2_l_tr,tr,RANDOM,0.36385171078653844,261
8->0,l2_l_tr,tr,XYZ_RIGID,0.046139235320743266,261
8->0,l2_l_tr,tr,LOCAL_GEO,0.23969461316397334,261
8->0,l2_l_tr,tr,PART_FRAME,0.10756483490909104,261
8->0,l2_l_tr,tr,CSE_C11,0.32290415628136926,261
8->0,l2_l_tr,tr,CSE_C11_DENSITY,0.12991127661110974,261
8->0,l2_l_tr,tr,CSE_DENSITY_SHUFFLED,0.3175442972946348,261
8->0,l2_r_co,co,RANDOM,0.29449305603702025,107
8->0,l2_r_co,co,XYZ_RIGID,0.3237812506279758,107
8->0,l2_r_co,co,LOCAL_GEO,0.27746535470802397,107
8->0,l2_r_co,co,PART_FRAME,0.5062782342836925,107
8->0,l2_r_co,co,CSE_C11,0.2531740951721155,107
8->0,l2_r_co,co,CSE_C11_DENSITY,0.27321940524501764,107
8->0,l2_r_co,co,CSE_DENSITY_SHUFFLED,0.32493453326279326,107
8->0,l2_r_fe,fe,RANDOM,0.3677426897006768,192
8->0,l2_r_fe,fe,XYZ_RIGID,0.1078918497437455,192
8->0,l2_r_fe,fe,LOCAL_GEO,0.5656652980517147,192
8->0,l2_r_fe,fe,PART_FRAME,0.08890498687144482,192
8->0,l2_r_fe,fe,CSE_C11,0.30177823447689195,192
8->0,l2_r_fe,fe,CSE_C11_DENSITY,0.10432613139908625,192
8->0,l2_r_fe,fe,CSE_DENSITY_SHUFFLED,0.3684902126980524,192
8->0,l2_r_ta,ta,RANDOM,0.30408366095615846,39
8->0,l2_r_ta,ta,XYZ_RIGID,0.18672631356195618,39
8->0,l2_r_ta,ta,LOCAL_GEO,0.17319591134307516,39
8->0,l2_r_ta,ta,PART_FRAME,0.23425589966077745,39
8->0,l2_r_ta,ta,CSE_C11,0.34729669351092934,39
8->0,l2_r_ta,ta,CSE_C11_DENSITY,0.21802549223186124,39
8->0,l2_r_ta,ta,CSE_DENSITY_SHUFFLED,0.3331481310000492,39
8->0,l2_r_ti,ti,RANDOM,0.35300470984485444,63
8->0,l2_r_ti,ti,XYZ_RIGID,0.07016972896633315,63
8->0,l2_r_ti,ti,LOCAL_GEO,0.23095307393141196,63
8->0,l2_r_ti,ti,PART_FRAME,0.09859676169117705,63
8->0,l2_r_ti,ti,CSE_C11,0.6159480197584432,63
8->0,l2_r_ti,ti,CSE_C11_DENSITY,0.13185594216945656,63
8->0,l2_r_ti,ti,CSE_DENSITY_SHUFFLED,0.3224462254927575,63
8->0,l2_r_tr,tr,RANDOM,0.318387260787431,261
8->0,l2_r_tr,tr,XYZ_RIGID,0.059161444093799795,261
8->0,l2_r_tr,tr,LOCAL_GEO,0.19367964608153568,261
8->0,l2_r_tr,tr,PART_FRAME,0.1223745809451891,261
8->0,l2_r_tr,tr,CSE_C11,0.4356102924181841,261
8->0,l2_r_tr,tr,CSE_C11_DENSITY,0.07300886875482503,261
8->0,l2_r_tr,tr,CSE_DENSITY_SHUFFLED,0.31457941741703754,261
8->0,l3_l_co,co,RANDOM,0.5102010188710268,153
8->0,l3_l_co,co,XYZ_RIGID,0.20793011390331956,153
8->0,l3_l_co,co,LOCAL_GEO,0.5020242817995103,153
8->0,l3_l_co,co,PART_FRAME,0.20589821695728588,153
8->0,l3_l_co,co,CSE_C11,0.6651213789646143,153
8->0,l3_l_co,co,CSE_C11_DENSITY,0.33140618373125935,153
8->0,l3_l_co,co,CSE_DENSITY_SHUFFLED,0.5335969132308006,153
8->0,l3_l_fe,fe,RANDOM,0.35175375295440087,260
8->0,l3_l_fe,fe,XYZ_RIGID,0.07543746265248022,260
8->0,l3_l_fe,fe,LOCAL_GEO,0.3551425223616023,260
8->0,l3_l_fe,fe,PART_FRAME,0.0718070955435098,260
8->0,l3_l_fe,fe,CSE_C11,0.2674116777637806,260
8->0,l3_l_fe,fe,CSE_C11_DENSITY,0.07882383640406243,260
8->0,l3_l_fe,fe,CSE_DENSITY_SHUFFLED,0.322906581153252,260
8->0,l3_l_ta,ta,RANDOM,0.33576275236936504,45
8->0,l3_l_ta,ta,XYZ_RIGID,0.15137135170792845,45
8->0,l3_l_ta,ta,LOCAL_GEO,0.6077709371141843,45
8->0,l3_l_ta,ta,PART_FRAME,0.19420070700242978,45
8->0,l3_l_ta,ta,CSE_C11,0.7232278242272941,45
8->0,l3_l_ta,ta,CSE_C11_DENSITY,0.2778535944488981,45
8->0,l3_l_ta,ta,CSE_DENSITY_SHUFFLED,0.3149601051540094,45
8->0,l3_l_ti,ti,RANDOM,0.3514970119902268,114
8->0,l3_l_ti,ti,XYZ_RIGID,0.07369282621291837,114
8->0,l3_l_ti,ti,LOCAL_GEO,0.6987759573302466,114
8->0,l3_l_ti,ti,PART_FRAME,0.12593454478813468,114
8->0,l3_l_ti,ti,CSE_C11,0.7713632633319922,114
8->0,l3_l_ti,ti,CSE_C11_DENSITY,0.12854070775010704,114
8->0,l3_l_ti,ti,CSE_DENSITY_SHUFFLED,0.2995017093929889,114
8->0,l3_l_tr,tr,RANDOM,0.3299756665816592,344
8->0,l3_l_tr,tr,XYZ_RIGID,0.08556161886689617,344
8->0,l3_l_tr,tr,LOCAL_GEO,0.3470230521219442,344
8->0,l3_l_tr,tr,PART_FRAME,0.14347458881318023,344
8->0,l3_l_tr,tr,CSE_C11,0.1543105195620617,344
8->0,l3_l_tr,tr,CSE_C11_DENSITY,0.07733284859989276,344
8->0,l3_l_tr,tr,CSE_DENSITY_SHUFFLED,0.3044232396902627,344
8->0,l3_r_co,co,RANDOM,0.5263140792746059,153
8->0,l3_r_co,co,XYZ_RIGID,0.23306391658333192,153
8->0,l3_r_co,co,LOCAL_GEO,0.45616368541385655,153
8->0,l3_r_co,co,PART_FRAME,0.2471258968316584,153
8->0,l3_r_co,co,CSE_C11,0.4041529538605442,153
8->0,l3_r_co,co,CSE_C11_DENSITY,0.3479796812516053,153
8->0,l3_r_co,co,CSE_DENSITY_SHUFFLED,0.5279388126620231,153
8->0,l3_r_fe,fe,RANDOM,0.2687492817021172,260
8->0,l3_r_fe,fe,XYZ_RIGID,0.0832304928038978,260
8->0,l3_r_fe,fe,LOCAL_GEO,0.3920493493209133,260
8->0,l3_r_fe,fe,PART_FRAME,0.08549636150062853,260
8->0,l3_r_fe,fe,CSE_C11,0.1337951615471256,260
8->0,l3_r_fe,fe,CSE_C11_DENSITY,0.09363488679253246,260
8->0,l3_r_fe,fe,CSE_DENSITY_SHUFFLED,0.3146844119584453,260
8->0,l3_r_ta,ta,RANDOM,0.38869180214425453,45
8->0,l3_r_ta,ta,XYZ_RIGID,0.14122945830664896,45
8->0,l3_r_ta,ta,LOCAL_GEO,0.6073492739873454,45
8->0,l3_r_ta,ta,PART_FRAME,0.21048721259295772,45
8->0,l3_r_ta,ta,CSE_C11,0.4239359247183476,45
8->0,l3_r_ta,ta,CSE_C11_DENSITY,0.1692868382136328,45
8->0,l3_r_ta,ta,CSE_DENSITY_SHUFFLED,0.29791181735373157,45
8->0,l3_r_ti,ti,RANDOM,0.34630688466117204,114
8->0,l3_r_ti,ti,XYZ_RIGID,0.069688886719274,114
8->0,l3_r_ti,ti,LOCAL_GEO,0.40812970830415457,114
8->0,l3_r_ti,ti,PART_FRAME,0.1512998810303352,114
8->0,l3_r_ti,ti,CSE_C11,0.5242929051817191,114
8->0,l3_r_ti,ti,CSE_C11_DENSITY,0.11537012565364438,114
8->0,l3_r_ti,ti,CSE_DENSITY_SHUFFLED,0.3129597125688518,114
8->0,l3_r_tr,tr,RANDOM,0.34641075170656904,344
8->0,l3_r_tr,tr,XYZ_RIGID,0.08958134469620985,344
8->0,l3_r_tr,tr,LOCAL_GEO,0.3883125332029001,344
8->0,l3_r_tr,tr,PART_FRAME,0.15791094400377798,344
8->0,l3_r_tr,tr,CSE_C11,0.2539012809158081,344
8->0,l3_r_tr,tr,CSE_C11_DENSITY,0.1209888459631603,344
8->0,l3_r_tr,tr,CSE_DENSITY_SHUFFLED,0.3187084650897881,344
10->9,l1_l_co,co,RANDOM,0.27057134047645737,197
10->9,l1_l_co,co,XYZ_RIGID,0.2069394023318705,197
10->9,l1_l_co,co,LOCAL_GEO,0.2765069956424626,197
10->9,l1_l_co,co,PART_FRAME,0.22376335573769493,197
10->9,l1_l_co,co,CSE_C11,0.2170182414512095,197
10->9,l1_l_co,co,CSE_C11_DENSITY,0.13571729223196485,197
10->9,l1_l_co,co,CSE_DENSITY_SHUFFLED,0.30741044593413025,197
10->9,l1_l_fe,fe,RANDOM,0.32957490653531946,153
10->9,l1_l_fe,fe,XYZ_RIGID,0.07485658303798183,153
10->9,l1_l_fe,fe,LOCAL_GEO,0.3255463514700546,153
10->9,l1_l_fe,fe,PART_FRAME,0.10197431767940948,153
10->9,l1_l_fe,fe,CSE_C11,0.484320454224588,153
10->9,l1_l_fe,fe,CSE_C11_DENSITY,0.15193580846312732,153
10->9,l1_l_fe,fe,CSE_DENSITY_SHUFFLED,0.27941729646694935,153
10->9,l1_l_ta,ta,RANDOM,0.3271238276575801,38
10->9,l1_l_ta,ta,XYZ_RIGID,0.1326514368646881,38
10->9,l1_l_ta,ta,LOCAL_GEO,0.18205612138221267,38
10->9,l1_l_ta,ta,PART_FRAME,0.1233314294960585,38
10->9,l1_l_ta,ta,CSE_C11,0.47938035706486554,38
10->9,l1_l_ta,ta,CSE_C11_DENSITY,0.4125370864833213,38
10->9,l1_l_ta,ta,CSE_DENSITY_SHUFFLED,0.2990200240497681,38
10->9,l1_l_ti,ti,RANDOM,0.3498201364547723,82
10->9,l1_l_ti,ti,XYZ_RIGID,0.05773484471369807,82
10->9,l1_l_ti,ti,LOCAL_GEO,0.3030849029478968,82
10->9,l1_l_ti,ti,PART_FRAME,0.10141570786512674,82
10->9,l1_l_ti,ti,CSE_C11,0.3403948246107913,82
10->9,l1_l_ti,ti,CSE_C11_DENSITY,0.0873389172465901,82
10->9,l1_l_ti,ti,CSE_DENSITY_SHUFFLED,0.2908781464827548,82
10->9,l1_l_tr,tr,RANDOM,0.33558011158046813,275
10->9,l1_l_tr,tr,XYZ_RIGID,0.08997855083477957,275
10->9,l1_l_tr,tr,LOCAL_GEO,0.2767314102325956,275
10->9,l1_l_tr,tr,PART_FRAME,0.08733482911399564,275
10->9,l1_l_tr,tr,CSE_C11,0.39761620585410157,275
10->9,l1_l_tr,tr,CSE_C11_DENSITY,0.11137109109865453,275
10->9,l1_l_tr,tr,CSE_DENSITY_SHUFFLED,0.318304340535475,275
10->9,l1_r_co,co,RANDOM,0.33058499011803527,200
10->9,l1_r_co,co,XYZ_RIGID,0.22786934783454854,200
10->9,l1_r_co,co,LOCAL_GEO,0.2821511425639759,200
10->9,l1_r_co,co,PART_FRAME,0.27269848894578086,200
10->9,l1_r_co,co,CSE_C11,0.3059797132753284,200
10->9,l1_r_co,co,CSE_C11_DENSITY,0.20492776188140543,200
10->9,l1_r_co,co,CSE_DENSITY_SHUFFLED,0.30955236851714,200
10->9,l1_r_fe,fe,RANDOM,0.34272897229889815,153
10->9,l1_r_fe,fe,XYZ_RIGID,0.06336419003488807,153
10->9,l1_r_fe,fe,LOCAL_GEO,0.215040381058364,153
10->9,l1_r_fe,fe,PART_FRAME,0.07218409774596599,153
10->9,l1_r_fe,fe,CSE_C11,0.28799594023075453,153
10->9,l1_r_fe,fe,CSE_C11_DENSITY,0.0938290200229484,153
10->9,l1_r_fe,fe,CSE_DENSITY_SHUFFLED,0.34862499351598764,153
10->9,l1_r_ta,ta,RANDOM,0.30623650509496075,38
10->9,l1_r_ta,ta,XYZ_RIGID,0.1416990084097362,38
10->9,l1_r_ta,ta,LOCAL_GEO,0.15937848707625352,38
10->9,l1_r_ta,ta,PART_FRAME,0.1669865302733412,38
10->9,l1_r_ta,ta,CSE_C11,0.40281961778427766,38
10->9,l1_r_ta,ta,CSE_C11_DENSITY,0.3310671343870034,38
10->9,l1_r_ta,ta,CSE_DENSITY_SHUFFLED,0.30391184469301347,38
10->9,l1_r_ti,ti,RANDOM,0.26869429331527717,82
10->9,l1_r_ti,ti,XYZ_RIGID,0.10325415759808387,82
10->9,l1_r_ti,ti,LOCAL_GEO,0.3698101576031123,82
10->9,l1_r_ti,ti,PART_FRAME,0.16840214852345672,82
10->9,l1_r_ti,ti,CSE_C11,0.37481951357510135,82
10->9,l1_r_ti,ti,CSE_C11_DENSITY,0.14342865003309496,82
10->9,l1_r_ti,ti,CSE_DENSITY_SHUFFLED,0.37750715706374954,82
10->9,l1_r_tr,tr,RANDOM,0.34603034910725744,275
10->9,l1_r_tr,tr,XYZ_RIGID,0.06889423113943265,275
10->9,l1_r_tr,tr,LOCAL_GEO,0.29200724675213047,275
10->9,l1_r_tr,tr,PART_FRAME,0.09684457279667275,275
10->9,l1_r_tr,tr,CSE_C11,0.2675494279748651,275
10->9,l1_r_tr,tr,CSE_C11_DENSITY,0.09950212788650101,275
10->9,l1_r_tr,tr,CSE_DENSITY_SHUFFLED,0.3286017887138101,275
10->9,l2_l_co,co,RANDOM,0.5436872870384705,107
10->9,l2_l_co,co,XYZ_RIGID,0.4992426003750371,107
10->9,l2_l_co,co,LOCAL_GEO,0.4964497347316226,107
10->9,l2_l_co,co,PART_FRAME,0.5112947993970366,107
10->9,l2_l_co,co,CSE_C11,0.48022520676403213,107
10->9,l2_l_co,co,CSE_C11_DENSITY,0.4473704092380804,107
10->9,l2_l_co,co,CSE_DENSITY_SHUFFLED,0.5142096558331767,107
10->9,l2_l_fe,fe,RANDOM,0.32113362042020777,192
10->9,l2_l_fe,fe,XYZ_RIGID,0.0885427836931649,192
10->9,l2_l_fe,fe,LOCAL_GEO,0.24442997698232485,192
10->9,l2_l_fe,fe,PART_FRAME,0.09062365964383393,192
10->9,l2_l_fe,fe,CSE_C11,0.24271666690477695,192
10->9,l2_l_fe,fe,CSE_C11_DENSITY,0.13180826929787748,192
10->9,l2_l_fe,fe,CSE_DENSITY_SHUFFLED,0.3410365808260173,192
10->9,l2_l_ta,ta,RANDOM,0.2830564454339106,39
10->9,l2_l_ta,ta,XYZ_RIGID,0.11869955882953637,39
10->9,l2_l_ta,ta,LOCAL_GEO,0.41850953389510887,39
10->9,l2_l_ta,ta,PART_FRAME,0.20829288183628752,39
10->9,l2_l_ta,ta,CSE_C11,0.6136980195258613,39
10->9,l2_l_ta,ta,CSE_C11_DENSITY,0.12155769006995319,39
10->9,l2_l_ta,ta,CSE_DENSITY_SHUFFLED,0.26726759590751353,39
10->9,l2_l_ti,ti,RANDOM,0.31022568472001577,63
10->9,l2_l_ti,ti,XYZ_RIGID,0.0866201550278057,63
10->9,l2_l_ti,ti,LOCAL_GEO,0.34814426585166175,63
10->9,l2_l_ti,ti,PART_FRAME,0.10974095284256818,63
10->9,l2_l_ti,ti,CSE_C11,0.5343565862502696,63
10->9,l2_l_ti,ti,CSE_C11_DENSITY,0.22598528238501592,63
10->9,l2_l_ti,ti,CSE_DENSITY_SHUFFLED,0.24890760296352735,63
10->9,l2_l_tr,tr,RANDOM,0.3555739137681871,261
10->9,l2_l_tr,tr,XYZ_RIGID,0.10294525717499424,261
10->9,l2_l_tr,tr,LOCAL_GEO,0.44625666374796913,261
10->9,l2_l_tr,tr,PART_FRAME,0.11245209406117959,261
10->9,l2_l_tr,tr,CSE_C11,0.14412776507455652,261
10->9,l2_l_tr,tr,CSE_C11_DENSITY,0.0951951069638043,261
10->9,l2_l_tr,tr,CSE_DENSITY_SHUFFLED,0.3251666571611518,261
10->9,l2_r_co,co,RANDOM,0.5006860051670919,107
10->9,l2_r_co,co,XYZ_RIGID,0.5541866139889107,107
10->9,l2_r_co,co,LOCAL_GEO,0.44932414235715656,107
10->9,l2_r_co,co,PART_FRAME,0.5446416574087724,107
10->9,l2_r_co,co,CSE_C11,0.351624571246676,107
10->9,l2_r_co,co,CSE_C11_DENSITY,0.37988429296246434,107
10->9,l2_r_co,co,CSE_DENSITY_SHUFFLED,0.5063500121246802,107
10->9,l2_r_fe,fe,RANDOM,0.32168629278355576,192
10->9,l2_r_fe,fe,XYZ_RIGID,0.10106371277840162,192
10->9,l2_r_fe,fe,LOCAL_GEO,0.3022405292701027,192
10->9,l2_r_fe,fe,PART_FRAME,0.12442720242790167,192
10->9,l2_r_fe,fe,CSE_C11,0.18054965953136462,192
10->9,l2_r_fe,fe,CSE_C11_DENSITY,0.10968552485643905,192
10->9,l2_r_fe,fe,CSE_DENSITY_SHUFFLED,0.3821965453060981,192
10->9,l2_r_ta,ta,RANDOM,0.29350405510145855,39
10->9,l2_r_ta,ta,XYZ_RIGID,0.1290751149268144,39
10->9,l2_r_ta,ta,LOCAL_GEO,0.20687340986249542,39
10->9,l2_r_ta,ta,PART_FRAME,0.2114591861216368,39
10->9,l2_r_ta,ta,CSE_C11,0.2197667643057995,39
10->9,l2_r_ta,ta,CSE_C11_DENSITY,0.37850995433840956,39
10->9,l2_r_ta,ta,CSE_DENSITY_SHUFFLED,0.3162412877122527,39
10->9,l2_r_ti,ti,RANDOM,0.28485021853914544,63
10->9,l2_r_ti,ti,XYZ_RIGID,0.08156558766231893,63
10->9,l2_r_ti,ti,LOCAL_GEO,0.42228875978677705,63
10->9,l2_r_ti,ti,PART_FRAME,0.18353929913767705,63
10->9,l2_r_ti,ti,CSE_C11,0.5282035243905813,63
10->9,l2_r_ti,ti,CSE_C11_DENSITY,0.44372745286886534,63
10->9,l2_r_ti,ti,CSE_DENSITY_SHUFFLED,0.2309787988538951,63
10->9,l2_r_tr,tr,RANDOM,0.3715744285298487,261
10->9,l2_r_tr,tr,XYZ_RIGID,0.07007801048998018,261
10->9,l2_r_tr,tr,LOCAL_GEO,0.37157965998790043,261
10->9,l2_r_tr,tr,PART_FRAME,0.08956613925254375,261
10->9,l2_r_tr,tr,CSE_C11,0.4050130232161377,261
10->9,l2_r_tr,tr,CSE_C11_DENSITY,0.10524735058212326,261
10->9,l2_r_tr,tr,CSE_DENSITY_SHUFFLED,0.34209389484777547,261
10->9,l3_l_co,co,RANDOM,0.5007893745004481,153
10->9,l3_l_co,co,XYZ_RIGID,0.268278234280627,153
10->9,l3_l_co,co,LOCAL_GEO,0.4564195382352848,153
10->9,l3_l_co,co,PART_FRAME,0.263222587367786,153
10->9,l3_l_co,co,CSE_C11,0.5878372760670035,153
10->9,l3_l_co,co,CSE_C11_DENSITY,0.27216000308409044,153
10->9,l3_l_co,co,CSE_DENSITY_SHUFFLED,0.5243422730371492,153
10->9,l3_l_fe,fe,RANDOM,0.2666381951472627,260
10->9,l3_l_fe,fe,XYZ_RIGID,0.09230336165352504,260
10->9,l3_l_fe,fe,LOCAL_GEO,0.33017638479829026,260
10->9,l3_l_fe,fe,PART_FRAME,0.08704184811323784,260
10->9,l3_l_fe,fe,CSE_C11,0.2113690613249365,260
10->9,l3_l_fe,fe,CSE_C11_DENSITY,0.14571993029263203,260
10->9,l3_l_fe,fe,CSE_DENSITY_SHUFFLED,0.3802412708682916,260
10->9,l3_l_ta,ta,RANDOM,0.2260480283262287,45
10->9,l3_l_ta,ta,XYZ_RIGID,0.1719577355664685,45
10->9,l3_l_ta,ta,LOCAL_GEO,0.306087925106686,45
10->9,l3_l_ta,ta,PART_FRAME,0.28778001228029576,45
10->9,l3_l_ta,ta,CSE_C11,0.3155684176163507,45
10->9,l3_l_ta,ta,CSE_C11_DENSITY,0.5823365082973134,45
10->9,l3_l_ta,ta,CSE_DENSITY_SHUFFLED,0.25761731894042283,45
10->9,l3_l_ti,ti,RANDOM,0.3309939561238531,114
10->9,l3_l_ti,ti,XYZ_RIGID,0.06947133126225855,114
10->9,l3_l_ti,ti,LOCAL_GEO,0.2160768158578123,114
10->9,l3_l_ti,ti,PART_FRAME,0.1708950941624716,114
10->9,l3_l_ti,ti,CSE_C11,0.3117511110898429,114
10->9,l3_l_ti,ti,CSE_C11_DENSITY,0.11361836843630219,114
10->9,l3_l_ti,ti,CSE_DENSITY_SHUFFLED,0.32761980004354835,114
10->9,l3_l_tr,tr,RANDOM,0.3608248828564975,344
10->9,l3_l_tr,tr,XYZ_RIGID,0.0987313597715412,344
10->9,l3_l_tr,tr,LOCAL_GEO,0.3652641830270914,344
10->9,l3_l_tr,tr,PART_FRAME,0.08523033127718685,344
10->9,l3_l_tr,tr,CSE_C11,0.27550655057354145,344
10->9,l3_l_tr,tr,CSE_C11_DENSITY,0.0806255828630893,344
10->9,l3_l_tr,tr,CSE_DENSITY_SHUFFLED,0.32697089888585207,344
10->9,l3_r_co,co,RANDOM,0.4605686296626943,153
10->9,l3_r_co,co,XYZ_RIGID,0.18270127175609727,153
10->9,l3_r_co,co,LOCAL_GEO,0.4920699698056564,153
10->9,l3_r_co,co,PART_FRAME,0.17118742710574794,153
10->9,l3_r_co,co,CSE_C11,0.47398742012347306,153
10->9,l3_r_co,co,CSE_C11_DENSITY,0.34410951988911953,153
10->9,l3_r_co,co,CSE_DENSITY_SHUFFLED,0.4803348239905544,153
10->9,l3_r_fe,fe,RANDOM,0.35980438688878874,260
10->9,l3_r_fe,fe,XYZ_RIGID,0.08839221211936926,260
10->9,l3_r_fe,fe,LOCAL_GEO,0.3139992788341049,260
10->9,l3_r_fe,fe,PART_FRAME,0.08121776961350316,260
10->9,l3_r_fe,fe,CSE_C11,0.25270445454305135,260
10->9,l3_r_fe,fe,CSE_C11_DENSITY,0.16543816454688764,260
10->9,l3_r_fe,fe,CSE_DENSITY_SHUFFLED,0.3677696238558231,260
10->9,l3_r_ta,ta,RANDOM,0.30912938539073376,45
10->9,l3_r_ta,ta,XYZ_RIGID,0.21293002432757197,45
10->9,l3_r_ta,ta,LOCAL_GEO,0.40171500480937405,45
10->9,l3_r_ta,ta,PART_FRAME,0.3441583854916762,45
10->9,l3_r_ta,ta,CSE_C11,0.5719502785083924,45
10->9,l3_r_ta,ta,CSE_C11_DENSITY,0.2802448568673203,45
10->9,l3_r_ta,ta,CSE_DENSITY_SHUFFLED,0.28847554986953244,45
10->9,l3_r_ti,ti,RANDOM,0.348445889889928,114
10->9,l3_r_ti,ti,XYZ_RIGID,0.06303401579262369,114
10->9,l3_r_ti,ti,LOCAL_GEO,0.1407710283362159,114
10->9,l3_r_ti,ti,PART_FRAME,0.10983269964088194,114
10->9,l3_r_ti,ti,CSE_C11,0.39878295804227065,114
10->9,l3_r_ti,ti,CSE_C11_DENSITY,0.4082551726203386,114
10->9,l3_r_ti,ti,CSE_DENSITY_SHUFFLED,0.2959102030443026,114
10->9,l3_r_tr,tr,RANDOM,0.36753449674550837,344
10->9,l3_r_tr,tr,XYZ_RIGID,0.08941543785849261,344
10->9,l3_r_tr,tr,LOCAL_GEO,0.3378232015508461,344
10->9,l3_r_tr,tr,PART_FRAME,0.08681863601757478,344
10->9,l3_r_tr,tr,CSE_C11,0.31928124249554063,344
10->9,l3_r_tr,tr,CSE_C11_DENSITY,0.10208753300651081,344
10->9,l3_r_tr,tr,CSE_DENSITY_SHUFFLED,0.3911416222033167,344
