v 0.41083741188049316 -0.14454339444637299 0.17042620480060577
v 0.40623563528060913 -0.13899943232536316 0.17665190994739532
v 0.4133252501487732 -0.13368603587150574 0.1742687225341797
v 0.40616747736930847 -0.13191357254981995 0.18045176565647125
v 0.4011569917201996 -0.14810504019260406 0.17463910579681396
v 0.4160395860671997 -0.15210583806037903 0.16189095377922058
v 0.4195183515548706 -0.13999375700950623 0.1668476164340973
v 0.4131646156311035 -0.12689270079135895 0.17806115746498108
v 0.4073956608772278 -0.12348467111587524 0.1837896853685379
v 0.3976253271102905 -0.12936793267726898 0.18753169476985931
v 0.39876314997673035 -0.14003394544124603 0.18141718208789825
v 0.3909876048564911 -0.15151481330394745 0.1797390729188919
v 0.3942778706550598 -0.16125266253948212 0.1707431823015213
v 0.4058839976787567 -0.15622559189796448 0.16609816253185272
v 0.41113612055778503 -0.1629199981689453 0.15747618675231934
v 0.42049238085746765 -0.15713092684745789 0.15398555994033813
v 0.42403388023376465 -0.14690810441970825 0.15863077342510223
v 0.4199647009372711 -0.12834309041500092 0.17235451936721802
v 0.40050196647644043 -0.12053310871124268 0.1894027590751648
v 0.3861786425113678 -0.12733657658100128 0.194154292345047
v 0.38686904311180115 -0.13963253796100616 0.18862931430339813
v 0.3836997449398041 -0.16469743847846985 0.1757460981607437
v 0.3811061978340149 -0.1547473669052124 0.18425971269607544
v 0.39892423152923584 -0.16924446821212769 0.16189321875572205
v 0.38405126333236694 -0.1760944277048111 0.1659991443157196
v 0.4037022590637207 -0.1779707372188568 0.15225850045681
v 0.41585153341293335 -0.17146828770637512 0.14812391996383667
v 0.425142377614975 -0.16530822217464447 0.14474526047706604
v 0.42768120765686035 -0.15220984816551208 0.1510675698518753
v 0.42680689692497253 -0.13385739922523499 0.16396750509738922
v 0.4270363748073578 -0.12118904292583466 0.16977030038833618
v 0.4165400564670563 -0.11870931088924408 0.17954741418361664
v 0.392246812582016 -0.12155921757221222 0.1938476413488388
v 0.3796135485172272 -0.1298525184392929 0.1967005431652069
v 0.37582680583000183 -0.14491719007492065 0.19209024310112
v 0.3743368685245514 -0.1675044298171997 0.17992164194583893
v 0.3755403459072113 -0.17488637566566467 0.17277510464191437
v 0.3712371587753296 -0.15830259025096893 0.18749985098838806
v 0.3769753873348236 -0.19324827194213867 0.15668369829654694
v 0.39249634742736816 -0.18460305035114288 0.1549006849527359
v 0.3976314663887024 -0.19187036156654358 0.14583784341812134
v 0.4088248014450073 -0.18637530505657196 0.14231711626052856
v 0.42003515362739563 -0.18027164041996002 0.13888701796531677
v 0.4297311305999756 -0.17545582354068756 0.13439586758613586
v 0.43316179513931274 -0.15895819664001465 0.14184856414794922
v 0.43087655305862427 -0.14080902934074402 0.15584759414196014
v 0.43344101309776306 -0.10867153108119965 0.16839933395385742
v 0.42469364404678345 -0.10532750189304352 0.17717015743255615
v 0.40675386786460876 -0.1136215478181839 0.18775638937950134
v 0.3975576162338257 -0.11276552081108093 0.19414612650871277
v 0.38118183612823486 -0.1249033659696579 0.19791962206363678
v 0.36957335472106934 -0.13955043256282806 0.19878828525543213
v 0.36697304248809814 -0.1506241112947464 0.19413486123085022
v 0.36403706669807434 -0.17198115587234497 0.18324528634548187
v 0.36604899168014526 -0.17802678048610687 0.17565743625164032
v 0.36812886595726013 -0.18729384243488312 0.16633863747119904
v 0.3610319495201111 -0.16304762661457062 0.19066068530082703
v 0.37720727920532227 -0.1963316649198532 0.15275387465953827
v 0.38684970140457153 -0.19740819931030273 0.1474914252758026
v 0.3914720416069031 -0.2035272717475891 0.14028869569301605
v 0.40181758999824524 -0.200089693069458 0.1371629238128662
v 0.4131494462490082 -0.1959497481584549 0.13315275311470032
v 0.4240553677082062 -0.19257903099060059 0.1282854527235031
v 0.4343465566635132 -0.18686895072460175 0.12365414202213287
v 0.4393046498298645 -0.1669992059469223 0.13052868843078613
v 0.43407490849494934 -0.1467096358537674 0.14855918288230896
v 0.43214866518974304 -0.13000956177711487 0.16064153611660004
v 0.43660998344421387 -0.11898753046989441 0.16117733716964722
v 0.4273024797439575 -0.09258696436882019 0.17827235162258148
v 0.43349453806877136 -0.09533220529556274 0.1722726672887802
v 0.4134114682674408 -0.10351774096488953 0.1861662119626999
v 0.3864397704601288 -0.1154385507106781 0.19931037724018097
v 0.4033333361148834 -0.10403577983379364 0.1928689032793045
v 0.37599045038223267 -0.12288980185985565 0.20238886773586273
v 0.35767197608947754 -0.15145409107208252 0.19816206395626068
v 0.35858798027038574 -0.1319682002067566 0.20379169285297394
v 0.35728299617767334 -0.17630411684513092 0.1855320930480957
v 0.3598952889442444 -0.18194931745529175 0.17853206396102905
v 0.36016902327537537 -0.18751539289951324 0.17200802266597748
v 0.3652397692203522 -0.19472309947013855 0.15924009680747986
v 0.3537263572216034 -0.17019033432006836 0.1919320970773697
v 0.3771917223930359 -0.20105035603046417 0.14866866171360016
v 0.38203927874565125 -0.20410889387130737 0.14381355047225952
v 0.38842472434043884 -0.2127148061990738 0.1350158452987671
v 0.39581525325775146 -0.21106314659118652 0.13281449675559998
v 0.40681836009025574 -0.20982564985752106 0.1279904991388321
v 0.4181324243545532 -0.20826926827430725 0.12269625067710876
v 0.4285130798816681 -0.20382751524448395 0.1194566935300827
v 0.4428654909133911 -0.179692804813385 0.11782722175121307
v 0.43778732419013977 -0.19870874285697937 0.11436121165752411
v 0.4431236982345581 -0.14770857989788055 0.13879339396953583
v 0.43846848607063293 -0.13297376036643982 0.15203572809696198
v 0.445626437664032 -0.11740171909332275 0.15190967917442322
v 0.4428643584251404 -0.1010511964559555 0.16203851997852325
v 0.4197128713130951 -0.09108231961727142 0.1846279501914978
v 0.4403597116470337 -0.0822296142578125 0.16848517954349518
v 0.4292358458042145 -0.07870221138000488 0.17937597632408142
v 0.39298200607299805 -0.10080035030841827 0.19991810619831085
v 0.3795597553253174 -0.10860937833786011 0.20490282773971558
v 0.40715694427490234 -0.09053492546081543 0.1944621354341507
v 0.3640589714050293 -0.11346638202667236 0.20661380887031555
v 0.3475738763809204 -0.14244306087493896 0.2006383240222931
v 0.3478027582168579 -0.13130003213882446 0.20299839973449707
v 0.3508533835411072 -0.18331225216388702 0.186775341629982
v 0.35438665747642517 -0.18777215480804443 0.1809430569410324
v 0.35703378915786743 -0.19304633140563965 0.17313803732395172
v 0.3585386574268341 -0.19468258321285248 0.16612160205841064
v 0.37044835090637207 -0.19952666759490967 0.15324340760707855
v 0.3478749990463257 -0.15839821100234985 0.19725127518177032
v 0.3744121789932251 -0.2059912383556366 0.14595675468444824
v 0.3779865503311157 -0.21525858342647552 0.13792000710964203
v 0.38346847891807556 -0.21792641282081604 0.13444678485393524
v 0.39071404933929443 -0.219581738114357 0.12984515726566315
v 0.39980506896972656 -0.21940195560455322 0.12577767670154572
v 0.4118175208568573 -0.21918901801109314 0.11945381760597229
v 0.42241528630256653 -0.21884585916996002 0.11473935842514038
v 0.4310385286808014 -0.21581017971038818 0.11188915371894836
v 0.44757476449012756 -0.157596156001091 0.12498724460601807
v 0.44089609384536743 -0.21234120428562164 0.10493873059749603
v 0.4440670907497406 -0.19387729465961456 0.10872860252857208
v 0.44694703817367554 -0.13228099048137665 0.14303253591060638
v 0.4554610252380371 -0.11890813708305359 0.13925865292549133
v 0.45333293080329895 -0.09914754331111908 0.1495850384235382
v 0.45044219493865967 -0.08039820194244385 0.15855622291564941
v 0.4164695739746094 -0.07559579610824585 0.19066186249256134
v 0.4243362843990326 -0.05995306745171547 0.18586261570453644
v 0.44137343764305115 -0.05997585877776146 0.17063546180725098
v 0.39325255155563354 -0.08448076248168945 0.20317929983139038
v 0.38167908787727356 -0.09305813908576965 0.20672807097434998
v 0.36972707509994507 -0.0998915433883667 0.20813725888729095
v 0.40504205226898193 -0.07283054292201996 0.19958774745464325
v 0.3480241894721985 -0.11677268147468567 0.20499344170093536
v 0.3379952907562256 -0.13207900524139404 0.20072142779827118
v 0.3476048707962036 -0.193674698472023 0.18527844548225403
v 0.34644389152526855 -0.17792530357837677 0.1927441507577896
v 0.3490435779094696 -0.1955443024635315 0.17937421798706055
v 0.3553728461265564 -0.1968885362148285 0.17065167427062988
v 0.3606873154640198 -0.19933055341243744 0.159236878156662
v 0.3379901647567749 -0.1518288105726242 0.19791676104068756
v 0.3695453703403473 -0.2162504494190216 0.1417182981967926
v 0.3652849793434143 -0.20804405212402344 0.15063832700252533
v 0.3754417598247528 -0.223558247089386 0.13445830345153809
v 0.38403794169425964 -0.22697347402572632 0.12858711183071136
v 0.3934915065765381 -0.22709187865257263 0.12423072755336761
v 0.4048561155796051 -0.2274049073457718 0.11817626655101776
v 0.4166083335876465 -0.22769196331501007 0.11193746328353882
v 0.4256262183189392 -0.22724001109600067 0.10871189832687378
v 0.4337238073348999 -0.2273283749818802 0.10375280678272247
v 0.4512109160423279 -0.17277905344963074 0.10825686156749725
v 0.4531847834587097 -0.1383333057165146 0.13144811987876892
v 0.4493769109249115 -0.19787468016147614 0.09933571517467499
v 0.44702211022377014 -0.21617358922958374 0.09592871367931366
v 0.46303245425224304 -0.10131384432315826 0.13573454320430756
v 0.4601389765739441 -0.08235245943069458 0.14537009596824646
v 0.4572056233882904 -0.06217442825436592 0.15307757258415222
v 0.41148585081100464 -0.05926429107785225 0.1965423971414566
v 0.39207756519317627 -0.06737680733203888 0.20626233518123627
v 0.3812481164932251 -0.0761231780052185 0.2093120962381363
v 0.36833250522613525 -0.08487746119499207 0.20902350544929504
v 0.3542173206806183 -0.09813374280929565 0.2078188806772232
v 0.4018324017524719 -0.059207651764154434 0.20349006354808807
v 0.33506911993026733 -0.1169472336769104 0.2011328935623169
v 0.3269123435020447 -0.13083890080451965 0.196549192070961
v 0.3429516553878784 -0.19190101325511932 0.18713833391666412
v 0.3441909849643707 -0.19844156503677368 0.18175537884235382
v 0.3380880057811737 -0.16864144802093506 0.19548587501049042
v 0.3477770686149597 -0.20023231208324432 0.1748478263616562
v 0.35304152965545654 -0.2015264928340912 0.1647680401802063
v 0.32338154315948486 -0.14486946165561676 0.19466176629066467
v 0.3577873408794403 -0.20698538422584534 0.15731799602508545
v 0.35879752039909363 -0.21650199592113495 0.14839453995227814
v 0.37541699409484863 -0.2319408655166626 0.12927156686782837
v 0.3631632924079895 -0.22617432475090027 0.13847032189369202
v 0.3853682279586792 -0.23460321128368378 0.12343201041221619
v 0.39692479372024536 -0.23459744453430176 0.11712303757667542
v 0.4085384011268616 -0.23435218632221222 0.11126221716403961
v 0.4201545715332031 -0.23381879925727844 0.10617093741893768
v 0.427517831325531 -0.23342804610729218 0.10303321480751038
v 0.4413962662220001 -0.2279016226530075 0.09758687019348145
v 0.4581833481788635 -0.17749345302581787 0.09471534192562103
v 0.45845353603363037 -0.144576296210289 0.11655819416046143
v 0.45392096042633057 -0.21153847873210907 0.08804062008857727
v 0.45980823040008545 -0.1872137486934662 0.08850151300430298
v 0.4694293141365051 -0.08232560753822327 0.13158375024795532
v 0.46294862031936646 -0.12174862623214722 0.12567992508411407
v 0.4726012349128723 -0.10248202085494995 0.12026341259479523
v 0.4656886160373688 -0.0671260803937912 0.14041712880134583
v 0.4520678222179413 -0.0047880373895168304 0.16097688674926758
v 0.3910865783691406 -0.05265485495328903 0.2082236260175705
v 0.378762811422348 -0.060370590537786484 0.21103228628635406
v 0.36731570959091187 -0.07065054774284363 0.20951925218105316
v 0.35446691513061523 -0.07883740961551666 0.20703035593032837
v 0.340462863445282 -0.1040596216917038 0.20341573655605316
v 0.3144279718399048 -0.13328813016414642 0.1904171109199524
v 0.32123231887817383 -0.1175643801689148 0.19476372003555298
v 0.33349740505218506 -0.18785275518894196 0.19094137847423553
v 0.33399125933647156 -0.20178978145122528 0.18386510014533997
v 0.3411238193511963 -0.20593920350074768 0.17792990803718567
v 0.3279494643211365 -0.17137731611728668 0.1938992738723755
v 0.3453443646430969 -0.20593880116939545 0.17025433480739594
v 0.30843088030815125 -0.1472960263490677 0.18605731427669525
v 0.34901583194732666 -0.21112699806690216 0.15920686721801758
v 0.34857192635536194 -0.22131486237049103 0.14949721097946167
v 0.3632194995880127 -0.2363712340593338 0.12988072633743286
v 0.3765905201435089 -0.2390836477279663 0.12253855168819427
v 0.35053640604019165 -0.2317982316017151 0.1397741436958313
v 0.3876013159751892 -0.23950660228729248 0.11611054837703705
v 0.40020787715911865 -0.23805896937847137 0.11003716289997101
v 0.4120079576969147 -0.23839691281318665 0.10416202992200851
v 0.4230566620826721 -0.23731300234794617 0.10092885792255402
v 0.43300333619117737 -0.23792418837547302 0.09737858176231384
v 0.44999438524246216 -0.22792021930217743 0.08833925426006317
v 0.4638853073120117 -0.1518363058567047 0.1009242981672287
v 0.4657900631427765 -0.1660621613264084 0.08695180714130402
v 0.46264615654945374 -0.2013479620218277 0.07721436023712158
v 0.46721431612968445 -0.17848946154117584 0.07619088888168335
v 0.4796898663043976 -0.08229438960552216 0.11633829772472382
v 0.4748513996601105 -0.06401240825653076 0.1277746707201004
v 0.47197607159614563 -0.1253393292427063 0.10640124976634979
v 0.4819464385509491 -0.10134853422641754 0.10386054217815399
v 0.4671061635017395 -0.005580088123679161 0.14215196669101715
v 0.3556192219257355 -0.06770116090774536 0.20693671703338623
v 0.34253790974617004 -0.08586722612380981 0.20398221909999847
v 0.3286606967449188 -0.10133080184459686 0.19772525131702423
v 0.30940356850624084 -0.11631119251251221 0.18560028076171875
v 0.30300870537757874 -0.13549378514289856 0.1803148090839386
v 0.32239198684692383 -0.1901170313358307 0.18910722434520721
v 0.32740870118141174 -0.20282691717147827 0.18604467809200287
v 0.33141475915908813 -0.207085520029068 0.18110279738903046
v 0.3390873074531555 -0.21332213282585144 0.17096202075481415
v 0.31575316190719604 -0.1710437536239624 0.18962593376636505
v 0.30108416080474854 -0.1534091830253601 0.1769111156463623
v 0.3382816016674042 -0.22044968605041504 0.1624957025051117
v 0.3384695053100586 -0.228293776512146 0.153377503156662
v 0.35160940885543823 -0.24055978655815125 0.12942595779895782
v 0.3645007908344269 -0.24277707934379578 0.12046869099140167
v 0.37730446457862854 -0.2423194944858551 0.11391262710094452
v 0.3399351239204407 -0.23749993741512299 0.14009885489940643
v 0.39019155502319336 -0.24077382683753967 0.10711902379989624
v 0.40290242433547974 -0.24176573753356934 0.10017266124486923
v 0.4157322347164154 -0.2401724010705948 0.09786540269851685
v 0.4259382486343384 -0.2394983321428299 0.09576570987701416
v 0.44168657064437866 -0.238595649600029 0.09018784761428833
v 0.45729416608810425 -0.2230137437582016 0.07929021120071411
v 0.47268912196159363 -0.1387060135602951 0.09065407514572144
v 0.4738617539405823 -0.15343625843524933 0.07559078931808472
v 0.46922367811203003 -0.18912798166275024 0.0668853223323822
v 0.47404202818870544 -0.16632580757141113 0.06495782732963562
v 0.4890635013580322 -0.08356769382953644 0.10089445114135742
v 0.4868380129337311 -0.06518526375293732 0.11122383177280426
v 0.4852052330970764 -0.00653461180627346 0.11939381062984467
v 0.48048222064971924 -0.11554078757762909 0.09215004742145538
v 0.48872166872024536 -0.09663595259189606 0.09084118902683258
v 0.37072890996932983 -0.04625379294157028 0.21159906685352325
v 0.3626877963542938 -0.05844567343592644 0.20894141495227814
v 0.34503066539764404 -0.07085561752319336 0.20302772521972656
v 0.332283079624176 -0.08840951323509216 0.1990794986486435
v 0.31500428915023804 -0.09541913866996765 0.1882808357477188
v 0.29752063751220703 -0.13280871510505676 0.17159654200077057
v 0.30011701583862305 -0.10947942733764648 0.17357178032398224
v 0.3117223083972931 -0.1881689876317978 0.18356266617774963
v 0.3186973035335541 -0.20314757525920868 0.18281731009483337
v 0.3259541690349579 -0.21403253078460693 0.1798095554113388
v 0.3322473466396332 -0.2187265157699585 0.1721649318933487
v 0.30318325757980347 -0.16877435147762299 0.17989128828048706
v 0.296354740858078 -0.147787407040596 0.17111383378505707
v 0.33433663845062256 -0.22034871578216553 0.15556995570659637
v 0.32827028632164 -0.23600751161575317 0.15333488583564758
v 0.3530324101448059 -0.2447965443134308 0.1193615198135376
v 0.3417617082595825 -0.24385970830917358 0.1272079348564148
v 0.36461254954338074 -0.2441977858543396 0.11109746992588043
v 0.37846869230270386 -0.24139541387557983 0.10064737498760223
v 0.3300142288208008 -0.24019093811511993 0.1376197636127472
v 0.3968539237976074 -0.24027162790298462 0.09370028227567673
v 0.40824639797210693 -0.24093081057071686 0.0917816013097763
v 0.42108994722366333 -0.2409730702638626 0.09124332666397095
v 0.43244582414627075 -0.24240660667419434 0.08881533145904541
v 0.45169758796691895 -0.23595643043518066 0.08045397698879242
v 0.4641561508178711 -0.21112990379333496 0.07024070620536804
v 0.4798821806907654 -0.1288781315088272 0.07704536616802216
v 0.4802258014678955 -0.14310859143733978 0.06278063356876373
v 0.4747682213783264 -0.17724572122097015 0.05593063309788704
v 0.4799971282482147 -0.15501835942268372 0.05253032222390175
v 0.4966248571872711 -0.0815337747335434 0.08812510967254639
v 0.4952002763748169 -0.06785273551940918 0.09781968593597412
v 0.49350517988204956 -0.0545029379427433 0.10524824261665344
v 0.4878495931625366 -0.10851812362670898 0.07736344635486603
v 0.4965848922729492 -0.09189504384994507 0.07608087360858917
v 0.3497259020805359 -0.05709991976618767 0.20442242920398712
v 0.35698434710502625 -0.046341780573129654 0.20750953257083893
v 0.33237603306770325 -0.07579366862773895 0.1970963180065155
v 0.32220563292503357 -0.08258700370788574 0.19118686020374298
v 0.3056996464729309 -0.0918249785900116 0.17693328857421875
v 0.29357072710990906 -0.1178254634141922 0.1646081805229187
v 0.2963283956050873 -0.10313880443572998 0.16378404200077057
v 0.3094853460788727 -0.2017979919910431 0.1772642433643341
v 0.30480751395225525 -0.1886315792798996 0.176780104637146
v 0.3201799690723419 -0.20801657438278198 0.16694031655788422
v 0.326455295085907 -0.22040560841560364 0.1659732162952423
v 0.29314595460891724 -0.15964214503765106 0.17010052502155304
v 0.2908318042755127 -0.1330985277891159 0.16394290328025818
v 0.3208842873573303 -0.23511508107185364 0.1622198224067688
v 0.3192470073699951 -0.24028296768665314 0.15098950266838074
v 0.3417564332485199 -0.2469671666622162 0.11670531332492828
v 0.35105830430984497 -0.2456691563129425 0.10861743986606598
v 0.3309914171695709 -0.2459934651851654 0.12524409592151642
v 0.35975515842437744 -0.24284350872039795 0.09930068254470825
v 0.3836621344089508 -0.23854131996631622 0.08625367283821106
v 0.32078817486763 -0.24213844537734985 0.13392283022403717
v 0.4004583954811096 -0.2375688999891281 0.08274397253990173
v 0.41474393010139465 -0.23884594440460205 0.0855073630809784
v 0.42455366253852844 -0.2401544153690338 0.08429160714149475
v 0.44292646646499634 -0.24095354974269867 0.07954525202512741
v 0.45884156227111816 -0.22840425372123718 0.07138767838478088
v 0.47090765833854675 -0.19786275923252106 0.05894441530108452
v 0.48725417256355286 -0.11960643529891968 0.06299388408660889
v 0.4861319661140442 -0.1338951140642166 0.049682606011629105
v 0.47958266735076904 -0.16691960394382477 0.044761959463357925
v 0.48452967405319214 -0.14643412828445435 0.042218562215566635
v 0.502998948097229 -0.06687597930431366 0.08630463480949402
v 0.5045294761657715 -0.07810701429843903 0.07550288736820221
v 0.5001546144485474 -0.05574503913521767 0.09521497786045074
v 0.4957481026649475 -0.10206277668476105 0.0628218799829483
v 0.5047793388366699 -0.0873764157295227 0.06373335421085358
v 0.3412751257419586 -0.00020646117627620697 0.19896246492862701
v 0.3354475200176239 -0.05890249088406563 0.19558408856391907
v 0.32096725702285767 -0.06703564524650574 0.18569469451904297
v 0.31171783804893494 -0.07640795409679413 0.178942009806633
v 0.3003953993320465 -0.09284836053848267 0.167807936668396
v 0.3010818362236023 -0.2019302397966385 0.1712043434381485
v 0.30806776881217957 -0.21616007387638092 0.16998639702796936
v 0.29694369435310364 -0.18191567063331604 0.17125554382801056
v 0.3137255311012268 -0.22810295224189758 0.1674993485212326
v 0.2877137064933777 -0.15010468661785126 0.16179998219013214
v 0.2910884618759155 -0.11012184619903564 0.15652801096439362
v 0.2871224880218506 -0.12657465040683746 0.15565229952335358
v 0.3101111054420471 -0.24178490042686462 0.15753355622291565
v 0.3098219931125641 -0.24273741245269775 0.1441282033920288
v 0.32940608263015747 -0.24989575147628784 0.11082495748996735
v 0.34058648347854614 -0.24822673201560974 0.10306474566459656
v 0.3480888605117798 -0.2453380525112152 0.09729328006505966
v 0.31844189763069153 -0.24796956777572632 0.12079411745071411
v 0.3681016266345978 -0.23960919678211212 0.0866515263915062
v 0.3883652091026306 -0.23564006388187408 0.0752037912607193
v 0.308877170085907 -0.24295470118522644 0.12804020941257477
v 0.4096081852912903 -0.23576214909553528 0.07666699588298798
v 0.42064425349235535 -0.2366446852684021 0.07626286149024963
v 0.4317261576652527 -0.2395840734243393 0.07621029019355774
v 0.45086026191711426 -0.2362256795167923 0.07040795683860779
v 0.4659518599510193 -0.21543443202972412 0.06226034834980965
v 0.47520187497138977 -0.18670593202114105 0.0489676333963871
v 0.4930614233016968 -0.11492122709751129 0.05069087818264961
v 0.4901474118232727 -0.1286933273077011 0.04039369896054268
v 0.48386967182159424 -0.16063348948955536 0.035151299089193344
v 0.48926517367362976 -0.14237038791179657 0.032573994249105453
v 0.5106378197669983 -0.06610867381095886 0.07400642335414886
v 0.5080009698867798 -0.054659027606248856 0.08376471698284149
v 0.5127568244934082 -0.07571297883987427 0.06323406100273132
v 0.5033800601959229 -0.0968206375837326 0.050636839121580124
v 0.5132477879524231 -0.08319130539894104 0.05158500745892525
v 0.32085004448890686 -0.04870463162660599 0.1811717301607132
v 0.31122276186943054 -0.059213560074567795 0.17160171270370483
v 0.30342474579811096 -0.07531540095806122 0.1666778326034546
v 0.29616808891296387 -0.0906592309474945 0.15789134800434113
v 0.29451248049736023 -0.20028944313526154 0.16295717656612396
v 0.30112338066101074 -0.21391017735004425 0.16382677853107452
v 0.3054184019565582 -0.2318001389503479 0.16098161041736603
v 0.28388068079948425 -0.16751690208911896 0.15953461825847626
v 0.2838137149810791 -0.1411651074886322 0.15485456585884094
v 0.2896612286567688 -0.10178571939468384 0.14547066390514374
v 0.28544676303863525 -0.11842244863510132 0.1472594290971756
v 0.29975950717926025 -0.24737989902496338 0.14971308410167694
v 0.30082613229751587 -0.241889089345932 0.13693812489509583
v 0.3285989463329315 -0.2508469820022583 0.09542681276798248
v 0.3152323365211487 -0.25140729546546936 0.10508434474468231
v 0.3413626551628113 -0.24620023369789124 0.09058298170566559
v 0.3522690534591675 -0.24191951751708984 0.08491593599319458
v 0.3042793869972229 -0.24716386198997498 0.11624488234519958
v 0.3747693598270416 -0.23639386892318726 0.07500994205474854
v 0.3986305594444275 -0.23286372423171997 0.06883829832077026
v 0.29800325632095337 -0.2409847229719162 0.12597429752349854
v 0.41225147247314453 -0.23138222098350525 0.06703674793243408
v 0.426251620054245 -0.2312871366739273 0.0629451721906662
v 0.43991291522979736 -0.23597636818885803 0.06400127708911896
v 0.45842331647872925 -0.22721536457538605 0.05969642475247383
v 0.4717058539390564 -0.20180249214172363 0.05190526321530342
v 0.4791087806224823 -0.17702169716358185 0.039855096489191055
v 0.4985436797142029 -0.10897625982761383 0.040255505591630936
v 0.4950684607028961 -0.12539851665496826 0.030212242156267166
v 0.4938125014305115 -0.13919635117053986 0.02419435977935791
v 0.48835089802742004 -0.15535883605480194 0.02634495124220848
v 0.5189100503921509 -0.06092619523406029 0.061646852642297745
v 0.5161581039428711 -0.05100031569600105 0.07092748582363129
v 0.5206027030944824 -0.07072563469409943 0.05184520408511162
v 0.5104579925537109 -0.09111462533473969 0.03850299492478371
v 0.5212433338165283 -0.07609009742736816 0.04163805767893791
v 0.3120981454849243 0.00048462022095918655 0.1675618290901184
v 0.31148481369018555 -0.04184171184897423 0.16931216418743134
v 0.30546075105667114 -0.05665839836001396 0.1603451520204544
v 0.2994997501373291 -0.07120325416326523 0.15168365836143494
v 0.2929539084434509 -0.0850612074136734 0.14260882139205933
v 0.2945486605167389 -0.2106693685054779 0.15454377233982086
v 0.2855340242385864 -0.18534596264362335 0.15652067959308624
v 0.2992473244667053 -0.2240607738494873 0.15183912217617035
v 0.27390390634536743 -0.158355712890625 0.1474534273147583
v 0.2777750492095947 -0.13756681978702545 0.14380507171154022
v 0.28750407695770264 -0.09472665190696716 0.12914249300956726
v 0.2809469401836395 -0.11529123783111572 0.13184869289398193
v 0.2978883385658264 -0.2334110289812088 0.1450277417898178
v 0.2941085696220398 -0.23798421025276184 0.1341741532087326
v 0.3166641891002655 -0.25164738297462463 0.09197582304477692
v 0.33420777320861816 -0.24818024039268494 0.08232563734054565
v 0.3040887713432312 -0.24906978011131287 0.10498957335948944
v 0.34256675839424133 -0.24306926131248474 0.0782158225774765
v 0.36195188760757446 -0.23720136284828186 0.07371167838573456
v 0.29615575075149536 -0.24049513041973114 0.1154109388589859
v 0.3824639916419983 -0.2324787974357605 0.0648278295993805
v 0.4018115997314453 -0.22762319445610046 0.05637265369296074
v 0.2929898202419281 -0.23576226830482483 0.1246262639760971
v 0.41338133811950684 -0.22583647072315216 0.05355631932616234
v 0.43262675404548645 -0.2264372557401657 0.05036187544465065
v 0.4498944878578186 -0.22910183668136597 0.05313747748732567
v 0.46626582741737366 -0.212180957198143 0.04823436960577965
v 0.47447192668914795 -0.19497960805892944 0.03965068235993385
v 0.4826925992965698 -0.17578278481960297 0.026664916425943375
v 0.5029101371765137 -0.10699348151683807 0.02999967709183693
v 0.5007678270339966 -0.12032034993171692 0.023365046828985214
v 0.49046045541763306 -0.15539798140525818 0.014836210757493973
v 0.497063010931015 -0.13477668166160583 0.01694338768720627
v 0.5252677202224731 -0.054759953171014786 0.051175590604543686
v 0.5248258113861084 -0.04457719624042511 0.056938137859106064
v 0.5270372629165649 -0.059640076011419296 0.04219478741288185
v 0.5109772682189941 -0.09493498504161835 0.02747972682118416
v 0.5208982229232788 -0.07976016402244568 0.02898595854640007
v 0.3085955083370209 0.0004649665206670761 0.1555497646331787
v 0.3061060607433319 -0.037676502019166946 0.15371578931808472
v 0.30064597725868225 -0.055726196616888046 0.14331352710723877
v 0.29385262727737427 -0.06917384266853333 0.1332651525735855
v 0.2895359396934509 -0.07843607664108276 0.12318778038024902
v 0.28534138202667236 -0.19973789155483246 0.1471840888261795
v 0.29352766275405884 -0.21246381103992462 0.14484617114067078
v 0.2717193067073822 -0.18177451193332672 0.144668310880661
v 0.26608914136886597 -0.15604494512081146 0.13705384731292725
v 0.2673221826553345 -0.14266270399093628 0.12708896398544312
v 0.2885478436946869 -0.08183834701776505 0.11397721618413925
v 0.28288689255714417 -0.10256799310445786 0.11528974771499634
v 0.2975480854511261 -0.22366087138652802 0.14032332599163055
v 0.2936533987522125 -0.22833123803138733 0.132346972823143
v 0.3074500262737274 -0.25113317370414734 0.09483945369720459
v 0.3227742910385132 -0.25052353739738464 0.08221244812011719
v 0.33536648750305176 -0.2439168095588684 0.0726090669631958
v 0.29848989844322205 -0.2451912760734558 0.10877463221549988
v 0.35090625286102295 -0.23837752640247345 0.07081109285354614
v 0.3687412738800049 -0.23317290842533112 0.06275402754545212
v 0.29263705015182495 -0.23489141464233398 0.11606919765472412
v 0.3886299431324005 -0.2279449999332428 0.05549471080303192
v 0.40366217494010925 -0.22382397949695587 0.04541751742362976
v 0.2890605628490448 -0.2282489836215973 0.12400797009468079
v 0.4235791862010956 -0.2228187769651413 0.045140039175748825
v 0.44035103917121887 -0.2223198413848877 0.04403434321284294
v 0.4572813808917999 -0.21779949963092804 0.04337864741683006
v 0.46550557017326355 -0.20312610268592834 0.031437948346138
v 0.4733353853225708 -0.18869823217391968 0.021157678216695786
v 0.48146286606788635 -0.17263349890708923 0.010463755577802658
v 0.5077126622200012 -0.1035909652709961 0.0237850584089756
v 0.503312349319458 -0.12101885676383972 0.015181470662355423
v 0.4959563612937927 -0.13781771063804626 0.0046574510633945465
v 0.48765674233436584 -0.15442156791687012 -0.0013476237654685974
v 0.5287905335426331 -0.04686417803168297 0.044670846313238144
v 0.5279711484909058 -0.04256538301706314 0.05006017908453941
v 0.5280376672744751 -0.06385131180286407 0.030026722699403763
v 0.5147421360015869 -0.09102879464626312 0.02084321901202202
v 0.5212441682815552 -0.07727283239364624 0.017512094229459763
v 0.3064666986465454 0.00035709328949451447 0.14069227874279022
v 0.30262482166290283 -0.042660463601350784 0.1366114318370819
v 0.2957212030887604 -0.05197862163186073 0.1264488250017166
v 0.2870089113712311 -0.05824532359838486 0.12077517807483673
v 0.2903035581111908 -0.06306865811347961 0.11335089802742004
v 0.2754296660423279 -0.19683244824409485 0.1386220008134842
v 0.28727132081985474 -0.2053561806678772 0.13641881942749023
v 0.25836998224258423 -0.17404474318027496 0.1360672563314438
v 0.27304574847221375 -0.12678271532058716 0.114397332072258
v 0.2844252288341522 -0.09674853831529617 0.09932278096675873
v 0.2863728106021881 -0.08490131795406342 0.09764251112937927
v 0.29683002829551697 -0.2189982533454895 0.13538511097431183
v 0.2926667630672455 -0.21914616227149963 0.13272331655025482
v 0.3012736439704895 -0.24645519256591797 0.10170907527208328
v 0.31101280450820923 -0.2502342164516449 0.08453172445297241
v 0.32683271169662476 -0.24651044607162476 0.07165785133838654
v 0.34070491790771484 -0.23988516628742218 0.06781651079654694
v 0.2921959161758423 -0.23805294930934906 0.11020025610923767
v 0.357638418674469 -0.2338486611843109 0.0626414567232132
v 0.3756415545940399 -0.22860391438007355 0.05391959473490715
v 0.28796663880348206 -0.22860276699066162 0.11529186367988586
v 0.3938787579536438 -0.2242962121963501 0.043680589646101
v 0.41111522912979126 -0.2211015224456787 0.03881343454122543
v 0.2859155535697937 -0.21638430655002594 0.12513722479343414
v 0.43019455671310425 -0.21762865781784058 0.03537967428565025
v 0.4471239149570465 -0.2146872878074646 0.03585517406463623
v 0.45471251010894775 -0.20456372201442719 0.026146069169044495
v 0.4625195562839508 -0.19169919192790985 0.016181129962205887
v 0.470623642206192 -0.17984463274478912 0.006981980055570602
v 0.4790630042552948 -0.16420307755470276 -0.005491588264703751
v 0.5043457746505737 -0.11726321280002594 0.007416378706693649
v 0.4858314096927643 -0.14595283567905426 -0.01824343577027321
v 0.4913950264453888 -0.1397199034690857 -0.010896805673837662
v 0.5291386842727661 -0.0405123271048069 0.046644676476716995
v 0.5305150747299194 -0.04860847815871239 0.03498917445540428
v 0.5277380347251892 -0.06282514333724976 0.01792455092072487
v 0.5144878625869751 -0.09219974279403687 0.01693844422698021
v 0.5165361166000366 -0.08525697886943817 0.012801337987184525
v 0.2988390326499939 0.00034386105835437775 0.12231843918561935
v 0.2973406910896301 -0.037069421261548996 0.12163981795310974
v 0.2840632200241089 -0.048341769725084305 0.11677563190460205
v 0.28663185238838196 -0.05092066526412964 0.11249503493309021
v 0.29086700081825256 -0.0658247172832489 0.0973747968673706
v 0.26429784297943115 -0.18882225453853607 0.13412754237651825
v 0.2920931577682495 -0.21988552808761597 0.12883450090885162
v 0.26118963956832886 -0.14963096380233765 0.114490807056427
v 0.25648653507232666 -0.16274283826351166 0.1274046152830124
v 0.2790945768356323 -0.11370722949504852 0.10138142853975296
v 0.29112356901168823 -0.06975332647562027 0.08907607197761536
v 0.28837350010871887 -0.08559387177228928 0.08844666928052902
v 0.2994998097419739 -0.22456367313861847 0.12958814203739166
v 0.3039840757846832 -0.24763938784599304 0.09146171808242798
v 0.31544432044029236 -0.24670928716659546 0.07376746088266373
v 0.3319549560546875 -0.24089567363262177 0.06431551277637482
v 0.34749162197113037 -0.2356317937374115 0.06083497032523155
v 0.2889178395271301 -0.23188133537769318 0.11029140651226044
v 0.29614028334617615 -0.2418535351753235 0.10547946393489838
v 0.2914625406265259 -0.23654907941818237 0.10502569377422333
v 0.3636944890022278 -0.22944267094135284 0.05365978553891182
v 0.3816269040107727 -0.22517575323581696 0.04309084638953209
v 0.2827463150024414 -0.2158375233411789 0.11714673042297363
v 0.399461567401886 -0.221084862947464 0.03409658372402191
v 0.42018795013427734 -0.21684303879737854 0.029076136648654938
v 0.2944817543029785 -0.22151817381381989 0.12569138407707214
v 0.4356389343738556 -0.21095842123031616 0.026929110288619995
v 0.44384998083114624 -0.20117095112800598 0.019192390143871307
v 0.45122405886650085 -0.1924232691526413 0.010607875883579254
v 0.4584936499595642 -0.1822827309370041 0.0016544274985790253
v 0.46708041429519653 -0.17262357473373413 -0.008451852947473526
v 0.47779417037963867 -0.15419070422649384 -0.022956807166337967
v 0.506668210029602 -0.11015713214874268 0.019987981766462326
v 0.49821391701698303 -0.12278372049331665 -0.010612640529870987
v 0.5084291696548462 -0.10699495673179626 0.008314590901136398
v 0.508858323097229 -0.10777342319488525 0.015314791351556778
v 0.4862685203552246 -0.1299336850643158 -0.03935294970870018
v 0.49245426058769226 -0.12410514056682587 -0.027176301926374435
v 0.5320543646812439 -0.04806390777230263 0.0214451402425766
v 0.5137470364570618 -0.09519463777542114 0.01773454248905182
v 0.5129953026771545 -0.09512579441070557 0.014836881309747696
v 0.2900482714176178 0.00035102246329188347 0.11689253151416779
v 0.2869260609149933 -0.028650157153606415 0.11558099836111069
v 0.27825668454170227 -0.03927677869796753 0.10870464891195297
v 0.2911244332790375 -0.054216157644987106 0.10236553847789764
v 0.25397270917892456 -0.17916865646839142 0.12834584712982178
v 0.2755725383758545 -0.20540794730186462 0.14009550213813782
v 0.2654978334903717 -0.1949576735496521 0.1275511533021927
v 0.288705050945282 -0.2186109572649002 0.14144453406333923
v 0.2906798720359802 -0.24157020449638367 0.12362581491470337
v 0.271545946598053 -0.1353762447834015 0.10038208961486816
v 0.2551836669445038 -0.1665324568748474 0.11552867293357849
v 0.2854209840297699 -0.10088872164487839 0.09270553290843964
v 0.2915789484977722 -0.07632617652416229 0.0809607207775116
v 0.29000353813171387 -0.08788609504699707 0.08102831244468689
v 0.3044351041316986 -0.23355428874492645 0.11469854414463043
v 0.29591992497444153 -0.24191755056381226 0.0976138710975647
v 0.30643540620803833 -0.24610325694084167 0.07797330617904663
v 0.32101401686668396 -0.241234689950943 0.06392551213502884
v 0.3381328582763672 -0.23704412579536438 0.059905294328927994
v 0.3521197438240051 -0.23110830783843994 0.053185269236564636
v 0.2858373820781708 -0.2290583997964859 0.10490770637989044
v 0.28360551595687866 -0.2225058674812317 0.11165013909339905
v 0.29005131125450134 -0.23543217778205872 0.0990026444196701
v 0.3695232570171356 -0.2256782352924347 0.04376540705561638
v 0.3890758752822876 -0.22150300443172455 0.03211013600230217
v 0.2772996127605438 -0.2055988758802414 0.12136131525039673
v 0.40722566843032837 -0.2177475392818451 0.02522691711783409
v 0.4262739419937134 -0.2093474566936493 0.018640652298927307
v 0.4334028363227844 -0.20063532888889313 0.01049303263425827
v 0.4403039515018463 -0.19068282842636108 0.005159169435501099
v 0.44780126214027405 -0.18152979016304016 -0.0023666545748710632
v 0.45573094487190247 -0.1738026887178421 -0.011532321572303772
v 0.46400097012519836 -0.16356053948402405 -0.02287602797150612
v 0.473390132188797 -0.1447097361087799 -0.040484387427568436
v 0.4971809685230255 -0.10473109781742096 -0.030846860259771347
v 0.5030604600906372 -0.10475326329469681 0.0015951693058013916
v 0.5122439861297607 -0.09367282688617706 0.004166118800640106
v 0.4869631826877594 -0.11851108819246292 -0.05149229243397713
v 0.4907383322715759 -0.11226926743984222 -0.04548566788434982
v 0.5288180112838745 -0.05951538309454918 0.005322679877281189
v 0.5330624580383301 -0.047145675867795944 0.0016870982944965363
v 0.5237141847610474 -0.06972359120845795 0.009389754384756088
v 0.2790340781211853 -0.02889946475625038 0.11441226303577423
v 0.2822680175304413 -0.0466676689684391 0.09860125184059143
v 0.2914589047431946 -0.05512918159365654 0.0888131707906723
v 0.2580629289150238 -0.18548336625099182 0.11830843985080719
v 0.26918333768844604 -0.19768941402435303 0.11795447766780853
v 0.28367215394973755 -0.2115378975868225 0.12131190299987793
v 0.29353848099708557 -0.21679282188415527 0.12969191372394562
v 0.29788386821746826 -0.22176826000213623 0.135266974568367
v 0.28019002079963684 -0.11876216530799866 0.09027497470378876
v 0.2661014795303345 -0.1542157679796219 0.09850391745567322
v 0.26184093952178955 -0.17836032807826996 0.1084311455488205
v 0.28688281774520874 -0.10294587910175323 0.08438663184642792
v 0.29468902945518494 -0.07672124356031418 0.07598987221717834
v 0.2923949360847473 -0.088224858045578 0.07643691450357437
v 0.2921285927295685 -0.06141668185591698 0.07925058901309967
v 0.2992798089981079 -0.2249094545841217 0.13464003801345825
v 0.29963818192481995 -0.24262750148773193 0.08564848452806473
v 0.3117205798625946 -0.24165403842926025 0.06766441464424133
v 0.3301827013492584 -0.23611147701740265 0.05649435520172119
v 0.3410513401031494 -0.23284967243671417 0.05277833715081215
v 0.3594091534614563 -0.22699791193008423 0.045124974101781845
v 0.28595447540283203 -0.2279769778251648 0.0966213196516037
v 0.2801140248775482 -0.2180686742067337 0.10397572815418243
v 0.27588334679603577 -0.20865121483802795 0.10966996848583221
v 0.2916087508201599 -0.23544709384441376 0.09099648892879486
v 0.37666040658950806 -0.22209511697292328 0.03200441598892212
v 0.3953317403793335 -0.2184997946023941 0.022862382233142853
v 0.4157724678516388 -0.21359623968601227 0.01503550261259079
v 0.42810383439064026 -0.20132742822170258 0.005285721272230148
v 0.43071913719177246 -0.1924072802066803 -0.0030286572873592377
v 0.4377479553222656 -0.1823168247938156 -0.0066762641072273254
v 0.44599658250808716 -0.17477530241012573 -0.014072652906179428
v 0.45447948575019836 -0.16803759336471558 -0.0212591253221035
v 0.4787270128726959 -0.1262684315443039 -0.055638689547777176
v 0.5115262269973755 -0.09887970983982086 0.01959618180990219
v 0.49477851390838623 -0.0964188203215599 -0.042082834988832474
v 0.49830666184425354 -0.10597140341997147 -0.008905917406082153
v 0.5014361143112183 -0.10993719100952148 -0.01646668091416359
v 0.5010965466499329 -0.09555728733539581 -0.0026992708444595337
v 0.503443717956543 -0.10757941007614136 -0.004975467920303345
v 0.5130046010017395 -0.08665630221366882 -0.014590058475732803
v 0.48280102014541626 -0.12347011268138885 -0.06314433366060257
v 0.4896271228790283 -0.11656670272350311 -0.05767355114221573
v 0.5334240198135376 -0.043918054550886154 -0.018705997616052628
v 0.528398871421814 -0.05761056765913963 -0.0067869797348976135
v 0.5190266370773315 -0.07551217079162598 -0.0010473281145095825
v 0.26871198415756226 0.0001555049093440175 0.09878353774547577
v 0.2700827419757843 -0.020328765735030174 0.09178463369607925
v 0.2703911364078522 -0.03391122817993164 0.09380701184272766
v 0.27598172426223755 -0.03676406294107437 0.08066799491643906
v 0.28755807876586914 -0.048227980732917786 0.0801636278629303
v 0.2674931287765503 -0.19426101446151733 0.10767653584480286
v 0.2832183241844177 -0.1229219138622284 0.0813560038805008
v 0.2758268713951111 -0.13882312178611755 0.08891467750072479
v 0.2657740116119385 -0.16840986907482147 0.09907087683677673
v 0.28908681869506836 -0.10697643458843231 0.0781184732913971
v 0.2975006103515625 -0.06130613014101982 0.07156850397586823
v 0.29884204268455505 -0.07743377983570099 0.0672290101647377
v 0.2945445477962494 -0.09092815220355988 0.06732115149497986
v 0.2921983003616333 -0.04762972146272659 0.06543292105197906
v 0.30478882789611816 -0.24037687480449677 0.0736646056175232
v 0.3186846375465393 -0.23494534194469452 0.05658259615302086
v 0.33240780234336853 -0.23050005733966827 0.04836747422814369
v 0.3473982810974121 -0.22723616659641266 0.042716871947050095
v 0.3633110225200653 -0.22272633016109467 0.03437146916985512
v 0.2884024977684021 -0.2254081666469574 0.0866285040974617
v 0.2814928889274597 -0.21562419831752777 0.09420070052146912
v 0.2746814489364624 -0.20390628278255463 0.10167455673217773
v 0.29566144943237305 -0.2330738604068756 0.07933199405670166
v 0.38522571325302124 -0.21901585161685944 0.021076921373605728
v 0.4027922749519348 -0.2157140076160431 0.014405161142349243
v 0.42181432247161865 -0.2070370316505432 0.004047166556119919
v 0.4262855052947998 -0.19872909784317017 -0.005201760679483414
v 0.43081486225128174 -0.18378055095672607 -0.014172419905662537
v 0.43746963143348694 -0.17591698467731476 -0.019481834024190903
v 0.4456498622894287 -0.16829019784927368 -0.026898611336946487
v 0.4584246277809143 -0.15691697597503662 -0.03565177693963051
v 0.4661191403865814 -0.14176197350025177 -0.05132516101002693
v 0.4773973226547241 -0.12346380949020386 -0.06663570553064346
v 0.4948188364505768 -0.07722828537225723 -0.04595614969730377
v 0.5016008615493774 -0.08793927729129791 -0.03416229411959648
v 0.49566924571990967 -0.11108405888080597 -0.0568033829331398
v 0.5071536898612976 -0.09856189787387848 -0.017604362219572067
v 0.4868178367614746 -0.10321781039237976 0.0006499029695987701
v 0.49446383118629456 -0.0845729410648346 -0.0031182467937469482
v 0.5209548473358154 -0.06831438839435577 -0.018216412514448166
v 0.4742404818534851 -0.1450369656085968 -0.05863328278064728
v 0.4851013720035553 -0.12739890813827515 -0.06129907816648483
v 0.5383621454238892 -0.010227419435977936 -0.01888468489050865
v 0.527154803276062 -0.05198965221643448 -0.030055705457925797
v 0.5330511331558228 -0.03777935728430748 -0.03976602479815483
v 0.2593979239463806 -0.01871935836970806 0.09390117973089218
v 0.2606614828109741 -0.024853097274899483 0.08830186724662781
v 0.2660682499408722 -0.030412152409553528 0.0798027440905571
v 0.2679706811904907 -0.039334844797849655 0.07081751525402069
v 0.28135544061660767 -0.04085168242454529 0.06774784624576569
v 0.28813716769218445 -0.12814591825008392 0.06484618037939072
v 0.28233402967453003 -0.14108698070049286 0.07737284898757935
v 0.275076299905777 -0.15911005437374115 0.08570541441440582
v 0.2703976631164551 -0.18608812987804413 0.09885193407535553
v 0.29343220591545105 -0.11126521229743958 0.0580856055021286
v 0.3034229874610901 -0.061861563473939896 0.060376327484846115
v 0.3028751015663147 -0.07882170379161835 0.04688431695103645
v 0.29794299602508545 -0.09657832980155945 0.04717867076396942
v 0.2803143560886383 -0.046425774693489075 0.057026490569114685
v 0.32160136103630066 -0.2262355536222458 0.04493098706007004
v 0.33485424518585205 -0.22240394353866577 0.034955088049173355
v 0.35100024938583374 -0.22133304178714752 0.029388930648565292
v 0.37384968996047974 -0.2191859483718872 0.021304618567228317
v 0.2848127484321594 -0.21069535613059998 0.08287449181079865
v 0.29338735342025757 -0.22212935984134674 0.07427914440631866
v 0.2771284580230713 -0.20185887813568115 0.0931377187371254
v 0.3020861744880676 -0.22986765205860138 0.06571686267852783
v 0.30823612213134766 -0.2355431169271469 0.06302966177463531
v 0.39175596833229065 -0.21646885573863983 0.012756135314702988
v 0.41192179918289185 -0.21164599061012268 0.004450738430023193
v 0.4222014248371124 -0.20236778259277344 -0.005589824169874191
v 0.4253172278404236 -0.19119714200496674 -0.01725245639681816
v 0.4364722967147827 -0.17110812664031982 -0.029235918074846268
v 0.44941410422325134 -0.16100047528743744 -0.03677152469754219
v 0.4529981017112732 -0.1531873494386673 -0.046424973756074905
v 0.47031038999557495 -0.12186688184738159 -0.06664659082889557
v 0.4679877460002899 -0.14806854724884033 -0.06208486109972
v 0.5003558397293091 -0.07115720212459564 -0.04972868040204048
v 0.5082346200942993 -0.07900497317314148 -0.035482410341501236
v 0.4938015937805176 -0.08848121762275696 -0.05293172225356102
v 0.4902695119380951 -0.12342320382595062 -0.05820745229721069
v 0.48844224214553833 -0.08450984954833984 -0.01384706050157547
v 0.48274683952331543 -0.08838363736867905 0.005734134465456009
v 0.4811598062515259 -0.09302167594432831 0.002636037766933441
v 0.5185546875 -0.06660263240337372 -0.03732781484723091
v 0.49045681953430176 -0.12287557870149612 -0.062215037643909454
v 0.4820401966571808 -0.13584890961647034 -0.06596304476261139
v 0.5243290662765503 -0.05297321453690529 -0.04858332499861717
v 0.5265235900878906 -0.04094390198588371 -0.05689777061343193
v 0.2547423243522644 -0.019491666927933693 0.09977801889181137
v 0.2541247010231018 -0.028991999104619026 0.09467332810163498
v 0.2553993761539459 -0.03538975864648819 0.08586405217647552
v 0.2563382387161255 -0.04181990399956703 0.07896336168050766
v 0.25959092378616333 -0.042764537036418915 0.07273058593273163
v 0.26914897561073303 -0.04845765605568886 0.059239841997623444
v 0.2937324047088623 -0.11919400095939636 0.050260964781045914
v 0.28581511974334717 -0.14335381984710693 0.06789359450340271
v 0.28516125679016113 -0.1567147672176361 0.07318763434886932
v 0.27545517683029175 -0.17780110239982605 0.08849798142910004
v 0.2954746186733246 -0.11420167982578278 0.04284396395087242
v 0.2995712161064148 -0.046024274080991745 0.06397826969623566
v 0.30458876490592957 -0.052340712398290634 0.05707192420959473
v 0.3066815137863159 -0.06375740468502045 0.046024031937122345
v 0.3056906461715698 -0.07622548937797546 0.03051319718360901
v 0.3016408681869507 -0.09140869975090027 0.031234899535775185
v 0.29024264216423035 -0.03582971543073654 0.0554887130856514
v 0.2937489151954651 -0.040545471012592316 0.061045754700899124
v 0.3108794391155243 -0.22865071892738342 0.053648535162210464
v 0.3147357404232025 -0.22114503383636475 0.04515226557850838
v 0.3250650465488434 -0.21936027705669403 0.034991756081581116
v 0.342829167842865 -0.21781399846076965 0.025740649551153183
v 0.36279603838920593 -0.2184721678495407 0.019171906635165215
v 0.3810233771800995 -0.21628892421722412 0.011338908225297928
v 0.2780388593673706 -0.19358770549297333 0.0878932923078537
v 0.2910762429237366 -0.21078521013259888 0.07264268398284912
v 0.2984939217567444 -0.2177225649356842 0.06471046060323715
v 0.30642789602279663 -0.22068744897842407 0.05540680140256882
v 0.3999347388744354 -0.21282833814620972 0.003682609647512436
v 0.41793093085289 -0.2050381302833557 -0.006564244627952576
v 0.4240488111972809 -0.19709551334381104 -0.01555287092924118
v 0.4279141128063202 -0.17900322377681732 -0.02493317797780037
v 0.4318220913410187 -0.17041395604610443 -0.03532947227358818
v 0.44159314036369324 -0.16406016051769257 -0.03858819231390953
v 0.44184425473213196 -0.15361541509628296 -0.052610140293836594
v 0.4545394778251648 -0.1390180140733719 -0.06078450009226799
v 0.47394222021102905 -0.1398075968027115 -0.06843087077140808
v 0.49215543270111084 -0.06896734982728958 -0.056214600801467896
v 0.5144143104553223 -0.0662345439195633 -0.05627141520380974
v 0.49337470531463623 -0.09984049201011658 -0.0622919499874115
v 0.4874052405357361 -0.11969107389450073 -0.059183090925216675
v 0.47950226068496704 -0.10165165364742279 0.002510273829102516
v 0.47855567932128906 -0.10184837877750397 -0.0009933672845363617
v 0.47228679060935974 -0.11964299529790878 -0.00614117830991745
v 0.4695765972137451 -0.11421384662389755 -0.006056772544980049
v 0.5325474739074707 -0.01042470894753933 -0.05205186828970909
v 0.5191198587417603 -0.05044088885188103 -0.0615597702562809
v 0.5186184644699097 -0.041957080364227295 -0.06711095571517944
v 0.25261616706848145 -0.02056061290204525 0.10580465942621231
v 0.24998413026332855 -0.03197820484638214 0.10468430817127228
v 0.2489582598209381 -0.0415649451315403 0.09650816768407822
v 0.24829834699630737 -0.0494563952088356 0.08496314287185669
v 0.25107693672180176 -0.05214598774909973 0.07383716851472855
v 0.25928643345832825 -0.05171700194478035 0.06236284226179123
v 0.26205146312713623 -0.05678025260567665 0.05283687263727188
v 0.2908356189727783 -0.13069941103458405 0.054918378591537476
v 0.28843066096305847 -0.15269051492214203 0.06469316780567169
v 0.2839208245277405 -0.17450524866580963 0.07465000450611115
v 0.2984534800052643 -0.10806919634342194 0.028646931052207947
v 0.29697006940841675 -0.033742208033800125 0.06291987001895905
v 0.3022625148296356 -0.033708054572343826 0.06256568431854248
v 0.30907508730888367 -0.05002448335289955 0.0465274453163147
v 0.30918407440185547 -0.06304726004600525 0.02956506982445717
v 0.27288633584976196 -0.05021538585424423 0.04328422248363495
v 0.28233352303504944 -0.03529571741819382 0.046657923609018326
v 0.2912999987602234 -0.025674527511000633 0.0525185763835907
v 0.2949461042881012 -0.03379733860492706 0.055689383298158646
v 0.3128923177719116 -0.2139865905046463 0.04432620108127594
v 0.3185437023639679 -0.21456272900104523 0.036322250962257385
v 0.33366936445236206 -0.21645338833332062 0.0278722383081913
v 0.35274145007133484 -0.21617811918258667 0.01949344389140606
v 0.3722195625305176 -0.21530771255493164 0.011491850018501282
v 0.38789424300193787 -0.2128039449453354 0.00359513983130455
v 0.2852724492549896 -0.19417400658130646 0.07592009007930756
v 0.294689416885376 -0.2038072943687439 0.06515030562877655
v 0.304164856672287 -0.21119087934494019 0.0557507686316967
v 0.4086756110191345 -0.2083245813846588 -0.006707374006509781
v 0.4157891869544983 -0.20024149119853973 -0.017441775649785995
v 0.42010530829429626 -0.18878968060016632 -0.026580441743135452
v 0.42327001690864563 -0.1732351928949356 -0.039609383791685104
v 0.4316864311695099 -0.16352063417434692 -0.04604063555598259
v 0.44098588824272156 -0.1449621021747589 -0.06121033802628517
v 0.43191176652908325 -0.15440817177295685 -0.05669229105114937
v 0.4652525782585144 -0.12524500489234924 -0.07843534648418427
v 0.4624236226081848 -0.14723022282123566 -0.06558084487915039
v 0.47894710302352905 -0.1309710443019867 -0.07645075023174286
v 0.4891020357608795 -0.12894600629806519 -0.06830466538667679
v 0.48712000250816345 -0.07524663209915161 -0.05853535979986191
v 0.4985489249229431 -0.06650862097740173 -0.05992240831255913
v 0.48547840118408203 -0.0992097407579422 -0.061005398631095886
v 0.47641506791114807 -0.12203604727983475 -0.011257059872150421
v 0.476759135723114 -0.12653835117816925 -0.008810877799987793
v 0.4712885618209839 -0.1341892033815384 -0.016536029055714607
v 0.4672321081161499 -0.14165045320987701 -0.024833565577864647
v 0.4822120666503906 -0.11715985834598541 -0.06023818254470825
v 0.5096569061279297 -0.03822828456759453 -0.0736064463853836
v 0.5082982778549194 -0.05480920895934105 -0.06723527610301971
v 0.24489247798919678 -0.024066461250185966 0.11542341113090515
v 0.24101360142230988 -0.03460942581295967 0.11472179740667343
v 0.23599925637245178 -0.05573732778429985 0.09661117196083069
v 0.2381170690059662 -0.044457048177719116 0.10840523988008499
v 0.23984958231449127 -0.05998986214399338 0.07891693711280823
v 0.2446751892566681 -0.06332568824291229 0.06623735278844833
v 0.25038424134254456 -0.0656745508313179 0.053523242473602295
v 0.2678658366203308 -0.055928729474544525 0.04869607463479042
v 0.2946301996707916 -0.12572982907295227 0.042802806943655014
v 0.29132792353630066 -0.14369620382785797 0.056691739708185196
v 0.2891558110713959 -0.16764244437217712 0.0646340399980545
v 0.2971557080745697 -0.12403886020183563 0.028423408046364784
v 0.3040923476219177 -0.0886114090681076 0.018310001119971275
v 0.3016252815723419 -0.10215765237808228 0.01524122804403305
v 0.2930448353290558 -0.02339060604572296 0.06274184584617615
v 0.2998712956905365 -0.020077651366591454 0.0608043372631073
v 0.3119959533214569 -0.03352203220129013 0.045011572539806366
v 0.3133394718170166 -0.047571633011102676 0.030585162341594696
v 0.3148033916950226 -0.05881943181157112 0.012578550726175308
v 0.30908069014549255 -0.07719831168651581 0.010749109089374542
v 0.2613798677921295 -0.062071751803159714 0.03627004474401474
v 0.26869288086891174 -0.04455919936299324 0.030862363055348396
v 0.2870391607284546 -0.02241681143641472 0.044417232275009155
v 0.2895927429199219 -0.019963987171649933 0.05520375445485115
v 0.2925759553909302 -0.016177821904420853 0.050158556550741196
v 0.3103547692298889 -0.2037094384431839 0.04267767444252968
v 0.3186076879501343 -0.2083054929971695 0.03415577858686447
v 0.32759973406791687 -0.21151487529277802 0.02542918734252453
v 0.34212779998779297 -0.21240201592445374 0.017641812562942505
v 0.3631349802017212 -0.21336908638477325 0.010200083255767822
v 0.37895041704177856 -0.21186688542366028 0.003518175333738327
v 0.3968813121318817 -0.20861680805683136 -0.005846850574016571
v 0.2910216748714447 -0.18595169484615326 0.06519602239131927
v 0.29944124817848206 -0.19487620890140533 0.05395013839006424
v 0.4058453142642975 -0.20182472467422485 -0.017533626407384872
v 0.41278818249702454 -0.19357872009277344 -0.026019316166639328
v 0.4139617085456848 -0.18215559422969818 -0.03707468882203102
v 0.42526865005493164 -0.1617511510848999 -0.05161241814494133
v 0.44550979137420654 -0.1325354278087616 -0.06911267340183258
v 0.4329031705856323 -0.1425943523645401 -0.06639066338539124
v 0.45175278186798096 -0.12812501192092896 -0.07823503017425537
v 0.46218743920326233 -0.1373874992132187 -0.07111325114965439
v 0.47393330931663513 -0.12859904766082764 -0.09186355024576187
v 0.486186683177948 -0.11904972791671753 -0.08492738753557205
v 0.4764181971549988 -0.07790853083133698 -0.05878058820962906
v 0.4835204780101776 -0.060967687517404556 -0.06199799105525017
v 0.47463473677635193 -0.11018989235162735 -0.056702494621276855
v 0.46891048550605774 -0.15621092915534973 -0.01872185431420803
v 0.4831641614437103 -0.1356530487537384 -0.016081249341368675
v 0.4644032418727875 -0.13709881901741028 -0.02911723218858242
v 0.46564027667045593 -0.14547964930534363 -0.031150957569479942
v 0.4836738109588623 -0.11920644342899323 -0.06214168667793274
v 0.4908464848995209 -0.05725788697600365 -0.06501807272434235
v 0.49971961975097656 -0.043167952448129654 -0.07089993357658386
v 0.24525414407253265 6.582054993486963e-06 0.11756127327680588
v 0.23162703216075897 -0.03182084858417511 0.12578241527080536
v 0.22773978114128113 -0.043847065418958664 0.11934135854244232
v 0.22228235006332397 -0.05248728767037392 0.11246799677610397
v 0.21796754002571106 -0.06469661742448807 0.10079801827669144
v 0.22345180809497833 -0.06942891329526901 0.08580289781093597
v 0.23041488230228424 -0.07167700678110123 0.07021887600421906
v 0.25683408975601196 -0.06679807603359222 0.045438725501298904
v 0.23519974946975708 -0.07596570998430252 0.0554630383849144
v 0.29403308033943176 -0.13570590317249298 0.047777239233255386
v 0.29295527935028076 -0.15812255442142487 0.053068142384290695
v 0.29932892322540283 -0.11985212564468384 0.014334991574287415
v 0.2973227798938751 -0.13672274351119995 0.035296350717544556
v 0.3056449890136719 -0.09452308714389801 0.0037337057292461395
v 0.30262961983680725 -0.11115942895412445 0.0026272758841514587
v 0.2897116541862488 -0.00802009366452694 0.06011766195297241
v 0.29408320784568787 -0.00889735296368599 0.06282880902290344
v 0.30797627568244934 -0.020574301481246948 0.05282669514417648
v 0.3164777457714081 -0.03404814004898071 0.030313115566968918
v 0.31851300597190857 -0.04427242651581764 0.014828687533736229
v 0.3125898838043213 -0.08825868368148804 -0.011458653956651688
v 0.31703150272369385 -0.06849725544452667 -0.0059230513870716095
v 0.24785396456718445 -0.06975093483924866 0.022571315988898277
v 0.25624194741249084 -0.05503498762845993 0.018240708857774734
v 0.277469664812088 -0.029017683118581772 0.029693162068724632
v 0.29103466868400574 -0.011835794895887375 0.04353100061416626
v 0.2909391522407532 -0.005548751447349787 0.04436768963932991
v 0.2914249002933502 -0.009631313383579254 0.04984795302152634
v 0.3046462833881378 -0.18246479332447052 0.036638256162405014
v 0.314677894115448 -0.19576898217201233 0.030278485268354416
v 0.32065051794052124 -0.20128412544727325 0.024189475923776627
v 0.3388497829437256 -0.2057691067457199 0.011695276945829391
v 0.3543931841850281 -0.21152275800704956 0.011029895395040512
v 0.3702886700630188 -0.20994660258293152 0.002969026565551758
v 0.38452795147895813 -0.20725950598716736 -0.005248326808214188
v 0.3941543996334076 -0.20002026855945587 -0.018903959542512894
v 0.2956521809101105 -0.175209641456604 0.051018282771110535
v 0.40521949529647827 -0.19213704764842987 -0.030116286128759384
v 0.4182419776916504 -0.1641259789466858 -0.05087955668568611
v 0.4069368243217468 -0.17923134565353394 -0.04026449844241142
v 0.4341042935848236 -0.12802240252494812 -0.07597547024488449
v 0.4244358539581299 -0.14034970104694366 -0.06941032409667969
v 0.424023300409317 -0.1524885892868042 -0.06066114827990532
v 0.4327734708786011 -0.12405775487422943 -0.08060639351606369
v 0.44185441732406616 -0.12511339783668518 -0.0804862454533577
v 0.4636932611465454 -0.1293325573205948 -0.08515917509794235
v 0.4857652187347412 -0.11306167393922806 -0.1015985831618309
v 0.4773651361465454 -0.12242252379655838 -0.10386340320110321
v 0.4873203635215759 -0.11022558808326721 -0.0718604326248169
v 0.47307178378105164 -0.08858539909124374 -0.05677766352891922
v 0.4666591286659241 -0.07303772866725922 -0.05313856899738312
v 0.479461133480072 -0.06188902258872986 -0.05914989486336708
v 0.46484997868537903 -0.09775201231241226 -0.05649907886981964
v 0.4737289249897003 -0.11056806892156601 -0.060125917196273804
v 0.4737742841243744 -0.14438745379447937 -0.01786416955292225
v 0.48497042059898376 -0.13444843888282776 -0.027278704568743706
v 0.47686323523521423 -0.050611287355422974 -0.05872487649321556
v 0.4819439649581909 -0.038921941071748734 -0.05975239351391792
v 0.23546621203422546 0.0 0.12768201529979706
v 0.213670015335083 -0.03975144401192665 0.1352102905511856
v 0.2100541591644287 -0.05060325935482979 0.12386002391576767
v 0.20788469910621643 -0.05962333083152771 0.1123848706483841
v 0.19959044456481934 -0.0728854238986969 0.10478898882865906
v 0.2099660336971283 -0.07868382334709167 0.09220032393932343
v 0.21599625051021576 -0.0829058513045311 0.07726612687110901
v 0.2437124252319336 -0.07358714193105698 0.04445497691631317
v 0.21889178454875946 -0.09010152518749237 0.04880789294838905
v 0.22325317561626434 -0.08247148990631104 0.06343086808919907
v 0.29582852125167847 -0.14762361347675323 0.043660685420036316
v 0.3023794889450073 -0.12753912806510925 0.0013222359120845795
v 0.29921284317970276 -0.13731220364570618 0.014869004487991333
v 0.3008221387863159 -0.14955207705497742 0.027005208656191826
v 0.3076425790786743 -0.11770777404308319 -0.011592600494623184
v 0.30771514773368835 -0.10450585186481476 -0.008605416864156723
v 0.2878410518169403 -0.00630898866802454 0.05407144874334335
v 0.3021470010280609 -0.009962322190403938 0.05728922039270401
v 0.3154711425304413 -0.021671991795301437 0.04005086049437523
v 0.3204091191291809 -0.03221083804965019 0.018332215026021004
v 0.32157179713249207 -0.05112206190824509 -0.002619929611682892
v 0.32238397002220154 -0.07797504961490631 -0.025855902582406998
v 0.32099801301956177 -0.09287972748279572 -0.02925250306725502
v 0.24711297452449799 -0.07429670542478561 0.033787067979574203
v 0.2382327765226364 -0.07447105646133423 0.014479704201221466
v 0.24782207608222961 -0.06359824538230896 0.011390960775315762
v 0.2676699459552765 -0.03881141543388367 0.01585562340915203
v 0.2842438817024231 -0.015945356339216232 0.03098469227552414
v 0.28798437118530273 -0.0049671512097120285 0.03428168594837189
v 0.287904292345047 -3.701518289744854e-05 0.03830931335687637
v 0.2985444664955139 -0.16346725821495056 0.038845159113407135
v 0.31178462505340576 -0.18202559649944305 0.02442236989736557
v 0.31959041953086853 -0.18980900943279266 0.018624022603034973
v 0.3291204869747162 -0.19766077399253845 0.010615222156047821
v 0.3497292101383209 -0.2062862664461136 0.0061411261558532715
v 0.36203980445861816 -0.20831367373466492 0.0035428516566753387
v 0.37720125913619995 -0.20695380866527557 -0.004177935421466827
v 0.3956291377544403 -0.1920226663351059 -0.027489256113767624
v 0.4118998944759369 -0.16640649735927582 -0.05054855719208717
v 0.39908090233802795 -0.18403008580207825 -0.03549980744719505
v 0.42457282543182373 -0.1270090639591217 -0.07743558287620544
v 0.417172908782959 -0.1507881134748459 -0.061663668602705
v 0.41875210404396057 -0.1373901218175888 -0.07089142501354218
v 0.42381080985069275 -0.11679144203662872 -0.08317004144191742
v 0.4306647777557373 -0.11590767651796341 -0.08496465533971786
v 0.4581923186779022 -0.13090839982032776 -0.10258281975984573
v 0.46745535731315613 -0.127640962600708 -0.10474206507205963
v 0.4939422309398651 -0.10490068793296814 -0.09134487807750702
v 0.48027485609054565 -0.12049263715744019 -0.11374810338020325
v 0.49007853865623474 -0.1116051971912384 -0.11687981337308884
v 0.4768736958503723 -0.1031913235783577 -0.0677025243639946
v 0.4557363986968994 -0.07885933667421341 -0.057138554751873016
v 0.45542144775390625 -0.07086808979511261 -0.05369281768798828
v 0.4699998199939728 -0.05775593966245651 -0.05508144944906235
v 0.4519721269607544 -0.09216510504484177 -0.057234324514865875
v 0.479470819234848 -0.14822351932525635 -0.03327912092208862
v 0.4592423141002655 -0.17181089520454407 -0.04268043488264084
v 0.46752026677131653 -0.16224366426467896 -0.03876630961894989
v 0.4659891128540039 -0.028577357530593872 -0.05129319801926613
v 0.4682975709438324 -0.04179012402892113 -0.052695658057928085
v 0.21718433499336243 -0.028456322848796844 0.1396755576133728
v 0.1975986361503601 -0.04895415157079697 0.139360710978508
v 0.19430072605609894 -0.05421842262148857 0.12982527911663055
v 0.18552187085151672 -0.07722058147192001 0.11070562154054642
v 0.18969427049160004 -0.0649186298251152 0.11307357251644135
v 0.2017051875591278 -0.09509751945734024 0.08631213009357452
v 0.20455995202064514 -0.09838539361953735 0.06994063407182693
v 0.2284325808286667 -0.08290237933397293 0.03755776956677437
v 0.30953437089920044 -0.13158364593982697 -0.01352175697684288
v 0.3052048981189728 -0.14083635807037354 -0.0005974136292934418
v 0.3061065375804901 -0.1507992148399353 0.011958200484514236
v 0.30668923258781433 -0.16622859239578247 0.022332752123475075
v 0.31484001874923706 -0.10713492333889008 -0.023831170052289963
v 0.3148465156555176 -0.12051017582416534 -0.023632418364286423
v 0.3120943009853363 -0.011849096044898033 0.045502956956624985
v 0.3207743763923645 -0.022563669830560684 0.02541075088083744
v 0.3233214318752289 -0.03997157886624336 0.004033628851175308
v 0.32518085837364197 -0.05839726701378822 -0.020764436572790146
v 0.23238417506217957 -0.07932420074939728 0.02243106998503208
v 0.22340692579746246 -0.07870747894048691 0.006856979336589575
v 0.23489461839199066 -0.06889769434928894 0.002453914377838373
v 0.2568710446357727 -0.05071629583835602 0.009203560650348663
v 0.26369142532348633 -0.04005420207977295 0.005173937883228064
v 0.27652743458747864 -0.023584935814142227 0.013966738246381283
v 0.2821072041988373 -0.009522143751382828 0.01887834630906582
v 0.2832079231739044 -7.603084668517113e-06 0.024674449115991592
v 0.3149197995662689 -0.17448420822620392 0.013211783021688461
v 0.3212895691394806 -0.1813158243894577 0.004638951271772385
v 0.34376034140586853 -0.1976262927055359 -0.0012451671063899994
v 0.357055127620697 -0.2007177323102951 -0.004412546753883362
v 0.36979445815086365 -0.20299407839775085 -0.0070609524846076965
v 0.3798169195652008 -0.20035751163959503 -0.013792131096124649
v 0.3859051465988159 -0.19027231633663177 -0.02673032507300377
v 0.4033691883087158 -0.17022636532783508 -0.04622807726264
v 0.3905074894428253 -0.1744944006204605 -0.04056226834654808
v 0.4173524081707001 -0.12615607678890228 -0.07619461417198181
v 0.4073101282119751 -0.15488483011722565 -0.05688811466097832
v 0.4126392900943756 -0.13887964189052582 -0.06723470985889435
v 0.42297446727752686 -0.11407004296779633 -0.0828985869884491
v 0.41539937257766724 -0.11179795861244202 -0.08606313169002533
v 0.43176817893981934 -0.1351347267627716 -0.06806721538305283
v 0.4261120855808258 -0.12050837278366089 -0.07552675902843475
v 0.4428742527961731 -0.13237863779067993 -0.07588410377502441
v 0.44540682435035706 -0.12928912043571472 -0.09111151844263077
v 0.4563104808330536 -0.13044589757919312 -0.11592741310596466
v 0.471289724111557 -0.12696324288845062 -0.11623190343379974
v 0.5006217956542969 -0.10301317274570465 -0.11699175089597702
v 0.48839426040649414 -0.11850831657648087 -0.12462874501943588
v 0.49806198477745056 -0.10942666977643967 -0.12594014406204224
v 0.4535059630870819 -0.10342390090227127 -0.06143686920404434
v 0.45515573024749756 -0.10684575140476227 -0.06606604903936386
v 0.4584159851074219 -0.05261268466711044 -0.051892735064029694
v 0.4383029043674469 -0.08937990665435791 -0.059842176735401154
v 0.4419173300266266 -0.0711575299501419 -0.060228995978832245
v 0.4560519754886627 -0.18564769625663757 -0.04935046285390854
v 0.4811730682849884 -0.18762633204460144 -0.05262880027294159
v 0.46197888255119324 -0.18580421805381775 -0.04401107132434845
v 0.4551970362663269 -0.029540229588747025 -0.05259236320853233
v 0.45784953236579895 -0.01907481998205185 -0.04810142144560814
v 0.1815258413553238 -0.05101978778839111 0.15127024054527283
v 0.1819450557231903 -0.061766158789396286 0.14103913307189941
v 0.19707682728767395 -0.05741957575082779 0.12090364098548889
v 0.17488956451416016 -0.07163462042808533 0.12042899429798126
v 0.17782284319400787 -0.08406773954629898 0.11334393918514252
v 0.18943405151367188 -0.10469122231006622 0.09221283346414566
v 0.1939019113779068 -0.10822740942239761 0.07423732429742813
v 0.2118663191795349 -0.09460996091365814 0.06145049259066582
v 0.21101784706115723 -0.09543143957853317 0.035868290811777115
v 0.21660476922988892 -0.0876612663269043 0.024546261876821518
v 0.31371158361434937 -0.14499995112419128 -0.013052675873041153
v 0.3196190893650055 -0.13191089034080505 -0.026907052844762802
v 0.3105734586715698 -0.1543409824371338 -0.0014397501945495605
v 0.3115772604942322 -0.16187307238578796 0.009459629654884338
v 0.323601633310318 -0.11651238799095154 -0.036364760249853134
v 0.32578080892562866 -0.1026698499917984 -0.03859155997633934
v 0.31947940587997437 -0.011286359280347824 0.03412484750151634
v 0.325460284948349 -0.02403877303004265 0.010477416217327118
v 0.32831352949142456 -0.043567828834056854 -0.015902239829301834
v 0.33030396699905396 -0.08750969171524048 -0.042787741869688034
v 0.33281129598617554 -0.06832115352153778 -0.039548251777887344
v 0.21345223486423492 -0.08738775551319122 0.014492424204945564
v 0.2083866149187088 -0.08429516106843948 -0.0006934875855222344
v 0.22113361954689026 -0.0729709342122078 -0.00523633137345314
v 0.24843762814998627 -0.05631634220480919 0.001230496447533369
v 0.2522537410259247 -0.045237913727760315 -0.006249356083571911
v 0.2682209610939026 -0.02803337201476097 -8.602050365880132e-05
v 0.2781508266925812 -0.01407209038734436 0.005240036640316248
v 0.2805001437664032 -3.6743003875017166e-06 0.007486499845981598
v 0.31466060876846313 -0.16561923921108246 0.0002580322325229645
v 0.33226102590560913 -0.18667496740818024 -0.002494402229785919
v 0.352499783039093 -0.19175654649734497 -0.01170564815402031
v 0.3634909391403198 -0.1930265724658966 -0.01548725739121437
v 0.3748520314693451 -0.1927579641342163 -0.02005968615412712
v 0.3785846531391144 -0.17898023128509521 -0.033852335065603256
v 0.39783111214637756 -0.16004914045333862 -0.05295335873961449
v 0.38623592257499695 -0.16311588883399963 -0.048282649368047714
v 0.4120137095451355 -0.12491680681705475 -0.0769345611333847
v 0.40265095233917236 -0.14723743498325348 -0.06129990145564079
v 0.40473803877830505 -0.13432596623897552 -0.06972359120845795
v 0.42170408368110657 -0.12099151313304901 -0.0735730454325676
v 0.4092756509780884 -0.11696894466876984 -0.0836755633354187
v 0.421623170375824 -0.12211305648088455 -0.06756403297185898
v 0.429348886013031 -0.12974897027015686 -0.07356596738100052
v 0.4396730065345764 -0.12725552916526794 -0.11352376639842987
v 0.4755857288837433 -0.12827619910240173 -0.1269918978214264
v 0.4620208442211151 -0.13456279039382935 -0.1301349699497223
v 0.5065599679946899 -0.10681875050067902 -0.13141749799251556
v 0.4865473508834839 -0.1272813081741333 -0.13784003257751465
v 0.5000928640365601 -0.11726149916648865 -0.13675105571746826
v 0.4861863851547241 -0.10507117956876755 -0.0916401669383049
v 0.460883229970932 -0.10883952677249908 -0.08343712240457535
v 0.43706199526786804 -0.11520256102085114 -0.06608818471431732
v 0.43554985523223877 -0.10627441853284836 -0.05970674008131027
v 0.4443831443786621 -0.04895006865262985 -0.05739348381757736
v 0.43057650327682495 -0.09269116073846817 -0.06285584717988968
v 0.4332559406757355 -0.06885682046413422 -0.06725987792015076
v 0.46984103322029114 -0.20557105541229248 -0.039467670023441315
v 0.42904457449913025 -0.1962885558605194 -0.04794738441705704
v 0.4546946585178375 -0.20380878448486328 -0.03806503862142563
v 0.44909024238586426 -0.02399008348584175 -0.05754310265183449
v 0.4537236988544464 -0.017374485731124878 -0.051277484744787216
v 0.2052593231201172 -0.027987314388155937 0.14792370796203613
v 0.205423042178154 -0.03617065027356148 0.143826425075531
v 0.19016028940677643 -0.03716496378183365 0.15399368107318878
v 0.16913746297359467 -0.05720313638448715 0.15610629320144653
v 0.1650094836950302 -0.06584715098142624 0.1463436484336853
v 0.1825166493654251 -0.06394493579864502 0.12727265059947968
v 0.18918991088867188 -0.09058450907468796 0.10369399935007095
v 0.16660189628601074 -0.06855862587690353 0.12359903752803802
v 0.1680423468351364 -0.09207900613546371 0.11810335516929626
v 0.17826005816459656 -0.09754236787557602 0.10864552855491638
v 0.17097388207912445 -0.11145289242267609 0.0993824303150177
v 0.1823073923587799 -0.11298788338899612 0.08231382071971893
v 0.198232963681221 -0.10754337161779404 0.0605141744017601
v 0.19526003301143646 -0.10761839896440506 0.03244036063551903
v 0.20340144634246826 -0.09693749994039536 0.019928082823753357
v 0.20420989394187927 -0.10265430063009262 0.0469144843518734
v 0.32370704412460327 -0.14819882810115814 -0.02243025228381157
v 0.3183571994304657 -0.15842947363853455 -0.01010555773973465
v 0.32954883575439453 -0.1274809092283249 -0.039166081696748734
v 0.33647769689559937 -0.10052932798862457 -0.05135159566998482
v 0.3323636054992676 -0.10973888635635376 -0.04685236141085625
v 0.3265247941017151 -0.013435911387205124 0.016468074172735214
v 0.32997384667396545 -0.029698390513658524 -0.008303463459014893
v 0.333723783493042 -0.04742373526096344 -0.031961362808942795
v 0.34056881070137024 -0.09034378826618195 -0.05519665405154228
v 0.3408691883087158 -0.07589328289031982 -0.05419876053929329
v 0.20074434578418732 -0.09531296044588089 0.009431612677872181
v 0.19605252146720886 -0.08489054441452026 -0.008445767685770988
v 0.20964452624320984 -0.07534907013177872 -0.009719252586364746
v 0.23270495235919952 -0.061141595244407654 -0.009555701166391373
v 0.23774529993534088 -0.04756733030080795 -0.015152237378060818
v 0.2534065842628479 -0.030853768810629845 -0.010897480882704258
v 0.2664679288864136 -0.01648217998445034 -0.006176745053380728
v 0.27776145935058594 -0.005813784897327423 -0.0010544790420681238
v 0.3244401514530182 -0.17265558242797852 -0.006507501006126404
v 0.34240272641181946 -0.18602345883846283 -0.011127818375825882
v 0.35881251096725464 -0.1847672015428543 -0.0212523452937603
v 0.3670593500137329 -0.18358628451824188 -0.025983694940805435
v 0.3682563304901123 -0.17484432458877563 -0.03353990986943245
v 0.39339202642440796 -0.15185247361660004 -0.05779137834906578
v 0.3746251165866852 -0.16400638222694397 -0.04501570388674736
v 0.40626952052116394 -0.12479305267333984 -0.07712699472904205
v 0.3935542106628418 -0.13866019248962402 -0.06656715273857117
v 0.3996363580226898 -0.1278415322303772 -0.07414034008979797
v 0.402423232793808 -0.1212964653968811 -0.08005250990390778
v 0.41098248958587646 -0.10908570885658264 -0.08985097706317902
v 0.41970527172088623 -0.11000458151102066 -0.08539161831140518
v 0.4247429072856903 -0.12711435556411743 -0.07535676658153534
v 0.4345824420452118 -0.12533354759216309 -0.09239089488983154
v 0.4465826749801636 -0.13505151867866516 -0.13566505908966064
v 0.45695385336875916 -0.14212583005428314 -0.1522551029920578
v 0.4707633852958679 -0.1379753053188324 -0.14352281391620636
v 0.508649468421936 -0.10327934473752975 -0.12430766969919205
v 0.5053611397743225 -0.10275764018297195 -0.10975101590156555
v 0.5085726976394653 -0.11215469241142273 -0.1393790990114212
v 0.4832305610179901 -0.13726790249347687 -0.1525348573923111
v 0.4968530833721161 -0.12917163968086243 -0.14901645481586456
v 0.4913521409034729 -0.10278225690126419 -0.10627991706132889
v 0.4705753028392792 -0.10226180404424667 -0.11111138015985489
v 0.43769997358322144 -0.11299668997526169 -0.09010520577430725
v 0.43753108382225037 -0.11627502739429474 -0.07506038248538971
v 0.4219672679901123 -0.1213684231042862 -0.0643775463104248
v 0.4264802634716034 -0.10815882682800293 -0.06131412088871002
v 0.4331655204296112 -0.040953703224658966 -0.07311694324016571
v 0.4232463538646698 -0.09684710949659348 -0.07229772955179214
v 0.4269484877586365 -0.06511928141117096 -0.07970170676708221
v 0.4601113498210907 -0.1983296275138855 -0.029438672587275505
v 0.43820419907569885 -0.19529053568840027 -0.046742185950279236
v 0.43331143260002136 -0.1970556676387787 -0.04239311069250107
v 0.4523146152496338 -0.008876172825694084 -0.049957629293203354
v 0.44032108783721924 -0.027549874037504196 -0.06510800123214722
v 0.44661998748779297 -0.010841889306902885 -0.0563909076154232
v 0.19076071679592133 -0.024681761860847473 0.1554645597934723
v 0.16840794682502747 -0.04156235232949257 0.1623004674911499
v 0.15429311990737915 -0.06375038623809814 0.1587243527173996
v 0.1516820639371872 -0.0750146433711052 0.15085706114768982
v 0.16677159070968628 -0.06910274177789688 0.13232091069221497
v 0.16037069261074066 -0.07184725254774094 0.13663405179977417
v 0.15717147290706635 -0.08748748898506165 0.13019324839115143
v 0.15478000044822693 -0.10672957450151443 0.12270402908325195
v 0.1661040037870407 -0.10530775785446167 0.11158086359500885
v 0.15674127638339996 -0.11807441711425781 0.0996335968375206
v 0.1692747324705124 -0.11700329929590225 0.08234896510839462
v 0.18195423483848572 -0.11583738029003143 0.06367401778697968
v 0.18177886307239532 -0.11446625739336014 0.026958756148815155
v 0.19077496230602264 -0.10565431416034698 0.012509450316429138
v 0.18842285871505737 -0.11392275989055634 0.04604845121502876
v 0.3295964300632477 -0.16512617468833923 -0.01689104363322258
v 0.3311670422554016 -0.13800300657749176 -0.035317715257406235
v 0.33548468351364136 -0.11976729333400726 -0.04783770069479942
v 0.34680280089378357 -0.0977458655834198 -0.06253743171691895
v 0.3446206748485565 -0.11035293340682983 -0.059089045971632004
v 0.3304656147956848 -0.01816447637975216 0.0007814653217792511
v 0.335816890001297 -0.031104225665330887 -0.026383277028799057
v 0.34313997626304626 -0.056869570165872574 -0.052496399730443954
v 0.35238882899284363 -0.0671020895242691 -0.0674172192811966
v 0.3495633006095886 -0.0857134461402893 -0.06506618857383728
v 0.19463612139225006 -0.09427142143249512 6.353482604026794e-05
v 0.1865142583847046 -0.0812378078699112 -0.013859840109944344
v 0.19400446116924286 -0.0737973004579544 -0.013707764446735382
v 0.22110426425933838 -0.06641820073127747 -0.01091117411851883
v 0.22265125811100006 -0.05765613913536072 -0.017943689599633217
v 0.2371983826160431 -0.03347063437104225 -0.02039274200797081
v 0.22159408032894135 -0.04622144624590874 -0.01686614379286766
v 0.2533547580242157 -0.020031502470374107 -0.015265642665326595
v 0.3339472711086273 -0.17739373445510864 -0.011243008077144623
v 0.3495769500732422 -0.1824503391981125 -0.018462199717760086
v 0.3619079887866974 -0.1774526983499527 -0.029071789234876633
v 0.3852802813053131 -0.1514500230550766 -0.05671585723757744
v 0.3667013645172119 -0.15591810643672943 -0.04826446250081062
v 0.36104702949523926 -0.16763070225715637 -0.037210863083601
v 0.3847827613353729 -0.13876090943813324 -0.0666237622499466
v 0.3941323757171631 -0.12407524883747101 -0.07837089896202087
v 0.4171847403049469 -0.12972572445869446 -0.06429918855428696
v 0.40226948261260986 -0.11633533239364624 -0.08504737913608551
v 0.41736358404159546 -0.11064077913761139 -0.08955664187669754
v 0.4180533289909363 -0.12312766909599304 -0.07541923969984055
v 0.41766679286956787 -0.1328302025794983 -0.07481835782527924
v 0.42113807797431946 -0.1259467601776123 -0.08701078593730927
v 0.4382028579711914 -0.1306903064250946 -0.12789030373096466
v 0.43317845463752747 -0.12397177517414093 -0.11009638011455536
v 0.4470396339893341 -0.141933411359787 -0.15937106311321259
v 0.46666160225868225 -0.14484649896621704 -0.16024091839790344
v 0.4507625699043274 -0.14672815799713135 -0.17206977307796478
v 0.5108152627944946 -0.10502475500106812 -0.13436739146709442
v 0.5072678923606873 -0.12065140902996063 -0.14884740114212036
v 0.4779035151004791 -0.1450844705104828 -0.16589801013469696
v 0.4922708570957184 -0.13942663371562958 -0.15888391435146332
v 0.507733941078186 -0.1015840619802475 -0.12237034738063812
v 0.44349855184555054 -0.10878323018550873 -0.10818289965391159
v 0.4308446943759918 -0.11631932854652405 -0.10052235424518585
v 0.424898624420166 -0.12021465599536896 -0.0825653076171875
v 0.41532430052757263 -0.12302103638648987 -0.0650300532579422
v 0.4212439954280853 -0.10909844189882278 -0.06514839828014374
v 0.421718955039978 -0.12561313807964325 -0.07331088185310364
v 0.42768624424934387 -0.04445289820432663 -0.08333326876163483
v 0.4196062684059143 -0.09916666150093079 -0.08172225207090378
v 0.42219895124435425 -0.07290943711996078 -0.08909016102552414
v 0.4814741313457489 -0.19266405701637268 -0.0623636394739151
v 0.4507305920124054 -0.20460504293441772 -0.04425116628408432
v 0.45118460059165955 -0.1923448145389557 -0.030074862763285637
v 0.4502401053905487 -0.007361851632595062 -0.0512048564851284
v 0.4377163052558899 -0.020838813856244087 -0.06762184202671051
v 0.4319397211074829 -0.03574458882212639 -0.07718698680400848
v 0.16394251585006714 0.0 0.1667240858078003
v 0.17247629165649414 -0.02648688480257988 0.16276192665100098
v 0.15554414689540863 -0.049043890088796616 0.1670774668455124
v 0.1458253264427185 -0.08738259226083755 0.14421764016151428
v 0.1420321762561798 -0.11591722071170807 0.12690883874893188
v 0.14066505432128906 -0.10294351726770401 0.13760614395141602
v 0.15430833399295807 -0.1152835264801979 0.11113503575325012
v 0.15235742926597595 -0.11746231466531754 0.080219566822052
v 0.14149989187717438 -0.11858579516410828 0.1004641205072403
v 0.16669334471225739 -0.11786628514528275 0.06629438698291779
v 0.17254909873008728 -0.11862863600254059 0.0478539764881134
v 0.17983897030353546 -0.11157745122909546 0.01042172685265541
v 0.18298351764678955 -0.10270918160676956 -0.0013198480010032654
v 0.3358429968357086 -0.15618960559368134 -0.028733890503644943
v 0.3393397629261017 -0.13121946156024933 -0.04613729938864708
v 0.34822240471839905 -0.12589998543262482 -0.0561361126601696
v 0.35849955677986145 -0.0926874428987503 -0.07383456826210022
v 0.3564826548099518 -0.10250112414360046 -0.07108880579471588
v 0.3351273238658905 -0.01732581853866577 -0.015180859714746475
v 0.34207940101623535 -0.03547966107726097 -0.04283314570784569
v 0.3528464436531067 -0.05204560607671738 -0.06533877551555634
v 0.36568939685821533 -0.06642618775367737 -0.08103330433368683
v 0.36164936423301697 -0.08040139079093933 -0.0769958645105362
v 0.18762457370758057 -0.09143224358558655 -0.008111074566841125
v 0.17768263816833496 -0.08708945661783218 0.028300907462835312
v 0.1761029213666916 -0.09449348598718643 0.01723470911383629
v 0.21280953288078308 -0.06776076555252075 0.017078496515750885
v 0.20917673408985138 -0.06016425043344498 0.02953462302684784
v 0.23641982674598694 -0.022973284125328064 -0.023399198427796364
v 0.21837124228477478 -0.034455567598342896 -0.024433229118585587
v 0.20630183815956116 -0.04790712893009186 0.023803023621439934
v 0.2650836110115051 -0.009839902631938457 -0.01061508059501648
v 0.34140074253082275 -0.17397253215312958 -0.020243581384420395
v 0.3540346920490265 -0.17563864588737488 -0.027294132858514786
v 0.37519747018814087 -0.14952470362186432 -0.05586802586913109
v 0.3564430773258209 -0.15397879481315613 -0.04484200105071068
v 0.3643711507320404 -0.14462363719940186 -0.05534834787249565
v 0.38537877798080444 -0.12594665586948395 -0.07713653147220612
v 0.39544519782066345 -0.11660712957382202 -0.08657144010066986
v 0.4050094783306122 -0.10878627002239227 -0.09387089312076569
v 0.41585537791252136 -0.12563514709472656 -0.0819825530052185
v 0.4107726812362671 -0.13339439034461975 -0.07102764397859573
v 0.41512593626976013 -0.13169819116592407 -0.07368899881839752
v 0.43642351031303406 -0.11995387822389603 -0.12777253985404968
v 0.45052453875541687 -0.1445404589176178 -0.17363692820072174
v 0.4408634603023529 -0.13397090137004852 -0.14431612193584442
v 0.45470553636550903 -0.1522355079650879 -0.18470020592212677
v 0.46223336458206177 -0.15198668837547302 -0.17393077909946442
v 0.5109091997146606 -0.11364307999610901 -0.14661355316638947
v 0.5064257383346558 -0.1033773273229599 -0.13195674121379852
v 0.5022165775299072 -0.13118764758110046 -0.15441201627254486
v 0.48551878333091736 -0.14482778310775757 -0.17033864557743073
v 0.4716777503490448 -0.14968182146549225 -0.17532990872859955
v 0.49490776658058167 -0.10104962438344955 -0.12225931137800217
v 0.4527229368686676 -0.10943499952554703 -0.14073939621448517
v 0.4831530749797821 -0.1001148447394371 -0.13565537333488464
v 0.4123227298259735 -0.13220994174480438 -0.06874175369739532
v 0.4126708209514618 -0.12789341807365417 -0.07193483412265778
v 0.4152153730392456 -0.11407243460416794 -0.07312625646591187
v 0.423476904630661 -0.05309639126062393 -0.09148989617824554
v 0.42553266882896423 -0.04335013031959534 -0.08834971487522125
v 0.4158024787902832 -0.09012367576360703 -0.09316049516201019
v 0.4170510768890381 -0.07020120322704315 -0.09751676023006439
v 0.47409406304359436 -0.1969156265258789 -0.04638047516345978
v 0.4600960910320282 -0.204083651304245 -0.038315750658512115
v 0.4596730172634125 -0.19155877828598022 -0.03675970435142517
v 0.42613741755485535 -0.03451627865433693 -0.08502201735973358
v 0.42810171842575073 -0.022067198529839516 -0.07958422601222992
v 0.14586620032787323 0.0 0.17207138240337372
v 0.15244516730308533 -0.029143888503313065 0.1703004539012909
v 0.13970716297626495 -0.07250924408435822 0.1619151085615158
v 0.1405300348997116 -0.058136358857154846 0.16959917545318604
v 0.1368611752986908 -0.08287078142166138 0.15861181914806366
v 0.12868350744247437 -0.0983491912484169 0.15129899978637695
v 0.14031879603862762 -0.11981354653835297 0.1132703348994255
v 0.12405311316251755 -0.11945776641368866 0.12675704061985016
v 0.12063244730234146 -0.11036238074302673 0.14395536482334137
v 0.15905414521694183 -0.11756661534309387 0.05914010852575302
v 0.13827942311763763 -0.11448037624359131 0.0758279338479042
v 0.129547581076622 -0.11580971628427505 0.09422767907381058
v 0.163016676902771 -0.11764964461326599 0.045444611459970474
v 0.16708821058273315 -0.11675996333360672 0.02926500141620636
v 0.16258493065834045 -0.10828052461147308 0.00071001797914505
v 0.17325928807258606 -0.1043453961610794 -0.003796171396970749
v 0.3438428044319153 -0.14634938538074493 -0.04128928855061531
v 0.35740500688552856 -0.11631980538368225 -0.06697872281074524
v 0.36987388134002686 -0.08629930019378662 -0.08431555330753326
v 0.36680328845977783 -0.09674160182476044 -0.08031485974788666
v 0.343057781457901 -0.017160549759864807 -0.03645597770810127
v 0.351276695728302 -0.04143274948000908 -0.060047876089811325
v 0.36317625641822815 -0.05254116281867027 -0.07753805816173553
v 0.37301120162010193 -0.07339638471603394 -0.0882333517074585
v 0.3759767711162567 -0.05457036569714546 -0.09082379937171936
v 0.175972118973732 -0.09620426595211029 -0.010363621637225151
v 0.1868436634540558 -0.07135522365570068 0.03566834703087807
v 0.1636512279510498 -0.08466518670320511 0.014369085431098938
v 0.16959935426712036 -0.07429549843072891 0.022233251482248306
v 0.19236263632774353 -0.06036406382918358 0.043571364134550095
v 0.22465240955352783 -0.017403241246938705 -0.028486397117376328
v 0.2447347640991211 -0.011335010640323162 -0.02126518450677395
v 0.20010657608509064 -0.035870783030986786 0.0016753990203142166
v 0.18760523200035095 -0.048097021877765656 0.03837338835000992
v 0.3493303060531616 -0.16284818947315216 -0.03429844602942467
v 0.37407398223876953 -0.13689155876636505 -0.0656619668006897
v 0.36126449704170227 -0.1302235871553421 -0.06297801434993744
v 0.3523860275745392 -0.13785548508167267 -0.052674245089292526
v 0.38439759612083435 -0.1146162897348404 -0.08415807783603668
v 0.3956752419471741 -0.10695628821849823 -0.09316939115524292
v 0.40801551938056946 -0.13769474625587463 -0.06732800602912903
v 0.4042607545852661 -0.10266254842281342 -0.09744231402873993
v 0.4123818278312683 -0.10720627009868622 -0.09452109038829803
v 0.4151960611343384 -0.12449121475219727 -0.08152028918266296
v 0.44281235337257385 -0.1252814382314682 -0.14903299510478973
v 0.4488759934902191 -0.13952040672302246 -0.17023175954818726
v 0.4543440341949463 -0.14862361550331116 -0.1876264065504074
v 0.45501652359962463 -0.1522688865661621 -0.19589723646640778
v 0.4609777629375458 -0.1540060192346573 -0.18682517111301422
v 0.5114967823028564 -0.12494564056396484 -0.15718838572502136
v 0.5078918933868408 -0.10926483571529388 -0.14040766656398773
v 0.5021659135818481 -0.13836246728897095 -0.16720272600650787
v 0.475995272397995 -0.1497037708759308 -0.18641026318073273
v 0.4896644651889801 -0.1404772847890854 -0.18051902949810028
v 0.5016620755195618 -0.10615169256925583 -0.13925790786743164
v 0.4941597878932953 -0.1092330813407898 -0.15471844375133514
v 0.46834561228752136 -0.11301295459270477 -0.15920180082321167
v 0.4161341190338135 -0.11110609024763107 -0.08514934778213501
v 0.4158400595188141 -0.06322351098060608 -0.10005651414394379
v 0.4192672371864319 -0.05044941604137421 -0.09590382874011993
v 0.41357773542404175 -0.08368401229381561 -0.10049547255039215
v 0.4122976064682007 -0.07435871660709381 -0.1027844101190567
v 0.48407796025276184 -0.20715868473052979 -0.03899846225976944
v 0.4732302725315094 -0.2052481770515442 -0.036934830248355865
v 0.46770521998405457 -0.2150355875492096 -0.028360789641737938
v 0.4124080538749695 -0.015621522441506386 -0.09252564609050751
v 0.4183550477027893 -0.03649504855275154 -0.09344260394573212
v 0.1343647837638855 -0.03619762137532234 0.17359723150730133
v 0.13336491584777832 -0.022820625454187393 0.1740908920764923
v 0.142734095454216 -0.044964633882045746 0.17188683152198792
v 0.12803508341312408 -0.05087306722998619 0.17600847780704498
v 0.12969113886356354 -0.08005239069461823 0.16791582107543945
v 0.12311415374279022 -0.08996354788541794 0.1640302985906601
v 0.11339191347360611 -0.10138638317584991 0.15802837908267975
v 0.1257951855659485 -0.11994820833206177 0.11121051013469696
v 0.10350216925144196 -0.12030266225337982 0.13988779485225677
v 0.1067783534526825 -0.12186591327190399 0.1244317814707756
v 0.14694900810718536 -0.11558812856674194 0.06530696153640747
v 0.12695612013339996 -0.11110266298055649 0.07628059387207031
v 0.11379580944776535 -0.1114126592874527 0.09065309166908264
v 0.14788229763507843 -0.11182336509227753 0.0320008210837841
v 0.15157489478588104 -0.11534373462200165 0.049140311777591705
v 0.15220589935779572 -0.1098518893122673 0.01613297127187252
v 0.16442273557186127 -0.09779521822929382 -0.012141389772295952
v 0.15132836997509003 -0.09636475890874863 -0.011842288076877594
v 0.3712252378463745 -0.10589027404785156 -0.0801333636045456
v 0.3823603093624115 -0.0826360434293747 -0.09427371621131897
v 0.37809085845947266 -0.09387989342212677 -0.08896186947822571
v 0.34530287981033325 -0.003295588307082653 -0.037169087678194046
v 0.3529449701309204 -0.02210749126970768 -0.057292599231004715
v 0.3594171404838562 -0.042281877249479294 -0.07172882556915283
v 0.38812288641929626 -0.05156500265002251 -0.09978608787059784
v 0.3858713209629059 -0.06523501873016357 -0.09791795909404755
v 0.16117358207702637 -0.09703315049409866 0.007027003914117813
v 0.1690252721309662 -0.06470362842082977 0.0221329964697361
v 0.17636993527412415 -0.05672985687851906 0.032508909702301025
v 0.20353850722312927 -0.024304796010255814 -0.01715049147605896
v 0.2283630520105362 0.0 -0.02791377156972885
v 0.18325474858283997 -0.029825977981090546 0.02427627518773079
v 0.17124617099761963 -0.03968330845236778 0.029237207025289536
v 0.3723953664302826 -0.1234937459230423 -0.07382091879844666
v 0.38804301619529724 -0.10137048363685608 -0.09264673292636871
v 0.39922061562538147 -0.09840840101242065 -0.09887602925300598
v 0.407269150018692 -0.09682002663612366 -0.10033001005649567
v 0.4136550724506378 -0.09242375195026398 -0.09992901980876923
v 0.4540261924266815 -0.12365575134754181 -0.16650249063968658
v 0.4626123011112213 -0.14074523746967316 -0.19070081412792206
v 0.4606482684612274 -0.14044733345508575 -0.2042434960603714
v 0.4602036476135254 -0.1413308084011078 -0.2031889110803604
v 0.4650912582874298 -0.1506766974925995 -0.19782592356204987
v 0.5120343565940857 -0.11644381284713745 -0.15081661939620972
v 0.4918156862258911 -0.1361386924982071 -0.19075097143650055
v 0.48058685660362244 -0.14572612941265106 -0.19550128281116486
v 0.5051368474960327 -0.11804008483886719 -0.15649248659610748
v 0.4991622865200043 -0.12143521010875702 -0.17267103493213654
v 0.48088333010673523 -0.11936505138874054 -0.17758722603321075
v 0.4102352559566498 -0.06471458077430725 -0.10426978766918182
v 0.411100834608078 -0.05026483163237572 -0.10270215570926666
v 0.40528497099876404 -0.08692091703414917 -0.1036379486322403
v 0.40493452548980713 -0.06968635320663452 -0.10575646162033081
v 0.47604838013648987 -0.24672868847846985 -0.030023904517292976
v 0.4883408844470978 -0.2341088354587555 -0.03671266883611679
v 0.47660550475120544 -0.23809966444969177 -0.019615238532423973
v 0.4964810311794281 -0.23453789949417114 -0.035872623324394226
v 0.4119958281517029 -0.006421264261007309 -0.08957330882549286
v 0.40923362970352173 -0.03130523860454559 -0.09855705499649048
v 0.4038502871990204 -0.01647385023534298 -0.09715385735034943
v 0.11979762464761734 -0.03620646521449089 0.17707690596580505
v 0.12145577371120453 -0.019824383780360222 0.17676563560962677
v 0.12933295965194702 -0.06677720695734024 0.17701150476932526
v 0.1333707720041275 -0.07184776663780212 0.16985854506492615
v 0.12625552713871002 -0.07687902450561523 0.17674292623996735
v 0.11956354975700378 -0.08417338132858276 0.1742577850818634
v 0.1129109337925911 -0.09257818013429642 0.16695448756217957
v 0.10134781897068024 -0.10964688658714294 0.15370580554008484
v 0.11140639334917068 -0.1171814352273941 0.10756976157426834
v 0.09050814062356949 -0.12072067707777023 0.13309615850448608
v 0.09461373835802078 -0.11819025874137878 0.11707428842782974
v 0.13775379955768585 -0.11252999305725098 0.06278789043426514
v 0.10242148488759995 -0.10556022077798843 0.08572207391262054
v 0.1139618530869484 -0.10516039282083511 0.07279414683580399
v 0.14260561764240265 -0.10709801316261292 0.018422240391373634
v 0.13589584827423096 -0.1102183610200882 0.04591984674334526
v 0.1345554143190384 -0.10653969645500183 0.02932085655629635
v 0.14470842480659485 -0.1035240888595581 0.0027157848235219717
v 0.14167894423007965 -0.0858001708984375 -0.01793549954891205
v 0.14974252879619598 -0.09256304800510406 -0.008027192205190659
v 0.3963708281517029 -0.07536086440086365 -0.10336489975452423
v 0.3927578926086426 -0.09053085744380951 -0.0989689975976944
v 0.361239492893219 -0.028565071523189545 -0.07220466434955597
v 0.36988815665245056 -0.0388394258916378 -0.08340702950954437
v 0.3966129720211029 -0.04267248883843422 -0.1036500632762909
v 0.39730361104011536 -0.05716783180832863 -0.1052631288766861
v 0.3834511935710907 -0.03436386585235596 -0.09643937647342682
v 0.15738455951213837 -0.07067917287349701 0.0022242777049541473
v 0.16191302239894867 -0.06632696837186813 0.013201732188463211
v 0.16653740406036377 -0.05552911013364792 0.015664074569940567
v 0.16186997294425964 -0.06100929528474808 0.008441634476184845
v 0.19042912125587463 -0.01630270481109619 0.008208043873310089
v 0.20063385367393494 0.0 -0.03003445640206337
v 0.20682010054588318 -0.012146071530878544 -0.026084396988153458
v 0.16762994229793549 -0.025835668668150902 0.025921355932950974
v 0.16649247705936432 -0.04233626276254654 0.015507061034440994
v 0.466560035943985 -0.12432356178760529 -0.17939041554927826
v 0.4792344868183136 -0.1413467973470688 -0.20250721275806427
v 0.46301332116127014 -0.13178203999996185 -0.20886339247226715
v 0.4620356857776642 -0.14207346737384796 -0.2020701915025711
v 0.4632839858531952 -0.12855832278728485 -0.2066279798746109
v 0.5097715854644775 -0.13215239346027374 -0.16720502078533173
v 0.49845096468925476 -0.13224153220653534 -0.18426097929477692
v 0.49330857396125793 -0.13113254308700562 -0.1965205818414688
v 0.4723178744316101 -0.1451880931854248 -0.19504155218601227
v 0.48990151286125183 -0.14337344467639923 -0.1979174166917801
v 0.5015413761138916 -0.12808850407600403 -0.18378804624080658
v 0.4878423810005188 -0.1237434595823288 -0.18837149441242218
v 0.4034265875816345 -0.043862394988536835 -0.10342495143413544
v 0.40522199869155884 -0.05770305171608925 -0.1047319620847702
v 0.5015462636947632 -0.2665966749191284 -0.0343032106757164
v 0.48767098784446716 -0.2664177417755127 -0.03084978275001049
v 0.4810090959072113 -0.2646521031856537 -0.025507284328341484
v 0.4946010410785675 -0.26538515090942383 -0.021160705015063286
v 0.4035373330116272 -0.005664685741066933 -0.09521367400884628
v 0.40059348940849304 -0.030963581055402756 -0.10111598670482635
v 0.3961263597011566 -0.02064242586493492 -0.09931892156600952
v 0.11192693561315536 -0.05268152058124542 0.17867065966129303
v 0.10719073563814163 -0.023294903337955475 0.17844383418560028
v 0.10459750890731812 -0.04384874552488327 0.17892242968082428
v 0.12068844586610794 -0.07573011517524719 0.18531367182731628
v 0.1154501661658287 -0.0651894062757492 0.1804943084716797
v 0.1174612045288086 -0.08147095888853073 0.18470463156700134
v 0.10881032794713974 -0.08637160062789917 0.175576314330101
v 0.10185538977384567 -0.09598849713802338 0.16455629467964172
v 0.08933983743190765 -0.11678346991539001 0.14394617080688477
v 0.09881482273340225 -0.11224327981472015 0.1028972864151001
v 0.07621795684099197 -0.11077187210321426 0.12330940365791321
v 0.08383341133594513 -0.11049343645572662 0.10972568392753601
v 0.1251460164785385 -0.107396200299263 0.05933552607893944
v 0.09228099137544632 -0.10054335743188858 0.08203744143247604
v 0.10356450080871582 -0.09987898916006088 0.07026483863592148
v 0.13520362973213196 -0.10281065106391907 0.015241876244544983
v 0.12520332634449005 -0.10466794669628143 0.041684217751026154
v 0.12706618010997772 -0.10046139359474182 0.02204272523522377
v 0.1325737088918686 -0.09690770506858826 0.005627419799566269
v 0.13772588968276978 -0.09328488260507584 -0.006488487124443054
v 0.1539156138896942 -0.08213017880916595 -0.0011717937886714935
v 0.1288621723651886 -0.07924267649650574 -0.018972579389810562
v 0.13457182049751282 -0.08903162181377411 -0.015154294669628143
v 0.36391085386276245 -0.013203693553805351 -0.07267183065414429
v 0.37293216586112976 -0.024162612855434418 -0.08550113439559937
v 0.3947811424732208 -0.029510565102100372 -0.10091806948184967
v 0.38352900743484497 -0.019727028906345367 -0.09439046680927277
v 0.1498638391494751 -0.06839733570814133 -0.004416074603796005
v 0.16081823408603668 -0.07376418262720108 0.013432122766971588
v 0.15509119629859924 -0.06629674136638641 0.0005670636892318726
v 0.15639176964759827 -0.06148607283830643 -0.008077681064605713
v 0.16430102288722992 -0.05012097954750061 -0.001805771142244339
v 0.17116522789001465 -0.015138428658246994 0.018021278083324432
v 0.18756699562072754 -0.006652902811765671 -0.008312427438795567
v 0.18160684406757355 0.0 -0.02766047604382038
v 0.16096310317516327 -0.02678554132580757 0.01525958999991417
v 0.16106785833835602 -0.03144779056310654 -0.004108607769012451
v 0.47545042634010315 -0.12845107913017273 -0.18966509401798248
v 0.47559452056884766 -0.1262167990207672 -0.20762844383716583
v 0.46304962038993835 -0.12525823712348938 -0.20248593389987946
v 0.46461912989616394 -0.13592258095741272 -0.19823618233203888
v 0.4849739372730255 -0.1350340098142624 -0.1970573514699936
v 0.4907582700252533 -0.1196722537279129 -0.19957025349140167
v 0.4665873348712921 -0.1375776082277298 -0.19242079555988312
v 0.46946337819099426 -0.13980837166309357 -0.1893383413553238
v 0.48273661732673645 -0.11257459223270416 -0.203522726893425
v 0.4885198771953583 -0.28255319595336914 -0.03494372218847275
v 0.48821958899497986 -0.2902550995349884 -0.022802790626883507
v 0.5125590562820435 -0.29185765981674194 -0.026001734659075737
v 0.5093952417373657 -0.2876279950141907 -0.038812726736068726
v 0.39648833870887756 -0.00974046066403389 -0.0988723486661911
v 0.390622615814209 -0.023418091237545013 -0.09853585064411163
v 0.10240187495946884 -0.057317961007356644 0.178228497505188
v 0.09097987413406372 -0.032696012407541275 0.18027915060520172
v 0.09447762370109558 -0.053069401532411575 0.1768147498369217
v 0.11251591145992279 -0.07895968854427338 0.18605709075927734
v 0.12167378515005112 -0.08288341760635376 0.19614188373088837
v 0.10602978616952896 -0.0704888254404068 0.18002194166183472
v 0.1085883229970932 -0.08251417428255081 0.18112702667713165
v 0.09944348782300949 -0.08531098067760468 0.1724889725446701
v 0.08936916291713715 -0.10300815105438232 0.1557837724685669
v 0.07395987212657928 -0.10893121361732483 0.13658760488033295
v 0.08779259771108627 -0.10532043129205704 0.09548681229352951
v 0.0629149079322815 -0.10410908609628677 0.11400865018367767
v 0.07524921000003815 -0.10337963700294495 0.10110171139240265
v 0.11426661163568497 -0.10089991986751556 0.054477106779813766
v 0.12091132998466492 -0.09640198200941086 0.02313649095594883
v 0.11973928660154343 -0.09983201324939728 0.036042846739292145
v 0.12466280162334442 -0.09282252192497253 0.00953548401594162
v 0.1286908984184265 -0.08953472226858139 -0.0017343646613880992
v 0.14500625431537628 -0.08348166197538376 -0.010645639151334763
v 0.13108356297016144 -0.08238279074430466 -0.012666720896959305
v 0.12546862661838531 -0.07417179644107819 -0.01966233178973198
v 0.11805756390094757 -0.07200223207473755 -0.026253489777445793
v 0.12401705235242844 -0.0875600278377533 -0.025427915155887604
v 0.376211553812027 -0.011160777881741524 -0.08771148324012756
v 0.3834855854511261 -0.011972326785326004 -0.09377254545688629
v 0.14753460884094238 -0.07107715308666229 -0.011903055012226105
v 0.13389672338962555 -0.06120981648564339 -0.013237804174423218
v 0.15476685762405396 -0.05855204164981842 -0.0015510879456996918
v 0.1579873412847519 -0.06800124049186707 0.006669364869594574
v 0.14752210676670074 -0.06642918288707733 -0.013209003955125809
v 0.1578654944896698 -0.039277173578739166 -0.025620322674512863
v 0.15470080077648163 -0.054421208798885345 -0.024577468633651733
v 0.1526561677455902 -0.011317107826471329 0.014456856995821
v 0.17264102399349213 -0.0033104075118899345 0.007415298372507095
v 0.15157952904701233 -0.013709556311368942 -0.007999327033758163
v 0.15210063755512238 -0.02207024022936821 -0.031958408653736115
v 0.476825088262558 -0.1233716607093811 -0.20306141674518585
v 0.46294358372688293 -0.12113302946090698 -0.20958341658115387
v 0.45978331565856934 -0.13143423199653625 -0.1919902116060257
v 0.46137234568595886 -0.13377732038497925 -0.19648869335651398
v 0.46368423104286194 -0.11972740292549133 -0.2071826010942459
v 0.48225876688957214 -0.1235772967338562 -0.20300699770450592
v 0.45937079191207886 -0.14201948046684265 -0.18234600126743317
v 0.4580523371696472 -0.13984476029872894 -0.1897919923067093
v 0.46114715933799744 -0.1350606083869934 -0.1944621056318283
v 0.4731851816177368 -0.09990426898002625 -0.2256961613893509
v 0.4652262032032013 -0.11040826141834259 -0.21630381047725677
v 0.4925616681575775 -0.30740243196487427 -0.028090110048651695
v 0.5109043121337891 -0.3140528202056885 -0.02015426568686962
v 0.5295455455780029 -0.3097129166126251 -0.04133250564336777
v 0.5234049558639526 -0.3124123513698578 -0.028364574536681175
v 0.3902939558029175 -0.012765826657414436 -0.0979311615228653
v 0.09652914851903915 -0.06444862484931946 0.17576126754283905
v 0.07387374341487885 -0.02876882627606392 0.1759926825761795
v 0.08310425281524658 -0.044584959745407104 0.17358453571796417
v 0.1120290458202362 -0.08062317967414856 0.1842983365058899
v 0.1100001335144043 -0.08876080811023712 0.1865260899066925
v 0.10965857654809952 -0.08452074974775314 0.19417394697666168
v 0.09349272400140762 -0.07560935616493225 0.1733066737651825
v 0.1046045571565628 -0.0796792283654213 0.17907214164733887
v 0.09201806783676147 -0.0878794714808464 0.16543155908584595
v 0.07440710067749023 -0.10143239796161652 0.14634117484092712
v 0.05848339945077896 -0.10407540202140808 0.13060614466667175
v 0.07997889071702957 -0.09858255088329315 0.08736312389373779
v 0.06498251110315323 -0.09604775905609131 0.09413916617631912
v 0.050925113260746 -0.09698649495840073 0.11021281033754349
v 0.09108646214008331 -0.09604087471961975 0.07026459276676178
v 0.10412809252738953 -0.09598779678344727 0.05533333867788315
v 0.1137622743844986 -0.09608623385429382 0.036799680441617966
v 0.11663122475147247 -0.0936935693025589 0.02312709204852581
v 0.12019950151443481 -0.08341152220964432 -0.001727137714624405
v 0.11922375857830048 -0.0902426689863205 0.012922609224915504
v 0.13378222286701202 -0.08129829913377762 -0.02111572027206421
v 0.11803094297647476 -0.07728293538093567 -0.011209864169359207
v 0.11634048819541931 -0.07083117961883545 -0.01815599761903286
v 0.12402965873479843 -0.06931568682193756 -0.024322180077433586
v 0.11725322902202606 -0.07525962591171265 -0.029176991432905197
v 0.1139814630150795 -0.052549708634614944 -0.025302646681666374
v 0.14107264578342438 -0.06739869713783264 -0.013221997767686844
v 0.1402839720249176 -0.0696706771850586 -0.017804648727178574
v 0.13385847210884094 -0.06456566601991653 -0.01721034198999405
v 0.13991832733154297 -0.06648509949445724 -0.004823286086320877
v 0.14538249373435974 -0.06867101043462753 -0.007591214030981064
v 0.14591707289218903 -0.06177181750535965 -0.02801155485212803
v 0.1482734978199005 -0.046983808279037476 -0.044308852404356
v 0.1497182995080948 -0.03266787528991699 -0.04455948621034622
v 0.1355997622013092 -0.0009865378960967064 -0.0077590979635715485
v 0.15728969871997833 -0.002990806708112359 0.010992322117090225
v 0.1557217687368393 0.0018323063850402832 -0.004787072539329529
v 0.14257776737213135 -0.008173385635018349 -0.03296797350049019
v 0.14507277309894562 -0.019911102950572968 -0.048570264130830765
v 0.4651857316493988 -0.12134577333927155 -0.20309235155582428
v 0.46620413661003113 -0.11611470580101013 -0.21214856207370758
v 0.4590933620929718 -0.13094446063041687 -0.20688875019550323
v 0.4715419113636017 -0.12485960125923157 -0.2064460664987564
v 0.4584663212299347 -0.13587288558483124 -0.1937980204820633
v 0.4590328633785248 -0.13644511997699738 -0.19695420563220978
v 0.4618616998195648 -0.13523614406585693 -0.19272764027118683
v 0.47015342116355896 -0.12172022461891174 -0.20751626789569855
v 0.5001654624938965 -0.27926063537597656 -0.03921870142221451
v 0.49636396765708923 -0.33729633688926697 -0.04792267084121704
v 0.5125435590744019 -0.3391304314136505 -0.025999968871474266
v 0.5012164115905762 -0.2994432747364044 -0.04485120624303818
v 0.5347795486450195 -0.3329249620437622 -0.03241229057312012
v 0.5400359630584717 -0.33886003494262695 -0.04949416220188141
v 0.086271733045578 -0.064054474234581 0.17110908031463623
v 0.06892797350883484 -0.022527730092406273 0.16138334572315216
v 0.07181144505739212 -0.037675295025110245 0.16411945223808289
v 0.11511106789112091 -0.09175947308540344 0.18830500543117523
v 0.10622085630893707 -0.10776470601558685 0.20254646241664886
v 0.1064169704914093 -0.11090609431266785 0.2031036764383316
v 0.08447064459323883 -0.07740392535924911 0.16560609638690948
v 0.07735028862953186 -0.08913405984640121 0.15630172193050385
v 0.05856630206108093 -0.09859961271286011 0.140572190284729
v 0.04338034614920616 -0.09989278018474579 0.12678351998329163
v 0.07762148231267929 -0.09477020800113678 0.07871297746896744
v 0.04518904909491539 -0.09042935818433762 0.10231833159923553
v 0.0528184212744236 -0.08949541300535202 0.08724726736545563
v 0.08193112164735794 -0.0927659124135971 0.061470650136470795
v 0.09345224499702454 -0.09307989478111267 0.052224814891815186
v 0.11179759353399277 -0.09077952057123184 0.020791461691260338
v 0.1028762236237526 -0.09247788041830063 0.0373741053044796
v 0.11131630092859268 -0.08443844318389893 0.006850443780422211
v 0.1094505563378334 -0.07909783720970154 -0.004388034343719482
v 0.12150312960147858 -0.07410425692796707 -0.029035720974206924
v 0.10910020768642426 -0.07362918555736542 -0.012429695576429367
v 0.10887213051319122 -0.06949956715106964 -0.017665479332208633
v 0.11588848382234573 -0.06508542597293854 -0.022490397095680237
v 0.11782106757164001 -0.05244448035955429 -0.024947362020611763
v 0.10995142161846161 -0.053545963019132614 -0.024215973913669586
v 0.11396663635969162 -0.027494998648762703 -0.016158606857061386
v 0.1257300078868866 -0.0633053258061409 -0.023738497868180275
v 0.13080038130283356 -0.06257237493991852 -0.022072795778512955
v 0.13584016263484955 -0.06811410933732986 -0.020416412502527237
v 0.13239426910877228 -0.06671004742383957 -0.020854957401752472
v 0.12205135822296143 -0.06377435475587845 -0.03289356082677841
v 0.13796116411685944 -0.06630368530750275 -0.025790641084313393
v 0.14371976256370544 -0.05548102408647537 -0.04200559854507446
v 0.14017358422279358 -0.02514658309519291 -0.060057684779167175
v 0.1392495334148407 -0.03922436386346817 -0.062326498329639435
v 0.13230866193771362 0.0007018768228590488 -0.028027426451444626
v 0.13515925407409668 0.002176981884986162 -0.0030481331050395966
v 0.14106296002864838 -0.010030481964349747 -0.04846274480223656
v 0.13596467673778534 -0.01410541869699955 -0.06292848289012909
v 0.4681410789489746 -0.11727361381053925 -0.2100284844636917
v 0.47095224261283875 -0.12329563498497009 -0.19833828508853912
v 0.45916882157325745 -0.13554660975933075 -0.19716520607471466
v 0.46526482701301575 -0.13249459862709045 -0.19809715449810028
v 0.5264995098114014 -0.32909607887268066 -0.058473140001297
v 0.5068191289901733 -0.35335075855255127 -0.05363413691520691
v 0.5126672983169556 -0.3568965196609497 -0.03786221146583557
v 0.5387674570083618 -0.3527489900588989 -0.060417961329221725
v 0.5388385057449341 -0.35583141446113586 -0.03980652242898941
v 0.07343992590904236 -0.05593195557594299 0.1608227789402008
v 0.058467086404561996 -0.018824554979801178 0.1501930058002472
v 0.059819623827934265 -0.03358352556824684 0.1515178233385086
v 0.11207594722509384 -0.0986378937959671 0.20350007712841034
v 0.11207392066717148 -0.10579857975244522 0.20500507950782776
v 0.07370877265930176 -0.07337620109319687 0.15853458642959595
v 0.058428458869457245 -0.0865539163351059 0.14861541986465454
v 0.038275644183158875 -0.09686493128538132 0.14155977964401245
v 0.036489665508270264 -0.09090202301740646 0.11711303889751434
v 0.0679672360420227 -0.09173478931188583 0.07417748123407364
v 0.04143819212913513 -0.08606036007404327 0.08135583251714706
v 0.03582761436700821 -0.0852026492357254 0.0973108559846878
v 0.07093813270330429 -0.09066882729530334 0.053887318819761276
v 0.08857980370521545 -0.09061358124017715 0.038346558809280396
v 0.10063701122999191 -0.08861900866031647 0.018768498674035072
v 0.128751739859581 -0.042788878083229065 -0.02207411266863346
v 0.09846851974725723 -0.0736158937215805 -0.014656627550721169
v 0.10209810733795166 -0.06465756893157959 -0.018478691577911377
v 0.10921851545572281 -0.061079900711774826 -0.02009224146604538
v 0.11749160289764404 -0.04913802444934845 -0.02286934107542038
v 0.12384696304798126 -0.03273903578519821 -0.022333556786179543
v 0.10970763862133026 -0.0244583822786808 -0.013754792511463165
v 0.11881045997142792 -0.035309936851263046 -0.018592480570077896
v 0.11405235528945923 -0.06085538864135742 -0.03608538955450058
v 0.1086358055472374 -0.06075518578290939 -0.04308904707431793
v 0.11962561309337616 -0.059044450521469116 -0.03468755632638931
v 0.10650253295898438 -0.061205245554447174 -0.05363887920975685
v 0.12352889776229858 -0.06427841633558273 -0.04139471426606178
v 0.13149818778038025 -0.06128071993589401 -0.04885343834757805
v 0.1335708051919937 -0.05280138552188873 -0.06142702326178551
v 0.128480464220047 -0.02556287683546543 -0.07937783002853394
v 0.1234385073184967 -0.04314279928803444 -0.0813351720571518
v 0.1302645355463028 0.0007044021040201187 -0.04818008095026016
v 0.1157509982585907 0.00616475660353899 -0.023299051448702812
v 0.10831959545612335 -0.0032159406691789627 -0.021927334368228912
v 0.12937146425247192 -0.00413220189511776 -0.06318120658397675
v 0.12594449520111084 -0.012170670554041862 -0.07530256360769272
v 0.4567069709300995 -0.13938920199871063 -0.19131530821323395
v 0.5126796960830688 -0.34792912006378174 -0.0664127841591835
v 0.5125705599784851 -0.3556702435016632 -0.05911329388618469
v 0.5156229734420776 -0.3593526780605316 -0.05007163807749748
v 0.5277336239814758 -0.36227959394454956 -0.04370709881186485
v 0.5184458494186401 -0.36062783002853394 -0.05320338159799576
v 0.061863839626312256 -0.048341020941734314 0.15266558527946472
v 0.04610969498753548 -0.01500430516898632 0.14286084473133087
v 0.050246212631464005 -0.028870724141597748 0.14380067586898804
v 0.06239093467593193 -0.06649099290370941 0.1509365737438202
v 0.046493541449308395 -0.07603035122156143 0.14245839416980743
v 0.03264162316918373 -0.08900315314531326 0.13198402523994446
v 0.03030191734433174 -0.08435717970132828 0.10740500688552856
v 0.05644102022051811 -0.0889071524143219 0.06741539388895035
v 0.026010803878307343 -0.08217106759548187 0.08962609618902206
v 0.031088892370462418 -0.08409127593040466 0.07725156098604202
v 0.07252736389636993 -0.0896872878074646 0.03233499452471733
v 0.05621517077088356 -0.0895310491323471 0.046630859375
v 0.09906722605228424 -0.08265536278486252 0.00047077983617782593
v 0.08513398468494415 -0.08654292672872543 0.008465362712740898
v 0.09044177830219269 -0.07295458763837814 -0.01966414600610733
v 0.09286528825759888 -0.06271374970674515 -0.022270003333687782
v 0.10566036403179169 -0.052915193140506744 -0.019781464710831642
v 0.11175762861967087 -0.04380764067173004 -0.022279443219304085
v 0.12030511349439621 -0.033222001045942307 -0.023155158385634422
v 0.11431077122688293 -0.012680869549512863 -0.007494991645216942
v 0.117812380194664 -0.00712765334174037 -0.004699490964412689
v 0.12187767028808594 -0.01942356675863266 -0.01027040183544159
v 0.09890706092119217 -0.0583837553858757 -0.051453810185194016
v 0.09310777485370636 -0.053109221160411835 -0.05160660669207573
v 0.11560910940170288 -0.04562985897064209 -0.037509310990571976
v 0.09091878682374954 -0.05952473729848862 -0.07577229291200638
v 0.11027155816555023 -0.061077043414115906 -0.06555445492267609
v 0.11886274814605713 -0.05829397588968277 -0.06838817894458771
v 0.11465819180011749 -0.0544905960559845 -0.08152994513511658
v 0.10986362397670746 -0.04834539815783501 -0.09286241233348846
v 0.10931364446878433 -0.037188488990068436 -0.09916598349809647
v 0.11347600817680359 0.00643886998295784 -0.04725724086165428
v 0.1165664941072464 0.004819943569600582 -0.06554155051708221
v 0.09732478857040405 0.00945698469877243 -0.03967711701989174
v 0.11518290638923645 -0.004226280841976404 -0.0798385739326477
v 0.11318480968475342 -0.020865948870778084 -0.09345415979623795
v 0.5084689259529114 -0.35683831572532654 -0.060479018837213516
v 0.5235105156898499 -0.35678166151046753 -0.058478787541389465
v 0.5214947462081909 -0.35288116335868835 -0.06587989628314972
v 0.518846333026886 -0.3596670627593994 -0.049972329288721085
v 0.5216246843338013 -0.3525528609752655 -0.05911414325237274
v 0.04927694424986839 -0.044014822691679 0.14237208664417267
v 0.0362364687025547 -0.010574376210570335 0.13991492986679077
v 0.036943551152944565 -0.02996033802628517 0.13879618048667908
v 0.052988506853580475 -0.059445276856422424 0.14480610191822052
v 0.03561919927597046 -0.07694216817617416 0.13523073494434357
v 0.027261830866336823 -0.0807809829711914 0.12088923901319504
v 0.019088715314865112 -0.07921891659498215 0.10427360236644745
v 0.041307274252176285 -0.08650388568639755 0.0644509494304657
v 0.022179456427693367 -0.0822858214378357 0.08036304265260696
v 0.027358341962099075 -0.08413814008235931 0.0672408863902092
v 0.04829837381839752 -0.08944253623485565 0.033866532146930695
v 0.06218583881855011 -0.0896715521812439 0.019590146839618683
v 0.09051994234323502 -0.08027437329292297 -0.009823011234402657
v 0.0732819214463234 -0.085702084004879 -0.0025013498961925507
v 0.08781864494085312 -0.0727134495973587 -0.02353762276470661
v 0.08688636124134064 -0.06169615313410759 -0.028717899695038795
v 0.09817615151405334 -0.047489020973443985 -0.02251083217561245
v 0.1067582443356514 -0.038416363298892975 -0.020449871197342873
v 0.11329921334981918 -0.03566255420446396 -0.020511366426944733
v 0.12383085489273071 -0.002025483176112175 0.001231638714671135
v 0.12369730323553085 -0.0008729314431548119 -0.00560436025261879
v 0.08814889937639236 -0.05691441148519516 -0.06251441687345505
v 0.09053123742341995 -0.04473215341567993 -0.05281224101781845
v 0.11879866570234299 -0.014499864540994167 -0.02190575748682022
v 0.08620071411132812 -0.02358167991042137 -0.05130451172590256
v 0.0759086087346077 -0.05620252713561058 -0.07967779040336609
v 0.07408648729324341 -0.05772716924548149 -0.0893741026520729
v 0.08565740287303925 -0.05952534079551697 -0.09002953767776489
v 0.10574221611022949 -0.059755370020866394 -0.08185946941375732
v 0.10196660459041595 -0.046798285096883774 -0.10107902437448502
v 0.09709124267101288 -0.043706316500902176 -0.10635664314031601
v 0.10052378475666046 0.011515708640217781 -0.06652654707431793
v 0.09976213425397873 0.0039005018770694733 -0.08270353823900223
v 0.08230513334274292 0.010779972188174725 -0.06056288629770279
v 0.09227257966995239 -0.01299992110580206 -0.10314284265041351
v 0.09337422251701355 -0.03220541402697563 -0.11146055907011032
v 0.5174596309661865 -0.3546779155731201 -0.06269994378089905
v 0.5248141884803772 -0.3503327965736389 -0.06063660979270935
v 0.5420835018157959 -0.34513598680496216 -0.06705048680305481
v 0.5409122109413147 -0.34392571449279785 -0.06698417663574219
v 0.03745872527360916 -0.047978173941373825 0.13785026967525482
v 0.02619686909019947 -0.013007722795009613 0.13989344239234924
v 0.023587971925735474 -0.026861535385251045 0.13866066932678223
v 0.04149173945188522 -0.06198227405548096 0.13798601925373077
v 0.028281016275286674 -0.07332584261894226 0.12819769978523254
v 0.017351366579532623 -0.07751782238483429 0.11535146087408066
v 0.009927874431014061 -0.07843638211488724 0.09512962400913239
v 0.03902122378349304 -0.08754106611013412 0.05100484937429428
v 0.014164227992296219 -0.0812707394361496 0.07497354596853256
v 0.02212967909872532 -0.08434253185987473 0.05746963247656822
v 0.0476534366607666 -0.08949616551399231 0.020235490053892136
v 0.05853576585650444 -0.0872071236371994 0.001018201932311058
v 0.0848865807056427 -0.07908062636852264 -0.016381019726395607
v 0.07320767641067505 -0.08138858526945114 -0.016415851190686226
v 0.08640313893556595 -0.06915363669395447 -0.029935326427221298
v 0.08496086299419403 -0.059118565171957016 -0.03614478185772896
v 0.08788089454174042 -0.04666202887892723 -0.029190434142947197
v 0.10585048794746399 -0.024605317041277885 -0.01904829405248165
v 0.11234735697507858 -0.022870909422636032 -0.017319580540060997
v 0.11262021213769913 0.0024704677052795887 -0.017799776047468185
v 0.07944618910551071 -0.051204755902290344 -0.06349341571331024
v 0.07194430381059647 -0.045106638222932816 -0.06739570200443268
v 0.09450775384902954 -0.007259648758918047 -0.03515586256980896
v 0.06828916817903519 -0.05196189135313034 -0.07680874317884445
v 0.06298674643039703 -0.055002883076667786 -0.09232457727193832
v 0.06505075842142105 -0.0579499825835228 -0.10622840374708176
v 0.07526669651269913 -0.05474667251110077 -0.11422407627105713
v 0.09479193389415741 -0.05854935199022293 -0.09579727053642273
v 0.103475421667099 -0.05572713911533356 -0.09350758790969849
v 0.09391859173774719 -0.05129595845937729 -0.10462291538715363
v 0.09076062589883804 -0.04547960311174393 -0.11016295850276947
v 0.08426675200462341 0.007279484532773495 -0.08387536555528641
v 0.08197787404060364 -0.005250776186585426 -0.10122653841972351
v 0.07160504162311554 0.004980963189154863 -0.08189733326435089
v 0.07122857123613358 0.0031283432617783546 -0.05984332412481308
v 0.09228383749723434 0.008955074474215508 -0.03242690861225128
v 0.08204834163188934 -0.025065140798687935 -0.11426813900470734
v 0.08518139272928238 -0.04009760171175003 -0.11495976150035858
v 0.5383300185203552 -0.3437610864639282 -0.06923052668571472
v 0.5354622006416321 -0.3455897867679596 -0.06649541109800339
v 0.5637900233268738 -0.33754628896713257 -0.0693557932972908
v 0.5672386884689331 -0.33858728408813477 -0.06905272603034973
v 0.027282996103167534 -0.04198826849460602 0.1370258778333664
v 0.03153529763221741 -0.05959413945674896 0.13436706364154816
v 0.01729491725564003 -0.06840302050113678 0.12543030083179474
v 0.0043999869376420975 -0.07582686096429825 0.11180458217859268
v -0.0012687407433986664 -0.07775556296110153 0.08632586151361465
v 0.03358215093612671 -0.08846394717693329 0.038151733577251434
v 0.006563139613717794 -0.08105579763650894 0.06581694632768631
v 0.016200412064790726 -0.08583050221204758 0.04539383575320244
v 0.04014921188354492 -0.08766134083271027 0.007097993046045303
v 0.05272224545478821 -0.08289818465709686 -0.015918221324682236
v 0.08067575097084045 -0.07392285764217377 -0.028900159522891045
v 0.06903735548257828 -0.07583555579185486 -0.029444120824337006
v 0.08322340995073318 -0.06515124440193176 -0.0372152179479599
v 0.08052818477153778 -0.05485959351062775 -0.04320666193962097
v 0.08369851857423782 -0.044392071664333344 -0.03661005571484566
v 0.09677159041166306 -0.025359652936458588 -0.024362817406654358
v 0.12234124541282654 0.0021015191450715065 -0.007887257263064384
v 0.06863757967948914 -0.029208308085799217 -0.06600862741470337
v 0.06230199337005615 -0.045636385679244995 -0.07637892663478851
v 0.07282557338476181 -0.012109160423278809 -0.059592992067337036
v 0.1049429327249527 0.006159615237265825 -0.02349473163485527
v 0.05654767155647278 -0.04894621670246124 -0.08746892213821411
v 0.05535825341939926 -0.052601151168346405 -0.10195867717266083
v 0.0682341605424881 -0.05827036872506142 -0.1190088540315628
v 0.08042842149734497 -0.056217290461063385 -0.11574991047382355
v 0.09482963383197784 -0.05362401902675629 -0.10061295330524445
v 0.0966934785246849 -0.049916185438632965 -0.10271470248699188
v 0.09018562734127045 -0.05742492526769638 -0.10604680329561234
v 0.08764294534921646 -0.053929299116134644 -0.10887235403060913
v 0.07733550667762756 -0.018428053706884384 -0.1131843775510788
v 0.06590844690799713 -0.0046708001755177975 -0.09996668249368668
v 0.0601564384996891 -0.003310090396553278 -0.08799780905246735
v 0.07745252549648285 0.000740403775125742 -0.04872825741767883
v 0.05801772326231003 -0.007571700029075146 -0.07661815732717514
v 0.07913447916507721 -0.033582646399736404 -0.11812029778957367
v 0.08456635475158691 -0.04838676378130913 -0.11370185017585754
v 0.5613826513290405 -0.3327632248401642 -0.07100127637386322
v 0.54936283826828 -0.3365044891834259 -0.07168812304735184
v 0.5747362971305847 -0.32206991314888 -0.06727370619773865
v 0.5758955478668213 -0.32242873311042786 -0.07276751846075058
v 0.01434130035340786 -0.013522790744900703 0.1406734734773636
v 0.019928645342588425 -0.05517344921827316 0.1326015442609787
v 0.0027103228494524956 -0.06980390846729279 0.12106382101774216
v -0.009561066515743732 -0.07583389431238174 0.10581725835800171
v -0.006497281603515148 -0.07850228250026703 0.07563801854848862
v 0.029573742300271988 -0.08859603106975555 0.02580011636018753
v 0.0014855684712529182 -0.0817330852150917 0.055504415184259415
v 0.011523786000907421 -0.08558984100818634 0.03248823434114456
v 0.03719406574964523 -0.0777791291475296 -0.024153336882591248
v 0.029542457312345505 -0.08350545167922974 -0.004546254873275757
v 0.07342496514320374 -0.069280244410038 -0.037907179445028305
v 0.05632685124874115 -0.07281948626041412 -0.03823665529489517
v 0.07568832486867905 -0.05932936444878578 -0.04427633807063103
v 0.07405257225036621 -0.050409816205501556 -0.047364573925733566
v 0.08138374984264374 -0.04170946031808853 -0.043110087513923645
v 0.08812438696622849 -0.024549096822738647 -0.03090260922908783
v 0.057765133678913116 -0.03680285066366196 -0.07698369771242142
v 0.0540616512298584 -0.042465940117836 -0.08598262071609497
v 0.05633515119552612 -0.017984934151172638 -0.0764608234167099
v 0.11278799176216125 -0.0027620773762464523 -0.009730791673064232
v 0.04982811212539673 -0.04377911984920502 -0.09787151217460632
v 0.05839967727661133 -0.054381005465984344 -0.11497822403907776
v 0.08508600294589996 -0.05748689919710159 -0.11206521838903427
v 0.0836295336484909 -0.059162918478250504 -0.11648568511009216
v 0.08408655971288681 -0.05255798250436783 -0.11477690935134888
v 0.0854044109582901 -0.05135699734091759 -0.1199585348367691
v 0.09385126829147339 -0.05399009957909584 -0.1034916490316391
v 0.09291840344667435 -0.05617467314004898 -0.10529501736164093
v 0.08840950578451157 -0.0578584149479866 -0.10753118246793747
v 0.0869203582406044 -0.05723424255847931 -0.10948948562145233
v 0.07450218498706818 -0.026522479951381683 -0.11738532036542892
v 0.0693446546792984 -0.01495940238237381 -0.11210641264915466
v 0.05405315011739731 -0.015061220154166222 -0.10637730360031128
v 0.05251140519976616 -0.01342710293829441 -0.09612630307674408
v 0.07982607930898666 -0.04365115612745285 -0.11842092871665955
v 0.08272025734186172 -0.05303548276424408 -0.11576284468173981
v 0.5749101638793945 -0.32760363817214966 -0.06914490461349487
v 0.5718556642532349 -0.3292068839073181 -0.06994646787643433
v 0.5889225602149963 -0.30599382519721985 -0.06443622708320618
v 0.5858546495437622 -0.3094250559806824 -0.06749878078699112
v -0.0026206690818071365 -0.013320263475179672 0.14022769033908844
v -0.018989145755767822 0.0 0.14677061140537262
v 0.011985685676336288 -0.03389814496040344 0.1373511403799057
v 0.0008665602654218674 -0.05237080901861191 0.13034383952617645
v -0.009024791419506073 -0.07334554195404053 0.11536778509616852
v -0.015001259744167328 -0.07388679683208466 0.09647171944379807
v -0.009259723126888275 -0.0774855837225914 0.0672186091542244
v 0.025314901024103165 -0.08640450984239578 0.01360052265226841
v -0.0005735037848353386 -0.08274584263563156 0.0404588021337986
v 0.0024337060749530792 -0.0832146480679512 0.026226483285427094
v 0.018185291439294815 -0.07829613238573074 -0.012050366960465908
v 0.026426691561937332 -0.07271387428045273 -0.026127688586711884
v 0.06496749073266983 -0.0634632408618927 -0.04509180411696434
v 0.038808636367321014 -0.06839542835950851 -0.037766702473163605
v 0.06698740273714066 -0.05170755460858345 -0.049139007925987244
v 0.07054130733013153 -0.04166165739297867 -0.04833364114165306
v 0.07684849947690964 -0.040816038846969604 -0.0473174974322319
v 0.08509686589241028 -0.021943658590316772 -0.03896012157201767
v 0.04884300380945206 -0.03311958163976669 -0.09116022288799286
v 0.04934493452310562 -0.02073875442147255 -0.09360985457897186
v 0.05058883875608444 -0.04524434357881546 -0.11108618974685669
v 0.07216113060712814 -0.055457428097724915 -0.12185916304588318
v 0.08357232064008713 -0.05970253050327301 -0.10998675227165222
v 0.0869167298078537 -0.0584956631064415 -0.11024630814790726
v 0.08812881261110306 -0.05916294828057289 -0.10751914978027344
v 0.0842568576335907 -0.05936328321695328 -0.11939463019371033
v 0.08409424126148224 -0.05991535261273384 -0.11550159752368927
v 0.0887681096792221 -0.05420806631445885 -0.10696616768836975
v 0.09439235925674438 -0.059707317501306534 -0.1016678586602211
v 0.09568271040916443 -0.05806824192404747 -0.10184410214424133
v 0.09168360382318497 -0.05990742892026901 -0.10580436140298843
v 0.08376453816890717 -0.05691639706492424 -0.11584113538265228
v 0.07277363538742065 -0.032960064709186554 -0.1209656298160553
v 0.06679423153400421 -0.024986136704683304 -0.12010262906551361
v 0.05867801234126091 -0.019621726125478745 -0.1155204325914383
v 0.04914324730634689 -0.023019110783934593 -0.1069912314414978
v 0.07355288416147232 -0.042968377470970154 -0.12255176901817322
v 0.07460958510637283 -0.04936975613236427 -0.12185658514499664
v 0.5802183747291565 -0.3178181052207947 -0.06778132915496826
v 0.5812395811080933 -0.3150784969329834 -0.06617781519889832
v 0.6003894209861755 -0.2937372922897339 -0.06175018846988678
v 0.596873939037323 -0.29878169298171997 -0.06459449976682663
v -0.019673362374305725 -0.014741966500878334 0.14169231057167053
v -0.005463358946144581 -0.030952150002121925 0.13629665970802307
v -0.017659656703472137 -0.06393635272979736 0.12278253585100174
v -0.021599426865577698 -0.07103361189365387 0.11319728940725327
v -0.015327626839280128 -0.07310232520103455 0.08593443036079407
v -0.009516585618257523 -0.07918723672628403 0.051958367228507996
v 0.010543663054704666 -0.08316422253847122 0.008870014920830727
v -0.010872072540223598 -0.08052031695842743 0.03315286338329315
v -0.0016345372423529625 -0.08098602294921875 0.01598569005727768
v 0.011413426138460636 -0.07064489275217056 -0.02073998749256134
v 0.0232602059841156 -0.06564973294734955 -0.033801525831222534
v 0.05032573267817497 -0.060947004705667496 -0.049405377358198166
v 0.035828590393066406 -0.06066850572824478 -0.041574858129024506
v 0.0573870912194252 -0.04622349143028259 -0.05016135424375534
v 0.06108202040195465 -0.03611243888735771 -0.04561977460980415
v 0.0724179744720459 -0.030025146901607513 -0.044677577912807465
v 0.07869070768356323 -0.025528626516461372 -0.04402764141559601
v 0.09127923101186752 0.0 -0.031410541385412216
v 0.04714101552963257 -0.035009048879146576 -0.10483899712562561
v 0.04957204312086105 -0.03457871079444885 -0.1163053959608078
v 0.05848418548703194 -0.045766860246658325 -0.12245220690965652
v 0.08998338133096695 -0.0656517893075943 -0.10770948231220245
v 0.08561594039201736 -0.06432350724935532 -0.11134159564971924
v 0.08005326986312866 -0.07103687524795532 -0.11254794895648956
v 0.08200643956661224 -0.07037940621376038 -0.11742646992206573
v 0.09089046716690063 -0.05968640372157097 -0.11018723249435425
v 0.09140048921108246 -0.06401337683200836 -0.10512547194957733
v 0.09454356133937836 -0.06363585591316223 -0.10247794538736343
v 0.09298383444547653 -0.058746930211782455 -0.10546596348285675
v 0.06606265902519226 -0.034177266061306 -0.12284573167562485
v 0.059188663959503174 -0.02961321547627449 -0.12232330441474915
v 0.05220538377761841 -0.02521827630698681 -0.1162697970867157
v 0.06486719846725464 -0.03967420756816864 -0.12413260340690613
v 0.5986791849136353 -0.2971426248550415 -0.06490051746368408
v 0.5986297726631165 -0.29773420095443726 -0.06572161614894867
v 0.6097724437713623 -0.2884845733642578 -0.06340538710355759
v 0.6105080246925354 -0.2836841642856598 -0.06071576476097107
v -0.027207275852560997 0.0004672044888138771 0.14545246958732605
v -0.021391544491052628 -0.04225330054759979 0.1318197250366211
v -0.029270797967910767 -0.05786281079053879 0.1241215169429779
v -0.026249293237924576 -0.06703326851129532 0.10950489342212677
v -0.017865218222141266 -0.07365493476390839 0.06962750107049942
v -0.019488651305437088 -0.07681513577699661 0.048278626054525375
v -0.0001171007752418518 -0.07699590921401978 -0.001799916848540306
v -0.023425918072462082 -0.07697000354528427 0.03160145878791809
v -0.01613369956612587 -0.07728689163923264 0.012686301954090595
v 0.008026362396776676 -0.06299981474876404 -0.02521556243300438
v 0.01643931120634079 -0.06697891652584076 -0.03353483974933624
v 0.04515310004353523 -0.052239641547203064 -0.04691370204091072
v 0.026787135750055313 -0.06465240567922592 -0.04107049107551575
v 0.056082308292388916 -0.03155812993645668 -0.03862651064991951
v 0.05162489414215088 -0.04071503505110741 -0.04492725431919098
v 0.06272190064191818 -0.02078460156917572 -0.04026865214109421
v 0.07141728699207306 -0.011346817947924137 -0.04194042086601257
v 0.08264237642288208 0.0 -0.040300823748111725
v 0.05574212968349457 -0.03533099964261055 -0.12206071615219116
v 0.08804184943437576 -0.07159748673439026 -0.11005755513906479
v 0.08500169217586517 -0.0707743763923645 -0.1142381802201271
v 0.08508193492889404 -0.07235419750213623 -0.10695241391658783
v 0.07936285436153412 -0.07971037179231644 -0.11598356068134308
v 0.0786883682012558 -0.08949926495552063 -0.11030818521976471
v 0.08950137346982956 -0.07493054121732712 -0.10275513678789139
v 0.09285614639520645 -0.0735137015581131 -0.101556196808815
v 0.09203051030635834 -0.06774197518825531 -0.10720641911029816
v 0.09495579451322556 -0.06229708343744278 -0.10445508360862732
v 0.6123594045639038 -0.28385210037231445 -0.0639096051454544
v 0.6154971122741699 -0.2865992784500122 -0.06750617921352386
v -0.04362094774842262 -0.006512314081192017 0.14807307720184326
v -0.02362474426627159 -0.030369888991117477 0.13305242359638214
v -0.02895994484424591 -0.05029935762286186 0.12238940596580505
v -0.026074640452861786 -0.0669451579451561 0.09305395185947418
v -0.026348184794187546 -0.07244525849819183 0.057460006326436996
v -0.030059093609452248 -0.07519559562206268 0.04359165206551552
v -0.01138557679951191 -0.07179824262857437 -0.002588297240436077
v -0.028510354459285736 -0.07414617389440536 0.018066763877868652
v -0.023957883939146996 -0.07010107487440109 0.003234565258026123
v -0.0018170550465583801 -0.06759282201528549 -0.013062501326203346
v 0.007547869347035885 -0.06806852668523788 -0.03352624922990799
v -0.006493180058896542 -0.06770122051239014 -0.024422775954008102
v 0.03593340516090393 -0.05796115845441818 -0.04534284025430679
v 0.01760544255375862 -0.07129716873168945 -0.03775555640459061
v 0.05896363779902458 -0.01978307217359543 -0.036070823669433594
v 0.047440413385629654 -0.04353325814008713 -0.04203775152564049
v 0.05162183940410614 -0.033579450100660324 -0.037787728011608124
v 0.0635291114449501 -0.0029709627851843834 -0.03662153705954552
v 0.07028896361589432 0.0 -0.040002696216106415
v 0.08904121071100235 -0.07584242522716522 -0.11201285570859909
v 0.08581554144620895 -0.07884488999843597 -0.11936764419078827
v 0.08099844306707382 -0.09447614848613739 -0.11490022391080856
v 0.08217217028141022 -0.1099424809217453 -0.10779417306184769
v 0.09676635265350342 -0.0784917026758194 -0.1019519716501236
v 0.09044285118579865 -0.0814598947763443 -0.09768609702587128
v 0.09574780613183975 -0.06974029541015625 -0.10485605150461197
v 0.0913676768541336 -0.07284977287054062 -0.10942558944225311
v 0.6263576149940491 -0.27696046233177185 -0.06446726620197296
v 0.6320278644561768 -0.2786489427089691 -0.06898107379674911
v 0.6260002851486206 -0.2724556624889374 -0.06247435510158539
v 0.6346606612205505 -0.2814280688762665 -0.06826762109994888
v -0.037577059119939804 -0.028043830767273903 0.13669824600219727
v -0.055577147752046585 -0.004264235030859709 0.15273259580135345
v -0.03782743215560913 -0.04496855288743973 0.11941379308700562
v -0.030115678906440735 -0.05876772850751877 0.10934180021286011
v -0.028684789314866066 -0.06606370955705643 0.07392485439777374
v -0.03742733225226402 -0.07019905745983124 0.05656038597226143
v -0.04442713409662247 -0.07368332892656326 0.03921596333384514
v -0.03723714128136635 -0.07406730204820633 0.027978338301181793
v -0.015577415004372597 -0.06445591896772385 -0.009641895070672035
v -0.04039269685745239 -0.0687570720911026 0.010375282727181911
v -0.028999218717217445 -0.061970412731170654 -0.00550774484872818
v -0.004156323149800301 -0.05950700119137764 -0.019639013335108757
v -0.015684090554714203 -0.07194110006093979 -0.03490021079778671
v -0.02153143286705017 -0.06562869995832443 -0.023624910041689873
v 0.02619261108338833 -0.06777884811162949 -0.04496403783559799
v 8.191913366317749e-06 -0.07937078177928925 -0.03756594657897949
v 0.05595162510871887 -0.018445709720253944 -0.0325249545276165
v 0.058970287442207336 -0.00966406986117363 -0.034449514001607895
v 0.033083487302064896 -0.05776728689670563 -0.048639893531799316
v 0.041573453694581985 -0.03584674745798111 -0.048682816326618195
v 0.0644933432340622 0.0 -0.03684047609567642
v 0.09034433215856552 -0.07939687371253967 -0.11654466390609741
v 0.08602988719940186 -0.09170304238796234 -0.12116413563489914
v 0.08501449227333069 -0.08387316018342972 -0.1007651761174202
v 0.08145052939653397 -0.09883169829845428 -0.09798690676689148
v 0.08248717337846756 -0.08342913538217545 -0.10543153434991837
v 0.0982811376452446 -0.07812322676181793 -0.10892538726329803
v 0.09541773796081543 -0.09219373762607574 -0.09488122910261154
v 0.10064271092414856 -0.08745121210813522 -0.10086243599653244
v 0.09555865079164505 -0.07958830893039703 -0.11331313848495483
v 0.639967143535614 -0.26843908429145813 -0.06008584797382355
v 0.6437013149261475 -0.2704756557941437 -0.06501322984695435
v 0.6516323089599609 -0.2737498879432678 -0.06174224615097046
v 0.639061450958252 -0.27155059576034546 -0.06047733128070831
v -0.054492559283971786 -0.02752814069390297 0.14300504326820374
v -0.06222691386938095 -0.0036738947965204716 0.14766457676887512
v -0.046714574098587036 -0.049373555928468704 0.10336761921644211
v -0.034242093563079834 -0.05963263288140297 0.09567303955554962
v -0.04181015491485596 -0.06447857618331909 0.07461090385913849
v -0.051502395421266556 -0.06936393678188324 0.053053032606840134
v -0.057018935680389404 -0.0712125226855278 0.033550310879945755
v -0.051594413816928864 -0.07120560854673386 0.021906999871134758
v -0.017688553780317307 -0.05805078148841858 -0.013893303461372852
v -0.048330917954444885 -0.057441454380750656 -0.0020325034856796265
v -0.058942317962646484 -0.06289159506559372 0.0072510819882154465
v -0.026569413021206856 -0.06316152960062027 -0.016864635050296783
v -0.016045209020376205 -0.08345005661249161 -0.04101455956697464
v 0.0017062192782759666 -0.08632651716470718 -0.04690791666507721
v 0.05420469120144844 -0.013851246796548367 -0.036891475319862366
v 0.05802972614765167 0.0004417700693011284 -0.03153863549232483
v 0.05704589933156967 0.0 -0.03358953073620796
v 0.026160720735788345 -0.06079162657260895 -0.05267252027988434
v 0.026927463710308075 -0.043731916695833206 -0.05479823052883148
v 0.09675635397434235 -0.08849246799945831 -0.12398514151573181
v 0.09908682107925415 -0.10851259529590607 -0.13025787472724915
v 0.0867997482419014 -0.11039771139621735 -0.1201571673154831
v 0.087020643055439 -0.0939018577337265 -0.09368366003036499
v 0.08688002079725266 -0.12903983891010284 -0.11097230017185211
v 0.08509150892496109 -0.1221412718296051 -0.09580814093351364
v 0.10386225581169128 -0.0848865807056427 -0.11003383249044418
v 0.097588449716568 -0.10403783619403839 -0.08989491313695908
v 0.10546986758708954 -0.09817370027303696 -0.09685355424880981
v 0.10355593264102936 -0.08693791925907135 -0.1186240166425705
v 0.656593918800354 -0.266587495803833 -0.059093743562698364
v 0.6540637016296387 -0.26034462451934814 -0.0617317259311676
v 0.6583169102668762 -0.2678529620170593 -0.06517713516950607
v 0.6577209830284119 -0.26757436990737915 -0.05775462090969086
v -0.06373486667871475 -0.019818097352981567 0.1351846158504486
v -0.07355798780918121 -0.0003642076626420021 0.13399836421012878
v -0.05759891867637634 -0.045958876609802246 0.09859073162078857
v -0.046038296073675156 -0.05767764523625374 0.08786268532276154
v -0.049675457179546356 -0.06496784090995789 0.06870678067207336
v -0.06548485159873962 -0.06582494080066681 0.043378379195928574
v -0.07792128622531891 -0.06355148553848267 0.029273761436343193
v -0.0666096955537796 -0.06555207073688507 0.019365258514881134
v -0.03130156919360161 -0.05284608155488968 -0.011590281501412392
v -0.0739385336637497 -0.05986964330077171 0.0056112417951226234
v -0.0668068528175354 -0.05523953586816788 -0.0027341358363628387
v -0.04051163047552109 -0.05698412284255028 -0.014790380373597145
v -0.041680216789245605 -0.06328955292701721 -0.025271978229284286
v 0.022406617179512978 -0.07231128960847855 -0.04841099679470062
v -0.03796666860580444 -0.07758921384811401 -0.03662347048521042
v -0.01186242513358593 -0.09289132058620453 -0.04691345989704132
v 0.000421757809817791 -0.1007140651345253 -0.05569542571902275
v 0.014344461262226105 -0.0767284706234932 -0.0446220338344574
v 0.015308946371078491 -0.08542286604642868 -0.05632194131612778
v 0.059949710965156555 0.00067861657589674 -0.03169024735689163
v 0.041116196662187576 -0.02501925267279148 -0.04651695862412453
v 0.06631287932395935 0.0 -0.03461913764476776
v 0.022193673998117447 -0.05479326844215393 -0.06653540581464767
v 0.019180599600076675 -0.038411542773246765 -0.06394847482442856
v 0.11111967265605927 -0.10386082530021667 -0.12878231704235077
v 0.11813881993293762 -0.13003912568092346 -0.13663709163665771
v 0.09577549993991852 -0.13024762272834778 -0.12701518833637238
v 0.08891191333532333 -0.11175812780857086 -0.08917014300823212
v 0.09551942348480225 -0.15006783604621887 -0.11746574938297272
v 0.09105060249567032 -0.14313514530658722 -0.09667953848838806
v 0.11120133101940155 -0.09558522701263428 -0.10680488497018814
v 0.11422232538461685 -0.09659074991941452 -0.1188587173819542
v 0.673505961894989 -0.25384360551834106 -0.06772581487894058
v 0.6725030541419983 -0.25129565596580505 -0.05985979735851288
v 0.6778608560562134 -0.26310625672340393 -0.06626532971858978
v 0.6756709218025208 -0.2675914168357849 -0.059453099966049194
v -0.07664622366428375 -0.015035323798656464 0.12474018335342407
v -0.07382508367300034 0.00624197768047452 0.1310344934463501
v -0.05485910177230835 -0.03585250675678253 0.11710752546787262
v -0.06909159570932388 -0.033061232417821884 0.10924245417118073
v -0.06724385172128677 -0.04211902245879173 0.08406487107276917
v -0.05723114684224129 -0.05603668838739395 0.07671590894460678
v -0.05802273750305176 -0.06346279382705688 0.05954207479953766
v -0.08248396217823029 -0.06104493886232376 0.03856208175420761
v -0.08752883970737457 -0.06073588877916336 0.020878341048955917
v -0.0824705958366394 -0.061633311212062836 0.015300225466489792
v -0.060315344482660294 -0.05086624249815941 -0.009305335581302643
v -0.08912520855665207 -0.05719669535756111 0.003330155275762081
v -0.08164726197719574 -0.056274257600307465 -0.002593827899545431
v -0.05781955644488335 -0.05249042436480522 -0.007373512256890535
v -0.060764264315366745 -0.053454525768756866 -0.018715079873800278
v 0.022594694048166275 -0.07094061374664307 -0.06110522896051407
v -0.05349308252334595 -0.06685157120227814 -0.030720897018909454
v -0.03144652396440506 -0.09231390058994293 -0.04313075542449951
v -0.01647179014980793 -0.1080249696969986 -0.053183283656835556
v -0.008368819952011108 -0.115906722843647 -0.06196000054478645
v 0.011016172356903553 -0.09825649857521057 -0.0664260983467102
v 0.06121112406253815 0.0 -0.03159242123365402
v 0.051096364855766296 -0.006091413088142872 -0.0333559513092041
v 0.028431598097085953 -0.025800170376896858 -0.047188930213451385
v 0.01655614748597145 -0.048162635415792465 -0.07611192762851715
v 0.009772853925824165 -0.03322385251522064 -0.07370510697364807
v 0.12388963997364044 -0.11421267688274384 -0.127849742770195
v 0.1109389066696167 -0.15177690982818604 -0.13219377398490906
v 0.13096755743026733 -0.15326674282550812 -0.13703301548957825
v 0.09453670680522919 -0.13282592594623566 -0.08548207581043243
v 0.10171293467283249 -0.1199243813753128 -0.08465271443128586
v 0.11153780668973923 -0.172183558344841 -0.12075899541378021
v 0.10234981775283813 -0.17112191021442413 -0.09656646847724915
v 0.11105895787477493 -0.11154285073280334 -0.0895417332649231
v 0.11505676805973053 -0.10432639718055725 -0.1000441163778305
v 0.12221859395503998 -0.10721628367900848 -0.11212202906608582
v 0.6883387565612793 -0.24393010139465332 -0.06589961796998978
v 0.6948979496955872 -0.25420257449150085 -0.06900832802057266
v 0.698610246181488 -0.25949111580848694 -0.061596162617206573
v 0.6855659484863281 -0.25413787364959717 -0.060001373291015625
v -0.07959828525781631 -0.009647779166698456 0.11724887043237686
v -0.08113165199756622 -0.0254491176456213 0.09394551068544388
v -0.08182436227798462 -0.039252832531929016 0.06908220052719116
v -0.06746290624141693 -0.05137953907251358 0.0648687407374382
v -0.07410290837287903 -0.060411542654037476 0.04804679751396179
v -0.09232482314109802 -0.05902428925037384 0.02979595586657524
v -0.09696757793426514 -0.058349139988422394 0.01651299186050892
v -0.09210503846406937 -0.05824277177453041 0.010201998054981232
v -0.0787527784705162 -0.052145861089229584 -0.011772111058235168
v -0.07567595690488815 -0.053185295313596725 -0.008531654253602028
v -0.095777727663517 -0.054488882422447205 0.00024085032055154443
v -0.09365561604499817 -0.05367935448884964 -0.0037957141175866127
v -0.07379252463579178 -0.0497107170522213 -0.011951461434364319
v -0.06895514577627182 -0.05088360235095024 -0.025075871497392654
v 0.019710615277290344 -0.0702584981918335 -0.08031406998634338
v -0.05572677031159401 -0.0856451764702797 -0.04304002225399017
v -0.0660753846168518 -0.06523244827985764 -0.03935942053794861
v -0.01733437366783619 -0.12336007505655289 -0.06626028567552567
v -0.02182469330728054 -0.12141941487789154 -0.05958056077361107
v 0.0011284016072750092 -0.1130831390619278 -0.06847193837165833
v 0.017824117094278336 -0.08884532749652863 -0.07268345355987549
v 0.05534721910953522 0.0 -0.030224721878767014
v 0.038651857525110245 -0.013736071065068245 -0.03934628888964653
v 0.014450632967054844 -0.02391091175377369 -0.058730125427246094
v -0.0015639020130038261 -0.02345348335802555 -0.0755925178527832
v 0.0034814151003956795 -0.0424894280731678 -0.08924230933189392
v 0.13650083541870117 -0.13522806763648987 -0.1328413486480713
v 0.13977830111980438 -0.16918879747390747 -0.13280200958251953
v 0.12521766126155853 -0.1709287017583847 -0.13100573420524597
v 0.10970284044742584 -0.14100132882595062 -0.07767869532108307
v 0.10231786966323853 -0.15717878937721252 -0.08105459809303284
v 0.1150364801287651 -0.18663686513900757 -0.10858624428510666
v 0.11385804414749146 -0.19110673666000366 -0.08990675956010818
v 0.12486335635185242 -0.11700013279914856 -0.09406739473342896
v 0.11380898207426071 -0.12463583797216415 -0.0827404037117958
v 0.13647371530532837 -0.12305556237697601 -0.11670070886611938
v 0.7020555138587952 -0.24800312519073486 -0.06529440730810165
v 0.7111560106277466 -0.24602341651916504 -0.06517291069030762
v 0.7017347812652588 -0.2523905038833618 -0.06209219992160797
v 0.7062895894050598 -0.2501410245895386 -0.05702020972967148
v -0.08300885558128357 -0.004802386742085218 0.11635628342628479
v -0.10093969106674194 -0.00019809143850579858 0.10978411138057709
v -0.08598750829696655 -0.025754719972610474 0.08203653991222382
v -0.08907262980937958 -0.04521200805902481 0.061360664665699005
v -0.08551738411188126 -0.05105975270271301 0.05781444162130356
v -0.09874100238084793 -0.05750788748264313 0.0458303838968277
v -0.10256453603506088 -0.05655854567885399 0.0202666986733675
v -0.08988388627767563 -0.05334780365228653 -0.008199024945497513
v -0.09367245435714722 -0.0557536855340004 -0.019065333530306816
v -0.09998670220375061 -0.05549672991037369 0.005816072691231966
v -0.10089553892612457 -0.049968745559453964 -0.011808269657194614
v -0.1020125076174736 -0.04984969273209572 -0.007491844706237316
v -0.08588415384292603 -0.05230534449219704 -0.02047189325094223
v -0.07804964482784271 -0.04804522544145584 -0.023875132203102112
v 0.009970362298190594 -0.07065591961145401 -0.09833846986293793
v -0.06454107910394669 -0.08451558649539948 -0.05054866150021553
v -0.037821214646101 -0.1118302270770073 -0.053651705384254456
v -0.05117589235305786 -0.10942617803812027 -0.05726475268602371
v -0.006942056119441986 -0.12206698954105377 -0.07372114062309265
v 0.04304150864481926 -0.0015502418391406536 -0.02827564626932144
v 0.04587669298052788 0.0 -0.017709773033857346
v 0.031158484518527985 -0.009931347332894802 -0.03528972715139389
v 0.0030518723651766777 -0.013318176381289959 -0.060217224061489105
v -0.009849236346781254 -0.03370274230837822 -0.0896357074379921
v -0.013972306624054909 -0.05576098710298538 -0.10512085258960724
v 0.15032492578029633 -0.157212033867836 -0.1316809356212616
v 0.1411064863204956 -0.18534070253372192 -0.12815938889980316
v 0.15200506150722504 -0.17578478157520294 -0.1285630613565445
v 0.12423339486122131 -0.1379828304052353 -0.07773516327142715
v 0.11043746769428253 -0.17727342247962952 -0.07692079246044159
v 0.1197015643119812 -0.1683294028043747 -0.06623499095439911
v 0.12621940672397614 -0.1885194182395935 -0.12181365489959717
v 0.12340512871742249 -0.20652402937412262 -0.08511540293693542
v 0.1255681961774826 -0.20420172810554504 -0.10347812622785568
v 0.13998772203922272 -0.13389922678470612 -0.09468992799520493
v 0.14929474890232086 -0.14100098609924316 -0.11807620525360107
v 0.7131616473197937 -0.24951878190040588 -0.06500785797834396
v 0.7187627553939819 -0.24153468012809753 -0.0589294359087944
v 0.7190801501274109 -0.24339815974235535 -0.05428440123796463
v 0.720924437046051 -0.2512276768684387 -0.06248658150434494
v -0.09926224499940872 -0.0028723874129354954 0.10712239146232605
v -0.08494912087917328 -0.017841318622231483 0.0991341844201088
v -0.11838676035404205 -0.0006000620778650045 0.10868090391159058
v -0.08610059320926666 -0.0241429153829813 0.06343215703964233
v -0.1054188683629036 -0.04007968306541443 0.06478831171989441
v -0.09967121481895447 -0.05175170302391052 0.05866749584674835
v -0.11482534557580948 -0.05464862659573555 0.03590228408575058
v -0.12020369619131088 -0.052979975938797 0.02239316701889038
v -0.10949939489364624 -0.05355365201830864 0.009670734405517578
v -0.10455137491226196 -0.05264192074537277 -0.0015258530620485544
v -0.10500411689281464 -0.05905160680413246 -0.016275642439723015
v -0.10967350006103516 -0.06759943068027496 -0.029281245544552803
v -0.10133740305900574 -0.060843899846076965 -0.030436579138040543
v -0.09403017908334732 -0.055877406150102615 -0.028566185384988785
v -0.01216086745262146 -0.08447999507188797 -0.11090245842933655
v 0.013174689374864101 -0.09493835270404816 -0.0908956378698349
v -0.058097995817661285 -0.10403583943843842 -0.060606107115745544
v -0.0788348838686943 -0.053110335022211075 -0.03250560909509659
v -0.0016410388052463531 -0.11859152466058731 -0.09017835557460785
v 0.008606691844761372 -0.10845506936311722 -0.07762400060892105
v -0.030294060707092285 -0.12823644280433655 -0.06767556071281433
v -0.02146734669804573 -0.12985828518867493 -0.07681915163993835
v -0.036091867834329605 -0.12024662643671036 -0.06867650151252747
v -0.030969496816396713 -0.12411584705114365 -0.0652826577425003
v 0.038772810250520706 0.003309913445264101 -0.022987408563494682
v 0.01785455271601677 0.0025072582066059113 -0.03465120494365692
v -0.011651203036308289 -0.005117482505738735 -0.04972232133150101
v -0.016972843557596207 -0.019877830520272255 -0.07683133333921432
v -0.02192831039428711 -0.03807046264410019 -0.09091755747795105
v -0.03361598029732704 -0.05324069783091545 -0.09775063395500183
v 0.15910886228084564 -0.17123398184776306 -0.12175561487674713
v 0.16847874224185944 -0.18637090921401978 -0.11583475768566132
v 0.15717630088329315 -0.19514167308807373 -0.1214212030172348
v 0.13732515275478363 -0.15497851371765137 -0.07494412362575531
v 0.12613336741924286 -0.18720771372318268 -0.06211889162659645
v 0.12042754888534546 -0.19847142696380615 -0.073321133852005
v 0.14102035760879517 -0.20314468443393707 -0.11668889224529266
v 0.14169351756572723 -0.21699213981628418 -0.10366740077733994
v 0.13216494023799896 -0.21522317826747894 -0.09076010435819626
v 0.1528099775314331 -0.1524258852005005 -0.09491424262523651
v 0.15894685685634613 -0.15925543010234833 -0.11335047334432602
v 0.7320023775100708 -0.23919518291950226 -0.0506281703710556
v 0.7258060574531555 -0.2640705704689026 -0.057908862829208374
v 0.7229065895080566 -0.24299171566963196 -0.06122563034296036
v 0.7221359014511108 -0.2534918189048767 -0.06579435616731644
v -0.12258044630289078 -0.008591830730438232 0.10248104482889175
v -0.09322004020214081 -0.017502373084425926 0.09202761203050613
v -0.08908618986606598 -0.0228181853890419 0.07790186256170273
v -0.08281319588422775 -0.02120266482234001 0.05502142012119293
v -0.07991501688957214 -0.024622861295938492 0.04117795079946518
v -0.09067604690790176 -0.02440710738301277 0.05355903506278992
v -0.11681897938251495 -0.041065704077482224 0.06875234842300415
v -0.11648456007242203 -0.05114055424928665 0.055884432047605515
v -0.13856641948223114 -0.04695817455649376 0.030373143032193184
v -0.12644614279270172 -0.04828612878918648 0.014093519188463688
v -0.11409486085176468 -0.04815533757209778 -0.0032358707394450903
v -0.10963790118694305 -0.04615876078605652 -0.009616070427000523
v -0.10933758318424225 -0.04329000785946846 -0.016501618549227715
v -0.11866461485624313 -0.0712708830833435 -0.025508441030979156
v -0.12084406614303589 -0.0602981261909008 -0.018846003338694572
v -0.11975380033254623 -0.07799564301967621 -0.04176191985607147
v -0.11043253540992737 -0.07066905498504639 -0.03968872129917145
v -0.10527697205543518 -0.06394267082214355 -0.041585683822631836
v -0.09330973029136658 -0.05509194731712341 -0.031409695744514465
v -0.08011510223150253 -0.04793067276477814 -0.02920398861169815
v -0.0713931992650032 -0.051848143339157104 -0.02654380351305008
v -0.0019897818565368652 -0.10542554408311844 -0.1052808165550232
v -0.031753674149513245 -0.07899373769760132 -0.10773572325706482
v -0.07674051821231842 -0.06728962063789368 -0.044390223920345306
v -0.05691937357187271 -0.1072225496172905 -0.07071399688720703
v -0.04679083824157715 -0.11693067848682404 -0.06569136679172516
v -0.06499417126178741 -0.08274849504232407 -0.05538708716630936
v -0.074589304625988 -0.05369969457387924 -0.029911771416664124
v -0.015207327902317047 -0.12289003282785416 -0.0943593978881836
v -0.033060114830732346 -0.12675637006759644 -0.0713149681687355
v -0.02996201626956463 -0.12597709894180298 -0.08316554129123688
v -0.03789161145687103 -0.12835001945495605 -0.06141424924135208
v -0.03321495279669762 -0.12666858732700348 -0.06637217849493027
v -0.03458916395902634 -0.12460862100124359 -0.06470254063606262
v 0.03487071394920349 0.011925283819437027 -0.013489396311342716
v 0.0412667952477932 0.0007798239239491522 -0.0025456962175667286
v -0.0013685105368494987 0.008814800530672073 -0.02428632415831089
v -0.035492852330207825 -0.02119174227118492 -0.05930289998650551
v -0.026562532410025597 -0.004903124645352364 -0.03054412268102169
v -0.03799872100353241 -0.03770212456583977 -0.08106479048728943
v -0.04665178060531616 -0.0593026727437973 -0.08931590616703033
v 0.1652720421552658 -0.17292575538158417 -0.10856375098228455
v 0.17867153882980347 -0.1973392367362976 -0.1014450192451477
v 0.1691828817129135 -0.20284129679203033 -0.11134456843137741
v 0.13643237948417664 -0.17760559916496277 -0.061756182461977005
v 0.13213711977005005 -0.20643168687820435 -0.06139986217021942
v 0.13104061782360077 -0.21502511203289032 -0.07438775151968002
v 0.15659955143928528 -0.21129906177520752 -0.11248078942298889
v 0.15606550872325897 -0.21937692165374756 -0.10222681611776352
v 0.1444801390171051 -0.22299441695213318 -0.08775316923856735
v 0.15229114890098572 -0.17016440629959106 -0.07522974908351898
v 0.1627168506383896 -0.16948112845420837 -0.09458310902118683
v 0.7236989140510559 -0.2546672523021698 -0.05409249663352966
v 0.7295162677764893 -0.24784532189369202 -0.051956139504909515
v 0.7220544815063477 -0.2552640438079834 -0.06170531362295151
v 0.7280505895614624 -0.24292659759521484 -0.060779497027397156
v -0.16026701033115387 -0.019133903086185455 0.07714446634054184
v -0.10547511279582977 -0.021226735785603523 0.08840707689523697
v -0.08883701264858246 -0.022964566946029663 0.07397370785474777
v -0.10734972357749939 -0.03276506066322327 0.07637675851583481
v -0.1336863487958908 -0.04437938705086708 0.06220482662320137
v -0.13555850088596344 -0.04836050420999527 0.047943927347660065
v -0.14169692993164062 -0.041020218282938004 0.021975547075271606
v -0.1539878249168396 -0.042191050946712494 0.04165041074156761
v -0.11440293490886688 -0.04157391935586929 -0.013122964650392532
v -0.11470162868499756 -0.039018888026475906 -0.01722579635679722
v -0.13279736042022705 -0.07842707633972168 -0.034123167395591736
v -0.12501034140586853 -0.08193061500787735 -0.03983462229371071
v -0.12992900609970093 -0.08989793807268143 -0.05516057461500168
v -0.11886212229728699 -0.08124928176403046 -0.0548819899559021
v -0.11467385292053223 -0.07547322660684586 -0.06418932229280472
v -0.1007121354341507 -0.057169109582901 -0.04025023803114891
v -0.09229857474565506 -0.05081572383642197 -0.02961595356464386
v -0.08785861730575562 -0.05440822243690491 -0.027887361124157906
v -0.07409251481294632 -0.05408719554543495 -0.029407314956188202
v -0.04784278944134712 -0.08734508603811264 -0.094248928129673
v -0.04693351686000824 -0.11373354494571686 -0.08285069465637207
v -0.0410437285900116 -0.12304022908210754 -0.08083499222993851
v -0.03477427735924721 -0.11942611634731293 -0.070694699883461
v -0.06230401620268822 -0.08450286835432053 -0.06478619575500488
v -0.07549538463354111 -0.06117958575487137 -0.033327240496873856
v -0.0694541335105896 -0.06703881174325943 -0.04163553565740585
v -0.07651326060295105 -0.05456152558326721 -0.026168322190642357
v -0.07790158689022064 -0.05414867401123047 -0.029207807034254074
v -0.029283734038472176 -0.1227627545595169 -0.09226658940315247
v -0.018714630976319313 -0.10688786208629608 -0.10550915449857712
v -0.038079168647527695 -0.1298447698354721 -0.06691592931747437
v -0.03457655757665634 -0.12201773375272751 -0.07536670565605164
v -0.03842076286673546 -0.13370168209075928 -0.06321950256824493
v -0.03869890049099922 -0.12214870750904083 -0.07655930519104004
v -0.045067958533763885 -0.1252254992723465 -0.06413358449935913
v -0.042478155344724655 -0.13256527483463287 -0.06653465330600739
v 0.02868487685918808 0.0 0.02387181669473648
v 0.010304027236998081 0.012025670148432255 0.004458749666810036
v -0.018356164917349815 0.006097901612520218 -0.001486498862504959
v -0.04126562178134918 -0.008618135005235672 -0.00997997261583805
v -0.04840478673577309 -0.02430407702922821 -0.033820297569036484
v -0.05625259131193161 -0.04402841627597809 -0.06003420799970627
v -0.06342677772045135 -0.06730495393276215 -0.06817838549613953
v 0.1728670448064804 -0.18446752429008484 -0.09484171867370605
v 0.1872686892747879 -0.2108404040336609 -0.08708447217941284
v 0.18528860807418823 -0.2134704738855362 -0.09820809215307236
v 0.1418529897928238 -0.1976352035999298 -0.054864551872015
v 0.1426367163658142 -0.22396337985992432 -0.068999283015728
v 0.14523573219776154 -0.21552476286888123 -0.056538309901952744
v 0.17245781421661377 -0.21516400575637817 -0.10652825236320496
v 0.1653514802455902 -0.2244865447282791 -0.09167765080928802
v 0.15884360671043396 -0.23473359644412994 -0.07602354884147644
v 0.15571385622024536 -0.18595600128173828 -0.06461770832538605
v 0.1634564995765686 -0.18121026456356049 -0.07810040563344955
v 0.7251441478729248 -0.25672030448913574 -0.051465876400470734
v 0.728813111782074 -0.2539076805114746 -0.05592493712902069
v 0.7274872064590454 -0.24763606488704681 -0.054599203169345856
v 0.7302954196929932 -0.25280052423477173 -0.06191635876893997
v -0.1911691427230835 -0.015886086970567703 0.06482554227113724
v -0.09585616737604141 -0.030891207978129387 0.06715723872184753
v -0.07125085592269897 -0.026807354763150215 0.06122473627328873
v -0.06789803504943848 -0.00038912147283554077 0.04970691353082657
v -0.13326171040534973 -0.03482188656926155 0.0734083354473114
v -0.055677711963653564 -0.010040398687124252 0.054723694920539856
v -0.15927748382091522 -0.03835320100188255 0.057337336242198944
v -0.15694454312324524 -0.03979878127574921 0.027434296905994415
v -0.15236791968345642 -0.03306390717625618 0.014037988148629665
v -0.12480022013187408 -0.03751215711236 -0.001416828017681837
v -0.12923717498779297 -0.04362775385379791 -0.01508679986000061
v -0.1423879861831665 -0.09302288293838501 -0.04916718602180481
v -0.1357724964618683 -0.09329725801944733 -0.05268872529268265
v -0.12939029932022095 -0.09116830676794052 -0.07241369038820267
v -0.13380709290504456 -0.09449891000986099 -0.06417747586965561
v -0.10601282119750977 -0.062318094074726105 -0.05617149546742439
v -0.09904591739177704 -0.05209452286362648 -0.03942253440618515
v -0.09309008717536926 -0.04340651258826256 -0.023006048053503036
v -0.08424177765846252 -0.05258091539144516 -0.023775935173034668
v -0.08207324147224426 -0.06314462423324585 -0.024819390848279
v -0.03320379555225372 -0.10609448701143265 -0.10010647773742676
v -0.04063980281352997 -0.11536651849746704 -0.08987245708703995
v -0.05676869675517082 -0.09723655134439468 -0.07893006503582001
v -0.0658317431807518 -0.06919411569833755 -0.05338133126497269
v -0.08425039052963257 -0.0564546138048172 -0.02576306462287903
v -0.07347138226032257 -0.05860969424247742 -0.029825709760189056
v -0.03987013176083565 -0.13492609560489655 -0.0662936270236969
v -0.03473188728094101 -0.12601301074028015 -0.0704558715224266
v -0.04715188965201378 -0.13643880188465118 -0.06250898540019989
v -0.04551953077316284 -0.12396049499511719 -0.0645017921924591
v -0.05687008425593376 -0.12676633894443512 -0.052353210747241974
v -0.051050830632448196 -0.13288241624832153 -0.057916346937417984
v -0.022755470126867294 0.0 0.04813605919480324
v -0.015310429036617279 0.00750863878056407 0.034283652901649475
v -0.03998342901468277 0.0015926682390272617 0.011984031647443771
v -0.056954897940158844 -0.02249785140156746 -0.01000969484448433
v -0.05346214026212692 -0.011898656375706196 0.005994023755192757
v -0.06795092672109604 -0.05237635225057602 -0.04462065175175667
v -0.06911453604698181 -0.0418146550655365 -0.025083523243665695
v 0.18327860534191132 -0.20218734443187714 -0.08152706921100616
v 0.19442681968212128 -0.21910017728805542 -0.09252956509590149
v 0.19173115491867065 -0.21798381209373474 -0.08464857935905457
v 0.15290871262550354 -0.21121159195899963 -0.0520506389439106
v 0.1564447432756424 -0.2340005785226822 -0.06055089086294174
v 0.15593154728412628 -0.22532644867897034 -0.05328654125332832
v 0.18521420657634735 -0.2256990522146225 -0.09790077805519104
v 0.1762576848268509 -0.24176301062107086 -0.08251472562551498
v 0.16841843724250793 -0.24563710391521454 -0.06743103265762329
v 0.16063620150089264 -0.19831977784633636 -0.058331578969955444
v 0.17082597315311432 -0.19173116981983185 -0.07160486280918121
v 0.7313811779022217 -0.2664857506752014 -0.06553949415683746
v 0.7198542952537537 -0.26866912841796875 -0.061482466757297516
v 0.7315667867660522 -0.25815749168395996 -0.0631551593542099
v 0.7315858602523804 -0.25760069489479065 -0.05950184166431427
v -0.18425898253917694 -0.019310014322400093 0.06307379901409149
v -0.1868988424539566 -0.029938457533717155 0.05396444723010063
v -0.12574228644371033 -0.023805849254131317 0.08911869674921036
v -0.05931881070137024 -0.040458355098962784 0.11312492936849594
v -0.16299185156822205 -0.03819293901324272 0.04509571194648743
v -0.1805819272994995 -0.03742143139243126 0.029147451743483543
v -0.14421992003917694 -0.025659363716840744 -0.0006617596372961998
v -0.11937782168388367 -0.02439255267381668 -0.013881977647542953
v -0.11425445228815079 -0.03261636942625046 -0.021965300664305687
v -0.13994763791561127 -0.0671071782708168 -0.028622355312108994
v -0.15437597036361694 -0.10539016127586365 -0.0636078268289566
v -0.15918229520320892 -0.10101605951786041 -0.05723727494478226
v -0.15445354580879211 -0.08618585020303726 -0.043593429028987885
v -0.14258235692977905 -0.09997158497571945 -0.06383699923753738
v -0.14681288599967957 -0.10274463891983032 -0.07412873208522797
v -0.13984811305999756 -0.09703467041254044 -0.08293712884187698
v -0.1255117952823639 -0.08515399694442749 -0.08417471498250961
v -0.11334245651960373 -0.06868065893650055 -0.08001584559679031
v -0.10045377165079117 -0.040112920105457306 -0.03446490690112114
v -0.08398052304983139 -0.035381291061639786 0.002181167248636484
v -0.08195372670888901 -0.04626796022057533 -0.016965575516223907
v -0.0861838236451149 -0.054633062332868576 -0.02770974487066269
v -0.08418641239404678 -0.05091206729412079 -0.021096091717481613
v -0.08409831672906876 -0.04936859756708145 -0.007604427635669708
v -0.08553743362426758 -0.049911752343177795 -0.013422271236777306
v -0.04828164726495743 -0.1369117945432663 -0.06348933279514313
v -0.04572787880897522 -0.12780214846134186 -0.06556526571512222
v -0.051950905472040176 -0.13861070573329926 -0.06056519225239754
v -0.055111922323703766 -0.13730914890766144 -0.0613207183778286
v -0.05037577450275421 -0.12126068770885468 -0.05813826248049736
v -0.053183212876319885 -0.1258365362882614 -0.06191569194197655
v -0.06516993045806885 -0.12641999125480652 -0.04837799072265625
v -0.06009845435619354 -0.13274188339710236 -0.048866670578718185
v -0.057617466896772385 -0.12030333280563354 -0.056293144822120667
v -0.045004621148109436 -0.006588440388441086 0.02508319541811943
v -0.054738208651542664 -0.0022012810222804546 0.04091643542051315
v -0.06878792494535446 -0.02654135785996914 0.008091434836387634
v 0.1892414391040802 -0.2128727287054062 -0.07535280287265778
v 0.1957399845123291 -0.23190093040466309 -0.0866289958357811
v 0.1998482495546341 -0.22429293394088745 -0.08207784593105316
v 0.16107001900672913 -0.22022965550422668 -0.050007302314043045
v 0.1657637059688568 -0.24071207642555237 -0.056730739772319794
v 0.1669079065322876 -0.2329951971769333 -0.049033187329769135
v 0.19006672501564026 -0.23913098871707916 -0.0857386589050293
v 0.18312641978263855 -0.257282018661499 -0.07207067310810089
v 0.17746375501155853 -0.2540668249130249 -0.06008680909872055
v 0.16737613081932068 -0.21158567070960999 -0.05250544473528862
v 0.1796051412820816 -0.207712322473526 -0.061701733618974686
v 0.7321752905845642 -0.2637079954147339 -0.060461871325969696
v 0.7542017102241516 -0.28863251209259033 -0.07333704084157944
v 0.7411918640136719 -0.2797704041004181 -0.07644098997116089
v 0.7327085137367249 -0.27129483222961426 -0.060659684240818024
v 0.7266862392425537 -0.2565927505493164 -0.05635974556207657
v 0.7404485940933228 -0.26411470770835876 -0.061319105327129364
v -0.18632780015468597 -0.02824223041534424 0.05368148535490036
v -0.1827927678823471 -0.035342246294021606 0.042634278535842896
v -0.18076114356517792 -0.0347115732729435 0.033304743468761444
v -0.1724831610918045 -0.03252222388982773 0.01854657754302025
v -0.15856575965881348 -0.019905490800738335 0.004716073162853718
v -0.11749415099620819 -0.010750943794846535 -0.01780574955046177
v -0.13862542808055878 -0.014705332927405834 -0.006642268504947424
v -0.12719298899173737 -0.03819742053747177 -0.019419154152274132
v -0.1495913714170456 -0.0537981316447258 -0.03291011229157448
v -0.172157883644104 -0.10342654585838318 -0.0630095973610878
v -0.16807089745998383 -0.11124199628829956 -0.07200824469327927
v -0.1635369509458542 -0.10957680642604828 -0.07366322726011276
v -0.16933763027191162 -0.08373243361711502 -0.05148657411336899
v -0.15542756021022797 -0.10618029534816742 -0.07069586962461472
v -0.1549198031425476 -0.10543519258499146 -0.08424177765846252
v -0.1407431662082672 -0.0957815870642662 -0.09029623866081238
v -0.10166379809379578 -0.056127823889255524 -0.05061213672161102
v -0.13275443017482758 -0.08640088140964508 -0.09432436525821686
v -0.1244182139635086 -0.07387588918209076 -0.10040885210037231
v -0.10548470914363861 -0.055945057421922684 -0.06758682429790497
v -0.09967510402202606 -0.04661029577255249 -0.053165003657341
v -0.10179881751537323 -0.033126719295978546 -0.0550682507455349
v -0.09113984555006027 -0.019311023876070976 -0.012472668662667274
v -0.060600701719522476 -0.13727854192256927 -0.06536508351564407
v -0.052550431340932846 -0.13361041247844696 -0.06592035293579102
v -0.05787769332528114 -0.13958531618118286 -0.05475261062383652
v -0.060676004737615585 -0.14174510538578033 -0.05711765214800835
v -0.06341151893138885 -0.12812340259552002 -0.06139447167515755
v -0.07778008282184601 -0.12401428818702698 -0.039690010249614716
v -0.06815933436155319 -0.1298907846212387 -0.03637055680155754
v -0.06940948218107224 -0.12008346617221832 -0.051742713898420334
v -0.06932526081800461 -0.006805408746004105 0.021173400804400444
v 0.19868245720863342 -0.22092540562152863 -0.07249045372009277
v 0.20148569345474243 -0.2441168874502182 -0.07992517948150635
v 0.20834004878997803 -0.23462918400764465 -0.07783620059490204
v 0.1740938425064087 -0.2257366180419922 -0.04690639674663544
v 0.18059508502483368 -0.2409944385290146 -0.04178986698389053
v 0.17545270919799805 -0.24744988977909088 -0.0491742268204689
v 0.19083209335803986 -0.2522411048412323 -0.0768708735704422
v 0.1897711306810379 -0.2690572440624237 -0.057953380048274994
v 0.18617160618305206 -0.26374974846839905 -0.046809472143650055
v 0.18330232799053192 -0.22054250538349152 -0.04947014898061752
v 0.19268633425235748 -0.21789859235286713 -0.061519332230091095
v 0.7612720131874084 -0.27646350860595703 -0.07060252130031586
v 0.7584020495414734 -0.2859080731868744 -0.06698315590620041
v 0.7640265822410583 -0.302398145198822 -0.08898232877254486
v 0.7624684572219849 -0.3074665665626526 -0.08646844327449799
v 0.7637052536010742 -0.28153449296951294 -0.06801368296146393
v -0.18656741082668304 -0.019855007529258728 0.07237167656421661
v -0.18985174596309662 -0.03117743879556656 0.062030721455812454
v -0.18392512202262878 -0.031141668558120728 0.0383380725979805
v -0.1878615915775299 -0.031441230326890945 0.04844704270362854
v -0.17538420855998993 -0.0214652419090271 0.022817401215434074
v -0.16456982493400574 -0.017022861167788506 0.008730081841349602
v -0.15091969072818756 -0.008768979460000992 0.0004625516012310982
v -0.11600279062986374 -0.004028295632451773 -0.027147170156240463
v -0.11446067690849304 -0.017752153798937798 -0.021818427368998528
v -0.12216304242610931 0.0006453223759308457 -0.010432272218167782
v -0.11351411789655685 0.0005146798212081194 -0.023519674316048622
v -0.12652218341827393 -0.01968001388013363 -0.0219122301787138
v -0.1738905906677246 -0.10813237726688385 -0.07424617558717728
v -0.17713229358196259 -0.09657140076160431 -0.06460685282945633
v -0.16996356844902039 -0.10695312917232513 -0.07822173088788986
v -0.16812428832054138 -0.10747993737459183 -0.077352374792099
v -0.16058772802352905 -0.04678606986999512 -0.0443289652466774
v -0.1727285236120224 -0.07208311557769775 -0.05194028466939926
v -0.16428318619728088 -0.10900008678436279 -0.07901687175035477
v -0.1632337123155594 -0.10676857829093933 -0.0844217836856842
v -0.15282964706420898 -0.10106230527162552 -0.09376334398984909
v -0.11206458508968353 -0.05590416491031647 -0.09313638508319855
v -0.10432329028844833 -0.041718944907188416 -0.0743551179766655
v -0.10858389735221863 -0.023637568578124046 -0.0763314887881279
v -0.1036987453699112 -0.020454488694667816 -0.04691796749830246
v -0.10652722418308258 -0.0049313735216856 -0.03987587243318558
v -0.09359082579612732 0.0023782458156347275 -0.0015263520181179047
v -0.06615816801786423 -0.13380230963230133 -0.06378749758005142
v -0.0686747208237648 -0.14348483085632324 -0.060856349766254425
v -0.061419058591127396 -0.1392829865217209 -0.04376876726746559
v -0.0671384334564209 -0.148061141371727 -0.05190305784344673
v -0.07215893268585205 -0.12631113827228546 -0.06049118563532829
v -0.08526528626680374 -0.12264867126941681 -0.046765342354774475
v -0.09202110767364502 -0.12693694233894348 -0.03296089917421341
v -0.08009160310029984 -0.13383255898952484 -0.0255704615265131
v 0.20811177790164948 -0.22810469567775726 -0.06867236644029617
v 0.21483616530895233 -0.25061851739883423 -0.07264513522386551
v 0.20579077303409576 -0.2600037157535553 -0.07297538220882416
v 0.18685513734817505 -0.23123502731323242 -0.04189169034361839
v 0.19080589711666107 -0.2450626641511917 -0.0344010591506958
v 0.18678590655326843 -0.2546732723712921 -0.038383081555366516
v 0.19515052437782288 -0.2672567665576935 -0.06705057621002197
v 0.19315089285373688 -0.2770790159702301 -0.042437970638275146
v 0.19396691024303436 -0.2682346999645233 -0.03321054205298424
v 0.19650503993034363 -0.22751055657863617 -0.04658961296081543
v 0.2041441649198532 -0.22625204920768738 -0.05700061470270157
v 0.778622031211853 -0.29810240864753723 -0.08272989839315414
v 0.7678132653236389 -0.3014828860759735 -0.08221171796321869
v 0.7981346249580383 -0.3159436583518982 -0.10512728244066238
v 0.7850286960601807 -0.3242674171924591 -0.10231047868728638
v 0.7800780534744263 -0.3012763261795044 -0.07715120911598206
v -0.1905699223279953 -0.03888746723532677 0.07149679958820343
v -0.19060063362121582 -0.03352760896086693 0.048162516206502914
v -0.19287055730819702 -0.04084914177656174 0.04886377975344658
v -0.17313873767852783 -0.02460804395377636 0.02327064611017704
v -0.18788400292396545 -0.033887483179569244 0.03290592506527901
v -0.1564745008945465 -0.009832458570599556 0.005873194895684719
v -0.16771546006202698 -0.01145973801612854 0.010639313608407974
v -0.14616744220256805 0.0006566336378455162 -0.00043669668957591057
v -0.1127939522266388 0.000415089976741001 -0.03504883125424385
v -0.12709449231624603 0.0031941174529492855 -0.03784554451704025
v -0.14499785006046295 -0.024601636454463005 -0.03859618678689003
v -0.17859672009944916 -0.10683012008666992 -0.07319986075162888
v -0.17171524465084076 -0.10654566437005997 -0.07842867821455002
v -0.17910633981227875 -0.08830798417329788 -0.06394004076719284
v -0.16645042598247528 -0.10281527042388916 -0.07921753823757172
v -0.166709765791893 -0.10361462086439133 -0.07962430268526077
v -0.17412543296813965 -0.05634421855211258 -0.056649304926395416
v -0.16589325666427612 -0.041756950318813324 -0.05102637782692909
v -0.16853897273540497 -0.10473264753818512 -0.07777868211269379
v -0.16394199430942535 -0.10653168708086014 -0.08103477954864502
v -0.16656048595905304 -0.10512974113225937 -0.08755098283290863
v -0.16203440725803375 -0.10261514782905579 -0.09621141105890274
v -0.13868357241153717 -0.08779793977737427 -0.10116347670555115
v -0.1670176088809967 -0.10384766757488251 -0.07959412038326263
v -0.12160834670066833 -0.0567525252699852 -0.10959812253713608
v -0.13368572294712067 -0.07332933694124222 -0.11300954967737198
v -0.11831536144018173 -0.01727811060845852 -0.09674855321645737
v -0.11379202455282211 -0.03650989383459091 -0.10401695221662521
v -0.11530442535877228 -0.009454276412725449 -0.0718868151307106
v -0.11738298088312149 0.004237787798047066 -0.0681116059422493
v -0.10550888627767563 0.007682713679969311 -0.0406893752515316
v -0.0721496045589447 -0.13560830056667328 -0.06215468794107437
v -0.0768517404794693 -0.14986787736415863 -0.05975189432501793
v -0.06924737989902496 -0.15064901113510132 -0.03905019909143448
v -0.07119442522525787 -0.14358553290367126 -0.028654728084802628
v -0.08574149012565613 -0.12596900761127472 -0.05513859912753105
v -0.09915301948785782 -0.1279473453760147 -0.045381877571344376
v -0.10618866235017776 -0.13246001303195953 -0.031131895259022713
v -0.09520197659730911 -0.13428805768489838 -0.02153557725250721
v 0.21787860989570618 -0.24060028791427612 -0.06540767103433609
v 0.22054432332515717 -0.2676423490047455 -0.06702164560556412
v 0.20943570137023926 -0.27526411414146423 -0.0642644613981247
v 0.19893883168697357 -0.23703795671463013 -0.036325883120298386
v 0.19628846645355225 -0.2588750422000885 -0.02778337150812149
v 0.20223981142044067 -0.2500579357147217 -0.025267405435442924
v 0.19892004132270813 -0.2795705199241638 -0.05449879169464111
v 0.1988702118396759 -0.27027633786201477 -0.022899404168128967
v 0.19917532801628113 -0.28050142526626587 -0.025833860039711
v 0.20856712758541107 -0.2333558350801468 -0.04432301223278046
v 0.21571652591228485 -0.23516875505447388 -0.05445821210741997
v 0.7985110282897949 -0.31315600872039795 -0.08949312567710876
v 0.788535475730896 -0.32502618432044983 -0.09897759556770325
v 0.8296743631362915 -0.3462270200252533 -0.13204973936080933
v 0.8346189856529236 -0.31851741671562195 -0.111355721950531
v 0.7928884625434875 -0.31788307428359985 -0.08506487309932709
v -0.20075181126594543 -0.04600866883993149 0.047846876084804535
v -0.18955712020397186 -0.045397691428661346 0.09474002569913864
v -0.19856803119182587 -0.035892076790332794 0.0245730709284544
v -0.1862267106771469 -0.027524897828698158 0.01682494394481182
v -0.1585763543844223 -0.005716872867196798 0.010722586885094643
v -0.17956507205963135 -0.015501472167670727 0.005024721845984459
v -0.1116357073187828 0.0003238744684495032 -0.05006910115480423
v -0.15147481858730316 -0.016926083713769913 -0.0513884574174881
v -0.1813327670097351 -0.09949561208486557 -0.07207494229078293
v -0.17499062418937683 -0.10785159468650818 -0.07850444316864014
v -0.16950809955596924 -0.10520628094673157 -0.07831746339797974
v -0.18176479637622833 -0.07579310238361359 -0.06614617258310318
v -0.15970614552497864 -0.10763762891292572 -0.07979683578014374
v -0.1713283658027649 -0.10148634016513824 -0.07814263552427292
v -0.16712947189807892 -0.10430637747049332 -0.07865340262651443
v -0.17147304117679596 -0.0398465171456337 -0.0654628723859787
v -0.1800997108221054 -0.06057997792959213 -0.07046117633581161
v -0.164162740111351 -0.10454181581735611 -0.07894007861614227
v -0.1687910556793213 -0.10212920606136322 -0.09044661372900009
v -0.16712865233421326 -0.10033327341079712 -0.09772705286741257
v -0.14902520179748535 -0.09195631742477417 -0.10546555370092392
v -0.14452944695949554 -0.07168109714984894 -0.1180424615740776
v -0.12910676002502441 -0.04731253534555435 -0.12233934551477432
v -0.1253855973482132 -0.004319325089454651 -0.09309558570384979
v -0.12797828018665314 -0.01533152349293232 -0.11027360707521439
v -0.12440852075815201 -0.026509061455726624 -0.11400208622217178
v -0.12076963484287262 0.006573488004505634 -0.08907455205917358
v -0.11027857661247253 0.010046890005469322 -0.0674070417881012
v -0.08250495046377182 -0.13913984596729279 -0.06251238286495209
v -0.07693574577569962 -0.15676720440387726 -0.05051788315176964
v -0.08217842876911163 -0.14873503148555756 -0.016235388815402985
v -0.07938985526561737 -0.16221268475055695 -0.029042139649391174
v -0.09877905994653702 -0.13794979453086853 -0.057154927402734756
v -0.11324333399534225 -0.14033900201320648 -0.04363764077425003
v -0.11000241339206696 -0.13718613982200623 -0.01885579153895378
v -0.12057746946811676 -0.1404143124818802 -0.027265114709734917
v 0.2263377606868744 -0.2574315369129181 -0.0636579617857933
v 0.226161390542984 -0.281864732503891 -0.06075125187635422
v 0.21775101125240326 -0.292837530374527 -0.05336788296699524
v 0.21307288110256195 -0.242970809340477 -0.03118593618273735
v 0.20459719002246857 -0.26178625226020813 -0.018460959196090698
v 0.21652477979660034 -0.25318729877471924 -0.01991252414882183
v 0.20459236204624176 -0.29419511556625366 -0.035388875752687454
v 0.2032986432313919 -0.27555006742477417 -0.01353716105222702
v 0.20679175853729248 -0.2900470197200775 -0.01537322998046875
v 0.22255241870880127 -0.24296444654464722 -0.04230532795190811
v 0.22691190242767334 -0.24880968034267426 -0.05365079641342163
v 0.8256771564483643 -0.3476332426071167 -0.10758864879608154
v 0.8828890919685364 -0.34672173857688904 -0.13871054351329803
v 0.8671606779098511 -0.3586573898792267 -0.1436021625995636
v 0.8118349313735962 -0.33184656500816345 -0.08994391560554504
v -0.20819781720638275 -0.0432845875620842 0.11738505214452744
v -0.20369012653827667 -0.0648912638425827 0.0836121067404747
v -0.1972104012966156 -0.055666547268629074 0.06874902546405792
v -0.19904983043670654 -0.020804669708013535 0.00019348971545696259
v -0.1708833873271942 -0.005206971429288387 0.008423855528235435
v -0.10218945145606995 0.00016795429110061377 -0.05907823517918587
v -0.12626458704471588 0.013356747105717659 -0.0568096861243248
v -0.13178254663944244 -0.005502782762050629 -0.03902822732925415
v -0.15590950846672058 -0.012156197801232338 -0.0658065602183342
v -0.185662180185318 -0.09230531752109528 -0.07778196036815643
v -0.18019437789916992 -0.10570317506790161 -0.0798872709274292
v -0.1645134836435318 -0.10416223108768463 -0.07921130955219269
v -0.18593229353427887 -0.0734458640217781 -0.0815456360578537
v -0.16938109695911407 -0.10933179408311844 -0.0858212262392044
v -0.17393365502357483 -0.11630778759717941 -0.07257787883281708
v -0.16693249344825745 -0.10534156858921051 -0.07819001376628876
v -0.16339199244976044 -0.1006489098072052 -0.0778064876794815
v -0.16394875943660736 -0.10044066607952118 -0.07746384292840958
v -0.16926592588424683 -0.029785914346575737 -0.08454576134681702
v -0.1802659034729004 -0.053776420652866364 -0.08407126367092133
v -0.16728389263153076 -0.1044834777712822 -0.08113186061382294
v -0.169918954372406 -0.10074838995933533 -0.08963533490896225
v -0.17151513695716858 -0.09752243757247925 -0.09781105071306229
v -0.15954381227493286 -0.09057663381099701 -0.1078251525759697
v -0.1573731005191803 -0.07355675846338272 -0.11868076771497726
v -0.14771510660648346 -0.04736313223838806 -0.12870627641677856
v -0.1352348029613495 -0.00833338312804699 -0.11236565560102463
v -0.13275286555290222 0.002580433152616024 -0.10348663479089737
v -0.0926477313041687 0.013479489833116531 -0.07622228562831879
v -0.08921654522418976 -0.1559215784072876 -0.05860833451151848
v -0.08865902572870255 -0.16518211364746094 -0.045838721096515656
v -0.09772093594074249 -0.1505279392004013 -0.005565408617258072
v -0.08863218128681183 -0.16762994229793549 -0.01560010015964508
v -0.11074011027812958 -0.15610618889331818 -0.05190855637192726
v -0.1254347413778305 -0.1511402726173401 -0.03794584423303604
v -0.13346514105796814 -0.1466846466064453 -0.02245974726974964
v -0.12044350057840347 -0.14173521101474762 -0.010509707033634186
v -0.10137095302343369 -0.14125724136829376 -0.010059326887130737
v 0.23260368406772614 -0.27105414867401123 -0.060027945786714554
v 0.22925114631652832 -0.29464346170425415 -0.051685161888599396
v 0.221527099609375 -0.303730845451355 -0.040591947734355927
v 0.22879831492900848 -0.2495226263999939 -0.02801830880343914
v 0.23706646263599396 -0.25794997811317444 -0.015325270593166351
v 0.21710345149040222 -0.26562780141830444 -0.009134158492088318
v 0.21705545485019684 -0.3040309548377991 -0.022310998290777206
v 0.22152815759181976 -0.29788702726364136 -0.0052698515355587006
v 0.21891315281391144 -0.2824651002883911 -0.0021981075406074524
v 0.23453766107559204 -0.2525811791419983 -0.04139864817261696
v 0.2352902740240097 -0.2595708668231964 -0.05362086370587349
v 0.8679634928703308 -0.36931246519088745 -0.13062167167663574
v 0.8650110960006714 -0.34085166454315186 -0.11063240468502045
v 0.8827187418937683 -0.3671095669269562 -0.14325077831745148
v 0.8765385150909424 -0.37198787927627563 -0.1439671814441681
v -0.221930593252182 -0.0458306148648262 0.13502202928066254
v -0.20627076923847198 -0.058612238615751266 0.0996677502989769
v -0.22188229858875275 -0.038348156958818436 0.01591417007148266
v -0.1901111900806427 -0.006694000214338303 -0.0021156538277864456
v -0.11088178306818008 0.01825803518295288 -0.07013992965221405
v -0.1341966986656189 0.010458924807608128 -0.06966105848550797
v -0.13185402750968933 0.00440291129052639 -0.05129360407590866
v -0.15121547877788544 -0.0032446011900901794 -0.08258654922246933
v -0.182037815451622 -0.1014530211687088 -0.08588642627000809
v -0.17306764423847198 -0.10532774031162262 -0.08302760124206543
v -0.17035546898841858 -0.1041058748960495 -0.07890917360782623
v -0.16008532047271729 -0.10299775004386902 -0.08117891848087311
v -0.15572038292884827 -0.10565608739852905 -0.08526201546192169
v -0.16351692378520966 -0.11101236194372177 -0.08000458776950836
v -0.18606169521808624 -0.1194501742720604 -0.06925749778747559
v -0.18657663464546204 -0.1320216804742813 -0.06151176616549492
v -0.16170810163021088 -0.1168108582496643 -0.07898586243391037
v -0.15837489068508148 -0.10469077527523041 -0.0792575255036354
v -0.15771710872650146 -0.10249874740839005 -0.07572925835847855
v -0.16132418811321259 -0.1032259464263916 -0.07643647491931915
v -0.1791166216135025 -0.049059346318244934 -0.10364282131195068
v -0.1641434282064438 -0.0204832311719656 -0.100822314620018
v -0.1665252447128296 -0.10352452099323273 -0.08043231815099716
v -0.17601187527179718 -0.0949944406747818 -0.09690970927476883
v -0.1733410358428955 -0.1010238379240036 -0.08750949800014496
v -0.16818556189537048 -0.08789686858654022 -0.10868407785892487
v -0.13512422144412994 -0.025115782395005226 -0.12309776991605759
v -0.15822099149227142 -0.034723468124866486 -0.12372077256441116
v -0.16905416548252106 -0.062347665429115295 -0.12058541923761368
v -0.1453155130147934 -0.018720250576734543 -0.12258090823888779
v -0.15195932984352112 -0.009080374613404274 -0.11146097630262375
v -0.12356264144182205 0.015602264553308487 -0.09131112694740295
v -0.09845691919326782 -0.165634885430336 -0.04879011958837509
v -0.09803832322359085 -0.175943061709404 -0.03450584039092064
v -0.10486346483230591 -0.15860667824745178 0.001980111002922058
v -0.1046539768576622 -0.1737038493156433 -0.004503466188907623
v -0.12306077033281326 -0.16451579332351685 -0.041235268115997314
v -0.13252608478069305 -0.1601855307817459 -0.03235333412885666
v -0.1338893175125122 -0.1431499421596527 0.002840612083673477
v -0.14460134506225586 -0.1531369984149933 -0.012172549962997437
v -0.113287054002285 -0.14532634615898132 0.000621505081653595
v 0.23747223615646362 -0.2824481725692749 -0.055689841508865356
v 0.23580977320671082 -0.3138352334499359 -0.02902808040380478
v 0.23915904760360718 -0.3084125220775604 -0.04166673123836517
v 0.24288909137248993 -0.2543979585170746 -0.030055252835154533
v 0.23922565579414368 -0.27383649349212646 -0.0018750466406345367
v 0.2547096610069275 -0.27035465836524963 -0.009021274745464325
v 0.23410576581954956 -0.3098927140235901 -0.012977823615074158
v 0.24105556309223175 -0.30505385994911194 -0.002437124028801918
v 0.24082915484905243 -0.29029881954193115 0.004499219357967377
v 0.24260030686855316 -0.25873589515686035 -0.0436941459774971
v 0.24294550716876984 -0.2685270309448242 -0.05222166329622269
v 0.884745717048645 -0.3747222423553467 -0.14083214104175568
v 0.9027310609817505 -0.3575845956802368 -0.134438157081604
v 0.8855366706848145 -0.3699508607387543 -0.14844158291816711
v 0.8843006491661072 -0.3625704348087311 -0.15149882435798645
v -0.21186810731887817 -0.05764668434858322 0.04852250963449478
v -0.20878896117210388 -0.06455814838409424 0.06968788802623749
v -0.23258502781391144 -0.05873408913612366 0.1417795717716217
v -0.21758291125297546 -0.07016623020172119 0.12319548428058624
v -0.21359208226203918 -0.07738557457923889 0.10013606399297714
v -0.21331249177455902 -0.07242551445960999 0.08286205679178238
v -0.22256611287593842 -0.014872822910547256 -0.001799008809030056
v -0.12239810824394226 0.015066217631101608 -0.08072090148925781
v -0.14644868671894073 0.0017970260232686996 -0.09483736753463745
v -0.1756156086921692 -0.10306490957736969 -0.08631761372089386
v -0.185921311378479 -0.08511517941951752 -0.09151960164308548
v -0.1660764366388321 -0.10089857876300812 -0.07827800512313843
v -0.16904257237911224 -0.10366594046354294 -0.08106891810894012
v -0.15575747191905975 -0.10543792694807053 -0.07810203731060028
v -0.15589293837547302 -0.11149121820926666 -0.07581925392150879
v -0.16374343633651733 -0.11843681335449219 -0.07396459579467773
v -0.1796477884054184 -0.11482193320989609 -0.07649136334657669
v -0.19971661269664764 -0.13678309321403503 -0.058317940682172775
v -0.19186006486415863 -0.1474643051624298 -0.05375361442565918
v -0.17452500760555267 -0.13859230279922485 -0.0664750188589096
v -0.15782025456428528 -0.11964551359415054 -0.07408496737480164
v -0.16353505849838257 -0.11557481437921524 -0.07333587110042572
v -0.16257897019386292 -0.10347577184438705 -0.07719610631465912
v -0.18485699594020844 -0.06760381162166595 -0.09402909874916077
v -0.1695507913827896 -0.037782229483127594 -0.11576208472251892
v -0.17700405418872833 -0.05762527137994766 -0.11307143419981003
v -0.17429013550281525 -0.08640438318252563 -0.10703117400407791
v -0.18052949011325836 -0.09590514004230499 -0.09298919886350632
v -0.11059179157018661 -0.1681407243013382 -0.044495582580566406
v -0.11115779727697372 -0.18385623395442963 -0.01862179860472679
v -0.11855647712945938 -0.18375694751739502 0.0029146671295166016
v -0.113736093044281 -0.1675957888364792 0.012437187135219574
v -0.13334393501281738 -0.16888046264648438 -0.031412847340106964
v -0.14474934339523315 -0.16485576331615448 -0.023456668481230736
v -0.12224697321653366 -0.15099503099918365 0.014118596911430359
v -0.14762187004089355 -0.14907003939151764 0.0018973834812641144
v -0.14074350893497467 -0.14620186388492584 0.017303787171840668
v 0.24614061415195465 -0.29743269085884094 -0.04949331283569336
v 0.25264477729797363 -0.31893593072891235 -0.034211765974760056
v 0.24953608214855194 -0.3192402720451355 -0.022320210933685303
v 0.2599441409111023 -0.26622274518013 -0.02226138301193714
v 0.24735675752162933 -0.31282395124435425 -0.011674582958221436
v 0.2593865394592285 -0.2814267873764038 0.0023972317576408386
v 0.25240635871887207 -0.30401962995529175 0.0033369921147823334
v 0.25868040323257446 -0.29732850193977356 0.006911255419254303
v 0.25421929359436035 -0.2648948132991791 -0.040489450097084045
v 0.25373226404190063 -0.2811959385871887 -0.04899962991476059
v 0.8975523710250854 -0.3703756630420685 -0.14108258485794067
v 0.8984664678573608 -0.3649134635925293 -0.14548814296722412
v 0.8944925665855408 -0.3678043782711029 -0.14692264795303345
v -0.22030922770500183 -0.06805497407913208 0.06734977662563324
v -0.23353925347328186 -0.059829264879226685 0.04844130203127861
v -0.23726263642311096 -0.07703850418329239 0.1315045803785324
v -0.2560465633869171 -0.0640115961432457 0.12950216233730316
v -0.2310027927160263 -0.08828140050172806 0.11672438681125641
v -0.2259857952594757 -0.08321163058280945 0.08753899484872818
v -0.2512552738189697 -0.04394667223095894 0.020816035568714142
v -0.2613816261291504 -0.023533232510089874 0.004239746369421482
v -0.26370003819465637 -0.010952472686767578 0.004968107677996159
v -0.16319581866264343 -0.1237691268324852 -0.07317856699228287
v -0.17357654869556427 -0.1209178939461708 -0.075682133436203
v -0.1939982771873474 -0.12740066647529602 -0.0656287744641304
v -0.20786292850971222 -0.14854195713996887 -0.04832492768764496
v -0.2003842443227768 -0.16433274745941162 -0.04177462309598923
v -0.18529072403907776 -0.16194111108779907 -0.052088163793087006
v -0.16338875889778137 -0.13445602357387543 -0.07149158418178558
v -0.18279455602169037 -0.07694318890571594 -0.10590777546167374
v -0.12167388945817947 -0.17789964377880096 -0.03323240950703621
v -0.12664896249771118 -0.18803681433200836 -0.011135488748550415
v -0.1248861774802208 -0.17338867485523224 0.02395356446504593
v -0.12915301322937012 -0.18594621121883392 0.015009239315986633
v -0.137155681848526 -0.17580856382846832 -0.02568616159260273
v -0.1595952808856964 -0.1651170402765274 -0.009182743728160858
v -0.12933644652366638 -0.15574412047863007 0.028625905513763428
v -0.15890169143676758 -0.15098243951797485 0.011954698711633682
v -0.14456956088542938 -0.1468387246131897 0.026702292263507843
v 0.25777575373649597 -0.3123452663421631 -0.04325362294912338
v 0.25855278968811035 -0.318118691444397 -0.0169055238366127
v 0.2615346908569336 -0.3238055109977722 -0.027702033519744873
v 0.2703533172607422 -0.2752527892589569 -0.013645054772496223
v 0.2523672878742218 -0.31003332138061523 -0.0067873429507017136
v 0.26860976219177246 -0.284992516040802 0.0013535581529140472
v 0.26337629556655884 -0.30764785408973694 0.0034992583096027374
v 0.2674909830093384 -0.3069217801094055 -0.00186215341091156
v 0.26997947692871094 -0.28085508942604065 -0.03686770796775818
v 0.2612057328224182 -0.29637086391448975 -0.044845301657915115
v -0.23591560125350952 -0.07099944353103638 0.06583570688962936
v -0.25993719696998596 -0.06347683817148209 0.057109981775283813
v -0.25852274894714355 -0.05671970918774605 0.04096226394176483
v -0.2463335543870926 -0.08742517232894897 0.1230517327785492
v -0.27023226022720337 -0.053208138793706894 0.11052798479795456
v -0.24500390887260437 -0.08574126660823822 0.09435895085334778
v -0.2480640709400177 -0.09011176228523254 0.11377333104610443
v -0.2826257348060608 -0.0363396592438221 0.01843835785984993
v -0.27574092149734497 -0.05013205483555794 0.03175441920757294
v -0.16875354945659637 -0.1277388632297516 -0.0745069682598114
v -0.20315130054950714 -0.1401256024837494 -0.05536778271198273
v -0.21918898820877075 -0.1649867445230484 -0.04482705891132355
v -0.20847178995609283 -0.17315545678138733 -0.04159754514694214
v -0.19346237182617188 -0.17034168541431427 -0.04763975739479065
v -0.1706494837999344 -0.15060895681381226 -0.06572170555591583
v -0.13087350130081177 -0.183688223361969 -0.02162051387131214
v -0.1338711678981781 -0.19273249804973602 0.0004604049026966095
v -0.13326707482337952 -0.1829497218132019 0.03149515390396118
v -0.13440437614917755 -0.16158702969551086 0.040295712649822235
v -0.1483606994152069 -0.18013016879558563 -0.01799967885017395
v -0.1706470251083374 -0.168728306889534 0.0023557059466838837
v -0.1415209323167801 -0.1497260183095932 0.03776951879262924
v -0.18011096119880676 -0.1591302901506424 0.02118474245071411
v -0.15820634365081787 -0.14246025681495667 0.038157589733600616
v 0.2664366364479065 -0.3194786608219147 -0.03829023241996765
v 0.27457326650619507 -0.2834387719631195 -0.013099869713187218
v 0.26564496755599976 -0.32173386216163635 -0.02237229235470295
v 0.2622493505477905 -0.31302139163017273 -0.009492237120866776
v 0.2711647152900696 -0.2959800362586975 -0.004652339965105057
v 0.2685234844684601 -0.312963604927063 -0.004823237657546997
v 0.2662648558616638 -0.3149053752422333 -0.00585019588470459
v 0.27795612812042236 -0.29013872146606445 -0.028362728655338287
v 0.27044057846069336 -0.30626773834228516 -0.03905504196882248
v -0.25205671787261963 -0.07656551897525787 0.07374736666679382
v -0.27202939987182617 -0.06604279577732086 0.06743782013654709
v -0.2715291380882263 -0.05831533297896385 0.050355542451143265
v -0.27181413769721985 -0.06887236982584 0.10510917752981186
v -0.28709089756011963 -0.04329323023557663 0.0923319160938263
v -0.29442298412323 -0.05370566248893738 0.04652301222085953
v -0.29540473222732544 -0.04313993826508522 0.033994633704423904
v -0.2938655614852905 -0.03153645619750023 0.07867208868265152
v -0.2990116477012634 -0.027485322207212448 0.025277066975831985
v -0.17189306020736694 -0.14505541324615479 -0.07014468312263489
v -0.18034569919109344 -0.1339498907327652 -0.06975962221622467
v -0.18500415980815887 -0.12567469477653503 -0.0704803392291069
v -0.19183500111103058 -0.13505791127681732 -0.06555415689945221
v -0.21436505019664764 -0.15208983421325684 -0.05016413703560829
v -0.21567203104496002 -0.17510879039764404 -0.04863075166940689
v -0.21431298553943634 -0.17629683017730713 -0.04142576456069946
v -0.20078477263450623 -0.1724451631307602 -0.04533310979604721
v -0.18229995667934418 -0.16481852531433105 -0.05825670436024666
v -0.14496996998786926 -0.19100861251354218 -0.011712729930877686
v -0.14206820726394653 -0.1963956654071808 0.01965482532978058
v -0.1446547508239746 -0.1630837619304657 0.05381762236356735
v -0.14164721965789795 -0.18009555339813232 0.050036340951919556
v -0.16477379202842712 -0.18822288513183594 -0.004724964499473572
v -0.18215975165367126 -0.18138067424297333 0.008545588701963425
v -0.14763076603412628 -0.1508418470621109 0.04959471523761749
v -0.1834583878517151 -0.14704470336437225 0.04412001371383667
v -0.19203084707260132 -0.16852273046970367 0.02946489304304123
v 0.26858246326446533 -0.3246104121208191 -0.036292098462581635
v 0.2781020402908325 -0.2899748682975769 -0.012634050101041794
v 0.26794302463531494 -0.31640487909317017 -0.0111458171159029
v 0.26989322900772095 -0.3222328722476959 -0.021412793546915054
v 0.2714475095272064 -0.30751898884773254 -0.006614647805690765
v 0.267684668302536 -0.31779947876930237 -0.005863463971763849
v 0.27086806297302246 -0.314134806394577 -0.004556840285658836
v 0.28139030933380127 -0.2997579872608185 -0.027352431789040565
v 0.27744820713996887 -0.31634095311164856 -0.03765394911170006
v -0.2650199234485626 -0.07301616668701172 0.07594971358776093
v -0.2783200144767761 -0.06696467101573944 0.07045088708400726
v -0.2896762192249298 -0.05977872386574745 0.055651307106018066
v -0.28875744342803955 -0.06039729714393616 0.08568452298641205
v -0.26001957058906555 -0.09002058207988739 0.11130627244710922
v -0.3005990982055664 -0.0333731584250927 0.07962068915367126
v -0.2561150789260864 -0.0835965946316719 0.09946410357952118
v -0.3163783848285675 -0.05761032924056053 0.043816134333610535
v -0.321196049451828 -0.047433190047740936 0.03882785513997078
v -0.3369016945362091 -0.03516300395131111 0.03373280167579651
v -0.31735318899154663 -0.03231734782457352 0.03391378000378609
v -0.17974679172039032 -0.15617495775222778 -0.06485690921545029
v -0.18396297097206116 -0.14698436856269836 -0.06647282838821411
v -0.19954350590705872 -0.14726431667804718 -0.05922258272767067
v -0.2192121148109436 -0.17522397637367249 -0.04627884924411774
v -0.2181883156299591 -0.1836717277765274 -0.04353231191635132
v -0.22011394798755646 -0.18739855289459229 -0.044552307575941086
v -0.20688174664974213 -0.17749153077602386 -0.042218051850795746
v -0.19473415613174438 -0.17263948917388916 -0.049237772822380066
v -0.15372610092163086 -0.2000075727701187 0.0015003643929958344
v -0.14703187346458435 -0.1943746954202652 0.04076434671878815
v -0.15668022632598877 -0.15736065804958344 0.06554596871137619
v -0.1514817476272583 -0.17658758163452148 0.0647997111082077
v -0.17382222414016724 -0.20037336647510529 0.010891817510128021
v -0.1896425485610962 -0.19498899579048157 0.02624133974313736
v -0.16831913590431213 -0.14478428661823273 0.05783943086862564
v -0.2022973895072937 -0.17415562272071838 0.04273056983947754
v -0.199940025806427 -0.1534283310174942 0.052833713591098785
v 0.2751179039478302 -0.32373297214508057 -0.024542465806007385
v 0.27718061208724976 -0.3015150725841522 -0.014199439436197281
v 0.2685210704803467 -0.32394275069236755 -0.016530105844140053
v 0.26618891954421997 -0.3227684199810028 -0.010260540060698986
v 0.27374619245529175 -0.3122376501560211 -0.006832510698586702
v 0.27054041624069214 -0.32137569785118103 -0.006363686174154282
v 0.27376285195350647 -0.3181650936603546 -0.00424489751458168
v 0.2812268137931824 -0.2995550036430359 -0.02173866704106331
v 0.2805839478969574 -0.3179037570953369 -0.030779600143432617
v -0.267588347196579 -0.07467606663703918 0.08296382427215576
v -0.2803272008895874 -0.0690796971321106 0.07108333706855774
v -0.2915317118167877 -0.06751251220703125 0.06227191165089607
v -0.3136778771877289 -0.06838776171207428 0.04844484478235245
v -0.28465983271598816 -0.057957470417022705 0.048297762870788574
v -0.300771564245224 -0.05527499318122864 0.07556739449501038
v -0.2784108519554138 -0.07258936017751694 0.09006986021995544
v -0.274476557970047 -0.07465016841888428 0.08820627629756927
v -0.3022426962852478 -0.044637326151132584 0.07908354699611664
v -0.3306187689304352 -0.058391183614730835 0.036771781742572784
v -0.3326457142829895 -0.0470166951417923 0.03337724879384041
v -0.3187391459941864 -0.04757571965456009 0.12875907123088837
v -0.34630924463272095 -0.030480004847049713 0.015693187713623047
v -0.1941363662481308 -0.15628856420516968 -0.06275419890880585
v -0.19006764888763428 -0.16962294280529022 -0.05842583253979683
v -0.2087702453136444 -0.16254949569702148 -0.05321556329727173
v -0.21251052618026733 -0.18183015286922455 -0.040837109088897705
v -0.22314634919166565 -0.18967999517917633 -0.03970547392964363
v -0.22431017458438873 -0.19450417160987854 -0.04101818799972534
v -0.2020210176706314 -0.17873631417751312 -0.04127002879977226
v -0.15655186772346497 -0.20276989042758942 0.024386487901210785
v -0.15138468146324158 -0.19098621606826782 0.05535212159156799
v -0.17141467332839966 -0.1505751758813858 0.07715607434511185
v -0.16272076964378357 -0.17165955901145935 0.0794791653752327
v -0.17467108368873596 -0.20710982382297516 0.03160949796438217
v -0.2065790891647339 -0.18722867965698242 0.04940181225538254
v -0.18559575080871582 -0.143069788813591 0.06692910939455032
v -0.20123767852783203 -0.1490454375743866 0.07684982568025589
v -0.2097671627998352 -0.1651502251625061 0.06252282857894897
v 0.27196386456489563 -0.32543009519577026 -0.02150271274149418
v 0.276008665561676 -0.311561644077301 -0.009271161630749702
v 0.26531916856765747 -0.32665759325027466 -0.014997120946645737
v 0.26859959959983826 -0.3248961865901947 -0.009970825165510178
v 0.27468404173851013 -0.3157181739807129 -0.006549099460244179
v 0.27523237466812134 -0.3227408230304718 -0.008438080549240112
v 0.27645814418792725 -0.31876063346862793 -0.007392466068267822
v 0.2826482355594635 -0.3125130832195282 -0.017628224566578865
v 0.28136181831359863 -0.3159894347190857 -0.02564549446105957
v -0.2971910238265991 -0.07157330214977264 0.06676486134529114
v -0.3077864646911621 -0.07130512595176697 0.047928206622600555
v -0.30492886900901794 -0.060836710035800934 0.07959020137786865
v -0.28780025243759155 -0.06606923788785934 0.07690346240997314
v -0.31141868233680725 -0.058998383581638336 0.10614888370037079
v -0.34177201986312866 -0.04941348731517792 0.01751665025949478
v -0.3389444947242737 -0.062387317419052124 0.016673840582370758
v -0.33043408393859863 -0.07166162878274918 0.032994791865348816
v -0.34370243549346924 -0.03962518647313118 0.018104329705238342
v -0.354914128780365 -0.020264921709895134 0.002015739679336548
v -0.20119412243366241 -0.1806482970714569 -0.04643373563885689
v -0.20340023934841156 -0.17177653312683105 -0.05324573069810867
v -0.21434235572814941 -0.18234746158123016 -0.04560765624046326
v -0.2150423526763916 -0.17991264164447784 -0.04939844086766243
v -0.21812176704406738 -0.18697558343410492 -0.03785280883312225
v -0.20644338428974152 -0.18547391891479492 -0.039670832455158234
v -0.2078484147787094 -0.1821657419204712 -0.03913069888949394
v -0.21892252564430237 -0.19126200675964355 -0.04280921816825867
v -0.2230330854654312 -0.19773152470588684 -0.04240197688341141
v -0.23327720165252686 -0.20165525376796722 -0.038352109491825104
v -0.22935841977596283 -0.19584035873413086 -0.033072300255298615
v -0.15983641147613525 -0.2025810331106186 0.04743814468383789
v -0.16194483637809753 -0.19464339315891266 0.06808027625083923
v -0.17540580034255981 -0.17784568667411804 0.09435611218214035
v -0.17734378576278687 -0.16208533942699432 0.09539800137281418
v -0.19130364060401917 -0.20244035124778748 0.04820308834314346
v -0.21119281649589539 -0.180707186460495 0.06424261629581451
v -0.18646284937858582 -0.14896707236766815 0.09039074927568436
v -0.21114814281463623 -0.15457133948802948 0.08874761313199997
v -0.19792971014976501 -0.14861813187599182 0.09879083186388016
v 0.2779386043548584 -0.3200341761112213 -0.02503790892660618
v 0.27304938435554504 -0.3244422674179077 -0.01844954490661621
v 0.27891844511032104 -0.3165513873100281 -0.00812319666147232
v 0.27381354570388794 -0.32525572180747986 -0.015303894877433777
v 0.28154173493385315 -0.3239727020263672 -0.01530332863330841
v 0.282058984041214 -0.32171928882598877 -0.013286113739013672
v 0.28453224897384644 -0.3185783922672272 -0.016914933919906616
v 0.28669387102127075 -0.3154247999191284 -0.019955232739448547
v -0.2826639711856842 -0.06749877333641052 0.07524421811103821
v -0.2983744740486145 -0.07221508026123047 0.07054251432418823
v -0.3153725862503052 -0.08284131437540054 0.05807150900363922
v -0.326826810836792 -0.09173478186130524 0.03909650444984436
v -0.3233078718185425 -0.07875467091798782 0.038576461374759674
v -0.3125925064086914 -0.0724203884601593 0.09284278750419617
v -0.31219443678855896 -0.07945889234542847 0.08449603617191315
v -0.2995045781135559 -0.0649266242980957 0.07544215023517609
v -0.32427990436553955 -0.07940879464149475 0.13537651300430298
v -0.3403777480125427 -0.07744897902011871 0.010271817445755005
v -0.34883812069892883 -0.053775787353515625 -0.0026604607701301575
v -0.3504999577999115 -0.04362161085009575 0.0003325045108795166
v -0.3322516977787018 -0.08723309636116028 0.024520933628082275
v -0.3557243049144745 -0.0630643218755722 0.17662326991558075
v -0.35394370555877686 -0.032137855887413025 0.0015188232064247131
v -0.35819384455680847 -0.012982098385691643 -0.015606977045536041
v -0.20565243065357208 -0.18740682303905487 -0.038542263209819794
v -0.20879264175891876 -0.18796277046203613 -0.04294982925057411
v -0.2133725881576538 -0.1930740624666214 -0.043114349246025085
v -0.2215375155210495 -0.1912238895893097 -0.03103744424879551
v -0.20878013968467712 -0.18839778006076813 -0.03838144242763519
v -0.2043127864599228 -0.18908818066120148 -0.04166281968355179
v -0.21573202311992645 -0.20144788920879364 -0.04567024111747742
v -0.2304844856262207 -0.20754259824752808 -0.04462002217769623
v -0.24027970433235168 -0.21096603572368622 -0.03651987016201019
v -0.23677609860897064 -0.20288822054862976 -0.028898093849420547
v -0.17252478003501892 -0.20353174209594727 0.057670556008815765
v -0.17340999841690063 -0.19685080647468567 0.0805758610367775
v -0.1823323369026184 -0.17260004580020905 0.10518115013837814
v -0.18446266651153564 -0.18801838159561157 0.09783449023962021
v -0.20616331696510315 -0.19561496376991272 0.06559081375598907
v -0.21506163477897644 -0.1710721105337143 0.0802505686879158
v -0.19032183289527893 -0.15872332453727722 0.10722718387842178
v -0.19996309280395508 -0.15901656448841095 0.1164403036236763
v -0.21013113856315613 -0.15454451739788055 0.1068074181675911
v 0.27481672167778015 -0.32018327713012695 -0.020619936287403107
v 0.2791878879070282 -0.3238740861415863 -0.021299898624420166
v 0.28953689336776733 -0.32368969917297363 -0.026422619819641113
v 0.2910469174385071 -0.3239631950855255 -0.023651018738746643
v 0.29110220074653625 -0.3210764527320862 -0.025787442922592163
v 0.2946884036064148 -0.32110831141471863 -0.027954190969467163
v -0.31418487429618835 -0.08691495656967163 0.06987731903791428
v -0.32778415083885193 -0.10723918676376343 0.05221562087535858
v -0.33608579635620117 -0.10691902041435242 0.016815662384033203
v -0.3240355849266052 -0.08910626918077469 0.12222903966903687
v -0.3191556930541992 -0.09704842418432236 0.09462703764438629
v -0.3159738779067993 -0.08712373673915863 0.07639212906360626
v -0.3226274847984314 -0.10715796053409576 0.08458829671144485
v -0.3441513776779175 -0.0936422199010849 0.15447664260864258
v -0.3461872935295105 -0.09844382107257843 -0.002531871199607849
v -0.3470844626426697 -0.0663239061832428 -0.0029613152146339417
v -0.3516541123390198 -0.07847453653812408 -0.015247505158185959
v -0.3565393388271332 -0.04719319939613342 -0.017997384071350098
v -0.3596246838569641 -0.03677992522716522 -0.017827436327934265
v -0.3604699373245239 -0.02261815220117569 -0.017356570810079575
v -0.36625996232032776 -0.0008650869131088257 -0.03247787058353424
v -0.20627500116825104 -0.19302812218666077 -0.041951268911361694
v -0.22481390833854675 -0.1956210434436798 -0.024017333984375
v -0.2150501310825348 -0.19230692088603973 -0.026645464822649956
v -0.2042544037103653 -0.19362901151180267 -0.040166422724723816
v -0.20633317530155182 -0.19793404638767242 -0.044986844062805176
v -0.22043128311634064 -0.21453407406806946 -0.04636785015463829
v -0.2357771098613739 -0.22262972593307495 -0.04154665023088455
v -0.2442053109407425 -0.21278038620948792 -0.02752244472503662
v -0.24531684815883636 -0.2231927514076233 -0.03231680393218994
v -0.18863233923912048 -0.2010864019393921 0.0709138959646225
v -0.1914266049861908 -0.1991613805294037 0.08582519739866257
v -0.19171276688575745 -0.18397565186023712 0.11244631558656693
v -0.1985270380973816 -0.19657108187675476 0.10441363602876663
v -0.21281003952026367 -0.18732306361198425 0.07829958945512772
v -0.21832185983657837 -0.16539186239242554 0.09819618612527847
v -0.1921040117740631 -0.17169992625713348 0.11627846211194992
v -0.21573549509048462 -0.1606547087430954 0.12284304946660995
v -0.2031283676624298 -0.1701655387878418 0.1306171417236328
v 0.2846173644065857 -0.3169978857040405 -0.025436103343963623
v 0.2893725335597992 -0.3237474262714386 -0.026309281587600708
v 0.3009818196296692 -0.3250662386417389 -0.028822600841522217
v 0.30016130208969116 -0.3256957530975342 -0.029406726360321045
v 0.29784446954727173 -0.32017841935157776 -0.03097987174987793
v -0.3254115879535675 -0.10144657641649246 0.06530994176864624
v -0.3339754343032837 -0.12490449845790863 0.05849619209766388
v -0.3385334312915802 -0.11981098353862762 0.029530338943004608
v -0.3481843173503876 -0.11645688861608505 -0.0031761154532432556
v -0.3266342878341675 -0.1092071384191513 0.11152445524930954
v -0.33623677492141724 -0.0994025245308876 0.1422806829214096
v -0.33249369263648987 -0.12801167368888855 0.10240545868873596
v -0.33623969554901123 -0.13519662618637085 0.08903578668832779
v -0.32805025577545166 -0.11571039259433746 0.07624772936105728
v -0.36415213346481323 -0.10380871593952179 0.16572874784469604
v -0.3569091260433197 -0.09646542370319366 -0.02301059663295746
v -0.3642471432685852 -0.0813598707318306 -0.03468502685427666
v -0.3572729229927063 -0.06145261228084564 -0.024757836014032364
v -0.36696839332580566 -0.046544842422008514 -0.035660598427057266
v -0.3694339692592621 -0.028598744422197342 -0.034020278602838516
v -0.3697504699230194 -0.014278285205364227 -0.032526060938835144
v -0.21190254390239716 -0.20062024891376495 -0.01679440587759018
v -0.23355500400066376 -0.20651540160179138 -0.014394358731806278
v -0.20264850556850433 -0.19912780821323395 -0.030944539234042168
v -0.20419175922870636 -0.21089476346969604 -0.04159320518374443
v -0.2236720472574234 -0.228297159075737 -0.04069388657808304
v -0.23784947395324707 -0.2346986085176468 -0.03700815513730049
v -0.24216780066490173 -0.23865705728530884 -0.02186676114797592
v -0.252164363861084 -0.22468286752700806 -0.01357932947576046
v -0.2075759768486023 -0.19839981198310852 0.07954103499650955
v -0.2094530165195465 -0.19944994151592255 0.09635934978723526
v -0.1998228132724762 -0.1946943700313568 0.11793883889913559
v -0.20972615480422974 -0.20117302238941193 0.11260492354631424
v -0.2195221185684204 -0.18110482394695282 0.09284455329179764
v -0.2265060544013977 -0.16487780213356018 0.11450455337762833
v -0.1978820562362671 -0.18606527149677277 0.12991636991500854
v -0.20906910300254822 -0.17929582297801971 0.14040648937225342
v -0.22068586945533752 -0.1685638129711151 0.1382834017276764
v 0.29854145646095276 -0.325421005487442 -0.028128594160079956
v 0.3018799424171448 -0.3244701027870178 -0.030298545956611633
v 0.3048698306083679 -0.327084481716156 -0.03200620412826538
v 0.30601149797439575 -0.3254793882369995 -0.032276690006256104
v 0.3060392141342163 -0.323751300573349 -0.033246830105781555
v 0.3068948984146118 -0.3231106400489807 -0.033697694540023804
v -0.3405224680900574 -0.1406630575656891 0.06526707857847214
v -0.34209224581718445 -0.13236093521118164 0.04095318913459778
v -0.34955906867980957 -0.12845951318740845 0.007971592247486115
v -0.359357088804245 -0.11520830541849136 -0.02305755764245987
v -0.3464258313179016 -0.13668887317180634 0.12040625512599945
v -0.3440808057785034 -0.12075304985046387 0.13436275720596313
v -0.35610780119895935 -0.11399754136800766 0.15327608585357666
v -0.34638288617134094 -0.14867210388183594 0.10064273327589035
v -0.3440028429031372 -0.14871230721473694 0.07801434397697449
v -0.3826152980327606 -0.11006242781877518 0.1728195697069168
v -0.36696651577949524 -0.10048611462116241 -0.03809046745300293
v -0.37715333700180054 -0.08498948812484741 -0.049360062927007675
v -0.37139439582824707 -0.06615607440471649 -0.0433642640709877
v -0.3809918165206909 -0.03808308392763138 -0.047282978892326355
v -0.37983644008636475 -0.01997583732008934 -0.04431300237774849
v -0.37749558687210083 -0.0025325827300548553 -0.04333830252289772
v -0.21718426048755646 -0.21144253015518188 -0.006059691309928894
v -0.20354384183883667 -0.21432501077651978 -0.02010352723300457
v -0.2383173108100891 -0.2182157337665558 -4.427134990692139e-05
v -0.2148611843585968 -0.23432712256908417 -0.0239257849752903
v -0.23043103516101837 -0.2415601760149002 -0.03069227561354637
v -0.24433819949626923 -0.24866309762001038 -0.025532420724630356
v -0.2618614435195923 -0.25052720308303833 -0.01501800213009119
v -0.26150983572006226 -0.23872432112693787 -0.005474861711263657
v -0.21821531653404236 -0.19297027587890625 0.08922714740037918
v -0.2182403802871704 -0.20034678280353546 0.10222292691469193
v -0.2077091634273529 -0.1984262615442276 0.1282862424850464
v -0.2183622121810913 -0.20740056037902832 0.1181642934679985
v -0.2289128303527832 -0.17808496952056885 0.10751371830701828
v -0.2379252016544342 -0.16765378415584564 0.12939700484275818
v -0.20858576893806458 -0.1918601393699646 0.13882946968078613
v -0.22356218099594116 -0.17799995839595795 0.15393060445785522
v -0.24019500613212585 -0.17138324677944183 0.1488322913646698
v 0.3050857186317444 -0.3258567154407501 -0.032083138823509216
v 0.30465418100357056 -0.32722291350364685 -0.030173644423484802
v 0.30681174993515015 -0.32936856150627136 -0.03467804193496704
v 0.306850790977478 -0.33035212755203247 -0.033707112073898315
v 0.3051221966743469 -0.33189186453819275 -0.03336760401725769
v 0.3111695647239685 -0.3302496373653412 -0.03542059659957886
v 0.3108559250831604 -0.3260522186756134 -0.03595626354217529
v -0.3494550883769989 -0.14811451733112335 0.05101031810045242
v -0.35322245955467224 -0.14168043434619904 0.02064686268568039
v -0.3604288697242737 -0.13260295987129211 -0.012590363621711731
v -0.37212029099464417 -0.11744396388530731 -0.03827903792262077
v -0.3591354489326477 -0.14278940856456757 0.13261668384075165
v -0.3542040288448334 -0.15065926313400269 0.11371706426143646
v -0.3678024411201477 -0.13714176416397095 0.14581447839736938
v -0.38117578625679016 -0.12651900947093964 0.16213011741638184
v -0.3535909652709961 -0.15911085903644562 0.09155537933111191
v -0.3533518612384796 -0.16021598875522614 0.05938906967639923
v -0.399288535118103 -0.1200389713048935 0.17408478260040283
v -0.38085445761680603 -0.10468041896820068 -0.04977348819375038
v -0.3867226839065552 -0.07182170450687408 -0.055423200130462646
v -0.393607497215271 -0.0872320830821991 -0.06130951642990112
v -0.3840913474559784 -0.056869324296712875 -0.05175486207008362
v -0.3946129083633423 -0.02514025568962097 -0.05423064902424812
v -0.38995346426963806 -0.008137650787830353 -0.04887887462973595
v -0.3915794789791107 0.00618627667427063 -0.04909936338663101
v -0.22408024966716766 -0.2212246209383011 0.0024460554122924805
v -0.21417449414730072 -0.22976665198802948 -0.0055192504078149796
v -0.2586408257484436 -0.23316903412342072 0.006449002772569656
v -0.22211335599422455 -0.24435169994831085 -0.01650947332382202
v -0.23642323911190033 -0.2554394602775574 -0.015436775051057339
v -0.252933144569397 -0.2594108283519745 -0.012835975736379623
v -0.2740582823753357 -0.2507810890674591 0.01098066195845604
v -0.2681540250778198 -0.26443612575531006 -0.0014646276831626892
v -0.22592908143997192 -0.18996578454971313 0.09930739551782608
v -0.22857987880706787 -0.20044763386249542 0.10910362750291824
v -0.21539241075515747 -0.20392359793186188 0.1413491666316986
v -0.22754523158073425 -0.21177150309085846 0.13621100783348083
v -0.24079522490501404 -0.18102817237377167 0.11967238038778305
v -0.25337064266204834 -0.174378901720047 0.14358562231063843
v -0.2153419852256775 -0.1882961243391037 0.1473846435546875
v -0.23967492580413818 -0.18051351606845856 0.16364070773124695
v -0.25083085894584656 -0.1758924126625061 0.156622052192688
v 0.30966711044311523 -0.32860642671585083 -0.0334656685590744
v 0.3081623911857605 -0.3289489150047302 -0.03319968283176422
v 0.30958032608032227 -0.3330831825733185 -0.03337216377258301
v 0.30933088064193726 -0.33488547801971436 -0.031401827931404114
v 0.3123336434364319 -0.3337537944316864 -0.03241170942783356
v 0.3138315677642822 -0.3306659460067749 -0.03525002300739288
v 0.31205105781555176 -0.3308863341808319 -0.034610629081726074
v -0.3583521842956543 -0.15207180380821228 0.03228171914815903
v -0.3630971908569336 -0.14580583572387695 0.0011725425720214844
v -0.375495046377182 -0.13521145284175873 -0.03405727446079254
v -0.385397732257843 -0.12676216661930084 -0.04740019142627716
v -0.37621402740478516 -0.15378804504871368 0.13918884098529816
v -0.3639756143093109 -0.1535612791776657 0.12656459212303162
v -0.36268553137779236 -0.16424869000911713 0.10519172251224518
v -0.38774099946022034 -0.14612668752670288 0.15221905708312988
v -0.4001765549182892 -0.13697853684425354 0.16317243874073029
v -0.36248862743377686 -0.16916616261005402 0.07652558386325836
v -0.36206284165382385 -0.1627851128578186 0.04373318701982498
v -0.4163229465484619 -0.1285094916820526 0.17266130447387695
v -0.4030739963054657 -0.11165185272693634 -0.06365711987018585
v -0.41238442063331604 -0.09000864624977112 -0.072223000228405
v -0.40183088183403015 -0.06811895966529846 -0.0645279586315155
v -0.398694783449173 -0.04442569240927696 -0.0591830275952816
v -0.412680059671402 -0.027683719992637634 -0.06346361339092255
v -0.40523043274879456 -0.006205230951309204 -0.056677281856536865
v -0.41126540303230286 0.008109819144010544 -0.05296821892261505
v -0.23038366436958313 -0.23566220700740814 0.017277278006076813
v -0.24396587908267975 -0.22992296516895294 0.015986453741788864
v -0.22156621515750885 -0.2367311716079712 0.008099779486656189
v -0.26183485984802246 -0.24061383306980133 0.024657581001520157
v -0.22502577304840088 -0.25397539138793945 0.0019733216613531113
v -0.2412177473306656 -0.26565423607826233 0.0009163897484540939
v -0.2583632469177246 -0.2694278359413147 0.004073722288012505
v -0.27761852741241455 -0.2677784860134125 0.016661472618579865
v -0.27736377716064453 -0.2566240131855011 0.02608663961291313
v -0.2338048219680786 -0.19199293851852417 0.11295051127672195
v -0.23584645986557007 -0.21012571454048157 0.12113217264413834
v -0.2258893847465515 -0.21001480519771576 0.14983955025672913
v -0.2387801706790924 -0.2176182121038437 0.142917662858963
v -0.25357311964035034 -0.18403317034244537 0.13124528527259827
v -0.2613455355167389 -0.18217596411705017 0.15198823809623718
v -0.2248665690422058 -0.1933678537607193 0.15867263078689575
v -0.25274401903152466 -0.18238483369350433 0.16994813084602356
v -0.2403900921344757 -0.18994328379631042 0.16867637634277344
v 0.3097030520439148 -0.33059248328208923 -0.035651326179504395
v 0.3083481192588806 -0.33253878355026245 -0.03252303600311279
v 0.3108116388320923 -0.3331981897354126 -0.03204844892024994
v 0.3191606402397156 -0.33487609028816223 -0.03551723062992096
v 0.31954526901245117 -0.3321216106414795 -0.0339309424161911
v 0.313717782497406 -0.3255474865436554 -0.03978531062602997
v 0.31267011165618896 -0.3269379436969757 -0.04466184973716736
v -0.3672964572906494 -0.1571999192237854 0.01568402349948883
v -0.37358641624450684 -0.1472790241241455 -0.02072606235742569
v -0.3906862735748291 -0.14151203632354736 -0.045485299080610275
v -0.40495508909225464 -0.1357613503932953 -0.05874060094356537
v -0.3700782358646393 -0.16496266424655914 0.1171630322933197
v -0.37097156047821045 -0.1751076579093933 0.09239260852336884
v -0.4006074070930481 -0.1511501967906952 0.15306910872459412
v -0.4113207757472992 -0.14690513908863068 0.1589287519454956
v -0.3687821626663208 -0.17318028211593628 0.05605916678905487
v -0.3703494668006897 -0.16375732421875 0.028631284832954407
v -0.43791356682777405 -0.12666237354278564 0.1728893518447876
v -0.4269900918006897 -0.11007927358150482 -0.07701648026704788
v -0.4326794147491455 -0.09423873573541641 -0.08048348873853683
v -0.42209383845329285 -0.07136383652687073 -0.07538114488124847
v -0.4162310063838959 -0.04686859995126724 -0.06947977840900421
v -0.42706936597824097 -0.0319540798664093 -0.0706729143857956
v -0.42258694767951965 -0.008686158806085587 -0.062017783522605896
v -0.42573580145835876 0.0088115893304348 -0.05353473126888275
v -0.4368850290775299 0.021900687366724014 -0.04582788050174713
v -0.2282518595457077 -0.24983778595924377 0.018278788775205612
v -0.25085699558258057 -0.2405591607093811 0.03310856595635414
v -0.23945869505405426 -0.24655437469482422 0.03538890555500984
v -0.26955145597457886 -0.2481217235326767 0.03846682980656624
v -0.23252825438976288 -0.25935637950897217 0.012495670467615128
v -0.25017035007476807 -0.2707233428955078 0.013001184910535812
v -0.2716678977012634 -0.2773018181324005 0.0168527290225029
v -0.2812305688858032 -0.25959312915802 0.04195180907845497
v -0.2826940417289734 -0.2704564034938812 0.03522558882832527
v -0.2465471625328064 -0.19910676777362823 0.12428953498601913
v -0.25137946009635925 -0.2147277444601059 0.13556736707687378
v -0.23952165246009827 -0.21364298462867737 0.15846726298332214
v -0.25759345293045044 -0.22143219411373138 0.15292805433273315
v -0.2618030309677124 -0.18886910378932953 0.14273086190223694
v -0.26481983065605164 -0.18297700583934784 0.16365402936935425
v -0.23538881540298462 -0.2019534856081009 0.16351792216300964
v -0.24415436387062073 -0.19804567098617554 0.17428143322467804
v -0.2522995173931122 -0.18847642838954926 0.17865480482578278
v 0.3084397315979004 -0.33421775698661804 -0.04082605242729187
v 0.31257134675979614 -0.33949014544487 -0.03844720125198364
v 0.3185056447982788 -0.32735005021095276 -0.037127017974853516
v 0.3301829695701599 -0.3312709927558899 -0.038094550371170044
v 0.32697123289108276 -0.32573702931404114 -0.03730764985084534
v 0.31424176692962646 -0.3266029953956604 -0.05380052328109741
v 0.31545621156692505 -0.3189140558242798 -0.051123082637786865
v -0.37825626134872437 -0.1607651263475418 -0.005128897726535797
v -0.3853781521320343 -0.1483188271522522 -0.03572842478752136
v -0.4055112600326538 -0.14917267858982086 -0.05387499928474426
v -0.4236994981765747 -0.13051564991474152 -0.07326017320156097
v -0.3823866546154022 -0.16870658099651337 0.12690521776676178
v -0.378543883562088 -0.17530643939971924 0.10964678227901459
v -0.38126906752586365 -0.1829649806022644 0.07330396771430969
v -0.4082184433937073 -0.15981905162334442 0.14900997281074524
v -0.3933563530445099 -0.16232892870903015 0.14178690314292908
v -0.4270549714565277 -0.14331042766571045 0.16260968148708344
v -0.3808218240737915 -0.17345798015594482 0.03353933244943619
v -0.3866337239742279 -0.17238235473632812 0.012849047780036926
v -0.4530900716781616 -0.12809544801712036 0.16332904994487762
v -0.4397394061088562 -0.11010774970054626 -0.08345124870538712
v -0.4446555972099304 -0.09517154097557068 -0.08809372037649155
v -0.438720166683197 -0.07280394434928894 -0.08414459973573685
v -0.43276020884513855 -0.052730582654476166 -0.07804952561855316
v -0.44432374835014343 -0.037854671478271484 -0.07837598025798798
v -0.4402299225330353 -0.01926393061876297 -0.06914602965116501
v -0.43865785002708435 0.004748865962028503 -0.05799102783203125
v -0.45938271284103394 0.01975250244140625 -0.04553791880607605
v -0.2354636788368225 -0.25712546706199646 0.027769502252340317
v -0.25580745935440063 -0.24908119440078735 0.044266898185014725
v -0.2462104707956314 -0.25574666261672974 0.045404959470033646
v -0.2714468836784363 -0.2559000253677368 0.05184153839945793
v -0.24019227921962738 -0.26570361852645874 0.01998855546116829
v -0.25958579778671265 -0.2774817645549774 0.021811839193105698
v -0.2800159454345703 -0.2823997437953949 0.030899371951818466
v -0.2886219024658203 -0.2760009765625 0.04792792722582817
v -0.28670185804367065 -0.2669392228126526 0.057063061743974686
v -0.2645171284675598 -0.20237265527248383 0.1395045816898346
v -0.2684674561023712 -0.21474935114383698 0.14753076434135437
v -0.254853218793869 -0.21743007004261017 0.1683095395565033
v -0.26818960905075073 -0.22195710241794586 0.165144681930542
v -0.2734440565109253 -0.19630540907382965 0.15348896384239197
v -0.2662490904331207 -0.18449991941452026 0.17569351196289062
v -0.24567529559135437 -0.2097853571176529 0.17084655165672302
v -0.25216713547706604 -0.19770683348178864 0.18368421494960785
v -0.25103673338890076 -0.20863482356071472 0.17884990572929382
v 0.3196755051612854 -0.3397655189037323 -0.055584415793418884
v 0.3256317377090454 -0.34026628732681274 -0.049417391419410706
v 0.32575488090515137 -0.3368607461452484 -0.039730459451675415
v 0.32160061597824097 -0.31643709540367126 -0.047253772616386414
v 0.33288586139678955 -0.31474730372428894 -0.04868091642856598
v 0.34459900856018066 -0.3220958709716797 -0.04708340764045715
v 0.3187485933303833 -0.3161988854408264 -0.06382036209106445
v 0.3220783472061157 -0.321833074092865 -0.07155627012252808
v -0.389600545167923 -0.15997640788555145 -0.02692311257123947
v -0.3978547751903534 -0.1557542383670807 -0.043376728892326355
v -0.4208989143371582 -0.1498664915561676 -0.06604936718940735
v -0.4426032304763794 -0.12871786952018738 -0.0838494747877121
v -0.3913814425468445 -0.18740075826644897 0.09245134145021439
v -0.39442577958106995 -0.18570978939533234 0.05071607977151871
v -0.4192773103713989 -0.1566883623600006 0.15375880897045135
v -0.40875592827796936 -0.17026254534721375 0.13937368988990784
v -0.44449925422668457 -0.1457003355026245 0.15755057334899902
v -0.40039366483688354 -0.18157069385051727 0.02139931172132492
v -0.39654403924942017 -0.17097413539886475 -0.014223821461200714
v -0.4687233865261078 -0.12813223898410797 0.15419460833072662
v -0.4490058124065399 -0.11667190492153168 -0.08895088732242584
v -0.4573569893836975 -0.1010291576385498 -0.09482753276824951
v -0.45215895771980286 -0.08134564012289047 -0.09085758030414581
v -0.4479748010635376 -0.05727025121450424 -0.08569588512182236
v -0.4590151011943817 -0.04630139470100403 -0.08357332646846771
v -0.45930665731430054 -0.02684856206178665 -0.07456101477146149
v -0.459311842918396 -0.0029253587126731873 -0.06267376244068146
v -0.47579124569892883 0.008891679346561432 -0.05186143517494202
v -0.24339748919010162 -0.2644800841808319 0.036693423986434937
v -0.25904381275177 -0.2570178806781769 0.05483030900359154
v -0.2537660002708435 -0.26363953948020935 0.0532645620405674
v -0.27719324827194214 -0.2626783847808838 0.05854565277695656
v -0.2514440417289734 -0.273212730884552 0.028368733823299408
v -0.27075719833374023 -0.28323617577552795 0.03288030996918678
v -0.284396231174469 -0.2855280339717865 0.04322594776749611
v -0.2931784391403198 -0.28061643242836 0.06055857613682747
v -0.2890615463256836 -0.26938962936401367 0.062146205455064774
v -0.274164080619812 -0.21001507341861725 0.1539863646030426
v -0.2775687277317047 -0.21857598423957825 0.16039538383483887
v -0.27930644154548645 -0.2217043936252594 0.16999873518943787
v -0.26299795508384705 -0.22059820592403412 0.17193067073822021
v -0.27767297625541687 -0.19175411760807037 0.16796058416366577
v -0.2653617560863495 -0.18960745632648468 0.1851964294910431
v -0.2569776177406311 -0.21412967145442963 0.17601627111434937
v -0.2601345479488373 -0.2034263163805008 0.186660036444664
v -0.2575356364250183 -0.20883426070213318 0.18348073959350586
v 0.3328794240951538 -0.3317407965660095 -0.0775328129529953
v 0.3363027572631836 -0.33919447660446167 -0.0635482668876648
v 0.33885014057159424 -0.33642297983169556 -0.049506694078445435
v 0.332966148853302 -0.30598387122154236 -0.059104859828948975
v 0.35897570848464966 -0.3140091300010681 -0.0626915991306305
v 0.34812605381011963 -0.3088357746601105 -0.05912797152996063
v 0.32254332304000854 -0.30826815962791443 -0.06249690055847168
v 0.3289484977722168 -0.3046393394470215 -0.0814654678106308
v 0.334470272064209 -0.3169674575328827 -0.088883176445961
v -0.4047815203666687 -0.16720879077911377 -0.037408653646707535
v -0.4138386845588684 -0.16179299354553223 -0.055121712386608124
v -0.4383506774902344 -0.14982157945632935 -0.0791846364736557
v -0.45816436409950256 -0.13235753774642944 -0.09163107722997665
v -0.3963106572628021 -0.18330708146095276 0.11282696574926376
v -0.4047517776489258 -0.19606739282608032 0.07174048572778702
v -0.41459810733795166 -0.18704642355442047 0.02997393161058426
v -0.43380671739578247 -0.16211357712745667 0.14965301752090454
v -0.42085570096969604 -0.16915851831436157 0.14396324753761292
v -0.40211039781570435 -0.17773935198783875 0.12809690833091736
v -0.45775845646858215 -0.1457541137933731 0.14846059679985046
v -0.4149283766746521 -0.17907194793224335 -0.025905057787895203
v -0.48126116394996643 -0.13062956929206848 0.14654988050460815
v -0.4629468321800232 -0.1187085509300232 -0.09661655128002167
v -0.4638579189777374 -0.08725503087043762 -0.09694518893957138
v -0.4689825773239136 -0.10670032352209091 -0.10025231540203094
v -0.4616438150405884 -0.065981425344944 -0.09168218821287155
v -0.474814236164093 -0.05407994985580444 -0.08956704288721085
v -0.47579753398895264 -0.03413081914186478 -0.07828202098608017
v -0.47701629996299744 -0.012466378509998322 -0.0657026395201683
v -0.49401819705963135 0.014184363186359406 -0.04306381940841675
v -0.2533607482910156 -0.27117931842803955 0.04747161641716957
v -0.2622508406639099 -0.2693512439727783 0.057942938059568405
v -0.26783984899520874 -0.26166096329689026 0.06183313950896263
v -0.28043699264526367 -0.26831290125846863 0.06613853573799133
v -0.2605307102203369 -0.2791215479373932 0.03781488165259361
v -0.2772287130355835 -0.28414681553840637 0.04407954588532448
v -0.28848379850387573 -0.29142770171165466 0.05257594957947731
v -0.29310017824172974 -0.29032576084136963 0.06173150613903999
v -0.29098713397979736 -0.27758660912513733 0.06481802463531494
v -0.2802067995071411 -0.20798459649085999 0.16313707828521729
v -0.2841658294200897 -0.21410466730594635 0.16663461923599243
v -0.26868999004364014 -0.22075991332530975 0.1777288019657135
v -0.27988842129707336 -0.22033657133579254 0.1702144593000412
v -0.28149235248565674 -0.19103030860424042 0.17960946261882782
v -0.2660348415374756 -0.19837604463100433 0.1890946477651596
v -0.25864261388778687 -0.21383331716060638 0.1803753674030304
v -0.2685816287994385 -0.20414556562900543 0.1912958323955536
v -0.2636716961860657 -0.20979167520999908 0.18726038932800293
v 0.34211474657058716 -0.3240068554878235 -0.09198683500289917
v 0.34759747982025146 -0.3321898579597473 -0.08481760323047638
v 0.36087965965270996 -0.33320388197898865 -0.06780020892620087
v 0.34349000453948975 -0.2992379367351532 -0.06890067458152771
v 0.3784935474395752 -0.31394290924072266 -0.07905669510364532
v 0.359890341758728 -0.2978883981704712 -0.07377514243125916
v 0.3339874744415283 -0.29858165979385376 -0.07598951458930969
v 0.34254491329193115 -0.31129181385040283 -0.10069620609283447
v 0.33879995346069336 -0.30325090885162354 -0.09881263971328735
v -0.4218302071094513 -0.17525312304496765 -0.04931677132844925
v -0.4304916560649872 -0.1678287386894226 -0.06806490570306778
v -0.45555055141448975 -0.15271544456481934 -0.08730042725801468
v -0.4691022038459778 -0.1314070075750351 -0.09802111238241196
v -0.42050039768218994 -0.19691720604896545 0.05086198449134827
v -0.4107292592525482 -0.19524738192558289 0.09219814091920853
v -0.4324495196342468 -0.191045343875885 0.027244634926319122
v -0.42100444436073303 -0.18730470538139343 0.009668387472629547
v -0.43641898036003113 -0.1763608306646347 0.13558033108711243
v -0.4482644498348236 -0.16397003829479218 0.1411532610654831
v -0.42047515511512756 -0.18225669860839844 0.1305415779352188
v -0.41493406891822815 -0.19090360403060913 0.11367084830999374
v -0.47138312458992004 -0.1460457593202591 0.14185108244419098
v -0.40726709365844727 -0.18073725700378418 -0.0014886930584907532
v -0.43562808632850647 -0.1872280240058899 -0.03938538581132889
v -0.4253295361995697 -0.18683335185050964 -0.014064617455005646
v -0.4985547363758087 -0.12750720977783203 0.1473943591117859
v -0.474075585603714 -0.12397503852844238 -0.1018621176481247
v -0.48287689685821533 -0.10748390108346939 -0.10471457242965698
v -0.47703060507774353 -0.09294282644987106 -0.10136721283197403
v -0.47762224078178406 -0.07501282542943954 -0.09791592508554459
v -0.4909510314464569 -0.04321373254060745 -0.08428384363651276
v -0.49407052993774414 -0.02287604659795761 -0.07044237107038498
v -0.4983382821083069 -0.0019283294677734375 -0.05726411193609238
v -0.5163739919662476 0.011086300015449524 -0.043288201093673706
v -0.2621837258338928 -0.27506589889526367 0.05143466219305992
v -0.267906129360199 -0.269164502620697 0.06222647801041603
v -0.27194178104400635 -0.2654260993003845 0.0658896416425705
v -0.2881258726119995 -0.27638301253318787 0.06808175146579742
v -0.2668381333351135 -0.2809685468673706 0.04430718347430229
v -0.27851390838623047 -0.2889530658721924 0.05153563991189003
v -0.2890620827674866 -0.2940792441368103 0.05753900483250618
v -0.2942078709602356 -0.28962966799736023 0.0626244843006134
v -0.29383814334869385 -0.2842811048030853 0.06714996695518494
v -0.28608688712120056 -0.2041536420583725 0.1711254119873047
v -0.29076704382896423 -0.21029548346996307 0.17249706387519836
v -0.27218469977378845 -0.21981941163539886 0.1813076138496399
v -0.2769145667552948 -0.2193351835012436 0.17756934463977814
v -0.2833862900733948 -0.1971941888332367 0.18629425764083862
v -0.2783951163291931 -0.20232300460338593 0.19274377822875977
v -0.265160471200943 -0.2160821408033371 0.18268850445747375
v -0.27578699588775635 -0.20953398942947388 0.192180797457695
v -0.2708548903465271 -0.21259109675884247 0.18958145380020142
v 0.35278356075286865 -0.32108578085899353 -0.10337096452713013
v 0.3674340844154358 -0.32949298620224 -0.09438255429267883
v 0.37922024726867676 -0.32467806339263916 -0.0892326682806015
v 0.3492588400840759 -0.2912002503871918 -0.08413989841938019
v 0.393818736076355 -0.3014662265777588 -0.09610304236412048
v 0.38075733184814453 -0.291446328163147 -0.09146679937839508
v 0.33950620889663696 -0.29531747102737427 -0.09377343952655792
v 0.34985804557800293 -0.29005861282348633 -0.10771617293357849
v 0.35207611322402954 -0.2976561486721039 -0.11597517132759094
v -0.4405011832714081 -0.1824682354927063 -0.06158318743109703
v -0.4486440122127533 -0.17477615177631378 -0.07842854410409927
v -0.471260130405426 -0.1505817323923111 -0.09591073542833328
v -0.47968995571136475 -0.1364975869655609 -0.10338868200778961
v -0.4485461115837097 -0.1925596296787262 0.037478476762771606
v -0.42425215244293213 -0.19816894829273224 0.0748157873749733
v -0.45005178451538086 -0.19508007168769836 0.015432596206665039
v -0.43825942277908325 -0.1920870840549469 0.0001485869288444519
v -0.4461635947227478 -0.18141402304172516 0.12294677644968033
v -0.43343642354011536 -0.1901712864637375 0.11634717881679535
v -0.4597457945346832 -0.15859714150428772 0.13778433203697205
v -0.42686060070991516 -0.19629928469657898 0.09561222046613693
v -0.49764928221702576 -0.14656980335712433 0.13388684391975403
v -0.4465283155441284 -0.19369447231292725 -0.02616293728351593
v -0.4524311423301697 -0.19330047070980072 -0.050667889416217804
v -0.510650634765625 -0.1394892930984497 0.142500638961792
v -0.4906318485736847 -0.1249404028058052 -0.1062275618314743
v -0.4916408658027649 -0.08675026148557663 -0.10305247455835342
v -0.5005799531936646 -0.10280498117208481 -0.10709783434867859
v -0.4927031099796295 -0.06619124859571457 -0.09571723639965057
v -0.5090820789337158 -0.033992260694503784 -0.07926775515079498
v -0.5132377743721008 -0.017719559371471405 -0.06787604838609695
v -0.524193525314331 -0.002558663487434387 -0.056351251900196075
v -0.5490496158599854 0.00805278867483139 -0.04710960388183594
v -0.26957279443740845 -0.27718985080718994 0.05693594738841057
v -0.28012967109680176 -0.2697007358074188 0.07113569974899292
v -0.2755471467971802 -0.2743130922317505 0.06640152633190155
v -0.28859513998031616 -0.2800016403198242 0.0708346962928772
v -0.2738112807273865 -0.28339719772338867 0.05306005850434303
v -0.2819474935531616 -0.2938326597213745 0.05697239562869072
v -0.2923715114593506 -0.29469650983810425 0.05970434471964836
v -0.29686909914016724 -0.28203511238098145 0.07451830804347992
v -0.2976207733154297 -0.28558674454689026 0.07010133564472198
v -0.2919684946537018 -0.2037055343389511 0.179794043302536
v -0.28906741738319397 -0.21377409994602203 0.18000419437885284
v -0.274664044380188 -0.21240702271461487 0.18032599985599518
v -0.2783953547477722 -0.2148967832326889 0.1799805462360382
v -0.29190951585769653 -0.20379215478897095 0.18832097947597504
v -0.28102385997772217 -0.20750084519386292 0.1922704577445984
v -0.26924508810043335 -0.21634940803050995 0.1852293312549591
v -0.2785748541355133 -0.21292874217033386 0.19363901019096375
v -0.27647483348846436 -0.21379272639751434 0.19057708978652954
v 0.37231189012527466 -0.3140260875225067 -0.12152361869812012
v 0.3875735402107239 -0.3194032907485962 -0.10899052023887634
v 0.3947751522064209 -0.3109295666217804 -0.09780570864677429
v 0.36654430627822876 -0.28458327054977417 -0.09357355535030365
v 0.4093888998031616 -0.2992843985557556 -0.10910964012145996
v 0.40170544385910034 -0.28621095418930054 -0.10635468363761902
v 0.3544538617134094 -0.28446492552757263 -0.10465803742408752
v 0.3662339448928833 -0.276886522769928 -0.12504041194915771
v 0.3728759288787842 -0.2883223593235016 -0.13502222299575806
v -0.4548446834087372 -0.18955449759960175 -0.06798307597637177
v -0.4680437743663788 -0.17499235272407532 -0.08937375247478485
v -0.48555874824523926 -0.15209800004959106 -0.10127682238817215
v -0.4959428310394287 -0.14150966703891754 -0.10609419643878937
v -0.4409199655056 -0.19715085625648499 0.06063634157180786
v -0.46308499574661255 -0.1967172920703888 0.025760158896446228
v -0.4567613899707794 -0.1981949657201767 -0.007656767964363098
v -0.46554651856422424 -0.20002327859401703 0.00785711407661438
v -0.4600379467010498 -0.17216694355010986 0.12401553243398666
v -0.46079134941101074 -0.18720319867134094 0.10378555953502655
v -0.4433015286922455 -0.19215326011180878 0.10189630836248398
v -0.4732952117919922 -0.1639454960823059 0.1276479959487915
v -0.43843650817871094 -0.1953088939189911 0.07984955608844757
v -0.5170854926109314 -0.15874867141246796 0.12691941857337952
v -0.4694007933139801 -0.2019062340259552 -0.03518235683441162
v -0.4675244390964508 -0.19872426986694336 -0.05975886434316635
v -0.5262086987495422 -0.14928844571113586 0.13828998804092407
v -0.5112411975860596 -0.124802365899086 -0.10793382674455643
v -0.5198714733123779 -0.103035107254982 -0.10588688403367996
v -0.5120882987976074 -0.07918981462717056 -0.1022537499666214
v -0.5120945572853088 -0.05331389605998993 -0.09136577695608139
v -0.526526927947998 -0.032369136810302734 -0.08119765669107437
v -0.529262900352478 -0.016103200614452362 -0.06782872974872589
v -0.5432693362236023 -0.07670693844556808 0.17640788853168488
v -0.5424342155456543 -0.005638808012008667 -0.05971121788024902
v -0.2757139801979065 -0.28108033537864685 0.062036070972681046
v -0.2856358289718628 -0.27880021929740906 0.0730540007352829
v -0.28382056951522827 -0.28139543533325195 0.06758688390254974
v -0.2940514087677002 -0.28212857246398926 0.07889224588871002
v -0.2768409252166748 -0.2899133563041687 0.059159886091947556
v -0.2859448194503784 -0.2933529317378998 0.05878433957695961
v -0.29572194814682007 -0.28893929719924927 0.06306427717208862
v -0.2966613173484802 -0.2825962007045746 0.08327724039554596
v -0.29997462034225464 -0.28087761998176575 0.08200021088123322
v -0.2914232611656189 -0.21001842617988586 0.18378382921218872
v -0.2842395305633545 -0.21203160285949707 0.18026959896087646
v -0.27523744106292725 -0.21573393046855927 0.18853363394737244
v -0.275790274143219 -0.21028663218021393 0.19124160706996918
v -0.2791782021522522 -0.2098340094089508 0.18845435976982117
v -0.2966686189174652 -0.21048438549041748 0.18919771909713745
v -0.2798347473144531 -0.21568679809570312 0.189293771982193
v -0.28276753425598145 -0.2203286588191986 0.1896565556526184
v -0.2804452180862427 -0.21552671492099762 0.19126415252685547
v 0.3893752694129944 -0.29955992102622986 -0.1397269368171692
v 0.3985445499420166 -0.31124332547187805 -0.1285083293914795
v 0.4085767865180969 -0.3080432415008545 -0.1158323585987091
v 0.38658368587493896 -0.2754312753677368 -0.10794603824615479
v 0.42370253801345825 -0.2795138955116272 -0.12117815017700195
v 0.4281699061393738 -0.2949984073638916 -0.12612932920455933
v 0.37476450204849243 -0.27434688806533813 -0.11280542612075806
v 0.39206749200820923 -0.2661626636981964 -0.1494351625442505
v 0.40148258209228516 -0.28174322843551636 -0.1544744074344635
v -0.4679352939128876 -0.19433003664016724 -0.07804067432880402
v -0.4846905767917633 -0.17189094424247742 -0.09662450104951859
v -0.4961536228656769 -0.16062331199645996 -0.10218428820371628
v -0.5110287070274353 -0.151050865650177 -0.10415022820234299
v -0.4694662094116211 -0.1965378373861313 0.043721772730350494
v -0.4767025411128998 -0.201974555850029 0.02217409759759903
v -0.482237309217453 -0.20610907673835754 0.0021366700530052185
v -0.4708085060119629 -0.20375588536262512 -0.013433195650577545
v -0.48152780532836914 -0.17573535442352295 0.10953462868928909
v -0.48309648036956787 -0.1883571743965149 0.08870848268270493
v -0.4592418372631073 -0.19368405640125275 0.08668997883796692
v -0.5024451017379761 -0.17020201683044434 0.1157364621758461
v -0.46601322293281555 -0.19534610211849213 0.062149301171302795
v -0.5333684682846069 -0.1599303036928177 0.12622302770614624
v -0.48280346393585205 -0.204871267080307 -0.06361520290374756
v -0.5408003330230713 -0.14879252016544342 0.1405283808708191
v -0.5283607244491577 -0.11913211643695831 -0.10542263090610504
v -0.5375726819038391 -0.08155261725187302 -0.10153526812791824
v -0.5366498231887817 -0.10622977465391159 -0.10345398634672165
v -0.5318040251731873 -0.05801447480916977 -0.09397189319133759
v -0.5450348854064941 -0.02006271481513977 -0.07124289125204086
v -0.5500703454017639 -0.04019366204738617 -0.08272802084684372
v -0.5578612089157104 -0.007402367889881134 -0.05936788022518158
v -0.2828999161720276 -0.2868243157863617 0.06616435945034027
v -0.29032832384109497 -0.28267109394073486 0.07595185935497284
v -0.2898469567298889 -0.2842903137207031 0.07271094620227814
v -0.29683905839920044 -0.28631851077079773 0.08878602087497711
v -0.28305429220199585 -0.29244664311408997 0.06299000978469849
v -0.29409098625183105 -0.2906177043914795 0.05844344571232796
v -0.29936903715133667 -0.2841348946094513 0.06847891211509705
v -0.309224009513855 -0.28167933225631714 0.09259319305419922
v -0.30371415615081787 -0.2847077548503876 0.09485849738121033
v -0.2924491763114929 -0.20763958990573883 0.18431499600410461
v -0.2819203734397888 -0.21316973865032196 0.18260951340198517
v -0.2788833975791931 -0.2185194045305252 0.19070690870285034
v -0.2806776463985443 -0.21782761812210083 0.19453933835029602
v -0.2840003967285156 -0.21703925728797913 0.1954762488603592
v -0.288972944021225 -0.2204781472682953 0.18931645154953003
v -0.28709203004837036 -0.22208240628242493 0.19167517125606537
v -0.2817419171333313 -0.2208777219057083 0.19480818510055542
v 0.4159902334213257 -0.29732173681259155 -0.1530386507511139
v 0.42628616094589233 -0.3026973009109497 -0.13734391331672668
v 0.4103931188583374 -0.2703835368156433 -0.12208661437034607
v 0.443842351436615 -0.2936023473739624 -0.1449340283870697
v 0.44196200370788574 -0.2768198251724243 -0.1362914741039276
v 0.39903926849365234 -0.2580491304397583 -0.13459095358848572
v 0.42083775997161865 -0.2601267993450165 -0.17009273171424866
v 0.427389919757843 -0.28117257356643677 -0.1676194965839386
v -0.4862181544303894 -0.19034089148044586 -0.08985777199268341
v -0.49948060512542725 -0.173545241355896 -0.09827294200658798
v -0.5118589401245117 -0.16797566413879395 -0.1001342311501503
v -0.5322152972221375 -0.13741660118103027 -0.10405827313661575
v -0.4887678921222687 -0.20207847654819489 0.035685501992702484
v -0.49308499693870544 -0.20929333567619324 0.013781048357486725
v -0.4972735345363617 -0.21261249482631683 -0.0016313493251800537
v -0.48822081089019775 -0.21072706580162048 -0.022183626890182495
v -0.483740895986557 -0.19422310590744019 0.07148449867963791
v -0.49574247002601624 -0.1829674243927002 0.09908884763717651
v -0.5235041379928589 -0.1733027696609497 0.11341138184070587
v -0.48242443799972534 -0.19915981590747833 0.05225200206041336
v -0.5485009551048279 -0.15977269411087036 0.1269088089466095
v -0.4843289256095886 -0.2071010172367096 -0.05114246904850006
v -0.49083879590034485 -0.2053777128458023 -0.07522153854370117
v -0.5574837923049927 -0.1545853614807129 0.13628709316253662
v -0.5447137355804443 -0.12143071740865707 -0.10197849571704865
v -0.556444525718689 -0.1011178120970726 -0.09874997287988663
v -0.5590031743049622 -0.07755062729120255 -0.09527014195919037
v -0.5531865358352661 -0.060129113495349884 -0.09172439575195312
v -0.5681344270706177 -0.04823518544435501 -0.08116428554058075
v -0.5729213356971741 -0.026170186698436737 -0.06909774243831635
v -0.577804684638977 -0.08502579480409622 0.17232580482959747
v -0.5747397541999817 -0.003927446901798248 -0.05322025716304779
v -0.28909313678741455 -0.28755122423171997 0.0657486617565155
v -0.2919108271598816 -0.28647226095199585 0.07746680080890656
v -0.29397183656692505 -0.2902407646179199 0.07536676526069641
v -0.303738534450531 -0.28855273127555847 0.0972556322813034
v -0.2888016700744629 -0.2902688980102539 0.061939481645822525
v -0.3016582131385803 -0.28853899240493774 0.0631423145532608
v -0.30820608139038086 -0.2835689187049866 0.07462628185749054
v -0.308269739151001 -0.2837826907634735 0.1009538322687149
v -0.3113313913345337 -0.28147831559181213 0.093512162566185
v -0.2932584583759308 -0.21760240197181702 0.1828848272562027
v -0.2770451307296753 -0.2206777185201645 0.19559013843536377
v -0.27953648567199707 -0.2055855095386505 0.18510815501213074
v -0.287393718957901 -0.22583532333374023 0.19666394591331482
v -0.2913905680179596 -0.228764146566391 0.19282938539981842
v 0.4302019476890564 -0.2877195179462433 -0.1659959852695465
v 0.44203877449035645 -0.2944525182247162 -0.1592816412448883
v 0.4256823658943176 -0.2612214684486389 -0.1370542049407959
v 0.45813530683517456 -0.28724029660224915 -0.16279777884483337
v 0.4584243893623352 -0.2816990911960602 -0.15549546480178833
v 0.42595189809799194 -0.24010449647903442 -0.16736853122711182
v 0.444854199886322 -0.24959145486354828 -0.17756658792495728
v 0.4397497773170471 -0.2623196542263031 -0.1779971420764923
v -0.49888160824775696 -0.1874142289161682 -0.0938505157828331
v -0.5105088353157043 -0.18087801337242126 -0.09632816165685654
v -0.527505099773407 -0.16076621413230896 -0.0996505618095398
v -0.5513086915016174 -0.1351667046546936 -0.09925593435764313
v -0.5066691637039185 -0.20928014814853668 0.030109643936157227
v -0.511084794998169 -0.21492013335227966 0.010734297335147858
v -0.5138610005378723 -0.21880033612251282 -0.012157037854194641
v -0.5042977929115295 -0.21552257239818573 -0.03949182480573654
v -0.5024726390838623 -0.19670984148979187 0.08121271431446075
v -0.5028360486030579 -0.20350228250026703 0.0607910230755806
v -0.5114362239837646 -0.18709483742713928 0.09740243852138519
v -0.543984591960907 -0.17430344223976135 0.11287947744131088
v -0.49774351716041565 -0.20650635659694672 0.04471883177757263
v -0.5590579509735107 -0.16792447865009308 0.12264891713857651
v -0.49764153361320496 -0.21102604269981384 -0.06180847808718681
v -0.5041326284408569 -0.20194342732429504 -0.08488836139440536
v -0.5743364691734314 -0.1627221256494522 0.13033847510814667
v -0.5636980533599854 -0.12277615815401077 -0.09633705765008926
v -0.5778549313545227 -0.10700523853302002 -0.09136698395013809
v -0.5760714411735535 -0.0848061814904213 -0.0906635969877243
v -0.575032114982605 -0.0635475143790245 -0.0858938992023468
v -0.5923569202423096 -0.04619018733501434 -0.07216691970825195
v -0.5936263203620911 -0.019650451838970184 -0.0571441650390625
v -0.6039093732833862 -0.08690603822469711 0.16438692808151245
v -0.5882038474082947 1.615285873413086e-05 -0.04340032488107681
v -0.2913070321083069 -0.2884378433227539 0.06821082532405853
v -0.30388492345809937 -0.29449430108070374 0.0773276835680008
v -0.3022579550743103 -0.29578542709350586 0.08672982454299927
v -0.3116891384124756 -0.2930625379085541 0.09948006272315979
v -0.29201143980026245 -0.28992438316345215 0.06295445561408997
v -0.30976659059524536 -0.28854766488075256 0.06733153760433197
v -0.312982976436615 -0.28344279527664185 0.08269165456295013
v -0.3118584156036377 -0.28337353467941284 0.10205328464508057
v -0.31170904636383057 -0.28779682517051697 0.10217709839344025
v -0.2941187024116516 -0.2139255255460739 0.1828625351190567
v -0.27606648206710815 -0.2361011952161789 0.1984548419713974
v -0.27359598875045776 -0.23458126187324524 0.18854576349258423
v -0.2926795184612274 -0.23127080500125885 0.20089788734912872
v -0.2967570126056671 -0.2295532524585724 0.1891171783208847
v 0.4456114172935486 -0.27915090322494507 -0.17585143446922302
v 0.4557265639305115 -0.2834055423736572 -0.17185944318771362
v 0.4513013958930969 -0.2672836184501648 -0.15857675671577454
v 0.46531230211257935 -0.27986666560173035 -0.16576555371284485
v 0.4628472924232483 -0.2779238522052765 -0.16225257515907288
v 0.44843000173568726 -0.26009517908096313 -0.17394417524337769
v 0.4561927318572998 -0.25889256596565247 -0.1740787923336029
v 0.4510613679885864 -0.25421077013015747 -0.17756915092468262
v -0.5243895649909973 -0.17732730507850647 -0.0958251804113388
v -0.5494685769081116 -0.15164853632450104 -0.09662777930498123
v -0.5665202736854553 -0.14274904131889343 -0.09265933185815811
v -0.5244842171669006 -0.21507292985916138 0.027181707322597504
v -0.529363214969635 -0.21959808468818665 0.009321846067905426
v -0.5251151323318481 -0.22097420692443848 -0.03188234567642212
v -0.5170724987983704 -0.21785609424114227 -0.05162452906370163
v -0.5241315364837646 -0.20748643577098846 0.06405594199895859
v -0.5235611796379089 -0.1986992359161377 0.0841733068227768
v -0.5344476699829102 -0.18923941254615784 0.09765595197677612
v -0.5593937635421753 -0.17904239892959595 0.10975471884012222
v -0.514767587184906 -0.21188165247440338 0.047222644090652466
v -0.5735639333724976 -0.17495162785053253 0.11641320586204529
v -0.5095859169960022 -0.21222524344921112 -0.070786252617836
v -0.5172056555747986 -0.1934904158115387 -0.08986320346593857
v -0.5902238488197327 -0.16769802570343018 0.12133631110191345
v -0.5842653512954712 -0.12790638208389282 -0.08765707910060883
v -0.5964916348457336 -0.11136167496442795 -0.08028177917003632
v -0.5925226807594299 -0.09296306222677231 -0.0825074315071106
v -0.5961799621582031 -0.07232470065355301 -0.07829916477203369
v -0.609092652797699 -0.04013620316982269 -0.05752633512020111
v -0.6143678426742554 -0.021371424198150635 -0.04402551054954529
v -0.6258646845817566 -0.0878736823797226 0.15608617663383484
v -0.6049836874008179 -0.004499062895774841 -0.03845204412937164
v -0.29732638597488403 -0.289972186088562 0.0706077516078949
v -0.31151658296585083 -0.29479464888572693 0.09178608655929565
v -0.30996114015579224 -0.29528385400772095 0.08314360678195953
v -0.31145358085632324 -0.29404589533805847 0.0993383377790451
v -0.3022831678390503 -0.29249438643455505 0.06683111190795898
v -0.31335723400115967 -0.2867673337459564 0.07467043399810791
v -0.3120325207710266 -0.28409358859062195 0.094769686460495
v -0.3088417649269104 -0.29710280895233154 0.11141820251941681
v -0.3125849962234497 -0.2861279249191284 0.11281189322471619
v -0.28583982586860657 -0.22493477165699005 0.17973573505878448
v -0.27428561449050903 -0.25024479627609253 0.19730263948440552
v -0.2746899724006653 -0.24970495700836182 0.19349990785121918
v -0.2825314998626709 -0.2427915334701538 0.20228587090969086
v -0.2897069454193115 -0.2436731606721878 0.1964452713727951
v -0.29517024755477905 -0.23560723662376404 0.18709281086921692
v 0.4500004053115845 -0.26190292835235596 -0.17963948845863342
v 0.4576382040977478 -0.272551566362381 -0.1797659993171692
v 0.4649882912635803 -0.27920544147491455 -0.17428332567214966
v 0.45543378591537476 -0.27098608016967773 -0.1647786796092987
v 0.46651455760002136 -0.27507543563842773 -0.16453209519386292
v 0.466293603181839 -0.2751530408859253 -0.16307879984378815
v 0.4572089910507202 -0.28830191493034363 -0.1693592369556427
v 0.4584970474243164 -0.2573185861110687 -0.16984717547893524
v 0.4609202444553375 -0.2507933974266052 -0.17584852874279022
v -0.5351090431213379 -0.1906682550907135 -0.08800085633993149
v -0.5431410670280457 -0.1730881780385971 -0.09164398163557053
v -0.5689009428024292 -0.16677983105182648 -0.08614382147789001
v -0.5866802334785461 -0.14968633651733398 -0.08271566778421402
v -0.5384721755981445 -0.21953925490379333 0.026131391525268555
v -0.533733606338501 -0.2232171595096588 -0.007011488080024719
v -0.5401738286018372 -0.2198607623577118 -0.04509170353412628
v -0.5295658707618713 -0.2145669162273407 -0.06425727903842926
v -0.5428154468536377 -0.20270898938179016 0.08197923004627228
v -0.5467381477355957 -0.2107958048582077 0.06211865693330765
v -0.5509225726127625 -0.18893209099769592 0.09886886179447174
v -0.5694493055343628 -0.1878858506679535 0.10125639289617538
v -0.5366395711898804 -0.2180427610874176 0.04381764680147171
v -0.5820037722587585 -0.18244117498397827 0.10797999799251556
v -0.5257905125617981 -0.20657342672348022 -0.07867580652236938
v -0.6078420877456665 -0.1662166565656662 0.11964021623134613
v -0.6017519235610962 -0.12959037721157074 -0.0770234689116478
v -0.6144558191299438 -0.10986344516277313 -0.06778503209352493
v -0.6066198348999023 -0.09130163490772247 -0.0727711021900177
v -0.6121950745582581 -0.06769795715808868 -0.0649307370185852
v -0.656376838684082 -0.08917307108640671 0.1468949019908905
v -0.3071889281272888 -0.2934451401233673 0.07255768775939941
v -0.3127593994140625 -0.29683032631874084 0.0926721841096878
v -0.31179773807525635 -0.29603224992752075 0.08492054045200348
v -0.3129403591156006 -0.3035353422164917 0.10412684082984924
v -0.3105405569076538 -0.2945704460144043 0.06973335146903992
v -0.31755387783050537 -0.2857445776462555 0.08242753148078918
v -0.31738215684890747 -0.2779548466205597 0.11138404905796051
v -0.3140387535095215 -0.28769099712371826 0.12574750185012817
v -0.31364649534225464 -0.3053538203239441 0.12807808816432953
v -0.2807336747646332 -0.24330750107765198 0.18691839277744293
v -0.27888715267181396 -0.2609714865684509 0.19933490455150604
v -0.280851274728775 -0.24203553795814514 0.19709506630897522
v -0.2787315547466278 -0.25963014364242554 0.20296530425548553
v -0.28545522689819336 -0.25191593170166016 0.19940198957920074
v -0.28764891624450684 -0.24293836951255798 0.19254551827907562
v 0.4601457715034485 -0.25417307019233704 -0.18191294372081757
v 0.46967169642448425 -0.27365735173225403 -0.17101047933101654
v 0.46861955523490906 -0.2674282491207123 -0.17984355986118317
v 0.46251893043518066 -0.2705833911895752 -0.1643824279308319
v 0.47171053290367126 -0.2683885991573334 -0.16425655782222748
v 0.4700383245944977 -0.2672760784626007 -0.16133926808834076
v 0.4584485590457916 -0.2655669152736664 -0.16494444012641907
v 0.4632500112056732 -0.25562429428100586 -0.1690712422132492
v 0.4678346812725067 -0.24172984063625336 -0.17773377895355225
v -0.5528919696807861 -0.20204582810401917 -0.07408832758665085
v -0.5584658980369568 -0.18734131753444672 -0.0812726691365242
v -0.5921453833580017 -0.16931240260601044 -0.07563315331935883
v -0.6044267416000366 -0.151128351688385 -0.07099371403455734
v -0.544586718082428 -0.2238847315311432 0.012876339256763458
v -0.5471177697181702 -0.22308850288391113 -0.022090263664722443
v -0.5540652275085449 -0.2141837179660797 -0.05729256570339203
v -0.5418465733528137 -0.21019744873046875 -0.06889628618955612
v -0.5618754029273987 -0.20981520414352417 0.0693838819861412
v -0.5568012595176697 -0.21778930723667145 0.05170959234237671
v -0.5645184516906738 -0.1990559697151184 0.08716373890638351
v -0.5834409594535828 -0.1933520883321762 0.09359149634838104
v -0.5515557527542114 -0.22178229689598083 0.03403899818658829
v -0.5999976396560669 -0.18324348330497742 0.10426507890224457
v -0.6268218755722046 -0.1706870198249817 0.1094602644443512
v -0.6195288896560669 -0.13129588961601257 -0.06259109824895859
v -0.6308220624923706 -0.11203000694513321 -0.05235361307859421
v -0.6257722973823547 -0.08503107726573944 -0.05672554671764374
v -0.6262993812561035 -0.06170614808797836 -0.04695376753807068
v -0.6222989559173584 -0.038222432136535645 -0.04394988715648651
v -0.626946747303009 -0.02690395712852478 -0.03300897777080536
v -0.6786811947822571 -0.08951107412576675 0.1380092352628708
v -0.3140740394592285 -0.29683515429496765 0.08007919788360596
v -0.3154328465461731 -0.30784159898757935 0.09873560070991516
v -0.32464224100112915 -0.31003811955451965 0.08913667500019073
v -0.31560373306274414 -0.32290592789649963 0.1158282607793808
v -0.31538742780685425 -0.2942431569099426 0.07675030827522278
v -0.3364318013191223 -0.28398600220680237 0.09953396022319794
v -0.3342580199241638 -0.2804631292819977 0.12651555240154266
v -0.3209616541862488 -0.29559725522994995 0.14519578218460083
v -0.3228592872619629 -0.32661160826683044 0.13830974698066711
v -0.2876242995262146 -0.24024730920791626 0.1869608461856842
v -0.2811949551105499 -0.2527387738227844 0.19301943480968475
v -0.2793636918067932 -0.26293718814849854 0.20081554353237152
v -0.2840801477432251 -0.2498459368944168 0.19413872063159943
v -0.28063204884529114 -0.25703519582748413 0.19492460787296295
v -0.28569135069847107 -0.2523192763328552 0.1965664178133011
v -0.2859542965888977 -0.24580255150794983 0.1954364776611328
v 0.4676772356033325 -0.25490602850914 -0.1795279085636139
v 0.4740912914276123 -0.2642093300819397 -0.17606885731220245
v 0.47284528613090515 -0.26865658164024353 -0.1678573489189148
v 0.4629068374633789 -0.2666965425014496 -0.16346046328544617
v 0.463220477104187 -0.2622717022895813 -0.16347089409828186
v 0.468299925327301 -0.2532790005207062 -0.17266635596752167
v 0.47212550044059753 -0.2531577944755554 -0.17584961652755737
v -0.5700912475585938 -0.19548726081848145 -0.07314975559711456
v -0.6062117218971252 -0.17077869176864624 -0.06404915452003479
v -0.6148083209991455 -0.15925784409046173 -0.05827730894088745
v -0.5550819635391235 -0.22436673939228058 0.0004234388470649719
v -0.5646466612815857 -0.21964550018310547 -0.0359424352645874
v -0.5717194676399231 -0.20372305810451508 -0.06418517231941223
v -0.5782053470611572 -0.21543219685554504 0.056636229157447815
v -0.5746089220046997 -0.2201942503452301 0.039092108607292175
v -0.5813107490539551 -0.20479437708854675 0.07695135474205017
v -0.6001228094100952 -0.19740651547908783 0.08562077581882477
v -0.5634730458259583 -0.22456690669059753 0.018421731889247894
v -0.6174686551094055 -0.1878303736448288 0.0942758321762085
v -0.6629122495651245 -0.16577017307281494 0.10108192265033722
v -0.6350752115249634 -0.1305781453847885 -0.0469558984041214
v -0.6457428932189941 -0.10135497152805328 -0.03521554917097092
v -0.6398217678070068 -0.07943527400493622 -0.033662304282188416
v -0.638687014579773 -0.061356574296951294 -0.029383361339569092
v -0.6347959637641907 -0.04224199056625366 -0.030232205986976624
v -0.6314808130264282 -0.029590249061584473 -0.024517998099327087
v -0.6371637582778931 -0.03572613000869751 -0.01867787539958954
v -0.3272433876991272 -0.3067246675491333 0.08832050859928131
v -0.32775217294692993 -0.3233303427696228 0.10341241955757141
v -0.34591883420944214 -0.33079928159713745 0.10034963488578796
v -0.3335458040237427 -0.3418098986148834 0.1275172382593155
v -0.32966411113739014 -0.2987844944000244 0.08506910502910614
v -0.35369521379470825 -0.2941443622112274 0.1174246221780777
v -0.34931349754333496 -0.2919277846813202 0.14838285744190216
v -0.3458055257797241 -0.30660948157310486 0.1642645299434662
v -0.3368319272994995 -0.3211495280265808 0.15591882169246674
v -0.2854890823364258 -0.24177056550979614 0.19197268784046173
v -0.28267788887023926 -0.24912431836128235 0.19407786428928375
v -0.28032752871513367 -0.2605058550834656 0.19937561452388763
v -0.2733674645423889 -0.2730598747730255 0.19471924006938934
v -0.27792274951934814 -0.2586391270160675 0.19561101496219635
v -0.28423625230789185 -0.25353574752807617 0.1975584179162979
v -0.2863331437110901 -0.25268471240997314 0.19712086021900177
v 0.4736402630805969 -0.25402992963790894 -0.17855453491210938
v 0.48376455903053284 -0.2612670063972473 -0.1791164129972458
v 0.4855935275554657 -0.25960615277290344 -0.1705417037010193
v 0.46898573637008667 -0.2615658640861511 -0.16142618656158447
v 0.4793601930141449 -0.26120173931121826 -0.16645967960357666
v 0.48178786039352417 -0.2551945745944977 -0.17464129626750946
v 0.47907593846321106 -0.2568950653076172 -0.17858004570007324
v -0.5830602049827576 -0.19486214220523834 -0.06858576834201813
v -0.5803331732749939 -0.18474915623664856 -0.07613874971866608
v -0.5974107980728149 -0.187188059091568 -0.06573274731636047
v -0.6139644980430603 -0.18102781474590302 -0.05472829192876816
v -0.6279992461204529 -0.14705082774162292 -0.049856141209602356
v -0.5712541937828064 -0.2231520116329193 -0.012979276478290558
v -0.5795361399650574 -0.21249443292617798 -0.04709944128990173
v -0.5941389203071594 -0.21625784039497375 0.04630735516548157
v -0.5874072313308716 -0.22121483087539673 0.02380642294883728
v -0.5978041291236877 -0.20809553563594818 0.06657576560974121
v -0.617745041847229 -0.19948923587799072 0.07689957320690155
v -0.5727093815803528 -0.22383379936218262 0.006153985857963562
v -0.6416835188865662 -0.18510062992572784 0.08858698606491089
v -0.6825463175773621 -0.15920796990394592 0.08399605751037598
v -0.643423318862915 -0.12444587051868439 -0.03812301158905029
v -0.654620885848999 -0.09058932960033417 -0.012988388538360596
v -0.6464266180992126 -0.06876617670059204 -0.017417937517166138
v -0.6430574655532837 -0.048696160316467285 -0.014364846050739288
v -0.7131587266921997 -0.07962185889482498 0.10132481157779694
v -0.34493309259414673 -0.3173564374446869 0.09724898636341095
v -0.3636370897293091 -0.34653159976005554 0.11143346130847931
v -0.34445589780807495 -0.346247136592865 0.1112939864397049
v -0.3385457396507263 -0.33988669514656067 0.14453554153442383
v -0.3551994562149048 -0.3075549304485321 0.10562747716903687
v -0.36241161823272705 -0.29768118262290955 0.14105696976184845
v -0.3665684461593628 -0.30479612946510315 0.16531778872013092
v -0.35976260900497437 -0.3107586205005646 0.17126333713531494
v -0.35002732276916504 -0.31618010997772217 0.1684219092130661
v -0.28509843349456787 -0.25319957733154297 0.19339831173419952
v -0.28312280774116516 -0.2568662762641907 0.19361479580402374
v -0.2713169455528259 -0.27114105224609375 0.20146887004375458
v -0.27256691455841064 -0.28710418939590454 0.18992458283901215
v -0.27774888277053833 -0.2716326117515564 0.19042731821537018
v -0.28044986724853516 -0.26743844151496887 0.20297746360301971
v -0.2838940918445587 -0.2681216597557068 0.19865180552005768
v 0.4815569818019867 -0.2563363015651703 -0.17938724160194397
v 0.5012830495834351 -0.261229932308197 -0.17975908517837524
v 0.4965111017227173 -0.2597903311252594 -0.1846768856048584
v 0.49235332012176514 -0.2585601806640625 -0.17363204061985016
v 0.48258134722709656 -0.25669288635253906 -0.17025139927864075
v 0.49016448855400085 -0.2552746832370758 -0.17928358912467957
v 0.4911009967327118 -0.25760170817375183 -0.18246281147003174
v -0.594967246055603 -0.20068490505218506 -0.0578012689948082
v -0.6101903915405273 -0.19629037380218506 -0.050718002021312714
v -0.6306473016738892 -0.16876786947250366 -0.04277915507555008
v -0.5927361845970154 -0.21687595546245575 -0.02611789107322693
v -0.6101370453834534 -0.21582242846488953 0.036763131618499756
v -0.6092513203620911 -0.21720720827579498 0.01495450735092163
v -0.6148853302001953 -0.21001756191253662 0.055258870124816895
v -0.6391836404800415 -0.20035555958747864 0.06452085077762604
v -0.5893563032150269 -0.221764475107193 -0.0027628690004348755
v -0.6650704741477966 -0.18342939019203186 0.07530507445335388
v -0.6961601376533508 -0.1446608304977417 0.07401041686534882
v -0.6585620641708374 -0.12109717726707458 -0.018611431121826172
v -0.659339964389801 -0.08182933926582336 0.003069370985031128
v -0.6527737379074097 -0.0619802325963974 0.001769527792930603
v -0.6596425771713257 -0.041581735014915466 0.024437308311462402
v -0.6900083422660828 -0.054464034736156464 0.04377090930938721
v -0.37193870544433594 -0.33673083782196045 0.11336877942085266
v -0.3553137183189392 -0.35615792870521545 0.13190938532352448
v -0.3826625347137451 -0.36184439063072205 0.12949557602405548
v -0.3440389633178711 -0.32603031396865845 0.15968483686447144
v -0.37556666135787964 -0.31650763750076294 0.12928949296474457
v -0.3760265111923218 -0.31353577971458435 0.15206357836723328
v -0.36936646699905396 -0.3134608268737793 0.17285536229610443
v -0.35231661796569824 -0.3203337788581848 0.17161551117897034
v -0.363250195980072 -0.31587693095207214 0.17676180601119995
v -0.2861829996109009 -0.2630680799484253 0.195658341050148
v -0.28071606159210205 -0.2754889130592346 0.1929880827665329
v -0.2656838297843933 -0.2912440896034241 0.19606541097164154
v -0.2670591473579407 -0.29901617765426636 0.18945474922657013
v -0.27299386262893677 -0.2905884385108948 0.18845082819461823
v -0.2704871892929077 -0.2879420518875122 0.2037673443555832
v -0.2757778763771057 -0.2841995060443878 0.20354034006595612
v 0.4928598999977112 -0.2591418921947479 -0.1835159808397293
v 0.500102162361145 -0.25770103931427 -0.17997533082962036
v 0.5055391788482666 -0.25510281324386597 -0.1864023506641388
v 0.5037263631820679 -0.25767162442207336 -0.18948447704315186
v 0.4922005236148834 -0.2551524341106415 -0.17592176795005798
v 0.5006896257400513 -0.2545030415058136 -0.18602639436721802
v 0.5025910139083862 -0.25679463148117065 -0.18690767884254456
v -0.6025649905204773 -0.20882704854011536 -0.041018836200237274
v -0.6265543699264526 -0.18880319595336914 -0.03982201963663101
v -0.6407721042633057 -0.14541545510292053 -0.0386369451880455
v -0.6468265652656555 -0.16001015901565552 -0.031162239611148834
v -0.6113502979278564 -0.21602776646614075 -0.006225451827049255
v -0.623955488204956 -0.21518923342227936 0.027725949883461
v -0.6223708391189575 -0.21484558284282684 0.008912220597267151
v -0.6267790198326111 -0.21060431003570557 0.04679018259048462
v -0.6555959582328796 -0.19572558999061584 0.05655018985271454
v -0.6798261404037476 -0.16935506463050842 0.06189286708831787
v -0.7057358026504517 -0.12920145690441132 0.05811984837055206
v -0.6526514291763306 -0.144036203622818 -0.02709311991930008
v -0.6684812307357788 -0.1437247097492218 -0.010199084877967834
v -0.668529212474823 -0.1072172075510025 0.002747252583503723
v -0.6613466143608093 -0.0676778256893158 0.013491317629814148
v -0.6728441715240479 -0.09123192727565765 0.017082437872886658
v -0.6956506371498108 -0.09687294065952301 0.030001863837242126
v -0.38311105966567993 -0.34410783648490906 0.14384841918945312
v -0.3742544651031494 -0.3581553101539612 0.15144701302051544
v -0.3498413562774658 -0.34884098172187805 0.14880596101284027
v -0.3464812636375427 -0.3310813903808594 0.1691247671842575
v -0.3815353512763977 -0.3283500075340271 0.15163029730319977
v -0.3815866708755493 -0.3212575912475586 0.1678481549024582
v -0.37394046783447266 -0.31903746724128723 0.17532502114772797
v -0.3635134696960449 -0.32207226753234863 0.1816084384918213
v -0.3605549931526184 -0.3301059901714325 0.17693760991096497
v -0.2801610827445984 -0.2811048924922943 0.19893403351306915
v -0.27452343702316284 -0.2931140959262848 0.1967981606721878
v -0.2624264359474182 -0.3034021854400635 0.19552119076251984
v -0.2613503634929657 -0.306303471326828 0.18647564947605133
v -0.263437420129776 -0.30250853300094604 0.18728478252887726
v -0.26516279578208923 -0.304111510515213 0.20224256813526154
v -0.26895707845687866 -0.2976910471916199 0.20514033734798431
v 0.5029130578041077 -0.25635382533073425 -0.18834355473518372
v 0.5038526058197021 -0.25489404797554016 -0.1834876537322998
v 0.5085691809654236 -0.2536025941371918 -0.19254222512245178
v 0.5111683011054993 -0.2527947723865509 -0.19417837262153625
v 0.49971044063568115 -0.2492820918560028 -0.1822315752506256
v 0.5131862163543701 -0.25494712591171265 -0.19272515177726746
v 0.5124876499176025 -0.25300705432891846 -0.19284722208976746
v -0.616575300693512 -0.21018263697624207 -0.024085387587547302
v -0.6422337889671326 -0.17841240763664246 -0.029199257493019104
v -0.6571816205978394 -0.16409580409526825 -0.016896948218345642
v -0.638752818107605 -0.2092086374759674 0.016720101237297058
v -0.6297639012336731 -0.20984135568141937 -0.0052634477615356445
v -0.6476665139198303 -0.2044440507888794 0.04075084626674652
v -0.6662309765815735 -0.19085955619812012 0.04725237190723419
v -0.6924803256988525 -0.15224280953407288 0.04688219726085663
v -0.7064674496650696 -0.11372972279787064 0.04061715304851532
v -0.6803587675094604 -0.1339208334684372 0.009696543216705322
v -0.6753128170967102 -0.16171512007713318 0.008983537554740906
v -0.6865901947021484 -0.11710973083972931 0.020909816026687622
v -0.38607633113861084 -0.3532831072807312 0.1585298627614975
v -0.359042763710022 -0.350577712059021 0.16783055663108826
v -0.3721810281276703 -0.3563409447669983 0.1592477560043335
v -0.3566569685935974 -0.34136420488357544 0.1767650544643402
v -0.3840070962905884 -0.33780017495155334 0.1624680757522583
v -0.37786316871643066 -0.3248055577278137 0.17284294962882996
v -0.3717079162597656 -0.32054394483566284 0.17635270953178406
v -0.36742204427719116 -0.33649665117263794 0.18339064717292786
v -0.36518728733062744 -0.3380690813064575 0.18154054880142212
v -0.27279022336006165 -0.2960188388824463 0.20365147292613983
v -0.2691251039505005 -0.3047439754009247 0.19179831445217133
v -0.26034194231033325 -0.3106200098991394 0.1935916692018509
v -0.2557957172393799 -0.31663861870765686 0.18679358065128326
v -0.2581363320350647 -0.31701546907424927 0.1833510845899582
v -0.26067787408828735 -0.31141868233680725 0.19924043118953705
v -0.264257550239563 -0.3124196529388428 0.20303203165531158
v 0.5091431736946106 -0.253120481967926 -0.19442087411880493
v 0.510890007019043 -0.2542029023170471 -0.19293323159217834
v 0.51515793800354 -0.25054022669792175 -0.19896751642227173
v 0.5169715881347656 -0.2493443489074707 -0.20056328177452087
v 0.5119012594223022 -0.2523144781589508 -0.19148698449134827
v 0.5195267200469971 -0.24881625175476074 -0.19986677169799805
v 0.5205128192901611 -0.2492377758026123 -0.2005023956298828
v -0.6201976537704468 -0.20200447738170624 -0.034575507044792175
v -0.65253746509552 -0.1835298240184784 -0.009813487529754639
v -0.6344810724258423 -0.19897577166557312 -0.021719813346862793
v -0.6485112309455872 -0.1987677961587906 0.0004423558712005615
v -0.6576805710792542 -0.1960400938987732 0.026349574327468872
v -0.6750224232673645 -0.17591586709022522 0.03307086229324341
v -0.6965939998626709 -0.1348225474357605 0.03300589323043823
v -0.6865347027778625 -0.15217825770378113 0.024782896041870117
v -0.66175776720047 -0.18534919619560242 0.011272847652435303
v -0.38285505771636963 -0.35155096650123596 0.1612347662448883
v -0.3677195906639099 -0.3482941687107086 0.17832298576831818
v -0.37181705236434937 -0.3534229099750519 0.17025598883628845
v -0.36702626943588257 -0.34045282006263733 0.17959517240524292
v -0.3842694163322449 -0.3378094434738159 0.1691734343767166
v -0.37817633152008057 -0.33141186833381653 0.168718159198761
v -0.36709582805633545 -0.33157798647880554 0.17903965711593628
v -0.3708663582801819 -0.34258630871772766 0.17398178577423096
v -0.38065510988235474 -0.34139299392700195 0.17462867498397827
v -0.2690292298793793 -0.309579461812973 0.20054997503757477
v -0.2632165551185608 -0.31437844038009644 0.1849135309457779
v -0.2537232041358948 -0.31988024711608887 0.19089893996715546
v -0.25405555963516235 -0.329649955034256 0.178831085562706
v -0.2500571310520172 -0.32936298847198486 0.18194107711315155
v -0.2552276849746704 -0.32277917861938477 0.1978806108236313
v -0.2605676054954529 -0.32595500349998474 0.20125479996204376
v 0.5180926322937012 -0.2492741048336029 -0.20034000277519226
v 0.5199320316314697 -0.24929386377334595 -0.20065000653266907
v 0.5238142013549805 -0.24662381410598755 -0.20692476630210876
v 0.5258111953735352 -0.24343164265155792 -0.20882388949394226
v 0.5190842151641846 -0.24775445461273193 -0.20003771781921387
v 0.5244650840759277 -0.24261385202407837 -0.20718926191329956
v 0.5239964723587036 -0.24468648433685303 -0.2073265016078949
v -0.3771071434020996 -0.34856176376342773 0.16455742716789246
v -0.3691299557685852 -0.34379279613494873 0.18153280019760132
v -0.37675511837005615 -0.34593403339385986 0.1726011037826538
v -0.36746376752853394 -0.3455367982387543 0.17768216133117676
v -0.3787086009979248 -0.3364775776863098 0.1667088270187378
v -0.38018423318862915 -0.3277669847011566 0.1761203557252884
v -0.3722617030143738 -0.33900102972984314 0.1747414767742157
v -0.38063883781433105 -0.3396715819835663 0.16984829306602478
v -0.37919002771377563 -0.34416985511779785 0.1702352911233902
v -0.2665911912918091 -0.320519357919693 0.19195131957530975
v -0.2611696124076843 -0.33189114928245544 0.17999868094921112
v -0.2502777874469757 -0.3265155553817749 0.18895189464092255
v -0.2526925206184387 -0.34341704845428467 0.17568795382976532
v -0.24504509568214417 -0.3438441753387451 0.17664878070354462
v -0.25124213099479675 -0.3306972086429596 0.19773508608341217
v -0.25633153319358826 -0.3329088091850281 0.20068375766277313
v 0.5249150991439819 -0.24561916291713715 -0.20746934413909912
v 0.5266480445861816 -0.2429906576871872 -0.20960286259651184
v 0.5331510305404663 -0.24079090356826782 -0.21536433696746826
v 0.5317258834838867 -0.2380795180797577 -0.2145613133907318
v 0.5259126424789429 -0.2431049644947052 -0.20731008052825928
v 0.5293374061584473 -0.2368731051683426 -0.21404853463172913
v 0.5285828113555908 -0.2390347719192505 -0.21686705946922302
v -0.37269681692123413 -0.35227304697036743 0.16593202948570251
v -0.37512093782424927 -0.34429648518562317 0.18449634313583374
v -0.36590003967285156 -0.3488178551197052 0.18493351340293884
v -0.37634122371673584 -0.3428601026535034 0.17329886555671692
v -0.3710651695728302 -0.33992114663124084 0.16888147592544556
v -0.37457597255706787 -0.3362143337726593 0.17359252274036407
v -0.37747979164123535 -0.33697381615638733 0.16988343000411987
v -0.3830382227897644 -0.3435819447040558 0.16975435614585876
v -0.3834775984287262 -0.33939653635025024 0.17004218697547913
v -0.2632341980934143 -0.3406645953655243 0.1869344562292099
v -0.26069921255111694 -0.33749309182167053 0.198985293507576
v -0.2577303349971771 -0.34922531247138977 0.17628927528858185
v -0.24237680435180664 -0.34153321385383606 0.18378223478794098
v -0.23361599445343018 -0.36170321702957153 0.17764775454998016
v -0.24230501055717468 -0.36040621995925903 0.17067046463489532
v -0.24485379457473755 -0.34245720505714417 0.19918192923069
v -0.2530521750450134 -0.34385430812835693 0.20370851457118988
v 0.5329239368438721 -0.24087072908878326 -0.21624550223350525
v 0.5305713415145874 -0.23700816929340363 -0.21454527974128723
v 0.5350289344787598 -0.23062601685523987 -0.2190704345703125
v 0.5393228530883789 -0.23476062715053558 -0.21994605660438538
v 0.5382875204086304 -0.2355646938085556 -0.2248736321926117
v 0.5342051982879639 -0.23200854659080505 -0.22224631905555725
v -0.37971144914627075 -0.35214531421661377 0.17161686718463898
v -0.371471107006073 -0.35045355558395386 0.17965129017829895
v -0.3762686252593994 -0.3525763750076294 0.18785063922405243
v -0.37681540846824646 -0.345405250787735 0.17184337973594666
v -0.3713846802711487 -0.35448354482650757 0.17155030369758606
v -0.3799598813056946 -0.3356800675392151 0.17308788001537323
v -0.38046836853027344 -0.33832475543022156 0.17237530648708344
v -0.38737353682518005 -0.34747442603111267 0.1642177700996399
v -0.3852022588253021 -0.34622880816459656 0.1691673994064331
v -0.25952842831611633 -0.35872188210487366 0.18261350691318512
v -0.26239997148513794 -0.3543251156806946 0.19491811096668243
v -0.25232216715812683 -0.3727521598339081 0.1768479198217392
v -0.23199471831321716 -0.36142414808273315 0.19311954081058502
v -0.22228097915649414 -0.3780558705329895 0.1871853917837143
v -0.22784680128097534 -0.3786444365978241 0.1738290935754776
v -0.2392251193523407 -0.36168891191482544 0.20325665175914764
v -0.2503577768802643 -0.36879488825798035 0.203761026263237
v 0.5401027202606201 -0.23604664206504822 -0.22190061211585999
v 0.5356793403625488 -0.23047246038913727 -0.21958968043327332
v 0.5454704761505127 -0.2279302477836609 -0.22347739338874817
v 0.5435260534286499 -0.2224932760000229 -0.22586381435394287
v 0.5475863218307495 -0.23289844393730164 -0.23025968670845032
v 0.5430194139480591 -0.22767166793346405 -0.2359849512577057
v -0.3770110011100769 -0.35728514194488525 0.1800660490989685
v -0.38024407625198364 -0.3589988648891449 0.17905811965465546
v -0.38347944617271423 -0.3553251624107361 0.18614919483661652
v -0.3847595155239105 -0.34909284114837646 0.17300307750701904
v -0.38011062145233154 -0.3420804738998413 0.17774401605129242
v -0.38618338108062744 -0.34359681606292725 0.17522406578063965
v -0.38847723603248596 -0.34524598717689514 0.1682785153388977
v -0.3873026967048645 -0.3470167815685272 0.1660093367099762
v -0.3926282227039337 -0.34827548265457153 0.16963118314743042
v -0.25640949606895447 -0.37729740142822266 0.18775881826877594
v -0.25251585245132446 -0.37653955817222595 0.19807370007038116
v -0.23904669284820557 -0.3847413659095764 0.17154453694820404
v -0.22527840733528137 -0.38184088468551636 0.20336763560771942
v -0.21188105642795563 -0.4049895405769348 0.19441191852092743
v -0.21760158240795135 -0.4021115005016327 0.17922498285770416
v -0.23777544498443604 -0.3805614411830902 0.2070198506116867
v -0.2433781623840332 -0.39001986384391785 0.2055569440126419
v 0.5434837341308594 -0.23147191107273102 -0.2236386239528656
v 0.5420811176300049 -0.22333182394504547 -0.2279147207736969
v 0.5539417266845703 -0.21928438544273376 -0.2317247986793518
v 0.5486651659011841 -0.2159758061170578 -0.23398634791374207
v 0.5489209890365601 -0.21976420283317566 -0.24020668864250183
v 0.5538678169250488 -0.22485658526420593 -0.2368500530719757
v -0.3728915750980377 -0.3482228219509125 0.19715991616249084
v -0.3891754746437073 -0.3537331819534302 0.17602455615997314
v -0.38575997948646545 -0.34865081310272217 0.1838691532611847
v -0.3914022743701935 -0.3502582013607025 0.17346522212028503
v -0.3764205574989319 -0.3452848792076111 0.18608903884887695
v -0.3877962529659271 -0.3404063284397125 0.18079780042171478
v -0.3887219727039337 -0.34407806396484375 0.17293891310691833
v -0.38713258504867554 -0.34398117661476135 0.17137758433818817
v -0.39113757014274597 -0.344818115234375 0.17470228672027588
v -0.24888834357261658 -0.3961713910102844 0.19422774016857147
v -0.24832287430763245 -0.39481496810913086 0.1809966117143631
v -0.2270246297121048 -0.40434059500694275 0.17135338485240936
v -0.2350989133119583 -0.4088175594806671 0.17415644228458405
v -0.22014757990837097 -0.4035075604915619 0.20485691726207733
v -0.20719708502292633 -0.42914071679115295 0.19572456181049347
v -0.20843914151191711 -0.42576077580451965 0.18487079441547394
v -0.2289733588695526 -0.4045930802822113 0.2097749561071396
v -0.23785275220870972 -0.4133228063583374 0.20457951724529266
v 0.5527164936065674 -0.22643204033374786 -0.23025467991828918
v 0.5477026700973511 -0.21747596561908722 -0.23898977041244507
v 0.5603623390197754 -0.2138862907886505 -0.24040061235427856
v 0.5587437748908997 -0.21422897279262543 -0.2419053614139557
v 0.5575680732727051 -0.21519047021865845 -0.24348673224449158
v 0.5594682693481445 -0.21663179993629456 -0.24392470717430115
v -0.37068188190460205 -0.33656227588653564 0.18472160398960114
v -0.3866368234157562 -0.34815874695777893 0.1781676709651947
v -0.37898632884025574 -0.34848883748054504 0.1803695261478424
v -0.3872528374195099 -0.3476792573928833 0.17573955655097961
v -0.3726957440376282 -0.3266346752643585 0.19112727046012878
v -0.38406848907470703 -0.3325958549976349 0.18312476575374603
v -0.38577333092689514 -0.33911746740341187 0.17779678106307983
v -0.38310420513153076 -0.3429465591907501 0.1774601936340332
v -0.24018824100494385 -0.4136759638786316 0.1806684285402298
v -0.2420293092727661 -0.4205811321735382 0.19096125662326813
v -0.21591036021709442 -0.42717164754867554 0.17447198927402496
v -0.22469580173492432 -0.4249131977558136 0.17346270382404327
v -0.21331925690174103 -0.42591285705566406 0.20567212998867035
v -0.20674362778663635 -0.44260385632514954 0.19904650747776031
v -0.204880952835083 -0.44268977642059326 0.18902285397052765
v -0.22352334856987 -0.4322546422481537 0.2089676707983017
v -0.22879543900489807 -0.44058600068092346 0.20106758177280426
v 0.5616917610168457 -0.21508681774139404 -0.2442789375782013
v 0.5586624145507812 -0.21513457596302032 -0.24330514669418335
v 0.5707695484161377 -0.21000254154205322 -0.24869558215141296
v 0.5734827518463135 -0.20931194722652435 -0.2509487271308899
v 0.565602719783783 -0.21252335608005524 -0.24899259209632874
v 0.5715221762657166 -0.21161171793937683 -0.25411686301231384
v -0.3712620735168457 -0.3452150225639343 0.17381787300109863
v -0.3799372613430023 -0.34773436188697815 0.17733198404312134
v -0.3849407434463501 -0.3479524850845337 0.17883342504501343
v -0.38160914182662964 -0.34750622510910034 0.1786598414182663
v -0.37330248951911926 -0.3252813518047333 0.17748288810253143
v -0.3852960467338562 -0.32979390025138855 0.17993858456611633
v -0.387821227312088 -0.3416834771633148 0.1790662705898285
v -0.23257878422737122 -0.43234363198280334 0.1794934719800949
v -0.23129329085350037 -0.4412742853164673 0.1911769062280655
v -0.21645709872245789 -0.4484511613845825 0.17685659229755402
v -0.2074492871761322 -0.4444986879825592 0.18042941391468048
v -0.21167705953121185 -0.44378411769866943 0.20421011745929718
v -0.20470817387104034 -0.453127920627594 0.19288556277751923
v -0.2068847119808197 -0.4536052942276001 0.18497531116008759
v -0.21783581376075745 -0.44801950454711914 0.20415012538433075
v -0.22048334777355194 -0.4500739276409149 0.20091499388217926
v 0.5730600953102112 -0.21175551414489746 -0.2535932660102844
v 0.5679333806037903 -0.21068546175956726 -0.24774999916553497
v 0.5839219689369202 -0.2057296633720398 -0.2537142336368561
v 0.581001877784729 -0.2063038945198059 -0.2528543174266815
v 0.5848562121391296 -0.21054241061210632 -0.25710612535476685
v 0.5756816267967224 -0.2078525274991989 -0.2524113059043884
v -0.37513330578804016 -0.34842973947525024 0.17617382109165192
v -0.38385698199272156 -0.3477148711681366 0.17887376248836517
v -0.39696556329727173 -0.3325779438018799 0.17603974044322968
v -0.39682531356811523 -0.3375018835067749 0.1812906563282013
v -0.22275839745998383 -0.4507407248020172 0.18669165670871735
v -0.22284230589866638 -0.45155251026153564 0.19638611376285553
v -0.21022921800613403 -0.4565049409866333 0.1829262226819992
v -0.21120724081993103 -0.461214542388916 0.184677854180336
v -0.20637336373329163 -0.4533783197402954 0.19857166707515717
v -0.2070985585451126 -0.45662564039230347 0.1897127777338028
v -0.20886753499507904 -0.4608246684074402 0.1871723085641861
v -0.20903916656970978 -0.45503902435302734 0.20087896287441254
v -0.21269576251506805 -0.4570205807685852 0.20017029345035553
v 0.5858668088912964 -0.21270668506622314 -0.2585938274860382
v 0.5761206746101379 -0.20765255391597748 -0.2507573664188385
v 0.5846314430236816 -0.20402909815311432 -0.25232839584350586
v 0.5840089917182922 -0.20258712768554688 -0.25127914547920227
v -0.3828619718551636 -0.33169567584991455 0.16733722388744354
v -0.372388631105423 -0.34894460439682007 0.16163790225982666
v -0.38177818059921265 -0.3527073264122009 0.17251189053058624
v -0.3884619474411011 -0.34726855158805847 0.18079350888729095
v -0.4062346816062927 -0.33595412969589233 0.1766437143087387
v -0.40444105863571167 -0.3345935344696045 0.173085555434227
v -0.21496061980724335 -0.4603452980518341 0.19442833960056305
v -0.2140783816576004 -0.46080416440963745 0.1875101774930954
v -0.2107866406440735 -0.46354344487190247 0.1898234337568283
v -0.20997890830039978 -0.4634420871734619 0.18836219608783722
v -0.2068796455860138 -0.4577809274196625 0.19354496896266937
v -0.2105729579925537 -0.46313706040382385 0.19105689227581024
v -0.20844268798828125 -0.46251732110977173 0.189445361495018
v -0.20546068251132965 -0.45871543884277344 0.1966310292482376
v -0.20820830762386322 -0.4624936580657959 0.19743968546390533
v 0.5900999903678894 -0.20742781460285187 -0.254808247089386
v 0.5914512872695923 -0.20318301022052765 -0.25523340702056885
v 0.5923657417297363 -0.19943995773792267 -0.25367480516433716
v 0.5895992517471313 -0.2071131020784378 -0.25765955448150635
v -0.39585548639297485 -0.34358614683151245 0.16518498957157135
v -0.39871126413345337 -0.3364696800708771 0.16907493770122528
v -0.3955037295818329 -0.3542289733886719 0.17378346621990204
v -0.4011678099632263 -0.341665655374527 0.18076251447200775
v -0.4063166081905365 -0.3367321491241455 0.16910375654697418
v -0.41268664598464966 -0.3363410234451294 0.17437301576137543
v -0.20916609466075897 -0.4655921459197998 0.19160766899585724
v -0.2095852643251419 -0.46596184372901917 0.19607754051685333
v -0.21047747135162354 -0.46411392092704773 0.19285620748996735
v -0.20879614353179932 -0.4654074013233185 0.19498784840106964
v -0.20653805136680603 -0.4589638411998749 0.19245187938213348
v -0.20808765292167664 -0.4612714350223541 0.19259320199489594
v -0.2087193727493286 -0.45935678482055664 0.1896098405122757
v -0.204568013548851 -0.45901864767074585 0.19687668979167938
v -0.20547424256801605 -0.4663712978363037 0.19748620688915253
v 0.5900091528892517 -0.2079649120569229 -0.2568357288837433
v 0.5944478511810303 -0.20349417626857758 -0.2620549499988556
v 0.5980556607246399 -0.2076123207807541 -0.25591087341308594
v 0.5971532464027405 -0.20761318504810333 -0.25939348340034485
v -0.4069760739803314 -0.3379206657409668 0.17035283148288727
v -0.4116051495075226 -0.3509518504142761 0.17738984525203705
v -0.40383875370025635 -0.34811580181121826 0.17790447175502777
v -0.4046255350112915 -0.3411898612976074 0.18001751601696014
v -0.4055439829826355 -0.3334087133407593 0.1750435084104538
v -0.40855494141578674 -0.3333439230918884 0.17113260924816132
v -0.20767030119895935 -0.4669133126735687 0.1984110325574875
v -0.20972569286823273 -0.4635021984577179 0.1950187236070633
v -0.21042636036872864 -0.46664226055145264 0.19691751897335052
v -0.2047863006591797 -0.4571307897567749 0.20069019496440887
v -0.20694217085838318 -0.46350404620170593 0.1944725662469864
v -0.2038573920726776 -0.46227169036865234 0.1974189430475235
v -0.20704717934131622 -0.4580720067024231 0.20210327208042145
v -0.20674549043178558 -0.4624626934528351 0.20027495920658112
v 0.5939675569534302 -0.2064303308725357 -0.25813430547714233
v 0.6160736680030823 -0.21013353765010834 -0.2672935724258423
v 0.6207490563392639 -0.21503008902072906 -0.2648717761039734
v 0.5945411324501038 -0.21360982954502106 -0.25767937302589417
v 0.6022503972053528 -0.20455516874790192 -0.2572636008262634
v 0.6068448424339294 -0.20856274664402008 -0.2625352144241333
v -0.4171011447906494 -0.349325031042099 0.176053985953331
v -0.4123505651950836 -0.3406836986541748 0.17169080674648285
v -0.4059540927410126 -0.3508579730987549 0.18142162263393402
v -0.40709254145622253 -0.3414662480354309 0.18262545764446259
v -0.42396780848503113 -0.33510202169418335 0.1710081845521927
v -0.42242562770843506 -0.33065158128738403 0.17504315078258514
v -0.2075459212064743 -0.4675599932670593 0.19862361252307892
v -0.20998582243919373 -0.46561431884765625 0.19589383900165558
v -0.21088114380836487 -0.4660072326660156 0.1978275626897812
v -0.20519417524337769 -0.4624347388744354 0.2014802247285843
v -0.20635147392749786 -0.462532103061676 0.20339401066303253
v -0.2095220685005188 -0.465702086687088 0.20294328033924103
v 0.6071419715881348 -0.21094922721385956 -0.2617449164390564
v 0.6203212738037109 -0.21290136873722076 -0.26649436354637146
v 0.6413663029670715 -0.2263144701719284 -0.26857805252075195
v 0.6419801712036133 -0.2280290722846985 -0.26552993059158325
v 0.6337178349494934 -0.22027291357517242 -0.26403236389160156
v 0.6038907170295715 -0.20786114037036896 -0.25696706771850586
v 0.6169758439064026 -0.20920313894748688 -0.2647656798362732
v -0.4263375401496887 -0.34727758169174194 0.17174340784549713
v -0.42762112617492676 -0.338347852230072 0.16911141574382782
v -0.42512357234954834 -0.34905436635017395 0.17957012355327606
v -0.4196021556854248 -0.33915334939956665 0.18647454679012299
v -0.4404229521751404 -0.3364284038543701 0.16611440479755402
v -0.4411664307117462 -0.33361881971359253 0.1711926907300949
v -0.20857353508472443 -0.4694291055202484 0.201595738530159
v -0.2086397111415863 -0.4698706269264221 0.20024165511131287
v -0.20939674973487854 -0.4707896411418915 0.20201392471790314
v -0.2044197916984558 -0.466648668050766 0.20285667479038239
v -0.2052503526210785 -0.46776288747787476 0.20017175376415253
v -0.20611485838890076 -0.4670528173446655 0.20573244988918304
v -0.2084992229938507 -0.4684843420982361 0.20776258409023285
v 0.632024347782135 -0.21898038685321808 -0.267297625541687
v 0.6484194397926331 -0.23107805848121643 -0.26623231172561646
v 0.649042010307312 -0.23385226726531982 -0.2651345729827881
v 0.657013475894928 -0.2339211404323578 -0.2649441659450531
v 0.6313264966011047 -0.2164164036512375 -0.26332664489746094
v 0.6512140035629272 -0.22458933293819427 -0.272499680519104
v 0.6112064123153687 -0.2111869603395462 -0.2594604194164276
v -0.43794921040534973 -0.34691381454467773 0.17477922141551971
v -0.4409964680671692 -0.3425496220588684 0.167511448264122
v -0.44103899598121643 -0.3449401259422302 0.17723624408245087
v -0.44685661792755127 -0.3330705463886261 0.1753288358449936
v -0.20939475297927856 -0.47304651141166687 0.2062941938638687
v -0.2044459879398346 -0.48347190022468567 0.2061145007610321
v -0.20460933446884155 -0.47598519921302795 0.20398351550102234
v -0.2022855281829834 -0.46975472569465637 0.20817947387695312
v -0.20253302156925201 -0.4727850556373596 0.20648826658725739
v -0.2062581479549408 -0.4717123210430145 0.21113309264183044
v -0.2062252014875412 -0.4782359004020691 0.21461212635040283
v 0.6607369780540466 -0.22890374064445496 -0.26894015073776245
v 0.6570654511451721 -0.23472419381141663 -0.26919475197792053
v 0.6670563220977783 -0.23989608883857727 -0.2658681869506836
v 0.66081303358078 -0.2322564721107483 -0.2661152184009552
v -0.4544331133365631 -0.3456040620803833 0.17643140256404877
v -0.4552912712097168 -0.34583717584609985 0.16972099244594574
v -0.44020503759384155 -0.3382703363895416 0.17871351540088654
v -0.45154374837875366 -0.3442794680595398 0.17678789794445038
v -0.4572926163673401 -0.3338932991027832 0.16438783705234528
v -0.4605962634086609 -0.33444148302078247 0.17017580568790436
v -0.4553997814655304 -0.3417937457561493 0.1636795550584793
v -0.20930111408233643 -0.4768821597099304 0.2128208726644516
v -0.20060846209526062 -0.4770556092262268 0.20846085250377655
v -0.19984225928783417 -0.4858200252056122 0.20530734956264496
v -0.20149698853492737 -0.4842531979084015 0.20884615182876587
v -0.2040930986404419 -0.4890916645526886 0.2057446390390396
v 0.6530806422233582 -0.23288096487522125 -0.2698497772216797
v 0.6611654758453369 -0.23666787147521973 -0.26778680086135864
v 0.6677181124687195 -0.23595035076141357 -0.26908618211746216
v 0.6535724997520447 -0.22809289395809174 -0.2733692526817322
v 0.6495184898376465 -0.2336905598640442 -0.27741098403930664
v -0.47089850902557373 -0.3461332619190216 0.16814641654491425
v -0.4687175750732422 -0.34656962752342224 0.17154334485530853
v -0.45649826526641846 -0.3345308303833008 0.17693059146404266
v -0.46635282039642334 -0.3455534875392914 0.17817117273807526
v -0.47219109535217285 -0.3363648056983948 0.17085202038288116
v -0.4710204601287842 -0.33781325817108154 0.16385559737682343
v -0.4665321707725525 -0.34583401679992676 0.16505779325962067
v -0.20581403374671936 -0.49218711256980896 0.2002181112766266
v -0.19923090934753418 -0.4990586042404175 0.20592878758907318
v -0.2008761167526245 -0.5034268498420715 0.19517391920089722
v -0.20126605033874512 -0.5001333355903625 0.20098622143268585
v -0.20200179517269135 -0.513083815574646 0.19087466597557068
v 0.6576293110847473 -0.2354268729686737 -0.2744133770465851
v -0.4790842533111572 -0.3484039902687073 0.17034278810024261
v -0.48184943199157715 -0.34723979234695435 0.1723145991563797
v -0.4666289687156677 -0.3406243324279785 0.17572452127933502
v -0.48533326387405396 -0.34549081325531006 0.17526786029338837
v -0.4816192388534546 -0.3409556746482849 0.17040570080280304
v -0.481809139251709 -0.3388715982437134 0.1676739901304245
v -0.478940486907959 -0.34429383277893066 0.1648867279291153
v -0.20339906215667725 -0.5111403465270996 0.1935068666934967
v -0.1978505402803421 -0.5187159776687622 0.1960354596376419
v -0.202378511428833 -0.5192091464996338 0.19442792236804962
v -0.19416210055351257 -0.5246891379356384 0.19390437006950378
v -0.19789014756679535 -0.5217053294181824 0.19478458166122437
v -0.49350279569625854 -0.3462560772895813 0.17296220362186432
v -0.49237561225891113 -0.3472949266433716 0.17162977159023285
v -0.4787933826446533 -0.3429996967315674 0.17468343675136566
v -0.49138343334198 -0.34488409757614136 0.17399267852306366
v -0.4708528518676758 -0.3421248197555542 0.16205371916294098
v -0.48042017221450806 -0.3416306972503662 0.1624693125486374
v -0.48686909675598145 -0.3397042155265808 0.1683780401945114
v -0.4859410524368286 -0.33996933698654175 0.1693047732114792
v -0.49043911695480347 -0.34520652890205383 0.1650780290365219
v -0.20207543671131134 -0.5228198170661926 0.19414201378822327
v -0.20035338401794434 -0.524987518787384 0.19474519789218903
v -0.2012917697429657 -0.5285363793373108 0.19535523653030396
v -0.19444844126701355 -0.5248790979385376 0.19578485190868378
v -0.1924835741519928 -0.5279240012168884 0.1951582133769989
v -0.5017597675323486 -0.3459641933441162 0.17116005718708038
v -0.5009092688560486 -0.34611085057258606 0.16770638525485992
v -0.48699867725372314 -0.3429325222969055 0.17208294570446014
v -0.4944782853126526 -0.34493380784988403 0.17208920419216156
v -0.48434019088745117 -0.34215056896209717 0.16345222294330597
v -0.49399125576019287 -0.34146690368652344 0.1638929396867752
v -0.49343281984329224 -0.3384164571762085 0.16644595563411713
v -0.4999822974205017 -0.3454125225543976 0.1652550846338272
v -0.19757859408855438 -0.5302878022193909 0.1964224874973297
v -0.1970396637916565 -0.5332005620002747 0.19372639060020447
v -0.19474764168262482 -0.5342533588409424 0.19259026646614075
v -0.19314655661582947 -0.5313634872436523 0.19282861053943634
v -0.1949479877948761 -0.5348594784736633 0.19365794956684113
v -0.5058443546295166 -0.34658685326576233 0.1694210320711136
v -0.5020151138305664 -0.3457224369049072 0.16949205100536346
v -0.4944462776184082 -0.34357115626335144 0.16901491582393646
v -0.5051242113113403 -0.3451097011566162 0.16846798360347748
v -0.4938812255859375 -0.34532630443573 0.16268835961818695
v -0.5000826716423035 -0.3415433168411255 0.1662151962518692
v -0.4999973177909851 -0.33893975615501404 0.16607315838336945
v -0.5002204179763794 -0.344774067401886 0.16534768044948578
v -0.198130801320076 -0.5343078374862671 0.19449393451213837
v -0.19155752658843994 -0.5463600158691406 0.18820884823799133
v -0.19020584225654602 -0.5437046885490417 0.18847540020942688
v -0.19080567359924316 -0.5435817837715149 0.19001972675323486
v -0.19420260190963745 -0.542178213596344 0.1903064250946045
v -0.5054492354393005 -0.3427373766899109 0.1625019758939743
v -0.5066321492195129 -0.3467584252357483 0.16781090199947357
v -0.5014658570289612 -0.3448161482810974 0.1670638471841812
v -0.5072574615478516 -0.34586986899375916 0.170270636677742
v -0.5005411505699158 -0.3444460928440094 0.1628415733575821
v -0.5104126334190369 -0.3371978998184204 0.1663619428873062
v -0.5096372961997986 -0.3377775251865387 0.1651444286108017
v -0.5063760876655579 -0.341422438621521 0.16033248603343964
v -0.1938125193119049 -0.5394759178161621 0.19145047664642334
v -0.18619611859321594 -0.5553242564201355 0.1835920810699463
v -0.1890021711587906 -0.5546069145202637 0.18527033925056458
v -0.19299188256263733 -0.5555745959281921 0.1859724521636963
v -0.19698485732078552 -0.5539848804473877 0.18600916862487793
v -0.5104655623435974 -0.3441193103790283 0.15330378711223602
v -0.5134438276290894 -0.34893280267715454 0.15795697271823883
v -0.5080527067184448 -0.3428250551223755 0.16873286664485931
v -0.5143440365791321 -0.3500570058822632 0.1661694496870041
v -0.5096024870872498 -0.338736891746521 0.16223834455013275
v -0.517299473285675 -0.33782249689102173 0.1700180619955063
v -0.5187026262283325 -0.3346143960952759 0.16626723110675812
v -0.5133846402168274 -0.336645245552063 0.15443895757198334
v -0.1912105232477188 -0.5501505732536316 0.18522638082504272
v -0.1847686469554901 -0.5713950991630554 0.17578960955142975
v -0.1829022765159607 -0.5652714371681213 0.17615878582000732
v -0.19222354888916016 -0.5670077204704285 0.1775585114955902
v -0.19288930296897888 -0.5677250027656555 0.17684617638587952
v -0.5180389881134033 -0.33747580647468567 0.1441190093755722
v -0.5161904692649841 -0.34724926948547363 0.1471276730298996
v -0.5174804925918579 -0.3454456329345703 0.17105571925640106
v -0.5227851867675781 -0.35524967312812805 0.15215067565441132
v -0.5175625681877136 -0.3337962031364441 0.15899358689785004
v -0.5262941122055054 -0.3305129408836365 0.16852031648159027
v -0.5288984179496765 -0.34075599908828735 0.1723034828901291
v -0.5222389698028564 -0.3303876519203186 0.149718776345253
v -0.18981048464775085 -0.5645768642425537 0.1775636523962021
v -0.17951859533786774 -0.5797281861305237 0.16903726756572723
v -0.18138670921325684 -0.5761327147483826 0.17038221657276154
v -0.18486288189888 -0.5802232027053833 0.17269164323806763
v -0.18908843398094177 -0.5751731395721436 0.17102688550949097
v -0.5278113484382629 -0.34320735931396484 0.13273446261882782
v -0.5312671661376953 -0.33046919107437134 0.13744761049747467
v -0.5304083228111267 -0.34907859563827515 0.17027918994426727
v -0.5357217192649841 -0.35810184478759766 0.14216111600399017
v -0.5258125066757202 -0.3281540870666504 0.15922261774539948
v -0.5451079607009888 -0.3319845199584961 0.16820167005062103
v -0.5451087951660156 -0.34586113691329956 0.1692056506872177
v -0.5338671803474426 -0.32548457384109497 0.14980770647525787
v -0.1856987178325653 -0.5742179155349731 0.16930173337459564
v -0.17810457944869995 -0.5889647603034973 0.16531376540660858
v -0.17390687763690948 -0.5823582410812378 0.1630690097808838
v -0.18058601021766663 -0.5897105932235718 0.16585759818553925
v -0.18816500902175903 -0.5861534476280212 0.16405965387821198
v -0.5453243851661682 -0.3486637771129608 0.119306281208992
v -0.5450899004936218 -0.3327200412750244 0.12380294501781464
v -0.5397104024887085 -0.3558964133262634 0.16002072393894196
v -0.5566439032554626 -0.35880061984062195 0.1324741095304489
v -0.53939288854599 -0.3243277966976166 0.15965090692043304
v -0.5601981282234192 -0.3517167568206787 0.16444499790668488
v -0.5660831928253174 -0.3405216932296753 0.16656772792339325
v -0.5514801740646362 -0.3207107186317444 0.14073847234249115
v -0.1805347502231598 -0.5854577422142029 0.16143369674682617
v -0.17549848556518555 -0.5964000225067139 0.15937231481075287
v -0.1739228516817093 -0.5892541408538818 0.15860456228256226
v -0.1807616800069809 -0.5954474210739136 0.15879832208156586
v -0.1819627583026886 -0.5915613770484924 0.15751878917217255
v -0.5679102540016174 -0.3313451409339905 0.10616372525691986
v -0.5734421014785767 -0.3462943434715271 0.10576315224170685
v -0.5603741407394409 -0.3594270348548889 0.15232990682125092
v -0.575969398021698 -0.35692036151885986 0.11667583882808685
v -0.5614674687385559 -0.32391950488090515 0.15977923572063446
v -0.5917639136314392 -0.32900142669677734 0.1559383124113083
v -0.5922409296035767 -0.35103437304496765 0.15813393890857697
v -0.5739734172821045 -0.3171291947364807 0.11918805539608002
v -0.17434191703796387 -0.5883879661560059 0.153252974152565
v -0.17733877897262573 -0.5997691750526428 0.15044012665748596
v -0.17305035889148712 -0.5973767042160034 0.15085938572883606
v -0.5967967510223389 -0.3513157367706299 0.10213254392147064
v -0.597943902015686 -0.3366997241973877 0.09226851165294647
v -0.5862371325492859 -0.3611134886741638 0.1379813402891159
v -0.6075377464294434 -0.3610157370567322 0.11550040543079376
v -0.5805410146713257 -0.31421926617622375 0.13941051065921783
v -0.6194146275520325 -0.3333907127380371 0.15174256265163422
v -0.6109745502471924 -0.3179847300052643 0.1418684870004654
v -0.6005882620811462 -0.31707584857940674 0.09466134011745453
v -0.17670483887195587 -0.5990994572639465 0.15111491084098816
v -0.17396116256713867 -0.5981319546699524 0.14910343289375305
v -0.1712358593940735 -0.6136198043823242 0.13900139927864075
v -0.17233243584632874 -0.6095612049102783 0.14450855553150177
v -0.6257985830307007 -0.3523332476615906 0.09016086161136627
v -0.6253328919410706 -0.32883429527282715 0.08070661127567291
v -0.6223854422569275 -0.35831722617149353 0.14161492884159088
v -0.6401888132095337 -0.36076879501342773 0.11495079100131989
v -0.6082708835601807 -0.309891939163208 0.12283660471439362
v -0.6508419513702393 -0.33863353729248047 0.13763175904750824
v -0.6438215374946594 -0.31443992257118225 0.13217495381832123
v -0.6316885948181152 -0.3159208297729492 0.08708055317401886
v -0.17115312814712524 -0.6093762516975403 0.14222896099090576
v -0.17460569739341736 -0.614077091217041 0.13958650827407837
v -0.1703813374042511 -0.6152572631835938 0.13904714584350586
v -0.17224058508872986 -0.6036650538444519 0.14771348237991333
v -0.6508452892303467 -0.34031447768211365 0.07816524803638458
v -0.6501216888427734 -0.32194507122039795 0.07850085198879242
v -0.6600311398506165 -0.3537810444831848 0.1239035576581955
v -0.666684627532959 -0.357812762260437 0.09770502150058746
v -0.6344515085220337 -0.3074091672897339 0.10418565571308136
v -0.6736882328987122 -0.32423681020736694 0.12677942216396332
v -0.6763877272605896 -0.33819860219955444 0.12505830824375153
v -0.6569263935089111 -0.3102623224258423 0.09139223396778107
v -0.16928735375404358 -0.6290368437767029 0.13254554569721222
v -0.16664841771125793 -0.6336386203765869 0.13044893741607666
v -0.16476640105247498 -0.6252098083496094 0.1361503303050995
v -0.16709458827972412 -0.6270058155059814 0.13325217366218567
v -0.6695882081985474 -0.32959258556365967 0.07759009301662445
v -0.6716036796569824 -0.31737738847732544 0.08231891691684723
v -0.6763826012611389 -0.34858939051628113 0.11436976492404938
v -0.6829982995986938 -0.34757131338119507 0.09499017894268036
v -0.6757382750511169 -0.34257960319519043 0.0832783430814743
v -0.6710086464881897 -0.30893296003341675 0.11131884157657623
v -0.6912275552749634 -0.33739742636680603 0.11345957219600677
v -0.6918212175369263 -0.3230772018432617 0.11572955548763275
v -0.6800581216812134 -0.3121848404407501 0.0936942845582962
v -0.16836465895175934 -0.6289654970169067 0.13321790099143982
v -0.1655408889055252 -0.6470093727111816 0.12850235402584076
v -0.16514240205287933 -0.6456511616706848 0.12241099774837494
v -0.16430437564849854 -0.6354383230209351 0.1247514933347702
v -0.1669415533542633 -0.6397669911384583 0.12540793418884277
v -0.6809520125389099 -0.32436323165893555 0.08167336881160736
v -0.6855182647705078 -0.31842249631881714 0.08678834140300751
v -0.6875923275947571 -0.3466974198818207 0.10366956889629364
v -0.6898471117019653 -0.34135717153549194 0.09079740941524506
v -0.6843573451042175 -0.3333801329135895 0.08216674625873566
v -0.6880387663841248 -0.31432342529296875 0.1039619892835617
v -0.699892520904541 -0.3271627128124237 0.10882775485515594
v -0.6985475420951843 -0.3363518714904785 0.10633479058742523
v -0.6910901665687561 -0.3157038986682892 0.09543095529079437
v -0.16762413084506989 -0.6384990811347961 0.12965279817581177
v -0.16176430881023407 -0.6456741690635681 0.12797492742538452
v -0.16398321092128754 -0.6527606844902039 0.125826895236969
v -0.16615290939807892 -0.6616610288619995 0.12752901017665863
v -0.16860871016979218 -0.6371168494224548 0.1207752674818039
v -0.1666157990694046 -0.6444110870361328 0.11837199330329895
v -0.6848784685134888 -0.3267536759376526 0.08699680864810944
v -0.6881654262542725 -0.31999653577804565 0.09095807373523712
v -0.6939345598220825 -0.34207093715667725 0.09964229166507721
v -0.6869221925735474 -0.3337329030036926 0.0883922427892685
v -0.6878278255462646 -0.3402267098426819 0.09524010121822357
v -0.6961135864257812 -0.3194812536239624 0.10555116832256317
v -0.7000610828399658 -0.33000606298446655 0.10630820691585541
v -0.6996763348579407 -0.33628609776496887 0.10325603187084198
v -0.6936668753623962 -0.3185133934020996 0.0986199826002121
v -0.16367296874523163 -0.6600531339645386 0.11420370638370514
v -0.16195355355739594 -0.6560537815093994 0.11462856829166412
v -0.1663886159658432 -0.6829351782798767 0.12777720391750336
v -0.1541619747877121 -0.6734848618507385 0.12468168139457703
v -0.16468463838100433 -0.6538766026496887 0.11597204208374023
v -0.6840372681617737 -0.3242989182472229 0.09071068465709686
v -0.6897867918014526 -0.3202652335166931 0.0956844836473465
v -0.6953297257423401 -0.3398240804672241 0.09885130822658539
v -0.6863924264907837 -0.3414440155029297 0.0968819409608841
v -0.6825670003890991 -0.33421075344085693 0.09047751128673553
v -0.6990416646003723 -0.32398721575737 0.10467244684696198
v -0.6986090540885925 -0.3331950306892395 0.1066567450761795
v -0.696012556552887 -0.33811694383621216 0.10305453836917877
v -0.6971579194068909 -0.3228328824043274 0.10215003788471222
v -0.1620893031358719 -0.6816127896308899 0.11147661507129669
v -0.1567545235157013 -0.6761324405670166 0.11277277767658234
v -0.16252420842647552 -0.6879764199256897 0.11893832683563232
v -0.15691311657428741 -0.6879315376281738 0.13455787301063538
v -0.6906424164772034 -0.3249078392982483 0.08732788264751434
v -0.6918848156929016 -0.32172489166259766 0.09407050907611847
v -0.6919370889663696 -0.3416631519794464 0.09950150549411774
v -0.6889506578445435 -0.3390059471130371 0.09041307866573334
v -0.6866897344589233 -0.3327111005783081 0.08545683324337006
v -0.7004410028457642 -0.32707300782203674 0.10503242909908295
v -0.7009052038192749 -0.3335430324077606 0.10966135561466217
v -0.697744607925415 -0.3373207449913025 0.10520820319652557
v -0.6962410807609558 -0.3207135796546936 0.10009883344173431
v -0.1603572815656662 -0.6899950504302979 0.1135484129190445
v -0.1511804163455963 -0.6937718391418457 0.11618146300315857
v -0.15956933796405792 -0.6905558109283447 0.12958453595638275
v -0.15238642692565918 -0.6883425116539001 0.13246631622314453
v -0.6982437968254089 -0.3236757516860962 0.08458299934864044
v -0.6989781856536865 -0.32192039489746094 0.08775107562541962
v -0.6937509775161743 -0.34183263778686523 0.10016588866710663
v -0.6971471309661865 -0.32704174518585205 0.08213303983211517
v -0.6958051323890686 -0.33699050545692444 0.0853673666715622
v -0.698537290096283 -0.3231278657913208 0.10096414387226105
v -0.7028253674507141 -0.3331993818283081 0.1065932959318161
v -0.7014805674552917 -0.3422975540161133 0.10169218480587006
v -0.7023794054985046 -0.32111698389053345 0.0958927720785141
v -0.15904513001441956 -0.7016932368278503 0.11560733616352081
v -0.1495947390794754 -0.7027640342712402 0.120856374502182
v -0.15462803840637207 -0.6876999139785767 0.13344016671180725
v -0.15169228613376617 -0.6997525095939636 0.13338087499141693
v -0.7090131640434265 -0.320842444896698 0.08675478398799896
v -0.7079493999481201 -0.32086294889450073 0.08172433078289032
v -0.6982977390289307 -0.3439090847969055 0.09276120364665985
v -0.7060461044311523 -0.33638662099838257 0.0808761864900589
v -0.7097970247268677 -0.3267936408519745 0.07903377711772919
v -0.7066580653190613 -0.32466962933540344 0.10505609214305878
v -0.7131824493408203 -0.3367159068584442 0.10640965402126312
v -0.7119185924530029 -0.3462598919868469 0.0941280871629715
v -0.7160520553588867 -0.3222675323486328 0.09601734578609467
v -0.1704908311367035 -0.6821236610412598 0.12402065098285675
v -0.15539181232452393 -0.708042562007904 0.12171169370412827
v -0.15323340892791748 -0.6947038769721985 0.13498631119728088
v -0.14632190763950348 -0.7161458730697632 0.13666881620883942
v -0.7194162011146545 -0.32652467489242554 0.07806350290775299
v -0.7208166122436523 -0.3207932710647583 0.08315734565258026
v -0.7058088779449463 -0.3417845368385315 0.08568985760211945
v -0.7196933031082153 -0.3369635343551636 0.07911942899227142
v -0.7156532406806946 -0.33170971274375916 0.0782863050699234
v -0.7180961966514587 -0.3288222551345825 0.0996231883764267
v -0.7226052284240723 -0.3392426073551178 0.09579400718212128
v -0.7229628562927246 -0.34534162282943726 0.08840279281139374
v -0.726126492023468 -0.3247145116329193 0.09129233658313751
v -0.16121195256710052 -0.6876035928726196 0.1273723542690277
v -0.17017298936843872 -0.6940189003944397 0.12411941587924957
v -0.1527177095413208 -0.7029602527618408 0.1337515413761139
v -0.15006989240646362 -0.7096489667892456 0.13374806940555573
v -0.7259867787361145 -0.3285548686981201 0.07768534123897552
v -0.7328088879585266 -0.3272274136543274 0.08513091504573822
v -0.716118574142456 -0.34367454051971436 0.08447887003421783
v -0.7290104031562805 -0.3367876410484314 0.0753132551908493
v -0.7259111404418945 -0.33268648386001587 0.07633887231349945
v -0.7238632440567017 -0.33333390951156616 0.09758667647838593
v -0.7315264940261841 -0.33839327096939087 0.08548565208911896
v -0.7275906801223755 -0.34282368421554565 0.08468069136142731
v -0.7342751026153564 -0.33086252212524414 0.08970065414905548
v -0.1589447259902954 -0.6977682113647461 0.1271720826625824
v -0.15122437477111816 -0.7109414935112 0.13306894898414612
v -0.15807974338531494 -0.7011369466781616 0.12665046751499176
v -0.7277498841285706 -0.34168940782546997 0.0802316814661026
v -0.7337033748626709 -0.3397940397262573 0.07525639235973358
v -0.736106276512146 -0.33403217792510986 0.07342405617237091
v -0.7325465679168701 -0.3354751467704773 0.09037868678569794
v -0.7354511022567749 -0.3387715220451355 0.07865254580974579
v -0.7339029312133789 -0.34083807468414307 0.07791687548160553
v -0.7343023419380188 -0.3317430317401886 0.0794830173254013
v -0.7371203303337097 -0.3365435004234314 0.08274741470813751
v -0.7409893274307251 -0.3423005938529968 0.06888370215892792
v -0.7420099973678589 -0.33680635690689087 0.06370098888874054
v -0.7369654774665833 -0.33536556363105774 0.08151353895664215
v -0.743742048740387 -0.33787423372268677 0.07532919943332672
v -0.7396560907363892 -0.3417036235332489 0.07168029248714447
v -0.7389676570892334 -0.3334959149360657 0.08343319594860077
v -0.16050603985786438 -0.707905113697052 0.12787805497646332
v -0.7426367402076721 -0.3338984251022339 0.06617774069309235
v -0.7504230737686157 -0.34377938508987427 0.06448334455490112
v -0.7571698427200317 -0.3450719118118286 0.06267565488815308
v -0.7407951354980469 -0.33847153186798096 0.07288126647472382
v -0.7404220700263977 -0.3347317576408386 0.07727895677089691
v -0.7573622465133667 -0.33481940627098083 0.062246620655059814
v -0.7459015846252441 -0.3437464237213135 0.06727099418640137
v -0.7635276317596436 -0.34537172317504883 0.06379860639572144
v -0.759865403175354 -0.34898489713668823 0.06712734699249268
v -0.7449381351470947 -0.3380979597568512 0.0694037675857544
v -0.7431365847587585 -0.34297680854797363 0.06832194328308105
v -0.7653290629386902 -0.33911579847335815 0.06420481204986572
v -0.7531171441078186 -0.347633957862854 0.0696115493774414
v -0.7667828798294067 -0.3512765169143677 0.06732481718063354
v -0.7684722542762756 -0.3447916507720947 0.06298470497131348
v -0.7588024139404297 -0.33705389499664307 0.0672425627708435
v -0.7539964318275452 -0.34194672107696533 0.07040262222290039
v -0.7679497599601746 -0.3404010534286499 0.06749272346496582
v -0.7655845284461975 -0.35109856724739075 0.07157725095748901
v -0.773693859577179 -0.35239309072494507 0.06795483827590942
v -0.7741341590881348 -0.34851473569869995 0.06516373157501221
v -0.7636074423789978 -0.34707754850387573 0.07220602035522461
v -0.7665383815765381 -0.3424510359764099 0.06994819641113281
v -0.7757501006126404 -0.34538304805755615 0.0654979944229126
v -0.7743032574653625 -0.3543674945831299 0.0744357705116272
v -0.7780534625053406 -0.35535091161727905 0.07620209455490112
v -0.7769193649291992 -0.35095250606536865 0.06300270557403564
v -0.7781500816345215 -0.34941473603248596 0.07701420783996582
v -0.7769050598144531 -0.3469141125679016 0.06994801759719849
v -0.7814819812774658 -0.3513004779815674 0.06991952657699585
v -0.7806321382522583 -0.3534665107727051 0.08271217346191406
v -0.7816329598426819 -0.35812434554100037 0.07728517055511475
v -0.775947093963623 -0.3522077798843384 0.06837815046310425
v -0.7833928465843201 -0.35335856676101685 0.0789300799369812
v -0.7840936779975891 -0.3556307554244995 0.08539563417434692
v -0.7810220122337341 -0.3505927324295044 0.07085251808166504
v -0.7838077545166016 -0.3596345782279968 0.0842781662940979
v -0.786254346370697 -0.3557717800140381 0.08238762617111206
v -0.7867310047149658 -0.35934311151504517 0.08485019207000732
v -0.7822822332382202 -0.3619317412376404 0.07482165098190308
v -0.7897495031356812 -0.35119885206222534 0.07133865356445312
v -0.7877533435821533 -0.3678480386734009 0.08302533626556396
v -0.7915512323379517 -0.3535691797733307 0.07951003313064575
v -0.7925103902816772 -0.35947084426879883 0.08460628986358643
v -0.7957194447517395 -0.3654334843158722 0.0725279450416565
v -0.796500563621521 -0.3519962430000305 0.07327568531036377
v -0.7966450452804565 -0.3726399540901184 0.08138203620910645
v -0.8052110075950623 -0.36446982622146606 0.08739125728607178
v -0.8017598390579224 -0.3541228771209717 0.07834166288375854
v -0.8131238222122192 -0.36812812089920044 0.07788592576980591
v -0.8129367828369141 -0.36352574825286865 0.07437872886657715
v -0.8158761262893677 -0.369579553604126 0.08430147171020508
v -0.8173103332519531 -0.36748242378234863 0.08521956205368042
v -0.8169301748275757 -0.3631473481655121 0.0833737850189209
v -0.8303638100624084 -0.3725398778915405 0.07636350393295288
v -0.8293566703796387 -0.3703174293041229 0.08018243312835693
v -0.8273181915283203 -0.3718811273574829 0.08179038763046265
v -0.828994631767273 -0.3703969120979309 0.07649880647659302
v -0.8298568725585938 -0.37106719613075256 0.08385759592056274
v -0.8454211354255676 -0.3742581009864807 0.07647466659545898
v -0.841019332408905 -0.3715584874153137 0.07923150062561035
v -0.8433789610862732 -0.3735876679420471 0.08552712202072144
v -0.8462936282157898 -0.3719012439250946 0.08257216215133667
v -0.8423066139221191 -0.36921393871307373 0.08284139633178711
v -0.8550373315811157 -0.3818100690841675 0.07936590909957886
v -0.8554808497428894 -0.3771955072879791 0.080130934715271
v -0.8580449223518372 -0.37690311670303345 0.08905887603759766
v -0.8565633296966553 -0.37341681122779846 0.08393067121505737
v -0.8624089360237122 -0.37370094656944275 0.0876086950302124
v -0.8735496401786804 -0.3869837522506714 0.08289098739624023
v -0.8704833388328552 -0.3818869888782501 0.07875096797943115
v -0.8700041174888611 -0.3802987337112427 0.09101331233978271
v -0.8701403737068176 -0.3776697516441345 0.08990567922592163
v -0.8665055632591248 -0.3769877552986145 0.08401453495025635
v -0.8775346875190735 -0.3851674199104309 0.08376723527908325
v -0.8798629641532898 -0.38413047790527344 0.0792127251625061
v -0.8747280836105347 -0.3833147883415222 0.09013921022415161
v -0.8754536509513855 -0.3780979514122009 0.08952450752258301
v -0.87769615650177 -0.38093674182891846 0.09204423427581787
v -0.8814170360565186 -0.38288578391075134 0.08152055740356445
v -0.8791528344154358 -0.3851023018360138 0.08992308378219604
v -0.8814916014671326 -0.38331925868988037 0.09296560287475586
v -0.8842498064041138 -0.3825240135192871 0.08851683139801025
v -0.8825012445449829 -0.3822336792945862 0.09370219707489014
v -0.8845942616462708 -0.38712918758392334 0.09227228164672852
v -0.8886393904685974 -0.3870968818664551 0.08677560091018677
v -0.8915087580680847 -0.3806309998035431 0.09877729415893555
v -0.8879328370094299 -0.38007593154907227 0.08728218078613281
v -0.8906055092811584 -0.38176393508911133 0.09329456090927124
v -0.8969485759735107 -0.3866533041000366 0.10039258003234863
v -0.8968722820281982 -0.38709887862205505 0.09212732315063477
v -0.8945218920707703 -0.3839362859725952 0.09952914714813232
v -0.8950352668762207 -0.3813447952270508 0.09008193016052246
v -0.8986546993255615 -0.37981265783309937 0.09629380702972412
v -0.9056355357170105 -0.3828766942024231 0.09554725885391235
v -0.9069061875343323 -0.3873021602630615 0.10259556770324707
v -0.9073720574378967 -0.38005349040031433 0.10538536310195923
v -0.9068942070007324 -0.3804178237915039 0.09349638223648071
v -0.9062379002571106 -0.3771446943283081 0.10023975372314453
v -0.9124069809913635 -0.38310694694519043 0.09818416833877563
v -0.9121637344360352 -0.38288289308547974 0.10429942607879639
v -0.9101799130439758 -0.37718069553375244 0.11252295970916748
v -0.912884533405304 -0.38249698281288147 0.10051262378692627
v -0.9139007329940796 -0.37957441806793213 0.10591918230056763
v -0.9200387597084045 -0.37987369298934937 0.11340451240539551
v -0.9123566746711731 -0.38259685039520264 0.10525727272033691
v -0.923666775226593 -0.3783595561981201 0.11452150344848633
v -0.9193177223205566 -0.3827722668647766 0.10488176345825195
v -0.9262898564338684 -0.3853733539581299 0.11314499378204346
v -0.9297730326652527 -0.37424159049987793 0.11877161264419556
v -0.9244701862335205 -0.3813576102256775 0.11802160739898682
v -0.9329501390457153 -0.38084977865219116 0.11337888240814209
v -0.9312175512313843 -0.384013295173645 0.11424052715301514
v -0.9294465184211731 -0.3803739547729492 0.11916399002075195
v -0.9420709609985352 -0.3727673292160034 0.11873739957809448
v -0.9389477968215942 -0.3702307343482971 0.12779414653778076
v -0.9364039301872253 -0.3814094066619873 0.1243293285369873
v -0.9349497556686401 -0.35707706212997437 0.11888670921325684
v -0.9466046094894409 -0.37019896507263184 0.12035143375396729
v -0.9333757162094116 -0.38773640990257263 0.12071341276168823
v -0.9477423429489136 -0.3943568468093872 0.11153006553649902
v -0.9362488985061646 -0.37839335203170776 0.12833446264266968
v -0.9511434435844421 -0.39201658964157104 0.10824507474899292
v -0.9316432476043701 -0.39106255769729614 0.1152956485748291
v -0.9417963027954102 -0.3726160526275635 0.12295204401016235
v -0.9321058988571167 -0.37643569707870483 0.11897218227386475
v -0.9486058950424194 -0.37607043981552124 0.12463867664337158
v -0.941235363483429 -0.38883352279663086 0.10529255867004395
v -0.9482423067092896 -0.38230007886886597 0.11953777074813843
v -0.9411612749099731 -0.3823010325431824 0.1242222785949707
v -0.942308247089386 -0.38786089420318604 0.12130486965179443
v -0.9442412853240967 -0.381796658039093 0.12791812419891357
v -0.9456124901771545 -0.39402276277542114 0.12267976999282837
v -0.9478257894515991 -0.38576555252075195 0.11905163526535034
v -0.9456248879432678 -0.38379937410354614 0.13804084062576294
v -0.942618727684021 -0.3910341262817383 0.12281596660614014
v -0.9474109411239624 -0.3969680070877075 0.13088637590408325
v -0.9469121694564819 -0.3993009924888611 0.13163071870803833
v -0.9511094093322754 -0.3936372995376587 0.13458788394927979
v -0.952344536781311 -0.3912784457206726 0.13432371616363525
v -0.9398366808891296 -0.3895292282104492 0.1280164122581482
v -0.9541942477226257 -0.40786468982696533 0.14491009712219238
v -0.9478736519813538 -0.41162973642349243 0.16038918495178223
v -0.9615805745124817 -0.3978229761123657 0.1386966109275818
v -0.9563382863998413 -0.40040528774261475 0.13884645700454712
v -0.9533340334892273 -0.41290438175201416 0.14838534593582153
v -0.9535548686981201 -0.40763580799102783 0.15713495016098022
v -0.9493505954742432 -0.4106636047363281 0.15047460794448853
v -0.9564443230628967 -0.4060852527618408 0.13253098726272583
v -0.9557298421859741 -0.4117547869682312 0.13863307237625122
v -0.9561069011688232 -0.4117792844772339 0.14961665868759155
v -0.9730632901191711 -0.41708874702453613 0.15606224536895752
v -0.9626542925834656 -0.4210144877433777 0.16942793130874634
v -0.9636155962944031 -0.42664188146591187 0.13977748155593872
v -0.9661397933959961 -0.42097610235214233 0.1385650634765625
v -0.9586061835289001 -0.4351552724838257 0.1576387882232666
v -0.9810055494308472 -0.41575169563293457 0.17599934339523315
v -0.9763803482055664 -0.42201703786849976 0.17877376079559326
v -0.9724645614624023 -0.44400015473365784 0.15668362379074097
v -0.9799656867980957 -0.4294304847717285 0.15923470258712769
v -0.9716753959655762 -0.4364895224571228 0.17010372877120972
v -0.9801273345947266 -0.42332032322883606 0.1816565990447998
v -0.9855985045433044 -0.42223578691482544 0.18242788314819336
v -0.981955885887146 -0.43840500712394714 0.16884523630142212
v -0.9869165420532227 -0.42202627658843994 0.17668366432189941
v -0.9765185713768005 -0.4373243451118469 0.18115365505218506
v -0.9773520231246948 -0.443832665681839 0.17730605602264404
v -0.9796279668807983 -0.4213445782661438 0.1827419400215149
v -0.9812096357345581 -0.4257088303565979 0.1881934404373169
v -0.9837194681167603 -0.433391809463501 0.17888015508651733
v -0.9817333817481995 -0.428276002407074 0.1811971664428711
v -0.9800782203674316 -0.4324629604816437 0.18207943439483643
v -0.983843982219696 -0.4427022933959961 0.189081072807312
v -0.984183669090271 -0.43203434348106384 0.19440686702728271
v -0.9871399998664856 -0.4258778393268585 0.18252849578857422
v -0.980703592300415 -0.4296106696128845 0.18422245979309082
v -0.9805046319961548 -0.43331456184387207 0.18733149766921997
v 0.4332136809825897 -0.0038495156913995743 0.18020062148571014
v 0.41908204555511475 -0.0031757280230522156 0.19222711026668549
v 0.40358373522758484 -0.0024574492126703262 0.20375634729862213
v 0.4424014389514923 -0.004299469292163849 0.17142680287361145
v 0.38919368386268616 -0.0018484098836779594 0.20981231331825256
v 0.37924298644065857 -0.0014548087492585182 0.21178719401359558
v 0.4933464527130127 -0.006972329691052437 0.1084853857755661
v 0.3726377487182617 -0.0012086983770132065 0.21188034117221832
v 0.499549001455307 -0.007304038852453232 0.1003171056509018
v 0.36560362577438354 -0.0009697144851088524 0.21012352406978607
v 0.5064793825149536 -0.007683645933866501 0.09046958386898041
v 0.357153981924057 -0.0006950963288545609 0.20701263844966888
v 0.5148752331733704 -0.008155185729265213 0.07760287821292877
v 0.522339940071106 -0.008589869365096092 0.06492321193218231
v 0.5259526371955872 -0.008809780701994896 0.05802017077803612
v 0.5282195806503296 -0.008953621610999107 0.053219202905893326
v 0.5301735401153564 -0.009090686216950417 0.04802984371781349
v 0.28540992736816406 0.00023055169731378555 0.10914231091737747
v 0.2569940388202667 7.683661533519626e-05 0.10347441583871841
v 0.2614263892173767 0.0001072705490514636 0.0985376164317131
v 0.525871992111206 -0.01035410538315773 -0.06626532971858978
v 0.2524314224720001 4.0844010072760284e-05 0.11007282137870789
v 0.5184216499328613 -0.010173182934522629 -0.07392552495002747
v 0.5079503059387207 -0.009811623021960258 -0.07607536017894745
v 0.2896808981895447 -9.862706065177917e-06 0.06106826663017273
v 0.28689032793045044 3.227684646844864e-05 0.05640769377350807
v 0.4924204647541046 -0.009159248322248459 -0.06993356347084045
v 0.2850251793861389 3.617722541093826e-05 0.05316097289323807
v 0.29552775621414185 -0.00022875890135765076 0.06090189516544342
v 0.28880739212036133 -5.06499782204628e-05 0.04827871918678284
v 0.47061869502067566 -0.008153051137924194 -0.05405421927571297
v 0.2162414938211441 0.0 0.14216621220111847
v 0.3058181703090668 -0.0006994204595685005 0.053749337792396545
v 0.4552341103553772 -0.007519479840993881 -0.04899027571082115
v 0.20094460248947144 0.0 0.15132510662078857
v 0.3158712387084961 -0.0012234412133693695 0.041603557765483856
v 0.2781160771846771 -5.121110007166862e-07 0.0019542432855814695
v 0.45238375663757324 -0.00742100365459919 -0.04957079514861107
v 0.32453957200050354 -0.001760784536600113 0.024263150990009308
v 0.27709120512008667 2.389861037954688e-07 -0.0019990187138319016
v 0.18329085409641266 0.0 0.1591631919145584
v 0.3332943320274353 -0.0023732399567961693 0.0011467412114143372
v 0.27230527997016907 0.0 -0.007019424811005592
v 0.25891807675361633 0.0 -0.015704086050391197
v 0.43807685375213623 -0.007046546787023544 -0.062109511345624924
v 0.24632656574249268 0.0 -0.02172139659523964
v 0.4227697253227234 -0.006693458184599876 -0.07934428751468658
v 0.12863701581954956 0.0 0.17541301250457764
v 0.11486276984214783 0.0 0.17763052880764008
v 0.362830251455307 -0.004341713152825832 -0.06898806989192963
v 0.14170432090759277 0.0007829153910279274 -0.005257360637187958
v 0.3968329429626465 -0.00595291331410408 -0.09783560037612915
v 0.09891456365585327 0.0 0.1790921688079834
v 0.3704003691673279 -0.004748753271996975 -0.07913343608379364
v 0.3923535943031311 -0.005795390345156193 -0.09781007468700409
v 0.0835520550608635 0.0 0.17613275349140167
v 0.3772231340408325 -0.00510699488222599 -0.0875854343175888
v 0.38401272892951965 -0.005439179018139839 -0.09404321014881134
v 0.1667756885290146 0.0010910951532423496 -0.016467200592160225
v 0.0739491730928421 0.0 0.166606143116951
v 0.06570488959550858 0.0 0.15560808777809143
v 0.0533122681081295 0.0 0.14680235087871552
v 0.04274015128612518 0.0 0.14132079482078552
v 0.12916642427444458 0.0 -0.01849091239273548
v 0.11952482163906097 -0.0024368055164813995 -0.00017897970974445343
v 0.03596797585487366 0.0 0.1397971212863922
v 0.1253681629896164 0.0 -0.01472637988626957
v 0.12091393023729324 -0.0023567434400320053 -0.008940400555729866
v 0.029571961611509323 0.0 0.13973017036914825
v 0.002806835575029254 0.0 0.14273586869239807
v 0.11692525446414948 0.0 -0.013762207701802254
v -0.02615838497877121 0.0 0.15016953647136688
v -0.03942960128188133 0.0 0.1570827066898346
v -0.0509248822927475 0.0 0.1558699905872345
v -0.05456320196390152 0.0 0.1491546630859375
v -0.0651412159204483 0.0 0.1457531750202179
v -0.07372064143419266 0.0 0.13407272100448608
v 0.01824323646724224 0.0 0.1408603936433792
v -0.23635746538639069 -0.05434858053922653 0.03564153611660004
v -0.15396931767463684 -0.00247288029640913 0.09314533323049545
v -0.08047901093959808 0.0 -0.07065261900424957
v -0.18088412284851074 -0.0057545872405171394 0.07900839298963547
v -0.10446447879076004 0.0029031785670667887 -0.061726585030555725
v -0.18012481927871704 -0.004827262833714485 0.06637412309646606
v -0.18497765064239502 -0.005597184412181377 0.0753449946641922
v -0.06882550567388535 0.0 0.03609444946050644
v -0.19354547560214996 -0.008025459945201874 0.0872557982802391
v -0.08483690023422241 -0.0008368115522898734 -0.015156019479036331
v -0.20405705273151398 -0.015358150005340576 0.1125648021697998
v -0.1529349535703659 4.37307171523571e-05 0.006745113991200924
v -0.0922141969203949 0.002242988906800747 -0.07015585899353027
v -0.22053933143615723 -0.02430972084403038 0.1309414952993393
v -0.15918797254562378 0.0001970166340470314 0.015249563381075859
v -0.22650128602981567 -0.02956630289554596 0.13958434760570526
v -0.17378638684749603 0.0019816402345895767 -0.0019419840537011623
v -0.2337111234664917 -0.03464088216423988 0.14864253997802734
v -0.1988322138786316 0.0028915926814079285 -0.013735376298427582
v -0.09785004705190659 0.0 -0.06600697338581085
v -0.2535993754863739 -0.03921922296285629 0.14169609546661377
v -0.23927520215511322 -0.0038831569254398346 -0.0033921501599252224
v -0.0932285338640213 0.0 -0.07975675165653229
v -0.2724829316139221 -0.03792139142751694 0.11376941204071045
v -0.2851979434490204 -0.015756111592054367 0.010173626244068146
v -0.2901134192943573 -0.03799460455775261 0.10117034614086151
v -0.30104735493659973 -0.018944960087537766 0.022856196388602257
v -0.305877685546875 -0.037645816802978516 0.09730073809623718
v -0.33567240834236145 -0.019105521962046623 0.03714172914624214
v -0.3173067569732666 -0.019477833062410355 0.029923278838396072
v -0.34349483251571655 -0.010717634111642838 0.021127596497535706
v -0.33454105257987976 -0.05785532295703888 0.16039392352104187
v -0.35228100419044495 -0.0052724070847034454 0.011486783623695374
v -0.35754239559173584 0.00028842315077781677 0.00021405518054962158
v -0.3599812686443329 0.007519146427512169 -0.016292080283164978
v -0.3745001554489136 -0.06613743305206299 0.18677464127540588
v -0.3659566640853882 0.01322861760854721 -0.028689339756965637
v -0.395526647567749 -0.06847771257162094 0.1947845220565796
v -0.4119550287723541 -0.06925429403781891 0.19801922142505646
v -0.4282636046409607 -0.06911463290452957 0.19842836260795593
v -0.4381330609321594 -0.06855055689811707 0.19765424728393555
v -0.44596895575523376 -0.0674973875284195 0.19450168311595917
v -0.46123653650283813 -0.06575994193553925 0.18736900389194489
v -0.4783058166503906 0.016696684062480927 -0.0437568724155426
v -0.48170745372772217 -0.06444615125656128 0.17865805327892303
v -0.5010737180709839 -0.0665145218372345 0.17600642144680023
v -0.5078991055488586 -0.06943534314632416 0.17672036588191986
v -0.5291762351989746 -0.07322359830141068 0.17725950479507446
v -0.5569229125976562 -0.08097881823778152 0.17556139826774597
v -0.6209796071052551 -0.010491505265235901 -0.029795080423355103
v -0.6333315968513489 -0.017942607402801514 -0.018102124333381653
v -0.6422686576843262 -0.025859355926513672 -0.0044568926095962524
v -0.6499231457710266 -0.03298527002334595 0.0089169442653656
v -0.6988959908485413 -0.08811811357736588 0.1269020289182663
v -0.7170393466949463 -0.07074660062789917 0.07871472835540771
v -0.6659989356994629 -0.04474176466464996 0.02908320724964142
v -0.6766156554222107 -0.04732930660247803 0.03130955994129181
v -0.7030548453330994 -0.058420874178409576 0.0507158488035202
v -0.7124623656272888 -0.062124110758304596 0.05860251188278198
v 0.114493727684021 -0.10328307747840881 0.20940668880939484
v 0.10846374928951263 -0.1036420613527298 0.1986016035079956
v 0.10665270686149597 -0.110773965716362 0.20192661881446838
v 0.10765426605939865 -0.10940475761890411 0.21006307005882263
v 0.5353347063064575 -0.01034308597445488 -0.037193428725004196
v 0.3400462865829468 -0.0029248064383864403 -0.02304476872086525
v 0.12159207463264465 -0.0017985105514526367 -0.0074892062693834305
v 0.11576367169618607 0.0 -0.013612121343612671
v 0.10877998173236847 0.0 -0.015680870041251183
v 0.09730076789855957 0.0 -0.022687828168272972
v 0.04734877496957779 0.0 -0.009444434195756912
v -0.05150380730628967 -0.01620721071958542 0.059326544404029846
v 0.4213089942932129 0.1378285139799118 0.166910782456398
v 0.4163150191307068 0.13279704749584198 0.173268124461174
v 0.42298948764801025 0.12691563367843628 0.17102430760860443
v 0.41572579741477966 0.12583234906196594 0.1772429198026657
v 0.41192278265953064 0.14220090210437775 0.171024888753891
v 0.42704904079437256 0.14477041363716125 0.15819494426250458
v 0.42962586879730225 0.13256093859672546 0.16345439851284027
v 0.42232972383499146 0.12024922668933868 0.17498432099819183
v 0.4163295030593872 0.1174212396144867 0.1807904839515686
v 0.4070250988006592 0.1241031140089035 0.1843760460615158
v 0.4089440405368805 0.13450026512145996 0.1779993325471878
v 0.4020385444164276 0.14648012816905975 0.17602914571762085
v 0.40603262186050415 0.15572093427181244 0.1667969673871994
v 0.4172302782535553 0.149734228849411 0.1622890681028366
v 0.42295584082603455 0.15580487251281738 0.15350817143917084
v 0.4318544566631317 0.14925384521484375 0.1501711755990982
v 0.43463343381881714 0.13891547918319702 0.15507236123085022
v 0.4292132556438446 0.12104971706867218 0.16924966871738434
v 0.40924131870269775 0.1151287704706192 0.18646883964538574
v 0.39546552300453186 0.12309029698371887 0.19103656709194183
v 0.39705953001976013 0.1351601928472519 0.18520823121070862
v 0.3957432806491852 0.16006290912628174 0.17170293629169464
v 0.39242780208587646 0.15054696798324585 0.1804589033126831
v 0.41124987602233887 0.1631241738796234 0.15775533020496368
v 0.3969288468360901 0.17115671932697296 0.16167598962783813
v 0.4166521430015564 0.17123043537139893 0.14791105687618256
v 0.4282826781272888 0.16374534368515015 0.14395062625408173
v 0.4370887577533722 0.15683208405971527 0.1407347172498703
v 0.43865638971328735 0.1437428891658783 0.14738304913043976
v 0.4364372789859772 0.1258319616317749 0.16073445975780487
v 0.4357333481311798 0.11332960426807404 0.16685062646865845
v 0.4250912368297577 0.11187781393527985 0.1766766756772995
v 0.4010889232158661 0.11687357723712921 0.190879225730896
v 0.3891071379184723 0.1261480301618576 0.193513423204422
v 0.3864421546459198 0.1413324773311615 0.18852652609348297
v 0.3866178095340729 0.1636584997177124 0.17579877376556396
v 0.38835808634757996 0.17075109481811523 0.1684720367193222
v 0.38285213708877563 0.15490274131298065 0.1836005598306656
v 0.391134113073349 0.18855056166648865 0.15193042159080505
v 0.40597057342529297 0.17873801290988922 0.15037719905376434
v 0.41162145137786865 0.18537753820419312 0.14114123582839966
v 0.42237383127212524 0.17898280918598175 0.13776852190494537
v 0.4330982267856598 0.17198233306407928 0.13450157642364502
v 0.4424068331718445 0.16635151207447052 0.130140483379364
v 0.4446132183074951 0.14983555674552917 0.13800418376922607
v 0.44100308418273926 0.13225911557674408 0.15244798362255096
v 0.4411921203136444 0.10034194588661194 0.1657971888780594
v 0.432229220867157 0.09787397086620331 0.17464037239551544
v 0.41496267914772034 0.10773439705371857 0.18500058352947235
v 0.40573418140411377 0.10772088170051575 0.1914011389017105
v 0.390305757522583 0.12112817168235779 0.19485661387443542
v 0.37981462478637695 0.13661174476146698 0.19535015523433685
v 0.3780372142791748 0.14772845804691315 0.1904204785823822
v 0.3766808807849884 0.16896694898605347 0.179000586271286
v 0.37912797927856445 0.1746564358472824 0.17126664519309998
v 0.3818798363208771 0.1835094839334488 0.16172225773334503
v 0.37302929162979126 0.16046760976314545 0.18663303554058075
v 0.3915901184082031 0.1915096491575241 0.14792537689208984
v 0.40128093957901 0.19173800945281982 0.1426466852426529
v 0.40633708238601685 0.1973170042037964 0.13529832661151886
v 0.41639676690101624 0.19304606318473816 0.1322685182094574
v 0.42738720774650574 0.18797989189624786 0.12837296724319458
v 0.4380090534687042 0.1836908459663391 0.1236010193824768
v 0.44784486293792725 0.17712093889713287 0.11912259459495544
v 0.4513242244720459 0.1571156531572342 0.12649357318878174
v 0.4446229040622711 0.13772360980510712 0.1450180858373642
v 0.44147637486457825 0.12151762843132019 0.15751010179519653
v 0.4451097249984741 0.11021220684051514 0.15832388401031494
v 0.43388843536376953 0.08500659465789795 0.17606137692928314
v 0.44026121497154236 0.08713573217391968 0.17000100016593933
v 0.42085233330726624 0.09712889790534973 0.18366821110248566
v 0.39484962821006775 0.11133746802806854 0.19648709893226624
v 0.41084638237953186 0.09855833649635315 0.19034667313098907
v 0.3849835991859436 0.11961632966995239 0.19936974346637726
v 0.36882686614990234 0.14934483170509338 0.19441720843315125
v 0.36830252408981323 0.1299905925989151 0.20053039491176605
v 0.3702676296234131 0.1738337129354477 0.18117299675941467
v 0.37328433990478516 0.17909416556358337 0.17403718829154968
v 0.37396350502967834 0.1844608038663864 0.1673770397901535
v 0.3795423209667206 0.19095352292060852 0.1544385552406311
v 0.3662739098072052 0.16816112399101257 0.18771973252296448
v 0.391920268535614 0.19611354172229767 0.14372409880161285
v 0.3969765603542328 0.1986830234527588 0.13879892230033875
v 0.40397366881370544 0.2065710574388504 0.1297958642244339
v 0.4112195372581482 0.20432239770889282 0.12764307856559753
v 0.4220963418483734 0.20215390622615814 0.12286150455474854
v 0.43325918912887573 0.19963276386260986 0.11761800944805145
v 0.4432794153690338 0.1943553239107132 0.11449944972991943
v 0.45580363273620605 0.16919097304344177 0.1134837418794632
v 0.45214441418647766 0.18843871355056763 0.10954135656356812
v 0.4537118077278137 0.13780663907527924 0.13523882627487183
v 0.44799044728279114 0.12379078567028046 0.1488391011953354
v 0.4539753794670105 0.10773313045501709 0.14910683035850525
v 0.4500194191932678 0.0918889194726944 0.1596364825963974
v 0.4262140691280365 0.084226593375206 0.18244542181491852
v 0.44613373279571533 0.07347062230110168 0.1665467619895935
v 0.4347892701625824 0.07104852795600891 0.17751163244247437
v 0.4002903699874878 0.09627461433410645 0.19746457040309906
v 0.38748788833618164 0.10517770051956177 0.20224125683307648
v 0.4136611819267273 0.08485519886016846 0.19227857887744904
v 0.3723909258842468 0.11121033132076263 0.20381666719913483
v 0.35809147357940674 0.1411706805229187 0.19710741937160492
v 0.3574967384338379 0.1301034539937973 0.19974401593208313
v 0.3643757700920105 0.1813274770975113 0.1822356879711151
v 0.36822429299354553 0.1853671371936798 0.17629759013652802
v 0.3712475299835205 0.19023507833480835 0.16836631298065186
v 0.37286296486854553 0.19158045947551727 0.1613127589225769
v 0.3850867748260498 0.1952076256275177 0.14832909405231476
v 0.3595702052116394 0.15697059035301208 0.19332504272460938
v 0.38951176404953003 0.201177716255188 0.14088763296604156
v 0.3937551975250244 0.209952250123024 0.1326262652873993
v 0.39941641688346863 0.21211960911750793 0.12909285724163055
v 0.40676045417785645 0.21311889588832855 0.1244581788778305
v 0.4158094525337219 0.21216529607772827 0.12040480971336365
v 0.4277673065662384 0.21090620756149292 0.11409927904605865
v 0.43830618262290955 0.209662064909935 0.10940457880496979
v 0.4466783106327057 0.20592620968818665 0.10663866996765137
v 0.45887020230293274 0.14699114859104156 0.1211952269077301
v 0.4562455415725708 0.20156504213809967 0.09978573024272919
v 0.4580439627170563 0.18301694095134735 0.10403639078140259
v 0.45638608932495117 0.12224842607975006 0.1398637294769287
v 0.4638828635215759 0.10819210112094879 0.13643133640289307
v 0.4603067934513092 0.0889061987400055 0.14724382758140564
v 0.4560437798500061 0.07065127789974213 0.15667571127414703
v 0.4218384027481079 0.06917759776115417 0.1888594776391983
v 0.42852064967155457 0.052880771458148956 0.18445785343647003
v 0.44549867510795593 0.051263246685266495 0.16925057768821716
v 0.39935463666915894 0.08006595075130463 0.20113074779510498
v 0.3884514272212982 0.08956241607666016 0.20445449650287628
v 0.3770396113395691 0.09729509055614471 0.20568235218524933
v 0.41024571657180786 0.06748896837234497 0.1978408247232437
v 0.35664355754852295 0.11565369367599487 0.20209981501102448
v 0.3477717638015747 0.13154971599578857 0.19743934273719788
v 0.36190223693847656 0.19186164438724518 0.18047864735126495
v 0.3595849871635437 0.17643193900585175 0.18833251297473907
v 0.3634699881076813 0.19347217679023743 0.17453110218048096
v 0.36987340450286865 0.19412675499916077 0.16578367352485657
v 0.37534356117248535 0.19588394463062286 0.15431658923625946
v 0.3492266535758972 0.15116985142230988 0.19414453208446503
v 0.38541415333747864 0.21166065335273743 0.13639095425605774
v 0.38056594133377075 0.2040165662765503 0.1455083042383194
v 0.39182886481285095 0.21832895278930664 0.12895694375038147
v 0.40064892172813416 0.2209511697292328 0.12301060557365417
v 0.41008126735687256 0.2202608287334442 0.11866134405136108
v 0.4214322865009308 0.2195807844400406 0.11261144280433655
v 0.4331676959991455 0.2188415378332138 0.10637827217578888
v 0.4421243667602539 0.2176429182291031 0.10317325592041016
v 0.45020169019699097 0.2170080691576004 0.09822095930576324
v 0.46360528469085693 0.16144239902496338 0.10409592092037201
v 0.4630442261695862 0.12753228843212128 0.12813818454742432
v 0.46362653374671936 0.18637536466121674 0.0945519357919693
v 0.4626302421092987 0.2047080397605896 0.09068888425827026
v 0.47012731432914734 0.09000323712825775 0.13335271179676056
v 0.4658464789390564 0.07155363261699677 0.14345401525497437
v 0.4614339768886566 0.05184612050652504 0.1516580581665039
v 0.4156643748283386 0.05341126397252083 0.19513963162899017
v 0.3969190716743469 0.0631779283285141 0.20463697612285614
v 0.3867698907852173 0.07277537882328033 0.20745836198329926
v 0.3745378255844116 0.082452192902565 0.20694030821323395
v 0.3614419996738434 0.0966833084821701 0.2053934782743454
v 0.40603959560394287 0.054242413491010666 0.20207765698432922
v 0.34454241394996643 0.11477858573198318 0.20046086609363556
v 0.3368925452232361 0.12765832245349884 0.1959112286567688
v 0.3571321368217468 0.1904842108488083 0.18237777054309845
v 0.3588474690914154 0.19677916169166565 0.17683501541614532
v 0.3505670726299286 0.16786342859268188 0.1912965029478073
v 0.36254996061325073 0.1981271356344223 0.16988837718963623
v 0.367886483669281 0.19877690076828003 0.15978439152240753
v 0.33413979411125183 0.145232692360878 0.19105008244514465
v 0.37301668524742126 0.20368242263793945 0.15220531821250916
v 0.37472060322761536 0.21287329494953156 0.143048956990242
v 0.39242011308670044 0.22655880451202393 0.12356340885162354
v 0.3797815442085266 0.22194606065750122 0.13289137184619904
v 0.4025357961654663 0.22833092510700226 0.11766862869262695
v 0.41405439376831055 0.22731247544288635 0.11137241125106812
v 0.42561256885528564 0.22606222331523895 0.10553021728992462
v 0.437152624130249 0.22454366087913513 0.10046447813510895
v 0.444463849067688 0.22353078424930573 0.09734423458576202
v 0.4578898847103119 0.21685810387134552 0.09204976260662079
v 0.4708952307701111 0.16528940200805664 0.0904478132724762
v 0.468747079372406 0.1329958587884903 0.1131025105714798
v 0.4691596031188965 0.1993800848722458 0.08292482793331146
v 0.4732297658920288 0.17470517754554749 0.0839957445859909
v 0.47509658336639404 0.07049611955881119 0.12968116998672485
v 0.4715477228164673 0.11013182997703552 0.12279309332370758
v 0.47974205017089844 0.09007461369037628 0.1178661435842514
v 0.4702487289905548 0.05583967640995979 0.1388862431049347
v 0.39484238624572754 0.04862310737371445 0.20696274936199188
v 0.38312646746635437 0.057297732681035995 0.2095673531293869
v 0.3724706768989563 0.06835637241601944 0.20778866112232208
v 0.36026114225387573 0.07740788161754608 0.2050851434469223
v 0.3493462800979614 0.10250110924243927 0.20280250906944275
v 0.3245312571525574 0.12962138652801514 0.19004693627357483
v 0.33082157373428345 0.11512365937232971 0.1944390833377838
v 0.34740757942199707 0.1872429996728897 0.1862715631723404
v 0.3489256799221039 0.20092491805553436 0.1788514256477356
v 0.3563404679298401 0.2043859362602234 0.172821506857872
v 0.34065747261047363 0.17130230367183685 0.18963302671909332
v 0.36054229736328125 0.2038821429014206 0.16515220701694489
v 0.31940194964408875 0.14854510128498077 0.18237419426441193
v 0.3645777106285095 0.2085079401731491 0.15398254990577698
v 0.3648805320262909 0.21845616400241852 0.14402219653129578
v 0.3805847764015198 0.2318940907716751 0.12405097484588623
v 0.3941132128238678 0.23342546820640564 0.11665596067905426
v 0.3676069974899292 0.22852027416229248 0.13404332101345062
v 0.4051191210746765 0.2328719198703766 0.11022959649562836
v 0.4175782799720764 0.23034413158893585 0.10420569777488708
v 0.4293655455112457 0.22966110706329346 0.09833486378192902
v 0.44030070304870605 0.2276819348335266 0.09513983130455017
v 0.45026203989982605 0.2274664044380188 0.09158462285995483
v 0.4664572477340698 0.2160099595785141 0.08281247317790985
v 0.47468721866607666 0.13944277167320251 0.09729796648025513
v 0.47762730717658997 0.1531367152929306 0.08297789096832275
v 0.47709617018699646 0.18830542266368866 0.07236330211162567
v 0.47995808720588684 0.16515304148197174 0.07191266119480133
v 0.4853126108646393 0.06932613253593445 0.11445067822933197
v 0.47914406657218933 0.051742661744356155 0.1263335645198822
v 0.4807985723018646 0.11256374418735504 0.10343943536281586
v 0.4889625608921051 0.08784474432468414 0.10150514543056488
v 0.38336703181266785 -0.0016211159527301788 0.2107132524251938
v 0.3605855405330658 0.06621798872947693 0.2052694708108902
v 0.3488827049732208 0.08522382378578186 0.20185218751430511
v 0.3375449478626251 0.09977763891220093 0.1974765956401825
v 0.3190341293811798 0.11347801983356476 0.18564823269844055
v 0.3132082223892212 0.1311020851135254 0.18021652102470398
v 0.3364986479282379 0.19027718901634216 0.1843714416027069
v 0.3424399793148041 0.202500581741333 0.18099848926067352
v 0.3467458486557007 0.20632663369178772 0.17595595121383667
v 0.35484981536865234 0.21172386407852173 0.16567035019397736
v 0.3284660577774048 0.17176669836044312 0.18535804748535156
v 0.31159159541130066 0.14739122986793518 0.1765775978565216
v 0.354566365480423 0.21867883205413818 0.1570286899805069
v 0.35532623529434204 0.22625833749771118 0.14771847426891327
v 0.36931633949279785 0.23691833019256592 0.12348151206970215
v 0.3823283016681671 0.23795145750045776 0.1144837886095047
v 0.3950568735599518 0.23638410866260529 0.10795292258262634
v 0.35745739936828613 0.2349977046251297 0.13421641290187836
v 0.4077877998352051 0.23371990025043488 0.10121174156665802
v 0.42053085565567017 0.23359479010105133 0.09425458312034607
v 0.4332052767276764 0.23099885880947113 0.09199947118759155
v 0.44333142042160034 0.2295188456773758 0.08992660045623779
v 0.4589645266532898 0.22731398046016693 0.08438742160797119
v 0.47336524724960327 0.21035294234752655 0.0738949328660965
v 0.48248496651649475 0.12544527649879456 0.08736547827720642
v 0.48473137617111206 0.13966919481754303 0.07194171845912933
v 0.48274117708206177 0.17537888884544373 0.06234734132885933
v 0.48585590720176697 0.15224164724349976 0.060991767793893814
v 0.4947405457496643 0.06951743364334106 0.0989885926246643
v 0.49116936326026917 0.05161278694868088 0.10976973176002502
v 0.4885425567626953 0.10181090235710144 0.08944408595561981
v 0.4953581690788269 0.08232112228870392 0.08861322700977325
v 0.3740697503089905 0.043833114206790924 0.21047751605510712
v 0.3669511377811432 0.05651715397834778 0.20751015841960907
v 0.3502560257911682 0.07004975527524948 0.20127350091934204
v 0.3388397693634033 0.08839589357376099 0.1968783289194107
v 0.3221175968647003 0.09639520943164825 0.18589282035827637
v 0.3076786994934082 0.1279325783252716 0.17181316018104553
v 0.30829888582229614 0.11114932596683502 0.1708250343799591
v 0.32570886611938477 0.1889873594045639 0.17886720597743988
v 0.33377328515052795 0.203385129570961 0.17775611579418182
v 0.3418135344982147 0.21362462639808655 0.17448535561561584
v 0.34843000769615173 0.21764817833900452 0.16673222184181213
v 0.31575363874435425 0.17019309103488922 0.17567124962806702
v 0.30676519870758057 0.14146503806114197 0.17120473086833954
v 0.3506183624267578 0.2186981439590454 0.15010397136211395
v 0.34572628140449524 0.23470273613929749 0.14747470617294312
v 0.3710399270057678 0.24078653752803802 0.11331617832183838
v 0.3597380518913269 0.2408822923898697 0.12117306888103485
v 0.3825363218784332 0.23912659287452698 0.105080246925354
v 0.3961372375488281 0.2350468635559082 0.09471583366394043
v 0.34776073694229126 0.23835356533527374 0.1316620409488678
v 0.41438233852386475 0.23239225149154663 0.0878157764673233
v 0.42579054832458496 0.23215804994106293 0.08589179813861847
v 0.4386014938354492 0.23123566806316376 0.08536449074745178
v 0.4500300884246826 0.23176349699497223 0.08291207253932953
v 0.46874362230300903 0.2236994504928589 0.07473140954971313
v 0.4793199896812439 0.19777226448059082 0.06515000760555267
v 0.4889179468154907 0.11477641761302948 0.07401195168495178
v 0.49030131101608276 0.12858329713344574 0.059398163110017776
v 0.4873804450035095 0.1628500074148178 0.05169655755162239
v 0.4909457862377167 0.14021876454353333 0.04885471239686012
v 0.502118706703186 0.06661231815814972 0.08628073334693909
v 0.4996938705444336 0.05331958085298538 0.09631113708019257
v 0.4970216751098633 0.040320802479982376 0.10406771302223206
v 0.495356023311615 0.09389650821685791 0.07484345138072968
v 0.5028350949287415 0.07664544880390167 0.0739825963973999
v 0.35392099618911743 0.05602306127548218 0.203014075756073
v 0.3603656589984894 0.044837016612291336 0.206374391913414
v 0.33799639344215393 0.07576239109039307 0.19520948827266693
v 0.32835155725479126 0.08314123749732971 0.18912358582019806
v 0.31256186962127686 0.09321896731853485 0.1746295541524887
v 0.30238038301467896 0.11973179876804352 0.1616506725549698
v 0.3040420711040497 0.10486531257629395 0.16119445860385895
v 0.3244815766811371 0.20258381962776184 0.1722298264503479
v 0.3188410997390747 0.18979202210903168 0.17206886410713196
v 0.33559784293174744 0.20773473381996155 0.16176435351371765
v 0.3427724838256836 0.21959716081619263 0.160495325922966
v 0.3050585687160492 0.16158871352672577 0.16610130667686462
v 0.3007793724536896 0.13514448702335358 0.1606033742427826
v 0.3383026421070099 0.2345809042453766 0.15637226402759552
v 0.3370422124862671 0.23957504332065582 0.1450154334306717
v 0.3599531948566437 0.24371954798698425 0.1105964332818985
v 0.36912596225738525 0.24153555929660797 0.1025519073009491
v 0.3491535484790802 0.24375832080841064 0.11914683878421783
v 0.37758105993270874 0.2378428727388382 0.09331629425287247
v 0.4010917842388153 0.23145903646945953 0.08040232956409454
v 0.3387008011341095 0.24088643491268158 0.1279093325138092
v 0.41776663064956665 0.22915847599506378 0.0769333690404892
v 0.43211010098457336 0.22944238781929016 0.07967732846736908
v 0.44198867678642273 0.2299901843070984 0.07843846082687378
v 0.46033281087875366 0.2293398082256317 0.07370171695947647
v 0.47530031204223633 0.21541592478752136 0.0658622682094574
v 0.48506006598472595 0.18376486003398895 0.05419328436255455
v 0.4955700933933258 0.10463778674602509 0.06020211800932884
v 0.49549686908721924 0.11863498389720917 0.04653868451714516
v 0.4914066791534424 0.15192122757434845 0.040792498737573624
v 0.49482065439224243 0.13106875121593475 0.03876374289393425
v 0.5073881149291992 0.05148201435804367 0.0848311185836792
v 0.509736180305481 0.06229683384299278 0.07375490665435791
v 0.5037355422973633 0.04081723466515541 0.09401281177997589
v 0.5027413368225098 0.086514413356781 0.060474153608083725
v 0.5106610059738159 0.07122679054737091 0.061758797615766525
v 0.3398071825504303 0.05865778028964996 0.19412049651145935
v 0.32595986127853394 0.0675925612449646 0.18401862680912018
v 0.31742367148399353 0.07745331525802612 0.17702649533748627
v 0.3073395788669586 0.0944051593542099 0.1654766947031021
v 0.31610533595085144 0.20318733155727386 0.16616076231002808
v 0.3241247534751892 0.21682606637477875 0.1645958572626114
v 0.31049641966819763 0.1835416555404663 0.16670571267604828
v 0.33064910769462585 0.2282516062259674 0.16181787848472595
v 0.29892730712890625 0.15227629244327545 0.15803544223308563
v 0.29932698607444763 0.11203466355800629 0.15376223623752594
v 0.29658952355384827 0.12870913743972778 0.15247410535812378
v 0.3280486762523651 0.2419116497039795 0.15151169896125793
v 0.32781851291656494 0.2425493746995926 0.13808654248714447
v 0.34784823656082153 0.24740760028362274 0.10463370382785797
v 0.35886716842651367 0.24472276866436005 0.0969276875257492
v 0.36612969636917114 0.2411438524723053 0.09123674035072327
v 0.33678069710731506 0.24654708802700043 0.11463755369186401
v 0.38565346598625183 0.23368589580059052 0.08075916022062302
v 0.40555691719055176 0.22794364392757416 0.0694323182106018
v 0.32687756419181824 0.242436021566391 0.12199725210666656
v 0.42675191164016724 0.2265285849571228 0.07091163098812103
v 0.4378226697444916 0.22658109664916992 0.0704958587884903
v 0.44909173250198364 0.228689506649971 0.07038043439388275
v 0.4679192304611206 0.22378014028072357 0.0646810382604599
v 0.48142218589782715 0.20173224806785583 0.05706675723195076
v 0.48850706219673157 0.1720760613679886 0.0445009209215641
v 0.501003086566925 0.09923097491264343 0.048024747520685196
v 0.4991074800491333 0.11292077600955963 0.03738567605614662
v 0.4952074885368347 0.14509789645671844 0.031345050781965256
v 0.49923333525657654 0.12642697989940643 0.029227551072835922
v 0.5149378776550293 0.04984560236334801 0.07256282866001129
v 0.5114693641662598 0.03886881470680237 0.08260032534599304
v 0.5177524089813232 0.05899582430720329 0.06155698373913765
v 0.5099529027938843 0.08042019605636597 0.048430245369672775
v 0.5187851190567017 0.0661253109574318 0.04972607269883156
v 0.32103586196899414 0.0003024972975254059 0.1795562505722046
v 0.3244812786579132 0.04921378940343857 0.1799526810646057
v 0.3156498670578003 0.060165636241436005 0.17011548578739166
v 0.3090611398220062 0.07667334377765656 0.16478562355041504
v 0.3029526174068451 0.09228923916816711 0.15561369061470032
v 0.30942490696907043 0.20183299481868744 0.15795087814331055
v 0.31702715158462524 0.21494416892528534 0.15848767757415771
v 0.3226326107978821 0.2323906421661377 0.15520259737968445
v 0.29639217257499695 0.16986285150051117 0.15533435344696045
v 0.29436957836151123 0.14348021149635315 0.15131083130836487
v 0.2972761392593384 0.10355478525161743 0.14291425049304962
v 0.2943069338798523 0.12049727141857147 0.14428496360778809
v 0.318132609128952 0.24806171655654907 0.143545001745224
v 0.3187779188156128 0.24219107627868652 0.13091148436069489
v 0.34709957242012024 0.24803288280963898 0.08921593427658081
v 0.33382004499435425 0.24982143938541412 0.09884421527385712
v 0.3594796657562256 0.24233467876911163 0.08450089395046234
v 0.370033860206604 0.23711849749088287 0.07895207405090332
v 0.32259321212768555 0.24667955935001373 0.11009669303894043
v 0.3920540511608124 0.22969716787338257 0.06920726597309113
v 0.4155825972557068 0.22425734996795654 0.06314729154109955
v 0.3158856928348541 0.2412259876728058 0.11997093260288239
v 0.42905473709106445 0.22172686457633972 0.061395686119794846
v 0.44300559163093567 0.22049356997013092 0.05732065066695213
v 0.45697760581970215 0.22418305277824402 0.058272454887628555
v 0.4747844338417053 0.21397097408771515 0.05420379713177681
v 0.4861413240432739 0.18745842576026917 0.04705909267067909
v 0.4916776716709137 0.16190554201602936 0.0356355644762516
v 0.5060204267501831 0.09263871610164642 0.03774546459317207
v 0.5037616491317749 0.1090184897184372 0.02729383483529091
v 0.5035253763198853 0.12271754443645477 0.020933613181114197
v 0.49927768111228943 0.13928855955600739 0.022676687687635422
v 0.5227922201156616 0.043759074062108994 0.06034355238080025
v 0.5193213224411011 0.03429805487394333 0.06986555457115173
v 0.52519690990448 0.05315953493118286 0.05030287429690361
v 0.5165777206420898 0.07390579581260681 0.03644854202866554
v 0.5262235999107361 0.05820641666650772 0.03996611759066582
v 0.3146226108074188 0.042770545929670334 0.16825877130031586
v 0.309704065322876 0.05776514112949371 0.15892061591148376
v 0.3048207461833954 0.07248715311288834 0.14989733695983887
v 0.29925626516342163 0.08653555810451508 0.14049303531646729
v 0.31022194027900696 0.21196934580802917 0.1492820531129837
v 0.2993585467338562 0.18744005262851715 0.15187962353229523
v 0.3158968687057495 0.2249046266078949 0.1462496519088745
v 0.2857532501220703 0.16116812825202942 0.1434754580259323
v 0.2880708575248718 0.14006538689136505 0.1403486430644989
v 0.29449573159217834 0.09623299539089203 0.12679530680179596
v 0.28954240679740906 0.11731277406215668 0.12896308302879333
v 0.31522780656814575 0.23415763676166534 0.139206662774086
v 0.31178706884384155 0.2387268841266632 0.12823925912380219
v 0.33525368571281433 0.24962884187698364 0.08573509752750397
v 0.3524833917617798 0.24463321268558502 0.0761902704834938
v 0.32253390550613403 0.24831393361091614 0.09879731386899948
v 0.36043718457221985 0.23881664872169495 0.07221651077270508
v 0.3793303370475769 0.23141911625862122 0.06787751615047455
v 0.3139972984790802 0.24061207473278046 0.10942131280899048
v 0.39942818880081177 0.22497108578681946 0.05913272872567177
v 0.4183552861213684 0.21848732233047485 0.05081872269511223
v 0.31049805879592896 0.23635724186897278 0.11874853074550629
v 0.42975836992263794 0.21577922999858856 0.04805835708975792
v 0.44899246096611023 0.2148735672235489 0.04486769810318947
v 0.46641266345977783 0.2163202464580536 0.04759211465716362
v 0.4814814627170563 0.19811679422855377 0.04312629625201225
v 0.4883832335472107 0.18014687299728394 0.03498047962784767
v 0.495147705078125 0.16007710993289948 0.022483576089143753
v 0.510218620300293 0.09008368849754333 0.027546126395463943
v 0.5090630054473877 0.1033635288476944 0.02058025822043419
v 0.5013737678527832 0.1388852298259735 0.011172477155923843
v 0.5064330101013184 0.1178903877735138 0.013797767460346222
v 0.5286661386489868 0.036880530416965485 0.050034698098897934
v 0.5274766683578491 0.0269048810005188 0.056048210710287094
v 0.530784010887146 0.04139142856001854 0.04093698039650917
v 0.5173681974411011 0.07740196585655212 0.025334183126688004
v 0.5261396169662476 0.06157626211643219 0.027226369827985764
v 0.3089357912540436 0.03862864151597023 0.15276581048965454
v 0.3047950565814972 0.05675453692674637 0.14192062616348267
v 0.2987545430660248 0.07028947025537491 0.13161952793598175
v 0.295065701007843 0.07958899438381195 0.12133137881755829
v 0.30022361874580383 0.20157016813755035 0.1421879380941391
v 0.3093276917934418 0.21359284222126007 0.13954190909862518
v 0.28530633449554443 0.18460790812969208 0.1401069611310959
v 0.277779221534729 0.15918461978435516 0.13312934339046478
v 0.2780086398124695 0.1455042064189911 0.12350137531757355
v 0.29435116052627563 0.082859568297863 0.11202897876501083
v 0.29035884141921997 0.10401950031518936 0.11278131604194641
v 0.31416210532188416 0.22434549033641815 0.13474580645561218
v 0.3106166124343872 0.22909173369407654 0.12665221095085144
v 0.32602939009666443 0.24986977875232697 0.08860213309526443
v 0.3412547707557678 0.24781323969364166 0.07600831985473633
v 0.35331428050994873 0.2400553971529007 0.06658376753330231
v 0.31666669249534607 0.24495604634284973 0.10267246514558792
v 0.3683995008468628 0.23333756625652313 0.06493839621543884
v 0.38579267263412476 0.22662775218486786 0.057029664516448975
v 0.3100738227367401 0.2353024184703827 0.1102154403924942
v 0.40523287653923035 0.21976247429847717 0.049920905381441116
v 0.4199093282222748 0.2142903059720993 0.039963141083717346
v 0.30602261424064636 0.22914251685142517 0.11831359565258026
v 0.43969693779945374 0.2118063122034073 0.039729099720716476
v 0.4563848078250885 0.21003937721252441 0.038651611655950546
v 0.47293326258659363 0.20426277816295624 0.03812411054968834
v 0.48003724217414856 0.18872830271720886 0.026559486985206604
v 0.48676759004592896 0.17350909113883972 0.016648318618535995
v 0.4936732351779938 0.15662571787834167 0.006364595144987106
v 0.5147502422332764 0.08618141710758209 0.021422449499368668
v 0.511644721031189 0.10366800427436829 0.012384194880723953
v 0.5055432915687561 0.12069864571094513 0.0014390088617801666
v 0.49849048256874084 0.1377170979976654 -0.004984654486179352
v 0.5315885543823242 0.028586285188794136 0.043731506913900375
v 0.5304580330848694 0.024495290592312813 0.04922529682517052
v 0.5320823192596436 0.045213185250759125 0.028668899089097977
v 0.5208274126052856 0.07306389510631561 0.018800314515829086
v 0.5262898206710815 0.058785662055015564 0.01581820473074913
v 0.30580317974090576 0.04342007264494896 0.13554441928863525
v 0.29926252365112305 0.05278347060084343 0.12525995075702667
v 0.2904699146747589 0.059213388711214066 0.11961327493190765
v 0.2945452332496643 0.06390954554080963 0.11192691326141357
v 0.2901160717010498 0.19919472932815552 0.13369159400463104
v 0.3025543987751007 0.2067607045173645 0.13128811120986938
v 0.27141332626342773 0.1776765137910843 0.1316884458065033
v 0.28250858187675476 0.12892597913742065 0.11122055351734161
v 0.2912014424800873 0.0976681187748909 0.09704792499542236
v 0.29215604066848755 0.08564506471157074 0.09570100158452988
v 0.31309616565704346 0.2196275293827057 0.12992435693740845
v 0.30895283818244934 0.22001710534095764 0.1272558718919754
v 0.31952983140945435 0.24583426117897034 0.09558023512363434
v 0.3295062780380249 0.24845346808433533 0.07832323014736176
v 0.3449951410293579 0.24324946105480194 0.06556050479412079
v 0.35833507776260376 0.23552162945270538 0.06189785152673721
v 0.3098626434803009 0.2383410483598709 0.10426931083202362
v 0.37477022409439087 0.2281208634376526 0.0568900927901268
v 0.39232751727104187 0.22134210169315338 0.048317912966012955
v 0.3049498498439789 0.22935953736305237 0.10959039628505707
v 0.41018617153167725 0.2154424488544464 0.03820599243044853
v 0.4271342158317566 0.21086004376411438 0.033435650169849396
v 0.30200865864753723 0.2175750881433487 0.11973457038402557
v 0.4459007978439331 0.20589950680732727 0.030106883496046066
v 0.4625662863254547 0.20172524452209473 0.030670970678329468
v 0.4693753719329834 0.19082926213741302 0.021223559975624084
v 0.47619912028312683 0.17717815935611725 0.011588726192712784
v 0.483394593000412 0.16453097760677338 0.0026946179568767548
v 0.49064090847969055 0.14800211787223816 -0.009378436952829361
v 0.5123900175094604 0.09965425729751587 0.004715826362371445
v 0.4960274398326874 0.12898936867713928 -0.021666381508111954
v 0.501120924949646 0.12254612147808075 -0.014161933213472366
v 0.5314671993255615 0.022277135401964188 0.04586296156048775
v 0.5334286689758301 0.029956841841340065 0.03401106223464012
v 0.5316962599754333 0.043911464512348175 0.016595710068941116
v 0.520656943321228 0.07415303587913513 0.014867406338453293
v 0.5221816301345825 0.06697694957256317 0.010906074196100235
v 0.2998741865158081 0.0377088226377964 0.1207893043756485
v 0.28665053844451904 0.049251388758420944 0.11590703576803207
v 0.2894687056541443 0.051699526607990265 0.11154267191886902
v 0.29531192779541016 0.06630650162696838 0.09588257968425751
v 0.2784174680709839 0.191921666264534 0.12938740849494934
v 0.3084319829940796 0.22070002555847168 0.12334935367107391
v 0.27239733934402466 0.15259212255477905 0.11072823405265808
v 0.2686901092529297 0.16633324325084686 0.1233077198266983
v 0.28750279545783997 0.11510515213012695 0.0985586866736412
v 0.2960863709449768 0.07007542997598648 0.08741000294685364
v 0.29444217681884766 0.08604679256677628 0.08640934526920319
v 0.31616541743278503 0.2248341292142868 0.12399327754974365
v 0.3223111033439636 0.24655936658382416 0.08530910313129425
v 0.3336546719074249 0.24434350430965424 0.06765401363372803
v 0.34968072175979614 0.23708999156951904 0.05836475268006325
v 0.3647816777229309 0.2306050956249237 0.05503047630190849
v 0.3061366677284241 0.23243330419063568 0.1045108437538147
v 0.3140732944011688 0.2417205423116684 0.09945912659168243
v 0.309015154838562 0.23676744103431702 0.09913305938243866
v 0.38047510385513306 0.22305656969547272 0.04802631959319115
v 0.398032546043396 0.21721194684505463 0.03758326545357704
v 0.29880020022392273 0.21706600487232208 0.11175723373889923
v 0.4155069589614868 0.21158921718597412 0.028709933161735535
v 0.43585771322250366 0.2057006061077118 0.023815609514713287
v 0.3109320104122162 0.22207264602184296 0.12016883492469788
v 0.4508284628391266 0.19863638281822205 0.02182978391647339
v 0.45828503370285034 0.1880784034729004 0.014346368610858917
v 0.46498313546180725 0.17859794199466705 0.00598878413438797
v 0.4714735150337219 0.16772742569446564 -0.002703089267015457
v 0.47931206226348877 0.15721064805984497 -0.012558180838823318
v 0.48861801624298096 0.13768009841442108 -0.0265905000269413
v 0.5141913890838623 0.0927104651927948 0.0174623541533947
v 0.5066671371459961 0.10516378283500671 -0.013450507074594498
v 0.5157026052474976 0.08913733065128326 0.005872812122106552
v 0.5161947011947632 0.09005565941333771 0.012851882725954056
v 0.4952576160430908 0.11246198415756226 -0.04237070307135582
v 0.5010058879852295 0.10649590194225311 -0.030047204345464706
v 0.5313565731048584 -0.009203817695379257 0.04246676340699196
v 0.5349108576774597 0.028963224962353706 0.020486176013946533
v 0.5201406478881836 0.07721342146396637 0.015588119626045227
v 0.5193832516670227 0.07712842524051666 0.01269238069653511
v 0.2884405851364136 0.02941281720995903 0.11507254093885422
v 0.27991119027137756 0.04004888981580734 0.1081492081284523
v 0.294710248708725 0.054784540086984634 0.10116173326969147
v 0.26740047335624695 0.18291844427585602 0.12383797764778137
v 0.29089492559432983 0.20777007937431335 0.13495157659053802
v 0.2800624668598175 0.19778597354888916 0.12266162037849426
v 0.3049704134464264 0.21999375522136688 0.13598404824733734
v 0.30862364172935486 0.24229362607002258 0.11760187149047852
v 0.28165656328201294 0.13726326823234558 0.09698782861232758
v 0.2676604986190796 0.16991254687309265 0.11134004592895508
v 0.2928448021411896 0.10164707154035568 0.09021326899528503
v 0.29717445373535156 0.07642321288585663 0.07908223569393158
v 0.2964861989021301 0.08806751668453217 0.07885199785232544
v 0.32173922657966614 0.23306159675121307 0.10888932645320892
v 0.3138510286808014 0.24160514771938324 0.09159417450428009
v 0.3246294856071472 0.24451105296611786 0.07186532020568848
v 0.3387945592403412 0.23822848498821259 0.057956352829933167
v 0.3555523753166199 0.23268306255340576 0.054057348519563675
v 0.3690550923347473 0.22556248307228088 0.047499872744083405
v 0.302850604057312 0.22971327602863312 0.09919615089893341
v 0.30014580488204956 0.22351369261741638 0.10609734803438187
v 0.3075195252895355 0.23560872673988342 0.09313834458589554
v 0.3859999477863312 0.2186260223388672 0.03823396936058998
v 0.405178964138031 0.21272577345371246 0.026704132556915283
v 0.2926141619682312 0.20736677944660187 0.11622002720832825
v 0.4229944348335266 0.20746657252311707 0.019933145493268967
v 0.44136226177215576 0.19751781225204468 0.013575315475463867
v 0.4478188753128052 0.18810181319713593 0.005653388798236847
v 0.45395907759666443 0.17753607034683228 0.0005749613046646118
v 0.4607510268688202 0.1676686704158783 -0.006714053452014923
v 0.46807828545570374 0.15915007889270782 -0.015677466988563538
v 0.4755566418170929 0.14804476499557495 -0.02675541117787361
v 0.48350778222084045 0.12811848521232605 -0.04388100281357765
v 0.5042815208435059 0.08673976361751556 -0.03323061391711235
v 0.5100922584533691 0.08651185035705566 -0.00034308433532714844
v 0.5185165405273438 0.07547026872634888 0.002060346305370331
v 0.49383729696273804 0.1064375787973404 -0.054322611540555954
v 0.49737876653671265 0.10382072627544403 -0.04833989590406418
v 0.5345445275306702 -0.009525483474135399 0.026125598698854446
v 0.532516598701477 0.04021855443716049 0.004081025719642639
v 0.5358299016952515 0.027481935918331146 0.0007580108940601349
v 0.5281864404678345 0.05087463557720184 0.007888343185186386
v 0.2802169620990753 0.02966751903295517 0.11401515454053879
v 0.28469109535217285 0.04739182069897652 0.09778779745101929
v 0.29542073607444763 0.05546950176358223 0.08748313784599304
v 0.2719378173351288 0.18866142630577087 0.11365045607089996
v 0.28393125534057617 0.19999784231185913 0.11300340294837952
v 0.2994089722633362 0.21281450986862183 0.11602884531021118
v 0.3096450865268707 0.21753105521202087 0.12428472936153412
v 0.3143521249294281 0.22230809926986694 0.12973836064338684
v 0.2890372574329376 0.11980850994586945 0.08730484545230865
v 0.2776205241680145 0.15640170872211456 0.09463683515787125
v 0.27516886591911316 0.18103478848934174 0.10395679622888565
v 0.29452431201934814 0.10339745879173279 0.08182127773761749
v 0.3003586232662201 0.07646765559911728 0.0740865170955658
v 0.2989344298839569 0.08811666071414948 0.0742415189743042
v 0.29643359780311584 0.06146454066038132 0.07780534029006958
v 0.3159762918949127 0.2253207564353943 0.1290348321199417
v 0.3176006078720093 0.24174009263515472 0.07961826771497726
v 0.32956114411354065 0.23942771553993225 0.06167510896921158
v 0.3475518524646759 0.2322572022676468 0.05066332221031189
v 0.35814565420150757 0.22810809314250946 0.047039564698934555
v 0.3760126233100891 0.2207244634628296 0.03955097869038582
v 0.30287966132164 0.22842049598693848 0.09093932062387466
v 0.29632827639579773 0.21915782988071442 0.09853240847587585
v 0.29141703248023987 0.2102240025997162 0.10445511341094971
v 0.30906644463539124 0.2353091984987259 0.08513572812080383
v 0.3928096890449524 0.21419718861579895 0.026566483080387115
v 0.41118669509887695 0.20903857052326202 0.017539672553539276
v 0.43120095133781433 0.20244167745113373 0.009855963289737701
v 0.442580908536911 0.18905477225780487 0.00042558833956718445
v 0.4445207715034485 0.17976146936416626 -0.007662039250135422
v 0.45077967643737793 0.1690906435251236 -0.011051170527935028
v 0.45844030380249023 0.16077744960784912 -0.018250178545713425
v 0.4663943350315094 0.153253436088562 -0.02525908872485161
v 0.48745033144950867 0.10896153748035431 -0.05856722965836525
v 0.5182006359100342 0.08109800517559052 0.017355524003505707
v 0.5010083913803101 0.08407286554574966 -0.043884988874197006
v 0.5054904818534851 0.0883064791560173 -0.009905777871608734
v 0.5089237689971924 0.09197233617305756 -0.01898038759827614
v 0.5073784589767456 0.07761028409004211 -0.004828721284866333
v 0.5106400847434998 0.08929066359996796 -0.006556037813425064
v 0.5187381505966187 0.06795254349708557 -0.016514886170625687
v 0.48748406767845154 0.11583516001701355 -0.06497597694396973
v 0.493818461894989 0.11316707730293274 -0.05832855403423309
v 0.5362337827682495 -0.009803293272852898 0.008842866867780685
v 0.535932719707489 0.023730400949716568 -0.019548196345567703
v 0.5319463610649109 0.03804952651262283 -0.007977910339832306
v 0.5239309072494507 0.056733179837465286 -0.002693742513656616
v 0.2704043686389923 0.020619379356503487 0.09167666733264923
v 0.27116313576698303 0.03434917330741882 0.09354785084724426
v 0.276874840259552 0.037075966596603394 0.08036817610263824
v 0.290323942899704 0.0485180988907814 0.07923509180545807
v 0.2819823622703552 0.19644957780838013 0.10281231999397278
v 0.29235705733299255 0.12350955605506897 0.0782880112528801
v 0.28617045283317566 0.1400974988937378 0.0854422077536583
v 0.27834561467170715 0.17059080302715302 0.09485043585300446
v 0.297025591135025 0.10709773004055023 0.07545331865549088
v 0.30180495977401733 0.060811664909124374 0.07012347877025604
v 0.3045562207698822 0.07665218412876129 0.06531069427728653
v 0.3012699484825134 0.09042586386203766 0.06506335735321045
v 0.29506349563598633 0.047441110014915466 0.064471036195755
v 0.3225594162940979 0.2388169914484024 0.06769879907369614
v 0.335999071598053 0.23194830119609833 0.050769928842782974
v 0.3493478000164032 0.2262960821390152 0.042680513113737106
v 0.36405014991760254 0.2217915803194046 0.03712662681937218
v 0.37957754731178284 0.21590961515903473 0.028910595923662186
v 0.3051215410232544 0.22542983293533325 0.08101572096347809
v 0.29751330614089966 0.2163756936788559 0.08882244676351547
v 0.28985971212387085 0.2053837925195694 0.09657903015613556
v 0.3129214644432068 0.2323530912399292 0.07353758066892624
v 0.40110528469085693 0.21020641922950745 0.01572709158062935
v 0.41841262578964233 0.20549854636192322 0.009161204099655151
v 0.4367303252220154 0.19518187642097473 -0.0009603239595890045
v 0.44056546688079834 0.18633830547332764 -0.0099957175552845
v 0.4439671039581299 0.17087695002555847 -0.018587779253721237
v 0.4500163495540619 0.1624125987291336 -0.023693930357694626
v 0.45760250091552734 0.15401896834373474 -0.03091125562787056
v 0.4694918394088745 0.14151683449745178 -0.03936717286705971
v 0.4760284721851349 0.12544865906238556 -0.05465184524655342
v 0.483450710773468 0.1103237196803093 -0.06860600411891937
v 0.49989327788352966 0.05936822295188904 -0.04762604460120201
v 0.5074427127838135 0.0695895105600357 -0.03612348064780235
v 0.49621447920799255 0.10129476338624954 -0.051724374294281006
v 0.5137822031974792 0.0801800936460495 -0.0198296420276165
v 0.4944698214530945 0.08501195162534714 4.2282044887542725e-07
v 0.49997881054878235 0.06749435514211655 -0.006028324365615845
v 0.525304913520813 0.04898776113986969 -0.01967678591609001
v 0.26624488830566406 0.08843053877353668 -0.038923971354961395
v 0.48777052760124207 0.13756603002548218 -0.06520090997219086
v 0.5302680730819702 0.03195942938327789 -0.031100843101739883
v 0.5350867509841919 0.01711449772119522 -0.040449436753988266
v 0.25956737995147705 0.018952636048197746 0.09384428709745407
v 0.26091527938842773 0.02510073222219944 0.08821665495634079
v 0.2664545476436615 0.030657462775707245 0.07967305928468704
v 0.26842200756073 0.03952402248978615 0.07066600024700165
v 0.2825985550880432 0.041052624583244324 0.0673305094242096
v 0.2976340353488922 0.12794287502765656 0.06165795773267746
v 0.29281675815582275 0.141585573554039 0.07385367155075073
v 0.28692132234573364 0.16029824316501617 0.08172889053821564
v 0.28426551818847656 0.1878671795129776 0.09419631212949753
v 0.3016582131385803 0.1105535477399826 0.05532403290271759
v 0.30796507000923157 0.06061795353889465 0.05885149911046028
v 0.3086622357368469 0.07723140716552734 0.04494151100516319
v 0.30505889654159546 0.09530633687973022 0.044789768755435944
v 0.28210386633872986 0.04663723707199097 0.05642572045326233
v 0.3382520377635956 0.22275947034358978 0.039341144263744354
v 0.35117554664611816 0.21771010756492615 0.02947581186890602
v 0.367192804813385 0.21530838310718536 0.023952890187501907
v 0.38981300592422485 0.21127474308013916 0.015945523977279663
v 0.30044856667518616 0.21093446016311646 0.0776253491640091
v 0.3098384737968445 0.22148485481739044 0.06875629723072052
v 0.29214048385620117 0.20294922590255737 0.08809798955917358
v 0.31907856464385986 0.2283424288034439 0.06001230701804161
v 0.32562947273254395 0.23347832262516022 0.05719049647450447
v 0.407461017370224 0.2070273905992508 0.0074837468564510345
v 0.42720669507980347 0.2005193829536438 -0.000680580735206604
v 0.4367617070674896 0.19025865197181702 -0.01047789677977562
v 0.4390309453010559 0.1786014586687088 -0.021856319159269333
v 0.4486566185951233 0.15744981169700623 -0.03332636132836342
v 0.4608074128627777 0.14622728526592255 -0.04059641435742378
v 0.46379411220550537 0.1379326432943344 -0.050049323588609695
v 0.4787207245826721 0.1049230694770813 -0.06947004795074463
v 0.18581841886043549 0.0619523823261261 -0.029407937079668045
v 0.5049439668655396 0.05256392061710358 -0.05126896873116493
v 0.513395369052887 0.06015841290354729 -0.03721495345234871
v 0.4989802837371826 0.07870791852474213 -0.05252968519926071
v 0.4921213984489441 0.13077029585838318 -0.05779226869344711
v 0.49423345923423767 0.07125357538461685 -0.017692647874355316
v 0.48930618166923523 0.07043729722499847 0.0016002543270587921
v 0.48839089274406433 0.07532753050327301 -0.00022997427731752396
v 0.5227669477462769 0.04698383808135986 -0.038741935044527054
v 0.4941263496875763 0.13881076872348785 -0.0651303082704544
v 0.414344847202301 0.12942154705524445 -0.06315895915031433
v 0.5275057554244995 0.032688628882169724 -0.049649786204099655
v 0.5287957191467285 0.020326856523752213 -0.057660575956106186
v 0.25485527515411377 0.019662505015730858 0.09974010288715363
v 0.2543071508407593 0.029176855459809303 0.09461207687854767
v 0.2556087076663971 0.035550929605960846 0.08579377830028534
v 0.2566044330596924 0.041983578354120255 0.07887399196624756
v 0.2599186897277832 0.04293804615736008 0.07262054830789566
v 0.27006372809410095 0.04872733727097511 0.05893274396657944
v 0.30253756046295166 0.11824135482311249 0.04730497673153877
v 0.29644739627838135 0.14335203170776367 0.06432420015335083
v 0.29678967595100403 0.15685218572616577 0.06928382813930511
v 0.2886859178543091 0.17897352576255798 0.08405625820159912
v 0.303898423910141 0.1129508763551712 0.040015991777181625
v 0.30276361107826233 0.045265380293130875 0.06290654093027115
v 0.30841949582099915 0.05095771327614784 0.0557858943939209
v 0.3113418221473694 0.06190988048911095 0.0444595143198967
v 0.31126266717910767 0.07402761280536652 0.028642594814300537
v 0.308349072933197 0.08948226273059845 0.028982864692807198
v 0.291713684797287 0.0357021763920784 0.05499487370252609
v 0.2961975932121277 0.040206752717494965 0.06022370979189873
v 0.3277464210987091 0.22617799043655396 0.047986071556806564
v 0.3310284912586212 0.21819841861724854 0.03968258574604988
v 0.34118786454200745 0.21540160477161407 0.02957911789417267
v 0.3587802052497864 0.21231451630592346 0.02038569375872612
v 0.37873491644859314 0.21132872998714447 0.01382102444767952
v 0.3967432677745819 0.20760759711265564 0.006061535328626633
v 0.2924310564994812 0.19450552761554718 0.08306165784597397
v 0.30669212341308594 0.2103058397769928 0.0674002468585968
v 0.3145958483219147 0.2164754569530487 0.05930484086275101
v 0.3227190375328064 0.2186124324798584 0.049937665462493896
v 0.4153393805027008 0.2025667130947113 -0.0014889277517795563
v 0.4326997697353363 0.1932128667831421 -0.011522337794303894
v 0.4382043778896332 0.18461796641349792 -0.020305078476667404
v 0.44071057438850403 0.16606153547763824 -0.029229123145341873
v 0.4439621865749359 0.15695063769817352 -0.039405059069395065
v 0.45323285460472107 0.14981164038181305 -0.04249579831957817
v 0.45269688963890076 0.13903158903121948 -0.05625350400805473
v 0.46426868438720703 0.12333543598651886 -0.06405071914196014
v 0.37145325541496277 0.11706773936748505 -0.06037258356809616
v 0.4968351125717163 0.05227208510041237 -0.05751197785139084
v 0.5185933113098145 0.046452540904283524 -0.05767432972788811
v 0.4950423836708069 0.08822169899940491 -0.057132087647914886
v 0.491912305355072 0.1323104351758957 -0.06120516359806061
v 0.48800337314605713 0.08207051455974579 0.0022378582507371902
v 0.4872962534427643 0.08326766639947891 -0.0006084681954234838
v 0.4839457869529724 0.09920394420623779 0.0021502808667719364
v 0.48087936639785767 0.09542533755302429 0.0001987493596971035
v 0.5221112966537476 0.03022720105946064 -0.06256406009197235
v 0.5209779739379883 0.021668439731001854 -0.067903071641922
v 0.2526809573173523 0.020659523084759712 0.1057829037308693
v 0.25008055567741394 0.032078102231025696 0.10465194284915924
v 0.24910098314285278 0.04167800769209862 0.0964602530002594
v 0.2484966516494751 0.04958485811948776 0.08489657193422318
v 0.2513251006603241 0.05228256434202194 0.07375385612249374
v 0.2596346437931061 0.051861051470041275 0.062245942652225494
v 0.2627377510070801 0.05700220540165901 0.0526064932346344
v 0.30050504207611084 0.1300419121980667 0.05167223513126373
v 0.29974424839019775 0.15238694846630096 0.060895055532455444
v 0.29687151312828064 0.1747165471315384 0.07030230760574341
v 0.3064018785953522 0.10626357793807983 0.025978557765483856
v 0.2994043529033661 0.03314036875963211 0.06210264936089516
v 0.30472487211227417 0.03269084915518761 0.06173904240131378
v 0.31271228194236755 0.048054177314043045 0.04530639946460724
v 0.31376969814300537 0.06060738489031792 0.028025608509778976
v 0.27428990602493286 0.05046418309211731 0.04281303286552429
v 0.28326019644737244 0.03535107523202896 0.04634682089090347
v 0.29234570264816284 0.025493262335658073 0.05216751992702484
v 0.2970498502254486 0.03328973427414894 0.05498312786221504
v 0.3286592364311218 0.21117784082889557 0.03903304785490036
v 0.33433040976524353 0.21113471686840057 0.031022459268569946
v 0.34954673051834106 0.21168939769268036 0.02254200354218483
v 0.36853834986686707 0.20979425311088562 0.014190230518579483
v 0.38789111375808716 0.20728513598442078 0.006230708211660385
v 0.4033300578594208 0.2034318894147873 -0.001586858183145523
v 0.29967713356018066 0.19425667822360992 0.07108426094055176
v 0.30977171659469604 0.2028954029083252 0.060086995363235474
v 0.3197592794895172 0.2093210220336914 0.05051553621888161
v 0.42371314764022827 0.19717112183570862 -0.011755663901567459
v 0.43019866943359375 0.18831904232501984 -0.022279229015111923
v 0.43364647030830383 0.17635540664196014 -0.03112638369202614
v 0.43563857674598694 0.1602901667356491 -0.04376166686415672
v 0.4433065354824066 0.1498221457004547 -0.04994165524840355
v 0.45119211077690125 0.13025449216365814 -0.06463669240474701
v 0.4428465962409973 0.14045600593090057 -0.060363251715898514
v 0.46948257088661194 0.10234828293323517 -0.0764969140291214
v 0.2080833911895752 0.06793620437383652 -0.03437912464141846
v 0.4301460087299347 0.1265571117401123 -0.07376469671726227
v 0.4536803364753723 0.1358717828989029 -0.06797876954078674
v 0.492309033870697 0.06185915321111679 -0.05879000574350357
v 0.5027883648872375 0.04780992120504379 -0.06134563311934471
v 0.4892949163913727 0.09331455826759338 -0.05601375550031662
v 0.4881635308265686 0.10174203664064407 -0.0005739517509937286
v 0.4889649450778961 0.10398638248443604 0.003300824435427785
v 0.4852578938007355 0.11297731846570969 0.0005954531952738762
v 0.4827621579170227 0.122055284678936 -0.0028530103154480457
v 0.4879874289035797 0.12999096512794495 -0.06158146262168884
v 0.5117589235305786 0.018453195691108704 -0.07431210577487946
v 0.511637806892395 0.035242460668087006 -0.06835639476776123
v 0.24490225315093994 0.024081742390990257 0.11542012542486191
v 0.24103663861751556 0.03463631495833397 0.11471406370401382
v 0.235711008310318 0.05553879216313362 0.09643968939781189
v 0.23815995454788208 0.044497355818748474 0.10839083790779114
v 0.2399720996618271 0.06006566435098648 0.07887580990791321
v 0.2449009120464325 0.06344062089920044 0.06616158038377762
v 0.2508389353752136 0.0658598467707634 0.05337059870362282
v 0.26898711919784546 0.05620171129703522 0.04831963777542114
v 0.3039099872112274 0.12450531125068665 0.039687465876340866
v 0.3019601106643677 0.14300663769245148 0.0531223826110363
v 0.30157461762428284 0.1672379970550537 0.06046488881111145
v 0.3062900900840759 0.12227499485015869 0.02535688318312168
v 0.3105747699737549 0.08619067072868347 0.016133775934576988
v 0.3091147840023041 0.0998019278049469 0.01272689551115036
v 0.29476770758628845 0.023092102259397507 0.06216345354914665
v 0.30132919549942017 0.019235389307141304 0.06031490117311478
v 0.3144015967845917 0.03134816139936447 0.04420395940542221
v 0.3167685866355896 0.044896673411130905 0.0294339656829834
v 0.3190448582172394 0.05555402487516403 0.011154640465974808
v 0.3146972358226776 0.07425504922866821 0.008863568305969238
v 0.26263973116874695 0.062409523874521255 0.03584709390997887
v 0.2694350779056549 0.044730450958013535 0.03061320073902607
v 0.2875686287879944 0.022373899817466736 0.04423947632312775
v 0.2908162772655487 0.019798222929239273 0.05479299649596214
v 0.2931738495826721 0.015965960919857025 0.04995783418416977
v 0.3253660798072815 0.20107902586460114 0.037638191133737564
v 0.33392882347106934 0.20483799278736115 0.029012277722358704
v 0.3431257903575897 0.20715470612049103 0.020216887816786766
v 0.3576725125312805 0.2067696750164032 0.012423262000083923
v 0.37868672609329224 0.20599307119846344 0.004979163408279419
v 0.3943413496017456 0.20315814018249512 -0.0016487464308738708
v 0.4119736850261688 0.19835729897022247 -0.010913543403148651
v 0.30479177832603455 0.18536712229251862 0.06057322770357132
v 0.31383877992630005 0.19336126744747162 0.04911670833826065
v 0.4203992784023285 0.19063156843185425 -0.022419583052396774
v 0.42670461535453796 0.1816856563091278 -0.030691232532262802
v 0.42701876163482666 0.1699356883764267 -0.04145810380578041
v 0.4367702007293701 0.14839482307434082 -0.05547363683581352
v 0.4547760486602783 0.11733432114124298 -0.0722234696149826
v 0.4429514408111572 0.12836375832557678 -0.06976400315761566
v 0.45767340064048767 0.11301881074905396 -0.07932430505752563
v 0.3537788689136505 0.10696221888065338 -0.059778667986392975
v 0.45852673053741455 0.12718166410923004 -0.09369702637195587
v 0.47507256269454956 0.12760856747627258 -0.08490344882011414
v 0.4820343852043152 0.06759434193372726 -0.056788213551044464
v 0.48738893866539 0.04334726557135582 -0.06329667568206787
v 0.48173943161964417 0.1186176985502243 -0.054607853293418884
v 0.48584669828414917 0.13001474738121033 0.008013486862182617
v 0.49593353271484375 0.11240211129188538 0.0011924467980861664
v 0.47981756925582886 0.12075714766979218 -0.008072895929217339
v 0.4819626808166504 0.12745657563209534 -0.006301097571849823
v 0.4496404528617859 0.12655611336231232 -0.05929858982563019
v 0.494417279958725 0.03903117775917053 -0.066216841340065
v 0.5022172331809998 0.02418096736073494 -0.07173840701580048
v 0.23162703216075897 0.03182084858417511 0.12578241527080536
v 0.22773978114128113 0.043847065418958664 0.11934135854244232
v 0.22215536236763 0.05242981016635895 0.11242453008890152
v 0.21770812571048737 0.06453081220388412 0.10067671537399292
v 0.2234569936990738 0.06943259388208389 0.08580116182565689
v 0.2304939180612564 0.07172407954931259 0.07019234448671341
v 0.2578139007091522 0.06711070239543915 0.04510980471968651
v 0.23536410927772522 0.07604704052209854 0.05540786311030388
v 0.30405786633491516 0.13461880385875702 0.0444117896258831
v 0.3046479821205139 0.15717829763889313 0.0491427518427372
v 0.3081343173980713 0.11758984625339508 0.011378921568393707
v 0.3074023425579071 0.13507860898971558 0.031912513077259064
v 0.312547504901886 0.09160691499710083 0.0014164485037326813
v 0.3107713758945465 0.10838820040225983 -0.00010602176189422607
v 0.29030388593673706 0.007949979975819588 0.0599188432097435
v 0.29473090171813965 0.008568227291107178 0.06261137127876282
v 0.30944135785102844 0.018931973725557327 0.052334852516651154
v 0.31889650225639343 0.031175337731838226 0.029501106590032578
v 0.3216690719127655 0.040832702070474625 0.013769153505563736
v 0.3189954161643982 0.08446964621543884 -0.013609062880277634
v 0.3219664692878723 0.06457729637622833 -0.007579784840345383
v 0.24890351295471191 0.07012364268302917 0.022218970581889153
v 0.25680479407310486 0.055217444896698 0.01805175095796585
v 0.27786657214164734 0.029066625982522964 0.029559914022684097
v 0.29126277565956116 0.011742202565073967 0.043454427272081375
v 0.2911018133163452 0.005400652997195721 0.04431308060884476
v 0.2919587790966034 0.00932831410318613 0.049668729305267334
v 0.318094402551651 0.1801719218492508 0.03212354704737663
v 0.3290778398513794 0.1925344169139862 0.025444235652685165
v 0.3354368805885315 0.1974390298128128 0.019225504249334335
v 0.3539068102836609 0.20025192201137543 0.006640452891588211
v 0.36983299255371094 0.2048203945159912 0.0058465637266635895
v 0.38556063175201416 0.20187151432037354 -0.0021579712629318237
v 0.3995542824268341 0.19793382287025452 -0.010292846709489822
v 0.4086056053638458 0.1896643191576004 -0.023755405098199844
v 0.3086009919643402 0.17396250367164612 0.04667120426893234
v 0.41904616355895996 0.18070699274539948 -0.0347580723464489
v 0.4299393892288208 0.15130096673965454 -0.05480651929974556
v 0.41979366540908813 0.16746127605438232 -0.04458070918917656
v 0.44306132197380066 0.11350909620523453 -0.07898245006799698
v 0.43433839082717896 0.12667794525623322 -0.07273472845554352
v 0.43483397364616394 0.13902780413627625 -0.06429043412208557
v 0.4411310851573944 0.10961532592773438 -0.08348538726568222
v 0.4488352835178375 0.11184561997652054 -0.08282268047332764
v 0.42272040247917175 0.11737018823623657 -0.08191530406475067
v 0.48692554235458374 0.12009099125862122 -0.10196112096309662
v 0.47767674922943115 0.12371943891048431 -0.10698527097702026
v 0.47452405095100403 0.12321226298809052 -0.0688989907503128
v 0.47941237688064575 0.08327406644821167 -0.052015937864780426
v 0.47330254316329956 0.06452222168445587 -0.050258174538612366
v 0.48387646675109863 0.04615805298089981 -0.06018775328993797
v 0.474787175655365 0.10022078454494476 -0.053624242544174194
v 0.48174232244491577 0.12075620889663696 -0.05815088748931885
v 0.48871421813964844 0.12054352462291718 0.0036710556596517563
v 0.4976513385772705 0.1156451553106308 -0.008379431441426277
v 0.4799860417842865 0.03359688073396683 -0.05977324768900871
v 0.48418623208999634 0.021541453897953033 -0.06050514057278633
v 0.213670015335083 0.03975144401192665 0.1352102905511856
v 0.2100541591644287 0.05060325935482979 0.12386002391576767
v 0.20788469910621643 0.05962333083152771 0.1123848706483841
v 0.19959044456481934 0.0728854238986969 0.10478898882865906
v 0.20988239347934723 0.07861451059579849 0.09215015918016434
v 0.2160109132528305 0.08291535824537277 0.07726120203733444
v 0.2442067563533783 0.07379164546728134 0.04428902268409729
v 0.2189236432313919 0.09011858701705933 0.04879719391465187
v 0.22327889502048492 0.0824861228466034 0.06342224031686783
v 0.30672717094421387 0.14626477658748627 0.040001869201660156
v 0.3117337226867676 0.12470395863056183 -0.0018181093037128448
v 0.30931201577186584 0.13501843810081482 0.01147858053445816
v 0.31183451414108276 0.14740344882011414 0.02330820821225643
v 0.31624239683151245 0.11419178545475006 -0.01447967067360878
v 0.3153398931026459 0.10109910368919373 -0.011165130883455276
v 0.28825098276138306 0.006246317643672228 0.05393382906913757
v 0.3028463125228882 0.008895053528249264 0.05705445259809494
v 0.316985160112381 0.019153647124767303 0.03954259678721428
v 0.32266998291015625 0.02875465527176857 0.017573216930031776
v 0.3252106010913849 0.04700108617544174 -0.0038415268063545227
v 0.32798776030540466 0.07313418388366699 -0.02773715928196907
v 0.3277062177658081 0.08801151812076569 -0.03150453791022301
v 0.2478913515806198 0.07457674294710159 0.03352576121687889
v 0.2390078455209732 0.0747903436422348 0.014219505712389946
v 0.24826008081436157 0.06375738978385925 0.011243914254009724
v 0.26793959736824036 0.03887496888637543 0.01576509326696396
v 0.2844120264053345 0.01593310385942459 0.030928239226341248
v 0.28805625438690186 0.004914240911602974 0.03425756096839905
v 0.3106045126914978 0.16173917055130005 0.034796446561813354
v 0.3251693844795227 0.17890171706676483 0.0199289470911026
v 0.33352479338645935 0.18593911826610565 0.013946086168289185
v 0.3436027467250824 0.19286206364631653 0.005753345787525177
v 0.36478951573371887 0.1998237520456314 0.0010851919651031494
v 0.37721407413482666 0.20086869597434998 -0.0015513338148593903
v 0.39222604036331177 0.19819824397563934 -0.009221944957971573
v 0.40947607159614563 0.18136851489543915 -0.032137852162122726
v 0.4237838685512543 0.15405242145061493 -0.05453816428780556
v 0.4123190939426422 0.1729455590248108 -0.039944034069776535
v 0.4334796667098999 0.11316841840744019 -0.08042570948600769
v 0.4278755784034729 0.13781492412090302 -0.06525668501853943
v 0.42844972014427185 0.12411148846149445 -0.07414703071117401
v 0.43223270773887634 0.1026201993227005 -0.08585765957832336
v 0.4391510784626007 0.10038166493177414 -0.0871472954750061
v 0.45410141348838806 0.1213296502828598 -0.10714821517467499
v 0.46659839153289795 0.12314079701900482 -0.10920114815235138
v 0.4926826059818268 0.11900055408477783 -0.08869743347167969
v 0.48511046171188354 0.12141381204128265 -0.11738313734531403
v 0.49659326672554016 0.11742644011974335 -0.118083655834198
v 0.46779993176460266 0.11347419023513794 -0.06272435188293457
v 0.46503719687461853 0.07281152158975601 -0.05271697789430618
v 0.4641319811344147 0.06384996324777603 -0.05043686181306839
v 0.47472789883613586 0.043871086090803146 -0.055694907903671265
v 0.4641512632369995 0.091565802693367 -0.053688906133174896
v 0.4945761561393738 0.12859457731246948 -0.0073521938174963
v 0.47972571849823 0.15173575282096863 -0.004524610936641693
v 0.4858114719390869 0.14230164885520935 -0.005592755973339081
v 0.4675168991088867 0.012620329856872559 -0.051806095987558365
v 0.4707961976528168 0.02558690495789051 -0.05353447422385216
v 0.21718433499336243 0.028456322848796844 0.1396755576133728
v 0.1975986361503601 0.04895415157079697 0.139360710978508
v 0.19430072605609894 0.05421842262148857 0.12982527911663055
v 0.18552187085151672 0.07722058147192001 0.11070562154054642
v 0.18969427049160004 0.0649186298251152 0.11307357251644135
v 0.2017051875591278 0.09509751945734024 0.08631213009357452
v 0.204566091299057 0.09838920831680298 0.06993857771158218
v 0.22860194742679596 0.08298461884260178 0.03750090301036835
v 0.3191547989845276 0.12783721089363098 -0.01675146445631981
v 0.315534383058548 0.13770359754562378 -0.004065144807100296
v 0.3171829283237457 0.14788135886192322 0.008239727467298508
v 0.3189161717891693 0.16347837448120117 0.018228011205792427
v 0.3226258158683777 0.1028139740228653 -0.026444967836141586
v 0.32362300157546997 0.1161528080701828 -0.026578795164823532
v 0.31289514899253845 0.009746387600898743 0.04523410275578499
v 0.3223263621330261 0.019285898655653 0.024889739230275154
v 0.3261358439922333 0.03592052310705185 0.003088798373937607
v 0.3293318450450897 0.053535692393779755 -0.02215796336531639
v 0.232820063829422 0.0795208215713501 0.02228473126888275
v 0.22365345060825348 0.07883333414793015 0.006774216424673796
v 0.23507608473300934 0.0689801424741745 0.0023929919116199017
v 0.2570812702178955 0.05078357458114624 0.00913298036903143
v 0.26377415657043457 0.04007658362388611 0.005146166309714317
v 0.2766301929950714 0.02359602600336075 0.013932246714830399
v 0.2821783721446991 0.009514333680272102 0.018854452297091484
v 0.3277271091938019 0.1708724945783615 0.008912209421396255
v 0.33457741141319275 0.17699839174747467 0.0001780577003955841
v 0.3581888973712921 0.1914486289024353 -0.006089020520448685
v 0.37167322635650635 0.19346733391284943 -0.00932002067565918
v 0.38454368710517883 0.19472748041152954 -0.012012455612421036
v 0.39433714747428894 0.19118939340114594 -0.018666762858629227
v 0.39964985847473145 0.1803625077009201 -0.03134460374712944
v 0.4155634641647339 0.15859976410865784 -0.05032185837626457
v 0.40305837988853455 0.16394807398319244 -0.044775765389204025
v 0.42621704936027527 0.11288359761238098 -0.0791705846786499
v 0.41834765672683716 0.14274822175502777 -0.06059354171156883
v 0.4224673807621002 0.1261400580406189 -0.0705341100692749
v 0.43220093846321106 0.09927421808242798 -0.08514612168073654
v 0.4231969714164734 0.09846864640712738 -0.08868087828159332
v 0.32924264669418335 0.09342645108699799 -0.05570913106203079
v 0.4349061846733093 0.10659819841384888 -0.07794782519340515
v 0.3820931315422058 0.10655176639556885 -0.06957830488681793
v 0.4330425262451172 0.11435626447200775 -0.09277808666229248
v 0.460143119096756 0.11822965741157532 -0.12262572348117828
v 0.4753105640411377 0.12226627767086029 -0.12194240093231201
v 0.5081528425216675 0.1149120032787323 -0.11572572588920593
v 0.49612343311309814 0.12126867473125458 -0.1288229376077652
v 0.5081164240837097 0.11760661005973816 -0.1276531219482422
v 0.4647146761417389 0.10452121496200562 -0.05906723439693451
v 0.44845089316368103 0.10687664151191711 -0.06186862289905548
v 0.46526819467544556 0.04300738871097565 -0.05120066553354263
v 0.45203709602355957 0.08463658392429352 -0.05634363740682602
v 0.45313164591789246 0.0639803484082222 -0.05750380456447601
v 0.47871655225753784 0.16471004486083984 -0.004089105874300003
v 0.5012536644935608 0.1643761694431305 -0.006763003766536713
v 0.48385244607925415 0.16204164922237396 7.356703281402588e-05
v 0.45682454109191895 0.014347170479595661 -0.053138744086027145
v 0.45869889855384827 0.003828961867839098 -0.04838657006621361
v 0.1815258413553238 0.05101978778839111 0.15127024054527283
v 0.1819450557231903 0.061766158789396286 0.14103913307189941
v 0.19707682728767395 0.05741957575082779 0.12090364098548889
v 0.17488956451416016 0.07163462042808533 0.12042899429798126
v 0.17782284319400787 0.08406773954629898 0.11334393918514252
v 0.18943405151367188 0.10469122231006622 0.09221283346414566
v 0.1939019113779068 0.10822740942239761 0.07423732429742813
v 0.21188414096832275 0.09462028741836548 0.061444513499736786
v 0.21102547645568848 0.09543562680482864 0.03586573153734207
v 0.21664294600486755 0.08768175542354584 0.02453344315290451
v 0.32431453466415405 0.14091482758522034 -0.0166122205555439
v 0.32922372221946716 0.12708383798599243 -0.030131448060274124
v 0.3218874931335449 0.15074840188026428 -0.005238011479377747
v 0.323456346988678 0.15845414996147156 0.005471661686897278
v 0.3320463001728058 0.11120232939720154 -0.03919973596930504
v 0.33319228887557983 0.09718535840511322 -0.04107968136668205
v 0.3202078342437744 0.008355590514838696 0.033880311995744705
v 0.32709482312202454 0.020038217306137085 0.009928673505783081
v 0.33136218786239624 0.03864046186208725 -0.01692570373415947
v 0.3365764617919922 0.08163222670555115 -0.044893499463796616
v 0.3376588821411133 0.06239719316363335 -0.04117565229535103
v 0.2136000543832779 0.08746929466724396 0.014442795887589455
v 0.2084144502878189 0.08431162685155869 -0.0007028309628367424
v 0.22117206454277039 0.07299209386110306 -0.005249239969998598
v 0.24847222864627838 0.05632947012782097 0.0012188757536932826
v 0.2522556483745575 0.04523865878582001 -0.006249988451600075
v 0.268252968788147 0.028041336685419083 -9.676610352471471e-05
v 0.27819302678108215 0.014073161408305168 0.005225862842053175
v 0.3268001675605774 0.16173173487186432 -0.003817375749349594
v 0.3459089994430542 0.18135131895542145 -0.0070762038230896
v 0.36646002531051636 0.18468955159187317 -0.016392279416322708
v 0.37751156091690063 0.18504774570465088 -0.020194154232740402
v 0.38881734013557434 0.18382492661476135 -0.02474801614880562
v 0.39150670170783997 0.16946998238563538 -0.03819042071700096
v 0.4092807471752167 0.14869654178619385 -0.05679714307188988
v 0.39794883131980896 0.15272873640060425 -0.052214812487363815
v 0.42080050706863403 0.11202508211135864 -0.07988442480564117
v 0.41313087940216064 0.13535954058170319 -0.06481814384460449
v 0.4142483174800873 0.12212355434894562 -0.07291629910469055
v 0.4306436777114868 0.10624518990516663 -0.0759928897023201
v 0.41747522354125977 0.10413667559623718 -0.08642825484275818
v 0.4296714663505554 0.10819225013256073 -0.06980489194393158
v 0.3987921476364136 0.10666562616825104 -0.07158775627613068
v 0.44479814171791077 0.10794954001903534 -0.11907634139060974
v 0.4810575842857361 0.12306153774261475 -0.1340571492910385
v 0.46636778116226196 0.12122531235218048 -0.1391414850950241
v 0.516891598701477 0.11790095269680023 -0.1325972080230713
v 0.49337494373321533 0.12489058077335358 -0.14551690220832825
v 0.5094974040985107 0.12294533848762512 -0.14159339666366577
v 0.4872852563858032 0.11544729769229889 -0.08904969692230225
v 0.46353113651275635 0.10885985195636749 -0.08155769109725952
v 0.4465358257293701 0.10892997682094574 -0.06615486741065979
v 0.4469384253025055 0.10072730481624603 -0.05787189304828644
v 0.45134708285331726 0.03866031765937805 -0.05648433417081833
v 0.44329947233200073 0.08403600752353668 -0.06000002473592758
v 0.4436468183994293 0.05896998569369316 -0.06550327688455582
v 0.49306589365005493 0.17363190650939941 0.011604834347963333
v 0.45606529712677 0.17512506246566772 0.0023350808769464493
v 0.479422926902771 0.173643559217453 0.012520503252744675
v 0.45031899213790894 0.009143142960965633 -0.05795559659600258
v 0.45445552468299866 0.0023604044690728188 -0.051523175090551376
v 0.2052593231201172 0.027987314388155937 0.14792370796203613
v 0.205423042178154 0.03617065027356148 0.143826425075531
v 0.19016028940677643 0.03716496378183365 0.15399368107318878
v 0.16913746297359467 0.05720313638448715 0.15610629320144653
v 0.1650094836950302 0.06584715098142624 0.1463436484336853
v 0.1825166493654251 0.06394493579864502 0.12727265059947968
v 0.18918991088867188 0.09058450907468796 0.10369399935007095
v 0.16660189628601074 0.06855862587690353 0.12359903752803802
v 0.1680423468351364 0.09207900613546371 0.11810335516929626
v 0.17826005816459656 0.09754236787557602 0.10864552855491638
v 0.17097388207912445 0.11145289242267609 0.0993824303150177
v 0.1823073923587799 0.11298788338899612 0.08231382071971893
v 0.19823448359966278 0.10754428058862686 0.06051366403698921
v 0.19526003301143646 0.10761839896440506 0.03244036063551903
v 0.20340144634246826 0.09693749994039536 0.019928082823753357
v 0.20421865582466125 0.10265929251909256 0.04691154137253761
v 0.33451080322265625 0.1431305855512619 -0.026057209819555283
v 0.3299446403980255 0.15403255820274353 -0.01399560272693634
v 0.3387868404388428 0.12162727117538452 -0.042267393320798874
v 0.34368956089019775 0.09394198656082153 -0.0537726990878582
v 0.3402729034423828 0.10353994369506836 -0.049507614225149155
v 0.3273767828941345 0.009537855163216591 0.016182061284780502
v 0.3319978415966034 0.02487936243414879 -0.008982941508293152
v 0.3370283246040344 0.04168467968702316 -0.03307073190808296
v 0.34701159596443176 0.08338899910449982 -0.05735957249999046
v 0.34624189138412476 0.0689852312207222 -0.05600244924426079
v 0.20075620710849762 0.09531999379396439 0.009427630342543125
v 0.19605252146720886 0.08489054441452026 -0.008445767685770988
v 0.20964452624320984 0.07534907013177872 -0.009719252586364746
v 0.23270495235919952 0.061141595244407654 -0.009555701166391373
v 0.23774529993534088 0.04756733030080795 -0.015152237378060818
v 0.2534714341163635 0.030794067308306694 -0.010996963828802109
v 0.2664790153503418 0.016487227752804756 -0.006180457305163145
v 0.27776795625686646 0.005813782103359699 -0.0010566627606749535
v 0.33706769347190857 0.1678541600704193 -0.010746732354164124
v 0.3559666574001312 0.17973612248897552 -0.015681404620409012
v 0.37222903966903687 0.1770167499780655 -0.025756429880857468
v 0.3803613781929016 0.1751111000776291 -0.030449356883764267
v 0.3809007406234741 0.16611933708190918 -0.037784796208143234
v 0.4042423963546753 0.14073337614536285 -0.061433982104063034
v 0.3864388167858124 0.15455758571624756 -0.048981714993715286
v 0.4150627553462982 0.11232230067253113 -0.08007900416851044
v 0.4034190773963928 0.12735122442245483 -0.06987890601158142
v 0.4086763560771942 0.11592695116996765 -0.07717517018318176
v 0.4109654128551483 0.1090485006570816 -0.08292022347450256
v 0.418587863445282 0.09599760174751282 -0.09240420162677765
v 0.429013192653656 0.09503719210624695 -0.08745566755533218
v 0.40190812945365906 0.10370135307312012 -0.07384063303470612
v 0.43310120701789856 0.10774657130241394 -0.09488245844841003
v 0.45219311118125916 0.11285123229026794 -0.1452125459909439
v 0.46124428510665894 0.11986766755580902 -0.16490678489208221
v 0.47505879402160645 0.12512971460819244 -0.1544664055109024
v 0.518791139125824 0.11747686564922333 -0.12394633889198303
v 0.510393500328064 0.11863288283348083 -0.10787564516067505
v 0.5191671848297119 0.12183770537376404 -0.14289884269237518
v 0.48841577768325806 0.1283699870109558 -0.16403989493846893
v 0.503838300704956 0.12876763939857483 -0.1580546349287033
v 0.4983532428741455 0.11291633546352386 -0.10433197021484375
v 0.48089689016342163 0.10170285403728485 -0.10960710048675537
v 0.44482871890068054 0.10038657486438751 -0.0902312695980072
v 0.4418393075466156 0.10676535964012146 -0.07508434355258942
v 0.42984262108802795 0.10803306102752686 -0.06607009470462799
v 0.4376504123210907 0.09845037758350372 -0.05993528664112091
v 0.4358697235584259 0.02696613408625126 -0.07386435568332672
v 0.4352782964706421 0.08418044447898865 -0.07107347995042801
v 0.4351896643638611 0.05260248854756355 -0.07913460582494736
v 0.48335564136505127 0.1656886339187622 0.017026109620928764
v 0.4640202522277832 0.17283082008361816 0.002584744244813919
v 0.4598006010055542 0.17301565408706665 0.006978310644626617
v 0.45242220163345337 -0.005974778905510902 -0.04999374970793724
v 0.44183051586151123 0.01315338909626007 -0.0656147450208664
v 0.44688284397125244 -0.0037532877177000046 -0.05647915229201317
v 0.19076071679592133 0.024681761860847473 0.1554645597934723
v 0.16840794682502747 0.04156235232949257 0.1623004674911499
v 0.15429311990737915 0.06375038623809814 0.1587243527173996
v 0.1516820639371872 0.0750146433711052 0.15085706114768982
v 0.16677159070968628 0.06910274177789688 0.13232091069221497
v 0.16037069261074066 0.07184725254774094 0.13663405179977417
v 0.15717147290706635 0.08748748898506165 0.13019324839115143
v 0.15478000044822693 0.10672957450151443 0.12270402908325195
v 0.1661040037870407 0.10530775785446167 0.11158086359500885
v 0.15674127638339996 0.11807441711425781 0.0996335968375206
v 0.1692747324705124 0.11700329929590225 0.08234896510839462
v 0.18195423483848572 0.11583738029003143 0.06367401778697968
v 0.18177886307239532 0.11446625739336014 0.026958756148815155
v 0.19077496230602264 0.10565431416034698 0.012509450316429138
v 0.18842285871505737 0.11392275989055634 0.04604845121502876
v 0.3416426479816437 0.15970775485038757 -0.020935114473104477
v 0.3411833643913269 0.13209305703639984 -0.038680318742990494
v 0.34412717819213867 0.11328205466270447 -0.050739090889692307
v 0.35376980900764465 0.09012430906295776 -0.06487636268138885
v 0.35253050923347473 0.10294017195701599 -0.06174447759985924
v 0.3316424489021301 0.013570142909884453 0.00038638338446617126
v 0.33791229128837585 0.02539871074259281 -0.027086716145277023
v 0.3470992147922516 0.049893807619810104 -0.05382556840777397
v 0.35706666111946106 0.059039175510406494 -0.068987637758255
v 0.3556293845176697 0.07786136865615845 -0.06710264086723328
v 0.19463612139225006 0.09427142143249512 6.353482604026794e-05
v 0.1865142583847046 0.0812378078699112 -0.013859840109944344
v 0.19277426600456238 0.074678935110569 -0.014471731148660183
v 0.22110426425933838 0.06641820073127747 -0.01091117411851883
v 0.22265125811100006 0.05765613913536072 -0.017943689599633217
v 0.2371983826160431 0.03347063437104225 -0.02039274200797081
v 0.2196083813905716 0.048655033111572266 -0.01896788366138935
v 0.2533717453479767 0.020022301003336906 -0.01529114879667759
v 0.3468952476978302 0.17175602912902832 -0.015589803457260132
v 0.3628498315811157 0.17546026408672333 -0.022918064147233963
v 0.37476709485054016 0.16930092871189117 -0.033388759940862656
v 0.39612409472465515 0.14095963537693024 -0.060356255620718
v 0.37793487310409546 0.14700005948543549 -0.052035700529813766
v 0.37317365407943726 0.15937039256095886 -0.04128191992640495
v 0.39467909932136536 0.12809979915618896 -0.06994609534740448
v 0.4029046893119812 0.11247459053993225 -0.08131586015224457
v 0.38640594482421875 0.10279802978038788 -0.062120646238327026
v 0.4104400873184204 0.10398973524570465 -0.0877903550863266
v 0.4265381693840027 0.09546373784542084 -0.09209166467189789
v 0.4270886480808258 0.10743731260299683 -0.07883317023515701
v 0.4122820496559143 0.11026880145072937 -0.0782681405544281
v 0.42578476667404175 0.10469011962413788 -0.09066805243492126
v 0.44495880603790283 0.1069570928812027 -0.1357032060623169
v 0.44120195508003235 0.10325036942958832 -0.11499713361263275
v 0.4523332715034485 0.11306777596473694 -0.17236191034317017
v 0.4705967903137207 0.1250007450580597 -0.17431259155273438
v 0.45577824115753174 0.1159420758485794 -0.18740984797477722
v 0.5229051113128662 0.11789937317371368 -0.13552901148796082
v 0.5164761543273926 0.12636180222034454 -0.1554819643497467
v 0.4820408821105957 0.12929460406303406 -0.1805444359779358
v 0.4969754219055176 0.13305211067199707 -0.1714646965265274
v 0.5177152752876282 0.11592042446136475 -0.12129352986812592
v 0.4540168046951294 0.09541860222816467 -0.10851451754570007
v 0.4402955174446106 0.09778428077697754 -0.10261617600917816
v 0.4318258464336395 0.10285761952400208 -0.08458282053470612
v 0.4232252240180969 0.10697802901268005 -0.06736195087432861
v 0.4324694871902466 0.09663304686546326 -0.06454184651374817
v 0.41632142663002014 0.105865478515625 -0.07442307472229004
v 0.43046537041664124 0.03048732876777649 -0.08426623046398163
v 0.43078845739364624 0.0841500535607338 -0.08183909952640533
v 0.4294118285179138 0.05867702513933182 -0.0893760621547699
v 0.5023524761199951 0.17175018787384033 -0.012536102905869484
v 0.47615736722946167 0.17709165811538696 0.008002076297998428
v 0.47475749254226685 0.1626838743686676 0.014351405203342438
v 0.4387335777282715 0.006593231111764908 -0.0679633617401123
v 0.43406790494918823 0.021643446758389473 -0.0779014527797699
v 0.17247629165649414 0.02648688480257988 0.16276192665100098
v 0.15554414689540863 0.049043890088796616 0.1670774668455124
v 0.1458253264427185 0.08738259226083755 0.14421764016151428
v 0.1420321762561798 0.11591722071170807 0.12690883874893188
v 0.14066505432128906 0.10294351726770401 0.13760614395141602
v 0.15430833399295807 0.1152835264801979 0.11113503575325012
v 0.15235742926597595 0.11746231466531754 0.080219566822052
v 0.14149989187717438 0.11858579516410828 0.1004641205072403
v 0.16669334471225739 0.11786628514528275 0.06629438698291779
v 0.17254909873008728 0.11862863600254059 0.0478539764881134
v 0.17983897030353546 0.11157745122909546 0.01042172685265541
v 0.18298351764678955 0.10270918160676956 -0.0013198480010032654
v 0.34719935059547424 0.15004147589206696 -0.03254636749625206
v 0.3488213121891022 0.1244560033082962 -0.049320366233587265
v 0.35727640986442566 0.1182464063167572 -0.059175651520490646
v 0.36504945158958435 0.08393427729606628 -0.07603344321250916
v 0.3637673556804657 0.09393557906150818 -0.07353438436985016
v 0.3362145721912384 0.01199197955429554 -0.015545856207609177
v 0.3444664478302002 0.02888803742825985 -0.04363450035452843
v 0.3564099669456482 0.044046491384506226 -0.0665351003408432
v 0.3702681064605713 0.057041849941015244 -0.08257043361663818
v 0.3672778308391571 0.07137390971183777 -0.07888542115688324
v 0.18762457370758057 0.09143224358558655 -0.008111074566841125
v 0.15275917947292328 0.09977452456951141 0.021500416100025177
v 0.15609261393547058 0.1030743271112442 0.012037386186420918
v 0.2020982950925827 0.07752829045057297 0.009941564872860909
v 0.1939970850944519 0.0757584199309349 0.018802829086780548
v 0.23641982674598694 0.022973284125328064 -0.023399198427796364
v 0.2173403650522232 0.03595809265971184 -0.025776589289307594
v 0.19456371665000916 0.06248805671930313 0.013342304155230522
v 0.2650836110115051 0.009839902631938457 -0.01061508059501648
v 0.3540666103363037 0.1675695925951004 -0.024495664983987808
v 0.3667827546596527 0.16811969876289368 -0.031573813408613205
v 0.3859272003173828 0.13980795443058014 -0.05947012081742287
v 0.36756429076194763 0.14591142535209656 -0.04857553169131279
v 0.37476810812950134 0.13573652505874634 -0.05883873626589775
v 0.39431482553482056 0.11501921713352203 -0.0801364928483963
v 0.4036532938480377 0.10472819209098816 -0.08932699263095856
v 0.4126053750514984 0.09604145586490631 -0.09642092883586884
v 0.42519301176071167 0.10879511386156082 -0.08597739785909653
v 0.41678157448768616 0.11419935524463654 -0.07646666467189789
v 0.41669824719429016 0.11009474098682404 -0.07800517976284027
v 0.4462066888809204 0.09682251513004303 -0.13246388733386993
v 0.45607876777648926 0.11342962086200714 -0.1883164793252945
v 0.4474831223487854 0.1068665087223053 -0.1539819985628128
v 0.45878028869628906 0.11946424841880798 -0.2024456113576889
v 0.4652208387851715 0.1256551593542099 -0.19095025956630707
v 0.5218113660812378 0.122500941157341 -0.1510867178440094
v 0.5183937549591064 0.1148119568824768 -0.13234056532382965
v 0.5087093114852905 0.1317470669746399 -0.16436241567134857
v 0.48996061086654663 0.13167575001716614 -0.18528927862644196
v 0.47555187344551086 0.12796349823474884 -0.19197401404380798
v 0.5059554576873779 0.1093871146440506 -0.12106874585151672
v 0.46584656834602356 0.09226739406585693 -0.14326442778110504
v 0.497488796710968 0.09984280169010162 -0.13528728485107422
v 0.4174542725086212 0.11260569095611572 -0.07357203960418701
v 0.42038124799728394 0.10994403064250946 -0.07603222131729126
v 0.4259367287158966 0.0982295572757721 -0.07442902773618698
v 0.42690011858940125 0.03921335190534592 -0.09263911843299866
v 0.4282313883304596 0.02942270040512085 -0.08925570547580719
v 0.4244040548801422 0.0754854753613472 -0.09430976212024689
v 0.4217531085014343 0.05659192427992821 -0.09909529983997345
v 0.49595558643341064 0.16953244805335999 0.0023317094892263412
v 0.4842400550842285 0.17328709363937378 0.012249210849404335
v 0.4823302626609802 0.16367676854133606 0.008358947932720184
v 0.42818334698677063 0.02065379172563553 -0.0857088714838028
v 0.4292253851890564 0.008232474327087402 -0.07996143400669098
v 0.15244516730308533 0.029143888503313065 0.1703004539012909
v 0.13970716297626495 0.07250924408435822 0.1619151085615158
v 0.1405300348997116 0.058136358857154846 0.16959917545318604
v 0.1368611752986908 0.08287078142166138 0.15861181914806366
v 0.12868350744247437 0.0983491912484169 0.15129899978637695
v 0.14031879603862762 0.11981354653835297 0.1132703348994255
v 0.12405311316251755 0.11945776641368866 0.12675704061985016
v 0.12063244730234146 0.11036238074302673 0.14395536482334137
v 0.15905414521694183 0.11756661534309387 0.05914010852575302
v 0.13827942311763763 0.11448037624359131 0.0758279338479042
v 0.129547581076622 0.11580971628427505 0.09422767907381058
v 0.163016676902771 0.11764964461326599 0.045444611459970474
v 0.16708821058273315 0.11675996333360672 0.02926500141620636
v 0.16258493065834045 0.10828052461147308 0.00071001797914505
v 0.17325928807258606 0.1043453961610794 -0.003796171396970749
v 0.3544369339942932 0.1393267661333084 -0.044845860451459885
v 0.36571431159973145 0.10774591565132141 -0.0697682648897171
v 0.37590980529785156 0.0764627456665039 -0.08634187281131744
v 0.37362462282180786 0.08719998598098755 -0.08260487020015717
v 0.34409138560295105 0.010710992850363255 -0.03680296614766121
v 0.3540634512901306 0.033713843673467636 -0.06098341569304466
v 0.36673685908317566 0.04347226396203041 -0.07873338460922241
v 0.3780793845653534 0.06326952576637268 -0.0899348109960556
v 0.37964025139808655 0.04421701654791832 -0.09205366671085358
v 0.175972118973732 0.09620426595211029 -0.010363621637225151
v 0.16536672413349152 0.0875893384218216 0.02635825052857399
v 0.13881392776966095 0.09395980834960938 0.009290112182497978
v 0.14716744422912598 0.08629566431045532 0.01564338430762291
v 0.17378337681293488 0.07926078140735626 0.03276786208152771
v 0.22465240955352783 0.017403241246938705 -0.028486397117376328
v 0.2447347640991211 0.011335010640323162 -0.02126518450677395
v 0.19419872760772705 0.04452180862426758 -0.005370578728616238
v 0.1743048131465912 0.06535108387470245 0.02819683402776718
v 0.36113762855529785 0.15554256737232208 -0.03826230391860008
v 0.3838621973991394 0.1270531266927719 -0.06894798576831818
v 0.3705965578556061 0.12142086029052734 -0.06611090898513794
v 0.36231717467308044 0.1299431025981903 -0.056008245795965195
v 0.39249077439308167 0.10362155735492706 -0.0868750661611557
v 0.403161883354187 0.09492577612400055 -0.09568275511264801
v 0.3842986822128296 0.10668940842151642 -0.06847710907459259
v 0.4114019274711609 0.08990311622619629 -0.09983968734741211
v 0.42100924253463745 0.09252391755580902 -0.09665359556674957
v 0.42450958490371704 0.10707562416791916 -0.08505271375179291
v 0.45202887058258057 0.09896373748779297 -0.15637284517288208
v 0.4551752209663391 0.10893838107585907 -0.18297716975212097
v 0.4594956040382385 0.11528150737285614 -0.20434963703155518
v 0.46037113666534424 0.11688520014286041 -0.21454447507858276
v 0.46472668647766113 0.12361064553260803 -0.20539382100105286
v 0.5196219086647034 0.13000087440013885 -0.16550883650779724
v 0.5193430185317993 0.11868031322956085 -0.14313282072544098
v 0.5073521733283997 0.13475622236728668 -0.18000204861164093
v 0.48093411326408386 0.12733642756938934 -0.20394366979599
v 0.4967976212501526 0.12741753458976746 -0.19513800740242004
v 0.5134410858154297 0.1130611002445221 -0.14079710841178894
v 0.5069338083267212 0.10830141603946686 -0.15811289846897125
v 0.4808664619922638 0.097903311252594 -0.16363753378391266
v 0.426626592874527 0.09484457969665527 -0.08684524148702621
v 0.42002633213996887 0.04966209828853607 -0.10146190226078033
v 0.42250192165374756 0.036776475608348846 -0.09698976576328278
v 0.4192850589752197 0.07021669298410416 -0.10241149365901947
v 0.4173102080821991 0.06105095148086548 -0.10446568578481674
v 0.5058392882347107 0.17287956178188324 0.012154977768659592
v 0.49596571922302246 0.17200912535190582 0.013396434485912323
v 0.49204719066619873 0.17643821239471436 0.024516087025403976
v 0.4130855202674866 0.002646953798830509 -0.09275306761264801
v 0.42056113481521606 0.02299349382519722 -0.09418322145938873
v 0.1343647837638855 0.03619762137532234 0.17359723150730133
v 0.13336491584777832 0.022820625454187393 0.1740908920764923
v 0.142734095454216 0.044964633882045746 0.17188683152198792
v 0.12803508341312408 0.05087306722998619 0.17600847780704498
v 0.12969113886356354 0.08005239069461823 0.16791582107543945
v 0.12311415374279022 0.08996354788541794 0.1640302985906601
v 0.11339191347360611 0.10138638317584991 0.15802837908267975
v 0.1257951855659485 0.11994820833206177 0.11121051013469696
v 0.10350216925144196 0.12030266225337982 0.13988779485225677
v 0.1067783534526825 0.12186591327190399 0.1244317814707756
v 0.14694900810718536 0.11558812856674194 0.06530696153640747
v 0.12695612013339996 0.11110266298055649 0.07628059387207031
v 0.11379580944776535 0.1114126592874527 0.09065309166908264
v 0.14788229763507843 0.11182336509227753 0.0320008210837841
v 0.15157489478588104 0.11534373462200165 0.049140311777591705
v 0.15220589935779572 0.1098518893122673 0.01613297127187252
v 0.16442273557186127 0.09779521822929382 -0.012141389772295952
v 0.15132836997509003 0.09636475890874863 -0.011842288076877594
v 0.37871211767196655 0.09599776566028595 -0.08264680206775665
v 0.38808146119117737 0.07163843512535095 -0.09619438648223877
v 0.38466131687164307 0.08329616487026215 -0.09116765856742859
v 0.35429853200912476 0.014392601326107979 -0.0577470101416111
v 0.36223363876342773 0.03366713225841522 -0.07267436385154724
v 0.3915221393108368 0.04009854048490524 -0.10092724859714508
v 0.3902908265590668 0.05393996834754944 -0.09940163791179657
v 0.14001880586147308 0.10300703346729279 0.0034722965210676193
v 0.14990267157554626 0.07703827321529388 0.015120940282940865
v 0.15988729894161224 0.07201700657606125 0.024021703749895096
v 0.20152658224105835 0.02805933728814125 -0.02048688940703869
v 0.1775856465101242 0.04282103478908539 0.015579432249069214
v 0.1625789850950241 0.05353793874382973 0.021325673907995224
v 0.3811884820461273 0.11361770331859589 -0.07677288353443146
v 0.3951374590396881 0.08993522822856903 -0.09502844512462616
v 0.40605923533439636 0.08599957823753357 -0.10117185115814209
v 0.41396674513816833 0.08378386497497559 -0.10257847607135773
v 0.42000988125801086 0.07893809676170349 -0.1020624190568924
v 0.46456414461135864 0.09845410287380219 -0.1743805855512619
v 0.46957820653915405 0.11144654452800751 -0.20508363842964172
v 0.4705589711666107 0.10717689990997314 -0.22010943293571472
v 0.4705182909965515 0.10817861557006836 -0.21959909796714783
v 0.47120264172554016 0.12000732123851776 -0.2163999229669571
v 0.5223150253295898 0.12442396581172943 -0.15633456408977509
v 0.5017909407615662 0.12219993770122528 -0.20507322251796722
v 0.4879295229911804 0.12388087809085846 -0.21273081004619598
v 0.5148482918739319 0.12085147202014923 -0.16253501176834106
v 0.5091010928153992 0.11676748096942902 -0.18053017556667328
v 0.49094250798225403 0.10452799499034882 -0.1844121217727661
v 0.414543479681015 0.051458921283483505 -0.10571610927581787
v 0.41433802247047424 0.03702820837497711 -0.10378892719745636
v 0.41125187277793884 0.07397972047328949 -0.10564111173152924
v 0.4096240997314453 0.05677109584212303 -0.1073308140039444
v 0.5032595992088318 0.19899816811084747 0.03594518080353737
v 0.5127816200256348 0.19097371399402618 0.02494821697473526
v 0.502474308013916 0.18866217136383057 0.04075298085808754
v 0.5200140476226807 0.18997609615325928 0.02552599459886551
v 0.4109335243701935 0.019319646060466766 -0.09927418828010559
v 0.4044705927371979 0.005089794285595417 -0.0975194126367569
v 0.11979762464761734 0.03620646521449089 0.17707690596580505
v 0.12145577371120453 0.019824383780360222 0.17676563560962677
v 0.12933295965194702 0.06677720695734024 0.17701150476932526
v 0.1333707720041275 0.07184776663780212 0.16985854506492615
v 0.12625552713871002 0.07687902450561523 0.17674292623996735
v 0.11956354975700378 0.08417338132858276 0.1742577850818634
v 0.1129109337925911 0.09257818013429642 0.16695448756217957
v 0.10134781897068024 0.10964688658714294 0.15370580554008484
v 0.11140639334917068 0.1171814352273941 0.10756976157426834
v 0.09050814062356949 0.12072067707777023 0.13309615850448608
v 0.09461373835802078 0.11819025874137878 0.11707428842782974
v 0.13775379955768585 0.11252999305725098 0.06278789043426514
v 0.10242148488759995 0.10556022077798843 0.08572207391262054
v 0.1139618530869484 0.10516039282083511 0.07279414683580399
v 0.14260561764240265 0.10709801316261292 0.018422240391373634
v 0.13589584827423096 0.1102183610200882 0.04591984674334526
v 0.1345554143190384 0.10653969645500183 0.02932085655629635
v 0.14470842480659485 0.1035240888595581 0.0027157848235219717
v 0.14167894423007965 0.0858001708984375 -0.01793549954891205
v 0.13383623957633972 0.09546808153390884 -0.010392313823103905
v 0.40150636434555054 0.06312191486358643 -0.1050889641046524
v 0.39903080463409424 0.07862238585948944 -0.10107490420341492
v 0.35278651118278503 -0.0037693819031119347 -0.05293415114283562
v 0.36303478479385376 0.01984545588493347 -0.07280735671520233
v 0.37241020798683167 0.029169434681534767 -0.0842537134885788
v 0.3993268311023712 0.03050839900970459 -0.10456113517284393
v 0.40108755230903625 0.04486819729208946 -0.10653345286846161
v 0.3855925500392914 0.023379134014248848 -0.09715823829174042
v 0.1361471712589264 0.07844720780849457 -0.003183097578585148
v 0.14253586530685425 0.07613638043403625 0.007385130971670151
v 0.14986327290534973 0.06765138357877731 0.007852605544030666
v 0.14309968054294586 0.07113758474588394 0.001575724221765995
v 0.18807817995548248 0.025359727442264557 0.0011589382775127888
v 0.2064337134361267 0.013178002089262009 -0.027024999260902405
v 0.1653849482536316 0.03784528747200966 0.01886695995926857
v 0.15553051233291626 0.05464679375290871 0.007168898358941078
v 0.47630009055137634 0.10158725082874298 -0.1878332644701004
v 0.48652949929237366 0.11707580089569092 -0.21797387301921844
v 0.47706010937690735 0.09978467226028442 -0.22298361361026764
v 0.47226643562316895 0.11008048057556152 -0.2187829464673996
v 0.47886088490486145 0.09780171513557434 -0.21997666358947754
v 0.5161913633346558 0.1328675001859665 -0.17810210585594177
v 0.50773024559021 0.12336982786655426 -0.196600541472435
v 0.5051151514053345 0.11700351536273956 -0.2096925973892212
v 0.48040151596069336 0.11957572400569916 -0.21217411756515503
v 0.4980587065219879 0.12577341496944427 -0.21475224196910858
v 0.5106346607208252 0.1210222840309143 -0.19439826905727386
v 0.49764931201934814 0.10908453166484833 -0.19729925692081451
v 0.4061668813228607 0.03147461637854576 -0.10438224673271179
v 0.40901073813438416 0.04493541270494461 -0.10601280629634857
v 0.5282943248748779 0.21194562315940857 0.039818909019231796
v 0.5159169435501099 0.2121555060148239 0.04299459233880043
v 0.509686291217804 0.2096157968044281 0.046793922781944275
v 0.5216953158378601 0.2068229764699936 0.05013556778430939
v 0.40236642956733704 0.018949992954730988 -0.10177386552095413
v 0.39715859293937683 0.008939458057284355 -0.09972048550844193
v 0.11192693561315536 0.05268152058124542 0.17867065966129303
v 0.10719073563814163 0.023294903337955475 0.17844383418560028
v 0.10459750890731812 0.04384874552488327 0.17892242968082428
v 0.12068844586610794 0.07573011517524719 0.18531367182731628
v 0.1154501661658287 0.0651894062757492 0.1804943084716797
v 0.1174612045288086 0.08147095888853073 0.18470463156700134
v 0.10881032794713974 0.08637160062789917 0.175576314330101
v 0.10185538977384567 0.09598849713802338 0.16455629467964172
v 0.08933983743190765 0.11678346991539001 0.14394617080688477
v 0.09881482273340225 0.11224327981472015 0.1028972864151001
v 0.07621795684099197 0.11077187210321426 0.12330940365791321
v 0.08383341133594513 0.11049343645572662 0.10972568392753601
v 0.1251460164785385 0.107396200299263 0.05933552607893944
v 0.09228099137544632 0.10054335743188858 0.08203744143247604
v 0.10356450080871582 0.09987898916006088 0.07026483863592148
v 0.13520362973213196 0.10281065106391907 0.015241876244544983
v 0.12520332634449005 0.10466794669628143 0.041684217751026154
v 0.12706618010997772 0.10046139359474182 0.02204272523522377
v 0.1325737088918686 0.09690770506858826 0.005627419799566269
v 0.13772588968276978 0.09328488260507584 -0.006488487124443054
v 0.13057167828083038 0.08804874867200851 -0.0052018011920154095
v 0.12218087911605835 0.07888513058423996 -0.019153408706188202
v 0.1153806746006012 0.08893365412950516 -0.015326498076319695
v 0.3645607829093933 0.00432157889008522 -0.0728900134563446
v 0.3743570148944855 0.014259986579418182 -0.08597947657108307
v 0.39652785658836365 0.017590275034308434 -0.10150445997714996
v 0.3845881223678589 0.008832196705043316 -0.09474600851535797
v 0.13056378066539764 0.07356242090463638 -0.008314423263072968
v 0.1382416933774948 0.08329758048057556 0.008150452747941017
v 0.13478146493434906 0.0737113207578659 -0.004741718992590904
v 0.13663774728775024 0.06896555423736572 -0.014960977248847485
v 0.14820405840873718 0.06070195883512497 -0.011033651418983936
v 0.1715220808982849 0.024974090978503227 0.011399367824196815
v 0.18704335391521454 0.011222457513213158 -0.012239743955433369
v 0.15822787582874298 0.03743138164281845 0.008157039061188698
v 0.15362419188022614 0.04114728793501854 -0.01327541097998619
v 0.4844987392425537 0.10690270364284515 -0.19998610019683838
v 0.49017778038978577 0.10118840634822845 -0.21980775892734528
v 0.4798423647880554 0.09594759345054626 -0.21481454372406006
v 0.4769306778907776 0.1070232093334198 -0.21313489973545074
v 0.49629682302474976 0.1163424402475357 -0.21153438091278076
v 0.5063180327415466 0.10488492250442505 -0.20948362350463867
v 0.4778290092945099 0.11092513799667358 -0.20743386447429657
v 0.47942155599594116 0.11502833664417267 -0.20472237467765808
v 0.5001556873321533 0.09360408782958984 -0.21113255620002747
v 0.5186952948570251 0.22530798614025116 0.046313997358083725
v 0.5190649628639221 0.226217582821846 0.059269893914461136
v 0.5408636927604675 0.22567535936832428 0.05653148889541626
v 0.5378609299659729 0.22795481979846954 0.04458300396800041
v 0.3967486321926117 -0.0021056588739156723 -0.09898018836975098
v 0.39193177223205566 0.011883601546287537 -0.09897534549236298
v 0.10240187495946884 0.057317961007356644 0.178228497505188
v 0.09097987413406372 0.032696012407541275 0.18027915060520172
v 0.09447762370109558 0.053069401532411575 0.1768147498369217
v 0.11251591145992279 0.07895968854427338 0.18605709075927734
v 0.12167378515005112 0.08288341760635376 0.19614188373088837
v 0.10602978616952896 0.0704888254404068 0.18002194166183472
v 0.1085883229970932 0.08251417428255081 0.18112702667713165
v 0.09944348782300949 0.08531098067760468 0.1724889725446701
v 0.08936916291713715 0.10300815105438232 0.1557837724685669
v 0.07395987212657928 0.10893121361732483 0.13658760488033295
v 0.08779259771108627 0.10532043129205704 0.09548681229352951
v 0.0629149079322815 0.10410908609628677 0.11400865018367767
v 0.07524921000003815 0.10337963700294495 0.10110171139240265
v 0.11426661163568497 0.10089991986751556 0.054477106779813766
v 0.12091132998466492 0.09640198200941086 0.02313649095594883
v 0.11973928660154343 0.09983201324939728 0.036042846739292145
v 0.12466280162334442 0.09282252192497253 0.00953548401594162
v 0.1286908984184265 0.08953472226858139 -0.0017343646613880992
v 0.12117309868335724 0.08653359115123749 -0.013152511790394783
v 0.13108356297016144 0.08238279074430466 -0.012666720896959305
v 0.12546862661838531 0.07417179644107819 -0.01966233178973198
v 0.10837548971176147 0.06878361105918884 -0.024774160236120224
v 0.1034909337759018 0.08406807482242584 -0.02362055331468582
v 0.3766625225543976 0.0010000690817832947 -0.08786287903785706
v 0.38397112488746643 0.001119770109653473 -0.0939355343580246
v 0.12649855017662048 0.0751829445362091 -0.015835219994187355
v 0.11968549340963364 0.06104423850774765 -0.013350732624530792
v 0.1377371996641159 0.06583433598279953 -0.007261860184371471
v 0.1369788646697998 0.07665455341339111 0.0011547813192009926
v 0.12730829417705536 0.0706525519490242 -0.01756242662668228
v 0.14496946334838867 0.04669959470629692 -0.03580903261899948
v 0.1362275928258896 0.060614701360464096 -0.033014051616191864
v 0.1579367220401764 0.018187709152698517 0.010426665656268597
v 0.17452113330364227 0.009904950857162476 0.002456554677337408
v 0.15384650230407715 0.020375844091176987 -0.015197491273283958
v 0.14735420048236847 0.02754950523376465 -0.04164618253707886
v 0.49010831117630005 0.10009147226810455 -0.21335551142692566
v 0.4811321198940277 0.09037655591964722 -0.2209240347146988
v 0.47356611490249634 0.10240091383457184 -0.20529544353485107
v 0.4746758043766022 0.10407665371894836 -0.21077078580856323
v 0.4826846420764923 0.09022624790668488 -0.21822771430015564
v 0.4982163906097412 0.10352504253387451 -0.21467024087905884
v 0.4682037830352783 0.11380216479301453 -0.1977721005678177
v 0.4686865210533142 0.10944633185863495 -0.20526355504989624
v 0.47391700744628906 0.10562175512313843 -0.20900125801563263
v 0.5004105567932129 0.0729370266199112 -0.23247331380844116
v 0.4868767261505127 0.080341637134552 -0.22472643852233887
v 0.5250827670097351 0.240141823887825 0.061927054077386856
v 0.5419179201126099 0.23966673016548157 0.07043430209159851
v 0.5583887100219727 0.24247080087661743 0.05096694454550743
v 0.5529738068580627 0.24014730751514435 0.0627262145280838
v 0.3908156752586365 0.0013032625429332256 -0.09810630977153778
v 0.09652914851903915 0.06444862484931946 0.17576126754283905
v 0.07387374341487885 0.02876882627606392 0.1759926825761795
v 0.08310425281524658 0.044584959745407104 0.17358453571796417
v 0.1120290458202362 0.08062317967414856 0.1842983365058899
v 0.1100001335144043 0.08876080811023712 0.1865260899066925
v 0.10965857654809952 0.08452074974775314 0.19417394697666168
v 0.09349272400140762 0.07560935616493225 0.1733066737651825
v 0.1046045571565628 0.0796792283654213 0.17907214164733887
v 0.09201806783676147 0.0878794714808464 0.16543155908584595
v 0.07440710067749023 0.10143239796161652 0.14634117484092712
v 0.05848339945077896 0.10407540202140808 0.13060614466667175
v 0.07997889071702957 0.09858255088329315 0.08736312389373779
v 0.06498251110315323 0.09604775905609131 0.09413916617631912
v 0.050925113260746 0.09698649495840073 0.11021281033754349
v 0.09108646214008331 0.09604087471961975 0.07026459276676178
v 0.10412809252738953 0.09598779678344727 0.05533333867788315
v 0.1137622743844986 0.09608623385429382 0.036799680441617966
v 0.11663122475147247 0.0936935693025589 0.02312709204852581
v 0.12019950151443481 0.08341152220964432 -0.001727137714624405
v 0.11922375857830048 0.0902426689863205 0.012922609224915504
v 0.11164084076881409 0.0805554986000061 -0.021471764892339706
v 0.11803094297647476 0.07728293538093567 -0.011209864169359207
v 0.11634048819541931 0.07083117961883545 -0.01815599761903286
v 0.12402965873479843 0.06931568682193756 -0.024322180077433586
v 0.10172833502292633 0.06971763074398041 -0.026105575263500214
v 0.10955353081226349 0.048334136605262756 -0.023023780435323715
v 0.12216685712337494 0.06948645412921906 -0.015428665094077587
v 0.12056951224803925 0.07123379409313202 -0.0201701782643795
v 0.11757602542638779 0.06412413716316223 -0.01761104166507721
v 0.12285689264535904 0.06863738596439362 -0.005759268067777157
v 0.12553200125694275 0.07244250178337097 -0.010534054599702358
v 0.1261470466852188 0.0647856742143631 -0.033662937581539154
v 0.13207527995109558 0.05017564818263054 -0.05312183499336243
v 0.139306902885437 0.03655068203806877 -0.0544414296746254
v 0.1469237506389618 0.0025404617190361023 -0.010006038472056389
v 0.16230571269989014 0.008632475510239601 0.007309124805033207
v 0.14627592265605927 0.010693900287151337 -0.04020441323518753
v 0.1408962607383728 0.022266361862421036 -0.057883135974407196
v 0.48351049423217773 0.09345941245555878 -0.21445953845977783
v 0.4863775372505188 0.08697110414505005 -0.22232896089553833
v 0.4747059941291809 0.09792196750640869 -0.22122472524642944
v 0.4886970520019531 0.0987587422132492 -0.21906203031539917
v 0.4710318148136139 0.10520495474338531 -0.2085239440202713
v 0.47160786390304565 0.10516759753227234 -0.2120417356491089
v 0.47441601753234863 0.10656912624835968 -0.20720985531806946
v 0.48842447996139526 0.09505113959312439 -0.21925906836986542
v 0.5287042856216431 0.22317419946193695 0.04112282022833824
v 0.5324915051460266 0.2689787745475769 0.058141063898801804
v 0.5465068817138672 0.25986945629119873 0.0759987086057663
v 0.5321819186210632 0.23982493579387665 0.044863201677799225
v 0.5655863285064697 0.2551768720149994 0.0675293356180191
v 0.5713493227958679 0.2654443085193634 0.05604328587651253
v 0.086271733045578 0.064054474234581 0.17110908031463623
v 0.06892797350883484 0.022527730092406273 0.16138334572315216
v 0.07181144505739212 0.037675295025110245 0.16411945223808289
v 0.11511106789112091 0.09175947308540344 0.18830500543117523
v 0.10622085630893707 0.10776470601558685 0.20254646241664886
v 0.1064169704914093 0.11090609431266785 0.2031036764383316
v 0.08447064459323883 0.07740392535924911 0.16560609638690948
v 0.07735028862953186 0.08913405984640121 0.15630172193050385
v 0.05856630206108093 0.09859961271286011 0.140572190284729
v 0.04338034614920616 0.09989278018474579 0.12678351998329163
v 0.07762148231267929 0.09477020800113678 0.07871297746896744
v 0.04518904909491539 0.09042935818433762 0.10231833159923553
v 0.0528184212744236 0.08949541300535202 0.08724726736545563
v 0.08193112164735794 0.0927659124135971 0.061470650136470795
v 0.09345224499702454 0.09307989478111267 0.052224814891815186
v 0.11179759353399277 0.09077952057123184 0.020791461691260338
v 0.1028762236237526 0.09247788041830063 0.0373741053044796
v 0.11131630092859268 0.08443844318389893 0.006850443780422211
v 0.1094505563378334 0.07909783720970154 -0.004388034343719482
v 0.10392661392688751 0.06925733387470245 -0.02669842541217804
v 0.10910020768642426 0.07362918555736542 -0.012429695576429367
v 0.10887213051319122 0.06949956715106964 -0.017665479332208633
v 0.11588848382234573 0.06508542597293854 -0.022490397095680237
v 0.1166333258152008 0.05181684345006943 -0.0248098224401474
v 0.10455133765935898 0.04613363370299339 -0.01902930438518524
v 0.11699192225933075 0.023546814918518066 -0.013433119282126427
v 0.1112898513674736 0.059879109263420105 -0.02225273661315441
v 0.11554364114999771 0.06090926751494408 -0.022090399637818336
v 0.11745193600654602 0.06813791394233704 -0.021707085892558098
v 0.11508061736822128 0.0655667781829834 -0.021094832569360733
v 0.10715365409851074 0.058663830161094666 -0.03119892254471779
v 0.11866121739149094 0.06674405932426453 -0.0284138061106205
v 0.12537038326263428 0.05715819075703621 -0.04873661696910858
v 0.13348370790481567 0.025220979005098343 -0.0688311755657196
v 0.1263948380947113 0.03865395113825798 -0.07048962265253067
v 0.1427605152130127 -0.0010319650173187256 -0.03160591796040535
v 0.1450212001800537 -0.0010170266032218933 -0.004036851227283478
v 0.14226171374320984 0.01123156026005745 -0.05684451758861542
v 0.13480305671691895 0.012826558202505112 -0.07108142226934433
v 0.488391637802124 0.08958949148654938 -0.22074033319950104
v 0.48799848556518555 0.099173903465271 -0.20997026562690735
v 0.4721532464027405 0.10441336035728455 -0.21205183863639832
v 0.47909846901893616 0.10445907711982727 -0.2121860533952713
v 0.5584179759025574 0.26349061727523804 0.04525173828005791
v 0.5437963604927063 0.2815384864807129 0.05980009213089943
v 0.5490221381187439 0.2772945463657379 0.07375995814800262
v 0.5720366835594177 0.27989932894706726 0.05245465040206909
v 0.5723017454147339 0.2742496728897095 0.0707002580165863
v 0.07343992590904236 0.05593195557594299 0.1608227789402008
v 0.058467086404561996 0.018824554979801178 0.1501930058002472
v 0.059819623827934265 0.03358352556824684 0.1515178233385086
v 0.11207594722509384 0.0986378937959671 0.20350007712841034
v 0.11207392066717148 0.10579857975244522 0.20500507950782776
v 0.07370877265930176 0.07337620109319687 0.15853458642959595
v 0.058428458869457245 0.0865539163351059 0.14861541986465454
v 0.038275644183158875 0.09686493128538132 0.14155977964401245
v 0.036489665508270264 0.09090202301740646 0.11711303889751434
v 0.0679672360420227 0.09173478931188583 0.07417748123407364
v 0.04143819212913513 0.08606036007404327 0.08135583251714706
v 0.03582761436700821 0.0852026492357254 0.0973108559846878
v 0.07093813270330429 0.09066882729530334 0.053887318819761276
v 0.08857980370521545 0.09061358124017715 0.038346558809280396
v 0.10063701122999191 0.08861900866031647 0.018768498674035072
v 0.12286005914211273 0.04090341180562973 -0.02227802947163582
v 0.09846851974725723 0.0736158937215805 -0.014656627550721169
v 0.10209810733795166 0.06465756893157959 -0.018478691577911377
v 0.10921851545572281 0.061079900711774826 -0.02009224146604538
v 0.11749160289764404 0.04913802444934845 -0.02286934107542038
v 0.12371449172496796 0.03238285332918167 -0.02240408957004547
v 0.11649280041456223 0.017844151705503464 -0.008384421467781067
v 0.11893760412931442 0.031119484454393387 -0.016039229929447174
v 0.10213379561901093 0.05299977585673332 -0.032243333756923676
v 0.09726443141698837 0.05076320096850395 -0.038254156708717346
v 0.10718671977519989 0.05312073603272438 -0.03258582204580307
v 0.0940781682729721 0.04996582120656967 -0.04925570264458656
v 0.1068638265132904 0.05921090021729469 -0.04110407829284668
v 0.11298409104347229 0.058498822152614594 -0.05211405083537102
v 0.11647352576255798 0.05019361153244972 -0.06709376722574234
v 0.12212803214788437 0.02080053836107254 -0.08644773811101913
v 0.1105494424700737 0.0363423228263855 -0.0862741470336914
v 0.13893716037273407 -0.0027844421565532684 -0.05340568348765373
v 0.12879230082035065 -0.010054662823677063 -0.0219198539853096
v 0.13426947593688965 0.0008332729339599609 -0.06960153579711914
v 0.1266326904296875 0.006997466087341309 -0.08162393420934677
v 0.46773993968963623 0.108019158244133 -0.20678290724754333
v 0.5486333966255188 0.28185349702835083 0.04708171263337135
v 0.5491067171096802 0.2845039367675781 0.05641458183526993
v 0.5525246858596802 0.2835747301578522 0.06497132778167725
v 0.5641723275184631 0.28229421377182007 0.06995684653520584
v 0.5557944178581238 0.2857683300971985 0.062207818031311035
v 0.061863839626312256 0.048341020941734314 0.15266558527946472
v 0.04610969498753548 0.01500430516898632 0.14286084473133087
v 0.050246212631464005 0.028870724141597748 0.14380067586898804
v 0.06239093467593193 0.06649099290370941 0.1509365737438202
v 0.046493541449308395 0.07603035122156143 0.14245839416980743
v 0.03264162316918373 0.08900315314531326 0.13198402523994446
v 0.03030191734433174 0.08435717970132828 0.10740500688552856
v 0.05644102022051811 0.0889071524143219 0.06741539388895035
v 0.026010803878307343 0.08217106759548187 0.08962609618902206
v 0.031088892370462418 0.08409127593040466 0.07725156098604202
v 0.07252736389636993 0.0896872878074646 0.03233499452471733
v 0.05621517077088356 0.0895310491323471 0.046630859375
v 0.09906722605228424 0.08265536278486252 0.00047077983617782593
v 0.08513398468494415 0.08654292672872543 0.008465362712740898
v 0.09044177830219269 0.07295458763837814 -0.01966414600610733
v 0.09286528825759888 0.06271374970674515 -0.022270003333687782
v 0.10566036403179169 0.052915193140506744 -0.019781464710831642
v 0.11175762861967087 0.04380764067173004 -0.022279443219304085
v 0.12030511349439621 0.033222001045942307 -0.023155158385634422
v 0.1191992536187172 -0.00197419710457325 -0.00022073648869991302
v 0.11501172184944153 0.006526540964841843 -0.005974607542157173
v 0.12402266263961792 0.002314101904630661 -0.002315755933523178
v 0.12862055003643036 0.016378842294216156 -0.007985272444784641
v 0.0900401771068573 0.04480510205030441 -0.0444563552737236
v 0.08806341141462326 0.03770133852958679 -0.042938560247421265
v 0.10968279838562012 0.038456592708826065 -0.03493880480527878
v 0.08040361851453781 0.04205977916717529 -0.06880747526884079
v 0.09527643024921417 0.05046926066279411 -0.06372780352830887
v 0.10238564014434814 0.05040914937853813 -0.06979590654373169
v 0.09917702525854111 0.044613223522901535 -0.08316761255264282
v 0.09684132039546967 0.036501966416835785 -0.09442600607872009
v 0.10049878805875778 0.025270402431488037 -0.10175773501396179
v 0.12696781754493713 -0.01253737322986126 -0.04752926900982857
v 0.12845852971076965 -0.012300919741392136 -0.06839065998792648
v 0.11186808347702026 -0.017445359379053116 -0.03606646880507469
v 0.1215885579586029 -0.004588183015584946 -0.08345721662044525
v 0.11122746765613556 0.010984718799591064 -0.09748117625713348
v 0.5452618598937988 0.2860737144947052 0.05656572803854942
v 0.5578972697257996 0.28342652320861816 0.05573897063732147
v 0.5525858402252197 0.28167083859443665 0.05052724480628967
v 0.5563005208969116 0.2838970124721527 0.06466447561979294
v 0.5551419854164124 0.28020188212394714 0.055438607931137085
v 0.04927694424986839 0.044014822691679 0.14237208664417267
v 0.0362364687025547 0.010574376210570335 0.13991492986679077
v 0.036943551152944565 0.02996033802628517 0.13879618048667908
v 0.052988506853580475 0.059445276856422424 0.14480610191822052
v 0.03561919927597046 0.07694216817617416 0.13523073494434357
v 0.027261830866336823 0.0807809829711914 0.12088923901319504
v 0.019088715314865112 0.07921891659498215 0.10427360236644745
v 0.041307274252176285 0.08650388568639755 0.0644509494304657
v 0.022179456427693367 0.0822858214378357 0.08036304265260696
v 0.027358341962099075 0.08413814008235931 0.0672408863902092
v 0.04829837381839752 0.08944253623485565 0.033866532146930695
v 0.06218583881855011 0.0896715521812439 0.019590146839618683
v 0.09051994234323502 0.08027437329292297 -0.009823011234402657
v 0.0732819214463234 0.085702084004879 -0.0025013498961925507
v 0.08781864494085312 0.0727134495973587 -0.02353762276470661
v 0.08688636124134064 0.06169615313410759 -0.028717899695038795
v 0.09817615151405334 0.047489020973443985 -0.02251083217561245
v 0.1067582443356514 0.038416363298892975 -0.020449871197342873
v 0.11329921334981918 0.03566255420446396 -0.020511366426944733
v 0.13127312064170837 -0.0022400449961423874 -0.0043023694306612015
v 0.08130604028701782 0.03925856575369835 -0.05328015238046646
v 0.0896475687623024 0.028549954295158386 -0.0437675341963768
v 0.1273517608642578 0.009827494621276855 -0.019973380491137505
v 0.09584285318851471 0.0064107999205589294 -0.04153074324131012
v 0.0703316256403923 0.03365841880440712 -0.06836714595556259
v 0.06702274084091187 0.03406431898474693 -0.0784798189997673
v 0.0746207982301712 0.03960268571972847 -0.08292131870985031
v 0.09032511711120605 0.046846937388181686 -0.08040797710418701
v 0.09073234349489212 0.03228246048092842 -0.10108492523431778
v 0.0877814069390297 0.027462095022201538 -0.10557648539543152
v 0.1188419759273529 -0.023702163249254227 -0.06470987200737
v 0.11344078183174133 -0.017799029126763344 -0.08191769570112228
v 0.10329508036375046 -0.026652555912733078 -0.05340619757771492
v 0.09792633354663849 -0.0042319707572460175 -0.1018596738576889
v 0.08936238288879395 0.014896262437105179 -0.11071528494358063
v 0.5505792498588562 0.28283804655075073 0.05475865304470062
v 0.5568704605102539 0.27841469645500183 0.052734315395355225
v 0.5681248307228088 0.27396437525749207 0.040062665939331055
v 0.5669848322868347 0.2730858623981476 0.04047858715057373
v 0.03745872527360916 0.047978173941373825 0.13785026967525482
v 0.02619686909019947 0.013007722795009613 0.13989344239234924
v 0.023587971925735474 0.026861535385251045 0.13866066932678223
v 0.04149173945188522 0.06198227405548096 0.13798601925373077
v 0.028281016275286674 0.07332584261894226 0.12819769978523254
v 0.017351366579532623 0.07751782238483429 0.11535146087408066
v 0.009927874431014061 0.07843638211488724 0.09512962400913239
v 0.03902122378349304 0.08754106611013412 0.05100484937429428
v 0.014164227992296219 0.0812707394361496 0.07497354596853256
v 0.02212967909872532 0.08434253185987473 0.05746963247656822
v 0.0476534366607666 0.08949616551399231 0.020235490053892136
v 0.05853576585650444 0.0872071236371994 0.001018201932311058
v 0.0848865807056427 0.07908062636852264 -0.016381019726395607
v 0.07320767641067505 0.08138858526945114 -0.016415851190686226
v 0.08640313893556595 0.06915363669395447 -0.029935326427221298
v 0.08496086299419403 0.059118565171957016 -0.03614478185772896
v 0.08788089454174042 0.04666202887892723 -0.029190434142947197
v 0.10585048794746399 0.024605317041277885 -0.01904829405248165
v 0.11234735697507858 0.022870909422636032 -0.017319580540060997
v 0.1290697604417801 -0.00823485292494297 -0.014354284852743149
v 0.07728146016597748 0.03073030337691307 -0.05174753814935684
v 0.07386084645986557 0.022043444216251373 -0.05389908328652382
v 0.10977637767791748 -0.0050810277462005615 -0.027703311294317245
v 0.06698425859212875 0.027128320187330246 -0.06285664439201355
v 0.05968226492404938 0.02758515626192093 -0.07823413610458374
v 0.05802972614765167 0.03045278787612915 -0.09423463046550751
v 0.06561580300331116 0.030048098415136337 -0.10689990222454071
v 0.0809461772441864 0.041349347680807114 -0.09235404431819916
v 0.08886218070983887 0.0415785126388073 -0.09274793416261673
v 0.08243019878864288 0.034000594168901443 -0.10230978578329086
v 0.08187399804592133 0.027186959981918335 -0.10787777602672577
v 0.10340893268585205 -0.0262759942561388 -0.07828471064567566
v 0.09396645426750183 -0.015209570527076721 -0.0967523604631424
v 0.093174047768116 -0.027824122458696365 -0.07200805097818375
v 0.09051106125116348 -0.02110287919640541 -0.05003562942147255
v 0.10653255879878998 -0.017473194748163223 -0.02761378139257431
v 0.08367913216352463 0.003888063132762909 -0.11062770336866379
v 0.0793885663151741 0.01980416476726532 -0.1118050292134285
v 0.5638554096221924 0.2734960615634918 0.03996513783931732
v 0.5628088116645813 0.27474406361579895 0.043378472328186035
v 0.5844715237617493 0.266653448343277 0.028145208954811096
v 0.5876670479774475 0.26716768741607666 0.026989474892616272
v 0.027282996103167534 0.04198826849460602 0.1370258778333664
v 0.03153529763221741 0.05959413945674896 0.13436706364154816
v 0.01729491725564003 0.06840302050113678 0.12543030083179474
v 0.0043999869376420975 0.07582686096429825 0.11180458217859268
v -0.0012687407433986664 0.07775556296110153 0.08632586151361465
v 0.03358215093612671 0.08846394717693329 0.038151733577251434
v 0.006563139613717794 0.08105579763650894 0.06581694632768631
v 0.016200412064790726 0.08583050221204758 0.04539383575320244
v 0.04014921188354492 0.08766134083271027 0.007097993046045303
v 0.05272224545478821 0.08289818465709686 -0.015918221324682236
v 0.08067575097084045 0.07392285764217377 -0.028900159522891045
v 0.06903735548257828 0.07583555579185486 -0.029444120824337006
v 0.08322340995073318 0.06515124440193176 -0.0372152179479599
v 0.08052818477153778 0.05485959351062775 -0.04320666193962097
v 0.08369851857423782 0.044392071664333344 -0.03661005571484566
v 0.09677159041166306 0.025359652936458588 -0.024362817406654358
v 0.1282452940940857 -0.0048049334436655045 -0.006981504149734974
v 0.07857085019350052 0.005405198782682419 -0.051879167556762695
v 0.06540475785732269 0.018958445638418198 -0.06067205220460892
v 0.08922789990901947 -0.00893823429942131 -0.0473804771900177
v 0.11812493205070496 -0.012007424607872963 -0.020059457048773766
v 0.05825546383857727 0.019757524132728577 -0.07097546011209488
v 0.0538359060883522 0.022222556173801422 -0.08653435111045837
v 0.05821581184864044 0.030768007040023804 -0.1097446084022522
v 0.06798964738845825 0.032451797276735306 -0.11072176694869995
v 0.08254942297935486 0.03648630157113075 -0.09799442440271378
v 0.0852777510881424 0.033500730991363525 -0.10109125077724457
v 0.07669245451688766 0.03818683698773384 -0.10227195173501968
v 0.07592485100030899 0.03402480483055115 -0.10503596812486649
v 0.08322039991617203 -0.004159111529588699 -0.10825353115797043
v 0.08256111294031143 -0.02111572027206421 -0.0902077853679657
v 0.08026859164237976 -0.0235629603266716 -0.0748414695262909
v 0.09446737915277481 -0.015616470947861671 -0.04010771960020065
v 0.07705813646316528 -0.01791851595044136 -0.06249161437153816
v 0.07728961110115051 0.01120554655790329 -0.11377312242984772
v 0.07542948424816132 0.027654480189085007 -0.10987745225429535
v 0.5810685753822327 0.2633035182952881 0.02745838463306427
v 0.5711471438407898 0.26728689670562744 0.03259576857089996
v 0.592358410358429 0.2532517611980438 0.023129820823669434
v 0.5911458730697632 0.2542871832847595 0.018726646900177002
v 0.01434130035340786 0.013522790744900703 0.1406734734773636
v 0.019928645342588425 0.05517344921827316 0.1326015442609787
v 0.0027103228494524956 0.06980390846729279 0.12106382101774216
v -0.009561066515743732 0.07583389431238174 0.10581725835800171
v -0.006497281603515148 0.07850228250026703 0.07563801854848862
v 0.029573742300271988 0.08859603106975555 0.02580011636018753
v 0.0014855684712529182 0.0817330852150917 0.055504415184259415
v 0.011523786000907421 0.08558984100818634 0.03248823434114456
v 0.03719406574964523 0.0777791291475296 -0.024153336882591248
v 0.029542457312345505 0.08350545167922974 -0.004546254873275757
v 0.07342496514320374 0.069280244410038 -0.037907179445028305
v 0.05632685124874115 0.07281948626041412 -0.03823665529489517
v 0.07568832486867905 0.05932936444878578 -0.04427633807063103
v 0.07405257225036621 0.050409816205501556 -0.047364573925733566
v 0.08138374984264374 0.04170946031808853 -0.043110087513923645
v 0.08812438696622849 0.024549096822738647 -0.03090260922908783
v 0.06583390384912491 0.00874437764286995 -0.06021054834127426
v 0.059448178857564926 0.012639902532100677 -0.06876888871192932
v 0.07291469722986221 -0.010067369788885117 -0.06002228334546089
v 0.05416928604245186 0.011933203786611557 -0.0805363804101944
v 0.05352463945746422 0.02430799975991249 -0.1019187942147255
v 0.0717969760298729 0.03585025668144226 -0.1074865385890007
v 0.06943066418170929 0.03672576695680618 -0.1115448921918869
v 0.07271154969930649 0.031250495463609695 -0.11113861948251724
v 0.073830246925354 0.03088921308517456 -0.11660239845514297
v 0.08178532868623734 0.03746785223484039 -0.10074513405561447
v 0.07960836589336395 0.038421403616666794 -0.1021970584988594
v 0.07489015907049179 0.03775766119360924 -0.10338327288627625
v 0.07377316802740097 0.03659265860915184 -0.10516069829463959
v 0.07701922953128815 0.0027408935129642487 -0.11186227202415466
v 0.07895716279745102 -0.010229602456092834 -0.10470724105834961
v 0.06847066432237625 -0.015269018709659576 -0.09295612573623657
v 0.06947057694196701 -0.016866615042090416 -0.08074791729450226
v 0.07332885265350342 0.021174587309360504 -0.11385345458984375
v 0.07164612412452698 0.03108472377061844 -0.11119385808706284
v 0.5925402045249939 0.2579038739204407 0.02234545350074768
v 0.5898568630218506 0.25952839851379395 0.02327573299407959
v 0.6032117605209351 0.23901265859603882 0.01718565821647644
v 0.5998567938804626 0.24243049323558807 0.01670849323272705
v -0.0026206690818071365 0.013320263475179672 0.14022769033908844
v 0.011985685676336288 0.03389814496040344 0.1373511403799057
v 0.0008665602654218674 0.05237080901861191 0.13034383952617645
v -0.009024791419506073 0.07334554195404053 0.11536778509616852
v -0.015001259744167328 0.07388679683208466 0.09647171944379807
v -0.009259723126888275 0.0774855837225914 0.0672186091542244
v 0.025314901024103165 0.08640450984239578 0.01360052265226841
v -0.0005735037848353386 0.08274584263563156 0.0404588021337986
v 0.0024337060749530792 0.0832146480679512 0.026226483285427094
v 0.018185291439294815 0.07829613238573074 -0.012050366960465908
v 0.026426691561937332 0.07271387428045273 -0.026127688586711884
v 0.06496749073266983 0.0634632408618927 -0.04509180411696434
v 0.038808636367321014 0.06839542835950851 -0.037766702473163605
v 0.06698740273714066 0.05170755460858345 -0.049139007925987244
v 0.07054130733013153 0.04166165739297867 -0.04833364114165306
v 0.07684849947690964 0.040816038846969604 -0.0473174974322319
v 0.08509686589241028 0.021943658590316772 -0.03896012157201767
v 0.05892370641231537 0.0014384649693965912 -0.07323440909385681
v 0.06438541412353516 -0.010679583996534348 -0.07656023651361465
v 0.05229915678501129 0.012949585914611816 -0.09540396183729172
v 0.06187601387500763 0.029219653457403183 -0.11440756171941757
v 0.06938605010509491 0.03634030371904373 -0.10510677099227905
v 0.07307351380586624 0.03760078176856041 -0.10581657290458679
v 0.07404239475727081 0.03867198899388313 -0.10314994305372238
v 0.06883543729782104 0.03581979125738144 -0.11463257670402527
v 0.06891945749521255 0.036313313990831375 -0.11068424582481384
v 0.07698221504688263 0.03523627668619156 -0.10359730571508408
v 0.0798848569393158 0.04228035360574722 -0.09790173918008804
v 0.08173429220914841 0.0417003408074379 -0.09854434430599213
v 0.07679859548807144 0.040898676961660385 -0.10197233408689499
v 0.0706644281744957 0.034897580742836 -0.11115531623363495
v 0.07240472733974457 0.008381392806768417 -0.11521000415086746
v 0.0715949758887291 -0.0015873275697231293 -0.11249684542417526
v 0.06857983022928238 -0.00954451784491539 -0.10481782257556915
v 0.06143497675657272 -0.009185895323753357 -0.09126581251621246
v 0.06829279661178589 0.018178172409534454 -0.11679154634475708
v 0.06628964841365814 0.024458497762680054 -0.11587575078010559
v 0.5961799621582031 0.249546080827713 0.019906118512153625
v 0.5973047018051147 0.24705488979816437 0.020301207900047302
v 0.6122517585754395 0.22802706062793732 0.012747138738632202
v 0.6088400483131409 0.23272234201431274 0.012804999947547913
v -0.019673362374305725 0.014741966500878334 0.14169231057167053
v -0.005463358946144581 0.030952150002121925 0.13629665970802307
v -0.017659656703472137 0.06393635272979736 0.12278253585100174
v -0.021599426865577698 0.07103361189365387 0.11319728940725327
v -0.015327626839280128 0.07310232520103455 0.08593443036079407
v -0.009516585618257523 0.07918723672628403 0.051958367228507996
v 0.010543663054704666 0.08316422253847122 0.008870014920830727
v -0.010872072540223598 0.08052031695842743 0.03315286338329315
v -0.0016345372423529625 0.08098602294921875 0.01598569005727768
v 0.011413426138460636 0.07064489275217056 -0.02073998749256134
v 0.0232602059841156 0.06564973294734955 -0.033801525831222534
v 0.05032573267817497 0.060947004705667496 -0.049405377358198166
v 0.035828590393066406 0.06066850572824478 -0.041574858129024506
v 0.0573870912194252 0.04622349143028259 -0.05016135424375534
v 0.06108202040195465 0.03611243888735771 -0.04561977460980415
v 0.0724179744720459 0.030025146901607513 -0.044677577912807465
v 0.07869070768356323 0.025528626516461372 -0.04402764141559601
v 0.05506192520260811 0.0020642653107643127 -0.08774421364068985
v 0.05547304451465607 0.0018536671996116638 -0.10129175335168839
v 0.05609697103500366 0.01535947248339653 -0.11105286329984665
v 0.07234130054712296 0.044047918170690536 -0.10254770517349243
v 0.06861905753612518 0.040414173156023026 -0.10595332831144333
v 0.060126177966594696 0.041907574981451035 -0.10562495142221451
v 0.06157336384057999 0.04227732494473457 -0.11067824065685272
v 0.07573448866605759 0.04001912847161293 -0.10599413514137268
v 0.07467702776193619 0.04352564737200737 -0.10031646490097046
v 0.07799169421195984 0.0450877919793129 -0.09802009165287018
v 0.0785951316356659 0.04065674543380737 -0.1017693430185318
v 0.06661278009414673 0.006949767470359802 -0.11498957127332687
v 0.06360842287540436 0.00010110810399055481 -0.11233139038085938
v 0.06133921444416046 -0.006425078958272934 -0.10296349227428436
v 0.0630297064781189 0.011750910431146622 -0.11600743234157562
v 0.6100071668624878 0.23133419454097748 0.011616423726081848
v 0.6097150444984436 0.2319316416978836 0.011116310954093933
v 0.6187636852264404 0.22340692579746246 0.006897047162055969
v 0.6197928786277771 0.21914057433605194 0.007959112524986267
v -0.027207275852560997 -0.0004672044888138771 0.14545246958732605
v -0.021391544491052628 0.04225330054759979 0.1318197250366211
v -0.029270797967910767 0.05786281079053879 0.1241215169429779
v -0.026249293237924576 0.06703326851129532 0.10950489342212677
v -0.017865218222141266 0.07365493476390839 0.06962750107049942
v -0.019488651305437088 0.07681513577699661 0.048278626054525375
v -0.0001171007752418518 0.07699590921401978 -0.001799916848540306
v -0.023425918072462082 0.07697000354528427 0.03160145878791809
v -0.01613369956612587 0.07728689163923264 0.012686301954090595
v 0.008148463442921638 0.06361064314842224 -0.02542036585509777
v 0.01548224501311779 0.07218156009912491 -0.035514723509550095
v 0.04515310004353523 0.052239641547203064 -0.04691370204091072
v 0.0245860256254673 0.07267240434885025 -0.044186417013406754
v 0.056082308292388916 0.03155812993645668 -0.03862651064991951
v 0.05162489414215088 0.04071503505110741 -0.04492725431919098
v 0.06272190064191818 0.02078460156917572 -0.04026865214109421
v 0.07141728699207306 0.011346817947924137 -0.04194042086601257
v 0.058608874678611755 0.0043709538877010345 -0.11051966995000839
v 0.06733435392379761 0.0468878410756588 -0.10366109758615494
v 0.06445029377937317 0.04431775584816933 -0.10768706351518631
v 0.06466116011142731 0.045797113329172134 -0.10025356709957123
v 0.05475383996963501 0.04737164452672005 -0.1074918881058693
v 0.049998484551906586 0.054045189172029495 -0.10020241886377335
v 0.06784848868846893 0.050162602216005325 -0.09600229561328888
v 0.0716952532529831 0.05105028301477432 -0.09530135989189148
v 0.07312960922718048 0.04643114656209946 -0.10182181745767593
v 0.07876700162887573 0.0442863404750824 -0.10023882240056992
v 0.6200793981552124 0.2196204662322998 0.004885122179985046
v 0.6216635704040527 0.22210490703582764 0.0012607872486114502
v -0.04362094774842262 0.006512314081192017 0.14807307720184326
v -0.02362474426627159 0.030369888991117477 0.13305242359638214
v -0.02895994484424591 0.05029935762286186 0.12238940596580505
v -0.026074640452861786 0.0669451579451561 0.09305395185947418
v -0.026348184794187546 0.07244525849819183 0.057460006326436996
v -0.030059093609452248 0.07519559562206268 0.04359165206551552
v -0.01138557679951191 0.07179824262857437 -0.002588297240436077
v -0.028510354459285736 0.07414617389440536 0.018066763877868652
v -0.023957883939146996 0.07010107487440109 0.003234565258026123
v -0.0018170550465583801 0.06759282201528549 -0.013062501326203346
v 0.005053102970123291 0.07693968713283539 -0.03701359033584595
v -0.005901245400309563 0.07161226123571396 -0.0257846899330616
v 0.034378066658973694 0.06583146750926971 -0.048307936638593674
v 0.011883086524903774 0.08360470086336136 -0.04285667464137077
v 0.05896363779902458 0.01978307217359543 -0.036070823669433594
v 0.04754352942109108 0.045551594346761703 -0.04273299500346184
v 0.05162183940410614 0.033579450100660324 -0.037787728011608124
v 0.0635291114449501 0.0029709627851843834 -0.03662153705954552
v 0.0658072754740715 0.05010852590203285 -0.10492876172065735
v 0.06050300598144531 0.050097037106752396 -0.11143091320991516
v 0.04899344593286514 0.05851791799068451 -0.1040470227599144
v 0.043238379061222076 0.07018326222896576 -0.09452186524868011
v 0.07264865934848785 0.05658542364835739 -0.09512930363416672
v 0.06607925891876221 0.05542559549212456 -0.08997613191604614
v 0.07573133707046509 0.04984605684876442 -0.09939426183700562
v 0.06969945132732391 0.049416642636060715 -0.10305391252040863
v 0.6307125091552734 0.2131832391023636 -0.0023623108863830566
v 0.6339138150215149 0.21477672457695007 -0.0078621506690979
v 0.6305737495422363 0.20934075117111206 -0.0012933909893035889
v 0.6368370652198792 0.21666601300239563 -0.008171230554580688
v -0.037577059119939804 0.028043830767273903 0.13669824600219727
v -0.055235814303159714 0.003808976151049137 0.15289872884750366
v -0.03782743215560913 0.04496855288743973 0.11941379308700562
v -0.030115678906440735 0.05876772850751877 0.10934180021286011
v -0.028684789314866066 0.06606370955705643 0.07392485439777374
v -0.03742733225226402 0.07019905745983124 0.05656038597226143
v -0.04442713409662247 0.07368332892656326 0.03921596333384514
v -0.03723714128136635 0.07406730204820633 0.027978338301181793
v -0.015577415004372597 0.06445591896772385 -0.009641895070672035
v -0.04039269685745239 0.0687570720911026 0.010375282727181911
v -0.028999218717217445 0.061970412731170654 -0.00550774484872818
v -0.004156323149800301 0.05950700119137764 -0.019639013335108757
v -0.017244413495063782 0.07225856184959412 -0.03518266603350639
v -0.0185556523501873 0.06602124869823456 -0.0234413743019104
v 0.02007761225104332 0.08162051439285278 -0.050613872706890106
v -0.007311232388019562 0.08535778522491455 -0.04059622436761856
v 0.05595162510871887 0.018445709720253944 -0.0325249545276165
v 0.058970287442207336 0.00966406986117363 -0.034449514001607895
v 0.0298138540238142 0.07195853441953659 -0.0540323331952095
v 0.0432722344994545 0.04502195864915848 -0.051664307713508606
v 0.06462140381336212 0.053056713193655014 -0.10888245701789856
v 0.054060593247413635 0.05902097746729851 -0.11104176193475723
v 0.05964988097548485 0.054019030183553696 -0.09221124649047852
v 0.04937698319554329 0.06257154047489166 -0.08669348061084747
v 0.05702632665634155 0.052127618342638016 -0.09669922292232513
v 0.07329500466585159 0.05681963637471199 -0.10216466337442398
v 0.06552093476057053 0.06566719710826874 -0.08575671166181564
v 0.07177744805812836 0.06492595374584198 -0.09281981736421585
v 0.06958204507827759 0.056156378239393234 -0.10604178160429001
v 0.6428003311157227 0.204730823636055 -0.006083697080612183
v 0.6442428231239319 0.20681080222129822 -0.011002570390701294
v 0.6527711749076843 0.20829647779464722 -0.011712491512298584
v 0.6423227190971375 0.20732218027114868 -0.005616337060928345
v -0.05441094934940338 0.02743377722799778 0.14306490123271942
v -0.06222691386938095 0.0036738947965204716 0.14766457676887512
v -0.046714574098587036 0.049373555928468704 0.10336761921644211
v -0.034242093563079834 0.05963263288140297 0.09567303955554962
v -0.04181015491485596 0.06447857618331909 0.07461090385913849
v -0.051502395421266556 0.06936393678188324 0.053053032606840134
v -0.057018935680389404 0.0712125226855278 0.033550310879945755
v -0.051594413816928864 0.07120560854673386 0.021906999871134758
v -0.017688553780317307 0.05805078148841858 -0.013893303461372852
v -0.048330917954444885 0.057441454380750656 -0.0020325034856796265
v -0.058942317962646484 0.06289159506559372 0.0072510819882154465
v -0.023163624107837677 0.062880739569664 -0.01638570800423622
v -0.023161811754107475 0.08189751952886581 -0.04128112643957138
v -0.009934712201356888 0.09082969278097153 -0.04987674206495285
v 0.05420469120144844 0.013851246796548367 -0.036891475319862366
v 0.05802972614765167 -0.0004417700693011284 -0.03153863549232483
v 0.021327003836631775 0.07469983398914337 -0.05811144411563873
v 0.028554469347000122 0.05657748878002167 -0.05902334302663803
v 0.06485676020383835 0.062458205968141556 -0.11512837558984756
v 0.056162796914577484 0.0772668868303299 -0.11808668822050095
v 0.045562200248241425 0.07241357862949371 -0.10694620013237
v 0.057341866195201874 0.06237182766199112 -0.08368870615959167
v 0.03751540556550026 0.08578303456306458 -0.0947597324848175
v 0.041286490857601166 0.08076108992099762 -0.08086978644132614
v 0.07475697249174118 0.06445799767971039 -0.1025119349360466
v 0.06218884140253067 0.07526563107967377 -0.07900169491767883
v 0.07124625146389008 0.0751367062330246 -0.08740650117397308
v 0.07237008959054947 0.06530648469924927 -0.11059970408678055
v 0.6570218205451965 0.20184457302093506 -0.012779325246810913
v 0.6528978943824768 0.19750052690505981 -0.014292359352111816
v 0.6561768054962158 0.20364458858966827 -0.017745748162269592
v 0.6586665511131287 0.20233483612537384 -0.01219300925731659
v -0.06373486667871475 0.019818097352981567 0.1351846158504486
v -0.07355798780918121 0.0003642076626420021 0.13399836421012878
v -0.05759891867637634 0.045958876609802246 0.09859073162078857
v -0.046038296073675156 0.05767764523625374 0.08786268532276154
v -0.049675457179546356 0.06496784090995789 0.06870678067207336
v -0.06548485159873962 0.06582494080066681 0.043378379195928574
v -0.07792128622531891 0.06355148553848267 0.029273761436343193
v -0.0666096955537796 0.06555207073688507 0.019365258514881134
v -0.03130156919360161 0.05284608155488968 -0.011590281501412392
v -0.0739385336637497 0.05986964330077171 0.0056112417951226234
v -0.0668068528175354 0.05523953586816788 -0.0027341358363628387
v -0.03467966243624687 0.05369152873754501 -0.012927236035466194
v -0.035734254866838455 0.05608576536178589 -0.021967066451907158
v 0.013610456138849258 0.08552210032939911 -0.05413523316383362
v -0.03886745870113373 0.06826262921094894 -0.033344440162181854
v -0.024289358407258987 0.09148528426885605 -0.04785946011543274
v -0.017980726435780525 0.10279660671949387 -0.05873125046491623
v 0.0051759034395217896 0.08734758198261261 -0.04949222505092621
v 0.0009976085275411606 0.09364953637123108 -0.06089053303003311
v 0.059949710965156555 -0.00067861657589674 -0.03169024735689163
v 0.04497813060879707 0.03386887535452843 -0.04910670593380928
v 0.018855689093470573 0.06488663703203201 -0.07029509544372559
v 0.02345990017056465 0.04814905673265457 -0.06663518399000168
v 0.06938691437244415 0.08061511814594269 -0.11828067153692245
v 0.061601147055625916 0.10213950276374817 -0.12209092825651169
v 0.0427984893321991 0.09066441655158997 -0.11098461598157883
v 0.0507059171795845 0.07595525681972504 -0.07636310160160065
v 0.033911608159542084 0.10468423366546631 -0.09821612387895584
v 0.036026742309331894 0.0984567254781723 -0.07860583066940308
v 0.07637621462345123 0.07597154378890991 -0.09805005043745041
v 0.07703399658203125 0.0777297168970108 -0.10996215790510178
v 0.6659759283065796 0.191787987947464 -0.02775248885154724
v 0.6679744124412537 0.18864554166793823 -0.02196529507637024
v 0.6716002225875854 0.1985626369714737 -0.027528226375579834
v 0.6731787323951721 0.20123779773712158 -0.021178141236305237
v -0.07664622366428375 0.015035323798656464 0.12474018335342407
v -0.07382508367300034 -0.00624197768047452 0.1310344934463501
v -0.05485910177230835 0.03585250675678253 0.11710752546787262
v -0.06909159570932388 0.033061232417821884 0.10924245417118073
v -0.06724385172128677 0.04211902245879173 0.08406487107276917
v -0.05723114684224129 0.05603668838739395 0.07671590894460678
v -0.05802273750305176 0.06346279382705688 0.05954207479953766
v -0.08248396217823029 0.06104493886232376 0.03856208175420761
v -0.08752883970737457 0.06073588877916336 0.020878341048955917
v -0.0824705958366394 0.061633311212062836 0.015300225466489792
v -0.0597662478685379 0.05033709108829498 -0.009049811400473118
v -0.08912520855665207 0.05719669535756111 0.003330155275762081
v -0.08164726197719574 0.056274257600307465 -0.002593827899545431
v -0.05210654065012932 0.04800428822636604 -0.005092765670269728
v -0.05248048156499863 0.04416568577289581 -0.014372671954333782
v 0.012875083833932877 0.08174137026071548 -0.06597522646188736
v -0.04844193905591965 0.054793573915958405 -0.025748085230588913
v -0.04029014706611633 0.08355583995580673 -0.04101113975048065
v -0.03523901104927063 0.10312024503946304 -0.053596220910549164
v -0.03270530700683594 0.11294668912887573 -0.0645449161529541
v -0.009168896824121475 0.10259035229682922 -0.07077617198228836
v 0.05259057506918907 0.008057821542024612 -0.0338515006005764
v 0.03545558080077171 0.03676321357488632 -0.050108686089515686
v 0.015854399651288986 0.05413166806101799 -0.07797607034444809
v 0.016742713749408722 0.03743065893650055 -0.07398039847612381
v 0.07572498917579651 0.09471241384744644 -0.11652631312608719
v 0.04492399841547012 0.11349628865718842 -0.11352841556072235
v 0.06140892952680588 0.12511104345321655 -0.11947260797023773
v 0.04569125920534134 0.09373645484447479 -0.06957432627677917
v 0.058616142719984055 0.0887267142534256 -0.071451336145401
v 0.03674634173512459 0.12847211956977844 -0.09886598587036133
v 0.03216606378555298 0.12391802668571472 -0.07457281649112701
v 0.07049538940191269 0.08774492144584656 -0.07834891229867935
v 0.07631619274616241 0.08441708981990814 -0.09019307792186737
v 0.07972109317779541 0.08971281349658966 -0.10210652649402618
v 0.6778538823127747 0.18253114819526672 -0.03399641811847687
v 0.6836230754852295 0.19063520431518555 -0.037889569997787476
v 0.6905623078346252 0.19340389966964722 -0.03357115387916565
v 0.6793919205665588 0.1899193376302719 -0.027394622564315796
v -0.07959828525781631 0.009647779166698456 0.11724887043237686
v -0.08324815332889557 0.0 0.12156414985656738
v -0.08113165199756622 0.0254491176456213 0.09394551068544388
v -0.08182436227798462 0.039252832531929016 0.06908220052719116
v -0.06746290624141693 0.05137953907251358 0.0648687407374382
v -0.07410290837287903 0.060411542654037476 0.04804679751396179
v -0.09233763813972473 0.05902078375220299 0.029851751402020454
v -0.09703506529331207 0.058386437594890594 0.01680733822286129
v -0.09211362153291702 0.05825568363070488 0.010243894532322884
v -0.07784207165241241 0.050830356776714325 -0.011190416291356087
v -0.07567595690488815 0.053185295313596725 -0.008531654253602028
v -0.09577980637550354 0.05450078845024109 0.00026161764981225133
v -0.09365561604499817 0.05367935448884964 -0.0037957141175866127
v -0.06868615746498108 0.04363972321152687 -0.00956170167773962
v -0.0613279864192009 0.03981604054570198 -0.020153149962425232
v 0.008664102293550968 0.07598624378442764 -0.0835413932800293
v -0.058138441294431686 0.06735832244157791 -0.03668221831321716
v -0.060666315257549286 0.048133041709661484 -0.03248061239719391
v -0.04445701837539673 0.11551175266504288 -0.06866767257452011
v -0.04604099318385124 0.11360210925340652 -0.06015218049287796
v -0.024346981197595596 0.11257809400558472 -0.07260286808013916
v -6.356276571750641e-05 0.09493475407361984 -0.07728127390146255
v 0.04435935616493225 0.021063407883048058 -0.041178468614816666
v 0.02453557774424553 0.031531210988759995 -0.05996709689497948
v 0.011136330664157867 0.022952547296881676 -0.07338114082813263
v 0.00598476268351078 0.04063642397522926 -0.08768275380134583
v 0.07585664093494415 0.11581988632678986 -0.1187903881072998
v 0.0618647038936615 0.1410788744688034 -0.11324679106473923
v 0.04825517535209656 0.13450632989406586 -0.11014330387115479
v 0.056121643632650375 0.10794591903686523 -0.0615953728556633
v 0.04105522483587265 0.11498862504959106 -0.061656683683395386
v 0.03421124070882797 0.14093077182769775 -0.08469050377607346
v 0.03330986201763153 0.14426645636558533 -0.06546240299940109
v 0.07949910312891006 0.09875823557376862 -0.08286888897418976
v 0.06728804111480713 0.09860540926456451 -0.06963753700256348
v 0.0839480608701706 0.10814730823040009 -0.10495640337467194
v 0.6903085112571716 0.1846148818731308 -0.03903183341026306
v 0.6977804899215698 0.18233491480350494 -0.043109774589538574
v 0.6919800639152527 0.18762189149856567 -0.03609253466129303
v 0.6975868344306946 0.1847185641527176 -0.03468143939971924
v -0.08300885558128357 0.004802386742085218 0.11635628342628479
v -0.08598750829696655 0.025754719972610474 0.08203653991222382
v -0.08907262980937958 0.04521200805902481 0.061360664665699005
v -0.08551738411188126 0.05105975270271301 0.05781444162130356
v -0.09874100238084793 0.05750788748264313 0.0458303838968277
v -0.10265874862670898 0.056569259613752365 0.020674539729952812
v -0.08988388627767563 0.05334780365228653 -0.008199024945497513
v -0.09231214225292206 0.0546858124434948 -0.022451242431998253
v -0.10002265870571136 0.05554938316345215 0.00597830954939127
v -0.10089553892612457 0.049968745559453964 -0.011808269657194614
v -0.10203441232442856 0.04992575943470001 -0.007372044958174229
v -0.08234240114688873 0.04907611012458801 -0.024925822392106056
v -0.0726524144411087 0.04376865550875664 -0.029157554730772972
v -0.001873040571808815 0.06821602582931519 -0.09911841154098511
v -0.06608876585960388 0.06129680946469307 -0.04224773868918419
v -0.054616641253232956 0.09829436987638474 -0.04995926097035408
v -0.06506696343421936 0.0894809439778328 -0.0500294491648674
v -0.03648299351334572 0.11622019857168198 -0.07813790440559387
v 0.04697310924530029 0.005325439386069775 -0.02909872867166996
v 0.03934571146965027 0.01759307086467743 -0.03693312406539917
v 0.020053483545780182 0.017662381753325462 -0.05937826260924339
v -0.0014634300023317337 0.02651558816432953 -0.08506946265697479
v -0.016319341957569122 0.042007651180028915 -0.09965626150369644
v 0.07736849784851074 0.13854195177555084 -0.11492134630680084
v 0.05559251457452774 0.15318563580513 -0.10604186356067657
v 0.07001012563705444 0.152441143989563 -0.10883346199989319
v 0.0705624595284462 0.11369991302490234 -0.06320008635520935
v 0.03880445659160614 0.13346458971500397 -0.05477195978164673
v 0.05287114158272743 0.1327836513519287 -0.04642657935619354
v 0.04155392944812775 0.14764639735221863 -0.09819331765174866
v 0.0347442664206028 0.16030915081501007 -0.05882290378212929
v 0.03549330309033394 0.15900519490242004 -0.07744664698839188
v 0.08447550982236862 0.11858145892620087 -0.08170730620622635
v 0.08625560998916626 0.1274152398109436 -0.1041945219039917
v 0.7000517845153809 0.18492276966571808 -0.0434589684009552
v 0.7061277031898499 0.17724736034870148 -0.0424351692199707
v 0.7085651755332947 0.177987739443779 -0.03902570903301239
v 0.7079049348831177 0.18529708683490753 -0.04481339454650879
v -0.09926224499940872 0.0028723874129354954 0.10712239146232605
v -0.08494912087917328 0.017841318622231483 0.0991341844201088
v -0.08610059320926666 0.0241429153829813 0.06343215703964233
v -0.1054188683629036 0.04007968306541443 0.06478831171989441
v -0.09967121481895447 0.05175170302391052 0.05866749584674835
v -0.11491770297288895 0.054516296833753586 0.036301299929618835
v -0.12035529315471649 0.052904143929481506 0.02304844744503498
v -0.1096135750412941 0.05364776775240898 0.010166166350245476
v -0.10462796688079834 0.05279494822025299 -0.0011832071468234062
v -0.10381288081407547 0.05592598021030426 -0.019059481099247932
v -0.11021559685468674 0.06714609265327454 -0.02752062864601612
v -0.10020534694194794 0.060657527297735214 -0.032166168093681335
v -0.09105927497148514 0.0550362765789032 -0.03350657597184181
v -0.028466904535889626 0.068071648478508 -0.10730288177728653
v -0.009058868512511253 0.09456085413694382 -0.09464654326438904
v -0.06928560137748718 0.08027109503746033 -0.051973145455121994
v -0.06796354800462723 0.03414202481508255 -0.02529582567512989
v -0.03294636681675911 0.10997190326452255 -0.09420590102672577
v -0.0172779131680727 0.10920749604701996 -0.08223384618759155
v -0.05845705047249794 0.11335742473602295 -0.06828128546476364
v -0.05401415377855301 0.11426316946744919 -0.07951059937477112
v -0.057438887655735016 0.10474830865859985 -0.0633174479007721
v -0.05590847134590149 0.11149583011865616 -0.06537842005491257
v 0.04477960243821144 0.0014374270103871822 -0.023897523060441017
v 0.034025922417640686 0.005776933394372463 -0.03549495339393616
v 0.012637607753276825 0.006259874440729618 -0.046889934688806534
v -0.00031593814492225647 0.012975509278476238 -0.0714821144938469
v -0.013499615713953972 0.02529872953891754 -0.0838393121957779
v -0.030573921278119087 0.03285541012883186 -0.08802024275064468
v 0.07947085052728653 0.15344959497451782 -0.10340909659862518
v 0.08103066682815552 0.16925592720508575 -0.09569241106510162
v 0.06588277965784073 0.16895700991153717 -0.0989014133810997
v 0.07411402463912964 0.13265351951122284 -0.058516453951597214
v 0.04972045123577118 0.14950640499591827 -0.03964416682720184
v 0.03760245442390442 0.15368828177452087 -0.048360347747802734
v 0.04810560494661331 0.16599327325820923 -0.0917351245880127
v 0.04346312955021858 0.1765475869178772 -0.07662449032068253
v 0.03749692440032959 0.17078852653503418 -0.0635358989238739
v 0.08664100617170334 0.13830630481243134 -0.07971404492855072
v 0.08636198192834854 0.14547373354434967 -0.09714768081903458
v 0.7199223637580872 0.1731054037809372 -0.042623504996299744
v 0.7153724431991577 0.19439885020256042 -0.04228466749191284
v 0.7087487578392029 0.17844271659851074 -0.045762673020362854
v 0.7077730894088745 0.18751117587089539 -0.04749619960784912
v -0.12260060012340546 0.007885079830884933 0.10255119949579239
v -0.09322004020214081 0.017502373084425926 0.09202761203050613
v -0.08908618986606598 0.0228181853890419 0.07790186256170273
v -0.08281319588422775 0.02120266482234001 0.05502142012119293
v -0.07991501688957214 0.024622861295938492 0.04117795079946518
v -0.09067604690790176 0.02440710738301277 0.05355903506278992
v -0.11681897938251495 0.041065704077482224 0.06875234842300415
v -0.11653317511081696 0.05098094418644905 0.05609436705708504
v -0.13874474167823792 0.04663275182247162 0.03114364482462406
v -0.1266835629940033 0.048289425671100616 0.015120080672204494
v -0.11423184722661972 0.048424337059259415 -0.002640289720147848
v -0.10972453653812408 0.04640718922019005 -0.009231767617166042
v -0.1093592643737793 0.04343210905790329 -0.016341453418135643
v -0.11996841430664062 0.06666943430900574 -0.021611368283629417
v -0.12052083015441895 0.05467637628316879 -0.020631512627005577
v -0.12432901561260223 0.08131653815507889 -0.029907774180173874
v -0.1129990816116333 0.07534033805131912 -0.03331952169537544
v -0.10661225020885468 0.07013093680143356 -0.039144426584243774
v -0.09038934111595154 0.055951736867427826 -0.036813437938690186
v -0.07514111697673798 0.045628659427165985 -0.03582001477479935
v -0.06529490649700165 0.04303150624036789 -0.02495039626955986
v -0.029122833162546158 0.09308110177516937 -0.10656345635652542
v -0.041856549680233 0.054303932934999466 -0.09872293472290039
v -0.06896337866783142 0.04166579991579056 -0.03446539118885994
v -0.07045887410640717 0.08121997117996216 -0.06046263128519058
v -0.06559532135725021 0.09637847542762756 -0.058786869049072266
v -0.06545449793338776 0.05860736966133118 -0.04515727609395981
v -0.06718046963214874 0.04136814549565315 -0.026881255209445953
v -0.048346295952796936 0.10382220149040222 -0.09608279168605804
v -0.0603676363825798 0.10865069925785065 -0.0690506100654602
v -0.05997180938720703 0.10342039912939072 -0.08053165674209595
v -0.06236262992024422 0.11552928388118744 -0.05995193123817444
v -0.059409838169813156 0.11194449663162231 -0.06575924158096313
v -0.058488164097070694 0.1113809198141098 -0.06315694004297256
v 0.044197048991918564 -0.0059186555445194244 -0.014445003122091293
v 0.02438456192612648 -0.0016088609118014574 -0.023603346198797226
v -0.014623403549194336 0.010343714617192745 -0.05187751725316048
v 0.0014538178220391273 0.0037263589911162853 -0.02655494399368763
v -0.025621645152568817 0.020499337464571 -0.07128828763961792
v -0.0430372878909111 0.03518162667751312 -0.07745072990655899
v 0.08579578995704651 0.1585686206817627 -0.09057758748531342
v 0.08647678792476654 0.1830226182937622 -0.08040212094783783
v 0.07402452826499939 0.18123887479305267 -0.08853910118341446
v 0.06372438371181488 0.14844241738319397 -0.041646264493465424
v 0.04558435082435608 0.16607701778411865 -0.036116860806941986
v 0.03867562115192413 0.17081624269485474 -0.04737172648310661
v 0.05845732241868973 0.18024174869060516 -0.08732852339744568
v 0.0552615188062191 0.1860235333442688 -0.07583100348711014
v 0.04497908428311348 0.18295331299304962 -0.060143109411001205
v 0.07984556257724762 0.15122225880622864 -0.05730140954256058
v 0.08701293170452118 0.15546581149101257 -0.07721418887376785
v 0.7123450040817261 0.18654218316078186 -0.04016105830669403
v 0.7171263098716736 0.18033252656459808 -0.04193742573261261
v 0.7083983421325684 0.1883436143398285 -0.044738635420799255
v 0.7121297717094421 0.1779482662677765 -0.048083677887916565
v -0.16053536534309387 0.014041008427739143 0.07829650491476059
v -0.10547511279582977 0.021226735785603523 0.08840707689523697
v -0.08883701264858246 0.022964566946029663 0.07397370785474777
v -0.10734972357749939 0.03276506066322327 0.07637675851583481
v -0.13382086157798767 0.043710023164749146 0.06278669089078903
v -0.13569408655166626 0.047914162278175354 0.048529889434576035
v -0.14203676581382751 0.040566060692071915 0.023444462567567825
v -0.15419623255729675 0.041419509798288345 0.04255116358399391
v -0.11450865119695663 0.04192531481385231 -0.012662308290600777
v -0.11475643515586853 0.03924218565225601 -0.016984261572360992
v -0.13749194145202637 0.07482150197029114 -0.02286960557103157
v -0.13046763837337494 0.08274979889392853 -0.025231773033738136
v -0.13932180404663086 0.09771645069122314 -0.0310564823448658
v -0.12607090175151825 0.09209376573562622 -0.037008654326200485
v -0.12215318530797958 0.0930989608168602 -0.04786449670791626
v -0.10025440901517868 0.06283698976039886 -0.04257732257246971
v -0.08824914693832397 0.04952327907085419 -0.036706842482089996
v -0.08403148502111435 0.050455208867788315 -0.030861523002386093
v -0.06865613162517548 0.04659097641706467 -0.02997228503227234
v -0.05698072165250778 0.058983515948057175 -0.08216293901205063
v -0.06647828221321106 0.08670637756586075 -0.07224873453378677
v -0.06614262610673904 0.09778667986392975 -0.07300477474927902
v -0.056606143712997437 0.1029508113861084 -0.0653611421585083
v -0.06432118266820908 0.05892022326588631 -0.05302565544843674
v -0.06499142944812775 0.03995838016271591 -0.02582988515496254
v -0.062084827572107315 0.04587683081626892 -0.03302130848169327
v -0.06964054703712463 0.043896906077861786 -0.024330854415893555
v -0.06740880012512207 0.03711724653840065 -0.02439497597515583
v -0.05931595712900162 0.0974007323384285 -0.088572658598423
v -0.0440998375415802 0.0857255756855011 -0.10269497334957123
v -0.06474693864583969 0.11257708072662354 -0.06397747248411179
v -0.059244733303785324 0.1016969382762909 -0.0695515051484108
v -0.06683349609375 0.11802386492490768 -0.06281732767820358
v -0.062074676156044006 0.0997534692287445 -0.06728295981884003
v -0.06539745628833771 0.10965675115585327 -0.056359726935625076
v -0.06934815645217896 0.11374005675315857 -0.06194498389959335
v 0.027269229292869568 -0.005041488446295261 0.004042661748826504
v 0.01090884767472744 -0.0006579288747161627 0.0001249108463525772
v -0.010055730119347572 0.005709562450647354 -0.00513014942407608
v -0.02450808882713318 0.01331380382180214 -0.026336852461099625
v -0.0413423627614975 0.02381548285484314 -0.04858040064573288
v -0.05808733403682709 0.04116591066122055 -0.05494334176182747
v 0.0885571762919426 0.17129801213741302 -0.07566191256046295
v 0.0892360582947731 0.19767826795578003 -0.06459841877222061
v 0.08474772423505783 0.19790402054786682 -0.07496265321969986
v 0.05945228412747383 0.16554637253284454 -0.03186468780040741
v 0.04523863270878792 0.18351222574710846 -0.04138585925102234
v 0.053341761231422424 0.17966635525226593 -0.03073097951710224
v 0.07141610980033875 0.1917564570903778 -0.08194951713085175
v 0.06232986971735954 0.19506768882274628 -0.06524668633937836
v 0.05341840907931328 0.19937928020954132 -0.04763944447040558
v 0.0763777419924736 0.1644919067621231 -0.04443074390292168
v 0.08392492681741714 0.16475404798984528 -0.059059012681245804
v 0.7131822109222412 0.18764406442642212 -0.03915888071060181
v 0.7140293121337891 0.18584465980529785 -0.04435521364212036
v 0.7139301896095276 0.18073999881744385 -0.04313720762729645
v 0.7141154408454895 0.1857900619506836 -0.04902401566505432
v -0.19168882071971893 0.005552862770855427 0.0665309876203537
v -0.09585616737604141 0.030891207978129387 0.06715723872184753
v -0.07125085592269897 0.026807354763150215 0.06122473627328873
v -0.06789803504943848 0.00038912147283554077 0.04970691353082657
v -0.1333586722612381 0.03404516726732254 0.07383756339550018
v -0.055677711963653564 0.010040398687124252 0.054723694920539856
v -0.15959198772907257 0.036429163068532944 0.05868593603372574
v -0.15740345418453217 0.03865028917789459 0.029418377205729485
v -0.15309666097164154 0.03224401921033859 0.017188355326652527
v -0.1250297725200653 0.037942636758089066 -0.0004225812153890729
v -0.1285172998905182 0.03828855976462364 -0.019409146159887314
v -0.15237878262996674 0.09439371526241302 -0.02390201762318611
v -0.145761638879776 0.09811472147703171 -0.026711054146289825
v -0.14153754711151123 0.1089172437787056 -0.04311252385377884
v -0.14553700387477875 0.10624902695417404 -0.034603506326675415
v -0.10968928039073944 0.07806532084941864 -0.05087124928832054
v -0.0972626581788063 0.05645067244768143 -0.04496417194604874
v -0.08730291575193405 0.03796258568763733 -0.03148288279771805
v -0.07974497228860855 0.047896675765514374 -0.02754691243171692
v -0.07840591669082642 0.056067198514938354 -0.022842509672045708
v -0.05500190332531929 0.0787845253944397 -0.09229084849357605
v -0.06368997693061829 0.08751682192087173 -0.08084627985954285
v -0.06685081124305725 0.06938691437244415 -0.06708312034606934
v -0.05998783931136131 0.04630839824676514 -0.04240374267101288
v -0.07508451491594315 0.04027222469449043 -0.021700367331504822
v -0.06240759789943695 0.03967675566673279 -0.023644201457500458
v -0.06927378475666046 0.1162472516298294 -0.06423192471265793
v -0.06081925705075264 0.1080816239118576 -0.06715945899486542
v -0.07406777143478394 0.11834871023893356 -0.05774388462305069
v -0.0648936778306961 0.10836873203516006 -0.05588402599096298
v -0.07128563523292542 0.1166224256157875 -0.042001958936452866
v -0.07305951416492462 0.11827355623245239 -0.05121108517050743
v 0.0021396931260824203 -0.0034508591052144766 0.03489774465560913
v -0.005347264930605888 -0.00018382538110017776 0.015592141076922417
v -0.02947954833507538 0.01278508547693491 -0.0031892824918031693
v -0.021209461614489555 0.007115254178643227 0.011538151651620865
v -0.05382891371846199 0.029950562864542007 -0.03366434574127197
v -0.0491786003112793 0.02327757142484188 -0.01593668758869171
v 0.09069842100143433 0.18980157375335693 -0.06030461937189102
v 0.09080609679222107 0.20699851214885712 -0.06907463818788528
v 0.08996280282735825 0.20514264702796936 -0.06131235510110855
v 0.06289620697498322 0.1810370683670044 -0.027590792626142502
v 0.053613774478435516 0.19830656051635742 -0.03236020356416702
v 0.05840100347995758 0.19237275421619415 -0.026638232171535492
v 0.07862918078899384 0.20633579790592194 -0.0725882351398468
v 0.0646047443151474 0.21333596110343933 -0.05408671498298645
v 0.057609234005212784 0.21249426901340485 -0.03802280128002167
v 0.07540331780910492 0.17599649727344513 -0.03650509938597679
v 0.08607510477304459 0.176315039396286 -0.0514136403799057
v 0.7134336233139038 0.1972590535879135 -0.05118514597415924
v 0.705463707447052 0.19931727647781372 -0.043024942278862
v 0.7145984172821045 0.19016683101654053 -0.05012205243110657
v 0.715873658657074 0.1891230195760727 -0.04758100211620331
v -0.18551307916641235 0.009690585546195507 0.0656459778547287
v -0.1880294233560562 0.021167155355215073 0.05803157761693001
v -0.12582294642925262 0.02268945798277855 0.08946309983730316
v -0.05931881070137024 0.040458355098962784 0.11312492936849594
v -0.16340981423854828 0.03613758459687233 0.04690518230199814
v -0.1818404495716095 0.032546237111091614 0.03458818048238754
v -0.14488330483436584 0.026590527966618538 0.002206185832619667
v -0.11952752619981766 0.025195874273777008 -0.013233842328190804
v -0.11432429403066635 0.03299589827656746 -0.02166146971285343
v -0.1428583562374115 0.060570620000362396 -0.024723103269934654
v -0.16929954290390015 0.11134912818670273 -0.026044312864542007
v -0.17296701669692993 0.102645643055439 -0.02382538467645645
v -0.16364888846874237 0.08239313960075378 -0.02354370430111885
v -0.15577146410942078 0.1091219112277031 -0.03035140410065651
v -0.16231772303581238 0.1166444644331932 -0.035995081067085266
v -0.1553119719028473 0.11803033202886581 -0.046596016734838486
v -0.13829874992370605 0.11104897409677505 -0.05592861771583557
v -0.12220034748315811 0.09630268067121506 -0.06405746936798096
v -0.09577468782663345 0.03980565071105957 -0.04636356607079506
v -0.07222051173448563 0.02396174892783165 -0.0013205036520957947
v -0.07694889605045319 0.040766485035419464 -0.020284906029701233
v -0.08223941177129745 0.04690655693411827 -0.024649379774928093
v -0.0773458182811737 0.0408056378364563 -0.020262761041522026
v -0.06658623367547989 0.030429162085056305 -0.0015616901218891144
v -0.07464669644832611 0.03579150512814522 -0.011750945821404457
v -0.07532393932342529 0.11767610907554626 -0.05779905989766121
v -0.06790518760681152 0.11026373505592346 -0.057694464921951294
v -0.07815814018249512 0.12016111612319946 -0.05420326068997383
v -0.07942472398281097 0.11788907647132874 -0.05223995819687843
v -0.06468527019023895 0.10998806357383728 -0.047918494790792465
v -0.07044504582881927 0.1097414419054985 -0.05002579092979431
v -0.07540024816989899 0.11728889495134354 -0.03413136303424835
v -0.07665969431400299 0.12268499284982681 -0.03975355625152588
v -0.06818525493144989 0.1088922917842865 -0.04185134544968605
v -0.0209418386220932 0.006228593643754721 0.02803964912891388
v -0.04263234883546829 0.0007191657787188888 0.042878128588199615
v -0.044562745839357376 0.015818152576684952 0.011824110522866249
v 0.09147270768880844 0.20070180296897888 -0.05284713953733444
v 0.08634980022907257 0.2168387621641159 -0.06119662523269653
v 0.09437798708677292 0.21400928497314453 -0.05829586461186409
v 0.06593433022499084 0.19177629053592682 -0.024638855829834938
v 0.05905803665518761 0.20815923810005188 -0.028131697326898575
v 0.06489996612071991 0.20380263030529022 -0.02194002829492092
v 0.07780756056308746 0.21881844103336334 -0.05869263783097267
v 0.06432120501995087 0.22826948761940002 -0.04167388379573822
v 0.062401894479990005 0.2235536426305771 -0.03001520037651062
v 0.0755402147769928 0.18908455967903137 -0.029009787365794182
v 0.08719448745250702 0.19257405400276184 -0.03959181159734726
v 0.7159444689750671 0.19410675764083862 -0.04808540642261505
v 0.7324948310852051 0.21421417593955994 -0.06404995918273926
v 0.7186729907989502 0.20890651643276215 -0.06197284162044525
v 0.717444658279419 0.20011812448501587 -0.0475059449672699
v 0.7126685380935669 0.1882232278585434 -0.043354615569114685
v 0.7228002548217773 0.1938524693250656 -0.052181676030159
v -0.1886126697063446 0.01995730586349964 0.05804220959544182
v -0.18399974703788757 0.028674589470028877 0.04744213819503784
v -0.18191112577915192 0.029221821576356888 0.03827624022960663
v -0.17359931766986847 0.029642250388860703 0.02337183803319931
v -0.15925440192222595 0.019825730472803116 0.007693174295127392
v -0.11755707114934921 0.011614982038736343 -0.017533564940094948
v -0.1389542818069458 0.016251398250460625 -0.005220509134232998
v -0.12628471851348877 0.03384062647819519 -0.02522904984652996
v -0.15218061208724976 0.04863695055246353 -0.0336766242980957
v -0.18828988075256348 0.10532457381486893 -0.025838717818260193
v -0.1862703561782837 0.11851947754621506 -0.02777261659502983
v -0.18136489391326904 0.11894556134939194 -0.030327163636684418
v -0.1805182248353958 0.08149058371782303 -0.0302918441593647
v -0.17163094878196716 0.11591670662164688 -0.03075314313173294
v -0.17304307222366333 0.12314089387655258 -0.04133719205856323
v -0.15723857283592224 0.12092561274766922 -0.05282130837440491
v -0.10308492928743362 0.06900499016046524 -0.05105431377887726
v -0.14789444208145142 0.11643960326910019 -0.06226997822523117
v -0.13806119561195374 0.11034630984067917 -0.07527806609869003
v -0.10988864302635193 0.07783206552267075 -0.06374631077051163
v -0.10025692731142044 0.06372851878404617 -0.05896503105759621
v -0.10103174299001694 0.05167359486222267 -0.0687415599822998
v -0.08523683249950409 0.016011584550142288 -0.032981809228658676
v -0.08376552164554596 0.11349659413099289 -0.05128425732254982
v -0.07628561556339264 0.11245547235012054 -0.05551938712596893
v -0.08127622306346893 0.12372533977031708 -0.047124527394771576
v -0.08505366742610931 0.12281112372875214 -0.04754980653524399
v -0.07835614681243896 0.10923434793949127 -0.043971993029117584
v -0.07976967096328735 0.11893563717603683 -0.019888989627361298
v -0.07700599730014801 0.12797664105892181 -0.02586107701063156
v -0.07446233928203583 0.10921523720026016 -0.03144751861691475
v -0.06880361586809158 0.006033547688275576 0.019692206755280495
v 0.09623585641384125 0.211502805352211 -0.04934360831975937
v 0.08623559772968292 0.22870531678199768 -0.052943646907806396
v 0.0973333865404129 0.2259422242641449 -0.05298073962330818
v 0.0751875787973404 0.20276205241680145 -0.021586868911981583
v 0.07402938604354858 0.2170654535293579 -0.014436420053243637
v 0.06529388576745987 0.21840597689151764 -0.020247075706720352
v 0.07308639585971832 0.22871679067611694 -0.047802191227674484
v 0.06616997718811035 0.2406659722328186 -0.026261724531650543
v 0.06702403724193573 0.2355772852897644 -0.015931008383631706
v 0.08565223217010498 0.20402006804943085 -0.02564692124724388
v 0.09379690140485764 0.2066895067691803 -0.038626182824373245
v 0.7380391359329224 0.20341700315475464 -0.06655275821685791
v 0.7384635210037231 0.21054573357105255 -0.06144337356090546
v 0.7359894514083862 0.2271633893251419 -0.0782659649848938
v 0.7363861203193665 0.23089833557605743 -0.07506334781646729
v 0.7421094179153442 0.20677560567855835 -0.06497995555400848
v -0.1886603981256485 0.008601205423474312 0.07526888698339462
v -0.19435730576515198 0.021133558824658394 0.06764135509729385
v -0.1859523504972458 0.025334076955914497 0.043166812509298325
v -0.1899154633283615 0.02370716631412506 0.05319122225046158
v -0.17609329521656036 0.017956076189875603 0.02588282711803913
v -0.1651661992073059 0.016133524477481842 0.011308344081044197
v -0.15122166275978088 0.009677126072347164 0.0017680246382951736
v -0.1156846433877945 0.004238481633365154 -0.028923500329256058
v -0.11451006680727005 0.018237601965665817 -0.02160402573645115
v -0.12479371577501297 0.015911616384983063 -0.03213123604655266
v -0.1925235092639923 0.11569897085428238 -0.031092803925275803
v -0.19301998615264893 0.09890618920326233 -0.031124308705329895
v -0.18869778513908386 0.11777015775442123 -0.035028740763664246
v -0.18663497269153595 0.11816955357789993 -0.03423943743109703
v -0.16477729380130768 0.0450248047709465 -0.04638452082872391
v -0.1829231083393097 0.0702705979347229 -0.03760822117328644
v -0.1829151213169098 0.12133627384901047 -0.034636519849300385
v -0.18229606747627258 0.1226409450173378 -0.040144145488739014
v -0.17163020372390747 0.1250893771648407 -0.051335833966732025
v -0.12108530849218369 0.09248337894678116 -0.0820583924651146
v -0.10788428038358688 0.07044247537851334 -0.07759222388267517
v -0.11037680506706238 0.054129935801029205 -0.09036882221698761
v -0.1004282683134079 0.03335464000701904 -0.06893377006053925
v -0.10207267850637436 0.01062118262052536 -0.06478847563266754
v -0.08850683271884918 -0.007986733689904213 -0.01980564184486866
v -0.08452896773815155 0.11082131415605545 -0.04561634734272957
v -0.09212839603424072 0.11928891390562057 -0.04539870098233223
v -0.0808611661195755 0.1308232843875885 -0.03789273276925087
v -0.09231838583946228 0.12960593402385712 -0.04228024557232857
v -0.08242712914943695 0.10645498335361481 -0.03725643828511238
v -0.08512502908706665 0.1108386367559433 -0.019123852252960205
v -0.0892702043056488 0.12251860648393631 -0.007609982043504715
v -0.0848463624715805 0.13589134812355042 -0.012832686305046082
v 0.10154515504837036 0.22173848748207092 -0.04504597187042236
v 0.0958157330751419 0.24075230956077576 -0.04563291370868683
v 0.0830407664179802 0.24234455823898315 -0.04372517019510269
v 0.08445454388856888 0.213690385222435 -0.016633588820695877
v 0.08203856647014618 0.22573965787887573 -0.007205342873930931
v 0.07316383719444275 0.23002862930297852 -0.009213726967573166
v 0.07070237398147583 0.24189600348472595 -0.0359061062335968
v 0.06715764850378036 0.2487698197364807 -0.009874079376459122
v 0.07346334308385849 0.24352839589118958 -0.0023434236645698547
v 0.0943090170621872 0.21610252559185028 -0.022577745839953423
v 0.10041746497154236 0.21886537969112396 -0.033585455268621445
v 0.7508141994476318 0.22117623686790466 -0.08024667203426361
v 0.7421667575836182 0.22479285299777985 -0.07484494149684906
v 0.7605001926422119 0.237773597240448 -0.10315766930580139
v 0.750934898853302 0.2453848123550415 -0.09457547962665558
v 0.7549461126327515 0.22256146371364594 -0.07626733183860779
v -0.20501968264579773 0.023296978324651718 0.08210278302431107
v -0.19371864199638367 0.025793738663196564 0.05366742983460426
v -0.19977228343486786 0.032617565244436264 0.056993260979652405
v -0.1747872233390808 0.022081397473812103 0.027251195162534714
v -0.19123969972133636 0.029102396219968796 0.03876766934990883
v -0.1568266898393631 0.009765198454260826 0.007395688444375992
v -0.16853545606136322 0.011607330292463303 0.01260835025459528
v -0.12539896368980408 -0.003397270105779171 -0.05049581825733185
v -0.14520509541034698 0.023071985691785812 -0.04835263267159462
v -0.19730836153030396 0.11288034170866013 -0.03087783232331276
v -0.19057327508926392 0.11715430021286011 -0.035385485738515854
v -0.19395038485527039 0.09055811911821365 -0.03579668328166008
v -0.1843745857477188 0.11524878442287445 -0.038639459758996964
v -0.1846761852502823 0.11603730916976929 -0.038543205708265305
v -0.18310409784317017 0.05831708014011383 -0.05108489468693733
v -0.17121665179729462 0.04330497235059738 -0.05609389767050743
v -0.18671034276485443 0.11575670540332794 -0.03634824603796005
v -0.1824895441532135 0.12030526995658875 -0.03777014836668968
v -0.18612979352474213 0.12218967080116272 -0.043353259563446045
v -0.18222784996032715 0.12589925527572632 -0.05163922905921936
v -0.15557661652565002 0.12035008519887924 -0.06612715125083923
v -0.18521378934383392 0.1163155660033226 -0.03824932500720024
v -0.13409313559532166 0.10063830018043518 -0.0932195633649826
v -0.1499914824962616 0.11506906896829605 -0.08447369933128357
v -0.12320225685834885 0.057837869971990585 -0.10906045138835907
v -0.12200502306222916 0.08068550378084183 -0.10245055705308914
v -0.11506941169500351 0.03525944799184799 -0.09473840892314911
v -0.11561043560504913 0.011960797011852264 -0.09253742545843124
v -0.10183623433113098 -0.004773251246660948 -0.0610637404024601
v -0.08918897807598114 0.11184646189212799 -0.04139294475317001
v -0.10143451392650604 0.12264399230480194 -0.041640594601631165
v -0.0925731211900711 0.14051181077957153 -0.03374510258436203
v -0.08663018047809601 0.14274391531944275 -0.023647699505090714
v -0.08957146108150482 0.10684649646282196 -0.025173623114824295
v -0.09722588956356049 0.11221801489591599 -0.011209093034267426
v -0.10160300135612488 0.12432103604078293 0.0006870180368423462
v -0.09379641711711884 0.13549192249774933 -0.0008719079196453094
v 0.10443658381700516 0.2358071208000183 -0.04041880741715431
v 0.0931357815861702 0.25587284564971924 -0.03762824833393097
v 0.0797937661409378 0.25527718663215637 -0.032831646502017975
v 0.09303627908229828 0.2244894802570343 -0.011037880554795265
v 0.08088377118110657 0.23856419324874878 0.0012514367699623108
v 0.09089736640453339 0.23579755425453186 0.0018125902861356735
v 0.06952248513698578 0.2530389726161957 -0.0217384472489357
v 0.07812540233135223 0.24807345867156982 0.007801473140716553
v 0.07293074578046799 0.2551717162132263 0.006618928164243698
v 0.10243090242147446 0.2267637550830841 -0.020221129059791565
v 0.10660820454359055 0.23139947652816772 -0.030403267592191696
v 0.7668091654777527 0.23250383138656616 -0.09188933670520782
v 0.7565780878067017 0.24473369121551514 -0.0930454432964325
v 0.781485378742218 0.2648523449897766 -0.13308212161064148
v 0.789196252822876 0.23729851841926575 -0.12318117916584015
v 0.7647860050201416 0.2359868884086609 -0.0854698121547699
v -0.21828804910182953 0.03273703530430794 0.0609482116997242
v -0.20647215843200684 0.020816683769226074 0.10669510811567307
v -0.205083429813385 0.031873900443315506 0.03213679790496826
v -0.1890675276517868 0.025875257328152657 0.02179183065891266
v -0.15903760492801666 0.00669459393247962 0.011790730990469456
v -0.18134865164756775 0.01694125309586525 0.008067132905125618
v -0.15253609418869019 0.020093470811843872 -0.06532510370016098
v -0.19912344217300415 0.10494879633188248 -0.03457217290997505
v -0.19431641697883606 0.11766210198402405 -0.034457772970199585
v -0.18791228532791138 0.116318479180336 -0.036416832357645035
v -0.19548943638801575 0.07983753830194473 -0.04528476670384407
v -0.17773638665676117 0.12157473713159561 -0.036619238555431366
v -0.1879928857088089 0.11145501583814621 -0.04060167819261551
v -0.18506979942321777 0.11603686958551407 -0.037529874593019485
v -0.17929868400096893 0.04882612079381943 -0.06824849545955658
v -0.19228166341781616 0.0688164159655571 -0.05831332132220268
v -0.18212005496025085 0.11720851063728333 -0.03746145963668823
v -0.18851417303085327 0.120566725730896 -0.04731476306915283
v -0.18769332766532898 0.12357649952173233 -0.05393441021442413
v -0.16804558038711548 0.1243528202176094 -0.06607986986637115
v -0.16233417391777039 0.11408930271863937 -0.088652603328228
v -0.14291927218437195 0.09772204607725143 -0.10830467194318771
v -0.12830907106399536 0.03898932784795761 -0.11303114891052246
v -0.13551023602485657 0.061730898916721344 -0.11982355266809464
v -0.13372774422168732 0.07499037683010101 -0.11566539108753204
v -0.12110786885023117 0.012679689563810825 -0.1073313057422638
v -0.10856851935386658 -0.0012594005092978477 -0.08437913656234741
v -0.09823212027549744 0.1115402802824974 -0.03622293472290039
v -0.10418301820755005 0.13442650437355042 -0.03809012100100517
v -0.09434351325035095 0.15296109020709991 -0.01060672476887703
v -0.10470548272132874 0.15371286869049072 -0.024879656732082367
v -0.10649001598358154 0.11066603660583496 -0.02214854583144188
v -0.11425551772117615 0.11887391656637192 -0.005295414477586746
v -0.10453300178050995 0.1359005570411682 0.00923158973455429
v -0.11529557406902313 0.12932148575782776 0.009594300761818886
v 0.10381072759628296 0.2520970404148102 -0.03645682334899902
v 0.09185244143009186 0.2690371870994568 -0.02945367619395256
v 0.07983306795358658 0.2724338471889496 -0.019729599356651306
v 0.10332567989826202 0.2364652454853058 -0.005986036732792854
v 0.08802065998315811 0.2455025017261505 0.010326463729143143
v 0.10274500399827957 0.24592602252960205 0.006591446697711945
v 0.06972046196460724 0.267116516828537 -0.0008603818714618683
v 0.08063379675149918 0.25455281138420105 0.017592430114746094
v 0.07629087567329407 0.26637837290763855 0.017985127866268158
v 0.11035984009504318 0.24105426669120789 -0.017611093819141388
v 0.10988928377628326 0.24691560864448547 -0.02810368686914444
v 0.7884994149208069 0.26072460412979126 -0.11197374761104584
v 0.8263831734657288 0.25996556878089905 -0.1597573161125183
v 0.8127250671386719 0.27348563075065613 -0.15594375133514404
v 0.7808325886726379 0.24611738324165344 -0.09523734450340271
v -0.21971926093101501 0.0009275972843170166 0.12574665248394012
v -0.22883445024490356 0.032203834503889084 0.10196904838085175
v -0.21989595890045166 0.03442445769906044 0.08487267792224884
v -0.2034476399421692 0.022470491006970406 0.005125825293362141
v -0.17158561944961548 0.007235202472656965 0.009598489850759506
v -0.12471217662096024 -0.009200968779623508 -0.07294309884309769
v -0.13044831156730652 0.005226560868322849 -0.05166230350732803
v -0.1585557609796524 0.024176713079214096 -0.08374986052513123
v -0.20373311638832092 0.10073019564151764 -0.04316664859652519
v -0.19991478323936462 0.11535263806581497 -0.0364818200469017
v -0.1823144257068634 0.1167815774679184 -0.03797106817364693
v -0.2020544707775116 0.0856446623802185 -0.058004893362522125
v -0.18640846014022827 0.12308376282453537 -0.043787650763988495
v -0.19621852040290833 0.12705644965171814 -0.03337522968649864
v -0.18468861281871796 0.11688130348920822 -0.03804350271821022
v -0.18013440072536469 0.11250046640634537 -0.038570843636989594
v -0.18099816143512726 0.11247657239437103 -0.03877396136522293
v -0.17841549217700958 0.050951823592185974 -0.08898370712995529
v -0.1936188042163849 0.0704074576497078 -0.07277865707874298
v -0.185758575797081 0.11767913401126862 -0.03903132677078247
v -0.18940958380699158 0.11857300251722336 -0.047527387738227844
v -0.19209909439086914 0.12010287493467331 -0.055542849004268646
v -0.1796632707118988 0.12215118855237961 -0.06811662763357162
v -0.17665860056877136 0.11335622519254684 -0.08719532936811447
v -0.16414259374141693 0.09735947102308273 -0.11194700002670288
v -0.14231228828430176 0.05189265310764313 -0.12497088313102722
v -0.1359897404909134 0.026872890070080757 -0.12071998417377472
v -0.09207301586866379 -0.010724682360887527 -0.08109962195158005
v -0.11314745247364044 0.12475906312465668 -0.035092782229185104
v -0.11633026599884033 0.14101937413215637 -0.030516967177391052
v -0.10301180183887482 0.15835487842559814 0.005343317985534668
v -0.11127692461013794 0.16531355679035187 -0.01239103451371193
v -0.12536495923995972 0.1245691180229187 -0.017304368317127228
v -0.12811529636383057 0.1278076469898224 0.002416849136352539
v -0.1266735941171646 0.13419169187545776 0.01869724877178669
v -0.11239595711231232 0.14278718829154968 0.01957423985004425
v -0.09993372857570648 0.14749285578727722 0.007919929921627045
v 0.10306847095489502 0.26507237553596497 -0.031029239296913147
v 0.08939222991466522 0.2799704968929291 -0.01859021931886673
v 0.0793951079249382 0.2826085388660431 -0.005581798031926155
v 0.11447364091873169 0.249635249376297 -0.0028849784284830093
v 0.11925521492958069 0.26052558422088623 0.010443270206451416
v 0.09843401610851288 0.2553504407405853 0.0192628912627697
v 0.07758637517690659 0.28126370906829834 0.012784779071807861
v 0.08679796755313873 0.2802322804927826 0.02820228412747383
v 0.09254097938537598 0.26829931139945984 0.0288069024682045
v 0.11636175215244293 0.25421828031539917 -0.015950355678796768
v 0.11199649423360825 0.25888270139694214 -0.026854729279875755
v 0.8209947943687439 0.278037428855896 -0.14354342222213745
v 0.8205880522727966 0.2517150938510895 -0.131730318069458
v 0.8288968801498413 0.2772383391857147 -0.15961509943008423
v 0.8251608610153198 0.28350159525871277 -0.15692634880542755
v -0.230508953332901 -0.012835316359996796 0.1416109800338745
v -0.22631661593914032 0.01905880495905876 0.11477508395910263
v -0.23616822063922882 0.027487285435199738 0.02670511230826378
v -0.1919466108083725 0.011118982918560505 -7.459241896867752e-05
v -0.10973929613828659 -0.013176696375012398 -0.0816035196185112
v -0.13344551622867584 0.0012761717662215233 -0.09172321856021881
v -0.13049785792827606 -0.0013160230591893196 -0.06743604689836502
v -0.15457937121391296 0.024905536323785782 -0.1021927148103714
v -0.20226043462753296 0.11452392488718033 -0.04355734586715698
v -0.1924789547920227 0.11831362545490265 -0.03960087522864342
v -0.18872782588005066 0.11541013419628143 -0.037500180304050446
v -0.177394300699234 0.11750882118940353 -0.03997688740491867
v -0.1721182018518448 0.12175530940294266 -0.040290556848049164
v -0.18247899413108826 0.12482400238513947 -0.03700045496225357
v -0.2100292146205902 0.12741059064865112 -0.033989232033491135
v -0.21619912981987 0.14027714729309082 -0.024635452777147293
v -0.18266895413398743 0.13182884454727173 -0.03390636295080185
v -0.175650492310524 0.11826321482658386 -0.03679552674293518
v -0.17469613254070282 0.11480555683374405 -0.03548149764537811
v -0.17853395640850067 0.11516892164945602 -0.03639954701066017
v -0.19471529126167297 0.07761760801076889 -0.09042125195264816
v -0.17402949929237366 0.052734337747097015 -0.10731956362724304
v -0.18470029532909393 0.11655675619840622 -0.03912227228283882
v -0.19651277363300323 0.11629611998796463 -0.05623108521103859
v -0.19291464984416962 0.11691112816333771 -0.045567918568849564
v -0.18883460760116577 0.1183118149638176 -0.069974884390831
v -0.14658498764038086 0.07660818099975586 -0.12271156907081604
v -0.1731063723564148 0.08067121356725693 -0.11571576446294785
v -0.1881445050239563 0.10167848318815231 -0.09510929882526398
v -0.15658950805664062 0.06759179383516312 -0.12583833932876587
v -0.16033770143985748 0.04801061749458313 -0.1225636675953865
v -0.12358790636062622 0.002328449860215187 -0.11087819188833237
v -0.12347950041294098 0.13672202825546265 -0.02630390226840973
v -0.1271342635154724 0.1548241823911667 -0.021038424223661423
v -0.1114005595445633 0.1679762601852417 0.011919965967535973
v -0.12309880554676056 0.17395956814289093 0.002708613872528076
v -0.13655318319797516 0.1354791224002838 -0.00559302419424057
v -0.13757093250751495 0.1366748809814453 0.0074157267808914185
v -0.11888539791107178 0.15042731165885925 0.03600045293569565
v -0.13585342466831207 0.14371080696582794 0.030065447092056274
v -0.10787805914878845 0.1554134488105774 0.02082100510597229
v 0.10228150337934494 0.2757854163646698 -0.02518131025135517
v 0.0885557234287262 0.29785242676734924 0.006488211452960968
v 0.09263363480567932 0.29531437158584595 -0.00710943341255188
v 0.1243387833237648 0.26051801443099976 -0.005073836073279381
v 0.11497537791728973 0.2733125388622284 0.026214279234409332
v 0.12959496676921844 0.27892664074897766 0.017483800649642944
v 0.09104227274656296 0.2949623167514801 0.021743960678577423
v 0.10098394006490707 0.2958643436431885 0.030805740505456924
v 0.10901398956775665 0.2858642339706421 0.035156652331352234
v 0.12018661201000214 0.26271945238113403 -0.017746493220329285
v 0.1145327091217041 0.26927557587623596 -0.024511152878403664
v 0.8332018852233887 0.28258001804351807 -0.15724757313728333
v 0.8476795554161072 0.2656981348991394 -0.16282226145267487
v 0.8329328894615173 0.2816636264324188 -0.1646997332572937
v 0.8265106081962585 0.27530112862586975 -0.16744524240493774
v -0.23457208275794983 0.03500591218471527 0.06595355272293091
v -0.23401141166687012 0.034731484949588776 0.08829977363348007
v -0.24438636004924774 -0.012132853269577026 0.1514209657907486
v -0.23900020122528076 0.012571975588798523 0.1398753523826599
v -0.2409513294696808 0.02889374829828739 0.12155354022979736
v -0.23985974490642548 0.031896501779556274 0.10372713208198547
v -0.22831694781780243 0.012120788916945457 0.002612135838717222
v -0.12167154252529144 -0.0017435122281312943 -0.09979493916034698
v -0.15037544071674347 0.0269114151597023 -0.11492963880300522
v -0.19555699825286865 0.11764796823263168 -0.043214164674282074
v -0.2051386535167694 0.10202187299728394 -0.05796864628791809
v -0.18347515165805817 0.11291588097810745 -0.03909773379564285
v -0.18755249679088593 0.11650963127613068 -0.039399925619363785
v -0.17324084043502808 0.119399793446064 -0.03581759333610535
v -0.1757640838623047 0.12568004429340363 -0.03129822015762329
v -0.1863151490688324 0.13195642828941345 -0.030255919322371483
v -0.20051652193069458 0.12509000301361084 -0.03862019628286362
v -0.23147597908973694 0.14237633347511292 -0.025192420929670334
v -0.2279842644929886 0.15555599331855774 -0.01599099114537239
v -0.20500946044921875 0.15187063813209534 -0.022347047924995422
v -0.1807774007320404 0.13470596075057983 -0.028107713907957077
v -0.185116708278656 0.12806695699691772 -0.03019547462463379
v -0.17999416589736938 0.1155320256948471 -0.03681541979312897
v -0.20199894905090332 0.08773569762706757 -0.07108835875988007
v -0.184572234749794 0.0762171670794487 -0.10721257328987122
v -0.19501081109046936 0.0913119837641716 -0.0920826643705368
v -0.1950228214263916 0.11466488987207413 -0.06935028731822968
v -0.20095324516296387 0.11388259381055832 -0.0524740144610405
v -0.1319054812192917 0.13871309161186218 -0.016748320311307907
v -0.1373266875743866 0.1690674126148224 -0.005389105528593063
v -0.13713954389095306 0.1832241266965866 0.012836705893278122
v -0.12086021900177002 0.17998991906642914 0.02111663669347763
v -0.14386142790317535 0.14337387681007385 0.00563618540763855
v -0.14651928842067719 0.14361818134784698 0.0191934946924448
v -0.11443211138248444 0.16730420291423798 0.0330815464258194
v -0.13183316588401794 0.1505536288022995 0.04215187206864357
v -0.12209542095661163 0.16169248521327972 0.04840027913451195
v 0.10332734137773514 0.29112061858177185 -0.017168836668133736
v 0.1003531739115715 0.3102242052555084 0.0010435022413730621
v 0.09894414246082306 0.3093169331550598 0.0130234956741333
v 0.13463285565376282 0.2782707214355469 0.0033774152398109436
v 0.10155235975980759 0.3042045533657074 0.022574741393327713
v 0.129697784781456 0.28964728116989136 0.030261121690273285
v 0.11234499514102936 0.30154895782470703 0.035503461956977844
v 0.12172160297632217 0.3004767596721649 0.0374426394701004
v 0.12787683308124542 0.273402601480484 -0.014381710439920425
v 0.11824099719524384 0.28401267528533936 -0.019969632849097252
v 0.8454342484474182 0.27535107731819153 -0.16151216626167297
v 0.8423479795455933 0.2735479772090912 -0.1681080460548401
v 0.8402705192565918 0.27664896845817566 -0.16688424348831177
v -0.24500800669193268 0.03115130588412285 0.08718164265155792
v -0.2542087137699127 0.025718335062265396 0.06572769582271576
v -0.2576276957988739 0.004170816391706467 0.1484084278345108
v -0.2675466537475586 -0.015184510499238968 0.14004817605018616
v -0.25843074917793274 0.021685922518372536 0.1396895796060562
v -0.2542095184326172 0.03111095353960991 0.11156296730041504
v -0.2654613256454468 0.016575757414102554 0.032411448657512665
v -0.26717182993888855 0.0012628622353076935 0.008991585113108158
v -0.1875380128622055 0.13816231489181519 -0.027850056067109108
v -0.19651469588279724 0.13340049982070923 -0.034174710512161255
v -0.22119860351085663 0.13427849113941193 -0.03153974562883377
v -0.24552986025810242 0.15210911631584167 -0.016946129500865936
v -0.24443531036376953 0.1707785427570343 -0.004861138761043549
v -0.2262272834777832 0.17371529340744019 -0.008226718753576279
v -0.19147862493991852 0.15055888891220093 -0.023619066923856735
v -0.20282691717147827 0.1035335585474968 -0.07407555729150772
v -0.1431097388267517 0.1513308733701706 -0.0059007927775382996
v -0.14831332862377167 0.17380304634571075 0.007739592343568802
v -0.12932179868221283 0.18995173275470734 0.03348321467638016
v -0.14264348149299622 0.1911841332912445 0.026411518454551697
v -0.14976121485233307 0.15164154767990112 0.009342487901449203
v -0.15289306640625 0.15077856183052063 0.037469714879989624
v -0.11894868314266205 0.1797543317079544 0.045094575732946396
v -0.13803046941757202 0.15662872791290283 0.05497484654188156
v -0.1228586733341217 0.16820798814296722 0.05650688707828522
v 0.10705739259719849 0.30800971388816833 -0.009338170289993286
v 0.10822372138500214 0.31366410851478577 0.017519526183605194
v 0.1066746860742569 0.31869810819625854 0.007639072835445404
v 0.1405031830072403 0.29054155945777893 0.012641225010156631
v 0.10802741348743439 0.30520981550216675 0.026555966585874557
v 0.13600528240203857 0.2970433533191681 0.029176797717809677
v 0.12033078819513321 0.30998802185058594 0.035491954535245895
v 0.12367631494998932 0.3114544451236725 0.02979714795947075
v 0.13442689180374146 0.29311978816986084 -0.009246094152331352
v 0.11786781251430511 0.2987382411956787 -0.013849921524524689
v -0.2591169774532318 0.025284195318818092 0.08635041117668152
v -0.2774815857410431 0.01264452189207077 0.07371705025434494
v -0.2753276824951172 0.015576418489217758 0.0558895543217659
v -0.26928597688674927 0.010495681315660477 0.14425677061080933
v -0.27644968032836914 -0.023066427558660507 0.11749053001403809
v -0.26939842104911804 0.02123337984085083 0.1178709864616394
v -0.272571325302124 0.015608742833137512 0.1368056684732437
v -0.29036325216293335 -0.0010957494378089905 0.025929361581802368
v -0.2885027229785919 0.007405910640954971 0.043954767286777496
v -0.1940615326166153 0.142218679189682 -0.029653798788785934
v -0.23661036789417267 0.14488095045089722 -0.023138169199228287
v -0.26260945200920105 0.16839849948883057 -0.013165261596441269
v -0.2551923096179962 0.1795293390750885 -0.004760563373565674
v -0.23796291649341583 0.18086063861846924 -0.005111761391162872
v -0.2049696296453476 0.16677400469779968 -0.016892068088054657
v -0.1503165364265442 0.16184256970882416 0.005290139466524124
v -0.1535239815711975 0.18401190638542175 0.01802946999669075
v -0.1395128220319748 0.20032121241092682 0.04035043716430664
v -0.12357324361801147 0.19136840105056763 0.053683556616306305
v -0.15809619426727295 0.15768557786941528 0.019831664860248566
v -0.1597863733768463 0.15922552347183228 0.05051230639219284
v -0.1204623430967331 0.17927005887031555 0.06055239588022232
v -0.15496733784675598 0.16408079862594604 0.0715053603053093
v -0.12590312957763672 0.17025741934776306 0.0737903043627739
v 0.11185062676668167 0.31785282492637634 -0.0038658827543258667
v 0.1402541846036911 0.2985069155693054 0.014259573072195053
v 0.11204586923122406 0.31973543763160706 0.012241760268807411
v 0.11499837040901184 0.31248369812965393 0.0236915722489357
v 0.13204464316368103 0.3057387173175812 0.024938631802797318
v 0.12111087143421173 0.31598517298698425 0.027713626623153687
v 0.11792149394750595 0.31610921025276184 0.02712145261466503
v 0.13798977434635162 0.30424758791923523 0.0001248978078365326
v 0.12190090864896774 0.3108414113521576 -0.007137684151530266
v -0.2738684415817261 0.01953742653131485 0.09498550742864609
v -0.2869739830493927 0.006064075976610184 0.08406498283147812
v -0.2854419946670532 0.007315978407859802 0.06533084809780121
v -0.2842777967453003 -0.00838770717382431 0.11908752471208572
v -0.2893967032432556 -0.028336651623249054 0.09618686139583588
v -0.3039921522140503 -0.0006792023777961731 0.0594741553068161
v -0.30253028869628906 -0.0036790259182453156 0.04360875487327576
v -0.30156561732292175 -0.012544449418783188 0.028999341651797295
v -0.2034677416086197 0.16103699803352356 -0.022254865616559982
v -0.20860908925533295 0.14596977829933167 -0.028109267354011536
v -0.2105674147605896 0.1353418231010437 -0.032675422728061676
v -0.22138085961341858 0.14381423592567444 -0.028466083109378815
v -0.25263118743896484 0.1554340124130249 -0.019400816410779953
v -0.2612621486186981 0.18213343620300293 -0.01177956908941269
v -0.2619946002960205 0.18199792504310608 -0.005626168102025986
v -0.24643588066101074 0.18124282360076904 -0.005196474492549896
v -0.2226455807685852 0.1793297827243805 -0.010947033762931824
v -0.16204573214054108 0.17096664011478424 0.01800953969359398
v -0.15695029497146606 0.19890828430652618 0.0340438038110733
v -0.12806496024131775 0.19998414814472198 0.06816361844539642
v -0.13871479034423828 0.21003828942775726 0.05823592096567154
v -0.1710701286792755 0.16929812729358673 0.0358743816614151
v -0.1743810921907425 0.1700180619955063 0.05749163031578064
v -0.12245669960975647 0.18737201392650604 0.07146947085857391
v -0.14366470277309418 0.17173416912555695 0.0920197069644928
v -0.16711093485355377 0.1740065962076187 0.08113589882850647
v 0.11146003752946854 0.3226546347141266 -0.001185089349746704
v 0.14020119607448578 0.3049543499946594 0.015570376068353653
v 0.11795903742313385 0.31796616315841675 0.022075846791267395
v 0.1155523732304573 0.3229902386665344 0.01302650198340416
v 0.12620395421981812 0.3137111961841583 0.024838285520672798
v 0.1175268217921257 0.31888920068740845 0.0272129587829113
v 0.12223126739263535 0.31758618354797363 0.02744610421359539
v 0.136385977268219 0.31280195713043213 0.002499515190720558
v 0.12330406159162521 0.32165729999542236 -0.004557177424430847
v -0.2829446494579315 0.010535530745983124 0.09489904344081879
v -0.29161742329597473 0.0037920400500297546 0.08746270835399628
v -0.30037030577659607 0.0019777119159698486 0.07096526026725769
v -0.2964685261249542 -0.011367734521627426 0.09824380278587341
v -0.2805396616458893 0.010473106056451797 0.13462576270103455
v -0.30076172947883606 -0.032036617398262024 0.0799877792596817
v -0.27643510699272156 0.012249782681465149 0.12131211161613464
v -0.32233041524887085 0.007010117173194885 0.06252707540988922
v -0.32593369483947754 -0.0003196634352207184 0.05226552113890648
v -0.3388202488422394 -0.004092112183570862 0.04327889159321785
v -0.31979185342788696 -0.011106539517641068 0.0398067906498909
v -0.21591058373451233 0.17126744985580444 -0.01759468764066696
v -0.21693770587444305 0.15987151861190796 -0.022953439503908157
v -0.23425792157649994 0.15510159730911255 -0.022656716406345367
v -0.265381783246994 0.18093180656433105 -0.011173907667398453
v -0.26757651567459106 0.19048944115638733 -0.006258152425289154
v -0.2703753411769867 0.19477611780166626 -0.006533622741699219
v -0.25477364659309387 0.18517401814460754 -0.003390718251466751
v -0.23954059183597565 0.18373233079910278 -0.006028670817613602
v -0.17082610726356506 0.18507064878940582 0.02885674685239792
v -0.15399932861328125 0.21197792887687683 0.05109594762325287
v -0.129106804728508 0.2016763538122177 0.08504290878772736
v -0.13922417163848877 0.21611365675926208 0.07489268481731415
v -0.1816694289445877 0.18736900389194489 0.047367095947265625
v -0.18453377485275269 0.1910649836063385 0.06881054490804672
v -0.12950822710990906 0.18408913910388947 0.09176985919475555
v -0.17451617121696472 0.1853765845298767 0.09409189969301224
v -0.15651950240135193 0.17871104180812836 0.10581429302692413
v 0.11914924532175064 0.3266232907772064 0.009896483272314072
v 0.13343286514282227 0.31236451864242554 0.016045529395341873
v 0.11411130428314209 0.32447516918182373 0.01840357296168804
v 0.11341267079114914 0.3221481442451477 0.02428145706653595
v 0.12537881731987 0.31768813729286194 0.024685582146048546
v 0.11862237751483917 0.3228037655353546 0.027110688388347626
v 0.12287663668394089 0.3206212818622589 0.027656812220811844
v 0.1370551586151123 0.3128378987312317 0.008003193885087967
v 0.1259046047925949 0.3254286050796509 0.0023445188999176025
v -0.2834969758987427 0.007893342524766922 0.10262361168861389
v -0.29274308681488037 0.005246292799711227 0.08974956721067429
v -0.3025994896888733 0.0058971792459487915 0.08131888508796692
v -0.32073116302490234 0.014315474778413773 0.07268074154853821
v -0.29685837030410767 0.004026766866445541 0.06291785091161728
v -0.30599305033683777 -0.011728309094905853 0.08755744248628616
v -0.2904002368450165 -0.0006454512476921082 0.10815174132585526
v -0.28913161158561707 0.0030696801841259003 0.10686492174863815
v -0.30431967973709106 -0.021043382585048676 0.08596530556678772
v -0.33424246311187744 0.015588006004691124 0.06012905761599541
v -0.33565157651901245 0.0072033461183309555 0.05025666579604149
v -0.34752166271209717 0.008389834314584732 0.02850715070962906
v -0.2307632863521576 0.1678577959537506 -0.020772229880094528
v -0.23178589344024658 0.18345895409584045 -0.012204702943563461
v -0.24949905276298523 0.16981366276741028 -0.016666486859321594
v -0.2620163559913635 0.1888027787208557 -0.002928987145423889
v -0.2752426266670227 0.1956213414669037 -0.0032575540244579315
v -0.2775455415248871 0.20144617557525635 -0.0031678415834903717
v -0.25054171681404114 0.18742939829826355 -0.000701412558555603
v -0.16942311823368073 0.20340341329574585 0.044078171253204346
v -0.15117143094539642 0.21936152875423431 0.06412655860185623
v -0.1311529576778412 0.20185381174087524 0.1039188951253891
v -0.1396610587835312 0.22076700627803802 0.0928591638803482
v -0.18223600089550018 0.20740729570388794 0.05865556001663208
v -0.18473121523857117 0.1986139416694641 0.0966474786400795
v -0.13720817863941193 0.1853756159543991 0.10899385809898376
v -0.1489841490983963 0.1931687593460083 0.12314808368682861
v -0.1686326563358307 0.19186504185199738 0.11422726511955261
v 0.1159307211637497 0.32759860157966614 0.013845844194293022
v 0.12710116803646088 0.3181847333908081 0.021778546273708344
v 0.11082503944635391 0.3278699517250061 0.021783996373414993
v 0.11547195166349411 0.32622361183166504 0.025548383593559265
v 0.12427714467048645 0.31995803117752075 0.02502507157623768
v 0.12283516675233841 0.32545825839042664 0.025691524147987366
v 0.12483975291252136 0.32265105843544006 0.024946264922618866
v 0.1318681687116623 0.32258790731430054 0.013840533792972565
v 0.1275167465209961 0.32575130462646484 0.007083933800458908
v -0.30688029527664185 0.007057607173919678 0.08827690035104752
v -0.3158072531223297 0.01746915839612484 0.07371270656585693
v -0.30919376015663147 -0.008061829954385757 0.09517884254455566
v -0.2963372766971588 -0.0011323168873786926 0.09439712762832642
v -0.3130992352962494 -0.02429630234837532 0.11697553098201752
v -0.34372439980506897 0.023502971976995468 0.041815243661403656
v -0.34138810634613037 0.03480042889714241 0.049209579825401306
v -0.3347916603088379 0.029607009142637253 0.06546870619058609
v -0.3452679514884949 0.014881550334393978 0.0361856073141098
v -0.3553716838359833 0.012487160041928291 0.013260312378406525
v -0.2490611970424652 0.19118815660476685 -0.0036838650703430176
v -0.24694103002548218 0.1819128394126892 -0.012135475873947144
v -0.2628529667854309 0.19024750590324402 -0.006920509040355682
v -0.26190516352653503 0.18817070126533508 -0.010696832090616226
v -0.2698695957660675 0.19298657774925232 -0.0010294057428836823
v -0.2573622465133667 0.19410672783851624 0.0010431855916976929
v -0.257888525724411 0.1897430121898651 -1.6072764992713928e-05
v -0.2707761824131012 0.19917461276054382 -0.003684321418404579
v -0.2769200801849365 0.20590156316757202 -0.00280124694108963
v -0.2892676293849945 0.20739303529262543 -0.0020145028829574585
v -0.28487417101860046 0.19995808601379395 0.001455036923289299
v -0.16624189913272858 0.21964195370674133 0.06067448854446411
v -0.15752173960208893 0.22884954512119293 0.07758794724941254
v -0.14861473441123962 0.23313532769680023 0.10817521810531616
v -0.13876013457775116 0.2221955507993698 0.11529172956943512
v -0.18582823872566223 0.21233981847763062 0.08115655183792114
v -0.17985567450523376 0.20388777554035187 0.11104271560907364
v -0.1365988850593567 0.20685653388500214 0.12229275703430176
v -0.15639516711235046 0.2035306841135025 0.1350563019514084
v -0.14172635972499847 0.21003758907318115 0.13494651019573212
v 0.1229860931634903 0.3272646367549896 0.00898682326078415
v 0.1186952143907547 0.3300391435623169 0.018049735575914383
v 0.12651123106479645 0.3206797242164612 0.02216886729001999
v 0.12006071954965591 0.32981598377227783 0.021230589598417282
v 0.12933644652366638 0.32923877239227295 0.021219123154878616
v 0.1295231282711029 0.32668536901474 0.021073680371046066
v 0.13131791353225708 0.3263845145702362 0.01659959927201271
v 0.1327328234910965 0.32631200551986694 0.012389183044433594
v -0.2927972376346588 0.0017686299979686737 0.09337674081325531
v -0.3071211576461792 0.0058940090239048 0.09236638247966766
v -0.32329416275024414 0.02120019868016243 0.08904901891946793
v -0.333677738904953 0.0411350354552269 0.08083481341600418
v -0.3305218815803528 0.0292976051568985 0.07142768800258636
v -0.3154732882976532 -0.0053180791437625885 0.11398659646511078
v -0.31715571880340576 0.004557767882943153 0.1102510467171669
v -0.3059459328651428 -0.002602454274892807 0.09313179552555084
v -0.3256499767303467 -0.02492564544081688 0.153206929564476
v -0.3432230055332184 0.05120326578617096 0.05366600304841995
v -0.34994441270828247 0.0426359623670578 0.03073590248823166
v -0.3514259457588196 0.032490942627191544 0.026609085500240326
v -0.33715054392814636 0.048244722187519073 0.06872367113828659
v -0.3546546697616577 0.022399581968784332 0.020291417837142944
v -0.35839611291885376 0.020663555711507797 -0.0037320777773857117
v -0.25743037462234497 0.19628286361694336 0.002723636105656624
v -0.25966718792915344 0.1974075734615326 -0.0014208275824785233
v -0.26573020219802856 0.20256713032722473 -0.0015257783234119415
v -0.2761845588684082 0.1955890655517578 0.004171103239059448
v -0.26088011264801025 0.19676566123962402 0.0021035373210906982
v -0.2558591365814209 0.19935518503189087 0.0013578161597251892
v -0.2699986696243286 0.2126774787902832 -0.0016882792115211487
v -0.2867697775363922 0.21656927466392517 -0.003969777375459671
v -0.2994891405105591 0.21653011441230774 -0.00017939507961273193
v -0.29538494348526 0.20572292804718018 0.0042101070284843445
v -0.17262713611125946 0.22481396794319153 0.0748198851943016
v -0.16349704563617706 0.23690687119960785 0.09195899963378906
v -0.14696891605854034 0.23575395345687866 0.12109604477882385
v -0.16055622696876526 0.240744948387146 0.11272084712982178
v -0.18664181232452393 0.2167649269104004 0.10374707728624344
v -0.17210803925991058 0.20799550414085388 0.1267312914133072
v -0.14200538396835327 0.22541119158267975 0.1320541650056839
v -0.14624227583408356 0.2301071733236313 0.1438465565443039
v -0.15172100067138672 0.21722590923309326 0.1457415372133255
v 0.12133868038654327 0.3301529288291931 0.015591111034154892
v 0.1266326606273651 0.3330671191215515 0.017465412616729736
v 0.1374676376581192 0.3348953127861023 0.013703860342502594
v 0.1390325278043747 0.33298057317733765 0.015336297452449799
v 0.13836391270160675 0.33274438977241516 0.01218152791261673
v 0.14189158380031586 0.33367154002189636 0.010482624173164368
v -0.3216733932495117 0.01823199912905693 0.10145209729671478
v -0.33395305275917053 0.04702555760741234 0.10187399387359619
v -0.341333270072937 0.06945592910051346 0.07525962591171265
v -0.3258373737335205 -0.008939014747738838 0.14866045117378235
v -0.32276633381843567 0.013800116255879402 0.1303853541612625
v -0.32182079553604126 0.015297532081604004 0.10789179801940918
v -0.32767799496650696 0.02752315066754818 0.1276666522026062
v -0.34496182203292847 -0.02494918927550316 0.17774233222007751
v -0.3494901657104492 0.07611021399497986 0.05679333209991455
v -0.3484041690826416 0.05282384157180786 0.03838498890399933
v -0.3532159626483917 0.07020094245672226 0.03650784492492676
v -0.3570493757724762 0.049382418394088745 0.01632772386074066
v -0.36003971099853516 0.04097037762403488 0.009739674627780914
v -0.360762357711792 0.0294417142868042 0.0010555610060691833
v -0.36635956168174744 0.0243107657879591 -0.02338399738073349
v -0.25893402099609375 0.20370149612426758 0.001677015796303749
v -0.2824549674987793 0.19834566116333008 0.009614482522010803
v -0.27111005783081055 0.19711679220199585 0.009906478226184845
v -0.2575330436229706 0.20438459515571594 0.003851892426609993
v -0.25974923372268677 0.21029287576675415 0.0008796695619821548
v -0.2784653306007385 0.2274274230003357 0.00016805902123451233
v -0.2973348796367645 0.23261478543281555 0.0010889340192079544
v -0.30609750747680664 0.21557793021202087 0.005739642307162285
v -0.3092052638530731 0.2289416790008545 0.004942689090967178
v -0.17816336452960968 0.22896450757980347 0.09414906799793243
v -0.17528733611106873 0.2380177229642868 0.10590805113315582
v -0.1591006964445114 0.24696439504623413 0.1278211921453476
v -0.1738530695438385 0.24827426671981812 0.12292395532131195
v -0.18230445683002472 0.2186848670244217 0.11868306994438171
v -0.16626739501953125 0.21651799976825714 0.1419350951910019
v -0.15004806220531464 0.2409714013338089 0.13454864919185638
v -0.1558975875377655 0.23215268552303314 0.15731878578662872
v -0.15276065468788147 0.24784354865550995 0.151038259267807
v 0.13088569045066833 0.33107781410217285 0.010373365134000778
v 0.1372782588005066 0.33490198850631714 0.013791948556900024
v 0.14905978739261627 0.33557605743408203 0.011783711612224579
v 0.14840568602085114 0.33644744753837585 0.011949814856052399
v 0.14475451409816742 0.3346848785877228 0.007700540125370026
v -0.33223074674606323 0.033360064029693604 0.10750092566013336
v -0.3394208550453186 0.058029089123010635 0.11864928156137466
v -0.3430369198322296 0.07255668193101883 0.09406089782714844
v -0.35150519013404846 0.09115001559257507 0.06784915924072266
v -0.3287826478481293 0.013922104611992836 0.1526777446269989
v -0.33715733885765076 -0.012581462040543556 0.1718234419822693
v -0.3361278176307678 0.03400353714823723 0.1560066044330597
v -0.34052446484565735 0.047810427844524384 0.14967921376228333
v -0.33354783058166504 0.0394434817135334 0.12633360922336578
v -0.3644200563430786 -0.023420844227075577 0.1935831904411316
v -0.3586479723453522 0.08936962485313416 0.041933536529541016
v -0.3651496171951294 0.08661888539791107 0.02522674947977066
v -0.357958048582077 0.06484855711460114 0.020216256380081177
v -0.3674655854701996 0.061989348381757736 0.0037900060415267944
v -0.3697509467601776 0.046956464648246765 -0.006621867418289185
v -0.36994731426239014 0.034789714962244034 -0.014773339033126831
v -0.3720533549785614 0.017411917448043823 -0.04015099257230759
v -0.2728523015975952 0.2051524817943573 0.02075730636715889
v -0.29675042629241943 0.20702052116394043 0.017129220068454742
v -0.25980693101882935 0.20891213417053223 0.012878930196166039
v -0.2623522877693176 0.22528433799743652 0.008002262562513351
v -0.2872112989425659 0.2416669875383377 0.007438840344548225
v -0.3041341006755829 0.24537357687950134 0.007395612075924873
v -0.31325283646583557 0.2453257441520691 0.018387211486697197
v -0.32095423340797424 0.22451621294021606 0.01702197641134262
v -0.18634891510009766 0.22880128026008606 0.11246314644813538
v -0.1845177561044693 0.241624116897583 0.12384781241416931
v -0.17037294805049896 0.25669872760772705 0.13284766674041748
v -0.1822650283575058 0.254895955324173 0.13363273441791534
v -0.17902721464633942 0.22343608736991882 0.134122833609581
v -0.16745240986347198 0.2262875735759735 0.1575194150209427
v -0.16054807603359222 0.2599540948867798 0.14199122786521912
v -0.16061609983444214 0.26018422842025757 0.15791010856628418
v -0.1610318124294281 0.24807995557785034 0.16751064360141754
v 0.1467491239309311 0.3356803059577942 0.012724198400974274
v 0.14978991448879242 0.33608442544937134 0.010411985218524933
v 0.15337170660495758 0.33827170729637146 0.010743744671344757
v 0.1540968269109726 0.33736371994018555 0.009396098554134369
v 0.1536925733089447 0.3370174467563629 0.007690791040658951
v 0.1543741077184677 0.33682388067245483 0.00690123438835144
v -0.3448745310306549 0.0670207068324089 0.13492396473884583
v -0.34559860825538635 0.07603874802589417 0.11176584661006927
v -0.3523384630680084 0.09414094686508179 0.08470281213521957
v -0.3611079156398773 0.10431846976280212 0.05397763103246689
v -0.348489910364151 0.030166689306497574 0.17710407078266144
v -0.3450902998447418 0.009275998920202255 0.17898504436016083
v -0.356406033039093 -0.007560098543763161 0.19023284316062927
v -0.3492777645587921 0.0517687052488327 0.168564110994339
v -0.34691882133483887 0.06603708863258362 0.15115423500537872
v -0.38240835070610046 -0.02234511449933052 0.20374137163162231
v -0.36800307035446167 0.10376125574111938 0.03495330363512039
v -0.3780994713306427 0.10033155232667923 0.018178924918174744
v -0.37213334441185 0.08202968537807465 0.010583147406578064
v -0.381715327501297 0.06477078050374985 -0.009015820920467377
v -0.3802908658981323 0.04879947379231453 -0.018816500902175903
v -0.37773534655570984 0.034731220453977585 -0.029552385210990906
v -0.3967796564102173 0.02032247930765152 -0.04385170340538025
v -0.28395071625709534 0.21418261528015137 0.030222417786717415
v -0.2678906321525574 0.22403323650360107 0.025192104279994965
v -0.30846330523490906 0.21628373861312866 0.029712827876210213
v -0.2842850685119629 0.24641430377960205 0.024613648653030396
v -0.3003421425819397 0.2534758150577545 0.01660355180501938
v -0.3175612986087799 0.2576979994773865 0.01795446313917637
v -0.3380749523639679 0.25357481837272644 0.020504817366600037
v -0.33643943071365356 0.23719173669815063 0.024155301973223686
v -0.18717215955257416 0.22952274978160858 0.12708567082881927
v -0.18937572836875916 0.24446436762809753 0.1327984482049942
v -0.17561686038970947 0.2651256322860718 0.14309613406658173
v -0.19076359272003174 0.26134783029556274 0.14052630960941315
v -0.1796134114265442 0.22989889979362488 0.15027697384357452
v -0.1732572317123413 0.23654848337173462 0.17317499220371246
v -0.16930799186229706 0.26808691024780273 0.15244214236736298
v -0.16586236655712128 0.2657625377178192 0.17600969970226288
v -0.17293603718280792 0.25313568115234375 0.18555937707424164
v 0.15328003466129303 0.3375885784626007 0.009870149195194244
v 0.15320126712322235 0.3371623754501343 0.011943958699703217
v 0.15583652257919312 0.34106844663619995 0.010418009012937546
v 0.15612228214740753 0.3409784138202667 0.01162949949502945
v 0.15480370819568634 0.34189048409461975 0.01304706186056137
v 0.16033940017223358 0.34141772985458374 0.010021202266216278
v 0.15899012982845306 0.3394205570220947 0.007002130150794983
v -0.3519699275493622 0.08265853673219681 0.13038323819637299
v -0.35523369908332825 0.09709017723798752 0.10369999706745148
v -0.3619382083415985 0.11162091046571732 0.07352734357118607
v -0.3731887936592102 0.11715296655893326 0.04584190994501114
v -0.35982710123062134 0.02783045917749405 0.19179700314998627
v -0.35562440752983093 0.04562128335237503 0.18133625388145447
v -0.36803117394447327 0.015323802828788757 0.19902721047401428
v -0.38089603185653687 -0.002816705033183098 0.20576545596122742
v -0.35531702637672424 0.06611119210720062 0.1692546308040619
v -0.3549342751502991 0.08732853829860687 0.14538924396038055
v -0.39877375960350037 -0.01492176204919815 0.21165408194065094
v -0.38196873664855957 0.1157539039850235 0.03067111223936081
v -0.3879549503326416 0.09573574364185333 0.007062047719955444
v -0.3950512409210205 0.11115782707929611 0.012685641646385193
v -0.38510483503341675 0.08201524615287781 9.275972843170166e-06
v -0.39560356736183167 0.06159847974777222 -0.02103389799594879
v -0.39051735401153564 0.045253559947013855 -0.028502218425273895
v -0.3918655216693878 0.03452025726437569 -0.038300566375255585
v -0.41612109541893005 0.02191086672246456 -0.0450054332613945
v -0.2958066463470459 0.22220534086227417 0.03718585520982742
v -0.286629319190979 0.23645669221878052 0.03712768852710724
v -0.3347596228122711 0.2281564474105835 0.032284293323755264
v -0.29630789160728455 0.2549278140068054 0.030723534524440765
v -0.31415456533432007 0.2648417353630066 0.030105847865343094
v -0.3324028551578522 0.26544761657714844 0.027753964066505432
v -0.3565099835395813 0.24471458792686462 0.035826176404953
v -0.3517875373363495 0.26534590125083923 0.032653529196977615
v -0.18773086369037628 0.23298977315425873 0.13929450511932373
v -0.19443918764591217 0.24711191654205322 0.14363539218902588
v -0.18134404718875885 0.27688586711883545 0.15433178842067719
v -0.19555415213108063 0.2756497859954834 0.15621139109134674
v -0.18643319606781006 0.2381267100572586 0.16445700824260712
v -0.18447642028331757 0.2481062114238739 0.1896311342716217
v -0.16921648383140564 0.27025455236434937 0.16327352821826935
v -0.17559967935085297 0.2708137631416321 0.19148029386997223
v -0.18101805448532104 0.25953108072280884 0.19569005072116852
v 0.15846259891986847 0.3393995761871338 0.010287821292877197
v 0.15706776082515717 0.3396424651145935 0.010852791368961334
v 0.15948514640331268 0.3419106900691986 0.013276882469654083
v 0.15969370305538177 0.34166622161865234 0.015649117529392242
v 0.162364199757576 0.34124428033828735 0.013945765793323517
v 0.1630624681711197 0.3411456346511841 0.010068230330944061
v 0.16136761009693146 0.34111106395721436 0.01080796867609024
v -0.3595823347568512 0.09833548218011856 0.12012717872858047
v -0.36414670944213867 0.11355425417423248 0.09314250946044922
v -0.37648728489875793 0.12838630378246307 0.06073518097400665
v -0.38667136430740356 0.1312294453382492 0.04692219942808151
v -0.37582260370254517 0.03283369541168213 0.20521768927574158
v -0.3643876612186432 0.04020237922668457 0.1941894292831421
v -0.36339041590690613 0.06191759929060936 0.18410903215408325
v -0.3873075544834137 0.018762582913041115 0.210575670003891
v -0.39950311183929443 0.0050901807844638824 0.2139638364315033
v -0.363199383020401 0.08387285470962524 0.16524621844291687
v -0.36262083053588867 0.09981901943683624 0.13655228912830353
v -0.4156297445297241 -0.00718281976878643 0.2167997658252716
v -0.4047720432281494 0.13116355240345 0.026988349854946136
v -0.4147743582725525 0.12166933715343475 0.008866004645824432
v -0.40380024909973145 0.10043981671333313 5.714595317840576e-05
v -0.4001629054546356 0.07926367223262787 -0.011783868074417114
v -0.41476333141326904 0.07094758749008179 -0.02453504502773285
v -0.40638014674186707 0.050829410552978516 -0.034208111464977264
v -0.4118479788303375 0.0375819131731987 -0.041362859308719635
v -0.42598432302474976 0.022169586271047592 -0.045182839035987854
v -0.30999597907066345 0.2342776656150818 0.05043791979551315
v -0.32146236300468445 0.22494247555732727 0.04325157031416893
v -0.2993503212928772 0.23972636461257935 0.046873874962329865
v -0.3445488512516022 0.2317080795764923 0.04697202146053314
v -0.30654177069664 0.26105865836143494 0.04636283963918686
v -0.3259296715259552 0.271822988986969 0.04371855407953262
v -0.3448837101459503 0.2719193696975708 0.04150940477848053
v -0.3665539026260376 0.26273027062416077 0.04396795481443405
v -0.36518269777297974 0.2471276819705963 0.047693610191345215
v -0.19106245040893555 0.24266061186790466 0.15216843783855438
v -0.2030104249715805 0.26118505001068115 0.15256987512111664
v -0.19027139246463776 0.2849659323692322 0.16428817808628082
v -0.20517532527446747 0.28204345703125 0.1655987650156021
v -0.19399067759513855 0.24574068188667297 0.1788172721862793
v -0.19300594925880432 0.25796008110046387 0.19736650586128235
v -0.17620696127414703 0.2799333930015564 0.17470555007457733
v -0.1837310642004013 0.27362215518951416 0.20310090482234955
v -0.18142087757587433 0.2811148762702942 0.19195877015590668
v 0.15898026525974274 0.3419860005378723 0.01028808206319809
v 0.15814147889614105 0.3412173092365265 0.013574160635471344
v 0.16073064506053925 0.34091126918792725 0.013983920216560364
v 0.1693466454744339 0.3429376184940338 0.01200740784406662
v 0.16905014216899872 0.3402482569217682 0.011099599301815033
v 0.16166545450687408 0.3412559926509857 0.0040586888790130615
v 0.1609584242105484 0.3454555869102478 0.00221174955368042
v -0.36784693598747253 0.11355654895305634 0.11231517791748047
v -0.37432849407196045 0.12947112321853638 0.07914672791957855
v -0.39198172092437744 0.14138710498809814 0.058137886226177216
v -0.4068279266357422 0.14636939764022827 0.046740032732486725
v -0.3698645234107971 0.055313147604465485 0.19503286480903625
v -0.3709993064403534 0.078768789768219 0.18214060366153717
v -0.3998410105705261 0.022420665249228477 0.21519184112548828
v -0.41042810678482056 0.015632517635822296 0.21806828677654266
v -0.3687661588191986 0.10039061307907104 0.153463214635849
v -0.3704603910446167 0.11072028428316116 0.12722301483154297
v -0.43714460730552673 -0.008400589227676392 0.21679967641830444
v -0.42969396710395813 0.13961616158485413 0.018663667142391205
v -0.4371199905872345 0.13061097264289856 0.00812133401632309
v -0.4258953034877777 0.11069004237651825 -0.003542371094226837
v -0.419208824634552 0.08894426375627518 -0.015806443989276886
v -0.4314206540584564 0.07843349874019623 -0.02575724571943283
v -0.4250747561454773 0.056098535656929016 -0.03569651395082474
v -0.42683306336402893 0.03749465569853783 -0.041883669793605804
v -0.3124033510684967 0.2513194978237152 0.05614754185080528
v -0.33563482761383057 0.23179063200950623 0.05686618387699127
v -0.3266553282737732 0.24072164297103882 0.06413940340280533
v -0.35780295729637146 0.2355073094367981 0.05691488832235336
v -0.31815245747566223 0.26321014761924744 0.053298890590667725
v -0.3392626941204071 0.2729031443595886 0.05123927444219589
v -0.3635609447956085 0.275246798992157 0.048944808542728424
v -0.37372615933418274 0.24581414461135864 0.059074658900499344
v -0.3768579363822937 0.26013150811195374 0.05686314404010773
v -0.20147705078125 0.25303882360458374 0.16499491035938263
v -0.21276895701885223 0.2713910937309265 0.1699412316083908
v -0.19945135712623596 0.2906176447868347 0.17713698744773865
v -0.21744461357593536 0.287578821182251 0.18253837525844574
v -0.1999581903219223 0.2557184398174286 0.18963046371936798
v -0.19315636157989502 0.26636970043182373 0.2066168189048767
v -0.1876770257949829 0.2870684266090393 0.18156450986862183
v -0.1881258487701416 0.29014092683792114 0.19516870379447937
v -0.1857074797153473 0.28456613421440125 0.20625390112400055
v 0.1586127132177353 0.3476945161819458 0.009750492870807648
v 0.16399236023426056 0.34850993752479553 0.01409410685300827
v 0.1668335348367691 0.33980292081832886 0.006221577525138855
v 0.17928974330425262 0.34095022082328796 0.006781294941902161
v 0.17476363480091095 0.337739497423172 0.004025906324386597
v 0.16238431632518768 0.3511170744895935 -0.0036020539700984955
v 0.16168810427188873 0.344755083322525 -0.007188316434621811
v -0.37878158688545227 0.13015678524971008 0.10037625581026077
v -0.38654598593711853 0.1405281126499176 0.07028046250343323
v -0.4073142111301422 0.15355612337589264 0.05949980020523071
v -0.4266536235809326 0.15261846780776978 0.03529041260480881
v -0.38165804743766785 0.05234284698963165 0.20589442551136017
v -0.3781055808067322 0.06823738664388657 0.19654914736747742
v -0.3808109164237976 0.09727064520120621 0.17374855279922485
v -0.40724077820777893 0.031798139214515686 0.21875497698783875
v -0.39255762100219727 0.03811004012823105 0.21369394659996033
v -0.42608875036239624 0.010736159980297089 0.21981191635131836
v -0.3806120753288269 0.11534149199724197 0.13794046640396118
v -0.38697490096092224 0.1278182864189148 0.12238980084657669
v -0.45256832242012024 -0.0015418641269207 0.21128055453300476
v -0.4444611966609955 0.14414559304714203 0.016604699194431305
v -0.4528396427631378 0.13490350544452667 0.004995867609977722
v -0.4458950161933899 0.11628378927707672 -0.007372207939624786
v -0.439087450504303 0.09791453182697296 -0.01652272790670395
v -0.4521198868751526 0.08555307984352112 -0.026423200964927673
v -0.44565048813819885 0.06657470017671585 -0.03301055729389191
v -0.44104593992233276 0.04216819629073143 -0.04222366213798523
v -0.32405468821525574 0.25606057047843933 0.06298749893903732
v -0.34580934047698975 0.2380480170249939 0.06606421619653702
v -0.33855098485946655 0.24768942594528198 0.07209400832653046
v -0.36524391174316406 0.24095606803894043 0.06854696571826935
v -0.3294908404350281 0.2672467827796936 0.058224037289619446
v -0.35278329253196716 0.2767271399497986 0.05668489262461662
v -0.3767709732055664 0.2759888172149658 0.05813027173280716
v -0.3874736428260803 0.2622525691986084 0.0659879520535469
v -0.38500937819480896 0.24955973029136658 0.07067953050136566
v -0.2116803079843521 0.26227158308029175 0.18484438955783844
v -0.22090591490268707 0.2761043310165405 0.1882704794406891
v -0.209542915225029 0.2968684434890747 0.19177205860614777
v -0.2217758446931839 0.29444313049316406 0.1967422217130661
v -0.2100289911031723 0.266165554523468 0.2012871950864792
v -0.19243015348911285 0.2760777473449707 0.214564710855484
v -0.19792768359184265 0.2955755591392517 0.19008098542690277
v -0.1908581554889679 0.2949298024177551 0.206257164478302
v -0.198739692568779 0.2993972897529602 0.1988803595304489
v 0.17097999155521393 0.3590239882469177 0.0032732561230659485
v 0.17699016630649567 0.3543151915073395 0.006517559289932251
v 0.1763087958097458 0.3458966314792633 0.010005749762058258
v 0.16713722050189972 0.33984556794166565 -0.007269818335771561
v 0.17781762778759003 0.3381483852863312 -0.010597504675388336
v 0.1911676973104477 0.3395421504974365 -0.006287597119808197
v 0.16420353949069977 0.3511691987514496 -0.016870684921741486
v 0.1688418835401535 0.35904839634895325 -0.01817261427640915
v -0.3905458450317383 0.1440807580947876 0.08525221794843674
v -0.39947599172592163 0.15204375982284546 0.07221553474664688
v -0.42398810386657715 0.1625615358352661 0.05383002758026123
v -0.44771426916122437 0.1581512689590454 0.02897787094116211
v -0.39064791798591614 0.08869102597236633 0.19192123413085938
v -0.39401015639305115 0.11398805677890778 0.15967676043510437
v -0.4181937575340271 0.026483487337827682 0.2217637002468109
v -0.4077894389629364 0.045888371765613556 0.2180425226688385
v -0.44388172030448914 0.015369784086942673 0.21859586238861084
v -0.4002998173236847 0.12973418831825256 0.13596037030220032
v -0.3971356153488159 0.14468897879123688 0.10316921025514603
v -0.4692056179046631 0.0024658478796482086 0.20456568896770477
v -0.457846999168396 0.15103894472122192 0.01896168291568756
v -0.47104138135910034 0.1405397355556488 0.005933381617069244
v -0.4644414484500885 0.12413114309310913 -0.004769548773765564
v -0.4580633044242859 0.10387028008699417 -0.017912432551383972
v -0.47027942538261414 0.09198923408985138 -0.023855164647102356
v -0.46747010946273804 0.07222003489732742 -0.031724318861961365
v -0.4635281562805176 0.04741021245718002 -0.040868304669857025
v -0.4777052402496338 0.028156474232673645 -0.043337687849998474
v -0.3363088071346283 0.26087436079978943 0.06918762624263763
v -0.35395893454551697 0.24411943554878235 0.07521341741085052
v -0.35033684968948364 0.2534927725791931 0.07779163867235184
v -0.3746161162853241 0.24610686302185059 0.07365235686302185
v -0.3449622690677643 0.27168840169906616 0.06296686828136444
v -0.3682876229286194 0.2784161865711212 0.0629216879606247
v -0.385026216506958 0.27565690875053406 0.06676341593265533
v -0.39642685651779175 0.2635742127895355 0.07523512840270996
v -0.389315128326416 0.2506864070892334 0.0744047611951828
v -0.2198071926832199 0.27613407373428345 0.19750240445137024
v -0.22642208635807037 0.2861752510070801 0.2008359581232071
v -0.22753681242465973 0.2951357960700989 0.2069190889596939
v -0.21605686843395233 0.29981529712677 0.19815509021282196
v -0.20634852349758148 0.27266401052474976 0.2145526260137558
v -0.19327302277088165 0.28702300786972046 0.21826283633708954
v -0.20689909160137177 0.2997356057167053 0.19904665648937225
v -0.1991594433784485 0.29925858974456787 0.2112758308649063
v -0.2019479125738144 0.3013864755630493 0.20583854615688324
v 0.1818964034318924 0.3670867383480072 -0.016557924449443817
v 0.18716664612293243 0.3615248203277588 -0.003841996192932129
v 0.18904553353786469 0.35020712018013 0.002338126301765442
v 0.17568553984165192 0.3400675654411316 -0.02249225601553917
v 0.20324893295764923 0.3431715965270996 -0.022554349154233932
v 0.1913079470396042 0.33945542573928833 -0.022498246282339096
v 0.16598083078861237 0.34518635272979736 -0.021730970591306686
v 0.17130731046199799 0.35479140281677246 -0.03609836474061012
v 0.17975996434688568 0.36596062779426575 -0.0331093855202198
v -0.4063708484172821 0.15703442692756653 0.08499930053949356
v -0.4170195162296295 0.16460664570331573 0.07045790553092957
v -0.4438994228839874 0.1708834171295166 0.04697825014591217
v -0.467520534992218 0.1638709455728531 0.027522839605808258
v -0.39546120166778564 0.07265336811542511 0.20538610219955444
v -0.40397316217422485 0.1086975485086441 0.18316952884197235
v -0.41404664516448975 0.12874960899353027 0.1470034420490265
v -0.43312543630599976 0.03275645524263382 0.22350375354290009
v -0.41971108317375183 0.042216598987579346 0.22244271636009216
v -0.40126335620880127 0.058684319257736206 0.2138279378414154
v -0.45840853452682495 0.019420836120843887 0.2121918797492981
v -0.41656410694122314 0.15866519510746002 0.10254907608032227
v -0.4834032952785492 0.00569143146276474 0.20010116696357727
v -0.4768989682197571 0.15446671843528748 0.016423769295215607
v -0.48059937357902527 0.12922674417495728 -0.003991149365901947
v -0.48771727085113525 0.14462435245513916 0.007246322929859161
v -0.4757719337940216 0.11095558106899261 -0.015443973243236542
v -0.48939773440361023 0.09771077334880829 -0.02270215004682541
v -0.4865698516368866 0.07593902945518494 -0.02967841923236847
v -0.4834206998348236 0.05214192718267441 -0.03712530434131622
v -0.3508276045322418 0.26401302218437195 0.0758935883641243
v -0.36162567138671875 0.25731784105300903 0.08016538619995117
v -0.36579063534736633 0.24601808190345764 0.07888747751712799
v -0.38136547803878784 0.2501954734325409 0.07990333437919617
v -0.3580509424209595 0.27440959215164185 0.0687377080321312
v -0.3776823878288269 0.27529728412628174 0.06935854256153107
v -0.39311593770980835 0.279437392950058 0.07411792874336243
v -0.3995670676231384 0.27483388781547546 0.07904891669750214
v -0.39435020089149475 0.25934797525405884 0.07821165025234222
v -0.22018848359584808 0.28001540899276733 0.2077452838420868
v -0.22612057626247406 0.28600871562957764 0.21041594445705414
v -0.21847061812877655 0.3028470277786255 0.20534588396549225
v -0.22691476345062256 0.2941775321960449 0.20787769556045532
v -0.2056710422039032 0.27988848090171814 0.2245175987482071
v -0.19886550307273865 0.2960151433944702 0.21822117269039154
v -0.20677675306797028 0.3023626208305359 0.20293357968330383
v -0.20395341515541077 0.3011409640312195 0.21930000185966492
v -0.2056381106376648 0.30337125062942505 0.211781308054924
v 0.1890106350183487 0.37091517448425293 -0.031282998621463776
v 0.1964596062898636 0.3700031638145447 -0.02237202227115631
v 0.20985008776187897 0.3572690486907959 -0.013274021446704865
v 0.18433131277561188 0.34116625785827637 -0.03397582098841667
v 0.22237007319927216 0.35112646222114563 -0.034660398960113525
v 0.20011483132839203 0.34119781851768494 -0.03974516689777374
v 0.17478947341442108 0.34692850708961487 -0.037432849407196045
v 0.18625225126743317 0.36938002705574036 -0.044787101447582245
v 0.18058572709560394 0.3640844225883484 -0.048465847969055176
v -0.425465852022171 0.17081637680530548 0.08461358398199081
v -0.43676596879959106 0.1769845336675644 0.06789372861385345
v -0.46582555770874023 0.1759519726037979 0.04483859986066818
v -0.48344162106513977 0.164302796125412 0.02389024943113327
v -0.4196760654449463 0.12298156321048737 0.1700635403394699
v -0.4096352756023407 0.09514880180358887 0.19897983968257904
v -0.4325364828109741 0.13354749977588654 0.1499963104724884
v -0.42118456959724426 0.14201965928077698 0.13350380957126617
v -0.4357110857963562 0.052588801831007004 0.22230777144432068
v -0.44909098744392395 0.03786744549870491 0.21904942393302917
v -0.4192383289337158 0.06078794598579407 0.22070090472698212
v -0.4137166738510132 0.07814335823059082 0.21306930482387543
v -0.4740443825721741 0.020413335412740707 0.20726923644542694
v -0.40767350792884827 0.14408817887306213 0.12002234905958176
v -0.43986427783966064 0.1729266196489334 0.10106803476810455
v -0.4270888864994049 0.15679116547107697 0.11745478957891464
v -0.502361536026001 -0.0027321726083755493 0.19750607013702393
v -0.49404624104499817 0.1576063632965088 0.017972752451896667
v -0.5053112506866455 0.14408627152442932 0.0050732046365737915
v -0.4975895583629608 0.13248570263385773 -0.0027170777320861816
v -0.4956758916378021 0.11753048002719879 -0.013363637030124664
v -0.504490852355957 0.08254345506429672 -0.028022244572639465
v -0.5029502511024475 0.05838936194777489 -0.034008339047431946
v -0.5023220777511597 0.03420330584049225 -0.04104388505220413
v -0.36172938346862793 0.2657797932624817 0.07707604765892029
v -0.3682206869125366 0.2548237442970276 0.08141207695007324
v -0.37198150157928467 0.24860423803329468 0.08166831731796265
v -0.3919210731983185 0.25768589973449707 0.081220343708992
v -0.36643877625465393 0.2736349105834961 0.07201804220676422
v -0.38220012187957764 0.27884578704833984 0.0759086012840271
v -0.39568161964416504 0.28120630979537964 0.07840526103973389
v -0.4006722867488861 0.27354761958122253 0.07913494110107422
v -0.39976996183395386 0.2661164402961731 0.08100804686546326
v -0.21948648989200592 0.28178656101226807 0.21775436401367188
v -0.22636102139949799 0.286032497882843 0.21954245865345
v -0.21923287212848663 0.3039811849594116 0.21011795103549957
v -0.2226279377937317 0.29964858293533325 0.21091239154338837
v -0.20962192118167877 0.2887991666793823 0.22786211967468262
v -0.20856888592243195 0.2984970211982727 0.2270364910364151
v -0.21192242205142975 0.3040807247161865 0.20777027308940887
v -0.21197788417339325 0.30397528409957886 0.22285684943199158
v -0.2114925980567932 0.3053944408893585 0.21701432764530182
v 0.19873879849910736 0.3752378523349762 -0.041225846856832504
v 0.21527163684368134 0.37187641859054565 -0.03221452981233597
v 0.22569899260997772 0.36393627524375916 -0.03375571221113205
v 0.18795622885227203 0.34586042165756226 -0.04893937706947327
v 0.23429255187511444 0.3530616760253906 -0.05475993826985359
v 0.2189805954694748 0.3461886942386627 -0.05696377158164978
v 0.17933876812458038 0.35608506202697754 -0.05075329542160034
v 0.18816612660884857 0.3608221709728241 -0.06369654834270477
v 0.1921941488981247 0.3703383505344391 -0.06388972699642181
v -0.4481036365032196 0.18272677063941956 0.08297815918922424
v -0.46031779050827026 0.186248317360878 0.06694909930229187
v -0.48675936460494995 0.1765441596508026 0.03873598575592041
v -0.5002206563949585 0.16727298498153687 0.02528718113899231
v -0.44860920310020447 0.12806783616542816 0.15936854481697083
v -0.4233296513557434 0.10853379964828491 0.18972977995872498
v -0.45194417238235474 0.14343491196632385 0.14634163677692413
v -0.4400906264781952 0.15134648978710175 0.13228420913219452
v -0.4470538794994354 0.06298957765102386 0.21720445156097412
v -0.4326349198818207 0.07551304996013641 0.2167927473783493
v -0.46283894777297974 0.03268681466579437 0.21297967433929443
v -0.4259551167488098 0.09364517033100128 0.2047719657421112
v -0.5027912855148315 0.020165711641311646 0.20088493824005127
v -0.4515523314476013 0.16838452219963074 0.11567117273807526
v -0.46155452728271484 0.18229642510414124 0.09877988696098328
v -0.5167621970176697 0.003989271819591522 0.20115281641483307
v -0.514845073223114 0.15636399388313293 0.016018033027648926
v -0.5135015249252319 0.12533485889434814 -0.008747324347496033
v -0.5247350335121155 0.13781170547008514 -0.0004900693893432617
v -0.5108906626701355 0.1058863177895546 -0.018934115767478943
v -0.5210301280021667 0.06822209060192108 -0.03297940641641617
v -0.5210427045822144 0.04838282987475395 -0.037894874811172485
v -0.5278105735778809 0.027897417545318604 -0.0425252839922905
v -0.37103980779647827 0.2653600573539734 0.07934561371803284
v -0.38267606496810913 0.2506389021873474 0.08412991464138031
v -0.3783791661262512 0.25828391313552856 0.0835229754447937
v -0.3941417336463928 0.2611892819404602 0.08419464528560638
v -0.3762061297893524 0.27283766865730286 0.07692962884902954
v -0.38839372992515564 0.2825455367565155 0.08027005195617676
v -0.39967912435531616 0.280697226524353 0.07909984886646271
v -0.4038698673248291 0.2609390616416931 0.08479496836662292
v -0.4046345055103302 0.2661267817020416 0.08233579993247986
v -0.22096221148967743 0.28647661209106445 0.22706735134124756
v -0.22602365911006927 0.2945317029953003 0.22202445566654205
v -0.2155381292104721 0.29758420586586 0.2141486257314682
v -0.21991153061389923 0.2979990243911743 0.21505001187324524
v -0.2191094011068344 0.29292917251586914 0.23238442838191986
v -0.21393394470214844 0.3013753294944763 0.22705179452896118
v -0.21398846805095673 0.30518457293510437 0.21194662153720856
v -0.21571403741836548 0.3069843649864197 0.22477111220359802
v -0.21556732058525085 0.3057612478733063 0.22111983597278595
v 0.21613262593746185 0.3803819715976715 -0.05895652621984482
v 0.2325318306684494 0.3728353977203369 -0.04990279674530029
v 0.23756782710552216 0.3594658374786377 -0.04970431327819824
v 0.20328868925571442 0.3457842767238617 -0.06095188483595848
v 0.24901966750621796 0.3581576645374298 -0.06577892601490021
v 0.23823629319667816 0.3499900698661804 -0.07174673676490784
v 0.19131694734096527 0.35490119457244873 -0.06610327959060669
v 0.2009492665529251 0.3623882234096527 -0.08454298973083496
v 0.21027283370494843 0.37458813190460205 -0.08378961682319641
v -0.46805253624916077 0.1890963613986969 0.0850624069571495
v -0.48624905943870544 0.18926984071731567 0.061119444668293
v -0.5066039562225342 0.1767093539237976 0.03730478137731552
v -0.521564781665802 0.16740283370018005 0.027573883533477783
v -0.44106507301330566 0.11638455092906952 0.18045833706855774
v -0.4655899405479431 0.1372576802968979 0.15532392263412476
v -0.46242883801460266 0.15874119102954865 0.13258597254753113
v -0.4717990458011627 0.14902591705322266 0.14542274177074432
v -0.4635966420173645 0.05192742124199867 0.21207043528556824
v -0.4647224545478821 0.07673229277133942 0.20733866095542908
v -0.4439959228038788 0.08513399958610535 0.2086481750011444
v -0.4796246290206909 0.038237497210502625 0.20894649624824524
v -0.4387158453464508 0.10233333706855774 0.19412153959274292
v -0.5250301957130432 0.027950994670391083 0.20323725044727325
v -0.48031991720199585 0.1763973981142044 0.11635961383581161
v -0.4827727675437927 0.1883593201637268 0.09772682934999466
v -0.5346723794937134 0.007906652987003326 0.2035980224609375
v -0.5381934642791748 0.15185673534870148 0.01415504515171051
v -0.5455878973007202 0.13180570304393768 -0.0005679130554199219
v -0.5338413119316101 0.11450880765914917 -0.015063904225826263
v -0.5284832119941711 0.08930803835391998 -0.02694646269083023
v -0.538418173789978 0.06416503340005875 -0.037121355533599854
v -0.5366410613059998 0.043120160698890686 -0.040738947689533234
v -0.546607494354248 0.027547284960746765 -0.04450824111700058
v -0.3795471489429474 0.267403244972229 0.08226221799850464
v -0.3913656771183014 0.25981593132019043 0.08646159619092941
v -0.38903599977493286 0.2646706700325012 0.08378706127405167
v -0.40214231610298157 0.26052743196487427 0.08900267630815506
v -0.38265180587768555 0.27839866280555725 0.08240874111652374
v -0.3926589787006378 0.2806784510612488 0.0801447182893753
v -0.402074933052063 0.2722984552383423 0.07875172048807144
v -0.4059300124645233 0.2594223916530609 0.09153114259243011
v -0.40840044617652893 0.2570110857486725 0.08896850049495697
v -0.22407574951648712 0.29408687353134155 0.22712604701519012
v -0.22177892923355103 0.29487356543540955 0.22019320726394653
v -0.2164885550737381 0.30584776401519775 0.21827834844589233
v -0.21243168413639069 0.3044724762439728 0.22333446145057678
v -0.2148832380771637 0.30235403776168823 0.22610118985176086
v -0.2271372526884079 0.2974686026573181 0.23426291346549988
v -0.2192937731742859 0.3053329885005951 0.2218523621559143
v -0.2242143303155899 0.307904988527298 0.2218814343214035
v -0.21904350817203522 0.30695807933807373 0.22432158887386322
v 0.22926847636699677 0.381691038608551 -0.08125171810388565
v 0.2412276417016983 0.3795345723628998 -0.0681120976805687
v 0.25035977363586426 0.3677661418914795 -0.06393486261367798
v 0.22068335115909576 0.34713760018348694 -0.07787641882896423
v 0.25816285610198975 0.35275623202323914 -0.08757438510656357
v 0.2663690447807312 0.36424490809440613 -0.08093719184398651
v 0.20876528322696686 0.35151514410972595 -0.08001150190830231
v 0.22361494600772858 0.36865511536598206 -0.10912791639566422
v 0.23671303689479828 0.3795202374458313 -0.10308534651994705
v -0.4880354106426239 0.19490502774715424 0.08315224200487137
v -0.508175253868103 0.18709315359592438 0.05497586727142334
v -0.5234181880950928 0.17821407318115234 0.04393354058265686
v -0.5411874651908875 0.16734062135219574 0.03584451973438263
v -0.4724622964859009 0.12471114099025726 0.16869698464870453
v -0.4836404025554657 0.13990262150764465 0.1573965847492218
v -0.4939941167831421 0.1525595784187317 0.14665314555168152
v -0.4820116460323334 0.16261112689971924 0.13370487093925476
v -0.4887206256389618 0.058734409511089325 0.2037353515625
v -0.49101224541664124 0.08237536996603012 0.19722884893417358
v -0.4629566967487335 0.09344470500946045 0.19900795817375183
v -0.5114637017250061 0.04517431929707527 0.20369172096252441
v -0.4693826138973236 0.11128243803977966 0.18173983693122864
v -0.5431690216064453 0.023212861269712448 0.20227742195129395
v -0.5035883784294128 0.19087736308574677 0.10047870129346848
v -0.5505458116531372 -0.0009840205311775208 0.20299679040908813
v -0.5562124848365784 0.14102467894554138 0.01087099313735962
v -0.5603504180908203 0.10913677513599396 -0.014891617000102997
v -0.5639100670814514 0.12721943855285645 0.002247169613838196
v -0.5497143864631653 0.0891764685511589 -0.026897437870502472
v -0.5533707141876221 0.04387728124856949 -0.04177653789520264
v -0.5634254813194275 0.06463255733251572 -0.034603141248226166
v -0.5620492696762085 0.02354530245065689 -0.0450255423784256
v -0.38942185044288635 0.27167826890945435 0.08466823399066925
v -0.39789870381355286 0.262698769569397 0.08821868896484375
v -0.3971336781978607 0.2655482888221741 0.08646031469106674
v -0.4085518717765808 0.26240915060043335 0.09667794406414032
v -0.3905162513256073 0.2791363596916199 0.08395129442214966
v -0.39985379576683044 0.27580970525741577 0.07636850327253342
v -0.405546098947525 0.26444777846336365 0.08011598885059357
v -0.4203806221485138 0.2533358335494995 0.0940016433596611
v -0.4163578748703003 0.25751230120658875 0.09841953217983246
v -0.22345535457134247 0.2929086983203888 0.2296581268310547
v -0.2201136201620102 0.29945048689842224 0.22292998433113098
v -0.21992439031600952 0.30862441658973694 0.22119088470935822
v -0.22001226246356964 0.3108130693435669 0.22533106803894043
v -0.22213836014270782 0.3106609284877777 0.22910714149475098
v -0.22929154336452484 0.3061913549900055 0.22545009851455688
v -0.2282780110836029 0.30937325954437256 0.22479289770126343
v -0.2226993590593338 0.3124639689922333 0.22426921129226685
v 0.2548482418060303 0.38531243801116943 -0.09383909404277802
v 0.2663739323616028 0.37639883160591125 -0.08230973780155182
v 0.24280409514904022 0.35012224316596985 -0.09244509041309357
v 0.2813672423362732 0.3736371099948883 -0.09488347917795181
v 0.2754008173942566 0.35856181383132935 -0.10050235688686371
v 0.22852899134159088 0.35308828949928284 -0.10650268197059631
v 0.2503456473350525 0.3746764063835144 -0.12880155444145203
v 0.26200973987579346 0.384089857339859 -0.1143987625837326
v -0.5116175413131714 0.19495746493339539 0.07296807318925858
v -0.527900218963623 0.18407656252384186 0.05573230981826782
v -0.5437321662902832 0.17623502016067505 0.050778232514858246
v -0.562464714050293 0.1520252525806427 0.024887636303901672
v -0.49621498584747314 0.12984822690486908 0.16739490628242493
v -0.5060334205627441 0.14515411853790283 0.15738806128501892
v -0.5155555605888367 0.15326179563999176 0.14951682090759277
v -0.506593644618988 0.16724783182144165 0.13365352153778076
v -0.49142923951148987 0.09917311370372772 0.1885623186826706
v -0.5058078169822693 0.06676038354635239 0.20084348320960999
v -0.5348966121673584 0.04279492795467377 0.2030501663684845
v -0.4900113344192505 0.11641007661819458 0.1777729094028473
v -0.5599837899208069 0.015472494065761566 0.2009313553571701
v -0.5043312907218933 0.18413960933685303 0.11073700338602066
v -0.5174485445022583 0.19453489780426025 0.09392355382442474
v -0.5696606040000916 -0.0032388195395469666 0.20155464112758636
v -0.5740066170692444 0.13507993519306183 0.013771608471870422
v -0.5827284455299377 0.11534330248832703 -0.00014321506023406982
v -0.5805554986000061 0.09661974012851715 -0.015688687562942505
v -0.5712759494781494 0.08362388610839844 -0.025862157344818115
v -0.5830332040786743 0.06329335272312164 -0.029553502798080444
v -0.5817727446556091 0.038869425654411316 -0.038904547691345215
v -0.5770062804222107 0.012643404304981232 -0.04552249610424042
v -0.3957033157348633 0.27135249972343445 0.08252448588609695
v -0.40098559856414795 0.2665010094642639 0.08996014297008514
v -0.40367311239242554 0.2710834741592407 0.0888509750366211
v -0.41811925172805786 0.2614682614803314 0.10134537518024445
v -0.39532342553138733 0.27561256289482117 0.08061157166957855
v -0.40787795186042786 0.2705610394477844 0.07672079652547836
v -0.4156378507614136 0.26036337018013 0.08157649636268616
v -0.42206937074661255 0.2539098858833313 0.10115329921245575
v -0.4226362705230713 0.25242239236831665 0.09392423927783966
v -0.2331310510635376 0.29922184348106384 0.22714851796627045
v -0.21781551837921143 0.3138590455055237 0.2214619517326355
v -0.21289053559303284 0.29926228523254395 0.23053207993507385
v -0.23027345538139343 0.31470978260040283 0.2247556746006012
v -0.23627734184265137 0.3121296763420105 0.22254154086112976
v 0.26640307903289795 0.3863339126110077 -0.10950802266597748
v 0.2797437906265259 0.3839489221572876 -0.10259009897708893
v 0.2555198073387146 0.352573961019516 -0.10914689302444458
v 0.2937834858894348 0.37976783514022827 -0.11134734004735947
v 0.29272711277008057 0.37169143557548523 -0.11068378388881683
v 0.2504355311393738 0.3606482446193695 -0.14089050889015198
v 0.27133989334106445 0.37005090713500977 -0.14303740859031677
v 0.269464373588562 0.3783780336380005 -0.13435640931129456
v -0.5287233591079712 0.19067716598510742 0.0688474029302597
v -0.5434227585792542 0.1830092817544937 0.06274610012769699
v -0.5606694221496582 0.1659156084060669 0.04530516266822815
v -0.5822683572769165 0.14140886068344116 0.02517649531364441
v -0.519973874092102 0.13231366872787476 0.1690002679824829
v -0.5299122333526611 0.14426882565021515 0.1596454679965973
v -0.5391576886177063 0.15691235661506653 0.14692533016204834
v -0.5301224589347839 0.1752719283103943 0.12568426132202148
v -0.5157222151756287 0.08582588285207748 0.19742466509342194
v -0.5162227749824524 0.10598929971456528 0.18742191791534424
v -0.5242643356323242 0.06552519649267197 0.20190100371837616
v -0.5576375722885132 0.03623595088720322 0.20172590017318726
v -0.5111176371574402 0.12032978236675262 0.17799316346645355
v -0.5737282037734985 0.015573933720588684 0.2017267644405365
v -0.5241925716400146 0.18834203481674194 0.10708462446928024
v -0.535460889339447 0.19348934292793274 0.08533938974142075
v -0.589091956615448 -0.001978941261768341 0.200739324092865
v -0.5933821797370911 0.12669603526592255 0.01694566011428833
v -0.6047699451446533 0.10818657279014587 0.007127657532691956
v -0.5987284183502197 0.09334613382816315 -0.008899405598640442
v -0.5932051539421082 0.0757041722536087 -0.021708935499191284
v -0.6053807735443115 0.04919520020484924 -0.027858614921569824
v -0.5992047190666199 0.021158412098884583 -0.03818584978580475
v -0.3987634479999542 0.2713173031806946 0.08388355374336243
v -0.41529104113578796 0.27356743812561035 0.08829671889543533
v -0.4163142740726471 0.27305182814598083 0.09620010107755661
v -0.4279254674911499 0.26460030674934387 0.10171440988779068
v -0.39865532517433167 0.274273544549942 0.08019670844078064
v -0.4169498682022095 0.26780998706817627 0.07714273035526276
v -0.4222828447818756 0.2571634352207184 0.08593860268592834
v -0.425778865814209 0.25239327549934387 0.10065605491399765
v -0.4269980490207672 0.2576510012149811 0.1021265834569931
v -0.2320888638496399 0.2978147268295288 0.23156017065048218
v -0.22526253759860992 0.32224276661872864 0.2082051783800125
v -0.22351719439029694 0.31454575061798096 0.20195139944553375
v -0.23790767788887024 0.31889501214027405 0.22572162747383118
v -0.24264651536941528 0.30823591351509094 0.22281935811042786
v 0.27940505743026733 0.385701984167099 -0.12281467765569687
v 0.29042720794677734 0.38396936655044556 -0.11891394853591919
v 0.2821391820907593 0.36656028032302856 -0.12104684859514236
v 0.29900896549224854 0.3764580190181732 -0.11879464983940125
v 0.29611730575561523 0.3733741343021393 -0.11768476665019989
v 0.2774718999862671 0.37311282753944397 -0.13447467982769012
v 0.28481215238571167 0.37135812640190125 -0.13628917932510376
v 0.2785903215408325 0.3717697858810425 -0.14078199863433838
v -0.5592663288116455 0.17547443509101868 0.06016223132610321
v -0.5824100971221924 0.15161672234535217 0.03921414911746979
v -0.5990872979164124 0.13714160025119781 0.03399744629859924
v -0.543405294418335 0.13087671995162964 0.17107367515563965
v -0.554298460483551 0.13976508378982544 0.16192233562469482
v -0.5564190745353699 0.16546663641929626 0.13487987220287323
v -0.5486937165260315 0.1789286732673645 0.11929108947515488
v -0.5420562028884888 0.09843738377094269 0.19201087951660156
v -0.5403391718864441 0.07742798328399658 0.2000226378440857
v -0.5501354932785034 0.05914761871099472 0.20222407579421997
v -0.5761532187461853 0.03265824541449547 0.2008880078792572
v -0.5332379937171936 0.11501143127679825 0.18354174494743347
v -0.5910385847091675 0.016661278903484344 0.2002663016319275
v -0.5414440035820007 0.18981018662452698 0.10228407382965088
v -0.5513859391212463 0.1859598159790039 0.07592843472957611
v -0.6071245074272156 0.000267617404460907 0.19577963650226593
v -0.6144605875015259 0.11821477860212326 0.024643942713737488
v -0.6233142018318176 0.0977388247847557 0.015820592641830444
v -0.6163370013237 0.08741213381290436 0.0007955431938171387
v -0.6153762936592102 0.069551482796669 -0.012499362230300903
v -0.6191084980964661 0.03073824942111969 -0.02460932731628418
v -0.6187916398048401 0.007895484566688538 -0.03043021261692047
v -0.4057896137237549 0.27127259969711304 0.08412691950798035
v -0.4264356791973114 0.26865172386169434 0.09658359736204147
v -0.4229670464992523 0.2717561423778534 0.0908341333270073
v -0.42795470356941223 0.26585453748703003 0.10198286920785904
v -0.4105794131755829 0.2741941213607788 0.0804390162229538
v -0.42174041271209717 0.2630765438079834 0.0808621346950531
v -0.42442604899406433 0.25506478548049927 0.09541060775518417
v -0.42917340993881226 0.26696309447288513 0.11273019760847092
v -0.4299108386039734 0.25277984142303467 0.10922509431838989
v -0.23101532459259033 0.3014497458934784 0.21389609575271606
v -0.23195455968379974 0.3272746801376343 0.19329428672790527
v -0.23260954022407532 0.3240569829940796 0.19177979230880737
v -0.23478150367736816 0.3264676630496979 0.20878414809703827
v -0.24308054149150848 0.32083529233932495 0.20937055349349976
v -0.24506579339504242 0.3093506693840027 0.21489664912223816
v 0.27944087982177734 0.3777064085006714 -0.13685345649719238
v 0.2895902395248413 0.3827431797981262 -0.13090945780277252
v 0.2984914183616638 0.3818017542362213 -0.1242225244641304
v 0.28709572553634644 0.37219324707984924 -0.12280140817165375
v 0.2990598678588867 0.3727549612522125 -0.12134046107530594
v 0.2989334464073181 0.37191784381866455 -0.12039527297019958
v 0.2931075692176819 0.3848835527896881 -0.11441998183727264
v 0.28657472133636475 0.36759594082832336 -0.1349896341562271
v 0.2872539162635803 0.3675410747528076 -0.14309825003147125
v -0.5718475580215454 0.1764644831418991 0.0745854526758194
v -0.5787720084190369 0.16416598856449127 0.05882783234119415
v -0.604590654373169 0.148588627576828 0.055967360734939575
v -0.6201328039169312 0.1289612352848053 0.04399026930332184
v -0.563135027885437 0.12594790756702423 0.17325176298618317
v -0.5644288063049316 0.14738553762435913 0.15331800282001495
v -0.5756325125694275 0.16756334900856018 0.1245141327381134
v -0.5650224685668945 0.18002986907958984 0.10809730738401413
v -0.5637785792350769 0.07221430540084839 0.19984987378120422
v -0.56938636302948 0.0919601321220398 0.1916608363389969
v -0.5694446563720703 0.04894708842039108 0.2010868489742279
v -0.589799165725708 0.03730382025241852 0.199692040681839
v -0.5607670545578003 0.11193473637104034 0.1846752166748047
v -0.6023960113525391 0.021430648863315582 0.19826506078243256
v -0.5609889626502991 0.18556421995162964 0.09258329123258591
v -0.6249945163726807 -0.006578631699085236 0.19103899598121643
v -0.6314167380332947 0.10677085816860199 0.031220391392707825
v -0.6397901773452759 0.0823250338435173 0.020949333906173706
v -0.6291220784187317 0.0748615711927414 0.0043042004108428955
v -0.6287475824356079 0.052690744400024414 -0.009009003639221191
v -0.41711848974227905 0.2728419899940491 0.08334669470787048
v -0.4284999966621399 0.2705862522125244 0.09744060784578323
v -0.4254460036754608 0.27180972695350647 0.09176836162805557
v -0.43345093727111816 0.27560609579086304 0.10789414495229721
v -0.4201168715953827 0.27419668436050415 0.08047787845134735
v -0.4274631142616272 0.25901055335998535 0.08491852879524231
v -0.4318687319755554 0.2424241006374359 0.10411898791790009
v -0.4349270462989807 0.2510446310043335 0.11881022900342941
v -0.44043809175491333 0.2715299725532532 0.125977024435997
v -0.23569999635219574 0.3152353763580322 0.1978362649679184
v -0.24230548739433289 0.33208757638931274 0.18780642747879028
v -0.23351965844631195 0.32253164052963257 0.20520702004432678
v -0.24082155525684357 0.33438336849212646 0.19111645221710205
v -0.2433387041091919 0.3272232115268707 0.20066387951374054
v -0.24127089977264404 0.3179780840873718 0.20629197359085083
v 0.2874308228492737 0.3736586272716522 -0.1444411426782608
v 0.3018170893192291 0.37579190731048584 -0.12650148570537567
v 0.2993258535861969 0.37845492362976074 -0.13571453094482422
v 0.29402798414230347 0.37084025144577026 -0.12364542484283447
v 0.3026907444000244 0.36795687675476074 -0.12617506086826324
v 0.30063509941101074 0.36565154790878296 -0.12487035989761353
v 0.2886752784252167 0.36901167035102844 -0.12671664357185364
v 0.29049843549728394 0.365743488073349 -0.13602614402770996
v 0.29094254970550537 0.3627905249595642 -0.15077945590019226
v -0.5912221074104309 0.1697140336036682 0.09121513366699219
v -0.5960615873336792 0.16255740821361542 0.0752127468585968
v -0.6279330849647522 0.13649359345436096 0.06287179887294769
v -0.6373320817947388 0.11646115779876709 0.051147252321243286
v -0.5746232867240906 0.13136574625968933 0.1669296771287918
v -0.582107663154602 0.15129756927490234 0.1422390341758728
v -0.592067539691925 0.1667831838130951 0.11134716868400574
v -0.5791797041893005 0.1757955402135849 0.10127321630716324
v -0.5871919393539429 0.07718566805124283 0.19446875154972076
v -0.5841565132141113 0.09656981378793716 0.18849420547485352
v -0.5873168706893921 0.056242045015096664 0.1985980123281479
v -0.6065186262130737 0.039292771369218826 0.19650410115718842
v -0.580338716506958 0.11319621652364731 0.17957636713981628
v -0.621468722820282 0.017468981444835663 0.19397830963134766
v -0.6457557082176208 -0.0031400397419929504 0.18494905531406403
v -0.6480839252471924 0.09258721768856049 0.04020680487155914
v -0.6549909114837646 0.06757852435112 0.030831679701805115
v -0.6454600095748901 0.05414462834596634 0.0079183429479599
v -0.6401093602180481 0.032140374183654785 -0.0033689886331558228
v -0.6308168768882751 0.01625771075487137 -0.018651768565177917
v -0.6320846676826477 -8.791685104370117e-05 -0.02055603265762329
v -0.4267942011356354 0.27351897954940796 0.08766274154186249
v -0.4359424114227295 0.28157439827919006 0.10436156392097473
v -0.4434702396392822 0.2846996486186981 0.0948457270860672
v -0.44476205110549927 0.29509955644607544 0.12151344865560532
v -0.42651957273483276 0.27100956439971924 0.08397848904132843
v -0.4498067796230316 0.2486216127872467 0.0908220186829567
v -0.45303866267204285 0.23802804946899414 0.11050323396921158
v -0.4488621950149536 0.2540495991706848 0.1333198994398117
v -0.45848363637924194 0.29227039217948914 0.13690105080604553
v -0.24053435027599335 0.31263649463653564 0.20538930594921112
v -0.24069806933403015 0.3235265910625458 0.19315341114997864
v -0.24368081986904144 0.33389729261398315 0.18721646070480347
v -0.24161674082279205 0.32265278697013855 0.1984596997499466
v -0.24236559867858887 0.32679253816604614 0.18996542692184448
v -0.24423307180404663 0.32515355944633484 0.1987491250038147
v -0.24086740612983704 0.32167476415634155 0.2042389065027237
v 0.2949545681476593 0.37174052000045776 -0.14349867403507233
v 0.3044094741344452 0.37334296107292175 -0.13651864230632782
v 0.30403465032577515 0.3703734278678894 -0.12836366891860962
v 0.29335975646972656 0.36816826462745667 -0.1255646049976349
v 0.2923024594783783 0.3657737374305725 -0.1283344328403473
v 0.29351285099983215 0.3666667938232422 -0.139949768781662
v 0.2980610430240631 0.3673694431781769 -0.14303149282932281
v -0.6091915965080261 0.1586136817932129 0.0858365148305893
v -0.6417457461357117 0.12469999492168427 0.07034534215927124
v -0.6483936309814453 0.1091083213686943 0.06456516683101654
v -0.5891286134719849 0.1339740753173828 0.15804153680801392
v -0.6026546955108643 0.1520097255706787 0.12913082540035248
v -0.6103513240814209 0.15883773565292358 0.09776972234249115
v -0.6072168946266174 0.08254178613424301 0.18812121450901031
v -0.6054044961929321 0.09951607137918472 0.17996983230113983
v -0.6073185205459595 0.05976982042193413 0.1938427835702896
v -0.6254456639289856 0.040669411420822144 0.19194786250591278
v -0.596347451210022 0.11954276263713837 0.16988851130008698
v -0.6409942507743835 0.021135255694389343 0.18837299942970276
v -0.6812152862548828 -0.009968630969524384 0.17169193923473358
v -0.6620147228240967 0.07588303089141846 0.04820473492145538
v -0.6667343974113464 0.04351869225502014 0.0320470929145813
v -0.6564798355102539 0.029845640063285828 0.017082273960113525
v -0.6508322954177856 0.01562017947435379 0.006359666585922241
v -0.6426995396614075 0.00527326762676239 -0.008173391222953796
v -0.640082597732544 -0.007477685809135437 -0.014295756816864014
v -0.6433331966400146 -0.00856994092464447 -0.006085559725761414
v -0.4448601007461548 0.2804243862628937 0.09238196164369583
v -0.45400312542915344 0.29621976613998413 0.10840050131082535
v -0.47360169887542725 0.30207669734954834 0.10234808921813965
v -0.4711284339427948 0.31084540486335754 0.1299166977405548
v -0.44408780336380005 0.27130624651908875 0.08678089082241058
v -0.4743371605873108 0.2525366544723511 0.10142366588115692
v -0.4767198860645294 0.24294662475585938 0.12518006563186646
v -0.48147401213645935 0.2570944130420685 0.14253844320774078
v -0.474947452545166 0.2783772945404053 0.14369124174118042
v -0.23860375583171844 0.31752851605415344 0.2055428922176361
v -0.23985886573791504 0.3226141929626465 0.19812679290771484
v -0.24341242015361786 0.33163708448410034 0.18924444913864136
v -0.24473817646503448 0.3344287574291229 0.17014290392398834
v -0.24059054255485535 0.3285117745399475 0.18705028295516968
v -0.24339108169078827 0.32669514417648315 0.19723212718963623
v -0.2449776828289032 0.3255896270275116 0.19918593764305115
v 0.3004269003868103 0.36938220262527466 -0.14462816715240479
v 0.3153119683265686 0.369899719953537 -0.14321747422218323
v 0.31574663519859314 0.36099714040756226 -0.13890737295150757
v 0.2977675199508667 0.36267346143722534 -0.1283070147037506
v 0.3088538348674774 0.36219415068626404 -0.13355804979801178
v 0.3097726106643677 0.36282962560653687 -0.14350691437721252
v 0.30797961354255676 0.3685835003852844 -0.1444929540157318
v -0.621826171875 0.15185225009918213 0.08737154304981232
v -0.6185272932052612 0.1504039168357849 0.07504928112030029
v -0.6357539892196655 0.13953575491905212 0.0823097825050354
v -0.6510924100875854 0.12165947258472443 0.08337728679180145
v -0.6582483649253845 0.09166091680526733 0.05963289737701416
v -0.608720600605011 0.13543137907981873 0.1467611938714981
v -0.6189493536949158 0.14966470003128052 0.11516593396663666
v -0.6255443692207336 0.0836748257279396 0.17996357381343842
v -0.6211938858032227 0.1051214188337326 0.1689998209476471
v -0.6263790726661682 0.062380723655223846 0.18725717067718506
v -0.6447882056236267 0.041650835424661636 0.18542234599590302
v -0.6081297993659973 0.12294900417327881 0.1601565182209015
v -0.6652438640594482 0.016027458012104034 0.17969892919063568
v -0.7008781433105469 -0.007905438542366028 0.1528979390859604
v -0.6684802770614624 0.06256519258022308 0.04831264913082123
v -0.671458899974823 0.017677679657936096 0.03727942705154419
v -0.6594002842903137 0.009183600544929504 0.01876315474510193
v -0.6507706642150879 -0.00467333197593689 0.006062999367713928
v -0.4678120017051697 0.28709182143211365 0.0963350385427475
v -0.49864107370376587 0.31425318121910095 0.10942353308200836
v -0.47943997383117676 0.3179628252983093 0.11559529602527618
v -0.47959521412849426 0.3031861484050751 0.1403074562549591
v -0.4770659804344177 0.27116280794143677 0.09620171040296555
v -0.4897364675998688 0.24890854954719543 0.11712998151779175
v -0.5018328428268433 0.25032785534858704 0.13588973879814148
v -0.4982895851135254 0.2573273777961731 0.14434963464736938
v -0.4895646274089813 0.2665308117866516 0.1470988690853119
v -0.24465902149677277 0.3231876492500305 0.19562876224517822
v -0.24486057460308075 0.32520249485969543 0.19103708863258362
v -0.2406214326620102 0.3392883241176605 0.17456325888633728
v -0.2528704106807709 0.33641934394836426 0.15380306541919708
v -0.24877305328845978 0.3296610414981842 0.1718711107969284
v -0.24701285362243652 0.3370983302593231 0.18512298166751862
v -0.25137999653816223 0.33332717418670654 0.1842498779296875
v 0.3105711042881012 0.3676745891571045 -0.14594301581382751
v 0.33630186319351196 0.3607577085494995 -0.1487477421760559
v 0.330405592918396 0.36641332507133484 -0.15160149335861206
v 0.3235073983669281 0.35902297496795654 -0.14350908994674683
v 0.3108541965484619 0.3602263033390045 -0.13970452547073364
v 0.32016855478286743 0.36203229427337646 -0.1489792913198471
v 0.3228885531425476 0.3657412827014923 -0.15007220208644867
v -0.6342964768409729 0.14449428021907806 0.09790210425853729
v -0.6493479013442993 0.1306259036064148 0.0978800356388092
v -0.6642007827758789 0.10067538172006607 0.08045914769172668
v -0.6316550970077515 0.13366499543190002 0.13139957189559937
v -0.6433064937591553 0.08397822827100754 0.17141523957252502
v -0.6441525220870972 0.1016787439584732 0.15795175731182098
v -0.6455780267715454 0.06527416408061981 0.17904342710971832
v -0.667758047580719 0.04426893964409828 0.1752883493900299
v -0.6263612508773804 0.12225255370140076 0.15111888945102692
v -0.6893708109855652 0.017741680145263672 0.16687273979187012
v -0.7123110890388489 -0.014448337256908417 0.13353030383586884
v -0.6814464926719666 0.04159870743751526 0.05671234428882599
v -0.6722776889801025 -0.0008864700794219971 0.040643393993377686
v -0.6620131731033325 -0.011027947068214417 0.025399163365364075
v -0.504397988319397 0.3003743290901184 0.10516148060560226
v -0.4981755018234253 0.322230726480484 0.13026836514472961
v -0.5265246629714966 0.3238830864429474 0.12111692875623703
v -0.48449525237083435 0.28171396255493164 0.14556212723255157
v -0.5057011246681213 0.2715279161930084 0.10969387739896774
v -0.5107122659683228 0.26210835576057434 0.12554557621479034
v -0.5090422034263611 0.2581257224082947 0.14315803349018097
v -0.49386322498321533 0.27017736434936523 0.1499573290348053
v -0.5046239495277405 0.26128387451171875 0.14881066977977753
v -0.25109660625457764 0.32856953144073486 0.18866020441055298
v -0.25347641110420227 0.3325249254703522 0.17189732193946838
v -0.24772746860980988 0.34419116377830505 0.14898206293582916
v -0.2545790672302246 0.341874361038208 0.13880354166030884
v -0.2555323839187622 0.3365648090839386 0.15000641345977783
v -0.24924640357494354 0.3478163778781891 0.1599363386631012
v -0.25218766927719116 0.34507519006729126 0.1668597161769867
v 0.3258307874202728 0.3667985498905182 -0.15032565593719482
v 0.33307790756225586 0.3590644598007202 -0.1506568342447281
v 0.3387974500656128 0.3595427870750427 -0.15808404982089996
v 0.33844423294067383 0.36479294300079346 -0.15824279189109802
v 0.32204997539520264 0.35816532373428345 -0.14724968373775482
v 0.3328043222427368 0.36137235164642334 -0.1568959802389145
v 0.33634066581726074 0.3626970648765564 -0.1566658765077591
v -0.642428994178772 0.13497240841388702 0.11447298526763916
v -0.663408100605011 0.11338944733142853 0.09793578088283539
v -0.6694575548171997 0.07908855378627777 0.06449329853057861
v -0.6773297190666199 0.08251777291297913 0.079947829246521
v -0.6486298441886902 0.11402133107185364 0.14246194064617157
v -0.6585710048675537 0.08470772206783295 0.16327327489852905
v -0.658303439617157 0.09921832382678986 0.1506722867488861
v -0.6590069532394409 0.06669589877128601 0.17225606739521027
v -0.6841861605644226 0.041565023362636566 0.1645147204399109
v -0.7024846076965332 0.01377541571855545 0.1455678939819336
v -0.7200559377670288 -0.0160856693983078 0.10999684035778046
v -0.6798246502876282 0.06644752621650696 0.06975480914115906
v -0.6937162280082703 0.04945845156908035 0.07886092364788055
v -0.686154842376709 0.014116272330284119 0.05897761881351471
v -0.6692706346511841 -0.01774953305721283 0.036669716238975525
v -0.6851322650909424 -0.007845081388950348 0.05575403571128845
v -0.706424355506897 -0.017145052552223206 0.06685282289981842
v -0.5250416994094849 0.2990563213825226 0.12628762423992157
v -0.5222999453544617 0.31567513942718506 0.13908347487449646
v -0.4945634603500366 0.31038153171539307 0.14242078363895416
v -0.49071308970451355 0.284807026386261 0.15327396988868713
v -0.5205702781677246 0.2786758840084076 0.127848818898201
v -0.522358775138855 0.26611071825027466 0.13773342967033386
v -0.5158708095550537 0.26316991448402405 0.1451493203639984
v -0.5079203844070435 0.2673608660697937 0.15418097376823425
v -0.5062893033027649 0.278717041015625 0.15411055088043213
v -0.255302369594574 0.33941158652305603 0.16993248462677002
v -0.2571970820426941 0.3436516225337982 0.15375258028507233
v -0.25175294280052185 0.3492181599140167 0.13525140285491943
v -0.25378745794296265 0.3436291813850403 0.1264076679944992
v -0.2534618377685547 0.3423289656639099 0.13181033730506897
v -0.2537688612937927 0.3540925979614258 0.14051473140716553
v -0.2532375454902649 0.35301288962364197 0.15075497329235077
v 0.33665722608566284 0.363372802734375 -0.15800796449184418
v 0.3363686203956604 0.35793665051460266 -0.1557348221540451
v 0.3422735333442688 0.36183297634124756 -0.16403289139270782
v 0.34506136178970337 0.3612111508846283 -0.16632984578609467
v 0.3284165859222412 0.3551483750343323 -0.15706120431423187
v 0.34836989641189575 0.36049580574035645 -0.1645885705947876
v 0.34654074907302856 0.3595935106277466 -0.1656273454427719
v -0.655328631401062 0.11989033222198486 0.1254843920469284
v -0.676007866859436 0.09484484791755676 0.09563513100147247
v -0.6870660185813904 0.07187196612358093 0.09132972359657288
v -0.6736840009689331 0.08375831693410873 0.14979760348796844
v -0.6667544841766357 0.10267456620931625 0.13653145730495453
v -0.6794931888580322 0.06068556010723114 0.16131152212619781
v -0.6948754787445068 0.0413106232881546 0.15328587591648102
v -0.7129482626914978 0.009772814810276031 0.1211601048707962
v -0.7192871570587158 -0.014897644519805908 0.08612595498561859
v -0.701451301574707 0.025264881551265717 0.08317291736602783
v -0.7018951177597046 0.046852461993694305 0.10474225878715515
v -0.7029148936271667 0.004596807062625885 0.07712900638580322
v -0.5342823266983032 0.30560967326164246 0.1389542520046234
v -0.5087975263595581 0.30568382143974304 0.15400663018226624
v -0.5215561389923096 0.3119685649871826 0.14501358568668365
v -0.505776047706604 0.2929590344429016 0.15865814685821533
v -0.5284829139709473 0.2866365313529968 0.1379099190235138
v -0.5209237933158875 0.26983702182769775 0.1437402069568634
v -0.5143516063690186 0.26516637206077576 0.14710482954978943
v -0.5165989995002747 0.28323638439178467 0.15854153037071228
v -0.5144085884094238 0.2860434055328369 0.15838241577148438
v -0.2561752498149872 0.35041680932044983 0.15401914715766907
v -0.25953829288482666 0.34549251198768616 0.1363624632358551
v -0.2542431950569153 0.35099947452545166 0.12603065371513367
v -0.2544136047363281 0.34908080101013184 0.11329913884401321
v -0.2574073076248169 0.34609735012054443 0.1124836802482605
v -0.254168301820755 0.3555833399295807 0.12892413139343262
v -0.25761133432388306 0.3581458330154419 0.13273417949676514
v 0.3429151177406311 0.36270350217819214 -0.16577355563640594
v 0.3453347682952881 0.36134839057922363 -0.16456447541713715
v 0.34908193349838257 0.36137548089027405 -0.17203477025032043
v 0.35074663162231445 0.36086130142211914 -0.1743241846561432
v 0.3453229069709778 0.3583182692527771 -0.164932981133461
v 0.35334378480911255 0.3585812449455261 -0.1748231202363968
v 0.35479116439819336 0.3588709831237793 -0.17527784407138824
v -0.6588241457939148 0.12034333497285843 0.11196921765804291
v -0.6855090856552124 0.08102165907621384 0.11120614409446716
v -0.6713517308235168 0.1053246483206749 0.11685684323310852
v -0.6832327842712402 0.08536543697118759 0.13000912964344025
v -0.6894242167472839 0.062105029821395874 0.14418312907218933
v -0.7020792365074158 0.03888256847858429 0.13150058686733246
v -0.7148520350456238 0.00640445202589035 0.0979999303817749
v -0.7094442844390869 0.0260419100522995 0.10672388970851898
v -0.6930468082427979 0.0641530305147171 0.1255226880311966
v -0.5312013626098633 0.3035367429256439 0.14150887727737427
v -0.5192506313323975 0.2984864115715027 0.15822795033454895
v -0.5229468941688538 0.30577701330184937 0.15242499113082886
v -0.5164933800697327 0.2889869213104248 0.15704548358917236
v -0.5303521156311035 0.2848877012729645 0.1428007334470749
v -0.5222463607788086 0.2786732316017151 0.14256107807159424
v -0.5137447118759155 0.27856406569480896 0.15394344925880432
v -0.5196149945259094 0.29214707016944885 0.1522483229637146
v -0.5291467308998108 0.28851649165153503 0.1491236388683319
v -0.2609230875968933 0.35413360595703125 0.1371166706085205
v -0.26051628589630127 0.34520840644836426 0.11932337284088135
v -0.25368115305900574 0.35393714904785156 0.11137104034423828
v -0.2615256607532501 0.34842726588249207 0.09536037594079971
v -0.2570420503616333 0.3515348434448242 0.09475886821746826
v -0.25574734807014465 0.360126256942749 0.11393556743860245
v -0.2622106075286865 0.36285537481307983 0.11670010536909103
v 0.3519822955131531 0.36004120111465454 -0.17450560629367828
v 0.35416537523269653 0.3593355417251587 -0.17519451677799225
v 0.35802364349365234 0.3604598939418793 -0.1821480542421341
v 0.3588747978210449 0.35868504643440247 -0.18586774170398712
v 0.35228562355041504 0.35820305347442627 -0.1754481941461563
v 0.3566749095916748 0.3575008511543274 -0.18485577404499054
v 0.3572525382041931 0.3593205511569977 -0.1836119443178177
v -0.5253745913505554 0.3003409802913666 0.1449819803237915
v -0.5200605392456055 0.2920244634151459 0.15878912806510925
v -0.5261552929878235 0.29524579644203186 0.15027709305286407
v -0.5180085897445679 0.2954252362251282 0.15700873732566833
v -0.5238271951675415 0.2850944399833679 0.14241597056388855
v -0.5249133706092834 0.27203842997550964 0.1462920606136322
v -0.5201003551483154 0.28740018606185913 0.15127192437648773
v -0.527465283870697 0.28768911957740784 0.14506496489048004
v -0.527477502822876 0.29324090480804443 0.14718422293663025
v -0.2662566900253296 0.3523237109184265 0.12022155523300171
v -0.26948678493499756 0.3487258553504944 0.09887062013149261
v -0.2545275390148163 0.3557592034339905 0.1017439067363739
v -0.26870405673980713 0.3516949415206909 0.07988385111093521
v -0.2614576816558838 0.3541891872882843 0.07483649253845215
v -0.25654587149620056 0.3639478385448456 0.10384351760149002
v -0.2622724771499634 0.36602386832237244 0.10706688463687897
v 0.3588331341743469 0.35960954427719116 -0.18340636789798737
v 0.359707236289978 0.35856032371520996 -0.18688882887363434
v 0.3667936325073242 0.35822203755378723 -0.19390042126178741
v 0.3635958433151245 0.356413334608078 -0.19455669820308685
v 0.3586312532424927 0.3571817874908447 -0.18503333628177643
v 0.3601180911064148 0.3564078211784363 -0.1942780762910843
v 0.36074304580688477 0.36060070991516113 -0.19477136433124542
v -0.5224390029907227 0.30532562732696533 0.14857959747314453
v -0.5268822908401489 0.2906164526939392 0.15915259718894958
v -0.5191816687583923 0.2978086769580841 0.16389334201812744
v -0.5249807238578796 0.29150089621543884 0.15000835061073303
v -0.5177853107452393 0.290234237909317 0.14759738743305206
v -0.5212844610214233 0.28389567136764526 0.1488146185874939
v -0.5235149264335632 0.2851341664791107 0.14532795548439026
v -0.5309545993804932 0.29191166162490845 0.1453860104084015
v -0.5302479863166809 0.28673484921455383 0.1441810578107834
v -0.2755153775215149 0.35706743597984314 0.09639152139425278
v -0.26939520239830017 0.36560964584350586 0.10482041537761688
v -0.27683156728744507 0.3533886969089508 0.07835434377193451
v -0.25646063685417175 0.3593181371688843 0.07942544668912888
v -0.2607119679450989 0.36433517932891846 0.05120284482836723
v -0.26937150955200195 0.35666054487228394 0.054143570363521576
v -0.25702744722366333 0.37099888920783997 0.08953402191400528
v -0.2650267481803894 0.37332215905189514 0.09658240526914597
v 0.3666817545890808 0.3591076731681824 -0.19440655410289764
v 0.36168330907821655 0.35625290870666504 -0.19486962258815765
v 0.3640146851539612 0.3530459702014923 -0.20293553173542023
v 0.3713085651397705 0.3544054627418518 -0.2022511214017868
v 0.37114548683166504 0.3594872057437897 -0.2049335390329361
v 0.36418861150741577 0.35701340436935425 -0.20411618053913116
v -0.5307397246360779 0.30226096510887146 0.15043289959430695
v -0.5239539742469788 0.2999308109283447 0.15861830115318298
v -0.5313319563865662 0.2993658185005188 0.16374874114990234
v -0.5257658362388611 0.2946552634239197 0.14967630803585052
v -0.5231475234031677 0.30679917335510254 0.15384739637374878
v -0.5263580083847046 0.2822626829147339 0.1464942991733551
v -0.5274933576583862 0.2854812443256378 0.1465916782617569
v -0.5346989035606384 0.2975239157676697 0.14100930094718933
v -0.5334874391555786 0.295031875371933 0.1450537145137787
v -0.2831181287765503 0.361599326133728 0.07466045022010803
v -0.2814413905143738 0.3687330484390259 0.08806757628917694
v -0.28523531556129456 0.36416882276535034 0.05336644500494003
v -0.2566300630569458 0.37645062804222107 0.05965624004602432
v -0.2578768730163574 0.38043180108070374 0.034154124557971954
v -0.2656060755252838 0.36924391984939575 0.02938780188560486
v -0.2621840834617615 0.38284188508987427 0.07045774161815643
v -0.2769376039505005 0.3837042450904846 0.07184762507677078
v 0.3731406331062317 0.3564760982990265 -0.20306168496608734
v 0.36475181579589844 0.3530130386352539 -0.20355822145938873
v 0.3752390742301941 0.3491911292076111 -0.21033431589603424
v 0.37038111686706543 0.34830206632614136 -0.21467073261737823
v 0.3811807632446289 0.3570441007614136 -0.2126946896314621
v 0.3738049864768982 0.36037448048591614 -0.21853847801685333
v -0.5316311120986938 0.3067871928215027 0.15914174914360046
v -0.5350202918052673 0.30820026993751526 0.15798808634281158
v -0.5389760732650757 0.30134448409080505 0.16099141538143158
v -0.5348161458969116 0.297334223985672 0.14901365339756012
v -0.5295589566230774 0.28865543007850647 0.15182220935821533
v -0.5354556441307068 0.289828360080719 0.14839434623718262
v -0.5363534092903137 0.29348722100257874 0.14290140569210052
v -0.5343711972236633 0.2971462607383728 0.1422419548034668
v -0.5410470962524414 0.2972632348537445 0.14311115443706512
v -0.29014113545417786 0.37348631024360657 0.05854856222867966
v -0.28438448905944824 0.3819235861301422 0.06278525292873383
v -0.2802630066871643 0.36755356192588806 0.03007350116968155
v -0.2604885697364807 0.3937278985977173 0.04245989769697189
v -0.26244813203811646 0.3987084627151489 0.006630130112171173
v -0.2685889005661011 0.38472217321395874 0.0040546804666519165
v -0.27119484543800354 0.39343664050102234 0.05438373237848282
v -0.2823035418987274 0.39485862851142883 0.04864425212144852
v 0.3748410940170288 0.35286664962768555 -0.20784522593021393
v 0.3694051504135132 0.3513069748878479 -0.2152242809534073
v 0.38148194551467896 0.3452700674533844 -0.22337491810321808
v 0.37387633323669434 0.34753793478012085 -0.2254975587129593
v 0.37696152925491333 0.3550860285758972 -0.22766877710819244
v 0.3849996328353882 0.3533684015274048 -0.22365127503871918
v -0.5291533470153809 0.2919512689113617 0.1706002950668335
v -0.5414214730262756 0.3012332022190094 0.15107685327529907
v -0.5389935970306396 0.29333439469337463 0.1564425379037857
v -0.541007936000824 0.29901111125946045 0.14705270528793335
v -0.5288555026054382 0.29111456871032715 0.1602003276348114
v -0.5376576781272888 0.28433626890182495 0.15088510513305664
v -0.5374183654785156 0.291331946849823 0.1456676721572876
v -0.5347532033920288 0.29292306303977966 0.14494438469409943
v -0.5402485728263855 0.2931519150733948 0.14556145668029785
v -0.2929058074951172 0.38742175698280334 0.03994625806808472
v -0.293593168258667 0.3768406808376312 0.032847534865140915
v -0.2801414132118225 0.3775908350944519 0.0037188902497291565
v -0.2900761365890503 0.3798235356807709 0.006814971566200256
v -0.2679347097873688 0.404435932636261 0.019931219518184662
v -0.27179574966430664 0.41016238927841187 -0.01798250526189804
v -0.2726799547672272 0.40023893117904663 -0.020554736256599426
v -0.2762957811355591 0.40680742263793945 0.027930736541748047
v -0.2906988561153412 0.4043950140476227 0.02285797894001007
v 0.3836870789527893 0.34977445006370544 -0.21783678233623505
v 0.37417805194854736 0.3531334400177002 -0.22784356772899628
v 0.38712918758392334 0.3450659513473511 -0.23426775634288788
v 0.3857121467590332 0.3473496437072754 -0.23464137315750122
v 0.3849636912345886 0.34994426369667053 -0.23491238057613373
v 0.38799071311950684 0.35031265020370483 -0.2348724752664566
v -0.5214419364929199 0.28020015358924866 0.1588667631149292
v -0.5380579829216003 0.294428288936615 0.1517331302165985
v -0.5314806699752808 0.2936435341835022 0.15689601004123688
v -0.5373459458351135 0.29515618085861206 0.14951641857624054
v -0.520714282989502 0.2684430778026581 0.15956944227218628
v -0.5338612198829651 0.2750931680202484 0.15067678689956665
v -0.5360415577888489 0.2851841449737549 0.1475910246372223
v -0.5338724851608276 0.2887575030326843 0.1504938155412674
v -0.29679837822914124 0.38567566871643066 0.009748987853527069
v -0.30101293325424194 0.3959104120731354 0.010853350162506104
v -0.28226685523986816 0.39125028252601624 -0.02299414575099945
v -0.2895488142967224 0.38776418566703796 -0.015514031052589417
v -0.2742822766304016 0.41526827216148376 -0.004843294620513916
v -0.27868446707725525 0.4180895686149597 -0.028668537735939026
v -0.2784747779369354 0.41080814599990845 -0.03605128824710846
v -0.28727298974990845 0.41816842555999756 -0.0017075687646865845
v -0.29839104413986206 0.41427081823349 -0.010509386658668518
v 0.38979125022888184 0.3483361601829529 -0.23661120235919952
v 0.3861812353134155 0.3491818904876709 -0.23510737717151642
v 0.39855656027793884 0.3435155749320984 -0.24489645659923553
v 0.4011878967285156 0.34349456429481506 -0.24777087569236755
v 0.3941638469696045 0.34803473949432373 -0.24208861589431763
v 0.4004989266395569 0.3485347032546997 -0.24807783961296082
v -0.522018551826477 0.2880783677101135 0.15588383376598358
v -0.5317753553390503 0.2919256091117859 0.15466438233852386
v -0.5368070602416992 0.2936021387577057 0.1529068499803543
v -0.5336103439331055 0.29239627718925476 0.15432415902614594
v -0.5195319652557373 0.2691745162010193 0.14845027029514313
v -0.5377512574195862 0.2772575616836548 0.14243397116661072
v -0.5396004915237427 0.28941115736961365 0.1473686397075653
v -0.3005249798297882 0.3936750888824463 -0.013321883976459503
v -0.30270129442214966 0.4064221978187561 -0.01538202166557312
v -0.29480642080307007 0.40131518244743347 -0.040743544697761536
v -0.2833065986633301 0.4043811559677124 -0.04112544655799866
v -0.2833231985569 0.4214954078197479 -0.023271754384040833
v -0.2837909460067749 0.4179060757160187 -0.043439753353595734
v -0.28736749291419983 0.4115631580352783 -0.04714721441268921
v -0.2917138338088989 0.42183127999305725 -0.022986426949501038
v -0.2959466278553009 0.41960135102272034 -0.025008991360664368
v 0.40225112438201904 0.34742844104766846 -0.24811746180057526
v 0.3957861065864563 0.34462273120880127 -0.2429191768169403
v 0.4044160842895508 0.3409343659877777 -0.2581546902656555
v 0.4036397337913513 0.34129011631011963 -0.25525718927383423
v 0.40687891840934753 0.34536105394363403 -0.25892579555511475
v 0.40126970410346985 0.3434031307697296 -0.25084930658340454
v -0.5277656316757202 0.28988873958587646 0.15729328989982605
v -0.5363917946815491 0.29237663745880127 0.15338851511478424
v -0.5443294048309326 0.2893562316894531 0.13406558334827423
v -0.5480525493621826 0.29062339663505554 0.14027680456638336
v -0.30069172382354736 0.40846139192581177 -0.03262048959732056
v -0.2997647225856781 0.41621142625808716 -0.02747797966003418
v -0.29258060455322266 0.41043126583099365 -0.04875628650188446
v -0.29599258303642273 0.41342127323150635 -0.051362067461013794
v -0.2846686840057373 0.4220275282859802 -0.03911028802394867
v -0.28860676288604736 0.4163435399532318 -0.0469273179769516
v -0.293136864900589 0.4156709611415863 -0.05110427737236023
v -0.2878440022468567 0.42389804124832153 -0.0374247208237648
v -0.2926183342933655 0.42337125539779663 -0.037170201539993286
v 0.4087495803833008 0.34704506397247314 -0.25952813029289246
v 0.4018179178237915 0.3420022130012512 -0.2502497434616089
v 0.40324148535728455 0.33941009640693665 -0.25892823934555054
v 0.4023115932941437 0.33821049332618713 -0.2584470212459564
v -0.5272641181945801 0.2855701148509979 0.1367228776216507
v -0.5147919058799744 0.2956514060497284 0.1513359546661377
v -0.5298991799354553 0.29776814579963684 0.15465357899665833
v -0.5413256883621216 0.2934916913509369 0.1514894664287567
v -0.5510473251342773 0.297377347946167 0.13124115765094757
v -0.5470210313796997 0.2972244322299957 0.1293787956237793
v -0.29760506749153137 0.4197928011417389 -0.0421300083398819
v -0.29808029532432556 0.4148402512073517 -0.047316670417785645
v -0.29615768790245056 0.41837576031684875 -0.05069528520107269
v -0.29554563760757446 0.41738104820251465 -0.05203375220298767
v -0.28848347067832947 0.4197866916656494 -0.045833855867385864
v -0.29552769660949707 0.4192085564136505 -0.04972606897354126
v -0.29336628317832947 0.41816970705986023 -0.0515834242105484
v -0.28719255328178406 0.42281919717788696 -0.04580742120742798
v -0.2919069826602936 0.4243517816066742 -0.046913474798202515
v 0.4076835811138153 0.34106653928756714 -0.26297909021377563
v 0.4055429697036743 0.33914220333099365 -0.2657696008682251
v 0.4041396975517273 0.33614522218704224 -0.26700395345687866
v 0.40643593668937683 0.3430425822734833 -0.26417529582977295
v -0.5344303250312805 0.30275097489356995 0.13633239269256592
v -0.5397408604621887 0.29740530252456665 0.13178078830242157
v -0.5405982732772827 0.30569130182266235 0.14867480099201202
v -0.5505034327507019 0.296538382768631 0.14034858345985413
v -0.5451567769050598 0.3017277419567108 0.12769433856010437
v -0.5538334250450134 0.3023042678833008 0.12665751576423645
v -0.2955199182033539 0.42088690400123596 -0.052613839507102966
v -0.2954554259777069 0.42437943816185 -0.049978211522102356
v -0.2957295775413513 0.4209941029548645 -0.04960693418979645
v -0.29454100131988525 0.4234884977340698 -0.05066406726837158
v -0.2890101969242096 0.41948169469833374 -0.047812268137931824
v -0.29181987047195435 0.4201734960079193 -0.04878784716129303
v -0.29176855087280273 0.4169990122318268 -0.048390328884124756
v -0.28647366166114807 0.4233122766017914 -0.04654909670352936
v -0.2915284335613251 0.42647624015808105 -0.0523202121257782
v 0.4073112905025482 0.3427726924419403 -0.26378631591796875
v 0.40516483783721924 0.3432786464691162 -0.27145713567733765
v 0.4118843078613281 0.33962878584861755 -0.26931440830230713
v 0.4102296829223633 0.34237685799598694 -0.2704974412918091
v -0.546568751335144 0.3022935688495636 0.12883391976356506
v -0.5549715757369995 0.31039947271347046 0.13921815156936646
v -0.5499500036239624 0.3039226830005646 0.1418677568435669
v -0.5523889064788818 0.2984667718410492 0.1376626342535019
v -0.5493803024291992 0.2960231900215149 0.12897121906280518
v -0.5484481453895569 0.2995743155479431 0.1251268982887268
v -0.29381266236305237 0.4269433617591858 -0.05075940489768982
v -0.2943212389945984 0.42257195711135864 -0.048258379101753235
v -0.29653117060661316 0.42511701583862305 -0.049522802233695984
v -0.285003125667572 0.4254567623138428 -0.042370833456516266
v -0.291731059551239 0.4227311611175537 -0.05049319565296173
v -0.2876003682613373 0.4251524806022644 -0.0496990829706192
v -0.2875073552131653 0.42644208669662476 -0.040838949382305145
v -0.2900506258010864 0.4268220365047455 -0.046180546283721924
v 0.4080979824066162 0.34188908338546753 -0.2679397463798523
v 0.4198269844055176 0.3436257839202881 -0.28758490085601807
v 0.4264180660247803 0.34266072511672974 -0.28790444135665894
v 0.41322872042655945 0.344504177570343 -0.26545149087905884
v 0.4117969572544098 0.33805662393569946 -0.2742350101470947
v 0.4152231216430664 0.3422228693962097 -0.2788979411125183
v -0.5578771233558655 0.3129331171512604 0.1342518925666809
v -0.5513493418693542 0.3064884543418884 0.12847641110420227
v -0.5541287064552307 0.30523547530174255 0.14450350403785706
v -0.5561813116073608 0.29870539903640747 0.13786832988262177
v -0.5592412352561951 0.3092805743217468 0.11761409044265747
v -0.5614574551582336 0.3033202290534973 0.11750467866659164
v -0.2940369248390198 0.4273861348628998 -0.05131104588508606
v -0.2956662178039551 0.4240187108516693 -0.04949522018432617
v -0.2964598536491394 0.4254727065563202 -0.04808056354522705
v -0.28835973143577576 0.4280593693256378 -0.0464913547039032
v -0.28923627734184265 0.42932766675949097 -0.04463788866996765
v -0.29419559240341187 0.4295661449432373 -0.04565297067165375
v 0.4171993136405945 0.34260499477386475 -0.2778104543685913
v 0.4242609739303589 0.34302210807800293 -0.28924113512039185
v 0.4440377950668335 0.34421566128730774 -0.3007577061653137
v 0.4465019702911377 0.34260109066963196 -0.298957884311676
v 0.4373449683189392 0.3405725061893463 -0.29500019550323486
v 0.4149573743343353 0.33879998326301575 -0.27404993772506714
v 0.42056262493133545 0.3411572277545929 -0.28725236654281616
v -0.5611152648925781 0.31870073080062866 0.12528152763843536
v -0.5602426528930664 0.314486563205719 0.11683041602373123
v -0.5663460493087769 0.31537100672721863 0.13142691552639008
v -0.5681636929512024 0.3020033836364746 0.13124868273735046
v -0.5670410990715027 0.32163530588150024 0.10664620995521545
v -0.571648359298706 0.31754714250564575 0.10696889460086823
v -0.2956578731536865 0.4301895499229431 -0.05053804814815521
v -0.2962628901004791 0.4291435480117798 -0.05192834883928299
v -0.2972235679626465 0.430787593126297 -0.05111819505691528
v -0.2901165783405304 0.43053802847862244 -0.050222642719745636
v -0.2919423580169678 0.42871516942977905 -0.05240653455257416
v -0.2913922369480133 0.432804673910141 -0.04761368781328201
v -0.294160395860672 0.43450045585632324 -0.04606913775205612
v 0.43448060750961304 0.342835009098053 -0.29596996307373047
v 0.4518331289291382 0.34257563948631287 -0.30292052030563354
v 0.4542677700519562 0.34310194849967957 -0.3018013834953308
v 0.4589543044567108 0.34049010276794434 -0.3072616457939148
v 0.43373894691467285 0.33909302949905396 -0.2943097949028015
v 0.44706952571868896 0.3431435823440552 -0.31086620688438416
v 0.4203798174858093 0.3398994207382202 -0.2794862985610962
v -0.571759045124054 0.32327374815940857 0.12010926753282547
v -0.568351686000824 0.3255210518836975 0.1114012748003006
v -0.5759466290473938 0.32235831022262573 0.1182919442653656
v -0.5789568424224854 0.3182082176208496 0.10559550672769547
v -0.2978438436985016 0.4350338280200958 -0.05052436888217926
v -0.29846808314323425 0.44076332449913025 -0.06344085186719894
v -0.2950683832168579 0.4354701638221741 -0.05798902362585068
v -0.28974831104278564 0.43541112542152405 -0.05102924257516861
v -0.291302353143692 0.4359521269798279 -0.05467119812965393
v -0.2935897707939148 0.4386717975139618 -0.04854939132928848
v -0.2963367700576782 0.4445652961730957 -0.05220385640859604
v 0.45645302534103394 0.3398095965385437 -0.31410568952560425
v 0.4580448269844055 0.3437820076942444 -0.30957430601119995
v 0.4686344563961029 0.3417181372642517 -0.3121313452720642
v 0.459985613822937 0.3390596807003021 -0.31017380952835083
v -0.5848060846328735 0.33053842186927795 0.1107780858874321
v -0.5801358819007874 0.33451876044273376 0.10685403645038605
v -0.5767268538475037 0.31651321053504944 0.11484004557132721
v -0.5830761790275574 0.3278585374355316 0.11166194081306458
v -0.5777464509010315 0.32994216680526733 0.0944160521030426
v -0.5846229791641235 0.32924026250839233 0.0960506871342659
v -0.5755947232246399 0.3347727358341217 0.1006883978843689
v -0.298850417137146 0.4419146180152893 -0.05027073621749878
v -0.29062017798423767 0.4408743977546692 -0.056720227003097534
v -0.2919672727584839 0.4460180997848511 -0.06574127078056335
v -0.29313337802886963 0.4471472203731537 -0.061416611075401306
v -0.29678621888160706 0.4484207034111023 -0.06660749018192291
v 0.45411592721939087 0.3443695306777954 -0.3084743618965149
v 0.4622722268104553 0.34280797839164734 -0.31081706285476685
v 0.4654827117919922 0.34041064977645874 -0.3159787654876709
v 0.45019781589508057 0.34245797991752625 -0.31263723969459534
v 0.4495594799518585 0.3500000238418579 -0.31240326166152954
v -0.5899741053581238 0.34403514862060547 0.09741891175508499
v -0.5910801887512207 0.34145301580429077 0.1007818728685379
v -0.587016761302948 0.32369330525398254 0.10205301642417908
v -0.5946404337882996 0.33614492416381836 0.10495728254318237
v -0.5933281779289246 0.33657699823379517 0.09123723953962326
v -0.5869537591934204 0.34043967723846436 0.08916253596544266
v -0.5844558477401733 0.3429831862449646 0.09800950437784195
v -0.2991710305213928 0.44658589363098145 -0.07259728014469147
v -0.29380345344543457 0.45881009101867676 -0.07403495907783508
v -0.2960343658924103 0.4543895721435547 -0.08517177402973175
v -0.2958010137081146 0.4558256268501282 -0.07815061509609222
v -0.29896849393844604 0.4596640467643738 -0.09490226209163666
v 0.45684516429901123 0.34651774168014526 -0.31452497839927673
v -0.5974414944648743 0.34899359941482544 0.09558959305286407
v -0.6009915471076965 0.34870773553848267 0.09426698833703995
v -0.5930708050727844 0.3340785503387451 0.10000218451023102
v -0.6058418154716492 0.34791654348373413 0.09265302866697311
v -0.599527895450592 0.34515124559402466 0.0889282077550888
v -0.5975826382637024 0.34516453742980957 0.0858801007270813
v -0.5931831002235413 0.3487710952758789 0.08983351290225983
v -0.29988032579421997 0.45979732275009155 -0.09106580913066864
v -0.2964209020137787 0.46901577711105347 -0.09580273926258087
v -0.3006150424480438 0.4678179621696472 -0.09613846242427826
v -0.2942568063735962 0.4730833172798157 -0.10264705121517181
v -0.29704952239990234 0.4707377552986145 -0.09883871674537659
v -0.6098082065582275 0.35406294465065 0.08734980970621109
v -0.6079277992248535 0.3548368811607361 0.08800391852855682
v -0.6008168458938599 0.34289878606796265 0.09426458925008774
v -0.6091562509536743 0.3514341115951538 0.08812820166349411
v -0.5852820873260498 0.34425491094589233 0.09133739769458771
v -0.5924193263053894 0.3489280939102173 0.08581775426864624
v -0.6017031073570251 0.3481575548648834 0.08399445563554764
v -0.6017636656761169 0.3473730981349945 0.08520300686359406
v -0.6014711260795593 0.3555923402309418 0.08409927785396576
v -0.30107325315475464 0.4708620309829712 -0.09892398118972778
v -0.29995936155319214 0.47342056035995483 -0.10041412711143494
v -0.3015468418598175 0.4769766330718994 -0.10208587348461151
v -0.29458358883857727 0.4746575951576233 -0.1011887937784195
v -0.29341018199920654 0.47708845138549805 -0.10433351993560791
v -0.614266037940979 0.35926833748817444 0.08152041584253311
v -0.6109436750411987 0.36062973737716675 0.08024819940328598
v -0.6046035289764404 0.3486311435699463 0.08819431066513062
v -0.6098571419715881 0.3541090488433838 0.08539605140686035
v -0.5959591269493103 0.35094115138053894 0.08450346440076828
v -0.6031816601753235 0.3555153012275696 0.07881607860326767
v -0.6048877835273743 0.3518083691596985 0.07834579795598984
v -0.6083815693855286 0.36085981130599976 0.07896007597446442
v -0.29854434728622437 0.4796985387802124 -0.10348649322986603
v -0.298610121011734 0.4803057909011841 -0.10779286921024323
v -0.29672467708587646 0.4805951714515686 -0.11007614433765411
v -0.2946817874908447 0.47833573818206787 -0.10836425423622131
v -0.29704636335372925 0.48193174600601196 -0.10957829654216766
v -0.615780770778656 0.36280137300491333 0.07872377336025238
v -0.6131444573402405 0.3600716292858124 0.08030945062637329
v -0.6074622273445129 0.3546753525733948 0.0827990472316742
v -0.6145674586296082 0.36185339093208313 0.07757328450679779
v -0.6020345091819763 0.3587484657764435 0.08095961064100266
v -0.6093300580978394 0.3577365279197693 0.07668372988700867
v -0.6092405915260315 0.3559446930885315 0.07481476664543152
v -0.6086437106132507 0.3604982793331146 0.07842417806386948
v -0.2998397946357727 0.4817809462547302 -0.10762463510036469
v -0.29623427987098694 0.488398015499115 -0.12277759611606598
v -0.294466495513916 0.4863470792770386 -0.12113244831562042
v -0.29500943422317505 0.48735666275024414 -0.11964021623134613
v -0.29781532287597656 0.4860052466392517 -0.11748276650905609
v -0.6101862192153931 0.36335358023643494 0.07250765711069107
v -0.6150698065757751 0.3641549050807953 0.07753586769104004
v -0.6108753085136414 0.3603513240814209 0.0786738246679306
v -0.6174747347831726 0.36264902353286743 0.07787660509347916
v -0.6069129705429077 0.36169543862342834 0.07666508108377457
v -0.6169200539588928 0.3602740466594696 0.0678667202591896
v -0.6153944134712219 0.36086252331733704 0.06805954873561859
v -0.6091817021369934 0.3640252947807312 0.06988994777202606
v -0.2969251275062561 0.48449134826660156 -0.11482857167720795
v -0.2931239604949951 0.4934072494506836 -0.13413618505001068
v -0.2955532670021057 0.4937834143638611 -0.13150162994861603
v -0.2993888854980469 0.4948171377182007 -0.13046474754810333
v -0.30269503593444824 0.49305403232574463 -0.12821047008037567
v -0.6064781546592712 0.37164783477783203 0.06571515649557114
v -0.6120965480804443 0.3743097186088562 0.06993933767080307
v -0.6169281005859375 0.3617269992828369 0.07444940507411957
v -0.6191526055335999 0.37148696184158325 0.07463865727186203
v -0.6130558848381042 0.3629630208015442 0.06719626486301422
v -0.6246640682220459 0.3626463711261749 0.06639010459184647
v -0.6228154897689819 0.36304688453674316 0.06131580471992493
v -0.609680712223053 0.3674621880054474 0.05939507484436035
v -0.2966497540473938 0.4895559549331665 -0.12785924971103668
v -0.2949962019920349 0.5019957423210144 -0.15178854763507843
v -0.29205313324928284 0.49696409702301025 -0.14783509075641632
v -0.30090364813804626 0.49872642755508423 -0.14524655044078827
v -0.30164510011672974 0.49876564741134644 -0.14611835777759552
v -0.6048517227172852 0.3757339417934418 0.051814205944538116
v -0.6055923104286194 0.38004010915756226 0.06138269230723381
v -0.6253658533096313 0.36754468083381653 0.07223521173000336
v -0.6139684915542603 0.3867155909538269 0.0660199373960495
v -0.6163169741630554 0.3654835522174835 0.05747240036725998
v -0.6301077008247375 0.36320769786834717 0.055346764624118805
v -0.6346045136451721 0.3698868453502655 0.06315307319164276
v -0.6124594211578369 0.3702888786792755 0.047443389892578125
v -0.2982128858566284 0.4967753291130066 -0.144266739487648
v -0.29182684421539307 0.5048050284385681 -0.16439475119113922
v -0.29281023144721985 0.5024362206459045 -0.1603253334760666
v -0.2968407869338989 0.5075365900993347 -0.16028328239917755
v -0.2996261715888977 0.5013588666915894 -0.15695877373218536
v -0.6026656031608582 0.39075082540512085 0.044241178780794144
v -0.6092275977134705 0.3814007639884949 0.0358189158141613
v -0.6338220834732056 0.37752705812454224 0.06709858775138855
v -0.6152171492576599 0.40075603127479553 0.055376771837472916
v -0.6225354671478271 0.36593952775001526 0.048955414444208145
v -0.6431728601455688 0.37466856837272644 0.045609697699546814
v -0.6435215473175049 0.38384732604026794 0.055959656834602356
v -0.6209437251091003 0.3731752932071686 0.037469226866960526
v -0.29632362723350525 0.49950289726257324 -0.15865300595760345
v -0.2923743724822998 0.5103745460510254 -0.17409966886043549
v -0.2871745824813843 0.5031364560127258 -0.17257417738437653
v -0.29479095339775085 0.5112279057502747 -0.17346744239330292
v -0.30092859268188477 0.5059773921966553 -0.17031587660312653
v -0.6043802499771118 0.41082343459129333 0.03101199120283127
v -0.608253002166748 0.39732998609542847 0.022287387400865555
v -0.6321521401405334 0.39248281717300415 0.06116370111703873
v -0.6224436163902283 0.41750481724739075 0.03887177258729935
v -0.632638692855835 0.37047386169433594 0.03882436081767082
v -0.650312066078186 0.3985489010810852 0.04903562366962433
v -0.6565151810646057 0.39289480447769165 0.03894314914941788
v -0.6264790296554565 0.3839910924434662 0.019292432814836502
v -0.2938102185726166 0.5040586590766907 -0.1741171032190323
v -0.2914373278617859 0.5127533078193665 -0.18468891084194183
v -0.28853297233581543 0.5059146881103516 -0.18086422979831696
v -0.29601967334747314 0.5109794735908508 -0.18299807608127594
v -0.29629871249198914 0.5064153671264648 -0.18102268874645233
v -0.6106454730033875 0.41763773560523987 -0.0010259971022605896
v -0.6137848496437073 0.43128642439842224 0.006209623068571091
v -0.6406735777854919 0.4100695252418518 0.04787898808717728
v -0.6238163113594055 0.4346325099468231 0.018160320818424225
v -0.6484305262565613 0.38218122720718384 0.026160158216953278
v -0.6667689681053162 0.40418967604637146 0.010610118508338928
v -0.6681330800056458 0.41872307658195496 0.02709847316145897
v -0.6256362795829773 0.4045330286026001 -0.0074979811906814575
v -0.2886584997177124 0.501029372215271 -0.18444009125232697
v -0.2936917245388031 0.5084388256072998 -0.19347825646400452
v -0.28928622603416443 0.5073773860931396 -0.19287510216236115
v -0.6273601055145264 0.449356347322464 -0.005356788635253906
v -0.6208889484405518 0.4447106420993805 -0.02163662016391754
v -0.647715151309967 0.4325321912765503 0.026782654225826263
v -0.6451836824417114 0.4553172290325165 0.002627760171890259
v -0.6462817192077637 0.39599770307540894 -0.002393588423728943
v -0.6829712986946106 0.4244470000267029 -0.004128672182559967
v -0.6697083115577698 0.4140191078186035 -0.015567690134048462
v -0.6252703070640564 0.43127235770225525 -0.03571633994579315
v -0.2929557263851166 0.5084200501441956 -0.19265438616275787
v -0.29022854566574097 0.5065761804580688 -0.1945231556892395
v -0.2905416488647461 0.5131915807723999 -0.21430860459804535
v -0.2910568118095398 0.5133153796195984 -0.20641343295574188
v -0.6385197639465332 0.4718804657459259 -0.02741874009370804
v -0.6315072178840637 0.4599531888961792 -0.04884956777095795
v -0.6763325333595276 0.448511004447937 0.006379157304763794
v -0.6679494976997375 0.47325196862220764 -0.016249097883701324
v -0.6530919075012207 0.41639578342437744 -0.0299898162484169
v -0.6940389275550842 0.452310711145401 -0.025719836354255676
v -0.6855337023735046 0.4343239367008209 -0.041799016296863556
v -0.6414392590522766 0.4512357711791992 -0.05813837796449661
v -0.28979116678237915 0.511581540107727 -0.20856136083602905
v -0.29398995637893677 0.5129516124725342 -0.21272148191928864
v -0.2903169095516205 0.5146911144256592 -0.21536599099636078
v -0.28978005051612854 0.5105831027030945 -0.19989165663719177
v -0.647265613079071 0.4831632077693939 -0.05648072063922882
v -0.6475988030433655 0.46978724002838135 -0.06888006627559662
v -0.689298152923584 0.4747467637062073 -0.02756592631340027
v -0.6733116507530212 0.49426785111427307 -0.042541056871414185
v -0.6571112275123596 0.4382709264755249 -0.05652438849210739
v -0.7021956443786621 0.46016231179237366 -0.05460835248231888
v -0.7023172378540039 0.47223448753356934 -0.0471835732460022
v -0.6629313230514526 0.45892083644866943 -0.0740504041314125
v -0.29309719800949097 0.5235592126846313 -0.22984325885772705
v -0.2918570041656494 0.5272268056869507 -0.23542124032974243
v -0.2875964641571045 0.5236497521400452 -0.22604571282863617
v -0.29008305072784424 0.5226942300796509 -0.22906403243541718
v -0.6604659557342529 0.4862079620361328 -0.07493656873703003
v -0.6660008430480957 0.47642824053764343 -0.08216869831085205
v -0.6935856938362122 0.4848138988018036 -0.04557645320892334
v -0.6830904483795166 0.4973888695240021 -0.060437239706516266
v -0.6688908338546753 0.4957869350910187 -0.06616570800542831
v -0.6886313557624817 0.4557398855686188 -0.07222384959459305
v -0.7037694454193115 0.48556914925575256 -0.06234721839427948
v -0.7064293622970581 0.474771648645401 -0.07158704847097397
v -0.6811078190803528 0.471746563911438 -0.08449488878250122
v -0.29176709055900574 0.52395099401474 -0.2298598736524582
v -0.295096218585968 0.5381001234054565 -0.2449362874031067
v -0.2935701608657837 0.5335013270378113 -0.25047987699508667
v -0.2894584536552429 0.5262191295623779 -0.24299895763397217
v -0.2935901880264282 0.5295052528381348 -0.24368126690387726
v -0.6719112992286682 0.4867289662361145 -0.0828464925289154
v -0.6793618202209473 0.4825262427330017 -0.08687302470207214
v -0.6932002902030945 0.49495670199394226 -0.05898211896419525
v -0.6848577857017517 0.49888738989830017 -0.07094429433345795
v -0.6744311451911926 0.49463212490081787 -0.07812604308128357
v -0.6947752833366394 0.4724726676940918 -0.08196577429771423
v -0.7066093683242798 0.485474169254303 -0.0769566148519516
v -0.7034037113189697 0.49239349365234375 -0.07104074209928513
v -0.6901958584785461 0.4793597459793091 -0.0872931033372879
v -0.29436540603637695 0.5306657552719116 -0.23843711614608765
v -0.29091113805770874 0.5378968715667725 -0.2462104856967926
v -0.2952331304550171 0.5420683026313782 -0.2512913644313812
v -0.30055081844329834 0.550078809261322 -0.2534942328929901
v -0.29386642575263977 0.5239583849906921 -0.2462310791015625
v -0.29413336515426636 0.5295739769935608 -0.253304123878479
v -0.6788065433502197 0.4878840148448944 -0.0805099606513977
v -0.6844680309295654 0.48298895359039307 -0.08501231670379639
v -0.6946874260902405 0.4972033202648163 -0.06799212098121643
v -0.6811327934265137 0.4931720197200775 -0.07597801089286804
v -0.6869500875473022 0.49477872252464294 -0.06821837276220322
v -0.7015950679779053 0.47968748211860657 -0.0820174515247345
v -0.7046592831611633 0.48880693316459656 -0.07639490067958832
v -0.7017885446548462 0.49450063705444336 -0.07337763905525208
v -0.6944423913955688 0.48113521933555603 -0.08504614233970642
v -0.2961100935935974 0.5417442917823792 -0.2669692635536194
v -0.2931288480758667 0.53908771276474 -0.26507240533828735
v -0.30802062153816223 0.5686591863632202 -0.26450449228286743
v -0.2925782799720764 0.56272953748703 -0.26728731393814087
v -0.29519689083099365 0.5370603203773499 -0.2615084648132324
v -0.6812050938606262 0.4838588237762451 -0.0797760933637619
v -0.6893244981765747 0.4817030429840088 -0.08319713175296783
v -0.695128321647644 0.49679288268089294 -0.07079224288463593
v -0.6871820092201233 0.49402445554733276 -0.06566648930311203
v -0.6796628832817078 0.49008601903915405 -0.07206466794013977
v -0.7028411626815796 0.48486822843551636 -0.08095444738864899
v -0.7038005590438843 0.4900643825531006 -0.0731343924999237
v -0.6989699006080627 0.49387726187705994 -0.07012595981359482
v -0.6995580792427063 0.4842931032180786 -0.0820637047290802
v -0.3015757203102112 0.5594489574432373 -0.2818204462528229
v -0.2946723699569702 0.5572234392166138 -0.27965378761291504
v -0.304986834526062 0.5691904425621033 -0.27755770087242126
v -0.3012518584728241 0.5801363587379456 -0.2640197277069092
v -0.6832190752029419 0.48957931995391846 -0.0848865807056427
v -0.6895001530647278 0.48467257618904114 -0.08421498537063599
v -0.6931712031364441 0.49589821696281433 -0.06722996383905411
v -0.6839938163757324 0.4969494938850403 -0.07230770587921143
v -0.6786938309669495 0.4937973618507385 -0.07814641296863556
v -0.7040199041366577 0.48760533332824707 -0.0793682336807251
v -0.7077810764312744 0.4900617003440857 -0.07256864011287689
v -0.7019174695014954 0.4931930601596832 -0.07050828635692596
v -0.6973626613616943 0.48333778977394104 -0.08414722979068756
v -0.30296340584754944 0.5685322284698486 -0.28488123416900635
v -0.2956100404262543 0.5764304995536804 -0.28779399394989014
v -0.30417191982269287 0.5786310434341431 -0.26938724517822266
v -0.29675498604774475 0.5807926058769226 -0.2680850923061371
v -0.6865003705024719 0.4942413568496704 -0.0915176123380661
v -0.6895667910575867 0.49183690547943115 -0.0914706438779831
v -0.6949760913848877 0.496675580739975 -0.06777586042881012
v -0.6836895942687988 0.4972129464149475 -0.08983573317527771
v -0.68496173620224 0.5018054246902466 -0.08030763268470764
v -0.699596643447876 0.48584407567977905 -0.0832698792219162
v -0.7067450881004333 0.49240192770957947 -0.07554233074188232
v -0.7016502618789673 0.5004597306251526 -0.07098469138145447
v -0.698404848575592 0.4890708327293396 -0.089582160115242
v -0.30588239431381226 0.5803530812263489 -0.28956204652786255
v -0.29763662815093994 0.5875126719474792 -0.28851068019866943
v -0.29882603883743286 0.5800493955612183 -0.26589977741241455
v -0.30005812644958496 0.5914836525917053 -0.2735380530357361
v -0.6959454417228699 0.49706292152404785 -0.0984252393245697
v -0.6912369132041931 0.49900680780410767 -0.10051360726356506
v -0.6923215985298157 0.5043026804924011 -0.07284905016422272
v -0.6887256503105164 0.5092188715934753 -0.0889207124710083
v -0.6902468800544739 0.505495548248291 -0.09880754351615906
v -0.7085303068161011 0.4893125891685486 -0.08455955982208252
v -0.7138451337814331 0.5006030797958374 -0.07899355888366699
v -0.7029948234558105 0.5126994252204895 -0.07813134789466858
v -0.708176851272583 0.49727863073349 -0.09640967845916748
v -0.3113178312778473 0.5643881559371948 -0.2662595510482788
v -0.3055792450904846 0.5897619128227234 -0.2878611087799072
v -0.2998732924461365 0.5879727005958557 -0.2688450813293457
v -0.3021872937679291 0.6074230670928955 -0.2822994291782379
v -0.69632488489151 0.5110458135604858 -0.10494175553321838
v -0.7015037536621094 0.5052706003189087 -0.10704687237739563
v -0.6921678781509399 0.510452151298523 -0.08238454163074493
v -0.6970198154449463 0.5179516077041626 -0.09715020656585693
v -0.693662703037262 0.5124961137771606 -0.09903477132320404
v -0.7122536301612854 0.5011676549911499 -0.09099055826663971
v -0.712116539478302 0.5128098130226135 -0.08822226524353027
v -0.7063696384429932 0.5209481716156006 -0.08808258175849915
v -0.7115419507026672 0.5068458914756775 -0.10289746522903442
v -0.3038330674171448 0.5751384496688843 -0.268817663192749
v -0.3115972876548767 0.5767325758934021 -0.2680458724498749
v -0.3038642108440399 0.5915946960449219 -0.2764356732368469
v -0.3061937391757965 0.5934087634086609 -0.281916081905365
v -0.7006299495697021 0.5162391662597656 -0.10741367936134338
v -0.7113671898841858 0.5153233408927917 -0.1081981211900711
v -0.6984786987304688 0.5180056095123291 -0.08751086890697479
v -0.7006521821022034 0.5248171091079712 -0.1045718640089035
v -0.6993870139122009 0.5197518467903137 -0.1051732748746872
v -0.7146062850952148 0.5084807276725769 -0.09214597940444946
v -0.7103805541992188 0.5222344398498535 -0.09939008951187134
v -0.7068120837211609 0.5235769748687744 -0.09447142481803894
v -0.7158835530281067 0.5163791179656982 -0.10399958491325378
v -0.30507856607437134 0.5834617614746094 -0.2734440863132477
v -0.30787691473960876 0.5926690697669983 -0.2825351059436798
v -0.3065324127674103 0.5838872790336609 -0.2760603427886963
v -0.7034657001495361 0.525093138217926 -0.09775325655937195
v -0.7038451433181763 0.5295056104660034 -0.10512249171733856
v -0.7042950987815857 0.527713418006897 -0.11153528094291687
v -0.7150421738624573 0.5183141231536865 -0.0993996262550354
v -0.707787275314331 0.5280519723892212 -0.1050061583518982
v -0.7060440182685852 0.529015064239502 -0.10306751728057861
v -0.7078470587730408 0.5221075415611267 -0.10888171195983887
v -0.7122608423233032 0.5253658890724182 -0.10532258450984955
v -0.7043346166610718 0.5380539894104004 -0.11067533493041992
v -0.7008230686187744 0.5373625755310059 -0.11789457499980927
v -0.7112187743186951 0.5250754356384277 -0.10673090815544128
v -0.7118311524391174 0.5334553122520447 -0.11190590262413025
v -0.7054890394210815 0.5355421304702759 -0.10903698205947876
v -0.7142084836959839 0.5239067077636719 -0.10815024375915527
v -0.3126011788845062 0.5851982831954956 -0.2786136269569397
v -0.7034775614738464 0.5344570279121399 -0.1189563199877739
v -0.7042279243469238 0.5476574301719666 -0.11816701292991638
v -0.7033334970474243 0.5557007193565369 -0.1235225647687912
v -0.7076724767684937 0.5333230495452881 -0.11108656972646713
v -0.7108930349349976 0.5284114480018616 -0.11123591661453247
v -0.7060002088546753 0.5485258102416992 -0.13033491373062134
v -0.7063713669776917 0.5425392985343933 -0.1134575679898262
v -0.70467609167099 0.5623202323913574 -0.12824973464012146
v -0.7065610289573669 0.5605965256690979 -0.12176565080881119
v -0.7102414965629578 0.5370306968688965 -0.11545334756374359
v -0.7071354389190674 0.539020836353302 -0.11130047589540482
v -0.7075210213661194 0.5596924424171448 -0.13360759615898132
v -0.7087221741676331 0.5523122549057007 -0.11617252975702286
v -0.7070652842521667 0.5693137049674988 -0.1259891837835312
v -0.7047346830368042 0.56712806224823 -0.13300974667072296
v -0.7105677127838135 0.5510499477386475 -0.1284652054309845
v -0.7116572260856628 0.5490779876708984 -0.12026932090520859
v -0.7111151814460754 0.5628027319908142 -0.13385143876075745
v -0.711632490158081 0.5673087239265442 -0.12366382777690887
v -0.7084438800811768 0.5771280527114868 -0.13081134855747223
v -0.7067468166351318 0.5752631425857544 -0.1346021443605423
v -0.7133848667144775 0.5623339414596558 -0.12437491863965988
v -0.712912380695343 0.5624254941940308 -0.13053488731384277
v -0.7084251642227173 0.5746635794639587 -0.13783395290374756
v -0.7150179147720337 0.5781691670417786 -0.12785889208316803
v -0.71720951795578 0.5824605226516724 -0.1297513246536255
v -0.70396488904953 0.5801835656166077 -0.13609446585178375
v -0.7201318144798279 0.578240692615509 -0.1333489716053009
v -0.712992787361145 0.5762613415718079 -0.13630732893943787
v -0.7121782898902893 0.5840820670127869 -0.13732199370861053
v -0.7254258990287781 0.5827984809875488 -0.1308925896883011
v -0.7180144786834717 0.5879448652267456 -0.1305897831916809
v -0.7093200087547302 0.5792543888092041 -0.1326606124639511
v -0.7217146158218384 0.5861398577690125 -0.134540855884552
v -0.7281847596168518 0.5874881148338318 -0.13147947192192078
v -0.7133766412734985 0.5829663872718811 -0.13707515597343445
v -0.7255513668060303 0.5901931524276733 -0.1290624439716339
v -0.7251507639884949 0.590269923210144 -0.13420690596103668
v -0.7267302870750427 0.5929122567176819 -0.13148650527000427
v -0.7141065001487732 0.5916786789894104 -0.12953272461891174
v -0.7150486707687378 0.5923131704330444 -0.1437833458185196
v -0.7219923138618469 0.6002542972564697 -0.12752190232276917
v -0.7235366106033325 0.5946064591407776 -0.1409965455532074
v -0.727306067943573 0.5989940762519836 -0.13629543781280518
v -0.7124544978141785 0.608346164226532 -0.13925161957740784
v -0.7179527878761292 0.5995389819145203 -0.14823314547538757
v -0.7199220657348633 0.6130519509315491 -0.13241448998451233
v -0.730635941028595 0.6151912808418274 -0.14272260665893555
v -0.7236288785934448 0.6056930422782898 -0.1495315432548523
v -0.7201265096664429 0.6273708939552307 -0.1501915454864502
v -0.7177883982658386 0.6244562864303589 -0.1541658341884613
v -0.7271348834037781 0.6302601099014282 -0.14937801659107208
v -0.7290786504745483 0.6301161646842957 -0.1515997052192688
v -0.7284531593322754 0.6269398331642151 -0.15467916429042816
v -0.7196013331413269 0.6484827399253845 -0.16223099827766418
v -0.7244124412536621 0.6452952027320862 -0.1615179479122162
v -0.7253432273864746 0.6440566182136536 -0.1582777500152588
v -0.7202663421630859 0.6455367207527161 -0.16241523623466492
v -0.7282895445823669 0.6457834839820862 -0.1602085828781128
v -0.7214555144309998 0.6651943325996399 -0.17362156510353088
v -0.7247350811958313 0.6583327651023865 -0.17074960470199585
v -0.7313550710678101 0.6612440943717957 -0.1692809760570526
v -0.7291147112846375 0.6635028719902039 -0.17378532886505127
v -0.7297096848487854 0.6574545502662659 -0.1720941662788391
v -0.7235636711120605 0.6800021529197693 -0.1758156269788742
v -0.7260394096374512 0.6770810484886169 -0.1788734495639801
v -0.7363813519477844 0.6781629920005798 -0.17816554009914398
v -0.7316778898239136 0.6749493479728699 -0.18089959025382996
v -0.7365373373031616 0.6806154847145081 -0.1843336522579193
v -0.7285438776016235 0.7021984457969666 -0.18671482801437378
v -0.7252327799797058 0.6960639357566833 -0.18882445991039276
v -0.7392244338989258 0.692588746547699 -0.1852819174528122
v -0.7389144897460938 0.6910385489463806 -0.18745054304599762
v -0.7320882081985474 0.6877045035362244 -0.18686045706272125
v -0.7307383418083191 0.7048874497413635 -0.1908932775259018
v -0.7264232635498047 0.707243800163269 -0.1950373500585556
v -0.7379641532897949 0.6997203826904297 -0.18758121132850647
v -0.7391653060913086 0.6968733668327332 -0.1917264461517334
v -0.7413275241851807 0.7008086442947388 -0.19092366099357605
v -0.7296297550201416 0.7076151967048645 -0.19634273648262024
v -0.7377999424934387 0.7055755853652954 -0.19019336998462677
v -0.7421199083328247 0.7062636613845825 -0.19224633276462555
v -0.7379055619239807 0.7092176079750061 -0.1965576857328415
v -0.7434555292129517 0.7064248323440552 -0.19353003799915314
v -0.7405407428741455 0.7122586965560913 -0.19262833893299103
v -0.7351097464561462 0.7172368168830872 -0.19787825644016266
v -0.750981330871582 0.713803231716156 -0.20032620429992676
v -0.7379391193389893 0.7114688754081726 -0.2016044706106186
v -0.7444103360176086 0.7145044803619385 -0.20071031153202057
v -0.7515583038330078 0.723420262336731 -0.20045599341392517
v -0.7422779202461243 0.7249094247817993 -0.2029108852148056
v -0.7511536478996277 0.7191302180290222 -0.20046603679656982
v -0.7416890859603882 0.7192592620849609 -0.20575276017189026
v -0.7496170401573181 0.7209636569023132 -0.20763596892356873
v -0.7488279938697815 0.730435311794281 -0.21173882484436035
v -0.755298912525177 0.7338044047355652 -0.20757798850536346
v -0.7609044313430786 0.7287375330924988 -0.21165072917938232
v -0.7475922107696533 0.7303047776222229 -0.21505245566368103
v -0.7560393810272217 0.7262926697731018 -0.21431080996990204
v -0.7526993751525879 0.7371750473976135 -0.21633051335811615
v -0.7594839334487915 0.7358391880989075 -0.21419750154018402
v -0.7701830863952637 0.7285178303718567 -0.21340146660804749
v -0.7555481195449829 0.7368829846382141 -0.21632787585258484
v -0.762658953666687 0.7350444197654724 -0.2172069400548935
v -0.7717581391334534 0.7404455542564392 -0.21958336234092712
v -0.7606672644615173 0.7356904745101929 -0.21421587467193604
v -0.774060845375061 0.7429438233375549 -0.2231900691986084
v -0.7612631320953369 0.7430434823036194 -0.22002197802066803
v -0.7705687284469604 0.7508130669593811 -0.2213577777147293
v -0.7808773517608643 0.7458764314651489 -0.22917428612709045
v -0.7768931984901428 0.7459099292755127 -0.2204957902431488
v -0.7733806371688843 0.7547245025634766 -0.2295348197221756
v -0.7730412483215332 0.7555175423622131 -0.22578424215316772
v -0.7792858481407166 0.7500274181365967 -0.22476458549499512
v -0.7831776738166809 0.756183385848999 -0.2400803118944168
v -0.7928486466407776 0.7501721978187561 -0.23591673374176025
v -0.7857126593589783 0.7577428817749023 -0.22868119180202484
v -0.7812175154685974 0.7374691963195801 -0.23399022221565247
v -0.7849463224411011 0.752680242061615 -0.24142518639564514
v -0.7807376384735107 0.7646031975746155 -0.22630178928375244
v -0.7761983871459961 0.7757264971733093 -0.2410094290971756
v -0.7888083457946777 0.7563526630401611 -0.22831811010837555
v -0.7751516699790955 0.7734448909759521 -0.24606887996196747
v -0.7758268117904663 0.7682442665100098 -0.22700382769107819
v -0.7855582237243652 0.7532133460044861 -0.23548932373523712
v -0.779418408870697 0.7550392746925354 -0.2279350757598877
v -0.7887743711471558 0.7574838995933533 -0.24036790430545807
v -0.7699947357177734 0.7689160704612732 -0.23886041343212128
v -0.7841904163360596 0.7633530497550964 -0.24099396169185638
v -0.786235511302948 0.761606752872467 -0.2333284169435501
v -0.7839394211769104 0.7670031189918518 -0.23461921513080597
v -0.790237307548523 0.7614680528640747 -0.23483069241046906
v -0.7858743667602539 0.7730181217193604 -0.23628602921962738
v -0.7835828065872192 0.7663916945457458 -0.24038107693195343
v -0.7991862297058105 0.7627236843109131 -0.23244674503803253
v -0.7852378487586975 0.7697666883468628 -0.23401035368442535
v -0.7932845950126648 0.7753431797027588 -0.23478052020072937
v -0.7937277555465698 0.7772620916366577 -0.23382548987865448
v -0.7975256443023682 0.7728112936019897 -0.23715245723724365
v -0.79769366979599 0.7709751725196838 -0.23858840763568878
v -0.7889356017112732 0.7674782872200012 -0.2300693690776825
v -0.8068304061889648 0.7852532267570496 -0.23471467196941376
v -0.818185031414032 0.7861547470092773 -0.22369489073753357
v -0.8037980794906616 0.7782506346702576 -0.24434636533260345
v -0.8024287819862366 0.7795138955116272 -0.23945850133895874
v -0.8094367384910583 0.7892941832542419 -0.23222321271896362
v -0.8170650005340576 0.7839653491973877 -0.23015493154525757
v -0.8101738691329956 0.7863616347312927 -0.22835850715637207
v -0.7969524264335632 0.7850810289382935 -0.24095679819583893
v -0.8018198013305664 0.7895042896270752 -0.23764920234680176
v -0.8112708926200867 0.7887372374534607 -0.2343473583459854
v -0.8212848901748657 0.7962557077407837 -0.2462405264377594
v -0.8297159671783447 0.7966695427894592 -0.23236583173274994
v -0.8046146631240845 0.8041885495185852 -0.24231058359146118
v -0.8044050335884094 0.7997373938560486 -0.24556802213191986
v -0.8182474374771118 0.8093807697296143 -0.23107129335403442
v -0.8414677381515503 0.7942415475845337 -0.24672137200832367
v -0.8421646356582642 0.7987454533576965 -0.24091139435768127
v -0.8195867538452148 0.8168082237243652 -0.2404833734035492
v -0.8252612948417664 0.8069574236869812 -0.24908077716827393
v -0.832067608833313 0.8097572326660156 -0.23686636984348297
v -0.8515845537185669 0.7999631762504578 -0.24493050575256348
v -0.8505173921585083 0.8016711473464966 -0.24997253715991974
v -0.8315694332122803 0.8026515245437622 -0.24064257740974426
v -0.8468348979949951 0.7979284524917603 -0.2517961263656616
v -0.8427103757858276 0.8069836497306824 -0.23495155572891235
v -0.8360470533370972 0.8135006427764893 -0.23567093908786774
v -0.8538961410522461 0.7995699644088745 -0.24553970992565155
v -0.853508472442627 0.8068915009498596 -0.24439890682697296
v -0.8415995240211487 0.805212676525116 -0.24315950274467468
v -0.847588300704956 0.8028708696365356 -0.2438322901725769
v -0.8457947969436646 0.8052387237548828 -0.24006696045398712
v -0.8415783047676086 0.8176150321960449 -0.23761983215808868
v -0.8516671657562256 0.8157550096511841 -0.24305219948291779
v -0.847554087638855 0.804606020450592 -0.24935688078403473
v -0.8488157987594604 0.8055766224861145 -0.24203349649906158
v -0.8480226993560791 0.8098763227462769 -0.239639014005661
v -0.2555541694164276 0.0258980430662632 0.051094550639390945
v 0.114493727684021 0.10328307747840881 0.20940668880939484
v 0.10846374928951263 0.1036420613527298 0.1986016035079956
v 0.10665270686149597 0.110773965716362 0.20192661881446838
v 0.10765426605939865 0.10940475761890411 0.21006307005882263
v -0.05150380730628967 0.01620721071958542 0.059326544404029846
v -0.5721626281738281 0.003095671534538269 -0.04517821967601776
f 3 2 1
f 1 7 3
f 4 8 9
f 4 11 2
f 5 11 12
f 5 14 1
f 14 6 1
f 6 17 7
f 3 18 8
f 9 10 4
f 21 10 20
f 12 13 5
f 12 21 23
f 24 13 25
f 24 15 14
f 16 15 27
f 16 29 17
f 7 30 18
f 32 18 31
f 10 33 20
f 34 21 20
f 23 22 12
f 25 22 37
f 23 35 38
f 25 40 24
f 40 26 24
f 27 26 42
f 27 28 16
f 45 28 44
f 46 17 29
f 31 48 32
f 50 19 49
f 20 51 34
f 52 35 34
f 38 36 23
f 37 36 55
f 56 25 37
f 53 38 35
f 39 59 40
f 41 59 60
f 42 41 61
f 42 43 27
f 44 43 63
f 44 65 45
f 29 66 46
f 30 67 31
f 31 68 47
f 48 70 69
f 71 32 48
f 72 33 50
f 73 49 71
f 34 74 52
f 75 52 76
f 57 54 38
f 55 54 78
f 56 55 79
f 80 39 56
f 75 57 53
f 83 58 82
f 83 60 59
f 61 60 85
f 61 62 42
f 63 62 87
f 63 64 44
f 89 64 90
f 91 45 65
f 92 46 66
f 68 92 93
f 94 47 68
f 48 95 71
f 70 97 69
f 50 98 72
f 74 72 99
f 71 100 73
f 76 74 101
f 102 76 103
f 77 81 104
f 78 77 105
f 78 79 55
f 56 107 80
f 108 58 80
f 109 75 102
f 110 83 82
f 111 84 83
f 84 85 60
f 85 86 61
f 87 86 115
f 87 88 63
f 90 88 117
f 118 65 89
f 90 120 89
f 91 92 66
f 93 121 122
f 93 94 68
f 96 94 124
f 97 95 69
f 97 127 126
f 100 98 73
f 99 98 129
f 99 101 74
f 125 100 95
f 76 132 103
f 103 133 102
f 104 105 77
f 81 135 104
f 105 106 78
f 107 106 137
f 80 138 108
f 102 139 109
f 140 110 141
f 142 111 140
f 112 113 84
f 114 113 144
f 114 115 86
f 115 116 87
f 117 116 147
f 119 117 148
f 89 149 118
f 91 150 121
f 151 119 152
f 123 122 153
f 124 123 154
f 124 127 96
f 125 126 156
f 131 128 100
f 129 128 158
f 129 130 99
f 101 160 132
f 156 131 125
f 133 162 163
f 104 164 134
f 136 134 165
f 166 109 139
f 137 136 167
f 168 107 137
f 108 141 110
f 133 169 139
f 141 171 140
f 142 143 112
f 140 173 142
f 144 143 174
f 145 144 175
f 146 145 176
f 147 146 177
f 148 147 178
f 179 119 148
f 149 151 180
f 118 181 150
f 151 182 183
f 153 154 123
f 153 185 186
f 155 154 187
f 157 161 189
f 158 157 190
f 158 159 129
f 160 159 192
f 193 132 160
f 163 195 194
f 196 135 166
f 165 164 197
f 165 167 136
f 139 199 166
f 167 168 137
f 170 138 168
f 194 169 163
f 202 171 170
f 173 172 142
f 174 172 205
f 203 173 171
f 175 174 207
f 175 176 145
f 177 176 209
f 177 178 147
f 148 211 179
f 212 152 179
f 213 149 180
f 180 183 214
f 150 185 122
f 215 183 182
f 186 184 153
f 187 184 218
f 219 186 185
f 221 155 187
f 189 190 157
f 192 191 222
f 223 160 192
f 162 224 195
f 194 225 226
f 199 196 166
f 197 196 228
f 198 197 229
f 200 198 230
f 231 169 201
f 202 168 200
f 226 201 194
f 233 203 202
f 204 206 235
f 205 204 236
f 207 205 237
f 234 206 203
f 208 207 239
f 209 208 240
f 209 210 177
f 210 211 178
f 179 243 212
f 182 244 215
f 213 214 245
f 219 181 213
f 216 214 183
f 247 216 215
f 220 217 186
f 218 217 250
f 221 218 251
f 252 220 219
f 254 190 5438
f 256 192 222
f 191 255 222
f 257 193 223
f 195 258 225
f 226 260 259
f 227 231 261
f 228 227 262
f 229 228 263
f 229 230 198
f 230 202 200
f 265 201 232
f 266 226 259
f 234 267 268
f 236 235 269
f 235 238 270
f 237 236 271
f 239 237 272
f 268 238 234
f 239 240 208
f 240 241 209
f 241 242 210
f 277 211 242
f 278 212 243
f 215 279 247
f 245 219 213
f 245 246 280
f 248 246 216
f 282 248 247
f 249 253 284
f 250 249 285
f 250 251 218
f 287 253 252
f 255 290 289
f 222 289 256
f 223 291 257
f 224 292 258
f 293 225 258
f 294 260 295
f 262 261 296
f 261 265 297
f 262 263 228
f 263 264 229
f 264 233 230
f 232 300 265
f 301 259 294
f 302 268 267
f 270 269 235
f 269 271 236
f 270 273 306
f 272 271 307
f 272 274 239
f 273 303 309
f 275 274 310
f 275 276 241
f 277 276 312
f 313 243 277
f 314 244 278
f 247 315 282
f 280 252 245
f 280 281 316
f 283 281 248
f 283 318 319
f 284 285 249
f 284 288 321
f 285 286 250
f 286 5076 251
f 323 288 287
f 325 289 290
f 256 326 291
f 292 291 327
f 258 328 293
f 329 260 293
f 297 296 261
f 296 298 262
f 332 265 300
f 299 298 333
f 267 299 302
f 266 334 300
f 294 336 301
f 337 303 302
f 304 306 339
f 304 305 269
f 307 305 341
f 306 309 342
f 272 343 308
f 308 310 274
f 338 309 303
f 310 311 275
f 312 311 347
f 277 348 313
f 349 278 313
f 350 279 314
f 282 351 318
f 287 316 323
f 316 317 352
f 319 317 283
f 354 319 318
f 321 320 284
f 320 322 285
f 321 324 358
f 359 324 323
f 5081 290 5079
f 325 361 326
f 327 326 361
f 327 328 292
f 293 363 329
f 295 364 335
f 330 332 365
f 330 331 296
f 333 331 367
f 300 368 332
f 302 333 337
f 369 301 336
f 371 335 370
f 372 338 337
f 339 340 304
f 342 339 306
f 341 340 376
f 307 377 343
f 342 345 378
f 308 379 344
f 310 380 346
f 373 345 338
f 347 346 382
f 347 348 312
f 384 313 348
f 314 385 350
f 386 315 350
f 318 387 354
f 323 352 359
f 352 353 388
f 355 353 319
f 355 391 390
f 358 356 321
f 356 357 320
f 5080 357 5082
f 360 358 324
f 395 360 359
f 398 5576 397
f 361 362 327
f 363 362 399
f 364 363 400
f 370 364 401
f 365 366 330
f 332 403 365
f 367 366 404
f 337 367 372
f 405 334 369
f 406 336 371
f 370 408 371
f 410 372 409
f 375 374 339
f 376 374 412
f 378 375 342
f 377 376 414
f 415 343 377
f 378 381 416
f 417 344 379
f 382 380 418
f 410 381 373
f 382 383 347
f 384 383 421
f 422 349 384
f 350 423 386
f 424 351 386
f 425 354 387
f 359 388 395
f 388 389 426
f 390 389 355
f 390 428 429
f 392 394 430
f 392 393 356
f 393 5082 357
f 396 394 360
f 395 434 396
f 397 436 398
f 399 398 436
f 399 400 363
f 400 401 364
f 401 407 370
f 365 440 402
f 404 402 441
f 368 442 403
f 409 367 404
f 405 406 443
f 408 406 371
f 407 446 408
f 409 448 410
f 449 375 413
f 450 374 411
f 412 414 376
f 378 452 413
f 453 377 414
f 379 454 417
f 416 419 455
f 380 456 418
f 418 420 382
f 410 458 419
f 383 459 421
f 384 460 422
f 461 385 422
f 424 423 462
f 425 424 463
f 425 428 391
f 395 426 433
f 426 427 465
f 429 427 390
f 467 428 468
f 430 432 469
f 430 431 392
f 431 5083 393
f 396 471 432
f 472 434 433
f 474 436 435
f 436 437 399
f 438 437 476
f 438 439 401
f 439 445 407
f 440 442 479
f 440 441 402
f 404 447 409
f 481 405 443
f 482 408 446
f 446 484 483
f 486 447 485
f 413 487 449
f 411 488 450
f 489 412 450
f 414 490 453
f 416 491 452
f 492 415 453
f 417 493 456
f 458 455 419
f 418 495 457
f 496 420 457
f 497 448 486
f 421 498 460
f 422 499 461
f 461 462 423
f 463 462 501
f 463 464 425
f 468 464 503
f 433 465 472
f 467 466 429
f 506 468 505
f 469 470 430
f 508 432 471
f 431 5085 5084
f 434 509 471
f 511 472 510
f 474 513 475
f 476 475 513
f 476 477 438
f 478 477 515
f 445 516 484
f 517 442 481
f 485 480 518
f 519 444 482
f 446 521 482
f 484 523 483
f 524 485 518
f 449 525 488
f 526 450 488
f 527 451 489
f 453 528 492
f 491 494 529
f 530 491 531
f 532 454 492
f 456 533 495
f 534 458 497
f 457 535 496
f 536 459 496
f 537 486 524
f 538 460 498
f 499 500 461
f 501 500 540
f 501 502 463
f 503 502 542
f 505 503 543
f 467 545 504
f 504 547 466
f 505 549 506
f 5762 469 508
f 470 5086 5085
f 550 471 509
f 510 552 511
f 510 472 629
f 512 554 513
f 514 513 554
f 515 514 555
f 556 478 515
f 481 557 517
f 558 517 559
f 560 518 480
f 482 562 519
f 520 563 557
f 564 483 523
f 565 523 522
f 518 567 524
f 568 487 530
f 488 569 526
f 570 489 526
f 571 490 527
f 492 572 532
f 531 529 573
f 574 494 534
f 568 531 575
f 576 493 532
f 495 577 535
f 497 578 534
f 496 579 536
f 498 580 538
f 538 539 499
f 539 540 500
f 540 541 501
f 542 541 584
f 543 542 585
f 543 548 505
f 545 549 587
f 504 588 546
f 552 546 589
f 548 591 549
f 5804 508 550
f 509 593 550
f 595 553 5087
f 595 514 554
f 596 515 555
f 597 516 556
f 557 559 517
f 559 600 558
f 602 560 601
f 603 521 564
f 519 604 563
f 563 598 557
f 564 566 606
f 607 566 565
f 609 522 597
f 610 561 602
f 611 525 568
f 526 612 570
f 613 527 570
f 614 528 571
f 532 615 576
f 575 573 616
f 573 574 617
f 534 618 574
f 568 619 611
f 533 620 577
f 621 535 577
f 600 537 601
f 536 622 580
f 580 581 538
f 582 581 624
f 583 582 625
f 583 584 541
f 585 584 627
f 628 548 586
f 629 547 552
f 587 591 630
f 588 632 631
f 634 588 633
f 546 634 589
f 634 635 589
f 637 590 636
f 550 5851 5804
f 593 639 638
f 511 640 594
f 5087 642 595
f 595 643 555
f 643 596 555
f 597 596 645
f 598 599 559
f 599 578 600
f 600 560 558
f 606 603 564
f 648 562 603
f 649 563 604
f 608 606 566
f 609 607 565
f 608 652 653
f 597 654 609
f 655 569 611
f 570 656 613
f 614 613 657
f 658 572 614
f 659 576 615
f 616 619 575
f 616 617 661
f 618 617 574
f 611 663 655
f 577 664 621
f 665 579 621
f 580 666 623
f 624 623 667
f 625 624 668
f 625 626 583
f 626 627 584
f 585 671 586
f 586 672 628
f 636 628 673
f 675 630 674
f 591 676 630
f 631 677 634
f 678 633 679
f 640 635 680
f 636 682 637
f 683 593 638
f 639 594 640
f 638 684 685
f 686 642 641
f 642 688 643
f 688 644 643
f 644 645 596
f 646 618 599
f 650 647 606
f 648 647 692
f 693 604 648
f 694 605 649
f 653 650 608
f 651 652 607
f 652 698 653
f 654 690 699
f 657 656 700
f 657 658 614
f 658 659 615
f 620 703 664
f 661 660 616
f 660 663 619
f 662 661 617
f 655 707 708
f 621 709 665
f 622 710 666
f 667 666 711
f 712 624 667
f 669 670 626
f 670 671 627
f 671 715 672
f 716 628 672
f 673 681 636
f 718 675 674
f 632 675 677
f 674 676 720
f 637 721 676
f 634 722 631
f 679 724 678
f 680 639 640
f 725 635 719
f 682 727 726
f 728 685 684
f 686 731 687
f 732 688 687
f 734 688 733
f 689 690 644
f 694 662 646
f 691 695 736
f 692 691 737
f 693 692 738
f 739 649 693
f 698 695 653
f 741 696 651
f 696 697 652
f 745 697 744
f 654 746 747
f 748 700 656
f 701 700 750
f 701 702 658
f 752 659 702
f 753 664 703
f 706 704 661
f 704 705 660
f 707 705 756
f 748 707 757
f 758 665 709
f 666 759 711
f 667 760 712
f 761 668 712
f 761 713 669
f 763 670 713
f 715 763 764
f 765 672 715
f 717 727 681
f 720 718 674
f 719 768 725
f 677 719 635
f 676 769 720
f 770 682 726
f 678 772 722
f 722 723 679
f 774 723 773
f 725 684 680
f 776 729 728
f 779 730 778
f 732 781 733
f 734 783 689
f 733 782 734
f 783 735 689
f 754 694 739
f 785 691 736
f 737 738 692
f 693 787 739
f 788 698 745
f 747 651 654
f 741 790 742
f 742 743 696
f 744 743 792
f 699 794 746
f 795 747 746
f 757 749 748
f 750 749 798
f 701 799 751
f 702 800 752
f 801 703 752
f 709 802 758
f 704 803 755
f 756 755 804
f 757 756 805
f 806 710 758
f 760 759 807
f 712 808 761
f 761 809 762
f 762 763 713
f 765 764 811
f 764 810 812
f 813 716 765
f 717 814 766
f 815 727 766
f 769 767 720
f 818 718 767
f 768 728 725
f 769 770 819
f 772 820 821
f 773 772 821
f 822 774 773
f 820 724 774
f 777 826 825
f 827 779 778
f 731 780 732
f 829 780 830
f 832 782 831
f 831 781 829
f 833 783 832
f 735 834 699
f 739 803 754
f 736 835 785
f 836 737 785
f 837 738 786
f 838 740 788
f 745 840 788
f 741 796 789
f 841 790 789
f 790 791 742
f 792 791 844
f 792 846 744
f 793 848 794
f 746 849 795
f 796 851 850
f 805 797 757
f 798 797 853
f 750 854 799
f 855 751 799
f 752 856 801
f 857 753 801
f 758 858 806
f 804 803 859
f 804 805 756
f 807 806 861
f 807 808 760
f 863 808 862
f 810 809 864
f 865 765 811
f 811 812 866
f 813 867 814
f 868 766 814
f 815 870 816
f 819 817 769
f 818 817 872
f 826 768 818
f 819 824 873
f 874 821 820
f 773 875 822
f 823 876 877
f 820 823 874
f 777 5092 5090
f 826 880 825
f 882 828 827
f 779 830 780
f 829 884 885
f 831 887 832
f 829 886 831
f 784 888 834
f 832 889 833
f 787 859 803
f 890 785 835
f 891 786 836
f 788 892 838
f 835 893 890
f 840 894 895
f 841 796 850
f 897 841 896
f 898 790 842
f 843 844 791
f 845 844 900
f 846 902 901
f 834 847 793
f 904 847 903
f 905 794 848
f 795 906 851
f 851 908 850
f 860 852 805
f 853 852 910
f 853 854 798
f 855 854 912
f 800 913 856
f 801 914 857
f 915 802 857
f 861 858 916
f 859 860 804
f 861 862 807
f 919 809 863
f 863 918 920
f 866 865 811
f 866 923 922
f 921 867 865
f 868 867 925
f 926 815 868
f 870 928 927
f 816 929 878
f 871 930 931
f 871 872 817
f 818 879 826
f 873 930 819
f 878 873 824
f 935 875 874
f 876 875 936
f 874 877 935
f 879 938 880
f 939 827 881
f 940 883 882
f 883 830 828
f 885 942 943
f 945 886 944
f 944 885 943
f 946 833 889
f 889 948 947
f 917 837 891
f 949 836 890
f 892 895 950
f 838 951 893
f 893 949 890
f 895 954 953
f 850 955 841
f 842 956 898
f 957 843 898
f 900 899 958
f 959 845 900
f 901 894 846
f 901 960 961
f 847 962 903
f 964 903 963
f 848 965 905
f 966 849 905
f 907 906 967
f 917 909 860
f 910 909 970
f 910 911 853
f 854 972 912
f 973 855 912
f 974 856 913
f 975 857 914
f 916 918 861
f 863 977 919
f 978 918 976
f 922 921 866
f 922 980 981
f 924 979 982
f 925 924 983
f 984 869 926
f 986 870 927
f 987 927 928
f 929 934 878
f 931 990 991
f 992 871 931
f 879 932 937
f 993 930 933
f 936 994 995
f 876 995 996
f 994 877 996
f 938 998 997
f 882 999 940
f 941 1000 1001
f 941 884 883
f 943 1003 1002
f 1004 945 944
f 889 1006 946
f 891 969 917
f 950 953 1007
f 950 951 892
f 951 952 893
f 952 969 949
f 953 1011 1012
f 5098 897 5094
f 898 1013 957
f 1014 899 957
f 900 1015 959
f 1016 902 959
f 901 1011 954
f 903 1017 963
f 963 1019 964
f 1020 965 904
f 905 1022 966
f 966 967 906
f 968 967 1024
f 909 1010 970
f 970 971 910
f 972 971 1026
f 1027 912 972
f 974 973 1028
f 1029 914 974
f 1030 915 975
f 916 1031 976
f 1032 920 978
f 980 919 977
f 1031 978 976
f 981 979 922
f 980 1036 981
f 982 983 924
f 982 1034 1038
f 1039 983 1040
f 926 1042 984
f 985 1043 1044
f 927 1045 986
f 1046 988 987
f 928 1044 987
f 934 1049 1048
f 931 1050 992
f 937 992 998
f 1051 990 993
f 995 1054 1053
f 995 1055 996
f 996 1054 994
f 997 1056 1057
f 1000 1059 1001
f 941 1060 942
f 1002 1061 1062
f 1004 1064 1005
f 945 1065 948
f 1066 1006 947
f 1006 962 946
f 1007 1008 950
f 1007 1012 1069
f 1008 1009 951
f 1009 1010 952
f 1072 1011 1073
f 1074 957 1013
f 1075 958 1014
f 1076 959 1015
f 960 1078 1077
f 1073 961 1077
f 1017 1018 963
f 1018 1081 1019
f 964 1082 1020
f 1082 1021 1020
f 1022 1021 1084
f 1023 1022 1085
f 1024 1023 1086
f 1025 1010 1071
f 1025 1026 971
f 972 1088 1027
f 1028 1027 1089
f 1029 1028 1090
f 1029 1030 975
f 1031 1091 1092
f 977 1035 980
f 1032 1033 1093
f 1033 1092 1094
f 1036 1034 981
f 1096 1036 1035
f 1040 1037 1098
f 1038 1095 1099
f 1040 1101 1039
f 1101 1041 1039
f 1102 984 1042
f 1044 1104 1103
f 1045 1047 1105
f 987 1103 1046
f 1107 1046 1106
f 989 1109 1049
f 1048 1110 1111
f 1112 991 1052
f 998 1050 1056
f 1113 1052 1051
f 1111 993 1048
f 1115 1053 1054
f 1053 1117 1055
f 1115 1055 1117
f 5100 1057 5103
f 1056 1119 1057
f 1122 1000 1121
f 1123 1059 1058
f 1001 1125 1060
f 1062 1127 1128
f 1062 1126 1002
f 1126 1063 1004
f 1131 1063 1130
f 1132 1005 1064
f 1134 1066 1133
f 1017 1067 1079
f 1135 1065 1132
f 1068 1069 1136
f 1068 1070 1008
f 1072 1069 1012
f 1073 1140 1072
f 5105 1013 5102
f 1014 1141 1075
f 1142 1015 1075
f 1143 1016 1076
f 1077 1145 1144
f 1139 1077 1144
f 1079 1080 1018
f 1080 1148 1081
f 1149 1019 1081
f 1083 1149 1150
f 1083 1084 1021
f 1085 1084 1152
f 1085 1086 1023
f 1154 1026 1087
f 1027 1155 1089
f 1089 1090 1028
f 1090 1091 1029
f 1092 1157 1158
f 1093 1035 1032
f 1093 1094 1159
f 1092 1160 1094
f 1097 1095 1036
f 1162 1097 1096
f 1099 1161 1164
f 1165 1038 1099
f 1101 1167 1168
f 1042 1168 1102
f 1169 1043 1102
f 1104 1171 1103
f 1172 1045 1105
f 1105 1107 1174
f 1106 1103 1171
f 1106 1176 1107
f 1109 1177 1178
f 1180 1109 1179
f 1181 1111 1110
f 1112 1056 1050
f 1112 1114 1183
f 1051 1182 1113
f 1114 1184 1185
f 1186 1116 1115
f 1188 1116 1187
f 1117 1186 1115
f 1118 1191 1119
f 1193 1058 1122
f 1122 1120 1192
f 1194 1124 1123
f 1059 1196 1125
f 1127 1196 1197
f 1128 1198 1199
f 1129 1128 1200
f 1130 1129 1200
f 1202 1130 1201
f 1064 1203 1132
f 1133 1205 1134
f 1079 1134 1146
f 1133 1135 1206
f 1206 1132 1203
f 1136 1137 1068
f 1069 1208 1136
f 1087 1137 1154
f 1072 1209 1138
f 1211 1139 1210
f 1212 1075 1141
f 1076 1213 1143
f 1214 1078 1143
f 1216 1145 1215
f 1210 1144 1216
f 1217 1080 1146
f 1219 1147 1218
f 1220 1149 1081
f 1151 1150 1222
f 1150 1221 1223
f 1152 1151 1224
f 1225 1088 1154
f 1089 1226 1156
f 1157 1156 1227
f 1094 1228 1159
f 1160 1230 1229
f 1232 1162 1231
f 1099 1234 1165
f 1164 1163 1232
f 1235 1166 1165
f 1167 1238 1168
f 1102 1240 1239
f 1170 1169 1241
f 1242 1170 1243
f 1105 1244 1172
f 1107 1245 1174
f 1171 1175 1106
f 1175 1247 1176
f 1177 1173 1248
f 1109 1249 1179
f 1179 1251 1180
f 1252 1182 1181
f 1110 1254 1181
f 1112 1190 1118
f 1185 1183 1114
f 1113 1253 1184
f 1257 1184 1256
f 1258 1187 1186
f 1187 1260 1188
f 1186 1260 1258
f 1262 1190 1263
f 1191 1189 1119
f 5110 1265 1192
f 1122 1265 1193
f 1123 1266 1194
f 1197 1124 1195
f 1198 1197 1267
f 1199 1269 1268
f 1200 1199 1270
f 1270 1130 1200
f 1271 1201 1272
f 1203 1202 1273
f 1206 1204 1133
f 1275 1205 1204
f 1146 1205 1217
f 1203 1274 1206
f 1136 1277 1207
f 1154 1207 1225
f 1278 1138 1209
f 1211 1209 1140
f 1210 1281 1211
f 1282 1142 1212
f 1143 1283 1214
f 1215 1214 1284
f 1215 1286 1216
f 1216 1280 1210
f 1147 1287 1218
f 1288 1218 1289
f 1148 1290 1220
f 1221 1290 1291
f 1222 1224 1151
f 1222 1223 1293
f 1223 1291 1294
f 1152 1295 1153
f 1296 1155 1225
f 1156 1297 1227
f 1298 1160 1229
f 1227 1230 1158
f 1229 1299 1300
f 1301 1232 1231
f 1231 1228 1298
f 1166 1233 1098
f 1165 1303 1235
f 1304 1236 1235
f 1306 1238 1237
f 1240 1307 1239
f 1241 1243 1170
f 1169 1309 1241
f 1243 1311 1242
f 1174 1312 1244
f 1248 1244 1313
f 1176 1314 1245
f 1242 1246 1175
f 1315 1246 1316
f 1317 1248 1313
f 1318 1178 1319
f 1249 1250 1179
f 1250 1238 1251
f 1254 1251 1306
f 1181 1320 1252
f 1322 1252 1321
f 1183 1263 1190
f 1323 1255 1185
f 1184 1322 1256
f 1256 1326 1257
f 1258 1328 1259
f 1328 1260 1259
f 1258 1329 1327
f 5114 1191 1262
f 1331 1263 1330
f 1264 1333 1265
f 1193 1333 1266
f 1194 1335 1334
f 1267 1195 1336
f 1267 1269 1198
f 1268 1270 1199
f 1268 1340 1339
f 1201 1338 1272
f 1273 1271 1341
f 1271 1343 1342
f 1274 1345 1204
f 1275 1347 1276
f 1276 1217 1205
f 1341 1274 1273
f 1208 1348 1277
f 1296 1207 1277
f 1349 1211 1281
f 1280 1351 1281
f 1213 1352 1283
f 1214 1353 1284
f 1354 1215 1284
f 1355 1285 1356
f 1286 1350 1280
f 1287 1289 1218
f 1358 1219 1288
f 1288 1359 1360
f 1291 1358 1361
f 1293 1292 1222
f 1224 1363 1295
f 1293 1294 1364
f 1361 1294 1291
f 1296 1297 1226
f 1298 1300 1367
f 1366 1230 1297
f 1300 1369 1368
f 1367 1231 1298
f 1370 1302 1301
f 1305 1233 1236
f 1303 1374 1235
f 1374 1304 1235
f 1305 1375 1321
f 1372 1237 1233
f 1307 1309 1239
f 1241 1377 1308
f 1378 1243 1308
f 1310 1380 1311
f 1381 1245 1314
f 1382 1244 1312
f 1383 1247 1315
f 1316 1311 1380
f 1315 1384 1385
f 1313 1386 1317
f 1317 1319 1178
f 1307 1318 1376
f 1319 1388 1318
f 1306 1320 1254
f 1321 1389 1322
f 1324 1263 1255
f 1323 1391 1324
f 1322 1325 1256
f 1393 1325 1392
f 1257 1390 1323
f 1394 1328 1327
f 1328 1396 1329
f 1329 1394 1327
f 5114 1331 5116
f 1331 1398 1397
f 1333 1400 1399
f 1401 1333 1399
f 1335 1401 1402
f 1334 1336 1195
f 1336 1337 1267
f 1337 1340 1269
f 1339 1338 1268
f 1339 1407 1408
f 1406 1272 1338
f 1409 1271 1342
f 1410 1343 1411
f 1345 1413 1412
f 1345 1346 1275
f 1415 1346 1416
f 1276 1357 1287
f 1413 1341 1409
f 1369 1278 1279
f 1277 1366 1296
f 1417 1281 1351
f 1368 1279 1349
f 1419 1350 1418
f 1421 1283 1352
f 1422 1284 1353
f 1424 1356 1423
f 1418 1355 1424
f 1425 1289 1357
f 1360 1358 1288
f 1427 1358 1426
f 1293 1428 1362
f 1363 1362 1429
f 1365 1364 1294
f 1365 1427 1431
f 1363 5115 5113
f 1367 1368 1432
f 1299 1348 1369
f 1432 1301 1367
f 1433 1371 1370
f 1303 1371 1373
f 1374 1435 1436
f 1436 1375 1374
f 1376 1377 1309
f 1377 1378 1308
f 1379 1378 1439
f 1441 1379 1440
f 1442 1312 1381
f 1384 1380 1441
f 1385 1444 1443
f 1442 1386 1382
f 1387 1386 1445
f 1318 1437 1376
f 1447 1387 1446
f 1324 1398 1330
f 1390 1449 1391
f 1392 1389 1436
f 1450 1393 1392
f 1390 1393 1448
f 1395 1453 1452
f 1395 1454 1396
f 1455 1394 1396
f 1397 5116 1331
f 1397 1457 1458
f 5117 1400 1332
f 1459 1400 1460
f 1461 1335 1402
f 1462 1403 1334
f 1404 1403 1464
f 1405 1404 1465
f 1466 1340 1405
f 1408 1406 1339
f 1468 1408 1407
f 1467 1343 1406
f 1470 1342 1410
f 1411 1472 1410
f 1414 1412 1473
f 1412 1474 1475
f 1476 1346 1414
f 1357 1415 1425
f 1478 1416 1477
f 1470 1413 1409
f 1432 1349 1417
f 1417 1419 1433
f 1418 1480 1419
f 1352 6681 1421
f 1481 1353 1421
f 1482 1354 1422
f 1423 1484 1424
f 1356 1485 1423
f 1424 1479 1418
f 1488 1426 1489
f 1428 1430 1490
f 1429 1492 1491
f 1430 1431 1493
f 1494 1427 1488
f 1417 1370 1432
f 1480 1433 1419
f 1373 1434 1435
f 1436 1450 1392
f 1438 1437 1495
f 1438 1439 1378
f 1440 1439 1497
f 1498 1440 1499
f 1444 1441 1498
f 1501 1443 1502
f 1504 1444 1503
f 1388 1495 1437
f 1506 1446 1505
f 1449 1398 1391
f 1449 1508 1507
f 1450 1479 1451
f 1451 1448 1393
f 1509 1452 1453
f 1452 1511 1454
f 1509 1455 1512
f 1513 1397 1458
f 1458 1514 1515
f 1459 1402 1399
f 1459 1517 1518
f 1461 1463 1462
f 1402 1520 1461
f 1464 1463 1521
f 1464 1465 1404
f 1405 1523 1466
f 1524 1407 1466
f 1467 1469 1525
f 1526 1469 1468
f 1525 1411 1467
f 1410 1528 1470
f 1530 1471 1529
f 1473 1476 1414
f 1473 1475 1531
f 1475 1532 1533
f 1535 1476 1534
f 1425 1478 1536
f 1477 1538 1478
f 1528 1474 1470
f 1421 1539 1481
f 1482 1481 1540
f 1485 1483 1423
f 1484 1507 1508
f 1485 1540 1542
f 1451 1484 1508
f 1486 1536 1543
f 1487 1489 1426
f 1489 1547 1488
f 1548 1430 1493
f 1492 1490 1549
f 1491 1549 1550
f 1431 1551 1493
f 1547 1494 1488
f 1434 1450 1435
f 1553 1438 1495
f 1554 1439 1496
f 1556 1499 1555
f 1503 1498 1556
f 1502 1504 1557
f 1501 1558 1505
f 1503 1560 1504
f 1505 1561 1506
f 1505 1500 1501
f 1457 1507 1514
f 1511 1562 1563
f 1454 1512 1455
f 1509 1564 1565
f 1566 1458 1515
f 1541 1515 1514
f 1517 5118 5122
f 1516 1518 1568
f 1518 1569 1570
f 1520 1519 1461
f 1521 1519 1572
f 1573 1516 1568
f 1521 1522 1464
f 1522 1523 1465
f 1466 1576 1524
f 1468 1577 1526
f 1525 1527 1578
f 1579 1527 1526
f 1471 1578 1529
f 1581 1472 1530
f 1534 1531 1533
f 1533 1583 1582
f 1534 1585 1535
f 1586 1478 1538
f 1587 1537 1477
f 1537 1590 1538
f 1581 1532 1528
f 1539 1540 1481
f 1567 1485 1542
f 1514 1483 1541
f 1542 1591 1592
f 1593 1536 1586
f 1595 1543 1594
f 1486 1596 1544
f 1596 1487 1544
f 1545 1546 1489
f 1547 1599 1598
f 1493 1600 1548
f 1548 1549 1490
f 1552 1551 1494
f 1598 1552 1547
f 1604 1496 1553
f 1605 1497 1554
f 1606 1556 1555
f 1608 1499 1605
f 1556 1559 1503
f 1609 1502 1557
f 1504 1610 1557
f 1560 1612 1611
f 1613 1558 1609
f 1604 1561 1614
f 1615 1563 1562
f 1512 1563 1564
f 1617 1564 1618
f 1515 1619 1566
f 1569 5122 5125
f 1568 1570 1620
f 1622 1569 1621
f 1571 1573 1623
f 1519 1624 1572
f 1521 1625 1574
f 1573 1620 1626
f 1522 1627 1575
f 1628 1523 1575
f 1629 1524 1576
f 1526 1630 1579
f 1578 1580 1631
f 1632 1579 1633
f 1530 1635 1581
f 1584 1533 1582
f 1582 1636 1637
f 1638 1584 1639
f 1587 1535 1585
f 1538 1640 1586
f 1641 1588 1587
f 1589 1588 1643
f 1644 1589 1645
f 1581 1636 1583
f 1591 5123 5126
f 1542 1619 1567
f 5127 1591 5126
f 1646 1543 1593
f 1647 1586 1640
f 1594 1649 1595
f 1596 1649 1650
f 1650 1545 1596
f 1546 1651 1599
f 1598 1652 1653
f 1602 1600 1551
f 1655 1548 1600
f 1603 1602 1552
f 1653 1603 1598
f 1554 1614 1605
f 1659 1555 1608
f 1608 1614 1660
f 1612 1607 1661
f 1610 1609 1557
f 1611 1610 1560
f 1611 1664 1665
f 1662 1613 1609
f 1614 1613 1660
f 1615 1669 1616
f 1564 1616 1618
f 1562 1670 1615
f 1670 1565 1617
f 1617 1671 1672
f 1621 5125 5129
f 1673 1570 1622
f 1675 1621 1674
f 1676 1571 1623
f 1627 1573 1626
f 1625 5207 5208
f 1626 1673 1679
f 1626 1628 1575
f 1680 1576 1628
f 1681 1577 1629
f 1579 1682 1633
f 1632 1631 1580
f 1632 1684 1685
f 1687 1634 1686
f 1582 1639 1584
f 1688 1636 1689
f 1587 1638 1641
f 1638 1690 1691
f 1692 1590 1644
f 1693 1642 1641
f 1643 1642 1695
f 1643 1645 1589
f 1697 1645 1698
f 1635 1689 1636
f 1646 1648 1594
f 1593 1700 1646
f 1640 1701 1647
f 1702 1648 1703
f 1702 1650 1649
f 1704 1597 1650
f 1705 1599 1651
f 1653 1707 1706
f 1602 1708 1654
f 1600 1709 1655
f 1710 1603 1658
f 1706 1658 1653
f 1660 1659 1608
f 1606 1713 1661
f 1662 1663 1714
f 1664 1714 1665
f 1714 1666 1662
f 1712 1613 1666
f 1670 1668 1615
f 1718 1668 1717
f 1616 1671 1618
f 1617 1716 1670
f 1672 1720 1719
f 1674 5129 5130
f 1721 1622 1675
f 1723 1674 1722
f 1623 1625 1676
f 1624 1678 1724
f 1725 1678 1677
f 1726 1673 1721
f 1680 1679 1726
f 1727 1629 1680
f 1728 1630 1681
f 1729 1633 1682
f 1632 1730 1683
f 1685 1732 1731
f 1686 1734 1687
f 1686 1683 1730
f 1688 1639 1637
f 1689 1735 1688
f 1641 1691 1693
f 1692 1697 1736
f 1737 1694 1693
f 1695 1694 1739
f 1695 1696 1643
f 1645 1741 1698
f 1697 1742 1743
f 1699 1700 1744
f 1699 1703 1648
f 1647 1746 1700
f 1748 1703 1747
f 1748 1704 1702
f 1651 1749 1705
f 1750 1652 1705
f 1751 1707 1752
f 1753 1657 1710
f 1754 1654 1708
f 1710 1711 1756
f 1751 1711 1706
f 1661 1715 1664
f 1713 1666 1715
f 1668 1759 1717
f 1761 1717 1760
f 1669 1720 1671
f 1716 1719 1759
f 1762 1719 1720
f 1722 5130 5131
f 1764 1675 1723
f 1722 1766 1723
f 1721 1767 1726
f 1726 1727 1680
f 1728 1727 1768
f 1682 1769 1729
f 1770 1684 1729
f 1771 1685 1731
f 1731 1772 1773
f 1730 1733 1686
f 1774 1733 1775
f 1735 1690 1688
f 1777 1734 1774
f 1737 1691 1776
f 1736 1697 1743
f 1737 1779 1738
f 1739 1738 1780
f 1740 1739 1781
f 1782 1696 1740
f 1783 1742 1698
f 1785 1742 1784
f 1744 1745 1699
f 1744 1746 1787
f 1788 1701 1736
f 1747 1790 1748
f 1749 1790 1791
f 1749 1750 1705
f 1752 1750 1792
f 1752 1794 1751
f 1795 1708 1753
f 1753 1756 1796
f 1754 1797 1755
f 1756 1757 1798
f 1751 1799 1757
f 1760 1759 1800
f 1801 1760 1800
f 1762 1718 1761
f 1800 1719 1802
f 1803 1763 1762
f 1802 1763 1804
f 1723 1805 1764
f 1807 1765 1806
f 1768 1767 1808
f 1809 1728 1768
f 1729 1810 1770
f 1811 1732 1770
f 1731 1812 1771
f 1813 1773 1772
f 1775 1771 1812
f 1775 1816 1774
f 1776 1777 1817
f 1816 1777 1774
f 1737 1817 1778
f 1736 1743 1785
f 1820 1778 1819
f 1738 1821 1780
f 1780 1781 1739
f 1740 1823 1782
f 1825 1784 1824
f 1745 1826 1747
f 1746 1827 1787
f 1828 1788 1736
f 1826 1789 1747
f 1832 1789 1831
f 1833 1790 1832
f 1792 1791 1833
f 1834 1794 1793
f 1796 1795 1753
f 1796 1798 1837
f 1797 1836 1838
f 1798 1799 1839
f 1794 1840 1799
f 1800 1842 1801
f 1761 1803 1762
f 1804 1801 1842
f 1844 1804 1843
f 1807 1805 1766
f 1846 1807 1806
f 1849 1769 1809
f 1850 1770 1810
f 1772 1851 1813
f 1814 1812 1773
f 1853 1814 1813
f 1775 1852 1815
f 1855 1816 1815
f 1857 1777 1818
f 1818 1856 1858
f 1819 1817 1857
f 1819 1860 1820
f 1861 1779 1820
f 1821 1822 1780
f 1823 1822 1863
f 1783 6979 5134
f 1825 1828 1785
f 1865 1786 1787
f 1787 1866 1865
f 1867 1828 1864
f 1868 1826 1865
f 1830 1831 1789
f 1870 1832 1831
f 1832 1872 1833
f 1873 1833 1872
f 1873 1793 1792
f 1874 1835 1834
f 1836 1837 1876
f 1837 1839 1877
f 1876 1838 1836
f 1880 1838 1879
f 1839 1840 1881
f 1875 1840 1835
f 1841 1884 1842
f 1843 1842 1884
f 1886 1843 1885
f 1883 1802 1844
f 1807 1887 1845
f 1809 1888 1849
f 1889 1810 1849
f 1890 1811 1850
f 1851 1853 1813
f 1852 1854 1892
f 1893 1854 1853
f 1815 1892 1855
f 1895 1856 1855
f 1857 1858 1897
f 1858 1896 1898
f 1899 1860 1859
f 1820 1901 1861
f 1902 1821 1861
f 1903 1825 5137
f 1904 1827 1829
f 1865 1905 1868
f 1906 1829 1867
f 1907 1864 1903
f 1868 1869 1830
f 1870 1869 1909
f 1910 1871 1870
f 1873 1912 1913
f 1913 1834 1873
f 1915 1874 1914
f 1839 1916 1877
f 1917 1876 1877
f 1879 1878 1918
f 1919 1879 1920
f 1840 1921 1881
f 1922 1875 1915
f 1924 1883 1923
f 1843 1924 1885
f 1925 1886 1885
f 1923 1844 1886
f 1888 1845 1887
f 1849 1928 1889
f 1850 1929 1890
f 1851 1930 1891
f 1893 1891 1931
f 1894 1892 1854
f 1933 1894 1893
f 1855 1932 1895
f 1896 1936 1935
f 1897 1898 1937
f 1938 1896 1935
f 1939 1900 1899
f 1941 1860 1900
f 1942 1861 1901
f 1943 1866 1904
f 1905 1908 1868
f 1919 1867 1907
f 1904 1945 1943
f 1909 1908 1947
f 1948 1870 1909
f 1911 1950 1949
f 1952 1911 1951
f 1874 1953 1954
f 1914 1956 1915
f 1881 1957 1916
f 1877 1958 1917
f 1917 1918 1878
f 1920 1918 1960
f 1907 1880 1919
f 1919 1945 1906
f 1961 1882 1922
f 1915 1962 1922
f 1923 1964 1924
f 1964 1885 1924
f 1926 1966 1965
f 1923 1926 1963
f 1928 1887 1969
f 1889 1970 1929
f 1971 1890 1929
f 1891 1972 1931
f 1933 1931 1973
f 1934 1932 1894
f 1975 1934 1933
f 1895 1974 1936
f 1935 1977 1978
f 1938 1937 1898
f 1899 1937 1939
f 1935 1980 1938
f 1981 1940 1939
f 1900 1983 1941
f 1984 1901 1941
f 1944 1943 1985
f 1945 1985 1943
f 1909 1987 1948
f 1988 1910 1948
f 1949 1951 1911
f 1949 1990 1991
f 1992 1952 1951
f 1912 1952 1994
f 1953 1996 1954
f 1914 1997 1955
f 1956 1990 1998
f 1999 1921 1961
f 1916 2000 1958
f 2001 1917 1958
f 1960 1959 2002
f 1986 1920 1960
f 1962 1961 1922
f 1998 1962 1956
f 1964 2005 2006
f 2006 1925 1964
f 1926 2005 1963
f 1965 2008 2007
f 1968 1967 5139
f 1967 1969 1927
f 1970 1969 2010
f 1929 2011 1971
f 2012 1930 1971
f 1931 2013 1973
f 2014 1933 1973
f 2015 1934 1976
f 2016 1976 1975
f 2015 1936 1974
f 2018 1978 1977
f 1938 2020 1979
f 1939 1979 1981
f 1980 2019 2021
f 2022 1982 1981
f 1983 1982 2024
f 1941 2025 1984
f 1985 1947 1944
f 2027 1986 2002
f 1987 2027 2028
f 1948 2029 1988
f 1998 1950 1988
f 1991 1989 1949
f 1992 1989 2031
f 1955 1991 1990
f 2032 1992 2033
f 1952 2034 1994
f 1994 1953 1912
f 2036 1995 2035
f 1954 2037 1997
f 1999 2000 1957
f 2001 2000 2039
f 2040 1959 2001
f 2004 2003 1962
f 1988 2004 1998
f 2042 2006 2005
f 1966 2043 2008
f 2042 1965 2007
f 2007 2044 2045
f 2009 2010 1967
f 2047 1970 2010
f 2011 2012 1971
f 1972 2049 2013
f 1973 2050 2014
f 2016 2014 2051
f 2015 2017 2052
f 2054 2016 2053
f 2052 1977 2015
f 2055 2019 2018
f 2020 2021 2057
f 1981 2020 2022
f 2021 2056 2058
f 2023 2060 2059
f 2024 2023 2061
f 2024 2025 1983
f 1984 2063 2026
f 2028 2002 2040
f 2029 2028 2064
f 1997 2030 1991
f 2030 2031 1989
f 1992 2066 2033
f 2067 1993 2032
f 2032 2068 2069
f 2035 1994 2034
f 2035 2071 2036
f 2037 2073 2072
f 2003 2038 1999
f 2041 2029 2064
f 2042 2075 2043
f 2044 2043 2075
f 2007 2074 2042
f 2009 2077 2047
f 2048 2047 2077
f 2048 2049 2012
f 2013 2079 2050
f 2051 2050 2080
f 2053 2051 2081
f 2052 2054 2082
f 2083 2054 2053
f 2085 2052 2082
f 2056 2087 2086
f 2057 2022 2020
f 2058 2057 2021
f 2058 2086 2089
f 2059 2061 2023
f 2059 2091 2092
f 2061 2062 2024
f 2063 2062 2094
f 2064 2040 2039
f 2072 2030 2037
f 2066 2065 2095
f 2033 2096 2068
f 2034 2070 2035
f 2097 2069 2068
f 2071 2100 2099
f 2101 2036 2071
f 2101 2072 2073
f 2039 2041 2064
f 2074 2104 2075
f 2044 2106 2105
f 2103 2045 2105
f 2107 2046 2076
f 2077 2078 2048
f 2078 2110 2049
f 2111 2050 2079
f 2081 2080 2112
f 2081 2114 2053
f 2082 2084 2115
f 2084 2116 2117
f 2115 2085 2082
f 2118 2055 2085
f 2086 2120 2119
f 2088 2060 2057
f 2089 2088 2058
f 2122 2086 2119
f 2059 2123 2090
f 2124 2061 2090
f 2125 2092 2091
f 2094 2093 2127
f 2065 2102 2095
f 2128 2066 2095
f 2068 2129 2097
f 2130 2070 2067
f 2131 2069 2098
f 2101 2099 2133
f 2135 2100 2134
f 2101 2136 2102
f 2103 2138 2104
f 2105 2139 2140
f 2105 2137 2103
f 2076 2141 2107
f 2107 2109 2078
f 2144 2109 2143
f 2111 2112 2080
f 2079 2144 2111
f 2113 2112 2146
f 2113 2148 2114
f 2115 2117 2149
f 2114 2116 2083
f 2150 2116 2151
f 2149 2118 2115
f 2087 2152 2120
f 2091 2121 2125
f 2153 2122 2119
f 2123 2126 2155
f 2124 2123 2156
f 2157 2093 2124
f 2158 2126 2125
f 2095 2136 2128
f 2160 2096 2128
f 2162 2129 2161
f 2100 2163 2134
f 2131 2130 2132
f 2165 2098 2164
f 2166 2099 2135
f 2134 2168 2135
f 2133 2169 2136
f 2137 2171 2138
f 2139 2104 2138
f 2140 2172 2173
f 2140 2170 2137
f 2174 2108 2142
f 2143 2177 2144
f 2144 2145 2111
f 2146 2145 2178
f 2146 2147 2113
f 2147 2181 2148
f 2117 2182 2149
f 2148 2151 2116
f 2151 2184 2150
f 2182 2152 2149
f 2120 2185 2186
f 2187 2125 2121
f 2119 2188 2153
f 2189 2154 2153
f 2191 2154 2192
f 2193 2123 2155
f 2194 2126 2159
f 2156 2157 2124
f 2196 2159 2158
f 2136 2160 2128
f 2161 2160 2198
f 2161 2200 2162
f 2163 2167 2134
f 2164 2162 2200
f 2131 2201 2163
f 2164 2203 2165
f 2204 2135 2168
f 2166 2205 2169
f 2171 2207 2206
f 2172 2138 2171
f 2209 2172 2208
f 2209 2170 2173
f 2142 2210 2174
f 2212 2176 2143
f 2176 2215 2177
f 2178 2177 2215
f 2146 2216 2179
f 2180 2179 2217
f 2219 2180 2218
f 2150 2220 2182
f 2183 2181 2219
f 2183 2222 2184
f 2223 2182 2220
f 2185 2224 2186
f 2225 2158 2187
f 2226 2186 2224
f 2227 2153 2188
f 2228 2190 2189
f 2192 2190 2230
f 2187 2192 2225
f 2193 2195 2156
f 2155 2232 2193
f 2159 2233 2194
f 2197 2234 2235
f 2198 2169 2205
f 2198 2199 2161
f 2237 2199 2238
f 2201 2240 2167
f 2200 2202 2164
f 2165 2239 2201
f 2202 2242 2203
f 2168 2244 2204
f 2245 2204 2244
f 2172 2206 2208
f 2246 2206 2207
f 2248 2209 2208
f 2249 2207 2209
f 2175 2250 2210
f 2174 2213 2212
f 2214 2213 2251
f 2214 2253 2215
f 2215 2216 2178
f 2254 2179 2216
f 2180 2255 2218
f 2218 2257 2219
f 2220 2259 2258
f 2219 2221 2183
f 2221 2261 2222
f 2262 2220 2258
f 2224 2262 2263
f 2264 2196 2225
f 2265 2188 2226
f 2224 2266 2226
f 2229 2268 2267
f 2190 2269 2230
f 2270 2192 2230
f 2193 2271 2231
f 2272 2194 2233
f 2273 2197 2235
f 2235 2275 2274
f 2205 2236 2198
f 2276 2199 2236
f 2238 2278 2237
f 2279 2239 2280
f 2237 2241 2202
f 2203 2280 2239
f 2281 2242 2241
f 2283 2243 2284
f 2283 2245 2244
f 2208 2247 2248
f 2246 2287 2247
f 2249 2289 2288
f 2288 2246 2249
f 2290 2211 7438
f 2251 2210 2250
f 2251 2252 2214
f 2252 2294 2253
f 2254 2253 2294
f 2217 2295 2255
f 2255 2256 2218
f 2258 2297 2298
f 2260 2257 2299
f 2261 2301 2300
f 2297 2222 2261
f 2302 2258 2298
f 2262 2303 2263
f 2304 2234 2264
f 2266 2265 2226
f 2306 2265 2307
f 2308 2229 2267
f 2306 2228 2227
f 2271 2309 2310
f 2233 2311 2272
f 2273 2274 2312
f 2313 2275 2314
f 2236 2285 2276
f 2315 2238 2276
f 2316 2277 2317
f 2284 2279 2318
f 2280 2320 2279
f 2321 2278 2316
f 2319 2242 2282
f 2282 2323 2322
f 2283 2318 2324
f 2324 2285 2283
f 2248 2287 2289
f 2326 2287 2286
f 2288 2328 2329
f 2288 2326 2286
f 2330 7438 2291
f 2251 2331 2292
f 2333 2252 2292
f 2293 2335 2294
f 2295 2294 2335
f 2255 2336 2296
f 2296 2338 2256
f 2339 2260 2299
f 2300 2297 2261
f 2298 2342 2302
f 2302 2343 2303
f 2314 2304 2344
f 2345 2264 2270
f 2307 2305 2346
f 2308 2349 2269
f 2351 2267 2350
f 2352 2268 2306
f 2312 2311 2273
f 2311 2309 2272
f 2312 2357 2356
f 2357 2313 2358
f 2358 2314 2359
f 2276 2325 2315
f 2315 2317 2277
f 2317 2362 2316
f 2318 2320 2363
f 2364 2319 2365
f 2316 2366 2321
f 2365 2282 2322
f 2321 2323 2281
f 2368 2323 2367
f 2324 2363 2369
f 2369 2325 2324
f 2287 2328 2289
f 2371 2326 2372
f 2373 2329 2328
f 2326 2374 2372
f 2332 2330 2291
f 2330 2331 2290
f 2377 2331 2376
f 2379 2333 2378
f 2334 2379 2380
f 2334 2382 2335
f 2295 2382 2336
f 2337 2336 2383
f 2338 2384 2385
f 2338 2299 2256
f 2386 2301 2339
f 2340 2389 2388
f 2341 2340 2388
f 2341 2391 2342
f 2342 2392 2343
f 2393 2303 2343
f 2396 2304 2345
f 2314 2397 2359
f 2400 2346 2399
f 2401 2305 2398
f 2395 2347 2263
f 2351 2348 2308
f 2345 2348 2396
f 2404 2351 2350
f 2350 2353 2406
f 2353 2408 2407
f 2356 2355 2312
f 2354 2355 2409
f 2356 2412 2413
f 2414 2357 2358
f 2359 2414 2358
f 2315 2370 2360
f 2361 2360 2416
f 2418 2361 2417
f 2419 2320 2364
f 2420 2365 2421
f 2422 2362 2418
f 2322 2421 2365
f 2367 2366 2422
f 2367 2424 2368
f 2363 2425 2369
f 2369 2426 2370
f 2371 2328 2327
f 2428 2372 2427
f 2374 2430 2429
f 2429 2372 2374
f 2432 2330 2375
f 2433 2376 2432
f 2378 2377 2433
f 2434 2334 2380
f 2435 2382 2381
f 2383 2384 2337
f 2383 2436 2438
f 2385 2339 2338
f 2440 2386 2439
f 2388 2441 2442
f 2442 2341 2388
f 2444 2390 2443
f 2392 2444 2445
f 2393 2392 2446
f 2393 2448 2394
f 2394 2395 2303
f 2397 2415 2359
f 2399 2452 2400
f 2352 2400 2453
f 2399 2401 2454
f 2398 2456 2401
f 2458 2402 2457
f 2347 2455 2398
f 2403 2405 2459
f 2396 2403 2460
f 2406 2404 2350
f 2462 2405 2404
f 2407 2406 2353
f 2352 2464 2408
f 2407 2465 2466
f 2467 2409 2468
f 2413 2411 2356
f 2409 2411 2468
f 2413 2471 2470
f 2412 2472 2471
f 2472 2415 2473
f 2416 2370 2426
f 2361 2474 2417
f 2417 2476 2418
f 2477 2364 2420
f 2420 2478 2479
f 2480 2418 2476
f 2424 2421 2368
f 2422 2423 2367
f 2424 2481 2482
f 2419 2483 2425
f 2484 2425 2483
f 2430 2371 2428
f 2485 2428 2427
f 2429 2487 2488
f 2433 2490 2491
f 2491 2378 2433
f 2490 2434 2380
f 2381 2493 2435
f 2436 2495 2438
f 2496 2383 2438
f 2497 2384 2437
f 2439 2385 2498
f 2500 2442 2441
f 2501 2390 2442
f 2444 2503 2502
f 2504 2392 2445
f 2446 2447 2393
f 2447 2507 2448
f 2394 2508 2449
f 2509 2450 2397
f 2473 2450 2511
f 2399 2511 2451
f 2462 2400 2452
f 2512 2401 2456
f 2457 2449 2508
f 2514 2458 2513
f 2459 2460 2403
f 2459 2452 2510
f 2463 2461 2406
f 2462 2461 2516
f 2466 2463 2407
f 2516 2453 2462
f 2408 2518 2465
f 2520 2465 2519
f 2467 2522 2521
f 2470 2469 2413
f 2468 2469 2522
f 2524 2470 2471
f 2472 2527 2471
f 2526 2473 2512
f 2474 2426 2484
f 2417 2528 2475
f 2476 2530 2529
f 2479 2477 2420
f 2532 2479 2478
f 2534 2476 2529
f 2482 2478 2424
f 2481 2480 2534
f 2535 2482 2481
f 2537 2477 2531
f 2483 2538 2484
f 2485 2540 2486
f 2488 2542 2541
f 2431 2544 2495
f 2491 2380 2494
f 2547 2496 2438
f 2549 2498 2497
f 2439 2550 2551
f 2553 2500 2554
f 2441 2555 2500
f 2556 2501 2553
f 2557 2502 2503
f 2445 2560 2504
f 2505 2506 2447
f 2563 2506 2562
f 2508 2507 2564
f 2511 2510 2451
f 2473 2454 2512
f 2526 2456 2514
f 2565 2508 2564
f 2566 2513 2567
f 2517 2515 2463
f 2516 2515 2569
f 2570 2517 2466
f 2569 2464 2516
f 2572 2518 2573
f 2575 2519 2574
f 2572 2519 2465
f 2522 2578 2521
f 2579 2525 2524
f 2514 2527 2526
f 2538 2474 2484
f 2580 2475 2528
f 2529 2582 2581
f 2531 2533 2583
f 2584 2533 2532
f 2581 2534 2529
f 2532 2536 2584
f 2535 2534 2586
f 2587 2536 2535
f 2589 2531 2583
f 2590 2537 2589
f 2591 2485 2541
f 2540 2593 2592
f 2540 2595 2486
f 2541 2596 2591
f 2967 2857 5148
f 2543 2544 2489
f 2547 2544 2598
f 2547 2599 2548
f 2496 2600 2497
f 2497 2601 2549
f 2550 2603 2602
f 2604 2440 2551
f 2554 2555 2606
f 2553 2607 2608
f 2605 2555 2552
f 2553 2610 2556
f 2611 2558 2557
f 2559 2502 2558
f 2557 2556 2610
f 2559 2615 2560
f 2504 2616 2613
f 2561 2617 2618
f 2506 2619 2562
f 2567 2563 2562
f 2563 2564 2507
f 2565 2513 2457
f 2563 2565 2564
f 2566 2562 2579
f 2568 2571 2620
f 2621 2515 2568
f 2622 2571 2570
f 2573 2569 2621
f 2573 2576 2572
f 2574 2626 2575
f 2570 2575 2622
f 2574 2576 2627
f 2523 2577 2522
f 2579 2578 2577
f 2527 2579 2524
f 2528 2590 2580
f 2530 2629 2582
f 2581 2631 2630
f 2583 2585 2632
f 2585 2634 2633
f 2630 2586 2581
f 2588 2584 2536
f 2535 2635 2587
f 2588 2636 2637
f 2589 2632 2638
f 2638 2590 2589
f 2591 2593 2539
f 2592 2594 2540
f 2643 2593 2642
f 2542 2594 2596
f 2640 2596 2644
f 2543 2646 2597
f 2647 2598 2648
f 2649 2548 2599
f 2650 2600 2649
f 2601 2603 2549
f 2602 2653 2550
f 2602 2654 2655
f 2604 2605 2499
f 2551 2656 2604
f 2606 2607 2554
f 2606 2609 2658
f 2607 2660 2608
f 2662 2605 2661
f 2608 2663 2610
f 2557 2663 2611
f 2665 2611 2664
f 2559 2612 2614
f 2560 2666 2616
f 2618 2667 2668
f 2669 2619 2561
f 2619 2628 2562
f 2621 2620 2672
f 2620 2623 2673
f 2674 2623 2622
f 2672 2573 2621
f 2576 2676 2627
f 2627 2625 2574
f 2625 2679 2626
f 2674 2575 2626
f 2639 2580 2590
f 2582 2680 2631
f 2630 2681 2682
f 2632 2633 2683
f 2633 2685 2684
f 2682 2635 2630
f 2637 2634 2588
f 2686 2587 2635
f 2687 2637 2636
f 2638 2683 2689
f 2689 2639 2638
f 2593 2691 2642
f 2592 2692 2641
f 2596 2641 2644
f 2642 2694 2643
f 2695 2640 2644
f 2697 2646 2698
f 2699 2599 2647
f 2697 2647 2648
f 2650 2651 2601
f 2702 2649 2699
f 2654 2651 2703
f 2652 2655 2704
f 2652 2656 2653
f 2706 2605 2656
f 2606 2707 2657
f 2659 2657 2708
f 2709 2609 2662
f 2711 2659 2710
f 2712 2661 2713
f 2714 2663 2660
f 2664 2717 2665
f 2612 2718 2614
f 2664 2715 2719
f 2720 2615 2721
f 2616 2667 2617
f 2668 2723 2722
f 2668 2669 2618
f 2724 2670 2669
f 2671 2670 2726
f 2673 2672 2620
f 2673 2675 2728
f 2729 2674 2730
f 2727 2624 2672
f 2627 2731 2677
f 2677 2678 2625
f 2678 2734 2679
f 2626 2730 2674
f 2690 2629 2639
f 2631 2735 2681
f 2736 2682 2681
f 2684 2683 2633
f 2684 2739 2740
f 2737 2686 2682
f 2685 2688 2739
f 2636 2741 2687
f 2688 2743 2742
f 2689 2738 2744
f 2744 2690 2689
f 2693 2691 2746
f 2747 2643 2694
f 2641 2695 2644
f 2748 2693 2749
f 2691 2750 2746
f 2696 2698 2646
f 2698 2700 2697
f 2700 2699 2647
f 2650 2755 2701
f 2756 2699 2754
f 2704 2705 2652
f 2706 2713 2661
f 2759 2658 2709
f 2657 2760 2708
f 2708 2710 2659
f 2762 2662 2712
f 2710 2764 2711
f 2660 2765 2714
f 2712 2766 2767
f 2664 2768 2716
f 2770 2716 2769
f 2771 2665 2717
f 2721 2718 2771
f 2723 2666 2720
f 2721 2773 2720
f 2724 2722 2774
f 2722 2776 2775
f 2774 2725 2724
f 2726 2725 2778
f 2728 2727 2673
f 2780 2675 2729
f 2730 2782 2729
f 2779 2676 2727
f 2731 2732 2677
f 2733 2732 2784
f 2785 2733 2786
f 2781 2679 2734
f 2680 2745 2735
f 2681 2787 2736
f 2788 2737 2736
f 2740 2738 2684
f 2740 2791 2792
f 2789 2741 2737
f 2742 2739 2688
f 2687 2793 2743
f 2794 2743 2795
f 2744 2790 2796
f 2796 2745 2744
f 2747 2695 2692
f 2694 2798 2747
f 2748 2799 2800
f 2746 2801 2749
f 2752 2804 2696
f 2754 2753 2805
f 2806 2702 2756
f 2808 2757 2807
f 2766 2758 2810
f 2709 2811 2759
f 2707 2812 2760
f 2813 2710 2761
f 2767 2762 2712
f 2763 2816 2764
f 2711 2817 2765
f 2714 2818 2819
f 2766 2821 2767
f 2822 2716 2768
f 2769 2824 2770
f 2825 2717 2770
f 2772 2771 2825
f 2773 2723 2720
f 2827 2772 2826
f 2775 2774 2722
f 2828 2777 2774
f 2778 2777 2830
f 2831 2728 2780
f 2782 2780 2729
f 2781 2834 2782
f 2779 2783 2731
f 2784 2783 2835
f 2784 2786 2733
f 2786 2838 2785
f 2839 2781 2734
f 2735 2797 2787
f 2736 2840 2788
f 2841 2789 2788
f 2792 2790 2740
f 2792 2845 2844
f 2793 2842 2846
f 2794 2791 2742
f 2795 2793 2846
f 2795 2848 2794
f 2796 2843 2849
f 2849 2797 2796
f 2747 2801 2750
f 2748 2851 2798
f 2749 2852 2799
f 2800 2853 2854
f 2752 2856 2803
f 2753 2857 2805
f 2858 2756 2805
f 2859 2808 2807
f 2861 2705 2808
f 2810 2820 2766
f 2812 2811 2863
f 2812 2865 2760
f 2866 2763 2813
f 2867 2815 2763
f 2869 2816 2815
f 2871 2764 2816
f 2817 2818 2765
f 2819 2873 2874
f 2875 2820 2876
f 2822 2823 2769
f 2768 2874 2822
f 2878 2823 2879
f 2880 2770 2824
f 2826 2825 2880
f 2773 2881 2776
f 2827 2883 2882
f 2881 2828 2775
f 2884 2829 2828
f 2830 2829 2886
f 2831 2832 2887
f 2782 2888 2832
f 2834 2889 2890
f 2835 2831 2887
f 2835 2836 2784
f 2837 2836 2892
f 2893 2837 2894
f 2839 2838 2895
f 2895 2833 2839
f 2850 2787 2797
f 2788 2896 2841
f 2842 2898 2897
f 2844 2843 2792
f 2844 2900 2901
f 2846 2897 2902
f 2848 2845 2794
f 2846 2847 2795
f 2904 2847 2903
f 2849 2899 2905
f 2905 2850 2849
f 2798 2852 2801
f 2854 2851 2800
f 2799 2908 2853
f 2854 2910 2909
f 2911 2804 2912
f 5165 2855 5163
f 2802 2914 2856
f 2915 2803 2856
f 2805 2917 2858
f 2860 2862 2810
f 2876 2862 2919
f 2864 2863 2920
f 2811 2921 2863
f 2922 2864 2923
f 2813 2922 2866
f 2867 2924 2925
f 2925 2868 2867
f 2927 2815 2868
f 2928 2870 2869
f 2816 2930 2871
f 2871 2872 2817
f 2873 2872 2932
f 2874 2924 2933
f 2934 2821 2875
f 2875 2935 2936
f 2874 2877 2822
f 2877 2879 2823
f 2824 2937 2880
f 2938 2879 2920
f 2880 2883 2826
f 2884 2827 2882
f 2883 2935 2882
f 2882 2885 2884
f 2886 2885 2919
f 2887 2888 2939
f 2940 2834 2890
f 2890 2942 2941
f 2939 2835 2887
f 2892 2891 2943
f 2944 2837 2892
f 2895 2893 2945
f 2946 2893 2894
f 2945 2889 2895
f 2906 2840 2850
f 2841 2948 2898
f 2897 2949 2950
f 2844 2951 2899
f 2950 2902 2897
f 2904 2900 2848
f 2903 2902 2952
f 2954 2904 2903
f 2899 2956 2905
f 2956 2906 2905
f 2851 2908 2852
f 2909 2907 2854
f 2853 2959 2910
f 2909 2960 2958
f 2911 2961 2962
f 2914 2913 2963
f 2915 2966 2916
f 2916 2912 2803
f 2968 2857 2967
f 2919 2918 2886
f 2885 2876 2919
f 2920 2923 2864
f 2863 2938 2920
f 2923 2933 2922
f 2933 2866 2922
f 2925 2873 2932
f 2932 2926 2925
f 2868 2971 2927
f 2869 2972 2928
f 2973 2929 2928
f 2930 2929 2975
f 2871 2976 2931
f 2931 2932 2872
f 2875 2977 2934
f 2878 2977 2937
f 2977 2883 2937
f 2888 2978 2939
f 2940 2941 2979
f 2941 2980 2981
f 2978 2891 2939
f 2943 2944 2892
f 2894 2983 2946
f 2945 2947 2984
f 2985 2947 2946
f 2984 2942 2945
f 2957 2896 2906
f 2898 2987 2949
f 2950 2989 2988
f 2990 2901 2953
f 2988 2952 2950
f 2953 2955 2992
f 2903 2991 2954
f 2993 2955 2954
f 2995 2951 2990
f 2995 2957 2956
f 2907 2959 2908
f 2959 2960 2910
f 2997 2962 2961
f 2964 2963 2913
f 2914 2965 2915
f 3002 2965 3003
f 2961 2966 2997
f 2968 3005 3004
f 2921 2977 2938
f 2926 3006 2971
f 2928 3007 2973
f 3008 2974 2973
f 2975 2974 3010
f 3011 2930 2975
f 2976 2970 2931
f 3012 2940 2979
f 2941 3013 2979
f 3014 2980 3015
f 2978 2982 2943
f 3016 2944 2982
f 2985 2983 3017
f 2984 2986 3018
f 2985 3020 2986
f 3015 2984 3018
f 2996 2948 2957
f 2949 3021 2989
f 2990 2992 3022
f 2988 3024 2991
f 2992 2994 3025
f 2954 3024 2993
f 2994 3027 3026
f 2990 3028 2995
f 2995 3029 2996
f 3030 2998 2997
f 2999 2998 3032
f 3033 2964 3001
f 2965 3000 3003
f 5172 2968 3004
f 3005 3036 3004
f 3040 3006 3039
f 2972 3042 3007
f 2973 3043 3008
f 3008 3045 3009
f 2974 3046 3010
f 3047 2975 3010
f 2976 3039 3006
f 2979 3048 3012
f 3049 2981 3014
f 3015 3051 3014
f 3016 3012 3048
f 3052 2983 3016
f 3017 3019 2985
f 3018 3020 3054
f 3055 3019 3056
f 3054 3015 3018
f 2987 3029 3021
f 2989 3057 3023
f 2992 3058 3022
f 3024 3060 3059
f 2994 3061 3025
f 3059 2993 3024
f 3026 3062 3063
f 3058 3028 3022
f 3065 3028 3064
f 3066 3031 3030
f 3068 2998 3031
f 3034 3033 3001
f 3000 3070 3003
f 3004 3038 5172
f 3074 3035 3073
f 3078 3039 3077
f 3042 3040 3078
f 3007 3079 3043
f 3008 3080 3044
f 3081 3044 3082
f 3009 3083 3046
f 3010 3084 3047
f 3077 3011 3047
f 3085 3013 3049
f 3014 3086 3049
f 3050 3088 3051
f 3052 3048 3085
f 3052 3053 3017
f 3053 3056 3019
f 3091 3020 3055
f 3056 3093 3055
f 3087 3054 3091
f 3065 3021 3029
f 3057 3060 3023
f 3095 3025 3061
f 3059 3096 3097
f 3061 3063 3098
f 3097 3027 3059
f 3099 3063 3062
f 3101 3058 3095
f 3064 3102 3065
f 3066 3104 3067
f 3105 3031 3067
f 3107 3068 3106
f 3034 3108 3069
f 3033 3109 3070
f 3070 3072 3003
f 3111 3037 5175
f 3002 3103 3066
f 3036 3076 3038
f 3112 3074 3073
f 3106 3035 3107
f 3075 3074 3113
f 3116 3077 3117
f 3079 3078 3116
f 3118 3043 3079
f 3119 3045 3081
f 3120 3082 3121
f 3122 3046 3083
f 3047 3117 3077
f 3123 3049 3086
f 3051 3124 3086
f 3087 3126 3088
f 3085 3089 3052
f 3089 3090 3053
f 3092 3090 3128
f 3055 3129 3091
f 3093 3131 3130
f 3091 3125 3087
f 3065 3094 3057
f 3096 3094 3132
f 3061 3133 3095
f 3134 3097 3096
f 3063 3136 3098
f 3099 3097 3135
f 3137 3100 3099
f 3095 3139 3101
f 3140 3101 3139
f 3067 3141 3105
f 3068 3142 3106
f 3111 3108 3071
f 3144 3069 3108
f 5175 3145 3111
f 3146 3112 3147
f 3106 3112 3073
f 3075 3149 3115
f 3150 5178 3115
f 3117 3152 3116
f 3116 3118 3079
f 3153 3080 3118
f 3155 3081 3120
f 3119 3157 3083
f 3158 3121 3082
f 3121 3161 3120
f 3151 3084 3122
f 3086 3162 3123
f 3088 3163 3124
f 3126 3165 3164
f 3123 3127 3089
f 3090 3166 3128
f 3131 3128 3167
f 3130 3129 3093
f 3130 3169 3170
f 3125 3168 3165
f 3102 3132 3094
f 3132 3134 3096
f 3133 3136 3173
f 3174 3134 3172
f 3137 3135 3174
f 3137 3176 3138
f 3139 3173 3177
f 3139 3178 3140
f 3104 3180 3141
f 3181 3105 3141
f 3142 3183 3106
f 3111 3184 3143
f 3186 3143 3185
f 3110 3144 3179
f 3187 3114 5179
f 3148 3147 3112
f 3146 3189 3190
f 3183 3148 3106
f 3115 3193 3150
f 3196 3151 3195
f 3153 3152 3196
f 3158 3153 3197
f 3120 3198 3155
f 3119 3199 3156
f 3195 3156 3200
f 3197 3159 3158
f 3160 3159 3202
f 3204 3160 3203
f 3195 3122 3157
f 3163 3162 3124
f 3206 3126 3164
f 3164 3207 3208
f 3127 3205 3166
f 3209 3128 3166
f 3131 3210 3169
f 3170 3168 3130
f 3170 3213 3212
f 3211 3165 3168
f 3214 3132 3171
f 3173 3138 3176
f 3215 3172 3214
f 3174 3175 3137
f 3175 3217 3176
f 3176 3177 3173
f 3178 3218 3219
f 3179 3186 3180
f 3141 3220 3181
f 3181 3182 3142
f 3182 3191 3183
f 3223 3145 3187
f 3185 3184 3224
f 3225 3185 3226
f 3227 5179 3192
f 3188 3191 3228
f 3229 3188 3230
f 3190 3231 3232
f 3190 3149 3146
f 3150 3233 3194
f 3195 3235 3196
f 3196 3197 3153
f 3236 3161 3204
f 3237 3155 3198
f 3156 3238 3200
f 3201 3235 3239
f 3202 3201 3240
f 3203 3202 3241
f 3242 3203 3243
f 3206 3205 3163
f 3206 3208 3245
f 3208 3246 3247
f 3166 3244 3209
f 3167 3248 3210
f 3249 3169 3210
f 3212 3211 3170
f 3212 3251 3252
f 3250 3207 3211
f 3214 3140 3253
f 3253 3215 3214
f 3215 3216 3175
f 3217 3256 3255
f 3253 3219 3257
f 3225 3180 3186
f 3258 3221 3181
f 3260 3182 3221
f 3228 3222 3261
f 3262 3184 3223
f 3263 3187 3227
f 3224 3226 3185
f 3226 3266 3225
f 3267 3192 5183
f 3228 3230 3188
f 3270 3230 3269
f 3270 3189 3229
f 3271 3232 3231
f 3193 3232 3233
f 3273 3194 3233
f 3239 3200 3238
f 3236 3237 3198
f 3275 3204 3242
f 3276 3199 3237
f 3239 3240 3201
f 3241 3240 3278
f 3241 3243 3203
f 3243 3281 3242
f 3244 3245 3282
f 3245 3247 3283
f 3284 3247 3246
f 3282 3209 3244
f 3210 3286 3249
f 3287 3213 3249
f 3252 3250 3212
f 3252 3290 3289
f 3246 3288 3284
f 3257 3254 3253
f 3216 3291 3256
f 3292 3217 3255
f 3255 3293 3294
f 3257 3296 3295
f 3266 3220 3225
f 3259 3266 3297
f 3298 3221 3259
f 3299 3222 3260
f 3228 3300 3268
f 3262 3264 3224
f 3223 3302 3262
f 3227 3303 3263
f 3265 3264 3304
f 3266 3305 3297
f 3269 3268 3307
f 3269 3309 3270
f 3271 3270 3309
f 3310 3272 3271
f 3233 3272 3273
f 3234 3312 8445
f 3277 3238 3276
f 3275 3274 3236
f 3276 3274 3314
f 3281 3275 3242
f 3278 3277 3316
f 3279 3278 3317
f 3280 3279 3318
f 3280 3320 3281
f 3282 3283 3321
f 3283 3285 3322
f 3323 3285 3284
f 3321 3248 3282
f 3325 3249 3286
f 3326 3251 3287
f 3288 3289 3327
f 3328 3290 3329
f 3323 3288 3327
f 3330 3257 3295
f 3256 3331 3293
f 3292 3294 3332
f 3294 3333 3334
f 3292 3296 3219
f 3296 3336 3295
f 3337 3259 3297
f 3338 3260 3298
f 3261 3339 3300
f 3300 3307 3268
f 3302 3301 3262
f 3342 3264 3301
f 3302 3303 3343
f 3344 3267 3306
f 3265 3345 3305
f 3297 3346 3337
f 3307 3308 3269
f 3349 3308 3350
f 3351 3271 3309
f 3311 3352 3353
f 3311 3273 3272
f 8445 3354 8485
f 3314 3277 3276
f 3313 3315 3355
f 3314 3313 3356
f 3357 3281 3320
f 3317 3316 3358
f 3317 3318 3279
f 3318 3319 3280
f 3361 3319 3362
f 3322 3321 3283
f 3322 3324 3364
f 3365 3324 3323
f 3286 3363 3325
f 3367 3287 3325
f 3326 3329 3290
f 3289 3369 3327
f 3370 3329 3371
f 3327 3365 3323
f 3330 3336 3372
f 3293 3373 3333
f 3334 3332 3294
f 3375 3334 3333
f 3332 3335 3296
f 3378 3335 3377
f 3379 3298 3337
f 3380 3299 3338
f 3300 3381 3340
f 3340 3348 3307
f 3343 3341 3302
f 3301 3384 3342
f 3385 3304 3342
f 3343 3344 3386
f 3347 3344 3306
f 3305 3388 3346
f 3337 3389 3379
f 3348 3350 3308
f 3350 3393 3349
f 3394 3310 3351
f 3352 3396 3353
f 3353 3312 3311
f 3397 8485 3354
f 3356 3316 3314
f 3355 3399 3398
f 3355 3356 3313
f 3357 3361 3401
f 3358 3359 3317
f 3360 3359 3403
f 3360 3362 3319
f 3361 3405 3406
f 3364 3363 3322
f 3324 3408 3364
f 3409 3366 3365
f 3407 3325 3363
f 3326 3411 3368
f 3371 3368 3412
f 3413 3328 3370
f 3370 3414 3415
f 3365 3413 3409
f 3372 3378 3416
f 3372 3331 3330
f 3333 3417 3375
f 3418 3334 3376
f 3419 3376 3375
f 3377 3374 3418
f 3377 3422 3378
f 3423 3338 3379
f 3339 3424 3381
f 3381 3382 3340
f 3391 3382 3426
f 3342 3427 3385
f 3428 3345 3385
f 3386 3387 3429
f 3390 3387 3347
f 3431 3346 3388
f 3379 3432 3423
f 3391 3392 3350
f 3436 3392 3435
f 3393 3351 3349
f 3394 3395 3352
f 3395 3439 3396
f 3396 3354 3353
f 8528 3440 8572
f 3356 3402 3358
f 3400 3398 3442
f 3398 3443 3444
f 3361 3445 3401
f 3401 3399 3357
f 3403 3402 3446
f 3403 3404 3360
f 3362 3448 3405
f 3406 3450 3449
f 3408 3407 3364
f 3410 3408 3366
f 3453 3410 3409
f 3451 3367 3407
f 3368 3455 3412
f 3456 3371 3412
f 3413 3415 3457
f 3415 3459 3458
f 3457 3409 3413
f 3460 3378 3422
f 3416 3373 3372
f 3375 3461 3419
f 3418 3420 3462
f 3463 3420 3419
f 3418 3421 3377
f 3422 3466 3465
f 3467 3380 3423
f 3381 3468 3425
f 3426 3425 3469
f 3391 3470 3434
f 3384 3471 3427
f 3472 3385 3427
f 3388 3473 3431
f 3429 3430 3474
f 3386 3475 3383
f 3476 3390 3433
f 3477 3389 3431
f 3423 3478 3467
f 3433 5189 3479
f 3435 3434 3480
f 3435 3482 3436
f 3437 3393 3436
f 3437 3438 3395
f 3485 3438 3484
f 3397 3439 3440
f 3440 3441 8572
f 3442 3402 3400
f 3442 3444 3488
f 3489 3444 3443
f 3445 3449 3491
f 3445 3443 3401
f 3403 3492 3447
f 3493 3404 3447
f 3405 3494 3450
f 3449 3495 3496
f 3451 3452 3497
f 3454 3452 3410
f 3499 3454 3453
f 3497 3411 3451
f 3501 3412 3455
f 3414 3502 3459
f 3457 3458 3503
f 3504 3458 3459
f 3503 3453 3457
f 3465 3460 3422
f 3417 3460 3461
f 3461 3508 3419
f 3462 3464 3509
f 3464 3511 3510
f 3421 3509 3466
f 3465 3512 3513
f 3514 3424 3467
f 3425 3515 3469
f 3516 3426 3469
f 3434 3517 3480
f 3428 3518 3473
f 3431 3519 3477
f 3520 3430 3476
f 3474 3475 3429
f 3433 3522 3476
f 3478 3477 3523
f 3467 3524 3514
f 3480 3481 3435
f 3528 3481 3527
f 3436 3483 3437
f 3484 3483 3529
f 3484 3531 3485
f 3486 3439 3485
f 3486 3487 3441
f 3488 3446 3442
f 3488 3490 3534
f 3535 3490 3489
f 3491 3496 3537
f 3491 3489 3445
f 3447 3538 3493
f 3539 3448 3493
f 3540 3450 3494
f 3541 3496 3495
f 3497 3498 3543
f 3544 3454 3500
f 3500 3546 3545
f 3501 3497 3543
f 3547 3456 3501
f 3459 3548 3504
f 3503 3505 3549
f 3504 3551 3505
f 3549 3499 3503
f 3513 3506 3465
f 3461 3506 3507
f 3507 3554 3508
f 3510 3509 3464
f 3463 3554 3511
f 3511 3557 3510
f 3509 3558 3466
f 3559 3513 3512
f 3514 3515 3468
f 3562 3469 3515
f 3563 3470 3516
f 3517 3526 3480
f 3566 3473 3518
f 3523 3519 3567
f 3568 3476 3522
f 3474 3569 3521
f 3570 3475 3521
f 3571 3479 3525
f 3561 3524 3572
f 5192 3525 5190
f 3527 3526 3574
f 3575 3527 3576
f 3482 3529 3483
f 3529 3530 3484
f 3530 3579 3531
f 3485 3532 3486
f 3533 3532 3580
f 3534 3492 3488
f 3534 3536 3582
f 3536 3584 3583
f 3584 3491 3537
f 3537 3542 3585
f 3493 3586 3539
f 3494 3587 3540
f 3588 3495 3540
f 3541 3590 3542
f 3543 3544 3591
f 3545 3544 3500
f 3545 3593 3594
f 3501 3591 3547
f 3502 3595 3548
f 3504 3596 3550
f 3505 3597 3549
f 3550 3599 3551
f 3597 3546 3549
f 3552 3560 3600
f 3553 3506 3552
f 3553 3602 3554
f 3557 3555 3510
f 3511 3602 3556
f 3556 3605 3557
f 3555 3606 3558
f 3558 3559 3512
f 3560 3608 3607
f 3562 3561 3609
f 3610 3516 3562
f 3611 3517 3563
f 3574 3564 3612
f 3613 3519 3566
f 3518 3614 3566
f 3567 3616 3523
f 3568 3569 3520
f 3618 3522 3571
f 3619 3570 3521
f 3525 3621 3571
f 3572 3609 3561
f 3572 3622 3624
f 3574 3576 3527
f 3577 3528 3575
f 3576 3628 3575
f 3577 3578 3530
f 3579 3630 3631
f 3531 3580 3532
f 3533 3632 3581
f 3582 3538 3534
f 3583 3582 3536
f 3583 3636 3635
f 3585 3584 3537
f 3590 3585 3542
f 3638 3539 3586
f 3540 3639 3588
f 3640 3541 3588
f 3589 3642 3590
f 3591 3592 3643
f 3594 3592 3545
f 3645 3594 3593
f 3643 3547 3591
f 3548 3647 3596
f 3596 3598 3550
f 3551 3649 3597
f 3651 3598 3650
f 3649 3593 3597
f 3607 3600 3560
f 3552 3601 3553
f 3653 3602 3601
f 3605 3603 3557
f 3602 3604 3556
f 3657 3604 3656
f 3606 3655 3658
f 3658 3559 3606
f 3608 3660 3607
f 3609 3610 3562
f 3662 3563 3610
f 3663 3564 3611
f 3626 3612 3664
f 3613 3615 3567
f 3566 3666 3613
f 3565 3620 3614
f 3615 3668 3616
f 3618 3617 3568
f 3617 3619 3569
f 3571 3671 3618
f 3670 3620 3619
f 3573 3673 3621
f 3624 3623 3572
f 3623 3661 3609
f 3616 3624 3622
f 3627 3626 3677
f 3575 3629 3577
f 3678 3627 3679
f 3680 3578 3629
f 3681 3631 3630
f 3580 3631 3632
f 3632 3633 3581
f 3634 3586 3582
f 3635 3634 3583
f 3635 3686 3687
f 3686 3585 3637
f 3637 3642 3688
f 3689 3587 3638
f 3690 3588 3639
f 3589 3691 3641
f 3642 3693 3692
f 3644 3643 3592
f 3695 3594 3646
f 3646 3697 3696
f 3595 3694 3647
f 3647 3648 3596
f 3650 3648 3699
f 3599 3700 3649
f 3702 3650 3701
f 3660 3652 3607
f 3601 3652 3653
f 3704 3654 3653
f 3605 3706 3655
f 3705 3604 3654
f 3656 3708 3657
f 3655 3709 3658
f 3658 3659 3608
f 3710 3660 3659
f 3662 3661 3712
f 3611 3713 3663
f 3663 3664 3612
f 3664 3677 3626
f 3613 3716 3665
f 3667 3665 3717
f 3614 3672 3666
f 3718 3667 3719
f 3720 3669 3618
f 3670 3669 3722
f 3621 3723 3671
f 3722 3672 3670
f 3676 3673 3625
f 3674 3668 3718
f 3675 3674 3726
f 3712 3675 3727
f 3677 3679 3627
f 3678 3629 3628
f 3679 3731 3678
f 3630 3732 3681
f 3733 3682 3681
f 3632 3682 3683
f 3638 3685 3689
f 3687 3685 3635
f 3738 3687 3686
f 3688 3686 3637
f 3688 3692 3740
f 3639 3741 3690
f 3742 3640 3690
f 3743 3641 3691
f 3692 3745 3744
f 3695 3694 3644
f 3747 3646 3696
f 3700 3697 3645
f 3696 3749 3750
f 3694 3698 3647
f 3699 3698 3751
f 3701 3699 3752
f 3748 3651 3702
f 3753 3702 3701
f 3711 3703 3660
f 3653 3703 3704
f 3704 3757 3705
f 3758 3657 3708
f 3705 3707 3656
f 3759 3707 3760
f 3761 3706 3758
f 3710 3709 3761
f 3762 3711 3710
f 3662 3764 3713
f 3765 3663 3713
f 3714 3715 3664
f 3729 3715 3767
f 3666 3724 3716
f 3768 3665 3716
f 3719 3717 3769
f 3719 3771 3718
f 3772 3721 3720
f 3722 3721 3774
f 3775 3673 3725
f 3720 3723 3772
f 3774 3724 3722
f 3728 3725 3676
f 3718 3726 3674
f 3727 3764 3712
f 3729 3730 3679
f 3731 3680 3678
f 3781 3730 3782
f 3732 3733 3681
f 3784 3733 3785
f 3734 3683 3682
f 3737 3689 3685
f 3737 3739 3787
f 3738 3789 3739
f 3740 3738 3688
f 3744 3740 3692
f 3690 3791 3742
f 3792 3691 3742
f 3793 3693 3743
f 3745 3795 3744
f 3746 3747 3796
f 3696 3797 3747
f 3697 3798 3749
f 3799 3750 3749
f 3796 3698 3746
f 3751 3752 3699
f 3752 3753 3701
f 3702 3798 3748
f 3803 3753 3802
f 3763 3755 3711
f 3703 3756 3704
f 3805 3756 3804
f 3708 3806 3758
f 3760 3757 3805
f 3760 3808 3759
f 3758 3809 3761
f 3710 3809 3762
f 3810 3763 3762
f 3713 3812 3765
f 3766 3765 3813
f 3767 3766 3814
f 3815 3729 3767
f 3716 3776 3768
f 3768 3769 3717
f 3769 3770 3719
f 3819 3770 3818
f 3774 3773 3820
f 3772 3775 3821
f 3725 3822 3775
f 3776 3820 3823
f 3779 3777 3728
f 3726 3819 3825
f 3826 3764 3778
f 3782 3780 3828
f 3783 3731 3781
f 3781 3829 3830
f 3783 3785 3733
f 3784 3736 3734
f 3833 3785 3832
f 3787 3741 3737
f 3739 3836 3787
f 3837 3789 3788
f 3740 3837 3788
f 3790 3795 3839
f 3840 3742 3791
f 3793 3792 3841
f 3842 3745 3793
f 3843 3794 3844
f 3796 3797 3845
f 3847 3750 3846
f 3799 3848 3800
f 3845 3751 3796
f 3802 3801 3849
f 3798 3803 3799
f 3849 3803 3802
f 3804 3811 3850
f 3804 3851 3805
f 3759 3852 3806
f 3805 3807 3760
f 3854 3807 3853
f 3809 3852 3855
f 3855 3762 3809
f 3857 3810 3856
f 3765 3858 3813
f 3813 3814 3766
f 3860 3767 3814
f 3828 3815 3861
f 3768 3823 3816
f 3816 3817 3769
f 3818 3817 3863
f 3864 3819 3818
f 3820 3866 3867
f 3775 3868 3821
f 3869 3777 3824
f 3867 3823 3820
f 3827 3824 3779
f 3825 3865 3872
f 3778 3872 3826
f 3873 3812 3826
f 3828 3829 3782
f 3781 3831 3783
f 3877 3829 3876
f 3832 3831 3878
f 3786 3833 3835
f 3879 3833 3832
f 3791 3836 3840
f 3836 3838 3883
f 3838 3885 3884
f 3885 3790 3839
f 3839 3843 3886
f 3792 3887 3841
f 3841 3842 3793
f 3794 3889 3844
f 3891 3844 3890
f 3845 3847 3892
f 3893 3847 3846
f 3800 3895 3846
f 3849 3895 3848
f 3897 3811 3857
f 3897 3851 3850
f 3899 3808 3854
f 3853 3851 3898
f 3900 3854 3853
f 3855 3899 3902
f 3855 3856 3810
f 3856 3904 3857
f 3814 3905 3860
f 3906 3815 3860
f 3875 3861 3907
f 3870 3816 3823
f 3863 3862 3908
f 3863 3864 3818
f 3910 3865 3864
f 3912 3866 3913
f 3822 3914 3868
f 3869 3871 3915
f 3916 3867 3912
f 3871 3874 3917
f 3911 3872 3865
f 3826 3918 3873
f 3919 3858 3873
f 3881 3874 3834
f 3876 3875 3921
f 3878 3830 3877
f 3923 3876 3922
f 3878 3879 3832
f 3835 3880 3882
f 3925 3880 3879
f 3887 3836 3883
f 3838 3929 3883
f 3885 3931 3884
f 3886 3885 3839
f 3891 3886 3843
f 3841 3933 3888
f 3934 3842 3888
f 3844 3935 3890
f 3891 3937 3936
f 3849 3892 3896
f 3847 3938 3892
f 3939 3894 3893
f 3941 3895 3942
f 3942 3896 3943
f 3857 3944 3897
f 3945 3898 3897
f 3947 3854 3901
f 3853 3946 3900
f 3949 3900 3948
f 3950 3899 3947
f 3902 3903 3856
f 3903 3952 3904
f 3919 3905 3859
f 3860 3954 3906
f 3906 3907 3861
f 3921 3907 3956
f 3862 3916 3908
f 3908 3909 3863
f 3864 3958 3910
f 3959 3911 3910
f 3868 3913 3866
f 3912 3961 3962
f 3963 3869 3915
f 3915 3917 3964
f 3912 3965 3916
f 3917 3920 3966
f 3918 3960 3967
f 3967 3873 3918
f 3968 3881 3927
f 3922 3921 3969
f 3877 3924 3878
f 3922 3971 3923
f 3972 3879 3924
f 3928 3880 3926
f 3929 3887 3883
f 3884 3974 3929
f 3931 3975 3976
f 3932 3930 3886
f 3932 3936 3977
f 3888 3978 3934
f 3979 3889 3934
f 3890 3980 3937
f 3981 3936 3937
f 3943 3892 3938
f 3983 3894 3940
f 3984 3940 3939
f 3986 3893 3941
f 3942 3986 3941
f 3987 3943 3988
f 3989 3904 3952
f 3946 3991 3990
f 3992 3901 3949
f 3990 3900 3946
f 3993 3949 3948
f 3995 3947 3992
f 3950 3951 3903
f 3997 3951 3996
f 3967 3953 3919
f 3954 3953 3999
f 3954 3955 3906
f 3956 3955 4000
f 3956 3969 3921
f 3908 3965 3957
f 3909 4002 3958
f 3910 4003 3959
f 3960 4004 4005
f 3961 3914 3963
f 4006 3962 3961
f 3964 3963 3915
f 3964 3966 4009
f 3965 4007 4010
f 4011 3920 3968
f 3967 4005 3998
f 3927 4012 3968
f 3969 3970 3922
f 3924 3971 3972
f 4015 3970 4014
f 3925 4016 4017
f 3926 5197 3928
f 3974 3933 3929
f 3976 3974 3931
f 3976 4021 4022
f 3977 3975 3932
f 4023 3936 3982
f 3934 4024 3979
f 3980 3979 4025
f 3981 3980 4026
f 4027 3982 3981
f 3943 4029 3988
f 3940 4030 3983
f 3986 3984 3939
f 3985 4033 4032
f 3987 4031 3986
f 3988 4034 3987
f 3989 3945 3944
f 3997 3989 3952
f 3990 4037 4038
f 3949 4039 3992
f 4038 3948 3990
f 3996 3995 4040
f 4041 3997 3996
f 3998 3999 3953
f 4000 4001 3956
f 4013 4001 4045
f 4010 3957 3965
f 3958 4046 4003
f 4047 3959 4003
f 4004 3998 4005
f 3961 4008 4006
f 4049 4007 4006
f 4009 4008 3964
f 4011 4009 3966
f 4050 4010 4007
f 4011 4012 4054
f 4055 3973 4019
f 4014 4013 4056
f 4015 3972 3971
f 4057 4015 4014
f 4060 4016 4059
f 4020 3978 3974
f 4020 4022 4063
f 4064 4022 4021
f 4023 4021 3977
f 4023 4028 4066
f 4067 3979 4024
f 4026 4025 4068
f 4026 4027 3981
f 4027 4071 4028
f 3988 4072 4035
f 3985 4073 4030
f 4030 4029 3983
f 4074 3984 4031
f 4076 4033 4075
f 4034 4074 4031
f 4035 4077 4034
f 4079 3997 4042
f 4037 4036 4079
f 4080 4038 4037
f 4082 3994 4083
f 3993 4081 4083
f 3996 4082 4041
f 4041 4085 4042
f 4043 4048 4086
f 4088 4000 4087
f 4045 4044 4089
f 4090 4013 4045
f 4002 4053 4046
f 4003 4091 4047
f 4092 4004 4047
f 4006 4051 4049
f 4093 4050 4049
f 4051 4052 4095
f 4052 4054 4096
f 4094 4053 4050
f 4098 4012 4055
f 4014 4100 4057
f 4058 4016 4015
f 4101 4058 4057
f 4060 4103 4062
f 4061 4060 4062
f 4067 4020 4063
f 4105 4022 4065
f 4065 4107 4106
f 4023 4107 4064
f 4028 4108 4066
f 4109 4025 4067
f 4110 4026 4068
f 4069 4070 4027
f 4070 4113 4071
f 4072 4078 4035
f 4032 4115 4073
f 4073 4072 4030
f 4116 4033 4074
f 4075 4118 4076
f 4074 4119 4116
f 4119 4078 4120
f 4079 4085 4121
f 4080 4079 4121
f 4081 4123 4122
f 4125 4083 4124
f 4125 4041 4082
f 4126 4085 4084
f 4128 4048 4092
f 4088 4089 4044
f 4088 4086 4128
f 4045 4130 4090
f 4046 4097 4091
f 4047 4131 4092
f 4049 4095 4093
f 4132 4094 4093
f 4096 4095 4052
f 4098 4096 4054
f 4136 4094 4133
f 4055 4137 4098
f 4057 4139 4101
f 4101 4141 4102
f 4105 4067 4063
f 4065 4144 4105
f 4107 4146 4106
f 4066 4145 4107
f 4147 4071 4113
f 4068 4148 4110
f 4110 4111 4069
f 4111 4112 4070
f 4113 4152 4151
f 4078 4153 4120
f 4115 4118 4154
f 4114 4115 4153
f 4155 4075 4116
f 4117 4157 4118
f 4116 4158 4155
f 4159 4119 4120
f 4121 4127 4160
f 4160 4080 4121
f 4124 4122 4161
f 4122 4163 4162
f 4124 4164 4125
f 4084 4164 4126
f 4165 4127 4126
f 4092 4167 4128
f 4128 4129 4088
f 4089 4168 4130
f 4169 4130 4170
f 4131 4136 4171
f 4093 4134 4132
f 4172 4133 4132
f 4135 4134 4096
f 4137 4135 4098
f 4171 4133 4173
f 4176 4099 4138
f 4139 4178 4179
f 4101 4180 4140
f 4141 4181 4142
f 4144 4109 4105
f 4146 4144 4106
f 4185 4145 4186
f 4108 4186 4145
f 4147 4151 4187
f 4148 4149 4110
f 4189 4111 4149
f 4150 4152 4112
f 4151 4191 4192
f 4193 4120 4153
f 4154 4153 4115
f 4154 4157 4194
f 4156 4155 4195
f 4197 4156 4196
f 4198 4155 4158
f 4158 4199 4198
f 4166 4160 4127
f 4200 4123 4160
f 4201 4122 4162
f 4162 4202 4203
f 4204 4161 4201
f 4126 4204 4165
f 4205 4166 4165
f 4207 4131 4171
f 4208 4130 4168
f 4178 4170 4209
f 4132 4174 4172
f 4210 4173 4172
f 4135 4212 4174
f 4213 4137 4176
f 4171 4211 4207
f 4138 4214 4176
f 4216 4139 4179
f 4209 4179 4178
f 4182 4140 4180
f 4183 4182 4218
f 4148 4184 4188
f 4219 4146 4185
f 4221 4186 4220
f 4187 4186 4147
f 4187 4192 4222
f 4188 4189 4149
f 4189 4190 4150
f 4225 4152 4190
f 4226 4192 4191
f 4228 4159 4193
f 4194 4193 4154
f 4229 4157 4197
f 4156 4230 4196
f 4196 4232 4197
f 4233 4195 4198
f 4198 4234 4233
f 4200 4206 4235
f 4235 4163 4200
f 4236 4162 4203
f 4203 4237 4238
f 4239 4201 4236
f 4239 4165 4204
f 4205 4241 4206
f 4208 4209 4170
f 4168 4244 4208
f 4172 4212 4210
f 4245 4211 4210
f 4212 4213 4246
f 4247 4176 4214
f 4207 4244 4242
f 4248 4177 4215
f 4217 4216 4179
f 4218 4180 4216
f 4243 4217 4209
f 4218 4215 4183
f 4223 4184 4219
f 4251 4185 4221
f 4220 4253 4221
f 4222 4220 4187
f 4222 4227 4254
f 4255 4189 4223
f 4225 4224 4256
f 4257 4191 4225
f 4258 4227 4226
f 4234 4228 4260
f 4260 4194 4229
f 4197 4261 4229
f 4262 4196 4230
f 4232 4264 4263
f 4230 4265 4262
f 4266 4233 4234
f 4267 4206 4241
f 4237 4235 4267
f 4236 4238 4268
f 4269 4238 4237
f 4268 4239 4236
f 4239 4240 4205
f 4273 4240 4272
f 4244 4243 4208
f 4246 4210 4212
f 4247 4246 4213
f 4249 4214 4248
f 4247 4217 4250
f 4248 4216 4249
f 4250 4245 4246
f 4255 4219 4251
f 4221 4274 4251
f 4252 4276 4253
f 4252 4254 4275
f 4254 4259 4277
f 4256 4255 4278
f 4225 4279 4257
f 4280 4226 4257
f 4281 4259 4258
f 4266 4260 4283
f 4229 4283 4260
f 4284 4232 4263
f 4285 4231 4262
f 4263 4287 4286
f 4262 4288 4285
f 4289 4265 4266
f 4241 4290 4267
f 4267 4269 4237
f 4268 4270 4291
f 4292 4270 4269
f 4294 4268 4291
f 4272 4271 4294
f 4272 4296 4273
f 4274 4255 4251
f 4297 4253 4276
f 4298 4275 4299
f 4299 4254 4277
f 4300 4259 4282
f 4278 4279 4256
f 4302 4257 4279
f 4303 4258 4280
f 4304 4281 4305
f 4283 4307 4266
f 4283 4284 4306
f 4286 4284 4263
f 4309 4264 4285
f 4287 4311 4286
f 4285 4312 4309
f 4313 4288 4289
f 4296 4290 4273
f 4269 4314 4292
f 4291 4293 4315
f 4293 4317 4316
f 4294 4295 4272
f 4296 4319 4318
f 4274 4301 4278
f 4320 4276 4298
f 4299 4322 4298
f 4277 4321 4299
f 4300 4304 4323
f 4302 4301 4324
f 4325 4280 4302
f 4303 4305 4281
f 4328 4305 4327
f 4306 4330 4307
f 4306 4308 4329
f 4311 4308 4286
f 4309 4310 4287
f 4310 4334 4311
f 4312 4332 4309
f 4307 4313 4289
f 4335 4313 4336
f 4318 4314 4296
f 4292 4337 4317
f 4315 4316 4338
f 4339 4316 4317
f 4338 4295 4315
f 4318 4342 4341
f 4297 4324 4301
f 4298 4343 4320
f 4344 4322 4321
f 4323 4321 4300
f 4323 4328 4346
f 4302 4347 4325
f 4325 4326 4303
f 4327 4326 4349
f 4327 4351 4328
f 4352 4330 4329
f 4329 4331 4352
f 4311 4354 4331
f 4333 4332 4355
f 4357 4333 4356
f 4355 4335 4358
f 4336 4330 4353
f 4358 4336 4359
f 4341 4337 4318
f 4317 4360 4339
f 4338 4340 4361
f 4362 4340 4339
f 4361 4319 4338
f 4342 4365 4341
f 4324 4343 4347
f 4366 4322 4345
f 4367 4345 4344
f 4346 4344 4323
f 4346 4351 4369
f 4348 4347 4370
f 4349 4348 4371
f 4349 4350 4327
f 4373 4351 4350
f 4375 4352 4376
f 4331 4376 4352
f 4377 4354 4334
f 4355 4356 4333
f 4356 4381 4357
f 4355 4382 4379
f 4359 4353 4375
f 4359 4382 4358
f 4341 4384 4360
f 4339 4384 4362
f 4363 4361 4340
f 4363 4386 4387
f 4342 4385 4364
f 4364 4389 4365
f 4370 4343 4366
f 4366 4368 4390
f 4391 4368 4367
f 4369 4367 4346
f 4369 4374 4393
f 4370 4371 4348
f 4371 4372 4349
f 4373 4372 4396
f 4373 4397 4374
f 4376 4399 4375
f 4376 4378 4398
f 4377 4401 4378
f 4356 4402 4380
f 4380 4404 4381
f 4357 4400 4377
f 4402 4382 4405
f 4375 4383 4359
f 4383 4405 4382
f 4365 4407 4384
f 4407 4362 4384
f 4387 4385 4363
f 4409 4386 4410
f 4385 4388 4364
f 4388 4412 4389
f 4366 4394 4370
f 4390 4392 4413
f 4392 4415 4414
f 4415 4369 4393
f 4393 4397 4416
f 4394 4395 4371
f 4395 4396 4372
f 4397 4418 4419
f 4420 4399 4398
f 4378 4420 4398
f 4422 4400 4423
f 4402 4403 4380
f 4425 4404 4403
f 4423 4381 4404
f 4424 4405 4427
f 4406 4399 4421
f 4427 4406 4428
f 4429 4389 4412
f 4410 4407 4429
f 4430 4387 4409
f 4432 4410 4431
f 4411 4408 4430
f 4412 4434 4433
f 4390 4417 4394
f 4414 4413 4392
f 4416 4415 4393
f 4397 4436 4416
f 4438 4418 4437
f 4439 4421 4420
f 4422 4420 4401
f 4441 4422 4423
f 4403 4443 4425
f 4444 4426 4425
f 4423 4426 4441
f 4446 4424 4427
f 4406 4440 4428
f 4447 4427 4428
f 4448 4412 4433
f 4431 4429 4448
f 4449 4409 4432
f 4450 4432 4431
f 4434 4430 4449
f 4417 4453 4452
f 4416 4435 4414
f 4453 4435 4454
f 4419 4455 4436
f 4456 4437 4457
f 4452 4418 4417
f 4458 4439 4459
f 4422 4459 4439
f 4442 4461 4460
f 4425 4462 4444
f 4445 4464 4463
f 4441 4445 4461
f 4465 4443 4446
f 4440 4447 4428
f 4465 4447 4466
f 4431 4467 4450
f 4468 4451 4450
f 4452 4471 4472
f 4435 4455 4454
f 4473 4453 4454
f 4474 4438 4456
f 4452 4457 4437
f 4457 4476 4456
f 4459 4478 4458
f 4477 4442 4460
f 4460 4479 4480
f 4462 4464 4444
f 4463 4461 4445
f 4482 4464 4483
f 4465 4481 4462
f 4458 4466 4447
f 4466 4484 4465
f 4468 4488 4469
f 4469 4470 4451
f 4490 4471 4491
f 4473 4455 4474
f 4473 4491 4471
f 4476 4474 4456
f 4475 4472 4490
f 4494 4475 4495
f 4496 4477 4480
f 4498 4479 4497
f 4483 4481 4499
f 4497 4463 4482
f 4500 4483 4501
f 4484 4499 4481
f 4485 4478 4496
f 4503 4484 4485
f 4504 4487 4468
f 4487 4507 4488
f 4469 4509 4489
f 4491 4511 4490
f 4473 4493 4492
f 4512 4491 4492
f 4494 4493 4476
f 4490 4495 4475
f 4495 4515 4494
f 4480 4516 4496
f 4497 4518 4498
f 4501 4499 4519
f 4482 4517 4497
f 4520 4499 4502
f 4503 4496 4516
f 4521 4502 4503
f 4504 4489 4522
f 4467 4504 4468
f 4522 4505 4504
f 4505 4506 4487
f 4526 4506 4525
f 4528 4508 4527
f 4511 4529 4530
f 4492 4513 4512
f 4531 4510 4512
f 4494 4532 4513
f 4514 4511 4530
f 4514 4534 4515
f 4535 4498 4518
f 4518 4536 4537
f 4538 4501 4519
f 4500 4536 4517
f 4519 4540 4538
f 4503 4535 4521
f 4520 4541 4540
f 4509 4523 4522
f 4505 4542 4524
f 4506 4543 4525
f 4525 4545 4526
f 4507 4547 4546
f 4548 4528 4527
f 4550 4529 4549
f 4512 4532 4531
f 4529 4551 4549
f 4515 4552 4532
f 4530 4533 4514
f 4537 4535 4518
f 4554 4536 4555
f 4538 4557 4539
f 4539 4555 4536
f 4540 4556 4538
f 4553 4521 4535
f 4541 4558 4540
f 4542 4528 4546
f 4524 4560 4543
f 4543 4544 4525
f 4545 4562 4563
f 4546 4560 4542
f 4549 4565 4550
f 4532 4566 4531
f 4567 4549 4551
f 4552 4568 4569
f 4570 4550 4565
f 4554 4553 4537
f 4572 4557 4556
f 4558 4572 4556
f 4571 4541 4553
f 4574 4559 4575
f 4561 4560 4576
f 4562 4561 4577
f 4578 4562 4577
f 4560 4580 4576
f 4565 4582 4581
f 4583 4552 4569
f 4564 4584 4582
f 4551 4583 4567
f 4569 4586 4585
f 4587 4565 4581
f 4588 4571 4554
f 4589 4573 4572
f 4589 4574 4591
f 4591 4575 4592
f 4577 4576 4578
f 4579 4578 4593
f 4594 4582 4595
f 4583 4585 4596
f 4567 4596 4584
f 4584 4595 4582
f 4585 4599 4598
f 4600 4581 4594
f 4592 4588 4601
f 4603 4589 4602
f 4588 4590 4601
f 4589 4604 4602
f 4592 4604 4591
f 4595 4607 4594
f 4608 4585 4598
f 4608 4584 4596
f 4606 4597 4609
f 4611 4586 4610
f 4599 4613 4598
f 4594 4614 4600
f 4610 4600 4611
f 4592 4615 4605
f 4616 4603 4602
f 4601 4603 4615
f 4602 4618 4616
f 4619 4604 4605
f 4607 4620 4621
f 4622 4598 4613
f 4609 4608 4622
f 4609 4620 4606
f 4599 4624 4612
f 4626 4612 4625
f 4614 4621 4627
f 4624 4600 4614
f 4605 4628 4619
f 4629 4616 4630
f 4615 4617 4628
f 4618 4630 4616
f 4619 4631 4618
f 4633 4621 4620
f 4613 4635 4622
f 4622 4623 4609
f 4636 4620 4623
f 4625 4624 4637
f 4638 4626 4625
f 4634 4627 4621
f 4614 4637 4624
f 4628 4632 4619
f 4617 4641 4628
f 4630 4643 4629
f 4644 4630 4631
f 4631 4645 4644
f 4634 4647 4646
f 4626 4648 4635
f 4636 4635 4648
f 4649 4633 4636
f 4625 4650 4638
f 4639 4652 4651
f 4640 4646 4653
f 4640 4637 4627
f 4645 4641 4654
f 4654 4629 4643
f 4655 4642 4656
f 4644 4656 4642
f 4645 4657 4644
f 4646 4660 4659
f 4661 4639 4651
f 4648 4649 4636
f 4647 4662 4660
f 4638 4663 4652
f 4651 4665 4664
f 4653 4650 4640
f 4659 4653 4646
f 4667 4645 4654
f 4667 4643 4655
f 4668 4655 4656
f 4657 4668 4656
f 4658 4670 4657
f 4659 4673 4672
f 4664 4661 4651
f 4649 4674 4662
f 4660 4675 4673
f 4652 4676 4665
f 4664 4677 4678
f 4663 4666 4676
f 4672 4666 4659
f 4680 4658 4667
f 4667 4669 4680
f 4681 4669 4668
f 4668 4683 4681
f 4670 4684 4683
f 4672 4685 4686
f 4678 4674 4664
f 4687 4662 4674
f 4685 4675 4688
f 4665 4689 4677
f 4678 4690 4691
f 4676 4679 4689
f 4686 4679 4672
f 4693 4671 4680
f 4680 4682 4693
f 4681 4695 4682
f 4694 4683 4696
f 4683 4697 4696
f 4685 4699 4686
f 4687 4691 4700
f 4700 4675 4687
f 4688 4698 4685
f 4702 4677 4689
f 4691 4704 4703
f 4692 4689 4679
f 4705 4686 4699
f 4693 4697 4684
f 4682 4706 4693
f 4708 4694 4707
f 4696 4707 4694
f 4709 4697 4710
f 4711 4698 4712
f 4700 4703 4713
f 4713 4688 4700
f 4698 4714 4712
f 4715 4690 4702
f 4704 4717 4703
f 4705 4702 4692
f 4718 4699 4711
f 4697 4719 4710
f 4695 4719 4706
f 4707 4721 4708
f 4712 4723 4711
f 4713 4717 4724
f 4724 4701 4713
f 4722 4714 4725
f 4715 4716 4704
f 4727 4716 4728
f 4705 4726 4715
f 4711 4729 4718
f 4710 4731 4730
f 4721 4719 4708
f 4720 4733 4721
f 4734 4723 4722
f 4717 4736 4724
f 4724 4725 4714
f 4725 4734 4722
f 4728 4726 4738
f 4727 4740 4739
f 4738 4718 4729
f 4729 4735 4741
f 4730 4742 4743
f 4743 4720 4730
f 4721 4744 4745
f 4735 4746 4747
f 4739 4736 4727
f 4737 4736 4748
f 4749 4734 4737
f 4740 4738 4750
f 4751 4739 4740
f 4729 4750 4738
f 4747 4741 4735
f 4731 4744 4742
f 4755 4743 4754
f 4744 4756 4757
f 4758 4747 4746
f 4752 4748 4739
f 4749 4748 4760
f 4762 4749 4761
f 4763 4740 4750
f 4752 4765 4764
f 4750 4753 4763
f 4759 4753 4747
f 4767 4744 4757
f 4768 4755 4754
f 4771 4756 4770
f 4772 4759 4758
f 4764 4760 4752
f 4749 4774 4761
f 4775 4762 4761
f 4763 4765 4751
f 4764 4778 4779
f 4763 4766 4777
f 4773 4766 4759
f 4767 4771 4781
f 4781 4768 4754
f 4769 4784 4783
f 4770 4769 4785
f 4770 4786 4771
f 4758 4776 4772
f 4787 4773 4772
f 4779 4774 4764
f 4761 4789 4775
f 4790 4775 4791
f 4792 4765 4777
f 4793 4779 4778
f 4777 4780 4792
f 4788 4780 4773
f 4771 4782 4781
f 4784 4782 4796
f 4783 4785 4769
f 4783 4798 4799
f 4797 4786 4785
f 4787 4776 4790
f 4801 4788 4787
f 4789 4794 4803
f 4803 4775 4789
f 4791 4805 4790
f 4778 4806 4793
f 4807 4794 4793
f 4792 4795 4806
f 4802 4795 4788
f 4796 4786 4800
f 4798 4796 4810
f 4799 4797 4783
f 4798 4813 4799
f 4787 4805 4801
f 4801 4815 4802
f 4803 4808 4816
f 4816 4791 4803
f 4817 4805 4804
f 4793 4819 4807
f 4807 4821 4808
f 4809 4806 4795
f 4822 4802 4815
f 4797 4810 4796
f 4810 4812 4798
f 4824 4799 4813
f 4825 4813 4812
f 4801 4818 4814
f 4814 4828 4815
f 4808 4829 4816
f 4829 4804 4816
f 4818 4831 4830
f 4819 4820 4807
f 4833 4821 4820
f 4809 4832 4819
f 4815 4835 4822
f 4824 4810 4811
f 4812 4836 4825
f 4837 4813 4826
f 4826 4838 4839
f 4814 4830 4827
f 4828 4841 4840
f 4834 4829 4821
f 4842 4817 4829
f 4830 4843 4844
f 4833 4832 4845
f 4846 4834 4833
f 4822 4845 4832
f 4840 4835 4828
f 4836 4824 4837
f 4849 4825 4836
f 4826 4850 4837
f 4839 4851 4852
f 4830 4841 4827
f 4854 4841 4853
f 4847 4842 4834
f 4855 4831 4842
f 4843 4857 4844
f 4845 4846 4833
f 4847 4859 4860
f 4848 4845 4835
f 4854 4848 4840
f 4850 4836 4837
f 4849 4851 4838
f 4850 4852 4863
f 4864 4852 4851
f 4853 4844 4857
f 4866 4854 4853
f 4847 4868 4855
f 4868 4843 4855
f 4870 4856 4869
f 4846 4871 4859
f 4872 4860 4859
f 4861 4858 4848
f 4861 4867 4874
f 4863 4849 4850
f 4864 4862 4875
f 4852 4876 4863
f 4864 4877 4865
f 4853 4870 4866
f 4860 4878 4868
f 4856 4878 4869
f 4869 4880 4870
f 4859 4881 4872
f 4872 4883 4873
f 4874 4871 4861
f 4880 4866 4870
f 4873 4885 4878
f 4878 4879 4869
f 4879 4887 4880
f 4872 4888 4882
f 4883 4890 4889
f 4891 4881 4874
f 4893 4880 4887
f 4889 4885 4883
f 4895 4886 4894
f 4882 4896 4890
f 4897 4888 4891
f 4897 4884 4893
f 4887 4898 4893
f 4889 4894 4886
f 4895 4901 4900
f 4902 4896 4897
f 4902 4893 4898
f 4900 4898 4895
f 4894 4905 4901
f 4900 4906 4907
f 4902 4909 4903
f 4898 4908 4902
f 4907 4904 4900
f 4905 4903 4909
f 4901 4911 4906
f 4912 4907 4906
f 4909 4915 4914
f 4908 4910 4915
f 4907 4916 4910
f 4905 4914 4911
f 4906 4917 4912
f 4912 4919 4913
f 4920 4915 4921
f 4921 4910 4916
f 4919 4916 4913
f 4920 4911 4914
f 4917 4918 4912
f 4924 4919 4918
f 4920 4926 4927
f 4922 4921 4916
f 4919 4928 4922
f 4920 4923 4917
f 4918 4929 4924
f 4927 4930 4931
f 4930 4922 4928
f 4925 4933 4928
f 4927 4929 4923
f 4924 4934 4932
f 4930 4936 4931
f 4928 4935 4930
f 4932 4938 4933
f 4931 4934 4929
f 4932 4939 4937
f 4940 4935 4941
f 4933 4941 4935
f 4937 4943 4938
f 4940 4934 4936
f 4939 4942 4937
f 4940 4946 4945
f 4938 4946 4941
f 4943 4948 4947
f 4944 4940 4945
f 4949 4942 4944
f 4946 4951 4945
f 4950 4943 4947
f 4947 4953 4952
f 4944 4951 4949
f 4954 4948 4949
f 4951 4955 4956
f 4952 4950 4947
f 4952 4957 4958
f 4954 4951 4956
f 4954 4957 4953
f 4960 4956 4955
f 4952 4960 4955
f 4963 4957 4962
f 4956 4959 4954
f 4962 4959 4964
f 4965 4960 4966
f 4958 4966 4960
f 4962 4968 4963
f 4964 4961 4965
f 4962 4969 4967
f 4965 4970 4971
f 4970 4963 4968
f 4972 4967 4973
f 4971 4964 4965
f 4973 4969 4974
f 4975 4971 4970
f 4975 4968 4972
f 4972 4977 4978
f 4976 4969 4971
f 4973 4979 4977
f 4975 4981 4976
f 4972 4980 4975
f 4977 4983 4978
f 4976 4979 4974
f 4984 4977 4979
f 4980 4986 4981
f 4978 4985 4980
f 4983 4988 4987
f 4979 4986 4984
f 4989 4982 4984
f 4991 4985 4990
f 4990 4983 4987
f 4992 4988 4993
f 4989 4986 4991
f 4994 4988 4989
f 4990 4996 4991
f 4995 4987 4992
f 4993 4998 4992
f 4991 4994 4989
f 4994 4997 4993
f 5001 4995 5000
f 4992 5000 4995
f 5003 4997 5002
f 5001 4994 4996
f 5002 4999 5004
f 5005 5000 5006
f 5000 5003 5006
f 5002 5008 5003
f 5004 5001 5005
f 5006 5008 5009
f 5008 5011 5010
f 5005 5013 5004
f 5014 5008 5010
f 5013 5007 5004
f 5013 5016 5015
f 5010 5018 5014
f 5015 5011 5013
f 5016 5014 5018
f 5015 5020 5021
f 5022 5018 5017
f 5021 5019 5015
f 5020 5018 5023
f 5026 5020 5025
f 5017 5024 5022
f 5028 5022 5027
f 5027 5021 5026
f 5025 5023 5028
f 5025 5030 5026
f 5031 5027 5032
f 5033 5027 5026
f 5028 5029 5025
f 5034 5030 5029
f 5031 5036 5037
f 5036 5033 5038
f 5031 5034 5029
f 5035 5040 5039
f 5035 5033 5030
f 5041 5036 5042
f 5043 5036 5038
f 5041 5034 5037
f 5039 5038 5035
f 5039 5044 5045
f 5041 5046 5047
f 5048 5042 5043
f 5047 5040 5041
f 5043 5045 5048
f 5045 5049 5050
f 5051 5047 5046
f 5048 5051 5046
f 5044 5052 5049
f 5045 5053 5048
f 5054 5049 5055
f 5056 5052 5051
f 5053 5059 5051
f 5057 5049 5052
f 5058 5050 5054
f 5055 5061 5054
f 5062 5057 5056
f 5065 5058 5064
f 5064 5054 5061
f 5060 5067 5066
f 5068 5060 5066
f 5069 5063 5065
f 5063 5062 5065
f 5067 5063 5066
f 5062 5059 5065
f 5065 5068 5069
f 5068 5063 5069
f 1 2 5
f 49 19 9
f 18 30 31
f 82 108 110
f 121 150 122
f 158 190 191
f 294 295 335
f 520 481 443
f 544 465 427
f 558 480 479
f 441 485 447
f 452 530 487
f 629 472 465
f 473 511 594
f 484 516 522
f 524 610 602
f 551 629 552
f 511 552 589
f 543 585 586
f 545 587 632
f 610 524 567
f 598 605 646
f 722 679 633
f 634 677 635
f 609 654 651
f 612 655 708
f 625 668 669
f 690 735 699
f 673 716 717
f 678 724 771
f 878 824 726
f 687 731 732
f 695 740 736
f 839 745 744
f 726 824 770
f 699 834 793
f 812 810 864
f 876 996 877
f 841 955 896
f 858 915 916
f 925 1039 1041
f 869 985 928
f 1048 993 933
f 887 945 948
f 1126 944 943
f 888 946 962
f 947 948 1065
f 960 1077 961
f 904 964 1020
f 929 986 989
f 990 1052 991
f 999 1120 1121
f 942 1060 1003
f 1166 1098 1037
f 1108 989 986
f 1003 1060 1125
f 947 1135 1066
f 1087 1071 1070
f 1098 1233 1100
f 1049 1180 1110
f 1057 1119 1189
f 1081 1148 1220
f 1085 1152 1153
f 1157 1227 1158
f 1096 1159 1162
f 1097 1163 1161
f 1102 1239 1169
f 1172 1248 1173
f 1177 1317 1178
f 1194 1334 1195
f 1302 1303 1234
f 1167 1233 1237
f 1168 1238 1240
f 1185 1257 1323
f 1204 1345 1275
f 1209 1279 1278
f 1321 1320 1305
f 1334 1335 1462
f 1285 1354 1356
f 1359 1544 1360
f 1500 1442 1381
f 1501 1500 1383
f 1399 1402 1401
f 1359 1425 1536
f 1360 1487 1426
f 1362 1428 1492
f 1445 1442 1500
f 1396 1454 1455
f 1416 1535 1477
f 1440 1497 1499
f 1553 1495 1447
f 1509 1565 1667
f 1529 1634 1530
f 1475 1533 1531
f 1529 1578 1631
f 1606 1661 1607
f 1724 1572 1624
f 1574 1625 1627
f 1575 1627 1626
f 1612 1661 1664
f 1758 1663 1611
f 5208 1676 1625
f 1690 1776 1691
f 1687 1734 1689
f 1692 1736 1701
f 1659 1712 1713
f 1714 1663 1758
f 1703 1745 1747
f 1805 1848 1808
f 1698 6979 1783
f 1744 1787 1786
f 1752 1792 1793
f 1800 1802 1841
f 1736 1785 1828
f 1788 1829 1827
f 1847 1846 1927
f 1897 1859 1857
f 1871 1912 1872
f 1837 1877 1876
f 1912 1953 1913
f 1874 1954 1914
f 1908 1944 1947
f 1961 2003 1999
f 1960 2002 1986
f 1996 2036 2073
f 2000 2038 2039
f 2001 2039 2040
f 2044 2105 2045
f 2018 2085 2055
f 2032 2069 2132
f 2049 2110 2079
f 2053 2114 2083
f 2097 2162 2098
f 2075 2104 2106
f 2119 2120 2186
f 2089 2191 2121
f 2141 2174 2212
f 2243 2168 2167
f 2184 2222 2259
f 2189 2227 2228
f 2256 2299 2257
f 2225 2270 2264
f 2398 2305 2266
f 2267 2268 2353
f 2230 2269 2349
f 2232 2272 2309
f 2241 2321 2281
f 2250 2290 2331
f 2297 2340 2298
f 2300 2301 2387
f 2263 2303 2395
f 2306 2307 2352
f 2292 2377 2333
f 2378 2492 2379
f 2380 2379 2494
f 2336 2382 2436
f 2384 2498 2385
f 2387 2440 2499
f 2344 2396 2460
f 2395 2449 2402
f 2427 2488 2485
f 2375 2431 2545
f 2432 2545 2434
f 2439 2551 2440
f 2552 2441 2389
f 2444 2502 2445
f 2451 2510 2452
f 2455 2514 2456
f 2457 2513 2458
f 2487 2430 2428
f 2493 2545 2431
f 2438 2495 2547
f 2437 2496 2497
f 2443 2556 2503
f 2446 2504 2613
f 2505 2613 2617
f 2459 2510 2509
f 2466 2520 2570
f 2470 2525 2523
f 2469 2523 2522
f 2471 2527 2524
f 2487 2595 2542
f 2550 2653 2551
f 2597 2697 2648
f 2614 2718 2615
f 2561 2618 2669
f 2562 2628 2578
f 2611 2663 2715
f 2656 2705 2809
f 2706 2809 2758
f 2719 2715 2714
f 2693 2746 2749
f 2696 2804 2751
f 2698 2751 2753
f 2754 2805 2756
f 2865 2813 2761
f 2775 2776 2881
f 2734 2785 2839
f 2803 2912 2804
f 2810 2861 2860
f 2762 2814 2811
f 2767 2821 2814
f 2859 2918 2860
f 2900 2953 2901
f 2856 2914 2915
f 2814 2934 2921
f 2971 3040 3041
f 2988 2989 3023
f 3030 2997 2966
f 3002 3003 3072
f 2999 3032 3107
f 3038 5177 5174
f 3044 3080 3154
f 3179 3104 3103
f 3070 3109 3110
f 3083 3157 3122
f 3100 3138 3136
f 3102 3140 3171
f 3108 3186 3144
f 3113 3146 3149
f 3140 3178 3253
f 3147 3229 3189
f 3177 3217 3218
f 3218 3292 3219
f 3181 3220 3258
f 3291 3330 3331
f 3309 3349 3351
f 3315 3357 3399
f 3343 3386 3383
f 3341 3383 3384
f 3419 3508 3463
f 3383 3475 3471
f 3565 3472 3471
f 3466 3558 3512
f 3523 3616 3622
f 3471 3570 3565
f 3521 3569 3619
f 3645 3649 3700
f 3618 3671 3720
f 3825 3727 3726
f 3773 3821 3866
f 3749 3798 3799
f 3750 3800 3846
f 3755 3804 3756
f 3801 3845 3849
f 3813 3858 3859
f 3846 3941 3893
f 3926 4017 4018
f 3897 3944 3945
f 3938 3983 4029
f 3993 4083 3994
f 3995 4039 4040
f 3999 4043 4087
f 3989 4036 3991
f 4081 4124 4083
f 4043 4086 4087
f 4056 4090 4169
f 4059 4102 4103
f 4091 4097 4136
f 4167 4207 4242
f 4266 4307 4289
f 4291 4315 4294
f 4334 4357 4377
f 4395 4417 4418
f 4451 4470 4433
f 4448 4433 4470
f 4432 4451 4449
f 4448 4486 4467
f 4450 4467 4468
f 4460 4480 4477
f 4469 4488 4508
f 4500 4501 4539
f 4507 4548 4527
f 4489 4509 4522
f 4568 4533 4570
f 4579 4547 4545
f 4507 4546 4548
f 4531 4566 4551
f 4555 4557 4573
f 4545 4563 4579
f 4559 4571 4575
f 4593 4578 4580
f 4570 4587 4610
f 4709 4710 4730
f 4721 4745 4731
f 4756 4733 4732
f 4743 4767 4754
f 4746 4762 4758
f 4796 4800 4797
f 4891 4874 4867
f 4863 4892 4877
f 4892 4863 4876
f 4876 4877 4892
f 4879 4885 4886
f 4890 4896 4903
f 4924 4932 4925
f 5002 5004 5007
f 5009 5014 5012
f 5017 5010 5019
f 5022 5024 5027
f 5026 5030 5033
f 5051 5059 5056
f 5055 5057 5067
f 5061 5068 5064
f 1848 1768 1808
f 1808 1764 1805
f 5207 5210 5208
f 1677 5209 1725
f 1678 5210 1677
f 1725 5207 1724
f 5091 827 778
f 5088 778 730
f 5089 730 686
f 686 641 5089
f 5101 1120 999
f 1192 5104 5110
f 2857 2911 5148
f 2967 2999 3005
f 2962 5148 2911
f 5176 3076 3075
f 3075 5178 5176
f 5181 3150 3194
f 5182 3194 3234
f 3234 5184 5182
f 5191 3487 3533
f 5191 3533 3581
f 3684 3683 3736
f 5198 4018 4061
f 4062 5198 4061
f 4103 5199 4062
f 5200 4141 4142
f 4181 5203 4142
f 4182 5204 4181
f 4183 5205 4143
f 5206 4183 4215
f 4215 5202 5206
f 4104 4177 4138
f 4138 5201 4104
f 4055 5201 4099
f 3834 3827 5196
f 5196 3779 3735
f 5195 3779 3728
f 5195 3676 5194
f 5194 3625 5193
f 3625 5192 5193
f 5190 3479 5189
f 5187 3433 3390
f 3390 5186 5187
f 3347 5185 5186
f 5183 3306 3267
f 3071 5173 3037
f 3034 5171 5173
f 5171 2964 5168
f 5168 2913 5165
f 5161 2855 2802
f 2802 5158 5161
f 2752 5156 5158
f 5154 5156 2645
f 2645 2696 2646
f 5153 2645 2543
f 5153 2489 5151
f 5151 2431 5149
f 5149 2375 2332
f 2211 5145 5146
f 5145 2142 5144
f 5143 2142 2108
f 5142 2108 2076
f 5142 2046 5141
f 2046 1968 5141
f 1927 5139 1967
f 5147 1846 5138
f 1969 1847 1927
f 5138 1806 5135
f 1806 5132 5135
f 1765 5131 5132
f 1460 5117 5118
f 5079 254 5077
f 5075 254 5438
f 5074 5438 189
f 189 5072 5074
f 5072 156 5071
f 5071 126 5070
f 5070 127 5073
f 188 127 155
f 5078 322 5080
f 683 685 5211
f 775 685 729
f 5090 729 777
f 5093 825 880
f 880 5096 5093
f 5100 938 997
f 1189 5103 1057
f 1566 5124 5121
f 1619 5127 5124
f 1539 5119 5123
f 5212 1352 1282
f 5111 1282 1212
f 5111 1141 5108
f 5108 1074 5105
f 956 5102 1013
f 5094 896 5095
f 5095 955 5097
f 5099 955 908
f 907 5099 908
f 5106 1153 5109
f 5112 1153 1295
f 5113 1295 1363
f 1550 1601 5128
f 5128 1655 1656
f 1655 5120 1656
f 1709 1755 5120
f 1880 1755 1797
f 5137 5213 1903
f 1903 1946 1907
f 1825 1824 5137
f 5134 1784 1783
f 5133 1741 1782
f 5136 1782 1823
f 1863 5136 1823
f 2026 1942 1984
f 5216 1902 1942
f 5215 1862 1902
f 5140 1863 5214
f 1862 1863 1822
f 2409 5217 2354
f 2310 2354 5217
f 5155 2578 2628
f 5155 2671 5157
f 5152 2778 5160
f 2726 5157 2671
f 5160 2830 5150
f 5150 2830 5170
f 5170 2886 2918
f 5170 2859 5167
f 2859 2807 5167
f 2968 5169 2917
f 5166 2917 5169
f 5164 2858 5166
f 5162 2806 5164
f 5159 2755 5162
f 5159 2651 2701
f 2546 2494 2379
f 2379 2492 2546
f 5218 2492 2491
f 5218 2494 2546
f 5220 5221 5219
f 5219 5225 5224
f 5222 5226 5221
f 5222 5229 5228
f 5229 5223 5230
f 5232 5223 5219
f 5224 5232 5219
f 5224 5235 5234
f 5221 5236 5225
f 5228 5227 5222
f 5228 5239 5238
f 5230 5231 5240
f 5239 5230 5241
f 5242 5231 5232
f 5242 5233 5244
f 5233 5234 5245
f 5234 5247 5246
f 5225 5248 5235
f 5236 5250 5249
f 5251 5228 5238
f 5239 5252 5238
f 5241 5240 5254
f 5240 5243 5255
f 5241 5253 5239
f 5258 5243 5242
f 5244 5258 5242
f 5245 5244 5233
f 5245 5246 5261
f 5246 5263 5262
f 5235 5264 5247
f 5249 5266 5265
f 5268 5237 5251
f 5238 5269 5251
f 5253 5270 5252
f 5254 5256 5241
f 5254 5255 5273
f 5274 5243 5257
f 5271 5256 5275
f 5277 5257 5258
f 5259 5277 5258
f 5259 5260 5279
f 5261 5260 5245
f 5262 5261 5246
f 5262 5283 5282
f 5247 5284 5263
f 5285 5248 5249
f 5249 5286 5285
f 5288 5266 5287
f 5289 5250 5267
f 5251 5290 5268
f 5267 5291 5289
f 5252 5292 5269
f 5293 5270 5271
f 5272 5275 5256
f 5272 5273 5296
f 5274 5273 5255
f 5257 5298 5274
f 5293 5275 5299
f 5276 5301 5300
f 5301 5278 5302
f 5279 5278 5259
f 5279 5280 5304
f 5280 5281 5305
f 5282 5281 5262
f 5307 5282 5283
f 5309 5263 5284
f 5264 5310 5284
f 5286 5310 5285
f 5265 5312 5286
f 5313 5266 5289
f 5315 5288 5287
f 5268 5316 5291
f 5290 5292 5317
f 5289 5318 5313
f 5294 5292 5270
f 5320 5294 5293
f 5299 5295 5322
f 5296 5295 5272
f 5296 5297 5324
f 5274 5325 5297
f 5326 5276 5300
f 5293 5327 5320
f 5301 5328 5300
f 5302 5329 5301
f 5302 5303 5331
f 5304 5303 5279
f 5305 5304 5280
f 5305 5306 5334
f 5308 5306 5282
f 5283 5336 5307
f 5338 5308 5307
f 5309 5310 5339
f 5339 5311 5340
f 5312 5311 5286
f 5312 5314 5342
f 5313 5315 5287
f 5345 5315 5344
f 5318 5316 5346
f 5317 5316 5290
f 5317 5319 5348
f 5343 5318 5349
f 5350 5294 5321
f 5351 5321 5320
f 5322 5323 5352
f 5353 5299 5322
f 5324 5323 5296
f 5324 5325 5355
f 5356 5298 5326
f 5320 5357 5351
f 5358 5328 5329
f 5360 5329 5330
f 5331 5330 5302
f 5331 5332 5362
f 5333 5332 5304
f 5334 5333 5305
f 5334 5335 5365
f 5335 5337 5366
f 5307 5367 5338
f 5309 5368 5336
f 5369 5337 5338
f 5340 5341 5371
f 5342 5341 5312
f 5342 5345 5373
f 5343 5344 5315
f 5346 5349 5318
f 5346 5347 5376
f 5348 5347 5317
f 5319 5378 5348
f 5349 5374 5343
f 5351 5380 5350
f 5322 5382 5353
f 5352 5354 5383
f 5384 5327 5353
f 5355 5354 5324
f 5325 5386 5355
f 5326 5359 5356
f 5351 5387 5381
f 5389 5359 5358
f 5360 5361 5390
f 5391 5358 5360
f 5362 5361 5331
f 5362 5363 5393
f 5363 5364 5394
f 5364 5365 5395
f 5366 5365 5335
f 5337 5397 5366
f 5369 5367 5398
f 5336 5399 5367
f 5369 5400 5370
f 5371 5372 5402
f 5371 5403 5340
f 5372 5373 5405
f 5379 5375 5406
f 5376 5375 5346
f 5376 5377 5408
f 5377 5378 5409
f 5410 5350 5380
f 5412 5381 5411
f 5353 5413 5384
f 5382 5383 5414
f 5383 5385 5415
f 5416 5357 5384
f 5386 5385 5355
f 5356 5388 5386
f 5411 5387 5418
f 5419 5389 5420
f 5390 5391 5360
f 5392 5390 5361
f 5391 5420 5389
f 5393 5392 5362
f 5393 5394 5425
f 5394 5395 5426
f 5395 5396 5427
f 5366 5428 5396
f 5429 5370 5400
f 5367 5430 5398
f 5398 5401 5369
f 5368 5403 5399
f 5432 5401 5433
f 5402 5404 5371
f 5405 5402 5372
f 5436 5404 5437
f 221 5373 188
f 5406 5407 5438
f 5408 5409 5439
f 5440 5378 5410
f 5441 5380 5412
f 5411 5442 5412
f 5413 5416 5384
f 5414 5413 5382
f 5414 5415 5446
f 5415 5417 5447
f 5448 5387 5416
f 5419 5386 5388
f 5418 5443 5411
f 5420 5450 5419
f 5423 5421 5452
f 5421 5422 5453
f 5424 5422 5392
f 5451 5423 5455
f 5424 5425 5456
f 5426 5425 5394
f 5426 5427 5458
f 5428 5427 5396
f 5460 5397 5429
f 5461 5400 5432
f 5431 5430 5462
f 5436 5399 5403
f 5431 5433 5401
f 5433 5464 5432
f 5434 5437 5404
f 5434 5435 5467
f 221 5435 5405
f 5437 5468 5436
f 5407 5470 5438
f 5409 5472 5439
f 5471 5408 5439
f 5410 5473 5440
f 5412 5474 5441
f 5476 5443 5475
f 5448 5444 5477
f 5444 5445 5478
f 5446 5445 5414
f 5446 5447 5480
f 5447 5419 5450
f 5481 5418 5448
f 5443 5482 5475
f 5451 5483 5450
f 5453 5452 5421
f 5452 5455 5423
f 5454 5453 5422
f 5456 5454 5424
f 5455 5484 5451
f 5456 5457 5490
f 5458 5457 5426
f 5459 5458 5427
f 5493 5428 5460
f 5494 5429 5461
f 5432 5495 5461
f 5462 5436 5468
f 5462 5463 5431
f 5465 5463 5497
f 5465 5498 5464
f 5469 5466 5500
f 5467 5466 5434
f 5467 251 5502
f 5503 5469 5504
f 5506 5471 5505
f 5439 5505 5471
f 5440 5507 5472
f 5441 5508 5473
f 5509 5442 5476
f 5510 5476 5475
f 5478 5477 5444
f 5477 5481 5448
f 5478 5479 5514
f 5480 5479 5446
f 5450 5480 5447
f 5516 5449 5481
f 5475 5517 5510
f 5518 5484 5519
f 5485 5486 5452
f 5487 5485 5453
f 5489 5486 5522
f 5487 5488 5523
f 5490 5488 5456
f 5489 5519 5484
f 5490 5491 5526
f 5491 5492 5527
f 5493 5492 5459
f 5460 5529 5493
f 5530 5461 5495
f 5464 5531 5495
f 5468 5496 5462
f 5496 5497 5463
f 5497 5499 5465
f 5499 5534 5498
f 5500 5501 5536
f 5500 5504 5469
f 5502 5501 5467
f 5076 5502 251
f 5539 5504 5540
f 325 5505 5541
f 5472 5541 5505
f 5507 5508 5542
f 5543 5474 5509
f 5476 5544 5509
f 5512 5513 5477
f 5514 5512 5478
f 5547 5481 5513
f 5514 5515 5548
f 5515 5483 5518
f 5482 5549 5517
f 5510 5551 5550
f 5552 5519 5553
f 5522 5520 5554
f 5520 5521 5555
f 5523 5521 5487
f 5525 5522 5557
f 5558 5488 5524
f 5524 5526 5559
f 5553 5525 5560
f 5526 5527 5561
f 5528 5527 5492
f 5493 5563 5528
f 5494 5564 5529
f 5495 5565 5530
f 5566 5498 5534
f 5532 5503 5539
f 5533 5532 5567
f 5533 5535 5499
f 5535 5569 5534
f 5536 5537 5500
f 5538 5536 5501
f 5537 5540 5504
f 5574 5540 5575
f 5081 5506 325
f 325 5577 5576
f 5541 5542 5577
f 5542 5543 5578
f 5509 5579 5543
f 5580 5511 5550
f 5547 5545 5581
f 5545 5546 5582
f 5548 5546 5514
f 5584 5516 5547
f 5548 5518 5552
f 5585 5517 5549
f 5550 5587 5586
f 5588 5553 5589
f 5554 5555 5590
f 5557 5554 5591
f 5555 5556 5592
f 5523 5593 5556
f 5560 5557 5594
f 5524 5595 5558
f 5526 5596 5559
f 5589 5560 5597
f 5561 5562 5598
f 5563 5562 5528
f 5600 5529 5564
f 5530 5601 5564
f 5531 5602 5565
f 5534 5603 5566
f 5567 5539 5574
f 5568 5567 5604
f 5570 5568 5605
f 5607 5570 5606
f 5571 5573 5537
f 5572 5571 5536
f 5080 5572 5538
f 5575 5573 5610
f 5575 5611 5574
f 5576 5613 397
f 5577 5578 5613
f 5579 5578 5543
f 5580 5579 5544
f 5586 5580 5550
f 5581 5582 5617
f 5618 5547 5581
f 5582 5583 5619
f 5583 5552 5588
f 5549 5620 5585
f 5551 5621 5587
f 5586 5623 5622
f 5588 5625 5624
f 5590 5591 5554
f 5590 5592 5627
f 5594 5591 5628
f 5593 5592 5556
f 5558 5630 5593
f 5594 5597 5560
f 5632 5559 5596
f 5596 5598 5633
f 5625 5597 5634
f 5598 5599 5635
f 5600 5599 5563
f 5564 5637 5600
f 5565 5638 5601
f 5639 5566 5603
f 5640 5569 5607
f 5574 5604 5567
f 5604 5605 5568
f 5606 5605 5642
f 5606 5643 5607
f 5608 5610 5573
f 5608 5609 5646
f 5082 5609 5572
f 5612 5610 5647
f 5611 5649 5648
f 397 5650 435
f 5613 5614 5650
f 5615 5614 5579
f 5616 5615 5580
f 5622 5616 5586
f 5581 5654 5618
f 5619 5617 5582
f 5584 5656 5620
f 5624 5583 5588
f 5621 5620 5657
f 5621 5623 5587
f 5660 5622 5623
f 5624 5662 5661
f 5591 5663 5628
f 5664 5590 5627
f 5627 5629 5665
f 5594 5666 5631
f 5667 5593 5630
f 5668 5595 5632
f 5631 5634 5597
f 5670 5596 5633
f 5633 5635 5671
f 5625 5672 5662
f 5673 5599 5636
f 5600 5674 5636
f 5675 5601 5638
f 5638 5639 5676
f 5640 5639 5603
f 5640 5643 5678
f 5611 5641 5604
f 5641 5642 5605
f 5642 5644 5606
f 5681 5643 5644
f 5647 5645 5683
f 5646 5645 5608
f 5083 5646 5609
f 5612 5685 5649
f 5649 5686 5648
f 474 5650 5688
f 5650 5651 5688
f 5652 5651 5615
f 5653 5652 5616
f 5659 5653 5622
f 5654 5656 5618
f 5654 5655 5693
f 5661 5619 5624
f 5694 5620 5656
f 5695 5623 5658
f 5697 5660 5696
f 5661 5699 5698
f 5628 5700 5666
f 5701 5626 5664
f 5627 5702 5664
f 5703 5629 5667
f 5631 5704 5669
f 5630 5705 5667
f 5632 5706 5668
f 5669 5672 5634
f 5633 5708 5670
f 5709 5635 5673
f 5662 5710 5699
f 5711 5636 5674
f 5712 5637 5675
f 5675 5676 5713
f 5676 5677 5714
f 5678 5677 5640
f 5678 5682 5716
f 5648 5679 5641
f 5681 5680 5717
f 5682 5719 5718
f 5683 5684 5720
f 5647 5721 5685
f 5646 5085 5684
f 5722 5649 5685
f 5686 5724 5723
f 474 5725 512
f 5688 5689 5725
f 5690 5689 5652
f 5690 5691 5727
f 5728 5659 5697
f 5656 5729 5694
f 5698 5693 5655
f 5658 5731 5695
f 5733 5660 5695
f 5735 5697 5696
f 5736 5698 5699
f 5737 5663 5701
f 5738 5664 5702
f 5665 5739 5702
f 5667 5740 5703
f 5707 5704 5741
f 5742 5704 5666
f 5744 5668 5706
f 5745 5670 5708
f 5746 5672 5707
f 5747 5671 5709
f 5748 5673 5711
f 5699 5749 5736
f 5750 5674 5712
f 5713 5712 5675
f 5714 5713 5676
f 5714 5715 5753
f 5715 5716 5754
f 5718 5716 5682
f 5681 5757 5719
f 5717 5759 5758
f 5718 5761 5760
f 5762 5683 5720
f 5086 5684 5085
f 5763 5685 5721
f 5723 5765 5764
f 5723 5842 5686
f 512 5766 553
f 5725 5726 5766
f 5726 5727 5767
f 5691 5768 5727
f 5694 5769 5732
f 5770 5729 5692
f 5730 5772 5693
f 5695 5774 5733
f 5775 5732 5769
f 5776 5696 5733
f 5777 5735 5778
f 5779 5730 5736
f 5780 5700 5737
f 5781 5701 5738
f 5702 5782 5738
f 5783 5703 5740
f 5784 5705 5744
f 5741 5743 5785
f 5707 5786 5746
f 5780 5743 5742
f 5706 5788 5744
f 5708 5789 5745
f 5790 5710 5746
f 5791 5709 5748
f 5792 5711 5750
f 5750 5751 5793
f 5752 5751 5713
f 5753 5752 5714
f 5754 5753 5715
f 5754 5755 5797
f 5760 5755 5718
f 5757 5761 5719
f 5717 5800 5757
f 5765 5758 5759
f 5760 5803 5802
f 5721 5804 5763
f 5806 5722 5763
f 5808 553 5766
f 5808 5726 5767
f 5727 5809 5767
f 5810 5728 5734
f 5769 5771 5811
f 5813 5771 5770
f 5772 5815 5814
f 5733 5816 5776
f 5731 5817 5774
f 5811 5775 5769
f 5778 5776 5819
f 5778 5820 5777
f 5734 5822 5810
f 5823 5773 5779
f 5737 5824 5780
f 5738 5825 5781
f 5739 5826 5782
f 5827 5740 5784
f 5744 5828 5784
f 5785 5787 5829
f 5785 5786 5741
f 5746 5831 5790
f 5780 5832 5787
f 5833 5745 5789
f 5747 5834 5789
f 5813 5749 5790
f 5748 5835 5791
f 5793 5792 5750
f 5793 5794 5837
f 5795 5794 5752
f 5795 5796 5839
f 5797 5796 5754
f 5760 5841 5798
f 5759 5842 5765
f 5803 5799 5843
f 5845 5800 5844
f 5800 5847 5846
f 5758 5801 5847
f 5847 5801 5848
f 5802 5850 5849
f 5763 5851 5806
f 5853 5806 5852
f 5724 5854 5801
f 5855 5087 5808
f 5808 5856 5855
f 5856 5809 5857
f 5810 5809 5768
f 5811 5812 5859
f 5790 5812 5813
f 5772 5813 5770
f 5819 5816 5860
f 5861 5774 5817
f 5862 5775 5818
f 5821 5819 5863
f 5820 5822 5777
f 5821 5865 5820
f 5810 5867 5858
f 5868 5781 5825
f 5782 5869 5825
f 5827 5826 5783
f 5784 5871 5827
f 5788 5872 5828
f 5829 5832 5873
f 5829 5830 5785
f 5831 5830 5875
f 5876 5824 5868
f 5789 5877 5833
f 5791 5878 5834
f 5792 5879 5835
f 5836 5837 5880
f 5838 5837 5794
f 5839 5838 5795
f 5839 5840 5883
f 5884 5797 5798
f 5798 5885 5884
f 5849 5841 5802
f 5843 5888 5887
f 5889 5803 5843
f 5844 5890 5845
f 5891 5846 5847
f 5848 5854 5893
f 5849 5895 5894
f 5806 683 5852
f 5853 5807 5805
f 5852 5896 5853
f 5855 5898 641
f 5900 5855 5856
f 5857 5900 5856
f 5857 5858 5902
f 5859 5831 5875
f 5863 5860 5903
f 5860 5861 5904
f 5905 5817 5862
f 5818 5906 5862
f 5863 5866 5821
f 5864 5865 5908
f 5910 5865 5866
f 5867 5902 5858
f 5870 5869 5826
f 5871 5870 5827
f 5871 5872 5914
f 5833 5915 5872
f 5873 5874 5829
f 5873 5876 5917
f 5874 5875 5830
f 5868 5919 5876
f 5834 5921 5877
f 5922 5835 5879
f 5880 5879 5836
f 5837 5924 5880
f 5883 5882 5839
f 5884 5883 5840
f 5927 5884 5885
f 5841 5928 5885
f 5894 5886 5849
f 5888 5930 5887
f 5845 5888 5799
f 5887 5889 5843
f 5933 5850 5889
f 5934 5847 5844
f 5936 5892 5891
f 5893 5853 5896
f 5937 5848 5893
f 5939 5895 5938
f 5897 5940 5896
f 5943 5898 5899
f 5944 5900 5945
f 5946 5900 5901
f 5901 5902 5947
f 5875 5906 5859
f 5907 5903 5948
f 5904 5903 5860
f 5905 5904 5861
f 5862 5951 5905
f 5907 5910 5866
f 5908 5953 5864
f 5909 5908 5865
f 5909 5957 5956
f 5867 5958 5911
f 5960 5912 5961
f 5913 5912 5870
f 5913 5914 5963
f 5964 5872 5915
f 5965 5877 5921
f 5916 5918 5874
f 5917 5916 5873
f 5919 5917 5876
f 5960 5919 5920
f 5970 5878 5922
f 5879 5971 5922
f 5880 5972 5923
f 5973 5881 5882
f 5973 5925 5974
f 5883 5975 5925
f 5975 5927 5976
f 5977 5885 5928
f 5939 5929 5894
f 5930 5932 5887
f 5980 5931 5937
f 5931 5890 5848
f 5889 5981 5933
f 5895 5982 5938
f 5984 5891 5934
f 5934 5935 5984
f 5935 5986 5985
f 5937 5896 5940
f 5941 5987 5940
f 5942 5990 5989
f 5944 5992 5991
f 5946 5994 5993
f 5993 5945 5946
f 5947 5994 5901
f 5906 5966 5951
f 5903 5996 5948
f 5950 5949 5904
f 5905 5998 5950
f 5999 5910 5952
f 5864 5959 5867
f 6001 5953 5954
f 5954 5955 6002
f 5955 5956 6003
f 5911 6005 6004
f 5959 6006 5958
f 5961 5969 5960
f 5961 5962 6009
f 5913 6010 5962
f 6011 5914 5964
f 5915 6012 5964
f 6013 5921 5970
f 6014 5916 5967
f 5967 5968 6015
f 5968 5969 6016
f 6017 5922 5971
f 5971 5972 6018
f 6019 5924 5973
f 5973 6020 6019
f 5975 5974 5925
f 5976 5977 6022
f 5976 6021 5975
f 5928 6024 5977
f 6025 5929 5978
f 5939 6026 5978
f 5981 5979 6028
f 6029 5930 5980
f 5940 5980 5937
f 5981 5982 5933
f 5984 6031 5983
f 5985 5984 5935
f 5986 6033 5985
f 6031 5936 5983
f 6037 5988 6036
f 5990 6038 5989
f 5991 5943 5944
f 6040 5991 5992
f 5993 6043 6042
f 5992 6042 6040
f 6044 5994 5995
f 6045 5947 5911
f 5951 6014 5998
f 5948 6046 5952
f 5949 6047 5996
f 6048 5950 5998
f 5952 6049 5999
f 6051 5957 5999
f 5953 6007 5959
f 6052 6001 6053
f 6002 6001 5954
f 6003 6002 5955
f 6003 6057 6056
f 6059 6004 6005
f 5958 6060 6005
f 6062 6007 6061
f 6016 6008 6063
f 6009 6008 5961
f 6065 5962 6010
f 5963 6066 6010
f 5964 6067 6011
f 5965 6068 6012
f 6069 5970 6017
f 6015 6014 5967
f 6015 6016 6071
f 6018 6017 5971
f 6018 6019 6073
f 6074 6019 6020
f 6021 6020 5974
f 5977 6076 6022
f 6022 6023 5976
f 6078 6024 6025
f 6079 5978 6026
f 6081 6026 6027
f 6028 6030 5981
f 6029 6028 5979
f 5980 6037 6029
f 6035 6030 6084
f 6085 6032 6086
f 5985 6086 6032
f 6034 6087 6033
f 6034 6031 6085
f 5988 5092 6036
f 6091 6037 6036
f 6092 6039 6093
f 5990 6041 6039
f 6040 6094 6041
f 6042 6097 6096
f 6040 6096 6095
f 6098 5995 6045
f 6099 6043 6044
f 6070 5998 6014
f 6100 5996 6047
f 6101 5997 6048
f 5999 6102 6051
f 6103 6046 6100
f 6051 6104 6050
f 6052 6007 6000
f 6052 6107 6106
f 6108 6001 6054
f 6055 6054 6002
f 6055 6056 6110
f 6112 6057 6111
f 6045 6058 6098
f 6058 6114 6113
f 6115 6005 6060
f 6006 6116 6060
f 6118 6062 6061
f 6063 6071 6016
f 6063 6064 6120
f 6065 6064 6009
f 6065 6066 6122
f 6011 6123 6066
f 6012 6124 6067
f 6125 6013 6069
f 6072 6069 6017
f 6071 6070 6015
f 6073 6072 6018
f 6020 6129 6074
f 6074 6128 6073
f 6076 6077 6022
f 6133 6077 6132
f 6131 6078 6134
f 6078 6079 6135
f 6136 6026 6080
f 6138 6081 6137
f 6139 6027 6089
f 6082 6140 6030
f 6083 6082 6028
f 6029 6090 6083
f 6084 6140 6143
f 6089 6084 6144
f 6086 6145 6085
f 6086 6087 6146
f 6085 6088 6034
f 6148 6090 6091
f 6038 939 881
f 6093 6149 6092
f 6041 6093 6039
f 6095 6151 6094
f 6096 6154 6153
f 6153 6095 6096
f 6155 6044 6098
f 6157 6099 6156
f 6127 6048 6070
f 6047 6158 6100
f 6102 6105 6051
f 6160 6049 6103
f 6158 6103 6100
f 6163 6105 6162
f 6164 6061 6052
f 6165 6053 6108
f 6054 6166 6108
f 6110 6109 6055
f 6056 6168 6110
f 6111 6104 6163
f 6111 6169 6112
f 6171 6058 6113
f 6113 6173 6172
f 6174 6059 6115
f 6175 6060 6116
f 6117 6116 6062
f 6127 6119 6177
f 6120 6119 6063
f 6120 6121 6179
f 6180 6065 6122
f 6066 6181 6122
f 6067 6182 6123
f 6183 6068 6125
f 6128 6126 6072
f 6074 6185 6130
f 6128 6186 6184
f 6132 6131 6187
f 6132 6188 6133
f 6187 6134 6190
f 6135 6134 6078
f 6080 6192 6136
f 6081 6194 6137
f 6195 6137 6196
f 6144 6139 6089
f 6141 6198 6140
f 6200 6082 6142
f 6142 6090 6147
f 6201 6140 6198
f 6146 6202 6145
f 6203 6087 6204
f 6088 6202 6204
f 6206 6148 6205
f 6092 6207 939
f 6150 6208 6149
f 6150 6094 6151
f 6211 6152 6210
f 6154 6212 6153
f 6214 6099 6155
f 6177 6101 6127
f 6162 6159 6215
f 6160 6159 6102
f 6161 6160 6103
f 6161 6177 6218
f 6162 6219 6163
f 5098 6107 6165
f 6108 6221 6165
f 6109 6222 6166
f 6110 6223 6167
f 6112 6224 6168
f 6111 6219 6170
f 6225 6113 6172
f 6172 6227 6226
f 6228 6174 6229
f 6230 6115 6175
f 6175 6176 6231
f 6176 968 1024
f 6119 6218 6177
f 6179 6178 6120
f 6180 6179 6121
f 6234 6122 6181
f 6181 6182 6235
f 6236 6124 6183
f 6125 6237 6183
f 6238 6126 6184
f 6239 6130 6185
f 6188 6129 6133
f 6186 6238 6184
f 6187 6189 6132
f 6243 6188 6189
f 6190 6191 6244
f 6190 6241 6187
f 6246 6191 6135
f 6136 6249 6248
f 6193 6250 6192
f 6137 6252 6196
f 6196 6253 6195
f 6251 6138 6195
f 6256 6144 6255
f 6257 6141 6200
f 6200 6147 6206
f 6258 6198 6259
f 6261 6203 6260
f 6262 6203 6204
f 6204 6261 6262
f 6205 6263 6206
f 6266 6208 6209
f 6150 6267 6209
f 6210 6268 6211
f 6212 6271 6270
f 6154 6272 6213
f 6214 6273 6156
f 6171 6214 6155
f 6215 6216 6275
f 6215 6220 6162
f 6217 6216 6160
f 6218 6217 6161
f 6279 6219 6220
f 6281 6166 6222
f 6282 6167 6223
f 6283 6168 6224
f 6285 6169 6284
f 6170 6280 6284
f 6226 6225 6172
f 6226 6288 6287
f 6289 6173 6228
f 6229 6289 6228
f 6230 6229 6174
f 6230 6231 6292
f 1024 6231 6176
f 6232 6218 6178
f 6232 6233 6293
f 6294 6180 6234
f 6234 6235 6295
f 6236 6235 6182
f 6236 6237 6297
f 6297 6238 6298
f 6242 6185 6188
f 6240 6239 6299
f 6298 6240 6300
f 6241 6243 6189
f 6302 6243 6303
f 6244 6247 6304
f 6245 6301 6241
f 6307 6247 6246
f 6248 6307 6246
f 6308 6192 6250
f 6310 6251 6309
f 6254 6252 6311
f 6195 6309 6251
f 6253 6313 6312
f 6315 6197 6256
f 6255 6316 6256
f 6318 6199 6257
f 6206 6257 6200
f 6259 6319 6258
f 6201 6317 6255
f 6321 6260 6322
f 6260 6323 6322
f 6321 6262 6261
f 5100 6264 6205
f 6263 6325 6324
f 6328 6208 6265
f 6329 6266 6330
f 6331 6209 6267
f 6269 6333 6268
f 6332 6269 6210
f 6332 6270 6335
f 6270 6337 6336
f 6338 6213 6272
f 6273 6340 6339
f 6274 6225 6286
f 6341 6272 6156
f 6276 6275 6342
f 6277 6275 6216
f 6279 6276 6344
f 6346 6280 6279
f 5105 6221 6281
f 6347 6222 6282
f 6223 6348 6282
f 6349 6224 6285
f 6351 6284 6350
f 6345 6284 6280
f 6286 6287 6352
f 6354 6287 6288
f 6227 6355 6288
f 6355 6290 6356
f 6291 6290 6229
f 6291 6292 6358
f 6292 1086 6359
f 6360 6233 6294
f 6361 6234 6295
f 6295 6296 6362
f 6297 6296 6236
f 6363 6298 6364
f 6299 6242 6302
f 6300 6299 6365
f 6366 6298 6300
f 6303 6301 6367
f 6303 6368 6302
f 6367 6305 6370
f 6371 6245 6372
f 6307 6373 6306
f 6374 6249 6308
f 6250 6375 6308
f 6377 6310 6309
f 6252 6378 6311
f 6311 6313 6254
f 6312 6309 6253
f 6312 6382 6381
f 6315 6383 6314
f 6315 6386 6385
f 6387 6317 6388
f 6318 6263 6324
f 6318 6320 6259
f 6258 6388 6317
f 6320 6390 6319
f 6322 6392 6321
f 6394 6322 6323
f 6392 6323 6321
f 6324 6397 6396
f 6265 6399 6328
f 6328 6326 6327
f 6400 6330 6401
f 6402 6266 6331
f 6333 6402 6268
f 6334 6404 6333
f 6334 6335 6406
f 6335 6336 6406
f 6336 6408 6407
f 6409 6271 6338
f 6339 6411 6410
f 6286 6340 6274
f 6341 6339 6412
f 6412 6338 6341
f 6342 6343 6413
f 6414 6276 6342
f 6343 6293 6360
f 6279 6415 6346
f 6345 6417 6416
f 6418 6282 6348
f 6419 6283 6349
f 6285 6420 6349
f 6351 6422 6421
f 6416 6350 6345
f 6287 6423 6352
f 6353 6425 6424
f 6355 6426 6288
f 6356 6357 6428
f 6427 6356 6429
f 6358 6357 6291
f 6294 6431 6360
f 6295 6432 6361
f 6362 6363 6433
f 6434 6300 6365
f 6436 6366 6435
f 6368 6438 6437
f 6440 6305 6371
f 6370 6369 6367
f 6372 6441 6371
f 6444 6373 6374
f 6446 6308 6445
f 6375 6376 6447
f 6448 6376 6377
f 6311 6450 6380
f 6451 6313 6380
f 6381 6377 6312
f 6453 6381 6382
f 6379 6383 6454
f 6455 6315 6385
f 6385 6457 6456
f 6388 6458 6387
f 6460 6316 6387
f 6318 6396 6389
f 6389 6391 6320
f 6319 6459 6388
f 6390 6463 6462
f 6464 6393 6465
f 6466 6393 6394
f 6466 6392 6464
f 6467 6396 6397
f 6395 6397 6325
f 5110 6469 1264
f 6328 6469 6398
f 6470 6329 6400
f 6403 6330 6402
f 6403 6404 6471
f 6473 6405 6472
f 6406 6405 6334
f 6336 6474 6406
f 6475 6407 6408
f 6408 6409 6477
f 6412 6410 6478
f 6479 6411 6480
f 6352 6411 6340
f 6478 6409 6412
f 6342 6481 6414
f 6360 6413 6343
f 6344 6482 6415
f 6417 6415 6483
f 6416 6485 6484
f 6348 6486 6418
f 6349 6487 6419
f 6421 6420 6351
f 6421 6490 6489
f 6484 6422 6416
f 6491 6353 6424
f 6492 6424 6425
f 6354 6494 6425
f 6494 6427 6495
f 6428 6430 6496
f 6428 6429 6356
f 6429 6495 6427
f 6358 6499 6430
f 6500 6361 6432
f 6501 6362 6433
f 6502 6366 6434
f 6433 6436 6501
f 6435 6503 6436
f 6438 6505 6437
f 6434 6437 6502
f 6439 6372 6304
f 6371 6507 6440
f 6442 6508 6441
f 6444 6510 6443
f 6511 6446 6445
f 6447 6449 6512
f 6513 6375 6447
f 6515 6449 6448
f 6380 6516 6451
f 6454 6450 6378
f 6382 6518 6453
f 6448 6452 6515
f 6519 6452 6453
f 6521 6454 6383
f 6522 6384 6455
f 6456 6455 6385
f 6456 6444 6446
f 6460 6457 6386
f 6387 6524 6460
f 6458 6526 6525
f 6389 6468 6461
f 6527 6461 6528
f 6526 6390 6462
f 6462 6530 6529
f 6464 6532 6531
f 6532 6466 6533
f 6464 6533 6466
f 5114 6397 1261
f 6468 6535 6534
f 1264 6536 1332
f 6399 6536 6469
f 6538 6400 6537
f 6471 6401 6403
f 6471 6473 6540
f 6472 6474 6541
f 6543 6472 6542
f 6407 6541 6474
f 6477 6475 6408
f 6546 6475 6545
f 6478 6548 6547
f 6479 6550 6549
f 6480 6423 6491
f 6478 6544 6477
f 6551 6414 6481
f 6500 6413 6431
f 6417 6552 6485
f 6484 6554 6553
f 6419 6555 6486
f 6420 6556 6487
f 6557 6421 6489
f 6558 6489 6490
f 6553 6490 6484
f 6493 6491 6424
f 6425 6561 6492
f 6492 6562 6493
f 6495 6561 6494
f 6496 6497 6428
f 6566 6430 6499
f 6497 6498 6429
f 6498 6564 6495
f 6500 6501 6569
f 6502 6504 6435
f 6569 6436 6503
f 6572 6504 6571
f 6437 6570 6502
f 6573 6506 6574
f 6439 6509 6442
f 6507 6577 6576
f 6508 6577 6441
f 6578 6509 6525
f 6443 6575 6439
f 6513 6511 6445
f 6447 6580 6513
f 6449 6581 6512
f 6583 6514 6515
f 6451 6584 6518
f 6450 6585 6516
f 6586 6453 6518
f 6520 6515 6452
f 6519 6587 6520
f 6589 6517 6521
f 6521 6523 6589
f 6511 6522 6455
f 6591 6523 6522
f 6524 6510 6460
f 6525 6592 6578
f 6528 6468 6534
f 6527 6594 6593
f 6529 6526 6462
f 6529 6596 6595
f 6593 6463 6527
f 6532 6597 6531
f 6532 6599 6598
f 6597 6533 6531
f 5114 6535 6467
f 6601 6535 6600
f 6603 6536 6602
f 6536 6604 6602
f 6538 6604 6470
f 6537 6539 6606
f 6540 6539 6471
f 6543 6540 6473
f 6542 6541 6609
f 6542 6610 6543
f 6609 6476 6546
f 6475 6612 6545
f 6613 6546 6545
f 6616 6548 6615
f 6549 6548 6479
f 6618 6549 6550
f 6480 6560 6550
f 6544 6616 6612
f 6482 6572 6483
f 6569 6481 6500
f 6620 6485 6552
f 6571 6483 6572
f 6553 6622 6621
f 6623 6487 6556
f 6624 6488 6557
f 6559 6626 6625
f 6621 6558 6553
f 6627 6493 6562
f 6561 6563 6492
f 6561 6629 6628
f 6497 6630 6567
f 6566 6565 6496
f 6567 6568 6498
f 6629 6568 6632
f 5115 6566 5113
f 6570 6571 6504
f 6551 6503 6572
f 6505 6633 6570
f 6574 6634 6573
f 6507 6574 6506
f 6577 6636 6576
f 6578 6637 6577
f 6580 6579 6513
f 6581 6580 6512
f 6581 6582 6640
f 6582 6642 6641
f 6643 6516 6585
f 6587 6583 6520
f 6645 6588 6644
f 6643 6589 6646
f 6590 6589 6523
f 6522 6638 6591
f 6590 6648 6647
f 6528 6601 6594
f 6650 6593 6594
f 6592 6595 6637
f 6596 6651 6595
f 6593 6596 6530
f 6654 6598 6653
f 6655 6598 6599
f 6597 6656 6599
f 6600 5116 1456
f 6600 6657 6601
f 5117 1332 6603
f 6659 6603 6602
f 6661 6538 6662
f 6606 6662 6537
f 6606 6607 6664
f 6607 6608 6665
f 6666 6543 6610
f 6609 6611 6542
f 6668 6611 6669
f 6667 6546 6614
f 6545 6670 6613
f 6672 6614 6613
f 6615 6617 6673
f 6615 6674 6616
f 6549 6676 6617
f 6618 6560 6627
f 6619 6678 6677
f 6616 6670 6612
f 6552 6633 6620
f 6620 6622 6554
f 6621 6680 6679
f 6681 6555 6623
f 6556 6682 6623
f 6683 6557 6559
f 6625 6685 6684
f 6686 6559 6625
f 6679 6626 6621
f 6689 6628 6629
f 6630 6631 6567
f 6692 1429 1491
f 6632 6631 6693
f 6629 6694 6689
f 6620 6573 6634
f 6634 6680 6622
f 6576 6635 6574
f 6637 6651 6636
f 6639 6638 6580
f 6639 6640 6696
f 6641 6640 6582
f 6698 6641 6642
f 6642 6645 6698
f 6701 6644 6588
f 6645 6704 6703
f 6591 6695 6648
f 6647 6706 6705
f 6601 6650 6594
f 6708 6650 6707
f 6679 6651 6652
f 6652 6649 6708
f 6709 6653 6710
f 6653 6711 6710
f 6709 6656 6654
f 1513 6600 1456
f 6658 6713 6657
f 6659 6605 6715
f 6659 6716 6660
f 6661 6663 6718
f 6719 6605 6661
f 6663 6664 6720
f 6664 6665 6721
f 6722 6608 6666
f 6610 6723 6666
f 6669 6667 6724
f 6669 6725 6668
f 6724 6614 6671
f 6613 6727 6672
f 6671 6729 6728
f 6673 6676 6730
f 6673 6675 6615
f 6675 6731 6674
f 6676 6734 6733
f 6627 6678 6618
f 6677 6737 6736
f 6727 6674 6731
f 6623 6738 6681
f 6683 6682 6624
f 6684 6686 6625
f 6685 6707 6684
f 6739 6686 6741
f 6652 6685 6679
f 6687 6735 6562
f 6690 6688 6628
f 6746 6690 6689
f 6631 6747 6693
f 6692 6691 6630
f 1491 6748 6692
f 6749 6632 6693
f 6694 6746 6689
f 6635 6651 6680
f 6751 6639 6696
f 6752 6640 6697
f 6699 6754 6753
f 6703 6698 6645
f 6704 6702 6755
f 6701 6756 6702
f 6703 6758 6757
f 6705 6759 6756
f 6700 6705 6701
f 6707 6657 6713
f 6711 6760 6710
f 6655 6712 6711
f 6709 6762 6712
f 1513 5121 6764
f 6764 6658 1513
f 6740 6714 6765
f 6716 5118 6660
f 6717 6715 6766
f 6717 6767 6716
f 6718 6719 6661
f 6720 6718 6663
f 6715 6771 6766
f 6720 6721 6772
f 6721 6722 6773
f 6666 6774 6722
f 6668 6775 6723
f 6724 6726 6669
f 6777 6726 6778
f 6776 6671 6728
f 6779 6672 6727
f 6733 6730 6676
f 6781 6732 6780
f 6733 6783 6782
f 6678 6784 6737
f 6785 6736 6786
f 6788 6736 6737
f 6779 6731 6781
f 6738 6739 6789
f 6686 6765 6741
f 6684 6713 6740
f 6741 6789 6739
f 6791 6735 6742
f 6742 6793 6792
f 6687 6794 6793
f 6794 6688 6744
f 6745 6744 6690
f 6797 6746 6796
f 6693 6798 6749
f 6747 6748 6799
f 6750 6749 6800
f 6796 6750 6801
f 6696 6802 6751
f 6803 6697 6699
f 6754 6804 6753
f 6806 6699 6753
f 6757 6754 6703
f 6702 6807 6755
f 6808 6704 6755
f 6810 6758 6809
f 6756 6811 6807
f 6759 6802 6812
f 6813 6761 6814
f 6761 6712 6762
f 6815 6762 6763
f 6817 6714 6764
f 5122 6767 5125
f 6766 6768 6717
f 6767 6820 6819
f 6771 6769 6821
f 6822 6718 6770
f 6720 6823 6770
f 6818 6771 6824
f 6721 6825 6772
f 6722 6826 6773
f 6827 6723 6775
f 6828 6725 6777
f 6776 6778 6726
f 6830 6777 6778
f 6833 6729 6779
f 6732 6782 6780
f 6780 6834 6781
f 6836 6782 6783
f 6785 6734 6677
f 6737 6838 6788
f 6786 6839 6785
f 6786 6787 6841
f 6842 6787 6788
f 6779 6834 6833
f 6789 5123 6738
f 6741 6817 6790
f 5127 6789 6790
f 6844 6742 6792
f 6845 6784 6791
f 6792 6847 6846
f 6794 6847 6793
f 6744 6848 6794
f 6849 6745 6797
f 6796 6850 6797
f 6800 6798 6852
f 6853 6747 6799
f 6800 6801 6750
f 6801 6851 6796
f 6812 6752 6803
f 6753 6856 6806
f 6806 6812 6803
f 6810 6805 6757
f 6807 6808 6755
f 6809 6808 6860
f 6809 6861 6810
f 6811 6859 6807
f 6812 6811 6759
f 6813 6866 6865
f 6762 6814 6761
f 6867 6760 6813
f 6763 6867 6815
f 6815 6868 6816
f 5125 6819 5129
f 6870 6768 6818
f 6819 6872 6871
f 6769 6873 6821
f 6771 6825 6824
f 6823 10230 6770
f 6824 6870 6818
f 6824 6826 6876
f 6877 6774 6827
f 6775 6878 6827
f 6879 6777 6831
f 6830 6829 6880
f 6830 6881 6831
f 6832 6884 6883
f 6780 6837 6835
f 6885 6834 6835
f 6785 6836 6783
f 6836 6887 6837
f 6889 6788 6838
f 6840 6890 6839
f 6841 6840 6786
f 6841 6843 6893
f 6894 6843 6842
f 6886 6833 6834
f 6844 6846 6896
f 6897 6791 6844
f 6898 6838 6845
f 6899 6846 6847
f 6899 6848 6901
f 6901 6795 6849
f 6902 6797 6850
f 6904 6851 6903
f 6800 6905 6854
f 6906 6798 6853
f 6801 6907 6855
f 6903 6855 6908
f 6856 6857 6806
f 6910 6804 6858
f 6860 6859 6911
f 6861 6911 6912
f 6911 6863 6912
f 6909 6811 6857
f 6865 6867 6813
f 6865 6915 6914
f 6814 6868 6866
f 6815 6913 6869
f 6917 6869 6916
f 5129 6871 5130
f 6918 6820 6870
f 6871 6920 6919
f 6821 6823 6825
f 6875 6822 6921
f 6875 6922 6874
f 6870 6923 6918
f 6877 6876 6826
f 6827 6924 6877
f 6828 6925 6878
f 6926 6831 6881
f 6830 6927 6882
f 6929 6882 6928
f 6883 6931 6930
f 6883 6880 6832
f 6885 6837 6887
f 6932 6886 6885
f 6839 6888 6836
f 6894 6889 6933
f 6934 6891 6935
f 6891 6892 6936
f 6893 6892 6841
f 6938 6843 6895
f 6894 6939 6895
f 6897 6896 6941
f 6900 6896 6846
f 6845 6943 6898
f 6900 6945 6944
f 6901 6945 6899
f 6946 6849 6902
f 6850 6947 6902
f 6948 6904 6903
f 6950 6854 6905
f 6852 6951 6905
f 6908 6907 6952
f 6948 6908 6953
f 6912 6858 6861
f 6863 6910 6912
f 6955 6865 6914
f 6914 6957 6956
f 6866 6917 6915
f 6916 6913 6955
f 6958 6916 6959
f 5130 6919 5131
f 6872 6960 6920
f 6919 6962 6961
f 6918 6963 6960
f 6924 6923 6877
f 6924 6925 6964
f 6965 6879 6926
f 6881 6966 6926
f 6882 6967 6928
f 6928 6968 6929
f 6930 6927 6883
f 6970 6930 6931
f 6887 6932 6885
f 6931 6973 6970
f 6934 6888 6890
f 6933 6940 6894
f 6934 6975 6974
f 6935 6936 6976
f 6937 6936 6892
f 6893 6978 6937
f 6939 6980 6895
f 6982 6939 6940
f 6941 6942 6983
f 6941 6943 6897
f 6898 6985 6933
f 6944 6987 6986
f 6987 6946 6988
f 6947 6946 6902
f 6947 6949 6989
f 6991 6949 6948
f 6905 6992 6950
f 6950 6952 6907
f 6994 6951 1755
f 6952 6953 6908
f 6948 6996 6991
f 6955 6956 6997
f 6956 6998 6997
f 6958 6915 6917
f 6997 6916 6955
f 6959 7000 6958
f 6959 6999 7001
f 6920 7002 6962
f 6961 7004 7003
f 6963 6964 7005
f 7006 6925 6965
f 6926 7007 6965
f 7008 6929 6968
f 6928 7009 6969
f 7010 6969 7011
f 6971 6967 6930
f 7013 6971 6970
f 6973 6972 7014
f 6973 7013 6970
f 6934 7014 6972
f 6933 6982 6940
f 6974 7017 7016
f 7018 6935 6976
f 6976 6977 7019
f 6937 7020 6977
f 6981 7021 1824
f 7022 6942 6944
f 7023 6943 6984
f 6985 7024 6933
f 6986 7022 6944
f 6986 7028 7027
f 7029 6987 6988
f 6988 6989 7029
f 6991 7030 6990
f 6992 6993 6950
f 6993 6995 6952
f 6994 7032 6992
f 6996 6995 7035
f 7036 6991 6996
f 6997 7038 7037
f 7000 6957 6958
f 6998 7001 7038
f 7001 7040 7039
f 7004 7002 7041
f 7004 7042 7003
f 7045 6965 7007
f 7046 6966 7008
f 7047 6968 7010
f 7009 7011 6969
f 7011 7049 7010
f 6971 7048 7009
f 7051 7013 7052
f 7053 6973 7014
f 7052 7015 7054
f 7016 7014 6974
f 7016 7056 7055
f 6975 7057 7017
f 7019 7018 6976
f 7020 7019 6977
f 7024 7021 6982
f 6983 7061 6984
f 6984 7062 7023
f 7063 7024 7025
f 7064 7022 7026
f 7026 7027 7065
f 7066 7028 7067
f 7068 7028 7029
f 7069 7029 6989
f 7069 6990 7030
f 7070 7031 7071
f 7033 7032 7072
f 7035 7033 7073
f 7072 7034 7074
f 7034 7076 7075
f 7036 7035 7077
f 7071 7036 7078
f 7080 7037 7038
f 7039 7038 7001
f 7039 7082 7081
f 6999 7079 7040
f 7004 7083 7043
f 7084 7006 7045
f 7007 7085 7045
f 7008 7086 7046
f 7049 7047 7010
f 7050 7048 7088
f 7089 7050 7090
f 7088 7012 7051
f 7052 7091 7051
f 7054 7053 7093
f 7054 7092 7052
f 7095 7056 7096
f 7017 7097 7056
f 7018 7098 7057
f 7099 7021 7060
f 7100 7023 7062
f 7101 7061 7064
f 7025 7102 7063
f 7060 7103 7099
f 7064 7065 7104
f 7065 7066 7105
f 7106 7067 7107
f 7069 7108 7068
f 7030 7109 7069
f 7070 7111 7110
f 7112 7035 7073
f 7072 7113 7073
f 7075 7074 7034
f 7115 7075 7076
f 7117 7036 7077
f 7118 7071 7078
f 7079 7120 7119
f 7120 7039 7081
f 7082 7121 7081
f 7119 7040 7079
f 7041 7084 7083
f 7045 7124 7084
f 7046 7125 7085
f 7047 7126 7086
f 7087 7089 7127
f 7090 7088 7128
f 7129 7090 7130
f 7051 7128 7088
f 7132 7092 7131
f 7093 7094 7054
f 7092 7134 7131
f 7096 7135 7095
f 7137 7056 7097
f 7057 7138 7097
f 7139 7062 7101
f 7104 7101 7064
f 7115 7063 7102
f 7141 7100 7139
f 7105 7104 7065
f 7143 7066 7106
f 7145 7107 7144
f 7107 7147 7146
f 7070 7148 7109
f 7110 7151 7150
f 7077 7152 7117
f 7073 7153 7112
f 7114 7113 7074
f 7114 7116 7155
f 7076 7103 7115
f 7115 7141 7116
f 7078 7156 7118
f 7157 7111 7118
f 7119 7159 7158
f 7159 7081 7121
f 7161 7122 7160
f 7119 7122 7082
f 7083 7124 7163
f 7085 7164 7124
f 7165 7086 7126
f 7166 7087 7127
f 7127 7129 7167
f 7128 7130 7090
f 7130 7169 7129
f 7091 7168 7128
f 7131 7171 7132
f 7134 7133 7173
f 7095 7133 7093
f 7131 7174 7172
f 7175 7136 7176
f 7177 7096 7137
f 7178 7097 7138
f 7140 7139 7101
f 7179 7141 7139
f 7181 7105 7143
f 7106 7182 7143
f 7144 7146 7183
f 7144 7184 7145
f 7186 7147 7187
f 7147 7108 7188
f 7190 7148 7149
f 7110 7191 7149
f 7184 7151 7192
f 7193 7117 7152
f 7112 7194 7152
f 7195 7113 7154
f 7155 7154 7114
f 7116 7180 7155
f 7156 7157 7118
f 7192 7157 7198
f 7159 7199 7158
f 7121 7200 7159
f 7199 7122 7158
f 7202 7160 7201
f 7162 1968 5139
f 7162 7163 7204
f 7163 7164 7204
f 7205 7125 7165
f 7126 7206 7165
f 7207 7127 7167
f 7129 7208 7167
f 7209 7130 7168
f 7210 7170 7211
f 7209 7132 7171
f 7212 7172 7213
f 7134 7214 7174
f 7173 7135 7175
f 7174 7213 7172
f 7176 7216 7175
f 7176 7177 7218
f 7219 7137 7178
f 7142 7179 7140
f 7220 7180 7179
f 7220 7181 7221
f 7143 7222 7181
f 7192 7145 7184
f 7183 7185 7144
f 7186 7183 7146
f 7150 7185 7191
f 7225 7186 7187
f 7227 7147 7188
f 7188 7148 7189
f 7189 7229 7228
f 7149 7230 7190
f 7193 7194 7231
f 7195 7194 7153
f 7154 7233 7195
f 7197 7198 7157
f 7198 7182 7192
f 7235 7200 7236
f 7236 7161 7202
f 7235 7160 7199
f 7201 7237 7202
f 7204 7203 7162
f 7164 7240 7204
f 7206 7205 7165
f 7242 7166 7207
f 7167 7243 7207
f 7210 7208 7169
f 7211 7209 7245
f 7210 7247 7246
f 7245 7171 7212
f 7213 7248 7212
f 7215 7214 7250
f 7175 7214 7173
f 7249 7215 7251
f 7253 7217 7252
f 7218 7217 7176
f 7218 7219 7255
f 7178 2063 7219
f 7221 7196 7220
f 7221 7222 7256
f 7191 7223 7230
f 7224 7223 7183
f 7186 7258 7224
f 7187 7259 7225
f 7225 7260 7226
f 7228 7188 7189
f 7228 7263 7262
f 7265 7230 7264
f 7231 7197 7193
f 7222 7234 7256
f 7235 7267 7266
f 7236 7237 7267
f 7266 7201 7235
f 7269 7203 7240
f 7241 7240 7205
f 7241 7242 7270
f 7207 7271 7242
f 7243 7244 7272
f 7246 7244 7210
f 7247 7245 7274
f 7247 7275 7246
f 7245 7277 7274
f 7279 7249 7278
f 7250 7216 7253
f 7251 7250 7280
f 7278 7251 7281
f 7252 7254 7282
f 7252 7283 7253
f 7255 7254 7218
f 7255 2063 2094
f 7256 7233 7221
f 7264 7223 7257
f 7257 7258 7286
f 7287 7226 7260
f 7262 7227 7228
f 7288 7261 7289
f 7291 7263 7290
f 7292 7229 7265
f 7292 7264 7293
f 7234 7232 7256
f 7295 7266 7267
f 7297 7237 7296
f 7238 7294 7296
f 7239 7298 7268
f 7270 7269 7241
f 7270 7301 7300
f 7302 7243 7272
f 7272 7273 7303
f 7305 7273 7246
f 7274 7276 7247
f 7276 7307 7275
f 7277 7306 7274
f 7248 7309 7277
f 7311 7278 7310
f 7253 7280 7250
f 7281 7280 7312
f 7278 7313 7310
f 7252 7314 7284
f 7315 7254 7285
f 7316 7284 7317
f 2094 7285 7255
f 7293 7257 7286
f 7318 7258 7287
f 7319 7260 7288
f 7320 7262 7291
f 7321 7261 7322
f 7292 7290 7263
f 7291 7325 7324
f 7292 7326 7323
f 7294 7328 7327
f 7296 7329 7297
f 7296 7327 7330
f 7268 7331 7299
f 7300 7298 7270
f 7300 7334 7333
f 7302 7303 7335
f 7334 7271 7302
f 7303 7304 7336
f 7338 7304 7305
f 7306 7308 7276
f 7305 7307 7338
f 7340 7307 7308
f 7309 7339 7306
f 7342 7279 7311
f 7312 7283 7316
f 7313 7343 7310
f 7317 7314 7345
f 7315 7314 7282
f 7285 2157 7315
f 7317 7347 7316
f 7326 7286 7318
f 7287 7349 7318
f 7319 7351 7350
f 7352 7291 7324
f 7321 7320 7352
f 7289 7354 7353
f 7355 7290 7323
f 7324 7357 7356
f 7358 7323 7326
f 7360 7327 7328
f 7329 7295 7297
f 7330 7361 7329
f 7330 7359 7362
f 7363 7299 7331
f 7333 7366 7365
f 7335 7334 7302
f 7336 7335 7303
f 7336 7337 7368
f 7370 7337 7338
f 7371 7308 7339
f 7338 7341 7370
f 7373 7341 7340
f 7342 7371 7339
f 7311 7374 7342
f 7376 7316 7347
f 7310 7377 7375
f 7344 7378 7343
f 7380 7344 7313
f 7382 7314 7346
f 7383 7317 7345
f 2157 7346 7315
f 7348 7384 7347
f 7349 7326 7318
f 7350 7349 7319
f 7350 7388 7387
f 7356 7352 7324
f 7353 7351 7289
f 7321 7389 7354
f 7353 7391 7390
f 7325 7392 7357
f 7355 7393 7392
f 7395 7360 7394
f 7361 7328 7329
f 7361 7397 7396
f 7397 7359 7395
f 7398 7332 7363
f 7400 7365 7401
f 7403 7365 7366
f 7367 7366 7335
f 7336 7404 7367
f 7369 7368 7337
f 7369 7407 7406
f 7340 7408 7373
f 7372 7370 7341
f 7372 7410 7409
f 7371 7411 7408
f 7374 7412 7411
f 7347 7413 7376
f 7414 7375 7377
f 7415 7343 7378
f 7416 7379 7417
f 7379 7381 7418
f 7376 7381 7380
f 7382 2195 2231
f 7419 7345 7382
f 7420 7348 7383
f 7385 7421 7384
f 7358 7386 7393
f 7387 7386 7350
f 7424 7387 7388
f 7389 7427 7426
f 7390 7388 7353
f 7426 7354 7389
f 7390 7429 7428
f 7357 7431 7430
f 7392 7432 7431
f 7394 7361 7396
f 7433 7394 7434
f 7397 7435 7396
f 7395 7436 7397
f 7364 7437 7399
f 7363 7401 7398
f 7401 7402 7439
f 7402 7441 7440
f 7404 7403 7367
f 7442 7368 7405
f 7443 7369 7406
f 7406 7445 7444
f 7447 7408 7446
f 7409 7407 7372
f 7409 7449 7448
f 7408 7450 7446
f 7450 7412 7451
f 7384 7452 7413
f 7377 7453 7414
f 7454 7412 7414
f 7456 7417 7455
f 7457 7379 7418
f 7381 7458 7418
f 7382 2271 7419
f 7459 7383 7419
f 7460 7385 7420
f 7462 7422 7461
f 7393 7423 7432
f 7463 7387 7425
f 7465 7425 7424
f 7466 7426 7427
f 7428 7424 7390
f 7467 7391 7426
f 7468 7429 7469
f 7470 7430 7431
f 7470 7432 7472
f 7396 7434 7394
f 7433 7474 7473
f 7476 7436 7475
f 7475 7433 7473
f 7477 7399 7437
f 7439 7398 7401
f 7439 7440 7478
f 7480 7440 7441
f 7442 7441 7404
f 7481 7405 7443
f 7444 7443 7406
f 7446 7483 7447
f 7445 7448 7485
f 7487 7449 7486
f 7483 7410 7447
f 7488 7446 7450
f 7489 7450 7451
f 7490 7421 7462
f 7453 7454 7414
f 7492 7453 7415
f 7494 7417 7457
f 7492 7416 7456
f 2271 7495 7419
f 7496 7420 7459
f 7460 7461 7422
f 7498 7462 7461
f 7472 7423 7463
f 7500 7425 7464
f 7501 7464 7465
f 7466 7471 7503
f 7505 7467 7466
f 7465 7506 7501
f 7429 7504 7469
f 7508 7469 7507
f 7470 7503 7471
f 7472 7509 7470
f 7474 7435 7476
f 7511 7474 7512
f 7475 7513 7476
f 7475 7511 7514
f 7438 7515 2291
f 7439 7516 7437
f 7440 7517 7478
f 7519 7479 7480
f 7481 7480 7442
f 7443 7520 7481
f 7522 7482 7444
f 7523 7448 7487
f 7486 7483 7524
f 7526 7484 7488
f 7488 7527 7526
f 7499 7490 7462
f 7452 7529 7458
f 7491 7493 7530
f 7494 7533 7532
f 7455 7535 7534
f 7456 7536 7492
f 7496 7497 7460
f 7495 7496 7459
f 7541 7497 7540
f 7498 7541 7542
f 7499 7542 7543
f 7510 7463 7500
f 7500 7502 7544
f 7546 7502 7501
f 7503 7505 7466
f 7548 7504 7505
f 7501 7550 7546
f 7469 7549 7507
f 7506 7508 7550
f 7508 7552 7551
f 7547 7509 7553
f 7553 7510 7554
f 7513 7474 7476
f 7555 7511 7512
f 7514 7557 7513
f 7511 7558 7514
f 7515 2332 2291
f 7516 7515 7477
f 7561 7516 7478
f 7517 7563 7562
f 7563 7518 7564
f 7518 7566 7565
f 7566 7481 7520
f 7520 7521 7567
f 7522 7568 7521
f 7485 7522 7444
f 7487 7570 7523
f 7573 7524 7572
f 7524 7525 7572
f 7525 7575 7574
f 7526 7576 7575
f 7577 7489 7578
f 7580 7490 7528
f 7581 7499 7543
f 7530 7584 7583
f 7491 7585 7582
f 7531 7579 7451
f 7532 7535 7494
f 7532 7529 7580
f 7535 7588 7534
f 7534 7537 7455
f 7592 7537 7591
f 7540 7539 7594
f 7539 7538 7593
f 7540 7595 7541
f 7541 7597 7542
f 7543 7597 7598
f 7500 7554 7510
f 7545 7544 7502
f 7545 7601 7600
f 7505 7602 7548
f 7603 7549 7548
f 7605 7546 7550
f 7507 7604 7552
f 7551 7550 7508
f 7551 7607 7606
f 7608 7547 7553
f 7553 7609 7608
f 7555 7513 7557
f 7556 7611 7610
f 7613 7558 7612
f 7612 7556 7610
f 7515 7615 7559
f 7616 7560 7561
f 7561 7562 7616
f 7518 7617 7564
f 7566 7618 7565
f 7567 7568 7620
f 7619 7567 7621
f 7523 7569 7522
f 7570 7623 7622
f 7572 7624 7573
f 7525 7625 7572
f 7574 7627 7626
f 7627 7576 7628
f 7577 7576 7527
f 7577 7631 7630
f 7578 7579 7632
f 7598 7581 7543
f 7583 7635 7634
f 7584 7536 7636
f 7583 7585 7530
f 7582 7639 7638
f 7586 7641 7640
f 7638 7531 7582
f 7589 7587 7642
f 7580 7587 7532
f 7588 7590 7534
f 7645 7589 7635
f 7591 7590 7646
f 7647 7536 7592
f 7591 7648 7592
f 2467 7593 2410
f 7594 7596 7540
f 7593 7594 7539
f 7653 7596 7652
f 7654 7595 7653
f 7598 7654 7655
f 7554 7599 7609
f 7656 7545 7600
f 7600 7658 7657
f 7548 7659 7603
f 7603 7660 7604
f 7662 7601 7605
f 7607 7604 7660
f 7606 7605 7551
f 7607 7663 7606
f 7665 7602 7608
f 7666 7608 7609
f 7613 7555 7557
f 7667 7611 7668
f 7612 7669 7613
f 7616 7672 7615
f 7562 7673 7616
f 7617 7672 7564
f 7565 7675 7617
f 7677 7619 7621
f 7567 7678 7621
f 7679 7568 7680
f 7622 7569 7570
f 7682 7625 7683
f 7683 7574 7626
f 7685 7627 7684
f 7686 7576 7629
f 7630 7629 7577
f 7630 7689 7688
f 7578 7690 7631
f 7633 7691 7581
f 7655 7633 7598
f 7583 7693 7637
f 7645 7584 7636
f 7585 7694 7639
f 7640 7632 7586
f 7641 7696 7695
f 7642 7643 7691
f 7642 7635 7589
f 7644 7646 7590
f 7644 7645 7698
f 7646 7649 7591
f 7698 7636 7647
f 7592 7700 7647
f 7648 7702 7701
f 7703 2467 2521
f 7652 7651 7704
f 7650 7651 7594
f 7705 7652 7706
f 7708 7654 7653
f 7707 7655 7654
f 7609 7656 7666
f 7600 7709 7656
f 7711 7658 7710
f 7659 7661 7603
f 7661 7713 7660
f 7715 7658 7662
f 7660 7664 7607
f 7662 7663 7715
f 7716 7664 7717
f 7718 7659 7665
f 7719 7665 7666
f 7667 7721 7720
f 7723 7670 7722
f 7725 7614 7677
f 7564 7673 7676
f 7678 7728 7621
f 7680 7730 7679
f 7622 7731 7680
f 7734 7682 7683
f 7736 7624 7682
f 7683 7737 7734
f 7738 7684 7739
f 7741 7628 7686
f 7688 7687 7630
f 7688 7744 7743
f 7689 7690 7745
f 7693 7692 7633
f 7637 7655 7694
f 7707 7639 7694
f 7690 7746 7745
f 7747 7695 7696
f 7699 7697 7749
f 7698 7697 7644
f 7751 7699 7752
f 7647 7750 7698
f 7753 7700 7648
f 7701 7756 7755
f 7753 7701 7757
f 7759 7703 2521
f 7706 7760 7705
f 7708 7696 7707
f 7656 7719 7666
f 7657 7761 7709
f 7763 7710 7762
f 7714 7712 7764
f 7714 7765 7713
f 7762 7715 7767
f 7713 7717 7664
f 7716 7715 7663
f 7717 7768 7716
f 7770 7712 7718
f 7718 7771 7770
f 7667 7772 7722
f 7774 7721 7773
f 7776 7721 7668
f 7722 7777 7723
f 8142 10229 8032
f 7724 7725 7778
f 7728 7725 7677
f 7728 7780 7779
f 7678 7781 7729
f 7679 7782 7781
f 7784 7731 7783
f 7785 7623 7681
f 7736 7735 7787
f 7734 7788 7735
f 7736 7786 7733
f 7734 7791 7789
f 7739 7792 7738
f 7740 7684 7628
f 7738 7737 7685
f 7740 7796 7795
f 7686 7797 7741
f 7798 7742 7799
f 7800 7688 7743
f 7744 7748 7743
f 7744 7689 7745
f 7695 7746 7640
f 7744 7745 7746
f 7743 7747 7760
f 7752 7749 7801
f 7802 7697 7750
f 7752 7803 7751
f 7750 7754 7802
f 7757 7754 7753
f 7755 7807 7806
f 7751 7756 7702
f 7755 7757 7701
f 7704 7758 7706
f 7760 7759 7743
f 7760 7708 7705
f 7709 7771 7719
f 7810 7711 7763
f 7812 7762 7811
f 7764 7766 7714
f 7815 7766 7814
f 7811 7767 7816
f 7769 7765 7815
f 7716 7816 7767
f 7769 7817 7768
f 7770 7813 7764
f 7771 7819 7770
f 7772 7774 7821
f 7773 7775 7822
f 7774 7824 7823
f 7775 7723 7777
f 7777 7821 7825
f 7724 7827 7826
f 7828 7779 7780
f 7729 7830 7780
f 7831 7781 7782
f 7782 7784 7832
f 7783 7834 7833
f 7783 2654 7784
f 7785 7786 7835
f 7835 7732 7785
f 7787 7788 7836
f 7787 7790 7736
f 7788 7839 7838
f 7786 7841 7840
f 7789 7842 7839
f 7738 7842 7791
f 7792 7844 7843
f 7740 7793 7739
f 7741 7845 7796
f 7799 7846 7798
f 7800 7848 7742
f 7809 7800 7743
f 7801 7802 7851
f 7804 7801 7852
f 7853 7804 7854
f 7851 7754 7805
f 7855 7757 7808
f 7806 7808 7755
f 7806 7858 7857
f 7853 7756 7803
f 7820 7761 7810
f 7763 7859 7810
f 7811 7860 7812
f 7814 7813 7862
f 7864 7814 7863
f 7816 7861 7811
f 7815 7818 7769
f 7768 7865 7816
f 7866 7818 7867
f 7862 7819 7868
f 7868 7820 7869
f 7870 7774 7823
f 7773 7871 7824
f 7822 7777 7825
f 7823 7873 7872
f 7821 7874 7825
f 7876 7827 7778
f 7780 7878 7828
f 7876 7828 7879
f 7831 7832 7880
f 7830 7881 7878
f 7832 2654 2703
f 2655 7833 2704
f 7833 7835 7882
f 7786 7883 7835
f 7787 7884 7837
f 7836 7838 7885
f 7886 7790 7837
f 7838 7888 7887
f 7889 7840 7841
f 7891 7842 7892
f 7843 7894 7893
f 7895 7793 7795
f 7843 7892 7792
f 7897 7796 7845
f 7797 7846 7845
f 7900 7847 7899
f 7848 7847 7799
f 7849 7901 7848
f 7849 7850 7903
f 7852 7851 7904
f 7852 7854 7804
f 7906 7853 7854
f 7904 7805 7855
f 7808 7908 7855
f 7857 7856 7806
f 7857 7911 7910
f 7907 7807 7853
f 7810 7869 7820
f 7912 7812 7860
f 7861 7913 7860
f 7863 7862 7915
f 7863 7916 7864
f 7914 7865 7918
f 7864 7867 7818
f 7918 7817 7866
f 7920 7867 7919
f 7868 7915 7862
f 7869 7921 7868
f 7870 7872 7923
f 7924 7824 7871
f 7874 7822 7825
f 7925 7872 7873
f 7927 7870 7923
f 7875 7877 7928
f 7879 7877 7876
f 7878 7879 7828
f 7831 7932 7881
f 7878 7933 7931
f 7882 2704 7833
f 7890 7883 7840
f 7837 7935 7886
f 7936 7836 7885
f 7885 7887 7937
f 7841 7938 7889
f 7887 7940 7939
f 7941 7839 7891
f 7889 7942 7890
f 7843 7944 7896
f 7893 7946 7945
f 7947 7844 7895
f 7895 7898 7947
f 7845 7900 7897
f 7949 7898 7897
f 7901 7899 7847
f 7952 7899 7951
f 7902 7950 7901
f 7903 7902 7849
f 7904 7905 7852
f 7854 7956 7906
f 7958 7907 7906
f 7855 7955 7904
f 7908 7909 7959
f 7909 7910 7960
f 7961 7910 7911
f 7957 7858 7907
f 7922 7859 7912
f 7860 7963 7912
f 7964 7914 7965
f 7915 7917 7863
f 7917 7967 7916
f 7918 7965 7914
f 7919 7916 7967
f 7969 7866 7920
f 7970 7920 7919
f 7966 7921 7972
f 7972 7922 7973
f 7924 7874 7927
f 7974 7873 7924
f 7925 7975 7926
f 7923 7977 7927
f 7980 7929 7875
f 7931 7930 7879
f 7881 7982 7933
f 2757 7983 2807
f 7942 7934 7890
f 7886 7986 7938
f 7987 7884 7936
f 7988 7887 7939
f 7938 7943 7889
f 7991 7939 7940
f 7992 7888 7941
f 7891 7993 7941
f 7942 7996 7995
f 7997 7893 7945
f 7945 7999 7998
f 8000 7894 7947
f 7947 7948 8000
f 7900 7949 7897
f 7948 8002 8001
f 7951 7950 8003
f 8003 7953 8004
f 7953 7954 8005
f 7905 8006 7956
f 7956 7958 7906
f 8009 7957 7958
f 7959 7955 7908
f 7960 7959 7909
f 7960 7962 8011
f 8013 7962 7961
f 8014 7957 8008
f 7912 7973 7922
f 8015 7913 7964
f 7965 8016 7964
f 7966 7968 7917
f 8020 7968 8019
f 8017 7969 8021
f 7970 7967 8020
f 7969 7971 8021
f 8023 7971 7970
f 7972 8018 7966
f 7973 8024 7972
f 7924 7977 7974
f 8026 7925 7974
f 8027 7926 7975
f 7976 8028 7975
f 7929 8031 7978
f 8032 7930 7981
f 7933 8033 7981
f 7983 8034 2807
f 8036 7882 7984
f 7995 7985 7942
f 7986 7987 8038
f 8040 7987 7936
f 7939 8041 7988
f 8042 7990 8043
f 7991 8044 7990
f 8046 7940 7992
f 7993 7992 7941
f 7994 8048 7993
f 8050 7995 7996
f 7997 7998 8052
f 8049 7944 7997
f 8053 7998 7999
f 8055 7946 8000
f 8000 8001 8055
f 7949 8056 8002
f 8058 8002 8057
f 8003 8056 7951
f 8004 8059 8003
f 8005 8004 7953
f 8007 8006 8062
f 7958 8063 8009
f 8009 8064 8008
f 8010 8006 7959
f 8011 8010 7960
f 8011 8012 8067
f 8068 8012 8013
f 8014 8013 7961
f 8008 8070 8014
f 7963 8025 7973
f 7964 8071 8015
f 8073 8017 8072
f 8019 8018 8074
f 8019 8075 8020
f 8021 8072 8017
f 8020 8023 7970
f 8021 8022 8077
f 8022 8079 8078
f 8074 8024 8080
f 8080 8025 8081
f 7974 8027 8026
f 8026 8029 7976
f 7975 8083 8027
f 8085 8029 8084
f 8086 7980 7928
f 5165 8030 8088
f 8089 7978 8031
f 8090 7979 8091
f 7981 8092 8032
f 8035 8037 8093
f 8037 8051 8094
f 8038 8039 8095
f 8096 7986 8038
f 8097 8039 8040
f 7988 8097 8040
f 8042 8099 8041
f 8043 8100 8042
f 8102 7990 8044
f 8103 8045 8104
f 8105 7991 8046
f 8046 8047 8106
f 8048 8047 7993
f 8099 8049 8108
f 7996 8109 8050
f 8050 8110 8051
f 8052 8049 7997
f 8054 8052 7998
f 8112 7999 8055
f 8054 8113 8095
f 8055 8058 8112
f 8002 8059 8057
f 8110 8058 8057
f 8057 8060 8110
f 8060 8061 8094
f 8063 8062 8114
f 8115 8009 8063
f 8117 8065 8116
f 8114 8010 8066
f 8066 8067 8118
f 8119 8012 8069
f 8068 8070 8120
f 8121 8068 8122
f 8120 8064 8117
f 8015 8081 8025
f 8016 8123 8071
f 8072 8124 8073
f 8019 8126 8076
f 8077 8125 8072
f 8075 8079 8023
f 8078 8077 8022
f 8079 8129 8078
f 8131 8074 8080
f 8081 8131 8080
f 8026 8083 8082
f 8084 8082 8133
f 8134 8028 8085
f 8084 8135 8085
f 8086 8136 8087
f 8089 8088 8030
f 8090 8141 8140
f 8087 8091 7979
f 8143 8032 8092
f 8094 8093 8037
f 8051 8060 8094
f 8095 8098 8054
f 8113 8038 8095
f 8108 8098 8097
f 8041 8108 8097
f 8100 8048 8099
f 8101 8107 8100
f 8145 8043 8102
f 8146 8044 8103
f 8147 8104 8148
f 8104 8105 8149
f 8046 8150 8105
f 8106 8107 8144
f 8050 8151 8111
f 8053 8151 8113
f 8058 8151 8112
f 8152 8063 8114
f 8116 8115 8153
f 8116 8154 8117
f 8066 8152 8114
f 8118 8119 8156
f 8157 8069 8121
f 8120 8122 8068
f 8159 8122 8160
f 8117 8158 8120
f 8132 8071 8123
f 8161 8073 8124
f 8163 8125 8162
f 8164 8076 8126
f 8162 8127 8165
f 8128 8130 8079
f 8078 8165 8127
f 8130 8167 8129
f 8126 8169 8164
f 8169 8132 8170
f 8082 8134 8133
f 8135 8134 8085
f 8171 8137 8172
f 8139 8138 8174
f 8140 8089 8090
f 8176 8140 8141
f 8141 8136 8171
f 8179 8143 8178
f 8096 8151 8109
f 8180 8101 8145
f 8181 8103 8147
f 8148 8182 8147
f 8148 8149 8184
f 8105 8185 8149
f 8144 8150 8106
f 8115 8186 8153
f 8187 8116 8153
f 8188 8154 8155
f 8156 8152 8118
f 8190 8119 8157
f 8159 8157 8121
f 8160 8158 8192
f 8159 8194 8193
f 8158 8189 8192
f 8123 8170 8132
f 8195 8124 8163
f 8164 8166 8128
f 8162 8198 8197
f 8168 8166 8199
f 8129 8198 8165
f 8201 8168 8200
f 8164 8202 8196
f 8169 8203 8202
f 8204 8172 8205
f 8172 8173 8206
f 8139 8207 8175
f 8174 8140 8177
f 8143 5172 8178
f 8210 8179 8178
f 8180 8213 8212
f 8215 8146 8181
f 8147 8216 8181
f 8182 8218 8217
f 8219 8148 8184
f 8149 8220 8184
f 8150 8212 8185
f 8153 8221 8187
f 8155 8222 8188
f 8224 8189 8188
f 8190 8186 8156
f 8225 8157 8191
f 8193 8191 8159
f 8192 8194 8160
f 8228 8193 8194
f 8189 8227 8192
f 8161 8203 8170
f 8163 8230 8195
f 8231 8166 8196
f 8233 8198 8232
f 8234 8168 8199
f 8232 8167 8201
f 8200 8235 8201
f 8202 8231 8196
f 8238 8202 8203
f 8205 8239 8204
f 8241 8172 8206
f 8207 8208 8175
f 8243 8174 8177
f 8178 8211 8210
f 8209 8247 8246
f 8212 8251 8250
f 8215 8213 8214
f 8181 8252 8215
f 8182 8253 8216
f 8254 8217 8218
f 8183 8256 8218
f 8184 8257 8219
f 8185 8250 8220
f 8187 8258 8222
f 8188 8259 8224
f 8261 8223 8224
f 8225 8221 8190
f 8225 8226 8262
f 8229 8226 8193
f 8194 8264 8228
f 8266 8229 8228
f 8227 8260 8264
f 8238 8195 8230
f 8233 8230 8197
f 8268 8199 8231
f 8232 8269 8233
f 8236 8234 8271
f 8201 8270 8232
f 8236 8272 8235
f 8231 8274 8268
f 8275 8237 8238
f 8277 8239 8240
f 8205 8278 8240
f 8241 8280 8279
f 8208 8281 8244
f 8207 8282 8242
f 8245 8243 8177
f 3037 8284 5175
f 8176 8276 8245
f 8249 8210 8211
f 8285 8247 8286
f 8279 8209 8246
f 8248 8247 8249
f 8288 8250 8251
f 8251 8252 8288
f 8290 8216 8253
f 8218 8291 8254
f 8292 8255 8254
f 8219 8294 8256
f 8220 8289 8257
f 8295 8222 8258
f 8224 8296 8261
f 8260 8298 8297
f 8262 8258 8225
f 8262 8263 8299
f 8265 8263 8229
f 8228 8301 8266
f 8303 8266 8302
f 8264 8297 8301
f 8238 8267 8275
f 8269 8267 8233
f 8305 8234 8268
f 8270 8306 8269
f 8308 8236 8271
f 8270 8272 8307
f 8309 8273 8310
f 8268 8311 8305
f 8274 8312 8311
f 8240 8313 8277
f 8314 8241 8279
f 8284 8281 8315
f 8316 8242 8282
f 5175 8317 3114
f 8318 8285 8286
f 8279 8285 8320
f 8248 8321 8286
f 5178 8322 8287
f 8324 8289 8288
f 8288 8290 8324
f 8325 8253 8326
f 8254 8327 8292
f 8329 8291 8256
f 8330 8293 8331
f 8333 8293 8292
f 8323 8257 8289
f 8334 8259 8295
f 8335 8261 8296
f 8337 8298 8336
f 8295 8299 8334
f 8263 8338 8299
f 8303 8300 8265
f 8302 8301 8340
f 8302 8341 8303
f 8297 8340 8301
f 8275 8304 8343
f 8306 8304 8269
f 8305 8308 8271
f 8346 8306 8307
f 8309 8307 8272
f 8309 8348 8347
f 8311 8345 8305
f 8311 8350 8349
f 8352 8277 8313
f 8278 8353 8313
f 8355 8314 8279
f 8284 8356 8317
f 8315 8358 8357
f 8316 8283 8351
f 8359 3114 8317
f 8319 8320 8285
f 8318 8361 8319
f 8320 8355 8279
f 8364 8287 8322
f 8323 8367 8366
f 8325 8324 8290
f 8330 8325 8326
f 8292 8369 8333
f 8370 8291 8328
f 8366 8328 8329
f 8331 8368 8330
f 8331 8332 8373
f 8332 8375 8374
f 8366 8294 8323
f 8334 8335 8296
f 8377 8298 8335
f 8336 8378 8337
f 8299 8376 8334
f 8380 8300 8339
f 8303 8381 8339
f 8340 8342 8302
f 8384 8342 8383
f 8382 8337 8378
f 8385 8304 8344
f 8345 8310 8308
f 8344 8386 8385
f 8347 8346 8309
f 8347 8388 8387
f 8349 8348 8345
f 8350 8389 8349
f 8351 8358 8316
f 8313 8391 8352
f 8353 8354 8392
f 8363 8354 8355
f 8394 8317 8356
f 8356 8357 8395
f 8396 8357 8358
f 5179 8398 3192
f 8363 8360 8399
f 8400 8360 8319
f 8362 8402 8361
f 8321 8362 8318
f 8322 8404 8364
f 8366 8406 8371
f 8368 8367 8325
f 8407 8333 8369
f 8408 8327 8370
f 8328 8409 8370
f 8406 8372 8410
f 8373 8372 8331
f 8374 8373 8332
f 8413 8374 8375
f 8377 8376 8415
f 8377 8379 8336
f 8379 8417 8378
f 8415 8338 8380
f 8419 8339 8381
f 8341 8420 8381
f 8383 8382 8421
f 8383 8422 8384
f 8378 8421 8382
f 8385 8312 8343
f 8386 8424 8385
f 8387 8386 8347
f 8427 8388 8426
f 8390 8424 8428
f 8396 8352 8391
f 8392 8429 8353
f 8354 8431 8392
f 8399 8393 8363
f 8433 8356 8395
f 8359 8434 8398
f 8395 8397 8435
f 8437 8397 8396
f 8438 3192 8398
f 8399 8401 8439
f 8401 8441 8440
f 8361 8441 8400
f 8442 8403 8443
f 8403 8364 8404
f 8365 8444 8404
f 8410 8371 8406
f 8407 8408 8446
f 8375 8447 8413
f 8448 8370 8409
f 8410 8411 8449
f 8412 8411 8373
f 8414 8412 8374
f 8453 8414 8413
f 8416 8415 8454
f 8418 8416 8455
f 8456 8418 8457
f 8454 8380 8419
f 8381 8458 8419
f 8459 8384 8422
f 8421 8423 8383
f 8462 8423 8461
f 8460 8417 8456
f 8428 8425 8463
f 8387 8463 8425
f 8464 8388 8389
f 8426 8465 8427
f 8468 8428 8467
f 8391 8437 8396
f 8437 8430 8469
f 8470 8392 8431
f 8471 8393 8432
f 8399 8472 8432
f 8433 8435 8473
f 8474 8394 8433
f 8398 8475 8438
f 8435 8436 8476
f 8477 8437 8469
f 8440 8439 8401
f 8440 8481 8480
f 8441 8442 8481
f 8482 8443 8483
f 8404 8443 8403
f 8405 8484 8444
f 8409 8449 8448
f 8446 8447 8407
f 8446 8448 8487
f 8447 8453 8413
f 8449 8450 8489
f 8451 8450 8412
f 8452 8451 8414
f 8452 8493 8492
f 8454 8455 8416
f 8455 8457 8418
f 8496 8457 8497
f 8419 8494 8454
f 8498 8420 8459
f 8499 8422 8462
f 8461 8460 8500
f 8501 8462 8461
f 8496 8460 8456
f 8503 8428 8463
f 8504 8427 8465
f 8464 8466 8426
f 8466 8506 8465
f 8464 8468 8505
f 8509 8468 8467
f 8430 8510 8469
f 8431 8511 8470
f 8512 8432 8472
f 8472 8479 8513
f 8473 8474 8433
f 8515 8435 8476
f 8474 8475 8434
f 8438 8517 8478
f 8518 8436 8477
f 8469 8519 8477
f 8480 8479 8440
f 8522 8480 8481
f 8524 8442 8482
f 8483 8525 8482
f 8483 8444 8484
f 8445 8527 8484
f 8487 8449 8489
f 8486 8488 8447
f 8487 8486 8446
f 8531 8453 8488
f 8489 8490 8532
f 8491 8490 8451
f 8492 8491 8452
f 8535 8492 8493
f 8494 8495 8455
f 8497 8495 8538
f 8497 8539 8496
f 8537 8458 8498
f 8459 8541 8498
f 8499 8502 8542
f 8543 8461 8500
f 8544 8502 8501
f 8539 8500 8496
f 8503 8509 8467
f 8465 8547 8504
f 8505 8507 8466
f 8549 8507 8550
f 8508 8505 8468
f 8508 8552 8551
f 8553 8470 8511
f 8554 8471 8512
f 8472 8555 8512
f 8521 8513 8479
f 8514 8516 8474
f 8558 8473 8515
f 8476 8559 8515
f 8517 8516 8560
f 8517 8520 8478
f 8477 8562 8518
f 8563 8510 8553
f 8523 8521 8480
f 8567 8523 8522
f 8482 8568 8524
f 8570 8525 8526
f 8484 8526 8483
f 8571 8485 8528
f 8489 8530 8487
f 8574 8529 8573
f 8530 8529 8486
f 8531 8535 8493
f 8532 8533 8577
f 8533 8534 8578
f 8536 8534 8492
f 8535 8580 8536
f 8538 8537 8582
f 8583 8497 8538
f 8540 8584 8539
f 8582 8498 8541
f 8499 8586 8541
f 8542 8545 8587
f 8501 8588 8544
f 8544 8589 8545
f 8539 8588 8543
f 8546 8552 8509
f 8504 8546 8503
f 8592 8506 8549
f 8507 8593 8550
f 8594 8550 8595
f 8551 8548 8508
f 8551 8597 8596
f 8511 8598 8553
f 8599 8512 8555
f 8555 8556 8600
f 8565 8556 8521
f 8515 8602 8558
f 8518 8603 8559
f 8560 8561 8517
f 8561 8564 8520
f 8606 8519 8563
f 8553 8607 8563
f 8566 8565 8523
f 8566 8611 8610
f 8524 8567 8522
f 8568 8569 8612
f 8569 8614 8613
f 8527 8570 8526
f 8615 8528 8572
f 8577 8530 8532
f 8573 8575 8616
f 8573 8617 8574
f 8535 8619 8581
f 8574 8576 8531
f 8578 8577 8533
f 8578 8579 8621
f 8622 8536 8580
f 8624 8581 8623
f 8582 8583 8538
f 8585 8583 8626
f 8627 8585 8628
f 8541 8625 8582
f 8629 8542 8587
f 8545 8630 8587
f 8590 8588 8631
f 8633 8590 8632
f 8631 8584 8627
f 8552 8634 8597
f 8547 8591 8546
f 8635 8549 8594
f 8595 8593 8636
f 8595 8637 8594
f 8596 8593 8551
f 8640 8597 8639
f 8641 8554 8599
f 8555 8642 8599
f 8600 8601 8643
f 8644 8565 8609
f 8558 8645 8557
f 8646 8559 8603
f 8647 8562 8606
f 8604 8605 8561
f 8560 8649 8604
f 8564 8650 8608
f 8563 8651 8606
f 8652 8598 8641
f 5189 8608 8653
f 8610 8609 8566
f 8610 8656 8655
f 8567 8612 8611
f 8613 8612 8569
f 8613 8659 8658
f 8571 8614 8570
f 3441 8615 8572
f 8616 8577 8620
f 8616 8618 8573
f 8662 8618 8663
f 8619 8623 8581
f 8619 8617 8662
f 8578 8665 8620
f 8666 8579 8622
f 8580 8667 8622
f 8623 8668 8624
f 8626 8625 8670
f 8626 8628 8585
f 8628 8672 8627
f 8670 8586 8629
f 8674 8587 8630
f 8675 8589 8633
f 8631 8632 8590
f 8677 8632 8678
f 8627 8676 8631
f 8639 8634 8679
f 8634 8592 8635
f 8681 8635 8594
f 8636 8638 8595
f 8684 8638 8683
f 8682 8596 8640
f 8639 8685 8640
f 8599 8687 8641
f 8688 8600 8643
f 8689 8601 8644
f 8690 8609 8654
f 8691 8603 8647
f 8606 8692 8647
f 8605 8693 8650
f 8649 8648 8604
f 8608 8695 8653
f 8651 8652 8696
f 8641 8697 8652
f 8655 8654 8610
f 8655 8701 8700
f 8611 8657 8656
f 8658 8657 8613
f 8658 8704 8703
f 8660 8614 8615
f 8660 3487 8705
f 8620 8661 8616
f 8661 8663 8618
f 8663 8708 8662
f 8669 8664 8710
f 8662 8664 8619
f 8711 8621 8666
f 8622 8712 8666
f 8713 8624 8668
f 8714 8669 8715
f 8671 8670 8716
f 8717 8628 8671
f 8719 8673 8718
f 8674 8670 8629
f 8630 8720 8674
f 8721 8633 8677
f 8678 8676 8722
f 8677 8724 8723
f 8722 8672 8719
f 8679 8686 8639
f 8635 8679 8634
f 8680 8727 8726
f 8683 8682 8728
f 8637 8727 8681
f 8730 8684 8683
f 8731 8682 8640
f 8686 8732 8685
f 8687 8688 8734
f 8735 8643 8689
f 8644 8736 8689
f 8699 8690 8654
f 8739 8647 8692
f 8692 8696 8740
f 8741 8650 8693
f 8742 8648 8694
f 8649 8743 8694
f 8744 8653 8695
f 8697 8734 8745
f 5192 8698 8746
f 8700 8699 8655
f 8748 8700 8701
f 8656 8702 8701
f 8703 8702 8658
f 8703 8752 8751
f 8705 8659 8660
f 8706 8705 3487
f 8665 8707 8661
f 8709 8707 8754
f 8756 8709 8755
f 8664 8756 8710
f 8710 8715 8669
f 8666 8758 8711
f 8759 8667 8713
f 8760 8668 8714
f 8714 8762 8761
f 8716 8717 8671
f 8718 8717 8764
f 8718 8765 8719
f 8674 8763 8716
f 8767 8675 8721
f 8677 8768 8721
f 8769 8678 8722
f 8723 8771 8770
f 8719 8769 8722
f 8725 8733 8686
f 8679 8726 8725
f 8726 8774 8773
f 8728 8730 8683
f 8774 8684 8729
f 8777 8729 8730
f 8728 8778 8775
f 8731 8732 8778
f 8780 8733 8779
f 8735 8734 8688
f 8689 8782 8735
f 8783 8690 8737
f 8747 8737 8699
f 8785 8692 8740
f 8786 8691 8739
f 8740 8788 8787
f 8741 8742 8789
f 8695 8790 8744
f 8791 8743 8792
f 8793 8698 8744
f 8745 8781 8795
f 8745 8794 8697
f 8749 8747 8700
f 8701 8750 8748
f 8800 8749 8748
f 8751 8750 8703
f 8752 8802 8751
f 8704 8753 8752
f 8706 8804 8753
f 8754 8711 8758
f 8755 8754 8805
f 8807 8755 8806
f 8756 8757 8710
f 8762 8757 8808
f 8809 8712 8759
f 8810 8713 8760
f 8714 8811 8760
f 8813 8761 8762
f 8763 8764 8717
f 8764 8766 8718
f 8816 8766 8817
f 8720 8814 8763
f 8818 8721 8768
f 8768 8770 8819
f 8820 8724 8769
f 8770 8822 8821
f 8765 8820 8769
f 8779 8772 8823
f 8725 8773 8772
f 8824 8774 8825
f 8775 8777 8730
f 8776 8774 8729
f 8776 8828 8827
f 8826 8778 8829
f 8829 8732 8780
f 8831 8780 8779
f 8782 8781 8735
f 8833 8736 8783
f 8834 8737 8784
f 8798 8784 8747
f 8785 8787 8836
f 8837 8739 8785
f 8738 8792 8743
f 8839 8787 8788
f 8789 8790 8741
f 8789 8791 8841
f 8744 8842 8793
f 8792 8841 8791
f 8746 8844 8797
f 8795 8796 8745
f 8832 8795 8781
f 8788 8796 8839
f 8799 8798 8749
f 8748 8801 8800
f 8849 8799 8800
f 8851 8751 8802
f 8852 8803 8853
f 8803 8753 8804
f 8804 3633 8854
f 8758 8805 8754
f 8806 8805 8855
f 8806 8856 8807
f 8856 8757 8807
f 8813 8808 8858
f 8759 8859 8809
f 8860 8760 8811
f 8761 8861 8811
f 8863 8813 8862
f 8815 8814 8864
f 8766 8865 8817
f 8867 8817 8866
f 8864 8767 8818
f 8819 8818 8768
f 8821 8819 8770
f 8771 8870 8822
f 8821 8872 8871
f 8823 8831 8779
f 8823 8773 8824
f 8874 8825 8875
f 8876 8777 8826
f 8875 8776 8827
f 8827 8878 8877
f 8879 8826 8829
f 8829 8830 8879
f 8880 8831 8881
f 8833 8832 8782
f 8883 8783 8834
f 8834 8835 8884
f 8848 8835 8798
f 8785 8886 8837
f 8838 8836 8787
f 8843 8786 8837
f 8888 8838 8839
f 8840 8890 8790
f 8840 8841 8892
f 8893 8793 8842
f 8892 8843 8894
f 8844 8847 8797
f 8839 8845 8888
f 8845 8846 8896
f 8846 8882 8897
f 8850 8848 8799
f 8849 8801 8851
f 8901 8850 8849
f 8902 8802 8852
f 8853 8903 8852
f 8804 8853 8803
f 8809 8855 8805
f 8855 8857 8806
f 8857 8907 8856
f 8858 8856 8907
f 8858 8862 8813
f 8910 8810 8860
f 8811 8911 8860
f 8912 8812 8863
f 8914 8862 8913
f 8864 8865 8815
f 8817 8916 8866
f 8867 8870 8816
f 8866 8918 8867
f 8868 8864 8818
f 8869 8868 8819
f 8871 8869 8821
f 8822 8917 8872
f 8872 8922 8871
f 8873 8881 8831
f 8873 8824 8874
f 8874 8926 8925
f 8927 8828 8876
f 8875 8877 8926
f 8928 8877 8878
f 8876 8930 8927
f 8880 8879 8830
f 8881 8931 8880
f 8833 8933 8882
f 8934 8834 8884
f 8884 8885 8935
f 8885 8899 8936
f 8837 8894 8843
f 8937 8836 8887
f 8887 8889 8938
f 8940 8889 8888
f 8941 8891 8942
f 8892 8891 8840
f 8944 8844 8893
f 8893 8890 8941
f 8894 8943 8892
f 8898 8895 8946
f 8888 8896 8940
f 8897 8933 8947
f 8900 8899 8850
f 8851 8901 8849
f 8950 8900 8901
f 8903 8902 8852
f 8953 8903 8904
f 8854 8904 8853
f 8906 8859 8910
f 8906 8908 8857
f 8907 8958 8957
f 8907 8909 8858
f 8913 8909 8959
f 8860 8960 8910
f 8961 8861 8912
f 8962 8863 8914
f 8964 8914 8913
f 8916 8915 8965
f 8866 8966 8919
f 8867 8967 8917
f 8968 8919 8969
f 8965 8868 8920
f 8921 8920 8869
f 8922 8921 8871
f 8872 8967 8923
f 8972 8922 8923
f 8932 8924 8973
f 8925 8873 8874
f 8974 8925 8926
f 8975 8878 8927
f 8926 8929 8974
f 8977 8929 8928
f 8927 8978 8975
f 8880 8978 8930
f 8932 8979 8931
f 8981 8883 8934
f 8934 8935 8982
f 8935 8936 8983
f 8899 8984 8936
f 8945 8886 8937
f 8937 8938 8985
f 8938 8939 8986
f 8939 8988 8987
f 8943 8942 8891
f 8944 8941 8990
f 8991 8895 8944
f 8989 8945 8992
f 8948 8946 8993
f 8896 8988 8940
f 8933 8995 8947
f 8951 8949 8900
f 8901 8952 8950
f 8950 8998 8951
f 8952 8954 9000
f 8953 8905 8955
f 8954 9002 9001
f 8910 8956 8906
f 9004 8908 8956
f 9005 8958 9006
f 8909 9005 8959
f 8964 8959 9007
f 8911 9008 8960
f 8961 8962 9009
f 8914 9010 8962
f 9011 8963 8964
f 8965 8966 8916
f 8919 9015 9014
f 8968 9016 8972
f 8920 9013 8965
f 8970 8971 9017
f 8972 8967 8968
f 9017 8972 9016
f 8980 8973 9018
f 9019 8973 8974
f 8928 9020 8977
f 8974 8976 9019
f 8976 9022 9021
f 9020 8978 9023
f 9023 8931 8979
f 8979 9025 9024
f 9026 8934 8982
f 8982 8983 9027
f 8936 9028 8983
f 8997 8984 8949
f 8937 8992 8945
f 8986 8985 8938
f 8986 8987 9031
f 8988 9032 8987
f 9034 8989 9035
f 9036 8944 8990
f 8946 9037 8993
f 9035 8992 9038
f 8993 8996 8948
f 9033 8994 9040
f 8947 9040 8994
f 9041 8981 9026
f 8998 8997 8951
f 8950 9000 8999
f 8998 9045 9044
f 9000 9001 9046
f 9002 8955 9003
f 9002 9047 9001
f 8960 9004 8956
f 9006 9004 9049
f 9051 9006 9050
f 8959 9051 9007
f 9007 9011 8964
f 9053 8961 9009
f 9009 9010 9054
f 8963 9055 9010
f 9012 9057 9056
f 9015 9013 9058
f 9015 9059 9014
f 9061 8969 9014
f 9017 9061 9062
f 9063 8980 9018
f 9063 9019 9064
f 9065 8977 9020
f 9021 9019 8976
f 9022 9066 9021
f 9023 9065 9020
f 9023 9024 9068
f 9024 9070 9069
f 8983 9071 9027
f 9072 8984 9029
f 9029 9043 9073
f 8985 9038 8992
f 9031 9030 8986
f 9031 9032 9075
f 9076 9033 9077
f 9078 9034 9035
f 8991 9080 9037
f 9039 9037 9081
f 9035 9082 9078
f 9042 9039 9083
f 9077 9040 9084
f 9084 8995 9041
f 9026 9085 9041
f 9042 3881 3834
f 9043 9044 9087
f 9046 8999 9000
f 9044 9089 9088
f 9046 9047 9090
f 9048 9003 3882
f 9091 9048 9092
f 9004 9053 9049
f 9093 9006 9049
f 9095 9051 9050
f 9051 9052 9007
f 9052 9057 9011
f 9009 9097 9053
f 9098 9010 9055
f 9099 9012 9056
f 9101 9057 9100
f 9017 9058 9013
f 9102 9015 9058
f 9103 9060 9104
f 9105 9061 9014
f 9062 9106 9107
f 9108 9025 9063
f 9064 9109 9063
f 9111 9022 9065
f 9021 9110 9064
f 9066 9113 9112
f 9065 9114 9111
f 9069 9068 9024
f 9069 9116 9115
f 9071 9085 9027
f 9118 9028 9072
f 9072 9073 9119
f 9073 9087 9120
f 9030 9082 9038
f 9075 9074 9031
f 9122 9032 9076
f 9077 9123 9076
f 9079 9036 9034
f 9078 9125 9079
f 9037 9127 9081
f 9081 9083 9039
f 9078 9129 9126
f 9083 9086 9042
f 9124 9084 9131
f 9131 9041 9085
f 3881 9132 3927
f 9088 9087 9044
f 9090 9045 9046
f 9088 9135 9134
f 9047 9136 9090
f 3928 9048 3882
f 9053 9093 9049
f 9050 9137 9095
f 9095 9138 9094
f 9096 9094 9138
f 9100 9096 9140
f 9141 9054 9098
f 9055 9142 9098
f 9056 9143 9099
f 9144 9100 9145
f 9107 9058 9062
f 9146 9060 9102
f 9104 9147 9103
f 9059 9149 9105
f 9149 9106 9105
f 9150 9107 9106
f 9152 9070 9108
f 9154 9110 9153
f 9155 9067 9111
f 9153 9066 9112
f 9113 9156 9112
f 9111 9158 9155
f 9115 9114 9069
f 9115 9160 9159
f 9131 9117 9161
f 9118 9117 9071
f 9119 9118 9072
f 9120 9119 9073
f 9120 9133 9164
f 9129 9074 9121
f 9165 9075 9122
f 9076 9166 9122
f 9124 9167 9123
f 9125 9080 9079
f 9126 9169 9125
f 9127 9128 9081
f 9128 9130 9083
f 9170 9129 9173
f 9174 9086 9130
f 9131 9168 9124
f 3927 9175 3973
f 9134 9133 9088
f 9090 9135 9089
f 9134 9178 9177
f 9091 9179 9136
f 5197 9092 3928
f 9097 9137 9093
f 9137 9139 9095
f 9139 9183 9138
f 9140 9138 9183
f 9185 9100 9140
f 9098 9186 9141
f 9142 9143 9187
f 9144 9143 9101
f 9145 9189 9144
f 9107 9191 9102
f 9192 9104 9146
f 9149 9147 9193
f 9195 9148 9194
f 9193 9150 9149
f 9196 9151 9150
f 9152 9109 9154
f 9160 9152 9198
f 9153 9199 9154
f 9201 9113 9155
f 9112 9200 9153
f 9159 9158 9115
f 9160 9203 9159
f 9162 9161 9117
f 9164 9163 9120
f 9164 9176 9207
f 9173 9121 9165
f 9208 9122 9166
f 9123 9209 9166
f 9167 9161 9210
f 9125 9171 9127
f 9170 9211 9169
f 9171 9172 9128
f 9174 9172 9214
f 9212 9173 9215
f 9175 9174 9216
f 9217 3973 9175
f 9177 9176 9134
f 9178 9136 9179
f 9178 9219 9177
f 9179 9222 9221
f 9182 9141 9186
f 9184 9182 9225
f 9226 9184 9227
f 9185 9183 9226
f 9185 9190 9145
f 9229 9142 9187
f 9188 9187 9143
f 9189 9188 9144
f 9189 9233 9232
f 9234 9151 9197
f 9235 9148 9192
f 9191 9192 9146
f 9147 9236 9193
f 9195 9238 9237
f 9236 9196 9193
f 9197 9239 9240
f 9160 9241 9204
f 9199 9198 9154
f 9200 9242 9199
f 9244 9157 9201
f 9156 9243 9200
f 9159 9244 9202
f 9247 9203 9204
f 9205 9210 9161
f 9250 9163 9206
f 9207 9206 9164
f 9176 9252 9207
f 9215 9165 9208
f 9166 9253 9208
f 9254 9167 9210
f 9169 9213 9171
f 9255 9212 9256
f 9213 9214 9172
f 9216 9214 9258
f 9215 9256 9212
f 9260 9175 9216
f 9177 9262 9218
f 9179 9220 9178
f 9263 9220 9264
f 9265 9222 9224
f 9222 9223 9224
f 9229 9182 9186
f 9266 9184 9225
f 9268 9227 9267
f 9185 9268 9228
f 9190 9269 9233
f 9187 9270 9229
f 9271 9188 9231
f 9231 9232 9272
f 9232 9274 9273
f 9240 9234 9197
f 9194 9276 9238
f 9234 9235 9192
f 9277 9195 9237
f 9237 9279 9278
f 9280 9236 9277
f 9240 9280 9281
f 9247 9241 9282
f 9241 9242 9282
f 9284 9243 9283
f 9245 9286 9285
f 9203 9286 9244
f 9287 9247 9288
f 9210 9289 9254
f 9250 9251 9290
f 9248 9250 9289
f 9207 9291 9251
f 9208 9259 9215
f 9292 9209 9254
f 9257 9211 9255
f 9256 9293 9255
f 9258 9257 9295
f 9260 9258 9296
f 9297 9256 9259
f 9298 9217 9260
f 9300 9219 9263
f 9263 9302 9301
f 9266 9229 9270
f 9303 9227 9266
f 9305 9268 9267
f 9228 9304 9269
f 9233 9306 9274
f 9307 9230 9271
f 9271 9272 9308
f 9273 9272 9232
f 9311 9274 9310
f 9312 9240 9281
f 9279 9276 9313
f 9276 9275 9312
f 9237 9314 9277
f 9316 9278 9279
f 9277 9317 9280
f 9280 9318 9281
f 9282 9288 9247
f 9242 9319 9282
f 9285 9283 9243
f 9322 9283 9321
f 9285 9323 9320
f 9323 9246 9287
f 9288 9324 9287
f 9254 9326 9292
f 9289 9290 9326
f 9251 9327 9290
f 9328 9291 9252
f 9297 9292 9330
f 9255 9295 9257
f 9294 9331 9293
f 9295 9296 9258
f 9296 9298 9260
f 9330 9294 9297
f 9261 9335 9299
f 9337 9300 9338
f 9263 9339 9300
f 9302 9340 9301
f 9270 9303 9266
f 9303 9305 9267
f 9344 9304 9305
f 9345 9269 9304
f 9310 9306 9346
f 9308 9307 9271
f 9272 9348 9308
f 9311 9309 9273
f 9310 9350 9311
f 9352 9281 9318
f 9313 9312 9352
f 9313 9316 9279
f 9315 9314 9278
f 9315 9356 9355
f 9357 9314 9354
f 9358 9317 9357
f 9319 9325 9288
f 9359 9284 9322
f 9360 9283 9320
f 9321 9361 9322
f 9320 9363 9360
f 9287 9363 9323
f 9364 9325 9365
f 9292 9366 9330
f 9367 9291 9329
f 9329 9337 9368
f 9293 9333 9295
f 9332 9369 9331
f 9296 9371 9334
f 9372 9298 9334
f 9330 9370 9332
f 9299 9373 9336
f 9300 9375 9338
f 9368 9338 9376
f 9341 9301 9340
f 9342 9341 4143
f 9343 9307 9347
f 9305 9378 9344
f 9345 9380 9379
f 9346 9345 9379
f 9346 9351 9310
f 9348 9347 9308
f 9348 9349 9383
f 9384 9311 9350
f 9385 9351 9386
f 9318 9387 9352
f 9352 9353 9313
f 9388 9316 9353
f 9389 9315 9355
f 9355 9391 9390
f 9354 9392 9357
f 9357 9393 9358
f 9359 9365 9325
f 9322 9394 9359
f 9395 9321 9360
f 9362 9396 9361
f 9360 9398 9395
f 9398 9324 9364
f 9364 9400 9399
f 9367 9368 9402
f 9403 9327 9367
f 9331 9371 9333
f 9404 9370 9403
f 9371 9372 9334
f 9406 9335 9372
f 9403 9366 9401
f 9407 9336 9373
f 9375 9376 9338
f 9377 9339 9341
f 9376 9402 9368
f 9374 9377 9342
f 9382 9343 9347
f 9410 9344 9378
f 9379 9412 9411
f 9379 9381 9346
f 9381 9386 9351
f 9348 9414 9382
f 9384 9383 9349
f 9350 9416 9384
f 9386 9417 9385
f 9393 9387 9358
f 9353 9419 9388
f 9420 9356 9388
f 9421 9355 9390
f 9423 9391 9422
f 9424 9389 9421
f 9425 9392 9424
f 9365 9426 9400
f 9396 9394 9361
f 9397 9395 9427
f 9397 9428 9396
f 9427 9398 9430
f 9398 9399 9430
f 9399 9432 9431
f 9402 9403 9367
f 9369 9405 9371
f 9406 9405 9409
f 9373 9408 9407
f 9406 9376 9408
f 9407 9375 9377
f 9404 9409 9405
f 9378 9414 9410
f 9433 9380 9410
f 9411 9435 9434
f 9411 9413 9381
f 9413 9418 9386
f 9414 9415 9437
f 9384 9438 9415
f 9439 9385 9417
f 9418 9440 9417
f 9425 9419 9393
f 9388 9442 9420
f 9391 9443 9422
f 9390 9444 9421
f 9446 9422 9445
f 9421 9447 9424
f 9424 9448 9425
f 9400 9449 9432
f 9428 9426 9396
f 9429 9427 9450
f 9451 9429 9452
f 9427 9453 9450
f 9431 9430 9399
f 9431 9455 9454
f 9414 9433 9410
f 9412 9456 9435
f 9457 9434 9435
f 9458 9413 9434
f 9418 9459 9441
f 9437 9438 9460
f 9461 9416 9439
f 9417 9462 9439
f 9463 9440 9441
f 9466 9442 9425
f 9443 9442 9465
f 9445 9443 9467
f 9468 9423 9446
f 9470 9446 9445
f 9471 9444 9468
f 9447 9472 9448
f 9449 9455 9432
f 9473 9428 9451
f 9450 9452 9429
f 9476 9452 9475
f 9454 9453 9431
f 9478 9455 9477
f 9460 9433 9437
f 9435 9479 9457
f 9481 9458 9457
f 9480 9436 9458
f 9463 9459 9482
f 9461 9460 9438
f 9439 9484 9461
f 9462 9464 9485
f 9464 9487 9486
f 9465 9489 9488
f 9465 9467 9443
f 9467 9470 9445
f 9468 9469 9491
f 9493 9469 9470
f 9491 9471 9468
f 9472 9466 9448
f 9472 9494 9495
f 9477 9473 9496
f 9496 9451 9476
f 9475 9474 9497
f 9498 9475 9499
f 9497 9454 9478
f 9501 9477 9500
f 9483 9456 9460
f 9457 9502 9481
f 9503 9481 9504
f 9482 9480 9503
f 9482 9487 9463
f 9461 9506 9483
f 9484 9485 9507
f 9486 9485 9464
f 9486 9510 9509
f 9511 9489 9512
f 9490 9488 9511
f 9470 9513 9493
f 9491 9492 9514
f 9492 9516 9515
f 9514 9494 9491
f 9489 9495 9512
f 9495 9517 9518
f 9500 9496 9519
f 9519 9476 9498
f 9497 9499 9475
f 9499 9521 9498
f 9478 9520 9497
f 9524 9501 9500
f 9483 9502 9479
f 9525 9481 9502
f 9504 9526 9503
f 9503 9505 9482
f 9505 9510 9487
f 9506 9507 9529
f 9507 9508 9530
f 9509 9508 9486
f 9532 9510 9533
f 9534 9511 9512
f 9535 9490 9511
f 9536 9513 9537
f 9514 9515 9538
f 9515 9540 9539
f 9514 9541 9517
f 9512 9518 9534
f 9518 9541 9542
f 9500 9543 9524
f 9498 9543 9519
f 9522 9520 9544
f 9522 9545 9521
f 9501 9544 9520
f 9523 9548 9547
f 9502 9529 9525
f 9525 9527 9504
f 9527 9550 9526
f 9526 9528 9505
f 9533 9528 9552
f 9529 9530 9553
f 9530 9531 9554
f 9532 9531 9509
f 9532 9556 9555
f 9558 9535 9534
f 9537 9535 9557
f 9536 9560 9559
f 9515 9561 9538
f 9563 9539 9540
f 9559 9516 9536
f 9561 9541 9538
f 9534 9542 9558
f 9564 9542 9541
f 9566 9524 9543
f 9521 9566 9543
f 9544 9546 9522
f 9568 9545 9546
f 9547 9544 9523
f 9571 9547 9548
f 9525 9553 9549
f 9549 9551 9527
f 9574 9551 9573
f 9528 9574 9552
f 9552 9556 9533
f 9554 9553 9530
f 9554 9555 9577
f 9577 9556 9578
f 9558 9579 9557
f 9579 9537 9557
f 9581 9559 9560
f 9561 9562 9583
f 9584 9563 9585
f 9582 9540 9559
f 9564 9583 9586
f 9565 9558 9542
f 9565 9586 9587
f 9588 9548 9566
f 9566 9569 9588
f 9546 9589 9568
f 9569 9591 9590
f 9570 9567 9547
f 9593 9571 9592
f 9549 9576 9572
f 9573 9572 9594
f 9574 9575 9552
f 9595 9556 9575
f 9577 9597 9596
f 9598 9580 9599
f 9581 9579 9598
f 9600 9581 9601
f 9602 9562 9584
f 9585 9603 9584
f 9585 9582 9600
f 9605 9583 9602
f 9599 9565 9587
f 9586 9606 9587
f 9571 9607 9592
f 9590 9588 9569
f 9608 9568 9589
f 9591 9609 9590
f 9589 9593 9608
f 9612 9576 9611
f 9594 9575 9573
f 9594 9612 9613
f 9578 9614 9597
f 9615 9596 9597
f 9611 9577 9596
f 9617 9598 9599
f 9581 9618 9601
f 9620 9601 9619
f 9584 9621 9602
f 9623 9604 9622
f 9600 9604 9585
f 9624 9602 9621
f 9606 9599 9587
f 9624 9606 9605
f 9590 9626 9607
f 9627 9610 9628
f 9611 9630 9612
f 9614 9594 9613
f 9632 9612 9630
f 9597 9633 9615
f 9611 9616 9631
f 9635 9616 9615
f 9637 9618 9617
f 9601 9636 9619
f 9619 9638 9620
f 9621 9623 9640
f 9622 9620 9638
f 9641 9623 9622
f 9624 9640 9643
f 9617 9625 9637
f 9643 9625 9624
f 9627 9647 9646
f 9629 9628 9610
f 9649 9630 9631
f 9632 9614 9613
f 9632 9650 9651
f 9633 9635 9615
f 9634 9631 9616
f 9653 9634 9635
f 9655 9636 9637
f 9638 9657 9656
f 9640 9642 9658
f 9656 9622 9638
f 9659 9642 9641
f 9643 9658 9661
f 9644 9637 9625
f 9662 9643 9661
f 9663 9646 9664
f 9666 9646 9647
f 9668 9628 9648
f 9670 9650 9649
f 9632 9652 9633
f 9650 9671 9651
f 9653 9652 9672
f 9654 9649 9634
f 9674 9654 9653
f 9675 9639 9655
f 9656 9677 9676
f 9660 9658 9642
f 9676 9641 9656
f 9679 9658 9678
f 9662 9655 9644
f 9661 9680 9662
f 9663 9648 9645
f 9663 9626 9627
f 9664 9681 9663
f 9664 9665 9683
f 9665 9685 9684
f 9667 9687 9686
f 9670 9688 9669
f 9651 9672 9652
f 9690 9669 9688
f 9653 9691 9674
f 9673 9670 9654
f 9673 9693 9692
f 9657 9694 9677
f 9677 9695 9676
f 9697 9660 9698
f 9659 9695 9698
f 9699 9678 9697
f 9662 9694 9675
f 9679 9700 9680
f 9682 9668 9681
f 9664 9701 9682
f 9702 9665 9684
f 9684 9704 9703
f 9706 9666 9705
f 9687 9707 9686
f 9688 9709 9708
f 9691 9671 9690
f 9710 9688 9708
f 9674 9711 9693
f 9692 9689 9673
f 9694 9696 9677
f 9713 9695 9696
f 9697 9716 9715
f 9698 9714 9716
f 9715 9699 9697
f 9680 9712 9694
f 9717 9700 9699
f 9687 9701 9705
f 9719 9683 9702
f 9703 9702 9684
f 9704 9721 9703
f 9705 9719 9706
f 9708 9724 9723
f 9725 9691 9690
f 9726 9708 9723
f 9711 9727 9693
f 9729 9709 9692
f 9713 9712 9730
f 9716 9731 9715
f 9731 9717 9715
f 9700 9730 9712
f 9733 9718 9717
f 9720 9719 9702
f 9720 9721 9736
f 9721 9737 9736
f 9719 9739 9706
f 9741 9724 9740
f 9742 9711 9725
f 9743 9723 9741
f 9742 9710 9726
f 9745 9728 9744
f 9724 9746 9740
f 9730 9747 9713
f 9748 9732 9749
f 9748 9733 9731
f 9734 9750 9751
f 9736 9735 9720
f 9737 9738 9752
f 9753 9741 9740
f 9744 9742 9755
f 9726 9755 9742
f 9754 9743 9741
f 9758 9744 9757
f 9740 9759 9753
f 9751 9747 9734
f 9748 9762 9761
f 9749 9747 9760
f 9763 9748 9761
f 9751 9763 9764
f 9766 9754 9753
f 9767 9744 9755
f 9767 9743 9756
f 9756 9765 9768
f 9745 9770 9769
f 9772 9758 9757
f 9753 9773 9766
f 9769 9759 9746
f 9751 9774 9760
f 9762 9775 9761
f 9760 9762 9749
f 9761 9777 9763
f 9778 9763 9777
f 9766 9779 9765
f 9781 9757 9767
f 9767 9768 9781
f 9768 9779 9782
f 9758 9783 9770
f 9771 9785 9784
f 9773 9780 9766
f 9759 9783 9773
f 9787 9764 9778
f 9788 9775 9776
f 9776 9774 9787
f 9789 9777 9775
f 9778 9790 9791
f 9792 9780 9793
f 9794 9772 9781
f 9781 9782 9794
f 9795 9779 9792
f 9784 9783 9771
f 9785 9797 9784
f 9786 9793 9780
f 9773 9796 9786
f 9791 9787 9778
f 9800 9776 9787
f 9802 9789 9788
f 9803 9789 9801
f 9804 9790 9803
f 9806 9793 9805
f 9807 9785 9794
f 9795 9794 9782
f 9792 9808 9795
f 9784 9809 9796
f 9811 9798 9810
f 9805 9799 9812
f 9796 9799 9786
f 9800 9804 9813
f 9813 9788 9800
f 9814 9801 9802
f 9803 9815 9816
f 9816 9804 9803
f 9819 9805 9818
f 9798 9820 9810
f 9808 9807 9795
f 9821 9806 9819
f 9797 9822 9809
f 9824 9810 9823
f 9812 9809 9822
f 9818 9812 9825
f 9826 9804 9817
f 9826 9802 9813
f 9827 9814 9828
f 9816 9827 9829
f 9817 9829 9830
f 9832 9818 9831
f 9823 9820 9833
f 9833 9808 9821
f 9819 9834 9821
f 9835 9811 9824
f 9823 9836 9824
f 9825 9822 9835
f 9831 9825 9838
f 9817 9839 9826
f 9826 9828 9814
f 9840 9828 9841
f 9842 9827 9840
f 9829 9843 9830
f 9831 9844 9832
f 9833 9837 9823
f 9846 9821 9834
f 9844 9834 9832
f 9824 9848 9835
f 9837 9849 9836
f 9835 9838 9825
f 9838 9845 9831
f 9852 9830 9843
f 9841 9839 9852
f 9840 9854 9853
f 9842 9853 9855
f 9856 9842 9855
f 9844 9858 9857
f 9850 9846 9859
f 9859 9834 9847
f 9857 9847 9844
f 9861 9836 9849
f 9863 9850 9862
f 9851 9848 9861
f 9864 9845 9851
f 9852 9856 9865
f 9865 9841 9852
f 9853 9867 9866
f 9855 9866 9868
f 9856 9868 9869
f 9870 9857 9858
f 9859 9862 9850
f 9847 9872 9859
f 9873 9857 9871
f 9874 9849 9863
f 9876 9863 9862
f 9864 9861 9874
f 9858 9877 9870
f 9878 9856 9869
f 9878 9854 9865
f 9866 9880 9879
f 9882 9871 9870
f 9876 9872 9883
f 9883 9860 9873
f 9881 9873 9871
f 9874 9875 9885
f 9886 9875 9876
f 9864 9885 9877
f 9870 9888 9882
f 9890 9869 9889
f 9880 9878 9890
f 9892 9879 9880
f 9882 9893 9881
f 9895 9876 9883
f 9883 9884 9895
f 9893 9884 9881
f 9885 9887 9897
f 9899 9886 9898
f 9877 9897 9888
f 9888 9894 9882
f 9889 9901 9890
f 9879 9902 9889
f 9880 9903 9892
f 9894 9905 9893
f 9898 9895 9907
f 9895 9896 9907
f 9908 9893 9905
f 9897 9899 9909
f 9910 9898 9911
f 9888 9909 9900
f 9900 9906 9894
f 9890 9903 9904
f 9902 9914 9913
f 9915 9903 9916
f 9917 9906 9918
f 9907 9911 9898
f 9908 9907 9896
f 9908 9921 9920
f 9922 9899 9910
f 9924 9911 9923
f 9912 9909 9922
f 9918 9912 9925
f 9903 9926 9916
f 9914 9927 9913
f 9915 9930 9929
f 9918 9931 9917
f 9923 9919 9933
f 9933 9908 9920
f 9921 9934 9920
f 9922 9924 9936
f 9923 9937 9924
f 9922 9925 9912
f 9925 9932 9918
f 9930 9926 9940
f 9940 9927 9941
f 9943 9928 9942
f 9929 9928 9914
f 9929 9945 9944
f 9917 9935 9921
f 9946 9932 9947
f 9933 9938 9923
f 9920 9948 9933
f 9949 9934 9935
f 9951 9924 9937
f 9952 9938 9953
f 9939 9936 9951
f 9947 9939 9954
f 9941 9930 9940
f 9943 9941 9927
f 9942 9944 9956
f 9942 9957 9943
f 9956 9945 9959
f 9935 9946 9949
f 9960 9947 9961
f 9953 9948 9962
f 9962 9934 9950
f 9964 9950 9949
f 9965 9937 9952
f 9953 9966 9952
f 9951 9954 9939
f 9954 9961 9947
f 9955 9945 9941
f 9957 9955 9943
f 9956 9958 9942
f 9957 9972 9971
f 9964 9946 9960
f 9960 9974 9973
f 9962 9967 9953
f 9950 9975 9962
f 9964 9976 9963
f 9952 9978 9965
f 9980 9966 9967
f 9968 9965 9978
f 9961 9981 9974
f 9956 9969 9970
f 9971 9969 9957
f 9983 9958 9970
f 9972 9984 9971
f 9960 9977 9964
f 9973 9987 9986
f 9967 9988 9980
f 9963 9988 9975
f 9990 9977 9989
f 9979 9978 9966
f 9992 9980 9993
f 9968 9991 9981
f 9974 9994 9987
f 9983 9969 9982
f 9971 9995 9982
f 9996 9972 9983
f 9985 9997 9984
f 9973 9989 9977
f 10000 9987 9999
f 9993 9988 10001
f 9976 10001 9988
f 9989 10002 9990
f 9992 9991 9979
f 9993 10005 9992
f 9981 10004 9994
f 9999 9994 10007
f 9983 9995 9996
f 10008 9984 9997
f 10009 9985 9996
f 9998 10010 9997
f 9989 10000 10003
f 10000 10013 10012
f 10006 10001 10014
f 10014 9990 10002
f 10002 10016 10015
f 10005 10004 9992
f 10006 10018 10005
f 10004 10007 9994
f 10007 10013 9999
f 9995 10009 9996
f 10008 10010 10021
f 10009 10011 9998
f 10023 10011 10024
f 10012 10003 10000
f 10013 10025 10012
f 10006 10027 10019
f 10027 10002 10015
f 10015 10029 10028
f 10005 10030 10017
f 10031 10019 10032
f 10017 10020 10007
f 10026 10020 10033
f 10008 10022 10009
f 10023 10021 10010
f 10035 10011 10022
f 10023 10036 10034
f 10012 10029 10016
f 10037 10019 10027
f 10037 10015 10028
f 10028 10039 10038
f 10040 10018 10031
f 10031 10042 10041
f 10033 10030 10040
f 10039 10025 10043
f 10044 10032 10037
f 10038 10037 10028
f 10038 10046 10045
f 10031 10047 10040
f 10049 10042 10048
f 10050 10040 10047
f 10052 10039 10043
f 10048 10044 10045
f 10045 10054 10053
f 10055 10041 10049
f 10056 10047 10055
f 10056 10043 10050
f 10057 10046 10052
f 10048 10053 10058
f 10060 10054 10059
f 10061 10055 10062
f 10061 10052 10056
f 10059 10057 10063
f 10064 10053 10060
f 10059 10065 10060
f 10061 10068 10067
f 10067 10057 10061
f 10063 10066 10059
f 10064 10062 10058
f 10060 10070 10064
f 10071 10066 10072
f 10074 10068 10073
f 10067 10069 10063
f 10066 10075 10072
f 10064 10073 10068
f 10076 10065 10071
f 10071 10078 10077
f 10079 10074 10073
f 10080 10069 10074
f 10078 10075 10081
f 10079 10070 10076
f 10077 10076 10071
f 10083 10078 10084
f 10079 10085 10080
f 10081 10080 10085
f 10078 10087 10084
f 10079 10082 10086
f 10088 10077 10083
f 10086 10089 10085
f 10081 10089 10087
f 10092 10084 10087
f 10088 10086 10082
f 10083 10093 10088
f 10095 10089 10090
f 10087 10094 10092
f 10091 10097 10096
f 10090 10093 10095
f 10091 10098 10093
f 10099 10094 10095
f 10092 10100 10097
f 10096 10102 10101
f 10099 10093 10098
f 10101 10098 10096
f 10105 10099 10104
f 10105 10097 10100
f 10107 10102 10106
f 10099 10103 10104
f 10108 10101 10107
f 10110 10105 10104
f 10102 10109 10106
f 10112 10106 10111
f 10110 10103 10108
f 10113 10107 10112
f 10110 10114 10109
f 10111 10109 10114
f 10111 10116 10112
f 10113 10110 10108
f 10113 10116 10118
f 10119 10115 10120
f 10111 10119 10117
f 10116 10122 10121
f 10118 10115 10113
f 10121 10118 10116
f 10124 10119 10120
f 10125 10117 10119
f 10121 10127 10126
f 10120 10123 10124
f 10121 10128 10123
f 10124 10129 10125
f 10129 10122 10125
f 10131 10126 10127
f 10123 10130 10124
f 10132 10128 10126
f 10130 10134 10129
f 10127 10134 10131
f 10131 10136 10132
f 10135 10128 10133
f 10132 10138 10133
f 10140 10134 10135
f 10131 10139 10137
f 10142 10136 10137
f 10135 10138 10140
f 10136 10143 10138
f 10139 10145 10144
f 10144 10137 10139
f 10147 10142 10146
f 10138 10145 10140
f 10148 10141 10147
f 10144 10150 10149
f 10149 10142 10144
f 10151 10147 10146
f 10148 10145 10143
f 10147 10153 10148
f 10149 10155 10154
f 10146 10154 10151
f 10157 10152 10151
f 10153 10150 10148
f 10153 10156 10158
f 10154 10160 10159
f 10151 10159 10157
f 10156 10162 10161
f 10160 10153 10158
f 10158 10161 10163
f 10164 10159 10160
f 10159 10162 10157
f 10161 10167 10166
f 10163 10160 10158
f 10167 10165 10168
f 10170 10167 10169
f 10172 10164 10163
f 10167 10173 10169
f 10166 10172 10163
f 10175 10172 10174
f 10169 10177 10176
f 10174 10170 10178
f 10175 10173 10171
f 10174 10179 10175
f 10177 10181 10176
f 10178 10180 10174
f 10179 10177 10175
f 10179 10185 10184
f 10176 10183 10178
f 10181 10187 10186
f 10180 10186 10185
f 10184 10182 10179
f 10184 10189 10188
f 10190 10186 10187
f 10186 10192 10185
f 10188 10187 10184
f 10189 10193 10188
f 10190 10195 10191
f 10192 10195 10197
f 10193 10190 10188
f 10199 10194 10198
f 10192 10194 10189
f 10200 10195 10196
f 10195 10202 10197
f 10200 10193 10199
f 10198 10197 10202
f 10198 10203 10199
f 10200 10205 10201
f 10207 10201 10205
f 10199 10206 10200
f 10204 10202 10207
f 10204 10208 10203
f 10210 10206 10211
f 10207 10210 10212
f 10203 10211 10206
f 10212 10204 10207
f 10213 10208 10209
f 10211 10215 10210
f 10218 10212 10210
f 10208 10216 10211
f 10209 10217 10213
f 10220 10214 10213
f 10221 10216 10222
f 10217 10224 10223
f 10223 10213 10217
f 10226 10219 10225
f 10219 10227 10225
f 10228 10224 10222
f 10222 10224 10221
f 10222 10226 10225
f 10221 10218 10215
f 10227 10224 10228
f 10222 10227 10228
f 5219 5223 5220
f 5227 5237 5267
f 5236 5249 5248
f 5300 5328 5326
f 5339 5340 5368
f 5376 5408 5407
f 5510 5550 5511
f 5657 5694 5732
f 5642 5679 5756
f 5692 5693 5770
f 5655 5661 5698
f 5666 5700 5742
f 5722 5805 5807
f 5697 5734 5728
f 5749 5814 5815
f 5764 5765 5842
f 5724 5801 5765
f 5755 5798 5797
f 5757 5845 5799
f 5823 5779 5736
f 5811 5859 5818
f 5844 5800 5846
f 5847 5848 5890
f 5822 5864 5867
f 5920 5868 5825
f 5838 5882 5881
f 5902 5911 5947
f 5886 5929 5928
f 5891 5983 5936
f 6027 5939 5938
f 5899 5944 5943
f 5907 5948 5952
f 5956 5957 6050
f 5938 5982 6035
f 5911 6004 6045
f 6133 6129 6075
f 6087 6088 6204
f 6052 6106 6164
f 6069 6126 6125
f 6248 6135 6079
f 6080 6138 6193
f 6143 6201 6255
f 6097 6157 6154
f 6153 6212 6332
f 6098 6171 6155
f 6156 6272 6157
f 6169 6170 6284
f 6114 6228 6173
f 6139 6197 6194
f 6198 6199 6259
f 6327 6207 6149
f 6151 6211 6267
f 6244 6304 6372
f 6194 6314 6379
f 6331 6267 6211
f 6156 6273 6341
f 6277 6278 6293
f 6304 6306 6439
f 6256 6316 6386
f 6264 6395 6325
f 6288 6426 6354
f 6292 6359 6358
f 6363 6364 6433
f 6368 6365 6302
f 6303 6367 6369
f 6308 6375 6445
f 6378 6379 6454
f 6383 6384 6521
f 6400 6401 6537
f 6438 6440 6506
f 6373 6443 6439
f 6374 6446 6444
f 6391 6527 6463
f 6410 6479 6548
f 6415 6482 6483
f 6509 6524 6525
f 6537 6662 6538
f 6489 6559 6557
f 6563 6743 6562
f 6584 6643 6700
f 6586 6700 6701
f 6602 6604 6605
f 6562 6735 6627
f 6563 6628 6688
f 6565 6692 6630
f 6700 6643 6646
f 6599 6656 6655
f 6619 6677 6734
f 6641 6699 6697
f 6648 6695 6751
f 6710 6760 6864
f 6728 6729 6832
f 6675 6730 6732
f 6829 6776 6728
f 6804 6805 6858
f 6921 6770 10230
f 6772 6825 6823
f 6773 6824 6825
f 6810 6861 6858
f 6809 6860 6954
f 6873 10231 6823
f 6887 6888 6972
f 6884 6886 6931
f 6889 6898 6933
f 6856 6910 6909
f 6900 6944 6942
f 7002 7044 7041
f 6895 6980 6979
f 6941 6983 6984
f 6949 6990 6989
f 6997 7037 6999
f 6933 7024 6982
f 6985 7023 7025
f 7043 7123 7042
f 7053 7055 7093
f 7067 7068 7108
f 7033 7072 7073
f 7108 7109 7148
f 7070 7110 7149
f 7104 7142 7140
f 7156 7193 7197
f 7155 7180 7196
f 7190 7265 7229
f 7194 7232 7231
f 7195 7233 7232
f 7237 7238 7296
f 7212 7248 7277
f 7259 7320 7322
f 7242 7271 7301
f 7246 7275 7305
f 7288 7289 7351
f 7267 7297 7295
f 7310 7375 7311
f 7312 7380 7281
f 7400 7331 7300
f 7356 7357 7430
f 7373 7447 7410
f 7378 7416 7415
f 7444 7445 7485
f 7413 7452 7458
f 7454 7491 7582
f 7455 7537 7456
f 7533 7457 7418
f 7419 7495 7459
f 7428 7468 7506
f 7437 7516 7477
f 7483 7484 7524
f 7486 7571 7487
f 7451 7579 7489
f 7492 7536 7493
f 7478 7517 7561
f 7562 7563 7674
f 7564 7676 7563
f 7520 7619 7566
f 7568 7569 7680
f 7681 7623 7571
f 7581 7691 7643
f 7579 7586 7632
f 7667 7670 7610
f 7559 7726 7614
f 7617 7726 7615
f 7622 7623 7732
f 7573 7624 7733
f 7627 7628 7684
f 7634 7635 7692
f 7638 7639 7696
f 7640 7641 7695
f 7611 7613 7669
f 7614 7726 7675
f 7621 7728 7677
f 7620 7679 7678
f 7626 7685 7737
f 7629 7794 7686
f 7798 7794 7687
f 7642 7691 7692
f 7649 7751 7702
f 7652 7704 7706
f 7651 7703 7704
f 7653 7705 7708
f 7669 7723 7776
f 7731 7732 7834
f 7829 7778 7725
f 7795 7796 7895
f 7742 7848 7799
f 7743 7759 7809
f 7792 7892 7842
f 7835 7984 7882
f 7934 7984 7883
f 7891 7892 7896
f 7872 7926 7923
f 7875 7928 7980
f 7877 7930 7928
f 7931 7933 7981
f 7936 7885 7937
f 7951 8056 7952
f 7911 8014 7961
f 7979 7980 8087
f 8035 8036 7985
f 7938 7986 7989
f 7943 7989 7996
f 8034 8035 8093
f 8075 8076 8128
f 8031 8090 8089
f 7989 8096 8109
f 8214 8145 8102
f 8162 8197 8163
f 8141 8171 8204
f 8176 8245 8177
f 8280 8173 8179
f 8211 5177 8249
f 8255 8330 8326
f 8276 8277 8351
f 8243 8283 8282
f 8256 8294 8329
f 8273 8308 8310
f 8275 8343 8312
f 8281 8316 8358
f 8286 8321 8318
f 8312 8424 8350
f 8319 8361 8400
f 8349 8389 8388
f 8389 8390 8464
f 8353 8429 8391
f 8463 8504 8503
f 8481 8524 8522
f 8488 8574 8531
f 8516 8557 8560
f 8514 8558 8557
f 8594 8637 8681
f 8557 8645 8649
f 8738 8645 8646
f 8640 8685 8731
f 8794 8696 8652
f 8645 8738 8743
f 8694 8791 8742
f 8816 8870 8820
f 8790 8890 8842
f 8896 8897 8994
f 9034 8990 8942
f 8918 8968 8967
f 8919 9014 8969
f 8924 8925 8973
f 8970 9017 9013
f 8982 9027 9026
f 9014 9059 9105
f 9181 9180 9092
f 9063 9109 9108
f 9102 9191 9146
f 9156 9157 9245
f 9202 9201 9158
f 9249 9162 9119
f 9152 9154 9198
f 9243 9245 9285
f 9205 9249 9248
f 9328 9218 9262
f 9265 9264 9221
f 9253 9297 9259
f 9401 9326 9290
f 9425 9448 9466
f 9450 9453 9474
f 9493 9536 9516
f 9554 9577 9576
f 9592 9610 9593
f 9645 9648 9629
f 9591 9608 9610
f 9607 9626 9645
f 9609 9627 9626
f 9619 9636 9639
f 9628 9667 9647
f 9659 9698 9660
f 9686 9666 9647
f 9648 9681 9668
f 9692 9727 9729
f 9704 9706 9738
f 9666 9707 9705
f 9690 9710 9725
f 9732 9716 9714
f 9704 9738 9722
f 9718 9734 9730
f 9752 9739 9737
f 9769 9729 9727
f 9889 9869 9868
f 9880 9890 9904
f 9891 9892 9915
f 9913 9926 9902
f 9905 9917 9921
f 9955 9956 9959
f 10026 10033 10050
f 10036 10022 10021
f 10051 10035 10022
f 10035 10036 10024
f 10038 10045 10044
f 10062 10055 10049
f 10083 10084 10091
f 10161 10166 10163
f 10171 10173 10168
f 10178 10169 10176
f 10181 10186 10183
f 10185 10192 10189
f 10210 10215 10218
f 10214 10226 10216
f 10220 10223 10227
f 7044 6964 7006
f 7005 6960 6963
f 10233 10230 10231
f 6874 10232 10233
f 6875 10233 10231
f 6922 10230 10232
f 5091 6038 881
f 5088 5989 5091
f 5942 5089 5898
f 5898 5089 641
f 5101 939 6207
f 5101 6326 5104
f 5104 6398 5110
f 8086 8032 10229
f 8142 8173 10229
f 10229 8137 8086
f 8211 5172 5174
f 5176 8249 5177
f 5178 8248 5176
f 8322 5181 8365
f 8365 5182 8405
f 5184 8405 5182
f 3487 5191 8706
f 5191 3581 8706
f 8955 8905 3684
f 8854 3684 8905
f 9181 5198 9223
f 9224 5198 5199
f 9265 5199 5200
f 9302 5200 4142
f 9340 5203 5204
f 9341 5204 4143
f 9342 4143 5205
f 5206 9342 5205
f 5202 9374 5206
f 4104 9336 5202
f 5201 9299 4104
f 5201 9217 9261
f 3834 8996 9042
f 8948 5196 3735
f 5195 8948 3735
f 8847 5195 5194
f 5194 8797 8847
f 8797 5192 8746
f 5190 8653 8698
f 5187 8608 5188
f 5186 8564 5187
f 5185 8520 5186
f 8478 5183 8438
f 5173 8244 3037
f 5171 8208 5173
f 8139 5171 5168
f 5168 8088 8139
f 5161 8030 5163
f 5158 7978 5161
f 5156 7929 5158
f 5154 7826 5156
f 7826 7875 5156
f 5153 7826 5154
f 7671 5153 5151
f 5151 7614 7671
f 7559 5149 2332
f 5145 7399 5146
f 7332 5145 5144
f 5143 7332 5144
f 5142 7299 5143
f 5142 7239 7268
f 7239 1968 7203
f 7123 5139 5147
f 5147 7042 7123
f 7163 7043 7083
f 7003 5138 5135
f 5132 7003 5135
f 5131 6961 5132
f 6660 5117 6603
f 5079 5470 5506
f 5075 5470 5077
f 5072 5406 5074
f 5072 5374 5379
f 5071 5344 5374
f 5070 5345 5344
f 188 5345 5073
f 5538 5078 5080
f 683 5897 5852
f 775 5897 5211
f 5090 5941 775
f 6036 5093 6091
f 5096 6091 5093
f 5100 6148 5096
f 6395 5103 5107
f 5107 1261 6395
f 5124 6764 5121
f 6817 5127 6790
f 6738 5119 6681
f 6555 5212 6486
f 5111 6486 5212
f 6347 5111 5108
f 5108 6281 6347
f 5102 6165 6221
f 6106 5094 5095
f 5095 6164 6106
f 6164 5099 6118
f 6117 5099 968
f 5106 6359 1086
f 6359 5112 6499
f 5113 6499 5112
f 1550 6799 6748
f 6853 5128 1656
f 5120 6853 1656
f 6906 1755 6951
f 7076 1755 1946
f 5137 7099 5213
f 7099 1946 5213
f 7021 5137 1824
f 5134 6981 1824
f 6979 6938 6895
f 5133 6938 6979
f 6978 5136 7020
f 7059 5136 5140
f 7138 2026 7178
f 7098 5216 7138
f 7058 5215 7098
f 5140 5214 7059
f 7058 7059 5214
f 5217 7593 7538
f 2310 7538 7495
f 5155 7759 2521
f 5155 7850 7809
f 7954 5152 5160
f 5157 7903 7850
f 5160 8005 7954
f 5150 5170 8005
f 8061 5170 8093
f 5170 8034 8093
f 8034 5167 2807
f 5169 8143 8092
f 5166 8092 8033
f 8033 5164 5166
f 7982 5162 5164
f 7932 5159 5162
f 7832 5159 7880
f 7727 7563 7676
f 7563 7727 7674
f 10234 7674 7727
f 10234 7676 7673
f 3 4 2
f 1 6 7
f 4 3 8
f 4 10 11
f 5 2 11
f 5 13 14
f 14 15 6
f 6 16 17
f 3 7 18
f 9 19 10
f 21 11 10
f 12 22 13
f 12 11 21
f 24 14 13
f 24 26 15
f 16 6 15
f 16 28 29
f 7 17 30
f 32 8 18
f 10 19 33
f 34 35 21
f 23 36 22
f 25 13 22
f 23 21 35
f 25 39 40
f 40 41 26
f 27 15 26
f 27 43 28
f 45 29 28
f 46 30 17
f 31 47 48
f 50 33 19
f 20 33 51
f 52 53 35
f 38 54 36
f 37 22 36
f 56 39 25
f 53 57 38
f 39 58 59
f 41 40 59
f 42 26 41
f 42 62 43
f 44 28 43
f 44 64 65
f 29 45 66
f 30 46 67
f 31 67 68
f 48 47 70
f 71 49 32
f 72 51 33
f 73 50 49
f 34 51 74
f 75 53 52
f 57 77 54
f 55 36 54
f 56 37 55
f 80 58 39
f 75 81 57
f 83 59 58
f 83 84 60
f 61 41 60
f 61 86 62
f 63 43 62
f 63 88 64
f 89 65 64
f 91 66 45
f 92 67 46
f 68 67 92
f 94 70 47
f 48 69 95
f 70 96 97
f 50 73 98
f 74 51 72
f 71 95 100
f 76 52 74
f 102 75 76
f 77 57 81
f 78 54 77
f 78 106 79
f 56 79 107
f 108 82 58
f 109 81 75
f 110 111 83
f 111 112 84
f 84 113 85
f 85 114 86
f 87 62 86
f 87 116 88
f 90 64 88
f 118 91 65
f 90 119 120
f 91 121 92
f 93 92 121
f 93 123 94
f 96 70 94
f 97 125 95
f 97 96 127
f 100 128 98
f 99 72 98
f 99 130 101
f 125 131 100
f 76 101 132
f 103 132 133
f 104 134 105
f 81 109 135
f 105 136 106
f 107 79 106
f 80 107 138
f 102 133 139
f 140 111 110
f 142 112 111
f 112 143 113
f 114 85 113
f 114 145 115
f 115 146 116
f 117 88 116
f 119 90 117
f 89 120 149
f 91 118 150
f 151 120 119
f 123 93 122
f 124 94 123
f 124 155 127
f 125 97 126
f 131 157 128
f 129 98 128
f 129 159 130
f 101 130 160
f 156 161 131
f 133 132 162
f 104 135 164
f 136 105 134
f 166 135 109
f 137 106 136
f 168 138 107
f 108 138 141
f 133 163 169
f 141 170 171
f 142 172 143
f 140 171 173
f 144 113 143
f 145 114 144
f 146 115 145
f 147 116 146
f 148 117 147
f 179 152 119
f 149 120 151
f 118 149 181
f 151 152 182
f 153 184 154
f 153 122 185
f 155 124 154
f 157 131 161
f 158 128 157
f 158 191 159
f 160 130 159
f 193 162 132
f 163 162 195
f 196 164 135
f 165 134 164
f 165 198 167
f 139 169 199
f 167 200 168
f 170 141 138
f 194 201 169
f 202 203 171
f 173 204 172
f 174 143 172
f 203 206 173
f 175 144 174
f 175 208 176
f 177 146 176
f 177 210 178
f 148 178 211
f 212 182 152
f 213 181 149
f 180 151 183
f 150 181 185
f 215 216 183
f 186 217 184
f 187 154 184
f 219 220 186
f 221 188 155
f 189 5438 190
f 192 159 191
f 223 193 160
f 162 193 224
f 194 195 225
f 199 227 196
f 197 164 196
f 198 165 197
f 200 167 198
f 231 199 169
f 202 170 168
f 226 232 201
f 233 234 203
f 204 173 206
f 205 172 204
f 207 174 205
f 234 238 206
f 208 175 207
f 209 176 208
f 209 241 210
f 210 242 211
f 179 211 243
f 182 212 244
f 213 180 214
f 219 185 181
f 216 246 214
f 247 248 216
f 220 249 217
f 218 184 217
f 221 187 218
f 252 253 220
f 254 255 190
f 256 223 192
f 191 190 255
f 257 224 193
f 195 224 258
f 226 225 260
f 227 199 231
f 228 196 227
f 229 197 228
f 229 264 230
f 230 233 202
f 265 231 201
f 266 232 226
f 234 233 267
f 236 204 235
f 235 206 238
f 237 205 236
f 239 207 237
f 268 273 238
f 239 274 240
f 240 275 241
f 241 276 242
f 277 243 211
f 278 244 212
f 215 244 279
f 245 252 219
f 245 214 246
f 248 281 246
f 282 283 248
f 249 220 253
f 250 217 249
f 250 286 251
f 287 288 253
f 255 254 290
f 222 255 289
f 223 256 291
f 224 257 292
f 293 260 225
f 294 259 260
f 262 227 261
f 261 231 265
f 262 298 263
f 263 299 264
f 264 267 233
f 232 266 300
f 301 266 259
f 302 303 268
f 270 304 269
f 269 305 271
f 270 238 273
f 272 237 271
f 272 308 274
f 273 268 303
f 275 240 274
f 275 311 276
f 277 242 276
f 313 278 243
f 314 279 244
f 247 279 315
f 280 287 252
f 280 246 281
f 283 317 281
f 283 282 318
f 284 320 285
f 284 253 288
f 285 322 286
f 286 5078 5076
f 323 324 288
f 325 326 289
f 256 289 326
f 292 257 291
f 258 292 328
f 329 295 260
f 297 330 296
f 296 331 298
f 332 297 265
f 299 263 298
f 267 264 299
f 266 301 334
f 294 335 336
f 337 338 303
f 304 270 306
f 304 340 305
f 307 271 305
f 306 273 309
f 272 307 343
f 308 344 310
f 338 345 309
f 310 346 311
f 312 276 311
f 277 312 348
f 349 314 278
f 350 315 279
f 282 315 351
f 287 280 316
f 316 281 317
f 319 353 317
f 354 355 319
f 321 356 320
f 320 357 322
f 321 288 324
f 359 360 324
f 5081 325 290
f 325 5576 361
f 327 291 326
f 327 362 328
f 293 328 363
f 295 329 364
f 330 297 332
f 330 366 331
f 333 298 331
f 300 334 368
f 302 299 333
f 369 334 301
f 371 336 335
f 372 373 338
f 339 374 340
f 342 375 339
f 341 305 340
f 307 341 377
f 342 309 345
f 308 343 379
f 310 344 380
f 373 381 345
f 347 311 346
f 347 383 348
f 384 349 313
f 314 349 385
f 386 351 315
f 318 351 387
f 323 316 352
f 352 317 353
f 355 389 353
f 355 354 391
f 358 392 356
f 356 393 357
f 5080 322 357
f 360 394 358
f 395 396 360
f 398 361 5576
f 361 398 362
f 363 328 362
f 364 329 363
f 370 335 364
f 365 402 366
f 332 368 403
f 367 331 366
f 337 333 367
f 405 368 334
f 406 369 336
f 370 407 408
f 410 373 372
f 375 411 374
f 376 340 374
f 378 413 375
f 377 341 376
f 415 379 343
f 378 345 381
f 417 380 344
f 382 346 380
f 410 419 381
f 382 420 383
f 384 348 383
f 422 385 349
f 350 385 423
f 424 387 351
f 425 391 354
f 359 352 388
f 388 353 389
f 390 427 389
f 390 391 428
f 392 358 394
f 392 431 393
f 393 5083 5082
f 396 432 394
f 395 433 434
f 397 435 436
f 399 362 398
f 399 437 400
f 400 438 401
f 401 439 407
f 365 403 440
f 404 366 402
f 368 405 442
f 409 372 367
f 405 369 406
f 408 444 406
f 407 445 446
f 409 447 448
f 449 411 375
f 450 412 374
f 412 451 414
f 378 416 452
f 453 415 377
f 379 415 454
f 416 381 419
f 380 417 456
f 418 457 420
f 410 448 458
f 383 420 459
f 384 421 460
f 461 423 385
f 424 386 423
f 425 387 424
f 425 464 428
f 395 388 426
f 426 389 427
f 429 466 427
f 467 429 428
f 430 394 432
f 430 470 431
f 431 5084 5083
f 396 434 471
f 472 473 434
f 474 475 436
f 436 475 437
f 438 400 437
f 438 477 439
f 439 478 445
f 440 403 442
f 440 480 441
f 404 441 447
f 481 442 405
f 482 444 408
f 446 445 484
f 486 448 447
f 413 452 487
f 411 449 488
f 489 451 412
f 414 451 490
f 416 455 491
f 492 454 415
f 417 454 493
f 458 494 455
f 418 456 495
f 496 459 420
f 497 458 448
f 421 459 498
f 422 460 499
f 461 500 462
f 463 424 462
f 463 502 464
f 468 428 464
f 433 426 465
f 467 504 466
f 506 467 468
f 469 507 470
f 508 469 432
f 431 470 5085
f 434 473 509
f 511 473 472
f 474 512 513
f 476 437 475
f 476 514 477
f 478 439 477
f 445 478 516
f 517 479 442
f 485 441 480
f 519 520 444
f 446 483 521
f 484 522 523
f 524 486 485
f 449 487 525
f 526 489 450
f 527 490 451
f 453 490 528
f 491 455 494
f 530 452 491
f 532 493 454
f 456 493 533
f 534 494 458
f 457 495 535
f 536 498 459
f 537 497 486
f 538 499 460
f 499 539 500
f 501 462 500
f 501 541 502
f 503 464 502
f 505 468 503
f 467 506 545
f 504 546 547
f 505 548 549
f 5762 507 469
f 470 507 5086
f 550 508 471
f 510 551 552
f 512 553 554
f 514 476 513
f 515 477 514
f 556 516 478
f 481 520 557
f 558 479 517
f 560 561 518
f 482 521 562
f 520 519 563
f 564 521 483
f 565 566 523
f 518 561 567
f 568 525 487
f 488 525 569
f 570 527 489
f 571 528 490
f 492 528 572
f 531 491 529
f 574 529 494
f 568 530 531
f 576 533 493
f 495 533 577
f 497 537 578
f 496 535 579
f 498 536 580
f 538 581 539
f 539 582 540
f 540 583 541
f 542 502 541
f 543 503 542
f 543 586 548
f 545 506 549
f 504 545 588
f 552 547 546
f 548 590 591
f 5804 5762 508
f 509 592 593
f 595 554 553
f 595 555 514
f 596 556 515
f 597 522 516
f 557 598 559
f 559 599 600
f 602 561 560
f 603 562 521
f 519 562 604
f 563 605 598
f 564 523 566
f 607 608 566
f 609 565 522
f 610 567 561
f 611 569 525
f 526 569 612
f 613 571 527
f 614 572 528
f 532 572 615
f 575 531 573
f 573 529 574
f 534 578 618
f 568 575 619
f 533 576 620
f 621 579 535
f 600 578 537
f 536 579 622
f 580 623 581
f 582 539 581
f 583 540 582
f 583 626 584
f 585 542 584
f 628 590 548
f 629 544 547
f 587 549 591
f 588 545 632
f 634 546 588
f 637 591 590
f 550 593 5851
f 593 592 639
f 511 589 640
f 5087 641 642
f 595 642 643
f 643 644 596
f 597 556 596
f 598 646 599
f 599 618 578
f 600 601 560
f 606 647 603
f 648 604 562
f 649 605 563
f 608 650 606
f 609 651 607
f 608 607 652
f 597 645 654
f 655 612 569
f 570 612 656
f 614 571 613
f 658 615 572
f 659 620 576
f 616 660 619
f 616 573 617
f 618 662 617
f 611 619 663
f 577 620 664
f 665 622 579
f 580 622 666
f 624 581 623
f 625 582 624
f 625 669 626
f 626 670 627
f 585 627 671
f 586 671 672
f 636 590 628
f 675 587 630
f 591 637 676
f 631 632 677
f 678 634 633
f 640 589 635
f 636 681 682
f 683 5851 593
f 639 592 594
f 638 639 684
f 686 687 642
f 642 687 688
f 688 689 644
f 644 690 645
f 646 662 618
f 650 691 647
f 648 603 647
f 693 649 604
f 694 646 605
f 653 695 650
f 651 696 652
f 652 697 698
f 654 645 690
f 657 613 656
f 657 701 658
f 658 702 659
f 620 659 703
f 661 704 660
f 660 705 663
f 662 706 661
f 655 663 707
f 621 664 709
f 622 665 710
f 667 623 666
f 712 668 624
f 669 713 670
f 670 714 671
f 671 714 715
f 716 673 628
f 673 717 681
f 718 719 675
f 632 587 675
f 674 630 676
f 637 682 721
f 634 678 722
f 679 723 724
f 680 684 639
f 725 680 635
f 682 681 727
f 728 729 685
f 686 730 731
f 732 733 688
f 734 689 688
f 689 735 690
f 694 706 662
f 691 650 695
f 692 647 691
f 693 648 692
f 739 694 649
f 698 740 695
f 741 742 696
f 696 743 697
f 745 698 697
f 654 699 746
f 748 749 700
f 701 657 700
f 701 751 702
f 752 703 659
f 753 709 664
f 706 754 704
f 704 755 705
f 707 663 705
f 748 708 707
f 758 710 665
f 666 710 759
f 667 711 760
f 761 669 668
f 761 762 713
f 763 714 670
f 715 714 763
f 765 716 672
f 717 766 727
f 720 767 718
f 719 718 768
f 677 675 719
f 676 721 769
f 770 721 682
f 678 771 772
f 722 772 723
f 774 724 723
f 725 728 684
f 776 777 729
f 779 731 730
f 732 780 781
f 734 782 783
f 733 781 782
f 783 784 735
f 754 706 694
f 785 737 691
f 737 786 738
f 693 738 787
f 788 740 698
f 747 741 651
f 741 789 790
f 742 791 743
f 744 697 743
f 699 793 794
f 795 796 747
f 757 797 749
f 750 700 749
f 701 750 799
f 702 751 800
f 801 753 703
f 709 753 802
f 704 754 803
f 756 705 755
f 757 707 756
f 806 759 710
f 760 711 759
f 712 760 808
f 761 808 809
f 762 810 763
f 765 715 764
f 764 763 810
f 813 717 716
f 717 813 814
f 815 816 727
f 769 817 767
f 818 768 718
f 768 776 728
f 769 721 770
f 772 771 820
f 773 723 772
f 822 823 774
f 820 771 724
f 777 776 826
f 827 828 779
f 731 779 780
f 829 781 780
f 832 783 782
f 831 782 781
f 833 784 783
f 735 784 834
f 739 787 803
f 736 740 835
f 836 786 737
f 837 787 738
f 838 835 740
f 745 839 840
f 741 747 796
f 841 842 790
f 790 843 791
f 792 743 791
f 792 845 846
f 793 847 848
f 746 794 849
f 796 795 851
f 805 852 797
f 798 749 797
f 750 798 854
f 855 800 751
f 752 800 856
f 857 802 753
f 758 802 858
f 804 755 803
f 804 860 805
f 807 759 806
f 807 862 808
f 863 809 808
f 810 762 809
f 865 813 765
f 811 764 812
f 813 865 867
f 868 815 766
f 815 869 870
f 819 871 817
f 818 767 817
f 826 776 768
f 819 770 824
f 874 875 821
f 773 821 875
f 823 822 876
f 820 774 823
f 777 825 5092
f 826 879 880
f 882 883 828
f 779 828 830
f 829 830 884
f 831 886 887
f 829 885 886
f 784 833 888
f 832 887 889
f 787 837 859
f 890 836 785
f 891 837 786
f 788 840 892
f 835 838 893
f 840 839 894
f 841 789 796
f 897 842 841
f 898 843 790
f 843 899 844
f 845 792 844
f 846 845 902
f 834 888 847
f 904 848 847
f 905 849 794
f 795 849 906
f 851 907 908
f 860 909 852
f 853 797 852
f 853 911 854
f 855 799 854
f 800 855 913
f 801 856 914
f 915 858 802
f 861 806 858
f 859 917 860
f 861 918 862
f 919 864 809
f 863 862 918
f 866 921 865
f 866 812 923
f 921 924 867
f 868 814 867
f 926 869 815
f 870 869 928
f 816 870 929
f 871 819 930
f 871 932 872
f 818 872 879
f 873 933 930
f 878 934 873
f 935 936 875
f 876 822 875
f 874 823 877
f 879 937 938
f 939 882 827
f 940 941 883
f 883 884 830
f 885 884 942
f 945 887 886
f 944 886 885
f 946 888 833
f 889 887 948
f 917 859 837
f 949 891 836
f 892 840 895
f 838 892 951
f 893 952 949
f 895 894 954
f 850 908 955
f 842 897 956
f 957 899 843
f 900 844 899
f 959 902 845
f 901 954 894
f 901 902 960
f 847 888 962
f 964 904 903
f 848 904 965
f 966 906 849
f 907 851 906
f 917 969 909
f 910 852 909
f 910 971 911
f 854 911 972
f 973 913 855
f 974 914 856
f 975 915 857
f 916 976 918
f 863 920 977
f 978 920 918
f 922 979 921
f 922 923 980
f 924 921 979
f 925 867 924
f 984 985 869
f 986 929 870
f 987 988 927
f 929 989 934
f 931 930 990
f 992 932 871
f 879 872 932
f 993 990 930
f 936 935 994
f 876 936 995
f 994 935 877
f 938 937 998
f 882 939 999
f 941 940 1000
f 941 942 884
f 943 942 1003
f 1004 1005 945
f 889 947 1006
f 891 949 969
f 950 895 953
f 950 1008 951
f 951 1009 952
f 952 1010 969
f 953 954 1011
f 5098 956 897
f 898 956 1013
f 1014 958 899
f 900 958 1015
f 1016 960 902
f 901 961 1011
f 903 962 1017
f 963 1018 1019
f 1020 1021 965
f 905 965 1022
f 966 1023 967
f 968 907 967
f 909 969 1010
f 970 1025 971
f 972 911 971
f 1027 973 912
f 974 913 973
f 1029 975 914
f 1030 916 915
f 916 1030 1031
f 1032 977 920
f 980 923 919
f 1031 1033 978
f 981 1034 979
f 980 1035 1036
f 982 1037 983
f 982 979 1034
f 1039 925 983
f 926 1041 1042
f 985 984 1043
f 927 988 1045
f 1046 1047 988
f 928 985 1044
f 934 989 1049
f 931 991 1050
f 937 932 992
f 1051 1052 990
f 995 994 1054
f 995 1053 1055
f 996 1055 1054
f 997 998 1056
f 1000 1058 1059
f 941 1001 1060
f 1002 1003 1061
f 1004 1063 1064
f 945 1005 1065
f 1066 1067 1006
f 1006 1017 962
f 1007 1068 1008
f 1007 953 1012
f 1008 1070 1009
f 1009 1071 1010
f 1072 1012 1011
f 1074 1014 957
f 1075 1015 958
f 1076 1016 959
f 960 1016 1078
f 1073 1011 961
f 1017 1079 1018
f 1018 1080 1081
f 964 1019 1082
f 1082 1083 1021
f 1022 965 1021
f 1023 966 1022
f 1024 967 1023
f 1025 970 1010
f 1025 1087 1026
f 972 1026 1088
f 1028 973 1027
f 1029 974 1028
f 1029 1091 1030
f 1031 1030 1091
f 977 1032 1035
f 1032 978 1033
f 1033 1031 1092
f 1036 1095 1034
f 1096 1097 1036
f 1040 983 1037
f 1038 1034 1095
f 1040 1100 1101
f 1101 1042 1041
f 1102 1043 984
f 1044 1043 1104
f 1045 988 1047
f 987 1044 1103
f 1107 1047 1046
f 989 1108 1109
f 1048 1049 1110
f 1112 1050 991
f 998 992 1050
f 1113 1114 1052
f 1111 1051 993
f 1115 1116 1053
f 1053 1116 1117
f 1115 1054 1055
f 5100 997 1057
f 1056 1118 1119
f 1122 1058 1000
f 1123 1124 1059
f 1001 1059 1125
f 1062 1061 1127
f 1062 1129 1126
f 1126 1129 1063
f 1131 1064 1063
f 1132 1065 1005
f 1134 1067 1066
f 1017 1006 1067
f 1135 947 1065
f 1068 1007 1069
f 1068 1137 1070
f 1072 1138 1069
f 1073 1139 1140
f 5105 1074 1013
f 1014 1074 1141
f 1142 1076 1015
f 1143 1078 1016
f 1077 1078 1145
f 1139 1073 1077
f 1079 1146 1080
f 1080 1147 1148
f 1149 1082 1019
f 1083 1082 1149
f 1083 1151 1084
f 1085 1022 1084
f 1085 1153 1086
f 1154 1088 1026
f 1027 1088 1155
f 1089 1156 1090
f 1090 1157 1091
f 1092 1091 1157
f 1093 1096 1035
f 1093 1033 1094
f 1092 1158 1160
f 1097 1161 1095
f 1162 1163 1097
f 1099 1095 1161
f 1165 1166 1038
f 1101 1100 1167
f 1042 1101 1168
f 1169 1104 1043
f 1104 1170 1171
f 1172 1173 1045
f 1105 1047 1107
f 1106 1046 1103
f 1106 1175 1176
f 1109 1108 1177
f 1180 1049 1109
f 1181 1182 1111
f 1112 1118 1056
f 1112 1052 1114
f 1051 1111 1182
f 1114 1113 1184
f 1186 1187 1116
f 1188 1117 1116
f 1117 1188 1186
f 1118 1190 1191
f 1193 1123 1058
f 1122 1121 1120
f 1194 1195 1124
f 1059 1124 1196
f 1127 1061 1196
f 1128 1127 1198
f 1129 1062 1128
f 1130 1063 1129
f 1202 1131 1130
f 1064 1131 1203
f 1133 1204 1205
f 1079 1067 1134
f 1133 1066 1135
f 1206 1135 1132
f 1136 1207 1137
f 1069 1138 1208
f 1087 1070 1137
f 1072 1140 1209
f 1211 1140 1139
f 1212 1142 1075
f 1076 1142 1213
f 1214 1145 1078
f 1216 1144 1145
f 1210 1139 1144
f 1217 1147 1080
f 1219 1148 1147
f 1220 1221 1149
f 1151 1083 1150
f 1150 1149 1221
f 1152 1084 1151
f 1225 1155 1088
f 1089 1155 1226
f 1157 1090 1156
f 1094 1160 1228
f 1160 1158 1230
f 1232 1163 1162
f 1099 1164 1234
f 1164 1161 1163
f 1235 1236 1166
f 1167 1237 1238
f 1102 1168 1240
f 1170 1104 1169
f 1242 1171 1170
f 1105 1174 1244
f 1107 1176 1245
f 1171 1242 1175
f 1175 1246 1247
f 1177 1108 1173
f 1109 1178 1249
f 1179 1250 1251
f 1252 1253 1182
f 1110 1180 1254
f 1112 1183 1190
f 1185 1255 1183
f 1113 1182 1253
f 1257 1185 1184
f 1258 1259 1187
f 1187 1259 1260
f 1186 1188 1260
f 1262 1191 1190
f 1191 1261 1189
f 5110 1264 1265
f 1122 1192 1265
f 1123 1193 1266
f 1197 1196 1124
f 1198 1127 1197
f 1199 1198 1269
f 1200 1128 1199
f 1270 1201 1130
f 1271 1202 1201
f 1203 1131 1202
f 1206 1274 1204
f 1275 1276 1205
f 1146 1134 1205
f 1203 1273 1274
f 1136 1208 1277
f 1154 1137 1207
f 1278 1208 1138
f 1211 1279 1209
f 1210 1280 1281
f 1282 1213 1142
f 1143 1213 1283
f 1215 1145 1214
f 1215 1285 1286
f 1216 1286 1280
f 1147 1217 1287
f 1288 1219 1218
f 1148 1219 1290
f 1221 1220 1290
f 1222 1292 1224
f 1222 1150 1223
f 1223 1221 1291
f 1152 1224 1295
f 1296 1226 1155
f 1156 1226 1297
f 1298 1228 1160
f 1227 1297 1230
f 1229 1230 1299
f 1301 1302 1232
f 1231 1162 1228
f 1166 1236 1233
f 1165 1234 1303
f 1304 1305 1236
f 1306 1251 1238
f 1240 1250 1307
f 1241 1308 1243
f 1169 1239 1309
f 1243 1310 1311
f 1174 1245 1312
f 1248 1172 1244
f 1176 1247 1314
f 1242 1311 1246
f 1315 1247 1246
f 1317 1177 1248
f 1318 1249 1178
f 1249 1307 1250
f 1250 1240 1238
f 1254 1180 1251
f 1181 1254 1320
f 1322 1253 1252
f 1183 1255 1263
f 1323 1324 1255
f 1184 1253 1322
f 1256 1325 1326
f 1258 1327 1328
f 1328 1329 1260
f 1258 1260 1329
f 5114 1261 1191
f 1331 1262 1263
f 1264 1332 1333
f 1193 1265 1333
f 1194 1266 1335
f 1267 1197 1195
f 1267 1337 1269
f 1268 1338 1270
f 1268 1269 1340
f 1201 1270 1338
f 1273 1202 1271
f 1271 1272 1343
f 1274 1344 1345
f 1275 1346 1347
f 1276 1287 1217
f 1341 1344 1274
f 1208 1278 1348
f 1296 1225 1207
f 1349 1279 1211
f 1280 1350 1351
f 1213 1282 1352
f 1214 1283 1353
f 1354 1285 1215
f 1355 1286 1285
f 1286 1355 1350
f 1287 1357 1289
f 1358 1290 1219
f 1288 1289 1359
f 1291 1290 1358
f 1293 1362 1292
f 1224 1292 1363
f 1293 1223 1294
f 1361 1365 1294
f 1296 1366 1297
f 1298 1229 1300
f 1366 1299 1230
f 1300 1299 1369
f 1367 1301 1231
f 1370 1371 1302
f 1305 1372 1233
f 1303 1373 1374
f 1374 1375 1304
f 1305 1304 1375
f 1372 1306 1237
f 1307 1376 1309
f 1241 1309 1377
f 1378 1310 1243
f 1310 1379 1380
f 1381 1312 1245
f 1382 1313 1244
f 1383 1314 1247
f 1316 1246 1311
f 1315 1316 1384
f 1313 1382 1386
f 1317 1386 1319
f 1307 1249 1318
f 1319 1387 1388
f 1306 1372 1320
f 1321 1375 1389
f 1324 1330 1263
f 1323 1390 1391
f 1322 1389 1325
f 1393 1326 1325
f 1257 1326 1390
f 1394 1395 1328
f 1328 1395 1396
f 1329 1396 1394
f 5114 1262 1331
f 1331 1330 1398
f 1333 1332 1400
f 1401 1266 1333
f 1335 1266 1401
f 1334 1403 1336
f 1336 1404 1337
f 1337 1405 1340
f 1339 1406 1338
f 1339 1340 1407
f 1406 1343 1272
f 1409 1341 1271
f 1410 1342 1343
f 1345 1344 1413
f 1345 1414 1346
f 1415 1347 1346
f 1276 1347 1357
f 1413 1344 1341
f 1369 1348 1278
f 1277 1348 1366
f 1417 1349 1281
f 1368 1369 1279
f 1419 1351 1350
f 1421 1353 1283
f 1422 1354 1284
f 1424 1355 1356
f 1418 1350 1355
f 1425 1359 1289
f 1360 1426 1358
f 1427 1361 1358
f 1293 1364 1428
f 1363 1292 1362
f 1365 1430 1364
f 1365 1361 1427
f 1363 1429 5115
f 1367 1300 1368
f 1299 1366 1348
f 1432 1370 1301
f 1433 1434 1371
f 1303 1302 1371
f 1374 1373 1435
f 1436 1389 1375
f 1376 1437 1377
f 1377 1438 1378
f 1379 1310 1378
f 1441 1380 1379
f 1442 1382 1312
f 1384 1316 1380
f 1385 1384 1444
f 1442 1445 1386
f 1387 1319 1386
f 1318 1388 1437
f 1447 1388 1387
f 1324 1391 1398
f 1390 1448 1449
f 1392 1325 1389
f 1450 1451 1393
f 1390 1326 1393
f 1395 1394 1453
f 1395 1452 1454
f 1455 1453 1394
f 1397 1456 5116
f 1397 1398 1457
f 1459 1399 1400
f 1461 1462 1335
f 1462 1463 1403
f 1404 1336 1403
f 1405 1337 1404
f 1466 1407 1340
f 1408 1467 1406
f 1468 1469 1408
f 1467 1411 1343
f 1470 1409 1342
f 1411 1471 1472
f 1414 1345 1412
f 1412 1413 1474
f 1476 1416 1346
f 1357 1347 1415
f 1478 1415 1416
f 1470 1474 1413
f 1432 1368 1349
f 1417 1351 1419
f 1418 1479 1480
f 1352 1420 6681
f 1481 1422 1353
f 1482 1356 1354
f 1423 1483 1484
f 1356 1482 1485
f 1424 1484 1479
f 1488 1427 1426
f 1428 1364 1430
f 1429 1362 1492
f 1430 1365 1431
f 1494 1431 1427
f 1417 1433 1370
f 1480 1434 1433
f 1373 1371 1434
f 1436 1435 1450
f 1438 1377 1437
f 1438 1496 1439
f 1440 1379 1439
f 1498 1441 1440
f 1444 1384 1441
f 1501 1385 1443
f 1504 1443 1444
f 1388 1447 1495
f 1506 1447 1446
f 1449 1457 1398
f 1449 1448 1508
f 1450 1480 1479
f 1451 1508 1448
f 1509 1510 1452
f 1452 1510 1511
f 1509 1453 1455
f 1513 1456 1397
f 1458 1457 1514
f 1459 1516 1402
f 1459 1460 1517
f 1461 1519 1463
f 1402 1516 1520
f 1464 1403 1463
f 1464 1522 1465
f 1405 1465 1523
f 1524 1468 1407
f 1467 1408 1469
f 1526 1527 1469
f 1525 1471 1411
f 1410 1472 1528
f 1530 1472 1471
f 1473 1531 1476
f 1473 1412 1475
f 1475 1474 1532
f 1535 1416 1476
f 1425 1415 1478
f 1477 1537 1538
f 1528 1532 1474
f 1421 6681 1539
f 1482 1422 1481
f 1485 1541 1483
f 1484 1483 1507
f 1485 1482 1540
f 1451 1479 1484
f 1486 1359 1536
f 1487 1545 1489
f 1489 1546 1547
f 1548 1490 1430
f 1492 1428 1490
f 1491 1492 1549
f 1431 1494 1551
f 1547 1552 1494
f 1434 1480 1450
f 1553 1496 1438
f 1554 1497 1439
f 1556 1498 1499
f 1503 1444 1498
f 1502 1443 1504
f 1501 1502 1558
f 1503 1559 1560
f 1505 1558 1561
f 1505 1446 1500
f 1457 1449 1507
f 1511 1510 1562
f 1454 1511 1512
f 1509 1512 1564
f 1513 1566 5121
f 1566 1513 1458
f 1541 1567 1515
f 1517 1460 5118
f 1516 1459 1518
f 1518 1517 1569
f 1520 1571 1519
f 1521 1463 1519
f 1573 1520 1516
f 1521 1574 1522
f 1522 1575 1523
f 1466 1523 1576
f 1468 1524 1577
f 1525 1469 1527
f 1579 1580 1527
f 1471 1525 1578
f 1581 1528 1472
f 1534 1476 1531
f 1533 1532 1583
f 1534 1584 1585
f 1586 1536 1478
f 1587 1588 1537
f 1537 1589 1590
f 1581 1583 1532
f 1539 1591 1540
f 1567 1541 1485
f 1514 1507 1483
f 1542 1540 1591
f 1593 1543 1536
f 1595 1486 1543
f 1486 1595 1596
f 1596 1545 1487
f 1545 1597 1546
f 1547 1546 1599
f 1493 1551 1600
f 1548 1601 1549
f 1552 1602 1551
f 1598 1603 1552
f 1604 1554 1496
f 1605 1499 1497
f 1606 1607 1556
f 1608 1555 1499
f 1556 1607 1559
f 1609 1558 1502
f 1504 1560 1610
f 1560 1559 1612
f 1613 1561 1558
f 1604 1506 1561
f 1615 1616 1563
f 1512 1511 1563
f 1617 1565 1564
f 1515 1567 1619
f 1569 1517 5122
f 1568 1518 1570
f 1622 1570 1569
f 1571 1520 1573
f 1519 1571 1624
f 1521 1572 1625
f 1573 1568 1620
f 1522 1574 1627
f 1628 1576 1523
f 1629 1577 1524
f 1526 1577 1630
f 1578 1527 1580
f 1632 1580 1579
f 1530 1634 1635
f 1584 1534 1533
f 1582 1583 1636
f 1638 1585 1584
f 1587 1477 1535
f 1538 1590 1640
f 1641 1642 1588
f 1589 1537 1588
f 1644 1590 1589
f 1581 1635 1636
f 1591 1539 5123
f 1542 1592 1619
f 5127 1592 1591
f 1646 1594 1543
f 1647 1593 1586
f 1594 1648 1649
f 1596 1595 1649
f 1650 1597 1545
f 1546 1597 1651
f 1598 1599 1652
f 1602 1654 1600
f 1655 1601 1548
f 1603 1657 1602
f 1653 1658 1603
f 1554 1604 1614
f 1659 1606 1555
f 1608 1605 1614
f 1612 1559 1607
f 1610 1662 1609
f 1611 1663 1610
f 1611 1612 1664
f 1662 1666 1613
f 1614 1561 1613
f 1615 1668 1669
f 1564 1563 1616
f 1562 1667 1670
f 1670 1667 1565
f 1617 1618 1671
f 1621 1569 5125
f 1673 1620 1570
f 1675 1622 1621
f 1676 1624 1571
f 1627 1623 1573
f 1625 1572 5207
f 1626 1620 1673
f 1626 1679 1628
f 1680 1629 1576
f 1681 1630 1577
f 1579 1630 1682
f 1632 1683 1631
f 1632 1633 1684
f 1687 1635 1634
f 1582 1637 1639
f 1688 1637 1636
f 1587 1585 1638
f 1638 1639 1690
f 1692 1640 1590
f 1693 1694 1642
f 1643 1588 1642
f 1643 1696 1645
f 1697 1644 1645
f 1635 1687 1689
f 1646 1699 1648
f 1593 1647 1700
f 1640 1692 1701
f 1702 1649 1648
f 1702 1704 1650
f 1704 1651 1597
f 1705 1652 1599
f 1653 1652 1707
f 1602 1657 1708
f 1600 1654 1709
f 1710 1657 1603
f 1706 1711 1658
f 1660 1712 1659
f 1606 1659 1713
f 1662 1610 1663
f 1664 1715 1714
f 1714 1715 1666
f 1712 1660 1613
f 1670 1716 1668
f 1718 1669 1668
f 1616 1669 1671
f 1617 1672 1716
f 1672 1671 1720
f 1674 1621 5129
f 1721 1673 1622
f 1723 1675 1674
f 1623 1627 1625
f 1624 1676 1678
f 1725 1724 1678
f 1726 1679 1673
f 1680 1628 1679
f 1727 1681 1629
f 1728 1682 1630
f 1729 1684 1633
f 1632 1685 1730
f 1685 1684 1732
f 1686 1733 1734
f 1686 1634 1683
f 1688 1690 1639
f 1689 1734 1735
f 1641 1638 1691
f 1692 1644 1697
f 1737 1738 1694
f 1695 1642 1694
f 1695 1740 1696
f 1645 1696 1741
f 1697 1698 1742
f 1699 1646 1700
f 1699 1745 1703
f 1647 1701 1746
f 1748 1702 1703
f 1748 1749 1704
f 1651 1704 1749
f 1750 1707 1652
f 1751 1706 1707
f 1753 1708 1657
f 1754 1709 1654
f 1710 1658 1711
f 1751 1757 1711
f 1661 1713 1715
f 1713 1712 1666
f 1668 1716 1759
f 1761 1718 1717
f 1669 1718 1720
f 1716 1672 1719
f 1762 1763 1719
f 1722 1674 5130
f 1764 1721 1675
f 1722 1765 1766
f 1721 1764 1767
f 1726 1767 1727
f 1728 1681 1727
f 1682 1728 1769
f 1770 1732 1684
f 1771 1730 1685
f 1731 1732 1772
f 1730 1771 1733
f 1774 1734 1733
f 1735 1776 1690
f 1777 1735 1734
f 1737 1693 1691
f 1737 1778 1779
f 1739 1694 1738
f 1740 1695 1739
f 1782 1741 1696
f 1783 1784 1742
f 1785 1743 1742
f 1744 1786 1745
f 1744 1700 1746
f 1788 1746 1701
f 1747 1789 1790
f 1749 1748 1790
f 1749 1791 1750
f 1752 1707 1750
f 1752 1793 1794
f 1795 1754 1708
f 1753 1710 1756
f 1754 1795 1797
f 1756 1711 1757
f 1751 1794 1799
f 1760 1717 1759
f 1801 1761 1760
f 1762 1720 1718
f 1800 1759 1719
f 1803 1804 1763
f 1802 1719 1763
f 1723 1766 1805
f 1807 1766 1765
f 1768 1727 1767
f 1809 1769 1728
f 1729 1769 1810
f 1811 1772 1732
f 1731 1773 1812
f 1813 1814 1773
f 1775 1733 1771
f 1775 1815 1816
f 1776 1735 1777
f 1816 1818 1777
f 1737 1776 1817
f 1820 1779 1778
f 1738 1779 1821
f 1780 1822 1781
f 1740 1781 1823
f 1825 1785 1784
f 1745 1786 1826
f 1746 1788 1827
f 1828 1829 1788
f 1826 1830 1789
f 1832 1790 1789
f 1833 1791 1790
f 1792 1750 1791
f 1834 1835 1794
f 1796 1836 1795
f 1796 1756 1798
f 1797 1795 1836
f 1798 1757 1799
f 1794 1835 1840
f 1800 1841 1842
f 1761 1801 1803
f 1804 1803 1801
f 1844 1802 1804
f 1807 1845 1805
f 1846 1847 1807
f 1849 1810 1769
f 1850 1811 1770
f 1772 1811 1851
f 1814 1852 1812
f 1853 1854 1814
f 1775 1812 1852
f 1855 1856 1816
f 1857 1817 1777
f 1818 1816 1856
f 1819 1778 1817
f 1819 1859 1860
f 1861 1821 1779
f 1821 1862 1822
f 1823 1781 1822
f 1825 1864 1828
f 1865 1826 1786
f 1787 1827 1866
f 1867 1829 1828
f 1868 1830 1826
f 1830 1869 1831
f 1870 1871 1832
f 1832 1871 1872
f 1873 1792 1833
f 1873 1834 1793
f 1874 1875 1835
f 1836 1796 1837
f 1837 1798 1839
f 1876 1878 1838
f 1880 1797 1838
f 1839 1799 1840
f 1875 1882 1840
f 1841 1883 1884
f 1843 1804 1842
f 1886 1844 1843
f 1883 1841 1802
f 1807 1847 1887
f 1809 1848 1888
f 1889 1850 1810
f 1890 1851 1811
f 1851 1891 1853
f 1852 1814 1854
f 1893 1894 1854
f 1815 1852 1892
f 1895 1896 1856
f 1857 1818 1858
f 1858 1856 1896
f 1899 1900 1860
f 1820 1860 1901
f 1902 1862 1821
f 1903 1864 1825
f 1904 1866 1827
f 1865 1866 1905
f 1906 1904 1829
f 1907 1867 1864
f 1868 1908 1869
f 1870 1831 1869
f 1910 1911 1871
f 1873 1872 1912
f 1913 1874 1834
f 1915 1875 1874
f 1839 1881 1916
f 1917 1878 1876
f 1879 1838 1878
f 1919 1880 1879
f 1840 1882 1921
f 1922 1882 1875
f 1924 1884 1883
f 1843 1884 1924
f 1925 1926 1886
f 1923 1883 1844
f 1888 1848 1845
f 1849 1888 1928
f 1850 1889 1929
f 1851 1890 1930
f 1893 1853 1891
f 1894 1932 1892
f 1933 1934 1894
f 1855 1892 1932
f 1896 1895 1936
f 1897 1858 1898
f 1938 1898 1896
f 1939 1940 1900
f 1941 1901 1860
f 1942 1902 1861
f 1943 1905 1866
f 1905 1944 1908
f 1919 1906 1867
f 1904 1906 1945
f 1909 1869 1908
f 1948 1910 1870
f 1911 1910 1950
f 1952 1871 1911
f 1874 1913 1953
f 1914 1955 1956
f 1881 1921 1957
f 1877 1916 1958
f 1917 1959 1918
f 1920 1879 1918
f 1907 1946 1880
f 1919 1920 1945
f 1961 1921 1882
f 1915 1956 1962
f 1923 1963 1964
f 1964 1925 1885
f 1926 1925 1966
f 1923 1886 1926
f 1928 1888 1887
f 1889 1928 1970
f 1971 1930 1890
f 1891 1930 1972
f 1933 1893 1931
f 1934 1974 1932
f 1975 1976 1934
f 1895 1932 1974
f 1935 1936 1977
f 1938 1979 1937
f 1899 1897 1937
f 1935 1978 1980
f 1981 1982 1940
f 1900 1940 1983
f 1984 1942 1901
f 1944 1905 1943
f 1945 1986 1985
f 1909 1947 1987
f 1988 1950 1910
f 1949 1989 1951
f 1949 1950 1990
f 1992 1993 1952
f 1912 1871 1952
f 1953 1995 1996
f 1914 1954 1997
f 1956 1955 1990
f 1999 1957 1921
f 1916 1957 2000
f 2001 1959 1917
f 1960 1918 1959
f 1986 1945 1920
f 1962 2003 1961
f 1998 2004 1962
f 1964 1963 2005
f 2006 1966 1925
f 1926 1965 2005
f 1965 1966 2008
f 1968 2009 1967
f 1967 2010 1969
f 1970 1928 1969
f 1929 1970 2011
f 2012 1972 1930
f 1931 1972 2013
f 2014 1975 1933
f 2015 1974 1934
f 2016 2017 1976
f 2015 1977 1936
f 2018 2019 1978
f 1938 1980 2020
f 1939 1937 1979
f 1980 1978 2019
f 2022 2023 1982
f 1983 1940 1982
f 1941 1983 2025
f 1985 2027 1947
f 2027 1985 1986
f 1987 1947 2027
f 1948 1987 2029
f 1998 1990 1950
f 1991 2030 1989
f 1992 1951 1989
f 1955 1997 1991
f 2032 1993 1992
f 1952 1993 2034
f 1994 1995 1953
f 2036 1996 1995
f 1954 1996 2037
f 1999 2038 2000
f 2001 1958 2000
f 2040 2002 1959
f 2004 2041 2003
f 1988 2029 2004
f 2042 2043 2006
f 1966 2006 2043
f 2042 2005 1965
f 2007 2008 2044
f 2009 2047 2010
f 2047 2011 1970
f 2011 2048 2012
f 1972 2012 2049
f 1973 2013 2050
f 2016 1975 2014
f 2015 1976 2017
f 2054 2017 2016
f 2052 2018 1977
f 2055 2056 2019
f 2020 1980 2021
f 1981 1979 2020
f 2021 2019 2056
f 2023 2022 2060
f 2024 1982 2023
f 2024 2062 2025
f 1984 2025 2063
f 2028 2027 2002
f 2029 1987 2028
f 1997 2037 2030
f 2030 2065 2031
f 1992 2031 2066
f 2067 2034 1993
f 2032 2033 2068
f 2035 1995 1994
f 2035 2070 2071
f 2037 1996 2073
f 2003 2041 2038
f 2041 2004 2029
f 2042 2074 2075
f 2044 2008 2043
f 2007 2045 2074
f 2009 2046 2077
f 2048 2011 2047
f 2048 2078 2049
f 2013 2049 2079
f 2051 2014 2050
f 2053 2016 2051
f 2052 2017 2054
f 2083 2084 2054
f 2085 2018 2052
f 2056 2055 2087
f 2057 2060 2022
f 2058 2088 2057
f 2058 2056 2086
f 2059 2090 2061
f 2059 2060 2091
f 2061 2093 2062
f 2063 2025 2062
f 2064 2028 2040
f 2072 2065 2030
f 2066 2031 2065
f 2033 2066 2096
f 2034 2067 2070
f 2097 2098 2069
f 2071 2070 2100
f 2101 2073 2036
f 2101 2102 2072
f 2039 2038 2041
f 2074 2103 2104
f 2044 2075 2106
f 2103 2074 2045
f 2107 2077 2046
f 2077 2107 2078
f 2078 2109 2110
f 2111 2080 2050
f 2081 2051 2080
f 2081 2113 2114
f 2082 2054 2084
f 2084 2083 2116
f 2115 2118 2085
f 2118 2087 2055
f 2086 2087 2120
f 2088 2091 2060
f 2089 2121 2088
f 2122 2089 2086
f 2059 2092 2123
f 2124 2093 2061
f 2125 2126 2092
f 2094 2062 2093
f 2065 2072 2102
f 2128 2096 2066
f 2068 2096 2129
f 2130 2100 2070
f 2131 2132 2069
f 2101 2071 2099
f 2135 2099 2100
f 2101 2133 2136
f 2103 2137 2138
f 2105 2106 2139
f 2105 2140 2137
f 2076 2108 2141
f 2107 2141 2109
f 2144 2110 2109
f 2111 2145 2112
f 2079 2110 2144
f 2113 2081 2112
f 2113 2147 2148
f 2115 2084 2117
f 2114 2148 2116
f 2150 2117 2116
f 2149 2152 2118
f 2087 2118 2152
f 2091 2088 2121
f 2153 2154 2122
f 2123 2092 2126
f 2124 2090 2123
f 2157 2127 2093
f 2158 2159 2126
f 2095 2102 2136
f 2160 2129 2096
f 2162 2097 2129
f 2100 2130 2163
f 2131 2163 2130
f 2165 2131 2098
f 2166 2133 2099
f 2134 2167 2168
f 2133 2166 2169
f 2137 2170 2171
f 2139 2106 2104
f 2140 2139 2172
f 2140 2173 2170
f 2174 2141 2108
f 2143 2176 2177
f 2144 2177 2145
f 2146 2112 2145
f 2146 2179 2147
f 2147 2180 2181
f 2117 2150 2182
f 2148 2181 2151
f 2151 2183 2184
f 2182 2185 2152
f 2120 2152 2185
f 2187 2158 2125
f 2119 2186 2188
f 2189 2190 2154
f 2191 2122 2154
f 2193 2156 2123
f 2194 2155 2126
f 2156 2195 2157
f 2196 2197 2159
f 2136 2169 2160
f 2161 2129 2160
f 2161 2199 2200
f 2163 2201 2167
f 2164 2098 2162
f 2131 2165 2201
f 2164 2202 2203
f 2204 2166 2135
f 2166 2204 2205
f 2171 2170 2207
f 2172 2139 2138
f 2209 2173 2172
f 2209 2207 2170
f 2142 2175 2210
f 2212 2213 2176
f 2176 2214 2215
f 2178 2145 2177
f 2146 2178 2216
f 2180 2147 2179
f 2219 2181 2180
f 2150 2184 2220
f 2183 2151 2181
f 2183 2221 2222
f 2223 2185 2182
f 2185 2223 2224
f 2225 2196 2158
f 2226 2188 2186
f 2227 2189 2153
f 2228 2229 2190
f 2192 2154 2190
f 2187 2191 2192
f 2193 2231 2195
f 2155 2194 2232
f 2159 2197 2233
f 2197 2196 2234
f 2198 2160 2169
f 2198 2236 2199
f 2237 2200 2199
f 2201 2239 2240
f 2200 2237 2202
f 2165 2203 2239
f 2202 2241 2242
f 2168 2243 2244
f 2245 2205 2204
f 2172 2171 2206
f 2246 2247 2206
f 2248 2249 2209
f 2249 2246 2207
f 2175 2211 2250
f 2174 2210 2213
f 2214 2176 2213
f 2214 2252 2253
f 2215 2253 2216
f 2254 2217 2179
f 2180 2217 2255
f 2218 2256 2257
f 2220 2184 2259
f 2219 2257 2221
f 2221 2260 2261
f 2262 2223 2220
f 2224 2223 2262
f 2264 2234 2196
f 2265 2227 2188
f 2224 2263 2266
f 2229 2228 2268
f 2190 2229 2269
f 2270 2225 2192
f 2193 2232 2271
f 2272 2232 2194
f 2273 2233 2197
f 2235 2234 2275
f 2205 2245 2236
f 2276 2238 2199
f 2238 2277 2278
f 2279 2240 2239
f 2237 2278 2241
f 2203 2242 2280
f 2281 2282 2242
f 2283 2244 2243
f 2283 2285 2245
f 2208 2206 2247
f 2246 2286 2287
f 2249 2248 2289
f 2288 2286 2246
f 2290 2250 2211
f 2251 2213 2210
f 2251 2292 2252
f 2252 2293 2294
f 2254 2216 2253
f 2217 2254 2295
f 2255 2296 2256
f 2258 2259 2297
f 2260 2221 2257
f 2261 2260 2301
f 2297 2259 2222
f 2302 2262 2258
f 2262 2302 2303
f 2304 2275 2234
f 2266 2305 2265
f 2306 2227 2265
f 2308 2269 2229
f 2306 2268 2228
f 2271 2232 2309
f 2233 2273 2311
f 2273 2235 2274
f 2313 2274 2275
f 2236 2245 2285
f 2315 2277 2238
f 2316 2278 2277
f 2284 2240 2279
f 2280 2319 2320
f 2321 2241 2278
f 2319 2280 2242
f 2282 2281 2323
f 2283 2284 2318
f 2324 2325 2285
f 2248 2247 2287
f 2326 2327 2287
f 2288 2289 2328
f 2288 2329 2326
f 2330 2290 7438
f 2251 2250 2331
f 2333 2293 2252
f 2293 2334 2335
f 2295 2254 2294
f 2255 2295 2336
f 2296 2337 2338
f 2339 2301 2260
f 2300 2340 2297
f 2298 2341 2342
f 2302 2342 2343
f 2314 2275 2304
f 2345 2304 2264
f 2307 2265 2305
f 2308 2348 2349
f 2351 2308 2267
f 2352 2353 2268
f 2312 2355 2311
f 2311 2354 2309
f 2312 2274 2357
f 2357 2274 2313
f 2358 2313 2314
f 2276 2285 2325
f 2315 2360 2317
f 2317 2361 2362
f 2318 2279 2320
f 2364 2320 2319
f 2316 2362 2366
f 2365 2319 2282
f 2321 2366 2323
f 2368 2322 2323
f 2324 2318 2363
f 2369 2370 2325
f 2287 2327 2328
f 2371 2327 2326
f 2373 2374 2329
f 2326 2329 2374
f 2332 2375 2330
f 2330 2376 2331
f 2377 2292 2331
f 2379 2293 2333
f 2334 2293 2379
f 2334 2381 2382
f 2295 2335 2382
f 2337 2296 2336
f 2338 2337 2384
f 2338 2339 2299
f 2386 2387 2301
f 2340 2300 2389
f 2341 2298 2340
f 2341 2390 2391
f 2342 2391 2392
f 2393 2394 2303
f 2396 2344 2304
f 2314 2344 2397
f 2400 2307 2346
f 2401 2346 2305
f 2395 2402 2347
f 2351 2403 2348
f 2345 2349 2348
f 2404 2405 2351
f 2350 2267 2353
f 2353 2352 2408
f 2356 2411 2355
f 2354 2311 2355
f 2356 2357 2412
f 2414 2412 2357
f 2359 2415 2414
f 2315 2325 2370
f 2361 2317 2360
f 2418 2362 2361
f 2419 2363 2320
f 2420 2364 2365
f 2422 2366 2362
f 2322 2368 2421
f 2367 2323 2366
f 2367 2423 2424
f 2363 2419 2425
f 2369 2425 2426
f 2371 2373 2328
f 2428 2371 2372
f 2374 2373 2430
f 2429 2427 2372
f 2432 2376 2330
f 2433 2377 2376
f 2378 2333 2377
f 2434 2381 2334
f 2435 2436 2382
f 2383 2437 2384
f 2383 2336 2436
f 2385 2386 2339
f 2440 2387 2386
f 2388 2389 2441
f 2442 2390 2341
f 2444 2391 2390
f 2392 2391 2444
f 2393 2343 2392
f 2393 2447 2448
f 2394 2449 2395
f 2397 2450 2415
f 2399 2451 2452
f 2352 2307 2400
f 2399 2346 2401
f 2398 2455 2456
f 2458 2347 2402
f 2347 2458 2455
f 2403 2351 2405
f 2396 2348 2403
f 2406 2461 2404
f 2462 2452 2405
f 2407 2463 2406
f 2352 2453 2464
f 2407 2408 2465
f 2467 2410 2409
f 2413 2469 2411
f 2409 2355 2411
f 2413 2412 2471
f 2412 2414 2472
f 2472 2414 2415
f 2416 2360 2370
f 2361 2416 2474
f 2417 2475 2476
f 2477 2419 2364
f 2420 2421 2478
f 2480 2422 2418
f 2424 2478 2421
f 2422 2480 2423
f 2424 2423 2481
f 2419 2477 2483
f 2484 2426 2425
f 2430 2373 2371
f 2485 2486 2428
f 2429 2430 2487
f 2433 2432 2490
f 2491 2492 2378
f 2490 2432 2434
f 2381 2434 2493
f 2436 2435 2495
f 2496 2437 2383
f 2497 2498 2384
f 2439 2386 2385
f 2500 2501 2442
f 2501 2443 2390
f 2444 2443 2503
f 2504 2446 2392
f 2446 2505 2447
f 2447 2506 2507
f 2394 2448 2508
f 2509 2510 2450
f 2473 2415 2450
f 2399 2454 2511
f 2462 2453 2400
f 2512 2454 2401
f 2457 2402 2449
f 2514 2455 2458
f 2459 2509 2460
f 2459 2405 2452
f 2463 2515 2461
f 2462 2404 2461
f 2466 2517 2463
f 2516 2464 2453
f 2408 2464 2518
f 2520 2466 2465
f 2467 2468 2522
f 2470 2523 2469
f 2468 2411 2469
f 2524 2525 2470
f 2472 2526 2527
f 2526 2472 2473
f 2474 2416 2426
f 2417 2474 2528
f 2476 2475 2530
f 2479 2531 2477
f 2532 2533 2479
f 2534 2480 2476
f 2482 2532 2478
f 2481 2423 2480
f 2535 2536 2482
f 2537 2483 2477
f 2483 2537 2538
f 2485 2539 2540
f 2488 2487 2542
f 2431 2489 2544
f 2491 2490 2380
f 2547 2548 2496
f 2549 2550 2498
f 2439 2498 2550
f 2553 2501 2500
f 2441 2552 2555
f 2556 2443 2501
f 2557 2558 2502
f 2445 2559 2560
f 2505 2561 2506
f 2563 2507 2506
f 2508 2448 2507
f 2511 2450 2510
f 2473 2511 2454
f 2526 2512 2456
f 2565 2457 2508
f 2566 2514 2513
f 2517 2568 2515
f 2516 2461 2515
f 2570 2571 2517
f 2569 2518 2464
f 2572 2465 2518
f 2575 2520 2519
f 2572 2576 2519
f 2522 2577 2578
f 2579 2577 2525
f 2514 2566 2527
f 2538 2528 2474
f 2580 2530 2475
f 2529 2530 2582
f 2531 2479 2533
f 2584 2585 2533
f 2581 2586 2534
f 2532 2482 2536
f 2535 2481 2534
f 2587 2588 2536
f 2589 2537 2531
f 2590 2538 2537
f 2591 2539 2485
f 2540 2539 2593
f 2540 2594 2595
f 2541 2542 2596
f 2543 2597 2544
f 2547 2495 2544
f 2547 2598 2599
f 2496 2548 2600
f 2497 2600 2601
f 2550 2549 2603
f 2604 2499 2440
f 2554 2500 2555
f 2553 2554 2607
f 2605 2609 2555
f 2553 2608 2610
f 2611 2612 2558
f 2559 2445 2502
f 2557 2503 2556
f 2559 2614 2615
f 2504 2560 2616
f 2561 2505 2617
f 2506 2561 2619
f 2567 2565 2563
f 2565 2567 2513
f 2566 2567 2562
f 2568 2517 2571
f 2621 2569 2515
f 2622 2623 2571
f 2573 2518 2569
f 2573 2624 2576
f 2574 2625 2626
f 2570 2520 2575
f 2574 2519 2576
f 2523 2525 2577
f 2579 2562 2578
f 2527 2566 2579
f 2528 2538 2590
f 2530 2580 2629
f 2581 2582 2631
f 2583 2533 2585
f 2585 2584 2634
f 2630 2635 2586
f 2588 2634 2584
f 2535 2586 2635
f 2588 2587 2636
f 2589 2583 2632
f 2638 2639 2590
f 2591 2640 2593
f 2592 2641 2594
f 2643 2592 2593
f 2542 2595 2594
f 2640 2591 2596
f 2543 2645 2646
f 2647 2599 2598
f 2649 2600 2548
f 2650 2601 2600
f 2601 2651 2603
f 2602 2652 2653
f 2602 2603 2654
f 2604 2656 2605
f 2551 2653 2656
f 2606 2657 2607
f 2606 2555 2609
f 2607 2659 2660
f 2662 2609 2605
f 2608 2660 2663
f 2557 2610 2663
f 2665 2612 2611
f 2559 2558 2612
f 2560 2615 2666
f 2618 2617 2667
f 2669 2670 2619
f 2619 2671 2628
f 2621 2568 2620
f 2620 2571 2623
f 2674 2675 2623
f 2672 2624 2573
f 2576 2624 2676
f 2627 2677 2625
f 2625 2678 2679
f 2674 2622 2575
f 2639 2629 2580
f 2582 2629 2680
f 2630 2631 2681
f 2632 2585 2633
f 2633 2634 2685
f 2682 2686 2635
f 2637 2685 2634
f 2686 2636 2587
f 2687 2688 2637
f 2638 2632 2683
f 2689 2690 2639
f 2593 2640 2691
f 2592 2643 2692
f 2596 2594 2641
f 2642 2693 2694
f 2695 2691 2640
f 2697 2597 2646
f 2699 2649 2599
f 2697 2700 2647
f 2650 2701 2651
f 2702 2650 2649
f 2654 2603 2651
f 2652 2602 2655
f 2652 2705 2656
f 2706 2661 2605
f 2606 2658 2707
f 2659 2607 2657
f 2709 2658 2609
f 2711 2660 2659
f 2712 2662 2661
f 2714 2715 2663
f 2664 2716 2717
f 2612 2665 2718
f 2664 2611 2715
f 2720 2666 2615
f 2616 2666 2667
f 2668 2667 2723
f 2668 2724 2669
f 2724 2725 2670
f 2671 2619 2670
f 2673 2727 2672
f 2673 2623 2675
f 2729 2675 2674
f 2727 2676 2624
f 2627 2676 2731
f 2677 2732 2678
f 2678 2733 2734
f 2626 2679 2730
f 2690 2680 2629
f 2631 2680 2735
f 2736 2737 2682
f 2684 2738 2683
f 2684 2685 2739
f 2737 2741 2686
f 2685 2637 2688
f 2636 2686 2741
f 2688 2687 2743
f 2689 2683 2738
f 2744 2745 2690
f 2693 2642 2691
f 2747 2692 2643
f 2641 2692 2695
f 2748 2694 2693
f 2691 2695 2750
f 2696 2751 2698
f 2698 2753 2700
f 2700 2754 2699
f 2650 2702 2755
f 2756 2702 2699
f 2704 2757 2705
f 2706 2758 2713
f 2759 2707 2658
f 2657 2707 2760
f 2708 2761 2710
f 2762 2709 2662
f 2710 2763 2764
f 2660 2711 2765
f 2712 2713 2766
f 2664 2719 2768
f 2770 2717 2716
f 2771 2718 2665
f 2721 2615 2718
f 2723 2667 2666
f 2721 2772 2773
f 2724 2668 2722
f 2722 2723 2776
f 2774 2777 2725
f 2726 2670 2725
f 2728 2779 2727
f 2780 2728 2675
f 2730 2781 2782
f 2779 2731 2676
f 2731 2783 2732
f 2733 2678 2732
f 2785 2734 2733
f 2781 2730 2679
f 2680 2690 2745
f 2681 2735 2787
f 2788 2789 2737
f 2740 2790 2738
f 2740 2739 2791
f 2789 2793 2741
f 2742 2791 2739
f 2687 2741 2793
f 2794 2742 2743
f 2744 2738 2790
f 2796 2797 2745
f 2747 2750 2695
f 2694 2748 2798
f 2748 2749 2799
f 2746 2750 2801
f 2752 2803 2804
f 2754 2700 2753
f 2806 2755 2702
f 2808 2705 2757
f 2766 2713 2758
f 2709 2762 2811
f 2707 2759 2812
f 2813 2763 2710
f 2767 2814 2762
f 2763 2815 2816
f 2711 2764 2817
f 2714 2765 2818
f 2766 2820 2821
f 2822 2769 2716
f 2769 2823 2824
f 2825 2771 2717
f 2772 2721 2771
f 2773 2776 2723
f 2827 2773 2772
f 2775 2828 2774
f 2828 2829 2777
f 2778 2725 2777
f 2831 2779 2728
f 2782 2832 2780
f 2781 2833 2834
f 2779 2831 2783
f 2784 2732 2783
f 2784 2836 2786
f 2786 2837 2838
f 2839 2833 2781
f 2735 2745 2797
f 2736 2787 2840
f 2841 2842 2789
f 2792 2843 2790
f 2792 2791 2845
f 2793 2789 2842
f 2794 2845 2791
f 2795 2743 2793
f 2795 2847 2848
f 2796 2790 2843
f 2849 2850 2797
f 2747 2798 2801
f 2748 2800 2851
f 2749 2801 2852
f 2800 2799 2853
f 2752 2802 2856
f 2753 2751 2857
f 2858 2806 2756
f 2859 2860 2808
f 2861 2809 2705
f 2810 2862 2820
f 2812 2759 2811
f 2812 2864 2865
f 2866 2867 2763
f 2867 2868 2815
f 2869 2870 2816
f 2871 2817 2764
f 2817 2872 2818
f 2819 2818 2873
f 2875 2821 2820
f 2822 2877 2823
f 2768 2819 2874
f 2878 2824 2823
f 2880 2825 2770
f 2826 2772 2825
f 2773 2827 2881
f 2827 2826 2883
f 2881 2884 2828
f 2884 2885 2829
f 2830 2777 2829
f 2831 2780 2832
f 2782 2834 2888
f 2834 2833 2889
f 2835 2783 2831
f 2835 2891 2836
f 2837 2786 2836
f 2893 2838 2837
f 2839 2785 2838
f 2895 2889 2833
f 2850 2840 2787
f 2788 2840 2896
f 2842 2841 2898
f 2844 2899 2843
f 2844 2845 2900
f 2846 2842 2897
f 2848 2900 2845
f 2846 2902 2847
f 2904 2848 2847
f 2849 2843 2899
f 2905 2906 2850
f 2798 2851 2852
f 2854 2907 2851
f 2799 2852 2908
f 2854 2853 2910
f 2911 2751 2804
f 5165 2913 2855
f 2802 2855 2914
f 2915 2916 2803
f 2805 2857 2917
f 2860 2918 2862
f 2876 2820 2862
f 2864 2812 2863
f 2811 2814 2921
f 2922 2865 2864
f 2813 2865 2922
f 2867 2866 2924
f 2925 2926 2868
f 2927 2869 2815
f 2928 2929 2870
f 2816 2870 2930
f 2871 2931 2872
f 2873 2818 2872
f 2874 2873 2924
f 2934 2814 2821
f 2875 2876 2935
f 2874 2933 2877
f 2877 2923 2879
f 2824 2878 2937
f 2938 2878 2879
f 2880 2937 2883
f 2884 2881 2827
f 2883 2936 2935
f 2882 2935 2885
f 2886 2829 2885
f 2887 2832 2888
f 2940 2888 2834
f 2890 2889 2942
f 2939 2891 2835
f 2892 2836 2891
f 2944 2894 2837
f 2895 2838 2893
f 2946 2947 2893
f 2945 2942 2889
f 2906 2896 2840
f 2841 2896 2948
f 2897 2898 2949
f 2844 2901 2951
f 2950 2952 2902
f 2904 2953 2900
f 2903 2847 2902
f 2954 2955 2904
f 2899 2951 2956
f 2956 2957 2906
f 2851 2907 2908
f 2909 2958 2907
f 2853 2908 2959
f 2909 2910 2960
f 2911 2912 2961
f 2914 2855 2913
f 2915 2965 2966
f 2916 2961 2912
f 2968 2917 2857
f 2919 2862 2918
f 2885 2935 2876
f 2920 2879 2923
f 2863 2921 2938
f 2923 2877 2933
f 2933 2924 2866
f 2925 2924 2873
f 2932 2970 2926
f 2868 2926 2971
f 2869 2927 2972
f 2973 2974 2929
f 2930 2870 2929
f 2871 2930 2976
f 2931 2970 2932
f 2875 2936 2977
f 2878 2938 2977
f 2977 2936 2883
f 2888 2940 2978
f 2940 2890 2941
f 2941 2942 2980
f 2978 2943 2891
f 2943 2982 2944
f 2894 2944 2983
f 2945 2893 2947
f 2985 2986 2947
f 2984 2980 2942
f 2957 2948 2896
f 2898 2948 2987
f 2950 2949 2989
f 2990 2951 2901
f 2988 2991 2952
f 2953 2904 2955
f 2903 2952 2991
f 2993 2994 2955
f 2995 2956 2951
f 2995 2996 2957
f 2907 2958 2959
f 2959 2958 2960
f 2997 2998 2962
f 2964 3000 2963
f 2914 2963 2965
f 3002 2966 2965
f 2961 2916 2966
f 2968 2967 3005
f 2921 2934 2977
f 2926 2970 3006
f 2928 2972 3007
f 3008 3009 2974
f 2975 2929 2974
f 3011 2976 2930
f 2976 3006 2970
f 3012 2978 2940
f 2941 2981 3013
f 3014 2981 2980
f 2978 3012 2982
f 3016 2983 2944
f 2985 2946 2983
f 2984 2947 2986
f 2985 3019 3020
f 3015 2980 2984
f 2996 2987 2948
f 2949 2987 3021
f 2990 2953 2992
f 2988 3023 3024
f 2992 2955 2994
f 2954 2991 3024
f 2994 2993 3027
f 2990 3022 3028
f 2995 3028 3029
f 3030 3031 2998
f 2999 2962 2998
f 3033 3000 2964
f 2965 2963 3000
f 5172 2969 2968
f 3005 3035 3036
f 3040 2971 3006
f 2972 3041 3042
f 2973 3007 3043
f 3008 3044 3045
f 2974 3009 3046
f 3047 3011 2975
f 2976 3011 3039
f 2979 3013 3048
f 3049 3013 2981
f 3015 3050 3051
f 3016 2982 3012
f 3052 3017 2983
f 3017 3053 3019
f 3018 2986 3020
f 3055 3020 3019
f 3054 3050 3015
f 2987 2996 3029
f 2989 3021 3057
f 2992 3025 3058
f 3024 3023 3060
f 2994 3026 3061
f 3059 3027 2993
f 3026 3027 3062
f 3058 3064 3028
f 3065 3029 3028
f 3066 3067 3031
f 3068 3032 2998
f 3034 3069 3033
f 3000 3033 3070
f 3004 3036 3038
f 3074 3036 3035
f 3078 3040 3039
f 3042 3041 3040
f 3007 3042 3079
f 3008 3043 3080
f 3081 3045 3044
f 3009 3045 3083
f 3010 3046 3084
f 3077 3039 3011
f 3085 3048 3013
f 3014 3051 3086
f 3050 3087 3088
f 3052 3016 3048
f 3052 3089 3053
f 3053 3090 3056
f 3091 3054 3020
f 3056 3092 3093
f 3087 3050 3054
f 3065 3057 3021
f 3057 3094 3060
f 3095 3058 3025
f 3059 3060 3096
f 3061 3026 3063
f 3097 3062 3027
f 3099 3100 3063
f 3101 3064 3058
f 3064 3101 3102
f 3066 3103 3104
f 3105 3068 3031
f 3107 3032 3068
f 3034 3071 3108
f 3033 3069 3109
f 3070 3110 3072
f 3111 3071 3037
f 3002 3072 3103
f 3036 3074 3076
f 3112 3113 3074
f 3106 3073 3035
f 3075 3076 3074
f 3116 3078 3077
f 3079 3042 3078
f 3118 3080 3043
f 3119 3083 3045
f 3120 3081 3082
f 3122 3084 3046
f 3047 3084 3117
f 3123 3085 3049
f 3051 3088 3124
f 3087 3125 3126
f 3085 3123 3089
f 3089 3127 3090
f 3092 3056 3090
f 3055 3093 3129
f 3093 3092 3131
f 3091 3129 3125
f 3065 3102 3094
f 3096 3060 3094
f 3061 3098 3133
f 3134 3135 3097
f 3063 3100 3136
f 3099 3062 3097
f 3137 3138 3100
f 3095 3133 3139
f 3140 3102 3101
f 3067 3104 3141
f 3068 3105 3142
f 3111 3143 3108
f 3144 3109 3069
f 5175 3114 3145
f 3146 3113 3112
f 3106 3148 3112
f 3075 3113 3149
f 3150 5180 5178
f 3117 3151 3152
f 3116 3152 3118
f 3153 3154 3080
f 3155 3119 3081
f 3119 3156 3157
f 3158 3159 3121
f 3121 3160 3161
f 3151 3117 3084
f 3086 3124 3162
f 3088 3126 3163
f 3126 3125 3165
f 3123 3162 3127
f 3090 3127 3166
f 3131 3092 3128
f 3130 3168 3129
f 3130 3131 3169
f 3125 3129 3168
f 3102 3171 3132
f 3132 3172 3134
f 3133 3098 3136
f 3174 3135 3134
f 3137 3099 3135
f 3137 3175 3176
f 3139 3133 3173
f 3139 3177 3178
f 3104 3179 3180
f 3181 3142 3105
f 3142 3182 3183
f 3111 3145 3184
f 3186 3108 3143
f 3110 3109 3144
f 3187 3145 3114
f 3148 3188 3147
f 3146 3147 3189
f 3183 3191 3148
f 3115 3149 3193
f 3196 3152 3151
f 3153 3118 3152
f 3158 3154 3153
f 3120 3161 3198
f 3119 3155 3199
f 3195 3157 3156
f 3197 3201 3159
f 3160 3121 3159
f 3204 3161 3160
f 3195 3151 3122
f 3163 3205 3162
f 3206 3163 3126
f 3164 3165 3207
f 3127 3162 3205
f 3209 3167 3128
f 3131 3167 3210
f 3170 3211 3168
f 3170 3169 3213
f 3211 3207 3165
f 3214 3172 3132
f 3173 3136 3138
f 3215 3174 3172
f 3174 3215 3175
f 3175 3216 3217
f 3176 3217 3177
f 3178 3177 3218
f 3179 3144 3186
f 3141 3180 3220
f 3181 3221 3182
f 3182 3222 3191
f 3223 3184 3145
f 3185 3143 3184
f 3225 3186 3185
f 3227 3187 5179
f 3188 3148 3191
f 3229 3147 3188
f 3190 3189 3231
f 3190 3193 3149
f 3150 3193 3233
f 3195 3200 3235
f 3196 3235 3197
f 3236 3198 3161
f 3237 3199 3155
f 3156 3199 3238
f 3201 3197 3235
f 3202 3159 3201
f 3203 3160 3202
f 3242 3204 3203
f 3206 3244 3205
f 3206 3164 3208
f 3208 3207 3246
f 3166 3205 3244
f 3167 3209 3248
f 3249 3213 3169
f 3212 3250 3211
f 3212 3213 3251
f 3250 3246 3207
f 3214 3171 3140
f 3253 3254 3215
f 3215 3254 3216
f 3217 3216 3256
f 3253 3178 3219
f 3225 3220 3180
f 3258 3259 3221
f 3260 3222 3182
f 3228 3191 3222
f 3262 3224 3184
f 3263 3223 3187
f 3224 3264 3226
f 3226 3265 3266
f 3267 3227 3192
f 3228 3268 3230
f 3270 3229 3230
f 3270 3231 3189
f 3271 3272 3232
f 3193 3190 3232
f 3273 3234 3194
f 3239 3235 3200
f 3236 3274 3237
f 3275 3236 3204
f 3276 3238 3199
f 3239 3277 3240
f 3241 3202 3240
f 3241 3279 3243
f 3243 3280 3281
f 3244 3206 3245
f 3245 3208 3247
f 3284 3285 3247
f 3282 3248 3209
f 3210 3248 3286
f 3287 3251 3213
f 3252 3288 3250
f 3252 3251 3290
f 3246 3250 3288
f 3257 3291 3254
f 3216 3254 3291
f 3292 3218 3217
f 3255 3256 3293
f 3257 3219 3296
f 3266 3258 3220
f 3259 3258 3266
f 3298 3260 3221
f 3299 3261 3222
f 3228 3261 3300
f 3262 3301 3264
f 3223 3263 3302
f 3227 3267 3303
f 3265 3226 3264
f 3266 3265 3305
f 3269 3230 3268
f 3269 3308 3309
f 3271 3231 3270
f 3310 3311 3272
f 3233 3232 3272
f 3234 3273 3312
f 3277 3239 3238
f 3275 3313 3274
f 3276 3237 3274
f 3281 3315 3275
f 3278 3240 3277
f 3279 3241 3278
f 3280 3243 3279
f 3280 3319 3320
f 3282 3245 3283
f 3283 3247 3285
f 3323 3324 3285
f 3321 3286 3248
f 3325 3287 3249
f 3326 3290 3251
f 3288 3252 3289
f 3328 3289 3290
f 3323 3284 3288
f 3330 3291 3257
f 3256 3291 3331
f 3292 3255 3294
f 3294 3293 3333
f 3292 3332 3296
f 3296 3335 3336
f 3337 3298 3259
f 3338 3299 3260
f 3261 3299 3339
f 3300 3340 3307
f 3302 3341 3301
f 3342 3304 3264
f 3302 3263 3303
f 3344 3303 3267
f 3265 3304 3345
f 3297 3305 3346
f 3307 3348 3308
f 3349 3309 3308
f 3351 3310 3271
f 3311 3310 3352
f 3311 3312 3273
f 8445 3312 3354
f 3314 3316 3277
f 3313 3275 3315
f 3314 3274 3313
f 3357 3315 3281
f 3317 3278 3316
f 3317 3359 3318
f 3318 3360 3319
f 3361 3320 3319
f 3322 3363 3321
f 3322 3285 3324
f 3365 3366 3324
f 3286 3321 3363
f 3367 3326 3287
f 3326 3368 3329
f 3289 3328 3369
f 3370 3328 3329
f 3327 3369 3365
f 3330 3295 3336
f 3293 3331 3373
f 3334 3374 3332
f 3375 3376 3334
f 3332 3374 3335
f 3378 3336 3335
f 3379 3338 3298
f 3380 3339 3299
f 3300 3339 3381
f 3340 3382 3348
f 3343 3383 3341
f 3301 3341 3384
f 3385 3345 3304
f 3343 3303 3344
f 3347 3387 3344
f 3305 3345 3388
f 3337 3346 3389
f 3348 3391 3350
f 3350 3392 3393
f 3394 3352 3310
f 3352 3395 3396
f 3353 3354 3312
f 3397 8528 8485
f 3356 3358 3316
f 3355 3315 3399
f 3355 3400 3356
f 3357 3320 3361
f 3358 3402 3359
f 3360 3318 3359
f 3360 3404 3362
f 3361 3362 3405
f 3364 3407 3363
f 3324 3366 3408
f 3409 3410 3366
f 3407 3367 3325
f 3326 3367 3411
f 3371 3329 3368
f 3413 3369 3328
f 3370 3371 3414
f 3365 3369 3413
f 3372 3336 3378
f 3372 3373 3331
f 3333 3373 3417
f 3418 3374 3334
f 3419 3420 3376
f 3377 3335 3374
f 3377 3421 3422
f 3423 3380 3338
f 3339 3380 3424
f 3381 3425 3382
f 3391 3348 3382
f 3342 3384 3427
f 3428 3388 3345
f 3386 3344 3387
f 3390 3430 3387
f 3431 3389 3346
f 3379 3389 3432
f 3391 3434 3392
f 3436 3393 3392
f 3393 3394 3351
f 3394 3437 3395
f 3395 3438 3439
f 3396 3397 3354
f 8528 3397 3440
f 3356 3400 3402
f 3400 3355 3398
f 3398 3399 3443
f 3361 3406 3445
f 3401 3443 3399
f 3403 3359 3402
f 3403 3447 3404
f 3362 3404 3448
f 3406 3405 3450
f 3408 3451 3407
f 3410 3452 3408
f 3453 3454 3410
f 3451 3411 3367
f 3368 3411 3455
f 3456 3414 3371
f 3413 3370 3415
f 3415 3414 3459
f 3457 3453 3409
f 3460 3416 3378
f 3416 3417 3373
f 3375 3417 3461
f 3418 3376 3420
f 3463 3464 3420
f 3418 3462 3421
f 3422 3421 3466
f 3467 3424 3380
f 3381 3424 3468
f 3426 3382 3425
f 3391 3426 3470
f 3384 3383 3471
f 3472 3428 3385
f 3388 3428 3473
f 3429 3387 3430
f 3386 3429 3475
f 3476 3430 3390
f 3477 3432 3389
f 3423 3432 3478
f 3433 5188 5189
f 3435 3392 3434
f 3435 3481 3482
f 3437 3394 3393
f 3437 3483 3438
f 3485 3439 3438
f 3397 3396 3439
f 3440 3486 3441
f 3442 3446 3402
f 3442 3398 3444
f 3489 3490 3444
f 3445 3406 3449
f 3445 3489 3443
f 3403 3446 3492
f 3493 3448 3404
f 3405 3448 3494
f 3449 3450 3495
f 3451 3408 3452
f 3454 3498 3452
f 3499 3500 3454
f 3497 3455 3411
f 3501 3456 3412
f 3414 3456 3502
f 3457 3415 3458
f 3504 3505 3458
f 3503 3499 3453
f 3465 3506 3460
f 3417 3416 3460
f 3461 3507 3508
f 3462 3420 3464
f 3464 3463 3511
f 3421 3462 3509
f 3465 3466 3512
f 3514 3468 3424
f 3425 3468 3515
f 3516 3470 3426
f 3434 3470 3517
f 3428 3472 3518
f 3431 3473 3519
f 3520 3474 3430
f 3474 3521 3475
f 3433 3479 3522
f 3478 3432 3477
f 3467 3478 3524
f 3480 3526 3481
f 3528 3482 3481
f 3436 3482 3483
f 3484 3438 3483
f 3484 3530 3531
f 3486 3440 3439
f 3486 3532 3487
f 3488 3492 3446
f 3488 3444 3490
f 3535 3536 3490
f 3491 3449 3496
f 3491 3535 3489
f 3447 3492 3538
f 3539 3494 3448
f 3540 3495 3450
f 3541 3542 3496
f 3497 3452 3498
f 3544 3498 3454
f 3500 3499 3546
f 3501 3455 3497
f 3547 3502 3456
f 3459 3502 3548
f 3503 3458 3505
f 3504 3550 3551
f 3549 3546 3499
f 3513 3552 3506
f 3461 3460 3506
f 3507 3553 3554
f 3510 3555 3509
f 3463 3508 3554
f 3511 3556 3557
f 3509 3555 3558
f 3559 3560 3513
f 3514 3561 3515
f 3562 3516 3469
f 3563 3517 3470
f 3517 3564 3526
f 3566 3519 3473
f 3523 3477 3519
f 3568 3520 3476
f 3474 3520 3569
f 3570 3471 3475
f 3571 3522 3479
f 3561 3514 3524
f 5192 3573 3525
f 3527 3481 3526
f 3575 3528 3527
f 3482 3528 3529
f 3529 3577 3530
f 3530 3578 3579
f 3485 3531 3532
f 3533 3487 3532
f 3534 3538 3492
f 3534 3490 3536
f 3536 3535 3584
f 3584 3535 3491
f 3537 3496 3542
f 3493 3538 3586
f 3494 3539 3587
f 3588 3541 3495
f 3541 3589 3590
f 3543 3498 3544
f 3545 3592 3544
f 3545 3546 3593
f 3501 3543 3591
f 3502 3547 3595
f 3504 3548 3596
f 3505 3551 3597
f 3550 3598 3599
f 3597 3593 3546
f 3552 3513 3560
f 3553 3507 3506
f 3553 3601 3602
f 3557 3603 3555
f 3511 3554 3602
f 3556 3604 3605
f 3555 3603 3606
f 3558 3606 3559
f 3560 3559 3608
f 3562 3515 3561
f 3610 3563 3516
f 3611 3564 3517
f 3574 3526 3564
f 3613 3567 3519
f 3518 3565 3614
f 3567 3615 3616
f 3568 3617 3569
f 3618 3568 3522
f 3619 3620 3570
f 3525 3573 3621
f 3572 3623 3609
f 3572 3524 3622
f 3574 3626 3576
f 3577 3529 3528
f 3576 3627 3628
f 3577 3629 3578
f 3579 3578 3630
f 3531 3579 3580
f 3533 3580 3632
f 3582 3586 3538
f 3583 3634 3582
f 3583 3584 3636
f 3585 3636 3584
f 3590 3637 3585
f 3638 3587 3539
f 3540 3587 3639
f 3640 3589 3541
f 3589 3641 3642
f 3591 3544 3592
f 3594 3644 3592
f 3645 3646 3594
f 3643 3595 3547
f 3548 3595 3647
f 3596 3648 3598
f 3551 3599 3649
f 3651 3599 3598
f 3649 3645 3593
f 3607 3652 3600
f 3552 3600 3601
f 3653 3654 3602
f 3605 3655 3603
f 3602 3654 3604
f 3657 3605 3604
f 3606 3603 3655
f 3658 3608 3559
f 3608 3659 3660
f 3609 3661 3610
f 3662 3611 3563
f 3663 3612 3564
f 3626 3574 3612
f 3613 3665 3615
f 3566 3614 3666
f 3565 3570 3620
f 3615 3667 3668
f 3618 3669 3617
f 3617 3670 3619
f 3571 3621 3671
f 3670 3672 3620
f 3573 3625 3673
f 3624 3674 3623
f 3623 3675 3661
f 3616 3668 3624
f 3627 3576 3626
f 3575 3628 3629
f 3678 3628 3627
f 3680 3630 3578
f 3681 3682 3631
f 3580 3579 3631
f 3632 3683 3633
f 3634 3638 3586
f 3635 3685 3634
f 3635 3636 3686
f 3686 3636 3585
f 3637 3590 3642
f 3689 3639 3587
f 3690 3640 3588
f 3589 3640 3691
f 3642 3641 3693
f 3644 3694 3643
f 3695 3644 3594
f 3646 3645 3697
f 3595 3643 3694
f 3647 3698 3648
f 3650 3598 3648
f 3599 3651 3700
f 3702 3651 3650
f 3660 3703 3652
f 3601 3600 3652
f 3704 3705 3654
f 3605 3657 3706
f 3705 3656 3604
f 3656 3707 3708
f 3655 3706 3709
f 3658 3709 3659
f 3710 3711 3660
f 3662 3610 3661
f 3611 3662 3713
f 3663 3714 3664
f 3664 3715 3677
f 3613 3666 3716
f 3667 3615 3665
f 3614 3620 3672
f 3718 3668 3667
f 3720 3721 3669
f 3670 3617 3669
f 3621 3673 3723
f 3722 3724 3672
f 3676 3725 3673
f 3674 3624 3668
f 3675 3623 3674
f 3712 3661 3675
f 3677 3729 3679
f 3678 3680 3629
f 3679 3730 3731
f 3630 3680 3732
f 3733 3734 3682
f 3632 3631 3682
f 3638 3634 3685
f 3687 3737 3685
f 3738 3739 3687
f 3688 3738 3686
f 3688 3642 3692
f 3639 3689 3741
f 3742 3691 3640
f 3743 3693 3641
f 3692 3693 3745
f 3695 3746 3694
f 3747 3695 3646
f 3700 3748 3697
f 3696 3697 3749
f 3694 3746 3698
f 3699 3648 3698
f 3701 3650 3699
f 3748 3700 3651
f 3753 3754 3702
f 3711 3755 3703
f 3653 3652 3703
f 3704 3756 3757
f 3758 3706 3657
f 3705 3757 3707
f 3759 3708 3707
f 3761 3709 3706
f 3710 3659 3709
f 3762 3763 3711
f 3662 3712 3764
f 3765 3714 3663
f 3714 3766 3715
f 3729 3677 3715
f 3666 3672 3724
f 3768 3717 3665
f 3719 3667 3717
f 3719 3770 3771
f 3772 3773 3721
f 3722 3669 3721
f 3775 3723 3673
f 3720 3671 3723
f 3774 3776 3724
f 3728 3777 3725
f 3718 3771 3726
f 3727 3778 3764
f 3729 3780 3730
f 3731 3732 3680
f 3781 3731 3730
f 3732 3783 3733
f 3784 3734 3733
f 3734 3736 3683
f 3737 3741 3689
f 3737 3687 3739
f 3738 3788 3789
f 3740 3788 3738
f 3744 3790 3740
f 3690 3741 3791
f 3792 3743 3691
f 3793 3745 3693
f 3745 3794 3795
f 3746 3695 3747
f 3696 3750 3797
f 3697 3748 3798
f 3799 3800 3750
f 3796 3751 3698
f 3751 3801 3752
f 3752 3802 3753
f 3702 3754 3798
f 3803 3754 3753
f 3763 3804 3755
f 3703 3755 3756
f 3805 3757 3756
f 3708 3759 3806
f 3760 3707 3757
f 3760 3807 3808
f 3758 3806 3809
f 3710 3761 3809
f 3810 3811 3763
f 3713 3764 3812
f 3766 3714 3765
f 3767 3715 3766
f 3815 3780 3729
f 3716 3724 3776
f 3768 3816 3769
f 3769 3817 3770
f 3819 3771 3770
f 3774 3721 3773
f 3772 3723 3775
f 3725 3777 3822
f 3776 3774 3820
f 3779 3824 3777
f 3726 3771 3819
f 3826 3812 3764
f 3782 3730 3780
f 3783 3732 3731
f 3781 3782 3829
f 3783 3831 3785
f 3784 3786 3736
f 3833 3784 3785
f 3787 3791 3741
f 3739 3789 3836
f 3837 3838 3789
f 3740 3790 3837
f 3790 3744 3795
f 3840 3792 3742
f 3793 3743 3792
f 3842 3794 3745
f 3843 3795 3794
f 3796 3747 3797
f 3847 3797 3750
f 3799 3803 3848
f 3845 3801 3751
f 3802 3752 3801
f 3798 3754 3803
f 3849 3848 3803
f 3804 3763 3811
f 3804 3850 3851
f 3759 3808 3852
f 3805 3851 3807
f 3854 3808 3807
f 3809 3806 3852
f 3855 3810 3762
f 3857 3811 3810
f 3765 3812 3858
f 3813 3859 3814
f 3860 3815 3767
f 3828 3780 3815
f 3768 3776 3823
f 3816 3862 3817
f 3818 3770 3817
f 3864 3865 3819
f 3820 3773 3866
f 3775 3822 3868
f 3869 3822 3777
f 3867 3870 3823
f 3827 3871 3824
f 3825 3819 3865
f 3778 3825 3872
f 3873 3858 3812
f 3828 3875 3829
f 3781 3830 3831
f 3877 3830 3829
f 3832 3785 3831
f 3786 3784 3833
f 3879 3880 3833
f 3791 3787 3836
f 3836 3789 3838
f 3838 3837 3885
f 3885 3837 3790
f 3839 3795 3843
f 3792 3840 3887
f 3841 3888 3842
f 3794 3842 3889
f 3891 3843 3844
f 3845 3797 3847
f 3893 3894 3847
f 3800 3848 3895
f 3849 3896 3895
f 3897 3850 3811
f 3897 3898 3851
f 3899 3852 3808
f 3853 3807 3851
f 3900 3901 3854
f 3855 3852 3899
f 3855 3902 3856
f 3856 3903 3904
f 3814 3859 3905
f 3906 3861 3815
f 3875 3828 3861
f 3870 3862 3816
f 3863 3817 3862
f 3863 3909 3864
f 3910 3911 3865
f 3912 3867 3866
f 3822 3869 3914
f 3869 3824 3871
f 3916 3870 3867
f 3871 3827 3874
f 3911 3918 3872
f 3826 3872 3918
f 3919 3859 3858
f 3881 3920 3874
f 3876 3829 3875
f 3878 3831 3830
f 3923 3877 3876
f 3878 3924 3879
f 3835 3833 3880
f 3925 3926 3880
f 3887 3840 3836
f 3838 3884 3929
f 3885 3930 3931
f 3886 3930 3885
f 3891 3932 3886
f 3841 3887 3933
f 3934 3889 3842
f 3844 3889 3935
f 3891 3890 3937
f 3849 3845 3892
f 3847 3894 3938
f 3939 3940 3894
f 3941 3846 3895
f 3942 3895 3896
f 3857 3904 3944
f 3945 3946 3898
f 3947 3899 3854
f 3853 3898 3946
f 3949 3901 3900
f 3950 3902 3899
f 3902 3950 3903
f 3903 3951 3952
f 3919 3953 3905
f 3860 3905 3954
f 3906 3955 3907
f 3921 3875 3907
f 3862 3870 3916
f 3908 3957 3909
f 3864 3909 3958
f 3959 3960 3911
f 3868 3914 3913
f 3912 3913 3961
f 3963 3914 3869
f 3915 3871 3917
f 3912 3962 3965
f 3917 3874 3920
f 3918 3911 3960
f 3967 3919 3873
f 3968 3920 3881
f 3922 3876 3921
f 3877 3923 3924
f 3922 3970 3971
f 3972 3925 3879
f 3928 3882 3880
f 3929 3933 3887
f 3884 3931 3974
f 3931 3930 3975
f 3932 3975 3930
f 3932 3891 3936
f 3888 3933 3978
f 3979 3935 3889
f 3890 3935 3980
f 3981 3982 3936
f 3943 3896 3892
f 3983 3938 3894
f 3984 3985 3940
f 3986 3939 3893
f 3942 3987 3986
f 3987 3942 3943
f 3989 3944 3904
f 3946 3945 3991
f 3992 3947 3901
f 3990 3948 3900
f 3993 3994 3949
f 3995 3950 3947
f 3950 3995 3951
f 3997 3952 3951
f 3967 3998 3953
f 3954 3905 3953
f 3954 3999 3955
f 3956 3907 3955
f 3956 4001 3969
f 3908 3916 3965
f 3909 3957 4002
f 3910 3958 4003
f 3960 3959 4004
f 3961 3913 3914
f 4006 4007 3962
f 3964 4008 3963
f 3964 3917 3966
f 3965 3962 4007
f 4011 3966 3920
f 3967 3960 4005
f 3927 3973 4012
f 3969 4013 3970
f 3924 3923 3971
f 4015 3971 3970
f 3925 3972 4016
f 3926 4018 5197
f 3974 3978 3933
f 3976 4020 3974
f 3976 3975 4021
f 3977 4021 3975
f 4023 3977 3936
f 3934 3978 4024
f 3980 3935 3979
f 3981 3937 3980
f 4027 4028 3982
f 3943 3938 4029
f 3940 3985 4030
f 3986 4031 3984
f 3985 3984 4033
f 3987 4034 4031
f 3988 4035 4034
f 3989 3991 3945
f 3997 4036 3989
f 3990 3991 4037
f 3949 3994 4039
f 4038 3993 3948
f 3996 3951 3995
f 4041 4042 3997
f 3998 4043 3999
f 4000 4044 4001
f 4013 3969 4001
f 4010 4002 3957
f 3958 4002 4046
f 4047 4004 3959
f 4004 4048 3998
f 3961 3963 4008
f 4049 4050 4007
f 4009 4051 4008
f 4011 4052 4009
f 4050 4053 4010
f 4011 3968 4012
f 4055 4012 3973
f 4014 3970 4013
f 4015 4016 3972
f 4057 4058 4015
f 4060 4017 4016
f 4020 4024 3978
f 4020 3976 4022
f 4064 4065 4022
f 4023 4064 4021
f 4023 3982 4028
f 4067 4025 3979
f 4026 3980 4025
f 4026 4069 4027
f 4027 4070 4071
f 3988 4029 4072
f 3985 4032 4073
f 4030 4072 4029
f 4074 4033 3984
f 4076 4032 4033
f 4034 4077 4074
f 4035 4078 4077
f 4079 4036 3997
f 4037 3991 4036
f 4080 4081 4038
f 4082 4039 3994
f 3993 4038 4081
f 3996 4040 4082
f 4041 4084 4085
f 4043 3998 4048
f 4088 4044 4000
f 4045 4001 4044
f 4090 4056 4013
f 4002 4010 4053
f 4003 4046 4091
f 4092 4048 4004
f 4006 4008 4051
f 4093 4094 4050
f 4051 4009 4052
f 4052 4011 4054
f 4094 4097 4053
f 4098 4054 4012
f 4014 4056 4100
f 4058 4059 4016
f 4101 4102 4058
f 4060 4059 4103
f 4061 4018 4060
f 4067 4024 4020
f 4105 4063 4022
f 4065 4064 4107
f 4023 4066 4107
f 4028 4071 4108
f 4109 4068 4025
f 4110 4069 4026
f 4069 4111 4070
f 4070 4112 4113
f 4072 4114 4078
f 4032 4076 4115
f 4073 4114 4072
f 4116 4075 4033
f 4075 4117 4118
f 4074 4077 4119
f 4119 4077 4078
f 4079 4042 4085
f 4080 4037 4079
f 4081 4080 4123
f 4039 4082 4040
f 4125 4082 4083
f 4125 4084 4041
f 4126 4127 4085
f 4128 4086 4048
f 4088 4129 4089
f 4088 4087 4086
f 4045 4089 4130
f 4046 4053 4097
f 4047 4091 4131
f 4049 4051 4095
f 4132 4133 4094
f 4096 4134 4095
f 4098 4135 4096
f 4136 4097 4094
f 4055 4099 4137
f 4057 4100 4139
f 4101 4140 4141
f 4105 4109 4067
f 4065 4106 4144
f 4107 4145 4146
f 4066 4108 4145
f 4147 4108 4071
f 4068 4109 4148
f 4110 4149 4111
f 4111 4150 4112
f 4113 4112 4152
f 4078 4114 4153
f 4115 4076 4118
f 4114 4073 4115
f 4155 4117 4075
f 4117 4156 4157
f 4116 4119 4158
f 4159 4158 4119
f 4121 4085 4127
f 4160 4123 4080
f 4124 4081 4122
f 4122 4123 4163
f 4124 4161 4164
f 4084 4125 4164
f 4165 4166 4127
f 4092 4131 4167
f 4128 4167 4129
f 4089 4129 4168
f 4169 4090 4130
f 4131 4091 4136
f 4093 4095 4134
f 4172 4173 4133
f 4135 4174 4134
f 4137 4175 4135
f 4171 4136 4133
f 4176 4137 4099
f 4139 4100 4178
f 4101 4139 4180
f 4141 4140 4181
f 4144 4148 4109
f 4146 4184 4144
f 4185 4146 4145
f 4108 4147 4186
f 4147 4113 4151
f 4148 4188 4149
f 4189 4150 4111
f 4150 4190 4152
f 4151 4152 4191
f 4193 4159 4120
f 4154 4193 4153
f 4154 4118 4157
f 4156 4117 4155
f 4197 4157 4156
f 4198 4195 4155
f 4158 4159 4199
f 4166 4200 4160
f 4200 4163 4123
f 4201 4161 4122
f 4162 4163 4202
f 4204 4164 4161
f 4126 4164 4204
f 4205 4206 4166
f 4207 4167 4131
f 4208 4170 4130
f 4178 4169 4170
f 4132 4134 4174
f 4210 4211 4173
f 4135 4175 4212
f 4213 4175 4137
f 4171 4173 4211
f 4138 4177 4214
f 4216 4180 4139
f 4209 4217 4179
f 4182 4181 4140
f 4183 4143 4182
f 4148 4144 4184
f 4219 4184 4146
f 4221 4185 4186
f 4187 4220 4186
f 4187 4151 4192
f 4188 4223 4189
f 4189 4224 4190
f 4225 4191 4152
f 4226 4227 4192
f 4228 4199 4159
f 4194 4228 4193
f 4229 4194 4157
f 4156 4195 4230
f 4196 4231 4232
f 4233 4230 4195
f 4198 4199 4234
f 4200 4166 4206
f 4235 4202 4163
f 4236 4201 4162
f 4203 4202 4237
f 4239 4204 4201
f 4239 4205 4165
f 4205 4240 4241
f 4208 4243 4209
f 4168 4242 4244
f 4172 4174 4212
f 4245 4244 4211
f 4212 4175 4213
f 4247 4213 4176
f 4207 4211 4244
f 4248 4214 4177
f 4217 4249 4216
f 4218 4182 4180
f 4243 4250 4217
f 4218 4248 4215
f 4223 4188 4184
f 4251 4219 4185
f 4220 4252 4253
f 4222 4252 4220
f 4222 4192 4227
f 4255 4224 4189
f 4225 4190 4224
f 4257 4226 4191
f 4258 4259 4227
f 4234 4199 4228
f 4260 4228 4194
f 4197 4232 4261
f 4262 4231 4196
f 4232 4231 4264
f 4230 4233 4265
f 4266 4265 4233
f 4267 4235 4206
f 4237 4202 4235
f 4236 4203 4238
f 4269 4270 4238
f 4268 4271 4239
f 4239 4271 4240
f 4273 4241 4240
f 4244 4245 4243
f 4246 4245 4210
f 4247 4250 4246
f 4249 4247 4214
f 4247 4249 4217
f 4248 4218 4216
f 4250 4243 4245
f 4255 4223 4219
f 4221 4253 4274
f 4252 4275 4276
f 4252 4222 4254
f 4254 4227 4259
f 4256 4224 4255
f 4225 4256 4279
f 4280 4258 4226
f 4281 4282 4259
f 4266 4234 4260
f 4229 4261 4283
f 4284 4261 4232
f 4285 4264 4231
f 4263 4264 4287
f 4262 4265 4288
f 4289 4288 4265
f 4241 4273 4290
f 4267 4290 4269
f 4268 4238 4270
f 4292 4293 4270
f 4294 4271 4268
f 4272 4240 4271
f 4272 4295 4296
f 4274 4278 4255
f 4297 4274 4253
f 4298 4276 4275
f 4299 4275 4254
f 4300 4277 4259
f 4278 4301 4279
f 4302 4280 4257
f 4303 4281 4258
f 4304 4282 4281
f 4283 4306 4307
f 4283 4261 4284
f 4286 4308 4284
f 4309 4287 4264
f 4287 4310 4311
f 4285 4288 4312
f 4313 4312 4288
f 4296 4314 4290
f 4269 4290 4314
f 4291 4270 4293
f 4293 4292 4317
f 4294 4315 4295
f 4296 4295 4319
f 4274 4297 4301
f 4320 4297 4276
f 4299 4321 4322
f 4277 4300 4321
f 4300 4282 4304
f 4302 4279 4301
f 4325 4303 4280
f 4303 4326 4305
f 4328 4304 4305
f 4306 4329 4330
f 4306 4284 4308
f 4311 4331 4308
f 4309 4332 4310
f 4310 4333 4334
f 4312 4335 4332
f 4307 4330 4313
f 4335 4312 4313
f 4318 4337 4314
f 4292 4314 4337
f 4315 4293 4316
f 4339 4340 4316
f 4338 4319 4295
f 4318 4319 4342
f 4297 4320 4324
f 4298 4322 4343
f 4344 4345 4322
f 4323 4344 4321
f 4323 4304 4328
f 4302 4324 4347
f 4325 4348 4326
f 4327 4305 4326
f 4327 4350 4351
f 4352 4353 4330
f 4329 4308 4331
f 4311 4334 4354
f 4333 4310 4332
f 4357 4334 4333
f 4355 4332 4335
f 4336 4313 4330
f 4358 4335 4336
f 4341 4360 4337
f 4317 4337 4360
f 4338 4316 4340
f 4362 4363 4340
f 4361 4342 4319
f 4342 4364 4365
f 4324 4320 4343
f 4366 4343 4322
f 4367 4368 4345
f 4346 4367 4344
f 4346 4328 4351
f 4348 4325 4347
f 4349 4326 4348
f 4349 4372 4350
f 4373 4374 4351
f 4375 4353 4352
f 4331 4354 4376
f 4377 4378 4354
f 4355 4379 4356
f 4356 4380 4381
f 4355 4358 4382
f 4359 4336 4353
f 4359 4383 4382
f 4341 4365 4384
f 4339 4360 4384
f 4363 4385 4361
f 4363 4362 4386
f 4342 4361 4385
f 4364 4388 4389
f 4370 4347 4343
f 4366 4345 4368
f 4391 4392 4368
f 4369 4391 4367
f 4369 4351 4374
f 4370 4394 4371
f 4371 4395 4372
f 4373 4350 4372
f 4373 4396 4397
f 4376 4398 4399
f 4376 4354 4378
f 4377 4400 4401
f 4356 4379 4402
f 4380 4403 4404
f 4357 4381 4400
f 4402 4379 4382
f 4375 4399 4383
f 4383 4406 4405
f 4365 4389 4407
f 4407 4386 4362
f 4387 4408 4385
f 4409 4387 4386
f 4385 4408 4388
f 4388 4411 4412
f 4366 4390 4394
f 4390 4368 4392
f 4392 4391 4415
f 4415 4391 4369
f 4393 4374 4397
f 4394 4417 4395
f 4395 4418 4396
f 4397 4396 4418
f 4420 4421 4399
f 4378 4401 4420
f 4422 4401 4400
f 4402 4424 4403
f 4425 4426 4404
f 4423 4400 4381
f 4424 4402 4405
f 4406 4383 4399
f 4427 4405 4406
f 4429 4407 4389
f 4410 4386 4407
f 4430 4408 4387
f 4432 4409 4410
f 4411 4388 4408
f 4412 4411 4434
f 4390 4413 4417
f 4414 4435 4413
f 4416 4414 4415
f 4397 4419 4436
f 4438 4419 4418
f 4439 4440 4421
f 4422 4439 4420
f 4441 4442 4422
f 4403 4424 4443
f 4444 4445 4426
f 4423 4404 4426
f 4446 4443 4424
f 4406 4421 4440
f 4447 4446 4427
f 4448 4429 4412
f 4431 4410 4429
f 4449 4430 4409
f 4450 4451 4432
f 4434 4411 4430
f 4417 4413 4453
f 4416 4436 4435
f 4453 4413 4435
f 4419 4438 4455
f 4456 4438 4437
f 4452 4437 4418
f 4458 4440 4439
f 4422 4442 4459
f 4442 4441 4461
f 4425 4443 4462
f 4445 4444 4464
f 4441 4426 4445
f 4465 4462 4443
f 4440 4458 4447
f 4465 4446 4447
f 4431 4448 4467
f 4468 4469 4451
f 4452 4453 4471
f 4435 4436 4455
f 4473 4471 4453
f 4474 4455 4438
f 4452 4472 4457
f 4457 4475 4476
f 4459 4477 4478
f 4477 4459 4442
f 4460 4461 4479
f 4462 4481 4464
f 4463 4479 4461
f 4482 4463 4464
f 4465 4484 4481
f 4458 4478 4466
f 4466 4485 4484
f 4468 4487 4488
f 4469 4489 4470
f 4490 4472 4471
f 4473 4454 4455
f 4473 4492 4491
f 4476 4493 4474
f 4475 4457 4472
f 4494 4476 4475
f 4496 4478 4477
f 4498 4480 4479
f 4483 4464 4481
f 4497 4479 4463
f 4500 4482 4483
f 4484 4502 4499
f 4485 4466 4478
f 4503 4502 4484
f 4504 4505 4487
f 4487 4506 4507
f 4469 4508 4509
f 4491 4510 4511
f 4473 4474 4493
f 4512 4510 4491
f 4494 4513 4493
f 4490 4511 4495
f 4495 4514 4515
f 4480 4498 4516
f 4497 4517 4518
f 4501 4483 4499
f 4482 4500 4517
f 4520 4519 4499
f 4503 4485 4496
f 4521 4520 4502
f 4504 4486 4489
f 4467 4486 4504
f 4522 4523 4505
f 4505 4524 4506
f 4526 4507 4506
f 4528 4509 4508
f 4511 4510 4529
f 4492 4493 4513
f 4531 4529 4510
f 4494 4515 4532
f 4514 4495 4511
f 4514 4533 4534
f 4535 4516 4498
f 4518 4517 4536
f 4538 4539 4501
f 4500 4539 4536
f 4519 4520 4540
f 4503 4516 4535
f 4520 4521 4541
f 4509 4528 4523
f 4505 4523 4542
f 4506 4524 4543
f 4525 4544 4545
f 4507 4526 4547
f 4548 4546 4528
f 4550 4530 4529
f 4512 4513 4532
f 4529 4531 4551
f 4515 4534 4552
f 4530 4550 4533
f 4537 4553 4535
f 4554 4537 4536
f 4538 4556 4557
f 4539 4557 4555
f 4540 4558 4556
f 4553 4541 4521
f 4541 4559 4558
f 4542 4523 4528
f 4524 4542 4560
f 4543 4561 4544
f 4545 4544 4562
f 4546 4547 4560
f 4549 4564 4565
f 4532 4552 4566
f 4567 4564 4549
f 4552 4534 4568
f 4570 4533 4550
f 4554 4571 4553
f 4572 4573 4557
f 4558 4574 4572
f 4571 4559 4541
f 4574 4558 4559
f 4561 4543 4560
f 4562 4544 4561
f 4578 4563 4562
f 4560 4547 4580
f 4565 4564 4582
f 4583 4566 4552
f 4564 4567 4584
f 4551 4566 4583
f 4569 4568 4586
f 4587 4570 4565
f 4588 4575 4571
f 4589 4590 4573
f 4589 4572 4574
f 4591 4574 4575
f 4577 4561 4576
f 4579 4563 4578
f 4594 4581 4582
f 4583 4569 4585
f 4567 4583 4596
f 4584 4597 4595
f 4585 4586 4599
f 4600 4587 4581
f 4592 4575 4588
f 4603 4590 4589
f 4588 4573 4590
f 4589 4591 4604
f 4592 4605 4604
f 4580 4579 4593
f 4595 4606 4607
f 4608 4596 4585
f 4608 4597 4584
f 4606 4595 4597
f 4611 4599 4586
f 4599 4612 4613
f 4594 4607 4614
f 4610 4587 4600
f 4592 4601 4615
f 4616 4617 4603
f 4601 4590 4603
f 4602 4604 4618
f 4619 4618 4604
f 4607 4606 4620
f 4622 4608 4598
f 4609 4597 4608
f 4609 4623 4620
f 4599 4611 4624
f 4626 4613 4612
f 4614 4607 4621
f 4624 4611 4600
f 4605 4615 4628
f 4629 4617 4616
f 4615 4603 4617
f 4618 4631 4630
f 4619 4632 4631
f 4633 4634 4621
f 4613 4626 4635
f 4622 4635 4623
f 4636 4633 4620
f 4625 4612 4624
f 4638 4639 4626
f 4634 4640 4627
f 4614 4627 4637
f 4628 4641 4632
f 4617 4629 4641
f 4630 4642 4643
f 4644 4642 4630
f 4631 4632 4645
f 4634 4633 4647
f 4626 4639 4648
f 4636 4623 4635
f 4649 4647 4633
f 4625 4637 4650
f 4639 4638 4652
f 4640 4634 4646
f 4640 4650 4637
f 4645 4632 4641
f 4654 4641 4629
f 4655 4643 4642
f 4644 4657 4656
f 4645 4658 4657
f 4646 4647 4660
f 4661 4648 4639
f 4648 4661 4649
f 4647 4649 4662
f 4638 4650 4663
f 4651 4652 4665
f 4653 4663 4650
f 4659 4666 4653
f 4667 4658 4645
f 4667 4654 4643
f 4668 4669 4655
f 4657 4670 4668
f 4658 4671 4670
f 4659 4660 4673
f 4664 4674 4661
f 4649 4661 4674
f 4660 4662 4675
f 4652 4663 4676
f 4664 4665 4677
f 4663 4653 4666
f 4672 4679 4666
f 4680 4671 4658
f 4667 4655 4669
f 4681 4682 4669
f 4668 4670 4683
f 4670 4671 4684
f 4672 4673 4685
f 4678 4687 4674
f 4687 4675 4662
f 4685 4673 4675
f 4665 4676 4689
f 4678 4677 4690
f 4676 4666 4679
f 4686 4692 4679
f 4693 4684 4671
f 4680 4669 4682
f 4681 4694 4695
f 4694 4681 4683
f 4683 4684 4697
f 4685 4698 4699
f 4687 4678 4691
f 4700 4688 4675
f 4688 4701 4698
f 4702 4690 4677
f 4691 4690 4704
f 4692 4702 4689
f 4705 4692 4686
f 4693 4706 4697
f 4682 4695 4706
f 4708 4695 4694
f 4696 4709 4707
f 4709 4696 4697
f 4711 4699 4698
f 4700 4691 4703
f 4713 4701 4688
f 4698 4701 4714
f 4715 4704 4690
f 4704 4716 4717
f 4705 4715 4702
f 4718 4705 4699
f 4697 4706 4719
f 4695 4708 4719
f 4707 4720 4721
f 4712 4722 4723
f 4713 4703 4717
f 4724 4714 4701
f 4722 4712 4714
f 4715 4726 4716
f 4727 4717 4716
f 4705 4718 4726
f 4711 4723 4729
f 4710 4719 4731
f 4721 4731 4719
f 4720 4732 4733
f 4734 4735 4723
f 4717 4727 4736
f 4724 4736 4725
f 4725 4737 4734
f 4728 4716 4726
f 4727 4728 4740
f 4738 4726 4718
f 4729 4723 4735
f 4730 4731 4742
f 4743 4732 4720
f 4721 4733 4744
f 4735 4734 4746
f 4739 4748 4736
f 4737 4725 4736
f 4749 4746 4734
f 4740 4728 4738
f 4751 4752 4739
f 4729 4741 4750
f 4747 4753 4741
f 4731 4745 4744
f 4755 4732 4743
f 4744 4733 4756
f 4758 4759 4747
f 4752 4760 4748
f 4749 4737 4748
f 4762 4746 4749
f 4763 4751 4740
f 4752 4751 4765
f 4750 4741 4753
f 4759 4766 4753
f 4767 4742 4744
f 4768 4769 4755
f 4771 4757 4756
f 4772 4773 4759
f 4764 4774 4760
f 4749 4760 4774
f 4775 4776 4762
f 4763 4777 4765
f 4764 4765 4778
f 4763 4753 4766
f 4773 4780 4766
f 4767 4757 4771
f 4781 4782 4768
f 4769 4768 4784
f 4770 4755 4769
f 4770 4785 4786
f 4758 4762 4776
f 4787 4788 4773
f 4779 4789 4774
f 4761 4774 4789
f 4790 4776 4775
f 4792 4778 4765
f 4793 4794 4779
f 4777 4766 4780
f 4788 4795 4780
f 4771 4786 4782
f 4784 4768 4782
f 4783 4797 4785
f 4783 4784 4798
f 4797 4800 4786
f 4787 4772 4776
f 4801 4802 4788
f 4789 4779 4794
f 4803 4791 4775
f 4791 4804 4805
f 4778 4792 4806
f 4807 4808 4794
f 4792 4780 4795
f 4802 4809 4795
f 4796 4782 4786
f 4798 4784 4796
f 4799 4811 4797
f 4798 4812 4813
f 4787 4790 4805
f 4801 4814 4815
f 4803 4794 4808
f 4816 4804 4791
f 4817 4818 4805
f 4793 4806 4819
f 4807 4820 4821
f 4809 4819 4806
f 4822 4809 4802
f 4797 4811 4810
f 4810 4823 4812
f 4824 4811 4799
f 4825 4826 4813
f 4801 4805 4818
f 4814 4827 4828
f 4808 4821 4829
f 4829 4817 4804
f 4818 4817 4831
f 4819 4832 4820
f 4833 4834 4821
f 4809 4822 4832
f 4815 4828 4835
f 4824 4823 4810
f 4812 4823 4836
f 4837 4824 4813
f 4826 4825 4838
f 4814 4818 4830
f 4828 4827 4841
f 4834 4842 4829
f 4842 4831 4817
f 4830 4831 4843
f 4833 4820 4832
f 4846 4847 4834
f 4822 4835 4845
f 4840 4848 4835
f 4836 4823 4824
f 4849 4838 4825
f 4826 4839 4850
f 4839 4838 4851
f 4830 4844 4841
f 4854 4840 4841
f 4847 4855 4842
f 4855 4843 4831
f 4843 4856 4857
f 4845 4858 4846
f 4847 4846 4859
f 4848 4858 4845
f 4854 4861 4848
f 4850 4849 4836
f 4849 4862 4851
f 4850 4839 4852
f 4864 4865 4852
f 4853 4841 4844
f 4866 4867 4854
f 4847 4860 4868
f 4868 4856 4843
f 4870 4857 4856
f 4846 4858 4871
f 4872 4873 4860
f 4861 4871 4858
f 4861 4854 4867
f 4863 4862 4849
f 4864 4851 4862
f 4852 4865 4876
f 4864 4875 4877
f 4853 4857 4870
f 4860 4873 4878
f 4856 4868 4878
f 4869 4879 4880
f 4859 4871 4881
f 4872 4882 4883
f 4874 4881 4871
f 4880 4884 4866
f 4873 4883 4885
f 4878 4885 4879
f 4879 4886 4887
f 4872 4881 4888
f 4883 4882 4890
f 4891 4888 4881
f 4893 4884 4880
f 4889 4886 4885
f 4895 4887 4886
f 4882 4888 4896
f 4897 4896 4888
f 4897 4891 4884
f 4887 4895 4898
f 4889 4899 4894
f 4895 4894 4901
f 4902 4903 4896
f 4902 4897 4893
f 4900 4904 4898
f 4894 4899 4905
f 4900 4901 4906
f 4902 4908 4909
f 4898 4904 4908
f 4907 4910 4904
f 4905 4899 4903
f 4901 4905 4911
f 4912 4913 4907
f 4909 4908 4915
f 4908 4904 4910
f 4907 4913 4916
f 4905 4909 4914
f 4906 4911 4917
f 4912 4918 4919
f 4920 4914 4915
f 4921 4915 4910
f 4919 4922 4916
f 4920 4917 4911
f 4917 4923 4918
f 4924 4925 4919
f 4920 4921 4926
f 4922 4926 4921
f 4919 4925 4928
f 4920 4927 4923
f 4918 4923 4929
f 4927 4926 4930
f 4930 4926 4922
f 4925 4932 4933
f 4927 4931 4929
f 4924 4929 4934
f 4930 4935 4936
f 4928 4933 4935
f 4932 4937 4938
f 4931 4936 4934
f 4932 4934 4939
f 4940 4936 4935
f 4933 4938 4941
f 4937 4942 4943
f 4940 4939 4934
f 4939 4944 4942
f 4940 4941 4946
f 4938 4943 4946
f 4943 4942 4948
f 4944 4939 4940
f 4949 4948 4942
f 4946 4950 4951
f 4950 4946 4943
f 4947 4948 4953
f 4944 4945 4951
f 4954 4953 4948
f 4951 4950 4955
f 4952 4955 4950
f 4952 4953 4957
f 4954 4949 4951
f 4954 4959 4957
f 4960 4961 4956
f 4952 4958 4960
f 4963 4958 4957
f 4956 4961 4959
f 4962 4957 4959
f 4965 4961 4960
f 4958 4963 4966
f 4962 4967 4968
f 4964 4959 4961
f 4962 4964 4969
f 4965 4966 4970
f 4970 4966 4963
f 4972 4968 4967
f 4971 4969 4964
f 4973 4967 4969
f 4975 4976 4971
f 4975 4970 4968
f 4972 4973 4977
f 4976 4974 4969
f 4973 4974 4979
f 4975 4980 4981
f 4972 4978 4980
f 4977 4982 4983
f 4976 4981 4979
f 4984 4982 4977
f 4980 4985 4986
f 4978 4983 4985
f 4983 4982 4988
f 4979 4981 4986
f 4989 4988 4982
f 4991 4986 4985
f 4990 4985 4983
f 4992 4987 4988
f 4989 4984 4986
f 4994 4993 4988
f 4990 4995 4996
f 4995 4990 4987
f 4993 4997 4998
f 4991 4996 4994
f 4994 4999 4997
f 5001 4996 4995
f 4992 4998 5000
f 5003 4998 4997
f 5001 4999 4994
f 5002 4997 4999
f 5005 5001 5000
f 5000 4998 5003
f 5002 5007 5008
f 5004 4999 5001
f 5006 5003 5008
f 5008 5007 5011
f 5005 5012 5013
f 5014 5009 5008
f 5013 5011 5007
f 5013 5012 5016
f 5010 5017 5018
f 5015 5019 5011
f 5016 5012 5014
f 5015 5016 5020
f 5022 5023 5018
f 5021 5024 5019
f 5020 5016 5018
f 5026 5021 5020
f 5017 5019 5024
f 5028 5023 5022
f 5027 5024 5021
f 5025 5020 5023
f 5025 5029 5030
f 5031 5028 5027
f 5033 5032 5027
f 5028 5031 5029
f 5034 5035 5030
f 5031 5032 5036
f 5036 5032 5033
f 5031 5037 5034
f 5035 5034 5040
f 5035 5038 5033
f 5041 5037 5036
f 5043 5042 5036
f 5041 5040 5034
f 5039 5043 5038
f 5039 5040 5044
f 5041 5042 5046
f 5048 5046 5042
f 5047 5044 5040
f 5043 5039 5045
f 5045 5044 5049
f 5051 5052 5047
f 5048 5053 5051
f 5044 5047 5052
f 5045 5050 5053
f 5054 5050 5049
f 5056 5057 5052
f 5053 5058 5059
f 5057 5055 5049
f 5058 5053 5050
f 5055 5060 5061
f 5062 5063 5057
f 5065 5059 5058
f 5064 5058 5054
f 5060 5055 5067
f 5068 5061 5060
f 5067 5057 5063
f 5062 5056 5059
f 5065 5064 5068
f 5068 5066 5063
f 8 32 9
f 32 49 9
f 406 444 443
f 444 520 443
f 427 466 544
f 466 547 544
f 560 480 558
f 480 440 479
f 465 544 629
f 594 592 509
f 509 473 594
f 602 601 537
f 537 524 602
f 551 510 629
f 633 588 631
f 631 722 633
f 748 656 708
f 656 612 708
f 726 727 816
f 816 878 726
f 744 846 839
f 846 894 839
f 864 919 923
f 923 812 864
f 1041 926 868
f 868 925 1041
f 873 934 933
f 934 1048 933
f 943 1002 1126
f 1126 1004 944
f 1121 1000 940
f 940 999 1121
f 982 1038 1037
f 1038 1166 1037
f 986 1045 1173
f 1173 1108 986
f 1196 1061 1125
f 1061 1003 1125
f 1025 1071 1087
f 1071 1009 1070
f 1167 1100 1233
f 1100 1040 1098
f 1093 1159 1096
f 1159 1228 1162
f 1234 1164 1232
f 1232 1302 1234
f 1252 1320 1321
f 1320 1372 1305
f 1486 1544 1359
f 1544 1487 1360
f 1314 1383 1381
f 1383 1500 1381
f 1315 1385 1383
f 1385 1501 1383
f 1500 1446 1445
f 1446 1387 1445
f 1447 1506 1553
f 1506 1604 1553
f 1667 1562 1510
f 1510 1509 1667
f 1683 1634 1631
f 1634 1529 1631
f 1724 5207 1572
f 1611 1665 1758
f 5208 1678 1676
f 1665 1714 1758
f 1805 1845 1848
f 1899 1859 1897
f 1859 1819 1857
f 2132 2130 2067
f 2067 2032 2132
f 2122 2191 2089
f 2191 2187 2121
f 2212 2143 2109
f 2109 2141 2212
f 2167 2240 2243
f 2240 2284 2243
f 2263 2347 2266
f 2347 2398 2266
f 2345 2270 2349
f 2270 2230 2349
f 2499 2389 2387
f 2389 2300 2387
f 2460 2509 2397
f 2397 2344 2460
f 2429 2488 2427
f 2488 2541 2485
f 2375 2545 2432
f 2545 2493 2434
f 2389 2499 2552
f 2499 2605 2552
f 2428 2486 2487
f 2486 2595 2487
f 2431 2495 2493
f 2495 2435 2493
f 2446 2613 2505
f 2613 2616 2617
f 2648 2598 2544
f 2544 2597 2648
f 2656 2809 2706
f 2809 2861 2758
f 2714 2819 2719
f 2819 2768 2719
f 2761 2708 2760
f 2760 2865 2761
f 2758 2861 2810
f 2861 2808 2860
f 3041 2972 2927
f 2927 2971 3041
f 2966 3002 3030
f 3002 3066 3030
f 3107 3035 3005
f 3005 2999 3107
f 3038 3076 5177
f 3154 3158 3082
f 3082 3044 3154
f 3072 3110 3103
f 3110 3179 3103
f 3518 3472 3565
f 3472 3427 3471
f 3622 3524 3478
f 3478 3523 3622
f 3778 3727 3825
f 3727 3675 3726
f 3772 3821 3773
f 3821 3868 3866
f 3925 4017 3926
f 4017 4060 4018
f 3992 4039 3995
f 4087 4000 3955
f 3955 3999 4087
f 4169 4178 4100
f 4100 4056 4169
f 4058 4102 4059
f 4102 4141 4103
f 4242 4168 4129
f 4129 4167 4242
f 4433 4434 4451
f 4434 4449 4451
f 4470 4489 4486
f 4486 4448 4470
f 4527 4508 4488
f 4488 4507 4527
f 4568 4534 4533
f 4580 4547 4579
f 4547 4526 4545
f 4573 4588 4555
f 4588 4554 4555
f 4576 4580 4578
f 4610 4586 4568
f 4568 4570 4610
f 4730 4720 4709
f 4720 4707 4709
f 4732 4755 4756
f 4755 4770 4756
f 4742 4767 4743
f 4767 4781 4754
f 4866 4884 4867
f 4884 4891 4867
f 4877 4875 4862
f 4862 4863 4877
f 4876 4865 4877
f 4903 4899 4890
f 4899 4889 4890
f 5012 5005 5009
f 5005 5006 5009
f 5010 5011 5019
f 1848 1809 1768
f 1808 1767 1764
f 5207 5209 5210
f 1677 5210 5209
f 1678 5208 5210
f 1725 5209 5207
f 5091 881 827
f 5088 5091 778
f 5089 5088 730
f 5101 999 939
f 5101 5104 1120
f 1192 1120 5104
f 2857 2751 2911
f 2967 5148 2999
f 2962 2999 5148
f 3038 5174 5172
f 5176 5177 3076
f 3075 3115 5178
f 5181 5180 3150
f 5182 5181 3194
f 3234 8445 5184
f 3684 3633 3683
f 5198 5197 4018
f 4062 5199 5198
f 4103 5200 5199
f 5200 4103 4141
f 4181 5204 5203
f 4182 4143 5204
f 5206 5205 4183
f 4215 4177 5202
f 4104 5202 4177
f 4138 4099 5201
f 4055 4019 5201
f 3834 3874 3827
f 5196 3827 3779
f 5195 3735 3779
f 5195 3728 3676
f 5194 3676 3625
f 3625 3573 5192
f 5190 3525 3479
f 5187 5188 3433
f 3390 3347 5186
f 3347 3306 5185
f 5183 5185 3306
f 3071 3034 5173
f 3034 3001 5171
f 5171 3001 2964
f 5168 2964 2913
f 5161 5163 2855
f 2802 2752 5158
f 2752 2696 5156
f 2645 5156 2696
f 5153 5154 2645
f 5153 2543 2489
f 5151 2489 2431
f 5149 2431 2375
f 7438 2211 5146
f 2211 2175 5145
f 5145 2175 2142
f 5143 5144 2142
f 5142 5143 2108
f 5142 2076 2046
f 2046 2009 1968
f 1927 5147 5139
f 5147 1927 1846
f 1969 1887 1847
f 5138 1846 1806
f 1806 1765 5132
f 1765 1722 5131
f 1460 1400 5117
f 5079 290 254
f 5075 5077 254
f 189 161 5072
f 5072 161 156
f 5071 156 126
f 5070 126 127
f 188 5073 127
f 5078 286 322
f 5762 5086 507
f 683 638 685
f 775 5211 685
f 5090 775 729
f 5093 5092 825
f 880 938 5096
f 5100 5096 938
f 1189 5107 5103
f 5107 1189 1261
f 1566 1619 5124
f 1619 1592 5127
f 1539 6681 5119
f 5212 1420 1352
f 5111 5212 1282
f 5111 1212 1141
f 5108 1141 1074
f 956 5098 5102
f 5094 897 896
f 5095 896 955
f 5099 5097 955
f 907 968 5099
f 5106 1086 1153
f 5112 5109 1153
f 5113 5112 1295
f 1550 1549 1601
f 5128 1601 1655
f 1655 1709 5120
f 1709 1754 1755
f 1880 1946 1755
f 1903 5213 1946
f 5134 1824 1784
f 6979 1698 1741
f 5133 6979 1741
f 5136 5133 1782
f 1863 5140 5136
f 2026 5216 1942
f 5216 5215 1902
f 5215 5214 1862
f 1862 5214 1863
f 2409 2410 5217
f 2310 2309 2354
f 5155 2521 2578
f 5155 2628 2671
f 5152 2726 2778
f 2726 5152 5157
f 5160 2778 2830
f 5170 2830 2886
f 5170 2918 2859
f 2968 2969 5169
f 5166 2858 2917
f 5164 2806 2858
f 5162 2755 2806
f 5159 2701 2755
f 5159 2703 2651
f 5218 2546 2492
f 5218 2491 2494
f 5220 5222 5221
f 5219 5221 5225
f 5222 5227 5226
f 5222 5220 5229
f 5229 5220 5223
f 5232 5231 5223
f 5224 5233 5232
f 5224 5225 5235
f 5221 5226 5236
f 5228 5237 5227
f 5228 5229 5239
f 5230 5223 5231
f 5239 5229 5230
f 5242 5243 5231
f 5242 5232 5233
f 5233 5224 5234
f 5234 5235 5247
f 5225 5236 5248
f 5236 5226 5250
f 5251 5237 5228
f 5239 5253 5252
f 5241 5230 5240
f 5240 5231 5243
f 5241 5256 5253
f 5258 5257 5243
f 5244 5259 5258
f 5245 5260 5244
f 5245 5234 5246
f 5246 5247 5263
f 5235 5248 5264
f 5249 5250 5266
f 5268 5267 5237
f 5238 5252 5269
f 5253 5271 5270
f 5254 5272 5256
f 5254 5240 5255
f 5274 5255 5243
f 5271 5253 5256
f 5277 5276 5257
f 5259 5278 5277
f 5259 5244 5260
f 5261 5280 5260
f 5262 5281 5261
f 5262 5263 5283
f 5247 5264 5284
f 5285 5264 5248
f 5249 5265 5286
f 5288 5265 5266
f 5289 5266 5250
f 5251 5269 5290
f 5267 5268 5291
f 5252 5270 5292
f 5293 5294 5270
f 5272 5295 5275
f 5272 5254 5273
f 5274 5297 5273
f 5257 5276 5298
f 5293 5271 5275
f 5276 5277 5301
f 5301 5277 5278
f 5279 5303 5278
f 5279 5260 5280
f 5280 5261 5281
f 5282 5306 5281
f 5307 5308 5282
f 5309 5283 5263
f 5264 5285 5310
f 5286 5311 5310
f 5265 5288 5312
f 5313 5287 5266
f 5315 5314 5288
f 5268 5290 5316
f 5290 5269 5292
f 5289 5291 5318
f 5294 5319 5292
f 5320 5321 5294
f 5299 5275 5295
f 5296 5323 5295
f 5296 5273 5297
f 5274 5298 5325
f 5326 5298 5276
f 5293 5299 5327
f 5301 5329 5328
f 5302 5330 5329
f 5302 5278 5303
f 5304 5332 5303
f 5305 5333 5304
f 5305 5281 5306
f 5308 5335 5306
f 5283 5309 5336
f 5338 5337 5308
f 5309 5284 5310
f 5339 5310 5311
f 5312 5341 5311
f 5312 5288 5314
f 5313 5343 5315
f 5345 5314 5315
f 5318 5291 5316
f 5317 5347 5316
f 5317 5292 5319
f 5343 5313 5318
f 5350 5319 5294
f 5351 5350 5321
f 5322 5295 5323
f 5353 5327 5299
f 5324 5354 5323
f 5324 5297 5325
f 5356 5325 5298
f 5320 5327 5357
f 5358 5359 5328
f 5360 5358 5329
f 5331 5361 5330
f 5331 5303 5332
f 5333 5363 5332
f 5334 5364 5333
f 5334 5306 5335
f 5335 5308 5337
f 5307 5336 5367
f 5309 5339 5368
f 5369 5370 5337
f 5340 5311 5341
f 5342 5372 5341
f 5342 5314 5345
f 5343 5374 5344
f 5346 5375 5349
f 5346 5316 5347
f 5348 5377 5347
f 5319 5350 5378
f 5349 5379 5374
f 5351 5381 5380
f 5322 5352 5382
f 5352 5323 5354
f 5384 5357 5327
f 5355 5385 5354
f 5325 5356 5386
f 5326 5328 5359
f 5351 5357 5387
f 5389 5388 5359
f 5360 5330 5361
f 5391 5389 5358
f 5362 5392 5361
f 5362 5332 5363
f 5363 5333 5364
f 5364 5334 5365
f 5366 5396 5365
f 5337 5370 5397
f 5369 5338 5367
f 5336 5368 5399
f 5369 5401 5400
f 5371 5341 5372
f 5371 5404 5403
f 5372 5342 5373
f 5379 5349 5375
f 5376 5407 5375
f 5376 5347 5377
f 5377 5348 5378
f 5410 5378 5350
f 5412 5380 5381
f 5353 5382 5413
f 5382 5352 5383
f 5383 5354 5385
f 5416 5387 5357
f 5386 5417 5385
f 5356 5359 5388
f 5411 5381 5387
f 5419 5388 5389
f 5390 5421 5391
f 5392 5422 5390
f 5391 5423 5420
f 5393 5424 5392
f 5393 5363 5394
f 5394 5364 5395
f 5395 5365 5396
f 5366 5397 5428
f 5429 5397 5370
f 5367 5399 5430
f 5398 5431 5401
f 5368 5340 5403
f 5432 5400 5401
f 5402 5434 5404
f 5405 5435 5402
f 5436 5403 5404
f 221 5405 5373
f 5406 5375 5407
f 5408 5377 5409
f 5440 5409 5378
f 5441 5410 5380
f 5411 5443 5442
f 5413 5444 5416
f 5414 5445 5413
f 5414 5383 5415
f 5415 5385 5417
f 5448 5418 5387
f 5419 5417 5386
f 5418 5449 5443
f 5420 5451 5450
f 5423 5391 5421
f 5421 5390 5422
f 5424 5454 5422
f 5451 5420 5423
f 5424 5393 5425
f 5426 5457 5425
f 5426 5395 5427
f 5428 5459 5427
f 5460 5428 5397
f 5461 5429 5400
f 5431 5398 5430
f 5436 5430 5399
f 5431 5463 5433
f 5433 5465 5464
f 5434 5466 5437
f 5434 5402 5435
f 221 251 5435
f 5437 5469 5468
f 5407 5471 5470
f 5409 5440 5472
f 5471 5407 5408
f 5410 5441 5473
f 5412 5442 5474
f 5476 5442 5443
f 5448 5416 5444
f 5444 5413 5445
f 5446 5479 5445
f 5446 5415 5447
f 5447 5417 5419
f 5481 5449 5418
f 5443 5449 5482
f 5451 5484 5483
f 5453 5485 5452
f 5452 5486 5455
f 5454 5487 5453
f 5456 5488 5454
f 5455 5489 5484
f 5456 5425 5457
f 5458 5491 5457
f 5459 5492 5458
f 5493 5459 5428
f 5494 5460 5429
f 5432 5464 5495
f 5462 5430 5436
f 5462 5496 5463
f 5465 5433 5463
f 5465 5499 5498
f 5469 5437 5466
f 5467 5501 5466
f 5467 5435 251
f 5503 5468 5469
f 5506 5470 5471
f 5439 5472 5505
f 5440 5473 5507
f 5441 5474 5508
f 5509 5474 5442
f 5510 5511 5476
f 5478 5512 5477
f 5477 5513 5481
f 5478 5445 5479
f 5480 5515 5479
f 5450 5483 5480
f 5516 5482 5449
f 5475 5482 5517
f 5518 5483 5484
f 5485 5520 5486
f 5487 5521 5485
f 5489 5455 5486
f 5487 5454 5488
f 5490 5524 5488
f 5489 5525 5519
f 5490 5457 5491
f 5491 5458 5492
f 5493 5528 5492
f 5460 5494 5529
f 5530 5494 5461
f 5464 5498 5531
f 5468 5503 5496
f 5496 5532 5497
f 5497 5533 5499
f 5499 5535 5534
f 5500 5466 5501
f 5500 5537 5504
f 5502 5538 5501
f 5076 5078 5502
f 5539 5503 5504
f 325 5506 5505
f 5472 5507 5541
f 5507 5473 5508
f 5543 5508 5474
f 5476 5511 5544
f 5512 5545 5513
f 5514 5546 5512
f 5547 5516 5481
f 5514 5479 5515
f 5515 5480 5483
f 5482 5516 5549
f 5510 5517 5551
f 5552 5518 5519
f 5522 5486 5520
f 5520 5485 5521
f 5523 5556 5521
f 5525 5489 5522
f 5558 5523 5488
f 5524 5490 5526
f 5553 5519 5525
f 5526 5491 5527
f 5528 5562 5527
f 5493 5529 5563
f 5494 5530 5564
f 5495 5531 5565
f 5566 5531 5498
f 5532 5496 5503
f 5533 5497 5532
f 5533 5568 5535
f 5535 5570 5569
f 5536 5571 5537
f 5538 5572 5536
f 5537 5573 5540
f 5574 5539 5540
f 5081 5079 5506
f 325 5541 5577
f 5541 5507 5542
f 5542 5508 5543
f 5509 5544 5579
f 5580 5544 5511
f 5547 5513 5545
f 5545 5512 5546
f 5548 5583 5546
f 5584 5549 5516
f 5548 5515 5518
f 5585 5551 5517
f 5550 5551 5587
f 5588 5552 5553
f 5554 5520 5555
f 5557 5522 5554
f 5555 5521 5556
f 5523 5558 5593
f 5560 5525 5557
f 5524 5559 5595
f 5526 5561 5596
f 5589 5553 5560
f 5561 5527 5562
f 5563 5599 5562
f 5600 5563 5529
f 5530 5565 5601
f 5531 5566 5602
f 5534 5569 5603
f 5567 5532 5539
f 5568 5533 5567
f 5570 5535 5568
f 5607 5569 5570
f 5571 5608 5573
f 5572 5609 5571
f 5080 5082 5572
f 5575 5540 5573
f 5575 5612 5611
f 5576 5577 5613
f 5577 5542 5578
f 5579 5614 5578
f 5580 5615 5579
f 5586 5616 5580
f 5581 5545 5582
f 5618 5584 5547
f 5582 5546 5583
f 5583 5548 5552
f 5549 5584 5620
f 5551 5585 5621
f 5586 5587 5623
f 5588 5589 5625
f 5590 5626 5591
f 5590 5555 5592
f 5594 5557 5591
f 5593 5629 5592
f 5558 5595 5630
f 5594 5631 5597
f 5632 5595 5559
f 5596 5561 5598
f 5625 5589 5597
f 5598 5562 5599
f 5600 5636 5599
f 5564 5601 5637
f 5565 5602 5638
f 5639 5602 5566
f 5640 5603 5569
f 5574 5611 5604
f 5604 5641 5605
f 5606 5570 5605
f 5606 5644 5643
f 5608 5645 5610
f 5608 5571 5609
f 5082 5083 5609
f 5612 5575 5610
f 5611 5612 5649
f 397 5613 5650
f 5613 5578 5614
f 5615 5651 5614
f 5616 5652 5615
f 5622 5653 5616
f 5581 5617 5654
f 5619 5655 5617
f 5584 5618 5656
f 5624 5619 5583
f 5621 5585 5620
f 5621 5658 5623
f 5660 5659 5622
f 5624 5625 5662
f 5591 5626 5663
f 5664 5626 5590
f 5627 5592 5629
f 5594 5628 5666
f 5667 5629 5593
f 5668 5630 5595
f 5631 5669 5634
f 5670 5632 5596
f 5633 5598 5635
f 5625 5634 5672
f 5673 5635 5599
f 5600 5637 5674
f 5675 5637 5601
f 5638 5602 5639
f 5640 5677 5639
f 5640 5607 5643
f 5611 5648 5641
f 5641 5679 5642
f 5642 5680 5644
f 5681 5682 5643
f 5647 5610 5645
f 5646 5684 5645
f 5083 5084 5646
f 5612 5647 5685
f 5649 5687 5686
f 474 435 5650
f 5650 5614 5651
f 5652 5689 5651
f 5653 5690 5652
f 5659 5691 5653
f 5654 5692 5656
f 5654 5617 5655
f 5661 5655 5619
f 5694 5657 5620
f 5695 5660 5623
f 5697 5659 5660
f 5661 5662 5699
f 5628 5663 5700
f 5701 5663 5626
f 5627 5665 5702
f 5703 5665 5629
f 5631 5666 5704
f 5630 5668 5705
f 5632 5670 5706
f 5669 5707 5672
f 5633 5671 5708
f 5709 5671 5635
f 5662 5672 5710
f 5711 5673 5636
f 5712 5674 5637
f 5675 5638 5676
f 5676 5639 5677
f 5678 5715 5677
f 5678 5643 5682
f 5648 5686 5679
f 5681 5644 5680
f 5682 5681 5719
f 5683 5645 5684
f 5647 5683 5721
f 5646 5084 5085
f 5722 5687 5649
f 5686 5687 5724
f 474 5688 5725
f 5688 5651 5689
f 5690 5726 5689
f 5690 5653 5691
f 5728 5691 5659
f 5656 5692 5729
f 5698 5730 5693
f 5658 5732 5731
f 5733 5696 5660
f 5735 5734 5697
f 5736 5730 5698
f 5737 5700 5663
f 5738 5701 5664
f 5665 5703 5739
f 5667 5705 5740
f 5707 5669 5704
f 5742 5743 5704
f 5744 5705 5668
f 5745 5706 5670
f 5746 5710 5672
f 5747 5708 5671
f 5748 5709 5673
f 5699 5710 5749
f 5750 5711 5674
f 5713 5751 5712
f 5714 5752 5713
f 5714 5677 5715
f 5715 5678 5716
f 5718 5755 5716
f 5681 5717 5757
f 5717 5680 5759
f 5718 5719 5761
f 5762 5721 5683
f 5086 5720 5684
f 5763 5722 5685
f 5723 5724 5765
f 512 5725 5766
f 5725 5689 5726
f 5726 5690 5727
f 5691 5728 5768
f 5694 5729 5769
f 5770 5771 5729
f 5730 5773 5772
f 5695 5731 5774
f 5775 5731 5732
f 5776 5735 5696
f 5777 5734 5735
f 5779 5773 5730
f 5780 5742 5700
f 5781 5737 5701
f 5702 5739 5782
f 5783 5739 5703
f 5784 5740 5705
f 5741 5704 5743
f 5707 5741 5786
f 5780 5787 5743
f 5706 5745 5788
f 5708 5747 5789
f 5790 5749 5710
f 5791 5747 5709
f 5792 5748 5711
f 5750 5712 5751
f 5752 5794 5751
f 5753 5795 5752
f 5754 5796 5753
f 5754 5716 5755
f 5760 5798 5755
f 5757 5799 5761
f 5717 5758 5800
f 5765 5801 5758
f 5760 5761 5803
f 5721 5762 5804
f 5806 5805 5722
f 5808 5087 553
f 5808 5766 5726
f 5727 5768 5809
f 5810 5768 5728
f 5769 5729 5771
f 5813 5812 5771
f 5772 5773 5815
f 5733 5774 5816
f 5731 5775 5817
f 5811 5818 5775
f 5778 5735 5776
f 5778 5821 5820
f 5734 5777 5822
f 5823 5815 5773
f 5737 5781 5824
f 5738 5782 5825
f 5739 5783 5826
f 5827 5783 5740
f 5744 5788 5828
f 5785 5743 5787
f 5785 5830 5786
f 5746 5786 5831
f 5780 5824 5832
f 5833 5788 5745
f 5747 5791 5834
f 5813 5814 5749
f 5748 5792 5835
f 5793 5836 5792
f 5793 5751 5794
f 5795 5838 5794
f 5795 5753 5796
f 5797 5840 5796
f 5760 5802 5841
f 5759 5756 5842
f 5803 5761 5799
f 5845 5757 5800
f 5800 5758 5847
f 5802 5803 5850
f 5763 5804 5851
f 5853 5805 5806
f 5724 5807 5854
f 5855 641 5087
f 5808 5767 5856
f 5856 5767 5809
f 5810 5858 5809
f 5811 5771 5812
f 5790 5831 5812
f 5772 5814 5813
f 5819 5776 5816
f 5861 5816 5774
f 5862 5817 5775
f 5821 5778 5819
f 5820 5864 5822
f 5821 5866 5865
f 5810 5822 5867
f 5868 5824 5781
f 5782 5826 5869
f 5827 5870 5826
f 5784 5828 5871
f 5788 5833 5872
f 5829 5787 5832
f 5829 5874 5830
f 5831 5786 5830
f 5876 5832 5824
f 5789 5834 5877
f 5791 5835 5878
f 5792 5836 5879
f 5836 5793 5837
f 5838 5881 5837
f 5839 5882 5838
f 5839 5796 5840
f 5884 5840 5797
f 5798 5841 5885
f 5849 5886 5841
f 5843 5799 5888
f 5889 5850 5803
f 5844 5847 5890
f 5891 5892 5846
f 5848 5801 5854
f 5849 5850 5895
f 5806 5851 683
f 5853 5854 5807
f 5852 5897 5896
f 5855 5899 5898
f 5900 5899 5855
f 5857 5901 5900
f 5857 5809 5858
f 5859 5812 5831
f 5863 5819 5860
f 5860 5816 5861
f 5905 5861 5817
f 5818 5859 5906
f 5863 5907 5866
f 5864 5820 5865
f 5910 5909 5865
f 5867 5911 5902
f 5870 5912 5869
f 5871 5913 5870
f 5871 5828 5872
f 5833 5877 5915
f 5873 5916 5874
f 5873 5832 5876
f 5874 5918 5875
f 5868 5920 5919
f 5834 5878 5921
f 5922 5878 5835
f 5880 5923 5879
f 5837 5881 5924
f 5883 5925 5882
f 5884 5926 5883
f 5927 5926 5884
f 5841 5886 5928
f 5894 5929 5886
f 5888 5931 5930
f 5845 5890 5888
f 5887 5932 5889
f 5933 5895 5850
f 5934 5891 5847
f 5936 5935 5892
f 5893 5854 5853
f 5937 5931 5848
f 5939 5894 5895
f 5897 5941 5940
f 5943 5942 5898
f 5944 5899 5900
f 5946 5945 5900
f 5901 5857 5902
f 5875 5918 5906
f 5907 5863 5903
f 5904 5949 5903
f 5905 5950 5904
f 5862 5906 5951
f 5907 5952 5910
f 5908 5954 5953
f 5909 5955 5908
f 5909 5910 5957
f 5867 5959 5958
f 5960 5869 5912
f 5913 5962 5912
f 5913 5871 5914
f 5964 5914 5872
f 5965 5915 5877
f 5916 5966 5918
f 5917 5967 5916
f 5919 5968 5917
f 5960 5969 5919
f 5970 5921 5878
f 5879 5923 5971
f 5880 5924 5972
f 5973 5924 5881
f 5973 5882 5925
f 5883 5926 5975
f 5975 5926 5927
f 5977 5927 5885
f 5939 5978 5929
f 5930 5979 5932
f 5980 5930 5931
f 5931 5888 5890
f 5889 5932 5981
f 5895 5933 5982
f 5984 5983 5891
f 5934 5892 5935
f 5935 5936 5986
f 5937 5893 5896
f 5941 5988 5987
f 5942 5943 5990
f 5944 5945 5992
f 5946 5901 5994
f 5993 5992 5945
f 5947 5995 5994
f 5906 5918 5966
f 5903 5949 5996
f 5950 5997 5949
f 5905 5951 5998
f 5999 5957 5910
f 5864 5953 5959
f 6001 6000 5953
f 5954 5908 5955
f 5955 5909 5956
f 5911 5958 6005
f 5959 6007 6006
f 5961 6008 5969
f 5961 5912 5962
f 5913 5963 6010
f 6011 5963 5914
f 5915 5965 6012
f 6013 5965 5921
f 6014 5966 5916
f 5967 5917 5968
f 5968 5919 5969
f 6017 5970 5922
f 5971 5923 5972
f 6019 5972 5924
f 5973 5974 6020
f 5975 6021 5974
f 5976 5927 5977
f 5976 6023 6021
f 5928 5929 6024
f 6025 6024 5929
f 5939 6027 6026
f 5981 5932 5979
f 6029 5979 5930
f 5940 5987 5980
f 5981 6030 5982
f 5984 6032 6031
f 5985 6032 5984
f 5986 6034 6033
f 6031 5986 5936
f 6037 5987 5988
f 5990 6039 6038
f 5991 5990 5943
f 6040 6041 5991
f 5993 5994 6043
f 5992 5993 6042
f 6044 6043 5994
f 6045 5995 5947
f 5951 5966 6014
f 5948 5996 6046
f 5949 5997 6047
f 6048 5997 5950
f 5952 6046 6049
f 6051 6050 5957
f 5953 6000 6007
f 6052 6000 6001
f 6002 6054 6001
f 6003 6055 6002
f 6003 5956 6057
f 6059 6058 6004
f 5958 6006 6060
f 6062 6006 6007
f 6016 5969 6008
f 6009 6064 6008
f 6065 6009 5962
f 5963 6011 6066
f 5964 6012 6067
f 5965 6013 6068
f 6069 6013 5970
f 6015 6070 6014
f 6015 5968 6016
f 6018 6072 6017
f 6018 5972 6019
f 6074 6073 6019
f 6021 6075 6020
f 5977 6024 6076
f 6022 6077 6023
f 6078 6076 6024
f 6079 6025 5978
f 6081 6080 6026
f 6028 6082 6030
f 6029 6083 6028
f 5980 5987 6037
f 6035 5982 6030
f 6085 6031 6032
f 5985 6033 6086
f 6034 6088 6087
f 6034 5986 6031
f 5988 5090 5092
f 6091 6090 6037
f 6092 6038 6039
f 5990 5991 6041
f 6040 6095 6094
f 6042 6043 6097
f 6040 6042 6096
f 6098 6044 5995
f 6099 6097 6043
f 6070 6048 5998
f 6100 6046 5996
f 6101 6047 5997
f 5999 6049 6102
f 6103 6049 6046
f 6051 6105 6104
f 6052 6061 6007
f 6052 6053 6107
f 6108 6053 6001
f 6055 6109 6054
f 6055 6003 6056
f 6112 6056 6057
f 6045 6004 6058
f 6058 6059 6114
f 6115 6059 6005
f 6006 6062 6116
f 6118 6117 6062
f 6063 6119 6071
f 6063 6008 6064
f 6065 6121 6064
f 6065 6010 6066
f 6011 6067 6123
f 6012 6068 6124
f 6125 6068 6013
f 6072 6126 6069
f 6071 6127 6070
f 6073 6128 6072
f 6020 6075 6129
f 6074 6130 6128
f 6076 6131 6077
f 6133 6023 6077
f 6131 6076 6078
f 6078 6025 6079
f 6136 6079 6026
f 6138 6080 6081
f 6139 6081 6027
f 6082 6141 6140
f 6083 6142 6082
f 6029 6037 6090
f 6084 6030 6140
f 6089 6035 6084
f 6086 6146 6145
f 6086 6033 6087
f 6085 6145 6088
f 6148 6147 6090
f 6038 6092 939
f 6093 6150 6149
f 6041 6094 6093
f 6095 6152 6151
f 6096 6097 6154
f 6153 6152 6095
f 6155 6099 6044
f 6157 6097 6099
f 6127 6101 6048
f 6047 6101 6158
f 6102 6159 6105
f 6160 6102 6049
f 6158 6161 6103
f 6163 6104 6105
f 6164 6118 6061
f 6165 6107 6053
f 6054 6109 6166
f 6110 6167 6109
f 6056 6112 6168
f 6111 6057 6104
f 6111 6170 6169
f 6171 6098 6058
f 6113 6114 6173
f 6174 6114 6059
f 6175 6115 6060
f 6117 6176 6116
f 6127 6071 6119
f 6120 6178 6119
f 6120 6064 6121
f 6180 6121 6065
f 6066 6123 6181
f 6067 6124 6182
f 6183 6124 6068
f 6128 6184 6126
f 6074 6129 6185
f 6128 6130 6186
f 6132 6077 6131
f 6132 6189 6188
f 6187 6131 6134
f 6135 6191 6134
f 6080 6193 6192
f 6081 6139 6194
f 6195 6138 6137
f 6144 6197 6139
f 6141 6199 6198
f 6200 6141 6082
f 6142 6083 6090
f 6201 6143 6140
f 6146 6203 6202
f 6203 6146 6087
f 6088 6145 6202
f 6206 6147 6148
f 6092 6149 6207
f 6150 6209 6208
f 6150 6093 6094
f 6211 6151 6152
f 6154 6213 6212
f 6214 6156 6099
f 6177 6158 6101
f 6162 6105 6159
f 6160 6216 6159
f 6161 6217 6160
f 6161 6158 6177
f 6162 6220 6219
f 5098 5094 6107
f 6108 6166 6221
f 6109 6167 6222
f 6110 6168 6223
f 6112 6169 6224
f 6111 6163 6219
f 6225 6171 6113
f 6172 6173 6227
f 6228 6114 6174
f 6230 6174 6115
f 6175 6116 6176
f 6176 6117 968
f 6119 6178 6218
f 6179 6232 6178
f 6180 6233 6179
f 6234 6180 6122
f 6181 6123 6182
f 6236 6182 6124
f 6125 6126 6237
f 6238 6237 6126
f 6239 6186 6130
f 6188 6185 6129
f 6186 6240 6238
f 6187 6241 6189
f 6243 6242 6188
f 6190 6134 6191
f 6190 6245 6241
f 6246 6247 6191
f 6136 6192 6249
f 6193 6251 6250
f 6137 6194 6252
f 6196 6254 6253
f 6251 6193 6138
f 6256 6197 6144
f 6257 6199 6141
f 6200 6142 6147
f 6258 6201 6198
f 6261 6202 6203
f 6262 6260 6203
f 6204 6202 6261
f 6205 6264 6263
f 6266 6265 6208
f 6150 6151 6267
f 6210 6269 6268
f 6212 6213 6271
f 6154 6157 6272
f 6214 6274 6273
f 6171 6225 6214
f 6215 6159 6216
f 6215 6276 6220
f 6217 6277 6216
f 6218 6278 6217
f 6279 6280 6219
f 6281 6221 6166
f 6282 6222 6167
f 6283 6223 6168
f 6285 6224 6169
f 6170 6219 6280
f 6226 6286 6225
f 6226 6227 6288
f 6289 6227 6173
f 6229 6290 6289
f 6230 6291 6229
f 6230 6175 6231
f 1024 1086 6231
f 6232 6278 6218
f 6232 6179 6233
f 6294 6233 6180
f 6234 6181 6235
f 6236 6296 6235
f 6236 6183 6237
f 6297 6237 6238
f 6242 6239 6185
f 6240 6186 6239
f 6298 6238 6240
f 6241 6301 6243
f 6302 6242 6243
f 6244 6191 6247
f 6245 6305 6301
f 6307 6306 6247
f 6248 6249 6307
f 6308 6249 6192
f 6310 6250 6251
f 6254 6196 6252
f 6195 6253 6309
f 6253 6254 6313
f 6315 6314 6197
f 6255 6317 6316
f 6318 6259 6199
f 6206 6263 6257
f 6259 6320 6319
f 6201 6258 6317
f 6321 6261 6260
f 6260 6262 6323
f 6321 6323 6262
f 5100 5103 6264
f 6263 6264 6325
f 6328 6327 6208
f 6329 6265 6266
f 6331 6266 6209
f 6269 6334 6333
f 6332 6335 6269
f 6332 6212 6270
f 6270 6271 6337
f 6338 6271 6213
f 6273 6274 6340
f 6274 6214 6225
f 6341 6338 6272
f 6276 6215 6275
f 6277 6343 6275
f 6279 6220 6276
f 6346 6345 6280
f 5105 5102 6221
f 6347 6281 6222
f 6223 6283 6348
f 6349 6283 6224
f 6351 6285 6284
f 6345 6350 6284
f 6286 6226 6287
f 6354 6353 6287
f 6227 6289 6355
f 6355 6289 6290
f 6291 6357 6290
f 6291 6230 6292
f 6292 6231 1086
f 6360 6293 6233
f 6361 6294 6234
f 6295 6235 6296
f 6297 6363 6296
f 6363 6297 6298
f 6299 6239 6242
f 6300 6240 6299
f 6366 6364 6298
f 6303 6243 6301
f 6303 6369 6368
f 6367 6301 6305
f 6371 6305 6245
f 6307 6374 6373
f 6374 6307 6249
f 6250 6310 6375
f 6377 6376 6310
f 6252 6379 6378
f 6311 6380 6313
f 6312 6377 6309
f 6312 6313 6382
f 6315 6384 6383
f 6315 6256 6386
f 6387 6316 6317
f 6318 6257 6263
f 6318 6389 6320
f 6258 6319 6388
f 6320 6391 6390
f 6322 6393 6392
f 6394 6393 6322
f 6392 6394 6323
f 6324 6325 6397
f 6265 6329 6399
f 6328 6398 6326
f 6400 6329 6330
f 6402 6330 6266
f 6333 6403 6402
f 6334 6405 6404
f 6334 6269 6335
f 6335 6270 6336
f 6336 6337 6408
f 6409 6337 6271
f 6339 6340 6411
f 6286 6352 6340
f 6341 6273 6339
f 6412 6409 6338
f 6342 6275 6343
f 6414 6344 6276
f 6343 6277 6293
f 6279 6344 6415
f 6345 6346 6417
f 6418 6347 6282
f 6419 6348 6283
f 6285 6351 6420
f 6351 6350 6422
f 6416 6422 6350
f 6287 6353 6423
f 6353 6354 6425
f 6355 6427 6426
f 6356 6290 6357
f 6427 6355 6356
f 6358 6430 6357
f 6294 6361 6431
f 6295 6362 6432
f 6362 6296 6363
f 6434 6366 6300
f 6436 6364 6366
f 6368 6369 6438
f 6440 6370 6305
f 6370 6438 6369
f 6372 6442 6441
f 6444 6443 6373
f 6446 6374 6308
f 6375 6310 6376
f 6448 6449 6376
f 6311 6378 6450
f 6451 6382 6313
f 6381 6448 6377
f 6453 6452 6381
f 6379 6314 6383
f 6455 6384 6315
f 6385 6386 6457
f 6388 6459 6458
f 6460 6386 6316
f 6318 6324 6396
f 6389 6461 6391
f 6319 6390 6459
f 6390 6391 6463
f 6464 6392 6393
f 6466 6465 6393
f 6466 6394 6392
f 6467 6468 6396
f 6395 1261 6397
f 5110 6398 6469
f 6328 6399 6469
f 6470 6399 6329
f 6403 6401 6330
f 6403 6333 6404
f 6473 6404 6405
f 6406 6474 6405
f 6336 6407 6474
f 6475 6476 6407
f 6408 6337 6409
f 6412 6339 6410
f 6479 6410 6411
f 6352 6423 6411
f 6478 6477 6409
f 6342 6413 6481
f 6360 6431 6413
f 6344 6414 6482
f 6417 6346 6415
f 6416 6417 6485
f 6348 6419 6486
f 6349 6420 6487
f 6421 6488 6420
f 6421 6422 6490
f 6484 6490 6422
f 6491 6423 6353
f 6492 6493 6424
f 6354 6426 6494
f 6494 6426 6427
f 6428 6357 6430
f 6428 6497 6429
f 6429 6498 6495
f 6358 6359 6499
f 6500 6431 6361
f 6501 6432 6362
f 6502 6435 6366
f 6433 6364 6436
f 6435 6504 6503
f 6438 6506 6505
f 6434 6368 6437
f 6439 6442 6372
f 6371 6441 6507
f 6442 6509 6508
f 6444 6457 6510
f 6511 6456 6446
f 6447 6376 6449
f 6513 6445 6375
f 6515 6514 6449
f 6380 6450 6516
f 6454 6517 6450
f 6382 6451 6518
f 6448 6381 6452
f 6519 6520 6452
f 6521 6517 6454
f 6522 6523 6384
f 6456 6511 6455
f 6456 6457 6444
f 6460 6510 6457
f 6387 6458 6524
f 6458 6459 6526
f 6389 6396 6468
f 6527 6391 6461
f 6526 6459 6390
f 6462 6463 6530
f 6464 6465 6532
f 6532 6465 6466
f 6464 6531 6533
f 5114 6467 6397
f 6468 6467 6535
f 1264 6469 6536
f 6399 6470 6536
f 6538 6470 6400
f 6471 6539 6401
f 6471 6404 6473
f 6472 6405 6474
f 6543 6473 6472
f 6407 6476 6541
f 6477 6544 6475
f 6546 6476 6475
f 6478 6410 6548
f 6479 6480 6550
f 6480 6411 6423
f 6478 6547 6544
f 6551 6482 6414
f 6500 6481 6413
f 6417 6483 6552
f 6484 6485 6554
f 6419 6487 6555
f 6420 6488 6556
f 6557 6488 6421
f 6558 6559 6489
f 6553 6558 6490
f 6493 6560 6491
f 6425 6494 6561
f 6492 6563 6562
f 6495 6564 6561
f 6496 6565 6497
f 6566 6496 6430
f 6497 6567 6498
f 6498 6568 6564
f 6500 6432 6501
f 6502 6570 6504
f 6569 6501 6436
f 6572 6503 6504
f 6437 6505 6570
f 6573 6505 6506
f 6439 6575 6509
f 6507 6441 6577
f 6508 6578 6577
f 6578 6508 6509
f 6443 6510 6575
f 6513 6579 6511
f 6447 6512 6580
f 6449 6514 6581
f 6583 6582 6514
f 6451 6516 6584
f 6450 6517 6585
f 6586 6519 6453
f 6520 6583 6515
f 6519 6588 6587
f 6589 6585 6517
f 6521 6384 6523
f 6511 6579 6522
f 6591 6590 6523
f 6524 6575 6510
f 6525 6526 6592
f 6528 6461 6468
f 6527 6528 6594
f 6529 6592 6526
f 6529 6530 6596
f 6593 6530 6463
f 6532 6598 6597
f 6532 6533 6599
f 6597 6599 6533
f 5114 5116 6535
f 6601 6534 6535
f 6603 1332 6536
f 6536 6470 6604
f 6538 6605 6604
f 6537 6401 6539
f 6540 6607 6539
f 6543 6608 6540
f 6542 6472 6541
f 6542 6611 6610
f 6609 6541 6476
f 6475 6544 6612
f 6613 6614 6546
f 6616 6547 6548
f 6549 6617 6548
f 6618 6619 6549
f 6480 6491 6560
f 6544 6547 6616
f 6482 6551 6572
f 6569 6551 6481
f 6620 6554 6485
f 6571 6552 6483
f 6553 6554 6622
f 6623 6555 6487
f 6624 6556 6488
f 6559 6558 6626
f 6621 6626 6558
f 6627 6560 6493
f 6561 6628 6563
f 6561 6564 6629
f 6497 6565 6630
f 6566 1429 6565
f 6567 6631 6568
f 6629 6564 6568
f 5115 1429 6566
f 6570 6633 6571
f 6551 6569 6503
f 6505 6573 6633
f 6574 6635 6634
f 6507 6576 6574
f 6577 6637 6636
f 6578 6592 6637
f 6580 6638 6579
f 6581 6639 6580
f 6581 6514 6582
f 6582 6583 6642
f 6643 6584 6516
f 6587 6642 6583
f 6645 6587 6588
f 6643 6585 6589
f 6590 6646 6589
f 6522 6579 6638
f 6590 6591 6648
f 6528 6534 6601
f 6650 6649 6593
f 6592 6529 6595
f 6596 6652 6651
f 6593 6649 6596
f 6654 6597 6598
f 6655 6653 6598
f 6597 6654 6656
f 6600 6535 5116
f 6600 6658 6657
f 6659 6660 6603
f 6661 6605 6538
f 6606 6663 6662
f 6606 6539 6607
f 6607 6540 6608
f 6666 6608 6543
f 6609 6667 6611
f 6668 6610 6611
f 6667 6609 6546
f 6545 6612 6670
f 6672 6671 6614
f 6615 6548 6617
f 6615 6675 6674
f 6549 6619 6676
f 6618 6550 6560
f 6619 6618 6678
f 6616 6674 6670
f 6552 6571 6633
f 6620 6634 6622
f 6621 6622 6680
f 6681 1420 6555
f 6556 6624 6682
f 6683 6624 6557
f 6625 6626 6685
f 6686 6683 6559
f 6679 6685 6626
f 6689 6690 6628
f 6630 6691 6631
f 6692 6565 1429
f 6632 6568 6631
f 6629 6632 6694
f 6620 6633 6573
f 6634 6635 6680
f 6576 6636 6635
f 6637 6595 6651
f 6639 6695 6638
f 6639 6581 6640
f 6641 6697 6640
f 6698 6699 6641
f 6642 6587 6645
f 6701 6702 6644
f 6645 6644 6704
f 6591 6638 6695
f 6647 6648 6706
f 6601 6657 6650
f 6708 6649 6650
f 6679 6680 6651
f 6652 6596 6649
f 6709 6654 6653
f 6653 6655 6711
f 6709 6712 6656
f 1513 6658 6600
f 6658 6714 6713
f 6659 6602 6605
f 6659 6717 6716
f 6661 6662 6663
f 6719 6715 6605
f 6663 6606 6664
f 6664 6607 6665
f 6722 6665 6608
f 6610 6668 6723
f 6669 6611 6667
f 6669 6726 6725
f 6724 6667 6614
f 6613 6670 6727
f 6671 6672 6729
f 6673 6617 6676
f 6673 6730 6675
f 6675 6732 6731
f 6676 6619 6734
f 6627 6735 6678
f 6677 6678 6737
f 6727 6670 6674
f 6623 6682 6738
f 6683 6739 6682
f 6684 6740 6686
f 6685 6708 6707
f 6739 6683 6686
f 6652 6708 6685
f 6687 6742 6735
f 6690 6744 6688
f 6746 6745 6690
f 6631 6691 6747
f 6692 6748 6691
f 1491 1550 6748
f 6749 6694 6632
f 6694 6750 6746
f 6635 6636 6651
f 6751 6695 6639
f 6752 6696 6640
f 6699 6698 6754
f 6703 6754 6698
f 6704 6644 6702
f 6701 6705 6756
f 6703 6704 6758
f 6705 6706 6759
f 6700 6647 6705
f 6707 6650 6657
f 6711 6761 6760
f 6655 6656 6712
f 6709 6763 6762
f 6764 6714 6658
f 6740 6713 6714
f 6716 5122 5118
f 6717 6659 6715
f 6717 6768 6767
f 6718 6769 6719
f 6720 6770 6718
f 6715 6719 6771
f 6720 6664 6721
f 6721 6665 6722
f 6666 6723 6774
f 6668 6725 6775
f 6724 6776 6726
f 6777 6725 6726
f 6776 6724 6671
f 6779 6729 6672
f 6733 6732 6730
f 6781 6731 6732
f 6733 6734 6783
f 6678 6735 6784
f 6785 6677 6736
f 6788 6787 6736
f 6779 6727 6731
f 6738 6682 6739
f 6686 6740 6765
f 6684 6707 6713
f 6741 6790 6789
f 6791 6784 6735
f 6742 6687 6793
f 6687 6743 6794
f 6794 6743 6688
f 6745 6795 6744
f 6797 6745 6746
f 6693 6747 6798
f 6747 6691 6748
f 6750 6694 6749
f 6796 6746 6750
f 6696 6752 6802
f 6803 6752 6697
f 6754 6805 6804
f 6806 6803 6699
f 6757 6805 6754
f 6702 6756 6807
f 6808 6758 6704
f 6810 6757 6758
f 6756 6759 6811
f 6759 6706 6802
f 6813 6760 6761
f 6761 6711 6712
f 6815 6816 6762
f 6817 6765 6714
f 5122 6716 6767
f 6766 6818 6768
f 6767 6768 6820
f 6771 6719 6769
f 6822 6769 6718
f 6720 6772 6823
f 6818 6766 6771
f 6721 6773 6825
f 6722 6774 6826
f 6827 6774 6723
f 6828 6775 6725
f 6776 6829 6778
f 6830 6831 6777
f 6833 6832 6729
f 6732 6733 6782
f 6780 6835 6834
f 6836 6837 6782
f 6785 6783 6734
f 6737 6784 6838
f 6786 6840 6839
f 6786 6736 6787
f 6842 6843 6787
f 6779 6781 6834
f 6789 5126 5123
f 6741 6765 6817
f 5127 5126 6789
f 6844 6791 6742
f 6845 6838 6784
f 6792 6793 6847
f 6794 6848 6847
f 6744 6795 6848
f 6849 6795 6745
f 6796 6851 6850
f 6800 6749 6798
f 6853 6798 6747
f 6800 6854 6801
f 6801 6855 6851
f 6812 6802 6752
f 6753 6804 6856
f 6806 6857 6812
f 6810 6858 6805
f 6807 6859 6808
f 6809 6758 6808
f 6809 6862 6861
f 6811 6863 6859
f 6812 6857 6811
f 6813 6814 6866
f 6762 6816 6814
f 6867 6864 6760
f 6763 6864 6867
f 6815 6869 6868
f 5125 6767 6819
f 6870 6820 6768
f 6819 6820 6872
f 6769 6822 6873
f 6771 6821 6825
f 6823 10231 10230
f 6824 6876 6870
f 6824 6773 6826
f 6877 6826 6774
f 6775 6828 6878
f 6879 6828 6777
f 6830 6778 6829
f 6830 6882 6881
f 6832 6833 6884
f 6780 6782 6837
f 6885 6886 6834
f 6785 6839 6836
f 6836 6888 6887
f 6889 6842 6788
f 6840 6891 6890
f 6841 6892 6840
f 6841 6787 6843
f 6894 6895 6843
f 6886 6884 6833
f 6844 6792 6846
f 6897 6845 6791
f 6898 6889 6838
f 6899 6900 6846
f 6899 6847 6848
f 6901 6848 6795
f 6902 6849 6797
f 6904 6850 6851
f 6800 6852 6905
f 6906 6852 6798
f 6801 6854 6907
f 6903 6851 6855
f 6856 6909 6857
f 6910 6856 6804
f 6860 6808 6859
f 6861 6862 6911
f 6911 6859 6863
f 6909 6863 6811
f 6865 6913 6867
f 6865 6866 6915
f 6814 6816 6868
f 6815 6867 6913
f 6917 6868 6869
f 5129 6819 6871
f 6918 6872 6820
f 6871 6872 6920
f 6821 6873 6823
f 6875 6873 6822
f 6875 6921 6922
f 6870 6876 6923
f 6877 6923 6876
f 6827 6878 6924
f 6828 6879 6925
f 6926 6879 6831
f 6830 6880 6927
f 6929 6881 6882
f 6883 6884 6931
f 6883 6927 6880
f 6885 6835 6837
f 6932 6931 6886
f 6839 6890 6888
f 6894 6842 6889
f 6934 6890 6891
f 6891 6840 6892
f 6893 6937 6892
f 6938 6893 6843
f 6894 6940 6939
f 6897 6844 6896
f 6900 6942 6896
f 6845 6897 6943
f 6900 6899 6945
f 6901 6946 6945
f 6946 6901 6849
f 6850 6904 6947
f 6948 6949 6904
f 6950 6907 6854
f 6852 6906 6951
f 6908 6855 6907
f 6948 6903 6908
f 6912 6910 6858
f 6863 6909 6910
f 6955 6913 6865
f 6914 6915 6957
f 6866 6868 6917
f 6916 6869 6913
f 6958 6917 6916
f 5130 6871 6919
f 6872 6918 6960
f 6919 6920 6962
f 6918 6923 6963
f 6924 6963 6923
f 6924 6878 6925
f 6965 6925 6879
f 6881 6929 6966
f 6882 6927 6967
f 6928 6969 6968
f 6930 6967 6927
f 6970 6971 6930
f 6887 6972 6932
f 6931 6932 6973
f 6934 6972 6888
f 6934 6935 6975
f 6935 6891 6936
f 6937 6977 6936
f 6893 6938 6978
f 6939 6981 6980
f 6982 6981 6939
f 6941 6896 6942
f 6941 6984 6943
f 6898 6943 6985
f 6944 6945 6987
f 6987 6945 6946
f 6947 6988 6946
f 6947 6904 6949
f 6991 6990 6949
f 6905 6951 6992
f 6950 6993 6952
f 6994 6992 6951
f 6952 6995 6953
f 6948 6953 6996
f 6955 6914 6956
f 6956 6957 6998
f 6958 6957 6915
f 6997 6999 6916
f 6959 7001 7000
f 6959 6916 6999
f 6920 6960 7002
f 6961 6962 7004
f 6963 6924 6964
f 7006 6964 6925
f 6926 6966 7007
f 7008 6966 6929
f 6928 6967 7009
f 7010 6968 6969
f 6971 7009 6967
f 7013 7012 6971
f 6973 6932 6972
f 6973 7015 7013
f 6934 6974 7014
f 6974 6975 7017
f 7018 6975 6935
f 6976 6936 6977
f 6937 6978 7020
f 6981 6982 7021
f 7022 6983 6942
f 7023 6985 6943
f 6985 7025 7024
f 6986 7026 7022
f 6986 6987 7028
f 7029 7028 6987
f 6988 6947 6989
f 6991 7031 7030
f 6992 7032 6993
f 6993 7033 6995
f 6994 7034 7032
f 6996 6953 6995
f 7036 7031 6991
f 6997 6998 7038
f 7000 6998 6957
f 6998 7000 7001
f 7001 6999 7040
f 7004 6962 7002
f 7004 7043 7042
f 7045 7006 6965
f 7046 7007 6966
f 7047 7008 6968
f 7009 7048 7011
f 7011 7050 7049
f 6971 7012 7048
f 7051 7012 7013
f 7053 7015 6973
f 7052 7013 7015
f 7016 7053 7014
f 7016 7017 7056
f 6975 7018 7057
f 7019 7058 7018
f 7020 7059 7019
f 6980 5134 6979
f 7024 7060 7021
f 6983 7022 7061
f 6984 7061 7062
f 7063 7060 7024
f 7064 7061 7022
f 7026 6986 7027
f 7066 7027 7028
f 7068 7067 7028
f 7069 7068 7029
f 7069 6989 6990
f 7070 7030 7031
f 7033 6993 7032
f 7035 6995 7033
f 7072 7032 7034
f 7034 6994 7076
f 7036 6996 7035
f 7071 7031 7036
f 7080 7079 7037
f 7039 7080 7038
f 7039 7040 7082
f 6999 7037 7079
f 7004 7041 7083
f 7084 7044 7006
f 7007 7046 7085
f 7008 7047 7086
f 7049 7087 7047
f 7050 7011 7048
f 7089 7049 7050
f 7088 7048 7012
f 7052 7092 7091
f 7054 7015 7053
f 7054 7094 7092
f 7095 7055 7056
f 7017 7057 7097
f 7018 7058 7098
f 7099 5137 7021
f 7100 7025 7023
f 7101 7062 7061
f 7025 7100 7102
f 7060 7063 7103
f 7064 7026 7065
f 7065 7027 7066
f 7106 7066 7067
f 7069 7109 7108
f 7030 7070 7109
f 7070 7071 7111
f 7112 7077 7035
f 7072 7074 7113
f 7075 7114 7074
f 7115 7116 7075
f 7117 7078 7036
f 7118 7111 7071
f 7079 7080 7120
f 7120 7080 7039
f 7082 7122 7121
f 7119 7082 7040
f 7041 7044 7084
f 7045 7085 7124
f 7046 7086 7125
f 7047 7087 7126
f 7087 7049 7089
f 7090 7050 7088
f 7129 7089 7090
f 7051 7091 7128
f 7132 7091 7092
f 7093 7133 7094
f 7092 7094 7134
f 7096 7136 7135
f 7137 7096 7056
f 7057 7098 7138
f 7139 7100 7062
f 7104 7140 7101
f 7115 7103 7063
f 7141 7102 7100
f 7105 7142 7104
f 7143 7105 7066
f 7145 7106 7107
f 7107 7067 7147
f 7070 7149 7148
f 7110 7111 7151
f 7077 7112 7152
f 7073 7113 7153
f 7114 7154 7113
f 7114 7075 7116
f 7076 1946 7103
f 7115 7102 7141
f 7078 7117 7156
f 7157 7151 7111
f 7119 7120 7159
f 7159 7120 7081
f 7161 7121 7122
f 7119 7158 7122
f 7083 7084 7124
f 7085 7125 7164
f 7165 7125 7086
f 7166 7126 7087
f 7127 7089 7129
f 7128 7168 7130
f 7130 7170 7169
f 7091 7132 7168
f 7131 7172 7171
f 7134 7094 7133
f 7095 7135 7133
f 7131 7134 7174
f 7175 7135 7136
f 7177 7136 7096
f 7178 7137 7097
f 7140 7179 7139
f 7179 7180 7141
f 7181 7142 7105
f 7106 7145 7182
f 7144 7107 7146
f 7144 7185 7184
f 7186 7146 7147
f 7147 7067 7108
f 7190 7189 7148
f 7110 7150 7191
f 7184 7150 7151
f 7193 7156 7117
f 7112 7153 7194
f 7195 7153 7113
f 7155 7196 7154
f 7116 7141 7180
f 7156 7197 7157
f 7192 7151 7157
f 7159 7200 7199
f 7121 7161 7200
f 7199 7160 7122
f 7202 7161 7160
f 7162 7203 1968
f 7162 7123 7163
f 7163 7124 7164
f 7205 7164 7125
f 7126 7166 7206
f 7207 7166 7127
f 7129 7169 7208
f 7209 7170 7130
f 7210 7169 7170
f 7209 7168 7132
f 7212 7171 7172
f 7134 7173 7214
f 7173 7133 7135
f 7174 7215 7213
f 7176 7217 7216
f 7176 7136 7177
f 7219 7177 7137
f 7142 7220 7179
f 7220 7196 7180
f 7220 7142 7181
f 7143 7182 7222
f 7192 7182 7145
f 7183 7223 7185
f 7186 7224 7183
f 7150 7184 7185
f 7225 7226 7186
f 7227 7187 7147
f 7188 7108 7148
f 7189 7190 7229
f 7149 7191 7230
f 7193 7152 7194
f 7195 7232 7194
f 7154 7196 7233
f 7197 7234 7198
f 7198 7222 7182
f 7235 7199 7200
f 7236 7200 7161
f 7235 7201 7160
f 7201 7238 7237
f 7204 7240 7203
f 7164 7205 7240
f 7206 7241 7205
f 7242 7206 7166
f 7167 7208 7243
f 7210 7244 7208
f 7211 7170 7209
f 7210 7211 7247
f 7245 7209 7171
f 7213 7249 7248
f 7215 7174 7214
f 7175 7216 7214
f 7249 7213 7215
f 7253 7216 7217
f 7218 7254 7217
f 7218 7177 7219
f 7178 2026 2063
f 7221 7233 7196
f 7221 7181 7222
f 7191 7185 7223
f 7224 7257 7223
f 7186 7226 7258
f 7187 7227 7259
f 7225 7261 7260
f 7228 7227 7188
f 7228 7229 7263
f 7265 7190 7230
f 7231 7234 7197
f 7222 7198 7234
f 7235 7236 7267
f 7236 7202 7237
f 7266 7238 7201
f 7269 7239 7203
f 7241 7269 7240
f 7241 7206 7242
f 7207 7243 7271
f 7243 7208 7244
f 7246 7273 7244
f 7247 7211 7245
f 7247 7276 7275
f 7245 7212 7277
f 7279 7248 7249
f 7250 7214 7216
f 7251 7215 7250
f 7278 7249 7251
f 7252 7217 7254
f 7252 7284 7283
f 7255 7285 7254
f 7255 7219 2063
f 7256 7232 7233
f 7264 7230 7223
f 7257 7224 7258
f 7287 7258 7226
f 7262 7259 7227
f 7288 7260 7261
f 7291 7262 7263
f 7292 7263 7229
f 7292 7265 7264
f 7234 7231 7232
f 7295 7294 7266
f 7297 7267 7237
f 7238 7266 7294
f 7239 7269 7298
f 7270 7298 7269
f 7270 7242 7301
f 7302 7271 7243
f 7272 7244 7273
f 7305 7304 7273
f 7274 7306 7276
f 7276 7308 7307
f 7277 7309 7306
f 7248 7279 7309
f 7311 7279 7278
f 7253 7283 7280
f 7281 7251 7280
f 7278 7281 7313
f 7252 7282 7314
f 7315 7282 7254
f 7316 7283 7284
f 2094 2127 7285
f 7293 7264 7257
f 7318 7286 7258
f 7319 7287 7260
f 7320 7259 7262
f 7321 7289 7261
f 7292 7323 7290
f 7291 7290 7325
f 7292 7293 7326
f 7294 7295 7328
f 7296 7330 7329
f 7296 7294 7327
f 7268 7298 7331
f 7300 7331 7298
f 7300 7301 7334
f 7302 7272 7303
f 7334 7301 7271
f 7303 7273 7304
f 7338 7337 7304
f 7306 7339 7308
f 7305 7275 7307
f 7340 7341 7307
f 7309 7342 7339
f 7342 7309 7279
f 7312 7280 7283
f 7313 7344 7343
f 7317 7284 7314
f 7315 7346 7314
f 7285 2127 2157
f 7317 7348 7347
f 7326 7293 7286
f 7287 7319 7349
f 7319 7288 7351
f 7352 7320 7291
f 7321 7322 7320
f 7289 7321 7354
f 7355 7325 7290
f 7324 7325 7357
f 7358 7355 7323
f 7360 7359 7327
f 7329 7328 7295
f 7330 7362 7361
f 7330 7327 7359
f 7363 7332 7299
f 7333 7334 7366
f 7335 7366 7334
f 7336 7367 7335
f 7336 7304 7337
f 7370 7369 7337
f 7371 7340 7308
f 7338 7307 7341
f 7373 7372 7341
f 7342 7374 7371
f 7311 7375 7374
f 7376 7312 7316
f 7310 7343 7377
f 7344 7379 7378
f 7380 7381 7344
f 7382 7345 7314
f 7383 7348 7317
f 2157 2195 7346
f 7348 7385 7384
f 7349 7358 7326
f 7350 7386 7349
f 7350 7351 7388
f 7356 7389 7352
f 7353 7388 7351
f 7321 7352 7389
f 7353 7354 7391
f 7325 7355 7392
f 7355 7358 7393
f 7395 7359 7360
f 7361 7360 7328
f 7361 7362 7397
f 7397 7362 7359
f 7398 7364 7332
f 7400 7333 7365
f 7403 7402 7365
f 7367 7403 7366
f 7336 7368 7404
f 7369 7405 7368
f 7369 7370 7407
f 7340 7371 7408
f 7372 7407 7370
f 7372 7373 7410
f 7371 7374 7411
f 7374 7375 7412
f 7347 7384 7413
f 7414 7412 7375
f 7415 7377 7343
f 7416 7378 7379
f 7379 7344 7381
f 7376 7413 7381
f 7382 7346 2195
f 7419 7383 7345
f 7420 7385 7348
f 7385 7422 7421
f 7358 7349 7386
f 7387 7423 7386
f 7424 7425 7387
f 7389 7356 7427
f 7390 7424 7388
f 7426 7391 7354
f 7390 7391 7429
f 7357 7392 7431
f 7392 7393 7432
f 7394 7360 7361
f 7433 7395 7394
f 7397 7436 7435
f 7395 7433 7436
f 7364 7398 7437
f 7363 7400 7401
f 7401 7365 7402
f 7402 7403 7441
f 7404 7441 7403
f 7442 7404 7368
f 7443 7405 7369
f 7406 7407 7445
f 7447 7373 7408
f 7409 7445 7407
f 7409 7410 7449
f 7408 7411 7450
f 7450 7411 7412
f 7384 7421 7452
f 7377 7415 7453
f 7454 7451 7412
f 7456 7416 7417
f 7457 7417 7379
f 7381 7413 7458
f 7382 2231 2271
f 7459 7420 7383
f 7460 7422 7385
f 7462 7421 7422
f 7393 7386 7423
f 7463 7423 7387
f 7465 7464 7425
f 7466 7467 7426
f 7428 7465 7424
f 7467 7429 7391
f 7468 7428 7429
f 7470 7471 7430
f 7470 7431 7432
f 7396 7435 7434
f 7433 7434 7474
f 7476 7435 7436
f 7475 7436 7433
f 7477 7438 7399
f 7439 7437 7398
f 7439 7402 7440
f 7480 7479 7440
f 7442 7480 7441
f 7481 7442 7405
f 7444 7482 7443
f 7446 7484 7483
f 7445 7409 7448
f 7487 7448 7449
f 7483 7449 7410
f 7488 7484 7446
f 7489 7488 7450
f 7490 7452 7421
f 7453 7491 7454
f 7492 7493 7453
f 7494 7455 7417
f 7492 7415 7416
f 2271 2310 7495
f 7496 7460 7420
f 7460 7497 7461
f 7498 7499 7462
f 7472 7432 7423
f 7500 7463 7425
f 7501 7502 7464
f 7466 7427 7471
f 7505 7504 7467
f 7465 7428 7506
f 7429 7467 7504
f 7508 7468 7469
f 7470 7509 7503
f 7472 7510 7509
f 7474 7434 7435
f 7511 7473 7474
f 7475 7514 7513
f 7475 7473 7511
f 7438 7477 7515
f 7439 7478 7516
f 7440 7479 7517
f 7519 7518 7479
f 7481 7519 7480
f 7443 7482 7520
f 7522 7521 7482
f 7523 7485 7448
f 7486 7449 7483
f 7526 7525 7484
f 7488 7489 7527
f 7499 7528 7490
f 7452 7490 7529
f 7491 7453 7493
f 7494 7457 7533
f 7455 7494 7535
f 7456 7537 7536
f 7496 7539 7497
f 7495 7538 7496
f 7541 7461 7497
f 7498 7461 7541
f 7499 7498 7542
f 7510 7472 7463
f 7500 7464 7502
f 7546 7545 7502
f 7503 7547 7505
f 7548 7549 7504
f 7501 7506 7550
f 7469 7504 7549
f 7506 7468 7508
f 7508 7507 7552
f 7547 7503 7509
f 7553 7509 7510
f 7513 7512 7474
f 7555 7556 7511
f 7514 7558 7557
f 7511 7556 7558
f 7515 7559 2332
f 7516 7560 7515
f 7561 7560 7516
f 7517 7479 7563
f 7563 7479 7518
f 7518 7519 7566
f 7566 7519 7481
f 7520 7482 7521
f 7522 7569 7568
f 7485 7523 7522
f 7487 7571 7570
f 7573 7486 7524
f 7524 7484 7525
f 7525 7526 7575
f 7526 7527 7576
f 7577 7527 7489
f 7580 7529 7490
f 7581 7528 7499
f 7530 7493 7584
f 7491 7530 7585
f 7531 7586 7579
f 7532 7587 7535
f 7532 7533 7529
f 7535 7589 7588
f 7534 7590 7537
f 7592 7536 7537
f 7540 7497 7539
f 7539 7496 7538
f 7540 7596 7595
f 7541 7595 7597
f 7543 7542 7597
f 7500 7544 7554
f 7545 7599 7544
f 7545 7546 7601
f 7505 7547 7602
f 7603 7604 7549
f 7605 7601 7546
f 7507 7549 7604
f 7551 7605 7550
f 7551 7552 7607
f 7608 7602 7547
f 7553 7554 7609
f 7555 7512 7513
f 7556 7555 7611
f 7613 7557 7558
f 7612 7558 7556
f 7515 7560 7615
f 7616 7615 7560
f 7561 7517 7562
f 7518 7565 7617
f 7566 7619 7618
f 7567 7521 7568
f 7619 7520 7567
f 7523 7570 7569
f 7570 7571 7623
f 7572 7625 7624
f 7525 7574 7625
f 7574 7575 7627
f 7627 7575 7576
f 7577 7629 7576
f 7577 7578 7631
f 7578 7489 7579
f 7598 7633 7581
f 7583 7584 7635
f 7584 7493 7536
f 7583 7637 7585
f 7582 7585 7639
f 7586 7531 7641
f 7638 7641 7531
f 7589 7535 7587
f 7580 7643 7587
f 7588 7644 7590
f 7645 7588 7589
f 7591 7537 7590
f 7647 7636 7536
f 7591 7649 7648
f 2467 7650 7593
f 7594 7651 7596
f 7593 7650 7594
f 7653 7595 7596
f 7654 7597 7595
f 7598 7597 7654
f 7554 7544 7599
f 7656 7599 7545
f 7600 7601 7658
f 7548 7602 7659
f 7603 7661 7660
f 7662 7658 7601
f 7607 7552 7604
f 7606 7662 7605
f 7607 7664 7663
f 7665 7659 7602
f 7666 7665 7608
f 7613 7611 7555
f 7667 7610 7611
f 7612 7670 7669
f 7616 7673 7672
f 7562 7674 7673
f 7617 7615 7672
f 7565 7618 7675
f 7677 7618 7619
f 7567 7620 7678
f 7679 7620 7568
f 7622 7680 7569
f 7682 7624 7625
f 7683 7625 7574
f 7685 7626 7627
f 7686 7628 7576
f 7630 7687 7629
f 7630 7631 7689
f 7578 7632 7690
f 7633 7692 7691
f 7655 7693 7633
f 7583 7634 7693
f 7645 7635 7584
f 7585 7637 7694
f 7640 7690 7632
f 7641 7638 7696
f 7642 7587 7643
f 7642 7692 7635
f 7644 7697 7646
f 7644 7588 7645
f 7646 7699 7649
f 7698 7645 7636
f 7592 7648 7700
f 7648 7649 7702
f 7703 7650 2467
f 7652 7596 7651
f 7650 7703 7651
f 7705 7653 7652
f 7708 7707 7654
f 7707 7694 7655
f 7609 7599 7656
f 7600 7657 7709
f 7711 7657 7658
f 7659 7712 7661
f 7661 7714 7713
f 7715 7710 7658
f 7660 7713 7664
f 7662 7606 7663
f 7716 7663 7664
f 7718 7712 7659
f 7719 7718 7665
f 7667 7668 7721
f 7723 7669 7670
f 7725 7671 7614
f 7564 7672 7673
f 7678 7729 7728
f 7680 7731 7730
f 7622 7732 7731
f 7734 7735 7682
f 7736 7733 7624
f 7683 7626 7737
f 7738 7685 7684
f 7741 7740 7628
f 7688 7742 7687
f 7688 7689 7744
f 7689 7631 7690
f 7693 7634 7692
f 7637 7693 7655
f 7707 7696 7639
f 7690 7640 7746
f 7747 7748 7695
f 7699 7646 7697
f 7698 7750 7697
f 7751 7649 7699
f 7647 7700 7750
f 7753 7754 7700
f 7701 7702 7756
f 7753 7648 7701
f 7759 7758 7703
f 7706 7758 7760
f 7708 7747 7696
f 7656 7709 7719
f 7657 7711 7761
f 7763 7711 7710
f 7714 7661 7712
f 7714 7766 7765
f 7762 7710 7715
f 7713 7765 7717
f 7716 7767 7715
f 7717 7769 7768
f 7770 7764 7712
f 7718 7719 7771
f 7667 7720 7772
f 7774 7720 7721
f 7776 7775 7721
f 7722 7772 7777
f 7724 7671 7725
f 7728 7779 7725
f 7728 7729 7780
f 7678 7679 7781
f 7679 7730 7782
f 7784 7730 7731
f 7785 7732 7623
f 7736 7682 7735
f 7734 7789 7788
f 7736 7790 7786
f 7734 7737 7791
f 7739 7793 7792
f 7740 7739 7684
f 7738 7791 7737
f 7740 7741 7796
f 7686 7794 7797
f 7798 7687 7742
f 7800 7742 7688
f 7744 7746 7748
f 7695 7748 7746
f 7743 7748 7747
f 7752 7699 7749
f 7802 7749 7697
f 7752 7804 7803
f 7750 7700 7754
f 7757 7805 7754
f 7755 7756 7807
f 7751 7803 7756
f 7755 7808 7757
f 7704 7703 7758
f 7760 7758 7759
f 7760 7747 7708
f 7709 7761 7771
f 7810 7761 7711
f 7812 7763 7762
f 7764 7813 7766
f 7815 7765 7766
f 7811 7762 7767
f 7769 7717 7765
f 7716 7768 7816
f 7769 7818 7817
f 7770 7819 7813
f 7771 7820 7819
f 7772 7720 7774
f 7773 7721 7775
f 7774 7773 7824
f 7775 7776 7723
f 7777 7772 7821
f 7724 7778 7827
f 7828 7829 7779
f 7729 7781 7830
f 7831 7830 7781
f 7782 7730 7784
f 7783 7731 7834
f 7783 2655 2654
f 7785 7681 7786
f 7835 7834 7732
f 7787 7735 7788
f 7787 7837 7790
f 7788 7789 7839
f 7786 7790 7841
f 7789 7791 7842
f 7738 7792 7842
f 7792 7793 7844
f 7740 7795 7793
f 7741 7797 7845
f 7799 7847 7846
f 7800 7849 7848
f 7809 7850 7800
f 7801 7749 7802
f 7804 7752 7801
f 7853 7803 7804
f 7851 7802 7754
f 7855 7805 7757
f 7806 7856 7808
f 7806 7807 7858
f 7853 7807 7756
f 7820 7771 7761
f 7763 7812 7859
f 7811 7861 7860
f 7814 7766 7813
f 7864 7815 7814
f 7816 7865 7861
f 7815 7864 7818
f 7768 7817 7865
f 7866 7817 7818
f 7862 7813 7819
f 7868 7819 7820
f 7870 7821 7774
f 7773 7822 7871
f 7822 7775 7777
f 7823 7824 7873
f 7821 7870 7874
f 7876 7877 7827
f 7780 7830 7878
f 7876 7829 7828
f 7831 7782 7832
f 7830 7831 7881
f 7832 7784 2654
f 2655 7783 7833
f 7833 7834 7835
f 7786 7840 7883
f 7787 7836 7884
f 7836 7788 7838
f 7886 7841 7790
f 7838 7839 7888
f 7889 7890 7840
f 7891 7839 7842
f 7843 7844 7894
f 7895 7844 7793
f 7843 7896 7892
f 7897 7898 7796
f 7797 7798 7846
f 7900 7846 7847
f 7848 7901 7847
f 7849 7902 7901
f 7849 7800 7850
f 7852 7801 7851
f 7852 7905 7854
f 7906 7907 7853
f 7904 7851 7805
f 7808 7856 7908
f 7857 7909 7856
f 7857 7858 7911
f 7907 7858 7807
f 7810 7859 7869
f 7912 7859 7812
f 7861 7914 7913
f 7863 7814 7862
f 7863 7917 7916
f 7914 7861 7865
f 7864 7916 7867
f 7918 7865 7817
f 7920 7866 7867
f 7868 7921 7915
f 7869 7922 7921
f 7870 7823 7872
f 7924 7873 7824
f 7874 7871 7822
f 7925 7926 7872
f 7927 7874 7870
f 7875 7827 7877
f 7879 7930 7877
f 7878 7931 7879
f 7831 7880 7932
f 7878 7881 7933
f 7882 2757 2704
f 7890 7934 7883
f 7837 7884 7935
f 7936 7884 7836
f 7885 7838 7887
f 7841 7886 7938
f 7887 7888 7940
f 7941 7888 7839
f 7889 7943 7942
f 7843 7893 7944
f 7893 7894 7946
f 7947 7894 7844
f 7895 7796 7898
f 7845 7846 7900
f 7949 7948 7898
f 7901 7950 7899
f 7952 7900 7899
f 7902 7953 7950
f 7903 7954 7902
f 7904 7955 7905
f 7854 7905 7956
f 7958 7957 7907
f 7855 7908 7955
f 7908 7856 7909
f 7909 7857 7910
f 7961 7962 7910
f 7957 7911 7858
f 7922 7869 7859
f 7860 7913 7963
f 7964 7913 7914
f 7915 7966 7917
f 7917 7968 7967
f 7918 7969 7965
f 7919 7867 7916
f 7969 7918 7866
f 7970 7971 7920
f 7966 7915 7921
f 7972 7921 7922
f 7924 7871 7874
f 7974 7925 7873
f 7925 7976 7975
f 7923 7926 7977
f 7980 7979 7929
f 7931 7981 7930
f 7881 7932 7982
f 2757 7882 7983
f 7942 7985 7934
f 7886 7935 7986
f 7987 7935 7884
f 7988 7937 7887
f 7938 7989 7943
f 7991 7990 7939
f 7992 7940 7888
f 7891 7994 7993
f 7942 7943 7996
f 7997 7944 7893
f 7945 7946 7999
f 8000 7946 7894
f 7947 7898 7948
f 7900 7952 7949
f 7948 7949 8002
f 7951 7899 7950
f 8003 7950 7953
f 7953 7902 7954
f 7905 7955 8006
f 7956 8007 7958
f 8009 8008 7957
f 7959 8006 7955
f 7960 8010 7959
f 7960 7910 7962
f 8013 8012 7962
f 8014 7911 7957
f 7912 7963 7973
f 8015 7963 7913
f 7965 8017 8016
f 7966 8018 7968
f 8020 7967 7968
f 8017 7965 7969
f 7970 7919 7967
f 7969 7920 7971
f 8023 8022 7971
f 7972 8024 8018
f 7973 8025 8024
f 7924 7927 7977
f 8026 7976 7925
f 8027 7977 7926
f 7976 8029 8028
f 7929 7979 8031
f 8032 7928 7930
f 7933 7982 8033
f 7983 8035 8034
f 8036 7983 7882
f 7995 8037 7985
f 7986 7935 7987
f 8040 8039 7987
f 7939 8042 8041
f 8042 7939 7990
f 7991 8045 8044
f 8046 7991 7940
f 7993 8047 7992
f 7994 8049 8048
f 8050 8051 7995
f 7997 7945 7998
f 8049 7994 7944
f 8053 8054 7998
f 8055 7999 7946
f 8000 7948 8001
f 7949 7952 8056
f 8058 8001 8002
f 8003 8059 8056
f 8004 8060 8059
f 8005 8061 8004
f 8007 7956 8006
f 7958 8007 8063
f 8009 8065 8064
f 8010 8062 8006
f 8011 8066 8010
f 8011 7962 8012
f 8068 8069 8012
f 8014 8070 8013
f 8008 8064 8070
f 7963 8015 8025
f 7964 8016 8071
f 8073 8016 8017
f 8019 7968 8018
f 8019 8076 8075
f 8021 8077 8072
f 8020 8075 8023
f 8021 7971 8022
f 8022 8023 8079
f 8074 8018 8024
f 8080 8024 8025
f 7974 7977 8027
f 8026 8082 8029
f 7975 8028 8083
f 8085 8028 8029
f 8086 8087 7980
f 5165 5163 8030
f 8089 8030 7978
f 8090 8031 7979
f 7981 8033 8092
f 8035 7985 8037
f 8037 7995 8051
f 8038 7987 8039
f 8096 7989 7986
f 8097 8098 8039
f 7988 8041 8097
f 8042 8100 8099
f 8043 8101 8100
f 8102 8043 7990
f 8103 8044 8045
f 8105 8045 7991
f 8046 7992 8047
f 8048 8107 8047
f 8099 8048 8049
f 7996 7989 8109
f 8050 8111 8110
f 8052 8108 8049
f 8054 8098 8052
f 8112 8053 7999
f 8054 8053 8113
f 8055 8001 8058
f 8002 8056 8059
f 8110 8111 8058
f 8057 8059 8060
f 8060 8004 8061
f 8063 8007 8062
f 8115 8065 8009
f 8117 8064 8065
f 8114 8062 8010
f 8066 8011 8067
f 8119 8067 8012
f 8068 8013 8070
f 8121 8069 8068
f 8120 8070 8064
f 8015 8071 8081
f 8016 8073 8123
f 8072 8125 8124
f 8019 8074 8126
f 8077 8127 8125
f 8075 8128 8079
f 8078 8127 8077
f 8079 8130 8129
f 8131 8126 8074
f 8081 8132 8131
f 8026 8027 8083
f 8084 8029 8082
f 8134 8083 8028
f 8084 8133 8135
f 8086 8137 8136
f 8089 8138 8088
f 8090 8091 8141
f 8087 8136 8091
f 8143 8142 8032
f 8094 8061 8093
f 8051 8110 8060
f 8095 8039 8098
f 8113 8096 8038
f 8108 8052 8098
f 8041 8099 8108
f 8100 8107 8048
f 8101 8144 8107
f 8145 8101 8043
f 8146 8102 8044
f 8147 8103 8104
f 8104 8045 8105
f 8046 8106 8150
f 8106 8047 8107
f 8050 8109 8151
f 8053 8112 8151
f 8058 8111 8151
f 8152 8115 8063
f 8116 8065 8115
f 8116 8155 8154
f 8066 8118 8152
f 8118 8067 8119
f 8157 8119 8069
f 8120 8158 8122
f 8159 8121 8122
f 8117 8154 8158
f 8132 8081 8071
f 8161 8123 8073
f 8163 8124 8125
f 8164 8128 8076
f 8162 8125 8127
f 8128 8166 8130
f 8078 8129 8165
f 8130 8168 8167
f 8126 8131 8169
f 8169 8131 8132
f 8082 8083 8134
f 8135 8133 8134
f 8171 8136 8137
f 8139 8088 8138
f 8140 8138 8089
f 8176 8177 8140
f 8141 8091 8136
f 8179 8142 8143
f 8096 8113 8151
f 8180 8144 8101
f 8181 8146 8103
f 8148 8183 8182
f 8148 8104 8149
f 8105 8150 8185
f 8144 8180 8150
f 8115 8152 8186
f 8187 8155 8116
f 8188 8189 8154
f 8156 8186 8152
f 8190 8156 8119
f 8159 8191 8157
f 8160 8122 8158
f 8159 8160 8194
f 8158 8154 8189
f 8123 8161 8170
f 8195 8161 8124
f 8164 8196 8166
f 8162 8165 8198
f 8168 8130 8166
f 8129 8167 8198
f 8201 8167 8168
f 8164 8169 8202
f 8169 8170 8203
f 8204 8171 8172
f 8172 8137 8173
f 8139 8174 8207
f 8174 8138 8140
f 8143 2969 5172
f 8210 8209 8179
f 8180 8145 8213
f 8215 8214 8146
f 8147 8182 8216
f 8182 8183 8218
f 8219 8183 8148
f 8149 8185 8220
f 8150 8180 8212
f 8153 8186 8221
f 8155 8187 8222
f 8224 8223 8189
f 8190 8221 8186
f 8225 8190 8157
f 8193 8226 8191
f 8192 8227 8194
f 8228 8229 8193
f 8189 8223 8227
f 8161 8195 8203
f 8163 8197 8230
f 8231 8199 8166
f 8233 8197 8198
f 8234 8200 8168
f 8232 8198 8167
f 8200 8236 8235
f 8202 8237 8231
f 8238 8237 8202
f 8205 8240 8239
f 8241 8205 8172
f 8207 8242 8208
f 8243 8207 8174
f 8178 5172 8211
f 8209 8210 8247
f 8212 8213 8251
f 8215 8251 8213
f 8181 8216 8252
f 8182 8217 8253
f 8254 8255 8217
f 8183 8219 8256
f 8184 8220 8257
f 8185 8212 8250
f 8187 8221 8258
f 8188 8222 8259
f 8261 8260 8223
f 8225 8258 8221
f 8225 8191 8226
f 8229 8263 8226
f 8194 8227 8264
f 8266 8265 8229
f 8227 8223 8260
f 8238 8203 8195
f 8233 8267 8230
f 8268 8234 8199
f 8232 8270 8269
f 8236 8200 8234
f 8201 8235 8270
f 8236 8273 8272
f 8231 8237 8274
f 8275 8274 8237
f 8277 8276 8239
f 8205 8241 8278
f 8241 8206 8280
f 8208 8242 8281
f 8207 8243 8282
f 8245 8283 8243
f 3037 8244 8284
f 8176 8239 8276
f 8249 8247 8210
f 8285 8246 8247
f 8279 8280 8209
f 8248 8286 8247
f 8288 8289 8250
f 8251 8215 8252
f 8290 8252 8216
f 8218 8256 8291
f 8292 8293 8255
f 8219 8257 8294
f 8220 8250 8289
f 8295 8259 8222
f 8224 8259 8296
f 8260 8261 8298
f 8262 8295 8258
f 8262 8226 8263
f 8265 8300 8263
f 8228 8264 8301
f 8303 8265 8266
f 8264 8260 8297
f 8238 8230 8267
f 8269 8304 8267
f 8305 8271 8234
f 8270 8307 8306
f 8308 8273 8236
f 8270 8235 8272
f 8309 8272 8273
f 8268 8274 8311
f 8274 8275 8312
f 8240 8278 8313
f 8314 8278 8241
f 8284 8244 8281
f 8316 8281 8242
f 5175 8284 8317
f 8318 8319 8285
f 8279 8246 8285
f 8248 8287 8321
f 5178 5180 8322
f 8324 8323 8289
f 8288 8252 8290
f 8325 8290 8253
f 8254 8291 8327
f 8329 8328 8291
f 8330 8255 8293
f 8333 8332 8293
f 8323 8294 8257
f 8334 8296 8259
f 8335 8298 8261
f 8337 8297 8298
f 8295 8262 8299
f 8263 8300 8338
f 8303 8339 8300
f 8302 8266 8301
f 8302 8342 8341
f 8297 8337 8340
f 8275 8267 8304
f 8306 8344 8304
f 8305 8345 8308
f 8346 8344 8306
f 8309 8346 8307
f 8309 8310 8348
f 8311 8349 8345
f 8311 8312 8350
f 8352 8351 8277
f 8278 8314 8353
f 8355 8354 8314
f 8284 8315 8356
f 8315 8281 8358
f 8316 8282 8283
f 8359 5179 3114
f 8319 8360 8320
f 8318 8362 8361
f 8320 8363 8355
f 8364 8321 8287
f 8323 8324 8367
f 8325 8367 8324
f 8330 8368 8325
f 8292 8327 8369
f 8370 8327 8291
f 8366 8371 8328
f 8331 8372 8368
f 8331 8293 8332
f 8332 8333 8375
f 8366 8329 8294
f 8334 8376 8335
f 8377 8336 8298
f 8336 8379 8378
f 8299 8338 8376
f 8380 8338 8300
f 8303 8341 8381
f 8340 8382 8342
f 8384 8341 8342
f 8382 8340 8337
f 8385 8343 8304
f 8345 8348 8310
f 8344 8346 8386
f 8347 8386 8346
f 8347 8348 8388
f 8349 8388 8348
f 8350 8390 8389
f 8351 8352 8358
f 8313 8353 8391
f 8353 8314 8354
f 8363 8393 8354
f 8394 8359 8317
f 8356 8315 8357
f 8396 8397 8357
f 5179 8359 8398
f 8363 8320 8360
f 8400 8401 8360
f 8362 8403 8402
f 8321 8364 8362
f 8322 8365 8404
f 8366 8367 8406
f 8368 8406 8367
f 8407 8375 8333
f 8408 8369 8327
f 8328 8371 8409
f 8406 8368 8372
f 8373 8411 8372
f 8374 8412 8373
f 8413 8414 8374
f 8377 8335 8376
f 8377 8416 8379
f 8379 8418 8417
f 8415 8376 8338
f 8419 8380 8339
f 8341 8384 8420
f 8383 8342 8382
f 8383 8423 8422
f 8378 8417 8421
f 8385 8424 8312
f 8386 8425 8424
f 8387 8425 8386
f 8427 8387 8388
f 8390 8350 8424
f 8396 8358 8352
f 8392 8430 8429
f 8354 8393 8431
f 8399 8432 8393
f 8433 8394 8356
f 8359 8394 8434
f 8395 8357 8397
f 8437 8436 8397
f 8438 5183 3192
f 8399 8360 8401
f 8401 8400 8441
f 8361 8402 8441
f 8442 8402 8403
f 8403 8362 8364
f 8365 8405 8444
f 8410 8409 8371
f 8407 8369 8408
f 8375 8407 8447
f 8448 8408 8370
f 8410 8372 8411
f 8412 8450 8411
f 8414 8451 8412
f 8453 8452 8414
f 8416 8377 8415
f 8418 8379 8416
f 8456 8417 8418
f 8454 8415 8380
f 8381 8420 8458
f 8459 8420 8384
f 8421 8460 8423
f 8462 8422 8423
f 8460 8421 8417
f 8428 8424 8425
f 8387 8427 8463
f 8464 8426 8388
f 8426 8466 8465
f 8468 8390 8428
f 8391 8429 8437
f 8437 8429 8430
f 8470 8430 8392
f 8471 8431 8393
f 8399 8439 8472
f 8433 8395 8435
f 8474 8434 8394
f 8398 8434 8475
f 8435 8397 8436
f 8477 8436 8437
f 8440 8479 8439
f 8440 8441 8481
f 8441 8402 8442
f 8482 8442 8443
f 8404 8444 8443
f 8405 8445 8484
f 8409 8410 8449
f 8446 8486 8447
f 8446 8408 8448
f 8447 8488 8453
f 8449 8411 8450
f 8451 8490 8450
f 8452 8491 8451
f 8452 8453 8493
f 8454 8494 8455
f 8455 8495 8457
f 8496 8456 8457
f 8419 8458 8494
f 8498 8458 8420
f 8499 8459 8422
f 8461 8423 8460
f 8501 8502 8462
f 8496 8500 8460
f 8503 8467 8428
f 8504 8463 8427
f 8464 8505 8466
f 8466 8507 8506
f 8464 8390 8468
f 8509 8508 8468
f 8430 8470 8510
f 8431 8471 8511
f 8512 8471 8432
f 8472 8439 8479
f 8473 8514 8474
f 8515 8473 8435
f 8474 8516 8475
f 8438 8475 8517
f 8518 8476 8436
f 8469 8510 8519
f 8480 8521 8479
f 8522 8523 8480
f 8524 8481 8442
f 8483 8526 8525
f 8483 8443 8444
f 8445 8485 8527
f 8487 8448 8449
f 8486 8529 8488
f 8487 8530 8486
f 8531 8493 8453
f 8489 8450 8490
f 8491 8533 8490
f 8492 8534 8491
f 8535 8536 8492
f 8494 8537 8495
f 8497 8457 8495
f 8497 8540 8539
f 8537 8494 8458
f 8459 8499 8541
f 8499 8462 8502
f 8543 8501 8461
f 8544 8545 8502
f 8539 8543 8500
f 8503 8546 8509
f 8465 8506 8547
f 8505 8548 8507
f 8549 8506 8507
f 8508 8548 8505
f 8508 8509 8552
f 8553 8510 8470
f 8554 8511 8471
f 8472 8513 8555
f 8521 8556 8513
f 8514 8557 8516
f 8558 8514 8473
f 8476 8518 8559
f 8517 8475 8516
f 8517 8561 8520
f 8477 8519 8562
f 8563 8519 8510
f 8523 8565 8521
f 8567 8566 8523
f 8482 8525 8568
f 8570 8569 8525
f 8484 8527 8526
f 8571 8527 8485
f 8489 8532 8530
f 8574 8488 8529
f 8530 8575 8529
f 8531 8576 8535
f 8532 8490 8533
f 8533 8491 8534
f 8536 8579 8534
f 8535 8581 8580
f 8538 8495 8537
f 8583 8540 8497
f 8540 8585 8584
f 8582 8537 8498
f 8499 8542 8586
f 8542 8502 8545
f 8501 8543 8588
f 8544 8590 8589
f 8539 8584 8588
f 8546 8591 8552
f 8504 8547 8546
f 8592 8547 8506
f 8507 8548 8593
f 8594 8549 8550
f 8551 8593 8548
f 8551 8552 8597
f 8511 8554 8598
f 8599 8554 8512
f 8555 8513 8556
f 8565 8601 8556
f 8515 8559 8602
f 8518 8562 8603
f 8560 8604 8561
f 8561 8605 8564
f 8606 8562 8519
f 8553 8598 8607
f 8566 8609 8565
f 8566 8567 8611
f 8524 8568 8567
f 8568 8525 8569
f 8569 8570 8614
f 8527 8571 8570
f 8615 8571 8528
f 8577 8575 8530
f 8573 8529 8575
f 8573 8618 8617
f 8535 8576 8619
f 8574 8617 8576
f 8578 8620 8577
f 8578 8534 8579
f 8622 8579 8536
f 8624 8580 8581
f 8582 8625 8583
f 8585 8540 8583
f 8627 8584 8585
f 8541 8586 8625
f 8629 8586 8542
f 8545 8589 8630
f 8590 8544 8588
f 8633 8589 8590
f 8631 8588 8584
f 8552 8591 8634
f 8547 8592 8591
f 8635 8592 8549
f 8595 8550 8593
f 8595 8638 8637
f 8596 8636 8593
f 8640 8596 8597
f 8641 8598 8554
f 8555 8600 8642
f 8600 8556 8601
f 8644 8601 8565
f 8558 8602 8645
f 8646 8602 8559
f 8647 8603 8562
f 8604 8648 8605
f 8560 8557 8649
f 8564 8605 8650
f 8563 8607 8651
f 8652 8607 8598
f 5189 5188 8608
f 8610 8654 8609
f 8610 8611 8656
f 8567 8568 8612
f 8613 8657 8612
f 8613 8614 8659
f 8571 8615 8614
f 3441 8660 8615
f 8616 8575 8577
f 8616 8661 8618
f 8662 8617 8618
f 8619 8664 8623
f 8619 8576 8617
f 8578 8621 8665
f 8666 8621 8579
f 8580 8624 8667
f 8623 8669 8668
f 8626 8583 8625
f 8626 8671 8628
f 8628 8673 8672
f 8670 8625 8586
f 8674 8629 8587
f 8675 8630 8589
f 8631 8676 8632
f 8677 8633 8632
f 8627 8672 8676
f 8639 8597 8634
f 8634 8591 8592
f 8681 8680 8635
f 8636 8682 8638
f 8684 8637 8638
f 8682 8636 8596
f 8639 8686 8685
f 8599 8642 8687
f 8688 8642 8600
f 8689 8643 8601
f 8690 8644 8609
f 8691 8646 8603
f 8606 8651 8692
f 8605 8648 8693
f 8649 8694 8648
f 8608 8650 8695
f 8651 8607 8652
f 8641 8687 8697
f 8655 8699 8654
f 8655 8656 8701
f 8611 8612 8657
f 8658 8702 8657
f 8658 8659 8704
f 8660 8659 8614
f 8660 3441 3487
f 8620 8665 8661
f 8661 8707 8663
f 8663 8709 8708
f 8669 8623 8664
f 8662 8708 8664
f 8711 8665 8621
f 8622 8667 8712
f 8713 8667 8624
f 8714 8668 8669
f 8671 8626 8670
f 8717 8673 8628
f 8719 8672 8673
f 8674 8716 8670
f 8630 8675 8720
f 8721 8675 8633
f 8678 8632 8676
f 8677 8678 8724
f 8722 8676 8672
f 8679 8725 8686
f 8635 8680 8679
f 8680 8681 8727
f 8683 8638 8682
f 8637 8684 8727
f 8730 8729 8684
f 8731 8728 8682
f 8686 8733 8732
f 8687 8642 8688
f 8735 8688 8643
f 8644 8690 8736
f 8699 8737 8690
f 8739 8691 8647
f 8692 8651 8696
f 8741 8695 8650
f 8742 8693 8648
f 8649 8645 8743
f 8744 8698 8653
f 8697 8687 8734
f 5192 5190 8698
f 8700 8747 8699
f 8748 8749 8700
f 8656 8657 8702
f 8703 8750 8702
f 8703 8704 8752
f 8705 8704 8659
f 8706 8753 8705
f 8665 8711 8707
f 8709 8663 8707
f 8756 8708 8709
f 8664 8708 8756
f 8710 8757 8715
f 8666 8712 8758
f 8759 8712 8667
f 8760 8713 8668
f 8714 8715 8762
f 8716 8763 8717
f 8718 8673 8717
f 8718 8766 8765
f 8674 8720 8763
f 8767 8720 8675
f 8677 8723 8768
f 8769 8724 8678
f 8723 8724 8771
f 8719 8765 8769
f 8725 8772 8733
f 8679 8680 8726
f 8726 8727 8774
f 8728 8775 8730
f 8774 8727 8684
f 8777 8776 8729
f 8728 8731 8778
f 8731 8685 8732
f 8780 8732 8733
f 8735 8781 8734
f 8689 8736 8782
f 8783 8736 8690
f 8747 8784 8737
f 8785 8739 8692
f 8786 8738 8691
f 8740 8696 8788
f 8741 8693 8742
f 8695 8741 8790
f 8791 8694 8743
f 8793 8746 8698
f 8745 8734 8781
f 8745 8796 8794
f 8749 8798 8747
f 8701 8702 8750
f 8800 8799 8749
f 8751 8801 8750
f 8752 8803 8802
f 8704 8705 8753
f 8706 3581 8804
f 8754 8707 8711
f 8755 8709 8754
f 8807 8756 8755
f 8756 8807 8757
f 8762 8715 8757
f 8809 8758 8712
f 8810 8759 8713
f 8714 8761 8811
f 8813 8812 8761
f 8763 8814 8764
f 8764 8815 8766
f 8816 8765 8766
f 8720 8767 8814
f 8818 8767 8721
f 8768 8723 8770
f 8820 8771 8724
f 8770 8771 8822
f 8765 8816 8820
f 8779 8733 8772
f 8725 8726 8773
f 8824 8773 8774
f 8775 8826 8777
f 8776 8825 8774
f 8776 8777 8828
f 8826 8775 8778
f 8829 8778 8732
f 8831 8830 8780
f 8782 8832 8781
f 8833 8782 8736
f 8834 8783 8737
f 8798 8835 8784
f 8785 8740 8787
f 8837 8786 8739
f 8738 8786 8792
f 8839 8838 8787
f 8789 8840 8790
f 8789 8742 8791
f 8744 8790 8842
f 8792 8843 8841
f 8746 8793 8844
f 8795 8845 8796
f 8832 8846 8795
f 8788 8794 8796
f 8799 8848 8798
f 8748 8750 8801
f 8849 8850 8799
f 8851 8801 8751
f 8852 8802 8803
f 8803 8752 8753
f 8804 3581 3633
f 8758 8809 8805
f 8806 8755 8805
f 8806 8857 8856
f 8856 8808 8757
f 8813 8762 8808
f 8759 8810 8859
f 8860 8810 8760
f 8761 8812 8861
f 8863 8812 8813
f 8815 8764 8814
f 8766 8815 8865
f 8867 8816 8817
f 8864 8814 8767
f 8819 8868 8818
f 8821 8869 8819
f 8771 8820 8870
f 8821 8822 8872
f 8823 8873 8831
f 8823 8772 8773
f 8874 8824 8825
f 8876 8828 8777
f 8875 8825 8776
f 8827 8828 8878
f 8879 8876 8826
f 8829 8780 8830
f 8880 8830 8831
f 8833 8882 8832
f 8883 8833 8783
f 8834 8784 8835
f 8848 8885 8835
f 8785 8836 8886
f 8838 8887 8836
f 8843 8792 8786
f 8888 8889 8838
f 8840 8891 8890
f 8840 8789 8841
f 8893 8844 8793
f 8892 8841 8843
f 8844 8895 8847
f 8839 8796 8845
f 8845 8795 8846
f 8846 8832 8882
f 8850 8899 8848
f 8849 8800 8801
f 8901 8900 8850
f 8902 8851 8802
f 8853 8904 8903
f 8804 8854 8853
f 8809 8859 8855
f 8855 8906 8857
f 8857 8908 8907
f 8858 8808 8856
f 8858 8909 8862
f 8910 8859 8810
f 8811 8861 8911
f 8912 8861 8812
f 8914 8863 8862
f 8864 8915 8865
f 8817 8865 8916
f 8867 8917 8870
f 8866 8919 8918
f 8868 8915 8864
f 8869 8920 8868
f 8871 8921 8869
f 8822 8870 8917
f 8872 8923 8922
f 8873 8924 8881
f 8873 8823 8824
f 8874 8875 8926
f 8927 8878 8828
f 8875 8827 8877
f 8928 8929 8877
f 8876 8879 8930
f 8880 8930 8879
f 8881 8932 8931
f 8833 8883 8933
f 8934 8883 8834
f 8884 8835 8885
f 8885 8848 8899
f 8837 8886 8894
f 8937 8886 8836
f 8887 8838 8889
f 8940 8939 8889
f 8941 8890 8891
f 8892 8943 8891
f 8944 8895 8844
f 8893 8842 8890
f 8894 8945 8943
f 8898 8847 8895
f 8888 8845 8896
f 8897 8882 8933
f 8900 8949 8899
f 8851 8902 8901
f 8950 8951 8900
f 8903 8952 8902
f 8953 8954 8903
f 8854 8905 8904
f 8906 8855 8859
f 8906 8956 8908
f 8907 8908 8958
f 8907 8957 8909
f 8913 8862 8909
f 8860 8911 8960
f 8961 8911 8861
f 8962 8912 8863
f 8964 8963 8914
f 8916 8865 8915
f 8866 8916 8966
f 8867 8918 8967
f 8968 8918 8919
f 8965 8915 8868
f 8921 8970 8920
f 8922 8971 8921
f 8872 8917 8967
f 8972 8971 8922
f 8932 8881 8924
f 8925 8924 8873
f 8974 8973 8925
f 8975 8928 8878
f 8926 8877 8929
f 8977 8976 8929
f 8927 8930 8978
f 8880 8931 8978
f 8932 8980 8979
f 8981 8933 8883
f 8934 8884 8935
f 8935 8885 8936
f 8899 8949 8984
f 8945 8894 8886
f 8937 8887 8938
f 8938 8889 8939
f 8939 8940 8988
f 8943 8989 8942
f 8944 8893 8941
f 8991 8946 8895
f 8989 8943 8945
f 8948 8898 8946
f 8896 8994 8988
f 8933 8981 8995
f 8951 8997 8949
f 8901 8902 8952
f 8950 8999 8998
f 8952 8903 8954
f 8953 8904 8905
f 8954 8953 9002
f 8910 8960 8956
f 9004 8958 8908
f 9005 8957 8958
f 8909 8957 9005
f 8964 8913 8959
f 8911 8961 9008
f 8961 8912 8962
f 8914 8963 9010
f 9011 9012 8963
f 8965 9013 8966
f 8919 8966 9015
f 8968 8969 9016
f 8920 8970 9013
f 8970 8921 8971
f 8972 8923 8967
f 9017 8971 8972
f 8980 8932 8973
f 9019 9018 8973
f 8928 8975 9020
f 8974 8929 8976
f 8976 8977 9022
f 9020 8975 8978
f 9023 8978 8931
f 8979 8980 9025
f 9026 8981 8934
f 8982 8935 8983
f 8936 8984 9028
f 8997 9029 8984
f 8937 8985 8992
f 8986 9030 8985
f 8986 8939 8987
f 8988 9033 9032
f 9034 8942 8989
f 9036 8991 8944
f 8946 8991 9037
f 9035 8989 8992
f 8993 9039 8996
f 9033 8988 8994
f 8947 8995 9040
f 9041 8995 8981
f 8998 9043 8997
f 8950 8952 9000
f 8998 8999 9045
f 9000 8954 9001
f 9002 8953 8955
f 9002 9048 9047
f 8960 9008 9004
f 9006 8958 9004
f 9051 9005 9006
f 8959 9005 9051
f 9007 9052 9011
f 9053 9008 8961
f 9009 8962 9010
f 8963 9012 9055
f 9012 9011 9057
f 9015 8966 9013
f 9015 9060 9059
f 9061 9016 8969
f 9017 9016 9061
f 9063 9025 8980
f 9063 9018 9019
f 9065 9022 8977
f 9021 9064 9019
f 9022 9067 9066
f 9023 9068 9065
f 9023 8979 9024
f 9024 9025 9070
f 8983 9028 9071
f 9072 9028 8984
f 9029 8997 9043
f 8985 9030 9038
f 9031 9074 9030
f 9031 8987 9032
f 9076 9032 9033
f 9078 9079 9034
f 8991 9036 9080
f 9039 8993 9037
f 9035 9038 9082
f 9042 8996 9039
f 9077 9033 9040
f 9084 9040 8995
f 9026 9027 9085
f 9042 9086 3881
f 9043 8998 9044
f 9046 9045 8999
f 9044 9045 9089
f 9046 9001 9047
f 9048 9002 9003
f 9091 9047 9048
f 9004 9008 9053
f 9093 9050 9006
f 9095 9094 9051
f 9051 9094 9052
f 9052 9096 9057
f 9009 9054 9097
f 9098 9054 9010
f 9099 9055 9012
f 9101 9056 9057
f 9017 9062 9058
f 9102 9060 9015
f 9103 9059 9060
f 9105 9106 9061
f 9062 9061 9106
f 9108 9070 9025
f 9064 9110 9109
f 9111 9067 9022
f 9021 9066 9110
f 9066 9067 9113
f 9065 9068 9114
f 9069 9114 9068
f 9069 9070 9116
f 9071 9117 9085
f 9118 9071 9028
f 9072 9029 9073
f 9073 9043 9087
f 9030 9074 9082
f 9075 9121 9074
f 9122 9075 9032
f 9077 9124 9123
f 9079 9080 9036
f 9078 9126 9125
f 9037 9080 9127
f 9081 9128 9083
f 9078 9082 9129
f 9083 9130 9086
f 9124 9077 9084
f 9131 9084 9041
f 3881 9086 9132
f 9088 9133 9087
f 9090 9089 9045
f 9088 9089 9135
f 9047 9091 9136
f 3928 9092 9048
f 9053 9097 9093
f 9050 9093 9137
f 9095 9139 9138
f 9096 9052 9094
f 9100 9057 9096
f 9141 9097 9054
f 9055 9099 9142
f 9056 9101 9143
f 9144 9101 9100
f 9107 9102 9058
f 9146 9104 9060
f 9104 9148 9147
f 9059 9103 9149
f 9149 9150 9106
f 9150 9151 9107
f 9152 9116 9070
f 9154 9109 9110
f 9155 9113 9067
f 9153 9110 9066
f 9113 9157 9156
f 9111 9114 9158
f 9115 9158 9114
f 9115 9116 9160
f 9131 9085 9117
f 9118 9162 9117
f 9119 9162 9118
f 9120 9163 9119
f 9120 9087 9133
f 9129 9082 9074
f 9165 9121 9075
f 9076 9123 9166
f 9124 9168 9167
f 9125 9127 9080
f 9126 9170 9169
f 9127 9171 9128
f 9128 9172 9130
f 9170 9126 9129
f 9174 9132 9086
f 9131 9161 9168
f 3927 9132 9175
f 9134 9176 9133
f 9090 9136 9135
f 9134 9135 9178
f 9091 9180 9179
f 5197 9181 9092
f 9097 9141 9137
f 9137 9182 9139
f 9139 9184 9183
f 9140 9096 9138
f 9185 9145 9100
f 9098 9142 9186
f 9142 9099 9143
f 9144 9188 9143
f 9145 9190 9189
f 9107 9151 9191
f 9192 9148 9104
f 9149 9103 9147
f 9195 9147 9148
f 9193 9196 9150
f 9196 9197 9151
f 9152 9108 9109
f 9160 9116 9152
f 9153 9200 9199
f 9201 9157 9113
f 9112 9156 9200
f 9159 9202 9158
f 9160 9204 9203
f 9162 9205 9161
f 9164 9206 9163
f 9164 9133 9176
f 9173 9129 9121
f 9208 9165 9122
f 9123 9167 9209
f 9167 9168 9161
f 9125 9169 9171
f 9170 9212 9211
f 9171 9213 9172
f 9174 9130 9172
f 9212 9170 9173
f 9175 9132 9174
f 9217 4019 3973
f 9177 9218 9176
f 9178 9135 9136
f 9178 9220 9219
f 9179 9180 9222
f 9182 9137 9141
f 9184 9139 9182
f 9226 9183 9184
f 9185 9140 9183
f 9185 9228 9190
f 9229 9186 9142
f 9188 9230 9187
f 9189 9231 9188
f 9189 9190 9233
f 9234 9191 9151
f 9235 9194 9148
f 9191 9234 9192
f 9147 9195 9236
f 9195 9194 9238
f 9236 9239 9196
f 9197 9196 9239
f 9160 9198 9241
f 9199 9241 9198
f 9200 9243 9242
f 9244 9245 9157
f 9156 9245 9243
f 9159 9203 9244
f 9247 9246 9203
f 9205 9248 9210
f 9250 9249 9163
f 9207 9251 9206
f 9176 9218 9252
f 9215 9173 9165
f 9166 9209 9253
f 9254 9209 9167
f 9169 9211 9213
f 9255 9211 9212
f 9213 9257 9214
f 9216 9174 9214
f 9215 9259 9256
f 9260 9217 9175
f 9177 9219 9262
f 9179 9221 9220
f 9263 9219 9220
f 9265 9221 9222
f 9222 9181 9223
f 9229 9225 9182
f 9266 9227 9184
f 9268 9226 9227
f 9185 9226 9268
f 9190 9228 9269
f 9187 9230 9270
f 9271 9230 9188
f 9231 9189 9232
f 9232 9233 9274
f 9240 9275 9234
f 9194 9235 9276
f 9234 9275 9235
f 9277 9236 9195
f 9237 9238 9279
f 9280 9239 9236
f 9240 9239 9280
f 9247 9204 9241
f 9241 9199 9242
f 9284 9242 9243
f 9202 9244 9201
f 9245 9244 9286
f 9203 9246 9286
f 9287 9246 9247
f 9210 9248 9289
f 9250 9206 9251
f 9248 9249 9250
f 9207 9252 9291
f 9208 9253 9259
f 9292 9253 9209
f 9257 9213 9211
f 9256 9294 9293
f 9258 9214 9257
f 9260 9216 9258
f 9297 9294 9256
f 9298 9261 9217
f 9300 9262 9219
f 9263 9264 9302
f 9266 9225 9229
f 9303 9267 9227
f 9305 9304 9268
f 9228 9268 9304
f 9233 9269 9306
f 9307 9270 9230
f 9271 9231 9272
f 9273 9309 9272
f 9311 9273 9274
f 9312 9275 9240
f 9279 9238 9276
f 9276 9235 9275
f 9237 9278 9314
f 9316 9315 9278
f 9277 9314 9317
f 9280 9317 9318
f 9282 9319 9288
f 9242 9284 9319
f 9285 9320 9283
f 9322 9284 9283
f 9285 9286 9323
f 9323 9286 9246
f 9288 9325 9324
f 9254 9289 9326
f 9289 9250 9290
f 9251 9291 9327
f 9328 9329 9291
f 9297 9253 9292
f 9255 9293 9295
f 9294 9332 9331
f 9295 9333 9296
f 9296 9334 9298
f 9330 9332 9294
f 9261 9298 9335
f 9337 9262 9300
f 9263 9301 9339
f 9302 4142 9340
f 9270 9307 9303
f 9303 9343 9305
f 9344 9345 9304
f 9345 9306 9269
f 9310 9274 9306
f 9308 9347 9307
f 9272 9309 9348
f 9311 9349 9309
f 9310 9351 9350
f 9352 9312 9281
f 9313 9276 9312
f 9313 9353 9316
f 9315 9354 9314
f 9315 9316 9356
f 9357 9317 9314
f 9358 9318 9317
f 9319 9359 9325
f 9359 9319 9284
f 9360 9321 9283
f 9321 9362 9361
f 9320 9323 9363
f 9287 9324 9363
f 9364 9324 9325
f 9292 9326 9366
f 9367 9327 9291
f 9329 9328 9337
f 9293 9331 9333
f 9332 9370 9369
f 9296 9333 9371
f 9372 9335 9298
f 9330 9366 9370
f 9299 9335 9373
f 9300 9339 9375
f 9368 9337 9338
f 9341 9339 9301
f 9342 9377 9341
f 9343 9303 9307
f 9305 9343 9378
f 9345 9344 9380
f 9346 9306 9345
f 9346 9381 9351
f 9348 9382 9347
f 9348 9309 9349
f 9384 9349 9311
f 9385 9350 9351
f 9318 9358 9387
f 9352 9387 9353
f 9388 9356 9316
f 9389 9354 9315
f 9355 9356 9391
f 9354 9389 9392
f 9357 9392 9393
f 9359 9394 9365
f 9322 9361 9394
f 9395 9362 9321
f 9362 9397 9396
f 9360 9363 9398
f 9398 9363 9324
f 9364 9365 9400
f 9367 9329 9368
f 9403 9401 9327
f 9331 9369 9371
f 9404 9369 9370
f 9371 9405 9372
f 9406 9373 9335
f 9403 9370 9366
f 9407 9374 9336
f 9375 9408 9376
f 9377 9375 9339
f 9376 9409 9402
f 9374 9407 9377
f 9382 9378 9343
f 9410 9380 9344
f 9379 9380 9412
f 9379 9411 9381
f 9381 9413 9386
f 9348 9383 9414
f 9384 9415 9383
f 9350 9385 9416
f 9386 9418 9417
f 9393 9419 9387
f 9353 9387 9419
f 9420 9391 9356
f 9421 9389 9355
f 9423 9390 9391
f 9424 9392 9389
f 9425 9393 9392
f 9365 9394 9426
f 9396 9426 9394
f 9397 9362 9395
f 9397 9429 9428
f 9427 9395 9398
f 9398 9364 9399
f 9399 9400 9432
f 9402 9404 9403
f 9369 9404 9405
f 9406 9372 9405
f 9373 9406 9408
f 9406 9409 9376
f 9407 9408 9375
f 9404 9402 9409
f 9378 9382 9414
f 9433 9412 9380
f 9411 9412 9435
f 9411 9434 9413
f 9413 9436 9418
f 9414 9383 9415
f 9384 9416 9438
f 9439 9416 9385
f 9418 9441 9440
f 9425 9442 9419
f 9388 9419 9442
f 9391 9420 9443
f 9390 9423 9444
f 9446 9423 9422
f 9421 9444 9447
f 9424 9447 9448
f 9400 9426 9449
f 9428 9449 9426
f 9429 9397 9427
f 9451 9428 9429
f 9427 9430 9453
f 9431 9453 9430
f 9431 9432 9455
f 9414 9437 9433
f 9412 9433 9456
f 9457 9458 9434
f 9458 9436 9413
f 9418 9436 9459
f 9437 9415 9438
f 9461 9438 9416
f 9417 9440 9462
f 9463 9464 9440
f 9466 9465 9442
f 9443 9420 9442
f 9445 9422 9443
f 9468 9444 9423
f 9470 9469 9446
f 9471 9447 9444
f 9447 9471 9472
f 9449 9473 9455
f 9473 9449 9428
f 9450 9474 9452
f 9476 9451 9452
f 9454 9474 9453
f 9478 9454 9455
f 9460 9456 9433
f 9435 9456 9479
f 9481 9480 9458
f 9480 9459 9436
f 9463 9441 9459
f 9461 9483 9460
f 9439 9462 9484
f 9462 9440 9464
f 9464 9463 9487
f 9465 9466 9489
f 9465 9488 9467
f 9467 9490 9470
f 9468 9446 9469
f 9493 9492 9469
f 9491 9494 9471
f 9472 9489 9466
f 9472 9471 9494
f 9477 9455 9473
f 9496 9473 9451
f 9475 9452 9474
f 9498 9476 9475
f 9497 9474 9454
f 9501 9478 9477
f 9483 9479 9456
f 9457 9479 9502
f 9503 9480 9481
f 9482 9459 9480
f 9482 9505 9487
f 9461 9484 9506
f 9484 9462 9485
f 9486 9508 9485
f 9486 9487 9510
f 9511 9488 9489
f 9490 9467 9488
f 9470 9490 9513
f 9491 9469 9492
f 9492 9493 9516
f 9514 9517 9494
f 9489 9472 9495
f 9495 9494 9517
f 9500 9477 9496
f 9519 9496 9476
f 9497 9520 9499
f 9499 9522 9521
f 9478 9501 9520
f 9524 9523 9501
f 9483 9506 9502
f 9525 9504 9481
f 9504 9527 9526
f 9503 9526 9505
f 9505 9528 9510
f 9506 9484 9507
f 9507 9485 9508
f 9509 9531 9508
f 9532 9509 9510
f 9534 9535 9511
f 9535 9513 9490
f 9536 9493 9513
f 9514 9492 9515
f 9515 9516 9540
f 9514 9538 9541
f 9512 9495 9518
f 9518 9517 9541
f 9500 9519 9543
f 9498 9521 9543
f 9522 9499 9520
f 9522 9546 9545
f 9501 9523 9544
f 9523 9524 9548
f 9502 9506 9529
f 9525 9549 9527
f 9527 9551 9550
f 9526 9550 9528
f 9533 9510 9528
f 9529 9507 9530
f 9530 9508 9531
f 9532 9555 9531
f 9532 9533 9556
f 9558 9557 9535
f 9537 9513 9535
f 9536 9537 9560
f 9515 9539 9561
f 9563 9562 9539
f 9559 9540 9516
f 9561 9564 9541
f 9534 9518 9542
f 9564 9565 9542
f 9566 9548 9524
f 9521 9545 9566
f 9544 9567 9546
f 9568 9569 9545
f 9547 9567 9544
f 9571 9570 9547
f 9525 9529 9553
f 9549 9572 9551
f 9574 9550 9551
f 9528 9550 9574
f 9552 9575 9556
f 9554 9576 9553
f 9554 9531 9555
f 9577 9555 9556
f 9558 9580 9579
f 9579 9560 9537
f 9581 9582 9559
f 9561 9539 9562
f 9584 9562 9563
f 9582 9563 9540
f 9564 9561 9583
f 9565 9580 9558
f 9565 9564 9586
f 9588 9571 9548
f 9566 9545 9569
f 9546 9567 9589
f 9569 9568 9591
f 9570 9589 9567
f 9593 9570 9571
f 9549 9553 9576
f 9573 9551 9572
f 9574 9573 9575
f 9595 9578 9556
f 9577 9578 9597
f 9598 9579 9580
f 9581 9560 9579
f 9600 9582 9581
f 9602 9583 9562
f 9585 9604 9603
f 9585 9563 9582
f 9605 9586 9583
f 9599 9580 9565
f 9586 9605 9606
f 9571 9588 9607
f 9590 9607 9588
f 9608 9591 9568
f 9591 9610 9609
f 9589 9570 9593
f 9612 9572 9576
f 9594 9595 9575
f 9594 9572 9612
f 9578 9595 9614
f 9615 9616 9596
f 9611 9576 9577
f 9617 9618 9598
f 9581 9598 9618
f 9620 9600 9601
f 9584 9603 9621
f 9623 9603 9604
f 9600 9620 9604
f 9624 9605 9602
f 9606 9617 9599
f 9624 9625 9606
f 9590 9609 9626
f 9627 9609 9610
f 9611 9631 9630
f 9614 9595 9594
f 9632 9613 9612
f 9597 9614 9633
f 9611 9596 9616
f 9635 9634 9616
f 9637 9636 9618
f 9601 9618 9636
f 9619 9639 9638
f 9621 9603 9623
f 9622 9604 9620
f 9641 9642 9623
f 9624 9621 9640
f 9617 9606 9625
f 9643 9644 9625
f 9627 9628 9647
f 9629 9648 9628
f 9649 9650 9630
f 9632 9633 9614
f 9632 9630 9650
f 9633 9652 9635
f 9634 9649 9631
f 9653 9654 9634
f 9655 9639 9636
f 9638 9639 9657
f 9640 9623 9642
f 9656 9641 9622
f 9659 9660 9642
f 9643 9640 9658
f 9644 9655 9637
f 9662 9644 9643
f 9663 9627 9646
f 9666 9665 9646
f 9668 9667 9628
f 9670 9669 9650
f 9632 9651 9652
f 9650 9669 9671
f 9653 9635 9652
f 9654 9670 9649
f 9674 9673 9654
f 9675 9657 9639
f 9656 9657 9677
f 9660 9678 9658
f 9676 9659 9641
f 9679 9661 9658
f 9662 9675 9655
f 9661 9679 9680
f 9663 9681 9648
f 9663 9645 9626
f 9664 9682 9681
f 9664 9646 9665
f 9665 9666 9685
f 9667 9668 9687
f 9670 9689 9688
f 9651 9671 9672
f 9690 9671 9669
f 9653 9672 9691
f 9673 9689 9670
f 9673 9674 9693
f 9657 9675 9694
f 9677 9696 9695
f 9697 9678 9660
f 9659 9676 9695
f 9699 9679 9678
f 9662 9680 9694
f 9679 9699 9700
f 9682 9687 9668
f 9664 9683 9701
f 9702 9683 9665
f 9684 9685 9704
f 9706 9685 9666
f 9687 9705 9707
f 9688 9689 9709
f 9691 9672 9671
f 9710 9690 9688
f 9674 9691 9711
f 9692 9709 9689
f 9694 9712 9696
f 9713 9714 9695
f 9697 9698 9716
f 9698 9695 9714
f 9715 9717 9699
f 9680 9700 9712
f 9717 9718 9700
f 9687 9682 9701
f 9719 9701 9683
f 9703 9720 9702
f 9704 9722 9721
f 9705 9701 9719
f 9708 9709 9724
f 9725 9711 9691
f 9726 9710 9708
f 9711 9728 9727
f 9729 9724 9709
f 9713 9696 9712
f 9716 9732 9731
f 9731 9733 9717
f 9700 9718 9730
f 9733 9734 9718
f 9720 9735 9719
f 9720 9703 9721
f 9721 9722 9737
f 9719 9735 9739
f 9741 9723 9724
f 9742 9728 9711
f 9743 9726 9723
f 9742 9725 9710
f 9745 9727 9728
f 9724 9729 9746
f 9730 9734 9747
f 9748 9731 9732
f 9748 9750 9733
f 9734 9733 9750
f 9736 9737 9735
f 9737 9722 9738
f 9753 9754 9741
f 9744 9728 9742
f 9726 9743 9755
f 9754 9756 9743
f 9758 9745 9744
f 9740 9746 9759
f 9751 9760 9747
f 9748 9749 9762
f 9749 9732 9747
f 9763 9750 9748
f 9751 9750 9763
f 9752 9738 9739
f 9766 9765 9754
f 9767 9757 9744
f 9767 9755 9743
f 9756 9754 9765
f 9745 9758 9770
f 9772 9771 9758
f 9753 9759 9773
f 9769 9770 9759
f 9751 9764 9774
f 9762 9776 9775
f 9760 9774 9762
f 9761 9775 9777
f 9778 9764 9763
f 9766 9780 9779
f 9781 9772 9757
f 9767 9756 9768
f 9768 9765 9779
f 9758 9771 9783
f 9771 9772 9785
f 9773 9786 9780
f 9759 9770 9783
f 9787 9774 9764
f 9788 9789 9775
f 9776 9762 9774
f 9789 9790 9777
f 9778 9777 9790
f 9792 9779 9780
f 9794 9785 9772
f 9781 9768 9782
f 9795 9782 9779
f 9784 9796 9783
f 9785 9798 9797
f 9786 9799 9793
f 9773 9783 9796
f 9791 9800 9787
f 9800 9788 9776
f 9802 9801 9789
f 9803 9790 9789
f 9804 9791 9790
f 9806 9792 9793
f 9807 9798 9785
f 9795 9807 9794
f 9792 9806 9808
f 9784 9797 9809
f 9811 9797 9798
f 9805 9793 9799
f 9796 9809 9799
f 9800 9791 9804
f 9813 9802 9788
f 9814 9815 9801
f 9803 9801 9815
f 9816 9817 9804
f 9819 9806 9805
f 9798 9807 9820
f 9808 9820 9807
f 9821 9808 9806
f 9797 9811 9822
f 9824 9811 9810
f 9812 9799 9809
f 9818 9805 9812
f 9826 9813 9804
f 9826 9814 9802
f 9827 9815 9814
f 9816 9815 9827
f 9817 9816 9829
f 9832 9819 9818
f 9823 9810 9820
f 9833 9820 9808
f 9819 9832 9834
f 9835 9822 9811
f 9823 9837 9836
f 9825 9812 9822
f 9831 9818 9825
f 9817 9830 9839
f 9826 9839 9828
f 9840 9827 9828
f 9842 9829 9827
f 9829 9842 9843
f 9831 9845 9844
f 9833 9846 9837
f 9846 9833 9821
f 9844 9847 9834
f 9824 9836 9848
f 9837 9850 9849
f 9835 9848 9838
f 9838 9851 9845
f 9852 9839 9830
f 9841 9828 9839
f 9840 9841 9854
f 9842 9840 9853
f 9856 9843 9842
f 9844 9845 9858
f 9850 9837 9846
f 9859 9846 9834
f 9857 9860 9847
f 9861 9848 9836
f 9863 9849 9850
f 9851 9838 9848
f 9864 9858 9845
f 9852 9843 9856
f 9865 9854 9841
f 9853 9854 9867
f 9855 9853 9866
f 9856 9855 9868
f 9870 9871 9857
f 9859 9872 9862
f 9847 9860 9872
f 9873 9860 9857
f 9874 9861 9849
f 9876 9875 9863
f 9864 9851 9861
f 9858 9864 9877
f 9878 9865 9856
f 9878 9867 9854
f 9866 9867 9880
f 9882 9881 9871
f 9876 9862 9872
f 9883 9872 9860
f 9881 9884 9873
f 9874 9863 9875
f 9886 9887 9875
f 9864 9874 9885
f 9870 9877 9888
f 9890 9878 9869
f 9880 9867 9878
f 9892 9891 9879
f 9882 9894 9893
f 9895 9886 9876
f 9883 9873 9884
f 9893 9896 9884
f 9885 9875 9887
f 9899 9887 9886
f 9877 9885 9897
f 9888 9900 9894
f 9889 9902 9901
f 9879 9891 9902
f 9880 9904 9903
f 9894 9906 9905
f 9898 9886 9895
f 9895 9884 9896
f 9908 9896 9893
f 9897 9887 9899
f 9910 9899 9898
f 9888 9897 9909
f 9900 9912 9906
f 9890 9901 9903
f 9902 9891 9914
f 9915 9892 9903
f 9917 9905 9906
f 9907 9919 9911
f 9908 9919 9907
f 9908 9905 9921
f 9922 9909 9899
f 9924 9910 9911
f 9912 9900 9909
f 9918 9906 9912
f 9903 9901 9926
f 9914 9928 9927
f 9915 9916 9930
f 9918 9932 9931
f 9923 9911 9919
f 9933 9919 9908
f 9921 9935 9934
f 9922 9910 9924
f 9923 9938 9937
f 9922 9936 9925
f 9925 9939 9932
f 9930 9916 9926
f 9940 9913 9927
f 9943 9927 9928
f 9929 9944 9928
f 9929 9930 9945
f 9917 9931 9935
f 9946 9931 9932
f 9933 9948 9938
f 9920 9934 9948
f 9949 9950 9934
f 9951 9936 9924
f 9952 9937 9938
f 9939 9925 9936
f 9947 9932 9939
f 9941 9945 9930
f 9943 9955 9941
f 9942 9928 9944
f 9942 9958 9957
f 9956 9944 9945
f 9935 9931 9946
f 9960 9946 9947
f 9953 9938 9948
f 9962 9948 9934
f 9964 9963 9950
f 9965 9951 9937
f 9953 9967 9966
f 9951 9965 9954
f 9954 9968 9961
f 9955 9959 9945
f 9957 9969 9955
f 9956 9970 9958
f 9957 9958 9972
f 9964 9949 9946
f 9960 9961 9974
f 9962 9975 9967
f 9950 9963 9975
f 9964 9977 9976
f 9952 9966 9978
f 9980 9979 9966
f 9968 9954 9965
f 9961 9968 9981
f 9956 9955 9969
f 9971 9982 9969
f 9983 9972 9958
f 9972 9985 9984
f 9960 9973 9977
f 9973 9974 9987
f 9967 9975 9988
f 9963 9976 9988
f 9990 9976 9977
f 9979 9991 9978
f 9992 9979 9980
f 9968 9978 9991
f 9974 9981 9994
f 9983 9970 9969
f 9971 9984 9995
f 9996 9985 9972
f 9985 9998 9997
f 9973 9986 9989
f 10000 9986 9987
f 9993 9980 9988
f 9976 9990 10001
f 9989 10003 10002
f 9992 10004 9991
f 9993 10006 10005
f 9981 9991 10004
f 9999 9987 9994
f 9983 9982 9995
f 10008 9995 9984
f 10009 9998 9985
f 9998 10011 10010
f 9989 9986 10000
f 10000 9999 10013
f 10006 9993 10001
f 10014 10001 9990
f 10002 10003 10016
f 10005 10017 10004
f 10006 10019 10018
f 10004 10017 10007
f 10007 10020 10013
f 9995 10008 10009
f 10008 9997 10010
f 10009 10022 10011
f 10023 10010 10011
f 10012 10016 10003
f 10013 10026 10025
f 10006 10014 10027
f 10027 10014 10002
f 10015 10016 10029
f 10005 10018 10030
f 10031 10018 10019
f 10017 10030 10020
f 10026 10013 10020
f 10008 10021 10022
f 10023 10034 10021
f 10035 10024 10011
f 10023 10024 10036
f 10012 10025 10029
f 10037 10032 10019
f 10037 10027 10015
f 10028 10029 10039
f 10040 10030 10018
f 10031 10032 10042
f 10033 10020 10030
f 10039 10029 10025
f 10044 10042 10032
f 10038 10044 10037
f 10038 10039 10046
f 10031 10041 10047
f 10049 10041 10042
f 10050 10033 10040
f 10052 10046 10039
f 10048 10042 10044
f 10045 10046 10054
f 10055 10047 10041
f 10056 10050 10047
f 10056 10052 10043
f 10057 10054 10046
f 10048 10045 10053
f 10060 10053 10054
f 10061 10056 10055
f 10061 10057 10052
f 10059 10054 10057
f 10064 10058 10053
f 10059 10066 10065
f 10061 10062 10068
f 10067 10063 10057
f 10063 10069 10066
f 10064 10068 10062
f 10060 10065 10070
f 10071 10065 10066
f 10074 10067 10068
f 10067 10074 10069
f 10066 10069 10075
f 10064 10070 10073
f 10076 10070 10065
f 10071 10072 10078
f 10079 10080 10074
f 10080 10075 10069
f 10078 10072 10075
f 10079 10073 10070
f 10077 10082 10076
f 10083 10077 10078
f 10079 10086 10085
f 10081 10075 10080
f 10078 10081 10087
f 10079 10076 10082
f 10088 10082 10077
f 10086 10090 10089
f 10081 10085 10089
f 10092 10091 10084
f 10088 10090 10086
f 10083 10091 10093
f 10095 10094 10089
f 10087 10089 10094
f 10091 10092 10097
f 10090 10088 10093
f 10091 10096 10098
f 10099 10100 10094
f 10092 10094 10100
f 10096 10097 10102
f 10099 10095 10093
f 10101 10103 10098
f 10105 10100 10099
f 10105 10102 10097
f 10107 10101 10102
f 10099 10098 10103
f 10108 10103 10101
f 10110 10109 10105
f 10102 10105 10109
f 10112 10107 10106
f 10110 10104 10103
f 10113 10108 10107
f 10110 10115 10114
f 10111 10106 10109
f 10111 10117 10116
f 10113 10115 10110
f 10113 10112 10116
f 10119 10114 10115
f 10111 10114 10119
f 10116 10117 10122
f 10118 10120 10115
f 10121 10123 10118
f 10124 10125 10119
f 10125 10122 10117
f 10121 10122 10127
f 10120 10118 10123
f 10121 10126 10128
f 10124 10130 10129
f 10129 10127 10122
f 10131 10132 10126
f 10123 10128 10130
f 10132 10133 10128
f 10130 10135 10134
f 10127 10129 10134
f 10131 10137 10136
f 10135 10130 10128
f 10132 10136 10138
f 10140 10139 10134
f 10131 10134 10139
f 10142 10141 10136
f 10135 10133 10138
f 10136 10141 10143
f 10139 10140 10145
f 10144 10142 10137
f 10147 10141 10142
f 10138 10143 10145
f 10148 10143 10141
f 10144 10145 10150
f 10149 10146 10142
f 10151 10152 10147
f 10148 10150 10145
f 10147 10152 10153
f 10149 10150 10155
f 10146 10149 10154
f 10157 10156 10152
f 10153 10155 10150
f 10153 10152 10156
f 10154 10155 10160
f 10151 10154 10159
f 10156 10157 10162
f 10160 10155 10153
f 10158 10156 10161
f 10164 10165 10159
f 10159 10165 10162
f 10161 10162 10167
f 10163 10164 10160
f 10167 10162 10165
f 10170 10166 10167
f 10172 10171 10164
f 10167 10168 10173
f 10166 10170 10172
f 10175 10171 10172
f 10169 10173 10177
f 10174 10172 10170
f 10175 10177 10173
f 10174 10180 10179
f 10177 10182 10181
f 10178 10183 10180
f 10179 10182 10177
f 10179 10180 10185
f 10176 10181 10183
f 10181 10182 10187
f 10180 10183 10186
f 10184 10187 10182
f 10184 10185 10189
f 10190 10191 10186
f 10186 10191 10192
f 10188 10190 10187
f 10189 10194 10193
f 10190 10196 10195
f 10192 10191 10195
f 10193 10196 10190
f 10199 10193 10194
f 10192 10197 10194
f 10200 10201 10195
f 10195 10201 10202
f 10200 10196 10193
f 10198 10194 10197
f 10198 10204 10203
f 10200 10206 10205
f 10207 10202 10201
f 10199 10203 10206
f 10204 10198 10202
f 10204 10209 10208
f 10210 10205 10206
f 10207 10205 10210
f 10203 10208 10211
f 10212 10209 10204
f 10213 10214 10208
f 10211 10216 10215
f 10218 10217 10212
f 10208 10214 10216
f 10209 10212 10217
f 10220 10219 10214
f 10221 10215 10216
f 10217 10218 10224
f 10223 10220 10213
f 10226 10214 10219
f 10219 10220 10227
f 10222 10216 10226
f 10221 10224 10218
f 10227 10223 10224
f 10222 10225 10227
f 5267 5250 5227
f 5250 5226 5227
f 5732 5658 5657
f 5658 5621 5657
f 5759 5680 5756
f 5680 5642 5756
f 5654 5693 5692
f 5693 5772 5770
f 5842 5756 5679
f 5679 5686 5842
f 5807 5724 5687
f 5687 5722 5807
f 5815 5823 5736
f 5736 5749 5815
f 5764 5842 5723
f 5846 5892 5934
f 5934 5844 5846
f 5825 5869 5920
f 5869 5960 5920
f 5938 6035 6089
f 6089 6027 5938
f 6104 6057 6050
f 6057 5956 6050
f 6075 6021 6023
f 6023 6133 6075
f 6079 6136 6248
f 6248 6246 6135
f 6255 6144 6143
f 6144 6084 6143
f 6332 6210 6152
f 6152 6153 6332
f 6149 6208 6327
f 6327 6326 6207
f 6372 6245 6244
f 6245 6190 6244
f 6379 6252 6194
f 6194 6197 6314
f 6211 6268 6331
f 6268 6402 6331
f 6217 6278 6277
f 6278 6232 6293
f 6247 6306 6304
f 6306 6373 6439
f 6434 6365 6368
f 6365 6299 6302
f 6370 6440 6438
f 6440 6507 6506
f 6575 6524 6509
f 6524 6458 6525
f 6688 6743 6563
f 6743 6687 6562
f 6700 6586 6584
f 6586 6518 6584
f 6701 6588 6586
f 6588 6519 6586
f 6590 6647 6646
f 6647 6700 6646
f 6802 6706 6751
f 6706 6648 6751
f 6864 6763 6709
f 6709 6710 6864
f 6728 6832 6829
f 6832 6880 6829
f 6921 6822 6770
f 6862 6809 6954
f 6873 6875 10231
f 6954 6860 6911
f 6911 6862 6954
f 7002 7005 7044
f 7016 7055 7053
f 7055 7095 7093
f 7322 7261 7225
f 7225 7259 7322
f 7376 7380 7312
f 7380 7313 7281
f 7300 7333 7400
f 7400 7363 7331
f 7471 7427 7430
f 7427 7356 7430
f 7582 7531 7454
f 7531 7451 7454
f 7418 7458 7533
f 7458 7529 7533
f 7486 7573 7571
f 7573 7681 7571
f 7643 7580 7528
f 7528 7581 7643
f 7722 7670 7667
f 7670 7612 7610
f 7675 7726 7617
f 7726 7559 7615
f 7786 7681 7733
f 7681 7573 7733
f 7776 7668 7669
f 7668 7611 7669
f 7618 7677 7675
f 7677 7614 7675
f 7797 7794 7798
f 7794 7629 7687
f 7725 7779 7829
f 7829 7876 7778
f 8036 7984 7934
f 7984 7835 7883
f 7944 7994 7896
f 7994 7891 7896
f 7937 7988 8040
f 8040 7936 7937
f 7983 8036 8035
f 8036 7934 7985
f 8102 8146 8214
f 8214 8213 8145
f 8239 8176 8204
f 8176 8141 8204
f 8179 8209 8280
f 8280 8206 8173
f 8211 5174 5177
f 8326 8253 8217
f 8217 8255 8326
f 8351 8283 8276
f 8283 8245 8276
f 8602 8646 8645
f 8646 8691 8738
f 8652 8697 8794
f 8794 8788 8696
f 8846 8897 8896
f 8897 8947 8994
f 9036 8990 9034
f 8990 8941 8942
f 9222 9180 9181
f 9180 9091 9092
f 9201 9155 9158
f 9119 9163 9249
f 9249 9205 9162
f 9262 9337 9328
f 9328 9252 9218
f 9302 9264 9265
f 9264 9220 9221
f 9290 9327 9401
f 9401 9366 9326
f 9592 9629 9610
f 9610 9608 9593
f 9629 9592 9607
f 9607 9645 9629
f 9647 9667 9686
f 9686 9707 9666
f 9692 9693 9727
f 9685 9706 9704
f 9706 9739 9738
f 9713 9747 9714
f 9747 9732 9714
f 9739 9735 9737
f 9727 9745 9769
f 9769 9746 9729
f 9866 9879 9868
f 9879 9889 9868
f 9929 9914 9915
f 9914 9891 9915
f 9940 9926 9913
f 9926 9901 9902
f 10050 10043 10026
f 10043 10025 10026
f 10021 10034 10036
f 10036 10051 10022
f 10035 10051 10036
f 10048 10058 10049
f 10058 10062 10049
f 10165 10164 10168
f 10164 10171 10168
f 10170 10169 10178
f 7044 7005 6964
f 7005 7002 6960
f 10233 10232 10230
f 6874 6922 10232
f 6875 6874 10233
f 6922 6921 10230
f 5091 5989 6038
f 5088 5942 5989
f 5942 5088 5089
f 5101 6207 6326
f 5104 6326 6398
f 8086 7928 8032
f 8142 8179 8173
f 10229 8173 8137
f 5176 8248 8249
f 5178 8287 8248
f 8322 5180 5181
f 8365 5181 5182
f 5184 8445 8405
f 3786 3684 3736
f 8854 3633 3684
f 9181 5197 5198
f 9224 9223 5198
f 9265 9224 5199
f 9302 9265 5200
f 9340 4142 5203
f 9341 9340 5204
f 5206 9374 9342
f 5202 9336 9374
f 4104 9299 9336
f 5201 9261 9299
f 5201 4019 9217
f 3834 5196 8996
f 8948 8996 5196
f 5195 8898 8948
f 8847 8898 5195
f 5194 5193 8797
f 8797 5193 5192
f 5190 5189 8653
f 5187 8564 8608
f 5186 8520 8564
f 5185 8478 8520
f 8478 5185 5183
f 5173 8208 8244
f 5171 8175 8208
f 8139 8175 5171
f 5168 5165 8088
f 5161 7978 8030
f 5158 7929 7978
f 5156 7875 7929
f 7826 7827 7875
f 5153 7724 7826
f 7671 7724 5153
f 5151 5149 7614
f 7559 7614 5149
f 5146 7399 7438
f 5145 7364 7399
f 7332 7364 5145
f 5143 7299 7332
f 5142 7268 7299
f 5142 5141 7239
f 7239 5141 1968
f 7123 7162 5139
f 5147 5138 7042
f 7163 7123 7043
f 7003 7042 5138
f 5132 6961 7003
f 5131 6919 6961
f 6660 5118 5117
f 5079 5077 5470
f 5075 5438 5470
f 5074 5406 5438
f 5072 5379 5406
f 5072 5071 5374
f 5071 5070 5344
f 5070 5073 5345
f 188 5373 5345
f 5538 5502 5078
f 5720 5086 5762
f 683 5211 5897
f 775 5941 5897
f 5090 5988 5941
f 6036 5092 5093
f 5096 6148 6091
f 5100 6205 6148
f 6395 6264 5103
f 5124 6817 6764
f 6817 5124 5127
f 6738 5123 5119
f 6555 1420 5212
f 5111 6418 6486
f 6347 6418 5111
f 5108 5105 6281
f 5102 5098 6165
f 6106 6107 5094
f 5095 5097 6164
f 6164 5097 5099
f 6117 6118 5099
f 5106 5109 6359
f 6359 5109 5112
f 5113 6566 6499
f 1550 5128 6799
f 6853 6799 5128
f 5120 6906 6853
f 6906 5120 1755
f 7076 6994 1755
f 7099 7103 1946
f 5134 6980 6981
f 5133 6978 6938
f 6978 5133 5136
f 7059 7020 5136
f 7138 5216 2026
f 7098 5215 5216
f 7058 5214 5215
f 7058 7019 7059
f 5217 2410 7593
f 2310 5217 7538
f 5155 7809 7759
f 5155 5157 7850
f 7954 7903 5152
f 5157 5152 7903
f 5160 5150 8005
f 8061 8005 5170
f 5170 5167 8034
f 5169 2969 8143
f 5166 5169 8092
f 8033 7982 5164
f 7982 7932 5162
f 7932 7880 5159
f 7832 2703 5159
f 10234 7673 7674
f 10234 7727 7676
f 9003 8955 3684
f 3835 3684 3786
f 3882 10235 3835
f 3882 9003 10235
f 3684 3835 10235
f 3684 10235 9003
