mesh,stage,chamfer_l2,chamfer_l1,acc_mean,comp_mean,hausdorff_95,hausdorff_max,fscore@0.005,precision@0.005,recall@0.005,fscore@0.01,precision@0.01,recall@0.01,fscore@0.02,precision@0.02,recall@0.02,fscore@0.05,precision@0.05,recall@0.05,normal_consistency,normal_flip_frac,edge_ratio_mean,edge_ratio_std,edge_stretch_p95,edge_compress_p05,edge_logratio_absmean,area_ratio_mean,area_logratio_absmean,degenerate_tri_frac,tri_quality_mean,tri_quality_p05,deform_mag_mean,deform_mag_p95,deform_mag_max,midline_dev_mean,midline_dev_p95,midline_dev_mean_norm,midline_dev_excess,part_body_dist_mean,part_body_dist_p95,part_body_within_tau,part_head_dist_mean,part_head_dist_p95,part_head_within_tau,part_antenna_dist_mean,part_antenna_dist_p95,part_antenna_within_tau,part_mandible_dist_mean,part_mandible_dist_p95,part_mandible_within_tau,part_leg_dist_mean,part_leg_dist_p95,part_leg_within_tau,part_leg_distal_dist_mean,part_leg_distal_dist_p95,part_leg_distal_within_tau
Acanthostichus_aff.brevicornis_CASENT0744328_processed.obj,Stage_0_init,0.013734511099755764,0.12356755137443542,0.047970596700906754,0.07559695839881897,0.19947583973407745,0.44638004899024963,0.03041728027164936,0.03423333540558815,0.02736666612327099,0.09896933287382126,0.13436666131019592,0.07833333313465118,0.2221665233373642,0.3097333312034607,0.17319999635219574,0.5178089737892151,0.6699000000953674,0.421999990940094,0.6652917861938477,0.2381666749715805,1.0,0.0,1.0,1.0,0.0,1.0,2.5815861448563737e-08,0.0,0.843834400177002,0.40851137042045593,0.0,0.0,0.0,0.019253898411989212,0.019335957244038582,0.020105602219700813,0.0,0.0338846892118454,0.08065576106309891,0.38007664680480957,0.029565030708909035,0.06660421937704086,0.37413713335990906,0.06238966062664986,0.11351626366376877,0.0883977934718132,0.04443639889359474,0.08112899214029312,0.23218998312950134,0.06725816428661346,0.18366330862045288,0.2044810801744461,0.18371546268463135,0.36110827326774597,0.12408758699893951
Acromyrmex_coronatus_CASENT0744365_processed.obj,Stage_0_init,0.030897794291377068,0.17044594883918762,0.05103790760040283,0.11940804123878479,0.34216901659965515,0.7079744935035706,0.027859099209308624,0.03270000219345093,0.024266667664051056,0.08732277154922485,0.12836666405200958,0.06616666913032532,0.1765964776277542,0.28336668014526367,0.12826666235923767,0.4006078243255615,0.6072333455085754,0.2989000082015991,0.6307798624038696,0.3228999972343445,1.0,0.0,1.0,1.0,0.0,1.0,2.5407885573258682e-08,0.0,0.8473806977272034,0.4072825312614441,0.0,0.0,0.0,0.00509505532681942,0.005159571301192045,0.005645865574479103,0.0,0.026495760306715965,0.06072286516427994,0.4291187822818756,0.030243081972002983,0.07762853801250458,0.43442246317863464,0.17422813177108765,0.3706147074699402,0.0,0.08704767376184464,0.1541406661272049,0.0,0.07726752758026123,0.15656960010528564,0.07519958913326263,0.19887588918209076,0.4242796003818512,0.0
Acromyrmex_lobicornis_CASENT0878007_processed.obj,Stage_0_init,0.030314499512314796,0.18745157122612,0.05721819028258324,0.13023337721824646,0.2918750047683716,0.5331574082374573,0.013386347331106663,0.016633333638310432,0.011200000531971455,0.0459187775850296,0.08126666396856308,0.03200000151991844,0.10790054500102997,0.227033331990242,0.07076666504144669,0.29569968581199646,0.5418333411216736,0.20333333313465118,0.5258711576461792,0.45696666836738586,1.0,0.0,1.0,1.0,0.0,1.0,2.4166487477828014e-08,0.0,0.8509232997894287,0.42164379358291626,0.0,0.0,0.0,0.037485335022211075,0.03764045983552933,0.03930504247546196,0.0,0.031213602051138878,0.07278376817703247,0.3896551728248596,0.06743396818637848,0.1290944516658783,0.1458812654018402,0.11280087381601334,0.2786259651184082,0.1519337147474289,0.034472815692424774,0.06949447840452194,0.2744063436985016,0.08081908524036407,0.18553881347179413,0.09580221772193909,0.10697779804468155,0.2705524265766144,0.25669100880622864
Anochetus_risii_CASENT0877608_processed.obj,Stage_0_init,0.013720937073230743,0.11914946138858795,0.04653465375304222,0.07261481136083603,0.18891912698745728,0.40981537103652954,0.03978252038359642,0.044866666197776794,0.035733334720134735,0.12095092982053757,0.1610666662454605,0.09683333337306976,0.2441272735595703,0.33633333444595337,0.1915999948978424,0.5434238314628601,0.6787999868392944,0.4530666768550873,0.6334303617477417,0.3124000132083893,1.0,0.0,1.0,1.0,0.0,1.0,2.3490420275606994e-08,0.0,0.8553134799003601,0.43934202194213867,0.0,0.0,0.0,0.00041785757639445364,0.0004967376007698476,0.00046068106894381344,0.0,0.030949756503105164,0.0741032287478447,0.4003831446170807,0.02327726222574711,0.05929023399949074,0.5260009169578552,0.13594713807106018,0.3388785421848297,0.11325967311859131,0.016918178647756577,0.04102073982357979,0.7229551672935486,0.06249300017952919,0.15611493587493896,0.228174090385437,0.2557069659233093,0.3743451237678528,0.0
Anochetus_risii_CASENT0877609_processed.obj,Stage_0_init,0.039495836943387985,0.21131086349487305,0.065203957259655,0.14610689878463745,0.31511926651000977,0.7906222939491272,0.014119284227490425,0.018200000748038292,0.011533333919942379,0.04389932006597519,0.08839999884366989,0.029200000688433647,0.0956234484910965,0.227033331990242,0.06056666746735573,0.2532259523868561,0.503333330154419,0.1691666692495346,0.4748709797859192,0.4426000118255615,1.0,0.0,1.0,1.0,0.0,1.0,2.896015871556301e-08,0.0,0.8188689351081848,0.3052920699119568,0.0,0.0,0.0,0.02486671507358551,0.024965042248368263,0.02700127847492695,0.0,0.04233340173959732,0.11074534058570862,0.35938698053359985,0.059888746589422226,0.1455657184123993,0.2034054398536682,0.10343647003173828,0.1954708844423294,0.055248621851205826,0.12272749096155167,0.1557110846042633,0.0,0.08480902016162872,0.1795589029788971,0.15400463342666626,0.0810605064034462,0.2310340702533722,0.17153283953666687
Aphaenogaster_pallida_CASENT0745235_processed.obj,Stage_0_init,0.02029358595609665,0.15387223660945892,0.054705049842596054,0.09916719049215317,0.23989127576351166,0.43107935786247253,0.01880381442606449,0.022033333778381348,0.01640000008046627,0.06415758281946182,0.09386666864156723,0.04873333498835564,0.14834533631801605,0.23366667330265045,0.10866666585206985,0.3814411461353302,0.586899995803833,0.28253334760665894,0.58869469165802,0.3044666647911072,1.0,0.0,1.0,1.0,0.0,1.0,2.569346868597222e-08,0.0,0.8362653255462646,0.38819682598114014,0.0,0.0,0.0,0.029905283823609352,0.030103087425231934,0.028120089322328568,0.0,0.04016575962305069,0.11621271073818207,0.3176245391368866,0.05025981739163399,0.10103099793195724,0.176714226603508,0.08922316133975983,0.2349085658788681,0.22651934623718262,0.06942841410636902,0.09258469194173813,0.0,0.06720313429832458,0.19805338978767395,0.21220706403255463,0.1338777393102646,0.38474398851394653,0.05596106871962547
Atopomyrmex_mocquerysi_CASENT0744784_processed.obj,Stage_0_init,0.0247111227363348,0.16473591327667236,0.07954492419958115,0.08519098162651062,0.21960271894931793,0.5765379667282104,0.027371730655431747,0.028733333572745323,0.026133334264159203,0.07836788147687912,0.08606667071580887,0.0719333365559578,0.16177766025066376,0.18086667358875275,0.14633333683013916,0.4121709167957306,0.44413334131240845,0.38449999690055847,0.5165531039237976,0.3724333345890045,1.0,0.0,1.0,1.0,0.0,1.0,2.5367089762085016e-08,0.0,0.8502775430679321,0.4214807450771332,0.0,0.0,0.0,0.025129344314336777,0.025281911715865135,0.029503507539629936,0.0,0.04681883752346039,0.13412795960903168,0.3057471215724945,0.0893607810139656,0.18707428872585297,0.11228716373443604,0.32358744740486145,0.49750611186027527,0.0,0.20933908224105835,0.2681581377983093,0.0,0.07227504998445511,0.21377207338809967,0.14627864956855774,0.2652832269668579,0.5110778212547302,0.0
Carebara_trechideros_CASENT0877591_processed.obj,Stage_0_init,0.03129151836037636,0.16544997692108154,0.07063909620046616,0.09481087327003479,0.3179522156715393,0.6911889910697937,0.03789204731583595,0.04116666689515114,0.035100001841783524,0.11473863571882248,0.13403333723545074,0.10029999911785126,0.2324097454547882,0.2752666771411896,0.20110000669956207,0.5084517002105713,0.5699999928474426,0.45890000462532043,0.6287261247634888,0.30436667799949646,1.0,0.0,1.0,1.0,0.0,1.0,2.6660941898626334e-08,0.0,0.8350537419319153,0.4044063091278076,0.0,0.0,0.0,0.030426761135458946,0.030544547364115715,0.0346476249396801,0.0,0.026610612869262695,0.06277350336313248,0.45402300357818604,0.0798892229795456,0.1605963557958603,0.14081914722919464,0.3097820281982422,0.4736509323120117,0.0,0.1662902981042862,0.20198310911655426,0.0,0.08488062024116516,0.20936761796474457,0.21658511459827423,0.24502533674240112,0.3812047839164734,0.0
Centromyrmex_brachycola_CASENT0744052_processed.obj,Stage_0_init,0.014477537013590336,0.12391269952058792,0.044528938829898834,0.07938376069068909,0.19697578251361847,0.49700766801834106,0.030785800889134407,0.038233332335948944,0.02576666697859764,0.10114558786153793,0.15513333678245544,0.07503333687782288,0.22112567722797394,0.35276666283607483,0.16103333234786987,0.5018671751022339,0.7020999789237976,0.390500009059906,0.5122392177581787,0.3679666817188263,1.0,0.0,1.0,1.0,0.0,1.0,2.5897458399981588e-08,0.0,0.8410994410514832,0.4018595218658447,0.0,0.0,0.0,0.03532126918435097,0.0354081355035305,0.035243697464466095,0.0,0.034314632415771484,0.08756548166275024,0.3570881187915802,0.02883271872997284,0.06250655651092529,0.40082836151123047,0.06144457310438156,0.1627248078584671,0.3093922734260559,0.05929690599441528,0.09998819231987,0.07124011218547821,0.05760021507740021,0.19125999510288239,0.37368014454841614,0.19172805547714233,0.4078260660171509,0.03284671530127525
Cephalotes_minutus_CASENT0709253_processed.obj,Stage_0_init,0.00913331564515829,0.10327324271202087,0.044398341327905655,0.05887489765882492,0.13112963736057281,0.4471099376678467,0.029220232740044594,0.03476666659116745,0.025200000032782555,0.10314402729272842,0.1508333384990692,0.07836666703224182,0.21991704404354095,0.3377666771411896,0.16303333640098572,0.5588853359222412,0.6805999875068665,0.4740999937057495,0.6555426120758057,0.33906668424606323,1.0,0.0,1.0,1.0,0.0,1.0,2.345545091486656e-08,0.0,0.8575799465179443,0.4430667757987976,0.0,0.0,0.0,0.0072441245429217815,0.007377295754849911,0.007575692143291235,0.0,0.04012155160307884,0.09177394956350327,0.33180075883865356,0.03078918159008026,0.06657715886831284,0.32995858788490295,0.12431369721889496,0.2585505247116089,0.11049724370241165,0.021840736269950867,0.05352399870753288,0.6094986796379089,0.04454755410552025,0.17485743761062622,0.4202935993671417,0.2142326384782791,0.38342809677124023,0.0
Cephalotes_simillimus_CASENT0744408_processed.obj,Stage_0_init,0.020104054361581802,0.16242928802967072,0.058400992304086685,0.10402829200029373,0.19757232069969177,0.4011763334274292,0.012986337766051292,0.01613333262503147,0.01086666714400053,0.048990968614816666,0.09040000289678574,0.03359999880194664,0.11806119978427887,0.25850000977516174,0.07649999856948853,0.29617127776145935,0.5553333163261414,0.2019333392381668,0.5317078828811646,0.4006333351135254,1.0,0.0,1.0,1.0,0.0,1.0,2.323106684798404e-08,0.0,0.8552747368812561,0.44144749641418457,0.0,0.0,0.0,0.015418829396367073,0.015507706440985203,0.015775341540575027,0.0,0.06210056692361832,0.17074432969093323,0.26781609654426575,0.039560772478580475,0.08987811207771301,0.28624022006988525,0.054811690002679825,0.12083664536476135,0.295580118894577,0.05007634311914444,0.0743241235613823,0.0343007929623127,0.04931022971868515,0.12471400946378708,0.3018284738063812,0.18935737013816833,0.3701402544975281,0.0036496350076049566
Cephalotes_spinosus_CASENT0744158_processed.obj,Stage_0_init,0.01382996141910553,0.12345434725284576,0.049446411430835724,0.07400793582201004,0.1806221902370453,0.4703666865825653,0.02803494781255722,0.033900000154972076,0.023900000378489494,0.09215812385082245,0.14249999821186066,0.06809999793767929,0.20694184303283691,0.33079999685287476,0.15056666731834412,0.5036178231239319,0.664733350276947,0.4053666591644287,0.6047757863998413,0.30963334441185,1.0,0.0,1.0,1.0,0.0,1.0,2.359824158304491e-08,0.0,0.8552973866462708,0.4408508539199829,0.0,0.0,0.0,0.018511785194277763,0.018615905195474625,0.01743895560503006,0.0,0.04765091836452484,0.13408993184566498,0.2655172348022461,0.03430817648768425,0.07525037229061127,0.356649786233902,0.13490720093250275,0.29487019777297974,0.11602210253477097,0.021517019718885422,0.04304218292236328,0.5224274396896362,0.046580828726291656,0.14370615780353546,0.3729075491428375,0.2616702914237976,0.4467211961746216,0.0
Crematogaster_nawai_OKENT0105046_processed.obj,Stage_0_init,0.019533881917595863,0.14091014862060547,0.044694337993860245,0.09621580690145493,0.23690128326416016,0.5711714029312134,0.02286914922297001,0.028200000524520874,0.019233332946896553,0.07644547522068024,0.1304333359003067,0.05406666547060013,0.17364834249019623,0.3296666741371155,0.11786666512489319,0.44159215688705444,0.7056999802589417,0.3213333487510681,0.5536109805107117,0.36169999837875366,1.0,0.0,1.0,1.0,0.0,1.0,2.413151811708758e-08,0.0,0.8485634326934814,0.4200512170791626,0.0,0.0,0.0,0.02593880146741867,0.026013262569904327,0.027371086180210114,0.0,0.031307052820920944,0.08241845667362213,0.40689656138420105,0.03374011442065239,0.07602354139089584,0.3543488383293152,0.09268637001514435,0.26897525787353516,0.16850829124450684,0.05640898644924164,0.1136171817779541,0.14248022437095642,0.056233637034893036,0.15810377895832062,0.2886943221092224,0.23456786572933197,0.4838399291038513,0.017031630501151085
Cryptopone_sauteri_CASENT0743771_processed.obj,Stage_0_init,0.016935981810092926,0.13887983560562134,0.04692818596959114,0.0919516459107399,0.21667718887329102,0.4411008954048157,0.02397405542433262,0.02879999950528145,0.020533334463834763,0.08488353341817856,0.13063333928585052,0.06286666542291641,0.18840500712394714,0.3156999945640564,0.1342666745185852,0.4358062744140625,0.6251333355903625,0.3345000147819519,0.5667031407356262,0.3935333490371704,1.0,0.0,1.0,1.0,0.0,1.0,2.36069830350516e-08,0.0,0.8525799512863159,0.4360215365886688,0.0,0.0,0.0,0.0024571612011641264,0.0025456943549215794,0.00233992887660861,0.0,0.04133749008178711,0.12260278314352036,0.39923372864723206,0.028016777709126472,0.06945595890283585,0.44822826981544495,0.03197919949889183,0.07648877054452896,0.48342543840408325,0.030838223174214363,0.05724182352423668,0.2770448625087738,0.06125074625015259,0.13634049892425537,0.17434972524642944,0.14294728636741638,0.3170696794986725,0.08759123831987381
Cyphoidris_afrc-tz01_CASENT0744810_processed.obj,Stage_0_init,0.04860098287463188,0.22863507270812988,0.048585496842861176,0.1800495833158493,0.37234315276145935,0.5587992668151855,0.009976301342248917,0.01373333390802145,0.007833333685994148,0.036159392446279526,0.08406666666269302,0.02303333394229412,0.08799217641353607,0.30309998989105225,0.05146666616201401,0.22607263922691345,0.667033314704895,0.13609999418258667,0.44410598278045654,0.571399986743927,1.0,0.0,1.0,1.0,0.0,1.0,2.9222425368402583e-08,0.0,0.8108783960342407,0.29614320397377014,0.0,0.0,0.0,0.0025133881717920303,0.0026551142800599337,0.0027416555676609278,0.0,0.04238017275929451,0.13330484926700592,0.3524904251098633,0.0461137630045414,0.11758056282997131,0.25678786635398865,0.04862233251333237,0.10127773135900497,0.09944751858711243,0.15812960267066956,0.19718727469444275,0.0,0.0476788766682148,0.14421683549880981,0.35591039061546326,0.043824728578329086,0.09380851686000824,0.22262772917747498
Cyphomyrmex_cf.minutus_CASENT0744280_processed.obj,Stage_0_init,0.06128409504890442,0.2474938929080963,0.04783276468515396,0.19966113567352295,0.44484397768974304,0.7792680859565735,0.008020025677978992,0.010833333246409893,0.0063666668720543385,0.03025216981768608,0.0746999979019165,0.018966667354106903,0.0752958357334137,0.2929333448410034,0.04320000112056732,0.2095688134431839,0.694599986076355,0.1234000027179718,0.47379472851753235,0.5095333456993103,1.0,0.0,1.0,1.0,0.0,1.0,2.6191774082917618e-08,0.0,0.8259350657463074,0.3443628251552582,0.0,0.0,0.0,0.015773195773363113,0.01589146815240383,0.015645595267415047,0.0,0.0289117693901062,0.0644252747297287,0.3842912018299103,0.06798829138278961,0.18419767916202545,0.24666360020637512,0.07347916066646576,0.15769827365875244,0.09392265230417252,0.16011278331279755,0.20146329700946808,0.0,0.04586825892329216,0.1208130270242691,0.2500643730163574,0.10159227252006531,0.24356377124786377,0.14963503181934357
Dilobocondyla_fouqueti_CASENT0745576_processed.obj,Stage_0_init,0.023152906447649002,0.15521907806396484,0.05419188365340233,0.10102719813585281,0.2728448808193207,0.5673466920852661,0.02691325731575489,0.03270000219345093,0.022866666316986084,0.09055671095848083,0.14083333313465118,0.06673333048820496,0.19515900313854218,0.31620001792907715,0.14113333821296692,0.42048656940460205,0.5948666930198669,0.3251666724681854,0.5532066822052002,0.31876668334007263,1.0,0.0,1.0,1.0,0.0,1.0,2.6057726643102797e-08,0.0,0.828281819820404,0.3782389760017395,0.0,0.0,0.0,0.004427753388881683,0.004598533734679222,0.0042243641801178455,0.0,0.03169947862625122,0.08062014728784561,0.4218390882015228,0.03916258364915848,0.1204466000199318,0.3980672061443329,0.10927268117666245,0.25545254349708557,0.1325966864824295,0.03162381052970886,0.06604021787643433,0.3588390648365021,0.08635938167572021,0.2308516502380371,0.1983002871274948,0.13807135820388794,0.33697962760925293,0.035279806703329086
Dorylus_fulvus_CASENT0745678_processed.obj,Stage_0_init,0.010908732190728188,0.11335533857345581,0.04626857861876488,0.06708676367998123,0.16336064040660858,0.44646668434143066,0.028913158923387527,0.03266666829586029,0.02593333274126053,0.09840571880340576,0.12893334031105042,0.07956666499376297,0.2121889293193817,0.28999999165534973,0.1673000007867813,0.5414019227027893,0.6608999967575073,0.4584999978542328,0.6274018883705139,0.318533331155777,1.0,0.0,1.0,1.0,0.0,1.0,2.3566189000234772e-08,0.0,0.8533896803855896,0.4385792911052704,0.0,0.0,0.0,0.0032717001158744097,0.00334867718629539,0.0029770308174192905,0.0,0.027347667142748833,0.06287875771522522,0.4176245331764221,0.037624288350343704,0.07674824446439743,0.28624022006988525,0.14296935498714447,0.21838274598121643,0.08563536405563354,0.07966684550046921,0.1051429957151413,0.0,0.0669933632016182,0.1490689516067505,0.13417461514472961,0.15948942303657532,0.38768768310546875,0.07785888016223907
Eciton_hamatum_CASENT0744580_processed.obj,Stage_0_init,0.0552048459649086,0.23368005454540253,0.10069040954113007,0.13298964500427246,0.39780062437057495,0.7632825970649719,0.032325901091098785,0.034299999475479126,0.030566666275262833,0.09965480118989944,0.11309999972581863,0.08906666934490204,0.2122253030538559,0.23996667563915253,0.19023333489894867,0.39345499873161316,0.4203000068664551,0.3698333501815796,0.5775966644287109,0.36026668548583984,1.0,0.0,1.0,1.0,0.0,1.0,2.9356474584574244e-08,0.0,0.8146378397941589,0.36459022760391235,0.0,0.0,0.0,0.0117288026958704,0.012151933275163174,0.014752114191651344,0.0,0.04435960575938225,0.15753228962421417,0.4804597795009613,0.1290537416934967,0.21793034672737122,0.05154164880514145,0.33995524048805237,0.44132328033447266,0.0,0.19927878677845,0.23399120569229126,0.0,0.1099918857216835,0.3044174015522003,0.23074942827224731,0.31456249952316284,0.5031672716140747,0.0
Ectatomma_brunneum_CASENT0744575_processed.obj,Stage_0_init,0.04102906584739685,0.2125684916973114,0.05343640223145485,0.15913209319114685,0.3427773714065552,0.6829026937484741,0.010511879809200764,0.01360000018030405,0.008566666394472122,0.039557479321956635,0.0763000026345253,0.02670000120997429,0.0989852249622345,0.2443000078201294,0.06206666678190231,0.2612031400203705,0.564633309841156,0.16990000009536743,0.4890764653682709,0.4637666642665863,1.0,0.0,1.0,1.0,0.0,1.0,2.532629217455451e-08,0.0,0.8430444598197937,0.3872324824333191,0.0,0.0,0.0,0.0006538403104059398,0.000866532966028899,0.0007148283766582608,0.0,0.055972255766391754,0.1336478888988495,0.21685823798179626,0.04761599004268646,0.11830732226371765,0.2623101770877838,0.04584959149360657,0.0960322767496109,0.2458563596010208,0.04017733410000801,0.07638167589902878,0.2058047652244568,0.05526663362979889,0.16981220245361328,0.2933298945426941,0.057263538241386414,0.1784231811761856,0.2761557102203369
Eurhopalothrix_procera_CASENT0745605_processed.obj,Stage_0_init,0.026890195906162262,0.16687551140785217,0.047149986028671265,0.11972552537918091,0.29602816700935364,0.6820484399795532,0.016710879281163216,0.0210999995470047,0.013833333738148212,0.058995041996240616,0.10740000009536743,0.04066666588187218,0.1373797059059143,0.3060666620731354,0.08856666833162308,0.37334397435188293,0.6756666898727417,0.2579333484172821,0.49456483125686646,0.40263333916664124,1.0,0.0,1.0,1.0,0.0,1.0,2.4338417503599885e-08,0.0,0.8443112969398499,0.41595458984375,0.0,0.0,0.0,0.03731095418334007,0.03739283233880997,0.035389430820941925,0.0,0.038107678294181824,0.11772552132606506,0.3528735637664795,0.03946186229586601,0.11724034696817398,0.3828808069229126,0.09847512096166611,0.24174971878528595,0.09668508917093277,0.045320380479097366,0.0973016619682312,0.22955146431922913,0.05036257952451706,0.1425776332616806,0.2758176624774933,0.15368439257144928,0.36933955550193787,0.11192213743925095
Heteroponera_panamensis_CASENT0744055_processed.obj,Stage_0_init,0.06014871597290039,0.2619174122810364,0.06316228210926056,0.19875511527061462,0.40068212151527405,0.5708098411560059,0.0082169808447361,0.011166666634380817,0.006500000134110451,0.029413772746920586,0.06469999998807907,0.019033333286643028,0.0718793198466301,0.2318333387374878,0.04253333434462547,0.18497563898563385,0.5647666454315186,0.11060000211000443,0.5161291360855103,0.43603333830833435,1.0,0.0,1.0,1.0,0.0,1.0,2.5638097866931275e-08,0.0,0.8230556845664978,0.3201431334018707,0.0,0.0,0.0,0.06407462060451508,0.06418465822935104,0.06945371627807617,0.0,0.058541812002658844,0.16336724162101746,0.24329502880573273,0.03820464387536049,0.08455964177846909,0.28531983494758606,0.10744600743055344,0.2439904659986496,0.13535912334918976,0.03039027750492096,0.060202427208423615,0.2902374863624573,0.08092990517616272,0.17717166244983673,0.21220706403255463,0.05545051023364067,0.12975449860095978,0.2165450155735016
Labidus_praedator_CASENT0744236_processed.obj,Stage_0_init,0.020201489329338074,0.1360541135072708,0.06078045070171356,0.07527366280555725,0.2692432105541229,0.6096726059913635,0.037973858416080475,0.04150000214576721,0.03500000014901161,0.12257515639066696,0.1402333378791809,0.10886666923761368,0.27353352308273315,0.30630001425743103,0.24709999561309814,0.5354280471801758,0.5720666646957397,0.5031999945640564,0.631872832775116,0.38723334670066833,1.0,0.0,1.0,1.0,0.0,1.0,2.4318019598013052e-08,0.0,0.8471234440803528,0.43219220638275146,0.0,0.0,0.0,0.011760818772017956,0.01183744054287672,0.012869696132838726,0.0,0.033038534224033356,0.0900665819644928,0.41494253277778625,0.06685283780097961,0.13503415882587433,0.17993557453155518,0.2158331274986267,0.3441861569881439,0.0027624310459941626,0.020910033956170082,0.05412181466817856,0.5989446043968201,0.08329129964113235,0.1905943751335144,0.23564255237579346,0.21661655604839325,0.3983679413795471,0.05596106871962547
Labidus_praedator_CASENT0744237_processed.obj,Stage_0_init,0.030655134469270706,0.17858467996120453,0.056941986083984375,0.12164269387722015,0.3163224160671234,0.6212127208709717,0.01918131299316883,0.02329999953508377,0.016300000250339508,0.06463339179754257,0.10080000013113022,0.04756666719913483,0.14433130621910095,0.24070000648498535,0.10306666791439056,0.37262672185897827,0.5374666452407837,0.2851666808128357,0.4806760847568512,0.45250001549720764,1.0,0.0,1.0,1.0,0.0,1.0,2.7401121371894988e-08,0.0,0.8321497440338135,0.34719929099082947,0.0,0.0,0.0,0.0060231671668589115,0.006170934997498989,0.005997831467539072,0.0,0.049921005964279175,0.12752458453178406,0.3011494278907776,0.0396115705370903,0.10364995896816254,0.29912564158439636,0.09930539131164551,0.23529525101184845,0.107734814286232,0.0255807526409626,0.06268266588449478,0.4459103047847748,0.07412645220756531,0.1531091332435608,0.13623487949371338,0.1597491055727005,0.3696691691875458,0.05717761442065239
Lasius_nr._fuliginosus_CASENT0878037_processed.obj,Stage_0_init,0.013524428009986877,0.11818128824234009,0.04406047239899635,0.07412081956863403,0.19444002211093903,0.5104354023933411,0.032825253903865814,0.03753333538770676,0.02916666679084301,0.1174706518650055,0.16359999775886536,0.09163333475589752,0.24555230140686035,0.3484666645526886,0.18956667184829712,0.5367001891136169,0.6762333512306213,0.4449000060558319,0.6480950713157654,0.2877333462238312,1.0,0.0,1.0,1.0,0.0,1.0,2.5323380725694733e-08,0.0,0.8472281098365784,0.4059433043003082,0.0,0.0,0.0,0.012296382337808609,0.01245129108428955,0.012055647559463978,0.0,0.030961304903030396,0.08783779293298721,0.44712644815444946,0.031155863776803017,0.0899537205696106,0.4242982268333435,0.07732245326042175,0.18103481829166412,0.14917127788066864,0.029496775940060616,0.06414850056171417,0.3984169065952301,0.05891841650009155,0.17179083824157715,0.19855782389640808,0.1564672291278839,0.3223729431629181,0.0012165450025349855
Lioponera_daikoku_OKENT0105067_processed.obj,Stage_0_init,0.046411748975515366,0.23942682147026062,0.06608652323484421,0.173340305685997,0.3573950529098511,0.5111263990402222,0.00893845222890377,0.011966667138040066,0.00713333347812295,0.031358323991298676,0.0627666637301445,0.020899999886751175,0.07011422514915466,0.17616666853427887,0.04376666620373726,0.17766162753105164,0.41850000619888306,0.11276666820049286,0.5737577080726624,0.414000004529953,1.0,0.0,1.0,1.0,0.0,1.0,2.7651729794797575e-08,0.0,0.8160701394081116,0.32367587089538574,0.0,0.0,0.0,0.07928209006786346,0.07941024005413055,0.08489727973937988,0.0,0.06932617723941803,0.14483848214149475,0.17241379618644714,0.04836321994662285,0.12752671539783478,0.32719743251800537,0.08810611069202423,0.21765515208244324,0.19060774147510529,0.05161761865019798,0.12802669405937195,0.2427440732717514,0.06566280126571655,0.13695944845676422,0.1421581208705902,0.12500955164432526,0.24792411923408508,0.0
Mayriella_sp._CASENT0745610_processed.obj,Stage_0_init,0.023174744099378586,0.15866708755493164,0.0409446582198143,0.11772242933511734,0.26482880115509033,0.4414704442024231,0.018912779167294502,0.02393333427608013,0.01563333347439766,0.06469324976205826,0.12370000034570694,0.043800000101327896,0.14553296566009521,0.3456999957561493,0.09216666966676712,0.36024850606918335,0.6920666694641113,0.2435000091791153,0.48480650782585144,0.5005999803543091,1.0,0.0,1.0,1.0,0.0,1.0,2.313198876890965e-08,0.0,0.8492467403411865,0.43290087580680847,0.0,0.0,0.0,0.0009443030576221645,0.0010226569138467312,0.0009052811074070632,0.0,0.033071521669626236,0.08243587613105774,0.4007662832736969,0.040304239839315414,0.08429621905088425,0.261849969625473,0.04898291826248169,0.10734596848487854,0.24861879646778107,0.06578541547060013,0.10219906270503998,0.018469657748937607,0.03875946253538132,0.10708931088447571,0.422868937253952,0.14012250304222107,0.3319101631641388,0.13503649830818176
Mesoponera_ambigua_CASENT0745584_processed.obj,Stage_0_init,0.040777143090963364,0.21134807169437408,0.05452053248882294,0.15682753920555115,0.33298853039741516,0.6212927103042603,0.01421847753226757,0.018533334136009216,0.011533333919942379,0.04826394468545914,0.09210000187158585,0.03270000219345093,0.11079287528991699,0.25679999589920044,0.07063333690166473,0.27992284297943115,0.590233325958252,0.18346667289733887,0.5332111120223999,0.3911333382129669,1.0,0.0,1.0,1.0,0.0,1.0,2.3024167461471734e-08,0.0,0.8457422852516174,0.40317878127098083,0.0,0.0,0.0,0.053866785019636154,0.05405599996447563,0.05819234251976013,0.0,0.0416538268327713,0.14081358909606934,0.356704980134964,0.04859267920255661,0.12499137967824936,0.27381500601768494,0.0651656910777092,0.18119309842586517,0.17403315007686615,0.033712197095155716,0.06306047737598419,0.28232190012931824,0.0683974176645279,0.16832970082759857,0.1264486312866211,0.13647504150867462,0.30066248774528503,0.04136253148317337
Myrmecina_ryukyuensis_OKENT0105085_processed.obj,Stage_0_init,0.018316738307476044,0.14695054292678833,0.0525188148021698,0.09443172067403793,0.23557032644748688,0.4481879770755768,0.020500395447015762,0.024166667833924294,0.017799999564886093,0.06559239327907562,0.09863333404064178,0.049133334308862686,0.1538533717393875,0.24743333458900452,0.11163333803415298,0.3783550560474396,0.5613666772842407,0.2853333353996277,0.5899227857589722,0.3372333347797394,1.0,0.0,1.0,1.0,0.0,1.0,2.3796401293907365e-08,0.0,0.851327121257782,0.431721955537796,0.0,0.0,0.0,0.015474991872906685,0.015558810904622078,0.015832798555493355,0.0,0.03624274581670761,0.0951194167137146,0.3881226181983948,0.045347660779953,0.11047786474227905,0.292682945728302,0.09019680321216583,0.2464994192123413,0.12154696881771088,0.04823983460664749,0.08687227219343185,0.2058047652244568,0.06139383092522621,0.12748339772224426,0.1352047473192215,0.19017964601516724,0.3243810832500458,0.06204379349946976
Myrmecina_sp._CASENT0745613_processed.obj,Stage_0_init,0.0261926781386137,0.1763238161802292,0.05716222897171974,0.11916159093379974,0.24867188930511475,0.6766697764396667,0.011586573906242847,0.013900000602006912,0.009933333843946457,0.04415351524949074,0.0741666704416275,0.031433332711458206,0.10863236337900162,0.22940000891685486,0.07116666436195374,0.29091599583625793,0.5282333493232727,0.20073333382606506,0.5656313300132751,0.3882666826248169,1.0,0.0,1.0,1.0,0.0,1.0,2.314655844770641e-08,0.0,0.8536031246185303,0.43896517157554626,0.0,0.0,0.0,0.06257577240467072,0.06264963746070862,0.06197376549243927,0.0,0.0477285198867321,0.15382269024848938,0.3647509515285492,0.04581683501601219,0.11305845528841019,0.28393927216529846,0.07591444253921509,0.17922405898571014,0.21270719170570374,0.07120687514543533,0.10254216194152832,0.0,0.056655965745449066,0.11756835132837296,0.16095802187919617,0.1351986676454544,0.33648428320884705,0.09610705822706223
Nesomyrmex_angulatus_CASENT0744820_processed.obj,Stage_0_init,0.027387408539652824,0.18023139238357544,0.04841101914644241,0.13182036578655243,0.2642389237880707,0.3658737540245056,0.013440420851111412,0.01769999973475933,0.010833333246409893,0.04816190525889397,0.09323333203792572,0.032466668635606766,0.11311022192239761,0.27250000834465027,0.07136666774749756,0.2840390205383301,0.5931000113487244,0.18673333525657654,0.46576160192489624,0.5845000147819519,1.0,0.0,1.0,1.0,0.0,1.0,2.803639453929918e-08,0.0,0.8309934735298157,0.35202983021736145,0.0,0.0,0.0,0.03126923367381096,0.03137638792395592,0.03231087327003479,0.0,0.035132624208927155,0.09318667650222778,0.3942528963088989,0.0410274900496006,0.1005508154630661,0.3216751217842102,0.04591895639896393,0.14180265367031097,0.27624309062957764,0.047299087047576904,0.08779869228601456,0.11873351037502289,0.05964166671037674,0.16427698731422424,0.16894154250621796,0.08269916474819183,0.22913654148578644,0.2031630128622055
Odontomachus_troglodytes_CASENT0744970_processed.obj,Stage_0_init,0.020076334476470947,0.15280063450336456,0.06881547719240189,0.08398515731096268,0.20859816670417786,0.39203763008117676,0.030831461772322655,0.034299999475479126,0.02800000086426735,0.09388921409845352,0.1145000010728836,0.07956666499376297,0.1966203898191452,0.24279999732971191,0.16519999504089355,0.44103866815567017,0.5174333453178406,0.38429999351501465,0.5772961378097534,0.37593334913253784,1.0,0.0,1.0,1.0,0.0,1.0,2.4929976305543278e-08,0.0,0.8522251844406128,0.4229532778263092,0.0,0.0,0.0,0.011090824380517006,0.011408969759941101,0.012410162948071957,0.0,0.05397813022136688,0.1287490278482437,0.2582375407218933,0.02427549846470356,0.058800116181373596,0.49148643016815186,0.18209359049797058,0.37337151169776917,0.05801105126738548,0.02062970958650112,0.04434118792414665,0.5171504020690918,0.09544345736503601,0.2303302139043808,0.13623487949371338,0.16803929209709167,0.34140563011169434,0.03041362576186657
Oxyopomyrmex_saulcyi_CASENT0745218_processed.obj,Stage_0_init,0.020081637427210808,0.14964699745178223,0.04318062961101532,0.1064663752913475,0.2361721694469452,0.6062682867050171,0.019450657069683075,0.02433333359658718,0.016200000420212746,0.06869751214981079,0.12120000272989273,0.04793333262205124,0.15352986752986908,0.32296666502952576,0.1006999984383583,0.3810308873653412,0.6741333603858948,0.2655666768550873,0.48851272463798523,0.4542333483695984,1.0,0.0,1.0,1.0,0.0,1.0,2.3111590863322817e-08,0.0,0.8577536344528198,0.43922802805900574,0.0,0.0,0.0,0.008501056581735611,0.008567172102630138,0.009007008746266365,0.0,0.03207920864224434,0.08340276777744293,0.4206896722316742,0.03302951902151108,0.08801702409982681,0.4233778119087219,0.0450349897146225,0.1290789097547531,0.3287293016910553,0.028219183906912804,0.0563850924372673,0.37730872631073,0.05756048858165741,0.132081538438797,0.228174090385437,0.15604522824287415,0.33815997838974,0.04501216486096382
Polyrhachis_decemdentata_CASENT0744779_processed.obj,Stage_0_init,0.03232312202453613,0.1887018084526062,0.05805884674191475,0.13064296543598175,0.29689353704452515,0.7550199627876282,0.021037233993411064,0.026366667822003365,0.017500000074505806,0.06690575927495956,0.11349999904632568,0.047433335334062576,0.14305749535560608,0.2660333216190338,0.09783333539962769,0.3156783878803253,0.5215666890144348,0.22633333504199982,0.5751253962516785,0.3601333498954773,1.0,0.0,1.0,1.0,0.0,1.0,2.6139321818163808e-08,0.0,0.8371386528015137,0.3736060857772827,0.0,0.0,0.0,0.0025585093535482883,0.002767398254945874,0.0026226313784718513,0.0,0.048692572861909866,0.12625965476036072,0.3639846742153168,0.04053493216633797,0.10728331655263901,0.356649786233902,0.16137535870075226,0.3382355868816376,0.14088398218154907,0.09415850788354874,0.17573240399360657,0.010554090142250061,0.05772388353943825,0.15917335450649261,0.19417975842952728,0.12540307641029358,0.28864142298698425,0.0
Polyrhachis_dives_CASENT0878093_processed.obj,Stage_0_init,0.03976396843791008,0.21026405692100525,0.05436314269900322,0.15590091049671173,0.35413435101509094,0.4795769155025482,0.010145368054509163,0.01216666679829359,0.008700000122189522,0.03922970965504646,0.074433334171772,0.026633333414793015,0.09301586449146271,0.23309999704360962,0.05810000002384186,0.26983216404914856,0.5893999934196472,0.17496666312217712,0.516343355178833,0.37896665930747986,1.0,0.0,1.0,1.0,0.0,1.0,2.4795932418442135e-08,0.0,0.8419219851493835,0.3784530758857727,0.0,0.0,0.0,0.10110563039779663,0.10119153559207916,0.10816660523414612,0.0,0.050900157541036606,0.17086568474769592,0.28697317838668823,0.04612801596522331,0.10485579818487167,0.2185918092727661,0.08385080099105835,0.1958121806383133,0.215469628572464,0.0737629234790802,0.15279847383499146,0.12401056289672852,0.052315160632133484,0.11167997121810913,0.21555498242378235,0.10650427639484406,0.21477220952510834,0.07420924305915833
Ponera_kohmoku_OKENT0105440_processed.obj,Stage_0_init,0.016259562224149704,0.13367107510566711,0.04376472905278206,0.08990634977817535,0.2219770848751068,0.39354684948921204,0.025527160614728928,0.02996666729450226,0.022233333438634872,0.08771852403879166,0.13153333961963654,0.0658000037074089,0.19570136070251465,0.32199999690055847,0.1405666619539261,0.46016925573349,0.6887666583061218,0.34549999237060547,0.5718603134155273,0.4453999996185303,1.0,0.0,1.0,1.0,0.0,1.0,2.3370942514588933e-08,0.0,0.8500511050224304,0.43866562843322754,0.0,0.0,0.0,0.018703296780586243,0.018760932609438896,0.020214682444930077,0.0,0.02921920455992222,0.07625788450241089,0.4563218355178833,0.029316231608390808,0.06624484062194824,0.37091580033302307,0.07706969231367111,0.14424113929271698,0.1270718276500702,0.02196764014661312,0.0460432767868042,0.488126665353775,0.06550931930541992,0.1474972814321518,0.12361576408147812,0.22011779248714447,0.3525770902633667,0.0
Ponera_tamon_OKENT0105154_processed.obj,Stage_0_init,0.01230563409626484,0.11471409350633621,0.047937922179698944,0.06677617132663727,0.16369058191776276,0.40675199031829834,0.04103414714336395,0.04580000042915344,0.037166666239500046,0.13085412979125977,0.16733333468437195,0.10743333399295807,0.2715894281864166,0.3459666669368744,0.22353333234786987,0.5613555312156677,0.6653666496276855,0.4854666590690613,0.5962199568748474,0.3203999996185303,1.0,0.0,1.0,1.0,0.0,1.0,2.4623998839956585e-08,0.0,0.8448745012283325,0.4243999719619751,0.0,0.0,0.0,0.0134736318141222,0.013534251600503922,0.014502834528684616,0.0,0.02789723500609398,0.0814470425248146,0.4992337226867676,0.03136172145605087,0.06817559152841568,0.3529682457447052,0.0407077930867672,0.08429718017578125,0.27348068356513977,0.027149777859449387,0.06048492714762688,0.3509235084056854,0.07567042112350464,0.19212493300437927,0.20499613881111145,0.24162480235099792,0.3779471218585968,0.0
Pseudolasius_sp._CASENT0878065_processed.obj,Stage_0_init,0.03656512126326561,0.18841686844825745,0.04759597405791283,0.14082089066505432,0.3696781098842621,0.6544316411018372,0.01680866815149784,0.020733334124088287,0.0141333332285285,0.06108885630965233,0.11343333125114441,0.04179999977350235,0.1415519267320633,0.33180001378059387,0.08996666967868805,0.3315719664096832,0.6564666628837585,0.22179999947547913,0.5815303325653076,0.3402000069618225,1.0,0.0,1.0,1.0,0.0,1.0,2.570804014112582e-08,0.0,0.8371710181236267,0.37058135867118835,0.0,0.0,0.0,0.02937087044119835,0.02942478097975254,0.028817402198910713,0.0,0.031308431178331375,0.09364476799964905,0.47739464044570923,0.061316318809986115,0.15209148824214935,0.22503452003002167,0.08856429159641266,0.18614782392978668,0.07458563894033432,0.12437848001718521,0.18829083442687988,0.0,0.04239083454012871,0.1291763335466385,0.31547772884368896,0.09668445587158203,0.24877600371837616,0.12895376980304718
Pseudomyrmex_cf.solis_CASENT0744065_processed.obj,Stage_0_init,0.017312850803136826,0.1440611481666565,0.0634809285402298,0.0805802121758461,0.18244731426239014,0.4190216660499573,0.030646080151200294,0.03449999913573265,0.027566667646169662,0.09732591360807419,0.12706667184829712,0.07886666804552078,0.19589708745479584,0.25833332538604736,0.1577666699886322,0.42152854800224304,0.4999000132083893,0.3643999993801117,0.5373378396034241,0.4091666638851166,1.0,0.0,1.0,1.0,0.0,1.0,2.4708507240234212e-08,0.0,0.8451168537139893,0.4266546368598938,0.0,0.0,0.0,0.00016150000737980008,0.00027241892530582845,0.00015699870709795505,0.0,0.0430186502635479,0.10846394300460815,0.36666667461395264,0.03524048626422882,0.09425739198923111,0.41831570863723755,0.03393279388546944,0.07235495001077652,0.3618784546852112,0.07414176315069199,0.10162173211574554,0.0,0.0950709655880928,0.20478667318820953,0.11073911935091019,0.27049726247787476,0.37515076994895935,0.0
Solenopsis_invicta_CASENT0744384_processed.obj,Stage_0_init,0.03316470980644226,0.1959393173456192,0.05556170269846916,0.14037761092185974,0.29795515537261963,0.7264688014984131,0.012363124638795853,0.015933332964777946,0.010100000537931919,0.04510587081313133,0.08906666934490204,0.03020000085234642,0.10406602919101715,0.25013333559036255,0.065700002014637,0.2608497738838196,0.5452333688735962,0.17143332958221436,0.467124342918396,0.44653335213661194,1.0,0.0,1.0,1.0,0.0,1.0,2.549239397353631e-08,0.0,0.8367573022842407,0.38459205627441406,0.0,0.0,0.0,0.03600948676466942,0.03607471287250519,0.03928181156516075,0.0,0.04892947897315025,0.12667779624462128,0.3061302602291107,0.06439374387264252,0.12170485407114029,0.10814542323350906,0.11312944442033768,0.27249154448509216,0.10497237741947174,0.0882158949971199,0.14183010160923004,0.0,0.046572182327508926,0.11542542278766632,0.2889518439769745,0.1561761200428009,0.3577740788459778,0.04987834393978119
Stigmatomma_FHG02_CASENT0745561_processed.obj,Stage_0_init,0.030352141708135605,0.18293944001197815,0.050037700682878494,0.13290174305438995,0.2938072979450226,0.5871880054473877,0.018324876204133034,0.02276666648685932,0.015333333052694798,0.06102399528026581,0.10586667060852051,0.04286666586995125,0.1301790177822113,0.2608333230018616,0.08673333376646042,0.3185633718967438,0.5874666571617126,0.21853333711624146,0.485341340303421,0.4220333397388458,1.0,0.0,1.0,1.0,0.0,1.0,2.7028118410044044e-08,0.0,0.8304043412208557,0.34577062726020813,0.0,0.0,0.0,0.07706794887781143,0.07716289907693863,0.08149617910385132,0.0,0.03755120187997818,0.08864594250917435,0.32796934247016907,0.04298406466841698,0.09930022805929184,0.2954441010951996,0.1208832710981369,0.24695080518722534,0.11878453195095062,0.07174816727638245,0.12813812494277954,0.07915567606687546,0.06055348739027977,0.14834237098693848,0.19083184003829956,0.1099102795124054,0.3072548806667328,0.014598540030419827
Strumigenys_alberti_CASENT0878103_processed.obj,Stage_0_init,0.04063616320490837,0.21574483811855316,0.06040611490607262,0.15533871948719025,0.3427188992500305,0.48480141162872314,0.013701647520065308,0.016733333468437195,0.011599999852478504,0.04712612181901932,0.08760000020265579,0.032233335077762604,0.10552507638931274,0.24469999969005585,0.06726666539907455,0.2585357427597046,0.5348666906356812,0.17046666145324707,0.5264103412628174,0.3883666694164276,1.0,0.0,1.0,1.0,0.0,1.0,2.3513733182767282e-08,0.0,0.8531801700592041,0.43433815240859985,0.0,0.0,0.0,0.02047714963555336,0.020715530961751938,0.021745415404438972,0.0,0.04371971637010574,0.13528765738010406,0.3498084247112274,0.04951060563325882,0.11002633720636368,0.2213529646396637,0.07842902839183807,0.1875256597995758,0.2016574591398239,0.07572205364704132,0.11029195785522461,0.0,0.07149405032396317,0.1792154163122177,0.20782899856567383,0.17387104034423828,0.33347561955451965,0.0
Strumigenys_canina_OKENT0105288_processed.obj,Stage_0_init,0.029726583510637283,0.19374752044677734,0.06776011735200882,0.12598741054534912,0.2756403684616089,0.4993307590484619,0.0115859005600214,0.013833333738148212,0.00996666681021452,0.04089798033237457,0.06823333352804184,0.029200000688433647,0.09266023337841034,0.17306667566299438,0.06326666474342346,0.26233986020088196,0.4399000108242035,0.18690000474452972,0.570336103439331,0.39723333716392517,1.0,0.0,1.0,1.0,0.0,1.0,2.313199054526649e-08,0.0,0.8565962910652161,0.4357845187187195,0.0,0.0,0.0,0.0021543691400438547,0.002259466564282775,0.0021086016204208136,0.0,0.05989496409893036,0.14152967929840088,0.18160919845104218,0.04321758821606636,0.0883529782295227,0.2623101770877838,0.12834404408931732,0.23414787650108337,0.0883977934718132,0.05940021947026253,0.09465342015028,0.01583113521337509,0.08659714460372925,0.18904131650924683,0.10816379636526108,0.13424694538116455,0.3406767249107361,0.05717761442065239
Strumigenys_crassicornis_CASENT0744273_processed.obj,Stage_0_init,0.03338433802127838,0.1929478645324707,0.052534718066453934,0.14041315019130707,0.3149208128452301,0.5661138892173767,0.014159013517200947,0.018166666850447655,0.011599999852478504,0.050328027456998825,0.09710000455379486,0.03396666795015335,0.11642275005578995,0.2741999924182892,0.0738999992609024,0.2843497693538666,0.5788333415985107,0.18846666812896729,0.5285407304763794,0.47236666083335876,1.0,0.0,1.0,1.0,0.0,1.0,2.6095614558130364e-08,0.0,0.8389997482299805,0.3812439441680908,0.0,0.0,0.0,0.06323262304067612,0.06335100531578064,0.0738530084490776,0.0,0.04091785103082657,0.10298886895179749,0.33486589789390564,0.04678002744913101,0.1189577579498291,0.2797975242137909,0.11010156571865082,0.2577670216560364,0.09668508917093277,0.050554871559143066,0.10733798146247864,0.23482850193977356,0.05813654139637947,0.14477385580539703,0.2668040096759796,0.15178917348384857,0.3224518895149231,0.0012165450025349855
Strumigenys_sp._appretiata_group_CASENT0744156_processed.obj,Stage_0_init,0.01772020012140274,0.14431151747703552,0.04970109835267067,0.09461041539907455,0.21465152502059937,0.4627765715122223,0.019816165789961815,0.024433333426713943,0.01666666753590107,0.07082320004701614,0.1174333319067955,0.050700001418590546,0.16420623660087585,0.3038666844367981,0.11250000447034836,0.3914264738559723,0.6174666881561279,0.28653332591056824,0.557101309299469,0.4213666617870331,1.0,0.0,1.0,1.0,0.0,1.0,2.407906407597693e-08,0.0,0.8472597002983093,0.42379817366600037,0.0,0.0,0.0,0.017882375046610832,0.01792827993631363,0.01753261126577854,0.0,0.04390956833958626,0.11131732910871506,0.2977011501789093,0.03587919846177101,0.09563184529542923,0.4150943458080292,0.06263863295316696,0.18381747603416443,0.1519337147474289,0.020033324137330055,0.03707542270421982,0.5382586121559143,0.055087387561798096,0.1592894196510315,0.26551637053489685,0.20777970552444458,0.39033016562461853,0.035279806703329086
Strumigenys_stenorhina_OKENT0105268_processed.obj,Stage_0_init,0.01322628278285265,0.11012843996286392,0.04644034802913666,0.06368809193372726,0.20830611884593964,0.4881580173969269,0.04516930133104324,0.048500001430511475,0.042266666889190674,0.13618026673793793,0.1547333300113678,0.12160000205039978,0.281475692987442,0.3165999948978424,0.2533666789531708,0.6115612387657166,0.6606000065803528,0.5692999958992004,0.6363368630409241,0.36543333530426025,1.0,0.0,1.0,1.0,0.0,1.0,2.330392057103836e-08,0.0,0.8572492599487305,0.4379676580429077,0.0,0.0,0.0,0.003766812849789858,0.0038184619043022394,0.004240919835865498,0.0,0.03232688084244728,0.09473448991775513,0.4367816150188446,0.03694278746843338,0.0717286542057991,0.29866543412208557,0.06041264533996582,0.11055881530046463,0.11878453195095062,0.0215919129550457,0.045563340187072754,0.5171504020690918,0.06112952157855034,0.15143898129463196,0.19778522849082947,0.28538548946380615,0.4579254984855652,0.0
Syllophopsis_sechellensis_OKENT0105212_processed.obj,Stage_0_init,0.014565663412213326,0.12415151298046112,0.05559301748871803,0.06855849176645279,0.18190360069274902,0.45467138290405273,0.03189428523182869,0.035233333706855774,0.029133332893252373,0.09967383742332458,0.12503333389759064,0.08286666870117188,0.21703793108463287,0.26936668157577515,0.18173334002494812,0.5458886623382568,0.628000020980835,0.48276665806770325,0.6444377899169922,0.33113333582878113,1.0,0.0,1.0,1.0,0.0,1.0,2.3828453876717504e-08,0.0,0.851004958152771,0.43528032302856445,0.0,0.0,0.0,0.058622125536203384,0.05872796103358269,0.062293678522109985,0.0,0.027876408770680428,0.06297892332077026,0.4049808382987976,0.03318486735224724,0.06928129494190216,0.3216751217842102,0.09019598364830017,0.2926170825958252,0.3674033284187317,0.034621160477399826,0.07462581992149353,0.26649078726768494,0.09472820162773132,0.21017590165138245,0.1009528711438179,0.2727018892765045,0.44335219264030457,0.0
Temnothorax_congruus_OKENT0105443_processed.obj,Stage_0_init,0.00993244256824255,0.10864990949630737,0.045999255031347275,0.0626506507396698,0.13717705011367798,0.46409428119659424,0.0313095860183239,0.03583333268761635,0.027800001204013824,0.1026570051908493,0.1422666609287262,0.08030000329017639,0.2197801023721695,0.31769999861717224,0.1679999977350235,0.5102346539497375,0.6478666663169861,0.4208333492279053,0.5705596804618835,0.39160001277923584,1.0,0.0,1.0,1.0,0.0,1.0,2.3604069809834982e-08,0.0,0.8553487062454224,0.44081979990005493,0.0,0.0,0.0,0.0034576179459691048,0.0035408935509622097,0.0034253050107508898,0.0,0.02909218519926071,0.08943458646535873,0.515325665473938,0.036270566284656525,0.07576524466276169,0.2820984721183777,0.10504910349845886,0.2554529905319214,0.07734806835651398,0.025061752647161484,0.05626354366540909,0.49076518416404724,0.06110689043998718,0.1492786407470703,0.13752253353595734,0.24299462139606476,0.40504151582717896,0.0
Temnothorax_sp._OKENT0105336_processed.obj,Stage_0_init,0.01655549928545952,0.13239942491054535,0.04228514805436134,0.0901142805814743,0.22115403413772583,0.39793679118156433,0.025859475135803223,0.031566668301820755,0.021900000050663948,0.09008778631687164,0.15226666629314423,0.06396666914224625,0.19732598960399628,0.3855000138282776,0.13259999454021454,0.4656299352645874,0.7134000062942505,0.3456000089645386,0.5290030837059021,0.46906667947769165,1.0,0.0,1.0,1.0,0.0,1.0,2.341756832890951e-08,0.0,0.852778434753418,0.4428606927394867,0.0,0.0,0.0,0.0022885859943926334,0.002457121852785349,0.0023843636736273766,0.0,0.026250846683979034,0.06949258595705032,0.5183908343315125,0.034193798899650574,0.10090013593435287,0.49424758553504944,0.034909144043922424,0.08848333358764648,0.3342541456222534,0.04607028141617775,0.08418946713209152,0.1029023826122284,0.059845782816410065,0.15001143515110016,0.26731908321380615,0.2367711067199707,0.3899564743041992,0.0
Tetramorium_kraepelini_CASENT0744084_processed.obj,Stage_0_init,0.018978070467710495,0.14733925461769104,0.0461995005607605,0.10113974660634995,0.22404074668884277,0.4286254346370697,0.02062242664396763,0.026366667822003365,0.01693333312869072,0.07439938932657242,0.13263332843780518,0.05169999971985817,0.16063068807125092,0.33746665716171265,0.10540000349283218,0.38275712728500366,0.6712666749954224,0.2677000164985657,0.5138043165206909,0.4560000002384186,1.0,0.0,1.0,1.0,0.0,1.0,2.6162640054394615e-08,0.0,0.842388927936554,0.39542850852012634,0.0,0.0,0.0,0.07003145664930344,0.07011342793703079,0.07293547689914703,0.0,0.03185875713825226,0.09083350747823715,0.4475095868110657,0.03890864923596382,0.09594295173883438,0.30050620436668396,0.09529238194227219,0.21825610101222992,0.08287293463945389,0.09876811504364014,0.13995766639709473,0.0,0.05129265412688255,0.13916049897670746,0.3211434483528137,0.16332539916038513,0.3676854372024536,0.054744526743888855
Acanthostichus_aff.brevicornis_CASENT0744328_processed.obj,Stage_1_default,0.0016182053368538618,0.041547320783138275,0.016514739021658897,0.025032581761479378,0.07232418656349182,0.17214158177375793,0.11661561578512192,0.12433333694934845,0.10980000346899033,0.36571353673934937,0.4244333505630493,0.32126668095588684,0.6153358221054077,0.7173333168029785,0.5387333631515503,0.9187549948692322,0.9682999849319458,0.8740333318710327,0.7811546325683594,0.13913333415985107,1.0,0.0,1.0,1.0,0.0,1.0,2.6477360748344836e-08,0.0,0.8149162530899048,0.4103434681892395,0.0,0.0,0.0,0.02794889360666275,0.056849703192710876,0.02751879021525383,0.0,0.018402572721242905,0.04535453021526337,0.6417624950408936,0.01090517733246088,0.025408010929822922,0.8996778726577759,0.011528156697750092,0.021945390850305557,0.8922652006149292,0.025499651208519936,0.055739279836416245,0.4643799662590027,0.019368279725313187,0.0486353263258934,0.6340458393096924,0.04529517516493797,0.12904910743236542,0.5158150792121887
Acromyrmex_coronatus_CASENT0744365_processed.obj,Stage_1_default,0.0054848226718604565,0.07520000636577606,0.026705579832196236,0.04849442467093468,0.14497031271457672,0.27976956963539124,0.052890412509441376,0.05939999967813492,0.04766666889190674,0.1771429479122162,0.22306667268276215,0.1468999981880188,0.37514540553092957,0.4767666757106781,0.30923333764076233,0.7451993227005005,0.8596667051315308,0.657633364200592,0.6293977499008179,0.2626666724681854,1.0,0.0,1.0,1.0,0.0,1.0,2.5148539251063085e-08,0.0,0.8066496849060059,0.3509940207004547,0.0,0.0,0.0,0.06872982531785965,0.1346711963415146,0.08307289332151413,0.0,0.023462926968932152,0.05939186364412308,0.5314176082611084,0.024517057463526726,0.06378398835659027,0.4993097186088562,0.03616209700703621,0.10592261701822281,0.3591160476207733,0.025202404707670212,0.06331928819417953,0.5224274396896362,0.027580255642533302,0.06817669421434402,0.47283029556274414,0.030571071431040764,0.0838443785905838,0.4927007257938385
Acromyrmex_lobicornis_CASENT0878007_processed.obj,Stage_1_default,0.005765039473772049,0.08089932799339294,0.028238020837306976,0.05266130715608597,0.13718019425868988,0.32566574215888977,0.028770428150892258,0.032099999487400055,0.026066666468977928,0.12146317958831787,0.15943333506584167,0.09809999912977219,0.3047296404838562,0.4338666796684265,0.23483332991600037,0.6900944709777832,0.8569333553314209,0.5776333212852478,0.6560832262039185,0.271699994802475,1.0,0.0,1.0,1.0,0.0,1.0,2.713594327019564e-08,0.0,0.8026488423347473,0.32266777753829956,0.0,0.0,0.0,0.045872822403907776,0.10643550753593445,0.04814982786774635,0.0,0.028930174186825752,0.07227985560894012,0.43141764402389526,0.03059745393693447,0.06776343286037445,0.37689828872680664,0.03415152058005333,0.07277552783489227,0.32596686482429504,0.025234034284949303,0.0552341602742672,0.4986807703971863,0.0281930360943079,0.08029612898826599,0.4996137022972107,0.029940301552414894,0.12158068269491196,0.6447688341140747
Anochetus_risii_CASENT0877608_processed.obj,Stage_1_default,0.001903085270896554,0.04577139765024185,0.01799291931092739,0.02777847647666931,0.07529088854789734,0.16043254733085632,0.09481559693813324,0.10286666452884674,0.08793333172798157,0.32371142506599426,0.3947666585445404,0.27433332800865173,0.5748373866081238,0.6932666897773743,0.49096667766571045,0.8904091119766235,0.9487000107765198,0.838866651058197,0.7461119890213013,0.1930333375930786,1.0,0.0,1.0,1.0,0.0,1.0,2.355161932143801e-08,0.0,0.8039507865905762,0.3443935215473175,0.0,0.0,0.0,0.013195378705859184,0.03358566015958786,0.012980001978576183,0.0,0.016763266175985336,0.044783152639865875,0.6885057687759399,0.01892600767314434,0.04765545576810837,0.6502531170845032,0.02117031067609787,0.05942198634147644,0.5994475483894348,0.020487038418650627,0.04437140375375748,0.5514512062072754,0.021103370934724808,0.06374825537204742,0.6448622345924377,0.02773803286254406,0.07652105391025543,0.5012165307998657
Anochetus_risii_CASENT0877609_processed.obj,Stage_1_default,0.006750560365617275,0.08957015722990036,0.029553869739174843,0.06001628562808037,0.13657107949256897,0.3420830965042114,0.02617114782333374,0.029633333906531334,0.02343333326280117,0.1107410341501236,0.15546667575836182,0.0860000029206276,0.26602086424827576,0.43343332409858704,0.19189999997615814,0.6052134037017822,0.8396999835968018,0.4731000065803528,0.6743075847625732,0.2850666642189026,1.0,0.0,1.0,1.0,0.0,1.0,2.4650230301404008e-08,0.0,0.7540463209152222,0.2350766360759735,0.0,0.0,0.0,0.060072172433137894,0.18017058074474335,0.06292124837636948,0.0,0.029901757836341858,0.06995940953493118,0.4291187822818756,0.028767306357622147,0.06679733842611313,0.41417396068573,0.024623990058898926,0.0695149153470993,0.5193370580673218,0.03351527079939842,0.08510514348745346,0.36939316987991333,0.034669987857341766,0.09119035303592682,0.3492145240306854,0.03277270123362541,0.07457014918327332,0.2968369722366333
Aphaenogaster_pallida_CASENT0745235_processed.obj,Stage_1_default,0.00208322424441576,0.045874662697315216,0.017079925164580345,0.02879473567008972,0.09198132902383804,0.18640094995498657,0.06274902075529099,0.06726666539907455,0.058800000697374344,0.254127562046051,0.2973666787147522,0.2218666672706604,0.608155369758606,0.7131666541099548,0.5300999879837036,0.8978508710861206,0.9728333353996277,0.8335999846458435,0.816522479057312,0.11160000413656235,1.0,0.0,1.0,1.0,0.0,1.0,2.8249134587099434e-08,0.0,0.8172805309295654,0.3120739459991455,0.0,0.0,0.0,0.016636954620480537,0.05060780793428421,0.01597057282924652,0.0,0.01890043169260025,0.05067132040858269,0.6701149344444275,0.016669975593686104,0.030924171209335327,0.6737229824066162,0.015611530281603336,0.046276386827230453,0.8232044577598572,0.016013311222195625,0.03744490072131157,0.7124010920524597,0.02168518491089344,0.07486464083194733,0.6355910301208496,0.03361644968390465,0.10731757432222366,0.5024330615997314
Atopomyrmex_mocquerysi_CASENT0744784_processed.obj,Stage_1_default,0.0018244162201881409,0.04479973390698433,0.0193514134734869,0.02544832043349743,0.07243812084197998,0.1458621472120285,0.1178540289402008,0.12763333320617676,0.10946666449308395,0.3184131383895874,0.3580666780471802,0.2866666615009308,0.5787670016288757,0.6355000138282776,0.531333327293396,0.9064319133758545,0.9418666958808899,0.8735666871070862,0.6619003415107727,0.26570001244544983,1.0,0.0,1.0,1.0,0.0,1.0,3.769366330175217e-08,0.0,0.7842868566513062,0.3606118857860565,0.0,0.0,0.0,0.026561040431261063,0.06959327310323715,0.027098072692751884,0.0,0.01697012037038803,0.043527498841285706,0.6835249066352844,0.03601997345685959,0.06802143901586533,0.28946158289909363,0.025064000859856606,0.07483811676502228,0.5469613671302795,0.012995501980185509,0.026316648349165916,0.7704485654830933,0.020794790238142014,0.05416170135140419,0.5848571062088013,0.016945017501711845,0.05496862530708313,0.7506082653999329
Carebara_trechideros_CASENT0877591_processed.obj,Stage_1_default,0.0029214441310614347,0.054774217307567596,0.02276201918721199,0.032012198120355606,0.08832113444805145,0.2320551574230194,0.09147371351718903,0.09933333098888397,0.08476667106151581,0.264763206243515,0.3080666661262512,0.23213332891464233,0.4991871118545532,0.5690000057220459,0.4446333348751068,0.8541773557662964,0.9038666486740112,0.8096666932106018,0.6592465043067932,0.30416667461395264,1.0,0.0,1.0,1.0,0.0,1.0,3.684275284854266e-08,0.0,0.7459473013877869,0.25773292779922485,0.0,0.0,0.0,0.02823905274271965,0.07064409554004669,0.03216782584786415,0.0,0.018791427835822105,0.05288100987672806,0.6593869924545288,0.027633890509605408,0.07181552052497864,0.46249425411224365,0.041634928435087204,0.11519773304462433,0.39502763748168945,0.012807995080947876,0.026181455701589584,0.7810026407241821,0.02711949311196804,0.07836481183767319,0.49214527010917664,0.04848289117217064,0.11284693330526352,0.3187347948551178
Centromyrmex_brachycola_CASENT0744052_processed.obj,Stage_1_default,0.0018314654007554054,0.04706877842545509,0.017849382013082504,0.02921939641237259,0.07367216795682907,0.1635146588087082,0.07185179740190506,0.07903333753347397,0.06586666405200958,0.2540154755115509,0.3232666850090027,0.20920000970363617,0.5218685269355774,0.6738333702087402,0.4258333444595337,0.9052360653877258,0.9766333699226379,0.8435666561126709,0.7304389476776123,0.256033331155777,1.0,0.0,1.0,1.0,0.0,1.0,2.5081515531155674e-08,0.0,0.8245311975479126,0.40978947281837463,0.0,0.0,0.0,0.012892385944724083,0.050999268889427185,0.013147629797458649,0.0,0.01834757998585701,0.04383685439825058,0.6609195470809937,0.01971999555826187,0.04004038870334625,0.561896026134491,0.02361731417477131,0.07094276696443558,0.6160221099853516,0.02050311490893364,0.05014856159687042,0.6042216420173645,0.019002018496394157,0.060283929109573364,0.7015194296836853,0.02556665986776352,0.10696040838956833,0.6216545104980469
Cephalotes_minutus_CASENT0709253_processed.obj,Stage_1_default,0.0013304267777130008,0.03987940400838852,0.015619201585650444,0.024260202422738075,0.06407010555267334,0.1525813192129135,0.08740263432264328,0.09626666456460953,0.0800333321094513,0.31469908356666565,0.38260000944137573,0.2672666609287262,0.6095447540283203,0.7235666513442993,0.5265666842460632,0.9349355697631836,0.988099992275238,0.8871999979019165,0.781124472618103,0.2294333428144455,1.0,0.0,1.0,1.0,0.0,1.0,2.5576905926527616e-08,0.0,0.8479845523834229,0.41931822896003723,0.0,0.0,0.0,0.03029061295092106,0.07836524397134781,0.02829795517027378,0.0,0.017429456114768982,0.0384281761944294,0.644444465637207,0.01462868507951498,0.03406263515353203,0.7478141188621521,0.018360337242484093,0.04438946396112442,0.6464088559150696,0.014429387636482716,0.028812283650040627,0.7493404150009155,0.01898442767560482,0.055308226495981216,0.6587690114974976,0.017621377483010292,0.05524105206131935,0.6897810101509094
Cephalotes_simillimus_CASENT0744408_processed.obj,Stage_1_default,0.003333556931465864,0.06378467381000519,0.02324654906988144,0.04053812846541405,0.1020890474319458,0.16168923676013947,0.02848750166594982,0.03180000185966492,0.025800000876188278,0.13940155506134033,0.18129999935626984,0.11323333531618118,0.3809201121330261,0.5379000306129456,0.294866681098938,0.7967869639396667,0.9262666702270508,0.699066698551178,0.7309210300445557,0.3016666769981384,1.0,0.0,1.0,1.0,0.0,1.0,2.2735674676255258e-08,0.0,0.8394976854324341,0.3988141417503357,0.0,0.0,0.0,0.04856236279010773,0.07980887591838837,0.05037557706236839,0.0,0.027191011235117912,0.07673417031764984,0.5068965554237366,0.027784444391727448,0.06053633987903595,0.40128853917121887,0.024848179891705513,0.06282850354909897,0.450276255607605,0.01707541197538376,0.033596739172935486,0.6860158443450928,0.02139604464173317,0.050194766372442245,0.5748133063316345,0.016034770756959915,0.03347150981426239,0.7615571618080139
Cephalotes_spinosus_CASENT0744158_processed.obj,Stage_1_default,0.002077737357467413,0.04957955330610275,0.018262239173054695,0.03131731227040291,0.08020594716072083,0.1919434666633606,0.050365157425403595,0.05550000071525574,0.04610000178217888,0.22075790166854858,0.27213335037231445,0.18569999933242798,0.5261394381523132,0.6741999983787537,0.43140000104904175,0.8748493194580078,0.9716333150863647,0.7955999970436096,0.7772035002708435,0.20579999685287476,1.0,0.0,1.0,1.0,0.0,1.0,2.5352523636001933e-08,0.0,0.84867262840271,0.42456671595573425,0.0,0.0,0.0,0.029437879100441933,0.05103980749845505,0.028216177597641945,0.0,0.022223399952054024,0.0538167841732502,0.5647509694099426,0.0187806598842144,0.040130991488695145,0.6313852071762085,0.015787262469530106,0.04830088093876839,0.7458564043045044,0.016421988606452942,0.030514603480696678,0.6464380025863647,0.01940002664923668,0.048186056315898895,0.6260623335838318,0.018189428374171257,0.03738784417510033,0.6374695897102356
Crematogaster_nawai_OKENT0105046_processed.obj,Stage_1_default,0.0027275625616312027,0.054144855588674545,0.019093021750450134,0.03505183383822441,0.09389322251081467,0.2390282303094864,0.05502219498157501,0.06136666610836983,0.04986666887998581,0.20881809294223785,0.2890999913215637,0.16343332827091217,0.47396108508110046,0.6602333188056946,0.3696666657924652,0.856347382068634,0.9546999931335449,0.776366651058197,0.6965321898460388,0.4038666784763336,1.0,0.0,1.0,1.0,0.0,1.0,2.5987796803406127e-08,0.0,0.8078927993774414,0.31480202078819275,0.0,0.0,0.0,0.05048391595482826,0.14393064379692078,0.05689827725291252,0.0,0.015831418335437775,0.034044601023197174,0.7306513786315918,0.025350481271743774,0.05795787647366524,0.4551311731338501,0.015202454291284084,0.03918467089533806,0.7513812184333801,0.03355859965085983,0.09836775064468384,0.4511873424053192,0.018901357427239418,0.054036661982536316,0.6793716549873352,0.022751791402697563,0.06947678327560425,0.6216545104980469
Cryptopone_sauteri_CASENT0743771_processed.obj,Stage_1_default,0.0029865431133657694,0.05863701552152634,0.022148987278342247,0.03648803010582924,0.09714873880147934,0.15895240008831024,0.05845031514763832,0.0649000033736229,0.053166668862104416,0.20161700248718262,0.2584666609764099,0.16526666283607483,0.4450131952762604,0.5807666778564453,0.36070001125335693,0.8240687251091003,0.9240666627883911,0.7436000108718872,0.7120015025138855,0.2524999976158142,1.0,0.0,1.0,1.0,0.0,1.0,2.5337953957205173e-08,0.0,0.8227617740631104,0.3872221112251282,0.0,0.0,0.0,0.02461075223982334,0.048094742000103,0.02407892793416977,0.0,0.02104184404015541,0.05025658756494522,0.5796934962272644,0.030960315838456154,0.0771760493516922,0.39116430282592773,0.023294053971767426,0.07465820759534836,0.6657458543777466,0.039358869194984436,0.0858166292309761,0.27176782488822937,0.017928216606378555,0.04510876536369324,0.6804017424583435,0.025114363059401512,0.08585607260465622,0.5304136276245117
Cyphoidris_afrc-tz01_CASENT0744810_processed.obj,Stage_1_default,0.016095012426376343,0.13842268288135529,0.03808663412928581,0.10033605247735977,0.2136431336402893,0.397330105304718,0.011504707857966423,0.01366666704416275,0.009933333843946457,0.05189642310142517,0.08406666666269302,0.03753333538770676,0.1308685690164566,0.29856666922569275,0.08380000293254852,0.3640804588794708,0.7384333610534668,0.24160000681877136,0.6044415235519409,0.43763333559036255,1.0,0.0,1.0,1.0,0.0,1.0,2.1654562587514192e-08,0.0,0.7607761025428772,0.22514542937278748,0.0,0.0,0.0,0.03846954181790352,0.08825195580720901,0.03988361358642578,0.0,0.04072503373026848,0.11188163608312607,0.32835251092910767,0.0440339669585228,0.10706105083227158,0.24482282996177673,0.040521327406167984,0.09917736053466797,0.17403315007686615,0.04142247140407562,0.07880184054374695,0.17941953241825104,0.03192745894193649,0.06985089927911758,0.3311872184276581,0.056684814393520355,0.16040128469467163,0.14963503181934357
Cyphomyrmex_cf.minutus_CASENT0744280_processed.obj,Stage_1_default,0.016299141570925713,0.13373658061027527,0.036758266389369965,0.0969783216714859,0.21788984537124634,0.34567660093307495,0.014039563946425915,0.016066666692495346,0.012466667219996452,0.06274376809597015,0.09849999845027924,0.046033333986997604,0.16933587193489075,0.3729666769504547,0.10953333228826523,0.4244942367076874,0.7956333160400391,0.2894666790962219,0.5608866214752197,0.45633333921432495,1.0,0.0,1.0,1.0,0.0,1.0,2.5378756873806196e-08,0.0,0.726323127746582,0.15964889526367188,0.0,0.0,0.0,0.020896729081869125,0.0625835582613945,0.0219721756875515,0.0,0.028488323092460632,0.0625452995300293,0.40306514501571655,0.041926395148038864,0.15358991920948029,0.381500244140625,0.03495950996875763,0.09846434742212296,0.3149171471595764,0.02245965600013733,0.043812740594148636,0.4511873424053192,0.03454408794641495,0.08048201352357864,0.3443213999271393,0.03564339876174927,0.09295356273651123,0.3783454895019531
Dilobocondyla_fouqueti_CASENT0745576_processed.obj,Stage_1_default,0.0028476547449827194,0.056260183453559875,0.019751816987991333,0.03650836646556854,0.09988260269165039,0.17435091733932495,0.055790528655052185,0.06026666611433029,0.05193333327770233,0.20865650475025177,0.26750001311302185,0.1710333377122879,0.4826947748661041,0.6333666443824768,0.38993334770202637,0.8278306722640991,0.9490000009536743,0.7340999841690063,0.7218990921974182,0.23613333702087402,1.0,0.0,1.0,1.0,0.0,1.0,2.8762009662841592e-08,0.0,0.8021562695503235,0.32583001255989075,0.0,0.0,0.0,0.01879809983074665,0.03171878308057785,0.018072891980409622,0.0,0.021451910957694054,0.054630495607852936,0.611494243144989,0.02118059992790222,0.05299722030758858,0.5784629583358765,0.019217001274228096,0.05881086364388466,0.6574586033821106,0.024691836908459663,0.05882304906845093,0.559366762638092,0.022631483152508736,0.05046578869223595,0.5186711549758911,0.02729586698114872,0.07504065334796906,0.5
Dorylus_fulvus_CASENT0745678_processed.obj,Stage_1_default,0.0009951780084520578,0.03414919972419739,0.013491070829331875,0.020658129826188087,0.05417300760746002,0.12074702233076096,0.12943994998931885,0.13936667144298553,0.12083333730697632,0.3896852433681488,0.46896666288375854,0.3333333432674408,0.676609992980957,0.803433358669281,0.5843666791915894,0.9629794955253601,0.9909999966621399,0.9365000128746033,0.7862821817398071,0.20573332905769348,1.0,0.0,1.0,1.0,0.0,1.0,2.7695445936615215e-08,0.0,0.8242486715316772,0.41918519139289856,0.0,0.0,0.0,0.025036249309778214,0.05192481353878975,0.02586275152862072,0.0,0.015540550462901592,0.04193649813532829,0.7356321811676025,0.013080472126603127,0.0326165109872818,0.8057984709739685,0.0213369969278574,0.06520216912031174,0.6160221099853516,0.015306045301258564,0.03340945020318031,0.7018470168113708,0.014542953111231327,0.03809095546603203,0.7831573486328125,0.015159567818045616,0.04051913693547249,0.7627736926078796
Eciton_hamatum_CASENT0744580_processed.obj,Stage_1_default,0.0020290205720812082,0.04965384304523468,0.02116307057440281,0.028490770608186722,0.07078564912080765,0.14411161839962006,0.09619352221488953,0.11106666922569275,0.08483333140611649,0.2644706666469574,0.32856667041778564,0.22130000591278076,0.5030644536018372,0.5983333587646484,0.43396666646003723,0.8747937083244324,0.9149667024612427,0.8379999995231628,0.5883394479751587,0.34200000762939453,1.0,0.0,1.0,1.0,0.0,1.0,4.3448981301708045e-08,0.0,0.6816631555557251,0.2653844952583313,0.0,0.0,0.0,0.01055707223713398,0.04190026596188545,0.011092428117990494,0.0,0.016328683122992516,0.03982318937778473,0.6892720460891724,0.04793306067585945,0.0782131776213646,0.12747354805469513,0.04549840837717056,0.08221476525068283,0.20441989600658417,0.02843775972723961,0.06686287373304367,0.46174144744873047,0.01676870696246624,0.041635360568761826,0.6855524182319641,0.01987914927303791,0.05646710470318794,0.6605839133262634
Ectatomma_brunneum_CASENT0744575_processed.obj,Stage_1_default,0.007386240642517805,0.09135386347770691,0.030656730756163597,0.06069713085889816,0.14830023050308228,0.37176838517189026,0.021677736192941666,0.02329999953508377,0.020266667008399963,0.10173953324556351,0.1345333307981491,0.08179999887943268,0.2711379826068878,0.41306668519973755,0.20180000364780426,0.6250385046005249,0.8331000208854675,0.5001333355903625,0.7240506410598755,0.20733334124088287,1.0,0.0,1.0,1.0,0.0,1.0,2.0497660457863276e-08,0.0,0.7846155762672424,0.26646605134010315,0.0,0.0,0.0,0.05337060987949371,0.1017414852976799,0.05565439909696579,0.0,0.03813345730304718,0.1084316074848175,0.3601532578468323,0.03357113525271416,0.06951800733804703,0.30096641182899475,0.03421537205576897,0.09066342562437057,0.4116022288799286,0.02407275326550007,0.05193991959095001,0.4986807703971863,0.02518557757139206,0.07452897727489471,0.5403038859367371,0.028060151264071465,0.08721107989549637,0.5450121760368347
Eurhopalothrix_procera_CASENT0745605_processed.obj,Stage_1_default,0.005185432266443968,0.07827170938253403,0.026229070499539375,0.0520426370203495,0.11886298656463623,0.3425076901912689,0.022728331387043,0.024766666814684868,0.020999999716877937,0.10981156677007675,0.15103334188461304,0.0862666666507721,0.31261056661605835,0.48633334040641785,0.2303333431482315,0.6768916249275208,0.8843666911125183,0.5482666492462158,0.6881653070449829,0.26030001044273376,1.0,0.0,1.0,1.0,0.0,1.0,2.3376776070449523e-08,0.0,0.8054680228233337,0.2990938723087311,0.0,0.0,0.0,0.03999462351202965,0.102838896214962,0.044439610093832016,0.0,0.026751212775707245,0.06567520648241043,0.44597703218460083,0.03636934235692024,0.08822964131832123,0.3653934597969055,0.030597282573580742,0.056356459856033325,0.3038674294948578,0.0327121764421463,0.07744428515434265,0.39313986897468567,0.029005756601691246,0.07849254459142685,0.45068246126174927,0.03329963982105255,0.09256578981876373,0.4282238483428955
Heteroponera_panamensis_CASENT0744055_processed.obj,Stage_1_default,0.013817144557833672,0.12442745268344879,0.03380987048149109,0.0906175822019577,0.203471377491951,0.3615335524082184,0.017548872157931328,0.020633334293961525,0.015266667120158672,0.07923569530248642,0.1239333376288414,0.05823333561420441,0.18818707764148712,0.3904666602611542,0.12396667152643204,0.44712790846824646,0.7803333401679993,0.31333333253860474,0.6426770687103271,0.3734000027179718,1.0,0.0,1.0,1.0,0.0,1.0,2.2479238026562598e-08,0.0,0.7292013764381409,0.15616782009601593,0.0,0.0,0.0,0.07223986834287643,0.125997856259346,0.07781104743480682,0.0,0.03753381222486496,0.11783488839864731,0.4241379499435425,0.03897269815206528,0.09347730875015259,0.2949838936328888,0.02305036410689354,0.07717923074960709,0.7182320952415466,0.03210372105240822,0.08947263658046722,0.3984169065952301,0.029870999976992607,0.06636670976877213,0.38861706852912903,0.03633430227637291,0.0979972556233406,0.4416058361530304
Labidus_praedator_CASENT0744236_processed.obj,Stage_1_default,0.004576760809868574,0.06429389864206314,0.0310628954321146,0.03323100507259369,0.10227692127227783,0.31253373622894287,0.10985975712537766,0.11309999972581863,0.10680000483989716,0.30827760696411133,0.32910001277923584,0.28993332386016846,0.5053666234016418,0.5319666862487793,0.4812999963760376,0.7942633032798767,0.7926333546638489,0.7958999872207642,0.6049792766571045,0.38396668434143066,1.0,0.0,1.0,1.0,0.0,1.0,2.5454516716649778e-08,0.0,0.7503447532653809,0.3470819592475891,0.0,0.0,0.0,0.017968088388442993,0.06533480435609818,0.019131848588585854,0.0,0.026545505970716476,0.08753064274787903,0.6141762733459473,0.059177447110414505,0.13286978006362915,0.18085595965385437,0.04108774662017822,0.11991230398416519,0.35635361075401306,0.017121460288763046,0.04902130365371704,0.688654363155365,0.0189561415463686,0.04982807859778404,0.6371362209320068,0.028350047767162323,0.07305494695901871,0.4841849207878113
Labidus_praedator_CASENT0744237_processed.obj,Stage_1_default,0.005140508059412241,0.07561012357473373,0.03120393492281437,0.044406186789274216,0.12674683332443237,0.23629365861415863,0.04725426062941551,0.05130000039935112,0.043800000101327896,0.16787166893482208,0.2101999968290329,0.13973332941532135,0.353960782289505,0.4463333487510681,0.2932666838169098,0.7429873943328857,0.813533365726471,0.6837000250816345,0.6168563961982727,0.2745666801929474,1.0,0.0,1.0,1.0,0.0,1.0,2.4982435675724446e-08,0.0,0.7601535320281982,0.2634567618370056,0.0,0.0,0.0,0.020778996869921684,0.07728902995586395,0.022346703335642815,0.0,0.029079830273985863,0.08119302242994308,0.47471264004707336,0.02502213418483734,0.058974992483854294,0.47676023840904236,0.038937248289585114,0.1145646795630455,0.28729283809661865,0.022629886865615845,0.04909118637442589,0.488126665353775,0.023851152509450912,0.06729710847139359,0.55524080991745,0.04565627872943878,0.12368181347846985,0.3613138794898987
Lasius_nr._fuliginosus_CASENT0878037_processed.obj,Stage_1_default,0.0011659838492050767,0.035008929669857025,0.013497655279934406,0.021511275321245193,0.059254273772239685,0.2258259803056717,0.10308045148849487,0.11133333295583725,0.09596666693687439,0.35677820444107056,0.4241666793823242,0.3078666627407074,0.7003687620162964,0.8138999938964844,0.614633321762085,0.9616562724113464,0.9952000379562378,0.9302999973297119,0.8137664198875427,0.14800000190734863,1.0,0.0,1.0,1.0,0.0,1.0,2.1910990355422655e-08,0.0,0.8290838003158569,0.40308523178100586,0.0,0.0,0.0,0.03271881863474846,0.08173250406980515,0.03231111168861389,0.0,0.013031210750341415,0.029174737632274628,0.8283525109291077,0.01368288230150938,0.025561578571796417,0.82558673620224,0.016621345654129982,0.03385397046804428,0.6712707281112671,0.013317342847585678,0.028544627130031586,0.7862797379493713,0.014335082843899727,0.031972602009773254,0.7792943716049194,0.016989896073937416,0.07256109267473221,0.7907542586326599
Lioponera_daikoku_OKENT0105067_processed.obj,Stage_1_default,0.011045298539102077,0.11389610916376114,0.03834392875432968,0.07555218040943146,0.1747458577156067,0.36908212304115295,0.01940871588885784,0.02173333428800106,0.017533333972096443,0.08606551587581635,0.1211666688323021,0.06673333048820496,0.20939253270626068,0.35743334889411926,0.1480666697025299,0.4983048439025879,0.7203333377838135,0.38089999556541443,0.6419876217842102,0.27976667881011963,1.0,0.0,1.0,1.0,0.0,1.0,3.110212176693494e-08,0.0,0.7512590289115906,0.24046219885349274,0.0,0.0,0.0,0.058554042130708694,0.1411769688129425,0.06049171835184097,0.0,0.03970009461045265,0.11704383790493011,0.37471264600753784,0.04170657694339752,0.091049924492836,0.2636907398700714,0.034438543021678925,0.1310294270515442,0.45303869247436523,0.050483573228120804,0.10552509874105453,0.27176782488822937,0.03729352355003357,0.09621703624725342,0.32886943221092224,0.0361928828060627,0.12815934419631958,0.435523122549057
Mayriella_sp._CASENT0745610_processed.obj,Stage_1_default,0.00737783731892705,0.09387679398059845,0.03136449307203293,0.06251230090856552,0.14667047560214996,0.26235005259513855,0.02366712875664234,0.027000000700354576,0.02106666751205921,0.09793933480978012,0.14890000224113464,0.07296666502952576,0.2416141927242279,0.4191000163555145,0.16973333060741425,0.5879472494125366,0.812000036239624,0.4607999920845032,0.6073782444000244,0.46203333139419556,1.0,0.0,1.0,1.0,0.0,1.0,2.0797809696659897e-08,0.0,0.8108973503112793,0.3247189521789551,0.0,0.0,0.0,0.03933919593691826,0.07432372868061066,0.03937625139951706,0.0,0.029432615265250206,0.07264725863933563,0.45785441994667053,0.0372810959815979,0.07366861402988434,0.24344225227832794,0.03536170348525047,0.08169500529766083,0.3425414562225342,0.07105298340320587,0.12879949808120728,0.14248022437095642,0.02367936633527279,0.05262463167309761,0.49755343794822693,0.03274941444396973,0.07458779960870743,0.39537712931632996
Mesoponera_ambigua_CASENT0745584_processed.obj,Stage_1_default,0.006169868167489767,0.08142080903053284,0.027550403028726578,0.05387040972709656,0.14223940670490265,0.3368399739265442,0.03166809678077698,0.03473333269357681,0.029100000858306885,0.13234779238700867,0.1734333336353302,0.10700000077486038,0.33643943071365356,0.48446667194366455,0.25769999623298645,0.6918244361877441,0.8683000206947327,0.5749666690826416,0.7055325508117676,0.22813333570957184,1.0,0.0,1.0,1.0,0.0,1.0,2.1916832793067442e-08,0.0,0.7840229272842407,0.28616005182266235,0.0,0.0,0.0,0.038705818355083466,0.07480980455875397,0.03975881636142731,0.0,0.029612170532345772,0.08712982386350632,0.48659005761146545,0.04404789209365845,0.09085442870855331,0.2190520018339157,0.02139335498213768,0.04462067037820816,0.5331491827964783,0.03152107447385788,0.0762183666229248,0.36939316987991333,0.023726286366581917,0.05312386527657509,0.52485191822052,0.04339784383773804,0.13404859602451324,0.4476885497570038
Myrmecina_ryukyuensis_OKENT0105085_processed.obj,Stage_1_default,0.0025817675050348043,0.05163658410310745,0.020071234554052353,0.0315653495490551,0.0843321904540062,0.3139636516571045,0.057188812643289566,0.06246666610240936,0.05273333564400673,0.21220830082893372,0.2603333294391632,0.17910000681877136,0.5341679453849792,0.6708999872207642,0.4437333345413208,0.8782759308815002,0.9404667019844055,0.8238000273704529,0.7637214660644531,0.2257000058889389,1.0,0.0,1.0,1.0,0.0,1.0,2.3149477001993546e-08,0.0,0.8170557618141174,0.3498689830303192,0.0,0.0,0.0,0.01627824269235134,0.051427166908979416,0.016928166151046753,0.0,0.01914631389081478,0.04407687857747078,0.6413792967796326,0.016093777492642403,0.03202303871512413,0.6935113072395325,0.027161557227373123,0.07950980961322784,0.5138121843338013,0.01486287172883749,0.032181814312934875,0.7414248585700989,0.023328440263867378,0.07225149869918823,0.6170486807823181,0.02962760254740715,0.10660860687494278,0.5827250480651855
Myrmecina_sp._CASENT0745613_processed.obj,Stage_1_default,0.004067445173859596,0.06940615922212601,0.025324590504169464,0.04408156871795654,0.11850905418395996,0.21371443569660187,0.02706150896847248,0.028699999675154686,0.025600001215934753,0.11912248283624649,0.1491333395242691,0.09916666895151138,0.35682612657546997,0.48393332958221436,0.2826000154018402,0.7651404738426208,0.9014000296592712,0.6646666526794434,0.7313962578773499,0.2290666699409485,1.0,0.0,1.0,1.0,0.0,1.0,2.227525008891007e-08,0.0,0.8101284503936768,0.3309127390384674,0.0,0.0,0.0,0.022704459726810455,0.04488987848162651,0.02331879921257496,0.0,0.02675313875079155,0.0722995325922966,0.48582375049591064,0.03561908379197121,0.07073135673999786,0.2673723101615906,0.04224222153425217,0.11110026389360428,0.36464089155197144,0.021837502717971802,0.06113116443157196,0.6147757768630981,0.021088972687721252,0.051332104951143265,0.5833118557929993,0.02283800207078457,0.043097659945487976,0.47445255517959595
Nesomyrmex_angulatus_CASENT0744820_processed.obj,Stage_1_default,0.006178899202495813,0.0828348696231842,0.02530340477824211,0.05753146857023239,0.14340753853321075,0.2903430759906769,0.03245013579726219,0.03656666725873947,0.02916666679084301,0.13105691969394684,0.18490000069141388,0.101500004529953,0.31146374344825745,0.5066999793052673,0.22483333945274353,0.656511664390564,0.8925666809082031,0.5192000269889832,0.6900606751441956,0.36826667189598083,1.0,0.0,1.0,1.0,0.0,1.0,2.769836626725919e-08,0.0,0.7904767990112305,0.2647552490234375,0.0,0.0,0.0,0.00915081799030304,0.020430918782949448,0.009193514473736286,0.0,0.033744629472494125,0.07801853865385056,0.36704981327056885,0.02951844036579132,0.0657210573554039,0.3934652507305145,0.026867609471082687,0.053940627723932266,0.4226519465446472,0.0297378059476614,0.06108282506465912,0.35356202721595764,0.022425096482038498,0.0504663810133934,0.5372135043144226,0.039702728390693665,0.1736302673816681,0.41727492213249207
Odontomachus_troglodytes_CASENT0744970_processed.obj,Stage_1_default,0.0022727828472852707,0.04900500178337097,0.019566107541322708,0.029438896104693413,0.07684771716594696,0.35839521884918213,0.09213238954544067,0.10090000182390213,0.08476667106151581,0.2779251039028168,0.33526667952537537,0.23733334243297577,0.5299459099769592,0.6294000148773193,0.4576333463191986,0.8851540684700012,0.9461666941642761,0.8315333127975464,0.6897870898246765,0.21096666157245636,1.0,0.0,1.0,1.0,0.0,1.0,3.367806655774075e-08,0.0,0.7819861769676208,0.3196064531803131,0.0,0.0,0.0,0.030628876760601997,0.06685872375965118,0.03164490684866905,0.0,0.020670242607593536,0.049649644643068314,0.578927218914032,0.013791405595839024,0.034730490297079086,0.7933732271194458,0.02579200640320778,0.06001187115907669,0.5441989302635193,0.015403252094984055,0.03701290860772133,0.7440633773803711,0.022249622270464897,0.056367166340351105,0.5521504282951355,0.011664311401546001,0.032077014446258545,0.8588807582855225
Oxyopomyrmex_saulcyi_CASENT0745218_processed.obj,Stage_1_default,0.0037004146724939346,0.06112239509820938,0.018478134647011757,0.042644258588552475,0.11692308634519577,0.28242558240890503,0.0466066412627697,0.05336666852235794,0.04136666655540466,0.1833411157131195,0.26483333110809326,0.14020000398159027,0.4293975532054901,0.6775000095367432,0.314300000667572,0.8138030767440796,0.9625666737556458,0.7048666477203369,0.6580190062522888,0.46746668219566345,1.0,0.0,1.0,1.0,0.0,1.0,2.2426787538165627e-08,0.0,0.8100898861885071,0.3423551619052887,0.0,0.0,0.0,0.014435907825827599,0.04375414922833443,0.016824951395392418,0.0,0.01780744083225727,0.04062958061695099,0.6670498251914978,0.026945192366838455,0.06407608836889267,0.4588127136230469,0.033675000071525574,0.07880585640668869,0.28729283809661865,0.029504910111427307,0.06244627386331558,0.44327178597450256,0.01422934327274561,0.03191027790307999,0.8112284541130066,0.0255268681794405,0.12008742988109589,0.6593673825263977
Polyrhachis_decemdentata_CASENT0744779_processed.obj,Stage_1_default,0.002876520622521639,0.05821429193019867,0.02182677574455738,0.03638751432299614,0.0987885445356369,0.22340692579746246,0.04054545238614082,0.044599998742341995,0.037166666239500046,0.16478152573108673,0.21093334257602692,0.13520000874996185,0.42415934801101685,0.5693666934967041,0.3379666805267334,0.844610333442688,0.9428666830062866,0.7649000287055969,0.7512360215187073,0.317466676235199,1.0,0.0,1.0,1.0,0.0,1.0,2.404701504588047e-08,0.0,0.8044132590293884,0.3183816075325012,0.0,0.0,0.0,0.04239005967974663,0.10641214996576309,0.049358293414115906,0.0,0.026391157880425453,0.06604138016700745,0.46283525228500366,0.02577006258070469,0.05809258297085762,0.47952139377593994,0.013958943076431751,0.03215581551194191,0.7872928380966187,0.027232011780142784,0.05709267035126686,0.4195250868797302,0.017980873584747314,0.03983127325773239,0.6428019404411316,0.014794346876442432,0.028136080130934715,0.7810218930244446
Polyrhachis_dives_CASENT0878093_processed.obj,Stage_1_default,0.006732251960784197,0.08262361586093903,0.027425965294241905,0.05519764870405197,0.1599542796611786,0.3332381248474121,0.024251654744148254,0.02696666680276394,0.022033333778381348,0.11956430226564407,0.1531333327293396,0.09806666523218155,0.3343510329723358,0.4761333465576172,0.2576333284378052,0.7113319039344788,0.8790333271026611,0.5973666906356812,0.7830007076263428,0.14433333277702332,1.0,0.0,1.0,1.0,0.0,1.0,2.16050146661928e-08,0.0,0.7904741764068604,0.29659023880958557,0.0,0.0,0.0,0.021215232089161873,0.07028347253799438,0.021461455151438713,0.0,0.033539481461048126,0.07820654660463333,0.3544061481952667,0.03259718790650368,0.0881383940577507,0.3819604218006134,0.05109356343746185,0.11375989019870758,0.1574585735797882,0.06772910058498383,0.11615277081727982,0.07124011218547821,0.020914027467370033,0.052232272922992706,0.5928406119346619,0.05480335280299187,0.1570838838815689,0.44525545835494995
Ponera_kohmoku_OKENT0105440_processed.obj,Stage_1_default,0.0030460667330771685,0.05541907250881195,0.020847272127866745,0.034571800380945206,0.09745071828365326,0.25376421213150024,0.05679720267653465,0.06199999898672104,0.052400000393390656,0.21687009930610657,0.2668333351612091,0.18266667425632477,0.48965203762054443,0.6141999959945679,0.40709999203681946,0.8650193810462952,0.9369666576385498,0.8033333420753479,0.7218829393386841,0.36453333497047424,1.0,0.0,1.0,1.0,0.0,1.0,2.3382602520882756e-08,0.0,0.8140935301780701,0.35976919531822205,0.0,0.0,0.0,0.012258750386536121,0.02979576401412487,0.01258152537047863,0.0,0.024229852482676506,0.06303592771291733,0.5478927493095398,0.018755558878183365,0.0451774038374424,0.6364473104476929,0.014051554724574089,0.03907179459929466,0.8121547102928162,0.012435133568942547,0.025491517037153244,0.8601583242416382,0.022115616127848625,0.0604223906993866,0.597733736038208,0.028904786333441734,0.14967787265777588,0.6934306621551514
Ponera_tamon_OKENT0105154_processed.obj,Stage_1_default,0.0013170735910534859,0.04002637788653374,0.015949709340929985,0.024076668545603752,0.06416665762662888,0.1277560442686081,0.08202904462814331,0.0903666689991951,0.07509999722242355,0.28408464789390564,0.35013332962989807,0.23900000751018524,0.6225430369377136,0.7457000017166138,0.5343000292778015,0.935758650302887,0.9803667068481445,0.8950333595275879,0.7413350939750671,0.28966668248176575,1.0,0.0,1.0,1.0,0.0,1.0,3.0935957795463764e-08,0.0,0.8200231790542603,0.3941585421562195,0.0,0.0,0.0,0.03321447968482971,0.057408466935157776,0.03381265327334404,0.0,0.01508523803204298,0.03518261760473251,0.7743295431137085,0.012236823327839375,0.02199460379779339,0.9088817238807678,0.016045590862631798,0.05238300934433937,0.7983425855636597,0.014427096582949162,0.03251952305436134,0.7467018961906433,0.019571784883737564,0.046768683940172195,0.5949008464813232,0.017198650166392326,0.05842481181025505,0.7201946377754211
Pseudolasius_sp._CASENT0878065_processed.obj,Stage_1_default,0.007155421189963818,0.08681347966194153,0.030325211584568024,0.056488268077373505,0.15754562616348267,0.35470718145370483,0.025940382853150368,0.028599999845027924,0.023733332753181458,0.11820191144943237,0.15479999780654907,0.09560000151395798,0.2933555245399475,0.41813334822654724,0.22593334317207336,0.6858446598052979,0.8562666773796082,0.5720000267028809,0.7545527219772339,0.21416667103767395,1.0,0.0,1.0,1.0,0.0,1.0,2.3210672495110884e-08,0.0,0.7910347580909729,0.21095263957977295,0.0,0.0,0.0,0.0778280720114708,0.1282092183828354,0.0757627859711647,0.0,0.028049888089299202,0.07212155312299728,0.45862069725990295,0.03242207691073418,0.061976443976163864,0.2770363688468933,0.030265143141150475,0.1149924173951149,0.5359116196632385,0.023999324068427086,0.05009287968277931,0.448548823595047,0.03811240196228027,0.14397315680980682,0.40432655811309814,0.03458752483129501,0.06920942664146423,0.2530413568019867
Pseudomyrmex_cf.solis_CASENT0744065_processed.obj,Stage_1_default,0.0014220555312931538,0.03908030688762665,0.01499616727232933,0.024084139615297318,0.06762578338384628,0.1719127595424652,0.11086729168891907,0.12040000408887863,0.10273333638906479,0.35928454995155334,0.4343000054359436,0.3063666820526123,0.6366515755653381,0.7511667013168335,0.5524333119392395,0.9363792538642883,0.98253333568573,0.8943666815757751,0.7714436054229736,0.2100333422422409,1.0,0.0,1.0,1.0,0.0,1.0,2.7124286816615495e-08,0.0,0.8078367114067078,0.3854714334011078,0.0,0.0,0.0,0.01138926763087511,0.02607235684990883,0.011876811273396015,0.0,0.01460685022175312,0.03517598286271095,0.7432950139045715,0.01318602915853262,0.027675705030560493,0.7975149750709534,0.028138019144535065,0.061252444982528687,0.41436466574668884,0.015490458346903324,0.028556475415825844,0.7335092425346375,0.019752195104956627,0.05845474451780319,0.6417718529701233,0.016919909045100212,0.035524800419807434,0.6763989925384521
Solenopsis_invicta_CASENT0744384_processed.obj,Stage_1_default,0.005904997233301401,0.08208002150058746,0.026099272072315216,0.05598074570298195,0.13513436913490295,0.2713177800178528,0.029518019407987595,0.03363333269953728,0.02630000002682209,0.1180848702788353,0.1785999983549118,0.08820000290870667,0.28262537717819214,0.4902999997138977,0.1985333412885666,0.6564421653747559,0.8895666599273682,0.5201333165168762,0.6084738373756409,0.4490666687488556,1.0,0.0,1.0,1.0,0.0,1.0,2.3557447548228083e-08,0.0,0.7564879059791565,0.2583157420158386,0.0,0.0,0.0,0.08370178192853928,0.18641297519207,0.09562952816486359,0.0,0.025422491133213043,0.062145404517650604,0.5053640007972717,0.03061300702393055,0.07420063763856888,0.38794293999671936,0.028824128210544586,0.06869342923164368,0.4116022288799286,0.03544364869594574,0.06743606179952621,0.25329816341400146,0.028684809803962708,0.07368256151676178,0.44913727045059204,0.02878059819340706,0.08454903215169907,0.4768856465816498
Stigmatomma_FHG02_CASENT0745561_processed.obj,Stage_1_default,0.005169541575014591,0.07526175677776337,0.02589583769440651,0.04936591908335686,0.12505781650543213,0.3349505364894867,0.038535960018634796,0.04286666586995125,0.03500000014901161,0.15446637570858002,0.2070000022649765,0.12319999933242798,0.3665666878223419,0.5245000123977661,0.28173333406448364,0.7070270776748657,0.867900013923645,0.5964666604995728,0.6996131539344788,0.2544666826725006,1.0,0.0,1.0,1.0,0.0,1.0,2.4000389231559893e-08,0.0,0.747643232345581,0.25817111134529114,0.0,0.0,0.0,0.02274220436811447,0.03884971886873245,0.02295222133398056,0.0,0.0314277745783329,0.08303007483482361,0.4528735876083374,0.032192084938287735,0.07797693461179733,0.4109525978565216,0.018541738390922546,0.05424366891384125,0.6878453493118286,0.036889977753162384,0.08083392679691315,0.28496044874191284,0.021473580971360207,0.056946832686662674,0.6026268601417542,0.021036894991993904,0.07104343920946121,0.6204379796981812
Strumigenys_alberti_CASENT0878103_processed.obj,Stage_1_default,0.006464875303208828,0.08259791880846024,0.02806304208934307,0.054534878581762314,0.15099996328353882,0.31133368611335754,0.029873155057430267,0.03293333202600479,0.0273333340883255,0.13144350051879883,0.17216667532920837,0.1063000038266182,0.3194771409034729,0.46619999408721924,0.24300000071525574,0.6977492570877075,0.8680000305175781,0.5833333134651184,0.7073965072631836,0.24633333086967468,1.0,0.0,1.0,1.0,0.0,1.0,2.4364650741404148e-08,0.0,0.7804933190345764,0.2628156244754791,0.0,0.0,0.0,0.030438529327511787,0.06384453177452087,0.031170420348644257,0.0,0.025493329390883446,0.06492794305086136,0.49770116806030273,0.035455793142318726,0.07996392250061035,0.3212149143218994,0.026489222422242165,0.04671977832913399,0.33701658248901367,0.018226126208901405,0.043301455676555634,0.6543536186218262,0.02448701672255993,0.0620710588991642,0.5565284490585327,0.04413733631372452,0.15698449313640594,0.4002433121204376
Strumigenys_canina_OKENT0105288_processed.obj,Stage_1_default,0.004120600875467062,0.06384609639644623,0.0194589514285326,0.04438714683055878,0.12014997750520706,0.36535245180130005,0.04870664328336716,0.055766668170690536,0.04323333501815796,0.1932610422372818,0.26053333282470703,0.15360000729560852,0.4495195746421814,0.6328999996185303,0.3485333323478699,0.7843533158302307,0.9624000191688538,0.661899983882904,0.7559842467308044,0.296833336353302,1.0,0.0,1.0,1.0,0.0,1.0,2.6719229495597574e-08,0.0,0.7992653846740723,0.333397775888443,0.0,0.0,0.0,0.0068892319686710835,0.014059077948331833,0.0074010142125189304,0.0,0.018811466172337532,0.04213087633252144,0.6467432975769043,0.022283248603343964,0.04681143909692764,0.497008740901947,0.020261548459529877,0.037308093160390854,0.5580110549926758,0.03547851741313934,0.0703243538737297,0.38522428274154663,0.021185491234064102,0.05430423095822334,0.6031419038772583,0.04695025831460953,0.17868812382221222,0.485401451587677
Strumigenys_crassicornis_CASENT0744273_processed.obj,Stage_1_default,0.006228960119187832,0.08359463512897491,0.029566016048192978,0.054028622806072235,0.14509309828281403,0.3428007960319519,0.023037100210785866,0.024766666814684868,0.021533332765102386,0.10767249763011932,0.1353333294391632,0.08940000087022781,0.3029513359069824,0.4247666597366333,0.23543334007263184,0.6818393468856812,0.8448333144187927,0.5715667009353638,0.7060390114784241,0.24213333427906036,1.0,0.0,1.0,1.0,0.0,1.0,2.559439948868203e-08,0.0,0.8006436824798584,0.2926233410835266,0.0,0.0,0.0,0.02364419959485531,0.0725029781460762,0.02572089433670044,0.0,0.030191263183951378,0.07918437570333481,0.4168582558631897,0.032989658415317535,0.07529617100954056,0.3663138449192047,0.035855017602443695,0.07046252489089966,0.3342541456222534,0.0173217561095953,0.040865954011678696,0.7124010920524597,0.03143257275223732,0.08251305669546127,0.41643059253692627,0.020345641300082207,0.05621273070573807,0.6922141313552856
Strumigenys_sp._appretiata_group_CASENT0744156_processed.obj,Stage_1_default,0.0026444110553711653,0.0572943314909935,0.021981114521622658,0.03531321510672569,0.08529999852180481,0.20029930770397186,0.045296940952539444,0.050599999725818634,0.04100000113248825,0.17329934239387512,0.22513332962989807,0.14086666703224182,0.418242484331131,0.5513666868209839,0.336899995803833,0.8353595733642578,0.9394000172615051,0.7520666718482971,0.7356181144714355,0.26776668429374695,1.0,0.0,1.0,1.0,0.0,1.0,2.4288889122203727e-08,0.0,0.8049728274345398,0.326738566160202,0.0,0.0,0.0,0.016532406210899353,0.05896657705307007,0.016391457989811897,0.0,0.025169238448143005,0.06050214171409607,0.4885057508945465,0.025403562933206558,0.050170138478279114,0.3810400366783142,0.012588901445269585,0.026087043806910515,0.861878514289856,0.017817679792642593,0.03319256007671356,0.6385224461555481,0.021939679980278015,0.07690594345331192,0.6482101678848267,0.04535815119743347,0.1312875598669052,0.3479318618774414
Strumigenys_stenorhina_OKENT0105268_processed.obj,Stage_1_default,0.0009916501585394144,0.03160444647073746,0.013448197394609451,0.018156250938773155,0.050661031156778336,0.17483405768871307,0.16753990948200226,0.17643333971500397,0.15950000286102295,0.45450159907341003,0.4878333508968353,0.42543333768844604,0.7446178197860718,0.7915999889373779,0.7028999924659729,0.9696735739707947,0.9927999973297119,0.9476000070571899,0.7699369788169861,0.27496665716171265,1.0,0.0,1.0,1.0,0.0,1.0,2.408489763183752e-08,0.0,0.7935265898704529,0.33980223536491394,0.0,0.0,0.0,0.014133530668914318,0.05239963158965111,0.01465744897723198,0.0,0.012514198198914528,0.033492278307676315,0.8394635915756226,0.02024376206099987,0.040564727038145065,0.5370455384254456,0.01344175823032856,0.04373793303966522,0.8093922734260559,0.013585010543465614,0.037526194006204605,0.7968338131904602,0.010923159308731556,0.026754193007946014,0.8895184397697449,0.018796291202306747,0.05369644612073898,0.6508515477180481
Syllophopsis_sechellensis_OKENT0105212_processed.obj,Stage_1_default,0.0016044421354308724,0.03829153627157211,0.01490405760705471,0.023387478664517403,0.09007371962070465,0.17554813623428345,0.13288919627666473,0.14069999754428864,0.125900000333786,0.3950480818748474,0.445333331823349,0.3549666702747345,0.6975046396255493,0.7771999835968018,0.6326333284378052,0.9307717680931091,0.97243332862854,0.8925333619117737,0.7614404559135437,0.17786666750907898,1.0,0.0,1.0,1.0,0.0,1.0,2.908840990301087e-08,0.0,0.8236689567565918,0.3841041624546051,0.0,0.0,0.0,0.05711084604263306,0.10986131429672241,0.058072321116924286,0.0,0.013247616589069366,0.033552385866642,0.8034483194351196,0.012538128532469273,0.027374926954507828,0.8554993271827698,0.025623219087719917,0.07992884516716003,0.5662983655929565,0.013367281295359135,0.03168131783604622,0.8100264072418213,0.01738298498094082,0.05268057435750961,0.7074427008628845,0.032640665769577026,0.08821173757314682,0.5036496520042419
Temnothorax_congruus_OKENT0105443_processed.obj,Stage_1_default,0.0013125129044055939,0.03879988566040993,0.015170798636972904,0.023629087954759598,0.059282489120960236,0.1531541496515274,0.08608946949243546,0.09560000151395798,0.07829999923706055,0.3038821220397949,0.3879333436489105,0.24976666271686554,0.6314798593521118,0.7677333354949951,0.536300003528595,0.9524006843566895,0.9834333658218384,0.9232666492462158,0.7420153021812439,0.28173333406448364,1.0,0.0,1.0,1.0,0.0,1.0,2.4959122768564157e-08,0.0,0.832975447177887,0.3876325190067291,0.0,0.0,0.0,0.022449014708399773,0.042476803064346313,0.023065021261572838,0.0,0.01550411805510521,0.03534136340022087,0.7065134048461914,0.013867679983377457,0.025162944570183754,0.8186838626861572,0.01785433292388916,0.0444113053381443,0.6685082912445068,0.012410524301230907,0.029797503724694252,0.8364116549491882,0.01984371617436409,0.056809667497873306,0.6747360229492188,0.03318645432591438,0.09464552253484726,0.485401451587677
Temnothorax_sp._OKENT0105336_processed.obj,Stage_1_default,0.0022668475285172462,0.05293569713830948,0.019667496904730797,0.03326820209622383,0.08269545435905457,0.18040220439434052,0.04389948770403862,0.049933332949876785,0.03916666656732559,0.18335095047950745,0.25353333353996277,0.1436000019311905,0.43472182750701904,0.6133666634559631,0.33666667342185974,0.878934919834137,0.9667666554450989,0.805733323097229,0.7185243368148804,0.4344666600227356,1.0,0.0,1.0,1.0,0.0,1.0,2.5909114853561732e-08,0.0,0.8167719841003418,0.37688779830932617,0.0,0.0,0.0,0.012926927767693996,0.02289409004151821,0.013130532577633858,0.0,0.02061227336525917,0.051314037293195724,0.6045976877212524,0.023961776867508888,0.04090422764420509,0.3824206292629242,0.013933648355305195,0.03175605833530426,0.8011050224304199,0.019126228988170624,0.04207418113946915,0.6147757768630981,0.017835594713687897,0.04518618434667587,0.6979140043258667,0.016110319644212723,0.04589379206299782,0.812652051448822
Tetramorium_kraepelini_CASENT0744084_processed.obj,Stage_1_default,0.0036267656832933426,0.06209851801395416,0.019808094948530197,0.042290423065423965,0.11395406723022461,0.2177439033985138,0.04491225630044937,0.05169999971985817,0.03970000147819519,0.1745600700378418,0.24770000576972961,0.13476666808128357,0.4188339412212372,0.621399998664856,0.3158666789531708,0.806023359298706,0.9630333185195923,0.6930333375930786,0.6932963728904724,0.38866665959358215,1.0,0.0,1.0,1.0,0.0,1.0,2.249963593214943e-08,0.0,0.8176324367523193,0.32563161849975586,0.0,0.0,0.0,0.023260580375790596,0.049574341624975204,0.02422531507909298,0.0,0.01824229210615158,0.03874006122350693,0.6279693841934204,0.02343442663550377,0.05355417728424072,0.5126553177833557,0.026604270562529564,0.05994000658392906,0.48895028233528137,0.02231668122112751,0.048391278833150864,0.5171504020690918,0.020923219621181488,0.053605638444423676,0.5941282510757446,0.0490269809961319,0.13239826261997223,0.3540146052837372
Acanthostichus_aff.brevicornis_CASENT0744328_processed.obj,Stage_2_deform_coarse,0.0004851867852266878,0.025178559124469757,0.011230182833969593,0.01394837535917759,0.03334924206137657,0.12672124803066254,0.12632758915424347,0.1326666623353958,0.12056666612625122,0.5070384740829468,0.5656999945640564,0.4593999981880188,0.8325313925743103,0.8969666957855225,0.7767333388328552,0.9937154054641724,0.9948333501815796,0.9926000237464905,0.8270965218544006,0.08753333240747452,1.0468652248382568,0.20113970339298248,1.3775216341018677,0.7821311354637146,0.14049042761325836,1.1161338090896606,0.22145256400108337,0.0,0.828620970249176,0.3974510431289673,0.04043417051434517,0.10716114193201065,0.17697112262248993,0.027005696669220924,0.062163569033145905,0.026979517191648483,-0.0009431969374418259,0.010824102908372879,0.02354816533625126,0.9130268692970276,0.007821218110620975,0.01587899588048458,0.9723884463310242,0.012558083981275558,0.022212693467736244,0.8784530758857727,0.014009292237460613,0.02902310900390148,0.8021108508110046,0.01277243159711361,0.0307740718126297,0.8459953665733337,0.029366830363869667,0.09911967068910599,0.5839415788650513
Acromyrmex_coronatus_CASENT0744365_processed.obj,Stage_2_deform_coarse,0.0017384856473654509,0.042000263929367065,0.01630426198244095,0.025696003809571266,0.07826706767082214,0.22252562642097473,0.0810345709323883,0.08803333342075348,0.07506667077541351,0.3197304904460907,0.38503333926200867,0.27336665987968445,0.6530174016952515,0.7675999999046326,0.5681999921798706,0.9158264398574829,0.9595666527748108,0.8759000301361084,0.7099644541740417,0.20016667246818542,1.0747356414794922,0.32263851165771484,1.5199891328811646,0.7089032530784607,0.1749192476272583,1.1960124969482422,0.28843849897384644,0.0,0.7920429706573486,0.2973939776420593,0.05286075174808502,0.11366584151983261,0.22697944939136505,0.07207474112510681,0.14597690105438232,0.08359631150960922,0.003344915807247162,0.014261174015700817,0.036891497671604156,0.81954026222229,0.014761604368686676,0.03516022115945816,0.7772664427757263,0.01714841090142727,0.07925035804510117,0.8121547102928162,0.012241361662745476,0.022356489673256874,0.8997361660003662,0.016680479049682617,0.04560557007789612,0.7522534132003784,0.020670833066105843,0.06906981021165848,0.7287104725837708
Acromyrmex_lobicornis_CASENT0878007_processed.obj,Stage_2_deform_coarse,0.0021865235175937414,0.053568631410598755,0.021362628787755966,0.03220600262284279,0.07588715106248856,0.2246147096157074,0.03146432340145111,0.034433335065841675,0.028966667130589485,0.14162133634090424,0.17706666886806488,0.11800000071525574,0.4156436622142792,0.5439000129699707,0.33633333444595337,0.8928576707839966,0.9693333506584167,0.8275666832923889,0.7552821636199951,0.14996667206287384,1.0867165327072144,0.32582592964172363,1.6565124988555908,0.7191668152809143,0.198636993765831,1.279252529144287,0.36452075839042664,0.0,0.8228834271430969,0.357034295797348,0.06224336475133896,0.12109772861003876,0.20378617942333221,0.04469222575426102,0.10439769178628922,0.04666022211313248,-0.001180596649646759,0.019522476941347122,0.03965877741575241,0.5992337465286255,0.025123614817857742,0.04725230112671852,0.37505751848220825,0.011019838973879814,0.027315903455018997,0.8922652006149292,0.014150789007544518,0.024003541097044945,0.8284960985183716,0.021677324548363686,0.054693736135959625,0.5825392603874207,0.03303683176636696,0.11330681294202805,0.38686132431030273
Anochetus_risii_CASENT0877608_processed.obj,Stage_2_deform_coarse,0.0006539659225381911,0.02660929411649704,0.010768280364573002,0.015841012820601463,0.045975036919116974,0.12398355454206467,0.15843500196933746,0.1725333333015442,0.1464666724205017,0.5272470116615295,0.6143666505813599,0.46176666021347046,0.8230136036872864,0.9113333225250244,0.7502999901771545,0.976121187210083,0.9901333451271057,0.9625000357627869,0.8132521510124207,0.10509999841451645,1.0375934839248657,0.2102658450603485,1.3717713356018066,0.7732447981834412,0.13179145753383636,1.1055904626846313,0.21243323385715485,0.0,0.818702757358551,0.3500046730041504,0.04355598986148834,0.0818084329366684,0.14131982624530792,0.014904448762536049,0.0367930568754673,0.015169364400207996,0.0017090700566768646,0.008489500731229782,0.01858089305460453,0.9601532816886902,0.010886871255934238,0.02285735122859478,0.9144040942192078,0.008459662087261677,0.018635215237736702,0.9668508768081665,0.011972451582551003,0.02518027275800705,0.873350977897644,0.01365701574832201,0.03826530650258064,0.8274530172348022,0.017413489520549774,0.05674358829855919,0.7396593689918518
Anochetus_risii_CASENT0877609_processed.obj,Stage_2_deform_coarse,0.0028686802834272385,0.057676006108522415,0.018481135368347168,0.03919487074017525,0.09563169628381729,0.2450697124004364,0.03362524136900902,0.037166666239500046,0.030700000002980232,0.15329690277576447,0.20303334295749664,0.1231333315372467,0.44666993618011475,0.6610000133514404,0.33730000257492065,0.8170333504676819,0.9825666546821594,0.69923335313797,0.7754560112953186,0.21183334290981293,1.0950740575790405,0.3476381003856659,1.6284334659576416,0.6771298050880432,0.21698884665966034,1.3314634561538696,0.38874852657318115,0.0,0.7812050580978394,0.2508182227611542,0.07923252880573273,0.16836552321910858,0.23654846847057343,0.06216366961598396,0.20827902853488922,0.06709456443786621,0.0020914971828460693,0.019082460552453995,0.038402166217565536,0.6122605204582214,0.017188474535942078,0.0409349724650383,0.698113203048706,0.013203094713389874,0.023173434659838676,0.8314917683601379,0.017532259225845337,0.03287244215607643,0.664907693862915,0.023737667128443718,0.06349170207977295,0.5356683135032654,0.02457895688712597,0.049824412912130356,0.44647201895713806
Aphaenogaster_pallida_CASENT0745235_processed.obj,Stage_2_deform_coarse,0.0008216563728637993,0.030550718307495117,0.012363073416054249,0.018187645822763443,0.05466746911406517,0.14361904561519623,0.056544408202171326,0.060466665774583817,0.05310000106692314,0.3269370198249817,0.3724000155925751,0.29136666655540466,0.8369783163070679,0.9264000058174133,0.7633000016212463,0.9678288102149963,0.9952999949455261,0.9418333172798157,0.8655241131782532,0.07490000128746033,1.0546916723251343,0.272693932056427,1.4652737379074097,0.7931238412857056,0.1386469304561615,1.174932599067688,0.24033580720424652,0.0,0.8311252593994141,0.35784712433815,0.04690980166196823,0.09705357253551483,0.25959843397140503,0.01491953618824482,0.04593730345368385,0.014517872594296932,-0.0017174184322357178,0.011308621615171432,0.020662760362029076,0.9402298927307129,0.012036629021167755,0.01991560496389866,0.9516797065734863,0.011738178320229053,0.020386414602398872,0.9392265677452087,0.013559114187955856,0.027618587017059326,0.8284960985183716,0.01235603541135788,0.025991560891270638,0.871748685836792,0.02668074145913124,0.09320773929357529,0.658150851726532
Atopomyrmex_mocquerysi_CASENT0744784_processed.obj,Stage_2_deform_coarse,0.00041585182771086693,0.02102852240204811,0.009162922389805317,0.01186559908092022,0.034342460334300995,0.09797301888465881,0.28288891911506653,0.30036666989326477,0.26733332872390747,0.6528355479240417,0.7059333324432373,0.6071666479110718,0.8820981383323669,0.9232000112533569,0.8445000052452087,0.9882301092147827,0.9955333471298218,0.9810333251953125,0.7844051122665405,0.2358333319425583,1.144870638847351,0.3855135142803192,1.8227778673171997,0.7861967086791992,0.1915932297706604,1.3862144947052002,0.337213933467865,0.0,0.83098965883255,0.40068578720092773,0.05302811786532402,0.10828591138124466,0.1394941210746765,0.028453050181269646,0.07186766713857651,0.029119376093149185,0.001892009750008583,0.008912947028875351,0.02454608865082264,0.9134100079536438,0.007070631720125675,0.017654579132795334,0.9664059281349182,0.008208016864955425,0.020830217748880386,0.9364641308784485,0.009006796404719353,0.01696331612765789,0.97625333070755,0.010520084761083126,0.02429768070578575,0.9013649225234985,0.008726785890758038,0.02303064614534378,0.941605806350708
Carebara_trechideros_CASENT0877591_processed.obj,Stage_2_deform_coarse,0.0006403274601325393,0.02411208488047123,0.01020442321896553,0.0139076616615057,0.03879998251795769,0.1537592113018036,0.2458348423242569,0.2614666819572449,0.23196667432785034,0.6098107099533081,0.6737333536148071,0.5569666624069214,0.8457503914833069,0.9037666916847229,0.7947333455085754,0.9820871949195862,0.9888666868209839,0.9754000306129456,0.7671957612037659,0.24899999797344208,1.147255301475525,0.3794492483139038,1.8380930423736572,0.7217790484428406,0.21853581070899963,1.484185814857483,0.39862728118896484,0.0,0.8051728010177612,0.3561252951622009,0.06658067554235458,0.13546167314052582,0.1808265596628189,0.04107886180281639,0.09284737706184387,0.044462651014328,0.01283980906009674,0.009204363450407982,0.025189967826008797,0.9049808382987976,0.007879253476858139,0.018614118918776512,0.9567418694496155,0.009492682293057442,0.02203468047082424,0.930939257144928,0.008735588751733303,0.021881934255361557,0.9261214137077332,0.014320104382932186,0.04487825557589531,0.8516610860824585,0.018996089696884155,0.0677032545208931,0.6958637237548828
Centromyrmex_brachycola_CASENT0744052_processed.obj,Stage_2_deform_coarse,0.0007311896188184619,0.030739884823560715,0.01253978256136179,0.01820010133087635,0.045830998569726944,0.13191615045070648,0.0840395987033844,0.09206666797399521,0.07729999721050262,0.3747231364250183,0.4539666771888733,0.31903332471847534,0.7565025687217712,0.8790667057037354,0.6639333367347717,0.9805737137794495,0.9939000010490417,0.9675999879837036,0.8119874000549316,0.18890000879764557,1.0379579067230225,0.1869497001171112,1.3566906452178955,0.7980101108551025,0.12385638058185577,1.1004538536071777,0.20214854180812836,0.0,0.8356044292449951,0.38338136672973633,0.044499486684799194,0.08901453763246536,0.1514895260334015,0.016812559217214584,0.05093473941087723,0.017296502366662025,0.003920173272490501,0.012525162659585476,0.026040509343147278,0.8712643980979919,0.010157071053981781,0.019191449508070946,0.9572020173072815,0.012414244934916496,0.02726876176893711,0.8701657652854919,0.011155345477163792,0.021833064034581184,0.9208443760871887,0.014693820849061012,0.03845466300845146,0.8112284541130066,0.016120577231049538,0.06520693004131317,0.871046245098114
Cephalotes_minutus_CASENT0709253_processed.obj,Stage_2_deform_coarse,0.000618013262283057,0.029578562825918198,0.012806953862309456,0.016771608963608742,0.039144765585660934,0.1021857038140297,0.06933170557022095,0.07463333755731583,0.06473333388566971,0.34432321786880493,0.4023333489894867,0.3009333312511444,0.7769994735717773,0.8608999848365784,0.7080000042915344,0.9891573786735535,0.9979000091552734,0.980566680431366,0.8157309293746948,0.1993333399295807,1.0488736629486084,0.17725509405136108,1.3370659351348877,0.8414205312728882,0.11006621271371841,1.105875015258789,0.18147969245910645,0.0,0.8483298420906067,0.3963411748409271,0.0304136760532856,0.077661894261837,0.16963377594947815,0.033083539456129074,0.07635992765426636,0.031285610049963,0.0027929265052080154,0.01170662883669138,0.02282307669520378,0.9130268692970276,0.01400452945381403,0.030940497294068336,0.8292682766914368,0.008219840936362743,0.018004534766077995,0.9585635662078857,0.012840420007705688,0.027076438069343567,0.7994723320007324,0.012645146809518337,0.02685098722577095,0.8411022424697876,0.013871735893189907,0.047748107463121414,0.798053503036499
Cephalotes_simillimus_CASENT0744408_processed.obj,Stage_2_deform_coarse,0.0019147415878251195,0.05072367936372757,0.01944022998213768,0.03128344938158989,0.07131224870681763,0.12750917673110962,0.032924626022577286,0.036000002175569534,0.03033333458006382,0.14010465145111084,0.17740000784397125,0.11576666682958603,0.47040897607803345,0.6446000337600708,0.37033334374427795,0.8925654888153076,0.972000002861023,0.8251333236694336,0.7705379128456116,0.28593334555625916,1.0337613821029663,0.19213050603866577,1.338169813156128,0.7829311490058899,0.13042709231376648,1.0751147270202637,0.21390093863010406,0.0,0.833499014377594,0.37896108627319336,0.04655611515045166,0.09757476300001144,0.17845050990581512,0.04927639290690422,0.10375567525625229,0.05102438107132912,0.0007140301167964935,0.01565450243651867,0.031063571572303772,0.7750958204269409,0.024973319843411446,0.05285961553454399,0.4219972491264343,0.013450711034238338,0.03430946171283722,0.8204420208930969,0.018918216228485107,0.037181951105594635,0.6015831232070923,0.016549093648791313,0.03563128411769867,0.7257275581359863,0.013869292102754116,0.029126394540071487,0.7822384238243103
Cephalotes_spinosus_CASENT0744158_processed.obj,Stage_2_deform_coarse,0.0009335807990282774,0.035230085253715515,0.014317029155790806,0.020913057029247284,0.051337577402591705,0.15454035997390747,0.052904628217220306,0.05703333392739296,0.04933333396911621,0.2675798535346985,0.31006667017936707,0.23533333837985992,0.6938594579696655,0.8125333189964294,0.6054333448410034,0.9699202179908752,0.9979000091552734,0.9434666633605957,0.8104089498519897,0.17676666378974915,1.0483602285385132,0.16794916987419128,1.3381414413452148,0.8197506666183472,0.12120479345321655,1.1057920455932617,0.19625933468341827,0.0,0.848114013671875,0.4058837592601776,0.03616282343864441,0.07149194926023483,0.12989231944084167,0.028727978467941284,0.05209075286984444,0.027738144621253014,-0.0007099006325006485,0.015487388707697392,0.031086932867765427,0.7954022884368896,0.015299130231142044,0.034822728484869,0.8090198040008545,0.007840084843337536,0.019217312335968018,0.9530386924743652,0.0132973063737154,0.030522054061293602,0.8205804824829102,0.012106000445783138,0.02609492838382721,0.8699459433555603,0.012363401241600513,0.035271938890218735,0.8491483926773071
Crematogaster_nawai_OKENT0105046_processed.obj,Stage_2_deform_coarse,0.0012844091979786754,0.03865591064095497,0.014768176712095737,0.02388773299753666,0.060039326548576355,0.18953368067741394,0.06797962635755539,0.07583333551883698,0.06159999966621399,0.26652389764785767,0.33863332867622375,0.2197333425283432,0.6312438249588013,0.7875666618347168,0.5267000198364258,0.9528370499610901,0.991433322429657,0.9171333312988281,0.7236809730529785,0.4140999913215637,1.0454553365707397,0.25032392144203186,1.4355061054229736,0.7408874034881592,0.15475106239318848,1.1470024585723877,0.2627515494823456,0.0,0.82949298620224,0.3586162328720093,0.04307879880070686,0.09374070167541504,0.14801181852817535,0.04718920961022377,0.13718213140964508,0.052100349217653275,-0.003294706344604492,0.012949776835739613,0.026345331221818924,0.8494253158569336,0.018165552988648415,0.03274461627006531,0.618499755859375,0.012830201536417007,0.023896576836705208,0.9060773849487305,0.011915240436792374,0.020007045939564705,0.9498680830001831,0.013870844617486,0.03166315332055092,0.8408447504043579,0.012637783773243427,0.034106750041246414,0.8771289587020874
Cryptopone_sauteri_CASENT0743771_processed.obj,Stage_2_deform_coarse,0.0014698900049552321,0.041879523545503616,0.015913670882582664,0.025965852662920952,0.07141520082950592,0.12371410429477692,0.055865876376628876,0.06053333356976509,0.05186666548252106,0.24120822548866272,0.29536667466163635,0.20383334159851074,0.6248029470443726,0.7616666555404663,0.5296333432197571,0.9198765754699707,0.9835667014122009,0.8639333248138428,0.7823153138160706,0.2690666615962982,1.038470983505249,0.2003636360168457,1.356626033782959,0.7803963422775269,0.13326451182365417,1.090315341949463,0.21485373377799988,0.0,0.8233265280723572,0.3725326955318451,0.03998341038823128,0.07874878495931625,0.1376260221004486,0.021631520241498947,0.059474680572748184,0.02131064422428608,-0.0029792319983243942,0.014737206511199474,0.03111521154642105,0.8045977354049683,0.020538996905088425,0.047924432903528214,0.5545328855514526,0.022029351443052292,0.067558653652668,0.6685082912445068,0.018676649779081345,0.03450336307287216,0.5883905291557312,0.01132875680923462,0.024064412340521812,0.9072881937026978,0.01575283892452717,0.06481841206550598,0.8321167826652527
Cyphoidris_afrc-tz01_CASENT0744810_processed.obj,Stage_2_deform_coarse,0.007872501388192177,0.09536827355623245,0.025937410071492195,0.0694308653473854,0.14971812069416046,0.2906773090362549,0.021494640037417412,0.02419999986886978,0.019333332777023315,0.09252260625362396,0.1399666666984558,0.06909999996423721,0.22996892035007477,0.468666672706604,0.15236666798591614,0.5490979552268982,0.915233314037323,0.3921999931335449,0.718046247959137,0.3761666715145111,1.0877187252044678,0.3979833722114563,1.6853805780410767,0.6653128862380981,0.21287167072296143,1.3177355527877808,0.37030723690986633,0.0,0.7721315026283264,0.22933687269687653,0.08164985477924347,0.17097382247447968,0.2702379822731018,0.04241179674863815,0.1308920532464981,0.04428727179765701,0.003942254930734634,0.019641852006316185,0.04388422518968582,0.6344828009605408,0.03226885572075844,0.06126413121819496,0.28531983494758606,0.022003818303346634,0.04449067264795303,0.480663001537323,0.03143893927335739,0.06151983141899109,0.34036940336227417,0.02319551259279251,0.04650011658668518,0.45969611406326294,0.03277348726987839,0.07711981236934662,0.42335766553878784
Cyphomyrmex_cf.minutus_CASENT0744280_processed.obj,Stage_2_deform_coarse,0.008314610458910465,0.09936056286096573,0.029841825366020203,0.06951873749494553,0.15978147089481354,0.2909694015979767,0.01435116771608591,0.016066666692495346,0.012966666370630264,0.07260668277740479,0.10436666756868362,0.055666666477918625,0.20664218068122864,0.40113332867622375,0.1391666680574417,0.5484369993209839,0.8637666702270508,0.40176665782928467,0.6982899904251099,0.37406668066978455,1.1131712198257446,0.44186997413635254,1.865240216255188,0.6297081708908081,0.24347227811813354,1.4344422817230225,0.45752832293510437,0.0,0.7560568451881409,0.23757387697696686,0.08000127971172333,0.19198602437973022,0.45615988969802856,0.03811274468898773,0.07987556606531143,0.040163081139326096,0.017216015607118607,0.020820409059524536,0.043469611555337906,0.5509578585624695,0.03087407723069191,0.07041715085506439,0.3824206292629242,0.024547472596168518,0.043596260249614716,0.3784530460834503,0.019415808841586113,0.03648686036467552,0.5672823190689087,0.024836381897330284,0.04991796985268593,0.4238990545272827,0.028172146528959274,0.05581360682845116,0.3929440379142761
Dilobocondyla_fouqueti_CASENT0745576_processed.obj,Stage_2_deform_coarse,0.001161579741165042,0.0389171838760376,0.015408838167786598,0.02350834757089615,0.05846730247139931,0.12189042568206787,0.054816752672195435,0.058633334934711456,0.05146666616201401,0.25529351830482483,0.3062666654586792,0.21886667609214783,0.6270327568054199,0.7662333250045776,0.5306333303451538,0.9541518092155457,0.996566653251648,0.9151999950408936,0.7888846397399902,0.1581999957561493,1.0701605081558228,0.27189767360687256,1.5101349353790283,0.7576311230659485,0.1606154590845108,1.2461720705032349,0.292327880859375,0.0,0.8352689146995544,0.3798915445804596,0.04208392649888992,0.09175080060958862,0.1622970700263977,0.022810110822319984,0.04005126282572746,0.022121915593743324,0.004012010991573334,0.014364234171807766,0.030557136982679367,0.8103448748588562,0.017648622393608093,0.03720535710453987,0.6884491443634033,0.01054150890558958,0.02740377187728882,0.8646408915519714,0.01264914870262146,0.024727188050746918,0.8100264072418213,0.013658862560987473,0.02999011240899563,0.8029873967170715,0.019343577325344086,0.05286378785967827,0.6508515477180481
Dorylus_fulvus_CASENT0745678_processed.obj,Stage_2_deform_coarse,0.0004341622698120773,0.024316947907209396,0.010602050460875034,0.013714896515011787,0.032782673835754395,0.09020418673753738,0.10273865610361099,0.11010000109672546,0.09629999846220016,0.5026517510414124,0.5612999796867371,0.45509999990463257,0.867608904838562,0.927133321762085,0.8152666687965393,0.9935457110404968,0.9997000098228455,0.9874666929244995,0.8145591020584106,0.17286667227745056,1.0569032430648804,0.19990797340869904,1.3784375190734863,0.8386445641517639,0.12112334370613098,1.1442686319351196,0.1993078887462616,0.0,0.843720018863678,0.41721755266189575,0.0314980112016201,0.06856994330883026,0.12884818017482758,0.025451863184571266,0.0562884695827961,0.025677282363176346,0.0004156138747930527,0.009610237553715706,0.01949966885149479,0.954023003578186,0.011933784931898117,0.024238968268036842,0.8982973098754883,0.010890600271522999,0.028570912778377533,0.8895028233528137,0.013142025098204613,0.026968374848365784,0.7994723320007324,0.010949533432722092,0.02317667379975319,0.9142415523529053,0.010453029535710812,0.02649492211639881,0.9233576655387878
Eciton_hamatum_CASENT0744580_processed.obj,Stage_2_deform_coarse,0.0004500367504078895,0.0223480723798275,0.009450037032365799,0.012898034416139126,0.03774010017514229,0.09186408668756485,0.24454042315483093,0.25540000200271606,0.23456667363643646,0.611801028251648,0.6727666854858398,0.5609666705131531,0.8677799105644226,0.9253333210945129,0.8169666528701782,0.9892584681510925,0.9988666772842407,0.9798333644866943,0.7132455706596375,0.29403334856033325,1.2273656129837036,0.5578742027282715,2.1814961433410645,0.6971811056137085,0.2655283808708191,1.7879586219787598,0.5166349411010742,0.0,0.8259788751602173,0.37086448073387146,0.06409420818090439,0.13055425882339478,0.19777220487594604,0.014813105575740337,0.048403698951005936,0.015514202415943146,0.004256033338606358,0.008093785494565964,0.01929217204451561,0.9586207270622253,0.009373301640152931,0.0199224092066288,0.9502991437911987,0.00925265159457922,0.022846899926662445,0.9364641308784485,0.010053549893200397,0.024047229439020157,0.9050132036209106,0.01011485606431961,0.025048639625310898,0.9075457453727722,0.011668320745229721,0.04023459553718567,0.8673965930938721
Ectatomma_brunneum_CASENT0744575_processed.obj,Stage_2_deform_coarse,0.0036062190774828196,0.06377191096544266,0.02079942263662815,0.04297248646616936,0.11009752750396729,0.2957085072994232,0.02608858048915863,0.02876666747033596,0.023866666480898857,0.12090887129306793,0.15469999611377716,0.09923333674669266,0.36932626366615295,0.5291000008583069,0.2836666703224182,0.802022397518158,0.9813666939735413,0.6780999898910522,0.7794090509414673,0.2121666669845581,1.0460411310195923,0.3265974521636963,1.5914437770843506,0.660162627696991,0.19313350319862366,1.1560447216033936,0.34661760926246643,0.0,0.7801895141601562,0.25964677333831787,0.07054310292005539,0.15736056864261627,0.2382667511701584,0.06399628520011902,0.1232612282037735,0.06747276335954666,0.010625675320625305,0.01853671483695507,0.03656819835305214,0.5984674692153931,0.024066684767603874,0.046328671276569366,0.44638749957084656,0.015466137789189816,0.03822218254208565,0.7845304012298584,0.016476616263389587,0.03305896744132042,0.6992084980010986,0.02055494859814644,0.045762110501527786,0.5827968120574951,0.02548704296350479,0.10166224837303162,0.6484184861183167
Eurhopalothrix_procera_CASENT0745605_processed.obj,Stage_2_deform_coarse,0.00254254974424839,0.05513714626431465,0.018935777246952057,0.036201369017362595,0.08596951514482498,0.2876353859901428,0.02927415259182453,0.03229999914765358,0.026766667142510414,0.12732557952404022,0.16600000858306885,0.10326667129993439,0.47457897663116455,0.6793333292007446,0.3646666705608368,0.8384373188018799,0.973300039768219,0.7364000082015991,0.7668022513389587,0.22446666657924652,1.0627319812774658,0.2645290195941925,1.4999721050262451,0.7207841277122498,0.17089268565177917,1.1565104722976685,0.27455592155456543,0.0,0.8038615584373474,0.3093934953212738,0.05944664031267166,0.1240559071302414,0.1715654879808426,0.03989759832620621,0.10521145910024643,0.045611269772052765,-9.702518582344055e-05,0.01891433633863926,0.04073972627520561,0.6869732141494751,0.02189997024834156,0.04273990914225578,0.5103543400764465,0.02107853814959526,0.0408436544239521,0.4917127192020416,0.016751587390899658,0.03489808365702629,0.6860158443450928,0.01926686055958271,0.05220596119761467,0.6644347310066223,0.017752617597579956,0.053850311785936356,0.7201946377754211
Heteroponera_panamensis_CASENT0744055_processed.obj,Stage_2_deform_coarse,0.007038742303848267,0.08928191661834717,0.0251406729221344,0.06414124369621277,0.14935152232646942,0.2901388704776764,0.01797586865723133,0.020400000736117363,0.016066666692495346,0.09091471880674362,0.13513334095478058,0.06849999725818634,0.23067320883274078,0.4654333293437958,0.15333333611488342,0.6152892708778381,0.9273666739463806,0.4603666663169861,0.7324974536895752,0.3529333472251892,1.106190800666809,0.4935961961746216,1.8656617403030396,0.622647225856781,0.2660553455352783,1.453721046447754,0.4776886999607086,0.0,0.7604228258132935,0.21929490566253662,0.10417737066745758,0.20333385467529297,0.3843526542186737,0.06476494669914246,0.13549832999706268,0.07014260441064835,-0.007474921643733978,0.023520037531852722,0.05627138912677765,0.5528735518455505,0.027848441153764725,0.05384586378931999,0.295904278755188,0.025090660899877548,0.04765183851122856,0.42541438341140747,0.026276446878910065,0.04977044835686684,0.4010554254055023,0.026406820863485336,0.05995533615350723,0.4089621603488922,0.023184150457382202,0.050964318215847015,0.5340632796287537
Labidus_praedator_CASENT0744236_processed.obj,Stage_2_deform_coarse,0.0015935036353766918,0.03490913659334183,0.0185108445584774,0.016398293897509575,0.07541616261005402,0.19017057120800018,0.25338947772979736,0.2573666572570801,0.24953334033489227,0.5368979573249817,0.5584666728973389,0.5169333219528198,0.7441645860671997,0.7566333413124084,0.7321000099182129,0.9277521371841431,0.9071000218391418,0.9493666887283325,0.669935405254364,0.3188999891281128,1.069798231124878,0.3456707000732422,1.6382293701171875,0.663267195224762,0.19500179588794708,1.2119892835617065,0.30901312828063965,0.0,0.7878380417823792,0.3365442752838135,0.06602191925048828,0.14166976511478424,0.19025272130966187,0.026547305285930634,0.06747426092624664,0.02845718152821064,0.00857921876013279,0.010045933537185192,0.033550798892974854,0.8931034803390503,0.03713641315698624,0.10608351230621338,0.3939254581928253,0.02137642167508602,0.10926345735788345,0.8342542052268982,0.011274226009845734,0.029744748026132584,0.8865435719490051,0.011056258343160152,0.028718555346131325,0.8946691155433655,0.012953346595168114,0.051315706223249435,0.8746958374977112
Labidus_praedator_CASENT0744237_processed.obj,Stage_2_deform_coarse,0.0018547880463302135,0.043368466198444366,0.019730469211935997,0.02363799698650837,0.06977753341197968,0.16808965802192688,0.054723456501960754,0.058900002390146255,0.051100000739097595,0.25708815455436707,0.30176666378974915,0.22393333911895752,0.6607183814048767,0.7471666932106018,0.592199981212616,0.9184340834617615,0.9239333271980286,0.9129999876022339,0.7162756323814392,0.1877666711807251,1.0665283203125,0.3199782073497772,1.5850718021392822,0.6839922070503235,0.1889512687921524,1.2294409275054932,0.3201930522918701,0.0,0.7998172044754028,0.2983894646167755,0.060551732778549194,0.13197387754917145,0.25285741686820984,0.03059072047472,0.09336021542549133,0.03448612987995148,0.009811723604798317,0.01753189042210579,0.05343811213970184,0.7766283750534058,0.014139479957520962,0.026900125667452812,0.8398527503013611,0.014344763942062855,0.031490880995988846,0.8011050224304199,0.01188429445028305,0.023533418774604797,0.9155673384666443,0.015421533025801182,0.03762710839509964,0.7880504727363586,0.03176332637667656,0.09094573557376862,0.5389294624328613
Lasius_nr._fuliginosus_CASENT0878037_processed.obj,Stage_2_deform_coarse,0.000498075969517231,0.024282321333885193,0.010283676907420158,0.013998644426465034,0.03515153378248215,0.14673522114753723,0.10756618529558182,0.11406666785478592,0.1017666682600975,0.5026541352272034,0.565833330154419,0.45216667652130127,0.8912851810455322,0.9523666501045227,0.8375666737556458,0.9887303113937378,0.9970999956130981,0.9804999828338623,0.8469759821891785,0.11833333224058151,1.0239577293395996,0.16740986704826355,1.2929984331130981,0.7982370853424072,0.10405287891626358,1.0599929094314575,0.16404688358306885,0.0,0.8369254469871521,0.3562091886997223,0.029383132234215736,0.07130901515483856,0.1298811435699463,0.03205268830060959,0.09694444388151169,0.03258747607469559,-0.0006661303341388702,0.008638007566332817,0.015950947999954224,0.9766283631324768,0.012017461471259594,0.022030403837561607,0.9295904636383057,0.008822237141430378,0.014202955178916454,0.9944751858711243,0.010435798205435276,0.024395974352955818,0.8865435719490051,0.01033177599310875,0.020886758342385292,0.9397373199462891,0.01742609217762947,0.07071546465158463,0.787104606628418
Lioponera_daikoku_OKENT0105067_processed.obj,Stage_2_deform_coarse,0.005455238278955221,0.07909511029720306,0.027143891900777817,0.05195121839642525,0.1332748830318451,0.23799286782741547,0.022104542702436447,0.024166667833924294,0.020366666838526726,0.10445227473974228,0.13780000805854797,0.08410000056028366,0.31648868322372437,0.4862000048160553,0.2346000075340271,0.7014851570129395,0.8899333477020264,0.5788999795913696,0.7370038628578186,0.2957000136375427,1.0866453647613525,0.4358748197555542,1.7641671895980835,0.6506078243255615,0.23794153332710266,1.3502179384231567,0.4322502315044403,0.0,0.7677831649780273,0.25468042492866516,0.0926988422870636,0.17769737541675568,0.262206107378006,0.07011433690786362,0.18052566051483154,0.07220134139060974,0.011560294777154922,0.023957902565598488,0.06655347347259521,0.6122605204582214,0.028409183025360107,0.06078296899795532,0.4077312648296356,0.03961764648556709,0.12049759179353714,0.28729283809661865,0.027432667091488838,0.048289522528648376,0.3060685992240906,0.025474747642874718,0.07305806130170822,0.5122328400611877,0.03370604291558266,0.11503248661756516,0.33090025186538696
Mayriella_sp._CASENT0745610_processed.obj,Stage_2_deform_coarse,0.003727465169504285,0.06532913446426392,0.020836446434259415,0.0444926917552948,0.10943664610385895,0.20614220201969147,0.03882036358118057,0.045233335345983505,0.03400000184774399,0.16196627914905548,0.23756666481494904,0.1228666678071022,0.37502577900886536,0.6205999851226807,0.2687000036239624,0.7660039663314819,0.942466676235199,0.6452000141143799,0.6583160161972046,0.4663666784763336,1.0460225343704224,0.24328157305717468,1.46108877658844,0.7227949500083923,0.1727190613746643,1.1081080436706543,0.29479312896728516,0.0,0.8022617101669312,0.28276270627975464,0.055253952741622925,0.10717950016260147,0.21097660064697266,0.03477561101317406,0.06333320587873459,0.035121627151966095,-0.004563584923744202,0.019736021757125854,0.05313011258840561,0.6735632419586182,0.026376813650131226,0.05576962232589722,0.3842613995075226,0.02534295804798603,0.0597357414662838,0.4723757207393646,0.04320548474788666,0.10460680723190308,0.3060685992240906,0.01621888391673565,0.03429288789629936,0.7512232661247253,0.02636214718222618,0.06713959574699402,0.49513381719589233
Mesoponera_ambigua_CASENT0745584_processed.obj,Stage_2_deform_coarse,0.002697284333407879,0.05676564201712608,0.021398212760686874,0.03536742925643921,0.0875142514705658,0.2971853017807007,0.024903349578380585,0.02696666680276394,0.023133333772420883,0.11680997908115387,0.14426666498184204,0.09813333302736282,0.4060026705265045,0.5454666614532471,0.3233333230018616,0.8711320161819458,0.9616333246231079,0.7962000370025635,0.7943806052207947,0.1747666746377945,1.0552908182144165,0.325646311044693,1.6138054132461548,0.6601853370666504,0.21740137040615082,1.1956017017364502,0.37792477011680603,0.0,0.7929195165634155,0.2730828821659088,0.08090366423130035,0.1632646769285202,0.20951136946678162,0.04129001498222351,0.08476878702640533,0.04207858443260193,0.002584196627140045,0.020595448091626167,0.04254939407110214,0.5724138021469116,0.025121057406067848,0.0505218505859375,0.3838011920452118,0.016216769814491272,0.03341773524880409,0.7292817831039429,0.023050550371408463,0.055278465151786804,0.5329815745353699,0.017992548644542694,0.04198708385229111,0.6737059354782104,0.02861594222486019,0.09236118197441101,0.5596107244491577
Myrmecina_ryukyuensis_OKENT0105085_processed.obj,Stage_2_deform_coarse,0.0012449525529518723,0.037390850484371185,0.015246355906128883,0.02214449644088745,0.05261171609163284,0.3095394968986511,0.05209154635667801,0.05666666850447655,0.04820000007748604,0.2425195425748825,0.28486666083335876,0.21113333106040955,0.6848024725914001,0.8249333500862122,0.5853666663169861,0.9616352319717407,0.980733335018158,0.9432666897773743,0.8040328621864319,0.20723333954811096,1.0318634510040283,0.21632537245750427,1.364535927772522,0.7608880996704102,0.13748978078365326,1.0875400304794312,0.2281007021665573,0.0,0.819609522819519,0.34215688705444336,0.040542613714933395,0.11892197281122208,0.18855315446853638,0.017486779019236565,0.04286884516477585,0.01818397454917431,0.0012085363268852234,0.013181495480239391,0.023664187639951706,0.8804597854614258,0.01606864668428898,0.031022945418953896,0.7491946816444397,0.01317527424544096,0.0332496277987957,0.8066298365592957,0.013731895014643669,0.027921151369810104,0.8205804824829102,0.015373364090919495,0.04430755600333214,0.8168941736221313,0.02125798910856247,0.10214553028345108,0.7384428381919861
Myrmecina_sp._CASENT0745613_processed.obj,Stage_2_deform_coarse,0.0017056848155334592,0.04818539321422577,0.01937846653163433,0.02880692668259144,0.06668064743280411,0.16645489633083344,0.02835852839052677,0.030766667798161507,0.02630000002682209,0.1238979920744896,0.14920000731945038,0.10593333095312119,0.48496711254119873,0.6094000339508057,0.40273332595825195,0.9328691363334656,0.9926666617393494,0.8798666596412659,0.8071781396865845,0.1641666740179062,1.0451873540878296,0.2674025297164917,1.548771619796753,0.7248140573501587,0.17356237769126892,1.1488898992538452,0.31172850728034973,0.0,0.8217388987541199,0.34390199184417725,0.05837018042802811,0.12346602231264114,0.16306057572364807,0.024869872257113457,0.054203566163778305,0.025219622999429703,0.0021654125303030014,0.017780421301722527,0.037890031933784485,0.7068965435028076,0.02561434917151928,0.043687548488378525,0.2945237159729004,0.01685331203043461,0.04247160255908966,0.8038674592971802,0.018492860719561577,0.03957987204194069,0.5883905291557312,0.015773098915815353,0.034570567309856415,0.7236672639846802,0.017764665186405182,0.04625886678695679,0.712895393371582
Nesomyrmex_angulatus_CASENT0744820_processed.obj,Stage_2_deform_coarse,0.0031485240906476974,0.05978607386350632,0.019233711063861847,0.04055236279964447,0.10519091784954071,0.2263948917388916,0.0329187773168087,0.036766666918992996,0.02979999966919422,0.14529892802238464,0.1991666704416275,0.11436666548252106,0.4171837866306305,0.6166000366210938,0.31523334980010986,0.8173764944076538,0.9829666614532471,0.6995333433151245,0.7513923048973083,0.3532000184059143,1.0965003967285156,0.32937368750572205,1.6095566749572754,0.7376440167427063,0.18650539219379425,1.2989543676376343,0.3415900766849518,0.0,0.8095937371253967,0.2927016615867615,0.07322367280721664,0.1623142659664154,0.2612234652042389,0.014537726528942585,0.02842377871274948,0.01474432647228241,0.0053869085386395454,0.020278893411159515,0.04251999035477638,0.5716475248336792,0.01978205144405365,0.042527392506599426,0.5816842913627625,0.019449837505817413,0.04175237566232681,0.5883978009223938,0.019398419186472893,0.032015055418014526,0.5250659584999084,0.016619781032204628,0.03549482300877571,0.7146536111831665,0.03291022405028343,0.15748052299022675,0.5875912308692932
Odontomachus_troglodytes_CASENT0744970_processed.obj,Stage_2_deform_coarse,0.0006446307525038719,0.024427536875009537,0.00999142974615097,0.014436107128858566,0.03773961216211319,0.2431030422449112,0.21867838501930237,0.23323333263397217,0.2058333307504654,0.5832884311676025,0.6575999855995178,0.524066686630249,0.8390055894851685,0.9097999930381775,0.7784333229064941,0.984941303730011,0.9954000115394592,0.9747000336647034,0.79092937707901,0.1405666619539261,1.0908640623092651,0.37471631169319153,1.6857104301452637,0.7486262917518616,0.1727314293384552,1.3283718824386597,0.3091250956058502,0.0,0.8196746706962585,0.3682565689086914,0.05448053777217865,0.1398790031671524,0.20300781726837158,0.03568422421813011,0.07911060005426407,0.03704539313912392,0.005055347457528114,0.008738101460039616,0.02294028364121914,0.931034505367279,0.009443610906600952,0.022606302052736282,0.9176254272460938,0.009235764853656292,0.020239248871803284,0.9447514414787292,0.011203083209693432,0.023066993802785873,0.9208443760871887,0.009790998883545399,0.022966444492340088,0.9260880947113037,0.011035721749067307,0.024439675733447075,0.9051094651222229
Oxyopomyrmex_saulcyi_CASENT0745218_processed.obj,Stage_2_deform_coarse,0.002048573223873973,0.04758487641811371,0.015530556440353394,0.032054319977760315,0.0888751745223999,0.23235240578651428,0.04903997480869293,0.05586666613817215,0.04370000213384628,0.2057090401649475,0.2849000096321106,0.1609666645526886,0.5405245423316956,0.7778333425521851,0.414166659116745,0.8903197050094604,0.9891666769981384,0.8094333410263062,0.7126414179801941,0.5016666650772095,1.0354605913162231,0.21910400688648224,1.410368800163269,0.7662047743797302,0.13976767659187317,1.0911084413528442,0.23040030896663666,0.0,0.8109862208366394,0.3226117193698883,0.04689275473356247,0.11723898351192474,0.17339493334293365,0.013159157708287239,0.03453882038593292,0.014716248959302902,-0.0012767501175403595,0.014834264293313026,0.02810812182724476,0.7877394556999207,0.019890936091542244,0.0455520823597908,0.6037735939025879,0.02659858949482441,0.08850976824760437,0.5552486181259155,0.021035373210906982,0.045789122581481934,0.5065963268280029,0.012681971304118633,0.0248029213398695,0.8761267066001892,0.011251470074057579,0.022633042186498642,0.916058361530304
Polyrhachis_decemdentata_CASENT0744779_processed.obj,Stage_2_deform_coarse,0.0014504798455163836,0.04323707893490791,0.017896821722388268,0.025340257212519646,0.061471570283174515,0.15981030464172363,0.03670252114534378,0.038866668939590454,0.03476666659116745,0.178952157497406,0.21953333914279938,0.15103334188461304,0.5822353363037109,0.7046999931335449,0.49603334069252014,0.9359500408172607,0.9742666482925415,0.9005333185195923,0.7950402498245239,0.30720001459121704,1.0393019914627075,0.23656190931797028,1.4130388498306274,0.7702755928039551,0.14508120715618134,1.1328768730163574,0.24561716616153717,0.0,0.8299236297607422,0.3441546559333801,0.05020943284034729,0.10925787687301636,0.14822788536548615,0.04169679060578346,0.10969018936157227,0.046610891819000244,-0.0006932690739631653,0.019715625792741776,0.04773174226284027,0.6498084664344788,0.017454884946346283,0.033128514885902405,0.6787850856781006,0.0121455118060112,0.01976148411631584,0.950276255607605,0.016319938004016876,0.030173996463418007,0.6939314007759094,0.012479540891945362,0.025100059807300568,0.8792170882225037,0.013249951414763927,0.02917478233575821,0.8053528070449829
Polyrhachis_dives_CASENT0878093_processed.obj,Stage_2_deform_coarse,0.0032512217294424772,0.061137422919273376,0.02198030613362789,0.039157114923000336,0.10565237700939178,0.25570446252822876,0.01714208349585533,0.01873333379626274,0.015800001099705696,0.08372485637664795,0.10573333501815796,0.06930000334978104,0.38728097081184387,0.5213333368301392,0.3080666661262512,0.8409137725830078,0.9598000049591064,0.7482333183288574,0.8303196430206299,0.13539999723434448,1.0467934608459473,0.30219003558158875,1.5067336559295654,0.6871896982192993,0.18859058618545532,1.123651385307312,0.3130149841308594,0.0,0.7916178703308105,0.2515226900577545,0.06512432545423508,0.14321529865264893,0.30909472703933716,0.030693713575601578,0.06890694051980972,0.03228171542286873,0.009478481486439705,0.02271844819188118,0.05104583874344826,0.4954023063182831,0.025795668363571167,0.05762607231736183,0.41647493839263916,0.022978950291872025,0.06616871803998947,0.610497236251831,0.0315835103392601,0.0634804219007492,0.3298153281211853,0.019453538581728935,0.03795471414923668,0.5985063314437866,0.046591583639383316,0.15335336327552795,0.5060827136039734
Ponera_kohmoku_OKENT0105440_processed.obj,Stage_2_deform_coarse,0.0012561059556901455,0.03680305927991867,0.014952512457966805,0.021850548684597015,0.05413632094860077,0.26210859417915344,0.06810296326875687,0.07466666400432587,0.06260000169277191,0.29487138986587524,0.36090001463890076,0.24926666915416718,0.6801081299781799,0.8035666942596436,0.5895333290100098,0.9591650366783142,0.9808333516120911,0.9384333491325378,0.7720829248428345,0.33783334493637085,1.0299583673477173,0.20824889838695526,1.3789299726486206,0.7663160562515259,0.14281947910785675,1.0883824825286865,0.23746459186077118,0.0,0.8205838799476624,0.36628997325897217,0.043719589710235596,0.08773119747638702,0.16751758754253387,0.01705433428287506,0.032848574221134186,0.017559044063091278,0.00479558389633894,0.013801147229969501,0.026978060603141785,0.8088122606277466,0.012371329590678215,0.02498689666390419,0.8766682147979736,0.013702969998121262,0.024804875254631042,0.8784530758857727,0.012471390888094902,0.026282159611582756,0.8786280155181885,0.015028881840407848,0.040641382336616516,0.8055627346038818,0.02625558339059353,0.13094542920589447,0.7007299065589905
Ponera_tamon_OKENT0105154_processed.obj,Stage_2_deform_coarse,0.00041202339343726635,0.023066891357302666,0.009684456512331963,0.013382434844970703,0.03301360085606575,0.08482474088668823,0.16581478714942932,0.18129999935626984,0.15276667475700378,0.5447100400924683,0.6371999979019165,0.47566667199134827,0.8680679798126221,0.9457666873931885,0.8021667003631592,0.9944561719894409,0.997700035572052,0.9912333488464355,0.7960001826286316,0.2858000099658966,1.0440952777862549,0.20624996721744537,1.329967975616455,0.820347785949707,0.11558084189891815,1.1319098472595215,0.1859041303396225,0.0,0.8319408297538757,0.3916027843952179,0.03827386349439621,0.08482272922992706,0.17765194177627563,0.034793127328157425,0.08508811146020889,0.0361785814166069,0.001578647643327713,0.009210762567818165,0.017038283869624138,0.9758620858192444,0.007022947538644075,0.012988507747650146,1.0,0.010160290636122227,0.02536419779062271,0.8977900743484497,0.008510390296578407,0.015203945338726044,0.9920845031738281,0.010719840414822102,0.026943344622850418,0.8902910351753235,0.00991544034332037,0.03215267136693001,0.8929440379142761
Pseudolasius_sp._CASENT0878065_processed.obj,Stage_2_deform_coarse,0.003483230248093605,0.06426166743040085,0.02435467764735222,0.03990698978304863,0.10225826501846313,0.24035002291202545,0.02562258020043373,0.028166666626930237,0.023500001057982445,0.1263231635093689,0.16296666860580444,0.10313333570957184,0.37371426820755005,0.5125333666801453,0.2940666675567627,0.8079429268836975,0.9190000295639038,0.7208333611488342,0.7677922248840332,0.20523333549499512,1.0619709491729736,0.3451822102069855,1.553790807723999,0.6973620057106018,0.18572381138801575,1.2114489078521729,0.31337225437164307,0.0,0.7882888913154602,0.26674386858940125,0.064640112221241,0.19370563328266144,0.3555821180343628,0.06969702243804932,0.13408251106739044,0.0719185546040535,-0.008131049573421478,0.019423456862568855,0.04901299625635147,0.6494253277778625,0.03280635550618172,0.07764142006635666,0.3064887225627899,0.014623255468904972,0.03859608992934227,0.8259668946266174,0.023447757586836815,0.04812414199113846,0.4986807703971863,0.02796914055943489,0.08962275087833405,0.5243368744850159,0.021477682515978813,0.04144744202494621,0.5097323656082153
Pseudomyrmex_cf.solis_CASENT0744065_processed.obj,Stage_2_deform_coarse,0.0005261594196781516,0.02388244867324829,0.009518667124211788,0.014363782480359077,0.039410997182130814,0.11078274250030518,0.17479580640792847,0.18719999492168427,0.16393333673477173,0.5756372809410095,0.661899983882904,0.5092666745185852,0.8640021681785583,0.9453666806221008,0.7955333590507507,0.9844754934310913,0.9970999956130981,0.9721666574478149,0.8265127539634705,0.18566666543483734,1.0560009479522705,0.26542869210243225,1.4260303974151611,0.8058099746704102,0.13328419625759125,1.1489285230636597,0.21225577592849731,0.0,0.8235765099525452,0.38312801718711853,0.039263151586055756,0.09101787209510803,0.16013865172863007,0.009060398675501347,0.025341616943478584,0.009373564273118973,-0.002328868955373764,0.008445464074611664,0.0182003416121006,0.9651341438293457,0.007955195382237434,0.013636562041938305,0.996778666973114,0.010477631352841854,0.02874830551445484,0.8922652006149292,0.011364060454070568,0.02322806417942047,0.8944591283798218,0.011027044616639614,0.02613900415599346,0.9062580466270447,0.011941663920879364,0.029633866623044014,0.8941605687141418
Solenopsis_invicta_CASENT0744384_processed.obj,Stage_2_deform_coarse,0.002759285271167755,0.0559147410094738,0.0184636190533638,0.03745112195611,0.09775493294000626,0.22041092813014984,0.03625885397195816,0.04143333435058594,0.032233335077762604,0.1589970737695694,0.22843334078788757,0.12193333357572556,0.4218713641166687,0.6629666686058044,0.3093666732311249,0.8531171679496765,0.9713667035102844,0.760533332824707,0.6641217470169067,0.42906665802001953,1.0667083263397217,0.5960291028022766,1.5262254476547241,0.7041400074958801,0.1837926208972931,1.250716209411621,0.31577354669570923,0.0,0.799067497253418,0.29230886697769165,0.07055254280567169,0.13298426568508148,0.21879269182682037,0.07644055038690567,0.22191651165485382,0.08644463866949081,-0.007261231541633606,0.018501844257116318,0.04051920026540756,0.6513410210609436,0.021426478400826454,0.051310792565345764,0.585365891456604,0.02114359848201275,0.05342235043644905,0.5635359287261963,0.018170038238167763,0.03407648578286171,0.6015831232070923,0.018153734505176544,0.0472077913582325,0.6992016434669495,0.020307164639234543,0.0683518573641777,0.6897810101509094
Stigmatomma_FHG02_CASENT0745561_processed.obj,Stage_2_deform_coarse,0.002167259342968464,0.050216201692819595,0.018950846046209335,0.03126535564661026,0.08257759362459183,0.2717374265193939,0.04307333007454872,0.046933334320783615,0.039799999445676804,0.18323206901550293,0.22390000522136688,0.15506666898727417,0.5025448799133301,0.6310999989509583,0.41750001907348633,0.8924213647842407,0.9746333360671997,0.8230000138282776,0.7978634238243103,0.243066668510437,1.066928505897522,0.37011435627937317,1.5771763324737549,0.6602625846862793,0.2189052700996399,1.2272485494613647,0.3406422734260559,0.0,0.785964846611023,0.2889176309108734,0.0742325633764267,0.15166465938091278,0.2324061393737793,0.029072780162096024,0.07021693885326385,0.02943657524883747,0.006330575793981552,0.019310330972075462,0.039382338523864746,0.5977011919021606,0.020616650581359863,0.05164463073015213,0.6134376525878906,0.015636397525668144,0.029973074793815613,0.7375690937042236,0.017088836058974266,0.036445293575525284,0.6728232502937317,0.017295775935053825,0.047996848821640015,0.7339686155319214,0.014158070087432861,0.037588439881801605,0.7822384238243103
Strumigenys_alberti_CASENT0878103_processed.obj,Stage_2_deform_coarse,0.0028896762523800135,0.05830235034227371,0.02115832455456257,0.037144023925065994,0.09778451919555664,0.2179308831691742,0.022548969835042953,0.024299999698996544,0.021033333614468575,0.11590127646923065,0.14660000801086426,0.09583333134651184,0.4175080358982086,0.5666000247001648,0.33053332567214966,0.8571420907974243,0.9673666954040527,0.7694666981697083,0.7810595035552979,0.1844666749238968,1.0703938007354736,0.33255842328071594,1.6177493333816528,0.6995815634727478,0.19511984288692474,1.2507829666137695,0.3510066568851471,0.0,0.789890468120575,0.3112614154815674,0.07357922941446304,0.15238820016384125,0.22496764361858368,0.04389360174536705,0.08614128828048706,0.04491213336586952,0.013455074280500412,0.017945285886526108,0.03928177058696747,0.7042145729064941,0.02603948302567005,0.050404902547597885,0.3824206292629242,0.011525346897542477,0.022681325674057007,0.9060773849487305,0.020348789170384407,0.05054007098078728,0.6121371984481812,0.01977664791047573,0.040459152311086655,0.5879474878311157,0.03777836635708809,0.13270261883735657,0.36496350169181824
Strumigenys_canina_OKENT0105288_processed.obj,Stage_2_deform_coarse,0.0018858287949115038,0.044627003371715546,0.015322763472795486,0.02930424176156521,0.07921245694160461,0.31096434593200684,0.06248107925057411,0.06893333047628403,0.05713333562016487,0.23283521831035614,0.30186668038368225,0.18950000405311584,0.6145177483558655,0.8018666505813599,0.4981333315372467,0.898918092250824,0.9874333739280701,0.8249666690826416,0.8003236651420593,0.27763333916664124,1.0901820659637451,0.2819128632545471,1.5971977710723877,0.7580130696296692,0.17251643538475037,1.2359479665756226,0.2863612174987793,0.0,0.8039959669113159,0.3216162919998169,0.06112421676516533,0.12599095702171326,0.18118345737457275,0.008633381687104702,0.020560890436172485,0.009314028546214104,0.0017441492527723312,0.014282026328146458,0.027988901361823082,0.8283525109291077,0.012151776812970638,0.03082730807363987,0.8462954759597778,0.01564863510429859,0.026503218337893486,0.7265193462371826,0.01481013372540474,0.03001502901315689,0.7836412191390991,0.015798598527908325,0.03429276496171951,0.7612670660018921,0.028922297060489655,0.11599141359329224,0.5669099688529968
Strumigenys_crassicornis_CASENT0744273_processed.obj,Stage_2_deform_coarse,0.002818344160914421,0.05961307883262634,0.022771870717406273,0.03684120997786522,0.09014762938022614,0.26210591197013855,0.020605314522981644,0.022099999710917473,0.019300000742077827,0.09984522312879562,0.12496666610240936,0.08313333243131638,0.3905316889286041,0.5145999789237976,0.31466665863990784,0.8432832360267639,0.9496666789054871,0.7583333253860474,0.7629168033599854,0.18753333389759064,1.0635230541229248,0.35394200682640076,1.575161099433899,0.6988359093666077,0.19558238983154297,1.217801570892334,0.3454340398311615,0.0,0.7984005212783813,0.33779463171958923,0.06829795241355896,0.13128995895385742,0.2097095102071762,0.03270544111728668,0.0693945661187172,0.035869088023900986,0.009061241522431374,0.020762784406542778,0.04686234891414642,0.601915717124939,0.029812226071953773,0.05542512983083725,0.2820984721183777,0.012102924287319183,0.02241300791501999,0.90055251121521,0.018914420157670975,0.042163874953985214,0.6015831232070923,0.0226217620074749,0.06402174383401871,0.5712078213691711,0.017408175393939018,0.039806485176086426,0.7335766553878784
Strumigenys_sp._appretiata_group_CASENT0744156_processed.obj,Stage_2_deform_coarse,0.0011491852346807718,0.03899490088224411,0.015776271000504494,0.023218628019094467,0.054915279150009155,0.16188912093639374,0.05126183480024338,0.056566666811704636,0.04686666652560234,0.22106394171714783,0.2746666669845581,0.18496666848659515,0.6130293607711792,0.7624000310897827,0.5126000046730042,0.9584082365036011,0.987666666507721,0.9308333396911621,0.7994017004966736,0.2587999999523163,1.0428029298782349,0.21632002294063568,1.4055938720703125,0.7523955702781677,0.15228453278541565,1.1326078176498413,0.2675918936729431,0.0,0.8231657147407532,0.3577187657356262,0.048523884266614914,0.08799239993095398,0.12817177176475525,0.015136289410293102,0.055931393057107925,0.015144461765885353,-0.0013961149379611015,0.015237027779221535,0.026833338662981987,0.7697318196296692,0.019679006189107895,0.03801508620381355,0.5508513450622559,0.010844930075109005,0.01886696182191372,0.9640884399414062,0.01592853106558323,0.03376650810241699,0.7387863397598267,0.013904400169849396,0.03525598719716072,0.8665980100631714,0.03353915736079216,0.10603051632642746,0.5316301584243774
Strumigenys_stenorhina_OKENT0105268_processed.obj,Stage_2_deform_coarse,0.0002809838915709406,0.017125139012932777,0.007254127878695726,0.009871010668575764,0.029162893071770668,0.1015421524643898,0.35056155920028687,0.3677999973297119,0.3348666727542877,0.7599716782569885,0.8147000074386597,0.7121333479881287,0.9301283359527588,0.9712666869163513,0.8923333287239075,0.9936021566390991,0.9991999864578247,0.9880666732788086,0.8586166501045227,0.2808000147342682,1.0239366292953491,0.16527047753334045,1.2967959642410278,0.7921753525733948,0.11854105442762375,1.0709362030029297,0.18291154503822327,0.0,0.8086570501327515,0.3780762553215027,0.032013699412345886,0.06371249258518219,0.12233156710863113,0.019238362088799477,0.05029341205954552,0.020286889746785164,0.0051048314198851585,0.007748629432171583,0.017800085246562958,0.9605364203453064,0.008896062150597572,0.019474651664495468,0.9530603289604187,0.006317099556326866,0.01498359814286232,0.9640884399414062,0.011317183263599873,0.02915160544216633,0.8707124590873718,0.006018667947500944,0.011285892687737942,1.0,0.010889233089983463,0.04423129931092262,0.8406326174736023
Syllophopsis_sechellensis_OKENT0105212_processed.obj,Stage_2_deform_coarse,0.00042639649473130703,0.02143629640340805,0.009321050718426704,0.012115244753658772,0.03331206366419792,0.12660862505435944,0.22112075984477997,0.2321000099182129,0.21113333106040955,0.6627564430236816,0.7205666899681091,0.6135333180427551,0.8803752660751343,0.9290666580200195,0.8365333676338196,0.9884931445121765,0.9948333501815796,0.9822333455085754,0.8226190209388733,0.13179999589920044,1.0512046813964844,0.23430640995502472,1.3756178617477417,0.8106604814529419,0.1208239495754242,1.1345326900482178,0.20120887458324432,0.0,0.8262181878089905,0.38259080052375793,0.03678017482161522,0.10249146074056625,0.23678292334079742,0.05766601115465164,0.10899947583675385,0.059201911091804504,0.0005551651120185852,0.008068377152085304,0.017445232719182968,0.9655172824859619,0.007578573189675808,0.01568431593477726,0.9756097793579102,0.012825904414057732,0.026064731180667877,0.7569060921669006,0.009563318453729153,0.01942332275211811,0.9577836990356445,0.011563523672521114,0.03599498048424721,0.8709760904312134,0.015564740635454655,0.05176640301942825,0.7323600649833679
Temnothorax_congruus_OKENT0105443_processed.obj,Stage_2_deform_coarse,0.0005768646951764822,0.027583448216319084,0.011290974915027618,0.016292473301291466,0.038604479283094406,0.10517515242099762,0.08077827095985413,0.08793333172798157,0.0746999979019165,0.395224928855896,0.48000001907348633,0.3359000086784363,0.8255415558815002,0.9416333436965942,0.7349333167076111,0.9880536794662476,0.994866669178009,0.981333315372467,0.8019689917564392,0.26063334941864014,1.0324856042861938,0.1560990810394287,1.2674983739852905,0.8313426971435547,0.10251022130250931,1.0857503414154053,0.16952085494995117,0.0,0.83761066198349,0.39844274520874023,0.03431086987257004,0.0704013854265213,0.10223647207021713,0.020717790350317955,0.0445682555437088,0.021431319415569305,-0.0017312243580818176,0.010391997173428535,0.017787832766771317,0.9735632538795471,0.011059940792620182,0.01803150214254856,0.9682466983795166,0.009928438812494278,0.02004968747496605,0.9447514414787292,0.01106246281415224,0.02219352126121521,0.9050132036209106,0.012320030480623245,0.03605586662888527,0.8895184397697449,0.022756891325116158,0.0823645368218422,0.6338199377059937
Temnothorax_sp._OKENT0105336_processed.obj,Stage_2_deform_coarse,0.000986133236438036,0.03713543713092804,0.014624211005866528,0.022511225193738937,0.05141230300068855,0.10929647088050842,0.053363315761089325,0.060233332216739655,0.0478999987244606,0.22363877296447754,0.2962000072002411,0.17963333427906036,0.6240710616111755,0.7979000210762024,0.5124333500862122,0.9705641865730286,0.998033344745636,0.9445666670799255,0.7719436287879944,0.47749999165534973,1.0675407648086548,0.24111753702163696,1.4641715288162231,0.7833219766616821,0.14963144063949585,1.200747013092041,0.2671757936477661,0.0,0.8362738490104675,0.3850345015525818,0.04748592898249626,0.09708227962255478,0.23953106999397278,0.01303838286548853,0.028047416359186172,0.013411007821559906,0.00011145509779453278,0.01354239508509636,0.025507446378469467,0.8432950377464294,0.020412959158420563,0.0314691960811615,0.498389333486557,0.01253299880772829,0.023422064259648323,0.8535912036895752,0.017557404935359955,0.04100443050265312,0.7203166484832764,0.012895136140286922,0.026308922097086906,0.8591295480728149,0.012420610524713993,0.02474857307970524,0.9014598727226257
Tetramorium_kraepelini_CASENT0744084_processed.obj,Stage_2_deform_coarse,0.0018939878791570663,0.04638075456023216,0.015556435100734234,0.030824320390820503,0.08426366746425629,0.17593969404697418,0.04909311234951019,0.0554666668176651,0.04403333365917206,0.2017366588115692,0.2768000066280365,0.15870000422000885,0.5456336140632629,0.7817333340644836,0.4190666675567627,0.8997631072998047,0.9896667003631592,0.824833333492279,0.7473987340927124,0.3982333242893219,1.0455796718597412,0.18680575489997864,1.3466157913208008,0.7710503339767456,0.13116991519927979,1.1075822114944458,0.21924655139446259,0.0,0.8174049854278564,0.312629371881485,0.042532991617918015,0.10199893265962601,0.16173921525478363,0.025890138000249863,0.048874128609895706,0.026509514078497887,0.0026295576244592667,0.01495167426764965,0.02922038547694683,0.8103448748588562,0.01734895631670952,0.0382251963019371,0.7160607576370239,0.01728762686252594,0.03491123765707016,0.6602210402488708,0.017348844558000565,0.029753651469945908,0.664907693862915,0.013339626602828503,0.027342136949300766,0.8292557597160339,0.037684716284275055,0.11443634331226349,0.4574209153652191
Acanthostichus_aff.brevicornis_CASENT0744328_processed.obj,Stage_3_deform_fine,0.0003278479562141001,0.02033502608537674,0.00915981363505125,0.011175211519002914,0.02766471542418003,0.1230984702706337,0.22205114364624023,0.23143333196640015,0.2134000062942505,0.6393600702285767,0.698199987411499,0.5896666646003723,0.8999086618423462,0.9460000395774841,0.8580999970436096,0.9971497058868408,0.9966000318527222,0.997700035572052,0.8462103009223938,0.07343333214521408,1.0670855045318604,0.21152926981449127,1.4213141202926636,0.7874423861503601,0.14920851588249207,1.1478557586669922,0.23838211596012115,0.0,0.820901095867157,0.372549831867218,0.04559900239109993,0.11946278065443039,0.20767080783843994,0.02733038365840912,0.06235615536570549,0.027404773980379105,-0.0006185099482536316,0.008287222124636173,0.01779702864587307,0.9647510051727295,0.006636525969952345,0.01293388195335865,0.9898757934570312,0.01234881579875946,0.021227428689599037,0.8977900743484497,0.01092144101858139,0.022953657433390617,0.9129288196563721,0.011704114265739918,0.027375029399991035,0.8879732489585876,0.023342281579971313,0.08346282690763474,0.6618005037307739
Acromyrmex_coronatus_CASENT0744365_processed.obj,Stage_3_deform_fine,0.0011278605088591576,0.033949483186006546,0.014003255404531956,0.019946228712797165,0.060309503227472305,0.18294039368629456,0.11750335246324539,0.1257999986410141,0.11023333668708801,0.4291679561138153,0.4934000074863434,0.3797333240509033,0.7322883605957031,0.8209666609764099,0.6608999967575073,0.9484091997146606,0.9719666838645935,0.9259666800498962,0.7371213436126709,0.17916667461395264,1.1126089096069336,0.3349287807941437,1.61760675907135,0.7195546627044678,0.1911088079214096,1.2411621809005737,0.3149252235889435,0.0,0.7776597738265991,0.262023389339447,0.06197988986968994,0.14444853365421295,0.23896978795528412,0.07608046382665634,0.15026932954788208,0.0863197073340416,0.007350638508796692,0.011847885325551033,0.03209195286035538,0.8720306754112244,0.011307152919471264,0.026979967951774597,0.8803497552871704,0.014347360469400883,0.06012685224413872,0.8508287668228149,0.010995321907103062,0.018291587010025978,0.9947230219841003,0.01561475545167923,0.04339839145541191,0.7888230681419373,0.018121249973773956,0.06306030601263046,0.7591241002082825
Acromyrmex_lobicornis_CASENT0878007_processed.obj,Stage_3_deform_fine,0.0013301983708515763,0.04083392769098282,0.01636250503361225,0.024471424520015717,0.06102551147341728,0.22122251987457275,0.044273290783166885,0.0471000000834465,0.04176666587591171,0.22400088608264923,0.26350000500679016,0.19480000436306,0.6099385023117065,0.7473000288009644,0.5152333378791809,0.9446089863777161,0.9850000143051147,0.9074000120162964,0.7780047655105591,0.13713333010673523,1.1335848569869995,0.3420436382293701,1.7423967123031616,0.7376152276992798,0.21076683700084686,1.37642240524292,0.3890162706375122,0.0,0.8159769177436829,0.3355516195297241,0.06918533146381378,0.12958236038684845,0.22782939672470093,0.047588154673576355,0.10772405564785004,0.04939621314406395,0.001715332269668579,0.014988889917731285,0.03157499060034752,0.81954026222229,0.01705072820186615,0.0314030684530735,0.6668200492858887,0.009771439246833324,0.019032631069421768,0.9530386924743652,0.01079469919204712,0.018420401960611343,0.9868074059486389,0.019957009702920914,0.048699330538511276,0.6368787288665771,0.031043244525790215,0.0933300256729126,0.42457419633865356
Anochetus_risii_CASENT0877608_processed.obj,Stage_3_deform_fine,0.00045874129864387214,0.022363636642694473,0.009457927197217941,0.012905710376799107,0.038126423954963684,0.09863907098770142,0.2203730046749115,0.23409999907016754,0.2081666737794876,0.6206426024436951,0.6948333382606506,0.5607666969299316,0.8755384087562561,0.9366666674613953,0.8219000101089478,0.9870188236236572,0.9926000237464905,0.9815000295639038,0.8277831077575684,0.09383333474397659,1.065489411354065,0.2251187264919281,1.430354356765747,0.782135009765625,0.14094537496566772,1.1479268074035645,0.23340842127799988,0.0,0.8070529699325562,0.3161028325557709,0.050409093499183655,0.09761214256286621,0.16627565026283264,0.015911821275949478,0.040123242884874344,0.01615874469280243,0.002716442570090294,0.007113722153007984,0.01511660311371088,0.9831417798995972,0.008405198343098164,0.01690049283206463,0.9742292165756226,0.008119327016174793,0.015302423387765884,0.9972376227378845,0.009456041269004345,0.018526742234826088,0.9656992554664612,0.012814695946872234,0.03645719960331917,0.8459953665733337,0.016231071203947067,0.05792544037103653,0.7311435341835022
Anochetus_risii_CASENT0877609_processed.obj,Stage_3_deform_fine,0.0020032550673931837,0.04774553328752518,0.015476426109671593,0.032269109040498734,0.08133242279291153,0.20584547519683838,0.04190117493271828,0.045633334666490555,0.038733333349227905,0.2307456135749817,0.29030001163482666,0.19146667420864105,0.5493694543838501,0.7734333276748657,0.42596668004989624,0.8722436428070068,0.9920333623886108,0.7782666683197021,0.7918189764022827,0.20713333785533905,1.151201605796814,0.3798201382160187,1.7417161464691162,0.6939743757247925,0.23697669804096222,1.4499132633209229,0.4348815977573395,0.0,0.769357442855835,0.2121080905199051,0.09164509177207947,0.1877341866493225,0.2628934383392334,0.06362897157669067,0.21454045176506042,0.06799342483282089,0.00355679914355278,0.014722012914717197,0.02884751558303833,0.7969349026679993,0.01466244738548994,0.03388040512800217,0.7795674204826355,0.012413043528795242,0.021046502515673637,0.919889509677887,0.014434504322707653,0.025581084191799164,0.7889182567596436,0.021753069013357162,0.05551913008093834,0.5652846097946167,0.020334424450993538,0.040743060410022736,0.5729926824569702
Aphaenogaster_pallida_CASENT0745235_processed.obj,Stage_3_deform_fine,0.0005306348903104663,0.024096375331282616,0.009938529692590237,0.014157845638692379,0.04058040678501129,0.14216957986354828,0.09931454062461853,0.10419999808073044,0.09486667066812515,0.5636498332023621,0.6300666928291321,0.5099000334739685,0.8944687247276306,0.9584000110626221,0.838533341884613,0.9806151986122131,0.9970999956130981,0.9646666646003723,0.8765509128570557,0.06499999761581421,1.0818740129470825,0.2848529517650604,1.5017979145050049,0.8090342879295349,0.14521491527557373,1.2181535959243774,0.2529013752937317,0.0,0.8225182890892029,0.3240177631378174,0.05500972270965576,0.11631914228200912,0.31125912070274353,0.01472959853708744,0.04714391380548477,0.014442508108913898,-0.001907356083393097,0.008675489574670792,0.015618082135915756,0.9800766706466675,0.008944663219153881,0.015469308011233807,0.9871146082878113,0.012211800552904606,0.019986623898148537,0.950276255607605,0.011929293163120747,0.021862179040908813,0.9340369701385498,0.011546016670763493,0.02283465676009655,0.9199073314666748,0.023738646879792213,0.09584581851959229,0.6885644793510437
Atopomyrmex_mocquerysi_CASENT0744784_processed.obj,Stage_3_deform_fine,0.0003153936704620719,0.01848062127828598,0.008342565037310123,0.010138055309653282,0.02870085835456848,0.08587805926799774,0.3371473252773285,0.36063334345817566,0.31653332710266113,0.7084571719169617,0.7590333223342896,0.6642000079154968,0.9120969176292419,0.9381333589553833,0.8874666690826416,0.9931975603103638,0.9947666525840759,0.9916333556175232,0.8060411810874939,0.22006666660308838,1.1574347019195557,0.3904247581958771,1.8494924306869507,0.7898656129837036,0.19634051620960236,1.3950822353363037,0.34621462225914,0.0,0.8182540535926819,0.37228989601135254,0.05898993834853172,0.11620574444532394,0.15330924093723297,0.028999732807278633,0.0726153627038002,0.02959362603724003,0.0024386923760175705,0.007676942273974419,0.022137394174933434,0.934482753276825,0.006449056789278984,0.014544709585607052,0.9848136305809021,0.00689992168918252,0.01648561656475067,0.9779005646705627,0.008571221493184566,0.016545113176107407,0.9841688871383667,0.009185013361275196,0.02123105712234974,0.9425702095031738,0.007934024557471275,0.018693240359425545,0.9695863723754883
Carebara_trechideros_CASENT0877591_processed.obj,Stage_3_deform_fine,0.0004113242030143738,0.020306427031755447,0.008958241902291775,0.011348185129463673,0.031003324314951897,0.12749135494232178,0.3035842776298523,0.32170000672340393,0.2874000072479248,0.6713443398475647,0.7383333444595337,0.6155000329017639,0.8916323781013489,0.9299666881561279,0.856333315372467,0.9895293116569519,0.9915333390235901,0.9875333309173584,0.7882599830627441,0.23080000281333923,1.171157717704773,0.40118807554244995,1.9047719240188599,0.7200354337692261,0.23086029291152954,1.52628493309021,0.4225573241710663,0.0,0.7918238639831543,0.3299710154533386,0.07697051763534546,0.15894915163516998,0.21617402136325836,0.04103444889187813,0.09696514159440994,0.04319598898291588,0.012795396149158478,0.008082357235252857,0.02194896899163723,0.9363985061645508,0.006596870254725218,0.01420664880424738,0.9825126528739929,0.008084733039140701,0.015970105305314064,0.9889503121376038,0.00888051651418209,0.021040726453065872,0.9393140077590942,0.013166864402592182,0.0459444522857666,0.874581515789032,0.013689599931240082,0.04850819334387779,0.8114355206489563
Centromyrmex_brachycola_CASENT0744052_processed.obj,Stage_3_deform_fine,0.0004560909001156688,0.024422552436590195,0.010234636254608631,0.014187915250658989,0.035885266959667206,0.13213993608951569,0.12833449244499207,0.13699999451637268,0.12070000171661377,0.5026712417602539,0.5931666493415833,0.43613332509994507,0.8576419949531555,0.9367333650588989,0.7908666729927063,0.9942318797111511,0.9984999895095825,0.9900000095367432,0.8465530276298523,0.16156667470932007,1.0630518198013306,0.19897639751434326,1.4143657684326172,0.8121780753135681,0.1335609406232834,1.1467779874801636,0.22255465388298035,0.0,0.8302370309829712,0.363869309425354,0.053075797855854034,0.11175958067178726,0.1536063253879547,0.016494328156113625,0.052451130002737045,0.01699298992753029,0.0036019422113895416,0.009600262157619,0.019332511350512505,0.9578544497489929,0.007733588572591543,0.013461904600262642,0.9917165637016296,0.010719003155827522,0.020892301574349403,0.9337016940116882,0.00985102541744709,0.018342748284339905,0.963060736656189,0.013257801532745361,0.030632125213742256,0.855781614780426,0.014029045589268208,0.04848546162247658,0.9026764035224915
Cephalotes_minutus_CASENT0709253_processed.obj,Stage_3_deform_fine,0.00041484663961455226,0.023942608386278152,0.010393137112259865,0.013549471274018288,0.032774776220321655,0.07512927800416946,0.11789049208164215,0.1251000016927719,0.1114666685461998,0.5088285803794861,0.5763000249862671,0.4555000066757202,0.8690853714942932,0.9366666674613953,0.8105999827384949,0.9961251616477966,0.9990000128746033,0.9932667016983032,0.8345217108726501,0.1706666648387909,1.076299786567688,0.18219399452209473,1.3687100410461426,0.852204442024231,0.12079567462205887,1.1568827629089355,0.20422044396400452,0.0,0.8433639407157898,0.379306823015213,0.03705417364835739,0.09625817090272903,0.18059837818145752,0.034014809876680374,0.08042782545089722,0.03253242373466492,0.0037241969257593155,0.008926665410399437,0.017047680914402008,0.9781609177589417,0.010687435045838356,0.024400604888796806,0.9254487156867981,0.007274943869560957,0.01590408757328987,0.9889503121376038,0.010921825654804707,0.023038506507873535,0.9023746848106384,0.012172752991318703,0.02514328993856907,0.8709760904312134,0.012587347999215126,0.042256761342287064,0.8236009478569031
Cephalotes_simillimus_CASENT0744408_processed.obj,Stage_3_deform_fine,0.0012853563530370593,0.040409501641988754,0.015230446122586727,0.025179054588079453,0.061455436050891876,0.12464331090450287,0.04379013553261757,0.047433335334062576,0.04066666588187218,0.260412335395813,0.3136333227157593,0.22263333201408386,0.6100288033485413,0.7894333600997925,0.4970666766166687,0.9371234178543091,0.9902999997138977,0.8893666863441467,0.7907416820526123,0.280266672372818,1.0806370973587036,0.20597003400325775,1.422383427619934,0.8070482015609741,0.14351707696914673,1.1639294624328613,0.2420559674501419,0.0,0.8261377215385437,0.34919625520706177,0.0525939017534256,0.11006486415863037,0.21047089993953705,0.04917362332344055,0.10915584117174149,0.050530754029750824,0.0006112605333328247,0.012606300413608551,0.025147972628474236,0.8873563408851624,0.017541775479912758,0.03991322964429855,0.7142199873924255,0.010949899442493916,0.025196107104420662,0.861878514289856,0.013873119838535786,0.025299930945038795,0.8364116549491882,0.015874316915869713,0.034079037606716156,0.7434973120689392,0.013399730436503887,0.03182823956012726,0.7919707894325256
Cephalotes_spinosus_CASENT0744158_processed.obj,Stage_3_deform_fine,0.0006188167026266456,0.02805647999048233,0.011309701018035412,0.016746779903769493,0.0428352989256382,0.13314539194107056,0.07878700643777847,0.08273333311080933,0.07519999891519547,0.4426981806755066,0.5116333365440369,0.3901333510875702,0.8004713654518127,0.9135000109672546,0.7123333215713501,0.9864962697029114,0.9996333718299866,0.9736999869346619,0.8196476697921753,0.1602666676044464,1.0821012258529663,0.18433041870594025,1.411166787147522,0.834172785282135,0.13439379632472992,1.1694337129592896,0.22434203326702118,0.0,0.8410757780075073,0.37785035371780396,0.04132414981722832,0.08200693875551224,0.13985952734947205,0.028548836708068848,0.05175188556313515,0.027650663629174232,-0.000889042392373085,0.011091950349509716,0.023280926048755646,0.921455979347229,0.011614909395575523,0.027519283816218376,0.9102623462677002,0.006790389306843281,0.01290505938231945,0.972375750541687,0.011811772361397743,0.026851952075958252,0.8654353618621826,0.011479043401777744,0.02458864077925682,0.8920937776565552,0.011138036847114563,0.031016353517770767,0.8746958374977112
Crematogaster_nawai_OKENT0105046_processed.obj,Stage_3_deform_fine,0.0008906063158065081,0.032161206007003784,0.012731141410768032,0.019430065527558327,0.049947742372751236,0.16105753183364868,0.07976053655147552,0.08699999749660492,0.0736333355307579,0.34316834807395935,0.4207000136375427,0.28976666927337646,0.7612464427947998,0.8851000070571899,0.6678000092506409,0.9707720279693604,0.9923999905586243,0.9500666856765747,0.7604414820671082,0.38393333554267883,1.0865014791488647,0.2719613015651703,1.5111911296844482,0.7509591579437256,0.1693148910999298,1.2204314470291138,0.29742610454559326,0.0,0.8176448345184326,0.3192947208881378,0.04878406226634979,0.10684984177350998,0.16316106915473938,0.0474434532225132,0.1377459615468979,0.05121222510933876,-0.0030404627323150635,0.011399502865970135,0.024101456627249718,0.9099617004394531,0.01318806316703558,0.022991381585597992,0.8702254891395569,0.01322129089385271,0.024423174560070038,0.881215512752533,0.01006463635712862,0.016276977956295013,0.9947230219841003,0.013481040485203266,0.031353652477264404,0.8604172468185425,0.011400893330574036,0.02632017433643341,0.9075425863265991
Cryptopone_sauteri_CASENT0743771_processed.obj,Stage_3_deform_fine,0.0010266178287565708,0.03448541834950447,0.013176638633012772,0.0213087797164917,0.06018422916531563,0.11172221601009369,0.07841955125331879,0.08273333311080933,0.07453333586454391,0.3652830719947815,0.43246668577194214,0.3161666691303253,0.7262242436408997,0.8534666895866394,0.6320000290870667,0.9474143981933594,0.9886666536331177,0.9094666838645935,0.7924823760986328,0.2704666554927826,1.0775011777877808,0.2235594093799591,1.4496229887008667,0.7939602136611938,0.1464807242155075,1.1564075946807861,0.23844540119171143,0.0,0.814493715763092,0.3387525975704193,0.04595812410116196,0.09177646040916443,0.16471119225025177,0.022255491465330124,0.06693336367607117,0.021997326985001564,-0.0023552607744932175,0.011440537869930267,0.022545715793967247,0.9157088398933411,0.016719181090593338,0.040472935885190964,0.706856906414032,0.02154659852385521,0.06757886707782745,0.7044199109077454,0.014718592166900635,0.026500537991523743,0.7361477613449097,0.010882027447223663,0.02287447266280651,0.923255205154419,0.015115996822714806,0.06275069713592529,0.8333333134651184
Cyphoidris_afrc-tz01_CASENT0744810_processed.obj,Stage_3_deform_fine,0.005597850773483515,0.07993138581514359,0.022258495911955833,0.0576728880405426,0.12897247076034546,0.26554182171821594,0.021684996783733368,0.02396666631102562,0.01979999989271164,0.10612527281045914,0.14456667006015778,0.08383333683013916,0.2941543459892273,0.5409333109855652,0.20200000703334808,0.6388924717903137,0.952666699886322,0.4805999994277954,0.7419654130935669,0.3641333281993866,1.1813464164733887,0.43698549270629883,1.9137694835662842,0.6913271546363831,0.24686387181282043,1.5218580961227417,0.43918484449386597,0.0,0.7589655518531799,0.19527100026607513,0.0976031944155693,0.21148523688316345,0.3365461826324463,0.04525568336248398,0.14549466967582703,0.04661860316991806,0.006786134093999863,0.017597291618585587,0.03690718859434128,0.705747127532959,0.022601429373025894,0.03848616033792496,0.4077312648296356,0.022065676748752594,0.04204424470663071,0.47790056467056274,0.025803670287132263,0.045803412795066833,0.3060685992240906,0.022216416895389557,0.04440736770629883,0.48519188165664673,0.02941424772143364,0.07102969288825989,0.406326025724411
Cyphomyrmex_cf.minutus_CASENT0744280_processed.obj,Stage_3_deform_fine,0.005511030554771423,0.0800819918513298,0.023641768842935562,0.05644022300839424,0.13349951803684235,0.2750489413738251,0.016277551651000977,0.018033333122730255,0.014833333902060986,0.09287767857313156,0.12319999933242798,0.07453333586454391,0.27578580379486084,0.47163334488868713,0.19486667215824127,0.666886031627655,0.9503666758537292,0.5136666893959045,0.7219864726066589,0.3614000082015991,1.1977710723876953,0.48574355244636536,2.0508735179901123,0.6587442755699158,0.27016887068748474,1.6359785795211792,0.5224832892417908,0.0,0.7514979839324951,0.19829775393009186,0.09370671212673187,0.22514237463474274,0.49989065527915955,0.043198298662900925,0.09134916961193085,0.045049071311950684,0.0223015695810318,0.019084975123405457,0.03985791653394699,0.6295019388198853,0.02182270586490631,0.042895037680864334,0.5071330070495605,0.02026139199733734,0.04113653674721718,0.6022099852561951,0.020840443670749664,0.0362626276910305,0.5145118832588196,0.022600296884775162,0.04505531117320061,0.4712851047515869,0.024183833971619606,0.04643186181783676,0.4647201895713806
Dilobocondyla_fouqueti_CASENT0745576_processed.obj,Stage_3_deform_fine,0.0007430277182720602,0.030981246381998062,0.01246586348861456,0.01851538196206093,0.04737110063433647,0.11119771003723145,0.07171642035245895,0.07666666805744171,0.06736666709184647,0.3718165457248688,0.4381999969482422,0.3228999972343445,0.7497711181640625,0.8684999942779541,0.659600019454956,0.9781286120414734,0.9984333515167236,0.9586333632469177,0.814026415348053,0.1447666734457016,1.1074069738388062,0.2865370810031891,1.582252860069275,0.7801913022994995,0.17124377191066742,1.322036623954773,0.31595221161842346,0.0,0.8298568725585938,0.35385775566101074,0.05169478803873062,0.1121247261762619,0.18141913414001465,0.023807676509022713,0.04241454601287842,0.023235082626342773,0.005009576678276062,0.01064437348395586,0.020625486969947815,0.9425287842750549,0.012956354767084122,0.02547338791191578,0.8472158312797546,0.01010798942297697,0.024248262867331505,0.8922652006149292,0.01099204272031784,0.019401485100388527,0.963060736656189,0.012914334423840046,0.027459321543574333,0.8354365229606628,0.017640911042690277,0.04970091953873634,0.6849148273468018
Dorylus_fulvus_CASENT0745678_processed.obj,Stage_3_deform_fine,0.00031276457593776286,0.020257486030459404,0.00886318739503622,0.011394298635423183,0.028346890583634377,0.08357562869787216,0.18558256328105927,0.19313333928585052,0.1785999983549118,0.6347677707672119,0.6916000247001648,0.586566686630249,0.9177445769309998,0.9653666615486145,0.8745999932289124,0.9959503412246704,1.0,0.9919333457946777,0.834740400314331,0.15306666493415833,1.0770947933197021,0.20236138999462128,1.4130429029464722,0.84878009557724,0.12790672481060028,1.1796810626983643,0.2151142656803131,0.0,0.839156985282898,0.40323761105537415,0.03627489507198334,0.07909846305847168,0.1428709775209427,0.025531457737088203,0.058710090816020966,0.025797119364142418,0.0004952084273099899,0.007790947798639536,0.015240037813782692,0.9839080572128296,0.008587192744016647,0.01686573028564453,0.970547616481781,0.009002733044326305,0.022127477452158928,0.9364641308784485,0.010840003378689289,0.02300906926393509,0.9076517820358276,0.010041655041277409,0.02144012041389942,0.9394798278808594,0.01000689435750246,0.022292034700512886,0.9403892755508423
Eciton_hamatum_CASENT0744580_processed.obj,Stage_3_deform_fine,0.00032316514989361167,0.019386686384677887,0.008503598161041737,0.010883087292313576,0.02991432510316372,0.08274544030427933,0.290361225605011,0.3070000112056732,0.27543333172798157,0.676362156867981,0.7427999973297119,0.6208333373069763,0.9045302867889404,0.9422667026519775,0.869700014591217,0.994999349117279,0.9991666674613953,0.9908666610717773,0.7316266298294067,0.2777999937534332,1.243645191192627,0.5595586895942688,2.213466167449951,0.7030652165412903,0.27275505661964417,1.8077993392944336,0.5320178270339966,0.0,0.8128200769424438,0.3473343253135681,0.07108750194311142,0.14123529195785522,0.21032346785068512,0.015728671103715897,0.04959772154688835,0.01636550761759281,0.005171598866581917,0.007161300629377365,0.017410097643733025,0.9659004211425781,0.008128086104989052,0.016397280618548393,0.9774505496025085,0.007190892938524485,0.016251543536782265,0.9696133136749268,0.00764321768656373,0.016636257991194725,0.9920845031738281,0.009420057758688927,0.024268312379717827,0.9199073314666748,0.010486912913620472,0.037232980132102966,0.8929440379142761
Ectatomma_brunneum_CASENT0744575_processed.obj,Stage_3_deform_fine,0.0025004639755934477,0.0519091822206974,0.016920194029808044,0.03498898819088936,0.09461043030023575,0.25990134477615356,0.03267139941453934,0.03539999946951866,0.03033333458006382,0.17402419447898865,0.21343334019184113,0.1468999981880188,0.5404462814331055,0.7494333386421204,0.42260000109672546,0.8529148697853088,0.9822666645050049,0.7536666989326477,0.7859745025634766,0.22076666355133057,1.0997848510742188,0.355061799287796,1.7032945156097412,0.6832460165023804,0.20467020571231842,1.2562469244003296,0.36186546087265015,0.0,0.7695000171661377,0.21962279081344604,0.08152282238006592,0.1890985667705536,0.2660900950431824,0.06410088390111923,0.12918350100517273,0.06682933866977692,0.010730274021625519,0.014762054197490215,0.028780605643987656,0.7961686253547668,0.018656784668564796,0.03774853050708771,0.6502531170845032,0.01435075979679823,0.03284811973571777,0.7983425855636597,0.015400465577840805,0.033498913049697876,0.7783641219139099,0.019623054191470146,0.04024488106369972,0.6245171427726746,0.02491619437932968,0.0977427214384079,0.628953754901886
Eurhopalothrix_procera_CASENT0745605_processed.obj,Stage_3_deform_fine,0.0017737935995683074,0.04502488672733307,0.01540596317499876,0.029618924483656883,0.07367872446775436,0.24806185066699982,0.03463822230696678,0.037566665560007095,0.03213333338499069,0.2433479130268097,0.30223333835601807,0.20366667211055756,0.5834402441978455,0.7954333424568176,0.460666686296463,0.8931111097335815,0.9837000370025635,0.817799985408783,0.7777472734451294,0.2197333425283432,1.1108545064926147,0.2852782905101776,1.6021305322647095,0.739221453666687,0.18934766948223114,1.2409979104995728,0.30491581559181213,0.0,0.7942088842391968,0.2720266878604889,0.06866752356290817,0.1447773277759552,0.19775906205177307,0.04133716598153114,0.1085723266005516,0.04783787205815315,0.0013425424695014954,0.014226105064153671,0.03242019563913345,0.8371647596359253,0.017072228714823723,0.03524453565478325,0.7294063568115234,0.01828218437731266,0.036490775644779205,0.6657458543777466,0.01596212014555931,0.031614985316991806,0.6781002879142761,0.017937634140253067,0.04816695675253868,0.7169713973999023,0.017590701580047607,0.056240566074848175,0.7384428381919861
Heteroponera_panamensis_CASENT0744055_processed.obj,Stage_3_deform_fine,0.004834149964153767,0.07311046123504639,0.02120407670736313,0.051906388252973557,0.1283574253320694,0.2559577226638794,0.02389487624168396,0.026100000366568565,0.022033333778381348,0.1191384568810463,0.16223333775997162,0.09413333237171173,0.32444480061531067,0.572700023651123,0.22633333504199982,0.7196950912475586,0.9571666717529297,0.5766333341598511,0.7618638277053833,0.354366660118103,1.1931685209274292,0.5685693621635437,2.070295810699463,0.6458957195281982,0.28849199414253235,1.6824349164962769,0.5283283591270447,0.0,0.7537796497344971,0.18795737624168396,0.12303671985864639,0.23565642535686493,0.43156757950782776,0.06668721139431,0.13958899676799774,0.07011719048023224,-0.005552656948566437,0.018671808764338493,0.04047008603811264,0.6475095748901367,0.021685436367988586,0.04635312035679817,0.5490105748176575,0.022828323766589165,0.04323846846818924,0.46408841013908386,0.02396879531443119,0.03964946046471596,0.36939316987991333,0.02389439195394516,0.052647680044174194,0.47617822885513306,0.02096039429306984,0.04930013790726662,0.6301702857017517
Labidus_praedator_CASENT0744236_processed.obj,Stage_3_deform_fine,0.0012747695436701179,0.030861185863614082,0.017456116154789925,0.013405069708824158,0.07374010980129242,0.18937192857265472,0.2693428695201874,0.2707333266735077,0.2679666578769684,0.5814981460571289,0.590499997138977,0.5727666616439819,0.7873431444168091,0.7775999903678894,0.7973333597183228,0.9438552260398865,0.9144333600997925,0.9752333164215088,0.6731066703796387,0.3202666640281677,1.1027860641479492,0.4058464765548706,1.7397738695144653,0.661206066608429,0.21071597933769226,1.2589093446731567,0.3415874242782593,0.0,0.7568264007568359,0.2874666452407837,0.07409124821424484,0.1539725363254547,0.2242048680782318,0.02720724605023861,0.06770595908164978,0.028979364782571793,0.009239159524440765,0.008673365227878094,0.02737046778202057,0.91379314661026,0.027950836345553398,0.08144406229257584,0.5039116740226746,0.018952876329421997,0.09596912562847137,0.8535912036895752,0.009643726982176304,0.027913998812437057,0.9129288196563721,0.010129575617611408,0.025620831176638603,0.921452522277832,0.011044937185943127,0.04190382733941078,0.8978102207183838
Labidus_praedator_CASENT0744237_processed.obj,Stage_3_deform_fine,0.0013160223606973886,0.035092804580926895,0.01696108654141426,0.018131718039512634,0.06380600482225418,0.15337587893009186,0.07283865660429001,0.07580000162124634,0.07010000199079514,0.39165109395980835,0.43836668133735657,0.35393333435058594,0.7733954191207886,0.8266333341598511,0.7265999913215637,0.9398185014724731,0.9331333637237549,0.9466000199317932,0.74226975440979,0.1639000028371811,1.1028584241867065,0.33931729197502136,1.6560120582580566,0.6989515423774719,0.19940169155597687,1.2882360219955444,0.3425450921058655,0.0,0.785847544670105,0.26124313473701477,0.06835708022117615,0.15252411365509033,0.2811352610588074,0.030810702592134476,0.0909787192940712,0.034171685576438904,0.01003170758485794,0.01393083669245243,0.04250919446349144,0.8689655065536499,0.010280861519277096,0.018655316904187202,0.9654855132102966,0.012871729210019112,0.024768535047769547,0.8674033284187317,0.010371549054980278,0.022527804598212242,0.9340369701385498,0.014470892958343029,0.03172517195343971,0.8359516263008118,0.02715923637151718,0.08596201241016388,0.639902651309967
Lasius_nr._fuliginosus_CASENT0878037_processed.obj,Stage_3_deform_fine,0.0003582808712963015,0.020271610468626022,0.008686574175953865,0.011585037223994732,0.030043620616197586,0.12384860217571259,0.1753542572259903,0.1848333328962326,0.16680000722408295,0.67230623960495,0.7455000281333923,0.6122000217437744,0.9220781326293945,0.9669333696365356,0.8812000155448914,0.9913551807403564,0.996666669845581,0.9861000180244446,0.8570489883422852,0.1117333322763443,1.0441787242889404,0.17519190907478333,1.320970058441162,0.8063450455665588,0.10989711433649063,1.0915160179138184,0.18177224695682526,0.0,0.829383909702301,0.3291008472442627,0.033649884164333344,0.08508148789405823,0.15154139697551727,0.03267852962017059,0.10120902955532074,0.03317093104124069,-4.02890145778656e-05,0.007227200549095869,0.013181015849113464,0.9819923639297485,0.008561823517084122,0.015233335085213184,0.9866544008255005,0.009365878999233246,0.014003305695950985,1.0,0.0089341439306736,0.018991176038980484,0.9577836990356445,0.010090670548379421,0.0194132998585701,0.954674243927002,0.01630393974483013,0.06740496307611465,0.801703155040741
Lioponera_daikoku_OKENT0105067_processed.obj,Stage_3_deform_fine,0.0036580872256308794,0.0641762912273407,0.02243747189640999,0.04173881933093071,0.10928038507699966,0.19709524512290955,0.027539242058992386,0.029400000348687172,0.02590000070631504,0.15573321282863617,0.19226667284965515,0.1308666616678238,0.4119994342327118,0.6029666662216187,0.31290000677108765,0.7867480516433716,0.9315000176429749,0.6809333562850952,0.7677438855171204,0.29803332686424255,1.1581121683120728,0.48377856612205505,1.9511057138442993,0.6668748259544373,0.25618937611579895,1.5060839653015137,0.4645885229110718,0.0,0.7539626359939575,0.21772105991840363,0.10728878527879715,0.20730072259902954,0.2918531596660614,0.07479804754257202,0.190895214676857,0.07638493925333023,0.016244005411863327,0.01931588165462017,0.05512760579586029,0.7302682399749756,0.02177811972796917,0.047533195465803146,0.5287621021270752,0.035414911806583405,0.09854279458522797,0.4033149182796478,0.024151254445314407,0.045204441994428635,0.4670184850692749,0.023957140743732452,0.07418597489595413,0.5678598880767822,0.030187522992491722,0.09339095652103424,0.3321167826652527
Mayriella_sp._CASENT0745610_processed.obj,Stage_3_deform_fine,0.002690644469112158,0.05550294741988182,0.018129590898752213,0.03737335652112961,0.09523595124483109,0.16920875012874603,0.04616789147257805,0.05196666717529297,0.04153333231806755,0.19404944777488708,0.2698333263397217,0.15150000154972076,0.44789695739746094,0.688966691493988,0.33180001378059387,0.8360831141471863,0.9700999855995178,0.7346000075340271,0.6872518062591553,0.4503999948501587,1.1035553216934204,0.2866164445877075,1.5933561325073242,0.7345480918884277,0.19509638845920563,1.214437484741211,0.32855990529060364,0.0,0.7914292216300964,0.24767239391803741,0.06737018376588821,0.1252135932445526,0.254467636346817,0.03718145936727524,0.06963733583688736,0.0375739149749279,-0.0021577365696430206,0.016858503222465515,0.04362349584698677,0.738697350025177,0.019842321053147316,0.04329390823841095,0.6240221261978149,0.022708389908075333,0.050343047827482224,0.46408841013908386,0.03365824371576309,0.09707023948431015,0.47229552268981934,0.01483333669602871,0.03366728127002716,0.803244948387146,0.02439129538834095,0.06381646543741226,0.5121654272079468
Mesoponera_ambigua_CASENT0745584_processed.obj,Stage_3_deform_fine,0.0015625422820448875,0.04270823299884796,0.01630641333758831,0.0264018215239048,0.06472650170326233,0.279217392206192,0.033837854862213135,0.035733334720134735,0.03213333338499069,0.2070620059967041,0.24449999630451202,0.1795666664838791,0.5938789248466492,0.7479666471481323,0.4924333393573761,0.9415964484214783,0.9878666996955872,0.8994666934013367,0.8355085849761963,0.13636666536331177,1.1150132417678833,0.37686634063720703,1.7999440431594849,0.6752191185951233,0.23829196393489838,1.333177924156189,0.41518348455429077,0.0,0.7881609201431274,0.2377442866563797,0.0986785814166069,0.2041419893503189,0.25146761536598206,0.04155709594488144,0.09209336340427399,0.04194498062133789,0.002851273864507675,0.014730899594724178,0.02890775538980961,0.7946360111236572,0.01783408597111702,0.033149607479572296,0.6622181534767151,0.017567308619618416,0.03208410367369652,0.6961326003074646,0.017048297449946404,0.03511255234479904,0.7018470168113708,0.01748494990170002,0.038283441215753555,0.6950811147689819,0.026464752852916718,0.0918060839176178,0.5863747000694275
Myrmecina_ryukyuensis_OKENT0105085_processed.obj,Stage_3_deform_fine,0.0008460984099656343,0.029768284410238266,0.012214500457048416,0.01755378395318985,0.041865069419145584,0.28824058175086975,0.07957227528095245,0.08423333615064621,0.07540000230073929,0.4267754554748535,0.4981333315372467,0.3733000159263611,0.7946745157241821,0.9076666831970215,0.7067000269889832,0.9765453338623047,0.9849666953086853,0.9682666659355164,0.8247471451759338,0.19066667556762695,1.0658737421035767,0.23070533573627472,1.4369782209396362,0.7725399136543274,0.14689365029335022,1.1429511308670044,0.24689318239688873,0.0,0.8094766736030579,0.3054679334163666,0.0463808998465538,0.14031873643398285,0.23458287119865417,0.017197320237755775,0.042995259165763855,0.017792485654354095,0.0009190775454044342,0.010036596097052097,0.01816718466579914,0.9747126698493958,0.011501939967274666,0.02229204587638378,0.9148642420768738,0.014309162274003029,0.032653260976076126,0.7817679643630981,0.012171642854809761,0.024912480264902115,0.8918206095695496,0.014442908577620983,0.03959880769252777,0.8238475322723389,0.01928519643843174,0.09628608822822571,0.7554744482040405
Myrmecina_sp._CASENT0745613_processed.obj,Stage_3_deform_fine,0.0010709327179938555,0.037306156009435654,0.014825575985014439,0.02248057909309864,0.054688069969415665,0.14601559937000275,0.034658558666706085,0.03686666861176491,0.03270000219345093,0.24504457414150238,0.2862666845321655,0.2142000049352646,0.6591500043869019,0.7879666686058044,0.5665333271026611,0.9624673128128052,0.9981666803359985,0.9292333722114563,0.8305102586746216,0.15173333883285522,1.0879110097885132,0.2880041003227234,1.6320098638534546,0.74541836977005,0.1793293058872223,1.2359447479248047,0.3259256184101105,0.0,0.8174079656600952,0.3203185498714447,0.06647565215826035,0.13758349418640137,0.19472213089466095,0.024332145228981972,0.05530194193124771,0.024528980255126953,0.0016276855021715164,0.012900378555059433,0.024876274168491364,0.8521072864532471,0.01761552318930626,0.031338099390268326,0.6705016493797302,0.013862350955605507,0.02353920415043831,0.8922652006149292,0.01767141744494438,0.03634344041347504,0.6543536186218262,0.014515998773276806,0.031091520562767982,0.7818697094917297,0.017471136525273323,0.045875683426856995,0.7031630277633667
Nesomyrmex_angulatus_CASENT0744820_processed.obj,Stage_3_deform_fine,0.002285529160872102,0.049973875284194946,0.016323061659932137,0.03365081176161766,0.0916639119386673,0.21316644549369812,0.03931479528546333,0.04260000213980675,0.0364999994635582,0.21141497790813446,0.2671999931335449,0.17489999532699585,0.5433365702629089,0.7481333613395691,0.4265666604042053,0.8613803386688232,0.9869333505630493,0.7641666531562805,0.7700459957122803,0.3304666578769684,1.1544288396835327,0.3626086115837097,1.7548526525497437,0.7506090998649597,0.20999954640865326,1.422331690788269,0.3879909813404083,0.0,0.798417866230011,0.25797146558761597,0.08949192613363266,0.20471861958503723,0.322119802236557,0.0165407732129097,0.03148846700787544,0.01669781282544136,0.007389955222606659,0.015292180702090263,0.03111858107149601,0.7816092371940613,0.017680266872048378,0.037815652787685394,0.6548550724983215,0.017851846292614937,0.041540082544088364,0.6961326003074646,0.015903132036328316,0.02876974456012249,0.6912928819656372,0.016343386843800545,0.03489411994814873,0.7177440524101257,0.031587790697813034,0.1514510065317154,0.5839415788650513
Odontomachus_troglodytes_CASENT0744970_processed.obj,Stage_3_deform_fine,0.0004213392094243318,0.02049117721617222,0.008652299642562866,0.011838877573609352,0.030568471178412437,0.19256532192230225,0.2648036479949951,0.27873334288597107,0.25220000743865967,0.6666783690452576,0.7321333289146423,0.6119666695594788,0.8944767117500305,0.9473000168800354,0.8472333550453186,0.9915716648101807,0.9983000159263611,0.9849333167076111,0.8090975284576416,0.13269999623298645,1.1111078262329102,0.38299158215522766,1.7291591167449951,0.7570823431015015,0.17739282548427582,1.354016900062561,0.325524240732193,0.0,0.8043918609619141,0.33076581358909607,0.060491833835840225,0.16023048758506775,0.21870845556259155,0.03577002137899399,0.07836189866065979,0.0370999313890934,0.005141144618391991,0.007629786618053913,0.019342411309480667,0.9532567262649536,0.0076425462029874325,0.016198279336094856,0.9834330677986145,0.008300086483359337,0.01725345104932785,0.9696133136749268,0.009267722256481647,0.016985123977065086,0.97625333070755,0.009203854016959667,0.02071406878530979,0.9443729519844055,0.0107765207067132,0.02760109305381775,0.9014598727226257
Oxyopomyrmex_saulcyi_CASENT0745218_processed.obj,Stage_3_deform_fine,0.0014882080722600222,0.04026884213089943,0.013803381472826004,0.026465460658073425,0.07582123577594757,0.21138431131839752,0.06347139924764633,0.06913333386182785,0.058666668832302094,0.2750084102153778,0.35796666145324707,0.22326667606830597,0.6577511429786682,0.8470667004585266,0.5375999808311462,0.9226212501525879,0.9930333495140076,0.8615333437919617,0.74123215675354,0.4866333305835724,1.0809013843536377,0.24599002301692963,1.51741361618042,0.7847587466239929,0.15345050394535065,1.17169988155365,0.2545933425426483,0.0,0.8015064001083374,0.28618746995925903,0.05484282225370407,0.13550134003162384,0.20236915349960327,0.01435671467334032,0.036328382790088654,0.015826303511857986,-7.919315248727798e-05,0.012294039130210876,0.023798851296305656,0.8988506197929382,0.017823848873376846,0.04184027388691902,0.668200671672821,0.023023443296551704,0.08005154877901077,0.6215469837188721,0.019435379654169083,0.04058763012290001,0.5831134915351868,0.012271811254322529,0.02331376075744629,0.9005923271179199,0.010740714147686958,0.021681342273950577,0.9136252999305725
Polyrhachis_decemdentata_CASENT0744779_processed.obj,Stage_3_deform_fine,0.0009157658787444234,0.033713679760694504,0.014006492681801319,0.01970718614757061,0.05027583986520767,0.12221662700176239,0.05853983387351036,0.06256666779518127,0.054999999701976776,0.32895877957344055,0.37966665625572205,0.29019999504089355,0.7309331297874451,0.8407333493232727,0.6464999914169312,0.9677952527999878,0.9875666499137878,0.9488000273704529,0.8223022222518921,0.2700999975204468,1.0767724514007568,0.2668718099594116,1.526108741760254,0.7799375057220459,0.15877805650234222,1.2121011018753052,0.2797054648399353,0.0,0.821104884147644,0.3160567879676819,0.062142182141542435,0.12615157663822174,0.17946811020374298,0.042139358818531036,0.11428198218345642,0.04597264528274536,-0.00025070086121559143,0.014689743518829346,0.033767975866794586,0.7892720699310303,0.012502978555858135,0.022800493985414505,0.9125632643699646,0.012421587482094765,0.019172120839357376,0.9640884399414062,0.01239033229649067,0.02179414965212345,0.9261214137077332,0.012304653413593769,0.023942071944475174,0.8864280581474304,0.01231183297932148,0.02813892439007759,0.8236009478569031
Polyrhachis_dives_CASENT0878093_processed.obj,Stage_3_deform_fine,0.0020314764697104692,0.048063814640045166,0.01794905960559845,0.030114756897091866,0.08192495256662369,0.21939456462860107,0.022069931030273438,0.023133333772420883,0.0210999995470047,0.16172915697097778,0.18996666371822357,0.14079999923706055,0.5676120519638062,0.7293999791145325,0.4645666778087616,0.8995811343193054,0.9723666906356812,0.8369333148002625,0.8349426984786987,0.14053332805633545,1.102067470550537,0.3433852791786194,1.628078579902649,0.7084847092628479,0.20285223424434662,1.2266899347305298,0.3421995937824249,0.0,0.7832416296005249,0.21692001819610596,0.07511366158723831,0.16135253012180328,0.3353082537651062,0.03392508625984192,0.07312721014022827,0.03555087372660637,0.012709854170680046,0.017368219792842865,0.04281054064631462,0.763601541519165,0.020972950384020805,0.05009129270911217,0.612057089805603,0.021371912211179733,0.056221961975097656,0.7209945321083069,0.027181526646018028,0.07499892264604568,0.4670184850692749,0.01897432655096054,0.03375506401062012,0.6018542647361755,0.04259448125958443,0.15117822587490082,0.5486617684364319
Ponera_kohmoku_OKENT0105440_processed.obj,Stage_3_deform_fine,0.0008718955796211958,0.030300825834274292,0.012828799895942211,0.017472025007009506,0.044760238379240036,0.20166167616844177,0.10128583014011383,0.11076667159795761,0.093299999833107,0.40396228432655334,0.4726000130176544,0.3527333438396454,0.8009603023529053,0.885533332824707,0.7311333417892456,0.9721742272377014,0.9808333516120911,0.9636666774749756,0.7916231751441956,0.31646665930747986,1.0627357959747314,0.23185421526432037,1.4505724906921387,0.7778313755989075,0.15293347835540771,1.1403160095214844,0.25316107273101807,0.0,0.8089092373847961,0.33465278148651123,0.049832534044981,0.10365734994411469,0.24041447043418884,0.01611926779150963,0.031178152188658714,0.016595467925071716,0.003860517404973507,0.01046681310981512,0.019739653915166855,0.9547892808914185,0.010730775073170662,0.021094579249620438,0.937873899936676,0.013640888966619968,0.024895163252949715,0.881215512752533,0.01151951588690281,0.028837716206908226,0.8997361660003662,0.014304454438388348,0.03775748610496521,0.825907826423645,0.023594951257109642,0.12013489753007889,0.7566909790039062
Ponera_tamon_OKENT0105154_processed.obj,Stage_3_deform_fine,0.0003135058213956654,0.020146265625953674,0.008553899824619293,0.011592366732656956,0.02865227311849594,0.07503968477249146,0.20984260737895966,0.22583334147930145,0.1959666758775711,0.6386357545852661,0.7376333475112915,0.5630666613578796,0.9051458835601807,0.9608666896820068,0.8555333614349365,0.9972966313362122,0.9991333484649658,0.9954666495323181,0.8044823408126831,0.2800333499908447,1.0607725381851196,0.21223193407058716,1.3649590015411377,0.8248949646949768,0.1222185343503952,1.1545798778533936,0.19750532507896423,0.0,0.8235234022140503,0.36654654145240784,0.04371749237179756,0.09693322330713272,0.20086371898651123,0.035392481833696365,0.08755838871002197,0.036628205329179764,0.0021780021488666534,0.0077827805653214455,0.014532472938299179,0.9819923639297485,0.006495549343526363,0.01188482902944088,0.9990796446800232,0.009372723288834095,0.01991806924343109,0.950276255607605,0.0072779348120093346,0.012458914890885353,1.0,0.00965733453631401,0.02315863035619259,0.9237703084945679,0.009044386446475983,0.026593973860144615,0.9257907271385193
Pseudolasius_sp._CASENT0878065_processed.obj,Stage_3_deform_fine,0.0021403178106993437,0.04914119839668274,0.018078308552503586,0.031062891706824303,0.08340878039598465,0.18617989122867584,0.04448779299855232,0.04830000177025795,0.04123333469033241,0.21125030517578125,0.2636333405971527,0.17623333632946014,0.5390244126319885,0.696399986743927,0.43966665863990784,0.8842277526855469,0.9659333229064941,0.8152666687965393,0.7995147705078125,0.1932000070810318,1.1167151927947998,0.3732808828353882,1.6845422983169556,0.7155323624610901,0.20093387365341187,1.3107340335845947,0.3454085886478424,0.0,0.775496244430542,0.2203875333070755,0.07654550671577454,0.22280791401863098,0.41780003905296326,0.06966119259595871,0.13556154072284698,0.07284897565841675,-0.008166879415512085,0.01571744680404663,0.0399821437895298,0.7965517640113831,0.020352911204099655,0.0465683676302433,0.5628163814544678,0.013086439110338688,0.033161673694849014,0.8591160774230957,0.018558751791715622,0.03589429706335068,0.6411609649658203,0.024769848212599754,0.07008790224790573,0.5745557546615601,0.018911166116595268,0.03546798229217529,0.5973235964775085
Pseudomyrmex_cf.solis_CASENT0744065_processed.obj,Stage_3_deform_fine,0.00039234093856066465,0.02063499204814434,0.008557485416531563,0.012077506631612778,0.033208929002285004,0.10078046470880508,0.23389822244644165,0.2477666735649109,0.22150000929832458,0.6625027060508728,0.7418333292007446,0.5985000133514404,0.9015646576881409,0.9603000283241272,0.8496000170707703,0.9879510998725891,0.996066689491272,0.9799667000770569,0.8329885601997375,0.17306667566299438,1.0767813920974731,0.27814897894859314,1.4761053323745728,0.818325400352478,0.13924020528793335,1.1830843687057495,0.22805367410182953,0.0,0.8157307505607605,0.3535742163658142,0.04374159127473831,0.10092379152774811,0.17550301551818848,0.00898364931344986,0.026036979630589485,0.009244170039892197,-0.002405618317425251,0.0071188523434102535,0.014092975296080112,0.99042147397995,0.006563825532793999,0.011499004438519478,0.999539852142334,0.009352337568998337,0.022359779104590416,0.9281768202781677,0.009824328124523163,0.021484078839421272,0.9340369701385498,0.01046693604439497,0.025488127022981644,0.9173319935798645,0.010765325278043747,0.02942197397351265,0.8880778551101685
Solenopsis_invicta_CASENT0744384_processed.obj,Stage_3_deform_fine,0.0019813228864222765,0.04718086123466492,0.016453824937343597,0.03072703443467617,0.0835915207862854,0.20790356397628784,0.043311603367328644,0.04933333396911621,0.038600001484155655,0.20148393511772156,0.2691666781902313,0.16099999845027924,0.5446559190750122,0.7696000337600708,0.4214666783809662,0.9006432294845581,0.9761666655540466,0.8359666466712952,0.6927934885025024,0.4195333421230316,1.116690993309021,0.6550047397613525,1.6218527555465698,0.7170111536979675,0.20022116601467133,1.3424599170684814,0.35192981362342834,0.0,0.7860478162765503,0.251460999250412,0.08206525444984436,0.15193094313144684,0.2641870081424713,0.08053066581487656,0.23085124790668488,0.08813874423503876,-0.0031711161136627197,0.015251358970999718,0.033929355442523956,0.7892720699310303,0.017985636368393898,0.04495867341756821,0.7399908304214478,0.01959115080535412,0.045573439449071884,0.6546961665153503,0.01591770350933075,0.028507050126791,0.7203166484832764,0.017331842333078384,0.044782593846321106,0.7386041879653931,0.018636973574757576,0.06632157415151596,0.7287104725837708
Stigmatomma_FHG02_CASENT0745561_processed.obj,Stage_3_deform_fine,0.0014234812697395682,0.03990668058395386,0.014826426282525063,0.025080256164073944,0.06965705752372742,0.2391686588525772,0.050160590559244156,0.05373333394527435,0.04703333228826523,0.26780378818511963,0.31780001521110535,0.2313999980688095,0.6633207201957703,0.8158666491508484,0.5588333606719971,0.9282763004302979,0.9855000376701355,0.8773333430290222,0.8230330348014832,0.24766667187213898,1.1140868663787842,0.3989708721637726,1.7006328105926514,0.6633224487304688,0.2362738400697708,1.328137755393982,0.37924423813819885,0.0,0.7763676047325134,0.2544281780719757,0.08582787215709686,0.1769377738237381,0.27566149830818176,0.03249237313866615,0.07290779799222946,0.03275565430521965,0.00975017063319683,0.014103351160883904,0.027011217549443245,0.8590038418769836,0.016771964728832245,0.039937857538461685,0.730326771736145,0.014264481142163277,0.02826889231801033,0.7900552749633789,0.0131660932675004,0.024646323174238205,0.873350977897644,0.01705189421772957,0.05009259283542633,0.7553437948226929,0.012899291701614857,0.0324401780962944,0.8661800622940063
Strumigenys_alberti_CASENT0878103_processed.obj,Stage_3_deform_fine,0.0018755673663690686,0.04635871946811676,0.016923289746046066,0.029435431584715843,0.07911267876625061,0.189946249127388,0.0319858156144619,0.034166667610406876,0.03006666712462902,0.19986745715141296,0.24006666243076324,0.1712000072002411,0.5583752989768982,0.7249000072479248,0.454066663980484,0.9089681506156921,0.9823333621025085,0.84579998254776,0.8018480539321899,0.1763666719198227,1.1262575387954712,0.3504880666732788,1.7283720970153809,0.7215292453765869,0.21051745116710663,1.3660582304000854,0.38736093044281006,0.0,0.7829326391220093,0.2718638777732849,0.08393733203411102,0.16601768136024475,0.27144166827201843,0.04734541475772858,0.09614995121955872,0.04793848469853401,0.01690688729286194,0.01425444707274437,0.032662082463502884,0.8321838974952698,0.018735071644186974,0.037211958318948746,0.624482274055481,0.010681232437491417,0.021198293194174767,0.941989004611969,0.01743081398308277,0.04180096462368965,0.6939314007759094,0.01813100278377533,0.03619905561208725,0.6500129103660583,0.03596911579370499,0.11534825712442398,0.33698296546936035
Strumigenys_canina_OKENT0105288_processed.obj,Stage_3_deform_fine,0.0013528630370274186,0.03730635344982147,0.012841845862567425,0.024464506655931473,0.07015787810087204,0.25257608294487,0.07448115944862366,0.08213333785533905,0.06813333183526993,0.3435021638870239,0.42463332414627075,0.28839999437332153,0.6962186694145203,0.8702333569526672,0.5802000164985657,0.9308789968490601,0.9941666722297668,0.875166654586792,0.8162030577659607,0.2522999942302704,1.1303695440292358,0.3138071298599243,1.690674066543579,0.7712138891220093,0.18912723660469055,1.3020607233047485,0.3136134147644043,0.0,0.787980318069458,0.2826186716556549,0.07214362174272537,0.15153005719184875,0.19963595271110535,0.009250485338270664,0.0223805233836174,0.009911985136568546,0.0023612533695995808,0.011483022943139076,0.022694433107972145,0.9153257012367249,0.010901845060288906,0.026592861860990524,0.8987575173377991,0.014234166592359543,0.02297925017774105,0.8121547102928162,0.011828886345028877,0.024576619267463684,0.873350977897644,0.014185940846800804,0.030023716390132904,0.8364666700363159,0.02130529098212719,0.09016157686710358,0.7080292105674744
Strumigenys_crassicornis_CASENT0744273_processed.obj,Stage_3_deform_fine,0.0017872892785817385,0.046340420842170715,0.01793619617819786,0.028404224663972855,0.07307843118906021,0.22760677337646484,0.02581312693655491,0.027400000020861626,0.024399999529123306,0.17312367260456085,0.2053000032901764,0.1496666669845581,0.5569512248039246,0.7062333226203918,0.459766685962677,0.9125946164131165,0.975600004196167,0.8572333455085754,0.7824369668960571,0.18673333525657654,1.1193954944610596,0.38640034198760986,1.6864274740219116,0.7231758236885071,0.20705346763134003,1.336725115776062,0.3695875406265259,0.0,0.7896974682807922,0.31055524945259094,0.08103138208389282,0.1548510193824768,0.2564668357372284,0.03508704528212547,0.07584209740161896,0.038222771137952805,0.011442845687270164,0.016286157071590424,0.03806931525468826,0.7674329876899719,0.02057456783950329,0.0372462272644043,0.5163368582725525,0.009779435582458973,0.018189257010817528,0.9668508768081665,0.016104429960250854,0.037064045667648315,0.7519789338111877,0.020646139979362488,0.05878138169646263,0.6379088163375854,0.016494885087013245,0.033813174813985825,0.7530413269996643
Strumigenys_sp._appretiata_group_CASENT0744156_processed.obj,Stage_3_deform_fine,0.0007532724412158132,0.03099394403398037,0.012370496988296509,0.01862344704568386,0.045555904507637024,0.15570223331451416,0.0662907212972641,0.07180000096559525,0.06156666576862335,0.3479877710342407,0.42633333802223206,0.293966680765152,0.7622859477996826,0.9062333703041077,0.657800018787384,0.9787061810493469,0.9944000244140625,0.9635000228881836,0.8242976665496826,0.2564333379268646,1.080214023590088,0.22440016269683838,1.4550848007202148,0.7696330547332764,0.16034837067127228,1.199519395828247,0.28271913528442383,0.0,0.8159645199775696,0.3248648941516876,0.055820632725954056,0.09565024822950363,0.1402900665998459,0.015899721533060074,0.0542110875248909,0.01601514406502247,-0.0006326846778392792,0.01160179078578949,0.020395267754793167,0.9398467540740967,0.013988754712045193,0.026662716642022133,0.8265071511268616,0.010409328155219555,0.018013687804341316,0.9834254384040833,0.014445481821894646,0.034033942967653275,0.7862797379493713,0.013224530033767223,0.0338318757712841,0.8833376169204712,0.030635332688689232,0.10466212034225464,0.5644769072532654
Strumigenys_stenorhina_OKENT0105268_processed.obj,Stage_3_deform_fine,0.0001923299569170922,0.01488709170371294,0.006550203077495098,0.008336888626217842,0.022835733368992805,0.09313738346099854,0.39735686779022217,0.41530001163482666,0.38089999556541443,0.8146589398384094,0.86326664686203,0.771233320236206,0.955817699432373,0.9833333492279053,0.9298000335693359,0.9966919422149658,0.9995333552360535,0.9938666820526123,0.868354082107544,0.2768999934196472,1.0364664793014526,0.17115695774555206,1.3240693807601929,0.7972638607025146,0.12319592386484146,1.0802732706069946,0.19242094457149506,0.0,0.7948369979858398,0.3559800386428833,0.03537118434906006,0.06956188380718231,0.14778204262256622,0.0198636706918478,0.05078568309545517,0.02086912840604782,0.005730140022933483,0.006778188049793243,0.015124106779694557,0.9773946404457092,0.007467892486602068,0.01530719269067049,0.9866544008255005,0.006038890685886145,0.011437417939305305,0.9834254384040833,0.010190567001700401,0.025483492761850357,0.8997361660003662,0.005599515046924353,0.010379343293607235,1.0,0.009531923569738865,0.043846871703863144,0.8844282031059265
Syllophopsis_sechellensis_OKENT0105212_processed.obj,Stage_3_deform_fine,0.0003044354962185025,0.01814088225364685,0.008093638345599174,0.010047242976725101,0.027471205219626427,0.1282254010438919,0.30401310324668884,0.3154999911785126,0.2933333218097687,0.7455063462257385,0.7961333394050598,0.7009333372116089,0.9166566729545593,0.9521666765213013,0.8837000131607056,0.9929782152175903,0.9952333569526672,0.9907333254814148,0.8464464545249939,0.11203333735466003,1.069332242012024,0.22145803272724152,1.4199765920639038,0.8184419274330139,0.1283184289932251,1.1592658758163452,0.21388468146324158,0.0,0.8173796534538269,0.35478585958480835,0.043419431895017624,0.12432178109884262,0.27615153789520264,0.05724119395017624,0.10944259911775589,0.05867393687367439,0.00013034790754318237,0.0066666328348219395,0.014047984033823013,0.9812260866165161,0.006134650204330683,0.011744905263185501,0.9949378967285156,0.011831747367978096,0.023628758266568184,0.8176795840263367,0.007828493602573872,0.015679534524679184,0.97625333070755,0.010372660122811794,0.028332602232694626,0.9119237661361694,0.01338101364672184,0.04992138221859932,0.7968369722366333
Temnothorax_congruus_OKENT0105443_processed.obj,Stage_3_deform_fine,0.0004368416266515851,0.023441089317202568,0.00963544100522995,0.013805648311972618,0.03507602587342262,0.10339053720235825,0.12516768276691437,0.1341666728258133,0.11730000376701355,0.5356706380844116,0.6385666728019714,0.46133333444595337,0.8799365758895874,0.9643666744232178,0.8091000318527222,0.9911097884178162,0.9959666728973389,0.986299991607666,0.8214513659477234,0.25136667490005493,1.0525130033493042,0.1496262401342392,1.2908073663711548,0.840891420841217,0.10695448517799377,1.1147154569625854,0.17681945860385895,0.0,0.8295356631278992,0.3690851032733917,0.03853920102119446,0.07909569889307022,0.11279769241809845,0.020325392484664917,0.045781396329402924,0.02100885659456253,-0.0021236222237348557,0.008538364432752132,0.014736472629010677,0.9919540286064148,0.009204443544149399,0.015504882670938969,0.9802117347717285,0.009208577685058117,0.017778871580958366,0.980663001537323,0.010101222433149815,0.018131397664546967,0.9841688871383667,0.011666792444884777,0.033766258507966995,0.9023950695991516,0.020063325762748718,0.07775985449552536,0.6909975409507751
Temnothorax_sp._OKENT0105336_processed.obj,Stage_3_deform_fine,0.0006982688792049885,0.030467741191387177,0.011930202133953571,0.01853753812611103,0.04508648067712784,0.11610827594995499,0.07425324618816376,0.08153333514928818,0.06816666573286057,0.3363656997680664,0.4271666705608368,0.27740001678466797,0.761667013168335,0.9081667065620422,0.6558666825294495,0.9812688231468201,0.9986667037010193,0.9644666910171509,0.8062216639518738,0.44046667218208313,1.1025079488754272,0.2513803541660309,1.5275877714157104,0.7954290509223938,0.16108840703964233,1.2647151947021484,0.290766179561615,0.0,0.8287745118141174,0.35115042328834534,0.05404069647192955,0.10560610145330429,0.2766382098197937,0.013064187951385975,0.029635032638907433,0.013410833664238453,0.00013726018369197845,0.010737302713096142,0.021047521382570267,0.9337164759635925,0.014465520158410072,0.022313633933663368,0.8642429709434509,0.012286694720387459,0.023100735619664192,0.8508287668228149,0.015442418865859509,0.03293553739786148,0.7361477613449097,0.012087464332580566,0.02429925464093685,0.8956992030143738,0.011208482086658478,0.022262094542384148,0.9245741963386536
Tetramorium_kraepelini_CASENT0744084_processed.obj,Stage_3_deform_fine,0.001417351420968771,0.03940998390316963,0.013371466659009457,0.0260385163128376,0.0744413286447525,0.15499255061149597,0.06008000671863556,0.06796666979789734,0.053833335638046265,0.28381553292274475,0.37076666951179504,0.22990000247955322,0.6573707461357117,0.8683666586875916,0.5288666486740112,0.9262559413909912,0.9920666813850403,0.8686333298683167,0.7594531178474426,0.38966667652130127,1.088368535041809,0.21045851707458496,1.4383502006530762,0.7863510847091675,0.1500096619129181,1.1826640367507935,0.25724223256111145,0.0,0.8079391717910767,0.2740033268928528,0.050169479101896286,0.11994905024766922,0.18604524433612823,0.02664964087307453,0.05090823769569397,0.02705511637032032,0.0033890604972839355,0.012192410416901112,0.024938412010669708,0.9022988677024841,0.015374245122075081,0.03425274416804314,0.789691686630249,0.015045082196593285,0.027420738711953163,0.8093922734260559,0.015987008810043335,0.026138929650187492,0.7625330090522766,0.012335960753262043,0.02440796047449112,0.8825650215148926,0.03353551775217056,0.10780523717403412,0.5012165307998657
