mesh,stage,chamfer_l2,chamfer_l1,acc_mean,comp_mean,hausdorff_95,hausdorff_max,fscore@0.005,precision@0.005,recall@0.005,fscore@0.01,precision@0.01,recall@0.01,fscore@0.02,precision@0.02,recall@0.02,fscore@0.05,precision@0.05,recall@0.05,normal_consistency,normal_flip_frac,edge_ratio_mean,edge_ratio_std,edge_stretch_p95,edge_compress_p05,edge_logratio_absmean,area_ratio_mean,area_logratio_absmean,degenerate_tri_frac,tri_quality_mean,tri_quality_p05,deform_mag_mean,deform_mag_p95,deform_mag_max,dihedral_mean,dihedral_p99,folded_face_frac,midline_dev_mean,midline_dev_p95,midline_dev_mean_norm,midline_dev_excess,part_body_dist_mean,part_body_dist_p95,part_body_within_tau,part_head_dist_mean,part_head_dist_p95,part_head_within_tau,part_antenna_dist_mean,part_antenna_dist_p95,part_antenna_within_tau,part_mandible_dist_mean,part_mandible_dist_p95,part_mandible_within_tau,part_leg_dist_mean,part_leg_dist_p95,part_leg_within_tau,part_leg_distal_dist_mean,part_leg_distal_dist_p95,part_leg_distal_within_tau
Acanthostichus_aff.brevicornis_CASENT0744328_processed.obj,H0_body,0.004718258045613766,0.0678287148475647,0.024042993783950806,0.04378572106361389,0.12863633036613464,0.29664069414138794,0.0695413127541542,0.07699999958276749,0.06340000033378601,0.2224501073360443,0.279366672039032,0.18479999899864197,0.4310987889766693,0.5561333298683167,0.3519666790962219,0.7773900032043457,0.8961333632469177,0.6864333152770996,0.7337636351585388,0.20270000398159027,1.0,0.0,1.0,1.0,0.0,1.0,2.8432706855596734e-08,0.0,0.8111222982406616,0.3714706301689148,0.0,0.0,0.0,13.297843933105469,94.11157989501953,0.011472899466753006,0.012108459137380123,0.016186455264687538,0.01178282592445612,0.0,0.023653870448470116,0.06021512672305107,0.5444444417953491,0.015702171251177788,0.03799253702163696,0.7353888750076294,0.014374996535480022,0.029804101213812828,0.7541436553001404,0.026836233213543892,0.04896494373679161,0.3641161024570465,0.03482816368341446,0.08634160459041595,0.36930209398269653,0.062432512640953064,0.17893771827220917,0.49635034799575806
Acromyrmex_coronatus_CASENT0744365_processed.obj,H0_body,0.012219333089888096,0.09385025501251221,0.026514872908592224,0.06733538210391998,0.23007963597774506,0.5727158188819885,0.044649284332990646,0.05180000141263008,0.039233334362506866,0.15766775608062744,0.2220333367586136,0.1222333312034607,0.3510194718837738,0.5138000249862671,0.266566663980484,0.677709698677063,0.871233344078064,0.5545333623886108,0.7078258991241455,0.2362000048160553,1.0,0.0,1.0,1.0,0.0,1.0,2.678333821393153e-08,0.0,0.8082873225212097,0.32568293809890747,0.0,0.0,0.0,13.178352355957031,91.90768432617188,0.01078843604773283,0.04193868488073349,0.07691287994384766,0.053609609603881836,0.0,0.025672947987914085,0.06420957297086716,0.5034483075141907,0.020605217665433884,0.04416533187031746,0.5485504269599915,0.029679512605071068,0.08974077552556992,0.4723757207393646,0.022927362471818924,0.06683627516031265,0.6332454085350037,0.039351485669612885,0.10308142006397247,0.32423385977745056,0.05593911185860634,0.14649496972560883,0.2165450155735016
Acromyrmex_lobicornis_CASENT0878007_processed.obj,H0_body,0.013327069580554962,0.12143160402774811,0.036840032786130905,0.0845915675163269,0.20585232973098755,0.4459909498691559,0.018605070188641548,0.022033333778381348,0.016100000590085983,0.07084663212299347,0.11380000412464142,0.05143333226442337,0.17375943064689636,0.3156999945640564,0.11986666917800903,0.48201292753219604,0.7545999884605408,0.3541000187397003,0.6054912209510803,0.360066682100296,1.0,0.0,1.0,1.0,0.0,1.0,2.6285031040629292e-08,0.0,0.8221127390861511,0.3405282497406006,0.0,0.0,0.0,13.443568229675293,102.56355285644531,0.013004791922867298,0.03691336140036583,0.05095444247126579,0.044949695467948914,0.0,0.030769161880016327,0.0715777575969696,0.3762452304363251,0.04212590306997299,0.09462632983922958,0.2765761613845825,0.03472881019115448,0.10776727646589279,0.38121548295021057,0.03247622400522232,0.0793037936091423,0.3957783877849579,0.04964952543377876,0.12024910002946854,0.2292042225599289,0.07606483995914459,0.22396449744701385,0.22019465267658234
Anochetus_risii_CASENT0877608_processed.obj,H0_body,0.004311446566134691,0.06353308260440826,0.02450781874358654,0.039025261998176575,0.10588400810956955,0.367101788520813,0.06437016278505325,0.07150000333786011,0.058533333241939545,0.21505117416381836,0.2757999897003174,0.17623333632946014,0.45080670714378357,0.5753999948501587,0.3705666661262512,0.8102855086326599,0.9017000198364258,0.7357000112533569,0.7267014384269714,0.18980000913143158,1.0,0.0,1.0,1.0,0.0,1.0,2.6086867777053158e-08,0.0,0.8140625953674316,0.37445539236068726,0.0,0.0,0.0,12.975586891174316,87.90812683105469,0.009647665545344353,0.005500306375324726,0.014626448974013329,0.005711836274713278,0.0,0.018520426005125046,0.04093359783291817,0.611494243144989,0.025126570835709572,0.07054300606250763,0.5398067235946655,0.02249038964509964,0.049427758902311325,0.5276243090629578,0.025983504951000214,0.06202713027596474,0.47493404150009155,0.02605154737830162,0.08576276898384094,0.5949008464813232,0.11163146793842316,0.21515457332134247,0.017031630501151085
Anochetus_risii_CASENT0877609_processed.obj,H0_body,0.028772998601198196,0.1406245231628418,0.02987632341682911,0.11074820160865784,0.28623104095458984,1.0275096893310547,0.021201418712735176,0.026066666468977928,0.017866667360067368,0.07693575322628021,0.13960000872612,0.05310000106692314,0.17562030255794525,0.397599995136261,0.11270000040531158,0.437040776014328,0.824400007724762,0.29733332991600037,0.57991623878479,0.4144333302974701,1.0,0.0,1.0,1.0,0.0,1.0,2.5506970757760428e-08,0.0,0.7814074754714966,0.2879525125026703,0.0,0.0,0.0,12.972249984741211,96.24686431884766,0.011766240000724792,0.035772427916526794,0.042835891246795654,0.039486680179834366,0.0,0.030034439638257027,0.0672428160905838,0.37432950735092163,0.028431203216314316,0.06896814703941345,0.43534284830093384,0.028141001239418983,0.07291404157876968,0.522099494934082,0.018490497022867203,0.032436881214380264,0.5751979351043701,0.0333537720143795,0.06860660761594772,0.32809683680534363,0.03781264275312424,0.07255715876817703,0.19829683005809784
Aphaenogaster_pallida_CASENT0745235_processed.obj,H0_body,0.004912373144179583,0.07135030627250671,0.02812776528298855,0.043222542852163315,0.11592388153076172,0.324800044298172,0.031810395419597626,0.03493333235383034,0.029200000688433647,0.11965323239564896,0.1548333317041397,0.09750000387430191,0.29682037234306335,0.3913666605949402,0.23906667530536652,0.8261035084724426,0.9129666686058044,0.7543333172798157,0.7698622345924377,0.14703333377838135,1.0,0.0,1.0,1.0,0.0,1.0,2.6165547950540713e-08,0.0,0.820311963558197,0.35952267050743103,0.0,0.0,0.0,13.303584098815918,91.59228515625,0.01056028250604868,0.008017112500965595,0.016620934009552002,0.008283456787467003,0.0,0.026015300303697586,0.05535804480314255,0.39616858959198,0.026529978960752487,0.04901474714279175,0.3364012837409973,0.01506068091839552,0.027819473296403885,0.7071823477745056,0.02229761891067028,0.05868459865450859,0.5620052814483643,0.03371682018041611,0.11817202717065811,0.4864795207977295,0.05474960058927536,0.14440496265888214,0.2883211672306061
Atopomyrmex_mocquerysi_CASENT0744784_processed.obj,H0_body,0.007570517715066671,0.0663684606552124,0.02404504269361496,0.04232341796159744,0.1296813040971756,0.5783254504203796,0.09045024961233139,0.09449999779462814,0.08673333376646042,0.2635956406593323,0.2927333414554596,0.23973333835601807,0.5048777461051941,0.5673999786376953,0.4547666609287262,0.8246206045150757,0.8987333178520203,0.7617999911308289,0.7156818509101868,0.2477666735649109,1.0,0.0,1.0,1.0,0.0,1.0,3.039097151713577e-08,0.0,0.8064850568771362,0.37729546427726746,0.0,0.0,0.0,13.68351936340332,95.65314483642578,0.011864020489156246,0.02578427828848362,0.04694848135113716,0.035315629094839096,0.0,0.017503567039966583,0.04102644324302673,0.6643678545951843,0.01609618589282036,0.03879120200872421,0.7022549510002136,0.01573418639600277,0.04462852329015732,0.7845304012298584,0.013372186571359634,0.027088867500424385,0.833773136138916,0.03749634325504303,0.08362191915512085,0.3105846047401428,0.11572089046239853,0.27623164653778076,0.06326033920049667
Carebara_trechideros_CASENT0877591_processed.obj,H0_body,0.012725595384836197,0.07848688960075378,0.022785445675253868,0.055701445788145065,0.2479197084903717,0.6062787771224976,0.09771990031003952,0.10610000044107437,0.09056666493415833,0.286217600107193,0.34183332324028015,0.2461666762828827,0.5357634425163269,0.6480000019073486,0.4566666781902313,0.8159453868865967,0.919533371925354,0.7333333492279053,0.704842209815979,0.2591666579246521,1.0,0.0,1.0,1.0,0.0,1.0,2.9038835336336888e-08,0.0,0.8126363754272461,0.3782559931278229,0.0,0.0,0.0,13.78721809387207,98.56416320800781,0.012222548946738243,0.019881103187799454,0.04319757968187332,0.024114711210131645,0.0,0.013433113694190979,0.031999144703149796,0.8034483194351196,0.017813723534345627,0.03338159620761871,0.6088356971740723,0.024937829002738,0.0931982770562172,0.5966851115226746,0.013591746799647808,0.033691540360450745,0.8205804824829102,0.0354510061442852,0.10914913564920425,0.45351532101631165,0.15546806156635284,0.3530192971229553,0.05352798104286194
Centromyrmex_brachycola_CASENT0744052_processed.obj,H0_body,0.005633155815303326,0.07482677698135376,0.02541099488735199,0.04941577836871147,0.1428135484457016,0.36374789476394653,0.0521257109940052,0.059300001710653305,0.04650000110268593,0.17792852222919464,0.24000000953674316,0.14136667549610138,0.37809157371520996,0.5182666778564453,0.29760000109672546,0.7444144487380981,0.8880000114440918,0.6407999992370605,0.71913081407547,0.2801666557788849,1.0,0.0,1.0,1.0,0.0,1.0,2.704560131405742e-08,0.0,0.8098888993263245,0.33731675148010254,0.0,0.0,0.0,12.95065689086914,99.44147491455078,0.013591473922133446,0.004601862747222185,0.00962784979492426,0.004760361276566982,0.0,0.022157656028866768,0.051936227828264236,0.5513409972190857,0.020703494548797607,0.052616607397794724,0.5678785443305969,0.03286115825176239,0.058383241295814514,0.2016574591398239,0.025763237848877907,0.05053181201219559,0.4327176809310913,0.031214075163006783,0.08550760895013809,0.4669070243835449,0.09608088433742523,0.184310182929039,0.22992700338363647
Cephalotes_minutus_CASENT0709253_processed.obj,H0_body,0.003230819944292307,0.06113618612289429,0.02409898303449154,0.0370372049510479,0.09009838849306107,0.2730051577091217,0.05764200538396835,0.06523333489894867,0.051633335649967194,0.20049695670604706,0.2586333453655243,0.16369999945163727,0.41980090737342834,0.5425000190734863,0.34236666560173035,0.8099351525306702,0.9005333185195923,0.7358999848365784,0.7340551614761353,0.23420000076293945,1.0,0.0,1.0,1.0,0.0,1.0,2.7205878438962827e-08,0.0,0.8281186819076538,0.3581426441669464,0.0,0.0,0.0,13.288466453552246,89.41626739501953,0.009908412583172321,0.0039725536480546,0.008030890487134457,0.004073300864547491,0.0,0.025088157504796982,0.06780693680047989,0.5390805006027222,0.02299361862242222,0.04862312227487564,0.46479523181915283,0.010532485321164131,0.02917158044874668,0.8839779496192932,0.02021067775785923,0.043377116322517395,0.5751979351043701,0.02224375493824482,0.06323966383934021,0.5802214741706848,0.08495426923036575,0.2429114431142807,0.12408758699893951
Cephalotes_simillimus_CASENT0744408_processed.obj,H0_body,0.009534884244203568,0.10473741590976715,0.030922867357730865,0.07381454855203629,0.16889271140098572,0.2750469148159027,0.02792000211775303,0.03490000218153,0.023266667500138283,0.09957147389650345,0.1720000058412552,0.0700666680932045,0.22328168153762817,0.4414333403110504,0.14943332970142365,0.5231112241744995,0.822866678237915,0.38343334197998047,0.5684128999710083,0.45989999175071716,1.0,0.0,1.0,1.0,0.0,1.0,2.5209729415109905e-08,0.0,0.8196832537651062,0.3766377568244934,0.0,0.0,0.0,13.583087921142578,95.71765899658203,0.011375118978321552,0.018343361094594002,0.03255467489361763,0.018774690106511116,0.0,0.030520396307110786,0.09485851973295212,0.48237550258636475,0.03737309202551842,0.09976400434970856,0.32903820276260376,0.03846466541290283,0.10879764705896378,0.4116022288799286,0.023816831409931183,0.052678994834423065,0.5145118832588196,0.026607807725667953,0.06566710025072098,0.4813288748264313,0.05278004705905914,0.1487172693014145,0.22019465267658234
Cephalotes_spinosus_CASENT0744158_processed.obj,H0_body,0.004437086638063192,0.07442878931760788,0.030046215280890465,0.044382575899362564,0.09704338759183884,0.34405556321144104,0.030102510005235672,0.03433333337306976,0.02680000104010105,0.11097458750009537,0.15423333644866943,0.08666666597127914,0.2907928228378296,0.40996667742729187,0.22529999911785126,0.7225912809371948,0.8568000197410583,0.6247333288192749,0.7407575845718384,0.21213333308696747,1.0,0.0,1.0,1.0,0.0,1.0,2.8371516691549914e-08,0.0,0.8218527436256409,0.35958486795425415,0.0,0.0,0.0,13.22213363647461,86.1453857421875,0.009126169607043266,0.024908026680350304,0.030553366988897324,0.02515767328441143,0.0,0.034143127501010895,0.07572899013757706,0.3015325665473938,0.02715354599058628,0.05785467103123665,0.40589049458503723,0.01814195327460766,0.0369160920381546,0.6187845468521118,0.018535811454057693,0.03634747117757797,0.6358839273452759,0.02426842413842678,0.06614059209823608,0.5423641800880432,0.14431531727313995,0.3103142976760864,0.012165449559688568
Crematogaster_nawai_OKENT0105046_processed.obj,H0_body,0.009838426485657692,0.09806464612483978,0.030744347721338272,0.06732029467821121,0.1635340303182602,0.5795498490333557,0.03464623913168907,0.04176666587591171,0.029600000008940697,0.11745410412549973,0.1810000091791153,0.08693333715200424,0.2591020166873932,0.43443334102630615,0.18459999561309814,0.5938045382499695,0.8382666707038879,0.45973333716392517,0.6127839684486389,0.3911000192165375,1.0,0.0,1.0,1.0,0.0,1.0,2.5932420655294663e-08,0.0,0.8227653503417969,0.3590545952320099,0.0,0.0,0.0,13.540440559387207,89.77171325683594,0.009973599575459957,0.02763904258608818,0.0365024134516716,0.03701135888695717,0.0,0.023134037852287292,0.05471000820398331,0.5275862216949463,0.035768140107393265,0.08345743268728256,0.3124712407588959,0.03747176378965378,0.09516579657793045,0.26795580983161926,0.04420158267021179,0.08506950736045837,0.21635884046554565,0.03081042319536209,0.07837295532226562,0.4318825602531433,0.15396645665168762,0.371464341878891,0.09245742112398148
Cryptopone_sauteri_CASENT0743771_processed.obj,H0_body,0.006049811374396086,0.0809059590101242,0.028179211542010307,0.05272674560546875,0.12337762117385864,0.5021044015884399,0.03849426284432411,0.043966665863990784,0.03423333540558815,0.13476461172103882,0.187866672873497,0.10506666451692581,0.30664682388305664,0.45313334465026855,0.23173333704471588,0.6893052458763123,0.8695999979972839,0.5709333419799805,0.7081182599067688,0.26323333382606506,1.0,0.0,1.0,1.0,0.0,1.0,2.600236115313237e-08,0.0,0.8289649486541748,0.3795972466468811,0.0,0.0,0.0,13.368956565856934,86.96625518798828,0.00906098261475563,0.019639769569039345,0.03136089816689491,0.020092735067009926,0.0,0.028983227908611298,0.072293721139431,0.4256705045700073,0.020426245406270027,0.05051300674676895,0.5996318459510803,0.016934044659137726,0.03777565807104111,0.7237569093704224,0.042169004678726196,0.08008556813001633,0.139841690659523,0.02757100760936737,0.06892122328281403,0.45506054162979126,0.06116103753447533,0.17781446874141693,0.2737226188182831
Cyphoidris_afrc-tz01_CASENT0744810_processed.obj,H0_body,0.033314820379018784,0.18012385070323944,0.03288894519209862,0.14723490178585052,0.34192460775375366,0.47179120779037476,0.013384364545345306,0.017866667360067368,0.010700000450015068,0.044697798788547516,0.09490000456571579,0.029233334586024284,0.10646922886371613,0.3526333272457123,0.06270000338554382,0.2866857647895813,0.7937666773796082,0.1749333292245865,0.5132713317871094,0.5009000301361084,1.0,0.0,1.0,1.0,0.0,1.0,2.483090000282573e-08,0.0,0.7947202324867249,0.2557418644428253,0.0,0.0,0.0,13.379741668701172,96.32198333740234,0.012092174962162971,0.02563907392323017,0.04004628583788872,0.03350715711712837,0.0,0.031360987573862076,0.07628048211336136,0.40268200635910034,0.03542245551943779,0.07419712096452713,0.3097100853919983,0.038539960980415344,0.091438889503479,0.3149171471595764,0.016745800152420998,0.03849594667553902,0.7097625732421875,0.03857862576842308,0.07541494071483612,0.23306721448898315,0.04121827334165573,0.08942040801048279,0.2737226188182831
Cyphomyrmex_cf.minutus_CASENT0744280_processed.obj,H0_body,0.04783081263303757,0.19695107638835907,0.026693547144532204,0.17025752365589142,0.42714956402778625,0.7654761075973511,0.014233260415494442,0.019033333286643028,0.011366667225956917,0.052744850516319275,0.1187666654586792,0.033900000154972076,0.12190340459346771,0.4394666850566864,0.07076666504144669,0.29609644412994385,0.8982000350952148,0.1772666722536087,0.546869695186615,0.5670666694641113,1.0,0.0,1.0,1.0,0.0,1.0,2.811215971121328e-08,0.0,0.7760511040687561,0.23446792364120483,0.0,0.0,0.0,13.334001541137695,98.74577331542969,0.01313516590744257,0.014424211345613003,0.016799025237560272,0.015165618620812893,0.0,0.025353705510497093,0.05603538081049919,0.4559386968612671,0.028488226234912872,0.06327780336141586,0.3686148226261139,0.04401044920086861,0.09104585647583008,0.27348068356513977,0.026367127895355225,0.05593157932162285,0.3984169065952301,0.0269341841340065,0.06132416054606438,0.44115376472473145,0.042367104440927505,0.0919724628329277,0.26399025321006775
Dilobocondyla_fouqueti_CASENT0745576_processed.obj,H0_body,0.008491482585668564,0.08799406886100769,0.02751489356160164,0.06047917529940605,0.1588212549686432,0.4571734666824341,0.036359161138534546,0.04073333367705345,0.03283333405852318,0.13521425426006317,0.1897333413362503,0.10503333806991577,0.31822413206100464,0.4577000141143799,0.24390000104904175,0.6799649000167847,0.864466667175293,0.560366690158844,0.6999630331993103,0.2321000099182129,1.0,0.0,1.0,1.0,0.0,1.0,2.9461377337725025e-08,0.0,0.8004288673400879,0.3238273561000824,0.0,0.0,0.0,13.822482109069824,98.76393127441406,0.012907011434435844,0.009458267129957676,0.011239875108003616,0.009876219555735588,0.0,0.02773650735616684,0.07162594050168991,0.4413793087005615,0.029999377205967903,0.0638841912150383,0.3971468210220337,0.020539095625281334,0.04816169664263725,0.5966851115226746,0.01715855486690998,0.04199299216270447,0.6543536186218262,0.027562255039811134,0.09943670779466629,0.5441668629646301,0.06464771926403046,0.16632810235023499,0.23600973188877106
Dorylus_fulvus_CASENT0745678_processed.obj,H0_body,0.006182064302265644,0.08718143403530121,0.03454897180199623,0.052632465958595276,0.1278637945652008,0.31356552243232727,0.035475730895996094,0.0406000018119812,0.03150000050663948,0.12088041752576828,0.16473333537578583,0.09546666592359543,0.2676888406276703,0.3686666786670685,0.21013332903385162,0.6256952285766602,0.7423333525657654,0.5407333374023438,0.6456040143966675,0.2746666669845581,1.0,0.0,1.0,1.0,0.0,1.0,2.8085928249765857e-08,0.0,0.8232918381690979,0.3654610514640808,0.0,0.0,0.0,13.29808235168457,90.97752380371094,0.0102343475446105,0.002552956808358431,0.005119426641613245,0.002684057457372546,0.0,0.029761414974927902,0.06754681468009949,0.3942528963088989,0.0441838838160038,0.08692236244678497,0.24068109691143036,0.034900788217782974,0.09019549190998077,0.43370166420936584,0.06833025813102722,0.10856764018535614,0.0,0.033330388367176056,0.09736872464418411,0.4241565763950348,0.050697699189186096,0.24009598791599274,0.46836981177330017
Eciton_hamatum_CASENT0744580_processed.obj,H0_body,0.0030549271032214165,0.06184330955147743,0.027851201593875885,0.03399210795760155,0.08186947554349899,0.2285865992307663,0.06467916816473007,0.06956666707992554,0.06043333560228348,0.1842970997095108,0.21273332834243774,0.1625666618347168,0.3790542185306549,0.4262000024318695,0.34130001068115234,0.8336191177368164,0.8702666759490967,0.7999333143234253,0.6122886538505554,0.3461666703224182,1.0,0.0,1.0,1.0,0.0,1.0,2.8627948012172055e-08,0.0,0.8011566996574402,0.34051811695098877,0.0,0.0,0.0,14.252141952514648,101.11640930175781,0.012874417938292027,0.005764391273260117,0.013941195793449879,0.005984002258628607,0.0,0.024275148287415504,0.058087095618247986,0.49425289034843445,0.0313023142516613,0.057224903255701065,0.2526461184024811,0.01969527080655098,0.04673292487859726,0.5552486181259155,0.01603119447827339,0.03169424459338188,0.7097625732421875,0.03282614424824715,0.08231654763221741,0.4063868224620819,0.05336882546544075,0.17419518530368805,0.277372270822525
Ectatomma_brunneum_CASENT0744575_processed.obj,H0_body,0.024898575618863106,0.1581181436777115,0.043821338564157486,0.1142968013882637,0.2971965968608856,0.7585859298706055,0.014742941595613956,0.017633333802223206,0.012666666880249977,0.0549614354968071,0.09706667065620422,0.038333334028720856,0.14310956001281738,0.3095666766166687,0.09306667000055313,0.36688917875289917,0.6451333165168762,0.2563333213329315,0.655876636505127,0.26766666769981384,1.0,0.0,1.0,1.0,0.0,1.0,2.240346930193482e-08,0.0,0.8242385983467102,0.3469401001930237,0.0,0.0,0.0,13.358548164367676,93.46726989746094,0.01095140352845192,0.032399218529462814,0.057457104325294495,0.033948738127946854,0.0,0.05209370702505112,0.11099647730588913,0.23256705701351166,0.04438352212309837,0.09901531040668488,0.27473539113998413,0.025427179411053658,0.05520977824926376,0.480663001537323,0.022509513422846794,0.045625921338796616,0.45646440982818604,0.041882000863552094,0.15194472670555115,0.39119237661361694,0.03978593647480011,0.10401187092065811,0.312652051448822
Eurhopalothrix_procera_CASENT0745605_processed.obj,H0_body,0.010358860716223717,0.10605773329734802,0.03530273586511612,0.0707549974322319,0.15800921618938446,0.6560719609260559,0.022459400817751884,0.025499999523162842,0.02006666734814644,0.08512628078460693,0.13063333928585052,0.06313333660364151,0.20222602784633636,0.35636666417121887,0.14116667211055756,0.5449303388595581,0.7888333201408386,0.4162333309650421,0.6964662671089172,0.23613333702087402,1.0,0.0,1.0,1.0,0.0,1.0,2.5751750953872943e-08,0.0,0.8142925500869751,0.3656482696533203,0.0,0.0,0.0,13.421515464782715,96.8373031616211,0.011668459512293339,0.031019171699881554,0.04840841516852379,0.03678356111049652,0.0,0.027879012748599052,0.06879057735204697,0.44214561581611633,0.0370824821293354,0.09614455699920654,0.34882652759552,0.0351397804915905,0.06742771714925766,0.26243093609809875,0.017374159768223763,0.04096250236034393,0.6965699195861816,0.04098256677389145,0.12036661058664322,0.4303373694419861,0.09884575754404068,0.2511736750602722,0.29927006363868713
Heteroponera_panamensis_CASENT0744055_processed.obj,H0_body,0.026014935225248337,0.16405335068702698,0.034029390662908554,0.13002395629882812,0.2797510325908661,0.4852811396121979,0.01505508553236723,0.01899999938905239,0.012466667219996452,0.053357675671577454,0.1073666661977768,0.03550000116229057,0.12970291078090668,0.3649333417415619,0.07886666804552078,0.3291952311992645,0.7807666659355164,0.20856666564941406,0.5564802885055542,0.4891666769981384,1.0,0.0,1.0,1.0,0.0,1.0,2.383719888143787e-08,0.0,0.7775370478630066,0.28615060448646545,0.0,0.0,0.0,13.027276992797852,90.00946044921875,0.010006193071603775,0.012653888203203678,0.03437591344118118,0.013321645557880402,0.0,0.029398296028375626,0.06982266902923584,0.4291187822818756,0.03828210383653641,0.1052652969956398,0.3400828540325165,0.0506792776286602,0.10607772320508957,0.215469628572464,0.032571546733379364,0.07194620370864868,0.3667546212673187,0.04078085348010063,0.0939248576760292,0.24800412356853485,0.035854682326316833,0.08216499537229538,0.3406325876712799
Labidus_praedator_CASENT0744236_processed.obj,H0_body,0.01640624925494194,0.09017618000507355,0.02308296039700508,0.06709321588277817,0.33710500597953796,0.745121419429779,0.09176105260848999,0.09883333742618561,0.08563333749771118,0.267468124628067,0.30406665802001953,0.23873333632946014,0.48043230175971985,0.5599333643913269,0.4207000136375427,0.7939482927322388,0.9199000000953674,0.6983333230018616,0.7635420560836792,0.21306666731834412,1.0,0.0,1.0,1.0,0.0,1.0,2.8348198455319107e-08,0.0,0.8112981915473938,0.3492785394191742,0.0,0.0,0.0,13.405355453491211,98.97685241699219,0.013591473922133446,0.011698124930262566,0.01741049438714981,0.012939237989485264,0.0,0.019526196643710136,0.053977418690919876,0.6084291338920593,0.02461852878332138,0.04844262823462486,0.4086516499519348,0.01601557433605194,0.03257610276341438,0.6823204755783081,0.02163323387503624,0.038645029067993164,0.448548823595047,0.026933059096336365,0.07259257882833481,0.5207313895225525,0.09549015015363693,0.30124104022979736,0.11800486594438553
Labidus_praedator_CASENT0744237_processed.obj,H0_body,0.012609672732651234,0.0929805338382721,0.024705689400434494,0.0682748481631279,0.24884942173957825,0.5524611473083496,0.049921948462724686,0.05950000137090683,0.0430000014603138,0.1635185331106186,0.24530000984668732,0.12263333797454834,0.352851003408432,0.5343000292778015,0.26339998841285706,0.6973137855529785,0.8855666518211365,0.5750666856765747,0.7017658352851868,0.2721666693687439,1.0,0.0,1.0,1.0,0.0,1.0,3.338958265430847e-08,0.0,0.778839111328125,0.2944728136062622,0.0,0.0,0.0,13.49311637878418,100.2451171875,0.012907011434435844,0.0107890535145998,0.024967128410935402,0.011425686068832874,0.0,0.019083723425865173,0.04695495590567589,0.624904215335846,0.030691443011164665,0.07962886989116669,0.40128853917121887,0.023427342996001244,0.05354120209813118,0.5331491827964783,0.020673707127571106,0.04386826232075691,0.5250659584999084,0.036344435065984726,0.08650296181440353,0.3590007722377777,0.03822034224867821,0.10576072335243225,0.3625304102897644
Lasius_nr._fuliginosus_CASENT0878037_processed.obj,H0_body,0.004271822050213814,0.06449152529239655,0.023782853037118912,0.040708668529987335,0.11297253519296646,0.3896608352661133,0.06161568686366081,0.06863333284854889,0.05590000003576279,0.2052994668483734,0.2598000168800354,0.1696999967098236,0.4308103024959564,0.5579333305358887,0.3508666753768921,0.8033017516136169,0.8964333534240723,0.7276999950408936,0.7481330633163452,0.19526666402816772,1.0,0.0,1.0,1.0,0.0,1.0,2.6576438827419224e-08,0.0,0.8258818984031677,0.34193500876426697,0.0,0.0,0.0,13.313714981079102,103.86810302734375,0.014438903890550137,0.017354508861899376,0.02820175141096115,0.017699116840958595,0.0,0.01988750509917736,0.0452292263507843,0.5919540524482727,0.02317408099770546,0.07151585817337036,0.6410492658615112,0.01472688838839531,0.029524847865104675,0.7403315305709839,0.023261921480298042,0.060060035437345505,0.5910290479660034,0.030152153223752975,0.08944270014762878,0.48313161730766296,0.043009575456380844,0.10495319962501526,0.2968369722366333
Lioponera_daikoku_OKENT0105067_processed.obj,H0_body,0.022184886038303375,0.1574481874704361,0.04677271097898483,0.11067547649145126,0.24229392409324646,0.47827205061912537,0.012934255413711071,0.015366666950285435,0.011166666634380817,0.052088018506765366,0.08776666969060898,0.037033334374427795,0.12865886092185974,0.2779666781425476,0.08370000123977661,0.3545789420604706,0.6399000287055969,0.24523334205150604,0.5640390515327454,0.3614666759967804,1.0,0.0,1.0,1.0,0.0,1.0,2.5576909479241294e-08,0.0,0.7886662483215332,0.322000116109848,0.0,0.0,0.0,13.624978065490723,97.3865737915039,0.012450703419744968,0.08831262588500977,0.12522462010383606,0.0951281189918518,0.0,0.04297398403286934,0.11110059916973114,0.2904214560985565,0.040174003690481186,0.09967324882745743,0.3262770473957062,0.045546792447566986,0.11384967714548111,0.2845304012298584,0.026186631992459297,0.05773011967539787,0.46174144744873047,0.050742991268634796,0.10636349022388458,0.17692506313323975,0.11407823115587234,0.291936457157135,0.16545012593269348
Mayriella_sp._CASENT0745610_processed.obj,H0_body,0.012644065544009209,0.11480122059583664,0.03172564506530762,0.08307557553052902,0.18390479683876038,0.5045357942581177,0.02427917718887329,0.029766667634248734,0.020500000566244125,0.08785335719585419,0.1560666710138321,0.061133332550525665,0.19937817752361298,0.41946667432785034,0.13076667487621307,0.48027169704437256,0.8084666728973389,0.3416000008583069,0.5898281931877136,0.47546666860580444,1.0,0.0,1.0,1.0,0.0,1.0,2.5696383687545676e-08,0.0,0.8097866177558899,0.34962278604507446,0.0,0.0,0.0,13.3167142868042,90.763671875,0.010332128033041954,0.012508800253272057,0.01935908943414688,0.012328704819083214,0.0,0.03406655043363571,0.0870542973279953,0.4241379499435425,0.03864124417304993,0.11018374562263489,0.37229636311531067,0.034281738102436066,0.0920148640871048,0.3287293016910553,0.03987640142440796,0.07013861835002899,0.20052771270275116,0.027493415400385857,0.06501364707946777,0.4370332360267639,0.06919512152671814,0.23015668988227844,0.22871045768260956
Mesoponera_ambigua_CASENT0745584_processed.obj,H0_body,0.021801568567752838,0.13714644312858582,0.02919887751340866,0.10794755816459656,0.2964283227920532,0.565529465675354,0.025827638804912567,0.031966667622327805,0.021666666492819786,0.0927000641822815,0.16406667232513428,0.06459999829530716,0.2011518031358719,0.42910000681877136,0.13136667013168335,0.43981242179870605,0.841533362865448,0.29770001769065857,0.5929957032203674,0.43656668066978455,1.0,0.0,1.0,1.0,0.0,1.0,2.3120334091686345e-08,0.0,0.8011312484741211,0.29852616786956787,0.0,0.0,0.0,13.54532527923584,92.8630142211914,0.011016590520739555,0.01658555120229721,0.03634442389011383,0.01645052060484886,0.0,0.026288263499736786,0.07410760223865509,0.5137931108474731,0.02990441769361496,0.05727514252066612,0.3087897002696991,0.027870692312717438,0.05899851769208908,0.3618784546852112,0.03272700309753418,0.06750918924808502,0.37730872631073,0.032530032098293304,0.07874999195337296,0.38320887088775635,0.04650701582431793,0.1153692677617073,0.30900242924690247
Myrmecina_ryukyuensis_OKENT0105085_processed.obj,H0_body,0.006193266250193119,0.08309949934482574,0.030652381479740143,0.0524471178650856,0.1434616595506668,0.3887014389038086,0.027392029762268066,0.03220000118017197,0.02383333444595337,0.0964348241686821,0.13189999759197235,0.07599999755620956,0.24552834033966064,0.3416000008583069,0.19163332879543304,0.7099754214286804,0.8467666506767273,0.6112333536148071,0.7376219630241394,0.2258666753768921,1.0,0.0,1.0,1.0,0.0,1.0,2.613641214566087e-08,0.0,0.8154582381248474,0.3487871587276459,0.0,0.0,0.0,13.3059720993042,89.95025634765625,0.009973599575459957,0.003819097997620702,0.008079570718109608,0.004060306120663881,0.0,0.029082966968417168,0.06088472157716751,0.33563220500946045,0.031214110553264618,0.0698600709438324,0.2765761613845825,0.031069371849298477,0.09413205087184906,0.43370166420936584,0.026959024369716644,0.06945230811834335,0.5092348456382751,0.0340326763689518,0.09580658376216888,0.4617563784122467,0.0402410514652729,0.12667962908744812,0.510948896408081
Myrmecina_sp._CASENT0745613_processed.obj,H0_body,0.015482324175536633,0.11611606180667877,0.02771652303636074,0.08839953690767288,0.22916273772716522,0.6613101363182068,0.03147898614406586,0.03883333504199982,0.026466667652130127,0.1069609522819519,0.18516667187213898,0.07519999891519547,0.2370564490556717,0.48056668043136597,0.15733332931995392,0.5212788581848145,0.8564000129699707,0.37466666102409363,0.6462409496307373,0.3721666634082794,1.0,0.0,1.0,1.0,0.0,1.0,2.962166156805779e-08,0.0,0.7907364964485168,0.3103716969490051,0.0,0.0,0.0,13.479331970214844,92.89903259277344,0.01056028250604868,0.0047869267873466015,0.013807862065732479,0.005019768141210079,0.0,0.025338826701045036,0.06078715622425079,0.4954023063182831,0.027708692476153374,0.06818242371082306,0.4832029640674591,0.01987103745341301,0.055773619562387466,0.6629834771156311,0.024719083681702614,0.04868859052658081,0.4010554254055023,0.03199704736471176,0.08767545968294144,0.4318825602531433,0.04796295985579491,0.21920984983444214,0.4282238483428955
Nesomyrmex_angulatus_CASENT0744820_processed.obj,H0_body,0.011944731697440147,0.11547590792179108,0.031904496252536774,0.0835714116692543,0.19378790259361267,0.343945175409317,0.026359638199210167,0.03310000151395798,0.021900000050663948,0.09174361824989319,0.16173332929611206,0.06403333693742752,0.20371760427951813,0.42233332991600037,0.13423334062099457,0.4735097289085388,0.8000333309173584,0.3362666666507721,0.6157742142677307,0.4113999903202057,1.0,0.0,1.0,1.0,0.0,1.0,2.723210812405341e-08,0.0,0.7832998633384705,0.3020320236682892,0.0,0.0,0.0,13.679120063781738,100.2253189086914,0.01352628692984581,0.003170672105625272,0.006496875546872616,0.003221099264919758,0.0,0.03825787827372551,0.09567198902368546,0.36245211958885193,0.02750518172979355,0.06063668802380562,0.4146341383457184,0.0266096331179142,0.050429392606019974,0.3977900743484497,0.02993803471326828,0.06638014316558838,0.4538258910179138,0.026608994230628014,0.06468716263771057,0.5011588931083679,0.03388812392950058,0.06177406758069992,0.2846715450286865
Odontomachus_troglodytes_CASENT0744970_processed.obj,H0_body,0.0048888009041547775,0.06838234513998032,0.02681487239897251,0.041567474603652954,0.10527631640434265,0.38775041699409485,0.05974287912249565,0.06670000404119492,0.054099999368190765,0.19311663508415222,0.23653332889080048,0.16316667199134827,0.4190436899662018,0.5308666825294495,0.34613335132598877,0.7840672135353088,0.8849999904632568,0.7038000226020813,0.7073010206222534,0.21636666357517242,1.0,0.0,1.0,1.0,0.0,1.0,2.75118594572632e-08,0.0,0.8188104629516602,0.37765488028526306,0.0,0.0,0.0,13.44859504699707,93.25190734863281,0.010625469498336315,0.0184478759765625,0.05207253247499466,0.02277348004281521,0.0,0.018266377970576286,0.041764918714761734,0.6252873539924622,0.02096903696656227,0.05959964543581009,0.6277036666870117,0.017717251554131508,0.04340685158967972,0.6464088559150696,0.0226118303835392,0.05952199921011925,0.5778364539146423,0.048296548426151276,0.15147018432617188,0.26036569476127625,0.06045517325401306,0.15913918614387512,0.2530413568019867
Oxyopomyrmex_saulcyi_CASENT0745218_processed.obj,H0_body,0.013350440189242363,0.12151208519935608,0.0336143858730793,0.08789770305156708,0.1985655575990677,0.5150414705276489,0.02169768325984478,0.02603333443403244,0.01860000006854534,0.08071085065603256,0.1321333348751068,0.05810000002384186,0.19494864344596863,0.38003334403038025,0.13109999895095825,0.46530598402023315,0.7753000259399414,0.33239999413490295,0.5758269429206848,0.5170333385467529,1.0,0.0,1.0,1.0,0.0,1.0,2.541372090547611e-08,0.0,0.8273798227310181,0.3672100603580475,0.0,0.0,0.0,13.007554054260254,87.61302185058594,0.009256543591618538,0.006117311771959066,0.012983942404389381,0.006900186650454998,0.0,0.030940253287553787,0.08072569221258163,0.45900383591651917,0.029926225543022156,0.07158932089805603,0.40589049458503723,0.05491308122873306,0.09818577766418457,0.14364641904830933,0.024671917781233788,0.055938273668289185,0.4670184850692749,0.034271880984306335,0.0809982493519783,0.33917075395584106,0.06971179693937302,0.2154843658208847,0.16788321733474731
Polyrhachis_decemdentata_CASENT0744779_processed.obj,H0_body,0.012031573802232742,0.10446543991565704,0.029942769557237625,0.07452267408370972,0.17652566730976105,0.6395164728164673,0.025467772036790848,0.030233332887291908,0.02199999988079071,0.10059655457735062,0.16076666116714478,0.07320000231266022,0.239219069480896,0.43023332953453064,0.16566666960716248,0.5782545804977417,0.8350000381469727,0.44226667284965515,0.620460569858551,0.4249333441257477,1.0,0.0,1.0,1.0,0.0,1.0,2.983147240342987e-08,0.0,0.7859748601913452,0.2723463475704193,0.0,0.0,0.0,13.512300491333008,98.09284973144531,0.013004791922867298,0.014854207634925842,0.020183680579066277,0.020737769082188606,0.0,0.02820163406431675,0.07279881089925766,0.4678161144256592,0.029660018160939217,0.0770532488822937,0.4670961797237396,0.039037514477968216,0.0821075513958931,0.27348068356513977,0.034818198531866074,0.06702478229999542,0.28232190012931824,0.0289921835064888,0.09174123406410217,0.4689672887325287,0.04286515712738037,0.1765764206647873,0.5024330615997314
Polyrhachis_dives_CASENT0878093_processed.obj,H0_body,0.02139061503112316,0.14329878985881805,0.03219959884881973,0.11109919100999832,0.2870086431503296,0.5083234310150146,0.015727104619145393,0.019100001081824303,0.013366666622459888,0.06441986560821533,0.11483333259820938,0.04476666823029518,0.17722417414188385,0.40666666626930237,0.11330000311136246,0.4174861013889313,0.8046333193778992,0.2818666696548462,0.6334367990493774,0.383566677570343,1.0,0.0,1.0,1.0,0.0,1.0,2.3254381531501167e-08,0.0,0.8035021424293518,0.30081409215927124,0.0,0.0,0.0,13.23552131652832,94.4815444946289,0.011277338489890099,0.019848674535751343,0.03766800835728645,0.020831909030675888,0.0,0.03460458293557167,0.08104443550109863,0.36704981327056885,0.037771113216876984,0.09350968897342682,0.32857799530029297,0.03716963157057762,0.10922718048095703,0.3535911738872528,0.0302109494805336,0.06493023782968521,0.3324538469314575,0.02945103868842125,0.07933815568685532,0.4468194842338562,0.0448937751352787,0.13205671310424805,0.30048662424087524
Ponera_kohmoku_OKENT0105440_processed.obj,H0_body,0.008292936719954014,0.09610343724489212,0.03317725658416748,0.06292618066072464,0.15560179948806763,0.38199755549430847,0.03251510486006737,0.03750000149011612,0.028699999675154686,0.11088782548904419,0.15933333337306976,0.08503333479166031,0.25212571024894714,0.37870001792907715,0.18896666169166565,0.5932391285896301,0.7878333330154419,0.47573333978652954,0.6338582038879395,0.4017333388328552,1.0,0.0,1.0,1.0,0.0,1.0,2.6523983009951735e-08,0.0,0.8140808343887329,0.35639092326164246,0.0,0.0,0.0,13.240251541137695,91.48802185058594,0.010625469498336315,0.004091349896043539,0.008011705242097378,0.004242725670337677,0.0,0.03279149532318115,0.06978292018175125,0.2931034564971924,0.029065093025565147,0.06388518214225769,0.41923609375953674,0.025036225095391273,0.06068526208400726,0.5138121843338013,0.023313965648412704,0.03970256820321083,0.38786280155181885,0.03200462833046913,0.07849058508872986,0.43059492111206055,0.1133013442158699,0.25600099563598633,0.008515815250575542
Ponera_tamon_OKENT0105154_processed.obj,H0_body,0.0036453052889555693,0.06043993681669235,0.023648839443922043,0.03679109737277031,0.10715106129646301,0.25131067633628845,0.06529909372329712,0.07383333146572113,0.058533333241939545,0.21063928306102753,0.2639000117778778,0.17526666820049286,0.4640243947505951,0.5744666457176208,0.38920000195503235,0.8272792100906372,0.9104000329971313,0.7580666542053223,0.7115169763565063,0.26980000734329224,1.0,0.0,1.0,1.0,0.0,1.0,2.9586686878246837e-08,0.0,0.808584988117218,0.35621562600135803,0.0,0.0,0.0,13.371045112609863,98.9289779663086,0.013102572411298752,0.013926854357123375,0.01681368239223957,0.01480844710022211,0.0,0.019147396087646484,0.04705950245261192,0.619157075881958,0.01641794852912426,0.03589664027094841,0.706856906414032,0.010891769081354141,0.022600481286644936,0.8729282021522522,0.02080301009118557,0.051508717238903046,0.5778364539146423,0.033702194690704346,0.09594734758138657,0.44295647740364075,0.11422530561685562,0.22003518044948578,0.07785888016223907
Pseudolasius_sp._CASENT0878065_processed.obj,H0_body,0.026238244026899338,0.1528259962797165,0.03856879100203514,0.11425720155239105,0.3551582992076874,0.6442157030105591,0.01840398646891117,0.022166667506098747,0.01573333330452442,0.07052144408226013,0.12156666815280914,0.049666665494441986,0.16141462326049805,0.3379000127315521,0.1060333326458931,0.4009057879447937,0.6941999793052673,0.28183335065841675,0.6461477875709534,0.35899999737739563,1.0,0.0,1.0,1.0,0.0,1.0,2.454531689011219e-08,0.0,0.8235838413238525,0.2928815484046936,0.0,0.0,0.0,13.216339111328125,96.55548095703125,0.012287735939025879,0.05223962292075157,0.05934680625796318,0.058210112154483795,0.0,0.03770437836647034,0.08341517299413681,0.35517242550849915,0.03560371696949005,0.08515556901693344,0.3267372250556946,0.0451175794005394,0.10192292928695679,0.31767958402633667,0.028080707415938377,0.0651484951376915,0.44063326716423035,0.035399965941905975,0.07732300460338593,0.30157095193862915,0.08182857930660248,0.2927727997303009,0.12165450304746628
Pseudomyrmex_cf.solis_CASENT0744065_processed.obj,H0_body,0.004328351002186537,0.06481914967298508,0.02289370633661747,0.04192544147372246,0.1262352466583252,0.24558691680431366,0.09614366292953491,0.10590000450611115,0.08803333342075348,0.26838237047195435,0.3253333270549774,0.22840000689029694,0.47962939739227295,0.5961000323295593,0.40123334527015686,0.7694030404090881,0.8892333507537842,0.6780333518981934,0.7181675434112549,0.25760000944137573,1.0,0.0,1.0,1.0,0.0,1.0,3.38354197992885e-08,0.0,0.7879133820533752,0.2949153184890747,0.0,0.0,0.0,13.715543746948242,104.2509994506836,0.015253741294145584,0.006187459919601679,0.009255467914044857,0.006443270482122898,0.0,0.013506884686648846,0.03244313225150108,0.7934865951538086,0.02972964011132717,0.06973867118358612,0.3966866135597229,0.029721328988671303,0.06836193054914474,0.41436466574668884,0.04566982015967369,0.08891326934099197,0.12664908170700073,0.033562324941158295,0.09328020364046097,0.44012361764907837,0.06090545281767845,0.12154925614595413,0.21289537847042084
Solenopsis_invicta_CASENT0744384_processed.obj,H0_body,0.01656411588191986,0.12014418840408325,0.03307434171438217,0.08706984668970108,0.24191299080848694,0.7457143664360046,0.02326359786093235,0.027800001204013824,0.019999999552965164,0.08135219663381577,0.13636666536331177,0.05796666815876961,0.18815821409225464,0.37576666474342346,0.12550000846385956,0.5020169019699097,0.8169666528701782,0.3623333275318146,0.5414845943450928,0.5116666555404663,1.0,0.0,1.0,1.0,0.0,1.0,2.674545385161764e-08,0.0,0.8100695610046387,0.32592177391052246,0.0,0.0,0.0,13.473350524902344,92.12980651855469,0.010495095513761044,0.01588914543390274,0.027182266116142273,0.019024385139346123,0.0,0.027272019535303116,0.06168230623006821,0.4137931168079376,0.03349928557872772,0.07771652191877365,0.3497469127178192,0.027791541069746017,0.05502038076519966,0.3839779198169708,0.027013538405299187,0.05196996405720711,0.3667546212673187,0.041229091584682465,0.12949238717556,0.36389389634132385,0.09566013514995575,0.34307345747947693,0.30900242924690247
Stigmatomma_FHG02_CASENT0745561_processed.obj,H0_body,0.018921419978141785,0.1208610087633133,0.028465788811445236,0.09239521622657776,0.2585941255092621,0.66045743227005,0.03253468498587608,0.03996666893362999,0.027433333918452263,0.11385161429643631,0.1813666671514511,0.08296667039394379,0.2828913629055023,0.48100000619888306,0.20036667585372925,0.5582494735717773,0.8491666913032532,0.415800005197525,0.6328240036964417,0.32829999923706055,1.0,0.0,1.0,1.0,0.0,1.0,2.581294999970396e-08,0.0,0.8004080653190613,0.3072405457496643,0.0,0.0,0.0,13.326338768005371,105.16901397705078,0.014047782868146896,0.010616878047585487,0.013317592442035675,0.011126751080155373,0.0,0.02696107141673565,0.06985065340995789,0.4954023063182831,0.029757237061858177,0.06282652914524078,0.39162448048591614,0.014177507720887661,0.03570970892906189,0.8259668946266174,0.022924207150936127,0.054238203912973404,0.5408971309661865,0.03737284243106842,0.09708550572395325,0.36904457211494446,0.036473579704761505,0.10182445496320724,0.40997567772865295
Strumigenys_alberti_CASENT0878103_processed.obj,H0_body,0.020685791969299316,0.13858895003795624,0.031937602907419205,0.10665134340524673,0.2846463918685913,0.4985445439815521,0.021215708926320076,0.026399999856948853,0.017733333632349968,0.07869186252355576,0.1433333307504654,0.054233334958553314,0.17731255292892456,0.3971666693687439,0.1141333356499672,0.4517233669757843,0.8137666583061218,0.31263333559036255,0.6422370076179504,0.30090001225471497,1.0,0.0,1.0,1.0,0.0,1.0,3.144004168120773e-08,0.0,0.7752134203910828,0.18937014043331146,0.0,0.0,0.0,13.799639701843262,107.83145904541016,0.015514488331973553,0.009949679486453533,0.020211203023791313,0.01039342861622572,0.0,0.03236493468284607,0.07201460003852844,0.37164750695228577,0.027147822082042694,0.05749456584453583,0.41555455327033997,0.019862230867147446,0.0484803281724453,0.6712707281112671,0.022465258836746216,0.04258492961525917,0.4670184850692749,0.03969479352235794,0.12190958857536316,0.3546227216720581,0.055187080055475235,0.11643365770578384,0.17883211374282837
Strumigenys_canina_OKENT0105288_processed.obj,H0_body,0.007940554991364479,0.09433846920728683,0.03061004728078842,0.06372842192649841,0.15785640478134155,0.554929792881012,0.02388308197259903,0.02810000069439411,0.020766666159033775,0.0911613255739212,0.13366666436195374,0.06916666775941849,0.22928635776042938,0.3724000155925751,0.16563333570957184,0.598327100276947,0.8270666599273682,0.46869999170303345,0.7259299755096436,0.3294333517551422,1.0,0.0,1.0,1.0,0.0,1.0,2.7584711403960682e-08,0.0,0.8081567883491516,0.33396241068840027,0.0,0.0,0.0,13.155197143554688,88.38381958007812,0.009615072049200535,0.0013864493230357766,0.0035042630042880774,0.0015292692696675658,0.0,0.028563804924488068,0.059861648827791214,0.3842912018299103,0.02296932227909565,0.05406428873538971,0.5085135698318481,0.02160819061100483,0.06622935831546783,0.6685082912445068,0.023351814597845078,0.04652205854654312,0.45646440982818604,0.03157900273799896,0.09317876398563385,0.422868937253952,0.08331415057182312,0.258588969707489,0.17639902234077454
Strumigenys_crassicornis_CASENT0744273_processed.obj,H0_body,0.01529786642640829,0.12320160120725632,0.030962927266955376,0.09223867207765579,0.21986085176467896,0.5821247696876526,0.02297174371778965,0.029200000688433647,0.018933333456516266,0.07697080820798874,0.14570000767707825,0.05230000242590904,0.17945004999637604,0.4133666753768921,0.11460000276565552,0.44558990001678467,0.8051333427429199,0.3080333471298218,0.642284095287323,0.3234666585922241,1.0,0.0,1.0,1.0,0.0,1.0,2.7911088551491048e-08,0.0,0.7931283116340637,0.2625143826007843,0.0,0.0,0.0,13.454111099243164,95.49795532226562,0.011440305970609188,0.006726468447595835,0.01689973473548889,0.007140256464481354,0.0,0.031105363741517067,0.07808535546064377,0.4329501986503601,0.03873404860496521,0.07986196130514145,0.2627703547477722,0.02806393802165985,0.06972883641719818,0.4751381278038025,0.022678466513752937,0.050789520144462585,0.49076518416404724,0.03044671192765236,0.07273638993501663,0.4339428246021271,0.04784509912133217,0.10807788372039795,0.25669100880622864
Strumigenys_sp._appretiata_group_CASENT0744156_processed.obj,H0_body,0.005570031236857176,0.0833190530538559,0.0327499695122242,0.0505690835416317,0.11483859270811081,0.34930163621902466,0.02898440696299076,0.033399999141693115,0.025600001215934753,0.11039690673351288,0.15520000457763672,0.08566666394472122,0.2639921307563782,0.38100001215934753,0.20196667313575745,0.6497677564620972,0.7901000380516052,0.5517666935920715,0.6885761022567749,0.29170000553131104,1.0,0.0,1.0,1.0,0.0,1.0,2.7138856495412256e-08,0.0,0.816804826259613,0.3592175543308258,0.0,0.0,0.0,13.205300331115723,93.8879165649414,0.011049184016883373,0.005131160840392113,0.019459273666143417,0.00530975079163909,0.0,0.032555680721998215,0.07199183851480484,0.349042147397995,0.035013049840927124,0.0763227790594101,0.3663138449192047,0.019607456400990486,0.05270236358046532,0.6546961665153503,0.02651694230735302,0.05181261897087097,0.37203168869018555,0.03139523044228554,0.09492599219083786,0.4898274540901184,0.121769018471241,0.32296574115753174,0.06204379349946976
Strumigenys_stenorhina_OKENT0105268_processed.obj,H0_body,0.00447303568944335,0.060949958860874176,0.02495826594531536,0.035991691052913666,0.09724156558513641,0.3553263545036316,0.06881514936685562,0.07649999856948853,0.06253333389759064,0.21240511536598206,0.25093334913253784,0.18413333594799042,0.4661153554916382,0.5433000326156616,0.408133327960968,0.8557373285293579,0.8993000388145447,0.8162000179290771,0.6912906169891357,0.31333333253860474,1.0,0.0,1.0,1.0,0.0,1.0,3.121566294339573e-08,0.0,0.8070623874664307,0.3190927505493164,0.0,0.0,0.0,13.317559242248535,96.81378173828125,0.012287735939025879,0.007183123379945755,0.013754168525338173,0.0075095100328326225,0.0,0.02204258367419243,0.05922811105847359,0.5716475248336792,0.018522150814533234,0.038040272891521454,0.6115968823432922,0.02045007050037384,0.05995473265647888,0.6049724221229553,0.012022417970001698,0.0237885769456625,0.8759894967079163,0.03187162056565285,0.09486191719770432,0.43780583143234253,0.11943989992141724,0.3305530548095703,0.12773722410202026
Syllophopsis_sechellensis_OKENT0105212_processed.obj,H0_body,0.006627324968576431,0.07822930812835693,0.03245716542005539,0.04577214643359184,0.14159031212329865,0.4579678475856781,0.05609027296304703,0.06083333492279053,0.05203333497047424,0.1852189153432846,0.21746666729450226,0.16130000352859497,0.3991071879863739,0.47466668486595154,0.3443000018596649,0.7446025013923645,0.8344333171844482,0.6722333431243896,0.6862279772758484,0.2577333450317383,1.0,0.0,1.0,1.0,0.0,1.0,2.8820283048958117e-08,0.0,0.8127636313438416,0.3650267720222473,0.0,0.0,0.0,13.40516471862793,97.34716033935547,0.012744043953716755,0.06173758581280708,0.07013026624917984,0.06387978047132492,0.0,0.02081473171710968,0.051188841462135315,0.573180079460144,0.022982709109783173,0.060907844454050064,0.5747814178466797,0.015555661171674728,0.03306952491402626,0.6988950371742249,0.02305736020207405,0.06004028767347336,0.5672823190689087,0.056090470403432846,0.164594367146492,0.228174090385437,0.15057213604450226,0.3711499571800232,0.03892944008111954
Temnothorax_congruus_OKENT0105443_processed.obj,H0_body,0.009646072052419186,0.10923278331756592,0.04198351129889488,0.06724927574396133,0.16344113647937775,0.2859150171279907,0.024251438677310944,0.0270666666328907,0.021966665983200073,0.08517488837242126,0.11340000480413437,0.0681999996304512,0.19923077523708344,0.2775000035762787,0.15540000796318054,0.546864926815033,0.7019667029380798,0.4478999972343445,0.6675193905830383,0.3395000100135803,1.0,0.0,1.0,1.0,0.0,1.0,2.5568164474520927e-08,0.0,0.8401179909706116,0.41041940450668335,0.0,0.0,0.0,12.959162712097168,80.47931671142578,0.007757244165986776,0.019031427800655365,0.026796305552124977,0.019596002995967865,0.0,0.03712160885334015,0.09819494187831879,0.357854425907135,0.026333296671509743,0.045109398663043976,0.2908421456813812,0.02146272361278534,0.04007008671760559,0.4917127192020416,0.01724998466670513,0.04177424684166908,0.6912928819656372,0.04741296172142029,0.10484673082828522,0.19546742737293243,0.1272711157798767,0.24746522307395935,0.0
Temnothorax_sp._OKENT0105336_processed.obj,H0_body,0.009924438782036304,0.10300911217927933,0.030779309570789337,0.07222980260848999,0.16982635855674744,0.37928324937820435,0.02929258905351162,0.0351666659116745,0.025100000202655792,0.10340443253517151,0.16760000586509705,0.07476666569709778,0.23747077584266663,0.42106667160987854,0.16536666452884674,0.5548851490020752,0.8214666843414307,0.41893333196640015,0.5899471044540405,0.4715000092983246,1.0,0.0,1.0,1.0,0.0,1.0,2.816461375232393e-08,0.0,0.8290863633155823,0.3877330720424652,0.0,0.0,0.0,13.557202339172363,94.56092834472656,0.010723249055445194,0.01496481616050005,0.018631312996149063,0.016685932874679565,0.0,0.02771722339093685,0.07152161747217178,0.4842911958694458,0.0220271535217762,0.047645650804042816,0.5342844128608704,0.018652237951755524,0.05172190070152283,0.6685082912445068,0.033749960362911224,0.06586042046546936,0.3113456666469574,0.03994758427143097,0.09939113259315491,0.28225600719451904,0.060938023030757904,0.15199823677539825,0.11435522884130478
Tetramorium_kraepelini_CASENT0744084_processed.obj,H0_body,0.007386317010968924,0.08761557936668396,0.028424523770809174,0.059191055595874786,0.14741361141204834,0.3886103332042694,0.028103208169341087,0.033766668289899826,0.024066666141152382,0.1134832426905632,0.1764666736125946,0.08363333344459534,0.27502772212028503,0.46993333101272583,0.19439999759197235,0.6626695394515991,0.8606666922569275,0.5387333631515503,0.6469414234161377,0.4887666702270508,1.0,0.0,1.0,1.0,0.0,1.0,2.634039830695656e-08,0.0,0.8177266716957092,0.3729263246059418,0.0,0.0,0.0,13.15758991241455,87.38835144042969,0.009484698064625263,0.00779836205765605,0.02641180157661438,0.008228406310081482,0.0,0.025460470467805862,0.06296341866254807,0.48544061183929443,0.02090156078338623,0.040591660887002945,0.5223193764686584,0.027665121480822563,0.07215750962495804,0.480663001537323,0.0316062867641449,0.0624365396797657,0.279683381319046,0.027435990050435066,0.07532578706741333,0.502189040184021,0.10403662174940109,0.26110589504241943,0.10705596208572388
Acanthostichus_aff.brevicornis_CASENT0744328_processed.obj,H1_legs,0.0047937678173184395,0.07555830478668213,0.02940981648862362,0.04614848643541336,0.10564503818750381,0.31922468543052673,0.04553975537419319,0.05079999938607216,0.04126666858792305,0.14695163071155548,0.18943333625793457,0.12003333121538162,0.31615036725997925,0.414733350276947,0.2554333508014679,0.7183008790016174,0.8368000388145447,0.6291999816894531,0.629858672618866,0.2869333326816559,1.0,0.0,1.0,1.0,0.0,1.0,2.1992583754126827e-08,0.0,0.83790123462677,0.40305134654045105,0.0,0.0,0.0,13.043400764465332,81.95378875732422,0.008343926630914211,0.001750323222950101,0.004055164288729429,0.001772851450368762,0.0,0.029427995905280113,0.07136645168066025,0.43908047676086426,0.03363053873181343,0.075035460293293,0.2968246638774872,0.031722553074359894,0.060303762555122375,0.2458563596010208,0.03532726690173149,0.07360229641199112,0.32189974188804626,0.02136569656431675,0.0553198978304863,0.5843420028686523,0.012896161526441574,0.029758797958493233,0.8236009478569031
Acromyrmex_coronatus_CASENT0744365_processed.obj,H1_legs,0.0051811314187943935,0.07575629651546478,0.028413984924554825,0.04734230786561966,0.11872357875108719,0.2823561728000641,0.0442391075193882,0.050433333963155746,0.039400000125169754,0.15561342239379883,0.20626667141914368,0.12493333220481873,0.3456856608390808,0.462633341550827,0.27593332529067993,0.7309053540229797,0.8555999994277954,0.6379333138465881,0.6671906113624573,0.26429998874664307,1.0,0.0,1.0,1.0,0.0,1.0,1.9192150091384974e-08,0.0,0.8150548934936523,0.30246150493621826,0.0,0.0,0.0,12.962051391601562,81.94623565673828,0.007952804677188396,0.05252838507294655,0.07276110351085663,0.0582292303442955,0.0,0.02757476083934307,0.059778522700071335,0.4080459773540497,0.03631310909986496,0.09187561273574829,0.31477221846580505,0.08753983676433563,0.19916583597660065,0.13812154531478882,0.031174786388874054,0.058037422597408295,0.30343008041381836,0.025157267227768898,0.07860110700130463,0.5645120143890381,0.015673961490392685,0.057911038398742676,0.7810218930244446
Acromyrmex_lobicornis_CASENT0878007_processed.obj,H1_legs,0.009947804734110832,0.10960927605628967,0.0353037528693676,0.07430551946163177,0.16200818121433258,0.3102463483810425,0.02448916807770729,0.02956666611135006,0.020899999886751175,0.08652599155902863,0.1442333310842514,0.061799999326467514,0.19663137197494507,0.37700000405311584,0.13300000131130219,0.5036779642105103,0.7527000308036804,0.3784666657447815,0.5398175716400146,0.48516666889190674,1.0,0.0,1.0,1.0,0.0,1.0,2.0107172815642116e-08,0.0,0.827107846736908,0.3229750096797943,0.0,0.0,0.0,12.965479850769043,96.08370208740234,0.011342525482177734,0.022320708259940147,0.032064855098724365,0.02341373823583126,0.0,0.04129820689558983,0.09420452266931534,0.3137931227684021,0.0413464680314064,0.092060387134552,0.28624022006988525,0.04390614107251167,0.11466558277606964,0.33149173855781555,0.04748554527759552,0.091660276055336,0.12401056289672852,0.025165846571326256,0.05919886380434036,0.516610860824585,0.022132795304059982,0.05308475345373154,0.5912408828735352
Anochetus_risii_CASENT0877608_processed.obj,H1_legs,0.0033572781831026077,0.06229833513498306,0.02474360540509224,0.03755472972989082,0.09630706906318665,0.23639927804470062,0.059238675981760025,0.06666667014360428,0.053300000727176666,0.1978473663330078,0.2527666687965393,0.16253332793712616,0.41748613119125366,0.5319333672523499,0.3435666561126709,0.7992873787879944,0.8841333389282227,0.7293000221252441,0.6922491192817688,0.18940000236034393,1.0,0.0,1.0,1.0,0.0,1.0,2.1747801781657472e-08,0.0,0.8307626247406006,0.3555498719215393,0.0,0.0,0.0,12.619786262512207,83.0758056640625,0.00837652012705803,0.0047388537786901,0.011649689637124538,0.00531658623367548,0.0,0.020101837813854218,0.04243672639131546,0.553639829158783,0.03526477888226509,0.07994867116212845,0.3248964548110962,0.04178652539849281,0.07490740716457367,0.2458563596010208,0.04881371930241585,0.0824718177318573,0.01583113521337509,0.02045975998044014,0.06756965816020966,0.6883853077888489,0.014685353264212608,0.0369303822517395,0.7810218930244446
Anochetus_risii_CASENT0877609_processed.obj,H1_legs,0.013689493760466576,0.1271372139453888,0.041146259754896164,0.08599095791578293,0.18765336275100708,0.5356738567352295,0.018792778253555298,0.02276666648685932,0.01600000075995922,0.06833776831626892,0.113066665828228,0.0489666685461998,0.16430215537548065,0.31993332505226135,0.11053333431482315,0.4214613735675812,0.6925333142280579,0.3029000163078308,0.566016435623169,0.42233332991600037,1.0,0.0,1.0,1.0,0.0,1.0,1.641502933580341e-08,0.0,0.7997626662254333,0.30361852049827576,0.0,0.0,0.0,13.164420127868652,89.68242645263672,0.009973599575459957,0.024759694933891296,0.03259483352303505,0.026449330151081085,0.0,0.03567338362336159,0.0997127816081047,0.3980843126773834,0.0365779846906662,0.08493135124444962,0.31845375895500183,0.03813285380601883,0.07800836861133575,0.27624309062957764,0.09633497893810272,0.1336742341518402,0.0,0.03775666654109955,0.10186995565891266,0.3600309193134308,0.031541578471660614,0.11224474012851715,0.4659367501735687
Aphaenogaster_pallida_CASENT0745235_processed.obj,H1_legs,0.005702194757759571,0.08126016706228256,0.03392673656344414,0.047333430498838425,0.11776889860630035,0.15763598680496216,0.053456563502550125,0.06000000238418579,0.04820000007748604,0.18732501566410065,0.24586667120456696,0.15129999816417694,0.3830784261226654,0.49006667733192444,0.31443333625793457,0.66263347864151,0.7364000082015991,0.6022999882698059,0.7483395338058472,0.11896666884422302,1.0,0.0,1.0,1.0,0.0,1.0,2.264242482397094e-08,0.0,0.8424923419952393,0.38326042890548706,0.0,0.0,0.0,12.569537162780762,75.83247375488281,0.006420912221074104,0.0048656705766916275,0.012163436971604824,0.005670985206961632,0.0,0.04121226444840431,0.09873323887586594,0.35478928685188293,0.040317293256521225,0.08615417033433914,0.2774965465068817,0.028269363567233086,0.05252020061016083,0.28176796436309814,0.03589316084980965,0.06266548484563828,0.23746702075004578,0.014554067514836788,0.031499091535806656,0.8483131527900696,0.01102523598819971,0.04428306967020035,0.9099756479263306
Atopomyrmex_mocquerysi_CASENT0744784_processed.obj,H1_legs,0.0034016333520412445,0.05359987914562225,0.022157633677124977,0.03144224360585213,0.08221618831157684,0.3838619291782379,0.07738339155912399,0.08219999819993973,0.0731000006198883,0.23269787430763245,0.2619333267211914,0.20933333039283752,0.5014581680297852,0.5586333274841309,0.45489999651908875,0.8937986493110657,0.9332666993141174,0.85753333568573,0.6811178922653198,0.23730000853538513,1.0,0.0,1.0,1.0,0.0,1.0,2.506985907757553e-08,0.0,0.8316266536712646,0.3860642910003662,0.0,0.0,0.0,13.457048416137695,90.05587005615234,0.010038786567747593,0.014922946691513062,0.030287891626358032,0.021042553707957268,0.0,0.020616231486201286,0.05103503167629242,0.5659003853797913,0.021861616522073746,0.04411214590072632,0.47491946816444397,0.02808324433863163,0.07302839308977127,0.511049747467041,0.021304158493876457,0.04599286615848541,0.5356200933456421,0.02066407911479473,0.058452848345041275,0.6479526162147522,0.032938841730356216,0.14078977704048157,0.6885644793510437
Carebara_trechideros_CASENT0877591_processed.obj,H1_legs,0.0060900915414094925,0.0661042109131813,0.022401686757802963,0.04370252415537834,0.16833138465881348,0.3715757131576538,0.07742083817720413,0.08336666971445084,0.07226666808128357,0.24383673071861267,0.28440001606941223,0.2134000062942505,0.48863697052001953,0.5682333111763,0.428600013256073,0.8438471555709839,0.9224333167076111,0.7775999903678894,0.6880550980567932,0.24310000240802765,1.0,0.0,1.0,1.0,0.0,1.0,2.530881282325481e-08,0.0,0.834354043006897,0.3901256024837494,0.0,0.0,0.0,13.712899208068848,98.8309555053711,0.012352922931313515,0.030480429530143738,0.05325036868453026,0.0368012860417366,0.0,0.01832004077732563,0.04388117417693138,0.6406130194664001,0.023767901584506035,0.04756741598248482,0.4385642111301422,0.026647094637155533,0.08417992293834686,0.5497238039970398,0.017197385430336,0.04476107284426689,0.7124010920524597,0.022879591211676598,0.07110662758350372,0.6080350279808044,0.01924339309334755,0.05688270181417465,0.6970803141593933
Centromyrmex_brachycola_CASENT0744052_processed.obj,H1_legs,0.0040675983764231205,0.06877739727497101,0.0237153060734272,0.045062094926834106,0.1121198832988739,0.23446562886238098,0.047926489263772964,0.05556666851043701,0.04213333502411842,0.163865864276886,0.23346666991710663,0.12623333930969238,0.3547329902648926,0.5156333446502686,0.2703666687011719,0.7488567233085632,0.9181666970252991,0.6322667002677917,0.643197774887085,0.3024333417415619,1.0,0.0,1.0,1.0,0.0,1.0,2.138936849860329e-08,0.0,0.8398112654685974,0.38543692231178284,0.0,0.0,0.0,12.676467895507812,77.74691009521484,0.007137968670576811,0.0014178513083606958,0.00351141020655632,0.001504687825217843,0.0,0.024894502013921738,0.05539140850305557,0.4716475307941437,0.019926389679312706,0.05030907690525055,0.6129774451255798,0.03460003808140755,0.06835323572158813,0.27348068356513977,0.02319125086069107,0.045575764030218124,0.4802111089229584,0.02138056606054306,0.05062226951122284,0.5596188902854919,0.024855561554431915,0.05131061375141144,0.46715328097343445
Cephalotes_minutus_CASENT0709253_processed.obj,H1_legs,0.0034788516350090504,0.0673133134841919,0.029253724962472916,0.03805959224700928,0.08425326645374298,0.17938056588172913,0.05032346397638321,0.058533333241939545,0.04413333535194397,0.16565756499767303,0.22816666960716248,0.13003332912921906,0.34708935022354126,0.4554000198841095,0.28040000796318054,0.7666420936584473,0.8279333710670471,0.7138000130653381,0.6923757791519165,0.265666663646698,1.0,0.0,1.0,1.0,0.0,1.0,2.337385751616239e-08,0.0,0.8529293537139893,0.4183633327484131,0.0,0.0,0.0,12.63951301574707,74.98072814941406,0.006160164717584848,0.008822403848171234,0.012349674478173256,0.008731460198760033,0.0,0.037817616015672684,0.08760952949523926,0.32375478744506836,0.02899806946516037,0.054955098778009415,0.31615278124809265,0.010903079994022846,0.03466452285647392,0.861878514289856,0.019372930750250816,0.03745346516370773,0.5382586121559143,0.01641169562935829,0.03917703032493591,0.7128509283065796,0.013357825577259064,0.042172957211732864,0.7761557102203369
Cephalotes_simillimus_CASENT0744408_processed.obj,H1_legs,0.008601170033216476,0.10484737902879715,0.038600705564022064,0.06624667346477509,0.13852950930595398,0.22051431238651276,0.02405020035803318,0.029500000178813934,0.0203000009059906,0.08359412848949432,0.14576667547225952,0.05860000103712082,0.19484037160873413,0.3789333403110504,0.1311333328485489,0.511222779750824,0.7305999994277954,0.3931666612625122,0.5702348947525024,0.4095666706562042,1.0,0.0,1.0,1.0,0.0,1.0,2.0107172815642116e-08,0.0,0.8396415114402771,0.3733517825603485,0.0,0.0,0.0,12.932140350341797,82.29423522949219,0.008083178661763668,0.005383161827921867,0.0135389668866992,0.0056789410300552845,0.0,0.04672595486044884,0.11351263523101807,0.2743295133113861,0.04914436116814613,0.12560011446475983,0.2940635085105896,0.03683995455503464,0.0972830131649971,0.2541436553001404,0.052721891552209854,0.09850447624921799,0.12928760051727295,0.020855924114584923,0.04949288070201874,0.5853721499443054,0.017711108550429344,0.03445279225707054,0.6520681381225586
Cephalotes_spinosus_CASENT0744158_processed.obj,H1_legs,0.005108435172587633,0.07913602888584137,0.033337611705064774,0.045798420906066895,0.10238641500473022,0.20092956721782684,0.04343200474977493,0.05340000241994858,0.03660000115633011,0.13904987275600433,0.20746666193008423,0.10456667095422745,0.30982720851898193,0.44020000100135803,0.23903334140777588,0.6929596066474915,0.800599992275238,0.6108333468437195,0.6610943078994751,0.2691333293914795,1.0,0.0,1.0,1.0,0.0,1.0,2.202755133851042e-08,0.0,0.843704104423523,0.3923327624797821,0.0,0.0,0.0,12.82489013671875,76.18128967285156,0.006551286205649376,0.019004087895154953,0.022217199206352234,0.019993335008621216,0.0,0.04630173370242119,0.12230109423398972,0.277011513710022,0.03345869109034538,0.06501847505569458,0.2807179093360901,0.016164468601346016,0.039718881249427795,0.7348066568374634,0.01726027950644493,0.04554368928074837,0.6622691750526428,0.017384150996804237,0.04326242208480835,0.6855524182319641,0.013074591755867004,0.03202604129910469,0.8552311658859253
Crematogaster_nawai_OKENT0105046_processed.obj,H1_legs,0.005884825251996517,0.07983562350273132,0.0263813603669405,0.053454261273145676,0.13756829500198364,0.23809827864170074,0.04483473673462868,0.0536000020802021,0.03853333368897438,0.15529046952724457,0.23496666550636292,0.11596667021512985,0.33777791261672974,0.5378333330154419,0.24620001018047333,0.6797198057174683,0.8592000007629395,0.5622666478157043,0.5997573733329773,0.39480000734329224,1.0,0.0,1.0,1.0,0.0,1.0,2.123200815162818e-08,0.0,0.8400922417640686,0.3732771873474121,0.0,0.0,0.0,13.01409912109375,80.91577911376953,0.0074639031663537025,0.019136257469654083,0.023634446784853935,0.019954631105065346,0.0,0.02292170748114586,0.058124151080846786,0.5532566905021667,0.04256417602300644,0.11459404975175858,0.3810400366783142,0.03558209165930748,0.09932651370763779,0.4060773551464081,0.06216754391789436,0.1302884966135025,0.10554090142250061,0.02068602852523327,0.05256332457065582,0.6082925796508789,0.015540515072643757,0.030234206467866898,0.7104622721672058
Cryptopone_sauteri_CASENT0743771_processed.obj,H1_legs,0.005366713274270296,0.07872635126113892,0.028119409456849098,0.05060693994164467,0.11798952519893646,0.21826030313968658,0.03929989039897919,0.047066666185855865,0.03373333439230919,0.14109478890895844,0.21066667139530182,0.10606666654348373,0.32695096731185913,0.5023666620254517,0.2423333376646042,0.6872692704200745,0.8725333213806152,0.5669000148773193,0.6139283776283264,0.32446667551994324,1.0,0.0,1.0,1.0,0.0,1.0,2.166620660659646e-08,0.0,0.8356249928474426,0.38911041617393494,0.0,0.0,0.0,12.77603530883789,74.44918823242188,0.006094977725297213,0.025846093893051147,0.032382771372795105,0.026266630738973618,0.0,0.03415045514702797,0.11071274429559708,0.41417625546455383,0.02452143281698227,0.05014818161725998,0.442245751619339,0.017717543989419937,0.04914729669690132,0.7099447846412659,0.0632692202925682,0.09805575013160706,0.0026385225355625153,0.01749456115067005,0.04264296963810921,0.6780839562416077,0.013551932759582996,0.02914193831384182,0.8223844170570374
Cyphoidris_afrc-tz01_CASENT0744810_processed.obj,H1_legs,0.019415557384490967,0.14783799648284912,0.03534217178821564,0.11249581724405289,0.2410615086555481,0.3966871500015259,0.01205861009657383,0.01503333356231451,0.010066666640341282,0.046356163918972015,0.08773333579301834,0.03150000050663948,0.12165796756744385,0.31076666712760925,0.07563333213329315,0.340947687625885,0.7568666934967041,0.22003333270549774,0.5239036679267883,0.4810333251953125,1.0,0.0,1.0,1.0,0.0,1.0,1.682882988518486e-08,0.0,0.803212583065033,0.25978171825408936,0.0,0.0,0.0,13.173760414123535,90.71165466308594,0.010266941040754318,0.07097567617893219,0.08377072215080261,0.08089998364448547,0.0,0.032345112413167953,0.08004067838191986,0.38275861740112305,0.03148958459496498,0.06976985931396484,0.3630925118923187,0.037414852529764175,0.09063397347927094,0.3342541456222534,0.023858746513724327,0.046022165566682816,0.44063326716423035,0.03557432442903519,0.07676838338375092,0.32346123456954956,0.022958453744649887,0.06106910482048988,0.5450121760368347
Cyphomyrmex_cf.minutus_CASENT0744280_processed.obj,H1_legs,0.021832706406712532,0.15695437788963318,0.036329980939626694,0.12062440067529678,0.25331345200538635,0.38910138607025146,0.010944215580821037,0.013433333486318588,0.009233333170413971,0.043128833174705505,0.08246666938066483,0.029200000688433647,0.10690151154994965,0.3303999900817871,0.06376666575670242,0.29365357756614685,0.7807666659355164,0.1808333396911621,0.5236436128616333,0.5287333130836487,1.0,0.0,1.0,1.0,0.0,1.0,1.621978640287125e-08,0.0,0.7978326678276062,0.2615721821784973,0.0,0.0,0.0,13.11034107208252,92.88977813720703,0.011016590520739555,0.0037890358362346888,0.006217882968485355,0.00432578893378377,0.0,0.027957895770668983,0.06358479708433151,0.4019157290458679,0.03718668594956398,0.10446486622095108,0.37551772594451904,0.06888193637132645,0.12835854291915894,0.10220994800329208,0.033067431300878525,0.06958822160959244,0.3641161024570465,0.035815343260765076,0.0989910364151001,0.334535151720047,0.027577044442296028,0.05805012583732605,0.36009731888771057
Dilobocondyla_fouqueti_CASENT0745576_processed.obj,H1_legs,0.005768494680523872,0.08410164713859558,0.03257065638899803,0.05153099074959755,0.12374909222126007,0.2004118710756302,0.0393456369638443,0.04560000076889992,0.03460000082850456,0.13088975846767426,0.19060000777244568,0.09966666996479034,0.29473400115966797,0.42686668038368225,0.2250666618347168,0.6527531147003174,0.7750333547592163,0.5637999773025513,0.6234304308891296,0.2763666808605194,1.0,0.0,1.0,1.0,0.0,1.0,2.1435994312923867e-08,0.0,0.8348894119262695,0.375143826007843,0.0,0.0,0.0,12.834085464477539,79.82489776611328,0.007529090158641338,0.020962828770279884,0.022062085568904877,0.022122345864772797,0.0,0.03799108788371086,0.09260516613721848,0.37164750695228577,0.04134136065840721,0.09084010869264603,0.25954902172088623,0.023761529475450516,0.0515427440404892,0.5690608024597168,0.02034875936806202,0.04140382632613182,0.559366762638092,0.020152047276496887,0.047429099678993225,0.593355655670166,0.022624090313911438,0.05985086411237717,0.5133820176124573
Dorylus_fulvus_CASENT0745678_processed.obj,H1_legs,0.006986873224377632,0.08787165582180023,0.033545415848493576,0.054326239973306656,0.13930246233940125,0.3599958121776581,0.039095718413591385,0.04476666823029518,0.034699998795986176,0.13000980019569397,0.17383334040641785,0.10383333265781403,0.2814455032348633,0.3805333375930786,0.2232999950647354,0.6579134464263916,0.7846333384513855,0.566433310508728,0.6224879026412964,0.2556000053882599,1.0,0.0,1.0,1.0,0.0,1.0,2.4210198290575136e-08,0.0,0.8483947515487671,0.4042680561542511,0.0,0.0,0.0,12.761055946350098,78.6973876953125,0.006942407693713903,0.0068906876258552074,0.008890596218407154,0.006781526375561953,0.0,0.03430257737636566,0.08201434463262558,0.33180075883865356,0.044031668454408646,0.10193944722414017,0.22641509771347046,0.04770316183567047,0.07144098728895187,0.0635359138250351,0.06474267691373825,0.11657867580652237,0.01583113521337509,0.020995477214455605,0.05176554620265961,0.5763584971427917,0.047765444964170456,0.2617754638195038,0.5669099688529968
Eciton_hamatum_CASENT0744580_processed.obj,H1_legs,0.00209640059620142,0.050416022539138794,0.025169216096401215,0.02524680644273758,0.06835822761058807,0.12405755370855331,0.09430874139070511,0.1003333330154419,0.08896666765213013,0.271797239780426,0.2943333387374878,0.25246667861938477,0.5200013518333435,0.5327666997909546,0.5078333616256714,0.8664969801902771,0.85343337059021,0.879966676235199,0.5869929194450378,0.3190666735172272,1.0,0.0,1.0,1.0,0.0,1.0,2.3321405251408578e-08,0.0,0.8379536867141724,0.39698919653892517,0.0,0.0,0.0,13.454116821289062,86.42366790771484,0.00906098261475563,0.009904344566166401,0.013302897103130817,0.010522976517677307,0.0,0.021267006173729897,0.055598802864551544,0.5766283869743347,0.0435604453086853,0.08181782811880112,0.21076852083206177,0.025020986795425415,0.07173974066972733,0.5276243090629578,0.01146150752902031,0.025281323119997978,0.8601583242416382,0.018131351098418236,0.05144701525568962,0.6693278551101685,0.01038422342389822,0.04179700091481209,0.9184914827346802
Ectatomma_brunneum_CASENT0744575_processed.obj,H1_legs,0.01552909892052412,0.13820388913154602,0.044041480869054794,0.09416241198778152,0.20431019365787506,0.31953051686286926,0.015761805698275566,0.01899999938905239,0.01346666645258665,0.05753032863140106,0.10263333469629288,0.03996666893362999,0.14015038311481476,0.3014333248138428,0.09130000323057175,0.3747859299182892,0.6438000202178955,0.2643333375453949,0.6122341752052307,0.34310001134872437,1.0,0.0,1.0,1.0,0.0,1.0,1.6840486338765004e-08,0.0,0.8044843077659607,0.2932768166065216,0.0,0.0,0.0,13.11076545715332,88.0464859008789,0.009615072049200535,0.008724980987608433,0.021518757566809654,0.00970058050006628,0.0,0.05552223324775696,0.09957313537597656,0.13793103396892548,0.049997102469205856,0.1239614337682724,0.24114128947257996,0.042032640427351,0.0764276385307312,0.2513812184333801,0.018803764134645462,0.03675203397870064,0.5936675667762756,0.032239384949207306,0.0765068531036377,0.41746073961257935,0.03645217418670654,0.11482765525579453,0.46836981177330017
Eurhopalothrix_procera_CASENT0745605_processed.obj,H1_legs,0.009808812290430069,0.10640849173069,0.035295311361551285,0.07111318409442902,0.16062909364700317,0.22776392102241516,0.02944956161081791,0.03603333234786987,0.024900000542402267,0.10425277799367905,0.17466667294502258,0.07429999858140945,0.23565536737442017,0.4470333456993103,0.1599999964237213,0.5228055119514465,0.7821000218391418,0.3926333487033844,0.5788446664810181,0.2734000086784363,1.0,0.0,1.0,1.0,0.0,1.0,1.908141555873044e-08,0.0,0.8280977010726929,0.3361363410949707,0.0,0.0,0.0,12.849895477294922,83.16720581054688,0.00837652012705803,0.021209655329585075,0.03169611841440201,0.02271268516778946,0.0,0.039170242846012115,0.13670982420444489,0.4176245331764221,0.041708290576934814,0.10463739186525345,0.26921308040618896,0.05084202438592911,0.09088074415922165,0.16574586927890778,0.023302074521780014,0.061247434467077255,0.5620052814483643,0.021656077355146408,0.05773346871137619,0.6209116578102112,0.018909916281700134,0.05185432732105255,0.6922141313552856
Heteroponera_panamensis_CASENT0744055_processed.obj,H1_legs,0.019105304032564163,0.14755629003047943,0.03916538134217262,0.1083909124135971,0.22954045236110687,0.34922242164611816,0.014161080121994019,0.017933333292603493,0.011699999682605267,0.05335807427763939,0.10170000046491623,0.03616666793823242,0.1337464153766632,0.3396666646003723,0.08326666802167892,0.3705333173274994,0.741266667842865,0.24700000882148743,0.5563130378723145,0.42536666989326477,1.0,0.0,1.0,1.0,0.0,1.0,1.6589874363148738e-08,0.0,0.791067361831665,0.29215338826179504,0.0,0.0,0.0,13.050899505615234,89.90522003173828,0.009973599575459957,0.042625002562999725,0.05895425006747246,0.04685204476118088,0.0,0.04679684713482857,0.12692546844482422,0.31609195470809937,0.04063744097948074,0.10643556714057922,0.31569260358810425,0.05644848942756653,0.1222587376832962,0.16022099554538727,0.04586362466216087,0.08655356615781784,0.23218998312950134,0.027275126427412033,0.06336039304733276,0.4202935993671417,0.026740994304418564,0.05497271195054054,0.4428223669528961
Labidus_praedator_CASENT0744236_processed.obj,H1_legs,0.010904056020081043,0.08629868179559708,0.03349187225103378,0.05280680954456329,0.23566359281539917,0.6686445474624634,0.07295318692922592,0.07446666806936264,0.07150000333786011,0.21753844618797302,0.23489999771118164,0.20256666839122772,0.43100860714912415,0.4633333384990692,0.40290001034736633,0.7527254223823547,0.7710333466529846,0.7352666854858398,0.6362817883491516,0.26813334226608276,1.0,0.0,1.0,1.0,0.0,1.0,2.232770413002072e-08,0.0,0.8405041694641113,0.39817723631858826,0.0,0.0,0.0,13.048808097839355,85.85182189941406,0.008930608630180359,0.02584487944841385,0.031140826642513275,0.02823481895029545,0.0,0.028474941849708557,0.08974506705999374,0.5195402503013611,0.07028269022703171,0.13914896547794342,0.15140359103679657,0.027721216902136803,0.05454530939459801,0.3867403566837311,0.02866522967815399,0.05198297277092934,0.3060685992240906,0.02318360097706318,0.0616317018866539,0.5488024950027466,0.016457216814160347,0.05349773168563843,0.8150851726531982
Labidus_praedator_CASENT0744237_processed.obj,H1_legs,0.004135938361287117,0.06830887496471405,0.024447277188301086,0.043861594051122665,0.1148524358868599,0.2266840934753418,0.05100977048277855,0.058533333241939545,0.04520000144839287,0.17187745869159698,0.23823334276676178,0.1344333291053772,0.3753064274787903,0.5296000242233276,0.29063335061073303,0.7784390449523926,0.9114000201225281,0.6793333292007446,0.6833407878875732,0.23506666719913483,1.0,0.0,1.0,1.0,0.0,1.0,1.8996907158452814e-08,0.0,0.8050566911697388,0.2916196882724762,0.0,0.0,0.0,12.585858345031738,83.58126068115234,0.008539487607777119,0.009802891872823238,0.020660195499658585,0.010494930669665337,0.0,0.024091556668281555,0.048858754336833954,0.4720306694507599,0.03767416998744011,0.09943133592605591,0.3492867052555084,0.04165560007095337,0.08575630933046341,0.30110499262809753,0.025661535561084747,0.06093131750822067,0.4802111089229584,0.017486384138464928,0.04558210074901581,0.6968838572502136,0.02005499042570591,0.05125050246715546,0.7262773513793945
Lasius_nr._fuliginosus_CASENT0878037_processed.obj,H1_legs,0.0029264744371175766,0.058609843254089355,0.025543682277202606,0.03306616097688675,0.08424410969018936,0.18997743725776672,0.06538745015859604,0.0741666704416275,0.05846666917204857,0.21102486550807953,0.2671999931335449,0.17436666786670685,0.45461133122444153,0.5625333189964294,0.3814333379268646,0.824245035648346,0.864466667175293,0.7875999808311462,0.7304178476333618,0.18469999730587006,1.0,0.0,1.0,1.0,0.0,1.0,2.1150414752924007e-08,0.0,0.8356967568397522,0.36410874128341675,0.0,0.0,0.0,12.668431282043457,84.82950592041016,0.008735048584640026,0.01704663783311844,0.03168775141239166,0.017613759264349937,0.0,0.02823241427540779,0.09406821429729462,0.5356321930885315,0.030106768012046814,0.07103148847818375,0.4100322127342224,0.029312701895833015,0.06422386318445206,0.3535911738872528,0.037265755236148834,0.07782259583473206,0.3456464409828186,0.014292461797595024,0.032501839101314545,0.7728560566902161,0.012555820867419243,0.03999077528715134,0.8491483926773071
Lioponera_daikoku_OKENT0105067_processed.obj,H1_legs,0.016884736716747284,0.14071907103061676,0.04274700582027435,0.09797206521034241,0.22362007200717926,0.3779965043067932,0.017178975045681,0.020533334463834763,0.014766667038202286,0.06546650826931,0.1137000024318695,0.04596666619181633,0.15414771437644958,0.3257000148296356,0.1009666696190834,0.3819946050643921,0.651199996471405,0.27026668190956116,0.5596402883529663,0.39053332805633545,1.0,0.0,1.0,1.0,0.0,1.0,1.6563648230771832e-08,0.0,0.8033958077430725,0.29955604672431946,0.0,0.0,0.0,13.135017395019531,88.51869201660156,0.009647665545344353,0.046366699039936066,0.07173289358615875,0.05081532523036003,0.0,0.05336128547787666,0.12572212517261505,0.24865901470184326,0.05176624655723572,0.11420861631631851,0.25632765889167786,0.05836590752005577,0.12015678733587265,0.1464088410139084,0.025074642151594162,0.05077124014496803,0.40897098183631897,0.029030250385403633,0.08048653602600098,0.4784960150718689,0.03563500940799713,0.08109550923109055,0.32968369126319885
Mayriella_sp._CASENT0745610_processed.obj,H1_legs,0.011566524393856525,0.11327952891588211,0.03240550309419632,0.08087402582168579,0.17940275371074677,0.4550255537033081,0.021863529458642006,0.0269333329051733,0.018400000408291817,0.07612635940313339,0.141033336520195,0.052133332937955856,0.18609367311000824,0.40240001678466797,0.12103333324193954,0.484285831451416,0.7993666529655457,0.34736666083335876,0.5406938195228577,0.4925000071525574,1.0,0.0,1.0,1.0,0.0,1.0,1.9253347360859152e-08,0.0,0.8247105479240417,0.3487127721309662,0.0,0.0,0.0,12.986781120300293,80.97303009033203,0.007855025120079517,0.041034188121557236,0.04628060385584831,0.04202251881361008,0.0,0.03676798194646835,0.09281029552221298,0.3459770083427429,0.041945863515138626,0.10481935739517212,0.2526461184024811,0.03642038628458977,0.10522550344467163,0.3287293016910553,0.06913264095783234,0.10291998833417892,0.04485488310456276,0.02163916453719139,0.05545246973633766,0.5876899361610413,0.023742221295833588,0.06698376685380936,0.5863747000694275
Mesoponera_ambigua_CASENT0745584_processed.obj,H1_legs,0.01135228667408228,0.11187371611595154,0.031007589772343636,0.08086612820625305,0.17990948259830475,0.3699517250061035,0.025941776111721992,0.03126666694879532,0.022166667506098747,0.09714198857545853,0.16183333098888397,0.06939999759197235,0.22142814099788666,0.4445333480834961,0.147433340549469,0.49970561265945435,0.8217999935150146,0.35899999737739563,0.5546459555625916,0.4245000183582306,1.0,0.0,1.0,1.0,0.0,1.0,1.7274683017376447e-08,0.0,0.8101062178611755,0.2951523959636688,0.0,0.0,0.0,12.879973411560059,83.0693359375,0.007985398173332214,0.009610941633582115,0.019788067787885666,0.009892621077597141,0.0,0.03246995434165001,0.10251092910766602,0.4555555582046509,0.03235860541462898,0.07510237395763397,0.34514495730400085,0.03256075084209442,0.0700448676943779,0.3535911738872528,0.03538986295461655,0.06316742300987244,0.2269129455089569,0.02632194571197033,0.06426753848791122,0.5081123113632202,0.0193493589758873,0.043428074568510056,0.6532846689224243
Myrmecina_ryukyuensis_OKENT0105085_processed.obj,H1_legs,0.006912520155310631,0.08916202187538147,0.035310592502355576,0.053851425647735596,0.1206192895770073,0.3648814260959625,0.03365597873926163,0.039533331990242004,0.02930000051856041,0.12115266174077988,0.17363333702087402,0.0930333361029625,0.2794622778892517,0.39606666564941406,0.2159000039100647,0.6319074034690857,0.7455999851226807,0.54830002784729,0.6111584305763245,0.3276999890804291,1.0,0.0,1.0,1.0,0.0,1.0,2.0853178739344003e-08,0.0,0.8361183404922485,0.36133697628974915,0.0,0.0,0.0,12.683070182800293,80.6103286743164,0.007529090158641338,0.0060183266177773476,0.009510521776974201,0.006672398187220097,0.0,0.03771241009235382,0.11242792755365372,0.3601532578468323,0.04212457314133644,0.08302057534456253,0.264611154794693,0.036420755088329315,0.0880703255534172,0.32044199109077454,0.03817564994096756,0.0777367502450943,0.30343008041381836,0.021474367007613182,0.059705931693315506,0.6216842532157898,0.016644533723592758,0.03624439984560013,0.6520681381225586
Myrmecina_sp._CASENT0745613_processed.obj,H1_legs,0.00805757474154234,0.0972404032945633,0.031102167442440987,0.06613823771476746,0.15012626349925995,0.22419427335262299,0.028246719390153885,0.033533334732055664,0.024399999529123306,0.10266856104135513,0.1686333417892456,0.0737999975681305,0.24324268102645874,0.4424000084400177,0.1677333414554596,0.5588757395744324,0.8219666481018066,0.4233666658401489,0.567172646522522,0.3588666617870331,1.0,0.0,1.0,1.0,0.0,1.0,2.0349041562894854e-08,0.0,0.8209218978881836,0.2992400527000427,0.0,0.0,0.0,13.217381477355957,84.23053741455078,0.008832828141748905,0.048057448118925095,0.05363408476114273,0.04832030460238457,0.0,0.03543199226260185,0.10450699180364609,0.4287356436252594,0.03626507148146629,0.09418046474456787,0.353428453207016,0.029123207554221153,0.08192472159862518,0.4281768202781677,0.04053898900747299,0.07651735842227936,0.19525066018104553,0.023990338668227196,0.06586356461048126,0.5596188902854919,0.018659042194485664,0.03946948051452637,0.6192213892936707
Nesomyrmex_angulatus_CASENT0744820_processed.obj,H1_legs,0.009757555089890957,0.10565091669559479,0.031058596447110176,0.07459232211112976,0.16623248159885406,0.2771933376789093,0.02381223440170288,0.029066666960716248,0.0201666671782732,0.09087412804365158,0.1597333401441574,0.06350000202655792,0.21997010707855225,0.4385666847229004,0.1467999964952469,0.5211780071258545,0.8237666487693787,0.3811666667461395,0.545022189617157,0.4722333252429962,1.0,0.0,1.0,1.0,0.0,1.0,1.9603035639192967e-08,0.0,0.8207968473434448,0.3362460434436798,0.0,0.0,0.0,12.849353790283203,82.28541564941406,0.0078224316239357,0.011192833073437214,0.01434365939348936,0.011389746330678463,0.0,0.043868932873010635,0.10513649880886078,0.29616859555244446,0.024785824120044708,0.055433064699172974,0.4583525061607361,0.0336892269551754,0.061695635318756104,0.2209944874048233,0.06644240021705627,0.13541026413440704,0.21635884046554565,0.017999300733208656,0.03842512518167496,0.6453772783279419,0.019364038482308388,0.04331979900598526,0.625304102897644
Odontomachus_troglodytes_CASENT0744970_processed.obj,H1_legs,0.0023230137303471565,0.05129941552877426,0.021185625344514847,0.030113788321614265,0.07632272690534592,0.2494828999042511,0.07935402542352676,0.08793333172798157,0.0723000019788742,0.2570863366127014,0.31263333559036255,0.218299999833107,0.5129625797271729,0.6127333641052246,0.4411333501338959,0.8622642755508423,0.9208333492279053,0.810699999332428,0.7169055342674255,0.1956000030040741,1.0,0.0,1.0,1.0,0.0,1.0,2.2371414942767842e-08,0.0,0.8405914306640625,0.39365285634994507,0.0,0.0,0.0,12.920536041259766,82.59544372558594,0.00805058516561985,0.029397914186120033,0.056118715554475784,0.029306549578905106,0.0,0.017504673451185226,0.04318314045667648,0.6712644100189209,0.026321113109588623,0.06617648899555206,0.44868844747543335,0.019238688051700592,0.04271494969725609,0.6132596731185913,0.04059784859418869,0.06964299827814102,0.1372031718492508,0.018573129549622536,0.055677611380815506,0.6986865997314453,0.015084628947079182,0.05318964272737503,0.8613138794898987
Oxyopomyrmex_saulcyi_CASENT0745218_processed.obj,H1_legs,0.013928212225437164,0.12346041202545166,0.03127416595816612,0.09218624979257584,0.20354987680912018,0.29515019059181213,0.0268895011395216,0.032766666263341904,0.02280000038444996,0.09469717741012573,0.1632000058889389,0.06670000404119492,0.2058248370885849,0.43470001220703125,0.13483333587646484,0.4446250796318054,0.7863667011260986,0.3099333345890045,0.5342846512794495,0.4431000053882599,1.0,0.0,1.0,1.0,0.0,1.0,1.928540172002613e-08,0.0,0.8249884247779846,0.345376193523407,0.0,0.0,0.0,12.735621452331543,80.3751220703125,0.007398716174066067,0.02747470699250698,0.03301191329956055,0.03135796636343002,0.0,0.03136449307203293,0.07978928834199905,0.4444444477558136,0.03394894674420357,0.07351157814264297,0.32719743251800537,0.0659218579530716,0.10884947329759598,0.0635359138250351,0.028121214359998703,0.06416259706020355,0.39313986897468567,0.027759939432144165,0.07358695566654205,0.509399950504303,0.04518883675336838,0.10209876298904419,0.2530413568019867
Polyrhachis_decemdentata_CASENT0744779_processed.obj,H1_legs,0.007197726052254438,0.09274053573608398,0.032767366617918015,0.05997316539287567,0.13769187033176422,0.2576383054256439,0.0330212265253067,0.04010000079870224,0.028066666796803474,0.11582344770431519,0.18373332917690277,0.08456666767597198,0.2666493058204651,0.4349000155925751,0.19226667284965515,0.6039465069770813,0.79093337059021,0.48846668004989624,0.5973427295684814,0.3729333281517029,1.0,0.0,1.0,1.0,0.0,1.0,2.0611308215734425e-08,0.0,0.8129793405532837,0.32374149560928345,0.0,0.0,0.0,12.81024169921875,85.33383178710938,0.008832828141748905,0.002824134659022093,0.006400277838110924,0.0031843979377299547,0.0,0.03762362524867058,0.09822145849466324,0.3375478982925415,0.03533558174967766,0.0948667973279953,0.43350207805633545,0.03463054448366165,0.09786874800920486,0.45303869247436523,0.03048737719655037,0.05457888916134834,0.3482849597930908,0.021336903795599937,0.05761520937085152,0.5995364785194397,0.017210640013217926,0.044454481452703476,0.7092457413673401
Polyrhachis_dives_CASENT0878093_processed.obj,H1_legs,0.014100540429353714,0.12931197881698608,0.03960186243057251,0.08971012383699417,0.19830076396465302,0.31829264760017395,0.016619428992271423,0.019966667518019676,0.014233333058655262,0.06667216867208481,0.11466667056083679,0.04700000211596489,0.16182421147823334,0.3364333510398865,0.10653333365917206,0.427146315574646,0.7017999887466431,0.3070000112056732,0.5982955098152161,0.37336668372154236,1.0,0.0,1.0,1.0,0.0,1.0,1.647622660527759e-08,0.0,0.8009308576583862,0.2815527617931366,0.0,0.0,0.0,12.976417541503906,84.6605224609375,0.008311333134770393,0.01628272794187069,0.028455767780542374,0.01783907599747181,0.0,0.04418616741895676,0.09915774315595627,0.21685823798179626,0.03996976837515831,0.1033630296587944,0.31983432173728943,0.052379123866558075,0.12177015841007233,0.11325967311859131,0.020805591717362404,0.04569622129201889,0.5804749727249146,0.03176586702466011,0.09034121781587601,0.46742209792137146,0.039316628128290176,0.1207832619547844,0.420924574136734
Ponera_kohmoku_OKENT0105440_processed.obj,H1_legs,0.007015860173851252,0.09261706471443176,0.03376976400613785,0.058847296983003616,0.13585084676742554,0.20212920010089874,0.03547021374106407,0.0419333353638649,0.03073333390057087,0.11102797091007233,0.17056666314601898,0.08229999989271164,0.2438584566116333,0.4008333384990692,0.17523333430290222,0.6036744117736816,0.7971667051315308,0.4857666790485382,0.5887414216995239,0.4583333432674408,1.0,0.0,1.0,1.0,0.0,1.0,2.1733230326503872e-08,0.0,0.8316662907600403,0.3546161353588104,0.0,0.0,0.0,12.865533828735352,85.81497955322266,0.008832828141748905,0.005583908408880234,0.0078056263737380505,0.005974310915917158,0.0,0.029614679515361786,0.07745461910963058,0.4482758641242981,0.03532768785953522,0.08357101678848267,0.3511274755001068,0.03045104630291462,0.08489488065242767,0.4364641010761261,0.02603931538760662,0.05269189178943634,0.3957783877849579,0.029608385637402534,0.08657430112361908,0.4733453691005707,0.03435053676366806,0.08354051411151886,0.3260340690612793
Ponera_tamon_OKENT0105154_processed.obj,H1_legs,0.00281187379732728,0.05597161874175072,0.023354575037956238,0.03261704370379448,0.08429433405399323,0.35552525520324707,0.08472727239131927,0.09319999814033508,0.07766667008399963,0.2503351867198944,0.29733332991600037,0.2161666750907898,0.4806938171386719,0.5597000122070312,0.42123332619667053,0.8330698013305664,0.9102333188056946,0.7679666876792908,0.6908451318740845,0.28530001640319824,1.0,0.0,1.0,1.0,0.0,1.0,2.3580758679031533e-08,0.0,0.8458910584449768,0.41747403144836426,0.0,0.0,0.0,12.663158416748047,79.02515411376953,0.007072781678289175,0.018967552110552788,0.020901329815387726,0.021229621022939682,0.0,0.023996133357286453,0.06401932239532471,0.5333333611488342,0.026982536539435387,0.056969087570905685,0.3966866135597229,0.01475030742585659,0.04204673692584038,0.8011050224304199,0.026936253532767296,0.06334109604358673,0.4327176809310913,0.016167696565389633,0.04045848175883293,0.7048673629760742,0.05820169299840927,0.27209246158599854,0.5596107244491577
Pseudolasius_sp._CASENT0878065_processed.obj,H1_legs,0.016132455319166183,0.13535219430923462,0.04382812976837158,0.09152406454086304,0.19228653609752655,0.5474411249160767,0.01689334399998188,0.02056666649878025,0.014333333820104599,0.06363086402416229,0.10706666857004166,0.045266665518283844,0.15337257087230682,0.3175666630268097,0.10109999775886536,0.40145984292030334,0.6676000356674194,0.287033349275589,0.5416004657745361,0.39123332500457764,1.0,0.0,1.0,1.0,0.0,1.0,1.7373762872807674e-08,0.0,0.8170629143714905,0.29056164622306824,0.0,0.0,0.0,12.948057174682617,86.73763275146484,0.009158763103187084,0.020135825499892235,0.027454715222120285,0.02236418053507805,0.0,0.038146376609802246,0.1373988538980484,0.42298850417137146,0.0449775755405426,0.10591068863868713,0.25632765889167786,0.0590134859085083,0.12386476248502731,0.1519337147474289,0.050276853144168854,0.08527578413486481,0.07387863099575043,0.03822597488760948,0.09133001416921616,0.3342776298522949,0.03204625844955444,0.06945119798183441,0.3491484224796295
Pseudomyrmex_cf.solis_CASENT0744065_processed.obj,H1_legs,0.0028048506937921047,0.05908863618969917,0.024568725377321243,0.03451991081237793,0.08322761952877045,0.13470123708248138,0.06661047041416168,0.07360000163316727,0.06083333492279053,0.21106642484664917,0.25583332777023315,0.17963333427906036,0.43242067098617554,0.5223666429519653,0.36890000104904175,0.8106052875518799,0.8928999900817871,0.7422000169754028,0.6642260551452637,0.19843333959579468,1.0,0.0,1.0,1.0,0.0,1.0,2.4294710243566442e-08,0.0,0.8416737914085388,0.3874567449092865,0.0,0.0,0.0,13.19834041595459,93.5902099609375,0.011212151497602463,0.011700025759637356,0.01576714962720871,0.012308974750339985,0.0,0.021541845053434372,0.05446334183216095,0.5773946642875671,0.03290285915136337,0.0792258232831955,0.3525080680847168,0.03639700263738632,0.09057722985744476,0.2845304012298584,0.046070583164691925,0.0886702686548233,0.15831135213375092,0.01935570314526558,0.050408195704221725,0.643574595451355,0.01719527691602707,0.045338042080402374,0.7153284549713135
Solenopsis_invicta_CASENT0744384_processed.obj,H1_legs,0.008841528557240963,0.10103262960910797,0.02951236255466938,0.07152026891708374,0.15921206772327423,0.280617892742157,0.02533172443509102,0.031033333390951157,0.021400000900030136,0.09517434984445572,0.15656666457653046,0.06836666911840439,0.23509107530117035,0.42489999532699585,0.16250000894069672,0.5391502976417542,0.845300018787384,0.39579999446868896,0.49765196442604065,0.4882666766643524,1.0,0.0,1.0,1.0,0.0,1.0,1.868509968971921e-08,0.0,0.8135350942611694,0.3023715615272522,0.0,0.0,0.0,12.943557739257812,82.31886291503906,0.00788761768490076,0.01880565471947193,0.02847561612725258,0.019696388393640518,0.0,0.026393935084342957,0.06374546885490417,0.4636015295982361,0.034227266907691956,0.07829340547323227,0.3515876829624176,0.03351074829697609,0.07447662204504013,0.30662983655929565,0.050109632313251495,0.0849742665886879,0.1213720366358757,0.030016910284757614,0.07376115024089813,0.4365181624889374,0.018185503780841827,0.05810600146651268,0.7542579174041748
Stigmatomma_FHG02_CASENT0745561_processed.obj,H1_legs,0.010933853685855865,0.10664874315261841,0.03255969285964966,0.07408905029296875,0.18720082938671112,0.4090932011604309,0.029686883091926575,0.03453333303332329,0.02603333443403244,0.11120854318141937,0.163100004196167,0.08436666429042816,0.24998392164707184,0.4041000008583069,0.18096667528152466,0.5504356026649475,0.7860333323478699,0.4235000014305115,0.5757182836532593,0.3467000126838684,1.0,0.0,1.0,1.0,0.0,1.0,1.9151354280211308e-08,0.0,0.8247974514961243,0.3245995342731476,0.0,0.0,0.0,12.892988204956055,88.35697937011719,0.009452104568481445,0.0332249291241169,0.03789980709552765,0.03565053269267082,0.0,0.032395411282777786,0.08151596039533615,0.40306514501571655,0.03145691379904747,0.0701078474521637,0.3676944375038147,0.017007578164339066,0.04697013646364212,0.7182320952415466,0.03148496150970459,0.07136362791061401,0.35620054602622986,0.02981007844209671,0.08114324510097504,0.46046870946884155,0.031698763370513916,0.10246262699365616,0.5024330615997314
Strumigenys_alberti_CASENT0878103_processed.obj,H1_legs,0.008838431909680367,0.10224106907844543,0.03129391744732857,0.07094715535640717,0.16077366471290588,0.2750605046749115,0.024900779128074646,0.02996666729450226,0.021300001069903374,0.09254954755306244,0.156700000166893,0.06566666811704636,0.21287491917610168,0.4262000024318695,0.14186666905879974,0.5247330665588379,0.8070999979972839,0.3887333273887634,0.5651454329490662,0.4254000186920166,1.0,0.0,1.0,1.0,0.0,1.0,2.1482620127244445e-08,0.0,0.8010337352752686,0.25422701239585876,0.0,0.0,0.0,13.125954627990723,93.17147827148438,0.010918810032308102,0.009897657670080662,0.018126903101801872,0.010171393863856792,0.0,0.03449708968400955,0.08465390652418137,0.36245211958885193,0.03674739599227905,0.10416173189878464,0.4137137532234192,0.026851871982216835,0.07899489253759384,0.541436493396759,0.03729430213570595,0.07498746365308762,0.3060685992240906,0.02475219964981079,0.0609690360724926,0.5325779318809509,0.018958022817969322,0.035981278866529465,0.5559610724449158
Strumigenys_canina_OKENT0105288_processed.obj,H1_legs,0.007906118407845497,0.09780120849609375,0.03397354856133461,0.06382766366004944,0.15328779816627502,0.3608468472957611,0.027355819940567017,0.03253333270549774,0.023600000888109207,0.09901948273181915,0.15240000188350677,0.07333333045244217,0.23519596457481384,0.38786667585372925,0.16876666247844696,0.5745653510093689,0.7653999924659729,0.45989999175071716,0.6005480289459229,0.3641666769981384,1.0,0.0,1.0,1.0,0.0,1.0,1.969045904104405e-08,0.0,0.8306896686553955,0.35426923632621765,0.0,0.0,0.0,13.068462371826172,85.40074920654297,0.008898015134036541,0.0026027050334960222,0.006540533155202866,0.002985782455652952,0.0,0.0390281155705452,0.0912347212433815,0.3459770083427429,0.027859628200531006,0.06899572908878326,0.3957662284374237,0.02817586436867714,0.07548101246356964,0.46408841013908386,0.02711944840848446,0.05601593106985092,0.4142480492591858,0.024428443983197212,0.06499283760786057,0.5418490767478943,0.021050821989774704,0.059309132397174835,0.658150851726532
Strumigenys_crassicornis_CASENT0744273_processed.obj,H1_legs,0.01061356533318758,0.11157271265983582,0.0332300029695034,0.07834270596504211,0.17460602521896362,0.34646451473236084,0.020834363996982574,0.02566666714847088,0.017533333972096443,0.0757872611284256,0.1375666707754135,0.05230000242590904,0.17973966896533966,0.38253334164619446,0.11746666580438614,0.48064374923706055,0.7844333648681641,0.34646666049957275,0.5972529649734497,0.3988666832447052,1.0,0.0,1.0,1.0,0.0,1.0,2.0398580602432048e-08,0.0,0.8089394569396973,0.28186097741127014,0.0,0.0,0.0,12.942091941833496,90.87889862060547,0.010332128033041954,0.005157879553735256,0.011225560680031776,0.0055526732467114925,0.0,0.03267023712396622,0.08485308289527893,0.39961686730384827,0.049433596432209015,0.10409636795520782,0.22779567539691925,0.04245367646217346,0.08747570961713791,0.28176796436309814,0.02527308464050293,0.04844411835074425,0.42480212450027466,0.026522085070610046,0.06450369954109192,0.45248520374298096,0.020123520866036415,0.04831574857234955,0.6107056140899658
Strumigenys_sp._appretiata_group_CASENT0744156_processed.obj,H1_legs,0.0069909896701574326,0.09113720804452896,0.035005535930395126,0.056131672114133835,0.1314232498407364,0.19116124510765076,0.04491676390171051,0.05276666581630707,0.03909999877214432,0.15415138006210327,0.22403334081172943,0.11749999970197678,0.31738531589508057,0.453900009393692,0.24400000274181366,0.6072388887405396,0.7440333366394043,0.5129333138465881,0.6068845391273499,0.34746667742729187,1.0,0.0,1.0,1.0,0.0,1.0,2.2721104997458497e-08,0.0,0.8330284357070923,0.35619357228279114,0.0,0.0,0.0,12.771772384643555,87.9638900756836,0.009484698064625263,0.006350936833769083,0.015626849606633186,0.0069455248303711414,0.0,0.03875768929719925,0.11133959144353867,0.3766283690929413,0.04254557564854622,0.09212210029363632,0.264611154794693,0.03836441785097122,0.09689370542764664,0.2403315007686615,0.06153508648276329,0.0970846563577652,0.0,0.017837045714259148,0.05506855249404907,0.7483904361724854,0.017698589712381363,0.04646029695868492,0.7372262477874756
Strumigenys_stenorhina_OKENT0105268_processed.obj,H1_legs,0.0030853445641696453,0.05188891291618347,0.02078414149582386,0.03110477328300476,0.07665421068668365,0.35558032989501953,0.08264448493719101,0.08963333070278168,0.07666666805744171,0.25971516966819763,0.2976333498954773,0.23036666214466095,0.5223939418792725,0.5886666774749756,0.4695333242416382,0.889617383480072,0.9386333227157593,0.845466673374176,0.7244634032249451,0.2617666721343994,1.0,0.0,1.0,1.0,0.0,1.0,2.3385513969742533e-08,0.0,0.829430341720581,0.3517114222049713,0.0,0.0,0.0,12.386320114135742,86.1630630493164,0.009191356599330902,0.007031310815364122,0.011850752867758274,0.007730675395578146,0.0,0.022409986704587936,0.05717704817652702,0.5379310250282288,0.02858196198940277,0.05919951573014259,0.36033135652542114,0.0392518974840641,0.0765075609087944,0.24309393763542175,0.016878793016076088,0.03798910975456238,0.6622691750526428,0.013473798520863056,0.029924016445875168,0.7975792288780212,0.01597665622830391,0.03357195109128952,0.8102189898490906
Syllophopsis_sechellensis_OKENT0105212_processed.obj,H1_legs,0.002410276560112834,0.05337435379624367,0.0233454629778862,0.030028890818357468,0.07455597072839737,0.1612878441810608,0.0815841481089592,0.09070000052452087,0.07413333654403687,0.24109144508838654,0.2937000095844269,0.20446667075157166,0.4795033931732178,0.5618667006492615,0.4182000160217285,0.8635650277137756,0.8931999802589417,0.8358333706855774,0.7222965955734253,0.18743333220481873,1.0,0.0,1.0,1.0,0.0,1.0,2.3437966234496344e-08,0.0,0.8428633809089661,0.3946463167667389,0.0,0.0,0.0,12.988428115844727,84.63285827636719,0.008539487607777119,0.02696916088461876,0.03257553651928902,0.028022401034832,0.0,0.023605555295944214,0.0683850422501564,0.5681992173194885,0.028027355670928955,0.06516511738300323,0.44546711444854736,0.01659427583217621,0.034475188702344894,0.6325967311859131,0.03103974089026451,0.08109898120164871,0.3957783877849579,0.016749320551753044,0.044862452894449234,0.7051249146461487,0.013876207172870636,0.03286964073777199,0.8150851726531982
Temnothorax_congruus_OKENT0105443_processed.obj,H1_legs,0.011931655928492546,0.11672425270080566,0.03947661072015762,0.07724764198064804,0.20636606216430664,0.26667866110801697,0.0269862562417984,0.031566668301820755,0.02356666699051857,0.08769511431455612,0.12513333559036255,0.06750000268220901,0.19512534141540527,0.29339998960494995,0.14616666734218597,0.5016037821769714,0.6883333325386047,0.39456668496131897,0.6417247653007507,0.3340666592121124,1.0,0.0,1.0,1.0,0.0,1.0,2.4044094715236497e-08,0.0,0.8468262553215027,0.414966881275177,0.0,0.0,0.0,12.846667289733887,78.37799072265625,0.007333529181778431,0.01285272091627121,0.017593659460544586,0.013845652341842651,0.0,0.04010254889726639,0.10513722151517868,0.3371647596359253,0.03549107164144516,0.06927257031202316,0.28439944982528687,0.03598659485578537,0.05918144807219505,0.1464088410139084,0.028899921104311943,0.06749849766492844,0.45910292863845825,0.03359599411487579,0.07433988153934479,0.3355652987957001,0.0379316546022892,0.07620872557163239,0.27858880162239075
Temnothorax_sp._OKENT0105336_processed.obj,H1_legs,0.008250843733549118,0.09489016979932785,0.028349192813038826,0.06654097884893417,0.15512201189994812,0.3428238332271576,0.03114798665046692,0.03840000182390213,0.026200000196695328,0.10960467904806137,0.17790000140666962,0.07919999957084656,0.2512592375278473,0.45080000162124634,0.17416666448116302,0.5850595831871033,0.8490333557128906,0.4462999999523163,0.5440282225608826,0.4448666572570801,1.0,0.0,1.0,1.0,0.0,1.0,2.2112061515144887e-08,0.0,0.8441314101219177,0.3936353027820587,0.0,0.0,0.0,13.012974739074707,84.51888275146484,0.008767642080783844,0.0015239003114402294,0.004440690390765667,0.00166216935031116,0.0,0.02857108972966671,0.07816385477781296,0.4655172526836395,0.02545233815908432,0.06475374102592468,0.5002301335334778,0.024255916476249695,0.06420541554689407,0.5248618721961975,0.06744099408388138,0.10160260647535324,0.0,0.025077885016798973,0.05794881284236908,0.4802987575531006,0.025936586782336235,0.06502053141593933,0.48053526878356934
Tetramorium_kraepelini_CASENT0744084_processed.obj,H1_legs,0.006761825643479824,0.08859056234359741,0.02785525657236576,0.0607353039085865,0.1446695774793625,0.19505444169044495,0.03383415937423706,0.0408666655421257,0.028866667300462723,0.12105127424001694,0.19616666436195374,0.08753333240747452,0.26798972487449646,0.4716666638851166,0.18716667592525482,0.6184624433517456,0.8583666682243347,0.4833666682243347,0.5747741460800171,0.4242333471775055,1.0,0.0,1.0,1.0,0.0,1.0,1.9783708893328367e-08,0.0,0.8276785016059875,0.36639752984046936,0.0,0.0,0.0,12.598487854003906,75.4493637084961,0.006094977725297213,0.00750823225826025,0.016796298325061798,0.007932277396321297,0.0,0.030306296423077583,0.0894673615694046,0.4486590027809143,0.02543444000184536,0.056380581110715866,0.4588127136230469,0.03220300003886223,0.09653467684984207,0.4613259732723236,0.03853663057088852,0.07140345126390457,0.24802112579345703,0.020765207707881927,0.05494392663240433,0.6175637245178223,0.01859128847718239,0.04443182423710823,0.6484184861183167
Acanthostichus_aff.brevicornis_CASENT0744328_processed.obj,H2_joint,0.004113240633159876,0.07219468802213669,0.02932838164269924,0.042866308242082596,0.10299817472696304,0.23821713030338287,0.04779352992773056,0.05400000140070915,0.04286666586995125,0.1553829163312912,0.19920000433921814,0.12736666202545166,0.3318808376789093,0.4257333278656006,0.27193334698677063,0.7331470847129822,0.8202000260353088,0.6628000140190125,0.6205543279647827,0.30756667256355286,1.0,0.0,1.0,1.0,0.0,1.0,2.1785684367614522e-08,0.0,0.8450018763542175,0.40660330653190613,0.0,0.0,0.0,12.98507308959961,82.0556869506836,0.00788761768490076,0.0023126050364226103,0.00510784238576889,0.0022308416664600372,0.0,0.02936866506934166,0.07046464085578918,0.42720308899879456,0.03131716698408127,0.06447699666023254,0.35941097140312195,0.02164476364850998,0.06667622923851013,0.6243094205856323,0.032117489725351334,0.06328795105218887,0.2744063436985016,0.02395937591791153,0.060980621725320816,0.5366984605789185,0.011836430057883263,0.026534374803304672,0.8819951415061951
Acromyrmex_coronatus_CASENT0744365_processed.obj,H2_joint,0.00462438864633441,0.06962545216083527,0.025362450629472733,0.04426300525665283,0.11870376765727997,0.2944473326206207,0.05166499316692352,0.05886666849255562,0.046033333986997604,0.17347463965415955,0.22896666824817657,0.13963332772254944,0.3935271203517914,0.5166333317756653,0.31780001521110535,0.7627738118171692,0.8825333714485168,0.6716333627700806,0.6913871169090271,0.21629999577999115,1.0,0.0,1.0,1.0,0.0,1.0,1.8664701784132376e-08,0.0,0.8261575698852539,0.3080468773841858,0.0,0.0,0.0,12.911654472351074,80.9230728149414,0.007952804677188396,0.03868839517235756,0.04045524075627327,0.043290119618177414,0.0,0.024953752756118774,0.05732407048344612,0.4517241418361664,0.030866753309965134,0.07944685965776443,0.43120110034942627,0.03542150557041168,0.1210489273071289,0.5469613671302795,0.019845830276608467,0.053235940635204315,0.6464380025863647,0.026039185002446175,0.0836028978228569,0.5547257661819458,0.014399607665836811,0.05701901763677597,0.8175182342529297
Acromyrmex_lobicornis_CASENT0878007_processed.obj,H2_joint,0.009551700204610825,0.10743947327136993,0.03493763878941536,0.07250183820724487,0.16042031347751617,0.3253820836544037,0.02502676285803318,0.03020000085234642,0.0213666670024395,0.08995448052883148,0.15379999577999115,0.0635666698217392,0.20279476046562195,0.38830000162124634,0.13723333179950714,0.5057629346847534,0.758733332157135,0.37929999828338623,0.5386359691619873,0.48126667737960815,1.0,0.0,1.0,1.0,0.0,1.0,1.9777880666538294e-08,0.0,0.8268802165985107,0.3150366544723511,0.0,0.0,0.0,13.041726112365723,94.94581604003906,0.011375118978321552,0.028003552928566933,0.032351844012737274,0.029420608654618263,0.0,0.041366368532180786,0.09375055879354477,0.31915709376335144,0.04112943634390831,0.09141537547111511,0.2756557762622833,0.037865448743104935,0.09898967295885086,0.34530389308929443,0.04005104675889015,0.08754534274339676,0.21108180284500122,0.02374976873397827,0.0551164373755455,0.5493175387382507,0.020888080820441246,0.05327383801341057,0.5827250480651855
Anochetus_risii_CASENT0877608_processed.obj,H2_joint,0.003097157459706068,0.05979350209236145,0.023905925452709198,0.03588757663965225,0.090863898396492,0.2181532382965088,0.062223274260759354,0.07079999893903732,0.05550000071525574,0.21537509560585022,0.2754000127315521,0.17683333158493042,0.44040071964263916,0.5548333525657654,0.3650999963283539,0.8089777231216431,0.8922333717346191,0.7399333119392395,0.694810152053833,0.19060000777244568,1.0,0.0,1.0,1.0,0.0,1.0,2.1581698206318833e-08,0.0,0.8392748236656189,0.3594346046447754,0.0,0.0,0.0,12.663114547729492,81.53954315185547,0.008115772157907486,0.001576160080730915,0.0032379382755607367,0.0016996834892779589,0.0,0.019288862124085426,0.04102637246251106,0.5747126340866089,0.034163154661655426,0.07639854401350021,0.319374144077301,0.03274375572800636,0.0652400553226471,0.38950276374816895,0.047529175877571106,0.08457004278898239,0.1213720366358757,0.01995307020843029,0.06599053740501404,0.715941309928894,0.013315300457179546,0.031355179846286774,0.8430656790733337
Anochetus_risii_CASENT0877609_processed.obj,H2_joint,0.01298246718943119,0.12165689468383789,0.03611789643764496,0.08553899824619293,0.191959947347641,0.3761841356754303,0.018907248973846436,0.02276666648685932,0.01616666652262211,0.07497629523277283,0.12453333288431168,0.05363333225250244,0.18463397026062012,0.3509666621685028,0.1252666711807251,0.4558762311935425,0.7459666728973389,0.3282333314418793,0.5633964538574219,0.41019999980926514,1.0,0.0,1.0,1.0,0.0,1.0,1.5954604748458223e-08,0.0,0.8125361800193787,0.29315972328186035,0.0,0.0,0.0,12.892388343811035,85.60836791992188,0.008832828141748905,0.045389074832201004,0.051038771867752075,0.048522915691137314,0.0,0.03258369490504265,0.08381831645965576,0.38735634088516235,0.04148946702480316,0.11331485211849213,0.3083294928073883,0.03245570883154869,0.1310613751411438,0.6381215453147888,0.047597091645002365,0.09236502647399902,0.14775726199150085,0.03401036933064461,0.08322613686323166,0.3458665907382965,0.032868891954422,0.11065772920846939,0.5218977928161621
Aphaenogaster_pallida_CASENT0745235_processed.obj,H2_joint,0.005658834241330624,0.08043233305215836,0.0336468443274498,0.04678548872470856,0.12004702538251877,0.15817587077617645,0.0559135265648365,0.06283333152532578,0.05036666616797447,0.19302812218666077,0.2536333501338959,0.155799999833107,0.3972473442554474,0.5048999786376953,0.32743334770202637,0.6618828773498535,0.7307666540145874,0.6048666834831238,0.7291207313537598,0.12640000879764557,1.0,0.0,1.0,1.0,0.0,1.0,2.1972185848539993e-08,0.0,0.8461706638336182,0.39200520515441895,0.0,0.0,0.0,12.52680778503418,74.25041198730469,0.006323131732642651,0.0013105114921927452,0.0029567903839051723,0.0015262456145137548,0.0,0.040706951171159744,0.0982997938990593,0.35517242550849915,0.041385382413864136,0.07977418601512909,0.2636907398700714,0.018529780209064484,0.04571019113063812,0.6519337296485901,0.03952515125274658,0.09305217862129211,0.38786280155181885,0.014592276886105537,0.03133944049477577,0.8511460423469543,0.011244820430874825,0.03955797478556633,0.9124087691307068
Atopomyrmex_mocquerysi_CASENT0744784_processed.obj,H2_joint,0.00293966056779027,0.04657678306102753,0.01909724622964859,0.027479536831378937,0.07348699867725372,0.3806154429912567,0.10194030404090881,0.10716667026281357,0.09719999879598618,0.30022841691970825,0.3294999897480011,0.2757333219051361,0.6148965358734131,0.6777666807174683,0.5627000331878662,0.9189862012863159,0.9538666605949402,0.886566698551178,0.7159916758537292,0.20293334126472473,1.0,0.0,1.0,1.0,0.0,1.0,2.3843027108227943e-08,0.0,0.8425442576408386,0.39256784319877625,0.0,0.0,0.0,13.295587539672852,86.68206787109375,0.009256543591618538,0.0187778752297163,0.019729938358068466,0.026378406211733818,0.0,0.01820720173418522,0.04430055245757103,0.6685823798179626,0.01623794622719288,0.040279123932123184,0.7004141807556152,0.011492515914142132,0.03011484257876873,0.8977900743484497,0.01253550872206688,0.02852250263094902,0.8443272113800049,0.020717618986964226,0.06488687545061111,0.6456348299980164,0.033966246992349625,0.15183736383914948,0.6995133757591248
Carebara_trechideros_CASENT0877591_processed.obj,H2_joint,0.005369366612285376,0.060659993439912796,0.019597932696342468,0.04106206074357033,0.16519492864608765,0.3848126232624054,0.09355071187019348,0.10103333741426468,0.08709999918937683,0.28306862711906433,0.3318333327770233,0.2468000054359436,0.5553572773933411,0.6385666728019714,0.49133333563804626,0.8537340760231018,0.9460000395774841,0.7778666615486145,0.7184194922447205,0.2452000081539154,1.0,0.0,1.0,1.0,0.0,1.0,2.355161754508117e-08,0.0,0.8468106985092163,0.3923037350177765,0.0,0.0,0.0,13.417154312133789,94.52581787109375,0.010853623040020466,0.026709819212555885,0.029622387140989304,0.03160807490348816,0.0,0.014002375304698944,0.03328574448823929,0.8057471513748169,0.026795711368322372,0.056180354207754135,0.3971468210220337,0.016705850139260292,0.040712129324674606,0.6933701634407043,0.011346191167831421,0.027907969430088997,0.8786280155181885,0.0208536796271801,0.05558420345187187,0.6296678185462952,0.016576558351516724,0.060867831110954285,0.8187347650527954
Centromyrmex_brachycola_CASENT0744052_processed.obj,H2_joint,0.00405689375475049,0.06770727038383484,0.022916734218597412,0.04479053616523743,0.11187015473842621,0.2342613935470581,0.050514671951532364,0.05923333391547203,0.04403333365917206,0.1728692501783371,0.24756667017936707,0.13279999792575836,0.3777677118778229,0.5491999983787537,0.28790000081062317,0.7542613744735718,0.9196333289146423,0.6392999887466431,0.653617799282074,0.29036667943000793,1.0,0.0,1.0,1.0,0.0,1.0,2.1605011113479122e-08,0.0,0.8430094122886658,0.39447715878486633,0.0,0.0,0.0,12.682474136352539,78.83722686767578,0.0074964966624975204,0.0036999175790697336,0.0050394874997437,0.003842033678665757,0.0,0.022469105198979378,0.05563070997595787,0.571264386177063,0.021391646936535835,0.05516480281949043,0.5577542781829834,0.029241157695651054,0.055723726749420166,0.3618784546852112,0.02582458034157753,0.05981312319636345,0.5013192892074585,0.021878674626350403,0.05174170061945915,0.5539531111717224,0.02285153605043888,0.050414077937603,0.5072992444038391
Cephalotes_minutus_CASENT0709253_processed.obj,H2_joint,0.003541399724781513,0.06795695424079895,0.029176436364650726,0.03878052160143852,0.0843273252248764,0.17735254764556885,0.05322926491498947,0.06153333559632301,0.04690000042319298,0.16797304153442383,0.23296667635440826,0.1313333362340927,0.3471926152706146,0.4690333306789398,0.27560001611709595,0.7576785087585449,0.828000009059906,0.6983667016029358,0.6740475296974182,0.28486666083335876,1.0,0.0,1.0,1.0,0.0,1.0,2.325146830628455e-08,0.0,0.8568716645240784,0.4289945960044861,0.0,0.0,0.0,12.558479309082031,72.52464294433594,0.005182360764592886,0.0032833453733474016,0.0044654179364442825,0.003220953978598118,0.0,0.03896038606762886,0.08807919174432755,0.31111112236976624,0.029032239690423012,0.05624940246343613,0.3515876829624176,0.010344862937927246,0.03244730085134506,0.90055251121521,0.016883082687854767,0.03496072441339493,0.6701847314834595,0.016115989536046982,0.03813475742936134,0.7216070294380188,0.01318887248635292,0.03909040987491608,0.8114355206489563
Cephalotes_simillimus_CASENT0744408_processed.obj,H2_joint,0.00769099872559309,0.09991589188575745,0.03680648282170296,0.06310941278934479,0.1333562284708023,0.21370036900043488,0.02487124688923359,0.031300000846385956,0.020633334293961525,0.09007866680622101,0.15316666662693024,0.06379999965429306,0.2087697982788086,0.38366666436195374,0.14339999854564667,0.5290799736976624,0.7202666997909546,0.4180999994277954,0.5892596244812012,0.4083999991416931,1.0,0.0,1.0,1.0,0.0,1.0,1.9760397762524917e-08,0.0,0.8384360671043396,0.3793909251689911,0.0,0.0,0.0,12.861505508422852,82.77539825439453,0.008083178661763668,0.01398717612028122,0.01515537966042757,0.014746090397238731,0.0,0.045095138251781464,0.10730838775634766,0.2666666805744171,0.05057062581181526,0.1003536656498909,0.2061665952205658,0.021758269518613815,0.04340001940727234,0.4861878752708435,0.03749571740627289,0.07866087555885315,0.31662270426750183,0.02015441283583641,0.049964163452386856,0.6201390624046326,0.015759753063321114,0.032376326620578766,0.7262773513793945
Cephalotes_spinosus_CASENT0744158_processed.obj,H2_joint,0.00462702102959156,0.07555388659238815,0.030335530638694763,0.04521835595369339,0.10211252421140671,0.18683108687400818,0.04167985916137695,0.049300000071525574,0.03610000014305115,0.13707572221755981,0.19713333249092102,0.10506666451692581,0.31153520941734314,0.4474000036716461,0.2389666736125946,0.7105315923690796,0.838533341884613,0.616433322429657,0.6347116231918335,0.28620001673698425,1.0,0.0,1.0,1.0,0.0,1.0,2.14709636736643e-08,0.0,0.8451727628707886,0.38211098313331604,0.0,0.0,0.0,12.801141738891602,76.60786437988281,0.007007594686001539,0.010133495554327965,0.010920216329395771,0.010661330074071884,0.0,0.04223604127764702,0.11517991125583649,0.29540231823921204,0.033560700714588165,0.06671757251024246,0.2669121026992798,0.018801432102918625,0.039289381355047226,0.6022099852561951,0.01895526610314846,0.039402998983860016,0.585752010345459,0.017043350264430046,0.03981861099600792,0.6716456413269043,0.013132243417203426,0.029522225260734558,0.8077858686447144
Crematogaster_nawai_OKENT0105046_processed.obj,H2_joint,0.005317019298672676,0.07713296264410019,0.026305750012397766,0.05082721263170242,0.12212448567152023,0.24066659808158875,0.047536108642816544,0.0570666678249836,0.04073333367705345,0.15405844151973724,0.2303333431482315,0.11573333293199539,0.33190974593162537,0.5160000324249268,0.24463333189487457,0.6907286047935486,0.8679666519165039,0.5735999941825867,0.5972270369529724,0.38040000200271606,1.0,0.0,1.0,1.0,0.0,1.0,2.1173727660084296e-08,0.0,0.8409509658813477,0.373244971036911,0.0,0.0,0.0,12.834184646606445,79.99323272705078,0.007366122677922249,0.025640100240707397,0.02718532085418701,0.026603247970342636,0.0,0.02325330302119255,0.05681892856955528,0.5210728049278259,0.03972580283880234,0.10092326253652573,0.35849058628082275,0.02948959544301033,0.07179415225982666,0.430939257144928,0.04427884519100189,0.09430556744337082,0.30079156160354614,0.020818501710891724,0.05300118774175644,0.5969611406326294,0.016176188364624977,0.0320226326584816,0.6970803141593933
Cryptopone_sauteri_CASENT0743771_processed.obj,H2_joint,0.005251236259937286,0.07951799035072327,0.029035404324531555,0.05048258602619171,0.11414869129657745,0.21725445985794067,0.037281591445207596,0.04306666553020477,0.032866667956113815,0.13615936040878296,0.1978333294391632,0.10379999876022339,0.30995550751686096,0.4652000069618225,0.23240000009536743,0.6787353157997131,0.854366660118103,0.5630000233650208,0.5888696908950806,0.3339666724205017,1.0,0.0,1.0,1.0,0.0,1.0,2.1229094926411562e-08,0.0,0.8443554043769836,0.397004634141922,0.0,0.0,0.0,12.639910697937012,73.01473999023438,0.005638669244945049,0.017672978341579437,0.018328873440623283,0.018122537061572075,0.0,0.03439018130302429,0.10034842044115067,0.37049809098243713,0.030149120837450027,0.06300431489944458,0.3791992664337158,0.022354472428560257,0.06601868569850922,0.5966851115226746,0.05925184488296509,0.09477072954177856,0.021108180284500122,0.017319276928901672,0.04344421252608299,0.6968838572502136,0.01376083493232727,0.02872827649116516,0.7810218930244446
Cyphoidris_afrc-tz01_CASENT0744810_processed.obj,H2_joint,0.01894376613199711,0.14694906771183014,0.03556247428059578,0.11138658970594406,0.23567773401737213,0.38753682374954224,0.01093000452965498,0.01353333331644535,0.009166666306555271,0.043530967086553574,0.08223333209753036,0.029600000008940697,0.11679691076278687,0.32003334164619446,0.07143333554267883,0.34067365527153015,0.7518333196640015,0.22023333609104156,0.5348716974258423,0.4640333354473114,1.0,0.0,1.0,1.0,0.0,1.0,1.650536596287111e-08,0.0,0.8070153594017029,0.26569798588752747,0.0,0.0,0.0,13.064688682556152,89.3864974975586,0.009875819087028503,0.0716102346777916,0.07422374933958054,0.08179151266813278,0.0,0.03326363116502762,0.08155329525470734,0.373180091381073,0.0371340848505497,0.09392526000738144,0.31201106309890747,0.03697223588824272,0.08338555693626404,0.24861879646778107,0.020526880398392677,0.04619482159614563,0.5751979351043701,0.034479521214962006,0.07357979565858841,0.32165852189064026,0.024574214592576027,0.058872587978839874,0.4513382017612457
Cyphomyrmex_cf.minutus_CASENT0744280_processed.obj,H2_joint,0.021059202030301094,0.15605509281158447,0.03829393908381462,0.11776115000247955,0.24944108724594116,0.40138188004493713,0.009610649198293686,0.012033333070576191,0.00800000037997961,0.03782907873392105,0.07296666502952576,0.02553333342075348,0.09721427410840988,0.29490000009536743,0.05820000171661377,0.2913981080055237,0.7408666610717773,0.1813666671514511,0.510107159614563,0.5151000022888184,1.0,0.0,1.0,1.0,0.0,1.0,1.6278068670771972e-08,0.0,0.7953264713287354,0.2581123411655426,0.0,0.0,0.0,13.035012245178223,92.0541000366211,0.010592876002192497,0.007889993488788605,0.009435742162168026,0.008713170886039734,0.0,0.02995033748447895,0.06162489950656891,0.34406131505966187,0.042203787714242935,0.10519906878471375,0.28531983494758606,0.06728848069906235,0.1284472495317459,0.13535912334918976,0.04311981797218323,0.0816698893904686,0.12401056289672852,0.03745829686522484,0.09836816787719727,0.3232037127017975,0.028059830889105797,0.054333820939064026,0.341849148273468
Dilobocondyla_fouqueti_CASENT0745576_processed.obj,H2_joint,0.005930578336119652,0.08462527394294739,0.03209778293967247,0.05252749100327492,0.12855283915996552,0.2429051697254181,0.03801613673567772,0.044466666877269745,0.03319999948143959,0.13698039948940277,0.19546666741371155,0.10543333739042282,0.2987802028656006,0.4306666851043701,0.22873333096504211,0.6483865976333618,0.7893666625022888,0.5501333475112915,0.5940923690795898,0.34113332629203796,1.0,0.0,1.0,1.0,0.0,1.0,2.057634063135083e-08,0.0,0.8382540941238403,0.37094002962112427,0.0,0.0,0.0,12.773286819458008,77.38565826416016,0.006779440212994814,0.022183595225214958,0.02362363412976265,0.023547174409031868,0.0,0.03664011135697365,0.08964599668979645,0.37049809098243713,0.04039386287331581,0.10649850219488144,0.33317995071411133,0.01735364831984043,0.03893164172768593,0.6546961665153503,0.050848688930273056,0.08363460749387741,0.1715039610862732,0.02114858850836754,0.05042382702231407,0.5701777338981628,0.020599620416760445,0.051145534962415695,0.5875912308692932
Dorylus_fulvus_CASENT0745678_processed.obj,H2_joint,0.006962704472243786,0.0875614807009697,0.03379029408097267,0.053771186619997025,0.13735143840312958,0.34603050351142883,0.04022880643606186,0.045266665518283844,0.03620000183582306,0.13245168328285217,0.1747666746377945,0.10663333535194397,0.2839898467063904,0.38499999046325684,0.22496667504310608,0.6632314324378967,0.7860000133514404,0.5736333131790161,0.6217387914657593,0.2559666633605957,1.0,0.0,1.0,1.0,0.0,1.0,2.3927531955791892e-08,0.0,0.8484247326850891,0.40581032633781433,0.0,0.0,0.0,12.75216007232666,78.96531677246094,0.007366122677922249,0.0033298374619334936,0.004485823679715395,0.0031342185102403164,0.0,0.03480561450123787,0.0827978253364563,0.33065134286880493,0.04404629394412041,0.10256784409284592,0.21168890595436096,0.04129834473133087,0.1138928160071373,0.3093922734260559,0.0645463615655899,0.11458193510770798,0.06068601831793785,0.020166447386145592,0.05099092051386833,0.6033994555473328,0.045634135603904724,0.245629221200943,0.5827250480651855
Eciton_hamatum_CASENT0744580_processed.obj,H2_joint,0.002031367737799883,0.04951125383377075,0.025106871500611305,0.024404384195804596,0.06683620810508728,0.12676821649074554,0.09758175164461136,0.10083333402872086,0.09453333169221878,0.28637412190437317,0.30116668343544006,0.2729666829109192,0.5257942080497742,0.5303666591644287,0.5213000178337097,0.8677142262458801,0.8486999869346619,0.8876000046730042,0.5839061141014099,0.30683332681655884,1.0,0.0,1.0,1.0,0.0,1.0,2.226068041011331e-08,0.0,0.8427989482879639,0.39897963404655457,0.0,0.0,0.0,13.176396369934082,84.7780990600586,0.008735048584640026,0.011394559405744076,0.012315507978200912,0.012128004804253578,0.0,0.020368656143546104,0.05584324523806572,0.6061303019523621,0.04238959029316902,0.08141279965639114,0.22457432746887207,0.022053154185414314,0.06393560022115707,0.5883978009223938,0.021643294021487236,0.04893404617905617,0.5725594162940979,0.01745690032839775,0.052765022963285446,0.6935359239578247,0.009739493019878864,0.03992825001478195,0.9257907271385193
Ectatomma_brunneum_CASENT0744575_processed.obj,H2_joint,0.01594497263431549,0.14068591594696045,0.0456513836979866,0.09503452479839325,0.20238140225410461,0.3204899728298187,0.014905526302754879,0.018833333626389503,0.012333333492279053,0.060077693313360214,0.10093333572149277,0.042766667902469635,0.14594663679599762,0.3029000163078308,0.09613333642482758,0.36636194586753845,0.6316666603088379,0.2580000162124634,0.5880157351493835,0.34013333916664124,1.0,0.0,1.0,1.0,0.0,1.0,1.7411647235121563e-08,0.0,0.8114970922470093,0.280153751373291,0.0,0.0,0.0,12.855252265930176,86.05029296875,0.008930608630180359,0.0020280927419662476,0.004621568601578474,0.0022632661275565624,0.0,0.058489300310611725,0.10964759439229965,0.13371647894382477,0.04915427044034004,0.126785546541214,0.29866543412208557,0.0374143086373806,0.08043582737445831,0.295580118894577,0.02072116918861866,0.048204924911260605,0.5778364539146423,0.031160974875092506,0.07298742234706879,0.430079847574234,0.035177651792764664,0.11134739965200424,0.5060827136039734
Eurhopalothrix_procera_CASENT0745605_processed.obj,H2_joint,0.009363667108118534,0.10385502129793167,0.035021163523197174,0.0688338577747345,0.16139553487300873,0.2244207262992859,0.026433661580085754,0.03189999982714653,0.022566666826605797,0.10066583007574081,0.16376666724681854,0.07266666740179062,0.2316596359014511,0.43050000071525574,0.1584666669368744,0.5424291491508484,0.7832666635513306,0.41486668586730957,0.579590916633606,0.2906666696071625,1.0,0.0,1.0,1.0,0.0,1.0,1.8618075969811798e-08,0.0,0.8284504413604736,0.3330751955509186,0.0,0.0,0.0,12.75198745727539,82.2574462890625,0.007952804677188396,0.019082967191934586,0.022563964128494263,0.020169386640191078,0.0,0.03970366716384888,0.12873801589012146,0.40229886770248413,0.04155411943793297,0.10464074462652206,0.291302353143692,0.03726397082209587,0.06550994515419006,0.26795580983161926,0.023635437712073326,0.0602901466190815,0.559366762638092,0.021593447774648666,0.054084938019514084,0.5856297016143799,0.020388994365930557,0.06413412094116211,0.6849148273468018
Heteroponera_panamensis_CASENT0744055_processed.obj,H2_joint,0.017410404980182648,0.14151157438755035,0.038852181285619736,0.10265938937664032,0.2226276993751526,0.34708377718925476,0.01370295137166977,0.01653333380818367,0.011699999682605267,0.0579376220703125,0.09970000386238098,0.04083333536982536,0.15060275793075562,0.3453333377838135,0.09629999846220016,0.39312031865119934,0.7233666777610779,0.26989999413490295,0.5817670822143555,0.4109666645526886,1.0,0.0,1.0,1.0,0.0,1.0,1.568650986882858e-08,0.0,0.7987586855888367,0.29640284180641174,0.0,0.0,0.0,12.885783195495605,89.19866943359375,0.009745445102453232,0.0424492247402668,0.045787736773490906,0.044169142842292786,0.0,0.042397480458021164,0.11075245589017868,0.29578545689582825,0.04492645710706711,0.12027720361948013,0.30188679695129395,0.0522594191133976,0.10655717551708221,0.1767955869436264,0.022196495905518532,0.041304513812065125,0.47229552268981934,0.029905173927545547,0.07700814306735992,0.4257017970085144,0.023373743519186974,0.0683111920952797,0.5754258036613464
Labidus_praedator_CASENT0744236_processed.obj,H2_joint,0.007101606577634811,0.07850965857505798,0.03760485723614693,0.04090479761362076,0.1258014291524887,0.6273506283760071,0.06421050429344177,0.06616666913032532,0.06236666813492775,0.19501614570617676,0.21253333985805511,0.18016666173934937,0.3940175473690033,0.419866681098938,0.3711666762828827,0.7489364743232727,0.7559000253677368,0.7421000003814697,0.6144922375679016,0.3421666622161865,1.0,0.0,1.0,1.0,0.0,1.0,2.2435523661101797e-08,0.0,0.837020993232727,0.3993142545223236,0.0,0.0,0.0,13.141430854797363,87.42292022705078,0.009615072049200535,0.03926706686615944,0.042971398681402206,0.043180014938116074,0.0,0.024506578221917152,0.06219916045665741,0.5084291100502014,0.0874994620680809,0.1632811725139618,0.06534744799137115,0.04276519641280174,0.11379947513341904,0.28176796436309814,0.05978536605834961,0.10249914228916168,0.12928760051727295,0.020939530804753304,0.055545467883348465,0.6028843522071838,0.016813257709145546,0.062395866960287094,0.801703155040741
Labidus_praedator_CASENT0744237_processed.obj,H2_joint,0.0041769323870539665,0.06712890416383743,0.023653095588088036,0.043475810438394547,0.1160336434841156,0.27635326981544495,0.047646645456552505,0.0549333356320858,0.04206666722893715,0.1744208186864853,0.2365666627883911,0.13813333213329315,0.39799052476882935,0.5476666688919067,0.3125666677951813,0.7880496382713318,0.9251000285148621,0.6863666772842407,0.6547423005104065,0.24199999868869781,1.0,0.0,1.0,1.0,0.0,1.0,1.8854116490274464e-08,0.0,0.8086284399032593,0.29214176535606384,0.0,0.0,0.0,12.538125991821289,83.33293151855469,0.008311333134770393,0.009187895804643631,0.013273647986352444,0.00981154479086399,0.0,0.022712664678692818,0.046910252422094345,0.49463602900505066,0.03817187622189522,0.10822287946939468,0.352047860622406,0.03727896884083748,0.09699055552482605,0.3232044279575348,0.02891545183956623,0.06300809234380722,0.38786280155181885,0.017105093225836754,0.04332541674375534,0.7074427008628845,0.019354423508048058,0.06197420507669449,0.7396593689918518
Lasius_nr._fuliginosus_CASENT0878037_processed.obj,H2_joint,0.0026989364996552467,0.05554918199777603,0.024249877780675888,0.03129930421710014,0.08118060976266861,0.1911163479089737,0.0691278874874115,0.07753333449363708,0.06236666813492775,0.22716613113880157,0.2894666790962219,0.18693333864212036,0.48777785897254944,0.5907666683197021,0.41536667943000793,0.8402280807495117,0.8779667019844055,0.8055999875068665,0.7464712262153625,0.17186667025089264,1.0,0.0,1.0,1.0,0.0,1.0,2.093768713962163e-08,0.0,0.8426156044006348,0.3746381402015686,0.0,0.0,0.0,12.625457763671875,80.25601196289062,0.007529090158641338,0.013926351442933083,0.015233782120049,0.014288848266005516,0.0,0.027429329231381416,0.09262661635875702,0.5524904131889343,0.028898971155285835,0.07897461950778961,0.4546709656715393,0.015521698631346226,0.030779918655753136,0.7071823477745056,0.024110546335577965,0.06632255017757416,0.5408971309661865,0.014638307504355907,0.034347038716077805,0.7682204842567444,0.011459117755293846,0.03693747520446777,0.8722627758979797
Lioponera_daikoku_OKENT0105067_processed.obj,H2_joint,0.01541768666356802,0.13842687010765076,0.04403259977698326,0.0943942740559578,0.19816507399082184,0.3216334581375122,0.015737706795334816,0.019200000911951065,0.013333333656191826,0.06122468784451485,0.10276667028665543,0.04360000044107437,0.14797921478748322,0.3032666742801666,0.09786666929721832,0.3763510286808014,0.6478999853134155,0.2651999890804291,0.5261790156364441,0.3969666659832001,1.0,0.0,1.0,1.0,0.0,1.0,1.6342177389105927e-08,0.0,0.8129717111587524,0.2914258539676666,0.0,0.0,0.0,13.123947143554688,87.5882568359375,0.009484698064625263,0.020862964913249016,0.023278577253222466,0.021294930949807167,0.0,0.05008208379149437,0.13222636282444,0.28429120779037476,0.04780212789773941,0.11066722124814987,0.24528302252292633,0.05983124300837517,0.13070151209831238,0.1270718276500702,0.03352140635251999,0.06702875345945358,0.2955145239830017,0.034040845930576324,0.09387752413749695,0.4267319142818451,0.03600424528121948,0.07588780671358109,0.35888078808784485
Mayriella_sp._CASENT0745610_processed.obj,H2_joint,0.011002506129443645,0.11156803369522095,0.033580388873815536,0.07798764854669571,0.17650428414344788,0.4524408280849457,0.021530896425247192,0.02656666748225689,0.01810000091791153,0.07897917926311493,0.13960000872612,0.05506666749715805,0.18675610423088074,0.38840001821517944,0.12293333560228348,0.49322807788848877,0.7855333685874939,0.35946667194366455,0.5367481708526611,0.4862000048160553,1.0,0.0,1.0,1.0,0.0,1.0,1.8320839956231794e-08,0.0,0.8286133408546448,0.33951336145401,0.0,0.0,0.0,12.863682746887207,78.00105285644531,0.007040188182145357,0.0423726812005043,0.043575383722782135,0.043592970818281174,0.0,0.03675353154540062,0.09276361763477325,0.3494252860546112,0.04367522522807121,0.10508570075035095,0.23976069688796997,0.03762270510196686,0.10606300085783005,0.2790055274963379,0.08134642243385315,0.12003018707036972,0.0,0.023894328624010086,0.06268952041864395,0.5722379684448242,0.021042222157120705,0.054588597267866135,0.5851581692695618
Mesoponera_ambigua_CASENT0745584_processed.obj,H2_joint,0.011291349306702614,0.11233852803707123,0.03344985842704773,0.0788886696100235,0.17947237193584442,0.3176114559173584,0.026559900492429733,0.031300000846385956,0.023066667839884758,0.09741571545600891,0.1637333333492279,0.06933333724737167,0.21674537658691406,0.42613333463668823,0.14533333480358124,0.509247899055481,0.8115666508674622,0.37103334069252014,0.5421463847160339,0.39446666836738586,1.0,0.0,1.0,1.0,0.0,1.0,1.7373762872807674e-08,0.0,0.8136993646621704,0.2921387255191803,0.0,0.0,0.0,12.736541748046875,82.40679931640625,0.008311333134770393,0.0054006390273571014,0.007648201193660498,0.0056921555660665035,0.0,0.03707466274499893,0.11369670927524567,0.4157088100910187,0.03274794667959213,0.0772935003042221,0.319374144077301,0.03417990356683731,0.06868370622396469,0.31767958402633667,0.03760664910078049,0.0781155526638031,0.25065964460372925,0.025058435276150703,0.06325996667146683,0.548029899597168,0.02136394754052162,0.06328096240758896,0.5827250480651855
Myrmecina_ryukyuensis_OKENT0105085_processed.obj,H2_joint,0.006486966740339994,0.08647437393665314,0.03412623330950737,0.052348144352436066,0.11908568441867828,0.358708918094635,0.03895837441086769,0.046933334320783615,0.0333000011742115,0.1279330849647522,0.18256667256355286,0.0984666645526886,0.2872072458267212,0.40443333983421326,0.2226666659116745,0.6489745378494263,0.7687333226203918,0.5615000128746033,0.6010052561759949,0.33123332262039185,1.0,0.0,1.0,1.0,0.0,1.0,2.0917287457677958e-08,0.0,0.8366361856460571,0.35426607728004456,0.0,0.0,0.0,12.70747184753418,80.75163269042969,0.0074964966624975204,0.023059068247675896,0.025436904281377792,0.024931933730840683,0.0,0.03613153472542763,0.10168974846601486,0.37854406237602234,0.04109995439648628,0.08208915591239929,0.2968246638774872,0.03734178841114044,0.09816059470176697,0.34530389308929443,0.036298878490924835,0.078118696808815,0.2955145239830017,0.021296601742506027,0.05418736860156059,0.5982487797737122,0.01762077771127224,0.03606653958559036,0.6326034069061279
Myrmecina_sp._CASENT0745613_processed.obj,H2_joint,0.007856480777263641,0.09678155183792114,0.03155117854475975,0.06523037701845169,0.14783674478530884,0.22873897850513458,0.027381200343370438,0.032733332365751266,0.023533333092927933,0.10028215497732162,0.16359999775886536,0.0723000019788742,0.2428998053073883,0.4314333498477936,0.16903333365917206,0.5664758682250977,0.8129000067710876,0.43470001220703125,0.5473881959915161,0.3732333481311798,1.0,0.0,1.0,1.0,0.0,1.0,1.997603860104391e-08,0.0,0.8295191526412964,0.31849074363708496,0.0,0.0,0.0,12.959182739257812,81.36448669433594,0.007855025120079517,0.04698379337787628,0.0488659106194973,0.049049392342567444,0.0,0.03439118340611458,0.09651454538106918,0.41111111640930176,0.03611714765429497,0.09097786247730255,0.36079153418540955,0.024947013705968857,0.07529500126838684,0.571823239326477,0.04844136908650398,0.08410800248384476,0.13456465303897858,0.024253223091363907,0.06877735257148743,0.5542106628417969,0.017665214836597443,0.036620866507291794,0.643552303314209
Nesomyrmex_angulatus_CASENT0744820_processed.obj,H2_joint,0.008893903344869614,0.10152646899223328,0.030515778809785843,0.07101069390773773,0.15558913350105286,0.2679983675479889,0.02811238542199135,0.03433333337306976,0.023800000548362732,0.10222415626049042,0.17480000853538513,0.07223333418369293,0.22987139225006104,0.45660001039505005,0.15360000729560852,0.5330770611763,0.8253666758537292,0.39366668462753296,0.5384140610694885,0.4888000190258026,1.0,0.0,1.0,1.0,0.0,1.0,1.8996907158452814e-08,0.0,0.8255899548530579,0.3390655815601349,0.0,0.0,0.0,12.830681800842285,79.63687133789062,0.007300935685634613,0.009187542833387852,0.011219702661037445,0.009362311102449894,0.0,0.04307858645915985,0.10774142295122147,0.33103448152542114,0.025116384029388428,0.05393392592668533,0.4546709656715393,0.02900424599647522,0.063206247985363,0.33701658248901367,0.06536872684955597,0.10551358014345169,0.16094987094402313,0.017505530267953873,0.03957151994109154,0.6814318895339966,0.019422365352511406,0.03831212595105171,0.5766423344612122
Odontomachus_troglodytes_CASENT0744970_processed.obj,H2_joint,0.002047940157353878,0.04817778617143631,0.020251814275979996,0.027925971895456314,0.07145842164754868,0.25244438648223877,0.08632304519414902,0.09433333575725555,0.07956666499376297,0.26368364691734314,0.3175666630268097,0.2254333347082138,0.5362293720245361,0.6315667033195496,0.4659000039100647,0.8861567974090576,0.9308000206947327,0.8456000089645386,0.718977153301239,0.18663333356380463,1.0,0.0,1.0,1.0,0.0,1.0,2.2318960901657192e-08,0.0,0.847833514213562,0.4035567045211792,0.0,0.0,0.0,12.89692497253418,80.68579864501953,0.007757244165986776,0.021622303873300552,0.0241903904825449,0.021688001230359077,0.0,0.018320659175515175,0.04312888905405998,0.6540229916572571,0.024486208334565163,0.06789136677980423,0.468936949968338,0.017298003658652306,0.0386405773460865,0.6519337296485901,0.028972571715712547,0.0635867789387703,0.39313986897468567,0.016480056568980217,0.05331232771277428,0.7764615416526794,0.013727550394833088,0.04451074078679085,0.8807786107063293
Oxyopomyrmex_saulcyi_CASENT0745218_processed.obj,H2_joint,0.013268643990159035,0.12276759743690491,0.03248446807265282,0.09028313308954239,0.19470521807670593,0.26226910948753357,0.02621619403362274,0.03173333406448364,0.022333333268761635,0.09157589077949524,0.1624000072479248,0.06376666575670242,0.2013312727212906,0.429666668176651,0.13146667182445526,0.43690237402915955,0.7681333422660828,0.30526667833328247,0.5299869775772095,0.4525333344936371,1.0,0.0,1.0,1.0,0.0,1.0,1.913386959984109e-08,0.0,0.8250397443771362,0.32811087369918823,0.0,0.0,0.0,12.780404090881348,80.97789764404297,0.007333529181778431,0.030808601528406143,0.032028306275606155,0.03681350126862526,0.0,0.034088362008333206,0.08734862506389618,0.41494253277778625,0.03499366715550423,0.07680992037057877,0.3221352994441986,0.06444037705659866,0.11186223477125168,0.08563536405563354,0.02453271485865116,0.05752328783273697,0.5171504020690918,0.02745392918586731,0.07444100826978683,0.5117177367210388,0.0459769032895565,0.1061023697257042,0.2469586282968521
Polyrhachis_decemdentata_CASENT0744779_processed.obj,H2_joint,0.006876683793962002,0.09109212458133698,0.033053115010261536,0.05803900957107544,0.13161946833133698,0.26021286845207214,0.030824607238173485,0.03750000149011612,0.02616666629910469,0.11486934125423431,0.1788666695356369,0.08460000157356262,0.2642562985420227,0.4284999966621399,0.19103333353996277,0.6161454916000366,0.7956333160400391,0.5027333498001099,0.6031599640846252,0.3463999927043915,1.0,0.0,1.0,1.0,0.0,1.0,2.0302415748574276e-08,0.0,0.8238128423690796,0.3501230776309967,0.0,0.0,0.0,12.76961898803711,80.39957427978516,0.007431309670209885,0.005176458973437548,0.00778575986623764,0.005795096047222614,0.0,0.03840847685933113,0.10157917439937592,0.31111112236976624,0.03532654047012329,0.09514269232749939,0.4367234408855438,0.022196423262357712,0.051906097680330276,0.49723759293556213,0.03136569634079933,0.056949492543935776,0.3087071478366852,0.021069077774882317,0.057549040764570236,0.6180788278579712,0.018365874886512756,0.04563609138131142,0.6800486445426941
Polyrhachis_dives_CASENT0878093_processed.obj,H2_joint,0.01409907080233097,0.1296166628599167,0.04078321531414986,0.08883345127105713,0.19673804938793182,0.3235197067260742,0.015795301645994186,0.019233332946896553,0.013400000520050526,0.06143591180443764,0.10396666824817657,0.04360000044107437,0.15914925932884216,0.31710001826286316,0.10623333603143692,0.4303043782711029,0.6858333349227905,0.3135000169277191,0.5779180526733398,0.3944000005722046,1.0,0.0,1.0,1.0,0.0,1.0,1.639171820499996e-08,0.0,0.8041859269142151,0.2726241648197174,0.0,0.0,0.0,13.010981559753418,87.37349700927734,0.009354324080049992,0.020620642229914665,0.024267548695206642,0.02227512001991272,0.0,0.046607401221990585,0.10506787896156311,0.20000000298023224,0.04031563922762871,0.1007160171866417,0.28946158289909363,0.045029204338788986,0.11156003922224045,0.22651934623718262,0.029227204620838165,0.05949775129556656,0.30079156160354614,0.03091389127075672,0.08984171599149704,0.47180014848709106,0.03860919177532196,0.1284647434949875,0.4574209153652191
Ponera_kohmoku_OKENT0105440_processed.obj,H2_joint,0.00660576531663537,0.09035973250865936,0.03307049348950386,0.057289235293865204,0.12788733839988708,0.20013593137264252,0.03192191943526268,0.03816666826605797,0.027433333918452263,0.11226771026849747,0.1722666621208191,0.08326666802167892,0.2514339089393616,0.40836668014526367,0.1816333383321762,0.6077377796173096,0.8029000163078308,0.48890000581741333,0.5935471653938293,0.4484666585922241,1.0,0.0,1.0,1.0,0.0,1.0,2.1435994312923867e-08,0.0,0.8378406763076782,0.36578309535980225,0.0,0.0,0.0,12.714902877807617,83.07925415039062,0.007920211181044579,0.003219085279852152,0.0041038538329303265,0.0034416897688061,0.0,0.02955397218465805,0.07818342000246048,0.4448275864124298,0.034737858921289444,0.07707356661558151,0.33271974325180054,0.03068317100405693,0.0910889282822609,0.450276255607605,0.022024812176823616,0.04570010304450989,0.5013192892074585,0.028560696169734,0.08608793467283249,0.4918877184391022,0.037240736186504364,0.08182686567306519,0.29197078943252563
Ponera_tamon_OKENT0105154_processed.obj,H2_joint,0.0028757303953170776,0.05645964294672012,0.02365037426352501,0.032809268683195114,0.08294685184955597,0.3577054440975189,0.08295664936304092,0.09270000457763672,0.07506667077541351,0.2506512999534607,0.29809999465942383,0.21623334288597107,0.4783381521701813,0.5608333349227905,0.4169999957084656,0.8249177932739258,0.904699981212616,0.7580666542053223,0.6900107860565186,0.291866660118103,1.0,0.0,1.0,1.0,0.0,1.0,2.3333061704988722e-08,0.0,0.8494388461112976,0.41982629895210266,0.0,0.0,0.0,12.630168914794922,77.65335083007812,0.007137968670576811,0.019983476027846336,0.022893553599715233,0.021693537011742592,0.0,0.02421453595161438,0.06492692232131958,0.5394636392593384,0.028435105457901955,0.05924211069941521,0.37321674823760986,0.01341060921549797,0.042947813868522644,0.8287293314933777,0.02763577178120613,0.060764335095882416,0.40633246302604675,0.015771999955177307,0.0390176922082901,0.719289243221283,0.05968758836388588,0.27943769097328186,0.5559610724449158
Pseudolasius_sp._CASENT0878065_processed.obj,H2_joint,0.015150731429457664,0.13266652822494507,0.041925448924303055,0.09074108302593231,0.19123709201812744,0.543906033039093,0.017245331779122353,0.021566666662693024,0.014366666786372662,0.06332442909479141,0.11183333396911621,0.04416666552424431,0.15164555609226227,0.3165999948978424,0.09970000386238098,0.39994657039642334,0.6976000070571899,0.28033334016799927,0.555198609828949,0.36426666378974915,1.0,0.0,1.0,1.0,0.0,1.0,1.6607359043518954e-08,0.0,0.8154236674308777,0.2951684892177582,0.0,0.0,0.0,12.882816314697266,85.61434173583984,0.008572081103920937,0.036303747445344925,0.04104612395167351,0.040412165224552155,0.0,0.03598596155643463,0.12238035351037979,0.4164751172065735,0.04317038878798485,0.10591011494398117,0.23009663820266724,0.0376899391412735,0.10045041143894196,0.23480664193630219,0.06144038215279579,0.11353631317615509,0.11345647275447845,0.037623316049575806,0.09542181342840195,0.3582281768321991,0.030966997146606445,0.07512115687131882,0.38807785511016846
Pseudomyrmex_cf.solis_CASENT0744065_processed.obj,H2_joint,0.0026457379572093487,0.05753595381975174,0.024143852293491364,0.033392101526260376,0.08023494482040405,0.11731364578008652,0.06989175826311111,0.07806666940450668,0.06326666474342346,0.21483470499515533,0.2657333314418793,0.18029999732971191,0.44172006845474243,0.5332000255584717,0.3770333230495453,0.8196561336517334,0.893666684627533,0.7569666504859924,0.6553968787193298,0.22573333978652954,1.0,0.0,1.0,1.0,0.0,1.0,2.35312178631375e-08,0.0,0.8449633121490479,0.389882892370224,0.0,0.0,0.0,13.158516883850098,90.28398132324219,0.01007138006389141,0.015007908456027508,0.015835005789995193,0.015305660665035248,0.0,0.022316643968224525,0.05710286647081375,0.565517246723175,0.032951533794403076,0.0817083790898323,0.3658536672592163,0.027836313471198082,0.06334470212459564,0.42541438341140747,0.04424724355340004,0.09140481799840927,0.17678101360797882,0.01804996095597744,0.04764152318239212,0.6693278551101685,0.015627749264240265,0.03792804479598999,0.7372262477874756
Solenopsis_invicta_CASENT0744384_processed.obj,H2_joint,0.00826615933328867,0.09977064281702042,0.030854562297463417,0.06891608238220215,0.15434518456459045,0.21812103688716888,0.026570456102490425,0.032233335077762604,0.022600000724196434,0.09635470807552338,0.15199999511241913,0.07053333520889282,0.23002827167510986,0.413266658782959,0.1593666672706604,0.5252645015716553,0.8187333345413208,0.3866666853427887,0.5242757797241211,0.4792333245277405,1.0,0.0,1.0,1.0,0.0,1.0,1.7758422288238762e-08,0.0,0.8148369789123535,0.30078867077827454,0.0,0.0,0.0,12.720006942749023,80.00909423828125,0.007366122677922249,0.001271033426746726,0.003707451280206442,0.0013498292537406087,0.0,0.029277270659804344,0.0732894241809845,0.40766283869743347,0.03638932481408119,0.08390065282583237,0.3396226465702057,0.041234951466321945,0.10876765102148056,0.3867403566837311,0.024899566546082497,0.05107491463422775,0.4802111089229584,0.031382400542497635,0.07729067653417587,0.422868937253952,0.018814878538250923,0.0552496463060379,0.6776155829429626
Stigmatomma_FHG02_CASENT0745561_processed.obj,H2_joint,0.010565121658146381,0.10397474467754364,0.029849838465452194,0.07412490993738174,0.19031472504138947,0.40200838446617126,0.03353339433670044,0.03999999910593033,0.028866667300462723,0.1166919469833374,0.17883333563804626,0.08659999817609787,0.26640555262565613,0.4403666853904724,0.1909666657447815,0.5640056729316711,0.82423335313797,0.4286666810512543,0.5829265713691711,0.38243332505226135,1.0,0.0,1.0,1.0,0.0,1.0,1.8993993933236197e-08,0.0,0.8301185965538025,0.332176148891449,0.0,0.0,0.0,12.866426467895508,85.64392852783203,0.008604674600064754,0.032934270799160004,0.03523831069469452,0.034283414483070374,0.0,0.02410637028515339,0.0561753585934639,0.5107280015945435,0.03154296427965164,0.07039636373519897,0.37183618545532227,0.01803933084011078,0.0551636666059494,0.7403315305709839,0.04060376062989235,0.0767383873462677,0.13456465303897858,0.030563006177544594,0.0855727419257164,0.4576358497142792,0.03220277652144432,0.103678397834301,0.55474454164505
Strumigenys_alberti_CASENT0878103_processed.obj,H2_joint,0.008610113523900509,0.10118119418621063,0.030417567119002342,0.07076362520456314,0.15335378050804138,0.2577812075614929,0.02480030432343483,0.030633334070444107,0.02083333395421505,0.09068118780851364,0.15813332796096802,0.0635666698217392,0.21022844314575195,0.4357333481311798,0.1385333389043808,0.5287581086158752,0.8251000046730042,0.38903334736824036,0.5434194803237915,0.44483333826065063,1.0,0.0,1.0,1.0,0.0,1.0,1.922420445055195e-08,0.0,0.814334511756897,0.29898518323898315,0.0,0.0,0.0,13.048418998718262,86.05989074707031,0.008930608630180359,0.007773564197123051,0.011925173923373222,0.00793960690498352,0.0,0.03354920074343681,0.08475417643785477,0.3766283690929413,0.03525865823030472,0.09455342590808868,0.4137137532234192,0.02585369534790516,0.055288445204496384,0.42541438341140747,0.027579016983509064,0.06573808938264847,0.5092348456382751,0.02421189658343792,0.06305348128080368,0.547514796257019,0.01844390481710434,0.032071422785520554,0.5961070656776428
Strumigenys_canina_OKENT0105288_processed.obj,H2_joint,0.0075154611840844154,0.09608481824398041,0.03420041874051094,0.06188439950346947,0.14523810148239136,0.35934683680534363,0.026324398815631866,0.031200001016259193,0.02276666648685932,0.09786371141672134,0.15183334052562714,0.0722000002861023,0.23275014758110046,0.3755333423614502,0.1686333417892456,0.5803165435791016,0.7638333439826965,0.46790000796318054,0.587590217590332,0.3843666613101959,1.0,0.0,1.0,1.0,0.0,1.0,1.951852723891534e-08,0.0,0.8333507180213928,0.3492330312728882,0.0,0.0,0.0,13.03365707397461,84.76557922363281,0.008963202126324177,0.0010196524672210217,0.002727172337472439,0.0011392629239708185,0.0,0.03939787670969963,0.09426703304052353,0.3406130373477936,0.02855825610458851,0.06819988042116165,0.3695352077484131,0.024233464151620865,0.06914333254098892,0.541436493396759,0.03391057997941971,0.061277370899915695,0.17941953241825104,0.026779312640428543,0.0684942752122879,0.4821014702320099,0.020601889118552208,0.05632408335804939,0.6496350169181824
Strumigenys_crassicornis_CASENT0744273_processed.obj,H2_joint,0.010676859878003597,0.1117793470621109,0.03244408965110779,0.07933525741100311,0.1812906563282013,0.3065669536590576,0.021229086443781853,0.02553333342075348,0.018166666850447655,0.0797337144613266,0.14153333008289337,0.05550000071525574,0.1862279623746872,0.39963334798812866,0.12139999866485596,0.4783468246459961,0.7883666753768921,0.34333333373069763,0.5730606913566589,0.4595666825771332,1.0,0.0,1.0,1.0,0.0,1.0,1.93669951187303e-08,0.0,0.8171314001083374,0.2985887825489044,0.0,0.0,0.0,12.946088790893555,89.95023345947266,0.010006193071603775,0.004805880598723888,0.007838578894734383,0.005157074891030788,0.0,0.029605085030198097,0.0787041112780571,0.4651341140270233,0.04266864433884621,0.09353794902563095,0.30280718207359314,0.03909765183925629,0.07921234518289566,0.27348068356513977,0.03435003012418747,0.06676783412694931,0.3139841854572296,0.02851959876716137,0.06669529527425766,0.40947720408439636,0.027230307459831238,0.0775545984506607,0.5072992444038391
Strumigenys_sp._appretiata_group_CASENT0744156_processed.obj,H2_joint,0.006528590805828571,0.08868300914764404,0.03532002866268158,0.05336298048496246,0.1258711814880371,0.1968386024236679,0.04833310842514038,0.05766666680574417,0.041600000113248825,0.15961560606956482,0.2307666689157486,0.12200000137090683,0.32062408328056335,0.445166677236557,0.2505333423614502,0.6204389333724976,0.7329000234603882,0.5379000306129456,0.6180386543273926,0.361133337020874,1.0,0.0,1.0,1.0,0.0,1.0,2.2400556076718203e-08,0.0,0.8378628492355347,0.35804563760757446,0.0,0.0,0.0,12.764796257019043,86.72008514404297,0.008963202126324177,0.0006485065678134561,0.0015986427897587419,0.000702286371961236,0.0,0.039966125041246414,0.1049128919839859,0.3647509515285492,0.040549617260694504,0.09032662212848663,0.28578004240989685,0.027202360332012177,0.08236699551343918,0.5580110549926758,0.05790039896965027,0.09102281928062439,0.0026385225355625153,0.01767081394791603,0.050119128078222275,0.7416945695877075,0.01731519214808941,0.039483025670051575,0.7299270033836365
Strumigenys_stenorhina_OKENT0105268_processed.obj,H2_joint,0.0024738535284996033,0.05062343552708626,0.020296892151236534,0.030326543375849724,0.08705771714448929,0.28267520666122437,0.08265170454978943,0.0898333340883255,0.07653333246707916,0.26452013850212097,0.3093000054359436,0.23106667399406433,0.5327003598213196,0.6119333505630493,0.47163334488868713,0.8831374049186707,0.9394000172615051,0.8332333564758301,0.7352069616317749,0.26249998807907104,1.0,0.0,1.0,1.0,0.0,1.0,2.3164044904433467e-08,0.0,0.8372228145599365,0.358597069978714,0.0,0.0,0.0,12.385787963867188,84.62681579589844,0.008767642080783844,0.008605428971350193,0.012053132988512516,0.009460994973778725,0.0,0.021630460396409035,0.05158987641334534,0.5429118871688843,0.02951299399137497,0.06685345619916916,0.35710999369621277,0.04456936568021774,0.09925593435764313,0.265193372964859,0.017609283328056335,0.035062287002801895,0.6147757768630981,0.012460952624678612,0.027726558968424797,0.8426474332809448,0.015336512587964535,0.02817978709936142,0.8746958374977112
Syllophopsis_sechellensis_OKENT0105212_processed.obj,H2_joint,0.0022744950838387012,0.05175308138132095,0.022798165678977966,0.028954915702342987,0.0693950429558754,0.16653227806091309,0.08580990135669708,0.09476666897535324,0.07840000092983246,0.25293222069740295,0.3058333396911621,0.2156333327293396,0.493120402097702,0.5778999924659729,0.4300333261489868,0.8710736036300659,0.8960333466529846,0.8474666476249695,0.7160615921020508,0.17736667394638062,1.0,0.0,1.0,1.0,0.0,1.0,2.3111590863322817e-08,0.0,0.847164511680603,0.40449026226997375,0.0,0.0,0.0,12.883279800415039,81.0255126953125,0.007789837662130594,0.023451223969459534,0.02544337883591652,0.024120887741446495,0.0,0.023891400545835495,0.06848526746034622,0.5881226062774658,0.029973985627293587,0.06715606153011322,0.3828808069229126,0.016581077128648758,0.0320974662899971,0.6353591680526733,0.028790045529603958,0.07724791765213013,0.49340370297431946,0.01622217893600464,0.04273093864321709,0.711563229560852,0.012387559749186039,0.03467307239770889,0.8333333134651184
Temnothorax_congruus_OKENT0105443_processed.obj,H2_joint,0.011420022696256638,0.1138221025466919,0.038861434906721115,0.07496066391468048,0.2007611244916916,0.26402291655540466,0.0285225547850132,0.033933334052562714,0.02460000105202198,0.09612676501274109,0.13899999856948853,0.07346666604280472,0.20914910733699799,0.31736665964126587,0.15596666932106018,0.5176799297332764,0.694100022315979,0.4127666652202606,0.6369986534118652,0.34119999408721924,1.0,0.0,1.0,1.0,0.0,1.0,2.322232539597735e-08,0.0,0.8498125672340393,0.41872429847717285,0.0,0.0,0.0,12.681325912475586,76.5611572265625,0.007105375174432993,0.009578990750014782,0.010448495857417583,0.009882733225822449,0.0,0.04029541462659836,0.10724406689405441,0.33448275923728943,0.035712145268917084,0.07158620655536652,0.2936033308506012,0.029246767982840538,0.057004623115062714,0.3342541456222534,0.027914630249142647,0.06976177543401718,0.4986807703971863,0.03296421095728874,0.07569649070501328,0.36054596304893494,0.03601505234837532,0.07176641374826431,0.32846716046333313
Temnothorax_sp._OKENT0105336_processed.obj,H2_joint,0.00781259499490261,0.09563520550727844,0.030051814392209053,0.06558339297771454,0.1456933319568634,0.26484280824661255,0.034551557153463364,0.04123333469033241,0.029733333736658096,0.11380375176668167,0.18556666374206543,0.08206667006015778,0.2507191598415375,0.4493333399295807,0.17386667430400848,0.5646007657051086,0.8127666711807251,0.432533323764801,0.544588565826416,0.4203000068664551,1.0,0.0,1.0,1.0,0.0,1.0,2.1572956754312145e-08,0.0,0.8486714959144592,0.395071804523468,0.0,0.0,0.0,12.816486358642578,82.28445434570312,0.0078224316239357,0.0007640986586920917,0.0020290883257985115,0.0008223878685384989,0.0,0.030484331771731377,0.08208143711090088,0.46206897497177124,0.030227232724428177,0.07595445960760117,0.43488267064094543,0.03985638916492462,0.09480773657560349,0.3591160476207733,0.06557612121105194,0.10059621930122375,0.0,0.02393588423728943,0.05699154734611511,0.5202163457870483,0.026579998433589935,0.06429701298475266,0.4768856465816498
Tetramorium_kraepelini_CASENT0744084_processed.obj,H2_joint,0.006601657252758741,0.08787849545478821,0.027509106323122978,0.06036938726902008,0.13947612047195435,0.2011978179216385,0.03381749242544174,0.04143333435058594,0.028566667810082436,0.11825581640005112,0.1974666714668274,0.0843999981880188,0.26935556530952454,0.476333349943161,0.1877666711807251,0.61750727891922,0.8667333722114563,0.4796000123023987,0.5814178586006165,0.41503334045410156,1.0,0.0,1.0,1.0,0.0,1.0,1.975748276095146e-08,0.0,0.8336557149887085,0.359627902507782,0.0,0.0,0.0,12.721185684204102,75.74794006347656,0.005866823252290487,0.002278437139466405,0.006576593033969402,0.002417859388515353,0.0,0.030238421633839607,0.08676259964704514,0.4360153377056122,0.023959418758749962,0.051331084221601486,0.4555913507938385,0.02804264985024929,0.08528048545122147,0.5469613671302795,0.06801136583089828,0.10185990482568741,0.013192612677812576,0.020614542067050934,0.05482498183846474,0.6268349289894104,0.01834755390882492,0.04205160588026047,0.639902651309967
Acanthostichus_aff.brevicornis_CASENT0744328_processed.obj,H3_deform,0.0029099308885633945,0.06030870974063873,0.024434087797999382,0.0358746238052845,0.08743957430124283,0.21543946862220764,0.05994567647576332,0.06746666878461838,0.05393333360552788,0.1920822262763977,0.2493666708469391,0.15620000660419464,0.40212178230285645,0.5109000205993652,0.3315333425998688,0.8140829801559448,0.8916000127792358,0.7489666938781738,0.6660313606262207,0.30453333258628845,1.005257248878479,0.14767327904701233,1.148935079574585,0.852791965007782,0.06816240400075912,1.0246533155441284,0.11031709611415863,0.0,0.8396742939949036,0.39847272634506226,0.005496975500136614,0.015032656490802765,0.04237937182188034,17.425769805908203,135.96026611328125,0.03164825215935707,0.0008556331158615649,0.003530240850523114,0.0008446824504062533,-0.0019416622817516327,0.026532385498285294,0.0653158649802208,0.4681992530822754,0.025316977873444557,0.054973360151052475,0.45098942518234253,0.014985251240432262,0.034818146377801895,0.8397790193557739,0.031112244352698326,0.06270863860845566,0.3271768093109131,0.018242832273244858,0.049402277916669846,0.6706154942512512,0.009703677147626877,0.021681763231754303,0.9270073175430298
Acromyrmex_coronatus_CASENT0744365_processed.obj,H3_deform,0.003218773752450943,0.05970031023025513,0.022332653403282166,0.03736765682697296,0.09615963697433472,0.2448190301656723,0.05592098459601402,0.06419999897480011,0.049533333629369736,0.18920795619487762,0.25519999861717224,0.15033333003520966,0.4295082092285156,0.5629666447639465,0.3472000062465668,0.8215129375457764,0.9165999889373779,0.7443000078201294,0.698198676109314,0.21823333203792572,0.9738444089889526,0.18125557899475098,1.117774248123169,0.7451611161231995,0.08400199562311172,0.9467096924781799,0.15673260390758514,0.0,0.8148775100708008,0.295791894197464,0.005721443798393011,0.0175597183406353,0.06325355172157288,14.708840370178223,116.15137481689453,0.019947199150919914,0.04113473743200302,0.04194653034210205,0.04619142785668373,-0.0004946254193782806,0.023739386349916458,0.05563638359308243,0.4758620858192444,0.028176242485642433,0.07004138082265854,0.47722044587135315,0.0309783723205328,0.10933171212673187,0.5939226746559143,0.02169276587665081,0.06884561479091644,0.6622691750526428,0.02136731892824173,0.06413186341524124,0.6322430968284607,0.01138383150100708,0.031066378578543663,0.8832116723060608
Acromyrmex_lobicornis_CASENT0878007_processed.obj,H3_deform,0.007878303527832031,0.09716364741325378,0.03149045631289482,0.06567319482564926,0.14719028770923615,0.2993723750114441,0.026158476248383522,0.03176666796207428,0.022233333438634872,0.09296286851167679,0.15890000760555267,0.065700002014637,0.22452783584594727,0.43293333053588867,0.15156666934490204,0.5648661255836487,0.8104666471481323,0.4334999918937683,0.5667302012443542,0.4690333306789398,0.9962754249572754,0.2008415311574936,1.163568377494812,0.7614734172821045,0.09289603680372238,1.0043470859527588,0.17128317058086395,0.0,0.8191666603088379,0.2946092188358307,0.006970614194869995,0.018489614129066467,0.04937219247221947,17.285215377807617,128.0519256591797,0.027639256790280342,0.0216479804366827,0.023055456578731537,0.023506132885813713,-0.00041340477764606476,0.038259051740169525,0.0909772738814354,0.326053649187088,0.03895401954650879,0.08518438041210175,0.2917625308036804,0.027440514415502548,0.07901085168123245,0.4723757207393646,0.03147559612989426,0.07253876328468323,0.37467020750045776,0.02063978649675846,0.04566524177789688,0.6368787288665771,0.018293539062142372,0.040694840252399445,0.6532846689224243
Anochetus_risii_CASENT0877608_processed.obj,H3_deform,0.002294451231136918,0.0513220876455307,0.02048446424305439,0.03083762526512146,0.08100280910730362,0.19580721855163574,0.08419957011938095,0.09570000320672989,0.07516666501760483,0.25663113594055176,0.33416667580604553,0.20830000936985016,0.5003947615623474,0.6202333569526672,0.41936665773391724,0.8611142039299011,0.9320666790008545,0.8001999855041504,0.7072709798812866,0.163633331656456,1.0037237405776978,0.11980631947517395,1.1275385618209839,0.8389543294906616,0.06350824236869812,1.019844889640808,0.1148892417550087,0.0,0.8362004160881042,0.34877845644950867,0.004593549761921167,0.014336057007312775,0.06222563609480858,16.88177490234375,117.59288787841797,0.022945798933506012,0.0043507833033800125,0.004888388328254223,0.004645167849957943,-0.00019043777137994766,0.017508354038000107,0.03712859004735947,0.6295019388198853,0.030181551352143288,0.0721808448433876,0.37367695569992065,0.022329870611429214,0.045730892568826675,0.5,0.03658582642674446,0.07659902423620224,0.25065964460372925,0.017019862309098244,0.062442466616630554,0.8065928816795349,0.011967862956225872,0.03105270303785801,0.8637469410896301
Anochetus_risii_CASENT0877609_processed.obj,H3_deform,0.009488326497375965,0.1051979660987854,0.031661998480558395,0.0735359713435173,0.1635511964559555,0.3264479339122772,0.02493475005030632,0.030899999663233757,0.020899999886751175,0.08846844732761383,0.15096667408943176,0.06256666779518127,0.210023894906044,0.4088999927043915,0.1413000077009201,0.5188344120979309,0.8118667006492615,0.3812333345413208,0.5774367451667786,0.3921999931335449,0.9608997106552124,0.1770273894071579,1.157706379890442,0.6690479516983032,0.12198657542467117,0.9134631156921387,0.22827810049057007,0.0,0.7934282422065735,0.24571552872657776,0.009175793267786503,0.023938462138175964,0.07539685815572739,16.139223098754883,131.0775909423828,0.027802225202322006,0.040781740099191666,0.0424516461789608,0.0430351085960865,0.0001353621482849121,0.0303958710283041,0.07658305019140244,0.4256705045700073,0.039266541600227356,0.1143454760313034,0.3350207209587097,0.030484408140182495,0.13079968094825745,0.6353591680526733,0.04402433708310127,0.08445320278406143,0.2269129455089569,0.02709677442908287,0.06520621478557587,0.45866599678993225,0.025060756132006645,0.07475239783525467,0.6338199377059937
Aphaenogaster_pallida_CASENT0745235_processed.obj,H3_deform,0.004910849500447512,0.07529245316982269,0.03220411017537117,0.043088339269161224,0.11016593128442764,0.14716856181621552,0.04925437644124031,0.05739999935030937,0.04313333332538605,0.1909688413143158,0.24833333492279053,0.15513333678245544,0.4232754111289978,0.5191333293914795,0.3573000133037567,0.6855821013450623,0.7453333139419556,0.6347000002861023,0.7697970271110535,0.10223333537578583,0.9960344433784485,0.16789861023426056,1.0883153676986694,0.8815949559211731,0.05024902522563934,0.9960507154464722,0.08208006620407104,0.0,0.8452965617179871,0.39893975853919983,0.003770883660763502,0.011151090264320374,0.03863963857293129,14.243057250976562,105.93543243408203,0.015807829797267914,0.0014547794125974178,0.002483885968104005,0.0016640437534078956,1.2017320841550827e-05,0.04046054184436798,0.09480032324790955,0.39463603496551514,0.03463045880198479,0.07136477530002594,0.29958581924438477,0.015910634770989418,0.03381320834159851,0.7099447846412659,0.03283902257680893,0.08234051614999771,0.46174144744873047,0.013700850307941437,0.028002554550766945,0.8704609870910645,0.009629684500396252,0.02637494169175625,0.9367396235466003
Atopomyrmex_mocquerysi_CASENT0744784_processed.obj,H3_deform,0.0020413831807672977,0.03838805854320526,0.01591401733458042,0.02247403934597969,0.056995879858732224,0.3314867913722992,0.1334441751241684,0.14069999754428864,0.12690000236034393,0.39254623651504517,0.4347666800022125,0.3578000068664551,0.6897558569908142,0.7590333223342896,0.6320666670799255,0.9490341544151306,0.9671333432197571,0.931600034236908,0.7120458483695984,0.19566667079925537,1.0351570844650269,0.16406859457492828,1.2697322368621826,0.8865811824798584,0.07461518049240112,1.088249921798706,0.13213878870010376,0.0,0.8463158011436462,0.4001466631889343,0.004575124476104975,0.013155410066246986,0.07658135890960693,20.392831802368164,135.30810546875,0.03715654835104942,0.021399395540356636,0.021980712190270424,0.028768809512257576,0.0002246517688035965,0.015738192945718765,0.03773593157529831,0.7268199324607849,0.012337859719991684,0.031651273369789124,0.8311091065406799,0.01195270661264658,0.030699854716658592,0.8204420208930969,0.010578160174190998,0.025123249739408493,0.8839050531387329,0.015613388270139694,0.041247423738241196,0.7883080244064331,0.028653476387262344,0.1623803675174713,0.7554744482040405
Carebara_trechideros_CASENT0877591_processed.obj,H3_deform,0.0032465397380292416,0.048182107508182526,0.01641811616718769,0.031763993203639984,0.11892088502645493,0.34066417813301086,0.12218821793794632,0.1318666636943817,0.11383333802223206,0.35689017176628113,0.41716668009757996,0.31183332204818726,0.6394100785255432,0.7433000206947327,0.5609999895095825,0.8920915126800537,0.9593666791915894,0.8336333632469177,0.7062280774116516,0.2616000175476074,1.046505093574524,0.20514920353889465,1.2172602415084839,0.8841257691383362,0.08446995168924332,1.119768738746643,0.15845225751399994,0.0,0.8452457189559937,0.38234221935272217,0.005387132056057453,0.01631980575621128,0.0742705836892128,23.790058135986328,138.31398010253906,0.04201297461986542,0.022708924487233162,0.024016592651605606,0.026941299438476562,0.000706944614648819,0.012456122785806656,0.02906837686896324,0.8486590385437012,0.021606335416436195,0.05788400396704674,0.5844454765319824,0.013444148004055023,0.035571351647377014,0.7790055274963379,0.012801583856344223,0.035428453236818314,0.833773136138916,0.015338219702243805,0.04354945197701454,0.7875354290008545,0.013673868030309677,0.05560833588242531,0.8394160270690918
Centromyrmex_brachycola_CASENT0744052_processed.obj,H3_deform,0.0035717622376978397,0.06433538347482681,0.02235916443169117,0.041976217180490494,0.1022745668888092,0.21583162248134613,0.056692738085985184,0.0658000037074089,0.049800001084804535,0.1913856714963913,0.2639999985694885,0.1501000076532364,0.3912532329559326,0.5670333504676819,0.29866665601730347,0.7696307301521301,0.9248999953269958,0.6589999794960022,0.6686109304428101,0.29036667943000793,0.9931309223175049,0.12034472823143005,1.0995091199874878,0.857296347618103,0.056611280888319016,1.0021237134933472,0.0968865305185318,0.0,0.843539834022522,0.39994916319847107,0.004540699068456888,0.013161971233785152,0.03475777804851532,15.175765037536621,115.38602447509766,0.020664256066083908,0.0018515861593186855,0.002492503495886922,0.0019422860350459814,-0.00036873994395136833,0.022211752831935883,0.055796004831790924,0.5689655542373657,0.020011715590953827,0.05888066068291664,0.6530143022537231,0.03547624871134758,0.06147594004869461,0.17403315007686615,0.025875015184283257,0.0550263375043869,0.4511873424053192,0.021520141512155533,0.04717583209276199,0.5573010444641113,0.023073120042681694,0.04841185733675957,0.5243309140205383
Cephalotes_minutus_CASENT0709253_processed.obj,H3_deform,0.0030207582749426365,0.06259423494338989,0.028098348528146744,0.03449589014053345,0.07619613409042358,0.1423887461423874,0.05327468737959862,0.06120000034570694,0.04716666787862778,0.17823904752731323,0.24113333225250244,0.14136667549610138,0.37663567066192627,0.48340001702308655,0.3084999918937683,0.8073148727416992,0.8495666980743408,0.7690666913986206,0.6891289949417114,0.2597000002861023,1.0133026838302612,0.1068662479519844,1.1311148405075073,0.92862868309021,0.045953113585710526,1.0351455211639404,0.0770532488822937,0.0,0.8565282821655273,0.4259726405143738,0.003773566335439682,0.01149035431444645,0.052737027406692505,16.44992446899414,123.66767120361328,0.026335518807172775,0.007556804921478033,0.008027123287320137,0.007561677601188421,-0.0001614806242287159,0.037079788744449615,0.09001760929822922,0.3164750933647156,0.028861626982688904,0.0552968755364418,0.34422457218170166,0.009529846720397472,0.026768939569592476,0.9254143834114075,0.016009625047445297,0.03343520686030388,0.6912928819656372,0.014537702314555645,0.03364027664065361,0.7849600911140442,0.011481644585728645,0.02808474563062191,0.8479318618774414
Cephalotes_simillimus_CASENT0744408_processed.obj,H3_deform,0.0064844777807593346,0.09177735447883606,0.03370286151766777,0.05807448923587799,0.12341195344924927,0.1998288780450821,0.028240589424967766,0.03493333235383034,0.02370000071823597,0.10446519404649734,0.18173334002494812,0.07330000400543213,0.22935296595096588,0.419866681098938,0.1577666699886322,0.5693308115005493,0.7575333714485168,0.4560333490371704,0.6465111374855042,0.39303332567214966,0.9925239086151123,0.13607792556285858,1.152811884880066,0.8162304162979126,0.07740464061498642,1.0029457807540894,0.13005752861499786,0.0,0.8339163064956665,0.36014774441719055,0.00595470704138279,0.015197847038507462,0.03745751455426216,16.04793930053711,124.39759063720703,0.027215542271733284,0.017765497788786888,0.018493587151169777,0.01860526017844677,6.250478327274323e-05,0.041494570672512054,0.1014368087053299,0.2896551787853241,0.05069537088274956,0.09650883078575134,0.16612978279590607,0.019487278535962105,0.03774658590555191,0.5773481130599976,0.03242172300815582,0.07253393530845642,0.3799472451210022,0.016902616247534752,0.04018179327249527,0.7210919260978699,0.013541797176003456,0.02873961254954338,0.816301703453064
Cephalotes_spinosus_CASENT0744158_processed.obj,H3_deform,0.003558918833732605,0.06724362820386887,0.02664499171078205,0.040598634630441666,0.09067867696285248,0.1719878613948822,0.04137219861149788,0.05093333497643471,0.034833334386348724,0.14879904687404633,0.2224000096321106,0.11180000007152557,0.3357943296432495,0.48713332414627075,0.25620001554489136,0.7676249742507935,0.8817333579063416,0.6796666979789734,0.6797432899475098,0.303600013256073,1.0084705352783203,0.1679699867963791,1.154842734336853,0.8628123998641968,0.0651077926158905,1.0326406955718994,0.10883167386054993,0.0,0.8479674458503723,0.3819585144519806,0.004945267457515001,0.013245202600955963,0.0351729542016983,17.115638732910156,127.18303680419922,0.027313321828842163,0.01554865948855877,0.016207387670874596,0.01657959073781967,-0.00011119060218334198,0.03614254295825958,0.0919492095708847,0.32452109456062317,0.03227011859416962,0.06521564722061157,0.2751955986022949,0.018364550545811653,0.03738156706094742,0.6022099852561951,0.0175950825214386,0.04748781397938728,0.6728232502937317,0.013419488444924355,0.029906777665019035,0.8050476312637329,0.0109564159065485,0.020962262526154518,0.9355230927467346
Crematogaster_nawai_OKENT0105046_processed.obj,H3_deform,0.004492378327995539,0.07153403759002686,0.02480713464319706,0.04672690108418465,0.11191166937351227,0.21033072471618652,0.048153702169656754,0.05780000239610672,0.04126666858792305,0.15846526622772217,0.2387000024318695,0.11860000342130661,0.34590741991996765,0.5451000332832336,0.25333333015441895,0.7284730076789856,0.8868333697319031,0.6180999875068665,0.6114898920059204,0.37380000948905945,0.9984434843063354,0.14730417728424072,1.122244119644165,0.8430255055427551,0.06266137957572937,1.0050832033157349,0.10791683942079544,0.0,0.8386776447296143,0.3657892644405365,0.00478828139603138,0.013755280524492264,0.06891738623380661,15.76060962677002,117.76122283935547,0.023173952475190163,0.024064982309937477,0.025279639288783073,0.02477705106139183,1.4508143067359924e-05,0.022541264072060585,0.05426006391644478,0.5471264719963074,0.03949127346277237,0.0978885143995285,0.31385183334350586,0.025938119739294052,0.05860990658402443,0.5138121843338013,0.02733878418803215,0.0590871199965477,0.43799474835395813,0.01755455508828163,0.04223262518644333,0.6765387654304504,0.014962716028094292,0.030408121645450592,0.7554744482040405
Cryptopone_sauteri_CASENT0743771_processed.obj,H3_deform,0.004317380953580141,0.07069598138332367,0.024872248992323875,0.045823730528354645,0.10781259834766388,0.1837218701839447,0.04213173687458038,0.04963333532214165,0.03660000115633011,0.1561550498008728,0.23363333940505981,0.11726666986942291,0.348116397857666,0.5239999890327454,0.26063334941864014,0.7360130548477173,0.9064333438873291,0.619533360004425,0.6426860690116882,0.3506999909877777,0.9977719783782959,0.1194549947977066,1.1201610565185547,0.8567329049110413,0.06108623370528221,1.004468321800232,0.09909112006425858,0.0,0.8443744778633118,0.3841853141784668,0.004671520087867975,0.013058707118034363,0.034001391381025314,15.99759578704834,120.10336303710938,0.023793227970600128,0.01900237239897251,0.01961820013821125,0.01941702701151371,5.318969488143921e-05,0.032546721398830414,0.08922422677278519,0.36743295192718506,0.021607564762234688,0.04796891286969185,0.5112747550010681,0.016346070915460587,0.04427750036120415,0.7320442199707031,0.04216442629694939,0.07605505734682083,0.10026385635137558,0.014209521003067493,0.032329410314559937,0.7839299440383911,0.012923416681587696,0.024296529591083527,0.8333333134651184
Cyphoidris_afrc-tz01_CASENT0744810_processed.obj,H3_deform,0.01517180260270834,0.13225741684436798,0.03243410959839821,0.09982330352067947,0.20939865708351135,0.3809497356414795,0.011637098155915737,0.014466666616499424,0.009733333252370358,0.047358229756355286,0.0944666713476181,0.03160000219941139,0.12547089159488678,0.36169999837875366,0.07590000331401825,0.3758509159088135,0.8129000067710876,0.24443334341049194,0.5689978003501892,0.46966665983200073,0.9802823066711426,0.18794651329517365,1.225208044052124,0.682441771030426,0.11706597357988358,0.9625517725944519,0.2035890370607376,0.0,0.7899057269096375,0.24887672066688538,0.009265157394111156,0.026653561741113663,0.07328914105892181,15.72341251373291,134.32040405273438,0.03008376620709896,0.06498182564973831,0.06649427115917206,0.07056184113025665,0.00022029876708984375,0.03209112957119942,0.07928663492202759,0.38620689511299133,0.03721848875284195,0.09647102653980255,0.3364012837409973,0.03530021384358406,0.0823134109377861,0.20441989600658417,0.016335604712367058,0.0321006216108799,0.7229551672935486,0.030210893601179123,0.06176469847559929,0.3597733676433563,0.021284516900777817,0.04582952335476875,0.628953754901886
Cyphomyrmex_cf.minutus_CASENT0744280_processed.obj,H3_deform,0.016591928899288177,0.13736945390701294,0.03186928853392601,0.10550016164779663,0.22457684576511383,0.38216572999954224,0.011517582461237907,0.014866666868329048,0.009399999864399433,0.04435670003294945,0.0939333364367485,0.02903333306312561,0.1126905232667923,0.34353333711624146,0.0674000009894371,0.3344981074333191,0.8220666646957397,0.20996667444705963,0.5461141467094421,0.5215666890144348,0.9838149547576904,0.19896377623081207,1.222471833229065,0.6701019406318665,0.1293799728155136,0.9702889323234558,0.23985815048217773,0.0,0.7799395322799683,0.2125367820262909,0.009665096178650856,0.026381611824035645,0.0654863715171814,18.10505485534668,133.82284545898438,0.03184381499886513,0.012739983387291431,0.013351742178201675,0.014083399437367916,3.1682662665843964e-05,0.028072094544768333,0.056949637830257416,0.3662835359573364,0.030019627884030342,0.06884928792715073,0.3713759779930115,0.05124833062291145,0.1043822318315506,0.19889503717422485,0.035843297839164734,0.06982580572366714,0.2744063436985016,0.03176134452223778,0.07575640827417374,0.3528199791908264,0.024551915004849434,0.04850730299949646,0.4197080135345459
Dilobocondyla_fouqueti_CASENT0745576_processed.obj,H3_deform,0.004538795445114374,0.07446830719709396,0.027603596448898315,0.04686471074819565,0.1118505597114563,0.16065508127212524,0.040459442883729935,0.04756666719913483,0.03519999980926514,0.14378216862678528,0.20846666395664215,0.10973333567380905,0.3225332498550415,0.4752333462238312,0.24410000443458557,0.7068116068840027,0.8532666563987732,0.6032666563987732,0.6034076809883118,0.35063332319259644,0.9986065030097961,0.14579901099205017,1.1558763980865479,0.8096891641616821,0.07645721733570099,1.0054802894592285,0.13129614293575287,0.0,0.8356947898864746,0.35463768243789673,0.006180050317198038,0.017238784581422806,0.05440087243914604,16.8942928314209,122.691162109375,0.024086570367217064,0.02236039564013481,0.023116061463952065,0.02361658774316311,-1.774914562702179e-05,0.03174541890621185,0.07472224533557892,0.4157088100910187,0.03497639670968056,0.0966104194521904,0.3492867052555084,0.01704956591129303,0.038821980357170105,0.6602210402488708,0.030547069385647774,0.05064206197857857,0.2242744117975235,0.018115805462002754,0.03956243395805359,0.6368787288665771,0.017761174589395523,0.040961962193250656,0.683698296546936
Dorylus_fulvus_CASENT0745678_processed.obj,H3_deform,0.005997497122734785,0.0818580836057663,0.0311836339533329,0.0506744459271431,0.12656433880329132,0.29359278082847595,0.04103859141469002,0.048133332282304764,0.03576666861772537,0.135606050491333,0.18639999628067017,0.1065666675567627,0.299229234457016,0.41530001163482666,0.23386667668819427,0.6952750086784363,0.8203999996185303,0.6032666563987732,0.6526886224746704,0.25433334708213806,1.021734595298767,0.15032711625099182,1.1685917377471924,0.9040411710739136,0.05926136672496796,1.0696966648101807,0.10542867332696915,0.0,0.8501602411270142,0.42027243971824646,0.004012064076960087,0.010967118665575981,0.04019831120967865,18.321609497070312,130.8851318359375,0.034288324415683746,0.0025164452381432056,0.0033017899841070175,0.002421175129711628,-0.0003504692576825619,0.032375629991292953,0.07700999826192856,0.3620689809322357,0.0401567704975605,0.09655814617872238,0.2655315399169922,0.03616286814212799,0.09350957721471786,0.31767958402633667,0.0641435980796814,0.11171894520521164,0.047493405640125275,0.019391367211937904,0.04539991170167923,0.6137007474899292,0.03993672505021095,0.20054924488067627,0.6021897792816162
Eciton_hamatum_CASENT0744580_processed.obj,H3_deform,0.0013971596490591764,0.041023410856723785,0.02040904387831688,0.020614366978406906,0.055552899837493896,0.10402921587228775,0.12511509656906128,0.13156667351722717,0.11926666647195816,0.33993712067604065,0.3595333397388458,0.3223666846752167,0.6030369400978088,0.6182000041007996,0.5885999798774719,0.9314262270927429,0.9253333210945129,0.9376000165939331,0.5848720073699951,0.29383334517478943,1.0136563777923584,0.1486925482749939,1.1391723155975342,0.8544340133666992,0.06784597784280777,1.051822304725647,0.11907511949539185,0.0,0.846419095993042,0.3995453417301178,0.004221839364618063,0.011215505190193653,0.034665241837501526,20.29833221435547,123.98563385009766,0.028812620788812637,0.009013558737933636,0.009648154489696026,0.009562128223478794,-0.0010131234303116798,0.01851419359445572,0.045799560844898224,0.6329501867294312,0.03409481793642044,0.07510765641927719,0.3216751217842102,0.020226964727044106,0.05657553672790527,0.6270718574523926,0.015150168910622597,0.04249926283955574,0.7414248585700989,0.013060622848570347,0.03772355616092682,0.8086531162261963,0.007952564395964146,0.023234810680150986,0.9403892755508423
Ectatomma_brunneum_CASENT0744575_processed.obj,H3_deform,0.012551558203995228,0.12593185901641846,0.041168611496686935,0.08476324379444122,0.17920154333114624,0.3031899034976959,0.01567588932812214,0.019366666674613953,0.013166666962206364,0.05948226898908615,0.10693333297967911,0.041200000792741776,0.14283250272274017,0.31960001587867737,0.0919666662812233,0.41515424847602844,0.6890666484832764,0.29706665873527527,0.6245247721672058,0.3389333486557007,0.972256600856781,0.17991428077220917,1.1795684099197388,0.6845375299453735,0.11509568244218826,0.9473212957382202,0.21130932867527008,0.0,0.7972195744514465,0.23878204822540283,0.0085234260186553,0.02182677574455738,0.0805925652384758,15.434225082397461,130.8985595703125,0.026791827753186226,0.0008222998585551977,0.0023648131173104048,0.000911070266738534,-0.0016262666322290897,0.05338554084300995,0.10473015159368515,0.1708812266588211,0.049685053527355194,0.11513382196426392,0.15416474640369415,0.031661346554756165,0.05796600133180618,0.2983425557613373,0.01585994102060795,0.02825988456606865,0.7255936861038208,0.026949726045131683,0.06390472501516342,0.5217615365982056,0.030335484072566032,0.08497762680053711,0.569343090057373
Eurhopalothrix_procera_CASENT0745605_processed.obj,H3_deform,0.007717398926615715,0.09477454423904419,0.03234264254570007,0.062431905418634415,0.14365161955356598,0.20230941474437714,0.028951535001397133,0.035733334720134735,0.02433333359658718,0.10462313890457153,0.1762000024318695,0.07440000027418137,0.2521824538707733,0.4652666747570038,0.17296667397022247,0.5835063457489014,0.8199666738510132,0.4528999924659729,0.5998056530952454,0.3136666715145111,0.9788796901702881,0.15057864785194397,1.1374577283859253,0.770473301410675,0.08708970248699188,0.9631264209747314,0.15432868897914886,0.0,0.8157871961593628,0.3038228750228882,0.0067634666338562965,0.01836698316037655,0.055340420454740524,15.275334358215332,119.91441345214844,0.022880611941218376,0.02068384177982807,0.022433394566178322,0.022035885602235794,-0.0010939929634332657,0.03593529015779495,0.11623719334602356,0.43563219904899597,0.04048086330294609,0.10330981016159058,0.3341003358364105,0.032667554914951324,0.05721357837319374,0.32596686482429504,0.022273819893598557,0.05903180316090584,0.6042216420173645,0.019661733880639076,0.04661930352449417,0.6330156922340393,0.017278945073485374,0.058079272508621216,0.7956204414367676
Heteroponera_panamensis_CASENT0744055_processed.obj,H3_deform,0.01438748836517334,0.12980490922927856,0.035682350397109985,0.09412255138158798,0.20134732127189636,0.3461068272590637,0.014337588101625443,0.017733333632349968,0.012033333070576191,0.05620945617556572,0.10433333367109299,0.038466665893793106,0.1408061385154724,0.3294999897480011,0.08953333646059036,0.42265546321868896,0.786300003528595,0.289000004529953,0.6062352657318115,0.4362666606903076,0.9641656875610352,0.18854564428329468,1.1796064376831055,0.666588544845581,0.12182202190160751,0.9230047464370728,0.23207131028175354,0.0,0.7815359234809875,0.23392611742019653,0.008746422827243805,0.022494753822684288,0.07819219678640366,15.15803337097168,138.47933959960938,0.029985986649990082,0.04049953073263168,0.04170071333646774,0.04154745861887932,-0.00027086958289146423,0.03774362429976463,0.09236955642700195,0.31494253873825073,0.046280596405267715,0.12008847296237946,0.27151402831077576,0.053693946450948715,0.10739496350288391,0.21270719170570374,0.024975348263978958,0.04996863007545471,0.4696570038795471,0.026604419574141502,0.05670943111181259,0.4241565763950348,0.01917761005461216,0.05126868933439255,0.6715328693389893
Labidus_praedator_CASENT0744236_processed.obj,H3_deform,0.0054246713407337666,0.06619728356599808,0.030213693156838417,0.03598358854651451,0.10484730452299118,0.5868799090385437,0.08219422399997711,0.08736667037010193,0.07760000228881836,0.22921931743621826,0.25396665930747986,0.2088666707277298,0.4644539952278137,0.5102999806404114,0.42616668343544006,0.8094092607498169,0.8259333372116089,0.7935333251953125,0.6262254118919373,0.32163333892822266,1.0182037353515625,0.17441289126873016,1.183209776878357,0.8153515458106995,0.08248643577098846,1.0653818845748901,0.14467400312423706,0.0,0.8412190675735474,0.3926908075809479,0.00582854961976409,0.014228560030460358,0.05716395005583763,20.559566497802734,135.22323608398438,0.03327792510390282,0.04367675632238388,0.04629160091280937,0.04713768512010574,-0.002255558967590332,0.020066410303115845,0.05303368344902992,0.5911877751350403,0.06751537322998047,0.14008520543575287,0.13529682159423828,0.03223118931055069,0.0969555452466011,0.4917127192020416,0.045005809515714645,0.08975456655025482,0.21635884046554565,0.017887666821479797,0.049449726939201355,0.6747360229492188,0.01495178509503603,0.04457075893878937,0.8175182342529297
Labidus_praedator_CASENT0744237_processed.obj,H3_deform,0.0034083968494087458,0.061312902718782425,0.022256124764680862,0.03905677795410156,0.10255587846040726,0.2507389187812805,0.05804309621453285,0.0679333359003067,0.05066666752099991,0.189256951212883,0.2707666754722595,0.1454666703939438,0.42799749970436096,0.5968999862670898,0.3336000144481659,0.8141104578971863,0.9286333322525024,0.7247333526611328,0.6646553874015808,0.24700000882148743,0.9753448963165283,0.16634336113929749,1.1371774673461914,0.7419614791870117,0.0918937623500824,0.9543973207473755,0.16846539080142975,0.0,0.8023812770843506,0.28195077180862427,0.005559261422604322,0.014994895085692406,0.05098527669906616,14.799336433410645,115.28020477294922,0.02037091553211212,0.00924663245677948,0.010603141970932484,0.009988914243876934,2.4868175387382507e-05,0.022802164778113365,0.047229133546352386,0.48965519666671753,0.03659554943442345,0.10152976959943771,0.3856419622898102,0.027908142656087875,0.05602983757853508,0.36464089155197144,0.025410650297999382,0.057324789464473724,0.4802111089229584,0.014565616846084595,0.033880919218063354,0.7700231671333313,0.0178468506783247,0.053682804107666016,0.8041362762451172
Lasius_nr._fuliginosus_CASENT0878037_processed.obj,H3_deform,0.0023072659969329834,0.05108882486820221,0.023245150223374367,0.027843676507472992,0.07734230905771255,0.1655021458864212,0.06537332385778427,0.07440000027418137,0.05829999968409538,0.2323264628648758,0.2971999943256378,0.1907000094652176,0.5387944579124451,0.6381666660308838,0.46619999408721924,0.8660879135131836,0.883733332157135,0.8491333723068237,0.7563480734825134,0.16806666553020477,0.9951182007789612,0.1312110722064972,1.1013188362121582,0.8546584844589233,0.05378635972738266,1.0024540424346924,0.09657996147871017,0.0,0.8420090675354004,0.376257061958313,0.00385227776132524,0.011678404174745083,0.04322274774312973,14.470766067504883,111.13990783691406,0.019751638174057007,0.013311263173818588,0.014065840281546116,0.013683266006410122,4.106201231479645e-05,0.027250859886407852,0.09210681915283203,0.5681992173194885,0.02735290117561817,0.07752308249473572,0.5407271385192871,0.012683489359915257,0.029403410851955414,0.8287293314933777,0.018646594136953354,0.05608907341957092,0.6728232502937317,0.012756026349961758,0.02814345434308052,0.8459953665733337,0.01075605396181345,0.02875380776822567,0.9038929343223572
Lioponera_daikoku_OKENT0105067_processed.obj,H3_deform,0.012080675922334194,0.1222483366727829,0.039130982011556625,0.08311735093593597,0.17771445214748383,0.28508469462394714,0.018322769552469254,0.022333333268761635,0.015533333644270897,0.06684157252311707,0.11753333359956741,0.04670000076293945,0.15763679146766663,0.3332666754722595,0.10323333740234375,0.4422313868999481,0.7107666730880737,0.3209666609764099,0.555500864982605,0.4153999984264374,0.9809476137161255,0.19105497002601624,1.1749458312988281,0.6967645883560181,0.11626206338405609,0.968389630317688,0.21362176537513733,0.0,0.8009073734283447,0.24725738167762756,0.00924674142152071,0.02426799386739731,0.07046599686145782,17.95502281188965,132.6692352294922,0.02930152416229248,0.024136794731020927,0.02540581487119198,0.02501780539751053,0.00017641857266426086,0.04831966385245323,0.12519380450248718,0.27509579062461853,0.04420891031622887,0.09844457358121872,0.2485043704509735,0.04355628788471222,0.0982205793261528,0.21270719170570374,0.033322524279356,0.06601446866989136,0.32189974188804626,0.028351204469799995,0.08133212476968765,0.48699459433555603,0.02653178572654724,0.06234640255570412,0.4489051103591919
Mayriella_sp._CASENT0745610_processed.obj,H3_deform,0.008771006017923355,0.09901280701160431,0.029360219836235046,0.06965258717536926,0.15626676380634308,0.40815818309783936,0.027984807267785072,0.035333335399627686,0.02316666767001152,0.09592090547084808,0.17499999701976776,0.0660666674375534,0.21771393716335297,0.46283334493637085,0.14233332872390747,0.5521107912063599,0.8396666646003723,0.4112666845321655,0.5727474689483643,0.473633348941803,0.9895879626274109,0.1530274599790573,1.1598618030548096,0.7702013254165649,0.08960453420877457,0.9819628000259399,0.15999184548854828,0.0,0.8198645710945129,0.307717889547348,0.006846971809864044,0.017501797527074814,0.04918834939599037,15.765739440917969,131.97247314453125,0.027248134836554527,0.04260937124490738,0.04375607520341873,0.044038113206624985,8.534640073776245e-05,0.034875061362981796,0.08989439904689789,0.3934865891933441,0.04304578900337219,0.10811774432659149,0.2659917175769806,0.03986670821905136,0.1052212119102478,0.2707182466983795,0.04032926633954048,0.06834616512060165,0.17941953241825104,0.019534152001142502,0.054180774837732315,0.6793716549873352,0.017148446291685104,0.04452935606241226,0.7433090209960938
Mesoponera_ambigua_CASENT0745584_processed.obj,H3_deform,0.009069718420505524,0.10179369151592255,0.03120756894350052,0.07058612257242203,0.16008560359477997,0.2826336622238159,0.027299998328089714,0.03336666524410248,0.023099999874830246,0.10314309597015381,0.1736000031232834,0.0733666643500328,0.22893741726875305,0.44343334436416626,0.1543000042438507,0.5519370436668396,0.8309333324432373,0.4131999909877777,0.557829737663269,0.4018999934196472,0.9698106050491333,0.16431209444999695,1.140109896659851,0.7027113437652588,0.10381780564785004,0.935910701751709,0.19766253232955933,0.0,0.7988837957382202,0.26043030619621277,0.007488176226615906,0.019056888297200203,0.05722988396883011,15.237401962280273,120.35127258300781,0.022782830521464348,0.005426643881946802,0.006664860527962446,0.0057249353267252445,-0.0008252384141087532,0.03499763086438179,0.1062462106347084,0.4448275864124298,0.031977567821741104,0.07341539114713669,0.36217212677001953,0.03464668244123459,0.06602967530488968,0.18784530460834503,0.028214408084750175,0.06700100749731064,0.40369394421577454,0.023051071912050247,0.055870696902275085,0.5856297016143799,0.019035140052437782,0.06080460548400879,0.7043795585632324
Myrmecina_ryukyuensis_OKENT0105085_processed.obj,H3_deform,0.005172841716557741,0.0774381160736084,0.03060925379395485,0.04682886600494385,0.10808970779180527,0.31185948848724365,0.0409972108900547,0.0478999987244606,0.03583333268761635,0.13787131011486053,0.1970333307981491,0.1060333326458931,0.31851014494895935,0.4404999911785126,0.24943333864212036,0.695404589176178,0.8055333495140076,0.6117666959762573,0.6304692625999451,0.3295666575431824,0.9993972182273865,0.14328095316886902,1.1275986433029175,0.8401522040367126,0.06518938392400742,1.0056231021881104,0.11491405963897705,0.0,0.8331800699234009,0.3415471911430359,0.00534908939152956,0.014800017699599266,0.04391714185476303,15.938987731933594,128.11654663085938,0.025129560381174088,0.029568420723080635,0.031166259199380875,0.03203253075480461,0.0003343205899000168,0.03362205997109413,0.0896078571677208,0.4049808382987976,0.04013959690928459,0.07156005501747131,0.26829269528388977,0.03484836593270302,0.09675315022468567,0.3287293016910553,0.027252066880464554,0.06455303728580475,0.47757259011268616,0.01845310628414154,0.04398174583911896,0.650785505771637,0.014661215245723724,0.03403162211179733,0.7445255517959595
Myrmecina_sp._CASENT0745613_processed.obj,H3_deform,0.005951761268079281,0.08425354212522507,0.027420630678534508,0.05683290958404541,0.13051842153072357,0.19276927411556244,0.03231250122189522,0.03916666656732559,0.027499999850988388,0.11388950794935226,0.18846666812896729,0.08160000294446945,0.27284470200538635,0.47679999470710754,0.19110000133514404,0.6310057640075684,0.8689333200454712,0.4953666627407074,0.6044151186943054,0.3544333279132843,0.9809941053390503,0.15264122188091278,1.1375998258590698,0.7709749937057495,0.08794696629047394,0.9799051880836487,0.15687255561351776,0.0,0.8237090706825256,0.3267914950847626,0.0064660850912332535,0.01787642575800419,0.05076541006565094,16.036495208740234,119.67963409423828,0.024119162932038307,0.0386243499815464,0.04045210778713226,0.0401616171002388,0.0002907849848270416,0.031605903059244156,0.0849042758345604,0.4210728108882904,0.03373807668685913,0.08305078744888306,0.37551772594451904,0.020549582317471504,0.062359053641557693,0.6850829124450684,0.03302577883005142,0.06543200463056564,0.2269129455089569,0.020211631432175636,0.0525202676653862,0.6330156922340393,0.015007933601737022,0.03577631711959839,0.8150851726531982
Nesomyrmex_angulatus_CASENT0744820_processed.obj,H3_deform,0.0075877346098423,0.09355571866035461,0.028138557448983192,0.06541716307401657,0.14552636444568634,0.2542186379432678,0.029026629403233528,0.03633333370089531,0.024166667833924294,0.10965237766504288,0.19656667113304138,0.0760333314538002,0.24266307055950165,0.5023666620254517,0.15996666252613068,0.5731450915336609,0.8479333519935608,0.4328666627407074,0.579409122467041,0.4826333522796631,0.9897062182426453,0.16665740311145782,1.160709023475647,0.776037871837616,0.08893071860074997,0.9887714982032776,0.14832115173339844,0.0,0.8212327361106873,0.3221936821937561,0.006556903012096882,0.017054971307516098,0.05581746622920036,16.027315139770508,126.76200103759766,0.027117760851979256,0.007821849547326565,0.009105642326176167,0.007990206591784954,0.00023465324193239212,0.04039449617266655,0.1057862788438797,0.364367812871933,0.02551097236573696,0.05540401488542557,0.4546709656715393,0.026017559692263603,0.056065600365400314,0.44475141167640686,0.04986218735575676,0.08508438616991043,0.19261214137077332,0.016835827380418777,0.0349387526512146,0.6935359239578247,0.01702003739774227,0.031151704490184784,0.6386861205101013
Odontomachus_troglodytes_CASENT0744970_processed.obj,H3_deform,0.0015360696706920862,0.04159197211265564,0.017409173771739006,0.024182800203561783,0.06255493313074112,0.24721960723400116,0.10097336769104004,0.11233333498239517,0.0917000025510788,0.31532761454582214,0.38343334197998047,0.26776668429374695,0.6267369389533997,0.7411333322525024,0.5429333448410034,0.9175631403923035,0.9440000057220459,0.8925666809082031,0.7213813066482544,0.18013334274291992,0.9969645738601685,0.12445637583732605,1.1002451181411743,0.8776353597640991,0.05202377587556839,1.0087851285934448,0.08894896507263184,0.0,0.8475256562232971,0.4013153612613678,0.003856615163385868,0.010890891775488853,0.03214780613780022,15.66616439819336,115.73258972167969,0.02134871855378151,0.019842583686113358,0.02109576016664505,0.020396413281559944,-4.3759122490882874e-05,0.01694055274128914,0.04140409454703331,0.705747127532959,0.01947481371462345,0.06335281580686569,0.7386102080345154,0.014096737839281559,0.035894352942705154,0.7486188411712646,0.023653225973248482,0.05845347046852112,0.5540897250175476,0.013416648842394352,0.04129410907626152,0.854751467704773,0.011071342043578625,0.03808935359120369,0.9282238483428955
Oxyopomyrmex_saulcyi_CASENT0745218_processed.obj,H3_deform,0.011541174724698067,0.11532679200172424,0.03159046173095703,0.08373633027076721,0.18066397309303284,0.2591664791107178,0.027815498411655426,0.033933334052562714,0.02356666699051857,0.09656793624162674,0.17196667194366455,0.0671333372592926,0.20522835850715637,0.44876667857170105,0.13303333520889282,0.4617369472980499,0.7797999978065491,0.3279666602611542,0.5549747347831726,0.4657333493232727,0.977533757686615,0.14717845618724823,1.1148219108581543,0.7825241088867188,0.07914923131465912,0.9666840434074402,0.13554778695106506,0.0,0.8195671439170837,0.32473304867744446,0.005780551582574844,0.01730767823755741,0.05297882854938507,14.815450668334961,114.23397064208984,0.020664256066083908,0.02078595757484436,0.0217382051050663,0.024046536535024643,-0.0001456085592508316,0.033867932856082916,0.08649902045726776,0.4249042272567749,0.03442205861210823,0.07400419563055038,0.32903820276260376,0.06756971776485443,0.1277604103088379,0.06906077265739441,0.024647895246744156,0.05531615763902664,0.4696570038795471,0.02636881172657013,0.07160896062850952,0.5356683135032654,0.04570922628045082,0.10321655124425888,0.24330900609493256
Polyrhachis_decemdentata_CASENT0744779_processed.obj,H3_deform,0.005433489568531513,0.0815679281949997,0.02938210405409336,0.05218582600355148,0.11893903464078903,0.24531860649585724,0.034359294921159744,0.04243333265185356,0.028866667300462723,0.11956197023391724,0.19140000641345978,0.08693333715200424,0.27180591225624084,0.4510999917984009,0.19449999928474426,0.6743987798690796,0.8542667031288147,0.5570999979972839,0.6300457119941711,0.37416666746139526,0.9979321360588074,0.15779711306095123,1.168363094329834,0.8078511953353882,0.07991719990968704,1.0114521980285645,0.13567973673343658,0.0,0.8271549344062805,0.33845987915992737,0.006195336114615202,0.017408786341547966,0.04950849339365959,15.458047866821289,122.25479125976562,0.025911804288625717,0.0058035096153616905,0.007408349774777889,0.006287190597504377,0.00010959664359688759,0.034774694591760635,0.08862441778182983,0.32796934247016907,0.034284040331840515,0.09586995095014572,0.4440865218639374,0.022884784266352654,0.07419230043888092,0.6215469837188721,0.023702537640929222,0.04275066778063774,0.4142480492591858,0.019235532730817795,0.04437524080276489,0.6188514232635498,0.017275668680667877,0.03349471837282181,0.628953754901886
Polyrhachis_dives_CASENT0878093_processed.obj,H3_deform,0.010879283770918846,0.1142621636390686,0.035351142287254333,0.07891102135181427,0.17265501618385315,0.2986922562122345,0.016605034470558167,0.0212333332747221,0.013633333146572113,0.06561218947172165,0.11500000208616257,0.045900002121925354,0.1673651933670044,0.34743332862854004,0.11023333668708801,0.4877174198627472,0.7594333291053772,0.35920000076293945,0.5721017718315125,0.4171000123023987,0.972912609577179,0.19551636278629303,1.190367579460144,0.6790778636932373,0.11688178032636642,0.9425507187843323,0.21405521035194397,0.0,0.791225254535675,0.2302643060684204,0.008598072454333305,0.024994052946567535,0.06257840245962143,15.68894100189209,135.90020751953125,0.02985561266541481,0.01705390214920044,0.01905764266848564,0.018477600067853928,0.00014358386397361755,0.04165281727910042,0.09060288220643997,0.24827586114406586,0.040854260325431824,0.09937009960412979,0.27473539113998413,0.03920445591211319,0.09916400909423828,0.2983425557613373,0.028638413175940514,0.057622019201517105,0.38522428274154663,0.024833019822835922,0.061970021575689316,0.5338655710220337,0.029482780024409294,0.11282049864530563,0.5072992444038391
Ponera_kohmoku_OKENT0105440_processed.obj,H3_deform,0.005778343416750431,0.08497048914432526,0.03110535442829132,0.05386513099074364,0.1216197982430458,0.2000293731689453,0.03721610829234123,0.04546666890382767,0.03150000050663948,0.12057489901781082,0.18400000035762787,0.08966666460037231,0.2586931884288788,0.41556668281555176,0.18780000507831573,0.6354332566261292,0.8204666972160339,0.518500030040741,0.6080589890480042,0.47280001640319824,1.000694990158081,0.12573885917663574,1.1499203443527222,0.8275061845779419,0.06396032869815826,1.0118894577026367,0.11327330023050308,0.0,0.8375795483589172,0.3427886664867401,0.00482219597324729,0.014692388474941254,0.05350029096007347,16.125699996948242,121.8156967163086,0.02415175549685955,0.004638743586838245,0.005137776490300894,0.004963318817317486,0.00016541173681616783,0.029063493013381958,0.07961518317461014,0.45517241954803467,0.033908940851688385,0.07580619305372238,0.34514495730400085,0.028697432950139046,0.08284851908683777,0.5,0.019053293392062187,0.03762694075703621,0.5567282438278198,0.028427641838788986,0.06772908568382263,0.4602111876010895,0.03487006202340126,0.07903460413217545,0.36496350169181824
Ponera_tamon_OKENT0105154_processed.obj,H3_deform,0.0020739054307341576,0.04828166961669922,0.020968325436115265,0.027313346043229103,0.06831211596727371,0.2689608335494995,0.09871181100606918,0.10743333399295807,0.09130000323057175,0.2861393988132477,0.3363000154495239,0.24899999797344208,0.5469065308570862,0.6329333186149597,0.481466680765152,0.8768090605735779,0.9226999878883362,0.835266649723053,0.7153565287590027,0.3140333294868469,1.0206114053726196,0.178181990981102,1.1298555135726929,0.9130937457084656,0.057677026838064194,1.0582149028778076,0.10238584131002426,0.0,0.8493189811706543,0.41083255410194397,0.004117527976632118,0.011655764654278755,0.04170122742652893,18.4890079498291,126.2089614868164,0.029105963185429573,0.025389498099684715,0.026651477441191673,0.027144376188516617,9.66973602771759e-05,0.02423151209950447,0.060319021344184875,0.5425287485122681,0.02110118232667446,0.04533524438738823,0.5453290343284607,0.00984952598810196,0.021562831476330757,0.9143646955490112,0.02161220833659172,0.04960345849394798,0.5065963268280029,0.011985826306045055,0.02981775999069214,0.8436775803565979,0.0466214194893837,0.19923889636993408,0.6192213892936707
Pseudolasius_sp._CASENT0878065_processed.obj,H3_deform,0.011942042037844658,0.11711389571428299,0.03569646179676056,0.08141743391752243,0.1693720519542694,0.49677419662475586,0.018036190420389175,0.02276666648685932,0.014933333732187748,0.06692193448543549,0.12066666781902313,0.046300001442432404,0.16649788618087769,0.36863332986831665,0.10753333568572998,0.45153704285621643,0.7869333624839783,0.3165999948978424,0.593566358089447,0.3777666687965393,0.9770957827568054,0.1747778207063675,1.1759412288665771,0.7135027647018433,0.11100640892982483,0.9572751522064209,0.1997881382703781,0.0,0.7973560094833374,0.2613840103149414,0.008754558861255646,0.02428433485329151,0.07797849178314209,16.168703079223633,132.9368133544922,0.027802225202322006,0.030192634090781212,0.0327109768986702,0.03333865478634834,0.0007364246994256973,0.03548724204301834,0.11970020085573196,0.4436781704425812,0.03738074004650116,0.11140155792236328,0.3410032391548157,0.03655819967389107,0.09433949738740921,0.31767958402633667,0.036636460572481155,0.08975894004106522,0.39050132036209106,0.03179483488202095,0.07002314925193787,0.36131858825683594,0.028773639351129532,0.07455321401357651,0.43917274475097656
Pseudomyrmex_cf.solis_CASENT0744065_processed.obj,H3_deform,0.0021239076741039753,0.050805721431970596,0.021079765632748604,0.029725955799221992,0.07328907400369644,0.11343079060316086,0.08368577063083649,0.09470000118017197,0.0749666690826416,0.25659051537513733,0.3159666657447815,0.2160000056028366,0.5029562711715698,0.6204000115394592,0.42289999127388,0.8642558455467224,0.9199333190917969,0.8149333596229553,0.6804423332214355,0.24246667325496674,1.02228844165802,0.19034217298030853,1.1636765003204346,0.8809775710105896,0.06442543119192123,1.087991714477539,0.11230579763650894,0.0,0.8480960726737976,0.39309564232826233,0.004500146955251694,0.013318894430994987,0.0328824408352375,18.981616973876953,128.17637634277344,0.029888205230236053,0.013830301351845264,0.014201403595507145,0.014240756630897522,-0.0002504410222172737,0.019232721999287605,0.049332793802022934,0.6448276042938232,0.029402805492281914,0.07402649521827698,0.4114128053188324,0.021116018295288086,0.048355650156736374,0.5469613671302795,0.04367212578654289,0.08596214652061462,0.15831135213375092,0.014806084334850311,0.03822934255003929,0.783414900302887,0.012920001521706581,0.032859932631254196,0.830900251865387
Solenopsis_invicta_CASENT0744384_processed.obj,H3_deform,0.0065400563180446625,0.08903881907463074,0.027659684419631958,0.06137913465499878,0.1377817541360855,0.20172487199306488,0.028562430292367935,0.03526666760444641,0.024000000208616257,0.10598815977573395,0.17229999601840973,0.07653333246707916,0.25502321124076843,0.46283334493637085,0.17599999904632568,0.5694840550422668,0.8577666878700256,0.42623335123062134,0.5305749177932739,0.4609333276748657,0.9780083894729614,0.15713754296302795,1.1534335613250732,0.7162333130836487,0.10118494182825089,0.9625447988510132,0.18659843504428864,0.0,0.801751971244812,0.2637374699115753,0.007461529690772295,0.020668962970376015,0.05143093690276146,16.65362548828125,120.20573425292969,0.023793227970600128,0.004342630971223116,0.0054673743434250355,0.004506347235292196,7.825344800949097e-05,0.028368253260850906,0.06947577744722366,0.42337164282798767,0.03259989246726036,0.07560793310403824,0.3663138449192047,0.033498477190732956,0.0783185064792633,0.4116022288799286,0.017548751085996628,0.032760947942733765,0.6701847314834595,0.026514969766139984,0.07268983870744705,0.4880247414112091,0.014168434776365757,0.03862050920724869,0.783454954624176
Stigmatomma_FHG02_CASENT0745561_processed.obj,H3_deform,0.008156206458806992,0.09096956998109818,0.026421671733260155,0.06454789638519287,0.16620251536369324,0.3785574734210968,0.03624485060572624,0.043299999088048935,0.031166667118668556,0.13171255588531494,0.20616666972637177,0.09676666557788849,0.2961696684360504,0.4927999973297119,0.21170000731945038,0.6239975690841675,0.8732666969299316,0.48543334007263184,0.6142479181289673,0.38580000400543213,0.9888818860054016,0.17182259261608124,1.1532939672470093,0.7630953192710876,0.08235491812229156,0.9809642434120178,0.14695703983306885,0.0,0.8156328797340393,0.2991287112236023,0.006699893623590469,0.020025840029120445,0.06841587275266647,15.620665550231934,124.01504516601562,0.024412503466010094,0.036147430539131165,0.037767741829156876,0.03777675703167915,0.0005648098886013031,0.024894127622246742,0.06266967207193375,0.5114942789077759,0.028887569904327393,0.06773611158132553,0.41693511605262756,0.01752014458179474,0.045808564871549606,0.7403315305709839,0.03515638783574104,0.06008698791265488,0.1741424798965454,0.02448491007089615,0.07149408012628555,0.566314697265625,0.027051188051700592,0.08182939141988754,0.5583941340446472
Strumigenys_alberti_CASENT0878103_processed.obj,H3_deform,0.0067364186979830265,0.09013572335243225,0.027895649895071983,0.06224007159471512,0.13921688497066498,0.23744583129882812,0.027302293106913567,0.03380000218749046,0.02290000021457672,0.09325671941041946,0.16433332860469818,0.06509999930858612,0.23032881319522858,0.4691333472728729,0.15263333916664124,0.5818161368370056,0.8613333702087402,0.4392666816711426,0.5850071310997009,0.36730000376701355,0.9876452088356018,0.16479340195655823,1.1738097667694092,0.7646979093551636,0.0906934142112732,1.0026310682296753,0.16055792570114136,0.0,0.8147184252738953,0.3025525212287903,0.007085156626999378,0.01941070705652237,0.055562250316143036,15.493980407714844,123.70201110839844,0.023891009390354156,0.011420668102800846,0.01378132775425911,0.011611665599048138,5.7240016758441925e-05,0.03208246827125549,0.07962542772293091,0.39501917362213135,0.03571698069572449,0.08816619962453842,0.35941097140312195,0.022594664245843887,0.049695078283548355,0.5193370580673218,0.027077462524175644,0.05760922655463219,0.49604225158691406,0.021074969321489334,0.05511130765080452,0.6185938715934753,0.016437774524092674,0.025306491181254387,0.7408758997917175
Strumigenys_canina_OKENT0105288_processed.obj,H3_deform,0.006294820457696915,0.0866425633430481,0.030258655548095703,0.05638391152024269,0.13471433520317078,0.31446513533592224,0.03550301492214203,0.04383333399891853,0.02983333356678486,0.11647333204746246,0.1834000051021576,0.08533333241939545,0.2721356749534607,0.4502333402633667,0.19500000774860382,0.6278480887413025,0.816100001335144,0.5101666450500488,0.6055322885513306,0.37130001187324524,0.9939217567443848,0.1449325531721115,1.1471315622329712,0.7934150695800781,0.08456205576658249,0.9964873790740967,0.15192925930023193,0.0,0.8271915316581726,0.33459195494651794,0.005950069520622492,0.0161607563495636,0.0668778270483017,17.88378143310547,128.1558074951172,0.026694046333432198,0.00028790460783056915,0.0008678369922563434,0.00031829348881728947,-0.0007397688459604979,0.03898123651742935,0.09442970901727676,0.3452107310295105,0.024994872510433197,0.06031196936964989,0.49056604504585266,0.020675471052527428,0.0605674646794796,0.6933701634407043,0.02773863822221756,0.0542280487716198,0.3641161024570465,0.02077310159802437,0.05211745202541351,0.5936132073402405,0.01834459789097309,0.04601650312542915,0.7214111685752869
Strumigenys_crassicornis_CASENT0744273_processed.obj,H3_deform,0.008531869389116764,0.1002989113330841,0.029665157198905945,0.07063375413417816,0.16016227006912231,0.2929210066795349,0.020450055599212646,0.024933334439992905,0.01733333431184292,0.08246530592441559,0.14426666498184204,0.057733334600925446,0.20458170771598816,0.4284999966621399,0.13436666131019592,0.5397025942802429,0.8434666991233826,0.3968000113964081,0.5849101543426514,0.4404999911785126,0.9923456311225891,0.17128027975559235,1.1807010173797607,0.7563077807426453,0.09456796199083328,1.0041085481643677,0.16836237907409668,0.0,0.8159318566322327,0.2908843457698822,0.007158263586461544,0.020645076408982277,0.0628291442990303,15.835638046264648,133.8761749267578,0.02685701474547386,0.0018358808010816574,0.002698655240237713,0.0019786767661571503,-0.00010900187771767378,0.02941274084150791,0.08010697364807129,0.46973180770874023,0.042381707578897476,0.09527865797281265,0.28716060519218445,0.03498322144150734,0.06989239156246185,0.2900552451610565,0.02242724597454071,0.04273931682109833,0.43799474835395813,0.023691261187195778,0.05025995895266533,0.4802987575531006,0.023367995396256447,0.0702812597155571,0.6216545104980469
Strumigenys_sp._appretiata_group_CASENT0744156_processed.obj,H3_deform,0.005434962455183268,0.08100749552249908,0.032687291502952576,0.04832020029425621,0.11230143904685974,0.18490344285964966,0.052065398544073105,0.0617000013589859,0.04503333568572998,0.16995161771774292,0.2531999945640564,0.12790000438690186,0.34407180547714233,0.485233336687088,0.26653334498405457,0.6528207659721375,0.7552333474159241,0.5748666524887085,0.6220556497573853,0.34576666355133057,1.0006670951843262,0.13385120034217834,1.1292568445205688,0.8324293494224548,0.06615377217531204,1.026368260383606,0.12124589830636978,0.0,0.8403977155685425,0.37066295742988586,0.004908153787255287,0.01382141001522541,0.04424482211470604,15.995259284973145,110.94950103759766,0.02014276012778282,0.003389149671420455,0.004024173598736525,0.003646507626399398,0.0002175851259380579,0.03924106806516647,0.10034523159265518,0.3727969527244568,0.03343735635280609,0.07338465005159378,0.33271974325180054,0.025023387745022774,0.07413144409656525,0.5773481130599976,0.056447405368089676,0.08111508935689926,0.0,0.015279989689588547,0.04333408921957016,0.8004120588302612,0.013782764784991741,0.038685403764247894,0.8345498442649841
Strumigenys_stenorhina_OKENT0105268_processed.obj,H3_deform,0.001698373002000153,0.042478904128074646,0.01694541424512863,0.025533491745591164,0.07250749319791794,0.23625290393829346,0.09553603082895279,0.10383333265781403,0.08846666663885117,0.3032118082046509,0.3505000174045563,0.2671666741371155,0.6115337014198303,0.6996999979019165,0.5430999994277954,0.9225266575813293,0.9719333648681641,0.8779000043869019,0.744329571723938,0.26306667923927307,1.001215934753418,0.11204688251018524,1.1034616231918335,0.8879274725914001,0.04974857345223427,1.0329679250717163,0.09730393439531326,0.0,0.8448634147644043,0.3939286768436432,0.0030833720229566097,0.008233148604631424,0.025138160213828087,15.512104988098145,105.59140014648438,0.016329325735569,0.0040951501578092575,0.005436975508928299,0.004504756536334753,1.2031756341457367e-05,0.019706793129444122,0.04854625090956688,0.6091954112052917,0.020434869453310966,0.0458819717168808,0.5554533004760742,0.038788337260484695,0.10598143190145493,0.30662983655929565,0.01446644775569439,0.03079257346689701,0.767810046672821,0.01136872824281454,0.023509297519922256,0.889003336429596,0.015122352167963982,0.02625982090830803,0.856447696685791
Syllophopsis_sechellensis_OKENT0105212_processed.obj,H3_deform,0.0016059493646025658,0.04401756078004837,0.01992036961019039,0.024097193032503128,0.0571775920689106,0.13435912132263184,0.08801207691431046,0.09673333168029785,0.08073333650827408,0.28419405221939087,0.3405666649341583,0.24383333325386047,0.560983419418335,0.6358333230018616,0.5019000172615051,0.9229559898376465,0.932366669178009,0.9137333631515503,0.7279678583145142,0.17030000686645508,1.01296067237854,0.1331963986158371,1.1397840976715088,0.8921975493431091,0.055305011570453644,1.0445599555969238,0.0934077650308609,0.0,0.8501847982406616,0.40878042578697205,0.004153726622462273,0.012353272177278996,0.0465334914624691,16.588607788085938,123.14469146728516,0.025976989418268204,0.0357256643474102,0.03672986477613449,0.03696216642856598,-0.00032777711749076843,0.022774713113904,0.06302890926599503,0.5770115256309509,0.023226389661431313,0.057829998433589935,0.505752444267273,0.01384748239070177,0.025675714015960693,0.7872928380966187,0.02297270856797695,0.06428910046815872,0.5804749727249146,0.01369499322026968,0.03216884285211563,0.7983518242835999,0.011083881370723248,0.024930614978075027,0.8783454895019531
Temnothorax_congruus_OKENT0105443_processed.obj,H3_deform,0.01075529120862484,0.10948481410741806,0.037422820925712585,0.07206199318170547,0.1980164498090744,0.26063716411590576,0.030531417578458786,0.036133334040641785,0.02643333375453949,0.09934955090284348,0.14473333954811096,0.07563333213329315,0.2158527970314026,0.3262999951839447,0.16126666963100433,0.5573521256446838,0.7291666865348816,0.45106667280197144,0.6486504077911377,0.329800009727478,1.0085209608078003,0.12141600996255875,1.0875226259231567,0.9154419898986816,0.04327640309929848,1.0293853282928467,0.07276445627212524,0.0,0.8508614301681519,0.4148622155189514,0.0031514016445726156,0.008845181204378605,0.02861129865050316,16.23786735534668,115.41378784179688,0.021413905546069145,0.011413012631237507,0.011864016763865948,0.011843970976769924,-0.0001133158802986145,0.03925982490181923,0.10399312525987625,0.3383141756057739,0.03157230094075203,0.05847766995429993,0.3051081597805023,0.02487960457801819,0.04610816761851311,0.4226519465446472,0.023519374430179596,0.057584941387176514,0.5408971309661865,0.03270844742655754,0.07309858500957489,0.3644089698791504,0.03563522920012474,0.0691363662481308,0.33090025186538696
Temnothorax_sp._OKENT0105336_processed.obj,H3_deform,0.006579676643013954,0.08686521649360657,0.02645614929497242,0.060409065335989,0.13521254062652588,0.2784797251224518,0.03643195703625679,0.04560000076889992,0.03033333458006382,0.12585394084453583,0.20533333718776703,0.09073333442211151,0.2731654942035675,0.4864666759967804,0.1898999959230423,0.6141921877861023,0.8746333718299866,0.4732666611671448,0.5749552845954895,0.4392000138759613,1.005711555480957,0.15306508541107178,1.139565110206604,0.8376581072807312,0.07218753546476364,1.0274518728256226,0.11761455237865448,0.0,0.8459609746932983,0.3831416964530945,0.0051822061650455,0.014249294064939022,0.04056411236524582,18.360380172729492,131.37925720214844,0.031583067029714584,0.0027772795874625444,0.0034372741356492043,0.003004038007929921,-0.00024532037787139416,0.02956601418554783,0.0800822377204895,0.47509580850601196,0.02378513664007187,0.05126176029443741,0.4864242970943451,0.03262149915099144,0.0839722529053688,0.45303869247436523,0.049237143248319626,0.0801781415939331,0.029023747891187668,0.02254602313041687,0.050045646727085114,0.5302601456642151,0.026792896911501884,0.05585214123129845,0.4148418605327606
Tetramorium_kraepelini_CASENT0744084_processed.obj,H3_deform,0.005010130815207958,0.07641534507274628,0.024101151153445244,0.052314192056655884,0.12400064617395401,0.1977130025625229,0.03749703988432884,0.04610000178217888,0.03160000219941139,0.13373219966888428,0.2196333408355713,0.09613333642482758,0.29853811860084534,0.5246000289916992,0.20863333344459534,0.6868929862976074,0.9124000072479248,0.55076664686203,0.6182136535644531,0.42329999804496765,0.9882999062538147,0.1442701816558838,1.1299012899398804,0.8071848154067993,0.07389552146196365,0.9805707335472107,0.12538202106952667,0.0,0.8284139633178711,0.33334627747535706,0.005840137600898743,0.01639915443956852,0.059515438973903656,15.289981842041016,115.18991088867188,0.020599069073796272,0.0005580144934356213,0.001934461179189384,0.0005862807738594711,-0.0010839891619980335,0.027782844379544258,0.07640071213245392,0.46704980731010437,0.021095627918839455,0.04001028835773468,0.4887252748012543,0.02444133348762989,0.06623817980289459,0.580110490322113,0.03699497878551483,0.06732060015201569,0.25329816341400146,0.01782992295920849,0.04332787171006203,0.688900351524353,0.015095527283847332,0.03723207861185074,0.7688564658164978
