mesh,stage,chamfer_l2,chamfer_l1,acc_mean,comp_mean,hausdorff_95,hausdorff_max,fscore@0.005,precision@0.005,recall@0.005,fscore@0.01,precision@0.01,recall@0.01,fscore@0.02,precision@0.02,recall@0.02,fscore@0.05,precision@0.05,recall@0.05,normal_consistency,normal_flip_frac,edge_ratio_mean,edge_ratio_std,edge_stretch_p95,edge_compress_p05,edge_logratio_absmean,area_ratio_mean,area_logratio_absmean,degenerate_tri_frac,tri_quality_mean,tri_quality_p05,deform_mag_mean,deform_mag_p95,deform_mag_max,midline_dev_mean,midline_dev_p95,midline_dev_mean_norm,midline_dev_excess,part_body_dist_mean,part_body_dist_p95,part_body_within_tau,part_head_dist_mean,part_head_dist_p95,part_head_within_tau,part_antenna_dist_mean,part_antenna_dist_p95,part_antenna_within_tau,part_mandible_dist_mean,part_mandible_dist_p95,part_mandible_within_tau,part_leg_dist_mean,part_leg_dist_p95,part_leg_within_tau,part_leg_distal_dist_mean,part_leg_distal_dist_p95,part_leg_distal_within_tau
Acanthostichus_aff.brevicornis_CASENT0744328_processed.obj,H0_body,0.004848964512348175,0.0679541677236557,0.02316984347999096,0.04478432238101959,0.13305853307247162,0.3459281623363495,0.06659222394227982,0.07429999858140945,0.060333333909511566,0.22333401441574097,0.2860666811466217,0.18316666781902313,0.4437325894832611,0.5870333313941956,0.3566666841506958,0.7752673625946045,0.9087666869163513,0.6759666800498962,0.7326687574386597,0.19099999964237213,1.0,0.0,1.0,1.0,0.0,1.0,2.8919361128032506e-08,0.0,0.8139750957489014,0.3540792763233185,0.0,0.0,0.0,0.03285516798496246,0.07086463272571564,0.03252692148089409,0.0,0.023376956582069397,0.06266501545906067,0.5735632181167603,0.014406532049179077,0.03618425130844116,0.7814081907272339,0.01744738221168518,0.04295851290225983,0.6685082912445068,0.0197360310703516,0.04898286610841751,0.6094986796379089,0.030914992094039917,0.07117573916912079,0.3636363744735718,0.044404078274965286,0.2557258903980255,0.6277372241020203
Acromyrmex_coronatus_CASENT0744365_processed.obj,H0_body,0.011777021922171116,0.09088446944952011,0.025530338287353516,0.0653541311621666,0.22555693984031677,0.5311793088912964,0.0434211827814579,0.049400001764297485,0.038733333349227905,0.15611609816551208,0.2131333351135254,0.12316666543483734,0.3521394431591034,0.5084666609764099,0.2693333327770233,0.7066881656646729,0.8875333666801453,0.587066650390625,0.6770407557487488,0.25903332233428955,1.0,0.0,1.0,1.0,0.0,1.0,2.5967393568748776e-08,0.0,0.8137757182121277,0.3402463495731354,0.0,0.0,0.0,0.06259169429540634,0.13181981444358826,0.07475503534078598,0.0,0.02381320856511593,0.06302382797002792,0.5283524990081787,0.021715762093663216,0.04613982141017914,0.523699939250946,0.022202661260962486,0.04985818266868591,0.5359116196632385,0.025731759145855904,0.06315676122903824,0.5303430557250977,0.03625888749957085,0.09065543115139008,0.35075971484184265,0.05999970808625221,0.17265820503234863,0.24817517399787903
Acromyrmex_lobicornis_CASENT0878007_processed.obj,H0_body,0.01615319587290287,0.12253701686859131,0.03400454297661781,0.0885324776172638,0.21378971636295319,0.6293384432792664,0.020710047334432602,0.024566667154431343,0.017899999395012856,0.08232079446315765,0.13156667351722717,0.05990000069141388,0.18627019226551056,0.35003334283828735,0.12690000236034393,0.5016564726829529,0.8014000058174133,0.3650999963283539,0.6134530305862427,0.34380000829696655,1.0,0.0,1.0,1.0,0.0,1.0,2.5361261535294943e-08,0.0,0.8270457983016968,0.34494131803512573,0.0,0.0,0.0,0.07209301739931107,0.17011655867099762,0.09050528705120087,0.0,0.028694311156868935,0.06316876411437988,0.39080461859703064,0.04005514457821846,0.08461472392082214,0.29866543412208557,0.03830692917108536,0.08794087171554565,0.3425414562225342,0.02518458664417267,0.06447001546621323,0.5488126873970032,0.0416257418692112,0.12057577818632126,0.31650784611701965,0.09814900159835815,0.2194156050682068,0.10462287068367004
Anochetus_risii_CASENT0877608_processed.obj,H0_body,0.004110748879611492,0.06108476221561432,0.023128613829612732,0.03795614838600159,0.1058962345123291,0.3438461124897003,0.06885471194982529,0.07783333212137222,0.06173333525657654,0.22402037680149078,0.2880000174045563,0.18330000340938568,0.486305296421051,0.6240666508674622,0.39836665987968445,0.8193705081939697,0.9109333157539368,0.744533360004425,0.7266419529914856,0.2024666666984558,1.0,0.0,1.0,1.0,0.0,1.0,2.6319993295942368e-08,0.0,0.8146219849586487,0.3799758851528168,0.0,0.0,0.0,0.01486892718821764,0.030478382483124733,0.015532268211245537,0.0,0.017774343490600586,0.044110313057899475,0.6777777671813965,0.02429334819316864,0.06615017354488373,0.5278416872024536,0.023308247327804565,0.047389134764671326,0.46961328387260437,0.02613094076514244,0.06500458717346191,0.47757259011268616,0.025313841179013252,0.07643071562051773,0.6013391613960266,0.11005958169698715,0.20822341740131378,0.01581508480012417
Anochetus_risii_CASENT0877609_processed.obj,H0_body,0.021988434717059135,0.13307124376296997,0.032811157405376434,0.10026007890701294,0.27024969458580017,0.746654748916626,0.0214421097189188,0.025066666305065155,0.01873333379626274,0.0847238078713417,0.13436666131019592,0.06186666712164879,0.20399954915046692,0.38940000534057617,0.13819999992847443,0.4896397292613983,0.8137666583061218,0.3501666784286499,0.6870880722999573,0.2659666836261749,1.0,0.0,1.0,1.0,0.0,1.0,2.2691963863508136e-08,0.0,0.8212030529975891,0.33142736554145813,0.0,0.0,0.0,0.05431626737117767,0.10045820474624634,0.060385461896657944,0.0,0.03219026327133179,0.07384425401687622,0.3804597854614258,0.025909285992383957,0.06137213855981827,0.49056604504585266,0.033848002552986145,0.08410792797803879,0.4475138187408447,0.022095205262303352,0.04468000680208206,0.46174144744873047,0.03752032294869423,0.09907715022563934,0.3448364734649658,0.06670182198286057,0.22396352887153625,0.28710460662841797
Aphaenogaster_pallida_CASENT0745235_processed.obj,H0_body,0.00461641326546669,0.06846418231725693,0.02629777416586876,0.04216640815138817,0.11938384920358658,0.33055391907691956,0.03620319813489914,0.039900001138448715,0.033133335411548615,0.12889832258224487,0.16563333570957184,0.1054999977350235,0.32048580050468445,0.414000004529953,0.26143333315849304,0.8415526151657104,0.9240666627883911,0.7725666761398315,0.7692795395851135,0.14713333547115326,1.0,0.0,1.0,1.0,0.0,1.0,2.6427818156093963e-08,0.0,0.8191070556640625,0.35862621665000916,0.0,0.0,0.0,0.016909684985876083,0.03515719622373581,0.017475761473178864,0.0,0.025825314223766327,0.0566311739385128,0.3938697278499603,0.024502016603946686,0.04659824073314667,0.37643811106681824,0.013107671402394772,0.023692894726991653,0.8232044577598572,0.019399255514144897,0.052694227546453476,0.6833773255348206,0.031646888703107834,0.10816334933042526,0.5217615365982056,0.048284854739904404,0.14264501631259918,0.43917274475097656
Atopomyrmex_mocquerysi_CASENT0744784_processed.obj,H0_body,0.007214751094579697,0.06529064476490021,0.022361580282449722,0.04292906075716019,0.12665699422359467,0.5423023700714111,0.12156584858894348,0.12943333387374878,0.11460000276565552,0.32315775752067566,0.36776667833328247,0.2881999909877777,0.5420807003974915,0.6292333602905273,0.4761333465576172,0.8069544434547424,0.9023000001907349,0.7298333644866943,0.7172545790672302,0.2558000087738037,1.0,0.0,1.0,1.0,0.0,1.0,3.0114136961856275e-08,0.0,0.8072266578674316,0.37517204880714417,0.0,0.0,0.0,0.029284482821822166,0.07101156562566757,0.03989028185606003,0.0,0.016019346192479134,0.03957146406173706,0.7180076837539673,0.012466898187994957,0.030297258868813515,0.7887712717056274,0.011199245229363441,0.02782442420721054,0.8425414562225342,0.014290384948253632,0.03426969051361084,0.7414248585700989,0.03888207674026489,0.09939137101173401,0.3636363744735718,0.12122496962547302,0.28316670656204224,0.04257907345890999
Carebara_trechideros_CASENT0877591_processed.obj,H0_body,0.00597648648545146,0.0613839365541935,0.02071218565106392,0.04067175090312958,0.15578077733516693,0.3893873393535614,0.1123264953494072,0.12336666882038116,0.1031000018119812,0.331473708152771,0.39826667308807373,0.28386667370796204,0.5863765478134155,0.6950333118438721,0.507099986076355,0.8317621946334839,0.9246000051498413,0.7558666467666626,0.6943811774253845,0.2289000004529953,1.0,0.0,1.0,1.0,0.0,1.0,3.020155858735052e-08,0.0,0.8145749568939209,0.3739720582962036,0.0,0.0,0.0,0.04811493679881096,0.0966351255774498,0.05860775336623192,0.0,0.014953669160604477,0.039070919156074524,0.7517241835594177,0.012913191691040993,0.02710961550474167,0.8260469436645508,0.012525958009064198,0.04390759393572807,0.8756906390190125,0.0127257090061903,0.029802586883306503,0.8205804824829102,0.03340412676334381,0.08857794106006622,0.43754830956459045,0.126058891415596,0.35188180208206177,0.06082725152373314
Centromyrmex_brachycola_CASENT0744052_processed.obj,H0_body,0.004224258009344339,0.06747102737426758,0.024011746048927307,0.04345928505063057,0.11069145053625107,0.3797072172164917,0.04842036962509155,0.056433334946632385,0.042399998754262924,0.1752942055463791,0.24543333053588867,0.13633333146572113,0.3769668936729431,0.5406333208084106,0.2893666625022888,0.7682686448097229,0.9189000129699707,0.6600666642189026,0.6861053705215454,0.27250000834465027,1.0,0.0,1.0,1.0,0.0,1.0,2.7071830999148006e-08,0.0,0.8148837685585022,0.3661193251609802,0.0,0.0,0.0,0.021094931289553642,0.050163738429546356,0.021824916824698448,0.0,0.019454441964626312,0.04682039096951485,0.617241382598877,0.03001314029097557,0.06081121414899826,0.33271974325180054,0.013467872515320778,0.03398638963699341,0.8066298365592957,0.02620692364871502,0.06026478111743927,0.4538258910179138,0.027905499562621117,0.07780376076698303,0.5333505272865295,0.10582783073186874,0.3195197880268097,0.22141118347644806
Cephalotes_minutus_CASENT0709253_processed.obj,H0_body,0.003242167877033353,0.060791321098804474,0.023921245709061623,0.0368700735270977,0.08963007479906082,0.2778546214103699,0.04079129174351692,0.04606666788458824,0.03660000115633011,0.15701541304588318,0.2096666693687439,0.12550000846385956,0.40199366211891174,0.5282000303268433,0.32446667551994324,0.8309614658355713,0.917900025844574,0.7590667009353638,0.7458989024162292,0.2812666594982147,1.0,0.0,1.0,1.0,0.0,1.0,2.7019373405323677e-08,0.0,0.8297972083091736,0.3627006709575653,0.0,0.0,0.0,0.0278116874396801,0.07370641082525253,0.028380533680319786,0.0,0.02548731118440628,0.05676284804940224,0.445210725069046,0.021858125925064087,0.04899938777089119,0.5315232276916504,0.011312071233987808,0.026198213919997215,0.8784530758857727,0.01685122400522232,0.03128897026181221,0.6569921374320984,0.022141791880130768,0.06179254502058029,0.600566565990448,0.087803915143013,0.25226229429244995,0.1228710487484932
Cephalotes_simillimus_CASENT0744408_processed.obj,H0_body,0.009378673508763313,0.10405275225639343,0.030568968504667282,0.07348378747701645,0.16715392470359802,0.28417718410491943,0.025223948061466217,0.03113333322107792,0.021199999377131462,0.08982153236865997,0.15399999916553497,0.06340000033378601,0.2086901068687439,0.43506667017936707,0.13726666569709778,0.5248819589614868,0.8278000354766846,0.3842666745185852,0.5535016059875488,0.4514000117778778,1.0,0.0,1.0,1.0,0.0,1.0,2.5203901188319833e-08,0.0,0.822380781173706,0.377147912979126,0.0,0.0,0.0,0.03279152885079384,0.09910421073436737,0.03321274369955063,0.0,0.03189385309815407,0.09477987140417099,0.43026819825172424,0.03280140459537506,0.07573868334293365,0.3506672978401184,0.03777775913476944,0.09799408167600632,0.3784530460834503,0.016634337604045868,0.03890037164092064,0.6833773255348206,0.028313810005784035,0.06579367071390152,0.41823333501815796,0.06254004687070847,0.1844463050365448,0.24087591469287872
Cephalotes_spinosus_CASENT0744158_processed.obj,H0_body,0.004428116604685783,0.07319381088018417,0.02819296531379223,0.045000847429037094,0.10507012158632278,0.315439909696579,0.0347348116338253,0.039766665548086166,0.030833333730697632,0.13004939258098602,0.18343333899974823,0.10073333233594894,0.3146127462387085,0.452266663312912,0.24120000004768372,0.7314505577087402,0.868233323097229,0.6319000124931335,0.722504734992981,0.2373666763305664,1.0,0.0,1.0,1.0,0.0,1.0,2.7508946232046583e-08,0.0,0.8231619000434875,0.37387076020240784,0.0,0.0,0.0,0.0391114242374897,0.08045455068349838,0.03713565692305565,0.0,0.030522478744387627,0.07848602533340454,0.38773947954177856,0.0274471677839756,0.06616047024726868,0.44776806235313416,0.0158121008425951,0.034206148236989975,0.7348066568374634,0.015976084396243095,0.03478555381298065,0.7150396108627319,0.021379658952355385,0.05838453769683838,0.5874323844909668,0.12101981043815613,0.2708146274089813,0.0012165450025349855
Crematogaster_nawai_OKENT0105046_processed.obj,H0_body,0.008496072143316269,0.08802630007266998,0.027979521080851555,0.06004677712917328,0.1570730209350586,0.577735960483551,0.03750542178750038,0.044333335012197495,0.032499998807907104,0.1389525979757309,0.2165333330631256,0.1023000031709671,0.3040487766265869,0.5090000033378601,0.21676667034626007,0.6577985882759094,0.866100013256073,0.5302667021751404,0.5816404223442078,0.42846667766571045,1.0,0.0,1.0,1.0,0.0,1.0,2.6585178503069073e-08,0.0,0.8197061419487,0.35549694299697876,0.0,0.0,0.0,0.05393983796238899,0.22674162685871124,0.07536622136831284,0.0,0.021194078028202057,0.04909102991223335,0.5708812475204468,0.031151270493865013,0.07483233511447906,0.41877588629722595,0.029582034796476364,0.07145518809556961,0.4060773551464081,0.03778866305947304,0.07802118360996246,0.3245382606983185,0.02915010415017605,0.0777769386768341,0.48673707246780396,0.15300244092941284,0.3772236704826355,0.021897809579968452
Cryptopone_sauteri_CASENT0743771_processed.obj,H0_body,0.0056090084835886955,0.07927687466144562,0.028567185625433922,0.05070968717336655,0.11901683360338211,0.4821423590183258,0.03596799820661545,0.04233333468437195,0.03126666694879532,0.12813229858875275,0.17946666479110718,0.09963333606719971,0.28612327575683594,0.412933349609375,0.21889999508857727,0.7028798460960388,0.869533360004425,0.5898333191871643,0.6873211860656738,0.3054666817188263,1.0,0.0,1.0,1.0,0.0,1.0,2.6293767163565462e-08,0.0,0.8269033432006836,0.3820922374725342,0.0,0.0,0.0,0.03686767444014549,0.09956393390893936,0.03808267042040825,0.0,0.029243750497698784,0.07440309971570969,0.42222222685813904,0.02639951929450035,0.056076694279909134,0.4100322127342224,0.01699066534638405,0.04363216087222099,0.7707182765007019,0.030250418931245804,0.06584258377552032,0.3482849597930908,0.026815909892320633,0.05787617713212967,0.42982229590415955,0.06489482522010803,0.1847897469997406,0.24330900609493256
Cyphoidris_afrc-tz01_CASENT0744810_processed.obj,H0_body,0.033204205334186554,0.17883314192295074,0.03265998139977455,0.1461731642484665,0.34171628952026367,0.47472211718559265,0.013668677769601345,0.017533333972096443,0.011200000531971455,0.048244036734104156,0.10193333774805069,0.03160000219941139,0.11413222551345825,0.3540000021457672,0.06803333759307861,0.2943812906742096,0.7911666631698608,0.1808333396911621,0.5251976251602173,0.49513334035873413,1.0,0.0,1.0,1.0,0.0,1.0,2.47463916025481e-08,0.0,0.7960548400878906,0.26333069801330566,0.0,0.0,0.0,0.030279958620667458,0.06541506946086884,0.03917091712355614,0.0,0.030872080475091934,0.07477100938558578,0.3931034505367279,0.035057246685028076,0.07484793663024902,0.3101702630519867,0.040787454694509506,0.09032154828310013,0.31215471029281616,0.01540769636631012,0.03504607453942299,0.7467018961906433,0.03910484164953232,0.07391876727342606,0.21529746055603027,0.04016594961285591,0.08518572896718979,0.26399025321006775
Cyphomyrmex_cf.minutus_CASENT0744280_processed.obj,H0_body,0.03993530198931694,0.19281989336013794,0.03583768010139465,0.1569822132587433,0.37722527980804443,0.6625353693962097,0.0106369499117136,0.013766666874289513,0.00866666715592146,0.04067261517047882,0.0874333307147026,0.026499999687075615,0.1014292761683464,0.3412666618824005,0.059566669166088104,0.2766651213169098,0.7775999903678894,0.1682666689157486,0.5317670702934265,0.4562666714191437,1.0,0.0,1.0,1.0,0.0,1.0,2.3178616359587068e-08,0.0,0.8111580014228821,0.3059667646884918,0.0,0.0,0.0,0.0820566937327385,0.18197505176067352,0.08909712731838226,0.0,0.02660982869565487,0.06096704304218292,0.43026819825172424,0.0432836152613163,0.09877550601959229,0.2503451406955719,0.041904475539922714,0.10402923822402954,0.2541436553001404,0.028723210096359253,0.07632357627153397,0.4696570038795471,0.048840757459402084,0.11190496385097504,0.2176152467727661,0.09555456787347794,0.3168542981147766,0.2250608205795288
Dilobocondyla_fouqueti_CASENT0745576_processed.obj,H0_body,0.008894531056284904,0.09064459800720215,0.0288529209792614,0.06179167702794075,0.1716139167547226,0.4558427333831787,0.03214355558156967,0.03803333267569542,0.027833333238959312,0.11613943427801132,0.16840000450611115,0.08863333612680435,0.2750457227230072,0.4153333306312561,0.20560000836849213,0.6825231313705444,0.8600000143051147,0.5657666921615601,0.6808021068572998,0.2797333300113678,1.0,0.0,1.0,1.0,0.0,1.0,2.9438067983278415e-08,0.0,0.8025275468826294,0.32660987973213196,0.0,0.0,0.0,0.014255979098379612,0.024481860920786858,0.01493029948323965,0.0,0.028388679027557373,0.06639556586742401,0.39923372864723206,0.03413147106766701,0.07556015253067017,0.34422457218170166,0.01687340997159481,0.033441830426454544,0.6160221099853516,0.018675051629543304,0.04811406135559082,0.6622691750526428,0.028043190017342567,0.09709157794713974,0.4862219989299774,0.06406666338443756,0.16388750076293945,0.2907542586326599
Dorylus_fulvus_CASENT0745678_processed.obj,H0_body,0.0029614430386573076,0.05705184489488602,0.021160293370485306,0.03589155152440071,0.09172172099351883,0.31483086943626404,0.07903026044368744,0.08926666527986526,0.07090000063180923,0.22711443901062012,0.29739999771118164,0.18369999527931213,0.44196370244026184,0.5799999833106995,0.3569999933242798,0.8404831886291504,0.952833354473114,0.7518333196640015,0.686557412147522,0.32143333554267883,1.0,0.0,1.0,1.0,0.0,1.0,2.89689001675697e-08,0.0,0.8235010504722595,0.363921195268631,0.0,0.0,0.0,0.017866017296910286,0.041142791509628296,0.018701784312725067,0.0,0.017269892618060112,0.04382045939564705,0.6735632419586182,0.02667040191590786,0.052744701504707336,0.3548090159893036,0.023160487413406372,0.06512272357940674,0.5745856761932373,0.018488356843590736,0.0391099639236927,0.6200528144836426,0.030939606949687004,0.07933370769023895,0.3816636800765991,0.054754335433244705,0.26217976212501526,0.4184914827346802
Eciton_hamatum_CASENT0744580_processed.obj,H0_body,0.00886203907430172,0.07241886109113693,0.030388152226805687,0.042030707001686096,0.10133419930934906,0.5841898918151855,0.07481152564287186,0.08033333718776703,0.07000000029802322,0.21804308891296387,0.24780000746250153,0.19466666877269745,0.43808311223983765,0.49176666140556335,0.39496666193008423,0.8195134997367859,0.8377000093460083,0.8021000027656555,0.6175910830497742,0.35563334822654724,1.0,0.0,1.0,1.0,0.0,1.0,2.6599746405508995e-08,0.0,0.8146101236343384,0.37486565113067627,0.0,0.0,0.0,0.06324708461761475,0.13318850100040436,0.07772475481033325,0.0,0.022947832942008972,0.05601242929697037,0.5199233889579773,0.035452667623758316,0.08766095340251923,0.35803037881851196,0.02382585220038891,0.05909506976604462,0.5248618721961975,0.03148422762751579,0.06744404882192612,0.2902374863624573,0.0362047404050827,0.12028627842664719,0.4442441463470459,0.1412014216184616,0.42945218086242676,0.22992700338363647
Ectatomma_brunneum_CASENT0744575_processed.obj,H0_body,0.02416885457932949,0.15060530602931976,0.03667726740241051,0.11392804235219955,0.2766093909740448,0.7617628574371338,0.01759191043674946,0.021266667172312737,0.015000000596046448,0.07252927124500275,0.12373333424329758,0.05130000039935112,0.17308194935321808,0.37880000472068787,0.11216666549444199,0.4144299626350403,0.7616000175476074,0.28466665744781494,0.6151674389839172,0.34443333745002747,1.0,0.0,1.0,1.0,0.0,1.0,2.2272336863693454e-08,0.0,0.8189928531646729,0.32023417949676514,0.0,0.0,0.0,0.0685749426484108,0.1495591104030609,0.07330779731273651,0.0,0.035007305443286896,0.10052286833524704,0.39578545093536377,0.04274316504597664,0.09490484744310379,0.23745973408222198,0.02822909876704216,0.06678560376167297,0.45303869247436523,0.030760448426008224,0.0695476159453392,0.35356202721595764,0.03546319529414177,0.11654295027256012,0.426474392414093,0.057994138449430466,0.20204488933086395,0.27128952741622925
Eurhopalothrix_procera_CASENT0745605_processed.obj,H0_body,0.01320655457675457,0.11906018853187561,0.036685459315776825,0.08237472921609879,0.20042866468429565,0.5322244763374329,0.024122491478919983,0.02930000051856041,0.020500000566244125,0.09037099033594131,0.14963333308696747,0.06473333388566971,0.20511434972286224,0.3872666656970978,0.13950000703334808,0.48513489961624146,0.7493667006492615,0.35866665840148926,0.5576822757720947,0.39916667342185974,1.0,0.0,1.0,1.0,0.0,1.0,2.4487038174925146e-08,0.0,0.807816207408905,0.3212337791919708,0.0,0.0,0.0,0.057310622185468674,0.1646796464920044,0.07019609212875366,0.0,0.02744441106915474,0.07170771062374115,0.4931034445762634,0.03919842466711998,0.08361685276031494,0.28808099031448364,0.018845126032829285,0.047404609620571136,0.6685082912445068,0.017389031127095222,0.042635366320610046,0.6781002879142761,0.04470935836434364,0.1390254646539688,0.31212979555130005,0.0772968977689743,0.32388851046562195,0.31630170345306396
Heteroponera_panamensis_CASENT0744055_processed.obj,H0_body,0.029458297416567802,0.16992390155792236,0.03468197584152222,0.13524192571640015,0.31361737847328186,0.5655297636985779,0.01475593913346529,0.018666666001081467,0.012199999764561653,0.05426398664712906,0.1117333322763443,0.03583333268761635,0.13137464225292206,0.3685666620731354,0.07993333786725998,0.3314686715602875,0.7707666754722595,0.21113333106040955,0.5836007595062256,0.4995666742324829,1.0,0.0,1.0,1.0,0.0,1.0,2.6328741853376414e-08,0.0,0.7559727430343628,0.23841498792171478,0.0,0.0,0.0,0.02106030285358429,0.04304659366607666,0.022199397906661034,0.0,0.030675088986754417,0.08077013492584229,0.4091954231262207,0.03505793586373329,0.08162308484315872,0.34514495730400085,0.0317799411714077,0.06659416109323502,0.3784530460834503,0.020997334271669388,0.040965110063552856,0.5408971309661865,0.04231277480721474,0.10406385362148285,0.3170229196548462,0.0337732769548893,0.0802827775478363,0.38686132431030273
Labidus_praedator_CASENT0744236_processed.obj,H0_body,0.015034196898341179,0.08479991555213928,0.022378087043762207,0.062421828508377075,0.3198842406272888,0.7657732367515564,0.102865070104599,0.11110000312328339,0.09576667100191116,0.2804822623729706,0.32936668395996094,0.24423334002494812,0.49370551109313965,0.5752666592597961,0.43240001797676086,0.8059332370758057,0.9152666926383972,0.7199333310127258,0.7561250329017639,0.249466672539711,1.0,0.0,1.0,1.0,0.0,1.0,2.8569669296985012e-08,0.0,0.8089346289634705,0.3515841066837311,0.0,0.0,0.0,0.018010960891842842,0.04470421001315117,0.019357800483703613,0.0,0.018541960045695305,0.04715688154101372,0.619157075881958,0.028461484238505363,0.06411591172218323,0.40082836151123047,0.016225671395659447,0.03685614839196205,0.6767956018447876,0.01363409124314785,0.04451737925410271,0.8469657301902771,0.02535696141421795,0.07122533023357391,0.5598763823509216,0.09140946716070175,0.29703980684280396,0.12043795734643936
Labidus_praedator_CASENT0744237_processed.obj,H0_body,0.012237805873155594,0.08983941376209259,0.024315135553479195,0.06552428007125854,0.24271899461746216,0.56266850233078,0.0534982867538929,0.06273333728313446,0.04663333296775818,0.18308134377002716,0.2609666585922241,0.14100000262260437,0.39340803027153015,0.5717666745185852,0.2998666763305664,0.7140885591506958,0.8871333599090576,0.5975333452224731,0.6915649771690369,0.25653332471847534,1.0,0.0,1.0,1.0,0.0,1.0,3.162945816370666e-08,0.0,0.7883358597755432,0.313805490732193,0.0,0.0,0.0,0.022374145686626434,0.04698469489812851,0.02352619729936123,0.0,0.017399948090314865,0.04335571452975273,0.6931034922599792,0.0286905188113451,0.07977429777383804,0.4367234408855438,0.023456431925296783,0.0572986975312233,0.530386745929718,0.027512770146131516,0.06677320599555969,0.47493404150009155,0.04094614461064339,0.11574859917163849,0.37265002727508545,0.022387970238924026,0.050533611327409744,0.529197096824646
Lasius_nr._fuliginosus_CASENT0878037_processed.obj,H0_body,0.0034873299300670624,0.05632983148097992,0.02087465487420559,0.03545517474412918,0.11325801908969879,0.37809935212135315,0.06880168616771698,0.0746999979019165,0.06376666575670242,0.2342635989189148,0.29153335094451904,0.19580000638961792,0.4928436577320099,0.6098666787147522,0.41350001096725464,0.8729098439216614,0.9401666522026062,0.8146333694458008,0.7582674622535706,0.21383333206176758,1.0,0.0,1.0,1.0,0.0,1.0,2.6270459585475692e-08,0.0,0.8256801962852478,0.34022149443626404,0.0,0.0,0.0,0.03753303736448288,0.09340980648994446,0.038201529532670975,0.0,0.017231721431016922,0.0424385629594326,0.692337155342102,0.021238118410110474,0.04616125300526619,0.5375057458877563,0.012160501442849636,0.025492796674370766,0.8149171471595764,0.02044770121574402,0.04944295436143875,0.5883905291557312,0.029645701870322227,0.08289593458175659,0.4756631553173065,0.04201846197247505,0.13616177439689636,0.45985400676727295
Lioponera_daikoku_OKENT0105067_processed.obj,H0_body,0.019803768023848534,0.14714792370796204,0.039358951151371,0.10778898000717163,0.2484613060951233,0.4337635934352875,0.0171225443482399,0.02133333310484886,0.014299999922513962,0.062747061252594,0.11276666820049286,0.04346666857600212,0.14933204650878906,0.33196666836738586,0.0963333323597908,0.38301143050193787,0.6974000334739685,0.2639999985694885,0.5870449542999268,0.48240000009536743,1.0,0.0,1.0,1.0,0.0,1.0,2.5518623658626893e-08,0.0,0.7677306532859802,0.2990952730178833,0.0,0.0,0.0,0.07939751446247101,0.17198921740055084,0.08593608438968658,0.0,0.035029336810112,0.08348021656274796,0.35593870282173157,0.03330907225608826,0.0709860697388649,0.3382420539855957,0.04020383208990097,0.09973760694265366,0.33701658248901367,0.03110671415925026,0.06613501161336899,0.3298153281211853,0.04992055520415306,0.11033911257982254,0.30517640709877014,0.08586835861206055,0.22169488668441772,0.2323600947856903
Mayriella_sp._CASENT0745610_processed.obj,H0_body,0.011771336197853088,0.10907776653766632,0.02891642227768898,0.08016134798526764,0.18496713042259216,0.46401190757751465,0.02481818199157715,0.03033333458006382,0.020999999716877937,0.09435109794139862,0.1670999974012375,0.06573333591222763,0.21794772148132324,0.46566668152809143,0.1422666609287262,0.5160080790519714,0.8452000021934509,0.3713666796684265,0.5838173627853394,0.46726667881011963,1.0,0.0,1.0,1.0,0.0,1.0,2.5643933199148705e-08,0.0,0.8091877102851868,0.3452666699886322,0.0,0.0,0.0,0.0092521533370018,0.021765131503343582,0.008871123194694519,0.0,0.0298013798892498,0.08027180284261703,0.49080461263656616,0.034770667552948,0.10081462562084198,0.39024391770362854,0.02798367664217949,0.09299373626708984,0.4861878752708435,0.03150375932455063,0.05844270810484886,0.33773088455200195,0.027232270687818527,0.06295160949230194,0.4442441463470459,0.06881242990493774,0.23082339763641357,0.33090025186538696
Mesoponera_ambigua_CASENT0745584_processed.obj,H0_body,0.02092510089278221,0.13363204896450043,0.026859277859330177,0.1067727729678154,0.29209938645362854,0.5205868482589722,0.027013175189495087,0.03386666625738144,0.022466666996479034,0.09670272469520569,0.17553333938121796,0.06673333048820496,0.21179574728012085,0.4809333384037018,0.13580000400543213,0.4619925320148468,0.8607000112533569,0.3157333433628082,0.596630871295929,0.4282333254814148,1.0,0.0,1.0,1.0,0.0,1.0,2.4300540246713354e-08,0.0,0.7944196462631226,0.28152626752853394,0.0,0.0,0.0,0.05997437983751297,0.178949773311615,0.060857322067022324,0.0,0.02506198361515999,0.06711024045944214,0.540613055229187,0.02970864437520504,0.06481532752513885,0.39070409536361694,0.024114098399877548,0.05780237540602684,0.46408841013908386,0.031478606164455414,0.07488764822483063,0.4116095304489136,0.030202392488718033,0.07756874710321426,0.4390935003757477,0.03407809138298035,0.10050325840711594,0.35888078808784485
Myrmecina_ryukyuensis_OKENT0105085_processed.obj,H0_body,0.005325412843376398,0.07758941501379013,0.029586540535092354,0.04800287261605263,0.1237720251083374,0.3497503399848938,0.03306587040424347,0.03766666725277901,0.029466666281223297,0.11991501599550247,0.16313333809375763,0.09480000287294388,0.28075072169303894,0.3920666575431824,0.218666672706604,0.7369418740272522,0.8615333437919617,0.643833339214325,0.713893711566925,0.271699994802475,1.0,0.0,1.0,1.0,0.0,1.0,2.626463135868562e-08,0.0,0.8223228454589844,0.3615829646587372,0.0,0.0,0.0,0.040856119245290756,0.0824631005525589,0.043775301426649094,0.0,0.02627321518957615,0.057394783943891525,0.41149425506591797,0.03022753819823265,0.05929645895957947,0.3851817846298218,0.018749544396996498,0.06702239066362381,0.7348066568374634,0.02415790967643261,0.05405956506729126,0.44063326716423035,0.036553435027599335,0.09349425882101059,0.3654390871524811,0.09242036938667297,0.253357470035553,0.23722627758979797
Myrmecina_sp._CASENT0745613_processed.obj,H0_body,0.012615476734936237,0.10957320034503937,0.03440926969051361,0.07516393065452576,0.2048153579235077,0.5873203277587891,0.021417243406176567,0.024266667664051056,0.019166667014360428,0.08296538889408112,0.11756666749715805,0.0640999972820282,0.19638554751873016,0.30506667494773865,0.14480000734329224,0.5857073068618774,0.8096666932106018,0.4588000178337097,0.7182537913322449,0.27053332328796387,1.0,0.0,1.0,1.0,0.0,1.0,2.4309276369649524e-08,0.0,0.8309651017189026,0.3934210240840912,0.0,0.0,0.0,0.02189302071928978,0.04638443887233734,0.022748839110136032,0.0,0.03186711668968201,0.06441257148981094,0.3130268156528473,0.03010348044335842,0.07383149862289429,0.4381040036678314,0.0212866123765707,0.058153826743364334,0.5939226746559143,0.031302955001592636,0.061284713447093964,0.28232190012931824,0.03561802953481674,0.09681440889835358,0.4099922776222229,0.09812333434820175,0.27497193217277527,0.1520681232213974
Nesomyrmex_angulatus_CASENT0744820_processed.obj,H0_body,0.01267938781529665,0.11668743938207626,0.027413008734583855,0.08927442878484726,0.20225252211093903,0.3261468708515167,0.02323855087161064,0.02966666780412197,0.019100001081824303,0.0810193344950676,0.156700000166893,0.054633334279060364,0.186325341463089,0.46086665987968445,0.11676666885614395,0.4506263732910156,0.8712999820709229,0.30390000343322754,0.6159879565238953,0.39783334732055664,1.0,0.0,1.0,1.0,0.0,1.0,2.6171376177330785e-08,0.0,0.7742700576782227,0.2826325297355652,0.0,0.0,0.0,0.0486687496304512,0.2523419260978699,0.050175055861473083,0.0,0.03352264314889908,0.08303066343069077,0.3854406177997589,0.02345149777829647,0.049030665308237076,0.4864242970943451,0.026104334741830826,0.05695047602057457,0.4723757207393646,0.02293342724442482,0.04181944951415062,0.42216360569000244,0.02670440822839737,0.07529685646295547,0.4957507252693176,0.03442012518644333,0.08026763051748276,0.35766422748565674
Odontomachus_troglodytes_CASENT0744970_processed.obj,H0_body,0.0040567610412836075,0.06157449632883072,0.024101082235574722,0.037473414093256,0.09632860869169235,0.4641045033931732,0.07304218411445618,0.08176666498184204,0.06599999964237213,0.2351827472448349,0.29143333435058594,0.19713333249092102,0.46350640058517456,0.5788333415985107,0.3865000009536743,0.8087193369865417,0.8823000192642212,0.7464666962623596,0.7145743370056152,0.21763333678245544,1.0,0.0,1.0,1.0,0.0,1.0,2.764007867028795e-08,0.0,0.8196131587028503,0.38437870144844055,0.0,0.0,0.0,0.0490783229470253,0.11641807109117508,0.06193402037024498,0.0,0.01901809498667717,0.045411791652441025,0.6237547993659973,0.018084648996591568,0.056557632982730865,0.7445927262306213,0.013912733644247055,0.033524349331855774,0.7900552749633789,0.026866452768445015,0.06185478717088699,0.4538258910179138,0.04089776426553726,0.09613021463155746,0.26989442110061646,0.039687033742666245,0.16728606820106506,0.5267639756202698
Oxyopomyrmex_saulcyi_CASENT0745218_processed.obj,H0_body,0.007288480643182993,0.08671699464321136,0.02567528560757637,0.06104171276092529,0.16432352364063263,0.42334115505218506,0.029301421716809273,0.03493333235383034,0.025233333930373192,0.10273584723472595,0.16286666691303253,0.07503333687782288,0.23779357969760895,0.4573333263397217,0.16066667437553406,0.6606246829032898,0.9209666848182678,0.5150333642959595,0.5644913911819458,0.503600001335144,1.0,0.0,1.0,1.0,0.0,1.0,2.5270926684584083e-08,0.0,0.8289341926574707,0.37488657236099243,0.0,0.0,0.0,0.012230516411364079,0.03185693174600601,0.013935409486293793,0.0,0.021631544455885887,0.0456131286919117,0.5187739729881287,0.025138283148407936,0.06230020895600319,0.49102625250816345,0.027780447155237198,0.08935317397117615,0.5441989302635193,0.030747361481189728,0.06581005454063416,0.39050132036209106,0.02869676798582077,0.0644553005695343,0.40097862482070923,0.09488953649997711,0.2940564751625061,0.3175182342529297
Polyrhachis_decemdentata_CASENT0744779_processed.obj,H0_body,0.013405156321823597,0.10499609261751175,0.028720228001475334,0.07627586275339127,0.2275393158197403,0.6193706393241882,0.03352167829871178,0.03996666893362999,0.028866667300462723,0.12010197341442108,0.19063334167003632,0.08766666799783707,0.2659620940685272,0.47690001130104065,0.18440000712871552,0.59359210729599,0.8569000363349915,0.454066663980484,0.618499219417572,0.3639666736125946,1.0,0.0,1.0,1.0,0.0,1.0,2.466479820384393e-08,0.0,0.8147796988487244,0.3531855344772339,0.0,0.0,0.0,0.07974272966384888,0.1506202071905136,0.11418488621711731,0.0,0.023794302716851234,0.0646098330616951,0.5279693603515625,0.029237650334835052,0.07571864873170853,0.46341463923454285,0.025239408016204834,0.06573043763637543,0.5635359287261963,0.027160633355379105,0.07582392543554306,0.5171504020690918,0.03084702044725418,0.08564020693302155,0.4839042127132416,0.08524064719676971,0.3855704963207245,0.2688564360141754
Polyrhachis_dives_CASENT0878093_processed.obj,H0_body,0.024983426555991173,0.14874783158302307,0.02885087952017784,0.11989695578813553,0.30582666397094727,0.5394118428230286,0.025877226144075394,0.03226666525006294,0.02160000056028366,0.09484563767910004,0.17416666448116302,0.0651666671037674,0.19942155480384827,0.4740999937057495,0.12626667320728302,0.4221166670322418,0.8440333604812622,0.2814333438873291,0.6898033022880554,0.348633348941803,1.0,0.0,1.0,1.0,0.0,1.0,2.415483280060471e-08,0.0,0.7954571843147278,0.261759877204895,0.0,0.0,0.0,0.07962513715028763,0.2410324662923813,0.08589360862970352,0.0,0.029453549534082413,0.09005226939916611,0.5007662773132324,0.028742210939526558,0.07676563411951065,0.4417855441570282,0.05944729223847389,0.15212568640708923,0.23756906390190125,0.030135702341794968,0.06265699863433838,0.4300791621208191,0.027991456910967827,0.06623149663209915,0.44269895553588867,0.043941203504800797,0.135269895195961,0.36618003249168396
Ponera_kohmoku_OKENT0105440_processed.obj,H0_body,0.006819934584200382,0.08162978291511536,0.027145329862833023,0.054484449326992035,0.15466538071632385,0.37473049759864807,0.04544106125831604,0.05236666649580002,0.04013333469629288,0.14994044601917267,0.2097666710615158,0.11666666716337204,0.3268546164035797,0.4861000180244446,0.24620001018047333,0.7047064900398254,0.8803333640098572,0.5875000357627869,0.648283064365387,0.4067666828632355,1.0,0.0,1.0,1.0,0.0,1.0,2.5929512759148565e-08,0.0,0.8104101419448853,0.346505343914032,0.0,0.0,0.0,0.024575164541602135,0.05012592300772667,0.026956181973218918,0.0,0.0244886577129364,0.054769959300756454,0.4850574731826782,0.028079792857170105,0.058557868003845215,0.38978371024131775,0.021161042153835297,0.05381083860993385,0.6160221099853516,0.020292092114686966,0.0390792079269886,0.559366762638092,0.032839857041835785,0.08963397145271301,0.42621684074401855,0.057824164628982544,0.1456359326839447,0.26520681381225586
Ponera_tamon_OKENT0105154_processed.obj,H0_body,0.004222650546580553,0.06316037476062775,0.02441292256116867,0.038747452199459076,0.1300898790359497,0.33140143752098083,0.06994084268808365,0.0789666697382927,0.0627666637301445,0.2183133214712143,0.282233327627182,0.17800000309944153,0.44734707474708557,0.5691999793052673,0.36846667528152466,0.8203158974647522,0.8983333706855774,0.7547667026519775,0.6742116212844849,0.27160000801086426,1.0,0.0,1.0,1.0,0.0,1.0,2.688824274343915e-08,0.0,0.8289510011672974,0.4086965322494507,0.0,0.0,0.0,0.0326196625828743,0.07130156457424164,0.03495633602142334,0.0,0.0178309865295887,0.045666009187698364,0.6689655184745789,0.020345032215118408,0.050408151000738144,0.6010124087333679,0.009218310005962849,0.0198772344738245,0.9530386924743652,0.015835119411349297,0.03655271232128143,0.7467018961906433,0.03640292212367058,0.09390047192573547,0.34560906887054443,0.1199384406208992,0.2521340548992157,0.05717761442065239
Pseudolasius_sp._CASENT0878065_processed.obj,H0_body,0.02035834826529026,0.13037686049938202,0.030677448958158493,0.09969940781593323,0.32000529766082764,0.4989444315433502,0.01545936893671751,0.018266666680574417,0.013400000520050526,0.06154225394129753,0.10216666758060455,0.04403333365917206,0.18709120154380798,0.3796333372592926,0.12413333356380463,0.5336872339248657,0.8375999927520752,0.39160001277923584,0.700361430644989,0.3075999915599823,1.0,0.0,1.0,1.0,0.0,1.0,2.53350336265612e-08,0.0,0.8205773830413818,0.31623321771621704,0.0,0.0,0.0,0.07386863976716995,0.15437622368335724,0.08265786617994308,0.0,0.030369825661182404,0.07345068454742432,0.39578545093536377,0.02675670199096203,0.06469219923019409,0.4675563871860504,0.029275499284267426,0.07303891330957413,0.4116022288799286,0.026274191215634346,0.05827859789133072,0.4459103047847748,0.03427483141422272,0.08137954771518707,0.3479268550872803,0.09362728148698807,0.36715927720069885,0.16909974813461304
Pseudomyrmex_cf.solis_CASENT0744065_processed.obj,H0_body,0.005738880019634962,0.07631571590900421,0.029848039150238037,0.04646768048405647,0.1367720067501068,0.35057318210601807,0.07626297324895859,0.08356666564941406,0.07013333588838577,0.2241758555173874,0.2822999954223633,0.1859000027179718,0.39000967144966125,0.49810001254081726,0.32046666741371155,0.7108796238899231,0.8220999836921692,0.6261667013168335,0.6132993102073669,0.3585333228111267,1.0,0.0,1.0,1.0,0.0,1.0,2.7686700931894848e-08,0.0,0.8164721727371216,0.38555610179901123,0.0,0.0,0.0,0.0446770153939724,0.08700672537088394,0.04203586280345917,0.0,0.020495817065238953,0.06542503088712692,0.6517241597175598,0.03089669533073902,0.07346601784229279,0.37689828872680664,0.01924807019531727,0.049588095396757126,0.6629834771156311,0.023445598781108856,0.056187909096479416,0.5250659584999084,0.03938411921262741,0.1029423400759697,0.3026010990142822,0.12316467612981796,0.2927224338054657,0.21167883276939392
Solenopsis_invicta_CASENT0744384_processed.obj,H0_body,0.013352394104003906,0.10972817987203598,0.029158204793930054,0.08056997507810593,0.19965411722660065,0.6451687216758728,0.022967560216784477,0.02759999968111515,0.01966666616499424,0.08702779561281204,0.15476666390895844,0.06053333356976509,0.21176019310951233,0.4642000198364258,0.13716666400432587,0.5335575342178345,0.8596000075340271,0.3868333399295807,0.5253635048866272,0.5328666567802429,1.0,0.0,1.0,1.0,0.0,1.0,2.8155868747603563e-08,0.0,0.7929795980453491,0.3094732165336609,0.0,0.0,0.0,0.040115050971508026,0.08225370943546295,0.04847114905714989,0.0,0.022274000570178032,0.049953393638134,0.5279693603515625,0.02909974753856659,0.0735321193933487,0.46249425411224365,0.028162388131022453,0.06517108529806137,0.45856356620788574,0.02635728009045124,0.053399909287691116,0.38522428274154663,0.036871910095214844,0.09601251780986786,0.3592583239078522,0.12591837346553802,0.32174715399742126,0.2834549844264984
Stigmatomma_FHG02_CASENT0745561_processed.obj,H0_body,0.01936899498105049,0.12672209739685059,0.03393683210015297,0.09278526902198792,0.28514906764030457,0.5579897165298462,0.027540599927306175,0.032866667956113815,0.02370000071823597,0.09991808235645294,0.15613333880901337,0.07346666604280472,0.24955637753009796,0.4307333528995514,0.1756666749715805,0.5384951829910278,0.8015666604042053,0.40543332695961,0.6209111213684082,0.33526667952537537,1.0,0.0,1.0,1.0,0.0,1.0,2.3029995688261806e-08,0.0,0.8152859807014465,0.3112245500087738,0.0,0.0,0.0,0.03591826185584068,0.08667618036270142,0.03790932893753052,0.0,0.029041996225714684,0.07467902451753616,0.4448275864124298,0.030472975224256516,0.06804454326629639,0.3934652507305145,0.02208130806684494,0.05676739662885666,0.5828729271888733,0.03882943093776703,0.07204155623912811,0.27176782488822937,0.04420100525021553,0.14391151070594788,0.40947720408439636,0.12980690598487854,0.26464635133743286,0.11922141164541245
Strumigenys_alberti_CASENT0878103_processed.obj,H0_body,0.02078224904835224,0.1390957534313202,0.03277454525232315,0.10632120817899704,0.28398141264915466,0.5194206237792969,0.021537480875849724,0.02616666629910469,0.018300000578165054,0.0771191418170929,0.13830000162124634,0.053466666489839554,0.16984310746192932,0.3886333405971527,0.10866666585206985,0.42953255772590637,0.7954333424568176,0.29420000314712524,0.5169030427932739,0.48030000925064087,1.0,0.0,1.0,1.0,0.0,1.0,2.4323849601159964e-08,0.0,0.7961217164993286,0.3286980092525482,0.0,0.0,0.0,0.13521504402160645,0.40827086567878723,0.14419524371623993,0.0,0.02740900032222271,0.06646135449409485,0.45402300357818604,0.03902395814657211,0.08715072274208069,0.2807179093360901,0.026246272027492523,0.05349288135766983,0.43922653794288635,0.02468700520694256,0.053606078028678894,0.45646440982818604,0.03568444028496742,0.10306479036808014,0.3855266571044922,0.06302682310342789,0.13750970363616943,0.2396593689918518
Strumigenys_canina_OKENT0105288_processed.obj,H0_body,0.01351242046803236,0.10553638637065887,0.03197683393955231,0.07355955243110657,0.23609063029289246,0.5290018320083618,0.024123765528202057,0.02810000069439411,0.021133333444595337,0.09144290536642075,0.13526666164398193,0.06906666606664658,0.22375868260860443,0.37290000915527344,0.15983334183692932,0.6290220618247986,0.8442666530609131,0.5012333393096924,0.6579187512397766,0.39133334159851074,1.0,0.0,1.0,1.0,0.0,1.0,2.400913245992342e-08,0.0,0.8381050825119019,0.39767464995384216,0.0,0.0,0.0,0.05733262002468109,0.1261703372001648,0.06269243359565735,0.0,0.027016809210181236,0.0610777772963047,0.40306514501571655,0.02980811893939972,0.06688224524259567,0.3957662284374237,0.024007171392440796,0.061646509915590286,0.5469613671302795,0.024396484717726707,0.04650014638900757,0.4300791621208191,0.03483094274997711,0.1055472269654274,0.42261138558387756,0.09851320832967758,0.23357777297496796,0.2311435490846634
Strumigenys_crassicornis_CASENT0744273_processed.obj,H0_body,0.016353150829672813,0.12564760446548462,0.031277939677238464,0.09436966478824615,0.24049292504787445,0.5359309315681458,0.02162349596619606,0.026633333414793015,0.018200000748038292,0.08412355929613113,0.15283332765102386,0.058033332228660583,0.19148074090480804,0.4083000123500824,0.12506666779518127,0.47422775626182556,0.8076000213623047,0.3356666564941406,0.5612631440162659,0.4553333520889282,1.0,0.0,1.0,1.0,0.0,1.0,2.597321824282517e-08,0.0,0.8117954730987549,0.31172093749046326,0.0,0.0,0.0,0.05293931066989899,0.13478046655654907,0.05717207491397858,0.0,0.027351846918463707,0.07030653953552246,0.45478928089141846,0.0365154966711998,0.07926402240991592,0.3115508556365967,0.026082513853907585,0.0826222151517868,0.5773481130599976,0.05269434675574303,0.0982225239276886,0.21635884046554565,0.03129567205905914,0.06948679685592651,0.37625548243522644,0.07459398359060287,0.2534167468547821,0.15693430602550507
Strumigenys_sp._appretiata_group_CASENT0744156_processed.obj,H0_body,0.005382623989135027,0.0813855305314064,0.03147221356630325,0.04991331696510315,0.1161121055483818,0.3564051389694214,0.030237196013331413,0.03550000116229057,0.026333333924412727,0.10896220803260803,0.15503333508968353,0.08399999886751175,0.2636083960533142,0.39266666769981384,0.19840000569820404,0.6792632937431335,0.8274333477020264,0.5760999917984009,0.6822435259819031,0.29233333468437195,1.0,0.0,1.0,1.0,0.0,1.0,2.695527001606024e-08,0.0,0.8184435367584229,0.36019882559776306,0.0,0.0,0.0,0.019154392182826996,0.05439765378832817,0.019787944853305817,0.0,0.02996969409286976,0.06708794832229614,0.37969350814819336,0.03483179211616516,0.07507388293743134,0.3690750300884247,0.01967260055243969,0.051516223698854446,0.6602210402488708,0.023977702483534813,0.05097160115838051,0.4802111089229584,0.03129162639379501,0.09638990461826324,0.5081123113632202,0.1197190135717392,0.33169469237327576,0.12895376980304718
Strumigenys_stenorhina_OKENT0105268_processed.obj,H0_body,0.0040863798931241035,0.05339563637971878,0.02102464623749256,0.03237099200487137,0.09650799632072449,0.3775510787963867,0.11894266307353973,0.1284666657447815,0.11073333770036697,0.33213165402412415,0.3738333284854889,0.298799991607666,0.574585497379303,0.649233341217041,0.515333354473114,0.8825949430465698,0.9383000135421753,0.833133339881897,0.6988401412963867,0.32686665654182434,1.0,0.0,1.0,1.0,0.0,1.0,3.2037434039011714e-08,0.0,0.807727575302124,0.32054248452186584,0.0,0.0,0.0,0.019497936591506004,0.05580884590744972,0.020290620625019073,0.0,0.015871219336986542,0.052300576120615005,0.7517241835594177,0.019661325961351395,0.04213632270693779,0.5830649137496948,0.018237683922052383,0.058005016297101974,0.7044199109077454,0.014293450862169266,0.037089645862579346,0.7757256031036377,0.029895633459091187,0.09340926259756088,0.4846768081188202,0.12895119190216064,0.33980992436408997,0.131386861205101
Syllophopsis_sechellensis_OKENT0105212_processed.obj,H0_body,0.004602187313139439,0.06178250163793564,0.023295078426599503,0.038487423211336136,0.12138967961072922,0.3824647068977356,0.07450436800718307,0.08133333176374435,0.0687333345413208,0.2531507909297943,0.3032333254814148,0.21726666390895844,0.5072835683822632,0.6033000349998474,0.43763333559036255,0.823564350605011,0.9101333618164062,0.7520333528518677,0.7331052422523499,0.2277333289384842,1.0,0.0,1.0,1.0,0.0,1.0,3.25153379776566e-08,0.0,0.7983289957046509,0.3157329559326172,0.0,0.0,0.0,0.0631488785147667,0.14025770127773285,0.06572973728179932,0.0,0.018415318801999092,0.04927697777748108,0.650191605091095,0.017223764210939407,0.038498006761074066,0.6557754278182983,0.01679335907101631,0.0516766719520092,0.7320442199707031,0.019492292776703835,0.04685484617948532,0.6015831232070923,0.039350904524326324,0.1139075756072998,0.35075971484184265,0.11212552338838577,0.3403721749782562,0.1009732335805893
Temnothorax_congruus_OKENT0105443_processed.obj,H0_body,0.0032803972717374563,0.05899050831794739,0.02521103248000145,0.03377947583794594,0.0875895544886589,0.3566601872444153,0.04741618409752846,0.053199999034404755,0.042766667902469635,0.17089250683784485,0.22706666588783264,0.13699999451637268,0.40177083015441895,0.5358333587646484,0.32136666774749756,0.8745095133781433,0.9214333295822144,0.8321333527565002,0.6752451658248901,0.3283666670322418,1.0,0.0,1.0,1.0,0.0,1.0,2.566432755202186e-08,0.0,0.8452062010765076,0.4197082221508026,0.0,0.0,0.0,0.01924465224146843,0.04377775266766548,0.019833609461784363,0.0,0.02161322720348835,0.05279962345957756,0.5528735518455505,0.01930277794599533,0.03494188189506531,0.5439484715461731,0.01176304928958416,0.026436101645231247,0.8784530758857727,0.012828996405005455,0.028302745893597603,0.8707124590873718,0.03653031215071678,0.10835558921098709,0.3713623583316803,0.18038281798362732,0.31426605582237244,0.0
Temnothorax_sp._OKENT0105336_processed.obj,H0_body,0.00730835972353816,0.0842863917350769,0.02434351108968258,0.059942882508039474,0.15763390064239502,0.3433428108692169,0.0371735654771328,0.04466666653752327,0.031833332031965256,0.13676020503044128,0.2227666676044464,0.09866666793823242,0.30741801857948303,0.5482000112533569,0.2136000096797943,0.6746187806129456,0.9054666757583618,0.5375666618347168,0.5926515460014343,0.45329999923706055,1.0,0.0,1.0,1.0,0.0,1.0,2.8313229094578674e-08,0.0,0.8266940116882324,0.3876667022705078,0.0,0.0,0.0,0.023627519607543945,0.03736250847578049,0.026329468935728073,0.0,0.02270500548183918,0.060394637286663055,0.5773946642875671,0.021074973046779633,0.04527021199464798,0.5416474938392639,0.0167196374386549,0.040443092584609985,0.6878453493118286,0.024853171780705452,0.050662677735090256,0.40897098183631897,0.03371483460068703,0.0963764563202858,0.4303373694419861,0.07429368793964386,0.2091926783323288,0.2956204414367676
Tetramorium_kraepelini_CASENT0744084_processed.obj,H0_body,0.00754364300519228,0.08635983616113663,0.026083750650286674,0.0602760873734951,0.16044101119041443,0.49149733781814575,0.03165503218770027,0.03759999945759773,0.0273333340883255,0.11564566195011139,0.19573333859443665,0.08206667006015778,0.27734437584877014,0.5207666754722595,0.1889999955892563,0.6778324246406555,0.8973667025566101,0.5446000099182129,0.6274568438529968,0.46736666560173035,1.0,0.0,1.0,1.0,0.0,1.0,2.683579225504218e-08,0.0,0.8239874839782715,0.3885914385318756,0.0,0.0,0.0,0.02700204774737358,0.05832284316420555,0.028518691658973694,0.0,0.023683348670601845,0.058943286538124084,0.5260536670684814,0.01932762749493122,0.04029092192649841,0.6046940088272095,0.026100192219018936,0.071125328540802,0.4917127192020416,0.01952500455081463,0.0413786880671978,0.5725594162940979,0.026299187913537025,0.07661441713571548,0.532062828540802,0.11665715277194977,0.2402491569519043,0.09732359647750854
Acanthostichus_aff.brevicornis_CASENT0744328_processed.obj,H1_legs,0.00342997326515615,0.059835150837898254,0.02080383338034153,0.039031315594911575,0.10555057972669601,0.2648679316043854,0.07222069799900055,0.0808333307504654,0.0652666687965393,0.22623217105865479,0.288833349943161,0.18593333661556244,0.45364710688591003,0.5972000360488892,0.3657333254814148,0.8167305588722229,0.942799985408783,0.7204000353813171,0.7011769413948059,0.1941000074148178,1.0,0.0,1.0,1.0,0.0,1.0,2.3024167461471734e-08,0.0,0.8393791317939758,0.39917051792144775,0.0,0.0,0.0,0.025211339816451073,0.057895731180906296,0.025172965601086617,0.0,0.023468298837542534,0.06163358315825462,0.530651330947876,0.01458125002682209,0.03465244546532631,0.7791072130203247,0.016331106424331665,0.0420670248568058,0.7071823477745056,0.023503055796027184,0.05853237956762314,0.5277044773101807,0.01968541368842125,0.047336868941783905,0.6052021980285645,0.01888785883784294,0.04669436812400818,0.639902651309967
Acromyrmex_coronatus_CASENT0744365_processed.obj,H1_legs,0.00438604736700654,0.06468383967876434,0.021870316937565804,0.04281352460384369,0.13592089712619781,0.2917625904083252,0.061335403472185135,0.0695333331823349,0.054866667836904526,0.2047930210828781,0.27086666226387024,0.16463333368301392,0.4241839051246643,0.5711666941642761,0.33736667037010193,0.8151777982711792,0.9319666624069214,0.724399983882904,0.6949377059936523,0.25326666235923767,1.0,0.0,1.0,1.0,0.0,1.0,1.9821593255642256e-08,0.0,0.8327495455741882,0.36208197474479675,0.0,0.0,0.0,0.07362867146730423,0.13655208051204681,0.08354808390140533,0.0,0.02613435499370098,0.0624648742377758,0.46704980731010437,0.024571077898144722,0.058788735419511795,0.47906121611595154,0.028030676767230034,0.055329855531454086,0.3729282021522522,0.029006032273173332,0.06506515294313431,0.4010554254055023,0.017893945798277855,0.044088296592235565,0.680659294128418,0.025187619030475616,0.08701448887586594,0.6678832173347473
Acromyrmex_lobicornis_CASENT0878007_processed.obj,H1_legs,0.006852065213024616,0.09024481475353241,0.028935139998793602,0.06130967661738396,0.1416950821876526,0.24061420559883118,0.02783258818089962,0.032099999487400055,0.024566667154431343,0.10701602697372437,0.16226667165756226,0.07983333617448807,0.2532191872596741,0.4244333505630493,0.18043333292007446,0.6143035888671875,0.8543333411216736,0.47956666350364685,0.6070317625999451,0.3752000033855438,1.0,0.0,1.0,1.0,0.0,1.0,2.0145055401599166e-08,0.0,0.8370528221130371,0.342652291059494,0.0,0.0,0.0,0.052169665694236755,0.12633481621742249,0.054303284734487534,0.0,0.028750509023666382,0.06178004667162895,0.3938697278499603,0.03881455957889557,0.0895327478647232,0.3051081597805023,0.04164588823914528,0.1285506635904312,0.31767958402633667,0.023108143359422684,0.06033596768975258,0.559366762638092,0.02313532494008541,0.05452732369303703,0.5307751893997192,0.01743920147418976,0.07459138333797455,0.8065693378448486
Anochetus_risii_CASENT0877608_processed.obj,H1_legs,0.0022043921053409576,0.04925355315208435,0.01949489302933216,0.02975865826010704,0.07959501445293427,0.1857541799545288,0.08850230276584625,0.09719999879598618,0.08123333752155304,0.2864159047603607,0.34790000319480896,0.24340000748634338,0.5468881726264954,0.6534667015075684,0.4702000021934509,0.86846923828125,0.9336000084877014,0.8118333220481873,0.7303502559661865,0.17830000817775726,1.0,0.0,1.0,1.0,0.0,1.0,2.1692434515330206e-08,0.0,0.838821291923523,0.3952295482158661,0.0,0.0,0.0,0.014105584472417831,0.031027067452669144,0.014550971798598766,0.0,0.016809936612844467,0.04212501272559166,0.7065134048461914,0.025961900129914284,0.06601244956254959,0.4431661367416382,0.026692485436797142,0.05402066186070442,0.4033149182796478,0.028302930295467377,0.06417633593082428,0.40369394421577454,0.01851641573011875,0.058734480291604996,0.7043523192405701,0.012217299081385136,0.03668525815010071,0.798053503036499
Anochetus_risii_CASENT0877609_processed.obj,H1_legs,0.009997092187404633,0.10472287237644196,0.030601078644394875,0.07412179559469223,0.18038438260555267,0.3491230905056,0.025621755048632622,0.029866667464375496,0.022433333098888397,0.09899919480085373,0.14910000562667847,0.07410000264644623,0.23263861238956451,0.41556668281555176,0.16153334081172943,0.5452857613563538,0.8318666815757751,0.40556666254997253,0.6900607347488403,0.2506333291530609,1.0,0.0,1.0,1.0,0.0,1.0,1.880457745073727e-08,0.0,0.8137977719306946,0.30792418122291565,0.0,0.0,0.0,0.0517561212182045,0.10533186793327332,0.057768262922763824,0.0,0.02921639196574688,0.07126081734895706,0.4325670599937439,0.02395966649055481,0.057082828134298325,0.4974689483642578,0.032586805522441864,0.08335404843091965,0.4475138187408447,0.025059185922145844,0.05156092718243599,0.42480212450027466,0.03248120844364166,0.08713659644126892,0.4169456660747528,0.04879031330347061,0.21819904446601868,0.356447696685791
Aphaenogaster_pallida_CASENT0745235_processed.obj,H1_legs,0.002025504829362035,0.05152950435876846,0.021768981590867043,0.02976052276790142,0.07440311461687088,0.1708124279975891,0.04549234360456467,0.04943333566188812,0.04213333502411842,0.16680051386356354,0.20229999721050262,0.14190000295639038,0.4149695634841919,0.48669999837875366,0.3616666793823242,0.9220502376556396,0.9742000102996826,0.8752000331878662,0.8046377301216125,0.11243333667516708,1.0,0.0,1.0,1.0,0.0,1.0,2.1459307220084156e-08,0.0,0.847295880317688,0.40003493428230286,0.0,0.0,0.0,0.016845161095261574,0.04408623278141022,0.01732814684510231,0.0,0.02412966638803482,0.054127320647239685,0.42605364322662354,0.02406659536063671,0.04855266213417053,0.37183618545532227,0.014218920841813087,0.02693779021501541,0.7486188411712646,0.020499713718891144,0.052488699555397034,0.6464380025863647,0.017975840717554092,0.04147184267640114,0.7174865007400513,0.02036159113049507,0.07243712246417999,0.7542579174041748
Atopomyrmex_mocquerysi_CASENT0744784_processed.obj,H1_legs,0.0018829730106517673,0.04093687981367111,0.015862811356782913,0.0250740684568882,0.07832887023687363,0.22083766758441925,0.13571709394454956,0.14239999651908875,0.1296333372592926,0.37045469880104065,0.4113333523273468,0.3369666635990143,0.6568180918693542,0.7347999811172485,0.5938000082969666,0.9254286289215088,0.972100019454956,0.8830333352088928,0.7078040242195129,0.23306666314601898,1.0,0.0,1.0,1.0,0.0,1.0,2.37264625724265e-08,0.0,0.8404719829559326,0.38935381174087524,0.0,0.0,0.0,0.025719638913869858,0.0784701406955719,0.03086775355041027,0.0,0.014259008690714836,0.03351825848221779,0.7555555701255798,0.01409349124878645,0.03102894313633442,0.742751955986023,0.01733865588903427,0.04533707723021507,0.6795580387115479,0.019620269536972046,0.049880556762218475,0.5883905291557312,0.020634500309824944,0.06486285477876663,0.6309554576873779,0.02283428981900215,0.08638958632946014,0.6934306621551514
Carebara_trechideros_CASENT0877591_processed.obj,H1_legs,0.003246550913900137,0.04906841367483139,0.01687987893819809,0.0321885347366333,0.12877631187438965,0.2791736423969269,0.129767045378685,0.1386333405971527,0.12196666747331619,0.3604774475097656,0.4127333462238312,0.3199666738510132,0.6349905133247375,0.7303333282470703,0.5616666674613953,0.8835912942886353,0.9535000324249268,0.8232333660125732,0.717072069644928,0.22553333640098572,1.0,0.0,1.0,1.0,0.0,1.0,2.330392057103836e-08,0.0,0.8405441045761108,0.4040927290916443,0.0,0.0,0.0,0.051019322127103806,0.09548753499984741,0.06139158084988594,0.0,0.013997186906635761,0.031438328325748444,0.7597701549530029,0.01149306632578373,0.023421259596943855,0.875747799873352,0.01155819371342659,0.030121518298983574,0.8922652006149292,0.013311367481946945,0.029316099360585213,0.8390501737594604,0.023360243067145348,0.06481017917394638,0.5742982625961304,0.019211795181035995,0.06705563515424728,0.7238442897796631
Centromyrmex_brachycola_CASENT0744052_processed.obj,H1_legs,0.0022581666707992554,0.05143183097243309,0.018921777606010437,0.03251005336642265,0.08481048047542572,0.1632501631975174,0.06642203032970428,0.07516666501760483,0.05950000137090683,0.2352318912744522,0.3206000030040741,0.18576666712760925,0.49160316586494446,0.6585000157356262,0.3921999931335449,0.8696197867393494,0.9539333581924438,0.7990000247955322,0.7081161737442017,0.23633334040641785,1.0,0.0,1.0,1.0,0.0,1.0,2.2429695434311725e-08,0.0,0.8462619185447693,0.42594605684280396,0.0,0.0,0.0,0.022249406203627586,0.0581437349319458,0.023082971572875977,0.0,0.020204436033964157,0.05068479850888252,0.6160919666290283,0.02492528408765793,0.05454517528414726,0.45006904006004333,0.014475942589342594,0.0298574510961771,0.7624309659004211,0.02240939438343048,0.04878587648272514,0.5329815745353699,0.014574487693607807,0.034193214029073715,0.7880504727363586,0.016699302941560745,0.05175086110830307,0.7652068138122559
Cephalotes_minutus_CASENT0709253_processed.obj,H1_legs,0.0017671352252364159,0.04936002194881439,0.021295804530382156,0.028064217418432236,0.06275217980146408,0.15844601392745972,0.04569535702466965,0.051500000059604645,0.041066668927669525,0.17687034606933594,0.22243332862854004,0.1467999964952469,0.45682233572006226,0.5568333268165588,0.3872666656970978,0.9125531315803528,0.9470666646957397,0.8804666996002197,0.7578988075256348,0.25940001010894775,1.0,0.0,1.0,1.0,0.0,1.0,2.2735674676255258e-08,0.0,0.8572575449943542,0.426538348197937,0.0,0.0,0.0,0.02640007995069027,0.06193898245692253,0.025823017582297325,0.0,0.024867670610547066,0.05435655266046524,0.4574712812900543,0.022251853719353676,0.04697037115693092,0.4979291260242462,0.011270486749708652,0.025260599330067635,0.8674033284187317,0.01813925802707672,0.0333244726061821,0.559366762638092,0.017103664577007294,0.041682131588459015,0.6847798228263855,0.011427739635109901,0.028998514637351036,0.8868613243103027
Cephalotes_simillimus_CASENT0744408_processed.obj,H1_legs,0.006111124064773321,0.08607302606105804,0.026151536032557487,0.059921491891145706,0.1269635707139969,0.19565926492214203,0.030111180618405342,0.03739999979734421,0.025200000032782555,0.11437353491783142,0.1966666728258133,0.08063333481550217,0.25392964482307434,0.503000020980835,0.16983333230018616,0.5927548408508301,0.8813666701316833,0.44653335213661194,0.5979524850845337,0.46133333444595337,1.0,0.0,1.0,1.0,0.0,1.0,2.0634621122894714e-08,0.0,0.8222333788871765,0.35454049706459045,0.0,0.0,0.0,0.02572937123477459,0.07083998620510101,0.027056148275732994,0.0,0.028473325073719025,0.07620012015104294,0.48314177989959717,0.03756320849061012,0.09557533264160156,0.32949838042259216,0.028660213574767113,0.06486091017723083,0.3591160476207733,0.019378170371055603,0.038532380014657974,0.5488126873970032,0.022457551211118698,0.054276276379823685,0.5382436513900757,0.017986668273806572,0.029652811586856842,0.6119221448898315
Cephalotes_spinosus_CASENT0744158_processed.obj,H1_legs,0.002890269970521331,0.061874717473983765,0.02530994452536106,0.036564771085977554,0.08294708281755447,0.15532028675079346,0.04206337034702301,0.04833333566784859,0.03723333403468132,0.15157127380371094,0.20356667041778564,0.1207333356142044,0.36406248807907104,0.4749999940395355,0.2951333224773407,0.8069375157356262,0.8925666809082031,0.736299991607666,0.7262825965881348,0.23813334107398987,1.0,0.0,1.0,1.0,0.0,1.0,2.2549173195329786e-08,0.0,0.8530125021934509,0.40580710768699646,0.0,0.0,0.0,0.035335540771484375,0.0734996646642685,0.03513374552130699,0.0,0.03209618106484413,0.07675326615571976,0.34022989869117737,0.026868076995015144,0.06518441438674927,0.4560515582561493,0.017411867156624794,0.03654737398028374,0.6933701634407043,0.01646037958562374,0.03573423996567726,0.6992084980010986,0.014834493398666382,0.03590504080057144,0.7514808177947998,0.013621009886264801,0.03222091123461723,0.8114355206489563
Crematogaster_nawai_OKENT0105046_processed.obj,H1_legs,0.0037485884968191385,0.06606300175189972,0.023065214976668358,0.04299778863787651,0.10067785531282425,0.24823008477687836,0.04914692044258118,0.05636666715145111,0.043566666543483734,0.17615513503551483,0.25886666774749756,0.13349999487400055,0.37381672859191895,0.5561000108718872,0.2815333306789398,0.7572526931762695,0.9096333384513855,0.6485999822616577,0.6292832493782043,0.3986000120639801,1.0,0.0,1.0,1.0,0.0,1.0,2.182356695357157e-08,0.0,0.8459179997444153,0.39026057720184326,0.0,0.0,0.0,0.0611325167119503,0.23410801589488983,0.06999831646680832,0.0,0.020069915801286697,0.04695763811469078,0.5946360230445862,0.03371167182922363,0.07613848894834518,0.34652554988861084,0.033232562243938446,0.0972672775387764,0.480663001537323,0.025007883086800575,0.06335759162902832,0.4828496277332306,0.01744023896753788,0.04583508521318436,0.7015194296836853,0.01880532130599022,0.05180192366242409,0.6326034069061279
Cryptopone_sauteri_CASENT0743771_processed.obj,H1_legs,0.0038198670372366905,0.06735369563102722,0.025037623941898346,0.042316071689128876,0.1066649854183197,0.22060897946357727,0.0437445268034935,0.05013333261013031,0.03880000114440918,0.1625996083021164,0.2214333415031433,0.1284666657447815,0.3631744682788849,0.4880000054836273,0.2892000079154968,0.7728007435798645,0.9032666683197021,0.675266683101654,0.6889072060585022,0.27846667170524597,1.0,0.0,1.0,1.0,0.0,1.0,2.2409297528724892e-08,0.0,0.8500921726226807,0.41896525025367737,0.0,0.0,0.0,0.02434621751308441,0.0703095868229866,0.02542560175061226,0.0,0.028691314160823822,0.07076972723007202,0.37931033968925476,0.023459525778889656,0.05273931473493576,0.5135757327079773,0.015544197522103786,0.04409493878483772,0.7955801486968994,0.030544664710760117,0.06782543659210205,0.37730872631073,0.018641624599695206,0.04896979033946991,0.6634045839309692,0.009339268319308758,0.023513803258538246,0.9233576655387878
Cyphoidris_afrc-tz01_CASENT0744810_processed.obj,H1_legs,0.019298624247312546,0.14586058259010315,0.033208560198545456,0.1126520186662674,0.24609829485416412,0.36397719383239746,0.012280977331101894,0.015133333392441273,0.010333333164453506,0.048828065395355225,0.093299999833107,0.03306666761636734,0.12517182528972626,0.34076666831970215,0.07666666805744171,0.340326726436615,0.786633312702179,0.2171333283185959,0.5248526334762573,0.5011333227157593,1.0,0.0,1.0,1.0,0.0,1.0,1.7598146939690196e-08,0.0,0.7875041365623474,0.26040250062942505,0.0,0.0,0.0,0.03889698162674904,0.09179015457630157,0.04591202735900879,0.0,0.030428633093833923,0.07051277905702591,0.37816092371940613,0.0344056636095047,0.08228076994419098,0.3248964548110962,0.03851170837879181,0.09625180810689926,0.30662983655929565,0.020573129877448082,0.04744032770395279,0.5883905291557312,0.03405165299773216,0.07213615626096725,0.3247489035129547,0.03646665811538696,0.08749762177467346,0.30656933784484863
Cyphomyrmex_cf.minutus_CASENT0744280_processed.obj,H1_legs,0.019590388983488083,0.14963868260383606,0.036306753754615784,0.11333193629980087,0.24058052897453308,0.38559490442276,0.01072247140109539,0.013333333656191826,0.008966666646301746,0.04606514796614647,0.08720000088214874,0.031300000846385956,0.1151212602853775,0.3320000171661377,0.06963333487510681,0.307054340839386,0.7640666961669922,0.1921333372592926,0.5325843095779419,0.4699999988079071,1.0,0.0,1.0,1.0,0.0,1.0,1.76389445272207e-08,0.0,0.789202094078064,0.2801884412765503,0.0,0.0,0.0,0.12074056267738342,0.25822803378105164,0.13116420805454254,0.0,0.02901196852326393,0.06621737778186798,0.40229886770248413,0.044538889080286026,0.12032651156187057,0.3276576101779938,0.04702631011605263,0.11933006346225739,0.19337017834186554,0.03782682493329048,0.0819280743598938,0.3139841854572296,0.040147390216588974,0.08976323902606964,0.274014949798584,0.03587719798088074,0.08423076570034027,0.3479318618774414
Dilobocondyla_fouqueti_CASENT0745576_processed.obj,H1_legs,0.004047191236168146,0.07161826640367508,0.02738373726606369,0.04423452913761139,0.10462192445993423,0.2793506383895874,0.031197061762213707,0.03610000014305115,0.0274666678160429,0.12124335020780563,0.16856667399406433,0.09466666728258133,0.30764448642730713,0.43943333625793457,0.23666666448116302,0.7446683049201965,0.8714333176612854,0.6500999927520752,0.6820511817932129,0.2571333348751068,1.0,0.0,1.0,1.0,0.0,1.0,2.1561300300732e-08,0.0,0.8443261981010437,0.3982478380203247,0.0,0.0,0.0,0.020289447158575058,0.036535490304231644,0.021377425640821457,0.0,0.029797106981277466,0.061399247497320175,0.34252873063087463,0.036542292684316635,0.07236707210540771,0.29958581924438477,0.01889665052294731,0.038447216153144836,0.610497236251831,0.023226670920848846,0.05942203849554062,0.5435356497764587,0.01895242929458618,0.043191999197006226,0.6183363199234009,0.02270258031785488,0.06679623574018478,0.6423357725143433
Dorylus_fulvus_CASENT0745678_processed.obj,H1_legs,0.001755508128553629,0.04590587690472603,0.01763385906815529,0.02827201783657074,0.07152573764324188,0.1713051199913025,0.09118687361478806,0.10106667131185532,0.0830666646361351,0.281106561422348,0.3511333465576172,0.23436667025089264,0.5354145765304565,0.6610666513442993,0.4499000012874603,0.9071701765060425,0.9809666872024536,0.8436999917030334,0.7029626369476318,0.2718333303928375,1.0,0.0,1.0,1.0,0.0,1.0,2.4644402074613936e-08,0.0,0.8481731414794922,0.41331401467323303,0.0,0.0,0.0,0.021649034693837166,0.03935262933373451,0.022676901891827583,0.0,0.016869138926267624,0.04439154639840126,0.7034482955932617,0.025608904659748077,0.0482337661087513,0.3502070903778076,0.023952577263116837,0.06302893161773682,0.5883978009223938,0.018541088327765465,0.03671525791287422,0.6094986796379089,0.01584536023437977,0.039195600897073746,0.7288179397583008,0.018740732222795486,0.057456500828266144,0.7250608205795288
Eciton_hamatum_CASENT0744580_processed.obj,H1_legs,0.0025966186076402664,0.049708522856235504,0.02249392867088318,0.027214592322707176,0.07650668174028397,0.3067695200443268,0.09396126866340637,0.09946666657924652,0.0890333354473114,0.2783651053905487,0.3032333254814148,0.25726667046546936,0.5573081970214844,0.5889000296592712,0.5289333462715149,0.8944005966186523,0.9110666513442993,0.878333330154419,0.6245266199111938,0.3505000174045563,1.0,0.0,1.0,1.0,0.0,1.0,2.2616198691594036e-08,0.0,0.8373525738716125,0.3738851547241211,0.0,0.0,0.0,0.06381010264158249,0.12658607959747314,0.07370992749929428,0.0,0.018345441669225693,0.04537225887179375,0.6398467421531677,0.030780475586652756,0.07198688387870789,0.43580305576324463,0.02746610902249813,0.06731786578893661,0.43922653794288635,0.030203646048903465,0.05887216329574585,0.34036940336227417,0.021348217502236366,0.05397640913724899,0.5797064304351807,0.04673472046852112,0.24971574544906616,0.7068126201629639
Ectatomma_brunneum_CASENT0744575_processed.obj,H1_legs,0.01072252169251442,0.1132994145154953,0.03714988753199577,0.07614952325820923,0.17392562329769135,0.41679972410202026,0.018565425649285316,0.020899999886751175,0.016699999570846558,0.07699072360992432,0.11730000376701355,0.05730000138282776,0.1876755654811859,0.3533666729927063,0.1277666687965393,0.4941415786743164,0.7373999953269958,0.37156668305397034,0.6656305193901062,0.2946999967098236,1.0,0.0,1.0,1.0,0.0,1.0,1.7551522901726457e-08,0.0,0.8090373277664185,0.32000380754470825,0.0,0.0,0.0,0.03890623152256012,0.07203279435634613,0.04291839897632599,0.0,0.048288118094205856,0.10642369091510773,0.21954023838043213,0.042562924325466156,0.09746501594781876,0.3258168399333954,0.02979978173971176,0.05460358038544655,0.3149171471595764,0.020473821088671684,0.036980535835027695,0.5039578080177307,0.024348732084035873,0.061942026019096375,0.5271697044372559,0.031293321400880814,0.08171147853136063,0.43065693974494934
Eurhopalothrix_procera_CASENT0745605_processed.obj,H1_legs,0.008492357097566128,0.09862671792507172,0.031888190656900406,0.06673852354288101,0.16325795650482178,0.3754027783870697,0.027520252391695976,0.033266667276620865,0.023466667160391808,0.10617855936288834,0.17080000042915344,0.07703333348035812,0.24054905772209167,0.4311999976634979,0.16680000722408295,0.5648013353347778,0.8104333281517029,0.43343332409858704,0.5486305356025696,0.3874666690826416,1.0,0.0,1.0,1.0,0.0,1.0,1.9821593255642256e-08,0.0,0.827302098274231,0.34588778018951416,0.0,0.0,0.0,0.055940330028533936,0.1748085618019104,0.06930765509605408,0.0,0.027784273028373718,0.07420165836811066,0.492337167263031,0.036739371716976166,0.08562944829463959,0.3069489300251007,0.01917867362499237,0.045991748571395874,0.6049724221229553,0.01892736181616783,0.05303316190838814,0.6833773255348206,0.0302157923579216,0.10254465788602829,0.4908576011657715,0.041731033474206924,0.1060943603515625,0.3527980446815491
Heteroponera_panamensis_CASENT0744055_processed.obj,H1_legs,0.01565413363277912,0.13395270705223083,0.03552232310175896,0.09843038767576218,0.21244840323925018,0.34670937061309814,0.015864351764321327,0.019033333286643028,0.01360000018030405,0.06464976817369461,0.11163333803415298,0.045499999076128006,0.15950220823287964,0.36996665596961975,0.10166666656732559,0.39435237646102905,0.7675999999046326,0.2653333246707916,0.605472207069397,0.4062666594982147,1.0,0.0,1.0,1.0,0.0,1.0,1.7854587142096534e-08,0.0,0.7790372371673584,0.280081570148468,0.0,0.0,0.0,0.030743112787604332,0.06373777985572815,0.03269124776124954,0.0,0.03449033573269844,0.10106076300144196,0.4042145609855652,0.04884004965424538,0.11253473162651062,0.2742752134799957,0.03824327513575554,0.09624088555574417,0.295580118894577,0.030101463198661804,0.05603516101837158,0.2612137198448181,0.03198530897498131,0.08052154630422592,0.3644089698791504,0.03707630932331085,0.0843721479177475,0.38807785511016846
Labidus_praedator_CASENT0744236_processed.obj,H1_legs,0.00630619190633297,0.07437220960855484,0.03694929555058479,0.03742291405797005,0.12093544751405716,0.5613713264465332,0.08737410604953766,0.09126666933298111,0.08380000293254852,0.2433670312166214,0.2623666822910309,0.2269333302974701,0.4409491717815399,0.46916666626930237,0.4159333407878876,0.7424482107162476,0.7387666702270508,0.7461666464805603,0.6183314323425293,0.3618333339691162,1.0,0.0,1.0,1.0,0.0,1.0,2.2397641075144747e-08,0.0,0.828411877155304,0.3710133731365204,0.0,0.0,0.0,0.07261332869529724,0.15296941995620728,0.07485431432723999,0.0,0.03175637125968933,0.09700172394514084,0.507662832736969,0.07992390543222427,0.16666072607040405,0.0736309289932251,0.07038708031177521,0.15533410012722015,0.2983425557613373,0.04360140115022659,0.08984841406345367,0.1556728333234787,0.01896209642291069,0.050151534378528595,0.6371362209320068,0.017956269904971123,0.06489238142967224,0.7250608205795288
Labidus_praedator_CASENT0744237_processed.obj,H1_legs,0.0035907509736716747,0.05947849154472351,0.020544376224279404,0.03893411532044411,0.11452274024486542,0.2454759180545807,0.052984174340963364,0.05990000069141388,0.04749999940395355,0.1971140205860138,0.26466667652130127,0.15703333914279938,0.4951968491077423,0.6537666916847229,0.39853334426879883,0.8274930119514465,0.9377000331878662,0.7404666543006897,0.7165223956108093,0.23786666989326477,1.0,0.0,1.0,1.0,0.0,1.0,2.0515145138233493e-08,0.0,0.8243774771690369,0.34366580843925476,0.0,0.0,0.0,0.01969832368195057,0.0407499298453331,0.02088773064315319,0.0,0.017959551885724068,0.039249494671821594,0.6693486571311951,0.028322938829660416,0.07578174024820328,0.4413253664970398,0.026211781427264214,0.06228497624397278,0.4751381278038025,0.025781119242310524,0.06341351568698883,0.49604225158691406,0.018630163744091988,0.04888090863823891,0.6919907331466675,0.034226614981889725,0.10905483365058899,0.5364963412284851
Lasius_nr._fuliginosus_CASENT0878037_processed.obj,H1_legs,0.0012077855644747615,0.03994894027709961,0.016909053549170494,0.023039884865283966,0.05180911719799042,0.19374461472034454,0.06653307378292084,0.07223333418369293,0.061666667461395264,0.2530468702316284,0.3058333396911621,0.21580000221729279,0.5848507285118103,0.6780666708946228,0.5141666531562805,0.9693391919136047,0.9972666501998901,0.9429333209991455,0.7934528589248657,0.1568666696548462,1.0,0.0,1.0,1.0,0.0,1.0,2.0838607284190402e-08,0.0,0.8441239595413208,0.38076597452163696,0.0,0.0,0.0,0.032047346234321594,0.08720547705888748,0.03237779438495636,0.0,0.01677134819328785,0.036707233637571335,0.6915708780288696,0.0215618796646595,0.04114961624145508,0.5213990211486816,0.015879163518548012,0.03088592179119587,0.7375690937042236,0.02164008468389511,0.04376618564128876,0.5145118832588196,0.012288789264857769,0.02837889827787876,0.8550090193748474,0.009390093386173248,0.02214384265244007,0.9282238483428955
Lioponera_daikoku_OKENT0105067_processed.obj,H1_legs,0.012669363059103489,0.12187894433736801,0.03625963628292084,0.08561930805444717,0.18738669157028198,0.3771221339702606,0.02034762129187584,0.02436666749417782,0.01746666617691517,0.07794132828712463,0.12993332743644714,0.055666666477918625,0.1806740015745163,0.3737333416938782,0.11913333833217621,0.4401375949382782,0.7378666996955872,0.31360000371932983,0.5915889143943787,0.4381333291530609,1.0,0.0,1.0,1.0,0.0,1.0,1.9457331745798e-08,0.0,0.7773842215538025,0.276611864566803,0.0,0.0,0.0,0.060519590973854065,0.134965181350708,0.06262779980897903,0.0,0.032921310514211655,0.07572914659976959,0.3980843126773834,0.04471975564956665,0.11420854926109314,0.30464795231819153,0.043664395809173584,0.10967152565717697,0.28176796436309814,0.027143515646457672,0.0641089454293251,0.4511873424053192,0.03792710229754448,0.0929696187376976,0.34535154700279236,0.036250039935112,0.09681633859872818,0.34306567907333374
Mayriella_sp._CASENT0745610_processed.obj,H1_legs,0.008160781115293503,0.0958300530910492,0.02744114212691784,0.0683889091014862,0.1534889191389084,0.3635920286178589,0.024419564753770828,0.02969999983906746,0.020733334124088287,0.09348616749048233,0.16200000047683716,0.065700002014637,0.22529464960098267,0.4639666676521301,0.1487666666507721,0.5565046668052673,0.8669666647911072,0.40976667404174805,0.6180954575538635,0.44013333320617676,1.0,0.0,1.0,1.0,0.0,1.0,2.0640449349684786e-08,0.0,0.8313076496124268,0.35597577691078186,0.0,0.0,0.0,0.025665635243058205,0.0541868731379509,0.02649686112999916,0.0,0.02981983684003353,0.07257166504859924,0.4409961700439453,0.03560939431190491,0.08266014605760574,0.37183618545532227,0.034882768988609314,0.08723539859056473,0.3977900743484497,0.022288210690021515,0.046313121914863586,0.5303430557250977,0.022607140243053436,0.05259772390127182,0.5271697044372559,0.026365604251623154,0.07251234352588654,0.4489051103591919
Mesoponera_ambigua_CASENT0745584_processed.obj,H1_legs,0.010326914489269257,0.10428072512149811,0.026559315621852875,0.07772140949964523,0.1747703105211258,0.3785306215286255,0.028531115502119064,0.035100001841783524,0.024033334106206894,0.1032838374376297,0.17440000176429749,0.0733666643500328,0.23682525753974915,0.4796000123023987,0.1572333425283432,0.5325645208358765,0.886900007724762,0.3805333375930786,0.6225075721740723,0.4074000120162964,1.0,0.0,1.0,1.0,0.0,1.0,1.9259175587649224e-08,0.0,0.7993727326393127,0.28525155782699585,0.0,0.0,0.0,0.06465473771095276,0.16872644424438477,0.06790058314800262,0.0,0.027254661545157433,0.07296878844499588,0.49425289034843445,0.033567484468221664,0.07219911366701126,0.32811781764030457,0.025251632556319237,0.05994762107729912,0.45303869247436523,0.034730229526758194,0.0812215656042099,0.35356202721595764,0.023537246510386467,0.0552404411137104,0.5467422008514404,0.04297461733222008,0.12853628396987915,0.3540146052837372
Myrmecina_ryukyuensis_OKENT0105085_processed.obj,H1_legs,0.0028373505920171738,0.05814144015312195,0.023539109155535698,0.0346023291349411,0.08193191885948181,0.3343665599822998,0.05088644102215767,0.056333333253860474,0.04639999940991402,0.18436603248119354,0.23633334040641785,0.15113332867622375,0.4080229103565216,0.5081333518028259,0.34086668491363525,0.8512943387031555,0.9229000210762024,0.7900000214576721,0.7276151180267334,0.22689999639987946,1.0,0.0,1.0,1.0,0.0,1.0,2.2097491836348127e-08,0.0,0.8458161950111389,0.38378798961639404,0.0,0.0,0.0,0.03135012835264206,0.0775671899318695,0.03354049101471901,0.0,0.025820579379796982,0.05500253289937973,0.437547892332077,0.02785697765648365,0.057907234877347946,0.4399447739124298,0.01832146942615509,0.06512033194303513,0.7790055274963379,0.02494741603732109,0.057652004063129425,0.46174144744873047,0.016735784709453583,0.04546290636062622,0.7195467352867126,0.016382379457354546,0.04423513263463974,0.7627736926078796
Myrmecina_sp._CASENT0745613_processed.obj,H1_legs,0.005853169597685337,0.08462010324001312,0.029973654076457024,0.05464644730091095,0.13654227554798126,0.25200116634368896,0.023988820612430573,0.026766667142510414,0.02173333428800106,0.0985633060336113,0.13606667518615723,0.07726667076349258,0.2417401224374771,0.3634333312511444,0.181099995970726,0.6815975308418274,0.8657000064849854,0.5620666742324829,0.7263897061347961,0.24629999697208405,1.0,0.0,1.0,1.0,0.0,1.0,1.9943984241876933e-08,0.0,0.840715765953064,0.36742088198661804,0.0,0.0,0.0,0.028274156153202057,0.04732590913772583,0.02844410017132759,0.0,0.0318787507712841,0.06340614706277847,0.31149426102638245,0.02985028550028801,0.06653299927711487,0.3842613995075226,0.021323833614587784,0.057591501623392105,0.6049724221229553,0.029704594984650612,0.06483597308397293,0.3456464409828186,0.021336087957024574,0.0536675862967968,0.5907803177833557,0.04794406145811081,0.20909236371517181,0.5182482004165649
Nesomyrmex_angulatus_CASENT0744820_processed.obj,H1_legs,0.008002662099897861,0.09559855610132217,0.025134621188044548,0.07046393305063248,0.1512477844953537,0.27174121141433716,0.029494429007172585,0.03720000013709068,0.024433333426713943,0.10662450641393661,0.19433332979679108,0.07346666604280472,0.23239918053150177,0.5160666704177856,0.14996667206287384,0.5321294665336609,0.8923333287239075,0.3790999948978424,0.6007161736488342,0.36836665868759155,1.0,0.0,1.0,1.0,0.0,1.0,2.0474347550702987e-08,0.0,0.8118266463279724,0.33593592047691345,0.0,0.0,0.0,0.06583217531442642,0.2801734507083893,0.06748390197753906,0.0,0.03424983099102974,0.08610160648822784,0.4084291160106659,0.024055520072579384,0.05321897938847542,0.47860100865364075,0.027410371229052544,0.055771246552467346,0.3535911738872528,0.02592572569847107,0.0471629723906517,0.38786280155181885,0.018288563936948776,0.04312094300985336,0.6711305975914001,0.020371846854686737,0.039043128490448,0.5644769072532654
Odontomachus_troglodytes_CASENT0744970_processed.obj,H1_legs,0.0016762627055868506,0.04296399652957916,0.016852404922246933,0.02611158974468708,0.0703616589307785,0.2591412365436554,0.096582792699337,0.10506666451692581,0.08936666697263718,0.30588018894195557,0.36656665802001953,0.26243335008621216,0.6044882535934448,0.7140666842460632,0.524066686630249,0.9129216074943542,0.9724000096321106,0.8603000044822693,0.726736307144165,0.18023332953453064,1.0,0.0,1.0,1.0,0.0,1.0,2.2353928486040786e-08,0.0,0.8382769823074341,0.39974549412727356,0.0,0.0,0.0,0.04137561097741127,0.09994454681873322,0.04258349910378456,0.0,0.015932561829686165,0.03873903304338455,0.7229885458946228,0.016166258603334427,0.04854808747768402,0.7758858799934387,0.02750985324382782,0.05916927382349968,0.3093922734260559,0.027185572311282158,0.05308482050895691,0.39050132036209106,0.016751430928707123,0.041752904653549194,0.7048673629760742,0.017914075404405594,0.0776389092206955,0.7956204414367676
Oxyopomyrmex_saulcyi_CASENT0745218_processed.obj,H1_legs,0.004709615837782621,0.07113875448703766,0.02114948257803917,0.04998927563428879,0.1302616149187088,0.2801806926727295,0.037511128932237625,0.044599998742341995,0.032366666942834854,0.1462782770395279,0.2235666662454605,0.10869999974966049,0.33761000633239746,0.5638666749000549,0.24093332886695862,0.7257391810417175,0.9574333429336548,0.5843333601951599,0.60503751039505,0.47716668248176575,1.0,0.0,1.0,1.0,0.0,1.0,2.0386924148851904e-08,0.0,0.837611734867096,0.3794345259666443,0.0,0.0,0.0,0.011448221281170845,0.027179837226867676,0.013028135523200035,0.0,0.0214815903455019,0.04264677315950394,0.5080459713935852,0.025327421724796295,0.06118905171751976,0.47998160123825073,0.02841181308031082,0.09092152863740921,0.5635359287261963,0.031513385474681854,0.06260518729686737,0.3509235084056854,0.014319339767098427,0.0320018008351326,0.8179243206977844,0.010947383008897305,0.021744048222899437,0.9172749519348145
Polyrhachis_decemdentata_CASENT0744779_processed.obj,H1_legs,0.005682496353983879,0.07999248802661896,0.025460705161094666,0.054531779140233994,0.1317652314901352,0.35172897577285767,0.03172198683023453,0.03759999945759773,0.027433333918452263,0.11779265105724335,0.18016666173934937,0.08749999850988388,0.28285282850265503,0.4675000011920929,0.20276667177677155,0.6827222108840942,0.9019333720207214,0.5492333173751831,0.6293218731880188,0.35993334650993347,1.0,0.0,1.0,1.0,0.0,1.0,2.0995967631165513e-08,0.0,0.825464129447937,0.36811885237693787,0.0,0.0,0.0,0.0821036547422409,0.1913285106420517,0.11780261248350143,0.0,0.023326927796006203,0.05663568526506424,0.5279693603515625,0.03295676037669182,0.06395979225635529,0.2526461184024811,0.022193240001797676,0.07187668234109879,0.6436464190483093,0.032252486795186996,0.05740770697593689,0.31926122307777405,0.021071458235383034,0.05393319949507713,0.6080350279808044,0.019895292818546295,0.040957704186439514,0.5802919864654541
Polyrhachis_dives_CASENT0878093_processed.obj,H1_legs,0.012629766017198563,0.11407648026943207,0.028073564171791077,0.08600291609764099,0.2014656662940979,0.34002918004989624,0.0248749777674675,0.029633333906531334,0.021433332934975624,0.09705294668674469,0.16279999911785126,0.06913333386182785,0.22593353688716888,0.47076666355133057,0.14863333106040955,0.5036078691482544,0.8482999801635742,0.3580999970436096,0.7011749148368835,0.3517000079154968,1.0,0.0,1.0,1.0,0.0,1.0,1.7583577260893435e-08,0.0,0.7944777011871338,0.25617846846580505,0.0,0.0,0.0,0.06782478839159012,0.2420547604560852,0.07455267757177353,0.0,0.03166370093822479,0.07832061499357224,0.4218390882015228,0.02804482914507389,0.06904604285955429,0.43488267064094543,0.05663648620247841,0.13282114267349243,0.18508288264274597,0.03261006250977516,0.07069841772317886,0.3509235084056854,0.022279758006334305,0.058378174901008606,0.577903687953949,0.04753274843096733,0.13846302032470703,0.22141118347644806
Ponera_kohmoku_OKENT0105440_processed.obj,H1_legs,0.003808016888797283,0.06534432619810104,0.023904891684651375,0.04143943637609482,0.09945668280124664,0.26725825667381287,0.050852980464696884,0.058400001376867294,0.04503333568572998,0.17131653428077698,0.241633340716362,0.13269999623298645,0.3845774233341217,0.5577333569526672,0.2934666574001312,0.7842991352081299,0.9106000065803528,0.6887666583061218,0.6373330950737,0.3810666799545288,1.0,0.0,1.0,1.0,0.0,1.0,2.1707004194126966e-08,0.0,0.8414751887321472,0.38496503233909607,0.0,0.0,0.0,0.015847453847527504,0.03250282257795334,0.016765158623456955,0.0,0.023022672161459923,0.05326923727989197,0.5103448629379272,0.02646506391465664,0.0584065280854702,0.41693511605262756,0.0234012883156538,0.06525538861751556,0.6049724221229553,0.021421508863568306,0.04159833490848541,0.4670184850692749,0.02217116206884384,0.07486553490161896,0.666237473487854,0.024484407156705856,0.06952351331710815,0.5766423344612122
Ponera_tamon_OKENT0105154_processed.obj,H1_legs,0.0016116481274366379,0.044456228613853455,0.018028585240244865,0.02642764523625374,0.06525266915559769,0.14625950157642365,0.08025702834129333,0.09113333374261856,0.07169999927282333,0.26759660243988037,0.3408333361148834,0.2202666699886322,0.5358366370201111,0.664900004863739,0.4487333297729492,0.9246221780776978,0.9637666940689087,0.888533353805542,0.6935968399047852,0.2660333216190338,1.0,0.0,1.0,1.0,0.0,1.0,2.380222596798376e-08,0.0,0.8452272415161133,0.40770819783210754,0.0,0.0,0.0,0.032790523022413254,0.07115447521209717,0.03488420322537422,0.0,0.018858527764678,0.04836435243487358,0.642528772354126,0.015094167552888393,0.037049975246191025,0.7450529336929321,0.009232384152710438,0.018826520070433617,0.9834254384040833,0.01439171377569437,0.033885613083839417,0.833773136138916,0.02050059475004673,0.05001154914498329,0.5864022970199585,0.023994890972971916,0.09509531408548355,0.7055960893630981
Pseudolasius_sp._CASENT0878065_processed.obj,H1_legs,0.0084595438092947,0.09554559737443924,0.028185127303004265,0.06736046820878983,0.1634669005870819,0.3781210780143738,0.019179226830601692,0.022833334282040596,0.01653333380818367,0.0805414542555809,0.131400004029274,0.05806666612625122,0.2188221663236618,0.42563334107398987,0.1472666710615158,0.6053667068481445,0.8634333610534668,0.4660666584968567,0.7050844430923462,0.25,1.0,0.0,1.0,1.0,0.0,1.0,2.0019751190147872e-08,0.0,0.8308824300765991,0.3219713270664215,0.0,0.0,0.0,0.10110899806022644,0.16593852639198303,0.11122853308916092,0.0,0.030715011060237885,0.0679478570818901,0.3383141756057739,0.020908469334244728,0.056131765246391296,0.6433502435684204,0.028420697897672653,0.0819450318813324,0.4751381278038025,0.016319023445248604,0.033261384814977646,0.7097625732421875,0.032304972410202026,0.08532397449016571,0.42801958322525024,0.027510380372405052,0.06771868467330933,0.4720194637775421
Pseudomyrmex_cf.solis_CASENT0744065_processed.obj,H1_legs,0.003108211327344179,0.06007399410009384,0.023285619914531708,0.036788374185562134,0.09415500611066818,0.15565666556358337,0.07595241069793701,0.08406666666269302,0.0692666694521904,0.23521776497364044,0.2965666651725769,0.1949000060558319,0.4438207447528839,0.5741000175476074,0.3617333471775055,0.7969215512275696,0.8998333215713501,0.7151333689689636,0.6197113990783691,0.34139999747276306,1.0,0.0,1.0,1.0,0.0,1.0,2.3362202838939083e-08,0.0,0.840584397315979,0.39282211661338806,0.0,0.0,0.0,0.03972329571843147,0.08216401189565659,0.039876364171504974,0.0,0.018172765150666237,0.04739600047469139,0.6643678545951843,0.03104817494750023,0.07318418473005295,0.38610216975212097,0.024360936135053635,0.06347376108169556,0.5497238039970398,0.022893894463777542,0.055984023958444595,0.5514512062072754,0.025136714801192284,0.07057289779186249,0.5302601456642151,0.017751719802618027,0.048269398510456085,0.7189781069755554
Solenopsis_invicta_CASENT0744384_processed.obj,H1_legs,0.006619857158511877,0.08483812212944031,0.0247028861194849,0.060135237872600555,0.14137917757034302,0.33765286207199097,0.02631252631545067,0.031166667118668556,0.02276666648685932,0.10974588245153427,0.17949999868869781,0.07903333753347397,0.26432064175605774,0.5214000344276428,0.17703333497047424,0.6283065676689148,0.8982000350952148,0.48313334584236145,0.5743725299835205,0.4459666609764099,1.0,0.0,1.0,1.0,0.0,1.0,2.131360332668919e-08,0.0,0.8288217782974243,0.3399727940559387,0.0,0.0,0.0,0.06637376546859741,0.11036261171102524,0.08284517377614975,0.0,0.02459063194692135,0.06315089017152786,0.5417624711990356,0.029286609962582588,0.06041118875145912,0.38702255487442017,0.028252769261598587,0.06472139060497284,0.4364641010761261,0.022505203261971474,0.0398741252720356,0.4643799662590027,0.0237843319773674,0.05417280271649361,0.517641007900238,0.03163279592990875,0.10341194272041321,0.5474452376365662
Stigmatomma_FHG02_CASENT0745561_processed.obj,H1_legs,0.007791558746248484,0.09074675291776657,0.028127698227763176,0.06261905282735825,0.16185905039310455,0.34856733679771423,0.03625478968024254,0.04153333231806755,0.03216666728258133,0.13772271573543549,0.19923333823680878,0.105233334004879,0.3049205541610718,0.4706999957561493,0.22550000250339508,0.6376502513885498,0.8446666598320007,0.5121333599090576,0.6636060476303101,0.3192000091075897,1.0,0.0,1.0,1.0,0.0,1.0,2.0625879670888025e-08,0.0,0.8239489197731018,0.32477957010269165,0.0,0.0,0.0,0.033715322613716125,0.08344762027263641,0.03488358110189438,0.0,0.02919173240661621,0.07237699627876282,0.44712644815444946,0.029087243601679802,0.057405076920986176,0.3672342300415039,0.028966113924980164,0.10323154926300049,0.6187845468521118,0.028626088052988052,0.05851747468113899,0.42480212450027466,0.026512540876865387,0.0688505694270134,0.5173834562301636,0.031866807490587234,0.10203281044960022,0.5340632796287537
Strumigenys_alberti_CASENT0878103_processed.obj,H1_legs,0.0112605020403862,0.11034222692251205,0.03042108565568924,0.07992114126682281,0.1960185170173645,0.3854774534702301,0.022658323869109154,0.027166666463017464,0.019433334469795227,0.0861075222492218,0.14300000667572021,0.06159999966621399,0.20385846495628357,0.413266658782959,0.13529999554157257,0.49830320477485657,0.8297666907310486,0.35606667399406433,0.518273651599884,0.4836333394050598,1.0,0.0,1.0,1.0,0.0,1.0,1.9031876519193247e-08,0.0,0.8095680475234985,0.32068952918052673,0.0,0.0,0.0,0.13271860778331757,0.40222465991973877,0.13817079365253448,0.0,0.02824610285460949,0.07311330735683441,0.43448275327682495,0.03810941427946091,0.08930104225873947,0.30050620436668396,0.026523727923631668,0.06298518180847168,0.480663001537323,0.0299376193434,0.06212620064616203,0.3298153281211853,0.026429176330566406,0.07257281988859177,0.509399950504303,0.031157642602920532,0.07447301596403122,0.38077858090400696
Strumigenys_canina_OKENT0105288_processed.obj,H1_legs,0.005617076996713877,0.07929416745901108,0.026842912659049034,0.052451252937316895,0.13354304432868958,0.4874846637248993,0.03452981635928154,0.039233334362506866,0.030833333730697632,0.12232372164726257,0.17303334176540375,0.09459999948740005,0.2838352620601654,0.4376000165939331,0.2100333422422409,0.6978150010108948,0.885366678237915,0.5758333206176758,0.6912246346473694,0.3762666583061218,1.0,0.0,1.0,1.0,0.0,1.0,2.0235392028666865e-08,0.0,0.8301717042922974,0.3652811348438263,0.0,0.0,0.0,0.029256271198391914,0.0688772052526474,0.03173637017607689,0.0,0.02611035481095314,0.06077830120921135,0.43831419944763184,0.02486102469265461,0.06133979931473732,0.49286702275276184,0.022376276552677155,0.05770378187298775,0.571823239326477,0.02187531255185604,0.04166460409760475,0.448548823595047,0.024076562374830246,0.0704708844423294,0.5691475868225098,0.035532571375370026,0.09921679645776749,0.3552311360836029
Strumigenys_crassicornis_CASENT0744273_processed.obj,H1_legs,0.008713430725038052,0.10055232048034668,0.03002079762518406,0.07053152471780777,0.16281360387802124,0.34949991106987,0.024248890578746796,0.029333334416151047,0.020666666328907013,0.09106337279081345,0.15559999644756317,0.0643666684627533,0.22384467720985413,0.4273666739463806,0.1516333371400833,0.5408026576042175,0.8230666518211365,0.4027000069618225,0.6237460970878601,0.3178666830062866,1.0,0.0,1.0,1.0,0.0,1.0,1.9483559654531746e-08,0.0,0.8341493010520935,0.3503012955188751,0.0,0.0,0.0,0.04501798748970032,0.0941796600818634,0.04782193899154663,0.0,0.03270306438207626,0.08244175463914871,0.40727970004081726,0.03630899265408516,0.0813775584101677,0.2508053481578827,0.026131946593523026,0.07716818898916245,0.5386740565299988,0.03135669603943825,0.0759957954287529,0.4300791621208191,0.024435998871922493,0.06471726298332214,0.5444244146347046,0.0371202789247036,0.07561559230089188,0.3892943859100342
Strumigenys_sp._appretiata_group_CASENT0744156_processed.obj,H1_legs,0.0036383853293955326,0.06898517906665802,0.028144152835011482,0.04084102809429169,0.09160757809877396,0.166633740067482,0.03475353866815567,0.03943333402276039,0.031066667288541794,0.13586612045764923,0.18466666340827942,0.1074666678905487,0.32958149909973145,0.4479333460330963,0.2607000172138214,0.7574676871299744,0.8636000156402588,0.6745666861534119,0.7041935920715332,0.2725333273410797,1.0,0.0,1.0,1.0,0.0,1.0,2.2120804743508415e-08,0.0,0.8421009182929993,0.40191689133644104,0.0,0.0,0.0,0.01543507818132639,0.04540035128593445,0.01591559499502182,0.0,0.030619099736213684,0.07458483427762985,0.3609195351600647,0.036342281848192215,0.09098822623491287,0.3124712407588959,0.02240448258817196,0.052407123148441315,0.560773491859436,0.028660908341407776,0.05947668477892876,0.34036940336227417,0.020053014159202576,0.058358944952487946,0.6654648780822754,0.027658995240926743,0.09699393808841705,0.6009732484817505
Strumigenys_stenorhina_OKENT0105268_processed.obj,H1_legs,0.0013655698858201504,0.03375554457306862,0.013774300925433636,0.019981244578957558,0.05580541491508484,0.24530255794525146,0.1713523268699646,0.18176667392253876,0.16206666827201843,0.46436405181884766,0.49889999628067017,0.4343000054359436,0.7277991771697998,0.7797999978065491,0.6823000311851501,0.9570186734199524,0.9863666892051697,0.9293666481971741,0.7670137286186218,0.27869999408721924,1.0,0.0,1.0,1.0,0.0,1.0,2.2866808890853463e-08,0.0,0.8336839079856873,0.3878518342971802,0.0,0.0,0.0,0.019025521352887154,0.053744859993457794,0.019778961315751076,0.0,0.015387097373604774,0.04889267683029175,0.7624521255493164,0.018842928111553192,0.03882276639342308,0.5996318459510803,0.017664238810539246,0.05569363385438919,0.6961326003074646,0.014179726131260395,0.037076275795698166,0.7730870842933655,0.010958870872855186,0.02884800173342228,0.8599021434783936,0.006367679685354233,0.013146498240530491,0.9975668787956238
Syllophopsis_sechellensis_OKENT0105212_processed.obj,H1_legs,0.001427020994015038,0.039820507168769836,0.016251517459750175,0.02356898784637451,0.0703098401427269,0.1394791454076767,0.12062304466962814,0.1308666616678238,0.11186666786670685,0.35244008898735046,0.4118666648864746,0.30799999833106995,0.6213303804397583,0.7046999931335449,0.5555999875068665,0.9399014711380005,0.9764000177383423,0.9060333371162415,0.7595833539962769,0.1951666623353958,1.0,0.0,1.0,1.0,0.0,1.0,2.3694406436902682e-08,0.0,0.8428707718849182,0.3995676636695862,0.0,0.0,0.0,0.060657769441604614,0.14878767728805542,0.06282105296850204,0.0,0.017316646873950958,0.04059989005327225,0.667432963848114,0.014089650474488735,0.041894908994436264,0.7938334345817566,0.01705728843808174,0.0545673742890358,0.6933701634407043,0.019350789487361908,0.04748503118753433,0.6015831232070923,0.016722600907087326,0.04744589328765869,0.7154262065887451,0.01605089008808136,0.06362961232662201,0.7773722410202026
Temnothorax_congruus_OKENT0105443_processed.obj,H1_legs,0.0014005376724526286,0.0430317148566246,0.017060451209545135,0.025971265509724617,0.058181051164865494,0.13475506007671356,0.06597083061933517,0.07386666536331177,0.05959999933838844,0.23640483617782593,0.30873334407806396,0.19153334200382233,0.5270938873291016,0.6730333566665649,0.4331666827201843,0.9520556926727295,0.9882333278656006,0.9184333682060242,0.7331053614616394,0.2936333417892456,1.0,0.0,1.0,1.0,0.0,1.0,2.2939659061194106e-08,0.0,0.8500745892524719,0.4246015250682831,0.0,0.0,0.0,0.02104502171278,0.047266487032175064,0.02192038483917713,0.0,0.018879545852541924,0.03849473223090172,0.5988506078720093,0.019887978211045265,0.037406858056783676,0.5181776285171509,0.011006559245288372,0.02681029960513115,0.8895028233528137,0.015826990827918053,0.03226377069950104,0.7440633773803711,0.014540329575538635,0.03836217150092125,0.8027298450469971,0.02941708452999592,0.09294150024652481,0.5279805064201355
Temnothorax_sp._OKENT0105336_processed.obj,H1_legs,0.004560977220535278,0.06902265548706055,0.02069697342813015,0.04832568019628525,0.12745511531829834,0.25179943442344666,0.04161110892891884,0.049933332949876785,0.03566666692495346,0.15249395370483398,0.2387000024318695,0.11203333735466003,0.35955503582954407,0.5977666974067688,0.25710001587867737,0.7508609890937805,0.9470666646957397,0.621999979019165,0.6170943379402161,0.466866672039032,1.0,0.0,1.0,1.0,0.0,1.0,2.318444103366346e-08,0.0,0.8485471606254578,0.41086918115615845,0.0,0.0,0.0,0.021478217095136642,0.04783966764807701,0.023414330556988716,0.0,0.021738411858677864,0.04668707028031349,0.5264368057250977,0.020432543009519577,0.04572751373052597,0.5807639360427856,0.023297186940908432,0.04973568022251129,0.4751381278038025,0.03355647251009941,0.06906872242689133,0.27176782488822937,0.021219784393906593,0.061930857598781586,0.6456348299980164,0.009349065832793713,0.018777843564748764,0.9635036587715149
Tetramorium_kraepelini_CASENT0744084_processed.obj,H1_legs,0.004792362917214632,0.07242230325937271,0.0224913340061903,0.04993096739053726,0.12652109563350677,0.2283984124660492,0.03726213425397873,0.044466666877269745,0.03206666558980942,0.13666866719722748,0.2162666618824005,0.09989999979734421,0.325949102640152,0.5760999917984009,0.22726666927337646,0.7369834780693054,0.9314333200454712,0.6097000241279602,0.6504985094070435,0.4630333483219147,1.0,0.0,1.0,1.0,0.0,1.0,2.1325259780269334e-08,0.0,0.8369204998016357,0.3877703547477722,0.0,0.0,0.0,0.028834234923124313,0.06798197329044342,0.030399851500988007,0.0,0.024434413760900497,0.05936754494905472,0.5103448629379272,0.017675751820206642,0.0341157540678978,0.6364473104476929,0.02582620270550251,0.06754672527313232,0.511049747467041,0.019283577799797058,0.040508341044187546,0.5989446043968201,0.01838567852973938,0.04313654825091362,0.6549060344696045,0.04040449485182762,0.12717603147029877,0.36496350169181824
Acanthostichus_aff.brevicornis_CASENT0744328_processed.obj,H2_joint,0.0031846887432038784,0.05776048079133034,0.020246092230081558,0.03751438856124878,0.10155311226844788,0.24803459644317627,0.07783211767673492,0.0862666666507721,0.07090000063180923,0.23891927301883698,0.3069666624069214,0.19556666910648346,0.47531941533088684,0.6175666451454163,0.3863333463668823,0.8224242925643921,0.9416999816894531,0.7299667000770569,0.7029309868812561,0.19776666164398193,1.0,0.0,1.0,1.0,0.0,1.0,2.3047482144988862e-08,0.0,0.841623842716217,0.40931394696235657,0.0,0.0,0.0,0.03576323762536049,0.09808589518070221,0.03610391169786453,0.0,0.02443835511803627,0.06034904345870018,0.5226053595542908,0.012298556044697762,0.03101920336484909,0.8269673585891724,0.017804425209760666,0.04920962452888489,0.6906077861785889,0.020381752401590347,0.05118146538734436,0.6306068897247314,0.01880875788629055,0.04506660997867584,0.6291527152061462,0.019075468182563782,0.046091414988040924,0.6240875720977783
Acromyrmex_coronatus_CASENT0744365_processed.obj,H2_joint,0.0033423462882637978,0.05903509259223938,0.021424388512969017,0.03761070594191551,0.11060170084238052,0.2422509491443634,0.062463048845529556,0.06913333386182785,0.056966666132211685,0.2144601196050644,0.282233327627182,0.17293334007263184,0.4531722664833069,0.5987666845321655,0.36453333497047424,0.8382192254066467,0.9251333475112915,0.7662333250045776,0.6976912021636963,0.1951666623353958,1.0,0.0,1.0,1.0,0.0,1.0,1.961469209277311e-08,0.0,0.8292569518089294,0.3384099304676056,0.0,0.0,0.0,0.07410293072462082,0.17821602523326874,0.08648745715618134,0.0,0.024700764566659927,0.06127456948161125,0.5007662773132324,0.02448231913149357,0.05959293991327286,0.5048320293426514,0.019582994282245636,0.05393015965819359,0.6657458543777466,0.025671612471342087,0.05802856758236885,0.5118733644485474,0.01713220588862896,0.04257228970527649,0.7141385674476624,0.02946813777089119,0.08538827300071716,0.5474452376365662
Acromyrmex_lobicornis_CASENT0878007_processed.obj,H2_joint,0.006571514997631311,0.08840593695640564,0.028813347220420837,0.0595925897359848,0.13996008038520813,0.2383568435907364,0.026026634499430656,0.03020000085234642,0.022866666316986084,0.10745010524988174,0.16330000758171082,0.08006666600704193,0.25537174940109253,0.4397333264350891,0.1799333393573761,0.6261928081512451,0.852400004863739,0.49486666917800903,0.6099718809127808,0.36196666955947876,1.0,0.0,1.0,1.0,0.0,1.0,2.0582168858140903e-08,0.0,0.834984540939331,0.34526199102401733,0.0,0.0,0.0,0.047881051898002625,0.1013476625084877,0.048295121639966965,0.0,0.02832810953259468,0.06418630480766296,0.420306533575058,0.042839571833610535,0.09928952902555466,0.2664519250392914,0.031999822705984116,0.10669530183076859,0.4861878752708435,0.022008392959833145,0.05285103619098663,0.5778364539146423,0.020640449598431587,0.04862568899989128,0.5848571062088013,0.019125130027532578,0.0708923190832138,0.7360097169876099
Anochetus_risii_CASENT0877608_processed.obj,H2_joint,0.0022570539731532335,0.04889984056353569,0.01909954845905304,0.02980029210448265,0.08224011212587357,0.19877594709396362,0.08891826122999191,0.09796667098999023,0.08139999955892563,0.2889414429664612,0.3532666563987732,0.24443334341049194,0.5670046806335449,0.675000011920929,0.4888000190258026,0.8696704506874084,0.9348333477973938,0.8130000233650208,0.726312518119812,0.17543333768844604,1.0,0.0,1.0,1.0,0.0,1.0,2.1663293381379845e-08,0.0,0.8411349654197693,0.3938741981983185,0.0,0.0,0.0,0.01081360038369894,0.02543126977980137,0.011275265365839005,0.0,0.015792619436979294,0.04074801504611969,0.7567049860954285,0.028986839577555656,0.07229093462228775,0.37321674823760986,0.023126395419239998,0.048476237803697586,0.5082873106002808,0.03082025982439518,0.07002139091491699,0.37467020750045776,0.01735064387321472,0.05625525489449501,0.7347412109375,0.011768821626901627,0.03321226313710213,0.8102189898490906
Anochetus_risii_CASENT0877609_processed.obj,H2_joint,0.00934268906712532,0.10054601728916168,0.029978536069393158,0.07056748121976852,0.17797134816646576,0.35505250096321106,0.02948746830224991,0.03350000083446503,0.026333333924412727,0.10859977453947067,0.16323333978652954,0.08136666566133499,0.24806438386440277,0.43150001764297485,0.1740666627883911,0.570137083530426,0.8367666602134705,0.43236666917800903,0.7006746530532837,0.24230000376701355,1.0,0.0,1.0,1.0,0.0,1.0,1.8702584370089426e-08,0.0,0.813766360282898,0.3020116984844208,0.0,0.0,0.0,0.033319029957056046,0.0672236829996109,0.036906804889440536,0.0,0.028991559520363808,0.07145219296216965,0.4329501986503601,0.02690361626446247,0.06691929697990417,0.46203407645225525,0.03304509073495865,0.07857288420200348,0.40055251121520996,0.022474486380815506,0.04828250780701637,0.5065963268280029,0.03034183382987976,0.08183879405260086,0.4591810405254364,0.0474638007581234,0.20940791070461273,0.36496350169181824
Aphaenogaster_pallida_CASENT0745235_processed.obj,H2_joint,0.0018303492106497288,0.049890466034412384,0.021551799029111862,0.028338667005300522,0.06512771546840668,0.17484796047210693,0.04515418782830238,0.04946666583418846,0.04153333231806755,0.17228448390960693,0.2097666710615158,0.14616666734218597,0.4247197210788727,0.49549999833106995,0.3716333508491516,0.9328598380088806,0.9734333157539368,0.8955333232879639,0.8113877773284912,0.11270000040531158,1.0,0.0,1.0,1.0,0.0,1.0,2.1572956754312145e-08,0.0,0.8457709550857544,0.4006279408931732,0.0,0.0,0.0,0.012360996566712856,0.04157590493559837,0.012745159678161144,0.0,0.02380816638469696,0.05180151015520096,0.44252875447273254,0.02149823307991028,0.04123678058385849,0.4583525061607361,0.013401401229202747,0.02254234254360199,0.8370165824890137,0.02097116783261299,0.04878116771578789,0.6147757768630981,0.01795937493443489,0.04576372727751732,0.7120782732963562,0.013605119660496712,0.03957989439368248,0.8284671306610107
Atopomyrmex_mocquerysi_CASENT0744784_processed.obj,H2_joint,0.001665511168539524,0.03601725026965141,0.013716108165681362,0.022301143035292625,0.07812342792749405,0.1943230926990509,0.17668883502483368,0.1856333315372467,0.16856667399406433,0.4661058783531189,0.5170999765396118,0.42426666617393494,0.7482012510299683,0.8343666791915894,0.6781666874885559,0.9305228590965271,0.9700000286102295,0.8941333293914795,0.7575634121894836,0.19896666705608368,1.0,0.0,1.0,1.0,0.0,1.0,2.3347631383785483e-08,0.0,0.8462203741073608,0.3998989164829254,0.0,0.0,0.0,0.0273454450070858,0.0765712559223175,0.03226809576153755,0.0,0.009654248133301735,0.020492587238550186,0.9455938935279846,0.00987222045660019,0.018827084451913834,0.9691670536994934,0.008558294735848904,0.01678982563316822,0.9558011293411255,0.011389501392841339,0.026492103934288025,0.8865435719490051,0.02078530378639698,0.05878631770610809,0.609322726726532,0.025968778878450394,0.09753044694662094,0.6800486445426941
Carebara_trechideros_CASENT0877591_processed.obj,H2_joint,0.003237779252231121,0.04836179316043854,0.016689302399754524,0.031672488898038864,0.1270441859960556,0.26269975304603577,0.13796715438365936,0.1464666724205017,0.13040000200271606,0.39363253116607666,0.45270001888275146,0.3481999933719635,0.6500569581985474,0.7529000043869019,0.5719333291053772,0.8791275024414062,0.947266697883606,0.8201333284378052,0.7110658288002014,0.23293334245681763,1.0,0.0,1.0,1.0,0.0,1.0,2.3248551528354255e-08,0.0,0.8440091609954834,0.41039565205574036,0.0,0.0,0.0,0.054343052208423615,0.10042068362236023,0.06486937403678894,0.0,0.013299902901053429,0.03234441950917244,0.8007662892341614,0.010058111511170864,0.021697305142879486,0.9323515892028809,0.01286318339407444,0.045155253261327744,0.8729282021522522,0.01099700853228569,0.02262607216835022,0.9023746848106384,0.02384008839726448,0.06620253622531891,0.5681174397468567,0.019022883847355843,0.06380783021450043,0.7116788029670715
Centromyrmex_brachycola_CASENT0744052_processed.obj,H2_joint,0.0021670893765985966,0.05068010836839676,0.018614279106259346,0.032065827399492264,0.08260059356689453,0.15184128284454346,0.0673239603638649,0.07620000094175339,0.06030000001192093,0.2400008738040924,0.32093334197998047,0.19166666269302368,0.4913990795612335,0.6612666845321655,0.3909666836261749,0.8727713823318481,0.9598667025566101,0.800166666507721,0.7113919258117676,0.24133333563804626,1.0,0.0,1.0,1.0,0.0,1.0,2.2429697210668564e-08,0.0,0.8460022211074829,0.423701673746109,0.0,0.0,0.0,0.023994265124201775,0.0964580699801445,0.024828683584928513,0.0,0.019984085112810135,0.050277527421712875,0.6226053833961487,0.023866742849349976,0.04848690703511238,0.44454672932624817,0.0133789898827672,0.02889278531074524,0.8038674592971802,0.020802561193704605,0.049175016582012177,0.5699208974838257,0.014580861665308475,0.034050364047288895,0.7862477898597717,0.01845056377351284,0.04915347695350647,0.7055960893630981
Cephalotes_minutus_CASENT0709253_processed.obj,H2_joint,0.0017505986616015434,0.049342475831508636,0.021289652213454247,0.02805282175540924,0.06252530217170715,0.164271280169487,0.04378821700811386,0.04969999939203262,0.039133332669734955,0.1719786673784256,0.2149333357810974,0.1433333307504654,0.4534892737865448,0.5465666651725769,0.38750001788139343,0.9171865582466125,0.9532333612442017,0.8837666511535645,0.7606688737869263,0.25286665558815,1.0,0.0,1.0,1.0,0.0,1.0,2.2814354849742813e-08,0.0,0.8579962253570557,0.4281207025051117,0.0,0.0,0.0,0.0271214097738266,0.0629725456237793,0.02683679386973381,0.0,0.02491113170981407,0.05234825611114502,0.42298850417137146,0.02249123901128769,0.046297911554574966,0.4887252748012543,0.01138466689735651,0.030684927478432655,0.8204420208930969,0.016286563128232956,0.03225815296173096,0.6860158443450928,0.016533397138118744,0.03880704566836357,0.6994591951370239,0.010772090405225754,0.02958187460899353,0.8929440379142761
Cephalotes_simillimus_CASENT0744408_processed.obj,H2_joint,0.005439551547169685,0.08205477148294449,0.025403613224625587,0.05665115639567375,0.11901441216468811,0.1907709389925003,0.030457325279712677,0.03636666759848595,0.026200000196695328,0.11268710345029831,0.19130000472068787,0.0798666700720787,0.26299726963043213,0.5143333673477173,0.17666666209697723,0.6052361130714417,0.8845000267028809,0.46000000834465027,0.6149652600288391,0.39010000228881836,1.0,0.0,1.0,1.0,0.0,1.0,2.0888146323727597e-08,0.0,0.8219669461250305,0.36120113730430603,0.0,0.0,0.0,0.020692570134997368,0.06324239820241928,0.02167154848575592,0.0,0.028035636991262436,0.07772835344076157,0.5007662773132324,0.029643302783370018,0.07566022872924805,0.43580305576324463,0.020037993788719177,0.046858347952365875,0.6243094205856323,0.027027709409594536,0.06117450073361397,0.3667546212673187,0.023436399176716805,0.05902533233165741,0.5354107618331909,0.017646394670009613,0.035595957189798355,0.6228710412979126
Cephalotes_spinosus_CASENT0744158_processed.obj,H2_joint,0.0027337262872606516,0.06125403568148613,0.025731395930051804,0.035522639751434326,0.0773186907172203,0.15605230629444122,0.041020046919584274,0.04633333534002304,0.03680000081658363,0.14436456561088562,0.19099999964237213,0.11603333801031113,0.3494958281517029,0.44510000944137573,0.28769999742507935,0.8206520080566406,0.8930667042732239,0.7591000199317932,0.7383791208267212,0.2304999977350235,1.0,0.0,1.0,1.0,0.0,1.0,2.243260865952834e-08,0.0,0.8539145588874817,0.4074210524559021,0.0,0.0,0.0,0.026389634236693382,0.06220531463623047,0.026085661724209785,0.0,0.03303908929228783,0.07204334437847137,0.3053639829158783,0.027271239086985588,0.05648426711559296,0.380119651556015,0.016885463148355484,0.04727819189429283,0.7651934027671814,0.014363820664584637,0.03271543234586716,0.8021108508110046,0.015516640618443489,0.03523099794983864,0.7154262065887451,0.013627798296511173,0.03416263684630394,0.8053528070449829
Crematogaster_nawai_OKENT0105046_processed.obj,H2_joint,0.003385681426152587,0.0631030797958374,0.02213335782289505,0.04096972197294235,0.09493108838796616,0.2421589344739914,0.0495760440826416,0.05756666883826256,0.0435333326458931,0.1833888441324234,0.2684333324432373,0.13926666975021362,0.39179727435112,0.5855000019073486,0.29440000653266907,0.7730315327644348,0.9154999852180481,0.6689333319664001,0.628675639629364,0.398333340883255,1.0,0.0,1.0,1.0,0.0,1.0,2.153798739357171e-08,0.0,0.8464128375053406,0.39090725779533386,0.0,0.0,0.0,0.055018350481987,0.20693489909172058,0.061439525336027145,0.0,0.019696231931447983,0.050448931753635406,0.6394636034965515,0.03240848332643509,0.07153141498565674,0.34284400939941406,0.01836615614593029,0.04137545824050903,0.6685082912445068,0.019258596003055573,0.045303527265787125,0.6385224461555481,0.017946969717741013,0.049075666815042496,0.6943085193634033,0.019768860191106796,0.05200386792421341,0.6849148273468018
Cryptopone_sauteri_CASENT0743771_processed.obj,H2_joint,0.0037225799169391394,0.06615906208753586,0.024777019396424294,0.041382040828466415,0.1045055165886879,0.19635853171348572,0.04528551548719406,0.05130000039935112,0.04053333401679993,0.16550222039222717,0.2229333370923996,0.1316000074148178,0.37422990798950195,0.508566677570343,0.2960333228111267,0.7779902219772339,0.9061333537101746,0.681600034236908,0.6925533413887024,0.27623334527015686,1.0,0.0,1.0,1.0,0.0,1.0,2.2249023956533165e-08,0.0,0.8511420488357544,0.42301085591316223,0.0,0.0,0.0,0.019315877929329872,0.06265398859977722,0.020126450806856155,0.0,0.029802260920405388,0.07381023466587067,0.3934865891933441,0.022710591554641724,0.05275624990463257,0.5370455384254456,0.01518251933157444,0.042525097727775574,0.8121547102928162,0.025228401646018028,0.06090500205755234,0.448548823595047,0.017288219183683395,0.0429970920085907,0.691733181476593,0.011471462436020374,0.028023555874824524,0.8746958374977112
Cyphoidris_afrc-tz01_CASENT0744810_processed.obj,H2_joint,0.017775408923625946,0.14283373951911926,0.03307029604911804,0.10976344347000122,0.22336208820343018,0.3710179030895233,0.01198657788336277,0.01503333356231451,0.00996666681021452,0.047691818326711655,0.0892999991774559,0.03253333270549774,0.12457359582185745,0.3404666781425476,0.07623333483934402,0.3346060514450073,0.7954000234603882,0.21186666190624237,0.5181589722633362,0.459933340549469,1.0,0.0,1.0,1.0,0.0,1.0,1.7222230752622636e-08,0.0,0.8014107942581177,0.26166483759880066,0.0,0.0,0.0,0.048812903463840485,0.09456516057252884,0.054793525487184525,0.0,0.029327118769288063,0.07087244093418121,0.4019157290458679,0.0326278880238533,0.07184892892837524,0.3097100853919983,0.04699942097067833,0.11405540257692337,0.2541436553001404,0.028081107884645462,0.05768321827054024,0.3641161024570465,0.033455777913331985,0.07018326967954636,0.3206283748149872,0.038595639169216156,0.08206479996442795,0.22019465267658234
Cyphomyrmex_cf.minutus_CASENT0744280_processed.obj,H2_joint,0.017940636724233627,0.14247120916843414,0.03308146074414253,0.10938974469900131,0.23020395636558533,0.38951072096824646,0.010715215466916561,0.013166666962206364,0.009033333510160446,0.04719226807355881,0.08659999817609787,0.03243333473801613,0.12267615646123886,0.3340666592121124,0.07513333112001419,0.33481717109680176,0.8098333477973938,0.21103332936763763,0.5380257964134216,0.46826666593551636,1.0,0.0,1.0,1.0,0.0,1.0,1.711440944518472e-08,0.0,0.7937583327293396,0.28507617115974426,0.0,0.0,0.0,0.16712021827697754,0.32962071895599365,0.18481984734535217,0.0,0.029192397370934486,0.06264350563287735,0.3934865891933441,0.03275170922279358,0.08531951904296875,0.37229636311531067,0.05156394839286804,0.12949854135513306,0.18784530460834503,0.03314704820513725,0.06078486889600754,0.28759896755218506,0.036073632538318634,0.07637403160333633,0.2781354784965515,0.037654727697372437,0.08774973452091217,0.262773722410202
Dilobocondyla_fouqueti_CASENT0745576_processed.obj,H2_joint,0.004060881212353706,0.07105224579572678,0.026923373341560364,0.04412887245416641,0.10819945484399796,0.21315011382102966,0.03830856457352638,0.043166667222976685,0.034433335065841675,0.1379842907190323,0.18796667456626892,0.10900000482797623,0.31985044479370117,0.4552333354949951,0.2465333342552185,0.745747447013855,0.8722333312034607,0.6513000130653381,0.6863739490509033,0.2539333403110504,1.0,0.0,1.0,1.0,0.0,1.0,2.16370654726461e-08,0.0,0.8456087708473206,0.3975078761577606,0.0,0.0,0.0,0.01709832437336445,0.031293340027332306,0.01772986724972725,0.0,0.029292915016412735,0.06029127910733223,0.3609195351600647,0.03681454434990883,0.07830536365509033,0.2954441010951996,0.012928729876875877,0.02736753784120083,0.7734807133674622,0.02554711326956749,0.06153474748134613,0.5382586121559143,0.01838628575205803,0.04252684488892555,0.6440896391868591,0.025085829198360443,0.07077819854021072,0.5608272552490234
Dorylus_fulvus_CASENT0745678_processed.obj,H2_joint,0.0017003014218062162,0.045188769698143005,0.017577925696969032,0.027610844001173973,0.06979513168334961,0.16886404156684875,0.09464322775602341,0.10623333603143692,0.08533333241939545,0.28752514719963074,0.36176666617393494,0.23856666684150696,0.5420135259628296,0.6621000170707703,0.4588000178337097,0.9114707112312317,0.978766679763794,0.8528333306312561,0.7107073068618774,0.27079999446868896,1.0,0.0,1.0,1.0,0.0,1.0,2.4382128316347007e-08,0.0,0.8505434393882751,0.4182590842247009,0.0,0.0,0.0,0.02303456887602806,0.04780247434973717,0.024188203737139702,0.0,0.016391828656196594,0.041305311024188995,0.70766282081604,0.024721670895814896,0.04976535588502884,0.3994477689266205,0.019909558817744255,0.0578673854470253,0.6381215453147888,0.019270725548267365,0.04167227819561958,0.6068601608276367,0.01618690975010395,0.037880267947912216,0.7172289490699768,0.020786549896001816,0.07247009128332138,0.6909975409507751
Eciton_hamatum_CASENT0744580_processed.obj,H2_joint,0.0025506371166557074,0.04767226427793503,0.021226122975349426,0.02644614316523075,0.07537655532360077,0.30103030800819397,0.11478860676288605,0.1214333325624466,0.10883333534002304,0.3072686195373535,0.33276668190956116,0.28540000319480896,0.5779321193695068,0.603866696357727,0.5541333556175232,0.9065837860107422,0.925599992275238,0.8883333206176758,0.6180152297019958,0.33009999990463257,1.0,0.0,1.0,1.0,0.0,1.0,2.2467579796625614e-08,0.0,0.8401195406913757,0.37625476717948914,0.0,0.0,0.0,0.06161493808031082,0.12758471071720123,0.07148433476686478,0.0,0.01882857270538807,0.04716052487492561,0.6134099960327148,0.030297698453068733,0.06991025060415268,0.38978371024131775,0.022487925365567207,0.053725678473711014,0.5828729271888733,0.01731737330555916,0.05583718791604042,0.7255936861038208,0.020354824140667915,0.052118390798568726,0.616533637046814,0.045798949897289276,0.24495749175548553,0.7141119241714478
Ectatomma_brunneum_CASENT0744575_processed.obj,H2_joint,0.010773896239697933,0.11288884282112122,0.03657367452979088,0.07631516456604004,0.17588171362876892,0.43526986241340637,0.018822956830263138,0.02173333428800106,0.016599999740719795,0.07656291872262955,0.12290000170469284,0.05560000240802765,0.19059468805789948,0.3634333312511444,0.12916666269302368,0.4959290027618408,0.7387999892234802,0.3732333481311798,0.6703789234161377,0.2835666835308075,1.0,0.0,1.0,1.0,0.0,1.0,1.785750036731315e-08,0.0,0.8106857538223267,0.3158515393733978,0.0,0.0,0.0,0.015152059495449066,0.03697521984577179,0.01626003347337246,0.0,0.04777900129556656,0.10100157558917999,0.23984675109386444,0.04016050696372986,0.09551867842674255,0.34238380193710327,0.024237696081399918,0.045899663120508194,0.4171271026134491,0.017735764384269714,0.032571401447057724,0.6279683709144592,0.02428925409913063,0.06375659257173538,0.5451970100402832,0.028666429221630096,0.06746270507574081,0.5
Eurhopalothrix_procera_CASENT0745605_processed.obj,H2_joint,0.008115896955132484,0.09680347144603729,0.031013214960694313,0.06579025834798813,0.15832138061523438,0.3304641544818878,0.02921132743358612,0.03493333235383034,0.025100000202655792,0.10643481463193893,0.17229999601840973,0.07699999958276749,0.24185216426849365,0.4427333474159241,0.16636666655540466,0.5621024966239929,0.8130333423614502,0.42953333258628845,0.5453776717185974,0.3964666724205017,1.0,0.0,1.0,1.0,0.0,1.0,1.9693372266260667e-08,0.0,0.8289626240730286,0.346402645111084,0.0,0.0,0.0,0.046975571662187576,0.16182942688465118,0.05808546394109726,0.0,0.02656245417892933,0.06959280371665955,0.5034483075141907,0.03579963371157646,0.08791287988424301,0.3382420539855957,0.030238835141062737,0.06211954727768898,0.37016576528549194,0.023225843906402588,0.058643803000450134,0.5013192892074585,0.02868962474167347,0.09114094823598862,0.5078547596931458,0.04284442216157913,0.1366896629333496,0.4136252999305725
Heteroponera_panamensis_CASENT0744055_processed.obj,H2_joint,0.01521692331880331,0.1314939707517624,0.03398393094539642,0.09751003980636597,0.21047185361385345,0.35161498188972473,0.01700478047132492,0.0201666671782732,0.014700000174343586,0.06918078660964966,0.1174333319067955,0.049033332616090775,0.1614508330821991,0.37593334913253784,0.10280000418424606,0.39612749218940735,0.7894333600997925,0.26440000534057617,0.6159292459487915,0.395633339881897,1.0,0.0,1.0,1.0,0.0,1.0,1.7268856566943214e-08,0.0,0.7843480706214905,0.28387948870658875,0.0,0.0,0.0,0.028085744008421898,0.07399054616689682,0.031054716557264328,0.0,0.03066130355000496,0.09153681248426437,0.4716475307941437,0.0495392344892025,0.10811202973127365,0.19512195885181427,0.04034052789211273,0.094601571559906,0.2983425557613373,0.029320182278752327,0.05190258100628853,0.30343008041381836,0.033000100404024124,0.08171556890010834,0.35874325037002563,0.04010592773556709,0.08790469914674759,0.312652051448822
Labidus_praedator_CASENT0744236_processed.obj,H2_joint,0.004778699483722448,0.06333961337804794,0.03000749461352825,0.03333212062716484,0.09592632204294205,0.5510380268096924,0.1197262555360794,0.12196666747331619,0.11756666749715805,0.33140724897384644,0.3553333282470703,0.31049999594688416,0.5073537826538086,0.5392333269119263,0.47903335094451904,0.7888999581336975,0.7891333699226379,0.7886666655540466,0.6520779728889465,0.289900004863739,1.0,0.0,1.0,1.0,0.0,1.0,2.2957145517921163e-08,0.0,0.8291888236999512,0.3952425718307495,0.0,0.0,0.0,0.07508847862482071,0.17627421021461487,0.0759957954287529,0.0,0.026219990104436874,0.081723153591156,0.5770115256309509,0.06283518671989441,0.13356727361679077,0.12011044472455978,0.05189387872815132,0.11367582529783249,0.27624309062957764,0.05635799095034599,0.1094304695725441,0.07915567606687546,0.016864679753780365,0.045594047755002975,0.6907030940055847,0.015519561246037483,0.05314559489488602,0.7700729966163635
Labidus_praedator_CASENT0744237_processed.obj,H2_joint,0.003449999261647463,0.05812535807490349,0.02035646140575409,0.0377688966691494,0.1087237149477005,0.26072388887405396,0.05358729884028435,0.06069999933242798,0.047966666519641876,0.1960010975599289,0.26493334770202637,0.1555333286523819,0.4942247271537781,0.6508333683013916,0.39836665987968445,0.8398542404174805,0.9397333264350891,0.7591666579246521,0.7173586487770081,0.2433333396911621,1.0,0.0,1.0,1.0,0.0,1.0,2.0369439468481687e-08,0.0,0.8283216953277588,0.34606921672821045,0.0,0.0,0.0,0.015410599298775196,0.025666285306215286,0.016382193192839622,0.0,0.01856667548418045,0.04245810955762863,0.6413792967796326,0.029274405911564827,0.07614144682884216,0.3934652507305145,0.024101316928863525,0.05860263109207153,0.5331491827964783,0.023873720318078995,0.06519050151109695,0.546174168586731,0.01769411563873291,0.04356018081307411,0.7110481858253479,0.03436847776174545,0.1035204604268074,0.5498783588409424
Lasius_nr._fuliginosus_CASENT0878037_processed.obj,H2_joint,0.0010458091273903847,0.037853993475437164,0.01653037779033184,0.021323617547750473,0.04611125960946083,0.17609164118766785,0.07335659116506577,0.07926666736602783,0.06826666742563248,0.2594836950302124,0.30713334679603577,0.2246333360671997,0.5868158936500549,0.6608999967575073,0.5276666879653931,0.9786889553070068,0.9987333416938782,0.9594333171844482,0.8185634016990662,0.1304333359003067,1.0,0.0,1.0,1.0,0.0,1.0,2.0695816616012053e-08,0.0,0.8477515578269958,0.3885432183742523,0.0,0.0,0.0,0.02905135415494442,0.061199869960546494,0.029491432011127472,0.0,0.015427368693053722,0.031191904097795486,0.7111111283302307,0.021859169006347656,0.03737039491534233,0.37505751848220825,0.012675398960709572,0.02761024795472622,0.8176795840263367,0.016265202313661575,0.04177060350775719,0.7440633773803711,0.01233148667961359,0.02767137624323368,0.8524336814880371,0.008419385179877281,0.01702253893017769,0.9695863723754883
Lioponera_daikoku_OKENT0105067_processed.obj,H2_joint,0.011865222826600075,0.11981593072414398,0.03718977048993111,0.08262616395950317,0.17667634785175323,0.3653910458087921,0.02176373079419136,0.02590000070631504,0.01876666769385338,0.0813072994351387,0.13466666638851166,0.05823333561420441,0.17858801782131195,0.3667333424091339,0.11803333461284637,0.43107303977012634,0.7175999879837036,0.3080666661262512,0.6251463890075684,0.4105333387851715,1.0,0.0,1.0,1.0,0.0,1.0,1.8119767020152722e-08,0.0,0.7870779037475586,0.27889326214790344,0.0,0.0,0.0,0.04849845543503761,0.09245340526103973,0.04999525845050812,0.0,0.034489937126636505,0.08399271965026855,0.38390806317329407,0.044296152889728546,0.10175029188394547,0.2793373167514801,0.05247483029961586,0.11392436176538467,0.2513812184333801,0.02829238586127758,0.05597942695021629,0.3482849597930908,0.037992607802152634,0.08980946987867355,0.34535154700279236,0.03579331934452057,0.09373146295547485,0.3199513256549835
Mayriella_sp._CASENT0745610_processed.obj,H2_joint,0.007850652560591698,0.0955294519662857,0.027884621173143387,0.06764483451843262,0.14957453310489655,0.33479389548301697,0.02682887203991413,0.03336666524410248,0.022433333098888397,0.09683705866336823,0.16753333806991577,0.06809999793767929,0.22515974938869476,0.45680001378059387,0.149399995803833,0.5497621893882751,0.8498333692550659,0.40630000829696655,0.5993730425834656,0.459199994802475,1.0,0.0,1.0,1.0,0.0,1.0,2.00896881352719e-08,0.0,0.830242395401001,0.3560734689235687,0.0,0.0,0.0,0.033176690340042114,0.07186900824308395,0.03495863825082779,0.0,0.030106132850050926,0.07172334939241409,0.4329501986503601,0.0356815867125988,0.08064313977956772,0.34882652759552,0.0390157513320446,0.0990104004740715,0.23204420506954193,0.029073741286993027,0.05885639414191246,0.3799472451210022,0.022232679650187492,0.05502588674426079,0.5699201822280884,0.027123497799038887,0.06865087896585464,0.4549878239631653
Mesoponera_ambigua_CASENT0745584_processed.obj,H2_joint,0.010000037029385567,0.10377399623394012,0.027348214760422707,0.07642578333616257,0.1724236011505127,0.37177541851997375,0.02715412899851799,0.032866667956113815,0.023133333772420883,0.10181181132793427,0.17203333973884583,0.0723000019788742,0.23231492936611176,0.46683335304260254,0.1546333283185959,0.5315217971801758,0.8683666586875916,0.38296666741371155,0.6158707141876221,0.421999990940094,1.0,0.0,1.0,1.0,0.0,1.0,1.9031876519193247e-08,0.0,0.8003796339035034,0.29553329944610596,0.0,0.0,0.0,0.05999227613210678,0.17702950537204742,0.06265442073345184,0.0,0.027706719934940338,0.0722004696726799,0.47088122367858887,0.03620406612753868,0.0805782750248909,0.3097100853919983,0.028442295268177986,0.0684618204832077,0.4613259732723236,0.0285954549908638,0.06568945944309235,0.3482849597930908,0.021967152133584023,0.052777040749788284,0.5758434534072876,0.041566360741853714,0.1424003690481186,0.43187347054481506
Myrmecina_ryukyuensis_OKENT0105085_processed.obj,H2_joint,0.0026922666002064943,0.05799660086631775,0.023703282698988914,0.034293316304683685,0.07464431971311569,0.32921546697616577,0.043402910232543945,0.04866666719317436,0.03916666656732559,0.17117086052894592,0.21496666967868805,0.14220000803470612,0.38033318519592285,0.4750666618347168,0.31710001826286316,0.8763877153396606,0.9514999985694885,0.8122666478157043,0.7288592457771301,0.2196333408355713,1.0,0.0,1.0,1.0,0.0,1.0,2.1838138408725172e-08,0.0,0.8444405794143677,0.37950292229652405,0.0,0.0,0.0,0.02576661854982376,0.08182522654533386,0.027446787804365158,0.0,0.02641782909631729,0.05107153579592705,0.3727969527244568,0.027400800958275795,0.051985085010528564,0.3985273838043213,0.01959579437971115,0.06565756350755692,0.6906077861785889,0.022759713232517242,0.05209387466311455,0.5039578080177307,0.017151813954114914,0.04456225037574768,0.6922482848167419,0.015463058836758137,0.042809393256902695,0.7591241002082825
Myrmecina_sp._CASENT0745613_processed.obj,H2_joint,0.005699894856661558,0.0837450623512268,0.030106229707598686,0.05363883078098297,0.13379423320293427,0.26534348726272583,0.024911947548389435,0.028433334082365036,0.022166667506098747,0.097905233502388,0.13733333349227905,0.07606666535139084,0.23906992375850677,0.3564999997615814,0.1798333376646042,0.6893165707588196,0.862766683101654,0.5739333629608154,0.7202735543251038,0.25353333353996277,1.0,0.0,1.0,1.0,0.0,1.0,1.9987695054624055e-08,0.0,0.8429387211799622,0.37313270568847656,0.0,0.0,0.0,0.031799327582120895,0.0642830953001976,0.03227866068482399,0.0,0.03153183311223984,0.06636502593755722,0.2980842888355255,0.03288210928440094,0.07096881419420242,0.3396226465702057,0.021765757352113724,0.06136021018028259,0.6436464190483093,0.03044445812702179,0.06106271594762802,0.3113456666469574,0.02091839723289013,0.05018358677625656,0.6015967130661011,0.04628944396972656,0.20154593884944916,0.5644769072532654
Nesomyrmex_angulatus_CASENT0744820_processed.obj,H2_joint,0.007923489436507225,0.09490175545215607,0.025291215628385544,0.06961053609848022,0.15226489305496216,0.2626858353614807,0.02910614386200905,0.035633333027362823,0.02460000105202198,0.10612261295318604,0.195700004696846,0.07280000299215317,0.2333635687828064,0.5021666884422302,0.15199999511241913,0.5439994931221008,0.8975666761398315,0.39026665687561035,0.5988437533378601,0.38963332772254944,1.0,0.0,1.0,1.0,0.0,1.0,1.9862389066815922e-08,0.0,0.8186172246932983,0.3437798321247101,0.0,0.0,0.0,0.06645888090133667,0.2839823365211487,0.06824015825986862,0.0,0.0349825881421566,0.09075801819562912,0.3819923400878906,0.024559376761317253,0.052033476531505585,0.4675563871860504,0.02864878810942173,0.06819940358400345,0.3839779198169708,0.026216771453619003,0.054489657282829285,0.39050132036209106,0.018969224765896797,0.043309636414051056,0.6371362209320068,0.021475644782185555,0.039530299603939056,0.5121654272079468
Odontomachus_troglodytes_CASENT0744970_processed.obj,H2_joint,0.0014476788928732276,0.03963332250714302,0.015824152156710625,0.023809170350432396,0.06395044922828674,0.21219025552272797,0.11368654668331146,0.12426666915416718,0.10476666688919067,0.348575234413147,0.4156000018119812,0.30016666650772095,0.6340464949607849,0.7408333420753479,0.5541666746139526,0.9308753609657288,0.9733333587646484,0.891966700553894,0.7480593919754028,0.19009999930858612,1.0,0.0,1.0,1.0,0.0,1.0,2.2045037795237477e-08,0.0,0.8437612056732178,0.4049840569496155,0.0,0.0,0.0,0.04122578725218773,0.09216030687093735,0.04202219098806381,0.0,0.014330310747027397,0.03305909037590027,0.7521073222160339,0.014924061484634876,0.04945555701851845,0.8150023221969604,0.01722010225057602,0.0414067879319191,0.7265193462371826,0.024625496938824654,0.05917637422680855,0.5013192892074585,0.016734693199396133,0.043540552258491516,0.7038372755050659,0.01945432648062706,0.09239237010478973,0.7919707894325256
Oxyopomyrmex_saulcyi_CASENT0745218_processed.obj,H2_joint,0.004589325748383999,0.07062467932701111,0.02064111828804016,0.04998356103897095,0.12867121398448944,0.24075788259506226,0.037236537784338,0.04426666721701622,0.03213333338499069,0.14465713500976562,0.21816666424274445,0.10819999873638153,0.32963308691978455,0.5640000104904175,0.23286667466163635,0.7334690093994141,0.9646666646003723,0.5916666984558105,0.6053811311721802,0.47866666316986084,1.0,0.0,1.0,1.0,0.0,1.0,2.0293674296567588e-08,0.0,0.8395313024520874,0.3801082670688629,0.0,0.0,0.0,0.015368188731372356,0.055332452058792114,0.017711641266942024,0.0,0.021797185763716698,0.041136376559734344,0.47394636273384094,0.024761522188782692,0.05878739431500435,0.4832029640674591,0.029170874506235123,0.08300670236349106,0.43922653794288635,0.029942994937300682,0.06638406962156296,0.40369394421577454,0.013906865380704403,0.029358377680182457,0.8243626356124878,0.010852006264030933,0.022825611755251884,0.9245741963386536
Polyrhachis_decemdentata_CASENT0744779_processed.obj,H2_joint,0.005438269581645727,0.07920581847429276,0.025626441463828087,0.05357937887310982,0.12554717063903809,0.32782062888145447,0.03363959863781929,0.040699999779462814,0.028666667640209198,0.11988667398691177,0.18289999663829803,0.08916667103767395,0.292411208152771,0.4771333336830139,0.21080000698566437,0.6775016784667969,0.8930667042732239,0.5457666516304016,0.6240346431732178,0.36250001192092896,1.0,0.0,1.0,1.0,0.0,1.0,2.050931691144342e-08,0.0,0.8266512155532837,0.3731319308280945,0.0,0.0,0.0,0.08125119656324387,0.18635578453540802,0.11322621256113052,0.0,0.02438785322010517,0.06188280135393143,0.5026820302009583,0.03317711502313614,0.06806723773479462,0.31707316637039185,0.02379622682929039,0.06613882631063461,0.5469613671302795,0.03356024995446205,0.09297182410955429,0.40369394421577454,0.02019890397787094,0.05314035713672638,0.6317280530929565,0.018537072464823723,0.03634136915206909,0.614355206489563
Polyrhachis_dives_CASENT0878093_processed.obj,H2_joint,0.011686323210597038,0.11141064018011093,0.0283415038138628,0.08306913822889328,0.18829669058322906,0.49439916014671326,0.02203832007944584,0.026233334094285965,0.01899999938905239,0.08824621140956879,0.1493000090122223,0.06263333559036255,0.20716167986392975,0.44290000200271606,0.13520000874996185,0.4986211657524109,0.8659999966621399,0.35010001063346863,0.6909387707710266,0.3537333309650421,1.0,0.0,1.0,1.0,0.0,1.0,1.78341892365097e-08,0.0,0.792680561542511,0.25499945878982544,0.0,0.0,0.0,0.07656971365213394,0.26685383915901184,0.07980252802371979,0.0,0.030687440186738968,0.0723934918642044,0.41034483909606934,0.03481568396091461,0.06849350035190582,0.2793373167514801,0.0560234896838665,0.11147050559520721,0.1574585735797882,0.029508158564567566,0.05886547639966011,0.4142480492591858,0.021603940054774284,0.050533078610897064,0.5691475868225098,0.049932707101106644,0.14744986593723297,0.16788321733474731
Ponera_kohmoku_OKENT0105440_processed.obj,H2_joint,0.0036468442995101213,0.0635790079832077,0.023007337003946304,0.0405716672539711,0.09897421300411224,0.24762363731861115,0.05422293394804001,0.06340000033378601,0.0473666675388813,0.18524591624736786,0.2614666819572449,0.1434333324432373,0.39285898208618164,0.5693333148956299,0.29989999532699585,0.7926880717277527,0.9199333190917969,0.6963666677474976,0.6425762176513672,0.383733332157135,1.0,0.0,1.0,1.0,0.0,1.0,2.1642893699436172e-08,0.0,0.8442775011062622,0.3843801021575928,0.0,0.0,0.0,0.028308825567364693,0.10430576652288437,0.03038014844059944,0.0,0.023264845833182335,0.05313679575920105,0.4961685836315155,0.025353729724884033,0.057466935366392136,0.4431661367416382,0.020797526463866234,0.058073580265045166,0.6602210402488708,0.019787965342402458,0.039023157209157944,0.5303430557250977,0.021442541852593422,0.06760753691196442,0.6876126527786255,0.026550613343715668,0.09231211245059967,0.6277372241020203
Ponera_tamon_OKENT0105154_processed.obj,H2_joint,0.0014502680860459805,0.04163503646850586,0.0165746808052063,0.02506035752594471,0.06484653055667877,0.146046981215477,0.08940957486629486,0.09966666996479034,0.08106666803359985,0.2978562116622925,0.37363332509994507,0.24763333797454834,0.5810161828994751,0.7064000368118286,0.4934333264827728,0.933972179889679,0.9795666933059692,0.8924333453178406,0.7069117426872253,0.2713666558265686,1.0,0.0,1.0,1.0,0.0,1.0,2.3857595010667865e-08,0.0,0.844423234462738,0.40828168392181396,0.0,0.0,0.0,0.025896672159433365,0.06539567559957504,0.027858546003699303,0.0,0.017212776467204094,0.0427614189684391,0.680842936038971,0.012049566954374313,0.026177696883678436,0.842613935470581,0.010188457556068897,0.02167630009353161,0.9392265677452087,0.01456680241972208,0.02970009110867977,0.7335092425346375,0.019301805645227432,0.04588354006409645,0.6188514232635498,0.023449936881661415,0.09722832590341568,0.7323600649833679
Pseudolasius_sp._CASENT0878065_processed.obj,H2_joint,0.008316252380609512,0.09585664421319962,0.029205232858657837,0.06665141135454178,0.160971999168396,0.37047484517097473,0.017202287912368774,0.019700000062584877,0.015266667120158672,0.07446867972612381,0.11800000071525574,0.0544000007212162,0.20217126607894897,0.3861333429813385,0.1369333416223526,0.6208968758583069,0.8757666945457458,0.4809333384037018,0.7066449522972107,0.258566677570343,1.0,0.0,1.0,1.0,0.0,1.0,1.9678802587463906e-08,0.0,0.8328959941864014,0.3305937945842743,0.0,0.0,0.0,0.10519562661647797,0.17862984538078308,0.11544030904769897,0.0,0.030644582584500313,0.06531232595443726,0.30804598331451416,0.023184729740023613,0.060482677072286606,0.5637367963790894,0.02886560931801796,0.08084191381931305,0.4281768202781677,0.01766749657690525,0.03619527071714401,0.6781002879142761,0.0330328606069088,0.09296146035194397,0.4215812683105469,0.027550717815756798,0.0670367106795311,0.5097323656082153
Pseudomyrmex_cf.solis_CASENT0744065_processed.obj,H2_joint,0.002589454408735037,0.05389682948589325,0.020147312432527542,0.03374951705336571,0.08557106554508209,0.16007648408412933,0.08163651823997498,0.08946666866540909,0.07506667077541351,0.25793012976646423,0.3218333423137665,0.2152000069618225,0.4957263469696045,0.6398333311080933,0.40459999442100525,0.834842324256897,0.9356666803359985,0.7536333203315735,0.6546682119369507,0.31859999895095825,1.0,0.0,1.0,1.0,0.0,1.0,2.3370942514588933e-08,0.0,0.8423017263412476,0.3956558406352997,0.0,0.0,0.0,0.023234311491250992,0.04288087412714958,0.023837218061089516,0.0,0.015446527861058712,0.039587780833244324,0.7505747079849243,0.026503369212150574,0.063870370388031,0.468936949968338,0.020452944561839104,0.056092821061611176,0.6325967311859131,0.02184349112212658,0.052769735455513,0.5620052814483643,0.023335078731179237,0.0638730600476265,0.5768735408782959,0.015285809524357319,0.03229518607258797,0.7566909790039062
Solenopsis_invicta_CASENT0744384_processed.obj,H2_joint,0.006329946219921112,0.08379574120044708,0.024116162210702896,0.059679578989744186,0.13833050429821014,0.32772696018218994,0.027210840955376625,0.0330333337187767,0.023133333772420883,0.1012689396739006,0.16753333806991577,0.07256666570901871,0.2538345158100128,0.5145999789237976,0.16846667230129242,0.6342418789863586,0.9166333675384521,0.4848666787147522,0.5906127095222473,0.4343999922275543,1.0,0.0,1.0,1.0,0.0,1.0,2.1153331530854302e-08,0.0,0.8281616568565369,0.3422293961048126,0.0,0.0,0.0,0.07470785081386566,0.1105622872710228,0.09179618209600449,0.0,0.02576802298426628,0.0615825355052948,0.49386975169181824,0.02471400424838066,0.051886629313230515,0.4532904028892517,0.0264363344758749,0.06075642257928848,0.5,0.025686029344797134,0.04458344355225563,0.31662270426750183,0.0231684148311615,0.05188821628689766,0.5243368744850159,0.029359543696045876,0.1066851019859314,0.5486617684364319
Stigmatomma_FHG02_CASENT0745561_processed.obj,H2_joint,0.006967498920857906,0.08740941435098648,0.028144648298621178,0.059264764189720154,0.15046575665473938,0.33049654960632324,0.0345274955034256,0.03906666859984398,0.030933333560824394,0.1361987590789795,0.19099999964237213,0.10583333671092987,0.3075539767742157,0.45660001039505005,0.23186667263507843,0.6470996737480164,0.846666693687439,0.5236666798591614,0.6666242480278015,0.30783334374427795,1.0,0.0,1.0,1.0,0.0,1.0,2.0302415748574276e-08,0.0,0.8205817937850952,0.325291246175766,0.0,0.0,0.0,0.023586269468069077,0.053478386253118515,0.02456616796553135,0.0,0.02766459435224533,0.07110891491174698,0.47011494636535645,0.031027866527438164,0.0684402734041214,0.3787390887737274,0.03908880800008774,0.11322843283414841,0.37016576528549194,0.03598970174789429,0.07060626894235611,0.31926122307777405,0.02447446621954441,0.06442893296480179,0.5534380674362183,0.03315325081348419,0.09992632269859314,0.4574209153652191
Strumigenys_alberti_CASENT0878103_processed.obj,H2_joint,0.010800092481076717,0.10878809541463852,0.030742250382900238,0.07804584503173828,0.18701453506946564,0.36917975544929504,0.020804209634661674,0.024833332747220993,0.017899999395012856,0.08092217147350311,0.13616666197776794,0.05756666883826256,0.2009148895740509,0.3980666697025299,0.13436666131019592,0.5063772201538086,0.8271999955177307,0.3648666739463806,0.5253344774246216,0.49896666407585144,1.0,0.0,1.0,1.0,0.0,1.0,1.8679271462929137e-08,0.0,0.809394121170044,0.32827886939048767,0.0,0.0,0.0,0.10679755359888077,0.3650337755680084,0.11208071559667587,0.0,0.02975517138838768,0.0846656858921051,0.4249042272567749,0.03253507241606712,0.07769247889518738,0.39116430282592773,0.03109576366841793,0.07472444325685501,0.42541438341140747,0.026997117325663567,0.059409793466329575,0.3984169065952301,0.028323963284492493,0.07637541741132736,0.4414112865924835,0.02959943376481533,0.0716872364282608,0.4136252999305725
Strumigenys_canina_OKENT0105288_processed.obj,H2_joint,0.005509600974619389,0.07799286395311356,0.025825833901762962,0.05216703191399574,0.13158249855041504,0.481956422328949,0.03658318147063255,0.04129999876022339,0.03283333405852318,0.1344268023967743,0.1931000053882599,0.1031000018119812,0.29169222712516785,0.4605666697025299,0.21343334019184113,0.7138726115226746,0.906333327293396,0.5888333320617676,0.707875669002533,0.35723334550857544,1.0,0.0,1.0,1.0,0.0,1.0,2.023247880345025e-08,0.0,0.8312616348266602,0.35729125142097473,0.0,0.0,0.0,0.0072782812640070915,0.01763083040714264,0.00812145322561264,0.0,0.02559424564242363,0.053990017622709274,0.42298850417137146,0.017649339511990547,0.04631070792675018,0.6861481666564941,0.02674301527440548,0.05749277397990227,0.4171271026134491,0.02050768956542015,0.042512863874435425,0.5303430557250977,0.02291952818632126,0.07007584720849991,0.6052021980285645,0.03435903042554855,0.10163605213165283,0.4002433121204376
Strumigenys_crassicornis_CASENT0744273_processed.obj,H2_joint,0.00857546553015709,0.09955161809921265,0.028979796916246414,0.07057181745767593,0.16355881094932556,0.34914684295654297,0.022059446200728416,0.02616666629910469,0.019066667184233665,0.08596343547105789,0.14383333921432495,0.06130000203847885,0.2157852202653885,0.4133666753768921,0.1459999978542328,0.5520890355110168,0.8529333472251892,0.408133327960968,0.6253661513328552,0.2956666648387909,1.0,0.0,1.0,1.0,0.0,1.0,1.928540172002613e-08,0.0,0.8353977799415588,0.360119104385376,0.0,0.0,0.0,0.03858839347958565,0.08489126712083817,0.041088055819272995,0.0,0.03185763582587242,0.07374192029237747,0.38735634088516235,0.03292081877589226,0.07307210564613342,0.2802577018737793,0.024147043004631996,0.0704255923628807,0.6022099852561951,0.03429017588496208,0.07577625662088394,0.28759896755218506,0.024230701848864555,0.0582597516477108,0.5057945251464844,0.03629050776362419,0.07350103557109833,0.34306567907333374
Strumigenys_sp._appretiata_group_CASENT0744156_processed.obj,H2_joint,0.003378313034772873,0.06712350249290466,0.02662845514714718,0.040495045483112335,0.08891278505325317,0.18776389956474304,0.037233613431453705,0.04179999977350235,0.0335666686296463,0.13616466522216797,0.1893666684627533,0.1063000038266182,0.3205445110797882,0.45543333888053894,0.24729999899864197,0.7761996984481812,0.8973000049591064,0.683899998664856,0.6983472108840942,0.2767333388328552,1.0,0.0,1.0,1.0,0.0,1.0,2.2068350702397765e-08,0.0,0.8441296815872192,0.40152937173843384,0.0,0.0,0.0,0.01751202531158924,0.04855085536837578,0.018161045387387276,0.0,0.02789231576025486,0.05529889464378357,0.3662835359573364,0.03290674090385437,0.08309248834848404,0.381500244140625,0.016307557001709938,0.050593964755535126,0.7707182765007019,0.023012660443782806,0.049965329468250275,0.4696570038795471,0.02009645104408264,0.05563940107822418,0.6531032919883728,0.036850735545158386,0.10348237305879593,0.4501216411590576
Strumigenys_stenorhina_OKENT0105268_processed.obj,H2_joint,0.0012783636339008808,0.03276081010699272,0.013457385823130608,0.019303424283862114,0.05332417041063309,0.24771510064601898,0.17945876717567444,0.18970000743865967,0.17026667296886444,0.47829669713974,0.511900007724762,0.4488333463668823,0.7349073886871338,0.7880666851997375,0.6884666681289673,0.9635957479476929,0.9893666505813599,0.93913334608078,0.7713828086853027,0.27799999713897705,1.0,0.0,1.0,1.0,0.0,1.0,2.2482149475422375e-08,0.0,0.8366155624389648,0.40419572591781616,0.0,0.0,0.0,0.01919511705636978,0.05059875175356865,0.019965555518865585,0.0,0.01479476597160101,0.04558158293366432,0.7704980969429016,0.017989272251725197,0.03868155553936958,0.6405890583992004,0.016068438068032265,0.047741636633872986,0.7265193462371826,0.014784473925828934,0.03858064115047455,0.7730870842933655,0.011133051477372646,0.02972152829170227,0.8568117618560791,0.0068591283634305,0.014040439389646053,0.9939172863960266
Syllophopsis_sechellensis_OKENT0105212_processed.obj,H2_joint,0.0012863286538049579,0.03790392726659775,0.015552829951047897,0.0223510954529047,0.0649895966053009,0.22511403262615204,0.11586517840623856,0.12456666678190231,0.10830000042915344,0.3493059277534485,0.4013666808605194,0.3091999888420105,0.6435969471931458,0.7315333485603333,0.5745333433151245,0.9476286768913269,0.9813666939735413,0.9161333441734314,0.7617908120155334,0.20203334093093872,1.0,0.0,1.0,1.0,0.0,1.0,2.297462842193454e-08,0.0,0.8460031747817993,0.40103986859321594,0.0,0.0,0.0,0.061368178576231,0.14051499962806702,0.06410687416791916,0.0,0.016041724011301994,0.033930324018001556,0.6850574612617493,0.011829769238829613,0.0314498171210289,0.8633226156234741,0.015519249252974987,0.03502654284238815,0.6878453493118286,0.016130702570080757,0.03594997897744179,0.7044855356216431,0.016930703073740005,0.0461709089577198,0.7007468342781067,0.01596924662590027,0.05948714166879654,0.7554744482040405
Temnothorax_congruus_OKENT0105443_processed.obj,H2_joint,0.0013324094470590353,0.04238695651292801,0.016969982534646988,0.025416972115635872,0.05531109496951103,0.13114672899246216,0.0637129619717598,0.07243333756923676,0.05686666816473007,0.2341274917125702,0.3031666576862335,0.1907000094652176,0.5296083092689514,0.6710000038146973,0.4374333322048187,0.9612445831298828,0.9927999973297119,0.9316333532333374,0.7353277206420898,0.2789333462715149,1.0,0.0,1.0,1.0,0.0,1.0,2.2939659061194106e-08,0.0,0.8513907194137573,0.4244639575481415,0.0,0.0,0.0,0.02162066660821438,0.042501941323280334,0.02238643169403076,0.0,0.018256820738315582,0.0361514650285244,0.6049808263778687,0.019220540300011635,0.03441387042403221,0.5425679087638855,0.0121852932497859,0.028230635449290276,0.8867403864860535,0.01340638380497694,0.03152107819914818,0.7862797379493713,0.014774426817893982,0.03836962953209877,0.7926861047744751,0.02613920159637928,0.08980009704828262,0.569343090057373
Temnothorax_sp._OKENT0105336_processed.obj,H2_joint,0.003926725126802921,0.06679322570562363,0.02126479148864746,0.045528434216976166,0.11420821398496628,0.2102682888507843,0.04240872710943222,0.050599999725818634,0.0364999994635582,0.1542356163263321,0.23606666922569275,0.11453333497047424,0.36382365226745605,0.5949333310127258,0.2620333433151245,0.7573683857917786,0.9386667013168335,0.634766697883606,0.6151620149612427,0.4539666771888733,1.0,0.0,1.0,1.0,0.0,1.0,2.2814354849742813e-08,0.0,0.8493314385414124,0.415892094373703,0.0,0.0,0.0,0.0285717211663723,0.06778153032064438,0.030920706689357758,0.0,0.021323690190911293,0.04635683447122574,0.5563218593597412,0.022310324013233185,0.048971641808748245,0.5190980434417725,0.035888008773326874,0.08601447939872742,0.3591160476207733,0.0360342413187027,0.07416453212499619,0.3113456666469574,0.017883220687508583,0.04809628799557686,0.7182590961456299,0.010040084831416607,0.01889003813266754,0.9635036587715149
Tetramorium_kraepelini_CASENT0744084_processed.obj,H2_joint,0.004356142599135637,0.07026976346969604,0.022541258484125137,0.04772850126028061,0.11966712772846222,0.22753025591373444,0.035200003534555435,0.04320000112056732,0.02969999983906746,0.13326093554496765,0.21330000460147858,0.09690000116825104,0.32390686869621277,0.5655999779701233,0.2269333302974701,0.7511881589889526,0.932366669178009,0.6289666891098022,0.6485518217086792,0.47466668486595154,1.0,0.0,1.0,1.0,0.0,1.0,2.1488448354034517e-08,0.0,0.8367988467216492,0.3768942356109619,0.0,0.0,0.0,0.018461991101503372,0.04183444008231163,0.01946420967578888,0.0,0.024535613134503365,0.05739112198352814,0.4954023063182831,0.018568800762295723,0.03415437787771225,0.58582603931427,0.02538307011127472,0.06862172484397888,0.5662983655929565,0.01976434700191021,0.044114671647548676,0.5831134915351868,0.019446808844804764,0.045928604900836945,0.6219418048858643,0.041226789355278015,0.13058845698833466,0.41727492213249207
Acanthostichus_aff.brevicornis_CASENT0744328_processed.obj,H3_deform,0.00202620355412364,0.046506352722644806,0.01661069504916668,0.029895659536123276,0.08277618885040283,0.20569992065429688,0.09373825788497925,0.10540000349283218,0.0843999981880188,0.2917773723602295,0.3784666657447815,0.23739999532699585,0.567298412322998,0.7323333621025085,0.4629666805267334,0.8821846842765808,0.9674000144004822,0.8107666969299316,0.7425605654716492,0.20063333213329315,1.0040558576583862,0.1393149048089981,1.1737980842590332,0.8455659747123718,0.07383690029382706,1.023255705833435,0.12209776788949966,0.0,0.8429182767868042,0.4167647361755371,0.006361773237586021,0.017696751281619072,0.04656067118048668,0.036031223833560944,0.09523987770080566,0.03605813905596733,0.0008520521223545074,0.019663387909531593,0.05016341060400009,0.6237547993659973,0.010758779011666775,0.026392316445708275,0.8794293999671936,0.01125422678887844,0.02092299610376358,0.9364641308784485,0.014442180283367634,0.03031456284224987,0.7572559714317322,0.01485145278275013,0.034027088433504105,0.7679629325866699,0.015134481713175774,0.033043112605810165,0.7420924305915833
Acromyrmex_coronatus_CASENT0744365_processed.obj,H3_deform,0.002168776234611869,0.04778452590107918,0.01719793491065502,0.030586590990424156,0.08777239918708801,0.24292416870594025,0.0713864341378212,0.08139999955892563,0.0635666698217392,0.24548634886741638,0.3316333293914795,0.19486667215824127,0.5395094156265259,0.7034666538238525,0.43753334879875183,0.9039441347122192,0.9711999893188477,0.8454000353813171,0.734157145023346,0.1695999950170517,0.9783766865730286,0.15098319947719574,1.1279501914978027,0.7901323437690735,0.08403624594211578,0.9742341041564941,0.15730656683444977,0.0,0.8259047269821167,0.33027297258377075,0.006956078112125397,0.01648212969303131,0.06530728936195374,0.07471070438623428,0.16365034878253937,0.08944335579872131,-3.516674041748047e-06,0.01957540586590767,0.050180304795503616,0.6356322169303894,0.019541779533028603,0.04501553997397423,0.6148182153701782,0.013422268442809582,0.036734215915203094,0.8066298365592957,0.01551577728241682,0.04444264620542526,0.7810026407241821,0.015969470143318176,0.036002594977617264,0.779036819934845,0.024118822067975998,0.06889373809099197,0.5790753960609436
Acromyrmex_lobicornis_CASENT0878007_processed.obj,H3_deform,0.004919767379760742,0.07771161198616028,0.025504687801003456,0.05220692604780197,0.11863619834184647,0.22483834624290466,0.029062334448099136,0.03420000150799751,0.02526666782796383,0.11161542683839798,0.1707666665315628,0.08290000259876251,0.2708950340747833,0.4633333384990692,0.19140000641345978,0.6889727115631104,0.9118000268936157,0.5536666512489319,0.6589787602424622,0.32713332772254944,0.98289954662323,0.1669580489397049,1.155295729637146,0.7757230997085571,0.09411974996328354,0.9732903242111206,0.16415905952453613,0.0,0.8265541195869446,0.33770936727523804,0.008609752170741558,0.019669663161039352,0.052186738699674606,0.05643845722079277,0.12163185328245163,0.05847015976905823,0.000883445143699646,0.024987436830997467,0.05212073773145676,0.43141764402389526,0.03731143847107887,0.08065236359834671,0.26092958450317383,0.023635176941752434,0.06948897987604141,0.48895028233528137,0.017697904258966446,0.03978047892451286,0.6965699195861816,0.018577689304947853,0.04216853529214859,0.661859393119812,0.018721187487244606,0.08684641122817993,0.7408758997917175
Anochetus_risii_CASENT0877608_processed.obj,H3_deform,0.0012747853761538863,0.0371902659535408,0.01476922258734703,0.022421041503548622,0.062407445162534714,0.20282737910747528,0.0968875139951706,0.10616666823625565,0.08910000324249268,0.36781632900238037,0.44290000200271606,0.31450000405311584,0.6886022686958313,0.7952666878700256,0.6071666479110718,0.9406906962394714,0.9754000306129456,0.9083666801452637,0.7782670855522156,0.13466666638851166,0.9915814399719238,0.17111025750637054,1.1129564046859741,0.8607521653175354,0.06202276423573494,0.9871596693992615,0.10525963455438614,0.0,0.8384624123573303,0.3907773792743683,0.005552360322326422,0.014985950663685799,0.06705013662576675,0.015572766773402691,0.03815191984176636,0.016055379062891006,-5.9223733842372894e-05,0.013323590159416199,0.03534942492842674,0.8268199563026428,0.018139086663722992,0.047694429755210876,0.706856906414032,0.013839698396623135,0.028047198429703712,0.7403315305709839,0.021175501868128777,0.051454201340675354,0.5672823190689087,0.013964338228106499,0.04163634404540062,0.8387844562530518,0.01064229104667902,0.026601357385516167,0.856447696685791
Anochetus_risii_CASENT0877609_processed.obj,H3_deform,0.007071729749441147,0.08936662971973419,0.027410710230469704,0.06195591762661934,0.15052101016044617,0.3406737446784973,0.02480207197368145,0.02836666628718376,0.022033333778381348,0.10326588898897171,0.15549999475479126,0.07729999721050262,0.24942271411418915,0.4331666827201843,0.1751333326101303,0.6297145485877991,0.8899666666984558,0.48723334074020386,0.7147455811500549,0.23980000615119934,0.9783831834793091,0.16820421814918518,1.1780130863189697,0.7168518900871277,0.11389566212892532,0.9578784108161926,0.2083200365304947,0.0,0.8012659549713135,0.2707493007183075,0.009983351454138756,0.02227897010743618,0.05458252131938934,0.03306041285395622,0.0729140117764473,0.03643288463354111,-0.0005982853472232819,0.026546575129032135,0.0586983785033226,0.4218390882015228,0.0243958942592144,0.056883346289396286,0.5278416872024536,0.025180758908391,0.05827886983752251,0.45303869247436523,0.021366627886891365,0.04519704729318619,0.5488126873970032,0.027156781405210495,0.06605515629053116,0.5130054354667664,0.04362279549241066,0.19691453874111176,0.41727492213249207
Aphaenogaster_pallida_CASENT0745235_processed.obj,H3_deform,0.0013619132805615664,0.04438670724630356,0.019678693264722824,0.024708012118935585,0.05344127491116524,0.1658426821231842,0.04293356090784073,0.046833332628011703,0.039633333683013916,0.16665887832641602,0.19963333010673523,0.14303334057331085,0.4649449586868286,0.5220000147819519,0.41913333535194397,0.9668173789978027,0.9932000041007996,0.9417999982833862,0.8420746326446533,0.0809333324432373,0.9897211194038391,0.10170913487672806,1.1087359189987183,0.8663695454597473,0.061848029494285583,0.9812991619110107,0.11037362366914749,0.0,0.8438171148300171,0.38350680470466614,0.0046897162683308125,0.012101244181394577,0.040862131863832474,0.012183724902570248,0.037213727831840515,0.01271918136626482,-6.382353603839874e-05,0.020863717421889305,0.04062988981604576,0.4685823917388916,0.019519437104463577,0.03173451125621796,0.591808557510376,0.010652282275259495,0.02162870205938816,0.919889509677887,0.01790432259440422,0.035724200308322906,0.6543536186218262,0.014756018295884132,0.03472379222512245,0.7885655760765076,0.012828708626329899,0.03650206699967384,0.8199513554573059
Atopomyrmex_mocquerysi_CASENT0744784_processed.obj,H3_deform,0.0010216200025752187,0.027960041537880898,0.01032070629298687,0.017639335244894028,0.055125441402196884,0.1724923998117447,0.26728126406669617,0.2817000150680542,0.2542666792869568,0.6030693054199219,0.6747333407402039,0.5451666712760925,0.7975600957870483,0.8907333612442017,0.7220333218574524,0.9627590775489807,0.9905333518981934,0.9365000128746033,0.7503292560577393,0.17693333327770233,1.019757628440857,0.1370772421360016,1.1151542663574219,0.8962634205818176,0.062096357345581055,1.060594916343689,0.11286967247724533,0.0,0.8498560190200806,0.4081490635871887,0.004327220376580954,0.011874056421220303,0.040580544620752335,0.028745237737894058,0.07895441353321075,0.03299019858241081,-9.536184370517731e-05,0.007604425307363272,0.01728408969938755,0.9704980850219727,0.0066365147940814495,0.013138850219547749,0.9857340455055237,0.007976451888680458,0.015463951975107193,0.972375750541687,0.00903852004557848,0.024177679792046547,0.9129288196563721,0.016006356105208397,0.04511198773980141,0.7416945695877075,0.02275846339762211,0.07258603721857071,0.6666666865348816
Carebara_trechideros_CASENT0877591_processed.obj,H3_deform,0.0019836905412375927,0.03745146840810776,0.013147009536623955,0.024304460734128952,0.09556916356086731,0.22311773896217346,0.2155912071466446,0.2324666678905487,0.20100000500679016,0.5110744833946228,0.5942333340644836,0.44833335280418396,0.7246550917625427,0.8307333588600159,0.6425999999046326,0.9217643141746521,0.9686999917030334,0.8791666626930237,0.7158971428871155,0.22450000047683716,1.0146526098251343,0.14823302626609802,1.158479928970337,0.8457546234130859,0.07140089571475983,1.0510667562484741,0.12354544550180435,0.0,0.8448112607002258,0.41487041115760803,0.005348913371562958,0.016377493739128113,0.06484028697013855,0.055098071694374084,0.10378724336624146,0.06354685127735138,0.0007587075233459473,0.010484290309250355,0.027988793328404427,0.8739463686943054,0.007536891382187605,0.016438577324151993,0.9815922975540161,0.01137306448072195,0.02938280999660492,0.8784530758857727,0.008699598722159863,0.019201168790459633,0.9577836990356445,0.018790442496538162,0.05146714299917221,0.6719031929969788,0.0170366819947958,0.08314179629087448,0.8041362762451172
Centromyrmex_brachycola_CASENT0744052_processed.obj,H3_deform,0.001580098527483642,0.0440804660320282,0.016515782102942467,0.02756468579173088,0.07063519954681396,0.14528101682662964,0.06436866521835327,0.07200000435113907,0.05820000171661377,0.24087177217006683,0.32143333554267883,0.19259999692440033,0.5461536645889282,0.7170666456222534,0.44103333353996277,0.9246491193771362,0.9850000143051147,0.8712666630744934,0.7585986852645874,0.23026667535305023,1.003378987312317,0.12714600563049316,1.1212812662124634,0.8790979385375977,0.06217671558260918,1.019780158996582,0.1020105853676796,0.0,0.8498445749282837,0.42515692114830017,0.005465916357934475,0.013925831764936447,0.03756276145577431,0.023892758414149284,0.08310379087924957,0.024791186675429344,0.00026717409491539,0.017536401748657227,0.03864295408129692,0.6766283512115479,0.017179472371935844,0.03376752510666847,0.6548550724983215,0.011064894497394562,0.026228521019220352,0.8756906390190125,0.015741009265184402,0.03565600886940956,0.7335092425346375,0.012699756771326065,0.02834123745560646,0.8480556607246399,0.01400621049106121,0.02972697652876377,0.7554744482040405
Cephalotes_minutus_CASENT0709253_processed.obj,H3_deform,0.0013429541140794754,0.044562168419361115,0.0199477206915617,0.024614449590444565,0.051260121166706085,0.1383284330368042,0.04360096529126167,0.04786666855216026,0.040033333003520966,0.16692693531513214,0.20653334259986877,0.14006666839122772,0.48706939816474915,0.5818666815757751,0.41883334517478943,0.9573187828063965,0.9718666672706604,0.9431999921798706,0.7741915583610535,0.25546666979789734,1.0034289360046387,0.09490618854761124,1.101466178894043,0.8991201519966125,0.04989919811487198,1.0156123638153076,0.08336423337459564,0.0,0.860345721244812,0.4318620562553406,0.0043852548114955425,0.010893420316278934,0.031196730211377144,0.02648446336388588,0.05255123972892761,0.026906628161668777,-0.00036124326288700104,0.022073963657021523,0.04239381104707718,0.4877394735813141,0.02192239835858345,0.04566136375069618,0.523699939250946,0.009435257874429226,0.018192151561379433,0.9668508768081665,0.014674332924187183,0.03057398833334446,0.7387863397598267,0.014349272474646568,0.03244193643331528,0.7731136083602905,0.009581354446709156,0.023123623803257942,0.930656909942627
Cephalotes_simillimus_CASENT0744408_processed.obj,H3_deform,0.00423103291541338,0.07113721966743469,0.020768743008375168,0.050368472933769226,0.10530874133110046,0.17855793237686157,0.04452717676758766,0.054866667836904526,0.03746666759252548,0.1495964229106903,0.2594333291053772,0.10509999841451645,0.3167811334133148,0.6186333298683167,0.21289999783039093,0.6688762903213501,0.9409000277519226,0.5188666582107544,0.6931187510490417,0.39856666326522827,0.9976359009742737,0.19265839457511902,1.1799863576889038,0.7853537797927856,0.09220795333385468,1.0356900691986084,0.17044079303741455,0.0,0.8295913338661194,0.3610076606273651,0.007934152148663998,0.017624566331505775,0.05829717591404915,0.020528819411993027,0.06799078732728958,0.02146049216389656,-0.0004239361733198166,0.023076340556144714,0.06768171489238739,0.5904214978218079,0.023927057161927223,0.06477862596511841,0.5674183368682861,0.021656734868884087,0.04899904876947403,0.5939226746559143,0.022686544805765152,0.0474046915769577,0.4802111089229584,0.018681393936276436,0.04497232660651207,0.6649497747421265,0.01656521111726761,0.034596506506204605,0.7287104725837708
Cephalotes_spinosus_CASENT0744158_processed.obj,H3_deform,0.0021537337452173233,0.055702708661556244,0.024326181039214134,0.03137652948498726,0.06532131880521774,0.1299372911453247,0.041213106364011765,0.046300001442432404,0.03713333234190941,0.14535678923130035,0.18493333458900452,0.11973333358764648,0.35399651527404785,0.4416666626930237,0.29536667466163635,0.8783822059631348,0.920199990272522,0.8402000069618225,0.7717596292495728,0.23336666822433472,1.004395842552185,0.11097894608974457,1.132722020149231,0.8659659028053284,0.0646895095705986,1.0188215970993042,0.11163146793842316,0.0,0.8554633855819702,0.4075527787208557,0.005399148445576429,0.01314686518162489,0.03969459980726242,0.02433699183166027,0.06063467636704445,0.02427784726023674,0.00019578635692596436,0.030143873766064644,0.0597626194357872,0.254789263010025,0.025490421801805496,0.052100084722042084,0.3957662284374237,0.0174251776188612,0.039824895560741425,0.6353591680526733,0.012683267705142498,0.029237378388643265,0.8548812866210938,0.012966014444828033,0.0285782590508461,0.8230749368667603,0.013201153837144375,0.03380963206291199,0.84549880027771
Crematogaster_nawai_OKENT0105046_processed.obj,H3_deform,0.0024755129124969244,0.055221233516931534,0.02021670714020729,0.03500452637672424,0.08069007098674774,0.20750664174556732,0.050475846976041794,0.05906666815280914,0.044066667556762695,0.18791015446186066,0.27406665682792664,0.14296667277812958,0.4213374853134155,0.6064666509628296,0.32280001044273376,0.854262113571167,0.9576333165168762,0.7710333466529846,0.6467099785804749,0.3737666606903076,0.9914748072624207,0.1279345601797104,1.1172555685043335,0.8364739418029785,0.06961996853351593,0.985353410243988,0.11451455950737,0.0,0.8445371389389038,0.3852285146713257,0.006396560464054346,0.014481817372143269,0.045160017907619476,0.05209759995341301,0.22006642818450928,0.05865819752216339,-0.0008794814348220825,0.017833946272730827,0.044006090611219406,0.6919540166854858,0.03017367608845234,0.05144183337688446,0.2494247555732727,0.013033522292971611,0.027788525447249413,0.8535912036895752,0.014765394851565361,0.03400976210832596,0.7836412191390991,0.016706418246030807,0.04686411842703819,0.7365438938140869,0.01499197818338871,0.04127124324440956,0.8090023994445801
Cryptopone_sauteri_CASENT0743771_processed.obj,H3_deform,0.002858465537428856,0.05883156508207321,0.022775782272219658,0.0360557846724987,0.08989865332841873,0.18528564274311066,0.04770740494132042,0.05336666852235794,0.04313333332538605,0.17895779013633728,0.2401999980211258,0.14259999990463257,0.4000580310821533,0.532800018787384,0.3202666640281677,0.8294923305511475,0.9299333691596985,0.7486333250999451,0.7319629192352295,0.27006667852401733,1.006399154663086,0.1193828359246254,1.1309276819229126,0.8735519051551819,0.06208713352680206,1.0209770202636719,0.10539297759532928,0.0,0.8502442240715027,0.4070713520050049,0.005806668661534786,0.014689575880765915,0.044528983533382416,0.02096574194729328,0.0573868490755558,0.021701762452721596,9.283237159252167e-05,0.027156084775924683,0.06787610054016113,0.3969348669052124,0.019195668399333954,0.04743550345301628,0.647952139377594,0.016294706612825394,0.03939317166805267,0.7624309659004211,0.02162102609872818,0.042782463133335114,0.5277044773101807,0.014158305712044239,0.03413331136107445,0.78727787733078,0.010607045143842697,0.02649390511214733,0.8905109167098999
Cyphoidris_afrc-tz01_CASENT0744810_processed.obj,H3_deform,0.014196665026247501,0.12695835530757904,0.028932983055710793,0.0980253741145134,0.2014056295156479,0.3530934453010559,0.01256649661809206,0.01549999974668026,0.010566666722297668,0.052889320999383926,0.10066666454076767,0.035866666585206985,0.13581803441047668,0.38040000200271606,0.08266666531562805,0.38307398557662964,0.8743333220481873,0.24526667594909668,0.5782776474952698,0.474533349275589,0.9785685539245605,0.19585897028446198,1.2242189645767212,0.6780481934547424,0.1322915405035019,0.9619078636169434,0.24019761383533478,0.0,0.7917345762252808,0.2385549694299698,0.011538912542164326,0.02555163763463497,0.07595369964838028,0.049534693360328674,0.11527485400438309,0.05590961128473282,0.0007828287780284882,0.026741940528154373,0.06718789786100388,0.4563218355178833,0.027733050286769867,0.063053660094738,0.408191442489624,0.03992018476128578,0.08142685890197754,0.2403315007686615,0.024852793663740158,0.04446033760905266,0.42480212450027466,0.028572702780365944,0.058075912296772,0.3626062273979187,0.037324320524930954,0.08550182729959488,0.2822384536266327
Cyphomyrmex_cf.minutus_CASENT0744280_processed.obj,H3_deform,0.014587505720555782,0.12780745327472687,0.02848074585199356,0.0993267074227333,0.2070930302143097,0.38558629155158997,0.013353847898542881,0.01653333380818367,0.011200000531971455,0.0576692558825016,0.10956666618585587,0.039133332669734955,0.13568928837776184,0.3907333314418793,0.08210000395774841,0.3712932765483856,0.8835000395774841,0.2350333333015442,0.570970356464386,0.46826666593551636,0.9750885367393494,0.17779310047626495,1.212544322013855,0.7014411091804504,0.12879909574985504,0.9462078213691711,0.2511678636074066,0.0,0.777193546295166,0.23834727704524994,0.011447531171143055,0.02341694012284279,0.05988283455371857,0.15789952874183655,0.31335940957069397,0.17535217106342316,0.0021341443061828613,0.025212880223989487,0.055456116795539856,0.4639846980571747,0.026543397456407547,0.06052486225962639,0.43488267064094543,0.044259969145059586,0.12150568515062332,0.1712707281112671,0.02701197750866413,0.04760904610157013,0.3298153281211853,0.03169151395559311,0.06914489716291428,0.3486994504928589,0.03127642348408699,0.06724268943071365,0.3844282329082489
Dilobocondyla_fouqueti_CASENT0745576_processed.obj,H3_deform,0.002993237692862749,0.06144388020038605,0.023563513532280922,0.037880368530750275,0.08898579329252243,0.17714765667915344,0.04658903181552887,0.0536000020802021,0.041200000792741776,0.16152361035346985,0.21796667575836182,0.1282999962568283,0.37252238392829895,0.5133333206176758,0.29233333468437195,0.8132134675979614,0.9227333664894104,0.7269333600997925,0.7044788002967834,0.2294333428144455,0.9961272478103638,0.11451996862888336,1.1372361183166504,0.8386310338973999,0.07089711725711823,0.997279167175293,0.12195668369531631,0.0,0.8430891633033752,0.39651253819465637,0.0065323831513524055,0.014850822277367115,0.05313589423894882,0.0179363414645195,0.03595832735300064,0.018442468717694283,-9.292736649513245e-05,0.024423329159617424,0.05146995931863785,0.45402300357818604,0.031970832496881485,0.06764858961105347,0.33179935812950134,0.011373304761946201,0.021042581647634506,0.9254143834114075,0.020547647029161453,0.049954283982515335,0.6385224461555481,0.01577449031174183,0.03528314828872681,0.725985050201416,0.02312353439629078,0.07119762897491455,0.6204379796981812
Dorylus_fulvus_CASENT0745678_processed.obj,H3_deform,0.001184490043669939,0.03729972988367081,0.014119468629360199,0.02318025939166546,0.06132723018527031,0.14310131967067719,0.107807956635952,0.12106666713953018,0.09716666489839554,0.34217795729637146,0.4311000108718872,0.2836666703224182,0.6531423330307007,0.7925666570663452,0.5554333329200745,0.9439023733139038,0.990933358669281,0.9011333584785461,0.7143115401268005,0.26590001583099365,1.0453788042068481,0.2564738392829895,1.2161513566970825,0.9032125473022461,0.08157670497894287,1.1229170560836792,0.15365180373191833,0.0,0.8536956310272217,0.41549283266067505,0.005053579341620207,0.011685946024954319,0.028697829693555832,0.02299361675977707,0.04540371149778366,0.024129293859004974,-0.00012110546231269836,0.014567180536687374,0.03754083067178726,0.771264374256134,0.015602154657244682,0.03918856754899025,0.7321675419807434,0.012609316036105156,0.03755687549710274,0.8508287668228149,0.015715083107352257,0.034785155206918716,0.664907693862915,0.012903435155749321,0.03298305720090866,0.8382694125175476,0.011895502917468548,0.02790074795484543,0.8552311658859253
Eciton_hamatum_CASENT0744580_processed.obj,H3_deform,0.0013947641709819436,0.03562939167022705,0.016240764409303665,0.019388629123568535,0.05207499861717224,0.33745741844177246,0.1614978015422821,0.16940000653266907,0.1543000042438507,0.42419731616973877,0.4656333327293396,0.3895333409309387,0.7060462236404419,0.7434000372886658,0.6722666621208191,0.9527891278266907,0.9604666829109192,0.9452333450317383,0.5953599214553833,0.29260000586509705,1.0371274948120117,0.19515657424926758,1.2383705377578735,0.8087782859802246,0.10955509543418884,1.1065170764923096,0.20594143867492676,0.0,0.8411607146263123,0.3753192126750946,0.0070273070596158504,0.016995403915643692,0.036508627235889435,0.05752254277467728,0.11122454702854156,0.06265513598918915,-0.001643165946006775,0.013562655076384544,0.033860113471746445,0.7777777910232544,0.01966836117208004,0.05686994642019272,0.641509473323822,0.01431853137910366,0.05766662582755089,0.8425414562225342,0.017090249806642532,0.05034628137946129,0.7176781296730042,0.018561994656920433,0.0506419874727726,0.6577388644218445,0.04582144692540169,0.2584117352962494,0.7469586133956909
Ectatomma_brunneum_CASENT0744575_processed.obj,H3_deform,0.008256318978965282,0.09945455193519592,0.032038431614637375,0.06741612404584885,0.15460331737995148,0.38204890489578247,0.019717641174793243,0.023533333092927933,0.016966667026281357,0.07641210407018661,0.1239333376288414,0.05523333325982094,0.19202829897403717,0.367000013589859,0.13003332912921906,0.552810788154602,0.8032000064849854,0.42143332958221436,0.7057800889015198,0.26179999113082886,0.9767286777496338,0.16861802339553833,1.1893901824951172,0.729852557182312,0.11573472619056702,0.9536383748054504,0.22771619260311127,0.0,0.8011756539344788,0.27403610944747925,0.010141026228666306,0.02292700484395027,0.06050264090299606,0.013070725835859776,0.029105287045240402,0.014084852300584316,-0.0004907511174678802,0.04091445356607437,0.08709412813186646,0.23754790425300598,0.03448404744267464,0.07609386742115021,0.2945237159729004,0.019380534067749977,0.04248775169253349,0.5773481130599976,0.017512844875454903,0.029678288847208023,0.649076521396637,0.02165847085416317,0.05328085273504257,0.563481867313385,0.0302042905241251,0.06935087591409683,0.3929440379142761
Eurhopalothrix_procera_CASENT0745605_processed.obj,H3_deform,0.0061377533711493015,0.08478003740310669,0.027293749153614044,0.057486288249492645,0.1346394568681717,0.31898051500320435,0.030595725402235985,0.036633335053920746,0.026266666129231453,0.11738438904285431,0.1896333396434784,0.08500000089406967,0.261738657951355,0.4835333526134491,0.17943333089351654,0.629014790058136,0.8732666969299316,0.4915333390235901,0.6273494958877563,0.39303332567214966,0.9985206127166748,0.15574400126934052,1.177736759185791,0.8006451725959778,0.08972448110580444,1.0110442638397217,0.16724197566509247,0.0,0.8273950815200806,0.31705474853515625,0.008493025787174702,0.020781775936484337,0.05443684011697769,0.045820336788892746,0.13994483649730682,0.056017082184553146,-0.0010536052286624908,0.02289237082004547,0.05769887939095497,0.5590038299560547,0.03342780843377113,0.08473421633243561,0.31477221846580505,0.025462575256824493,0.05442209541797638,0.450276255607605,0.022569909691810608,0.0547553189098835,0.5065963268280029,0.02435261197388172,0.07635559886693954,0.5920680165290833,0.039668720215559006,0.13208545744419098,0.36739659309387207
Heteroponera_panamensis_CASENT0744055_processed.obj,H3_deform,0.012437005527317524,0.1183495819568634,0.03027445822954178,0.08807512372732162,0.1935339719057083,0.34473955631256104,0.01755690947175026,0.021033333614468575,0.015066666528582573,0.07381508499383926,0.1313333362340927,0.05133333429694176,0.17967385053634644,0.43186667561531067,0.11343333125114441,0.4371083974838257,0.8439333438873291,0.29493334889411926,0.6479202508926392,0.4016000032424927,0.9838630557060242,0.20549674332141876,1.2389085292816162,0.7150112986564636,0.12733499705791473,1.0060348510742188,0.25305140018463135,0.0,0.7868288159370422,0.2441362887620926,0.010684100911021233,0.023909885436296463,0.06576430797576904,0.03258023038506508,0.07256630063056946,0.035288941115140915,-5.023926496505737e-05,0.02608056180179119,0.07027880847454071,0.5321839451789856,0.04328402131795883,0.09850680083036423,0.21030832827091217,0.03886859863996506,0.08548495918512344,0.3038674294948578,0.028951948508620262,0.053038839250802994,0.32189974188804626,0.030924050137400627,0.08386702090501785,0.3924800455570221,0.03931169956922531,0.1115499958395958,0.3260340690612793
Labidus_praedator_CASENT0744236_processed.obj,H3_deform,0.0029081925749778748,0.049379412084817886,0.022323261946439743,0.027056150138378143,0.0789201557636261,0.4694804847240448,0.16694515943527222,0.1746000051498413,0.15993332862854004,0.3870372474193573,0.42250001430511475,0.35706666111946106,0.5797709822654724,0.6109333634376526,0.551633358001709,0.8675926923751831,0.8837666511535645,0.8519999980926514,0.6458426117897034,0.28083333373069763,1.0228357315063477,0.2146528661251068,1.280212163925171,0.7965205907821655,0.10547293722629547,1.0798147916793823,0.17508216202259064,0.0,0.8360801935195923,0.3985719084739685,0.008338729850947857,0.020670410245656967,0.06452901661396027,0.07386995106935501,0.19889242947101593,0.0755552351474762,-0.0020369067788124084,0.018318310379981995,0.059039633721113205,0.6762452125549316,0.0445987805724144,0.10709302872419357,0.1757938414812088,0.04752097278833389,0.1197066679596901,0.30662983655929565,0.04733981564640999,0.09382264316082001,0.12664908170700073,0.013595635071396828,0.03497118875384331,0.7852176427841187,0.014097606763243675,0.04295753315091133,0.7895377278327942
Labidus_praedator_CASENT0744237_processed.obj,H3_deform,0.002495026681572199,0.049619656056165695,0.01776716113090515,0.031852494925260544,0.09207817912101746,0.23039883375167847,0.060911763459444046,0.06903333216905594,0.05450000241398811,0.22757118940353394,0.30480000376701355,0.18156667053699493,0.5721112489700317,0.732200026512146,0.4694666862487793,0.882225751876831,0.9566666483879089,0.8185333609580994,0.7563120126724243,0.20650000870227814,0.9789509177207947,0.11896653473377228,1.1186511516571045,0.8020729422569275,0.0795413926243782,0.9551482200622559,0.152399942278862,0.0,0.8243276476860046,0.32448479533195496,0.006485370919108391,0.01532406359910965,0.045710738748311996,0.014301231130957603,0.024167921394109726,0.015775833278894424,0.0003507360816001892,0.01578325778245926,0.03499715402722359,0.7954022884368896,0.02461450733244419,0.06109955906867981,0.48964565992355347,0.01823311857879162,0.04078320413827896,0.5939226746559143,0.01588789001107216,0.033397696912288666,0.6992084980010986,0.015685223042964935,0.039159469306468964,0.7682204842567444,0.0322982482612133,0.10415779054164886,0.5912408828735352
Lasius_nr._fuliginosus_CASENT0878037_processed.obj,H3_deform,0.0008246742654591799,0.03416783735156059,0.0150556406006217,0.019112195819616318,0.040620699524879456,0.16054800152778625,0.06886154413223267,0.07493333518505096,0.06369999796152115,0.2677532732486725,0.3142666816711426,0.23323333263397217,0.6628914475440979,0.7351000308990479,0.603600025177002,0.9865549802780151,1.0,0.973466694355011,0.8391526341438293,0.11400000005960464,0.9853397011756897,0.08306320011615753,1.06589674949646,0.8688976168632507,0.04799062758684158,0.9740070700645447,0.09165802597999573,0.0,0.8471339344978333,0.38562148809432983,0.003528389846906066,0.008415560238063335,0.025965727865695953,0.028880340978503227,0.06038506701588631,0.02951860800385475,-3.721192479133606e-05,0.01424039714038372,0.026961741968989372,0.777011513710022,0.020354386419057846,0.034330397844314575,0.4868845045566559,0.009148534387350082,0.022845648229122162,0.9364641308784485,0.014511458575725555,0.035785771906375885,0.7598944902420044,0.010684303939342499,0.02283545769751072,0.9085758328437805,0.007883897982537746,0.014538015238940716,0.9829683899879456
Lioponera_daikoku_OKENT0105067_processed.obj,H3_deform,0.009154927916824818,0.10405805706977844,0.03110584430396557,0.07295221090316772,0.16318073868751526,0.31967517733573914,0.02572263404726982,0.03136666864156723,0.021800000220537186,0.09213903546333313,0.15530000627040863,0.06549999862909317,0.20345152914524078,0.4213666617870331,0.13410000503063202,0.49836835265159607,0.8086666464805603,0.36016666889190674,0.651577889919281,0.4263666570186615,0.9922875165939331,0.219343900680542,1.2439889907836914,0.7078226804733276,0.12866152822971344,1.019607424736023,0.24463048577308655,0.0,0.7863826155662537,0.26370686292648315,0.011574526317417622,0.026255525648593903,0.07329019159078598,0.04125802218914032,0.08471503108739853,0.04237709566950798,-0.00024840235710144043,0.02737904153764248,0.07136300951242447,0.48275864124298096,0.04030769318342209,0.09445308148860931,0.2963644862174988,0.04328751936554909,0.09711755812168121,0.23480664193630219,0.02350352331995964,0.05377249792218208,0.5171504020690918,0.03323531895875931,0.0795859694480896,0.36389389634132385,0.03552212938666344,0.09726565331220627,0.33090025186538696
Mayriella_sp._CASENT0745610_processed.obj,H3_deform,0.006242436356842518,0.08415445685386658,0.02442600205540657,0.05972845107316971,0.1375773847103119,0.3406846523284912,0.028331927955150604,0.0343666672706604,0.02410000003874302,0.11110354959964752,0.18983332812786102,0.07853333652019501,0.2603267729282379,0.5275333523750305,0.1728000044822693,0.6262702345848083,0.9032333493232727,0.47929999232292175,0.6274366974830627,0.45686668157577515,0.994223415851593,0.15705694258213043,1.1737247705459595,0.7799268364906311,0.09053456783294678,0.9959473013877869,0.1642754226922989,0.0,0.8290976881980896,0.3290749192237854,0.008215578272938728,0.018554719164967537,0.05800366774201393,0.030030645430088043,0.06604833900928497,0.03144337236881256,6.457790732383728e-05,0.025854013860225677,0.0620536245405674,0.4888888895511627,0.03231417015194893,0.07219716906547546,0.3819604218006134,0.03733985871076584,0.09792500734329224,0.4171271026134491,0.024473009631037712,0.055919453501701355,0.5329815745353699,0.018413301557302475,0.04322895407676697,0.6567087173461914,0.024128982797265053,0.06726183742284775,0.5936739444732666
Mesoponera_ambigua_CASENT0745584_processed.obj,H3_deform,0.0076246135868132114,0.0905204713344574,0.02455366589128971,0.06596680730581284,0.1489802449941635,0.3671180307865143,0.03242715448141098,0.039233334362506866,0.027633333578705788,0.11876522749662399,0.2038000077009201,0.08380000293254852,0.2612590789794922,0.5305333137512207,0.17329999804496765,0.5856847763061523,0.9003666639328003,0.43400001525878906,0.6540376543998718,0.4236000180244446,0.9891335964202881,0.3231078088283539,1.2125149965286255,0.7470747828483582,0.1207592561841011,1.0287758111953735,0.2420816570520401,0.0,0.8041214346885681,0.28302639722824097,0.009857041761279106,0.02145926095545292,0.05048343539237976,0.06121254339814186,0.1694934368133545,0.06409110873937607,6.972253322601318e-05,0.02333836257457733,0.05860454961657524,0.5348659157752991,0.033616844564676285,0.07848954200744629,0.3810400366783142,0.02650401182472706,0.05644721910357475,0.4033149182796478,0.02377251908183098,0.04499530419707298,0.3957783877849579,0.021497488021850586,0.05223717913031578,0.5918104648590088,0.038978882133960724,0.14552506804466248,0.47566908597946167
Myrmecina_ryukyuensis_OKENT0105085_processed.obj,H3_deform,0.0020385291427373886,0.05159391462802887,0.021556461229920387,0.03003745526075363,0.06242997571825981,0.3348527252674103,0.04696410894393921,0.05173333361744881,0.0430000014603138,0.16601064801216125,0.20403333008289337,0.13993333280086517,0.40668153762817383,0.4956333339214325,0.3447999954223633,0.9248870015144348,0.9828667044639587,0.87336665391922,0.7583107352256775,0.2181333303451538,0.9991635680198669,0.1262979358434677,1.1229735612869263,0.8538095355033875,0.06931913644075394,1.004520058631897,0.1261284202337265,0.0,0.843143105506897,0.37521126866340637,0.005759221501648426,0.013864874839782715,0.042720094323158264,0.026167143136262894,0.07866762578487396,0.027637606486678123,0.0004546716809272766,0.023483628407120705,0.04402725398540497,0.40306514501571655,0.025410031899809837,0.04494989663362503,0.320754736661911,0.019654305651783943,0.0682232454419136,0.6823204755783081,0.019981876015663147,0.04208296164870262,0.6042216420173645,0.013344700448215008,0.03037480264902115,0.8333762884140015,0.013460126705467701,0.03719751536846161,0.8503649830818176
Myrmecina_sp._CASENT0745613_processed.obj,H3_deform,0.004347421694546938,0.07450871914625168,0.027684180065989494,0.04682454094290733,0.11283040046691895,0.24933937191963196,0.027915000915527344,0.030933333560824394,0.025433333590626717,0.10974741727113724,0.15119999647140503,0.08613333106040955,0.25751635432243347,0.3754333257675171,0.1959666758775711,0.7616201639175415,0.914566695690155,0.6525000333786011,0.753287136554718,0.23980000615119934,0.9808939099311829,0.13092368841171265,1.1320466995239258,0.8046541213989258,0.08151750266551971,0.9632739424705505,0.15057805180549622,0.0,0.8328593373298645,0.34381723403930664,0.007272056303918362,0.016886048018932343,0.05863790214061737,0.027674641460180283,0.06069616973400116,0.028179099783301353,0.00034744106233119965,0.029157351702451706,0.057364869862794876,0.29540231823921204,0.026456033810973167,0.05760592222213745,0.41923609375953674,0.01884124055504799,0.04461384564638138,0.6546961665153503,0.026251088827848434,0.048751335591077805,0.2928760051727295,0.020298676565289497,0.04805281385779381,0.6209116578102112,0.04424279183149338,0.19413863122463226,0.5206812620162964
Nesomyrmex_angulatus_CASENT0744820_processed.obj,H3_deform,0.006218970753252506,0.08384212851524353,0.022416040301322937,0.061426084488630295,0.13554519414901733,0.2676519453525543,0.032172445207834244,0.03930000215768814,0.027233334258198738,0.12115611881017685,0.21703334152698517,0.08403333276510239,0.26928094029426575,0.5790333151817322,0.17543333768844604,0.6025684475898743,0.926800012588501,0.4464000165462494,0.6542226672172546,0.36303332448005676,1.0011115074157715,0.17384156584739685,1.1936180591583252,0.7810018062591553,0.10053076595067978,1.0119749307632446,0.1751292496919632,0.0,0.8178787231445312,0.33019283413887024,0.008751287125051022,0.02024163119494915,0.056607600301504135,0.06718531250953674,0.2742822766304016,0.06962300091981888,-0.00022517889738082886,0.02979169227182865,0.07333482801914215,0.4402298927307129,0.02295709401369095,0.047967579215765,0.4974689483642578,0.023180577903985977,0.04775913804769516,0.5165746212005615,0.022215498611330986,0.04138572886586189,0.488126665353775,0.016521744430065155,0.037342652678489685,0.7154262065887451,0.01972964219748974,0.0343729630112648,0.5170316100120544
Odontomachus_troglodytes_CASENT0744970_processed.obj,H3_deform,0.0009325320133939385,0.03160655498504639,0.012590517289936543,0.01901603862643242,0.05080382153391838,0.22467507421970367,0.16006819903850555,0.17350000143051147,0.14856666326522827,0.44392576813697815,0.5285999774932861,0.3826333284378052,0.7286089062690735,0.8335000276565552,0.6471666693687439,0.9678425192832947,0.9901333451271057,0.9465333223342896,0.7648006081581116,0.17960000038146973,0.9953132271766663,0.12223761528730392,1.0981078147888184,0.8860836029052734,0.05536174774169922,1.002790927886963,0.09574643522500992,0.0,0.8445242047309875,0.40366634726524353,0.004762399476021528,0.010858033783733845,0.045685410499572754,0.04523652419447899,0.09130227565765381,0.04640936106443405,0.0006593912839889526,0.010468832217156887,0.024599939584732056,0.8877394795417786,0.01316292118281126,0.03953135386109352,0.8301886916160583,0.012442606501281261,0.03614096716046333,0.8756906390190125,0.019814517349004745,0.042785026133060455,0.5646438002586365,0.012984932400286198,0.03224390745162964,0.8171517252922058,0.016604065895080566,0.07280143350362778,0.8296837210655212
Oxyopomyrmex_saulcyi_CASENT0745218_processed.obj,H3_deform,0.0036272858269512653,0.06419508159160614,0.019522786140441895,0.04467229172587395,0.11274133622646332,0.23281525075435638,0.03892812132835388,0.04500000178813934,0.034299999475479126,0.15262067317962646,0.23416666686534882,0.11320000141859055,0.35630932450294495,0.5940666794776917,0.2544666826725006,0.7782252430915833,0.9763000011444092,0.6469666957855225,0.6272886395454407,0.4607999920845032,0.9845689535140991,0.12136460095643997,1.1184754371643066,0.8140331506729126,0.07570268213748932,0.9713901877403259,0.13424056768417358,0.0,0.8331359624862671,0.36411312222480774,0.0059162285178899765,0.015028034336864948,0.055572617799043655,0.014396952465176582,0.05950133875012398,0.016370147466659546,0.0002622762694954872,0.020236777141690254,0.038444433361291885,0.5237547755241394,0.023474324494600296,0.056741178035736084,0.5195582509040833,0.024027206003665924,0.0691489428281784,0.5635359287261963,0.024134812876582146,0.05220666155219078,0.4854881465435028,0.013322959654033184,0.02640116773545742,0.847540557384491,0.010924260132014751,0.0236095879226923,0.9051094651222229
Polyrhachis_decemdentata_CASENT0744779_processed.obj,H3_deform,0.0038788910023868084,0.06678842008113861,0.0215042345225811,0.04528418928384781,0.10958495736122131,0.25077947974205017,0.04077402502298355,0.048133332282304764,0.035366665571928024,0.14930394291877747,0.22616666555404663,0.11143333464860916,0.3523007929325104,0.5629666447639465,0.25636667013168335,0.7622827291488647,0.9498000144958496,0.6366000175476074,0.678818941116333,0.35983332991600037,0.993394136428833,0.1710316389799118,1.156519889831543,0.8068761229515076,0.08550480008125305,1.0034888982772827,0.15246812999248505,0.0,0.828652024269104,0.3639345169067383,0.008408362045884132,0.019313286989927292,0.046121999621391296,0.08646342158317566,0.1926528811454773,0.10638656467199326,0.0010235980153083801,0.020288340747356415,0.05209098383784294,0.6157088279724121,0.029214294627308846,0.05650389939546585,0.3124712407588959,0.01739041693508625,0.05522448569536209,0.7375690937042236,0.028931843116879463,0.08845630288124084,0.5039578080177307,0.016821905970573425,0.041443224996328354,0.7156837582588196,0.017458584159612656,0.039022427052259445,0.6496350169181824
Polyrhachis_dives_CASENT0878093_processed.obj,H3_deform,0.008612926118075848,0.09520447999238968,0.023788781836628914,0.07141570001840591,0.1635826826095581,0.4398483633995056,0.02936289645731449,0.03466666862368584,0.025466667488217354,0.11051566153764725,0.18719999492168427,0.07840000092983246,0.23469321429729462,0.5158666968345642,0.1519000083208084,0.5671620965003967,0.9242666959762573,0.4090999960899353,0.7327952980995178,0.3671000003814697,0.9872635006904602,0.2434343695640564,1.2269930839538574,0.7228894233703613,0.127399280667305,1.025560975074768,0.27589863538742065,0.0,0.7948329448699951,0.23372897505760193,0.010503528639674187,0.023049576207995415,0.050476595759391785,0.07673342525959015,0.2515834867954254,0.08072490245103836,0.0008603781461715698,0.025813594460487366,0.05925643816590309,0.4839080572128296,0.02818894013762474,0.06295227259397507,0.4150943458080292,0.03774232789874077,0.09891662001609802,0.26795580983161926,0.027983829379081726,0.05289757251739502,0.3667546212673187,0.018799787387251854,0.04273500293493271,0.6317280530929565,0.049109380692243576,0.14347225427627563,0.12408758699893951
Ponera_kohmoku_OKENT0105440_processed.obj,H3_deform,0.002696306211873889,0.05603928864002228,0.020730456337332726,0.0353088304400444,0.08475470542907715,0.23541538417339325,0.05535382404923439,0.06593333184719086,0.04769999906420708,0.1927446722984314,0.2750000059604645,0.14836667478084564,0.4345019459724426,0.6161666512489319,0.3355666697025299,0.8421856164932251,0.9429666996002197,0.7608667016029358,0.6764106750488281,0.3847000002861023,0.9959653615951538,0.1282082200050354,1.1316297054290771,0.8439313173294067,0.07257566601037979,1.000536322593689,0.12685804069042206,0.0,0.8404894471168518,0.3696209192276001,0.0063898321241140366,0.015226021409034729,0.045795559883117676,0.033449687063694,0.11302454024553299,0.03551941365003586,0.0010020919144153595,0.020934127271175385,0.04595784842967987,0.5624521374702454,0.021329374983906746,0.05022760480642319,0.5637367963790894,0.018191073089838028,0.04376182332634926,0.6408839821815491,0.02040766552090645,0.045552127063274384,0.6015831232070923,0.01916559785604477,0.0617581382393837,0.7424671649932861,0.025647597387433052,0.09223738312721252,0.614355206489563
Ponera_tamon_OKENT0105154_processed.obj,H3_deform,0.0009690545266494155,0.03441488370299339,0.014070755802094936,0.020344126969575882,0.05141047388315201,0.12862253189086914,0.11375422030687332,0.12706667184829712,0.10296666622161865,0.3604624271392822,0.4445333480834961,0.3031333386898041,0.6794810891151428,0.7951333522796631,0.5932000279426575,0.9647589325904846,0.9858333468437195,0.9445666670799255,0.7285420894622803,0.27090001106262207,1.0080808401107788,0.1411701738834381,1.115561604499817,0.8856298327445984,0.05904426798224449,1.0396138429641724,0.09921268373727798,0.0,0.8490732312202454,0.4107438325881958,0.0050225337035954,0.012383490800857544,0.04046432673931122,0.027167191728949547,0.06554049998521805,0.028653429821133614,-0.00014828890562057495,0.015455799177289009,0.0361139252781868,0.7494252920150757,0.008901523426175117,0.018475862219929695,0.970087468624115,0.009575344622135162,0.017912661656737328,0.9696133136749268,0.009600109420716763,0.02256259135901928,0.9261214137077332,0.014216811396181583,0.03368086740374565,0.7741436958312988,0.020799826830625534,0.08690044283866882,0.7688564658164978
Pseudolasius_sp._CASENT0878065_processed.obj,H3_deform,0.0063614752143621445,0.08543124049901962,0.02724180743098259,0.05818943306803703,0.14377035200595856,0.3111681342124939,0.02046804316341877,0.02419999986886978,0.017733333632349968,0.08448823541402817,0.13556666672229767,0.06136666610836983,0.22156913578510284,0.4085666835308075,0.15199999511241913,0.6846174597740173,0.9181333184242249,0.5458000302314758,0.7226471900939941,0.24860000610351562,0.9731671214103699,0.14595286548137665,1.1417690515518188,0.7559645771980286,0.09346193820238113,0.9423577189445496,0.1823044717311859,0.0,0.8179173469543457,0.2917379140853882,0.00767704751342535,0.018425144255161285,0.06605862826108932,0.10213080793619156,0.17271894216537476,0.11172188818454742,-0.0010379180312156677,0.028103694319725037,0.055302225053310394,0.3252873718738556,0.02085462212562561,0.054160721600055695,0.6286240220069885,0.024346686899662018,0.06766515970230103,0.5138121843338013,0.013968301936984062,0.02503613382577896,0.8179419636726379,0.029498394578695297,0.08050078898668289,0.47695082426071167,0.021371688693761826,0.05162971466779709,0.6046228408813477
Pseudomyrmex_cf.solis_CASENT0744065_processed.obj,H3_deform,0.001648952136747539,0.04290210083127022,0.015601136721670628,0.027300965040922165,0.07048028707504272,0.13300128281116486,0.1030183956027031,0.1151999980211258,0.09316666424274445,0.3389858305454254,0.4293000102043152,0.28006666898727417,0.5889061093330383,0.7568333148956299,0.48196667432785034,0.8993722796440125,0.9740000367164612,0.8353666663169861,0.6852566003799438,0.317466676235199,1.0247899293899536,0.15392997860908508,1.1863869428634644,0.8462240695953369,0.08614934235811234,1.074101448059082,0.14547714591026306,0.0,0.8443126082420349,0.40187254548072815,0.006664135958999395,0.015824638307094574,0.05668959766626358,0.01914854533970356,0.031948402523994446,0.01980743370950222,-0.00036388449370861053,0.012601451016962528,0.03065071627497673,0.8363984823226929,0.018515748903155327,0.050503458827733994,0.671422004699707,0.016315629705786705,0.04000101611018181,0.6988950371742249,0.017663514241576195,0.03803601861000061,0.625329852104187,0.017404356971383095,0.044679976999759674,0.7200618386268616,0.0129525326192379,0.025531958788633347,0.8321167826652527
Solenopsis_invicta_CASENT0744384_processed.obj,H3_deform,0.004807325080037117,0.07351158559322357,0.02139362320303917,0.0521179661154747,0.11754105985164642,0.30654028058052063,0.030791595578193665,0.03720000013709068,0.026266666129231453,0.12240797281265259,0.20419999957084656,0.08740000426769257,0.2901328206062317,0.5789666771888733,0.19356666505336761,0.6907511949539185,0.9489666819572449,0.5429999828338623,0.6103479862213135,0.44313332438468933,0.9896600842475891,0.14364086091518402,1.1592297554016113,0.7919626832008362,0.09152131527662277,0.9823961853981018,0.17282463610172272,0.0,0.819530725479126,0.31425920128822327,0.007956219837069511,0.01923300512135029,0.05388066545128822,0.0742807611823082,0.11648702621459961,0.08725330978631973,-0.00016533583402633667,0.023284438997507095,0.05658998712897301,0.5421456098556519,0.021023210138082504,0.0424642339348793,0.5522319674491882,0.020798666402697563,0.03847343474626541,0.4917127192020416,0.024112993851304054,0.05019539222121239,0.44327178597450256,0.020203392952680588,0.04514503851532936,0.5972186326980591,0.028933409601449966,0.10841892659664154,0.6119221448898315
Stigmatomma_FHG02_CASENT0745561_processed.obj,H3_deform,0.005205411929637194,0.07673978805541992,0.025596845895051956,0.05114293843507767,0.13121138513088226,0.28878194093704224,0.03246072679758072,0.037700001150369644,0.02850000001490116,0.13377724587917328,0.1951666623353958,0.1017666682600975,0.3212714195251465,0.4701666831970215,0.24400000274181366,0.7297279238700867,0.9121000170707703,0.6081333160400391,0.7000260353088379,0.3113333284854889,0.9904164671897888,0.1790730506181717,1.188330888748169,0.7511095404624939,0.10455144196748734,0.9873695373535156,0.18418341875076294,0.0,0.8164909482002258,0.30921727418899536,0.00890483520925045,0.019728323444724083,0.062239859253168106,0.024843674153089523,0.05465269833803177,0.025787001475691795,0.0002176128327846527,0.02522120252251625,0.06019442155957222,0.47816091775894165,0.02600978873670101,0.05509212240576744,0.4367234408855438,0.030000366270542145,0.09767518192529678,0.511049747467041,0.029181377962231636,0.06416094303131104,0.40369394421577454,0.02013622224330902,0.05638973414897919,0.6569662690162659,0.030285649001598358,0.09528248757123947,0.5048661828041077
Strumigenys_alberti_CASENT0878103_processed.obj,H3_deform,0.00774748157709837,0.09291698038578033,0.026484111323952675,0.06643287092447281,0.14863431453704834,0.3350014090538025,0.02858026511967182,0.03403333202004433,0.024633333086967468,0.1017436534166336,0.1731666624546051,0.07203333079814911,0.2371961772441864,0.48840001225471497,0.15663333237171173,0.5688862204551697,0.8820333480834961,0.41983333230018616,0.5658718943595886,0.467600017786026,0.9834560751914978,0.19859887659549713,1.212640643119812,0.6800526976585388,0.1290513128042221,0.9842873811721802,0.22503091394901276,0.0,0.7986747026443481,0.2804466784000397,0.010631224140524864,0.02262120135128498,0.06573416292667389,0.10434991866350174,0.350986510515213,0.10951459407806396,0.0003858208656311035,0.023697637021541595,0.0575256273150444,0.5180076956748962,0.02909984439611435,0.0680602565407753,0.43074092268943787,0.024694353342056274,0.060164924710989,0.5,0.034900687634944916,0.06073055788874626,0.16886544227600098,0.024660812690854073,0.07132350653409958,0.5547257661819458,0.026451798155903816,0.07216248661279678,0.44403892755508423
Strumigenys_canina_OKENT0105288_processed.obj,H3_deform,0.004187730140984058,0.06913332641124725,0.023338310420513153,0.0457950197160244,0.10985943675041199,0.4730204641819,0.04210064560174942,0.04906666651368141,0.03686666861176491,0.13722282648086548,0.2038000077009201,0.10343333333730698,0.30595171451568604,0.4848000109195709,0.22349999845027924,0.7737023234367371,0.9476000070571899,0.6537333130836487,0.7119638323783875,0.3673666715621948,0.9951131343841553,0.14867502450942993,1.1487491130828857,0.8116216063499451,0.08581341058015823,1.000308632850647,0.1519729048013687,0.0,0.8275776505470276,0.3380919098854065,0.007311969995498657,0.016766531392931938,0.049834564328193665,0.010169919580221176,0.024697711691260338,0.011039341799914837,0.000695045106112957,0.02390148676931858,0.051099956035614014,0.4685823917388916,0.017133574932813644,0.042325712740421295,0.6879889369010925,0.02417626604437828,0.050845567137002945,0.4475138187408447,0.01809886284172535,0.03597679361701012,0.6411609649658203,0.020700868219137192,0.05807199329137802,0.6379088163375854,0.028744414448738098,0.09257310628890991,0.5158150792121887
Strumigenys_crassicornis_CASENT0744273_processed.obj,H3_deform,0.006321209482848644,0.08631192892789841,0.025767924264073372,0.060544002801179886,0.14105112850666046,0.25576868653297424,0.022029004991054535,0.027666667476296425,0.018300000578165054,0.08852623403072357,0.14976666867733002,0.06283333152532578,0.24092921614646912,0.4517666697502136,0.1642666757106781,0.6262247562408447,0.9098666906356812,0.477400004863739,0.6548484563827515,0.27676665782928467,0.9775466918945312,0.17952211201190948,1.1629716157913208,0.7405282258987427,0.10203038901090622,0.9569365382194519,0.1798263043165207,0.0,0.8237469792366028,0.3317939043045044,0.008909611031413078,0.02099313773214817,0.06234605610370636,0.037455495446920395,0.10340660810470581,0.04071993753314018,-0.000316813588142395,0.027491094544529915,0.06221843883395195,0.4195402264595032,0.029473016038537025,0.06647074967622757,0.31201106309890747,0.021805893629789352,0.04908972233533859,0.560773491859436,0.027220269665122032,0.06057572737336159,0.37203168869018555,0.022624969482421875,0.05655428767204285,0.5477723479270935,0.034093983471393585,0.07403035461902618,0.37226277589797974
Strumigenys_sp._appretiata_group_CASENT0744156_processed.obj,H3_deform,0.0024970369413495064,0.05902950465679169,0.024250073358416557,0.03477943316102028,0.07504823058843613,0.1460772603750229,0.03495635464787483,0.040699999779462814,0.030633334070444107,0.1441875398159027,0.20376667380332947,0.11156667023897171,0.337206095457077,0.4577000141143799,0.2669333219528198,0.8629012703895569,0.9451333284378052,0.793833315372467,0.7197010517120361,0.2575666606426239,1.0037713050842285,0.1325029730796814,1.148742914199829,0.8516833186149597,0.07958583533763885,1.0192025899887085,0.13218893110752106,0.0,0.8443599939346313,0.4012940526008606,0.006836653221398592,0.015231103636324406,0.036618832498788834,0.017312709242105484,0.053272128105163574,0.017909063026309013,-3.817118704319e-05,0.02484685182571411,0.04399954155087471,0.38735634088516235,0.03108571469783783,0.060743171721696854,0.28393927216529846,0.012036029249429703,0.03214603289961815,0.8784530758857727,0.01846557855606079,0.0400586873292923,0.6306068897247314,0.017267081886529922,0.04497751221060753,0.7342261075973511,0.034406084567308426,0.10369857400655746,0.510948896408081
Strumigenys_stenorhina_OKENT0105268_processed.obj,H3_deform,0.0006862555746920407,0.024074286222457886,0.009570352733135223,0.014503932558000088,0.04303082451224327,0.18353870511054993,0.2585054337978363,0.27463334798812866,0.24416667222976685,0.6319407224655151,0.6865666508674622,0.5853666663169861,0.8410844206809998,0.9108666777610779,0.7812333703041077,0.9824517369270325,0.9972000122070312,0.9681333303451538,0.8117018342018127,0.2786666750907898,0.9947270154953003,0.11061107367277145,1.1182245016098022,0.849146842956543,0.062456391751766205,1.0001451969146729,0.1034739688038826,0.0,0.8379992842674255,0.4111672341823578,0.004782805219292641,0.013819378800690174,0.03369418531656265,0.019098784774541855,0.05162503942847252,0.02013549394905567,-0.00013177841901779175,0.01083476934581995,0.0302662905305624,0.8720306754112244,0.013793576508760452,0.033309631049633026,0.7942936420440674,0.009845552034676075,0.032201241701841354,0.90055251121521,0.014503172598779202,0.03169402480125427,0.7625330090522766,0.007255826611071825,0.01607406511902809,0.981715202331543,0.005615617148578167,0.012714353390038013,0.9987834692001343
Syllophopsis_sechellensis_OKENT0105212_processed.obj,H3_deform,0.0008163984748534858,0.030775289982557297,0.01304496917873621,0.01773032173514366,0.05102646350860596,0.16959354281425476,0.12335587292909622,0.133200004696846,0.11486666649580002,0.42399129271507263,0.48030000925064087,0.37950000166893005,0.7602569460868835,0.8326666951179504,0.6994333267211914,0.969153642654419,0.9912000298500061,0.9480666518211365,0.7887439131736755,0.17893333733081818,1.0066331624984741,0.11653478443622589,1.1114429235458374,0.8970601558685303,0.054930154234170914,1.0255895853042603,0.09389714896678925,0.0,0.8482694625854492,0.40726950764656067,0.00443500280380249,0.012213919311761856,0.049479689449071884,0.06089494749903679,0.1432112753391266,0.06308024376630783,0.00018729642033576965,0.012815913185477257,0.02886408194899559,0.8532567024230957,0.010409887880086899,0.02404201030731201,0.905200183391571,0.012344126589596272,0.028069762513041496,0.7790055274963379,0.0129286739975214,0.02744709886610508,0.8021108508110046,0.013361863791942596,0.034480322152376175,0.8156064748764038,0.013447083532810211,0.057658541947603226,0.8369829654693604
Temnothorax_congruus_OKENT0105443_processed.obj,H3_deform,0.0010290544014424086,0.03751642256975174,0.014920352958142757,0.022596068680286407,0.048627834767103195,0.12420205026865005,0.06714523583650589,0.07693333178758621,0.059566669166088104,0.246568962931633,0.3197000026702881,0.2006666660308838,0.6116270422935486,0.7612333297729492,0.5111666917800903,0.9757765531539917,0.9965333342552185,0.9558666944503784,0.7632545828819275,0.26633334159851074,1.0035820007324219,0.10947459936141968,1.0909134149551392,0.9101380109786987,0.0456012561917305,1.0168522596359253,0.07645878195762634,0.0,0.8535962104797363,0.4221457540988922,0.003912128042429686,0.010482236742973328,0.032953500747680664,0.020906442776322365,0.04438333213329315,0.021581154316663742,3.0994415283203125e-05,0.016428304836153984,0.03019719012081623,0.6727969646453857,0.01467179786413908,0.0269076619297266,0.8057984709739685,0.010295652784407139,0.020586306229233742,0.9364641308784485,0.01269959844648838,0.028853751718997955,0.8390501737594604,0.012115499936044216,0.02985812909901142,0.8987895846366882,0.024173162877559662,0.0890037938952446,0.6350364685058594
Temnothorax_sp._OKENT0105336_processed.obj,H3_deform,0.0029328716918826103,0.05782029777765274,0.018321020528674126,0.039499275386333466,0.10127594321966171,0.19740617275238037,0.046495988965034485,0.05596666783094406,0.039766665548086166,0.17317655682563782,0.26676666736602783,0.1281999945640564,0.4178204834461212,0.6706333160400391,0.3034333288669586,0.824444055557251,0.9724000096321106,0.7155666947364807,0.6325263381004333,0.46023333072662354,1.0069260597229004,0.13192278146743774,1.1338050365447998,0.8427078723907471,0.07005318999290466,1.0257184505462646,0.12337146699428558,0.0,0.8477166891098022,0.40276527404785156,0.006441906094551086,0.01581001468002796,0.0425366535782814,0.03262356296181679,0.08823269605636597,0.03503546863794327,-0.00016141310334205627,0.019420141354203224,0.041607119143009186,0.6103448271751404,0.01818707585334778,0.04213323816657066,0.6484123468399048,0.03249049931764603,0.07659085094928741,0.3480663001537323,0.025594845414161682,0.051191240549087524,0.4274406433105469,0.01488930732011795,0.037928540259599686,0.8040175437927246,0.009603329934179783,0.018555982038378716,0.970802903175354
Tetramorium_kraepelini_CASENT0744084_processed.obj,H3_deform,0.0033928113989531994,0.062168534845113754,0.019821252673864365,0.04234728217124939,0.10695258527994156,0.20227187871932983,0.039953142404556274,0.04803333431482315,0.03420000150799751,0.1474865823984146,0.2315666675567627,0.10819999873638153,0.3751309812068939,0.641700029373169,0.2650333344936371,0.8017525672912598,0.9567000269889832,0.6899999976158142,0.6672890782356262,0.4715000092983246,0.9934406280517578,0.142936572432518,1.1335468292236328,0.8086819052696228,0.07548291236162186,0.9939466714859009,0.1319393515586853,0.0,0.8320318460464478,0.34714800119400024,0.006678221747279167,0.01626233011484146,0.04582531750202179,0.01792595535516739,0.0365775004029274,0.018672091886401176,0.00014046020805835724,0.022013267502188683,0.05270528793334961,0.565517246723175,0.016079077497124672,0.03126945346593857,0.7473539113998413,0.02104237675666809,0.05357121303677559,0.5966851115226746,0.017450431361794472,0.03464971482753754,0.649076521396637,0.0161328986287117,0.03563639521598816,0.7213494777679443,0.03777231276035309,0.1280527412891388,0.5012165307998657
