name,n_verts,n_faces,n_components,frac_area_offmain,frac_boundary_edges,frac_nonmanifold_edges,frac_degenerate_tri,frac_dup_verts,yaw_deg,pitch_deg,pca_ev1,pca_ev2,pca_ev3,elongation,flatness,area_norm,area_over_vol23,limb_area_frac,radial_p95_over_med,speckle_frac,clump_frac,spacing_cv
Acanthomyrmex_cf.ferox_CASENT0878066_processed.obj,49707,95553,1903,0.013712359809743058,0.05146902021751543,0.020396370615468222,0.0,0.0,0.03157619941278845,0.05872015967904922,0.5694355453857332,0.22490558621617882,0.20565886839808795,2.5318870685514803,1.0935856448496817,4.816522786194628,,0.12555,2.3094705965395943,0.0,0.0,0.18196863733336532
Acanthomyrmex_cf.ferox_CASENT0878067_processed.obj,48979,88863,6286,0.030340826812447652,0.17562514437514437,0.08234436359436359,0.0,0.0,0.21666265785196018,1.0542615209621589,0.6800213149177904,0.17233544440732454,0.14764324067488513,3.945916739626247,1.1672423581301117,8.16920244632929,,0.0133,1.7287077664516082,0.0,0.0,0.21339178383118745
Acanthostichus_aff.brevicornis_CASENT0744325_processed.obj,47741,79117,2131,0.015482394935741217,0.1519636369355625,0.018032116512794703,0.0,0.0,0.10887251928301385,12.310783432599887,0.5816491751302926,0.22977912039118328,0.18857170447852417,2.531340420052416,1.2185238555626043,8.069593797019667,,0.0445,1.9649510798939358,0.0,0.0,0.19145032940394505
Acanthostichus_aff.brevicornis_CASENT0744327_processed.obj,49229,93394,582,0.22042216589200636,0.04134756195828107,0.004442357953152042,0.0,0.0,0.38958105640540197,0.38055568824298047,0.8158963756983736,0.11002312777423906,0.07408049652738737,7.415680613739182,1.4851834549133158,2.273378098249114,,0.0698,2.1674441273730207,0.0,0.0,0.18353489683242535
Acanthostichus_aff.brevicornis_CASENT0744328_processed.obj,49249,93728,621,0.0031636433746887738,0.04151647246206723,0.005672450889987984,0.0,0.0,0.14056197651573263,0.30357321091171435,0.8307327158831835,0.1007857999421399,0.0684814841746766,8.242557149520058,1.4717233593399388,2.5397780560539114,,0.06605,2.1844733416034505,0.0,0.0,0.1827329482072145
Acanthostichus_brevicornis_CASENT0744297_processed.obj,48654,91593,5156,0.012432314936106414,0.12892474259632736,0.06858436825531614,0.0,0.0,1.6387129476754694,12.76696968546527,0.6155398094245789,0.24340716488157166,0.14105302569384945,2.528848358773934,1.725642989111614,3.9299588915652266,,0.02845,1.8612621683935235,0.0,0.0,0.18589684442168725
Acanthostichus_brevicornis_CASENT0744298_processed.obj,48912,96387,7740,0.015441529061273829,0.13294216605461298,0.10141627173816412,0.0,0.0,0.237791965400013,0.03642958075820503,0.6800937131352872,0.2163844016249445,0.10352188523976827,3.142988625927309,2.090228564943287,4.081948671142244,,0.0562,2.0310727456033946,0.0,0.0,0.18317353262289635
Acromyrmex_balzani_CASENT0744618_processed.obj,48159,87094,6125,0.013598834072779176,0.1707803686561581,0.08276059354668348,0.0,0.0,13.301052484282364,24.519818786289605,0.468876192987138,0.2726252981230944,0.2584985088897678,1.7198557735292541,1.0546494031783786,4.82362428305156,,0.0456,1.981507878550527,5e-05,0.0,0.19091521449804433
Acromyrmex_cf.coronatus_CASENT0744044_processed.obj,49197,102287,6972,0.03323043788190705,0.06529658667933792,0.07768406325070616,0.0,0.0,75.02541302524678,9.232947513877749,0.5374673867895864,0.3340679393800871,0.12846467383032656,1.6088565331559121,2.60046539970449,3.545022425890155,,0.0159,1.8000102705740544,5e-05,0.0,0.1864190924134542
Acromyrmex_coronatus_CASENT0744364_processed.obj,48582,90704,5396,0.01437587445991484,0.15050003546350804,0.07627491311440528,0.0,0.0,53.19396457158365,26.130312213053212,0.48853316445127626,0.31036654578259915,0.20110028976612454,1.5740522652640423,1.543342111259755,4.12436049053049,,0.0084,1.7247063845834807,0.00015,0.0,0.19437255629116731
Acromyrmex_coronatus_CASENT0744365_processed.obj,49011,93799,5521,0.013233655352900331,0.1297248953104634,0.07628470007487728,0.0,0.0,5.502999032594778,33.613138304313075,0.4945700017232104,0.2945650859616961,0.21086491231509358,1.6789837808121022,1.3969374170773852,3.033472407211103,,0.0878,2.2938173585464305,0.0,0.0,0.1828790668664943
Acromyrmex_echinatior_CASENT0745011_processed.obj,48413,88583,5700,0.00987569155530954,0.18154046941219495,0.08341998264623417,0.0,0.0,58.439297693520864,31.010815534728895,0.453182222928181,0.3362088906012126,0.2106088864706064,1.3479186172554667,1.5963661184265154,4.415313712414514,,0.00925,1.675196266049928,0.0,0.0,0.18133788534588896
Acromyrmex_echinatior_CASENT0745012_processed.obj,49011,99351,4526,0.0550119177831806,0.053857958216670256,0.05195993969416326,0.0,0.0,8.512837727793272,45.47143032089391,0.6859254341850786,0.17787105031332748,0.136203515501594,3.856307324754599,1.3059211405688411,2.126416523172065,,0.0,1.7068397868890846,5e-05,0.0,0.18861991348745685
Acromyrmex_lobicornis_CASENT0878007_processed.obj,48717,87793,3823,0.015661100229133362,0.12041386779060749,0.043830764952949616,0.0,0.0,7.899562818875358,1.3516236372747628,0.5336553972684478,0.268820999537167,0.19752360319438525,1.9851700506554548,1.3609563373174047,5.192775751875481,,0.05445,2.022371349824675,0.0,0.0,0.19175895564393086
Acromyrmex_octospinosus_CASENT0878013_processed.obj,48811,88281,2509,0.007076989105702647,0.09651865293658948,0.02553619449485122,0.0,0.0,3.51684535274499,1.8334697673673996,0.6366447029044622,0.20442537829634103,0.15892991879919674,3.1143134390171623,1.2862611384998344,4.949342175443103,,0.0329,1.8489520339160597,0.0,0.0,0.1896150422132395
Acromyrmex_octospinosus_CASENT0878014_processed.obj,46089,83907,5656,0.3225528380994249,0.13789047183374722,0.06944882252992689,0.0,0.0,13.51865578175272,0.3398687902618842,0.6599864014487947,0.20728018089999217,0.13273341765121305,3.1840304200005627,1.5616276938236273,5.072607829872946,,0.019,1.7804085231495415,0.0,0.0,0.1872578690641158
Acromyrmex_octospinosus_CASENT0878016_processed.obj,45919,83459,6232,0.15465851389936203,0.16815090052050546,0.08477022524528244,0.0,0.0,0.5403451827230831,10.043755068266936,0.6762018114047899,0.19001514421108828,0.13378304438412186,3.558673253188681,1.4203230692337299,5.12402093556708,,0.03675,1.8915501984840226,0.0,0.0,0.1885394498706465
Acropyga_butteli_CASENT0878079_processed.obj,48842,82131,4430,0.06487586438099613,0.21221455684762305,0.05534885822739049,0.0,0.0,3.4100425482737027,1.454814409600323,0.7887776936511106,0.12061501256429936,0.0906072937845901,6.539631152719206,1.3311843619460664,3.040336379838015,,0.12715,2.740885130248214,0.0,0.0,0.20696537817991406
Acropyga_decedens_CASENT0744503_processed.obj,49672,93306,548,0.0023528579722523757,0.04606407882324168,0.0019915446699975544,0.0,0.0,2.5412248643161415,3.4845409085927073,0.7027407956356714,0.15220716631694647,0.14505203804738218,4.617002028487469,1.049328009215748,5.675626103860463,,0.01645,1.787720588298745,0.0,0.0,0.17750103531074166
Acropyga_goeldii_CASENT0744198_processed.obj,49602,91877,711,0.0029497170375550885,0.05768755516328332,0.003678729037952339,0.0,0.0,0.21657081230126468,0.1657770775644768,0.7466489940852895,0.16463255631475238,0.08871844959995807,4.535245098532093,1.8556744065873552,5.174046546120964,,0.11235,2.340094716923003,0.0,0.0,0.17972310995279767
Acropyga_goeldii_CASENT0744199_processed.obj,49552,91408,586,0.002739035350769803,0.056292870468232406,0.0013832043524830292,0.0,0.0,1.990857918599794,2.48619995202556,0.5547582200057465,0.2431451705785268,0.20209660941572666,2.281592592136558,1.2031135568353868,6.864590474044544,,0.0115,1.8172765508861004,0.0,0.0,0.1823507689627834
Acropyga_goeldii_CASENT0744200_processed.obj,49723,93818,391,0.001161604738153743,0.04224322744104463,0.0012598490965281064,0.0,0.0,5.801028415029365,0.39126339434088314,0.6994166226931886,0.20477000121867728,0.09581337608813421,3.4156205427096227,2.137175513263607,4.750162055863366,,0.14745,2.641478364407148,0.0,0.0,0.17987126768088443
Acropyga_sauteri_CASENT0878081_processed.obj,48732,87933,5182,0.03261222601102365,0.1456368654466542,0.05815570815825693,0.0,0.0,0.609026122171172,0.028425920245969703,0.7301825664617299,0.1605211853259464,0.1092962482123238,4.548823664484268,1.4686797392542765,2.3054338375679997,,0.0707,2.113055187176318,0.0,0.0,0.18944501494327284
Acropyga_sauteri_CASENT0878082_processed.obj,48995,82905,3691,0.0240908730799706,0.17031275931262352,0.03993602993316335,0.0,0.0,2.9748382161793723,0.6416208569136027,0.5235216638148342,0.35281255931207767,0.1236657768730881,1.4838521191978236,2.852952273725262,3.1220608813588995,,0.139,2.794403432031155,0.0,0.0,0.19416029281570812
Adelomyrmex_samoanus_CASENT0745601_processed.obj,49786,95271,358,0.0015207331950346514,0.031195494060791574,0.001592521354263614,0.0,0.0,1.1111272934243999,1.1790692608723743,0.5300055221615467,0.2926147784481385,0.1773796993903147,1.8112739382897645,1.6496520145986664,6.337323020957072,,0.00635,1.5782416683863698,0.0,0.0,0.17881448342153258
Adelomyrmex_samoanus_CASENT0745602_processed.obj,49732,94256,442,0.0013813887658947754,0.03956547391802311,0.002332280567799257,0.0,0.0,1.0707061030155418,0.050624013967691235,0.7011560147818638,0.17461331043607045,0.1242306747820657,4.01547861976176,1.405557127838109,4.79693486629104,,0.0258,1.765920803246403,0.0,0.0,0.1804237778987916
Aenictus_afrc-gh01_CASENT0744678_processed.obj,49750,96692,310,0.0026544503434620115,0.021907427635172037,0.0021777717094483887,0.0,0.0,18.300541751601244,4.034848112193362,0.5012655420868782,0.3688671473456031,0.12986731056751863,1.3589324657780568,2.8403386944232385,2.22036877390776,,0.15505,3.142907504247918,0.0,0.0,0.17810291930244035
Aenictus_afrc-gh01_CASENT0744679_processed.obj,49679,97425,415,0.001345159944891261,0.01801758940829448,0.004417741650468281,0.0,0.0,2.5902307752594913,1.1567868724914767,0.668352502993548,0.20655918165700995,0.1250883153494421,3.235646547551406,1.6513067673825,1.8710027907045421,,0.1434,2.471884938470709,0.0,0.0,0.17982471930308458
Aenictus_ceylonicus_CASENT0878083_processed.obj,49728,99335,2263,0.009270548796556422,0.03295959467338637,0.028375543685871873,0.0,0.0,0.04454711521191246,0.45494038478287513,0.49188012360554945,0.3872377729434178,0.12088210345103279,1.2702276429975794,3.203433443729584,1.6802177034205124,,0.19115,3.398898701653584,0.0,0.0,0.1770782482662694
Aenictus_ceylonicus_CASENT0878084_processed.obj,49554,97908,2893,0.013839865944894392,0.050562558388280374,0.0363056634939547,0.0,0.0,10.252210709103966,4.009732873985269,0.4967538573092292,0.34457099194730867,0.1586751507434621,1.441658958294412,2.1715498005380405,1.319026839560005,,0.13055,2.991200818940943,0.0,0.0,0.1846338408275715
Aenictus_lifuiae_OKENT0105003_processed.obj,48924,91067,498,0.21897069357503063,0.05160027992402062,0.002463617018237907,0.0,0.0,0.009550929767535214,0.07327235832647801,0.8547191884632491,0.09919410799326808,0.0460867035434828,8.616632638314119,2.152336799260951,1.10980409226547,,0.04035,1.9100614858617364,0.0,0.0,0.1866106465575715
Aenictus_lifuiae_OKENT0105004_processed.obj,49467,96059,424,0.0024593826509278216,0.02516293411898826,0.0041549058793635095,0.0,0.0,6.069934721125411,32.554368709494646,0.6321519554732725,0.19442739842775966,0.17342064609896796,3.251352230113552,1.1211317844866264,2.3678322473684417,,0.0604,2.0736381882697517,0.0,0.0,0.17908420311423667
Allomerus_decemarticulatus_CASENT0744512_processed.obj,49784,95452,324,0.0011818473912332816,0.030335988105153745,0.001459321415541773,0.0,0.0,21.532970428063372,1.356661626633506,0.5263484772205574,0.2993690578696982,0.1742824649097444,1.7581926501223555,1.7177233408118961,3.3342308353932597,,0.0373,1.893488255699551,0.0,0.0,0.18109865942925044
Allomerus_decemarticulatus_CASENT0745025_processed.obj,49863,96870,185,0.0010344434743201347,0.02028371307096915,0.00032704676768777934,0.0,0.0,0.8766326270408225,0.019643643139030668,0.6367156042299862,0.21366676854400782,0.14961762722600602,2.979946804871742,1.4280855304652833,5.951711547149156,,0.0737,2.2431888569651366,0.0,0.0,0.1824084527806824
Allomerus_octoarticulatus_CASENT0744405_processed.obj,49850,96597,238,0.0009212847560716719,0.022588264205553887,0.0007508942467848073,0.0,0.0,0.4018118717648473,7.462561790172185,0.6319873110024179,0.22563279270385567,0.14237989629372652,2.800955053691619,1.5847236764267638,7.262188819204416,,0.01975,1.800707226690605,0.0,0.0,0.17904302990859203
Allomerus_octoarticulatus_CASENT0744406_processed.obj,49738,94872,296,0.0009384433848742546,0.03344139461260377,0.0007465214175612252,0.0,0.0,0.26956368385920654,14.807623242846763,0.573109937448977,0.2462672292293827,0.18062283332164034,2.327187174852081,1.3634335410454308,9.900660809322607,,0.0071,1.6783659153925299,0.0,0.0,0.18243043662822545
Anochetus_horridus_CASENT0744281_processed.obj,48857,90825,576,0.2513930081090472,0.06443225530702379,0.005121812223963527,0.0,0.0,5.83930366303022,0.04497712527452181,0.7962518624053494,0.12696918163625173,0.076778955958399,6.2712215054397635,1.6536976838425261,1.74753730558873,,0.1267,2.5695581641831455,0.0,0.0,0.1891349439987755
Anochetus_katonae_CASENT0745578_processed.obj,49143,93143,901,0.3122947390479398,0.046135258913770336,0.008815430867354106,0.0,0.0,0.6365038501517332,0.1168804818702899,0.7159636514775989,0.15463265563666292,0.1294036928857382,4.630093485297721,1.1949632362748843,3.2054346899225643,,0.04625,1.98011900155159,0.0,0.0,0.18021362978873853
Anochetus_mayri_CASENT0744450_processed.obj,47884,81909,1305,0.29717457983088647,0.12012857186798315,0.009504475408323337,0.0,0.0,0.06325496799184037,0.21341065752435823,0.7557141687464994,0.18213745828668693,0.062148372966813706,4.149141949466511,2.93068747566321,4.32802588535863,,0.0928,2.31408760022618,0.0,0.0,0.1863357124991516
Anochetus_risii_CASENT0877608_processed.obj,49619,98091,3084,0.012356911760009859,0.051508820327660465,0.03793180389054545,0.0,0.0,1.6224274788679656,0.20503500704418717,0.7443295575214152,0.14838564705329887,0.10728479542528588,5.0161829819972965,1.3831004334312778,2.616266027639202,,0.06975,2.1159164044832357,0.0,0.0,0.1868720819930365
Anochetus_risii_CASENT0877609_processed.obj,49700,94515,1700,0.005776636611826702,0.05186638564574725,0.01668792811780693,0.0,0.0,1.2102452295738686,0.8745017370206881,0.5196316133163937,0.280838582166638,0.1995298045169682,1.8502857025822252,1.4075019160496156,5.715680427300839,,0.07705,2.1675504913194112,0.0004,0.0,0.19861536836201055
Anochetus_sp._CASENT0744922_processed.obj,48245,85648,1274,0.32772002536016687,0.11078676160064013,0.013795556082417705,0.0,0.0,5.06424988342656,0.1487349993908748,0.7351989022663279,0.1893065072328197,0.07549459050085239,3.8836430559787325,2.507550620208772,2.635028412301424,,0.12955,2.3996788140867915,0.0,0.0,0.18541012042753569
Anoplolepis_custodiens_CASENT0744723_processed.obj,48183,86342,987,0.08136764825984988,0.09321018693800284,0.008134169427354473,0.0,0.0,8.511218608734659,0.30025392421116226,0.6352345113011294,0.254263237996363,0.11050225070250756,2.498334074193674,2.3009779111276796,3.0163366896717,,0.1156,2.7878194477295573,0.0,0.0,0.18959263766551554
Aphaenogaster_cf.araneoides_CASENT0878078_processed.obj,49391,97953,4674,0.31721793130927856,0.0731173617321085,0.05932444516705959,0.0,0.0,16.14131730527476,41.39033041062625,0.5717658026053403,0.25227212501994145,0.1759620723747184,2.2664644481039815,1.4336733002480084,3.8183488733532784,,0.00875,1.798399467311981,0.0,0.0,0.1845185924883831
Aphaenogaster_gonacantha_CASENT0745599_processed.obj,48588,96709,8364,0.1716526012979609,0.09738571132166816,0.09123037554464347,0.0,0.0,0.4714618348504892,0.27156900635674713,0.7368047007933701,0.16333124265880733,0.09986405654782259,4.51110693091662,1.635535830457596,0.8917000951532742,,0.02955,1.9401892075264764,0.0002,0.0,0.21063684000175387
Aphaenogaster_gonacantha_CASENT0745600_processed.obj,48609,95357,6922,0.18507631177833028,0.09111258324326209,0.07637809002475507,0.0,0.0,5.646317503517928,20.399556860271733,0.7828778071672232,0.1251297326095494,0.09199246022322734,6.256529050614123,1.36021726460964,1.1969904818465666,,0.0619,2.0443060535809976,0.0,0.0,0.20029962053380482
Aphaenogaster_gracillima_OKENT0105348_processed.obj,48551,88829,2768,0.22432876083160447,0.12123416946417509,0.03877850937225352,0.0,0.0,2.397861296888201,1.4513248745441918,0.7737838984509804,0.15031347212047438,0.07590262942854527,5.147801374921352,1.9803460466673224,3.4660161287068356,,0.1004,2.2409622487291347,0.0,0.0,0.18791579161462815
Aphaenogaster_japonica_CASENT0743784_processed.obj,47519,81488,4141,0.010675688618982715,0.1947090431702998,0.05762654942907736,0.0,0.0,4.121571646080865,0.12424028138800713,0.8064804295954365,0.11467711281027711,0.07884245759428647,7.032618888214297,1.454509617145515,4.453978581607548,,0.0785,2.2833651763402973,5e-05,0.0,0.18585823752123656
Aphaenogaster_lepida_CASENT0743786_processed.obj,47307,79436,3140,0.22684036017435283,0.17969073534352756,0.039498050491869885,0.0,0.0,1.633139697388151,0.44500686907670106,0.6939816251596089,0.230048609906256,0.07596976493413497,3.01667384750729,3.0281600858671323,3.692586510458968,,0.1041,2.2358472023166898,0.0,0.0,0.18840298380599466
Aphaenogaster_pallida_CASENT0745235_processed.obj,48818,90102,789,0.004737930860506223,0.06928073647079068,0.007019128738994522,0.0,0.0,0.07934777462691525,0.451546210842655,0.6990505057993739,0.15925769338925275,0.14169180081137348,4.389430054664777,1.1239725409465562,2.9975735142419144,,0.08975,2.1864316089322506,0.0,0.0,0.18070089017059285
Aphaenogaster_sardoa_CASENT0745225_processed.obj,48242,86516,1191,0.18777453344751938,0.10199378598459749,0.012229241212763765,0.0,0.0,4.791992028611396,19.572692650801894,0.7240586006532697,0.15616549865717042,0.11977590068955994,4.636482493759988,1.3038140206678681,2.193187889477908,,0.0526,2.0093671719561996,0.0,0.0,0.192656928491326
Aphaenogaster_subterranea_CASENT0745050_processed.obj,48269,84959,1028,0.006406568877372343,0.10586725175002612,0.007716533082583322,0.0,0.0,11.589569200095232,1.5053386774417936,0.48595858535778236,0.33199368844020155,0.18204772620201606,1.4637585058949483,1.8236629227205636,1.6739940049131519,,0.08705,2.5421226554605103,0.0,0.0,0.18980861019706471
Aphaenogaster_tipuna_OKENT0105304_processed.obj,47796,83093,4035,0.3678488065211908,0.1785568752924131,0.056445162166649056,0.0,0.0,3.170613024350438,0.9145467341389056,0.7032399906635152,0.21750503786239825,0.0792549714740867,3.2332124238354925,2.7443709059123687,4.021558584779217,,0.06605,2.0699003770749687,0.0,0.0,0.19242631020896198
Aphaenogaster_trinacriae_CASENT0745222_processed.obj,48032,82852,1373,0.25970757041612713,0.11801677573689062,0.011320955957976855,0.0,0.0,5.597852725121892,1.928155116071057,0.6483542007770302,0.18002601354454134,0.17161978567842845,3.6014473020401407,1.0489816942311303,4.000476628367792,,0.11265,2.416407361313369,0.0,0.0,0.18628742450496488
Apomyrma_stygia_CASENT0744661_processed.obj,49966,99240,125,0.0005401516077007118,0.005997654548500587,0.001099011559725247,0.0,0.0,0.27453569711223746,0.4260944858529229,0.7871133607975576,0.14667054579994024,0.06621609340250217,5.366540067773296,2.215028677520831,2.078044244827294,,0.0817,2.1611378752673893,0.0,0.0,0.17721603604727462
Apomyrma_stygia_CASENT0744662_processed.obj,49942,98744,157,0.0014499908374058235,0.00878986374702409,0.0010020579176025933,0.0,0.0,0.18441382825993527,0.923759387039627,0.80700925131868,0.11352551974606463,0.07946522893525527,7.108615341500385,1.428618796764056,1.875216068843713,,0.052,2.0146416909449827,0.0002,0.0,0.1847727853371186
Apterostigma_megacephala_CASENT0745137_processed.obj,48383,86871,5011,0.010788062144523769,0.1776169710911963,0.07167141078747552,0.0,0.0,8.131266482735938,1.2400610413862339,0.7625215794048393,0.13135968011160354,0.1061187404835572,5.804837365293513,1.2378556276961972,3.3705299077949546,,0.0644,2.053347547064556,0.0,0.0,0.1852842579548857
Apterostigma_sp._CASENT0744290_processed.obj,48077,81744,1777,0.0958276724261915,0.13479101751369937,0.016523661145988428,0.0,0.0,21.668628117027247,10.046118598205284,0.49919285526779844,0.37792201234855266,0.12288513238364887,1.320888540378006,3.0754087579014486,6.282320083610606,,0.04055,1.9507172898946261,0.0,0.0,0.18220410149961092
Atopomyrmex_mocquerysi_CASENT0744784_processed.obj,48718,90759,664,0.00826598225011932,0.060975348415255266,0.005607503339500396,0.0,0.0,64.21999983600533,16.41481286098778,0.6716875194878675,0.18808269001191333,0.1402297905002191,3.571235180894756,1.3412463167847308,1.6378215364609023,,0.01685,1.763073645062324,0.0,0.0,0.18633281573448576
Atopomyrmex_mocquerysi_CASENT0744786_processed.obj,47942,84750,5833,0.011168120371144119,0.1920538680411757,0.08121173298374723,0.0,0.0,9.001936308934889,0.3516167024034542,0.5577979561073557,0.278837291281355,0.1633647526112892,2.0004424571192714,1.7068387569797363,6.978144495999839,,0.0495,1.9964400083105172,0.0,0.0,0.18506891597542133
Atta_sexdens_CASENT0744597_processed.obj,48045,86524,3088,0.01600535017659277,0.1299042004421518,0.04040530582166544,0.0,0.0,0.8590756174830301,59.43627639505822,0.6939430950065278,0.17243620151145958,0.13362070348201244,4.024346911633927,1.290490148741601,2.6632575913042613,,0.0061,1.628797000512585,0.0,0.0,0.19549124971436638
Atta_sp._CASENT0744323_processed.obj,48358,84865,1261,0.004537131024466734,0.10517374286206096,0.010305574889422754,0.0,0.0,60.498904227203084,10.063174637924938,0.39697439303212884,0.3755352460920751,0.2274903608757961,1.0570895732508612,1.650774321366116,4.253969521187111,,0.03175,1.831190427150087,0.0,0.0,0.18721798377210466
Atta_sp._CASENT0744324_processed.obj,49047,83817,1147,0.003089622248087842,0.11241601901938804,0.004137920657252271,0.0,0.0,14.446430013405974,12.806353478698398,0.4465492706132901,0.33787973059559934,0.2155709987911106,1.3216219565054492,1.5673709937346745,6.010850035937325,,0.01725,1.7763505416373113,0.0,0.0,0.18169798310088778
Axinidris_acholli_CASENT0745567_processed.obj,48476,87255,1002,0.25946326713477386,0.09066715542521994,0.009281524926686217,0.0,0.0,0.17343141029347686,0.03253257768963425,0.8111579695094615,0.1094365603078226,0.07940547018271596,7.412129613977637,1.37819926078145,2.5969943926984547,,0.08405,2.375439456829371,0.00015,0.0,0.189744315346246
Axinidris_hypoclinoides_CASENT0744663_processed.obj,49274,93900,1286,0.0037243387669605443,0.04792880823590996,0.013882393997557146,0.0,0.0,0.3960097935123733,0.2369095085322891,0.6658744797058304,0.21551813089848415,0.11860738939568555,3.0896448337308486,1.8170717018270686,3.5322434119201325,,0.1185,2.420833937434986,0.0,0.0,0.1812498245997269
Azteca_ovaticeps_CASENT0745027_processed.obj,48633,87465,2414,0.004996259716154805,0.10436918114507734,0.027446668132834837,0.0,0.0,7.170506849715656,2.7189637825294994,0.5476864553358584,0.3025123377186593,0.1498012069454823,1.810459895507516,2.019425236198222,2.8515745704454263,,0.05575,2.038561265706916,0.0,0.0,0.18240993358086582
Azteca_sp._CASENT0744101_processed.obj,48272,85467,1239,0.004359710710706621,0.10080350620891161,0.011486113802716118,0.0,0.0,17.492115511700025,0.15847366551912725,0.6869964888004153,0.2290360543290869,0.08396745687049763,2.999512416561783,2.7276764459155585,4.574610590677092,,0.08975,2.3185509825858084,0.0,0.0,0.1831771085243755
Azteca_sp._CASENT0744102_processed.obj,47287,75029,2252,0.005612510941209625,0.18278499196056186,0.019563993111384986,0.0,0.0,0.26163272060032894,0.6783409073419213,0.5805801093505778,0.31037032679642446,0.10904956385299776,1.8706044335590983,2.8461400103792567,6.074979748587833,,0.0974,2.3866927751615825,0.0,0.0,0.18687120652664505
Azteca_sp._CASENT0744103_processed.obj,48240,84227,1271,0.0051718881026526775,0.1077373647636328,0.009855220857833358,0.0,0.0,4.481898646966933,0.48971757521725723,0.647426820219378,0.18195384266581635,0.17061933711480554,3.558192620358493,1.0664315413638261,4.842549868028075,,0.0821,2.193634293229584,0.0,0.0,0.18013587376727794
Blepharidatta_brasiliensis_CASENT0744515_processed.obj,49686,93148,580,0.003933781604807618,0.0460238450283186,0.0023663005201660613,0.0,0.0,86.11717536189822,72.33207557988422,0.49159002321555073,0.2946079795668832,0.21380199721756588,1.668624264482788,1.377947743243431,3.4458816421897,,0.037,1.9379563244555953,0.0,0.0,0.18308207226692655
Blepharidatta_brasiliensis_CASENT0745135_processed.obj,49550,90916,576,0.0027500763640502246,0.05916030534351145,0.0013173635638600888,0.0,0.0,8.73880550703696,1.421354298341219,0.5473565021204682,0.26075747314215925,0.19188602473737262,2.099101880090936,1.358918522070841,4.039849862601076,,0.07475,2.1495581581990466,0.0,0.0,0.18066295447812922
Blepharidatta_brasiliensis_CASENT0745136_processed.obj,49577,91012,533,0.0019006241800451074,0.05907419132241106,0.0014227888083432336,0.0,0.0,1.387909706257304,3.5075251391936764,0.6017318503776447,0.22973614642255105,0.16853200319980435,2.6192301897102697,1.3631603615972314,6.92385897951772,,0.03895,1.9374104358310398,0.0,0.0,0.1816514773077298
Blepharidatta_conops_CASENT0744070_processed.obj,47967,78792,3665,0.23892250464502018,0.1867366254820796,0.042784318961928476,0.0,0.0,0.01062721282930711,2.368966560451389,0.5316646114926896,0.3064513040957781,0.16188408441153218,1.734907322588921,1.8930292326745082,6.756937092348204,,0.0669,2.1208521949994714,5e-05,0.0,0.1836329957499671
Blepharidatta_conops_CASENT0744394_processed.obj,46852,73425,2525,0.2614604936084647,0.1944924119151197,0.022789160827549563,0.0,0.0,0.32981889487124794,1.417040882362465,0.563706644222088,0.24025727643996728,0.1960360793379446,2.346262525634434,1.225576828772372,3.4452464324969663,,0.04755,1.9805225746617432,0.0,0.0,0.19416191897335336
Bothriomyrmex_corsicus_CASENT0745215_processed.obj,49246,86870,1247,0.004392483686040727,0.09512068041887736,0.0074485025941336625,0.0,0.0,7.938176939204341,1.0093006168097327,0.7961002725339015,0.1524566495103808,0.05144307795571769,5.221814037568069,2.9635989052135607,3.572513801708601,,0.08285,2.1673018104434876,0.0,0.0,0.1835953457036123
Bothriomyrmex_corsicus_CASENT0745216_processed.obj,49482,90619,906,0.002974540803338366,0.06646788598168174,0.005578223528404713,0.0,0.0,0.5147804369184256,0.7798181769419321,0.6992573251801205,0.1857837970443763,0.1149588777755032,3.763822982975722,1.6160891671818782,4.17006750393874,,0.09135,2.502405503346431,0.0,0.0,0.18274255215999757
Bothriomyrmex_meridionalis_CASENT0745153_processed.obj,48981,91507,958,0.003547014457894182,0.057475023998293455,0.00935044619049312,0.0,0.0,0.7323262560133196,0.16405231189800784,0.7775338324880606,0.1518070792199524,0.070659088291987,5.121854899543231,2.1484437867728317,3.0404016922272237,,0.0548,2.050123262931513,0.0,0.0,0.1789239142849359
Bothriomyrmex_meridionalis_CASENT0745154_processed.obj,49127,91051,1965,0.003470079862387898,0.07830514509524657,0.023101299626134948,0.0,0.0,1.9881204965333399,0.2421509227303372,0.8076651241511442,0.1326733772550183,0.05966149859383752,6.087620145514874,2.2237687685022753,3.2493672789190735,,0.0617,2.0843047222728726,0.0,0.0,0.18092341997733669
Bothroponera_cf.kruegeri_CASENT0744925_processed.obj,49378,100008,4893,0.023283097000609376,0.05744090407569628,0.05710655655488314,0.0,0.0,4.779702616585135,6.024555010451522,0.6853744396467103,0.1749523859589921,0.13967317439429755,3.9174912413447074,1.252584017780689,2.980918683118043,,0.0194,1.8011665038980074,0.0,0.0,0.18406475229392888
Bothroponera_fugax_CASENT0744923_processed.obj,48474,90338,5918,0.11702324712476131,0.14907547048438627,0.08127425683837351,0.0,0.0,0.90668758394396,0.6438823674560548,0.7578753515763782,0.1593018543780942,0.08282279404552763,4.757479782863059,1.9234059441477678,5.139769003704944,,0.0194,1.71098735637275,0.00025,0.0,0.18750618978196631
Bothroponera_pachyderma_CASENT0744926_processed.obj,49259,91723,1808,0.33117775137602523,0.07280133177487337,0.018722771225162044,0.0,0.0,17.272652564249164,11.107277643804796,0.6134873246445732,0.2307993666023583,0.15571330875306846,2.658097956141898,1.4822070666314207,6.793042605475213,,0.02575,1.830575008669543,5e-05,0.0,0.19147285402822564
Bothroponera_soror_CASENT0744928_processed.obj,48810,92756,4998,0.01940224414463254,0.1317331396526318,0.0701021712258452,0.0,0.0,14.436543747333264,16.293903972698995,0.5688936813172105,0.2373575024057703,0.19374881627701918,2.396779859709968,1.2250784648222062,3.295480378243229,,0.04425,1.921983651650652,0.0,0.0,0.18709478317899406
Bothroponera_talpa_CASENT0744929_processed.obj,48754,93125,7057,0.012939129415085682,0.1430762765286825,0.09382223156125237,0.0,0.0,0.05987839506785423,3.0920536904401894,0.6248713539426365,0.19679049842195664,0.1783381476354068,3.17531262410237,1.1034683326658392,5.492627685801765,,0.0124,1.7542346482386566,0.0002,0.0,0.18621566100863612
Brachymyrmex_sp._CASENT0744344_processed.obj,49825,96689,309,0.002344196254330133,0.02251652917937486,0.0016307425678395732,0.0,0.0,1.3852137817430217,2.1786765452546693,0.6475517135947462,0.2332237025930228,0.11922458381223107,2.776526169489424,1.9561712453559996,3.584183571610995,,0.15075,2.9271721262718944,0.0001,0.0,0.18395349178193296
Brachyponera_cf._obscurans_CASENT0744086_processed.obj,48093,84119,1076,0.3631972301837958,0.10314723569935637,0.007032423092304326,0.0,0.0,0.32767357394164204,1.8017889979924417,0.7468518645242803,0.1429585286893396,0.11018960678638007,5.224255393305353,1.297386685175193,3.304989821213147,,0.0994,2.415578891814911,0.0,0.0,0.18754159060417813
Calyptomyrmex_brunneus_CASENT0745549_processed.obj,49722,93355,331,0.0013365688224390437,0.04360952700436095,0.00086659957508666,0.0,0.0,0.23935448325344708,3.7862653686366166,0.5531049904514045,0.25306710902813073,0.19382790052046484,2.1856059942974326,1.3056278706450275,9.061257541059096,,0.005,1.7459958950099912,0.0,0.0,0.18090672276179104
Calyptomyrmex_brunneus_CASENT0745550_processed.obj,49678,93582,329,0.0020290174968546904,0.04087672762808879,0.0005374842942901019,0.0,0.0,1.6889285201838002,0.16548671984949734,0.6568625384986798,0.20013609078540723,0.14300137071591304,3.2820793886845245,1.3995396672315694,5.944669308088403,,5e-05,1.566496890279239,0.0,0.0,0.18327880005927397
Camponotus_OK01_OKENT0105018_processed.obj,47520,78881,1390,0.006443012706183748,0.1413117237678918,0.008292960058074393,0.0,0.0,0.10698689403588556,4.434848568145849,0.6910241711631163,0.1961999636816258,0.11277586515525788,3.5220402603358436,1.7397336159781922,3.946411806949205,,0.07505,2.613471225428416,0.0,0.0,0.1927798790669525
Camponotus_bishamon_OKENT0105015_processed.obj,48256,84903,896,0.01004712262568852,0.1028422845871066,0.005753310021220001,0.0,0.0,13.345200855860647,1.2229493657960495,0.5888020084680214,0.28956435175859924,0.12163363977337922,2.033406408254588,2.380627203938802,2.422447373006443,,0.0739,2.340115397535177,0.0,0.0,0.1867793524687903
Camponotus_blandus_CASENT0744254_processed.obj,48350,90233,6913,0.2513600773013994,0.16785359686278992,0.09379486703286499,0.0,0.0,0.9613511473046634,0.33243208330635693,0.7221377496627814,0.14477072511770525,0.1330915252195134,4.988147631889322,1.087753144904823,4.454248457795663,,0.0262,1.8542022224620223,0.0,0.0,0.18895024627818766
Camponotus_brutus_CASENT0744737_processed.obj,48488,90469,5143,0.020389741343564416,0.14359646063056586,0.06934231226464119,0.0,0.0,0.006997235405466438,9.2630598298926,0.7511105096549855,0.16622496080314197,0.08266452954187264,4.518638512687128,2.0108378009814096,2.9197881803091765,,0.02285,1.8117634935686298,0.0,0.0,0.18994383571608284
Camponotus_fulvopilosus_CASENT0744733_processed.obj,46459,93826,11577,0.09987617468664112,0.13484006758111164,0.12773116462873343,0.0,0.0,0.09749267106166028,0.587645592536998,0.7877391630256512,0.15603705565193818,0.05622378132241055,5.04841083891515,2.775285688402151,2.2283981457558157,,0.0797,2.2494200536542768,0.0,0.0,0.19528177454140977
Camponotus_hyatti_CASENT0741281_processed.obj,46717,76708,5158,0.041581170891918595,0.22912591785038638,0.06820951037291179,0.0,0.0,0.16177716619652258,0.04362428134484164,0.8698409447478502,0.06821405656021347,0.061944998691936176,12.751637838456798,1.1012036161216898,3.619773373342705,,0.0,1.4112626948982694,0.00025,0.0,0.2102160797665196
Camponotus_kiusiuensis_OKENT0105424_processed.obj,48930,95804,6807,0.015298020725737271,0.12005990286393395,0.08676297838138615,0.0,0.0,0.05690085536351982,5.2368428341024735,0.7333518756163432,0.16156469362019613,0.10508343076346058,4.539060231440762,1.5374897112359518,4.893622846047015,,0.03075,1.812737234065466,5e-05,0.0,0.18355783395434025
Camponotus_lateralis_CASENT0878124_processed.obj,47666,92554,8262,0.02120536418586272,0.1452536970118631,0.10651227841001867,0.0,0.0,0.3168866762131551,1.7207401028386804,0.7804929102126202,0.11699855773914955,0.10250853204823025,6.670961807518547,1.1413543380379474,4.766254498399611,,0.06925,2.1136965452216,0.0,0.0,0.18932522364710644
Camponotus_lateralis_CASENT0878125_processed.obj,48156,94214,5697,0.02828077882279434,0.10118317910207283,0.07393993737346849,0.0,0.0,7.3898110661816645,3.7372619145193027,0.6498186136768245,0.24341107464959624,0.10677031167357921,2.66963454564372,2.27976364247918,3.379881457387699,,0.0758,2.200167704233761,0.0,0.0,0.187210996174499
Camponotus_modoc_CASENT0709277_processed.obj,48551,90919,5211,0.016161810355565298,0.12913756236635782,0.06803991446899502,0.0,0.0,0.7705828279706335,19.841065767491607,0.7475657533148187,0.14816303174390066,0.10427121494128061,5.04556193617166,1.420938960261826,3.574712368927991,,0.0,1.761662772937774,0.0001,0.0,0.19362350443244886
Camponotus_polyrhachioides_CASENT0744732_processed.obj,48624,90699,6414,0.01028098897533769,0.15370916499266288,0.0871835420495505,0.0,0.0,0.17451317184772813,1.6094665641114134,0.7186034005459132,0.14999409124847823,0.13140250820560845,4.790878057692848,1.1414857546994395,5.811037351549068,,0.0273,1.8596844060754605,0.0,0.0,0.18670477297364643
Camponotus_quadrinotatus_OKENT0105286_processed.obj,48587,91547,6322,0.016838130933791273,0.1475786822144232,0.08401024566964792,0.0,0.0,0.37518250475572235,0.3703781893639483,0.84728432099237,0.07830117795107766,0.07441450105655217,10.820837478610484,1.0522301008451533,3.819091919677955,,0.0,1.3911336429574175,0.0,0.0,0.1902840372251478
Camponotus_sp._CASENT0744035_processed.obj,48549,90170,3878,0.19849774919054797,0.1266569638856784,0.05315126350184781,0.0,0.0,7.119894882313843,0.04433157736363798,0.7975634556246114,0.1219846701523508,0.08045187422303786,6.538226931535801,1.5162439822616312,2.943311953717951,,0.04235,1.9422697394536808,0.0,0.0,0.1851808952926729
Camponotus_sp._CASENT0744485_processed.obj,48960,93467,4479,0.013760466082593847,0.1152296871412769,0.06202909440026715,0.0,0.0,0.07612842258903488,0.06887412853609057,0.8409577241683444,0.09232444411447764,0.06671783171717802,9.10872231329765,1.3838046252139609,3.840632596830354,,0.0232,1.7209738997079578,5e-05,0.0,0.18766113619387825
Camponotus_sp._CASENT0744555_processed.obj,47432,85084,7483,0.020873123812331085,0.20808610870926383,0.10293240704851069,0.0,0.0,0.15143323091113114,0.16726594092694455,0.7454119375237773,0.16171021966138632,0.09287784281483634,4.6095536762279785,1.7411065412423066,4.624554355788874,,0.03955,1.930104549639251,0.00015,0.0,0.20144541474532063
Camponotus_vestitus_strophiatus_CASENT0744750_processed.obj,47695,93095,8732,0.27855451237882345,0.12500178065214604,0.10185330275360048,0.0,0.0,0.8509378759003295,10.440715026113093,0.7038354348434929,0.15619276267655854,0.13997180247994856,4.506197488170332,1.115887342373359,1.5320548446278448,,0.0211,1.6785501781910994,0.0,0.0,0.19702686150014018
Cardiocondyla_afrc-za02_CASENT0744788_processed.obj,49078,90784,3483,0.31189755923025686,0.09959181343304883,0.03973396511860246,0.0,0.0,4.524393176669807,0.5181763441440362,0.8136699823454516,0.11457726195061987,0.07175275570392853,7.101496130149491,1.5968343072898405,3.127103271853925,,0.0272,1.8504242032370335,0.0,0.0,0.18276418286529403
Cardiocondyla_afrc-za03_CASENT0744789_processed.obj,48838,89849,5966,0.3478125907036522,0.14656795802486883,0.07255803924387264,0.0,0.0,0.8251833064921126,9.291153919788286,0.8891136176962297,0.07005901184024155,0.04082737046352875,12.690924327104586,1.7159814860676745,2.814483156888386,,0.0137,1.7864763550333556,0.0001,0.0,0.2009329639734232
Carebara_affinis_CASENT0741335_processed.obj,39182,88780,4784,0.18525904722118214,0.07385552561469935,0.0755043931633066,0.0,0.0,0.7781331092393038,6.606584464091156,0.8566815845256482,0.08276244694727902,0.06055596852707269,10.351090574585934,1.3667099868162211,3.635307176169447,,0.04075,1.940376180799107,0.0001,0.0,0.2500038301153332
Carebara_afrc-gh04_CASENT0744799_processed.obj,45606,100999,5174,0.17857598047862655,0.06212918467609869,0.06851861794947516,0.0,0.0,0.22044239108919142,0.0245933437338619,0.799168891913744,0.11082095410740048,0.09001015397885553,7.21135184542123,1.2312050275287125,7.744846925587986,,0.03195,1.9048395892299608,0.00035,0.0,0.2666704364477386
Carebara_atoma_CASENT0741393_processed.obj,49684,93240,1647,0.35451025485848164,0.06649662834981307,0.01766535061668006,0.0,0.0,0.10928667116786754,0.6858023027192147,0.821700539805356,0.0987208780915486,0.07957858210309547,8.32347276169235,1.2405458288218045,3.9901781176222415,,0.04385,1.9000396675859248,0.0,0.0,0.19495043520323305
Carebara_atoma_CASENT0741394_processed.obj,49825,95791,868,0.006437810485149131,0.03904116169587834,0.009106630615298041,0.0,0.0,2.2992003354909403,0.41581321048351527,0.6761933121870759,0.19808710850121586,0.12571957931170824,3.413615945547135,1.5756265617949619,4.334598722644168,,0.02435,1.6659355895129402,0.0,0.0,0.19293712323221185
Carebara_diversa_CASENT0745681_processed.obj,49252,113672,10283,0.7266831852277671,0.08723846069776196,0.11731168563066947,0.0,0.0,0.020622973994767785,0.2110599213239841,0.5195631490009476,0.2919784358672357,0.18845841513181666,1.7794572652522735,1.549299009349157,4.520908226159922,,0.18895,3.139702615398069,0.00015,0.0,0.2513148822762064
Carebara_oni_OKENT0105038_processed.obj,49220,82286,3950,0.06508689865553396,0.17982196296465083,0.04531437512342584,0.0,0.0,1.6835286991183263,0.6321048882160459,0.4122267372788885,0.36682622278493837,0.22094703993617312,1.1237657279495183,1.660245020213471,7.71012383094056,,0.0108,1.7574676082489986,0.0,0.0,0.2075225116729662
Carebara_sp._CASENT0744801_processed.obj,48415,108881,6218,0.17377708568683314,0.05942347547572693,0.07885448721974503,0.0,0.0,2.5612044347571197,0.3888017859523584,0.7801282142640752,0.11428042176201984,0.10559136397390485,6.826438004303414,1.0822894738840796,7.444263129717327,,0.02575,1.7811702930946867,0.0026,0.0,0.376233479380745
Carebara_trechideros_CASENT0877591_processed.obj,49482,98106,2356,0.01701576304786545,0.03947127977096912,0.02881836578614309,0.0,0.0,29.44406171015861,53.58582188292011,0.5859228782422686,0.32068719944718704,0.09338992231054426,1.82708533191317,3.433852299189456,1.867063283629883,,0.09105,2.2659607941567663,0.0,0.0,0.1858732001948402
Cataglyphis_iberica_CASENT0745158_processed.obj,47705,105876,15873,0.3662490996637552,0.139489531037936,0.18049571095386804,0.0,0.0,2.7974926772896294,15.348945843792611,0.7099806140791407,0.1476085908298016,0.1424107950910577,4.8098868100283925,1.0364986076752147,3.803114506746106,,0.2268,3.2499440312030607,0.0001,0.0,0.2318550229514693
Cataulacus_sp._CASENT0745593_processed.obj,49995,98561,719,0.005289230190842931,0.025619862439188054,0.00774366716993793,0.0,0.0,48.41813117017661,24.359391509549887,0.42525179605303914,0.31644447262105085,0.25830373132591,1.3438433369708038,1.225086726377107,13.04328063841421,,0.0001,1.7416228645344416,0.0,0.0,0.1945276919085567
Cataulacus_sp._CASENT0745594_processed.obj,49975,95835,1144,0.027977339235823795,0.04730422654615563,0.01079540016134987,0.0,0.0,1.5096893818694979,39.84937127346539,0.5046408886527768,0.2776951993929292,0.21766391195429402,1.8172474344388188,1.2757980728162268,14.921020505113773,,0.0193,1.7624415143014318,0.0,0.0,0.21056041692865457
Centromyrmex_brachycola_CASENT0744052_processed.obj,49624,95640,2402,0.05601551500825308,0.06010448171569975,0.025384932636788562,0.0,0.0,1.8822635143519928,0.07657931336361015,0.8544542595008966,0.08886205661709475,0.0566836838820087,9.615512987536706,1.56768315909156,3.609527149048943,,0.05935,2.0778450698887454,0.0001,0.0,0.20891554251755615
Centromyrmex_feae_CASENT0878085_processed.obj,49497,93360,1109,0.007367603757292063,0.050273621744181166,0.00946129406989601,0.0,0.0,8.465912144163227,0.6801558147593221,0.5943319660814801,0.29879198684538677,0.10687604707313315,1.989116148516472,2.795687106961669,4.014571882528687,,0.08075,2.4325905655412545,0.0,0.0,0.18576360367208447
Cephalotes_atratus_CASENT0744036_processed.obj,48896,94004,6592,0.03730657326598308,0.12099343889667483,0.07521911017215052,0.0,0.0,33.12919579896551,7.419718709261561,0.49380726258218666,0.29271367921360764,0.2134790582042058,1.686997559898221,1.3711587528815548,8.16107840582502,,0.0,1.6095932368785586,5e-05,0.0,0.1930325688435123
Cephalotes_atratus_CASENT0744612_processed.obj,46731,98602,12824,0.024961554659829632,0.14521748057903563,0.14696280072550563,0.0,0.0,42.2754143919981,22.802449912715268,0.42296102282902065,0.31328225574675567,0.2637567214242237,1.3500956886971751,1.1877697525777007,9.86937606281504,,0.0,1.6327767268614246,0.0,0.0,0.19573668552320345
Cephalotes_betoi_CASENT0744448_processed.obj,49965,96766,1248,0.042651260959772674,0.045928239247768086,0.013177636715435011,0.0,0.0,3.4376263966391765,0.3620618870671618,0.727611941471688,0.17860719525568555,0.09378086327262644,4.0738109146726895,1.9045164335549356,4.117626489263598,,0.02235,1.6866216519194306,0.0,0.0,0.2027627637765421
Cephalotes_depressus_CASENT0744249_processed.obj,49859,92950,1233,0.02018957772980501,0.06573649479923946,0.01268733922380047,0.0,0.0,9.39469892905647,12.31126757596969,0.5744965685398713,0.2946625328469613,0.1308408986131674,1.9496763398767336,2.2520674802007776,6.080028279438362,,0.04045,1.8063870946023897,0.0,0.0,0.19955034334185456
Cephalotes_depressus_CASENT0744250_processed.obj,49983,98321,1568,0.01982260478180864,0.03965870536464107,0.016990829386274314,0.0,0.0,7.85875460303889,7.558152414680911,0.5968117051807948,0.22269994509690477,0.18048834972230035,2.6798915685457425,1.2338743494499853,7.1374851729679705,,0.01205,1.8090148360863145,0.0,0.0,0.2107315130735063
Cephalotes_depressus_CASENT0744566_processed.obj,49914,95673,1789,0.026638157958116082,0.06134251337996359,0.020538757408598764,0.0,0.0,3.410851767039428,7.248499796181247,0.7372899500992233,0.15295011651194723,0.10975993338882954,4.820460205675176,1.393496805160354,4.9497925606994135,,0.06865,2.169054476207395,0.0,0.0,0.21363238161621845
Cephalotes_depressus_CASENT0744567_processed.obj,49796,94438,1850,0.02476452496692505,0.07086325713851237,0.023259350397102432,0.0,0.0,0.2764120129313882,14.528542167855868,0.7352862343436216,0.14197002974547535,0.12274373591090298,5.179165177762143,1.1566376784272585,4.628781531539485,,0.0555,2.0982694216753854,0.0,0.0,0.20989711137579065
Cephalotes_duckei_CASENT0744396_processed.obj,49945,97326,4181,0.06560551179451268,0.0917270193105962,0.048414857212281566,0.0,0.0,0.37359671392591054,0.6659259534031763,0.8117555731373637,0.11856490958659677,0.06967951727603966,6.846507756533802,1.701574784407513,7.096197006267703,,0.0,1.5335230831880344,0.0,0.0,0.22447981366442712
Cephalotes_maculatus_CASENT0744373_processed.obj,49844,100989,1994,0.02790944131705453,0.037916033197096244,0.023673662803324974,0.0,0.0,0.2011215305022631,0.2740032568843066,0.8076297710160856,0.1273749765799143,0.06499525240400009,6.340568553583862,1.9597581649221367,6.082750527644533,,0.00645,1.4884860567651446,0.0001,0.0,0.22132249456600783
Cephalotes_maculatus_CASENT0744374_processed.obj,49908,96829,3919,0.07079811396716928,0.08530921369341027,0.042607145036511695,0.0,0.0,0.3702642902508007,1.4217580455384826,0.8671193603520232,0.07357631142661157,0.0593043282213653,11.785306215260984,1.2406566878554501,6.7599329934489045,,0.0,1.5043400252726653,0.0,0.0,0.22906161479938972
Cephalotes_minutus_CASENT0709253_processed.obj,49537,101461,3817,0.09963606624822108,0.055330714205805515,0.04381444995031555,0.0,0.0,0.6682123900898566,1.5262657978038263,0.8010527148466409,0.1346422342299621,0.06430505092339701,5.949490658915266,2.093804954611634,3.615858115805873,,0.0,1.6565212087103658,0.0,0.0,0.21740203619676782
Cephalotes_minutus_CASENT0744308_processed.obj,49730,101428,2398,0.05457282715424017,0.04469560074908828,0.031967670926832475,0.0,0.0,0.10608119084368141,0.36602496798444784,0.703261609916798,0.1881413175343237,0.10859707254887835,3.737943473200659,1.7324713559810128,7.519479506566031,,0.06785,2.2038782987347454,0.0,0.0,0.2239324206858469
Cephalotes_minutus_CASENT0744309_processed.obj,49971,97414,1687,0.04918662043343369,0.04940815609545172,0.018653892927600463,0.0,0.0,0.4993860501484907,0.25773185279839517,0.7323495133459011,0.1687270301011616,0.09892345655293729,4.340439779606239,1.7056321723945227,4.889720235888893,,0.07615,2.228121156459306,0.0,0.0,0.21930566406867524
Cephalotes_minutus_CASENT0744310_processed.obj,49904,93476,2399,0.02092783149795585,0.08603419432315926,0.026322548400308208,0.0,0.0,0.5712711371438868,10.739502847736098,0.6331023656454252,0.2142294841305489,0.15266815022402588,2.9552531866230893,1.403236259928398,9.287565180771171,,0.0247,1.7389021120489214,0.0,0.0,0.2199071699460411
Cephalotes_minutus_CASENT0745140_processed.obj,36411,73670,1284,0.033855835951686286,0.03524666347828441,0.02130501087358666,0.0,0.0,0.5114068181924092,0.8355161791655319,0.7327315425108343,0.17317047641243263,0.094097981076733,4.231272891839365,1.8403208488736786,6.199658904991268,,0.0353,1.858410853001305,0.0003,0.0,0.24188354480109592
Cephalotes_minutus_CASENT0745141_processed.obj,49978,95891,2389,0.04212981796800219,0.07356132043286617,0.026712973703243766,0.0,0.0,7.818200683342675,0.7757141395428135,0.6239102603749265,0.23328204537987512,0.14280769424519843,2.6744889833204035,1.633539751572025,10.20709230530439,,0.02975,1.8268140825616774,0.0,0.0,0.22604610154145344
Cephalotes_pallens_CASENT0744464_processed.obj,49832,101469,2291,0.052924727096413715,0.03869080871479741,0.028937596529854424,0.0,0.0,0.24869541521826813,0.01715266949855953,0.8456114960264346,0.12598589573155877,0.028402608242006685,6.711953676371835,4.435715715193687,3.8382944474994405,,0.02465,1.8757250659903455,0.0001,0.0,0.22331893226035868
Cephalotes_pusillus_CASENT0744050_processed.obj,49949,98473,1433,0.017315688324070266,0.03415149009405105,0.016040443969371224,0.0,0.0,2.2196299538978317,0.18846309124304697,0.7976653306622622,0.13270670373758184,0.06962796560015605,6.010738781061048,1.9059396981330792,3.2471036560053763,,0.01045,1.7466938386406397,5e-05,0.0,0.20828514644101323
Cephalotes_pusillus_CASENT0744051_processed.obj,49916,95200,1557,0.25694861991032103,0.055970842072688515,0.01633944228587147,0.0,0.0,0.5008184437994025,1.1750517263121147,0.7280774812414235,0.1645176676710902,0.10740485108748632,4.425527613830649,1.5317526722985984,3.806831129168659,,0.0326,1.8423972566649782,0.0,0.0,0.20613709281958856
Cephalotes_pusillus_CASENT0744100_processed.obj,49968,95591,1508,0.029763091767246008,0.057450259737593164,0.015946998473742206,0.0,0.0,5.986014223877151,0.3994334117244041,0.7392137876109469,0.18150292848346805,0.07928328390558506,4.072737524332987,2.2892962998305144,6.643603490434933,,0.04785,1.9825979230865507,0.0001,0.0,0.2142609350001934
Cephalotes_pusillus_CASENT0744206_processed.obj,49985,98214,964,0.07124140612287966,0.03062220277955379,0.010519231416361005,0.0,0.0,9.193609878402237,1.9153382598544682,0.5616693552112705,0.2511981269603669,0.18713251782836257,2.235961557547316,1.3423542304430764,5.129090264482687,,0.0,1.589050993981503,0.0,0.0,0.19986900714382286
Cephalotes_pusillus_CASENT0744207_processed.obj,49962,96102,3850,0.10663776535028435,0.08892761357602821,0.038990919363402446,0.0,0.0,1.6360917209551522,8.832286422078422,0.7382465560225204,0.14512011020634072,0.11663333377113878,5.087141644068737,1.2442421520000404,7.900614821912723,,0.0369,1.9123614972290126,0.0,0.0,0.23128128268425382
Cephalotes_pusillus_CASENT0744391_processed.obj,49983,98435,1459,0.021984034114997053,0.03737947519673408,0.01559100797679478,0.0,0.0,0.05936251657597133,0.33182321598639497,0.6664748829791771,0.17553071732350534,0.1579943996973175,3.7969131166418895,1.1109932862163696,6.3130306445837885,,0.0001,1.5011804132913962,0.0,0.0,0.20675675106549798
Cephalotes_simillimus_CASENT0744407_processed.obj,49945,97922,3529,0.03611387728657911,0.08930043634754982,0.04404362134952712,0.0,0.0,0.2518050113668518,0.059716422276399714,0.748464404949643,0.15039676636800778,0.10113882868234912,4.97659905212467,1.4870329064257317,10.205121337243108,,5e-05,1.5967207492532192,0.00015,0.0,0.2354108868798769
Cephalotes_simillimus_CASENT0744408_processed.obj,49955,100138,2856,0.058249131846832,0.06102429867005103,0.034273287327146296,0.0,0.0,0.11246242837272546,0.034333512685718943,0.8075298309276072,0.12407354142611442,0.0683966276462784,6.508477324381765,1.814030102007018,6.58271149552093,,0.00955,1.6616414154194943,0.0,0.0,0.2274711738203783
Cephalotes_simillimus_CASENT0744409_processed.obj,49990,99607,1922,0.06395938190449013,0.04445272324487583,0.02355023051284951,0.0,0.0,0.07842802698138521,0.5300456923419608,0.7357788864740151,0.1560053072514071,0.10821580627457764,4.716370868641578,1.4416129456686986,5.592331137609806,,0.0,1.5013938300779404,0.0,0.0,0.21795188548257835
Cephalotes_spinosus_CASENT0744158_processed.obj,49920,96125,1189,0.009092645527315923,0.04343874085059561,0.011953171451808011,0.0,0.0,1.4814083414579151,6.873445758075912,0.5508351553591396,0.3138487856148788,0.13531605902598157,1.7550972971903254,2.319375747963645,3.961722362844271,,0.02115,1.7821863004020524,0.0,0.0,0.20485441698112883
Cephalotes_spinosus_CASENT0744159_processed.obj,49950,97116,1416,0.014610711883353056,0.041779158583076695,0.014876066694704853,0.0,0.0,7.750370686087332,18.032838654059347,0.5745781928193647,0.22603668378332256,0.19938512339731268,2.541968777820825,1.1336687508671426,5.6790698175066385,,0.0342,1.8603474716451156,5e-05,0.0,0.21103932197359582
Cerapachys_sp._CASENT0745076_processed.obj,42504,85323,1003,0.04376032268387786,0.019969877402589296,0.013383485637139758,0.0,0.0,0.4409200392316899,2.8196758970138434,0.816820640299097,0.10574364091663122,0.07743571878427176,7.724536749619603,1.365566725237258,3.740424971176426,,0.01595,1.7619782903714583,0.0009,0.0,0.23414630982027698
Cerapachys_sulcinodis_CASENT0745634_processed.obj,49873,98237,478,0.004785997315757906,0.01648436920128744,0.0043319545752052956,0.0,0.0,11.204160021552017,0.5980314496241897,0.7048871769147798,0.20278341201517494,0.09232941107004526,3.4760593576659553,2.1963035360567207,2.6876295367979623,,0.09125,2.499942421667332,0.0001,0.0,0.19135166218869695
Cerapachys_sulcinodis_CASENT0745635_processed.obj,49959,99211,441,0.0072043430317350055,0.011997508055278302,0.004695842069653874,0.0,0.0,0.16851529487998876,3.498247461236205,0.8053313002163185,0.11228470107538442,0.082383998708297,7.1722264253582,1.3629430816166013,2.0841594040560265,,0.0773,2.3395982744032637,0.0001,0.0,0.18784792494759323
Cerapachys_sulcinodis_CASENT0877601_processed.obj,49586,97322,2585,0.005892376944373501,0.046871067150116665,0.031598854413975606,0.0,0.0,1.3412899230246873,0.6062122491886714,0.6913164503512652,0.1929962393707195,0.11568731027801525,3.5820203160712394,1.6682576412825092,3.9990416864567186,,0.0872,2.2126355909666677,0.00025,0.0,0.1840095574558621
Cerapachys_sulcinodis_CASENT0877602_processed.obj,49207,95058,4002,0.01441260180362336,0.08476122042891886,0.05165266416095512,0.0,0.0,10.982165073490824,4.97527514856071,0.6563457058267388,0.18067799687556102,0.16297629729770013,3.632681993252261,1.1086151782275808,2.6944339631439487,,0.06365,2.095056033680997,0.0002,0.0,0.18815849149655245
Cladomyrma_sp._CASENT0745080_processed.obj,49014,109667,7153,0.4689487982295195,0.08266168908227849,0.08399055577531646,0.0,0.0,1.6762923969445036,0.10208904988022992,0.789218965993344,0.12549060310817056,0.08529043089848548,6.289068236551959,1.4713327366997617,5.858666928065678,,0.02205,1.847186172019291,0.0,0.0,0.23046972270104685
Colobopsis_shohki_OKENT0105043_processed.obj,47543,103756,14256,0.24869320041352783,0.15602696141659886,0.16161636206086824,0.0,0.0,0.2617808679837997,0.13273729318577893,0.8448484543552205,0.08299611472906245,0.0721554309157169,10.179373541920548,1.1502407189004014,3.567941753655632,,0.03285,1.8091325942733116,0.0002,0.0,0.248362253270978
Colobopsis_sp._CASENT0877570_processed.obj,49585,95186,2398,0.02490328467746361,0.05793650793650794,0.025576259489302967,0.0,0.0,1.1222488638487955,3.978539905972766,0.7471056855598679,0.16114515487035608,0.09174915956977618,4.636228040246861,1.7563665501241297,3.869741026226141,,0.0413,1.9024748185713667,0.0,0.0,0.18628920302108112
Colobopsis_sp._CASENT0877571_processed.obj,49111,94411,5855,0.04272903475899115,0.11483612188673223,0.0698676622646616,0.0,0.0,5.801752084685457,1.3389085567339039,0.7955922618601828,0.1175156814174647,0.08689205672235252,6.770094444110037,1.352432959355126,3.7312165610350596,,0.06475,2.171139221054192,0.0002,0.0,0.19611285187129812
Colobopsis_truncata_CASENT0878134_processed.obj,48079,93030,8479,0.03600561853097972,0.1581267916129623,0.10833139645445518,0.0,0.0,0.09830107108801399,0.2851268837621736,0.8398934276975843,0.09083956318732098,0.06926700911509462,9.2458990139091,1.3114405306049988,4.0309326099266345,,0.0164,1.7327154607538284,0.0,0.0,0.19698665151104022
Crematogaster_cf.crinosa_CASENT0744446_processed.obj,46264,103408,5426,0.2575894011780063,0.060593094822762726,0.07258006121844453,0.0,0.0,0.31263617134810745,0.36010979370402013,0.6683329587990245,0.18696553976746585,0.14470150143350965,3.5746317724124377,1.2920774001324136,9.319229044002537,,0.0953,2.230484779635706,0.0003,0.0,0.2555429047055266
Crematogaster_cf.levior_CASENT0744377_processed.obj,49147,103709,6530,0.1749046617401664,0.09522759121814502,0.08334198370270411,0.0,0.0,8.792128053058935,0.24673981431936629,0.7577298960818399,0.14347452071031522,0.0987955832078449,5.2812854319391525,1.4522361835596975,5.7471210081852675,,0.07775,2.340777867478286,0.0002,0.0,0.23910620678526961
Crematogaster_evallans_CASENT0744252_processed.obj,49854,99655,6546,0.2630750047206595,0.11688095839593665,0.07776329960510045,0.0,0.0,0.7867321604187852,4.21508427231946,0.877106355657611,0.08155452493274917,0.04133911940963978,10.754845992676474,1.972817178919676,4.403097204791877,,0.0422,1.816955697156636,0.00015,0.0,0.2512032783993787
Crematogaster_nawai_OKENT0105046_processed.obj,49362,105143,5605,0.1229000092997421,0.08398127805903143,0.0681504123284618,0.0,0.0,8.722689799633669,12.056519321350105,0.6577643485598115,0.2229296645780843,0.1193059868621041,2.9505465313676105,1.868553879326695,5.823954624946791,,0.0993,2.283985085767871,0.0003,0.0,0.24600931851973643
Crematogaster_sp._CASENT0741249_processed.obj,33496,68413,1118,0.043279085705780984,0.0263748706635691,0.021494250629599983,0.0,0.0,0.015450120876339353,0.30050615571604355,0.7826821798447714,0.1143138400776759,0.10300398007755264,6.846784075427274,1.1098002231720363,5.044666731420396,,0.0,1.518144188513439,0.0001,0.0,0.22167602304136572
Crematogaster_sp._CASENT0744804_processed.obj,49299,104598,5958,0.13851450818034095,0.08636544611551354,0.07392019110979824,0.0,0.0,2.764343195118492,7.563793594101071,0.6944747475213647,0.19386566458093013,0.11165958789770516,3.582247269121,1.7362204915043795,4.799112343158754,,0.1081,2.4123685212199124,0.0003,0.0,0.2527947109068806
Crematogaster_sp._CASENT0877556_processed.obj,48711,94552,4868,0.02990927681841149,0.09170092676468539,0.059285067242700856,0.0,0.0,2.6344467296876863,1.4082980472584077,0.7943795340723846,0.12977716664015504,0.0758432992874603,6.121104001869859,1.7111223781058797,3.2482826955852913,,0.07965,2.177366278937568,0.00035,0.0,0.20426214722717395
Crematogaster_stollii_CASENT0744210_processed.obj,49665,97426,5647,0.1194455954805087,0.10656331449074231,0.06626273567342518,0.0,0.0,0.6660095574021688,0.40157770420965155,0.731618016347445,0.15109929439666125,0.11728268925589375,4.841968450407345,1.28833415532436,3.6909916335239696,,0.06325,2.09268550572484,0.0004,0.0,0.21983994354310707
Cryptopone_sauteri_CASENT0743771_processed.obj,45245,95139,3506,0.10327516227826394,0.045743761248175495,0.048825938469823006,0.0,0.0,1.8604615469791153,0.28393376778044216,0.7548474046636396,0.14589663478889806,0.09925596054746236,5.173850690633472,1.469903006168914,4.9147873132752045,,0.0462,1.9702613896230896,0.00025,0.0,0.23955863805625804
Cryptopone_sauteri_OKENT0105281_processed.obj,48997,104073,6959,0.4776129400430831,0.09386816886816887,0.08491323491323491,0.0,0.0,0.24994969888158233,0.26690991058474434,0.8072476061036872,0.13996439192107568,0.052788001975237246,5.767521260399466,2.6514432576313975,4.505496413660573,,0.0367,1.9348183022300027,0.00015,0.0,0.24468902093398315
Cryptopone_tengu_OKENT0105052_processed.obj,42459,87911,2705,0.11054308063983087,0.04560745097141811,0.04173245764586528,0.0,0.0,2.8414359746243827,4.926917644986274,0.7230286047148062,0.1615061456219686,0.11546524966322502,4.476786947830284,1.3987424449609736,5.673569775138579,,0.06115,2.144748940250253,0.0002,0.0,0.23264488895792004
Cylindromyrmex_brasiliensis_CASENT0744218_processed.obj,49820,94840,2010,0.034739977952068735,0.06496740592556824,0.02232952781705929,0.0,0.0,6.2288056224378385,21.07581038769529,0.7450110472603219,0.14443214145458513,0.11055681128509297,5.158208136757296,1.3064065413585222,3.5164379809070803,,0.0496,1.9912921078170873,0.0,0.0,0.20832190454866825
Cylindromyrmex_striatus_CASENT0741379_processed.obj,49955,99094,1290,0.010068497457228043,0.027896047557840618,0.014212457155098543,0.0,0.0,0.0427542276462843,0.7340874135828224,0.6281751289778275,0.27550322862172283,0.09632164240044976,2.2801007890921583,2.8602422234074822,5.304568965095309,,0.02805,1.8238192591933164,0.0,0.0,0.194516919429891
Cylindromyrmex_striatus_CASENT0741380_processed.obj,49916,99175,1263,0.012117870890395399,0.02445151565901859,0.013813431585998995,0.0,0.0,9.139284670831396,3.409747864061688,0.671648352602469,0.17281154577896074,0.1555401016185703,3.886594206278086,1.111041744094684,4.157673960079832,,0.0719,2.148393113699358,0.0001,0.0,0.194431035398169
Cyphoidris_afrc-tz01_CASENT0744810_processed.obj,44695,90839,1463,0.04214218691342708,0.033884533456310255,0.020342432161392567,0.0,0.0,0.16402088894798644,9.752316578379704,0.48762096903264784,0.27637895117512046,0.23600007979223167,1.7643202094781787,1.1710968547910547,11.82221741112562,,0.02315,1.8042185918424174,5e-05,0.0,0.222212385647668
Cyphoidris_afrc-tz01_CASENT0744811_processed.obj,38694,77860,962,0.025142629407422512,0.024304606342263533,0.014053102788408966,0.0,0.0,3.930034842155066,0.5081715717310111,0.7515256642009813,0.14121405117826527,0.10726028462075343,5.321890123046418,1.3165548802855054,5.033484030388467,,0.00905,1.735047673395265,0.0,0.0,0.20389024338500739
Cyphoidris_afrc-tz02_CASENT0744812_processed.obj,33791,67487,880,0.07255671648662154,0.02834067836625482,0.014450696466514519,0.0,0.0,4.951269151415638,8.200357763212962,0.6353160891001335,0.2502145491695575,0.11446936173030907,2.539085321811613,2.185864805982455,5.370859222406641,,0.0406,1.9488134918232565,0.00045,0.0,0.23045610709032946
Cyphomyrmex_cf.minutus_CASENT0744280_processed.obj,35499,73315,1264,0.06364423917426054,0.029665376735715912,0.02310949237423173,0.0,0.0,6.672548982118852,2.625822220320127,0.41830731339655386,0.35343033146038066,0.2282623551430655,1.1835637073595249,1.5483513750607936,14.762180489406076,,0.05705,2.0315116545010716,0.0,0.0,0.2262487407841285
Cyphomyrmex_flavidus_CASENT0709261_processed.obj,36627,74466,665,0.023843241548626604,0.0114485666861065,0.010937149522228701,0.0,0.0,0.17025586642331786,0.07746605430486855,0.8244350655824831,0.09481917693990452,0.08074575747761222,8.694813561870529,1.1742929895257264,5.6507834511577455,,0.0,1.3817404656640204,0.0,0.0,0.19161621034514684
Cyphomyrmex_laevigatus_CASENT0744291_processed.obj,49994,100683,916,0.0504059001240833,0.0181484125095831,0.010660374864514764,0.0,0.0,26.28147518985318,10.422399943689529,0.3925211371073356,0.36432058383543575,0.2431582790572286,1.0774058741754708,1.4982857472424,8.813061873285669,,0.0477,1.9763980004584014,0.00015,0.0,0.20872706091239793
Cyphomyrmex_major_CASENT0745147_processed.obj,49940,100831,1549,0.11212628993757001,0.02847451811084935,0.018160341562238103,0.0,0.0,44.10159193132172,18.519036659605796,0.48191825784214193,0.3568188671916314,0.16126287496622654,1.3505963449610001,2.2126535153634115,6.606892161635416,,0.019,1.8138207303284266,5e-05,0.0,0.21823778146938583
Cyphomyrmex_major_CASENT0745148_processed.obj,47612,95676,1413,0.07156744450052666,0.029350483387043005,0.01691854650516724,0.0,0.0,27.406290109267342,29.90168099800231,0.4563444693848591,0.3297817272202903,0.21387380339485063,1.3837773039499741,1.5419453995095052,3.399570629708723,,0.00385,1.5452201299528074,0.0,0.0,0.22065391930465397
Cyphomyrmex_minutus_CASENT0745116_processed.obj,39031,80331,2067,0.11118836907148832,0.04313810172419521,0.031651772366366564,0.0,0.0,15.550938793944686,4.477128089966317,0.5997003274485259,0.23466895728951373,0.16563071526196035,2.5555162232585746,1.4168202855271317,10.534840858321171,,0.0719,2.1421885454040153,5e-05,0.0,0.22770564517003775
Cyphomyrmex_minutus_CASENT0745117_processed.obj,35939,73578,1785,0.05758304145675053,0.0464418663486212,0.02895840109870252,0.0,0.0,16.064030564194358,0.5825386185088982,0.5584823824041503,0.262875156215589,0.1786424613802608,2.1245156463021866,1.471515529871867,7.932418142537649,,0.06925,2.126725233982618,0.0,0.0,0.2258583435781327
Cyphomyrmex_peltatus_CASENT0744330_processed.obj,30194,61454,1131,0.1237964941734474,0.03333297223516157,0.02185005037319496,0.0,0.0,0.6862165185453118,0.8163082584690733,0.4541021134261771,0.365147609275688,0.18075027729813495,1.2436124512137448,2.020177311669639,8.284731721047008,,0.0999,2.219316420002566,0.0,0.0,0.22418180612176442
Cyphomyrmex_rimosus_CASENT0744354_processed.obj,45135,91359,1208,0.10738942904641491,0.028945339211150393,0.016716860896512593,0.0,0.0,26.03226729594402,12.308327666690632,0.3973404229879236,0.3542195203663951,0.2484400566456813,1.121734969820199,1.4257745918629123,6.828831759974162,,0.01995,1.8760840893736141,0.0,0.0,0.22496659071680353
Cyphomyrmex_salvini_CASENT0744339_processed.obj,43411,88892,1523,0.11999055188471797,0.029903498371628822,0.022159355255061457,0.0,0.0,5.201785638453642,3.2188486901271887,0.4279088713848551,0.3772711631384749,0.19481996547666994,1.1342209879629574,1.9365118057350947,10.120293990970737,,0.084,2.211476200489135,5e-05,0.0,0.22725143666319333
Dacatria_templaris_CASENT0743774_processed.obj,49968,100143,1156,0.01912253361246463,0.023144183082040352,0.013477536332915065,0.0,0.0,11.157888696109241,0.20396940037193997,0.6284712703737325,0.19965557577629084,0.1718731538499766,3.1477772054706805,1.1616449183830349,4.354917633851105,,0.05955,2.0616032983194756,0.0,0.0,0.20989782406360624
Dacatria_templaris_CASENT0743775_processed.obj,38342,77366,952,0.02850900371332954,0.026080156738734404,0.014883305262434263,0.0,0.0,0.482888958360559,0.12907487021201175,0.6654856325496341,0.20799346637970403,0.12652090107066183,3.1995506596094314,1.6439455032298564,7.640624176021037,,0.07985,2.22911750360581,0.0,0.0,0.21562746681268716
Dacetinops_sp._CASENT0745606_processed.obj,49948,100269,492,0.006931612762074768,0.01250265308288231,0.005869945877109201,0.0,0.0,7.821081205285476,4.823571012179995,0.5600369117435241,0.25342907384405466,0.18653401441242135,2.2098368717084838,1.3586212393613653,7.905071502462746,,0.03715,1.936961580844608,0.0,0.0,0.2024274980972296
Dacetinops_sp._CASENT0745607_processed.obj,44622,89162,425,0.00907778601371656,0.012088534908347876,0.005197846286933047,0.0,0.0,4.5821049667392915,0.1485473788496469,0.6350981490869777,0.20286593426683383,0.1620359166461884,3.1306298486350093,1.2519812796183905,5.320438243845304,,0.0725,2.0712457838814298,0.0,0.0,0.19993105148464968
Daceton_armigerum_CASENT0709536_processed.obj,48846,95429,6954,0.1390175701442793,0.11689818011101599,0.07822899119052222,0.0,0.0,1.350494021699211,1.5534598291282775,0.8333422260728284,0.0938628790501784,0.07279489487699321,8.878293895367623,1.2894156823604908,3.1170479092303873,,0.0205,1.8002335136747998,0.0,0.0,0.20056791115449632
Dilobocondyla_fouqueti_CASENT0745576_processed.obj,49932,96205,1271,0.04098562113693205,0.04560104886509519,0.012940099969954386,0.0,0.0,0.0036790441473981746,0.3473033066096501,0.6643604846617643,0.2297944203522262,0.10584509498600951,2.8911079896693765,2.171044585321598,3.880271100603673,,0.14385,2.6864884164160956,0.0,0.0,0.19918703801469181
Discothyrea_banna_CASENT0745641_processed.obj,24907,51087,1071,0.07524274024584088,0.03837139657821411,0.024465508710710657,0.0,0.0,0.2448493698357861,0.2689284027738367,0.762395168351354,0.1322854952963118,0.10531933635233431,5.763255953675293,1.2560418616175586,7.891197700303613,,0.01125,1.7500628766656097,0.0001,0.0,0.23387036479838458
Discothyrea_patrizii_CASENT0744990_processed.obj,20696,43125,809,0.04520002602605888,0.03476109478892841,0.025359517550641718,0.0,0.0,0.46993543871108173,0.6676396739186122,0.7145445612477552,0.17250096429676776,0.11295447445547693,4.142264155801847,1.5271724748253523,5.717021888027435,,0.0208,1.7266669477583265,0.0,0.0,0.23961501468293436
Discothyrea_patrizii_CASENT0744991_processed.obj,19551,40310,887,0.05049621336382781,0.04126249690159465,0.028059158886226555,0.0,0.0,0.2780245916990731,5.121726684502628,0.6737283453177504,0.2178261175941645,0.10844553708808509,3.092964024511445,2.008622239726056,8.954209992690469,,0.0058,1.7382970834991902,0.0,0.0,0.24002522220500913
Discothyrea_sexarticulata_CASENT0744287_processed.obj,49513,85759,1626,0.3291248163133649,0.11642469981834025,0.014370320046079547,0.0,0.0,0.13746760547540374,0.6430515794705326,0.5805955189618518,0.25108698839557414,0.1683174926425741,2.3123281802526323,1.4917462496234002,6.448345586272419,,0.01155,1.6868990141342786,5e-05,0.0,0.1900494063434374
Dolichoderus_cf.bidens_CASENT0744033_processed.obj,49471,99001,8222,0.16987714714392,0.12424807851643281,0.09942540736798852,0.0,0.0,3.3325462336577436,3.268958268467551,0.680821159528265,0.19674806624509872,0.12243077422663613,3.4603702721028666,1.607014800714166,4.356281622605923,,0.1425,2.439003825972068,5e-05,0.0,0.209454483277149
Dolichoderus_debilis_CASENT0744349_processed.obj,46641,108511,9300,0.33031812938959737,0.1133130691404991,0.12129446484204673,0.0,0.0,0.9680262342181282,12.581750494963956,0.6204627057996193,0.22366304276705953,0.15587425143332112,2.774095792150241,1.4348940938634542,9.665974641611356,,0.06455,2.093138631921547,0.0005,0.0,0.2640948009030395
Dolichoderus_decollatus_CASENT0744046_processed.obj,48521,98146,8713,0.07459063058744031,0.1097632410636443,0.09979838709677419,0.0,0.0,0.1626893439097845,1.156863778859189,0.7411817602830241,0.14881768511624074,0.11000055460073511,4.980468280393494,1.3528812255210778,4.893715992190415,,0.0203,1.8408698774131997,0.0,0.0,0.1870163945427042
Dolichoderus_quadripunctatus_CASENT0745213_processed.obj,49795,101868,4542,0.11258686307475485,0.07220263913094754,0.05404714793023469,0.0,0.0,0.5935496943736511,0.07075975274101542,0.8431286743455464,0.108242467562373,0.04862885809208066,7.7892595515683976,2.2258895604213373,4.993007466895122,,0.0808,2.421368157808547,0.00035,0.0,0.2556092308241071
Dolichoderus_quadripunctatus_CASENT0878128_processed.obj,48813,94384,5559,0.24199559455879283,0.1070752879639419,0.06942435034221801,0.0,0.0,4.1767453642789025,3.8567121050590516,0.8138701589241196,0.13092639134333114,0.055203449732549294,6.216242199709683,2.3717066954627977,2.992353937416961,,0.0589,2.0953496979101276,0.0,0.0,0.1837725274509411
Dolichoderus_quadripunctatus_CASENT0878130_processed.obj,49451,94515,3688,0.008500379605874797,0.08014512559746377,0.0446615007873688,0.0,0.0,0.9448037313821475,0.028676872248982053,0.7775362479151345,0.14817290479117398,0.07429084729369155,5.247492778864986,1.9944974406525064,3.145952402944621,,0.05375,2.025901622836951,0.0,0.0,0.18467680342629406
Dolichoderus_quadripunctatus_CASENT0878131_processed.obj,49249,92878,3978,0.02907245692827487,0.09349484956224792,0.04825812616815863,0.0,0.0,0.3113630337785719,0.31345768308343724,0.8109585503740511,0.0960516792911024,0.09298977033484647,8.442939846124824,1.0329273741104028,3.1738677391876444,,0.0087,1.5851546016403926,0.0015,0.0,0.21880440784090258
Dolichoderus_sibiricus_OKENT0105315_processed.obj,49434,101507,5184,0.12910430448855037,0.0786686439281595,0.06418190805734059,0.0,0.0,1.231421646912159,6.297435283221376,0.76540172528479,0.15445012862201835,0.08014814609319161,4.955656120934266,1.9270580312916121,5.9248309891445325,,0.03925,1.8446645652128335,0.0001,0.0,0.23406899365485004
Dolichoderus_sibiricus_OKENT0105316_processed.obj,48615,101970,7193,0.6051166690862726,0.1073759275827588,0.0897058049576338,0.0,0.0,0.8170300395513542,3.105966630404457,0.8105894020660949,0.1066736736329766,0.08273692430092862,7.598776478393569,1.289311568375274,3.3427638359369385,,0.0684,2.1479534292526745,5e-05,0.0,0.24630215779742637
Dorylus_afrc-gh01_CASENT0744686_processed.obj,48283,109824,9281,0.24767389508715287,0.10578980099502487,0.11090174129353234,0.0,0.0,0.00772859293736566,3.5605579712969955,0.8552920991676782,0.09199387994524921,0.0527140208870727,9.297271728040073,1.7451501212993086,4.987829638782019,,0.0356,1.8887935283582284,0.00025,0.0,0.24903614118977077
Dorylus_afrc-gh01_CASENT0744687_processed.obj,49861,99751,4080,0.1014476180374494,0.07111185086551265,0.04845539280958722,0.0,0.0,0.29967641769619924,0.16734619872822562,0.7785038590315695,0.15637378383528067,0.06512235713314969,4.9784806630478515,2.4012304025721547,3.685272201722695,,0.0449,1.9429560416133562,5e-05,0.0,0.2111732564831204
Dorylus_afrc-gh01_CASENT0744689_processed.obj,49816,100489,7399,0.14867040510121943,0.1252590177781884,0.08595430728417384,0.0,0.0,4.503028290927894,21.676931347370612,0.6003962600505337,0.23591493085381415,0.16368880909565228,2.5449693153273634,1.4412404376157213,3.923093272778215,,0.0478,1.9893635800277543,0.0001,0.0,0.224578956685313
Dorylus_fulvus_CASENT0745670_processed.obj,48652,102571,9268,0.2169257544598997,0.09183300674217011,0.1063602245175861,0.0,0.0,1.3427074021173317,1.184260904525608,0.7967848882188888,0.1437300350765105,0.05948507670460062,5.543621330049378,2.416236862066521,3.1278642474969685,,0.0986,2.83049719765107,0.0001,0.0,0.2226206312055637
Dorylus_fulvus_CASENT0745671_processed.obj,49731,100004,4917,0.1139971246244883,0.0651858197417999,0.05713463481886507,0.0,0.0,0.6663298059549523,0.5628156635369462,0.7820644290227775,0.1148025859658948,0.1031329850113277,6.812254466594601,1.1131510055030924,3.0753717518587993,,0.085,2.4823849579835624,5e-05,0.0,0.2133360508185581
Dorylus_fulvus_CASENT0745672_processed.obj,49514,99315,6719,0.14227917861117967,0.08250322041099863,0.07192813256627976,0.0,0.0,0.800809658077428,0.997132534967643,0.8484315963117395,0.0805109755759844,0.07105742811227599,10.538086145919438,1.1330409461030746,3.2731290852968127,,0.08075,2.2044864339385413,0.0001,0.0,0.21014244147528832
Dorylus_fulvus_CASENT0745674_processed.obj,48954,91947,6353,0.14835217816923585,0.1303250326167111,0.07041664303136877,0.0,0.0,1.2755092401157553,0.19941063436549264,0.8803606665014135,0.07587430095990866,0.04376503253867787,11.602883392185566,1.7336740442921832,3.32237592897262,,0.07965,2.280184695364495,0.00025,0.0,0.2269609879530614
Dorylus_fulvus_CASENT0745675_processed.obj,47729,98374,15262,0.38514828707051707,0.16729972016026554,0.17007034184888653,0.0,0.0,0.10656525508348168,5.603439168155784,0.8123891884880675,0.1226497983663477,0.06496101314558476,6.623648789552095,1.8880524244822974,2.952644054515439,,0.0713,2.397974142430307,0.0002,0.0,0.22765583234460582
Dorylus_fulvus_CASENT0745677_processed.obj,49544,103661,8979,0.05851701322019587,0.07706106095620921,0.0972837792718774,0.0,0.0,0.7944014204952259,0.11734920972561706,0.8946380135657781,0.061837941315449375,0.04352404511877252,14.467461149814586,1.4207765189724477,2.837475238436469,,0.03535,1.736812832304304,0.0,0.0,0.1893145409020328
Dorylus_fulvus_CASENT0745678_processed.obj,48578,102117,15783,0.4215050746277835,0.13948895695631147,0.16416787575904132,0.0,0.0,0.04260704783899333,0.23447131708254723,0.8538940720525956,0.07371262832421227,0.07239329962319205,11.584094767275017,1.018224458725978,2.829008873922413,,0.0284,1.8662252785286169,0.0,0.0,0.21172322856067358
Dorylus_helvolus_pretoriae_CASENT0744691_processed.obj,49871,106291,4152,0.10545737565177127,0.054934811282467536,0.05449726055194805,0.0,0.0,4.07885500773814,1.4219349468242555,0.5250932008252072,0.27842216809310694,0.1964846310816859,1.885960462205765,1.417017537505804,5.125575408204882,,0.1346,2.3622936382522863,0.0,0.0,0.23865822653278054
Dorylus_helvolus_pretoriae_CASENT0744694_processed.obj,49103,93602,8139,0.23591594081835987,0.15766507203843919,0.10034250653143846,0.0,0.0,0.4438192072436823,0.06959709259408715,0.7426302658666298,0.16934689775888045,0.08802283637448968,4.385260525551533,1.9238973059036721,3.8341476140406607,,0.06735,2.1882331500694057,0.0001,0.0,0.21710860147367497
Dorylus_nigricans_molestus_CASENT0744680_processed.obj,49820,104421,4462,0.130152509170941,0.06554189341821542,0.05502361638771948,0.0,0.0,2.8805955064874245,0.07209756693318668,0.7014957088049959,0.1684394239615012,0.13006486723350283,4.164676489070225,1.2950416783888712,5.8452429510009996,,0.06895,2.2397328093351097,0.0001,0.0,0.23992008858375577
Dorylus_nigricans_molestus_CASENT0744683_processed.obj,49388,97946,4506,0.11089865877500316,0.0645845225475006,0.05216912664111555,0.0,0.0,0.4531280194299699,1.68007417303928,0.8073799199483388,0.14219069405044515,0.05042938600121603,5.678148808120338,2.819599946091282,1.6386661563144742,,0.15285,2.6943488686167645,0.0,0.0,0.19516507076360665
Dorylus_nigricans_molestus_CASENT0744684_processed.obj,49250,102213,7809,0.041584254255873865,0.07414803157936498,0.0880929396051257,0.0,0.0,0.8233724924309337,7.626814939343767,0.7039846981961697,0.19726454067896954,0.0987507611248607,3.5687341261288417,1.997600205121941,2.496680239574196,,0.0444,1.9586737765751911,0.0,0.0,0.18805882433683122
Dorylus_orientalis_CASENT0877642_processed.obj,48539,91191,5042,0.36121516477955407,0.11000128698288313,0.06225422201884715,0.0,0.0,1.8291399730623517,0.11355283201395085,0.7522673222609864,0.1855210254833293,0.06221165225568443,4.054889844971153,2.982094491251481,4.3913715334456205,,0.01365,1.7089100751693498,0.0,0.0,0.18291170058567946
Dorylus_sp._CASENT0744697_processed.obj,46658,105347,15544,0.04974154548819765,0.12108708118832766,0.17694401782359648,0.0,0.0,0.2641358932061307,1.8080354047878522,0.5357465677123723,0.3272202830337185,0.1370331492539092,1.6372657671015038,2.3878914322213443,5.184508594204852,,0.06,2.121129060223177,0.0,0.0,0.19124535095049827
Dorylus_sp._CASENT0744698_processed.obj,35293,76088,3269,0.12404564350565761,0.06061437677053824,0.05686083569405099,0.0,0.0,0.07282888406256673,0.7129908951832902,0.6536116717192074,0.20201552970703146,0.14437279857376112,3.2354526043967673,1.3992631001318454,6.868293519078063,,0.03525,1.7877950769723883,0.00015,0.0,0.24944252890241778
Dorylus_sp._CASENT0744699_processed.obj,49952,99476,1979,0.051102438761755686,0.038224891558224894,0.022649315982649316,0.0,0.0,2.129856805900916,0.49191625237860637,0.6321782359501341,0.24884782977724645,0.11897393427261951,2.5404209332105565,2.091616380500884,2.517009038718582,,0.08475,2.222882794482499,5e-05,0.0,0.2067486319226512
Dorylus_sp._CASENT0744700_processed.obj,49566,92888,3758,0.07413032559334276,0.11190174957885687,0.047119101374918745,0.0,0.0,0.22420585897027465,1.508060483890344,0.5296888236952217,0.25535284621135884,0.21495833009341941,2.0743407859131184,1.1879178913437978,3.785032239451784,,0.10755,2.7005042017314214,0.0,0.0,0.21837359939730475
Dorylus_sp._CASENT0744701_processed.obj,37635,84023,3908,0.11719089224097856,0.06491989722358703,0.06736043430283602,0.0,0.0,0.01247589170722819,0.1921802862622977,0.7330141151345414,0.16462813069462878,0.1023577541708299,4.452544726357979,1.6083601289246028,8.234530944641415,,0.045,1.9349197665407278,0.00035,0.0,0.25204064081538013
Dorymyrmex_sp.1_insanus_group_CASENT0741329_processed.obj,49827,101097,3387,0.056551021569486104,0.06711484226405194,0.041404866531120875,0.0,0.0,1.3805295771117505,0.36694025853131457,0.8903988409005864,0.06121503301727811,0.04838612608213552,14.545427765256107,1.2651360622126577,3.5071931480519116,,0.01045,1.8045567703176424,0.00015,0.0,0.22215258982581274
Eburopone_afrc-gh01_CASENT0744704_processed.obj,19992,41841,984,0.11261725825306013,0.0318142458548475,0.031076617170712934,0.0,0.0,4.956988770561739,41.41646833929652,0.5633943707181959,0.32612229379895097,0.11048333548285313,1.7275555257363646,2.951778133540915,8.868811558537317,,0.0,1.6833924514923073,0.00035,0.0,0.23859087167127416
Eburopone_afrc-za02_CASENT0744705_processed.obj,25233,51627,735,0.03383142832250785,0.02659505796689819,0.018448707686746366,0.0,0.0,0.05626546106140008,8.942651607525613,0.675709388308857,0.2524821798574384,0.07180843183370464,2.6762656623544268,3.5160519929211316,4.422827211008106,,0.06035,2.128335050375476,0.0,0.0,0.22449413332302282
Eburopone_afrc-za02_CASENT0744706_processed.obj,23784,48366,756,0.028476914653513652,0.03124441081378551,0.019605145490816538,0.0,0.0,5.11723036307113,0.08654109652276881,0.7086294253433085,0.21466928036657001,0.07670129429012151,3.301028559527709,2.7987699862610746,3.7297652018023326,,0.07365,2.353395861798582,0.0,0.0,0.21829479100814744
Eciton_burchellii_CASENT0744556_processed.obj,49297,100442,6015,0.07090450272826487,0.07137624210778698,0.06704718011561926,0.0,0.0,40.86251818409679,73.68902914392561,0.4851273990274893,0.35982204931948497,0.15505055165302578,1.3482425547433479,2.320675711781404,3.1678923948240336,,0.0882,2.154867240234091,0.0,0.0,0.19007519630246456
Eciton_burchellii_CASENT0744557_processed.obj,49475,100305,3538,0.029495414641262374,0.040440146715571855,0.04202067355785262,0.0,0.0,27.94012468234381,12.735441026427447,0.6067125298768856,0.23873528535937655,0.15455218476373797,2.5413609427847255,1.5446904598878899,2.0666893722431534,,0.0178,1.8095864972432458,0.0,0.0,0.1844393823988135
Eciton_burchellii_CASENT0744558_processed.obj,48408,101057,13356,0.04036580839001924,0.1463918214619805,0.14800881999198182,0.0,0.0,10.196919097602898,2.730864949271125,0.4393319721831913,0.3135497469511088,0.24711828086569973,1.40115556288966,1.2688245719931674,5.313336842448049,,0.11925,2.36117861209087,0.0,0.0,0.1911633403729354
Eciton_hamatum_CASENT0744578_processed.obj,49806,94581,1615,0.015572096880412278,0.059405803808879096,0.015825429828621163,0.0,0.0,54.57861319032928,80.33217095966911,0.5188086431356014,0.2751601099180652,0.2060312469463334,1.8854791244635267,1.335526110705617,4.870248151493533,,0.0411,1.9205820504017028,0.0,0.0,0.2087652817519209
Eciton_hamatum_CASENT0744580_processed.obj,49214,99942,5424,0.031105986796065133,0.06260466487145479,0.06435298688423563,0.0,0.0,5.6194074278540365,70.95004031887402,0.7577152278160881,0.13371221167072825,0.10857256051318355,5.666761609493026,1.2315470044983612,1.6700887115040801,,0.03085,1.9020191819930308,0.0,0.0,0.18175157813105278
Eciton_hamatum_CASENT0744582_processed.obj,49306,99104,4346,0.3436653725090911,0.05083395232628807,0.05255587818218651,0.0,0.0,4.55679496716699,2.2433188134654984,0.6638208983804906,0.19564873610773043,0.14053036551177883,3.3929219865492497,1.3922168023631287,0.6857373562902932,,0.11165,2.2556530853962324,0.0,0.0,0.1882608270540138
Eciton_rapax_CASENT0744621_processed.obj,49168,97948,3257,0.05983470266950153,0.0522988856559573,0.03822545967539558,0.0,0.0,5.826366143266081,41.84611736093325,0.6674854389194484,0.2222560631950768,0.1102584978854747,3.0032271305624114,2.0157726384585226,1.6393030650668847,,0.0,1.6490439086567208,0.0,0.0,0.19515812457721085
Eciton_rapax_CASENT0744622_processed.obj,48509,93552,2989,0.3525260755789097,0.07014982981859012,0.03285729323835924,0.0,0.0,16.23630855522458,7.8931825977479075,0.569831599732599,0.23809362784246424,0.19207477242493673,2.393308904972588,1.239588233460028,3.568831293522415,,0.0325,1.8772638252918814,0.0,0.0,0.19263054590662532
Eciton_rapax_CASENT0744623_processed.obj,47692,92421,4123,0.18313277824077756,0.0906538676951217,0.04968345231934096,0.0,0.0,5.410408408666533,13.329091822561578,0.7136068215377843,0.19648294545107398,0.08991023301114179,3.6319020966401325,2.1853235040190095,2.5411211632430075,,0.08285,2.1113829118617593,0.0,0.0,0.18972379560885388
Ectatomma_brunneum_CASENT0744575_processed.obj,47518,104459,14152,0.05587382713914468,0.12732278497647645,0.16199043288564144,0.0,0.0,0.069038128530793,1.0623973708002066,0.6307278692753547,0.21595789902396215,0.15331423170068323,2.920605692711294,1.4085965577258264,7.451156319782621,,0.06055,2.063730282573768,0.0,0.0,0.19121266769405623
Ectatomma_edentatum_CASENT0744505_processed.obj,49221,87464,2550,0.5230612592725279,0.11861831146439113,0.02852216604810193,0.0,0.0,0.9015630413768189,0.5697927314340173,0.6605368908906651,0.2181643170855335,0.12129879202380124,3.0277036121892245,1.7985695772034176,5.165829342237948,,0.0479,1.9649464112878063,0.0,0.0,0.21333008044293325
Ectatomma_edentatum_CASENT0744559_processed.obj,76999,181553,29456,0.3287668584587039,0.11442605977806061,0.1991421353978133,0.0,0.0,0.5493560281567011,0.43339747643538207,0.8217446430704596,0.12654837860075857,0.05170697832878186,6.493521704161398,2.4474139215038497,5.840614096350098,,0.0541,2.026906383672263,0.0,0.0,0.20061395254628334
Ectatomma_sp._CASENT0744380_processed.obj,49419,93157,7116,0.6785241888708495,0.1555493214573763,0.09054949679138759,0.0,0.0,0.2998653684852668,5.498802113190472,0.767631225007376,0.16928577451040605,0.06308300048221807,4.534528829888122,2.6835403074735575,6.78311600968969,,0.0835,2.1489828199402137,0.0001,0.0,0.22468145875297893
Ectomomyrmex_insulanus_CASENT0745603_processed.obj,49929,95631,1031,0.05399383134711355,0.04470331570173092,0.010537798176466957,0.0,0.0,17.469942214908183,23.376735828429002,0.5276925925706325,0.28668320978887785,0.18562419764048965,1.8406818905063929,1.5444280079481647,9.225126724663884,,0.026,1.7114518054229562,0.0,0.0,0.19607267771048403
Ectomomyrmex_insulanus_CASENT0745604_processed.obj,49933,96943,1420,0.010984695708817105,0.04194659366487559,0.014272031302008681,0.0,0.0,44.151594749900994,26.57371951280724,0.3817798579679595,0.35470179623908443,0.263518345792956,1.0763403569307646,1.3460231589256044,6.597767656039887,,0.033,1.8201610918748,0.0,0.0,0.20379942475690746
Ectomomyrmex_leeuwenhoeki_CASENT0745640_processed.obj,49525,90806,1384,0.022738360143498282,0.07764834805131964,0.013427642299563797,0.0,0.0,1.7388991369437314,1.643957262361482,0.6309794250011634,0.19622383029492563,0.17279674470391104,3.215610581308078,1.1355759660354547,6.3105877510799555,,0.0556,2.0409877350885055,0.0002,0.0,0.2040311399741708
Euponera_brunoi_CASENT0744938_processed.obj,49919,95998,1681,0.25825806972585397,0.047163872733492984,0.01440301060554225,0.0,0.0,0.7730751270225227,0.25781187013924955,0.7751268166883111,0.13503314915317194,0.08984003415851696,5.740270604287416,1.50303982426047,4.037822257233969,,0.0892,2.3268604928889016,0.0,0.0,0.2152182963529708
Euponera_brunoi_CASENT0744942_processed.obj,49972,99623,844,0.012107907257944639,0.01857248604562763,0.00941628376891426,0.0,0.0,0.036091513714742555,4.067647468316125,0.6995887800751857,0.17608835801812628,0.124322861906688,3.972941697844505,1.4163795404765658,4.7133232303200305,,0.0654,2.0978358145576372,0.0002,0.0,0.20607395226472278
Euponera_brunoi_CASENT0744943_processed.obj,49944,97964,1043,0.020811991083030335,0.030705097504873557,0.010704962596712287,0.0,0.0,3.391719671133713,1.250355345506878,0.7824428308715217,0.12325793174536627,0.09429923738311213,6.34801200857353,1.3070936220258371,3.183243115021954,,0.00875,1.7344932463427987,0.0002,0.0,0.21615645148271215
Euponera_sakishimensis_OKENT0105258_processed.obj,49981,98215,1706,0.029956145913446086,0.04225882606151508,0.018617289597051365,0.0,0.0,0.15175771299048552,0.011739015849798695,0.7200476361032213,0.18672000228941557,0.09323236160736308,3.856296204341028,2.0027380951237137,4.950629566361226,,0.1457,2.5815785453267583,0.00055,0.0,0.22477062273744122
Euprenolepis_cf.wittei_CASENT0878049_processed.obj,47361,88365,5106,0.03587936851228113,0.1218757578652635,0.06348063171973867,0.0,0.0,1.5991083456992345,14.10784438400279,0.7118124938878162,0.1842629508157968,0.103924555296387,3.863025587815523,1.7730453624775127,1.8509465431047294,,0.0801,2.3558844733964666,0.0,0.0,0.19235398678594642
Euprenolepis_procera_CASENT0878018_processed.obj,48628,90118,7230,0.22172357552430366,0.16171211925380208,0.08788218229862278,0.0,0.0,2.277823272081808,8.215177296258597,0.6902931377361691,0.18299327643412613,0.12671358582970474,3.7722322436510973,1.4441488277354713,3.9490023178680307,,0.12455,2.622870366920182,0.0,0.0,0.1904183804640955
Eurhopalothrix_procera_CASENT0745605_processed.obj,49966,99488,1101,0.011426998397810362,0.024429750303288852,0.010791750543253657,0.0,0.0,4.419716116227269,4.0510884955596405,0.555494909733258,0.261029637246382,0.18347545302036006,2.1280913370344017,1.4226951504919618,5.660612582978738,,0.04895,1.9911134560252661,5e-05,0.0,0.20372154683671434
Eurhopalothrix_sp._CASENT0745608_processed.obj,34125,68554,983,0.06776996130147683,0.029510006099509135,0.015461771568542023,0.0,0.0,0.6163053355240682,27.312309036897144,0.6706639831037374,0.20340375225766247,0.12593226463860013,3.297205561154896,1.6151837882165438,11.11373665553302,,0.0267,1.7989081609726931,0.0001,0.0,0.2128010132537153
Fisheropone_hartwigi_CASENT0744936_processed.obj,47954,102189,6103,0.2509160711358306,0.07795716639209226,0.07143986820428336,0.0,0.0,0.07033879450453775,0.14608570466509052,0.7176086595882577,0.1771506714304993,0.105240668981243,4.050837932442123,1.683291004754757,5.874253997591668,,0.15795,2.4003493156033637,0.0002,0.0,0.24912680450120203
Fisheropone_hartwigi_CASENT0744937_processed.obj,35401,74890,2735,0.11932548907871965,0.06362304861929768,0.049181938341728286,0.0,0.0,4.328359254332566,5.445965105292109,0.6587269550246742,0.18644701109285886,0.15482603388246702,3.53305183689214,1.2042355307919097,7.667027857196019,,0.0609,2.118663389778344,0.0001,0.0,0.24799586502326806
Formica_cf.fusca_CASENT0878139_processed.obj,48492,93429,8964,0.0845309923192803,0.15895029252072898,0.10993027203726308,0.0,0.0,0.6253402319111249,5.70461092694125,0.5326688741382719,0.2559429320630892,0.21138819379863893,2.0812017344826326,1.2107721224341015,2.1360583208889747,,0.1387,2.462001926567232,0.0001,0.0,0.1958431498465643
Formica_cf.fusca_CASENT0878142_processed.obj,48867,89840,5390,0.034007017059253575,0.1322382313648313,0.06206455690747418,0.0,0.0,5.4348303790801324,6.1139695620899674,0.7437823749808933,0.1414234803114211,0.11479414470768563,5.25925661950229,1.231974685394843,4.8329231453765695,,0.07885,2.2243214672833087,0.0002,0.0,0.19173470508379833
Formica_cf.fusca_CASENT0878143_processed.obj,48987,95179,4609,0.10739024407004583,0.08564188136567262,0.05732307671003344,0.0,0.0,1.6277945209308238,0.25256832102592763,0.6372243231523518,0.19804009977038609,0.164735577077262,3.2176530101286036,1.2021695816047318,1.4321544764463026,,0.0653,2.0607289335559433,0.00025,0.0,0.19091443220101767
Formica_cf.pallidefulva_CASENT0709279_processed.obj,42685,85122,4446,0.016181347496305398,0.07753958530056734,0.0652874567858843,0.0,0.0,12.853930819884589,12.89606977782218,0.7087767951176466,0.16016452906898218,0.13105867581337127,4.42530439940531,1.2220826135696496,3.121338959898624,,0.05755,2.0932756802394548,0.0005,0.0,0.1928299641538883
Formica_fusca_CASENT0877632_processed.obj,47995,97637,12728,0.3161914003344797,0.15235550769060835,0.15152017231380996,0.0,0.0,0.400068673031102,9.615287069367238,0.7444416240732247,0.15222383243015458,0.10333454349662073,4.890440689796715,1.4731166101791764,2.62624096835335,,0.09175,2.207344617930186,5e-05,0.0,0.20079755888676998
Formica_japonica_OKENT0105382_processed.obj,49453,98006,6913,0.13968320832373693,0.11801242236024845,0.08629273149684699,0.0,0.0,0.22808662224774504,2.4690218391978958,0.7324590706110109,0.14729247720936703,0.1202484521796221,4.9728206388291385,1.2249012319039891,3.6365111346149606,,0.10545,2.291562886928648,0.0,0.0,0.22243002033899031
Formica_lemani_OKENT0105351_processed.obj,49465,96280,7049,0.10538192258855594,0.1222974688321223,0.08239160714408239,0.0,0.0,1.982293730622851,3.2371000300740973,0.781046122238687,0.12797833456225907,0.09097554319905402,6.102955823813464,1.4067333929762105,4.162661657014531,,0.0619,2.0459609965997516,0.00015,0.0,0.20773117267410138
Formica_sanguinea_CASENT0878135_processed.obj,48636,96515,6951,0.03428409322649506,0.10411394146126761,0.08505034110915492,0.0,0.0,45.972361888410774,12.365503946865315,0.5868429081426312,0.3390345751914136,0.07412251666595523,1.7309234841647312,4.573975499500728,2.5709998867908714,,0.07875,2.1963939108031725,0.0,0.0,0.18891737261085378
Formica_sanguinea_CASENT0878137_processed.obj,48690,96357,6370,0.19072630067461915,0.10321268025789423,0.08039261509698528,0.0,0.0,0.16965251612343152,9.864539010994445,0.6692313427443353,0.23597697588283223,0.09479168137283257,2.836002708487219,2.4894270516702064,2.868139647211348,,0.142,2.36811786832204,0.0003,0.0,0.1972676359051354
Formica_sanguinea_OKENT0105421_processed.obj,49198,92132,9980,0.1760226927971449,0.18921853408161537,0.1088228658450605,0.0,0.0,0.7749972660258881,16.784233768920267,0.7214810139960504,0.16547597934389,0.11304300666005963,4.360034712329322,1.4638320780117395,4.320156271214004,,0.08075,2.164419175798876,0.00015,0.0,0.22852773045118818
Formicoxenus_nitidulus_CASENT0745166_processed.obj,40803,84710,3554,0.13997388860508775,0.06419943742761017,0.04849626133614882,0.0,0.0,0.17656062392051866,3.760930287094906,0.8397360377391291,0.10018462838964322,0.06007933387122753,8.381885038023842,1.6675389345090996,6.716372731857899,,0.0182,1.6404053676766013,0.0005,0.0,0.2510277334848537
Formicoxenus_nitidulus_CASENT0745167_processed.obj,41180,84299,3187,0.1170347971411978,0.0615749338180094,0.043810502192895805,0.0,0.0,1.5897027293756565,3.1889232885733425,0.8850148841826673,0.0715361218210097,0.04344899399632304,12.371580421944877,1.6464390827337356,4.182082618226914,,0.01765,1.688078355752648,5e-05,0.0,0.2459038963480584
Formicoxenus_nitidulus_CASENT0745168_processed.obj,42267,86118,3359,0.13217278278514188,0.0664353458246588,0.042470506592643995,0.0,0.0,1.9594081231249374,15.255786067031197,0.8285254391608456,0.10337857877619112,0.06809598206296325,8.014478908193903,1.5181303748671209,6.200192241736571,,0.0139,1.6792989284172561,5e-05,0.0,0.2445154614943312
Fulakora_armigera_CASENT0744228_processed.obj,49984,99365,1076,0.013607142599054045,0.026891227320953136,0.012311244269766387,0.0,0.0,0.7961929082611144,32.6085733376885,0.5275817675122431,0.27710541808275313,0.1953128144050037,1.9039027499443881,1.4187774567015505,7.383540896514004,,0.03695,1.9041310852015316,0.0,0.0,0.202458698348711
Fulakora_armigera_CASENT0744229_processed.obj,49936,98253,1027,0.018933161917203623,0.02929983497794093,0.011746876368167581,0.0,0.0,2.9908531246901187,0.47600818653382004,0.8129348225706202,0.1425104694248126,0.04455470800456722,5.70438667314557,3.198550182625013,3.2194303662424466,,0.04415,1.9345432236196287,0.0,0.0,0.20334993270547083
Fulakora_elongata_CASENT0744292_processed.obj,20707,43730,1121,0.08310629906585432,0.039650888118538515,0.036460410467220906,0.0,0.0,0.26120255873425086,0.8349003765032528,0.7033797731547814,0.19050957465871587,0.10611065218650283,3.692096706503258,1.7953859554446177,1.8646069767137499,,0.06905,2.308755808350258,0.00025,0.0,0.24559734617129478
Gigantiops_destructor_CASENT0745031_processed.obj,48713,103383,11510,0.2503742662092626,0.08161771555567385,0.12527447666449304,0.0,0.0,0.24964131938360293,5.723812453920619,0.8408552062536478,0.11002707125999847,0.049117722486353724,7.642257461044951,2.2400686695228402,1.2993467075709857,,0.0791,2.395724344586729,0.00025,0.0,0.20418687412060355
Gigantiops_destructor_CASENT0745032_processed.obj,45232,107062,20839,0.24471060618611074,0.11143529411764706,0.2274689075630252,0.0,0.0,0.24336178221362775,3.013970135058622,0.7875453658443398,0.13184838293003523,0.08060625122562505,5.973113574417119,1.635709153139727,2.0461525783922583,,0.08585,2.4356090677052595,0.0,0.0,0.20209362323087704
Gnamptogenys_aff._continua_CASENT0744149_processed.obj,49873,96198,993,0.09323899996828722,0.04031144470420956,0.010855447547954008,0.0,0.0,0.015065342882817565,4.014529865148373,0.6045201944392444,0.2356689458969962,0.15981085966375935,2.56512453152594,1.4746741641515575,5.058454934899224,,0.0612,2.083007392107815,0.0,0.0,0.2079031784935923
Gnamptogenys_aff.relicta_CASENT0744357_processed.obj,34607,70530,1377,0.06683926250983319,0.03570551683759231,0.02406179764670331,0.0,0.0,0.0004029176361194768,0.22534041035972374,0.5920106107802657,0.21691050068234818,0.19107888853738608,2.7292851610131503,1.1351882059953888,5.210800635121758,,0.045,1.9674248251850817,0.0,0.0,0.22453275551194482
Gnamptogenys_horni_CASENT0744116_processed.obj,42331,85390,1062,0.03209297902227315,0.02510750342764552,0.015073850180730401,0.0,0.0,3.7272625270996955,7.707374720211785,0.5296992708474072,0.33665234391781096,0.13364838523478176,1.5734311090277928,2.5189406016871034,4.783524617169266,,0.06335,2.1583679034786574,5e-05,0.0,0.2151956050323553
Gnamptogenys_horni_CASENT0744355_processed.obj,49995,100132,1056,0.028373402736668885,0.02550959510894792,0.013202392477752874,0.0,0.0,11.822719971075381,11.164345548636597,0.5241277754868916,0.2830403134322331,0.19283191108087522,1.8517778232053181,1.467808475504471,6.2617578789962405,,0.04325,1.932383215289762,5e-05,0.0,0.21445259694224864
Gnamptogenys_sp._CASENT0744342_processed.obj,49960,96467,1359,0.015598763608965394,0.0469800942188819,0.013731176646788116,0.0,0.0,12.628224876873595,5.528409971124227,0.43707351179080317,0.3079303234115459,0.2549961647976509,1.4193909419133712,1.2075880578670672,8.257854985833823,,0.0409,1.940484444721447,0.0,0.0,0.20589210234465827
Goniomma_hispanicum_CASENT0745171_processed.obj,49901,100409,2131,0.044578125725927675,0.03817188618705417,0.026431279997878605,0.0,0.0,1.6999407880445072,0.1296575097558968,0.7379808563517211,0.17239557498967994,0.0896235686585989,4.280741291624791,1.9235517796259893,4.329810052768396,,0.10975,2.4595804423132015,0.0,0.0,0.21881384513198118
Goniomma_hispanicum_CASENT0745172_processed.obj,49893,100505,3495,0.10023450236557552,0.06099964289020858,0.04063115849061595,0.0,0.0,0.411907098922523,0.07410985276342932,0.7955048911680892,0.11100869516931804,0.09348641366259267,7.166149371945422,1.1874313156344416,5.793089136802657,,0.08525,2.227738118314463,0.0,0.0,0.23361960355014347
Goniomma_hispanicum_CASENT0745173_processed.obj,49973,99996,2372,0.09584517728852116,0.04619725790923879,0.027779437639013378,0.0,0.0,4.90138576501775,0.1613333386747582,0.620045166669463,0.24042160430175097,0.13953322902878598,2.5789910539455927,1.7230419304074982,4.0507399983093695,,0.1346,2.773306497259099,5e-05,0.0,0.2199171229106297
Hagensia_havilandi_marleyi_CASENT0744949_processed.obj,48700,95428,5621,0.012718305593261148,0.088743043668092,0.06477791715467833,0.0,0.0,0.15313617342274155,2.3830051761731132,0.5612001826348513,0.32094177156453374,0.11785804580061501,1.7486043648949177,2.723121441428643,5.196737020438123,,0.0905,2.158859595530308,5e-05,0.0,0.18773936177663916
Hagensia_havilandi_marleyi_CASENT0744950_processed.obj,48840,94644,4029,0.01137820224283137,0.07626794324958078,0.0473569584669872,0.0,0.0,2.0442563257510225,23.755220555146607,0.6098284803447575,0.2170440226872961,0.17312749696794652,2.809699492270107,1.253665804037359,5.166664329734311,,0.06485,2.106010245128381,0.0,0.0,0.1827266683017923
Harpegnathos_venator_CASENT0877552_processed.obj,49062,95343,4111,0.0861802325665082,0.08629815976290578,0.05415259494107106,0.0,0.0,0.9372126620210833,6.88148533880954,0.7144927084693947,0.2080457072317353,0.07746158429886993,3.4343064222591466,2.6857920492438265,3.2464297471499495,,0.0003,1.7207783363170335,0.0,0.0,0.18412053004148113
Harpegnathos_venator_CASENT0877553_processed.obj,48569,91756,6766,0.009404207279145704,0.13905621421425682,0.08786530725186778,0.0,0.0,2.695913685523557,14.779405037156534,0.6462956118811255,0.23186581317750762,0.1218385749413669,2.7873691383142636,1.9030574946324657,4.332981643389771,,0.03775,1.9424700369752483,0.0,0.0,0.18730935230336168
Heteroponera_dolo_CASENT0744318_processed.obj,49885,96695,950,0.01031422116536962,0.03601443846625349,0.009698290540080366,0.0,0.0,0.9935677174086884,34.417602763149205,0.5832806543661642,0.21766056111911913,0.19905878451471676,2.679771895134241,1.0934486596497184,3.9649853606512035,,0.0137,1.7860314500564052,0.0,0.0,0.20347403724971513
Heteroponera_flava_CASENT0744120_processed.obj,49925,99595,3607,0.07014475930456421,0.06687045220453866,0.040914376848190846,0.0,0.0,0.4511819428054748,6.539331720003059,0.7540420330282427,0.18419180437298283,0.061766162598774536,4.093787101956667,2.9820826909625313,6.929895014739322,,0.0232,1.8447905977939862,5e-05,0.0,0.22553033661882874
Heteroponera_panamensis_CASENT0744055_processed.obj,49997,99890,974,0.019749530003035587,0.02366903224091646,0.01095074821252957,0.0,0.0,0.6906471042224139,0.6204976967539407,0.5332085941031458,0.2713432779971161,0.1954481278997382,1.9650702167341432,1.3883135178266375,9.872865928289247,,0.02845,1.8622546669714137,0.00015,0.0,0.22236357350260108
Holcoponera_relicta_CASENT0744313_processed.obj,28050,57691,1066,0.046776033544102424,0.028355825096641283,0.023089743292979328,0.0,0.0,1.044375545808283,0.048199008932709085,0.6993340867791309,0.19220293180021375,0.10846298142065532,3.6385193515469214,1.77206019309747,7.826582301281406,,0.07995,2.156155400065869,0.0,0.0,0.2306045225571486
Holcoponera_striatula_CASENT0744117_processed.obj,49929,97840,2063,0.24101207213002218,0.0471717212616917,0.02252635272840156,0.0,0.0,0.0775706386930466,0.25789618047348906,0.8449557888211733,0.11259049809595426,0.04245371308287228,7.504681150811387,2.652076577522692,5.491859441474953,,0.0501,2.000613056718319,0.0,0.0,0.2048653910477061
Holcoponera_striatula_CASENT0744358_processed.obj,49980,96356,1245,0.026739264900503934,0.04616830961448065,0.012269311733168017,0.0,0.0,1.7225635441370974,0.1473768905595501,0.5213265890558917,0.26053658338999147,0.21813682755411676,2.000972693633314,1.194372295184113,9.469025693298445,,0.05355,2.0344868654842707,0.00015,0.0,0.21416289699533822
Hylomyrma_cf.blandiens_CASENT0744010_processed.obj,49991,99398,1215,0.01999974248690728,0.029454717622816904,0.013763762094972626,0.0,0.0,0.38047590854518637,0.4776050068864769,0.6396030233406518,0.23538746557270085,0.1250095110866472,2.717234844193972,1.8829564528857963,6.413769099609781,,0.04205,1.9594762925999079,0.0001,0.0,0.20932599614167158
Hylomyrma_immanis_CASENT0744021_processed.obj,49929,97573,1028,0.016282367563309363,0.03248418417402483,0.010595757637267837,0.0,0.0,12.256339601990272,12.500104705048495,0.6259912258274826,0.2210753148596576,0.15293345931285995,2.831574507650809,1.4455653841413347,5.968464425917996,,0.0539,2.03274800984063,0.0,0.0,0.195025384858141
Hypoponera_coeca_CASENT0744951_processed.obj,48709,89364,6802,0.048661144162664205,0.15699331221908794,0.08330507679765675,0.0,0.0,2.5887188171460336,8.601647444332476,0.5993993740254482,0.26694486455558203,0.13365576141896973,2.2454051514470845,1.9972566967673913,4.084189903460925,,0.0313,1.881650715791783,0.0,0.0,0.1876323719172346
Hypoponera_foreli_CASENT0744356_processed.obj,41973,91739,3634,0.11641608360217393,0.04599325304057053,0.058044565442547276,0.0,0.0,22.54644979094248,56.110861993700546,0.49342614702444193,0.31479292288421706,0.19178093009134106,1.567462643389627,1.6414193149146168,10.973712554466438,,0.03835,1.8764210466694076,0.0,0.0,0.2515919152589742
Hypoponera_opacior_CASENT0878019_processed.obj,49821,97334,1550,0.002304682774520339,0.03495401502492834,0.0176739889418701,0.0,0.0,1.3090802642952335,1.6734983683009739,0.5333365431600607,0.2885528558353045,0.17811060100463483,1.848314900977691,1.620076818604389,4.935903232515019,,0.0567,2.0468340110280807,0.0,0.0,0.17958301565907206
Hypoponera_opacior_CASENT0878068_processed.obj,49776,93765,936,0.002811990134822029,0.050112800802139035,0.008251169786096257,0.0,0.0,8.021420047588293,6.493448664206328,0.5447943393150763,0.3009548048102808,0.15425085587464285,1.8102197758846539,1.951073808335053,7.973734873104362,,0.05615,2.0499513655868014,0.0,0.0,0.18347421501172972
Hypoponera_opacior_CASENT0878069_processed.obj,47988,96289,2803,0.010811096865974146,0.03863817407266304,0.037079624562740277,0.0,0.0,3.444460176338897,9.561781039373962,0.5750630211442546,0.30937094628451145,0.11556603257123403,1.8588139191823163,2.6770058589128904,3.1725842276956975,,0.082,2.4225746022862236,0.00015,0.0,0.18331196586893356
Hypoponera_opacior_CASENT0878070_processed.obj,49713,92940,1473,0.3107019007501888,0.060487121079376205,0.01404590853338006,0.0,0.0,0.5787473929416167,0.6255527854276424,0.6212441373082017,0.20373228668581256,0.17502357600598578,3.049316077555535,1.1640276774989726,4.131466729924501,,0.09735,2.2546772865769875,0.00025,0.0,0.1968873557710253
Hypoponera_sp._CASENT0744150_processed.obj,41810,89276,3697,0.1387080505914372,0.056098205854579794,0.05675542965061379,0.0,0.0,0.7858092026508677,0.5082214753936999,0.6738693469112893,0.17762343138212414,0.14850722170658648,3.793808855440831,1.196059217463943,4.821105115462406,,0.12555,2.5372280647095944,0.00025,0.0,0.24498248172969556
Hypoponera_sp._CASENT0744151_processed.obj,40038,85764,3404,0.1146616400639211,0.05811579178839569,0.05456601639807747,0.0,0.0,3.7024900571251815,10.2093149653753,0.6751571561378849,0.19295879526267642,0.13188404859943878,3.4989706233332756,1.463094265848141,5.061772275437314,,0.1198,2.3867636113456814,0.0002,0.0,0.252458936450969
Hypoponera_sp._CASENT0744201_processed.obj,40363,88007,4806,0.2689908125416015,0.06152835220903714,0.07408295002125932,0.0,0.0,0.8942015316919648,4.489164095785427,0.6388309959820326,0.243060224827648,0.11810877919031923,2.628282749409215,2.0579352906186874,3.25335671927596,,0.15325,3.14894825249086,0.00025,0.0,0.25647187690904893
Hypoponera_sp._CASENT0744274_processed.obj,23123,50163,1701,0.09879091238687476,0.05010673863132879,0.04962339388568897,0.0,0.0,0.6537481769311251,3.7451906369359897,0.754381648276692,0.1474198367426314,0.09819851498067644,5.1172329650161466,1.501243035820254,7.560082242825431,,0.0902,2.2507271455437223,0.00025,0.0,0.2563052236465276
Hypoponera_sp._CASENT0744289_processed.obj,49169,105533,5182,0.3423741114436316,0.061199094297021826,0.06807525288484359,0.0,0.0,11.743100609335412,5.637536661456676,0.7300083063163199,0.17862707364955072,0.09136462003412946,4.086773026067294,1.9551011494692823,5.327388107987555,,0.0671,2.181476761020711,0.0001,0.0,0.23616650301455555
Hypoponera_sp._CASENT0744348_processed.obj,49603,102891,3677,0.08073937219064364,0.06209003738013977,0.04923126929952869,0.0,0.0,0.16837071672963125,1.9579446245011207,0.5915618241628791,0.2371327141649466,0.1713054616721743,2.4946445126563006,1.3842682647138556,7.3688032769041545,,0.1314,2.445697739115649,0.00015,0.0,0.24747475009298692
Hypoponera_sp._CASENT0744447_processed.obj,34467,75451,3712,0.15581247356201733,0.06356498721342366,0.0666517116066221,0.0,0.0,1.7444978740353396,12.483456752623132,0.5120078673457666,0.3266393771595414,0.161352755494692,1.5675019705162039,2.024380532939128,6.123051533535214,,0.1049,2.366977966520626,0.0001,0.0,0.25302379880936116
Hypoponera_sp._CASENT0744952_processed.obj,37434,82424,4782,0.3421531432586188,0.07129187781820572,0.07295097451397502,0.0,0.0,0.09116594491623643,0.36268058845553064,0.6154516048938805,0.22447572837771781,0.16007266672840162,2.741728958145001,1.4023364073679745,7.691081960970918,,0.04985,1.9968721281216322,0.0002,0.0,0.25643464795718945
Iridomyrmex_anceps_CASENT0878091_processed.obj,48450,95398,8487,0.412598374933674,0.13455290197167452,0.1038183837822827,0.0,0.0,0.6967000120590656,0.8185219315223125,0.7504864283107966,0.19526649890918002,0.05424707278002331,3.8433957309791973,3.599576694230175,3.216294774650862,,0.08755,2.1268608598202974,0.00025,0.0,0.19874885397783829
Kalathomyrmex_emeryi_CASENT0745118_processed.obj,35177,71628,2106,0.0861307575242416,0.05336228817491694,0.034671566716780816,0.0,0.0,31.931447025818734,47.26867920135718,0.501610492731697,0.3108105827005115,0.1875789245677915,1.6138784219423927,1.6569589756240646,3.5150180108517004,,0.0315,1.880055769849596,0.0002,0.0,0.23431598796339917
Labidus_coecus_CASENT0744166_processed.obj,49925,98168,1395,0.047317494031923535,0.03762901520915107,0.015895885651960224,0.0,0.0,81.63696654633338,26.226278551477343,0.5035065523593859,0.2937292291904608,0.20276421845015327,1.7141860677164704,1.4486245721045206,2.9582866848055716,,0.0462,1.9724533908341442,0.0001,0.0,0.20421602842901423
Labidus_coecus_CASENT0744300_processed.obj,49968,99446,1669,0.041278725707514896,0.03672628885216186,0.018812976488777524,0.0,0.0,20.780881053772806,1.601863852735363,0.5377233545539195,0.24285707782403484,0.21941956762204573,2.2141555822537473,1.1068159529069925,3.922599220108731,,0.1165,2.536388175522789,5e-05,0.0,0.210661672367097
Labidus_coecus_CASENT0744301_processed.obj,49947,97635,2145,0.054634173256089436,0.054591206848862234,0.023180349324356232,0.0,0.0,0.21500937929232622,22.1790912155374,0.49738473638997227,0.3066724990788345,0.19594276453119316,1.6218759030691974,1.5651126481376845,2.9817531351148205,,0.14465,2.360825005606234,5e-05,0.0,0.20916803566213002
Labidus_praedator_CASENT0744038_processed.obj,49930,99289,1413,0.0494042129421437,0.03182905160781799,0.01653908326987562,0.0,0.0,79.28532177220606,74.22412000621108,0.4389994997038775,0.3426959062610245,0.2183045940350981,1.2810176359956298,1.5698062048383976,3.057395272254242,,0.03825,1.9291102837556542,0.00015,0.0,0.20739971627635204
Labidus_praedator_CASENT0744040_processed.obj,49589,97927,3384,0.10269366121802437,0.07254116900390928,0.04457527901748037,0.0,0.0,32.03004023548443,18.748534766051815,0.5834694076259506,0.26023139574686854,0.15629919662718098,2.242117658214849,1.6649567071518356,2.3157349561268505,,0.05805,2.0667269003695274,0.0,0.0,0.2060393857247756
Labidus_praedator_CASENT0744041_processed.obj,47192,106794,17538,0.23530578067208974,0.13708891953902771,0.19025238428301552,0.0,0.0,0.5757056232159223,10.429316326781347,0.6932361704751637,0.2436650084309438,0.06309882109389255,2.8450378449461744,3.8616412193876726,4.0123296285068655,,0.06945,2.270965719139568,0.00015,0.0,0.2070154303492849
Labidus_praedator_CASENT0744109_processed.obj,49937,98399,1253,0.10328102011269769,0.03421830891248824,0.014659228390912757,0.0,0.0,71.70480834550787,49.63511106938296,0.3854392735964545,0.3575172690390899,0.2570434573644556,1.0780997366432437,1.3908825873446566,3.2218487874955444,,0.03885,1.9574845450837663,0.0001,0.0,0.19860721881190438
Labidus_praedator_CASENT0744223_processed.obj,49758,93438,4947,0.04277948223481498,0.14086291794359698,0.056279053751592575,0.0,0.0,1.21894490331786,19.577782683104974,0.7083371005011194,0.21544002959176378,0.07622286990711678,3.2878620646466854,2.8264486741878576,4.9334337684667,,0.1501,2.7118314774813763,0.0,0.0,0.22301877176386065
Labidus_praedator_CASENT0744225_processed.obj,47186,108323,8142,0.14242853248410126,0.10884984005558929,0.10184483827147356,0.0,0.0,0.02121827658590843,22.836296955392765,0.6230830582775259,0.2634996328115647,0.1134173089109096,2.3646448825342707,2.323275303759378,8.125187605347694,,0.08165,2.37407535746623,0.0001,0.0,0.25209248046069216
Labidus_praedator_CASENT0744236_processed.obj,49481,102425,4936,0.24167779047632598,0.05536929329389989,0.06299689758063985,0.0,0.0,6.709582627362004,6.444521567884485,0.771436539283152,0.15149893233629563,0.0770645283805524,5.092026243265701,1.9658711409765417,2.143446947771199,,0.1277,2.6227591822124516,5e-05,0.0,0.20767145081799163
Labidus_praedator_CASENT0744237_processed.obj,49803,97362,2636,0.055173398326884615,0.06073524826828971,0.03207900123354706,0.0,0.0,1.3714928666778907,0.5185948652512323,0.5837738049012984,0.34294032501113575,0.07328587008756596,1.7022606043262554,4.679487663875341,3.632300062356925,,0.1062,2.8131933599032797,0.0,0.0,0.20124374835525027
Lachnomyrmex_victori_CASENT0744334_processed.obj,38577,77142,605,0.016254882202458187,0.019527651257501527,0.008894208002204178,0.0,0.0,0.08979517354249142,1.0227509375456014,0.6220049800121937,0.22700242989002967,0.15099259009777655,2.7400807132924583,1.5034011254660398,7.329086167333267,,0.02155,1.8612193140371034,0.0,0.0,0.20698821401417714
Lasius_cf.flavus_CASENT0878010_processed.obj,45089,85556,9071,0.2557200127781162,0.1898169767266702,0.11120735105822098,0.0,0.0,2.1796909653088106,1.049970943004688,0.7626835798956706,0.1374362388201309,0.09988018128419841,5.549363009663191,1.3760111070390504,5.352589376157347,,0.0372,1.8673721653643465,0.0001,0.0,0.20748623684522544
Lasius_fuliginosus_CASENT0745541_processed.obj,48361,103526,14400,0.3260375990500798,0.1139289478248109,0.14801424778879121,0.0,0.0,3.7976357073572546,9.254356338091682,0.8154884914979873,0.09947421583813097,0.08503729266388167,8.19798864084526,1.1697716698403449,2.746237459101821,,0.0247,1.774936884633548,0.0001,0.0,0.21552009765907312
Lasius_nr._fuliginosus_CASENT0878037_processed.obj,49243,97648,5171,0.03819172677687033,0.07731720261829267,0.06311663922267735,0.0,0.0,0.126587481930313,10.581844587694198,0.7828330038679044,0.12053968577045616,0.09662731036163931,6.494400569109281,1.2474701543416857,2.71246450422856,,0.04045,1.9190545650896853,0.0,0.0,0.1837590974201953
Lasius_nr._fuliginosus_CASENT0878038_processed.obj,48971,93016,5333,0.02807154004487955,0.10785334421339936,0.06428149357044374,0.0,0.0,2.71236260094446,17.722799469979805,0.5660086232807879,0.2635023877262685,0.1704889889929436,2.1480208515938344,1.5455683635802113,2.788767794485343,,0.0714,2.1396468712516596,0.0,0.0,0.18466355914984375
Lasius_orientalis_OKENT0105322_processed.obj,49403,99265,9101,0.21351409992196302,0.1114426718696201,0.0964211691792521,0.0,0.0,0.37263705617605425,0.013692520461695432,0.7615828633679597,0.14099866448437048,0.0974184721476697,5.40134806349446,1.4473503985018434,3.4789131938009263,,0.0946,2.1539206204369243,0.0,0.0,0.2152767867143294
Lasius_orientalis_OKENT0105323_processed.obj,49653,100107,6079,0.15115498025262608,0.08220348600457947,0.06884558641913498,0.0,0.0,5.115832692982746,0.05381306686964825,0.7497665589152404,0.186430979595405,0.06380246148935459,4.021684381760981,2.922002932857237,1.7795658567817743,,0.11725,2.362961502157114,0.00035,0.0,0.21717690171350085
Lasius_spathepus_OKENT0105325_processed.obj,49848,98903,8446,0.1419300072741806,0.1538867088438643,0.10133205200074745,0.0,0.0,5.697260714856073,1.5558326067687316,0.7067953217388957,0.19506719672814055,0.09813748153296382,3.6233427946572467,1.9876931186849194,5.104574577985951,,0.1466,2.809284797527752,0.0001,0.0,0.23070997188533673
Lasius_umbratus_OKENT0105366_processed.obj,49607,101155,11031,0.15918656373997697,0.16342494575146588,0.12418132531312452,0.0,0.0,0.004755880042042521,0.498204729491345,0.8240362025822916,0.10322050120056808,0.07274329621714029,7.983261009177859,1.4189692599638692,6.185972893805909,,0.0941,2.367557539183776,0.00015,0.0,0.22683982694087154
Lepisiota_nigra_CASENT0878133_processed.obj,49388,95284,2919,0.013491706613455001,0.06326133193381764,0.03427892716073254,0.0,0.0,8.919123894450633,1.233502069030314,0.7194491492761271,0.17697809466707934,0.1035727560567936,4.065187562503213,1.7087321164847085,2.5383688706657317,,0.11765,2.43125377375907,0.0009,0.0,0.24164209102958142
Leptogenys_birmana_CASENT0741330_processed.obj,49603,96358,2145,0.02079616330549172,0.0491871727300729,0.022649645778431843,0.0,0.0,0.14462748019294347,6.223853803171148,0.8466484082650199,0.08779232207341012,0.0655592696615701,9.643763694472849,1.3391290434840326,3.431767030255248,,0.0198,1.8009534075274403,5e-05,0.0,0.19546226691703822
Leptogenys_cf.binghamii_CASENT0877639_processed.obj,49302,95056,4050,0.1549115277745926,0.0794542924975601,0.04913720902867664,0.0,0.0,2.3303561319341433,0.20916387276524256,0.8387148706429366,0.08991358800569245,0.07137154135137093,9.328010251240752,1.2597960798273464,2.952368764087347,,0.09345,2.1548254646216387,0.0003,0.0,0.19496945565661006
Leptogenys_gaigei_CASENT0878112_processed.obj,49446,98110,3591,0.21169492789587374,0.05686799805163176,0.04425096065378579,0.0,0.0,0.08937194192754677,12.588816566322276,0.7910478019838592,0.1503407270733464,0.058611470942794446,5.261699988971934,2.565039311504072,1.537574410839492,,0.14675,2.9295221482505127,0.0001,0.0,0.18853384359719597
Leptogenys_gaigei_CASENT0878113_processed.obj,49394,97867,4177,0.08948775635696804,0.06638919768986741,0.052052547382120874,0.0,0.0,0.17941564153324202,1.5169905726410078,0.739296362145327,0.20407418092111834,0.05662945693355465,3.6226844513519834,3.6036754009590064,1.8834438918272818,,0.08805,2.2474019813558077,5e-05,0.0,0.19215710694139818
Leptogenys_gaigei_CASENT0878114_processed.obj,49212,96242,4619,0.0639368875202383,0.08179542571066077,0.05637965915715119,0.0,0.0,0.5656922455639177,0.8335857093210809,0.7561092006762113,0.16576220980471779,0.07812858951907083,4.561408788933095,2.1216588040957274,2.948545190147651,,0.18655,2.90913352326673,0.00015,0.0,0.18966998213256406
Leptogenys_intermedia_CASENT0744954_processed.obj,49872,98620,1720,0.03450799601971777,0.03668454517347529,0.020277990617144546,0.0,0.0,9.191389011552285,5.046948419245607,0.6730129698737095,0.19665048174800842,0.13033654837828207,3.4223814957957788,1.5087900070612597,1.8743118680462547,,0.1409,2.741499237033195,0.0,0.0,0.20014646444495843
Leptogenys_intermedia_CASENT0744955_processed.obj,49836,98321,3803,0.10702872336960412,0.0698546995304848,0.04495759543553091,0.0,0.0,0.055530916006572645,5.610917211708656,0.7109479905775221,0.18027498392166913,0.10877702550080877,3.9436863346854296,1.657289148068576,2.2955699423910345,,0.176,3.1535513991323523,0.00035,0.0,0.2165585296782737
Leptogenys_peuqueti_CASENT0741327_processed.obj,46047,92468,4729,0.16231080157177769,0.05867036972747787,0.05468523983104785,0.0,0.0,0.01615968928705224,2.110422518524933,0.9647596074267555,0.019198934655743283,0.016041457917501355,50.250684463794016,1.196832280113212,1.152718041678621,,0.0,1.477268500420418,0.0,0.0,0.20528818672859997
Leptogenys_sp._CASENT0745628_processed.obj,48986,91071,7453,0.1487397708530912,0.17205662659173365,0.09168385857579854,0.0,0.0,0.5271173345231439,0.6574450304784661,0.5712616728633161,0.2500589752132695,0.1786793519234145,2.284507774120486,1.3994844536958568,5.248793001538443,,0.07015,2.084105510423856,0.0003,0.0,0.22024654246213066
Leptogenys_unistimulosa_CASENT0744454_processed.obj,48624,103017,11480,0.144140077795468,0.11395132752110393,0.12891023993568326,0.0,0.0,0.19611809085010115,0.2750412849241041,0.6353487880897819,0.2554731685969712,0.10917804331324688,2.4869491836619995,2.339968374996275,4.740206458835998,,0.0312,1.8753240453253455,0.0001,0.0,0.19263620304933257
Leptothorax_acervorum_CASENT0745182_processed.obj,42373,84731,1129,0.027666471787598512,0.029524227418040495,0.015663198144549615,0.0,0.0,0.10844632583832202,18.337831006925974,0.8152015860098843,0.12647156489997097,0.05832684909014461,6.445730205478555,2.1683249973697047,4.417316055086978,,0.0167,1.81224944586629,0.0006,0.0,0.2626670155503566
Leptothorax_acervorum_CASENT0745183_processed.obj,41752,83308,1063,0.022271576136707938,0.03156872268091306,0.016027197668771247,0.0,0.0,0.6180142436228117,14.090403313722405,0.7857907778270466,0.15119079945339117,0.06301842271956223,5.197345213253461,2.399152389551292,6.009328578525683,,0.03845,1.911453549531703,0.0,0.0,0.22114045792162426
Leptothorax_acervorum_CASENT0745184_processed.obj,49998,99433,1356,0.03539839324546723,0.032449695304895124,0.01563479258064086,0.0,0.0,0.026464645221144445,10.510295918923507,0.79209819371218,0.148649137663707,0.05925266862411287,5.328643046044205,2.5087332117766294,6.0747765662413675,,0.02425,1.865690547483192,0.0,0.0,0.21351299059183665
Liometopum_microcephalum_CASENT0878045_processed.obj,48822,90536,8327,0.11542561158674225,0.18516828944929933,0.1016864584372817,0.0,0.0,0.011147233988509406,0.18666269302058022,0.8209726438573661,0.09696875570722592,0.08205860043540796,8.466362570806803,1.181701310925409,3.370585663978497,,0.0834,2.1969890035383837,0.0,0.0,0.20466569901979242
Lioponera_MG04_CASENT0840850-D4_processed.obj,49960,98701,711,0.0048660318979733,0.020238375020983718,0.0068625146886016454,0.0,0.0,60.433092204794306,11.497874298032347,0.4177801868717196,0.344554720696411,0.23766509243186937,1.2125220227060185,1.4497489604838933,8.059815462923497,,0.0,1.659232324753801,0.0,0.0,0.19100335433669757
Lioponera_daikoku_OKENT0105067_processed.obj,28137,59266,1709,0.1125354008333489,0.038025055268975684,0.037957031914290576,0.0,0.0,0.37986308640976313,20.023889185921096,0.5825183324175383,0.2992404707829016,0.1182411967995602,1.9466562490477908,2.5307632101370494,8.441293451013797,,0.0025,1.7153316281331057,0.0002,0.0,0.24748754901833642
Lioponera_foreli_CASENT0744707_processed.obj,49991,99375,751,0.009839948912758856,0.01976118286607274,0.008200991064392472,0.0,0.0,1.7408758777186533,0.0025029560360091863,0.647693359886429,0.21368599596590315,0.13862064414766787,3.031051973989808,1.5415163973576023,5.578820227967816,,0.0634,2.106214687767875,0.0,0.0,0.1965802806779776
Loboponera_afrc-gh01_CASENT0744958_processed.obj,49995,99315,541,0.008236657650076085,0.01676899539687736,0.0057054669597343685,0.0,0.0,0.20416151594159612,0.018483930229387824,0.6077937350401962,0.22807069086277976,0.1641355740970241,2.664935738743736,1.3895262627708131,5.548757645317942,,0.1017,2.443428774299724,0.0,0.0,0.20821832665045872
Loboponera_afrc-gh01_CASENT0744959_processed.obj,49997,99561,700,0.015717738947993998,0.016600500417014177,0.0072126772310258545,0.0,0.0,3.5479952350983326,7.532440758410425,0.6258228770535794,0.22210255818893385,0.15207456475748665,2.817720255708251,1.460484588879941,7.199285633154028,,0.05085,2.007312472389213,0.0001,0.0,0.20717719951885818
Lophomyrmex_sp._CASENT0745631_processed.obj,41287,86797,4335,0.2533725283798509,0.06199479807497625,0.06655816344012336,0.0,0.0,0.4629223055625481,18.372117291884123,0.5603568436321176,0.3372063715038457,0.10243678486403669,1.6617623241609685,3.291848450255602,2.5092735628844265,,0.0884,2.3632274180444925,0.0001,0.0,0.23117471448738838
Lordomyrma_idianale_CASENT0745650_processed.obj,49991,99860,691,0.01322459420660227,0.015837299870186068,0.007609093632460141,0.0,0.0,3.012180962081752,27.748268224365997,0.5781766640795248,0.22521495375142342,0.19660838216905174,2.5672214675304197,1.145500264367033,5.552428263444481,,0.0397,1.891937318581071,0.0,0.0,0.2002294696225642
Lordomyrma_idianale_CASENT0745651_processed.obj,48238,95939,885,0.025461807469224107,0.02447148909114783,0.009972425517799017,0.0,0.0,0.1418462463916288,0.9770213954293651,0.7370127775803627,0.1516915383531107,0.11129568406652662,4.858628144865464,1.3629597555861876,3.7049803459264483,,0.0841,2.1757192842622453,0.0,0.0,0.20480248323876832
Lordomyrma_sp._CASENT0745617_processed.obj,49995,99981,731,0.013662967624562206,0.01709481240237945,0.008095443820411418,0.0,0.0,1.0243921442606196,0.7688492027152969,0.6121135466670901,0.20608294753128475,0.18180350580162521,2.9702289975941225,1.133547709229282,4.732393919935114,,0.09145,2.25046281009898,0.0,0.0,0.20314005438659608
Lordomyrma_sp._CASENT0745618_processed.obj,49992,98370,967,0.02098180153455531,0.029290221138145826,0.009279604356911995,0.0,0.0,0.3151562796906051,5.866425796582293,0.711527019372286,0.15851320987814807,0.12995977074956586,4.48875535306647,1.2197098299257934,5.237462419734877,,0.06565,2.098661438993192,0.0,0.0,0.19810809146597874
Manica_yessensis_OKENT0105371_processed.obj,49436,94786,5826,0.4159012041131521,0.1298720145953118,0.07350176912870411,0.0,0.0,5.327454077818999,1.0868736129703298,0.8733693287041459,0.06524024310472668,0.06139042819112742,13.38697232170292,1.0627103447073798,4.263140168489289,,0.0915,2.1595422451056323,0.00025,0.0,0.21841908843852467
Mayaponera_arhuaca_CASENT0878102_processed.obj,49802,96378,1191,0.001979085766763422,0.036377185126441655,0.012572381779275738,0.0,0.0,2.7654011152196727,4.466320258990227,0.5744161248418005,0.24584006645175144,0.179743808706448,2.336543969957539,1.3677248091101142,4.623786055589116,,0.0515,2.006462821991723,0.0,0.0,0.18013044665193892
Mayaponera_constricta_CASENT0744226_processed.obj,49882,94680,1196,0.014859860425770255,0.05564907826470913,0.01217021746329617,0.0,0.0,23.932432164806723,43.42404564764341,0.4866051964753925,0.29808123716353757,0.21531356636106988,1.632458322790791,1.384405275530435,5.521210958952285,,0.03815,1.9166977225848338,0.00035,0.0,0.20883052919470932
Mayaponera_constricta_CASENT0745139_processed.obj,49947,97088,1086,0.009603090430030492,0.037560214397177556,0.010957324106113034,0.0,0.0,5.51529738043537,13.22373538307803,0.5106057989653944,0.2792917446576214,0.21010245637698408,1.8282165825965841,1.329312134059451,6.803394769661576,,0.10045,2.3837017878850717,0.0001,0.0,0.1971857762868228
Mayaponera_constricta_CASENT0845824-D3_processed.obj,49804,97315,1219,0.016119170930851134,0.03572397698903723,0.013350700097688049,0.0,0.0,0.4365284414369185,10.798820017578945,0.6986664698280766,0.18501404720505224,0.11631948296687113,3.7762887758124664,1.5905679984645906,5.1256627709841975,,0.0406,1.9318641814704687,0.0,0.0,0.18852362799604938
Mayriella_sp._CASENT0745610_processed.obj,13048,27551,822,0.11769306444813099,0.04334726406842259,0.03727281562834095,0.0,0.0,0.0241467781880515,0.37210723244345284,0.779673461669737,0.1268108626739592,0.09351567565630396,6.148317622239818,1.3560385655558356,8.382725003502708,,0.0164,1.7579150535786345,0.0,0.0,0.23278920758600205
Mayriella_sp._CASENT0745611_processed.obj,49570,83155,1365,0.3375200095147102,0.13342113184828416,0.009534918723660446,0.0,0.0,0.5659206273892535,3.7491078439909717,0.5519360297263937,0.2680864300978362,0.17997754017577014,2.0587988341109567,1.4895549179970842,7.1939668301903374,,0.0,1.5963754625431865,0.0,0.0,0.18956708216664866
Megalomyrmex_aff.goeldii_CASENT0744251_processed.obj,49861,93140,4986,0.07458662294409757,0.12204560006681328,0.053074803040004455,0.0,0.0,0.22228608957174004,6.849009762774588,0.6973009248916665,0.21192349976550026,0.09077557534283322,3.2903426267650873,2.334587238528935,7.672696149992236,,0.08095,2.153022933313995,0.0,0.0,0.21825419720708325
Megalomyrmex_drifti_CASENT0744171_processed.obj,49917,99329,2271,0.05683414087737626,0.04351661276095266,0.02690385180829168,0.0,0.0,9.671885357738304,0.530975786286846,0.69097677399195,0.2154103375739868,0.09361288843406324,3.2077233700755925,2.301075644361858,3.654676446630146,,0.1317,2.5875267690175057,0.0,0.0,0.2229004364226577
Megalomyrmex_sp._CASENT0744048_processed.obj,49053,109555,15037,0.13881979750271234,0.10598809606815286,0.16008189499439032,0.0,0.0,4.331784655856045,17.270110504607608,0.6372065615032652,0.2095405177767804,0.1532529207199544,3.0409706354838226,1.3672856399238402,2.999557241533325,,0.0898,2.358332112549653,0.0,0.0,0.19599320649926702
Megaponera_analis_CASENT0744960_processed.obj,49081,97097,5017,0.0342898210858682,0.07513002880428106,0.054898775476772285,0.0,0.0,8.144211339354154,0.03473957557343093,0.8031490488196646,0.11988828992995947,0.07696266125037589,6.699145089890567,1.5577461587501162,2.189674719140893,,0.0597,2.1930512637977726,0.0,0.0,0.190266321611874
Megaponera_analis_CASENT0744961_processed.obj,49055,98148,3172,0.01855774600590976,0.04426592121154551,0.03943493778073306,0.0,0.0,0.4804979174541863,1.388430568148486,0.8232435942189456,0.09957758384732428,0.07717882193373017,8.26735860031682,1.2902190180206026,1.5682201732663463,,0.05705,2.03390128630881,0.0,0.0,0.1853835171155042
Megaponera_analis_CASENT0744964_processed.obj,48977,99326,8481,0.026666805091164703,0.10291900043084877,0.09447032529082292,0.0,0.0,17.783319625602434,0.5289467129278115,0.6680281052540482,0.17242096142612073,0.15955093331983108,3.8744019272870496,1.0806640728355426,5.136307408591452,,0.05085,2.0147937926387574,0.0,0.0,0.1863866632169884
Megaponera_analis_CASENT0745092_processed.obj,48762,99790,8342,0.2534390252608496,0.09611969215865669,0.09732387923147301,0.0,0.0,0.2541014255841061,1.2249372014620052,0.7973994282505871,0.115876689713563,0.08672388203584987,6.88144811714667,1.3361566271406298,3.2986767183642005,,0.02465,1.8667775234315875,0.0,0.0,0.1840879414931894
Megaponera_analis_CASENT0745580_processed.obj,49226,89455,2401,0.011675030495377103,0.09359251259899208,0.02144708423326134,0.0,0.0,5.610957166759069,59.95201739049761,0.4861895763614166,0.2920342266908328,0.22177619694775066,1.6648376523212458,1.316796981416516,10.39994898443035,,0.00045,1.6701733498627656,0.0,0.0,0.19653773297891738
Megaponera_analis_CASENT0745581_processed.obj,48860,84631,4088,0.05450165386119754,0.1542160565381595,0.04453501850951651,0.0,0.0,1.7920195383239321,7.958957522156941,0.6665711549732751,0.21627131267762487,0.11715753234910002,3.082106205952842,1.845987264678729,6.872730526374029,,0.00415,1.7602347180188476,0.0,0.0,0.20619507699267295
Megaponera_analis_CASENT0745582_processed.obj,48466,92834,5917,0.014069532585610278,0.10852007173013654,0.06471950410189069,0.0,0.0,4.050211550160216,21.545077234121223,0.5772403710535721,0.2692771205150739,0.15348250843135391,2.143666606169233,1.754448264282245,6.177389649072004,,0.00065,1.5893230101388691,5e-05,0.0,0.19224863294017921
Megaponera_analis_CASENT0745583_processed.obj,48449,93628,6650,0.01725773450652901,0.11206273210387022,0.07191446643312951,0.0,0.0,13.49740142988777,16.691289718518142,0.5990156774639315,0.26786904657632793,0.1331152759597406,2.236225816756491,2.012308840176557,8.225541084167077,,0.0,1.6308563773199773,0.0,0.0,0.1871071183628467
Melissotarsus_FHG02_CASENT0745206_processed.obj,47424,104459,5969,0.3636653400938954,0.06968433591423466,0.0699756583887925,0.0,0.0,0.35368696344478184,0.0432642754933047,0.6545943690254702,0.19059768687600132,0.15480794409852858,3.43442976541124,1.2311880245285998,12.2454959257468,,0.1068,2.5488465831819225,5e-05,0.0,0.2450289279512274
Meranoplus_cf.bicolor_CASENT0877604_processed.obj,36806,69173,5334,0.05324864874591562,0.1462742960261664,0.0905109214632129,0.0,0.0,0.24965765115374947,0.43229270290395044,0.6774810101415716,0.19426398110063076,0.1282550087577978,3.4874247212643574,1.5146697425867173,4.719364917327111,,0.03575,1.7969305094931778,0.0001,0.0,0.19142727334652013
Meranoplus_cf.bicolor_CASENT0877605_processed.obj,42037,72155,6968,0.41702862524020456,0.16555629285556292,0.07640787436407874,0.0,0.0,1.713920996413092,3.963217464379048,0.5174995683542332,0.33460622061077056,0.14789421103499625,1.5465927902046168,2.262470033607959,7.045363547232844,,0.0145,1.8226101507169707,0.00405,0.0,0.2796847806720967
Meranoplus_inermis_CASENT0744999_processed.obj,48758,106420,6590,0.17154779665759456,0.08480954915228466,0.07616766770571987,0.0,0.0,11.570715005198476,23.803161998004338,0.5960349236553847,0.21332720466505367,0.19063787167956164,2.793993970863785,1.1190179725864227,14.995123584410527,,0.0141,1.8031482721701244,0.0002,0.0,0.25364834177576095
Meranoplus_inermis_CASENT0745544_processed.obj,48247,106705,7721,0.19963096245257383,0.10030094719168753,0.0917540469477619,0.0,0.0,20.602091845057995,30.511076189012645,0.6158901914420708,0.20323038579392827,0.18087942276400085,3.030502496150215,1.1235683014042424,15.185240653920374,,0.0011,1.8303448306080028,5e-05,0.0,0.2602868497049147
Meranoplus_magrettii_CASENT0744818_processed.obj,49549,105861,4522,0.10788605730664347,0.05989560124769241,0.058673371952383986,0.0,0.0,0.28868816696595084,43.55649607831825,0.5413285427174296,0.28396056198800435,0.17471089529456607,1.9063511458337568,1.6253168499265094,10.895627536204568,,0.0069,1.8252826397067201,0.0,0.0,0.24212012022363869
Meranoplus_magrettii_CASENT0744819_processed.obj,49755,101553,3000,0.07447222481571525,0.049268202958719816,0.03676064850093281,0.0,0.0,0.2636192419106991,42.335461739603154,0.5177201583704353,0.2664983321836543,0.2157815094459104,1.9426769170684877,1.2350378531875874,11.836843156739818,,0.0388,1.8985699414312152,0.0,0.0,0.22966466273623662
Mesoponera_ambigua_CASENT0745584_processed.obj,49971,98386,1204,0.01935181727010149,0.03302669685994396,0.012733589125044516,0.0,0.0,4.4156905977853205,0.07932252037098471,0.6651930061861703,0.18552676216729314,0.1492802316465364,3.585428853581526,1.2428086433211114,6.540456556434451,,0.10445,2.2440812049766024,5e-05,0.0,0.2131150051794918
Mesoponera_subiridescens_CASENT0745587_processed.obj,49802,96922,813,0.22549413290317555,0.0291984719829494,0.007653703943291773,0.0,0.0,2.455717183315399,0.7245894132400299,0.6355672755692627,0.2269765319317023,0.13745619249903496,2.800145328506941,1.651264506932242,3.7587987712955564,,0.10335,2.2518122827318057,0.0,0.0,0.18776323189080038
Mesoponera_subiridescens_CASENT0745588_processed.obj,49750,93717,1281,0.022050864302957107,0.05752646635067132,0.0120969145211696,0.0,0.0,10.065323147961083,2.95773033682256,0.5766835419529698,0.2651930623323002,0.1581233957147299,2.1745800470087575,1.6771272912120767,6.03715083968197,,0.06805,2.139109837622924,0.00015,0.0,0.19788581721054696
Messor_decipiens_CASENT0744826_processed.obj,49506,94306,6215,0.17453931699205505,0.15820831783554434,0.08341943216101169,0.0,0.0,0.14664868777587603,1.625027730781438,0.548275153632146,0.31406448330669917,0.1376603630611549,1.74574070859432,2.2814445372861445,5.608440251390192,,0.08505,2.2765684588527804,5e-05,0.0,0.21694076461165232
Messor_decipiens_CASENT0744827_processed.obj,48881,97728,9275,0.15434584655272454,0.11197223116052663,0.10033341777178341,0.0,0.0,0.44103257228899756,2.1894492265212695,0.8077862844969519,0.11641919431320573,0.07579452118984248,6.938600539733529,1.5359842965642683,1.6010225283666666,,0.01605,1.687045048888424,0.0,0.0,0.21039006490458384
Messor_striatifrons_CASENT0744833_processed.obj,48347,102510,11901,0.37137199735481474,0.15105228325612177,0.1425876902713435,0.0,0.0,0.8616057915187252,16.65772776732369,0.680977933660849,0.2090695097413342,0.10995255659781673,3.257184342678046,1.9014520099434011,4.1457871247909726,,0.1267,2.7987647805851776,0.0001,0.0,0.23578950245694735
Messor_striatifrons_CASENT0744834_processed.obj,48739,103810,11569,0.41863572500836477,0.1143981607245791,0.13848233275248628,0.0,0.0,0.7545129650657217,4.187478220936351,0.6864814871937885,0.17324632175598256,0.14027219105022884,3.962459232818216,1.235072472019392,4.034645448738385,,0.10425,2.3220887639489374,0.0,0.0,0.22717521476165828
Microdaceton_exornatum_CASENT0744836_processed.obj,27903,59456,1870,0.14994952642056036,0.042938671981157715,0.044274843735845636,0.0,0.0,0.3677275070849618,0.33182840836994987,0.7899932770191577,0.12480190654926157,0.08520481643158077,6.329977633052689,1.464728307342545,3.794973369151665,,0.06255,2.058183409792237,0.00155,0.0,0.2753643632248993
Microdaceton_tibialis_CASENT0745552_processed.obj,49700,98738,2855,0.007063055194859613,0.045445982857681075,0.03626932547531587,0.0,0.0,0.04324457268199364,0.3007782096141885,0.7303517302946997,0.1714576294452983,0.09819064026000206,4.259663058783339,1.7461708060084984,2.444736453486548,,0.1202,2.3947164425811005,0.0,0.0,0.17998168286738783
Monomorium_gabrielense_CASENT0744837_processed.obj,48837,92107,6522,0.5525236623522752,0.132038354031773,0.07692743162438524,0.0,0.0,0.38797366453839327,1.3917759742195455,0.8058484678692593,0.12227863501116734,0.07187289711957326,6.590263849409699,1.7013177416201164,2.8579439191454465,,0.0755,2.2479234833301054,0.0001,0.0,0.19871570444481132
Monomorium_pharaonis_CASENT0877625_processed.obj,49623,89896,1871,0.038655163795182634,0.0918715015818934,0.018732194751835997,0.0,0.0,0.4890510700152754,0.13153810217676723,0.7873528598571842,0.11399660603387164,0.09865053410894417,6.906809660835334,1.1555599476834066,4.650142269040756,,0.03915,1.928602563618738,0.0001,0.0,0.20611359826762493
Mycetagroicus_inflatus_CASENT0745121_processed.obj,46046,94887,3287,0.16420295315820588,0.060940387764137086,0.044686338306290097,0.0,0.0,0.6467600781336621,0.7545175661581955,0.7041596729259305,0.2171232352216001,0.07871709185246935,3.243133661891376,2.7582730778282554,3.157232005463833,,0.09295,2.2965636253326918,5e-05,0.0,0.2382585556138257
Mycetomoellerius_holmgreni_CASENT0744498_processed.obj,49984,98589,2818,0.06682224163864059,0.057818642058809745,0.03009462328147915,0.0,0.0,0.111890832685339,0.13948808285312447,0.6470293983070653,0.24573277393845974,0.10723782775447492,2.633061060341526,2.2914747443511656,6.172115329809899,,0.06405,2.1809357504464293,5e-05,0.0,0.21156158978542777
Mycetophylax_asper_CASENT0745123_processed.obj,49611,104732,3093,0.11537179187757363,0.05121622570901265,0.04106238544999393,0.0,0.0,0.5455444575379926,8.767779047585359,0.5104935138252444,0.31102288677410567,0.17848359940065003,1.6413374562882674,1.7425852449105916,7.46662626255509,,0.06385,2.0912795775400896,0.0003,0.0,0.23641605820752973
Mycetophylax_asper_CASENT0745124_processed.obj,49821,101782,2188,0.07871548018584074,0.041968143166205875,0.027288116760459356,0.0,0.0,5.973887690764003,37.33561636441331,0.4496146528586522,0.39519004440190963,0.1551953027394381,1.137717559507629,2.5464046747948657,7.173855134003121,,0.03645,1.8337953405334837,5e-05,0.0,0.22572733044498633
Mycetophylax_faunulus_CASENT0744023_processed.obj,49987,100451,981,0.027689841819794947,0.020409785041653975,0.011701521793836007,0.0,0.0,64.93309001129676,15.955575281455664,0.39452562455213247,0.3466076607305247,0.25886671471734274,1.1382484268253446,1.3389425562455433,9.793101941668098,,0.0026,1.7380861483510268,0.0,0.0,0.2104875605812397
Mycetophylax_morschi_CASENT0745099_processed.obj,40807,83575,2491,0.08434324538996285,0.05042271494656245,0.03680012761205934,0.0,0.0,0.046898139562857946,0.33678237926114996,0.8391150365153752,0.09193327686172663,0.06895168662289818,9.127435300467495,1.3332998997474341,2.660025854239564,,0.0628,2.1643370832973265,5e-05,0.0,0.2303562862413388
Mycetophylax_morschi_CASENT0745100_processed.obj,37780,77180,1773,0.05519352515432696,0.041918028117960804,0.028350982575149522,0.0,0.0,0.21923348743225624,0.2417195551460065,0.7692564567641491,0.158456367905813,0.07228717533003785,4.854689444992188,2.192039835314589,4.451592476415446,,0.0505,2.00422111421827,0.0,0.0,0.22495185791497294
Mycetophylax_olitor_CASENT0744643_processed.obj,44876,92904,2356,0.27511216890429946,0.044160096505967,0.032369709764048654,0.0,0.0,0.1583305768168238,0.05661988481909475,0.535893439621267,0.32681500886125947,0.13729155151747363,1.6397454984962645,2.3804451566683946,12.311329978413754,,0.0749,2.1290055467622855,0.0,0.0,0.22927072615325142
Mycetophylax_strigatus_CASENT0744168_processed.obj,49968,100817,1177,0.06330877997720197,0.02464983777795363,0.014072432803144207,0.0,0.0,48.967781431423845,26.283784690106614,0.42559049693589257,0.3764253984015317,0.19798410466257568,1.1306104708745413,1.9012910104226475,12.029263333344032,,0.0057,1.7451168219248359,0.0007,0.0,0.23162578863172836
Mycetosoritis_hartmanni_CASENT0745093_processed.obj,36209,75508,1819,0.0595871598186507,0.043427489627473705,0.03313900512212599,0.0,0.0,0.09005209185475135,7.837430239230018,0.4422887285562232,0.308316565121456,0.24939470632232083,1.4345279449451287,1.2362594606277801,11.46229875112628,,0.0591,2.062077390360649,0.0,0.0,0.24486613429116205
Mycetosoritis_hartmanni_CASENT0745094_processed.obj,36830,75353,1814,0.13236002087643084,0.04173776202137723,0.02889197337129015,0.0,0.0,26.676614279191178,68.56443788655353,0.45630153589067785,0.2738672526791736,0.2698312114301486,1.666141283511614,1.0149576515912795,5.2435367218647135,,0.02745,1.842821002329097,0.00025,0.0,0.23805265290799807
Mycocepurus_goeldii_CASENT0744369_processed.obj,44479,91845,2354,0.11737123375212355,0.04407223049812884,0.03309232278458017,0.0,0.0,2.350685987579932,6.023100005301997,0.48522865076868554,0.3133477771521188,0.20142357207919562,1.5485306938466805,1.555665873251999,8.166529856137862,,0.0657,2.0902974124131846,0.0,0.0,0.24853829330979313
Mycocepurus_smithii_CASENT0744315_processed.obj,39048,81097,2306,0.1263696355302546,0.052925639147857716,0.038443499082523515,0.0,0.0,13.58363486962754,0.7845140686491469,0.5506091830780978,0.2622259424618845,0.18716487446001764,2.0997509930129468,1.4010424937821413,8.395005190404907,,0.11885,2.330544328283264,0.0003,0.0,0.24543693434027414
Mycocepurus_sp._CASENT0744008_processed.obj,49808,100960,3154,0.06978016585456093,0.06370733561881789,0.03636018012939426,0.0,0.0,0.43015956691211055,0.6072924183459079,0.6911416033061745,0.1773020460766927,0.13155635061713294,3.898102805915835,1.3477270024971502,11.762347537074836,,0.0774,2.2031013154467862,0.00055,0.0,0.24146760425340777
Myopias_sp._CASENT0745084_processed.obj,42593,85610,1401,0.04423055060619774,0.025270589335390514,0.019543212473993033,0.0,0.0,0.4101699660469419,0.5175590462378526,0.6925516389792017,0.2199024859057433,0.0875458751150551,3.149357935298875,2.511854334847206,3.204972093079381,,0.06225,2.0645163344671182,0.00105,0.0,0.33916952633534764
Myrmecia_croslandi_CASENT0745597_processed.obj,48806,92768,5717,0.012809133885151924,0.11587417806001042,0.07101420706551584,0.0,0.0,20.741834961285665,81.82414113258339,0.4192577091326747,0.3633582416129342,0.21738404925439114,1.1538411988994794,1.6715036952307316,6.664183330260507,,0.0187,1.8363638745503263,0.0,0.0,0.18716364977597075
Myrmecia_croslandi_CASENT0745598_processed.obj,48982,104123,12777,0.0629632715942865,0.12891311994372143,0.1390224202394445,0.0,0.0,20.073027991636497,21.78627514815299,0.48789742258311036,0.2939002138676989,0.2182023635491907,1.660078487737136,1.3469158128593925,7.75232057670657,,0.0335,1.8743320332320983,0.0,0.0,0.19602529247346068
Myrmecina_graminicola_CASENT0745188_processed.obj,49995,99801,1942,0.068848644370061,0.04443869014421162,0.023112368204392744,0.0,0.0,0.0869054753275669,10.048760658104474,0.696589009786242,0.1852272070324874,0.11818378318127051,3.760727276226034,1.567281077374089,8.382290003410441,,0.04525,1.9653739033409838,0.00025,0.0,0.23293069660237206
Myrmecina_graminicola_CASENT0745189_processed.obj,41217,82974,924,0.03166290172925901,0.023503759639587642,0.013763968383755792,0.0,0.0,2.999200077334154,1.0819631362861917,0.7617306514962774,0.12764743810416454,0.11062191039955807,5.967457418727667,1.153907373712057,3.6397733738095748,,0.0181,1.7863781894857576,0.0,0.0,0.20611132955880193
Myrmecina_ryukyuensis_OKENT0105085_processed.obj,24528,50254,1143,0.06173329043348097,0.04058908522117207,0.027028460080329803,0.0,0.0,0.2099684994591259,0.174418491334318,0.7255388952757272,0.14821092305528888,0.1262501816689839,4.895313248977411,1.1739462161241396,4.074049244183875,,0.0658,2.1704230524324744,0.0018,0.0,0.2772442780947255
Myrmecina_sicula_CASENT0745244_processed.obj,33705,68376,1124,0.050756472809604714,0.032286323330445704,0.020343206439744202,0.0,0.0,4.688361080184478,9.11701080382143,0.7351024589470397,0.16781625816203388,0.09708128289092642,4.380400725162555,1.7286159923389168,6.317621142661292,,0.0239,1.777051608479367,0.0,0.0,0.22490572037254467
Myrmecina_sicula_CASENT0745245_processed.obj,33293,67175,995,0.041109562889057205,0.029584686040066515,0.01738063187900863,0.0,0.0,0.6828964062218136,2.6879343350013056,0.7013437591918756,0.18908851133817225,0.10956772946995223,3.7090765283860576,1.7257682736779514,5.069115014965447,,0.05215,2.0153524002158654,0.0,0.0,0.22061184900098263
Myrmecina_sp._CASENT0745613_processed.obj,39524,80309,1412,0.09360195927767445,0.028181425198683205,0.022071293186579324,0.0,0.0,5.900915899808541,0.9581143762561799,0.6348195755364325,0.2248288316364312,0.14035159282713622,2.8235683604983275,1.6018972575063057,5.671893539209307,,0.07565,2.352944229647096,0.0,0.0,0.2185805036240101
Myrmelachista_nodigera_CASENT0709257_processed.obj,49946,98759,443,0.0023333361904464,0.013826619435239395,0.004967365951697575,0.0,0.0,1.2670091245925095,0.3788873434344981,0.8418901991323684,0.10288587077509401,0.055223930092537475,8.182758164847725,1.8630668009808522,2.3311444426256878,,0.0369,1.8822864626602909,0.0,0.0,0.1810771754046425
Myrmica_kotokui_OKENT0105275_processed.obj,49653,90635,6985,0.18875391145120268,0.16555803492367088,0.07335387666914603,0.0,0.0,0.20707750891490773,4.4848210788981415,0.8486081711627008,0.10291063688337769,0.0484811919539215,8.246068597596732,2.122691970551965,4.5128747475661015,,0.037,1.9241802864883437,0.00015,0.0,0.23040343895132834
Myrmica_rubra_CASENT0745018_processed.obj,49964,98582,2033,0.031085395641732516,0.04611194590533434,0.02268702372008157,0.0,0.0,0.27180695634162466,0.5253598831879953,0.6842231007634004,0.17051967960335065,0.14525721963324892,4.012575571071831,1.1739153484686364,5.773160180487076,,0.09345,2.422073273273955,0.0,0.0,0.20975527583845224
Myrmica_rubra_CASENT0745021_processed.obj,49987,99170,2360,0.03910622879837977,0.053933243933844376,0.028567806843731027,0.0,0.0,1.3636286960195554,10.639588276059108,0.5802193883997098,0.27081323243873723,0.14896737916155287,2.1425075251112986,1.8179364768513808,8.154607548816664,,0.0667,2.1744765702479936,0.0,0.0,0.22544420546832966
Myrmica_siciliana_CASENT0745246_processed.obj,49921,97371,1444,0.26247370233373024,0.04011562180567684,0.013931479864340691,0.0,0.0,0.4714274352938337,0.11756217059576995,0.7532853946362907,0.13313433159190977,0.11358027377179962,5.658085225870214,1.1721606857489821,4.228221960625748,,0.03225,1.8852921536663072,0.0,0.0,0.20369593853927345
Myrmica_transsibirica_OKENT0105358_processed.obj,49973,98272,2765,0.05124757457485907,0.05830253343189302,0.030811101404475506,0.0,0.0,0.2247233452467142,2.087212758733873,0.7131422932418456,0.1595401145032209,0.12731759225493347,4.4699873474608065,1.253087744416081,5.145776295607307,,0.0794,2.150135878699557,0.00015,0.0,0.22716484383828078
Myrmica_transsibirica_OKENT0105359_processed.obj,49909,103056,4785,0.07855222854910526,0.0672516900676027,0.05802132085283411,0.0,0.0,0.5233031911510719,6.3753757925464605,0.7545997799649168,0.18341997969815266,0.061980240336930593,4.1140544296577355,2.9593299203272507,7.713366895747219,,0.03175,1.8986048196855627,5e-05,0.0,0.23077524735944882
Myrmicaria_opaciventris_CASENT0745575_processed.obj,49295,92247,4072,0.07655034949505068,0.1039199356323137,0.045727877136767216,0.0,0.0,6.961733974122186,1.4910416189401934,0.6283871064628114,0.2419467250257761,0.12966616851141255,2.597212697943588,1.8659202149902439,4.311182553964476,,0.164,2.503709854211678,0.0,0.0,0.20151445800253753
Myrmicaria_sp._CASENT0745630_processed.obj,49559,96769,4647,0.1648897405830787,0.08749011372623886,0.05308588103744511,0.0,0.0,77.25269963093176,78.63283852997503,0.4801468567577144,0.3164338503043125,0.20341929293797315,1.5173688159340732,1.5555744282367547,2.0164763942476953,,0.04295,1.9489664127798756,0.0001,0.0,0.20427115387596612
Myrmicocrypta_foreli_CASENT0744022_processed.obj,32731,66289,1244,0.09336955548796422,0.03733749974961441,0.020862127676622,0.0,0.0,14.250801472444003,2.447201184987461,0.571255731445473,0.2651063433869085,0.1636379251676185,2.154817286328588,1.6200788607858072,5.672075268470574,,0.06745,2.1065267152586022,0.0,0.0,0.2215304340859703
Myrmicocrypta_squamosa_uncinata_CASENT0745104_processed.obj,43775,89848,2133,0.0703417712450718,0.04113026563915245,0.03032800273211873,0.0,0.0,1.6960487088939973,1.1496348374205114,0.6474361682890615,0.21282618916308743,0.1397376425478512,3.0420888088774403,1.5230412169735015,5.609060383934404,,0.04815,1.9892121747170528,5e-05,0.0,0.22884737798068974
Myrmicocrypta_squamosa_uncinata_CASENT0745105_processed.obj,38527,77830,1472,0.059068155504060305,0.036228232742055326,0.021914579258867035,0.0,0.0,19.110655626756138,4.033138671775002,0.49274707049912875,0.28037343389189334,0.226879495608978,1.757467045501617,1.2357812817739644,5.771796570858656,,0.0951,2.4410570381550567,0.0,0.0,0.21736295542410208
Myrmoteras_sp._CASENT0745082_processed.obj,49616,99001,2741,0.016944164710175458,0.04092176425140247,0.03346434210084316,0.0,0.0,0.4933233076581891,0.4441937019606267,0.786388444101769,0.12415129235588208,0.08946026354234886,6.334114040855662,1.387781428758156,1.477563773546748,,0.12675,2.2904738451225226,0.0,0.0,0.17947857762742195
Myrmoteras_sp._CASENT0745083_processed.obj,49245,97478,3952,0.03085804088074484,0.0604088523407239,0.04682128537294331,0.0,0.0,0.2632168808961643,1.3846800936803845,0.7802983303497565,0.11780423317616855,0.10189743647407498,6.6236866818093985,1.1561059556796662,1.673290417565958,,0.0957,2.1494692016107755,0.0011,0.0,0.34601628300628623
Myrmoteras_sp._CASENT0745623_processed.obj,47272,96273,2925,0.11630914264779457,0.0482764367656454,0.04060998305602622,0.0,0.0,0.13196133703368088,0.2379578960781846,0.7789259932581639,0.16229457135242015,0.058779435389415956,4.799458088876788,2.761077412146145,2.1950686876226277,,0.1486,2.432913801167548,0.00015,0.0,0.2333239131870662
Mystrium_camillae_CASENT0745088_processed.obj,45322,91133,1142,0.0274743314962147,0.02059829309639329,0.013327877477056176,0.0,0.0,5.988922891284761,4.547164298438729,0.5979467209802662,0.2115802781975319,0.190473000822202,2.8260985668145384,1.1108150618944288,5.546650856886357,,0.0668,2.090211459547333,0.00095,0.0,0.24400794730980194
Mystrium_oberthueri_CASENT0745063_processed.obj,49510,93545,1175,0.053539022752115195,0.054661324547688184,0.011482298414116595,0.0,0.0,10.930265126323464,49.93685585528346,0.5282255105474503,0.26688549506316733,0.20488899438938252,1.9792215025489794,1.30258580192923,4.69169333003216,,0.0029,1.6089053678029477,0.00015,0.0,0.1989061100103424
Neivamyrmex_aff.pacificus_CASENT0744549_processed.obj,43291,86644,1088,0.02364781971820551,0.027007136998167838,0.014825944636519046,0.0,0.0,0.4961996808874168,13.574817996224596,0.5994097453585999,0.2158911342750331,0.18469912036636696,2.776444467585157,1.1688801432664868,2.0482225032218424,,0.095,2.3218969140325094,0.0001,0.0,0.20547366637196668
Neivamyrmex_aff.pacificus_CASENT0744550_processed.obj,49988,99657,1243,0.026715268594450836,0.028593302709539976,0.014293322681579122,0.0,0.0,9.882374449709419,0.9057592650978317,0.5857309348147894,0.27625231193485356,0.1380167532503569,2.1202752321324203,2.0015853541616275,5.517880898270901,,0.0669,2.192792966653528,0.00015,0.0,0.21015065240506864
Neivamyrmex_aff.pacificus_CASENT0744551_processed.obj,49970,98427,1105,0.0753180290263209,0.03292763974946799,0.011707605244255286,0.0,0.0,27.195090130201233,53.80869145002713,0.4208391933192553,0.3229342184925738,0.2562265881881708,1.3031731207788775,1.260346245782321,4.140877986808315,,0.059,2.0457763437643166,0.0,0.0,0.20167624614184912
Neivamyrmex_cf.diana_CASENT0744104_processed.obj,24641,54783,2067,0.08071043577465231,0.04609188728427242,0.05450479943666844,0.0,0.0,0.20011223742071704,4.735809031509771,0.6938707940467267,0.23465804263177034,0.07147116332150301,2.9569444382333034,3.283254836306414,7.4772059850045505,,0.07045,2.1489749450835673,0.00045,0.0,0.23762207372183977
Neivamyrmex_cf.diana_CASENT0744105_processed.obj,23729,49689,1371,0.06174743572696573,0.04963499724399392,0.038516865412795934,0.0,0.0,0.06881744788349607,0.6562557649425241,0.7511643586626423,0.16434588533569341,0.0844897560016643,4.570630759196141,1.9451575328547057,3.565459871053885,,0.1345,2.6658893635733922,5e-05,0.0,0.23474624750741555
Neivamyrmex_cf.diana_CASENT0744106_processed.obj,28486,63340,2488,0.15995569030859424,0.057303263058091594,0.05701562816265221,0.0,0.0,0.5355075006685975,0.3534867500252584,0.44365148574034996,0.2973351457723383,0.2590133684873117,1.4920923141727827,1.1479528933538574,8.083416525708403,,0.16045,2.792217807340267,0.001,0.0,0.2799680031815714
Neivamyrmex_cf.diana_CASENT0744107_processed.obj,29766,61962,2048,0.10331486984123972,0.05372431737942799,0.04335949730622645,0.0,0.0,0.2597627860570316,0.19151099939127178,0.6245364972771046,0.3261869469292561,0.04927655579363921,1.914658152806326,6.619515947812275,3.305926874517937,,0.1694,3.4910474114737973,0.0001,0.0,0.2366064621377256
Neivamyrmex_cf.hetschkoi_CASENT0744506_processed.obj,49514,99090,4604,0.17970120647307264,0.06774365155790196,0.05470670231176895,0.0,0.0,0.4244262781893128,18.73631706540035,0.7931649315598077,0.16207761855711947,0.04475744988307278,4.893735104333855,3.6212433679877067,2.5543415221877965,,0.0962,2.635719186760292,5e-05,0.0,0.214140248465083
Neivamyrmex_cf.hetschkoi_CASENT0744507_processed.obj,45542,93900,3516,0.19752590634942124,0.039266639866766206,0.04617239993108597,0.0,0.0,4.466309689057418,0.2749390907027421,0.692570082526353,0.22074720982064505,0.08668270765300201,3.1373899723990144,2.546611842171731,1.3114849031697204,,0.08715,2.3698233156304633,0.0,0.0,0.22372829727252946
Neivamyrmex_cf.hetschkoi_CASENT0744509_processed.obj,49871,104794,4830,0.23976406624876612,0.06305873305777179,0.05931622288442436,0.0,0.0,0.16295956164574935,0.23608378683216327,0.8621032855583751,0.09689458106459384,0.04100213337703096,8.897332297496206,2.3631595013266637,2.812333928460417,,0.14785,2.9234268671139083,0.0,0.0,0.23510210679509366
Neivamyrmex_cf.hetschkoi_CASENT0744510_processed.obj,49482,101428,4427,0.1680907571178536,0.04494494095116502,0.05337668900946909,0.0,0.0,0.07235412321838045,0.3999959874905611,0.6864631964845517,0.20146009163539677,0.1120767118800516,3.4074401084206563,1.797519647533971,1.4138673588520323,,0.08945,2.4716273775036095,0.00015,0.0,0.20865653390845612
Neivamyrmex_nigrescens_CASENT0741290_processed.obj,49904,99516,1085,0.02536639887405656,0.016133997162664955,0.011188736315211863,0.0,0.0,0.056164018316215356,0.11055569079248494,0.8965322847562317,0.05671447561188238,0.04675323963188601,15.807821108873961,1.213059802024986,1.000117515126212,,0.0189,1.805758498085929,0.0,0.0,0.1885201262526767
Neivamyrmex_nigrescens_CASENT0741443_processed.obj,49914,98646,773,0.014379504721249492,0.02302974115054652,0.008928391478727048,0.0,0.0,1.9961278965654676,74.79909896918329,0.46418518542321835,0.45141426300427767,0.08440055157250398,1.0282909147219828,5.348475271710659,2.283633983304391,,0.014,1.9099665149745118,0.0,0.0,0.19280372545283186
Neivamyrmex_pilosus_CASENT0878110_processed.obj,49183,95738,5407,0.03392924972203648,0.09414008441142653,0.06733635819086897,0.0,0.0,0.7879610463867647,0.4993240220246921,0.472327504320512,0.384696281781251,0.14297621389823706,1.2277932662450077,2.6906313385459875,4.893990366316542,,0.13385,2.3813006007774784,0.00025,0.0,0.19393617755645243
Neivamyrmex_pseudops_CASENT0744017_processed.obj,49957,99015,1020,0.02525559926211418,0.026380630992554503,0.011857892763404574,0.0,0.0,75.17857854900498,37.554426491316086,0.4447068287476098,0.356010092190772,0.19928307906161816,1.249141073532569,1.7864541930360982,2.486816866839605,,0.0651,2.0588038061524676,0.0,0.0,0.20395663723423407
Neivamyrmex_pseudops_CASENT0744018_processed.obj,49483,98550,884,0.02980909802035847,0.01922869471413161,0.010005393743257821,0.0,0.0,0.6286254863628472,1.2457119397907532,0.5187557595770906,0.3239642036298657,0.15728003679304353,1.6012749364425996,2.059792267572731,2.2703986818554727,,0.09015,2.2160704771095814,5e-05,0.0,0.19718024854853844
Neivamyrmex_pseudops_CASENT0744019_processed.obj,49937,99565,1310,0.034196578566988434,0.02821120042693706,0.016076848670824855,0.0,0.0,61.64170489639028,33.08439531270148,0.4911331230308813,0.3589424548002618,0.14992442216885687,1.3682781639864214,2.3941559994541257,2.9013692638169917,,0.03265,1.8491114028759614,0.0,0.0,0.19815606639677158
Neocerapachys_splendens_CASENT0744062_processed.obj,43265,86111,594,0.010413133996464485,0.0179773202075255,0.00727726855742027,0.0,0.0,7.706669801346997,78.22803540780464,0.5930286895008458,0.27271636656424314,0.1342549439349112,2.1745254858444567,2.0313320207891943,2.9184227141497083,,0.0505,2.0021026411993095,0.0003,0.0,0.20448925993965947
Neocerapachys_splendens_CASENT0744063_processed.obj,43585,86783,598,0.009754443779085409,0.017795118965649146,0.007413357815010328,0.0,0.0,0.5391647734997261,0.2057720647812169,0.7536185731272913,0.12942589750098166,0.11695552937172707,5.8227803529164275,1.1066248701215249,3.6912085844830758,,0.03135,1.8198839726264842,0.00035,0.0,0.20498089891485355
Neoponera_commutata_CASENT0744610_processed.obj,47783,92988,5208,0.01885228445631637,0.09623579042738431,0.06573564178428347,0.0,0.0,3.037561907392209,4.285425048379363,0.7442197556442934,0.1582322573098437,0.09754798704586283,4.703337791528777,1.6220965916544208,1.837900101093653,,0.0231,1.9031462689350136,0.0,0.0,0.1846772632477539
Neoponera_goeldii_CASENT0745033_processed.obj,49212,91994,3593,0.06785026717334663,0.10436591902948229,0.041613767809281985,0.0,0.0,1.6794288788285774,5.634957807660383,0.7555770271585265,0.13737667981921836,0.10704629302225525,5.500038493817382,1.2833389736406595,3.168399949402461,,0.09145,2.449006428630075,0.0,0.0,0.20581916870327344
Neoponera_goeldii_CASENT0745034_processed.obj,49564,92962,1679,0.1504878257614588,0.06483279925392496,0.016933940103637114,0.0,0.0,10.701221942736955,14.75854074913802,0.6402802250442053,0.21017167427697067,0.14954810067882388,3.046462979594598,1.4053784255565016,5.589676281323771,,0.04545,1.9687738330627544,0.0001,0.0,0.19892714689268098
Neoponera_laevigata_CASENT0744169_processed.obj,49560,95455,1479,0.04388140657649786,0.04637531425422736,0.01566966284395771,0.0,0.0,5.06199317651906,17.69642858136354,0.6688148126739599,0.1785223330159812,0.1526628543100589,3.746392965938262,1.1693894616525482,4.326360209746275,,0.0746,2.162090867057594,0.0001,0.0,0.19907015432053288
Neoponera_obscuricornis_CASENT0744592_processed.obj,48112,93618,8143,0.038308256420217845,0.13272865553083013,0.10094081856849103,0.0,0.0,0.08999462477239571,5.870323402232792,0.7937291150540071,0.1557790205946358,0.0504918643513571,5.095224710132366,3.085230117680312,4.189728254803944,,0.09685,2.205972710129665,0.0,0.0,0.18463463069400543
Neoponera_verenae_CASENT0744552_processed.obj,48721,101006,6390,0.031372427431231364,0.060816048326740084,0.07752191810114402,0.0,0.0,16.46537006789281,8.663674363584656,0.631398689121739,0.2164752498496272,0.15212606102863385,2.916724611983749,1.4229991126167478,1.909409166571825,,0.01095,1.7885702915569155,5e-05,0.0,0.1864679512853565
Neoponera_verenae_CASENT0745073_processed.obj,48616,101761,7216,0.062045706898797515,0.06941323511813746,0.0882274727758646,0.0,0.0,0.08635029413192574,0.6915140893371969,0.8030946894638056,0.1392516471949437,0.05765366334125075,5.76721859770551,2.4153130802932035,1.4510527486186877,,0.0036,1.862890154042371,0.0,0.0,0.1914930927152105
Neoponera_villosa_CASENT0744613_processed.obj,48099,95741,9487,0.09580345834822934,0.13034529752882115,0.11682126020386878,0.0,0.0,0.10870120575057554,0.11712765144819613,0.8158404540746419,0.12583149201770194,0.05832805390765608,6.483595171547912,2.1573065375525142,3.514175424947121,,0.00985,1.716648387187106,0.0001,0.0,0.1890081669631128
Nesomyrmex_angulatus_CASENT0744820_processed.obj,46202,93061,2684,0.09718186571244292,0.05382798170048461,0.03340161155638663,0.0,0.0,0.6756264498086244,7.799479970531328,0.8084884233090771,0.1272330418283183,0.06427853486260457,6.35439042949244,1.9794017100775405,7.767092516025691,,0.00925,1.725953079348977,0.00035,0.0,0.2516504648451324
Nesomyrmex_angulatus_CASENT0744821_processed.obj,44741,92729,3367,0.13409072407261957,0.06307504312823461,0.04544278320874066,0.0,0.0,0.4860888361766149,0.22039421295650902,0.787424424641818,0.14440751544666813,0.06816805991151384,5.452793936702178,2.118404361721862,6.215701294303918,,0.0318,1.858905526609884,0.0003,0.0,0.24611006923322404
Nesomyrmex_cf.itinerans_CASENT0744152_processed.obj,47730,111168,11334,0.5087050365763706,0.10470214789471734,0.12120968837617183,0.0,0.0,4.342973294439535,4.410327774674759,0.4926422884526973,0.28797325992958617,0.21938445161771644,1.7107223378071832,1.312642066500627,5.119324668729131,,0.0615,2.131611388752699,0.00035,0.0,0.25738608715027506
Nomamyrmex_esenbeckii_CASENT0744586_processed.obj,49250,100281,5022,0.033388152476240496,0.05365667749829502,0.057748625987884626,0.0,0.0,0.6330189919198507,3.406254703706596,0.7514064608619915,0.166887009723211,0.08170652941479761,4.502486215723022,2.0425174208046415,1.3206246568386513,,0.01945,1.8096268825525896,0.0,0.0,0.1857306523637739
Nomamyrmex_esenbeckii_CASENT0744587_processed.obj,49136,100124,6707,0.029090990319228016,0.07938015395830686,0.07536065168103477,0.0,0.0,0.4039062967633533,0.6099018467095696,0.6153997852558244,0.2580532946232255,0.12654692012095023,2.3847778659611683,2.0391906367739723,2.807162006717287,,0.0745,2.1536175463304987,0.0,0.0,0.18815879630296756
Nomamyrmex_esenbeckii_CASENT0744589_processed.obj,48946,97262,3291,0.021737273114649014,0.05499549832210188,0.040576487599923605,0.0,0.0,79.84662945292274,84.09418429983103,0.6248123377233858,0.20071471340885694,0.17447294886775727,3.112937398120086,1.150405920868511,1.6178688860631374,,0.0575,2.0641473145275433,0.0,0.0,0.1846428718200695
Nomamyrmex_hartigii_CASENT0744352_processed.obj,49501,94948,2218,0.009010959820756614,0.058797509036998125,0.025891086029457503,0.0,0.0,6.401084856603969,42.268062849802604,0.6402355795046983,0.25274463379588413,0.10701978669941764,2.5331322366343527,2.361662656885668,2.3772767718035093,,0.03995,1.9529013915290867,5e-05,0.0,0.1896880386078748
Nomamyrmex_hartigii_CASENT0744353_processed.obj,49805,94797,2070,0.025474275736714458,0.07095930032366916,0.023538323806900352,0.0,0.0,0.750902586057492,2.461935123341832,0.6162066527419886,0.2615749530766089,0.12221839418140254,2.3557555702266217,2.1402257395753908,3.752062255642183,,0.0898,2.6887415608406746,0.0001,0.0,0.20807028232498687
Octostruma_cf.betschi_CASENT0744367_processed.obj,17777,36649,612,0.06401458262014081,0.02543192308393994,0.02211154288216299,0.0,0.0,0.841050436885533,0.11612246086850249,0.6711738331667443,0.20188404296576012,0.1269421238674956,3.324551179513363,1.5903628899142275,5.664208086835065,,0.05625,2.0349634653621607,0.00015,0.0,0.2227641466074474
Octostruma_iheringi_CASENT0744222_processed.obj,43518,87349,1241,0.12988383731002406,0.03166816020899467,0.016092285727304485,0.0,0.0,2.3666071165433906,14.721862510159893,0.620871457954918,0.27300981615930286,0.10611872588577909,2.2741726531643676,2.5726827558517527,6.645332929992136,,0.0302,1.8400636714829441,0.0,0.0,0.22141446595988803
Ocymyrmex_sp._CASENT0744842_processed.obj,49468,99928,5912,0.18020633810071485,0.08494800879026639,0.07400037519429704,0.0,0.0,0.3459674363509627,23.282211393878637,0.6338829184365741,0.20468376451428152,0.16143331704914435,3.0968890959221427,1.2679152498116026,4.3652835156502965,,0.06705,2.1277484131344155,0.0,0.0,0.20841758918649175
Ocymyrmex_sp._CASENT0744844_processed.obj,49527,94329,3672,0.46077334384490176,0.08502142375988722,0.04047250328127279,0.0,0.0,0.8680827698892838,5.923699665441437,0.6488938072193521,0.20470534968286355,0.14640084309778426,3.1698917894653964,1.3982525329183826,2.713324267048768,,0.10535,2.286405974919149,0.0,0.0,0.20321732037049692
Odontomachus_assiniensis_CASENT0744969_processed.obj,48603,101657,10645,0.06444480433002742,0.09847153254426005,0.11769934570632305,0.0,0.0,0.3943060303386248,0.6386032294095835,0.6496006905566055,0.2342026593314444,0.11619665011195018,2.773669147954842,2.015571525562921,3.1907888282752457,,0.0809,2.109340391096696,0.0001,0.0,0.1995095307111142
Odontomachus_bauri_CASENT0878072_processed.obj,49654,99934,2786,0.30798466395653357,0.03996932106175804,0.036534613845538216,0.0,0.0,3.7801973967121723,6.735885160698762,0.825524200094543,0.09076287597237528,0.08371292393308162,9.095394909542097,1.084215814094957,1.7754555082004766,,0.00445,1.7725694623349035,0.0,0.0,0.18552172275955273
Odontomachus_brunneus_CASENT0744576_processed.obj,46122,92618,4246,0.5847601261872689,0.05680924304858951,0.0525297866045075,0.0,0.0,1.7785623103205734,2.298955267018892,0.9041524426556393,0.06110395454498144,0.03474360279937913,14.7969546224713,1.7587109459492603,1.6561246718951308,,0.0664,2.165742088918106,0.0001,0.0,0.19514481205329998
Odontomachus_haematodus_CASENT0744047_processed.obj,48398,105563,11296,0.07279192917283483,0.08747830270249186,0.1250739495907581,0.0,0.0,1.6141751626513499,8.172714938141073,0.6058753012372485,0.23282094337395912,0.1613037553887924,2.602323023251762,1.4433696401722822,3.5474726973813815,,0.07085,2.100312861349052,0.0002,0.0,0.19482961345006308
Odontomachus_hastatus_CASENT0745036_processed.obj,48083,97511,2556,0.03815274923135892,0.02756324443071431,0.030494628084989532,0.0,0.0,0.08487928786419371,3.4411649449805988,0.9021929356530001,0.0722371136963385,0.02556995065066156,12.489327016103214,2.825078338368617,0.9627580422350044,,0.0576,2.035081365381944,5e-05,0.0,0.19886429955103788
Odontomachus_hastatus_CASENT0745037_processed.obj,49644,102510,4280,0.03668606048307066,0.03530664843256891,0.05224989480328214,0.0,0.0,0.8143646152355676,5.26853974621006,0.8623673561329342,0.0889757356201275,0.04865690824693835,9.69216326364213,1.8286352097952328,1.0928056402813722,,0.0088,1.7710149665871053,0.00025,0.0,0.1929407310244354
Odontomachus_meinerti_CASENT0744112_processed.obj,49700,97967,2246,0.03223530653565532,0.047545069537788164,0.02676141007369182,0.0,0.0,5.579568260026023,0.42571352229265025,0.688545005841383,0.20969974734324356,0.10175524681537353,3.2834803788025053,2.060824909832182,3.500246308976667,,0.1621,2.5592925702073708,5e-05,0.0,0.19737261674174902
Odontomachus_sp._CASENT0744608_processed.obj,47938,104868,10691,0.3240852348407135,0.08613107016309814,0.12475265749390271,0.0,0.0,0.24442790925867838,0.3445434382847763,0.8801885118258193,0.08078327477649856,0.039028213397682324,10.895677530541054,2.0698686346041106,2.106166905778489,,0.07505,2.1303351455721993,0.0003,0.0,0.22712473630915506
Odontomachus_troglodytes_CASENT0744970_processed.obj,47596,104467,10840,0.34605040422118494,0.07690227071815915,0.12484991621696508,0.0,0.0,12.293049961579744,4.947630090633757,0.6462127215152997,0.2240941631494911,0.12969311533520914,2.8836660109001473,1.7278801775274646,2.3452226515710892,,0.03125,1.9260643304091705,0.0,0.0,0.19210462587967994
Ooceraea_biroi_CASENT0741391_processed.obj,23620,48646,799,0.03071015195003124,0.021808181505672052,0.020446888965280165,0.0,0.0,3.264589658011932,0.818209285723117,0.7546649160926105,0.15079490951668242,0.09454017439070703,5.004578195055862,1.5950352375434695,3.156570278266823,,0.0988,2.6643327941035797,0.0,0.0,0.20992948144364884
Ooceraea_biroi_CASENT0741392_processed.obj,24385,50312,1212,0.04475931595967597,0.028956578439591735,0.02590921793285161,0.0,0.0,4.193713536367343,0.546358861965426,0.7320768565260424,0.1576350393492434,0.11028810412471424,4.644125186559013,1.4293022860469977,3.5278828862207514,,0.08495,2.4155245154893885,0.0,0.0,0.20326109534925046
Ophthalmopone_berthoudi_CASENT0744976_processed.obj,48817,93557,7488,0.5306389226988681,0.14944231683112963,0.09215050457048612,0.0,0.0,0.7645604168997673,4.758499311224976,0.7559532567485358,0.1586606318060057,0.08538611144545848,4.764592502523496,1.8581550221706993,4.007569957447094,,0.0158,1.8631524692336334,0.0001,0.0,0.2153379086462018
Ophthalmopone_berthoudi_CASENT0744977_processed.obj,48930,94051,6313,0.17924989584111561,0.1240633443828519,0.07482798963759436,0.0,0.0,0.5698649981820655,14.946810717959734,0.7116562276663887,0.1918041260394807,0.09653964629413068,3.7103280433075896,1.986791265581235,4.139700741268033,,0.0,1.6586189447936255,0.0003,0.0,0.20883721914208253
Orectognathus_versicolor_CASENT0741227_processed.obj,38169,76219,727,0.020817709332164758,0.01616718898675722,0.009881888732726336,0.0,0.0,3.6388850631936656,1.6794551688172292,0.9221271272609337,0.050133738421682054,0.027739134317384204,18.393344607672987,1.8073288750854448,1.34979040278238,,5e-05,1.6181806727104622,0.0,0.0,0.18746250322997682
Oxyepoecus_myops_CASENT0744239_processed.obj,20896,44261,1608,0.12265680638022392,0.06093081608900041,0.048218631437338455,0.0,0.0,0.2473164988620564,0.5190404312959545,0.7012096234947103,0.1751957127869812,0.12359466371830864,4.002435974830642,1.4175022409242468,6.155866958197834,,0.09095,2.6658656804205383,0.0001,0.0,0.24206335654056757
Oxyopomyrmex_saulcyi_CASENT0745217_processed.obj,36365,76369,2881,0.12280669301532998,0.060224825340127124,0.04718005287948031,0.0,0.0,0.08480866232579702,0.04951764551846671,0.7503037036943426,0.13895226074833658,0.11074403555732087,5.399722895140622,1.2547155253017233,6.68000227570033,,0.09315,2.459241374822497,0.0002,0.0,0.254916754735392
Oxyopomyrmex_saulcyi_CASENT0745218_processed.obj,38227,79747,3337,0.1492443678184726,0.06641374169828229,0.05040911869886016,0.0,0.0,0.5520382225074231,10.489275406688296,0.7357678778064285,0.14576831796606682,0.11846380422750466,5.047515729568251,1.2304882399870007,7.784518813639471,,0.06435,2.0772249337751623,0.0004,0.0,0.2584601910529244
Pachycondyla_harpax_CASENT0744148_processed.obj,49598,94684,1213,0.007534680054580023,0.045171522963229745,0.010499851090502344,0.0,0.0,7.757129034882272,50.85125736378497,0.5481661393469938,0.26873382589601974,0.18310003475698647,2.0398107217030943,1.4676885575291556,7.275997133499293,,0.0,1.6816712173800221,0.0001,0.0,0.19675892425360508
Pachycondyla_harpax_CASENT0744553_processed.obj,49720,95523,1387,0.008143158711122145,0.04939076711858589,0.013543847605972199,0.0,0.0,0.16468712383114284,62.83945170184995,0.43433124334016776,0.2937993757805854,0.2718693808792469,1.478325956909228,1.080663717371979,7.5257994492424904,,0.0,1.773267649236345,5e-05,0.0,0.19751416358400498
Paltothyreus_tarsatus_CASENT0745658_processed.obj,48740,96403,4561,0.01744133677798687,0.07043609850048149,0.0546223689640941,0.0,0.0,11.757418344837271,17.19447994180337,0.682304437338519,0.19914173896006984,0.11855382370141114,3.4262251645564303,1.6797580435838737,3.611447716602973,,0.0,1.6403844989150145,0.0,0.0,0.18491497375172447
Paltothyreus_tarsatus_CASENT0745661_processed.obj,48058,93636,8901,0.25977719042063296,0.14326548716179588,0.11181593528446813,0.0,0.0,2.694139646043932,7.518856724646363,0.7660893442863169,0.13943623707321998,0.09447441864046312,5.494191182770031,1.4759152697606528,4.113723632343762,,0.0258,1.8347110875366466,0.0,0.0,0.19141803726633488
Parasyscia_sp._CASENT0744708_processed.obj,49954,98302,622,0.009780086258172838,0.021020151048649523,0.006252147491393191,0.0,0.0,2.845219178337497,7.675399296079382,0.7442099504445641,0.1655358641375433,0.0902541854178926,4.495762621121197,1.8341073421812342,4.5260285072522315,,0.0412,1.921967745135103,5e-05,0.0,0.193570797663612
Parasyscia_sp._CASENT0744709_processed.obj,49964,98918,541,0.005716853464400096,0.01605092294483795,0.005319006224511698,0.0,0.0,0.19403482697304886,3.446974473720863,0.7378703465546079,0.17701815159095638,0.08511150185443572,4.168331552007374,2.0798381856039447,3.7751234068536097,,0.06145,2.0655860752729778,0.0002,0.0,0.20025703879538467
Parasyscia_sp._CASENT0744710_processed.obj,49959,96963,1025,0.021257493472273903,0.036800401952729815,0.00958711578547131,0.0,0.0,3.2246784891354174,3.2526873505054335,0.5677189400153514,0.3233308171791718,0.10895024280547683,1.7558454370922318,2.967692488363305,3.9389294771839114,,0.06075,2.097040766999943,0.0,0.0,0.20063956528673954
Parasyscia_sp._CASENT0744711_processed.obj,49980,98592,1008,0.02422868290566238,0.02831391603135402,0.010167239342854075,0.0,0.0,0.5778923191126987,12.391592013472,0.6397334432088424,0.230759557532978,0.12950699925817952,2.7722944611618856,1.7818307802263704,6.958911121509766,,0.02425,1.7987433891931564,0.0001,0.0,0.20970029832062811
Parasyscia_sp._CASENT0878061_processed.obj,49956,97549,340,0.0029577581255341157,0.019239761722429673,0.0022228396776882466,0.0,0.0,4.776359592907736,40.01522154998869,0.5203174864982664,0.32511591609784973,0.15456659740388382,1.6004060728348564,2.1034034620579707,4.927827697626996,,0.0268,1.8893659405682641,0.0,0.0,0.18451798503515177
Parasyscia_sp._CASENT0878063_processed.obj,49601,93354,1279,0.007242010021517475,0.05473840216996169,0.012199043650904616,0.0,0.0,0.6927553805583014,0.20406122410037236,0.8691908752289522,0.07676264768489022,0.05404647708615759,11.32309660288127,1.4203080723008068,2.823753743879165,,0.00715,1.5990500429158099,0.0,0.0,0.1834649926448947
Parasyscia_sp._cribrinodis_group_CASENT0709293_processed.obj,49947,100665,1484,0.04137516697807264,0.0320426972073968,0.01817534091133996,0.0,0.0,0.3045768488871496,9.515906286874962,0.8332646470802094,0.0933329463021601,0.0734024066176304,8.92787252619844,1.271524335548729,4.141551479749744,,0.0035,1.66423345811395,0.0,0.0,0.20492044905488874
Paratrachymyrmex_cf.intermedius_CASENT0744154_processed.obj,49912,98168,1518,0.01487184432089761,0.038488976229574395,0.01652892561983471,0.0,0.0,89.58451053394994,24.222352786175843,0.4764915162430447,0.29689204432627087,0.22661643943068435,1.6049319116122969,1.3101081504595868,4.645425949940054,,0.003,1.7016468786628496,0.0,0.0,0.19814523810802243
Paratrachymyrmex_cornetzi_CASENT0744113_processed.obj,49992,99790,1913,0.03133264987161288,0.04157707520373762,0.021495314698309044,0.0,0.0,6.38004451092062,0.36552061352332255,0.533551461088253,0.2724163310818169,0.19403220782993005,1.958588381869101,1.403974804639603,8.082155675994281,,0.11475,2.4935112449173937,0.0,0.0,0.21821563757298226
Paratrechina_longicornis_CASENT0877617_processed.obj,47738,92811,3926,0.026424563108648713,0.07654527775609132,0.048347374323087076,0.0,0.0,0.46478414647198213,0.1783661682025045,0.7945516642572077,0.11590608072260185,0.08954225502019034,6.85513356420712,1.2944288782593971,1.6077570049031042,,0.0831,2.17609650355403,5e-05,0.0,0.1876623059025391
Pheidole_afrc-063_CASENT0744859_processed.obj,43628,90012,3242,0.12291669706795227,0.06002836921568773,0.04755928200634223,0.0,0.0,6.417638613974248,0.4430058806310514,0.7478062155931889,0.16350474089806927,0.08868904350874181,4.573605703943349,1.8435731678846339,2.418459424466749,,0.15955,2.680835743188711,5e-05,0.0,0.2294208973691579
Pheidole_afrc-075_CASENT0744863_processed.obj,49488,100875,4775,0.09973196173001642,0.08771191456341325,0.057277760972209435,0.0,0.0,0.1600543875447946,0.370938733988537,0.6408708391642375,0.22060794016196836,0.13852122067379397,2.905021635638844,1.5925930993741517,5.571770673707563,,0.08255,2.193797423212019,0.0,0.0,0.23033636466384602
Pheidole_afrc-gh02_CASENT0744850_processed.obj,48723,109049,8789,0.4322683979205434,0.09034306939685681,0.10190608028963902,0.0,0.0,2.0902440510609828,12.03820296988809,0.6667923020142609,0.2133174931087211,0.1198902048770181,3.1258210111930116,1.7792737390643345,5.369998864033489,,0.16245,2.6006336122736875,0.0,0.0,0.25514651909123875
Pheidole_aurivillii_CASENT0744851_processed.obj,40541,88824,5513,0.7437185627612866,0.06787784901377343,0.08130617503604405,0.0,0.0,1.3313583488294896,7.232823109653292,0.7075342766834696,0.2011620226807041,0.09130370063582638,3.517235844295066,2.203218722569179,3.1667923582198627,,0.12605,2.906119362287835,0.0,0.0,0.24655801749204834
Pheidole_aurivillii_CASENT0744852_processed.obj,49893,100776,2236,0.038758656447599904,0.03738725632819319,0.02724363213161584,0.0,0.0,8.7191238646258,0.4288987240618788,0.6097368671716163,0.25726609336698336,0.13299703946140026,2.370063070463944,1.9343745876512515,2.7939112076814063,,0.1045,2.31965105861513,0.0,0.0,0.21422921648242285
Pheidole_bicarinata_CASENT0741431_processed.obj,49351,105345,5560,0.1266694717430007,0.08521512219959267,0.06997199592668024,0.0,0.0,0.2804583045523178,0.23179488630433892,0.7933590251612637,0.1114838678250165,0.09515710701371986,7.1163571971373365,1.171576893452032,6.318023706912982,,0.0232,1.789417513723461,0.0001,0.0,0.26399735623479303
Pheidole_bicarinata_CASENT0741434_processed.obj,47792,85185,7956,0.08626412126640803,0.1970247983358027,0.10013618880857242,0.0,0.0,3.763174585135266,0.9192085850305496,0.7257208604716203,0.18276482832754692,0.09151431120083273,3.9707905898119527,1.9971174555033298,5.2280540478039,,0.0371,1.9126623585844036,0.0,0.0,0.18867676485512094
Pheidole_biconstricta_CASENT0744362_processed.obj,49913,96769,4882,0.07886518025915734,0.11481103580623146,0.05743592515761094,0.0,0.0,2.0399230349375563,0.6097507708860569,0.4468724723483246,0.33747106210501776,0.21565646554665763,1.324180122470063,1.564854831732394,8.15325443906092,,0.04895,1.9928126540804632,0.00015,0.0,0.22446801916569856
Pheidole_capellinii_CASENT0877636_processed.obj,49200,96847,3520,0.027647154121729245,0.06385478791356684,0.043790434420237875,0.0,0.0,0.38250623579311743,6.976853016532636,0.6872624061634468,0.19590420384847249,0.11683338998808075,3.5081554793741376,1.6767826720465655,2.411689616934555,,0.0965,2.2207453969157336,0.0,0.0,0.18417474132388267
Pheidole_capellinii_CASENT0877637_processed.obj,48647,95470,5167,0.11914879994317751,0.08969750594481005,0.061169330310236136,0.0,0.0,5.413545123699714,18.099074991409864,0.6599941921632546,0.28856558498116824,0.051440222855577075,2.2871549017403643,5.609726571195878,1.8874939895716243,,0.11465,2.7901018210206963,0.0,0.0,0.1993279792433758
Pheidole_capellinii_CASENT0877638_processed.obj,49586,91842,2262,0.045296066556437586,0.0817554602404199,0.02258874654325865,0.0,0.0,0.5688745455267897,1.0343113177472019,0.6533762939556276,0.20359726431028538,0.14302644173408716,3.2091604775193443,1.4234938787669114,6.91347886254284,,0.02225,1.834201347065587,0.0,0.0,0.18967946543047653
Pheidole_cavifrons_CASENT0744487_processed.obj,46504,110678,9351,0.1731997727104173,0.09323257933137859,0.10889118939727369,0.0,0.0,4.6554507765936295,1.149000977577812,0.7190843811989992,0.15651074687310979,0.12440487192789106,4.594472875284359,1.2580757043327715,9.07342455005906,,0.03855,1.9175410118309115,0.0003,0.0,0.2656785324283914
Pheidole_dyctiota_CASENT0744160_processed.obj,49462,103957,3307,0.06299775008337061,0.052113103110141994,0.0460037804256527,0.0,0.0,10.3124970432127,4.527124336323645,0.6271042037000626,0.22157329143480972,0.1513225048651278,2.830233732771742,1.464245464561241,10.159304758677585,,0.02045,1.7493736281599355,0.0,0.0,0.2419242077064834
Pheidole_fervens_OKENT0105123_processed.obj,49782,100209,3986,0.3990141982961585,0.06662503570740522,0.04836277395053445,0.0,0.0,0.20299295147144109,0.08135182425934165,0.6928382485570683,0.19329974531221283,0.11386200613071876,3.5842688123464086,1.6976667799994314,3.278275356461302,,0.09205,2.612709469938667,5e-05,0.0,0.21859070570214123
Pheidole_gertrudae_CASENT0744265_processed.obj,46555,100186,4320,0.11594166201262601,0.06355595643569688,0.06161064067527362,0.0,0.0,0.2106402639304314,0.2621949076172963,0.6793167138394596,0.2276832286983935,0.09300005746214685,2.9836045356653567,2.448205247518968,4.3385274565201835,,0.11245,2.7118732941431576,0.00015,0.0,0.24825165743656338
Pheidole_megacephala_CASENT0744846_processed.obj,48540,103682,7212,0.2865825407493,0.09592543553552443,0.09107274470541427,0.0,0.0,3.4136063427659034,0.21729813193854347,0.7943617861260994,0.1347014811114014,0.07093673276249918,5.8972015717417605,1.8988960425114414,3.8035933332227265,,0.09815,2.399740425244043,0.0,0.0,0.24753274963189245
Pheidole_megacephala_CASENT0744847_processed.obj,47209,105257,9575,0.23279630326058598,0.10647988046379006,0.12208744674048506,0.0,0.0,2.4888436956397366,0.2812301110597227,0.7665983793657798,0.12193862998509572,0.1114629906491246,6.2867557185075755,1.093983117400353,4.487129368727879,,0.0615,2.0690177797419684,0.00015,0.0,0.2483394016074231
Pheidole_megacephala_OKENT0105126_processed.obj,45895,105225,11155,0.1931141141398789,0.1350628040085171,0.1389502060909144,0.0,0.0,3.2994634609586395,6.631924269198148,0.6321984002690298,0.23867147793930799,0.12913012179166222,2.648822581262903,1.848302120587938,5.706116616930593,,0.03435,1.8802203561614599,0.0,0.0,0.2549720373516855
Pheidole_midas_CASENT0744257_processed.obj,49510,105959,5093,0.1828125113157284,0.07575987938221394,0.06426824787461832,0.0,0.0,0.22594902240859976,0.3562473975330075,0.6953414422868196,0.19205457026284478,0.11260398745033551,3.6205409813220237,1.7055752163976547,5.9699679935172645,,0.1659,2.9816250814362126,5e-05,0.0,0.2534962517710603
Pheidole_nodus_CASENT0877544_processed.obj,49326,92567,2776,0.029102123986794237,0.06664970026015157,0.026262583418165366,0.0,0.0,0.3412201797783383,1.2749396967729758,0.5001026000792453,0.2706464502562597,0.22925094966449489,1.8478077196494787,1.180568502125494,4.493190842534873,,0.06845,2.138727227018363,0.0099,0.0,0.42695966608392427
Pheidole_nodus_CASENT0877547_processed.obj,48651,96742,4968,0.042939031941422456,0.07865846550506402,0.06167328382464874,0.0,0.0,1.587871975513054,20.22812950530911,0.6376580297234654,0.2544554080446629,0.10788656223187174,2.505971614529574,2.3585458909867083,1.614497944148998,,0.15,2.7997512438395726,0.00015,0.0,0.19779870045599035
Pheidole_nodus_OKENT0105130_processed.obj,49500,111315,8178,0.6112710195125122,0.08506669611849452,0.096847427260121,0.0,0.0,9.53542061713333,9.390197875360492,0.5587687818988999,0.27892229183753814,0.16230892626356191,2.0033134613147445,1.7184655105450952,3.8767437944331484,,0.19435,3.32285740837611,0.0002,0.0,0.24538725073992573
Pheidole_obscurithorax_CASENT0744316_processed.obj,49887,96647,2750,0.3537164756079946,0.06773710708939992,0.03149408082732345,0.0,0.0,0.49243978602148314,0.3409979816328068,0.7151719229543315,0.1491101477655008,0.13571792928016765,4.796265939452035,1.0986768554189115,5.812341112196686,,0.09555,2.2480761672386658,0.0,0.0,0.20894615298869565
Pheidole_obscurithorax_CASENT0744317_processed.obj,49720,105419,5486,0.13757531909491172,0.07893363541481048,0.06633912888526844,0.0,0.0,0.6783855051286377,1.1489192622215951,0.6726657819502208,0.26424106082231164,0.06309315722746767,2.5456519885929216,4.188109652995365,4.227856435898518,,0.22215,3.3322708500730385,0.0001,0.0,0.24673960940864362
Pheidole_ochracea_CASENT0744088_processed.obj,48238,114246,9026,0.25689843271018986,0.07000873340959692,0.13045991857018094,0.0,0.0,0.1671193249145051,0.06175401059151534,0.8014687096008475,0.11796543969506647,0.08056585070408606,6.794097590553603,1.4642114328109939,6.020639684082814,,0.013,1.6703235232832316,0.0001,0.0,0.2376143995238747
Pheidole_oxyops_CASENT0744571_processed.obj,48956,100483,8371,0.14129720652303224,0.13904856952761144,0.11052561543579507,0.0,0.0,5.4573266636065085,19.371498126439974,0.5304485344163069,0.2712829153089178,0.1982685502747755,1.9553333604228988,1.3682599430567959,4.138199748785763,,0.0908,2.30057392962565,0.0,0.0,0.23024556534862897
Pheidole_parva_OKENT0105133_processed.obj,48233,110607,8317,0.5160577500369574,0.08944291502984936,0.10171672492189675,0.0,0.0,0.4839448218463463,0.15257666268003264,0.7380405915582254,0.15721950740503662,0.10473990103673805,4.694332171241632,1.5010469348246862,4.960050839917764,,0.0268,1.7960184325818407,0.00015,0.0,0.24945877601805339
Pheidole_pieli_OKENT0105141_processed.obj,48762,95582,8093,0.17041200456385253,0.12037602754943345,0.09883914685625417,0.0,0.0,2.9435919816449996,1.8542439318973882,0.552551694649155,0.32777903560022487,0.11966926975062019,1.6857444639109675,2.739040994260986,2.0789084475633,,0.16815,2.9448961054027105,0.0002,0.0,0.19526682363446385
Pheidole_pieli_OKENT0105142_processed.obj,48839,99596,10031,0.31396096135708995,0.12689216591103536,0.1218463901482744,0.0,0.0,7.0105960060001005,7.545836797895614,0.7643230616434596,0.14169425016900528,0.09398268818753523,5.394171328277726,1.5076633037593614,3.0610916690947345,,0.09575,2.1793941912733823,0.0,0.0,0.19310566317200337
Pheidole_scolioceps_CASENT0744332_processed.obj,32223,71688,3118,0.16858921167819263,0.04901115354364286,0.061462943133037046,0.0,0.0,0.6995283207584357,0.5826752543242262,0.6818159262890943,0.17719209116015097,0.14099198255075487,3.8478914144810825,1.256752958249698,8.113503225812755,,0.03925,1.9244534426064024,0.0003,0.0,0.259912489164144
Pheidole_selathorax_CASENT0877567_processed.obj,49566,90252,2152,0.03230117654038933,0.09200781952312324,0.020412094576276022,0.0,0.0,3.0622787446656194,0.47027001232562365,0.6324430450473468,0.282147879760749,0.08540907519190405,2.2415303832289477,3.3034882900534424,2.7825302486769092,,0.10145,2.6493644086522465,0.0,0.0,0.19820050406892198
Pheidole_selathorax_CASENT0877568_processed.obj,49275,93929,3455,0.055037426079591945,0.08134437408670239,0.03715816575046969,0.0,0.0,11.921320906513655,27.769129133379888,0.6408353378667503,0.2782049617859397,0.0809597003473101,2.3034648043403005,3.436338827743488,1.8939706185154792,,0.10185,2.2488785557461384,0.0002,0.0,0.1943262724080143
Pheidole_sp._CASENT0744267_processed.obj,47268,108250,9293,0.28490222083809824,0.09095019454757342,0.11520018340327706,0.0,0.0,0.20712108741283636,0.08137787327155681,0.8154571433734705,0.10586877704191955,0.07867407958460992,7.70252728101869,1.3456627341672696,5.100957205208258,,0.053,2.015372553712844,0.0001,0.0,0.247206141321257
Pheidole_sp._CASENT0744386_processed.obj,49636,100721,4659,0.08991791727748333,0.06997049756356283,0.0551728710179998,0.0,0.0,0.45299859745307136,0.17163251668415594,0.8201163637385018,0.10979743847865613,0.07008619778284222,7.469357893061657,1.5666057219833318,4.937805696199055,,0.04115,1.927807069918479,0.00015,0.0,0.22346685816810458
Pheidole_sp._CASENT0744854_processed.obj,49150,107269,8793,0.590871358446353,0.07596299928844785,0.10429687750405457,0.0,0.0,0.5917815259675601,0.29363122694562865,0.7695648197256383,0.16393303622916575,0.06650214404519594,4.694385204028345,2.4650789622324685,2.5576129128474183,,0.0998,2.695205928506239,0.00025,0.0,0.2402469953524454
Pheidole_sp._flavens_group_CASENT0744336_processed.obj,49852,94355,778,0.00900096100658454,0.046453937567127464,0.006936215916571389,0.0,0.0,3.792448313694751,12.356452964036698,0.5951159510970185,0.2401870289994633,0.16469701990351815,2.4777189408440052,1.4583568612241329,5.50470322245971,,0.05705,2.0339408870380207,0.0,0.0,0.18581247461866712
Pheidole_sp._flavens_group_CASENT0744410_processed.obj,31412,65702,1649,0.062310724198685885,0.04309747851236303,0.03578557171371543,0.0,0.0,0.21527249707593413,3.3224267702642565,0.7476408742718014,0.16402607300556052,0.08833305272263811,4.558061170229053,1.8569048385613385,6.5946725272834685,,0.03395,1.8955464460263216,0.0001,0.0,0.24890601418611527
Pheidole_sp._flavens_group_CASENT0744411_processed.obj,48967,87649,4334,0.07702875282897703,0.13958424507658643,0.051954777534646245,0.0,0.0,0.6923117656130183,0.46425409909321286,0.744306647892091,0.13928804446573753,0.11640530764217157,5.343650639557781,1.19657812248482,4.922026536755774,,0.00895,1.7430462086435745,0.0,0.0,0.18985264256020937
Pheidole_tumida_CASENT0744092_processed.obj,46738,107488,11520,0.5210584451082604,0.12125629215011759,0.1580601066345338,0.0,0.0,0.35166239891902823,0.31335524572224915,0.8046862602513247,0.10382427250407467,0.09148946724460072,7.7504637484432575,1.1348221345140896,4.082989817456424,,0.0058,1.562999871604955,5e-05,0.0,0.22634497321597463
Philidris_sp._CASENT0878053_processed.obj,49591,91077,1861,0.011302346478148872,0.08352194118273085,0.019248643087729257,0.0,0.0,0.18986368702707085,0.06707617164704145,0.7100553834844351,0.18577652909953624,0.10416808741602865,3.8220941414186838,1.783430354803176,4.402139534777817,,0.05515,2.0368294801831137,0.0,0.0,0.1898432969643829
Phrynoponera_gabonensis_CASENT0744979_processed.obj,49459,92612,1532,0.039286711466965496,0.06393451845184518,0.01502025202520252,0.0,0.0,0.45631117894398104,0.5703984785091838,0.6663478025390348,0.19783164059030825,0.13582055687065694,3.368256971183805,1.4565662602805036,5.633872249604895,,0.04725,1.9792493278216658,0.0,0.0,0.19904883633863216
Phrynoponera_transversa_CASENT0744980_processed.obj,49171,89095,2123,0.0072349526223906,0.09151053779594667,0.018995478642726105,0.0,0.0,10.461218304682342,24.786519193075588,0.572821232564841,0.2626599390314852,0.16451882840367374,2.1808473521962424,1.5965342178769124,10.135450427826605,,0.009,1.7381567172749262,0.0002,0.0,0.19859046774133626
Phrynoponera_transversa_CASENT0744981_processed.obj,49122,90947,1837,0.007253259078677132,0.07575368460100729,0.01849077601335445,0.0,0.0,0.5787891175976574,7.210819784452436,0.6718853168856426,0.18954147725103318,0.13857320586332422,3.5447930797531026,1.3678075503137261,7.9602204626783095,,0.02445,1.875556225792412,5e-05,0.0,0.20141098579073333
Platythyrea_MG01_CASENT0840864-D4_processed.obj,49851,96188,1457,0.014186307616707916,0.04835965313890161,0.016133551089578452,0.0,0.0,0.25933897638301495,0.17865584093357684,0.778140705116214,0.11527939467487461,0.10657990020891128,6.750041560426509,1.0816241566084328,3.8415037223213364,,0.0493,1.9931946262264937,0.0,0.0,0.2081365501158126
Platythyrea_punctata_CASENT0745061_processed.obj,49887,97252,884,0.008204654227203068,0.03213854317938139,0.00990078853435757,0.0,0.0,3.4137643203136068,26.916265943668886,0.6390504062787565,0.24101508034809593,0.11993451337314746,2.651495522005435,2.009555661415287,3.6954613009659587,,0.05175,2.017427628060854,0.0,0.0,0.19097275097818628
Platythyrea_punctata_CASENT0745062_processed.obj,49933,97295,874,0.00797237495357006,0.032013725011527924,0.009351181273225378,0.0,0.0,0.2772803715764829,0.03084664947133678,0.7028376327052234,0.17981101954141368,0.11735134775336292,3.908757285831124,1.5322450315553438,3.6443843646714873,,0.01755,1.7396976546947618,0.0,0.0,0.1958720228514046
Platythyrea_schultzei_CASENT0744982_processed.obj,49566,94199,1902,0.15889799856708164,0.06385445960490227,0.021858834149220567,0.0,0.0,1.9003373135305608,0.05733841453571792,0.7733337682433891,0.12017712599379593,0.10648910576281495,6.434949761432238,1.1285391602542756,3.471031588989403,,0.1251,2.2758151173656618,0.0,0.0,0.1930000747771041
Plectroctena_mandibularis_CASENT0745565_processed.obj,48893,92524,3345,0.01044576008525211,0.08279683749823522,0.03750529436679373,0.0,0.0,2.3834354128308197,18.508689455130614,0.6897496960802061,0.1960393326782453,0.11421097124154854,3.518425035716051,1.7164667329869323,5.14459997465456,,0.0002,1.5297145928368074,0.0,0.0,0.18505306179717282
Pogonomyrmex_barbatus_CASENT0741383_processed.obj,48480,88670,5577,0.12698867714445883,0.13437139561707034,0.062298337056341524,0.0,0.0,56.586446279557926,45.47776305358882,0.6275926971359596,0.2226733356379261,0.14973396722611437,2.818445663186387,1.487126399994902,3.0923532327979277,,0.01255,1.828424799640024,0.00015,0.0,0.21033170414081231
Pogonomyrmex_naegelii_CASENT0744359_processed.obj,49979,99323,2807,0.043523846971322167,0.060924243936520614,0.03272449013540939,0.0,0.0,0.48971061309652814,1.0411052265649055,0.5165557814613035,0.27728845297057597,0.20615576556812046,1.862882409734231,1.3450434054387435,8.901302788694224,,0.0129,1.7572235522451753,0.0002,0.0,0.21805435544377869
Pogonomyrmex_schmitti_CASENT0709284_processed.obj,49996,98767,871,0.021197046483224957,0.02628242538890342,0.010203054879153167,0.0,0.0,10.28039003031741,8.381817466218816,0.7373838833063006,0.1413559209444584,0.12126019574924099,5.216505105548664,1.165724004245995,8.141758390441858,,0.0,1.5304894184500346,0.0,0.0,0.21161402612033817
Polyergus_rufescens_CASENT0745190_processed.obj,48973,98746,9806,0.42644214055108254,0.15018636560069146,0.11871353716508211,0.0,0.0,0.06155409586165715,0.5348749247197966,0.7750734842785192,0.15550146889353456,0.06942504682794626,4.984348313836058,2.239846798791632,3.561389382533206,,0.1443,2.851904462188962,5e-05,0.0,0.21110760064606804
Polyergus_rufescens_CASENT0878120_processed.obj,48964,87893,5460,0.07245684485671089,0.15157054526651567,0.06304029597477223,0.0,0.0,10.60445617145398,0.47450616222594527,0.6534473044618988,0.19598336157138005,0.15056933396672123,3.3341978585457808,1.3016153848080128,4.503979194933475,,0.1489,2.47462621350386,0.0,0.0,0.19968358031512642
Polyergus_rufescens_CASENT0878121_processed.obj,48714,96729,9597,0.10380050758519987,0.13153901335393445,0.11535012691755876,0.0,0.0,7.2296837337075335,5.46389283679824,0.6472625268469573,0.268442218662029,0.08429525449101383,2.4111800672526336,3.1845472237188144,3.014719968025718,,0.17605,3.012386736940825,0.0002,0.0,0.1983848397824744
Polyrhachis_decemdentata_CASENT0744778_processed.obj,49769,94383,1318,0.01155693663393631,0.05644045279676732,0.01293902742797044,0.0,0.0,8.914195769535905,17.284023626005027,0.5316016616777305,0.3031510013918368,0.16524733693043284,1.753587021771406,1.8345288161555051,5.5451006230944015,,0.0713,2.0798663113352545,0.0,0.0,0.1976019955350434
Polyrhachis_decemdentata_CASENT0744779_processed.obj,49584,89630,2960,0.05210452738887106,0.12010296378391906,0.03424975867863144,0.0,0.0,1.2776268841799883,29.623048434720378,0.6342036171789127,0.2640611866343364,0.10173519618675088,2.4017297856694775,2.5955735726858067,5.038688911671778,,0.1056,2.443673476430509,0.0,0.0,0.21878638742796216
Polyrhachis_dives_CASENT0878093_processed.obj,49352,91007,2446,0.007083981770645176,0.08463646393110075,0.026306986013737144,0.0,0.0,3.4813244430650205,10.43460298137079,0.5108216748438293,0.3171447722272648,0.1720335529289058,1.6106892484980846,1.8435053326970892,6.379142194904069,,0.08415,2.1510374156650585,5e-05,0.0,0.1887339334277367
Polyrhachis_illaudata_CASENT0877572_processed.obj,48696,93648,5202,0.025036845072140768,0.10864791529714533,0.06740142943060548,0.0,0.0,0.29984220570499037,1.033162045773962,0.7973966147118458,0.10177600044511838,0.10082738484303586,7.834819714121438,1.009408313064544,2.422022968833927,,0.02975,1.834078639220157,0.0,0.0,0.18755804149692956
Polyrhachis_illaudata_CASENT0878095_processed.obj,49246,95601,4797,0.012432481154325936,0.08859538524076256,0.06065742061277499,0.0,0.0,18.06457191557857,12.729217411893812,0.5513300773140042,0.27118848818477825,0.17748143450121756,2.033014310468619,1.5279822869750235,4.896075804748176,,0.0245,1.862226873343839,5e-05,0.0,0.18766716566167999
Polyrhachis_militaris_CASENT0744776_processed.obj,48557,90256,6272,0.05958699870477313,0.13500499486140158,0.0711570111324321,0.0,0.0,11.652098146789745,48.59418701205904,0.535847838091142,0.2809774491273886,0.1831747127814695,1.9070848559387452,1.5339314300582494,10.024652144782756,,0.02395,1.853011339590581,0.0001,0.0,0.19151576300247736
Polyrhachis_wolfi_CASENT0878096_processed.obj,48909,94556,4422,0.027532036283041572,0.08805013966286357,0.05466307202712656,0.0,0.0,13.851404341334979,0.7163020852650787,0.6529970342741467,0.17627432467357834,0.170728641052275,3.704436454278608,1.0324824445806098,2.8560570276727995,,0.02915,1.825615787032162,0.0,0.0,0.18654149466265593
Polyrhachis_wolfi_CASENT0878097_processed.obj,48511,92150,5792,0.02039659381259562,0.1240254686947294,0.07437566324725858,0.0,0.0,0.41767923997163,0.024895832243076108,0.730605071605891,0.1823045115658896,0.08709041682821934,4.0076082886288384,2.0932786660726905,3.565335284464387,,0.05695,2.0383118052524263,0.0,0.0,0.18892100179486962
Ponera_kohmoku_OKENT0105440_processed.obj,49930,96860,2390,0.06520956813624157,0.06194612200583565,0.02659971500305354,0.0,0.0,0.3059542807111924,0.10395876069177755,0.8297721708066087,0.0951495669497878,0.0750782622436034,8.720714107343179,1.2673384293453656,4.391898501869021,,0.0819,2.248603461629528,0.0001,0.0,0.22772820599317595
Ponera_scabra_OKENT0105293_processed.obj,49994,99284,1867,0.05161423055386616,0.044933186710653474,0.022353294011796462,0.0,0.0,0.2830981255944431,0.44581967074768875,0.7392612134662441,0.17510170717445186,0.08563707935930397,4.22189609339289,2.044694990586786,3.9780192658976548,,0.0847,2.31976213645549,0.0001,0.0,0.2242804209294361
Ponera_scabra_OKENT0105294_processed.obj,45291,90986,1661,0.05728144818049863,0.03983171955202987,0.0219683271115259,0.0,0.0,0.1479835906065533,0.13140179776420782,0.808686044658298,0.1312126422522291,0.060101313089472724,6.163171709504689,2.1831909405522145,5.304138502863359,,0.06355,2.107074743246715,0.0003,0.0,0.22913758886011124
Ponera_sp._CASENT0745077_processed.obj,49911,101491,2351,0.0521313077219564,0.0316123206317191,0.02829684997330486,0.0,0.0,3.1465750851211447,12.138330402312238,0.7079502861496014,0.1902580741677622,0.10179163968263644,3.720999958852513,1.8690933239796934,5.0207216627842195,,0.0439,1.9484425814009936,5e-05,0.0,0.21010537640700785
Ponera_sp._CASENT0745087_processed.obj,49980,100358,1626,0.032423874299248534,0.02785533794493928,0.0184044197136206,0.0,0.0,2.7003570372084678,2.56586509905316,0.7246877365974113,0.15402005286633183,0.12129221053625698,4.705151849456514,1.2698264149476586,6.02252471800087,,0.0472,1.9812762152556904,0.00025,0.0,0.23555180193818473
Ponera_tamon_OKENT0105153_processed.obj,27685,60091,2692,0.1941851610254699,0.05638932919631716,0.05991928321697975,0.0,0.0,4.439405679998653,0.37303195481407125,0.7875738965112036,0.15922610343386373,0.05320000005493256,4.946261194153576,2.992971865967145,3.1051896603110913,,0.11415,2.910316564545248,5e-05,0.0,0.25450387292667503
Ponera_tamon_OKENT0105154_processed.obj,29187,63002,2460,0.11310281284551638,0.056524154434544796,0.053522210114736235,0.0,0.0,0.2010603671312301,0.04004823527081681,0.8856382215237535,0.06893832649525505,0.045423451980991424,12.846819273814415,1.5176813625724441,3.3442698819111856,,0.07145,2.1225156277245856,0.0002,0.0,0.25277306317436526
Poneracantha_triangularis_CASENT0744463_processed.obj,49951,100357,1340,0.025935220241888435,0.025271834560260803,0.015074311385577695,0.0,0.0,0.08655479333705723,0.042896009818378454,0.7592803770715556,0.14205664081362682,0.09866298211481751,5.344912935592388,1.4398170191968311,5.569357590530372,,0.0243,1.9069877928483177,0.0006,0.0,0.25687434332094256
Poneracantha_triangularis_CASENT0744645_processed.obj,49873,95750,1321,0.030895861659688384,0.05122773824702834,0.016212177298838757,0.0,0.0,6.575330450171592,3.8555351186373237,0.7211135487301911,0.1690575045572008,0.10982894671260814,4.265492683208283,1.5392800315164394,2.2068257993458933,,0.01735,1.8045748134209305,0.0,0.0,0.20174884420331424
Ponerinae_sp._CASENT0745560_processed.obj,39094,79275,1341,0.038495685120528145,0.03461903123767651,0.02208368643178977,0.0,0.0,13.622383910582245,11.152180770750785,0.5544560297097618,0.2587649473068174,0.1867790229834207,2.1427014573668037,1.3854069004836078,5.211315418870262,,0.0962,2.320466985956466,0.00015,0.0,0.23589320554453944
Prionopelta_antillana_CASENT0744466_processed.obj,26480,56645,2046,0.09720550745070333,0.06811477924345753,0.05104183873327513,0.0,0.0,0.2664694328782569,0.3503308793397403,0.8892499848743081,0.06552962792375501,0.04522038720193677,13.570197375589673,1.4491169133763722,3.4924038020446853,,0.05855,2.0962927619716063,0.0,0.0,0.24603913531369923
Prionopelta_antillana_CASENT0744467_processed.obj,23172,51549,2028,0.13564204323721674,0.061227964481232154,0.05987898472902533,0.0,0.0,0.15809289721454786,0.04457869544425533,0.8319460658586363,0.09144029416052543,0.07661363998083821,9.098243542372433,1.1935249935050143,5.667503698169667,,0.0514,2.01072106055389,0.0,0.0,0.24079713898733215
Prionopelta_subtilis_CASENT0840863-D4_processed.obj,17322,36344,1087,0.07832274361367064,0.046787606711804534,0.03804827789225788,0.0,0.0,0.3168679902340279,9.011936845459491,0.6922423332358041,0.20201489992368854,0.1057427668405073,3.4266894842771487,1.9104370536132207,4.176033343172615,,0.0688,2.097930665331335,0.0,0.0,0.23893004652501626
Pristomyrmex_afric-tz01_CASENT0744866_processed.obj,49513,104228,4419,0.22699916348903026,0.05893341406697886,0.05206675985390646,0.0,0.0,0.38366540459659226,0.09924185204408903,0.6837326473651029,0.19112708778985152,0.12514026484504562,3.577371764890187,1.5273028870964418,8.692882580065605,,0.0596,2.069269752683003,0.0001,0.0,0.25043839789935696
Pristomyrmex_brevispinosus_OKENT0105259_processed.obj,47526,96295,1788,0.09836714830922377,0.03380990918082906,0.02288117421648579,0.0,0.0,2.2899643520841315,0.2845407263018024,0.7131968411186013,0.15367303983132544,0.13313011905007321,4.641001713126911,1.1543070863891105,8.666505994196545,,0.0634,2.121773817647062,5e-05,0.0,0.22960381505035887
Pristomyrmex_brevispinosus_OKENT0105260_processed.obj,44812,90908,1561,0.03782562106052212,0.030993371656499295,0.021820741435945566,0.0,0.0,3.09332459096311,2.2634624571837074,0.5549673113553502,0.2453283838308042,0.19970430481384566,2.262140656900487,1.228458164982908,9.948592473755848,,0.07325,2.248198969645446,0.0,0.0,0.2313197877207881
Pristomyrmex_cribrarius_CASENT0744867_processed.obj,45203,91622,2420,0.08164161761530497,0.04697937844902701,0.030554748765611386,0.0,0.0,0.38222659949973076,7.356510658678528,0.6281046749920991,0.19612216176847902,0.1757731632394219,3.2026195781666567,1.11576851752585,7.318359585241137,,0.0807,2.2461902449248083,0.00085,0.0,0.24924127074944122
Pristomyrmex_cribrarius_CASENT0744868_processed.obj,49946,101935,3423,0.15810231284863097,0.05492781942111764,0.03896248178330795,0.0,0.0,2.488028215778648,4.936274194557103,0.7152090331762613,0.15863560609353106,0.12615536073020764,4.508502541066198,1.257462268549846,5.2266540445515695,,0.13475,2.570014283167489,0.0001,0.0,0.23890454006574485
Pristomyrmex_punctatus_CASENT0745047_processed.obj,49261,103806,8273,0.32062222411915275,0.1116253585586747,0.08627324588261837,0.0,0.0,0.5365323288151975,0.809462014487765,0.669732288235537,0.17976220264680093,0.15050550911766206,3.7256568865671698,1.1943895190325997,8.249687959930158,,0.0648,2.2657336492490208,0.00045,0.0,0.26035301118357657
Pristomyrmex_punctatus_OKENT0105156_processed.obj,49257,106921,6715,0.1920773800482547,0.08434457212451647,0.07865891751699071,0.0,0.0,0.8945593446218837,1.6967666707262625,0.7172294501313649,0.17661474054467266,0.1061558093239624,4.060982950344113,1.663731280175975,7.283455219487055,,0.11615,2.510456694065628,0.0008,0.0,0.2668949486352739
Pristomyrmex_punctatus_OKENT0105157_processed.obj,48913,106629,7460,0.23528200653591647,0.08933856381461788,0.08570722402134442,0.0,0.0,0.8325430997224407,0.32737959225398755,0.7550884040824629,0.1458410356000043,0.09907056031753274,5.17747560538058,1.4720925684942805,6.774297719484746,,0.1146,2.3989301746446925,0.00055,0.0,0.2512188982085237
Proatta_sp._CASENT0745619_processed.obj,40869,84371,2425,0.2418921190940051,0.04366943693997037,0.034970409044453775,0.0,0.0,0.08924564111395875,1.6914948859944205,0.5524367522101145,0.32966149371344877,0.1179017540764367,1.6757697296922045,2.7960694588116684,6.8552030070850405,,0.17175,2.988139093512566,5e-05,0.0,0.23896496711864235
Proatta_sp._CASENT0745620_processed.obj,49902,102556,2670,0.09374510926720647,0.04808041504539559,0.03125162127107652,0.0,0.0,20.862096119755716,17.241407472902612,0.4418895438592122,0.30578211258506416,0.2523283435557236,1.4451124695408235,1.2118421112590387,5.07429975354196,,0.08145,2.164073426457659,0.0,0.0,0.2358883345457568
Probolomyrmex_sp._CASENT0744992_processed.obj,15345,32753,893,0.05476679683371832,0.039637019132287274,0.037650047113769514,0.0,0.0,0.058643029076355824,0.1309726153349568,0.8537264589515002,0.12079437636801574,0.025479164680483956,7.067601030949585,4.740908027512358,3.444376581275818,,0.0505,2.001857336478981,0.00025,0.0,0.2449540570564485
Probolomyrmex_sp._CASENT0744993_processed.obj,15745,33925,1089,0.24308169960437087,0.049404998016660054,0.048333994446648154,0.0,0.0,0.09357756216800643,0.19141155756959202,0.8607134253125173,0.0953703894281045,0.043916185259378265,9.024954500803112,2.171645575881121,2.516967086302833,,0.0411,1.952601551440129,0.00035,0.0,0.23850930373840076
Procryptocerus_goeldii_CASENT0744067_processed.obj,49905,95912,3164,0.07479265256890744,0.08100575831471957,0.03598434394147421,0.0,0.0,0.043589280765636916,6.427433909156192,0.8225238023335251,0.10635489721449667,0.07112130045197826,7.73376519441938,1.4954014695823574,7.951650688803898,,0.00465,1.6271144735556027,0.0,0.0,0.22394261109500763
Procryptocerus_hirsutus_CASENT0744064_processed.obj,49970,98745,2485,0.12065103634736918,0.05128033248424722,0.0281405014076954,0.0,0.0,2.067058954970674,0.3314020240148264,0.823478754866966,0.10472535785267464,0.07179588728035945,7.863222162729851,1.4586539956491829,3.4087974508840584,,0.04715,1.9822165273608137,0.0002,0.0,0.22130695340234496
Protalaridris_armata_CASENT0745595_processed.obj,40426,80075,847,0.04820936825527122,0.024337125917093125,0.010110796442589557,0.0,0.0,1.2823819304685589,0.016457496534231893,0.7915142854976764,0.11338647484588416,0.09509923965643946,6.98067636879539,1.192296334392474,3.4390161370201335,,0.031,1.901555375553226,0.0,0.0,0.20591914859734556
Psalidomyrmex_sallyae_CASENT0744986_processed.obj,49506,91004,1663,0.06988552777912405,0.08259817315949723,0.01733866102669288,0.0,0.0,2.57008193326031,4.640810362425093,0.6482795250533492,0.22247412492410878,0.12924635002254206,2.913954713944791,1.7213184347976305,4.8000981750738605,,0.0243,1.8483200619863107,5e-05,0.0,0.2015235086805109
Psalidomyrmex_sallyae_CASENT0744987_processed.obj,49483,95350,2271,0.0819662903208409,0.06480123902942694,0.02776114266047152,0.0,0.0,17.500539019808844,18.427059836502657,0.5175796142048128,0.305767912852658,0.1766524729425293,1.6927204995974239,1.7309008346129071,5.270290363164793,,0.0032,1.761861636960157,0.0,0.0,0.1968854331489357
Pseudolasius_sp._CASENT0877597_processed.obj,47918,84219,4032,0.06538313738918178,0.1302819036071537,0.04026977872082449,0.0,0.0,0.7821260471987913,0.019148863514388863,0.7498302551909855,0.16101441558139107,0.08915532922762351,4.65691380789414,1.8059987773731763,4.117314050746926,,0.0785,2.283690552374612,0.00045,0.0,0.2024656101745296
Pseudolasius_sp._CASENT0878065_processed.obj,47880,84565,4795,0.014809135174462362,0.15206199166308618,0.05692619645266578,0.0,0.0,2.321469593852575,1.2438885412078553,0.7076170932887884,0.19720039156423527,0.0951825151469762,3.5883148490518693,2.0718132028737424,6.2339573344275605,,0.09805,2.331627443348921,5e-05,0.0,0.19367327279695998
Pseudomyrmex_cf.solis_CASENT0744065_processed.obj,49917,99998,3207,0.2892546544551151,0.054660797169874056,0.03799656873827985,0.0,0.0,0.12658572604644971,0.30117728741451466,0.8831382605156656,0.0782850525785774,0.038576686905756954,11.281058534504135,2.029335820616949,2.7839112721190307,,0.05235,2.013585893526889,5e-05,0.0,0.22736482511345177
Pseudomyrmex_ferrugineus_CASENT0741429_processed.obj,49959,97577,2985,0.05074405193283815,0.07733756155897904,0.03340477422215653,0.0,0.0,2.6545210585641366,47.78544699701912,0.49033075850659935,0.3351051736956017,0.17456406779779893,1.4632145278425315,1.919668680519984,8.423958265690493,,0.0621,2.1397787044196073,0.00015,0.0,0.23454928441254627
Pseudomyrmex_gracilis_CASENT0709535_processed.obj,48909,96231,7473,0.19474568810344428,0.1006559257953705,0.07950594756740692,0.0,0.0,0.41166573411772156,0.8680503835669153,0.9686414808988845,0.01719586795086927,0.014162651150246197,56.329897604844,1.2141701273613834,1.8980971138927203,,0.0,1.4410317951340064,0.0,0.0,0.2073567184514173
Pseudomyrmex_sp._CASENT0744024_processed.obj,47037,103179,11702,0.22411500466741863,0.14974705998291835,0.13450496025228303,0.0,0.0,1.457004715432056,12.709406265824484,0.6743474590870325,0.21977268135469943,0.10587985955826809,3.0683861839892543,2.075679758847371,7.3562253766040335,,0.0388,1.9440915421586864,0.00015,0.0,0.25442647514201217
Pseudomyrmex_termitarius_CASENT0744247_processed.obj,49319,99505,11774,0.3465806287643476,0.16168092127415987,0.13365209778436257,0.0,0.0,0.45832140689384443,9.290565165871842,0.8845112019561447,0.08071694869107054,0.034771849352784746,10.958184325592518,2.3213303345513956,3.0129738932480246,,0.05595,2.0406936892062517,5e-05,0.0,0.23312987468029364
Pseudomyrmex_triplarinus_CASENT0741218_processed.obj,49651,98979,5611,0.09994620792989162,0.07827453508754256,0.057891590944197074,0.0,0.0,0.057136408718206286,0.06769202886504765,0.9385991808442508,0.03206394547030809,0.02933687368544115,29.272728826008453,1.0929571369501545,1.8580440092769923,,0.0,1.4247239408773786,0.0,0.0,0.21257353323318773
Pseudoneoponera_rufipes_CASENT0877628_processed.obj,47697,87076,5569,0.4458766044313427,0.1632464125906496,0.07726614793425471,0.0,0.0,0.09059019944724998,0.06307438103690705,0.837376325672158,0.08474352849228863,0.07788014583555344,9.881301151489774,1.0881275013432492,3.1633311291208526,,0.01995,1.8189800757453194,5e-05,0.0,0.19064056160645698
Pseudoponera_stigma_CASENT0744030_processed.obj,49952,101574,2156,0.05347025198970512,0.03625816284967217,0.027454767629784382,0.0,0.0,0.07650376147510486,0.3272039046179735,0.7028914902162885,0.16091807143162362,0.13619043835208786,4.368008415480899,1.181566587043419,4.520368153318388,,0.04155,1.9377886943302374,0.0,0.0,0.21754493871786948
Rasopone_ferruginea_CASENT0744068_processed.obj,49933,95618,950,0.015950219103717633,0.04239172201789537,0.008796728330680135,0.0,0.0,0.07076509507232988,0.08468343230364143,0.8091987934634961,0.12441009640471823,0.06639111013178574,6.504285559196845,1.8738969141766924,4.432582508406491,,0.0358,1.8810354346243563,5e-05,0.0,0.20453727202712724
Rasopone_ferruginea_CASENT0744069_processed.obj,49989,98076,652,0.00611213869085625,0.025395798370301474,0.006692682532300787,0.0,0.0,15.402746691325472,64.80483665167408,0.5001859176732427,0.3591912932271983,0.14062278909955903,1.392533524906077,2.5542893547140197,9.659142415206873,,0.03405,1.9295162548200824,0.0001,0.0,0.19662340119368366
Recurvidris_kemneri_CASENT0745633_processed.obj,33260,73061,3348,0.19583944498727046,0.06402737047898338,0.06115015031630978,0.0,0.0,5.043888643825322,13.29491955071283,0.7879358902665989,0.12942318807084044,0.08264092166256065,6.088058113939507,1.5660908115146768,4.351218463292684,,0.11625,2.5612643882833472,0.0004,0.0,0.24968444291632627
Rogeria_cf.blanda_CASENT0744351_processed.obj,49834,102057,2874,0.07232088405706216,0.043653827305694407,0.03237609853311118,0.0,0.0,0.631025032238407,0.8554686761153232,0.6472255264948475,0.2127434726293919,0.14003100087576068,3.0422814787006027,1.5192598160327633,9.61130339310392,,0.05635,2.0434662455918025,0.0,0.0,0.23663184208992452
Sericomyrmex_bondari_CASENT0744099_processed.obj,49983,99091,1630,0.03298268048109798,0.03910808465184592,0.017858335002336606,0.0,0.0,57.02844015864364,15.03679052639591,0.4024808868551493,0.3406525474123561,0.2568665657324947,1.1814997125735587,1.3261848479226275,7.926780859060987,,0.0,1.6691001067883744,0.0001,0.0,0.2066149456292645
Sericomyrmex_cf.mayri_CASENT0744449_processed.obj,49983,99416,1372,0.04857684258537631,0.032725139493490304,0.015872592612344756,0.0,0.0,53.920903500108885,20.625204045470795,0.5148680498196088,0.2750249794631897,0.21010697071720147,1.87207740483995,1.3089759874429212,7.552344122606043,,0.01495,1.8357168010419775,5e-05,0.0,0.20049143403421374
Sericomyrmex_cf.parvulus_CASENT0744360_processed.obj,49999,98342,1094,0.009682577227251521,0.03410487298805423,0.01179132840461178,0.0,0.0,67.31628970550824,36.2018127740573,0.45541326669203847,0.2993147063784505,0.24527202692951108,1.5215198484641732,1.2203377210417508,7.581990232519176,,0.0027,1.8378665313994793,0.0,0.0,0.20685858333642157
Sericomyrmex_mayri_CASENT0745109_processed.obj,49975,97620,1512,0.013548595964374743,0.04295203250934914,0.016038665604622592,0.0,0.0,56.16188920480092,64.228083762709,0.4259578706872614,0.2996120645564636,0.27443006475627507,1.4216979924284296,1.0917610824548434,4.752393051103861,,0.0069,1.8458937613974744,0.0,0.0,0.203274503480757
Sericomyrmex_mayri_CASENT0745110_processed.obj,49915,96766,1182,0.017667110620755433,0.04015700893889713,0.012040980149389788,0.0,0.0,72.84269200137663,43.91584296217908,0.42801877174949526,0.349143313528741,0.22283791472176362,1.2259114099123691,1.5668038985407078,3.8546329537190758,,0.0331,1.8393565360919109,0.0,0.0,0.1980626010714257
Solenopsis_afrc-za01_CASENT0744870_processed.obj,33327,72095,3446,0.18089646668009973,0.0663053128358488,0.06328676230082707,0.0,0.0,0.1047618517965163,0.04963971602843002,0.7521911779864036,0.16645014775446945,0.08135867425912695,4.519017784808221,2.04588077755946,5.259381712550081,,0.1308,2.886639452580699,0.0001,0.0,0.2547084699017883
Solenopsis_afrc-za01_CASENT0744871_processed.obj,49875,103036,3406,0.08586463657770316,0.053516283897755285,0.04272090307512651,0.0,0.0,1.5752651511066789,6.503172208355159,0.7043895481116941,0.1645803889548832,0.13103006293342262,4.27991179620307,1.2560505983921244,7.222491381164248,,0.00785,1.62667287258948,0.0001,0.0,0.23807077248626712
Solenopsis_afrc-za06_CASENT0744874_processed.obj,49373,105420,5818,0.18328118754242229,0.07894166124484928,0.0703879469810045,0.0,0.0,4.99449090399561,10.95026699628109,0.7365186950121398,0.14176872258728845,0.12171258240057165,5.195212890196268,1.1647828005218843,7.466426571251195,,0.06605,2.1275219927060722,5e-05,0.0,0.2430649570892649
Solenopsis_afrc-za09_CASENT0744879_processed.obj,49708,102654,5102,0.1571476274365935,0.08004072395255789,0.056838446523873445,0.0,0.0,13.920652635338351,17.102777858515104,0.6891696641521866,0.19787307585935607,0.11295725998845735,3.48288750836437,1.751751732288619,7.193872324769899,,0.0395,1.8978847834557915,0.0004,0.0,0.25772924125062396
Solenopsis_afrc-zm02_CASENT0744886_processed.obj,33951,73159,3053,0.11201101595072749,0.06747297049660986,0.05528678761224116,0.0,0.0,1.412429010864967,9.81965111935235,0.7298494666394105,0.17232577284797482,0.09782476051261456,4.23528909563215,1.7615762302403317,6.624897432116163,,0.07795,2.2813903050450697,5e-05,0.0,0.24950947982005073
Solenopsis_desecheoensis_CASENT0744889_processed.obj,48268,86995,7524,0.33358292281180757,0.17999175160549108,0.09352353738290226,0.0,0.0,0.8189264700995513,0.34786043840735065,0.7148281581104271,0.1509590470346125,0.1342127948549603,4.735245565948283,1.1247738875995346,6.207431140536701,,0.0505,2.003403291249111,0.0,0.0,0.18626581365199632
Solenopsis_invicta_CASENT0744090_processed.obj,49736,98601,3777,0.10028762714083284,0.06634583024836778,0.045224473312243385,0.0,0.0,0.179042768712609,0.012959363751715493,0.814246281535659,0.14794116474278537,0.03781255372155553,5.5038520411227685,3.912488054422244,3.7762775980949432,,0.09715,2.8422716168001165,0.00015,0.0,0.21045191069863545
Solenopsis_invicta_CASENT0744384_processed.obj,48991,106831,7241,0.19548303528227262,0.09072977056766958,0.08442654561777295,0.0,0.0,10.121308004296052,28.046341924246107,0.47160651577020785,0.34153532967106565,0.18685815455872645,1.3808425506796453,1.827778565391572,8.922946281995221,,0.055,2.030315413739904,0.00015,0.0,0.2401253122827459
Solenopsis_invicta_CASENT0744526_processed.obj,49665,110850,6434,0.30746873069983927,0.07286169425606467,0.076151630597631,0.0,0.0,10.750057382983048,11.832732449547706,0.6834079091168629,0.22020890630768494,0.09638318457545211,3.1034526285779616,2.2847232873416603,11.720177143925293,,0.03795,1.878332727129068,0.0005,0.0,0.26216462646603805
Solenopsis_invicta_OKENT0105176_processed.obj,48625,106522,6722,0.41031281631283345,0.08320380185506064,0.08656100295586587,0.0,0.0,0.05765869250923906,4.632972046286635,0.7382072763213494,0.17480167590964785,0.08699104776900275,4.223113265246477,2.0094214334999005,5.183280212752223,,0.1227,2.6871793184402297,5e-05,0.0,0.24286040932797293
Solenopsis_sp._CASENT0744153_processed.obj,48884,92687,7868,0.07935841662282328,0.15471814802060566,0.09461596306161317,0.0,0.0,0.3658901798863655,0.3288435138485436,0.7678549123216856,0.16891510386205183,0.06322998381626249,4.545803748543238,2.671439935093065,4.119086487098071,,0.08285,2.3493496525165654,0.0,0.0,0.1899006200282063
Sphinctomyrmex_stali_CASENT0790135_processed.obj,26371,52779,175,0.0034203889949632194,0.005945243174330686,0.0036353079282531587,0.0,0.0,0.8181573366635615,2.7352604203595416,0.9523865290197676,0.0248509847430615,0.02276248623717084,38.32389496298242,1.0917517745702212,1.6896679244666364,,0.00055,1.432026793838524,0.0,0.0,0.18467952590964987
Sphinctomyrmex_stali_CASENT0790136_processed.obj,30687,61500,384,0.008998028558575344,0.01293178079819929,0.007044844602198944,0.0,0.0,1.8843633816743421,0.809598045033914,0.687023626371636,0.20901805587873945,0.10395831774962447,3.2869104225627694,2.010594826881897,4.34649089293169,,0.009,1.7891664837017953,0.0,0.0,0.19534002391604777
Stenamma_debile_CASENT0745007_processed.obj,44720,92555,2545,0.15019049060851708,0.04014492753623188,0.03804347826086957,0.0,0.0,0.14147537807385938,0.5622247736852563,0.7503797148730478,0.13616733539743484,0.11345294972951744,5.510717476279437,1.2002097408843986,3.508201827441116,,0.05375,2.022744799802408,0.00015,0.0,0.2342460445646615
Stictoponera_bicolor_CASENT0877615_processed.obj,49635,90501,1448,0.006060916020261153,0.07773307079873298,0.013561909653853836,0.0,0.0,8.088101206704508,14.301851759614872,0.5028559688604723,0.3383773350224069,0.15876669611712071,1.4860805284939484,2.1312866192843685,4.854462937036731,,0.06665,2.132208590152712,0.0,0.0,0.18834705665996254
Stigmatomma_FHG02_CASENT0745561_processed.obj,33675,70548,1799,0.09632279104355823,0.038365701025241096,0.037395621326536434,0.0,0.0,1.1670756754512501,1.8720875248187172,0.6559388039538459,0.2032581369670833,0.14080305907907076,3.227121992464548,1.44356335932261,5.896036272766848,,0.1055,2.3607940709814605,0.00015,5e-05,0.23824508650510146
Stigmatomma_FHG02_CASENT0745562_processed.obj,32768,69132,1920,0.07105654075086121,0.04214198262627048,0.04036379890005247,0.0,0.0,3.4828753815131726,17.965721009090732,0.5780829256923209,0.2911353240986589,0.13078175020902016,1.9856158900746177,2.226115827578051,4.544912459547801,,0.0462,1.9557378339719385,0.0001,0.0,0.2400222740801072
Stigmatomma_afrc-tz05_CASENT0744659_processed.obj,49908,101287,1804,0.04902339045393289,0.03296978483640318,0.0251804013311806,0.0,0.0,1.1419455215623289,1.674475642517544,0.5992799429882584,0.3258274550081025,0.07489260200363927,1.839255513238919,4.350596004025465,3.6596799375182334,,0.11125,2.4074772196583685,5e-05,0.0,0.21841855609089755
Stigmatomma_afrc-tz05_CASENT0744660_processed.obj,49792,102462,2677,0.06566491079788095,0.043152324966888714,0.035094701541713694,0.0,0.0,0.39453773953343413,3.187303839474126,0.5266919439494189,0.3799463153895287,0.0933617406610524,1.3862272711065602,4.069614734036663,4.91782351796397,,0.08515,2.2812747249754017,0.0,0.0,0.23045334866628392
Stigmatomma_silvestrii_OKENT0105191_processed.obj,37351,75869,1112,0.034892518368699776,0.027075939136240644,0.019098991460800505,0.0,0.0,0.28838964135467354,0.19456437413501287,0.7055256447158138,0.216321085338181,0.07815326994600513,3.261474227594805,2.7679083100122854,2.758641472908485,,0.0942,2.3591897410531377,0.0,0.0,0.21363704684624582
Stigmatomma_silvestrii_OKENT0105192_processed.obj,32161,66692,1636,0.06492587960981411,0.03268901640994664,0.034048122420215446,0.0,0.0,0.6643791478474109,0.9474081269040461,0.5987502436133114,0.2785901363605247,0.12265962002616389,2.1492155157943786,2.271245714776388,3.108988112736254,,0.14725,2.5270974476004984,0.0,0.0,0.2236142724073417
Stigmatomma_sp._CASENT0741388_processed.obj,49882,97985,2905,0.05967914498035565,0.07014869239345055,0.03478219989523029,0.0,0.0,5.361966197953284,21.13431235163862,0.5415209257710598,0.33068826246758276,0.12779081176135745,1.637557141370099,2.587731135827868,5.28551357640281,,0.07835,2.242458688088225,0.0,0.0,0.20045367014591373
Stigmatomma_sp._CASENT0745539_processed.obj,49634,98051,1920,0.04027027200521027,0.037990088366338305,0.02197326698533538,0.0,0.0,0.7959168359057953,0.6139954030546103,0.9036143767972651,0.05615814896656849,0.04022747423616645,16.09052993066413,1.3960147892178525,1.4684979079546883,,0.00215,1.6409488023705536,0.0001,0.0,0.20202517209763
Stigmatomma_sp._CASENT0877560_processed.obj,49408,96724,3523,0.05999442070766714,0.06208216556155581,0.04348896028436667,0.0,0.0,1.5239059482768225,4.967040276341271,0.6324738412296406,0.22851643166712532,0.1390097271032342,2.767739005092425,1.6438880676128502,3.4388841366945364,,0.0209,1.7719498550667403,0.0,0.0,0.18763275911620844
Streblognathus_peetersi_CASENT0744988_processed.obj,47065,88260,7427,0.5237419623086179,0.14632151383853567,0.088358829251039,0.0,0.0,0.31719412746042325,4.867364679261041,0.8466745777648386,0.0835677715215802,0.06975765071358125,10.131592147891569,1.1979728483790555,3.9378310900815334,,0.04465,1.9832061407024486,0.0,0.0,0.190744812467764
Streblognathus_peetersi_CASENT0744989_processed.obj,48364,93093,4798,0.21884393953137382,0.09293292446512284,0.05794649466004018,0.0,0.0,0.23344746511929884,14.947305881805567,0.8101869082847364,0.11304018159683679,0.07677291011842682,7.167247051798861,1.4723967272110112,2.105781389158304,,0.02465,1.8772590792582011,0.0001,0.0,0.1926774095458529
Strongylognathus_destefanii_CASENT0745219_processed.obj,41853,84420,2779,0.0847736133177237,0.05988489411986401,0.035214861692354806,0.0,0.0,0.2944147228263141,0.40113829463058936,0.555590979511903,0.2837857859656484,0.16062323452244873,1.9577829721857736,1.7667791761844172,8.595356497764863,,0.0325,1.823220642988992,0.0003,0.0,0.24225495431553057
Strongylognathus_testaceus_CASENT0745196_processed.obj,49229,109617,6380,0.2601612214057365,0.06808303079696723,0.07147267293966561,0.0,0.0,0.05158587311740176,0.15163508746418,0.7814824037684958,0.13332218567138698,0.08519541056011723,5.861608102455629,1.5648986816879016,6.49920085928803,,0.02785,1.874194744383577,0.0,0.0,0.25124032569595983
Strongylognathus_testaceus_CASENT0745197_processed.obj,42454,89031,3841,0.13946356484591516,0.07203834843665606,0.05378683310328272,0.0,0.0,0.5102548781836542,0.936533886824183,0.841399605527411,0.08322515381117168,0.07537524066141722,10.109919501458059,1.1041444522215986,5.11889143297999,,0.095,2.545883358695714,0.0,0.0,0.2550755301805338
Strongylognathus_testaceus_CASENT0745198_processed.obj,49955,103308,3623,0.11093986623973617,0.06508498583569405,0.04331058459953644,0.0,0.0,3.8316607004595435,5.644790255673802,0.8174906004331308,0.11119815329827823,0.07131124626859105,7.351656265732146,1.5593354360889262,6.0031267907219,,0.07915,2.485011359045863,0.00015,0.0,0.24137579744204385
Strumigenys_aff.trudifera_CASENT0744220_processed.obj,23386,48988,1210,0.10248420762966304,0.03697632804709804,0.03257796172601729,0.0,0.0,2.001233278348521,1.376682959946915,0.7737999154326071,0.1237215442910127,0.10247854027638009,6.254366770693606,1.2072922190084008,1.9052919413261669,,0.15855,2.535258348195618,0.00055,0.0,0.250739693057143
Strumigenys_aff.trudifera_CASENT0744341_processed.obj,33149,67960,1230,0.07882369854245597,0.030764398111336886,0.023343247833043753,0.0,0.0,0.04120440689053912,0.5693627597425798,0.7993761860361066,0.12852858879288126,0.07209522517101202,6.219442643412741,1.7827614587236202,1.6248608822661221,,0.2247,3.2724270318191904,0.0,0.0,0.21917004782487165
Strumigenys_alberti_CASENT0878103_processed.obj,49918,97844,467,0.003968040621186386,0.017917557582483017,0.003640349690096625,0.0,0.0,4.851425627672685,7.200429020201117,0.6307017020341688,0.2140088120207793,0.15528948594505182,2.947082861115693,1.3781281502632117,5.821240735530242,,0.03325,1.905410539960412,0.0,0.0,0.18230463327514973
Strumigenys_alberti_CASENT0878104_processed.obj,49892,98087,470,0.0044810182682824,0.015402186988902855,0.0035683873322249707,0.0,0.0,3.512401579314764,0.00673925028144502,0.6257174855830135,0.2077960556219831,0.16648645879500348,3.011209638749359,1.2481258663675738,4.324784350343423,,0.00765,1.781789762192069,0.0,0.0,0.1833726064811889
Strumigenys_appretiata_CASENT0744350_processed.obj,19406,41349,985,0.10567910379176615,0.03662950159858481,0.034730674976061804,0.0,0.0,1.115998410098096,1.0261187114680155,0.6949114281369339,0.16142187272975866,0.1436666991333076,4.304939698601481,1.1235858671742442,6.343036879132437,,0.00195,1.7035903000635748,0.0,0.0,0.2403786146331954
Strumigenys_auctidens_CASENT0878105_processed.obj,49321,93785,1978,0.07495331231089264,0.058468178421526795,0.021614788845511875,0.0,0.0,1.4069540983096904,4.81145689493997,0.6958578576619913,0.21037200088379007,0.09377014145421872,3.3077493903116157,2.2434860140047856,4.67986882943517,,0.0225,1.7583684983978263,0.0002,0.0,0.191309436759527
Strumigenys_auctidens_CASENT0878106_processed.obj,49214,94884,2848,0.28335198084018276,0.06375468937444959,0.034879931210950774,0.0,0.0,1.3489837255441985,0.037110091940366706,0.7966854754606433,0.12390472780951631,0.0794097967298404,6.429823054737828,1.5603204253380958,3.0833356955270608,,0.0555,2.035498882519795,0.0,0.0,0.18791855543906036
Strumigenys_benten_OKENT0105410_processed.obj,23225,47177,840,0.053956374057321455,0.030692845858722635,0.019577973369442565,0.0,0.0,2.6766278700584225,0.48015147309044803,0.746868273152559,0.15879107237024703,0.09434065447719392,4.7034651382107615,1.683166957556283,5.435339481439105,,0.02955,1.8897735168709069,0.0,0.0,0.2185262481668789
Strumigenys_benten_OKENT0105411_processed.obj,25148,51464,1145,0.0647912126822342,0.035552967061412026,0.024823658836471883,0.0,0.0,3.303607451436932,4.799022948036258,0.6356421982850723,0.24082057844916147,0.12353722326576612,2.6394845589130576,1.9493766500731784,7.6220679875052175,,0.0816,2.242734445843134,0.0001,0.0,0.23468936685052708
Strumigenys_canina_OKENT0105288_processed.obj,22492,46481,1164,0.11272041327233362,0.04335475725926776,0.03173419029037071,0.0,0.0,0.2719586578985913,0.05771337172754827,0.6788887402103456,0.19586992374694562,0.12524133604270876,3.4660183004279754,1.5639399094253648,5.138759385697774,,0.03395,1.8674000049404116,0.00015,0.0,0.2369800792951463
Strumigenys_canina_OKENT0105289_processed.obj,24183,50022,1249,0.08737443914951915,0.03957674499286124,0.030703334534246028,0.0,0.0,0.02372232657225178,0.9300204210337624,0.7704299094495535,0.13290844014460132,0.09666165040584523,5.796696647792597,1.3749862493198668,4.674805345571309,,0.0471,1.9833377547221946,0.0011,0.0,0.2635724291678465
Strumigenys_crassicornis_CASENT0744273_processed.obj,49711,88971,1518,0.2661476585844338,0.09695233021102576,0.01573153434658334,0.0,0.0,0.5754837768389856,0.41921452376999474,0.6458096955240608,0.20297849832940795,0.1512118061465313,3.1816655499933537,1.3423455714344972,6.057337145194863,,0.09005,2.1629195465300386,0.0,0.0,0.1942045511101816
Strumigenys_denticulata_CASENT0744012_processed.obj,49333,94673,3172,0.07157130175538828,0.07812413525928386,0.038553600088549446,0.0,0.0,0.43017720499992507,0.21861004062703115,0.7940028388803902,0.12580545405501684,0.0801917070645928,6.3113546614056935,1.56880877911332,2.233844953294293,,0.08765,2.1773269928320635,0.0,0.0,0.19123832469240987
Strumigenys_denticulata_CASENT0878101_processed.obj,47419,91619,2787,0.018374185927009568,0.06822483510180671,0.03598365357040436,0.0,0.0,1.3351974787048657,0.6128012953874075,0.8639057845130751,0.10679414685360898,0.02930006863331596,8.089448813119859,3.6448428906469363,2.6564449607578418,,0.06635,2.123223482183798,0.0,0.0,0.18710236146247208
Strumigenys_hispida_OKENT0105261_processed.obj,19142,40759,1158,0.07565355744645763,0.04315113598946329,0.040582811985512016,0.0,0.0,1.718522916777668,0.07282500103386663,0.8666978368901829,0.08198779220148912,0.05131437090832812,10.57105958848397,1.5977549904676476,2.73767311837475,,0.0698,2.161482803347443,5e-05,0.0,0.23985507137262077
Strumigenys_hispida_OKENT0105262_processed.obj,20721,43483,1260,0.07451624944481539,0.0459720664382404,0.03627675429835748,0.0,0.0,5.023245690788136,1.679867117945524,0.6605453313322727,0.24391116710505234,0.09554350156267497,2.7081389473560935,2.552880762330556,5.4635352553101,,0.0599,2.0628474128810157,5e-05,0.0,0.2457915079122502
Strumigenys_incerta_OKENT0105329_processed.obj,20185,42987,1424,0.13379119839447917,0.05048031938119893,0.04274530596968374,0.0,0.0,0.40399113707550177,0.016407391039917972,0.6919291128612216,0.21175502057376827,0.09631586656501012,3.267592480151737,2.1985476342139374,9.410841205084388,,0.06295,2.0755699734953756,0.00115,0.0,0.26758279236478566
Strumigenys_kumadori_OKENT0105283_processed.obj,22058,46356,1137,0.08485679962760628,0.042919383692076866,0.03443649373881932,0.0,0.0,1.2421932222982728,0.15715463220461376,0.7838978104532344,0.13535879961614458,0.0807433899306211,5.791258585893495,1.6764071923714357,3.532325525452043,,0.0708,2.1055283365660222,0.0003,0.0,0.2454645436715558
Strumigenys_kumadori_OKENT0105284_processed.obj,18605,38048,871,0.08737581028484775,0.04436096793919804,0.027902507207128505,0.0,0.0,0.8778407562930756,3.6674701940289025,0.7785341793265603,0.13246968972656736,0.08899613094687234,5.877074075839871,1.4884881883870578,2.6744397060742138,,0.10855,2.46587185690331,5e-05,0.0,0.2312935181296768
Strumigenys_lewisi_OKENT0105441_processed.obj,20958,44639,1306,0.13397352022339637,0.04685879222477788,0.04228866940272704,0.0,0.0,0.12538107706267757,0.2611573943735519,0.6939585852351742,0.1814413261873805,0.12460008857744524,3.824699696685969,1.4561893836424165,5.709810876634718,,0.05725,2.0470741912959194,0.0002,0.0,0.25236056954826586
Strumigenys_lewisi_OKENT0105442_processed.obj,23984,50756,1562,0.12885548995625296,0.04186729456585005,0.04045187576062226,0.0,0.0,0.1073441729612958,2.814589129815862,0.8023489009003953,0.12757878005367493,0.0700723190459298,6.289046662484398,1.8206730102660338,3.8945153660169645,,0.08355,2.1863463196544415,0.0021,0.0,0.29919677253156557
Strumigenys_minutula_OKENT0105207_processed.obj,18969,40589,1292,0.07667756526329939,0.051872961486508745,0.04213751523737357,0.0,0.0,1.007345526111846,0.041473081912158566,0.7972843023678486,0.10517145681951656,0.09754424081263474,7.580804968177425,1.0781923765395063,3.5879895970106714,,0.1501,2.6030796591171637,0.0001,0.0,0.2409559275944006
Strumigenys_precava_CASENT0744056_processed.obj,33803,69527,1430,0.08528738546046988,0.03179929997307589,0.027356821416208314,0.0,0.0,2.1708294047966206,5.508332687908279,0.7222308630382593,0.1399149149058211,0.13785422205591946,5.1619290446940855,1.0149483477485783,2.608881844898726,,0.1965,2.9308123434324767,0.0,0.0,0.23505237016445785
Strumigenys_sp._CASENT0744896_processed.obj,32088,68623,2594,0.1596811367584563,0.05725683444796433,0.05046149634322813,0.0,0.0,0.6367824934407611,0.6660729819278245,0.8099326116011818,0.10192940074619233,0.08813798765262591,7.946015631132194,1.156475243659089,3.1300883655016762,,0.05665,2.0279274687521895,0.0002,0.0,0.2393247843258633
Strumigenys_sp._appretiata_group_CASENT0744156_processed.obj,13074,28681,917,0.10496043435082547,0.04516735173223723,0.04692894891368174,0.0,0.0,0.03510812674867268,0.2868695867918278,0.8279567537648312,0.08882859297245368,0.08321465326271518,9.320836073825754,1.0674633551859534,5.44823748149707,,0.0053,1.6513719729947387,5e-05,0.0,0.23728284270681563
Strumigenys_sp._gundlachi_group_CASENT0744212_processed.obj,18003,37912,882,0.08275890786880413,0.03836651136524072,0.03215445432726246,0.0,0.0,5.326088201086492,5.06590793853139,0.7502765903579834,0.13838959998950698,0.11133380965250948,5.421481024693121,1.2430150411761074,4.863311301088643,,0.04535,1.9761627357822544,0.0,0.0,0.23181059288457515
Strumigenys_sp._mandibularis_group_CASENT0744058_processed.obj,43275,87913,1391,0.04669146377957356,0.0305960084256467,0.02104896270590553,0.0,0.0,3.1873769267333185,0.6757932052563654,0.6946366590132239,0.18689217556563692,0.11847116542113913,3.7167776388223706,1.5775330216536323,4.015406293510147,,0.1086,2.3870731351815215,0.0,0.0,0.22608445557419357
Strumigenys_sp._silvestri_group_CASENT0744283_processed.obj,49639,90839,2275,0.23310437628850866,0.10098890582355652,0.027200226845780315,0.0,0.0,1.8781304616380283,1.4975371537065363,0.6797445084661076,0.1905932127053351,0.1296622788285574,3.5664675505366517,1.4699202761764047,5.995887694507133,,0.01175,1.793584367990939,0.0,0.0,0.19465449054415063
Strumigenys_stenorhina_OKENT0105267_processed.obj,21772,45962,1227,0.1288310463535507,0.04217702965093362,0.038892214257558726,0.0,0.0,0.2713167703651324,2.3446045727490326,0.7710337580991681,0.13814055940434422,0.0908256824964877,5.581516112456981,1.5209416060230125,2.4730990565125213,,0.17565,2.8977323914384696,0.0002,0.0,0.23476207215947523
Strumigenys_stenorhina_OKENT0105268_processed.obj,22993,50416,1632,0.13507149997626533,0.03803258398245685,0.05050382747440502,0.0,0.0,0.0063701055861575765,0.5052579023533997,0.7379744583508765,0.1360186230433128,0.1260069186058107,5.425539840348782,1.0794536089627098,2.885403054258226,,0.1357,2.354601827044979,0.0001,0.0,0.2479420653408027
Strumigenys_strigatella_OKENT0105333_processed.obj,20980,42705,916,0.2783273997416801,0.04614475995088668,0.02688798744191107,0.0,0.0,0.50094035989721,0.11206007344072096,0.7617299517795972,0.1354242453606406,0.10284580285976218,5.6247679265339645,1.3167697815077737,5.090933630212145,,0.0368,1.9404066966357107,0.0001,0.0,0.24066129523479285
Strumigenys_subedentata_CASENT0744346_processed.obj,17027,38497,1899,0.5135941242095595,0.052932533149220175,0.06890080903570733,0.0,0.0,0.05854964246817331,4.00023878951191,0.7412209757909883,0.1428367943954586,0.11594222981355308,5.189285988446651,1.2319652177222633,5.14456586226464,,0.04935,1.995319021023966,0.00065,0.0,0.24867117761529534
Strumigenys_zeteki_CASENT0744209_processed.obj,49333,95109,3499,0.4216473450379993,0.07628383139221619,0.043022340116881504,0.0,0.0,0.09649732598179381,0.4053603966471198,0.7926331237859201,0.1111668376853946,0.09620003852868521,7.130122078574322,1.1555799705033023,3.4063963640912887,,0.02625,1.775203111132803,0.0,0.0,0.1891091857092722
Syllophopsis_aureorugosa_CASENT0840860-D4_processed.obj,49961,98948,2246,0.041907521948770565,0.04333894203374605,0.02523915185723958,0.0,0.0,0.41569072361978454,1.4969795478946313,0.7203033590467554,0.17894307386676128,0.10075356708648346,4.025321257100367,1.776047032788056,5.468751338379553,,0.062,2.1000613484636514,0.0002,0.0,0.2136317110717299
Syllophopsis_sechellensis_OKENT0105212_processed.obj,48538,94385,7468,0.29961894101786446,0.12224757996412694,0.0883775465337828,0.0,0.0,11.31550911676493,3.6009971461369976,0.7799704746240583,0.14032598924847947,0.0797035361274623,5.558275261775928,1.7605992916558864,2.2528635854835386,,0.04525,1.936174025319018,0.0001,0.0,0.19613264795133778
Talaridris_mandibularis_CASENT0744061_processed.obj,33266,67870,1310,0.12649467044090423,0.03238087761990737,0.021911060522803987,0.0,0.0,0.7022678765202035,16.160536741115894,0.6302846329287747,0.2308792870976315,0.1388360799735938,2.7299314756730317,1.6629631659259183,9.658387577078821,,0.0555,2.0380566998433642,0.0001,0.0,0.22969431087219386
Tapinoma_cf.melanocephalum_CASENT0877584_processed.obj,48416,88819,6417,0.2619665026586916,0.15562587087784488,0.08194960520204365,0.0,0.0,0.09123395522846145,0.25292425920344064,0.7476979747606362,0.16481606933202045,0.08748595590734345,4.5365599227730975,1.8839145966076827,4.12752925149789,,0.0998,2.3300134955633984,0.0,0.0,0.1874636731708102
Tapinoma_cf.melanocephalum_CASENT0877585_processed.obj,49722,93052,1575,0.01334450684992472,0.06820183101544483,0.016681808651897407,0.0,0.0,1.2154924399472333,5.611850599594285,0.7226370631160312,0.1529165425645902,0.12444639431937862,4.725695801098809,1.2287743923873433,5.283756861838767,,0.0351,1.9003852428961145,0.0,0.0,0.19336343388353702
Tapinoma_nigerrimum_CASENT0745201_processed.obj,49963,99111,6056,0.10918096887662887,0.12217768161726641,0.06984615793036622,0.0,0.0,0.11075511518363819,4.898361005489764,0.703765402300597,0.21059724298504648,0.0856373547143564,3.341759808083376,2.459175014075272,3.6343316847715204,,0.09525,2.72429556445177,0.0001,0.0,0.23189929238053036
Tapinoma_simrothi_CASENT0745226_processed.obj,48382,83009,6568,0.06247240090263795,0.2081806574444134,0.07968359259902842,0.0,0.0,0.18110164686837574,4.654761537240985,0.6205955662168396,0.30176846708800437,0.07763596669515602,2.056528875284561,3.8869673417337993,2.574307075797255,,0.112,2.7189986599763083,0.0,0.0,0.19721634271259697
Tapinoma_simrothi_CASENT0745227_processed.obj,49071,89526,4349,0.02801699223515597,0.1215249283750126,0.049871147007587206,0.0,0.0,3.6133880036039727,16.730195027246232,0.7384426629835369,0.16895919108282412,0.09259814593363908,4.370538579470062,1.8246498283443986,4.098007934460341,,0.05485,2.0685843019409154,0.0,0.0,0.19222338061114416
Tatuidris_tatusia_CASENT0745545_processed.obj,49988,99743,2651,0.06771897601273058,0.05130656469088592,0.028501434034416826,0.0,0.0,1.3468625587227092,20.376248223015917,0.6012521683756983,0.22533569045443133,0.17341214116987044,2.6682509422416016,1.2994228024305277,10.747308347364156,,0.02455,1.876794138385567,0.0002,0.0,0.22911837016526357
Tatuidris_tatusia_CASENT0745546_processed.obj,49992,99525,1150,0.031222955173301092,0.022876776302621922,0.011234905597438121,0.0,0.0,17.52974936328851,24.928177365928068,0.43097799807551596,0.35218210494217606,0.21683989698230796,1.2237362206301685,1.6241573153436368,7.452545166078568,,0.01845,1.7781069653121702,5e-05,0.0,0.2151228143375052
Technomyrmex_andrei_CASENT0745548_processed.obj,47649,107260,9335,0.24496835663606376,0.11547528032619776,0.1194954128440367,0.0,0.0,5.9424280351671825,0.328334961290723,0.8067226711370966,0.11860468322385818,0.07467264563904516,6.801777545448716,1.5883283926643366,6.68873700398461,,0.06755,2.126493151211286,0.00035,0.0,0.2594820701354202
Technomyrmex_sp._CASENT0744677_processed.obj,48416,109103,8106,0.22792018997577812,0.09500707372954566,0.10284451566862395,0.0,0.0,0.07192295586312329,0.12048853062991648,0.7639381741316357,0.1404786104502831,0.09558321541808124,5.438110269477656,1.4696995684423177,6.279608704487666,,0.06355,2.0547171620766167,0.0004,0.0,0.2516266945171382
Temnothorax_OK01_OKENT0105230_processed.obj,24208,51299,2189,0.11300300343120295,0.06314936550047702,0.053491381000300584,0.0,0.0,0.2891442256968107,3.1734757895454697,0.7646583077229421,0.1355874237218698,0.09975426855518815,5.639596112479311,1.359214254043247,3.2092701049871994,,0.14005,2.63344483174208,0.0004,0.0,0.24743239136807768
Temnothorax_affinis_CASENT0745855_processed.obj,48451,101378,9672,0.44246994900605785,0.13280157009395369,0.12023020972158681,0.0,0.0,0.1652557663743539,0.49183678091978067,0.8081057519018766,0.14750528184904207,0.04438896624908141,5.478486883804592,3.3230168285816877,2.601826246513769,,0.05215,2.030604991953104,0.0003,0.0,0.22576000203667915
Temnothorax_arimensis_OKENT0105446_processed.obj,35887,75961,2266,0.07365834819081896,0.0477127528149377,0.04158871907098231,0.0,0.0,0.04391935602635635,7.942178842304445,0.8256875513097067,0.10185410291112115,0.07245834577917211,8.106571337928424,1.4056918056277066,7.781631837389895,,0.00865,1.6802212736564512,0.00045,0.0,0.24925808582255607
Temnothorax_arimensis_OKENT0105447_processed.obj,33354,68081,1878,0.08218421932589837,0.05508362998000683,0.03368605841907641,0.0,0.0,1.7161668841212645,2.388333379075947,0.8298567221226649,0.09295206574210087,0.07719121213523422,8.92779214208251,1.2041793770417104,5.984388010806364,,0.01625,1.7270269136873067,5e-05,0.0,0.24000547604175207
Temnothorax_congruus_CASENT0743574_processed.obj,39150,83868,3936,0.13220077544896092,0.07601517268915951,0.06020363345977241,0.0,0.0,7.023264122900676,5.247158161057016,0.8035042827582362,0.1199235799033429,0.07657213733842096,6.7001358982599735,1.5661516587074533,8.440261818149445,,0.0276,1.8278441180072063,0.0004,0.0,0.2550745641989361
Temnothorax_congruus_OKENT0105443_processed.obj,47496,97603,5371,0.2219274799081149,0.07994071888595215,0.05851619644723093,0.0,0.0,0.18516601207038744,0.1650119576329583,0.8640586377079166,0.06924342064792378,0.06669794164415963,12.478566622254599,1.038164281250905,4.178601550646593,,0.02905,1.841104645505371,0.0002,0.0,0.2431492189699934
Temnothorax_congruus_OKENT0105444_processed.obj,46482,97926,4271,0.15849857999811656,0.05575548231278943,0.05541832093634531,0.0,0.0,0.030851781557048524,0.2973797730953107,0.8572880496387799,0.0780153587868649,0.06469659157435513,10.988708671850878,1.2058650523683716,6.421726151451642,,0.04685,1.977667645162275,5e-05,0.0,0.24100607324342596
Temnothorax_crassispinus_CASENT0745822_processed.obj,48963,84853,6006,0.45361077412470263,0.19022330951564062,0.07373539985381207,0.0,0.0,0.37446677352143287,0.17184318276682503,0.8870587536503094,0.06447894699604337,0.04846229935364721,13.757339332863827,1.3304970638210292,2.619361085665034,,0.0587,2.039992810946215,5e-05,0.0,0.20658332762876908
Temnothorax_indra_OKENT0105227_processed.obj,40635,86407,3803,0.1712900002034884,0.06430435998632648,0.05592156375275801,0.0,0.0,0.17087566009739363,0.6651669521072289,0.6326128965643477,0.2624806783220583,0.10490642511359395,2.410131292742794,2.5020457806835092,9.008495917360527,,0.08025,2.2273891348883215,0.0007,0.0,0.26504333569540867
Temnothorax_indra_OKENT0105228_processed.obj,43974,91695,3892,0.14198850676333474,0.06590607162148353,0.053424137578650784,0.0,0.0,0.03051403466663491,0.12268778128399678,0.7571426368427802,0.13633421677930557,0.10652314637791425,5.553577485749038,1.2798553311186471,4.872327679722395,,0.1041,2.4891820687288737,0.0002,0.0,0.2485269906039052
Temnothorax_kubira_OKENT0105406_processed.obj,49927,102656,4851,0.18869519165446058,0.06742756804214223,0.05100640587910123,0.0,0.0,2.084213755704161,17.949205870359293,0.7416247877713454,0.1528416098108634,0.10553360241779132,4.852244023660065,1.4482743534688312,7.33674321590143,,0.0498,1.9964156341254267,5e-05,0.0,0.2516593117419261
Temnothorax_kubira_OKENT0105407_processed.obj,39994,83111,3585,0.15500574673633727,0.06292946685763023,0.04977390128900404,0.0,0.0,0.32702477880465913,0.06329802120732436,0.790338588823306,0.11833064106876251,0.09133077010793153,6.679069611091149,1.2956273217550172,5.459091600013605,,0.04835,1.9840874480300723,0.0022,0.0,0.30372884870388644
Temnothorax_nylanderi_CASENT0878031_processed.obj,49742,93340,1041,0.004112529860238023,0.051920644570693834,0.008308700726050467,0.0,0.0,0.46636333799585283,2.4225279600436247,0.5722430791765231,0.28987769111736666,0.13787922970611013,1.9740845767425108,2.1024028908142407,4.137514259640656,,0.04185,1.9160226063884869,0.0002,0.0,0.19299236761240413
Temnothorax_nylanderi_CASENT0878032_processed.obj,49740,91101,907,0.0038280149295121246,0.06946759242842249,0.0072410833965716554,0.0,0.0,3.218525513758034,16.843422027433967,0.4890528496623805,0.34874316690474516,0.16220398343287423,1.4023295538746976,2.1500283749139086,8.503741578714084,,0.0817,2.1647748610543496,0.0,0.0,0.18339299323219765
Temnothorax_ravouxi_CASENT0745829_processed.obj,49491,102649,7629,0.4502071669803841,0.12471532158844009,0.10586110311248396,0.0,0.0,0.19620426634061353,0.3746754638007576,0.7940522395256666,0.11370076649929808,0.09224699397503536,6.983701728436181,1.2325687981775182,4.710461502996078,,0.0577,2.036014651913564,0.0003,0.0,0.23304903170444422
Temnothorax_sp._OKENT0105336_processed.obj,40263,85165,3944,0.19226019940663885,0.067608452435354,0.05807503821244544,0.0,0.0,0.03881351768809664,0.34482088168259384,0.8324194430540347,0.09051265212291233,0.07706790482305294,9.196719171631878,1.1744532608058877,6.661446474539623,,0.0396,1.901223077576604,5e-05,0.0,0.2545404942384605
Terataner_alluaudi_CASENT0840849-D4_processed.obj,49376,93400,6119,0.13212025871718092,0.13566900373651286,0.07536000671732651,0.0,0.0,5.3373195485689,9.055563475245444,0.7666868004345312,0.1408252548535159,0.09248794471195289,5.444242236465512,1.522633628545927,5.743909779626788,,0.02515,1.8289910010794455,0.0,0.0,0.21747423722583525
Terataner_luteus_CASENT0744901_processed.obj,49972,97404,1130,0.01926496998691518,0.03610125416474795,0.011485223609719099,0.0,0.0,5.323698375574298,6.634554074398318,0.6686107356955432,0.19630258355585464,0.13508668074860214,3.4060210700451687,1.4531601669980774,3.5449571728435094,,0.0554,2.022265786748981,0.00015,0.0,0.21013310801266855
Terataner_luteus_CASENT0744902_processed.obj,49951,97666,1037,0.012800088870904225,0.03433647448238592,0.01089607187489445,0.0,0.0,0.24932870646684097,12.364614704884037,0.6764271580391232,0.23445778708900833,0.08911505487186844,2.8850701289879868,2.6309559863495213,3.7426705453796068,,0.0963,2.1461582223430424,0.0,0.0,0.2004200899262093
Tetramorium_aculeatum_CASENT0744907_processed.obj,36114,74286,4042,0.38170295838912427,0.06383267812822696,0.06447580572111813,0.0,0.0,72.24774219881341,33.58285911563146,0.49977291102048793,0.35339329980796924,0.14683378917154283,1.4142116200054162,2.4067573397231294,1.3409966597843492,,0.06045,2.06581026816089,0.0003,0.0,0.22469615771774798
Tetramorium_amentete_CASENT0744908_processed.obj,49992,100698,2386,0.05626077438628263,0.05328741554720156,0.028122453271642263,0.0,0.0,13.989485813529702,3.469401062730141,0.4970675816414848,0.31263370437712196,0.19029871398139328,1.5899360007642842,1.6428576832510289,10.792428046017225,,0.0474,1.9820787081393658,0.0,0.0,0.23676102819607067
Tetramorium_bicarinatum_CASENT0744240_processed.obj,49804,102687,3702,0.11419712387716774,0.05440382448530322,0.04421084168636876,0.0,0.0,3.0069521253584526,6.9360381894631535,0.5632863433683106,0.2488158452940003,0.18789781133768918,2.2638684554142143,1.3242083211221096,5.659796404216537,,0.09935,2.521297957778591,0.0,0.0,0.24149339384467078
Tetramorium_bicarinatum_OKENT0105233_processed.obj,49883,99912,7045,0.1561506680653908,0.10297275912738782,0.07315208212820563,0.0,0.0,30.320467286539877,63.63260146065259,0.49096600858276424,0.329202619970344,0.1798313714468918,1.4913794083017704,1.8306184139154211,4.132430848080822,,0.0523,2.0136169406275064,0.0029,0.0,0.28265659764119766
Tetramorium_bicarinatum_OKENT0105234_processed.obj,49815,100651,2862,0.05284833394367894,0.050803569659217764,0.03298830150541328,0.0,0.0,1.2720176743178484,28.792934308041787,0.5393838079513246,0.32218563761552776,0.1384305544331476,1.6741398280297797,2.3274170860243224,8.589374623596761,,0.03655,1.9022060385438775,0.00015,0.0,0.23264852347280815
Tetramorium_bicarinatum_OKENT0105236_processed.obj,49752,101784,4188,0.10945777984147687,0.06285261738640975,0.0457306297697433,0.0,0.0,0.5670640405382444,0.6950410328057286,0.4785001198875527,0.2986384852682561,0.22286139484419115,1.602272123292259,1.340018918382176,7.381274734172323,,0.05115,2.0106637901747324,0.0,0.0,0.22873041555296172
Tetramorium_brevispinosum_CASENT0745592_processed.obj,49979,100584,1993,0.07758118327699814,0.04309838908560991,0.024054914838479952,0.0,0.0,0.593925588522315,18.42584686049668,0.6404275017456601,0.20377706234494494,0.15579543590939504,3.1427850336833902,1.307978383034624,7.238649582389316,,0.0539,2.032146793392243,0.00015,0.0,0.22539788797258536
Tetramorium_caespitum_CASENT0745052_processed.obj,49919,101057,3174,0.09515698937025385,0.053406536912663206,0.038214377516922284,0.0,0.0,3.6508852880892237,8.482222969782818,0.7044740500458301,0.17280775369084678,0.12271819626332313,4.076634497003733,1.4081673211692565,2.3016807084730067,,0.06855,2.153223828802165,0.00015,0.0,0.23056119136928988
Tetramorium_immigrans_CASENT0741336_processed.obj,49379,106641,8391,0.23062103883732343,0.09413158778538885,0.08819410560734042,0.0,0.0,0.30594337292038476,2.0578128219307734,0.9081002298797148,0.04715692434801597,0.044742845772269293,19.25698595561441,1.0539545157237824,2.9515461008251433,,0.0,1.3843181151363348,0.00035,0.0,0.24927588591395897
Tetramorium_kestrum_CASENT0745589_processed.obj,32683,66185,1030,0.050080435102380805,0.02702267489256348,0.018166081259246587,0.0,0.0,0.10671482586919966,2.3738860583096577,0.6185110759127637,0.20888354648023874,0.17260537760699762,2.9610330077925857,1.2101798297144732,6.434530563506387,,0.0745,2.2335789815429092,0.0,0.0,0.22644158234569445
Tetramorium_kraepelini_CASENT0744084_processed.obj,29027,60796,1613,0.07355674530357414,0.04521358497206458,0.03563415599841626,0.0,0.0,1.0370142367587536,4.7079459498351,0.836479303734298,0.08868673773719761,0.07483395852850437,9.431842066544478,1.1851135431171491,6.618406276861195,,0.0397,1.8747411077729152,0.0001,0.0,0.24643746200354819
Tetramorium_kraepelini_OKENT0105238_processed.obj,36190,75103,2191,0.09447597573330402,0.04815410736668059,0.03606446623345452,0.0,0.0,6.139702455537777,4.213005297258075,0.7665332315977177,0.1454003247828043,0.08806644361947794,5.2718811511786345,1.651029822562809,7.296260966392027,,0.0251,1.8544218949562448,0.001,0.0,0.2651325809867318
Tetramorium_kraepelini_OKENT0105239_processed.obj,36586,77980,2816,0.4434587846109892,0.055821316722304434,0.049196407061981626,0.0,0.0,0.21178057241587597,0.09578491991384551,0.7332277435394087,0.20427934975726508,0.06249290670332619,3.5893385425921243,3.2688405858131144,6.054217865675903,,0.09685,2.565415277661164,0.00195,0.0,0.29079255100849555
Tetramorium_lanuginosum_OKENT0105242_processed.obj,37710,77146,1864,0.07763959719840374,0.044933160845191895,0.029633462699439412,0.0,0.0,0.4050630522367619,0.17833776266617468,0.6254788145507606,0.19044602241173497,0.18407516303750449,3.2842839489632714,1.0346100976856527,6.983843071353354,,0.06445,2.2033291903238075,0.0,0.0,0.2324407292913297
Tetramorium_metactum_CASENT0745591_processed.obj,45121,90309,1899,0.0654811001542347,0.04437324083396412,0.025912561639708096,0.0,0.0,0.3309690329415063,0.06152448372824566,0.7930732373026673,0.12159161377901921,0.08533514891831359,6.522433683165024,1.424871407858113,3.832038755668084,,0.0143,1.7921670191044872,0.0002,0.0,0.22911389749889802
Tetramorium_nipponense_OKENT0105246_processed.obj,45282,94185,3363,0.1138902242983798,0.05179452892726574,0.04375720158754997,0.0,0.0,0.8106517626318321,5.241388547278718,0.4155259711880851,0.36279038287075843,0.2216836459411565,1.1453610426495604,1.6365229890122666,7.3224812132648935,,0.0492,1.9934141653100907,0.0,0.0,0.24225872542433458
Tetramorium_nipponense_OKENT0105247_processed.obj,40911,84945,2569,0.09929836974900763,0.05240874421673592,0.038324679711249185,0.0,0.0,0.0539039153402679,17.002439925900163,0.5607335481488798,0.24977503511390736,0.18949141673721276,2.2449543361816082,1.3181337678228249,10.651388750098391,,0.06845,2.0796584155249973,0.0001,0.0,0.2505532638254335
Tetramorium_pacificum_CASENT0745543_processed.obj,41412,82685,1402,0.04630624774182357,0.03425940064130898,0.02036437279499811,0.0,0.0,1.7013919269638098,1.5335351072506185,0.8547975180762131,0.09710733348899266,0.048095148434794295,8.802605193284464,2.0190671335726793,3.6719404790494816,,0.05365,2.15674876973475,0.0,0.0,0.20778955605769583
Tetramorium_peringueyi_CASENT0744909_processed.obj,49968,96835,1560,0.043915725877504586,0.04674407550757113,0.015318802200040742,0.0,0.0,8.233238696924893,0.18603775563389813,0.5480244938457135,0.24521797671466575,0.20675752943962064,2.234846324025386,1.1860171543899043,8.64402722021699,,0.03095,1.860230899308008,5e-05,0.0,0.21042439777760827
Tetramorium_polymorphum_CASENT0877577_processed.obj,49846,93317,578,0.002441403051028135,0.05046732886130908,0.004153258737548949,0.0,0.0,5.816937993425935,2.8283078918496494,0.5551979456964083,0.2462841504511406,0.1985179038524511,2.2542983163122874,1.240614300633518,6.531468442502018,,0.0,1.659410640994041,0.0,0.0,0.18572162299798667
Tetramorium_polymorphum_CASENT0877578_processed.obj,49721,93903,1067,0.0022309866662874045,0.0507645642887952,0.010164043912009016,0.0,0.0,0.5157785444678266,0.3144093314332369,0.6745481729454028,0.18877488335920412,0.13667694369539313,3.573294078862498,1.3811757729959175,4.432394080035874,,0.02445,1.8143102948346603,0.0,0.0,0.17994000874213373
Tetramorium_polymorphum_CASENT0877579_processed.obj,49645,88375,968,0.3564400011629889,0.0863940897403397,0.00619997827110419,0.0,0.0,0.3559413370407075,0.3134226268040282,0.4778784760558527,0.28560594972499526,0.23651557421915204,1.673209106869073,1.2075566299086788,10.019963741775427,,0.001,1.7507222285578454,5e-05,0.0,0.19039724449507062
Tetramorium_polymorphum_CASENT0877580_processed.obj,49094,84019,3690,0.008130601749462119,0.14927556892787203,0.03871635766111182,0.0,0.0,32.518102789389005,47.96898600657714,0.488815526741535,0.29322988212764334,0.2179545911308218,1.6670044785161187,1.3453714400154086,10.36611909353528,,0.0,1.630669597197703,0.0009,0.0,0.2057657071689491
Tetramorium_polymorphum_CASENT0877581_processed.obj,49097,90767,4531,0.09248624459930077,0.11505549013310495,0.05575420190557756,0.0,0.0,0.40345547189729364,0.03086067915794123,0.5507861238131314,0.2538694780145014,0.1953443981723672,2.1695641717972483,1.2995994786115803,6.947236288263214,,0.0027,1.5867261538677335,0.00065,0.0,0.20277898080164236
Tetramorium_pullulum_CASENT0745590_processed.obj,37913,76705,1411,0.04367036984744255,0.033864472679302926,0.022434562243976948,0.0,0.0,0.10824877988849035,2.66674689690614,0.7557360376681942,0.1473202986802378,0.09694366365156809,5.129883963299159,1.5196485580504968,3.4917074857092008,,0.0414,1.8170861256299908,0.0,0.0,0.21750924167054564
Tetramorium_semilaeve_CASENT0745232_processed.obj,49106,105222,5196,0.1857800479627042,0.07288125864938809,0.061535812452567874,0.0,0.0,0.0026369781871203044,0.023747001707551906,0.7340929181092232,0.1711377274077703,0.09476935448300652,4.289486188864119,1.8058340519609395,8.146821151924454,,0.04385,1.9110111814414832,0.0,0.0,0.25808930845343825
Tetramorium_semilaeve_CASENT0745233_processed.obj,43478,97201,4964,0.20461508568536724,0.06905054630575062,0.06736265949835726,0.0,0.0,2.4123386909044116,0.25650748105458754,0.7929842486216804,0.13218049562500275,0.07483525575331694,5.999253103660496,1.7662864153323092,7.593834715165771,,0.0793,2.25859427249609,0.00085,0.0,0.2692259681974714
Tetramorium_sericeiventre_CASENT0744911_processed.obj,47780,95573,1068,0.025592078700257814,0.024833227832692213,0.014607781078054244,0.0,0.0,18.80027262897972,0.9417789646477566,0.5566904276043042,0.2891678034120442,0.1541417689836515,1.925146648539771,1.87598601805792,2.1556385602577777,,0.142,2.682193197190203,0.0,0.0,0.21637456819706694
Tetramorium_simillimum_CASENT0744205_processed.obj,30118,64879,2500,0.10692857483072526,0.05923918103849616,0.05244209023474276,0.0,0.0,0.5204012204584901,1.8204673493354688,0.7988824289345655,0.13920722846754696,0.061910342597887434,5.738799900903185,2.2485294480069173,6.750712440492434,,0.0876,2.4583354622422418,5e-05,0.0,0.25151928006901847
Tetramorium_simillimum_OKENT0105249_processed.obj,29451,64303,2324,0.08898238794116375,0.04758058594610471,0.050716960548813105,0.0,0.0,0.33318468309412036,7.0186293985903445,0.6221481272364593,0.20254595223087107,0.17530592053266955,3.0716394002646203,1.1553856915695278,10.130009035530954,,0.06445,2.0909510280338295,0.00065,0.0,0.2547065992932354
Tetramorium_smithi_OKENT0105252_processed.obj,49649,102656,4814,0.1377511020119151,0.07264345062902092,0.056976532180345374,0.0,0.0,0.5557320111071018,0.6324752077553077,0.5924083511267729,0.24466305764695642,0.16292859122627062,2.4213232550277595,1.5016582160658056,8.770023375674846,,0.06075,2.1232439004212917,0.0,0.0,0.24225503460830736
Tetramorium_sp._OKENT0105210_processed.obj,41989,86749,2449,0.11961530315564728,0.044317165674817305,0.03615368012087201,0.0,0.0,41.749604592024085,53.972220449798186,0.3802358921642758,0.3315391257631076,0.2882249820726166,1.146880903691479,1.1502789361942896,6.504533403328529,,0.03145,1.8974987335777178,0.00075,0.0,0.29145330006259224
Tetramorium_sp._simillimum_group_CASENT0744905_processed.obj,44051,90267,2413,0.096859370020427,0.04822183371323611,0.03301096923156365,0.0,0.0,2.077801904322216e-05,0.4661536143312144,0.7599217247298438,0.12989057360008685,0.11018770167006939,5.850476317623526,1.1788118967125114,5.8559373912986405,,0.0741,2.1584497718088613,0.0,0.0,0.23742114086608035
Tetramorium_tsushimae_OKENT0105377_processed.obj,49817,102580,3175,0.10392319250585058,0.050624255094664034,0.03968920758354337,0.0,0.0,0.11900668792113726,0.11287994969233327,0.8742504632288296,0.07623758460093746,0.0495119521702329,11.467447031605973,1.5397814317402796,4.813554238075995,,0.06025,2.102454761393374,0.0003,0.0,0.2589033259052254
Tetramorium_tsushimae_OKENT0105378_processed.obj,49426,104085,4595,0.14231247672258018,0.06324821588586826,0.055634706257776285,0.0,0.0,0.10820541237030774,8.89932999550436,0.8035158807376681,0.12983489867030698,0.06664922059202483,6.188751167573644,1.9480332630602868,4.3904972938929285,,0.0417,1.9461186281872296,0.0011,0.0,0.2636995971373715
Tetramorium_venator_CASENT0744916_processed.obj,45334,93404,2673,0.05914570920572315,0.050157634203055676,0.034893507753320306,0.0,0.0,0.010945143621895581,0.6114943624394716,0.7453240225604751,0.17565478845745283,0.07902118898207205,4.243118158666126,2.222882124657787,10.47697128602725,,0.0407,1.956782303582674,0.00025,0.0,0.24216078768205568
Tetramorium_weitzeckeri_CASENT0744903_processed.obj,49357,98079,1072,0.024772985327035868,0.02495076841870191,0.01267501742561125,0.0,0.0,0.024665315818246943,10.606880517454293,0.6352210410693374,0.265915212888079,0.09886374604258351,2.388810456424302,2.6897141119206784,2.454504051764072,,0.1189,2.943248495416106,0.0001,0.0,0.21199741787128418
Tetraponera_hespera_CASENT0840869-D4_processed.obj,49572,97567,6591,0.15214533981603928,0.10675370903755231,0.07516575186131189,0.0,0.0,4.330956587680412,20.443649200407208,0.756592427130965,0.18513424504572631,0.05827332782330874,4.086723269074795,3.1769979845165888,2.114287169510561,,0.01595,1.820234865121659,0.00035,0.0,0.23152187003099592
Tetraponera_merita_CASENT0840853-D4_processed.obj,48931,99973,8699,0.3982801801700864,0.11869845412837865,0.10684542629192621,0.0,0.0,2.9902542883809544,8.08583774369404,0.7256593368285914,0.17753668506909231,0.09680397810231625,4.087376851416287,1.8339812944613312,2.886291046911794,,0.05185,2.017768827564296,0.00015,0.0,0.22115021997564668
Trachymyrmex_carinatus_CASENT0709287_processed.obj,49271,111051,9143,0.12664008129368565,0.10589551691246607,0.10655587350502604,0.0,0.0,15.667432695521528,9.35465986640144,0.58051845169253,0.23962969777457485,0.1798518505328952,2.422564719998258,1.3323727115654347,7.287237379752807,,0.01465,1.7229534742827355,0.0001,0.0,0.22570740485841792
Trichomyrmex_destructor_OKENT0105257_processed.obj,39309,89371,5580,0.3899033558927346,0.06981192464793026,0.08146375662988478,0.0,0.0,0.9524605451202344,0.18867639160931063,0.7931330517973463,0.13290380225978274,0.073963145942871,5.9677228063576,1.7968922301173804,3.7252307831473295,,0.1053,2.450483758374228,0.0001,0.0,0.2487838040232838
Trichomyrmex_emeryi_CASENT0744918_processed.obj,36824,79510,2935,0.09596991468981542,0.05308594908289914,0.05318761384335155,0.0,0.0,1.7582438009769255,6.540709227072789,0.598369948168041,0.2398525745238091,0.16177747730814995,2.4947405686848008,1.4826079533119652,3.8237257767821107,,0.1966,3.2739403191368197,5e-05,0.0,0.25123806470865295
Typhlomyrmex_reichenspergeri_CASENT0744414_processed.obj,49997,99952,1953,0.06507740461254763,0.043510221921999485,0.021973655454671885,0.0,0.0,4.992867543430667,58.47337706966853,0.4812024315139684,0.3698955009233269,0.1489020675627046,1.3009145294084383,2.484152886376538,15.317181313319177,,0.05335,2.0151393798315476,0.0,0.0,0.22918792298223026
Typhlomyrmex_reichenspergeri_CASENT0744415_processed.obj,45912,91649,855,0.01971097890602358,0.024298415824379506,0.011258652147470242,0.0,0.0,0.5850263428642076,0.8206548881110297,0.6939268083472588,0.2103984702216767,0.0956747214310644,3.298155198638729,2.1991019892675947,5.6016900729611,,0.02285,1.818085335876398,0.0,0.0,0.21453115841677525
Typhlomyrmex_rogenhoferi_CASENT0744314_processed.obj,49896,105540,4597,0.3363623464665382,0.06993818354731336,0.05578697099381835,0.0,0.0,0.05094366312509313,0.09140825360153992,0.8822241703193893,0.07635180354835877,0.04142402613225197,11.554726009328869,1.8431767907975678,5.296635037657959,,0.0353,1.9180006213735428,0.00025,0.0,0.24132719189410015
Typhlomyrmex_rogenhoferi_CASENT0745144_processed.obj,40622,85745,3165,0.10114051836727866,0.062415651889007634,0.048951158055683404,0.0,0.0,17.279963364837982,0.36281730295197423,0.7268181909918059,0.1588074005799836,0.11437440842821045,4.57672745940919,1.3884871866214938,7.727824911736965,,0.0687,2.0771793571878048,0.00205,0.0,0.2998433623571398
Typhlomyrmex_rogenhoferi_CASENT0745145_processed.obj,49934,104796,3635,0.1510565018397948,0.05746839972904924,0.046860422018583134,0.0,0.0,1.055429734972483,11.360581189292578,0.6301623933999294,0.2395883322672325,0.13024927433283812,2.630188154142071,1.83946001614558,8.85540753401302,,0.07485,2.285163783962546,0.001,0.0,0.29209673557556765
Typhlomyrmex_rogenhoferi_CASENT0745146_processed.obj,49398,100733,2908,0.0740518615950293,0.05234157957401773,0.03679058076465141,0.0,0.0,0.26538352165642937,0.5115435429639618,0.737170589558515,0.18788907596890464,0.07494033447258036,3.9234350680425703,2.507182244264611,4.902791427742362,,0.0965,2.4479078652784243,0.0001,0.0,0.2366870769749618
Veromessor_pergandei_CASENT0709286_processed.obj,49656,102883,2894,0.10584222860256565,0.040968015113021956,0.03714415998957723,0.0,0.0,1.96447173665448,2.9898998387269557,0.7655258853400381,0.15656676460248092,0.07790735005748106,4.889453309479116,2.0096533188070693,4.332707406170973,,0.0361,1.6213570929866141,0.0,0.0,0.2157680528721982
Vitsika_brevis_CASENT0840868-D4_processed.obj,49905,99716,3763,0.10086889289538692,0.0605595246043934,0.0435935100487414,0.0,0.0,15.285451682089295,19.061426257375366,0.5646250245197545,0.2890741668890355,0.14630080859121006,1.9532185480153696,1.9758890581169586,4.120303184809842,,0.02535,1.7638153382197848,0.0002,0.0,0.2222511084061265
Wasmannia_sulcaticeps_CASENT0744311_processed.obj,20112,42892,1189,0.16031502640311213,0.041042375939377776,0.042297494469633976,0.0,0.0,0.8967598583338238,0.5081763835804785,0.5320302328711128,0.32124156849803176,0.14672819863085543,1.6561687061815369,2.1893649039215966,3.9521817326344193,,0.08615,2.3831061685944066,0.00305,0.0,0.2914827924012332
Xerolitor_explicatus_CASENT0745113_processed.obj,49799,101330,2135,0.33088823495196895,0.04276906932511314,0.026287138453466256,0.0,0.0,0.9852370499489351,9.83449309579912,0.6572981476205314,0.18466063964158466,0.15804121273788385,3.559492422945724,1.1684334512659678,10.611396800194813,,0.06025,2.0485153848333466,0.0,0.0,0.22579156609793802
Xerolitor_explicatus_CASENT0745114_processed.obj,43795,88343,1545,0.07829259296823199,0.036894794594675845,0.020773520525500924,0.0,0.0,0.231193835689439,7.352947046621747,0.6365361547768129,0.202964446039027,0.16049939918415998,3.1361953642581155,1.2645807216146763,6.243776299940146,,0.0599,2.0362299061634164,0.0,0.0,0.22154358127299673
Zasphinctus_sarowiwai_CASENT0254678_processed.obj,44593,88265,364,0.015079108822922738,0.013056263772628475,0.003752923745703692,0.0,0.0,0.3483867905170707,0.03841456868578534,0.884307632221928,0.06293824389430086,0.05275412388377106,14.050402068844555,1.193048794307866,2.1614510713130404,,0.03615,1.8485037571403742,0.0,0.0,0.18412281662851707
