=== task 1: corpus=synth_clean_drop60 label=drop60 hier_dir=diagnostics/appendage_evidence/runs/hier_SYN_clean_drop60_w5 ===
Wed Aug 19 07:40:43 2026       
+-----------------------------------------------------------------------------------------+
| NVIDIA-SMI 580.178.04             Driver Version: 580.178.04     CUDA Version: 13.0     |
+-----------------------------------------+------------------------+----------------------+
| GPU  Name                 Persistence-M | Bus-Id          Disp.A | Volatile Uncorr. ECC |
| Fan  Temp   Perf          Pwr:Usage/Cap |           Memory-Usage | GPU-Util  Compute M. |
|                                         |                        |               MIG M. |
|=========================================+========================+======================|
|   0  NVIDIA H100                    On  |   00000000:2C:00.0 Off |                    0 |
| N/A   42C    P0             72W /  600W |       0MiB /  95830MiB |      0%      Default |
|                                         |                        |             Disabled |
+-----------------------------------------+------------------------+----------------------+

+-----------------------------------------------------------------------------------------+
| Processes:                                                                              |
|  GPU   GI   CI              PID   Type   Process name                        GPU Memory |
|        ID   ID                                                               Usage      |
|=========================================================================================|
|  No running processes found                                                             |
+-----------------------------------------------------------------------------------------+
[moonshot] 12 meshes from /rwthfs/rz/cluster/home/nao48500/SMILify/diagnostics/moonshot/synth_clean_drop60
12 target meshes loaded.
[moonshot] initialised pose/shape from diagnostics/appendage_evidence/runs/hier_SYN_clean_drop60_w5/H2_joint.npz
/rwthfs/rz/cluster/home/nao48500/SMILify/fitter_3d/optimise_moonshot.py:112: DeprecationWarning: numpy.core.numeric is deprecated and has been renamed to numpy._core.numeric. The numpy._core namespace contains private NumPy internals and its use is discouraged, as NumPy internals can change without warning in any release. In practice, most real-world usage of numpy.core is to access functionality in the public NumPy API. If that is the case, use the public NumPy API. If not, you are using NumPy internals. If you would still like to access an internal attribute, use numpy._core.numeric._frombuffer.
  _dd = _pickle.load(_f, encoding="latin1")
[moonshot] running 2 stages
/opt/conda/conda-bld/pytorch_1716905971132/work/aten/src/ATen/native/cuda/IndexKernel.cu:92: operator(): block: [27,0,0], thread: [96,0,0] Assertion `-sizes[i] <= index && index < sizes[i] && "index out of bounds"` failed.
/opt/conda/conda-bld/pytorch_1716905971132/work/aten/src/ATen/native/cuda/IndexKernel.cu:92: operator(): block: [27,0,0], thread: [97,0,0] Assertion `-sizes[i] <= index && index < sizes[i] && "index out of bounds"` failed.
/opt/conda/conda-bld/pytorch_1716905971132/work/aten/src/ATen/native/cuda/IndexKernel.cu:92: operator(): block: [27,0,0], thread: [98,0,0] Assertion `-sizes[i] <= index && index < sizes[i] && "index out of bounds"` failed.
/opt/conda/conda-bld/pytorch_1716905971132/work/aten/src/ATen/native/cuda/IndexKernel.cu:92: operator(): block: [27,0,0], thread: [99,0,0] Assertion `-sizes[i] <= index && index < sizes[i] && "index out of bounds"` failed.
/opt/conda/conda-bld/pytorch_1716905971132/work/aten/src/ATen/native/cuda/IndexKernel.cu:92: operator(): block: [27,0,0], thread: [100,0,0] Assertion `-sizes[i] <= index && index < sizes[i] && "index out of bounds"` failed.
/opt/conda/conda-bld/pytorch_1716905971132/work/aten/src/ATen/native/cuda/IndexKernel.cu:92: operator(): block: [27,0,0], thread: [101,0,0] Assertion `-sizes[i] <= index && index < sizes[i] && "index out of bounds"` failed.
/opt/conda/conda-bld/pytorch_1716905971132/work/aten/src/ATen/native/cuda/IndexKernel.cu:92: operator(): block: [27,0,0], thread: [102,0,0] Assertion `-sizes[i] <= index && index < sizes[i] && "index out of bounds"` failed.
/opt/conda/conda-bld/pytorch_1716905971132/work/aten/src/ATen/native/cuda/IndexKernel.cu:92: operator(): block: [27,0,0], thread: [103,0,0] Assertion `-sizes[i] <= index && index < sizes[i] && "index out of bounds"` failed.
/opt/conda/conda-bld/pytorch_1716905971132/work/aten/src/ATen/native/cuda/IndexKernel.cu:92: operator(): block: [27,0,0], thread: [104,0,0] Assertion `-sizes[i] <= index && index < sizes[i] && "index out of bounds"` failed.
/opt/conda/conda-bld/pytorch_1716905971132/work/aten/src/ATen/native/cuda/IndexKernel.cu:92: operator(): block: [27,0,0], thread: [105,0,0] Assertion `-sizes[i] <= index && index < sizes[i] && "index out of bounds"` failed.
/opt/conda/conda-bld/pytorch_1716905971132/work/aten/src/ATen/native/cuda/IndexKernel.cu:92: operator(): block: [27,0,0], thread: [106,0,0] Assertion `-sizes[i] <= index && index < sizes[i] && "index out of bounds"` failed.
/opt/conda/conda-bld/pytorch_1716905971132/work/aten/src/ATen/native/cuda/IndexKernel.cu:92: operator(): block: [27,0,0], thread: [107,0,0] Assertion `-sizes[i] <= index && index < sizes[i] && "index out of bounds"` failed.
/opt/conda/conda-bld/pytorch_1716905971132/work/aten/src/ATen/native/cuda/IndexKernel.cu:92: operator(): block: [27,0,0], thread: [108,0,0] Assertion `-sizes[i] <= index && index < sizes[i] && "index out of bounds"` failed.
/opt/conda/conda-bld/pytorch_1716905971132/work/aten/src/ATen/native/cuda/IndexKernel.cu:92: operator(): block: [27,0,0], thread: [109,0,0] Assertion `-sizes[i] <= index && index < sizes[i] && "index out of bounds"` failed.
/opt/conda/conda-bld/pytorch_1716905971132/work/aten/src/ATen/native/cuda/IndexKernel.cu:92: operator(): block: [27,0,0], thread: [110,0,0] Assertion `-sizes[i] <= index && index < sizes[i] && "index out of bounds"` failed.
/opt/conda/conda-bld/pytorch_1716905971132/work/aten/src/ATen/native/cuda/IndexKernel.cu:92: operator(): block: [27,0,0], thread: [111,0,0] Assertion `-sizes[i] <= index && index < sizes[i] && "index out of bounds"` failed.
/opt/conda/conda-bld/pytorch_1716905971132/work/aten/src/ATen/native/cuda/IndexKernel.cu:92: operator(): block: [27,0,0], thread: [112,0,0] Assertion `-sizes[i] <= index && index < sizes[i] && "index out of bounds"` failed.
/opt/conda/conda-bld/pytorch_1716905971132/work/aten/src/ATen/native/cuda/IndexKernel.cu:92: operator(): block: [27,0,0], thread: [113,0,0] Assertion `-sizes[i] <= index && index < sizes[i] && "index out of bounds"` failed.
/opt/conda/conda-bld/pytorch_1716905971132/work/aten/src/ATen/native/cuda/IndexKernel.cu:92: operator(): block: [55,0,0], thread: [32,0,0] Assertion `-sizes[i] <= index && index < sizes[i] && "index out of bounds"` failed.
/opt/conda/conda-bld/pytorch_1716905971132/work/aten/src/ATen/native/cuda/IndexKernel.cu:92: operator(): block: [55,0,0], thread: [33,0,0] Assertion `-sizes[i] <= index && index < sizes[i] && "index out of bounds"` failed.
/opt/conda/conda-bld/pytorch_1716905971132/work/aten/src/ATen/native/cuda/IndexKernel.cu:92: operator(): block: [55,0,0], thread: [34,0,0] Assertion `-sizes[i] <= index && index < sizes[i] && "index out of bounds"` failed.
/opt/conda/conda-bld/pytorch_1716905971132/work/aten/src/ATen/native/cuda/IndexKernel.cu:92: operator(): block: [55,0,0], thread: [35,0,0] Assertion `-sizes[i] <= index && index < sizes[i] && "index out of bounds"` failed.
/opt/conda/conda-bld/pytorch_1716905971132/work/aten/src/ATen/native/cuda/IndexKernel.cu:92: operator(): block: [55,0,0], thread: [36,0,0] Assertion `-sizes[i] <= index && index < sizes[i] && "index out of bounds"` failed.
/opt/conda/conda-bld/pytorch_1716905971132/work/aten/src/ATen/native/cuda/IndexKernel.cu:92: operator(): block: [55,0,0], thread: [37,0,0] Assertion `-sizes[i] <= index && index < sizes[i] && "index out of bounds"` failed.
/opt/conda/conda-bld/pytorch_1716905971132/work/aten/src/ATen/native/cuda/IndexKernel.cu:92: operator(): block: [55,0,0], thread: [38,0,0] Assertion `-sizes[i] <= index && index < sizes[i] && "index out of bounds"` failed.
/opt/conda/conda-bld/pytorch_1716905971132/work/aten/src/ATen/native/cuda/IndexKernel.cu:92: operator(): block: [55,0,0], thread: [39,0,0] Assertion `-sizes[i] <= index && index < sizes[i] && "index out of bounds"` failed.
/opt/conda/conda-bld/pytorch_1716905971132/work/aten/src/ATen/native/cuda/IndexKernel.cu:92: operator(): block: [55,0,0], thread: [40,0,0] Assertion `-sizes[i] <= index && index < sizes[i] && "index out of bounds"` failed.
/opt/conda/conda-bld/pytorch_1716905971132/work/aten/src/ATen/native/cuda/IndexKernel.cu:92: operator(): block: [55,0,0], thread: [41,0,0] Assertion `-sizes[i] <= index && index < sizes[i] && "index out of bounds"` failed.
/opt/conda/conda-bld/pytorch_1716905971132/work/aten/src/ATen/native/cuda/IndexKernel.cu:92: operator(): block: [55,0,0], thread: [42,0,0] Assertion `-sizes[i] <= index && index < sizes[i] && "index out of bounds"` failed.
/opt/conda/conda-bld/pytorch_1716905971132/work/aten/src/ATen/native/cuda/IndexKernel.cu:92: operator(): block: [55,0,0], thread: [43,0,0] Assertion `-sizes[i] <= index && index < sizes[i] && "index out of bounds"` failed.
/opt/conda/conda-bld/pytorch_1716905971132/work/aten/src/ATen/native/cuda/IndexKernel.cu:92: operator(): block: [55,0,0], thread: [44,0,0] Assertion `-sizes[i] <= index && index < sizes[i] && "index out of bounds"` failed.
/opt/conda/conda-bld/pytorch_1716905971132/work/aten/src/ATen/native/cuda/IndexKernel.cu:92: operator(): block: [55,0,0], thread: [45,0,0] Assertion `-sizes[i] <= index && index < sizes[i] && "index out of bounds"` failed.
/opt/conda/conda-bld/pytorch_1716905971132/work/aten/src/ATen/native/cuda/IndexKernel.cu:92: operator(): block: [55,0,0], thread: [46,0,0] Assertion `-sizes[i] <= index && index < sizes[i] && "index out of bounds"` failed.
/opt/conda/conda-bld/pytorch_1716905971132/work/aten/src/ATen/native/cuda/IndexKernel.cu:92: operator(): block: [55,0,0], thread: [47,0,0] Assertion `-sizes[i] <= index && index < sizes[i] && "index out of bounds"` failed.
/opt/conda/conda-bld/pytorch_1716905971132/work/aten/src/ATen/native/cuda/IndexKernel.cu:92: operator(): block: [55,0,0], thread: [48,0,0] Assertion `-sizes[i] <= index && index < sizes[i] && "index out of bounds"` failed.
/opt/conda/conda-bld/pytorch_1716905971132/work/aten/src/ATen/native/cuda/IndexKernel.cu:92: operator(): block: [55,0,0], thread: [49,0,0] Assertion `-sizes[i] <= index && index < sizes[i] && "index out of bounds"` failed.
/opt/conda/conda-bld/pytorch_1716905971132/work/aten/src/ATen/native/cuda/IndexKernel.cu:92: operator(): block: [55,0,0], thread: [50,0,0] Assertion `-sizes[i] <= index && index < sizes[i] && "index out of bounds"` failed.
/opt/conda/conda-bld/pytorch_1716905971132/work/aten/src/ATen/native/cuda/IndexKernel.cu:92: operator(): block: [55,0,0], thread: [51,0,0] Assertion `-sizes[i] <= index && index < sizes[i] && "index out of bounds"` failed.
/opt/conda/conda-bld/pytorch_1716905971132/work/aten/src/ATen/native/cuda/IndexKernel.cu:92: operator(): block: [24,0,0], thread: [106,0,0] Assertion `-sizes[i] <= index && index < sizes[i] && "index out of bounds"` failed.
/opt/conda/conda-bld/pytorch_1716905971132/work/aten/src/ATen/native/cuda/IndexKernel.cu:92: operator(): block: [24,0,0], thread: [107,0,0] Assertion `-sizes[i] <= index && index < sizes[i] && "index out of bounds"` failed.
/opt/conda/conda-bld/pytorch_1716905971132/work/aten/src/ATen/native/cuda/IndexKernel.cu:92: operator(): block: [24,0,0], thread: [108,0,0] Assertion `-sizes[i] <= index && index < sizes[i] && "index out of bounds"` failed.
/opt/conda/conda-bld/pytorch_1716905971132/work/aten/src/ATen/native/cuda/IndexKernel.cu:92: operator(): block: [24,0,0], thread: [115,0,0] Assertion `-sizes[i] <= index && index < sizes[i] && "index out of bounds"` failed.
/opt/conda/conda-bld/pytorch_1716905971132/work/aten/src/ATen/native/cuda/IndexKernel.cu:92: operator(): block: [24,0,0], thread: [116,0,0] Assertion `-sizes[i] <= index && index < sizes[i] && "index out of bounds"` failed.
/opt/conda/conda-bld/pytorch_1716905971132/work/aten/src/ATen/native/cuda/IndexKernel.cu:92: operator(): block: [24,0,0], thread: [117,0,0] Assertion `-sizes[i] <= index && index < sizes[i] && "index out of bounds"` failed.
/opt/conda/conda-bld/pytorch_1716905971132/work/aten/src/ATen/native/cuda/IndexKernel.cu:92: operator(): block: [24,0,0], thread: [118,0,0] Assertion `-sizes[i] <= index && index < sizes[i] && "index out of bounds"` failed.
/opt/conda/conda-bld/pytorch_1716905971132/work/aten/src/ATen/native/cuda/IndexKernel.cu:92: operator(): block: [24,0,0], thread: [119,0,0] Assertion `-sizes[i] <= index && index < sizes[i] && "index out of bounds"` failed.
/opt/conda/conda-bld/pytorch_1716905971132/work/aten/src/ATen/native/cuda/IndexKernel.cu:92: operator(): block: [24,0,0], thread: [120,0,0] Assertion `-sizes[i] <= index && index < sizes[i] && "index out of bounds"` failed.
/opt/conda/conda-bld/pytorch_1716905971132/work/aten/src/ATen/native/cuda/IndexKernel.cu:92: operator(): block: [25,0,0], thread: [0,0,0] Assertion `-sizes[i] <= index && index < sizes[i] && "index out of bounds"` failed.
/opt/conda/conda-bld/pytorch_1716905971132/work/aten/src/ATen/native/cuda/IndexKernel.cu:92: operator(): block: [25,0,0], thread: [1,0,0] Assertion `-sizes[i] <= index && index < sizes[i] && "index out of bounds"` failed.
/opt/conda/conda-bld/pytorch_1716905971132/work/aten/src/ATen/native/cuda/IndexKernel.cu:92: operator(): block: [25,0,0], thread: [2,0,0] Assertion `-sizes[i] <= index && index < sizes[i] && "index out of bounds"` failed.
/opt/conda/conda-bld/pytorch_1716905971132/work/aten/src/ATen/native/cuda/IndexKernel.cu:92: operator(): block: [25,0,0], thread: [3,0,0] Assertion `-sizes[i] <= index && index < sizes[i] && "index out of bounds"` failed.
/opt/conda/conda-bld/pytorch_1716905971132/work/aten/src/ATen/native/cuda/IndexKernel.cu:92: operator(): block: [25,0,0], thread: [4,0,0] Assertion `-sizes[i] <= index && index < sizes[i] && "index out of bounds"` failed.
/opt/conda/conda-bld/pytorch_1716905971132/work/aten/src/ATen/native/cuda/IndexKernel.cu:92: operator(): block: [25,0,0], thread: [5,0,0] Assertion `-sizes[i] <= index && index < sizes[i] && "index out of bounds"` failed.
/opt/conda/conda-bld/pytorch_1716905971132/work/aten/src/ATen/native/cuda/IndexKernel.cu:92: operator(): block: [25,0,0], thread: [6,0,0] Assertion `-sizes[i] <= index && index < sizes[i] && "index out of bounds"` failed.
/opt/conda/conda-bld/pytorch_1716905971132/work/aten/src/ATen/native/cuda/IndexKernel.cu:92: operator(): block: [25,0,0], thread: [7,0,0] Assertion `-sizes[i] <= index && index < sizes[i] && "index out of bounds"` failed.
/opt/conda/conda-bld/pytorch_1716905971132/work/aten/src/ATen/native/cuda/IndexKernel.cu:92: operator(): block: [25,0,0], thread: [8,0,0] Assertion `-sizes[i] <= index && index < sizes[i] && "index out of bounds"` failed.
/opt/conda/conda-bld/pytorch_1716905971132/work/aten/src/ATen/native/cuda/IndexKernel.cu:92: operator(): block: [25,0,0], thread: [9,0,0] Assertion `-sizes[i] <= index && index < sizes[i] && "index out of bounds"` failed.
/opt/conda/conda-bld/pytorch_1716905971132/work/aten/src/ATen/native/cuda/IndexKernel.cu:92: operator(): block: [25,0,0], thread: [10,0,0] Assertion `-sizes[i] <= index && index < sizes[i] && "index out of bounds"` failed.
/opt/conda/conda-bld/pytorch_1716905971132/work/aten/src/ATen/native/cuda/IndexKernel.cu:92: operator(): block: [25,0,0], thread: [11,0,0] Assertion `-sizes[i] <= index && index < sizes[i] && "index out of bounds"` failed.
/opt/conda/conda-bld/pytorch_1716905971132/work/aten/src/ATen/native/cuda/IndexKernel.cu:92: operator(): block: [25,0,0], thread: [12,0,0] Assertion `-sizes[i] <= index && index < sizes[i] && "index out of bounds"` failed.
/opt/conda/conda-bld/pytorch_1716905971132/work/aten/src/ATen/native/cuda/IndexKernel.cu:92: operator(): block: [25,0,0], thread: [13,0,0] Assertion `-sizes[i] <= index && index < sizes[i] && "index out of bounds"` failed.
/opt/conda/conda-bld/pytorch_1716905971132/work/aten/src/ATen/native/cuda/IndexKernel.cu:92: operator(): block: [25,0,0], thread: [14,0,0] Assertion `-sizes[i] <= index && index < sizes[i] && "index out of bounds"` failed.
/opt/conda/conda-bld/pytorch_1716905971132/work/aten/src/ATen/native/cuda/IndexKernel.cu:92: operator(): block: [25,0,0], thread: [15,0,0] Assertion `-sizes[i] <= index && index < sizes[i] && "index out of bounds"` failed.
/opt/conda/conda-bld/pytorch_1716905971132/work/aten/src/ATen/native/cuda/IndexKernel.cu:92: operator(): block: [25,0,0], thread: [16,0,0] Assertion `-sizes[i] <= index && index < sizes[i] && "index out of bounds"` failed.
/opt/conda/conda-bld/pytorch_1716905971132/work/aten/src/ATen/native/cuda/IndexKernel.cu:92: operator(): block: [25,0,0], thread: [17,0,0] Assertion `-sizes[i] <= index && index < sizes[i] && "index out of bounds"` failed.
/opt/conda/conda-bld/pytorch_1716905971132/work/aten/src/ATen/native/cuda/IndexKernel.cu:92: operator(): block: [25,0,0], thread: [18,0,0] Assertion `-sizes[i] <= index && index < sizes[i] && "index out of bounds"` failed.
/opt/conda/conda-bld/pytorch_1716905971132/work/aten/src/ATen/native/cuda/IndexKernel.cu:92: operator(): block: [25,0,0], thread: [19,0,0] Assertion `-sizes[i] <= index && index < sizes[i] && "index out of bounds"` failed.
/opt/conda/conda-bld/pytorch_1716905971132/work/aten/src/ATen/native/cuda/IndexKernel.cu:92: operator(): block: [25,0,0], thread: [20,0,0] Assertion `-sizes[i] <= index && index < sizes[i] && "index out of bounds"` failed.
/opt/conda/conda-bld/pytorch_1716905971132/work/aten/src/ATen/native/cuda/IndexKernel.cu:92: operator(): block: [25,0,0], thread: [21,0,0] Assertion `-sizes[i] <= index && index < sizes[i] && "index out of bounds"` failed.
/opt/conda/conda-bld/pytorch_1716905971132/work/aten/src/ATen/native/cuda/IndexKernel.cu:92: operator(): block: [25,0,0], thread: [22,0,0] Assertion `-sizes[i] <= index && index < sizes[i] && "index out of bounds"` failed.
/opt/conda/conda-bld/pytorch_1716905971132/work/aten/src/ATen/native/cuda/IndexKernel.cu:92: operator(): block: [25,0,0], thread: [23,0,0] Assertion `-sizes[i] <= index && index < sizes[i] && "index out of bounds"` failed.
/opt/conda/conda-bld/pytorch_1716905971132/work/aten/src/ATen/native/cuda/IndexKernel.cu:92: operator(): block: [25,0,0], thread: [24,0,0] Assertion `-sizes[i] <= index && index < sizes[i] && "index out of bounds"` failed.
/opt/conda/conda-bld/pytorch_1716905971132/work/aten/src/ATen/native/cuda/IndexKernel.cu:92: operator(): block: [25,0,0], thread: [25,0,0] Assertion `-sizes[i] <= index && index < sizes[i] && "index out of bounds"` failed.
/opt/conda/conda-bld/pytorch_1716905971132/work/aten/src/ATen/native/cuda/IndexKernel.cu:92: operator(): block: [25,0,0], thread: [26,0,0] Assertion `-sizes[i] <= index && index < sizes[i] && "index out of bounds"` failed.
/opt/conda/conda-bld/pytorch_1716905971132/work/aten/src/ATen/native/cuda/IndexKernel.cu:92: operator(): block: [25,0,0], thread: [27,0,0] Assertion `-sizes[i] <= index && index < sizes[i] && "index out of bounds"` failed.
/opt/conda/conda-bld/pytorch_1716905971132/work/aten/src/ATen/native/cuda/IndexKernel.cu:92: operator(): block: [25,0,0], thread: [28,0,0] Assertion `-sizes[i] <= index && index < sizes[i] && "index out of bounds"` failed.
/opt/conda/conda-bld/pytorch_1716905971132/work/aten/src/ATen/native/cuda/IndexKernel.cu:92: operator(): block: [25,0,0], thread: [29,0,0] Assertion `-sizes[i] <= index && index < sizes[i] && "index out of bounds"` failed.
/opt/conda/conda-bld/pytorch_1716905971132/work/aten/src/ATen/native/cuda/IndexKernel.cu:92: operator(): block: [25,0,0], thread: [30,0,0] Assertion `-sizes[i] <= index && index < sizes[i] && "index out of bounds"` failed.
/opt/conda/conda-bld/pytorch_1716905971132/work/aten/src/ATen/native/cuda/IndexKernel.cu:92: operator(): block: [25,0,0], thread: [31,0,0] Assertion `-sizes[i] <= index && index < sizes[i] && "index out of bounds"` failed.
/opt/conda/conda-bld/pytorch_1716905971132/work/aten/src/ATen/native/cuda/IndexKernel.cu:92: operator(): block: [25,0,0], thread: [32,0,0] Assertion `-sizes[i] <= index && index < sizes[i] && "index out of bounds"` failed.
/opt/conda/conda-bld/pytorch_1716905971132/work/aten/src/ATen/native/cuda/IndexKernel.cu:92: operator(): block: [25,0,0], thread: [33,0,0] Assertion `-sizes[i] <= index && index < sizes[i] && "index out of bounds"` failed.
/opt/conda/conda-bld/pytorch_1716905971132/work/aten/src/ATen/native/cuda/IndexKernel.cu:92: operator(): block: [25,0,0], thread: [34,0,0] Assertion `-sizes[i] <= index && index < sizes[i] && "index out of bounds"` failed.
/opt/conda/conda-bld/pytorch_1716905971132/work/aten/src/ATen/native/cuda/IndexKernel.cu:92: operator(): block: [25,0,0], thread: [35,0,0] Assertion `-sizes[i] <= index && index < sizes[i] && "index out of bounds"` failed.
/opt/conda/conda-bld/pytorch_1716905971132/work/aten/src/ATen/native/cuda/IndexKernel.cu:92: operator(): block: [25,0,0], thread: [36,0,0] Assertion `-sizes[i] <= index && index < sizes[i] && "index out of bounds"` failed.
/opt/conda/conda-bld/pytorch_1716905971132/work/aten/src/ATen/native/cuda/IndexKernel.cu:92: operator(): block: [25,0,0], thread: [37,0,0] Assertion `-sizes[i] <= index && index < sizes[i] && "index out of bounds"` failed.
/opt/conda/conda-bld/pytorch_1716905971132/work/aten/src/ATen/native/cuda/IndexKernel.cu:92: operator(): block: [25,0,0], thread: [38,0,0] Assertion `-sizes[i] <= index && index < sizes[i] && "index out of bounds"` failed.
/opt/conda/conda-bld/pytorch_1716905971132/work/aten/src/ATen/native/cuda/IndexKernel.cu:92: operator(): block: [25,0,0], thread: [39,0,0] Assertion `-sizes[i] <= index && index < sizes[i] && "index out of bounds"` failed.
/opt/conda/conda-bld/pytorch_1716905971132/work/aten/src/ATen/native/cuda/IndexKernel.cu:92: operator(): block: [25,0,0], thread: [40,0,0] Assertion `-sizes[i] <= index && index < sizes[i] && "index out of bounds"` failed.
/opt/conda/conda-bld/pytorch_1716905971132/work/aten/src/ATen/native/cuda/IndexKernel.cu:92: operator(): block: [25,0,0], thread: [41,0,0] Assertion `-sizes[i] <= index && index < sizes[i] && "index out of bounds"` failed.
/opt/conda/conda-bld/pytorch_1716905971132/work/aten/src/ATen/native/cuda/IndexKernel.cu:92: operator(): block: [25,0,0], thread: [42,0,0] Assertion `-sizes[i] <= index && index < sizes[i] && "index out of bounds"` failed.
/opt/conda/conda-bld/pytorch_1716905971132/work/aten/src/ATen/native/cuda/IndexKernel.cu:92: operator(): block: [25,0,0], thread: [43,0,0] Assertion `-sizes[i] <= index && index < sizes[i] && "index out of bounds"` failed.
/opt/conda/conda-bld/pytorch_1716905971132/work/aten/src/ATen/native/cuda/IndexKernel.cu:92: operator(): block: [25,0,0], thread: [44,0,0] Assertion `-sizes[i] <= index && index < sizes[i] && "index out of bounds"` failed.
/opt/conda/conda-bld/pytorch_1716905971132/work/aten/src/ATen/native/cuda/IndexKernel.cu:92: operator(): block: [25,0,0], thread: [45,0,0] Assertion `-sizes[i] <= index && index < sizes[i] && "index out of bounds"` failed.
/opt/conda/conda-bld/pytorch_1716905971132/work/aten/src/ATen/native/cuda/IndexKernel.cu:92: operator(): block: [25,0,0], thread: [46,0,0] Assertion `-sizes[i] <= index && index < sizes[i] && "index out of bounds"` failed.
/opt/conda/conda-bld/pytorch_1716905971132/work/aten/src/ATen/native/cuda/IndexKernel.cu:92: operator(): block: [25,0,0], thread: [47,0,0] Assertion `-sizes[i] <= index && index < sizes[i] && "index out of bounds"` failed.
/opt/conda/conda-bld/pytorch_1716905971132/work/aten/src/ATen/native/cuda/IndexKernel.cu:92: operator(): block: [25,0,0], thread: [48,0,0] Assertion `-sizes[i] <= index && index < sizes[i] && "index out of bounds"` failed.
/opt/conda/conda-bld/pytorch_1716905971132/work/aten/src/ATen/native/cuda/IndexKernel.cu:92: operator(): block: [25,0,0], thread: [49,0,0] Assertion `-sizes[i] <= index && index < sizes[i] && "index out of bounds"` failed.
/opt/conda/conda-bld/pytorch_1716905971132/work/aten/src/ATen/native/cuda/IndexKernel.cu:92: operator(): block: [25,0,0], thread: [50,0,0] Assertion `-sizes[i] <= index && index < sizes[i] && "index out of bounds"` failed.
/opt/conda/conda-bld/pytorch_1716905971132/work/aten/src/ATen/native/cuda/IndexKernel.cu:92: operator(): block: [25,0,0], thread: [51,0,0] Assertion `-sizes[i] <= index && index < sizes[i] && "index out of bounds"` failed.
/opt/conda/conda-bld/pytorch_1716905971132/work/aten/src/ATen/native/cuda/IndexKernel.cu:92: operator(): block: [25,0,0], thread: [52,0,0] Assertion `-sizes[i] <= index && index < sizes[i] && "index out of bounds"` failed.
/opt/conda/conda-bld/pytorch_1716905971132/work/aten/src/ATen/native/cuda/IndexKernel.cu:92: operator(): block: [25,0,0], thread: [53,0,0] Assertion `-sizes[i] <= index && index < sizes[i] && "index out of bounds"` failed.
/opt/conda/conda-bld/pytorch_1716905971132/work/aten/src/ATen/native/cuda/IndexKernel.cu:92: operator(): block: [25,0,0], thread: [54,0,0] Assertion `-sizes[i] <= index && index < sizes[i] && "index out of bounds"` failed.
/opt/conda/conda-bld/pytorch_1716905971132/work/aten/src/ATen/native/cuda/IndexKernel.cu:92: operator(): block: [25,0,0], thread: [55,0,0] Assertion `-sizes[i] <= index && index < sizes[i] && "index out of bounds"` failed.
/opt/conda/conda-bld/pytorch_1716905971132/work/aten/src/ATen/native/cuda/IndexKernel.cu:92: operator(): block: [25,0,0], thread: [56,0,0] Assertion `-sizes[i] <= index && index < sizes[i] && "index out of bounds"` failed.
/opt/conda/conda-bld/pytorch_1716905971132/work/aten/src/ATen/native/cuda/IndexKernel.cu:92: operator(): block: [25,0,0], thread: [57,0,0] Assertion `-sizes[i] <= index && index < sizes[i] && "index out of bounds"` failed.
/opt/conda/conda-bld/pytorch_1716905971132/work/aten/src/ATen/native/cuda/IndexKernel.cu:92: operator(): block: [25,0,0], thread: [58,0,0] Assertion `-sizes[i] <= index && index < sizes[i] && "index out of bounds"` failed.
/opt/conda/conda-bld/pytorch_1716905971132/work/aten/src/ATen/native/cuda/IndexKernel.cu:92: operator(): block: [25,0,0], thread: [59,0,0] Assertion `-sizes[i] <= index && index < sizes[i] && "index out of bounds"` failed.
/opt/conda/conda-bld/pytorch_1716905971132/work/aten/src/ATen/native/cuda/IndexKernel.cu:92: operator(): block: [25,0,0], thread: [60,0,0] Assertion `-sizes[i] <= index && index < sizes[i] && "index out of bounds"` failed.
/opt/conda/conda-bld/pytorch_1716905971132/work/aten/src/ATen/native/cuda/IndexKernel.cu:92: operator(): block: [25,0,0], thread: [61,0,0] Assertion `-sizes[i] <= index && index < sizes[i] && "index out of bounds"` failed.
/opt/conda/conda-bld/pytorch_1716905971132/work/aten/src/ATen/native/cuda/IndexKernel.cu:92: operator(): block: [25,0,0], thread: [62,0,0] Assertion `-sizes[i] <= index && index < sizes[i] && "index out of bounds"` failed.
/opt/conda/conda-bld/pytorch_1716905971132/work/aten/src/ATen/native/cuda/IndexKernel.cu:92: operator(): block: [25,0,0], thread: [63,0,0] Assertion `-sizes[i] <= index && index < sizes[i] && "index out of bounds"` failed.
/opt/conda/conda-bld/pytorch_1716905971132/work/aten/src/ATen/native/cuda/IndexKernel.cu:92: operator(): block: [26,0,0], thread: [0,0,0] Assertion `-sizes[i] <= index && index < sizes[i] && "index out of bounds"` failed.
/opt/conda/conda-bld/pytorch_1716905971132/work/aten/src/ATen/native/cuda/IndexKernel.cu:92: operator(): block: [26,0,0], thread: [1,0,0] Assertion `-sizes[i] <= index && index < sizes[i] && "index out of bounds"` failed.
/opt/conda/conda-bld/pytorch_1716905971132/work/aten/src/ATen/native/cuda/IndexKernel.cu:92: operator(): block: [26,0,0], thread: [2,0,0] Assertion `-sizes[i] <= index && index < sizes[i] && "index out of bounds"` failed.
/opt/conda/conda-bld/pytorch_1716905971132/work/aten/src/ATen/native/cuda/IndexKernel.cu:92: operator(): block: [26,0,0], thread: [3,0,0] Assertion `-sizes[i] <= index && index < sizes[i] && "index out of bounds"` failed.
/opt/conda/conda-bld/pytorch_1716905971132/work/aten/src/ATen/native/cuda/IndexKernel.cu:92: operator(): block: [26,0,0], thread: [4,0,0] Assertion `-sizes[i] <= index && index < sizes[i] && "index out of bounds"` failed.
/opt/conda/conda-bld/pytorch_1716905971132/work/aten/src/ATen/native/cuda/IndexKernel.cu:92: operator(): block: [26,0,0], thread: [5,0,0] Assertion `-sizes[i] <= index && index < sizes[i] && "index out of bounds"` failed.
/opt/conda/conda-bld/pytorch_1716905971132/work/aten/src/ATen/native/cuda/IndexKernel.cu:92: operator(): block: [26,0,0], thread: [6,0,0] Assertion `-sizes[i] <= index && index < sizes[i] && "index out of bounds"` failed.
/opt/conda/conda-bld/pytorch_1716905971132/work/aten/src/ATen/native/cuda/IndexKernel.cu:92: operator(): block: [26,0,0], thread: [7,0,0] Assertion `-sizes[i] <= index && index < sizes[i] && "index out of bounds"` failed.
/opt/conda/conda-bld/pytorch_1716905971132/work/aten/src/ATen/native/cuda/IndexKernel.cu:92: operator(): block: [26,0,0], thread: [8,0,0] Assertion `-sizes[i] <= index && index < sizes[i] && "index out of bounds"` failed.
/opt/conda/conda-bld/pytorch_1716905971132/work/aten/src/ATen/native/cuda/IndexKernel.cu:92: operator(): block: [26,0,0], thread: [9,0,0] Assertion `-sizes[i] <= index && index < sizes[i] && "index out of bounds"` failed.
/opt/conda/conda-bld/pytorch_1716905971132/work/aten/src/ATen/native/cuda/IndexKernel.cu:92: operator(): block: [26,0,0], thread: [10,0,0] Assertion `-sizes[i] <= index && index < sizes[i] && "index out of bounds"` failed.
/opt/conda/conda-bld/pytorch_1716905971132/work/aten/src/ATen/native/cuda/IndexKernel.cu:92: operator(): block: [26,0,0], thread: [11,0,0] Assertion `-sizes[i] <= index && index < sizes[i] && "index out of bounds"` failed.
/opt/conda/conda-bld/pytorch_1716905971132/work/aten/src/ATen/native/cuda/IndexKernel.cu:92: operator(): block: [26,0,0], thread: [12,0,0] Assertion `-sizes[i] <= index && index < sizes[i] && "index out of bounds"` failed.
/opt/conda/conda-bld/pytorch_1716905971132/work/aten/src/ATen/native/cuda/IndexKernel.cu:92: operator(): block: [26,0,0], thread: [13,0,0] Assertion `-sizes[i] <= index && index < sizes[i] && "index out of bounds"` failed.
/opt/conda/conda-bld/pytorch_1716905971132/work/aten/src/ATen/native/cuda/IndexKernel.cu:92: operator(): block: [26,0,0], thread: [14,0,0] Assertion `-sizes[i] <= index && index < sizes[i] && "index out of bounds"` failed.
/opt/conda/conda-bld/pytorch_1716905971132/work/aten/src/ATen/native/cuda/IndexKernel.cu:92: operator(): block: [26,0,0], thread: [15,0,0] Assertion `-sizes[i] <= index && index < sizes[i] && "index out of bounds"` failed.
/opt/conda/conda-bld/pytorch_1716905971132/work/aten/src/ATen/native/cuda/IndexKernel.cu:92: operator(): block: [26,0,0], thread: [16,0,0] Assertion `-sizes[i] <= index && index < sizes[i] && "index out of bounds"` failed.
/opt/conda/conda-bld/pytorch_1716905971132/work/aten/src/ATen/native/cuda/IndexKernel.cu:92: operator(): block: [26,0,0], thread: [17,0,0] Assertion `-sizes[i] <= index && index < sizes[i] && "index out of bounds"` failed.
/opt/conda/conda-bld/pytorch_1716905971132/work/aten/src/ATen/native/cuda/IndexKernel.cu:92: operator(): block: [26,0,0], thread: [18,0,0] Assertion `-sizes[i] <= index && index < sizes[i] && "index out of bounds"` failed.
/opt/conda/conda-bld/pytorch_1716905971132/work/aten/src/ATen/native/cuda/IndexKernel.cu:92: operator(): block: [26,0,0], thread: [19,0,0] Assertion `-sizes[i] <= index && index < sizes[i] && "index out of bounds"` failed.
/opt/conda/conda-bld/pytorch_1716905971132/work/aten/src/ATen/native/cuda/IndexKernel.cu:92: operator(): block: [26,0,0], thread: [20,0,0] Assertion `-sizes[i] <= index && index < sizes[i] && "index out of bounds"` failed.
/opt/conda/conda-bld/pytorch_1716905971132/work/aten/src/ATen/native/cuda/IndexKernel.cu:92: operator(): block: [26,0,0], thread: [21,0,0] Assertion `-sizes[i] <= index && index < sizes[i] && "index out of bounds"` failed.
/opt/conda/conda-bld/pytorch_1716905971132/work/aten/src/ATen/native/cuda/IndexKernel.cu:92: operator(): block: [26,0,0], thread: [22,0,0] Assertion `-sizes[i] <= index && index < sizes[i] && "index out of bounds"` failed.
/opt/conda/conda-bld/pytorch_1716905971132/work/aten/src/ATen/native/cuda/IndexKernel.cu:92: operator(): block: [26,0,0], thread: [23,0,0] Assertion `-sizes[i] <= index && index < sizes[i] && "index out of bounds"` failed.
/opt/conda/conda-bld/pytorch_1716905971132/work/aten/src/ATen/native/cuda/IndexKernel.cu:92: operator(): block: [26,0,0], thread: [24,0,0] Assertion `-sizes[i] <= index && index < sizes[i] && "index out of bounds"` failed.
/opt/conda/conda-bld/pytorch_1716905971132/work/aten/src/ATen/native/cuda/IndexKernel.cu:92: operator(): block: [26,0,0], thread: [25,0,0] Assertion `-sizes[i] <= index && index < sizes[i] && "index out of bounds"` failed.
/opt/conda/conda-bld/pytorch_1716905971132/work/aten/src/ATen/native/cuda/IndexKernel.cu:92: operator(): block: [26,0,0], thread: [26,0,0] Assertion `-sizes[i] <= index && index < sizes[i] && "index out of bounds"` failed.
/opt/conda/conda-bld/pytorch_1716905971132/work/aten/src/ATen/native/cuda/IndexKernel.cu:92: operator(): block: [26,0,0], thread: [27,0,0] Assertion `-sizes[i] <= index && index < sizes[i] && "index out of bounds"` failed.
/opt/conda/conda-bld/pytorch_1716905971132/work/aten/src/ATen/native/cuda/IndexKernel.cu:92: operator(): block: [26,0,0], thread: [28,0,0] Assertion `-sizes[i] <= index && index < sizes[i] && "index out of bounds"` failed.
/opt/conda/conda-bld/pytorch_1716905971132/work/aten/src/ATen/native/cuda/IndexKernel.cu:92: operator(): block: [26,0,0], thread: [29,0,0] Assertion `-sizes[i] <= index && index < sizes[i] && "index out of bounds"` failed.
/opt/conda/conda-bld/pytorch_1716905971132/work/aten/src/ATen/native/cuda/IndexKernel.cu:92: operator(): block: [26,0,0], thread: [30,0,0] Assertion `-sizes[i] <= index && index < sizes[i] && "index out of bounds"` failed.
/opt/conda/conda-bld/pytorch_1716905971132/work/aten/src/ATen/native/cuda/IndexKernel.cu:92: operator(): block: [26,0,0], thread: [31,0,0] Assertion `-sizes[i] <= index && index < sizes[i] && "index out of bounds"` failed.
/opt/conda/conda-bld/pytorch_1716905971132/work/aten/src/ATen/native/cuda/IndexKernel.cu:92: operator(): block: [25,0,0], thread: [64,0,0] Assertion `-sizes[i] <= index && index < sizes[i] && "index out of bounds"` failed.
/opt/conda/conda-bld/pytorch_1716905971132/work/aten/src/ATen/native/cuda/IndexKernel.cu:92: operator(): block: [25,0,0], thread: [65,0,0] Assertion `-sizes[i] <= index && index < sizes[i] && "index out of bounds"` failed.
/opt/conda/conda-bld/pytorch_1716905971132/work/aten/src/ATen/native/cuda/IndexKernel.cu:92: operator(): block: [25,0,0], thread: [66,0,0] Assertion `-sizes[i] <= index && index < sizes[i] && "index out of bounds"` failed.
/opt/conda/conda-bld/pytorch_1716905971132/work/aten/src/ATen/native/cuda/IndexKernel.cu:92: operator(): block: [25,0,0], thread: [67,0,0] Assertion `-sizes[i] <= index && index < sizes[i] && "index out of bounds"` failed.
/opt/conda/conda-bld/pytorch_1716905971132/work/aten/src/ATen/native/cuda/IndexKernel.cu:92: operator(): block: [25,0,0], thread: [68,0,0] Assertion `-sizes[i] <= index && index < sizes[i] && "index out of bounds"` failed.
/opt/conda/conda-bld/pytorch_1716905971132/work/aten/src/ATen/native/cuda/IndexKernel.cu:92: operator(): block: [25,0,0], thread: [69,0,0] Assertion `-sizes[i] <= index && index < sizes[i] && "index out of bounds"` failed.
/opt/conda/conda-bld/pytorch_1716905971132/work/aten/src/ATen/native/cuda/IndexKernel.cu:92: operator(): block: [25,0,0], thread: [70,0,0] Assertion `-sizes[i] <= index && index < sizes[i] && "index out of bounds"` failed.
/opt/conda/conda-bld/pytorch_1716905971132/work/aten/src/ATen/native/cuda/IndexKernel.cu:92: operator(): block: [25,0,0], thread: [71,0,0] Assertion `-sizes[i] <= index && index < sizes[i] && "index out of bounds"` failed.
/opt/conda/conda-bld/pytorch_1716905971132/work/aten/src/ATen/native/cuda/IndexKernel.cu:92: operator(): block: [25,0,0], thread: [72,0,0] Assertion `-sizes[i] <= index && index < sizes[i] && "index out of bounds"` failed.
/opt/conda/conda-bld/pytorch_1716905971132/work/aten/src/ATen/native/cuda/IndexKernel.cu:92: operator(): block: [25,0,0], thread: [73,0,0] Assertion `-sizes[i] <= index && index < sizes[i] && "index out of bounds"` failed.
/opt/conda/conda-bld/pytorch_1716905971132/work/aten/src/ATen/native/cuda/IndexKernel.cu:92: operator(): block: [25,0,0], thread: [74,0,0] Assertion `-sizes[i] <= index && index < sizes[i] && "index out of bounds"` failed.
/opt/conda/conda-bld/pytorch_1716905971132/work/aten/src/ATen/native/cuda/IndexKernel.cu:92: operator(): block: [25,0,0], thread: [75,0,0] Assertion `-sizes[i] <= index && index < sizes[i] && "index out of bounds"` failed.
/opt/conda/conda-bld/pytorch_1716905971132/work/aten/src/ATen/native/cuda/IndexKernel.cu:92: operator(): block: [25,0,0], thread: [76,0,0] Assertion `-sizes[i] <= index && index < sizes[i] && "index out of bounds"` failed.
/opt/conda/conda-bld/pytorch_1716905971132/work/aten/src/ATen/native/cuda/IndexKernel.cu:92: operator(): block: [25,0,0], thread: [77,0,0] Assertion `-sizes[i] <= index && index < sizes[i] && "index out of bounds"` failed.
/opt/conda/conda-bld/pytorch_1716905971132/work/aten/src/ATen/native/cuda/IndexKernel.cu:92: operator(): block: [25,0,0], thread: [78,0,0] Assertion `-sizes[i] <= index && index < sizes[i] && "index out of bounds"` failed.
/opt/conda/conda-bld/pytorch_1716905971132/work/aten/src/ATen/native/cuda/IndexKernel.cu:92: operator(): block: [25,0,0], thread: [79,0,0] Assertion `-sizes[i] <= index && index < sizes[i] && "index out of bounds"` failed.
/opt/conda/conda-bld/pytorch_1716905971132/work/aten/src/ATen/native/cuda/IndexKernel.cu:92: operator(): block: [25,0,0], thread: [80,0,0] Assertion `-sizes[i] <= index && index < sizes[i] && "index out of bounds"` failed.
/opt/conda/conda-bld/pytorch_1716905971132/work/aten/src/ATen/native/cuda/IndexKernel.cu:92: operator(): block: [25,0,0], thread: [81,0,0] Assertion `-sizes[i] <= index && index < sizes[i] && "index out of bounds"` failed.
/opt/conda/conda-bld/pytorch_1716905971132/work/aten/src/ATen/native/cuda/IndexKernel.cu:92: operator(): block: [25,0,0], thread: [82,0,0] Assertion `-sizes[i] <= index && index < sizes[i] && "index out of bounds"` failed.
/opt/conda/conda-bld/pytorch_1716905971132/work/aten/src/ATen/native/cuda/IndexKernel.cu:92: operator(): block: [25,0,0], thread: [83,0,0] Assertion `-sizes[i] <= index && index < sizes[i] && "index out of bounds"` failed.
/opt/conda/conda-bld/pytorch_1716905971132/work/aten/src/ATen/native/cuda/IndexKernel.cu:92: operator(): block: [25,0,0], thread: [84,0,0] Assertion `-sizes[i] <= index && index < sizes[i] && "index out of bounds"` failed.
/opt/conda/conda-bld/pytorch_1716905971132/work/aten/src/ATen/native/cuda/IndexKernel.cu:92: operator(): block: [25,0,0], thread: [85,0,0] Assertion `-sizes[i] <= index && index < sizes[i] && "index out of bounds"` failed.
/opt/conda/conda-bld/pytorch_1716905971132/work/aten/src/ATen/native/cuda/IndexKernel.cu:92: operator(): block: [25,0,0], thread: [86,0,0] Assertion `-sizes[i] <= index && index < sizes[i] && "index out of bounds"` failed.
/opt/conda/conda-bld/pytorch_1716905971132/work/aten/src/ATen/native/cuda/IndexKernel.cu:92: operator(): block: [25,0,0], thread: [87,0,0] Assertion `-sizes[i] <= index && index < sizes[i] && "index out of bounds"` failed.
/opt/conda/conda-bld/pytorch_1716905971132/work/aten/src/ATen/native/cuda/IndexKernel.cu:92: operator(): block: [25,0,0], thread: [88,0,0] Assertion `-sizes[i] <= index && index < sizes[i] && "index out of bounds"` failed.
/opt/conda/conda-bld/pytorch_1716905971132/work/aten/src/ATen/native/cuda/IndexKernel.cu:92: operator(): block: [25,0,0], thread: [89,0,0] Assertion `-sizes[i] <= index && index < sizes[i] && "index out of bounds"` failed.
/opt/conda/conda-bld/pytorch_1716905971132/work/aten/src/ATen/native/cuda/IndexKernel.cu:92: operator(): block: [25,0,0], thread: [90,0,0] Assertion `-sizes[i] <= index && index < sizes[i] && "index out of bounds"` failed.
/opt/conda/conda-bld/pytorch_1716905971132/work/aten/src/ATen/native/cuda/IndexKernel.cu:92: operator(): block: [25,0,0], thread: [91,0,0] Assertion `-sizes[i] <= index && index < sizes[i] && "index out of bounds"` failed.
/opt/conda/conda-bld/pytorch_1716905971132/work/aten/src/ATen/native/cuda/IndexKernel.cu:92: operator(): block: [25,0,0], thread: [92,0,0] Assertion `-sizes[i] <= index && index < sizes[i] && "index out of bounds"` failed.
/opt/conda/conda-bld/pytorch_1716905971132/work/aten/src/ATen/native/cuda/IndexKernel.cu:92: operator(): block: [25,0,0], thread: [93,0,0] Assertion `-sizes[i] <= index && index < sizes[i] && "index out of bounds"` failed.
/opt/conda/conda-bld/pytorch_1716905971132/work/aten/src/ATen/native/cuda/IndexKernel.cu:92: operator(): block: [25,0,0], thread: [94,0,0] Assertion `-sizes[i] <= index && index < sizes[i] && "index out of bounds"` failed.
/opt/conda/conda-bld/pytorch_1716905971132/work/aten/src/ATen/native/cuda/IndexKernel.cu:92: operator(): block: [25,0,0], thread: [95,0,0] Assertion `-sizes[i] <= index && index < sizes[i] && "index out of bounds"` failed.
/opt/conda/conda-bld/pytorch_1716905971132/work/aten/src/ATen/native/cuda/IndexKernel.cu:92: operator(): block: [26,0,0], thread: [32,0,0] Assertion `-sizes[i] <= index && index < sizes[i] && "index out of bounds"` failed.
/opt/conda/conda-bld/pytorch_1716905971132/work/aten/src/ATen/native/cuda/IndexKernel.cu:92: operator(): block: [26,0,0], thread: [33,0,0] Assertion `-sizes[i] <= index && index < sizes[i] && "index out of bounds"` failed.
/opt/conda/conda-bld/pytorch_1716905971132/work/aten/src/ATen/native/cuda/IndexKernel.cu:92: operator(): block: [26,0,0], thread: [34,0,0] Assertion `-sizes[i] <= index && index < sizes[i] && "index out of bounds"` failed.
/opt/conda/conda-bld/pytorch_1716905971132/work/aten/src/ATen/native/cuda/IndexKernel.cu:92: operator(): block: [26,0,0], thread: [35,0,0] Assertion `-sizes[i] <= index && index < sizes[i] && "index out of bounds"` failed.
/opt/conda/conda-bld/pytorch_1716905971132/work/aten/src/ATen/native/cuda/IndexKernel.cu:92: operator(): block: [26,0,0], thread: [36,0,0] Assertion `-sizes[i] <= index && index < sizes[i] && "index out of bounds"` failed.
/opt/conda/conda-bld/pytorch_1716905971132/work/aten/src/ATen/native/cuda/IndexKernel.cu:92: operator(): block: [26,0,0], thread: [37,0,0] Assertion `-sizes[i] <= index && index < sizes[i] && "index out of bounds"` failed.
/opt/conda/conda-bld/pytorch_1716905971132/work/aten/src/ATen/native/cuda/IndexKernel.cu:92: operator(): block: [26,0,0], thread: [38,0,0] Assertion `-sizes[i] <= index && index < sizes[i] && "index out of bounds"` failed.
/opt/conda/conda-bld/pytorch_1716905971132/work/aten/src/ATen/native/cuda/IndexKernel.cu:92: operator(): block: [26,0,0], thread: [39,0,0] Assertion `-sizes[i] <= index && index < sizes[i] && "index out of bounds"` failed.
/opt/conda/conda-bld/pytorch_1716905971132/work/aten/src/ATen/native/cuda/IndexKernel.cu:92: operator(): block: [26,0,0], thread: [40,0,0] Assertion `-sizes[i] <= index && index < sizes[i] && "index out of bounds"` failed.
/opt/conda/conda-bld/pytorch_1716905971132/work/aten/src/ATen/native/cuda/IndexKernel.cu:92: operator(): block: [26,0,0], thread: [41,0,0] Assertion `-sizes[i] <= index && index < sizes[i] && "index out of bounds"` failed.
/opt/conda/conda-bld/pytorch_1716905971132/work/aten/src/ATen/native/cuda/IndexKernel.cu:92: operator(): block: [26,0,0], thread: [42,0,0] Assertion `-sizes[i] <= index && index < sizes[i] && "index out of bounds"` failed.
/opt/conda/conda-bld/pytorch_1716905971132/work/aten/src/ATen/native/cuda/IndexKernel.cu:92: operator(): block: [26,0,0], thread: [43,0,0] Assertion `-sizes[i] <= index && index < sizes[i] && "index out of bounds"` failed.
/opt/conda/conda-bld/pytorch_1716905971132/work/aten/src/ATen/native/cuda/IndexKernel.cu:92: operator(): block: [26,0,0], thread: [44,0,0] Assertion `-sizes[i] <= index && index < sizes[i] && "index out of bounds"` failed.
/opt/conda/conda-bld/pytorch_1716905971132/work/aten/src/ATen/native/cuda/IndexKernel.cu:92: operator(): block: [26,0,0], thread: [45,0,0] Assertion `-sizes[i] <= index && index < sizes[i] && "index out of bounds"` failed.
/opt/conda/conda-bld/pytorch_1716905971132/work/aten/src/ATen/native/cuda/IndexKernel.cu:92: operator(): block: [26,0,0], thread: [46,0,0] Assertion `-sizes[i] <= index && index < sizes[i] && "index out of bounds"` failed.
/opt/conda/conda-bld/pytorch_1716905971132/work/aten/src/ATen/native/cuda/IndexKernel.cu:92: operator(): block: [26,0,0], thread: [47,0,0] Assertion `-sizes[i] <= index && index < sizes[i] && "index out of bounds"` failed.
/opt/conda/conda-bld/pytorch_1716905971132/work/aten/src/ATen/native/cuda/IndexKernel.cu:92: operator(): block: [26,0,0], thread: [48,0,0] Assertion `-sizes[i] <= index && index < sizes[i] && "index out of bounds"` failed.
/opt/conda/conda-bld/pytorch_1716905971132/work/aten/src/ATen/native/cuda/IndexKernel.cu:92: operator(): block: [26,0,0], thread: [49,0,0] Assertion `-sizes[i] <= index && index < sizes[i] && "index out of bounds"` failed.
/opt/conda/conda-bld/pytorch_1716905971132/work/aten/src/ATen/native/cuda/IndexKernel.cu:92: operator(): block: [26,0,0], thread: [50,0,0] Assertion `-sizes[i] <= index && index < sizes[i] && "index out of bounds"` failed.
/opt/conda/conda-bld/pytorch_1716905971132/work/aten/src/ATen/native/cuda/IndexKernel.cu:92: operator(): block: [26,0,0], thread: [51,0,0] Assertion `-sizes[i] <= index && index < sizes[i] && "index out of bounds"` failed.
/opt/conda/conda-bld/pytorch_1716905971132/work/aten/src/ATen/native/cuda/IndexKernel.cu:92: operator(): block: [26,0,0], thread: [52,0,0] Assertion `-sizes[i] <= index && index < sizes[i] && "index out of bounds"` failed.
/opt/conda/conda-bld/pytorch_1716905971132/work/aten/src/ATen/native/cuda/IndexKernel.cu:92: operator(): block: [26,0,0], thread: [53,0,0] Assertion `-sizes[i] <= index && index < sizes[i] && "index out of bounds"` failed.
/opt/conda/conda-bld/pytorch_1716905971132/work/aten/src/ATen/native/cuda/IndexKernel.cu:92: operator(): block: [26,0,0], thread: [54,0,0] Assertion `-sizes[i] <= index && index < sizes[i] && "index out of bounds"` failed.
/opt/conda/conda-bld/pytorch_1716905971132/work/aten/src/ATen/native/cuda/IndexKernel.cu:92: operator(): block: [26,0,0], thread: [55,0,0] Assertion `-sizes[i] <= index && index < sizes[i] && "index out of bounds"` failed.
/opt/conda/conda-bld/pytorch_1716905971132/work/aten/src/ATen/native/cuda/IndexKernel.cu:92: operator(): block: [26,0,0], thread: [56,0,0] Assertion `-sizes[i] <= index && index < sizes[i] && "index out of bounds"` failed.
/opt/conda/conda-bld/pytorch_1716905971132/work/aten/src/ATen/native/cuda/IndexKernel.cu:92: operator(): block: [26,0,0], thread: [57,0,0] Assertion `-sizes[i] <= index && index < sizes[i] && "index out of bounds"` failed.
/opt/conda/conda-bld/pytorch_1716905971132/work/aten/src/ATen/native/cuda/IndexKernel.cu:92: operator(): block: [26,0,0], thread: [58,0,0] Assertion `-sizes[i] <= index && index < sizes[i] && "index out of bounds"` failed.
/opt/conda/conda-bld/pytorch_1716905971132/work/aten/src/ATen/native/cuda/IndexKernel.cu:92: operator(): block: [26,0,0], thread: [59,0,0] Assertion `-sizes[i] <= index && index < sizes[i] && "index out of bounds"` failed.
/opt/conda/conda-bld/pytorch_1716905971132/work/aten/src/ATen/native/cuda/IndexKernel.cu:92: operator(): block: [26,0,0], thread: [60,0,0] Assertion `-sizes[i] <= index && index < sizes[i] && "index out of bounds"` failed.
/opt/conda/conda-bld/pytorch_1716905971132/work/aten/src/ATen/native/cuda/IndexKernel.cu:92: operator(): block: [26,0,0], thread: [61,0,0] Assertion `-sizes[i] <= index && index < sizes[i] && "index out of bounds"` failed.
/opt/conda/conda-bld/pytorch_1716905971132/work/aten/src/ATen/native/cuda/IndexKernel.cu:92: operator(): block: [26,0,0], thread: [62,0,0] Assertion `-sizes[i] <= index && index < sizes[i] && "index out of bounds"` failed.
/opt/conda/conda-bld/pytorch_1716905971132/work/aten/src/ATen/native/cuda/IndexKernel.cu:92: operator(): block: [26,0,0], thread: [63,0,0] Assertion `-sizes[i] <= index && index < sizes[i] && "index out of bounds"` failed.
/opt/conda/conda-bld/pytorch_1716905971132/work/aten/src/ATen/native/cuda/IndexKernel.cu:92: operator(): block: [25,0,0], thread: [96,0,0] Assertion `-sizes[i] <= index && index < sizes[i] && "index out of bounds"` failed.
/opt/conda/conda-bld/pytorch_1716905971132/work/aten/src/ATen/native/cuda/IndexKernel.cu:92: operator(): block: [25,0,0], thread: [97,0,0] Assertion `-sizes[i] <= index && index < sizes[i] && "index out of bounds"` failed.
/opt/conda/conda-bld/pytorch_1716905971132/work/aten/src/ATen/native/cuda/IndexKernel.cu:92: operator(): block: [25,0,0], thread: [98,0,0] Assertion `-sizes[i] <= index && index < sizes[i] && "index out of bounds"` failed.
/opt/conda/conda-bld/pytorch_1716905971132/work/aten/src/ATen/native/cuda/IndexKernel.cu:92: operator(): block: [25,0,0], thread: [99,0,0] Assertion `-sizes[i] <= index && index < sizes[i] && "index out of bounds"` failed.
/opt/conda/conda-bld/pytorch_1716905971132/work/aten/src/ATen/native/cuda/IndexKernel.cu:92: operator(): block: [25,0,0], thread: [100,0,0] Assertion `-sizes[i] <= index && index < sizes[i] && "index out of bounds"` failed.
/opt/conda/conda-bld/pytorch_1716905971132/work/aten/src/ATen/native/cuda/IndexKernel.cu:92: operator(): block: [25,0,0], thread: [101,0,0] Assertion `-sizes[i] <= index && index < sizes[i] && "index out of bounds"` failed.
/opt/conda/conda-bld/pytorch_1716905971132/work/aten/src/ATen/native/cuda/IndexKernel.cu:92: operator(): block: [25,0,0], thread: [102,0,0] Assertion `-sizes[i] <= index && index < sizes[i] && "index out of bounds"` failed.
/opt/conda/conda-bld/pytorch_1716905971132/work/aten/src/ATen/native/cuda/IndexKernel.cu:92: operator(): block: [25,0,0], thread: [103,0,0] Assertion `-sizes[i] <= index && index < sizes[i] && "index out of bounds"` failed.
/opt/conda/conda-bld/pytorch_1716905971132/work/aten/src/ATen/native/cuda/IndexKernel.cu:92: operator(): block: [25,0,0], thread: [104,0,0] Assertion `-sizes[i] <= index && index < sizes[i] && "index out of bounds"` failed.
/opt/conda/conda-bld/pytorch_1716905971132/work/aten/src/ATen/native/cuda/IndexKernel.cu:92: operator(): block: [25,0,0], thread: [105,0,0] Assertion `-sizes[i] <= index && index < sizes[i] && "index out of bounds"` failed.
/opt/conda/conda-bld/pytorch_1716905971132/work/aten/src/ATen/native/cuda/IndexKernel.cu:92: operator(): block: [25,0,0], thread: [106,0,0] Assertion `-sizes[i] <= index && index < sizes[i] && "index out of bounds"` failed.
/opt/conda/conda-bld/pytorch_1716905971132/work/aten/src/ATen/native/cuda/IndexKernel.cu:92: operator(): block: [25,0,0], thread: [107,0,0] Assertion `-sizes[i] <= index && index < sizes[i] && "index out of bounds"` failed.
/opt/conda/conda-bld/pytorch_1716905971132/work/aten/src/ATen/native/cuda/IndexKernel.cu:92: operator(): block: [25,0,0], thread: [108,0,0] Assertion `-sizes[i] <= index && index < sizes[i] && "index out of bounds"` failed.
/opt/conda/conda-bld/pytorch_1716905971132/work/aten/src/ATen/native/cuda/IndexKernel.cu:92: operator(): block: [25,0,0], thread: [109,0,0] Assertion `-sizes[i] <= index && index < sizes[i] && "index out of bounds"` failed.
/opt/conda/conda-bld/pytorch_1716905971132/work/aten/src/ATen/native/cuda/IndexKernel.cu:92: operator(): block: [25,0,0], thread: [110,0,0] Assertion `-sizes[i] <= index && index < sizes[i] && "index out of bounds"` failed.
/opt/conda/conda-bld/pytorch_1716905971132/work/aten/src/ATen/native/cuda/IndexKernel.cu:92: operator(): block: [25,0,0], thread: [111,0,0] Assertion `-sizes[i] <= index && index < sizes[i] && "index out of bounds"` failed.
/opt/conda/conda-bld/pytorch_1716905971132/work/aten/src/ATen/native/cuda/IndexKernel.cu:92: operator(): block: [25,0,0], thread: [112,0,0] Assertion `-sizes[i] <= index && index < sizes[i] && "index out of bounds"` failed.
/opt/conda/conda-bld/pytorch_1716905971132/work/aten/src/ATen/native/cuda/IndexKernel.cu:92: operator(): block: [25,0,0], thread: [113,0,0] Assertion `-sizes[i] <= index && index < sizes[i] && "index out of bounds"` failed.
/opt/conda/conda-bld/pytorch_1716905971132/work/aten/src/ATen/native/cuda/IndexKernel.cu:92: operator(): block: [25,0,0], thread: [114,0,0] Assertion `-sizes[i] <= index && index < sizes[i] && "index out of bounds"` failed.
/opt/conda/conda-bld/pytorch_1716905971132/work/aten/src/ATen/native/cuda/IndexKernel.cu:92: operator(): block: [25,0,0], thread: [115,0,0] Assertion `-sizes[i] <= index && index < sizes[i] && "index out of bounds"` failed.
/opt/conda/conda-bld/pytorch_1716905971132/work/aten/src/ATen/native/cuda/IndexKernel.cu:92: operator(): block: [25,0,0], thread: [116,0,0] Assertion `-sizes[i] <= index && index < sizes[i] && "index out of bounds"` failed.
/opt/conda/conda-bld/pytorch_1716905971132/work/aten/src/ATen/native/cuda/IndexKernel.cu:92: operator(): block: [25,0,0], thread: [117,0,0] Assertion `-sizes[i] <= index && index < sizes[i] && "index out of bounds"` failed.
/opt/conda/conda-bld/pytorch_1716905971132/work/aten/src/ATen/native/cuda/IndexKernel.cu:92: operator(): block: [25,0,0], thread: [118,0,0] Assertion `-sizes[i] <= index && index < sizes[i] && "index out of bounds"` failed.
/opt/conda/conda-bld/pytorch_1716905971132/work/aten/src/ATen/native/cuda/IndexKernel.cu:92: operator(): block: [25,0,0], thread: [119,0,0] Assertion `-sizes[i] <= index && index < sizes[i] && "index out of bounds"` failed.
/opt/conda/conda-bld/pytorch_1716905971132/work/aten/src/ATen/native/cuda/IndexKernel.cu:92: operator(): block: [25,0,0], thread: [120,0,0] Assertion `-sizes[i] <= index && index < sizes[i] && "index out of bounds"` failed.
/opt/conda/conda-bld/pytorch_1716905971132/work/aten/src/ATen/native/cuda/IndexKernel.cu:92: operator(): block: [25,0,0], thread: [121,0,0] Assertion `-sizes[i] <= index && index < sizes[i] && "index out of bounds"` failed.
/opt/conda/conda-bld/pytorch_1716905971132/work/aten/src/ATen/native/cuda/IndexKernel.cu:92: operator(): block: [25,0,0], thread: [122,0,0] Assertion `-sizes[i] <= index && index < sizes[i] && "index out of bounds"` failed.
/opt/conda/conda-bld/pytorch_1716905971132/work/aten/src/ATen/native/cuda/IndexKernel.cu:92: operator(): block: [25,0,0], thread: [123,0,0] Assertion `-sizes[i] <= index && index < sizes[i] && "index out of bounds"` failed.
/opt/conda/conda-bld/pytorch_1716905971132/work/aten/src/ATen/native/cuda/IndexKernel.cu:92: operator(): block: [25,0,0], thread: [124,0,0] Assertion `-sizes[i] <= index && index < sizes[i] && "index out of bounds"` failed.
/opt/conda/conda-bld/pytorch_1716905971132/work/aten/src/ATen/native/cuda/IndexKernel.cu:92: operator(): block: [25,0,0], thread: [125,0,0] Assertion `-sizes[i] <= index && index < sizes[i] && "index out of bounds"` failed.
/opt/conda/conda-bld/pytorch_1716905971132/work/aten/src/ATen/native/cuda/IndexKernel.cu:92: operator(): block: [25,0,0], thread: [126,0,0] Assertion `-sizes[i] <= index && index < sizes[i] && "index out of bounds"` failed.
/opt/conda/conda-bld/pytorch_1716905971132/work/aten/src/ATen/native/cuda/IndexKernel.cu:92: operator(): block: [25,0,0], thread: [127,0,0] Assertion `-sizes[i] <= index && index < sizes[i] && "index out of bounds"` failed.
/opt/conda/conda-bld/pytorch_1716905971132/work/aten/src/ATen/native/cuda/IndexKernel.cu:92: operator(): block: [26,0,0], thread: [64,0,0] Assertion `-sizes[i] <= index && index < sizes[i] && "index out of bounds"` failed.
/opt/conda/conda-bld/pytorch_1716905971132/work/aten/src/ATen/native/cuda/IndexKernel.cu:92: operator(): block: [26,0,0], thread: [65,0,0] Assertion `-sizes[i] <= index && index < sizes[i] && "index out of bounds"` failed.
/opt/conda/conda-bld/pytorch_1716905971132/work/aten/src/ATen/native/cuda/IndexKernel.cu:92: operator(): block: [26,0,0], thread: [66,0,0] Assertion `-sizes[i] <= index && index < sizes[i] && "index out of bounds"` failed.
/opt/conda/conda-bld/pytorch_1716905971132/work/aten/src/ATen/native/cuda/IndexKernel.cu:92: operator(): block: [26,0,0], thread: [67,0,0] Assertion `-sizes[i] <= index && index < sizes[i] && "index out of bounds"` failed.
/opt/conda/conda-bld/pytorch_1716905971132/work/aten/src/ATen/native/cuda/IndexKernel.cu:92: operator(): block: [26,0,0], thread: [68,0,0] Assertion `-sizes[i] <= index && index < sizes[i] && "index out of bounds"` failed.
/opt/conda/conda-bld/pytorch_1716905971132/work/aten/src/ATen/native/cuda/IndexKernel.cu:92: operator(): block: [26,0,0], thread: [69,0,0] Assertion `-sizes[i] <= index && index < sizes[i] && "index out of bounds"` failed.
/opt/conda/conda-bld/pytorch_1716905971132/work/aten/src/ATen/native/cuda/IndexKernel.cu:92: operator(): block: [26,0,0], thread: [70,0,0] Assertion `-sizes[i] <= index && index < sizes[i] && "index out of bounds"` failed.
/opt/conda/conda-bld/pytorch_1716905971132/work/aten/src/ATen/native/cuda/IndexKernel.cu:92: operator(): block: [26,0,0], thread: [71,0,0] Assertion `-sizes[i] <= index && index < sizes[i] && "index out of bounds"` failed.
/opt/conda/conda-bld/pytorch_1716905971132/work/aten/src/ATen/native/cuda/IndexKernel.cu:92: operator(): block: [26,0,0], thread: [72,0,0] Assertion `-sizes[i] <= index && index < sizes[i] && "index out of bounds"` failed.
/opt/conda/conda-bld/pytorch_1716905971132/work/aten/src/ATen/native/cuda/IndexKernel.cu:92: operator(): block: [26,0,0], thread: [73,0,0] Assertion `-sizes[i] <= index && index < sizes[i] && "index out of bounds"` failed.
/opt/conda/conda-bld/pytorch_1716905971132/work/aten/src/ATen/native/cuda/IndexKernel.cu:92: operator(): block: [26,0,0], thread: [74,0,0] Assertion `-sizes[i] <= index && index < sizes[i] && "index out of bounds"` failed.
/opt/conda/conda-bld/pytorch_1716905971132/work/aten/src/ATen/native/cuda/IndexKernel.cu:92: operator(): block: [26,0,0], thread: [75,0,0] Assertion `-sizes[i] <= index && index < sizes[i] && "index out of bounds"` failed.
/opt/conda/conda-bld/pytorch_1716905971132/work/aten/src/ATen/native/cuda/IndexKernel.cu:92: operator(): block: [26,0,0], thread: [76,0,0] Assertion `-sizes[i] <= index && index < sizes[i] && "index out of bounds"` failed.
/opt/conda/conda-bld/pytorch_1716905971132/work/aten/src/ATen/native/cuda/IndexKernel.cu:92: operator(): block: [26,0,0], thread: [77,0,0] Assertion `-sizes[i] <= index && index < sizes[i] && "index out of bounds"` failed.
/opt/conda/conda-bld/pytorch_1716905971132/work/aten/src/ATen/native/cuda/IndexKernel.cu:92: operator(): block: [26,0,0], thread: [78,0,0] Assertion `-sizes[i] <= index && index < sizes[i] && "index out of bounds"` failed.
/opt/conda/conda-bld/pytorch_1716905971132/work/aten/src/ATen/native/cuda/IndexKernel.cu:92: operator(): block: [26,0,0], thread: [79,0,0] Assertion `-sizes[i] <= index && index < sizes[i] && "index out of bounds"` failed.
/opt/conda/conda-bld/pytorch_1716905971132/work/aten/src/ATen/native/cuda/IndexKernel.cu:92: operator(): block: [26,0,0], thread: [80,0,0] Assertion `-sizes[i] <= index && index < sizes[i] && "index out of bounds"` failed.
/opt/conda/conda-bld/pytorch_1716905971132/work/aten/src/ATen/native/cuda/IndexKernel.cu:92: operator(): block: [26,0,0], thread: [81,0,0] Assertion `-sizes[i] <= index && index < sizes[i] && "index out of bounds"` failed.
/opt/conda/conda-bld/pytorch_1716905971132/work/aten/src/ATen/native/cuda/IndexKernel.cu:92: operator(): block: [26,0,0], thread: [82,0,0] Assertion `-sizes[i] <= index && index < sizes[i] && "index out of bounds"` failed.
/opt/conda/conda-bld/pytorch_1716905971132/work/aten/src/ATen/native/cuda/IndexKernel.cu:92: operator(): block: [26,0,0], thread: [83,0,0] Assertion `-sizes[i] <= index && index < sizes[i] && "index out of bounds"` failed.
/opt/conda/conda-bld/pytorch_1716905971132/work/aten/src/ATen/native/cuda/IndexKernel.cu:92: operator(): block: [26,0,0], thread: [84,0,0] Assertion `-sizes[i] <= index && index < sizes[i] && "index out of bounds"` failed.
/opt/conda/conda-bld/pytorch_1716905971132/work/aten/src/ATen/native/cuda/IndexKernel.cu:92: operator(): block: [26,0,0], thread: [85,0,0] Assertion `-sizes[i] <= index && index < sizes[i] && "index out of bounds"` failed.
/opt/conda/conda-bld/pytorch_1716905971132/work/aten/src/ATen/native/cuda/IndexKernel.cu:92: operator(): block: [26,0,0], thread: [86,0,0] Assertion `-sizes[i] <= index && index < sizes[i] && "index out of bounds"` failed.
/opt/conda/conda-bld/pytorch_1716905971132/work/aten/src/ATen/native/cuda/IndexKernel.cu:92: operator(): block: [26,0,0], thread: [87,0,0] Assertion `-sizes[i] <= index && index < sizes[i] && "index out of bounds"` failed.
/opt/conda/conda-bld/pytorch_1716905971132/work/aten/src/ATen/native/cuda/IndexKernel.cu:92: operator(): block: [26,0,0], thread: [88,0,0] Assertion `-sizes[i] <= index && index < sizes[i] && "index out of bounds"` failed.
/opt/conda/conda-bld/pytorch_1716905971132/work/aten/src/ATen/native/cuda/IndexKernel.cu:92: operator(): block: [26,0,0], thread: [89,0,0] Assertion `-sizes[i] <= index && index < sizes[i] && "index out of bounds"` failed.
/opt/conda/conda-bld/pytorch_1716905971132/work/aten/src/ATen/native/cuda/IndexKernel.cu:92: operator(): block: [26,0,0], thread: [90,0,0] Assertion `-sizes[i] <= index && index < sizes[i] && "index out of bounds"` failed.
/opt/conda/conda-bld/pytorch_1716905971132/work/aten/src/ATen/native/cuda/IndexKernel.cu:92: operator(): block: [26,0,0], thread: [91,0,0] Assertion `-sizes[i] <= index && index < sizes[i] && "index out of bounds"` failed.
/opt/conda/conda-bld/pytorch_1716905971132/work/aten/src/ATen/native/cuda/IndexKernel.cu:92: operator(): block: [26,0,0], thread: [92,0,0] Assertion `-sizes[i] <= index && index < sizes[i] && "index out of bounds"` failed.
/opt/conda/conda-bld/pytorch_1716905971132/work/aten/src/ATen/native/cuda/IndexKernel.cu:92: operator(): block: [26,0,0], thread: [93,0,0] Assertion `-sizes[i] <= index && index < sizes[i] && "index out of bounds"` failed.
/opt/conda/conda-bld/pytorch_1716905971132/work/aten/src/ATen/native/cuda/IndexKernel.cu:92: operator(): block: [26,0,0], thread: [94,0,0] Assertion `-sizes[i] <= index && index < sizes[i] && "index out of bounds"` failed.
/opt/conda/conda-bld/pytorch_1716905971132/work/aten/src/ATen/native/cuda/IndexKernel.cu:92: operator(): block: [26,0,0], thread: [95,0,0] Assertion `-sizes[i] <= index && index < sizes[i] && "index out of bounds"` failed.
/opt/conda/conda-bld/pytorch_1716905971132/work/aten/src/ATen/native/cuda/IndexKernel.cu:92: operator(): block: [26,0,0], thread: [96,0,0] Assertion `-sizes[i] <= index && index < sizes[i] && "index out of bounds"` failed.
/opt/conda/conda-bld/pytorch_1716905971132/work/aten/src/ATen/native/cuda/IndexKernel.cu:92: operator(): block: [26,0,0], thread: [97,0,0] Assertion `-sizes[i] <= index && index < sizes[i] && "index out of bounds"` failed.
/opt/conda/conda-bld/pytorch_1716905971132/work/aten/src/ATen/native/cuda/IndexKernel.cu:92: operator(): block: [26,0,0], thread: [98,0,0] Assertion `-sizes[i] <= index && index < sizes[i] && "index out of bounds"` failed.
/opt/conda/conda-bld/pytorch_1716905971132/work/aten/src/ATen/native/cuda/IndexKernel.cu:92: operator(): block: [26,0,0], thread: [99,0,0] Assertion `-sizes[i] <= index && index < sizes[i] && "index out of bounds"` failed.
/opt/conda/conda-bld/pytorch_1716905971132/work/aten/src/ATen/native/cuda/IndexKernel.cu:92: operator(): block: [26,0,0], thread: [100,0,0] Assertion `-sizes[i] <= index && index < sizes[i] && "index out of bounds"` failed.
/opt/conda/conda-bld/pytorch_1716905971132/work/aten/src/ATen/native/cuda/IndexKernel.cu:92: operator(): block: [26,0,0], thread: [101,0,0] Assertion `-sizes[i] <= index && index < sizes[i] && "index out of bounds"` failed.
/opt/conda/conda-bld/pytorch_1716905971132/work/aten/src/ATen/native/cuda/IndexKernel.cu:92: operator(): block: [26,0,0], thread: [102,0,0] Assertion `-sizes[i] <= index && index < sizes[i] && "index out of bounds"` failed.
/opt/conda/conda-bld/pytorch_1716905971132/work/aten/src/ATen/native/cuda/IndexKernel.cu:92: operator(): block: [26,0,0], thread: [103,0,0] Assertion `-sizes[i] <= index && index < sizes[i] && "index out of bounds"` failed.
/opt/conda/conda-bld/pytorch_1716905971132/work/aten/src/ATen/native/cuda/IndexKernel.cu:92: operator(): block: [26,0,0], thread: [104,0,0] Assertion `-sizes[i] <= index && index < sizes[i] && "index out of bounds"` failed.
/opt/conda/conda-bld/pytorch_1716905971132/work/aten/src/ATen/native/cuda/IndexKernel.cu:92: operator(): block: [26,0,0], thread: [105,0,0] Assertion `-sizes[i] <= index && index < sizes[i] && "index out of bounds"` failed.
/opt/conda/conda-bld/pytorch_1716905971132/work/aten/src/ATen/native/cuda/IndexKernel.cu:92: operator(): block: [26,0,0], thread: [106,0,0] Assertion `-sizes[i] <= index && index < sizes[i] && "index out of bounds"` failed.
/opt/conda/conda-bld/pytorch_1716905971132/work/aten/src/ATen/native/cuda/IndexKernel.cu:92: operator(): block: [26,0,0], thread: [107,0,0] Assertion `-sizes[i] <= index && index < sizes[i] && "index out of bounds"` failed.
/opt/conda/conda-bld/pytorch_1716905971132/work/aten/src/ATen/native/cuda/IndexKernel.cu:92: operator(): block: [26,0,0], thread: [108,0,0] Assertion `-sizes[i] <= index && index < sizes[i] && "index out of bounds"` failed.
/opt/conda/conda-bld/pytorch_1716905971132/work/aten/src/ATen/native/cuda/IndexKernel.cu:92: operator(): block: [26,0,0], thread: [109,0,0] Assertion `-sizes[i] <= index && index < sizes[i] && "index out of bounds"` failed.
/opt/conda/conda-bld/pytorch_1716905971132/work/aten/src/ATen/native/cuda/IndexKernel.cu:92: operator(): block: [26,0,0], thread: [110,0,0] Assertion `-sizes[i] <= index && index < sizes[i] && "index out of bounds"` failed.
/opt/conda/conda-bld/pytorch_1716905971132/work/aten/src/ATen/native/cuda/IndexKernel.cu:92: operator(): block: [26,0,0], thread: [111,0,0] Assertion `-sizes[i] <= index && index < sizes[i] && "index out of bounds"` failed.
/opt/conda/conda-bld/pytorch_1716905971132/work/aten/src/ATen/native/cuda/IndexKernel.cu:92: operator(): block: [26,0,0], thread: [112,0,0] Assertion `-sizes[i] <= index && index < sizes[i] && "index out of bounds"` failed.
/opt/conda/conda-bld/pytorch_1716905971132/work/aten/src/ATen/native/cuda/IndexKernel.cu:92: operator(): block: [26,0,0], thread: [113,0,0] Assertion `-sizes[i] <= index && index < sizes[i] && "index out of bounds"` failed.
/opt/conda/conda-bld/pytorch_1716905971132/work/aten/src/ATen/native/cuda/IndexKernel.cu:92: operator(): block: [26,0,0], thread: [114,0,0] Assertion `-sizes[i] <= index && index < sizes[i] && "index out of bounds"` failed.
/opt/conda/conda-bld/pytorch_1716905971132/work/aten/src/ATen/native/cuda/IndexKernel.cu:92: operator(): block: [26,0,0], thread: [115,0,0] Assertion `-sizes[i] <= index && index < sizes[i] && "index out of bounds"` failed.
/opt/conda/conda-bld/pytorch_1716905971132/work/aten/src/ATen/native/cuda/IndexKernel.cu:92: operator(): block: [26,0,0], thread: [116,0,0] Assertion `-sizes[i] <= index && index < sizes[i] && "index out of bounds"` failed.
/opt/conda/conda-bld/pytorch_1716905971132/work/aten/src/ATen/native/cuda/IndexKernel.cu:92: operator(): block: [26,0,0], thread: [117,0,0] Assertion `-sizes[i] <= index && index < sizes[i] && "index out of bounds"` failed.
/opt/conda/conda-bld/pytorch_1716905971132/work/aten/src/ATen/native/cuda/IndexKernel.cu:92: operator(): block: [26,0,0], thread: [118,0,0] Assertion `-sizes[i] <= index && index < sizes[i] && "index out of bounds"` failed.
/opt/conda/conda-bld/pytorch_1716905971132/work/aten/src/ATen/native/cuda/IndexKernel.cu:92: operator(): block: [26,0,0], thread: [119,0,0] Assertion `-sizes[i] <= index && index < sizes[i] && "index out of bounds"` failed.
/opt/conda/conda-bld/pytorch_1716905971132/work/aten/src/ATen/native/cuda/IndexKernel.cu:92: operator(): block: [26,0,0], thread: [120,0,0] Assertion `-sizes[i] <= index && index < sizes[i] && "index out of bounds"` failed.
/opt/conda/conda-bld/pytorch_1716905971132/work/aten/src/ATen/native/cuda/IndexKernel.cu:92: operator(): block: [26,0,0], thread: [121,0,0] Assertion `-sizes[i] <= index && index < sizes[i] && "index out of bounds"` failed.
/opt/conda/conda-bld/pytorch_1716905971132/work/aten/src/ATen/native/cuda/IndexKernel.cu:92: operator(): block: [26,0,0], thread: [122,0,0] Assertion `-sizes[i] <= index && index < sizes[i] && "index out of bounds"` failed.
/opt/conda/conda-bld/pytorch_1716905971132/work/aten/src/ATen/native/cuda/IndexKernel.cu:92: operator(): block: [26,0,0], thread: [123,0,0] Assertion `-sizes[i] <= index && index < sizes[i] && "index out of bounds"` failed.
/opt/conda/conda-bld/pytorch_1716905971132/work/aten/src/ATen/native/cuda/IndexKernel.cu:92: operator(): block: [26,0,0], thread: [124,0,0] Assertion `-sizes[i] <= index && index < sizes[i] && "index out of bounds"` failed.
/opt/conda/conda-bld/pytorch_1716905971132/work/aten/src/ATen/native/cuda/IndexKernel.cu:92: operator(): block: [26,0,0], thread: [125,0,0] Assertion `-sizes[i] <= index && index < sizes[i] && "index out of bounds"` failed.
/opt/conda/conda-bld/pytorch_1716905971132/work/aten/src/ATen/native/cuda/IndexKernel.cu:92: operator(): block: [26,0,0], thread: [126,0,0] Assertion `-sizes[i] <= index && index < sizes[i] && "index out of bounds"` failed.
/opt/conda/conda-bld/pytorch_1716905971132/work/aten/src/ATen/native/cuda/IndexKernel.cu:92: operator(): block: [26,0,0], thread: [127,0,0] Assertion `-sizes[i] <= index && index < sizes[i] && "index out of bounds"` failed.
/opt/conda/conda-bld/pytorch_1716905971132/work/aten/src/ATen/native/cuda/IndexKernel.cu:92: operator(): block: [27,0,0], thread: [32,0,0] Assertion `-sizes[i] <= index && index < sizes[i] && "index out of bounds"` failed.
/opt/conda/conda-bld/pytorch_1716905971132/work/aten/src/ATen/native/cuda/IndexKernel.cu:92: operator(): block: [27,0,0], thread: [33,0,0] Assertion `-sizes[i] <= index && index < sizes[i] && "index out of bounds"` failed.
/opt/conda/conda-bld/pytorch_1716905971132/work/aten/src/ATen/native/cuda/IndexKernel.cu:92: operator(): block: [27,0,0], thread: [34,0,0] Assertion `-sizes[i] <= index && index < sizes[i] && "index out of bounds"` failed.
/opt/conda/conda-bld/pytorch_1716905971132/work/aten/src/ATen/native/cuda/IndexKernel.cu:92: operator(): block: [27,0,0], thread: [35,0,0] Assertion `-sizes[i] <= index && index < sizes[i] && "index out of bounds"` failed.
/opt/conda/conda-bld/pytorch_1716905971132/work/aten/src/ATen/native/cuda/IndexKernel.cu:92: operator(): block: [27,0,0], thread: [36,0,0] Assertion `-sizes[i] <= index && index < sizes[i] && "index out of bounds"` failed.
/opt/conda/conda-bld/pytorch_1716905971132/work/aten/src/ATen/native/cuda/IndexKernel.cu:92: operator(): block: [27,0,0], thread: [37,0,0] Assertion `-sizes[i] <= index && index < sizes[i] && "index out of bounds"` failed.
/opt/conda/conda-bld/pytorch_1716905971132/work/aten/src/ATen/native/cuda/IndexKernel.cu:92: operator(): block: [27,0,0], thread: [38,0,0] Assertion `-sizes[i] <= index && index < sizes[i] && "index out of bounds"` failed.
/opt/conda/conda-bld/pytorch_1716905971132/work/aten/src/ATen/native/cuda/IndexKernel.cu:92: operator(): block: [27,0,0], thread: [39,0,0] Assertion `-sizes[i] <= index && index < sizes[i] && "index out of bounds"` failed.
/opt/conda/conda-bld/pytorch_1716905971132/work/aten/src/ATen/native/cuda/IndexKernel.cu:92: operator(): block: [27,0,0], thread: [40,0,0] Assertion `-sizes[i] <= index && index < sizes[i] && "index out of bounds"` failed.
/opt/conda/conda-bld/pytorch_1716905971132/work/aten/src/ATen/native/cuda/IndexKernel.cu:92: operator(): block: [27,0,0], thread: [41,0,0] Assertion `-sizes[i] <= index && index < sizes[i] && "index out of bounds"` failed.
/opt/conda/conda-bld/pytorch_1716905971132/work/aten/src/ATen/native/cuda/IndexKernel.cu:92: operator(): block: [27,0,0], thread: [42,0,0] Assertion `-sizes[i] <= index && index < sizes[i] && "index out of bounds"` failed.
/opt/conda/conda-bld/pytorch_1716905971132/work/aten/src/ATen/native/cuda/IndexKernel.cu:92: operator(): block: [27,0,0], thread: [43,0,0] Assertion `-sizes[i] <= index && index < sizes[i] && "index out of bounds"` failed.
/opt/conda/conda-bld/pytorch_1716905971132/work/aten/src/ATen/native/cuda/IndexKernel.cu:92: operator(): block: [27,0,0], thread: [44,0,0] Assertion `-sizes[i] <= index && index < sizes[i] && "index out of bounds"` failed.
/opt/conda/conda-bld/pytorch_1716905971132/work/aten/src/ATen/native/cuda/IndexKernel.cu:92: operator(): block: [27,0,0], thread: [45,0,0] Assertion `-sizes[i] <= index && index < sizes[i] && "index out of bounds"` failed.
/opt/conda/conda-bld/pytorch_1716905971132/work/aten/src/ATen/native/cuda/IndexKernel.cu:92: operator(): block: [27,0,0], thread: [46,0,0] Assertion `-sizes[i] <= index && index < sizes[i] && "index out of bounds"` failed.
/opt/conda/conda-bld/pytorch_1716905971132/work/aten/src/ATen/native/cuda/IndexKernel.cu:92: operator(): block: [27,0,0], thread: [47,0,0] Assertion `-sizes[i] <= index && index < sizes[i] && "index out of bounds"` failed.
/opt/conda/conda-bld/pytorch_1716905971132/work/aten/src/ATen/native/cuda/IndexKernel.cu:92: operator(): block: [27,0,0], thread: [48,0,0] Assertion `-sizes[i] <= index && index < sizes[i] && "index out of bounds"` failed.
/opt/conda/conda-bld/pytorch_1716905971132/work/aten/src/ATen/native/cuda/IndexKernel.cu:92: operator(): block: [27,0,0], thread: [49,0,0] Assertion `-sizes[i] <= index && index < sizes[i] && "index out of bounds"` failed.
/opt/conda/conda-bld/pytorch_1716905971132/work/aten/src/ATen/native/cuda/IndexKernel.cu:92: operator(): block: [27,0,0], thread: [50,0,0] Assertion `-sizes[i] <= index && index < sizes[i] && "index out of bounds"` failed.
/opt/conda/conda-bld/pytorch_1716905971132/work/aten/src/ATen/native/cuda/IndexKernel.cu:92: operator(): block: [27,0,0], thread: [51,0,0] Assertion `-sizes[i] <= index && index < sizes[i] && "index out of bounds"` failed.
/opt/conda/conda-bld/pytorch_1716905971132/work/aten/src/ATen/native/cuda/IndexKernel.cu:92: operator(): block: [27,0,0], thread: [52,0,0] Assertion `-sizes[i] <= index && index < sizes[i] && "index out of bounds"` failed.
/opt/conda/conda-bld/pytorch_1716905971132/work/aten/src/ATen/native/cuda/IndexKernel.cu:92: operator(): block: [27,0,0], thread: [53,0,0] Assertion `-sizes[i] <= index && index < sizes[i] && "index out of bounds"` failed.
/opt/conda/conda-bld/pytorch_1716905971132/work/aten/src/ATen/native/cuda/IndexKernel.cu:92: operator(): block: [27,0,0], thread: [54,0,0] Assertion `-sizes[i] <= index && index < sizes[i] && "index out of bounds"` failed.
/opt/conda/conda-bld/pytorch_1716905971132/work/aten/src/ATen/native/cuda/IndexKernel.cu:92: operator(): block: [27,0,0], thread: [55,0,0] Assertion `-sizes[i] <= index && index < sizes[i] && "index out of bounds"` failed.
/opt/conda/conda-bld/pytorch_1716905971132/work/aten/src/ATen/native/cuda/IndexKernel.cu:92: operator(): block: [27,0,0], thread: [56,0,0] Assertion `-sizes[i] <= index && index < sizes[i] && "index out of bounds"` failed.
/opt/conda/conda-bld/pytorch_1716905971132/work/aten/src/ATen/native/cuda/IndexKernel.cu:92: operator(): block: [27,0,0], thread: [57,0,0] Assertion `-sizes[i] <= index && index < sizes[i] && "index out of bounds"` failed.
/opt/conda/conda-bld/pytorch_1716905971132/work/aten/src/ATen/native/cuda/IndexKernel.cu:92: operator(): block: [27,0,0], thread: [58,0,0] Assertion `-sizes[i] <= index && index < sizes[i] && "index out of bounds"` failed.
/opt/conda/conda-bld/pytorch_1716905971132/work/aten/src/ATen/native/cuda/IndexKernel.cu:92: operator(): block: [27,0,0], thread: [59,0,0] Assertion `-sizes[i] <= index && index < sizes[i] && "index out of bounds"` failed.
/opt/conda/conda-bld/pytorch_1716905971132/work/aten/src/ATen/native/cuda/IndexKernel.cu:92: operator(): block: [27,0,0], thread: [60,0,0] Assertion `-sizes[i] <= index && index < sizes[i] && "index out of bounds"` failed.
/opt/conda/conda-bld/pytorch_1716905971132/work/aten/src/ATen/native/cuda/IndexKernel.cu:92: operator(): block: [27,0,0], thread: [61,0,0] Assertion `-sizes[i] <= index && index < sizes[i] && "index out of bounds"` failed.
/opt/conda/conda-bld/pytorch_1716905971132/work/aten/src/ATen/native/cuda/IndexKernel.cu:92: operator(): block: [27,0,0], thread: [62,0,0] Assertion `-sizes[i] <= index && index < sizes[i] && "index out of bounds"` failed.
/opt/conda/conda-bld/pytorch_1716905971132/work/aten/src/ATen/native/cuda/IndexKernel.cu:92: operator(): block: [27,0,0], thread: [63,0,0] Assertion `-sizes[i] <= index && index < sizes[i] && "index out of bounds"` failed.
/opt/conda/conda-bld/pytorch_1716905971132/work/aten/src/ATen/native/cuda/IndexKernel.cu:92: operator(): block: [27,0,0], thread: [0,0,0] Assertion `-sizes[i] <= index && index < sizes[i] && "index out of bounds"` failed.
/opt/conda/conda-bld/pytorch_1716905971132/work/aten/src/ATen/native/cuda/IndexKernel.cu:92: operator(): block: [27,0,0], thread: [1,0,0] Assertion `-sizes[i] <= index && index < sizes[i] && "index out of bounds"` failed.
/opt/conda/conda-bld/pytorch_1716905971132/work/aten/src/ATen/native/cuda/IndexKernel.cu:92: operator(): block: [27,0,0], thread: [2,0,0] Assertion `-sizes[i] <= index && index < sizes[i] && "index out of bounds"` failed.
/opt/conda/conda-bld/pytorch_1716905971132/work/aten/src/ATen/native/cuda/IndexKernel.cu:92: operator(): block: [27,0,0], thread: [3,0,0] Assertion `-sizes[i] <= index && index < sizes[i] && "index out of bounds"` failed.
/opt/conda/conda-bld/pytorch_1716905971132/work/aten/src/ATen/native/cuda/IndexKernel.cu:92: operator(): block: [27,0,0], thread: [4,0,0] Assertion `-sizes[i] <= index && index < sizes[i] && "index out of bounds"` failed.
/opt/conda/conda-bld/pytorch_1716905971132/work/aten/src/ATen/native/cuda/IndexKernel.cu:92: operator(): block: [27,0,0], thread: [5,0,0] Assertion `-sizes[i] <= index && index < sizes[i] && "index out of bounds"` failed.
/opt/conda/conda-bld/pytorch_1716905971132/work/aten/src/ATen/native/cuda/IndexKernel.cu:92: operator(): block: [27,0,0], thread: [6,0,0] Assertion `-sizes[i] <= index && index < sizes[i] && "index out of bounds"` failed.
/opt/conda/conda-bld/pytorch_1716905971132/work/aten/src/ATen/native/cuda/IndexKernel.cu:92: operator(): block: [27,0,0], thread: [7,0,0] Assertion `-sizes[i] <= index && index < sizes[i] && "index out of bounds"` failed.
/opt/conda/conda-bld/pytorch_1716905971132/work/aten/src/ATen/native/cuda/IndexKernel.cu:92: operator(): block: [27,0,0], thread: [8,0,0] Assertion `-sizes[i] <= index && index < sizes[i] && "index out of bounds"` failed.
/opt/conda/conda-bld/pytorch_1716905971132/work/aten/src/ATen/native/cuda/IndexKernel.cu:92: operator(): block: [27,0,0], thread: [9,0,0] Assertion `-sizes[i] <= index && index < sizes[i] && "index out of bounds"` failed.
/opt/conda/conda-bld/pytorch_1716905971132/work/aten/src/ATen/native/cuda/IndexKernel.cu:92: operator(): block: [27,0,0], thread: [10,0,0] Assertion `-sizes[i] <= index && index < sizes[i] && "index out of bounds"` failed.
/opt/conda/conda-bld/pytorch_1716905971132/work/aten/src/ATen/native/cuda/IndexKernel.cu:92: operator(): block: [27,0,0], thread: [11,0,0] Assertion `-sizes[i] <= index && index < sizes[i] && "index out of bounds"` failed.
/opt/conda/conda-bld/pytorch_1716905971132/work/aten/src/ATen/native/cuda/IndexKernel.cu:92: operator(): block: [27,0,0], thread: [12,0,0] Assertion `-sizes[i] <= index && index < sizes[i] && "index out of bounds"` failed.
/opt/conda/conda-bld/pytorch_1716905971132/work/aten/src/ATen/native/cuda/IndexKernel.cu:92: operator(): block: [27,0,0], thread: [13,0,0] Assertion `-sizes[i] <= index && index < sizes[i] && "index out of bounds"` failed.
/opt/conda/conda-bld/pytorch_1716905971132/work/aten/src/ATen/native/cuda/IndexKernel.cu:92: operator(): block: [27,0,0], thread: [14,0,0] Assertion `-sizes[i] <= index && index < sizes[i] && "index out of bounds"` failed.
/opt/conda/conda-bld/pytorch_1716905971132/work/aten/src/ATen/native/cuda/IndexKernel.cu:92: operator(): block: [27,0,0], thread: [15,0,0] Assertion `-sizes[i] <= index && index < sizes[i] && "index out of bounds"` failed.
/opt/conda/conda-bld/pytorch_1716905971132/work/aten/src/ATen/native/cuda/IndexKernel.cu:92: operator(): block: [27,0,0], thread: [16,0,0] Assertion `-sizes[i] <= index && index < sizes[i] && "index out of bounds"` failed.
/opt/conda/conda-bld/pytorch_1716905971132/work/aten/src/ATen/native/cuda/IndexKernel.cu:92: operator(): block: [27,0,0], thread: [17,0,0] Assertion `-sizes[i] <= index && index < sizes[i] && "index out of bounds"` failed.
/opt/conda/conda-bld/pytorch_1716905971132/work/aten/src/ATen/native/cuda/IndexKernel.cu:92: operator(): block: [27,0,0], thread: [18,0,0] Assertion `-sizes[i] <= index && index < sizes[i] && "index out of bounds"` failed.
/opt/conda/conda-bld/pytorch_1716905971132/work/aten/src/ATen/native/cuda/IndexKernel.cu:92: operator(): block: [27,0,0], thread: [19,0,0] Assertion `-sizes[i] <= index && index < sizes[i] && "index out of bounds"` failed.
/opt/conda/conda-bld/pytorch_1716905971132/work/aten/src/ATen/native/cuda/IndexKernel.cu:92: operator(): block: [27,0,0], thread: [20,0,0] Assertion `-sizes[i] <= index && index < sizes[i] && "index out of bounds"` failed.
/opt/conda/conda-bld/pytorch_1716905971132/work/aten/src/ATen/native/cuda/IndexKernel.cu:92: operator(): block: [27,0,0], thread: [21,0,0] Assertion `-sizes[i] <= index && index < sizes[i] && "index out of bounds"` failed.
/opt/conda/conda-bld/pytorch_1716905971132/work/aten/src/ATen/native/cuda/IndexKernel.cu:92: operator(): block: [27,0,0], thread: [22,0,0] Assertion `-sizes[i] <= index && index < sizes[i] && "index out of bounds"` failed.
/opt/conda/conda-bld/pytorch_1716905971132/work/aten/src/ATen/native/cuda/IndexKernel.cu:92: operator(): block: [27,0,0], thread: [23,0,0] Assertion `-sizes[i] <= index && index < sizes[i] && "index out of bounds"` failed.
/opt/conda/conda-bld/pytorch_1716905971132/work/aten/src/ATen/native/cuda/IndexKernel.cu:92: operator(): block: [27,0,0], thread: [24,0,0] Assertion `-sizes[i] <= index && index < sizes[i] && "index out of bounds"` failed.
/opt/conda/conda-bld/pytorch_1716905971132/work/aten/src/ATen/native/cuda/IndexKernel.cu:92: operator(): block: [27,0,0], thread: [25,0,0] Assertion `-sizes[i] <= index && index < sizes[i] && "index out of bounds"` failed.
/opt/conda/conda-bld/pytorch_1716905971132/work/aten/src/ATen/native/cuda/IndexKernel.cu:92: operator(): block: [27,0,0], thread: [26,0,0] Assertion `-sizes[i] <= index && index < sizes[i] && "index out of bounds"` failed.
/opt/conda/conda-bld/pytorch_1716905971132/work/aten/src/ATen/native/cuda/IndexKernel.cu:92: operator(): block: [27,0,0], thread: [27,0,0] Assertion `-sizes[i] <= index && index < sizes[i] && "index out of bounds"` failed.
/opt/conda/conda-bld/pytorch_1716905971132/work/aten/src/ATen/native/cuda/IndexKernel.cu:92: operator(): block: [27,0,0], thread: [28,0,0] Assertion `-sizes[i] <= index && index < sizes[i] && "index out of bounds"` failed.
/opt/conda/conda-bld/pytorch_1716905971132/work/aten/src/ATen/native/cuda/IndexKernel.cu:92: operator(): block: [27,0,0], thread: [29,0,0] Assertion `-sizes[i] <= index && index < sizes[i] && "index out of bounds"` failed.
/opt/conda/conda-bld/pytorch_1716905971132/work/aten/src/ATen/native/cuda/IndexKernel.cu:92: operator(): block: [27,0,0], thread: [30,0,0] Assertion `-sizes[i] <= index && index < sizes[i] && "index out of bounds"` failed.
/opt/conda/conda-bld/pytorch_1716905971132/work/aten/src/ATen/native/cuda/IndexKernel.cu:92: operator(): block: [27,0,0], thread: [31,0,0] Assertion `-sizes[i] <= index && index < sizes[i] && "index out of bounds"` failed.
/opt/conda/conda-bld/pytorch_1716905971132/work/aten/src/ATen/native/cuda/IndexKernel.cu:92: operator(): block: [24,0,0], thread: [2,0,0] Assertion `-sizes[i] <= index && index < sizes[i] && "index out of bounds"` failed.
/opt/conda/conda-bld/pytorch_1716905971132/work/aten/src/ATen/native/cuda/IndexKernel.cu:92: operator(): block: [24,0,0], thread: [3,0,0] Assertion `-sizes[i] <= index && index < sizes[i] && "index out of bounds"` failed.
/opt/conda/conda-bld/pytorch_1716905971132/work/aten/src/ATen/native/cuda/IndexKernel.cu:92: operator(): block: [24,0,0], thread: [4,0,0] Assertion `-sizes[i] <= index && index < sizes[i] && "index out of bounds"` failed.
/opt/conda/conda-bld/pytorch_1716905971132/work/aten/src/ATen/native/cuda/IndexKernel.cu:92: operator(): block: [24,0,0], thread: [5,0,0] Assertion `-sizes[i] <= index && index < sizes[i] && "index out of bounds"` failed.
/opt/conda/conda-bld/pytorch_1716905971132/work/aten/src/ATen/native/cuda/IndexKernel.cu:92: operator(): block: [24,0,0], thread: [6,0,0] Assertion `-sizes[i] <= index && index < sizes[i] && "index out of bounds"` failed.
/opt/conda/conda-bld/pytorch_1716905971132/work/aten/src/ATen/native/cuda/IndexKernel.cu:92: operator(): block: [24,0,0], thread: [7,0,0] Assertion `-sizes[i] <= index && index < sizes[i] && "index out of bounds"` failed.
/opt/conda/conda-bld/pytorch_1716905971132/work/aten/src/ATen/native/cuda/IndexKernel.cu:92: operator(): block: [24,0,0], thread: [11,0,0] Assertion `-sizes[i] <= index && index < sizes[i] && "index out of bounds"` failed.
/opt/conda/conda-bld/pytorch_1716905971132/work/aten/src/ATen/native/cuda/IndexKernel.cu:92: operator(): block: [24,0,0], thread: [12,0,0] Assertion `-sizes[i] <= index && index < sizes[i] && "index out of bounds"` failed.
/opt/conda/conda-bld/pytorch_1716905971132/work/aten/src/ATen/native/cuda/IndexKernel.cu:92: operator(): block: [24,0,0], thread: [13,0,0] Assertion `-sizes[i] <= index && index < sizes[i] && "index out of bounds"` failed.
/opt/conda/conda-bld/pytorch_1716905971132/work/aten/src/ATen/native/cuda/IndexKernel.cu:92: operator(): block: [24,0,0], thread: [14,0,0] Assertion `-sizes[i] <= index && index < sizes[i] && "index out of bounds"` failed.
/opt/conda/conda-bld/pytorch_1716905971132/work/aten/src/ATen/native/cuda/IndexKernel.cu:92: operator(): block: [24,0,0], thread: [15,0,0] Assertion `-sizes[i] <= index && index < sizes[i] && "index out of bounds"` failed.
/opt/conda/conda-bld/pytorch_1716905971132/work/aten/src/ATen/native/cuda/IndexKernel.cu:92: operator(): block: [24,0,0], thread: [16,0,0] Assertion `-sizes[i] <= index && index < sizes[i] && "index out of bounds"` failed.
/opt/conda/conda-bld/pytorch_1716905971132/work/aten/src/ATen/native/cuda/IndexKernel.cu:92: operator(): block: [24,0,0], thread: [20,0,0] Assertion `-sizes[i] <= index && index < sizes[i] && "index out of bounds"` failed.
/opt/conda/conda-bld/pytorch_1716905971132/work/aten/src/ATen/native/cuda/IndexKernel.cu:92: operator(): block: [24,0,0], thread: [21,0,0] Assertion `-sizes[i] <= index && index < sizes[i] && "index out of bounds"` failed.
/opt/conda/conda-bld/pytorch_1716905971132/work/aten/src/ATen/native/cuda/IndexKernel.cu:92: operator(): block: [24,0,0], thread: [22,0,0] Assertion `-sizes[i] <= index && index < sizes[i] && "index out of bounds"` failed.
/opt/conda/conda-bld/pytorch_1716905971132/work/aten/src/ATen/native/cuda/IndexKernel.cu:92: operator(): block: [24,0,0], thread: [23,0,0] Assertion `-sizes[i] <= index && index < sizes[i] && "index out of bounds"` failed.
/opt/conda/conda-bld/pytorch_1716905971132/work/aten/src/ATen/native/cuda/IndexKernel.cu:92: operator(): block: [24,0,0], thread: [24,0,0] Assertion `-sizes[i] <= index && index < sizes[i] && "index out of bounds"` failed.
/opt/conda/conda-bld/pytorch_1716905971132/work/aten/src/ATen/native/cuda/IndexKernel.cu:92: operator(): block: [24,0,0], thread: [25,0,0] Assertion `-sizes[i] <= index && index < sizes[i] && "index out of bounds"` failed.
/opt/conda/conda-bld/pytorch_1716905971132/work/aten/src/ATen/native/cuda/IndexKernel.cu:92: operator(): block: [24,0,0], thread: [26,0,0] Assertion `-sizes[i] <= index && index < sizes[i] && "index out of bounds"` failed.
/opt/conda/conda-bld/pytorch_1716905971132/work/aten/src/ATen/native/cuda/IndexKernel.cu:92: operator(): block: [24,0,0], thread: [27,0,0] Assertion `-sizes[i] <= index && index < sizes[i] && "index out of bounds"` failed.
/opt/conda/conda-bld/pytorch_1716905971132/work/aten/src/ATen/native/cuda/IndexKernel.cu:92: operator(): block: [24,0,0], thread: [28,0,0] Assertion `-sizes[i] <= index && index < sizes[i] && "index out of bounds"` failed.
/opt/conda/conda-bld/pytorch_1716905971132/work/aten/src/ATen/native/cuda/IndexKernel.cu:92: operator(): block: [24,0,0], thread: [29,0,0] Assertion `-sizes[i] <= index && index < sizes[i] && "index out of bounds"` failed.
/opt/conda/conda-bld/pytorch_1716905971132/work/aten/src/ATen/native/cuda/IndexKernel.cu:92: operator(): block: [24,0,0], thread: [30,0,0] Assertion `-sizes[i] <= index && index < sizes[i] && "index out of bounds"` failed.
/opt/conda/conda-bld/pytorch_1716905971132/work/aten/src/ATen/native/cuda/IndexKernel.cu:92: operator(): block: [24,0,0], thread: [31,0,0] Assertion `-sizes[i] <= index && index < sizes[i] && "index out of bounds"` failed.
/opt/conda/conda-bld/pytorch_1716905971132/work/aten/src/ATen/native/cuda/IndexKernel.cu:92: operator(): block: [27,0,0], thread: [64,0,0] Assertion `-sizes[i] <= index && index < sizes[i] && "index out of bounds"` failed.
/opt/conda/conda-bld/pytorch_1716905971132/work/aten/src/ATen/native/cuda/IndexKernel.cu:92: operator(): block: [27,0,0], thread: [65,0,0] Assertion `-sizes[i] <= index && index < sizes[i] && "index out of bounds"` failed.
/opt/conda/conda-bld/pytorch_1716905971132/work/aten/src/ATen/native/cuda/IndexKernel.cu:92: operator(): block: [27,0,0], thread: [66,0,0] Assertion `-sizes[i] <= index && index < sizes[i] && "index out of bounds"` failed.
/opt/conda/conda-bld/pytorch_1716905971132/work/aten/src/ATen/native/cuda/IndexKernel.cu:92: operator(): block: [27,0,0], thread: [67,0,0] Assertion `-sizes[i] <= index && index < sizes[i] && "index out of bounds"` failed.
/opt/conda/conda-bld/pytorch_1716905971132/work/aten/src/ATen/native/cuda/IndexKernel.cu:92: operator(): block: [27,0,0], thread: [68,0,0] Assertion `-sizes[i] <= index && index < sizes[i] && "index out of bounds"` failed.
/opt/conda/conda-bld/pytorch_1716905971132/work/aten/src/ATen/native/cuda/IndexKernel.cu:92: operator(): block: [27,0,0], thread: [69,0,0] Assertion `-sizes[i] <= index && index < sizes[i] && "index out of bounds"` failed.
/opt/conda/conda-bld/pytorch_1716905971132/work/aten/src/ATen/native/cuda/IndexKernel.cu:92: operator(): block: [27,0,0], thread: [70,0,0] Assertion `-sizes[i] <= index && index < sizes[i] && "index out of bounds"` failed.
/opt/conda/conda-bld/pytorch_1716905971132/work/aten/src/ATen/native/cuda/IndexKernel.cu:92: operator(): block: [27,0,0], thread: [71,0,0] Assertion `-sizes[i] <= index && index < sizes[i] && "index out of bounds"` failed.
/opt/conda/conda-bld/pytorch_1716905971132/work/aten/src/ATen/native/cuda/IndexKernel.cu:92: operator(): block: [27,0,0], thread: [72,0,0] Assertion `-sizes[i] <= index && index < sizes[i] && "index out of bounds"` failed.
/opt/conda/conda-bld/pytorch_1716905971132/work/aten/src/ATen/native/cuda/IndexKernel.cu:92: operator(): block: [27,0,0], thread: [73,0,0] Assertion `-sizes[i] <= index && index < sizes[i] && "index out of bounds"` failed.
/opt/conda/conda-bld/pytorch_1716905971132/work/aten/src/ATen/native/cuda/IndexKernel.cu:92: operator(): block: [27,0,0], thread: [74,0,0] Assertion `-sizes[i] <= index && index < sizes[i] && "index out of bounds"` failed.
/opt/conda/conda-bld/pytorch_1716905971132/work/aten/src/ATen/native/cuda/IndexKernel.cu:92: operator(): block: [27,0,0], thread: [75,0,0] Assertion `-sizes[i] <= index && index < sizes[i] && "index out of bounds"` failed.
/opt/conda/conda-bld/pytorch_1716905971132/work/aten/src/ATen/native/cuda/IndexKernel.cu:92: operator(): block: [27,0,0], thread: [76,0,0] Assertion `-sizes[i] <= index && index < sizes[i] && "index out of bounds"` failed.
/opt/conda/conda-bld/pytorch_1716905971132/work/aten/src/ATen/native/cuda/IndexKernel.cu:92: operator(): block: [27,0,0], thread: [77,0,0] Assertion `-sizes[i] <= index && index < sizes[i] && "index out of bounds"` failed.
/opt/conda/conda-bld/pytorch_1716905971132/work/aten/src/ATen/native/cuda/IndexKernel.cu:92: operator(): block: [27,0,0], thread: [78,0,0] Assertion `-sizes[i] <= index && index < sizes[i] && "index out of bounds"` failed.
/opt/conda/conda-bld/pytorch_1716905971132/work/aten/src/ATen/native/cuda/IndexKernel.cu:92: operator(): block: [27,0,0], thread: [79,0,0] Assertion `-sizes[i] <= index && index < sizes[i] && "index out of bounds"` failed.
/opt/conda/conda-bld/pytorch_1716905971132/work/aten/src/ATen/native/cuda/IndexKernel.cu:92: operator(): block: [27,0,0], thread: [80,0,0] Assertion `-sizes[i] <= index && index < sizes[i] && "index out of bounds"` failed.
/opt/conda/conda-bld/pytorch_1716905971132/work/aten/src/ATen/native/cuda/IndexKernel.cu:92: operator(): block: [27,0,0], thread: [81,0,0] Assertion `-sizes[i] <= index && index < sizes[i] && "index out of bounds"` failed.
/opt/conda/conda-bld/pytorch_1716905971132/work/aten/src/ATen/native/cuda/IndexKernel.cu:92: operator(): block: [27,0,0], thread: [82,0,0] Assertion `-sizes[i] <= index && index < sizes[i] && "index out of bounds"` failed.
/opt/conda/conda-bld/pytorch_1716905971132/work/aten/src/ATen/native/cuda/IndexKernel.cu:92: operator(): block: [27,0,0], thread: [83,0,0] Assertion `-sizes[i] <= index && index < sizes[i] && "index out of bounds"` failed.
/opt/conda/conda-bld/pytorch_1716905971132/work/aten/src/ATen/native/cuda/IndexKernel.cu:92: operator(): block: [27,0,0], thread: [84,0,0] Assertion `-sizes[i] <= index && index < sizes[i] && "index out of bounds"` failed.
/opt/conda/conda-bld/pytorch_1716905971132/work/aten/src/ATen/native/cuda/IndexKernel.cu:92: operator(): block: [27,0,0], thread: [85,0,0] Assertion `-sizes[i] <= index && index < sizes[i] && "index out of bounds"` failed.
/opt/conda/conda-bld/pytorch_1716905971132/work/aten/src/ATen/native/cuda/IndexKernel.cu:92: operator(): block: [27,0,0], thread: [86,0,0] Assertion `-sizes[i] <= index && index < sizes[i] && "index out of bounds"` failed.
/opt/conda/conda-bld/pytorch_1716905971132/work/aten/src/ATen/native/cuda/IndexKernel.cu:92: operator(): block: [27,0,0], thread: [87,0,0] Assertion `-sizes[i] <= index && index < sizes[i] && "index out of bounds"` failed.
/opt/conda/conda-bld/pytorch_1716905971132/work/aten/src/ATen/native/cuda/IndexKernel.cu:92: operator(): block: [27,0,0], thread: [88,0,0] Assertion `-sizes[i] <= index && index < sizes[i] && "index out of bounds"` failed.
/opt/conda/conda-bld/pytorch_1716905971132/work/aten/src/ATen/native/cuda/IndexKernel.cu:92: operator(): block: [27,0,0], thread: [89,0,0] Assertion `-sizes[i] <= index && index < sizes[i] && "index out of bounds"` failed.
/opt/conda/conda-bld/pytorch_1716905971132/work/aten/src/ATen/native/cuda/IndexKernel.cu:92: operator(): block: [27,0,0], thread: [90,0,0] Assertion `-sizes[i] <= index && index < sizes[i] && "index out of bounds"` failed.
/opt/conda/conda-bld/pytorch_1716905971132/work/aten/src/ATen/native/cuda/IndexKernel.cu:92: operator(): block: [27,0,0], thread: [91,0,0] Assertion `-sizes[i] <= index && index < sizes[i] && "index out of bounds"` failed.
/opt/conda/conda-bld/pytorch_1716905971132/work/aten/src/ATen/native/cuda/IndexKernel.cu:92: operator(): block: [27,0,0], thread: [92,0,0] Assertion `-sizes[i] <= index && index < sizes[i] && "index out of bounds"` failed.
/opt/conda/conda-bld/pytorch_1716905971132/work/aten/src/ATen/native/cuda/IndexKernel.cu:92: operator(): block: [27,0,0], thread: [93,0,0] Assertion `-sizes[i] <= index && index < sizes[i] && "index out of bounds"` failed.
/opt/conda/conda-bld/pytorch_1716905971132/work/aten/src/ATen/native/cuda/IndexKernel.cu:92: operator(): block: [27,0,0], thread: [94,0,0] Assertion `-sizes[i] <= index && index < sizes[i] && "index out of bounds"` failed.
/opt/conda/conda-bld/pytorch_1716905971132/work/aten/src/ATen/native/cuda/IndexKernel.cu:92: operator(): block: [27,0,0], thread: [95,0,0] Assertion `-sizes[i] <= index && index < sizes[i] && "index out of bounds"` failed.
/opt/conda/conda-bld/pytorch_1716905971132/work/aten/src/ATen/native/cuda/IndexKernel.cu:92: operator(): block: [24,0,0], thread: [32,0,0] Assertion `-sizes[i] <= index && index < sizes[i] && "index out of bounds"` failed.
/opt/conda/conda-bld/pytorch_1716905971132/work/aten/src/ATen/native/cuda/IndexKernel.cu:92: operator(): block: [24,0,0], thread: [33,0,0] Assertion `-sizes[i] <= index && index < sizes[i] && "index out of bounds"` failed.
/opt/conda/conda-bld/pytorch_1716905971132/work/aten/src/ATen/native/cuda/IndexKernel.cu:92: operator(): block: [24,0,0], thread: [34,0,0] Assertion `-sizes[i] <= index && index < sizes[i] && "index out of bounds"` failed.
/opt/conda/conda-bld/pytorch_1716905971132/work/aten/src/ATen/native/cuda/IndexKernel.cu:92: operator(): block: [24,0,0], thread: [35,0,0] Assertion `-sizes[i] <= index && index < sizes[i] && "index out of bounds"` failed.
/opt/conda/conda-bld/pytorch_1716905971132/work/aten/src/ATen/native/cuda/IndexKernel.cu:92: operator(): block: [24,0,0], thread: [36,0,0] Assertion `-sizes[i] <= index && index < sizes[i] && "index out of bounds"` failed.
/opt/conda/conda-bld/pytorch_1716905971132/work/aten/src/ATen/native/cuda/IndexKernel.cu:92: operator(): block: [24,0,0], thread: [37,0,0] Assertion `-sizes[i] <= index && index < sizes[i] && "index out of bounds"` failed.
/opt/conda/conda-bld/pytorch_1716905971132/work/aten/src/ATen/native/cuda/IndexKernel.cu:92: operator(): block: [24,0,0], thread: [38,0,0] Assertion `-sizes[i] <= index && index < sizes[i] && "index out of bounds"` failed.
/opt/conda/conda-bld/pytorch_1716905971132/work/aten/src/ATen/native/cuda/IndexKernel.cu:92: operator(): block: [24,0,0], thread: [39,0,0] Assertion `-sizes[i] <= index && index < sizes[i] && "index out of bounds"` failed.
/opt/conda/conda-bld/pytorch_1716905971132/work/aten/src/ATen/native/cuda/IndexKernel.cu:92: operator(): block: [24,0,0], thread: [40,0,0] Assertion `-sizes[i] <= index && index < sizes[i] && "index out of bounds"` failed.
/opt/conda/conda-bld/pytorch_1716905971132/work/aten/src/ATen/native/cuda/IndexKernel.cu:92: operator(): block: [24,0,0], thread: [41,0,0] Assertion `-sizes[i] <= index && index < sizes[i] && "index out of bounds"` failed.
/opt/conda/conda-bld/pytorch_1716905971132/work/aten/src/ATen/native/cuda/IndexKernel.cu:92: operator(): block: [24,0,0], thread: [42,0,0] Assertion `-sizes[i] <= index && index < sizes[i] && "index out of bounds"` failed.
/opt/conda/conda-bld/pytorch_1716905971132/work/aten/src/ATen/native/cuda/IndexKernel.cu:92: operator(): block: [24,0,0], thread: [43,0,0] Assertion `-sizes[i] <= index && index < sizes[i] && "index out of bounds"` failed.
/opt/conda/conda-bld/pytorch_1716905971132/work/aten/src/ATen/native/cuda/IndexKernel.cu:92: operator(): block: [24,0,0], thread: [44,0,0] Assertion `-sizes[i] <= index && index < sizes[i] && "index out of bounds"` failed.
/opt/conda/conda-bld/pytorch_1716905971132/work/aten/src/ATen/native/cuda/IndexKernel.cu:92: operator(): block: [24,0,0], thread: [45,0,0] Assertion `-sizes[i] <= index && index < sizes[i] && "index out of bounds"` failed.
/opt/conda/conda-bld/pytorch_1716905971132/work/aten/src/ATen/native/cuda/IndexKernel.cu:92: operator(): block: [24,0,0], thread: [46,0,0] Assertion `-sizes[i] <= index && index < sizes[i] && "index out of bounds"` failed.
/opt/conda/conda-bld/pytorch_1716905971132/work/aten/src/ATen/native/cuda/IndexKernel.cu:92: operator(): block: [24,0,0], thread: [47,0,0] Assertion `-sizes[i] <= index && index < sizes[i] && "index out of bounds"` failed.
/opt/conda/conda-bld/pytorch_1716905971132/work/aten/src/ATen/native/cuda/IndexKernel.cu:92: operator(): block: [24,0,0], thread: [48,0,0] Assertion `-sizes[i] <= index && index < sizes[i] && "index out of bounds"` failed.
/opt/conda/conda-bld/pytorch_1716905971132/work/aten/src/ATen/native/cuda/IndexKernel.cu:92: operator(): block: [24,0,0], thread: [49,0,0] Assertion `-sizes[i] <= index && index < sizes[i] && "index out of bounds"` failed.
/opt/conda/conda-bld/pytorch_1716905971132/work/aten/src/ATen/native/cuda/IndexKernel.cu:92: operator(): block: [24,0,0], thread: [50,0,0] Assertion `-sizes[i] <= index && index < sizes[i] && "index out of bounds"` failed.
/opt/conda/conda-bld/pytorch_1716905971132/work/aten/src/ATen/native/cuda/IndexKernel.cu:92: operator(): block: [24,0,0], thread: [51,0,0] Assertion `-sizes[i] <= index && index < sizes[i] && "index out of bounds"` failed.
/opt/conda/conda-bld/pytorch_1716905971132/work/aten/src/ATen/native/cuda/IndexKernel.cu:92: operator(): block: [24,0,0], thread: [52,0,0] Assertion `-sizes[i] <= index && index < sizes[i] && "index out of bounds"` failed.
/opt/conda/conda-bld/pytorch_1716905971132/work/aten/src/ATen/native/cuda/IndexKernel.cu:92: operator(): block: [24,0,0], thread: [53,0,0] Assertion `-sizes[i] <= index && index < sizes[i] && "index out of bounds"` failed.
/opt/conda/conda-bld/pytorch_1716905971132/work/aten/src/ATen/native/cuda/IndexKernel.cu:92: operator(): block: [24,0,0], thread: [54,0,0] Assertion `-sizes[i] <= index && index < sizes[i] && "index out of bounds"` failed.
/opt/conda/conda-bld/pytorch_1716905971132/work/aten/src/ATen/native/cuda/IndexKernel.cu:92: operator(): block: [24,0,0], thread: [55,0,0] Assertion `-sizes[i] <= index && index < sizes[i] && "index out of bounds"` failed.
/opt/conda/conda-bld/pytorch_1716905971132/work/aten/src/ATen/native/cuda/IndexKernel.cu:92: operator(): block: [24,0,0], thread: [56,0,0] Assertion `-sizes[i] <= index && index < sizes[i] && "index out of bounds"` failed.
/opt/conda/conda-bld/pytorch_1716905971132/work/aten/src/ATen/native/cuda/IndexKernel.cu:92: operator(): block: [24,0,0], thread: [57,0,0] Assertion `-sizes[i] <= index && index < sizes[i] && "index out of bounds"` failed.
/opt/conda/conda-bld/pytorch_1716905971132/work/aten/src/ATen/native/cuda/IndexKernel.cu:92: operator(): block: [24,0,0], thread: [58,0,0] Assertion `-sizes[i] <= index && index < sizes[i] && "index out of bounds"` failed.
/opt/conda/conda-bld/pytorch_1716905971132/work/aten/src/ATen/native/cuda/IndexKernel.cu:92: operator(): block: [24,0,0], thread: [59,0,0] Assertion `-sizes[i] <= index && index < sizes[i] && "index out of bounds"` failed.
/opt/conda/conda-bld/pytorch_1716905971132/work/aten/src/ATen/native/cuda/IndexKernel.cu:92: operator(): block: [24,0,0], thread: [60,0,0] Assertion `-sizes[i] <= index && index < sizes[i] && "index out of bounds"` failed.
/opt/conda/conda-bld/pytorch_1716905971132/work/aten/src/ATen/native/cuda/IndexKernel.cu:92: operator(): block: [24,0,0], thread: [61,0,0] Assertion `-sizes[i] <= index && index < sizes[i] && "index out of bounds"` failed.
/opt/conda/conda-bld/pytorch_1716905971132/work/aten/src/ATen/native/cuda/IndexKernel.cu:92: operator(): block: [24,0,0], thread: [62,0,0] Assertion `-sizes[i] <= index && index < sizes[i] && "index out of bounds"` failed.
/opt/conda/conda-bld/pytorch_1716905971132/work/aten/src/ATen/native/cuda/IndexKernel.cu:92: operator(): block: [24,0,0], thread: [63,0,0] Assertion `-sizes[i] <= index && index < sizes[i] && "index out of bounds"` failed.
/opt/conda/conda-bld/pytorch_1716905971132/work/aten/src/ATen/native/cuda/IndexKernel.cu:92: operator(): block: [24,0,0], thread: [64,0,0] Assertion `-sizes[i] <= index && index < sizes[i] && "index out of bounds"` failed.
/opt/conda/conda-bld/pytorch_1716905971132/work/aten/src/ATen/native/cuda/IndexKernel.cu:92: operator(): block: [24,0,0], thread: [65,0,0] Assertion `-sizes[i] <= index && index < sizes[i] && "index out of bounds"` failed.
/opt/conda/conda-bld/pytorch_1716905971132/work/aten/src/ATen/native/cuda/IndexKernel.cu:92: operator(): block: [24,0,0], thread: [66,0,0] Assertion `-sizes[i] <= index && index < sizes[i] && "index out of bounds"` failed.
/opt/conda/conda-bld/pytorch_1716905971132/work/aten/src/ATen/native/cuda/IndexKernel.cu:92: operator(): block: [24,0,0], thread: [67,0,0] Assertion `-sizes[i] <= index && index < sizes[i] && "index out of bounds"` failed.
/opt/conda/conda-bld/pytorch_1716905971132/work/aten/src/ATen/native/cuda/IndexKernel.cu:92: operator(): block: [24,0,0], thread: [68,0,0] Assertion `-sizes[i] <= index && index < sizes[i] && "index out of bounds"` failed.
/opt/conda/conda-bld/pytorch_1716905971132/work/aten/src/ATen/native/cuda/IndexKernel.cu:92: operator(): block: [24,0,0], thread: [69,0,0] Assertion `-sizes[i] <= index && index < sizes[i] && "index out of bounds"` failed.
/opt/conda/conda-bld/pytorch_1716905971132/work/aten/src/ATen/native/cuda/IndexKernel.cu:92: operator(): block: [24,0,0], thread: [70,0,0] Assertion `-sizes[i] <= index && index < sizes[i] && "index out of bounds"` failed.
/opt/conda/conda-bld/pytorch_1716905971132/work/aten/src/ATen/native/cuda/IndexKernel.cu:92: operator(): block: [24,0,0], thread: [71,0,0] Assertion `-sizes[i] <= index && index < sizes[i] && "index out of bounds"` failed.
/opt/conda/conda-bld/pytorch_1716905971132/work/aten/src/ATen/native/cuda/IndexKernel.cu:92: operator(): block: [24,0,0], thread: [72,0,0] Assertion `-sizes[i] <= index && index < sizes[i] && "index out of bounds"` failed.
/opt/conda/conda-bld/pytorch_1716905971132/work/aten/src/ATen/native/cuda/IndexKernel.cu:92: operator(): block: [24,0,0], thread: [73,0,0] Assertion `-sizes[i] <= index && index < sizes[i] && "index out of bounds"` failed.
/opt/conda/conda-bld/pytorch_1716905971132/work/aten/src/ATen/native/cuda/IndexKernel.cu:92: operator(): block: [24,0,0], thread: [74,0,0] Assertion `-sizes[i] <= index && index < sizes[i] && "index out of bounds"` failed.
/opt/conda/conda-bld/pytorch_1716905971132/work/aten/src/ATen/native/cuda/IndexKernel.cu:92: operator(): block: [24,0,0], thread: [75,0,0] Assertion `-sizes[i] <= index && index < sizes[i] && "index out of bounds"` failed.
/opt/conda/conda-bld/pytorch_1716905971132/work/aten/src/ATen/native/cuda/IndexKernel.cu:92: operator(): block: [24,0,0], thread: [76,0,0] Assertion `-sizes[i] <= index && index < sizes[i] && "index out of bounds"` failed.
/opt/conda/conda-bld/pytorch_1716905971132/work/aten/src/ATen/native/cuda/IndexKernel.cu:92: operator(): block: [24,0,0], thread: [77,0,0] Assertion `-sizes[i] <= index && index < sizes[i] && "index out of bounds"` failed.
/opt/conda/conda-bld/pytorch_1716905971132/work/aten/src/ATen/native/cuda/IndexKernel.cu:92: operator(): block: [24,0,0], thread: [78,0,0] Assertion `-sizes[i] <= index && index < sizes[i] && "index out of bounds"` failed.
/opt/conda/conda-bld/pytorch_1716905971132/work/aten/src/ATen/native/cuda/IndexKernel.cu:92: operator(): block: [24,0,0], thread: [79,0,0] Assertion `-sizes[i] <= index && index < sizes[i] && "index out of bounds"` failed.
/opt/conda/conda-bld/pytorch_1716905971132/work/aten/src/ATen/native/cuda/IndexKernel.cu:92: operator(): block: [24,0,0], thread: [80,0,0] Assertion `-sizes[i] <= index && index < sizes[i] && "index out of bounds"` failed.
/opt/conda/conda-bld/pytorch_1716905971132/work/aten/src/ATen/native/cuda/IndexKernel.cu:92: operator(): block: [24,0,0], thread: [81,0,0] Assertion `-sizes[i] <= index && index < sizes[i] && "index out of bounds"` failed.
/opt/conda/conda-bld/pytorch_1716905971132/work/aten/src/ATen/native/cuda/IndexKernel.cu:92: operator(): block: [24,0,0], thread: [82,0,0] Assertion `-sizes[i] <= index && index < sizes[i] && "index out of bounds"` failed.
/opt/conda/conda-bld/pytorch_1716905971132/work/aten/src/ATen/native/cuda/IndexKernel.cu:92: operator(): block: [24,0,0], thread: [83,0,0] Assertion `-sizes[i] <= index && index < sizes[i] && "index out of bounds"` failed.
/opt/conda/conda-bld/pytorch_1716905971132/work/aten/src/ATen/native/cuda/IndexKernel.cu:92: operator(): block: [24,0,0], thread: [84,0,0] Assertion `-sizes[i] <= index && index < sizes[i] && "index out of bounds"` failed.
/opt/conda/conda-bld/pytorch_1716905971132/work/aten/src/ATen/native/cuda/IndexKernel.cu:92: operator(): block: [24,0,0], thread: [85,0,0] Assertion `-sizes[i] <= index && index < sizes[i] && "index out of bounds"` failed.
/opt/conda/conda-bld/pytorch_1716905971132/work/aten/src/ATen/native/cuda/IndexKernel.cu:92: operator(): block: [24,0,0], thread: [86,0,0] Assertion `-sizes[i] <= index && index < sizes[i] && "index out of bounds"` failed.
/opt/conda/conda-bld/pytorch_1716905971132/work/aten/src/ATen/native/cuda/IndexKernel.cu:92: operator(): block: [24,0,0], thread: [87,0,0] Assertion `-sizes[i] <= index && index < sizes[i] && "index out of bounds"` failed.
/opt/conda/conda-bld/pytorch_1716905971132/work/aten/src/ATen/native/cuda/IndexKernel.cu:92: operator(): block: [24,0,0], thread: [88,0,0] Assertion `-sizes[i] <= index && index < sizes[i] && "index out of bounds"` failed.
/opt/conda/conda-bld/pytorch_1716905971132/work/aten/src/ATen/native/cuda/IndexKernel.cu:92: operator(): block: [24,0,0], thread: [89,0,0] Assertion `-sizes[i] <= index && index < sizes[i] && "index out of bounds"` failed.
/opt/conda/conda-bld/pytorch_1716905971132/work/aten/src/ATen/native/cuda/IndexKernel.cu:92: operator(): block: [24,0,0], thread: [90,0,0] Assertion `-sizes[i] <= index && index < sizes[i] && "index out of bounds"` failed.
/opt/conda/conda-bld/pytorch_1716905971132/work/aten/src/ATen/native/cuda/IndexKernel.cu:92: operator(): block: [24,0,0], thread: [91,0,0] Assertion `-sizes[i] <= index && index < sizes[i] && "index out of bounds"` failed.
/opt/conda/conda-bld/pytorch_1716905971132/work/aten/src/ATen/native/cuda/IndexKernel.cu:92: operator(): block: [24,0,0], thread: [92,0,0] Assertion `-sizes[i] <= index && index < sizes[i] && "index out of bounds"` failed.
/opt/conda/conda-bld/pytorch_1716905971132/work/aten/src/ATen/native/cuda/IndexKernel.cu:92: operator(): block: [24,0,0], thread: [93,0,0] Assertion `-sizes[i] <= index && index < sizes[i] && "index out of bounds"` failed.
/opt/conda/conda-bld/pytorch_1716905971132/work/aten/src/ATen/native/cuda/IndexKernel.cu:92: operator(): block: [24,0,0], thread: [94,0,0] Assertion `-sizes[i] <= index && index < sizes[i] && "index out of bounds"` failed.
/opt/conda/conda-bld/pytorch_1716905971132/work/aten/src/ATen/native/cuda/IndexKernel.cu:92: operator(): block: [24,0,0], thread: [95,0,0] Assertion `-sizes[i] <= index && index < sizes[i] && "index out of bounds"` failed.
/opt/conda/conda-bld/pytorch_1716905971132/work/aten/src/ATen/native/cuda/IndexKernel.cu:92: operator(): block: [52,0,0], thread: [1,0,0] Assertion `-sizes[i] <= index && index < sizes[i] && "index out of bounds"` failed.
/opt/conda/conda-bld/pytorch_1716905971132/work/aten/src/ATen/native/cuda/IndexKernel.cu:92: operator(): block: [52,0,0], thread: [2,0,0] Assertion `-sizes[i] <= index && index < sizes[i] && "index out of bounds"` failed.
/opt/conda/conda-bld/pytorch_1716905971132/work/aten/src/ATen/native/cuda/IndexKernel.cu:92: operator(): block: [52,0,0], thread: [3,0,0] Assertion `-sizes[i] <= index && index < sizes[i] && "index out of bounds"` failed.
/opt/conda/conda-bld/pytorch_1716905971132/work/aten/src/ATen/native/cuda/IndexKernel.cu:92: operator(): block: [52,0,0], thread: [10,0,0] Assertion `-sizes[i] <= index && index < sizes[i] && "index out of bounds"` failed.
/opt/conda/conda-bld/pytorch_1716905971132/work/aten/src/ATen/native/cuda/IndexKernel.cu:92: operator(): block: [52,0,0], thread: [11,0,0] Assertion `-sizes[i] <= index && index < sizes[i] && "index out of bounds"` failed.
/opt/conda/conda-bld/pytorch_1716905971132/work/aten/src/ATen/native/cuda/IndexKernel.cu:92: operator(): block: [52,0,0], thread: [12,0,0] Assertion `-sizes[i] <= index && index < sizes[i] && "index out of bounds"` failed.
/opt/conda/conda-bld/pytorch_1716905971132/work/aten/src/ATen/native/cuda/IndexKernel.cu:92: operator(): block: [52,0,0], thread: [13,0,0] Assertion `-sizes[i] <= index && index < sizes[i] && "index out of bounds"` failed.
/opt/conda/conda-bld/pytorch_1716905971132/work/aten/src/ATen/native/cuda/IndexKernel.cu:92: operator(): block: [52,0,0], thread: [14,0,0] Assertion `-sizes[i] <= index && index < sizes[i] && "index out of bounds"` failed.
/opt/conda/conda-bld/pytorch_1716905971132/work/aten/src/ATen/native/cuda/IndexKernel.cu:92: operator(): block: [52,0,0], thread: [15,0,0] Assertion `-sizes[i] <= index && index < sizes[i] && "index out of bounds"` failed.
/opt/conda/conda-bld/pytorch_1716905971132/work/aten/src/ATen/native/cuda/IndexKernel.cu:92: operator(): block: [52,0,0], thread: [25,0,0] Assertion `-sizes[i] <= index && index < sizes[i] && "index out of bounds"` failed.
/opt/conda/conda-bld/pytorch_1716905971132/work/aten/src/ATen/native/cuda/IndexKernel.cu:92: operator(): block: [52,0,0], thread: [26,0,0] Assertion `-sizes[i] <= index && index < sizes[i] && "index out of bounds"` failed.
/opt/conda/conda-bld/pytorch_1716905971132/work/aten/src/ATen/native/cuda/IndexKernel.cu:92: operator(): block: [52,0,0], thread: [27,0,0] Assertion `-sizes[i] <= index && index < sizes[i] && "index out of bounds"` failed.
/opt/conda/conda-bld/pytorch_1716905971132/work/aten/src/ATen/native/cuda/IndexKernel.cu:92: operator(): block: [52,0,0], thread: [28,0,0] Assertion `-sizes[i] <= index && index < sizes[i] && "index out of bounds"` failed.
/opt/conda/conda-bld/pytorch_1716905971132/work/aten/src/ATen/native/cuda/IndexKernel.cu:92: operator(): block: [52,0,0], thread: [29,0,0] Assertion `-sizes[i] <= index && index < sizes[i] && "index out of bounds"` failed.
/opt/conda/conda-bld/pytorch_1716905971132/work/aten/src/ATen/native/cuda/IndexKernel.cu:92: operator(): block: [52,0,0], thread: [30,0,0] Assertion `-sizes[i] <= index && index < sizes[i] && "index out of bounds"` failed.
/opt/conda/conda-bld/pytorch_1716905971132/work/aten/src/ATen/native/cuda/IndexKernel.cu:92: operator(): block: [55,0,0], thread: [1,0,0] Assertion `-sizes[i] <= index && index < sizes[i] && "index out of bounds"` failed.
/opt/conda/conda-bld/pytorch_1716905971132/work/aten/src/ATen/native/cuda/IndexKernel.cu:92: operator(): block: [55,0,0], thread: [2,0,0] Assertion `-sizes[i] <= index && index < sizes[i] && "index out of bounds"` failed.
/opt/conda/conda-bld/pytorch_1716905971132/work/aten/src/ATen/native/cuda/IndexKernel.cu:92: operator(): block: [55,0,0], thread: [3,0,0] Assertion `-sizes[i] <= index && index < sizes[i] && "index out of bounds"` failed.
/opt/conda/conda-bld/pytorch_1716905971132/work/aten/src/ATen/native/cuda/IndexKernel.cu:92: operator(): block: [55,0,0], thread: [4,0,0] Assertion `-sizes[i] <= index && index < sizes[i] && "index out of bounds"` failed.
/opt/conda/conda-bld/pytorch_1716905971132/work/aten/src/ATen/native/cuda/IndexKernel.cu:92: operator(): block: [55,0,0], thread: [5,0,0] Assertion `-sizes[i] <= index && index < sizes[i] && "index out of bounds"` failed.
/opt/conda/conda-bld/pytorch_1716905971132/work/aten/src/ATen/native/cuda/IndexKernel.cu:92: operator(): block: [55,0,0], thread: [6,0,0] Assertion `-sizes[i] <= index && index < sizes[i] && "index out of bounds"` failed.
/opt/conda/conda-bld/pytorch_1716905971132/work/aten/src/ATen/native/cuda/IndexKernel.cu:92: operator(): block: [55,0,0], thread: [7,0,0] Assertion `-sizes[i] <= index && index < sizes[i] && "index out of bounds"` failed.
/opt/conda/conda-bld/pytorch_1716905971132/work/aten/src/ATen/native/cuda/IndexKernel.cu:92: operator(): block: [55,0,0], thread: [8,0,0] Assertion `-sizes[i] <= index && index < sizes[i] && "index out of bounds"` failed.
/opt/conda/conda-bld/pytorch_1716905971132/work/aten/src/ATen/native/cuda/IndexKernel.cu:92: operator(): block: [55,0,0], thread: [9,0,0] Assertion `-sizes[i] <= index && index < sizes[i] && "index out of bounds"` failed.
/opt/conda/conda-bld/pytorch_1716905971132/work/aten/src/ATen/native/cuda/IndexKernel.cu:92: operator(): block: [55,0,0], thread: [10,0,0] Assertion `-sizes[i] <= index && index < sizes[i] && "index out of bounds"` failed.
/opt/conda/conda-bld/pytorch_1716905971132/work/aten/src/ATen/native/cuda/IndexKernel.cu:92: operator(): block: [55,0,0], thread: [11,0,0] Assertion `-sizes[i] <= index && index < sizes[i] && "index out of bounds"` failed.
/opt/conda/conda-bld/pytorch_1716905971132/work/aten/src/ATen/native/cuda/IndexKernel.cu:92: operator(): block: [55,0,0], thread: [12,0,0] Assertion `-sizes[i] <= index && index < sizes[i] && "index out of bounds"` failed.
/opt/conda/conda-bld/pytorch_1716905971132/work/aten/src/ATen/native/cuda/IndexKernel.cu:92: operator(): block: [55,0,0], thread: [13,0,0] Assertion `-sizes[i] <= index && index < sizes[i] && "index out of bounds"` failed.
/opt/conda/conda-bld/pytorch_1716905971132/work/aten/src/ATen/native/cuda/IndexKernel.cu:92: operator(): block: [55,0,0], thread: [14,0,0] Assertion `-sizes[i] <= index && index < sizes[i] && "index out of bounds"` failed.
/opt/conda/conda-bld/pytorch_1716905971132/work/aten/src/ATen/native/cuda/IndexKernel.cu:92: operator(): block: [55,0,0], thread: [15,0,0] Assertion `-sizes[i] <= index && index < sizes[i] && "index out of bounds"` failed.
/opt/conda/conda-bld/pytorch_1716905971132/work/aten/src/ATen/native/cuda/IndexKernel.cu:92: operator(): block: [55,0,0], thread: [16,0,0] Assertion `-sizes[i] <= index && index < sizes[i] && "index out of bounds"` failed.
/opt/conda/conda-bld/pytorch_1716905971132/work/aten/src/ATen/native/cuda/IndexKernel.cu:92: operator(): block: [55,0,0], thread: [17,0,0] Assertion `-sizes[i] <= index && index < sizes[i] && "index out of bounds"` failed.
/opt/conda/conda-bld/pytorch_1716905971132/work/aten/src/ATen/native/cuda/IndexKernel.cu:92: operator(): block: [55,0,0], thread: [18,0,0] Assertion `-sizes[i] <= index && index < sizes[i] && "index out of bounds"` failed.
/opt/conda/conda-bld/pytorch_1716905971132/work/aten/src/ATen/native/cuda/IndexKernel.cu:92: operator(): block: [55,0,0], thread: [19,0,0] Assertion `-sizes[i] <= index && index < sizes[i] && "index out of bounds"` failed.
/opt/conda/conda-bld/pytorch_1716905971132/work/aten/src/ATen/native/cuda/IndexKernel.cu:92: operator(): block: [55,0,0], thread: [20,0,0] Assertion `-sizes[i] <= index && index < sizes[i] && "index out of bounds"` failed.
/opt/conda/conda-bld/pytorch_1716905971132/work/aten/src/ATen/native/cuda/IndexKernel.cu:92: operator(): block: [55,0,0], thread: [21,0,0] Assertion `-sizes[i] <= index && index < sizes[i] && "index out of bounds"` failed.
/opt/conda/conda-bld/pytorch_1716905971132/work/aten/src/ATen/native/cuda/IndexKernel.cu:92: operator(): block: [55,0,0], thread: [22,0,0] Assertion `-sizes[i] <= index && index < sizes[i] && "index out of bounds"` failed.
/opt/conda/conda-bld/pytorch_1716905971132/work/aten/src/ATen/native/cuda/IndexKernel.cu:92: operator(): block: [55,0,0], thread: [23,0,0] Assertion `-sizes[i] <= index && index < sizes[i] && "index out of bounds"` failed.
/opt/conda/conda-bld/pytorch_1716905971132/work/aten/src/ATen/native/cuda/IndexKernel.cu:92: operator(): block: [55,0,0], thread: [24,0,0] Assertion `-sizes[i] <= index && index < sizes[i] && "index out of bounds"` failed.
/opt/conda/conda-bld/pytorch_1716905971132/work/aten/src/ATen/native/cuda/IndexKernel.cu:92: operator(): block: [55,0,0], thread: [25,0,0] Assertion `-sizes[i] <= index && index < sizes[i] && "index out of bounds"` failed.
/opt/conda/conda-bld/pytorch_1716905971132/work/aten/src/ATen/native/cuda/IndexKernel.cu:92: operator(): block: [55,0,0], thread: [26,0,0] Assertion `-sizes[i] <= index && index < sizes[i] && "index out of bounds"` failed.
/opt/conda/conda-bld/pytorch_1716905971132/work/aten/src/ATen/native/cuda/IndexKernel.cu:92: operator(): block: [55,0,0], thread: [27,0,0] Assertion `-sizes[i] <= index && index < sizes[i] && "index out of bounds"` failed.
/opt/conda/conda-bld/pytorch_1716905971132/work/aten/src/ATen/native/cuda/IndexKernel.cu:92: operator(): block: [55,0,0], thread: [28,0,0] Assertion `-sizes[i] <= index && index < sizes[i] && "index out of bounds"` failed.
/opt/conda/conda-bld/pytorch_1716905971132/work/aten/src/ATen/native/cuda/IndexKernel.cu:92: operator(): block: [55,0,0], thread: [29,0,0] Assertion `-sizes[i] <= index && index < sizes[i] && "index out of bounds"` failed.
/opt/conda/conda-bld/pytorch_1716905971132/work/aten/src/ATen/native/cuda/IndexKernel.cu:92: operator(): block: [55,0,0], thread: [30,0,0] Assertion `-sizes[i] <= index && index < sizes[i] && "index out of bounds"` failed.
/opt/conda/conda-bld/pytorch_1716905971132/work/aten/src/ATen/native/cuda/IndexKernel.cu:92: operator(): block: [55,0,0], thread: [31,0,0] Assertion `-sizes[i] <= index && index < sizes[i] && "index out of bounds"` failed.
/opt/conda/conda-bld/pytorch_1716905971132/work/aten/src/ATen/native/cuda/IndexKernel.cu:92: operator(): block: [52,0,0], thread: [34,0,0] Assertion `-sizes[i] <= index && index < sizes[i] && "index out of bounds"` failed.
/opt/conda/conda-bld/pytorch_1716905971132/work/aten/src/ATen/native/cuda/IndexKernel.cu:92: operator(): block: [52,0,0], thread: [35,0,0] Assertion `-sizes[i] <= index && index < sizes[i] && "index out of bounds"` failed.
/opt/conda/conda-bld/pytorch_1716905971132/work/aten/src/ATen/native/cuda/IndexKernel.cu:92: operator(): block: [52,0,0], thread: [36,0,0] Assertion `-sizes[i] <= index && index < sizes[i] && "index out of bounds"` failed.
/opt/conda/conda-bld/pytorch_1716905971132/work/aten/src/ATen/native/cuda/IndexKernel.cu:92: operator(): block: [52,0,0], thread: [37,0,0] Assertion `-sizes[i] <= index && index < sizes[i] && "index out of bounds"` failed.
/opt/conda/conda-bld/pytorch_1716905971132/work/aten/src/ATen/native/cuda/IndexKernel.cu:92: operator(): block: [52,0,0], thread: [38,0,0] Assertion `-sizes[i] <= index && index < sizes[i] && "index out of bounds"` failed.
/opt/conda/conda-bld/pytorch_1716905971132/work/aten/src/ATen/native/cuda/IndexKernel.cu:92: operator(): block: [52,0,0], thread: [39,0,0] Assertion `-sizes[i] <= index && index < sizes[i] && "index out of bounds"` failed.
/opt/conda/conda-bld/pytorch_1716905971132/work/aten/src/ATen/native/cuda/IndexKernel.cu:92: operator(): block: [52,0,0], thread: [43,0,0] Assertion `-sizes[i] <= index && index < sizes[i] && "index out of bounds"` failed.
/opt/conda/conda-bld/pytorch_1716905971132/work/aten/src/ATen/native/cuda/IndexKernel.cu:92: operator(): block: [52,0,0], thread: [44,0,0] Assertion `-sizes[i] <= index && index < sizes[i] && "index out of bounds"` failed.
/opt/conda/conda-bld/pytorch_1716905971132/work/aten/src/ATen/native/cuda/IndexKernel.cu:92: operator(): block: [52,0,0], thread: [45,0,0] Assertion `-sizes[i] <= index && index < sizes[i] && "index out of bounds"` failed.
/opt/conda/conda-bld/pytorch_1716905971132/work/aten/src/ATen/native/cuda/IndexKernel.cu:92: operator(): block: [52,0,0], thread: [46,0,0] Assertion `-sizes[i] <= index && index < sizes[i] && "index out of bounds"` failed.
/opt/conda/conda-bld/pytorch_1716905971132/work/aten/src/ATen/native/cuda/IndexKernel.cu:92: operator(): block: [52,0,0], thread: [47,0,0] Assertion `-sizes[i] <= index && index < sizes[i] && "index out of bounds"` failed.
/opt/conda/conda-bld/pytorch_1716905971132/work/aten/src/ATen/native/cuda/IndexKernel.cu:92: operator(): block: [52,0,0], thread: [48,0,0] Assertion `-sizes[i] <= index && index < sizes[i] && "index out of bounds"` failed.
/opt/conda/conda-bld/pytorch_1716905971132/work/aten/src/ATen/native/cuda/IndexKernel.cu:92: operator(): block: [52,0,0], thread: [49,0,0] Assertion `-sizes[i] <= index && index < sizes[i] && "index out of bounds"` failed.
/opt/conda/conda-bld/pytorch_1716905971132/work/aten/src/ATen/native/cuda/IndexKernel.cu:92: operator(): block: [52,0,0], thread: [50,0,0] Assertion `-sizes[i] <= index && index < sizes[i] && "index out of bounds"` failed.
/opt/conda/conda-bld/pytorch_1716905971132/work/aten/src/ATen/native/cuda/IndexKernel.cu:92: operator(): block: [52,0,0], thread: [51,0,0] Assertion `-sizes[i] <= index && index < sizes[i] && "index out of bounds"` failed.
/opt/conda/conda-bld/pytorch_1716905971132/work/aten/src/ATen/native/cuda/IndexKernel.cu:92: operator(): block: [52,0,0], thread: [52,0,0] Assertion `-sizes[i] <= index && index < sizes[i] && "index out of bounds"` failed.
/opt/conda/conda-bld/pytorch_1716905971132/work/aten/src/ATen/native/cuda/IndexKernel.cu:92: operator(): block: [52,0,0], thread: [53,0,0] Assertion `-sizes[i] <= index && index < sizes[i] && "index out of bounds"` failed.
/opt/conda/conda-bld/pytorch_1716905971132/work/aten/src/ATen/native/cuda/IndexKernel.cu:92: operator(): block: [52,0,0], thread: [54,0,0] Assertion `-sizes[i] <= index && index < sizes[i] && "index out of bounds"` failed.
/opt/conda/conda-bld/pytorch_1716905971132/work/aten/src/ATen/native/cuda/IndexKernel.cu:92: operator(): block: [52,0,0], thread: [55,0,0] Assertion `-sizes[i] <= index && index < sizes[i] && "index out of bounds"` failed.
/opt/conda/conda-bld/pytorch_1716905971132/work/aten/src/ATen/native/cuda/IndexKernel.cu:92: operator(): block: [52,0,0], thread: [56,0,0] Assertion `-sizes[i] <= index && index < sizes[i] && "index out of bounds"` failed.
/opt/conda/conda-bld/pytorch_1716905971132/work/aten/src/ATen/native/cuda/IndexKernel.cu:92: operator(): block: [52,0,0], thread: [57,0,0] Assertion `-sizes[i] <= index && index < sizes[i] && "index out of bounds"` failed.
/opt/conda/conda-bld/pytorch_1716905971132/work/aten/src/ATen/native/cuda/IndexKernel.cu:92: operator(): block: [52,0,0], thread: [58,0,0] Assertion `-sizes[i] <= index && index < sizes[i] && "index out of bounds"` failed.
/opt/conda/conda-bld/pytorch_1716905971132/work/aten/src/ATen/native/cuda/IndexKernel.cu:92: operator(): block: [52,0,0], thread: [59,0,0] Assertion `-sizes[i] <= index && index < sizes[i] && "index out of bounds"` failed.
/opt/conda/conda-bld/pytorch_1716905971132/work/aten/src/ATen/native/cuda/IndexKernel.cu:92: operator(): block: [52,0,0], thread: [60,0,0] Assertion `-sizes[i] <= index && index < sizes[i] && "index out of bounds"` failed.
/opt/conda/conda-bld/pytorch_1716905971132/work/aten/src/ATen/native/cuda/IndexKernel.cu:92: operator(): block: [52,0,0], thread: [61,0,0] Assertion `-sizes[i] <= index && index < sizes[i] && "index out of bounds"` failed.
/opt/conda/conda-bld/pytorch_1716905971132/work/aten/src/ATen/native/cuda/IndexKernel.cu:92: operator(): block: [52,0,0], thread: [62,0,0] Assertion `-sizes[i] <= index && index < sizes[i] && "index out of bounds"` failed.
/opt/conda/conda-bld/pytorch_1716905971132/work/aten/src/ATen/native/cuda/IndexKernel.cu:92: operator(): block: [52,0,0], thread: [63,0,0] Assertion `-sizes[i] <= index && index < sizes[i] && "index out of bounds"` failed.
/opt/conda/conda-bld/pytorch_1716905971132/work/aten/src/ATen/native/cuda/IndexKernel.cu:92: operator(): block: [52,0,0], thread: [64,0,0] Assertion `-sizes[i] <= index && index < sizes[i] && "index out of bounds"` failed.
/opt/conda/conda-bld/pytorch_1716905971132/work/aten/src/ATen/native/cuda/IndexKernel.cu:92: operator(): block: [52,0,0], thread: [65,0,0] Assertion `-sizes[i] <= index && index < sizes[i] && "index out of bounds"` failed.
/opt/conda/conda-bld/pytorch_1716905971132/work/aten/src/ATen/native/cuda/IndexKernel.cu:92: operator(): block: [52,0,0], thread: [66,0,0] Assertion `-sizes[i] <= index && index < sizes[i] && "index out of bounds"` failed.
/opt/conda/conda-bld/pytorch_1716905971132/work/aten/src/ATen/native/cuda/IndexKernel.cu:92: operator(): block: [52,0,0], thread: [67,0,0] Assertion `-sizes[i] <= index && index < sizes[i] && "index out of bounds"` failed.
/opt/conda/conda-bld/pytorch_1716905971132/work/aten/src/ATen/native/cuda/IndexKernel.cu:92: operator(): block: [52,0,0], thread: [68,0,0] Assertion `-sizes[i] <= index && index < sizes[i] && "index out of bounds"` failed.
/opt/conda/conda-bld/pytorch_1716905971132/work/aten/src/ATen/native/cuda/IndexKernel.cu:92: operator(): block: [52,0,0], thread: [69,0,0] Assertion `-sizes[i] <= index && index < sizes[i] && "index out of bounds"` failed.
/opt/conda/conda-bld/pytorch_1716905971132/work/aten/src/ATen/native/cuda/IndexKernel.cu:92: operator(): block: [52,0,0], thread: [70,0,0] Assertion `-sizes[i] <= index && index < sizes[i] && "index out of bounds"` failed.
/opt/conda/conda-bld/pytorch_1716905971132/work/aten/src/ATen/native/cuda/IndexKernel.cu:92: operator(): block: [52,0,0], thread: [71,0,0] Assertion `-sizes[i] <= index && index < sizes[i] && "index out of bounds"` failed.
/opt/conda/conda-bld/pytorch_1716905971132/work/aten/src/ATen/native/cuda/IndexKernel.cu:92: operator(): block: [52,0,0], thread: [72,0,0] Assertion `-sizes[i] <= index && index < sizes[i] && "index out of bounds"` failed.
/opt/conda/conda-bld/pytorch_1716905971132/work/aten/src/ATen/native/cuda/IndexKernel.cu:92: operator(): block: [52,0,0], thread: [73,0,0] Assertion `-sizes[i] <= index && index < sizes[i] && "index out of bounds"` failed.
/opt/conda/conda-bld/pytorch_1716905971132/work/aten/src/ATen/native/cuda/IndexKernel.cu:92: operator(): block: [52,0,0], thread: [74,0,0] Assertion `-sizes[i] <= index && index < sizes[i] && "index out of bounds"` failed.
/opt/conda/conda-bld/pytorch_1716905971132/work/aten/src/ATen/native/cuda/IndexKernel.cu:92: operator(): block: [52,0,0], thread: [75,0,0] Assertion `-sizes[i] <= index && index < sizes[i] && "index out of bounds"` failed.
/opt/conda/conda-bld/pytorch_1716905971132/work/aten/src/ATen/native/cuda/IndexKernel.cu:92: operator(): block: [52,0,0], thread: [76,0,0] Assertion `-sizes[i] <= index && index < sizes[i] && "index out of bounds"` failed.
/opt/conda/conda-bld/pytorch_1716905971132/work/aten/src/ATen/native/cuda/IndexKernel.cu:92: operator(): block: [52,0,0], thread: [77,0,0] Assertion `-sizes[i] <= index && index < sizes[i] && "index out of bounds"` failed.
/opt/conda/conda-bld/pytorch_1716905971132/work/aten/src/ATen/native/cuda/IndexKernel.cu:92: operator(): block: [52,0,0], thread: [78,0,0] Assertion `-sizes[i] <= index && index < sizes[i] && "index out of bounds"` failed.
/opt/conda/conda-bld/pytorch_1716905971132/work/aten/src/ATen/native/cuda/IndexKernel.cu:92: operator(): block: [52,0,0], thread: [79,0,0] Assertion `-sizes[i] <= index && index < sizes[i] && "index out of bounds"` failed.
/opt/conda/conda-bld/pytorch_1716905971132/work/aten/src/ATen/native/cuda/IndexKernel.cu:92: operator(): block: [52,0,0], thread: [80,0,0] Assertion `-sizes[i] <= index && index < sizes[i] && "index out of bounds"` failed.
/opt/conda/conda-bld/pytorch_1716905971132/work/aten/src/ATen/native/cuda/IndexKernel.cu:92: operator(): block: [52,0,0], thread: [81,0,0] Assertion `-sizes[i] <= index && index < sizes[i] && "index out of bounds"` failed.
/opt/conda/conda-bld/pytorch_1716905971132/work/aten/src/ATen/native/cuda/IndexKernel.cu:92: operator(): block: [52,0,0], thread: [82,0,0] Assertion `-sizes[i] <= index && index < sizes[i] && "index out of bounds"` failed.
/opt/conda/conda-bld/pytorch_1716905971132/work/aten/src/ATen/native/cuda/IndexKernel.cu:92: operator(): block: [52,0,0], thread: [83,0,0] Assertion `-sizes[i] <= index && index < sizes[i] && "index out of bounds"` failed.
/opt/conda/conda-bld/pytorch_1716905971132/work/aten/src/ATen/native/cuda/IndexKernel.cu:92: operator(): block: [52,0,0], thread: [84,0,0] Assertion `-sizes[i] <= index && index < sizes[i] && "index out of bounds"` failed.
/opt/conda/conda-bld/pytorch_1716905971132/work/aten/src/ATen/native/cuda/IndexKernel.cu:92: operator(): block: [52,0,0], thread: [85,0,0] Assertion `-sizes[i] <= index && index < sizes[i] && "index out of bounds"` failed.
/opt/conda/conda-bld/pytorch_1716905971132/work/aten/src/ATen/native/cuda/IndexKernel.cu:92: operator(): block: [52,0,0], thread: [86,0,0] Assertion `-sizes[i] <= index && index < sizes[i] && "index out of bounds"` failed.
/opt/conda/conda-bld/pytorch_1716905971132/work/aten/src/ATen/native/cuda/IndexKernel.cu:92: operator(): block: [52,0,0], thread: [87,0,0] Assertion `-sizes[i] <= index && index < sizes[i] && "index out of bounds"` failed.
/opt/conda/conda-bld/pytorch_1716905971132/work/aten/src/ATen/native/cuda/IndexKernel.cu:92: operator(): block: [52,0,0], thread: [88,0,0] Assertion `-sizes[i] <= index && index < sizes[i] && "index out of bounds"` failed.
/opt/conda/conda-bld/pytorch_1716905971132/work/aten/src/ATen/native/cuda/IndexKernel.cu:92: operator(): block: [52,0,0], thread: [89,0,0] Assertion `-sizes[i] <= index && index < sizes[i] && "index out of bounds"` failed.
/opt/conda/conda-bld/pytorch_1716905971132/work/aten/src/ATen/native/cuda/IndexKernel.cu:92: operator(): block: [52,0,0], thread: [90,0,0] Assertion `-sizes[i] <= index && index < sizes[i] && "index out of bounds"` failed.
/opt/conda/conda-bld/pytorch_1716905971132/work/aten/src/ATen/native/cuda/IndexKernel.cu:92: operator(): block: [52,0,0], thread: [91,0,0] Assertion `-sizes[i] <= index && index < sizes[i] && "index out of bounds"` failed.
/opt/conda/conda-bld/pytorch_1716905971132/work/aten/src/ATen/native/cuda/IndexKernel.cu:92: operator(): block: [52,0,0], thread: [92,0,0] Assertion `-sizes[i] <= index && index < sizes[i] && "index out of bounds"` failed.
/opt/conda/conda-bld/pytorch_1716905971132/work/aten/src/ATen/native/cuda/IndexKernel.cu:92: operator(): block: [52,0,0], thread: [93,0,0] Assertion `-sizes[i] <= index && index < sizes[i] && "index out of bounds"` failed.
/opt/conda/conda-bld/pytorch_1716905971132/work/aten/src/ATen/native/cuda/IndexKernel.cu:92: operator(): block: [52,0,0], thread: [94,0,0] Assertion `-sizes[i] <= index && index < sizes[i] && "index out of bounds"` failed.
/opt/conda/conda-bld/pytorch_1716905971132/work/aten/src/ATen/native/cuda/IndexKernel.cu:92: operator(): block: [52,0,0], thread: [95,0,0] Assertion `-sizes[i] <= index && index < sizes[i] && "index out of bounds"` failed.
/opt/conda/conda-bld/pytorch_1716905971132/work/aten/src/ATen/native/cuda/IndexKernel.cu:92: operator(): block: [52,0,0], thread: [96,0,0] Assertion `-sizes[i] <= index && index < sizes[i] && "index out of bounds"` failed.
/opt/conda/conda-bld/pytorch_1716905971132/work/aten/src/ATen/native/cuda/IndexKernel.cu:92: operator(): block: [52,0,0], thread: [97,0,0] Assertion `-sizes[i] <= index && index < sizes[i] && "index out of bounds"` failed.
/opt/conda/conda-bld/pytorch_1716905971132/work/aten/src/ATen/native/cuda/IndexKernel.cu:92: operator(): block: [52,0,0], thread: [98,0,0] Assertion `-sizes[i] <= index && index < sizes[i] && "index out of bounds"` failed.
/opt/conda/conda-bld/pytorch_1716905971132/work/aten/src/ATen/native/cuda/IndexKernel.cu:92: operator(): block: [52,0,0], thread: [99,0,0] Assertion `-sizes[i] <= index && index < sizes[i] && "index out of bounds"` failed.
/opt/conda/conda-bld/pytorch_1716905971132/work/aten/src/ATen/native/cuda/IndexKernel.cu:92: operator(): block: [52,0,0], thread: [100,0,0] Assertion `-sizes[i] <= index && index < sizes[i] && "index out of bounds"` failed.
/opt/conda/conda-bld/pytorch_1716905971132/work/aten/src/ATen/native/cuda/IndexKernel.cu:92: operator(): block: [52,0,0], thread: [101,0,0] Assertion `-sizes[i] <= index && index < sizes[i] && "index out of bounds"` failed.
/opt/conda/conda-bld/pytorch_1716905971132/work/aten/src/ATen/native/cuda/IndexKernel.cu:92: operator(): block: [52,0,0], thread: [102,0,0] Assertion `-sizes[i] <= index && index < sizes[i] && "index out of bounds"` failed.
/opt/conda/conda-bld/pytorch_1716905971132/work/aten/src/ATen/native/cuda/IndexKernel.cu:92: operator(): block: [52,0,0], thread: [103,0,0] Assertion `-sizes[i] <= index && index < sizes[i] && "index out of bounds"` failed.
/opt/conda/conda-bld/pytorch_1716905971132/work/aten/src/ATen/native/cuda/IndexKernel.cu:92: operator(): block: [52,0,0], thread: [104,0,0] Assertion `-sizes[i] <= index && index < sizes[i] && "index out of bounds"` failed.
/opt/conda/conda-bld/pytorch_1716905971132/work/aten/src/ATen/native/cuda/IndexKernel.cu:92: operator(): block: [52,0,0], thread: [105,0,0] Assertion `-sizes[i] <= index && index < sizes[i] && "index out of bounds"` failed.
/opt/conda/conda-bld/pytorch_1716905971132/work/aten/src/ATen/native/cuda/IndexKernel.cu:92: operator(): block: [52,0,0], thread: [106,0,0] Assertion `-sizes[i] <= index && index < sizes[i] && "index out of bounds"` failed.
/opt/conda/conda-bld/pytorch_1716905971132/work/aten/src/ATen/native/cuda/IndexKernel.cu:92: operator(): block: [52,0,0], thread: [107,0,0] Assertion `-sizes[i] <= index && index < sizes[i] && "index out of bounds"` failed.
/opt/conda/conda-bld/pytorch_1716905971132/work/aten/src/ATen/native/cuda/IndexKernel.cu:92: operator(): block: [52,0,0], thread: [108,0,0] Assertion `-sizes[i] <= index && index < sizes[i] && "index out of bounds"` failed.
/opt/conda/conda-bld/pytorch_1716905971132/work/aten/src/ATen/native/cuda/IndexKernel.cu:92: operator(): block: [52,0,0], thread: [109,0,0] Assertion `-sizes[i] <= index && index < sizes[i] && "index out of bounds"` failed.
/opt/conda/conda-bld/pytorch_1716905971132/work/aten/src/ATen/native/cuda/IndexKernel.cu:92: operator(): block: [52,0,0], thread: [110,0,0] Assertion `-sizes[i] <= index && index < sizes[i] && "index out of bounds"` failed.
/opt/conda/conda-bld/pytorch_1716905971132/work/aten/src/ATen/native/cuda/IndexKernel.cu:92: operator(): block: [52,0,0], thread: [111,0,0] Assertion `-sizes[i] <= index && index < sizes[i] && "index out of bounds"` failed.
/opt/conda/conda-bld/pytorch_1716905971132/work/aten/src/ATen/native/cuda/IndexKernel.cu:92: operator(): block: [52,0,0], thread: [112,0,0] Assertion `-sizes[i] <= index && index < sizes[i] && "index out of bounds"` failed.
/opt/conda/conda-bld/pytorch_1716905971132/work/aten/src/ATen/native/cuda/IndexKernel.cu:92: operator(): block: [52,0,0], thread: [113,0,0] Assertion `-sizes[i] <= index && index < sizes[i] && "index out of bounds"` failed.
/opt/conda/conda-bld/pytorch_1716905971132/work/aten/src/ATen/native/cuda/IndexKernel.cu:92: operator(): block: [52,0,0], thread: [114,0,0] Assertion `-sizes[i] <= index && index < sizes[i] && "index out of bounds"` failed.
/opt/conda/conda-bld/pytorch_1716905971132/work/aten/src/ATen/native/cuda/IndexKernel.cu:92: operator(): block: [52,0,0], thread: [115,0,0] Assertion `-sizes[i] <= index && index < sizes[i] && "index out of bounds"` failed.
/opt/conda/conda-bld/pytorch_1716905971132/work/aten/src/ATen/native/cuda/IndexKernel.cu:92: operator(): block: [52,0,0], thread: [116,0,0] Assertion `-sizes[i] <= index && index < sizes[i] && "index out of bounds"` failed.
/opt/conda/conda-bld/pytorch_1716905971132/work/aten/src/ATen/native/cuda/IndexKernel.cu:92: operator(): block: [52,0,0], thread: [117,0,0] Assertion `-sizes[i] <= index && index < sizes[i] && "index out of bounds"` failed.
/opt/conda/conda-bld/pytorch_1716905971132/work/aten/src/ATen/native/cuda/IndexKernel.cu:92: operator(): block: [52,0,0], thread: [118,0,0] Assertion `-sizes[i] <= index && index < sizes[i] && "index out of bounds"` failed.
/opt/conda/conda-bld/pytorch_1716905971132/work/aten/src/ATen/native/cuda/IndexKernel.cu:92: operator(): block: [52,0,0], thread: [119,0,0] Assertion `-sizes[i] <= index && index < sizes[i] && "index out of bounds"` failed.
/opt/conda/conda-bld/pytorch_1716905971132/work/aten/src/ATen/native/cuda/IndexKernel.cu:92: operator(): block: [52,0,0], thread: [120,0,0] Assertion `-sizes[i] <= index && index < sizes[i] && "index out of bounds"` failed.
/opt/conda/conda-bld/pytorch_1716905971132/work/aten/src/ATen/native/cuda/IndexKernel.cu:92: operator(): block: [52,0,0], thread: [121,0,0] Assertion `-sizes[i] <= index && index < sizes[i] && "index out of bounds"` failed.
/opt/conda/conda-bld/pytorch_1716905971132/work/aten/src/ATen/native/cuda/IndexKernel.cu:92: operator(): block: [52,0,0], thread: [122,0,0] Assertion `-sizes[i] <= index && index < sizes[i] && "index out of bounds"` failed.
/opt/conda/conda-bld/pytorch_1716905971132/work/aten/src/ATen/native/cuda/IndexKernel.cu:92: operator(): block: [52,0,0], thread: [123,0,0] Assertion `-sizes[i] <= index && index < sizes[i] && "index out of bounds"` failed.
/opt/conda/conda-bld/pytorch_1716905971132/work/aten/src/ATen/native/cuda/IndexKernel.cu:92: operator(): block: [52,0,0], thread: [124,0,0] Assertion `-sizes[i] <= index && index < sizes[i] && "index out of bounds"` failed.
/opt/conda/conda-bld/pytorch_1716905971132/work/aten/src/ATen/native/cuda/IndexKernel.cu:92: operator(): block: [52,0,0], thread: [125,0,0] Assertion `-sizes[i] <= index && index < sizes[i] && "index out of bounds"` failed.
/opt/conda/conda-bld/pytorch_1716905971132/work/aten/src/ATen/native/cuda/IndexKernel.cu:92: operator(): block: [52,0,0], thread: [126,0,0] Assertion `-sizes[i] <= index && index < sizes[i] && "index out of bounds"` failed.
/opt/conda/conda-bld/pytorch_1716905971132/work/aten/src/ATen/native/cuda/IndexKernel.cu:92: operator(): block: [52,0,0], thread: [127,0,0] Assertion `-sizes[i] <= index && index < sizes[i] && "index out of bounds"` failed.
/opt/conda/conda-bld/pytorch_1716905971132/work/aten/src/ATen/native/cuda/IndexKernel.cu:92: operator(): block: [53,0,0], thread: [64,0,0] Assertion `-sizes[i] <= index && index < sizes[i] && "index out of bounds"` failed.
/opt/conda/conda-bld/pytorch_1716905971132/work/aten/src/ATen/native/cuda/IndexKernel.cu:92: operator(): block: [53,0,0], thread: [65,0,0] Assertion `-sizes[i] <= index && index < sizes[i] && "index out of bounds"` failed.
/opt/conda/conda-bld/pytorch_1716905971132/work/aten/src/ATen/native/cuda/IndexKernel.cu:92: operator(): block: [53,0,0], thread: [66,0,0] Assertion `-sizes[i] <= index && index < sizes[i] && "index out of bounds"` failed.
/opt/conda/conda-bld/pytorch_1716905971132/work/aten/src/ATen/native/cuda/IndexKernel.cu:92: operator(): block: [53,0,0], thread: [67,0,0] Assertion `-sizes[i] <= index && index < sizes[i] && "index out of bounds"` failed.
/opt/conda/conda-bld/pytorch_1716905971132/work/aten/src/ATen/native/cuda/IndexKernel.cu:92: operator(): block: [53,0,0], thread: [68,0,0] Assertion `-sizes[i] <= index && index < sizes[i] && "index out of bounds"` failed.
/opt/conda/conda-bld/pytorch_1716905971132/work/aten/src/ATen/native/cuda/IndexKernel.cu:92: operator(): block: [53,0,0], thread: [69,0,0] Assertion `-sizes[i] <= index && index < sizes[i] && "index out of bounds"` failed.
/opt/conda/conda-bld/pytorch_1716905971132/work/aten/src/ATen/native/cuda/IndexKernel.cu:92: operator(): block: [53,0,0], thread: [70,0,0] Assertion `-sizes[i] <= index && index < sizes[i] && "index out of bounds"` failed.
/opt/conda/conda-bld/pytorch_1716905971132/work/aten/src/ATen/native/cuda/IndexKernel.cu:92: operator(): block: [53,0,0], thread: [71,0,0] Assertion `-sizes[i] <= index && index < sizes[i] && "index out of bounds"` failed.
/opt/conda/conda-bld/pytorch_1716905971132/work/aten/src/ATen/native/cuda/IndexKernel.cu:92: operator(): block: [53,0,0], thread: [72,0,0] Assertion `-sizes[i] <= index && index < sizes[i] && "index out of bounds"` failed.
/opt/conda/conda-bld/pytorch_1716905971132/work/aten/src/ATen/native/cuda/IndexKernel.cu:92: operator(): block: [53,0,0], thread: [73,0,0] Assertion `-sizes[i] <= index && index < sizes[i] && "index out of bounds"` failed.
/opt/conda/conda-bld/pytorch_1716905971132/work/aten/src/ATen/native/cuda/IndexKernel.cu:92: operator(): block: [53,0,0], thread: [74,0,0] Assertion `-sizes[i] <= index && index < sizes[i] && "index out of bounds"` failed.
/opt/conda/conda-bld/pytorch_1716905971132/work/aten/src/ATen/native/cuda/IndexKernel.cu:92: operator(): block: [53,0,0], thread: [75,0,0] Assertion `-sizes[i] <= index && index < sizes[i] && "index out of bounds"` failed.
/opt/conda/conda-bld/pytorch_1716905971132/work/aten/src/ATen/native/cuda/IndexKernel.cu:92: operator(): block: [53,0,0], thread: [76,0,0] Assertion `-sizes[i] <= index && index < sizes[i] && "index out of bounds"` failed.
/opt/conda/conda-bld/pytorch_1716905971132/work/aten/src/ATen/native/cuda/IndexKernel.cu:92: operator(): block: [53,0,0], thread: [77,0,0] Assertion `-sizes[i] <= index && index < sizes[i] && "index out of bounds"` failed.
/opt/conda/conda-bld/pytorch_1716905971132/work/aten/src/ATen/native/cuda/IndexKernel.cu:92: operator(): block: [53,0,0], thread: [78,0,0] Assertion `-sizes[i] <= index && index < sizes[i] && "index out of bounds"` failed.
/opt/conda/conda-bld/pytorch_1716905971132/work/aten/src/ATen/native/cuda/IndexKernel.cu:92: operator(): block: [53,0,0], thread: [79,0,0] Assertion `-sizes[i] <= index && index < sizes[i] && "index out of bounds"` failed.
/opt/conda/conda-bld/pytorch_1716905971132/work/aten/src/ATen/native/cuda/IndexKernel.cu:92: operator(): block: [53,0,0], thread: [80,0,0] Assertion `-sizes[i] <= index && index < sizes[i] && "index out of bounds"` failed.
/opt/conda/conda-bld/pytorch_1716905971132/work/aten/src/ATen/native/cuda/IndexKernel.cu:92: operator(): block: [53,0,0], thread: [81,0,0] Assertion `-sizes[i] <= index && index < sizes[i] && "index out of bounds"` failed.
/opt/conda/conda-bld/pytorch_1716905971132/work/aten/src/ATen/native/cuda/IndexKernel.cu:92: operator(): block: [53,0,0], thread: [82,0,0] Assertion `-sizes[i] <= index && index < sizes[i] && "index out of bounds"` failed.
/opt/conda/conda-bld/pytorch_1716905971132/work/aten/src/ATen/native/cuda/IndexKernel.cu:92: operator(): block: [53,0,0], thread: [83,0,0] Assertion `-sizes[i] <= index && index < sizes[i] && "index out of bounds"` failed.
/opt/conda/conda-bld/pytorch_1716905971132/work/aten/src/ATen/native/cuda/IndexKernel.cu:92: operator(): block: [53,0,0], thread: [84,0,0] Assertion `-sizes[i] <= index && index < sizes[i] && "index out of bounds"` failed.
/opt/conda/conda-bld/pytorch_1716905971132/work/aten/src/ATen/native/cuda/IndexKernel.cu:92: operator(): block: [53,0,0], thread: [85,0,0] Assertion `-sizes[i] <= index && index < sizes[i] && "index out of bounds"` failed.
/opt/conda/conda-bld/pytorch_1716905971132/work/aten/src/ATen/native/cuda/IndexKernel.cu:92: operator(): block: [53,0,0], thread: [86,0,0] Assertion `-sizes[i] <= index && index < sizes[i] && "index out of bounds"` failed.
/opt/conda/conda-bld/pytorch_1716905971132/work/aten/src/ATen/native/cuda/IndexKernel.cu:92: operator(): block: [53,0,0], thread: [87,0,0] Assertion `-sizes[i] <= index && index < sizes[i] && "index out of bounds"` failed.
/opt/conda/conda-bld/pytorch_1716905971132/work/aten/src/ATen/native/cuda/IndexKernel.cu:92: operator(): block: [53,0,0], thread: [88,0,0] Assertion `-sizes[i] <= index && index < sizes[i] && "index out of bounds"` failed.
/opt/conda/conda-bld/pytorch_1716905971132/work/aten/src/ATen/native/cuda/IndexKernel.cu:92: operator(): block: [53,0,0], thread: [89,0,0] Assertion `-sizes[i] <= index && index < sizes[i] && "index out of bounds"` failed.
/opt/conda/conda-bld/pytorch_1716905971132/work/aten/src/ATen/native/cuda/IndexKernel.cu:92: operator(): block: [53,0,0], thread: [90,0,0] Assertion `-sizes[i] <= index && index < sizes[i] && "index out of bounds"` failed.
/opt/conda/conda-bld/pytorch_1716905971132/work/aten/src/ATen/native/cuda/IndexKernel.cu:92: operator(): block: [53,0,0], thread: [91,0,0] Assertion `-sizes[i] <= index && index < sizes[i] && "index out of bounds"` failed.
/opt/conda/conda-bld/pytorch_1716905971132/work/aten/src/ATen/native/cuda/IndexKernel.cu:92: operator(): block: [53,0,0], thread: [92,0,0] Assertion `-sizes[i] <= index && index < sizes[i] && "index out of bounds"` failed.
/opt/conda/conda-bld/pytorch_1716905971132/work/aten/src/ATen/native/cuda/IndexKernel.cu:92: operator(): block: [53,0,0], thread: [93,0,0] Assertion `-sizes[i] <= index && index < sizes[i] && "index out of bounds"` failed.
/opt/conda/conda-bld/pytorch_1716905971132/work/aten/src/ATen/native/cuda/IndexKernel.cu:92: operator(): block: [53,0,0], thread: [94,0,0] Assertion `-sizes[i] <= index && index < sizes[i] && "index out of bounds"` failed.
/opt/conda/conda-bld/pytorch_1716905971132/work/aten/src/ATen/native/cuda/IndexKernel.cu:92: operator(): block: [53,0,0], thread: [95,0,0] Assertion `-sizes[i] <= index && index < sizes[i] && "index out of bounds"` failed.
/opt/conda/conda-bld/pytorch_1716905971132/work/aten/src/ATen/native/cuda/IndexKernel.cu:92: operator(): block: [53,0,0], thread: [96,0,0] Assertion `-sizes[i] <= index && index < sizes[i] && "index out of bounds"` failed.
/opt/conda/conda-bld/pytorch_1716905971132/work/aten/src/ATen/native/cuda/IndexKernel.cu:92: operator(): block: [53,0,0], thread: [97,0,0] Assertion `-sizes[i] <= index && index < sizes[i] && "index out of bounds"` failed.
/opt/conda/conda-bld/pytorch_1716905971132/work/aten/src/ATen/native/cuda/IndexKernel.cu:92: operator(): block: [53,0,0], thread: [98,0,0] Assertion `-sizes[i] <= index && index < sizes[i] && "index out of bounds"` failed.
/opt/conda/conda-bld/pytorch_1716905971132/work/aten/src/ATen/native/cuda/IndexKernel.cu:92: operator(): block: [53,0,0], thread: [99,0,0] Assertion `-sizes[i] <= index && index < sizes[i] && "index out of bounds"` failed.
/opt/conda/conda-bld/pytorch_1716905971132/work/aten/src/ATen/native/cuda/IndexKernel.cu:92: operator(): block: [53,0,0], thread: [100,0,0] Assertion `-sizes[i] <= index && index < sizes[i] && "index out of bounds"` failed.
/opt/conda/conda-bld/pytorch_1716905971132/work/aten/src/ATen/native/cuda/IndexKernel.cu:92: operator(): block: [53,0,0], thread: [101,0,0] Assertion `-sizes[i] <= index && index < sizes[i] && "index out of bounds"` failed.
/opt/conda/conda-bld/pytorch_1716905971132/work/aten/src/ATen/native/cuda/IndexKernel.cu:92: operator(): block: [53,0,0], thread: [102,0,0] Assertion `-sizes[i] <= index && index < sizes[i] && "index out of bounds"` failed.
/opt/conda/conda-bld/pytorch_1716905971132/work/aten/src/ATen/native/cuda/IndexKernel.cu:92: operator(): block: [53,0,0], thread: [103,0,0] Assertion `-sizes[i] <= index && index < sizes[i] && "index out of bounds"` failed.
/opt/conda/conda-bld/pytorch_1716905971132/work/aten/src/ATen/native/cuda/IndexKernel.cu:92: operator(): block: [53,0,0], thread: [104,0,0] Assertion `-sizes[i] <= index && index < sizes[i] && "index out of bounds"` failed.
/opt/conda/conda-bld/pytorch_1716905971132/work/aten/src/ATen/native/cuda/IndexKernel.cu:92: operator(): block: [53,0,0], thread: [105,0,0] Assertion `-sizes[i] <= index && index < sizes[i] && "index out of bounds"` failed.
/opt/conda/conda-bld/pytorch_1716905971132/work/aten/src/ATen/native/cuda/IndexKernel.cu:92: operator(): block: [53,0,0], thread: [106,0,0] Assertion `-sizes[i] <= index && index < sizes[i] && "index out of bounds"` failed.
/opt/conda/conda-bld/pytorch_1716905971132/work/aten/src/ATen/native/cuda/IndexKernel.cu:92: operator(): block: [53,0,0], thread: [107,0,0] Assertion `-sizes[i] <= index && index < sizes[i] && "index out of bounds"` failed.
/opt/conda/conda-bld/pytorch_1716905971132/work/aten/src/ATen/native/cuda/IndexKernel.cu:92: operator(): block: [53,0,0], thread: [108,0,0] Assertion `-sizes[i] <= index && index < sizes[i] && "index out of bounds"` failed.
/opt/conda/conda-bld/pytorch_1716905971132/work/aten/src/ATen/native/cuda/IndexKernel.cu:92: operator(): block: [53,0,0], thread: [109,0,0] Assertion `-sizes[i] <= index && index < sizes[i] && "index out of bounds"` failed.
/opt/conda/conda-bld/pytorch_1716905971132/work/aten/src/ATen/native/cuda/IndexKernel.cu:92: operator(): block: [53,0,0], thread: [110,0,0] Assertion `-sizes[i] <= index && index < sizes[i] && "index out of bounds"` failed.
/opt/conda/conda-bld/pytorch_1716905971132/work/aten/src/ATen/native/cuda/IndexKernel.cu:92: operator(): block: [53,0,0], thread: [111,0,0] Assertion `-sizes[i] <= index && index < sizes[i] && "index out of bounds"` failed.
/opt/conda/conda-bld/pytorch_1716905971132/work/aten/src/ATen/native/cuda/IndexKernel.cu:92: operator(): block: [53,0,0], thread: [112,0,0] Assertion `-sizes[i] <= index && index < sizes[i] && "index out of bounds"` failed.
/opt/conda/conda-bld/pytorch_1716905971132/work/aten/src/ATen/native/cuda/IndexKernel.cu:92: operator(): block: [53,0,0], thread: [113,0,0] Assertion `-sizes[i] <= index && index < sizes[i] && "index out of bounds"` failed.
/opt/conda/conda-bld/pytorch_1716905971132/work/aten/src/ATen/native/cuda/IndexKernel.cu:92: operator(): block: [53,0,0], thread: [114,0,0] Assertion `-sizes[i] <= index && index < sizes[i] && "index out of bounds"` failed.
/opt/conda/conda-bld/pytorch_1716905971132/work/aten/src/ATen/native/cuda/IndexKernel.cu:92: operator(): block: [53,0,0], thread: [115,0,0] Assertion `-sizes[i] <= index && index < sizes[i] && "index out of bounds"` failed.
/opt/conda/conda-bld/pytorch_1716905971132/work/aten/src/ATen/native/cuda/IndexKernel.cu:92: operator(): block: [53,0,0], thread: [116,0,0] Assertion `-sizes[i] <= index && index < sizes[i] && "index out of bounds"` failed.
/opt/conda/conda-bld/pytorch_1716905971132/work/aten/src/ATen/native/cuda/IndexKernel.cu:92: operator(): block: [53,0,0], thread: [117,0,0] Assertion `-sizes[i] <= index && index < sizes[i] && "index out of bounds"` failed.
/opt/conda/conda-bld/pytorch_1716905971132/work/aten/src/ATen/native/cuda/IndexKernel.cu:92: operator(): block: [53,0,0], thread: [118,0,0] Assertion `-sizes[i] <= index && index < sizes[i] && "index out of bounds"` failed.
/opt/conda/conda-bld/pytorch_1716905971132/work/aten/src/ATen/native/cuda/IndexKernel.cu:92: operator(): block: [53,0,0], thread: [119,0,0] Assertion `-sizes[i] <= index && index < sizes[i] && "index out of bounds"` failed.
/opt/conda/conda-bld/pytorch_1716905971132/work/aten/src/ATen/native/cuda/IndexKernel.cu:92: operator(): block: [53,0,0], thread: [120,0,0] Assertion `-sizes[i] <= index && index < sizes[i] && "index out of bounds"` failed.
/opt/conda/conda-bld/pytorch_1716905971132/work/aten/src/ATen/native/cuda/IndexKernel.cu:92: operator(): block: [53,0,0], thread: [121,0,0] Assertion `-sizes[i] <= index && index < sizes[i] && "index out of bounds"` failed.
/opt/conda/conda-bld/pytorch_1716905971132/work/aten/src/ATen/native/cuda/IndexKernel.cu:92: operator(): block: [53,0,0], thread: [122,0,0] Assertion `-sizes[i] <= index && index < sizes[i] && "index out of bounds"` failed.
/opt/conda/conda-bld/pytorch_1716905971132/work/aten/src/ATen/native/cuda/IndexKernel.cu:92: operator(): block: [53,0,0], thread: [123,0,0] Assertion `-sizes[i] <= index && index < sizes[i] && "index out of bounds"` failed.
/opt/conda/conda-bld/pytorch_1716905971132/work/aten/src/ATen/native/cuda/IndexKernel.cu:92: operator(): block: [53,0,0], thread: [124,0,0] Assertion `-sizes[i] <= index && index < sizes[i] && "index out of bounds"` failed.
/opt/conda/conda-bld/pytorch_1716905971132/work/aten/src/ATen/native/cuda/IndexKernel.cu:92: operator(): block: [53,0,0], thread: [125,0,0] Assertion `-sizes[i] <= index && index < sizes[i] && "index out of bounds"` failed.
/opt/conda/conda-bld/pytorch_1716905971132/work/aten/src/ATen/native/cuda/IndexKernel.cu:92: operator(): block: [53,0,0], thread: [126,0,0] Assertion `-sizes[i] <= index && index < sizes[i] && "index out of bounds"` failed.
/opt/conda/conda-bld/pytorch_1716905971132/work/aten/src/ATen/native/cuda/IndexKernel.cu:92: operator(): block: [53,0,0], thread: [127,0,0] Assertion `-sizes[i] <= index && index < sizes[i] && "index out of bounds"` failed.
/opt/conda/conda-bld/pytorch_1716905971132/work/aten/src/ATen/native/cuda/IndexKernel.cu:92: operator(): block: [54,0,0], thread: [32,0,0] Assertion `-sizes[i] <= index && index < sizes[i] && "index out of bounds"` failed.
/opt/conda/conda-bld/pytorch_1716905971132/work/aten/src/ATen/native/cuda/IndexKernel.cu:92: operator(): block: [54,0,0], thread: [33,0,0] Assertion `-sizes[i] <= index && index < sizes[i] && "index out of bounds"` failed.
/opt/conda/conda-bld/pytorch_1716905971132/work/aten/src/ATen/native/cuda/IndexKernel.cu:92: operator(): block: [54,0,0], thread: [34,0,0] Assertion `-sizes[i] <= index && index < sizes[i] && "index out of bounds"` failed.
/opt/conda/conda-bld/pytorch_1716905971132/work/aten/src/ATen/native/cuda/IndexKernel.cu:92: operator(): block: [54,0,0], thread: [35,0,0] Assertion `-sizes[i] <= index && index < sizes[i] && "index out of bounds"` failed.
/opt/conda/conda-bld/pytorch_1716905971132/work/aten/src/ATen/native/cuda/IndexKernel.cu:92: operator(): block: [54,0,0], thread: [36,0,0] Assertion `-sizes[i] <= index && index < sizes[i] && "index out of bounds"` failed.
/opt/conda/conda-bld/pytorch_1716905971132/work/aten/src/ATen/native/cuda/IndexKernel.cu:92: operator(): block: [54,0,0], thread: [37,0,0] Assertion `-sizes[i] <= index && index < sizes[i] && "index out of bounds"` failed.
/opt/conda/conda-bld/pytorch_1716905971132/work/aten/src/ATen/native/cuda/IndexKernel.cu:92: operator(): block: [54,0,0], thread: [38,0,0] Assertion `-sizes[i] <= index && index < sizes[i] && "index out of bounds"` failed.
/opt/conda/conda-bld/pytorch_1716905971132/work/aten/src/ATen/native/cuda/IndexKernel.cu:92: operator(): block: [54,0,0], thread: [39,0,0] Assertion `-sizes[i] <= index && index < sizes[i] && "index out of bounds"` failed.
/opt/conda/conda-bld/pytorch_1716905971132/work/aten/src/ATen/native/cuda/IndexKernel.cu:92: operator(): block: [54,0,0], thread: [40,0,0] Assertion `-sizes[i] <= index && index < sizes[i] && "index out of bounds"` failed.
/opt/conda/conda-bld/pytorch_1716905971132/work/aten/src/ATen/native/cuda/IndexKernel.cu:92: operator(): block: [54,0,0], thread: [41,0,0] Assertion `-sizes[i] <= index && index < sizes[i] && "index out of bounds"` failed.
/opt/conda/conda-bld/pytorch_1716905971132/work/aten/src/ATen/native/cuda/IndexKernel.cu:92: operator(): block: [54,0,0], thread: [42,0,0] Assertion `-sizes[i] <= index && index < sizes[i] && "index out of bounds"` failed.
/opt/conda/conda-bld/pytorch_1716905971132/work/aten/src/ATen/native/cuda/IndexKernel.cu:92: operator(): block: [54,0,0], thread: [43,0,0] Assertion `-sizes[i] <= index && index < sizes[i] && "index out of bounds"` failed.
/opt/conda/conda-bld/pytorch_1716905971132/work/aten/src/ATen/native/cuda/IndexKernel.cu:92: operator(): block: [54,0,0], thread: [44,0,0] Assertion `-sizes[i] <= index && index < sizes[i] && "index out of bounds"` failed.
/opt/conda/conda-bld/pytorch_1716905971132/work/aten/src/ATen/native/cuda/IndexKernel.cu:92: operator(): block: [54,0,0], thread: [45,0,0] Assertion `-sizes[i] <= index && index < sizes[i] && "index out of bounds"` failed.
/opt/conda/conda-bld/pytorch_1716905971132/work/aten/src/ATen/native/cuda/IndexKernel.cu:92: operator(): block: [54,0,0], thread: [46,0,0] Assertion `-sizes[i] <= index && index < sizes[i] && "index out of bounds"` failed.
/opt/conda/conda-bld/pytorch_1716905971132/work/aten/src/ATen/native/cuda/IndexKernel.cu:92: operator(): block: [54,0,0], thread: [47,0,0] Assertion `-sizes[i] <= index && index < sizes[i] && "index out of bounds"` failed.
/opt/conda/conda-bld/pytorch_1716905971132/work/aten/src/ATen/native/cuda/IndexKernel.cu:92: operator(): block: [54,0,0], thread: [48,0,0] Assertion `-sizes[i] <= index && index < sizes[i] && "index out of bounds"` failed.
/opt/conda/conda-bld/pytorch_1716905971132/work/aten/src/ATen/native/cuda/IndexKernel.cu:92: operator(): block: [54,0,0], thread: [49,0,0] Assertion `-sizes[i] <= index && index < sizes[i] && "index out of bounds"` failed.
/opt/conda/conda-bld/pytorch_1716905971132/work/aten/src/ATen/native/cuda/IndexKernel.cu:92: operator(): block: [54,0,0], thread: [50,0,0] Assertion `-sizes[i] <= index && index < sizes[i] && "index out of bounds"` failed.
/opt/conda/conda-bld/pytorch_1716905971132/work/aten/src/ATen/native/cuda/IndexKernel.cu:92: operator(): block: [54,0,0], thread: [51,0,0] Assertion `-sizes[i] <= index && index < sizes[i] && "index out of bounds"` failed.
/opt/conda/conda-bld/pytorch_1716905971132/work/aten/src/ATen/native/cuda/IndexKernel.cu:92: operator(): block: [54,0,0], thread: [52,0,0] Assertion `-sizes[i] <= index && index < sizes[i] && "index out of bounds"` failed.
/opt/conda/conda-bld/pytorch_1716905971132/work/aten/src/ATen/native/cuda/IndexKernel.cu:92: operator(): block: [54,0,0], thread: [53,0,0] Assertion `-sizes[i] <= index && index < sizes[i] && "index out of bounds"` failed.
/opt/conda/conda-bld/pytorch_1716905971132/work/aten/src/ATen/native/cuda/IndexKernel.cu:92: operator(): block: [54,0,0], thread: [54,0,0] Assertion `-sizes[i] <= index && index < sizes[i] && "index out of bounds"` failed.
/opt/conda/conda-bld/pytorch_1716905971132/work/aten/src/ATen/native/cuda/IndexKernel.cu:92: operator(): block: [54,0,0], thread: [55,0,0] Assertion `-sizes[i] <= index && index < sizes[i] && "index out of bounds"` failed.
/opt/conda/conda-bld/pytorch_1716905971132/work/aten/src/ATen/native/cuda/IndexKernel.cu:92: operator(): block: [54,0,0], thread: [56,0,0] Assertion `-sizes[i] <= index && index < sizes[i] && "index out of bounds"` failed.
/opt/conda/conda-bld/pytorch_1716905971132/work/aten/src/ATen/native/cuda/IndexKernel.cu:92: operator(): block: [54,0,0], thread: [57,0,0] Assertion `-sizes[i] <= index && index < sizes[i] && "index out of bounds"` failed.
/opt/conda/conda-bld/pytorch_1716905971132/work/aten/src/ATen/native/cuda/IndexKernel.cu:92: operator(): block: [54,0,0], thread: [58,0,0] Assertion `-sizes[i] <= index && index < sizes[i] && "index out of bounds"` failed.
/opt/conda/conda-bld/pytorch_1716905971132/work/aten/src/ATen/native/cuda/IndexKernel.cu:92: operator(): block: [54,0,0], thread: [59,0,0] Assertion `-sizes[i] <= index && index < sizes[i] && "index out of bounds"` failed.
/opt/conda/conda-bld/pytorch_1716905971132/work/aten/src/ATen/native/cuda/IndexKernel.cu:92: operator(): block: [54,0,0], thread: [60,0,0] Assertion `-sizes[i] <= index && index < sizes[i] && "index out of bounds"` failed.
/opt/conda/conda-bld/pytorch_1716905971132/work/aten/src/ATen/native/cuda/IndexKernel.cu:92: operator(): block: [54,0,0], thread: [61,0,0] Assertion `-sizes[i] <= index && index < sizes[i] && "index out of bounds"` failed.
/opt/conda/conda-bld/pytorch_1716905971132/work/aten/src/ATen/native/cuda/IndexKernel.cu:92: operator(): block: [54,0,0], thread: [62,0,0] Assertion `-sizes[i] <= index && index < sizes[i] && "index out of bounds"` failed.
/opt/conda/conda-bld/pytorch_1716905971132/work/aten/src/ATen/native/cuda/IndexKernel.cu:92: operator(): block: [54,0,0], thread: [63,0,0] Assertion `-sizes[i] <= index && index < sizes[i] && "index out of bounds"` failed.
/opt/conda/conda-bld/pytorch_1716905971132/work/aten/src/ATen/native/cuda/IndexKernel.cu:92: operator(): block: [53,0,0], thread: [0,0,0] Assertion `-sizes[i] <= index && index < sizes[i] && "index out of bounds"` failed.
/opt/conda/conda-bld/pytorch_1716905971132/work/aten/src/ATen/native/cuda/IndexKernel.cu:92: operator(): block: [53,0,0], thread: [1,0,0] Assertion `-sizes[i] <= index && index < sizes[i] && "index out of bounds"` failed.
/opt/conda/conda-bld/pytorch_1716905971132/work/aten/src/ATen/native/cuda/IndexKernel.cu:92: operator(): block: [53,0,0], thread: [2,0,0] Assertion `-sizes[i] <= index && index < sizes[i] && "index out of bounds"` failed.
/opt/conda/conda-bld/pytorch_1716905971132/work/aten/src/ATen/native/cuda/IndexKernel.cu:92: operator(): block: [53,0,0], thread: [3,0,0] Assertion `-sizes[i] <= index && index < sizes[i] && "index out of bounds"` failed.
/opt/conda/conda-bld/pytorch_1716905971132/work/aten/src/ATen/native/cuda/IndexKernel.cu:92: operator(): block: [53,0,0], thread: [4,0,0] Assertion `-sizes[i] <= index && index < sizes[i] && "index out of bounds"` failed.
/opt/conda/conda-bld/pytorch_1716905971132/work/aten/src/ATen/native/cuda/IndexKernel.cu:92: operator(): block: [53,0,0], thread: [5,0,0] Assertion `-sizes[i] <= index && index < sizes[i] && "index out of bounds"` failed.
/opt/conda/conda-bld/pytorch_1716905971132/work/aten/src/ATen/native/cuda/IndexKernel.cu:92: operator(): block: [53,0,0], thread: [6,0,0] Assertion `-sizes[i] <= index && index < sizes[i] && "index out of bounds"` failed.
/opt/conda/conda-bld/pytorch_1716905971132/work/aten/src/ATen/native/cuda/IndexKernel.cu:92: operator(): block: [53,0,0], thread: [7,0,0] Assertion `-sizes[i] <= index && index < sizes[i] && "index out of bounds"` failed.
/opt/conda/conda-bld/pytorch_1716905971132/work/aten/src/ATen/native/cuda/IndexKernel.cu:92: operator(): block: [53,0,0], thread: [8,0,0] Assertion `-sizes[i] <= index && index < sizes[i] && "index out of bounds"` failed.
/opt/conda/conda-bld/pytorch_1716905971132/work/aten/src/ATen/native/cuda/IndexKernel.cu:92: operator(): block: [53,0,0], thread: [9,0,0] Assertion `-sizes[i] <= index && index < sizes[i] && "index out of bounds"` failed.
/opt/conda/conda-bld/pytorch_1716905971132/work/aten/src/ATen/native/cuda/IndexKernel.cu:92: operator(): block: [53,0,0], thread: [10,0,0] Assertion `-sizes[i] <= index && index < sizes[i] && "index out of bounds"` failed.
/opt/conda/conda-bld/pytorch_1716905971132/work/aten/src/ATen/native/cuda/IndexKernel.cu:92: operator(): block: [53,0,0], thread: [11,0,0] Assertion `-sizes[i] <= index && index < sizes[i] && "index out of bounds"` failed.
/opt/conda/conda-bld/pytorch_1716905971132/work/aten/src/ATen/native/cuda/IndexKernel.cu:92: operator(): block: [53,0,0], thread: [12,0,0] Assertion `-sizes[i] <= index && index < sizes[i] && "index out of bounds"` failed.
/opt/conda/conda-bld/pytorch_1716905971132/work/aten/src/ATen/native/cuda/IndexKernel.cu:92: operator(): block: [53,0,0], thread: [13,0,0] Assertion `-sizes[i] <= index && index < sizes[i] && "index out of bounds"` failed.
/opt/conda/conda-bld/pytorch_1716905971132/work/aten/src/ATen/native/cuda/IndexKernel.cu:92: operator(): block: [53,0,0], thread: [14,0,0] Assertion `-sizes[i] <= index && index < sizes[i] && "index out of bounds"` failed.
/opt/conda/conda-bld/pytorch_1716905971132/work/aten/src/ATen/native/cuda/IndexKernel.cu:92: operator(): block: [53,0,0], thread: [15,0,0] Assertion `-sizes[i] <= index && index < sizes[i] && "index out of bounds"` failed.
/opt/conda/conda-bld/pytorch_1716905971132/work/aten/src/ATen/native/cuda/IndexKernel.cu:92: operator(): block: [53,0,0], thread: [16,0,0] Assertion `-sizes[i] <= index && index < sizes[i] && "index out of bounds"` failed.
/opt/conda/conda-bld/pytorch_1716905971132/work/aten/src/ATen/native/cuda/IndexKernel.cu:92: operator(): block: [53,0,0], thread: [17,0,0] Assertion `-sizes[i] <= index && index < sizes[i] && "index out of bounds"` failed.
/opt/conda/conda-bld/pytorch_1716905971132/work/aten/src/ATen/native/cuda/IndexKernel.cu:92: operator(): block: [53,0,0], thread: [18,0,0] Assertion `-sizes[i] <= index && index < sizes[i] && "index out of bounds"` failed.
/opt/conda/conda-bld/pytorch_1716905971132/work/aten/src/ATen/native/cuda/IndexKernel.cu:92: operator(): block: [53,0,0], thread: [19,0,0] Assertion `-sizes[i] <= index && index < sizes[i] && "index out of bounds"` failed.
/opt/conda/conda-bld/pytorch_1716905971132/work/aten/src/ATen/native/cuda/IndexKernel.cu:92: operator(): block: [53,0,0], thread: [20,0,0] Assertion `-sizes[i] <= index && index < sizes[i] && "index out of bounds"` failed.
/opt/conda/conda-bld/pytorch_1716905971132/work/aten/src/ATen/native/cuda/IndexKernel.cu:92: operator(): block: [53,0,0], thread: [21,0,0] Assertion `-sizes[i] <= index && index < sizes[i] && "index out of bounds"` failed.
/opt/conda/conda-bld/pytorch_1716905971132/work/aten/src/ATen/native/cuda/IndexKernel.cu:92: operator(): block: [53,0,0], thread: [22,0,0] Assertion `-sizes[i] <= index && index < sizes[i] && "index out of bounds"` failed.
/opt/conda/conda-bld/pytorch_1716905971132/work/aten/src/ATen/native/cuda/IndexKernel.cu:92: operator(): block: [53,0,0], thread: [23,0,0] Assertion `-sizes[i] <= index && index < sizes[i] && "index out of bounds"` failed.
/opt/conda/conda-bld/pytorch_1716905971132/work/aten/src/ATen/native/cuda/IndexKernel.cu:92: operator(): block: [53,0,0], thread: [24,0,0] Assertion `-sizes[i] <= index && index < sizes[i] && "index out of bounds"` failed.
/opt/conda/conda-bld/pytorch_1716905971132/work/aten/src/ATen/native/cuda/IndexKernel.cu:92: operator(): block: [53,0,0], thread: [25,0,0] Assertion `-sizes[i] <= index && index < sizes[i] && "index out of bounds"` failed.
/opt/conda/conda-bld/pytorch_1716905971132/work/aten/src/ATen/native/cuda/IndexKernel.cu:92: operator(): block: [53,0,0], thread: [26,0,0] Assertion `-sizes[i] <= index && index < sizes[i] && "index out of bounds"` failed.
/opt/conda/conda-bld/pytorch_1716905971132/work/aten/src/ATen/native/cuda/IndexKernel.cu:92: operator(): block: [53,0,0], thread: [27,0,0] Assertion `-sizes[i] <= index && index < sizes[i] && "index out of bounds"` failed.
/opt/conda/conda-bld/pytorch_1716905971132/work/aten/src/ATen/native/cuda/IndexKernel.cu:92: operator(): block: [53,0,0], thread: [28,0,0] Assertion `-sizes[i] <= index && index < sizes[i] && "index out of bounds"` failed.
/opt/conda/conda-bld/pytorch_1716905971132/work/aten/src/ATen/native/cuda/IndexKernel.cu:92: operator(): block: [53,0,0], thread: [29,0,0] Assertion `-sizes[i] <= index && index < sizes[i] && "index out of bounds"` failed.
/opt/conda/conda-bld/pytorch_1716905971132/work/aten/src/ATen/native/cuda/IndexKernel.cu:92: operator(): block: [53,0,0], thread: [30,0,0] Assertion `-sizes[i] <= index && index < sizes[i] && "index out of bounds"` failed.
/opt/conda/conda-bld/pytorch_1716905971132/work/aten/src/ATen/native/cuda/IndexKernel.cu:92: operator(): block: [53,0,0], thread: [31,0,0] Assertion `-sizes[i] <= index && index < sizes[i] && "index out of bounds"` failed.
/opt/conda/conda-bld/pytorch_1716905971132/work/aten/src/ATen/native/cuda/IndexKernel.cu:92: operator(): block: [54,0,0], thread: [64,0,0] Assertion `-sizes[i] <= index && index < sizes[i] && "index out of bounds"` failed.
/opt/conda/conda-bld/pytorch_1716905971132/work/aten/src/ATen/native/cuda/IndexKernel.cu:92: operator(): block: [54,0,0], thread: [65,0,0] Assertion `-sizes[i] <= index && index < sizes[i] && "index out of bounds"` failed.
/opt/conda/conda-bld/pytorch_1716905971132/work/aten/src/ATen/native/cuda/IndexKernel.cu:92: operator(): block: [54,0,0], thread: [66,0,0] Assertion `-sizes[i] <= index && index < sizes[i] && "index out of bounds"` failed.
/opt/conda/conda-bld/pytorch_1716905971132/work/aten/src/ATen/native/cuda/IndexKernel.cu:92: operator(): block: [54,0,0], thread: [67,0,0] Assertion `-sizes[i] <= index && index < sizes[i] && "index out of bounds"` failed.
/opt/conda/conda-bld/pytorch_1716905971132/work/aten/src/ATen/native/cuda/IndexKernel.cu:92: operator(): block: [54,0,0], thread: [68,0,0] Assertion `-sizes[i] <= index && index < sizes[i] && "index out of bounds"` failed.
/opt/conda/conda-bld/pytorch_1716905971132/work/aten/src/ATen/native/cuda/IndexKernel.cu:92: operator(): block: [54,0,0], thread: [69,0,0] Assertion `-sizes[i] <= index && index < sizes[i] && "index out of bounds"` failed.
/opt/conda/conda-bld/pytorch_1716905971132/work/aten/src/ATen/native/cuda/IndexKernel.cu:92: operator(): block: [54,0,0], thread: [70,0,0] Assertion `-sizes[i] <= index && index < sizes[i] && "index out of bounds"` failed.
/opt/conda/conda-bld/pytorch_1716905971132/work/aten/src/ATen/native/cuda/IndexKernel.cu:92: operator(): block: [54,0,0], thread: [71,0,0] Assertion `-sizes[i] <= index && index < sizes[i] && "index out of bounds"` failed.
/opt/conda/conda-bld/pytorch_1716905971132/work/aten/src/ATen/native/cuda/IndexKernel.cu:92: operator(): block: [54,0,0], thread: [72,0,0] Assertion `-sizes[i] <= index && index < sizes[i] && "index out of bounds"` failed.
/opt/conda/conda-bld/pytorch_1716905971132/work/aten/src/ATen/native/cuda/IndexKernel.cu:92: operator(): block: [54,0,0], thread: [73,0,0] Assertion `-sizes[i] <= index && index < sizes[i] && "index out of bounds"` failed.
/opt/conda/conda-bld/pytorch_1716905971132/work/aten/src/ATen/native/cuda/IndexKernel.cu:92: operator(): block: [54,0,0], thread: [74,0,0] Assertion `-sizes[i] <= index && index < sizes[i] && "index out of bounds"` failed.
/opt/conda/conda-bld/pytorch_1716905971132/work/aten/src/ATen/native/cuda/IndexKernel.cu:92: operator(): block: [54,0,0], thread: [75,0,0] Assertion `-sizes[i] <= index && index < sizes[i] && "index out of bounds"` failed.
/opt/conda/conda-bld/pytorch_1716905971132/work/aten/src/ATen/native/cuda/IndexKernel.cu:92: operator(): block: [54,0,0], thread: [76,0,0] Assertion `-sizes[i] <= index && index < sizes[i] && "index out of bounds"` failed.
/opt/conda/conda-bld/pytorch_1716905971132/work/aten/src/ATen/native/cuda/IndexKernel.cu:92: operator(): block: [54,0,0], thread: [77,0,0] Assertion `-sizes[i] <= index && index < sizes[i] && "index out of bounds"` failed.
/opt/conda/conda-bld/pytorch_1716905971132/work/aten/src/ATen/native/cuda/IndexKernel.cu:92: operator(): block: [54,0,0], thread: [78,0,0] Assertion `-sizes[i] <= index && index < sizes[i] && "index out of bounds"` failed.
/opt/conda/conda-bld/pytorch_1716905971132/work/aten/src/ATen/native/cuda/IndexKernel.cu:92: operator(): block: [54,0,0], thread: [79,0,0] Assertion `-sizes[i] <= index && index < sizes[i] && "index out of bounds"` failed.
/opt/conda/conda-bld/pytorch_1716905971132/work/aten/src/ATen/native/cuda/IndexKernel.cu:92: operator(): block: [54,0,0], thread: [80,0,0] Assertion `-sizes[i] <= index && index < sizes[i] && "index out of bounds"` failed.
/opt/conda/conda-bld/pytorch_1716905971132/work/aten/src/ATen/native/cuda/IndexKernel.cu:92: operator(): block: [54,0,0], thread: [81,0,0] Assertion `-sizes[i] <= index && index < sizes[i] && "index out of bounds"` failed.
/opt/conda/conda-bld/pytorch_1716905971132/work/aten/src/ATen/native/cuda/IndexKernel.cu:92: operator(): block: [54,0,0], thread: [82,0,0] Assertion `-sizes[i] <= index && index < sizes[i] && "index out of bounds"` failed.
/opt/conda/conda-bld/pytorch_1716905971132/work/aten/src/ATen/native/cuda/IndexKernel.cu:92: operator(): block: [54,0,0], thread: [83,0,0] Assertion `-sizes[i] <= index && index < sizes[i] && "index out of bounds"` failed.
/opt/conda/conda-bld/pytorch_1716905971132/work/aten/src/ATen/native/cuda/IndexKernel.cu:92: operator(): block: [54,0,0], thread: [84,0,0] Assertion `-sizes[i] <= index && index < sizes[i] && "index out of bounds"` failed.
/opt/conda/conda-bld/pytorch_1716905971132/work/aten/src/ATen/native/cuda/IndexKernel.cu:92: operator(): block: [54,0,0], thread: [85,0,0] Assertion `-sizes[i] <= index && index < sizes[i] && "index out of bounds"` failed.
/opt/conda/conda-bld/pytorch_1716905971132/work/aten/src/ATen/native/cuda/IndexKernel.cu:92: operator(): block: [54,0,0], thread: [86,0,0] Assertion `-sizes[i] <= index && index < sizes[i] && "index out of bounds"` failed.
/opt/conda/conda-bld/pytorch_1716905971132/work/aten/src/ATen/native/cuda/IndexKernel.cu:92: operator(): block: [54,0,0], thread: [87,0,0] Assertion `-sizes[i] <= index && index < sizes[i] && "index out of bounds"` failed.
/opt/conda/conda-bld/pytorch_1716905971132/work/aten/src/ATen/native/cuda/IndexKernel.cu:92: operator(): block: [54,0,0], thread: [88,0,0] Assertion `-sizes[i] <= index && index < sizes[i] && "index out of bounds"` failed.
/opt/conda/conda-bld/pytorch_1716905971132/work/aten/src/ATen/native/cuda/IndexKernel.cu:92: operator(): block: [54,0,0], thread: [89,0,0] Assertion `-sizes[i] <= index && index < sizes[i] && "index out of bounds"` failed.
/opt/conda/conda-bld/pytorch_1716905971132/work/aten/src/ATen/native/cuda/IndexKernel.cu:92: operator(): block: [54,0,0], thread: [90,0,0] Assertion `-sizes[i] <= index && index < sizes[i] && "index out of bounds"` failed.
/opt/conda/conda-bld/pytorch_1716905971132/work/aten/src/ATen/native/cuda/IndexKernel.cu:92: operator(): block: [54,0,0], thread: [91,0,0] Assertion `-sizes[i] <= index && index < sizes[i] && "index out of bounds"` failed.
/opt/conda/conda-bld/pytorch_1716905971132/work/aten/src/ATen/native/cuda/IndexKernel.cu:92: operator(): block: [54,0,0], thread: [92,0,0] Assertion `-sizes[i] <= index && index < sizes[i] && "index out of bounds"` failed.
/opt/conda/conda-bld/pytorch_1716905971132/work/aten/src/ATen/native/cuda/IndexKernel.cu:92: operator(): block: [54,0,0], thread: [93,0,0] Assertion `-sizes[i] <= index && index < sizes[i] && "index out of bounds"` failed.
/opt/conda/conda-bld/pytorch_1716905971132/work/aten/src/ATen/native/cuda/IndexKernel.cu:92: operator(): block: [54,0,0], thread: [94,0,0] Assertion `-sizes[i] <= index && index < sizes[i] && "index out of bounds"` failed.
/opt/conda/conda-bld/pytorch_1716905971132/work/aten/src/ATen/native/cuda/IndexKernel.cu:92: operator(): block: [54,0,0], thread: [95,0,0] Assertion `-sizes[i] <= index && index < sizes[i] && "index out of bounds"` failed.
/opt/conda/conda-bld/pytorch_1716905971132/work/aten/src/ATen/native/cuda/IndexKernel.cu:92: operator(): block: [53,0,0], thread: [32,0,0] Assertion `-sizes[i] <= index && index < sizes[i] && "index out of bounds"` failed.
/opt/conda/conda-bld/pytorch_1716905971132/work/aten/src/ATen/native/cuda/IndexKernel.cu:92: operator(): block: [53,0,0], thread: [33,0,0] Assertion `-sizes[i] <= index && index < sizes[i] && "index out of bounds"` failed.
/opt/conda/conda-bld/pytorch_1716905971132/work/aten/src/ATen/native/cuda/IndexKernel.cu:92: operator(): block: [53,0,0], thread: [34,0,0] Assertion `-sizes[i] <= index && index < sizes[i] && "index out of bounds"` failed.
/opt/conda/conda-bld/pytorch_1716905971132/work/aten/src/ATen/native/cuda/IndexKernel.cu:92: operator(): block: [53,0,0], thread: [35,0,0] Assertion `-sizes[i] <= index && index < sizes[i] && "index out of bounds"` failed.
/opt/conda/conda-bld/pytorch_1716905971132/work/aten/src/ATen/native/cuda/IndexKernel.cu:92: operator(): block: [53,0,0], thread: [36,0,0] Assertion `-sizes[i] <= index && index < sizes[i] && "index out of bounds"` failed.
/opt/conda/conda-bld/pytorch_1716905971132/work/aten/src/ATen/native/cuda/IndexKernel.cu:92: operator(): block: [53,0,0], thread: [37,0,0] Assertion `-sizes[i] <= index && index < sizes[i] && "index out of bounds"` failed.
/opt/conda/conda-bld/pytorch_1716905971132/work/aten/src/ATen/native/cuda/IndexKernel.cu:92: operator(): block: [53,0,0], thread: [38,0,0] Assertion `-sizes[i] <= index && index < sizes[i] && "index out of bounds"` failed.
/opt/conda/conda-bld/pytorch_1716905971132/work/aten/src/ATen/native/cuda/IndexKernel.cu:92: operator(): block: [53,0,0], thread: [39,0,0] Assertion `-sizes[i] <= index && index < sizes[i] && "index out of bounds"` failed.
/opt/conda/conda-bld/pytorch_1716905971132/work/aten/src/ATen/native/cuda/IndexKernel.cu:92: operator(): block: [53,0,0], thread: [40,0,0] Assertion `-sizes[i] <= index && index < sizes[i] && "index out of bounds"` failed.
/opt/conda/conda-bld/pytorch_1716905971132/work/aten/src/ATen/native/cuda/IndexKernel.cu:92: operator(): block: [53,0,0], thread: [41,0,0] Assertion `-sizes[i] <= index && index < sizes[i] && "index out of bounds"` failed.
/opt/conda/conda-bld/pytorch_1716905971132/work/aten/src/ATen/native/cuda/IndexKernel.cu:92: operator(): block: [53,0,0], thread: [42,0,0] Assertion `-sizes[i] <= index && index < sizes[i] && "index out of bounds"` failed.
/opt/conda/conda-bld/pytorch_1716905971132/work/aten/src/ATen/native/cuda/IndexKernel.cu:92: operator(): block: [53,0,0], thread: [43,0,0] Assertion `-sizes[i] <= index && index < sizes[i] && "index out of bounds"` failed.
/opt/conda/conda-bld/pytorch_1716905971132/work/aten/src/ATen/native/cuda/IndexKernel.cu:92: operator(): block: [53,0,0], thread: [44,0,0] Assertion `-sizes[i] <= index && index < sizes[i] && "index out of bounds"` failed.
/opt/conda/conda-bld/pytorch_1716905971132/work/aten/src/ATen/native/cuda/IndexKernel.cu:92: operator(): block: [53,0,0], thread: [45,0,0] Assertion `-sizes[i] <= index && index < sizes[i] && "index out of bounds"` failed.
/opt/conda/conda-bld/pytorch_1716905971132/work/aten/src/ATen/native/cuda/IndexKernel.cu:92: operator(): block: [53,0,0], thread: [46,0,0] Assertion `-sizes[i] <= index && index < sizes[i] && "index out of bounds"` failed.
/opt/conda/conda-bld/pytorch_1716905971132/work/aten/src/ATen/native/cuda/IndexKernel.cu:92: operator(): block: [53,0,0], thread: [47,0,0] Assertion `-sizes[i] <= index && index < sizes[i] && "index out of bounds"` failed.
/opt/conda/conda-bld/pytorch_1716905971132/work/aten/src/ATen/native/cuda/IndexKernel.cu:92: operator(): block: [53,0,0], thread: [48,0,0] Assertion `-sizes[i] <= index && index < sizes[i] && "index out of bounds"` failed.
/opt/conda/conda-bld/pytorch_1716905971132/work/aten/src/ATen/native/cuda/IndexKernel.cu:92: operator(): block: [53,0,0], thread: [49,0,0] Assertion `-sizes[i] <= index && index < sizes[i] && "index out of bounds"` failed.
/opt/conda/conda-bld/pytorch_1716905971132/work/aten/src/ATen/native/cuda/IndexKernel.cu:92: operator(): block: [53,0,0], thread: [50,0,0] Assertion `-sizes[i] <= index && index < sizes[i] && "index out of bounds"` failed.
/opt/conda/conda-bld/pytorch_1716905971132/work/aten/src/ATen/native/cuda/IndexKernel.cu:92: operator(): block: [53,0,0], thread: [51,0,0] Assertion `-sizes[i] <= index && index < sizes[i] && "index out of bounds"` failed.
/opt/conda/conda-bld/pytorch_1716905971132/work/aten/src/ATen/native/cuda/IndexKernel.cu:92: operator(): block: [53,0,0], thread: [52,0,0] Assertion `-sizes[i] <= index && index < sizes[i] && "index out of bounds"` failed.
/opt/conda/conda-bld/pytorch_1716905971132/work/aten/src/ATen/native/cuda/IndexKernel.cu:92: operator(): block: [53,0,0], thread: [53,0,0] Assertion `-sizes[i] <= index && index < sizes[i] && "index out of bounds"` failed.
/opt/conda/conda-bld/pytorch_1716905971132/work/aten/src/ATen/native/cuda/IndexKernel.cu:92: operator(): block: [53,0,0], thread: [54,0,0] Assertion `-sizes[i] <= index && index < sizes[i] && "index out of bounds"` failed.
/opt/conda/conda-bld/pytorch_1716905971132/work/aten/src/ATen/native/cuda/IndexKernel.cu:92: operator(): block: [53,0,0], thread: [55,0,0] Assertion `-sizes[i] <= index && index < sizes[i] && "index out of bounds"` failed.
/opt/conda/conda-bld/pytorch_1716905971132/work/aten/src/ATen/native/cuda/IndexKernel.cu:92: operator(): block: [53,0,0], thread: [56,0,0] Assertion `-sizes[i] <= index && index < sizes[i] && "index out of bounds"` failed.
/opt/conda/conda-bld/pytorch_1716905971132/work/aten/src/ATen/native/cuda/IndexKernel.cu:92: operator(): block: [53,0,0], thread: [57,0,0] Assertion `-sizes[i] <= index && index < sizes[i] && "index out of bounds"` failed.
/opt/conda/conda-bld/pytorch_1716905971132/work/aten/src/ATen/native/cuda/IndexKernel.cu:92: operator(): block: [53,0,0], thread: [58,0,0] Assertion `-sizes[i] <= index && index < sizes[i] && "index out of bounds"` failed.
/opt/conda/conda-bld/pytorch_1716905971132/work/aten/src/ATen/native/cuda/IndexKernel.cu:92: operator(): block: [53,0,0], thread: [59,0,0] Assertion `-sizes[i] <= index && index < sizes[i] && "index out of bounds"` failed.
/opt/conda/conda-bld/pytorch_1716905971132/work/aten/src/ATen/native/cuda/IndexKernel.cu:92: operator(): block: [53,0,0], thread: [60,0,0] Assertion `-sizes[i] <= index && index < sizes[i] && "index out of bounds"` failed.
/opt/conda/conda-bld/pytorch_1716905971132/work/aten/src/ATen/native/cuda/IndexKernel.cu:92: operator(): block: [53,0,0], thread: [61,0,0] Assertion `-sizes[i] <= index && index < sizes[i] && "index out of bounds"` failed.
/opt/conda/conda-bld/pytorch_1716905971132/work/aten/src/ATen/native/cuda/IndexKernel.cu:92: operator(): block: [53,0,0], thread: [62,0,0] Assertion `-sizes[i] <= index && index < sizes[i] && "index out of bounds"` failed.
/opt/conda/conda-bld/pytorch_1716905971132/work/aten/src/ATen/native/cuda/IndexKernel.cu:92: operator(): block: [53,0,0], thread: [63,0,0] Assertion `-sizes[i] <= index && index < sizes[i] && "index out of bounds"` failed.
/opt/conda/conda-bld/pytorch_1716905971132/work/aten/src/ATen/native/cuda/IndexKernel.cu:92: operator(): block: [54,0,0], thread: [96,0,0] Assertion `-sizes[i] <= index && index < sizes[i] && "index out of bounds"` failed.
/opt/conda/conda-bld/pytorch_1716905971132/work/aten/src/ATen/native/cuda/IndexKernel.cu:92: operator(): block: [54,0,0], thread: [97,0,0] Assertion `-sizes[i] <= index && index < sizes[i] && "index out of bounds"` failed.
/opt/conda/conda-bld/pytorch_1716905971132/work/aten/src/ATen/native/cuda/IndexKernel.cu:92: operator(): block: [54,0,0], thread: [98,0,0] Assertion `-sizes[i] <= index && index < sizes[i] && "index out of bounds"` failed.
/opt/conda/conda-bld/pytorch_1716905971132/work/aten/src/ATen/native/cuda/IndexKernel.cu:92: operator(): block: [54,0,0], thread: [99,0,0] Assertion `-sizes[i] <= index && index < sizes[i] && "index out of bounds"` failed.
/opt/conda/conda-bld/pytorch_1716905971132/work/aten/src/ATen/native/cuda/IndexKernel.cu:92: operator(): block: [54,0,0], thread: [100,0,0] Assertion `-sizes[i] <= index && index < sizes[i] && "index out of bounds"` failed.
/opt/conda/conda-bld/pytorch_1716905971132/work/aten/src/ATen/native/cuda/IndexKernel.cu:92: operator(): block: [54,0,0], thread: [101,0,0] Assertion `-sizes[i] <= index && index < sizes[i] && "index out of bounds"` failed.
/opt/conda/conda-bld/pytorch_1716905971132/work/aten/src/ATen/native/cuda/IndexKernel.cu:92: operator(): block: [54,0,0], thread: [102,0,0] Assertion `-sizes[i] <= index && index < sizes[i] && "index out of bounds"` failed.
/opt/conda/conda-bld/pytorch_1716905971132/work/aten/src/ATen/native/cuda/IndexKernel.cu:92: operator(): block: [54,0,0], thread: [103,0,0] Assertion `-sizes[i] <= index && index < sizes[i] && "index out of bounds"` failed.
/opt/conda/conda-bld/pytorch_1716905971132/work/aten/src/ATen/native/cuda/IndexKernel.cu:92: operator(): block: [54,0,0], thread: [104,0,0] Assertion `-sizes[i] <= index && index < sizes[i] && "index out of bounds"` failed.
/opt/conda/conda-bld/pytorch_1716905971132/work/aten/src/ATen/native/cuda/IndexKernel.cu:92: operator(): block: [54,0,0], thread: [105,0,0] Assertion `-sizes[i] <= index && index < sizes[i] && "index out of bounds"` failed.
/opt/conda/conda-bld/pytorch_1716905971132/work/aten/src/ATen/native/cuda/IndexKernel.cu:92: operator(): block: [54,0,0], thread: [106,0,0] Assertion `-sizes[i] <= index && index < sizes[i] && "index out of bounds"` failed.
/opt/conda/conda-bld/pytorch_1716905971132/work/aten/src/ATen/native/cuda/IndexKernel.cu:92: operator(): block: [54,0,0], thread: [107,0,0] Assertion `-sizes[i] <= index && index < sizes[i] && "index out of bounds"` failed.
/opt/conda/conda-bld/pytorch_1716905971132/work/aten/src/ATen/native/cuda/IndexKernel.cu:92: operator(): block: [54,0,0], thread: [108,0,0] Assertion `-sizes[i] <= index && index < sizes[i] && "index out of bounds"` failed.
/opt/conda/conda-bld/pytorch_1716905971132/work/aten/src/ATen/native/cuda/IndexKernel.cu:92: operator(): block: [54,0,0], thread: [109,0,0] Assertion `-sizes[i] <= index && index < sizes[i] && "index out of bounds"` failed.
/opt/conda/conda-bld/pytorch_1716905971132/work/aten/src/ATen/native/cuda/IndexKernel.cu:92: operator(): block: [54,0,0], thread: [110,0,0] Assertion `-sizes[i] <= index && index < sizes[i] && "index out of bounds"` failed.
/opt/conda/conda-bld/pytorch_1716905971132/work/aten/src/ATen/native/cuda/IndexKernel.cu:92: operator(): block: [54,0,0], thread: [111,0,0] Assertion `-sizes[i] <= index && index < sizes[i] && "index out of bounds"` failed.
/opt/conda/conda-bld/pytorch_1716905971132/work/aten/src/ATen/native/cuda/IndexKernel.cu:92: operator(): block: [54,0,0], thread: [112,0,0] Assertion `-sizes[i] <= index && index < sizes[i] && "index out of bounds"` failed.
/opt/conda/conda-bld/pytorch_1716905971132/work/aten/src/ATen/native/cuda/IndexKernel.cu:92: operator(): block: [54,0,0], thread: [113,0,0] Assertion `-sizes[i] <= index && index < sizes[i] && "index out of bounds"` failed.
/opt/conda/conda-bld/pytorch_1716905971132/work/aten/src/ATen/native/cuda/IndexKernel.cu:92: operator(): block: [54,0,0], thread: [114,0,0] Assertion `-sizes[i] <= index && index < sizes[i] && "index out of bounds"` failed.
/opt/conda/conda-bld/pytorch_1716905971132/work/aten/src/ATen/native/cuda/IndexKernel.cu:92: operator(): block: [54,0,0], thread: [115,0,0] Assertion `-sizes[i] <= index && index < sizes[i] && "index out of bounds"` failed.
/opt/conda/conda-bld/pytorch_1716905971132/work/aten/src/ATen/native/cuda/IndexKernel.cu:92: operator(): block: [54,0,0], thread: [116,0,0] Assertion `-sizes[i] <= index && index < sizes[i] && "index out of bounds"` failed.
/opt/conda/conda-bld/pytorch_1716905971132/work/aten/src/ATen/native/cuda/IndexKernel.cu:92: operator(): block: [54,0,0], thread: [117,0,0] Assertion `-sizes[i] <= index && index < sizes[i] && "index out of bounds"` failed.
/opt/conda/conda-bld/pytorch_1716905971132/work/aten/src/ATen/native/cuda/IndexKernel.cu:92: operator(): block: [54,0,0], thread: [118,0,0] Assertion `-sizes[i] <= index && index < sizes[i] && "index out of bounds"` failed.
/opt/conda/conda-bld/pytorch_1716905971132/work/aten/src/ATen/native/cuda/IndexKernel.cu:92: operator(): block: [54,0,0], thread: [119,0,0] Assertion `-sizes[i] <= index && index < sizes[i] && "index out of bounds"` failed.
/opt/conda/conda-bld/pytorch_1716905971132/work/aten/src/ATen/native/cuda/IndexKernel.cu:92: operator(): block: [54,0,0], thread: [120,0,0] Assertion `-sizes[i] <= index && index < sizes[i] && "index out of bounds"` failed.
/opt/conda/conda-bld/pytorch_1716905971132/work/aten/src/ATen/native/cuda/IndexKernel.cu:92: operator(): block: [54,0,0], thread: [121,0,0] Assertion `-sizes[i] <= index && index < sizes[i] && "index out of bounds"` failed.
/opt/conda/conda-bld/pytorch_1716905971132/work/aten/src/ATen/native/cuda/IndexKernel.cu:92: operator(): block: [54,0,0], thread: [122,0,0] Assertion `-sizes[i] <= index && index < sizes[i] && "index out of bounds"` failed.
/opt/conda/conda-bld/pytorch_1716905971132/work/aten/src/ATen/native/cuda/IndexKernel.cu:92: operator(): block: [54,0,0], thread: [123,0,0] Assertion `-sizes[i] <= index && index < sizes[i] && "index out of bounds"` failed.
/opt/conda/conda-bld/pytorch_1716905971132/work/aten/src/ATen/native/cuda/IndexKernel.cu:92: operator(): block: [54,0,0], thread: [124,0,0] Assertion `-sizes[i] <= index && index < sizes[i] && "index out of bounds"` failed.
/opt/conda/conda-bld/pytorch_1716905971132/work/aten/src/ATen/native/cuda/IndexKernel.cu:92: operator(): block: [54,0,0], thread: [125,0,0] Assertion `-sizes[i] <= index && index < sizes[i] && "index out of bounds"` failed.
/opt/conda/conda-bld/pytorch_1716905971132/work/aten/src/ATen/native/cuda/IndexKernel.cu:92: operator(): block: [54,0,0], thread: [126,0,0] Assertion `-sizes[i] <= index && index < sizes[i] && "index out of bounds"` failed.
/opt/conda/conda-bld/pytorch_1716905971132/work/aten/src/ATen/native/cuda/IndexKernel.cu:92: operator(): block: [54,0,0], thread: [127,0,0] Assertion `-sizes[i] <= index && index < sizes[i] && "index out of bounds"` failed.
/opt/conda/conda-bld/pytorch_1716905971132/work/aten/src/ATen/native/cuda/IndexKernel.cu:92: operator(): block: [54,0,0], thread: [0,0,0] Assertion `-sizes[i] <= index && index < sizes[i] && "index out of bounds"` failed.
/opt/conda/conda-bld/pytorch_1716905971132/work/aten/src/ATen/native/cuda/IndexKernel.cu:92: operator(): block: [54,0,0], thread: [1,0,0] Assertion `-sizes[i] <= index && index < sizes[i] && "index out of bounds"` failed.
/opt/conda/conda-bld/pytorch_1716905971132/work/aten/src/ATen/native/cuda/IndexKernel.cu:92: operator(): block: [54,0,0], thread: [2,0,0] Assertion `-sizes[i] <= index && index < sizes[i] && "index out of bounds"` failed.
/opt/conda/conda-bld/pytorch_1716905971132/work/aten/src/ATen/native/cuda/IndexKernel.cu:92: operator(): block: [54,0,0], thread: [3,0,0] Assertion `-sizes[i] <= index && index < sizes[i] && "index out of bounds"` failed.
/opt/conda/conda-bld/pytorch_1716905971132/work/aten/src/ATen/native/cuda/IndexKernel.cu:92: operator(): block: [54,0,0], thread: [4,0,0] Assertion `-sizes[i] <= index && index < sizes[i] && "index out of bounds"` failed.
/opt/conda/conda-bld/pytorch_1716905971132/work/aten/src/ATen/native/cuda/IndexKernel.cu:92: operator(): block: [54,0,0], thread: [5,0,0] Assertion `-sizes[i] <= index && index < sizes[i] && "index out of bounds"` failed.
/opt/conda/conda-bld/pytorch_1716905971132/work/aten/src/ATen/native/cuda/IndexKernel.cu:92: operator(): block: [54,0,0], thread: [6,0,0] Assertion `-sizes[i] <= index && index < sizes[i] && "index out of bounds"` failed.
/opt/conda/conda-bld/pytorch_1716905971132/work/aten/src/ATen/native/cuda/IndexKernel.cu:92: operator(): block: [54,0,0], thread: [7,0,0] Assertion `-sizes[i] <= index && index < sizes[i] && "index out of bounds"` failed.
/opt/conda/conda-bld/pytorch_1716905971132/work/aten/src/ATen/native/cuda/IndexKernel.cu:92: operator(): block: [54,0,0], thread: [8,0,0] Assertion `-sizes[i] <= index && index < sizes[i] && "index out of bounds"` failed.
/opt/conda/conda-bld/pytorch_1716905971132/work/aten/src/ATen/native/cuda/IndexKernel.cu:92: operator(): block: [54,0,0], thread: [9,0,0] Assertion `-sizes[i] <= index && index < sizes[i] && "index out of bounds"` failed.
/opt/conda/conda-bld/pytorch_1716905971132/work/aten/src/ATen/native/cuda/IndexKernel.cu:92: operator(): block: [54,0,0], thread: [10,0,0] Assertion `-sizes[i] <= index && index < sizes[i] && "index out of bounds"` failed.
/opt/conda/conda-bld/pytorch_1716905971132/work/aten/src/ATen/native/cuda/IndexKernel.cu:92: operator(): block: [54,0,0], thread: [11,0,0] Assertion `-sizes[i] <= index && index < sizes[i] && "index out of bounds"` failed.
/opt/conda/conda-bld/pytorch_1716905971132/work/aten/src/ATen/native/cuda/IndexKernel.cu:92: operator(): block: [54,0,0], thread: [12,0,0] Assertion `-sizes[i] <= index && index < sizes[i] && "index out of bounds"` failed.
/opt/conda/conda-bld/pytorch_1716905971132/work/aten/src/ATen/native/cuda/IndexKernel.cu:92: operator(): block: [54,0,0], thread: [13,0,0] Assertion `-sizes[i] <= index && index < sizes[i] && "index out of bounds"` failed.
/opt/conda/conda-bld/pytorch_1716905971132/work/aten/src/ATen/native/cuda/IndexKernel.cu:92: operator(): block: [54,0,0], thread: [14,0,0] Assertion `-sizes[i] <= index && index < sizes[i] && "index out of bounds"` failed.
/opt/conda/conda-bld/pytorch_1716905971132/work/aten/src/ATen/native/cuda/IndexKernel.cu:92: operator(): block: [54,0,0], thread: [15,0,0] Assertion `-sizes[i] <= index && index < sizes[i] && "index out of bounds"` failed.
/opt/conda/conda-bld/pytorch_1716905971132/work/aten/src/ATen/native/cuda/IndexKernel.cu:92: operator(): block: [54,0,0], thread: [16,0,0] Assertion `-sizes[i] <= index && index < sizes[i] && "index out of bounds"` failed.
/opt/conda/conda-bld/pytorch_1716905971132/work/aten/src/ATen/native/cuda/IndexKernel.cu:92: operator(): block: [54,0,0], thread: [17,0,0] Assertion `-sizes[i] <= index && index < sizes[i] && "index out of bounds"` failed.
/opt/conda/conda-bld/pytorch_1716905971132/work/aten/src/ATen/native/cuda/IndexKernel.cu:92: operator(): block: [54,0,0], thread: [18,0,0] Assertion `-sizes[i] <= index && index < sizes[i] && "index out of bounds"` failed.
/opt/conda/conda-bld/pytorch_1716905971132/work/aten/src/ATen/native/cuda/IndexKernel.cu:92: operator(): block: [54,0,0], thread: [19,0,0] Assertion `-sizes[i] <= index && index < sizes[i] && "index out of bounds"` failed.
/opt/conda/conda-bld/pytorch_1716905971132/work/aten/src/ATen/native/cuda/IndexKernel.cu:92: operator(): block: [54,0,0], thread: [20,0,0] Assertion `-sizes[i] <= index && index < sizes[i] && "index out of bounds"` failed.
/opt/conda/conda-bld/pytorch_1716905971132/work/aten/src/ATen/native/cuda/IndexKernel.cu:92: operator(): block: [54,0,0], thread: [21,0,0] Assertion `-sizes[i] <= index && index < sizes[i] && "index out of bounds"` failed.
/opt/conda/conda-bld/pytorch_1716905971132/work/aten/src/ATen/native/cuda/IndexKernel.cu:92: operator(): block: [54,0,0], thread: [22,0,0] Assertion `-sizes[i] <= index && index < sizes[i] && "index out of bounds"` failed.
/opt/conda/conda-bld/pytorch_1716905971132/work/aten/src/ATen/native/cuda/IndexKernel.cu:92: operator(): block: [54,0,0], thread: [23,0,0] Assertion `-sizes[i] <= index && index < sizes[i] && "index out of bounds"` failed.
/opt/conda/conda-bld/pytorch_1716905971132/work/aten/src/ATen/native/cuda/IndexKernel.cu:92: operator(): block: [54,0,0], thread: [24,0,0] Assertion `-sizes[i] <= index && index < sizes[i] && "index out of bounds"` failed.
/opt/conda/conda-bld/pytorch_1716905971132/work/aten/src/ATen/native/cuda/IndexKernel.cu:92: operator(): block: [54,0,0], thread: [25,0,0] Assertion `-sizes[i] <= index && index < sizes[i] && "index out of bounds"` failed.
/opt/conda/conda-bld/pytorch_1716905971132/work/aten/src/ATen/native/cuda/IndexKernel.cu:92: operator(): block: [54,0,0], thread: [26,0,0] Assertion `-sizes[i] <= index && index < sizes[i] && "index out of bounds"` failed.
/opt/conda/conda-bld/pytorch_1716905971132/work/aten/src/ATen/native/cuda/IndexKernel.cu:92: operator(): block: [54,0,0], thread: [27,0,0] Assertion `-sizes[i] <= index && index < sizes[i] && "index out of bounds"` failed.
/opt/conda/conda-bld/pytorch_1716905971132/work/aten/src/ATen/native/cuda/IndexKernel.cu:92: operator(): block: [54,0,0], thread: [28,0,0] Assertion `-sizes[i] <= index && index < sizes[i] && "index out of bounds"` failed.
/opt/conda/conda-bld/pytorch_1716905971132/work/aten/src/ATen/native/cuda/IndexKernel.cu:92: operator(): block: [54,0,0], thread: [29,0,0] Assertion `-sizes[i] <= index && index < sizes[i] && "index out of bounds"` failed.
/opt/conda/conda-bld/pytorch_1716905971132/work/aten/src/ATen/native/cuda/IndexKernel.cu:92: operator(): block: [54,0,0], thread: [30,0,0] Assertion `-sizes[i] <= index && index < sizes[i] && "index out of bounds"` failed.
/opt/conda/conda-bld/pytorch_1716905971132/work/aten/src/ATen/native/cuda/IndexKernel.cu:92: operator(): block: [54,0,0], thread: [31,0,0] Assertion `-sizes[i] <= index && index < sizes[i] && "index out of bounds"` failed.
Traceback (most recent call last):
  File "/home/nao48500/miniforge3/envs/pytorch3d/lib/python3.10/runpy.py", line 196, in _run_module_as_main
    return _run_code(code, main_globals, None,
  File "/home/nao48500/miniforge3/envs/pytorch3d/lib/python3.10/runpy.py", line 86, in _run_code
    exec(code, run_globals)
  File "/rwthfs/rz/cluster/home/nao48500/SMILify/fitter_3d/optimise_moonshot.py", line 212, in <module>
    main(build_parser().parse_args())
  File "/rwthfs/rz/cluster/home/nao48500/SMILify/fitter_3d/optimise_moonshot.py", line 128, in main
    manager.run()
  File "/rwthfs/rz/cluster/home/nao48500/SMILify/fitter_3d/trainer_moonshot.py", line 645, in run
    stage.run(plot=False)
  File "/rwthfs/rz/cluster/home/nao48500/SMILify/fitter_3d/trainer_moonshot.py", line 598, in run
    loss, comp = self.step(i)
  File "/rwthfs/rz/cluster/home/nao48500/SMILify/fitter_3d/trainer_moonshot.py", line 583, in step
    loss, comp = self.forward(new_mesh, it)
  File "/rwthfs/rz/cluster/home/nao48500/SMILify/fitter_3d/trainer_moonshot.py", line 458, in forward
    l_ch_leg, _, info_leg = robust_chamfer(
  File "/rwthfs/rz/cluster/home/nao48500/SMILify/fitter_3d/trainer_moonshot.py", line 220, in robust_chamfer
    fwd = knn_points(src_pts, tgt_pts, K=1)
  File "/home/nao48500/miniforge3/envs/pytorch3d/lib/python3.10/site-packages/pytorch3d/ops/knn.py", line 189, in knn_points
    p1_dists, p1_idx = _knn_points.apply(
  File "/home/nao48500/miniforge3/envs/pytorch3d/lib/python3.10/site-packages/torch/autograd/function.py", line 598, in apply
    return super().apply(*args, **kwargs)  # type: ignore[misc]
  File "/home/nao48500/miniforge3/envs/pytorch3d/lib/python3.10/site-packages/pytorch3d/ops/knn.py", line 74, in forward
    idx, dists = _C.knn_points_idx(p1, p2, lengths1, lengths2, norm, K, version)
RuntimeError: CUDA error: device-side assert triggered
CUDA kernel errors might be asynchronously reported at some other API call, so the stacktrace below might be incorrect.
For debugging consider passing CUDA_LAUNCH_BLOCKING=1.
Compile with `TORCH_USE_CUDA_DSA` to enable device-side assertions.

=== task 1 DONE ===
