mesh,stage,chamfer_l2,chamfer_l1,acc_mean,comp_mean,hausdorff_95,hausdorff_max,fscore@0.005,precision@0.005,recall@0.005,fscore@0.01,precision@0.01,recall@0.01,fscore@0.02,precision@0.02,recall@0.02,fscore@0.05,precision@0.05,recall@0.05,normal_consistency,normal_flip_frac,edge_ratio_mean,edge_ratio_std,edge_stretch_p95,edge_compress_p05,edge_logratio_absmean,area_ratio_mean,area_logratio_absmean,degenerate_tri_frac,tri_quality_mean,tri_quality_p05,deform_mag_mean,deform_mag_p95,deform_mag_max,dihedral_mean,dihedral_p99,folded_face_frac,midline_dev_mean,midline_dev_p95,midline_dev_mean_norm,midline_dev_excess,part_body_dist_mean,part_body_dist_p95,part_body_within_tau,part_head_dist_mean,part_head_dist_p95,part_head_within_tau,part_antenna_dist_mean,part_antenna_dist_p95,part_antenna_within_tau,part_mandible_dist_mean,part_mandible_dist_p95,part_mandible_within_tau,part_leg_dist_mean,part_leg_dist_p95,part_leg_within_tau,part_leg_distal_dist_mean,part_leg_distal_dist_p95,part_leg_distal_within_tau
Acanthostichus_aff.brevicornis_CASENT0744328_processed.obj,Stage_2_deform_coarse,0.00021992655820213258,0.016727950423955917,0.008645705878734589,0.008082243613898754,0.022484321147203445,0.07918297499418259,0.31447938084602356,0.3156000077724457,0.31336668133735657,0.7417096495628357,0.7440000176429749,0.7394333481788635,0.9475945830345154,0.9362666606903076,0.9592000246047974,0.998414158821106,0.996833324432373,1.0,0.8011835217475891,0.1985333412885666,1.3086715936660767,1.3284084796905518,2.8515896797180176,0.5330320596694946,0.34484827518463135,2.3660223484039307,0.6067115068435669,0.0,0.7422533631324768,0.30864667892456055,0.016272328794002533,0.04083193093538284,0.32782912254333496,13.917570114135742,80.64434814453125,0.007492100354284048,0.0025906162336468697,0.003265631152316928,0.0025830897502601147,-0.006143623031675816,0.007934683933854103,0.018724802881479263,0.9567216038703918,0.005565173923969269,0.010414003394544125,0.9958601593971252,0.009830380789935589,0.018449077382683754,0.9640884399414062,0.007437375374138355,0.01426623947918415,0.9868074059486389,0.009309060871601105,0.020450929179787636,0.9457165002822876,0.00787232257425785,0.014695378951728344,0.9975668787956238
Acromyrmex_coronatus_CASENT0744365_processed.obj,Stage_2_deform_coarse,0.00026458504726178944,0.01786745712161064,0.009186157025396824,0.008681299164891243,0.022761953994631767,0.0885583832859993,0.24200595915317535,0.2459000051021576,0.23823334276676178,0.7273122072219849,0.7455999851226807,0.7099000215530396,0.947486400604248,0.9408666491508484,0.954200029373169,0.9942688345909119,0.9887333512306213,0.9998666644096375,0.8156293034553528,0.12173333764076233,1.2234573364257812,1.2665891647338867,2.375753879547119,0.5566165447235107,0.3015236556529999,1.8873718976974487,0.5264982581138611,0.0,0.7778683304786682,0.32961398363113403,0.01798681728541851,0.0471348762512207,0.20847156643867493,13.64557933807373,73.85694122314453,0.005765659734606743,0.05197605490684509,0.05270368978381157,0.05346352607011795,0.0025338567793369293,0.006841781083494425,0.013165466487407684,0.9911911487579346,0.0064734830521047115,0.011949092149734497,0.9912603497505188,0.007994340732693672,0.014506722800433636,0.980663001537323,0.010340161621570587,0.029032500460743904,0.9129288196563721,0.00843142718076706,0.016963109374046326,0.9727296233177185,0.008979061618447304,0.02202039398252964,0.9379562139511108
Acromyrmex_lobicornis_CASENT0878007_processed.obj,Stage_2_deform_coarse,0.0004580042732413858,0.02484051138162613,0.011960056610405445,0.012880454771220684,0.029835294932127,0.09699369221925735,0.11071448028087616,0.11273333430290222,0.10876666754484177,0.47862762212753296,0.504966676235199,0.45489999651908875,0.8646556735038757,0.8925333619117737,0.8384667038917542,0.9934250712394714,0.9905666708946228,0.9962999820709229,0.7818120121955872,0.33346667885780334,1.4473516941070557,1.7495168447494507,3.4715874195098877,0.5047651529312134,0.41842222213745117,3.181779623031616,0.7649784088134766,0.0,0.7583156824111938,0.3245074450969696,0.025643806904554367,0.06530026346445084,0.26569920778274536,15.514639854431152,87.50337219238281,0.009479135274887085,0.030672121793031693,0.03162512183189392,0.03148019313812256,0.004754392430186272,0.01109445933252573,0.024474751204252243,0.9023362994194031,0.013647062703967094,0.030596580356359482,0.829346776008606,0.0105346804484725,0.021803023293614388,0.9364641308784485,0.009564157575368881,0.017333276569843292,0.97625333070755,0.012075436301529408,0.026345500722527504,0.8909184336662292,0.010475712828338146,0.01989727094769478,0.9525547623634338
Anochetus_risii_CASENT0877608_processed.obj,Stage_2_deform_coarse,0.0001369279925711453,0.014275707304477692,0.006936573889106512,0.00733913341537118,0.015331331640481949,0.07385973632335663,0.3153499960899353,0.321066677570343,0.3098333477973938,0.8330770134925842,0.856166660785675,0.8112000226974487,0.9838976263999939,0.9854333400726318,0.982366681098938,0.9997666478157043,0.999833345413208,0.9997000098228455,0.8529488444328308,0.07433333247900009,1.2132139205932617,1.0870779752731323,2.2350564002990723,0.6036823987960815,0.2850809097290039,1.8428479433059692,0.502801239490509,0.0,0.7926725149154663,0.33648765087127686,0.014046020805835724,0.037252817302942276,0.3117426037788391,14.136625289916992,79.25408172607422,0.0071663567796349525,0.003253023838624358,0.004075865726917982,0.003280250821262598,-0.00520616490393877,0.005861327052116394,0.011497072875499725,0.995404064655304,0.006897792685776949,0.013822157867252827,0.9843605756759644,0.0072248647920787334,0.01407039538025856,0.991712749004364,0.007759011350572109,0.015057719312608242,0.9894459247589111,0.007193002384155989,0.012866298668086529,0.9899665713310242,0.006728955544531345,0.013466221280395985,0.985401451587677
Anochetus_risii_CASENT0877609_processed.obj,Stage_2_deform_coarse,0.0005477966042235494,0.02724393829703331,0.013175545260310173,0.014068392105400562,0.03317919746041298,0.13636967539787292,0.0899370089173317,0.09160000085830688,0.08833333104848862,0.42383402585983276,0.44929999113082886,0.4011000096797943,0.8282783627510071,0.8613333702087402,0.7976666688919067,0.9919964075088501,0.9875333309173584,0.9965000152587891,0.7774443626403809,0.32313334941864014,1.4642966985702515,1.9675517082214355,3.6028892993927,0.46959981322288513,0.4392283856868744,3.885258674621582,0.802466869354248,0.0,0.7145995497703552,0.247281014919281,0.03036973811686039,0.08275149017572403,0.3450433611869812,15.958539009094238,100.82197570800781,0.012410826981067657,0.007790971547365189,0.00908011756837368,0.007883606478571892,-0.004361968487501144,0.011509486474096775,0.025523468852043152,0.9069322347640991,0.013110144063830376,0.026282483711838722,0.8546457886695862,0.01046622171998024,0.018489385023713112,0.972375750541687,0.00998051930218935,0.017105426639318466,0.9920845031738281,0.013888970948755741,0.03261938318610191,0.8260869979858398,0.010186010971665382,0.019273070618510246,0.9586374759674072
Aphaenogaster_pallida_CASENT0745235_processed.obj,Stage_2_deform_coarse,0.00017408875282853842,0.014739666134119034,0.0073781805112957954,0.007361486088484526,0.015181832946836948,0.14329586923122406,0.31546860933303833,0.3215999901294708,0.3095666766166687,0.8160619735717773,0.8368666768074036,0.7962666749954224,0.983126163482666,0.9804666638374329,0.98580002784729,0.9979959726333618,0.9959999918937683,1.0,0.8912328481674194,0.04859999939799309,1.2165776491165161,1.3560395240783691,2.177626371383667,0.6448597311973572,0.2656828463077545,1.9602015018463135,0.4498438239097595,0.0,0.8270895481109619,0.4192086160182953,0.011512239463627338,0.02954738400876522,0.34540319442749023,13.413147926330566,76.06002044677734,0.006351998075842857,0.0020691603422164917,0.002781109418720007,0.0020803569350391626,-0.004049691371619701,0.006383784115314484,0.011845008470118046,0.9911911487579346,0.006056454498320818,0.011287924833595753,0.9949401617050171,0.008753365837037563,0.013835670426487923,0.9972376227378845,0.007835413329303265,0.015695737674832344,0.97625333070755,0.007843779399991035,0.013814463280141354,0.9886802434921265,0.008675538003444672,0.01866399310529232,0.9513381719589233
Atopomyrmex_mocquerysi_CASENT0744784_processed.obj,Stage_2_deform_coarse,0.0001497146295150742,0.013887663371860981,0.007288062479346991,0.00659960089251399,0.018893010914325714,0.06463567167520523,0.41099998354911804,0.4110333323478699,0.4109666645526886,0.8336132764816284,0.8198000192642212,0.8479000329971313,0.971147358417511,0.9557333588600159,0.9870666861534119,0.9992661476135254,0.9985333681106567,1.0,0.7860313057899475,0.17336666584014893,1.3296513557434082,1.496832251548767,2.980550765991211,0.5565472841262817,0.3433194160461426,2.430148124694824,0.6062484383583069,0.0,0.7860442399978638,0.3626827597618103,0.01434630062431097,0.03390156477689743,0.27555224299430847,13.655312538146973,79.88573455810547,0.007622397970408201,0.028105197474360466,0.028862716630101204,0.028665494173765182,0.0014928150922060013,0.005561085417866707,0.011784817092120647,0.9919571280479431,0.004749996121972799,0.009800577536225319,0.997700035572052,0.006708397064357996,0.011763056740164757,0.980663001537323,0.006106313783675432,0.01310769747942686,0.9947230219841003,0.00805760733783245,0.018294641748070717,0.9603807926177979,0.007015762850642204,0.014239867217838764,0.989051103591919
Carebara_trechideros_CASENT0877591_processed.obj,Stage_2_deform_coarse,0.00022289897606242448,0.01539881993085146,0.008273949846625328,0.0071248700842261314,0.02177564799785614,0.08830741047859192,0.37719234824180603,0.3811666667461395,0.3733000159263611,0.8042455911636353,0.8023666739463806,0.8061333298683167,0.9598487019538879,0.9418333172798157,0.9785667061805725,0.9934237003326416,0.9869333505630493,1.0,0.7636500000953674,0.18086667358875275,1.330686330795288,1.4071965217590332,2.9806230068206787,0.5408688187599182,0.3518405258655548,2.2961909770965576,0.6154287457466125,0.0,0.7648252844810486,0.3289288282394409,0.016363006085157394,0.04041406884789467,0.41233935952186584,14.802258491516113,87.49480438232422,0.009348838590085506,0.020529815927147865,0.021270597353577614,0.020810162648558617,0.002349603921175003,0.005641632247716188,0.011704245582222939,0.9892761707305908,0.005064334254711866,0.009429029189050198,0.9986200332641602,0.006639134604483843,0.012338475324213505,0.9861878752708435,0.0066187819465994835,0.012889557518064976,1.0,0.007836506702005863,0.017693331465125084,0.9680988192558289,0.007661866024136543,0.019278256222605705,0.9513381719589233
Centromyrmex_brachycola_CASENT0744052_processed.obj,Stage_2_deform_coarse,0.00020779069745913148,0.01708270236849785,0.008160901255905628,0.008921802043914795,0.020182328298687935,0.09805542230606079,0.24236172437667847,0.24660000205039978,0.23826667666435242,0.7259843349456787,0.758233368396759,0.6963666677474976,0.9594320058822632,0.9709333181381226,0.948199987411499,0.9988498687744141,0.9984999895095825,0.9991999864578247,0.8516169786453247,0.16760000586509705,1.312785267829895,1.3402241468429565,2.8010036945343018,0.5805895328521729,0.32885822653770447,2.261641263961792,0.5906836986541748,0.0,0.7987433671951294,0.3908332586288452,0.014752833172678947,0.034777238965034485,0.2780451774597168,14.04125690460205,82.99296569824219,0.008045864291489124,0.009235805831849575,0.009903335943818092,0.009292958304286003,-0.002043290063738823,0.007111094892024994,0.013105986639857292,0.9911911487579346,0.006692688446491957,0.012115568853914738,0.9986200332641602,0.008896756917238235,0.014995629899203777,0.9834254384040833,0.008515048772096634,0.017397448420524597,0.9604222178459167,0.00828575249761343,0.015498100779950619,0.9884229898452759,0.00928753986954689,0.018561452627182007,0.9635036587715149
Cephalotes_minutus_CASENT0709253_processed.obj,Stage_2_deform_coarse,0.00015839282423257828,0.015305891633033752,0.007263464387506247,0.008042427711188793,0.017453737556934357,0.055951882153749466,0.2838331460952759,0.2892666757106781,0.2786000072956085,0.7887997627258301,0.8261666893959045,0.7546666860580444,0.9762679934501648,0.9853000044822693,0.9674000144004822,0.9999333024024963,0.9998666644096375,1.0,0.8623815774917603,0.12156666815280914,1.2675049304962158,1.2960090637207031,2.500004291534424,0.5820155143737793,0.3182184100151062,2.1394503116607666,0.5692967176437378,0.0,0.814215898513794,0.4142770767211914,0.013463780283927917,0.029618587344884872,0.2960720658302307,13.817789077758789,80.33615112304688,0.006645167246460915,0.020415768027305603,0.020906571298837662,0.02019079215824604,-0.0015832465142011642,0.006570643745362759,0.011877059936523438,0.9969360828399658,0.006432677619159222,0.011606576852500439,1.0,0.006940685678273439,0.012042255140841007,1.0,0.007959109731018543,0.015531005337834358,0.97625333070755,0.008239809423685074,0.01656358130276203,0.973501443862915,0.007280632853507996,0.013845039531588554,0.9914841651916504
Cephalotes_simillimus_CASENT0744408_processed.obj,Stage_2_deform_coarse,0.0005427967989817262,0.026567142456769943,0.012786293402314186,0.013780849054455757,0.03257070854306221,0.11324655264616013,0.11000307649374008,0.11336667090654373,0.1068333312869072,0.45321547985076904,0.48596668243408203,0.4246000051498413,0.8325707912445068,0.8669666647911072,0.8008000254631042,0.99195796251297,0.9869666695594788,0.9970000386238098,0.7680330872535706,0.39356666803359985,1.447525978088379,2.047091484069824,3.3501341342926025,0.501416802406311,0.4087108075618744,3.931983232498169,0.7539006471633911,0.0,0.745778501033783,0.3088936507701874,0.025111127644777298,0.06132013723254204,0.28603678941726685,14.946621894836426,89.57106018066406,0.009967750869691372,0.03245633468031883,0.03464982658624649,0.032609373331069946,-0.0015776418149471283,0.010368986055254936,0.021446403115987778,0.9341248869895935,0.013269543647766113,0.029162714257836342,0.845906138420105,0.008778293617069721,0.01560795959085226,0.9834254384040833,0.011647194623947144,0.02508975751698017,0.8891820907592773,0.01176478248089552,0.02500254288315773,0.8911757469177246,0.009005019441246986,0.016417289152741432,0.970802903175354
Cephalotes_spinosus_CASENT0744158_processed.obj,Stage_2_deform_coarse,0.00020304362988099456,0.017112310975790024,0.008039251901209354,0.009073058143258095,0.020737024024128914,0.06917261332273483,0.2497839480638504,0.25486665964126587,0.24490000307559967,0.7100237011909485,0.7525666952133179,0.6720333695411682,0.9584022164344788,0.975100040435791,0.9422667026519775,0.9995999336242676,0.9994333386421204,0.9997667074203491,0.8437362313270569,0.12183333188295364,1.2246288061141968,1.0101234912872314,2.3316092491149902,0.5458049774169922,0.3192625641822815,1.8254964351654053,0.5460585951805115,0.0,0.7924959659576416,0.36468642950057983,0.016072522848844528,0.037037819623947144,0.28296586871147156,14.24683666229248,79.71971130371094,0.007264079991728067,0.014265958219766617,0.01482050959020853,0.014273866079747677,-0.0017444510012865067,0.00708183366805315,0.013854211196303368,0.98582923412323,0.0072152758948504925,0.01356164924800396,0.9912603497505188,0.007733358535915613,0.013964900746941566,1.0,0.008793630637228489,0.01818542368710041,0.9656992554664612,0.00860501080751419,0.016562681645154953,0.9809622168540955,0.009595981799066067,0.021989891305565834,0.9403892755508423
Crematogaster_nawai_OKENT0105046_processed.obj,Stage_2_deform_coarse,0.00032353546703234315,0.020848549902439117,0.009969188831746578,0.010879360139369965,0.025170231238007545,0.10062968730926514,0.15899239480495453,0.1644333302974701,0.15389999747276306,0.6026545166969299,0.6385666728019714,0.5705666542053223,0.9212126135826111,0.9400666952133179,0.9031000137329102,0.9963458776473999,0.9943333268165588,0.99836665391922,0.7795636653900146,0.3659999966621399,1.2763652801513672,1.521694540977478,2.574150562286377,0.5583552122116089,0.33243635296821594,2.3038527965545654,0.6087570786476135,0.0,0.7763772010803223,0.34668511152267456,0.018592307344079018,0.04311065375804901,0.28233927488327026,14.777948379516602,81.42051696777344,0.007785269524902105,0.015246711671352386,0.015978408977389336,0.014976583421230316,-0.010486995801329613,0.008313889615237713,0.015512263402342796,0.9865952134132385,0.008541601710021496,0.015449142083525658,0.987120509147644,0.011227617040276527,0.020374633371829987,0.941989004611969,0.009300152771174908,0.01820114254951477,0.9709762930870056,0.0088654775172472,0.017974240705370903,0.960895299911499,0.007928757928311825,0.016744766384363174,0.9671532511711121
Cryptopone_sauteri_CASENT0743771_processed.obj,Stage_2_deform_coarse,0.00033585430355742574,0.021342044696211815,0.009812142699956894,0.011529901996254921,0.02844373509287834,0.08018121868371964,0.1658303588628769,0.17006666958332062,0.16179999709129333,0.5910930633544922,0.6365000009536743,0.5517333149909973,0.9038372039794922,0.9432333707809448,0.8676000237464905,0.9979152679443359,0.9967333674430847,0.9991000294685364,0.8144811391830444,0.3920666575431824,1.3303083181381226,1.3270206451416016,2.9298758506774902,0.5614645481109619,0.356065958738327,2.4985508918762207,0.6388121247291565,0.0,0.7720608711242676,0.3514374792575836,0.019297154620289803,0.050180643796920776,0.25270864367485046,14.768383026123047,91.83380126953125,0.010521515272557735,0.026222052052617073,0.027041668072342873,0.026515178382396698,-0.0004928428679704666,0.008388074114918709,0.015143312513828278,0.9900421500205994,0.009611038491129875,0.02036939561367035,0.9448021650314331,0.008973857387900352,0.01796143874526024,0.9779005646705627,0.01209764089435339,0.030774230137467384,0.8759894967079163,0.008893086574971676,0.017149820923805237,0.9724723696708679,0.00808341521769762,0.014749091118574142,0.985401451587677
Cyphoidris_afrc-tz01_CASENT0744810_processed.obj,Stage_2_deform_coarse,0.0010254974476993084,0.03750036284327507,0.017326612025499344,0.020173750817775726,0.0473962239921093,0.1088862270116806,0.04194517061114311,0.042399998754262924,0.04150000214576721,0.23839861154556274,0.2538333237171173,0.22473333775997162,0.6651822924613953,0.7337999939918518,0.6083000302314758,0.9659386873245239,0.9711666703224182,0.9607666730880737,0.7434242963790894,0.42320001125335693,1.5061616897583008,2.388913631439209,3.7036221027374268,0.49463996291160583,0.43389275670051575,4.5537590980529785,0.7964279651641846,0.0,0.7230525016784668,0.2871406674385071,0.031097689643502235,0.08729562908411026,0.34162667393684387,15.697793006896973,111.58336639404297,0.013974395580589771,0.03940746933221817,0.04022136703133583,0.03979620337486267,0.0003385022282600403,0.0171953234821558,0.03992559760808945,0.7184986472129822,0.017660152167081833,0.034558508545160294,0.6734130382537842,0.013213329017162323,0.02300974726676941,0.8922652006149292,0.012954933568835258,0.023613784462213516,0.8944591283798218,0.017179738730192184,0.0381232388317585,0.7229225635528564,0.014842910692095757,0.029556063935160637,0.8357664346694946
Cyphomyrmex_cf.minutus_CASENT0744280_processed.obj,Stage_2_deform_coarse,0.0010986549314111471,0.03906318545341492,0.017711136490106583,0.021352047100663185,0.050606515258550644,0.10744583606719971,0.03379671648144722,0.03413333371281624,0.03346666693687439,0.19792427122592926,0.2129666656255722,0.18486666679382324,0.6414501070976257,0.7195667028427124,0.5786333680152893,0.9602565169334412,0.973466694355011,0.9474000334739685,0.7615631818771362,0.42793333530426025,1.5511366128921509,3.025132179260254,3.828235387802124,0.5324545502662659,0.4143223166465759,5.415205955505371,0.7794389724731445,0.0,0.748875617980957,0.30744972825050354,0.02989252842962742,0.09231454133987427,0.38717278838157654,14.94173812866211,96.37992095947266,0.011270725168287754,0.00046919003943912685,0.00100200274027884,0.00047556907520629466,-0.008210503496229649,0.017953399568796158,0.04072263091802597,0.680199146270752,0.01760166324675083,0.032199520617723465,0.6660533547401428,0.014420533552765846,0.02649889700114727,0.8093922734260559,0.016012268140912056,0.028970830142498016,0.7704485654830933,0.017576629295945168,0.03629317879676819,0.6933367848396301,0.0175943523645401,0.04026547074317932,0.7311435341835022
Dilobocondyla_fouqueti_CASENT0745576_processed.obj,Stage_2_deform_coarse,0.0003329102764837444,0.020732637494802475,0.010446771048009396,0.01028586644679308,0.025156747549772263,0.09328381717205048,0.17142191529273987,0.17283333837985992,0.17003333568572998,0.6166784167289734,0.6360333561897278,0.598466694355011,0.9189350008964539,0.9226666688919067,0.915233314037323,0.9943867921829224,0.988966703414917,0.9998666644096375,0.7921241521835327,0.2643333375453949,1.305535912513733,1.4490715265274048,2.7112505435943604,0.5245473980903625,0.3535632789134979,2.3668668270111084,0.6323069930076599,0.0,0.7617473006248474,0.3322809040546417,0.020467689260840416,0.052451033145189285,0.2921208143234253,14.857608795166016,81.87247467041016,0.0076875463128089905,0.022638844326138496,0.023675587028265,0.022809743881225586,-0.0018065497279167175,0.00789759773761034,0.014508998021483421,0.9881271719932556,0.009844763204455376,0.020288540050387383,0.9443421959877014,0.008282304741442204,0.014658531174063683,0.9779005646705627,0.00845797173678875,0.015538944862782955,0.9920845031738281,0.009149053134024143,0.017960403114557266,0.9639825224876404,0.009227381087839603,0.019275696948170662,0.956204354763031
Dorylus_fulvus_CASENT0745678_processed.obj,Stage_2_deform_coarse,0.00015600433107465506,0.014697875827550888,0.007090457249432802,0.0076074181124567986,0.01742519810795784,0.05886698141694069,0.3405250012874603,0.34433335065841675,0.3368000090122223,0.8086387515068054,0.8324333429336548,0.7861666679382324,0.9739614129066467,0.9801333546638489,0.9678666591644287,0.9996999502182007,0.999666690826416,0.9997333288192749,0.8412619233131409,0.1650666743516922,1.2732306718826294,1.1848047971725464,2.688336133956909,0.5686548352241516,0.3195950984954834,2.2076916694641113,0.5733911395072937,0.0,0.7931394577026367,0.3939273953437805,0.01382818166166544,0.03379154950380325,0.3182164132595062,13.182847023010254,75.49165344238281,0.0065474440343678,0.00044956381316296756,0.0008443011320196092,0.00045300324563868344,-0.012064064852893353,0.005921107716858387,0.011470489203929901,0.9980850219726562,0.005696113221347332,0.010667390190064907,0.9995399713516235,0.00709749199450016,0.01290819514542818,1.0,0.00761630991473794,0.0173905398696661,0.9736148118972778,0.007891608402132988,0.01489053014665842,0.9879084229469299,0.007582190912216902,0.01628912054002285,0.9793187379837036
Eciton_hamatum_CASENT0744580_processed.obj,Stage_2_deform_coarse,0.00030082714511081576,0.018381252884864807,0.010591235011816025,0.007790018804371357,0.03187708556652069,0.09100267291069031,0.2961316406726837,0.29170000553131104,0.30070000886917114,0.7141823172569275,0.6793333292007446,0.7527999877929688,0.9248815774917603,0.8765666484832764,0.9788333177566528,0.9936938285827637,0.9874666929244995,1.0,0.6525166630744934,0.24560000002384186,1.2984862327575684,1.201023817062378,2.820725917816162,0.508193850517273,0.3830406963825226,2.1860506534576416,0.6620266437530518,0.0,0.7358971238136292,0.3265722990036011,0.020098751410841942,0.04538610205054283,0.2765093743801117,16.015413284301758,84.77082824707031,0.008762500248849392,0.01678958348929882,0.0176949892193079,0.016666285693645477,0.00096939317882061,0.006977986544370651,0.015948478132486343,0.9777863025665283,0.011256969533860683,0.027438610792160034,0.8592455983161926,0.00891251489520073,0.02203276753425598,0.930939257144928,0.00906874518841505,0.02318045124411583,0.9234828948974609,0.0074518537148833275,0.016535812988877296,0.9709287285804749,0.006866644136607647,0.014757633209228516,0.9768856167793274
Ectatomma_brunneum_CASENT0744575_processed.obj,Stage_2_deform_coarse,0.0006491336971521378,0.028786329552531242,0.014288383536040783,0.01449794601649046,0.036560557782649994,0.13003993034362793,0.07986310869455338,0.0803999975323677,0.0793333351612091,0.3884335160255432,0.4076666831970215,0.37093332409858704,0.8232603073120117,0.8545666933059692,0.7941666841506958,0.9837651252746582,0.9731000065803528,0.9946666955947876,0.775840163230896,0.3366999924182892,1.4527853727340698,2.7880735397338867,3.381113290786743,0.5144543647766113,0.39311355352401733,4.896167755126953,0.7300823330879211,0.0,0.7521907687187195,0.28974100947380066,0.02872893027961254,0.08209025114774704,0.4301774799823761,14.852516174316406,93.78799438476562,0.010977555997669697,0.0027733605820685625,0.00350449257530272,0.002831890247762203,-0.004518977366387844,0.01305802445858717,0.028590891510248184,0.8678667545318604,0.011388348415493965,0.02488802932202816,0.9222630858421326,0.012810339219868183,0.024266589432954788,0.9060773849487305,0.01401276234537363,0.027053281664848328,0.8496042490005493,0.012662559747695923,0.024552155286073685,0.8924620747566223,0.013412048108875751,0.030390316620469093,0.8734793066978455
Eurhopalothrix_procera_CASENT0745605_processed.obj,Stage_2_deform_coarse,0.000412728579249233,0.023571446537971497,0.011291153728961945,0.012280293740332127,0.029223153367638588,0.0814078077673912,0.1386992186307907,0.14220000803470612,0.13536666333675385,0.5166052579879761,0.5480999946594238,0.4885333478450775,0.8792857527732849,0.9085666537284851,0.8518333435058594,0.9950511455535889,0.9911333322525024,0.9990000128746033,0.7985491156578064,0.22020000219345093,1.337913990020752,1.5495814085006714,2.8699092864990234,0.5457598567008972,0.3565848469734192,2.7459185123443604,0.6425004601478577,0.0,0.7720293998718262,0.3109605312347412,0.022201010957360268,0.05686140060424805,0.2897290587425232,14.676542282104492,79.09071350097656,0.007264079991728067,0.008976575918495655,0.009991305880248547,0.008967677131295204,-0.008481214754283428,0.010091066360473633,0.020859261974692345,0.9433167576789856,0.008709149435162544,0.015987088903784752,0.9852805733680725,0.0105533292517066,0.020216980949044228,0.9392265677452087,0.010263361036777496,0.01731794886291027,0.9868074059486389,0.011853895150125027,0.026102613657712936,0.8996655941009521,0.009894405491650105,0.018636174499988556,0.956204354763031
Heteroponera_panamensis_CASENT0744055_processed.obj,Stage_2_deform_coarse,0.0007764426409266889,0.03222028911113739,0.015001867897808552,0.017218420282006264,0.04211336374282837,0.11174123734235764,0.05531485751271248,0.05563333258032799,0.054999999701976776,0.30501770973205566,0.32249999046325684,0.2893333435058594,0.7686321139335632,0.8285000324249268,0.7168333530426025,0.9775997996330261,0.9781000018119812,0.9771000146865845,0.8170862197875977,0.4043000042438507,1.3873721361160278,1.8710620403289795,3.253753662109375,0.4938144385814667,0.3989369869232178,3.657900094985962,0.745837390422821,0.0,0.7493157386779785,0.2825079560279846,0.030728818848729134,0.085997574031353,0.3558298647403717,15.06788158416748,95.16575622558594,0.011075278744101524,0.006805545650422573,0.007647120393812656,0.0067886123433709145,-0.006027018651366234,0.014514156617224216,0.030444763600826263,0.8046725392341614,0.012355037033557892,0.02286043018102646,0.9149034023284912,0.013069482520222664,0.02429192140698433,0.8922652006149292,0.015395512804389,0.03615986555814743,0.794195294380188,0.013789105229079723,0.02793804369866848,0.8572163581848145,0.016687355935573578,0.04589083418250084,0.7639902830123901
Labidus_praedator_CASENT0744236_processed.obj,Stage_2_deform_coarse,0.00036632094997912645,0.01845230907201767,0.010719938203692436,0.0077323708683252335,0.03575068339705467,0.1158570721745491,0.3208751678466797,0.31726667284965515,0.32456666231155396,0.7460727095603943,0.7229999899864197,0.7706666588783264,0.9220865368843079,0.8795333504676819,0.9689666628837585,0.988843560218811,0.9779333472251892,1.0,0.7041212320327759,0.2452000081539154,1.2679688930511475,1.43386971950531,2.7892158031463623,0.5104436874389648,0.33250656723976135,2.1732289791107178,0.5719879269599915,0.0,0.7638158202171326,0.30999743938446045,0.016530679538846016,0.05281883850693703,0.27815380692481995,14.132139205932617,84.87120056152344,0.009120818227529526,0.008179006166756153,0.008876343257725239,0.00825056154280901,0.0006495378911495209,0.005814748350530863,0.01151365227997303,0.987744152545929,0.004998829681426287,0.009139384143054485,0.9967800974845886,0.006514305714517832,0.012458010576665401,0.991712749004364,0.0064576007425785065,0.010988494381308556,0.9973615407943726,0.007901026867330074,0.01680876314640045,0.9683560729026794,0.007759103551506996,0.015088570304214954,0.9732360243797302
Labidus_praedator_CASENT0744237_processed.obj,Stage_2_deform_coarse,0.00027317952481098473,0.017556916922330856,0.008758006617426872,0.00879890937358141,0.01849914900958538,0.13299688696861267,0.22914141416549683,0.23626667261123657,0.22243332862854004,0.7293254733085632,0.7692999839782715,0.6933000087738037,0.9646270275115967,0.9671000242233276,0.9621666669845581,0.9946907162666321,0.989633321762085,0.9998000264167786,0.8529936075210571,0.11730000376701355,1.2705472707748413,1.3752238750457764,2.4250149726867676,0.6260861158370972,0.2916671633720398,2.2145423889160156,0.5230794548988342,0.0,0.7995980978012085,0.3491988778114319,0.014175878837704659,0.03486516699194908,0.2854442298412323,13.537436485290527,74.90258026123047,0.006938336417078972,0.007691001985222101,0.008280901238322258,0.007843940518796444,-0.002939441706985235,0.00673762196674943,0.012807956896722317,0.9973190426826477,0.006570753641426563,0.011974060907959938,0.9995399713516235,0.009286527521908283,0.01488236989825964,0.9779005646705627,0.009478923864662647,0.018377043306827545,0.9656992554664612,0.007836809381842613,0.013728591613471508,0.9938256144523621,0.00893043726682663,0.016188373789191246,0.9817517995834351
Lasius_nr._fuliginosus_CASENT0878037_processed.obj,Stage_2_deform_coarse,0.00014027534052729607,0.014257174916565418,0.006771416403353214,0.007485758513212204,0.016625136137008667,0.08364196121692657,0.34327247738838196,0.35163334012031555,0.3352999985218048,0.8200047612190247,0.8550333380699158,0.7877333164215088,0.9813692569732666,0.9882333278656006,0.9746000170707703,0.9998499751091003,1.0,0.9997000098228455,0.8575094938278198,0.09813333302736282,1.2102344036102295,1.2684637308120728,2.197164535522461,0.6187049150466919,0.271858274936676,2.084726333618164,0.4969221353530884,0.0,0.8038021922111511,0.38566508889198303,0.012567231431603432,0.028254449367523193,0.27384915947914124,13.562100410461426,77.9701919555664,0.007036059629172087,0.01231114286929369,0.012860888615250587,0.01234428770840168,-0.006475458852946758,0.005871151108294725,0.01102951169013977,0.9977020621299744,0.005303289741277695,0.009962493553757668,0.9986200332641602,0.008186540566384792,0.012281438335776329,0.9972376227378845,0.006873301696032286,0.013948391191661358,0.9841688871383667,0.007963400334119797,0.015292681753635406,0.9861075282096863,0.007695972919464111,0.015094016678631306,0.9841849207878113
Lioponera_daikoku_OKENT0105067_processed.obj,Stage_2_deform_coarse,0.0006425899919122458,0.028743259608745575,0.013632085174322128,0.015111173503100872,0.03563082590699196,0.1517990678548813,0.0776229277253151,0.07909999787807465,0.07620000094175339,0.37838032841682434,0.40566667914390564,0.3545333445072174,0.8224092721939087,0.872866690158844,0.7774666547775269,0.9865705966949463,0.9830333590507507,0.9901333451271057,0.8195403218269348,0.4455333352088928,1.4434611797332764,1.819507122039795,3.6474592685699463,0.4790632128715515,0.4279174506664276,3.7070305347442627,0.7973697185516357,0.0,0.7360267639160156,0.28962579369544983,0.030881399288773537,0.09526387602090836,0.3270686864852905,15.337910652160645,107.6497573852539,0.013453206047415733,0.046242307871580124,0.04861818253993988,0.046284954994916916,-0.010677654296159744,0.014028563164174557,0.031195152550935745,0.817694365978241,0.013235480524599552,0.03226909041404724,0.856025755405426,0.012204076163470745,0.023887787014245987,0.911602258682251,0.014350011013448238,0.031228020787239075,0.8390501737594604,0.012087400071322918,0.025550002232193947,0.8927193284034729,0.016933530569076538,0.05513961240649223,0.801703155040741
Mayriella_sp._CASENT0745610_processed.obj,Stage_2_deform_coarse,0.0006997736054472625,0.03057050332427025,0.014529683627188206,0.016040818765759468,0.03684775531291962,0.11831756681203842,0.06961068511009216,0.0719333365559578,0.06743333488702774,0.34553802013397217,0.3738666772842407,0.32120001316070557,0.7820404171943665,0.8371999859809875,0.7337000370025635,0.9855285286903381,0.9794333577156067,0.9916999936103821,0.73747318983078,0.39750000834465027,1.406858205795288,2.2491910457611084,3.173102378845215,0.48313409090042114,0.4005206823348999,4.2416205406188965,0.7293730974197388,0.0,0.7444608807563782,0.30694377422332764,0.025443295016884804,0.06548652052879333,0.3214952051639557,15.524983406066895,93.45767974853516,0.010847258381545544,0.028211962431669235,0.029112810268998146,0.02837458997964859,0.003367088735103607,0.01203431747853756,0.022466596215963364,0.9122941493988037,0.012307713739573956,0.024073734879493713,0.9116834998130798,0.012673895806074142,0.02806876040995121,0.881215512752533,0.010850147344172001,0.019436242058873177,0.9525066614151001,0.011954088695347309,0.023575685918331146,0.9148443937301636,0.01202568132430315,0.0287187397480011,0.9014598727226257
Mesoponera_ambigua_CASENT0745584_processed.obj,Stage_2_deform_coarse,0.0005839144578203559,0.02681494504213333,0.013174017891287804,0.013640928082168102,0.034738436341285706,0.1802186220884323,0.10295011848211288,0.10526666790246964,0.10073333233594894,0.4494136571884155,0.48356667160987854,0.4197666645050049,0.8480254411697388,0.8788000345230103,0.8193333148956299,0.9867445230484009,0.9774667024612427,0.9962000250816345,0.7931095361709595,0.3400000035762787,1.3590202331542969,1.5641908645629883,3.0934488773345947,0.5163833498954773,0.37640613317489624,2.7526047229766846,0.6771895289421082,0.0,0.7561424970626831,0.29592061042785645,0.02611370012164116,0.06835219264030457,0.3020535409450531,14.778679847717285,93.98255157470703,0.01068438682705164,0.05137116461992264,0.05182681232690811,0.05072429031133652,-0.0009441561996936798,0.010164603590965271,0.0184226892888546,0.9636154770851135,0.01081154402345419,0.023476459085941315,0.9222630858421326,0.01149544958025217,0.02193995751440525,0.9281768202781677,0.011937967501580715,0.024807022884488106,0.8707124590873718,0.012264647521078587,0.025789927691221237,0.9078981280326843,0.011116685345768929,0.022076081484556198,0.9367396235466003
Myrmecina_ryukyuensis_OKENT0105085_processed.obj,Stage_2_deform_coarse,0.0002615052508190274,0.017093006521463394,0.0082224290817976,0.008870577439665794,0.018676217645406723,0.253715455532074,0.25078052282333374,0.2590000033378601,0.243066668510437,0.7405060529708862,0.7674000263214111,0.7154333591461182,0.964587390422821,0.9699333310127258,0.9592999815940857,0.9962665438652039,0.9959333539009094,0.9966000318527222,0.8484606146812439,0.16770000755786896,1.2721110582351685,1.5491286516189575,2.411334991455078,0.588932991027832,0.29924389719963074,2.3522987365722656,0.5434172749519348,0.0,0.7909987568855286,0.34068799018859863,0.01405500341206789,0.03297383338212967,0.31442639231681824,13.841277122497559,77.9797134399414,0.006384572479873896,0.0010779021540656686,0.0017750294646248221,0.0010796437272801995,-0.007813721895217896,0.006966987159103155,0.01240760087966919,0.9961700439453125,0.0066550783812999725,0.012069396674633026,0.9995399713516235,0.009303200989961624,0.017349988222122192,0.9779005646705627,0.007652082480490208,0.01318106148391962,1.0,0.008562776260077953,0.01915781944990158,0.9526627659797668,0.0075140055269002914,0.013087018392980099,0.9927006959915161
Myrmecina_sp._CASENT0745613_processed.obj,Stage_2_deform_coarse,0.0004456017049960792,0.02398104965686798,0.011470678262412548,0.012510370463132858,0.029933277517557144,0.11902805417776108,0.12130893021821976,0.12503333389759064,0.11780000478029251,0.5193950533866882,0.5607333183288574,0.48373332619667053,0.8779539465904236,0.9122999906539917,0.8461000323295593,0.99338299036026,0.9876333475112915,0.9991999864578247,0.813651442527771,0.3288666605949402,1.3947393894195557,1.6159223318099976,3.2645606994628906,0.5344378352165222,0.38642680644989014,3.530695676803589,0.7105740904808044,0.0,0.7648093700408936,0.3166201114654541,0.023024048656225204,0.05783095955848694,0.2505514323711395,15.141902923583984,100.19093322753906,0.012443401850759983,0.012174800969660282,0.013702510856091976,0.012083758600056171,0.00021810177713632584,0.010141322389245033,0.020280905067920685,0.9471467137336731,0.010722887702286243,0.023818280547857285,0.9227230548858643,0.009597577154636383,0.01818131096661091,0.9861878752708435,0.010841512121260166,0.02508547157049179,0.9050132036209106,0.011897293850779533,0.028043461963534355,0.9037818312644958,0.010722457431256771,0.02132711000740528,0.930656909942627
Nesomyrmex_angulatus_CASENT0744820_processed.obj,Stage_2_deform_coarse,0.0006387285538949072,0.028598777949810028,0.013369506224989891,0.015229270793497562,0.03686904162168503,0.14223513007164001,0.08975532650947571,0.0927666649222374,0.08693333715200424,0.4033806622028351,0.4371333420276642,0.3744666576385498,0.8156577348709106,0.8722000122070312,0.7660000324249268,0.9839366674423218,0.9785333275794983,0.9894000291824341,0.7735404968261719,0.3900333344936371,1.3935807943344116,1.7332700490951538,3.355268716812134,0.49376970529556274,0.40465572476387024,3.358619213104248,0.7473876476287842,0.0,0.7360103130340576,0.29556703567504883,0.024760302156209946,0.06534617394208908,0.2816920578479767,15.762422561645508,99.388427734375,0.012475975789129734,0.011014007031917572,0.011885106563568115,0.011004048399627209,-0.0024205856025218964,0.01308260578662157,0.025531504303216934,0.8678667545318604,0.011483343318104744,0.02289474569261074,0.9245629906654358,0.012265943922102451,0.024596821516752243,0.9088398218154907,0.01064354833215475,0.01933460310101509,0.9498680830001831,0.011387019418179989,0.02072255313396454,0.940571129322052,0.01015700027346611,0.019990654662251472,0.9501216411590576
Odontomachus_troglodytes_CASENT0744970_processed.obj,Stage_2_deform_coarse,0.0001519414654467255,0.014262408949434757,0.007094074971973896,0.007168333977460861,0.01576983742415905,0.11059504002332687,0.35397323966026306,0.36079999804496765,0.3474000096321106,0.8305549621582031,0.8478333353996277,0.813966691493988,0.9775345325469971,0.9736666679382324,0.9814333319664001,0.998982310295105,0.9979667067527771,1.0,0.8113856911659241,0.12983334064483643,1.2320492267608643,1.2302912473678589,2.3850831985473633,0.5762246251106262,0.30023670196533203,1.949784278869629,0.5409237742424011,0.0,0.7733510136604309,0.3652397394180298,0.014568561688065529,0.031748007982969284,0.27410006523132324,14.075301170349121,81.94673156738281,0.00788299273699522,0.023743879050016403,0.024640342220664024,0.023567743599414825,0.0008701533079147339,0.005802110303193331,0.011372815817594528,0.9950211048126221,0.005444607697427273,0.009753553196787834,1.0,0.006364461034536362,0.010518349707126617,0.9861878752708435,0.0065951235592365265,0.013163529336452484,1.0,0.007836529985070229,0.016721466556191444,0.9724723696708679,0.007710288744419813,0.018054544925689697,0.9574209451675415
Oxyopomyrmex_saulcyi_CASENT0745218_processed.obj,Stage_2_deform_coarse,0.0005327871185727417,0.026656806468963623,0.012535923160612583,0.01412088330835104,0.033531304448843,0.14178457856178284,0.09496454149484634,0.09790000319480896,0.09220000356435776,0.43170735239982605,0.46406668424606323,0.4035666584968567,0.8425536155700684,0.8784999847412109,0.8094333410263062,0.9907166957855225,0.9906333684921265,0.9908000230789185,0.7472133040428162,0.406333327293396,1.3649113178253174,1.7481294870376587,3.0393810272216797,0.5508139133453369,0.3595176935195923,2.973867893218994,0.6358782649040222,0.0,0.7602600455284119,0.3207760453224182,0.021397298201918602,0.057468920946121216,0.249404639005661,15.151378631591797,87.03925323486328,0.009446561336517334,0.004070746246725321,0.004678539931774139,0.004407460801303387,-0.0003606104291975498,0.009388713166117668,0.01707596331834793,0.9754883646965027,0.01275719702243805,0.028040550649166107,0.8620054721832275,0.010745782405138016,0.01954824849963188,0.9558011293411255,0.00952345971018076,0.01653962768614292,0.9894459247589111,0.010960359126329422,0.02399827167391777,0.9228196740150452,0.011194695718586445,0.02819923684000969,0.9075425863265991
Polyrhachis_decemdentata_CASENT0744779_processed.obj,Stage_2_deform_coarse,0.0003646312397904694,0.021893545985221863,0.010248566046357155,0.011644979007542133,0.02825271524488926,0.09493064880371094,0.16640016436576843,0.17286667227745056,0.16040000319480896,0.5754884481430054,0.6239666938781738,0.5339999794960022,0.8970128297805786,0.9311000108718872,0.8653333187103271,0.9959231019020081,0.992733359336853,0.9991333484649658,0.8242920637130737,0.32686665654182434,1.3721685409545898,1.6446439027786255,3.021651029586792,0.5227259397506714,0.38090333342552185,3.573638916015625,0.7081406116485596,0.0,0.7627207040786743,0.320070743560791,0.022563129663467407,0.05738454684615135,0.29756253957748413,14.874557495117188,84.64292907714844,0.008892797864973545,0.013246222399175167,0.014145991764962673,0.013443014584481716,-0.00029438920319080353,0.009060151875019073,0.01886611059308052,0.9620835185050964,0.008573665283620358,0.016194088384509087,0.9829806685447693,0.012385192327201366,0.02534051053225994,0.919889509677887,0.010667944326996803,0.01918695867061615,0.9683377742767334,0.010246507823467255,0.021882452070713043,0.9341394305229187,0.009353131987154484,0.0161285363137722,0.9805352687835693
Polyrhachis_dives_CASENT0878093_processed.obj,Stage_2_deform_coarse,0.0005057151429355145,0.02583964169025421,0.012088395655155182,0.01375124603509903,0.03270034119486809,0.15440483391284943,0.1012798473238945,0.10433333367109299,0.09840000420808792,0.45624521374702454,0.4972333312034607,0.42149999737739563,0.8556413054466248,0.9026333689689636,0.8133000135421753,0.992509663105011,0.9898666739463806,0.9951666593551636,0.836542546749115,0.34150001406669617,1.3324332237243652,1.49966561794281,2.8381502628326416,0.5386633276939392,0.3546428680419922,2.914851427078247,0.6218931674957275,0.0,0.7564627528190613,0.2959081530570984,0.025929369032382965,0.07395528256893158,0.3686186373233795,14.817848205566406,92.0749740600586,0.010358642786741257,0.010714572854340076,0.011518695391714573,0.010947921313345432,0.000792352482676506,0.011655502021312714,0.023297060281038284,0.9191880822181702,0.012710819952189922,0.03169678524136543,0.8574056625366211,0.012185587547719479,0.019104521721601486,0.9696133136749268,0.011352667585015297,0.021511470898985863,0.9340369701385498,0.011570274829864502,0.021913332864642143,0.9310522675514221,0.01037989929318428,0.018228519707918167,0.9659367203712463
Ponera_kohmoku_OKENT0105440_processed.obj,Stage_2_deform_coarse,0.00044941779924556613,0.022264670580625534,0.011308065615594387,0.010956604033708572,0.027918584644794464,0.18333330750465393,0.15653549134731293,0.16120000183582306,0.15213333070278168,0.5898143649101257,0.6128666996955872,0.5684333443641663,0.9045791625976562,0.9116333723068237,0.8976333141326904,0.9917422533035278,0.9854000210762024,0.9981666803359985,0.7855759263038635,0.3413333296775818,1.352250576019287,1.7993273735046387,2.999568462371826,0.511567234992981,0.367423951625824,2.8554835319519043,0.6697728633880615,0.0,0.7598048448562622,0.31128188967704773,0.020198259502649307,0.05541031435132027,0.2931770086288452,15.207086563110352,83.79155731201172,0.008469331078231335,0.006029983516782522,0.007070848718285561,0.006098458543419838,-0.0005788239650428295,0.008069615811109543,0.016589853912591934,0.9758713245391846,0.010653833858668804,0.02258956991136074,0.9264029264450073,0.010133404284715652,0.017336959019303322,0.9834254384040833,0.009622405283153057,0.01944553852081299,0.9604222178459167,0.009382993914186954,0.017377328127622604,0.9737586975097656,0.01000235229730606,0.025398872792720795,0.9318735003471375
Ponera_tamon_OKENT0105154_processed.obj,Stage_2_deform_coarse,0.00019930183771066368,0.015804927796125412,0.007729347795248032,0.008075580932199955,0.018090911209583282,0.12832556664943695,0.3013201951980591,0.31726667284965515,0.28690001368522644,0.7790493965148926,0.8145666718482971,0.7465000152587891,0.9658493995666504,0.9666333198547363,0.96506667137146,0.9981643557548523,0.9966333508491516,0.9997000098228455,0.8013683557510376,0.28060001134872437,1.279403567314148,1.7278342247009277,2.6352810859680176,0.5646915435791016,0.32023486495018005,2.1628875732421875,0.5794861316680908,0.0,0.7787486910820007,0.3526156544685364,0.014171860180795193,0.033882539719343185,0.30106472969055176,14.456161499023438,80.33264923095703,0.007296654395759106,0.029560374096035957,0.03054720349609852,0.03000243753194809,0.0005212780088186264,0.006171961314976215,0.011443231254816055,0.9965530633926392,0.005919610615819693,0.010679852217435837,0.9990800023078918,0.006386957131326199,0.011871927417814732,0.9972376227378845,0.008941673673689365,0.018753908574581146,0.9683377742767334,0.007866953499615192,0.016460254788398743,0.9706714749336243,0.009005986154079437,0.02336467057466507,0.9318735003471375
Pseudolasius_sp._CASENT0878065_processed.obj,Stage_2_deform_coarse,0.0004994783084839582,0.026109907776117325,0.012443659827113152,0.013666248880326748,0.032605476677417755,0.09159383922815323,0.10110287368297577,0.10333333164453506,0.09896666556596756,0.44449442625045776,0.47110000252723694,0.42073333263397217,0.8470174074172974,0.8822000026702881,0.8145333528518677,0.9932353496551514,0.9894333481788635,0.9970666766166687,0.7971500158309937,0.32739999890327454,1.4293944835662842,2.0322999954223633,3.2652132511138916,0.5155839323997498,0.3941115438938141,4.029170513153076,0.7494409680366516,0.0,0.7413284778594971,0.2853543758392334,0.026592234149575233,0.06755026429891586,0.4748140275478363,15.063535690307617,85.95260620117188,0.00866477657109499,0.018981605768203735,0.01965557597577572,0.019323719665408134,-0.0041432976722717285,0.01083454955369234,0.02194506675004959,0.9237840175628662,0.014177912846207619,0.027980387210845947,0.8206071257591248,0.01196539867669344,0.02220633253455162,0.919889509677887,0.010796408168971539,0.017726004123687744,0.9841688871383667,0.013477983884513378,0.029902199283242226,0.8479547500610352,0.013223485089838505,0.029647326096892357,0.8625304102897644
Pseudomyrmex_cf.solis_CASENT0744065_processed.obj,Stage_2_deform_coarse,0.00020373243023641407,0.016160791739821434,0.007865479215979576,0.008295312523841858,0.019685937091708183,0.09031066298484802,0.31238967180252075,0.3231000006198883,0.3023666739463806,0.7691822648048401,0.8078666925430298,0.7340333461761475,0.9552279114723206,0.9574999809265137,0.9529666900634766,0.9982305765151978,0.996566653251648,0.9998999834060669,0.811558723449707,0.2898000180721283,1.3053003549575806,1.3098300695419312,2.800096035003662,0.5475674271583557,0.3430095613002777,2.2076683044433594,0.6113539934158325,0.0,0.7575531601905823,0.31519317626953125,0.015213366597890854,0.03815404698252678,0.24725906550884247,14.419931411743164,90.43537902832031,0.010098048485815525,0.007766702212393284,0.008504889905452728,0.00781587790697813,0.0004552858881652355,0.006056035868823528,0.012088367715477943,0.9927231073379517,0.007635500747710466,0.017280330881476402,0.966881275177002,0.007182907313108444,0.016200756654143333,0.9779005646705627,0.0064656417816877365,0.012006644159555435,1.0,0.008109034039080143,0.016709808260202408,0.9771031737327576,0.008143980987370014,0.019675107672810555,0.9525547623634338
Solenopsis_invicta_CASENT0744384_processed.obj,Stage_2_deform_coarse,0.0005649841041304171,0.027779899537563324,0.012940908782184124,0.014838991686701775,0.03531796485185623,0.10080878436565399,0.08305683732032776,0.08593333512544632,0.08036667108535767,0.40358057618141174,0.4327000081539154,0.3781333267688751,0.8255289196968079,0.8732333183288574,0.7827666997909546,0.9907165765762329,0.9909999966621399,0.9904333353042603,0.7445686459541321,0.45010000467300415,1.3500925302505493,1.5274183750152588,2.9860494136810303,0.5283160209655762,0.3726007342338562,2.714191198348999,0.6645327806472778,0.0,0.7435733675956726,0.30328845977783203,0.022885076701641083,0.056778762489557266,0.3489602208137512,15.37875747680664,91.5108413696289,0.010423791594803333,0.021280990913510323,0.022198859602212906,0.0213546734303236,-0.002490619197487831,0.011225284077227116,0.025236032903194427,0.9119111895561218,0.011227498762309551,0.022080082446336746,0.9305427670478821,0.011163256131112576,0.022396966814994812,0.9281768202781677,0.011626866646111012,0.019998174160718918,0.9498680830001831,0.013220197521150112,0.031136147677898407,0.8577309250831604,0.010387137532234192,0.0208626389503479,0.9428223967552185
Stigmatomma_FHG02_CASENT0745561_processed.obj,Stage_2_deform_coarse,0.000563823850825429,0.025323059409856796,0.012841613963246346,0.01248144544661045,0.03290591761469841,0.14769433438777924,0.11830693483352661,0.12256667017936707,0.11433333158493042,0.5026988983154297,0.5279333591461182,0.4797666668891907,0.8713520169258118,0.8899666666984558,0.8535000085830688,0.9844756722450256,0.9728333353996277,0.996399998664856,0.8042694330215454,0.3959333300590515,1.3610655069351196,1.8771750926971436,3.123657464981079,0.5231640934944153,0.36932244896888733,3.6762855052948,0.6598349213600159,0.0,0.7459825873374939,0.29698625206947327,0.02299853414297104,0.061442069709300995,0.2989380955696106,14.81214427947998,94.10196685791016,0.01110785361379385,0.045067425817251205,0.04646412655711174,0.0451689176261425,0.00210430845618248,0.010393289849162102,0.02130209095776081,0.9375718235969543,0.009408151730895042,0.019141757860779762,0.954001784324646,0.010127764195203781,0.02125074900686741,0.941989004611969,0.010177825577557087,0.01897384785115719,0.9604222178459167,0.010718696750700474,0.02288852445781231,0.9210187792778015,0.01046218816190958,0.02241261675953865,0.9367396235466003
Strumigenys_alberti_CASENT0878103_processed.obj,Stage_2_deform_coarse,0.0006011041114106774,0.028083443641662598,0.013781805522739887,0.01430163811892271,0.033614180982112885,0.12531423568725586,0.07978195697069168,0.08100000023841858,0.07860000431537628,0.4023159146308899,0.4262000024318695,0.3809666633605957,0.822712779045105,0.8547000288963318,0.7930333614349365,0.9889461994171143,0.9806666970252991,0.9973666667938232,0.7703668475151062,0.3740333318710327,1.5082138776779175,2.314037799835205,3.653468608856201,0.5118924379348755,0.4185097813606262,5.077917098999023,0.7767825126647949,0.0,0.7405837178230286,0.3021271824836731,0.025684285908937454,0.0688074380159378,0.3071213960647583,15.537858009338379,103.89591217041016,0.012638847343623638,0.012842007912695408,0.013645408675074577,0.012998400256037712,-0.0004410427063703537,0.01227746531367302,0.024085044860839844,0.8939104080200195,0.015552985481917858,0.03582420200109482,0.7805887460708618,0.010459979064762592,0.01926530711352825,0.9585635662078857,0.011256607249379158,0.022601408883929253,0.9234828948974609,0.011834898963570595,0.024066047742962837,0.9053254723548889,0.012002651579678059,0.0221857912838459,0.930656909942627
Strumigenys_canina_OKENT0105288_processed.obj,Stage_2_deform_coarse,0.0003800969570875168,0.02130427397787571,0.010301974602043629,0.01100229937583208,0.027071325108408928,0.14131374657154083,0.16553522646427155,0.1712000072002411,0.16023333370685577,0.6164069771766663,0.6538333296775818,0.5830333232879639,0.9113973379135132,0.9329333305358887,0.89083331823349,0.9942694902420044,0.9905666708946228,0.9980000257492065,0.8135684132575989,0.25683334469795227,1.2585809230804443,1.428924798965454,2.605984687805176,0.5374540090560913,0.32568952441215515,2.2463085651397705,0.5764459371566772,0.0,0.7564682960510254,0.33746251463890076,0.01768450066447258,0.04745468869805336,0.2561037838459015,13.8195219039917,80.19879913330078,0.007264079991728067,0.003933798987418413,0.004696237854659557,0.003984932787716389,-0.0019881916232407093,0.008395898155868053,0.01618495211005211,0.975105345249176,0.00822780653834343,0.01615489087998867,0.977000892162323,0.00830288790166378,0.015242733992636204,0.980663001537323,0.010647648014128208,0.024546105414628983,0.9076517820358276,0.009726647287607193,0.021446887403726578,0.9361975789070129,0.008175808936357498,0.014925054274499416,0.9841849207878113
Strumigenys_crassicornis_CASENT0744273_processed.obj,Stage_2_deform_coarse,0.0006288490840233862,0.026588069275021553,0.012973637320101261,0.013614431954920292,0.0325530543923378,0.19141872227191925,0.11071140319108963,0.11393333226442337,0.10766667127609253,0.45977669954299927,0.49959999322891235,0.4258333444595337,0.8517698645591736,0.8954333662986755,0.812166690826416,0.9870832562446594,0.9764666557312012,0.9979333281517029,0.7812237739562988,0.3198666572570801,1.3858920335769653,1.917875051498413,3.222752809524536,0.5016128420829773,0.38519930839538574,3.5485997200012207,0.6884756684303284,0.0,0.7647762894630432,0.2963951528072357,0.024867968633770943,0.06640366464853287,0.3112192749977112,14.578214645385742,93.95882415771484,0.010782109573483467,0.00663061672821641,0.00739967031404376,0.006738383788615465,-0.013004392385482788,0.010720958933234215,0.0207720547914505,0.9429337382316589,0.010681403800845146,0.021937530487775803,0.9296227693557739,0.010337745770812035,0.01818588376045227,0.972375750541687,0.013524867594242096,0.03520910441875458,0.8364116549491882,0.012068241834640503,0.025561854243278503,0.9058399796485901,0.014876235276460648,0.042708802968263626,0.8150851726531982
Strumigenys_sp._appretiata_group_CASENT0744156_processed.obj,Stage_2_deform_coarse,0.00031703501008450985,0.02067139372229576,0.009569695219397545,0.011101698502898216,0.025686930865049362,0.1275293380022049,0.1662897765636444,0.17313332855701447,0.15996666252613068,0.5993122458457947,0.6604999899864197,0.5485000014305115,0.9215115308761597,0.949566662311554,0.8950666785240173,0.9976323246955872,0.9966000318527222,0.9986667037010193,0.8205382227897644,0.37033334374427795,1.3349002599716187,1.423278570175171,2.8701906204223633,0.5544930100440979,0.3525356948375702,2.668241262435913,0.6189937591552734,0.0,0.7863932251930237,0.3632388710975647,0.018421286717057228,0.04913780093193054,0.2719944715499878,14.327306747436523,80.23033905029297,0.00788299273699522,0.002882865024730563,0.0040091401897370815,0.002886792179197073,-0.005425826646387577,0.008447987958788872,0.015468706376850605,0.9896591305732727,0.012911835685372353,0.027713462710380554,0.8385464549064636,0.008382986299693584,0.015464038588106632,0.991712749004364,0.008335229009389877,0.015005616471171379,0.9920845031738281,0.00966974813491106,0.02203468605875969,0.9421147704124451,0.008250243961811066,0.01503180991858244,0.9805352687835693
Strumigenys_stenorhina_OKENT0105268_processed.obj,Stage_2_deform_coarse,0.0001197609817609191,0.013023357838392258,0.0064015076495707035,0.0066218506544828415,0.01360036339610815,0.07050307095050812,0.3969947099685669,0.4089333415031433,0.38573333621025085,0.8794893622398376,0.8963333368301392,0.86326664686203,0.983665406703949,0.98253333568573,0.9848000407218933,0.999549925327301,0.9991666674613953,0.9999333620071411,0.8371134996414185,0.2927333414554596,1.193871259689331,1.0834919214248657,2.159209728240967,0.5945801734924316,0.27569955587387085,1.8266977071762085,0.4948433041572571,0.0,0.7612711787223816,0.35440772771835327,0.011072100140154362,0.02780112810432911,0.2795053720474243,14.167557716369629,80.2978286743164,0.007524674758315086,0.0022841203026473522,0.002996640047058463,0.0023364422377198935,-0.00629464304074645,0.0053626433946192265,0.010000231675803661,0.9996170401573181,0.006194711197167635,0.011427324265241623,0.9912603497505188,0.006016536615788937,0.013004489243030548,0.9861878752708435,0.006815539672970772,0.01261818502098322,0.9920845031738281,0.005771728698164225,0.010244812816381454,0.9992282390594482,0.0070940302684903145,0.016877571120858192,0.970802903175354
Syllophopsis_sechellensis_OKENT0105212_processed.obj,Stage_2_deform_coarse,0.00016932885046117008,0.0143215861171484,0.007476631551980972,0.00684495409950614,0.018534831702709198,0.0727451741695404,0.38511040806770325,0.3866666853427887,0.383566677570343,0.8387665748596191,0.8385000228881836,0.8390333652496338,0.9684575200080872,0.9562000036239624,0.9810333251953125,0.9972438216209412,0.9947666525840759,0.9997333288192749,0.8201492428779602,0.13050000369548798,1.266845703125,1.3633617162704468,2.613222599029541,0.5950839519500732,0.3054047226905823,2.169149875640869,0.5357300639152527,0.0,0.7957212328910828,0.3729897141456604,0.013282104395329952,0.03106536529958248,0.2855345904827118,13.698328018188477,82.80620574951172,0.0076875463128089905,0.049531783908605576,0.05015510693192482,0.0500495620071888,-0.004247475415468216,0.005571730900555849,0.011065310798585415,0.9931061267852783,0.005007156636565924,0.009442896582186222,1.0,0.0074431090615689754,0.013790113851428032,0.9972376227378845,0.006423977669328451,0.012119367718696594,0.9973615407943726,0.007732559461146593,0.015736129134893417,0.9765886664390564,0.006776129826903343,0.012850886210799217,0.9914841651916504
Temnothorax_congruus_OKENT0105443_processed.obj,Stage_2_deform_coarse,0.0001784645428415388,0.016122737899422646,0.007260516285896301,0.008862221613526344,0.02062518708407879,0.0681857243180275,0.25896647572517395,0.2712666690349579,0.24773333966732025,0.7564863562583923,0.8166666626930237,0.7045666575431824,0.9680463075637817,0.9941999912261963,0.9432333707809448,0.9997332692146301,1.0,0.9994666576385498,0.8415745496749878,0.24063333868980408,1.2463786602020264,1.4676495790481567,2.2971878051757812,0.6425595879554749,0.2713143527507782,2.2735607624053955,0.4880458116531372,0.0,0.8141075372695923,0.4053923487663269,0.010356995277106762,0.02415257692337036,0.2743924856185913,13.942055702209473,79.90535736083984,0.007524674758315086,0.01624378189444542,0.016786225140094757,0.016609080135822296,-0.0016495008021593094,0.006663319189101458,0.011963406577706337,0.9992340207099915,0.006649955175817013,0.012264639139175415,0.9986200332641602,0.008523371070623398,0.01543845422565937,0.9834254384040833,0.008776281028985977,0.016237428411841393,0.9841688871383667,0.007524983491748571,0.013319185934960842,0.9917674660682678,0.008249389939010143,0.017317134886980057,0.9732360243797302
Temnothorax_sp._OKENT0105336_processed.obj,Stage_2_deform_coarse,0.0004087138222530484,0.023874077945947647,0.01110081560909748,0.012773261405527592,0.03000645712018013,0.08222036063671112,0.12294622510671616,0.1279333382844925,0.11833333224058151,0.5042466521263123,0.5481333136558533,0.466866672039032,0.8730905055999756,0.906333327293396,0.842199981212616,0.9977318644523621,0.9989666938781738,0.9965000152587891,0.7294308543205261,0.41883334517478943,1.3344329595565796,1.204196810722351,3.025512456893921,0.535108208656311,0.37042224407196045,2.4969537258148193,0.6524615287780762,0.0,0.7612066864967346,0.3259457051753998,0.019905295222997665,0.04896758869290352,0.32214438915252686,15.526001930236816,93.27473449707031,0.011173001490533352,0.03679520636796951,0.038140520453453064,0.0368904247879982,0.009297087788581848,0.009444029070436954,0.018770605325698853,0.9643814563751221,0.00929838977754116,0.01870366930961609,0.9599815607070923,0.010781456716358662,0.023288844153285027,0.911602258682251,0.01102081686258316,0.019679032266139984,0.9577836990356445,0.01005913969129324,0.020997146144509315,0.940571129322052,0.008356500416994095,0.015060989186167717,0.985401451587677
Tetramorium_kraepelini_CASENT0744084_processed.obj,Stage_2_deform_coarse,0.00040340280975215137,0.023791246116161346,0.01087781973183155,0.012913425453007221,0.030752187594771385,0.0813518688082695,0.11349169909954071,0.11856666952371597,0.10883333534002304,0.4960498511791229,0.5387333631515503,0.45963335037231445,0.8821322917938232,0.9238333702087402,0.8440333604812622,0.9968134164810181,0.9986333250999451,0.9950000047683716,0.7918198108673096,0.3656666576862335,1.287634253501892,1.2925074100494385,2.7070484161376953,0.555338978767395,0.335369348526001,2.3711934089660645,0.5962256789207458,0.0,0.7690485715866089,0.33743125200271606,0.018367847427725792,0.045298658311367035,0.37840479612350464,14.445005416870117,84.57001495361328,0.00886022299528122,0.00944629218429327,0.010167968459427357,0.00953433383256197,-9.067077189683914e-05,0.009556140750646591,0.017978113144636154,0.97050940990448,0.009530666284263134,0.017904801294207573,0.9682612419128418,0.009843488223850727,0.017863834276795387,0.9751381874084473,0.011232542805373669,0.023263737559318542,0.9050132036209106,0.009882020764052868,0.019704286009073257,0.9511191248893738,0.009361027739942074,0.01750132627785206,0.9781022071838379
Acanthostichus_aff.brevicornis_CASENT0744328_processed.obj,Stage_3_deform_fine,0.00018055728287436068,0.015031687915325165,0.007901431992650032,0.00713025638833642,0.020539045333862305,0.08106289803981781,0.3543040156364441,0.35643333196640015,0.3522000014781952,0.80670565366745,0.8037333488464355,0.8097000122070312,0.9640169739723206,0.9468666911125183,0.9818000197410583,0.9981465339660645,0.9962999820709229,1.0,0.8261592388153076,0.2032666653394699,1.2378889322280884,1.3395226001739502,2.7096550464630127,0.3604812026023865,0.39784663915634155,2.1459901332855225,0.7232144474983215,0.0,0.6527833938598633,0.1640300452709198,0.01632579229772091,0.04191023111343384,0.3479437530040741,11.929512977600098,59.900760650634766,0.003746050177142024,0.001545639126561582,0.0017978367395699024,0.0015463312156498432,-0.007721967529505491,0.006826666183769703,0.014889683574438095,0.9881271719932556,0.005405368749052286,0.01049416046589613,0.9995399713516235,0.00925599317997694,0.017643503844738007,0.980663001537323,0.0064026243053376675,0.011113576591014862,1.0,0.008231094107031822,0.019259674474596977,0.9529200196266174,0.006668520160019398,0.012408309616148472,1.0
Acromyrmex_coronatus_CASENT0744365_processed.obj,Stage_3_deform_fine,0.00024337018840014935,0.01659506745636463,0.008800724521279335,0.007794342935085297,0.023225978016853333,0.08908578008413315,0.29031652212142944,0.2934666574001312,0.2872333228588104,0.7812079787254333,0.7925000190734863,0.7702333331108093,0.9573404788970947,0.9404333233833313,0.9748666882514954,0.9929215312004089,0.9862666726112366,0.999666690826416,0.8323463201522827,0.12690000236034393,1.140405297279358,1.3174192905426025,2.1482291221618652,0.407039076089859,0.33403176069259644,1.5257132053375244,0.6037272214889526,0.0,0.7094544172286987,0.17620152235031128,0.017840178683400154,0.04765736311674118,0.25741714239120483,12.625357627868652,62.53498458862305,0.0030945632606744766,0.05152561143040657,0.05192737281322479,0.05216410011053085,0.0013004094362258911,0.006361988838762045,0.011909347027540207,0.9961700439453125,0.0063447169959545135,0.011645488440990448,0.9954001307487488,0.00837945006787777,0.01186948549002409,1.0,0.008634211495518684,0.01752406731247902,0.9551451802253723,0.00763659505173564,0.014985968358814716,0.9786468148231506,0.008533315733075142,0.02209799736738205,0.9464719891548157
Acromyrmex_lobicornis_CASENT0878007_processed.obj,Stage_3_deform_fine,0.00034769694320857525,0.02190770022571087,0.010796761140227318,0.011110939085483551,0.024622639641165733,0.08843887597322464,0.13781476020812988,0.1394333392381668,0.13623332977294922,0.5594598054885864,0.583133339881897,0.5376333594322205,0.9108050465583801,0.920199990272522,0.9016000032424927,0.995825469493866,0.9930333495140076,0.9986333250999451,0.8029232025146484,0.33373335003852844,1.357318639755249,1.7369482517242432,3.3645756244659424,0.37011590600013733,0.45428815484046936,3.02714204788208,0.8406861424446106,0.0,0.6697229146957397,0.17204678058624268,0.02536996826529503,0.06641621142625809,0.276912659406662,13.549422264099121,70.20317077636719,0.0055702137760818005,0.03047875128686428,0.030843166634440422,0.031119350343942642,0.004853568971157074,0.009929797612130642,0.021436195820569992,0.937954843044281,0.012086245231330395,0.0254520233720541,0.896044135093689,0.009686884470283985,0.01896442100405693,0.9585635662078857,0.00901254266500473,0.01503659226000309,0.9973615407943726,0.01033306960016489,0.020759059116244316,0.943915605545044,0.009815163910388947,0.017611563205718994,0.9768856167793274
Anochetus_risii_CASENT0877608_processed.obj,Stage_3_deform_fine,0.00010806474892888218,0.012695493176579475,0.00616203248500824,0.006533460691571236,0.013786908239126205,0.07210482656955719,0.3968755602836609,0.406166672706604,0.3880000114440918,0.8840793371200562,0.908133327960968,0.8612666726112366,0.9912999868392944,0.9915333390235901,0.9910666942596436,0.9997333288192749,0.999500036239624,0.9999666810035706,0.8847030401229858,0.05673333257436752,1.1043989658355713,0.8405247330665588,1.857584834098816,0.47807350754737854,0.2832624316215515,1.3530974388122559,0.5049570202827454,0.0,0.7349047660827637,0.19081486761569977,0.013033358380198479,0.03530041128396988,0.2811780273914337,12.267245292663574,57.68537902832031,0.002931691473349929,0.0046022008173167706,0.004814574029296637,0.004630192648619413,-0.005566974636167288,0.005454997532069683,0.010347221978008747,0.9992340207099915,0.005710043478757143,0.010370594449341297,1.0,0.007995063439011574,0.01476395595818758,1.0,0.006774659268558025,0.012270745821297169,1.0,0.006407291162759066,0.011808788403868675,0.9912528991699219,0.006538075394928455,0.011009326204657555,0.9756690859794617
Anochetus_risii_CASENT0877609_processed.obj,Stage_3_deform_fine,0.00042991721420548856,0.024127604439854622,0.011949392035603523,0.012178212404251099,0.029755420982837677,0.12583057582378387,0.11594276130199432,0.11686667054891586,0.1150333359837532,0.4947832226753235,0.519433319568634,0.47236666083335876,0.8816264867782593,0.8969333171844482,0.8668333292007446,0.9936441779136658,0.9889333248138428,0.9984000325202942,0.7995476722717285,0.3306666612625122,1.33018159866333,1.7981294393539429,3.259037733078003,0.33930152654647827,0.46913692355155945,3.4134719371795654,0.8711153268814087,0.0,0.6359930634498596,0.1338845044374466,0.02958890236914158,0.08293232321739197,0.3600371479988098,13.802816390991211,77.8536605834961,0.007492100354284048,0.004116364289075136,0.004483432974666357,0.004163284320384264,-0.007411858532577753,0.010024532675743103,0.020030517131090164,0.9494446516036987,0.012185364030301571,0.024737225845456123,0.9080036282539368,0.010052645578980446,0.018980149179697037,0.972375750541687,0.008958988822996616,0.015093797817826271,0.9973615407943726,0.013252392411231995,0.030283229425549507,0.8340622782707214,0.009989218786358833,0.01846648007631302,0.9671532511711121
Aphaenogaster_pallida_CASENT0745235_processed.obj,Stage_3_deform_fine,0.00017021916573867202,0.013758751563727856,0.007036025170236826,0.00672272639349103,0.013788481242954731,0.1414339393377304,0.3691141605377197,0.37586668133735657,0.3625999987125397,0.8606455326080322,0.8756999969482422,0.8461000323295593,0.9854979515075684,0.9796333312988281,0.991433322429657,0.9967226386070251,0.9934666752815247,1.0,0.9059872627258301,0.03936666622757912,1.0994726419448853,0.8047723174095154,1.8570334911346436,0.5075320601463318,0.2694781422615051,1.2613821029663086,0.45186758041381836,0.0,0.7783626914024353,0.2572125792503357,0.011407438665628433,0.0305524580180645,0.3299078345298767,11.76883602142334,58.607975006103516,0.002703671110793948,0.002766028745099902,0.00294046220369637,0.002775239059701562,-0.003939887508749962,0.005973707884550095,0.01118863932788372,0.9957870841026306,0.005685421172529459,0.010957508347928524,0.9972400665283203,0.008400436490774155,0.012408790178596973,1.0,0.007177697494626045,0.013925299048423767,0.9920845031738281,0.0069484529085457325,0.01258769165724516,0.9958837032318115,0.008433002978563309,0.013607929460704327,0.9732360243797302
Atopomyrmex_mocquerysi_CASENT0744784_processed.obj,Stage_3_deform_fine,0.0001189058311865665,0.012379584833979607,0.006475118454545736,0.005904466845095158,0.015955554321408272,0.06516578793525696,0.47744670510292053,0.4733000099658966,0.4816666841506958,0.8776837587356567,0.8684333562850952,0.8871333599090576,0.982373833656311,0.9713667035102844,0.9936333298683167,0.9992494583129883,0.9984999895095825,1.0,0.8179402351379395,0.15213333070278168,1.2304978370666504,1.2992347478866577,2.733184576034546,0.40813785791397095,0.37446364760398865,1.8692251443862915,0.6609118580818176,0.0,0.6957628130912781,0.196133553981781,0.01373264193534851,0.033161938190460205,0.27096500992774963,11.723026275634766,63.5695686340332,0.002931691473349929,0.026614917442202568,0.026931917294859886,0.026975948363542557,0.0015656165778636932,0.00489094527438283,0.00930421520024538,0.9961700439453125,0.004481695592403412,0.008870763704180717,0.9990800023078918,0.006598507985472679,0.011108128353953362,0.991712749004364,0.005556486546993256,0.010664969682693481,1.0,0.006928802002221346,0.014690996147692204,0.9807049036026001,0.006435029208660126,0.011570733971893787,0.9866179823875427
Carebara_trechideros_CASENT0877591_processed.obj,Stage_3_deform_fine,0.00014316161104943603,0.013173149898648262,0.006859919987618923,0.006313229911029339,0.016799408942461014,0.0827040746808052,0.4490695297718048,0.4528000056743622,0.4453999996185303,0.8598471879959106,0.8614000082015991,0.8583000302314758,0.9771203994750977,0.9634667038917542,0.9911666512489319,0.9977784156799316,0.9955666661262512,1.0,0.8114092946052551,0.15199999511241913,1.2046229839324951,1.2274651527404785,2.5607521533966064,0.3869876563549042,0.37249118089675903,1.7388112545013428,0.6610451936721802,0.0,0.6902754902839661,0.18505290150642395,0.015773490071296692,0.04039343446493149,0.478307843208313,12.192120552062988,64.02522277832031,0.0037786245811730623,0.02186674252152443,0.022279134020209312,0.022289957851171494,0.0026811938732862473,0.005031296517699957,0.010446742177009583,0.9988510608673096,0.004615649115294218,0.008468701504170895,1.0,0.006506488658487797,0.010930989868938923,0.991712749004364,0.005644983612000942,0.009814766235649586,1.0,0.00679801357910037,0.014448395930230618,0.9832776188850403,0.007657728157937527,0.016720497980713844,0.9720194339752197
Centromyrmex_brachycola_CASENT0744052_processed.obj,Stage_3_deform_fine,0.00016702202265150845,0.015413438901305199,0.007428772281855345,0.007984667085111141,0.017562635242938995,0.09899124503135681,0.2804858386516571,0.28706666827201843,0.2741999924182892,0.7922648191452026,0.8229333162307739,0.7638000249862671,0.9747360348701477,0.980233371257782,0.9693000316619873,0.9989997744560242,0.9985333681106567,0.9994666576385498,0.8770930171012878,0.1756666749715805,1.1950578689575195,1.0782278776168823,2.349658250808716,0.40356987714767456,0.35142961144447327,1.6779515743255615,0.6294338703155518,0.0,0.7233356237411499,0.2103109508752823,0.014331397600471973,0.035369258373975754,0.26515644788742065,12.290525436401367,61.78666687011719,0.004071793518960476,0.009165899828076363,0.009365582838654518,0.009199879132211208,-0.0018523568287491798,0.006783488672226667,0.012155980803072453,0.9973190426826477,0.0063124895095825195,0.01161867380142212,0.9995399713516235,0.008629518561065197,0.014805366285145283,0.9889503121376038,0.007599911652505398,0.012966315262019634,0.9947230219841003,0.00779182743281126,0.014699841849505901,0.9861075282096863,0.008029157295823097,0.01444536168128252,0.9866179823875427
Cephalotes_minutus_CASENT0709253_processed.obj,Stage_3_deform_fine,0.00012799665273632854,0.014000508934259415,0.006644391920417547,0.0073561170138418674,0.015420972369611263,0.04170147702097893,0.3217628002166748,0.3313666582107544,0.3127000033855438,0.8393345475196838,0.8763333559036255,0.8053333163261414,0.9865597486495972,0.992900013923645,0.9803000092506409,1.0,1.0,1.0,0.8847847580909729,0.1071000024676323,1.0974215269088745,0.6944408416748047,2.0171985626220703,0.38889580965042114,0.34106725454330444,1.4167959690093994,0.6260673403739929,0.0,0.7369408011436462,0.2298775613307953,0.013044698163866997,0.028266385197639465,0.2846408486366272,12.099627494812012,60.694129943847656,0.0028991170693188906,0.022407477721571922,0.022899959236383438,0.022553499788045883,-0.0012754052877426147,0.006157643161714077,0.011216029524803162,0.9992340207099915,0.006189167965203524,0.010926222428679466,1.0,0.006541871931403875,0.011709742248058319,1.0,0.006834343541413546,0.011570911854505539,0.9894459247589111,0.007311767898499966,0.013378525152802467,0.9927965402603149,0.006818538531661034,0.0111768813803792,1.0
Cephalotes_simillimus_CASENT0744408_processed.obj,Stage_3_deform_fine,0.00043089280370622873,0.02374126948416233,0.01179531030356884,0.01194595918059349,0.028111690655350685,0.11354488879442215,0.12806153297424316,0.13116666674613953,0.1251000016927719,0.5164053440093994,0.5407000184059143,0.4941999912261963,0.8822886347770691,0.8949999809265137,0.8699333667755127,0.993809163570404,0.9889333248138428,0.9987333416938782,0.7935149669647217,0.3928999900817871,1.322303056716919,1.844154715538025,3.035651922225952,0.34708043932914734,0.4548395276069641,3.7239155769348145,0.8426597714424133,0.0,0.6436771750450134,0.15873834490776062,0.024961093440651894,0.06322458386421204,0.3464089334011078,13.389534950256348,73.09979248046875,0.007003485225141048,0.032581038773059845,0.0330251082777977,0.03262648731470108,-0.0017234273254871368,0.009282373823225498,0.01804336905479431,0.97050940990448,0.01231690589338541,0.025106454268097878,0.8836246132850647,0.008922578766942024,0.016053112223744392,0.9972376227378845,0.009928817860782146,0.019749600440263748,0.9498680830001831,0.010460486635565758,0.02195187471807003,0.9343967437744141,0.008538490161299706,0.01515756081789732,0.9902676343917847
Cephalotes_spinosus_CASENT0744158_processed.obj,Stage_3_deform_fine,0.0001629376783967018,0.015443996526300907,0.007252829149365425,0.008191167376935482,0.01842188835144043,0.06710495054721832,0.28983545303344727,0.2972666621208191,0.2827666699886322,0.7770949006080627,0.8210999965667725,0.7375666499137878,0.9751455187797546,0.986133337020874,0.9643999934196472,0.999633252620697,0.9993000030517578,0.9999666810035706,0.8721039295196533,0.10623333603143692,1.0838261842727661,0.6875727772712708,1.9959187507629395,0.3634689450263977,0.3527851998806,1.2105456590652466,0.6400182247161865,0.0,0.6931974291801453,0.18469974398612976,0.015303338877856731,0.036619290709495544,0.263455867767334,12.376566886901855,60.973350524902344,0.0028665426652878523,0.013715430162847042,0.014027408324182034,0.01377107109874487,-0.0031437845900654793,0.006782131735235453,0.012613439001142979,0.9931061267852783,0.006901761516928673,0.013153042644262314,0.9940202236175537,0.007600598968565464,0.014473161660134792,1.0,0.007220199331641197,0.013586606830358505,0.9920845031738281,0.007691530976444483,0.014380156993865967,0.9866220951080322,0.00811763945966959,0.013773614540696144,0.9756690859794617
Crematogaster_nawai_OKENT0105046_processed.obj,Stage_3_deform_fine,0.0002750340208876878,0.01920546218752861,0.009393701329827309,0.009811761789023876,0.021832231432199478,0.10067926347255707,0.1811114400625229,0.18593333661556244,0.17653334140777588,0.6592549681663513,0.6839666962623596,0.6362666487693787,0.9432984590530396,0.9523333311080933,0.9344333410263062,0.9966629147529602,0.9947333335876465,0.9986000061035156,0.8021039366722107,0.37336668372154236,1.1527549028396606,1.4497989416122437,2.1560723781585693,0.4142971634864807,0.35505640506744385,1.7359427213668823,0.6644415259361267,0.0,0.6918478608131409,0.19129404425621033,0.018330369144678116,0.04447285830974579,0.33200204372406006,13.187040328979492,63.152427673339844,0.003290009219199419,0.016637692227959633,0.017083290964365005,0.016755221411585808,-0.012021034955978394,0.007869193330407143,0.014148490503430367,0.9950211048126221,0.007658358197659254,0.014237789437174797,0.9972400665283203,0.01057438738644123,0.023177143186330795,0.9364641308784485,0.008151901885867119,0.01426685880869627,0.9947230219841003,0.008305546827614307,0.01647786796092987,0.9673269987106323,0.007363265845924616,0.013995115645229816,0.9829683899879456
Cryptopone_sauteri_CASENT0743771_processed.obj,Stage_3_deform_fine,0.00025949414703063667,0.019124604761600494,0.009097465313971043,0.010027139447629452,0.022676222026348114,0.08020929247140884,0.18961812555789948,0.1932000070810318,0.1861666738986969,0.6487181782722473,0.6859333515167236,0.6153333187103271,0.9403268694877625,0.9598667025566101,0.9215666651725769,0.9982985258102417,0.9970999956130981,0.999500036239624,0.8324388265609741,0.4065000116825104,1.214812159538269,1.2295989990234375,2.607837438583374,0.4005260467529297,0.38738057017326355,2.1517136096954346,0.718078076839447,0.0,0.6685718894004822,0.17238539457321167,0.01908452995121479,0.047633182257413864,0.29082563519477844,13.070834159851074,67.36063385009766,0.005895957350730896,0.026955822482705116,0.027233069762587547,0.02712564542889595,7.350742816925049e-05,0.007692057639360428,0.014018649235367775,0.9927231073379517,0.008883398026227951,0.01978534273803234,0.9503219723701477,0.008414353244006634,0.015758734196424484,0.9834254384040833,0.010521568357944489,0.02266111969947815,0.9234828948974609,0.008222827687859535,0.015798870474100113,0.9722151160240173,0.007417408283799887,0.012448729015886784,0.9963503479957581
Cyphoidris_afrc-tz01_CASENT0744810_processed.obj,Stage_3_deform_fine,0.0007855414296500385,0.03297543525695801,0.015825295820832253,0.017150139436125755,0.03871890902519226,0.10631510615348816,0.05786881595849991,0.058800000697374344,0.056966666132211685,0.29323810338974,0.30896666646003723,0.2790333330631256,0.742727518081665,0.7944000363349915,0.6973666548728943,0.9819418787956238,0.975600004196167,0.9883666634559631,0.7675591111183167,0.43183332681655884,1.421399474143982,2.547886371612549,3.6076695919036865,0.35000401735305786,0.4879508316516876,4.3504180908203125,0.9351618885993958,0.0,0.6324651837348938,0.14816385507583618,0.03135763481259346,0.09103403240442276,0.3922000825405121,14.059528350830078,86.43807220458984,0.009348838590085506,0.03662502393126488,0.03719041123986244,0.03711434826254845,-0.0022997185587882996,0.015675414353609085,0.035099320113658905,0.7843738198280334,0.01532639842480421,0.028507955372333527,0.7608095407485962,0.014235233888030052,0.029996898025274277,0.8149171471595764,0.012403476983308792,0.023745303973555565,0.9102903008460999,0.015895135700702667,0.03308500722050667,0.7697452902793884,0.01346901711076498,0.028898632153868675,0.9002432823181152
Cyphomyrmex_cf.minutus_CASENT0744280_processed.obj,Stage_3_deform_fine,0.0008615021361038089,0.03500685840845108,0.016414811834692955,0.018592048436403275,0.041794613003730774,0.10669850558042526,0.04124078154563904,0.041866667568683624,0.04063333198428154,0.237097829580307,0.2524999976158142,0.2234666645526886,0.7072805762290955,0.7693666815757751,0.6544666886329651,0.9801164865493774,0.9797333478927612,0.9804999828338623,0.7840599417686462,0.4287000000476837,1.4699469804763794,2.8888163566589355,3.760472059249878,0.3878849744796753,0.4543217718601227,5.365538597106934,0.8571490049362183,0.0,0.6639034748077393,0.16241000592708588,0.029660522937774658,0.0951966866850853,0.41304782032966614,13.643567085266113,82.94698333740234,0.008469331078231335,0.003979541826993227,0.0042282999493181705,0.003994750324636698,-0.004400638397783041,0.01641092449426651,0.033991578966379166,0.7453083395957947,0.016277503222227097,0.030084621161222458,0.7424103021621704,0.015825845301151276,0.02914108708500862,0.7348066568374634,0.01564585231244564,0.026967154815793037,0.7704485654830933,0.01628085784614086,0.032909031957387924,0.7396450042724609,0.017847228795289993,0.0457070954144001,0.6922141313552856
Dilobocondyla_fouqueti_CASENT0745576_processed.obj,Stage_3_deform_fine,0.00028019078308716416,0.01877603493630886,0.009652853943407536,0.009123180992901325,0.0241851843893528,0.09590250998735428,0.21003952622413635,0.2115333378314972,0.20856666564941406,0.689437985420227,0.7099999785423279,0.67003333568573,0.9402132630348206,0.9312666654586792,0.9493333697319031,0.9948239922523499,0.9897666573524475,0.9999333620071411,0.8097243309020996,0.2571333348751068,1.2122116088867188,2.64839506149292,2.439530611038208,0.39438575506210327,0.37246134877204895,1.849205732345581,0.6814926266670227,0.0,0.6816645860671997,0.171355739235878,0.019305331632494926,0.05188724026083946,0.3140100836753845,12.746147155761719,62.94127655029297,0.0035180298145860434,0.022862356156110764,0.02314843237400055,0.022972725331783295,-0.0020728185772895813,0.007033446338027716,0.012978367507457733,0.9969360828399658,0.009223164059221745,0.018906883895397186,0.9590616226196289,0.008743839338421822,0.014678170904517174,0.9834254384040833,0.007965772412717342,0.013255941681563854,1.0,0.008190367370843887,0.015188668854534626,0.9822485446929932,0.008740171790122986,0.017742088064551353,0.959854006767273
Dorylus_fulvus_CASENT0745678_processed.obj,Stage_3_deform_fine,0.00012803287245333195,0.013468174263834953,0.006507351063191891,0.006960823200643063,0.01539656426757574,0.052468203008174896,0.38020795583724976,0.38769999146461487,0.37299999594688416,0.8582975268363953,0.8799333572387695,0.8377000093460083,0.9824356436729431,0.9862000346183777,0.9786999821662903,0.9999333024024963,0.9998666644096375,1.0,0.8612563610076904,0.1512666642665863,1.1706165075302124,1.106184959411621,2.217484712600708,0.43128177523612976,0.3348575830459595,1.8414323329925537,0.6015413403511047,0.0,0.7197399735450745,0.21188461780548096,0.01324457861483097,0.03262597322463989,0.2947806417942047,11.585519790649414,59.992794036865234,0.0028665426652878523,0.0010295896790921688,0.0013841601321473718,0.0010377051075920463,-0.0120462067425251,0.005574135575443506,0.010550858452916145,0.9992340207099915,0.005620713345706463,0.010586795397102833,1.0,0.006815129425376654,0.01173568144440651,0.9972376227378845,0.0071101984940469265,0.017282836139202118,0.9815303683280945,0.0069718435406684875,0.012616158463060856,0.9912528991699219,0.007289607543498278,0.014270693063735962,0.9914841651916504
Eciton_hamatum_CASENT0744580_processed.obj,Stage_3_deform_fine,0.00027281403890810907,0.017063483595848083,0.010006435215473175,0.007057048846036196,0.03104669786989689,0.09034692496061325,0.34272101521492004,0.3357999920845032,0.34993332624435425,0.7627992630004883,0.71833336353302,0.8131333589553833,0.9350876212120056,0.8858667016029358,0.9901000261306763,0.9936938285827637,0.9874666929244995,1.0,0.6759470105171204,0.23206667602062225,1.2079381942749023,1.2537201642990112,2.702086925506592,0.34015998244285583,0.44696468114852905,1.8007813692092896,0.78397536277771,0.0,0.6231662034988403,0.17541815340518951,0.020151669159531593,0.0461149699985981,0.30101990699768066,13.700885772705078,59.867671966552734,0.0030945632606744766,0.019196370616555214,0.01948624476790428,0.019411737099289894,0.0023290906101465225,0.005928318481892347,0.01216839998960495,0.9908081293106079,0.009763624519109726,0.023346655070781708,0.9282428622245789,0.007998897694051266,0.020417965948581696,0.9337016940116882,0.007562648970633745,0.017006393522024155,0.9683377742767334,0.006639216560870409,0.014024941250681877,0.9753022789955139,0.005809406749904156,0.010269521735608578,0.9987834692001343
Ectatomma_brunneum_CASENT0744575_processed.obj,Stage_3_deform_fine,0.0005177200073376298,0.02578994259238243,0.013237223029136658,0.012552720494568348,0.033690694719552994,0.12475523352622986,0.097573421895504,0.09856666624546051,0.0966000035405159,0.4482036828994751,0.4616333246231079,0.435533344745636,0.8731034398078918,0.8815333247184753,0.8648333549499512,0.9871994256973267,0.9758333563804626,0.9988333582878113,0.788448691368103,0.34226667881011963,1.3633763790130615,2.32015061378479,3.3088271617889404,0.3761608898639679,0.4283915162086487,4.888286590576172,0.7969235777854919,0.0,0.6839115619659424,0.16116084158420563,0.028216106817126274,0.08385862410068512,0.4592196047306061,13.384533882141113,75.07866668701172,0.006938336417078972,0.00374984391964972,0.0045304675586521626,0.003811429487541318,-0.004283621907234192,0.011252437718212605,0.02260551042854786,0.9249330163002014,0.010273784399032593,0.02016257680952549,0.9484820365905762,0.01351381279528141,0.034991659224033356,0.8950276374816895,0.011152037419378757,0.022742722183465958,0.9182058572769165,0.01163690909743309,0.022516269236803055,0.9279650449752808,0.012423682026565075,0.025432897731661797,0.9233576655387878
Eurhopalothrix_procera_CASENT0745605_processed.obj,Stage_3_deform_fine,0.00034472206607460976,0.02163156494498253,0.010600722394883633,0.011030841618776321,0.025216424837708473,0.08259713649749756,0.15372881293296814,0.1545666754245758,0.15289999544620514,0.5715323090553284,0.6001333594322205,0.5455333590507507,0.9102873206138611,0.9249666929244995,0.8960666656494141,0.9958188533782959,0.9920333623886108,0.9996333718299866,0.8139520287513733,0.22476667165756226,1.2426822185516357,1.3771549463272095,2.6509029865264893,0.3788096606731415,0.40212348103523254,2.4361817836761475,0.7419744729995728,0.0,0.6852605938911438,0.16279461979866028,0.022306546568870544,0.058096542954444885,0.2865309715270996,13.27204418182373,63.314998626708984,0.004169516731053591,0.007739292457699776,0.008186453022062778,0.007863800041377544,-0.010118823498487473,0.009410573169589043,0.017977850511670113,0.9701263904571533,0.00823504664003849,0.014626232907176018,0.9889603853225708,0.009998083114624023,0.020749999210238457,0.941989004611969,0.010084724053740501,0.016271477565169334,0.9920845031738281,0.011214098893105984,0.025149622932076454,0.9223051071166992,0.010171606205403805,0.018405674025416374,0.9659367203712463
Heteroponera_panamensis_CASENT0744055_processed.obj,Stage_3_deform_fine,0.0005909443134441972,0.028564445674419403,0.01380040030926466,0.014764046296477318,0.032857075333595276,0.10645803064107895,0.06750833243131638,0.06826666742563248,0.0667666643857956,0.3621271550655365,0.3786333501338959,0.34700000286102295,0.8249034881591797,0.8654333353042603,0.7879999876022339,0.9888821244239807,0.9830666780471802,0.9947666525840759,0.8297359347343445,0.407233327627182,1.3065786361694336,2.0156404972076416,3.0411598682403564,0.34622272849082947,0.4451974332332611,3.2861833572387695,0.847368061542511,0.0,0.6605217456817627,0.14434345066547394,0.03066958300769329,0.08582106977701187,0.4165865480899811,13.973481178283691,78.7608642578125,0.007850417867302895,0.0064337728545069695,0.00690096290782094,0.006436369847506285,-0.0076450165361166,0.012974774464964867,0.025016266852617264,0.8648027777671814,0.01151658408343792,0.0217428021132946,0.9222630858421326,0.013173272833228111,0.023530906066298485,0.8535912036895752,0.012412549927830696,0.025308901444077492,0.897097647190094,0.012074289843440056,0.023543765768408775,0.8988937735557556,0.01740994118154049,0.050604723393917084,0.7785887718200684
Labidus_praedator_CASENT0744236_processed.obj,Stage_3_deform_fine,0.00030045973835512996,0.016379855573177338,0.00946138147264719,0.006918473169207573,0.031532835215330124,0.11481687426567078,0.3814915120601654,0.3797000050544739,0.3833000063896179,0.8057352900505066,0.7855666875839233,0.8269667029380798,0.9409525394439697,0.9039333462715149,0.9811333417892456,0.9909012913703918,0.9819666743278503,1.0,0.7339316010475159,0.21950000524520874,1.1686488389968872,1.3245055675506592,2.425408363342285,0.37047937512397766,0.3710913360118866,1.6569361686706543,0.6734079122543335,0.0,0.67184978723526,0.16454188525676727,0.01664629951119423,0.052661385387182236,0.3043709099292755,12.499146461486816,63.48031234741211,0.003908921964466572,0.0069498224183917046,0.0071809361688792706,0.0070427763275802135,-0.0005335155874490738,0.0051659103482961655,0.009960025548934937,0.9911911487579346,0.004853144753724337,0.009058808907866478,1.0,0.005928913131356239,0.00994900893419981,1.0,0.0056993006728589535,0.009910007007420063,1.0,0.0069855027832090855,0.01483548991382122,0.976845920085907,0.006528467405587435,0.01139865629374981,0.9914841651916504
Labidus_praedator_CASENT0744237_processed.obj,Stage_3_deform_fine,0.00023222772870212793,0.015912212431430817,0.008065810427069664,0.007846402004361153,0.01676824688911438,0.1338573396205902,0.2853052616119385,0.2906000018119812,0.2802000045776367,0.7994647026062012,0.8267000317573547,0.7739666700363159,0.9736964106559753,0.971833348274231,0.9755666851997375,0.9947742223739624,0.9897333383560181,0.9998666644096375,0.8664470314979553,0.11050000041723251,1.174330711364746,1.2178845405578613,2.101991891860962,0.48699161410331726,0.30333030223846436,1.7852058410644531,0.5478792786598206,0.0,0.7507879137992859,0.21531076729297638,0.013914423994719982,0.03489329665899277,0.2693568766117096,12.366613388061523,59.95119857788086,0.0032574350479990244,0.007102103903889656,0.007437414024025202,0.007169630378484726,-0.0042043402791023254,0.006196372210979462,0.011390680447220802,0.9996170401573181,0.00624745013192296,0.011363466270267963,1.0,0.009495913051068783,0.014735542237758636,0.9889503121376038,0.007300322875380516,0.013972124084830284,0.9868074059486389,0.0070706019178032875,0.012794164940714836,0.9958837032318115,0.008095425553619862,0.013664616271853447,0.9878345131874084
Lasius_nr._fuliginosus_CASENT0878037_processed.obj,Stage_3_deform_fine,0.00011401016672607511,0.01299791969358921,0.006184613332152367,0.0068133058957755566,0.014790259301662445,0.06541955471038818,0.39446085691452026,0.40543332695961,0.3840666711330414,0.8635953664779663,0.8996333479881287,0.8303333520889282,0.9898073673248291,0.9928666949272156,0.9867666959762573,0.9998833537101746,1.0,0.9997667074203491,0.8891381025314331,0.07743333280086517,1.092159628868103,0.6759024858474731,1.8801133632659912,0.4661470055580139,0.28552791476249695,1.2801789045333862,0.5309105515480042,0.0,0.7329659461975098,0.21044477820396423,0.012176662683486938,0.029369914904236794,0.26259541511535645,12.102067947387695,59.063697814941406,0.0025407993234694004,0.011815852485597134,0.01205294206738472,0.011836167424917221,-0.007816272787749767,0.005467293318361044,0.01013484038412571,1.0,0.005226536653935909,0.009931102395057678,1.0,0.008697734214365482,0.012437396682798862,1.0,0.005787803325802088,0.010029403492808342,1.0,0.007377688307315111,0.013936556875705719,0.9825057983398438,0.006855682469904423,0.011486145667731762,0.9951338171958923
Lioponera_daikoku_OKENT0105067_processed.obj,Stage_3_deform_fine,0.0004803623305633664,0.02514796331524849,0.012295102700591087,0.012852860614657402,0.028031637892127037,0.18761715292930603,0.09868445992469788,0.10050000250339508,0.09693333506584167,0.45248937606811523,0.4776666760444641,0.4298333525657654,0.8787428140640259,0.9079000353813171,0.8514000177383423,0.9920541644096375,0.9866999983787537,0.9974666833877563,0.8322563767433167,0.4441666603088379,1.3240842819213867,1.79482901096344,3.3712897300720215,0.33580365777015686,0.46635302901268005,3.2553420066833496,0.8855271935462952,0.0,0.6545372605323792,0.15766306221485138,0.03032304160296917,0.0953977108001709,0.34679222106933594,13.335295677185059,80.0567398071289,0.008599628694355488,0.0394475981593132,0.04025321081280708,0.03946375846862793,-0.013258583843708038,0.012974495999515057,0.027984533458948135,0.8536959290504456,0.01252242922782898,0.028852488845586777,0.8753449320793152,0.011059383861720562,0.019314520061016083,0.9530386924743652,0.01461165864020586,0.03410132974386215,0.8284960985183716,0.01119003165513277,0.022971684113144875,0.9189606308937073,0.01573442481458187,0.05560203269124031,0.8394160270690918
Mayriella_sp._CASENT0745610_processed.obj,Stage_3_deform_fine,0.0005793126183561981,0.02792394906282425,0.01367479283362627,0.014249157160520554,0.03375041484832764,0.11250089108943939,0.08233935385942459,0.0838666707277298,0.08086666464805603,0.393723726272583,0.4180999994277954,0.37203332781791687,0.8288621306419373,0.859499990940094,0.8003333210945129,0.9895012378692627,0.9826000332832336,0.9965000152587891,0.7619032859802246,0.39900001883506775,1.2814359664916992,2.1175661087036133,2.9072413444519043,0.33289942145347595,0.45207080245018005,3.081413984298706,0.8425357937812805,0.0,0.6528955101966858,0.15181943774223328,0.025642363354563713,0.06814143806695938,0.329400897026062,14.014177322387695,72.09637451171875,0.006156552117317915,0.028161056339740753,0.028531678020954132,0.02840712107717991,0.0038883108645677567,0.011067356914281845,0.019976092502474785,0.950210690498352,0.011486210860311985,0.022006791085004807,0.9319226741790771,0.014544603414833546,0.03751237690448761,0.8425414562225342,0.009708071127533913,0.016844773665070534,0.9788918495178223,0.011187014169991016,0.02108784206211567,0.940571129322052,0.011754726059734821,0.02913227304816246,0.9087591171264648
Mesoponera_ambigua_CASENT0745584_processed.obj,Stage_3_deform_fine,0.0004594890051521361,0.024051018059253693,0.01210484653711319,0.011946170590817928,0.031152386218309402,0.18256601691246033,0.11603565514087677,0.11883333325386047,0.11336667090654373,0.5110616683959961,0.5393000245094299,0.48563334345817566,0.8889542818069458,0.9011333584785461,0.8770999908447266,0.9903603792190552,0.9819333553314209,0.9989333152770996,0.8134081959724426,0.3411000072956085,1.2775096893310547,1.6789016723632812,2.886695146560669,0.38052141666412354,0.4057296812534332,2.6074018478393555,0.7518762946128845,0.0,0.6746155619621277,0.1602417528629303,0.02589341066777706,0.06960557401180267,0.31399595737457275,13.146052360534668,74.2944564819336,0.00697091082111001,0.052324965596199036,0.052633270621299744,0.05209001153707504,-0.0016984902322292328,0.00946052372455597,0.017099885269999504,0.9804672598838806,0.010061917826533318,0.020563509315252304,0.9452621340751648,0.010126602835953236,0.019599121063947678,0.961326003074646,0.011226226575672626,0.02507968619465828,0.8812665343284607,0.011172405444085598,0.02127641998231411,0.943915605545044,0.012097894214093685,0.03539014607667923,0.8832116723060608
Myrmecina_ryukyuensis_OKENT0105085_processed.obj,Stage_3_deform_fine,0.00023323859204538167,0.015992211177945137,0.007753619458526373,0.008238592185080051,0.017056886106729507,0.26016268134117126,0.27719002962112427,0.2843666672706604,0.2703666687011719,0.7826796174049377,0.8077333569526672,0.7591333389282227,0.9721463918685913,0.9740333557128906,0.9702666997909546,0.997199535369873,0.9965333342552185,0.997866690158844,0.8696064352989197,0.16473333537578583,1.1556415557861328,1.2949734926223755,2.0548834800720215,0.44312620162963867,0.3118904232978821,1.8681379556655884,0.5817277431488037,0.0,0.7162526249885559,0.1891760528087616,0.01367077324539423,0.03439415246248245,0.3059499263763428,12.068366050720215,59.86322784423828,0.002703671110793948,0.0014695299323648214,0.0017031502211466432,0.0014734080759808421,-0.007427286356687546,0.006531090475618839,0.011699682101607323,0.9988510608673096,0.006538660265505314,0.011748315766453743,0.9995399713516235,0.008624982088804245,0.014825166203081608,0.9972376227378845,0.007526934612542391,0.012643777765333652,1.0,0.008314120583236217,0.01978439651429653,0.9511191248893738,0.007916046306490898,0.013426444493234158,0.9902676343917847
Myrmecina_sp._CASENT0745613_processed.obj,Stage_3_deform_fine,0.0003465798799879849,0.021342195570468903,0.010446995496749878,0.01089519914239645,0.024645162746310234,0.12023773044347763,0.15532705187797546,0.15876667201519012,0.15203332901000977,0.5885308384895325,0.6245999932289124,0.5564000010490417,0.9150197505950928,0.9302999973297119,0.9002333283424377,0.9949923753738403,0.9901000261306763,0.9999333620071411,0.8294038772583008,0.3326333463191986,1.2627500295639038,1.5647152662277222,2.8722221851348877,0.37111347913742065,0.4194953441619873,2.9087743759155273,0.7738412022590637,0.0,0.684950590133667,0.17107458412647247,0.022602366283535957,0.056517526507377625,0.27758753299713135,13.267701148986816,73.81360626220703,0.006873187609016895,0.009633184410631657,0.00997013971209526,0.009568831883370876,5.015172064304352e-06,0.009119275957345963,0.018905840814113617,0.959785521030426,0.009163973852992058,0.017272932454943657,0.9678012728691101,0.010068797506392002,0.01658858358860016,0.9889503121376038,0.010277269408106804,0.02155473083257675,0.9261214137077332,0.011322117410600185,0.0263746976852417,0.921790599822998,0.010118198581039906,0.02055426873266697,0.9379562139511108
Nesomyrmex_angulatus_CASENT0744820_processed.obj,Stage_3_deform_fine,0.0005223172483965755,0.025966167449951172,0.012847037985920906,0.013119128532707691,0.03217863664031029,0.1134074330329895,0.09657316654920578,0.09866666793823242,0.09456666558980942,0.45728611946105957,0.4792666733264923,0.4372333288192749,0.8615484833717346,0.8865333199501038,0.837933361530304,0.9880489706993103,0.9790000319480896,0.9972666501998901,0.7874526381492615,0.3957333266735077,1.3140456676483154,2.014570474624634,3.187256097793579,0.3324921131134033,0.4626985192298889,3.1456971168518066,0.8760213255882263,0.0,0.6379386782646179,0.14769317209720612,0.024997465312480927,0.06894716620445251,0.3513528108596802,13.850055694580078,77.27964782714844,0.007198931183665991,0.00729943485930562,0.008145256899297237,0.007312220521271229,-0.006092533934861422,0.01126925554126501,0.02219434455037117,0.9253159761428833,0.010438359342515469,0.01932436227798462,0.9558417201042175,0.011898128315806389,0.02194894477725029,0.9254143834114075,0.010493715293705463,0.019273044541478157,0.9551451802253723,0.010420922189950943,0.01979401707649231,0.9524054527282715,0.010198603384196758,0.019914982840418816,0.9525547623634338
Odontomachus_troglodytes_CASENT0744970_processed.obj,Stage_3_deform_fine,0.00012002467701677233,0.01265391893684864,0.006285235285758972,0.006368684116750956,0.013454100117087364,0.10940481722354889,0.42637863755226135,0.4351000189781189,0.4180000126361847,0.8837559223175049,0.902400016784668,0.8658666610717773,0.9879499673843384,0.9839000105857849,0.9920333623886108,0.9990657567977905,0.9981333613395691,1.0,0.84319669008255,0.10566666722297668,1.121630311012268,0.8443896174430847,2.0819013118743896,0.4297400414943695,0.321762353181839,1.3262856006622314,0.5960221290588379,0.0,0.6957675218582153,0.1989419162273407,0.01432823482900858,0.031696006655693054,0.2508751451969147,12.501638412475586,61.20043182373047,0.0026059478987008333,0.022853532806038857,0.02307301014661789,0.02304735966026783,-0.0003037787973880768,0.005275379866361618,0.010197576135396957,1.0,0.005212058778852224,0.00937114842236042,1.0,0.006710131652653217,0.009437281638383865,1.0,0.005675080697983503,0.009808997623622417,1.0,0.006684634368866682,0.013299655169248581,0.9873939156532288,0.006949450355023146,0.01568763144314289,0.9756690859794617
Oxyopomyrmex_saulcyi_CASENT0745218_processed.obj,Stage_3_deform_fine,0.00043061678297817707,0.024077385663986206,0.01167592778801918,0.0124014588072896,0.028376150876283646,0.12461542338132858,0.1099463552236557,0.1120000034570694,0.10796666890382767,0.49584734439849854,0.5231333374977112,0.47126665711402893,0.8849831819534302,0.9025000333786011,0.8681333661079407,0.9935120344161987,0.9913666844367981,0.9956666827201843,0.7700665593147278,0.41776666045188904,1.2793537378311157,1.547255516052246,2.860672950744629,0.4053533673286438,0.39568284153938293,2.562573194503784,0.7154361009597778,0.0,0.6801249384880066,0.17418119311332703,0.022132443264126778,0.06239575892686844,0.2760622799396515,13.791144371032715,72.94751739501953,0.006286849267780781,0.005700475070625544,0.0059508164413273335,0.00614237179979682,0.0004581306129693985,0.008984236046671867,0.01616472192108631,0.9846802353858948,0.011300726793706417,0.024426670745015144,0.9093835949897766,0.010564792901277542,0.019158056005835533,0.961326003074646,0.009107911959290504,0.015799300745129585,0.9894459247589111,0.010681470856070518,0.024645689874887466,0.9151016473770142,0.011493533849716187,0.030173467472195625,0.9002432823181152
Polyrhachis_decemdentata_CASENT0744779_processed.obj,Stage_3_deform_fine,0.000303248263662681,0.02008371241390705,0.009764597751200199,0.010319114662706852,0.023476701229810715,0.09727924317121506,0.18559347093105316,0.19050000607967377,0.18093334138393402,0.6251941323280334,0.6628333330154419,0.5916000008583069,0.9271226525306702,0.9407333731651306,0.9139000177383423,0.996237576007843,0.992733359336853,0.9997667074203491,0.8357987999916077,0.3322666585445404,1.2469569444656372,1.4940046072006226,2.7345340251922607,0.3569302260875702,0.4269481897354126,2.951678991317749,0.7866278886795044,0.0,0.6678768992424011,0.15485624969005585,0.022691786289215088,0.058113403618335724,0.28786173462867737,13.30858039855957,69.46344757080078,0.004821003880351782,0.014352161437273026,0.01471230573952198,0.01455396506935358,0.0009338594973087311,0.008164036087691784,0.016442233696579933,0.9789353013038635,0.008093245327472687,0.014656946063041687,0.9926402568817139,0.011144078336656094,0.02119278721511364,0.941989004611969,0.008892862126231194,0.01816883124411106,0.9736148118972778,0.009463585913181305,0.019011223688721657,0.9593517184257507,0.008702403865754604,0.01476510800421238,1.0
Polyrhachis_dives_CASENT0878093_processed.obj,Stage_3_deform_fine,0.0004041555221192539,0.02318153902888298,0.011215384118258953,0.011966155841946602,0.026999732479453087,0.15414537489414215,0.11944341659545898,0.12113333493471146,0.11780000478029251,0.5218972563743591,0.5542666912078857,0.49310001730918884,0.8967729210853577,0.9227333664894104,0.8722333312034607,0.9946760535240173,0.9919999837875366,0.9973666667938232,0.8487710952758789,0.3365333378314972,1.2392724752426147,1.4473707675933838,2.707108497619629,0.37665611505508423,0.39901164174079895,2.7619364261627197,0.7189863920211792,0.0,0.6785016059875488,0.14534351229667664,0.02602802962064743,0.07433877885341644,0.42585957050323486,13.093929290771484,69.57102966308594,0.006091403309255838,0.011301779188215733,0.011673462577164173,0.011507099494338036,0.000280553475022316,0.010414456948637962,0.01921965554356575,0.959785521030426,0.011245379224419594,0.025185370817780495,0.9098435640335083,0.012072484940290451,0.01950737088918686,0.9696133136749268,0.010143425315618515,0.017872175201773643,0.97625333070755,0.010785580612719059,0.02033030241727829,0.9457165002822876,0.01152600534260273,0.023598676547408104,0.930656909942627
Ponera_kohmoku_OKENT0105440_processed.obj,Stage_3_deform_fine,0.000342042010743171,0.019911710172891617,0.010164428502321243,0.009747281670570374,0.02409183606505394,0.17945747077465057,0.18397533893585205,0.18729999661445618,0.18076667189598083,0.6581381559371948,0.6794000267982483,0.6381666660308838,0.9318576455116272,0.9289667010307312,0.9347666501998901,0.9943327307701111,0.9901999831199646,0.9984999895095825,0.797131359577179,0.348633348941803,1.2653378248214722,1.746280312538147,2.7886574268341064,0.36217254400253296,0.4143666625022888,2.544907808303833,0.7733604907989502,0.0,0.6640884280204773,0.16207148134708405,0.020563343539834023,0.05710393190383911,0.32294073700904846,13.801431655883789,66.18209838867188,0.004983875434845686,0.006022295914590359,0.006344329100102186,0.006026415154337883,-0.0009377934038639069,0.007566812448203564,0.014588069170713425,0.9862121939659119,0.009299373254179955,0.018770335242152214,0.9586016535758972,0.009441839531064034,0.016946526244282722,0.9779005646705627,0.00828187819570303,0.015726322308182716,0.9973615407943726,0.008660092018544674,0.016605651006102562,0.9776177406311035,0.010228393599390984,0.031568970531225204,0.9294403791427612
Ponera_tamon_OKENT0105154_processed.obj,Stage_3_deform_fine,0.00016946297546382993,0.014285057783126831,0.00707415584474802,0.007210902404040098,0.015796052291989326,0.12655147910118103,0.3570214807987213,0.3695666790008545,0.34529998898506165,0.8407124280929565,0.8635333180427551,0.8190667033195496,0.9760157465934753,0.9750666618347168,0.9769666790962219,0.9981635808944702,0.996399998664856,0.9999333620071411,0.8281684517860413,0.27326667308807373,1.1747769117355347,1.3095444440841675,2.3494584560394287,0.395902544260025,0.35648098587989807,1.6602855920791626,0.6393728852272034,0.0,0.6946076154708862,0.20063379406929016,0.014119853265583515,0.03512192517518997,0.2790399193763733,12.538703918457031,62.709102630615234,0.003974070772528648,0.029453767463564873,0.029713068157434464,0.029952721670269966,-0.00043679215013980865,0.0059210434556007385,0.010797824710607529,0.9980850219726562,0.005604543723165989,0.010450411587953568,1.0,0.006132867652922869,0.010589241981506348,1.0,0.007271353621035814,0.013369893655180931,0.9947230219841003,0.007223526481539011,0.015634797513484955,0.9729868769645691,0.007484954781830311,0.01824597641825676,0.9586374759674072
Pseudolasius_sp._CASENT0878065_processed.obj,Stage_3_deform_fine,0.00039631390245631337,0.023404952138662338,0.011400212533771992,0.012004738673567772,0.026999030262231827,0.09370037168264389,0.12002775818109512,0.12266666442155838,0.11749999970197678,0.5066593885421753,0.5318666696548462,0.48373332619667053,0.8921912312507629,0.913266658782959,0.8720666766166687,0.9947497248649597,0.9906666874885559,0.9988666772842407,0.8138372302055359,0.34273332357406616,1.3724957704544067,2.1342878341674805,3.124614953994751,0.3788018524646759,0.437690407037735,3.7819340229034424,0.8509683012962341,0.0,0.6533164978027344,0.1503715068101883,0.0260933730751276,0.068738654255867,0.5254368185997009,13.477551460266113,69.5587158203125,0.005439916159957647,0.01533952634781599,0.015668587759137154,0.015541421249508858,-0.00643740501254797,0.00973039586097002,0.01828017830848694,0.9743393659591675,0.011831407435238361,0.023298360407352448,0.91030353307724,0.01272862870246172,0.0264135655015707,0.8535912036895752,0.009082494303584099,0.014331527054309845,0.9947230219841003,0.0119588328525424,0.02702285163104534,0.8950347304344177,0.013495025224983692,0.03189995884895325,0.8248175382614136
Pseudomyrmex_cf.solis_CASENT0744065_processed.obj,Stage_3_deform_fine,0.000170584607985802,0.014645719900727272,0.007313934620469809,0.0073317852802574635,0.01699739694595337,0.09024255722761154,0.36125048995018005,0.36916667222976685,0.35366666316986084,0.823754608631134,0.8474666476249695,0.8013333678245544,0.9685347080230713,0.9629999995231628,0.9741333723068237,0.9979291558265686,0.99590003490448,0.9999666810035706,0.8379380702972412,0.29116666316986084,1.180928111076355,1.1821390390396118,2.402306318283081,0.39689818024635315,0.36469176411628723,1.8647081851959229,0.6834421157836914,0.0,0.6841440796852112,0.17820873856544495,0.014945143833756447,0.03832637518644333,0.2654852867126465,12.244531631469727,65.82522583007812,0.005439916159957647,0.008632568642497063,0.008888614363968372,0.008687183260917664,0.0016085738316178322,0.005655513145029545,0.010803081095218658,0.9973190426826477,0.006674970965832472,0.013104352168738842,0.989880383014679,0.006808665115386248,0.01367415115237236,0.9889503121376038,0.0061195786111056805,0.010644127614796162,1.0,0.007112020626664162,0.014633874408900738,0.9807049036026001,0.007293784525245428,0.01568504609167576,0.9695863723754883
Solenopsis_invicta_CASENT0744384_processed.obj,Stage_3_deform_fine,0.0004695435054600239,0.02566053904592991,0.012320221401751041,0.013340317644178867,0.030489176511764526,0.0871230810880661,0.09911295026540756,0.10106667131185532,0.09723333269357681,0.44666212797164917,0.4696333408355713,0.4258333444595337,0.8543187379837036,0.8845333456993103,0.8260999917984009,0.9952629208564758,0.9933333396911621,0.9972000122070312,0.7535334825515747,0.4534666836261749,1.2512770891189575,1.5143080949783325,2.7695610523223877,0.372663289308548,0.42398330569267273,2.4160983562469482,0.7733249068260193,0.0,0.6467861533164978,0.15859682857990265,0.023137761279940605,0.05746779963374138,0.35970696806907654,13.609708786010742,69.42005157470703,0.005277044605463743,0.02062142826616764,0.020943840965628624,0.020771995186805725,-0.0026481598615646362,0.010445318184792995,0.02168171852827072,0.9329758882522583,0.010732674039900303,0.02027108334004879,0.9475620985031128,0.010068278759717941,0.018943144008517265,0.9668508768081665,0.01031437236815691,0.017924616113305092,0.9894459247589111,0.011738364584743977,0.0283780787140131,0.9084126949310303,0.010085978545248508,0.018109571188688278,0.9695863723754883
Stigmatomma_FHG02_CASENT0745561_processed.obj,Stage_3_deform_fine,0.0004482980875764042,0.022644490003585815,0.011789302341639996,0.010855186730623245,0.029815128073096275,0.14782652258872986,0.14412875473499298,0.14589999616146088,0.14239999651908875,0.5687545537948608,0.5866333246231079,0.5519333481788635,0.9102498292922974,0.9099000096321106,0.9106000065803528,0.9874393939971924,0.9771000146865845,0.9980000257492065,0.8226334452629089,0.39910000562667847,1.2793054580688477,2.0251505374908447,2.879173994064331,0.37214288115501404,0.4142416715621948,3.332404613494873,0.7534602284431458,0.0,0.6658623814582825,0.15937545895576477,0.023747172206640244,0.06716104596853256,0.32669809460639954,13.036441802978516,70.9620361328125,0.005928531754761934,0.046462614089250565,0.04675126448273659,0.04638741910457611,0.0022697187960147858,0.009934622794389725,0.020285841077566147,0.9471467137336731,0.008699401281774044,0.016944479197263718,0.9733210206031799,0.00982522964477539,0.018861621618270874,0.9585635662078857,0.008898827247321606,0.016296155750751495,0.9973615407943726,0.010131409391760826,0.023103633895516396,0.9320813417434692,0.009972318075597286,0.021944785490632057,0.9428223967552185
Strumigenys_alberti_CASENT0878103_processed.obj,Stage_3_deform_fine,0.0004719200369436294,0.02483871951699257,0.012536893598735332,0.012301825918257236,0.031029390171170235,0.12562453746795654,0.10927306115627289,0.11150000244379044,0.10713333636522293,0.47849002480506897,0.49986666440963745,0.458866685628891,0.874221920967102,0.884933352470398,0.8637666702270508,0.9917124509811401,0.9844333529472351,0.9991000294685364,0.7896846532821655,0.37119999527931213,1.3871351480484009,2.5170514583587646,3.29254412651062,0.3505066931247711,0.4613437056541443,4.29311466217041,0.8628218173980713,0.0,0.6565430760383606,0.16008785367012024,0.024989839643239975,0.06935729831457138,0.3534700572490692,13.547703742980957,75.17694854736328,0.007394377142190933,0.011689336970448494,0.01195707730948925,0.01168806105852127,-0.001308090053498745,0.01099435519427061,0.02028682827949524,0.9471467137336731,0.014556684531271458,0.030555037781596184,0.8081876635551453,0.011212129145860672,0.01960202306509018,0.9558011293411255,0.009867341257631779,0.017075419425964355,0.9920845031738281,0.01064457930624485,0.02084740623831749,0.9408284425735474,0.012120658531785011,0.019831379875540733,0.9513381719589233
Strumigenys_canina_OKENT0105288_processed.obj,Stage_3_deform_fine,0.0002914643264375627,0.019262610003352165,0.009517382830381393,0.009745227172970772,0.021930525079369545,0.1368565410375595,0.19113664329051971,0.19553333520889282,0.18693333864212036,0.6632367372512817,0.6964666843414307,0.6330333352088928,0.938673734664917,0.9436666965484619,0.933733344078064,0.9968598484992981,0.9942666888237,0.9994666576385498,0.8263794779777527,0.2583666741847992,1.1937888860702515,2.107454299926758,2.4031577110290527,0.3902628421783447,0.37196850776672363,2.1331191062927246,0.6849967241287231,0.0,0.6755139231681824,0.18441499769687653,0.0180059764534235,0.04814327508211136,0.3171341121196747,12.720120429992676,64.93317413330078,0.004951301030814648,0.004825572948902845,0.0053597716614604,0.004975544288754463,-0.0011212322860956192,0.007752955891191959,0.014379369094967842,0.9885101914405823,0.007764153648167849,0.014704347588121891,0.9866604804992676,0.008472533896565437,0.015055311843752861,0.991712749004364,0.007946953177452087,0.01545252650976181,0.9947230219841003,0.009420047514140606,0.02127646468579769,0.9464883208274841,0.007915260270237923,0.014476070180535316,0.9914841651916504
Strumigenys_crassicornis_CASENT0744273_processed.obj,Stage_3_deform_fine,0.0004926363471895456,0.023754306137561798,0.012042258866131306,0.011712047271430492,0.02860746532678604,0.1926724910736084,0.12422268092632294,0.1273999959230423,0.12120000272989273,0.521462619304657,0.5522000193595886,0.493966668844223,0.896233320236206,0.912933349609375,0.880133330821991,0.9898434281349182,0.9804999828338623,0.9993667006492615,0.7992812991142273,0.32910001277923584,1.2863887548446655,1.8935593366622925,2.9361743927001953,0.3531808853149414,0.42678648233413696,3.1809308528900146,0.7812044620513916,0.0,0.6830169558525085,0.16144782304763794,0.024583561345934868,0.06756173074245453,0.3023609519004822,13.123835563659668,75.89649963378906,0.007329228799790144,0.006849722471088171,0.007326258812099695,0.007081070449203253,-0.014813758432865143,0.009704267606139183,0.018042460083961487,0.9701263904571533,0.009983841329813004,0.020139362663030624,0.9494019746780396,0.010107611306011677,0.01851484179496765,0.9889503121376038,0.011355205439031124,0.02477678656578064,0.9076517820358276,0.011715276166796684,0.027319444343447685,0.9114999175071716,0.01703910157084465,0.050282515585422516,0.7822384238243103
Strumigenys_sp._appretiata_group_CASENT0744156_processed.obj,Stage_3_deform_fine,0.0002525928430259228,0.018783576786518097,0.008901742286980152,0.00988183356821537,0.021451212465763092,0.12847395241260529,0.19057723879814148,0.19896666705608368,0.1828666627407074,0.6548537611961365,0.7035000324249268,0.612500011920929,0.9504685401916504,0.9655333161354065,0.93586665391922,0.9982819557189941,0.9970999956130981,0.9994666576385498,0.8397113084793091,0.36783334612846375,1.2160985469818115,1.2230541706085205,2.569945812225342,0.4186874330043793,0.3833937346935272,2.0472514629364014,0.6850993037223816,0.0,0.6947874426841736,0.1913655549287796,0.01754731498658657,0.047812215983867645,0.2716442048549652,12.92883586883545,64.96974182128906,0.005081598646938801,0.0017333541763946414,0.0022859028540551662,0.0017340893391519785,-0.006843676790595055,0.0077421050518751144,0.014222180470824242,0.995404064655304,0.011624405160546303,0.02367815375328064,0.9043238162994385,0.008013435639441013,0.013599466532468796,0.9972376227378845,0.008411364629864693,0.014567969366908073,0.9894459247589111,0.009784800000488758,0.02763357013463974,0.9307949542999268,0.007661639712750912,0.01342105120420456,0.9866179823875427
Strumigenys_stenorhina_OKENT0105268_processed.obj,Stage_3_deform_fine,9.8972421255894e-05,0.011941812001168728,0.005802812986075878,0.00613899901509285,0.012645496055483818,0.06831204891204834,0.4551001489162445,0.47173333168029785,0.43959999084472656,0.9087461829185486,0.9298999905586243,0.888533353805542,0.9898821711540222,0.9887999892234802,0.9909666776657104,0.9997166991233826,0.9996333718299866,0.9998000264167786,0.867104172706604,0.2843666672706604,1.0757036209106445,0.7331463098526001,1.759384036064148,0.48001259565353394,0.281122624874115,1.3105427026748657,0.5006667375564575,0.0,0.6976838707923889,0.18920192122459412,0.010650265030562878,0.026369469240307808,0.2650699317455292,12.109800338745117,57.33226013183594,0.0020847583655267954,0.00043359710252843797,0.0009531061514280736,0.0004422094498295337,-0.009252269752323627,0.005152566358447075,0.00921227503567934,1.0,0.005532199051231146,0.010134474374353886,1.0,0.00535388570278883,0.009126676246523857,1.0,0.006068462505936623,0.010569367557764053,0.9973615407943726,0.005166555754840374,0.009192042052745819,1.0,0.005609994288533926,0.010155858471989632,0.9841849207878113
Syllophopsis_sechellensis_OKENT0105212_processed.obj,Stage_3_deform_fine,0.00013839069288223982,0.012905161827802658,0.006758738309144974,0.006146423052996397,0.015057954005897045,0.06281398981809616,0.4445561170578003,0.4467333257198334,0.4424000084400177,0.8833099007606506,0.8808666467666626,0.8857666850090027,0.9780290722846985,0.9659000039100647,0.9904666543006897,0.9975948333740234,0.9953333735466003,0.9998666644096375,0.8457293510437012,0.11620000004768372,1.1481261253356934,0.8971818685531616,2.2421624660491943,0.41985365748405457,0.32816314697265625,1.6073704957962036,0.5905519723892212,0.0,0.7318043112754822,0.20355437695980072,0.013212179765105247,0.033212535083293915,0.258513867855072,11.82188892364502,60.1306037902832,0.002931691473349929,0.04871391877532005,0.04899263754487038,0.04909028112888336,-0.005235336720943451,0.005080125760287046,0.009664291515946388,0.9969360828399658,0.004901868291199207,0.009061567485332489,1.0,0.007469163741916418,0.013179774396121502,1.0,0.005551459267735481,0.009719780646264553,1.0,0.006727088708430529,0.013045012950897217,0.9861075282096863,0.006066528614610434,0.01080856192857027,1.0
Temnothorax_congruus_OKENT0105443_processed.obj,Stage_3_deform_fine,0.00015000379062257707,0.014790274202823639,0.006733485031872988,0.008056789636611938,0.01869046501815319,0.0679747685790062,0.3049590289592743,0.3167666792869568,0.2939999997615814,0.8096835017204285,0.8623666763305664,0.7630666494369507,0.9785516262054443,0.9973666667938232,0.9604333639144897,0.9997166395187378,0.9999666810035706,0.9994666576385498,0.855410635471344,0.234866663813591,1.1083898544311523,0.8256949782371521,1.822502851486206,0.4890614449977875,0.2817714810371399,1.4148284196853638,0.5214095711708069,0.0,0.7436624765396118,0.23274092376232147,0.01021848525851965,0.022998670116066933,0.25037017464637756,12.44410514831543,61.610687255859375,0.002964265877380967,0.015489565208554268,0.015776576474308968,0.015800070017576218,-0.002024225890636444,0.006362827494740486,0.01176146138459444,1.0,0.006424089428037405,0.011745632626116276,1.0,0.008688092231750488,0.014424776658415794,0.9779005646705627,0.007396685890853405,0.012754535302519798,1.0,0.006940574385225773,0.01196468248963356,0.9933110475540161,0.00680447556078434,0.01422867737710476,0.9927006959915161
Temnothorax_sp._OKENT0105336_processed.obj,Stage_3_deform_fine,0.0003347769088577479,0.021730879321694374,0.01033957302570343,0.011391306295990944,0.025813255459070206,0.0777481272816658,0.14265212416648865,0.14816667139530182,0.13753333687782288,0.5644991397857666,0.5995333194732666,0.5333333611488342,0.907985270023346,0.9256666898727417,0.8909666538238525,0.9981489181518555,0.9992333650588989,0.9970666766166687,0.7515250444412231,0.4230666756629944,1.2309579849243164,1.1456838846206665,2.792262315750122,0.3817674219608307,0.408815860748291,2.0205631256103516,0.7427961826324463,0.0,0.6707379817962646,0.1739806830883026,0.019742213189601898,0.049590811133384705,0.31449034810066223,13.448476791381836,71.07693481445312,0.006449721287935972,0.04048162326216698,0.04092627763748169,0.04025226831436157,0.012056007981300354,0.008688664063811302,0.016121208667755127,0.9800843000411987,0.008739524520933628,0.016226202249526978,0.9797607660293579,0.01139991544187069,0.022858671844005585,0.8977900743484497,0.008703326806426048,0.01480670366436243,0.9841688871383667,0.009080113843083382,0.01788472943007946,0.9688706398010254,0.008628971874713898,0.015376406721770763,1.0
Tetramorium_kraepelini_CASENT0744084_processed.obj,Stage_3_deform_fine,0.000338742567691952,0.021988555788993835,0.010220413096249104,0.011768143624067307,0.026844915002584457,0.0722295269370079,0.12986207008361816,0.13449999690055847,0.125533327460289,0.5465534925460815,0.5900000333786011,0.5090667009353638,0.9101011753082275,0.9417999982833862,0.8804666996002197,0.9985166192054749,0.9987000226974487,0.9983333349227905,0.8138524889945984,0.3610333502292633,1.1877745389938354,1.2354204654693604,2.5005760192871094,0.3900099992752075,0.3829733729362488,2.3414511680603027,0.702183723449707,0.0,0.6753829121589661,0.16854289174079895,0.018888866528868675,0.048057928681373596,0.40118008852005005,12.851105690002441,65.26813507080078,0.004755855072289705,0.00808266457170248,0.008655166253447533,0.008155463263392448,-0.0013023847714066505,0.008912121877074242,0.01569880172610283,0.9873611927032471,0.008800140582025051,0.015659235417842865,0.9866604804992676,0.009701763279736042,0.015699192881584167,0.980663001537323,0.009361675940454006,0.018941204994916916,0.963060736656189,0.00917112361639738,0.01845466159284115,0.9606380462646484,0.008641719818115234,0.015673160552978516,0.9987834692001343
