v 0.33905187249183655 -0.10100260376930237 0.24292896687984467
v 0.33726486563682556 -0.09178212285041809 0.24482442438602448
v 0.3428937792778015 -0.0939878597855568 0.24767041206359863
v 0.3369125425815582 -0.08524194359779358 0.24679818749427795
v 0.3315736949443817 -0.09209410846233368 0.23998473584651947
v 0.34532156586647034 -0.11139127612113953 0.23997367918491364
v 0.3487558662891388 -0.10412387549877167 0.24597276747226715
v 0.34435319900512695 -0.0867953822016716 0.25068002939224243
v 0.33917155861854553 -0.07804667949676514 0.2489260733127594
v 0.3282966911792755 -0.07404924929141998 0.24298660457134247
v 0.3281081020832062 -0.08197776973247528 0.24209153652191162
v 0.32284244894981384 -0.08267558366060257 0.23614336550235748
v 0.3283064067363739 -0.09739881753921509 0.23352515697479248
v 0.33657777309417725 -0.10254945605993271 0.23837198317050934
v 0.34293702244758606 -0.1173543930053711 0.23259782791137695
v 0.3520122766494751 -0.11981146037578583 0.23577648401260376
v 0.3547813296318054 -0.11311044543981552 0.2429424524307251
v 0.35054123401641846 -0.09449157118797302 0.25092485547065735
v 0.33345672488212585 -0.07030560076236725 0.24532562494277954
v 0.3204268217086792 -0.06612835824489594 0.23675934970378876
v 0.3202568590641022 -0.07322496920824051 0.2359510362148285
v 0.3199230432510376 -0.08909805119037628 0.22947899997234344
v 0.31633174419403076 -0.07642777264118195 0.23032374680042267
v 0.33417272567749023 -0.11202820390462875 0.2288581281900406
v 0.32358667254447937 -0.10472875833511353 0.22360974550247192
v 0.3400709331035614 -0.125941663980484 0.22188700735569
v 0.34834185242652893 -0.12795662879943848 0.22578202188014984
v 0.35668402910232544 -0.1303488314151764 0.22779904305934906
v 0.35995447635650635 -0.1219778060913086 0.23772138357162476
v 0.3584020435810089 -0.10389392077922821 0.24931615591049194
v 0.3608109951019287 -0.09268970787525177 0.2554622292518616
v 0.34872740507125854 -0.08095972239971161 0.25402602553367615
v 0.32666468620300293 -0.06537265330553055 0.2398301512002945
v 0.3144811689853668 -0.06161341071128845 0.2296345829963684
v 0.31189531087875366 -0.0658511221408844 0.22672545909881592
v 0.31248047947883606 -0.0811896100640297 0.22439152002334595
v 0.3151220977306366 -0.09179629385471344 0.2224917709827423
v 0.30873218178749084 -0.07038117945194244 0.22247621417045593
v 0.32064583897590637 -0.1183406189084053 0.21098996698856354
v 0.33153659105300903 -0.12197074294090271 0.2177944928407669
v 0.33677998185157776 -0.13408124446868896 0.21088498830795288
v 0.3439593017101288 -0.13696469366550446 0.21410781145095825
v 0.35271161794662476 -0.13846993446350098 0.2164127379655838
v 0.36264321208000183 -0.14095205068588257 0.21753843128681183
v 0.36684322357177734 -0.13131731748580933 0.2300374060869217
v 0.36415883898735046 -0.11353769153356552 0.24549660086631775
v 0.3681597411632538 -0.08695563673973083 0.25978565216064453
v 0.3583967685699463 -0.0777280405163765 0.25932738184928894
v 0.34011340141296387 -0.06962303817272186 0.24918368458747864
v 0.3315424621105194 -0.06208237260580063 0.24332575500011444
v 0.31693193316459656 -0.06003418564796448 0.23232963681221008
v 0.30508944392204285 -0.05332046002149582 0.21855545043945312
v 0.30479419231414795 -0.06037318706512451 0.21815653145313263
v 0.30470335483551025 -0.07407350838184357 0.21739508211612701
v 0.3082253038883209 -0.08449367433786392 0.2178795486688614
v 0.31152471899986267 -0.10141115635633469 0.2136664241552353
v 0.3021698594093323 -0.06363637745380402 0.21402113139629364
v 0.3206876516342163 -0.12636208534240723 0.2030426263809204
v 0.3294673562049866 -0.13181954622268677 0.2065715342760086
v 0.33256107568740845 -0.14091166853904724 0.20014888048171997
v 0.34107160568237305 -0.14434616267681122 0.2021961510181427
v 0.34779423475265503 -0.14691174030303955 0.20340508222579956
v 0.35708627104759216 -0.14773498475551605 0.20517480373382568
v 0.36553677916526794 -0.14787891507148743 0.20618371665477753
v 0.37220966815948486 -0.13933373987674713 0.22044940292835236
v 0.3690067231655121 -0.12182461470365524 0.23986171185970306
v 0.3663691282272339 -0.10369986295700073 0.251896470785141
v 0.37379446625709534 -0.09774043411016464 0.25643113255500793
v 0.36359867453575134 -0.068881556391716 0.2622451186180115
v 0.37170499563217163 -0.07444407045841217 0.26350489258766174
v 0.34586891531944275 -0.06799659132957458 0.2535046935081482
v 0.3208268880844116 -0.05560751259326935 0.2333855926990509
v 0.3372926414012909 -0.06083331257104874 0.24753712117671967
v 0.31010013818740845 -0.05050348490476608 0.2216196358203888
v 0.2972477972507477 -0.05045073479413986 0.20821599662303925
v 0.29681944847106934 -0.03836957365274429 0.2058105319738388
v 0.29866668581962585 -0.07167582213878632 0.20980778336524963
v 0.30140820145606995 -0.08085441589355469 0.2125314623117447
v 0.30074599385261536 -0.09454923868179321 0.2076823115348816
v 0.3131847679615021 -0.11526968330144882 0.20458132028579712
v 0.2923126816749573 -0.05893754959106445 0.2039187103509903
v 0.3190371096134186 -0.1299421638250351 0.1984155923128128
v 0.3244445323944092 -0.1365751326084137 0.1975858062505722
v 0.328427255153656 -0.14406022429466248 0.19212722778320312
v 0.336388498544693 -0.1491418480873108 0.19241935014724731
v 0.3445580005645752 -0.15196268260478973 0.19237491488456726
v 0.3508670926094055 -0.15311986207962036 0.19274082779884338
v 0.3588607609272003 -0.15426596999168396 0.19238637387752533
v 0.37662166357040405 -0.14704059064388275 0.20641759037971497
v 0.36767104268074036 -0.15443561971187592 0.19277456402778625
v 0.37829089164733887 -0.12694835662841797 0.23514829576015472
v 0.37539660930633545 -0.11232683062553406 0.2484324723482132
v 0.3864222764968872 -0.1002541035413742 0.25493115186691284
v 0.3837766647338867 -0.08410608023405075 0.26237714290618896
v 0.3550496995449066 -0.06263551861047745 0.25939106941223145
v 0.384541392326355 -0.06708696484565735 0.2668190002441406
v 0.37045031785964966 -0.0584680400788784 0.265830934047699
v 0.32774150371551514 -0.051018983125686646 0.23806428909301758
v 0.31391820311546326 -0.043006300926208496 0.2227887511253357
v 0.34132644534111023 -0.0528770312666893 0.2504396140575409
v 0.3021100163459778 -0.03352411091327667 0.2084278017282486
v 0.28774264454841614 -0.03591340035200119 0.19545774161815643
v 0.2883636951446533 -0.029388517141342163 0.19393454492092133
v 0.28513920307159424 -0.0725107491016388 0.20137006044387817
v 0.2901197671890259 -0.08248937129974365 0.2048283815383911
v 0.2977811396121979 -0.09610612690448761 0.20228692889213562
v 0.30213063955307007 -0.1043410375714302 0.20266517996788025
v 0.3133618235588074 -0.1250162422657013 0.19728359580039978
v 0.2860051393508911 -0.045664846897125244 0.19625404477119446
v 0.31670284271240234 -0.13171759247779846 0.1936870813369751
v 0.3227841556072235 -0.1397721916437149 0.1899276077747345
v 0.32670503854751587 -0.1465836763381958 0.18412262201309204
v 0.3327598571777344 -0.1504831165075302 0.18464775383472443
v 0.3405824899673462 -0.15528278052806854 0.18333764374256134
v 0.3475055396556854 -0.15768548846244812 0.18192772567272186
v 0.3527616560459137 -0.1584044098854065 0.18147990107536316
v 0.36101746559143066 -0.16043567657470703 0.17918774485588074
v 0.38645681738853455 -0.1353137493133545 0.22214636206626892
v 0.3712518513202667 -0.16240787506103516 0.17693662643432617
v 0.37807101011276245 -0.1544763296842575 0.19224396347999573
v 0.3872394561767578 -0.11370234936475754 0.2455292046070099
v 0.39815786480903625 -0.10754761099815369 0.24786865711212158
v 0.3984226584434509 -0.09089528024196625 0.2581675052642822
v 0.39840447902679443 -0.07090461254119873 0.2662505507469177
v 0.3551503121852875 -0.04792202636599541 0.2592710256576538
v 0.37044045329093933 -0.04153910651803017 0.26602259278297424
v 0.39249539375305176 -0.05266650766134262 0.2706325054168701
v 0.32993897795677185 -0.04011654108762741 0.23616573214530945
v 0.3172074258327484 -0.03719861060380936 0.2225390076637268
v 0.30784380435943604 -0.03255124390125275 0.21145081520080566
v 0.34353578090667725 -0.039808958768844604 0.24777352809906006
v 0.288970023393631 -0.023982755839824677 0.19144903123378754
v 0.2787943184375763 -0.023037508130073547 0.18086764216423035
v 0.2738085985183716 -0.08602118492126465 0.20268471539020538
v 0.27707335352897644 -0.061081789433956146 0.195383220911026
v 0.27708762884140015 -0.08893053233623505 0.2024855762720108
v 0.29562273621559143 -0.09880565106868744 0.19934478402137756
v 0.30558446049690247 -0.1158885508775711 0.1968550980091095
v 0.2755548655986786 -0.03477386385202408 0.1831035166978836
v 0.3132070302963257 -0.13317979872226715 0.1868179589509964
v 0.3057515025138855 -0.12344435602426529 0.19143779575824738
v 0.32080769538879395 -0.1421142965555191 0.18106752634048462
v 0.32821038365364075 -0.1489674299955368 0.1782831847667694
v 0.3364199101924896 -0.15489819645881653 0.17603115737438202
v 0.3440714180469513 -0.15900768339633942 0.1739465445280075
v 0.35099172592163086 -0.16027536988258362 0.17220723628997803
v 0.35506191849708557 -0.16293296217918396 0.16965492069721222
v 0.36141082644462585 -0.16616329550743103 0.16610285639762878
v 0.3913925290107727 -0.1465560793876648 0.204047292470932
v 0.3948705494403839 -0.12332438677549362 0.23549318313598633
v 0.3861415684223175 -0.15853852033615112 0.18138258159160614
v 0.3783578872680664 -0.1658010184764862 0.16773700714111328
v 0.4119190573692322 -0.09726313501596451 0.2502762973308563
v 0.413541704416275 -0.07810794562101364 0.2601770758628845
v 0.4126780033111572 -0.059787336736917496 0.26733675599098206
v 0.35540592670440674 -0.03347388654947281 0.25631219148635864
v 0.3332434296607971 -0.03013531118631363 0.23332007229328156
v 0.32012811303138733 -0.029767967760562897 0.21939444541931152
v 0.30866938829421997 -0.02679656445980072 0.2066415250301361
v 0.297056645154953 -0.021544530987739563 0.19585692882537842
v 0.3448730707168579 -0.02899952232837677 0.24446503818035126
v 0.28379032015800476 -0.014167837798595428 0.1697171926498413
v 0.2787508964538574 -0.01652529090642929 0.1634594202041626
v 0.2719797194004059 -0.07692811638116837 0.195147305727005
v 0.27186885476112366 -0.08691234141588211 0.19700054824352264
v 0.2709464132785797 -0.04898465424776077 0.18732668459415436
v 0.2782919406890869 -0.09418660402297974 0.19765932857990265
v 0.2932208478450775 -0.10485508292913437 0.19440439343452454
v 0.265877902507782 -0.02448897808790207 0.1679297685623169
v 0.2974669337272644 -0.11643041670322418 0.1878943294286728
v 0.30244743824005127 -0.12186636030673981 0.18561258912086487
v 0.321910560131073 -0.1443038284778595 0.1713244915008545
v 0.31214216351509094 -0.1338793933391571 0.17677198350429535
v 0.33054792881011963 -0.15278659760951996 0.16934724152088165
v 0.3385598361492157 -0.15769167244434357 0.16722896695137024
v 0.344577819108963 -0.1617891788482666 0.16421379148960114
v 0.35089388489723206 -0.1634194254875183 0.16138559579849243
v 0.3566349148750305 -0.1660054624080658 0.15977902710437775
v 0.36911827325820923 -0.1690189242362976 0.16182784736156464
v 0.400296151638031 -0.14977648854255676 0.1899857372045517
v 0.4019250273704529 -0.1308191567659378 0.2225995808839798
v 0.38681265711784363 -0.1646718829870224 0.16518470644950867
v 0.39964866638183594 -0.15580080449581146 0.1752060204744339
v 0.42776134610176086 -0.08379749953746796 0.2516162693500519
v 0.41005268692970276 -0.11512033641338348 0.2370191216468811
v 0.4258478879928589 -0.103152796626091 0.24004031717777252
v 0.42589545249938965 -0.06842091679573059 0.2599684000015259
v 0.40194013714790344 -0.07196211814880371 0.26578158140182495
v 0.3377529978752136 -0.02034599334001541 0.23205611109733582
v 0.3242974281311035 -0.019007354974746704 0.21538935601711273
v 0.3115747570991516 -0.019538283348083496 0.20224973559379578
v 0.30071112513542175 -0.01591525971889496 0.19075904786586761
v 0.2884474992752075 -0.012151248753070831 0.1746080219745636
v 0.2733081877231598 -0.015385530889034271 0.15189142525196075
v 0.2768726646900177 -0.009388811886310577 0.1533917337656021
v 0.26472923159599304 -0.06384241580963135 0.18741795420646667
v 0.2647927403450012 -0.08103404194116592 0.19050584733486176
v 0.27017009258270264 -0.09253247827291489 0.19372576475143433
v 0.2627376914024353 -0.04359734058380127 0.17819750308990479
v 0.27813655138015747 -0.09944985806941986 0.1933974325656891
v 0.2580941617488861 -0.02673611044883728 0.1546645313501358
v 0.2918611466884613 -0.10963926464319229 0.18594028055667877
v 0.3004656136035919 -0.12027110904455185 0.17922188341617584
v 0.3157100975513458 -0.1395007073879242 0.16277383267879486
v 0.32522857189178467 -0.14861339330673218 0.15988990664482117
v 0.30262911319732666 -0.1285146325826645 0.1678391396999359
v 0.3338436782360077 -0.1556549221277237 0.158187597990036
v 0.34097540378570557 -0.16113422811031342 0.15548644959926605
v 0.34571367502212524 -0.16409748792648315 0.15327630937099457
v 0.3528573513031006 -0.1667526364326477 0.1523888260126114
v 0.3593071401119232 -0.16850192844867706 0.1549321711063385
v 0.3773362338542938 -0.17027434706687927 0.15643396973609924
v 0.41067269444465637 -0.13641107082366943 0.2064802348613739
v 0.412736177444458 -0.1437472403049469 0.18797367811203003
v 0.3978959023952484 -0.16000087559223175 0.16145765781402588
v 0.4113367199897766 -0.14919310808181763 0.17067812383174896
v 0.44219398498535156 -0.09010197967290878 0.24042797088623047
v 0.4417330026626587 -0.06942686438560486 0.25273266434669495
v 0.423199862241745 -0.12179840356111526 0.2213391810655594
v 0.4403465986251831 -0.10805157572031021 0.22573578357696533
v 0.4267756938934326 -0.07846055924892426 0.25843822956085205
v 0.3034903109073639 -0.011550448834896088 0.1876639425754547
v 0.28797447681427 -0.008724972605705261 0.17635542154312134
v 0.2805022895336151 -0.004876136779785156 0.15762948989868164
v 0.27364492416381836 -0.007217876613140106 0.140963613986969
v 0.268955260515213 -0.017445765435695648 0.1400495171546936
v 0.2561509311199188 -0.0565640851855278 0.17744781076908112
v 0.25890955328941345 -0.07551528513431549 0.18478716909885406
v 0.26246020197868347 -0.08936332166194916 0.18809059262275696
v 0.27148914337158203 -0.10234782099723816 0.18936632573604584
v 0.25529944896698 -0.03847374767065048 0.16625353693962097
v 0.2642630636692047 -0.028451338410377502 0.14562134444713593
v 0.27615973353385925 -0.11348751187324524 0.18308155238628387
v 0.28223761916160583 -0.12218691408634186 0.17441004514694214
v 0.3080258071422577 -0.13698488473892212 0.15346375107765198
v 0.3208778500556946 -0.14468739926815033 0.1497039645910263
v 0.3303513526916504 -0.15289440751075745 0.14731420576572418
v 0.29588890075683594 -0.1305898129940033 0.15839804708957672
v 0.3378887474536896 -0.15916717052459717 0.14675061404705048
v 0.3389279246330261 -0.16540342569351196 0.14059582352638245
v 0.34880584478378296 -0.16682446002960205 0.1430421620607376
v 0.3542890250682831 -0.16921262443065643 0.1459549516439438
v 0.36721664667129517 -0.17210030555725098 0.15050329267978668
v 0.38750797510147095 -0.16595420241355896 0.15380452573299408
v 0.4282395839691162 -0.12983563542366028 0.20046113431453705
v 0.4281880259513855 -0.13700208067893982 0.1808142364025116
v 0.40842896699905396 -0.15147647261619568 0.15723583102226257
v 0.4232098460197449 -0.13976344466209412 0.16488155722618103
v 0.45509302616119385 -0.09534583240747452 0.22785522043704987
v 0.45690929889678955 -0.07774121314287186 0.24006935954093933
v 0.4527571499347687 -0.08404718339443207 0.24388568103313446
v 0.44074562191963196 -0.11817392706871033 0.209489107131958
v 0.45500946044921875 -0.10827521979808807 0.21270303428173065
v 0.3214177191257477 -0.0075151026248931885 0.20381905138492584
v 0.3116967976093292 -0.011199146509170532 0.1947859525680542
v 0.29297977685928345 -0.0058251917362213135 0.1746084988117218
v 0.2788968086242676 -0.0019514784216880798 0.16247862577438354
v 0.27074116468429565 -0.0005919709801673889 0.1450594812631607
v 0.2689880132675171 -0.014459967613220215 0.12848706543445587
v 0.2640112042427063 -0.006805285811424255 0.1287897378206253
v 0.24954408407211304 -0.055223897099494934 0.16876596212387085
v 0.24963930249214172 -0.07324652373790741 0.17776364088058472
v 0.2545434236526489 -0.08907429873943329 0.18403717875480652
v 0.2627648115158081 -0.10377900302410126 0.18426555395126343
v 0.25111669301986694 -0.039787448942661285 0.1573597937822342
v 0.26661431789398193 -0.02267797291278839 0.13546790182590485
v 0.25563693046569824 -0.1267109215259552 0.18579569458961487
v 0.2778056263923645 -0.13104930520057678 0.1695169359445572
v 0.3143835961818695 -0.14396199584007263 0.14196749031543732
v 0.3037072718143463 -0.13734754920005798 0.14679645001888275
v 0.32504352927207947 -0.1490974724292755 0.13922692835330963
v 0.33679190278053284 -0.15848484635353088 0.13631105422973633
v 0.292766809463501 -0.13079102337360382 0.1518496423959732
v 0.3462873697280884 -0.16700854897499084 0.131149023771286
v 0.3422934412956238 -0.1682916283607483 0.13078737258911133
v 0.3516867458820343 -0.17005833983421326 0.13751646876335144
v 0.3600389063358307 -0.17283694446086884 0.1421249359846115
v 0.37750372290611267 -0.17199118435382843 0.14683717489242554
v 0.39687132835388184 -0.1611400544643402 0.149758443236351
v 0.44117605686187744 -0.12404705584049225 0.19201654195785522
v 0.439568430185318 -0.12799781560897827 0.1719352751970291
v 0.42062830924987793 -0.14174175262451172 0.15123210847377777
v 0.4351152181625366 -0.12888981401920319 0.15765607357025146
v 0.46890589594841003 -0.09918712824583054 0.21436551213264465
v 0.4693351089954376 -0.08561081439256668 0.22647663950920105
v 0.4697566330432892 -0.06980836391448975 0.23609140515327454
v 0.4542698562145233 -0.11530645191669464 0.19704484939575195
v 0.4683877229690552 -0.10693365335464478 0.20058244466781616
v 0.29899683594703674 -0.0039564818143844604 0.17592304944992065
v 0.3088933825492859 -0.0018683597445487976 0.1844683438539505
v 0.28163108229637146 0.0016696080565452576 0.1588183045387268
v 0.2751370370388031 0.0036902129650115967 0.1493171751499176
v 0.26806554198265076 0.0005942806601524353 0.13255898654460907
v 0.2624271810054779 -0.010356023907661438 0.12014190107584
v 0.2633567452430725 -0.005153290927410126 0.11869312077760696
v 0.2441287636756897 -0.07227292656898499 0.1715250015258789
v 0.24569600820541382 -0.05642366409301758 0.16241827607154846
v 0.23620280623435974 -0.0949510931968689 0.18617494404315948
v 0.24639883637428284 -0.10725752264261246 0.1886531561613083
v 0.2531377077102661 -0.03626563400030136 0.14368069171905518
v 0.26022425293922424 -0.0188959538936615 0.1243046373128891
v 0.25739169120788574 -0.12503071129322052 0.17966163158416748
v 0.2691512107849121 -0.13078409433364868 0.1661698818206787
v 0.30721166729927063 -0.14482653141021729 0.13481789827346802
v 0.3169799745082855 -0.1492617279291153 0.13171237707138062
v 0.2978017032146454 -0.13849550485610962 0.13927477598190308
v 0.32584118843078613 -0.15472202003002167 0.12681378424167633
v 0.3379042446613312 -0.16635507345199585 0.12339797616004944
v 0.2864040732383728 -0.12971048057079315 0.14451374113559723
v 0.3442766070365906 -0.17020374536514282 0.12379597127437592
v 0.3487370014190674 -0.17189666628837585 0.12932878732681274
v 0.35525280237197876 -0.17448334395885468 0.13187089562416077
v 0.36865296959877014 -0.1764121651649475 0.1379902958869934
v 0.3864843249320984 -0.17036132514476776 0.14262332022190094
v 0.4074469208717346 -0.1541707068681717 0.14467042684555054
v 0.4531238079071045 -0.1189974695444107 0.17795103788375854
v 0.4495910108089447 -0.11906535923480988 0.1614682376384735
v 0.4298052191734314 -0.13282150030136108 0.1434805989265442
v 0.4440445899963379 -0.1197332814335823 0.14669130742549896
v 0.48041656613349915 -0.0906205028295517 0.21444936096668243
v 0.48104068636894226 -0.10118891298770905 0.20208783447742462
v 0.4807278513908386 -0.07649312168359756 0.22438731789588928
v 0.46729663014411926 -0.11204313486814499 0.18358078598976135
v 0.4799126982688904 -0.10726837813854218 0.18863940238952637
v 0.2870404124259949 -0.01622895896434784 0.15420889854431152
v 0.28735822439193726 0.0040346235036849976 0.15752984583377838
v 0.2784435749053955 0.006893321871757507 0.14418980479240417
v 0.27253085374832153 0.005864538252353668 0.13676036894321442
v 0.26529937982559204 -0.0011506378650665283 0.12254716455936432
v 0.2406543344259262 -0.06774866580963135 0.16278505325317383
v 0.23997490108013153 -0.0871906727552414 0.17211651802062988
v 0.24591103196144104 -0.050600677728652954 0.15106254816055298
v 0.24412353336811066 -0.10885859280824661 0.17680689692497253
v 0.25804829597473145 -0.030090026557445526 0.1309184432029724
v 0.2614738941192627 -0.009265221655368805 0.11237449944019318
v 0.2620355486869812 -0.016699083149433136 0.11439377069473267
v 0.24741433560848236 -0.13023078441619873 0.16832493245601654
v 0.26148903369903564 -0.12970736622810364 0.15433655679225922
v 0.29841873049736023 -0.14643102884292603 0.12526226043701172
v 0.30898046493530273 -0.15230166912078857 0.12189514189958572
v 0.3167248070240021 -0.15476851165294647 0.12070083618164062
v 0.2889711260795593 -0.13761475682258606 0.130467027425766
v 0.3322688341140747 -0.16373573243618011 0.11899165064096451
v 0.3408760726451874 -0.17330187559127808 0.11528564244508743
v 0.277647465467453 -0.12667886912822723 0.13419675827026367
v 0.34919777512550354 -0.1760631501674652 0.12035782635211945
v 0.355678528547287 -0.17972171306610107 0.12230511754751205
v 0.36128413677215576 -0.1811121553182602 0.12855814397335052
v 0.3779163360595703 -0.17827348411083221 0.13346634805202484
v 0.3980763554573059 -0.16371117532253265 0.13852070271968842
v 0.4180022180080414 -0.14619244635105133 0.1376308798789978
v 0.46382707357406616 -0.11253248155117035 0.16684237122535706
v 0.4575590491294861 -0.11171406507492065 0.15069426596164703
v 0.4389583170413971 -0.1247190311551094 0.131399467587471
v 0.4510590732097626 -0.11306868493556976 0.13567328453063965
v 0.4908372759819031 -0.09348667412996292 0.2025981843471527
v 0.49074283242225647 -0.0794411227107048 0.2136068195104599
v 0.49189722537994385 -0.10224927216768265 0.19070780277252197
v 0.47887343168258667 -0.1096327006816864 0.17091688513755798
v 0.49297580122947693 -0.1073213666677475 0.1756615787744522
v 0.28232669830322266 0.00862954556941986 0.1405239701271057
v 0.27493366599082947 0.009152613580226898 0.12860289216041565
v 0.2678847014904022 0.005523495376110077 0.12297405302524567
v 0.2633647322654724 -0.0007523149251937866 0.11342344433069229
v 0.24052831530570984 -0.07023925334215164 0.15693826973438263
v 0.23745815455913544 -0.0830114558339119 0.161998450756073
v 0.23637834191322327 -0.10882511734962463 0.16623654961585999
v 0.25643399357795715 -0.0458909273147583 0.13819493353366852
v 0.261406272649765 -0.02569124847650528 0.11924109607934952
v 0.2601771056652069 -0.01131446659564972 0.10481968522071838
v 0.2626395523548126 -0.017160922288894653 0.10768160969018936
v 0.2313576638698578 -0.13575881719589233 0.15530163049697876
v 0.2536207139492035 -0.12404989451169968 0.1458238959312439
v 0.30013349652290344 -0.15599091351032257 0.11024410277605057
v 0.2903280258178711 -0.14774756133556366 0.11522170901298523
v 0.3101933002471924 -0.1578466147184372 0.11142659932374954
v 0.32130420207977295 -0.16165989637374878 0.11037257313728333
v 0.2796557545661926 -0.1346239298582077 0.12178954482078552
v 0.33506253361701965 -0.17212224006652832 0.11167433112859726
v 0.34555360674858093 -0.1783960610628128 0.11223435401916504
v 0.25749191641807556 -0.11589762568473816 0.13449729979038239
v 0.35289081931114197 -0.18382155895233154 0.11154111474752426
v 0.3578755557537079 -0.19096185266971588 0.11231964826583862
v 0.3690468966960907 -0.18853984773159027 0.12130463868379593
v 0.3885097801685333 -0.17483532428741455 0.1302010416984558
v 0.407979816198349 -0.15623539686203003 0.13328152894973755
v 0.426714152097702 -0.13791286945343018 0.129973366856575
v 0.47467106580734253 -0.10620896518230438 0.15424977242946625
v 0.4661385715007782 -0.1054408997297287 0.1388501673936844
v 0.45974498987197876 -0.10868046432733536 0.12242098152637482
v 0.44638577103614807 -0.11928854137659073 0.12065783143043518
v 0.5020777583122253 -0.09400872886180878 0.19173525273799896
v 0.5017154216766357 -0.08086095750331879 0.20277687907218933
v 0.5044217109680176 -0.10301334410905838 0.17889955639839172
v 0.493156760931015 -0.10767566412687302 0.15572506189346313
v 0.5075276494026184 -0.10655759274959564 0.16311033070087433
v 0.2707796096801758 -0.004516921937465668 0.11673276126384735
v 0.2759476900100708 0.011213235557079315 0.12375359982252121
v 0.27035579085350037 0.010518230497837067 0.11755216121673584
v 0.26265478134155273 0.005808055400848389 0.11052227765321732
v 0.25797149538993835 -0.003332078456878662 0.1030830517411232
v 0.2419891655445099 -0.08093644678592682 0.15664589405059814
v 0.25155848264694214 -0.05982466787099838 0.14719834923744202
v 0.23818790912628174 -0.0914708748459816 0.1560177356004715
v 0.2651559114456177 -0.03774186223745346 0.1232571005821228
v 0.26461291313171387 -0.028359659016132355 0.10883951932191849
v 0.25598931312561035 -0.01806923747062683 0.096048504114151
v 0.26371586322784424 -0.02481408417224884 0.0991458147764206
v 0.2367306798696518 -0.10560652613639832 0.15182499587535858
v 0.24129746854305267 -0.1120901107788086 0.14389340579509735
v 0.2924724519252777 -0.15667831897735596 0.10289198905229568
v 0.30418118834495544 -0.1629326045513153 0.10026511549949646
v 0.28183862566947937 -0.14367711544036865 0.11064516752958298
v 0.31178322434425354 -0.16517317295074463 0.10089079290628433
v 0.32770198583602905 -0.1711961179971695 0.10392892360687256
v 0.26617512106895447 -0.12001394480466843 0.12117565423250198
v 0.3385794460773468 -0.17921410501003265 0.10634513944387436
v 0.34960585832595825 -0.18817561864852905 0.10343308001756668
v 0.25223422050476074 -0.11038856953382492 0.132813960313797
v 0.3538282513618469 -0.1943405270576477 0.10132509469985962
v 0.3634926378726959 -0.19796110689640045 0.10430911928415298
v 0.380452424287796 -0.18762928247451782 0.11771976202726364
v 0.4033423960208893 -0.16459885239601135 0.12464994937181473
v 0.4171122908592224 -0.15203547477722168 0.12127441167831421
v 0.43400079011917114 -0.13483619689941406 0.11420125514268875
v 0.48185262084007263 -0.1052967831492424 0.14115464687347412
v 0.4743458926677704 -0.10265488177537918 0.12614706158638
v 0.45027995109558105 -0.11639078706502914 0.10436496883630753
v 0.4643738865852356 -0.10676255822181702 0.11151055991649628
v 0.5122154355049133 -0.09414103627204895 0.18183881044387817
v 0.5098627805709839 -0.08214817941188812 0.19362220168113708
v 0.5150471925735474 -0.10149095207452774 0.16889455914497375
v 0.49437472224235535 -0.10661055147647858 0.14111900329589844
v 0.5080746412277222 -0.10745137184858322 0.14492923021316528
v 0.2689680755138397 -0.002501286566257477 0.1085270345211029
v 0.27190014719963074 0.013274572789669037 0.11065992712974548
v 0.2638338506221771 0.008775293827056885 0.10902135074138641
v 0.2577795386314392 0.0015197545289993286 0.10425124317407608
v 0.24981214106082916 -0.0075423866510391235 0.09517404437065125
v 0.2503404915332794 -0.072430819272995 0.15130816400051117
v 0.24688519537448883 -0.08461794257164001 0.15290677547454834
v 0.26195257902145386 -0.05710536241531372 0.13493838906288147
v 0.26845452189445496 -0.0420842245221138 0.11184238642454147
v 0.26691365242004395 -0.04103228449821472 0.10282769799232483
v 0.2512558698654175 -0.02159310132265091 0.08866377174854279
v 0.2573685050010681 -0.02927960455417633 0.08986692875623703
v 0.24221354722976685 -0.09101357311010361 0.14655132591724396
v 0.24142323434352875 -0.09476439654827118 0.13958261907100677
v 0.2859397530555725 -0.15151822566986084 0.1031462550163269
v 0.2959141135215759 -0.16330689191818237 0.09768790751695633
v 0.30507928133010864 -0.16862034797668457 0.09525464475154877
v 0.27265751361846924 -0.13283444941043854 0.11300034821033478
v 0.3182432949542999 -0.17095749080181122 0.09749782830476761
v 0.33113226294517517 -0.17974945902824402 0.1003652885556221
v 0.26128101348876953 -0.11214759200811386 0.1207825317978859
v 0.3418912887573242 -0.18608932197093964 0.10164227336645126
v 0.35162752866744995 -0.1972447782754898 0.09409311413764954
v 0.24840648472309113 -0.1035744920372963 0.13219544291496277
v 0.35694530606269836 -0.20254525542259216 0.09637673199176788
v 0.3725581169128418 -0.19806206226348877 0.10502023994922638
v 0.3941758871078491 -0.18011215329170227 0.11252443492412567
v 0.4092097282409668 -0.1680489182472229 0.10798731446266174
v 0.42396247386932373 -0.15411140024662018 0.1004941314458847
v 0.435831755399704 -0.13732147216796875 0.09223593771457672
v 0.4876260459423065 -0.1047263965010643 0.13034316897392273
v 0.4742029011249542 -0.10200076550245285 0.11307504773139954
v 0.45990896224975586 -0.10736316442489624 0.0987144261598587
v 0.4474124014377594 -0.12089128792285919 0.08438457548618317
v 0.5188737511634827 -0.09124543517827988 0.17501720786094666
v 0.5164140462875366 -0.08464036881923676 0.1840934455394745
v 0.5173045992851257 -0.10549992322921753 0.15277670323848724
v 0.49805739521980286 -0.10530222207307816 0.1312817931175232
v 0.5075105428695679 -0.10564576089382172 0.1329592615365982
v 0.26569727063179016 -1.5072524547576904e-05 0.10026734322309494
v 0.2640719413757324 0.010905571281909943 0.10532432794570923
v 0.2575896382331848 0.0043868571519851685 0.1010194942355156
v 0.25694578886032104 -0.002391144633293152 0.09408143162727356
v 0.24888785183429718 -0.019093863666057587 0.08708971738815308
v 0.2609441578388214 -0.06792061775922775 0.1407507359981537
v 0.2548309564590454 -0.07468660175800323 0.14377880096435547
v 0.2708011269569397 -0.05065472424030304 0.11858265101909637
v 0.26338353753089905 -0.040174126625061035 0.09465041756629944
v 0.25261059403419495 -0.04090643674135208 0.08256448060274124
v 0.24922122061252594 -0.0344821959733963 0.08334598690271378
v 0.2517086863517761 -0.08021673560142517 0.1431339681148529
v 0.25385501980781555 -0.08437484502792358 0.13711029291152954
v 0.27656668424606323 -0.14332014322280884 0.09994857013225555
v 0.2888321876525879 -0.16062712669372559 0.09567851573228836
v 0.2990061342716217 -0.16927719116210938 0.09212043881416321
v 0.3099571764469147 -0.1737838089466095 0.0943262055516243
v 0.2646843194961548 -0.12303346395492554 0.1135466992855072
v 0.3229547441005707 -0.18030640482902527 0.0951310470700264
v 0.3338538706302643 -0.18679946660995483 0.09483984112739563
v 0.25742948055267334 -0.1091681644320488 0.1190585196018219
v 0.3462357521057129 -0.1957281529903412 0.09128149598836899
v 0.35417377948760986 -0.204853817820549 0.08965317904949188
v 0.2577379643917084 -0.09380622953176498 0.13426010310649872
v 0.3650617003440857 -0.2076905369758606 0.09081601351499557
v 0.38413095474243164 -0.195979505777359 0.09881144762039185
v 0.3985636234283447 -0.18840020895004272 0.09358217567205429
v 0.4147312343120575 -0.17618000507354736 0.08770772814750671
v 0.4268767833709717 -0.16028085350990295 0.07919397950172424
v 0.43658047914505005 -0.14368939399719238 0.0707135945558548
v 0.4740729033946991 -0.101823590695858 0.10558462142944336
v 0.4449827969074249 -0.12950006127357483 0.0646289512515068
v 0.4532676339149475 -0.11449112743139267 0.07995662838220596
v 0.5202120542526245 -0.08434019237756729 0.17890985310077667
v 0.5232148170471191 -0.0950198620557785 0.1618867963552475
v 0.5174602270126343 -0.1058952659368515 0.1366167962551117
v 0.4968862235546112 -0.10064142197370529 0.12422993779182434
v 0.4999436140060425 -0.10285849869251251 0.1257188320159912
v 0.2641039788722992 0.0010085776448249817 0.09747117012739182
v 0.26107537746429443 0.009668812155723572 0.09903544932603836
v 0.2533271610736847 -0.00752461701631546 0.09776726365089417
v 0.2574920654296875 -0.018425092101097107 0.08936448395252228
v 0.24551717936992645 -0.03336995095014572 0.07931046187877655
v 0.2663724422454834 -0.06354841589927673 0.1264946460723877
v 0.2545080780982971 -0.07121413946151733 0.14205163717269897
v 0.2659171223640442 -0.05501202493906021 0.09772508591413498
v 0.26848331093788147 -0.05345800518989563 0.10714884102344513
v 0.2588512897491455 -0.04547268897294998 0.0861174538731575
v 0.24345017969608307 -0.04190874099731445 0.07553619146347046
v 0.24743331968784332 -0.04404889792203903 0.07812909036874771
v 0.25800153613090515 -0.07622680068016052 0.14755769073963165
v 0.2802930474281311 -0.15333595871925354 0.090757817029953
v 0.2906723618507385 -0.16890741884708405 0.09034619480371475
v 0.30113881826400757 -0.17458054423332214 0.09009350836277008
v 0.3138474225997925 -0.18104317784309387 0.09184255450963974
v 0.2602282464504242 -0.11915081739425659 0.10745197534561157
v 0.2694191336631775 -0.1346428096294403 0.10341857373714447
v 0.2647619843482971 -0.13030269742012024 0.10043906420469284
v 0.3272332549095154 -0.18904662132263184 0.0897374078631401
v 0.3368743062019348 -0.19446858763694763 0.08796441555023193
v 0.2504938244819641 -0.0917728915810585 0.12269003689289093
v 0.34957626461982727 -0.2054070383310318 0.08371324092149734
v 0.359245240688324 -0.21340739727020264 0.08112519234418869
v 0.26234400272369385 -0.07207351177930832 0.13590966165065765
v 0.37565767765045166 -0.20800819993019104 0.08729897439479828
v 0.38997501134872437 -0.20351386070251465 0.08087378740310669
v 0.4048539698123932 -0.1966295838356018 0.07681595534086227
v 0.41989511251449585 -0.18391895294189453 0.06829392164945602
v 0.4280625879764557 -0.17031484842300415 0.059231869876384735
v 0.4365207552909851 -0.15461817383766174 0.05255632847547531
v 0.4828276038169861 -0.10168954730033875 0.12264962494373322
v 0.4657050371170044 -0.10559675097465515 0.0850665271282196
v 0.485291063785553 -0.09844933450222015 0.11376743763685226
v 0.483675479888916 -0.09925540536642075 0.1175529882311821
v 0.44529372453689575 -0.14008843898773193 0.047832950949668884
v 0.4563427269458771 -0.11616168916225433 0.06265126913785934
v 0.5264963507652283 -0.09706784039735794 0.14386746287345886
v 0.49466657638549805 -0.10117219388484955 0.12586383521556854
v 0.4915696084499359 -0.09877754002809525 0.12219539284706116
v 0.26568400859832764 0.0008794255554676056 0.09546113759279251
v 0.2585422992706299 0.0035549215972423553 0.09564755856990814
v 0.25266721844673157 -0.030843134969472885 0.08569590002298355
v 0.2468830794095993 -0.035550929605960846 0.07876783609390259
v 0.26902979612350464 -0.0647086650133133 0.11343098431825638
v 0.2682432532310486 -0.07033754885196686 0.13135337829589844
v 0.26509708166122437 -0.07303611934185028 0.12339790165424347
v 0.26848798990249634 -0.06463891267776489 0.13902905583381653
v 0.25934502482414246 -0.0695980042219162 0.14445999264717102
v 0.2631901800632477 -0.05716419219970703 0.08779528737068176
v 0.2641507089138031 -0.07473601400852203 0.0990210771560669
v 0.25298893451690674 -0.050860531628131866 0.07907049357891083
v 0.24402737617492676 -0.0479508712887764 0.07247592508792877
v 0.24798583984375 -0.052624814212322235 0.07574308663606644
v 0.24479979276657104 -0.07440775632858276 0.13919100165367126
v 0.271222323179245 -0.14299537241458893 0.09235373884439468
v 0.2835451662540436 -0.16409045457839966 0.08724476397037506
v 0.2926781475543976 -0.17569702863693237 0.08614536374807358
v 0.30579084157943726 -0.18019916117191315 0.08860260993242264
v 0.3183802664279938 -0.18976423144340515 0.08637607842683792
v 0.2595701515674591 -0.12268465757369995 0.10076417028903961
v 0.25427937507629395 -0.10628515481948853 0.10959663987159729
v 0.2648114562034607 -0.1345652937889099 0.09449604153633118
v 0.32887324690818787 -0.19618332386016846 0.08296005427837372
v 0.3421224057674408 -0.20465010404586792 0.07826630771160126
v 0.26103001832962036 -0.08847031742334366 0.13081714510917664
v 0.35421454906463623 -0.21469423174858093 0.075807124376297
v 0.3685680329799652 -0.2207738310098648 0.07202538847923279
v 0.3832976818084717 -0.21866722404956818 0.07100890576839447
v 0.3973068594932556 -0.213550865650177 0.06699170172214508
v 0.41253411769866943 -0.20491120219230652 0.05945320427417755
v 0.42317327857017517 -0.19245880842208862 0.053209662437438965
v 0.43057966232299805 -0.1804472804069519 0.043760016560554504
v 0.43401017785072327 -0.17017151415348053 0.034283727407455444
v 0.4698921740055084 -0.11146166175603867 0.06757842749357224
v 0.48247331380844116 -0.10439154505729675 0.09482496976852417
v 0.49310046434402466 -0.10086264461278915 0.11550888419151306
v 0.4517223536968231 -0.13096676766872406 0.03176478296518326
v 0.4603119492530823 -0.11063621938228607 0.05008154362440109
v 0.5185508131980896 -0.10273031890392303 0.12592744827270508
v 0.5275322198867798 -0.09722787886857986 0.12508267164230347
v 0.511687695980072 -0.103485107421875 0.12646301090717316
v 0.2582056522369385 -0.01830245926976204 0.09334500879049301
v 0.2485576570034027 -0.04401586204767227 0.07672271877527237
v 0.24007922410964966 -0.045577555894851685 0.06753282248973846
v 0.26332977414131165 -0.08110921829938889 0.1108895093202591
v 0.2612857520580292 -0.08506246656179428 0.12204843759536743
v 0.2636106312274933 -0.07332748919725418 0.13834638893604279
v 0.2646850645542145 -0.06813108921051025 0.13908281922340393
v 0.264822393655777 -0.06748056411743164 0.14278854429721832
v 0.2584016025066376 -0.06056170165538788 0.07846995443105698
v 0.2628248333930969 -0.07677590847015381 0.09005250036716461
v 0.2600467801094055 -0.09030898660421371 0.10145628452301025
v 0.25394293665885925 -0.06425653398036957 0.07205595821142197
v 0.24713283777236938 -0.05329836159944534 0.06914152204990387
v 0.25258561968803406 -0.06725580990314484 0.06456911563873291
v 0.2443408966064453 -0.04475684463977814 0.06755324453115463
v 0.25524264574050903 -0.07369391620159149 0.13989271223545074
v 0.2752898633480072 -0.15437272191047668 0.08407296985387802
v 0.28559550642967224 -0.1727585643529892 0.08236062526702881
v 0.2975723445415497 -0.18259741365909576 0.08331149816513062
v 0.30681470036506653 -0.18825611472129822 0.08314042538404465
v 0.3216463029384613 -0.19664284586906433 0.07943866401910782
v 0.26178500056266785 -0.13057631254196167 0.09314767271280289
v 0.255880206823349 -0.11397193372249603 0.10158597677946091
v 0.25331801176071167 -0.09310737997293472 0.11511092633008957
v 0.2676258683204651 -0.14352577924728394 0.08734806627035141
v 0.33367905020713806 -0.20597892999649048 0.07278893887996674
v 0.34725072979927063 -0.21487131714820862 0.0697423443198204
v 0.36187413334846497 -0.2244981825351715 0.06670881807804108
v 0.37914589047431946 -0.2262182980775833 0.05970342457294464
v 0.39027008414268494 -0.22509711980819702 0.05898844078183174
v 0.40641841292381287 -0.21762101352214813 0.05404474586248398
v 0.4178326725959778 -0.20832809805870056 0.04646683484315872
v 0.42412126064300537 -0.1976718306541443 0.0404534786939621
v 0.4378306269645691 -0.1630641222000122 0.019107822328805923
v 0.49012646079063416 -0.10253574699163437 0.12491893023252487
v 0.47638067603111267 -0.11153661459684372 0.04938548803329468
v 0.49036550521850586 -0.10496118664741516 0.08171549439430237
v 0.48068538308143616 -0.1055867150425911 0.0835409164428711
v 0.48493605852127075 -0.09521285444498062 0.09257808327674866
v 0.4854835271835327 -0.10722217708826065 0.0936439037322998
v 0.49707499146461487 -0.10548274219036102 0.09764964878559113
v 0.45088550448417664 -0.12465431541204453 0.016165796667337418
v 0.4625334143638611 -0.10287615656852722 0.02441518008708954
v 0.5287321209907532 -0.09568153321743011 0.10954068601131439
v 0.5186852216720581 -0.10240906476974487 0.11472522467374802
v 0.5053493976593018 -0.10409989207983017 0.11490953713655472
v 0.264739066362381 0.00012770015746355057 0.10638076066970825
v 0.2674413323402405 -0.017557326704263687 0.09650249034166336
v 0.257974773645401 -0.03649397939443588 0.08311165869235992
v 0.25077900290489197 -0.04924047738313675 0.07498779892921448
v 0.24086445569992065 -0.04923884570598602 0.06868917495012283
v 0.2559124827384949 -0.09406471252441406 0.11003734171390533
v 0.2593934237957001 -0.0759897530078888 0.06936633586883545
v 0.26180848479270935 -0.07579478621482849 0.07776279002428055
v 0.26233404874801636 -0.09352251142263412 0.09179447591304779
v 0.2578366994857788 -0.0785803273320198 0.05817063897848129
v 0.2520756423473358 -0.046256788074970245 0.06210717558860779
v 0.25648441910743713 -0.06692633032798767 0.05599724501371384
v 0.2578636705875397 -0.0796566978096962 0.05232894420623779
v 0.24039103090763092 -0.0424044132232666 0.06071939319372177
v 0.2777171730995178 -0.16466093063354492 0.07885811477899551
v 0.2880750894546509 -0.18302854895591736 0.07756926119327545
v 0.2976771295070648 -0.19182318449020386 0.07315077632665634
v 0.3111393451690674 -0.1989431530237198 0.07227464020252228
v 0.3230135440826416 -0.2074882835149765 0.06673160195350647
v 0.2653284966945648 -0.14038138091564178 0.08513632416725159
v 0.2596682608127594 -0.12335426360368729 0.09157011657953262
v 0.2553427219390869 -0.10624758899211884 0.1006203144788742
v 0.2711412310600281 -0.15457192063331604 0.08081252872943878
v 0.3385116755962372 -0.21498210728168488 0.06283924728631973
v 0.35311681032180786 -0.22530703246593475 0.060670435428619385
v 0.3718411326408386 -0.2314596027135849 0.054772987961769104
v 0.3811546266078949 -0.23071736097335815 0.05091343820095062
v 0.4003359079360962 -0.22403132915496826 0.04284803569316864
v 0.41169822216033936 -0.21798625588417053 0.03884704038500786
v 0.41936585307121277 -0.21093283593654633 0.031291574239730835
v 0.42672237753868103 -0.1938873678445816 0.02761125937104225
v 0.43021807074546814 -0.1846599578857422 0.012650610879063606
v 0.4401632845401764 -0.14836040139198303 0.003060532733798027
v 0.4901124835014343 -0.12141653895378113 0.038753338158130646
v 0.4854204058647156 -0.11529640853404999 0.06272322684526443
v 0.4836295247077942 -0.09216965734958649 0.017558852210640907
v 0.4889034330844879 -0.10541781783103943 0.08121177554130554
v 0.48431283235549927 -0.11939715594053268 0.10114322602748871
v 0.4653470814228058 -0.11775074154138565 0.10290297865867615
v 0.5111827850341797 -0.10510224103927612 0.10118734836578369
v 0.44792240858078003 -0.10052477568387985 0.017783958464860916
v 0.4584849774837494 -0.08614650368690491 0.013102654367685318
v 0.5363122820854187 -0.08699026703834534 0.11190074682235718
v 0.5226693749427795 -0.10285810381174088 0.09460143744945526
v 0.5360541343688965 -0.09525636583566666 0.08840107917785645
v 0.2650076746940613 -0.008571590296924114 0.10688740015029907
v 0.2605299949645996 -0.02463265135884285 0.10330713540315628
v 0.25255143642425537 -0.04315721616148949 0.09057685732841492
v 0.24528950452804565 -0.053145382553339005 0.08055543154478073
v 0.25436103343963623 -0.04562170058488846 0.06756310164928436
v 0.2640658915042877 -0.0922059714794159 0.053726449608802795
v 0.2653079628944397 -0.09135285764932632 0.0640932023525238
v 0.26481640338897705 -0.09592387080192566 0.07645046710968018
v 0.2596801817417145 -0.10572357475757599 0.09426002949476242
v 0.26302260160446167 -0.09001815319061279 0.04659679904580116
v 0.2635112702846527 -0.06215222179889679 0.05219929665327072
v 0.26910457015037537 -0.07935934513807297 0.03918687626719475
v 0.26533472537994385 -0.08744101226329803 0.040252137929201126
v 0.24604706466197968 -0.04604949429631233 0.060120590031147
v 0.28912508487701416 -0.19110770523548126 0.06672460585832596
v 0.2987484633922577 -0.20026534795761108 0.0599660761654377
v 0.3111366927623749 -0.20810121297836304 0.05769486725330353
v 0.3301364481449127 -0.21686607599258423 0.05723673105239868
v 0.2647872567176819 -0.1321779191493988 0.08150244504213333
v 0.26887860894203186 -0.15105167031288147 0.07746883481740952
v 0.2601983845233917 -0.1165841594338417 0.09060604870319366
v 0.275245726108551 -0.1674080193042755 0.07349514216184616
v 0.2811177670955658 -0.17505264282226562 0.07821500301361084
v 0.3446630835533142 -0.2246476709842682 0.05377868562936783
v 0.3633357286453247 -0.23296567797660828 0.05036238580942154
v 0.3759215474128723 -0.23276479542255402 0.04721423238515854
v 0.3914719820022583 -0.22944512963294983 0.03189438581466675
v 0.4137718379497528 -0.2174375057220459 0.024799855425953865
v 0.4206404983997345 -0.20515070855617523 0.020683856680989265
v 0.4215802252292633 -0.20187479257583618 0.009212372824549675
v 0.4314975142478943 -0.17745181918144226 -0.003601767122745514
v 0.4381270408630371 -0.11762966215610504 0.007040497846901417
v 0.5096937417984009 -0.12057431042194366 0.031145062297582626
v 0.5022484064102173 -0.11297434568405151 0.06493668258190155
v 0.4972080886363983 -0.10922463238239288 0.019436875358223915
v 0.47460806369781494 -0.07759367674589157 0.012589345686137676
v 0.478689968585968 -0.1361134648323059 0.0813508853316307
v 0.47251641750335693 -0.16155120730400085 0.12782442569732666
v 0.4765856862068176 -0.1649899184703827 0.10398451238870621
v 0.5150633454322815 -0.1083064004778862 0.07915639877319336
v 0.4645230770111084 -0.08676659315824509 -0.0020271455869078636
v 0.4534316062927246 -0.10288491100072861 0.0012202700600028038
v 0.5316832661628723 -0.10658954828977585 0.06830093264579773
v 0.5470684766769409 -0.09976787120103836 0.061057064682245255
v 0.2617010474205017 -0.006529032252728939 0.11762060970067978
v 0.25834041833877563 -0.02474447526037693 0.11554510146379471
v 0.2525402009487152 -0.04099441319704056 0.10618634521961212
v 0.24934832751750946 -0.04875320568680763 0.0971846804022789
v 0.24791859090328217 -0.051347218453884125 0.0882672667503357
v 0.24413791298866272 -0.05007849261164665 0.07219301164150238
v 0.2683686316013336 -0.09806032478809357 0.043124422430992126
v 0.26960501074790955 -0.10163839906454086 0.055825844407081604
v 0.2701013386249542 -0.10673181712627411 0.05995664745569229
v 0.2645336985588074 -0.10907896608114243 0.0827871561050415
v 0.2699286937713623 -0.0996159091591835 0.036296676844358444
v 0.2630951404571533 -0.04331313818693161 0.05887433513998985
v 0.2736309766769409 -0.05594532936811447 0.05079551041126251
v 0.2776593565940857 -0.07162784039974213 0.036465272307395935
v 0.2815008759498596 -0.0862022265791893 0.023038208484649658
v 0.2753300964832306 -0.09476564824581146 0.026431292295455933
v 0.24882128834724426 -0.03849279507994652 0.045867837965488434
v 0.254613995552063 -0.03740584850311279 0.05436898022890091
v 0.28197282552719116 -0.18165794014930725 0.07140209525823593
v 0.2839387059211731 -0.18611109256744385 0.05943826586008072
v 0.29017218947410583 -0.19469226896762848 0.05417026951909065
v 0.3042807877063751 -0.20618051290512085 0.04851551353931427
v 0.3210713267326355 -0.21614229679107666 0.05001629516482353
v 0.3362106680870056 -0.22358708083629608 0.04597403109073639
v 0.2632010877132416 -0.11763814091682434 0.08529748767614365
v 0.26911991834640503 -0.14467549324035645 0.07354582846164703
v 0.27259907126426697 -0.15893477201461792 0.0674578994512558
v 0.27828797698020935 -0.1741897016763687 0.06208466365933418
v 0.35382983088493347 -0.23209235072135925 0.042968787252902985
v 0.37605854868888855 -0.23601999878883362 0.03943166509270668
v 0.3887825012207031 -0.23222756385803223 0.03231939300894737
v 0.4030316472053528 -0.2253037691116333 0.027428682893514633
v 0.4121679961681366 -0.2190697193145752 0.013431500643491745
v 0.41760385036468506 -0.21298182010650635 0.0134876798838377
v 0.4170059561729431 -0.21289055049419403 -0.009015809744596481
v 0.42258861660957336 -0.20104072988033295 -0.013239588588476181
v 0.4507613778114319 -0.1281823217868805 -0.010271482169628143
v 0.5123655796051025 -0.11982673406600952 0.005557317286729813
v 0.5268861651420593 -0.1180357038974762 0.036779001355171204
v 0.49727916717529297 -0.09497808665037155 -0.004913288168609142
v 0.475180059671402 -0.07700114697217941 0.0038722283206880093
v 0.49365314841270447 -0.16555941104888916 0.09259229898452759
v 0.5052822232246399 -0.15945173799991608 0.09549408406019211
v 0.48023533821105957 -0.16576021909713745 0.11006253957748413
v 0.4781882166862488 -0.18538515269756317 0.11826258897781372
v 0.5467523336410522 -0.08434782177209854 0.07834117114543915
v 0.5450083613395691 -0.11185553669929504 0.038136065006256104
v 0.558953046798706 -0.10732194036245346 0.032433390617370605
v 0.2565637528896332 -0.005054941400885582 0.12804269790649414
v 0.25499674677848816 -0.022246701642870903 0.13122402131557465
v 0.25051119923591614 -0.04269702732563019 0.12193971872329712
v 0.24641403555870056 -0.05252457037568092 0.11215696483850479
v 0.24460026621818542 -0.05571743845939636 0.09676769375801086
v 0.24255038797855377 -0.05615421012043953 0.08413704484701157
v 0.23463961482048035 -0.058851614594459534 0.07408726960420609
v 0.26933273673057556 -0.10324465483427048 0.04787700995802879
v 0.2724999189376831 -0.11172697693109512 0.05319446697831154
v 0.269973486661911 -0.11488538980484009 0.06814464181661606
v 0.27450457215309143 -0.10347878932952881 0.028050819411873817
v 0.2742624878883362 -0.03453991562128067 0.05625341087579727
v 0.2855726480484009 -0.03853410482406616 0.05673070251941681
v 0.29122549295425415 -0.0572190061211586 0.03666133061051369
v 0.2944527268409729 -0.07296290993690491 0.01971689611673355
v 0.22818316519260406 -0.05186599865555763 0.053086377680301666
v 0.23828326165676117 -0.04153267294168472 0.04516547918319702
v 0.2596469819545746 -0.029528163373470306 0.042729638516902924
v 0.2663772404193878 -0.03053903579711914 0.05149468779563904
v 0.28054630756378174 -0.17804160714149475 0.05337530001997948
v 0.2861793339252472 -0.18836036324501038 0.05028456076979637
v 0.29778385162353516 -0.2016577124595642 0.0471847802400589
v 0.31146934628486633 -0.21330711245536804 0.043755196034908295
v 0.3285575211048126 -0.22364090383052826 0.04102521389722824
v 0.34399664402008057 -0.22988733649253845 0.03531608730554581
v 0.2678857445716858 -0.12894612550735474 0.07418905943632126
v 0.2723977863788605 -0.14781427383422852 0.06461650878190994
v 0.27600717544555664 -0.16403043270111084 0.057987723499536514
v 0.36755359172821045 -0.23708286881446838 0.03296496719121933
v 0.3837699592113495 -0.2380700707435608 0.02302238903939724
v 0.39378622174263 -0.23240993916988373 0.01756054162979126
v 0.4068364202976227 -0.22830341756343842 -0.0004758741706609726
v 0.4135231077671051 -0.22056442499160767 -0.004414794966578484
v 0.41858965158462524 -0.21195217967033386 -0.028090212494134903
v 0.4147615432739258 -0.21976158022880554 -0.02600284107029438
v 0.43593844771385193 -0.18349483609199524 -0.031827617436647415
v 0.44261541962623596 -0.13814347982406616 -0.012603879906237125
v 0.4650026857852936 -0.13061180710792542 -0.02083776146173477
v 0.47205206751823425 -0.09688851982355118 -0.011091358959674835
v 0.5164825916290283 -0.11745623499155045 -0.013570591807365417
v 0.5363250970840454 -0.1270836740732193 -0.002443213015794754
v 0.4982321262359619 -0.09982900321483612 -0.02877245843410492
v 0.4975545108318329 -0.18953201174736023 0.09127790480852127
v 0.4985787570476532 -0.18140719830989838 0.09268065541982651
v 0.4884225130081177 -0.19662761688232422 0.11688397079706192
v 0.4927842915058136 -0.20296946167945862 0.11608246713876724
v 0.47885650396347046 -0.08308026194572449 -0.01043790578842163
v 0.569318950176239 -0.10675935447216034 0.010378662496805191
v 0.5553802251815796 -0.12299738824367523 0.005833074450492859
v 0.2480817437171936 -0.005557256285101175 0.1387089341878891
v 0.24595917761325836 -0.0221201553940773 0.14173291623592377
v 0.2433386892080307 -0.05652160197496414 0.12781937420368195
v 0.24615773558616638 -0.04108043015003204 0.1376774162054062
v 0.24115091562271118 -0.060610316693782806 0.11019940674304962
v 0.23731623589992523 -0.06285426765680313 0.0945940613746643
v 0.23200015723705292 -0.06374204903841019 0.08248932659626007
v 0.23217111825942993 -0.0567125640809536 0.06437960267066956
v 0.27281585335731506 -0.10573655366897583 0.0390893891453743
v 0.27204784750938416 -0.11164835840463638 0.04773084074258804
v 0.2736193537712097 -0.12090528011322021 0.05712377652525902
v 0.27676716446876526 -0.11127648502588272 0.030279025435447693
v 0.2863306999206543 -0.09784629195928574 0.013276836834847927
v 0.2838665246963501 -0.10608971118927002 0.01491522416472435
v 0.2820330560207367 -0.028330296277999878 0.05678220093250275
v 0.2963818311691284 -0.029927626252174377 0.057723380625247955
v 0.30539947748184204 -0.047051846981048584 0.03531281650066376
v 0.30742883682250977 -0.06008460372686386 0.018515411764383316
v 0.3120911717414856 -0.07351209223270416 0.0032780058681964874
v 0.2999483346939087 -0.08908188343048096 0.004019450396299362
v 0.2186593860387802 -0.05720179155468941 0.05442475154995918
v 0.2222653478384018 -0.0454704649746418 0.04481106624007225
v 0.24656179547309875 -0.029894914478063583 0.03931049630045891
v 0.2765214145183563 -0.02384565770626068 0.050707124173641205
v 0.2687162160873413 -0.021492063999176025 0.044691093266010284
v 0.27994704246520996 -0.16898106038570404 0.048929352313280106
v 0.2852270305156708 -0.18124860525131226 0.04343796148896217
v 0.29307693243026733 -0.19556155800819397 0.03833213075995445
v 0.30297622084617615 -0.20696648955345154 0.03713207691907883
v 0.3203010559082031 -0.22112157940864563 0.03595023229718208
v 0.3355261981487274 -0.22831374406814575 0.030133601278066635
v 0.35650646686553955 -0.23623165488243103 0.024217206984758377
v 0.27322304248809814 -0.13322940468788147 0.061190783977508545
v 0.2756240665912628 -0.15093715488910675 0.05440010875463486
v 0.3735654056072235 -0.23776966333389282 0.01115337572991848
v 0.3858325481414795 -0.23660147190093994 0.005290089175105095
v 0.39814481139183044 -0.2339489907026291 -0.012724173255264759
v 0.41054219007492065 -0.22603914141654968 -0.02017718367278576
v 0.42183664441108704 -0.20650950074195862 -0.040872760117053986
v 0.41632646322250366 -0.21779420971870422 -0.0445631742477417
v 0.4318731725215912 -0.18874004483222961 -0.050469450652599335
v 0.4463619291782379 -0.15264585614204407 -0.03534975275397301
v 0.48930397629737854 -0.14529934525489807 -0.03841862082481384
v 0.49599915742874146 -0.12114185839891434 -0.025828059762716293
v 0.5237677097320557 -0.11471632122993469 -0.038278728723526
v 0.5340432524681091 -0.12610924243927002 -0.024111106991767883
v 0.49203982949256897 -0.0850255936384201 -0.028104297816753387
v 0.48668086528778076 -0.19939659535884857 0.10720077157020569
v 0.4900279939174652 -0.19646045565605164 0.10893029719591141
v 0.5043365955352783 -0.23670454323291779 0.11994260549545288
v 0.47441864013671875 -0.21797068417072296 0.1297510862350464
v 0.4828900694847107 -0.08301514387130737 -0.01620492897927761
v 0.5552124381065369 -0.12137448787689209 -0.02360878884792328
v 0.5735883712768555 -0.11140657961368561 -0.011428441852331161
v 0.24753934144973755 8.829025318846107e-06 0.13567055761814117
v 0.23827876150608063 -0.011168685741722584 0.14501138031482697
v 0.23802614212036133 -0.032213300466537476 0.14566975831985474
v 0.23649471998214722 -0.04891520366072655 0.1433592140674591
v 0.23241478204727173 -0.0592481829226017 0.13601960241794586
v 0.23441103100776672 -0.06355609744787216 0.1213403195142746
v 0.22962763905525208 -0.06854622066020966 0.10457366704940796
v 0.22423909604549408 -0.06381645798683167 0.07039636373519897
v 0.22284671664237976 -0.0710257813334465 0.08840204030275345
v 0.2721877992153168 -0.1126471534371376 0.04108183830976486
v 0.27522584795951843 -0.12153972685337067 0.049033451825380325
v 0.28363868594169617 -0.11459783464670181 0.01805507019162178
v 0.27616363763809204 -0.11714641004800797 0.032691169530153275
v 0.295720636844635 -0.10605016350746155 0.002707916311919689
v 0.29311463236808777 -0.11652078479528427 0.0038813771679997444
v 0.2933480143547058 -0.016375243663787842 0.058746762573719025
v 0.2995263934135437 -0.021178320050239563 0.06117600202560425
v 0.3060629665851593 -0.03443408012390137 0.049639344215393066
v 0.31940725445747375 -0.05042976886034012 0.017625218257308006
v 0.32276487350463867 -0.061019763350486755 0.003289205953478813
v 0.31252843141555786 -0.10277153551578522 -0.010820519179105759
v 0.3203938901424408 -0.08493412286043167 -0.008845807984471321
v 0.20841939747333527 -0.058874499052762985 0.05419980734586716
v 0.21375098824501038 -0.04828466475009918 0.04953065142035484
v 0.22861093282699585 -0.03258884325623512 0.040459513664245605
v 0.256539911031723 -0.019541017711162567 0.03965340927243233
v 0.266743004322052 -0.008121307939291 0.041949741542339325
v 0.27583047747612 -0.012460947036743164 0.046543583273887634
v 0.28114190697669983 -0.15375392138957977 0.04122989624738693
v 0.2854561507701874 -0.17170311510562897 0.03725491464138031
v 0.2911076843738556 -0.18563130497932434 0.034272801131010056
v 0.3015415668487549 -0.20297306776046753 0.025908751413226128
v 0.3128665089607239 -0.21623510122299194 0.03255501016974449
v 0.32964029908180237 -0.2276468127965927 0.025541197508573532
v 0.34509986639022827 -0.23267550766468048 0.017848273739218712
v 0.36065903306007385 -0.23617878556251526 0.001089366152882576
v 0.2766087055206299 -0.13543248176574707 0.0508757010102272
v 0.3792254626750946 -0.2366686761379242 -0.007792931981384754
v 0.40818366408348083 -0.2340226173400879 -0.02955905720591545
v 0.38872939348220825 -0.2338734269142151 -0.0230204239487648
v 0.41937583684921265 -0.21272319555282593 -0.06258223950862885
v 0.4136616587638855 -0.22173303365707397 -0.06115523353219032
v 0.41172879934310913 -0.22713826596736908 -0.04128154739737511
v 0.4264177083969116 -0.20475010573863983 -0.0695309117436409
v 0.43647608160972595 -0.18890289962291718 -0.0677134320139885
v 0.46328219771385193 -0.15878573060035706 -0.04723569378256798
v 0.529111921787262 -0.12179751694202423 -0.04525439441204071
v 0.5178825259208679 -0.13497468829154968 -0.04323193430900574
v 0.494027316570282 -0.09671911597251892 -0.021023092791438103
v 0.5008693337440491 -0.10233212262392044 -0.04134676232933998
v 0.5155469179153442 -0.11162488907575607 -0.045581214129924774
v 0.5410347580909729 -0.12531453371047974 -0.03339802473783493
v 0.48962995409965515 -0.0943712368607521 -0.03763330355286598
v 0.4891529977321625 -0.08568375557661057 -0.040849581360816956
v 0.483291357755661 -0.20610257983207703 0.11568760871887207
v 0.49227237701416016 -0.2167666107416153 0.1157592386007309
v 0.5521714091300964 -0.11843641102313995 -0.03550376743078232
v 0.5705044865608215 -0.10641949623823166 -0.030422162264585495
v 0.23884820938110352 0.0 0.1405634582042694
v 0.2251821607351303 -0.018963109701871872 0.14907877147197723
v 0.2233167290687561 -0.03702943027019501 0.151418074965477
v 0.22469644248485565 -0.05297420918941498 0.14755356311798096
v 0.22124144434928894 -0.057316895574331284 0.14088892936706543
v 0.2237577885389328 -0.06146065518260002 0.12748977541923523
v 0.21922451257705688 -0.06644830852746964 0.1113617867231369
v 0.22172917425632477 -0.06730729341506958 0.07703018188476562
v 0.20885933935642242 -0.07171119004487991 0.0878482460975647
v 0.21811063587665558 -0.06996294111013412 0.0974755808711052
v 0.27501851320266724 -0.12233755737543106 0.040243495255708694
v 0.29358771443367004 -0.12606367468833923 0.005242769606411457
v 0.2856382727622986 -0.12313231825828552 0.020683197304606438
v 0.280352383852005 -0.1311916708946228 0.02921222150325775
v 0.3016496002674103 -0.125828817486763 -0.006333949044346809
v 0.3024805188179016 -0.11537285149097443 -0.0055669136345386505
v 0.28568902611732483 -0.013141952455043793 0.0531490296125412
v 0.3104567527770996 -0.02393287420272827 0.0576421394944191
v 0.3210096061229706 -0.03920884430408478 0.03061627596616745
v 0.3312893211841583 -0.05060206353664398 0.00434177927672863
v 0.3306084871292114 -0.07076043635606766 -0.008847365155816078
v 0.33082568645477295 -0.09413237869739532 -0.018409961834549904
v 0.32501912117004395 -0.10822673887014389 -0.02016296423971653
v 0.21577775478363037 -0.06461065262556076 0.06582871824502945
v 0.19886460900306702 -0.059571512043476105 0.052042290568351746
v 0.20285578072071075 -0.050334859639406204 0.05150119587779045
v 0.21473874151706696 -0.03621097281575203 0.04481619969010353
v 0.23498645424842834 -0.021417777985334396 0.038332778960466385
v 0.24494397640228271 -0.008035137318074703 0.03817998617887497
v 0.2582452893257141 0.003262678161263466 0.03925211727619171
v 0.2790210545063019 -0.13474927842617035 0.0409604012966156
v 0.2863433361053467 -0.16312196850776672 0.02980808913707733
v 0.29006227850914 -0.1764262616634369 0.02581747993826866
v 0.29601338505744934 -0.19061985611915588 0.02241339161992073
v 0.30989548563957214 -0.21256937086582184 0.022376449778676033
v 0.32064878940582275 -0.2225361168384552 0.022449083626270294
v 0.33704128861427307 -0.23095601797103882 0.01727035641670227
v 0.36942869424819946 -0.23505397140979767 -0.011887427419424057
v 0.39935624599456787 -0.23287168145179749 -0.035069264471530914
v 0.37687209248542786 -0.23407845199108124 -0.022044312208890915
v 0.41788578033447266 -0.21881750226020813 -0.07446330040693283
v 0.4070534110069275 -0.22977560758590698 -0.05548255145549774
v 0.4125365912914276 -0.22394642233848572 -0.06803017854690552
v 0.42364799976348877 -0.2150583565235138 -0.08285211771726608
v 0.433240681886673 -0.20627979934215546 -0.07929336279630661
v 0.4896431267261505 -0.1555115431547165 -0.05272159352898598
v 0.5061479210853577 -0.14641684293746948 -0.05003964155912399
v 0.5186328291893005 -0.1063290536403656 -0.035152651369571686
v 0.5325424075126648 -0.12754425406455994 -0.05499914661049843
v 0.5414037704467773 -0.11468116194009781 -0.05793066322803497
v 0.49706265330314636 -0.09317328035831451 -0.03944213688373566
v 0.4964620769023895 -0.10270177572965622 -0.03814665600657463
v 0.5081933736801147 -0.10629800707101822 -0.04382928088307381
v 0.5370453000068665 -0.12019412964582443 -0.04017973318696022
v 0.48475223779678345 -0.09736651182174683 -0.03263494744896889
v 0.4780043363571167 -0.21138040721416473 0.134098082780838
v 0.4963110387325287 -0.21581220626831055 0.11646105349063873
v 0.44502198696136475 -0.22469192743301392 0.15429341793060303
v 0.561084508895874 -0.0990864485502243 -0.04160744696855545
v 0.5504584312438965 -0.11247760057449341 -0.039353810250759125
v 0.22562924027442932 0.0003205500543117523 0.14452752470970154
v 0.20461048185825348 -0.021324586123228073 0.15412795543670654
v 0.20475023984909058 -0.034111909568309784 0.1543474644422531
v 0.20502829551696777 -0.05050705373287201 0.14585445821285248
v 0.2148580253124237 -0.05107246711850166 0.15359824895858765
v 0.20661324262619019 -0.06203995645046234 0.1175885871052742
v 0.20315611362457275 -0.0648249015212059 0.10598288476467133
v 0.2116805762052536 -0.07212663441896439 0.0765824168920517
v 0.30191120505332947 -0.13666030764579773 -0.00612979382276535
v 0.2941446304321289 -0.13789556920528412 0.0061912862583994865
v 0.2876533269882202 -0.14146655797958374 0.015284272842109203
v 0.28514713048934937 -0.14954018592834473 0.027164900675415993
v 0.31317824125289917 -0.12198524177074432 -0.016520846635103226
v 0.3088999092578888 -0.133589506149292 -0.014474941417574883
v 0.3231782615184784 -0.02628883719444275 0.04311029613018036
v 0.333646297454834 -0.040406785905361176 0.012439841404557228
v 0.3379897475242615 -0.05698858201503754 -0.005585366860032082
v 0.34022054076194763 -0.0799141377210617 -0.018319347873330116
v 0.20426107943058014 -0.07000279426574707 0.0607418417930603
v 0.19253301620483398 -0.06542110443115234 0.05200333520770073
v 0.19163791835308075 -0.054434895515441895 0.05018620938062668
v 0.20526835322380066 -0.04130148887634277 0.04869487136602402
v 0.2008654624223709 -0.03089343197643757 0.047313787043094635
v 0.2133745700120926 -0.02243882231414318 0.04197700321674347
v 0.22053217887878418 -0.00882606953382492 0.0379209890961647
v 0.23059189319610596 0.00292039941996336 0.03328259289264679
v 0.2901863753795624 -0.16469186544418335 0.01946798525750637
v 0.2959107756614685 -0.17900480329990387 0.015794411301612854
v 0.3075888752937317 -0.20443877577781677 0.010701306164264679
v 0.3189106583595276 -0.21730181574821472 0.008163541555404663
v 0.33283403515815735 -0.2282191514968872 0.006867436226457357
v 0.346271276473999 -0.23229996860027313 0.0011088312603533268
v 0.3602345287799835 -0.2329283356666565 -0.017001301050186157
v 0.38805118203163147 -0.2305164784193039 -0.035928480327129364
v 0.37140312790870667 -0.22870290279388428 -0.03335321322083473
v 0.41665399074554443 -0.22160594165325165 -0.07897946238517761
v 0.3967841565608978 -0.22945572435855865 -0.049373604357242584
v 0.40583309531211853 -0.2259228527545929 -0.06667386740446091
v 0.4365920126438141 -0.20382577180862427 -0.08749654144048691
v 0.4216228723526001 -0.21587876975536346 -0.09070033580064774
v 0.4469985067844391 -0.17784440517425537 -0.069387286901474
v 0.4449487030506134 -0.19197288155555725 -0.08638212829828262
v 0.44857707619667053 -0.17276674509048462 -0.06111034378409386
v 0.4663773775100708 -0.1730785369873047 -0.06594439595937729
v 0.5100812911987305 -0.148849219083786 -0.06398294866085052
v 0.5231329202651978 -0.1378960758447647 -0.05815206468105316
v 0.541388213634491 -0.10598856210708618 -0.057119641453027725
v 0.5433385968208313 -0.11383380740880966 -0.06661978363990784
v 0.5455222725868225 -0.10689131170511246 -0.06631498038768768
v 0.4797389507293701 -0.09313873201608658 -0.0434107780456543
v 0.4802684485912323 -0.084231436252594 -0.05118371546268463
v 0.5285908579826355 -0.11053243279457092 -0.044319167733192444
v 0.4758298993110657 -0.09895608574151993 -0.033307719975709915
v 0.4897306561470032 -0.10405981540679932 -0.04316946864128113
v 0.4956456124782562 -0.22607380151748657 0.12211798131465912
v 0.46959367394447327 -0.22081726789474487 0.14612150192260742
v 0.47184255719184875 -0.22122277319431305 0.14056988060474396
v 0.5411652326583862 -0.09973722696304321 -0.0476495698094368
v 0.5561184883117676 -0.08899776637554169 -0.04538341984152794
v 0.1862853765487671 -0.014859188348054886 0.15344779193401337
v 0.1873427778482437 -0.02704612910747528 0.1566096693277359
v 0.21343563497066498 -0.04401376098394394 0.15235492587089539
v 0.19583843648433685 -0.0411439873278141 0.1507445126771927
v 0.19062082469463348 -0.04476349055767059 0.14225296676158905
v 0.18978533148765564 -0.05559423938393593 0.12162995338439941
v 0.1907736361026764 -0.06009254604578018 0.10721906274557114
v 0.20550745725631714 -0.06878067553043365 0.09673324227333069
v 0.19805067777633667 -0.07407102733850479 0.07903265953063965
v 0.2001318335533142 -0.07513253390789032 0.06878991425037384
v 0.3032631278038025 -0.14965534210205078 -0.005344872362911701
v 0.3123220205307007 -0.14755862951278687 -0.018245531246066093
v 0.2957802712917328 -0.1524086594581604 0.007201642729341984
v 0.2896791100502014 -0.1546298712491989 0.01485841441899538
v 0.3212984502315521 -0.13724015653133392 -0.026093779131770134
v 0.3295315206050873 -0.12111161649227142 -0.027614349499344826
v 0.33690309524536133 -0.028566643595695496 0.022819509729743004
v 0.3447091281414032 -0.04288865625858307 -0.002489466220140457
v 0.3487457036972046 -0.0642433688044548 -0.015701834112405777
v 0.3426728844642639 -0.10645480453968048 -0.02969886176288128
v 0.35157760977745056 -0.08789044618606567 -0.026422323659062386
v 0.1920558512210846 -0.07436694949865341 0.0571635477244854
v 0.1807325780391693 -0.07104004919528961 0.047802966088056564
v 0.18153667449951172 -0.06038004904985428 0.04720958694815636
v 0.19391568005084991 -0.042652569711208344 0.04984508454799652
v 0.18560810387134552 -0.03274444490671158 0.04971713572740555
v 0.19277441501617432 -0.023114394396543503 0.047615643590688705
v 0.20207388699054718 -0.011053398251533508 0.045641154050827026
v 0.20445440709590912 0.0018809828907251358 0.03878287971019745
v 0.296130508184433 -0.16624578833580017 0.010478716343641281
v 0.3017464876174927 -0.18897005915641785 0.00784383900463581
v 0.31808507442474365 -0.2095130831003189 -0.003193693235516548
v 0.33048900961875916 -0.2207372784614563 -0.006458406336605549
v 0.3428212106227875 -0.2265932857990265 -0.01237933337688446
v 0.35619261860847473 -0.22281759977340698 -0.03233235329389572
v 0.3840085566043854 -0.22571158409118652 -0.047289714217185974
v 0.3701181411743164 -0.21959540247917175 -0.046439118683338165
v 0.4101696312427521 -0.21894174814224243 -0.07885375618934631
v 0.3930012881755829 -0.22261720895767212 -0.059404157102108
v 0.39939308166503906 -0.21832938492298126 -0.07086491584777832
v 0.4454739987850189 -0.18414375185966492 -0.08950476348400116
v 0.41135483980178833 -0.2091580033302307 -0.08664435148239136
v 0.4536862075328827 -0.1796986162662506 -0.09405182301998138
v 0.4568871855735779 -0.18059419095516205 -0.0786854550242424
v 0.4915136396884918 -0.15757060050964355 -0.07212888449430466
v 0.5333436131477356 -0.12630057334899902 -0.06908408552408218
v 0.5227574110031128 -0.13460808992385864 -0.07826495915651321
v 0.5469516515731812 -0.09412725269794464 -0.07158950716257095
v 0.5439673662185669 -0.10898734629154205 -0.07994242012500763
v 0.5501827001571655 -0.09842207282781601 -0.07760214805603027
v 0.5065478682518005 -0.09748895466327667 -0.041853904724121094
v 0.488271027803421 -0.09653614461421967 -0.06175284832715988
v 0.4692046642303467 -0.09399252384901047 -0.05150136724114418
v 0.4695126414299011 -0.09544948488473892 -0.04095488786697388
v 0.511789858341217 -0.10384955257177353 -0.04905140772461891
v 0.4727509915828705 -0.10192357748746872 -0.04306660592556
v 0.48936203122138977 -0.10501047223806381 -0.049419403076171875
v 0.4819302260875702 -0.23539692163467407 0.15538977086544037
v 0.5016433596611023 -0.26643726229667664 0.12399346381425858
v 0.4886190891265869 -0.24153704941272736 0.13374871015548706
v 0.529114305973053 -0.093647800385952 -0.05513089522719383
v 0.5419837236404419 -0.08871220052242279 -0.05140267312526703
v 0.20869439840316772 0.006392594426870346 0.1459898203611374
v 0.21237719058990479 -0.006968416273593903 0.14836858212947845
v 0.19402869045734406 -0.0020529143512248993 0.1494525969028473
v 0.17242582142353058 -0.016931191086769104 0.1539507657289505
v 0.1703740656375885 -0.02288677543401718 0.15450337529182434
v 0.19935022294521332 -0.04099011421203613 0.1540888398885727
v 0.20389601588249207 -0.05783617123961449 0.13227282464504242
v 0.17900381982326508 -0.028309661895036697 0.1457354873418808
v 0.17480014264583588 -0.03910808637738228 0.14133679866790771
v 0.18403512239456177 -0.0498955063521862 0.1331927478313446
v 0.17002616822719574 -0.04858405888080597 0.12248384207487106
v 0.1770177185535431 -0.05520089715719223 0.10981649905443192
v 0.19052375853061676 -0.06470430642366409 0.09545136243104935
v 0.18342866003513336 -0.07241649925708771 0.07672443240880966
v 0.18832364678382874 -0.07639896869659424 0.06560759246349335
v 0.19460859894752502 -0.0704730674624443 0.08816374093294144
v 0.30981841683387756 -0.1625864952802658 -0.013655051589012146
v 0.3022674024105072 -0.16416242718696594 -0.0014874748885631561
v 0.32377392053604126 -0.15282057225704193 -0.02901337668299675
v 0.3460509479045868 -0.12373335659503937 -0.03756383806467056
v 0.3365841507911682 -0.13576838374137878 -0.03563574701547623
v 0.3492048680782318 -0.02945598214864731 0.0048421453684568405
v 0.3540673553943634 -0.04727731645107269 -0.01056734286248684
v 0.35962262749671936 -0.07270585000514984 -0.023721355944871902
v 0.3557679355144501 -0.11199765652418137 -0.03779389709234238
v 0.36167171597480774 -0.09868328273296356 -0.034121230244636536
v 0.1835157573223114 -0.07492289692163467 0.0549592599272728
v 0.17396681010723114 -0.07002288848161697 0.03979337587952614
v 0.17460164427757263 -0.06538590043783188 0.040809765458106995
v 0.1805051863193512 -0.04707720875740051 0.04771348461508751
v 0.17436721920967102 -0.037523023784160614 0.04681333899497986
v 0.17686864733695984 -0.025740956887602806 0.048563264310359955
v 0.18192024528980255 -0.01672651432454586 0.04713251441717148
v 0.18943551182746887 -0.004119914025068283 0.045905597507953644
v 0.30097144842147827 -0.1772836148738861 0.0037533710710704327
v 0.31047025322914124 -0.1968020498752594 -0.0027704471722245216
v 0.3273988366127014 -0.21097517013549805 -0.015384035184979439
v 0.3403719961643219 -0.21892482042312622 -0.021825427189469337
v 0.34607627987861633 -0.21528872847557068 -0.03592705726623535
v 0.3821123242378235 -0.21919545531272888 -0.0553508959710598
v 0.35657933354377747 -0.21381744742393494 -0.048179253935813904
v 0.40448418259620667 -0.21305155754089355 -0.07885995507240295
v 0.3886275589466095 -0.21383431553840637 -0.06538457423448563
v 0.39700230956077576 -0.2105121910572052 -0.0752280130982399
v 0.4022063910961151 -0.20584899187088013 -0.08166605979204178
v 0.4196961522102356 -0.1994909942150116 -0.09593021124601364
v 0.4345998764038086 -0.19416621327400208 -0.09276901930570602
v 0.45917949080467224 -0.16683830320835114 -0.07960096001625061
v 0.46825656294822693 -0.1708623170852661 -0.07756276428699493
v 0.5124841332435608 -0.1405830681324005 -0.09169145673513412
v 0.5186919569969177 -0.12585577368736267 -0.10821428894996643
v 0.5345696806907654 -0.11850937455892563 -0.08918517827987671
v 0.5439019203186035 -0.09033894538879395 -0.0641242265701294
v 0.5314564108848572 -0.09506289660930634 -0.05173216387629509
v 0.5476215481758118 -0.0869780108332634 -0.08043255656957626
v 0.543797492980957 -0.10061681270599365 -0.1015898808836937
v 0.5525110363960266 -0.0932198241353035 -0.0899699255824089
v 0.5166204571723938 -0.08689062297344208 -0.05828091502189636
v 0.5028202533721924 -0.08715265244245529 -0.08440960943698883
v 0.4799163341522217 -0.11339861154556274 -0.06873202323913574
v 0.4744461178779602 -0.09812517464160919 -0.06223729997873306
v 0.4599553048610687 -0.1038103997707367 -0.05138140171766281
v 0.4643802046775818 -0.10303043574094772 -0.043490320444107056
v 0.5019797682762146 -0.10125523805618286 -0.05854150280356407
v 0.47109097242355347 -0.11151666194200516 -0.05472120642662048
v 0.48687082529067993 -0.10341153293848038 -0.06072773039340973
v 0.4897174835205078 -0.26610007882118225 0.14334897696971893
v 0.5065192580223083 -0.29084861278533936 0.12377028912305832
v 0.48908305168151855 -0.27287375926971436 0.12429549545049667
v 0.5497727394104004 -0.07892700284719467 -0.05298797786235809
v 0.5155564546585083 -0.09247610718011856 -0.05809144303202629
v 0.5308720469474792 -0.08076697587966919 -0.05906856060028076
v 0.19432054460048676 0.011656702496111393 0.14728964865207672
v 0.1739247739315033 -0.003750976175069809 0.15208503603935242
v 0.15679609775543213 -0.017052385956048965 0.155391126871109
v 0.1558016538619995 -0.021836761385202408 0.1525764912366867
v 0.17870883643627167 -0.03232317790389061 0.15232370793819427
v 0.16612868010997772 -0.02361033856868744 0.15054349601268768
v 0.1630292683839798 -0.02949313446879387 0.14555999636650085
v 0.15688244998455048 -0.035197898745536804 0.1391044408082962
v 0.16845141351222992 -0.04290999472141266 0.13444478809833527
v 0.1500740349292755 -0.04286044090986252 0.11684925109148026
v 0.1623726487159729 -0.05124879628419876 0.1079702228307724
v 0.17554229497909546 -0.05887948349118233 0.0959111899137497
v 0.16664071381092072 -0.07152164727449417 0.07480685412883759
v 0.1747632622718811 -0.0753190740942955 0.05987013503909111
v 0.17877636849880219 -0.06692198663949966 0.0882989764213562
v 0.30722343921661377 -0.17491331696510315 -0.008020603097975254
v 0.32038408517837524 -0.16386529803276062 -0.026491954922676086
v 0.3338216543197632 -0.15039914846420288 -0.03692029044032097
v 0.36078476905822754 -0.1259467601776123 -0.045167386531829834
v 0.3505095839500427 -0.14410322904586792 -0.04536237567663193
v 0.3562982380390167 -0.03437057137489319 -0.005805071443319321
v 0.36560431122779846 -0.054552093148231506 -0.01886841654777527
v 0.37295734882354736 -0.08089572191238403 -0.031226392835378647
v 0.382982075214386 -0.0960032045841217 -0.040617771446704865
v 0.37046003341674805 -0.11193735897541046 -0.04282392933964729
v 0.1729353368282318 -0.07414454221725464 0.04616926237940788
v 0.1713147610425949 -0.07364077866077423 0.03349770978093147
v 0.17332960665225983 -0.06741638481616974 0.032037943601608276
v 0.17318275570869446 -0.05675550177693367 0.041412390768527985
v 0.17484624683856964 -0.04907882958650589 0.04252883791923523
v 0.16862066090106964 -0.02989409863948822 0.04517435282468796
v 0.16714584827423096 -0.03693264722824097 0.03755474090576172
v 0.17003822326660156 -0.019595608115196228 0.047291141003370285
v 0.3066411316394806 -0.18642160296440125 -0.002522937022149563
v 0.31865087151527405 -0.20161586999893188 -0.011803101748228073
v 0.33567407727241516 -0.21051019430160522 -0.029450703412294388
v 0.3738677501678467 -0.21273139119148254 -0.05557598918676376
v 0.3485894501209259 -0.20260322093963623 -0.051319606602191925
v 0.3392927348613739 -0.20560622215270996 -0.04125545546412468
v 0.3780229687690735 -0.20301878452301025 -0.0644710510969162
v 0.3938155472278595 -0.20086869597434998 -0.07659034430980682
v 0.4500114321708679 -0.16153062880039215 -0.07871661335229874
v 0.4070499539375305 -0.19797617197036743 -0.08775351941585541
v 0.428286075592041 -0.18490436673164368 -0.09028105437755585
v 0.4397362768650055 -0.17073073983192444 -0.08176694810390472
v 0.45979732275009155 -0.14674438536167145 -0.07154770195484161
v 0.4688137173652649 -0.1437920331954956 -0.0742674171924591
v 0.5052045583724976 -0.14318174123764038 -0.09704910963773727
v 0.4858134686946869 -0.14304561913013458 -0.08417383581399918
v 0.5153155326843262 -0.12092664837837219 -0.12777064740657806
v 0.5302185416221619 -0.10738838464021683 -0.11582066118717194
v 0.5157344937324524 -0.10605955123901367 -0.13633041083812714
v 0.5413268208503723 -0.07991190254688263 -0.0753004252910614
v 0.553909182548523 -0.08644779026508331 -0.08917056769132614
v 0.5366926789283752 -0.0926455482840538 -0.12566225230693817
v 0.5505619049072266 -0.08865989744663239 -0.11199167370796204
v 0.5383087992668152 -0.07825183868408203 -0.06560910493135452
v 0.48768293857574463 -0.1088295429944992 -0.08156152069568634
v 0.48222920298576355 -0.13242889940738678 -0.07889413833618164
v 0.4706546664237976 -0.12370225042104721 -0.06950411200523376
v 0.45794111490249634 -0.11410875618457794 -0.05490516126155853
v 0.4634324610233307 -0.10888833552598953 -0.051178399473428726
v 0.4639783799648285 -0.10873063653707504 -0.05945798009634018
v 0.4966230094432831 -0.09769493341445923 -0.06421016901731491
v 0.4615694284439087 -0.11906401067972183 -0.06830693036317825
v 0.47027724981307983 -0.11220639199018478 -0.07125085592269897
v 0.4677567481994629 -0.27467554807662964 0.1355924755334854
v 0.49754464626312256 -0.2869832515716553 0.1134527400135994
v 0.48927339911460876 -0.2842666506767273 0.09688714891672134
v 0.547802209854126 -0.06097915768623352 -0.056032001972198486
v 0.5140173435211182 -0.08063692599534988 -0.05949689447879791
v 0.5054953694343567 -0.09028442949056625 -0.05922887474298477
v 0.16791270673274994 0.0 0.15262025594711304
v 0.17865534126758575 0.012270837090909481 0.14963681995868683
v 0.15870212018489838 -0.007521461695432663 0.15552914142608643
v 0.15353403985500336 -0.023306768387556076 0.14888079464435577
v 0.14238974452018738 -0.03017459064722061 0.13613414764404297
v 0.14830873906612396 -0.02686716616153717 0.14302368462085724
v 0.15429984033107758 -0.03850720077753067 0.13013119995594025
v 0.14712420105934143 -0.04745729640126228 0.10177823901176453
v 0.1411937177181244 -0.039168648421764374 0.11324863135814667
v 0.15889747440814972 -0.05490598827600479 0.09401177614927292
v 0.16212674975395203 -0.0627375915646553 0.08517791330814362
v 0.1590951532125473 -0.07297898083925247 0.056896887719631195
v 0.1637379378080368 -0.07516205310821533 0.047353796660900116
v 0.317539781332016 -0.17442317306995392 -0.02190607599914074
v 0.3326183557510376 -0.16455446183681488 -0.037353504449129105
v 0.3445136845111847 -0.16368359327316284 -0.04620186984539032
v 0.3769700527191162 -0.1256258338689804 -0.05063387006521225
v 0.36730870604515076 -0.14076383411884308 -0.05299360305070877
v 0.36736172437667847 -0.03720233589410782 -0.013017460703849792
v 0.37916669249534607 -0.06227689981460571 -0.027901284396648407
v 0.38739702105522156 -0.08311578631401062 -0.03687337040901184
v 0.3969869613647461 -0.10113076865673065 -0.04669709503650665
v 0.3870789408683777 -0.11260508745908737 -0.048680856823921204
v 0.1662224382162094 -0.07440203428268433 0.039246685802936554
v 0.1390872746706009 -0.04443194344639778 0.010426354594528675
v 0.14336447417736053 -0.05143003165721893 0.022587351500988007
v 0.1513991355895996 -0.04856483265757561 0.024003904312849045
v 0.14398151636123657 -0.03539862111210823 0.015960266813635826
v 0.1666300743818283 -0.02234765514731407 0.04198240116238594
v 0.167101189494133 -0.03026389516890049 0.034217074513435364
v 0.14874017238616943 -0.030046213418245316 0.015342467464506626
v 0.17367027699947357 -0.010198880918323994 0.045591481029987335
v 0.3156135678291321 -0.18952783942222595 -0.014393158257007599
v 0.3269515633583069 -0.20285215973854065 -0.02459457702934742
v 0.36269611120224 -0.20467790961265564 -0.05670664459466934
v 0.336887001991272 -0.19330623745918274 -0.045381300151348114
v 0.35065901279449463 -0.19382344186306 -0.054967641830444336
v 0.3831396996974945 -0.19053296744823456 -0.07073409855365753
v 0.4002946615219116 -0.1886201649904251 -0.08145584166049957
v 0.4163133502006531 -0.18666169047355652 -0.09165985882282257
v 0.4390122592449188 -0.16392827033996582 -0.0786425992846489
v 0.4484780430793762 -0.14763686060905457 -0.071275494992733
v 0.4615810215473175 -0.13182947039604187 -0.0673540011048317
v 0.49933186173439026 -0.12809397280216217 -0.10135716199874878
v 0.5174512267112732 -0.11127149313688278 -0.14072617888450623
v 0.5070191621780396 -0.13332873582839966 -0.11475299298763275
v 0.5170882940292358 -0.09800730645656586 -0.15075746178627014
v 0.5205212831497192 -0.09117243438959122 -0.13731634616851807
v 0.544937789440155 -0.07986322045326233 -0.0863218605518341
v 0.5327779650688171 -0.06946945935487747 -0.07483645528554916
v 0.5563994646072388 -0.08512725681066513 -0.0991113930940628
v 0.5488953590393066 -0.08540498465299606 -0.1374751627445221
v 0.5359773635864258 -0.08778493851423264 -0.14441317319869995
v 0.5246763229370117 -0.06927873939275742 -0.07251358032226562
v 0.5036373138427734 -0.09741412103176117 -0.10595934092998505
v 0.5166094303131104 -0.0697581097483635 -0.09310591965913773
v 0.45342767238616943 -0.1274678111076355 -0.06484124064445496
v 0.44993817806243896 -0.13475827872753143 -0.06838750839233398
v 0.45497629046440125 -0.12182705849409103 -0.06665055453777313
v 0.48396143317222595 -0.0983324721455574 -0.07109713554382324
v 0.49416887760162354 -0.09467274695634842 -0.06678332388401031
v 0.4547957479953766 -0.13158099353313446 -0.0789555013179779
v 0.46138083934783936 -0.12504510581493378 -0.07883469760417938
v 0.47867894172668457 -0.3137783706188202 0.12626618146896362
v 0.5044730305671692 -0.32284966111183167 0.09332382678985596
v 0.4939350485801697 -0.3151654303073883 0.11451849341392517
v 0.49768736958503723 -0.08877106010913849 -0.05990525707602501
v 0.5020372867584229 -0.07777523994445801 -0.05482472479343414
v 0.14665454626083374 0.0 0.16022595763206482
v 0.15691129863262177 0.008839903399348259 0.1562555730342865
v 0.1456940621137619 -0.0161811001598835 0.15354731678962708
v 0.14194729924201965 -0.00995943695306778 0.15637296438217163
v 0.14501981437206268 -0.019003920257091522 0.15125277638435364
v 0.13975828886032104 -0.02126096934080124 0.14708662033081055
v 0.14280101656913757 -0.03456312417984009 0.12501145899295807
v 0.13293705880641937 -0.02887854352593422 0.12982729077339172
v 0.13335570693016052 -0.02328568324446678 0.1401059627532959
v 0.15133735537528992 -0.05600593611598015 0.09064953774213791
v 0.13733498752117157 -0.04543835669755936 0.09623771905899048
v 0.13266725838184357 -0.037941910326480865 0.10447679460048676
v 0.15201568603515625 -0.06118348613381386 0.08272667974233627
v 0.1508920043706894 -0.0671682059764862 0.0725628212094307
v 0.1516813188791275 -0.0742444321513176 0.05208941176533699
v 0.1572047919034958 -0.07562821358442307 0.047196123749017715
v 0.32918083667755127 -0.17776933312416077 -0.037612129002809525
v 0.36149853467941284 -0.15884707868099213 -0.05519506335258484
v 0.39080071449279785 -0.12428474426269531 -0.05576227977871895
v 0.3813307285308838 -0.13676559925079346 -0.05714646726846695
v 0.3837284445762634 -0.04113912582397461 -0.02208685129880905
v 0.3890547454357147 -0.07037552446126938 -0.033022843301296234
v 0.3974103629589081 -0.08919785171747208 -0.04204937070608139
v 0.40238451957702637 -0.1118958443403244 -0.053440868854522705
v 0.4126054644584656 -0.09772906452417374 -0.049066212028265
v 0.16158798336982727 -0.07744796574115753 0.041351113468408585
v 0.14143136143684387 -0.0402970090508461 0.0020757075399160385
v 0.13711830973625183 -0.05381157249212265 0.01473231054842472
v 0.14177852869033813 -0.05162668600678444 -0.0023421235382556915
v 0.13957662880420685 -0.03358745574951172 -0.0014567207545042038
v 0.16484174132347107 -0.018228603526949883 0.032956562936306
v 0.16477437317371368 -0.012974576093256474 0.0420910120010376
v 0.16035911440849304 -0.028597064316272736 0.014303747564554214
v 0.14396660029888153 -0.029284022748470306 -0.0064727067947387695
v 0.3273065686225891 -0.1910274773836136 -0.03266289830207825
v 0.3663080334663391 -0.19222240149974823 -0.061558112502098083
v 0.3548787832260132 -0.1789974868297577 -0.05608693137764931
v 0.33978646993637085 -0.17985093593597412 -0.04803064465522766
v 0.39009785652160645 -0.17311161756515503 -0.07417796552181244
v 0.4089925289154053 -0.17447006702423096 -0.0842040628194809
v 0.45615601539611816 -0.13945743441581726 -0.06694299727678299
v 0.419813334941864 -0.17258507013320923 -0.08978837728500366
v 0.42904481291770935 -0.17176076769828796 -0.08805570006370544
v 0.4436643123626709 -0.15302318334579468 -0.07510661333799362
v 0.5044875144958496 -0.11696047335863113 -0.12008463591337204
v 0.5144748687744141 -0.11711138486862183 -0.13827405869960785
v 0.5228713750839233 -0.1058802530169487 -0.1543879359960556
v 0.5206324458122253 -0.09928196668624878 -0.17668581008911133
v 0.5274561643600464 -0.09295129776000977 -0.16254931688308716
v 0.5519320368766785 -0.08255341649055481 -0.10116704553365707
v 0.5335516333580017 -0.07292310893535614 -0.08159681409597397
v 0.5546274781227112 -0.08168713003396988 -0.11883103847503662
v 0.5487852692604065 -0.0861567035317421 -0.16337332129478455
v 0.5591831803321838 -0.07795321941375732 -0.15547513961791992
v 0.5257298350334167 -0.06357122957706451 -0.08350007981061935
v 0.5269162058830261 -0.06581110507249832 -0.09831912070512772
v 0.5137833952903748 -0.08151204884052277 -0.1111995130777359
v 0.4487156271934509 -0.14116477966308594 -0.07500772178173065
v 0.46753501892089844 -0.10936066508293152 -0.07387050241231918
v 0.48156237602233887 -0.09747061878442764 -0.06931056082248688
v 0.44523125886917114 -0.1428166925907135 -0.08722878992557526
v 0.45281627774238586 -0.12618470191955566 -0.08044193685054779
v 0.48957064747810364 -0.3443622291088104 0.11466324329376221
v 0.5124892592430115 -0.32669100165367126 0.08834432810544968
v 0.5014938116073608 -0.340467244386673 0.11001995205879211
v 0.4853769540786743 -0.06970703601837158 -0.05136295408010483
v 0.4870251417160034 -0.09073832631111145 -0.06116748973727226
v 0.13832484185695648 0.00276198610663414 0.16203977167606354
v 0.13508965075016022 0.011854025535285473 0.1647578626871109
v 0.14580358564853668 -0.0036927051842212677 0.15770259499549866
v 0.13120368123054504 -0.006567979231476784 0.16110508143901825
v 0.13747413456439972 -0.015712924301624298 0.1514759361743927
v 0.13493643701076508 -0.018282320350408554 0.14825822412967682
v 0.12981575727462769 -0.018353484570980072 0.14580285549163818
v 0.13378211855888367 -0.033107224851846695 0.11751174181699753
v 0.12215770035982132 -0.023285437375307083 0.13327330350875854
v 0.12270358949899673 -0.027127474546432495 0.1217760369181633
v 0.1418621987104416 -0.05133046954870224 0.09309066087007523
v 0.12696701288223267 -0.04088201746344566 0.0936349406838417
v 0.12212777882814407 -0.03402944654226303 0.09872796386480331
v 0.14053596556186676 -0.0628744512796402 0.06975231319665909
v 0.14254586398601532 -0.05795611813664436 0.08281007409095764
v 0.14590953290462494 -0.06835584342479706 0.05971234664320946
v 0.15787148475646973 -0.07954324781894684 0.044417738914489746
v 0.15439923107624054 -0.07885868847370148 0.046346329152584076
v 0.3794437646865845 -0.15364012122154236 -0.06334692984819412
v 0.4050566554069519 -0.12509065866470337 -0.06222975626587868
v 0.39444077014923096 -0.13659514486789703 -0.06388397514820099
v 0.3931722640991211 -0.018889710307121277 -0.019548602402210236
v 0.39478516578674316 -0.052165329456329346 -0.030111748725175858
v 0.39723309874534607 -0.07722777873277664 -0.037878744304180145
v 0.428530216217041 -0.10030536353588104 -0.05447535961866379
v 0.41994863748550415 -0.11153774708509445 -0.05830182880163193
v 0.1414078176021576 -0.05487602949142456 0.02776430919766426
v 0.1478973627090454 -0.05182378739118576 -0.02209368161857128
v 0.14890511333942413 -0.039559803903102875 -0.02386604994535446
v 0.16661974787712097 -0.023645466193556786 0.01737714558839798
v 0.16072335839271545 0.0 0.030070964246988297
v 0.1484033763408661 -0.023229330778121948 -0.009807178750634193
v 0.1465381532907486 -0.03217320889234543 -0.03391653671860695
v 0.3729947805404663 -0.17502719163894653 -0.06410274654626846
v 0.4012746214866638 -0.15589672327041626 -0.07478536665439606
v 0.4177451729774475 -0.1585022211074829 -0.08372540026903152
v 0.42797672748565674 -0.16177797317504883 -0.08963051438331604
v 0.4362950623035431 -0.15935447812080383 -0.09181008487939835
v 0.5110000967979431 -0.10398884862661362 -0.12718971073627472
v 0.5247712731361389 -0.10761366784572601 -0.15104937553405762
v 0.5341740846633911 -0.10551820695400238 -0.18073885142803192
v 0.5363668203353882 -0.10430437326431274 -0.21825294196605682
v 0.5438802242279053 -0.09378359466791153 -0.19436977803707123
v 0.5368303656578064 -0.07394611090421677 -0.09240406006574631
v 0.5711047053337097 -0.07158542424440384 -0.18132087588310242
v 0.5671271085739136 -0.0773637592792511 -0.1980057656764984
v 0.5332287549972534 -0.06925751268863678 -0.09718149155378342
v 0.538530707359314 -0.0691961720585823 -0.11557495594024658
v 0.5284850001335144 -0.07566401362419128 -0.11645263433456421
v 0.45740172266960144 -0.11285188049077988 -0.07246798276901245
v 0.46587422490119934 -0.09804600477218628 -0.06520238518714905
v 0.43189737200737 -0.1414095163345337 -0.08316073566675186
v 0.4443877935409546 -0.12032749503850937 -0.07303542643785477
v 0.5028223395347595 -0.35080990195274353 0.09365586936473846
v 0.5068414807319641 -0.3524588346481323 0.1001451388001442
v 0.5072417855262756 -0.3419296443462372 0.08696163445711136
v 0.5215367674827576 -0.3655957579612732 0.12300552427768707
v 0.4932854473590851 -0.045653849840164185 -0.045925773680210114
v 0.47567757964134216 -0.08796278387308121 -0.05320863053202629
v 0.47498971223831177 -0.0723159983754158 -0.047603461891412735
v 0.12432389706373215 0.001146465539932251 0.1700974851846695
v 0.1231212243437767 0.010366886854171753 0.17218950390815735
v 0.1294957846403122 -0.011036552488803864 0.1541079431772232
v 0.13707983493804932 -0.012115530669689178 0.15373298525810242
v 0.13331978023052216 -0.011664379388093948 0.15152162313461304
v 0.1315736174583435 -0.01523156464099884 0.14853747189044952
v 0.1287868618965149 -0.016749341040849686 0.14736729860305786
v 0.12157858908176422 -0.019442450255155563 0.14184796810150146
v 0.12288817018270493 -0.03071644902229309 0.11040748655796051
v 0.1138218566775322 -0.023319512605667114 0.1260787397623062
v 0.11560297757387161 -0.026787620037794113 0.11450239270925522
v 0.1341623067855835 -0.04928005859255791 0.08818267285823822
v 0.1147245317697525 -0.03241352364420891 0.09472163021564484
v 0.11988811194896698 -0.038230206817388535 0.08882343769073486
v 0.1401246190071106 -0.06550410389900208 0.059086255729198456
v 0.13349664211273193 -0.05546451359987259 0.07764745503664017
v 0.13396289944648743 -0.06031788885593414 0.0642903745174408
v 0.146074116230011 -0.07203266769647598 0.050665706396102905
v 0.1546303629875183 -0.08508660644292831 0.048482611775398254
v 0.14713023602962494 -0.0634005144238472 0.03562628850340843
v 0.4274991452693939 -0.12389404326677322 -0.06912843883037567
v 0.4128696024417877 -0.14042481780052185 -0.07332532852888107
v 0.40356114506721497 -0.06599800288677216 -0.03610691428184509
v 0.4105783700942993 -0.08046603202819824 -0.04227514937520027
v 0.44328221678733826 -0.09035549312829971 -0.05444508045911789
v 0.4385644793510437 -0.10723526775836945 -0.06270039826631546
v 0.4315195381641388 -0.0814933255314827 -0.047911837697029114
v 0.13201852142810822 -0.06650510430335999 0.004651976749300957
v 0.14240732789039612 -0.06363096088171005 -0.023993488401174545
v 0.15174880623817444 -0.05100325495004654 -0.040904104709625244
v 0.14759574830532074 -0.06249309331178665 -0.044998858124017715
v 0.15324583649635315 -0.01897435635328293 -0.007153637707233429
v 0.16584527492523193 0.0 0.004208363592624664
v 0.16469740867614746 -0.01599692925810814 0.014015271328389645
v 0.13966572284698486 -0.02762509137392044 -0.04327677935361862
v 0.15219415724277496 -0.04476137086749077 -0.05079216510057449
v 0.5198485851287842 -0.0886201560497284 -0.12763738632202148
v 0.5390923023223877 -0.1028713807463646 -0.16731172800064087
v 0.541316032409668 -0.09915237128734589 -0.21207335591316223
v 0.5594748854637146 -0.08480236679315567 -0.23248693346977234
v 0.5506770610809326 -0.08751029521226883 -0.24828983843326569
v 0.5441065430641174 -0.07753826677799225 -0.11655169725418091
v 0.5627978444099426 -0.07059749960899353 -0.15210214257240295
v 0.5731119513511658 -0.0631939098238945 -0.19221864640712738
v 0.5721638202667236 -0.06488819420337677 -0.229681596159935
v 0.5745932459831238 -0.06542989611625671 -0.2133462131023407
v 0.5531890392303467 -0.06985076516866684 -0.14179949462413788
v 0.5441087484359741 -0.07270007580518723 -0.14047592878341675
v 0.45927348732948303 -0.09518356621265411 -0.05839614197611809
v 0.4539543092250824 -0.10749906301498413 -0.06662948429584503
v 0.5257408618927002 -0.38295936584472656 0.10523901879787445
v 0.5062311887741089 -0.3827212452888489 0.10630075633525848
v 0.501930296421051 -0.37281545996665955 0.1111438199877739
v 0.5209372639656067 -0.37336868047714233 0.1181788295507431
v 0.48506903648376465 -0.042923346161842346 -0.04474664852023125
v 0.4608080983161926 -0.08387594670057297 -0.05168779566884041
v 0.4581434428691864 -0.0710863322019577 -0.04956420883536339
v 0.12157806009054184 -0.007974795997142792 0.16654382646083832
v 0.11248119175434113 0.004864564165472984 0.1802745908498764
v 0.11150657385587692 -0.004675654694437981 0.177397683262825
v 0.13536642491817474 -0.012971717864274979 0.14990374445915222
v 0.12552672624588013 -0.010274779051542282 0.155414417386055
v 0.13164855539798737 -0.011031411588191986 0.14664074778556824
v 0.12650403380393982 -0.014132693409919739 0.1475825160741806
v 0.12152986973524094 -0.015899602323770523 0.14835894107818604
v 0.11046815663576126 -0.01988200470805168 0.1371803730726242
v 0.11569119244813919 -0.02937091886997223 0.1038517877459526
v 0.10382993519306183 -0.0244799442589283 0.11861948668956757
v 0.10549915581941605 -0.02721446380019188 0.10604353994131088
v 0.12508410215377808 -0.04589677229523659 0.08242345601320267
v 0.10603371262550354 -0.031041812151670456 0.09032122790813446
v 0.11091241985559464 -0.03494096174836159 0.08409934490919113
v 0.13719871640205383 -0.06485304981470108 0.05700264871120453
v 0.1268072873353958 -0.05253732204437256 0.07048764079809189
v 0.12920227646827698 -0.05917258560657501 0.05839380621910095
v 0.13893231749534607 -0.06866229325532913 0.05369758605957031
v 0.148703932762146 -0.07568769156932831 0.049590665847063065
v 0.1362490952014923 -0.05998243764042854 0.02327745035290718
v 0.1512860655784607 -0.0738900899887085 0.04609736427664757
v 0.14715011417865753 -0.0629814863204956 0.03840659558773041
v 0.41273969411849976 -0.04627452790737152 -0.03435366973280907
v 0.42033717036247253 -0.06437437236309052 -0.04079880937933922
v 0.4463633894920349 -0.08015667647123337 -0.05131109803915024
v 0.4390067458152771 -0.06422274559736252 -0.04579341784119606
v 0.12977302074432373 -0.06987978518009186 0.006784885190427303
v 0.13744887709617615 -0.06075536832213402 -0.004815364256501198
v 0.13498350977897644 -0.07392679154872894 -0.04815785586833954
v 0.1428806632757187 -0.06924985349178314 -0.0641886442899704
v 0.15182390809059143 -0.05932676047086716 -0.06194958835840225
v 0.1442885845899582 -0.0208541601896286 -0.032412923872470856
v 0.15933886170387268 -0.016319332644343376 -0.012358114123344421
v 0.16615673899650574 0.0 -0.019708476960659027
v 0.14533786475658417 -0.041116345673799515 -0.06282974779605865
v 0.1481631100177765 -0.05234040319919586 -0.07028838247060776
v 0.5346131324768066 -0.08616222441196442 -0.1396886110305786
v 0.5396175384521484 -0.0993189886212349 -0.19892293214797974
v 0.5605937838554382 -0.06766436994075775 -0.2579898238182068
v 0.5692798495292664 -0.06888112425804138 -0.25178012251853943
v 0.5758640170097351 -0.058667875826358795 -0.21024499833583832
v 0.5633000731468201 -0.06065629422664642 -0.1776377409696579
v 0.574209451675415 -0.05977504700422287 -0.2381809502840042
v 0.5752304792404175 -0.06095327436923981 -0.2310304492712021
v 0.5614410042762756 -0.06777599453926086 -0.1759810596704483
v 0.5118118524551392 -0.40663275122642517 0.1296338438987732
v 0.5108883380889893 -0.40067076683044434 0.13581255078315735
v 0.5241281986236572 -0.40965622663497925 0.12623977661132812
v 0.525395393371582 -0.4137451648712158 0.12442221492528915
v 0.46606913208961487 -0.05697663128376007 -0.04891480505466461
v 0.44523778557777405 -0.07130688428878784 -0.04870432987809181
v 0.11434444785118103 -0.00892750546336174 0.1710418164730072
v 0.09223058819770813 -0.0036775143817067146 0.19144847989082336
v 0.10251322388648987 -0.009079810231924057 0.1791822910308838
v 0.13203811645507812 -0.01352459192276001 0.1474672108888626
v 0.15256188809871674 -0.013641033321619034 0.14988787472248077
v 0.12373822182416916 -0.011093422770500183 0.15992386639118195
v 0.12953980267047882 -0.010466039180755615 0.14607682824134827
v 0.11929427087306976 -0.013627748936414719 0.15244096517562866
v 0.11103293299674988 -0.01726366952061653 0.14534565806388855
v 0.10344559699296951 -0.022156905382871628 0.13014346361160278
v 0.10666412860155106 -0.02901451289653778 0.09738760441541672
v 0.0931696966290474 -0.026399526745080948 0.10867813974618912
v 0.09892019629478455 -0.02823050320148468 0.09854984283447266
v 0.11842283606529236 -0.04338238015770912 0.07482171058654785
v 0.12220125645399094 -0.0522867813706398 0.05525066331028938
v 0.12194974720478058 -0.050275638699531555 0.06339148432016373
v 0.13036370277404785 -0.0612555593252182 0.05324272811412811
v 0.14123894274234772 -0.06999682635068893 0.05091731622815132
v 0.13646112382411957 -0.058562278747558594 0.029068008065223694
v 0.15077044069766998 -0.07797753810882568 0.050843991339206696
v 0.15065622329711914 -0.07563778012990952 0.053282421082258224
v 0.15336973965168 -0.05946588143706322 0.046325717121362686
v 0.14713378250598907 -0.06230932101607323 0.037606656551361084
v 0.4326314330101013 -0.04797253757715225 -0.0415801927447319
v 0.4436311721801758 -0.05274119973182678 -0.044949546456336975
v 0.12854734063148499 -0.06687948107719421 0.012734729796648026
v 0.12972259521484375 -0.0756380707025528 -0.007895823568105698
v 0.12591677904129028 -0.07571899890899658 -0.008993487805128098
v 0.13113048672676086 -0.07190240919589996 -0.023450305685400963
v 0.1330413818359375 -0.07600737363100052 -0.060894280672073364
v 0.14458896219730377 -0.063206247985363 -0.0748879685997963
v 0.14121046662330627 -0.0691511332988739 -0.07396199554204941
v 0.13852207362651825 -0.035611946135759354 -0.06578199565410614
v 0.1496647447347641 -0.02163633704185486 -0.03578416258096695
v 0.13938140869140625 -0.04802648350596428 -0.07261114567518234
v 0.1383945643901825 -0.05720329284667969 -0.08088821172714233
v 0.5489835143089294 -0.08882468193769455 -0.1697368174791336
v 0.5469772219657898 -0.08661200851202011 -0.22769764065742493
v 0.5701449513435364 -0.05696834623813629 -0.2592603266239166
v 0.5730201005935669 -0.06014066934585571 -0.24734744429588318
v 0.5515956282615662 -0.06851110607385635 -0.24968796968460083
v 0.5736879706382751 -0.05372304469347 -0.21126410365104675
v 0.5809763073921204 -0.05253694951534271 -0.22595621645450592
v 0.5836508870124817 -0.06447433680295944 -0.23182597756385803
v 0.5748570561408997 -0.05975829064846039 -0.23950698971748352
v 0.5648490786552429 -0.046477630734443665 -0.22898276150226593
v 0.5447360277175903 -0.06266428530216217 -0.22005729377269745
v 0.5015803575515747 -0.4383620023727417 0.13945609331130981
v 0.5033560395240784 -0.4361679255962372 0.1354106366634369
v 0.4967810809612274 -0.44027039408683777 0.1490180492401123
v 0.5036729574203491 -0.4346798062324524 0.13450747728347778
v 0.45231255888938904 -0.058097921311855316 -0.04778639227151871
v 0.11190824955701828 -0.011531699448823929 0.16875161230564117
v 0.07355045527219772 -0.00953410193324089 0.1940857470035553
v 0.09026895463466644 -0.009195161983370781 0.18369178473949432
v 0.13158318400382996 -0.011433586478233337 0.14895428717136383
v 0.1387646198272705 -0.02547670714557171 0.1385785937309265
v 0.13030239939689636 -0.0062277913093566895 0.13963502645492554
v 0.11632368713617325 -0.013333078473806381 0.1603015959262848
v 0.12561427056789398 -0.009848114103078842 0.15255722403526306
v 0.11337819695472717 -0.014622487127780914 0.15290389955043793
v 0.10143187642097473 -0.018910352140665054 0.1414380520582199
v 0.09332219511270523 -0.023326583206653595 0.12222734093666077
v 0.09884814918041229 -0.029246900230646133 0.09121251106262207
v 0.08501056581735611 -0.028766732662916183 0.09298082441091537
v 0.08214639127254486 -0.02771776169538498 0.10210378468036652
v 0.09914103150367737 -0.030381567776203156 0.08310342580080032
v 0.10699626803398132 -0.03583722934126854 0.0740726888179779
v 0.11477390676736832 -0.043624259531497955 0.06250552833080292
v 0.11817897111177444 -0.047722555696964264 0.05537330359220505
v 0.1330467313528061 -0.06261718273162842 0.05113822594285011
v 0.12230756133794785 -0.05251727253198624 0.05173627659678459
v 0.1376020610332489 -0.058685459196567535 0.026676513254642487
v 0.1378570944070816 -0.06444573402404785 0.052555494010448456
v 0.14688727259635925 -0.059904299676418304 0.05698210000991821
v 0.1613781899213791 -0.06126502901315689 0.05629143491387367
v 0.15034916996955872 -0.05289923772215843 0.041044119745492935
v 0.15956974029541016 -0.047266267240047455 0.052568789571523666
v 0.123702272772789 -0.07258971035480499 -0.0032516028732061386
v 0.12464600801467896 -0.06611500680446625 0.013744810596108437
v 0.1240488812327385 -0.07759787887334824 -0.022201327607035637
v 0.1261405050754547 -0.07768654823303223 -0.02784891612827778
v 0.12772846221923828 -0.07830866426229477 -0.045899152755737305
v 0.13328665494918823 -0.07532534003257751 -0.07231698930263519
v 0.13714821636676788 -0.07090199738740921 -0.08074363321065903
v 0.13572406768798828 -0.06427919864654541 -0.08584056794643402
v 0.13375577330589294 -0.04440329223871231 -0.07033127546310425
v 0.14213408529758453 -0.027856038883328438 -0.056676819920539856
v 0.13629736006259918 0.0038804945070296526 -0.05608131363987923
v 0.1330869048833847 -0.05442536249756813 -0.0781109631061554
v 0.1327069252729416 -0.061274975538253784 -0.08768574893474579
v 0.5612279772758484 -0.056198664009571075 -0.257946252822876
v 0.5537252426147461 -0.05134386569261551 -0.2448376715183258
v 0.571242094039917 -0.056858353316783905 -0.24453407526016235
v 0.5732506513595581 -0.04914006590843201 -0.22744888067245483
v 0.5782418251037598 -0.05537273734807968 -0.22573265433311462
v 0.5745230317115784 -0.05897921323776245 -0.23951828479766846
v 0.5781881809234619 -0.06009022891521454 -0.23064421117305756
v 0.5689610838890076 -0.04639469087123871 -0.24242717027664185
v 0.5219589471817017 -0.4056040346622467 0.11925051361322403
v 0.497379869222641 -0.46343034505844116 0.14447827637195587
v 0.4928840100765228 -0.4541333317756653 0.13431163132190704
v 0.5226969122886658 -0.4446313977241516 0.1362418234348297
v 0.48657700419425964 -0.4455496370792389 0.13630375266075134
v 0.4704527258872986 -0.4530524015426636 0.14285369217395782
v 0.10084407031536102 -0.014890730381011963 0.17049019038677216
v 0.07316257804632187 -0.006192841101437807 0.1730637103319168
v 0.07882673293352127 -0.012176742777228355 0.17501536011695862
v 0.13832780718803406 -0.02380736544728279 0.13069100677967072
v 0.1328461617231369 -0.03024086356163025 0.12638549506664276
v 0.12841947376728058 -0.03296147659420967 0.14232154190540314
v 0.10602103918790817 -0.015203837305307388 0.15938419103622437
v 0.10202348232269287 -0.017043258994817734 0.15130583941936493
v 0.09333895146846771 -0.021198302507400513 0.13381360471248627
v 0.08362129330635071 -0.024464253336191177 0.11411167681217194
v 0.09088961035013199 -0.028979402035474777 0.08483081310987473
v 0.07353392243385315 -0.0293809175491333 0.09259366244077682
v 0.07170306146144867 -0.02969646453857422 0.08520617336034775
v 0.08901172131299973 -0.028366737067699432 0.07682812213897705
v 0.09761704504489899 -0.03126074746251106 0.07340094447135925
v 0.11265718191862106 -0.04262418672442436 0.05536776781082153
v 0.10343329608440399 -0.03525489941239357 0.06305497139692307
v 0.11750762164592743 -0.046274010092020035 0.05122900754213333
v 0.12333802878856659 -0.05164462700486183 0.051601625978946686
v 0.14167745411396027 -0.053753212094306946 0.028716951608657837
v 0.13104651868343353 -0.05229059234261513 0.05404318869113922
v 0.13746272027492523 -0.04477681219577789 0.058002471923828125
v 0.15700799226760864 -0.04846777766942978 0.06186782196164131
v 0.16714119911193848 -0.03871351480484009 0.06352300941944122
v 0.15225224196910858 -0.05032510310411453 0.03861727938055992
v 0.1675967127084732 -0.028324978426098824 0.04835747554898262
v 0.12110882997512817 -0.0738825798034668 -0.015956850722432137
v 0.12256290018558502 -0.07120630890130997 -0.0008201282471418381
v 0.12495410442352295 -0.059047549962997437 0.018475810065865517
v 0.1242530420422554 -0.07905217260122299 -0.04312417656183243
v 0.12304689735174179 -0.07584594190120697 -0.03660709038376808
v 0.1275194138288498 -0.07877589762210846 -0.059725165367126465
v 0.13455328345298767 -0.07289546728134155 -0.07690662145614624
v 0.13095222413539886 -0.06365631520748138 -0.09216766059398651
v 0.13146360218524933 -0.06746689975261688 -0.09108710289001465
v 0.13094846904277802 -0.050945039838552475 -0.07263384759426117
v 0.13752110302448273 -0.03588557988405228 -0.06482476741075516
v 0.13038022816181183 -0.058424532413482666 -0.08515653759241104
v 0.1281965672969818 -0.060808323323726654 -0.09307224303483963
v 0.5631561875343323 -0.04621163755655289 -0.24906618893146515
v 0.5664379000663757 -0.05149327963590622 -0.2563575804233551
v 0.5739246606826782 -0.05511561781167984 -0.23409044742584229
v 0.5705169439315796 -0.05288667976856232 -0.2460077702999115
v 0.4843302369117737 -0.4591538608074188 0.15411506593227386
v 0.4998199939727783 -0.44318827986717224 0.14096468687057495
v 0.49610981345176697 -0.45736637711524963 0.12657047808170319
v 0.45316654443740845 -0.42987295985221863 0.13623133301734924
v 0.4713107645511627 -0.45280060172080994 0.1289779245853424
v 0.08522801101207733 -0.015026401728391647 0.1678878664970398
v 0.06619434058666229 -0.0038373051211237907 0.1603223830461502
v 0.07072179019451141 -0.01003955490887165 0.1621672362089157
v 0.13141557574272156 -0.028796423226594925 0.1373271346092224
v 0.12984223663806915 -0.03901459276676178 0.1377207338809967
v 0.09345224499702454 -0.016278890892863274 0.15920385718345642
v 0.08961941301822662 -0.01913519576191902 0.14504796266555786
v 0.08283036947250366 -0.020794827491044998 0.12863218784332275
v 0.07378947734832764 -0.025974851101636887 0.10286103188991547
v 0.07992434501647949 -0.02854026108980179 0.081529900431633
v 0.06079096347093582 -0.029973212629556656 0.07808499038219452
v 0.06346452981233597 -0.02923876792192459 0.08513175696134567
v 0.07631543278694153 -0.027240488678216934 0.07141050696372986
v 0.08824915438890457 -0.02783876657485962 0.0647224485874176
v 0.1014198586344719 -0.03319503366947174 0.05296799913048744
v 0.13393351435661316 -0.054771002382040024 0.022771578282117844
v 0.11436619609594345 -0.03833422064781189 0.05066844820976257
v 0.12832175195217133 -0.029381703585386276 0.05708939954638481
v 0.1476116180419922 -0.03374810889363289 0.06272851675748825
v 0.16207891702651978 -0.02991269901394844 0.06693806499242783
v 0.17567749321460724 -0.021316848695278168 0.06186956912279129
v 0.1564006805419922 -0.0346171036362648 0.03414714336395264
v 0.14915338158607483 -0.04487943649291992 0.032031089067459106
v 0.11769285798072815 -0.06709407269954681 -0.011873874813318253
v 0.11931808292865753 -0.06910709291696548 -0.029818899929523468
v 0.11552713811397552 -0.06406845152378082 0.003049153834581375
v 0.12268134206533432 -0.07098333537578583 -0.04743518307805061
v 0.12381228804588318 -0.07726193964481354 -0.05486862733960152
v 0.1274791657924652 -0.07749833166599274 -0.07061715424060822
v 0.12852290272712708 -0.07398191094398499 -0.0871865376830101
v 0.12499312311410904 -0.06311924010515213 -0.10257025063037872
v 0.12301028519868851 -0.0707779973745346 -0.10021160542964935
v 0.12534883618354797 -0.05480039492249489 -0.08038247376680374
v 0.12854501605033875 -0.04578699916601181 -0.07171273976564407
v 0.1101403683423996 0.00651590246707201 -0.07018043845891953
v 0.12297274172306061 -0.05625265836715698 -0.09051812440156937
v 0.12226201593875885 -0.05829010531306267 -0.0995081216096878
v 0.5788431167602539 -0.06488759815692902 -0.22949206829071045
v 0.4824584722518921 -0.439126580953598 0.15759722888469696
v 0.49259960651397705 -0.4170598089694977 0.14248237013816833
v 0.4978724420070648 -0.4292924702167511 0.1213187649846077
v 0.48516845703125 -0.44075876474380493 0.10876885801553726
v 0.45195212960243225 -0.42280319333076477 0.11769163608551025
v 0.07580076158046722 -0.012853138148784637 0.16125120222568512
v 0.06381252408027649 0.00027717743068933487 0.15012410283088684
v 0.06628362834453583 -0.006501561962068081 0.1535845398902893
v 0.08201393485069275 -0.017381543293595314 0.1536279171705246
v 0.07904352992773056 -0.01752634160220623 0.14068162441253662
v 0.07362627238035202 -0.02194264531135559 0.11360658705234528
v 0.06499333679676056 -0.027867738157510757 0.09248783439397812
v 0.06763618439435959 -0.02896052598953247 0.07599377632141113
v 0.054361842572689056 -0.02983686327934265 0.0769764855504036
v 0.05307728797197342 -0.030265212059020996 0.07435018569231033
v 0.07384178787469864 -0.02559025213122368 0.06278520077466965
v 0.06069372594356537 -0.027084749191999435 0.06781738251447678
v 0.10716226696968079 -0.0361722931265831 0.05015149340033531
v 0.08406050503253937 -0.024767160415649414 0.051095861941576004
v 0.09519561380147934 -0.02844303287565708 0.04435814172029495
v 0.10483472794294357 -0.023380190134048462 0.04548509418964386
v 0.14136171340942383 -0.017205307260155678 0.0609075129032135
v 0.15342804789543152 -0.021240826696157455 0.06566817313432693
v 0.1719752550125122 -0.017014741897583008 0.0683891624212265
v 0.1612684577703476 -0.009269777685403824 0.03202272579073906
v 0.14807389676570892 -0.017332879826426506 0.01835484802722931
v 0.13926741480827332 -0.03772105276584625 0.01842956803739071
v 0.1173463761806488 -0.06215789169073105 -0.025602512061595917
v 0.11672834306955338 -0.05894433706998825 -0.014939667657017708
v 0.11699356138706207 -0.0568513348698616 0.00821749959141016
v 0.11603845655918121 -0.06600767374038696 -0.05483374744653702
v 0.12046895921230316 -0.07393154501914978 -0.06966643035411835
v 0.12148472666740417 -0.07598643004894257 -0.08183672279119492
v 0.11838588118553162 -0.07457424700260162 -0.09400380402803421
v 0.11558898538351059 -0.07211142778396606 -0.10347554087638855
v 0.11614222824573517 -0.0649188756942749 -0.11184194684028625
v 0.12124516069889069 -0.05059794709086418 -0.07613924145698547
v 0.11888441443443298 -0.05269991233944893 -0.0831913948059082
v 0.11494308710098267 -0.04489070549607277 -0.06735608726739883
v 0.11616429686546326 -0.053142134100198746 -0.09714248031377792
v 0.11558373272418976 -0.05635756999254227 -0.10785915702581406
v 0.4815979301929474 -0.3967161178588867 0.1396784633398056
v 0.4794464111328125 -0.39478132128715515 0.11375480890274048
v 0.42931243777275085 -0.38250479102134705 0.1384437084197998
v 0.48316705226898193 -0.4168745279312134 0.10466548800468445
v 0.43667036294937134 -0.38401779532432556 0.09877723455429077
v 0.07013238966464996 -0.010739518329501152 0.15017321705818176
v 0.06124674156308174 0.0041746776551008224 0.13859370350837708
v 0.06149566173553467 -0.004044225439429283 0.13774622976779938
v 0.07579684257507324 -0.014556586742401123 0.14956878125667572
v 0.071617491543293 -0.018767712637782097 0.12525133788585663
v 0.0642654076218605 -0.022619955241680145 0.10061521083116531
v 0.055239174515008926 -0.027955222874879837 0.08285894244909286
v 0.056090254336595535 -0.02981283888220787 0.07326443493366241
v 0.04774255305528641 -0.030504725873470306 0.07329443842172623
v 0.047475993633270264 -0.031107936054468155 0.07173609733581543
v 0.04676804319024086 -0.028002507984638214 0.06320424377918243
v 0.05539153143763542 -0.02609064429998398 0.05685095861554146
v 0.08945929259061813 -0.029636478051543236 0.04534777253866196
v 0.05717875435948372 -0.026896648108959198 0.04685187712311745
v 0.07600519806146622 -0.025582900270819664 0.03618106245994568
v 0.08506996184587479 -0.018276574090123177 0.03537062183022499
v 0.12379515171051025 -0.0073994230479002 0.05314408987760544
v 0.14375987648963928 -0.008220182731747627 0.0639260932803154
v 0.15883152186870575 -0.012849895283579826 0.0691262036561966
v 0.13709639012813568 0.00037383189192041755 0.0035866345278918743
v 0.12436395138502121 -0.021340899169445038 -0.0036056009121239185
v 0.11630753427743912 -0.06109073758125305 -0.038132891058921814
v 0.11564324796199799 -0.057550083845853806 -0.008240081369876862
v 0.12139751017093658 -0.047589011490345 0.005215262994170189
v 0.11660168319940567 -0.054970577359199524 -0.007867837324738503
v 0.11368405818939209 -0.059898242354393005 -0.04711906984448433
v 0.11096728593111038 -0.06300044059753418 -0.05823500081896782
v 0.11287859827280045 -0.06981204450130463 -0.07330842316150665
v 0.11352051049470901 -0.07452525943517685 -0.08464406430721283
v 0.10743497312068939 -0.0696370005607605 -0.11069346964359283
v 0.10721299797296524 -0.06295851618051529 -0.11358039826154709
v 0.11404016613960266 -0.05160512402653694 -0.07299721240997314
v 0.11063084006309509 -0.05209890753030777 -0.08876381069421768
v 0.11362946033477783 -0.04961162060499191 -0.06392717361450195
v 0.10752708464860916 -0.052041858434677124 -0.10237199068069458
v 0.10627910494804382 -0.05361711606383324 -0.1135488972067833
v 0.4536140263080597 -0.3811095356941223 0.12723258137702942
v 0.4587843120098114 -0.3794892132282257 0.11667446792125702
v 0.4747180938720703 -0.38164472579956055 0.10617026686668396
v 0.46837446093559265 -0.38286927342414856 0.10971727967262268
v 0.06461605429649353 -0.009406143799424171 0.13483867049217224
v 0.05881881341338158 0.002919219434261322 0.12501659989356995
v 0.05921532213687897 -0.002850424498319626 0.11948789656162262
v 0.07079414278268814 -0.01467311754822731 0.13803566992282867
v 0.06395439058542252 -0.0187180507928133 0.10982809960842133
v 0.055147845298051834 -0.022935401648283005 0.0891173928976059
v 0.04590945690870285 -0.029415912926197052 0.0730431079864502
v 0.0478627011179924 -0.029846210032701492 0.0682695135474205
v 0.04009385406970978 -0.031938888132572174 0.07015600800514221
v 0.03806906193494797 -0.03303993493318558 0.06869158148765564
v 0.03646503761410713 -0.029203061014413834 0.05468199774622917
v 0.039184294641017914 -0.029576659202575684 0.04701743274927139
v 0.06506719440221786 -0.026862680912017822 0.04055485129356384
v 0.043424613773822784 -0.029980141669511795 0.03732025623321533
v 0.058844711631536484 -0.02744961529970169 0.02908019721508026
v 0.0612185001373291 -0.02180912345647812 0.022409988567233086
v 0.0968305766582489 -0.00729057751595974 0.03708430752158165
v 0.13243308663368225 0.0036367159336805344 0.059378206729888916
v 0.1486624777317047 0.00019576586782932281 0.06713411211967468
v 0.12176253646612167 -0.04433896765112877 -0.011279072612524033
v 0.11657711863517761 -0.056163933128118515 -0.02987031452357769
v 0.11755053699016571 -0.051943354308605194 -0.02402614802122116
v 0.11845463514328003 -0.051700420677661896 -0.011935396119952202
v 0.1155114620923996 -0.05573619529604912 -0.03830965608358383
v 0.1118398979306221 -0.05752566456794739 -0.049117378890514374
v 0.10834396630525589 -0.06350447982549667 -0.062015920877456665
v 0.09737855941057205 -0.07123862951993942 -0.08028791099786758
v 0.10403111577033997 -0.0758664608001709 -0.08970697969198227
v 0.10702401399612427 -0.07726641744375229 -0.09901905804872513
v 0.10151995718479156 -0.06906260550022125 -0.1125466525554657
v 0.10306490957736969 -0.05994126945734024 -0.1131642684340477
v 0.11122944951057434 -0.05186842381954193 -0.07623542845249176
v 0.10779038816690445 -0.05227164924144745 -0.08944906294345856
v 0.1140456348657608 -0.05062279850244522 -0.06577609479427338
v 0.11490758508443832 -0.04765192046761513 -0.05654549598693848
v 0.11612658947706223 -0.039957091212272644 -0.052417777478694916
v 0.10450125485658646 -0.04936664551496506 -0.10325086861848831
v 0.10282619297504425 -0.05521896481513977 -0.11093192547559738
v 0.46748092770576477 -0.37553685903549194 0.11708652973175049
v 0.46492165327072144 -0.3772929310798645 0.11651363968849182
v 0.4942436218261719 -0.38030093908309937 0.10489317774772644
v 0.4887174665927887 -0.38761386275291443 0.10396119952201843
v 0.060382816940546036 -0.007518470287322998 0.12180322408676147
v 0.06411850452423096 -0.013698175549507141 0.12250728905200958
v 0.05519169569015503 -0.01835954561829567 0.09606999158859253
v 0.04596155881881714 -0.023777317255735397 0.07955647259950638
v 0.03284747526049614 -0.030239634215831757 0.07073283195495605
v 0.036629341542720795 -0.030980050563812256 0.0627448707818985
v 0.027936797589063644 -0.035102590918540955 0.06738100945949554
v 0.025173500180244446 -0.03544297441840172 0.06046842038631439
v 0.022995129227638245 -0.03212127834558487 0.04707474261522293
v 0.019932184368371964 -0.034835971891880035 0.03430836647748947
v 0.0462595596909523 -0.030741147696971893 0.028730735182762146
v 0.03056439571082592 -0.033773183822631836 0.026998396962881088
v 0.04401016607880592 -0.029038041830062866 0.017785392701625824
v 0.03666596859693527 -0.023946594446897507 0.006031785160303116
v 0.07224360853433609 -0.007394904270768166 0.02291812002658844
v 0.11056201905012131 0.0056867459788918495 0.04377490282058716
v 0.11742820590734482 -0.018696071580052376 -0.022240877151489258
v 0.11830726265907288 -0.056321922689676285 -0.0186169371008873
v 0.1184224784374237 -0.054106585681438446 -0.034697093069553375
v 0.11625730246305466 -0.05786509811878204 -0.019006645306944847
v 0.11794297397136688 -0.04234643280506134 -0.029249053448438644
v 0.11482977867126465 -0.054088294506073 -0.04269089922308922
v 0.109377421438694 -0.05563865974545479 -0.05396832898259163
v 0.10002458095550537 -0.0689777135848999 -0.08073443174362183
v 0.0960269644856453 -0.07214988768100739 -0.0959603488445282
v 0.09618543833494186 -0.07845287770032883 -0.10487482696771622
v 0.09987664222717285 -0.07266785204410553 -0.11152777075767517
v 0.09792967885732651 -0.07131418585777283 -0.10880205780267715
v 0.09932799637317657 -0.06430847197771072 -0.11002287268638611
v 0.10474581271409988 -0.04960824176669121 -0.09470238536596298
v 0.1103527694940567 -0.05162753909826279 -0.07614191621541977
v 0.1146339401602745 -0.050467219203710556 -0.06256615370512009
v 0.11452226340770721 -0.051777999848127365 -0.035827189683914185
v 0.11448998004198074 -0.05307933688163757 -0.04627901688218117
v 0.10305383801460266 -0.051147058606147766 -0.10683707147836685
v 0.1004064753651619 -0.058884765952825546 -0.10898831486701965
v 0.504116415977478 -0.3828556537628174 0.09693989157676697
v 0.48561540246009827 -0.3760800361633301 0.10599419474601746
v 0.5131147503852844 -0.3914834260940552 0.08910560607910156
v 0.5089666247367859 -0.40433478355407715 0.07415406405925751
v 0.053544364869594574 0.003031625412404537 0.10856058448553085
v 0.05705101788043976 -0.012006981298327446 0.10685313493013382
v 0.046906016767024994 -0.018325354903936386 0.08472706377506256
v 0.0368456169962883 -0.02504650130867958 0.07503486424684525
v 0.02123323641717434 -0.03365761786699295 0.06875162571668625
v 0.022931788116693497 -0.03313509374856949 0.05532534420490265
v 0.012814385816454887 -0.03932797163724899 0.06189064681529999
v 0.005335420835763216 -0.037906453013420105 0.05446111410856247
v -0.004866708070039749 -0.03953959047794342 0.02616363763809204
v 0.00331319123506546 -0.03622167184948921 0.04106160253286362
v 0.02992178313434124 -0.03442288935184479 0.01726793311536312
v 0.00876675732433796 -0.039701201021671295 0.017704127356410027
v 0.02483985386788845 -0.032196320593357086 0.005334500689059496
v 0.01866464875638485 -0.026467537507414818 -0.005262624938040972
v 0.046086836606264114 -0.011745685711503029 0.007408478297293186
v 0.08360345661640167 0.0052732136100530624 0.023921258747577667
v 0.11984559893608093 -0.0548599436879158 -0.03171854466199875
v 0.11782383918762207 -0.05427857115864754 -0.039955299347639084
v 0.11838670074939728 -0.054574184119701385 -0.03180099278688431
v 0.10795183479785919 0.004163638222962618 -0.04119102284312248
v 0.11368773877620697 -0.0526995025575161 -0.04633349925279617
v 0.10396774113178253 -0.059792712330818176 -0.06830021739006042
v 0.0964297205209732 -0.073927141726017 -0.09984437376260757
v 0.09675069153308868 -0.0697740763425827 -0.09560387581586838
v 0.09015897661447525 -0.07617583125829697 -0.1000724583864212
v 0.08344411849975586 -0.07941216230392456 -0.09031341224908829
v 0.10090119391679764 -0.07127124071121216 -0.10921813547611237
v 0.09872208535671234 -0.07550262659788132 -0.10946197807788849
v 0.09742307662963867 -0.07518251240253448 -0.10448887199163437
v 0.09739180654287338 -0.06978382170200348 -0.10486362874507904
v 0.1037999764084816 -0.04975251480937004 -0.09973140805959702
v 0.10719321668148041 -0.05061017721891403 -0.08697789907455444
v 0.11219311505556107 -0.049620628356933594 -0.06815242022275925
v 0.1142396628856659 -0.05242887884378433 -0.05636967346072197
v 0.09998445212841034 -0.05479380860924721 -0.10588913410902023
v 0.09750736504793167 -0.061165738850831985 -0.10425189137458801
v 0.5249569416046143 -0.38066402077674866 0.08019466698169708
v 0.532409131526947 -0.3661535680294037 0.11561989784240723
v 0.5468021631240845 -0.38988733291625977 0.06439515948295593
v 0.5366556644439697 -0.3983103632926941 0.07311117649078369
v 0.04653855785727501 0.0005064196884632111 0.09546241164207458
v 0.03402286395430565 0.0 0.0879744440317154
v 0.05167192965745926 -0.005866609513759613 0.10390579700469971
v 0.046747833490371704 -0.011907296255230904 0.09107490628957748
v 0.03960683196783066 -0.020752443000674248 0.0779237300157547
v 0.027485515922307968 -0.027063854038715363 0.07351456582546234
v 0.007233710959553719 -0.03835482895374298 0.06820306181907654
v 0.00955420732498169 -0.03544493019580841 0.05033210664987564
v -0.0028763399459421635 -0.04287601634860039 0.05728017911314964
v -0.011510469019412994 -0.04222754389047623 0.05384787172079086
v -0.018281403928995132 -0.04026087000966072 0.03520785644650459
v -0.022210372611880302 -0.04290331155061722 0.021365845575928688
v 0.012865636497735977 -0.03598003834486008 0.005900002084672451
v -0.018290048465132713 -0.04308788478374481 0.012232455424964428
v 0.006562294438481331 -0.0339733362197876 -0.006092621944844723
v 0.004447411745786667 -0.02555880881845951 -0.015879686921834946
v 0.021678972989320755 -0.015728484839200974 -0.008216212503612041
v 0.0578618124127388 0.004637783393263817 0.00598563626408577
v 0.11773647367954254 -0.05413409322500229 -0.0402597114443779
v 0.11625256389379501 -0.0532497800886631 -0.045665591955184937
v 0.10818785429000854 -0.05405385047197342 -0.058732375502586365
v 0.09720209240913391 -0.06336358934640884 -0.08621734380722046
v 0.09362060576677322 -0.08597511053085327 -0.10263128578662872
v 0.0974917933344841 -0.07301487028598785 -0.1010187566280365
v 0.09495329856872559 -0.08128897845745087 -0.10255589336156845
v 0.08400516211986542 -0.10655281692743301 -0.08904190361499786
v 0.08724086731672287 -0.10341840982437134 -0.07846236228942871
v 0.10297270119190216 -0.08069519698619843 -0.10026630014181137
v 0.10607144236564636 -0.07782420516014099 -0.10551627725362778
v 0.10330893099308014 -0.08065912127494812 -0.1089843213558197
v 0.09651597589254379 -0.0783906877040863 -0.10655465722084045
v 0.0960223376750946 -0.06640741229057312 -0.09901469945907593
v 0.10081882774829865 -0.05127039551734924 -0.0992676392197609
v 0.10390889644622803 -0.048853665590286255 -0.09098726511001587
v 0.10802201181650162 -0.04989372566342354 -0.08016367256641388
v 0.11237353831529617 -0.05178593099117279 -0.058435216546058655
v 0.098732128739357 -0.05403885990381241 -0.09811346232891083
v 0.09633033722639084 -0.05790652707219124 -0.09386880695819855
v 0.5204814672470093 -0.35380804538726807 0.05485798418521881
v 0.5420612692832947 -0.38077235221862793 0.07869333028793335
v 0.583470344543457 -0.385982483625412 0.058567047119140625
v 0.565324068069458 -0.3948756158351898 0.06334564089775085
v 0.035469524562358856 -0.0044868104159832 0.08707655221223831
v 0.04416009783744812 -0.006700541824102402 0.0912601500749588
v 0.03916432708501816 -0.015824032947421074 0.08133222162723541
v 0.03179536387324333 -0.02095644548535347 0.07729930430650711
v 0.014675367623567581 -0.03242203965783119 0.07099279016256332
v -0.005890125408768654 -0.043996840715408325 0.06431747227907181
v -0.01066000759601593 -0.03866180032491684 0.048648811876773834
v -0.020055027678608894 -0.04804939776659012 0.05784249305725098
v -0.023700933903455734 -0.04577460139989853 0.050973016768693924
v -0.03765483945608139 -0.047452665865421295 0.024833479896187782
v -0.03823649510741234 -0.04541170597076416 0.008801710791885853
v -0.009909356012940407 -0.04073895514011383 -0.0017011146992444992
v -0.037500008940696716 -0.04287976399064064 -0.0053551532328128815
v -0.013993494212627411 -0.03401588648557663 -0.01884995773434639
v -0.016331594437360764 -0.021775830537080765 -0.0274704247713089
v 0.005376849323511124 -0.012527978047728539 -0.020497918128967285
v 0.027171263471245766 -0.00340903177857399 -0.009186914190649986
v 0.06862856447696686 0.0 0.012362073175609112
v 0.11332087218761444 -0.051847755908966064 -0.05106312781572342
v 0.10858885943889618 -0.05216963216662407 -0.06451495736837387
v 0.1010289415717125 -0.056040067225694656 -0.0767071321606636
v 0.09671036899089813 -0.0921565592288971 -0.10880585014820099
v 0.09365857392549515 -0.10418063402175903 -0.10497163236141205
v 0.09426461160182953 -0.12711083889007568 -0.07156556844711304
v 0.09594524651765823 -0.12827743589878082 -0.0845300704240799
v 0.08986961096525192 -0.09765727818012238 -0.08325938880443573
v 0.10885536670684814 -0.08871482312679291 -0.09382230043411255
v 0.1103556901216507 -0.08911760151386261 -0.10492593795061111
v 0.1027504950761795 -0.08421745151281357 -0.11003340780735016
v 0.10152718424797058 -0.0511631965637207 -0.09245488047599792
v 0.10394631326198578 -0.05004057660698891 -0.08347943425178528
v 0.10873624682426453 -0.05018020048737526 -0.07340320944786072
v 0.09980899840593338 -0.052760470658540726 -0.08818311244249344
v 0.5644052624702454 -0.37286683917045593 0.04863095283508301
v 0.5692796111106873 -0.39387401938438416 0.07053208351135254
v 0.5971804857254028 -0.3987521231174469 0.06275749206542969
v 0.6052933931350708 -0.38902682065963745 0.06526672840118408
v 0.025220703333616257 -0.0015427777543663979 0.0908018946647644
v 0.03846510127186775 -0.011548882350325584 0.08314186334609985
v 0.028706172481179237 -0.015097158029675484 0.08206269890069962
v 0.021321220323443413 -0.021753495559096336 0.0812806487083435
v -0.004476979374885559 -0.04161778837442398 0.07328823953866959
v -0.02089839056134224 -0.04901852458715439 0.06653261184692383
v -0.03331722691655159 -0.04711674526333809 0.04096152260899544
v -0.03931539133191109 -0.055167216807603836 0.060481466352939606
v -0.04088350012898445 -0.05561826378107071 0.049105286598205566
v -0.05452496558427811 -0.052665915340185165 0.00761644821614027
v -0.03271110728383064 -0.05734911188483238 -0.01482230145484209
v -0.03568119928240776 -0.037741344422101974 -0.01901497319340706
v -0.025574440136551857 -0.05609145760536194 -0.02464418113231659
v -0.04158191382884979 -0.01219391729682684 -0.038629885762929916
v -0.03663797676563263 -0.02667960524559021 -0.03079995885491371
v -0.018558455631136894 -0.007827136665582657 -0.03287065029144287
v 0.003841850906610489 0.001864321529865265 -0.025341041386127472
v 0.030176294967532158 0.0 -0.011380072683095932
v 0.10321758687496185 -0.0513094887137413 -0.07663362473249435
v 0.10430324077606201 -0.10824166983366013 -0.10900352895259857
v 0.09988506138324738 -0.12021943926811218 -0.10068018734455109
v 0.09837246686220169 -0.11685184389352798 -0.06904716789722443
v 0.10443218797445297 -0.14434389770030975 -0.07158152014017105
v 0.10832235962152481 -0.14670011401176453 -0.055010177195072174
v 0.10986737906932831 -0.11073470860719681 -0.07184334099292755
v 0.12308516353368759 -0.10471323877573013 -0.08957084268331528
v 0.10811959207057953 -0.09832650423049927 -0.11109253019094467
v 0.10652941465377808 -0.09072500467300415 -0.11005523800849915
v 0.6032095551490784 -0.369585782289505 0.051324427127838135
v 0.5970681309700012 -0.38459670543670654 0.04425939917564392
v 0.010896939784288406 -0.0074686044827103615 0.09675772488117218
v 0.030126530677080154 -0.00870760902762413 0.08400453627109528
v 0.023894578218460083 -0.018760960549116135 0.08583161234855652
v 0.0044406987726688385 -0.03034178726375103 0.08276446163654327
v -0.02208804525434971 -0.049144238233566284 0.07507118582725525
v -0.03726736083626747 -0.05411427468061447 0.07083649933338165
v -0.0524112805724144 -0.05607328936457634 0.035924725234508514
v -0.05551549792289734 -0.06267489492893219 0.05174872651696205
v -0.06491243839263916 -0.06375691294670105 0.039071641862392426
v -0.05277920514345169 -0.054031819105148315 0.02420021779835224
v -0.02393343299627304 -0.06767904758453369 -0.03353779390454292
v -0.03335686773061752 -0.06660975515842438 -0.012060417793691158
v -0.028468158096075058 -0.0465812161564827 -0.032206494361162186
v -0.012744850479066372 -0.067072294652462 -0.034208882600069046
v -0.039896875619888306 -0.005538925528526306 -0.03915036842226982
v -0.0516204759478569 -0.02500738762319088 -0.04047632962465286
v -0.06139657646417618 -0.010999035090208054 -0.04692475497722626
v -0.014565354213118553 0.006494681350886822 -0.03396647423505783
v -0.0009262338280677795 0.0 -0.030139178037643433
v 0.11467311531305313 -0.12262143194675446 -0.10546161234378815
v 0.10887397825717926 -0.14147844910621643 -0.0868513211607933
v 0.11454981565475464 -0.15694157779216766 -0.05699487775564194
v 0.12157133966684341 -0.16138003766536713 -0.04200294241309166
v 0.14010542631149292 -0.12473686039447784 -0.08497607707977295
v 0.1315942108631134 -0.12714406847953796 -0.06300897896289825
v 0.1238313764333725 -0.10767161846160889 -0.10715572535991669
v 0.11670054495334625 -0.11366167664527893 -0.10892278701066971
v 0.6259047389030457 -0.36266767978668213 0.06718423962593079
v 0.623089075088501 -0.3700219690799713 0.03679719567298889
v 0.6241787075996399 -0.4315813183784485 0.07428839802742004
v 0.6149281859397888 -0.39269688725471497 0.04045236110687256
v 0.02152290567755699 -0.011330578476190567 0.08927614986896515
v -0.010629415512084961 -0.01063340064138174 0.10821712762117386
v 0.00924495980143547 -0.02452080510556698 0.0934080183506012
v 0.012142371386289597 -0.024040881544351578 0.08971448242664337
v -0.013102039694786072 -0.04477814584970474 0.08489486575126648
v -0.033034466207027435 -0.05151376500725746 0.0829889178276062
v -0.05273717641830444 -0.059464894235134125 0.0797567218542099
v -0.055618926882743835 -0.06245278939604759 0.0638115406036377
v -0.0682675689458847 -0.062427960336208344 0.025002410635352135
v -0.07815314829349518 -0.0725056380033493 0.04630166292190552
v -0.08303707838058472 -0.07172608375549316 0.025966206565499306
v -0.07456980645656586 -0.05848986655473709 0.010453429073095322
v -0.03369135409593582 -0.07344351708889008 -0.0372832752764225
v -0.03370104357600212 -0.06923402845859528 -0.026175757870078087
v -0.009044148959219456 -0.061277225613594055 -0.036073531955480576
v -0.022165989503264427 -0.07096341997385025 -0.040889665484428406
v -0.061355337500572205 -0.002943318337202072 -0.04798639938235283
v -0.036310434341430664 0.0013449322432279587 -0.03796859458088875
v -0.011389652267098427 -0.05279869958758354 -0.038212407380342484
v -0.037182193249464035 -0.03219080716371536 -0.0431528203189373
v -0.01224450208246708 0.0 -0.035904109477996826
v 0.11687727272510529 -0.13445910811424255 -0.0979628711938858
v 0.11602803319692612 -0.15713757276535034 -0.0693628340959549
v 0.11457139998674393 -0.1300525665283203 -0.05558239668607712
v 0.12213610857725143 -0.15025930106639862 -0.04236052930355072
v 0.10472646355628967 -0.13515141606330872 -0.05851779505610466
v 0.140371635556221 -0.1323496699333191 -0.09367547929286957
v 0.14168120920658112 -0.14661066234111786 -0.05015498399734497
v 0.1484667807817459 -0.14291192591190338 -0.06259696185588837
v 0.13000085949897766 -0.13075760006904602 -0.10280060768127441
v 0.6124907732009888 -0.3672822117805481 0.05761626362800598
v 0.6149152517318726 -0.3588799238204956 0.03937825560569763
v 0.6167919039726257 -0.38936495780944824 0.019022136926651
v 0.6193608641624451 -0.3874785304069519 0.045677393674850464
v 0.003024239558726549 -0.01586991734802723 0.09832150489091873
v -0.036705054342746735 -0.012345433235168457 0.1257532238960266
v -0.0094536654651165 -0.03710488975048065 0.10069454461336136
v -0.004288766533136368 -0.03578472137451172 0.09286720305681229
v -0.025583472102880478 -0.04743187874555588 0.09240283071994781
v -0.04476097226142883 -0.05700579658150673 0.08986591547727585
v -0.07107602059841156 -0.06664975732564926 0.0830310508608818
v -0.07652298361063004 -0.07096893340349197 0.06512512266635895
v -0.08640846610069275 -0.06626161932945251 0.014228090643882751
v -0.10382978618144989 -0.07978599518537521 0.025837618857622147
v -0.10189960896968842 -0.08137492835521698 0.04621068388223648
v -0.056311655789613724 -0.06916754692792892 -0.0008634342812001705
v -0.03176949918270111 -0.07587367296218872 -0.0449199303984642
v -0.021051686257123947 -0.07534079998731613 -0.04729001224040985
v -0.07691208273172379 -0.006615016609430313 -0.05476882681250572
v -0.05308720842003822 0.0023301560431718826 -0.04365641623735428
v -0.02172011509537697 0.0 -0.040867049247026443
v 0.0011714864522218704 -0.05912667140364647 -0.04123549535870552
v -0.00345523189753294 -0.04694676026701927 -0.04533125460147858
v 0.12809151411056519 -0.1523352861404419 -0.08589090406894684
v 0.13037070631980896 -0.1681482046842575 -0.06088734045624733
v 0.12222398817539215 -0.16697028279304504 -0.048650044947862625
v 0.13255716860294342 -0.14686618745326996 -0.044928379356861115
v 0.1261274367570877 -0.16758675873279572 -0.03469240292906761
v 0.1285824477672577 -0.1618369221687317 -0.0323636457324028
v 0.1506892591714859 -0.14450626075267792 -0.07570333778858185
v 0.14008916914463043 -0.15672065317630768 -0.03891359269618988
v 0.14745435118675232 -0.15401485562324524 -0.04846573621034622
v 0.14450162649154663 -0.14773425459861755 -0.08441882580518723
v 0.6315197944641113 -0.3710400462150574 0.0472988486289978
v 0.6297864317893982 -0.36678653955459595 0.045992374420166016
v 0.628741443157196 -0.3800045847892761 0.035666704177856445
v 0.630484938621521 -0.37742775678634644 0.043053001165390015
v -0.02374332770705223 -0.026497280225157738 0.11780228465795517
v -0.059374064207077026 -0.020646464079618454 0.1305142194032669
v -0.026946086436510086 -0.045777712017297745 0.10994953662157059
v -0.022098951041698456 -0.045668575912714005 0.1001724824309349
v -0.035945065319538116 -0.053237415850162506 0.09853138774633408
v -0.06710456311702728 -0.06638502329587936 0.09045621752738953
v -0.09417596459388733 -0.07444193214178085 0.07678230106830597
v -0.10007916390895844 -0.07894913107156754 0.06390614807605743
v -0.10433601588010788 -0.07114262878894806 0.006110055837780237
v -0.12685498595237732 -0.08625459671020508 0.04327034950256348
v -0.12644581496715546 -0.08501623570919037 0.024095239117741585
v -0.07349442690610886 -0.0653517097234726 -0.01683829352259636
v -0.05012780800461769 -0.07065799832344055 -0.03173604607582092
v -0.004347928799688816 -0.06471111625432968 -0.04324127361178398
v -0.04384986311197281 -0.07562875747680664 -0.044791337102651596
v -0.02965252846479416 -0.08006937801837921 -0.05155743286013603
v -0.019122403115034103 -0.08338391035795212 -0.05851535499095917
v -0.01351203303784132 -0.0704176276922226 -0.041507311165332794
v -0.00839562714099884 -0.07218559831380844 -0.051449500024318695
v -0.07717297226190567 -0.0032557835802435875 -0.05054907128214836
v -0.04217362403869629 -0.0252612866461277 -0.05156152322888374
v -0.06588674336671829 0.0 -0.043822627514600754
v 0.007790521718561649 -0.055812735110521317 -0.05606842413544655
v 0.0069730887189507484 -0.042912621051073074 -0.053923700004816055
v 0.1439373940229416 -0.16375645995140076 -0.0666898861527443
v 0.1363581269979477 -0.17682595551013947 -0.04550174996256828
v 0.12904521822929382 -0.17260293662548065 -0.040446024388074875
v 0.13504905998706818 -0.15806633234024048 -0.03347022086381912
v 0.12831196188926697 -0.1711040735244751 -0.026726827025413513
v 0.12997792661190033 -0.16716095805168152 -0.022754155099391937
v 0.15357227623462677 -0.15545208752155304 -0.05785536766052246
v 0.15283487737178802 -0.1583792120218277 -0.06465655565261841
v 0.6467919945716858 -0.3822214603424072 0.046599507331848145
v 0.6489734649658203 -0.3704460859298706 0.05186706781387329
v 0.6468967199325562 -0.3938634991645813 0.02776375412940979
v 0.6473300457000732 -0.37757155299186707 0.041594117879867554
v -0.04850985109806061 -0.032771505415439606 0.12886473536491394
v -0.07378072291612625 -0.017762605100870132 0.1326175183057785
v -0.013162657618522644 -0.03225315362215042 0.10849720239639282
v -0.04069427400827408 -0.0435967743396759 0.12302806973457336
v -0.047713011503219604 -0.05628176033496857 0.11524741351604462
v -0.03924195468425751 -0.05537279695272446 0.10528619587421417
v -0.04977117478847504 -0.06181500107049942 0.10006671398878098
v -0.08642426133155823 -0.07162356376647949 0.0882052332162857
v -0.12009891867637634 -0.08312616497278214 0.06406810134649277
v -0.11923976987600327 -0.08593770861625671 0.05688527598977089
v -0.12360131740570068 -0.0769064873456955 0.00396009162068367
v -0.14323492348194122 -0.08785278350114822 0.03508320450782776
v -0.14784669876098633 -0.08450332283973694 0.02215690352022648
v -0.09423048794269562 -0.06710910052061081 -0.012499063275754452
v -0.08601898699998856 -0.05996861681342125 -0.026272445917129517
v 0.0036582592874765396 -0.06296371668577194 -0.054664045572280884
v -0.06513674557209015 -0.06952927261590958 -0.04228055849671364
v -0.04095253720879555 -0.08007432520389557 -0.05207080766558647
v -0.03326636925339699 -0.08925848454236984 -0.060144852846860886
v -0.023444483056664467 -0.09844237565994263 -0.06901077926158905
v -0.0077468231320381165 -0.08106441795825958 -0.06681925058364868
v -0.07891613990068436 0.0 -0.05234421044588089
v -0.07423117756843567 -0.009090038947761059 -0.059973835945129395
v -0.021883931010961533 -0.027374310418963432 -0.055551182478666306
v 0.012126317247748375 -0.04944021999835968 -0.07617640495300293
v 0.008366384543478489 -0.039194658398628235 -0.0728454515337944
v 0.14658844470977783 -0.1702154129743576 -0.05062840133905411
v 0.1323377788066864 -0.17492622137069702 -0.03174857795238495
v 0.1356206238269806 -0.17779353260993958 -0.031181588768959045
v 0.13435082137584686 -0.1644885540008545 -0.02540978044271469
v 0.13905850052833557 -0.1627795696258545 -0.030003339052200317
v 0.1355215162038803 -0.1721893548965454 -0.01931748539209366
v 0.13468053936958313 -0.16838347911834717 -0.014707386493682861
v 0.14519692957401276 -0.16186147928237915 -0.03647245466709137
v 0.14895543456077576 -0.16118529438972473 -0.045553408563137054
v 0.15094654262065887 -0.16495275497436523 -0.04861877113580704
v 0.6743566393852234 -0.38993650674819946 0.05730104446411133
v 0.6593596935272217 -0.4043850600719452 0.03205785155296326
v 0.6630578637123108 -0.38843345642089844 0.020388633012771606
v 0.6831156015396118 -0.3668697476387024 0.048141658306121826
v -0.06892185658216476 -0.03513330966234207 0.13251061737537384
v -0.05868745222687721 -0.049905046820640564 0.12116584926843643
v -0.06749152392148972 -0.06784462183713913 0.11631764471530914
v -0.056666597723960876 -0.06470341235399246 0.10832802951335907
v -0.07114535570144653 -0.06852209568023682 0.09850578010082245
v -0.11173643171787262 -0.07827407121658325 0.07425744086503983
v -0.13560597598552704 -0.08398495614528656 0.05462033301591873
v -0.13717614114284515 -0.08774853497743607 0.0471532829105854
v -0.1440013200044632 -0.06576201319694519 -0.013979065231978893
v -0.14472495019435883 -0.07861597090959549 0.005743393674492836
v -0.155751571059227 -0.086348757147789 0.02861846424639225
v -0.16329166293144226 -0.08064626157283783 0.014166401699185371
v -0.11048492789268494 -0.058194320648908615 -0.019713427871465683
v -0.09202591329813004 -0.055838555097579956 -0.03563123568892479
v 0.010375313460826874 -0.06135275214910507 -0.07870512455701828
v -0.05603231117129326 -0.08324795961380005 -0.06207532808184624
v -0.07143276929855347 -0.06195205822587013 -0.043533094227313995
v -0.025396008044481277 -0.10961742699146271 -0.07860657572746277
v -0.0337233692407608 -0.10101166367530823 -0.0662798210978508
v -0.014104634523391724 -0.09244459867477417 -0.07332202792167664
v 0.0027336115017533302 -0.07229961454868317 -0.07106569409370422
v -0.08722041547298431 0.0 -0.06335049867630005
v -0.049076829105615616 -0.01672026701271534 -0.060853227972984314
v -0.007004456594586372 -0.026173705235123634 -0.06193524971604347
v 0.004543044604361057 -0.030983245000243187 -0.08083909004926682
v 0.008845739997923374 -0.04179875925183296 -0.0917430892586708
v 0.1406991332769394 -0.1799018681049347 -0.036658287048339844
v 0.13830417394638062 -0.17458930611610413 -0.02190963178873062
v 0.1372195929288864 -0.17405807971954346 -0.02045261114835739
v 0.13592366874217987 -0.16826999187469482 -0.02711312472820282
v 0.13288962841033936 -0.1695483922958374 -0.022646188735961914
v 0.14160031080245972 -0.16860099136829376 -0.010955281555652618
v 0.14787054061889648 -0.16994155943393707 -0.009413547813892365
v 0.147862046957016 -0.1700071096420288 -0.0360250324010849
v 0.14237041771411896 -0.1665721833705902 -0.031838275492191315
v 0.14506728947162628 -0.17537380754947662 -0.04032102972269058
v 0.6775429248809814 -0.4059048593044281 0.07424616813659668
v 0.6718871593475342 -0.42438244819641113 0.043309032917022705
v 0.6950093507766724 -0.3604547381401062 0.05010977387428284
v 0.675399124622345 -0.3868483304977417 0.018409281969070435
v -0.07897014915943146 -0.02905406802892685 0.13211366534233093
v -0.08546621352434158 -0.0009028766071423888 0.1167084127664566
v -0.07172524183988571 -0.057926278561353683 0.1212957501411438
v -0.07869590818881989 -0.0720372274518013 0.11027751863002777
v -0.07488608360290527 -0.07209579646587372 0.10565167665481567
v -0.09190456569194794 -0.07155106961727142 0.08964546024799347
v -0.13491606712341309 -0.07454106956720352 0.05843603238463402
v -0.16536574065685272 -0.07144619524478912 -0.00532630505040288
v -0.14873364567756653 -0.0644432082772255 -0.023686163127422333
v -0.14842163026332855 -0.08640226721763611 0.04006535932421684
v -0.18173128366470337 -0.06845483183860779 -0.00707587506622076
v -0.1727338582277298 -0.0786265954375267 0.008110176771879196
v -0.11556540429592133 -0.05774674192070961 -0.025916796177625656
v -0.09174958616495132 -0.05349653959274292 -0.03372615575790405
v 0.013500851579010487 -0.058074574917554855 -0.09937476366758347
v -0.05821990966796875 -0.07736119627952576 -0.07276677340269089
v -0.05190722271800041 -0.09160330146551132 -0.07002947479486465
v -0.05139073729515076 -0.09438508749008179 -0.07752557098865509
v -0.01804978772997856 -0.10332784056663513 -0.08724676817655563
v -0.06973008811473846 -0.007058583665639162 -0.06815795600414276
v -0.08856929838657379 0.0 -0.07649752497673035
v -0.04524639993906021 -0.01147399004548788 -0.07188430428504944
v -0.00033688824623823166 -0.022095385938882828 -0.06811699271202087
v 0.0030978983268141747 -0.03444294631481171 -0.0958608016371727
v 0.000794610008597374 -0.043923188000917435 -0.11056365072727203
v 0.13675418496131897 -0.18047629296779633 -0.02499910444021225
v 0.14115212857723236 -0.1703462153673172 -0.013972736895084381
v 0.14045390486717224 -0.17457930743694305 -0.016145974397659302
v 0.14433252811431885 -0.17292141914367676 -0.029697567224502563
v 0.140410378575325 -0.17480182647705078 -0.019084349274635315
v 0.13802647590637207 -0.17596682906150818 -0.025136947631835938
v 0.14139153063297272 -0.16981381177902222 -0.009638532996177673
v 0.15625567734241486 -0.16605636477470398 -0.01006336510181427
v 0.1504894644021988 -0.16445079445838928 -0.004748232662677765
v 0.14422638714313507 -0.17793458700180054 -0.032308973371982574
v 0.13884620368480682 -0.1816515326499939 -0.03194370120763779
v 0.668310284614563 -0.4509224593639374 0.11526679992675781
v 0.6552271246910095 -0.43548059463500977 0.05970388650894165
v 0.6592974662780762 -0.39466923475265503 0.010504931211471558
v 0.6781260371208191 -0.39692986011505127 0.0692301094532013
v -0.08508700877428055 -0.03132330998778343 0.11647714674472809
v -0.0802755057811737 -0.04860031604766846 0.12697654962539673
v -0.09310945123434067 -0.001773429336026311 0.08933931589126587
v -0.07740193605422974 -0.06625988334417343 0.11232852935791016
v -0.08240232616662979 -0.06675110012292862 0.10120856761932373
v -0.08626095205545425 -0.06800961494445801 0.09876513481140137
v -0.12343202531337738 -0.06288670003414154 0.06836675852537155
v -0.14293156564235687 -0.0638488382101059 0.05096692591905594
v -0.1520530730485916 -0.07652195543050766 0.042195696383714676
v -0.16270789504051208 -0.082598015666008 0.025054560974240303
v -0.15747050940990448 -0.06714791059494019 -0.02138795517385006
v -0.12710967659950256 -0.06504497677087784 -0.027733653783798218
v -0.11002926528453827 -0.05683521553874016 -0.027099506929516792
v -0.08538728952407837 -0.053136102855205536 -0.028997212648391724
v -0.0011656340211629868 -0.06070496141910553 -0.11599820107221603
v 0.007092906162142754 -0.07432018220424652 -0.09316778182983398
v -0.059068385511636734 -0.09216887503862381 -0.0939909964799881
v -0.06840895861387253 -0.056530263274908066 -0.05074067413806915
v -0.008063608780503273 -0.09631892293691635 -0.1036166325211525
v -0.004845969378948212 -0.08719613403081894 -0.08419402688741684
v -0.03836486116051674 -0.11853806674480438 -0.08692528307437897
v -0.02689322456717491 -0.11671674251556396 -0.09731462597846985
v -0.049904994666576385 -0.09236302971839905 -0.059893183410167694
v -0.04755498096346855 -0.1070423275232315 -0.07176128774881363
v -0.06153782084584236 -0.004849351476877928 -0.07791733741760254
v -0.023704741150140762 -0.01052507758140564 -0.07602621614933014
v -3.4178607165813446e-05 -0.019857201725244522 -0.07301712036132812
v -0.002168724313378334 -0.027822766453027725 -0.08929452300071716
v -0.0035539772361516953 -0.03665789216756821 -0.10332432389259338
v -0.012457089498639107 -0.04368802532553673 -0.11211287975311279
v 0.13672775030136108 -0.17910683155059814 -0.018062002956867218
v 0.13835754990577698 -0.17632688581943512 -0.011991575360298157
v 0.14332854747772217 -0.16829225420951843 -0.010769739747047424
v 0.14101091027259827 -0.17981484532356262 -0.03082529455423355
v 0.14473170042037964 -0.17647802829742432 -0.02625906467437744
v 0.15219932794570923 -0.17271646857261658 -0.01725991815328598
v 0.14740002155303955 -0.1648665815591812 -0.006605058908462524
v 0.15623532235622406 -0.1618635058403015 -0.0040272921323776245
v 0.15876853466033936 -0.16451576352119446 -0.006917446851730347
v 0.13745203614234924 -0.18237057328224182 -0.02972371131181717
v 0.1362920105457306 -0.18425866961479187 -0.024581506848335266
v 0.6551752686500549 -0.445970743894577 0.05643099546432495
v 0.6874654293060303 -0.44647863507270813 0.07541191577911377
v 0.6750811338424683 -0.4201671779155731 0.05370667576789856
v 0.6944898962974548 -0.41728800535202026 0.08561781048774719
v -0.0947440043091774 -0.02554083988070488 0.07297518849372864
v -0.08287309110164642 -0.05435917526483536 0.11571034044027328
v -0.080217644572258 -0.060427747666835785 0.11475087702274323
v -0.08182400465011597 -0.0688173845410347 0.10672406852245331
v -0.07250861078500748 -0.0726732462644577 0.11348828673362732
v -0.07015395909547806 -0.06631757318973541 0.11525610089302063
v -0.09325940161943436 -0.0493086501955986 0.08310158550739288
v -0.10231935232877731 -0.05751976743340492 0.08395718038082123
v -0.14200422167778015 -0.0406590960919857 0.047265734523534775
v -0.1554677039384842 -0.05369989573955536 0.036026034504175186
v -0.1644984781742096 -0.06906002759933472 0.022888192906975746
v -0.17184267938137054 -0.07508092373609543 0.007117602042853832
v -0.18171225488185883 -0.07057693600654602 -0.010978983715176582
v -0.136442169547081 -0.07005707174539566 -0.028582841157913208
v -0.16091540455818176 -0.06673917919397354 -0.026847226545214653
v -0.11462517082691193 -0.06526333093643188 -0.03630981966853142
v -0.09708880633115768 -0.06193265691399574 -0.03185763210058212
v -0.07855630666017532 -0.054857250303030014 -0.03159409761428833
v -0.07174847275018692 -0.04860123246908188 -0.0341881662607193
v -0.08141273260116577 -0.04916078597307205 -0.04509533941745758
v -0.09110400080680847 -0.050316911190748215 -0.043304428458213806
v 0.0005551017820835114 -0.07856319099664688 -0.1111007109284401
v -0.017025459557771683 -0.058154456317424774 -0.12016748636960983
v -0.05919625237584114 -0.06404387950897217 -0.060513611882925034
v -0.05862937122583389 -0.09026232361793518 -0.09956967830657959
v -0.0593179352581501 -0.101606585085392 -0.09922877699136734
v -0.060626544058322906 -0.07192792743444443 -0.08566510677337646
v -0.08005086332559586 -0.050462234765291214 -0.04770229384303093
v -0.01853187009692192 -0.1009165421128273 -0.1142500787973404
v -0.04446101933717728 -0.12313669919967651 -0.09349629282951355
v -0.037076324224472046 -0.11117551475763321 -0.11261117458343506
v -0.061022188514471054 -0.12404012680053711 -0.07813508808612823
v -0.05058661475777626 -0.1066848561167717 -0.06796619296073914
v -0.054556988179683685 -0.09308478236198425 -0.06220579519867897
v -0.05458628758788109 0.00011799042113125324 -0.08070393651723862
v -0.08296849578619003 -0.00014930206816643476 -0.08370465040206909
v -0.005784643813967705 -0.012640726752579212 -0.0736771896481514
v -0.012154413387179375 -0.02900277078151703 -0.08331654965877533
v -0.004413111135363579 -0.020352067425847054 -0.07056231051683426
v -0.014797564595937729 -0.03574064001441002 -0.10085340589284897
v -0.02784249372780323 -0.05003391206264496 -0.11321577429771423
v 0.13487255573272705 -0.18267692625522614 -0.01907522976398468
v 0.14082084596157074 -0.17658838629722595 -0.010981395840644836
v 0.14692310988903046 -0.17011678218841553 -0.006966255605220795
v 0.1391444355249405 -0.18218368291854858 -0.02951958030462265
v 0.15230146050453186 -0.17438283562660217 -0.02339908480644226
v 0.16016337275505066 -0.16716931760311127 -0.01563318818807602
v 0.15060362219810486 -0.16432896256446838 -0.005849018692970276
v 0.15311919152736664 -0.16390204429626465 -0.005295753479003906
v 0.1591491550207138 -0.16252845525741577 -0.010206557810306549
v 0.1409812867641449 -0.18519577383995056 -0.03158915042877197
v 0.13624192774295807 -0.1867694854736328 -0.02683388441801071
v 0.710184633731842 -0.452345609664917 0.06634658575057983
v 0.6837090849876404 -0.4647315740585327 0.061180442571640015
v 0.7156084179878235 -0.43911173939704895 0.07708248496055603
v 0.6875349283218384 -0.43545323610305786 0.06242838501930237
v -0.11863287538290024 -0.014214648865163326 0.030648447573184967
v -0.08619236201047897 -0.04797942191362381 0.0988413393497467
v -0.08050356060266495 -0.060008108615875244 0.10922063887119293
v -0.08550816774368286 -0.052428700029850006 0.09147855639457703
v -0.10656237602233887 -0.03697293996810913 0.06556485593318939
v -0.12219662219285965 -0.03568628430366516 0.058819666504859924
v -0.1523505598306656 -0.03770798444747925 0.035798851400613785
v -0.1341894268989563 -0.020460641011595726 0.03736919164657593
v -0.16953623294830322 -0.0664789155125618 0.00413212226703763
v -0.17907920479774475 -0.06883558630943298 -0.016715725883841515
v -0.14317837357521057 -0.06580241769552231 -0.03656986728310585
v -0.127512127161026 -0.06575708091259003 -0.03542378544807434
v -0.1176595389842987 -0.07643614709377289 -0.053822457790374756
v -0.09909218549728394 -0.07019931077957153 -0.049527063965797424
v -0.08843319863080978 -0.067083440721035 -0.06393884867429733
v -0.0711999386548996 -0.046660639345645905 -0.039459992200136185
v -0.07714106887578964 -0.04758342355489731 -0.0437895730137825
v -0.08546105772256851 -0.04974834620952606 -0.053637489676475525
v -0.08343569934368134 -0.05045730248093605 -0.047977373003959656
v -0.0331304594874382 -0.06992682814598083 -0.11657770723104477
v -0.04531022161245346 -0.0944625735282898 -0.09710077196359634
v -0.04705677926540375 -0.09561154246330261 -0.11520802229642868
v -0.04519571363925934 -0.09775818884372711 -0.09070785343647003
v -0.05333666503429413 -0.07405736297369003 -0.10002537816762924
v -0.056785088032484055 -0.05614471435546875 -0.05857608839869499
v -0.05893693119287491 -0.05637697875499725 -0.07548624277114868
v -0.07681623101234436 -0.04995902255177498 -0.05451004207134247
v -0.06448763608932495 -0.05041859298944473 -0.05375164747238159
v -0.030198954045772552 -0.0917619839310646 -0.1204918920993805
v -0.013677865266799927 -0.07730640470981598 -0.12139398604631424
v -0.053450509905815125 -0.11629025638103485 -0.09333742409944534
v -0.047933999449014664 -0.11478491872549057 -0.1069251224398613
v -0.05919085815548897 -0.11459745466709137 -0.08676259219646454
v -0.04187159612774849 -0.08962995558977127 -0.07639347016811371
v -0.056228071451187134 -0.09466208517551422 -0.0603862926363945
v -0.06339529901742935 -0.10213680565357208 -0.06828901916742325
v -0.08999651670455933 0.0 -0.08030354976654053
v -0.04522215202450752 -0.006105686072260141 -0.07413765788078308
v -0.015088621526956558 -0.013471526093780994 -0.06318923085927963
v -0.009448184631764889 -0.02668631076812744 -0.05997362732887268
v -0.017222613096237183 -0.03263714909553528 -0.07295265048742294
v -0.033498313277959824 -0.04463422670960426 -0.09001809358596802
v -0.04382002353668213 -0.06607653945684433 -0.1081816628575325
v 0.13508661091327667 -0.18542347848415375 -0.019993223249912262
v 0.1422378122806549 -0.17607885599136353 -0.012386612594127655
v 0.14893381297588348 -0.17004038393497467 -0.009380653500556946
v 0.14383746683597565 -0.17838096618652344 -0.03018086403608322
v 0.15773458778858185 -0.16936613619327545 -0.015192240476608276
v 0.1506495475769043 -0.1751554310321808 -0.02092590183019638
v 0.15014997124671936 -0.16862943768501282 -0.005006857216358185
v 0.15293247997760773 -0.1686449944972992 -0.007176600396633148
v 0.15692368149757385 -0.16569170355796814 -0.008717291057109833
v 0.14021675288677216 -0.1852114200592041 -0.030779436230659485
v 0.13727273046970367 -0.18629664182662964 -0.02958141267299652
v 0.7169869542121887 -0.4859759509563446 0.05429670214653015
v 0.7192429304122925 -0.47100964188575745 0.07062742114067078
v 0.7312567830085754 -0.4560094475746155 0.06897100806236267
v 0.7354951500892639 -0.4588066637516022 0.05833593010902405
v -0.1521531045436859 -0.010774338617920876 0.02936604991555214
v -0.07737398147583008 -0.056976184248924255 0.10747016966342926
v -0.07340434193611145 -0.06097221374511719 0.11341387778520584
v -0.08358324319124222 -0.06752409040927887 0.12454704940319061
v -0.09979314357042313 -0.03355161473155022 0.06343401968479156
v -0.07516846060752869 -0.06762169301509857 0.11744549870491028
v -0.11918032914400101 -0.013443496078252792 0.040587324649095535
v -0.1489315927028656 -0.021735822781920433 0.03169204667210579
v -0.1625002920627594 -0.03273694962263107 0.01708931475877762
v -0.1638266146183014 -0.050914812833070755 0.020989015698432922
v -0.16973960399627686 -0.06935831159353256 -0.03200443834066391
v -0.14393197000026703 -0.07166039198637009 -0.05116172879934311
v -0.1286028027534485 -0.0745190680027008 -0.050987858325242996
v -0.10848169028759003 -0.08402075618505478 -0.07751747965812683
v -0.11907380819320679 -0.08459427952766418 -0.06799198687076569
v -0.0771268755197525 -0.053881313651800156 -0.055962301790714264
v -0.07041566073894501 -0.045206718146800995 -0.045139603316783905
v -0.08526904135942459 -0.04354580119252205 -0.05131523683667183
v -0.09270011633634567 -0.05249924957752228 -0.05593813210725784
v -0.07767800241708755 -0.05249524489045143 -0.0634722113609314
v -0.026450447738170624 -0.07877125591039658 -0.12120134383440018
v -0.0343497171998024 -0.0884300097823143 -0.11365615576505661
v -0.044211965054273605 -0.0776786357164383 -0.10853658616542816
v -0.055451907217502594 -0.0633326917886734 -0.09331977367401123
v -0.07241116464138031 -0.050698235630989075 -0.05871296301484108
v -0.05805013328790665 -0.04794509708881378 -0.06244559958577156
v -0.05618982017040253 -0.11293653398752213 -0.09033297747373581
v -0.04318785294890404 -0.10453341901302338 -0.10048757493495941
v -0.06550416350364685 -0.11042924970388412 -0.08017910271883011
v -0.04795217141509056 -0.09397423267364502 -0.07561246305704117
v -0.0716937705874443 -0.09332502633333206 -0.05738157033920288
v -0.07442575693130493 -0.09730199724435806 -0.058183468878269196
v -0.10019610077142715 0.0 -0.04956154152750969
v -0.0591171458363533 -0.007952996529638767 -0.05958228558301926
v -0.01494706328958273 -0.02361678145825863 -0.051874857395887375
v -0.026363374665379524 -0.03363954275846481 -0.05893285199999809
v -0.02081333100795746 -0.03208596259355545 -0.051142506301403046
v -0.055777423083782196 -0.056826356798410416 -0.08086952567100525
v -0.04227345436811447 -0.040604740381240845 -0.06453561037778854
v 0.13681337237358093 -0.1804475635290146 -0.017598070204257965
v 0.14972800016403198 -0.17299598455429077 -0.009106658399105072
v 0.14784404635429382 -0.1748742163181305 -0.010341718792915344
v 0.14442121982574463 -0.1796734631061554 -0.02225331962108612
v 0.15587300062179565 -0.17083685100078583 -0.011578723788261414
v 0.15027029812335968 -0.17570209503173828 -0.014630220830440521
v 0.15283627808094025 -0.16889873147010803 -0.007624797523021698
v 0.15569603443145752 -0.16722050309181213 -0.006722114980220795
v 0.15678909420967102 -0.1664688140153885 -0.007039591670036316
v 0.14246666431427002 -0.1834718883037567 -0.0271795392036438
v 0.13815940916538239 -0.1851823925971985 -0.02960338443517685
v 0.7345942854881287 -0.4967111349105835 0.08260664343833923
v 0.741773247718811 -0.4774617552757263 0.08954459428787231
v 0.7414407134056091 -0.48305320739746094 0.04341608285903931
v 0.7483945488929749 -0.46113282442092896 0.046300411224365234
v -0.1699236035346985 -0.022114260122179985 0.04345114529132843
v -0.15424776077270508 -0.009709447622299194 0.023526113480329514
v -0.09680214524269104 -0.03510099649429321 0.07022902369499207
v -0.09650325030088425 -0.07724875956773758 0.14735957980155945
v -0.14644691348075867 -0.010198933072388172 0.03139808773994446
v -0.159307599067688 -0.019511599093675613 0.014033999294042587
v -0.16485172510147095 -0.0306580550968647 0.0050054676830768585
v -0.16670256853103638 -0.04144660383462906 0.004204811528325081
v -0.17177152633666992 -0.05831527337431908 -0.018568985164165497
v -0.15095989406108856 -0.06802492588758469 -0.04029271751642227
v -0.14925941824913025 -0.08515553176403046 -0.06415718793869019
v -0.16036485135555267 -0.0762629359960556 -0.06096748635172844
v -0.16056175529956818 -0.0660151019692421 -0.052762631326913834
v -0.13201479613780975 -0.08754149079322815 -0.06739343702793121
v -0.12967216968536377 -0.09755423665046692 -0.0836697518825531
v -0.11618722975254059 -0.0930844098329544 -0.0963645726442337
v -0.09756501019001007 -0.07829464972019196 -0.09530878067016602
v -0.0801461786031723 -0.05763166770339012 -0.08069684356451035
v -0.07188598811626434 -0.0422692596912384 -0.05055311322212219
v -0.0821075439453125 -0.03558679297566414 -0.04975105822086334
v -0.09797365218400955 -0.04697476327419281 -0.061330657452344894
v -0.08314026892185211 -0.053657498210668564 -0.06302984058856964
v -0.08077151328325272 -0.0528743676841259 -0.06247076764702797
v -0.054568976163864136 -0.052872322499752045 -0.05107267200946808
v -0.07383169233798981 -0.051510732620954514 -0.05424748733639717
v -0.07131719589233398 -0.11610735952854156 -0.08004365861415863
v -0.04344877973198891 -0.10319223999977112 -0.0876414030790329
v -0.07220150530338287 -0.10365405678749084 -0.06560887396335602
v -0.07712005823850632 -0.11081603169441223 -0.07367019355297089
v -0.06070048362016678 -0.09327692538499832 -0.06759496033191681
v -0.05909236893057823 -0.10108304023742676 -0.07379449903964996
v -0.10322949290275574 -0.09534041583538055 -0.05272447317838669
v -0.084104984998703 -0.0955028310418129 -0.05300085246562958
v -0.08495047688484192 -0.09155642986297607 -0.06337238103151321
v -0.05593637004494667 -0.020756535232067108 -0.05218634381890297
v -0.0927949845790863 -0.018425825983285904 -0.04469306766986847
v -0.05347922816872597 -0.03526065871119499 -0.05074388533830643
v 0.14142073690891266 -0.18017500638961792 -0.014824435114860535
v 0.15172569453716278 -0.17117860913276672 -0.010456360876560211
v 0.1499253511428833 -0.17685115337371826 -0.008445896208286285
v 0.1447058767080307 -0.1780892014503479 -0.01771020144224167
v 0.1547340452671051 -0.16993236541748047 -0.008082769811153412
v 0.14640191197395325 -0.17547516524791718 -0.011865273118019104
v 0.15204986929893494 -0.17028826475143433 -0.0075647830963134766
v 0.15310966968536377 -0.16823923587799072 -0.007203735411167145
v 0.15299604833126068 -0.16894248127937317 -0.0051991939544677734
v 0.1416739672422409 -0.18197569251060486 -0.020051755011081696
v 0.14083455502986908 -0.18361783027648926 -0.021987512707710266
v 0.7420773506164551 -0.5098836421966553 0.059987276792526245
v 0.7353390455245972 -0.42136150598526 0.058485716581344604
v 0.729045033454895 -0.5009579062461853 0.11770793795585632
v 0.7509959936141968 -0.4554769694805145 0.03850293159484863
v 0.7438870072364807 -0.4646588861942291 0.06494325399398804
v 0.7390598058700562 -0.49148356914520264 0.0177726149559021
v -0.16830578446388245 -0.027164004743099213 0.03917066380381584
v -0.1590557098388672 -0.016147498041391373 0.020103178918361664
v -0.1625065803527832 -0.020009396597743034 0.014767419546842575
v -0.1608700454235077 -0.023789482191205025 0.012672211974859238
v -0.16003857553005219 -0.023475175723433495 0.0063700005412101746
v -0.1652657836675644 -0.02148321457207203 -0.004917272366583347
v -0.16069822013378143 -0.021636217832565308 0.007675092667341232
v -0.1633233278989792 -0.06641636788845062 -0.03584780544042587
v -0.16473057866096497 -0.058427661657333374 -0.04566693678498268
v -0.1785971075296402 -0.07137053459882736 -0.06936684250831604
v -0.17047151923179626 -0.08350222557783127 -0.07247541099786758
v -0.15811797976493835 -0.09427294880151749 -0.07671736180782318
v -0.17719168961048126 -0.06074110418558121 -0.06393254548311234
v -0.14598986506462097 -0.09596811980009079 -0.07680372148752213
v -0.13421106338500977 -0.10315178334712982 -0.10961507260799408
v -0.11144721508026123 -0.08805113285779953 -0.11220885068178177
v -0.07251594215631485 -0.04632502794265747 -0.05532022565603256
v -0.09957277029752731 -0.077024906873703 -0.11061933636665344
v -0.08677089214324951 -0.06397329270839691 -0.10906718671321869
v -0.07367092370986938 -0.04623075947165489 -0.07142069935798645
v -0.0692092627286911 -0.044896386563777924 -0.05967605859041214
v -0.06822458654642105 -0.0397077240049839 -0.06289349496364594
v -0.09517249464988708 -0.031680747866630554 -0.05602189153432846
v -0.08337169885635376 -0.10992838442325592 -0.07011737674474716
v -0.06759639084339142 -0.11288204789161682 -0.07416804134845734
v -0.08099634945392609 -0.10687348246574402 -0.0629642978310585
v -0.08566796034574509 -0.11249900609254837 -0.06963536143302917
v -0.08414384722709656 -0.09965372085571289 -0.06979581713676453
v -0.10032971948385239 -0.11669589579105377 -0.0618569515645504
v -0.0965600311756134 -0.1049995869398117 -0.05984707549214363
v -0.10659966617822647 -0.10929697006940842 -0.04939861223101616
v -0.12308575212955475 -0.02207227237522602 -0.05337482690811157
v 0.14584222435951233 -0.1783912032842636 -0.012497752904891968
v 0.14902713894844055 -0.17224226891994476 -0.011816523969173431
v 0.1502106487751007 -0.17546746134757996 -0.012632384896278381
v 0.1441510021686554 -0.17901191115379333 -0.014129206538200378
v 0.14769913256168365 -0.17554786801338196 -0.00868864357471466
v 0.15074753761291504 -0.17229941487312317 -0.007093057036399841
v 0.14948010444641113 -0.16838806867599487 -0.009184107184410095
v 0.1498262584209442 -0.17175740003585815 -0.0046020373702049255
v 0.14946456253528595 -0.17469292879104614 -0.00451301783323288
v 0.1444656401872635 -0.17904320359230042 -0.01774989813566208
v 0.1439865678548813 -0.17923986911773682 -0.014869749546051025
v 0.6831313371658325 -0.507169246673584 0.04341021180152893
v 0.7033141851425171 -0.4308464825153351 -0.005488961935043335
v 0.6830283999443054 -0.4685118496417999 0.08165046572685242
v 0.7045581936836243 -0.4542296528816223 0.09330281615257263
v 0.6777927279472351 -0.47059962153434753 0.006691694259643555
v -0.1874174177646637 -0.032112009823322296 0.06240725517272949
v -0.17853344976902008 -0.042729608714580536 0.052601173520088196
v -0.16331109404563904 -0.025745827704668045 0.021509606391191483
v -0.15908825397491455 -0.021197602152824402 0.027595236897468567
v -0.16008584201335907 -0.02259795367717743 0.010154671967029572
v -0.15683820843696594 -0.01906517893075943 0.009751398116350174
v -0.1545499712228775 -0.014959612861275673 0.00800183042883873
v -0.16889050602912903 -0.027056783437728882 -0.03139885887503624
v -0.17148573696613312 -0.03970019146800041 -0.016082141548395157
v -0.15453286468982697 -0.0005991272628307343 0.017949789762496948
v -0.1635092943906784 0.0016090685967355967 -0.018827343359589577
v -0.15679128468036652 -0.04952026158571243 -0.03693540394306183
v -0.18390341103076935 -0.07686890661716461 -0.08098795264959335
v -0.18607935309410095 -0.06515256315469742 -0.07631178200244904
v -0.1778564751148224 -0.07817447185516357 -0.07820050418376923
v -0.16941526532173157 -0.09130742400884628 -0.08112034201622009
v -0.17123864591121674 -0.042916253209114075 -0.05647257715463638
v -0.17423632740974426 -0.0477188378572464 -0.06442626565694809
v -0.15366804599761963 -0.1051710844039917 -0.09152622520923615
v -0.15082502365112305 -0.099278524518013 -0.1284911036491394
v -0.12678313255310059 -0.08685474097728729 -0.12998461723327637
v -0.07539445161819458 -0.04792490601539612 -0.09199003875255585
v -0.07047231495380402 -0.03927106782793999 -0.07852542400360107
v -0.07051364332437515 -0.03106754459440708 -0.07566401362419128
v -0.07580563426017761 -0.032237131148576736 -0.060294851660728455
v -0.09846840053796768 -0.022978704422712326 -0.05811019986867905
v -0.11251821368932724 -0.021534718573093414 -0.05075324326753616
v -0.07936796545982361 -0.10909606516361237 -0.07051035761833191
v -0.09037619829177856 -0.11359760910272598 -0.07202727347612381
v -0.08968981355428696 -0.1136404424905777 -0.05906102806329727
v -0.09595423936843872 -0.12475905567407608 -0.0670594796538353
v -0.10552071779966354 -0.10080480575561523 -0.06251703202724457
v -0.11424224078655243 -0.12014894187450409 -0.05105037987232208
v -0.12222591042518616 -0.11877068877220154 -0.04476117715239525
v -0.11466888338327408 -0.12044785916805267 -0.04349945858120918
v 0.14925122261047363 -0.1783445030450821 -0.013059832155704498
v 0.14922627806663513 -0.17783191800117493 -0.009015701711177826
v 0.14725667238235474 -0.17344827950000763 -0.008450165390968323
v 0.1481676548719406 -0.17674414813518524 -0.012043967843055725
v 0.1501769721508026 -0.17647713422775269 -0.004877753555774689
v 0.1498531997203827 -0.17491799592971802 -0.0044203996658325195
v 0.14816343784332275 -0.17047521471977234 -0.006761468946933746
v 0.1454406976699829 -0.1761251986026764 -0.00379866361618042
v 0.14964011311531067 -0.1767878234386444 -0.00017868727445602417
v 0.1499221920967102 -0.1772269904613495 -0.013337686657905579
v 0.14974479377269745 -0.17694969475269318 -0.011665433645248413
v 0.6684098839759827 -0.4801846742630005 0.05019634962081909
v 0.6891117095947266 -0.4200955629348755 0.05041933059692383
v 0.6474564671516418 -0.47971677780151367 0.026071488857269287
v 0.7077813148498535 -0.4925386607646942 0.088509202003479
v 0.6434902548789978 -0.4424460232257843 0.0265275239944458
v -0.19025197625160217 -0.05932772159576416 0.0475989431142807
v -0.1699639856815338 -0.03609548136591911 0.03300997614860535
v -0.1833663284778595 -0.04908261448144913 0.03642427176237106
v -0.1691209375858307 -0.02282574772834778 0.011019930243492126
v -0.1763906180858612 -0.03579781949520111 0.018091529607772827
v -0.15449699759483337 -0.010648593306541443 0.007963642477989197
v -0.16125178337097168 -0.013766011223196983 0.008334856480360031
v -0.1572231650352478 0.0006928574293851852 0.00888887420296669
v -0.1667356938123703 0.0019890256226062775 -0.046384070068597794
v -0.15772485733032227 -0.022303134202957153 -0.05476488173007965
v -0.17082351446151733 -0.038148168474435806 -0.04866708070039749
v -0.19200947880744934 -0.0724564790725708 -0.08538360893726349
v -0.1825091540813446 -0.07799903303384781 -0.08306597918272018
v -0.1871347725391388 -0.05740213021636009 -0.07874990999698639
v -0.17280898988246918 -0.07362207025289536 -0.07506068050861359
v -0.17467330396175385 -0.07143434882164001 -0.07362106442451477
v -0.17231327295303345 -0.03826241195201874 -0.06824111938476562
v -0.15978635847568512 -0.03243298456072807 -0.06055711954832077
v -0.17034974694252014 -0.09831351786851883 -0.09669594466686249
v -0.15767359733581543 -0.10538975149393082 -0.10996381938457489
v -0.16874156892299652 -0.08411441743373871 -0.13832996785640717
v -0.14497056603431702 -0.07851448655128479 -0.1423952430486679
v -0.10373140871524811 -0.0742458701133728 -0.12428133189678192
v -0.16834129393100739 -0.10173994302749634 -0.11322245746850967
v -0.08211468160152435 -0.047813817858695984 -0.11211217194795609
v -0.09517823159694672 -0.05454416573047638 -0.12825807929039001
v -0.0773768275976181 -0.021890416741371155 -0.0915037989616394
v -0.0741787999868393 -0.035083651542663574 -0.09830771386623383
v -0.08095423877239227 -0.021634140983223915 -0.07147607952356339
v -0.11206816136837006 -0.010125457309186459 -0.07460039108991623
v -0.12603966891765594 -0.01273973286151886 -0.06283392012119293
v -0.09875011444091797 -0.10838396847248077 -0.07284636050462723
v -0.11085003614425659 -0.12189614772796631 -0.07350184768438339
v -0.10384214669466019 -0.13217321038246155 -0.0564202219247818
v -0.1073223352432251 -0.12893064320087433 -0.05022245645523071
v -0.12431228160858154 -0.11040712147951126 -0.05660446733236313
v -0.13915252685546875 -0.11871540546417236 -0.049827903509140015
v -0.14613473415374756 -0.11799722909927368 -0.03391312062740326
v -0.13738225400447845 -0.12046107649803162 -0.025522420182824135
v 0.151019886136055 -0.179524764418602 -0.010451987385749817
v 0.1472090482711792 -0.18002399802207947 -0.004670910537242889
v 0.1467600017786026 -0.17682689428329468 -0.0019082427024841309
v 0.1545487344264984 -0.17664821445941925 -0.010180771350860596
v 0.15302377939224243 -0.1773710697889328 0.0008063167333602905
v 0.15503010153770447 -0.17907601594924927 -0.0024264901876449585
v 0.14396587014198303 -0.1735936552286148 -0.003469623625278473
v 0.14914533495903015 -0.1782732605934143 0.0029167458415031433
v 0.1454882174730301 -0.17763686180114746 0.0037061870098114014
v 0.15339335799217224 -0.1768331527709961 -0.01024649292230606
v 0.152996227145195 -0.1782081127166748 -0.011163391172885895
v 0.7011078596115112 -0.5055677890777588 0.07239741086959839
v 0.6950572729110718 -0.45852988958358765 0.09603872895240784
v 0.8194149136543274 -0.5690366625785828 0.09939023852348328
v 0.7717536687850952 -0.5873104333877563 0.09477108716964722
v 0.6888450384140015 -0.4721377193927765 0.06590524315834045
v -0.1860593855381012 -0.052633024752140045 0.017643004655838013
v -0.2082732915878296 -0.0715830847620964 0.030131474137306213
v -0.1873462051153183 -0.042566388845443726 0.008948445320129395
v -0.17929625511169434 -0.027278035879135132 -0.0013313144445419312
v -0.1548464298248291 -0.00685080885887146 0.01056942343711853
v -0.16795989871025085 -0.010641094297170639 -0.007319293916225433
v -0.17532551288604736 0.0017565202433615923 -0.07341257482767105
v -0.16683313250541687 -0.022046970203518867 -0.06766898930072784
v -0.19424355030059814 -0.06601718813180923 -0.08639116585254669
v -0.19036900997161865 -0.07915795594453812 -0.08877870440483093
v -0.1845664083957672 -0.08106962591409683 -0.08647316694259644
v -0.18569190800189972 -0.04538867622613907 -0.07969589531421661
v -0.16830848157405853 -0.08051159977912903 -0.08581901341676712
v -0.16735881567001343 -0.06792382895946503 -0.08330574631690979
v -0.1750335991382599 -0.08073799312114716 -0.08174702525138855
v -0.1633378118276596 -0.02282644994556904 -0.07566960155963898
v -0.17865729331970215 -0.03529021143913269 -0.08123592287302017
v -0.1775130033493042 -0.09821820259094238 -0.1222667247056961
v -0.17994144558906555 -0.07243732362985611 -0.1374429613351822
v -0.16282442212104797 -0.06493677943944931 -0.144553542137146
v -0.11849555373191833 -0.0682549849152565 -0.1388830989599228
v -0.11437162756919861 -0.04222700372338295 -0.14070294797420502
v -0.08960670977830887 -0.03359799087047577 -0.12473398447036743
v -0.09433472156524658 -0.009259426966309547 -0.08653980493545532
v -0.0870700478553772 -0.01200326532125473 -0.10027174651622772
v -0.08287814259529114 -0.022098200395703316 -0.10674786567687988
v -0.1353786289691925 -0.0005818558856844902 -0.08926387131214142
v -0.1441163867712021 -0.0024293800815939903 -0.07628500461578369
v -0.12331546097993851 -0.11267224699258804 -0.06938648968935013
v -0.11916469782590866 -0.14096832275390625 -0.06353802978992462
v -0.133910670876503 -0.14165838062763214 -0.019359614700078964
v -0.1311226487159729 -0.1556534618139267 -0.04239290952682495
v -0.14763440191745758 -0.12368478626012802 -0.056451525539159775
v -0.15849435329437256 -0.1246231198310852 -0.043256521224975586
v -0.15467484295368195 -0.11919238418340683 -0.014750681817531586
v -0.16807818412780762 -0.1204497292637825 -0.024666279554367065
v 0.14978456497192383 -0.18251162767410278 -0.006389401853084564
v 0.143377885222435 -0.18503791093826294 -0.00024077296257019043
v 0.14094531536102295 -0.1830376386642456 0.002867594361305237
v 0.15644489228725433 -0.1798262894153595 -0.0051431804895401
v 0.15271219611167908 -0.18007630109786987 0.002515055239200592
v 0.15856429934501648 -0.18368420004844666 0.002544611692428589
v 0.1387484073638916 -0.1791653037071228 0.004984267055988312
v 0.147572860121727 -0.18206718564033508 0.011146970093250275
v 0.14103882014751434 -0.18623968958854675 0.020194314420223236
v 0.1561032235622406 -0.18083688616752625 -0.004906162619590759
v 0.1545955389738083 -0.1828061193227768 -0.00517166405916214
v 0.7603732943534851 -0.529981255531311 0.13134196400642395
v 0.820510745048523 -0.5986016392707825 0.09818333387374878
v 0.8438965678215027 -0.6126748919487 0.1051580011844635
v 0.7387383580207825 -0.5145180821418762 0.11214780807495117
v -0.2304970622062683 -0.0898362547159195 0.035929933190345764
v -0.2070290446281433 -0.08887075632810593 0.0038229674100875854
v -0.199098140001297 -0.07314655929803848 0.007090911269187927
v -0.17544688284397125 -0.01690923422574997 -0.016964279115200043
v -0.15739785134792328 -0.0016510970890522003 0.002467554062604904
v -0.18304607272148132 0.0009305901476182044 -0.0905352383852005
v -0.15699562430381775 -0.00589635269716382 -0.08268272131681442
v -0.165030375123024 -0.027514290064573288 -0.05410538241267204
v -0.1519605815410614 -0.006712406873703003 -0.08364982903003693
v -0.1966964602470398 -0.05591648817062378 -0.09336172044277191
v -0.19961853325366974 -0.07349517941474915 -0.09606051445007324
v -0.18228423595428467 -0.08417636901140213 -0.08507929742336273
v -0.19021397829055786 -0.04156968742609024 -0.0970037430524826
v -0.1720835119485855 -0.08239179849624634 -0.09562388807535172
v -0.1700315773487091 -0.07458613067865372 -0.08895047754049301
v -0.1759159117937088 -0.06544005870819092 -0.08607050776481628
v -0.1772845834493637 -0.08241881430149078 -0.08459725230932236
v -0.18252620100975037 -0.0945470854640007 -0.10522002726793289
v -0.15640009939670563 -0.008879715576767921 -0.0978662371635437
v -0.1760357916355133 -0.025529533624649048 -0.0968513935804367
v -0.18576201796531677 -0.08427713811397552 -0.1271926760673523
v -0.18964138627052307 -0.07099271565675735 -0.13275142014026642
v -0.17881816625595093 -0.059409819543361664 -0.14142680168151855
v -0.13960394263267517 -0.05416649207472801 -0.1462097465991974
v -0.13546593487262726 -0.03419087827205658 -0.1424495428800583
v -0.11688181757926941 -0.017579227685928345 -0.13248580694198608
v -0.10438111424446106 -0.0036262329667806625 -0.10248871892690659
v -0.1378905326128006 0.002108280546963215 -0.10340797156095505
v -0.17728061974048615 0.004860451444983482 -0.08685901761054993
v -0.14125873148441315 -0.13442812860012054 -0.06817009299993515
v -0.141502246260643 -0.14984753727912903 -0.05835480988025665
v -0.15579764544963837 -0.14814475178718567 0.0021727588027715683
v -0.15626700222492218 -0.1668686717748642 -0.009717291221022606
v -0.16592928767204285 -0.1371564269065857 -0.052486177533864975
v -0.1785716712474823 -0.13241098821163177 -0.03642136976122856
v -0.1884767711162567 -0.12349505722522736 -0.017370566725730896
v -0.1721905916929245 -0.12015380710363388 -0.0021925047039985657
v -0.15311676263809204 -0.12994246184825897 -0.0025834962725639343
v 0.14987070858478546 -0.1862480193376541 -0.0014968439936637878
v 0.14348989725112915 -0.1993338167667389 0.009774826467037201
v 0.1363690197467804 -0.19808149337768555 0.018580608069896698
v 0.16216424107551575 -0.1861787587404251 0.0027481764554977417
v 0.17458659410476685 -0.1914120316505432 0.016797631978988647
v 0.158300518989563 -0.18530216813087463 0.014474041759967804
v 0.14200586080551147 -0.1985548585653305 0.037216633558273315
v 0.15576383471488953 -0.20249435305595398 0.058898236602544785
v 0.15386024117469788 -0.19219031929969788 0.037403903901576996
v 0.15942344069480896 -0.18812885880470276 0.000933133065700531
v 0.15481100976467133 -0.18829379975795746 -0.0006944239139556885
v 0.8051689863204956 -0.5988761186599731 0.12465280294418335
v 0.8014864325523376 -0.5832316875457764 0.13335013389587402
v 0.8638920187950134 -0.6412043571472168 0.11214476823806763
v 0.8583765029907227 -0.6466904878616333 0.11741238832473755
v -0.24675703048706055 -0.09885460138320923 0.03583371639251709
v -0.2162713259458542 -0.09616146981716156 0.02274554967880249
v -0.17859268188476562 -0.031003139913082123 -0.018128395080566406
v -0.16003867983818054 0.007364869117736816 -0.015909843146800995
v -0.17294244468212128 -0.007398481480777264 -0.10031984746456146
v -0.15059080719947815 0.003497909754514694 -0.09816807508468628
v -0.16204169392585754 -0.009850793518126011 -0.07498003542423248
v -0.14554667472839355 0.003493865020573139 -0.10142877697944641
v -0.20088517665863037 -0.0642557218670845 -0.11054112017154694
v -0.19675017893314362 -0.07469473779201508 -0.1055142879486084
v -0.19144318997859955 -0.08152121305465698 -0.09407314658164978
v -0.18142017722129822 -0.09208202362060547 -0.09538860619068146
v -0.17518079280853271 -0.09141220897436142 -0.09211885929107666
v -0.17988266050815582 -0.09046109765768051 -0.08897893130779266
v -0.18418574333190918 -0.08246136456727982 -0.08431895077228546
v -0.17970304191112518 -0.07811326533555984 -0.07872281968593597
v -0.17301049828529358 -0.06466425210237503 -0.08959066867828369
v -0.17306341230869293 -0.07191278785467148 -0.08075416088104248
v -0.18435320258140564 -0.08917462080717087 -0.0905940979719162
v -0.18849582970142365 -0.09368830174207687 -0.11009226739406586
v -0.1667214334011078 -0.016693979501724243 -0.115298792719841
v -0.14654134213924408 -0.0007985848933458328 -0.11192004382610321
v -0.19366347789764404 -0.08493919670581818 -0.12038849294185638
v -0.18953487277030945 -0.05832766741514206 -0.13642622530460358
v -0.19524158537387848 -0.07213158160448074 -0.1273161768913269
v -0.15878978371620178 -0.04434044659137726 -0.14368030428886414
v -0.09552769362926483 -0.012292204424738884 -0.11528368294239044
v -0.13215157389640808 -0.008179284632205963 -0.12563693523406982
v -0.1501886248588562 -0.022754263132810593 -0.13764575123786926
v -0.11569841206073761 -0.00295444019138813 -0.11699584126472473
v -0.13987094163894653 0.0028656665235757828 -0.11406955122947693
v -0.16592887043952942 0.0028594359755516052 -0.10361194610595703
v -0.15655437111854553 -0.15142662823200226 -0.05565548688173294
v -0.16240693628787994 -0.16873978078365326 -0.04166321083903313
v -0.16788840293884277 -0.15750040113925934 0.013826616108417511
v -0.17459644377231598 -0.17414449155330658 0.003806551918387413
v -0.18270280957221985 -0.14416301250457764 -0.040007688105106354
v -0.189535453915596 -0.13728712499141693 -0.03078916296362877
v -0.18713702261447906 -0.12185604870319366 0.009899463504552841
v -0.20390911400318146 -0.12850402295589447 -0.004571199417114258
v -0.1686929166316986 -0.13700900971889496 0.014521896839141846
v 0.15336380898952484 -0.19752736389636993 0.005396440625190735
v 0.1527043879032135 -0.22056689858436584 0.0548606775701046
v 0.15472638607025146 -0.2216206192970276 0.037375323474407196
v 0.17159636318683624 -0.19403690099716187 0.010087229311466217
v 0.17818041145801544 -0.19416207075119019 0.04372222721576691
v 0.19613802433013916 -0.20281380414962769 0.04545416682958603
v 0.16267234086990356 -0.2180141806602478 0.07302536070346832
v 0.17732426524162292 -0.21937090158462524 0.08992902934551239
v 0.1809253990650177 -0.20746740698814392 0.08180755376815796
v 0.16438668966293335 -0.19344455003738403 0.00560983270406723
v 0.1613147258758545 -0.19414320588111877 0.004949912428855896
v 0.8542506098747253 -0.6406946778297424 0.1315668523311615
v 0.8429497480392456 -0.6310439705848694 0.13120037317276
v 0.8641353249549866 -0.655351459980011 0.1276489496231079
v 0.856124997138977 -0.6507704257965088 0.11247095465660095
v -0.20009785890579224 -0.05847635120153427 -0.02158309519290924
v -0.20484501123428345 -0.07877424359321594 -0.009963452816009521
v -0.24862024188041687 -0.10382416844367981 0.01784999668598175
v -0.23068764805793762 -0.10978534072637558 0.026071250438690186
v -0.215532124042511 -0.0995781421661377 0.005921795964241028
v -0.20887547731399536 -0.08664312958717346 -0.009006679058074951
v -0.162785604596138 0.007048152387142181 -0.025651246309280396
v -0.16579817235469818 0.003271134104579687 -0.10887956619262695
v -0.14447052776813507 0.005528765730559826 -0.10676319897174835
v -0.19832593202590942 -0.07077902555465698 -0.11816138029098511
v -0.19577331840991974 -0.0479460172355175 -0.11229179799556732
v -0.1893259584903717 -0.08490662276744843 -0.0986473336815834
v -0.19561028480529785 -0.08065447211265564 -0.11241424083709717
v -0.1825309544801712 -0.09655532985925674 -0.09413628280162811
v -0.18066075444221497 -0.09121875464916229 -0.08629018068313599
v -0.18231044709682465 -0.09059777110815048 -0.086575947701931
v -0.18438829481601715 -0.0870424434542656 -0.08955271542072296
v -0.19679765403270721 -0.08787330985069275 -0.0696382075548172
v -0.18245264887809753 -0.0809209793806076 -0.059698499739170074
v -0.18410439789295197 -0.07176364958286285 -0.0784621387720108
v -0.17485429346561432 -0.07424402236938477 -0.08301564306020737
v -0.18069230020046234 -0.08248486369848251 -0.08225592225790024
v -0.19014421105384827 -0.09248661994934082 -0.10545042157173157
v -0.18319882452487946 -0.0316842757165432 -0.10992081463336945
v -0.14899083971977234 -0.008589610457420349 -0.12232954800128937
v -0.16363883018493652 -0.020756658166646957 -0.1268378645181656
v -0.1728302389383316 -0.044596072286367416 -0.13906161487102509
v -0.19553619623184204 -0.05760785937309265 -0.12491236627101898
v -0.17229026556015015 -0.15254159271717072 -0.04826118052005768
v -0.1787613034248352 -0.17981940507888794 -0.024453382939100266
v -0.19420799612998962 -0.1836547702550888 0.007935922592878342
v -0.18643194437026978 -0.16570617258548737 0.02630728669464588
v -0.19236843287944794 -0.14856445789337158 -0.03416215628385544
v -0.20324958860874176 -0.13924062252044678 -0.021553795784711838
v -0.18449153006076813 -0.1438731998205185 0.029349222779273987
v -0.20965741574764252 -0.1320081353187561 0.016822978854179382
v -0.20135852694511414 -0.13641268014907837 0.02849561721086502
v 0.1642836481332779 -0.21676571667194366 0.023605242371559143
v 0.1756899356842041 -0.2396523803472519 0.07045958191156387
v 0.1754898726940155 -0.23458591103553772 0.08495636284351349
v 0.19387070834636688 -0.2047722339630127 0.03129921108484268
v 0.1795150637626648 -0.2293848842382431 0.09313185513019562
v 0.20652459561824799 -0.20780691504478455 0.07190585136413574
v 0.2007724642753601 -0.22349056601524353 0.11003346741199493
v 0.22004953026771545 -0.21844173967838287 0.10224220156669617
v 0.1798841655254364 -0.2010895311832428 0.016104362905025482
v 0.1756729781627655 -0.20925727486610413 0.018596261739730835
v 0.8694064021110535 -0.6561049818992615 0.13215750455856323
v 0.8735162019729614 -0.6545044779777527 0.12907356023788452
v 0.8740960955619812 -0.6614757776260376 0.12986242771148682
v -0.20643377304077148 -0.07801744341850281 -0.024654239416122437
v -0.20722204446792603 -0.06776238232851028 -0.04043331742286682
v -0.24131441116333008 -0.1076304167509079 0.008079871535301208
v -0.2508469223976135 -0.09241405129432678 0.002215087413787842
v -0.23006001114845276 -0.10653288662433624 -0.0015395283699035645
v -0.2184063047170639 -0.09517820179462433 -0.024021267890930176
v -0.20016229152679443 -0.03231727331876755 -0.040283530950546265
v -0.19561505317687988 -0.012293942272663116 -0.05346037447452545
v -0.19425645470619202 -0.018417909741401672 -0.05456423759460449
v -0.17882968485355377 -0.08675692975521088 -0.08254079520702362
v -0.18650169670581818 -0.09087993949651718 -0.0891297310590744
v -0.1973533183336258 -0.08921832591295242 -0.08257989585399628
v -0.21126480400562286 -0.09157826006412506 -0.04842313006520271
v -0.1968868225812912 -0.10191336274147034 -0.02949327975511551
v -0.17573145031929016 -0.07916925847530365 -0.058177001774311066
v -0.1784660369157791 -0.08260205388069153 -0.08239977061748505
v -0.18357783555984497 -0.03634732961654663 -0.12790444493293762
v -0.18336454033851624 -0.1627229005098343 -0.04103752598166466
v -0.2004287838935852 -0.17961233854293823 -0.014377830550074577
v -0.2022961527109146 -0.17187434434890747 0.02902422845363617
v -0.20685340464115143 -0.17878209054470062 0.01754111796617508
v -0.19883491098880768 -0.1544693559408188 -0.03062273934483528
v -0.2199411243200302 -0.1404249519109726 0.0028978288173675537
v -0.20323166251182556 -0.15523803234100342 0.03959375619888306
v -0.21991485357284546 -0.14020149409770966 0.029208939522504807
v -0.213402658700943 -0.14744728803634644 0.03557471185922623
v 0.18347129225730896 -0.23717567324638367 0.053399458527565
v 0.19126012921333313 -0.24145841598510742 0.10620539635419846
v 0.19365426898002625 -0.2493515908718109 0.0974888950586319
v 0.21641826629638672 -0.2168748825788498 0.06609831750392914
v 0.19107922911643982 -0.2312282770872116 0.1074725091457367
v 0.2365102469921112 -0.2220991849899292 0.08858741074800491
v 0.21959510445594788 -0.23312145471572876 0.12498719990253448
v 0.2401619553565979 -0.22898876667022705 0.1180465966463089
v 0.20541730523109436 -0.22137534618377686 0.04219895601272583
v 0.18793578445911407 -0.22790056467056274 0.0401727557182312
v -0.21898815035820007 -0.08689318597316742 -0.04268422722816467
v -0.22612348198890686 -0.06952860951423645 -0.05597756803035736
v -0.21853363513946533 -0.044730350375175476 -0.051586270332336426
v -0.24176077544689178 -0.09998385608196259 -0.0035333335399627686
v -0.2607613205909729 -0.09072232246398926 -0.0038487911224365234
v -0.2408224642276764 -0.09420407563447952 -0.030065014958381653
v -0.24485459923744202 -0.09772557020187378 -0.01389274001121521
v -0.22772952914237976 -0.03778665512800217 -0.06435732543468475
v -0.22845691442489624 -0.037283509969711304 -0.059165358543395996
v -0.18528543412685394 -0.09066520631313324 -0.08605551719665527
v -0.20886944234371185 -0.08938078582286835 -0.07590270042419434
v -0.23161211609840393 -0.10543572902679443 -0.02041160874068737
v -0.22470781207084656 -0.12914890050888062 -0.007079023867845535
v -0.18845154345035553 -0.10941141843795776 -0.03746451437473297
v -0.17782537639141083 -0.08326660096645355 -0.07167097926139832
v -0.19992347061634064 -0.16822999715805054 -0.02851099707186222
v -0.21180815994739532 -0.18098272383213043 0.002135559916496277
v -0.216653972864151 -0.17398236691951752 0.02794790267944336
v -0.21714794635772705 -0.1655828207731247 0.036397986114025116
v -0.21159231662750244 -0.15285025537014008 -0.015653517097234726
v -0.22605830430984497 -0.1494034230709076 0.018042180687189102
v -0.21907149255275726 -0.1568799912929535 0.03904734179377556
v -0.22963988780975342 -0.15365517139434814 0.03335470333695412
v -0.22752678394317627 -0.1541460156440735 0.03493566811084747
v 0.2027864009141922 -0.2517812252044678 0.08229071646928787
v 0.23322267830371857 -0.2322777509689331 0.08691853284835815
v 0.20269063115119934 -0.2508928179740906 0.11419231444597244
v 0.20687969028949738 -0.2416331171989441 0.12513624131679535
v 0.24812117218971252 -0.23267421126365662 0.10657619684934616
v 0.2413785755634308 -0.23759326338768005 0.12661612033843994
v 0.23263785243034363 -0.23885096609592438 0.1302243322134018
v 0.23245413601398468 -0.23536807298660278 0.07916820049285889
v 0.21260008215904236 -0.24302926659584045 0.06535781174898148
v -0.23321905732154846 -0.0880034863948822 -0.04457096755504608
v -0.2464350163936615 -0.08172023296356201 -0.056736648082733154
v -0.23346498608589172 -0.05795261263847351 -0.06481912732124329
v -0.25847259163856506 -0.09357915818691254 -0.006144627928733826
v -0.28146660327911377 -0.10745073109865189 -0.0035172253847122192
v -0.23938323557376862 -0.05394509434700012 -0.07335107028484344
v -0.23915967345237732 -0.05722421407699585 -0.07626567780971527
v -0.3228897750377655 -0.15900281071662903 -0.0016864240169525146
v -0.241210475564003 -0.06239426136016846 -0.07840469479560852
v -0.18619871139526367 -0.0938756987452507 -0.0820329487323761
v -0.19423556327819824 -0.09406193345785141 -0.08669761568307877
v -0.1952030062675476 -0.0912696048617363 -0.08699815720319748
v -0.20184679329395294 -0.09371621906757355 -0.08638328313827515
v -0.22724829614162445 -0.09717307984828949 -0.06539838016033173
v -0.26695820689201355 -0.13575266301631927 -0.01357194408774376
v -0.2591998279094696 -0.14497414231300354 0.004300970584154129
v -0.20913074910640717 -0.13108740746974945 -0.01743631809949875
v -0.18709708750247955 -0.10478154569864273 -0.05541340261697769
v -0.21633858978748322 -0.1706935167312622 -0.0106913261115551
v -0.2189229279756546 -0.1748943030834198 0.018698137253522873
v -0.2282574325799942 -0.16808894276618958 0.0345788300037384
v -0.22523781657218933 -0.16830618679523468 0.03221427649259567
v -0.22730746865272522 -0.156877338886261 0.007199086248874664
v -0.2314794808626175 -0.15963564813137054 0.02667510136961937
v -0.22841744124889374 -0.16402581334114075 0.03823850676417351
v -0.23490417003631592 -0.16259436309337616 0.03424137458205223
v -0.23422646522521973 -0.16404491662979126 0.03501419350504875
v 0.2136113941669464 -0.25669044256210327 0.10651466250419617
v 0.24727748334407806 -0.24008363485336304 0.09979043155908585
v 0.22462975978851318 -0.24285385012626648 0.13231730461120605
v 0.21764114499092102 -0.2531687617301941 0.12304249405860901
v 0.2491002231836319 -0.23594248294830322 0.12148342281579971
v 0.23567697405815125 -0.24015548825263977 0.13104139268398285
v 0.24265116453170776 -0.23918858170509338 0.12905319035053253
v 0.2434864044189453 -0.24521464109420776 0.10153768211603165
v 0.22882699966430664 -0.25468069314956665 0.0943862646818161
v -0.25447720289230347 -0.09413646906614304 -0.047460079193115234
v -0.26121848821640015 -0.09815993905067444 -0.04874151945114136
v -0.24631771445274353 -0.07295069843530655 -0.065113365650177
v -0.280283123254776 -0.10825590789318085 -0.007744908332824707
v -0.25497061014175415 -0.09755304455757141 -0.01229463517665863
v -0.3063095211982727 -0.1424032300710678 -0.003998756408691406
v -0.2558724284172058 -0.09396091103553772 -0.02247457206249237
v -0.24054676294326782 -0.08180180191993713 -0.08410245180130005
v -0.23766520619392395 -0.08277130126953125 -0.08509652316570282
v -0.23287305235862732 -0.10055531561374664 -0.10204547643661499
v -0.24298325181007385 -0.080529123544693 -0.08708707988262177
v -0.19016779959201813 -0.10448937863111496 -0.07419580221176147
v -0.19354213774204254 -0.09960603713989258 -0.0871325135231018
v -0.21015171706676483 -0.10024694353342056 -0.08458282053470612
v -0.2538628578186035 -0.11847340315580368 -0.04888439178466797
v -0.2961646020412445 -0.1675548255443573 0.004168521612882614
v -0.29079675674438477 -0.15937557816505432 -0.015615858137607574
v -0.2454102337360382 -0.1547151505947113 0.006278820335865021
v -0.19795244932174683 -0.12696503102779388 -0.03887558728456497
v -0.22547465562820435 -0.16903536021709442 0.007386419922113419
v -0.22660622000694275 -0.170310378074646 0.03000466525554657
v -0.23419524729251862 -0.1673937439918518 0.032694634050130844
v -0.23368842899799347 -0.16768454015254974 0.031434182077646255
v -0.2339625507593155 -0.164143368601799 0.024865102022886276
v -0.23568198084831238 -0.16730953752994537 0.03915223106741905
v -0.237523153424263 -0.16602402925491333 0.039033375680446625
v -0.2357059121131897 -0.16776114702224731 0.038339801132678986
v -0.24204429984092712 -0.1685139685869217 0.036127276718616486
v 0.23227524757385254 -0.25722184777259827 0.11438190937042236
v 0.2522387206554413 -0.23987415432929993 0.11332230269908905
v 0.23201018571853638 -0.25165802240371704 0.12706127762794495
v 0.23155395686626434 -0.24446968734264374 0.13211724162101746
v 0.24758614599704742 -0.23886364698410034 0.12547004222869873
v 0.2357977330684662 -0.24331951141357422 0.12976305186748505
v 0.24092145264148712 -0.24295170605182648 0.1312735676765442
v 0.2497795969247818 -0.24601995944976807 0.10985960066318512
v 0.24710434675216675 -0.2527376413345337 0.10936222225427628
v -0.26533064246177673 -0.09575788676738739 -0.034012794494628906
v -0.27055346965789795 -0.10437077283859253 -0.03904193639755249
v -0.2507007122039795 -0.08852880448102951 -0.051524847745895386
v -0.24296171963214874 -0.08391325175762177 -0.07825730741024017
v -0.24231156706809998 -0.05514419078826904 -0.07100975513458252
v -0.298779159784317 -0.13984757661819458 -0.0025058388710021973
v -0.2653657793998718 -0.09811973571777344 -0.01206737756729126
v -0.26714834570884705 -0.09680158644914627 -0.022925391793251038
v -0.31614112854003906 -0.17240023612976074 0.0018675029277801514
v -0.23132118582725525 -0.10011415183544159 -0.08363175392150879
v -0.22600868344306946 -0.10069350898265839 -0.09344635903835297
v -0.34896761178970337 -0.20414701104164124 -0.0010233819484710693
v -0.21961647272109985 -0.10555417835712433 -0.10929656028747559
v -0.20312397181987762 -0.11244554817676544 -0.08299508690834045
v -0.19803893566131592 -0.11748944967985153 -0.06087708845734596
v -0.22631101310253143 -0.11245144158601761 -0.08080385625362396
v -0.2889041006565094 -0.18179357051849365 0.023003965616226196
v -0.31248754262924194 -0.18057416379451752 0.001338087022304535
v -0.30537086725234985 -0.17624741792678833 -0.01701674982905388
v -0.22387996315956116 -0.15182188153266907 -0.007821429520845413
v -0.2300456315279007 -0.1691598892211914 0.024630844593048096
v -0.23253792524337769 -0.1686103343963623 0.03252505883574486
v -0.2415984719991684 -0.1674388200044632 0.033349208533763885
v -0.2432793825864792 -0.17115512490272522 0.0330827571451664
v -0.231474831700325 -0.16893133521080017 0.035503339022397995
v -0.23814259469509125 -0.17277713119983673 0.04238782823085785
v -0.24458874762058258 -0.1692478507757187 0.03433935344219208
v -0.24651029706001282 -0.17108264565467834 0.03565046936273575
v -0.24497118592262268 -0.17169171571731567 0.03883911296725273
v 0.24594098329544067 -0.2535185217857361 0.12231843173503876
v 0.2514388859272003 -0.2406347692012787 0.12774868309497833
v 0.2395257204771042 -0.24955929815769196 0.1279006004333496
v 0.23504240810871124 -0.24680352210998535 0.1295296549797058
v 0.24666768312454224 -0.24124445021152496 0.12975041568279266
v 0.24213756620883942 -0.25188761949539185 0.1295166313648224
v 0.24415944516658783 -0.24302741885185242 0.12941354513168335
v 0.2531697750091553 -0.24555499851703644 0.12098563462495804
v 0.25293242931365967 -0.2495303899049759 0.11979767680168152
v -0.26531553268432617 -0.12154129147529602 -0.0444234162569046
v -0.2437884360551834 -0.09803847968578339 -0.06524191796779633
v -0.3030795156955719 -0.16601476073265076 -0.0008923113346099854
v -0.2807253897190094 -0.11057019978761673 -0.009774968028068542
v -0.33243051171302795 -0.19656166434288025 0.0038754045963287354
v -0.2129502296447754 -0.11413784325122833 -0.09159065783023834
v -0.20700204372406006 -0.11954355239868164 -0.08452354371547699
v -0.21793797612190247 -0.11378452181816101 -0.07811251282691956
v -0.2163490653038025 -0.11141745746135712 -0.10124450922012329
v -0.21727398037910461 -0.10196816921234131 -0.11596189439296722
v -0.2112514078617096 -0.14527016878128052 -0.041507091373205185
v -0.21883603930473328 -0.13213109970092773 -0.07391870766878128
v -0.2534120976924896 -0.14281761646270752 -0.06453752517700195
v -0.27225324511528015 -0.140914186835289 -0.03544414043426514
v -0.3128187954425812 -0.1892259269952774 0.018963266164064407
v -0.27218928933143616 -0.183645099401474 0.014456775039434433
v -0.25194939970970154 -0.167909175157547 0.015869945287704468
v -0.28457480669021606 -0.16185782849788666 -0.03847646713256836
v -0.2899608314037323 -0.17751023173332214 -0.030864911153912544
v -0.3073885440826416 -0.1853540688753128 -0.01791990175843239
v -0.3208483159542084 -0.18851207196712494 -0.0030529052019119263
v -0.23544183373451233 -0.16903537511825562 0.0315682590007782
v -0.23930886387825012 -0.16932040452957153 0.034310102462768555
v -0.24940110743045807 -0.17194347083568573 0.03904653340578079
v -0.2504883110523224 -0.16813774406909943 0.03911808505654335
v -0.23388880491256714 -0.16875424981117249 0.039744652807712555
v -0.24254129827022552 -0.17484387755393982 0.04167993739247322
v -0.24686279892921448 -0.1696305274963379 0.03319103643298149
v -0.2492145448923111 -0.17280428111553192 0.03529401868581772
v -0.252449631690979 -0.1704859435558319 0.031436700373888016
v 0.2501102387905121 -0.25098422169685364 0.11852279305458069
v 0.2502877414226532 -0.2501044273376465 0.12775872647762299
v 0.24668976664543152 -0.24548044800758362 0.1317739635705948
v 0.24339279532432556 -0.24732808768749237 0.12978225946426392
v 0.24473541975021362 -0.2505309283733368 0.1340670883655548
v 0.24657541513442993 -0.24944059550762177 0.13533806800842285
v 0.24758201837539673 -0.246270090341568 0.13633988797664642
v 0.25233712792396545 -0.2442607432603836 0.13341596722602844
v -0.278339147567749 -0.10811256617307663 -0.024640291929244995
v -0.2772988975048065 -0.13456061482429504 -0.03273862600326538
v -0.2423991858959198 -0.12752856314182281 -0.04777294397354126
v -0.2222449630498886 -0.13347619771957397 -0.05993965268135071
v -0.22577053308486938 -0.1117517501115799 -0.07266230881214142
v -0.3065808415412903 -0.19277691841125488 0.0053688883781433105
v -0.29103562235832214 -0.1784329116344452 -0.004030048847198486
v -0.2902565598487854 -0.14183132350444794 -0.016154944896697998
v -0.338956743478775 -0.2182992696762085 1.806020736694336e-05
v -0.1966247260570526 -0.12860876321792603 -0.07835505902767181
v -0.19729341566562653 -0.12400487065315247 -0.08988778293132782
v -0.2026183158159256 -0.1185276061296463 -0.09972606599330902
v -0.20517820119857788 -0.13075268268585205 -0.07166467607021332
v -0.35827112197875977 -0.23240816593170166 -0.010617315769195557
v -0.2085457146167755 -0.11185100674629211 -0.10794006288051605
v -0.20944909751415253 -0.09300702810287476 -0.12455174326896667
v -0.23838625848293304 -0.16923603415489197 -0.008801817893981934
v -0.23257838189601898 -0.1544414609670639 -0.049338534474372864
v -0.26693570613861084 -0.16811755299568176 -0.04287774860858917
v -0.3242742717266083 -0.19356390833854675 0.012294109910726547
v -0.30035218596458435 -0.19316312670707703 0.02732948213815689
v -0.26183995604515076 -0.18477195501327515 0.003889620304107666
v -0.2751208245754242 -0.18487751483917236 -0.023319996893405914
v -0.2932295799255371 -0.1894683688879013 -0.019548743963241577
v -0.3066178560256958 -0.19399452209472656 -0.016844116151332855
v -0.3213684856891632 -0.1908738613128662 -0.00903337448835373
v -0.237522155046463 -0.16974279284477234 0.03521665558218956
v -0.24336311221122742 -0.17295391857624054 0.035748403519392014
v -0.2540532350540161 -0.1705901324748993 0.043270573019981384
v -0.2502199709415436 -0.17575432360172272 0.04294029250741005
v -0.24160824716091156 -0.17264465987682343 0.04248083755373955
v -0.2508525550365448 -0.17661941051483154 0.04090520739555359
v -0.2520310580730438 -0.1697329431772232 0.03697672486305237
v -0.2546177804470062 -0.17294125258922577 0.03843170031905174
v -0.2549321949481964 -0.17303062975406647 0.03722119331359863
v 0.25649744272232056 -0.24779042601585388 0.12517231702804565
v 0.25031226873397827 -0.2506500482559204 0.1317024827003479
v 0.2540852427482605 -0.25710952281951904 0.14327630400657654
v 0.25503009557724 -0.25713151693344116 0.15012064576148987
v 0.25583773851394653 -0.2514442205429077 0.14522267878055573
v 0.2572200894355774 -0.25105908513069153 0.14299669861793518
v -0.2584402859210968 -0.14649105072021484 -0.03060045838356018
v -0.23070822656154633 -0.15445241332054138 -0.04653245210647583
v -0.2030607908964157 -0.1448398232460022 -0.06398998200893402
v -0.3180137574672699 -0.21741968393325806 0.006157666444778442
v -0.2890133559703827 -0.20123355090618134 0.0020321011543273926
v -0.2718924582004547 -0.16262435913085938 -0.016338050365447998
v -0.2712911367416382 -0.19268545508384705 -0.0046971142292022705
v -0.3415820896625519 -0.23252108693122864 -0.002686530351638794
v -0.18648375570774078 -0.14256125688552856 -0.07280310988426208
v -0.19339385628700256 -0.1284809410572052 -0.0837503969669342
v -0.18397833406925201 -0.1366869956254959 -0.08199886977672577
v -0.19294986128807068 -0.12216278910636902 -0.09805852174758911
v -0.19630002975463867 -0.11587537825107574 -0.10680465400218964
v -0.20295795798301697 -0.10482494533061981 -0.11822676658630371
v -0.20421971380710602 -0.08546563982963562 -0.13255992531776428
v -0.2572205662727356 -0.1798812597990036 -0.02102157659828663
v -0.3284279406070709 -0.1954483985900879 0.009773407131433487
v -0.31848132610321045 -0.19795110821723938 0.02289041131734848
v -0.2816911041736603 -0.1957765817642212 0.02073017507791519
v -0.277283638715744 -0.19713541865348816 0.0016508884727954865
v -0.28322064876556396 -0.20172055065631866 -0.0022743605077266693
v -0.2919873297214508 -0.20333363115787506 -0.009021375328302383
v -0.3182846009731293 -0.19706329703330994 -0.00957459956407547
v -0.3051539361476898 -0.20477202534675598 -0.010554514825344086
v -0.24133743345737457 -0.17276465892791748 0.03737416863441467
v -0.2459152340888977 -0.1793101727962494 0.042231034487485886
v -0.25449898838996887 -0.17846697568893433 0.04778561368584633
v -0.2506551742553711 -0.18339896202087402 0.04732785373926163
v -0.2451646327972412 -0.1797998696565628 0.04179956391453743
v -0.2569708228111267 -0.18062366545200348 0.03386811912059784
v -0.25375136733055115 -0.17502310872077942 0.044779811054468155
v -0.26539891958236694 -0.17804424464702606 0.04300687462091446
v -0.25911834836006165 -0.1760779470205307 0.04775674641132355
v 0.25379106402397156 -0.24698518216609955 0.1312808394432068
v 0.25485506653785706 -0.249471977353096 0.13536258041858673
v 0.2701835036277771 -0.2615553140640259 0.1635538786649704
v 0.26472747325897217 -0.26222914457321167 0.15467539429664612
v 0.24893832206726074 -0.2494317889213562 0.1331581473350525
v -0.2464800775051117 -0.1555311679840088 -0.037166446447372437
v -0.230929896235466 -0.17658013105392456 -0.033346593379974365
v -0.21058723330497742 -0.15802255272865295 -0.05553174018859863
v -0.19115017354488373 -0.15777340531349182 -0.07144235074520111
v -0.2976864278316498 -0.21921156346797943 0.007003843784332275
v -0.3274948298931122 -0.2322242558002472 0.0016016960144042969
v -0.28034335374832153 -0.21623411774635315 0.0032261908054351807
v -0.2599727213382721 -0.20669177174568176 -0.007132530212402344
v -0.25079217553138733 -0.17912103235721588 -0.01709645986557007
v -0.3442361056804657 -0.24768052995204926 -0.008686095476150513
v -0.17981408536434174 -0.14657385647296906 -0.08170665800571442
v -0.17625153064727783 -0.14251263439655304 -0.08914555609226227
v -0.1849445402622223 -0.1300085484981537 -0.0903250128030777
v -0.18539680540561676 -0.12181413173675537 -0.10574714839458466
v -0.19171129167079926 -0.10883709788322449 -0.11845986545085907
v -0.1981566846370697 -0.09697403013706207 -0.12566357851028442
v -0.3218066096305847 -0.20163686573505402 0.025025364011526108
v -0.32589879631996155 -0.1936551034450531 0.0026477836072444916
v -0.3044712245464325 -0.2026994377374649 0.033090706914663315
v -0.29111334681510925 -0.2074422538280487 0.031222518533468246
v -0.2830389142036438 -0.20685385167598724 0.01408436894416809
v -0.2868454158306122 -0.20610375702381134 0.003548242151737213
v -0.30153152346611023 -0.2089199274778366 -0.007221966981887817
v -0.3156224489212036 -0.2019875943660736 -0.015531830489635468
v -0.24477533996105194 -0.18109911680221558 0.043948668986558914
v -0.24992194771766663 -0.18753984570503235 0.043483320623636246
v -0.2546460032463074 -0.1859634816646576 0.05290275812149048
v -0.25447094440460205 -0.1929256170988083 0.049820613116025925
v -0.253757119178772 -0.1854296326637268 0.03852954879403114
v -0.2681649327278137 -0.18375612795352936 0.03724680840969086
v -0.25595247745513916 -0.18268907070159912 0.051696449518203735
v -0.265449196100235 -0.18249393999576569 0.0585523284971714
v -0.2674414813518524 -0.1804833561182022 0.0547652542591095
v 0.25746724009513855 -0.2557910680770874 0.14205700159072876
v 0.266463041305542 -0.2516885995864868 0.15447430312633514
v 0.2845771610736847 -0.25876399874687195 0.1682666838169098
v 0.2819719910621643 -0.25764426589012146 0.1688462197780609
v 0.26416197419166565 -0.24772094190120697 0.14791017770767212
v 0.2669634222984314 -0.2482830286026001 0.1475571095943451
v -0.2361910492181778 -0.19107680022716522 -0.02431870996952057
v -0.21912088990211487 -0.17323268949985504 -0.045551761984825134
v -0.1999502331018448 -0.16657574474811554 -0.06456467509269714
v -0.1796908974647522 -0.16073013842105865 -0.07881984114646912
v -0.292735755443573 -0.23651300370693207 0.00516471266746521
v -0.30988600850105286 -0.2392505705356598 0.0055449604988098145
v -0.3268470764160156 -0.24679350852966309 -0.0005690157413482666
v -0.26585137844085693 -0.22489863634109497 -0.0008660852909088135
v -0.2418530434370041 -0.20486077666282654 -0.015548750758171082
v -0.34807515144348145 -0.25922322273254395 -0.015088856220245361
v -0.17210055887699127 -0.15665583312511444 -0.08755812048912048
v -0.16747239232063293 -0.1514274775981903 -0.09548360109329224
v -0.1754971593618393 -0.1368619203567505 -0.09891842305660248
v -0.18285396695137024 -0.11524032056331635 -0.12095591425895691
v -0.19028547406196594 -0.10267224907875061 -0.12776562571525574
v -0.19739830493927002 -0.08975088596343994 -0.1321367472410202
v -0.3225752115249634 -0.1952608972787857 0.021542012691497803
v -0.3106878399848938 -0.20229104161262512 0.031135480850934982
v -0.32638099789619446 -0.19546844065189362 -0.0028693787753582
v -0.29452481865882874 -0.20030781626701355 0.03340107202529907
v -0.2805766761302948 -0.20066918432712555 0.02647392824292183
v -0.2804744243621826 -0.20988352596759796 0.01699778065085411
v -0.28357407450675964 -0.21146544814109802 0.0022771283984184265
v -0.3092254102230072 -0.21154077351093292 -0.01202370598912239
v -0.24970707297325134 -0.18946276605129242 0.04339485242962837
v -0.2564126253128052 -0.1966685950756073 0.045800723135471344
v -0.2574757933616638 -0.1912309229373932 0.05704226717352867
v -0.26165539026260376 -0.20316283404827118 0.05221663787961006
v -0.265455037355423 -0.19318756461143494 0.03485811501741409
v -0.27113601565361023 -0.1816733479499817 0.042300935834646225
v -0.2609168291091919 -0.18724612891674042 0.05974680557847023
v -0.2704068124294281 -0.18443980813026428 0.06488706171512604
v -0.27291572093963623 -0.18204891681671143 0.05966056138277054
v 0.26394790410995483 -0.24881380796432495 0.14738160371780396
v 0.274427592754364 -0.2559652328491211 0.15901952981948853
v 0.2792297601699829 -0.24940747022628784 0.15776559710502625
v 0.30004915595054626 -0.2474956214427948 0.17676353454589844
v 0.2932172119617462 -0.24859918653964996 0.17697151005268097
v 0.283748596906662 -0.24350109696388245 0.16164502501487732
v 0.2769251763820648 -0.24519364535808563 0.15682926774024963
v -0.2264798879623413 -0.18893574178218842 -0.036124661564826965
v -0.20794227719306946 -0.17651015520095825 -0.05819730460643768
v -0.18858888745307922 -0.17255434393882751 -0.07361625134944916
v -0.16917161643505096 -0.16949540376663208 -0.0878063291311264
v -0.30166274309158325 -0.2525878846645355 0.002498120069503784
v -0.27748221158981323 -0.23688669502735138 0.0040923357009887695
v -0.31445756554603577 -0.25866472721099854 -0.0003808140754699707
v -0.33087265491485596 -0.26382720470428467 -0.00658532977104187
v -0.24987056851387024 -0.22410324215888977 -0.0073699951171875
v -0.2322555035352707 -0.20249682664871216 -0.025461018085479736
v -0.3473874032497406 -0.2730645537376404 -0.018905609846115112
v -0.162095308303833 -0.16393262147903442 -0.09623140096664429
v -0.1656583845615387 -0.14564596116542816 -0.10629498958587646
v -0.15709801018238068 -0.1566658467054367 -0.10820163786411285
v -0.17290058732032776 -0.1308315396308899 -0.1133485734462738
v -0.18147282302379608 -0.10818076133728027 -0.13241338729858398
v -0.1896086484193802 -0.09740367531776428 -0.1351129412651062
v -0.1948319375514984 -0.08708058297634125 -0.1413370966911316
v -0.32486653327941895 -0.19029046595096588 0.012754779309034348
v -0.308322936296463 -0.19023869931697845 0.03270965814590454
v -0.3200605511665344 -0.20423929393291473 -0.017121396958827972
v -0.2883801758289337 -0.19140177965164185 0.036625005304813385
v -0.2772009074687958 -0.1951352059841156 0.035774875432252884
v -0.27551788091659546 -0.20623257756233215 0.027296319603919983
v -0.3073320686817169 -0.2133072167634964 -0.019148774445056915
v -0.2744678556919098 -0.21424677968025208 0.009207498282194138
v -0.259679913520813 -0.19622820615768433 0.03960626572370529
v -0.2637142539024353 -0.20302057266235352 0.04186404496431351
v -0.26557791233062744 -0.19442148506641388 0.06629572808742523
v -0.27362680435180664 -0.20536702871322632 0.06089573726058006
v -0.2712918221950531 -0.1918242871761322 0.0371415950357914
v -0.27875614166259766 -0.18618904054164886 0.0533292293548584
v -0.26884323358535767 -0.18393613398075104 0.06827490776777267
v -0.28015032410621643 -0.18794886767864227 0.0725339874625206
v -0.28430598974227905 -0.18689844012260437 0.06734518706798553
v 0.2836541533470154 -0.24245183169841766 0.16318508982658386
v 0.2944140136241913 -0.2445453554391861 0.17290697991847992
v 0.2911067605018616 -0.24212302267551422 0.16735416650772095
v 0.30657505989074707 -0.2379235178232193 0.1810888648033142
v 0.30668750405311584 -0.2421823889017105 0.17896072566509247
v 0.29525068402290344 -0.23888951539993286 0.1771315634250641
v 0.2978968620300293 -0.237709179520607 0.1764640063047409
v -0.21403786540031433 -0.18676123023033142 -0.05176052451133728
v -0.19804328680038452 -0.18372727930545807 -0.06721079349517822
v -0.17452536523342133 -0.1808813065290451 -0.08408872783184052
v -0.16206182539463043 -0.17871758341789246 -0.09265491366386414
v -0.2996394634246826 -0.26794981956481934 0.0015186071395874023
v -0.2887248396873474 -0.25504812598228455 0.0022884905338287354
v -0.26377245783805847 -0.24015489220619202 -0.0015225410461425781
v -0.31724119186401367 -0.2765614986419678 -0.005971312522888184
v -0.3302323818206787 -0.28375500440597534 -0.013659387826919556
v -0.23628154397010803 -0.22263044118881226 -0.017054200172424316
v -0.22585634887218475 -0.19860070943832397 -0.04059876501560211
v -0.3467613756656647 -0.2914486527442932 -0.025661438703536987
v -0.150774747133255 -0.1741596907377243 -0.10615426301956177
v -0.14846965670585632 -0.15989549458026886 -0.12144681811332703
v -0.16029706597328186 -0.14287929236888885 -0.12235675752162933
v -0.17157262563705444 -0.12385433912277222 -0.12893831729888916
v -0.173368901014328 -0.113034188747406 -0.14488811790943146
v -0.1837778240442276 -0.09859703481197357 -0.14399927854537964
v -0.19136467576026917 -0.08651667833328247 -0.1545151174068451
v -0.3313567638397217 -0.18665312230587006 0.004264820367097855
v -0.33250075578689575 -0.19488634169101715 -0.009908903390169144
v -0.31759756803512573 -0.18283779919147491 0.02266688272356987
v -0.3219667077064514 -0.1988959163427353 -0.022618558257818222
v -0.29539963603019714 -0.1800502985715866 0.03779697045683861
v -0.2769017517566681 -0.18573632836341858 0.04212447628378868
v -0.267316997051239 -0.2013094574213028 0.030426636338233948
v -0.28641510009765625 -0.21375709772109985 -0.004011362791061401
v -0.3095911145210266 -0.20994319021701813 -0.02018481120467186
v -0.2731732726097107 -0.200593039393425 0.03796590492129326
v -0.27479180693626404 -0.21054676175117493 0.05137355625629425
v -0.2800254225730896 -0.20055584609508514 0.07080105692148209
v -0.2828844487667084 -0.2082492709159851 0.0636143684387207
v -0.27533525228500366 -0.19145871698856354 0.04398033395409584
v -0.2884705066680908 -0.19160299003124237 0.06158219277858734
v -0.2765757143497467 -0.1895941197872162 0.07534849643707275
v -0.29534539580345154 -0.19210779666900635 0.08248236775398254
v -0.29286736249923706 -0.1940782368183136 0.08398488163948059
v 0.29707083106040955 -0.23419111967086792 0.18152183294296265
v 0.301533043384552 -0.2324102818965912 0.18493831157684326
v 0.2983407974243164 -0.24285417795181274 0.17552264034748077
v 0.3137211501598358 -0.23477643728256226 0.17979295551776886
v 0.31200677156448364 -0.23881644010543823 0.1762276291847229
v 0.3014462888240814 -0.23986726999282837 0.18243882060050964
v 0.2986292243003845 -0.22874578833580017 0.1882907748222351
v -0.20517191290855408 -0.19373396039009094 -0.06353932619094849
v -0.1858138144016266 -0.18797937035560608 -0.07690075039863586
v -0.16547319293022156 -0.19232557713985443 -0.09017303586006165
v -0.15506014227867126 -0.19152764976024628 -0.09719283878803253
v -0.2758375406265259 -0.2543303370475769 0.0010783970355987549
v -0.2514352798461914 -0.2435685098171234 -0.010336220264434814
v -0.3184456527233124 -0.29131007194519043 -0.010585308074951172
v -0.3276100754737854 -0.29930880665779114 -0.01623794436454773
v -0.2298504114151001 -0.22128549218177795 -0.03073766827583313
v -0.21142759919166565 -0.20191773772239685 -0.05717909336090088
v -0.35133737325668335 -0.30112528800964355 -0.03562730550765991
v -0.1415899097919464 -0.17645663022994995 -0.12349763512611389
v -0.1420775055885315 -0.16460591554641724 -0.13530798256397247
v -0.15021488070487976 -0.14848539233207703 -0.13778814673423767
v -0.16105002164840698 -0.13191069662570953 -0.13967499136924744
v -0.16494229435920715 -0.11960861086845398 -0.15665796399116516
v -0.1764134168624878 -0.10029739141464233 -0.16082149744033813
v -0.18806366622447968 -0.0861777514219284 -0.17121607065200806
v -0.1937347948551178 -0.08063827455043793 -0.18399962782859802
v -0.31901106238365173 -0.17854133248329163 0.020015358924865723
v -0.3335104286670685 -0.18600709736347198 -0.017254266887903214
v -0.3311622738838196 -0.17628642916679382 0.0031698904931545258
v -0.3284730315208435 -0.19558082520961761 -0.029240569099783897
v -0.2982669174671173 -0.17413946986198425 0.032339464873075485
v -0.27465176582336426 -0.18279801309108734 0.034266501665115356
v -0.26611462235450745 -0.2105233371257782 0.014055192470550537
v -0.3183416724205017 -0.19923709332942963 -0.027417870238423347
v -0.2974691092967987 -0.2088373899459839 -0.016642775386571884
v -0.2761273980140686 -0.20147950947284698 0.04325049743056297
v -0.2767595946788788 -0.21225962042808533 0.05420085787773132
v -0.28941741585731506 -0.20866286754608154 0.07370725274085999
v -0.28647148609161377 -0.22100134193897247 0.06604044884443283
v -0.28170913457870483 -0.19401027262210846 0.05334943160414696
v -0.29941922426223755 -0.19286513328552246 0.07318022847175598
v -0.2886028289794922 -0.20078173279762268 0.08076426386833191
v -0.3083818256855011 -0.20884177088737488 0.0949869304895401
v -0.31207388639450073 -0.20317094027996063 0.10120005905628204
v 0.3023688495159149 -0.22308878600597382 0.18960033357143402
v 0.30373048782348633 -0.22131001949310303 0.1909695267677307
v 0.30934250354766846 -0.24069230258464813 0.18064428865909576
v 0.31602516770362854 -0.23495066165924072 0.17357926070690155
v 0.3134005069732666 -0.23816651105880737 0.17517516016960144
v 0.30358266830444336 -0.22231678664684296 0.1873774528503418
v 0.3019069731235504 -0.23262007534503937 0.18485212326049805
v -0.1927398145198822 -0.19960394501686096 -0.07176417112350464
v -0.17527201771736145 -0.19308283925056458 -0.08345884084701538
v -0.15927202999591827 -0.20111623406410217 -0.09435795247554779
v -0.14308521151542664 -0.19292406737804413 -0.11030031740665436
v -0.2822335660457611 -0.27522873878479004 0.0007339119911193848
v -0.265365332365036 -0.2628943622112274 -0.003412395715713501
v -0.2358752340078354 -0.2486950010061264 -0.02129983901977539
v -0.31388041377067566 -0.30671426653862 -0.012056291103363037
v -0.3027842044830322 -0.2920122742652893 -0.0037779808044433594
v -0.332842618227005 -0.309934139251709 -0.025939732789993286
v -0.21579866111278534 -0.22124099731445312 -0.054693058133125305
v -0.2024926394224167 -0.21577653288841248 -0.06827640533447266
v -0.3488200306892395 -0.3032017946243286 -0.04775887727737427
v -0.13648203015327454 -0.17718084156513214 -0.13686302304267883
v -0.1359562873840332 -0.17161567509174347 -0.15080858767032623
v -0.14369726181030273 -0.15544818341732025 -0.1500239223241806
v -0.15227816998958588 -0.14113575220108032 -0.15239936113357544
v -0.15397001802921295 -0.1327386200428009 -0.16953109204769135
v -0.16595801711082458 -0.11197161674499512 -0.1735924780368805
v -0.17950960993766785 -0.09222818911075592 -0.18193824589252472
v -0.18963108956813812 -0.08324743807315826 -0.20288188755512238
v -0.3140054941177368 -0.16993966698646545 0.018650855869054794
v -0.3299398124217987 -0.17713044583797455 -0.013613738119602203
v -0.3220122456550598 -0.1682412177324295 0.003669384866952896
v -0.3252391517162323 -0.17904913425445557 -0.022223103791475296
v -0.2910560667514801 -0.17265361547470093 0.03085840493440628
v -0.26619502902030945 -0.18810009956359863 0.02746136486530304
v -0.277082234621048 -0.2095787525177002 0.0018849559128284454
v -0.3159438967704773 -0.2041146606206894 -0.026107532903552055
v -0.32541999220848083 -0.19092893600463867 -0.022848602384328842
v -0.2798631191253662 -0.20480495691299438 0.048461269587278366
v -0.28336355090141296 -0.2179274708032608 0.05381997674703598
v -0.2935301661491394 -0.2265097200870514 0.07735888659954071
v -0.29869335889816284 -0.23193871974945068 0.06644628196954727
v -0.29423171281814575 -0.20147743821144104 0.058272719383239746
v -0.3185996115207672 -0.19697724282741547 0.09008192270994186
v -0.2957995533943176 -0.2167036533355713 0.08563511073589325
v -0.33386221528053284 -0.22278445959091187 0.11459515243768692
v -0.3236830532550812 -0.23229371011257172 0.09914035350084305
v 0.30192646384239197 -0.21698763966560364 0.1799234300851822
v 0.3061366677284241 -0.22064433991909027 0.17541387677192688
v 0.3117292523384094 -0.22602279484272003 0.17639487981796265
v 0.30580994486808777 -0.23959225416183472 0.1800335794687271
v 0.30911117792129517 -0.23579086363315582 0.17410530149936676
v 0.31375062465667725 -0.2327980250120163 0.16859404742717743
v 0.3019040524959564 -0.223617285490036 0.1805800497531891
v 0.3006981909275055 -0.2188018411397934 0.17564134299755096
v -0.17961053550243378 -0.2016151249408722 -0.080134317278862
v -0.16770221292972565 -0.20462043583393097 -0.08759823441505432
v -0.1503063291311264 -0.20796643197536469 -0.10021573305130005
v -0.13373497128486633 -0.19415327906608582 -0.13004633784294128
v -0.2510557472705841 -0.2699113190174103 -0.010998845100402832
v -0.22330331802368164 -0.24939757585525513 -0.040458619594573975
v -0.3224540650844574 -0.3139815926551819 -0.0191381573677063
v -0.30197250843048096 -0.3122120499610901 -0.010286778211593628
v -0.33424171805381775 -0.318521112203598 -0.03782624006271362
v -0.20795975625514984 -0.24213849008083344 -0.06744411587715149
v -0.18478114902973175 -0.21901531517505646 -0.07885579764842987
v -0.34485459327697754 -0.30302953720092773 -0.06332024931907654
v -0.130611389875412 -0.18444648385047913 -0.1476501077413559
v -0.1311252862215042 -0.17770105600357056 -0.16290335357189178
v -0.1377612054347992 -0.16482780873775482 -0.1649875044822693
v -0.1445312201976776 -0.15109500288963318 -0.16489240527153015
v -0.1495867669582367 -0.14479033648967743 -0.18530094623565674
v -0.15843208134174347 -0.12557220458984375 -0.18774960935115814
v -0.17081135511398315 -0.10332709550857544 -0.19362327456474304
v -0.18213671445846558 -0.09958720207214355 -0.21446487307548523
v -0.30097413063049316 -0.1646789014339447 0.02255639061331749
v -0.32326266169548035 -0.16732759773731232 -0.005870897322893143
v -0.3088003993034363 -0.16143327951431274 0.009560808539390564
v -0.32325834035873413 -0.17824386060237885 -0.013008762151002884
v -0.28074005246162415 -0.1741805076599121 0.03175301477313042
v -0.26547449827194214 -0.19519805908203125 0.015856344252824783
v -0.2896595299243927 -0.20935235917568207 -0.01548740267753601
v -0.32326653599739075 -0.19464997947216034 -0.019825033843517303
v -0.3240179121494293 -0.18167179822921753 -0.013879436999559402
v -0.2925875782966614 -0.2142011821269989 0.05404194816946983
v -0.297962486743927 -0.22946612536907196 0.056222669780254364
v -0.3150956630706787 -0.23660506308078766 0.06250984966754913
v -0.3325633108615875 -0.23970624804496765 0.09173989295959473
v -0.32064101099967957 -0.20159170031547546 0.07513293623924255
v -0.34195929765701294 -0.21069443225860596 0.10936443507671356
v -0.3146604299545288 -0.24060411751270294 0.08520378172397614
v -0.3493131399154663 -0.23579443991184235 0.11477172374725342
v -0.34410253167152405 -0.24411019682884216 0.10696451365947723
v 0.30575060844421387 -0.21835575997829437 0.1716742366552353
v 0.30882716178894043 -0.21964430809020996 0.1691352277994156
v 0.3125505745410919 -0.2273777574300766 0.16701792180538177
v 0.3025982677936554 -0.23307451605796814 0.17360326647758484
v 0.3103761076927185 -0.232353076338768 0.1718372255563736
v 0.30749428272247314 -0.2332673817873001 0.17374905943870544
v 0.3018982708454132 -0.23020292818546295 0.17641717195510864
v 0.30665460228919983 -0.2213691771030426 0.1741897612810135
v 0.30814868211746216 -0.21793432533740997 0.1720634251832962
v -0.1712489128112793 -0.21629995107650757 -0.08541819453239441
v -0.1593957543373108 -0.2144012451171875 -0.09451346099376678
v -0.1413174569606781 -0.21380165219306946 -0.11376868188381195
v -0.12722870707511902 -0.19865234196186066 -0.14787867665290833
v -0.2712506651878357 -0.2907528877258301 -0.005862623453140259
v -0.23150011897087097 -0.2863130271434784 -0.024674922227859497
v -0.21012112498283386 -0.262790322303772 -0.06828555464744568
v -0.32145166397094727 -0.32523366808891296 -0.02460584044456482
v -0.3107745349407196 -0.32286137342453003 -0.01662421226501465
v -0.2856871485710144 -0.3061278462409973 -0.005958229303359985
v -0.3330342769622803 -0.3173838257789612 -0.04889652132987976
v -0.17533810436725616 -0.23407185077667236 -0.08501534163951874
v -0.3427395522594452 -0.30785131454467773 -0.07993987202644348
v -0.12626343965530396 -0.18985947966575623 -0.16242645680904388
v -0.13396909832954407 -0.17064742743968964 -0.17587505280971527
v -0.12773001194000244 -0.18292146921157837 -0.176279217004776
v -0.1398402899503708 -0.1596875786781311 -0.17817512154579163
v -0.14618898928165436 -0.1518365740776062 -0.19701232016086578
v -0.16061124205589294 -0.13919349014759064 -0.20047059655189514
v -0.17509618401527405 -0.11858031153678894 -0.20326784253120422
v -0.18954293429851532 -0.09637707471847534 -0.23626863956451416
v -0.2862017750740051 -0.16646571457386017 0.022368285804986954
v -0.29367420077323914 -0.16396477818489075 0.012030530720949173
v -0.315508633852005 -0.16513407230377197 -0.001372065395116806
v -0.31455329060554504 -0.17087793350219727 0.0012738928198814392
v -0.2677747309207916 -0.17808859050273895 0.025753777474164963
v -0.2701365649700165 -0.20214435458183289 0.004346519708633423
v -0.30412980914115906 -0.20493806898593903 -0.02104610949754715
v -0.32036930322647095 -0.1913328766822815 -0.01252603530883789
v -0.3192286789417267 -0.181168794631958 -0.006357681006193161
v -0.3147202432155609 -0.21683724224567413 0.061053238809108734
v -0.33348384499549866 -0.2322707325220108 0.06635032594203949
v -0.3551657497882843 -0.24012179672718048 0.08038890361785889
v -0.36118337512016296 -0.24826686084270477 0.07723325490951538
v -0.34815388917922974 -0.20932556688785553 0.09349700063467026
v -0.3546527028083801 -0.227585107088089 0.11805006116628647
v -0.3484775722026825 -0.24993428587913513 0.08389362692832947
v -0.360007107257843 -0.2387816309928894 0.11736796796321869
v -0.35430192947387695 -0.24721437692642212 0.11063198745250702
v 0.31182369589805603 -0.21901792287826538 0.1697942167520523
v 0.3116860091686249 -0.21973448991775513 0.16342264413833618
v 0.3093462884426117 -0.2273385375738144 0.16133680939674377
v 0.30481553077697754 -0.22781915962696075 0.17492139339447021
v 0.3064151108264923 -0.23108971118927002 0.17724968492984772
v 0.30360957980155945 -0.2258315533399582 0.17460402846336365
v 0.3042701482772827 -0.22555038332939148 0.17357754707336426
v 0.3178628385066986 -0.21830791234970093 0.1693371832370758
v 0.3155394196510315 -0.2148139774799347 0.17026472091674805
v -0.16088584065437317 -0.22869601845741272 -0.09651355445384979
v -0.15106697380542755 -0.22546780109405518 -0.10288633406162262
v -0.13420984148979187 -0.2179391235113144 -0.13249245285987854
v -0.12355493009090424 -0.20012347400188446 -0.16430263221263885
v -0.21756711602210999 -0.29178643226623535 -0.04217877984046936
v -0.24442239105701447 -0.3068132698535919 -0.017239928245544434
v -0.2055232971906662 -0.27726852893829346 -0.0736541748046875
v -0.19848817586898804 -0.25811463594436646 -0.07506132125854492
v -0.3048388659954071 -0.33632543683052063 -0.024211108684539795
v -0.319902628660202 -0.33401644229888916 -0.03765156865119934
v -0.2918037176132202 -0.32838666439056396 -0.014176934957504272
v -0.2703538239002228 -0.32181820273399353 -0.012106359004974365
v -0.3324848413467407 -0.32010138034820557 -0.061675965785980225
v -0.19253723323345184 -0.23699434101581573 -0.07560494542121887
v -0.16780877113342285 -0.2479480654001236 -0.09620687365531921
v -0.18274153769016266 -0.2522048354148865 -0.08537556231021881
v -0.34720656275749207 -0.31493717432022095 -0.10601937770843506
v -0.12285342812538147 -0.19359885156154633 -0.17614923417568207
v -0.12553763389587402 -0.18599094450473785 -0.18946699798107147
v -0.13109730184078217 -0.17675137519836426 -0.18647998571395874
v -0.13622313737869263 -0.1657361090183258 -0.1910228580236435
v -0.15448403358459473 -0.14710688591003418 -0.2149062603712082
v -0.17445072531700134 -0.1347065269947052 -0.22567223012447357
v -0.17961305379867554 -0.11060269176959991 -0.2343985140323639
v -0.1858784556388855 -0.09788808226585388 -0.254605233669281
v -0.2740519940853119 -0.17513787746429443 0.02433786913752556
v -0.2824254333972931 -0.17429795861244202 0.021998316049575806
v -0.30215775966644287 -0.16931557655334473 0.013613667339086533
v -0.3087822198867798 -0.17828631401062012 0.009873013943433762
v -0.26765620708465576 -0.1879468411207199 0.018076319247484207
v -0.28060731291770935 -0.206379234790802 -0.011404808610677719
v -0.31600627303123474 -0.20329776406288147 -0.024913165718317032
v -0.32221028208732605 -0.19252383708953857 -0.0021946951746940613
v -0.3149874806404114 -0.1844947189092636 0.009473610669374466
v -0.3458936810493469 -0.22023119032382965 0.07539082318544388
v -0.36050087213516235 -0.23465898633003235 0.07847945392131805
v -0.36283403635025024 -0.2510623335838318 0.08935397863388062
v -0.3716268241405487 -0.2567857503890991 0.08114327490329742
v -0.36570629477500916 -0.22099140286445618 0.10824042558670044
v -0.36892032623291016 -0.23432743549346924 0.12063238024711609
v -0.3539237678050995 -0.25148382782936096 0.09720781445503235
v -0.37011587619781494 -0.23559217154979706 0.12063968181610107
v -0.36166009306907654 -0.24676619470119476 0.11405187845230103
v 0.3215428590774536 -0.22134749591350555 0.16471579670906067
v 0.3207508325576782 -0.22805748879909515 0.16882747411727905
v 0.31891852617263794 -0.2335093915462494 0.175355464220047
v 0.30803248286247253 -0.21755066514015198 0.1759776473045349
v 0.3185969889163971 -0.22485852241516113 0.20174920558929443
v 0.31043070554733276 -0.21646523475646973 0.19310498237609863
v 0.3121985197067261 -0.21500426530838013 0.17293301224708557
v 0.3271511495113373 -0.20806874334812164 0.17216083407402039
v 0.34058862924575806 -0.2144157886505127 0.1718830168247223
v -0.157435804605484 -0.2419479638338089 -0.10464221239089966
v -0.1459072381258011 -0.2398419827222824 -0.11781823635101318
v -0.1251937299966812 -0.21783483028411865 -0.15451036393642426
v -0.1204976886510849 -0.20751366019248962 -0.17486074566841125
v -0.20912539958953857 -0.2939939796924591 -0.07738012075424194
v -0.2345709651708603 -0.31004685163497925 -0.028055161237716675
v -0.20021599531173706 -0.2871357500553131 -0.08610698580741882
v -0.19141194224357605 -0.27098995447158813 -0.08608026802539825
v -0.2939693033695221 -0.3458501696586609 -0.034898072481155396
v -0.2794152796268463 -0.3395187556743622 -0.023042291402816772
v -0.32692909240722656 -0.32907432317733765 -0.049266964197158813
v -0.25333118438720703 -0.32908955216407776 -0.02392628788948059
v -0.3302178978919983 -0.33077841997146606 -0.10331502556800842
v -0.17676042020320892 -0.26587480306625366 -0.0970674455165863
v -0.1660383641719818 -0.26194584369659424 -0.10694926977157593
v -0.34779900312423706 -0.3366083800792694 -0.11850941181182861
v -0.12064338475465775 -0.19712233543395996 -0.1895563304424286
v -0.13144274055957794 -0.17383310198783875 -0.19980449974536896
v -0.12398711591959 -0.18511906266212463 -0.20704956352710724
v -0.14137621223926544 -0.1591801941394806 -0.20696786046028137
v -0.15727367997169495 -0.136491596698761 -0.23274919390678406
v -0.1681651622056961 -0.12433770298957825 -0.24117621779441833
v -0.1715395450592041 -0.10868272185325623 -0.25449058413505554
v -0.1719994843006134 -0.09006541967391968 -0.2863997220993042
v -0.2684023678302765 -0.18475313484668732 0.01870938390493393
v -0.2931332290172577 -0.1757514774799347 0.01854921504855156
v -0.27412477135658264 -0.18677149713039398 0.015540353953838348
v -0.2983423173427582 -0.18400254845619202 0.026789430528879166
v -0.2681250274181366 -0.19722619652748108 0.005778118968009949
v -0.29627564549446106 -0.2110392451286316 -0.022860512137413025
v -0.32397040724754333 -0.20251932740211487 -0.016899514943361282
v -0.3071478307247162 -0.1925898641347885 0.03726247698068619
v -0.3223024010658264 -0.19385084509849548 0.019300416111946106
v -0.37207093834877014 -0.22277197241783142 0.09448409080505371
v -0.37751972675323486 -0.2436911016702652 0.08522197604179382
v -0.38529515266418457 -0.25390538573265076 0.0853809267282486
v -0.3743698000907898 -0.25698336958885193 0.10497906804084778
v -0.38053441047668457 -0.22978737950325012 0.10590321570634842
v -0.3811686635017395 -0.23247644305229187 0.12058760970830917
v -0.3611518144607544 -0.2535712718963623 0.10240720957517624
v -0.3730162978172302 -0.23886388540267944 0.12549951672554016
v -0.36953824758529663 -0.24040350317955017 0.11041823029518127
v 0.35180261731147766 -0.23174744844436646 0.18056944012641907
v 0.33804231882095337 -0.23845039308071136 0.18706576526165009
v 0.32539162039756775 -0.23630405962467194 0.19586804509162903
v 0.31137675046920776 -0.20876199007034302 0.18469755351543427
v 0.3378565311431885 -0.22940488159656525 0.2241746187210083
v 0.32950758934020996 -0.21282115578651428 0.22066107392311096
v 0.3212953805923462 -0.20389807224273682 0.17753145098686218
v 0.35087984800338745 -0.19435521960258484 0.1838081330060959
v 0.3776702582836151 -0.21731321513652802 0.1889072060585022
v -0.156236931681633 -0.2557903528213501 -0.11512884497642517
v -0.13670125603675842 -0.24215033650398254 -0.138772651553154
v -0.12161649763584137 -0.21967902779579163 -0.17168498039245605
v -0.11856959760189056 -0.21314066648483276 -0.1868603378534317
v -0.22670812904834747 -0.31217607855796814 -0.046489179134368896
v -0.20616565644741058 -0.3020362854003906 -0.0919654369354248
v -0.18779827654361725 -0.2844292223453522 -0.09848414361476898
v -0.19606295228004456 -0.2996889352798462 -0.09994497895240784
v -0.30982521176338196 -0.3391689956188202 -0.05176430940628052
v -0.28035056591033936 -0.34577107429504395 -0.05215013027191162
v -0.267012357711792 -0.3438029885292053 -0.03571227192878723
v -0.32207775115966797 -0.3342820405960083 -0.06345230340957642
v -0.24257628619670868 -0.32813310623168945 -0.039185672998428345
v -0.33374547958374023 -0.3492228388786316 -0.11948502063751221
v -0.1749795824289322 -0.2851789593696594 -0.11266793310642242
v -0.16110587120056152 -0.2729284167289734 -0.12204422056674957
v -0.3515916168689728 -0.3506910502910614 -0.13114187121391296
v -0.11797592788934708 -0.20111247897148132 -0.2109295278787613
v -0.12182252109050751 -0.18470582365989685 -0.22783303260803223
v -0.13017873466014862 -0.16673991084098816 -0.22229745984077454
v -0.1411520093679428 -0.14789271354675293 -0.22587740421295166
v -0.14256152510643005 -0.1281042993068695 -0.24549931287765503
v -0.15854808688163757 -0.11537188291549683 -0.2558489441871643
v -0.38172274827957153 -0.3455260396003723 -0.15137624740600586
v -0.16151884198188782 -0.1048247218132019 -0.27119186520576477
v -0.2722950875759125 -0.19724301993846893 0.006221838295459747
v -0.2827620804309845 -0.19763213396072388 0.027555733919143677
v -0.27708375453948975 -0.20925414562225342 0.008537393063306808
v -0.2926188111305237 -0.20179040729999542 0.047355953603982925
v -0.27733558416366577 -0.20755566656589508 -0.00698808953166008
v -0.31370478868484497 -0.2139481008052826 -0.024292659014463425
v -0.3289943039417267 -0.20220957696437836 -0.0011575520038604736
v -0.3070231080055237 -0.20281095802783966 0.0536314882338047
v -0.32457804679870605 -0.20136763155460358 0.04354177042841911
v -0.3852948546409607 -0.2343379408121109 0.09856411069631577
v -0.3885272145271301 -0.2456064075231552 0.08498761057853699
v -0.3663846254348755 -0.2506454288959503 0.1069033294916153
v -0.38116228580474854 -0.2478298544883728 0.10591881722211838
v -0.38092178106307983 -0.22883468866348267 0.09242632240056992
v -0.38132065534591675 -0.23515653610229492 0.10630308091640472
v -0.3847634792327881 -0.23910364508628845 0.11708693206310272
v -0.37803658843040466 -0.24138398468494415 0.11065614968538284
v -0.38222792744636536 -0.24872039258480072 0.10792429745197296
v 0.38634538650512695 -0.23461250960826874 0.1963084191083908
v 0.3712728023529053 -0.24777308106422424 0.2079484760761261
v 0.35275089740753174 -0.24403351545333862 0.21634218096733093
v 0.3295953571796417 -0.19982880353927612 0.2091968059539795
v 0.35265108942985535 -0.2127353698015213 0.25046834349632263
v 0.37096691131591797 -0.23855732381343842 0.25261205434799194
v 0.3342112898826599 -0.19452907145023346 0.19349688291549683
v 0.3977828621864319 -0.19188201427459717 0.21373116970062256
v 0.41368424892425537 -0.22609061002731323 0.21129930019378662
v -0.14995813369750977 -0.26410675048828125 -0.1322956681251526
v -0.12906084954738617 -0.23797932267189026 -0.1606108695268631
v -0.12245039641857147 -0.22834929823875427 -0.1804419308900833
v -0.11918506026268005 -0.2217463105916977 -0.2019253969192505
v -0.22059732675552368 -0.31652209162712097 -0.08984020352363586
v -0.20626716315746307 -0.31526920199394226 -0.10330495238304138
v -0.1963019073009491 -0.31311464309692383 -0.11108548939228058
v -0.18926692008972168 -0.2990758419036865 -0.10757505893707275
v -0.2994246482849121 -0.34220319986343384 -0.08252593874931335
v -0.2711707651615143 -0.3475188612937927 -0.09037268161773682
v -0.2579450309276581 -0.34255266189575195 -0.05500924587249756
v -0.3119160234928131 -0.34890174865722656 -0.10236826539039612
v -0.23754984140396118 -0.32753923535346985 -0.07653734087944031
v -0.3400312066078186 -0.3615576922893524 -0.13975054025650024
v -0.15668632090091705 -0.2791956067085266 -0.13417938351631165
v -0.3632316589355469 -0.3579636216163635 -0.1471867859363556
v -0.11820557713508606 -0.19879521429538727 -0.23044072091579437
v -0.12283103168010712 -0.16964973509311676 -0.24665316939353943
v -0.11975549906492233 -0.18754832446575165 -0.2406296730041504
v -0.13279017806053162 -0.1459743082523346 -0.243776336312294
v -0.1476483941078186 -0.11535900831222534 -0.2693261504173279
v -0.1358557790517807 -0.1305719017982483 -0.2654564380645752
v -0.1556786298751831 -0.10430040955543518 -0.2867245078086853
v -0.2811484932899475 -0.21469736099243164 -0.006366655230522156
v -0.28682249784469604 -0.2127758264541626 0.03589225187897682
v -0.284963995218277 -0.22343608736991882 0.022803694009780884
v -0.29792121052742004 -0.21264925599098206 0.06034352630376816
v -0.29475143551826477 -0.22140023112297058 -0.020347192883491516
v -0.32871633768081665 -0.21676144003868103 -0.010713353753089905
v -0.33611756563186646 -0.20709505677223206 0.01156928762793541
v -0.3307567834854126 -0.20988303422927856 0.057483721524477005
v -0.3140462040901184 -0.2110980600118637 0.06292911618947983
v -0.3965425193309784 -0.237019345164299 0.09496982395648956
v -0.40889933705329895 -0.2310139238834381 0.08338400721549988
v -0.37932971119880676 -0.251578152179718 0.10409854352474213
v -0.39233338832855225 -0.246566042304039 0.10193110257387161
v -0.40499675273895264 -0.25337713956832886 0.0899728387594223
v -0.3827899694442749 -0.2473273128271103 0.10091008245944977
v -0.3811664283275604 -0.24727626144886017 0.10825008898973465
v -0.38988494873046875 -0.2398964911699295 0.10803969204425812
v 0.41506093740463257 -0.24638617038726807 0.22754855453968048
v 0.3981640636920929 -0.2521531581878662 0.24018052220344543
v 0.346084326505661 -0.1969110518693924 0.2331029772758484
v 0.41131651401519775 -0.24709850549697876 0.27922338247299194
v 0.3898357152938843 -0.21695193648338318 0.28636109828948975
v 0.3656092584133148 -0.18155622482299805 0.22103360295295715
v 0.43329161405563354 -0.20575863122940063 0.2380829155445099
v 0.4387776255607605 -0.21846714615821838 0.23043657839298248
v -0.14052271842956543 -0.25902920961380005 -0.14910461008548737
v -0.12816941738128662 -0.24345210194587708 -0.17686738073825836
v -0.12564392387866974 -0.24001994729042053 -0.19085082411766052
v -0.11771070957183838 -0.21576984226703644 -0.22184988856315613
v -0.21750065684318542 -0.3298685550689697 -0.10672679543495178
v -0.20641624927520752 -0.32940205931663513 -0.11534753441810608
v -0.1966906189918518 -0.3259854018688202 -0.12179093062877655
v -0.18287572264671326 -0.30988454818725586 -0.12239889800548553
v -0.2548709511756897 -0.34328311681747437 -0.0928315818309784
v -0.29090943932533264 -0.3517565131187439 -0.0975790023803711
v -0.3187505602836609 -0.3641330897808075 -0.1265147626399994
v -0.23376190662384033 -0.33413010835647583 -0.09484413266181946
v -0.34820178151130676 -0.36936861276626587 -0.1542874574661255
v -0.16857630014419556 -0.29504257440567017 -0.12861374020576477
v -0.15092958509922028 -0.2781364321708679 -0.1454022079706192
v -0.3656347095966339 -0.37061285972595215 -0.16408035159111023
v -0.11758897453546524 -0.20337778329849243 -0.24096430838108063
v -0.11965420097112656 -0.18812614679336548 -0.2592262029647827
v -0.1235622689127922 -0.1679508239030838 -0.2696572542190552
v -0.1271635890007019 -0.15003331005573273 -0.26536375284194946
v -0.13283315300941467 -0.139123797416687 -0.28523218631744385
v -0.1415724754333496 -0.1198578029870987 -0.29299187660217285
v -0.38857772946357727 -0.362238347530365 -0.181799978017807
v -0.16019397974014282 -0.0995343029499054 -0.3051393926143646
v -0.2945350110530853 -0.23599763214588165 -0.005342505872249603
v -0.29044973850250244 -0.22260262072086334 0.045570503920316696
v -0.29761093854904175 -0.2409653663635254 0.028137188404798508
v -0.3080504238605499 -0.22213336825370789 0.0707106962800026
v -0.3143653869628906 -0.2281278520822525 -0.014841202646493912
v -0.3388410210609436 -0.2265697717666626 0.0036322548985481262
v -0.3456524610519409 -0.21387600898742676 0.026431556791067123
v -0.3213183581829071 -0.2185908406972885 0.07781492173671722
v -0.34037795662879944 -0.2204187661409378 0.07796496152877808
v -0.3994847238063812 -0.24603067338466644 0.0845806673169136
v -0.41087281703948975 -0.25369516015052795 0.08153615146875381
v -0.4083416163921356 -0.25567132234573364 0.07482379674911499
v -0.40002915263175964 -0.2507403492927551 0.0983956903219223
v -0.3987419009208679 -0.2623656392097473 0.09069682657718658
v 0.42467015981674194 -0.2533007860183716 0.26274919509887695
v 0.43734243512153625 -0.2552260458469391 0.26025474071502686
v 0.37736257910728455 -0.18784946203231812 0.26269418001174927
v 0.44422444701194763 -0.2476401925086975 0.29404306411743164
v 0.42397719621658325 -0.2250644862651825 0.31279611587524414
v 0.41654738783836365 -0.1736500859260559 0.25259268283843994
v 0.4503712058067322 -0.19146645069122314 0.2688401937484741
v 0.459104984998703 -0.21870136260986328 0.259367436170578
v -0.1350671947002411 -0.25511491298675537 -0.17038270831108093
v -0.13188284635543823 -0.25280654430389404 -0.18265660107135773
v -0.12341538816690445 -0.23828628659248352 -0.20842932164669037
v -0.11927817016839981 -0.21966129541397095 -0.24052782356739044
v -0.2178458720445633 -0.34352371096611023 -0.12152495980262756
v -0.20583206415176392 -0.3409497141838074 -0.12945556640625
v -0.19084960222244263 -0.332828551530838 -0.13782207667827606
v -0.1742454320192337 -0.3133394718170166 -0.1389009803533554
v -0.2737959325313568 -0.36134201288223267 -0.10919943451881409
v -0.24754196405410767 -0.3550856411457062 -0.11017414927482605
v -0.2967454791069031 -0.36431899666786194 -0.1158851683139801
v -0.33070141077041626 -0.3754635453224182 -0.1444789469242096
v -0.2302241325378418 -0.34601759910583496 -0.1116073727607727
v -0.3504711091518402 -0.3790222406387329 -0.16276788711547852
v -0.16087022423744202 -0.295491099357605 -0.14348869025707245
v -0.14407461881637573 -0.27274441719055176 -0.16393448412418365
v -0.36307811737060547 -0.379314661026001 -0.1784728467464447
v -0.11980986595153809 -0.21261008083820343 -0.25865814089775085
v -0.12419706583023071 -0.20382022857666016 -0.28184330463409424
v -0.12536738812923431 -0.1801733821630478 -0.2845834493637085
v -0.12821979820728302 -0.15799249708652496 -0.28622692823410034
v -0.13601045310497284 -0.1466553807258606 -0.3116966784000397
v -0.1522059440612793 -0.11867527663707733 -0.3257583975791931
v -0.3864729702472687 -0.366584837436676 -0.2049693465232849
v -0.16909253597259521 -0.09991753101348877 -0.3247348368167877
v -0.31066763401031494 -0.24369458854198456 0.009055737406015396
v -0.3135238587856293 -0.25346437096595764 0.04105594754219055
v -0.30198952555656433 -0.23771944642066956 0.0627235621213913
v -0.31382566690444946 -0.23245906829833984 0.08433101326227188
v -0.32531049847602844 -0.23885463178157806 -0.0029036514461040497
v -0.347664475440979 -0.23520036041736603 0.01646576076745987
v -0.35351303219795227 -0.22342947125434875 0.054087504744529724
v -0.353174090385437 -0.2314378023147583 0.09800268709659576
v -0.33319291472435 -0.23187468945980072 0.10353394597768784
v -0.4126116931438446 -0.2684915363788605 0.07900449633598328
v -0.42190247774124146 -0.2586791515350342 0.06977687031030655
v -0.41604679822921753 -0.25931042432785034 0.07451541721820831
v -0.4090733826160431 -0.2630937695503235 0.08115455508232117
v -0.4155794084072113 -0.26883137226104736 0.0749046579003334
v 0.4610650837421417 -0.24042972922325134 0.26319557428359985
v 0.4603060483932495 -0.24551868438720703 0.2787691354751587
v 0.41873887181282043 -0.18649250268936157 0.3031070828437805
v 0.4579060971736908 -0.23742938041687012 0.31345921754837036
v 0.45124414563179016 -0.2233312726020813 0.32343539595603943
v 0.44351816177368164 -0.17776238918304443 0.2879762053489685
v 0.4628443121910095 -0.19252687692642212 0.29920899868011475
v 0.47088295221328735 -0.2089303731918335 0.28646764159202576
v -0.13177934288978577 -0.2540396451950073 -0.19660818576812744
v -0.12328925728797913 -0.2359108179807663 -0.22977769374847412
v -0.1242828294634819 -0.23271435499191284 -0.2518196403980255
v -0.22163543105125427 -0.3560789227485657 -0.13570371270179749
v -0.2077672928571701 -0.3522912561893463 -0.14455896615982056
v -0.18116427958011627 -0.33021897077560425 -0.15693527460098267
v -0.16622686386108398 -0.31038564443588257 -0.15810436010360718
v -0.26212334632873535 -0.3717154264450073 -0.1303112506866455
v -0.28641024231910706 -0.37352702021598816 -0.12850046157836914
v -0.3064035177230835 -0.37630167603492737 -0.1369931399822235
v -0.3331301808357239 -0.38471508026123047 -0.15978854894638062
v -0.23716512322425842 -0.3609488606452942 -0.12441271543502808
v -0.34664857387542725 -0.3861517906188965 -0.17697986960411072
v -0.15519732236862183 -0.29291874170303345 -0.15907448530197144
v -0.13839556276798248 -0.2647938132286072 -0.18047942221164703
v -0.3560374677181244 -0.38404718041419983 -0.19629013538360596
v -0.1277655065059662 -0.2234020233154297 -0.2779303193092346
v -0.13076123595237732 -0.2153995931148529 -0.2992866039276123
v -0.1293243169784546 -0.19648659229278564 -0.29827165603637695
v -0.13156236708164215 -0.17718252539634705 -0.3061525225639343
v -0.14582747220993042 -0.15141409635543823 -0.3429170846939087
v -0.1587076038122177 -0.1325908899307251 -0.3589388132095337
v -0.37651368975639343 -0.36119967699050903 -0.23122280836105347
v -0.17117094993591309 -0.11075606942176819 -0.34759944677352905
v -0.31991642713546753 -0.2499350756406784 0.015181630849838257
v -0.3156466484069824 -0.24853263795375824 0.0808820128440857
v -0.32203152775764465 -0.2622639238834381 0.06207726150751114
v -0.3273531496524811 -0.2488638013601303 0.10363885015249252
v -0.3378085792064667 -0.2472982406616211 0.009104900062084198
v -0.36139875650405884 -0.23605526983737946 0.032396070659160614
v -0.36235806345939636 -0.2300417721271515 0.08047401905059814
v -0.34790655970573425 -0.2563464045524597 0.12777359783649445
v -0.35750529170036316 -0.24430888891220093 0.1185406893491745
v -0.41858524084091187 -0.2626799941062927 0.07126510888338089
v -0.4219260513782501 -0.26059824228286743 0.06430086493492126
v -0.4256070852279663 -0.2612958550453186 0.06441585719585419
v -0.4231431186199188 -0.25984108448028564 0.06902602314949036
v -0.42332518100738525 -0.26374998688697815 0.06835263967514038
v -0.42208391427993774 -0.26543062925338745 0.06727170944213867
v 0.4718185067176819 -0.2317500114440918 0.2808222472667694
v 0.47248464822769165 -0.23823359608650208 0.2901773154735565
v 0.4677506983280182 -0.2413771152496338 0.29738089442253113
v 0.44534534215927124 -0.20181572437286377 0.3305424749851227
v 0.4668787717819214 -0.2357109785079956 0.3106258809566498
v 0.4676988124847412 -0.23142224550247192 0.32134586572647095
v 0.45208489894866943 -0.17909055948257446 0.3170758783817291
v 0.47036367654800415 -0.20592543482780457 0.3217022716999054
v 0.4764460325241089 -0.21855953335762024 0.30784934759140015
v -0.14085279405117035 -0.2730945348739624 -0.1983848363161087
v -0.13236412405967712 -0.25812140107154846 -0.21297231316566467
v -0.1354374885559082 -0.25570422410964966 -0.2404983639717102
v -0.13546046614646912 -0.24552620947360992 -0.2670643627643585
v -0.22395043075084686 -0.3643696904182434 -0.1479637324810028
v -0.19979813694953918 -0.3498014211654663 -0.15834292769432068
v -0.1738910973072052 -0.3253836929798126 -0.17649592459201813
v -0.16033540666103363 -0.303911030292511 -0.1802627295255661
v -0.2913888096809387 -0.38376522064208984 -0.14672735333442688
v -0.26744943857192993 -0.3807900846004486 -0.15080517530441284
v -0.31753695011138916 -0.38477402925491333 -0.15259596705436707
v -0.3275524973869324 -0.39010629057884216 -0.16941601037979126
v -0.24256621301174164 -0.3736006021499634 -0.14121589064598083
v -0.3383208215236664 -0.39061251282691956 -0.18588602542877197
v -0.1491796225309372 -0.2866937816143036 -0.1822870522737503
v -0.3582664728164673 -0.3791038691997528 -0.2143976390361786
v -0.137184277176857 -0.23459960520267487 -0.2935492992401123
v -0.14065857231616974 -0.22484689950942993 -0.3186103403568268
v -0.1364530324935913 -0.2017282247543335 -0.31960970163345337
v -0.14053288102149963 -0.1773242950439453 -0.33471164107322693
v -0.3663232624530792 -0.35355594754219055 -0.25239500403404236
v -0.3361305892467499 -0.26684436202049255 0.02980010211467743
v -0.3340050280094147 -0.26796603202819824 0.08585220575332642
v -0.35144639015197754 -0.2846539318561554 0.05900423228740692
v -0.34645938873291016 -0.27056241035461426 0.11437344551086426
v -0.3577101528644562 -0.2549738883972168 0.023944564163684845
v -0.3850964307785034 -0.2455722689628601 0.0631498470902443
v -0.3813060522079468 -0.2453041970729828 0.107753224670887
v -0.3756273686885834 -0.2613173723220825 0.13194364309310913
v -0.3742215931415558 -0.2728816866874695 0.1358712762594223
v -0.4257664084434509 -0.26064762473106384 0.06384120136499405
v -0.4295463562011719 -0.262498676776886 0.05518830940127373
v -0.42831626534461975 -0.25801217555999756 0.056731633841991425
v -0.4248310327529907 -0.26426470279693604 0.059302907437086105
v -0.42766159772872925 -0.2611653804779053 0.059898268431425095
v -0.43511778116226196 -0.26456403732299805 0.055197082459926605
v 0.4805765151977539 -0.2318539023399353 0.30510056018829346
v 0.4695926010608673 -0.23624491691589355 0.30764782428741455
v 0.4763891100883484 -0.23774510622024536 0.3116486072540283
v 0.45917147397994995 -0.21949008107185364 0.32807162404060364
v 0.47076818346977234 -0.23841887712478638 0.30897441506385803
v 0.4750992953777313 -0.23799625039100647 0.3197908103466034
v 0.4667007327079773 -0.20966023206710815 0.3296346664428711
v 0.47233691811561584 -0.2348020076751709 0.3258652091026306
v 0.4696931838989258 -0.24450954794883728 0.32026052474975586
v -0.15268011391162872 -0.2913016080856323 -0.2019125372171402
v -0.14404430985450745 -0.27629294991493225 -0.21732574701309204
v -0.14837494492530823 -0.26739075779914856 -0.25694331526756287
v -0.14768117666244507 -0.2570125460624695 -0.2813199758529663
v -0.21603190898895264 -0.3639587163925171 -0.15972739458084106
v -0.18997278809547424 -0.3449668884277344 -0.17774729430675507
v -0.16678887605667114 -0.31373563408851624 -0.19659747183322906
v -0.1572515070438385 -0.2991451025009155 -0.19059181213378906
v -0.28130874037742615 -0.38944846391677856 -0.16310295462608337
v -0.25541260838508606 -0.38345372676849365 -0.16315457224845886
v -0.3047114312648773 -0.39140528440475464 -0.16244930028915405
v -0.321361780166626 -0.3923376500606537 -0.1827351152896881
v -0.23358626663684845 -0.3751755356788635 -0.16211137175559998
v -0.33841049671173096 -0.3884148895740509 -0.2074621617794037
v -0.34891489148139954 -0.37354373931884766 -0.23801830410957336
v -0.14880746603012085 -0.24984443187713623 -0.30772483348846436
v -0.15257635712623596 -0.24029259383678436 -0.33278340101242065
v -0.14752906560897827 -0.2118556797504425 -0.34557899832725525
v -0.15321846306324005 -0.17759738862514496 -0.3656088709831238
v -0.15524235367774963 -0.15449121594429016 -0.3687162399291992
v -0.16722339391708374 -0.1432211548089981 -0.3830343186855316
v -0.35671964287757874 -0.3461417257785797 -0.2716365456581116
v -0.37663301825523376 -0.28200626373291016 0.03783580660820007
v -0.3620792329311371 -0.2892773747444153 0.09715770184993744
v -0.39217886328697205 -0.30463501811027527 0.07881653308868408
v -0.36533311009407043 -0.28285035490989685 0.13056108355522156
v -0.3782496452331543 -0.2591685354709625 0.04131721705198288
v -0.40497300028800964 -0.2668745219707489 0.08789709210395813
v -0.4009605050086975 -0.2723046541213989 0.11649244278669357
v -0.3951011002063751 -0.2807122468948364 0.12860873341560364
v -0.38180795311927795 -0.28482741117477417 0.13474319875240326
v -0.4287601709365845 -0.2641197443008423 0.06149473041296005
v -0.4349222183227539 -0.2606053352355957 0.05773342028260231
v -0.42753660678863525 -0.2641698718070984 0.052415717393159866
v -0.43575170636177063 -0.2581491470336914 0.042606621980667114
v -0.4313427209854126 -0.25883859395980835 0.04366430267691612
v -0.4369049072265625 -0.2653515934944153 0.04729241132736206
v -0.44518741965293884 -0.26709890365600586 0.041970912367105484
v 0.46950143575668335 -0.23440837860107422 0.3123094141483307
v 0.468041330575943 -0.23460602760314941 0.31397557258605957
v 0.4666506350040436 -0.2333160936832428 0.3074321746826172
v 0.4699960947036743 -0.22891655564308167 0.32709479331970215
v 0.47210076451301575 -0.2293267846107483 0.3273219168186188
v 0.4629499018192291 -0.23981404304504395 0.3135477900505066
v 0.46095791459083557 -0.23827633261680603 0.31312447786331177
v -0.15577514469623566 -0.2905823588371277 -0.22055761516094208
v -0.15944655239582062 -0.2773967385292053 -0.2684864401817322
v -0.16138722002506256 -0.2748265862464905 -0.2862239480018616
v -0.20490014553070068 -0.3597806990146637 -0.17630794644355774
v -0.18256895244121552 -0.3368263840675354 -0.1950780302286148
v -0.16481885313987732 -0.30424872040748596 -0.2153017371892929
v -0.2681135833263397 -0.388397216796875 -0.18333587050437927
v -0.2425529658794403 -0.3811661899089813 -0.18347963690757751
v -0.2989542782306671 -0.39206892251968384 -0.18328693509101868
v -0.31256037950515747 -0.39090269804000854 -0.20402884483337402
v -0.22244442999362946 -0.3713943362236023 -0.18017590045928955
v -0.3257571756839752 -0.38339248299598694 -0.22582298517227173
v -0.33597686886787415 -0.3570903241634369 -0.2669873833656311
v -0.15932491421699524 -0.2633236050605774 -0.31898367404937744
v -0.16581881046295166 -0.24080890417099 -0.35878223180770874
v -0.16317223012447357 -0.21097666025161743 -0.3759443759918213
v -0.16696664690971375 -0.18720124661922455 -0.38818690180778503
v -0.16589927673339844 -0.16329169273376465 -0.388028621673584
v -0.17572715878486633 -0.1504027247428894 -0.3940960764884949
v -0.18064746260643005 -0.15447306632995605 -0.39880311489105225
v -0.3946654796600342 -0.2961992025375366 0.06308935582637787
v -0.38128605484962463 -0.29683709144592285 0.1116269901394844
v -0.3954768478870392 -0.30264216661453247 0.1115419864654541
v -0.3756330907344818 -0.2881317138671875 0.13575038313865662
v -0.40088456869125366 -0.28068333864212036 0.05826640874147415
v -0.41020700335502625 -0.28613990545272827 0.09994048625230789
v -0.40633103251457214 -0.287414014339447 0.11971109360456467
v -0.40557000041007996 -0.2917303442955017 0.1267281174659729
v -0.39657843112945557 -0.2918754816055298 0.1348830759525299
v -0.4424021542072296 -0.2645474076271057 0.04863310977816582
v -0.4355625808238983 -0.2628299295902252 0.04426286369562149
v -0.4385184943675995 -0.2678644061088562 0.037876028567552567
v -0.4390770196914673 -0.26010799407958984 0.035070810467004776
v -0.4365500807762146 -0.26236259937286377 0.03708900138735771
v -0.44588562846183777 -0.27037107944488525 0.03525213897228241
v -0.4478909373283386 -0.26966559886932373 0.03242664039134979
v 0.46025708317756653 -0.23087850213050842 0.3114215135574341
v 0.4655604362487793 -0.2296302318572998 0.3095838725566864
v 0.47182729840278625 -0.23567184805870056 0.30431753396987915
v 0.4742632508277893 -0.23931637406349182 0.32274413108825684
v 0.47522544860839844 -0.24312478303909302 0.3161921501159668
v 0.4617243707180023 -0.2280890941619873 0.30568602681159973
v 0.4577037990093231 -0.2247655689716339 0.3060159385204315
v -0.1628352552652359 -0.29672449827194214 -0.22878682613372803
v -0.15179739892482758 -0.28066638112068176 -0.2334470897912979
v -0.16614049673080444 -0.2939348518848419 -0.2477409541606903
v -0.17376816272735596 -0.2939892113208771 -0.2673565149307251
v -0.16359803080558777 -0.2727782726287842 -0.30427950620651245
v -0.19907984137535095 -0.35414594411849976 -0.19256898760795593
v -0.17913691699504852 -0.3240431547164917 -0.21386957168579102
v -0.25768616795539856 -0.38355883955955505 -0.2018720805644989
v -0.2296203374862671 -0.3736509680747986 -0.20302316546440125
v -0.2859201729297638 -0.38903185725212097 -0.20157599449157715
v -0.30023664236068726 -0.3842768967151642 -0.22151872515678406
v -0.21171583235263824 -0.3649698793888092 -0.19221177697181702
v -0.31817013025283813 -0.3742449879646301 -0.24558725953102112
v -0.3181099593639374 -0.3460380733013153 -0.2862982153892517
v -0.16803811490535736 -0.266207754611969 -0.335862398147583
v -0.18507859110832214 -0.23402799665927887 -0.386507511138916
v -0.17846524715423584 -0.2042098492383957 -0.39705371856689453
v -0.18139493465423584 -0.1784890741109848 -0.4073643088340759
v -0.33002281188964844 -0.3178808093070984 -0.3009912967681885
v -0.3998337686061859 -0.30481603741645813 0.08519604057073593
v -0.3895774185657501 -0.2986462712287903 0.11949001997709274
v -0.38129428029060364 -0.2935285270214081 0.12683434784412384
v -0.38397887349128723 -0.2945641279220581 0.1409997045993805
v -0.40748798847198486 -0.294314444065094 0.08696126192808151
v -0.41095003485679626 -0.2925756871700287 0.11231474578380585
v -0.4113156795501709 -0.29686611890792847 0.12129299342632294
v -0.4146011471748352 -0.29540881514549255 0.12803372740745544
v -0.4073799252510071 -0.2982107102870941 0.1361924111843109
v -0.4437555968761444 -0.26556217670440674 0.03815089911222458
v -0.44090917706489563 -0.26356208324432373 0.03627476468682289
v -0.43768057227134705 -0.2648548483848572 0.03361869975924492
v -0.4401153326034546 -0.2634182572364807 0.0345928855240345
v -0.44100335240364075 -0.26137101650238037 0.03675409033894539
v -0.4447670578956604 -0.27111515402793884 0.026445936411619186
v -0.44425663352012634 -0.27077609300613403 0.029146865010261536
v 0.46104928851127625 -0.223432719707489 0.3049987554550171
v 0.4630160629749298 -0.24113720655441284 0.31323230266571045
v 0.46881920099258423 -0.23856744170188904 0.30906111001968384
v 0.465434193611145 -0.23619791865348816 0.30937114357948303
v 0.4668949842453003 -0.23583298921585083 0.31167396903038025
v 0.4620376229286194 -0.22226545214653015 0.3111514449119568
v 0.4670485258102417 -0.22459760308265686 0.30918338894844055
v -0.17500793933868408 -0.31276971101760864 -0.22982631623744965
v -0.18253865838050842 -0.3115178644657135 -0.24878190457820892
v -0.17827770113945007 -0.29223302006721497 -0.2890138030052185
v -0.1963009536266327 -0.34493768215179443 -0.21710819005966187
v -0.24860677123069763 -0.3750559389591217 -0.22206780314445496
v -0.2270670086145401 -0.3645764887332916 -0.2257888913154602
v -0.27077627182006836 -0.3813970983028412 -0.2204778492450714
v -0.2832227945327759 -0.37371110916137695 -0.24772891402244568
v -0.21105340123176575 -0.35986337065696716 -0.21107086539268494
v -0.3029777407646179 -0.3601938784122467 -0.26636093854904175
v -0.3127397894859314 -0.3327619135379791 -0.2964306175708771
v -0.1886880099773407 -0.273787260055542 -0.35158902406692505
v -0.21439947187900543 -0.23904657363891602 -0.39116066694259644
v -0.1995214819908142 -0.20371085405349731 -0.41028568148612976
v -0.22461822628974915 -0.20122160017490387 -0.4119192361831665
v -0.27828681468963623 -0.2614721655845642 -0.36237162351608276
v -0.4007500112056732 -0.30743807554244995 0.11133791506290436
v -0.3798016607761383 -0.298471063375473 0.13568425178527832
v -0.3822026550769806 -0.3011370599269867 0.1269034892320633
v -0.39759761095046997 -0.3007500469684601 0.14554068446159363
v -0.4085741937160492 -0.302583247423172 0.10608513653278351
v -0.4141082763671875 -0.30201825499534607 0.11398624628782272
v -0.41409802436828613 -0.3040844798088074 0.12563495337963104
v -0.41236573457717896 -0.3078168034553528 0.14488738775253296
v -0.4153297245502472 -0.30135011672973633 0.1327691674232483
v -0.44557493925094604 -0.2683355212211609 0.032904136925935745
v -0.44467490911483765 -0.2643963694572449 0.03593001142144203
v -0.43307119607925415 -0.26393550634384155 0.03368096798658371
v -0.4384245276451111 -0.2669895589351654 0.033391717821359634
v -0.4432455897331238 -0.2657970190048218 0.03466469421982765
v -0.43645933270454407 -0.2658598721027374 0.03190898150205612
v -0.437127947807312 -0.2694263160228729 0.03207068517804146
v 0.4709360599517822 -0.2318592369556427 0.3096468150615692
v 0.46026915311813354 -0.23514103889465332 0.316569983959198
v 0.46579787135124207 -0.2476506531238556 0.3263511657714844
v 0.47016358375549316 -0.2460804283618927 0.31856590509414673
v 0.4624306857585907 -0.2272312045097351 0.310957133769989
v 0.47148430347442627 -0.22643345594406128 0.3185175657272339
v 0.4776887893676758 -0.23465824127197266 0.31690147519111633
v -0.18906530737876892 -0.327735960483551 -0.23253974318504333
v -0.18976323306560516 -0.3111516535282135 -0.267159104347229
v -0.1723974347114563 -0.28051215410232544 -0.3119208812713623
v -0.18620704114437103 -0.2979612946510315 -0.2996390163898468
v -0.21458199620246887 -0.3533385992050171 -0.23371601104736328
v -0.2434464544057846 -0.36588019132614136 -0.24266400933265686
v -0.2265523076057434 -0.3572946786880493 -0.24372196197509766
v -0.2605551779270172 -0.37259671092033386 -0.24047741293907166
v -0.278964638710022 -0.36271345615386963 -0.26241588592529297
v -0.29121512174606323 -0.3440156877040863 -0.2860543727874756
v -0.3060782551765442 -0.3110976815223694 -0.3065248131752014
v -0.18541105091571808 -0.2890625 -0.32269617915153503
v -0.20790386199951172 -0.3019588589668274 -0.3201218843460083
v -0.21933725476264954 -0.26743289828300476 -0.3685057759284973
v -0.2299763262271881 -0.22498512268066406 -0.40236711502075195
v -0.248661071062088 -0.2593001425266266 -0.37225520610809326
v -0.28530821204185486 -0.27754145860671997 -0.33921289443969727
v -0.4022746682167053 -0.3064384162425995 0.11908100545406342
v -0.38976430892944336 -0.3120938241481781 0.13013717532157898
v -0.3903411626815796 -0.30840224027633667 0.14350149035453796
v -0.40669989585876465 -0.3090423047542572 0.1517028659582138
v -0.411518931388855 -0.3067226707935333 0.1152728721499443
v -0.41669294238090515 -0.30219361186027527 0.1156192198395729
v -0.419717937707901 -0.3035467863082886 0.12405351549386978
v -0.4182420074939728 -0.3135480284690857 0.14165490865707397
v -0.41513538360595703 -0.3136396110057831 0.15431711077690125
v -0.4425111711025238 -0.2693844139575958 0.034480880945920944
v -0.4451025426387787 -0.2667568325996399 0.0372563935816288
v -0.4417004883289337 -0.26834216713905334 0.03297486528754234
v -0.441203236579895 -0.26891881227493286 0.03097967430949211
v -0.4393078088760376 -0.27040332555770874 0.03310225158929825
v -0.43699488043785095 -0.26712775230407715 0.03373931720852852
v -0.43450647592544556 -0.2695219814777374 0.032652705907821655
v 0.4758486747741699 -0.2423664629459381 0.3150847554206848
v 0.46088504791259766 -0.23855969309806824 0.32833272218704224
v 0.4720431864261627 -0.25092706084251404 0.328694611787796
v 0.4727453887462616 -0.25558343529701233 0.3349664807319641
v 0.4608530104160309 -0.2188640534877777 0.3170911967754364
v 0.4788386821746826 -0.24185991287231445 0.32907530665397644
v 0.48072946071624756 -0.24591219425201416 0.32581576704978943
v -0.20478369295597076 -0.33911213278770447 -0.24311573803424835
v -0.1970272809267044 -0.3121311068534851 -0.2815943658351898
v -0.2043963223695755 -0.3111306130886078 -0.30208173394203186
v -0.23783060908317566 -0.3547859191894531 -0.2597621977329254
v -0.22059312462806702 -0.3471585512161255 -0.2548275887966156
v -0.26014208793640137 -0.3635460138320923 -0.25914299488067627
v -0.2753610908985138 -0.35316359996795654 -0.2757932245731354
v -0.2809462547302246 -0.32623976469039917 -0.30116111040115356
v -0.29779624938964844 -0.2941874861717224 -0.3160327672958374
v -0.2351723313331604 -0.29754939675331116 -0.33586546778678894
v -0.2323332279920578 -0.32335519790649414 -0.3017328679561615
v -0.2611144483089447 -0.28614598512649536 -0.3412383794784546
v -0.40135401487350464 -0.31048905849456787 0.1231589987874031
v -0.40241923928260803 -0.3184950649738312 0.14861571788787842
v -0.39885032176971436 -0.31572407484054565 0.13177490234375
v -0.41916048526763916 -0.3186938464641571 0.15859171748161316
v -0.4109135866165161 -0.3098445236682892 0.1189979761838913
v -0.41953617334365845 -0.3081377446651459 0.1199381873011589
v -0.4198891818523407 -0.3039471209049225 0.12596465647220612
v -0.4345138370990753 -0.3061620891094208 0.1464902013540268
v -0.4368608891963959 -0.3246641755104065 0.15708157420158386
v -0.4362311363220215 -0.2699737250804901 0.037509769201278687
v -0.4389818608760834 -0.26787710189819336 0.03518867492675781
v -0.4461297392845154 -0.27025580406188965 0.03062037006020546
v -0.4436627924442291 -0.26782363653182983 0.0288933664560318
v -0.43823838233947754 -0.2724457085132599 0.03499414399266243
v -0.4450030028820038 -0.268195778131485 0.03187623992562294
v -0.435878723859787 -0.2698734700679779 0.035143040120601654
v 0.4772447943687439 -0.25063881278038025 0.32635295391082764
v 0.46724674105644226 -0.25362923741340637 0.33307045698165894
v 0.4779323935508728 -0.2569217383861542 0.33626243472099304
v 0.4763948917388916 -0.26157107949256897 0.34555384516716003
v 0.4716993570327759 -0.24167287349700928 0.33510568737983704
v 0.48135510087013245 -0.2508552372455597 0.34464210271835327
v 0.48357468843460083 -0.2514406442642212 0.3392036259174347
v -0.19488443434238434 -0.3244989514350891 -0.2506871819496155
v -0.21810361742973328 -0.327043354511261 -0.28613197803497314
v -0.20774248242378235 -0.3299911618232727 -0.26565754413604736
v -0.229424387216568 -0.34204497933387756 -0.27240222692489624
v -0.24825012683868408 -0.34732988476753235 -0.27680903673171997
v -0.26082843542099 -0.3374742269515991 -0.29146644473075867
v -0.2750702500343323 -0.3067368268966675 -0.317166268825531
v -0.25913673639297485 -0.31880128383636475 -0.3100428879261017
v -0.2387569546699524 -0.33675098419189453 -0.28750312328338623
v -0.40087366104125977 -0.3138613700866699 0.12691082060337067
v -0.4145461618900299 -0.33175691962242126 0.15431392192840576
v -0.40443485975265503 -0.32653823494911194 0.13814935088157654
v -0.4313070476055145 -0.3285490870475769 0.161894291639328
v -0.4134514629840851 -0.314791738986969 0.12311498075723648
v -0.42057716846466064 -0.3071501851081848 0.12347570061683655
v -0.4326704144477844 -0.30414772033691406 0.1307705044746399
v -0.45716238021850586 -0.3064552843570709 0.15260520577430725
v -0.45844361186027527 -0.3260248899459839 0.16750496625900269
v -0.4406247138977051 -0.26719599962234497 0.03588718920946121
v -0.43872150778770447 -0.2704659104347229 0.03383428603410721
v -0.4473070502281189 -0.26880520582199097 0.027775809168815613
v -0.43901413679122925 -0.26891016960144043 0.03386674076318741
v -0.441867470741272 -0.2674103081226349 0.0326976403594017
v -0.446545273065567 -0.2665475606918335 0.02749244123697281
v -0.44402435421943665 -0.26433756947517395 0.029067866504192352
v 0.4816714823246002 -0.2566986083984375 0.337358295917511
v 0.47532033920288086 -0.2571406960487366 0.3518388867378235
v 0.4825778603553772 -0.2655787467956543 0.35459446907043457
v 0.48151400685310364 -0.26670223474502563 0.3618599772453308
v 0.4807169735431671 -0.25445953011512756 0.34739065170288086
v 0.48521316051483154 -0.2605139911174774 0.34996405243873596
v 0.4840896427631378 -0.2570253908634186 0.34755539894104004
v -0.41424626111984253 -0.319253534078598 0.1249110996723175
v -0.4219258725643158 -0.33861589431762695 0.14697396755218506
v -0.4107500910758972 -0.3336670994758606 0.13824492692947388
v -0.4483318030834198 -0.32952049374580383 0.15403681993484497
v -0.4214422404766083 -0.30890417098999023 0.11977004259824753
v -0.4303942620754242 -0.29950621724128723 0.12033926695585251
v -0.44693294167518616 -0.29767099022865295 0.13696444034576416
v -0.46163931488990784 -0.30941030383110046 0.15460878610610962
v -0.461749792098999 -0.3212454319000244 0.15403902530670166
v -0.43621912598609924 -0.2633902430534363 0.036861054599285126
v -0.43480783700942993 -0.2673106789588928 0.03495282307267189
v -0.44530659914016724 -0.2655941843986511 0.030134648084640503
v -0.43540942668914795 -0.2627597153186798 0.03416330739855766
v -0.4364320933818817 -0.26443132758140564 0.03418836370110512
v -0.44545066356658936 -0.265057235956192 0.02793304994702339
v -0.4456716775894165 -0.2647906541824341 0.026396147906780243
v 0.48547834157943726 -0.25986969470977783 0.34698349237442017
v 0.4815879464149475 -0.26485443115234375 0.361392080783844
v 0.49077293276786804 -0.2710396647453308 0.3744642436504364
v 0.49160242080688477 -0.2711126506328583 0.3753811717033386
v 0.48283708095550537 -0.2607114911079407 0.35910823941230774
v 0.49086037278175354 -0.2670139670372009 0.3663136661052704
v 0.4860544204711914 -0.2627565860748291 0.35422617197036743
v -0.4136713445186615 -0.3269495964050293 0.12211790680885315
v -0.42096054553985596 -0.3423996567726135 0.13668915629386902
v -0.43801453709602356 -0.33983147144317627 0.14577436447143555
v -0.4607617259025574 -0.32948389649391174 0.14682772755622864
v -0.4279274046421051 -0.311828076839447 0.12184926122426987
v -0.44019389152526855 -0.29965901374816895 0.12238813936710358
v -0.4608023762702942 -0.2993220388889313 0.14455142617225647
v -0.4616628885269165 -0.32585230469703674 0.14106038212776184
v -0.4678671061992645 -0.3099381625652313 0.1390761137008667
v -0.4331285059452057 -0.2616623044013977 0.03846195340156555
v -0.43581345677375793 -0.2592286765575409 0.03218095749616623
v -0.43097710609436035 -0.2600708305835724 0.03325119614601135
v -0.4410552382469177 -0.265433669090271 0.03151673823595047
v -0.43704521656036377 -0.2674297094345093 0.030508458614349365
v -0.4316593408584595 -0.25742557644844055 0.028243567794561386
v -0.44613784551620483 -0.2623860239982605 0.02941262349486351
v -0.44086766242980957 -0.26099252700805664 0.027981087565422058
v 0.4895918071269989 -0.26931262016296387 0.3668769896030426
v 0.4895976781845093 -0.26961806416511536 0.3713967204093933
v 0.4995674788951874 -0.28008314967155457 0.3898828327655792
v 0.5003650188446045 -0.27873820066452026 0.38942980766296387
v 0.4927558898925781 -0.27703016996383667 0.3786216378211975
v 0.4933723211288452 -0.27369898557662964 0.37912121415138245
v -0.41482722759246826 -0.3335075080394745 0.12993764877319336
v -0.45247209072113037 -0.3399614691734314 0.13701647520065308
v -0.44713056087493896 -0.35165873169898987 0.12724803388118744
v -0.45731738209724426 -0.3365640938282013 0.1337926834821701
v -0.4255123436450958 -0.3183475732803345 0.12908349931240082
v -0.46033671498298645 -0.2971039116382599 0.13236206769943237
v -0.4670077860355377 -0.30900317430496216 0.13717339932918549
v -0.46881210803985596 -0.319383442401886 0.13096173107624054
v -0.4669797420501709 -0.3274584412574768 0.1336246132850647
v -0.4297439157962799 -0.2536764144897461 0.035402875393629074
v -0.4310096502304077 -0.2543216347694397 0.032772623002529144
v -0.4303046464920044 -0.2504726052284241 0.02964528277516365
v -0.4423621594905853 -0.26614415645599365 0.029687553644180298
v -0.4426531195640564 -0.2705884575843811 0.01959235966205597
v -0.4393197000026703 -0.26138174533843994 0.015602512285113335
v -0.44568097591400146 -0.26382046937942505 0.03048224002122879
v -0.44218823313713074 -0.25916731357574463 0.0314796082675457
v 0.49073901772499084 -0.27872249484062195 0.3892950415611267
v 0.4947265386581421 -0.2778768241405487 0.38504758477211
v 0.5060412883758545 -0.2886742949485779 0.4054822027683258
v 0.49823471903800964 -0.2879711985588074 0.4044332802295685
v 0.4919678866863251 -0.28676480054855347 0.396899551153183
v 0.5000927448272705 -0.28799623250961304 0.40187782049179077
v -0.4262789189815521 -0.3323122262954712 0.1346384733915329
v -0.4575842320919037 -0.3518866300582886 0.1250123381614685
v -0.45797741413116455 -0.35046568512916565 0.12065090984106064
v -0.4661898910999298 -0.3402014970779419 0.12049522995948792
v -0.4418346881866455 -0.30639544129371643 0.12703806161880493
v -0.46684712171554565 -0.3061012923717499 0.12309592217206955
v -0.4654802680015564 -0.31663796305656433 0.12931981682777405
v -0.4653286635875702 -0.32196044921875 0.12763285636901855
v -0.4717395603656769 -0.32790693640708923 0.12087699770927429
v -0.43469226360321045 -0.24748174846172333 0.03149617463350296
v -0.4406440556049347 -0.2519993782043457 0.03004906326532364
v -0.4366242587566376 -0.25023603439331055 0.015053067356348038
v -0.4533225893974304 -0.27241477370262146 0.023673001676797867
v -0.4581717252731323 -0.28087425231933594 0.004619169980287552
v -0.44966602325439453 -0.270860880613327 -0.0002488531172275543
v -0.45147794485092163 -0.26384925842285156 0.026285812258720398
v -0.4527732729911804 -0.25792303681373596 0.026379019021987915
v 0.4794911742210388 -0.2901795208454132 0.4024200737476349
v 0.4997321665287018 -0.28537631034851074 0.40848544239997864
v 0.5044330358505249 -0.3012477457523346 0.4217163026332855
v 0.5075305104255676 -0.30027633905410767 0.4293530583381653
v 0.5010656118392944 -0.29649683833122253 0.42269718647003174
v 0.49880102276802063 -0.299073189496994 0.4163862466812134
v -0.4466666281223297 -0.3470971882343292 0.10958818346261978
v -0.4640119671821594 -0.3467338979244232 0.11288926750421524
v -0.46316489577293396 -0.347614586353302 0.10784541815519333
v -0.4703531265258789 -0.33421969413757324 0.10925016552209854
v -0.4472242593765259 -0.3141545355319977 0.11789975315332413
v -0.4625660181045532 -0.3130033314228058 0.1201673299074173
v -0.4676275849342346 -0.32281941175460815 0.12202174961566925
v -0.46911054849624634 -0.330441951751709 0.12335677444934845
v -0.47104692459106445 -0.33048802614212036 0.11593642830848694
v -0.45066481828689575 -0.24929696321487427 0.023470517247915268
v -0.44414329528808594 -0.24321065843105316 0.019457504153251648
v -0.4471918046474457 -0.25634777545928955 -0.0015240050852298737
v -0.45000511407852173 -0.2463075816631317 0.0012367218732833862
v -0.4634796977043152 -0.2758033871650696 0.011695999652147293
v -0.47101664543151855 -0.28827059268951416 -0.010548025369644165
v -0.46061843633651733 -0.2812047004699707 -0.015866033732891083
v -0.46425488591194153 -0.2682063579559326 0.01640157774090767
v -0.4652789831161499 -0.2593092918395996 0.015053123235702515
v 0.500705897808075 -0.30090415477752686 0.41003018617630005
v 0.5042332410812378 -0.29327741265296936 0.4321111738681793
v 0.5189317464828491 -0.307755708694458 0.42842569947242737
v 0.5145766139030457 -0.3016887903213501 0.4330771863460541
v 0.5040205717086792 -0.2982020080089569 0.4377809464931488
v 0.5000475645065308 -0.29977524280548096 0.4306187927722931
v -0.46441319584846497 -0.346451997756958 0.09686408191919327
v -0.46585917472839355 -0.336518257856369 0.1043446809053421
v -0.4729280471801758 -0.33311358094215393 0.10338037461042404
v -0.4694170355796814 -0.33489876985549927 0.10921052098274231
v -0.4563941955566406 -0.32591167092323303 0.10184916108846664
v -0.4703029692173004 -0.32921260595321655 0.10950721055269241
v -0.46957552433013916 -0.32957205176353455 0.1181805282831192
v -0.46796441078186035 -0.3367142975330353 0.11827486753463745
v -0.45618554949760437 -0.24417412281036377 0.004159960895776749
v -0.46476441621780396 -0.24634937942028046 0.011047914624214172
v -0.4583893418312073 -0.26380133628845215 -0.021497011184692383
v -0.45987260341644287 -0.2511267066001892 -0.016276568174362183
v -0.47677046060562134 -0.2830488085746765 0.002252098172903061
v -0.4874822199344635 -0.29626840353012085 -0.017116952687501907
v -0.47822484374046326 -0.2923671305179596 -0.029041271656751633
v -0.4825974106788635 -0.2708406448364258 0.0022840648889541626
v -0.4865429103374481 -0.25894978642463684 0.00014144182205200195
v 0.5011782050132751 -0.30843520164489746 0.42374318838119507
v 0.5071033835411072 -0.2970699667930603 0.44426068663597107
v 0.5159751772880554 -0.30193251371383667 0.4344828724861145
v 0.5109008550643921 -0.3040991425514221 0.41989463567733765
v 0.508299708366394 -0.3016921281814575 0.4471898376941681
v 0.50478196144104 -0.3079145550727844 0.44359415769577026
v -0.4826934337615967 -0.33352553844451904 0.10338349640369415
v -0.4711310863494873 -0.3435416519641876 0.11155442893505096
v -0.4666510820388794 -0.334940105676651 0.1058320552110672
v -0.468919962644577 -0.33684268593788147 0.10661299526691437
v -0.4773862361907959 -0.33568620681762695 0.10699953138828278
v -0.4734624922275543 -0.33094489574432373 0.11680887639522552
v -0.46951839327812195 -0.3344309329986572 0.1137290894985199
v -0.4682556092739105 -0.24232205748558044 -0.012798253446817398
v -0.48401814699172974 -0.2495107650756836 -0.009794119745492935
v -0.4818647503852844 -0.2510911524295807 -0.045528288930654526
v -0.4728010594844818 -0.27721983194351196 -0.03868149220943451
v -0.4985174238681793 -0.287194162607193 -0.009141884744167328
v -0.4976726472377777 -0.30646419525146484 -0.040104206651449203
v -0.49194562435150146 -0.29425713419914246 -0.053863875567913055
v -0.5041258335113525 -0.2722174823284149 -0.010714557021856308
v -0.5052434206008911 -0.2651629149913788 -0.013765905052423477
v 0.499695360660553 -0.3086498975753784 0.43189817667007446
v 0.5143247246742249 -0.30368509888648987 0.44273480772972107
v 0.5067700147628784 -0.31009215116500854 0.4252047538757324
v 0.5132622122764587 -0.3034759759902954 0.4349159002304077
v 0.5037904977798462 -0.3128521740436554 0.4576681852340698
v 0.5108891725540161 -0.30414608120918274 0.4539192318916321
v -0.4827575385570526 -0.3423706293106079 0.09090109169483185
v -0.47183775901794434 -0.3344939649105072 0.10663509368896484
v -0.4705331325531006 -0.32485899329185486 0.11513179540634155
v -0.469418466091156 -0.3261948823928833 0.11379872262477875
v -0.5000481009483337 -0.24644307792186737 -0.0307452529668808
v -0.5052143335342407 -0.25612616539001465 -0.018912140280008316
v -0.49765685200691223 -0.2768484652042389 -0.06436650454998016
v -0.5171550512313843 -0.2648279368877411 -0.0753021240234375
v -0.5105534791946411 -0.30527937412261963 -0.027407947927713394
v -0.5083842873573303 -0.30870622396469116 -0.060824330896139145
v -0.5121747255325317 -0.2973337173461914 -0.07500310987234116
v -0.5186944603919983 -0.2891026735305786 -0.0221928209066391
v -0.5261555910110474 -0.2739417552947998 -0.027542002499103546
v 0.4972286820411682 -0.31459563970565796 0.442471981048584
v 0.5175001621246338 -0.30090534687042236 0.44473797082901
v 0.5126323699951172 -0.3148096799850464 0.44894757866859436
v 0.5161818265914917 -0.3058900237083435 0.45964133739471436
v -0.47870540618896484 -0.3181871771812439 0.11244645714759827
v -0.4905000925064087 -0.31357908248901367 0.10651004314422607
v -0.480909526348114 -0.3223523199558258 0.10219751298427582
v -0.4710976183414459 -0.32931435108184814 0.1050068587064743
v -0.4682565927505493 -0.31605595350265503 0.11780931055545807
v -0.47744518518447876 -0.31162944436073303 0.11703255772590637
v -0.5282875895500183 -0.25554579496383667 -0.04472086578607559
v -0.5214753746986389 -0.2490660399198532 -0.06071268394589424
v -0.5360218286514282 -0.273751437664032 -0.08770043402910233
v -0.5230938792228699 -0.2830676734447479 -0.08318977057933807
v -0.5214667916297913 -0.3186059892177582 -0.05339757353067398
v -0.5342562198638916 -0.29938217997550964 -0.09091538190841675
v -0.531514585018158 -0.31882357597351074 -0.0798100084066391
v -0.5372390151023865 -0.30595123767852783 -0.043010253459215164
v -0.5491568446159363 -0.2756563127040863 -0.0575595386326313
v 0.5023565292358398 -0.31861454248428345 0.44846606254577637
v 0.5030339360237122 -0.32716190814971924 0.47188740968704224
v 0.5081440210342407 -0.3302905261516571 0.48533084988594055
v 0.5001851916313171 -0.3185778260231018 0.4701346158981323
v -0.4786701202392578 -0.30126556754112244 0.11068321764469147
v -0.4817696213722229 -0.30403274297714233 0.11389809846878052
v -0.47039657831192017 -0.3073718547821045 0.10789422690868378
v -0.4718117117881775 -0.3137480914592743 0.11098673939704895
v -0.48060840368270874 -0.2961913049221039 0.12054197490215302
v -0.4681088924407959 -0.30457383394241333 0.11973704397678375
v -0.5413462519645691 -0.26075589656829834 -0.08140859007835388
v -0.5483202338218689 -0.25974568724632263 -0.07097850739955902
v -0.5439179539680481 -0.2854824662208557 -0.0943649411201477
v -0.5521453022956848 -0.275088906288147 -0.09452244639396667
v -0.5494041442871094 -0.32369062304496765 -0.06927850842475891
v -0.5505881309509277 -0.3136427402496338 -0.09979318082332611
v -0.5569971799850464 -0.32151198387145996 -0.09345483779907227
v -0.5647255778312683 -0.30444246530532837 -0.07433697581291199
v -0.5620670914649963 -0.2782617509365082 -0.07732747495174408
v 0.5003665685653687 -0.31810522079467773 0.4574543833732605
v 0.48192667961120605 -0.35174116492271423 0.49794307351112366
v 0.4910573959350586 -0.3496702313423157 0.5195336937904358
v 0.5055596828460693 -0.33113569021224976 0.47839993238449097
v -0.4827014207839966 -0.29548513889312744 0.11112578213214874
v -0.4784327745437622 -0.29645511507987976 0.1057024598121643
v -0.4749702215194702 -0.30208054184913635 0.10561242699623108
v -0.47336211800575256 -0.30175676941871643 0.10975000262260437
v -0.4701967239379883 -0.2934264838695526 0.11335717141628265
v -0.4829423129558563 -0.29684001207351685 0.10783164203166962
v -0.5625411868095398 -0.2719338536262512 -0.08696286380290985
v -0.5546545386314392 -0.2981227934360504 -0.10371311008930206
v -0.5623447895050049 -0.2876756191253662 -0.10404425859451294
v -0.5711452960968018 -0.3211512565612793 -0.08998231589794159
v -0.5689908862113953 -0.31482675671577454 -0.10828796029090881
v -0.5722077488899231 -0.31778353452682495 -0.10439479351043701
v -0.5767876505851746 -0.3076198697090149 -0.0902395248413086
v -0.5755333304405212 -0.2911044657230377 -0.09239291399717331
v 0.5016264915466309 -0.3309085965156555 0.472292959690094
v 0.49323686957359314 -0.3556790351867676 0.4876505136489868
v 0.479495108127594 -0.3637583553791046 0.4976906180381775
v 0.4679332673549652 -0.3853968381881714 0.5710307359695435
v 0.5061782002449036 -0.35634955763816833 0.5132192373275757
v 0.5127944350242615 -0.34883880615234375 0.4960945248603821
v -0.4796985685825348 -0.2925567626953125 0.10243932902812958
v -0.48322534561157227 -0.2913983464241028 0.10344895720481873
v -0.4738617539405823 -0.2940865159034729 0.10465846955776215
v -0.47738945484161377 -0.2972019910812378 0.10504141449928284
v -0.4886724650859833 -0.2918637692928314 0.09789186716079712
v -0.48564690351486206 -0.29782116413116455 0.10625363886356354
v -0.5677788853645325 -0.2836707830429077 -0.09820336103439331
v -0.5686540007591248 -0.3075334429740906 -0.11241573095321655
v -0.5718778967857361 -0.3011626899242401 -0.11320260167121887
v -0.5770582556724548 -0.31740957498550415 -0.10648894309997559
v -0.5775527954101562 -0.31504178047180176 -0.101082943379879
v -0.5791426301002502 -0.3070659637451172 -0.10102473944425583
v 0.5063651204109192 -0.34654924273490906 0.484514445066452
v 0.510377049446106 -0.3613469898700714 0.49569225311279297
v 0.49433398246765137 -0.36425620317459106 0.4947078227996826
v 0.47836247086524963 -0.3628745973110199 0.49773579835891724
v 0.47256743907928467 -0.36154210567474365 0.5101637244224548
v 0.49408644437789917 -0.37241584062576294 0.5362376570701599
v 0.5090270042419434 -0.37443333864212036 0.5172505974769592
v -0.4835270643234253 -0.29048097133636475 0.09223482012748718
v -0.4890183210372925 -0.2884889543056488 0.09070657193660736
v -0.4841536283493042 -0.29002898931503296 0.1013067215681076
v -0.4812876582145691 -0.28673839569091797 0.10948200523853302
v -0.4985666275024414 -0.2876202464103699 0.08444851636886597
v -0.49944350123405457 -0.2938045263290405 0.09218499064445496
v -0.5773499011993408 -0.2968469560146332 -0.10752413421869278
v -0.5824896097183228 -0.3130378723144531 -0.11573594063520432
v -0.5819216966629028 -0.30962073802948 -0.11209321022033691
v -0.5833775401115417 -0.3138411045074463 -0.11300165951251984
v -0.5853502750396729 -0.31300944089889526 -0.11358533799648285
v -0.5803972482681274 -0.3158091902732849 -0.11454974114894867
v -0.5736390948295593 -0.31513282656669617 -0.10994139313697815
v 0.5042235851287842 -0.37534797191619873 0.5046206712722778
v 0.4887332022190094 -0.36793437600135803 0.4939833879470825
v 0.48284193873405457 -0.36761632561683655 0.49892157316207886
v 0.4808509349822998 -0.3640872836112976 0.5050050020217896
v 0.5127876996994019 -0.3775133788585663 0.5201159119606018
v 0.5029217600822449 -0.3446478247642517 0.49955683946609497
v 0.49798405170440674 -0.3808411657810211 0.5371004939079285
v -0.4928818941116333 -0.29539573192596436 0.07748399674892426
v -0.49450212717056274 -0.2898103594779968 0.08026009798049927
v -0.4933784008026123 -0.2955601215362549 0.08550798892974854
v -0.5009318590164185 -0.300155371427536 0.1092553585767746
v -0.5784793496131897 -0.31491801142692566 -0.10971759259700775
v -0.5861545205116272 -0.325218141078949 -0.11573978513479233
v -0.5931914448738098 -0.3182360529899597 -0.11243075877428055
v -0.589429497718811 -0.3133077025413513 -0.11955633759498596
v -0.5940530300140381 -0.313915491104126 -0.11617766320705414
v -0.5860447287559509 -0.31725606322288513 -0.1254209727048874
v -0.5728338956832886 -0.3075367212295532 -0.11966322362422943
v 0.4998626708984375 -0.37429672479629517 0.4933581054210663
v 0.4889797270298004 -0.3728715777397156 0.4991176426410675
v 0.4816298186779022 -0.38131746649742126 0.5042898654937744
v 0.48472341895103455 -0.38021624088287354 0.5048426389694214
v -0.5004794001579285 -0.2982315421104431 0.06955921649932861
v -0.5027878880500793 -0.29302161931991577 0.06850527226924896
v -0.49761027097702026 -0.28924474120140076 0.09980031847953796
v -0.5057170391082764 -0.30270421504974365 0.0691874772310257
v -0.5130153298377991 -0.2885093092918396 0.08038757741451263
v -0.5149909853935242 -0.3037818670272827 0.08873091638088226
v -0.5083757638931274 -0.28542062640190125 0.0716484934091568
v -0.5685954093933105 -0.3238884508609772 -0.10408233106136322
v -0.5985351204872131 -0.31249552965164185 -0.1222115233540535
v -0.5993349552154541 -0.3220607340335846 -0.10936909168958664
v -0.5988805890083313 -0.3110774755477905 -0.11506403982639313
v -0.5855212807655334 -0.3136376440525055 -0.10603605210781097
v 0.48870018124580383 -0.3760141134262085 0.500032365322113
v 0.486978143453598 -0.3805564343929291 0.5033549666404724
v 0.4875618815422058 -0.39518672227859497 0.5062901377677917
v 0.4867653548717499 -0.3768994212150574 0.50428706407547
v 0.4892093539237976 -0.37965109944343567 0.505519688129425
v -0.5161311030387878 -0.2966243624687195 0.05640086531639099
v -0.5097813010215759 -0.2978157103061676 0.05989842116832733
v -0.5135866403579712 -0.2977460026741028 0.08582176268100739
v -0.5112044215202332 -0.30454280972480774 0.06032933294773102
v -0.5304157733917236 -0.30475935339927673 0.06444151699542999
v -0.5319615602493286 -0.2952232360839844 0.06358341872692108
v -0.5158941745758057 -0.29029935598373413 0.05969148874282837
v -0.5726082921028137 -0.3237285017967224 -0.10248146951198578
v -0.5869519114494324 -0.3008961081504822 -0.12611404061317444
v -0.5757716298103333 -0.31778204441070557 -0.10781515389680862
v -0.5901708006858826 -0.306520938873291 -0.10314710438251495
v -0.5815532207489014 -0.3146442174911499 -0.10357476770877838
v 0.48867157101631165 -0.38344404101371765 0.5043826103210449
v -0.5210254788398743 -0.30729877948760986 0.04961436986923218
v -0.5145257711410522 -0.3040834069252014 0.05260205268859863
v -0.5201148986816406 -0.3057281970977783 0.06231744587421417
v -0.5173121094703674 -0.3052816092967987 0.048884570598602295
v -0.5351995229721069 -0.3123239278793335 0.03697068989276886
v -0.544750452041626 -0.31308653950691223 0.033619463443756104
v -0.5347845554351807 -0.3030250668525696 0.04216071963310242
v -0.5741724371910095 -0.32176533341407776 -0.11221751570701599
v -0.5799371004104614 -0.30706337094306946 -0.12305562198162079
v -0.5756644606590271 -0.31992438435554504 -0.1215752437710762
v -0.5744162797927856 -0.30274128913879395 -0.0966421365737915
v -0.5785439610481262 -0.3113825023174286 -0.11224231123924255
v -0.5143638253211975 -0.3109123110771179 0.04430574178695679
v -0.5132214426994324 -0.3191729187965393 0.04274803400039673
v -0.5275788307189941 -0.3077590763568878 0.04586568474769592
v -0.5206661820411682 -0.3111184239387512 0.03641897439956665
v -0.5254737734794617 -0.28645575046539307 0.05954357981681824
v -0.5387078523635864 -0.3001447916030884 0.04358464479446411
v -0.544777512550354 -0.33159327507019043 0.01528516411781311
v -0.5375590324401855 -0.3246784210205078 0.01920481026172638
v -0.5335817933082581 -0.32470789551734924 0.029972687363624573
v -0.5759755969047546 -0.3179042339324951 -0.11711634695529938
v -0.5884525775909424 -0.31848645210266113 -0.13159023225307465
v -0.5834576487541199 -0.3237117528915405 -0.13155990839004517
v -0.5865446329116821 -0.3071310520172119 -0.13090871274471283
v -0.5830775499343872 -0.3085089921951294 -0.12086509168148041
v -0.5091663002967834 -0.3267369866371155 0.0290982723236084
v -0.5185931921005249 -0.33025360107421875 0.023453116416931152
v -0.5279726982116699 -0.31725817918777466 0.02739185094833374
v -0.5226574540138245 -0.32215195894241333 0.024498000741004944
v -0.5502910614013672 -0.3261241316795349 0.01623837649822235
v -0.5417234301567078 -0.33204740285873413 0.00913192331790924
v -0.537112832069397 -0.33725258708000183 0.008075743913650513
v -0.5348053574562073 -0.3297341465950012 0.017564445734024048
v -0.57688969373703 -0.31732410192489624 -0.12598025798797607
v -0.595527708530426 -0.3263401389122009 -0.14242702722549438
v -0.5972849130630493 -0.318977952003479 -0.1369091123342514
v -0.5970101356506348 -0.3133612275123596 -0.12583154439926147
v -0.5808393955230713 -0.3146485388278961 -0.13128378987312317
v -0.5307893753051758 -0.3379936218261719 0.0007058233022689819
v -0.5344730615615845 -0.3309698700904846 0.0055918097496032715
v -0.5275418758392334 -0.3343181014060974 0.013502120971679688
v -0.5182578563690186 -0.3338053226470947 0.019296154379844666
v -0.5467004776000977 -0.32929545640945435 0.010232716798782349
v -0.540765643119812 -0.33159345388412476 0.009924426674842834
v -0.538887619972229 -0.3351735770702362 0.004404723644256592
v -0.544217050075531 -0.32962191104888916 0.006748795509338379
v -0.5856195688247681 -0.32332155108451843 -0.1411055028438568
v -0.6026079058647156 -0.3232460021972656 -0.14241817593574524
v -0.6055978536605835 -0.3272457420825958 -0.1489424705505371
v -0.5955153703689575 -0.31989964842796326 -0.13786804676055908
v -0.5885907411575317 -0.32165029644966125 -0.1485445648431778
v -0.5451265573501587 -0.33010897040367126 0.000795900821685791
v -0.5391746163368225 -0.33594146370887756 -0.009157583117485046
v -0.5266314744949341 -0.3381184935569763 0.009356826543807983
v -0.5372032523155212 -0.3418426513671875 -0.01358187198638916
v -0.5406171083450317 -0.327705442905426 0.009966656565666199
v -0.5373738408088684 -0.33336830139160156 0.0036934614181518555
v -0.5420970916748047 -0.333296000957489 0.00524333119392395
v -0.5462636947631836 -0.33000779151916504 0.004140391945838928
v -0.6026334166526794 -0.3309088349342346 -0.16162797808647156
v -0.6155993342399597 -0.3228847086429596 -0.14400586485862732
v -0.6016401052474976 -0.32193416357040405 -0.13865557312965393
v -0.5946581959724426 -0.3229919672012329 -0.14980767667293549
v -0.5983384847640991 -0.31799638271331787 -0.16588935256004333
v -0.5495439767837524 -0.3358311355113983 -0.002707451581954956
v -0.5523360371589661 -0.33540186285972595 -0.014236271381378174
v -0.535378098487854 -0.3340815305709839 -0.0005546808242797852
v -0.5506533980369568 -0.3386039137840271 -0.021506696939468384
v -0.5428389310836792 -0.3292068839073181 0.0064818114042282104
v -0.5389314889907837 -0.3322944641113281 -0.002275034785270691
v -0.5406908988952637 -0.3360145688056946 0.0015220195055007935
v -0.5481173396110535 -0.3342683017253876 0.0006585866212844849
v -0.6160922646522522 -0.3282289505004883 -0.1790829598903656
v -0.6017565131187439 -0.323606014251709 -0.1293659210205078
v -0.6262545585632324 -0.31848958134651184 -0.1563165783882141
v -0.601510226726532 -0.32561177015304565 -0.16113224625587463
v -0.6107761859893799 -0.3198073208332062 -0.17412279546260834
v -0.5472155213356018 -0.3400512933731079 -0.0069252848625183105
v -0.5494121313095093 -0.3396802544593811 -0.00810229778289795
v -0.544448971748352 -0.32909297943115234 -0.008491382002830505
v -0.5599459409713745 -0.34189391136169434 -0.015324428677558899
v -0.5447434186935425 -0.3342033922672272 0.0033834874629974365
v -0.5474748611450195 -0.3367692828178406 -0.007228493690490723
v -0.5504845976829529 -0.3290010690689087 -0.006136491894721985
v -0.546810507774353 -0.3351714611053467 -0.002492547035217285
v -0.6180678606033325 -0.3136168420314789 -0.1756950318813324
v -0.6226796507835388 -0.32633525133132935 -0.1586955487728119
v -0.6294145584106445 -0.31904250383377075 -0.1754208356142044
v -0.6218792796134949 -0.32995763421058655 -0.16730579733848572
v -0.6150861978530884 -0.3276229202747345 -0.1749817579984665
v -0.5508010983467102 -0.3424060642719269 -0.013408437371253967
v -0.5535740852355957 -0.33682066202163696 -0.01228882372379303
v -0.5583964586257935 -0.33280080556869507 -0.00983014702796936
v -0.5604174137115479 -0.3492863178253174 -0.01800258457660675
v -0.5471640825271606 -0.33364519476890564 -0.004170045256614685
v -0.5548741221427917 -0.3367624878883362 -0.005674690008163452
v -0.5610975027084351 -0.3368367552757263 -0.007199317216873169
v -0.5516980886459351 -0.3335970640182495 -0.007035374641418457
v -0.6230135560035706 -0.3195112645626068 -0.18296319246292114
v -0.6347299814224243 -0.3355843722820282 -0.18649698793888092
v -0.6475061178207397 -0.3304603397846222 -0.1922391951084137
v -0.6381582021713257 -0.33233246207237244 -0.185278981924057
v -0.6358698606491089 -0.3342629075050354 -0.2026347815990448
v -0.5604074597358704 -0.3490872383117676 -0.026018261909484863
v -0.5591241717338562 -0.33924925327301025 -0.024283185601234436
v -0.5654014945030212 -0.344612181186676 -0.011744409799575806
v -0.5646352767944336 -0.3562886714935303 -0.02442079782485962
v -0.5525755882263184 -0.3333638906478882 -0.00590650737285614
v -0.5713150501251221 -0.34785711765289307 -0.01272052526473999
v -0.5700857639312744 -0.3454539179801941 -0.009335070848464966
v -0.5622988939285278 -0.32947874069213867 -0.013203456997871399
v -0.6308010816574097 -0.32434988021850586 -0.19334766268730164
v -0.6508470177650452 -0.3375622034072876 -0.19325312972068787
v -0.6480019092559814 -0.34386900067329407 -0.20983600616455078
v -0.6583949327468872 -0.3376382291316986 -0.21095672249794006
v -0.6503714919090271 -0.34896552562713623 -0.23141664266586304
v -0.5685679912567139 -0.34444403648376465 -0.03801478445529938
v -0.5670792460441589 -0.35037872195243835 -0.036476731300354004
v -0.5702290534973145 -0.35579001903533936 -0.019808754324913025
v -0.5681318640708923 -0.3588005006313324 -0.03478851914405823
v -0.5672515630722046 -0.33570754528045654 -0.009166598320007324
v -0.5824443697929382 -0.34630462527275085 -0.015409126877784729
v -0.5822790861129761 -0.3570486307144165 -0.018491283059120178
v -0.5688746571540833 -0.3309999108314514 -0.026122674345970154
v -0.6456753015518188 -0.3477170467376709 -0.21558308601379395
v -0.6694613695144653 -0.353044331073761 -0.21454893052577972
v -0.6498842835426331 -0.3579431176185608 -0.2216307520866394
v -0.5711334347724915 -0.3574513792991638 -0.042371153831481934
v -0.5724005699157715 -0.3497810363769531 -0.04607135057449341
v -0.5732201933860779 -0.36390137672424316 -0.02981145679950714
v -0.5757740139961243 -0.3699597120285034 -0.04193282127380371
v -0.5784233808517456 -0.33292293548583984 -0.016612261533737183
v -0.5956532955169678 -0.3571945130825043 -0.026828214526176453
v -0.5925905704498291 -0.3420141339302063 -0.022598206996917725
v -0.5727920532226562 -0.33380305767059326 -0.03971707820892334
v -0.6767460107803345 -0.3453807532787323 -0.2372535616159439
v -0.6588332056999207 -0.3570348024368286 -0.247487872838974
v -0.6797176599502563 -0.36059409379959106 -0.2231820672750473
v -0.664299488067627 -0.362173855304718 -0.22634544968605042
v -0.5775972008705139 -0.3624626696109772 -0.05401882529258728
v -0.5785805583000183 -0.3488227128982544 -0.05259518325328827
v -0.5895068645477295 -0.37248021364212036 -0.036152780055999756
v -0.5890620350837708 -0.3744509816169739 -0.04880797863006592
v -0.5866003036499023 -0.33210915327072144 -0.02702881395816803
v -0.6048814058303833 -0.3689500093460083 -0.04118579626083374
v -0.6049309372901917 -0.3466857075691223 -0.03254587948322296
v -0.589318037033081 -0.33507484197616577 -0.043495118618011475
v -0.6610836386680603 -0.33877214789390564 -0.24240583181381226
v -0.6882326602935791 -0.34471744298934937 -0.22624832391738892
v -0.6528630256652832 -0.35905566811561584 -0.24094071984291077
v -0.6550695896148682 -0.36291372776031494 -0.23749014735221863
v -0.5813261270523071 -0.3605017066001892 -0.06237897276878357
v -0.5904744267463684 -0.3511989116668701 -0.06151328980922699
v -0.6036081314086914 -0.3770110607147217 -0.04713180661201477
v -0.5926831364631653 -0.3756469488143921 -0.06117290258407593
v -0.5948324799537659 -0.3347674310207367 -0.03921791911125183
v -0.6105377674102783 -0.35946542024612427 -0.046505630016326904
v -0.6142783164978027 -0.37097203731536865 -0.052363231778144836
v -0.5944617986679077 -0.3341141939163208 -0.05326741933822632
v -0.6878353953361511 -0.3497461974620819 -0.23605862259864807
v -0.6895706057548523 -0.3493235409259796 -0.2329476773738861
v -0.6745386719703674 -0.3636309504508972 -0.23428001999855042
v -0.671665608882904 -0.3569088280200958 -0.24133697152137756
v -0.5942904353141785 -0.3567769229412079 -0.0727958232164383
v -0.5969241261482239 -0.3498673439025879 -0.07050162553787231
v -0.6110768914222717 -0.37781083583831787 -0.06010253727436066
v -0.606212854385376 -0.3748381733894348 -0.07875609397888184
v -0.5945876240730286 -0.364445298910141 -0.07696737349033356
v -0.6059808135032654 -0.3486442565917969 -0.04775764048099518
v -0.6242278218269348 -0.3766913414001465 -0.07040940225124359
v -0.6243142485618591 -0.3648453950881958 -0.06303980946540833
v -0.6010030508041382 -0.3457047939300537 -0.06308761239051819
v -0.6688915491104126 -0.34453845024108887 -0.24825233221054077
v -0.6848328709602356 -0.35565072298049927 -0.24165959656238556
v -0.6937981843948364 -0.3597024977207184 -0.24143141508102417
v -0.6844584941864014 -0.3642907738685608 -0.2357768565416336
v -0.6922606825828552 -0.37189534306526184 -0.24255946278572083
v -0.601115882396698 -0.355274498462677 -0.08235597610473633
v -0.6042969822883606 -0.3476727604866028 -0.07877588272094727
v -0.6153021454811096 -0.380121648311615 -0.07309947907924652
v -0.6109504699707031 -0.370816707611084 -0.09016487002372742
v -0.6008977890014648 -0.35994067788124084 -0.08459673821926117
v -0.6152235269546509 -0.35558760166168213 -0.06833304464817047
v -0.6367677450180054 -0.37296003103256226 -0.08245429396629333
v -0.6317856311798096 -0.38125818967819214 -0.08734254539012909
v -0.6171438694000244 -0.3508725166320801 -0.08046071231365204
v -0.6897686719894409 -0.3526045083999634 -0.2425689548254013
v -0.7068603038787842 -0.34584754705429077 -0.24268603324890137
v -0.7006180882453918 -0.36963796615600586 -0.24578264355659485
v -0.6913931965827942 -0.34875378012657166 -0.2510896921157837
v -0.6929180026054382 -0.37392082810401917 -0.24186423420906067
v -0.7094731330871582 -0.3788995146751404 -0.24356688559055328
v -0.6111024618148804 -0.35155200958251953 -0.09270915389060974
v -0.6191369295120239 -0.34883415699005127 -0.09222444891929626
v -0.6232964396476746 -0.38005512952804565 -0.08920952677726746
v -0.6091968417167664 -0.36206504702568054 -0.09806361794471741
v -0.6239604949951172 -0.37065261602401733 -0.10783790051937103
v -0.6293321251869202 -0.36123138666152954 -0.08232773840427399
v -0.6466087102890015 -0.38143959641456604 -0.10323238372802734
v -0.6416779160499573 -0.3862305283546448 -0.10596136748790741
v -0.632475733757019 -0.3572966456413269 -0.09463340044021606
v -0.6984133720397949 -0.378063827753067 -0.2261967658996582
v -0.7057725191116333 -0.3875528573989868 -0.2444954514503479
v -0.7053862810134888 -0.35980188846588135 -0.24727098643779755
v -0.719181478023529 -0.3885689675807953 -0.25015103816986084
v -0.7063615918159485 -0.3840480148792267 -0.24205683171749115
v -0.6270381808280945 -0.3489035367965698 -0.11574079841375351
v -0.6402811408042908 -0.3566887378692627 -0.10856577754020691
v -0.6325554847717285 -0.38029879331588745 -0.10539229214191437
v -0.6402949094772339 -0.3752462863922119 -0.11997947096824646
v -0.6267468333244324 -0.36208850145339966 -0.11450700461864471
v -0.645415186882019 -0.37152326107025146 -0.09936557710170746
v -0.657169759273529 -0.3865302503108978 -0.12586133182048798
v -0.6504323482513428 -0.3855392336845398 -0.1184425950050354
v -0.6497409343719482 -0.37007033824920654 -0.11391377449035645
v -0.724716067314148 -0.3907855451107025 -0.25476473569869995
v -0.7236212491989136 -0.3878989815711975 -0.2570344805717468
v -0.7369043827056885 -0.3709397614002228 -0.25574085116386414
v -0.7250127196311951 -0.3724348545074463 -0.24706950783729553
v -0.6494730710983276 -0.35892632603645325 -0.12916237115859985
v -0.6505988836288452 -0.3575558066368103 -0.1257472038269043
v -0.6398021578788757 -0.3789055347442627 -0.11887520551681519
v -0.6511256098747253 -0.36589235067367554 -0.1327494978904724
v -0.6493636965751648 -0.36078912019729614 -0.13033780455589294
v -0.6543858051300049 -0.38179248571395874 -0.12010960280895233
v -0.6662594079971313 -0.3842933177947998 -0.13312384486198425
v -0.6688461303710938 -0.3851430416107178 -0.1319771707057953
v -0.6595070362091064 -0.3669651746749878 -0.12571145594120026
v -0.7415771484375 -0.38597923517227173 -0.2632417678833008
v -0.7459326386451721 -0.40061941742897034 -0.2599019408226013
v -0.7471441030502319 -0.3704896867275238 -0.25569209456443787
v -0.7409999370574951 -0.37888938188552856 -0.2501312494277954
v -0.6592090129852295 -0.36869490146636963 -0.1377730369567871
v -0.662651777267456 -0.3636322617530823 -0.13718263804912567
v -0.6593109965324402 -0.38252773880958557 -0.13304029405117035
v -0.6649844646453857 -0.3720710873603821 -0.14308160543441772
v -0.6602018475532532 -0.3691587448120117 -0.1490498185157776
v -0.6632086038589478 -0.376853883266449 -0.13154441118240356
v -0.6742168068885803 -0.3809242248535156 -0.1421763300895691
v -0.676034152507782 -0.38053658604621887 -0.14249469339847565
v -0.6690707206726074 -0.3676333427429199 -0.1369822919368744
v -0.7534052133560181 -0.3835363984107971 -0.2788321375846863
v -0.7402586936950684 -0.40105435252189636 -0.24224397540092468
v -0.7648099064826965 -0.3824687600135803 -0.2522444725036621
v -0.7649898529052734 -0.39303696155548096 -0.255481481552124
v -0.6749732494354248 -0.36934325098991394 -0.14305981993675232
v -0.6695959568023682 -0.37079179286956787 -0.14552703499794006
v -0.6683167815208435 -0.37594008445739746 -0.14700756967067719
v -0.6768620014190674 -0.37259677052497864 -0.16293519735336304
v -0.6757450103759766 -0.37372052669525146 -0.15142744779586792
v -0.6803126335144043 -0.37061285972595215 -0.14097172021865845
v -0.6840910911560059 -0.3717772364616394 -0.15283022820949554
v -0.6788615584373474 -0.37515562772750854 -0.15256592631340027
v -0.6809489727020264 -0.37146446108818054 -0.14532218873500824
v -0.7917056679725647 -0.39552223682403564 -0.26555347442626953
v -0.7699121236801147 -0.4229772686958313 -0.25649774074554443
v -0.7764980792999268 -0.3932890295982361 -0.2538485825061798
v -0.7692602872848511 -0.40750041604042053 -0.25701218843460083
v -0.6789621710777283 -0.374290406703949 -0.15407928824424744
v -0.6790199279785156 -0.3735094964504242 -0.14874836802482605
v -0.6721062660217285 -0.3734745979309082 -0.15629400312900543
v -0.6787061095237732 -0.3729981780052185 -0.15668652951717377
v -0.6787370443344116 -0.37488049268722534 -0.15561765432357788
v -0.6896195411682129 -0.36899247765541077 -0.14942677319049835
v -0.683301568031311 -0.3713224530220032 -0.15725374221801758
v -0.6802529692649841 -0.3739606738090515 -0.1528785228729248
v -0.684255063533783 -0.38171815872192383 -0.15393133461475372
v -0.7918871641159058 -0.4000067114830017 -0.2588433623313904
v -0.8011465072631836 -0.4151022136211395 -0.2532198429107666
v -0.7732429504394531 -0.39927032589912415 -0.2594683766365051
v -0.7728447318077087 -0.40485090017318726 -0.2583251893520355
v -0.6815987825393677 -0.37496984004974365 -0.15518195927143097
v -0.6730839610099792 -0.3682329058647156 -0.15154916048049927
v -0.6785522103309631 -0.372958779335022 -0.15509310364723206
v -0.6828290224075317 -0.3730469346046448 -0.15440800786018372
v -0.6815972328186035 -0.3725300431251526 -0.15636934340000153
v -0.6925048828125 -0.3723839819431305 -0.16420865058898926
v -0.678626298904419 -0.37234359979629517 -0.15362229943275452
v -0.6770266890525818 -0.37311458587646484 -0.15115302801132202
v -0.6812174320220947 -0.3773672580718994 -0.16125249862670898
v -0.775530219078064 -0.3951152265071869 -0.25963094830513
v -0.776334822177887 -0.40942656993865967 -0.2570341229438782
v -0.7671579718589783 -0.4000701904296875 -0.25970035791397095
v -0.6809205412864685 -0.3740618824958801 -0.15264105796813965
v -0.6825064420700073 -0.3767757713794708 -0.15457922220230103
v -0.6839712858200073 -0.38030675053596497 -0.1569715142250061
v -0.6862707138061523 -0.3696215748786926 -0.1602315604686737
v -0.679821252822876 -0.37854379415512085 -0.15445727109909058
v -0.6751814484596252 -0.37638235092163086 -0.15525749325752258
v -0.6913408041000366 -0.3727293908596039 -0.1688767373561859
v -0.6768946051597595 -0.37570884823799133 -0.15355350077152252
v -0.681421160697937 -0.3794156312942505 -0.15717706084251404
v -0.6853873133659363 -0.3828054964542389 -0.15833890438079834
v -0.6838299632072449 -0.3725453019142151 -0.15797114372253418
v -0.6765753626823425 -0.3789530396461487 -0.1576354205608368
v -0.6774531602859497 -0.38135260343551636 -0.157112717628479
v -0.6838756203651428 -0.3719162344932556 -0.16312898695468903
v -0.7795608043670654 -0.4009569585323334 -0.25932371616363525
v -0.69273841381073 -0.3848731517791748 -0.16445982456207275
v -0.6820659041404724 -0.3830852806568146 -0.16166071593761444
v -0.6851826310157776 -0.38251569867134094 -0.16035676002502441
v -0.6839030981063843 -0.37894266843795776 -0.15874259173870087
v -0.6876741051673889 -0.3763938844203949 -0.1673867255449295
v -0.6870325207710266 -0.3815252482891083 -0.15606270730495453
v -0.6789771914482117 -0.38516664505004883 -0.15553545951843262
v -0.6867877840995789 -0.38644441962242126 -0.14849857985973358
v -0.681892991065979 -0.38181212544441223 -0.1491577923297882
v -0.6858368515968323 -0.3791308104991913 -0.16280966997146606
v -0.6822249889373779 -0.38330334424972534 -0.1583665907382965
v -0.6882352232933044 -0.3881074786186218 -0.15043124556541443
v -0.6752887964248657 -0.38185402750968933 -0.15009716153144836
v -0.6833572387695312 -0.3854706883430481 -0.1340084671974182
v -0.6863340735435486 -0.4038924276828766 -0.1369299292564392
v -0.6767898797988892 -0.3893369436264038 -0.14948268234729767
v -0.6736923456192017 -0.3875121474266052 -0.1493780016899109
v -0.6720634698867798 -0.40730711817741394 -0.14104622602462769
v -0.6673659086227417 -0.3756571412086487 -0.1300468146800995
v -0.679834246635437 -0.40005624294281006 -0.12141308933496475
v -0.681266725063324 -0.4084397554397583 -0.1288950890302658
v -0.6584604382514954 -0.38564160466194153 -0.13500237464904785
v -0.6590552926063538 -0.39937472343444824 -0.13671565055847168
v -0.6731119155883789 -0.41325992345809937 -0.12961943447589874
v -0.6627874970436096 -0.3807501792907715 -0.1129443496465683
v -0.6602912545204163 -0.3982695937156677 -0.11805067956447601
v -0.6809388995170593 -0.4095867872238159 -0.13048404455184937
v -0.6335527300834656 -0.3855697810649872 -0.11295989155769348
v -0.659497857093811 -0.40666574239730835 -0.12980136275291443
v -0.677448034286499 -0.4001724421977997 -0.12636607885360718
v -0.6485408544540405 -0.38884302973747253 -0.1182781308889389
v -0.6548169851303101 -0.3970875144004822 -0.1382984220981598
v -0.7024036049842834 -0.39521294832229614 -0.17326492071151733
v -0.6579921841621399 -0.3957222104072571 -0.12404415756464005
v -0.6526851654052734 -0.39244544506073 -0.1269506812095642
v -0.7006831765174866 -0.38758522272109985 -0.16195645928382874
v -0.658825695514679 -0.39405715465545654 -0.1382925808429718
v -0.6832660436630249 -0.3882884383201599 -0.14294561743736267
v -0.6763762831687927 -0.38958683609962463 -0.1505761742591858
v -0.6888075470924377 -0.3830533027648926 -0.1651124358177185
v -0.6968165636062622 -0.3698826730251312 -0.161457359790802
v -0.6870287656784058 -0.38495755195617676 -0.16376562416553497
v -0.7026036381721497 -0.3811633586883545 -0.17094498872756958
v -0.6949537992477417 -0.3822997212409973 -0.1629573404788971
v -0.7049753069877625 -0.3852308690547943 -0.19021719694137573
v -0.7002678513526917 -0.37954986095428467 -0.18576020002365112
v -0.7085765600204468 -0.3873061537742615 -0.18322713673114777
v -0.7033704519271851 -0.37676119804382324 -0.1821403056383133
v -0.696586549282074 -0.3767693340778351 -0.18038611114025116
v -0.7213533520698547 -0.3989594876766205 -0.21555617451667786
v -0.7081757187843323 -0.3810986876487732 -0.21108707785606384
v -0.7198835611343384 -0.3884046971797943 -0.19738487899303436
v -0.7138745188713074 -0.37860867381095886 -0.19357475638389587
v -0.7110849022865295 -0.37268978357315063 -0.19794486463069916
v -0.7261742353439331 -0.3728773593902588 -0.22086848318576813
v -0.7173787355422974 -0.3866322636604309 -0.22270169854164124
v -0.7214205861091614 -0.3914848566055298 -0.2132495492696762
v -0.7260627746582031 -0.3700486421585083 -0.21294133365154266
v -0.7265428304672241 -0.37739503383636475 -0.2075749784708023
v -0.7425656914710999 -0.36599069833755493 -0.23042084276676178
v -0.7369309067726135 -0.3805256485939026 -0.2314690202474594
v -0.7348161339759827 -0.3830176889896393 -0.24058130383491516
v -0.7350231409072876 -0.3664339780807495 -0.22043699026107788
v -0.7325770258903503 -0.37297746539115906 -0.22471171617507935
v -0.7616062164306641 -0.383811891078949 -0.24167925119400024
v -0.7567518353462219 -0.3670428693294525 -0.23476926982402802
v -0.7145087718963623 -0.38120007514953613 -0.236464723944664
v -0.7469913959503174 -0.36371898651123047 -0.23454318940639496
v -0.7332472205162048 -0.37128204107284546 -0.23874542117118835
v -0.7442295551300049 -0.387213796377182 -0.23467019200325012
v -0.7741314172744751 -0.36632096767425537 -0.2475235015153885
v -0.7339156866073608 -0.37504076957702637 -0.2509115934371948
v -0.7546089887619019 -0.360783189535141 -0.2527586817741394
v -0.7628661394119263 -0.3600728213787079 -0.24909324944019318
v -0.763741135597229 -0.37929731607437134 -0.26010817289352417
v -0.7873446345329285 -0.36601942777633667 -0.2647244930267334
v -0.7557721734046936 -0.38246166706085205 -0.27243655920028687
v -0.7788546681404114 -0.35514938831329346 -0.267525851726532
v -0.7686999440193176 -0.3641769289970398 -0.2695704698562622
v -0.7988415360450745 -0.36802273988723755 -0.28572624921798706
v -0.7786060571670532 -0.3874630033969879 -0.275409996509552
v -0.7701460719108582 -0.3881748914718628 -0.2763397991657257
v -0.7916125059127808 -0.35928064584732056 -0.27488502860069275
v -0.7752774953842163 -0.3789534270763397 -0.2812466025352478
v -0.8046695590019226 -0.3799424469470978 -0.295035183429718
v -0.8175216913223267 -0.36084407567977905 -0.310863196849823
v -0.778114378452301 -0.39230582118034363 -0.27195027470588684
v -0.8071321249008179 -0.3543914556503296 -0.3141839802265167
v -0.7915536761283875 -0.36463695764541626 -0.28018468618392944
v -0.8201974630355835 -0.37385445833206177 -0.3053995370864868
v -0.840889573097229 -0.36903297901153564 -0.30854174494743347
v -0.801570475101471 -0.3751823306083679 -0.29204222559928894
v -0.8187940716743469 -0.3559466004371643 -0.31463468074798584
v -0.8032411336898804 -0.36242157220840454 -0.29375988245010376
v -0.8109866380691528 -0.36617207527160645 -0.29801851511001587
v -0.831722617149353 -0.36163389682769775 -0.3167882561683655
v -0.8237348794937134 -0.36602842807769775 -0.3068477511405945
v -0.8230303525924683 -0.3760308623313904 -0.3069632351398468
v -0.8164200782775879 -0.36324343085289 -0.30738621950149536
v -0.8145248889923096 -0.38060498237609863 -0.31348884105682373
v -0.819109320640564 -0.37765032052993774 -0.31967151165008545
v -0.8280367255210876 -0.35602307319641113 -0.3234274387359619
v -0.8132544755935669 -0.3727269768714905 -0.31449228525161743
v -0.8184205293655396 -0.3573808968067169 -0.31429365277290344
v -0.81673264503479 -0.37305113673210144 -0.32334113121032715
v -0.8144561648368835 -0.3790251314640045 -0.32427871227264404
v -0.8121612071990967 -0.36312273144721985 -0.3179861307144165
v -0.8027308583259583 -0.3837747573852539 -0.3128931522369385
v -0.8017392158508301 -0.36010289192199707 -0.3090980350971222
v -0.8255686163902283 -0.36348503828048706 -0.3297208547592163
v -0.8223543763160706 -0.36812353134155273 -0.3318169116973877
v -0.8188849091529846 -0.36913055181503296 -0.32348722219467163
v -0.8154122233390808 -0.37191617488861084 -0.32180577516555786
v -0.8245827555656433 -0.37520742416381836 -0.32781320810317993
v -0.8347456455230713 -0.3673258423805237 -0.33080413937568665
v -0.839320182800293 -0.359161913394928 -0.33158114552497864
v -0.8310205936431885 -0.3634486794471741 -0.33153077960014343
v -0.8547760248184204 -0.3716360330581665 -0.33407387137413025
v -0.8566910028457642 -0.36677274107933044 -0.3229563236236572
v -0.8339077234268188 -0.3660345673561096 -0.33118927478790283
v -0.8270567655563354 -0.3731350898742676 -0.3299996852874756
v -0.8522621989250183 -0.36174818873405457 -0.3329733610153198
v -0.8496543765068054 -0.3694520592689514 -0.3226911425590515
v -0.8546245098114014 -0.3612220883369446 -0.3280492126941681
v -0.8738760948181152 -0.3716657757759094 -0.32098257541656494
v -0.8756275773048401 -0.3619798421859741 -0.32256239652633667
v -0.8663449287414551 -0.3725515604019165 -0.3248955309391022
v -0.8781639933586121 -0.3691134452819824 -0.310945600271225
v -0.8781338930130005 -0.3758127689361572 -0.31566962599754333
v -0.8994577527046204 -0.368675172328949 -0.3058127462863922
v -0.8952621221542358 -0.36438050866127014 -0.30200275778770447
v -0.88646399974823 -0.37361809611320496 -0.3124729096889496
v -0.8970096111297607 -0.3725793957710266 -0.30708178877830505
v -0.8914293646812439 -0.3730315864086151 -0.31298089027404785
v -0.903388261795044 -0.3733457922935486 -0.3062967360019684
v -0.9059380888938904 -0.37368080019950867 -0.3050095736980438
v -0.9095177054405212 -0.3780478835105896 -0.3018447458744049
v -0.8992531895637512 -0.3720652163028717 -0.31074148416519165
v -0.9205315113067627 -0.3770030736923218 -0.2947526276111603
v -0.9166897535324097 -0.37171775102615356 -0.30353641510009766
v -0.8989985585212708 -0.3590795695781708 -0.3181363046169281
v -0.8996241092681885 -0.38734495639801025 -0.3011426031589508
v -0.8956069350242615 -0.36818304657936096 -0.3189135491847992
v -0.9009093642234802 -0.35019785165786743 -0.30298158526420593
v -0.8956243991851807 -0.37315618991851807 -0.2925589978694916
v -0.8856348991394043 -0.35855430364608765 -0.32759004831314087
v -0.8838054537773132 -0.3626220226287842 -0.3197893798351288
v -0.8772368431091309 -0.36846911907196045 -0.3208853602409363
v -0.8785678744316101 -0.3723229169845581 -0.29607492685317993
v -0.8826472163200378 -0.36734116077423096 -0.3002578616142273
v -0.8816227316856384 -0.3625381588935852 -0.3114576041698456
v -0.9001250863075256 -0.3693811297416687 -0.31746160984039307
v -0.8945974707603455 -0.3686187267303467 -0.3116062879562378
v -0.882005512714386 -0.37628161907196045 -0.3038104176521301
v -0.8859230875968933 -0.3745844066143036 -0.3115616738796234
v -0.8921438455581665 -0.37345588207244873 -0.3052574396133423
v -0.9161241054534912 -0.3767746090888977 -0.3164733946323395
v -0.9136382937431335 -0.37447625398635864 -0.3091200888156891
v -0.893059492111206 -0.37993425130844116 -0.3109409809112549
v -0.9029010534286499 -0.37529975175857544 -0.31446969509124756
v -0.909497857093811 -0.377733439207077 -0.3074873983860016
v -0.9189874529838562 -0.3763134777545929 -0.3130538761615753
v -0.9095714688301086 -0.38406646251678467 -0.3128771185874939
v -0.9097986817359924 -0.38418686389923096 -0.3158717751502991
v -0.9099098443984985 -0.38433927297592163 -0.3168085515499115
v -0.9264233112335205 -0.37857505679130554 -0.3084488809108734
v -0.9188212752342224 -0.38561028242111206 -0.313207745552063
v -0.9140095114707947 -0.37977200746536255 -0.30915647745132446
v -0.9139823317527771 -0.378060519695282 -0.30714136362075806
v -0.9195452332496643 -0.37990134954452515 -0.31353384256362915
v -0.9196853637695312 -0.3735607862472534 -0.316790372133255
v -0.9223752617835999 -0.37775158882141113 -0.3083595037460327
v -0.9302735328674316 -0.3786790370941162 -0.3094986081123352
v -0.9166619181632996 -0.3788750171661377 -0.3091331124305725
v -0.9154290556907654 -0.38159725069999695 -0.3167172372341156
v -0.9127912521362305 -0.3737761676311493 -0.3014547824859619
v -0.9216945171356201 -0.36465445160865784 -0.3066765069961548
v 0.3738546371459961 -0.0629769042134285 0.26480719447135925
v 0.3577899932861328 -0.05660192668437958 0.2572442293167114
v 0.34202632308006287 -0.0490240678191185 0.24232520163059235
v 0.3879319429397583 -0.06766168773174286 0.2663225829601288
v 0.3275024890899658 -0.04097457975149155 0.22252582013607025
v 0.3186783492565155 -0.03557192534208298 0.20759283006191254
v 0.4639541506767273 -0.085873544216156 0.23431818187236786
v 0.31420397758483887 -0.03264034539461136 0.19893164932727814
v 0.4718395173549652 -0.08714010566473007 0.22746917605400085
v 0.3080885708332062 -0.028957709670066833 0.1889316439628601
v 0.48271745443344116 -0.08879327774047852 0.21748745441436768
v 0.3001334071159363 -0.02420555055141449 0.1761409044265747
v 0.4937475323677063 -0.09032690525054932 0.20655716955661774
v 0.5020116567611694 -0.09141616523265839 0.1980288028717041
v 0.5058333277702332 -0.0917862132191658 0.19332699477672577
v 0.5097438097000122 -0.0921720564365387 0.18855679035186768
v 0.5154236555099487 -0.09260605275630951 0.18091122806072235
v 0.2683800756931305 0.0004581175744533539 0.0939512848854065
v 0.2598358988761902 3.668665885925293e-05 0.11965853720903397
v 0.2636946141719818 9.150383993983269e-05 0.1081414595246315
v 0.5604754686355591 -0.0845285952091217 0.054948046803474426
v 0.25325170159339905 3.547966480255127e-05 0.13009013235569
v 0.5730449557304382 -0.0835648849606514 0.027118198573589325
v 0.5820964574813843 -0.08238169550895691 0.004303649067878723
v 0.30576667189598083 -0.0059316083788871765 0.06250052899122238
v 0.29785552620887756 -0.0026247352361679077 0.058882229030132294
v 0.5865887403488159 -0.08026786148548126 -0.015675552189350128
v 0.29045987129211426 0.00017300620675086975 0.054298363626003265
v 0.31450125575065613 -0.008723258972167969 0.06278793513774872
v 0.2833825945854187 0.0016011781990528107 0.04798164218664169
v 0.5779162049293518 -0.07347185909748077 -0.03877886012196541
v 0.22158193588256836 0.0 0.14184659719467163
v 0.3258360028266907 -0.010752491652965546 0.05412573367357254
v 0.5643602609634399 -0.06768926978111267 -0.047446656972169876
v 0.20431005954742432 0.0 0.14498373866081238
v 0.3395044207572937 -0.011743225157260895 0.03542262688279152
v 0.19310224056243896 0.0019504481460899115 0.04184792563319206
v 0.5566617846488953 -0.06439292430877686 -0.05243939161300659
v 0.3531564176082611 -0.012338854372501373 0.014508500695228577
v 0.18833307921886444 0.000486543751321733 0.044241249561309814
v 0.18607136607170105 0.0 0.1476626694202423
v 0.36617639660835266 -0.013426154851913452 -0.002493295818567276
v 0.18018442392349243 0.0 0.04501979053020477
v 0.16678358614444733 0.0 0.042040012776851654
v 0.5231738686561584 -0.0533793643116951 -0.05530214309692383
v 0.16321682929992676 0.0 0.03864748030900955
v 0.5025761127471924 -0.04819415509700775 -0.04805297777056694
v 0.12972711026668549 0.0 0.1687571406364441
v 0.1157556027173996 0.0 0.1769540160894394
v 0.4198596775531769 -0.02511453628540039 -0.03173856809735298
v 0.12158770114183426 0.005952805280685425 -0.06807737797498703
v 0.4731215834617615 -0.03921765089035034 -0.04650891199707985
v 0.0999743714928627 0.0 0.18698719143867493
v 0.42897510528564453 -0.027270585298538208 -0.03573274984955788
v 0.46472302079200745 -0.03673624247312546 -0.04566821828484535
v 0.08607804030179977 0.0 0.18889586627483368
v 0.43992388248443604 -0.030040904879570007 -0.03950605168938637
v 0.4518461227416992 -0.03317331522703171 -0.0429583303630352
v 0.15265722572803497 0.0011841787490993738 -0.04178939759731293
v 0.07642732560634613 0.0 0.17854462563991547
v 0.06824088096618652 0.0 0.16547678411006927
v 0.06306368857622147 0.0 0.1549336314201355
v 0.06184331700205803 0.0 0.14544901251792908
v 0.1828959733247757 0.0 0.0653195008635521
v 0.15818557143211365 -0.0015452224761247635 0.022525714710354805
v 0.06126011162996292 0.0 0.13841287791728973
v 0.16555115580558777 0.0 0.07137618958950043
v 0.12266124784946442 0.001986756455153227 -0.011696361005306244
v 0.06081772595643997 0.0 0.13011379539966583
v 0.048560731112957 0.0 0.09963883459568024
v 0.14952322840690613 0.0 0.06859217584133148
v 0.024435877799987793 0.0 0.08780647814273834
v 0.010076917707920074 0.0 0.09686234593391418
v -0.021653003990650177 0.0 0.1163061186671257
v -0.03841680660843849 0.0 0.1279917061328888
v -0.060080062597990036 0.0 0.1318017989397049
v -0.07285323739051819 0.0 0.13448990881443024
v 0.05460339039564133 0.0 0.11501253396272659
v -0.1982974112033844 -0.04452843964099884 -0.030763521790504456
v -0.11188405752182007 -0.0011564712040126324 0.03977388143539429
v -0.18436256051063538 0.0 -0.08895540982484818
v -0.13927410542964935 0.00028962455689907074 0.025469638407230377
v -0.14166253805160522 0.0033722510561347008 -0.06265220046043396
v -0.16836297512054443 -0.009885621257126331 0.04440121725201607
v -0.19064393639564514 -0.022160526365041733 0.07002659887075424
v -0.11747793853282928 0.0 -0.035284627228975296
v -0.2192356288433075 -0.038386087864637375 0.07391222566366196
v -0.13655701279640198 0.00103219342418015 -0.050575416535139084
v -0.24104496836662292 -0.0587577261030674 0.050325095653533936
v -0.15492933988571167 0.0007575210183858871 0.010543961077928543
v -0.16636806726455688 0.0015756520442664623 -0.0753142312169075
v -0.2575977146625519 -0.07672318816184998 0.0475778728723526
v -0.15698650479316711 0.0026857890188694 0.010296620428562164
v -0.2628675699234009 -0.0832730233669281 0.03931158781051636
v -0.16075503826141357 0.011681176722049713 -0.018301744014024734
v -0.26607805490493774 -0.08745965361595154 0.029041767120361328
v -0.1676425337791443 0.013879083096981049 -0.027917563915252686
v -0.19204139709472656 0.0 -0.10025715827941895
v -0.26152801513671875 -0.08527300506830215 -0.0006158798933029175
v -0.165029376745224 0.010379500687122345 -0.03666231036186218
v -0.20248548686504364 0.0 -0.09680070728063583
v -0.26431238651275635 -0.08792857825756073 -0.005712956190109253
v -0.21956762671470642 -0.046584680676460266 -0.06632979214191437
v -0.29544103145599365 -0.12335732579231262 -0.003618389368057251
v -0.23503905534744263 -0.06827560067176819 -0.07808910310268402
v -0.3366432189941406 -0.18040767312049866 -0.0006108582019805908
v -0.24552197754383087 -0.09521777927875519 -0.09805744886398315
v -0.2434401512145996 -0.0822189450263977 -0.0836787223815918
v -0.2398773431777954 -0.09950967133045197 -0.11376091837882996
v -0.35422685742378235 -0.21990737318992615 -0.00651627779006958
v -0.23236098885536194 -0.09499010443687439 -0.11996005475521088
v -0.22564922273159027 -0.09040650725364685 -0.12620669603347778
v -0.21782532334327698 -0.08283224701881409 -0.13158318400382996
v -0.36219680309295654 -0.24605479836463928 -0.018380850553512573
v -0.21373894810676575 -0.07918974757194519 -0.13398052752017975
v -0.3656187951564789 -0.2578423321247101 -0.025103986263275146
v -0.37013134360313416 -0.2717709541320801 -0.03331843018531799
v -0.37307462096214294 -0.2831007242202759 -0.041505396366119385
v -0.3735012710094452 -0.2884669899940491 -0.046092599630355835
v -0.372437447309494 -0.2912035286426544 -0.05180642008781433
v -0.3686777949333191 -0.29108163714408875 -0.06295615434646606
v -0.1897152215242386 -0.09109765291213989 -0.22159838676452637
v -0.36398112773895264 -0.29203781485557556 -0.08081677556037903
v -0.3634570240974426 -0.3049715459346771 -0.1101803183555603
v -0.3691118061542511 -0.3161124587059021 -0.11953866481781006
v -0.3769959807395935 -0.33557671308517456 -0.13914310932159424
v -0.3860359191894531 -0.3544549345970154 -0.16475525498390198
v -0.17322486639022827 -0.1282208263874054 -0.37540024518966675
v -0.1789010912179947 -0.14052650332450867 -0.3921922743320465
v -0.19197165966033936 -0.1562597155570984 -0.40776509046554565
v -0.20408250391483307 -0.17649395763874054 -0.41673406958580017
v -0.34642738103866577 -0.33925479650497437 -0.29347312450408936
v -0.31575724482536316 -0.29762792587280273 -0.3026154637336731
v -0.23924726247787476 -0.21758878231048584 -0.40335947275161743
v -0.25455260276794434 -0.23550398647785187 -0.3887050747871399
v -0.29149019718170166 -0.274089515209198 -0.33780986070632935
v -0.3018248975276947 -0.2816373407840729 -0.3145633041858673
v 0.129509836435318 -0.030064184218645096 0.1369684338569641
v 0.13906657695770264 -0.029683392494916916 0.13152329623699188
v 0.12804006040096283 -0.0239064022898674 0.1274091750383377
v 0.13624653220176697 -0.03382071107625961 0.1321960687637329
v 0.5409018993377686 -0.08498365432024002 0.09235628694295883
v 0.38341036438941956 -0.01677463948726654 -0.014171741902828217
v 0.1145303025841713 0.0028309281915426254 -0.023875832557678223
v 0.14118805527687073 0.0 0.06408576667308807
v 0.12285453081130981 0.0 0.05221342295408249
v 0.09789818525314331 0.0 0.03284202888607979
v -0.08644012361764908 0.0 -0.08474773168563843
v -0.08396688103675842 -0.06872192025184631 0.12132197618484497
v 0.3683914244174957 -0.007506623864173889 0.25941798090934753
v 0.36160722374916077 -0.01421065628528595 0.2585049867630005
v 0.3672013282775879 -0.016527190804481506 0.2613314092159271
v 0.35748907923698425 -0.019670918583869934 0.2583623230457306
v 0.35755589604377747 -0.009296923875808716 0.2545869052410126
v 0.37962964177131653 -0.002062082290649414 0.259255051612854
v 0.37783941626548767 -0.011443577706813812 0.2623179256916046
v 0.3641151785850525 -0.0238201767206192 0.2617863714694977
v 0.35514792799949646 -0.027135014533996582 0.25790488719940186
v 0.3445300757884979 -0.02231842279434204 0.2521098852157593
v 0.348867267370224 -0.015824653208255768 0.25375834107398987
v 0.34549030661582947 -0.010503880679607391 0.24887162446975708
v 0.3584385812282562 -0.001376822590827942 0.2504596710205078
v 0.3676546812057495 -0.003517046570777893 0.25583741068840027
v 0.38169679045677185 0.006161026656627655 0.25438109040260315
v 0.3902434706687927 0.002019435167312622 0.257262647151947
v 0.38810431957244873 -0.006920360028743744 0.26167020201683044
v 0.37347638607025146 -0.02140428125858307 0.2638145685195923
v 0.34648123383522034 -0.02880057692527771 0.25264549255371094
v 0.3342416286468506 -0.022104933857917786 0.24452334642410278
v 0.33812347054481506 -0.016289614140987396 0.24599218368530273
v 0.3473013639450073 -0.0018518120050430298 0.2448658049106598
v 0.3372136354446411 -0.009883590042591095 0.24205951392650604
v 0.37186771631240845 0.008094124495983124 0.25004297494888306
v 0.35958603024482727 0.009989991784095764 0.24384160339832306
v 0.3851511776447296 0.017715144902467728 0.2472224086523056
v 0.3927179276943207 0.013456098735332489 0.25072166323661804
v 0.40073710680007935 0.010034587234258652 0.2525571584701538
v 0.39781397581100464 -0.0013313591480255127 0.25899866223335266
v 0.3853483498096466 -0.018024347722530365 0.26446017622947693
v 0.38050979375839233 -0.029915671795606613 0.26653310656547546
v 0.36415642499923706 -0.03179219737648964 0.2626972496509552
v 0.33867108821868896 -0.027112014591693878 0.24657782912254333
v 0.3275221884250641 -0.02005576342344284 0.23696370422840118
v 0.32802677154541016 -0.014445148408412933 0.23579144477844238
v 0.3372609317302704 -0.002222031354904175 0.2383182942867279
v 0.34552136063575745 0.005076713860034943 0.23957635462284088
v 0.3283484876155853 -0.00787004828453064 0.23350070416927338
v 0.36595746874809265 0.02605356276035309 0.23645541071891785
v 0.37629956007003784 0.020674999803304672 0.24295158684253693
v 0.3880346119403839 0.02925129234790802 0.23969042301177979
v 0.3952484428882599 0.026477906852960587 0.24293264746665955
v 0.40308523178100586 0.02205512672662735 0.24472303688526154
v 0.412553995847702 0.018098145723342896 0.24558863043785095
v 0.409443736076355 0.004437338560819626 0.2539791762828827
v 0.39583393931388855 -0.012598954141139984 0.2632982134819031
v 0.38296768069267273 -0.039767276495695114 0.2681078016757965
v 0.3698248267173767 -0.041310280561447144 0.26575005054473877
v 0.3512200117111206 -0.03422980010509491 0.25542566180229187
v 0.34052774310112 -0.03344910591840744 0.2483755350112915
v 0.32840409874916077 -0.023475900292396545 0.2387770712375641
v 0.3162458837032318 -0.017768345773220062 0.2248254418373108
v 0.319959819316864 -0.012045085430145264 0.2266797125339508
v 0.3275715112686157 -0.0011997073888778687 0.2302471548318863
v 0.3362215459346771 0.004721678793430328 0.23361362516880035
v 0.34875813126564026 0.017240241169929504 0.23459185659885406
v 0.32001131772994995 -0.0067811161279678345 0.2240481674671173
v 0.3712276220321655 0.03469311073422432 0.23144643008708954
v 0.38116300106048584 0.03291838616132736 0.23562480509281158
v 0.38939839601516724 0.04021117836236954 0.23209181427955627
v 0.39813268184661865 0.037489861249923706 0.23426486551761627
v 0.40499019622802734 0.03535414859652519 0.23554961383342743
v 0.4129461348056793 0.03027310222387314 0.236568421125412
v 0.4199043810367584 0.02537371963262558 0.2367386519908905
v 0.41926807165145874 0.01062687486410141 0.24689655005931854
v 0.40499308705329895 -0.007147304713726044 0.2600862681865692
v 0.3915656805038452 -0.023406263440847397 0.2660570740699768
v 0.39394089579582214 -0.03354005515575409 0.267753541469574
v 0.36891862750053406 -0.05192851275205612 0.26523497700691223
v 0.37857872247695923 -0.05253956839442253 0.267367959022522
v 0.35464492440223694 -0.040030237287282944 0.2584368586540222
v 0.329056978225708 -0.029380813241004944 0.2380109429359436
v 0.34416869282722473 -0.0389215424656868 0.25140148401260376
v 0.3185175061225891 -0.02367987483739853 0.22635026276111603
v 0.30919018387794495 -0.012394137680530548 0.21492767333984375
v 0.3023597002029419 -0.020714454352855682 0.20892420411109924
v 0.3219986855983734 0.002675957977771759 0.2229205071926117
v 0.32909509539604187 0.007375039160251617 0.22809165716171265
v 0.33663251996040344 0.01981005072593689 0.2278507947921753
v 0.35871902108192444 0.029833819717168808 0.23017185926437378
v 0.31025201082229614 -0.0017705410718917847 0.21400073170661926
v 0.3723073899745941 0.03981373459100723 0.2283538430929184
v 0.3805387020111084 0.04217957705259323 0.22911110520362854
v 0.3885207176208496 0.04743903502821922 0.22590014338493347
v 0.3978886902332306 0.046840183436870575 0.22698286175727844
v 0.4062054753303528 0.04448862373828888 0.22702118754386902
v 0.4120216369628906 0.041760653257369995 0.22711007297039032
v 0.419293075799942 0.038313060998916626 0.22634972631931305
v 0.4285678267478943 0.01849578320980072 0.2356116771697998
v 0.42662349343299866 0.033427465707063675 0.22590620815753937
v 0.4159671664237976 -0.0068856775760650635 0.25632262229919434
v 0.40415191650390625 -0.020692668855190277 0.26459312438964844
v 0.4059106111526489 -0.03815092146396637 0.2658837139606476
v 0.3940245509147644 -0.051449328660964966 0.26813650131225586
v 0.3586694896221161 -0.051100410521030426 0.2614254057407379
v 0.3847646117210388 -0.06637570261955261 0.26694443821907043
v 0.36843836307525635 -0.06487949192523956 0.2647002041339874
v 0.3317580819129944 -0.038219451904296875 0.24032160639762878
v 0.31738975644111633 -0.03194347023963928 0.22473980486392975
v 0.3427940905094147 -0.04820000380277634 0.2512644827365875
v 0.3037791848182678 -0.0282050222158432 0.2093658745288849
v 0.2945152819156647 -0.014331154525279999 0.19926398992538452
v 0.29155194759368896 -0.019228503108024597 0.19572636485099792
v 0.3121204376220703 0.01347016915678978 0.21653372049331665
v 0.3214380741119385 0.017312277108430862 0.22242946922779083
v 0.3355783522129059 0.024341825395822525 0.22352921962738037
v 0.3437078595161438 0.028152648359537125 0.2260318398475647
v 0.36499565839767456 0.03952467441558838 0.2263021320104599
v 0.2984207272529602 -0.006100192666053772 0.20323169231414795
v 0.37182992696762085 0.04395531117916107 0.22466886043548584
v 0.38169458508491516 0.04795703664422035 0.22303564846515656
v 0.38928520679473877 0.05283994972705841 0.21929308772087097
v 0.39639949798583984 0.052316635847091675 0.22041364014148712
v 0.40565335750579834 0.05207783356308937 0.21990789473056793
v 0.4128424823284149 0.05052302032709122 0.21864750981330872
v 0.41762545704841614 0.04829646646976471 0.2179338037967682
v 0.4257950186729431 0.04599038138985634 0.215593159198761
v 0.42863133549690247 -0.0009166896343231201 0.24584871530532837
v 0.4355613887310028 0.04252665489912033 0.21307900547981262
v 0.43528473377227783 0.027846138924360275 0.22439846396446228
v 0.41497862339019775 -0.02530623972415924 0.2611187994480133
v 0.42034444212913513 -0.036845862865448 0.2603376507759094
v 0.4103016257286072 -0.05304078012704849 0.26484355330467224
v 0.39838743209838867 -0.07095897197723389 0.2662409543991089
v 0.35058924555778503 -0.062456678599119186 0.25670769810676575
v 0.35900548100471497 -0.07797887921333313 0.259596049785614
v 0.38294583559036255 -0.083097904920578 0.2652656137943268
v 0.3277008831501007 -0.047248728573322296 0.23490789532661438
v 0.31690314412117004 -0.038168273866176605 0.2223680019378662
v 0.3076764941215515 -0.0330844521522522 0.21135678887367249
v 0.3376186490058899 -0.05866497755050659 0.24444806575775146
v 0.2892926037311554 -0.022954784333705902 0.19163033366203308
v 0.28140273690223694 -0.01472523808479309 0.18233360350131989
v 0.3101431727409363 0.029765930026769638 0.22310499846935272
v 0.29969748854637146 0.011014260351657867 0.2080981284379959
v 0.3144865036010742 0.030248098075389862 0.2235039919614792
v 0.335584431886673 0.028539959341287613 0.22180353105068207
v 0.35354480147361755 0.03694615513086319 0.2238091230392456
v 0.28502991795539856 -0.004579819738864899 0.18842856585979462
v 0.3704291582107544 0.04916931316256523 0.2189771682024002
v 0.35841166973114014 0.044367238879203796 0.22103315591812134
v 0.3822321891784668 0.05362660437822342 0.2155885100364685
v 0.39242473244667053 0.0556638166308403 0.21437208354473114
v 0.40271881222724915 0.05637579411268234 0.21329155564308167
v 0.4115237891674042 0.0559421181678772 0.2118552327156067
v 0.41811227798461914 0.053617049008607864 0.2099294364452362
v 0.42319950461387634 0.054200462996959686 0.2079487144947052
v 0.4305843412876129 0.054271284490823746 0.2049788236618042
v 0.4407263994216919 0.010655641555786133 0.2317732572555542
v 0.42760875821113586 -0.018997833132743835 0.25389227271080017
v 0.44526949524879456 0.02988377958536148 0.21461284160614014
v 0.44421517848968506 0.04406578093767166 0.20474925637245178
v 0.42575615644454956 -0.05316856503486633 0.2580528259277344
v 0.4154827892780304 -0.07192223519086838 0.2612679898738861
v 0.4038889408111572 -0.08779542148113251 0.26239722967147827
v 0.3430626392364502 -0.07280813157558441 0.24937517940998077
v 0.32516229152679443 -0.05588742345571518 0.2287784069776535
v 0.3154941499233246 -0.044534988701343536 0.2167901247739792
v 0.30563199520111084 -0.036475807428359985 0.2049344927072525
v 0.2941826283931732 -0.030703067779541016 0.1942417323589325
v 0.33304107189178467 -0.06670436263084412 0.23781539499759674
v 0.2891042232513428 -0.02703603357076645 0.1658778190612793
v 0.28770577907562256 -0.021572526544332504 0.16089902818202972
v 0.3043195307254791 0.02612880989909172 0.2133224904537201
v 0.3095937669277191 0.03330530598759651 0.21820220351219177
v 0.28870686888694763 0.0076124779880046844 0.19730819761753082
v 0.3188741207122803 0.03513619676232338 0.22046677768230438
v 0.3374466001987457 0.036078691482543945 0.21925956010818481
v 0.2728126049041748 -0.002390258014202118 0.17182712256908417
v 0.3480217456817627 0.044672004878520966 0.21630644798278809
v 0.355377733707428 0.04680604487657547 0.21535974740982056
v 0.38531404733657837 0.057743385434150696 0.20695766806602478
v 0.3709230124950409 0.05343702435493469 0.20980721712112427
v 0.39735233783721924 0.06009833887219429 0.2068917602300644
v 0.4069002568721771 0.06008797138929367 0.20563670992851257
v 0.4144410192966461 0.06084325537085533 0.2034773826599121
v 0.4208388030529022 0.05947331711649895 0.20069509744644165
v 0.4271731376647949 0.058777906000614166 0.1994219571352005
v 0.4389535188674927 0.053524285554885864 0.2010757029056549
v 0.4512447714805603 0.012581054121255875 0.2186192125082016
v 0.4388608932495117 -0.013116016983985901 0.24335777759552002
v 0.45081856846809387 0.03929506242275238 0.20115643739700317
v 0.4555056691169739 0.022198133170604706 0.20659802854061127
v 0.4312232434749603 -0.07276548445224762 0.2535618841648102
v 0.4354359805583954 -0.03423158824443817 0.25128471851348877
v 0.44153183698654175 -0.05317293107509613 0.24885478615760803
v 0.4203208088874817 -0.08618560433387756 0.256835401058197
v 0.3235703706741333 -0.06554171442985535 0.22408536076545715
v 0.31335020065307617 -0.05389276146888733 0.20923693478107452
v 0.3044283390045166 -0.04231175780296326 0.19823339581489563
v 0.29457178711891174 -0.03547950088977814 0.1873086839914322
v 0.29064664244651794 -0.03184466063976288 0.16966679692268372
v 0.28370463848114014 -0.016315758228302002 0.15027320384979248
v 0.2824598252773285 -0.022421084344387054 0.1498005986213684
v 0.2918199598789215 0.02248736098408699 0.20264312624931335
v 0.3011217713356018 0.03473528102040291 0.2109229862689972
v 0.31163471937179565 0.039602480828762054 0.2170291692018509
v 0.2798306941986084 0.010872721672058105 0.18780387938022614
v 0.32208776473999023 0.040609076619148254 0.21809831261634827
v 0.26893436908721924 0.007808312773704529 0.16075681149959564
v 0.3398115336894989 0.04316375032067299 0.212888702750206
v 0.35348132252693176 0.04867348447442055 0.2090170532464981
v 0.37836381793022156 0.06015731394290924 0.19798563420772552
v 0.3915684223175049 0.06279123574495316 0.1971733570098877
v 0.36096322536468506 0.05737800896167755 0.2006232738494873
v 0.40276065468788147 0.0639621689915657 0.19691939651966095
v 0.4119579792022705 0.06506530940532684 0.1953791379928589
v 0.4177331328392029 0.06540621072053909 0.193751722574234
v 0.4251934885978699 0.06376016139984131 0.19304220378398895
v 0.4312414228916168 0.060730379074811935 0.1953597217798233
v 0.44696471095085144 0.05160994827747345 0.1955656260251999
v 0.4507698118686676 -0.008633926510810852 0.22901509702205658
v 0.45836305618286133 0.0016515031456947327 0.213616281747818
v 0.45773932337760925 0.03070150315761566 0.19509005546569824
v 0.46192818880081177 0.01202620193362236 0.19911086559295654
v 0.4477386474609375 -0.07243277877569199 0.24354413151741028
v 0.43466490507125854 -0.09195062518119812 0.24876035749912262
v 0.4515378177165985 -0.031494200229644775 0.23726528882980347
v 0.4576261639595032 -0.05298704653978348 0.2354470044374466
v 0.32131603360176086 -0.03749452531337738 0.21380099654197693
v 0.2947445213794708 -0.03942056745290756 0.18274874985218048
v 0.28147220611572266 -0.02944578230381012 0.17270109057426453
v 0.2818332612514496 -0.02832590788602829 0.15230359137058258
v 0.27990415692329407 -0.018872279673814774 0.13781706988811493
v 0.28231626749038696 -0.009065315127372742 0.14027217030525208
v 0.28167036175727844 0.02475837990641594 0.1917898952960968
v 0.2937583923339844 0.035537153482437134 0.20437245070934296
v 0.3040604889392853 0.043203793466091156 0.21147021651268005
v 0.3186045289039612 0.04779434576630592 0.2158454805612564
v 0.27201294898986816 0.01478702574968338 0.17564663290977478
v 0.28449803590774536 -0.0006161220371723175 0.14896537363529205
v 0.3292659819126129 0.05574572831392288 0.21292762458324432
v 0.33996739983558655 0.061780061572790146 0.20685456693172455
v 0.3715337812900543 0.06539535522460938 0.1891556680202484
v 0.3867930769920349 0.06536394357681274 0.18674874305725098
v 0.3994089365005493 0.06717066466808319 0.1861250102519989
v 0.35747629404067993 0.06567016988992691 0.19301056861877441
v 0.4091726243495941 0.06799238920211792 0.1868126094341278
v 0.41409868001937866 0.07414238899946213 0.18284226953983307
v 0.42280417680740356 0.06898520141839981 0.18462970852851868
v 0.4283727705478668 0.06686939299106598 0.18759050965309143
v 0.4402051568031311 0.060491498559713364 0.19152331352233887
v 0.4532202482223511 0.04345043748617172 0.19073525071144104
v 0.4622102379798889 -0.021581724286079407 0.21955285966396332
v 0.46807461977005005 -0.00989580899477005 0.20323076844215393
v 0.46211326122283936 0.019598811864852905 0.1874067783355713
v 0.4670599102973938 -2.6941299438476562e-05 0.1895255744457245
v 0.46253424882888794 -0.07163292914628983 0.2320372313261032
v 0.45305562019348145 -0.09002173691987991 0.23790356516838074
v 0.4651717245578766 -0.040335528552532196 0.22321674227714539
v 0.4711337685585022 -0.056892022490501404 0.22176501154899597
v 0.30572107434272766 -0.057535454630851746 0.19499742984771729
v 0.30062708258628845 -0.046474844217300415 0.1885647028684616
v 0.28416478633880615 -0.03391580283641815 0.16965442895889282
v 0.271573543548584 -0.025288395583629608 0.15836291015148163
v 0.2657914161682129 -0.016365326941013336 0.14227768778800964
v 0.28194954991340637 -0.008124619722366333 0.12856344878673553
v 0.2652813196182251 -0.002757832407951355 0.1295035481452942
v 0.27632153034210205 0.030107516795396805 0.18381506204605103
v 0.285532146692276 0.04113278537988663 0.19793564081192017
v 0.29776060581207275 0.04864548146724701 0.20832552015781403
v 0.31269633769989014 0.05533729866147041 0.21232740581035614
v 0.27016088366508484 0.020900491625070572 0.1680627465248108
v 0.2845408618450165 -0.003515958786010742 0.13748818635940552
v 0.31940263509750366 0.0764906033873558 0.2216324508190155
v 0.34171169996261597 0.07259957492351532 0.20543257892131805
v 0.38178613781929016 0.07082908600568771 0.17984816431999207
v 0.36882302165031433 0.07015618681907654 0.18339192867279053
v 0.3937093913555145 0.06971926242113113 0.17781758308410645
v 0.4089108407497406 0.07133589684963226 0.17684237658977509
v 0.3556520342826843 0.06960469484329224 0.18719154596328735
v 0.4219924807548523 0.07424010336399078 0.17369577288627625
v 0.4194432497024536 0.07756084203720093 0.17414605617523193
v 0.4275210201740265 0.07160190492868423 0.1801358163356781
v 0.43550917506217957 0.06766342371702194 0.18453973531723022
v 0.44899722933769226 0.05583654344081879 0.18701700866222382
v 0.4586727023124695 0.03580178692936897 0.18449123203754425
v 0.47050243616104126 -0.03059305250644684 0.20849815011024475
v 0.47333791851997375 -0.020384907722473145 0.19091396033763885
v 0.4673651456832886 0.00719403475522995 0.17749850451946259
v 0.4715559482574463 -0.01276446133852005 0.17813600599765778
v 0.4773949086666107 -0.07213526219129562 0.21913638710975647
v 0.4690193235874176 -0.0866171196103096 0.22629916667938232
v 0.4596451222896576 -0.10203060507774353 0.2304086685180664
v 0.47596409916877747 -0.04617355763912201 0.20923715829849243
v 0.4826217293739319 -0.061574190855026245 0.2085820734500885
v 0.2879656255245209 -0.039109453558921814 0.16972345113754272
v 0.29413914680480957 -0.048885516822338104 0.17617636919021606
v 0.2721778452396393 -0.028454981744289398 0.15350551903247833
v 0.2666243612766266 -0.02343696355819702 0.14453300833702087
v 0.264148086309433 -0.01188940554857254 0.13035735487937927
v 0.26679372787475586 0.0035587549209594727 0.12259592115879059
v 0.2648124396800995 -0.0005144253373146057 0.11951123923063278
v 0.28105273842811584 0.04539237171411514 0.19227652251720428
v 0.2744329869747162 0.03515220433473587 0.17856864631175995
v 0.2856735289096832 0.06269678473472595 0.21397781372070312
v 0.30068665742874146 0.06574088335037231 0.21916325390338898
v 0.2712131440639496 0.02133520320057869 0.15383920073509216
v 0.2693118751049042 0.010063529014587402 0.12941193580627441
v 0.32051897048950195 0.07613634318113327 0.21513958275318146
v 0.3347468376159668 0.07824889570474625 0.20303507149219513
v 0.377045601606369 0.07771263271570206 0.17406505346298218
v 0.387879341840744 0.07667258381843567 0.17155829071998596
v 0.36532196402549744 0.07667072862386703 0.1772216260433197
v 0.39870941638946533 0.07748633623123169 0.16776619851589203
v 0.41546741127967834 0.08081468939781189 0.16698898375034332
v 0.3505171537399292 0.07459796965122223 0.18054570257663727
v 0.4228280782699585 0.08011551201343536 0.16794243454933167
v 0.42690926790237427 0.07721409201622009 0.1732621192932129
v 0.43347710371017456 0.07479322701692581 0.17583346366882324
v 0.44493916630744934 0.06724216789007187 0.1808636486530304
v 0.45591938495635986 0.050906650722026825 0.18164628744125366
v 0.4640306830406189 0.02614418789744377 0.17647087574005127
v 0.47893965244293213 -0.03673039376735687 0.19245970249176025
v 0.4776756465435028 -0.029568277299404144 0.17725199460983276
v 0.470745325088501 -0.002358071506023407 0.16648921370506287
v 0.47491538524627686 -0.021357692778110504 0.16404087841510773
v 0.48213067650794983 -0.08515821397304535 0.2154126912355423
v 0.48972925543785095 -0.07350121438503265 0.20697085559368134
v 0.4735645055770874 -0.09932056814432144 0.22036145627498627
v 0.48622575402259827 -0.05172180384397507 0.19421909749507904
v 0.49349355697631836 -0.06399039924144745 0.19627194106578827
v 0.275718629360199 -0.03305712342262268 0.15098832547664642
v 0.26807713508605957 -0.026141300797462463 0.1383638083934784
v 0.264494925737381 -0.019743449985980988 0.13224413990974426
v 0.263814777135849 -0.005881592631340027 0.1217128112912178
v 0.2765267789363861 0.046565666794776917 0.1829455941915512
v 0.28585371375083923 0.059010833501815796 0.1979007124900818
v 0.27248793840408325 0.03409162536263466 0.1659989356994629
v 0.30085843801498413 0.0719379410147667 0.2086922824382782
v 0.273086816072464 0.017833162099123 0.13937020301818848
v 0.2661616802215576 0.005673311650753021 0.11500906944274902
v 0.2705579102039337 0.010459057986736298 0.11918339133262634
v 0.3162813186645508 0.08922695368528366 0.20702862739562988
v 0.3289819061756134 0.08537150919437408 0.1922679990530014
v 0.37161359190940857 0.08681835234165192 0.16639825701713562
v 0.3839256167411804 0.08652526140213013 0.1640148013830185
v 0.39180734753608704 0.08449620753526688 0.16289770603179932
v 0.3584047555923462 0.08364874869585037 0.16948918998241425
v 0.4097909927368164 0.08330333232879639 0.1625596135854721
v 0.4225757420063019 0.0870496928691864 0.16120141744613647
v 0.3426138460636139 0.08034878224134445 0.1707082837820053
v 0.43048372864723206 0.08296995609998703 0.1660410761833191
v 0.43767645955085754 0.0815802589058876 0.1683884859085083
v 0.44246453046798706 0.07758457213640213 0.17418205738067627
v 0.4541386365890503 0.06462343037128448 0.17630378901958466
v 0.46219736337661743 0.04062258079648018 0.17455711960792542
v 0.4690025746822357 0.016329839825630188 0.1662934124469757
v 0.48527324199676514 -0.04419023543596268 0.1788952648639679
v 0.4812256693840027 -0.036295898258686066 0.16399505734443665
v 0.4749844968318939 -0.009914740920066833 0.1516464203596115
v 0.4780835211277008 -0.026950106024742126 0.1508612185716629
v 0.49348825216293335 -0.08503884822130203 0.20408806204795837
v 0.4845276176929474 -0.09924706071615219 0.21011383831501007
v 0.5003971457481384 -0.07516265660524368 0.19548481702804565
v 0.49568575620651245 -0.05605703592300415 0.18036551773548126
v 0.5055801868438721 -0.06715516746044159 0.1827453076839447
v 0.27564719319343567 -0.008042261004447937 0.12806110084056854
v 0.27067774534225464 -0.0284920334815979 0.13397717475891113
v 0.26545125246047974 -0.021064914762973785 0.12327370047569275
v 0.2621992528438568 -0.012594260275363922 0.11977879703044891
v 0.26289016008377075 -0.0022646337747573853 0.11315673589706421
v 0.2783794403076172 0.05038058012723923 0.17821085453033447
v 0.28244516253471375 0.06034824997186661 0.18728145956993103
v 0.2954808175563812 0.07951617985963821 0.19945251941680908
v 0.2798202335834503 0.0286337248980999 0.1513381451368332
v 0.27455955743789673 0.0162242129445076 0.12663333117961884
v 0.2669698894023895 0.010331988334655762 0.10863727331161499
v 0.2719709277153015 0.012575283646583557 0.11292590200901031
v 0.3073718249797821 0.10647469013929367 0.19802208244800568
v 0.32017621397972107 0.08804192394018173 0.18322855234146118
v 0.379812628030777 0.09792177379131317 0.15502430498600006
v 0.36664891242980957 0.09546341001987457 0.15811453759670258
v 0.38903361558914185 0.09339310973882675 0.15573538839817047
v 0.40042930841445923 0.09048724174499512 0.15484139323234558
v 0.3499021530151367 0.08922947943210602 0.1612684726715088
v 0.41747429966926575 0.0904984325170517 0.15799027681350708
v 0.4295671284198761 0.08932901173830032 0.159450501203537
v 0.3199528157711029 0.08314592391252518 0.1696007400751114
v 0.43870750069618225 0.08964952826499939 0.1597706377506256
v 0.4467140734195709 0.09213900566101074 0.16224749386310577
v 0.45371153950691223 0.08126005530357361 0.1688867211341858
v 0.4612947404384613 0.057107824832201004 0.17110668122768402
v 0.46673384308815 0.030995402485132217 0.1663016676902771
v 0.47234562039375305 0.007500447332859039 0.1556185483932495
v 0.4919469952583313 -0.0511559396982193 0.16395896673202515
v 0.4859844148159027 -0.0421983078122139 0.15000367164611816
v 0.4841154217720032 -0.031019464135169983 0.13611732423305511
v 0.47915223240852356 -0.014871969819068909 0.13907280564308167
v 0.5041233897209167 -0.08748991787433624 0.1928849071264267
v 0.4954371750354767 -0.10086776316165924 0.19924846291542053
v 0.5123195052146912 -0.07784543186426163 0.18333818018436432
v 0.5078799724578857 -0.06075733155012131 0.16399961709976196
v 0.5184003114700317 -0.07190971076488495 0.16922084987163544
v 0.2656187415122986 -0.02170196920633316 0.11794865131378174
v 0.2619956135749817 -0.01612301915884018 0.11285369098186493
v 0.25895076990127563 -0.006015270948410034 0.1084405928850174
v 0.2608577609062195 0.005969226360321045 0.10470515489578247
v 0.2855577766895294 0.057903192937374115 0.1811317354440689
v 0.282654345035553 0.039268214255571365 0.16467443108558655
v 0.288333922624588 0.06832892447710037 0.18420012295246124
v 0.28395742177963257 0.022172696888446808 0.13382366299629211
v 0.27970895171165466 0.019746731966733932 0.11732359230518341
v 0.26796865463256836 0.020675327628850937 0.10278096795082092
v 0.2779059112071991 0.02059156820178032 0.10712072253227234
v 0.2953956127166748 0.08134038001298904 0.1847950667142868
v 0.303545743227005 0.08627581596374512 0.1788773536682129
v 0.3745897114276886 0.10500384122133255 0.14904241263866425
v 0.3879893124103546 0.10413795709609985 0.14736583828926086
v 0.35782650113105774 0.09847275167703629 0.1533508598804474
v 0.3954494893550873 0.1014452576637268 0.14791178703308105
v 0.4116414785385132 0.09629300236701965 0.15110346674919128
v 0.33071452379226685 0.0856531485915184 0.1574472188949585
v 0.4248405396938324 0.09567328542470932 0.15482445061206818
v 0.4392089247703552 0.09736166149377823 0.15379060804843903
v 0.31271588802337646 0.08234767615795135 0.16680504381656647
v 0.4463270306587219 0.1004244014620781 0.15331001579761505
v 0.456025630235672 0.09691284596920013 0.15631327033042908
v 0.46297380328178406 0.07534072548151016 0.16409730911254883
v 0.4683976471424103 0.04271197319030762 0.16121141612529755
v 0.47311705350875854 0.02643425017595291 0.1527494490146637
v 0.4781978130340576 0.006006069481372833 0.1390402913093567
v 0.49865278601646423 -0.05175995081663132 0.15059643983840942
v 0.4924575388431549 -0.0449385941028595 0.13632594048976898
v 0.48235392570495605 -0.014180980622768402 0.1223907545208931
v 0.4879407286643982 -0.03166234493255615 0.12475527822971344
v 0.5135367512702942 -0.08993032574653625 0.18258140981197357
v 0.5037762522697449 -0.10154403746128082 0.190201535820961
v 0.5212269425392151 -0.08179808408021927 0.17236760258674622
v 0.5097249746322632 -0.05769391357898712 0.14974597096443176
v 0.5211300849914551 -0.06584765762090683 0.1522665023803711
v 0.2624146044254303 -0.01695287972688675 0.1053289920091629
v 0.2584511637687683 -0.008484259247779846 0.10599625110626221
v 0.2579045295715332 0.0019435584545135498 0.10432149469852448
v 0.25671857595443726 0.015993420034646988 0.09905549883842468
v 0.2882501780986786 0.04837561026215553 0.17261365056037903
v 0.2920120656490326 0.059187330305576324 0.17826835811138153
v 0.29092663526535034 0.03522595763206482 0.15122200548648834
v 0.29021209478378296 0.027250416576862335 0.12407028675079346
v 0.28923875093460083 0.030110880732536316 0.11537455022335052
v 0.26602432131767273 0.028335850685834885 0.09696373343467712
v 0.27563485503196716 0.03064090386033058 0.10013273358345032
v 0.29233118891716003 0.06869582831859589 0.1747177690267563
v 0.29444557428359985 0.07420127093791962 0.1693814992904663
v 0.36630403995513916 0.10457787662744522 0.1483115255832672
v 0.38162416219711304 0.10982441157102585 0.14585751295089722
v 0.39238202571868896 0.10958632826805115 0.1443193405866623
v 0.3439910411834717 0.09448342025279999 0.15309026837348938
v 0.4043295681476593 0.10337268561124802 0.145878866314888
v 0.4195752441883087 0.10209086537361145 0.15007081627845764
v 0.32234156131744385 0.08243352919816971 0.15509897470474243
v 0.4318557381629944 0.10059956461191177 0.15220290422439575
v 0.4468322992324829 0.10614337027072906 0.14759883284568787
v 0.30583012104034424 0.07941681146621704 0.16446790099143982
v 0.4539441764354706 0.10656006634235382 0.15089073777198792
v 0.4634969234466553 0.09173169732093811 0.15612845122814178
v 0.4706369638442993 0.06354549527168274 0.1554960459470749
v 0.4767916202545166 0.047313593327999115 0.14596877992153168
v 0.48196250200271606 0.030716672539711 0.1330905258655548
v 0.48324277997016907 0.013762742280960083 0.1188812404870987
v 0.5041620135307312 -0.052031271159648895 0.13963651657104492
v 0.49325695633888245 -0.04128134250640869 0.12378355860710144
v 0.48584187030792236 -0.024723030626773834 0.11328889429569244
v 0.4844447672367096 -0.002880677580833435 0.1051969975233078
v 0.5180937647819519 -0.09373094886541367 0.17457886040210724
v 0.5115036368370056 -0.10028813779354095 0.18133381009101868
v 0.5268975496292114 -0.07493016123771667 0.1581680029630661
v 0.5130026340484619 -0.05767647176980972 0.13968110084533691
v 0.5208340883255005 -0.06318788230419159 0.14044715464115143
v 0.2578210234642029 -0.00911540538072586 0.10181127488613129
v 0.2565183639526367 0.0005883127450942993 0.10041742771863937
v 0.2594301998615265 0.007902711629867554 0.09547769278287888
v 0.26197221875190735 0.027934573590755463 0.09444320201873779
v 0.2955336272716522 0.04230525717139244 0.16019023954868317
v 0.29394882917404175 0.049969978630542755 0.16576331853866577
v 0.29625099897384644 0.030446089804172516 0.1328856348991394
v 0.28660520911216736 0.03400741517543793 0.10770116746425629
v 0.2776603400707245 0.04484979435801506 0.09664261341094971
v 0.27068260312080383 0.041341617703437805 0.0954074114561081
v 0.2945067882537842 0.05616749823093414 0.16718678176403046
v 0.29917946457862854 0.060060061514377594 0.16258291900157928
v 0.3543235659599304 0.10446696728467941 0.14364846050739288
v 0.37448495626449585 0.11232174187898636 0.14381594955921173
v 0.38803979754447937 0.1144455149769783 0.14215794205665588
v 0.3993692696094513 0.11114487051963806 0.14457640051841736
v 0.3319088816642761 0.09119042009115219 0.15132735669612885
v 0.41364583373069763 0.10869801789522171 0.14610004425048828
v 0.42628082633018494 0.10773663967847824 0.14678440988063812
v 0.3176751136779785 0.08281596750020981 0.15291696786880493
v 0.44181346893310547 0.10884836316108704 0.1449967920780182
v 0.45359736680984497 0.11197838187217712 0.14552989602088928
v 0.3079048991203308 0.06606021523475647 0.1624542474746704
v 0.4640491008758545 0.10775166004896164 0.14644759893417358
v 0.4725032448768616 0.08563563227653503 0.14847725629806519
v 0.48072075843811035 0.0734090805053711 0.1397550255060196
v 0.48785534501075745 0.05684391036629677 0.12880396842956543
v 0.4898837208747864 0.040502626448869705 0.11460427194833755
v 0.4895080327987671 0.02497423067688942 0.10045921057462692
v 0.49378517270088196 -0.03900666534900665 0.11666305363178253
v 0.4891577661037445 0.011271804571151733 0.08945555984973907
v 0.4861569404602051 -0.009683065116405487 0.09844063967466354
v 0.514980673789978 -0.10101107507944107 0.17596976459026337
v 0.5250617265701294 -0.08913438022136688 0.16292476654052734
v 0.5288292169570923 -0.06966589391231537 0.14300622045993805
v 0.5101369619369507 -0.05841522663831711 0.13167697191238403
v 0.5137472748756409 -0.05887044966220856 0.13347658514976501
v 0.2569532096385956 -0.0049100518226623535 0.09671875834465027
v 0.25767695903778076 0.012755386531352997 0.10021187365055084
v 0.2667067050933838 0.022582072764635086 0.09454319626092911
v 0.2670601010322571 0.04344155639410019 0.09141774475574493
v 0.2989831566810608 0.04037172347307205 0.14482207596302032
v 0.2919221520423889 0.04801291227340698 0.16307859122753143
v 0.29668331146240234 0.04303034022450447 0.1150158941745758
v 0.2970152199268341 0.03746438026428223 0.1231839656829834
v 0.28644198179244995 0.04338682070374489 0.10162360966205597
v 0.2715940475463867 0.05244895815849304 0.09135321527719498
v 0.27574142813682556 0.051277779042720795 0.09403842687606812
v 0.2970521152019501 0.04821521043777466 0.16950435936450958
v 0.36386579275131226 0.11298438161611557 0.13772623240947723
v 0.3811274766921997 0.11934494972229004 0.1411825567483902
v 0.39294588565826416 0.11798010766506195 0.14168968796730042
v 0.40685802698135376 0.1153528019785881 0.1441151350736618
v 0.32666972279548645 0.09257756173610687 0.14479252696037292
v 0.3432609438896179 0.10066817700862885 0.14491815865039825
v 0.3372963070869446 0.10084175318479538 0.141203835606575
v 0.4225630760192871 0.11474000662565231 0.14331340789794922
v 0.43370944261550903 0.11411496996879578 0.14238640666007996
v 0.301927775144577 0.0721312016248703 0.15159626305103302
v 0.450690895318985 0.11681395024061203 0.14054033160209656
v 0.46337276697158813 0.11841470003128052 0.1396455317735672
v 0.2994711697101593 0.04623926430940628 0.15677538514137268
v 0.47331875562667847 0.10320737212896347 0.14218513667583466
v 0.4832722544670105 0.09379555284976959 0.13330745697021484
v 0.4921295940876007 0.08149084448814392 0.12586545944213867
v 0.4983211159706116 0.0660003274679184 0.1123698353767395
v 0.49839386343955994 0.053809065371751785 0.0987585037946701
v 0.4973101019859314 0.03909866511821747 0.08672034740447998
v 0.4992668032646179 -0.04930293560028076 0.13188856840133667
v 0.490983247756958 -0.02504286915063858 0.09927305579185486
v 0.5003708004951477 -0.0503949373960495 0.12224233895540237
v 0.4991137981414795 -0.050058238208293915 0.1262294352054596
v 0.4969433546066284 0.02450292557477951 0.07686038315296173
v 0.49131980538368225 -0.004700593650341034 0.08230861276388168
v 0.5227743983268738 -0.09298110753297806 0.1699584424495697
v 0.5306746363639832 -0.08375278860330582 0.14621570706367493
v 0.5084391832351685 -0.057283177971839905 0.13360413908958435
v 0.5049111247062683 -0.05626220256090164 0.1296934187412262
v 0.25804710388183594 0.0012041889131069183 0.09536924958229065
v 0.26366332173347473 0.03585217520594597 0.09187579900026321
v 0.2688177227973938 0.0446777381002903 0.09109526872634888
v 0.30310189723968506 0.04386855661869049 0.1325797289609909
v 0.3038237690925598 0.04304658621549606 0.15134987235069275
v 0.3035050630569458 0.049358293414115906 0.1449834555387497
v 0.300107479095459 0.03612258657813072 0.15679940581321716
v 0.29478180408477783 0.043328046798706055 0.1643756926059723
v 0.2966006398200989 0.0493045374751091 0.10657218098640442
v 0.3060568571090698 0.05880589410662651 0.12257261574268341
v 0.28514355421066284 0.053001902997493744 0.09714160114526749
v 0.2767120897769928 0.05769850313663483 0.09084495157003403
v 0.2824663519859314 0.05808939039707184 0.0951213538646698
v 0.2859613001346588 0.05676116794347763 0.16232404112815857
v 0.3504748046398163 0.10955767333507538 0.13689415156841278
v 0.37287047505378723 0.12056156247854233 0.13744616508483887
v 0.38696756958961487 0.12477418780326843 0.1391366422176361
v 0.4000546932220459 0.12019046396017075 0.1415795087814331
v 0.4159817397594452 0.12126144766807556 0.14122876524925232
v 0.32874515652656555 0.09775462746620178 0.13964098691940308
v 0.3143995404243469 0.08529922366142273 0.14338457584381104
v 0.34028786420822144 0.10595468431711197 0.13691428303718567
v 0.4285465180873871 0.12144447863101959 0.13897709548473358
v 0.4446498453617096 0.1220729798078537 0.13588738441467285
v 0.30799561738967896 0.06119447946548462 0.15721210837364197
v 0.4604552984237671 0.12386208027601242 0.13551512360572815
v 0.4760546386241913 0.12175270915031433 0.13243359327316284
v 0.48714524507522583 0.11226280778646469 0.12937194108963013
v 0.496262788772583 0.10179094970226288 0.1226055696606636
v 0.5047734379768372 0.08902691304683685 0.11129231005907059
v 0.5072506666183472 0.0754697322845459 0.10046170651912689
v 0.5076178908348083 0.06504958868026733 0.0870559960603714
v 0.5056694746017456 0.05818437412381172 0.07455670833587646
v 0.4994126260280609 -0.017389141023159027 0.08416911214590073
v 0.5037136077880859 -0.038348592817783356 0.10665450990200043
v 0.5079888105392456 -0.05341809242963791 0.12387622892856598
v 0.5053390860557556 0.02116701751947403 0.05913706496357918
v 0.5044859051704407 -0.004020266234874725 0.06929519772529602
v 0.5287737846374512 -0.09191709756851196 0.1532503217458725
v 0.5290185809135437 -0.06937281787395477 0.13181039690971375
v 0.5334595441818237 -0.07833928614854813 0.1284138709306717
v 0.5237190127372742 -0.06514519453048706 0.13322465121746063
v 0.2644975781440735 0.021213363856077194 0.09688109904527664
v 0.26838815212249756 0.05142901837825775 0.08786758780479431
v 0.2717646360397339 0.059526801109313965 0.08534024655818939
v 0.3077571392059326 0.060467034578323364 0.1358579844236374
v 0.3071725368499756 0.06116451323032379 0.14783711731433868
v 0.30097490549087524 0.045740898698568344 0.1593453586101532
v 0.2989026606082916 0.04090973734855652 0.1583133339881897
v 0.29829147458076477 0.03917502611875534 0.16159839928150177
v 0.2954484522342682 0.057495106011629105 0.09929052740335464
v 0.3069743514060974 0.06391498446464539 0.11486482620239258
v 0.3110824227333069 0.07232581079006195 0.13013865053653717
v 0.2943917214870453 0.06484836339950562 0.09478843212127686
v 0.2829451858997345 0.061088964343070984 0.0892682895064354
v 0.29572799801826477 0.0702255368232727 0.08881540596485138
v 0.27412164211273193 0.05659438669681549 0.08429021388292313
v 0.2941179871559143 0.050189774483442307 0.16174091398715973
v 0.3609659969806671 0.11865053325891495 0.13222351670265198
v 0.3798580467700958 0.1276269108057022 0.13533678650856018
v 0.39512011408805847 0.12825703620910645 0.13813398778438568
v 0.4059118330478668 0.12753570079803467 0.1388336718082428
v 0.4231800138950348 0.12691353261470795 0.1365012675523758
v 0.33570489287376404 0.10498347878456116 0.13469114899635315
v 0.32077714800834656 0.09283440560102463 0.13805846869945526
v 0.3057436943054199 0.07395699620246887 0.14457450807094574
v 0.3482906222343445 0.11352770030498505 0.1326821744441986
v 0.43892738223075867 0.12946023046970367 0.1319691240787506
v 0.455398291349411 0.1297614872455597 0.1305219829082489
v 0.4731181561946869 0.130001962184906 0.12922868132591248
v 0.4890206754207611 0.12391848862171173 0.12145376205444336
v 0.4976523816585541 0.11709704250097275 0.1193380132317543
v 0.5073157548904419 0.10390760749578476 0.1107497289776802
v 0.5123191475868225 0.09277103841304779 0.09956885874271393
v 0.5121797323226929 0.08294328302145004 0.08994293212890625
v 0.5063619017601013 0.05532371252775192 0.05762283504009247
v 0.5055409073829651 -0.05341484397649765 0.13358192145824432
v 0.513251006603241 -0.012449242174625397 0.06779082119464874
v 0.5119877457618713 -0.03744316101074219 0.09356733411550522
v 0.5034956336021423 -0.03289753198623657 0.09636043012142181
v 0.5013734698295593 -0.046034589409828186 0.10159864276647568
v 0.5080267190933228 -0.03729109466075897 0.10611016303300858
v 0.5155873894691467 -0.04648958146572113 0.10805371403694153
v 0.5113698244094849 0.024637386202812195 0.046907939016819
v 0.5158132910728455 0.0003181425854563713 0.04977182298898697
v 0.532008707523346 -0.08981627970933914 0.13558220863342285
v 0.5351139903068542 -0.07534439861774445 0.11312735825777054
v 0.5300487279891968 -0.06619706749916077 0.12111159414052963
v 0.5199594497680664 -0.057542137801647186 0.1231204941868782
v 0.2695313096046448 0.017882976680994034 0.09767705947160721
v 0.26447269320487976 0.03900744020938873 0.08676352351903915
v 0.26026636362075806 0.05351982265710831 0.08031976222991943
v 0.2666309177875519 0.06120137870311737 0.083170086145401
v 0.3089148700237274 0.07483743876218796 0.1398250311613083
v 0.30573147535324097 0.07167520374059677 0.0954086184501648
v 0.3067943751811981 0.06756123900413513 0.10304515063762665
v 0.3157031536102295 0.07654822617769241 0.12178824841976166
v 0.3069825768470764 0.07803234457969666 0.08579094707965851
v 0.2821251153945923 0.055295638740062714 0.07899517565965652
v 0.2996039092540741 0.07048206776380539 0.08023067563772202
v 0.30817529559135437 0.08067088574171066 0.0806044191122055
v 0.2651749551296234 0.057712096720933914 0.07464811950922012
v 0.36919736862182617 0.12685810029506683 0.1302705854177475
v 0.3880809545516968 0.13565915822982788 0.13377320766448975
v 0.4013282358646393 0.1384807676076889 0.131403386592865
v 0.416485071182251 0.13676100969314575 0.13147962093353271
v 0.4315798878669739 0.13847902417182922 0.1277466118335724
v 0.3448634445667267 0.11307179927825928 0.12983548641204834
v 0.3300991356372833 0.1010870486497879 0.13115271925926208
v 0.3161362111568451 0.08748237043619156 0.13478665053844452
v 0.35797083377838135 0.12212719023227692 0.12961135804653168
v 0.4488808512687683 0.13680362701416016 0.12491125613451004
v 0.46692878007888794 0.13737651705741882 0.12463352829217911
v 0.4863848090171814 0.13355553150177002 0.11914727836847305
v 0.49404022097587585 0.1290140151977539 0.11435587704181671
v 0.5069525837898254 0.11572304368019104 0.10276732593774796
v 0.5133671760559082 0.106001116335392 0.09598565101623535
v 0.5165192484855652 0.09866496175527573 0.08589242398738861
v 0.5134830474853516 0.08259197324514389 0.07637132704257965
v 0.5127083659172058 0.07821089774370193 0.05901067703962326
v 0.5077488422393799 0.050732292234897614 0.04038434103131294
v 0.5247223973274231 -0.011809766292572021 0.05813244730234146
v 0.5148398280143738 -0.02154584974050522 0.07925713062286377
v 0.5255159139633179 -0.01234821043908596 0.049631115049123764
v 0.5104151964187622 -0.036866456270217896 0.09330153465270996
v 0.5137184858322144 -0.029179908335208893 0.11701320111751556
v 0.49623897671699524 -0.022150099277496338 0.12047068774700165
v 0.5266773104667664 -0.05572596192359924 0.10989537835121155
v 0.30328959226608276 0.0022456496953964233 0.021306883543729782
v 0.5303668975830078 -0.009463116526603699 0.03570818156003952
v 0.5355596542358398 -0.06178084760904312 0.10184584558010101
v 0.5429946184158325 -0.07313922792673111 0.09230166673660278
v 0.2655833959579468 0.008694564923644066 0.10721096396446228
v 0.26240867376327515 0.025135016068816185 0.10436295717954636
v 0.2567073106765747 0.04485735297203064 0.09291249513626099
v 0.24992403388023376 0.05559293553233147 0.08316005766391754
v 0.2656693458557129 0.0508047491312027 0.0739184319972992
v 0.32013174891471863 0.08645861595869064 0.0852358490228653
v 0.3196674585342407 0.08187399059534073 0.09464359283447266
v 0.32059043645858765 0.08181073516607285 0.107795849442482
v 0.3200494945049286 0.08665470778942108 0.12818798422813416
v 0.3187534213066101 0.08757869899272919 0.07791788876056671
v 0.30312517285346985 0.0640849843621254 0.07446257025003433
v 0.3185788691043854 0.0782998725771904 0.06699175387620926
v 0.31985223293304443 0.08628935366868973 0.07089133560657501
v 0.26137575507164 0.05546148121356964 0.06873540580272675
v 0.39449942111968994 0.1446877121925354 0.12594568729400635
v 0.4081953465938568 0.14850786328315735 0.1214759349822998
v 0.42299988865852356 0.1483721137046814 0.12056271731853485
v 0.4436017572879791 0.14471256732940674 0.12100496143102646
v 0.34021466970443726 0.10818584263324738 0.123893141746521
v 0.3544744551181793 0.12171579897403717 0.1255742758512497
v 0.3268696963787079 0.09587664902210236 0.1280757635831833
v 0.3692086935043335 0.13202273845672607 0.12630292773246765
v 0.37784186005592346 0.13317707180976868 0.13257458806037903
v 0.46025800704956055 0.1437174379825592 0.11874378472566605
v 0.48063135147094727 0.14081907272338867 0.11628329008817673
v 0.4912196397781372 0.1346544474363327 0.11201251298189163
v 0.503715455532074 0.12824007868766785 0.09497596323490143
v 0.5161508321762085 0.10881248861551285 0.08233749866485596
v 0.5153984427452087 0.09681355208158493 0.07393845915794373
v 0.515478253364563 0.09734917432069778 0.06198369711637497
v 0.5113523006439209 0.07702057808637619 0.041277140378952026
v 0.21228909492492676 0.0090160071849823 0.012297764420509338
v 0.5409078001976013 -0.021104857325553894 0.04868755862116814
v 0.5272267460823059 -0.033376216888427734 0.0789746642112732
v 0.5371614098548889 -0.01286129280924797 0.04198768734931946
v 0.537148118019104 -0.019025787711143494 0.03954606503248215
v 0.5158959627151489 -0.007410988211631775 0.10308250784873962
v 0.521894633769989 0.00040443241596221924 0.15525856614112854
v 0.5258570313453674 0.009072944521903992 0.13234171271324158
v 0.533820390701294 -0.048533640801906586 0.0896979570388794
v 0.5417069792747498 -0.007308661937713623 0.024082735180854797
v 0.4649396240711212 0.0080147385597229 0.02357342839241028
v 0.5476523041725159 -0.055701158940792084 0.07727564871311188
v 0.557274580001831 -0.06724409013986588 0.06679297983646393
v 0.26197928190231323 0.006562674418091774 0.11777696758508682
v 0.25948965549468994 0.02493865042924881 0.11619099229574203
v 0.2543354332447052 0.04156212881207466 0.10719528794288635
v 0.25165408849716187 0.04966268688440323 0.09848053753376007
v 0.2508610785007477 0.05270719155669212 0.08992096781730652
v 0.2515808641910553 0.05460025742650032 0.07637600600719452
v 0.32797595858573914 0.09188974648714066 0.07662413269281387
v 0.3297401964664459 0.08999381214380264 0.08962221443653107
v 0.3325752317905426 0.09235302358865738 0.09506737440824509
v 0.3270452916622162 0.09012611210346222 0.11791908740997314
v 0.33079737424850464 0.09435366094112396 0.07050526887178421
v 0.28990793228149414 0.048129040747880936 0.07394330203533173
v 0.3081693649291992 0.054117776453495026 0.07020630687475204
v 0.32161301374435425 0.0684388279914856 0.06116751581430435
v 0.3341982364654541 0.08172783255577087 0.0526544563472271
v 0.3335288166999817 0.09069564938545227 0.05913935974240303
v 0.26322051882743835 0.05019204318523407 0.053960300981998444
v 0.27605170011520386 0.048595547676086426 0.06641710549592972
v 0.3828854560852051 0.139919251203537 0.12811565399169922
v 0.38815510272979736 0.14599430561065674 0.1180085763335228
v 0.39858582615852356 0.1507882922887802 0.11509943008422852
v 0.4171716272830963 0.15356764197349548 0.11196091771125793
v 0.43642252683639526 0.15144622325897217 0.1148444339632988
v 0.45345479249954224 0.1500335931777954 0.11186599731445312
v 0.33045464754104614 0.09667813777923584 0.12309443950653076
v 0.35151541233062744 0.11789341270923615 0.11985263973474503
v 0.36290720105171204 0.12884920835494995 0.11821166425943375
v 0.37660661339759827 0.13912126421928406 0.11734038591384888
v 0.47302207350730896 0.14773645997047424 0.10995563119649887
v 0.4939039647579193 0.13951684534549713 0.10566157102584839
v 0.5029992461204529 0.13174577057361603 0.09650994837284088
v 0.5113962292671204 0.12002059817314148 0.08833029866218567
v 0.5168474316596985 0.11451122909784317 0.07226203382015228
v 0.5179474949836731 0.10678228735923767 0.06988147646188736
v 0.5196082592010498 0.11407109349966049 0.04864734411239624
v 0.5180475115776062 0.10315699130296707 0.0404089093208313
v 0.425475537776947 0.027959570288658142 0.01738043501973152
v 0.5467635989189148 -0.014289401471614838 0.02466963231563568
v 0.5531401038169861 -0.034372687339782715 0.051533859223127365
v 0.5388182401657104 -0.013489646837115288 0.028171058744192123
v 0.5445884466171265 -0.020170871168375015 0.027180224657058716
v 0.5385518074035645 0.0076052844524383545 0.1179022341966629
v 0.5459712147712708 -0.0013792440295219421 0.11688841134309769
v 0.5270161628723145 0.006531033664941788 0.13682551681995392
v 0.532272219657898 0.02007233165204525 0.14959502220153809
v 0.5645357966423035 -0.049627721309661865 0.04911060258746147
v 0.5740890502929688 -0.059088341891765594 0.040939897298812866
v 0.2566806972026825 0.005089424550533295 0.128108412027359
v 0.2554878890514374 0.02227802202105522 0.13150005042552948
v 0.25158798694610596 0.04292243719100952 0.12254486978054047
v 0.24796560406684875 0.0530075803399086 0.11302896589040756
v 0.24656221270561218 0.056562185287475586 0.09787032008171082
v 0.24537499248981476 0.05768131464719772 0.08572448790073395
v 0.24009793996810913 0.06252336502075195 0.07715488970279694
v 0.3311867415904999 0.09386494755744934 0.08263938128948212
v 0.3379935920238495 0.09698104113340378 0.09000234305858612
v 0.33619755506515503 0.0961502268910408 0.10536301136016846
v 0.3375296890735626 0.09736273437738419 0.06347135454416275
v 0.2958391010761261 0.035727016627788544 0.06837960332632065
v 0.3077734112739563 0.03221285343170166 0.06920768320560455
v 0.3247888684272766 0.049736980348825455 0.055524151772260666
v 0.3378612995147705 0.06536678969860077 0.044112809002399445
v 0.24051351845264435 0.06316699087619781 0.06001611053943634
v 0.24761410057544708 0.05128283053636551 0.050409477204084396
v 0.2706912159919739 0.03895460441708565 0.04893658310174942
v 0.2841717004776001 0.03818809986114502 0.06149529665708542
v 0.38146477937698364 0.14355425536632538 0.1100921481847763
v 0.39215174317359924 0.1493409425020218 0.10984177142381668
v 0.40942496061325073 0.15410780906677246 0.10992780327796936
v 0.42753294110298157 0.15655162930488586 0.10898371040821075
v 0.44765082001686096 0.15587256848812103 0.10795643925666809
v 0.4644281268119812 0.15389040112495422 0.10299936681985855
v 0.3416939079761505 0.10625763982534409 0.11566974222660065
v 0.35684069991111755 0.12127912044525146 0.11207398027181625
v 0.3694802522659302 0.13383930921554565 0.11052021384239197
v 0.4881061315536499 0.14708064496517181 0.10071627795696259
v 0.5030179023742676 0.14193598926067352 0.09004049003124237
v 0.5086780190467834 0.13371476531028748 0.08213052153587341
v 0.5189386606216431 0.12893152236938477 0.06252630054950714
v 0.5205455422401428 0.12048277258872986 0.055732496082782745
v 0.5222635269165039 0.11842424422502518 0.03017517551779747
v 0.5232373476028442 0.12591710686683655 0.034961260855197906
v 0.5196775197982788 0.09420879185199738 0.021270625293254852
v 0.24315756559371948 0.020688559859991074 0.009154939092695713
v 0.4954608678817749 0.033939704298973083 0.013958297669887543
v 0.5145003795623779 0.0028633400797843933 0.01697339117527008
v 0.5552326440811157 -0.009916126728057861 0.009095508605241776
v 0.5698038339614868 -0.020397432148456573 0.016372039914131165
v 0.550944447517395 -0.0038265360053628683 0.008155465126037598
v 0.5473922491073608 0.026265352964401245 0.12042014300823212
v 0.5457331538200378 0.01919715665280819 0.11972961574792862
v 0.5431422591209412 0.026531711220741272 0.1483091562986374
v 0.548736035823822 0.03061418980360031 0.14807012677192688
v 0.5533065795898438 -0.012563519179821014 0.016951804980635643
v 0.5844960808753967 -0.05839450657367706 0.018908314406871796
v 0.5824551582336426 -0.03671790659427643 0.0210493803024292
v 0.248098224401474 0.005572596099227667 0.13871818780899048
v 0.24606667459011078 0.022148372605443 0.14179334044456482
v 0.24453133344650269 0.05668811872601509 0.12843909859657288
v 0.24644720554351807 0.041130755096673965 0.13784010708332062
v 0.24205848574638367 0.060946207493543625 0.11070947349071503
v 0.23896940052509308 0.0636884868144989 0.0955231562256813
v 0.23530714213848114 0.06582796573638916 0.08434787392616272
v 0.24127963185310364 0.06359167397022247 0.06949864327907562
v 0.33630821108818054 0.09659388661384583 0.07477250695228577
v 0.3381120264530182 0.09887770563364029 0.08485934138298035
v 0.34363240003585815 0.10220468044281006 0.09647157788276672
v 0.3435119688510895 0.10141853243112564 0.06779004633426666
v 0.3456120491027832 0.09106500446796417 0.04659334570169449
v 0.34799715876579285 0.09827470779418945 0.05095705762505531
v 0.2991677224636078 0.026305899024009705 0.06641200929880142
v 0.31181877851486206 0.01926518976688385 0.06639905273914337
v 0.33097463846206665 0.03444823995232582 0.04968622326850891
v 0.3415372967720032 0.04860857501626015 0.0376846082508564
v 0.3543403744697571 0.06112300977110863 0.027022333815693855
v 0.3528928756713867 0.07963588833808899 0.03377462178468704
v 0.22816099226474762 0.06673824787139893 0.059764713048934937
v 0.22845704853534698 0.05356074497103691 0.04829084128141403
v 0.2526838183403015 0.03802245110273361 0.04275111109018326
v 0.28965845704078674 0.027990300208330154 0.05809023976325989
v 0.27590543031692505 0.027849949896335602 0.04873146861791611
v 0.37637144327163696 0.13829365372657776 0.10312050580978394
v 0.3880849778652191 0.14652782678604126 0.10124481469392776
v 0.4030190110206604 0.15478983521461487 0.10012031346559525
v 0.4176466763019562 0.15845271944999695 0.10157763212919235
v 0.4399314522743225 0.16010336577892303 0.10318329930305481
v 0.4570680558681488 0.15900243818759918 0.09844091534614563
v 0.4793693423271179 0.155294269323349 0.09326696395874023
v 0.3497541546821594 0.11065156757831573 0.1042017787694931
v 0.3622407019138336 0.1250831037759781 0.10307921469211578
v 0.49558863043785095 0.15108050405979156 0.07973122596740723
v 0.5056424140930176 0.1451953649520874 0.07262401282787323
v 0.5160993933677673 0.14193569123744965 0.053567081689834595
v 0.5226706862449646 0.13127963244915009 0.04283977299928665
v 0.5231728553771973 0.11641763150691986 0.01607886701822281
v 0.525255024433136 0.12932726740837097 0.016655385494232178
v 0.5244833827018738 0.10336104035377502 0.0029880404472351074
v 0.41350963711738586 0.048615463078022 0.0051032379269599915
v 0.5541189908981323 0.04918528348207474 0.005175750702619553
v 0.5597630143165588 0.024560868740081787 0.011572102084755898
v 0.5681918859481812 -0.005720868706703186 -0.008884400129318237
v 0.5695015788078308 -0.013114497065544128 -0.004183284938335419
v 0.5635523796081543 -0.010718043893575668 0.006007641553878784
v 0.541793942451477 0.03209756687283516 0.1399189829826355
v 0.5438829064369202 0.028390485793352127 0.14028169214725494
v 0.5691977143287659 0.05291806906461716 0.1569562554359436
v 0.5385435223579407 0.04306899756193161 0.16815051436424255
v 0.5198141932487488 -0.010360591113567352 0.011335974559187889
v 0.5842998623847961 -0.02868172526359558 -0.00726144015789032
v 0.5927400588989258 -0.05037616193294525 -0.0006650835275650024
v 0.23827876150608063 0.011168685741722584 0.14501138031482697
v 0.23802614212036133 0.032213300466537476 0.14566975831985474
v 0.2366560697555542 0.04893067106604576 0.14343225955963135
v 0.23280403017997742 0.059307318180799484 0.13622157275676727
v 0.23444554209709167 0.06356950849294662 0.12135972082614899
v 0.2301805317401886 0.06883218884468079 0.10488440096378326
v 0.23154322803020477 0.06941159814596176 0.07450133562088013
v 0.22397655248641968 0.07178492099046707 0.08903701603412628
v 0.33943405747413635 0.1016458198428154 0.07887467741966248
v 0.34610408544540405 0.10432727634906769 0.08886750042438507
v 0.3522286117076874 0.10397699475288391 0.05660306289792061
v 0.34603872895240784 0.10552383959293365 0.0719614326953888
v 0.3589586615562439 0.09546973556280136 0.03824808821082115
v 0.3625096380710602 0.10461964458227158 0.042881838977336884
v 0.3016837239265442 0.010188132524490356 0.06343149393796921
v 0.3092154860496521 0.009697899222373962 0.06662134826183319
v 0.3231079876422882 0.019883066415786743 0.05921874940395355
v 0.34615007042884827 0.034791357815265656 0.03265486657619476
v 0.35621100664138794 0.0455627515912056 0.022086163982748985
v 0.3723399043083191 0.08782902359962463 0.022793909534811974
v 0.36872974038124084 0.06909719109535217 0.018319247290492058
v 0.2155054658651352 0.0670682042837143 0.058182232081890106
v 0.21761921048164368 0.053695663809776306 0.051704611629247665
v 0.2322654128074646 0.03891688212752342 0.04251335933804512
v 0.25979486107826233 0.024955324828624725 0.041482698172330856
v 0.2693256735801697 0.014406619593501091 0.04340120404958725
v 0.28309008479118347 0.019189316779375076 0.05062354356050491
v 0.36965200304985046 0.12830036878585815 0.09097316116094589
v 0.3835764229297638 0.1409757435321808 0.09239915013313293
v 0.39627352356910706 0.1494995355606079 0.09337668120861053
v 0.41534310579299927 0.159677192568779 0.08986596763134003
v 0.43141084909439087 0.16152891516685486 0.09917770326137543
v 0.45228782296180725 0.16319286823272705 0.09446991980075836
v 0.468599796295166 0.160880446434021 0.0872560441493988
v 0.4850347936153412 0.16016820073127747 0.07098936289548874
v 0.35478436946868896 0.11368907988071442 0.09481093287467957
v 0.5015066862106323 0.1530034840106964 0.06092989444732666
v 0.526078462600708 0.1416715383529663 0.036698587238788605
v 0.5092925429344177 0.15032391250133514 0.04473685473203659
v 0.5267208218574524 0.12935200333595276 -0.0022536441683769226
v 0.5268691182136536 0.13902407884597778 0.002468109130859375
v 0.5263291001319885 0.1380573809146881 0.023124583065509796
v 0.5288317799568176 0.12174245715141296 -0.012265525758266449
v 0.5322967171669006 0.10373047739267349 -0.012775786221027374
v 0.5027350187301636 0.06223814934492111 -0.0005894303321838379
v 0.6000840067863464 0.023624040186405182 -0.0013348758220672607
v 0.5936505794525146 0.03765765577554703 0.0018646381795406342
v 0.5510177612304688 0.0013440996408462524 0.011352375149726868
v 0.5548636317253113 -0.0014755590818822384 -0.005447652190923691
v 0.5626822113990784 -0.0020947903394699097 -0.015208739787340164
v 0.577462911605835 -0.013525456190109253 -0.012864217162132263
v 0.5555142164230347 -0.002686683088541031 -0.004285380244255066
v 0.5671260952949524 -0.007031701505184174 -0.003778364509344101
v 0.5415328145027161 0.035682275891304016 0.15024079382419586
v 0.5524852275848389 0.041684433817863464 0.1508978307247162
v 0.5813222527503967 -0.025541767477989197 -0.01912081241607666
v 0.5892841219902039 -0.0465746745467186 -0.01986788958311081
v 0.2251821607351303 0.018963109701871872 0.14907877147197723
v 0.2233167290687561 0.03702943027019501 0.151418074965477
v 0.22469644248485565 0.05297420918941498 0.14755356311798096
v 0.22124144434928894 0.057316895574331284 0.14088892936706543
v 0.22388014197349548 0.06149887293577194 0.12756547331809998
v 0.21931028366088867 0.06650317460298538 0.1114099845290184
v 0.2251259833574295 0.06990697979927063 0.07893921434879303
v 0.2090444713830948 0.0718696340918541 0.08795228600502014
v 0.21826983988285065 0.0700746476650238 0.09756505489349365
v 0.3472374975681305 0.10780198872089386 0.08083105087280273
v 0.36806902289390564 0.11128522455692291 0.04710176959633827
v 0.35836392641067505 0.10862177610397339 0.061555489897727966
v 0.3576418161392212 0.11510579288005829 0.07264939695596695
v 0.37572917342185974 0.11023985594511032 0.03529926389455795
v 0.3705306053161621 0.10148157179355621 0.03267766535282135
v 0.29304561018943787 0.013996966183185577 0.057283468544483185
v 0.32011687755584717 0.006850898265838623 0.06307118386030197
v 0.3399655520915985 0.021197937428951263 0.04126965254545212
v 0.35735782980918884 0.03247014805674553 0.01899244450032711
v 0.3692883849143982 0.0525004006922245 0.012890990823507309
v 0.38339054584503174 0.07337555289268494 0.011131837964057922
v 0.38659924268722534 0.08800993114709854 0.014445453882217407
v 0.22098657488822937 0.06941501796245575 0.0687561184167862
v 0.20371130108833313 0.06601141393184662 0.05476615950465202
v 0.20551632344722748 0.05444322153925896 0.0529964342713356
v 0.21669115126132965 0.0399630032479763 0.0459134578704834
v 0.2368437945842743 0.025942571461200714 0.03937660902738571
v 0.24611228704452515 0.013407045044004917 0.03883659094572067
v 0.3573680818080902 0.11491841077804565 0.0849919468164444
v 0.380270779132843 0.13619574904441833 0.08259594440460205
v 0.3911244571208954 0.1456274837255478 0.08261507749557495
v 0.4042576849460602 0.15432113409042358 0.08324740082025528
v 0.4279184639453888 0.1635332852602005 0.08870614320039749
v 0.44232743978500366 0.16521604359149933 0.09083329141139984
v 0.461047500371933 0.1642133593559265 0.08696267008781433
v 0.49292200803756714 0.15848097205162048 0.057516634464263916
v 0.5186905860900879 0.14740994572639465 0.0319974310696125
v 0.499520868062973 0.15676520764827728 0.046885114163160324
v 0.5300408601760864 0.13858602941036224 -0.011431396007537842
v 0.5253257751464844 0.14712175726890564 0.0109872967004776
v 0.527843713760376 0.14350149035453796 -0.00322684645652771
v 0.5330462455749512 0.1349015235900879 -0.021452143788337708
v 0.5361254215240479 0.12172821164131165 -0.020878098905086517
v 0.5681880712509155 0.06170196086168289 -0.0038006529211997986
v 0.5848421454429626 0.05087921768426895 -0.0023166611790657043
v 0.5839303731918335 0.00899551808834076 0.003557402640581131
v 0.6103335022926331 0.03017367422580719 -0.007292341440916061
v 0.6154117584228516 0.01684410870075226 -0.011040106415748596
v 0.5547980070114136 -0.00029302388429641724 -0.0028965286910533905
v 0.5508579611778259 -0.0004789717495441437 -0.005136784166097641
v 0.5571147203445435 -0.0028018802404403687 -0.014291949570178986
v 0.5734386444091797 -0.012466035783290863 -0.01967591792345047
v 0.5515837669372559 0.0005404651165008545 -0.0002216622233390808
v 0.5399025678634644 0.03563620522618294 0.17018337547779083
v 0.5557000637054443 0.03966415300965309 0.15057125687599182
v 0.5171409845352173 0.048615287989377975 0.19905169308185577
v 0.5785282850265503 -0.04349870979785919 -0.031803958117961884
v 0.5769743919372559 -0.027979552745819092 -0.02445168048143387
v 0.22562924027442932 -0.0003205500543117523 0.14452752470970154
v 0.20461048185825348 0.021324586123228073 0.15412795543670654
v 0.20475023984909058 0.034111909568309784 0.1543474644422531
v 0.20502829551696777 0.05050705373287201 0.14585445821285248
v 0.2148580253124237 0.05107246711850166 0.15359824895858765
v 0.20661324262619019 0.06203995645046234 0.1175885871052742
v 0.2031855285167694 0.06485183537006378 0.1059994176030159
v 0.212765172123909 0.07306814193725586 0.07719197124242783
v 0.38194331526756287 0.11837723106145859 0.03884878009557724
v 0.3750098943710327 0.11979694664478302 0.05163809284567833
v 0.37074345350265503 0.1233159750699997 0.061981480568647385
v 0.3719959259033203 0.12721993029117584 0.0759744793176651
v 0.38411039113998413 0.1040535643696785 0.02334349788725376
v 0.3868250548839569 0.11473376303911209 0.029319502413272858
v 0.3333532512187958 0.00613577663898468 0.048828721046447754
v 0.3528456687927246 0.02077566087245941 0.023230012506246567
v 0.36741119623184204 0.03676840290427208 0.010949671268463135
v 0.3832385838031769 0.05717111751437187 0.005857091397047043
v 0.20715181529521942 0.0730544775724411 0.062366459518671036
v 0.19405779242515564 0.06749525666236877 0.05286027491092682
v 0.19270451366901398 0.05621190741658211 0.050785645842552185
v 0.20656225085258484 0.04374663904309273 0.04942204803228378
v 0.20134185254573822 0.032180413603782654 0.04758152365684509
v 0.21413157880306244 0.02487233281135559 0.042402446269989014
v 0.22112932801246643 0.012782673351466656 0.038256581872701645
v 0.3853292763233185 0.13849900662899017 0.07293891906738281
v 0.39836806058883667 0.14749471843242645 0.07337606698274612
v 0.4226405620574951 0.1621953397989273 0.07536112517118454
v 0.43938392400741577 0.16660913825035095 0.07587031275033951
v 0.45707252621650696 0.1676904559135437 0.07669030129909515
v 0.4709985852241516 0.16516727209091187 0.07120639830827713
v 0.48465099930763245 0.1635483205318451 0.05292157083749771
v 0.5081322193145752 0.1521446406841278 0.03155786544084549
v 0.49312683939933777 0.15919288992881775 0.035056330263614655
v 0.5310156941413879 0.1428292989730835 -0.01470743864774704
v 0.5160706639289856 0.15067346394062042 0.017666205763816833
v 0.5232741832733154 0.14832553267478943 -0.0006712004542350769
v 0.5386001467704773 0.12020993232727051 -0.02924276888370514
v 0.5330846309661865 0.13931530714035034 -0.028058096766471863
v 0.4135820269584656 0.06989403814077377 -0.012283038347959518
v 0.5434644818305969 0.10643105208873749 -0.028104033321142197
v 0.4670727252960205 0.07366211712360382 -0.00876595452427864
v 0.5391204953193665 0.08117132633924484 -0.012412544339895248
v 0.5944206714630127 0.054689422249794006 -0.012487798929214478
v 0.6042837500572205 0.04178011417388916 -0.00878860428929329
v 0.6125562787055969 0.008342929184436798 -0.011761955916881561
v 0.6214516162872314 0.01676464080810547 -0.01796814426779747
v 0.621749222278595 0.009714372456073761 -0.01857234165072441
v 0.5554759502410889 0.0009794533252716064 -0.007556729018688202
v 0.5423707962036133 -0.005220368504524231 -0.013761833310127258
v 0.566796600818634 -0.012066863477230072 -0.023394931107759476
v 0.5431528687477112 0.004199221730232239 -0.0018698684871196747
v 0.5426139235496521 0.0032107457518577576 -0.015110451728105545
v 0.5586603283882141 0.046185389161109924 0.1584150493144989
v 0.5364237427711487 0.04161012917757034 0.1855005919933319
v 0.5380859971046448 0.04302118718624115 0.1797986477613449
v 0.5630356073379517 -0.030043065547943115 -0.03535826504230499
v 0.56919264793396 -0.04733453691005707 -0.038035664707422256
v 0.1862853765487671 0.014859188348054886 0.15344779193401337
v 0.1873427778482437 0.02704612910747528 0.1566096693277359
v 0.21343563497066498 0.04401376098394394 0.15235492587089539
v 0.19583843648433685 0.0411439873278141 0.1507445126771927
v 0.19062082469463348 0.04476349055767059 0.14225296676158905
v 0.18978533148765564 0.05559423938393593 0.12162995338439941
v 0.1907736361026764 0.06009254604578018 0.10721906274557114
v 0.20560193061828613 0.06886433064937592 0.09678633511066437
v 0.19809383153915405 0.07411465793848038 0.07905691117048264
v 0.2003708779811859 0.0753774642944336 0.06892426311969757
v 0.3902028799057007 0.1273946613073349 0.04351583495736122
v 0.3977814316749573 0.12477405369281769 0.029783228412270546
v 0.3843250572681427 0.12975609302520752 0.056964389979839325
v 0.37977153062820435 0.13246670365333557 0.06549094617366791
v 0.40022870898246765 0.1142861396074295 0.01826554909348488
v 0.39821407198905945 0.09775828570127487 0.010985679924488068
v 0.3479389548301697 0.006601259112358093 0.029021743685007095
v 0.36482152342796326 0.021203257143497467 0.008813824504613876
v 0.3813139796257019 0.039541564881801605 0.0026017390191555023
v 0.40112483501434326 0.07981349527835846 0.003151528537273407
v 0.39784130454063416 0.05953753739595413 -0.00042183324694633484
v 0.19298198819160461 0.07546614855527878 0.0576840378344059
v 0.18090391159057617 0.07128878682851791 0.04789925366640091
v 0.18176952004432678 0.06077522784471512 0.04734043776988983
v 0.19410784542560577 0.04305840656161308 0.04995308443903923
v 0.185618057847023 0.03277423232793808 0.04972271993756294
v 0.1929703652858734 0.023885730654001236 0.04772576317191124
v 0.20233748853206635 0.012922504916787148 0.04578929767012596
v 0.39198121428489685 0.13920073211193085 0.06434744596481323
v 0.40950220823287964 0.15441393852233887 0.06840325146913528
v 0.43548762798309326 0.16461244225502014 0.06278730928897858
v 0.45228514075279236 0.1673891544342041 0.06199180707335472
v 0.46630099415779114 0.16689854860305786 0.05701712518930435
v 0.47719839215278625 0.1627902388572693 0.03567367419600487
v 0.5032380223274231 0.15423592925071716 0.01971806213259697
v 0.48828792572021484 0.15697506070137024 0.019973084330558777
v 0.5241693258285522 0.144339919090271 -0.014785178005695343
v 0.5101307034492493 0.15063780546188354 0.006423331797122955
v 0.5141486525535583 0.14736108481884003 -0.006371527910232544
v 0.5416123867034912 0.09976772964000702 -0.033364154398441315
v 0.5204752683639526 0.1385749876499176 -0.025317952036857605
v 0.5509111881256104 0.09449335932731628 -0.03543565422296524
v 0.5095161199569702 0.0867857038974762 -0.02060583233833313
v 0.578222393989563 0.06625489890575409 -0.018559996038675308
v 0.6146023273468018 0.03041829913854599 -0.018658727407455444
v 0.6068492531776428 0.04079780727624893 -0.025294769555330276
v 0.6212780475616455 -0.0022735893726348877 -0.024444811046123505
v 0.6239429116249084 0.013363964855670929 -0.029267840087413788
v 0.6277517080307007 0.002064719796180725 -0.028577327728271484
v 0.5749290585517883 0.0030052438378334045 -0.0030069202184677124
v 0.5622091293334961 0.006551139056682587 -0.019390739500522614
v 0.5544593930244446 0.0056024640798568726 -0.012216024100780487
v 0.5466706156730652 0.0049331337213516235 -0.005643356591463089
v 0.5493859648704529 -0.008033908903598785 -0.02863680198788643
v 0.5394477844238281 0.009171582758426666 -0.008832979947328568
v 0.5388916730880737 0.004923541098833084 -0.02281646803021431
v 0.5520864725112915 0.04702314734458923 0.19522476196289062
v 0.5762596726417542 0.0757516473531723 0.1679418981075287
v 0.5581806898117065 0.05664939433336258 0.17441046237945557
v 0.5504355430603027 -0.02570360153913498 -0.0431482158601284
v 0.5579535365104675 -0.037821486592292786 -0.04242755472660065
v 0.20869439840316772 -0.006392594426870346 0.1459898203611374
v 0.21237719058990479 0.006968416273593903 0.14836858212947845
v 0.19402869045734406 0.0020529143512248993 0.1494525969028473
v 0.17242582142353058 0.016931191086769104 0.1539507657289505
v 0.1703740656375885 0.02288677543401718 0.15450337529182434
v 0.19935022294521332 0.04099011421203613 0.1540888398885727
v 0.20389601588249207 0.05783617123961449 0.13227282464504242
v 0.17900381982326508 0.028309661895036697 0.1457354873418808
v 0.17480014264583588 0.03910808637738228 0.14133679866790771
v 0.18403512239456177 0.0498955063521862 0.1331927478313446
v 0.17002616822719574 0.04858405888080597 0.12248384207487106
v 0.1770177185535431 0.05520089715719223 0.10981649905443192
v 0.1905304342508316 0.0647120550274849 0.0954551175236702
v 0.18342866003513336 0.07241649925708771 0.07672443240880966
v 0.18832364678382874 0.07639896869659424 0.06560759246349335
v 0.1946524977684021 0.070519357919693 0.08818840980529785
v 0.40361425280570984 0.13631176948547363 0.03905882686376572
v 0.39706310629844666 0.13792215287685394 0.051788344979286194
v 0.4112153649330139 0.12582828104496002 0.020129304379224777
v 0.4142848551273346 0.09370690584182739 0.000784061849117279
v 0.4129665493965149 0.1076386496424675 0.007291663438081741
v 0.3603515923023224 0.0060651227831840515 0.011106668040156364
v 0.37577804923057556 0.021907880902290344 0.001634199172258377
v 0.39578214287757874 0.042523328214883804 -0.0033994652330875397
v 0.41580966114997864 0.07933661341667175 -0.004050068557262421
v 0.4129265248775482 0.06464983522891998 -0.005315706133842468
v 0.18358376622200012 0.07501174509525299 0.05499748885631561
v 0.17396681010723114 0.07002288848161697 0.03979337587952614
v 0.17460164427757263 0.06538590043783188 0.040809765458106995
v 0.1805051863193512 0.04707720875740051 0.04771348461508751
v 0.17436721920967102 0.037523023784160614 0.04681333899497986
v 0.17682167887687683 0.02608857862651348 0.0487329438328743
v 0.18200333416461945 0.017228735610842705 0.047179218381643295
v 0.18947240710258484 0.004907136783003807 0.045926325023174286
v 0.40276992321014404 0.1471165418624878 0.060964785516262054
v 0.4220965802669525 0.1589164286851883 0.05996428430080414
v 0.4451843500137329 0.1643708050251007 0.05081221088767052
v 0.46094372868537903 0.16529987752437592 0.04593667387962341
v 0.4650149643421173 0.16373196244239807 0.03091726452112198
v 0.49884188175201416 0.152785524725914 0.01025189459323883
v 0.47406986355781555 0.16058847308158875 0.017851203680038452
v 0.5162030458450317 0.14296197891235352 -0.016073189675807953
v 0.5022255778312683 0.1481674760580063 -0.00154171884059906
v 0.5082589387893677 0.14402811229228973 -0.012701071798801422
v 0.5105955004692078 0.13955365121364594 -0.020750634372234344
v 0.5229009985923767 0.1293908655643463 -0.03792840987443924
v 0.5331962704658508 0.11408176273107529 -0.0366598516702652
v 0.51805180311203 0.07540737092494965 -0.02322809025645256
v 0.5517829656600952 0.08159001171588898 -0.021793905645608902
v 0.5991549491882324 0.049291446805000305 -0.03561652824282646
v 0.6050598621368408 0.03589872270822525 -0.05059971660375595
v 0.6173423528671265 0.024773597717285156 -0.03573831170797348
v 0.6167932748794556 -0.00627359002828598 -0.01918189227581024
v 0.6005336046218872 -0.001435704529285431 -0.00974314659833908
v 0.6238663196563721 -0.008400432765483856 -0.032523587346076965
v 0.6253505349159241 0.0074575915932655334 -0.047753240913152695
v 0.6313289999961853 -0.0020387470722198486 -0.03910547494888306
v 0.5885968804359436 -0.006650425493717194 -0.01650240272283554
v 0.5795660614967346 -0.001971423625946045 -0.037821367383003235
v 0.5616959929466248 0.024655967950820923 -0.02272782102227211
v 0.5548388957977295 0.010009966790676117 -0.019802115857601166
v 0.5448058843612671 0.016410939395427704 -0.011066563427448273
v 0.5424543023109436 0.01362977921962738 -0.005451597273349762
v 0.5329506993293762 -0.003668390214443207 -0.041138965636491776
v 0.538048505783081 0.019892267882823944 -0.01786373183131218
v 0.5309852361679077 0.006962772458791733 -0.036127734929323196
v 0.5672959089279175 0.07274787873029709 0.1888604313135147
v 0.5878777503967285 0.093717060983181 0.17215052247047424
v 0.5674943327903748 0.08400644361972809 0.17211653292179108
v 0.5591030120849609 -0.04919438809156418 -0.04774431884288788
v 0.5388806462287903 -0.018149062991142273 -0.04498307779431343
v 0.5451158881187439 -0.03537631034851074 -0.05106343328952789
v 0.19432054460048676 -0.011656702496111393 0.14728964865207672
v 0.1739247739315033 0.003750976175069809 0.15208503603935242
v 0.15679609775543213 0.017052385956048965 0.155391126871109
v 0.1558016538619995 0.021836761385202408 0.1525764912366867
v 0.17870883643627167 0.03232317790389061 0.15232370793819427
v 0.16612868010997772 0.02361033856868744 0.15054349601268768
v 0.1630292683839798 0.02949313446879387 0.14555999636650085
v 0.15688244998455048 0.035197898745536804 0.1391044408082962
v 0.16845141351222992 0.04290999472141266 0.13444478809833527
v 0.1500740349292755 0.04286044090986252 0.11684925109148026
v 0.1623726487159729 0.05124879628419876 0.1079702228307724
v 0.17554229497909546 0.05887948349118233 0.0959111899137497
v 0.16664071381092072 0.07152164727449417 0.07480685412883759
v 0.1747632622718811 0.0753190740942955 0.05987013503909111
v 0.17877636849880219 0.06692198663949966 0.0882989764213562
v 0.4077686071395874 0.14549288153648376 0.04848642647266388
v 0.4143061637878418 0.13543517887592316 0.026292860507965088
v 0.4189406633377075 0.12084873020648956 0.01091715320944786
v 0.428424596786499 0.08960044384002686 -0.007153354585170746
v 0.4300481081008911 0.10936129838228226 -0.000661216676235199
v 0.3699820935726166 0.009235680103302002 0.0018853582441806793
v 0.39015886187553406 0.02369559556245804 -0.0050686076283454895
v 0.41207772493362427 0.043768759816884995 -0.009240489453077316
v 0.4296687841415405 0.05277285724878311 -0.014379538595676422
v 0.4283995032310486 0.07269766926765442 -0.01026158407330513
v 0.1729353368282318 0.07414454221725464 0.04616926237940788
v 0.1713147610425949 0.07364077866077423 0.03349770978093147
v 0.1735641062259674 0.0674261674284935 0.032006148248910904
v 0.17318275570869446 0.05675550177693367 0.041412390768527985
v 0.17484624683856964 0.04907882958650589 0.04252883791923523
v 0.16862066090106964 0.02989409863948822 0.04517435282468796
v 0.1676502227783203 0.03665004298090935 0.03727225214242935
v 0.17001840472221375 0.01969003677368164 0.04733290523290634
v 0.4131433069705963 0.15296772122383118 0.05733197182416916
v 0.4324105679988861 0.16090108454227448 0.05213060975074768
v 0.4531368315219879 0.16380709409713745 0.03656412288546562
v 0.4884653091430664 0.15245558321475983 0.008828610181808472
v 0.4615499675273895 0.15736696124076843 0.012164950370788574
v 0.45455655455589294 0.16170376539230347 0.02352355420589447
v 0.48737120628356934 0.14544013142585754 -0.003016628324985504
v 0.5004031658172607 0.13879308104515076 -0.016687385737895966
v 0.5008038282394409 0.07042594254016876 -0.02373817190527916
v 0.5108168721199036 0.13269676268100739 -0.029435835778713226
v 0.5235524773597717 0.1084061712026596 -0.03667519986629486
v 0.5337637662887573 0.08732433617115021 -0.027648814022541046
v 0.5410100221633911 0.058997511863708496 -0.0207970030605793
v 0.5573521852493286 0.05615769326686859 -0.023270778357982635
v 0.5928138494491577 0.05326460301876068 -0.039825472980737686
v 0.5745974183082581 0.054362230002880096 -0.030516915023326874
v 0.6024690866470337 0.03350454568862915 -0.06698426604270935
v 0.6148501634597778 0.017250090837478638 -0.058787185698747635
v 0.6028395891189575 0.019912756979465485 -0.07597699761390686
v 0.6164065003395081 -0.014920353889465332 -0.029697656631469727
v 0.6312260627746582 -0.008868396282196045 -0.03931787237524986
v 0.620418131351471 0.003071919083595276 -0.0684645026922226
v 0.6313325762748718 -0.003995224833488464 -0.05744542181491852
v 0.6099727153778076 -0.017025455832481384 -0.022279545664787292
v 0.5695385932922363 0.02060801535844803 -0.03365911915898323
v 0.5690159797668457 0.04392357915639877 -0.027933314442634583
v 0.5577086806297302 0.036068469285964966 -0.022268973290920258
v 0.5425982475280762 0.026982329785823822 -0.012565579265356064
v 0.5404953360557556 0.020063642412424088 -0.011450141668319702
v 0.5374225974082947 0.020946472883224487 -0.016338244080543518
v 0.5267476439476013 -0.001697242259979248 -0.047279953956604004
v 0.5292075276374817 0.03192261606454849 -0.0291975736618042
v 0.5202050805091858 0.02460363507270813 -0.04226762428879738
v 0.550574541091919 0.08758656680583954 0.18758541345596313
v 0.578294038772583 0.09615729004144669 0.1631169617176056
v 0.5692280530929565 0.1012081652879715 0.14817747473716736
v 0.531169593334198 -0.02597803622484207 -0.04985722154378891
v 0.5294675230979919 -0.013892672955989838 -0.04575637727975845
v 0.17865534126758575 -0.012270837090909481 0.14963681995868683
v 0.15870212018489838 0.007521461695432663 0.15552914142608643
v 0.15353403985500336 0.023306768387556076 0.14888079464435577
v 0.14238974452018738 0.03017459064722061 0.13613414764404297
v 0.14830873906612396 0.02686716616153717 0.14302368462085724
v 0.15429984033107758 0.03850720077753067 0.13013119995594025
v 0.14712420105934143 0.04745729640126228 0.10177823901176453
v 0.1411937177181244 0.039168648421764374 0.11324863135814667
v 0.15889747440814972 0.05490598827600479 0.09401177614927292
v 0.16212674975395203 0.0627375915646553 0.08517791330814362
v 0.1590951532125473 0.07297898083925247 0.056896887719631195
v 0.1637379378080368 0.07516205310821533 0.047353796660900116
v 0.41737452149391174 0.1437191516160965 0.03420170396566391
v 0.42585450410842896 0.13256029784679413 0.015045836567878723
v 0.43605902791023254 0.12804299592971802 0.0052472129464149475
v 0.4421452283859253 0.08206730335950851 -0.014004983007907867
v 0.4428105652332306 0.09983710944652557 -0.010561075061559677
v 0.38139671087265015 0.00752287358045578 -0.005129694938659668
v 0.40653368830680847 0.024933278560638428 -0.012520842254161835
v 0.4257865846157074 0.03921991586685181 -0.01529817283153534
v 0.4446765184402466 0.050841040909290314 -0.01989525556564331
v 0.44306570291519165 0.06580735743045807 -0.017215929925441742
v 0.1662224382162094 0.07440203428268433 0.039246685802936554
v 0.13655373454093933 0.04704553633928299 0.016585616394877434
v 0.14455187320709229 0.052041079849004745 0.026895033195614815
v 0.1520700603723526 0.048792168498039246 0.025197960436344147
v 0.14287739992141724 0.03616149351000786 0.017933500930666924
v 0.1666300743818283 0.02234765514731407 0.04198240116238594
v 0.16733187437057495 0.03010127879679203 0.03397313132882118
v 0.1471536010503769 0.030703740194439888 0.015521140769124031
v 0.17367027699947357 0.010198880918323994 0.045591481029987335
v 0.4234403371810913 0.15408270061016083 0.04620620980858803
v 0.441204309463501 0.1612359881401062 0.03961623087525368
v 0.47487765550613403 0.1528099775314331 0.006340138614177704
v 0.44614046812057495 0.15485072135925293 0.016019873321056366
v 0.45873796939849854 0.15059073269367218 0.005773454904556274
v 0.48527219891548157 0.13493162393569946 -0.013334959745407104
v 0.49942392110824585 0.12727411091327667 -0.025744527578353882
v 0.5125613808631897 0.12005101889371872 -0.03756781667470932
v 0.528294563293457 0.0814332515001297 -0.027942940592765808
v 0.5389290452003479 0.06251484900712967 -0.0215354785323143
v 0.5494577288627625 0.04484403133392334 -0.01981312409043312
v 0.5848414301872253 0.039810702204704285 -0.04597962647676468
v 0.6045079231262207 0.02517029643058777 -0.07857859134674072
v 0.5943514108657837 0.04523449391126633 -0.055172957479953766
v 0.6045770645141602 0.01337575912475586 -0.08859473466873169
v 0.6064675450325012 0.004927672445774078 -0.07872529327869415
v 0.6215949058532715 -0.014357179403305054 -0.03835218399763107
v 0.6068326830863953 -0.02391800284385681 -0.03114934079349041
v 0.6347765922546387 -0.00948316603899002 -0.0473545640707016
v 0.6317464709281921 -0.004371426999568939 -0.0783693939447403
v 0.6209829449653625 0.00033289194107055664 -0.08420151472091675
v 0.5975309014320374 -0.023212186992168427 -0.029620084911584854
v 0.584769606590271 0.010033279657363892 -0.05358783155679703
v 0.5928235650062561 -0.01968453824520111 -0.04628212749958038
v 0.5429843068122864 0.04169081896543503 -0.01891162618994713
v 0.5362621545791626 0.049620937556028366 -0.021454665809869766
v 0.5333350300788879 0.036074038594961166 -0.023560170084238052
v 0.5173227190971375 0.007979527115821838 -0.052347879856824875
v 0.5232943296432495 -0.0018590465188026428 -0.05041464790701866
v 0.5185399055480957 0.05006686970591545 -0.042896199971437454
v 0.514279305934906 0.04352585971355438 -0.04910542070865631
v 0.5712236166000366 0.11826571822166443 0.1850731521844864
v 0.5937821269035339 0.12861275672912598 0.15026487410068512
v 0.5838897228240967 0.11891721189022064 0.17106401920318604
v 0.5222463011741638 -0.010509386658668518 -0.04610298201441765
v 0.5192304849624634 -0.022985786199569702 -0.04516202211380005
v 0.15691129863262177 -0.008839903399348259 0.1562555730342865
v 0.1456940621137619 0.0161811001598835 0.15354731678962708
v 0.14194729924201965 0.00995943695306778 0.15637296438217163
v 0.14501981437206268 0.019003920257091522 0.15125277638435364
v 0.13975828886032104 0.02126096934080124 0.14708662033081055
v 0.14280101656913757 0.03456312417984009 0.12501145899295807
v 0.13293705880641937 0.02887854352593422 0.12982729077339172
v 0.13335570693016052 0.02328568324446678 0.1401059627532959
v 0.15133735537528992 0.05600593611598015 0.09064953774213791
v 0.13733498752117157 0.04543835669755936 0.09623771905899048
v 0.13266725838184357 0.037941910326480865 0.10447679460048676
v 0.15201568603515625 0.06118348613381386 0.08272667974233627
v 0.1508920043706894 0.0671682059764862 0.0725628212094307
v 0.1516813188791275 0.0742444321513176 0.05208941176533699
v 0.1572047919034958 0.07562821358442307 0.047196123749017715
v 0.43038409948349 0.14473405480384827 0.019264765083789825
v 0.44827646017074585 0.11768724024295807 -0.00642530620098114
v 0.4533218741416931 0.07495075464248657 -0.020624984055757523
v 0.4525732398033142 0.09026209264993668 -0.017107725143432617
v 0.39798587560653687 0.004294849932193756 -0.014074087142944336
v 0.4196992814540863 0.027279183268547058 -0.01580040156841278
v 0.4379405677318573 0.03995928168296814 -0.019271142780780792
v 0.45577502250671387 0.05824319273233414 -0.023435048758983612
v 0.4559139609336853 0.04028164595365524 -0.024726558476686478
v 0.16158798336982727 0.07744796574115753 0.041351113468408585
v 0.13541601598262787 0.04454720765352249 0.006788436323404312
v 0.13676057755947113 0.05636390671133995 0.024319963529706
v 0.1342187225818634 0.05829685926437378 0.0053443629294633865
v 0.13182945549488068 0.038079001009464264 0.00270012766122818
v 0.16484174132347107 0.018228603526949883 0.032956562936306
v 0.16477437317371368 0.012974576093256474 0.0420910120010376
v 0.15891312062740326 0.029211048036813736 0.012675042264163494
v 0.13388404250144958 0.03467381000518799 -0.004897888749837875
v 0.4357180595397949 0.15444636344909668 0.028265081346035004
v 0.4714147448539734 0.14272013306617737 -0.0024874433875083923
v 0.45409417152404785 0.1371711641550064 -0.00032723695039749146
v 0.4413180351257324 0.14369870722293854 0.009030766785144806
v 0.48167502880096436 0.1187165230512619 -0.022710971534252167
v 0.4990125894546509 0.11239586770534515 -0.0336122140288353
v 0.5148303508758545 0.049916163086891174 -0.018085438758134842
v 0.5074465870857239 0.10667487233877182 -0.04053792357444763
v 0.5161442756652832 0.09879662841558456 -0.03918933868408203
v 0.5291667580604553 0.06963371485471725 -0.02729272097349167
v 0.5894287824630737 0.03019820898771286 -0.06178567185997963
v 0.6008901596069336 0.030911214649677277 -0.07577453553676605
v 0.6098883152008057 0.02061309665441513 -0.08997780084609985
v 0.6099070310592651 0.016780957579612732 -0.10897760093212128
v 0.6148828268051147 0.008308105170726776 -0.09833221882581711
v 0.6299351453781128 -0.011180512607097626 -0.049507979303598404
v 0.6095479130744934 -0.020047403872013092 -0.03605543076992035
v 0.634537398815155 -0.010609470307826996 -0.06366845965385437
v 0.6339373588562012 -0.0010075643658638 -0.09901583194732666
v 0.6417889595031738 -0.011150538921356201 -0.09334682673215866
v 0.6004671454429626 -0.027825981378555298 -0.03915907442569733
v 0.6030452251434326 -0.024345003068447113 -0.050549209117889404
v 0.5926898717880249 -0.0061762407422065735 -0.05906689539551735
v 0.5256837606430054 0.05815944820642471 -0.03247533366084099
v 0.5101594924926758 0.026470325887203217 -0.04991526901721954
v 0.5146880149841309 0.008090488612651825 -0.05069374293088913
v 0.5116421580314636 0.06881428509950638 -0.04990542680025101
v 0.5079801678657532 0.049747809767723083 -0.049502722918987274
v 0.5890849828720093 0.14295083284378052 0.17849525809288025
v 0.6014717221260071 0.13103851675987244 0.1447397768497467
v 0.5977787375450134 0.13817435503005981 0.17082229256629944
v 0.5006529688835144 -0.021027207374572754 -0.04277774691581726
v 0.5146598219871521 -0.0026752054691314697 -0.045636627823114395
v 0.13832484185695648 -0.00276198610663414 0.16203977167606354
v 0.13508965075016022 -0.011854025535285473 0.1647578626871109
v 0.14580358564853668 0.0036927051842212677 0.15770259499549866
v 0.13120368123054504 0.006567979231476784 0.16110508143901825
v 0.13747413456439972 0.015712924301624298 0.1514759361743927
v 0.13493643701076508 0.018282320350408554 0.14825822412967682
v 0.12981575727462769 0.018353484570980072 0.14580285549163818
v 0.13378211855888367 0.033107224851846695 0.11751174181699753
v 0.12215770035982132 0.023285437375307083 0.13327330350875854
v 0.12270358949899673 0.027127474546432495 0.1217760369181633
v 0.1418621987104416 0.05133046954870224 0.09309066087007523
v 0.12696701288223267 0.04088201746344566 0.0936349406838417
v 0.12212777882814407 0.03402944654226303 0.09872796386480331
v 0.14053596556186676 0.0628744512796402 0.06975231319665909
v 0.14254586398601532 0.05795611813664436 0.08281007409095764
v 0.14590953290462494 0.06835584342479706 0.05971234664320946
v 0.15787148475646973 0.07954324781894684 0.044417738914489746
v 0.15439923107624054 0.07885868847370148 0.046346329152584076
v 0.4609985947608948 0.10624974220991135 -0.017512597143650055
v 0.4661737084388733 0.06967049837112427 -0.02788155898451805
v 0.4639629125595093 0.08495046198368073 -0.024812061339616776
v 0.41402745246887207 0.00915393978357315 -0.019297447055578232
v 0.430734783411026 0.029531605541706085 -0.019050590693950653
v 0.4710236191749573 0.03510792553424835 -0.030593790113925934
v 0.4705541133880615 0.04972623288631439 -0.029861215502023697
v 0.1443885862827301 0.05484108626842499 0.033602673560380936
v 0.13161906599998474 0.06375626474618912 -0.016595955938100815
v 0.13098570704460144 0.050854869186878204 -0.021614793688058853
v 0.16617916524410248 0.023723140358924866 0.016299046576023102
v 0.13837361335754395 0.028164267539978027 -0.01102581899613142
v 0.12421547621488571 0.04508248716592789 -0.03255198895931244
v 0.4676310420036316 0.12654930353164673 -0.010916531085968018
v 0.48139774799346924 0.09943083673715591 -0.029755637049674988
v 0.4973202347755432 0.09507889300584793 -0.039003677666187286
v 0.5081666111946106 0.09376222640275955 -0.04456328600645065
v 0.5139016509056091 0.08795349299907684 -0.04819469898939133
v 0.5941070914268494 0.01748661696910858 -0.06878124177455902
v 0.61006098985672 0.021659210324287415 -0.08677612245082855
v 0.6221317052841187 0.021461106836795807 -0.11054893583059311
v 0.627557635307312 0.023825153708457947 -0.14075148105621338
v 0.6321324706077576 0.010196030139923096 -0.12289617210626602
v 0.614345133304596 -0.01842866837978363 -0.044409457594156265
v 0.653984546661377 -0.01630072295665741 -0.11438295990228653
v 0.652204692363739 -0.008466213941574097 -0.12711207568645477
v 0.6099679470062256 -0.021985970437526703 -0.04895320534706116
v 0.6155292987823486 -0.02087133377790451 -0.06326882541179657
v 0.6044512987136841 -0.013166576623916626 -0.06323646008968353
v 0.5035953521728516 0.03435288369655609 -0.046506863087415695
v 0.5016523003578186 0.01596760004758835 -0.04509487375617027
v 0.4994526207447052 0.07386818528175354 -0.04519423097372055
v 0.4970596432685852 0.04752129688858986 -0.04343350976705551
v 0.6009358167648315 0.15090744197368622 0.1570715308189392
v 0.6053328514099121 0.14918407797813416 0.16289980709552765
v 0.6015392541885376 0.1448020339012146 0.1477958709001541
v 0.623521625995636 0.1487286388874054 0.18494150042533875
v 0.5030555129051208 -0.00032839924097061157 -0.038378942757844925
v 0.49329760670661926 -0.01373685896396637 -0.037732504308223724
v 0.12432389706373215 -0.001146465539932251 0.1700974851846695
v 0.1231212243437767 -0.010366886854171753 0.17218950390815735
v 0.1294957846403122 0.011036552488803864 0.1541079431772232
v 0.13707983493804932 0.012115530669689178 0.15373298525810242
v 0.13331978023052216 0.011664379388093948 0.15152162313461304
v 0.1315736174583435 0.01523156464099884 0.14853747189044952
v 0.1287868618965149 0.016749341040849686 0.14736729860305786
v 0.12157858908176422 0.019442450255155563 0.14184796810150146
v 0.12288817018270493 0.03071644902229309 0.11040748655796051
v 0.1138218566775322 0.023319512605667114 0.1260787397623062
v 0.11560297757387161 0.026787620037794113 0.11450239270925522
v 0.1341623067855835 0.04928005859255791 0.08818267285823822
v 0.1147245317697525 0.03241352364420891 0.09472163021564484
v 0.11988811194896698 0.038230206817388535 0.08882343769073486
v 0.1401246190071106 0.06550410389900208 0.059086255729198456
v 0.13349664211273193 0.05546451359987259 0.07764745503664017
v 0.13396289944648743 0.06031788885593414 0.0642903745174408
v 0.146074116230011 0.07203266769647598 0.050665706396102905
v 0.1546303629875183 0.08508660644292831 0.048482611775398254
v 0.1514437347650528 0.0628046840429306 0.04028655216097832
v 0.48471441864967346 0.058433204889297485 -0.036973096430301666
v 0.48223158717155457 0.08061032742261887 -0.03434343636035919
v 0.40644294023513794 -0.021873101592063904 -0.026245221495628357
v 0.42954644560813904 0.01680900901556015 -0.0215030238032341
v 0.443983256816864 0.02598492056131363 -0.02350139245390892
v 0.4776722490787506 0.019234895706176758 -0.03511764854192734
v 0.4839646816253662 0.03744108974933624 -0.0371851921081543
v 0.4623962938785553 0.016901403665542603 -0.030558884143829346
v 0.1288905292749405 0.07255107909440994 0.02003931626677513
v 0.1264224797487259 0.07696281373500824 -0.01343606784939766
v 0.1261291354894638 0.06849676370620728 -0.03670518845319748
v 0.1213931143283844 0.08192602545022964 -0.03618932515382767
v 0.1472487598657608 0.02172495797276497 -0.009245291352272034
v 0.16451703011989594 0.016025066375732422 0.013706890866160393
v 0.11514458060264587 0.04128895327448845 -0.04074866324663162
v 0.12189862877130508 0.06413379311561584 -0.04841470718383789
v 0.5993640422821045 0.00154007226228714 -0.07073333114385605
v 0.6240240335464478 0.016855284571647644 -0.09977127611637115
v 0.6305568218231201 0.01752416044473648 -0.1361924111843109
v 0.648078203201294 0.0032715052366256714 -0.1539236307144165
v 0.6409343481063843 0.008651688694953918 -0.16644568741321564
v 0.6235557198524475 -0.013478457927703857 -0.06283213198184967
v 0.6428623199462891 -0.019086651504039764 -0.09134415537118912
v 0.6549261808395386 -0.023604243993759155 -0.12402954697608948
v 0.6578836441040039 -0.018077906221151352 -0.15400074422359467
v 0.6590131521224976 -0.019520938396453857 -0.1407460719347
v 0.6314772367477417 -0.01953786611557007 -0.08342699706554413
v 0.6207579374313354 -0.015662014484405518 -0.0820341557264328
v 0.49395227432250977 0.015490241348743439 -0.03906470537185669
v 0.4971972703933716 0.03039771318435669 -0.042390208691358566
v 0.631188154220581 0.16664819419384003 0.17082242667675018
v 0.6144866943359375 0.17125049233436584 0.17562174797058105
v 0.6081153154373169 0.16312915086746216 0.17894956469535828
v 0.6250470876693726 0.1564534306526184 0.18212103843688965
v 0.4882971942424774 0.0038558393716812134 -0.03642578795552254
v 0.47878459095954895 -0.005249150097370148 -0.038097161799669266
v 0.12157806009054184 0.007974795997142792 0.16654382646083832
v 0.11248119175434113 -0.004864564165472984 0.1802745908498764
v 0.11150657385587692 0.004675654694437981 0.177397683262825
v 0.13536642491817474 0.012971717864274979 0.14990374445915222
v 0.12552672624588013 0.010274779051542282 0.155414417386055
v 0.13164855539798737 0.011031411588191986 0.14664074778556824
v 0.12650403380393982 0.014132693409919739 0.1475825160741806
v 0.12152986973524094 0.015899602323770523 0.14835894107818604
v 0.11046815663576126 0.01988200470805168 0.1371803730726242
v 0.11569119244813919 0.02937091886997223 0.1038517877459526
v 0.10382993519306183 0.0244799442589283 0.11861948668956757
v 0.10549915581941605 0.02721446380019188 0.10604353994131088
v 0.12508410215377808 0.04589677229523659 0.08242345601320267
v 0.10603371262550354 0.031041812151670456 0.09032122790813446
v 0.11091241985559464 0.03494096174836159 0.08409934490919113
v 0.13719871640205383 0.06485304981470108 0.05700264871120453
v 0.1268072873353958 0.05253732204437256 0.07048764079809189
v 0.12920227646827698 0.05917258560657501 0.05839380621910095
v 0.13893231749534607 0.06866229325532913 0.05369758605957031
v 0.148703932762146 0.07568769156932831 0.049590665847063065
v 0.13951218128204346 0.06111454591155052 0.0345001257956028
v 0.1555158644914627 0.07292632013559341 0.04918873682618141
v 0.15401893854141235 0.061700962483882904 0.04505705088376999
v 0.4259941577911377 -0.004036597907543182 -0.02690456435084343
v 0.4429551064968109 0.007701948285102844 -0.02808738872408867
v 0.47424250841140747 0.008685395121574402 -0.03564285486936569
v 0.4587746858596802 -0.0012283846735954285 -0.03468369320034981
v 0.12791994214057922 0.07561632990837097 0.02388441562652588
v 0.12948843836784363 0.0690203309059143 0.007469159550964832
v 0.10943856090307236 0.0945219099521637 -0.031237740069627762
v 0.10938353836536407 0.0939188152551651 -0.051815178245306015
v 0.1177416443824768 0.08298337459564209 -0.055789798498153687
v 0.12777768075466156 0.02945183590054512 -0.03328434377908707
v 0.15559184551239014 0.018069926649332047 -0.014190686866641045
v 0.1105860099196434 0.06256693601608276 -0.05868184566497803
v 0.11043135821819305 0.07714676111936569 -0.06442591547966003
v 0.6137276887893677 -0.0015324726700782776 -0.07999850809574127
v 0.6270567774772644 0.016549445688724518 -0.12553831934928894
v 0.6490726470947266 -0.010984010994434357 -0.17664159834384918
v 0.6569180488586426 -0.011568024754524231 -0.17118296027183533
v 0.6589277386665344 -0.02657463401556015 -0.1390819549560547
v 0.6433715224266052 -0.026203937828540802 -0.11294862627983093
v 0.659961462020874 -0.022472746670246124 -0.16145837306976318
v 0.6605761647224426 -0.022183936089277267 -0.15554003417491913
v 0.6400052309036255 -0.01915210485458374 -0.11032488942146301
v 0.6281975507736206 0.1815030872821808 0.20228251814842224
v 0.626015841960907 0.17519021034240723 0.2071039080619812
v 0.6394290924072266 0.1816796362400055 0.19726112484931946
v 0.6416366100311279 0.18511012196540833 0.1961621642112732
v 0.4774126708507538 -0.02081911265850067 -0.042590007185935974
v 0.4681406319141388 0.0016773715615272522 -0.035832781344652176
v 0.11434444785118103 0.00892750546336174 0.1710418164730072
v 0.09223058819770813 0.0036775143817067146 0.19144847989082336
v 0.10251322388648987 0.009079810231924057 0.1791822910308838
v 0.13203811645507812 0.01352459192276001 0.1474672108888626
v 0.15256188809871674 0.013641033321619034 0.14988787472248077
v 0.12373822182416916 0.011093422770500183 0.15992386639118195
v 0.12953980267047882 0.010466039180755615 0.14607682824134827
v 0.11929427087306976 0.013627748936414719 0.15244096517562866
v 0.11103293299674988 0.01726366952061653 0.14534565806388855
v 0.10344559699296951 0.022156905382871628 0.13014346361160278
v 0.10666412860155106 0.02901451289653778 0.09738760441541672
v 0.0931696966290474 0.026399526745080948 0.10867813974618912
v 0.09892019629478455 0.02823050320148468 0.09854984283447266
v 0.11842283606529236 0.04338238015770912 0.07482171058654785
v 0.12220125645399094 0.0522867813706398 0.05525066331028938
v 0.12194974720478058 0.050275638699531555 0.06339148432016373
v 0.13036370277404785 0.0612555593252182 0.05324272811412811
v 0.14123894274234772 0.06999682635068893 0.05091731622815132
v 0.14203868806362152 0.05827662721276283 0.04045223817229271
v 0.15077044069766998 0.07797753810882568 0.050843991339206696
v 0.15065622329711914 0.07563778012990952 0.053282421082258224
v 0.1605834662914276 0.05710842087864876 0.049865927547216415
v 0.15471763908863068 0.061019740998744965 0.04523560777306557
v 0.4440692663192749 -0.011523760855197906 -0.03515206277370453
v 0.4561308026313782 -0.01290866732597351 -0.03792465478181839
v 0.12907256186008453 0.07086778432130814 0.02990816906094551
v 0.12204328924417496 0.0858849585056305 0.011717306450009346
v 0.11815734952688217 0.08599906414747238 0.012173131108283997
v 0.11639761179685593 0.08582767844200134 -0.005301430821418762
v 0.10237904638051987 0.09991186857223511 -0.04270658642053604
v 0.10595522075891495 0.09005959331989288 -0.06481439620256424
v 0.1036975160241127 0.09616604447364807 -0.060974717140197754
v 0.1073368564248085 0.05422445014119148 -0.061833836138248444
v 0.1378917098045349 0.027954038232564926 -0.037637148052453995
v 0.10125922411680222 0.07241404801607132 -0.06421002000570297
v 0.09742912650108337 0.08455627411603928 -0.06979822367429733
v 0.6301265954971313 0.0021926239132881165 -0.10295018553733826
v 0.6353410482406616 0.006169959902763367 -0.15011651813983917
v 0.657151460647583 -0.022532522678375244 -0.17882509529590607
v 0.6593930125236511 -0.021028008311986923 -0.16875627636909485
v 0.6399661302566528 -0.009815678000450134 -0.17017397284507751
v 0.6557785868644714 -0.030965398997068405 -0.14052802324295044
v 0.6645233035087585 -0.0316484309732914 -0.15237843990325928
v 0.6686586737632751 -0.01977533847093582 -0.1553051471710205
v 0.6607181429862976 -0.022442400455474854 -0.1625116467475891
v 0.6473715305328369 -0.035017602145671844 -0.15587592124938965
v 0.6289442777633667 -0.01753968745470047 -0.14712810516357422
v 0.6298182010650635 0.2061314880847931 0.22074928879737854
v 0.6303859949111938 0.20516827702522278 0.2160187065601349
v 0.6269591450691223 0.20599129796028137 0.2313263863325119
v 0.6301396489143372 0.20418991148471832 0.21475812792778015
v 0.46655282378196716 -0.01271861046552658 -0.03978326916694641
v 0.11190824955701828 0.011531699448823929 0.16875161230564117
v 0.07355045527219772 0.00953410193324089 0.1940857470035553
v 0.09026895463466644 0.009195161983370781 0.18369178473949432
v 0.13158318400382996 0.011433586478233337 0.14895428717136383
v 0.1387646198272705 0.02547670714557171 0.1385785937309265
v 0.13030239939689636 0.0062277913093566895 0.13963502645492554
v 0.11632368713617325 0.013333078473806381 0.1603015959262848
v 0.12561427056789398 0.009848114103078842 0.15255722403526306
v 0.11337819695472717 0.014622487127780914 0.15290389955043793
v 0.10143187642097473 0.018910352140665054 0.1414380520582199
v 0.09332219511270523 0.023326583206653595 0.12222734093666077
v 0.09884814918041229 0.029246900230646133 0.09121251106262207
v 0.08501056581735611 0.028766732662916183 0.09298082441091537
v 0.08214639127254486 0.02771776169538498 0.10210378468036652
v 0.09914103150367737 0.030381567776203156 0.08310342580080032
v 0.10699626803398132 0.03583722934126854 0.0740726888179779
v 0.11477390676736832 0.043624259531497955 0.06250552833080292
v 0.11817897111177444 0.047722555696964264 0.05537330359220505
v 0.1330467313528061 0.06261718273162842 0.05113822594285011
v 0.12230756133794785 0.05251727253198624 0.05173627659678459
v 0.1422968953847885 0.05902343988418579 0.03794759139418602
v 0.1378570944070816 0.06444573402404785 0.052555494010448456
v 0.14688727259635925 0.059904299676418304 0.05698210000991821
v 0.1613781899213791 0.06126502901315689 0.05629143491387367
v 0.15867912769317627 0.05018136650323868 0.045903705060482025
v 0.16822271049022675 0.04320155084133148 0.053232915699481964
v 0.11839324980974197 0.08102123439311981 0.018266715109348297
v 0.12596739828586578 0.06959390640258789 0.03266487270593643
v 0.1109306737780571 0.09134115278720856 0.0003367592580616474
v 0.1104041039943695 0.09299565851688385 -0.006187857128679752
v 0.10415814071893692 0.09833158552646637 -0.02483990788459778
v 0.09767328202724457 0.10205384343862534 -0.05446745455265045
v 0.09725840389728546 0.09954618662595749 -0.06566446274518967
v 0.09336923062801361 0.09343644976615906 -0.07187682390213013
v 0.09894809871912003 0.0662493109703064 -0.061600975692272186
v 0.12153293192386627 0.03963225334882736 -0.05665265768766403
v 0.09366145730018616 0.08045409619808197 -0.06550659984350204
v 0.08967166393995285 0.09039583802223206 -0.07324131578207016
v 0.6486300826072693 -0.022238723933696747 -0.1782151460647583
v 0.6391951441764832 -0.027255143970251083 -0.16842764616012573
v 0.6574079990386963 -0.024283364415168762 -0.1670842170715332
v 0.6571187973022461 -0.0337865874171257 -0.15436533093452454
v 0.6625259518623352 -0.028559040278196335 -0.1519770324230194
v 0.6603573560714722 -0.023157522082328796 -0.16264985501766205
v 0.6632506847381592 -0.023455221205949783 -0.15524055063724518
v 0.6535789966583252 -0.034363046288490295 -0.16682195663452148
v 0.6358465552330017 0.18118208646774292 0.19005829095840454
v 0.6342322826385498 0.22540178894996643 0.2319386899471283
v 0.6268337368965149 0.22235643863677979 0.22097444534301758
v 0.6495882868766785 0.20649787783622742 0.21488964557647705
v 0.6189500689506531 0.21666273474693298 0.22224000096321106
v 0.6078949570655823 0.2247961163520813 0.23336994647979736
v 0.10084407031536102 0.014890730381011963 0.17049019038677216
v 0.07316257804632187 0.006192841101437807 0.1730637103319168
v 0.07882673293352127 0.012176742777228355 0.17501536011695862
v 0.13832780718803406 0.02380736544728279 0.13069100677967072
v 0.1328461617231369 0.03024086356163025 0.12638549506664276
v 0.12841947376728058 0.03296147659420967 0.14232154190540314
v 0.10602103918790817 0.015203837305307388 0.15938419103622437
v 0.10202348232269287 0.017043258994817734 0.15130583941936493
v 0.09333895146846771 0.021198302507400513 0.13381360471248627
v 0.08362129330635071 0.024464253336191177 0.11411167681217194
v 0.09088961035013199 0.028979402035474777 0.08483081310987473
v 0.07353392243385315 0.0293809175491333 0.09259366244077682
v 0.07170306146144867 0.02969646453857422 0.08520617336034775
v 0.08901172131299973 0.028366737067699432 0.07682812213897705
v 0.09761704504489899 0.03126074746251106 0.07340094447135925
v 0.11265718191862106 0.04262418672442436 0.05536776781082153
v 0.10343329608440399 0.03525489941239357 0.06305497139692307
v 0.11750762164592743 0.046274010092020035 0.05122900754213333
v 0.12333802878856659 0.05164462700486183 0.051601625978946686
v 0.14663580060005188 0.05336789786815643 0.03751406818628311
v 0.13104651868343353 0.05229059234261513 0.05404318869113922
v 0.13746272027492523 0.04477681219577789 0.058002471923828125
v 0.15700799226760864 0.04846777766942978 0.06186782196164131
v 0.169866681098938 0.037153951823711395 0.06323841959238052
v 0.1595679670572281 0.04796759784221649 0.04233827441930771
v 0.17398060858249664 0.024059884250164032 0.04432791844010353
v 0.11071387678384781 0.08548283576965332 0.006894763093441725
v 0.11831779778003693 0.07881022989749908 0.020834054797887802
v 0.12781356275081635 0.06068345904350281 0.03573058173060417
v 0.1022661104798317 0.09823022037744522 -0.020418688654899597
v 0.1037585660815239 0.09297533333301544 -0.014177192933857441
v 0.09809106588363647 0.10231748223304749 -0.03853767365217209
v 0.09669342637062073 0.10061180591583252 -0.0602240189909935
v 0.08633210510015488 0.09403911232948303 -0.0764164850115776
v 0.08750113844871521 0.09800153970718384 -0.07457658648490906
v 0.09526799619197845 0.07418422400951385 -0.06094080209732056
v 0.1119183823466301 0.05125805735588074 -0.06199914216995239
v 0.08847478032112122 0.08646661788225174 -0.07045464962720871
v 0.08328190445899963 0.09095047414302826 -0.07690407335758209
v 0.648601233959198 -0.033102646470069885 -0.1723785102367401
v 0.6531137228012085 -0.027676783502101898 -0.1774570196866989
v 0.6591587066650391 -0.0273982435464859 -0.15889999270439148
v 0.656464695930481 -0.027909860014915466 -0.1688549518585205
v 0.6224251985549927 0.22254207730293274 0.24284374713897705
v 0.6298910975456238 0.20992672443389893 0.22361229360103607
v 0.6300436854362488 0.226395845413208 0.21359404921531677
v 0.5869883298873901 0.2133944034576416 0.2258501797914505
v 0.6081607341766357 0.22847935557365417 0.21980108320713043
v 0.08522801101207733 0.015026401728391647 0.1678878664970398
v 0.06619434058666229 0.0038373051211237907 0.1603223830461502
v 0.07072179019451141 0.01003955490887165 0.1621672362089157
v 0.13141557574272156 0.028796423226594925 0.1373271346092224
v 0.12984223663806915 0.03901459276676178 0.1377207338809967
v 0.09345224499702454 0.016278890892863274 0.15920385718345642
v 0.08961941301822662 0.01913519576191902 0.14504796266555786
v 0.08283036947250366 0.020794827491044998 0.12863218784332275
v 0.07378947734832764 0.025974851101636887 0.10286103188991547
v 0.07992434501647949 0.02854026108980179 0.081529900431633
v 0.06079096347093582 0.029973212629556656 0.07808499038219452
v 0.06346452981233597 0.02923876792192459 0.08513175696134567
v 0.07631543278694153 0.027240488678216934 0.07141050696372986
v 0.08824915438890457 0.02783876657485962 0.0647224485874176
v 0.1014198586344719 0.03319503366947174 0.05296799913048744
v 0.13735716044902802 0.055464643985033035 0.03507351875305176
v 0.11436619609594345 0.03833422064781189 0.05066844820976257
v 0.12832175195217133 0.029381703585386276 0.05708939954638481
v 0.1476116180419922 0.03374810889363289 0.06272851675748825
v 0.16207891702651978 0.02991269901394844 0.06693806499242783
v 0.17834429442882538 0.019454149529337883 0.06046392768621445
v 0.16073715686798096 0.03212856501340866 0.033003468066453934
v 0.15375809371471405 0.04340844601392746 0.035499896854162216
v 0.10894578695297241 0.07674989849328995 0.0106980474665761
v 0.10286851227283478 0.08359547704458237 -0.007511230185627937
v 0.1131795346736908 0.0695146694779396 0.025836259126663208
v 0.09848631173372269 0.09031841158866882 -0.026145927608013153
v 0.09673384577035904 0.09918740391731262 -0.03249915689229965
v 0.09331667423248291 0.10365074872970581 -0.049797240644693375
v 0.08694560080766678 0.10401508212089539 -0.06778300553560257
v 0.07649064809083939 0.09568755328655243 -0.08453980088233948
v 0.07621191442012787 0.10341209173202515 -0.07940445840358734
v 0.08614876866340637 0.08068598061800003 -0.06479176133871078
v 0.10081943869590759 0.06336869299411774 -0.06449073553085327
v 0.07937895506620407 0.08494951575994492 -0.07332204282283783
v 0.0750294104218483 0.0894162654876709 -0.08155082911252975
v 0.6642099618911743 -0.018980056047439575 -0.1536078155040741
v 0.6149457693099976 0.20624613761901855 0.24215252697467804
v 0.6154367327690125 0.18976449966430664 0.21964019536972046
v 0.6225144863128662 0.20391836762428284 0.20046955347061157
v 0.616035521030426 0.22069880366325378 0.19434931874275208
v 0.5912474989891052 0.21817609667778015 0.21266727149486542
v 0.07580076158046722 0.012853138148784637 0.16125120222568512
v 0.06381252408027649 -0.00027717743068933487 0.15012410283088684
v 0.06628362834453583 0.006501561962068081 0.1535845398902893
v 0.08201393485069275 0.017381543293595314 0.1536279171705246
v 0.07904352992773056 0.01752634160220623 0.14068162441253662
v 0.07362627238035202 0.02194264531135559 0.11360658705234528
v 0.06499333679676056 0.027867738157510757 0.09248783439397812
v 0.06763618439435959 0.02896052598953247 0.07599377632141113
v 0.054361842572689056 0.02983686327934265 0.0769764855504036
v 0.05307728797197342 0.030265212059020996 0.07435018569231033
v 0.07384178787469864 0.02559025213122368 0.06278520077466965
v 0.06069372594356537 0.027084749191999435 0.06781738251447678
v 0.10716226696968079 0.0361722931265831 0.05015149340033531
v 0.08406050503253937 0.024767160415649414 0.051095861941576004
v 0.09519561380147934 0.02844303287565708 0.04435814172029495
v 0.10483472794294357 0.023380190134048462 0.04548509418964386
v 0.14136171340942383 0.017205307260155678 0.0609075129032135
v 0.15342804789543152 0.021240826696157455 0.06566817313432693
v 0.1719752550125122 0.017014741897583008 0.0683891624212265
v 0.17482374608516693 -0.0030428513418883085 0.040210604667663574
v 0.1623719185590744 0.004648188129067421 0.03074810653924942
v 0.1478469967842102 0.015665194019675255 0.01842912659049034
v 0.13929173350334167 0.0381319597363472 0.024136289954185486
v 0.10244618356227875 0.07474395632743835 -0.004213924519717693
v 0.10623914003372192 0.06847387552261353 0.005950446240603924
v 0.11623947322368622 0.06034744530916214 0.028595995157957077
v 0.08902578055858612 0.08627162873744965 -0.03208941966295242
v 0.08718565106391907 0.09903020411729813 -0.046835578978061676
v 0.08303102850914001 0.10442785918712616 -0.058974456042051315
v 0.07495157420635223 0.10573862493038177 -0.07028091698884964
v 0.06822165846824646 0.10537923872470856 -0.0795847475528717
v 0.06454449892044067 0.0999009758234024 -0.09041891247034073
v 0.08802929520606995 0.07214254885911942 -0.06299816071987152
v 0.07861093431711197 0.07891887426376343 -0.06516534835100174
v 0.09104877710342407 0.06004611402750015 -0.05738331004977226
v 0.07022138684988022 0.08275382965803146 -0.07794571667909622
v 0.06536012887954712 0.08937105536460876 -0.08858765661716461
v 0.5973981618881226 0.1772710382938385 0.21394924819469452
v 0.5826411843299866 0.18564820289611816 0.1880922019481659
v 0.5548266172409058 0.19302842020988464 0.23405255377292633
v 0.6026645302772522 0.20375937223434448 0.18463650345802307
v 0.5519717335700989 0.2105148434638977 0.19871509075164795
v 0.07013238966464996 0.010739518329501152 0.15017321705818176
v 0.06124674156308174 -0.0041746776551008224 0.13859370350837708
v 0.06149566173553467 0.004044225439429283 0.13774622976779938
v 0.07579684257507324 0.014556586742401123 0.14956878125667572
v 0.071617491543293 0.018767712637782097 0.12525133788585663
v 0.0642654076218605 0.022619955241680145 0.10061521083116531
v 0.055239174515008926 0.027955222874879837 0.08285894244909286
v 0.056090254336595535 0.02981283888220787 0.07326443493366241
v 0.04774255305528641 0.030504725873470306 0.07329443842172623
v 0.047475993633270264 0.031107936054468155 0.07173609733581543
v 0.04676804319024086 0.028002507984638214 0.06320424377918243
v 0.05539153143763542 0.02609064429998398 0.05685095861554146
v 0.08945929259061813 0.029636478051543236 0.04534777253866196
v 0.05717875435948372 0.026896648108959198 0.04685187712311745
v 0.07600519806146622 0.025582900270819664 0.03618106245994568
v 0.08506996184587479 0.018276574090123177 0.03537062183022499
v 0.12379515171051025 0.0073994230479002 0.05314408987760544
v 0.14375987648963928 0.008220182731747627 0.0639260932803154
v 0.15883152186870575 0.012849895283579826 0.0691262036561966
v 0.12086798250675201 0.024187570437788963 0.0016599921509623528
v 0.09608691930770874 0.07665833830833435 -0.016653256490826607
v 0.10803604871034622 0.06517885625362396 0.012784350663423538
v 0.1183139830827713 0.05112697184085846 0.020845606923103333
v 0.1088934987783432 0.06229697912931442 0.012081473134458065
v 0.089808888733387 0.07744018733501434 -0.024902768433094025
v 0.0828152447938919 0.08348864316940308 -0.034166913479566574
v 0.07853394001722336 0.09492041170597076 -0.0483914352953434
v 0.07457219064235687 0.10301527380943298 -0.05886225029826164
v 0.05736374482512474 0.10442517697811127 -0.08449769765138626
v 0.05544692650437355 0.09795841574668884 -0.08923856914043427
v 0.07939134538173676 0.07428279519081116 -0.054050855338573456
v 0.06875721365213394 0.07913863658905029 -0.06748822331428528
v 0.0850776955485344 0.06828506290912628 -0.04772704094648361
v 0.060359932482242584 0.08244329690933228 -0.08060839772224426
v 0.05425029993057251 0.08749362826347351 -0.09142626821994781
v 0.5615167617797852 0.1841074377298355 0.21060338616371155
v 0.5597330927848816 0.1858052760362625 0.19897088408470154
v 0.5653455853462219 0.18353991210460663 0.18147605657577515
v 0.5647609233856201 0.1862037479877472 0.1884252429008484
v 0.06461605429649353 0.009406143799424171 0.13483867049217224
v 0.05881881341338158 -0.002919219434261322 0.12501659989356995
v 0.05921532213687897 0.002850424498319626 0.11948789656162262
v 0.07079414278268814 0.01467311754822731 0.13803566992282867
v 0.06395439058542252 0.0187180507928133 0.10982809960842133
v 0.055147845298051834 0.022935401648283005 0.0891173928976059
v 0.04590945690870285 0.029415912926197052 0.0730431079864502
v 0.0478627011179924 0.029846210032701492 0.0682695135474205
v 0.04009385406970978 0.031938888132572174 0.07015600800514221
v 0.03806906193494797 0.03303993493318558 0.06869158148765564
v 0.03646503761410713 0.029203061014413834 0.05468199774622917
v 0.039184294641017914 0.029576659202575684 0.04701743274927139
v 0.06506719440221786 0.026862680912017822 0.04055485129356384
v 0.043424613773822784 0.029980141669511795 0.03732025623321533
v 0.058844711631536484 0.02744961529970169 0.02908019721508026
v 0.0612185001373291 0.02180912345647812 0.022409988567233086
v 0.0968305766582489 0.00729057751595974 0.03708430752158165
v 0.13243308663368225 -0.0036367159336805344 0.059378206729888916
v 0.1486624777317047 -0.00019576586782932281 0.06713411211967468
v 0.11206889152526855 0.05126454308629036 0.0019573308527469635
v 0.09954129904508591 0.06916055083274841 -0.009705009870231152
v 0.10269708931446075 0.06308772414922714 -0.005339283496141434
v 0.10905293375253677 0.05941346287727356 0.004681462422013283
v 0.0949479267001152 0.07074742764234543 -0.017857395112514496
v 0.0871419832110405 0.07520962506532669 -0.02674797922372818
v 0.07887214422225952 0.08482962846755981 -0.036752376705408096
v 0.06356300413608551 0.09614250063896179 -0.0502103790640831
v 0.06395913660526276 0.10516390204429626 -0.05967508628964424
v 0.06280115991830826 0.10929729044437408 -0.07013485580682755
v 0.05057923495769501 0.10447950661182404 -0.08389371633529663
v 0.05151247978210449 0.09478209912776947 -0.08845077455043793
v 0.07463544607162476 0.0757656842470169 -0.05519699305295944
v 0.06633555144071579 0.07928348332643509 -0.06773462891578674
v 0.0817970260977745 0.07178182899951935 -0.0464288666844368
v 0.09027136862277985 0.06370619684457779 -0.04243706911802292
v 0.09851227700710297 0.05141498148441315 -0.044325437396764755
v 0.0573439821600914 0.07961738109588623 -0.08159356564283371
v 0.05246516317129135 0.08858692646026611 -0.08752170205116272
v 0.5596262216567993 0.17787984013557434 0.1931348741054535
v 0.5600746273994446 0.1808527559041977 0.19463059306144714
v 0.5710887908935547 0.1720680594444275 0.1683903932571411
v 0.575114905834198 0.18075907230377197 0.17269855737686157
v 0.060382816940546036 0.007518470287322998 0.12180322408676147
v 0.06411850452423096 0.013698175549507141 0.12250728905200958
v 0.05519169569015503 0.01835954561829567 0.09606999158859253
v 0.04596155881881714 0.023777317255735397 0.07955647259950638
v 0.03284747526049614 0.030239634215831757 0.07073283195495605
v 0.036629341542720795 0.030980050563812256 0.0627448707818985
v 0.027936797589063644 0.035102590918540955 0.06738100945949554
v 0.025173500180244446 0.03544297441840172 0.06046842038631439
v 0.022995129227638245 0.03212127834558487 0.04707474261522293
v 0.019932184368371964 0.034835971891880035 0.03430836647748947
v 0.0462595596909523 0.030741147696971893 0.028730735182762146
v 0.03056439571082592 0.033773183822631836 0.026998396962881088
v 0.04401016607880592 0.029038041830062866 0.017785392701625824
v 0.03666596859693527 0.023946594446897507 0.006031785160303116
v 0.07224360853433609 0.007394904270768166 0.02291812002658844
v 0.11056201905012131 -0.0056867459788918495 0.04377490282058716
v 0.11252867430448532 0.02435312420129776 -0.018191449344158173
v 0.10591766238212585 0.06660955399274826 0.000932927243411541
v 0.0990048348903656 0.06822602450847626 -0.015845835208892822
v 0.10426294058561325 0.0680241659283638 0.0008827550336718559
v 0.10547532141208649 0.05046205222606659 -0.020238075405359268
v 0.09235523641109467 0.06999071687459946 -0.022397644817829132
v 0.08273112773895264 0.07419386506080627 -0.03108205273747444
v 0.06538691371679306 0.0942128598690033 -0.05246157571673393
v 0.05762093886733055 0.10084471106529236 -0.06882486492395401
v 0.05051753669977188 0.11123818904161453 -0.07067403942346573
v 0.05024513602256775 0.10735304653644562 -0.08076419681310654
v 0.04913719370961189 0.10553088039159775 -0.07753291726112366
v 0.049657221883535385 0.09870609641075134 -0.08258234709501266
v 0.061508409678936005 0.07749824970960617 -0.0731210857629776
v 0.07449468225240707 0.07526461780071259 -0.05578101426362991
v 0.08378973603248596 0.07077214121818542 -0.04360635578632355
v 0.09843757748603821 0.06311766058206558 -0.021763667464256287
v 0.0916966050863266 0.0688851997256279 -0.027971532195806503
v 0.05460190027952194 0.08269060403108597 -0.08466476202011108
v 0.0513620600104332 0.09231153130531311 -0.0842427983880043
v 0.5753230452537537 0.17224620282649994 0.15668071806430817
v 0.5645553469657898 0.1735418736934662 0.17346309125423431
v 0.5844324231147766 0.17705285549163818 0.14703041315078735
v 0.5909469723701477 0.1959640234708786 0.1405806988477707
v 0.053544364869594574 -0.003031625412404537 0.10856058448553085
v 0.05705101788043976 0.012006981298327446 0.10685313493013382
v 0.046906016767024994 0.018325354903936386 0.08472706377506256
v 0.0368456169962883 0.02504650130867958 0.07503486424684525
v 0.02123323641717434 0.03365761786699295 0.06875162571668625
v 0.022931788116693497 0.03313509374856949 0.05532534420490265
v 0.012814385816454887 0.03932797163724899 0.06189064681529999
v 0.005335420835763216 0.037906453013420105 0.05446111410856247
v -0.004866708070039749 0.03953959047794342 0.02616363763809204
v 0.00331319123506546 0.03622167184948921 0.04106160253286362
v 0.02992178313434124 0.03442288935184479 0.01726793311536312
v 0.00876675732433796 0.039701201021671295 0.017704127356410027
v 0.02483985386788845 0.032196320593357086 0.005334500689059496
v 0.01866464875638485 0.026467537507414818 -0.005262624938040972
v 0.046086836606264114 0.011745685711503029 0.007408478297293186
v 0.08360345661640167 -0.0052732136100530624 0.023921258747577667
v 0.10160689800977707 0.06839711219072342 -0.013250458054244518
v 0.09623010456562042 0.06970245391130447 -0.020841248333454132
v 0.10030504316091537 0.06795953959226608 -0.012927240692079067
v 0.08968096971511841 0.0693042054772377 -0.02593843638896942
v 0.07200881838798523 0.08204059302806854 -0.0421958826482296
v 0.05453583225607872 0.10426632314920425 -0.06939248740673065
v 0.05725822597742081 0.0984513983130455 -0.06774979829788208
v 0.05217427760362625 0.10289540141820908 -0.06563924252986908
v 0.057373449206352234 0.09837941825389862 -0.0558038130402565
v 0.049666039645671844 0.1077888160943985 -0.07932273298501968
v 0.04889628663659096 0.11058932542800903 -0.07605365663766861
v 0.05175797641277313 0.10774713009595871 -0.07224977761507034
v 0.05146929994225502 0.10216453671455383 -0.07496576011180878
v 0.05860806256532669 0.07905177772045135 -0.07828478515148163
v 0.06728877127170563 0.07669752836227417 -0.06634704768657684
v 0.0794944316148758 0.07111117243766785 -0.04905563220381737
v 0.08593165874481201 0.07152873277664185 -0.03640775755047798
v 0.052683357149362564 0.08626213669776917 -0.08183960616588593
v 0.051872722804546356 0.09258702397346497 -0.0778636634349823
v 0.5778109431266785 0.16736967861652374 0.13020141422748566
v 0.575080394744873 0.1349172443151474 0.15068641304969788
v 0.5905709266662598 0.16930358111858368 0.10657919943332672
v 0.5957335829734802 0.1764615774154663 0.12166458368301392
v 0.04653855785727501 -0.0005064196884632111 0.09546241164207458
v 0.05167192965745926 0.005866609513759613 0.10390579700469971
v 0.046747833490371704 0.011907296255230904 0.09107490628957748
v 0.03960683196783066 0.020752443000674248 0.0779237300157547
v 0.027485515922307968 0.027063854038715363 0.07351456582546234
v 0.007233710959553719 0.03835482895374298 0.06820306181907654
v 0.00955420732498169 0.03544493019580841 0.05033210664987564
v -0.0028763399459421635 0.04287601634860039 0.05728017911314964
v -0.011510469019412994 0.04222754389047623 0.05384787172079086
v -0.018281403928995132 0.04026087000966072 0.03520785644650459
v -0.022210372611880302 0.04290331155061722 0.021365845575928688
v 0.012865636497735977 0.03598003834486008 0.005900002084672451
v -0.018290048465132713 0.04308788478374481 0.012232455424964428
v 0.006562294438481331 0.0339733362197876 -0.006092621944844723
v 0.004447411745786667 0.02555880881845951 -0.015879686921834946
v 0.021678972989320755 0.015728484839200974 -0.008216212503612041
v 0.0578618124127388 -0.004637783393263817 0.00598563626408577
v 0.09610193222761154 0.06960578262805939 -0.021194491535425186
v 0.09230931103229523 0.06990654021501541 -0.026191862300038338
v 0.07952207326889038 0.07357075810432434 -0.035780470818281174
v 0.06097054108977318 0.08889037370681763 -0.05918125808238983
v 0.05224581062793732 0.11455852538347244 -0.062245797365903854
v 0.05426858738064766 0.10417763888835907 -0.07100850343704224
v 0.05152086168527603 0.11219759285449982 -0.0660109668970108
v 0.0627610981464386 0.12087777256965637 -0.039668045938014984
v 0.07303444296121597 0.11663733422756195 -0.041525810956954956
v 0.058427758514881134 0.11453837901353836 -0.07163535058498383
v 0.055009979754686356 0.1157337948679924 -0.0767904594540596
v 0.0511559396982193 0.11775200814008713 -0.0742945745587349
v 0.04960370808839798 0.11145392060279846 -0.07114947587251663
v 0.054233118891716 0.09595862776041031 -0.07099977135658264
v 0.05664763227105141 0.08031624555587769 -0.07681000232696533
v 0.06282231956720352 0.07552661001682281 -0.06999769806861877
v 0.07108667492866516 0.07411274313926697 -0.06014927476644516
v 0.08326718956232071 0.07126235216856003 -0.03779352456331253
v 0.05612291395664215 0.082781121134758 -0.07509534806013107
v 0.056947123259305954 0.08505012094974518 -0.0691709965467453
v 0.5483688116073608 0.16441336274147034 0.10621950775384903
v 0.5838620662689209 0.15840311348438263 0.11873610317707062
v 0.5995118618011475 0.14856666326522827 0.0789279043674469
v 0.6013838052749634 0.16265735030174255 0.09577905386686325
v 0.035469524562358856 0.0044868104159832 0.08707655221223831
v 0.04416009783744812 0.006700541824102402 0.0912601500749588
v 0.03916432708501816 0.015824032947421074 0.08133222162723541
v 0.03179536387324333 0.02095644548535347 0.07729930430650711
v 0.014675367623567581 0.03242203965783119 0.07099279016256332
v -0.005890125408768654 0.043996840715408325 0.06431747227907181
v -0.01066000759601593 0.03866180032491684 0.048648811876773834
v -0.020055027678608894 0.04804939776659012 0.05784249305725098
v -0.023700933903455734 0.04577460139989853 0.050973016768693924
v -0.03765483945608139 0.047452665865421295 0.024833479896187782
v -0.03823649510741234 0.04541170597076416 0.008801710791885853
v -0.009909356012940407 0.04073895514011383 -0.0017011146992444992
v -0.037500008940696716 0.04287976399064064 -0.0053551532328128815
v -0.013993494212627411 0.03401588648557663 -0.01884995773434639
v -0.016331594437360764 0.021775830537080765 -0.0274704247713089
v 0.005376849323511124 0.012527978047728539 -0.020497918128967285
v 0.027171263471245766 0.00340903177857399 -0.009186914190649986
v 0.0872742310166359 0.0695333406329155 -0.030757926404476166
v 0.07728904485702515 0.07297573238611221 -0.04223908483982086
v 0.06688591837882996 0.07922965288162231 -0.05194036290049553
v 0.04887034371495247 0.12413173913955688 -0.062275923788547516
v 0.05253991857171059 0.13045091927051544 -0.05091967061161995
v 0.08513318002223969 0.13836920261383057 -0.02956377901136875
v 0.07454922795295715 0.1447942703962326 -0.03242437168955803
v 0.06966130435466766 0.11490356922149658 -0.04848995804786682
v 0.06753642857074738 0.12271349132061005 -0.06891405582427979
v 0.05847598612308502 0.12776826322078705 -0.07190560549497604
v 0.05027288198471069 0.12098630517721176 -0.07202532887458801
v 0.06049902364611626 0.07819510251283646 -0.07028713077306747
v 0.06655807048082352 0.07466636598110199 -0.06247236579656601
v 0.0742918998003006 0.07278648763895035 -0.0528988279402256
v 0.06190549209713936 0.07831313461065292 -0.06603517383337021
v 0.5794389843940735 0.15555492043495178 0.0793221965432167
v 0.6033768653869629 0.15601135790348053 0.09892474114894867
v 0.6162135004997253 0.1473587453365326 0.0770656168460846
v 0.6113858222961426 0.13471141457557678 0.07189513742923737
v 0.025220703333616257 0.0015427777543663979 0.0908018946647644
v 0.03846510127186775 0.011548882350325584 0.08314186334609985
v 0.028706172481179237 0.015097158029675484 0.08206269890069962
v 0.021321220323443413 0.021753495559096336 0.0812806487083435
v -0.004476979374885559 0.04161778837442398 0.07328823953866959
v -0.02089839056134224 0.04901852458715439 0.06653261184692383
v -0.03331722691655159 0.04711674526333809 0.04096152260899544
v -0.03931539133191109 0.055167216807603836 0.060481466352939606
v -0.04088350012898445 0.05561826378107071 0.049105286598205566
v -0.05407644808292389 0.05400430038571358 0.007909353822469711
v -0.033285245299339294 0.06063230708241463 -0.013474836014211178
v -0.03568119928240776 0.037741344422101974 -0.01901497319340706
v -0.028205428272485733 0.057662200182676315 -0.022310344502329826
v -0.04158191382884979 0.01219391729682684 -0.038629885762929916
v -0.03663797676563263 0.02667960524559021 -0.03079995885491371
v -0.018558455631136894 0.007827136665582657 -0.03287065029144287
v 0.003841850906610489 -0.001864321529865265 -0.025341041386127472
v 0.06903736293315887 0.07407528162002563 -0.054793622344732285
v 0.05411510914564133 0.14186692237854004 -0.0562916062772274
v 0.06110742688179016 0.1459534913301468 -0.04350030794739723
v 0.08798990398645401 0.1314375102519989 -0.038560908287763596
v 0.0914098247885704 0.15912190079689026 -0.024804875254631042
v 0.10796717554330826 0.15786871314048767 -0.022553257644176483
v 0.08980081975460052 0.13435223698616028 -0.05068930238485336
v 0.07919224351644516 0.14348775148391724 -0.06679996103048325
v 0.0530242994427681 0.13644778728485107 -0.06587096303701401
v 0.05245469510555267 0.1285809725522995 -0.06945889443159103
v 0.5913522839546204 0.1296517252922058 0.0573662705719471
v 0.6005138754844666 0.1471501588821411 0.058949943631887436
v 0.010896939784288406 0.0074686044827103615 0.09675772488117218
v 0.030126530677080154 0.00870760902762413 0.08400453627109528
v 0.023894578218460083 0.018760960549116135 0.08583161234855652
v 0.0044406987726688385 0.03034178726375103 0.08276446163654327
v -0.02208804525434971 0.049144238233566284 0.07507118582725525
v -0.03726736083626747 0.05411427468061447 0.07083649933338165
v -0.0524112805724144 0.05607328936457634 0.035924725234508514
v -0.05551549792289734 0.06267489492893219 0.05174872651696205
v -0.06491243839263916 0.06375691294670105 0.039071641862392426
v -0.05277920514345169 0.054031819105148315 0.02420021779835224
v -0.02817654237151146 0.06559867411851883 -0.03260314464569092
v -0.03288803622126579 0.0717766135931015 -0.012523584067821503
v -0.031467266380786896 0.04738793894648552 -0.028070364147424698
v -0.0205850750207901 0.06288570165634155 -0.03327280282974243
v -0.039896875619888306 0.005538925528526306 -0.03915036842226982
v -0.05204862728714943 0.025535376742482185 -0.03844376653432846
v -0.06139657646417618 0.010999035090208054 -0.04692475497722626
v -0.014565354213118553 -0.006494681350886822 -0.03396647423505783
v 0.0635296180844307 0.15872907638549805 -0.052527423948049545
v 0.07953591644763947 0.16465109586715698 -0.032596319913864136
v 0.11003446578979492 0.17098763585090637 -0.020232118666172028
v 0.1267787516117096 0.17395350337028503 -0.018959876149892807
v 0.09279941767454147 0.16924801468849182 -0.06377865374088287
v 0.10877692699432373 0.15854376554489136 -0.05231727287173271
v 0.06432768702507019 0.15241077542304993 -0.068763867020607
v 0.06035808473825455 0.1536361575126648 -0.060469333082437515
v 0.5968461632728577 0.103727325797081 0.054794229567050934
v 0.5961588621139526 0.12600091099739075 0.03386560082435608
v 0.6562841534614563 0.14859648048877716 0.07784681022167206
v 0.6131976246833801 0.14444397389888763 0.04707382619380951
v 0.02152290567755699 0.011330578476190567 0.08927614986896515
v -0.010619373992085457 0.010352065786719322 0.10788126289844513
v 0.00924495980143547 0.02452080510556698 0.0934080183506012
v 0.012142371386289597 0.024040881544351578 0.08971448242664337
v -0.013102039694786072 0.04477814584970474 0.08489486575126648
v -0.033034466207027435 0.05151376500725746 0.0829889178276062
v -0.05273717641830444 0.059464894235134125 0.0797567218542099
v -0.055618926882743835 0.06245278939604759 0.0638115406036377
v -0.0682675689458847 0.062427960336208344 0.025002410635352135
v -0.07815314829349518 0.0725056380033493 0.04630166292190552
v -0.08303707838058472 0.07172608375549316 0.025966206565499306
v -0.07456980645656586 0.05848986655473709 0.010453429073095322
v -0.03516973555088043 0.07034727185964584 -0.03764628618955612
v -0.03421744331717491 0.07114642858505249 -0.02628292888402939
v -0.018743276596069336 0.05679011717438698 -0.03296903893351555
v -0.02811335027217865 0.06477151811122894 -0.040134407579898834
v -0.061355337500572205 0.002943318337202072 -0.04798639938235283
v -0.036310434341430664 -0.0013449322432279587 -0.03796859458088875
v -0.020957637578248978 0.049420297145843506 -0.032351575791835785
v -0.041007500141859055 0.032831232994794846 -0.03470498323440552
v 0.0724058449268341 0.1674789935350418 -0.044660646468400955
v 0.09978209435939789 0.1762700378894806 -0.023486832156777382
v 0.10831298679113388 0.14794689416885376 -0.03779037296772003
v 0.12547555565834045 0.16508783400058746 -0.026769638061523438
v 0.10204407572746277 0.14714495837688446 -0.028537258505821228
v 0.08608220517635345 0.17876118421554565 -0.06060751527547836
v 0.12662027776241302 0.17674626410007477 -0.043510787189006805
v 0.11815918982028961 0.1820620894432068 -0.052836909890174866
v 0.07338513433933258 0.1741217076778412 -0.05665365234017372
v 0.5940088033676147 0.1195119172334671 0.05628331005573273
v 0.5841860771179199 0.1216820627450943 0.038212765008211136
v 0.6068657636642456 0.15206974744796753 0.02798175811767578
v 0.6113919615745544 0.1356225609779358 0.04736148566007614
v 0.0030206257943063974 0.01579163782298565 0.09824057668447495
v -0.036705054342746735 0.012345433235168457 0.1257532238960266
v -0.0094536654651165 0.03710488975048065 0.10069454461336136
v -0.004288766533136368 0.03578472137451172 0.09286720305681229
v -0.025583472102880478 0.04743187874555588 0.09240283071994781
v -0.04476097226142883 0.05700579658150673 0.08986591547727585
v -0.07107602059841156 0.06664975732564926 0.0830310508608818
v -0.07652298361063004 0.07096893340349197 0.06512512266635895
v -0.08640846610069275 0.06626161932945251 0.014228090643882751
v -0.10382978618144989 0.07978599518537521 0.025837618857622147
v -0.10189960896968842 0.08137492835521698 0.04621068388223648
v -0.050955116748809814 0.07825435698032379 -0.0017835414037108421
v -0.03458552807569504 0.06883431226015091 -0.0453169047832489
v -0.02765398845076561 0.06549122184515 -0.0475059375166893
v -0.07691208273172379 0.006615016609430313 -0.05476882681250572
v -0.05308720842003822 -0.0023301560431718826 -0.04365641623735428
v -0.013513410463929176 0.050885118544101715 -0.036506056785583496
v -0.01794680766761303 0.04036729782819748 -0.03591204062104225
v 0.08986908942461014 0.18530838191509247 -0.03779919818043709
v 0.11466090381145477 0.19149062037467957 -0.02392689138650894
v 0.1218147799372673 0.18130962550640106 -0.016981231048703194
v 0.12732656300067902 0.16954857110977173 -0.03634485974907875
v 0.13587936758995056 0.17949269711971283 -0.016401952132582664
v 0.1383555382490158 0.17539016902446747 -0.02136532962322235
v 0.10773099958896637 0.18922913074493408 -0.055796585977077484
v 0.13697069883346558 0.1804286539554596 -0.03357158228754997
v 0.1314188688993454 0.18595358729362488 -0.04205462709069252
v 0.09773214161396027 0.19108055531978607 -0.05130786821246147
v 0.6021534204483032 0.11648018658161163 0.03745603561401367
v 0.5976431369781494 0.1152113676071167 0.036443840712308884
v 0.6065053939819336 0.13022254407405853 0.03192347660660744
v 0.6063874363899231 0.12365669012069702 0.0361868180334568
v -0.02374332770705223 0.026497280225157738 0.11780228465795517
v -0.059374064207077026 0.020646464079618454 0.1305142194032669
v -0.026946086436510086 0.045777712017297745 0.10994953662157059
v -0.022098951041698456 0.045668575912714005 0.1001724824309349
v -0.035945065319538116 0.053237415850162506 0.09853138774633408
v -0.06710456311702728 0.06638502329587936 0.09045621752738953
v -0.09417596459388733 0.07444193214178085 0.07678230106830597
v -0.10007916390895844 0.07894913107156754 0.06390614807605743
v -0.10433601588010788 0.07114262878894806 0.006110055837780237
v -0.12685498595237732 0.08625459671020508 0.04327034950256348
v -0.12644581496715546 0.08501623570919037 0.024095239117741585
v -0.06639863550662994 0.07328721880912781 -0.015387148596346378
v -0.04657178372144699 0.07298463582992554 -0.031143199652433395
v -0.01707722805440426 0.055509306490421295 -0.04020276665687561
v -0.04288792237639427 0.07098274677991867 -0.04469846189022064
v -0.03345159441232681 0.06917285919189453 -0.052866823971271515
v -0.026569504290819168 0.06690268218517303 -0.06097421050071716
v -0.022400066256523132 0.06245987117290497 -0.0407196544110775
v -0.020025767385959625 0.05892879515886307 -0.05021364241838455
v -0.07717297226190567 0.0032557835802435875 -0.05054907128214836
v -0.046241555362939835 0.025173021480441093 -0.04127894714474678
v -0.011965171433985233 0.040754351764917374 -0.04793328419327736
v -0.013815376907587051 0.031364694237709045 -0.040923621505498886
v 0.11490359902381897 0.19815552234649658 -0.0368560254573822
v 0.13177604973316193 0.19724293053150177 -0.019090982154011726
v 0.13261650502681732 0.18746212124824524 -0.01611263118684292
v 0.13974934816360474 0.1765948385000229 -0.028315434232354164
v 0.14423784613609314 0.18108662962913513 -0.01394524797797203
v 0.14802420139312744 0.1774546205997467 -0.016873305663466454
v 0.12593142688274384 0.1941310167312622 -0.04694336652755737
v 0.1199374720454216 0.19844524562358856 -0.045849401503801346
v 0.6171206831932068 0.11578921973705292 0.030357681214809418
v 0.6089168190956116 0.10371549427509308 0.03048066422343254
v 0.6234028935432434 0.13341930508613586 0.017949478700757027
v 0.6123822927474976 0.11484146118164062 0.024919817224144936
v -0.04850985109806061 0.032771505415439606 0.12886473536491394
v -0.07378072291612625 0.017762605100870132 0.1326175183057785
v -0.013162657618522644 0.03225315362215042 0.10849720239639282
v -0.04069427400827408 0.0435967743396759 0.12302806973457336
v -0.047713011503219604 0.05628176033496857 0.11524741351604462
v -0.03924195468425751 0.05537279695272446 0.10528619587421417
v -0.04977117478847504 0.06181500107049942 0.10006671398878098
v -0.08642426133155823 0.07162356376647949 0.0882052332162857
v -0.12009891867637634 0.08312616497278214 0.06406810134649277
v -0.11923976987600327 0.08593770861625671 0.05688527598977089
v -0.12229068577289581 0.07815942168235779 0.004015607293695211
v -0.14323492348194122 0.08785278350114822 0.03508320450782776
v -0.14784669876098633 0.08450332283973694 0.02215690352022648
v -0.08648274093866348 0.07476360350847244 -0.011287294328212738
v -0.07692589610815048 0.06841352581977844 -0.022278722375631332
v -0.013559822924435139 0.047910045832395554 -0.04955841600894928
v -0.05906802788376808 0.07067141681909561 -0.03962955251336098
v -0.04126060754060745 0.07101744413375854 -0.052927546203136444
v -0.035717837512493134 0.07373051345348358 -0.06420528888702393
v -0.02846960350871086 0.07532255351543427 -0.07659988105297089
v -0.02018333040177822 0.05938424915075302 -0.06764267385005951
v -0.07443954795598984 0.009480955079197884 -0.05688823014497757
v -0.03259699419140816 0.023553747683763504 -0.04095869138836861
v -0.012725986540317535 0.026586033403873444 -0.06278696656227112
v -0.016325294971466064 0.020263638347387314 -0.05551619455218315
v 0.13093121349811554 0.1997547149658203 -0.03117353841662407
v 0.1419660747051239 0.18848916888237 -0.015029889531433582
v 0.14419881999492645 0.1927311271429062 -0.015168817713856697
v 0.14727047085762024 0.17881476879119873 -0.022027071565389633
v 0.1450580209493637 0.18184936046600342 -0.027140257880091667
v 0.15400242805480957 0.18393154442310333 -0.016499901190400124
v 0.1572856903076172 0.1786496639251709 -0.017570659518241882
v 0.14189520478248596 0.18706923723220825 -0.033032745122909546
v 0.13542906939983368 0.1919102668762207 -0.037716615945100784
v 0.13400010764598846 0.1973450630903244 -0.03712272644042969
v 0.6358503103256226 0.09980854392051697 0.024186240509152412
v 0.6377544403076172 0.13132332265377045 0.016388103365898132
v 0.6232484579086304 0.12418736517429352 0.0010304637253284454
v 0.617624044418335 0.08357557654380798 0.006112308707088232
v -0.06892185658216476 0.03513330966234207 0.13251061737537384
v -0.08363862335681915 0.0 0.13327240943908691
v -0.05868745222687721 0.049905046820640564 0.12116584926843643
v -0.06749152392148972 0.06784462183713913 0.11631764471530914
v -0.056666597723960876 0.06470341235399246 0.10832802951335907
v -0.07114535570144653 0.06852209568023682 0.09850578010082245
v -0.11192019283771515 0.07805196940898895 0.07452443987131119
v -0.13670022785663605 0.08307754993438721 0.056186169385910034
v -0.13732010126113892 0.087655209004879 0.0473671555519104
v -0.14170555770397186 0.067686066031456 -0.013408927246928215
v -0.14472495019435883 0.07861597090959549 0.005743393674492836
v -0.15580998361110687 0.08633216470479965 0.02871057018637657
v -0.16329166293144226 0.08064626157283783 0.014166401699185371
v -0.10321599245071411 0.0649779662489891 -0.01718985289335251
v -0.0838148444890976 0.06233186647295952 -0.030204635113477707
v -0.012440316379070282 0.035385891795158386 -0.07002896815538406
v -0.052559711039066315 0.07245605438947678 -0.06237277388572693
v -0.06509650498628616 0.0646257996559143 -0.038151729851961136
v -0.02884203940629959 0.08020372688770294 -0.08966989815235138
v -0.034605205059051514 0.08025962859392166 -0.07554037868976593
v -0.02348029986023903 0.06676673889160156 -0.07811978459358215
v -0.014889296144247055 0.04861091822385788 -0.06794585287570953
v -0.052785784006118774 0.01603999361395836 -0.04992545396089554
v -0.025176968425512314 0.01743944175541401 -0.04286165535449982
v -0.021225551143288612 0.01097310334444046 -0.05890203267335892
v -0.01808903180062771 0.014224337413907051 -0.07316770404577255
v 0.14178971946239471 0.19949971139431 -0.01816757395863533
v 0.15318076312541962 0.188546285033226 -0.017238222062587738
v 0.1539398729801178 0.18693508207798004 -0.016595307737588882
v 0.1468643695116043 0.18353991210460663 -0.02088388055562973
v 0.14963890612125397 0.18122057616710663 -0.01717686466872692
v 0.1636027991771698 0.18183046579360962 -0.021225187927484512
v 0.1678141951560974 0.18630440533161163 -0.024141933768987656
v 0.14434057474136353 0.19540157914161682 -0.029292400926351547
v 0.14528672397136688 0.1877027153968811 -0.027154289186000824
v 0.13993999361991882 0.19964148104190826 -0.02474481239914894
v 0.6539146304130554 0.10030077397823334 0.03963734209537506
v 0.6615544557571411 0.13215632736682892 0.02260979264974594
v 0.6168916821479797 0.07131974399089813 -0.000982140190899372
v 0.626023530960083 0.11703039705753326 -0.00835441891103983
v -0.07897014915943146 0.02905406802892685 0.13211366534233093
v -0.07172524183988571 0.057926278561353683 0.1212957501411438
v -0.07869590818881989 0.0720372274518013 0.11027751863002777
v -0.07488608360290527 0.07209579646587372 0.10565167665481567
v -0.09190456569194794 0.07155106961727142 0.08964546024799347
v -0.13631774485111237 0.07310424000024796 0.06043299287557602
v -0.16536574065685272 0.07144619524478912 -0.00532630505040288
v -0.14601020514965057 0.062423549592494965 -0.019025741145014763
v -0.14906233549118042 0.08603939414024353 0.04098755493760109
v -0.18173128366470337 0.06845483183860779 -0.00707587506622076
v -0.17320936918258667 0.07862107455730438 0.008786923252046108
v -0.11282570660114288 0.06082909181714058 -0.027983978390693665
v -0.09190146625041962 0.059660620987415314 -0.03963780030608177
v -0.013392401859164238 0.023139527067542076 -0.08673892915248871
v -0.05638651177287102 0.06384982913732529 -0.06918192654848099
v -0.04962010681629181 0.07503913342952728 -0.07335495948791504
v -0.04995404928922653 0.07418864965438843 -0.08090116828680038
v -0.026139453053474426 0.07022878527641296 -0.09423480182886124
v -0.0707441121339798 0.007083766162395477 -0.06150887906551361
v -0.05121570825576782 0.008598756045103073 -0.05768455192446709
v -0.02325611375272274 0.010097865015268326 -0.04510452598333359
v -0.02368718385696411 0.007552098482847214 -0.0734720379114151
v -0.025911327451467514 0.009424600750207901 -0.08989252150058746
v 0.15043878555297852 0.19358156621456146 -0.012925291433930397
v 0.1609407663345337 0.18404468894004822 -0.020364636555314064
v 0.15919114649295807 0.18790605664253235 -0.017526589334011078
v 0.1487240046262741 0.1935170590877533 -0.023813223466277122
v 0.15660472214221954 0.18906499445438385 -0.017924726009368896
v 0.15036636590957642 0.19062843918800354 -0.016773995012044907
v 0.1648087352514267 0.1822720319032669 -0.020027419552206993
v 0.17042526602745056 0.18844249844551086 -0.032335199415683746
v 0.17245104908943176 0.18172618746757507 -0.028584428131580353
v 0.14692944288253784 0.19854798913002014 -0.02093156799674034
v 0.14534403383731842 0.1982213258743286 -0.014873377047479153
v 0.6968684196472168 0.11559969186782837 0.08873958885669708
v 0.6681106090545654 0.14095646142959595 0.0484028123319149
v 0.6252585053443909 0.13571444153785706 -0.0031557632610201836
v 0.6455075740814209 0.0963500589132309 0.03313961997628212
v -0.08508700877428055 0.03132330998778343 0.11647714674472809
v -0.0802755057811737 0.04860031604766846 0.12697654962539673
v -0.07740193605422974 0.06625988334417343 0.11232852935791016
v -0.08240232616662979 0.06675110012292862 0.10120856761932373
v -0.08626095205545425 0.06800961494445801 0.09876513481140137
v -0.12462852895259857 0.06120828911662102 0.07007045298814774
v -0.14497990906238556 0.0616699680685997 0.053883928805589676
v -0.15389738976955414 0.07515963166952133 0.04482414573431015
v -0.1640993356704712 0.08209498226642609 0.027042923495173454
v -0.15245111286640167 0.06329770386219025 -0.01308470219373703
v -0.12614551186561584 0.06416276842355728 -0.02621544525027275
v -0.11038514971733093 0.060127388685941696 -0.03372631222009659
v -0.09057208895683289 0.060943279415369034 -0.04562109708786011
v -0.025505870580673218 0.02101440168917179 -0.1012197956442833
v -0.014418731443583965 0.039932578802108765 -0.08802856504917145
v -0.057975634932518005 0.06722213327884674 -0.09346234053373337
v -0.06538365036249161 0.05773862823843956 -0.04485892131924629
v -0.022733956575393677 0.05608036369085312 -0.10498357564210892
v -0.01924113929271698 0.0566641241312027 -0.0852854996919632
v -0.03710192069411278 0.0862160176038742 -0.09885334968566895
v -0.031410954892635345 0.0784657746553421 -0.106482595205307
v -0.04508098214864731 0.07714918255805969 -0.07284881174564362
v -0.04282845929265022 0.08445487171411514 -0.08511106669902802
v -0.06397821754217148 0.003480861196294427 -0.0690375491976738
v -0.03687324374914169 0.003277304582297802 -0.056278809905052185
v -0.024526331573724747 0.006082742474973202 -0.04782642424106598
v -0.027416717261075974 0.0060243746265769005 -0.06476718932390213
v -0.02898307889699936 0.007367011159658432 -0.08059222996234894
v -0.03538364917039871 0.011005731299519539 -0.09058378636837006
v 0.15639585256576538 0.19005706906318665 -0.012460164725780487
v 0.16214606165885925 0.18666601181030273 -0.014183808118104935
v 0.16447725892066956 0.18257559835910797 -0.02252538688480854
v 0.14706046879291534 0.19763611257076263 -0.017289742827415466
v 0.15232336521148682 0.19558042287826538 -0.021045751869678497
v 0.1630651354789734 0.19397519528865814 -0.026670923456549644
v 0.16952723264694214 0.18079841136932373 -0.026648372411727905
v 0.1752774715423584 0.18285781145095825 -0.03392123430967331
v 0.17411330342292786 0.18763160705566406 -0.034387215971946716
v 0.14678117632865906 0.19720913469791412 -0.01305004395544529
v 0.15102674067020416 0.1963295042514801 -0.010034344159066677
v 0.6763426065444946 0.1494845300912857 0.04865535348653793
v 0.6922956705093384 0.12163250148296356 0.044483281672000885
v 0.6611314415931702 0.12192536890506744 0.028153959661722183
v 0.6720096468925476 0.09246614575386047 0.04135186970233917
v -0.09524433314800262 0.023888347670435905 0.07370234280824661
v -0.08287309110164642 0.05435917526483536 0.11571034044027328
v -0.080217644572258 0.060427747666835785 0.11475087702274323
v -0.08182400465011597 0.0688173845410347 0.10672406852245331
v -0.07250861078500748 0.0726732462644577 0.11348828673362732
v -0.07015395909547806 0.06631757318973541 0.11525610089302063
v -0.09325940161943436 0.0493086501955986 0.08310158550739288
v -0.10293751209974289 0.05639196187257767 0.08483710139989853
v -0.1437167376279831 0.038121238350868225 0.04970309138298035
v -0.158405601978302 0.05102641135454178 0.04020800068974495
v -0.1667293906211853 0.06813765317201614 0.026064490899443626
v -0.1734827309846878 0.07502423971891403 0.009450729005038738
v -0.1824076622724533 0.07084058970212936 -0.010028068907558918
v -0.13371090590953827 0.06685622036457062 -0.020924769341945648
v -0.15482226014137268 0.06172209978103638 -0.0133720263838768
v -0.12045478820800781 0.06812332570552826 -0.03721066564321518
v -0.10498054325580597 0.06760666519403458 -0.04400580748915672
v -0.0902000367641449 0.0652380883693695 -0.054519172757864
v -0.08293324708938599 0.060201726853847504 -0.05732298269867897
v -0.08781131356954575 0.05718635022640228 -0.05433325469493866
v -0.08696531504392624 0.05553426221013069 -0.040215980261564255
v -0.020686261355876923 0.03685349225997925 -0.10438356548547745
v -0.03765752539038658 0.020220723003149033 -0.1027381494641304
v -0.05803157389163971 0.05850609391927719 -0.05421057343482971
v -0.05909265577793121 0.0634976401925087 -0.09720425307750702
v -0.05789126455783844 0.07317861914634705 -0.10140030086040497
v -0.061179205775260925 0.05472439527511597 -0.07836967706680298
v -0.07726467400789261 0.05491570010781288 -0.04406971111893654
v -0.031194712966680527 0.057335175573825836 -0.11384591460227966
v -0.04233592376112938 0.08972235023975372 -0.104299396276474
v -0.043335575610399246 0.0712384581565857 -0.11450573056936264
v -0.05069505050778389 0.10044208914041519 -0.09459709376096725
v -0.043956730514764786 0.08598171174526215 -0.08305630087852478
v -0.04901498928666115 0.07845685631036758 -0.07499866932630539
v -0.05869746580719948 -0.0023315930739045143 -0.06916391104459763
v -0.0258248932659626 0.0021488992497324944 -0.05067335069179535
v -0.03323833644390106 0.01125332061201334 -0.059834133833646774
v -0.026728518307209015 0.008395123295485973 -0.04631183296442032
v -0.0365743562579155 0.009737977758049965 -0.07771320641040802
v -0.04541324824094772 0.01877863146364689 -0.09347664564847946
v 0.15509749948978424 0.19225288927555084 -0.00907716155052185
v 0.16412806510925293 0.18806351721286774 -0.015426348894834518
v 0.1695842444896698 0.18503430485725403 -0.022927165031433105
v 0.14767009019851685 0.19802811741828918 -0.014242374338209629
v 0.15787754952907562 0.19752441346645355 -0.02683296613395214
v 0.16731911897659302 0.19368398189544678 -0.03524503484368324
v 0.17151565849781036 0.18206866085529327 -0.028955016285181046
v 0.17304083704948425 0.18307584524154663 -0.030777299776673317
v 0.1711556315422058 0.18731653690338135 -0.03659616783261299
v 0.14696954190731049 0.20239493250846863 -0.013853506185114384
v 0.14929601550102234 0.1991722285747528 -0.008777634240686893
v 0.7036625742912292 0.11611489951610565 0.025694379583001137
v 0.7035441398620605 0.14252586662769318 0.040603913366794586
v 0.6965579986572266 0.09870420396327972 0.02761683240532875
v 0.6802927255630493 0.11981986463069916 0.03199038654565811
v -0.12112163007259369 0.013021870516240597 0.03418995067477226
v -0.08619236201047897 0.04797942191362381 0.0988413393497467
v -0.08050356060266495 0.060008108615875244 0.10922063887119293
v -0.08550816774368286 0.052428700029850006 0.09147855639457703
v -0.10781159996986389 0.03450460359454155 0.06734129041433334
v -0.12330954521894455 0.0335136353969574 0.060403142124414444
v -0.15573260188102722 0.03343556076288223 0.04061078280210495
v -0.1352986842393875 0.018515704199671745 0.038947392255067825
v -0.17147497832775116 0.06657712161540985 0.0068896459415555
v -0.18020902574062347 0.06945165246725082 -0.015112277120351791
v -0.14231164753437042 0.06351303309202194 -0.023219317197799683
v -0.12993526458740234 0.06605645269155502 -0.030054904520511627
v -0.13196536898612976 0.08061537891626358 -0.042604416608810425
v -0.11588180065155029 0.07805625349283218 -0.05126542970538139
v -0.1149883046746254 0.0804608017206192 -0.0656660944223404
v -0.08751652389764786 0.0609329529106617 -0.06414899230003357
v -0.08872148394584656 0.058711715042591095 -0.05965049937367439
v -0.0931168869137764 0.05790010839700699 -0.05928812921047211
v -0.08364269137382507 0.05590984970331192 -0.04881391301751137
v -0.0469224639236927 0.034658800810575485 -0.10376980900764465
v -0.04914303496479988 0.06525122374296188 -0.09708602726459503
v -0.05429382622241974 0.06030430644750595 -0.11024630069732666
v -0.048416443169116974 0.07086262106895447 -0.09356696903705597
v -0.05768577754497528 0.04886750876903534 -0.09128841757774353
v -0.058562979102134705 0.05347585678100586 -0.052332621067762375
v -0.0619811937212944 0.04704082012176514 -0.06544585525989532
v -0.07742398232221603 0.054037824273109436 -0.052723947912454605
v -0.06530830264091492 0.05225074291229248 -0.04934985935688019
v -0.042953599244356155 0.05045697093009949 -0.11386280506849289
v -0.03240527585148811 0.034577857702970505 -0.11115188151597977
v -0.05102004483342171 0.0875270813703537 -0.10133279860019684
v -0.05068043991923332 0.08035162836313248 -0.10956674814224243
v -0.05404879152774811 0.09006911516189575 -0.09667226672172546
v -0.044126205146312714 0.06752866506576538 -0.08240871876478195
v -0.04937091842293739 0.08074860274791718 -0.07441581785678864
v -0.05528290197253227 0.08691283315420151 -0.08145995438098907
v -0.05168578773736954 0.003187216818332672 -0.058946482837200165
v -0.031377002596855164 0.0078046927228569984 -0.04132986441254616
v -0.028096171095967293 0.018625710159540176 -0.03921903297305107
v -0.03464262932538986 0.019498877227306366 -0.05234134569764137
v -0.04666572064161301 0.025028614327311516 -0.07146809250116348
v -0.0533994659781456 0.037162382155656815 -0.09523395448923111
v 0.15468397736549377 0.1950029730796814 -0.007576487027108669
v 0.1634427160024643 0.18898864090442657 -0.0169665664434433
v 0.16831250488758087 0.18703287839889526 -0.024766359478235245
v 0.1486886739730835 0.1979590207338333 -0.019965235143899918
v 0.16690440475940704 0.19387826323509216 -0.03211236745119095
v 0.15943291783332825 0.19631193578243256 -0.02475588396191597
v 0.17253917455673218 0.18511250615119934 -0.02564331889152527
v 0.17182613909244537 0.18758177757263184 -0.027879241853952408
v 0.17186039686203003 0.18809132277965546 -0.03275133669376373
v 0.1473560631275177 0.20166057348251343 -0.01318423356860876
v 0.14726407825946808 0.20034602284431458 -0.010302888229489326
v 0.7321043014526367 0.14047449827194214 0.02085385099053383
v 0.72357577085495 0.12034450471401215 0.028989937156438828
v 0.714948296546936 0.10498182475566864 0.015996387228369713
v 0.7166851758956909 0.10987290740013123 0.005631240084767342
v -0.15503251552581787 0.002449357882142067 0.03307631239295006
v -0.07737398147583008 0.056976184248924255 0.10747016966342926
v -0.07340434193611145 0.06097221374511719 0.11341387778520584
v -0.08358324319124222 0.06752409040927887 0.12454704940319061
v -0.10088790208101273 0.03146903216838837 0.06498074531555176
v -0.07516846060752869 0.06762169301509857 0.11744549870491028
v -0.12032105773687363 0.010777916759252548 0.0422159768640995
v -0.1515391319990158 0.017316903918981552 0.03540113940834999
v -0.1700093001127243 0.02633482590317726 0.02777133509516716
v -0.16730435192584991 0.049068085849285126 0.0259381216019392
v -0.16645443439483643 0.06593023240566254 -0.01970578357577324
v -0.15008820593357086 0.07110706716775894 -0.028969548642635345
v -0.13866493105888367 0.07635761797428131 -0.03592311590909958
v -0.13700714707374573 0.09356747567653656 -0.05871008336544037
v -0.14020225405693054 0.09006800502538681 -0.04777182638645172
v -0.10209214687347412 0.06986978650093079 -0.07029920816421509
v -0.08823079615831375 0.06014522537589073 -0.06727071106433868
v -0.09419800341129303 0.052915483713150024 -0.06002932786941528
v -0.09800242632627487 0.05878227576613426 -0.058586202561855316
v -0.08362641930580139 0.05838283151388168 -0.06459354609251022
v -0.0420297272503376 0.038500696420669556 -0.11034350097179413
v -0.045194048434495926 0.05130122974514961 -0.10759933292865753
v -0.05223844200372696 0.046595171093940735 -0.10002969205379486
v -0.06039495766162872 0.04410440847277641 -0.08211984485387802
v -0.07329632341861725 0.05285750329494476 -0.055272992700338364
v -0.06154417246580124 0.04594413936138153 -0.054045021533966064
v -0.05318499356508255 0.08677428960800171 -0.0982915461063385
v -0.04808824509382248 0.07287561893463135 -0.1018519401550293
v -0.05818173661828041 0.09085281193256378 -0.09124413132667542
v -0.047516800463199615 0.07321660965681076 -0.08337508887052536
v -0.060948725789785385 0.08598139882087708 -0.07187123596668243
v -0.0622573159635067 0.08979199081659317 -0.0736251026391983
v -0.061932455748319626 0.008840765804052353 -0.04721667617559433
v -0.029972555115818977 0.02025967463850975 -0.032763637602329254
v -0.03860505670309067 0.027777858078479767 -0.040686123073101044
v -0.033596012741327286 0.028598792850971222 -0.03402114659547806
v -0.05888225883245468 0.042989399284124374 -0.06773015856742859
v -0.049527280032634735 0.03404922038316727 -0.04751633107662201
v 0.15699046850204468 0.19107778370380402 -0.011537046171724796
v 0.16922378540039062 0.18991152942180634 -0.023274192586541176
v 0.16753003001213074 0.19074466824531555 -0.021036919206380844
v 0.15607725083827972 0.19670942425727844 -0.01794205792248249
v 0.16945268213748932 0.19273467361927032 -0.02921249531209469
v 0.16488412022590637 0.19439619779586792 -0.02291514351963997
v 0.17141735553741455 0.1878877580165863 -0.027735643088817596
v 0.1732606440782547 0.18793819844722748 -0.030544346198439598
v 0.17336851358413696 0.18809019029140472 -0.0318203866481781
v 0.15130922198295593 0.20036590099334717 -0.015107186511158943
v 0.1475035399198532 0.199965700507164 -0.01162632741034031
v 0.7535067796707153 0.12288151681423187 0.03565853834152222
v 0.7411647439002991 0.10164782404899597 0.03222283720970154
v 0.7362495064735413 0.1302463710308075 -0.003699183464050293
v 0.7206595540046692 0.10935154557228088 -0.010789506137371063
v -0.1756717413663864 -0.0007064025849103928 0.04901553690433502
v -0.15699297189712524 0.0031905192881822586 0.027298908680677414
v -0.0981101468205452 0.03225000202655792 0.07209393382072449
v -0.09650325030088425 0.07724875956773758 0.14735957980155945
v -0.1475236713886261 0.00652533583343029 0.03292834386229515
v -0.1659567952156067 0.013008718378841877 0.023492727428674698
v -0.17330598831176758 0.027819838374853134 0.01703200303018093
v -0.16957087814807892 0.04162505641579628 0.008284956216812134
v -0.1732131689786911 0.0594012588262558 -0.016519781202077866
v -0.15031170845031738 0.06515634059906006 -0.022780008614063263
v -0.1607859581708908 0.08401748538017273 -0.030070029199123383
v -0.16726668179035187 0.07384687662124634 -0.02492573857307434
v -0.16312725841999054 0.06363270431756973 -0.02319127321243286
v -0.14960643649101257 0.08994392305612564 -0.040067993104457855
v -0.15613095462322235 0.1020888090133667 -0.04785831272602081
v -0.1522553265094757 0.10354717820882797 -0.06308121979236603
v -0.13752815127372742 0.09454546868801117 -0.07583555579185486
v -0.11686854064464569 0.07762404531240463 -0.08183896541595459
v -0.0888666957616806 0.0565287210047245 -0.06868608295917511
v -0.08364017307758331 0.04167022556066513 -0.05021294578909874
v -0.10085150599479675 0.05158420279622078 -0.06113286316394806
v -0.08707748353481293 0.0599653422832489 -0.0611611008644104
v -0.08326072245836258 0.05662713944911957 -0.06142432987689972
v -0.05670697242021561 0.053436942398548126 -0.04676595702767372
v -0.07493158429861069 0.05516224354505539 -0.05338338389992714
v -0.061172910034656525 0.09731140732765198 -0.09295059740543365
v -0.0450373999774456 0.0754990205168724 -0.09368710219860077
v -0.06098470464348793 0.09190648049116135 -0.0802014023065567
v -0.0652676448225975 0.09699404984712601 -0.08728044480085373
v -0.055338382720947266 0.07932727038860321 -0.07813069224357605
v -0.053802426904439926 0.08310726284980774 -0.08445604145526886
v -0.08371894061565399 0.09990787506103516 -0.0691445842385292
v -0.06879840791225433 0.09321144968271255 -0.06975321471691132
v -0.07353422045707703 0.08769063651561737 -0.07455657422542572
v -0.05882519483566284 0.02288605272769928 -0.037079621106386185
v -0.09064154326915741 0.022139079868793488 -0.037317339330911636
v -0.05683336779475212 0.037447456270456314 -0.03998316079378128
v 0.16139329969882965 0.19275163114070892 -0.014193134382367134
v 0.16869297623634338 0.1900785267353058 -0.026050608605146408
v 0.170318603515625 0.19304527342319489 -0.02071940153837204
v 0.16003260016441345 0.1940106302499771 -0.01829075813293457
v 0.17194581031799316 0.1900833398103714 -0.02838296815752983
v 0.16563080251216888 0.19087645411491394 -0.019991882145404816
v 0.17128513753414154 0.18854817748069763 -0.026288017630577087
v 0.17183364927768707 0.1873597949743271 -0.028269480913877487
v 0.1736309677362442 0.1871984899044037 -0.027337348088622093
v 0.15709015727043152 0.19619691371917725 -0.014186954125761986
v 0.15520235896110535 0.19771520793437958 -0.012927144765853882
v 0.7626306414604187 0.13952717185020447 0.01601315103471279
v 0.6842114329338074 0.08015456795692444 -0.0011661681346595287
v 0.762799859046936 0.11060231924057007 0.06856037676334381
v 0.7148717045783997 0.10683347284793854 -0.01939888298511505
v 0.7258968353271484 0.10484831035137177 0.007739095948636532
v 0.7368998527526855 0.14965280890464783 -0.020117443054914474
v -0.1776992678642273 0.006443224847316742 0.0477093905210495
v -0.1639121174812317 0.008063182234764099 0.02675279602408409
v -0.1690216064453125 0.011854678392410278 0.02403527870774269
v -0.16908936202526093 0.016482027247548103 0.024364490061998367
v -0.16862492263317108 0.020096076652407646 0.018584392964839935
v -0.16669319570064545 0.022908510640263557 -0.002886774018406868
v -0.16579654812812805 0.020481742918491364 0.014927666634321213
v -0.16135358810424805 0.06409595906734467 -0.024098053574562073
v -0.16344265639781952 0.05605757609009743 -0.024630196392536163
v -0.18486399948596954 0.06804976612329483 -0.021662332117557526
v -0.18063698709011078 0.08033568412065506 -0.024396508932113647
v -0.17379096150398254 0.09252439439296722 -0.0302821546792984
v -0.18088023364543915 0.058494165539741516 -0.023301690816879272
v -0.16484828293323517 0.09625433385372162 -0.036070242524147034
v -0.17244379222393036 0.11124929785728455 -0.058764517307281494
v -0.1564282476902008 0.10352827608585358 -0.07577600330114365
v -0.09730079770088196 0.06386873126029968 -0.07383563369512558
v -0.14654773473739624 0.09627038240432739 -0.08380676060914993
v -0.1359477937221527 0.08750951290130615 -0.09285997599363327
v -0.10620564967393875 0.06683071702718735 -0.08270920813083649
v -0.09805656969547272 0.06475071609020233 -0.07884317636489868
v -0.09824918955564499 0.060958072543144226 -0.08243162930011749
v -0.1062769815325737 0.04161418229341507 -0.06528675556182861
v -0.06935930997133255 0.09946896880865097 -0.08475001156330109
v -0.05741243064403534 0.09509105235338211 -0.08846308290958405
v -0.0662335604429245 0.09819702059030533 -0.0795353502035141
v -0.07032859325408936 0.10238738358020782 -0.0852801650762558
v -0.07261259108781815 0.09191752970218658 -0.08109592646360397
v -0.07840976864099503 0.11287689954042435 -0.08178067207336426
v -0.07799854129552841 0.10308126360177994 -0.07674196362495422
v -0.08166011422872543 0.11273332685232162 -0.07178860902786255
v -0.1233006939291954 0.022433502599596977 -0.05362773314118385
v 0.16515439748764038 0.19319388270378113 -0.017816374078392982
v 0.16644752025604248 0.18976721167564392 -0.023844163864850998
v 0.1665949672460556 0.1934831589460373 -0.022641241550445557
v 0.16305479407310486 0.19322508573532104 -0.01661619171500206
v 0.1690005213022232 0.19065870344638824 -0.020172584801912308
v 0.17136257886886597 0.18927186727523804 -0.02401008829474449
v 0.168538436293602 0.18591630458831787 -0.026180755347013474
v 0.17310307919979095 0.1874009370803833 -0.02327924221754074
v 0.17335069179534912 0.18961170315742493 -0.021079521626234055
v 0.15999963879585266 0.19467665255069733 -0.017508933320641518
v 0.16235582530498505 0.19356669485569 -0.016502102836966515
v 0.735426127910614 0.17887639999389648 0.039217785000801086
v 0.6669523119926453 0.13775715231895447 -0.03011453151702881
v 0.7108442783355713 0.13042306900024414 0.062043823301792145
v 0.7089828252792358 0.10198162496089935 0.054468147456645966
v 0.6944118738174438 0.17463450133800507 0.004573550075292587
v -0.1951235830783844 -0.009921561926603317 0.067342609167099
v -0.1977379024028778 0.007713135331869125 0.06301186978816986
v -0.17351780831813812 0.015108156949281693 0.032495614141225815
v -0.16722095012664795 0.010775526985526085 0.03604856878519058
v -0.16820736229419708 0.0171232670545578 0.021707825362682343
v -0.16396084427833557 0.015770651400089264 0.01988360658288002
v -0.1600620448589325 0.014645731076598167 0.015842963010072708
v -0.1691596508026123 0.029433302581310272 -0.028874000534415245
v -0.17275600135326385 0.040958479046821594 -0.014275801368057728
v -0.15515094995498657 0.04912145435810089 -0.029003020375967026
v -0.1946769505739212 0.0740227922797203 -0.024098217487335205
v -0.19371266663074493 0.06288742274045944 -0.023401163518428802
v -0.18883229792118073 0.07568109780550003 -0.02526235580444336
v -0.18431209027767181 0.08882296085357666 -0.027649588882923126
v -0.17232415080070496 0.04327404871582985 -0.03068365901708603
v -0.17860376834869385 0.048176109790802 -0.027586348354816437
v -0.17804400622844696 0.1055031344294548 -0.03808517009019852
v -0.19403083622455597 0.10877226293087006 -0.06198795884847641
v -0.17658433318138123 0.1032954603433609 -0.07832963019609451
v -0.11867682635784149 0.07277537882328033 -0.09318431466817856
v -0.10816571116447449 0.06372097134590149 -0.09033307433128357
v -0.10655496269464493 0.056269362568855286 -0.09083519876003265
v -0.10018553584814072 0.05127789080142975 -0.07858579605817795
v -0.11159920692443848 0.03544113039970398 -0.06808741390705109
v -0.1162976622581482 0.026701733469963074 -0.05565685033798218
v -0.06656456738710403 0.09731025248765945 -0.08478526771068573
v -0.07441441714763641 0.10425293445587158 -0.08696985244750977
v -0.07008939981460571 0.10752040147781372 -0.07931604236364365
v -0.07435035705566406 0.11614573746919632 -0.08765807002782822
v -0.08690445125102997 0.10229739546775818 -0.07673332840204239
v -0.08522149920463562 0.12334135174751282 -0.0762527585029602
v -0.09000177681446075 0.1267833709716797 -0.0719011053442955
v -0.08327599614858627 0.12574663758277893 -0.07187061756849289
v 0.16612282395362854 0.1954512596130371 -0.020189711824059486
v 0.16962313652038574 0.19363057613372803 -0.01972292736172676
v 0.16878774762153625 0.1885416954755783 -0.021227683871984482
v 0.1663747876882553 0.19309310615062714 -0.02034219354391098
v 0.17353352904319763 0.19167357683181763 -0.020434889942407608
v 0.17362484335899353 0.1900091916322708 -0.02116677537560463
v 0.17033927142620087 0.18603165447711945 -0.02346191182732582
v 0.17240497469902039 0.18808600306510925 -0.017355484887957573
v 0.17748214304447174 0.19000524282455444 -0.01895929127931595
v 0.16604319214820862 0.19502194225788116 -0.021424029022455215
v 0.16741132736206055 0.19411104917526245 -0.021164894104003906
v 0.7085130214691162 0.1635570526123047 0.04840473458170891
v 0.6647037267684937 0.10854807496070862 0.021583333611488342
v 0.6948774456977844 0.18446658551692963 0.04492219537496567
v 0.7419753670692444 0.12753665447235107 0.05974780395627022
v 0.6621989011764526 0.16292349994182587 0.03605400398373604
v -0.2330513894557953 -0.006006278097629547 0.0478256493806839
v -0.1850467175245285 0.015606379136443138 0.045928679406642914
v -0.20919141173362732 0.015228822827339172 0.049056001007556915
v -0.17863763868808746 0.015516342595219612 0.021367397159337997
v -0.1925782561302185 0.019266849383711815 0.031750526279211044
v -0.1589229553937912 0.011018271557986736 0.014259688556194305
v -0.1680585741996765 0.013595485128462315 0.01571211963891983
v -0.1586524099111557 0.026146898046135902 -0.04834837093949318
v -0.16928580403327942 0.038040224462747574 -0.03337674215435982
v -0.20277436077594757 0.06971897929906845 -0.02360539138317108
v -0.19470864534378052 0.0756395161151886 -0.025681063532829285
v -0.19551873207092285 0.05673692002892494 -0.026265591382980347
v -0.1834651678800583 0.07207401841878891 -0.026979215443134308
v -0.1842016875743866 0.06935076415538788 -0.025331586599349976
v -0.17885258793830872 0.0414389930665493 -0.03286927938461304
v -0.16538989543914795 0.0372491218149662 -0.03735487163066864
v -0.19275881350040436 0.09787418693304062 -0.03440607339143753
v -0.19005221128463745 0.10881923884153366 -0.046518467366695404
v -0.2118041217327118 0.09481989592313766 -0.06256090104579926
v -0.19604656100273132 0.09546443819999695 -0.07825860381126404
v -0.15631884336471558 0.0959898829460144 -0.09014277160167694
v -0.19946542382240295 0.1045093983411789 -0.04408799856901169
v -0.13360491394996643 0.07556531578302383 -0.10117370635271072
v -0.15145236253738403 0.08202763646841049 -0.10189447551965714
v -0.11916619539260864 0.05054328590631485 -0.09872614592313766
v -0.12058737128973007 0.06361785531044006 -0.10073016583919525
v -0.1102699488401413 0.04443490505218506 -0.08564962446689606
v -0.12876008450984955 0.025243502110242844 -0.07727985084056854
v -0.1321415901184082 0.02007197216153145 -0.06402647495269775
v -0.08259430527687073 0.10297395288944244 -0.0855347067117691
v -0.08864149451255798 0.11746971309185028 -0.09021027386188507
v -0.07544135302305222 0.12748929858207703 -0.08368146419525146
v -0.07722369581460953 0.12788261473178864 -0.07885030657052994
v -0.09731604158878326 0.11790510267019272 -0.07606887817382812
v -0.1047309935092926 0.1313541680574417 -0.074538953602314
v -0.10574808716773987 0.13753192126750946 -0.06472630053758621
v -0.09580080956220627 0.13859057426452637 -0.06076044589281082
v 0.1693165898323059 0.19664786756038666 -0.02005629613995552
v 0.17282935976982117 0.19274784624576569 -0.01610017567873001
v 0.17471911013126373 0.18884721398353577 -0.017385106533765793
v 0.17075854539871216 0.19632025063037872 -0.02422073855996132
v 0.1798742711544037 0.1922498494386673 -0.020596276968717575
v 0.17807582020759583 0.19601945579051971 -0.021411940455436707
v 0.17177923023700714 0.184937983751297 -0.018003061413764954
v 0.18016417324543 0.18989431858062744 -0.01704600639641285
v 0.179213747382164 0.18683293461799622 -0.014918464235961437
v 0.17022299766540527 0.19578424096107483 -0.02335434965789318
v 0.16939513385295868 0.1970050185918808 -0.022362181916832924
v 0.7467730045318604 0.15064352750778198 0.05274927243590355
v 0.7100282907485962 0.10816217958927155 0.06431583315134048
v 0.8487002849578857 0.1126701831817627 0.015761323273181915
v 0.8466978073120117 0.15728513896465302 0.04633278027176857
v 0.712427020072937 0.13717156648635864 0.04710572957992554
v -0.22718307375907898 0.0005899816751480103 0.01863063871860504
v -0.2477830946445465 -0.026452213525772095 0.028749510645866394
v -0.21264402568340302 0.01952134445309639 0.020964980125427246
v -0.19347691535949707 0.02096751146018505 0.010633662343025208
v -0.15922002494335175 0.010444452054798603 0.015198659151792526
v -0.17651313543319702 0.018005551770329475 -0.0002782568335533142
v -0.17180445790290833 0.02721414342522621 -0.048467572778463364
v -0.2047824114561081 0.064141184091568 -0.024717457592487335
v -0.2034033238887787 0.07631150633096695 -0.024655185639858246
v -0.1980423480272293 0.07851439714431763 -0.02582775056362152
v -0.19462887942790985 0.04720206931233406 -0.03067173808813095
v -0.1851111352443695 0.0803276002407074 -0.0320083312690258
v -0.18279102444648743 0.06801820546388626 -0.0342852808535099
v -0.18864187598228455 0.07889725267887115 -0.027496851980686188
v -0.17539559304714203 0.031778592616319656 -0.04589802771806717
v -0.18991619348526 0.040445275604724884 -0.037764303386211395
v -0.21061255037784576 0.10179518163204193 -0.04582976549863815
v -0.21938231587409973 0.08281033486127853 -0.059613242745399475
v -0.2100779414176941 0.0812172144651413 -0.07392352819442749
v -0.17437021434307098 0.0912172719836235 -0.09244323521852493
v -0.17158642411231995 0.07070118188858032 -0.1023680791258812
v -0.14507390558719635 0.06491387635469437 -0.108207106590271
v -0.12638962268829346 0.034101780503988266 -0.09139271825551987
v -0.13048496842384338 0.04228880628943443 -0.10134123265743256
v -0.13092024624347687 0.05289807543158531 -0.10446096956729889
v -0.1496381312608719 0.01353774406015873 -0.08300384879112244
v -0.1505313515663147 0.009888515807688236 -0.07217124104499817
v -0.09965477138757706 0.11586999148130417 -0.08442236483097076
v -0.08715065568685532 0.137757807970047 -0.09053714573383331
v -0.08563150465488434 0.15533721446990967 -0.0642930343747139
v -0.08642368018627167 0.15895192325115204 -0.08269286155700684
v -0.11196749657392502 0.13639642298221588 -0.07995770126581192
v -0.116367407143116 0.14448831975460052 -0.0722331628203392
v -0.10652688890695572 0.14660313725471497 -0.053599730134010315
v -0.11956242471933365 0.14964130520820618 -0.059622813016176224
v 0.17269887030124664 0.19701124727725983 -0.016474029049277306
v 0.17564134299755096 0.1930847465991974 -0.009402686730027199
v 0.1771135926246643 0.18884627521038055 -0.008527887053787708
v 0.1763720065355301 0.19844675064086914 -0.02237207069993019
v 0.18154692649841309 0.19374756515026093 -0.01826551929116249
v 0.18449506163597107 0.2003808319568634 -0.019701264798641205
v 0.17760524153709412 0.18351885676383972 -0.009241865947842598
v 0.18716727197170258 0.18931007385253906 -0.011893803253769875
v 0.19279438257217407 0.18570145964622498 -0.0030816737562417984
v 0.17654572427272797 0.19900354743003845 -0.021432261914014816
v 0.1758795976638794 0.19981583952903748 -0.019191667437553406
v 0.8028983473777771 0.10375513136386871 0.0687665045261383
v 0.8739645481109619 0.1354331225156784 0.020810674875974655
v 0.8950949311256409 0.12739484012126923 0.014863058924674988
v 0.777120053768158 0.1151893138885498 0.06310122460126877
v -0.267894983291626 -0.0493256077170372 0.03363162279129028
v -0.2641276717185974 -0.02688141167163849 0.0003483891487121582
v -0.24834832549095154 -0.016132071614265442 0.0056618452072143555
v -0.1920628696680069 0.022432025521993637 -0.00962887704372406
v -0.1617516130208969 0.0127459317445755 0.005979813635349274
v -0.1632152497768402 0.012635927647352219 -0.07428992539644241
v -0.16532185673713684 0.02963319607079029 -0.04451600834727287
v -0.16802404820919037 0.020540693774819374 -0.06408233195543289
v -0.20980969071388245 0.056704841554164886 -0.030047573149204254
v -0.21373093128204346 0.07134560495615005 -0.02549733966588974
v -0.19579750299453735 0.08127130568027496 -0.025265544652938843
v -0.2064450979232788 0.0467398576438427 -0.03915686905384064
v -0.19207140803337097 0.08426474034786224 -0.03890661522746086
v -0.18742308020591736 0.07521051913499832 -0.03602752089500427
v -0.19071123003959656 0.0652054101228714 -0.03448222205042839
v -0.19181542098522186 0.08050203323364258 -0.02759908139705658
v -0.2058754861354828 0.09438632428646088 -0.03476777672767639
v -0.1807107776403427 0.02598588913679123 -0.0657849982380867
v -0.1954413652420044 0.03604060411453247 -0.05048362910747528
v -0.21880927681922913 0.08963018655776978 -0.04843217879533768
v -0.22426162660121918 0.07880176603794098 -0.05244436115026474
v -0.22030667960643768 0.0729350596666336 -0.06544487178325653
v -0.19336189329624176 0.0769951343536377 -0.08950703591108322
v -0.1879565715789795 0.06036890670657158 -0.09470206499099731
v -0.16881896555423737 0.048002466559410095 -0.1028720885515213
v -0.14194878935813904 0.031105443835258484 -0.09724000841379166
v -0.16081319749355316 0.016083698719739914 -0.08949187397956848
v -0.17844626307487488 -0.0031449226662516594 -0.08367475122213364
v -0.10752612352371216 0.13927578926086426 -0.09063588082790375
v -0.10074110329151154 0.1538643091917038 -0.08998978137969971
v -0.09474625438451767 0.17382633686065674 -0.05326543748378754
v -0.09357790648937225 0.1852186918258667 -0.06658348441123962
v -0.12152477353811264 0.15428562462329865 -0.08175547420978546
v -0.12800027430057526 0.15940015017986298 -0.07038699835538864
v -0.1325785219669342 0.1611388623714447 -0.055905792862176895
v -0.11631176620721817 0.15689030289649963 -0.04612438753247261
v -0.09889432787895203 0.15759190917015076 -0.05003010109066963
v 0.1774659901857376 0.19853782653808594 -0.01309831254184246
v 0.1861083209514618 0.2017505168914795 0.001955142244696617
v 0.19066882133483887 0.19330734014511108 0.007509199902415276
v 0.186502605676651 0.20462927222251892 -0.02036590874195099
v 0.20483151078224182 0.21191853284835815 -0.022288095206022263
v 0.19508486986160278 0.19752046465873718 -0.016125410795211792
v 0.20959213376045227 0.19085030257701874 0.007772501558065414
v 0.23508676886558533 0.19528354704380035 0.005609404295682907
v 0.2141626626253128 0.1927650421857834 -0.004172351211309433
v 0.18393579125404358 0.2051907181739807 -0.017633182927966118
v 0.18052995204925537 0.20303377509117126 -0.014821166172623634
v 0.8757185339927673 0.13208845257759094 0.05111980065703392
v 0.8629719614982605 0.11885818839073181 0.056236352771520615
v 0.9289090037345886 0.13627022504806519 0.0131610706448555
v 0.9314442276954651 0.14161691069602966 0.021486662328243256
v -0.277599573135376 -0.06724704802036285 0.033062249422073364
v -0.2730986475944519 -0.036178238689899445 0.01844388246536255
v -0.20768970251083374 0.00752827525138855 -0.017088741064071655
v -0.16485819220542908 0.018672853708267212 -0.013821825385093689
v -0.1784399300813675 0.012061992660164833 -0.09077298641204834
v -0.16615597903728485 0.010054555721580982 -0.08445118367671967
v -0.16703586280345917 0.015610414557158947 -0.0644674152135849
v -0.17025110125541687 0.01607082225382328 -0.08098770678043365
v -0.22160077095031738 0.0664038434624672 -0.03545667976140976
v -0.21627210080623627 0.07488203048706055 -0.032357096672058105
v -0.20689453184604645 0.0792301744222641 -0.02680434286594391
v -0.200221985578537 0.09062736481428146 -0.030350014567375183
v -0.19368833303451538 0.09121428430080414 -0.03164424002170563
v -0.19619518518447876 0.0888601690530777 -0.027632050216197968
v -0.19750769436359406 0.07923434674739838 -0.024621836841106415
v -0.19146068394184113 0.07416525483131409 -0.022372476756572723
v -0.1896471083164215 0.06547503173351288 -0.03892531245946884
v -0.18653638660907745 0.07010239362716675 -0.028703421354293823
v -0.20023119449615479 0.08672551810741425 -0.026953689754009247
v -0.2126719057559967 0.09366200119256973 -0.03521246463060379
v -0.19740526378154755 0.034260887652635574 -0.0679752305150032
v -0.1799418032169342 0.023932117968797684 -0.08100922405719757
v -0.22142794728279114 0.08726715296506882 -0.040313154458999634
v -0.225788414478302 0.06896807253360748 -0.057435594499111176
v -0.22582603991031647 0.07753284275531769 -0.046004682779312134
v -0.2061595618724823 0.06465091556310654 -0.080861397087574
v -0.14431481063365936 0.044096410274505615 -0.10540267080068588
v -0.17658093571662903 0.035863522440195084 -0.09366725385189056
v -0.19627265632152557 0.047060221433639526 -0.08746475726366043
v -0.15942734479904175 0.03256051242351532 -0.09893418103456497
v -0.17375174164772034 0.02132992446422577 -0.08891630917787552
v -0.178986594080925 0.008220541290938854 -0.08598737418651581
v -0.11130587756633759 0.16111433506011963 -0.0886131301522255
v -0.10718560963869095 0.18025973439216614 -0.08601324260234833
v -0.09831054508686066 0.1884194314479828 -0.04925340414047241
v -0.10203216969966888 0.20091308653354645 -0.06063827499747276
v -0.1291384994983673 0.16894352436065674 -0.07637102156877518
v -0.13363297283649445 0.16853244602680206 -0.06846249848604202
v -0.12402515858411789 0.1667163074016571 -0.03922629356384277
v -0.13958309590816498 0.173871710896492 -0.04968828335404396
v -0.1042078360915184 0.1731141358613968 -0.04194888100028038
v 0.18630185723304749 0.20782093703746796 -0.006563977338373661
v 0.23220676183700562 0.2099388837814331 0.01880134455859661
v 0.2177690714597702 0.21801704168319702 0.014759082347154617
v 0.1979130655527115 0.2145567387342453 -0.01990128867328167
v 0.23043856024742126 0.2072930485010147 -0.017558515071868896
v 0.24066515266895294 0.2250586301088333 -0.023246899247169495
v 0.2522462010383606 0.20777666568756104 0.01413063332438469
v 0.27362504601478577 0.21221818029880524 0.00873686745762825
v 0.2666945457458496 0.2072102278470993 -0.0030971281230449677
v 0.1907896250486374 0.21112877130508423 -0.016447026282548904
v 0.18896058201789856 0.21004237234592438 -0.014101102016866207
v 0.9302700161933899 0.1320580095052719 0.034415021538734436
v 0.9177700281143188 0.13134922087192535 0.03928346559405327
v 0.9432682991027832 0.1431514024734497 0.025481775403022766
v 0.934299647808075 0.14772284030914307 0.020719658583402634
v -0.23469752073287964 -0.020075254142284393 -0.023462876677513123
v -0.25413888692855835 -0.02446659654378891 -0.012670427560806274
v -0.28121641278266907 -0.07141198217868805 0.014366239309310913
v -0.2873978018760681 -0.05217573791742325 0.02070830762386322
v -0.27543219923973083 -0.03860636055469513 0.00028683245182037354
v -0.2616701126098633 -0.032287031412124634 -0.013730406761169434
v -0.1691979169845581 0.01561909168958664 -0.025397613644599915
v -0.17922213673591614 0.007754039019346237 -0.09187062084674835
v -0.17144134640693665 0.015363864600658417 -0.08559749275445938
v -0.2236107885837555 0.07389462739229202 -0.03937047719955444
v -0.21827656030654907 0.05415356159210205 -0.04330950975418091
v -0.20759646594524384 0.08350399136543274 -0.029883921146392822
v -0.21891580522060394 0.08158177137374878 -0.03561375290155411
v -0.20064005255699158 0.09441419690847397 -0.02813316136598587
v -0.19574159383773804 0.0885460376739502 -0.024665147066116333
v -0.19722330570220947 0.08790648728609085 -0.024591710418462753
v -0.19993554055690765 0.08507934957742691 -0.027841657400131226
v -0.202284038066864 0.07826258987188339 -0.005315698683261871
v -0.18637754023075104 0.07097528129816055 -0.0031232982873916626
v -0.19465123116970062 0.06734849512577057 -0.02281045913696289
v -0.18900951743125916 0.07247363775968552 -0.029173143208026886
v -0.19375549256801605 0.07924368977546692 -0.02394462376832962
v -0.21166162192821503 0.09133806824684143 -0.031892113387584686
v -0.20736616849899292 0.04250723496079445 -0.05262135714292526
v -0.18733125925064087 0.032250601798295975 -0.08332015573978424
v -0.20090126991271973 0.040612637996673584 -0.07501520216464996
v -0.2143346667289734 0.06124637648463249 -0.07102493941783905
v -0.2245555818080902 0.06485161185264587 -0.04804975539445877
v -0.12116182595491409 0.16950717568397522 -0.08428511023521423
v -0.11200598627328873 0.19917403161525726 -0.07920090854167938
v -0.1136290431022644 0.216261088848114 -0.060982707887887955
v -0.1069878563284874 0.20462560653686523 -0.04423394054174423
v -0.13382045924663544 0.1773095428943634 -0.07418734580278397
v -0.14114753901958466 0.177351176738739 -0.0633663460612297
v -0.11041291058063507 0.18794822692871094 -0.03514491766691208
v -0.13691189885139465 0.1843339055776596 -0.038071244955062866
v -0.1258453130722046 0.18792666494846344 -0.032802898436784744
v 0.2092030644416809 0.22452563047409058 0.0025920625776052475
v 0.2579895853996277 0.23485471308231354 0.019444245845079422
v 0.27013179659843445 0.2255491018295288 0.019050024449825287
v 0.22741682827472687 0.23011481761932373 -0.023229774087667465
v 0.2785036563873291 0.22088927030563354 0.014564409852027893
v 0.2690314054489136 0.22667241096496582 -0.021571803838014603
v 0.30192527174949646 0.22332382202148438 3.8821250200271606e-05
v 0.30280226469039917 0.23364011943340302 -0.0174541175365448
v 0.20757484436035156 0.22355060279369354 -0.01947939209640026
v 0.20886224508285522 0.2269594669342041 -0.010821607895195484
v 0.9475962519645691 0.138832688331604 0.024775005877017975
v 0.9474396109580994 0.13423456251621246 0.021335087716579437
v 0.9523704051971436 0.14129638671875 0.021186336874961853
v -0.25267690420150757 -0.030078671872615814 -0.028717204928398132
v -0.2422923445701599 -0.03151218593120575 -0.04365648329257965
v -0.28418049216270447 -0.06517121195793152 0.003383249044418335
v -0.269262433052063 -0.07460815459489822 -0.00010919570922851562
v -0.28224819898605347 -0.054951220750808716 -0.007333546876907349
v -0.26885560154914856 -0.04551534354686737 -0.029762163758277893
v -0.20989681780338287 -0.02157013863325119 -0.040881216526031494
v -0.18982833623886108 -0.01868867129087448 -0.053109392523765564
v -0.19262389838695526 0.08364354074001312 -0.023339319974184036
v -0.20166978240013123 0.08829997479915619 -0.02550641819834709
v -0.20786979794502258 0.08316992968320847 -0.01655421406030655
v -0.20593303442001343 0.07350313663482666 0.020013973116874695
v -0.18727785348892212 0.080161452293396 0.036140549927949905
v -0.1802230328321457 0.06989776343107224 -0.004473093897104263
v -0.1921011209487915 0.07969710230827332 -0.02465984597802162
v -0.21663251519203186 0.05003374442458153 -0.06138677895069122
v -0.12500108778476715 0.18318942189216614 -0.08319568634033203
v -0.12607312202453613 0.2093607485294342 -0.07271961122751236
v -0.11695749312639236 0.21569983661174774 -0.04437020793557167
v -0.12202239781618118 0.21954670548439026 -0.05339863896369934
v -0.136270672082901 0.18508599698543549 -0.07393980026245117
v -0.14676402509212494 0.19070816040039062 -0.04893603175878525
v -0.11905193328857422 0.20605622231960297 -0.03250637277960777
v -0.1391393542289734 0.1975816786289215 -0.0332728773355484
v -0.13025742769241333 0.20256924629211426 -0.032065656036138535
v 0.24601878225803375 0.2433815598487854 0.009373541921377182
v 0.2964369058609009 0.23383457958698273 0.01742834597826004
v 0.290652871131897 0.24490317702293396 0.019388359040021896
v 0.26917657256126404 0.24237017333507538 -0.023176321759819984
v 0.29634422063827515 0.22470366954803467 0.01101459190249443
v 0.29825615882873535 0.2515195608139038 -0.028478367254137993
v 0.324297696352005 0.23795050382614136 -0.0029838383197784424
v 0.32658252120018005 0.24954333901405334 -0.02054809406399727
v 0.24384821951389313 0.24747924506664276 -0.017658738419413567
v 0.23524749279022217 0.24284912645816803 -0.0022814329713582993
v -0.2588968276977539 -0.04796965420246124 -0.04745177924633026
v -0.24045997858047485 -0.05573286861181259 -0.05785264074802399
v -0.21963240206241608 -0.04363265633583069 -0.05166855454444885
v -0.2763599157333374 -0.06659059226512909 -0.007940888404846191
v -0.2675735354423523 -0.08444038033485413 -0.004922911524772644
v -0.2675590217113495 -0.06866250932216644 -0.03364962339401245
v -0.27285048365592957 -0.07081912457942963 -0.017532914876937866
v -0.2124159336090088 -0.053148165345191956 -0.06260275840759277
v -0.21211427450180054 -0.053674034774303436 -0.05731271207332611
v -0.19946417212486267 0.08740083873271942 -0.023151665925979614
v -0.2146458923816681 0.07964407652616501 -0.006669141352176666
v -0.21218116581439972 0.07559330761432648 0.056818414479494095
v -0.20242905616760254 0.09548892080783844 0.07463856041431427
v -0.18387416005134583 0.09090375900268555 0.028590455651283264
v -0.18740618228912354 0.07735669612884521 -0.014813732355833054
v -0.13283327221870422 0.1966300904750824 -0.07728399336338043
v -0.12979738414287567 0.21885830163955688 -0.0631633847951889
v -0.12793779373168945 0.22209973633289337 -0.04542218893766403
v -0.1281052529811859 0.21807324886322021 -0.03758705407381058
v -0.14232058823108673 0.19235418736934662 -0.06426717340946198
v -0.1447402387857437 0.2038392573595047 -0.042851340025663376
v -0.1311613917350769 0.21276229619979858 -0.03305776044726372
v -0.1419462263584137 0.21248188614845276 -0.035132650285959244
v -0.1397019922733307 0.21253815293312073 -0.034403812140226364
v 0.2814502418041229 0.2577502429485321 0.012048400938510895
v 0.2964935898780823 0.2586015462875366 -0.019905762746930122
v 0.30945485830307007 0.2460993230342865 0.017755407840013504
v 0.31989043951034546 0.23719216883182526 0.011013586074113846
v 0.32030200958251953 0.26145288348197937 -0.025559324771165848
v 0.3355909287929535 0.2547386884689331 -0.014040082693099976
v 0.335425466299057 0.24916855990886688 -0.006816070526838303
v 0.28966692090034485 0.2633562684059143 -0.01886869966983795
v 0.2697729766368866 0.2622208595275879 -0.003487212583422661
v -0.25983166694641113 -0.0625569224357605 -0.04830615222454071
v -0.2513399124145508 -0.07717801630496979 -0.057545945048332214
v -0.2276645004749298 -0.06333710253238678 -0.06397804617881775
v -0.2701742649078369 -0.0827929824590683 -0.007991299033164978
v -0.28243470191955566 -0.10663291811943054 -0.003723159432411194
v -0.22180134057998657 -0.06947873532772064 -0.07010400295257568
v -0.2246875762939453 -0.07005104422569275 -0.07360760867595673
v -0.22856946289539337 -0.07338519394397736 -0.07593908905982971
v -0.19878102838993073 0.08917544782161713 -0.01811099797487259
v -0.20716671645641327 0.08945581316947937 -0.019734621047973633
v -0.20794355869293213 0.0867256224155426 -0.02061977982521057
v -0.21323013305664062 0.087866872549057 -0.017107553780078888
v -0.22586847841739655 0.08125752210617065 0.01145336776971817
v -0.23970967531204224 0.09717129170894623 0.08448399603366852
v -0.2268115133047104 0.10205213725566864 0.10140781104564667
v -0.1938827484846115 0.10269982367753983 0.060765087604522705
v -0.18958847224712372 0.09183056652545929 0.010175272822380066
v -0.139823779463768 0.20909610390663147 -0.06721784919500351
v -0.1321631520986557 0.2211221605539322 -0.05116216465830803
v -0.1366550475358963 0.22343440353870392 -0.03927905485033989
v -0.13492408394813538 0.2219022959470749 -0.040814537554979324
v -0.14688026905059814 0.20712648332118988 -0.05175809562206268
v -0.14373400807380676 0.2159440815448761 -0.04105944186449051
v -0.1367989480495453 0.22134408354759216 -0.0357440784573555
v -0.14341877400875092 0.22145888209342957 -0.03749953210353851
v -0.14227637648582458 0.22254374623298645 -0.03754223883152008
v 0.3080308437347412 0.2603217363357544 0.012945510447025299
v 0.3147720694541931 0.26945918798446655 -0.021422185003757477
v 0.3346911072731018 0.24669797718524933 0.0016250871121883392
v 0.32488417625427246 0.253980815410614 0.01200161874294281
v 0.3341175615787506 0.25986188650131226 -0.02116231620311737
v 0.33812040090560913 0.2520969808101654 -0.008169591426849365
v 0.3383657932281494 0.2565648555755615 -0.013817064464092255
v 0.31524744629859924 0.27083125710487366 -0.01519753783941269
v 0.30366721749305725 0.2721555233001709 -0.0007208772003650665
v -0.2644822597503662 -0.08478232473134995 -0.04895876348018646
v -0.2671404182910919 -0.09286187589168549 -0.049801647663116455
v -0.24088363349437714 -0.07768899202346802 -0.06408938765525818
v -0.28241902589797974 -0.1064416766166687 -0.008192211389541626
v -0.27338606119155884 -0.08062978088855743 -0.015235081315040588
v -0.3100876808166504 -0.13939204812049866 -0.004931628704071045
v -0.2680148482322693 -0.08266615867614746 -0.024294868111610413
v -0.24226300418376923 -0.08050508797168732 -0.08458057045936584
v -0.2439408153295517 -0.07795551419258118 -0.08677686750888824
v -0.25195974111557007 -0.0869702696800232 -0.10789218544960022
v -0.24100536108016968 -0.08208751678466797 -0.08658811450004578
v -0.19943639636039734 0.09646093100309372 -0.006146147847175598
v -0.20702877640724182 0.09498360753059387 -0.018527090549468994
v -0.2195950150489807 0.09231530874967575 -0.01062551885843277
v -0.2420734465122223 0.09279017150402069 0.04219607636332512
v -0.25803259015083313 0.11798790097236633 0.12065187841653824
v -0.2610310912132263 0.11666574329137802 0.09808959066867828
v -0.21525023877620697 0.11290907859802246 0.10199090838432312
v -0.19298245012760162 0.10661973059177399 0.03615216165781021
v -0.14214637875556946 0.2158900946378708 -0.05576430633664131
v -0.13610288500785828 0.22333557903766632 -0.04276828467845917
v -0.14203354716300964 0.22448891401290894 -0.04004090279340744
v -0.14192667603492737 0.22419601678848267 -0.040895622223615646
v -0.14499984681606293 0.21980513632297516 -0.04359376057982445
v -0.14133788645267487 0.22668011486530304 -0.03615632653236389
v -0.14315572381019592 0.2263081669807434 -0.035757794976234436
v -0.14147266745567322 0.22681839764118195 -0.03678872808814049
v -0.14687353372573853 0.2290409803390503 -0.038222841918468475
v 0.3233575224876404 0.26948651671409607 0.0035454854369163513
v 0.32882562279701233 0.2677469551563263 -0.022166244685649872
v 0.33524879813194275 0.25973817706108093 0.0028188005089759827
v 0.3385615348815918 0.25221484899520874 -0.001959957182407379
v 0.33665159344673157 0.26077800989151 -0.017737843096256256
v 0.33960357308387756 0.2549518346786499 -0.006512157618999481
v 0.3411032259464264 0.2578308880329132 -0.010521577671170235
v 0.32539111375808716 0.2725648880004883 -0.017159312963485718
v 0.32411670684814453 0.2769027054309845 -0.009925108402967453
v -0.2671682834625244 -0.09409789741039276 -0.034358590841293335
v -0.2733568549156189 -0.10195325314998627 -0.03961250185966492
v -0.2577962279319763 -0.08256794512271881 -0.05306945741176605
v -0.24515724182128906 -0.08227542042732239 -0.07888506352901459
v -0.22326409816741943 -0.07243870198726654 -0.06781759858131409
v -0.3094964623451233 -0.1313258558511734 -0.005164921283721924
v -0.27375394105911255 -0.09088283777236938 -0.013738185167312622
v -0.26998642086982727 -0.09426262974739075 -0.023416101932525635
v -0.3349442780017853 -0.15830573439598083 -0.003397047519683838
v -0.2576090097427368 -0.08189092576503754 -0.09202423691749573
v -0.2564109265804291 -0.07933218777179718 -0.10295276343822479
v -0.2526506185531616 -0.08353815972805023 -0.12043865025043488
v -0.2138107717037201 0.10459380596876144 -0.007409632205963135
v -0.20123444497585297 0.10385683178901672 0.01288788765668869
v -0.23184819519519806 0.10041163861751556 0.002073712646961212
v -0.24539542198181152 0.12730996310710907 0.14027410745620728
v -0.27304649353027344 0.1287311166524887 0.1276150494813919
v -0.27423810958862305 0.1309485286474228 0.107070691883564
v -0.20309527218341827 0.11749012768268585 0.08117365837097168
v -0.14066532254219055 0.2222224324941635 -0.04549587517976761
v -0.14046192169189453 0.22479534149169922 -0.04058344289660454
v -0.1476210504770279 0.22731107473373413 -0.03951709344983101
v -0.14802122116088867 0.2306937277317047 -0.040887705981731415
v -0.13867725431919098 0.22546595335006714 -0.03894830495119095
v -0.14086025953292847 0.2326250970363617 -0.036023810505867004
v -0.14918845891952515 0.2300242781639099 -0.03947646543383598
v -0.14981962740421295 0.23246631026268005 -0.039276123046875
v -0.14752446115016937 0.23324717581272125 -0.03762273117899895
v 0.3357164263725281 0.27178362011909485 -0.005559206008911133
v 0.34000083804130554 0.26398757100105286 -0.01896204799413681
v 0.3403002917766571 0.26148372888565063 -0.003168158233165741
v 0.3408683240413666 0.2560918629169464 -0.0029975399374961853
v 0.3400519788265228 0.2611605226993561 -0.015452999621629715
v 0.34400618076324463 0.2631692588329315 -0.0036755260080099106
v 0.33969318866729736 0.2609208822250366 -0.012264015153050423
v 0.3355657160282135 0.2710114121437073 -0.016985051333904266
v 0.33436962962150574 0.274394154548645 -0.012693196535110474
v -0.28730159997940063 -0.1039600521326065 -0.04979988932609558
v -0.2622894048690796 -0.08410899341106415 -0.07038339972496033
v -0.33073678612709045 -0.14556406438350677 -0.008834898471832275
v -0.283819317817688 -0.10805797576904297 -0.010505378246307373
v -0.34876132011413574 -0.1852225661277771 -0.0013344883918762207
v -0.26880475878715515 -0.07728259265422821 -0.11068095266819
v -0.27795034646987915 -0.07290901243686676 -0.10889309644699097
v -0.2746344804763794 -0.07499822974205017 -0.09655852615833282
v -0.2616158425807953 -0.08141733705997467 -0.11662706732749939
v -0.24449583888053894 -0.08452324569225311 -0.12561683356761932
v -0.20569881796836853 0.12282022833824158 0.04406740516424179
v -0.22397036850452423 0.11838843673467636 0.012469545006752014
v -0.24896648526191711 0.12060191482305527 0.03573807328939438
v -0.25283342599868774 0.10755570232868195 0.0678473487496376
v -0.26681140065193176 0.13189660012722015 0.14673103392124176
v -0.235208660364151 0.13409388065338135 0.1276642382144928
v -0.21743229031562805 0.12176269292831421 0.1172432154417038
v -0.2650325894355774 0.1265418529510498 0.07595095783472061
v -0.267164409160614 0.13848833739757538 0.08982857316732407
v -0.27665790915489197 0.1395978331565857 0.10989849269390106
v -0.2819478511810303 0.13628916442394257 0.1289047747850418
v -0.1428983509540558 0.22589054703712463 -0.04123368859291077
v -0.1450481116771698 0.2282094955444336 -0.03962590917944908
v -0.15086159110069275 0.23505952954292297 -0.03749389201402664
v -0.1527070850133896 0.23253241181373596 -0.036152247339487076
v -0.139377161860466 0.22731854021549225 -0.03632672131061554
v -0.14395500719547272 0.23557834327220917 -0.03704695403575897
v -0.1511993557214737 0.23081330955028534 -0.04023880511522293
v -0.151578888297081 0.23465026915073395 -0.040009837597608566
v -0.1558515727519989 0.23297256231307983 -0.041451212018728256
v 0.3328087627887726 0.2740122675895691 -0.009666945785284042
v 0.3415210545063019 0.26920104026794434 -0.009772976860404015
v 0.34233909845352173 0.2636435925960541 -0.013021023012697697
v 0.34202903509140015 0.2621966302394867 -0.008376715704798698
v 0.34675824642181396 0.26333704590797424 -0.010411310940980911
v 0.34668585658073425 0.2642146944999695 -0.012526237405836582
v 0.34428420662879944 0.26463621854782104 -0.015776310116052628
v 0.34101125597953796 0.2678154706954956 -0.017219968140125275
v -0.2784358561038971 -0.1080261766910553 -0.024654358625411987
v -0.2997349202632904 -0.11697718501091003 -0.03847971558570862
v -0.29440978169441223 -0.08941283822059631 -0.0629456490278244
v -0.2985627353191376 -0.08029115200042725 -0.08410370349884033
v -0.27496135234832764 -0.07637757062911987 -0.08748562633991241
v -0.3525175154209137 -0.16123519837856293 -0.009533077478408813
v -0.342016339302063 -0.14228631556034088 -0.01976415514945984
v -0.30819666385650635 -0.1279914230108261 -0.020904749631881714
v -0.36008310317993164 -0.20433741807937622 -0.007210403680801392
v -0.29099488258361816 -0.06700953841209412 -0.11106030642986298
v -0.28031501173973083 -0.07114802300930023 -0.11955766379833221
v -0.26979637145996094 -0.07567034661769867 -0.12367983162403107
v -0.29469919204711914 -0.07044380903244019 -0.10141818225383759
v -0.25885826349258423 -0.0796811580657959 -0.1258331835269928
v -0.23358619213104248 -0.0778593122959137 -0.13331922888755798
v -0.21610736846923828 0.13218097388744354 0.090697281062603
v -0.22657182812690735 0.1305515170097351 0.04678983986377716
v -0.2526724338531494 0.13649143278598785 0.0682978481054306
v -0.278960645198822 0.13619285821914673 0.14574216306209564
v -0.253556489944458 0.13517536222934723 0.1516803503036499
v -0.23096723854541779 0.13978680968284607 0.11501544713973999
v -0.2524559497833252 0.14564384520053864 0.09439215809106827
v -0.26594820618629456 0.14616912603378296 0.10520002245903015
v -0.2760085463523865 0.1476629227399826 0.11348757147789001
v -0.284824401140213 0.14017906785011292 0.12437057495117188
v -0.14327384531497955 0.22814735770225525 -0.03926701471209526
v -0.14683003723621368 0.23282283544540405 -0.039910271763801575
v -0.1536310613155365 0.23679158091545105 -0.03444215655326843
v -0.14935049414634705 0.23932631313800812 -0.03644900023937225
v -0.14357911050319672 0.23377080261707306 -0.035853516310453415
v -0.15020707249641418 0.2396698296070099 -0.03793212026357651
v -0.15411154925823212 0.23373062908649445 -0.03792475163936615
v -0.15485437214374542 0.23750334978103638 -0.03808649256825447
v -0.15542899072170258 0.23735851049423218 -0.03882727026939392
v 0.3377211093902588 0.2731015384197235 -0.012475164607167244
v 0.3444550335407257 0.26792818307876587 -0.011341588571667671
v 0.3530803322792053 0.2714237570762634 -0.016466567292809486
v 0.3562602698802948 0.2716910243034363 -0.021102415397763252
v 0.3501647412776947 0.27139046788215637 -0.021535880863666534
v 0.34855079650878906 0.272494375705719 -0.020875651389360428
v -0.31317946314811707 -0.1067536473274231 -0.046834856271743774
v -0.31872183084487915 -0.09459711611270905 -0.07541882991790771
v -0.30986273288726807 -0.07391473650932312 -0.10018174350261688
v -0.3676554262638092 -0.18481868505477905 -0.010963857173919678
v -0.36207273602485657 -0.15218153595924377 -0.022430360317230225
v -0.32837873697280884 -0.12272937595844269 -0.03387776017189026
v -0.35748642683029175 -0.13422422111034393 -0.03314352035522461
v -0.36702537536621094 -0.21622171998023987 -0.011737734079360962
v -0.3078301250934601 -0.06393179297447205 -0.11524845659732819
v -0.287960022687912 -0.06834332644939423 -0.11758916079998016
v -0.298299640417099 -0.06411655247211456 -0.12298516929149628
v -0.27482396364212036 -0.07093964517116547 -0.12788549065589905
v -0.26459336280822754 -0.07311755418777466 -0.13167031109333038
v -0.24817436933517456 -0.07648307085037231 -0.1346721649169922
v -0.2237725555896759 -0.07331374287605286 -0.13972538709640503
v -0.23673668503761292 0.1429603397846222 0.08908073604106903
v -0.28342050313949585 0.13807769119739532 0.1453924924135208
v -0.2702913284301758 0.13823801279067993 0.15503481030464172
v -0.24105577170848846 0.14242799580097198 0.1404799520969391
v -0.2450023740530014 0.1498688906431198 0.12202108651399612
v -0.25159087777137756 0.15446245670318604 0.12185010313987732
v -0.261453241109848 0.156590536236763 0.11902401596307755
v -0.28280991315841675 0.14672088623046875 0.12492317706346512
v -0.27285036444664 0.15638242661952972 0.12233707308769226
v -0.14482270181179047 0.2323983609676361 -0.03892488777637482
v -0.14524096250534058 0.24035489559173584 -0.038150303065776825
v -0.15056167542934418 0.24422354996204376 -0.03440117835998535
v -0.1463720053434372 0.24654161930084229 -0.03640585392713547
v -0.14464883506298065 0.24035139381885529 -0.03858558088541031
v -0.15597301721572876 0.2430242896080017 -0.04332021623849869
v -0.1517718881368637 0.24050253629684448 -0.03504167124629021
v -0.16059155762195587 0.24646241962909698 -0.036868128925561905
v -0.15482079982757568 0.24400636553764343 -0.03352232277393341
v 0.34105417132377625 0.26980042457580566 -0.014636414125561714
v 0.344338983297348 0.27086159586906433 -0.016105977818369865
v 0.3624991476535797 0.28317946195602417 -0.032729800790548325
v 0.3596743643283844 0.2797985374927521 -0.024731654673814774
v 0.34440556168556213 0.2665504515171051 -0.012509630061686039
v -0.32024744153022766 -0.10416519641876221 -0.0605691522359848
v -0.3420810103416443 -0.10263258218765259 -0.07095843553543091
v -0.3218548595905304 -0.08513763546943665 -0.09393075108528137
v -0.3193679451942444 -0.07524347305297852 -0.11666673421859741
v -0.37472841143608093 -0.16921165585517883 -0.019966185092926025
v -0.37272554636001587 -0.20334163308143616 -0.014548182487487793
v -0.37640810012817383 -0.15320134162902832 -0.029930055141448975
v -0.36985939741134644 -0.13449722528457642 -0.044975340366363525
v -0.34617292881011963 -0.1147865355014801 -0.048796772956848145
v -0.3737417757511139 -0.2291630208492279 -0.019437730312347412
v -0.3076712489128113 -0.0656542181968689 -0.12770314514636993
v -0.30080723762512207 -0.0646452009677887 -0.13453945517539978
v -0.2873539328575134 -0.06595298647880554 -0.12763266265392303
v -0.27199646830558777 -0.06802374124526978 -0.1374717652797699
v -0.2533910572528839 -0.07052728533744812 -0.14106634259223938
v -0.2383173108100891 -0.07202273607254028 -0.14038339257240295
v -0.21003875136375427 -0.07541906833648682 -0.13761350512504578
v -0.27233538031578064 0.1406371295452118 0.15927961468696594
v -0.2840682864189148 0.13879412412643433 0.13745468854904175
v -0.25509750843048096 0.14200325310230255 0.1614353060722351
v -0.2451634705066681 0.14912058413028717 0.15698306262493134
v -0.2452709823846817 0.15470802783966064 0.1384788453578949
v -0.2524663805961609 0.15642544627189636 0.1298014372587204
v -0.2687848210334778 0.1599467247724533 0.12559285759925842
v -0.283202588558197 0.15354089438915253 0.12023025751113892
v -0.14337152242660522 0.2417905330657959 -0.037756212055683136
v -0.14581285417079926 0.24844001233577728 -0.040088143199682236
v -0.1471848487854004 0.2514187693595886 -0.03388193994760513
v -0.14608700573444366 0.25589048862457275 -0.038047853857278824
v -0.15081870555877686 0.24684025347232819 -0.04223673418164253
v -0.16290774941444397 0.25029122829437256 -0.04214106500148773
v -0.14943218231201172 0.24903541803359985 -0.03347121179103851
v -0.15491493046283722 0.2540740370750427 -0.029149934649467468
v -0.15811298787593842 0.25221362709999084 -0.030678339302539825
v 0.35097306966781616 0.2737657427787781 -0.01771453022956848
v 0.3526853322982788 0.2788388431072235 -0.031192749738693237
v 0.360139399766922 0.29310715198516846 -0.04266445338726044
v 0.36026209592819214 0.29086482524871826 -0.04267992079257965
v 0.34747371077537537 0.2766782343387604 -0.028445042669773102
v 0.34707632660865784 0.2789328992366791 -0.028959356248378754
v -0.35569703578948975 -0.11311717331409454 -0.06581464409828186
v -0.3357815146446228 -0.09790811687707901 -0.08656744658946991
v -0.32667165994644165 -0.08565536141395569 -0.10970354080200195
v -0.3204779326915741 -0.07193662226200104 -0.12967106699943542
v -0.38878029584884644 -0.1749715358018875 -0.028975188732147217
v -0.38514792919158936 -0.19153043627738953 -0.021550118923187256
v -0.38215136528015137 -0.21213556826114655 -0.020753681659698486
v -0.3848384618759155 -0.14833107590675354 -0.04292747378349304
v -0.3685885965824127 -0.12353455275297165 -0.06048029661178589
v -0.37715470790863037 -0.24123656749725342 -0.025857597589492798
v -0.31430381536483765 -0.06786546111106873 -0.1394442617893219
v -0.30668705701828003 -0.06493663787841797 -0.14644435048103333
v -0.29064273834228516 -0.06531904637813568 -0.14107216894626617
v -0.2588614225387573 -0.0681234747171402 -0.14875675737857819
v -0.24313226342201233 -0.06990490853786469 -0.14710190892219543
v -0.22831957042217255 -0.07057319581508636 -0.14345094561576843
v -0.2041633576154709 -0.07672610878944397 -0.15219585597515106
v -0.27403125166893005 0.13542556762695312 0.15423059463500977
v -0.2609107196331024 0.14121875166893005 0.1615121066570282
v -0.2867068350315094 0.14203312993049622 0.1331518441438675
v -0.2467595934867859 0.14115655422210693 0.15772482752799988
v -0.23812374472618103 0.14562788605690002 0.14699973165988922
v -0.2421799600124359 0.1571616381406784 0.14132243394851685
v -0.2505468428134918 0.16241435706615448 0.12935152649879456
v -0.27705737948417664 0.16264499723911285 0.12453649938106537
v -0.14515721797943115 0.24982085824012756 -0.04079020023345947
v -0.147777259349823 0.2583792805671692 -0.041645921766757965
v -0.14678609371185303 0.25758227705955505 -0.0331391803920269
v -0.14827516674995422 0.266948938369751 -0.03991685062646866
v -0.15896615386009216 0.2559555470943451 -0.04677646979689598
v -0.16431541740894318 0.2510911524295807 -0.03838706761598587
v -0.14975343644618988 0.2564537525177002 -0.030129417777061462
v -0.1564277559518814 0.25901973247528076 -0.025948524475097656
v -0.16055065393447876 0.25666284561157227 -0.028191588819026947
v 0.34793567657470703 0.27678805589675903 -0.02741766721010208
v 0.35593995451927185 0.28546425700187683 -0.034627463668584824
v 0.35027676820755005 0.28774482011795044 -0.03933729976415634
v 0.35416048765182495 0.30176499485969543 -0.060151174664497375
v 0.3563433289527893 0.2968445420265198 -0.05709394812583923
v 0.34759506583213806 0.28961604833602905 -0.04679402709007263
v 0.34767553210258484 0.28515899181365967 -0.040257059037685394
v -0.3501628041267395 -0.11012989282608032 -0.08033344149589539
v -0.33478468656539917 -0.09626758843660355 -0.10389353334903717
v -0.3295546770095825 -0.08403842151165009 -0.12479203939437866
v -0.325452983379364 -0.0720730572938919 -0.1449253410100937
v -0.39642372727394104 -0.1930537223815918 -0.031981468200683594
v -0.3923691511154175 -0.16417840123176575 -0.037348419427871704
v -0.39544880390167236 -0.20809298753738403 -0.030056655406951904
v -0.3904702067375183 -0.22696398198604584 -0.02865290641784668
v -0.38503143191337585 -0.1385323852300644 -0.05608406662940979
v -0.36391016840934753 -0.11947949230670929 -0.07311083376407623
v -0.3855679929256439 -0.24964118003845215 -0.03316003084182739
v -0.318173885345459 -0.0670085996389389 -0.15338581800460815
v -0.29614612460136414 -0.06476277112960815 -0.15400683879852295
v -0.30693596601486206 -0.06380525231361389 -0.16300027072429657
v -0.2783520221710205 -0.06546391546726227 -0.15190745890140533
v -0.24648568034172058 -0.06788483262062073 -0.1560724377632141
v -0.23389586806297302 -0.06997373700141907 -0.15125365555286407
v -0.22082771360874176 -0.0709867775440216 -0.15081936120986938
v -0.1993967443704605 -0.07834833860397339 -0.16485512256622314
v -0.27911126613616943 0.1328425407409668 0.14527499675750732
v -0.2578086256980896 0.12961626052856445 0.15821528434753418
v -0.28754639625549316 0.15546612441539764 0.12094683945178986
v -0.24007660150527954 0.1326676607131958 0.15576021373271942
v -0.23147231340408325 0.1381944715976715 0.15261006355285645
v -0.23393666744232178 0.1514841467142105 0.14795905351638794
v -0.2783879041671753 0.16666455566883087 0.11797886341810226
v -0.24053940176963806 0.16448426246643066 0.13368640840053558
v -0.15225453674793243 0.2575320303440094 -0.04510151967406273
v -0.15293888747692108 0.26478996872901917 -0.04596075043082237
v -0.1495758444070816 0.26537826657295227 -0.028561975806951523
v -0.15452180802822113 0.2751966714859009 -0.03526996448636055
v -0.1632300764322281 0.2575775682926178 -0.044846948236227036
v -0.1658574640750885 0.26021313667297363 -0.0332128144800663
v -0.15435250103473663 0.2589886784553528 -0.023804210126399994
v -0.16088417172431946 0.2672092318534851 -0.022396527230739594
v -0.1659262478351593 0.2664754390716553 -0.02503344416618347
v 0.3477196991443634 0.28921690583229065 -0.048315420746803284
v 0.3515901267528534 0.29713571071624756 -0.05727661773562431
v 0.34803876280784607 0.2944851815700531 -0.05391513183712959
v 0.34901443123817444 0.3043256402015686 -0.07070562243461609
v 0.3505875766277313 0.3054712414741516 -0.06701478362083435
v 0.34998583793640137 0.29626521468162537 -0.06342563033103943
v 0.34838545322418213 0.29804667830467224 -0.06466548889875412
v -0.34377434849739075 -0.10536958277225494 -0.0989590436220169
v -0.3383948802947998 -0.09605567157268524 -0.11846993863582611
v -0.3346586227416992 -0.08127287030220032 -0.1427534818649292
v -0.33188724517822266 -0.07333046197891235 -0.15488074719905853
v -0.40756067633628845 -0.20122991502285004 -0.03844708204269409
v -0.4019361734390259 -0.18427491188049316 -0.0391353964805603
v -0.39587539434432983 -0.15742293000221252 -0.049744606018066406
v -0.4052286744117737 -0.22222107648849487 -0.03859660029411316
v -0.4022987186908722 -0.23953425884246826 -0.040556520223617554
v -0.38256531953811646 -0.13118362426757812 -0.0705324113368988
v -0.3545630872249603 -0.11840751767158508 -0.08779062330722809
v -0.3961392343044281 -0.2613452672958374 -0.0441860556602478
v -0.3241698145866394 -0.0667804628610611 -0.16962048411369324
v -0.3045823574066162 -0.06318332254886627 -0.1782853752374649
v -0.2864575982093811 -0.06467282772064209 -0.1682497262954712
v -0.2641041874885559 -0.06647747755050659 -0.16258437931537628
v -0.2457050383090973 -0.06782664358615875 -0.17076677083969116
v -0.23097799718379974 -0.06913261115550995 -0.16091813147068024
v -0.21359339356422424 -0.07264824211597443 -0.16248971223831177
v -0.19638405740261078 -0.07978382706642151 -0.17472954094409943
v -0.28755828738212585 0.13080328702926636 0.13838507235050201
v -0.2944251596927643 0.1425541490316391 0.12848015129566193
v -0.26895880699157715 0.1239987164735794 0.14955753087997437
v -0.2910061478614807 0.15164335072040558 0.11475948989391327
v -0.24481201171875 0.12040913850069046 0.15535056591033936
v -0.2283054143190384 0.12744176387786865 0.1552315056324005
v -0.2257990837097168 0.14714299142360687 0.14656028151512146
v -0.2554320693016052 0.16596916317939758 0.12525983154773712
v -0.2804790139198303 0.1634005904197693 0.11664721369743347
v -0.162120521068573 0.26521313190460205 -0.047262631356716156
v -0.15682373940944672 0.2770422101020813 -0.04262598603963852
v -0.1579255759716034 0.2764061689376831 -0.027656227350234985
v -0.1602010726928711 0.2814107835292816 -0.034437455236911774
v -0.16449815034866333 0.2605563998222351 -0.04058995470404625
v -0.169606015086174 0.27002134919166565 -0.029941551387310028
v -0.15682938694953918 0.26796936988830566 -0.02135404944419861
v -0.1687605381011963 0.2784394919872284 -0.017587751150131226
v -0.16585871577262878 0.2794850766658783 -0.017409346997737885
v 0.34885549545288086 0.2963316738605499 -0.06950885057449341
v 0.3485161066055298 0.29908302426338196 -0.07433081418275833
v 0.35102272033691406 0.2995557188987732 -0.06134461984038353
v 0.344966322183609 0.3091120719909668 -0.07434909045696259
v 0.346071720123291 0.3089287579059601 -0.0691937655210495
v 0.3519306480884552 0.3007947504520416 -0.06853140890598297
v 0.34848305583000183 0.29588329792022705 -0.07740643620491028
v -0.34563061594963074 -0.10645521432161331 -0.11513669788837433
v -0.3400888442993164 -0.09228767454624176 -0.1335972398519516
v -0.3429960012435913 -0.08228686451911926 -0.15529553592205048
v -0.3412460684776306 -0.07634751498699188 -0.1654161661863327
v -0.4039900600910187 -0.17491286993026733 -0.04626041650772095
v -0.39754998683929443 -0.1528555154800415 -0.06416606903076172
v -0.41369184851646423 -0.23284968733787537 -0.0461137592792511
v -0.4133567810058594 -0.2470143586397171 -0.048391103744506836
v -0.37606281042099 -0.1307099163532257 -0.0846889466047287
v -0.35294780135154724 -0.11438408493995667 -0.10942091047763824
v -0.396115779876709 -0.27401870489120483 -0.0525151789188385
v -0.3192934989929199 -0.06646820902824402 -0.188270702958107
v -0.3027290105819702 -0.06440131366252899 -0.19295255839824677
v -0.2856733202934265 -0.06385959684848785 -0.186274915933609
v -0.2676484286785126 -0.06522153317928314 -0.17774754762649536
v -0.24775567650794983 -0.06665076315402985 -0.1851673424243927
v -0.22610168159008026 -0.06856437027454376 -0.1779651641845703
v -0.2059086412191391 -0.07478342950344086 -0.17737498879432678
v -0.270950585603714 0.12043654918670654 0.14616498351097107
v -0.2977147400379181 0.13602039217948914 0.1191430538892746
v -0.2873486876487732 0.12124265730381012 0.13389770686626434
v -0.29874932765960693 0.1493743658065796 0.10969313234090805
v -0.24901318550109863 0.11588532477617264 0.149322047829628
v -0.22941458225250244 0.12723122537136078 0.14633458852767944
v -0.23166035115718842 0.1608206331729889 0.13420848548412323
v -0.2899482250213623 0.15390083193778992 0.1093050166964531
v -0.26916149258613586 0.16319052875041962 0.11562182754278183
v -0.1626550555229187 0.2683548331260681 -0.04436880722641945
v -0.1570819765329361 0.2798132002353668 -0.04148548096418381
v -0.16226042807102203 0.2867403030395508 -0.02846308797597885
v -0.15889549255371094 0.293144166469574 -0.037205956876277924
v -0.16607312858104706 0.2672816812992096 -0.035765089094638824
v -0.17445409297943115 0.2779656648635864 -0.023270033299922943
v -0.16167181730270386 0.2822777330875397 -0.02165398746728897
v -0.17084690928459167 0.29927465319633484 -0.015528291463851929
v -0.17343872785568237 0.2978774309158325 -0.00986887514591217
v 0.34485387802124023 0.29739025235176086 -0.08281800150871277
v 0.34414470195770264 0.2979411482810974 -0.08518994599580765
v 0.3499473035335541 0.3070380985736847 -0.06990718096494675
v 0.3415534794330597 0.3112927973270416 -0.07121874392032623
v 0.3448672890663147 0.309906929731369 -0.06942308694124222
v 0.3430359959602356 0.29828327894210815 -0.08231430500745773
v 0.3485274314880371 0.2994156777858734 -0.07429908961057663
v -0.34953033924102783 -0.10263128578662872 -0.12955208122730255
v -0.3436102271080017 -0.08888988196849823 -0.14531126618385315
v -0.34896814823150635 -0.08396103978157043 -0.16399985551834106
v -0.3386538624763489 -0.07198014855384827 -0.18165846168994904
v -0.4180363714694977 -0.1916739046573639 -0.04977676272392273
v -0.4116061329841614 -0.17263087630271912 -0.05761513113975525
v -0.4005734920501709 -0.1471349000930786 -0.08236294984817505
v -0.42587727308273315 -0.23836979269981384 -0.05401769280433655
v -0.4225652813911438 -0.21848280727863312 -0.048431217670440674
v -0.4140947461128235 -0.2607291042804718 -0.05656766891479492
v -0.36805373430252075 -0.12741398811340332 -0.11110860109329224
v -0.36090725660324097 -0.11808376759290695 -0.12681333720684052
v -0.391792356967926 -0.27722668647766113 -0.06393581628799438
v -0.3141026496887207 -0.06657819449901581 -0.20075827836990356
v -0.3030521273612976 -0.06529362499713898 -0.20881657302379608
v -0.2874628007411957 -0.06368803977966309 -0.19967609643936157
v -0.2716869115829468 -0.0645197331905365 -0.1932750642299652
v -0.25643518567085266 -0.06518810987472534 -0.20296956598758698
v -0.23330092430114746 -0.06757703423500061 -0.1955704391002655
v -0.20875686407089233 -0.07293102145195007 -0.1914684772491455
v -0.2670077681541443 0.11337809264659882 0.1404624879360199
v -0.2929674983024597 0.12704502046108246 0.11839951574802399
v -0.2793238162994385 0.11481814086437225 0.1287515014410019
v -0.2925988733768463 0.13206633925437927 0.10962694883346558
v -0.24364838004112244 0.11599717289209366 0.14515022933483124
v -0.22543483972549438 0.1355447769165039 0.1391216665506363
v -0.24532276391983032 0.16172093152999878 0.1262771487236023
v -0.2877066731452942 0.15855354070663452 0.11134284734725952
v -0.29354146122932434 0.1435675323009491 0.11303241550922394
v -0.16317127645015717 0.27363014221191406 -0.04232119023799896
v -0.16084487736225128 0.2864045202732086 -0.04347826540470123
v -0.15964888036251068 0.30291008949279785 -0.03220438212156296
v -0.16541633009910583 0.30598530173301697 -0.04038621485233307
v -0.1724397838115692 0.2787685990333557 -0.03509824350476265
v -0.1834346055984497 0.2924303710460663 -0.014244526624679565
v -0.16163112223148346 0.2983805239200592 -0.023964032530784607
v -0.1813419908285141 0.3242560029029846 -0.008069425821304321
v -0.1753435581922531 0.32384157180786133 -0.020624779164791107
v 0.33641156554222107 0.29637226462364197 -0.08001723140478134
v 0.33560481667518616 0.300630122423172 -0.07671092450618744
v 0.33827802538871765 0.30594131350517273 -0.07639842480421066
v 0.3496875762939453 0.3041796088218689 -0.06881660968065262
v 0.3437459468841553 0.3062326908111572 -0.06847850978374481
v 0.33823680877685547 0.30944114923477173 -0.06844934076070786
v 0.3408490717411041 0.29774636030197144 -0.07668761909008026
v 0.33568572998046875 0.2961205840110779 -0.07584825158119202
v -0.3504444360733032 -0.09620082378387451 -0.14309905469417572
v -0.35222452878952026 -0.09088516235351562 -0.15548408031463623
v -0.35349470376968384 -0.08245953917503357 -0.17446079850196838
v -0.3322058320045471 -0.07071125507354736 -0.2015622854232788
v -0.41763079166412354 -0.16752412915229797 -0.07295510172843933
v -0.39511555433273315 -0.1438092291355133 -0.10427919030189514
v -0.4242061376571655 -0.2523195743560791 -0.057461321353912354
v -0.43513861298561096 -0.23085647821426392 -0.060106903314590454
v -0.4139046370983124 -0.2703462243080139 -0.0677967369556427
v -0.38035476207733154 -0.13632874190807343 -0.13146235048770905
v -0.3630215525627136 -0.10950981080532074 -0.1448344737291336
v -0.38588088750839233 -0.2780083417892456 -0.078541100025177
v -0.31688192486763 -0.06631648540496826 -0.21267090737819672
v -0.30456680059432983 -0.06430280208587646 -0.22035972774028778
v -0.29071587324142456 -0.06442537903785706 -0.215295672416687
v -0.2769911587238312 -0.0638328492641449 -0.20817610621452332
v -0.2618308961391449 -0.06907686591148376 -0.22037503123283386
v -0.24154940247535706 -0.06943987309932709 -0.21366220712661743
v -0.21623259782791138 -0.0726005882024765 -0.2077367752790451
v -0.20205551385879517 -0.08585160970687866 -0.2204175889492035
v -0.25461435317993164 0.10923394560813904 0.13810595870018005
v -0.2840384542942047 0.11648649722337723 0.12010902166366577
v -0.2659335732460022 0.10865460336208344 0.12764635682106018
v -0.28733712434768677 0.12896130979061127 0.11716803163290024
v -0.23496180772781372 0.11878352612257004 0.1431492567062378
v -0.22972330451011658 0.1457613855600357 0.13059547543525696
v -0.26236844062805176 0.1645505726337433 0.11433371901512146
v -0.29077422618865967 0.14658698439598083 0.11633755266666412
v -0.288455992937088 0.13236911594867706 0.11774609982967377
v -0.16898931562900543 0.28684964776039124 -0.04190806299448013
v -0.1684826910495758 0.3010826110839844 -0.04562867432832718
v -0.17814573645591736 0.3143092095851898 -0.04394951090216637
v -0.18246564269065857 0.3306969702243805 -0.027315489947795868
v -0.18815359473228455 0.2926948070526123 -0.024608232080936432
v -0.1924261599779129 0.3164025545120239 -0.006946258246898651
v -0.1701275110244751 0.32331931591033936 -0.03185470402240753
v -0.18990176916122437 0.33977049589157104 -0.012015089392662048
v -0.18588042259216309 0.3422407805919647 -0.019537515938282013
v 0.3324292004108429 0.30008968710899353 -0.07550878822803497
v 0.3313530385494232 0.30285215377807617 -0.07434618473052979
v 0.3343477249145508 0.3074682950973511 -0.07006203383207321
v 0.34314659237861633 0.3007727563381195 -0.06724671274423599
v 0.34024256467819214 0.30659055709838867 -0.0694667249917984
v 0.3423369228839874 0.30449241399765015 -0.06906863301992416
v 0.34289035201072693 0.29943975806236267 -0.07036583125591278
v 0.3353475332260132 0.30125731229782104 -0.07572945207357407
v 0.3318687081336975 0.3017790913581848 -0.07689100503921509
v -0.3613508939743042 -0.09937110543251038 -0.1554836630821228
v -0.35848480463027954 -0.0915495827794075 -0.16732268035411835
v -0.3537939190864563 -0.08177508413791656 -0.1904287338256836
v -0.32968348264694214 -0.0704999715089798 -0.21876797080039978
v -0.4303305745124817 -0.19320832192897797 -0.06515258550643921
v -0.42974793910980225 -0.1649230569601059 -0.09858185052871704
v -0.3953956365585327 -0.1495978981256485 -0.1373927891254425
v -0.430174320936203 -0.25944414734840393 -0.06547719240188599
v -0.4364887773990631 -0.24660982191562653 -0.06391945481300354
v -0.4379209876060486 -0.21288511157035828 -0.06275969743728638
v -0.4085254371166229 -0.2713283896446228 -0.07688933610916138
v -0.3742845058441162 -0.11196909844875336 -0.1584520787000656
v -0.38416147232055664 -0.2821791172027588 -0.09493541717529297
v -0.3164781928062439 -0.06637750566005707 -0.22623959183692932
v -0.29259365797042847 -0.06419579684734344 -0.22593829035758972
v -0.30481821298599243 -0.06449268758296967 -0.2325446605682373
v -0.28047704696655273 -0.06501120328903198 -0.22229276597499847
v -0.2647731304168701 -0.07039040327072144 -0.2327476143836975
v -0.24835270643234253 -0.07879850268363953 -0.22679156064987183
v -0.2251039743423462 -0.08410562574863434 -0.21822136640548706
v -0.24273242056369781 0.11326299607753754 0.1337621659040451
v -0.2527564764022827 0.11268801242113113 0.12587027251720428
v -0.27585527300834656 0.11429248750209808 0.12100936472415924
v -0.2743059992790222 0.1191687285900116 0.12502211332321167
v -0.22692759335041046 0.12622658908367157 0.13476181030273438
v -0.23835383355617523 0.1549794226884842 0.12384126335382462
v -0.27613410353660583 0.1597040444612503 0.11244591325521469
v -0.28539979457855225 0.1417716145515442 0.12099888175725937
v -0.281582772731781 0.13046897947788239 0.12293048948049545
v -0.1835537999868393 0.29856765270233154 -0.03818681836128235
v -0.19256600737571716 0.3184897005558014 -0.0398443266749382
v -0.20333880186080933 0.33594775199890137 -0.03371873497962952
v -0.2067900002002716 0.34349530935287476 -0.03819873929023743
v -0.20225830376148224 0.3132796883583069 -0.015761539340019226
v -0.1953147053718567 0.3362133502960205 -0.00720900297164917
v -0.19446738064289093 0.34208208322525024 -0.03507152199745178
v -0.19671204686164856 0.34653934836387634 -0.011260986328125
v -0.1919606477022171 0.3492124080657959 -0.018198058009147644
v 0.33067557215690613 0.30493026971817017 -0.07623784989118576
v 0.3280206322669983 0.30539968609809875 -0.07178588211536407
v 0.3321898579597473 0.3054192364215851 -0.06531686335802078
v 0.3400818109512329 0.3012194037437439 -0.07186564803123474
v 0.3429255187511444 0.30297884345054626 -0.07208537310361862
v 0.33894017338752747 0.2999019920825958 -0.07233279943466187
v 0.3381269872188568 0.3004060685634613 -0.0720953494310379
v 0.3287765383720398 0.30935513973236084 -0.07861943542957306
v 0.3275403678417206 0.3067885637283325 -0.08029592782258987
v -0.3684731125831604 -0.10064008086919785 -0.17238065600395203
v -0.365549236536026 -0.09207026660442352 -0.18014214932918549
v -0.3508318364620209 -0.08087480068206787 -0.20839516818523407
v -0.325109601020813 -0.06971295177936554 -0.23231253027915955
v -0.4289815425872803 -0.16301628947257996 -0.12126004695892334
v -0.4454089105129242 -0.18421223759651184 -0.09244844317436218
v -0.40505024790763855 -0.1556236296892166 -0.1479998379945755
v -0.3914704918861389 -0.14021843671798706 -0.14684367179870605
v -0.44479748606681824 -0.25155940651893616 -0.0767737329006195
v -0.4318515658378601 -0.2657042145729065 -0.07914942502975464
v -0.44840145111083984 -0.23332276940345764 -0.07303926348686218
v -0.4513709545135498 -0.21169321238994598 -0.08001339435577393
v -0.4063411355018616 -0.274311900138855 -0.08839699625968933
v -0.3763335347175598 -0.12436807155609131 -0.14382103085517883
v -0.38189029693603516 -0.1158779039978981 -0.17433397471904755
v -0.3861730098724365 -0.1275096982717514 -0.16050855815410614
v -0.37874481081962585 -0.2950059771537781 -0.11708712577819824
v -0.31542283296585083 -0.06540018320083618 -0.23786193132400513
v -0.30329805612564087 -0.06493207812309265 -0.24396909773349762
v -0.2948795557022095 -0.06493370234966278 -0.236444354057312
v -0.2820519506931305 -0.06586135923862457 -0.2352253943681717
v -0.2520379424095154 -0.07915246486663818 -0.24344079196453094
v -0.23168672621250153 -0.09475958347320557 -0.24234366416931152
v -0.20563726127147675 -0.09241785109043121 -0.24195899069309235
v -0.23246118426322937 0.12284938991069794 0.13451343774795532
v -0.2401626706123352 0.12143158912658691 0.13479071855545044
v -0.2592974305152893 0.11604401469230652 0.13182130455970764
v -0.2665769159793854 0.12466906756162643 0.13348835706710815
v -0.23029561340808868 0.13786272704601288 0.13094031810760498
v -0.2532542943954468 0.16193030774593353 0.114176906645298
v -0.28725171089172363 0.15742133557796478 0.11218804866075516
v -0.2829073369503021 0.13966695964336395 0.1314542442560196
v -0.2720777690410614 0.1297621726989746 0.13717105984687805
v -0.20285294950008392 0.3160232901573181 -0.030194692313671112
v -0.20952612161636353 0.3331124782562256 -0.032908037304878235
v -0.20380425453186035 0.3494797646999359 -0.0319218710064888
v -0.21125555038452148 0.35457733273506165 -0.03865605592727661
v -0.20857760310173035 0.3324066698551178 -0.010582759976387024
v -0.20392157137393951 0.3471302092075348 -0.007650300860404968
v -0.19443517923355103 0.3487664461135864 -0.027591988444328308
v -0.2045881301164627 0.34856635332107544 -0.00772586464881897
v -0.1967715173959732 0.35232508182525635 -0.01564418524503708
v 0.3276405930519104 0.3130875527858734 -0.07539127767086029
v 0.33398112654685974 0.31367266178131104 -0.07389459758996964
v 0.3409402370452881 0.31304362416267395 -0.07423128932714462
v 0.3335757851600647 0.30135178565979004 -0.07951870560646057
v 0.34859704971313477 0.309198260307312 -0.095537930727005
v 0.3408192992210388 0.30179932713508606 -0.09177431464195251
v 0.3296509385108948 0.3041384220123291 -0.08060760796070099
v 0.3219151496887207 0.3139505386352539 -0.08964517712593079
v 0.32296743988990784 0.32546234130859375 -0.09094441682100296
v -0.3764129877090454 -0.10527610778808594 -0.18308860063552856
v -0.3724348545074463 -0.09630540758371353 -0.1970103532075882
v -0.3440028429031372 -0.07646159827709198 -0.22852593660354614
v -0.32855719327926636 -0.06958292424678802 -0.2420634776353836
v -0.41525524854660034 -0.168527290225029 -0.15427203476428986
v -0.4449395537376404 -0.1822134256362915 -0.10689756274223328
v -0.4081231653690338 -0.159978449344635 -0.16295044124126434
v -0.39807572960853577 -0.14446301758289337 -0.162438303232193
v -0.45107361674308777 -0.2500346601009369 -0.09319055080413818
v -0.4562920928001404 -0.2323157787322998 -0.0894370973110199
v -0.42149943113327026 -0.2704313397407532 -0.08346766233444214
v -0.45605534315109253 -0.2060963213443756 -0.09998700022697449
v -0.398547887802124 -0.2875773012638092 -0.12727627158164978
v -0.39339131116867065 -0.13190025091171265 -0.17580300569534302
v -0.38938045501708984 -0.12189777195453644 -0.18638162314891815
v -0.39335158467292786 -0.30736154317855835 -0.13408178091049194
v -0.31426864862442017 -0.06576348841190338 -0.24937961995601654
v -0.28751271963119507 -0.06572151184082031 -0.24600252509117126
v -0.29665058851242065 -0.06590382754802704 -0.2585133910179138
v -0.2692062258720398 -0.07034854590892792 -0.24455079436302185
v -0.23583731055259705 -0.08115352690219879 -0.2551742196083069
v -0.21909788250923157 -0.08841133117675781 -0.2556683123111725
v -0.1994209587574005 -0.08899977803230286 -0.2624090313911438
v -0.2305077314376831 0.13451556861400604 0.1307070553302765
v -0.2503074109554291 0.12216436862945557 0.13556024432182312
v -0.23650617897510529 0.13647319376468658 0.1303129345178604
v -0.25170594453811646 0.1268867701292038 0.1475144922733307
v -0.23592591285705566 0.15017938613891602 0.12288202345371246
v -0.2707270383834839 0.16725869476795197 0.11026506125926971
v -0.2905660569667816 0.1531590223312378 0.12184271961450577
v -0.25517603754997253 0.13073858618736267 0.16278526186943054
v -0.27462196350097656 0.1347624957561493 0.15162284672260284
v -0.2170870304107666 0.3323344886302948 -0.019200637936592102
v -0.21843142807483673 0.3478548526763916 -0.031605012714862823
v -0.2208791822195053 0.3578965663909912 -0.035625360906124115
v -0.20638608932495117 0.3620862066745758 -0.024360477924346924
v -0.21851485967636108 0.3437861502170563 -0.014589965343475342
v -0.21423117816448212 0.350158154964447 -0.006420150399208069
v -0.19783438742160797 0.3541828691959381 -0.02494821697473526
v -0.2049444168806076 0.35366493463516235 -0.005068063735961914
v -0.20569860935211182 0.34920734167099 -0.014972604811191559
v 0.3356850743293762 0.33708739280700684 -0.09084618836641312
v 0.34584254026412964 0.3277473449707031 -0.08597807586193085
v 0.3514181077480316 0.3171774446964264 -0.08795617520809174
v 0.3317229151725769 0.3013972342014313 -0.09119352698326111
v 0.35848620533943176 0.3232157528400421 -0.11427927017211914
v 0.3481857478618622 0.31357088685035706 -0.11827736347913742
v 0.3231622576713562 0.3082856237888336 -0.093162901699543
v 0.31427866220474243 0.3280913829803467 -0.11358638107776642
v 0.32554006576538086 0.3529004156589508 -0.1139206513762474
v -0.3839980959892273 -0.11098728328943253 -0.19431781768798828
v -0.3683691918849945 -0.09196555614471436 -0.21668465435504913
v -0.3399101495742798 -0.07561621069908142 -0.24278508126735687
v -0.32981032133102417 -0.07038621604442596 -0.2526293396949768
v -0.439456582069397 -0.18281450867652893 -0.12587690353393555
v -0.4156607985496521 -0.17359033226966858 -0.16910049319267273
v -0.40464651584625244 -0.14996646344661713 -0.17697280645370483
v -0.41412270069122314 -0.16411368548870087 -0.17853844165802002
v -0.43395277857780457 -0.2622251808643341 -0.09668153524398804
v -0.448337197303772 -0.24176117777824402 -0.11306872963905334
v -0.457497239112854 -0.2278030514717102 -0.10655447840690613
v -0.42262858152389526 -0.270677387714386 -0.09867340326309204
v -0.45074915885925293 -0.20161469280719757 -0.1168452799320221
v -0.4078240990638733 -0.3016653060913086 -0.1448107361793518
v -0.4035850167274475 -0.14095740020275116 -0.193191260099411
v -0.39402899146080017 -0.12396799027919769 -0.2022387683391571
v -0.4009111523628235 -0.3185631036758423 -0.1475841999053955
v -0.3107702136039734 -0.06847980618476868 -0.2688298225402832
v -0.28963419795036316 -0.06755106151103973 -0.27668142318725586
v -0.2736184895038605 -0.06626111268997192 -0.263744592666626
v -0.25269851088523865 -0.06950929760932922 -0.2578863501548767
v -0.22808656096458435 -0.06740778684616089 -0.2694988548755646
v -0.20889443159103394 -0.0795818418264389 -0.26992279291152954
v -0.19332218170166016 -0.08218485116958618 -0.2800535559654236
v -0.23915113508701324 0.14942806959152222 0.12463824450969696
v -0.2393401861190796 0.14208084344863892 0.14769330620765686
v -0.24270251393318176 0.1595047116279602 0.13226769864559174
v -0.2398073673248291 0.13886770606040955 0.17038992047309875
v -0.24891206622123718 0.16229122877120972 0.11755874007940292
v -0.28562629222869873 0.1677720844745636 0.11552972346544266
v -0.28847798705101013 0.14758184552192688 0.13778769969940186
v -0.24913424253463745 0.13583329319953918 0.1811208724975586
v -0.26732656359672546 0.13464964926242828 0.17705488204956055
v -0.22315356135368347 0.3469982147216797 -0.02039451152086258
v -0.22603851556777954 0.3527340590953827 -0.032812461256980896
v -0.2011994868516922 0.3548276126384735 -0.020798958837985992
v -0.21402977406978607 0.3577835261821747 -0.02031402289867401
v -0.22215048968791962 0.33865559101104736 -0.021135739982128143
v -0.21773308515548706 0.34837186336517334 -0.0156252458691597
v -0.21677996218204498 0.355928897857666 -0.010155357420444489
v -0.21263374388217926 0.3534229099750519 -0.013938747346401215
v -0.21423524618148804 0.35953086614608765 -0.01910696178674698
v 0.3381258249282837 0.36269062757492065 -0.11208080500364304
v 0.3550802171230316 0.3534215986728668 -0.10631008446216583
v 0.36066755652427673 0.338111937046051 -0.10672362893819809
v 0.3344849646091461 0.31157881021499634 -0.11843495815992355
v 0.3580321967601776 0.3290272355079651 -0.14571644365787506
v 0.37135106325149536 0.34826698899269104 -0.13940094411373138
v 0.32254934310913086 0.31493911147117615 -0.11330484598875046
v 0.3178449273109436 0.36091840267181396 -0.15136709809303284
v 0.33461153507232666 0.3804541230201721 -0.13655208051204681
v -0.386086642742157 -0.11070035398006439 -0.21141266822814941
v -0.3583260178565979 -0.08640346676111221 -0.2350393384695053
v -0.3444706201553345 -0.07877074182033539 -0.249985009431839
v -0.3319699764251709 -0.07584382593631744 -0.2662671208381653
v -0.42416661977767944 -0.1914048194885254 -0.16451510787010193
v -0.42246317863464355 -0.1804312765598297 -0.1808398813009262
v -0.421525776386261 -0.17031371593475342 -0.18975119292736053
v -0.41333383321762085 -0.15740808844566345 -0.18620944023132324
v -0.42726707458496094 -0.2614121437072754 -0.12736201286315918
v -0.4364778697490692 -0.24319709837436676 -0.14854854345321655
v -0.45111939311027527 -0.22325238585472107 -0.12534800171852112
v -0.4217797517776489 -0.27843475341796875 -0.13998228311538696
v -0.4345250725746155 -0.20620635151863098 -0.14854806661605835
v -0.4097738564014435 -0.3161461353302002 -0.1630185842514038
v -0.3961872458457947 -0.12342137843370438 -0.21426789462566376
v -0.39955154061317444 -0.33393755555152893 -0.15896347165107727
v -0.30197638273239136 -0.07087871432304382 -0.2842785716056824
v -0.26984935998916626 -0.06577645242214203 -0.28832942247390747
v -0.2886359691619873 -0.06861117482185364 -0.28884974122047424
v -0.24720311164855957 -0.06492157280445099 -0.27601391077041626
v -0.207550048828125 -0.07248279452323914 -0.2858045697212219
v -0.22537845373153687 -0.06671829521656036 -0.29028773307800293
v -0.18978263437747955 -0.07972423732280731 -0.2959483563899994
v -0.25210654735565186 0.16835084557533264 0.1217140331864357
v -0.24008412659168243 0.15353716909885406 0.1616402566432953
v -0.24419140815734863 0.16775688529014587 0.1525631844997406
v -0.23954267799854279 0.14470717310905457 0.18758593499660492
v -0.2689800262451172 0.17667140066623688 0.11549660563468933
v -0.2926693856716156 0.16426478326320648 0.13374219834804535
v -0.2895227074623108 0.14750955998897552 0.15336032211780548
v -0.2672935426235199 0.13784226775169373 0.19463469088077545
v -0.25159841775894165 0.14000870287418365 0.19464080035686493
v -0.23238490521907806 0.3521180748939514 -0.023517735302448273
v -0.24408790469169617 0.346588671207428 -0.03505463898181915
v -0.21158871054649353 0.3591599762439728 -0.022674784064292908
v -0.22435444593429565 0.3597859740257263 -0.023439042270183563
v -0.23214979469776154 0.3638139069080353 -0.03902438282966614
v -0.2161889374256134 0.3560935854911804 -0.02333996444940567
v -0.21383637189865112 0.35820943117141724 -0.018033720552921295
v -0.22369787096977234 0.3562551736831665 -0.016115926206111908
v 0.3548898696899414 0.3848150074481964 -0.1358337104320526
v 0.3681197166442871 0.3725075423717499 -0.13416323065757751
v 0.3410392999649048 0.32179781794548035 -0.14126743376255035
v 0.3814607560634613 0.37875816226005554 -0.16644056141376495
v 0.370663046836853 0.35559016466140747 -0.17982438206672668
v 0.3216035068035126 0.33397376537323 -0.1496768593788147
v 0.33114326000213623 0.38906604051589966 -0.17216666042804718
v 0.3341485559940338 0.39644864201545715 -0.16227489709854126
v -0.378085732460022 -0.10186483711004257 -0.2261372059583664
v -0.3574260473251343 -0.08918879926204681 -0.24885064363479614
v -0.35047364234924316 -0.08625928312540054 -0.2591986656188965
v -0.320215106010437 -0.07524846494197845 -0.2815701961517334
v -0.4297051727771759 -0.19714704155921936 -0.18248862028121948
v -0.4305989146232605 -0.18656891584396362 -0.19301539659500122
v -0.4293939471244812 -0.17512139678001404 -0.20005807280540466
v -0.4193922281265259 -0.15680837631225586 -0.20219293236732483
v -0.4363706409931183 -0.229201078414917 -0.1571178138256073
v -0.4324699640274048 -0.2611483335494995 -0.14620918035507202
v -0.42395105957984924 -0.29570358991622925 -0.16167470812797546
v -0.4340461492538452 -0.20859894156455994 -0.1661086082458496
v -0.4106540381908417 -0.32807695865631104 -0.1745566725730896
v -0.4084911644458771 -0.13925078511238098 -0.2090998888015747
v -0.3931751251220703 -0.11774639785289764 -0.22384078800678253
v -0.406375914812088 -0.34316614270210266 -0.17684203386306763
v -0.3030010461807251 -0.07320155203342438 -0.2942700684070587
v -0.28294917941093445 -0.07248005270957947 -0.3052687644958496
v -0.2603472173213959 -0.07081085443496704 -0.30798202753067017
v -0.245040625333786 -0.06611175835132599 -0.29820138216018677
v -0.22770586609840393 -0.07095673680305481 -0.3110962510108948
v -0.20570732653141022 -0.07364054024219513 -0.31035202741622925
v -0.1784021556377411 -0.08639523386955261 -0.3100511431694031
v -0.2636007070541382 0.18635207414627075 0.13399644196033478
v -0.23970311880111694 0.15959590673446655 0.17492268979549408
v -0.2532198429107666 0.18103434145450592 0.16731244325637817
v -0.244174525141716 0.14924287796020508 0.2034822404384613
v -0.2831181585788727 0.17851004004478455 0.12908469140529633
v -0.29575374722480774 0.1679711490869522 0.15339040756225586
v -0.29178375005722046 0.14826618134975433 0.17229290306568146
v -0.2520393133163452 0.14178602397441864 0.2131006121635437
v -0.2675972878932953 0.14056310057640076 0.21998417377471924
v -0.22988691926002502 0.35349026322364807 -0.039056628942489624
v -0.23584416508674622 0.3615834712982178 -0.04787322133779526
v -0.232049360871315 0.3580454885959625 -0.05369268357753754
v -0.22869935631752014 0.3638022840023041 -0.0305982306599617
v -0.22329683601856232 0.3678230345249176 -0.041193194687366486
v 0.3744906485080719 0.3912382423877716 -0.15763020515441895
v 0.37186962366104126 0.4013626277446747 -0.15974147617816925
v 0.34355151653289795 0.34145352244377136 -0.176680788397789
v 0.3823438286781311 0.4026878774166107 -0.18779271841049194
v 0.3816894292831421 0.38132444024086 -0.20466279983520508
v 0.32177937030792236 0.36855727434158325 -0.19305875897407532
v 0.3338870108127594 0.39681991934776306 -0.205923393368721
v 0.34433889389038086 0.4099107086658478 -0.18792618811130524
v -0.3682554364204407 -0.09831057488918304 -0.24369637668132782
v -0.3630618453025818 -0.09511980414390564 -0.2533126175403595
v -0.3434801697731018 -0.08613337576389313 -0.27383098006248474
v -0.3170135021209717 -0.08121033012866974 -0.2977179288864136
v -0.43652766942977905 -0.20375996828079224 -0.19688832759857178
v -0.4363590478897095 -0.19103239476680756 -0.20656290650367737
v -0.4321334958076477 -0.17291317880153656 -0.21580730378627777
v -0.4195171594619751 -0.1510336697101593 -0.21840664744377136
v -0.44157177209854126 -0.25300663709640503 -0.16601517796516418
v -0.44313088059425354 -0.2293837070465088 -0.17694470286369324
v -0.4349767565727234 -0.2746273875236511 -0.16228598356246948
v -0.42502889037132263 -0.31314975023269653 -0.1751416027545929
v -0.4396921992301941 -0.2118011713027954 -0.18348443508148193
v -0.4184328615665436 -0.3332662880420685 -0.1840822994709015
v -0.40608012676239014 -0.1331431269645691 -0.22289898991584778
v -0.38373637199401855 -0.11152533441781998 -0.23922960460186005
v -0.4119016230106354 -0.34595778584480286 -0.19334515929222107
v -0.30478185415267944 -0.08199408650398254 -0.31115835905075073
v -0.28829604387283325 -0.08709767460823059 -0.3276529908180237
v -0.26604795455932617 -0.0798574686050415 -0.32362884283065796
v -0.24519577622413635 -0.07424996793270111 -0.31839388608932495
v -0.2250947803258896 -0.08242344856262207 -0.33578065037727356
v -0.19079306721687317 -0.09082663059234619 -0.33616721630096436
v -0.27146267890930176 0.1871037781238556 0.15493245422840118
v -0.26170483231544495 0.18683142960071564 0.18840637803077698
v -0.24308651685714722 0.1673523485660553 0.199351966381073
v -0.24402251839637756 0.15431912243366241 0.22123464941978455
v -0.2878571152687073 0.18365778028964996 0.14709335565567017
v -0.2983156442642212 0.17118531465530396 0.17084470391273499
v -0.28779616951942444 0.14826340973377228 0.20332665741443634
v -0.27068454027175903 0.14338526129722595 0.2461099624633789
v -0.2522544264793396 0.14528581500053406 0.24488386511802673
v -0.2303709238767624 0.37059468030929565 -0.05745132267475128
v -0.24149131774902344 0.36270835995674133 -0.06272878497838974
v -0.23667937517166138 0.36329689621925354 -0.05776374787092209
v -0.23035085201263428 0.36700716614723206 -0.052057549357414246
v -0.23301371932029724 0.3702552914619446 -0.06121163070201874
v 0.35928964614868164 0.415835976600647 -0.17882873117923737
v 0.37024420499801636 0.41534316539764404 -0.18544699251651764
v 0.3540884256362915 0.3696712255477905 -0.2183370292186737
v 0.3827461302280426 0.409509539604187 -0.21086086332798004
v 0.38026320934295654 0.4007878303527832 -0.2225547581911087
v 0.33618342876434326 0.38743841648101807 -0.22306941449642181
v 0.34690093994140625 0.40445080399513245 -0.22906115651130676
v 0.3491746187210083 0.4148895740509033 -0.21485166251659393
v -0.35943904519081116 -0.09714502096176147 -0.26472973823547363
v -0.3340488374233246 -0.08893045783042908 -0.2912694215774536
v -0.3237399458885193 -0.09231382608413696 -0.3088330626487732
v -0.44219741225242615 -0.21222653985023499 -0.20909789204597473
v -0.4415108561515808 -0.19697444140911102 -0.21974217891693115
v -0.4264287054538727 -0.1648625135421753 -0.2336607277393341
v -0.4127148985862732 -0.14447465538978577 -0.23545779287815094
v -0.4466729164123535 -0.2507530450820923 -0.191177636384964
v -0.44228795170783997 -0.2710767388343811 -0.17965444922447205
v -0.4356655478477478 -0.2910902500152588 -0.17917701601982117
v -0.42935609817504883 -0.3199925124645233 -0.19002434611320496
v -0.4470059275627136 -0.22377386689186096 -0.19395232200622559
v -0.4229273200035095 -0.3340751528739929 -0.20025008916854858
v -0.4001646339893341 -0.12812440097332 -0.23603405058383942
v -0.3726206421852112 -0.10510165244340897 -0.2521328926086426
v -0.4135006070137024 -0.34436047077178955 -0.2134074866771698
v -0.30598339438438416 -0.09699791669845581 -0.3280082046985626
v -0.2914081811904907 -0.1006973385810852 -0.3437371850013733
v -0.27572083473205566 -0.0914929062128067 -0.3383576273918152
v -0.2555418610572815 -0.08792063593864441 -0.33978813886642456
v -0.21557414531707764 -0.100528284907341 -0.3610919415950775
v -0.18855777382850647 -0.11021997034549713 -0.36606496572494507
v -0.27688857913017273 0.1898908168077469 0.16558729112148285
v -0.2476021945476532 0.17038406431674957 0.2239648699760437
v -0.26080912351608276 0.18790976703166962 0.21331903338432312
v -0.24824115633964539 0.16238349676132202 0.24870449304580688
v -0.2937281131744385 0.18636547029018402 0.16491416096687317
v -0.303305983543396 0.16532951593399048 0.19015395641326904
v -0.2849719822406769 0.14566321671009064 0.23254358768463135
v -0.2558809518814087 0.15946224331855774 0.279918372631073
v -0.26676326990127563 0.14913319051265717 0.27057722210884094
v -0.23725342750549316 0.3649444282054901 -0.0624394565820694
v -0.24053406715393066 0.3612440228462219 -0.06775245815515518
v -0.24323296546936035 0.3632097542285919 -0.06900373846292496
v -0.2419983148574829 0.3636069893836975 -0.0641617551445961
v -0.24054592847824097 0.36603057384490967 -0.06645587086677551
v -0.23882538080215454 0.3661571741104126 -0.06767532229423523
v 0.3603615164756775 0.4209008514881134 -0.19881226122379303
v 0.36883723735809326 0.42219120264053345 -0.20127986371517181
v 0.37528976798057556 0.41883307695388794 -0.20225021243095398
v 0.3716168999671936 0.39122456312179565 -0.23691236972808838
v 0.3784456253051758 0.416055828332901 -0.21339169144630432
v 0.3808455765247345 0.4151100516319275 -0.2229369878768921
v 0.3495389223098755 0.3922683894634247 -0.24379299581050873
v 0.3642474114894867 0.4114507734775543 -0.23834453523159027
v 0.363974928855896 0.41956889629364014 -0.2245262861251831
v -0.3732554316520691 -0.11269352585077286 -0.2677105665206909
v -0.35733872652053833 -0.1017904281616211 -0.27912312746047974
v -0.3450315594673157 -0.10873262584209442 -0.3009204864501953
v -0.32728493213653564 -0.10989850759506226 -0.32135245203971863
v -0.4461989998817444 -0.21632155776023865 -0.21911239624023438
v -0.43795737624168396 -0.18887311220169067 -0.23251652717590332
v -0.4177819490432739 -0.15880325436592102 -0.2508388161659241
v -0.40096110105514526 -0.13989850878715515 -0.25391560792922974
v -0.4451366066932678 -0.28072449564933777 -0.19537833333015442
v -0.4474133253097534 -0.26039591431617737 -0.2079494297504425
v -0.4364895820617676 -0.3048939108848572 -0.1900905966758728
v -0.4345107078552246 -0.3171585500240326 -0.20211315155029297
v -0.45197170972824097 -0.2338051050901413 -0.2079775631427765
v -0.42800289392471313 -0.3287188410758972 -0.21264171600341797
v -0.38812220096588135 -0.12384825944900513 -0.2554416060447693
v -0.40358787775039673 -0.3475419580936432 -0.2276618778705597
v -0.30853110551834106 -0.11265923082828522 -0.3413254916667938
v -0.2913490831851959 -0.116800457239151 -0.35989588499069214
v -0.27193009853363037 -0.10417483747005463 -0.35635221004486084
v -0.24376411736011505 -0.10271093249320984 -0.36241546273231506
v -0.28515732288360596 0.1993682086467743 0.18979161977767944
v -0.2615154981613159 0.18470783531665802 0.2408502697944641
v -0.2870209217071533 0.2056649923324585 0.2273717224597931
v -0.26061028242111206 0.17710517346858978 0.271861732006073
v -0.30448752641677856 0.1863916665315628 0.18746241927146912
v -0.3110089898109436 0.16197288036346436 0.22911913692951202
v -0.29043176770210266 0.14952032268047333 0.26868948340415955
v -0.2770676612854004 0.15876063704490662 0.2943150997161865
v -0.27491873502731323 0.16889961063861847 0.3012782037258148
v -0.24360156059265137 0.3625306189060211 -0.0691986232995987
v -0.2455902397632599 0.36085110902786255 -0.07766087353229523
v -0.24646037817001343 0.3580675721168518 -0.0741557776927948
v -0.2412198930978775 0.36234548687934875 -0.07399217039346695
v -0.2447786033153534 0.36160749197006226 -0.0729588121175766
v -0.24926243722438812 0.364438533782959 -0.0801275223493576
v 0.370200514793396 0.42584308981895447 -0.21693412959575653
v 0.3767387568950653 0.41839873790740967 -0.21220774948596954
v 0.37808656692504883 0.42363840341567993 -0.21634209156036377
v 0.3784959018230438 0.40563222765922546 -0.2307983934879303
v 0.37835007905960083 0.41951921582221985 -0.21191149950027466
v 0.3823164701461792 0.4225600063800812 -0.22109121084213257
v 0.3713585436344147 0.4090879559516907 -0.24005043506622314
v 0.3839156925678253 0.41957610845565796 -0.22606685757637024
v 0.3883562386035919 0.42010122537612915 -0.21620148420333862
v -0.38517284393310547 -0.13024365901947021 -0.27072638273239136
v -0.36891528964042664 -0.11969286948442459 -0.28313708305358887
v -0.346615195274353 -0.1277337372303009 -0.3135068416595459
v -0.32979118824005127 -0.1278037428855896 -0.3324515223503113
v -0.4454861581325531 -0.20858162641525269 -0.23088878393173218
v -0.430358350276947 -0.18038997054100037 -0.2506677210330963
v -0.4027811586856842 -0.15091878175735474 -0.2670515775680542
v -0.39441072940826416 -0.13612806797027588 -0.2619428038597107
v -0.4488633871078491 -0.2754744589328766 -0.2146000862121582
v -0.4505878686904907 -0.2508861720561981 -0.22331807017326355
v -0.44453996419906616 -0.2961638569831848 -0.2053086757659912
v -0.4351823329925537 -0.3138640522956848 -0.21676421165466309
v -0.4496612548828125 -0.22861014306545258 -0.22889739274978638
v -0.41971349716186523 -0.33182764053344727 -0.23128649592399597
v -0.39404115080833435 -0.3419058620929718 -0.2510334253311157
v -0.31465208530426025 -0.1315341591835022 -0.3537067174911499
v -0.2979367971420288 -0.13568980991840363 -0.3722410202026367
v -0.26948994398117065 -0.12280361354351044 -0.37728825211524963
v -0.22988849878311157 -0.12080192565917969 -0.3846260905265808
v -0.20632123947143555 -0.11576314270496368 -0.38038238883018494
v -0.18700391054153442 -0.12679952383041382 -0.38597506284713745
v -0.3157174289226532 0.205332949757576 0.21521393954753876
v -0.2809511721134186 0.19751909375190735 0.2672933042049408
v -0.3133774995803833 0.2128247320652008 0.2652522325515747
v -0.27021753787994385 0.1813095360994339 0.29683631658554077
v -0.3146131932735443 0.18226855993270874 0.21138906478881836
v -0.31849727034568787 0.17218312621116638 0.26523691415786743
v -0.30427491664886475 0.16979479789733887 0.2919442653656006
v -0.2951420843601227 0.17525573074817657 0.30393537878990173
v -0.282096266746521 0.17947077751159668 0.30663156509399414
v -0.24453584849834442 0.3648870587348938 -0.07335932552814484
v -0.25079309940338135 0.3629271388053894 -0.07638981938362122
v -0.2431895136833191 0.35980933904647827 -0.07994852215051651
v -0.25189143419265747 0.35382547974586487 -0.08704628050327301
v -0.24808885157108307 0.353133887052536 -0.08531300723552704
v -0.2500963509082794 0.361635684967041 -0.08699190616607666
v -0.2558903098106384 0.3633304834365845 -0.09413273632526398
v 0.3775952458381653 0.4174341559410095 -0.21579408645629883
v 0.37889400124549866 0.41625291109085083 -0.21627500653266907
v 0.37524664402008057 0.41506773233413696 -0.2120637446641922
v 0.38138890266418457 0.4161945581436157 -0.22912290692329407
v 0.38099023699760437 0.41808122396469116 -0.22994686663150787
v 0.38521644473075867 0.4140094518661499 -0.2128565013408661
v 0.38480013608932495 0.4117249548435211 -0.21270042657852173
v -0.3776847720146179 -0.1354871690273285 -0.2849971055984497
v -0.34906578063964844 -0.14329488575458527 -0.32212063670158386
v -0.3409140110015869 -0.14711934328079224 -0.3363301753997803
v -0.4401077926158905 -0.1984422653913498 -0.24737969040870667
v -0.419891893863678 -0.17258867621421814 -0.2654743194580078
v -0.388798326253891 -0.1484375149011612 -0.2810055911540985
v -0.4456697106361389 -0.2662543058395386 -0.23666879534721375
v -0.44604480266571045 -0.24135950207710266 -0.24476435780525208
v -0.44066792726516724 -0.2944703698158264 -0.2257518172264099
v -0.4300510883331299 -0.3091888427734375 -0.2385120391845703
v -0.4440956711769104 -0.21925795078277588 -0.24706292152404785
v -0.4134034514427185 -0.32197555899620056 -0.25113004446029663
v -0.3736022710800171 -0.330569326877594 -0.27771031856536865
v -0.3208245635032654 -0.1477097123861313 -0.3633970022201538
v -0.2872737646102905 -0.15135276317596436 -0.3894636034965515
v -0.2553064823150635 -0.1418311595916748 -0.39777153730392456
v -0.22869229316711426 -0.14023739099502563 -0.4020998179912567
v -0.2064000964164734 -0.13181588053703308 -0.39640820026397705
v -0.188120037317276 -0.13446049392223358 -0.38953298330307007
v -0.19349358975887299 -0.14291918277740479 -0.3996863067150116
v -0.3211752772331238 0.2088891714811325 0.24885523319244385
v -0.2912842333316803 0.1976473033428192 0.28923994302749634
v -0.3031507730484009 0.20103895664215088 0.2956514358520508
v -0.27682262659072876 0.18328715860843658 0.30665504932403564
v -0.32741451263427734 0.1944924294948578 0.24131882190704346
v -0.3189360499382019 0.18633505702018738 0.28431975841522217
v -0.3080901801586151 0.18248336017131805 0.30161142349243164
v -0.3049205541610718 0.18471366167068481 0.30922192335128784
v -0.29440462589263916 0.18389654159545898 0.3138461709022522
v -0.25491392612457275 0.36389487981796265 -0.08715362846851349
v -0.24991455674171448 0.3578280508518219 -0.08780539035797119
v -0.25003892183303833 0.359183669090271 -0.09572203457355499
v -0.2535106837749481 0.35261499881744385 -0.09457893669605255
v -0.25063472986221313 0.35422301292419434 -0.09333425760269165
v -0.254887193441391 0.3624260425567627 -0.10089001059532166
v -0.2566875219345093 0.361272394657135 -0.10328900814056396
v 0.3785858154296875 0.4078506827354431 -0.21377313137054443
v 0.37466350197792053 0.4106837511062622 -0.21333543956279755
v 0.374207466840744 0.41747480630874634 -0.20740672945976257
v 0.38468238711357117 0.42246517539024353 -0.2222871035337448
v 0.382583349943161 0.42507368326187134 -0.21544912457466125
v 0.3748619258403778 0.40622368454933167 -0.21042495965957642
v 0.37456458806991577 0.4016728103160858 -0.21151991188526154
v -0.37843215465545654 -0.14578881859779358 -0.2911643385887146
v -0.365667462348938 -0.1305517852306366 -0.29497337341308594
v -0.3690662980079651 -0.1509195864200592 -0.3055903911590576
v -0.36107364296913147 -0.16114245355129242 -0.31999140977859497
v -0.3324783444404602 -0.15242047607898712 -0.3512101173400879
v -0.4320931136608124 -0.19245536625385284 -0.26129263639450073
v -0.40345361828804016 -0.16756632924079895 -0.27928245067596436
v -0.43881532549858093 -0.25783777236938477 -0.2552623748779297
v -0.43695276975631714 -0.22994759678840637 -0.264323353767395
v -0.4363501965999603 -0.2845001518726349 -0.2458094358444214
v -0.4224974811077118 -0.29864901304244995 -0.25686115026474
v -0.43796730041503906 -0.20841875672340393 -0.25934648513793945
v -0.4013543426990509 -0.3156343698501587 -0.26931557059288025
v -0.36266517639160156 -0.3144935667514801 -0.2988702952861786
v -0.31602659821510315 -0.15965385735034943 -0.3759164810180664
v -0.26897743344306946 -0.1705932915210724 -0.4058429002761841
v -0.2404060959815979 -0.15610964596271515 -0.4098823070526123
v -0.21316999197006226 -0.15329769253730774 -0.41334861516952515
v -0.31712448596954346 0.20999473333358765 0.27362608909606934
v -0.2950440049171448 0.19585007429122925 0.2997159957885742
v -0.28517937660217285 0.190128356218338 0.30208876729011536
v -0.2818649411201477 0.18664734065532684 0.31627875566482544
v -0.32218414545059204 0.19828076660633087 0.2742452621459961
v -0.3149912655353546 0.18882454931735992 0.2980245351791382
v -0.31197017431259155 0.1902952492237091 0.30778712034225464
v -0.3119390606880188 0.18646736443042755 0.3145431876182556
v -0.3029874563217163 0.1879156082868576 0.320618212223053
v -0.2552100718021393 0.3597639203071594 -0.09595882147550583
v -0.2536450922489166 0.3563229441642761 -0.09570463746786118
v -0.2504158020019531 0.3546075224876404 -0.09739502519369125
v -0.25299888849258423 0.3550570011138916 -0.09669879078865051
v -0.25462162494659424 0.35509249567985535 -0.09439609944820404
v -0.25335627794265747 0.35800719261169434 -0.10760822892189026
v -0.2531805634498596 0.358955442905426 -0.10525982826948166
v 0.37111759185791016 0.4034229516983032 -0.21118707954883575
v 0.3864913582801819 0.4151321351528168 -0.2129116952419281
v 0.3798789978027344 0.4173334538936615 -0.21024927496910095
v 0.3800494968891144 0.41366493701934814 -0.21110981702804565
v 0.3795638680458069 0.4148763120174408 -0.21315135061740875
v 0.37222450971603394 0.40385693311691284 -0.21672053635120392
v 0.3704720735549927 0.40846550464630127 -0.2144394963979721
v -0.3894808888435364 -0.16223490238189697 -0.2915293872356415
v -0.38056567311286926 -0.17154917120933533 -0.3048672080039978
v -0.3510274291038513 -0.16943663358688354 -0.3373112082481384
v -0.4166516661643982 -0.19081884622573853 -0.2809945344924927
v -0.4275370240211487 -0.2499663233757019 -0.2739984691143036
v -0.4223249852657318 -0.228268563747406 -0.2826361358165741
v -0.42804086208343506 -0.27134063839912415 -0.266017884016037
v -0.40928223729133606 -0.2849264442920685 -0.28371936082839966
v -0.42754197120666504 -0.20907756686210632 -0.27441054582595825
v -0.3863886892795563 -0.3011658191680908 -0.2899201512336731
v -0.3494921922683716 -0.30665215849876404 -0.3067198395729065
v -0.3134649693965912 -0.18260930478572845 -0.3838661015033722
v -0.26661425828933716 -0.19916996359825134 -0.40272194147109985
v -0.23429208993911743 -0.17579825222492218 -0.41639938950538635
v -0.30775007605552673 0.20486973226070404 0.29874658584594727
v -0.2807244062423706 0.1925441324710846 0.3113499879837036
v -0.28624483942985535 0.19723817706108093 0.3049558401107788
v -0.2914704382419586 0.1891653835773468 0.326871395111084
v -0.3159593939781189 0.2005351036787033 0.29485177993774414
v -0.31734737753868103 0.19688205420970917 0.3036905527114868
v -0.3128706216812134 0.19552043080329895 0.3150455355644226
v -0.30408862233161926 0.19383661448955536 0.33336445689201355
v -0.3109525740146637 0.1906750649213791 0.321078896522522
v -0.25536879897117615 0.35970163345336914 -0.10168871283531189
v -0.256340354681015 0.3581809997558594 -0.09739004075527191
v -0.24706238508224487 0.35221976041793823 -0.09565091133117676
v -0.2501488924026489 0.35625261068344116 -0.09872107207775116
v -0.2545737624168396 0.35794734954833984 -0.09857319295406342
v -0.24896025657653809 0.3539544939994812 -0.0987994521856308
v -0.24807018041610718 0.35675686597824097 -0.1004425436258316
v 0.3737916648387909 0.41529786586761475 -0.21272365748882294
v 0.38456425070762634 0.41032060980796814 -0.21739186346530914
v 0.3936537206172943 0.4223727881908417 -0.22176381945610046
v 0.3876171112060547 0.42363816499710083 -0.21585553884506226
v 0.37567996978759766 0.4068252742290497 -0.21511082351207733
v 0.37202349305152893 0.4138481616973877 -0.22156234085559845
v 0.37411877512931824 0.4225749969482422 -0.21785035729408264
v -0.3984956741333008 -0.18038418889045715 -0.29246950149536133
v -0.3722025156021118 -0.18186473846435547 -0.31852632761001587
v -0.334728479385376 -0.16467151045799255 -0.3569045662879944
v -0.3506547212600708 -0.18089239299297333 -0.34545913338661194
v -0.41351285576820374 -0.2138780653476715 -0.29109883308410645
v -0.4143278896808624 -0.24572701752185822 -0.29163238406181335
v -0.4105145335197449 -0.22810137271881104 -0.2965814471244812
v -0.4167882204055786 -0.2626382112503052 -0.2851528525352478
v -0.3963056206703186 -0.2797044515609741 -0.29558634757995605
v -0.36883342266082764 -0.28889429569244385 -0.30780279636383057
v -0.32902252674102783 -0.29474785923957825 -0.3129032254219055
v -0.335636705160141 -0.18169373273849487 -0.3641704022884369
v -0.3427671790122986 -0.20539584755897522 -0.357195645570755
v -0.2956467270851135 -0.21111233532428741 -0.38760602474212646
v -0.2464897334575653 -0.2124146968126297 -0.4060624837875366
v -0.28051841259002686 -0.23569035530090332 -0.38011011481285095
v -0.2955079972743988 -0.27018094062805176 -0.34194737672805786
v -0.30591243505477905 0.2014622837305069 0.3060048818588257
v -0.2916474938392639 0.20561866462230682 0.313972532749176
v -0.28671032190322876 0.19817452132701874 0.3251889944076538
v -0.2968577444553375 0.19392476975917816 0.33818942308425903
v -0.3149510324001312 0.20140554010868073 0.3055877983570099
v -0.3188219964504242 0.1961849182844162 0.30607813596725464
v -0.3180451989173889 0.19459696114063263 0.31522995233535767
v -0.3104092478752136 0.199335977435112 0.33418703079223633
v -0.3029206693172455 0.1962728500366211 0.34482133388519287
v -0.2525281608104706 0.3600442707538605 -0.1000959500670433
v -0.25578442215919495 0.36065295338630676 -0.09754540026187897
v -0.2522367835044861 0.3582417368888855 -0.10055379569530487
v -0.25152847170829773 0.3574276864528656 -0.1021883636713028
v -0.24947704374790192 0.35880231857299805 -0.10069998353719711
v -0.24895043671131134 0.3559718430042267 -0.09811772406101227
v -0.24593409895896912 0.35610491037368774 -0.09930849075317383
v 0.3804665207862854 0.42523255944252014 -0.21410390734672546
v 0.3902587592601776 0.4141450822353363 -0.2260318398475647
v 0.3931664228439331 0.4289368987083435 -0.22274261713027954
v 0.39811986684799194 0.4327912926673889 -0.22652214765548706
v 0.37210941314697266 0.4019167125225067 -0.22257830202579498
v 0.38247406482696533 0.42890095710754395 -0.2257227748632431
v 0.38345950841903687 0.43204784393310547 -0.22187255322933197
v -0.40095579624176025 -0.2008470892906189 -0.29903268814086914
v -0.36641547083854675 -0.1918572187423706 -0.329073429107666
v -0.3571326732635498 -0.20228588581085205 -0.34453606605529785
v -0.40066611766815186 -0.23976609110832214 -0.3059496283531189
v -0.39995235204696655 -0.22059883177280426 -0.3058212101459503
v -0.4030693769454956 -0.2624906003475189 -0.2995948791503906
v -0.38475164771080017 -0.27551141381263733 -0.30647367238998413
v -0.3510091304779053 -0.27632936835289 -0.32065242528915405
v -0.3136296272277832 -0.28286296129226685 -0.32039645314216614
v -0.32680511474609375 -0.23175159096717834 -0.36083537340164185
v -0.3612147569656372 -0.23142221570014954 -0.33747658133506775
v -0.30846184492111206 -0.25203630328178406 -0.35401439666748047
v -0.30375197529792786 0.2043052613735199 0.3107825219631195
v -0.29501667618751526 0.20449745655059814 0.3370998203754425
v -0.29857832193374634 0.20722274482250214 0.3195999562740326
v -0.30476006865501404 0.1992589831352234 0.35170435905456543
v -0.3131427764892578 0.20341384410858154 0.30983710289001465
v -0.31972208619117737 0.2001899629831314 0.3129146099090576
v -0.3174545168876648 0.19440561532974243 0.3171688914299011
v -0.3214329779148102 0.18839600682258606 0.3414256274700165
v -0.3200526535511017 0.20267793536186218 0.35799533128738403
v -0.24732664227485657 0.35956600308418274 -0.09629470854997635
v -0.250308632850647 0.35799893736839294 -0.09790246188640594
v -0.25495901703834534 0.3600747287273407 -0.10443219542503357
v -0.2538803815841675 0.35655876994132996 -0.10397937893867493
v -0.2478601038455963 0.3607638478279114 -0.09986526519060135
v -0.25492462515830994 0.35885852575302124 -0.10224908590316772
v -0.2469942718744278 0.3581511974334717 -0.09795285761356354
v 0.3892171084880829 0.4322028160095215 -0.22092191874980927
v 0.3992997109889984 0.42754170298576355 -0.22552543878555298
v 0.3964805603027344 0.43740397691726685 -0.22720639407634735
v 0.40363040566444397 0.44003987312316895 -0.23345613479614258
v 0.38828814029693604 0.42446330189704895 -0.2306995838880539
v 0.392385870218277 0.4376224875450134 -0.23585444688796997
v 0.38992199301719666 0.4388306736946106 -0.23123322427272797
v -0.3882738947868347 -0.18780000507831573 -0.30545368790626526
v -0.37295740842819214 -0.21695396304130554 -0.32941409945487976
v -0.38473641872406006 -0.20468130707740784 -0.31559884548187256
v -0.38770246505737305 -0.22984693944454193 -0.316936731338501
v -0.3861432671546936 -0.24949249625205994 -0.31552672386169434
v -0.36967065930366516 -0.25997278094291687 -0.32177698612213135
v -0.3303026854991913 -0.2672531306743622 -0.33240655064582825
v -0.34756529331207275 -0.25564199686050415 -0.3344930112361908
v -0.3760182857513428 -0.2390786111354828 -0.32578665018081665
v -0.3020467162132263 0.2065260112285614 0.3151792883872986
v -0.303280770778656 0.21367324888706207 0.35060742497444153
v -0.30113255977630615 0.21487078070640564 0.3308110237121582
v -0.313821017742157 0.20586343109607697 0.36189842224121094
v -0.3138269782066345 0.20657119154930115 0.3160610795021057
v -0.31913867592811584 0.19807317852973938 0.3161664605140686
v -0.3259965181350708 0.1912580281496048 0.32575905323028564
v -0.3375074863433838 0.18344689905643463 0.3544265031814575
v -0.3336200416088104 0.19767802953720093 0.3749537467956543
v -0.2519369423389435 0.3585221469402313 -0.09752897173166275
v -0.24900507926940918 0.35899239778518677 -0.10000655055046082
v -0.25638943910598755 0.3580765426158905 -0.10628409683704376
v -0.2498694807291031 0.3580488860607147 -0.099374920129776
v -0.25273680686950684 0.35752180218696594 -0.10039888322353363
v -0.2566724717617035 0.35607895255088806 -0.10528700053691864
v -0.25558337569236755 0.35438263416290283 -0.10240424424409866
v 0.39445143938064575 0.4401012063026428 -0.22817933559417725
v 0.4027775824069977 0.4376610517501831 -0.23989790678024292
v 0.4057108759880066 0.44782203435897827 -0.23970821499824524
v 0.4093274474143982 0.4486103951931 -0.24532991647720337
v 0.3962879180908203 0.4394882023334503 -0.23705115914344788
v 0.39898449182510376 0.4463464319705963 -0.23740175366401672
v 0.3962995409965515 0.44332611560821533 -0.23644503951072693
v -0.31397756934165955 0.2101973295211792 0.31943589448928833
v -0.3124881386756897 0.22119593620300293 0.3485221266746521
v -0.3065716624259949 0.22068461775779724 0.33528658747673035
v -0.3308185040950775 0.2064286768436432 0.3605043888092041
v -0.321376770734787 0.20067772269248962 0.3136277198791504
v -0.32801374793052673 0.1901615411043167 0.31393319368362427
v -0.3348926901817322 0.18110600113868713 0.33389541506767273
v -0.3405076861381531 0.1850086748600006 0.3586809039115906
v -0.34136906266212463 0.19646206498146057 0.3621000647544861
v -0.2499447613954544 0.3546874523162842 -0.0938701331615448
v -0.2471538633108139 0.35587096214294434 -0.09666328132152557
v -0.2561533451080322 0.3562912940979004 -0.10250753909349442
v -0.24944403767585754 0.35256052017211914 -0.09541746973991394
v -0.24959832429885864 0.35412275791168213 -0.0964246392250061
v -0.2564043402671814 0.3548518419265747 -0.10398557782173157
v -0.25663331151008606 0.3539682924747467 -0.10509899258613586
v 0.3974626660346985 0.445800244808197 -0.23514863848686218
v 0.40775325894355774 0.44759389758110046 -0.24548684060573578
v 0.41091257333755493 0.4592350125312805 -0.25441357493400574
v 0.4107539653778076 0.4599871039390564 -0.2551456689834595
v 0.40322554111480713 0.4459315240383148 -0.2448299527168274
v 0.40541744232177734 0.45604830980300903 -0.24891240894794464
v 0.4014433026313782 0.44872310757637024 -0.24024054408073425
v -0.3149598240852356 0.2184385061264038 0.319230318069458
v -0.3159063756465912 0.22790558636188507 0.34003329277038574
v -0.32612550258636475 0.22023078799247742 0.35300910472869873
v -0.3437708020210266 0.20655061304569244 0.3578910231590271
v -0.3259824812412262 0.20187976956367493 0.3185884654521942
v -0.33520400524139404 0.188215970993042 0.3190198540687561
v -0.343299001455307 0.1783803403377533 0.34586405754089355
v -0.3463795781135559 0.2046259045600891 0.35148119926452637
v -0.3516441285610199 0.1890278458595276 0.3465428352355957
v -0.2482018768787384 0.3531160056591034 -0.09102199971675873
v -0.2511194050312042 0.349267840385437 -0.09547572582960129
v -0.24691033363342285 0.3485225439071655 -0.09368093311786652
v -0.2528326213359833 0.3552400767803192 -0.10019516944885254
v -0.2487495392560959 0.3545490503311157 -0.10072426497936249
v -0.24834144115447998 0.3444032371044159 -0.09651155024766922
v -0.2580907940864563 0.3540307879447937 -0.10186915099620819
v -0.25433868169784546 0.3502967357635498 -0.10086703300476074
v 0.4080578088760376 0.45646777749061584 -0.24869874119758606
v 0.4096209406852722 0.45722150802612305 -0.2523126006126404
v 0.41714805364608765 0.47245991230010986 -0.26442617177963257
v 0.4155343770980835 0.4722381830215454 -0.2644502520561218
v 0.4154979884624481 0.46446263790130615 -0.2560739517211914
v 0.41277483105659485 0.4631492793560028 -0.2574586570262909
v -0.31314170360565186 0.22228610515594482 0.32893407344818115
v -0.3413447141647339 0.2206442952156067 0.3496847152709961
v -0.34136083722114563 0.23543831706047058 0.34287029504776
v -0.3461136817932129 0.21761134266853333 0.3470170199871063
v -0.321481853723526 0.20640669763088226 0.32659202814102173
v -0.34759268164634705 0.1798247992992401 0.333810031414032
v -0.3516950011253357 0.18879052996635437 0.3442966938018799
v -0.35556793212890625 0.20037874579429626 0.3418048024177551
v -0.3532612919807434 0.20742788910865784 0.3464881181716919
v -0.24856910109519958 0.3447321355342865 -0.08886721730232239
v -0.24923473596572876 0.3443237543106079 -0.09150872379541397
v -0.25009918212890625 0.3397971987724304 -0.09198727458715439
v -0.2535349726676941 0.35530197620391846 -0.10226745903491974
v -0.25160515308380127 0.3533235788345337 -0.11199931800365448
v -0.2524709403514862 0.34364157915115356 -0.11002665013074875
v -0.25718334317207336 0.3553900718688965 -0.10156242549419403
v -0.25627127289772034 0.35133621096611023 -0.09776593744754791
v 0.42110785841941833 0.4653184413909912 -0.2643190920352936
v 0.4168844521045685 0.4671647548675537 -0.261096715927124
v 0.4244522452354431 0.4837990999221802 -0.27471309900283813
v 0.42817413806915283 0.47768911719322205 -0.274038702249527
v 0.4286995530128479 0.4715709686279297 -0.26820218563079834
v 0.4263516068458557 0.478704035282135 -0.27194249629974365
v -0.3205767869949341 0.2180391550064087 0.3365389108657837
v -0.35067158937454224 0.23460343480110168 0.34443801641464233
v -0.3526681661605835 0.2344665378332138 0.3400857150554657
v -0.35868388414382935 0.22323346138000488 0.3392152190208435
v -0.33503127098083496 0.1930677592754364 0.3260335922241211
v -0.3569453954696655 0.1900758296251297 0.3303847908973694
v -0.3534463047981262 0.19887560606002808 0.33830952644348145
v -0.3535681962966919 0.20482118427753448 0.33747202157974243
v -0.3621186316013336 0.2107793688774109 0.3361259400844574
v -0.25491946935653687 0.3403785228729248 -0.09048208594322205
v -0.2578572630882263 0.3450615108013153 -0.09524889290332794
v -0.254761278629303 0.33462652564048767 -0.10475574433803558
v -0.25964587926864624 0.3608008623123169 -0.11268770694732666
v -0.2594507932662964 0.3587814271450043 -0.13229043781757355
v -0.2564278244972229 0.3460909426212311 -0.12918175756931305
v -0.2617020905017853 0.3555111885070801 -0.10639072209596634
v -0.26513978838920593 0.35197147727012634 -0.10405831784009933
v 0.44019654393196106 0.4652121365070343 -0.2716944217681885
v 0.4265414774417877 0.4778668284416199 -0.2781211733818054
v 0.4396685063838959 0.49160683155059814 -0.28433477878570557
v 0.43938422203063965 0.4942791759967804 -0.29088395833969116
v 0.43834564089775085 0.48672714829444885 -0.2865183353424072
v 0.439744770526886 0.48569872975349426 -0.2805885076522827
v -0.3476852476596832 0.2363913506269455 0.3250906467437744
v -0.3605141043663025 0.23203523457050323 0.3340742886066437
v -0.3620065450668335 0.23452146351337433 0.3296468257904053
v -0.3667210042476654 0.22045733034610748 0.3280583918094635
v -0.3433631360530853 0.2022712081670761 0.32195568084716797
v -0.3546721935272217 0.19861742854118347 0.327838659286499
v -0.3580184876918793 0.20683370530605316 0.3336401581764221
v -0.35810333490371704 0.21280953288078308 0.3376280665397644
v -0.3635556101799011 0.21492910385131836 0.33187928795814514
v -0.2668020725250244 0.3437170386314392 -0.10186254978179932
v -0.2638329267501831 0.3349415063858032 -0.10039710998535156
v -0.2602264881134033 0.3344673216342926 -0.12303409725427628
v -0.2666475176811218 0.3300397992134094 -0.11727488040924072
v -0.26604700088500977 0.3609539270401001 -0.12614475190639496
v -0.2662918269634247 0.3611109256744385 -0.15070179104804993
v -0.26053500175476074 0.34949129819869995 -0.14871108531951904
v -0.26990851759910583 0.3584163188934326 -0.11941691488027573
v -0.2742701768875122 0.35198521614074707 -0.11679041385650635
v 0.43813228607177734 0.4872433841228485 -0.2748505771160126
v 0.4368516206741333 0.48845112323760986 -0.2951808571815491
v 0.43808457255363464 0.5064094662666321 -0.2879678010940552
v 0.4374246299266815 0.5005561113357544 -0.29355019330978394
v 0.4423639178276062 0.49171921610832214 -0.29838627576828003
v 0.4437536895275116 0.488809734582901 -0.29204773902893066
v -0.3678702712059021 0.23658359050750732 0.32003989815711975
v -0.36531513929367065 0.22516962885856628 0.3231058716773987
v -0.37164756655693054 0.2208000123500824 0.3233160972595215
v -0.3660692572593689 0.22136063873767853 0.3280457556247711
v -0.3576691150665283 0.2166942059993744 0.31408020853996277
v -0.36617186665534973 0.21598514914512634 0.3259837031364441
v -0.36093762516975403 0.2139652967453003 0.33248716592788696
v -0.3598175346851349 0.21971569955348969 0.3362405300140381
v -0.27261149883270264 0.3324549198150635 -0.11583484709262848
v -0.27892595529556274 0.340797483921051 -0.11395636200904846
v -0.26553431153297424 0.33374300599098206 -0.14466719329357147
v -0.2720326781272888 0.32823923230171204 -0.13549749553203583
v -0.27352169156074524 0.36627596616744995 -0.14025847613811493
v -0.2761366367340088 0.36965054273605347 -0.16384899616241455
v -0.2697819471359253 0.3572811782360077 -0.1686062067747116
v -0.283150851726532 0.3601256310939789 -0.13645917177200317
v -0.29105058312416077 0.35235458612442017 -0.13392892479896545
v 0.44758692383766174 0.4934624433517456 -0.2838859558105469
v 0.4416249990463257 0.49414411187171936 -0.30403441190719604
v 0.4370199143886566 0.5013918876647949 -0.29489395022392273
v 0.4372161030769348 0.49734562635421753 -0.2819361090660095
v 0.4455486834049225 0.4978388547897339 -0.3051419258117676
v 0.45107707381248474 0.49857136607170105 -0.30022358894348145
v -0.3817410469055176 0.21714338660240173 0.3283268213272095
v -0.36659255623817444 0.22486059367656708 0.33707863092422485
v -0.3656015396118164 0.223721444606781 0.3240669071674347
v -0.3672800660133362 0.22396960854530334 0.326917827129364
v -0.37361377477645874 0.22065310180187225 0.3293383717536926
v -0.36469826102256775 0.21401292085647583 0.3329591751098633
v -0.363242506980896 0.21917977929115295 0.33128824830055237
v -0.28248506784439087 0.32718801498413086 -0.13129758834838867
v -0.2924428880214691 0.33978790044784546 -0.13660448789596558
v -0.28873884677886963 0.32178792357444763 -0.1638963222503662
v -0.2711411416530609 0.33980393409729004 -0.16771851480007172
v -0.28900855779647827 0.37173789739608765 -0.15684963762760162
v -0.2794138491153717 0.3688882887363434 -0.18870839476585388
v -0.2791905999183655 0.35121771693229675 -0.19217264652252197
v -0.2995166778564453 0.3627728819847107 -0.152984619140625
v -0.3031485080718994 0.3567792475223541 -0.15249598026275635
v 0.4511581063270569 0.49402934312820435 -0.29013362526893616
v 0.44187816977500916 0.5024677515029907 -0.30113255977630615
v 0.4444003701210022 0.5001304745674133 -0.2829890847206116
v 0.4396968483924866 0.4992007613182068 -0.2952118217945099
v 0.45851659774780273 0.5062956809997559 -0.3113561272621155
v 0.44822919368743896 0.5017344951629639 -0.3114747405052185
v -0.3919127285480499 0.2269502878189087 0.3265824615955353
v -0.3704080581665039 0.22130683064460754 0.3270210325717926
v -0.36293888092041016 0.21344006061553955 0.32489603757858276
v -0.36290791630744934 0.21538975834846497 0.32438600063323975
v -0.3058589696884155 0.33317598700523376 -0.15567567944526672
v -0.3065740466117859 0.3479035794734955 -0.15240314602851868
v -0.2904299199581146 0.3360522389411926 -0.19405552744865417
v -0.3106277883052826 0.3297231197357178 -0.20251107215881348
v -0.29077500104904175 0.3795461058616638 -0.18212561309337616
v -0.2864004969596863 0.3639982342720032 -0.20846667885780334
v -0.29351913928985596 0.35037556290626526 -0.21528232097625732
v -0.3040658235549927 0.37420186400413513 -0.17327217757701874
v -0.3160055875778198 0.3638979196548462 -0.17271795868873596
v 0.4595920741558075 0.5026320815086365 -0.29525548219680786
v 0.43847689032554626 0.5006531476974487 -0.3057125210762024
v 0.4486984312534332 0.5097906589508057 -0.3054252564907074
v 0.4461405277252197 0.5056349039077759 -0.3186534643173218
v -0.3722905218601227 0.20719312131404877 0.32132983207702637
v -0.38780832290649414 0.20210948586463928 0.31835871934890747
v -0.382381796836853 0.21330836415290833 0.31799250841140747
v -0.37112924456596375 0.22021803259849548 0.3212815523147583
v -0.35875773429870605 0.2097335010766983 0.31817904114723206
v -0.3679063022136688 0.2033068984746933 0.3181914687156677
v -0.3245014250278473 0.34325408935546875 -0.178243026137352
v -0.3210110068321228 0.3279745876789093 -0.1856382042169571
v -0.32182440161705017 0.3368532657623291 -0.22117629647254944
v -0.3077884912490845 0.34057870507240295 -0.21825124323368073
v -0.2932640314102173 0.3796902000904083 -0.21085834503173828
v -0.30995333194732666 0.3522118330001831 -0.2344771921634674
v -0.3003180921077728 0.37023797631263733 -0.23386651277542114
v -0.3114969730377197 0.3823740780353546 -0.20176327228546143
v -0.3327941298484802 0.358653724193573 -0.20275679230690002
v 0.45833808183670044 0.5092145204544067 -0.30115094780921936
v 0.4682634174823761 0.5198907256126404 -0.32112884521484375
v 0.4694501757621765 0.5262253284454346 -0.33435991406440735
v 0.467084676027298 0.5119524002075195 -0.32076165080070496
v -0.37379324436187744 0.20109489560127258 0.3055028021335602
v -0.37427568435668945 0.19915823638439178 0.3115859031677246
v -0.36819693446159363 0.2094842493534088 0.30473148822784424
v -0.36721470952033997 0.2100919485092163 0.3129558563232422
v -0.3681435286998749 0.19312655925750732 0.3093191385269165
v -0.35711362957954407 0.20380276441574097 0.309922993183136
v -0.33159688115119934 0.33316317200660706 -0.21212385594844818
v -0.3380286395549774 0.34049591422080994 -0.20569032430648804
v -0.323234498500824 0.3446009159088135 -0.23365145921707153
v -0.3340661823749542 0.3405355215072632 -0.231471449136734
v -0.31321004033088684 0.3859054446220398 -0.2330121099948883
v -0.31708163022994995 0.36384132504463196 -0.25211700797080994
v -0.31932803988456726 0.3749915063381195 -0.252570778131485
v -0.33316105604171753 0.37597420811653137 -0.23262624442577362
v -0.34144696593284607 0.35535237193107605 -0.22256648540496826
v 0.46268919110298157 0.5095553994178772 -0.309140145778656
v 0.5025596022605896 0.5362074375152588 -0.3334699869155884
v 0.5012441277503967 0.5410981178283691 -0.35675719380378723
v 0.4696490466594696 0.5249158143997192 -0.32693591713905334
v -0.3771986961364746 0.19620056450366974 0.302871972322464
v -0.37730711698532104 0.20146161317825317 0.2977634072303772
v -0.3741662800312042 0.2058199644088745 0.3007848858833313
v -0.3695415258407593 0.2045503854751587 0.3027684688568115
v -0.36382603645324707 0.2008039802312851 0.29695919156074524
v -0.3799148201942444 0.19824455678462982 0.30172550678253174
v -0.34402143955230713 0.34624719619750977 -0.22723019123077393
v -0.32647496461868286 0.3527050316333771 -0.24936631321907043
v -0.33688753843307495 0.34830594062805176 -0.2471444308757782
v -0.3310392200946808 0.38199639320373535 -0.2537269592285156
v -0.3311656415462494 0.3674458861351013 -0.26425498723983765
v -0.3327195644378662 0.37272095680236816 -0.26350137591362
v -0.3410414755344391 0.37471383810043335 -0.24951022863388062
v -0.34660014510154724 0.3617324233055115 -0.24348567426204681
v 0.47085314989089966 0.5224310159683228 -0.3201758861541748
v 0.4912911057472229 0.5415412187576294 -0.3260016143321991
v 0.5086498260498047 0.5448192954063416 -0.32954028248786926
v 0.5492377877235413 0.5695433616638184 -0.3895634114742279
v 0.48906055092811584 0.5505220293998718 -0.3533903658390045
v 0.47550082206726074 0.544144332408905 -0.3410852551460266
v -0.38093337416648865 0.20062297582626343 0.2927301824092865
v -0.3834607005119324 0.19777259230613708 0.29413488507270813
v -0.3738144040107727 0.20331448316574097 0.2929038107395172
v -0.3768346607685089 0.20265673100948334 0.2974223792552948
v -0.39274275302886963 0.1977616548538208 0.2930243909358978
v -0.38363584876060486 0.19800856709480286 0.30265718698501587
v -0.3431103527545929 0.3506314158439636 -0.24244660139083862
v -0.33367782831192017 0.3601742684841156 -0.26407283544540405
v -0.3388209939002991 0.35662516951560974 -0.2627530097961426
v -0.3367134630680084 0.3732716739177704 -0.2662866413593292
v -0.3382677137851715 0.3745913505554199 -0.26126253604888916
v -0.3427678346633911 0.36973363161087036 -0.2581317126750946
v 0.47629135847091675 0.5383166670799255 -0.3290204107761383
v 0.48170140385627747 0.553124725818634 -0.336896151304245
v 0.49562573432922363 0.5497971773147583 -0.3307652473449707
v 0.5092869400978088 0.543741762638092 -0.32948437333106995
v 0.5176007151603699 0.5426818132400513 -0.33984237909317017
v 0.5119945406913757 0.5627149343490601 -0.36753982305526733
v 0.4942741096019745 0.5663964152336121 -0.3534248471260071
v -0.39219793677330017 0.20255252718925476 0.2853744924068451
v -0.3984709084033966 0.1995086520910263 0.2851555347442627
v -0.38593757152557373 0.19769829511642456 0.29186922311782837
v -0.3770785331726074 0.19385084509849548 0.29372021555900574
v -0.412106454372406 0.19708251953125 0.28432920575141907
v -0.4071173369884491 0.19567474722862244 0.2955118417739868
v -0.3451937437057495 0.35866785049438477 -0.2580517530441284
v -0.34242963790893555 0.36761045455932617 -0.27292734384536743
v -0.3434947729110718 0.3668369650840759 -0.2684970796108246
v -0.3429816663265228 0.3698491156101227 -0.27147606015205383
v -0.3449034094810486 0.36963778734207153 -0.27210918068885803
v -0.3397195041179657 0.3693835139274597 -0.2726564109325409
v -0.33467814326286316 0.36867356300354004 -0.2669694423675537
v 0.4944971799850464 0.5634846091270447 -0.3400270640850067
v 0.5012537240982056 0.5506504774093628 -0.3276917040348053
v 0.5075118541717529 0.5491378307342529 -0.3311072587966919
v 0.5100430250167847 0.5469156503677368 -0.3368472456932068
v 0.4931601881980896 0.5705607533454895 -0.3563854694366455
v 0.4832475781440735 0.538455605506897 -0.34335166215896606
v 0.5119776129722595 0.5708261728286743 -0.3673226535320282
v -0.4120856523513794 0.20683996379375458 0.2831258773803711
v -0.41147953271865845 0.2021884024143219 0.2812299132347107
v -0.4064970910549164 0.2028268426656723 0.2893145680427551
v -0.3956589102745056 0.18957000970840454 0.3138885796070099
v -0.3387307822704315 0.3704650402069092 -0.2680518627166748
v -0.34129059314727783 0.3779585063457489 -0.2792201340198517
v -0.35014331340789795 0.3764227032661438 -0.2757203280925751
v -0.34760919213294983 0.36744463443756104 -0.27784091234207153
v -0.3524284362792969 0.37021273374557495 -0.27694281935691833
v -0.3430578112602234 0.367313027381897 -0.28296172618865967
v -0.3354063034057617 0.3584003746509552 -0.2708530128002167
v 0.4939998686313629 0.5592745542526245 -0.3286903500556946
v 0.5043336153030396 0.5553190112113953 -0.3313782811164856
v 0.5156166553497314 0.559657096862793 -0.3290744125843048
v 0.5131170749664307 0.5603548884391785 -0.33009594678878784
v -0.42517316341400146 0.2078767716884613 0.28327643871307373
v -0.4281008243560791 0.20485514402389526 0.27923551201820374
v -0.3996396064758301 0.19098824262619019 0.29637712240219116
v -0.43036603927612305 0.20728066563606262 0.28917551040649414
v -0.42866969108581543 0.19180983304977417 0.2888421416282654
v -0.424290269613266 0.19356314837932587 0.3085630536079407
v -0.43091467022895813 0.19704750180244446 0.2777674198150635
v -0.32751238346099854 0.376911461353302 -0.2650781571865082
v -0.35558414459228516 0.3639097213745117 -0.2818465530872345
v -0.3603569269180298 0.37724757194519043 -0.2770066559314728
v -0.35768482089042664 0.364823579788208 -0.27661699056625366
v -0.3463015556335449 0.3708690404891968 -0.26773348450660706
v 0.5060912370681763 0.5574477910995483 -0.3299717605113983
v 0.5106981992721558 0.5610663890838623 -0.3295740783214569
v 0.5174093246459961 0.5723713040351868 -0.322733074426651
v 0.5099881291389465 0.5587909817695618 -0.33184653520584106
v 0.5097848773002625 0.5622032880783081 -0.3313138484954834
v -0.44971156120300293 0.20520099997520447 0.2796652913093567
v -0.44114750623703003 0.2074030041694641 0.280245304107666
v -0.4251457452774048 0.1930132955312729 0.3007609248161316
v -0.44218218326568604 0.20943067967891693 0.28683555126190186
v -0.45702531933784485 0.1974581927061081 0.29892975091934204
v -0.45907333493232727 0.19282683730125427 0.29106462001800537
v -0.44697925448417664 0.20095354318618774 0.27666175365448
v -0.33442988991737366 0.3826180696487427 -0.2654981315135956
v -0.3407677114009857 0.3519788980484009 -0.2769169807434082
v -0.33632779121398926 0.3753894567489624 -0.26784849166870117
v -0.3509218692779541 0.3630504012107849 -0.2647239863872528
v -0.34300124645233154 0.37244728207588196 -0.2655375003814697
v 0.5110233426094055 0.5641298294067383 -0.3279096186161041
v -0.45945101976394653 0.2105921506881714 0.28592902421951294
v -0.4511115849018097 0.2111627459526062 0.2823905348777771
v -0.44901055097579956 0.2043200582265854 0.2934093773365021
v -0.45652392506599426 0.21199975907802582 0.2819894254207611
v -0.48225104808807373 0.21138837933540344 0.28754130005836487
v -0.4937036335468292 0.20829841494560242 0.2901867926120758
v -0.47790610790252686 0.2050110548734665 0.2833501100540161
v -0.33406302332878113 0.37860608100891113 -0.27175378799438477
v -0.3351547122001648 0.36001700162887573 -0.2751696705818176
v -0.3328935503959656 0.37418681383132935 -0.2776765823364258
v -0.33578336238861084 0.36287009716033936 -0.25461286306381226
v -0.33715200424194336 0.3673352301120758 -0.2692178785800934
v -0.4572497606277466 0.21822944283485413 0.2819981575012207
v -0.45739516615867615 0.22323466837406158 0.28723353147506714
v -0.46840211749076843 0.20913489162921906 0.2866402864456177
v -0.4690869152545929 0.2187640368938446 0.27937883138656616
v -0.4560212790966034 0.19427981972694397 0.27779877185821533
v -0.48048341274261475 0.20099128782749176 0.28380221128463745
v -0.507643461227417 0.2252267599105835 0.2923499345779419
v -0.4979129135608673 0.22409147024154663 0.28606483340263367
v -0.48607516288757324 0.22106462717056274 0.29205167293548584
v -0.3341096341609955 0.37317541241645813 -0.2740864157676697
v -0.3433135151863098 0.368519127368927 -0.2873648703098297
v -0.33886706829071045 0.37456685304641724 -0.287841260433197
v -0.3399461507797241 0.35725677013397217 -0.2822379469871521
v -0.3391851782798767 0.3616323471069336 -0.2751370072364807
v -0.46393871307373047 0.2352275252342224 0.2817617356777191
v -0.4770182967185974 0.23451697826385498 0.28498467803001404
v -0.48274916410446167 0.2219439446926117 0.281352698802948
v -0.4799896478652954 0.22828930616378784 0.2808682918548584
v -0.5120494961738586 0.21944710612297058 0.2910383939743042
v -0.509434700012207 0.22996804118156433 0.28684571385383606
v -0.5059484839439392 0.23520466685295105 0.2882818579673767
v -0.4966011643409729 0.22856327891349792 0.2878156304359436
v -0.3326452672481537 0.3702530860900879 -0.2799800932407379
v -0.348880797624588 0.372967004776001 -0.29937154054641724
v -0.35113582015037537 0.3665297329425812 -0.29354315996170044
v -0.3529885411262512 0.3635408282279968 -0.28411048650741577
v -0.3349737524986267 0.36565670371055603 -0.2836170792579651
v -0.5056050419807434 0.2423732578754425 0.28061485290527344
v -0.5053281784057617 0.23499271273612976 0.2800077795982361
v -0.49290192127227783 0.23635333776474 0.2853192389011383
v -0.47985705733299255 0.23824921250343323 0.2847784757614136
v -0.51324063539505 0.22560472786426544 0.2876603603363037
v -0.5079401731491089 0.22989299893379211 0.2865963876247406
v -0.5103660821914673 0.23509910702705383 0.2847082018852234
v -0.5135506391525269 0.22871674597263336 0.28425121307373047
v -0.3385429084300995 0.3715047836303711 -0.29460570216178894
v -0.3557930588722229 0.3688451945781708 -0.3002340793609619
v -0.35772839188575745 0.3709418773651123 -0.30683913826942444
v -0.3491770029067993 0.36747467517852783 -0.29401278495788574
v -0.3394344449043274 0.3675408363342285 -0.29974165558815
v -0.5188930630683899 0.23129157721996307 0.28076237440109253
v -0.5208686590194702 0.24175307154655457 0.27564454078674316
v -0.49519583582878113 0.2404928207397461 0.2850617468357086
v -0.5223916172981262 0.2475149929523468 0.2764453887939453
v -0.5077519416809082 0.22822760045528412 0.283312052488327
v -0.5094805359840393 0.23543444275856018 0.2819814682006836
v -0.5127227902412415 0.23217841982841492 0.2852410078048706
v -0.5174317359924316 0.22905424237251282 0.28363263607025146
v -0.3518257737159729 0.371950626373291 -0.3157070279121399
v -0.3687892556190491 0.3663538098335266 -0.30481278896331787
v -0.35559844970703125 0.3685593008995056 -0.29700085520744324
v -0.3455756902694702 0.36780184507369995 -0.3027747869491577
v -0.3444693088531494 0.3581739664077759 -0.3126002848148346
v -0.5256878733634949 0.23317363858222961 0.2850516736507416
v -0.5369908213615417 0.23700958490371704 0.277628093957901
v -0.5108243227005005 0.23882555961608887 0.2785676121711731
v -0.540918231010437 0.24277977645397186 0.27424514293670654
v -0.5124629139900208 0.22938519716262817 0.28307047486305237
v -0.5154330730438232 0.2369837760925293 0.27747946977615356
v -0.5142289400100708 0.23589710891246796 0.2841574549674988
v -0.5218089818954468 0.23162709176540375 0.28552547097206116
v -0.36081236600875854 0.3630658984184265 -0.3300397992134094
v -0.35839366912841797 0.372574120759964 -0.29151487350463867
v -0.3759862184524536 0.35735538601875305 -0.3143361508846283
v -0.3500601053237915 0.3667721748352051 -0.3131324052810669
v -0.3554437756538391 0.35633888840675354 -0.3221988081932068
v -0.5267139077186584 0.23827987909317017 0.2844327986240387
v -0.5296518206596375 0.23752069473266602 0.2842903137207031
v -0.525261640548706 0.23562462627887726 0.27286219596862793
v -0.5449491143226624 0.23640185594558716 0.2857961058616638
v -0.5166016817092896 0.23207472264766693 0.28587955236434937
v -0.5271700024604797 0.23683317005634308 0.2815934419631958
v -0.5291222333908081 0.23128566145896912 0.27729934453964233
v -0.5229695439338684 0.23421704769134521 0.28338611125946045
v -0.3617314100265503 0.34860968589782715 -0.323035329580307
v -0.37273991107940674 0.36531198024749756 -0.3177575469017029
v -0.37431252002716064 0.3527545928955078 -0.3280315399169922
v -0.37014633417129517 0.3670049011707306 -0.3245323896408081
v -0.3607647120952606 0.3635956346988678 -0.326829731464386
v -0.5349643230438232 0.24052730202674866 0.28336256742477417
v -0.536684513092041 0.2360587865114212 0.28080078959465027
v -0.539315938949585 0.23056760430335999 0.28147003054618835
v -0.5474432706832886 0.24070709943771362 0.29024404287338257
v -0.5245583653450012 0.23415407538414001 0.2810594439506531
v -0.532909095287323 0.23219630122184753 0.28615444898605347
v -0.5398725271224976 0.2296813577413559 0.28800344467163086
v -0.5309545993804932 0.2331128865480423 0.28104835748672485
v -0.36575984954833984 0.3522114157676697 -0.3313732147216797
v -0.3791939616203308 0.3663170337677002 -0.34286701679229736
v -0.39021602272987366 0.35792016983032227 -0.34838953614234924
v -0.3826177716255188 0.3628183901309967 -0.34184473752975464
v -0.3759479522705078 0.36079323291778564 -0.3533526062965393
v -0.5534798502922058 0.2444448471069336 0.2842586040496826
v -0.5509277582168579 0.23993222415447235 0.2767075300216675
v -0.5473565459251404 0.23302975296974182 0.29319846630096436
v -0.5562563538551331 0.24465101957321167 0.29339486360549927
v -0.5309216380119324 0.23200973868370056 0.2820804715156555
v -0.553631067276001 0.2318219244480133 0.29794830083847046
v -0.5499180555343628 0.22978976368904114 0.2978264093399048
v -0.5454906821250916 0.22864961624145508 0.27806368470191956
v -0.37176766991615295 0.3535745143890381 -0.3421832323074341
v -0.3943931460380554 0.36453261971473694 -0.3525892496109009
v -0.3879544138908386 0.3672769367694855 -0.3650255501270294
v -0.39756935834884644 0.35920676589012146 -0.36642396450042725
v -0.38543814420700073 0.3668408691883087 -0.3817879557609558
v -0.5701310038566589 0.24381113052368164 0.275473415851593
v -0.5676069855690002 0.24649196863174438 0.2808516323566437
v -0.5579997897148132 0.2392883151769638 0.29892444610595703
v -0.5673547983169556 0.248866468667984 0.28959643840789795
v -0.5470996499061584 0.22688047587871552 0.28849437832832336
v -0.5660476088523865 0.22655938565731049 0.2998753786087036
v -0.5682669878005981 0.23287788033485413 0.3065323829650879
v -0.5613855123519897 0.2320220023393631 0.2730187177658081
v -0.3845633864402771 0.37011662125587463 -0.3695635497570038
v -0.41116228699684143 0.3723148703575134 -0.37743064761161804
v -0.388747900724411 0.3785770535469055 -0.3784675598144531
v -0.5758724808692932 0.2503034174442291 0.2843649387359619
v -0.5798125863075256 0.24800044298171997 0.27586624026298523
v -0.5683761835098267 0.24607783555984497 0.29983067512512207
v -0.5799329280853271 0.2531972825527191 0.2972826361656189
v -0.5631387829780579 0.223316952586174 0.285961776971817
v -0.5870488286018372 0.22987934947013855 0.3068234920501709
v -0.5809284448623657 0.22274568676948547 0.29579493403434753
v -0.5753123760223389 0.2376832216978073 0.267318457365036
v -0.4103807508945465 0.3582685589790344 -0.39190053939819336
v -0.3910755515098572 0.370248407125473 -0.39766281843185425
v -0.4210597574710846 0.37004202604293823 -0.38973620533943176
v -0.4043501913547516 0.380074143409729 -0.38674676418304443
v -0.5907192826271057 0.2546757161617279 0.2831040620803833
v -0.5905020236968994 0.2474336326122284 0.27320659160614014
v -0.5884112119674683 0.2443336397409439 0.309963583946228
v -0.5975513458251953 0.25147345662117004 0.3022218644618988
v -0.5786307454109192 0.22361892461776733 0.2815272808074951
v -0.6065525412559509 0.23707826435565948 0.3105122745037079
v -0.5999802947044373 0.22306494414806366 0.298215389251709
v -0.593604326248169 0.23135234415531158 0.27332183718681335
v -0.3920213282108307 0.3551027476787567 -0.3880457580089569
v -0.4205457270145416 0.35164278745651245 -0.3908722698688507
v -0.38762152194976807 0.37647849321365356 -0.3917846083641052
v -0.39092734456062317 0.37959668040275574 -0.39197611808776855
v -0.6004999876022339 0.255829393863678 0.2771359086036682
v -0.6083498597145081 0.2464795708656311 0.2742500305175781
v -0.6098852157592773 0.24415555596351624 0.31233686208724976
v -0.6102666854858398 0.2559921443462372 0.2959340512752533
v -0.5955270528793335 0.22627577185630798 0.27873122692108154
v -0.6158060431480408 0.23243361711502075 0.3013644218444824
v -0.6237707138061523 0.2383580356836319 0.3084603548049927
v -0.605776309967041 0.23287811875343323 0.2678220272064209
v -0.4150978922843933 0.35637974739074707 -0.3987210988998413
v -0.41773849725723267 0.3545500636100769 -0.3975244164466858
v -0.4125348627567291 0.37624263763427734 -0.39528602361679077
v -0.40479665994644165 0.37221214175224304 -0.3965388834476471
v -0.6204505562782288 0.2523221969604492 0.2724962532520294
v -0.6211486458778381 0.24678011238574982 0.26961636543273926
v -0.626649796962738 0.24676287174224854 0.3070673942565918
v -0.636164665222168 0.25689592957496643 0.28879326581954956
v -0.6239098906517029 0.2575533390045166 0.2760103940963745
v -0.6124451160430908 0.2306315153837204 0.28930389881134033
v -0.6467034816741943 0.24425993859767914 0.30476945638656616
v -0.6411711573600769 0.23545080423355103 0.300265908241272
v -0.6193467974662781 0.23925486207008362 0.27341553568840027
v -0.3962199091911316 0.3618074953556061 -0.3961602747440338
v -0.4121388792991638 0.36398375034332275 -0.4023686647415161
v -0.41898155212402344 0.36199888586997986 -0.40764448046684265
v -0.41813230514526367 0.370762437582016 -0.4010086953639984
v -0.4216253161430359 0.37359121441841125 -0.4109925329685211
v -0.6340309977531433 0.2526218295097351 0.2674798369407654
v -0.6342670917510986 0.24587199091911316 0.2652093470096588
v -0.6404112577438354 0.2517591118812561 0.3015326261520386
v -0.649178147315979 0.2580586373806 0.2793622612953186
v -0.6355386972427368 0.25587302446365356 0.26964858174324036
v -0.6366311311721802 0.23865346610546112 0.2844715118408203
v -0.667485773563385 0.24174919724464417 0.29874613881111145
v -0.6665573716163635 0.25037887692451477 0.2998118996620178
v -0.6475522518157959 0.2413337528705597 0.27263039350509644
v -0.41355809569358826 0.35853511095046997 -0.4044358730316162
v -0.42144325375556946 0.34248602390289307 -0.41079235076904297
v -0.4239436686038971 0.3669443130493164 -0.4163452088832855
v -0.4084588885307312 0.35543307662010193 -0.4093644917011261
v -0.4229748547077179 0.3747044801712036 -0.41145604848861694
v -0.4335804283618927 0.36919498443603516 -0.42180269956588745
v -0.6511522531509399 0.2506520748138428 0.2615041732788086
v -0.6582788228988647 0.2449888288974762 0.2633216381072998
v -0.6600309610366821 0.2552022933959961 0.29350700974464417
v -0.6534590721130371 0.258867084980011 0.26551103591918945
v -0.67466139793396 0.25956442952156067 0.2724529504776001
v -0.6603919863700867 0.24040235579013824 0.2855898141860962
v -0.6923904418945312 0.250233918428421 0.2953273355960846
v -0.689865231513977 0.2562527656555176 0.2950553894042969
v -0.6725934147834778 0.24286973476409912 0.2748396098613739
v -0.43643614649772644 0.37278980016708374 -0.40562868118286133
v -0.4337461590766907 0.3789268732070923 -0.4230175018310547
v -0.42266377806663513 0.35588961839675903 -0.4167931377887726
v -0.4389267563819885 0.37247568368911743 -0.43317943811416626
v -0.4342924654483795 0.37525326013565063 -0.4208255410194397
v -0.6833993196487427 0.25207147002220154 0.24999362230300903
v -0.6903916001319885 0.24513429403305054 0.26785391569137573
v -0.6808882355690002 0.2581521272659302 0.2862755060195923
v -0.699098527431488 0.2587933838367462 0.27507349848747253
v -0.6822561025619507 0.25748109817504883 0.2617606222629547
v -0.6883137822151184 0.24462318420410156 0.289298951625824
v -0.719348669052124 0.25771981477737427 0.28807151317596436
v -0.7074546813964844 0.2572892904281616 0.2894938588142395
v -0.7033223509788513 0.24863764643669128 0.2795434594154358
v -0.4403883218765259 0.3716543912887573 -0.43927326798439026
v -0.43749386072158813 0.3701636493206024 -0.4393368363380432
v -0.44047755002975464 0.3475256860256195 -0.44016119837760925
v -0.43873661756515503 0.35479146242141724 -0.4295754134654999
v -0.7145247459411621 0.25110718607902527 0.25905394554138184
v -0.7129938006401062 0.24827945232391357 0.2609105110168457
v -0.6978217959403992 0.260148286819458 0.27870041131973267
v -0.7188059091567993 0.25503528118133545 0.2630356550216675
v -0.7153177857398987 0.25255075097084045 0.25970566272735596
v -0.7123878598213196 0.2543429732322693 0.2869943380355835
v -0.7333073019981384 0.25540727376937866 0.2851610779762268
v -0.734862208366394 0.25387632846832275 0.2879047393798828
v -0.7213300466537476 0.247746080160141 0.2729327976703644
v -0.44409891963005066 0.3585437536239624 -0.4511914551258087
v -0.4534788131713867 0.3679383099079132 -0.45530933141708374
v -0.4464734196662903 0.34096044301986694 -0.4449002742767334
v -0.44873470067977905 0.3510670065879822 -0.4408959746360779
v -0.7301584482192993 0.25441884994506836 0.2654888331890106
v -0.7329058647155762 0.250081866979599 0.2632908821105957
v -0.7267460823059082 0.2582409381866455 0.28051772713661194
v -0.7395729422569275 0.2554068863391876 0.26714134216308594
v -0.7395946979522705 0.25947725772857666 0.2581574022769928
v -0.7292325496673584 0.2529620826244354 0.27867788076400757
v -0.7475535273551941 0.2540419101715088 0.2794806957244873
v -0.7494894862174988 0.2530655860900879 0.2797709107398987
v -0.738768458366394 0.24838247895240784 0.26976045966148376
v -0.4416027367115021 0.35144978761672974 -0.46572643518447876
v -0.4601401090621948 0.3693287670612335 -0.44188761711120605
v -0.46297675371170044 0.34004589915275574 -0.45457181334495544
v -0.46483442187309265 0.3493967652320862 -0.4595772325992584
v -0.7488741874694824 0.24893158674240112 0.26952308416366577
v -0.745719313621521 0.2535790503025055 0.26644307374954224
v -0.745664656162262 0.25723984837532043 0.2690724730491638
v -0.7656464576721191 0.2588537335395813 0.2586996555328369
v -0.7559270858764648 0.2544543147087097 0.2674662470817566
v -0.7522919178009033 0.24568964540958405 0.2745797336101532
v -0.7647722959518433 0.24987009167671204 0.2687060832977295
v -0.7597034573554993 0.25399327278137207 0.26928722858428955
v -0.7561721205711365 0.24780596792697906 0.2724306583404541
v -0.47595492005348206 0.3367600440979004 -0.4792330861091614
v -0.4773670732975006 0.3714401423931122 -0.47157299518585205
v -0.47277945280075073 0.34270673990249634 -0.4640180170536041
v -0.47157740592956543 0.35881489515304565 -0.46697142720222473
v -0.7609351873397827 0.25427818298339844 0.2675139307975769
v -0.7569640874862671 0.25136062502861023 0.27075591683387756
v -0.7561984062194824 0.2585795819759369 0.26203927397727966
v -0.7626569867134094 0.2550828456878662 0.26442474126815796
v -0.7618880271911621 0.2553914785385132 0.26678594946861267
v -0.7673560380935669 0.2441045343875885 0.27142003178596497
v -0.7673696875572205 0.2521924674510956 0.26475054025650024
v -0.7612335085868835 0.2528804838657379 0.2687097191810608
v -0.7658010721206665 0.2547151446342468 0.27628272771835327
v -0.4809137284755707 0.33987677097320557 -0.47673413157463074
v -0.49163582921028137 0.343010276556015 -0.4904661178588867
v -0.46935632824897766 0.34977489709854126 -0.46716487407684326
v -0.47205430269241333 0.3533509373664856 -0.4691399335861206
v -0.7642327547073364 0.25371766090393066 0.2685069441795349
v -0.7535085678100586 0.2534800171852112 0.26155972480773926
v -0.7613109946250916 0.254386842250824 0.2654762268066406
v -0.7647894024848938 0.2518490254878998 0.2680348753929138
v -0.7651159167289734 0.25320297479629517 0.2656079828739166
v -0.7812173366546631 0.2511356472969055 0.2648698091506958
v -0.7602678537368774 0.2533740997314453 0.26606398820877075
v -0.7569145560264587 0.25338053703308105 0.26775529980659485
v -0.7684668898582458 0.2578745484352112 0.2659275233745575
v -0.4686809480190277 0.34594836831092834 -0.46659278869628906
v -0.47614115476608276 0.35400182008743286 -0.4734569489955902
v -0.4670982360839844 0.3539991080760956 -0.46319329738616943
v -0.7616783976554871 0.25246089696884155 0.26927676796913147
v -0.7646341323852539 0.2537532150745392 0.2708737254142761
v -0.7678229808807373 0.255687952041626 0.2727670967578888
v -0.7723817229270935 0.25129565596580505 0.2625506520271301
v -0.7620420455932617 0.25589168071746826 0.27118992805480957
v -0.7583020925521851 0.2577563226222992 0.26664817333221436
v -0.783653199672699 0.25412631034851074 0.26123085618019104
v -0.7586137056350708 0.25574418902397156 0.26811841130256653
v -0.7657250165939331 0.2566755414009094 0.27069345116615295
v -0.7701486945152283 0.2567583918571472 0.27448809146881104
v -0.7684099078178406 0.2527984082698822 0.2654966711997986
v -0.7615773677825928 0.25915005803108215 0.267730712890625
v -0.7619584798812866 0.2595875859260559 0.27049463987350464
v -0.7723406553268433 0.25495409965515137 0.26125115156173706
v -0.47253966331481934 0.34711962938308716 -0.472490131855011
v -0.7812367677688599 0.25697362422943115 0.2754687964916229
v -0.7686765789985657 0.2603905200958252 0.27165281772613525
v -0.7705341577529907 0.25827330350875854 0.2732032537460327
v -0.7691231369972229 0.2559715509414673 0.2704111933708191
v -0.7789506912231445 0.2570759356021881 0.26400870084762573
v -0.770073652267456 0.2547042965888977 0.2750227749347687
v -0.763109564781189 0.25895509123802185 0.2737886607646942
v -0.7656248807907104 0.25275349617004395 0.2803369164466858
v -0.7631100416183472 0.25266245007514954 0.27503877878189087
v -0.772707462310791 0.2578897774219513 0.27047860622406006
v -0.7672141194343567 0.25855758786201477 0.27307578921318054
v -0.7672677040100098 0.2541424036026001 0.2813751697540283
v -0.7586584091186523 0.25544410943984985 0.27173709869384766
v -0.7567991018295288 0.2450982630252838 0.2829987406730652
v -0.7571309804916382 0.25420308113098145 0.29469621181488037
v -0.7582042813301086 0.258004754781723 0.2772217094898224
v -0.7561898231506348 0.25815171003341675 0.274722158908844
v -0.7478718757629395 0.26293736696243286 0.2889082133769989
v -0.7449400424957275 0.2437027394771576 0.2709927558898926
v -0.7460781931877136 0.24567894637584686 0.29454120993614197
v -0.749032199382782 0.2533474564552307 0.29785117506980896
v -0.7388781309127808 0.2541202902793884 0.2714083194732666
v -0.7377219200134277 0.2611857056617737 0.2795419692993164
v -0.7425220012664795 0.258710116147995 0.296847403049469
v -0.733060896396637 0.23769837617874146 0.2777257561683655
v -0.730492115020752 0.24949193000793457 0.28564339876174927
v -0.749302864074707 0.2548989951610565 0.2978766858577728
v -0.7107101678848267 0.24973872303962708 0.26733559370040894
v -0.7337097525596619 0.260378360748291 0.2865235209465027
v -0.7465113401412964 0.24939307570457458 0.29187390208244324
v -0.7235592603683472 0.24926534295082092 0.2744158208370209
v -0.7356998324394226 0.2624788284301758 0.27567583322525024
v -0.7866716980934143 0.26580584049224854 0.2846013307571411
v -0.731911301612854 0.25255995988845825 0.28103378415107727
v -0.7298629283905029 0.25452420115470886 0.2756313681602478
v -0.7816681861877441 0.25637099146842957 0.28289830684661865
v -0.7391699552536011 0.25974273681640625 0.27564680576324463
v -0.760236382484436 0.25157517194747925 0.28171101212501526
v -0.7583447694778442 0.2588891386985779 0.27682220935821533
v -0.7751091718673706 0.2601138949394226 0.2736437916755676
v -0.781638503074646 0.24929217994213104 0.2704295516014099
v -0.7728711366653442 0.26080483198165894 0.2744496762752533
v -0.7881969213485718 0.2579783499240875 0.2768382430076599
v -0.7788033485412598 0.25645923614501953 0.2767043113708496
v -0.7978456020355225 0.2701636552810669 0.274000346660614
v -0.7933655977249146 0.2665773630142212 0.2698475122451782
v -0.797021746635437 0.26586687564849854 0.2792463004589081
v -0.7945139408111572 0.2621704339981079 0.2707568407058716
v -0.7887337803840637 0.26344233751296997 0.2682495713233948
v -0.8188573122024536 0.28555724024772644 0.2814676761627197
v -0.8102260828018188 0.27924495935440063 0.2659737467765808
v -0.8114783763885498 0.27073922753334045 0.2803671658039093
v -0.8070353269577026 0.26608315110206604 0.2728780210018158
v -0.8079478740692139 0.2668382525444031 0.2665148973464966
v -0.8292584419250488 0.27508217096328735 0.2658836841583252
v -0.8212366104125977 0.28538376092910767 0.2697044014930725
v -0.8191612958908081 0.2807871401309967 0.2776767909526825
v -0.8261245489120483 0.26925137639045715 0.2667357325553894
v -0.8228213787078857 0.26935017108917236 0.2732529938220978
v -0.8467758893966675 0.27193745970726013 0.2659558355808258
v -0.8405972719192505 0.28107988834381104 0.27195972204208374
v -0.842678427696228 0.2881892919540405 0.26949000358581543
v -0.8366894721984863 0.26891329884529114 0.26611000299453735
v -0.8356717824935913 0.27519357204437256 0.26758790016174316
v -0.8627614974975586 0.2801792621612549 0.28184062242507935
v -0.8589830994606018 0.27015888690948486 0.2716291546821594
v -0.826198160648346 0.2918097972869873 0.26047539710998535
v -0.8522651195526123 0.27179068326950073 0.26520824432373047
v -0.842719554901123 0.2822934687137604 0.2621791660785675
v -0.8462521433830261 0.28353050351142883 0.2783319354057312
v -0.8775981664657593 0.2713475525379181 0.27487146854400635
v -0.8479956388473511 0.290808767080307 0.26074063777923584
v -0.8665084838867188 0.278401643037796 0.26081645488739014
v -0.8710756897926331 0.2731853127479553 0.2653699815273285
v -0.8733336925506592 0.288035124540329 0.2739056944847107
v -0.8950572609901428 0.2766956686973572 0.2749892473220825
v -0.8724232912063599 0.2992762327194214 0.2681055963039398
v -0.8919221758842468 0.2761988639831543 0.2635064125061035
v -0.883805513381958 0.2849189043045044 0.26373356580734253
v -0.9125527143478394 0.28586795926094055 0.2744731307029724
v -0.8897072076797485 0.29560160636901855 0.280609130859375
v -0.8837694525718689 0.29930785298347473 0.2768748998641968
v -0.9038922786712646 0.2780454754829407 0.2694157660007477
v -0.8913222551345825 0.2962002754211426 0.2719208002090454
v -0.9189516305923462 0.2947293817996979 0.2813524007797241
v -0.9387607574462891 0.2908155918121338 0.27022069692611694
v -0.8869692087173462 0.29598334431648254 0.2845104932785034
v -0.9336997866630554 0.2932761311531067 0.26041027903556824
v -0.9052940011024475 0.2835721969604492 0.2709130346775055
v -0.9360582828521729 0.2927086651325226 0.2812504172325134
v -0.9535274505615234 0.2853620946407318 0.28668850660324097
v -0.9161513447761536 0.2918682098388672 0.278011679649353
v -0.9422221779823303 0.2903262972831726 0.26653826236724854
v -0.9203401207923889 0.2864658236503601 0.2703666687011719
v -0.9273006319999695 0.28803396224975586 0.2747868299484253
v -0.9517276883125305 0.28982213139533997 0.27521464228630066
v -0.9406539797782898 0.28877848386764526 0.27757740020751953
v -0.9384686350822449 0.2936534881591797 0.283359169960022
v -0.9359856247901917 0.2902756631374359 0.2723490595817566
v -0.9343313574790955 0.30237001180648804 0.28011223673820496
v -0.940974235534668 0.30304691195487976 0.2783316373825073
v -0.9529397487640381 0.29232898354530334 0.2678758502006531
v -0.9351967573165894 0.29977577924728394 0.2743608355522156
v -0.9415485858917236 0.29091060161590576 0.2673620283603668
v -0.9416515827178955 0.3038620352745056 0.2732006311416626
v -0.9393672943115234 0.3078988790512085 0.2755175232887268
v -0.9376004934310913 0.2977704405784607 0.2668009400367737
v -0.9248353242874146 0.30744004249572754 0.27687352895736694
v -0.9264773726463318 0.2947640120983124 0.2631493806838989
v -0.9522923231124878 0.29984867572784424 0.2694550156593323
v -0.9499777555465698 0.3042970299720764 0.2701506018638611
v -0.9434608221054077 0.3007451295852661 0.27238547801971436
v -0.9393314123153687 0.3016888201236725 0.2736343741416931
v -0.9486227035522461 0.30428504943847656 0.2769549489021301
v -0.9589369297027588 0.2992272675037384 0.27569979429244995
v -0.9643499851226807 0.29437491297721863 0.2718577980995178
v -0.9563742280006409 0.29785189032554626 0.2716759145259857
v -0.9780107736587524 0.3079702854156494 0.27932101488113403
v -0.9812883138656616 0.29564547538757324 0.2816455364227295
v -0.957919180393219 0.29721030592918396 0.27556777000427246
v -0.9507160782814026 0.2998982071876526 0.2819076478481293
v -0.9762088060379028 0.299482524394989 0.271741658449173
v -0.9747277498245239 0.2969464063644409 0.28321120142936707
v -0.9790186882019043 0.2965085208415985 0.27298635244369507
v -0.9985590577125549 0.30428463220596313 0.2855733335018158
v -1.0005199909210205 0.2987614870071411 0.2761954665184021
v -0.9905195236206055 0.30622756481170654 0.28413426876068115
v -1.0047484636306763 0.29531002044677734 0.28886091709136963
v -1.0035563707351685 0.30452975630760193 0.29187294840812683
v -1.0265270471572876 0.29701194167137146 0.2908390462398529
v -1.0233068466186523 0.2891809046268463 0.2894716262817383
v -1.0123846530914307 0.30260902643203735 0.2916012108325958
v -1.0237197875976562 0.3004060983657837 0.2935107350349426
v -1.0171802043914795 0.3040643334388733 0.29067346453666687
v -1.0300664901733398 0.3022533357143402 0.2944383919239044
v -1.0327765941619873 0.30219346284866333 0.295390784740448
v -1.0366411209106445 0.30401527881622314 0.3008294403553009
v -1.0252834558486938 0.30376118421554565 0.29091551899909973
v -1.0487397909164429 0.300513356924057 0.30369454622268677
v -1.0436546802520752 0.30263230204582214 0.29426345229148865
v -1.0243206024169922 0.2997535169124603 0.2756114900112152
v -1.0266470909118652 0.30774104595184326 0.30943506956100464
v -1.0204331874847412 0.30652129650115967 0.28302621841430664
v -1.02932608127594 0.28059232234954834 0.27665650844573975
v -1.0249406099319458 0.2881968021392822 0.3023539185523987
v -1.009572982788086 0.3033142685890198 0.2701197564601898
v -1.0089895725250244 0.29937365651130676 0.27810555696487427
v -1.0020896196365356 0.30290964245796204 0.2826472222805023
v -1.0076584815979004 0.2854040563106537 0.3000999093055725
v -1.0111353397369385 0.28625184297561646 0.29334330558776855
v -1.0083513259887695 0.291628897190094 0.28286319971084595
v -1.025058388710022 0.30758726596832275 0.28475508093833923
v -1.0207347869873047 0.30039840936660767 0.28760838508605957
v -1.0094490051269531 0.2960553765296936 0.29895463585853577
v -1.0119730234146118 0.3024352788925171 0.29296207427978516
v -1.0192439556121826 0.2980976700782776 0.29543668031692505
v -1.040696382522583 0.31735435128211975 0.29108726978302
v -1.0394783020019531 0.3087385892868042 0.2934005558490753
v -1.0182008743286133 0.3088338375091553 0.2971128821372986
v -1.0279542207717896 0.31082797050476074 0.29119813442230225
v -1.0352506637573242 0.30868300795555115 0.29714080691337585
v -1.044920802116394 0.3144265115261078 0.29253560304641724
v -1.0321099758148193 0.317941814661026 0.2979655861854553
v -1.032760500907898 0.32048535346984863 0.29649338126182556
v -1.0327363014221191 0.3216286301612854 0.2955380976200104
v -1.0517092943191528 0.3113839328289032 0.29909271001815796
v -1.0424787998199463 0.3199664056301117 0.30099061131477356
v -1.0378000736236572 0.31271952390670776 0.2971855401992798
v -1.0380367040634155 0.3103087246417999 0.29682615399360657
v -1.0443062782287598 0.3164084851741791 0.29571104049682617
v -1.0472954511642456 0.3165671229362488 0.28761595487594604
v -1.0474131107330322 0.310513436794281 0.29785066843032837
v -1.055788516998291 0.3115708529949188 0.29971110820770264
v -1.0409783124923706 0.31214144825935364 0.2969886064529419
v -1.0396242141723633 0.32016870379447937 0.29460009932518005
v -1.0375714302062988 0.30365636944770813 0.2963075339794159
v -1.0513609647750854 0.3037749230861664 0.28649473190307617
v -0.22117118537425995 -0.01957111805677414 -0.032257080078125
v 0.129509836435318 0.030064184218645096 0.1369684338569641
v 0.13906657695770264 0.029683392494916916 0.13152329623699188
v 0.12804006040096283 0.0239064022898674 0.1274091750383377
v 0.13624653220176697 0.03382071107625961 0.1321960687637329
v -0.08396688103675842 0.06872192025184631 0.12132197618484497
v -0.1693863868713379 -0.0942014753818512 -0.3079570531845093
f 3 2 1
f 1 7 3
f 4 8 9
f 4 11 2
f 5 11 12
f 5 14 1
f 14 6 1
f 6 17 7
f 3 18 8
f 9 10 4
f 21 10 20
f 12 13 5
f 12 21 23
f 24 13 25
f 24 15 14
f 16 15 27
f 16 29 17
f 7 30 18
f 32 18 31
f 10 33 20
f 34 21 20
f 23 22 12
f 25 22 37
f 23 35 38
f 25 40 24
f 40 26 24
f 27 26 42
f 27 28 16
f 45 28 44
f 46 17 29
f 31 48 32
f 50 19 49
f 20 51 34
f 52 35 34
f 38 36 23
f 37 36 55
f 56 25 37
f 53 38 35
f 39 59 40
f 41 59 60
f 42 41 61
f 42 43 27
f 44 43 63
f 44 65 45
f 29 66 46
f 30 67 31
f 31 68 47
f 48 70 69
f 71 32 48
f 72 33 50
f 73 49 71
f 34 74 52
f 75 52 76
f 57 54 38
f 55 54 78
f 56 55 79
f 80 39 56
f 75 57 53
f 83 58 82
f 83 60 59
f 61 60 85
f 61 62 42
f 63 62 87
f 63 64 44
f 89 64 90
f 91 45 65
f 92 46 66
f 68 92 93
f 94 47 68
f 48 95 71
f 70 97 69
f 50 98 72
f 74 72 99
f 71 100 73
f 76 74 101
f 102 76 103
f 77 81 104
f 78 77 105
f 78 79 55
f 56 107 80
f 108 58 80
f 109 75 102
f 110 83 82
f 111 84 83
f 84 85 60
f 85 86 61
f 87 86 115
f 87 88 63
f 90 88 117
f 118 65 89
f 90 120 89
f 91 92 66
f 93 121 122
f 93 94 68
f 96 94 124
f 97 95 69
f 97 127 126
f 100 98 73
f 99 98 129
f 99 101 74
f 125 100 95
f 76 132 103
f 103 133 102
f 104 105 77
f 81 135 104
f 105 106 78
f 107 106 137
f 80 138 108
f 102 139 109
f 140 110 141
f 142 111 140
f 112 113 84
f 114 113 144
f 114 115 86
f 115 116 87
f 117 116 147
f 119 117 148
f 89 149 118
f 91 150 121
f 151 119 152
f 123 122 153
f 124 123 154
f 124 127 96
f 125 126 156
f 131 128 100
f 129 128 158
f 129 130 99
f 101 160 132
f 156 131 125
f 133 162 163
f 104 164 134
f 136 134 165
f 166 109 139
f 137 136 167
f 168 107 137
f 108 141 110
f 133 169 139
f 141 171 140
f 142 143 112
f 140 173 142
f 144 143 174
f 145 144 175
f 146 145 176
f 147 146 177
f 148 147 178
f 179 119 148
f 149 151 180
f 118 181 150
f 151 182 183
f 153 154 123
f 153 185 186
f 155 154 187
f 157 161 189
f 158 157 190
f 158 159 129
f 160 159 192
f 193 132 160
f 163 195 194
f 196 135 166
f 165 164 197
f 165 167 136
f 139 199 166
f 167 168 137
f 170 138 168
f 194 169 163
f 202 171 170
f 173 172 142
f 174 172 205
f 203 173 171
f 175 174 207
f 175 176 145
f 177 176 209
f 177 178 147
f 148 211 179
f 212 152 179
f 213 149 180
f 180 183 214
f 150 185 122
f 215 183 182
f 186 184 153
f 187 184 218
f 219 186 185
f 221 155 187
f 189 190 157
f 192 191 222
f 223 160 192
f 162 224 195
f 194 225 226
f 199 196 166
f 197 196 228
f 198 197 229
f 200 198 230
f 231 169 201
f 202 168 200
f 226 201 194
f 233 203 202
f 204 206 235
f 205 204 236
f 207 205 237
f 234 206 203
f 208 207 239
f 209 208 240
f 209 210 177
f 210 211 178
f 179 243 212
f 182 244 215
f 213 214 245
f 219 181 213
f 216 214 183
f 247 216 215
f 220 217 186
f 218 217 250
f 221 218 251
f 252 220 219
f 254 190 5438
f 256 192 222
f 191 255 222
f 257 193 223
f 195 258 225
f 226 260 259
f 227 231 261
f 228 227 262
f 229 228 263
f 229 230 198
f 230 202 200
f 265 201 232
f 266 226 259
f 234 267 268
f 236 235 269
f 235 238 270
f 237 236 271
f 239 237 272
f 268 238 234
f 239 240 208
f 240 241 209
f 241 242 210
f 277 211 242
f 278 212 243
f 215 279 247
f 245 219 213
f 245 246 280
f 248 246 216
f 282 248 247
f 249 253 284
f 250 249 285
f 250 251 218
f 287 253 252
f 255 290 289
f 222 289 256
f 223 291 257
f 224 292 258
f 293 225 258
f 294 260 295
f 262 261 296
f 261 265 297
f 262 263 228
f 263 264 229
f 264 233 230
f 232 300 265
f 301 259 294
f 302 268 267
f 270 269 235
f 269 271 236
f 270 273 306
f 272 271 307
f 272 274 239
f 273 303 309
f 275 274 310
f 275 276 241
f 277 276 312
f 313 243 277
f 314 244 278
f 247 315 282
f 280 252 245
f 280 281 316
f 283 281 248
f 283 318 319
f 284 285 249
f 284 288 321
f 285 286 250
f 286 5076 251
f 323 288 287
f 325 289 290
f 256 326 291
f 292 291 327
f 258 328 293
f 329 260 293
f 297 296 261
f 296 298 262
f 332 265 300
f 299 298 333
f 267 299 302
f 266 334 300
f 294 336 301
f 337 303 302
f 304 306 339
f 304 305 269
f 307 305 341
f 306 309 342
f 272 343 308
f 308 310 274
f 338 309 303
f 310 311 275
f 312 311 347
f 277 348 313
f 349 278 313
f 350 279 314
f 282 351 318
f 287 316 323
f 316 317 352
f 319 317 283
f 354 319 318
f 321 320 284
f 320 322 285
f 321 324 358
f 359 324 323
f 5081 290 5079
f 325 361 326
f 327 326 361
f 327 328 292
f 293 363 329
f 295 364 335
f 330 332 365
f 330 331 296
f 333 331 367
f 300 368 332
f 302 333 337
f 369 301 336
f 371 335 370
f 372 338 337
f 339 340 304
f 342 339 306
f 341 340 376
f 307 377 343
f 342 345 378
f 308 379 344
f 310 380 346
f 373 345 338
f 347 346 382
f 347 348 312
f 384 313 348
f 314 385 350
f 386 315 350
f 318 387 354
f 323 352 359
f 352 353 388
f 355 353 319
f 355 391 390
f 358 356 321
f 356 357 320
f 5080 357 5082
f 360 358 324
f 395 360 359
f 398 5576 397
f 361 362 327
f 363 362 399
f 364 363 400
f 370 364 401
f 365 366 330
f 332 403 365
f 367 366 404
f 337 367 372
f 405 334 369
f 406 336 371
f 370 408 371
f 410 372 409
f 375 374 339
f 376 374 412
f 378 375 342
f 377 376 414
f 415 343 377
f 378 381 416
f 417 344 379
f 382 380 418
f 410 381 373
f 382 383 347
f 384 383 421
f 422 349 384
f 350 423 386
f 424 351 386
f 425 354 387
f 359 388 395
f 388 389 426
f 390 389 355
f 390 428 429
f 392 394 430
f 392 393 356
f 393 5082 357
f 396 394 360
f 395 434 396
f 397 436 398
f 399 398 436
f 399 400 363
f 400 401 364
f 401 407 370
f 365 440 402
f 404 402 441
f 368 442 403
f 409 367 404
f 405 406 443
f 408 406 371
f 407 446 408
f 409 448 410
f 449 375 413
f 450 374 411
f 412 414 376
f 378 452 413
f 453 377 414
f 379 454 417
f 416 419 455
f 380 456 418
f 418 420 382
f 410 458 419
f 383 459 421
f 384 460 422
f 461 385 422
f 424 423 462
f 425 424 463
f 425 428 391
f 395 426 433
f 426 427 465
f 429 427 390
f 467 428 468
f 430 432 469
f 430 431 392
f 431 5083 393
f 396 471 432
f 472 434 433
f 474 436 435
f 436 437 399
f 438 437 476
f 438 439 401
f 439 445 407
f 440 442 479
f 440 441 402
f 404 447 409
f 481 405 443
f 482 408 446
f 446 484 483
f 486 447 485
f 413 487 449
f 411 488 450
f 489 412 450
f 414 490 453
f 416 491 452
f 492 415 453
f 417 493 456
f 458 455 419
f 418 495 457
f 496 420 457
f 497 448 486
f 421 498 460
f 422 499 461
f 461 462 423
f 463 462 501
f 463 464 425
f 468 464 503
f 433 465 472
f 467 466 429
f 506 468 505
f 469 470 430
f 508 432 471
f 431 5085 5084
f 434 509 471
f 511 472 510
f 474 513 475
f 476 475 513
f 476 477 438
f 478 477 515
f 445 516 484
f 517 442 481
f 485 480 518
f 519 444 482
f 446 521 482
f 484 523 483
f 524 485 518
f 449 525 488
f 526 450 488
f 527 451 489
f 453 528 492
f 491 494 529
f 530 491 531
f 532 454 492
f 456 533 495
f 534 458 497
f 457 535 496
f 536 459 496
f 537 486 524
f 538 460 498
f 499 500 461
f 501 500 540
f 501 502 463
f 503 502 542
f 505 503 543
f 467 545 504
f 504 547 466
f 505 549 506
f 5762 469 508
f 470 5086 5085
f 550 471 509
f 510 552 511
f 510 472 629
f 512 554 513
f 514 513 554
f 515 514 555
f 556 478 515
f 481 557 517
f 558 517 559
f 560 518 480
f 482 562 519
f 520 563 557
f 564 483 523
f 565 523 522
f 518 567 524
f 568 487 530
f 488 569 526
f 570 489 526
f 571 490 527
f 492 572 532
f 531 529 573
f 574 494 534
f 568 531 575
f 576 493 532
f 495 577 535
f 497 578 534
f 496 579 536
f 498 580 538
f 538 539 499
f 539 540 500
f 540 541 501
f 542 541 584
f 543 542 585
f 543 548 505
f 545 549 587
f 504 588 546
f 552 546 589
f 548 591 549
f 5804 508 550
f 509 593 550
f 595 553 5087
f 595 514 554
f 596 515 555
f 597 516 556
f 557 559 517
f 559 600 558
f 602 560 601
f 603 521 564
f 519 604 563
f 563 598 557
f 564 566 606
f 607 566 565
f 609 522 597
f 610 561 602
f 611 525 568
f 526 612 570
f 613 527 570
f 614 528 571
f 532 615 576
f 575 573 616
f 573 574 617
f 534 618 574
f 568 619 611
f 533 620 577
f 621 535 577
f 600 537 601
f 536 622 580
f 580 581 538
f 582 581 624
f 583 582 625
f 583 584 541
f 585 584 627
f 628 548 586
f 629 547 552
f 587 591 630
f 588 632 631
f 634 588 633
f 546 634 589
f 634 635 589
f 637 590 636
f 550 5851 5804
f 593 639 638
f 511 640 594
f 5087 642 595
f 595 643 555
f 643 596 555
f 597 596 645
f 598 599 559
f 599 578 600
f 600 560 558
f 606 603 564
f 648 562 603
f 649 563 604
f 608 606 566
f 609 607 565
f 608 652 653
f 597 654 609
f 655 569 611
f 570 656 613
f 614 613 657
f 658 572 614
f 659 576 615
f 616 619 575
f 616 617 661
f 618 617 574
f 611 663 655
f 577 664 621
f 665 579 621
f 580 666 623
f 624 623 667
f 625 624 668
f 625 626 583
f 626 627 584
f 585 671 586
f 586 672 628
f 636 628 673
f 675 630 674
f 591 676 630
f 631 677 634
f 678 633 679
f 640 635 680
f 636 682 637
f 683 593 638
f 639 594 640
f 638 684 685
f 686 642 641
f 642 688 643
f 688 644 643
f 644 645 596
f 646 618 599
f 650 647 606
f 648 647 692
f 693 604 648
f 694 605 649
f 653 650 608
f 651 652 607
f 652 698 653
f 654 690 699
f 657 656 700
f 657 658 614
f 658 659 615
f 620 703 664
f 661 660 616
f 660 663 619
f 662 661 617
f 655 707 708
f 621 709 665
f 622 710 666
f 667 666 711
f 712 624 667
f 669 670 626
f 670 671 627
f 671 715 672
f 716 628 672
f 673 681 636
f 718 675 674
f 632 675 677
f 674 676 720
f 637 721 676
f 634 722 631
f 679 724 678
f 680 639 640
f 725 635 719
f 682 727 726
f 728 685 684
f 686 731 687
f 732 688 687
f 734 688 733
f 689 690 644
f 694 662 646
f 691 695 736
f 692 691 737
f 693 692 738
f 739 649 693
f 698 695 653
f 741 696 651
f 696 697 652
f 745 697 744
f 654 746 747
f 748 700 656
f 701 700 750
f 701 702 658
f 752 659 702
f 753 664 703
f 706 704 661
f 704 705 660
f 707 705 756
f 748 707 757
f 758 665 709
f 666 759 711
f 667 760 712
f 761 668 712
f 761 713 669
f 763 670 713
f 715 763 764
f 765 672 715
f 717 727 681
f 720 718 674
f 719 768 725
f 677 719 635
f 676 769 720
f 770 682 726
f 678 772 722
f 722 723 679
f 774 723 773
f 725 684 680
f 776 729 728
f 779 730 778
f 732 781 733
f 734 783 689
f 733 782 734
f 783 735 689
f 754 694 739
f 785 691 736
f 737 738 692
f 693 787 739
f 788 698 745
f 747 651 654
f 741 790 742
f 742 743 696
f 744 743 792
f 699 794 746
f 795 747 746
f 757 749 748
f 750 749 798
f 701 799 751
f 702 800 752
f 801 703 752
f 709 802 758
f 704 803 755
f 756 755 804
f 757 756 805
f 806 710 758
f 760 759 807
f 712 808 761
f 761 809 762
f 762 763 713
f 765 764 811
f 764 810 812
f 813 716 765
f 717 814 766
f 815 727 766
f 769 767 720
f 818 718 767
f 768 728 725
f 769 770 819
f 772 820 821
f 773 772 821
f 822 774 773
f 820 724 774
f 777 826 825
f 827 779 778
f 731 780 732
f 829 780 830
f 832 782 831
f 831 781 829
f 833 783 832
f 735 834 699
f 739 803 754
f 736 835 785
f 836 737 785
f 837 738 786
f 838 740 788
f 745 840 788
f 741 796 789
f 841 790 789
f 790 791 742
f 792 791 844
f 792 846 744
f 793 848 794
f 746 849 795
f 796 851 850
f 805 797 757
f 798 797 853
f 750 854 799
f 855 751 799
f 752 856 801
f 857 753 801
f 758 858 806
f 804 803 859
f 804 805 756
f 807 806 861
f 807 808 760
f 863 808 862
f 810 809 864
f 865 765 811
f 811 812 866
f 813 867 814
f 868 766 814
f 815 870 816
f 819 817 769
f 818 817 872
f 826 768 818
f 819 824 873
f 874 821 820
f 773 875 822
f 823 876 877
f 820 823 874
f 777 5092 5090
f 826 880 825
f 882 828 827
f 779 830 780
f 829 884 885
f 831 887 832
f 829 886 831
f 784 888 834
f 832 889 833
f 787 859 803
f 890 785 835
f 891 786 836
f 788 892 838
f 835 893 890
f 840 894 895
f 841 796 850
f 897 841 896
f 898 790 842
f 843 844 791
f 845 844 900
f 846 902 901
f 834 847 793
f 904 847 903
f 905 794 848
f 795 906 851
f 851 908 850
f 860 852 805
f 853 852 910
f 853 854 798
f 855 854 912
f 800 913 856
f 801 914 857
f 915 802 857
f 861 858 916
f 859 860 804
f 861 862 807
f 919 809 863
f 863 918 920
f 866 865 811
f 866 923 922
f 921 867 865
f 868 867 925
f 926 815 868
f 870 928 927
f 816 929 878
f 871 930 931
f 871 872 817
f 818 879 826
f 873 930 819
f 878 873 824
f 935 875 874
f 876 875 936
f 874 877 935
f 879 938 880
f 939 827 881
f 940 883 882
f 883 830 828
f 885 942 943
f 945 886 944
f 944 885 943
f 946 833 889
f 889 948 947
f 917 837 891
f 949 836 890
f 892 895 950
f 838 951 893
f 893 949 890
f 895 954 953
f 850 955 841
f 842 956 898
f 957 843 898
f 900 899 958
f 959 845 900
f 901 894 846
f 901 960 961
f 847 962 903
f 964 903 963
f 848 965 905
f 966 849 905
f 907 906 967
f 917 909 860
f 910 909 970
f 910 911 853
f 854 972 912
f 973 855 912
f 974 856 913
f 975 857 914
f 916 918 861
f 863 977 919
f 978 918 976
f 922 921 866
f 922 980 981
f 924 979 982
f 925 924 983
f 984 869 926
f 986 870 927
f 987 927 928
f 929 934 878
f 931 990 991
f 992 871 931
f 879 932 937
f 993 930 933
f 936 994 995
f 876 995 996
f 994 877 996
f 938 998 997
f 882 999 940
f 941 1000 1001
f 941 884 883
f 943 1003 1002
f 1004 945 944
f 889 1006 946
f 891 969 917
f 950 953 1007
f 950 951 892
f 951 952 893
f 952 969 949
f 953 1011 1012
f 5098 897 5094
f 898 1013 957
f 1014 899 957
f 900 1015 959
f 1016 902 959
f 901 1011 954
f 903 1017 963
f 963 1019 964
f 1020 965 904
f 905 1022 966
f 966 967 906
f 968 967 1024
f 909 1010 970
f 970 971 910
f 972 971 1026
f 1027 912 972
f 974 973 1028
f 1029 914 974
f 1030 915 975
f 916 1031 976
f 1032 920 978
f 980 919 977
f 1031 978 976
f 981 979 922
f 980 1036 981
f 982 983 924
f 982 1034 1038
f 1039 983 1040
f 926 1042 984
f 985 1043 1044
f 927 1045 986
f 1046 988 987
f 928 1044 987
f 934 1049 1048
f 931 1050 992
f 937 992 998
f 1051 990 993
f 995 1054 1053
f 995 1055 996
f 996 1054 994
f 997 1056 1057
f 1000 1059 1001
f 941 1060 942
f 1002 1061 1062
f 1004 1064 1005
f 945 1065 948
f 1066 1006 947
f 1006 962 946
f 1007 1008 950
f 1007 1012 1069
f 1008 1009 951
f 1009 1010 952
f 1072 1011 1073
f 1074 957 1013
f 1075 958 1014
f 1076 959 1015
f 960 1078 1077
f 1073 961 1077
f 1017 1018 963
f 1018 1081 1019
f 964 1082 1020
f 1082 1021 1020
f 1022 1021 1084
f 1023 1022 1085
f 1024 1023 1086
f 1025 1010 1071
f 1025 1026 971
f 972 1088 1027
f 1028 1027 1089
f 1029 1028 1090
f 1029 1030 975
f 1031 1091 1092
f 977 1035 980
f 1032 1033 1093
f 1033 1092 1094
f 1036 1034 981
f 1096 1036 1035
f 1040 1037 1098
f 1038 1095 1099
f 1040 1101 1039
f 1101 1041 1039
f 1102 984 1042
f 1044 1104 1103
f 1045 1047 1105
f 987 1103 1046
f 1107 1046 1106
f 989 1109 1049
f 1048 1110 1111
f 1112 991 1052
f 998 1050 1056
f 1113 1052 1051
f 1111 993 1048
f 1115 1053 1054
f 1053 1117 1055
f 1115 1055 1117
f 5100 1057 5103
f 1056 1119 1057
f 1122 1000 1121
f 1123 1059 1058
f 1001 1125 1060
f 1062 1127 1128
f 1062 1126 1002
f 1126 1063 1004
f 1131 1063 1130
f 1132 1005 1064
f 1134 1066 1133
f 1017 1067 1079
f 1135 1065 1132
f 1068 1069 1136
f 1068 1070 1008
f 1072 1069 1012
f 1073 1140 1072
f 5105 1013 5102
f 1014 1141 1075
f 1142 1015 1075
f 1143 1016 1076
f 1077 1145 1144
f 1139 1077 1144
f 1079 1080 1018
f 1080 1148 1081
f 1149 1019 1081
f 1083 1149 1150
f 1083 1084 1021
f 1085 1084 1152
f 1085 1086 1023
f 1154 1026 1087
f 1027 1155 1089
f 1089 1090 1028
f 1090 1091 1029
f 1092 1157 1158
f 1093 1035 1032
f 1093 1094 1159
f 1092 1160 1094
f 1097 1095 1036
f 1162 1097 1096
f 1099 1161 1164
f 1165 1038 1099
f 1101 1167 1168
f 1042 1168 1102
f 1169 1043 1102
f 1104 1171 1103
f 1172 1045 1105
f 1105 1107 1174
f 1106 1103 1171
f 1106 1176 1107
f 1109 1177 1178
f 1180 1109 1179
f 1181 1111 1110
f 1112 1056 1050
f 1112 1114 1183
f 1051 1182 1113
f 1114 1184 1185
f 1186 1116 1115
f 1188 1116 1187
f 1117 1186 1115
f 1118 1191 1119
f 1193 1058 1122
f 1122 1120 1192
f 1194 1124 1123
f 1059 1196 1125
f 1127 1196 1197
f 1128 1198 1199
f 1129 1128 1200
f 1130 1129 1200
f 1202 1130 1201
f 1064 1203 1132
f 1133 1205 1134
f 1079 1134 1146
f 1133 1135 1206
f 1206 1132 1203
f 1136 1137 1068
f 1069 1208 1136
f 1087 1137 1154
f 1072 1209 1138
f 1211 1139 1210
f 1212 1075 1141
f 1076 1213 1143
f 1214 1078 1143
f 1216 1145 1215
f 1210 1144 1216
f 1217 1080 1146
f 1219 1147 1218
f 1220 1149 1081
f 1151 1150 1222
f 1150 1221 1223
f 1152 1151 1224
f 1225 1088 1154
f 1089 1226 1156
f 1157 1156 1227
f 1094 1228 1159
f 1160 1230 1229
f 1232 1162 1231
f 1099 1234 1165
f 1164 1163 1232
f 1235 1166 1165
f 1167 1238 1168
f 1102 1240 1239
f 1170 1169 1241
f 1242 1170 1243
f 1105 1244 1172
f 1107 1245 1174
f 1171 1175 1106
f 1175 1247 1176
f 1177 1173 1248
f 1109 1249 1179
f 1179 1251 1180
f 1252 1182 1181
f 1110 1254 1181
f 1112 1190 1118
f 1185 1183 1114
f 1113 1253 1184
f 1257 1184 1256
f 1258 1187 1186
f 1187 1260 1188
f 1186 1260 1258
f 1262 1190 1263
f 1191 1189 1119
f 5110 1265 1192
f 1122 1265 1193
f 1123 1266 1194
f 1197 1124 1195
f 1198 1197 1267
f 1199 1269 1268
f 1200 1199 1270
f 1270 1130 1200
f 1271 1201 1272
f 1203 1202 1273
f 1206 1204 1133
f 1275 1205 1204
f 1146 1205 1217
f 1203 1274 1206
f 1136 1277 1207
f 1154 1207 1225
f 1278 1138 1209
f 1211 1209 1140
f 1210 1281 1211
f 1282 1142 1212
f 1143 1283 1214
f 1215 1214 1284
f 1215 1286 1216
f 1216 1280 1210
f 1147 1287 1218
f 1288 1218 1289
f 1148 1290 1220
f 1221 1290 1291
f 1222 1224 1151
f 1222 1223 1293
f 1223 1291 1294
f 1152 1295 1153
f 1296 1155 1225
f 1156 1297 1227
f 1298 1160 1229
f 1227 1230 1158
f 1229 1299 1300
f 1301 1232 1231
f 1231 1228 1298
f 1166 1233 1098
f 1165 1303 1235
f 1304 1236 1235
f 1306 1238 1237
f 1240 1307 1239
f 1241 1243 1170
f 1169 1309 1241
f 1243 1311 1242
f 1174 1312 1244
f 1248 1244 1313
f 1176 1314 1245
f 1242 1246 1175
f 1315 1246 1316
f 1317 1248 1313
f 1318 1178 1319
f 1249 1250 1179
f 1250 1238 1251
f 1254 1251 1306
f 1181 1320 1252
f 1322 1252 1321
f 1183 1263 1190
f 1323 1255 1185
f 1184 1322 1256
f 1256 1326 1257
f 1258 1328 1259
f 1328 1260 1259
f 1258 1329 1327
f 5114 1191 1262
f 1331 1263 1330
f 1264 1333 1265
f 1193 1333 1266
f 1194 1335 1334
f 1267 1195 1336
f 1267 1269 1198
f 1268 1270 1199
f 1268 1340 1339
f 1201 1338 1272
f 1273 1271 1341
f 1271 1343 1342
f 1274 1345 1204
f 1275 1347 1276
f 1276 1217 1205
f 1341 1274 1273
f 1208 1348 1277
f 1296 1207 1277
f 1349 1211 1281
f 1280 1351 1281
f 1213 1352 1283
f 1214 1353 1284
f 1354 1215 1284
f 1355 1285 1356
f 1286 1350 1280
f 1287 1289 1218
f 1358 1219 1288
f 1288 1359 1360
f 1291 1358 1361
f 1293 1292 1222
f 1224 1363 1295
f 1293 1294 1364
f 1361 1294 1291
f 1296 1297 1226
f 1298 1300 1367
f 1366 1230 1297
f 1300 1369 1368
f 1367 1231 1298
f 1370 1302 1301
f 1305 1233 1236
f 1303 1374 1235
f 1374 1304 1235
f 1305 1375 1321
f 1372 1237 1233
f 1307 1309 1239
f 1241 1377 1308
f 1378 1243 1308
f 1310 1380 1311
f 1381 1245 1314
f 1382 1244 1312
f 1383 1247 1315
f 1316 1311 1380
f 1315 1384 1385
f 1313 1386 1317
f 1317 1319 1178
f 1307 1318 1376
f 1319 1388 1318
f 1306 1320 1254
f 1321 1389 1322
f 1324 1263 1255
f 1323 1391 1324
f 1322 1325 1256
f 1393 1325 1392
f 1257 1390 1323
f 1394 1328 1327
f 1328 1396 1329
f 1329 1394 1327
f 5114 1331 5116
f 1331 1398 1397
f 1333 1400 1399
f 1401 1333 1399
f 1335 1401 1402
f 1334 1336 1195
f 1336 1337 1267
f 1337 1340 1269
f 1339 1338 1268
f 1339 1407 1408
f 1406 1272 1338
f 1409 1271 1342
f 1410 1343 1411
f 1345 1413 1412
f 1345 1346 1275
f 1415 1346 1416
f 1276 1357 1287
f 1413 1341 1409
f 1369 1278 1279
f 1277 1366 1296
f 1417 1281 1351
f 1368 1279 1349
f 1419 1350 1418
f 1421 1283 1352
f 1422 1284 1353
f 1424 1356 1423
f 1418 1355 1424
f 1425 1289 1357
f 1360 1358 1288
f 1427 1358 1426
f 1293 1428 1362
f 1363 1362 1429
f 1365 1364 1294
f 1365 1427 1431
f 1363 5115 5113
f 1367 1368 1432
f 1299 1348 1369
f 1432 1301 1367
f 1433 1371 1370
f 1303 1371 1373
f 1374 1435 1436
f 1436 1375 1374
f 1376 1377 1309
f 1377 1378 1308
f 1379 1378 1439
f 1441 1379 1440
f 1442 1312 1381
f 1384 1380 1441
f 1385 1444 1443
f 1442 1386 1382
f 1387 1386 1445
f 1318 1437 1376
f 1447 1387 1446
f 1324 1398 1330
f 1390 1449 1391
f 1392 1389 1436
f 1450 1393 1392
f 1390 1393 1448
f 1395 1453 1452
f 1395 1454 1396
f 1455 1394 1396
f 1397 5116 1331
f 1397 1457 1458
f 5117 1400 1332
f 1459 1400 1460
f 1461 1335 1402
f 1462 1403 1334
f 1404 1403 1464
f 1405 1404 1465
f 1466 1340 1405
f 1408 1406 1339
f 1468 1408 1407
f 1467 1343 1406
f 1470 1342 1410
f 1411 1472 1410
f 1414 1412 1473
f 1412 1474 1475
f 1476 1346 1414
f 1357 1415 1425
f 1478 1416 1477
f 1470 1413 1409
f 1432 1349 1417
f 1417 1419 1433
f 1418 1480 1419
f 1352 6681 1421
f 1481 1353 1421
f 1482 1354 1422
f 1423 1484 1424
f 1356 1485 1423
f 1424 1479 1418
f 1488 1426 1489
f 1428 1430 1490
f 1429 1492 1491
f 1430 1431 1493
f 1494 1427 1488
f 1417 1370 1432
f 1480 1433 1419
f 1373 1434 1435
f 1436 1450 1392
f 1438 1437 1495
f 1438 1439 1378
f 1440 1439 1497
f 1498 1440 1499
f 1444 1441 1498
f 1501 1443 1502
f 1504 1444 1503
f 1388 1495 1437
f 1506 1446 1505
f 1449 1398 1391
f 1449 1508 1507
f 1450 1479 1451
f 1451 1448 1393
f 1509 1452 1453
f 1452 1511 1454
f 1509 1455 1512
f 1513 1397 1458
f 1458 1514 1515
f 1459 1402 1399
f 1459 1517 1518
f 1461 1463 1462
f 1402 1520 1461
f 1464 1463 1521
f 1464 1465 1404
f 1405 1523 1466
f 1524 1407 1466
f 1467 1469 1525
f 1526 1469 1468
f 1525 1411 1467
f 1410 1528 1470
f 1530 1471 1529
f 1473 1476 1414
f 1473 1475 1531
f 1475 1532 1533
f 1535 1476 1534
f 1425 1478 1536
f 1477 1538 1478
f 1528 1474 1470
f 1421 1539 1481
f 1482 1481 1540
f 1485 1483 1423
f 1484 1507 1508
f 1485 1540 1542
f 1451 1484 1508
f 1486 1536 1543
f 1487 1489 1426
f 1489 1547 1488
f 1548 1430 1493
f 1492 1490 1549
f 1491 1549 1550
f 1431 1551 1493
f 1547 1494 1488
f 1434 1450 1435
f 1553 1438 1495
f 1554 1439 1496
f 1556 1499 1555
f 1503 1498 1556
f 1502 1504 1557
f 1501 1558 1505
f 1503 1560 1504
f 1505 1561 1506
f 1505 1500 1501
f 1457 1507 1514
f 1511 1562 1563
f 1454 1512 1455
f 1509 1564 1565
f 1566 1458 1515
f 1541 1515 1514
f 1517 5118 5122
f 1516 1518 1568
f 1518 1569 1570
f 1520 1519 1461
f 1521 1519 1572
f 1573 1516 1568
f 1521 1522 1464
f 1522 1523 1465
f 1466 1576 1524
f 1468 1577 1526
f 1525 1527 1578
f 1579 1527 1526
f 1471 1578 1529
f 1581 1472 1530
f 1534 1531 1533
f 1533 1583 1582
f 1534 1585 1535
f 1586 1478 1538
f 1587 1537 1477
f 1537 1590 1538
f 1581 1532 1528
f 1539 1540 1481
f 1567 1485 1542
f 1514 1483 1541
f 1542 1591 1592
f 1593 1536 1586
f 1595 1543 1594
f 1486 1596 1544
f 1596 1487 1544
f 1545 1546 1489
f 1547 1599 1598
f 1493 1600 1548
f 1548 1549 1490
f 1552 1551 1494
f 1598 1552 1547
f 1604 1496 1553
f 1605 1497 1554
f 1606 1556 1555
f 1608 1499 1605
f 1556 1559 1503
f 1609 1502 1557
f 1504 1610 1557
f 1560 1612 1611
f 1613 1558 1609
f 1604 1561 1614
f 1615 1563 1562
f 1512 1563 1564
f 1617 1564 1618
f 1515 1619 1566
f 1569 5122 5125
f 1568 1570 1620
f 1622 1569 1621
f 1571 1573 1623
f 1519 1624 1572
f 1521 1625 1574
f 1573 1620 1626
f 1522 1627 1575
f 1628 1523 1575
f 1629 1524 1576
f 1526 1630 1579
f 1578 1580 1631
f 1632 1579 1633
f 1530 1635 1581
f 1584 1533 1582
f 1582 1636 1637
f 1638 1584 1639
f 1587 1535 1585
f 1538 1640 1586
f 1641 1588 1587
f 1589 1588 1643
f 1644 1589 1645
f 1581 1636 1583
f 1591 5123 5126
f 1542 1619 1567
f 5127 1591 5126
f 1646 1543 1593
f 1647 1586 1640
f 1594 1649 1595
f 1596 1649 1650
f 1650 1545 1596
f 1546 1651 1599
f 1598 1652 1653
f 1602 1600 1551
f 1655 1548 1600
f 1603 1602 1552
f 1653 1603 1598
f 1554 1614 1605
f 1659 1555 1608
f 1608 1614 1660
f 1612 1607 1661
f 1610 1609 1557
f 1611 1610 1560
f 1611 1664 1665
f 1662 1613 1609
f 1614 1613 1660
f 1615 1669 1616
f 1564 1616 1618
f 1562 1670 1615
f 1670 1565 1617
f 1617 1671 1672
f 1621 5125 5129
f 1673 1570 1622
f 1675 1621 1674
f 1676 1571 1623
f 1627 1573 1626
f 1625 5207 5208
f 1626 1673 1679
f 1626 1628 1575
f 1680 1576 1628
f 1681 1577 1629
f 1579 1682 1633
f 1632 1631 1580
f 1632 1684 1685
f 1687 1634 1686
f 1582 1639 1584
f 1688 1636 1689
f 1587 1638 1641
f 1638 1690 1691
f 1692 1590 1644
f 1693 1642 1641
f 1643 1642 1695
f 1643 1645 1589
f 1697 1645 1698
f 1635 1689 1636
f 1646 1648 1594
f 1593 1700 1646
f 1640 1701 1647
f 1702 1648 1703
f 1702 1650 1649
f 1704 1597 1650
f 1705 1599 1651
f 1653 1707 1706
f 1602 1708 1654
f 1600 1709 1655
f 1710 1603 1658
f 1706 1658 1653
f 1660 1659 1608
f 1606 1713 1661
f 1662 1663 1714
f 1664 1714 1665
f 1714 1666 1662
f 1712 1613 1666
f 1670 1668 1615
f 1718 1668 1717
f 1616 1671 1618
f 1617 1716 1670
f 1672 1720 1719
f 1674 5129 5130
f 1721 1622 1675
f 1723 1674 1722
f 1623 1625 1676
f 1624 1678 1724
f 1725 1678 1677
f 1726 1673 1721
f 1680 1679 1726
f 1727 1629 1680
f 1728 1630 1681
f 1729 1633 1682
f 1632 1730 1683
f 1685 1732 1731
f 1686 1734 1687
f 1686 1683 1730
f 1688 1639 1637
f 1689 1735 1688
f 1641 1691 1693
f 1692 1697 1736
f 1737 1694 1693
f 1695 1694 1739
f 1695 1696 1643
f 1645 1741 1698
f 1697 1742 1743
f 1699 1700 1744
f 1699 1703 1648
f 1647 1746 1700
f 1748 1703 1747
f 1748 1704 1702
f 1651 1749 1705
f 1750 1652 1705
f 1751 1707 1752
f 1753 1657 1710
f 1754 1654 1708
f 1710 1711 1756
f 1751 1711 1706
f 1661 1715 1664
f 1713 1666 1715
f 1668 1759 1717
f 1761 1717 1760
f 1669 1720 1671
f 1716 1719 1759
f 1762 1719 1720
f 1722 5130 5131
f 1764 1675 1723
f 1722 1766 1723
f 1721 1767 1726
f 1726 1727 1680
f 1728 1727 1768
f 1682 1769 1729
f 1770 1684 1729
f 1771 1685 1731
f 1731 1772 1773
f 1730 1733 1686
f 1774 1733 1775
f 1735 1690 1688
f 1777 1734 1774
f 1737 1691 1776
f 1736 1697 1743
f 1737 1779 1738
f 1739 1738 1780
f 1740 1739 1781
f 1782 1696 1740
f 1783 1742 1698
f 1785 1742 1784
f 1744 1745 1699
f 1744 1746 1787
f 1788 1701 1736
f 1747 1790 1748
f 1749 1790 1791
f 1749 1750 1705
f 1752 1750 1792
f 1752 1794 1751
f 1795 1708 1753
f 1753 1756 1796
f 1754 1797 1755
f 1756 1757 1798
f 1751 1799 1757
f 1760 1759 1800
f 1801 1760 1800
f 1762 1718 1761
f 1800 1719 1802
f 1803 1763 1762
f 1802 1763 1804
f 1723 1805 1764
f 1807 1765 1806
f 1768 1767 1808
f 1809 1728 1768
f 1729 1810 1770
f 1811 1732 1770
f 1731 1812 1771
f 1813 1773 1772
f 1775 1771 1812
f 1775 1816 1774
f 1776 1777 1817
f 1816 1777 1774
f 1737 1817 1778
f 1736 1743 1785
f 1820 1778 1819
f 1738 1821 1780
f 1780 1781 1739
f 1740 1823 1782
f 1825 1784 1824
f 1745 1826 1747
f 1746 1827 1787
f 1828 1788 1736
f 1826 1789 1747
f 1832 1789 1831
f 1833 1790 1832
f 1792 1791 1833
f 1834 1794 1793
f 1796 1795 1753
f 1796 1798 1837
f 1797 1836 1838
f 1798 1799 1839
f 1794 1840 1799
f 1800 1842 1801
f 1761 1803 1762
f 1804 1801 1842
f 1844 1804 1843
f 1807 1805 1766
f 1846 1807 1806
f 1849 1769 1809
f 1850 1770 1810
f 1772 1851 1813
f 1814 1812 1773
f 1853 1814 1813
f 1775 1852 1815
f 1855 1816 1815
f 1857 1777 1818
f 1818 1856 1858
f 1819 1817 1857
f 1819 1860 1820
f 1861 1779 1820
f 1821 1822 1780
f 1823 1822 1863
f 1783 6979 5134
f 1825 1828 1785
f 1865 1786 1787
f 1787 1866 1865
f 1867 1828 1864
f 1868 1826 1865
f 1830 1831 1789
f 1870 1832 1831
f 1832 1872 1833
f 1873 1833 1872
f 1873 1793 1792
f 1874 1835 1834
f 1836 1837 1876
f 1837 1839 1877
f 1876 1838 1836
f 1880 1838 1879
f 1839 1840 1881
f 1875 1840 1835
f 1841 1884 1842
f 1843 1842 1884
f 1886 1843 1885
f 1883 1802 1844
f 1807 1887 1845
f 1809 1888 1849
f 1889 1810 1849
f 1890 1811 1850
f 1851 1853 1813
f 1852 1854 1892
f 1893 1854 1853
f 1815 1892 1855
f 1895 1856 1855
f 1857 1858 1897
f 1858 1896 1898
f 1899 1860 1859
f 1820 1901 1861
f 1902 1821 1861
f 1903 1825 5137
f 1904 1827 1829
f 1865 1905 1868
f 1906 1829 1867
f 1907 1864 1903
f 1868 1869 1830
f 1870 1869 1909
f 1910 1871 1870
f 1873 1912 1913
f 1913 1834 1873
f 1915 1874 1914
f 1839 1916 1877
f 1917 1876 1877
f 1879 1878 1918
f 1919 1879 1920
f 1840 1921 1881
f 1922 1875 1915
f 1924 1883 1923
f 1843 1924 1885
f 1925 1886 1885
f 1923 1844 1886
f 1888 1845 1887
f 1849 1928 1889
f 1850 1929 1890
f 1851 1930 1891
f 1893 1891 1931
f 1894 1892 1854
f 1933 1894 1893
f 1855 1932 1895
f 1896 1936 1935
f 1897 1898 1937
f 1938 1896 1935
f 1939 1900 1899
f 1941 1860 1900
f 1942 1861 1901
f 1943 1866 1904
f 1905 1908 1868
f 1919 1867 1907
f 1904 1945 1943
f 1909 1908 1947
f 1948 1870 1909
f 1911 1950 1949
f 1952 1911 1951
f 1874 1953 1954
f 1914 1956 1915
f 1881 1957 1916
f 1877 1958 1917
f 1917 1918 1878
f 1920 1918 1960
f 1907 1880 1919
f 1919 1945 1906
f 1961 1882 1922
f 1915 1962 1922
f 1923 1964 1924
f 1964 1885 1924
f 1926 1966 1965
f 1923 1926 1963
f 1928 1887 1969
f 1889 1970 1929
f 1971 1890 1929
f 1891 1972 1931
f 1933 1931 1973
f 1934 1932 1894
f 1975 1934 1933
f 1895 1974 1936
f 1935 1977 1978
f 1938 1937 1898
f 1899 1937 1939
f 1935 1980 1938
f 1981 1940 1939
f 1900 1983 1941
f 1984 1901 1941
f 1944 1943 1985
f 1945 1985 1943
f 1909 1987 1948
f 1988 1910 1948
f 1949 1951 1911
f 1949 1990 1991
f 1992 1952 1951
f 1912 1952 1994
f 1953 1996 1954
f 1914 1997 1955
f 1956 1990 1998
f 1999 1921 1961
f 1916 2000 1958
f 2001 1917 1958
f 1960 1959 2002
f 1986 1920 1960
f 1962 1961 1922
f 1998 1962 1956
f 1964 2005 2006
f 2006 1925 1964
f 1926 2005 1963
f 1965 2008 2007
f 1968 1967 5139
f 1967 1969 1927
f 1970 1969 2010
f 1929 2011 1971
f 2012 1930 1971
f 1931 2013 1973
f 2014 1933 1973
f 2015 1934 1976
f 2016 1976 1975
f 2015 1936 1974
f 2018 1978 1977
f 1938 2020 1979
f 1939 1979 1981
f 1980 2019 2021
f 2022 1982 1981
f 1983 1982 2024
f 1941 2025 1984
f 1985 1947 1944
f 2027 1986 2002
f 1987 2027 2028
f 1948 2029 1988
f 1998 1950 1988
f 1991 1989 1949
f 1992 1989 2031
f 1955 1991 1990
f 2032 1992 2033
f 1952 2034 1994
f 1994 1953 1912
f 2036 1995 2035
f 1954 2037 1997
f 1999 2000 1957
f 2001 2000 2039
f 2040 1959 2001
f 2004 2003 1962
f 1988 2004 1998
f 2042 2006 2005
f 1966 2043 2008
f 2042 1965 2007
f 2007 2044 2045
f 2009 2010 1967
f 2047 1970 2010
f 2011 2012 1971
f 1972 2049 2013
f 1973 2050 2014
f 2016 2014 2051
f 2015 2017 2052
f 2054 2016 2053
f 2052 1977 2015
f 2055 2019 2018
f 2020 2021 2057
f 1981 2020 2022
f 2021 2056 2058
f 2023 2060 2059
f 2024 2023 2061
f 2024 2025 1983
f 1984 2063 2026
f 2028 2002 2040
f 2029 2028 2064
f 1997 2030 1991
f 2030 2031 1989
f 1992 2066 2033
f 2067 1993 2032
f 2032 2068 2069
f 2035 1994 2034
f 2035 2071 2036
f 2037 2073 2072
f 2003 2038 1999
f 2041 2029 2064
f 2042 2075 2043
f 2044 2043 2075
f 2007 2074 2042
f 2009 2077 2047
f 2048 2047 2077
f 2048 2049 2012
f 2013 2079 2050
f 2051 2050 2080
f 2053 2051 2081
f 2052 2054 2082
f 2083 2054 2053
f 2085 2052 2082
f 2056 2087 2086
f 2057 2022 2020
f 2058 2057 2021
f 2058 2086 2089
f 2059 2061 2023
f 2059 2091 2092
f 2061 2062 2024
f 2063 2062 2094
f 2064 2040 2039
f 2072 2030 2037
f 2066 2065 2095
f 2033 2096 2068
f 2034 2070 2035
f 2097 2069 2068
f 2071 2100 2099
f 2101 2036 2071
f 2101 2072 2073
f 2039 2041 2064
f 2074 2104 2075
f 2044 2106 2105
f 2103 2045 2105
f 2107 2046 2076
f 2077 2078 2048
f 2078 2110 2049
f 2111 2050 2079
f 2081 2080 2112
f 2081 2114 2053
f 2082 2084 2115
f 2084 2116 2117
f 2115 2085 2082
f 2118 2055 2085
f 2086 2120 2119
f 2088 2060 2057
f 2089 2088 2058
f 2122 2086 2119
f 2059 2123 2090
f 2124 2061 2090
f 2125 2092 2091
f 2094 2093 2127
f 2065 2102 2095
f 2128 2066 2095
f 2068 2129 2097
f 2130 2070 2067
f 2131 2069 2098
f 2101 2099 2133
f 2135 2100 2134
f 2101 2136 2102
f 2103 2138 2104
f 2105 2139 2140
f 2105 2137 2103
f 2076 2141 2107
f 2107 2109 2078
f 2144 2109 2143
f 2111 2112 2080
f 2079 2144 2111
f 2113 2112 2146
f 2113 2148 2114
f 2115 2117 2149
f 2114 2116 2083
f 2150 2116 2151
f 2149 2118 2115
f 2087 2152 2120
f 2091 2121 2125
f 2153 2122 2119
f 2123 2126 2155
f 2124 2123 2156
f 2157 2093 2124
f 2158 2126 2125
f 2095 2136 2128
f 2160 2096 2128
f 2162 2129 2161
f 2100 2163 2134
f 2131 2130 2132
f 2165 2098 2164
f 2166 2099 2135
f 2134 2168 2135
f 2133 2169 2136
f 2137 2171 2138
f 2139 2104 2138
f 2140 2172 2173
f 2140 2170 2137
f 2174 2108 2142
f 2143 2177 2144
f 2144 2145 2111
f 2146 2145 2178
f 2146 2147 2113
f 2147 2181 2148
f 2117 2182 2149
f 2148 2151 2116
f 2151 2184 2150
f 2182 2152 2149
f 2120 2185 2186
f 2187 2125 2121
f 2119 2188 2153
f 2189 2154 2153
f 2191 2154 2192
f 2193 2123 2155
f 2194 2126 2159
f 2156 2157 2124
f 2196 2159 2158
f 2136 2160 2128
f 2161 2160 2198
f 2161 2200 2162
f 2163 2167 2134
f 2164 2162 2200
f 2131 2201 2163
f 2164 2203 2165
f 2204 2135 2168
f 2166 2205 2169
f 2171 2207 2206
f 2172 2138 2171
f 2209 2172 2208
f 2209 2170 2173
f 2142 2210 2174
f 2212 2176 2143
f 2176 2215 2177
f 2178 2177 2215
f 2146 2216 2179
f 2180 2179 2217
f 2219 2180 2218
f 2150 2220 2182
f 2183 2181 2219
f 2183 2222 2184
f 2223 2182 2220
f 2185 2224 2186
f 2225 2158 2187
f 2226 2186 2224
f 2227 2153 2188
f 2228 2190 2189
f 2192 2190 2230
f 2187 2192 2225
f 2193 2195 2156
f 2155 2232 2193
f 2159 2233 2194
f 2197 2234 2235
f 2198 2169 2205
f 2198 2199 2161
f 2237 2199 2238
f 2201 2240 2167
f 2200 2202 2164
f 2165 2239 2201
f 2202 2242 2203
f 2168 2244 2204
f 2245 2204 2244
f 2172 2206 2208
f 2246 2206 2207
f 2248 2209 2208
f 2249 2207 2209
f 2175 2250 2210
f 2174 2213 2212
f 2214 2213 2251
f 2214 2253 2215
f 2215 2216 2178
f 2254 2179 2216
f 2180 2255 2218
f 2218 2257 2219
f 2220 2259 2258
f 2219 2221 2183
f 2221 2261 2222
f 2262 2220 2258
f 2224 2262 2263
f 2264 2196 2225
f 2265 2188 2226
f 2224 2266 2226
f 2229 2268 2267
f 2190 2269 2230
f 2270 2192 2230
f 2193 2271 2231
f 2272 2194 2233
f 2273 2197 2235
f 2235 2275 2274
f 2205 2236 2198
f 2276 2199 2236
f 2238 2278 2237
f 2279 2239 2280
f 2237 2241 2202
f 2203 2280 2239
f 2281 2242 2241
f 2283 2243 2284
f 2283 2245 2244
f 2208 2247 2248
f 2246 2287 2247
f 2249 2289 2288
f 2288 2246 2249
f 2290 2211 7438
f 2251 2210 2250
f 2251 2252 2214
f 2252 2294 2253
f 2254 2253 2294
f 2217 2295 2255
f 2255 2256 2218
f 2258 2297 2298
f 2260 2257 2299
f 2261 2301 2300
f 2297 2222 2261
f 2302 2258 2298
f 2262 2303 2263
f 2304 2234 2264
f 2266 2265 2226
f 2306 2265 2307
f 2308 2229 2267
f 2306 2228 2227
f 2271 2309 2310
f 2233 2311 2272
f 2273 2274 2312
f 2313 2275 2314
f 2236 2285 2276
f 2315 2238 2276
f 2316 2277 2317
f 2284 2279 2318
f 2280 2320 2279
f 2321 2278 2316
f 2319 2242 2282
f 2282 2323 2322
f 2283 2318 2324
f 2324 2285 2283
f 2248 2287 2289
f 2326 2287 2286
f 2288 2328 2329
f 2288 2326 2286
f 2330 7438 2291
f 2251 2331 2292
f 2333 2252 2292
f 2293 2335 2294
f 2295 2294 2335
f 2255 2336 2296
f 2296 2338 2256
f 2339 2260 2299
f 2300 2297 2261
f 2298 2342 2302
f 2302 2343 2303
f 2314 2304 2344
f 2345 2264 2270
f 2307 2305 2346
f 2308 2349 2269
f 2351 2267 2350
f 2352 2268 2306
f 2312 2311 2273
f 2311 2309 2272
f 2312 2357 2356
f 2357 2313 2358
f 2358 2314 2359
f 2276 2325 2315
f 2315 2317 2277
f 2317 2362 2316
f 2318 2320 2363
f 2364 2319 2365
f 2316 2366 2321
f 2365 2282 2322
f 2321 2323 2281
f 2368 2323 2367
f 2324 2363 2369
f 2369 2325 2324
f 2287 2328 2289
f 2371 2326 2372
f 2373 2329 2328
f 2326 2374 2372
f 2332 2330 2291
f 2330 2331 2290
f 2377 2331 2376
f 2379 2333 2378
f 2334 2379 2380
f 2334 2382 2335
f 2295 2382 2336
f 2337 2336 2383
f 2338 2384 2385
f 2338 2299 2256
f 2386 2301 2339
f 2340 2389 2388
f 2341 2340 2388
f 2341 2391 2342
f 2342 2392 2343
f 2393 2303 2343
f 2396 2304 2345
f 2314 2397 2359
f 2400 2346 2399
f 2401 2305 2398
f 2395 2347 2263
f 2351 2348 2308
f 2345 2348 2396
f 2404 2351 2350
f 2350 2353 2406
f 2353 2408 2407
f 2356 2355 2312
f 2354 2355 2409
f 2356 2412 2413
f 2414 2357 2358
f 2359 2414 2358
f 2315 2370 2360
f 2361 2360 2416
f 2418 2361 2417
f 2419 2320 2364
f 2420 2365 2421
f 2422 2362 2418
f 2322 2421 2365
f 2367 2366 2422
f 2367 2424 2368
f 2363 2425 2369
f 2369 2426 2370
f 2371 2328 2327
f 2428 2372 2427
f 2374 2430 2429
f 2429 2372 2374
f 2432 2330 2375
f 2433 2376 2432
f 2378 2377 2433
f 2434 2334 2380
f 2435 2382 2381
f 2383 2384 2337
f 2383 2436 2438
f 2385 2339 2338
f 2440 2386 2439
f 2388 2441 2442
f 2442 2341 2388
f 2444 2390 2443
f 2392 2444 2445
f 2393 2392 2446
f 2393 2448 2394
f 2394 2395 2303
f 2397 2415 2359
f 2399 2452 2400
f 2352 2400 2453
f 2399 2401 2454
f 2398 2456 2401
f 2458 2402 2457
f 2347 2455 2398
f 2403 2405 2459
f 2396 2403 2460
f 2406 2404 2350
f 2462 2405 2404
f 2407 2406 2353
f 2352 2464 2408
f 2407 2465 2466
f 2467 2409 2468
f 2413 2411 2356
f 2409 2411 2468
f 2413 2471 2470
f 2412 2472 2471
f 2472 2415 2473
f 2416 2370 2426
f 2361 2474 2417
f 2417 2476 2418
f 2477 2364 2420
f 2420 2478 2479
f 2480 2418 2476
f 2424 2421 2368
f 2422 2423 2367
f 2424 2481 2482
f 2419 2483 2425
f 2484 2425 2483
f 2430 2371 2428
f 2485 2428 2427
f 2429 2487 2488
f 2433 2490 2491
f 2491 2378 2433
f 2490 2434 2380
f 2381 2493 2435
f 2436 2495 2438
f 2496 2383 2438
f 2497 2384 2437
f 2439 2385 2498
f 2500 2442 2441
f 2501 2390 2442
f 2444 2503 2502
f 2504 2392 2445
f 2446 2447 2393
f 2447 2507 2448
f 2394 2508 2449
f 2509 2450 2397
f 2473 2450 2511
f 2399 2511 2451
f 2462 2400 2452
f 2512 2401 2456
f 2457 2449 2508
f 2514 2458 2513
f 2459 2460 2403
f 2459 2452 2510
f 2463 2461 2406
f 2462 2461 2516
f 2466 2463 2407
f 2516 2453 2462
f 2408 2518 2465
f 2520 2465 2519
f 2467 2522 2521
f 2470 2469 2413
f 2468 2469 2522
f 2524 2470 2471
f 2472 2527 2471
f 2526 2473 2512
f 2474 2426 2484
f 2417 2528 2475
f 2476 2530 2529
f 2479 2477 2420
f 2532 2479 2478
f 2534 2476 2529
f 2482 2478 2424
f 2481 2480 2534
f 2535 2482 2481
f 2537 2477 2531
f 2483 2538 2484
f 2485 2540 2486
f 2488 2542 2541
f 2431 2544 2495
f 2491 2380 2494
f 2547 2496 2438
f 2549 2498 2497
f 2439 2550 2551
f 2553 2500 2554
f 2441 2555 2500
f 2556 2501 2553
f 2557 2502 2503
f 2445 2560 2504
f 2505 2506 2447
f 2563 2506 2562
f 2508 2507 2564
f 2511 2510 2451
f 2473 2454 2512
f 2526 2456 2514
f 2565 2508 2564
f 2566 2513 2567
f 2517 2515 2463
f 2516 2515 2569
f 2570 2517 2466
f 2569 2464 2516
f 2572 2518 2573
f 2575 2519 2574
f 2572 2519 2465
f 2522 2578 2521
f 2579 2525 2524
f 2514 2527 2526
f 2538 2474 2484
f 2580 2475 2528
f 2529 2582 2581
f 2531 2533 2583
f 2584 2533 2532
f 2581 2534 2529
f 2532 2536 2584
f 2535 2534 2586
f 2587 2536 2535
f 2589 2531 2583
f 2590 2537 2589
f 2591 2485 2541
f 2540 2593 2592
f 2540 2595 2486
f 2541 2596 2591
f 2967 2857 5148
f 2543 2544 2489
f 2547 2544 2598
f 2547 2599 2548
f 2496 2600 2497
f 2497 2601 2549
f 2550 2603 2602
f 2604 2440 2551
f 2554 2555 2606
f 2553 2607 2608
f 2605 2555 2552
f 2553 2610 2556
f 2611 2558 2557
f 2559 2502 2558
f 2557 2556 2610
f 2559 2615 2560
f 2504 2616 2613
f 2561 2617 2618
f 2506 2619 2562
f 2567 2563 2562
f 2563 2564 2507
f 2565 2513 2457
f 2563 2565 2564
f 2566 2562 2579
f 2568 2571 2620
f 2621 2515 2568
f 2622 2571 2570
f 2573 2569 2621
f 2573 2576 2572
f 2574 2626 2575
f 2570 2575 2622
f 2574 2576 2627
f 2523 2577 2522
f 2579 2578 2577
f 2527 2579 2524
f 2528 2590 2580
f 2530 2629 2582
f 2581 2631 2630
f 2583 2585 2632
f 2585 2634 2633
f 2630 2586 2581
f 2588 2584 2536
f 2535 2635 2587
f 2588 2636 2637
f 2589 2632 2638
f 2638 2590 2589
f 2591 2593 2539
f 2592 2594 2540
f 2643 2593 2642
f 2542 2594 2596
f 2640 2596 2644
f 2543 2646 2597
f 2647 2598 2648
f 2649 2548 2599
f 2650 2600 2649
f 2601 2603 2549
f 2602 2653 2550
f 2602 2654 2655
f 2604 2605 2499
f 2551 2656 2604
f 2606 2607 2554
f 2606 2609 2658
f 2607 2660 2608
f 2662 2605 2661
f 2608 2663 2610
f 2557 2663 2611
f 2665 2611 2664
f 2559 2612 2614
f 2560 2666 2616
f 2618 2667 2668
f 2669 2619 2561
f 2619 2628 2562
f 2621 2620 2672
f 2620 2623 2673
f 2674 2623 2622
f 2672 2573 2621
f 2576 2676 2627
f 2627 2625 2574
f 2625 2679 2626
f 2674 2575 2626
f 2639 2580 2590
f 2582 2680 2631
f 2630 2681 2682
f 2632 2633 2683
f 2633 2685 2684
f 2682 2635 2630
f 2637 2634 2588
f 2686 2587 2635
f 2687 2637 2636
f 2638 2683 2689
f 2689 2639 2638
f 2593 2691 2642
f 2592 2692 2641
f 2596 2641 2644
f 2642 2694 2643
f 2695 2640 2644
f 2697 2646 2698
f 2699 2599 2647
f 2697 2647 2648
f 2650 2651 2601
f 2702 2649 2699
f 2654 2651 2703
f 2652 2655 2704
f 2652 2656 2653
f 2706 2605 2656
f 2606 2707 2657
f 2659 2657 2708
f 2709 2609 2662
f 2711 2659 2710
f 2712 2661 2713
f 2714 2663 2660
f 2664 2717 2665
f 2612 2718 2614
f 2664 2715 2719
f 2720 2615 2721
f 2616 2667 2617
f 2668 2723 2722
f 2668 2669 2618
f 2724 2670 2669
f 2671 2670 2726
f 2673 2672 2620
f 2673 2675 2728
f 2729 2674 2730
f 2727 2624 2672
f 2627 2731 2677
f 2677 2678 2625
f 2678 2734 2679
f 2626 2730 2674
f 2690 2629 2639
f 2631 2735 2681
f 2736 2682 2681
f 2684 2683 2633
f 2684 2739 2740
f 2737 2686 2682
f 2685 2688 2739
f 2636 2741 2687
f 2688 2743 2742
f 2689 2738 2744
f 2744 2690 2689
f 2693 2691 2746
f 2747 2643 2694
f 2641 2695 2644
f 2748 2693 2749
f 2691 2750 2746
f 2696 2698 2646
f 2698 2700 2697
f 2700 2699 2647
f 2650 2755 2701
f 2756 2699 2754
f 2704 2705 2652
f 2706 2713 2661
f 2759 2658 2709
f 2657 2760 2708
f 2708 2710 2659
f 2762 2662 2712
f 2710 2764 2711
f 2660 2765 2714
f 2712 2766 2767
f 2664 2768 2716
f 2770 2716 2769
f 2771 2665 2717
f 2721 2718 2771
f 2723 2666 2720
f 2721 2773 2720
f 2724 2722 2774
f 2722 2776 2775
f 2774 2725 2724
f 2726 2725 2778
f 2728 2727 2673
f 2780 2675 2729
f 2730 2782 2729
f 2779 2676 2727
f 2731 2732 2677
f 2733 2732 2784
f 2785 2733 2786
f 2781 2679 2734
f 2680 2745 2735
f 2681 2787 2736
f 2788 2737 2736
f 2740 2738 2684
f 2740 2791 2792
f 2789 2741 2737
f 2742 2739 2688
f 2687 2793 2743
f 2794 2743 2795
f 2744 2790 2796
f 2796 2745 2744
f 2747 2695 2692
f 2694 2798 2747
f 2748 2799 2800
f 2746 2801 2749
f 2752 2804 2696
f 2754 2753 2805
f 2806 2702 2756
f 2808 2757 2807
f 2766 2758 2810
f 2709 2811 2759
f 2707 2812 2760
f 2813 2710 2761
f 2767 2762 2712
f 2763 2816 2764
f 2711 2817 2765
f 2714 2818 2819
f 2766 2821 2767
f 2822 2716 2768
f 2769 2824 2770
f 2825 2717 2770
f 2772 2771 2825
f 2773 2723 2720
f 2827 2772 2826
f 2775 2774 2722
f 2828 2777 2774
f 2778 2777 2830
f 2831 2728 2780
f 2782 2780 2729
f 2781 2834 2782
f 2779 2783 2731
f 2784 2783 2835
f 2784 2786 2733
f 2786 2838 2785
f 2839 2781 2734
f 2735 2797 2787
f 2736 2840 2788
f 2841 2789 2788
f 2792 2790 2740
f 2792 2845 2844
f 2793 2842 2846
f 2794 2791 2742
f 2795 2793 2846
f 2795 2848 2794
f 2796 2843 2849
f 2849 2797 2796
f 2747 2801 2750
f 2748 2851 2798
f 2749 2852 2799
f 2800 2853 2854
f 2752 2856 2803
f 2753 2857 2805
f 2858 2756 2805
f 2859 2808 2807
f 2861 2705 2808
f 2810 2820 2766
f 2812 2811 2863
f 2812 2865 2760
f 2866 2763 2813
f 2867 2815 2763
f 2869 2816 2815
f 2871 2764 2816
f 2817 2818 2765
f 2819 2873 2874
f 2875 2820 2876
f 2822 2823 2769
f 2768 2874 2822
f 2878 2823 2879
f 2880 2770 2824
f 2826 2825 2880
f 2773 2881 2776
f 2827 2883 2882
f 2881 2828 2775
f 2884 2829 2828
f 2830 2829 2886
f 2831 2832 2887
f 2782 2888 2832
f 2834 2889 2890
f 2835 2831 2887
f 2835 2836 2784
f 2837 2836 2892
f 2893 2837 2894
f 2839 2838 2895
f 2895 2833 2839
f 2850 2787 2797
f 2788 2896 2841
f 2842 2898 2897
f 2844 2843 2792
f 2844 2900 2901
f 2846 2897 2902
f 2848 2845 2794
f 2846 2847 2795
f 2904 2847 2903
f 2849 2899 2905
f 2905 2850 2849
f 2798 2852 2801
f 2854 2851 2800
f 2799 2908 2853
f 2854 2910 2909
f 2911 2804 2912
f 5165 2855 5163
f 2802 2914 2856
f 2915 2803 2856
f 2805 2917 2858
f 2860 2862 2810
f 2876 2862 2919
f 2864 2863 2920
f 2811 2921 2863
f 2922 2864 2923
f 2813 2922 2866
f 2867 2924 2925
f 2925 2868 2867
f 2927 2815 2868
f 2928 2870 2869
f 2816 2930 2871
f 2871 2872 2817
f 2873 2872 2932
f 2874 2924 2933
f 2934 2821 2875
f 2875 2935 2936
f 2874 2877 2822
f 2877 2879 2823
f 2824 2937 2880
f 2938 2879 2920
f 2880 2883 2826
f 2884 2827 2882
f 2883 2935 2882
f 2882 2885 2884
f 2886 2885 2919
f 2887 2888 2939
f 2940 2834 2890
f 2890 2942 2941
f 2939 2835 2887
f 2892 2891 2943
f 2944 2837 2892
f 2895 2893 2945
f 2946 2893 2894
f 2945 2889 2895
f 2906 2840 2850
f 2841 2948 2898
f 2897 2949 2950
f 2844 2951 2899
f 2950 2902 2897
f 2904 2900 2848
f 2903 2902 2952
f 2954 2904 2903
f 2899 2956 2905
f 2956 2906 2905
f 2851 2908 2852
f 2909 2907 2854
f 2853 2959 2910
f 2909 2960 2958
f 2911 2961 2962
f 2914 2913 2963
f 2915 2966 2916
f 2916 2912 2803
f 2968 2857 2967
f 2919 2918 2886
f 2885 2876 2919
f 2920 2923 2864
f 2863 2938 2920
f 2923 2933 2922
f 2933 2866 2922
f 2925 2873 2932
f 2932 2926 2925
f 2868 2971 2927
f 2869 2972 2928
f 2973 2929 2928
f 2930 2929 2975
f 2871 2976 2931
f 2931 2932 2872
f 2875 2977 2934
f 2878 2977 2937
f 2977 2883 2937
f 2888 2978 2939
f 2940 2941 2979
f 2941 2980 2981
f 2978 2891 2939
f 2943 2944 2892
f 2894 2983 2946
f 2945 2947 2984
f 2985 2947 2946
f 2984 2942 2945
f 2957 2896 2906
f 2898 2987 2949
f 2950 2989 2988
f 2990 2901 2953
f 2988 2952 2950
f 2953 2955 2992
f 2903 2991 2954
f 2993 2955 2954
f 2995 2951 2990
f 2995 2957 2956
f 2907 2959 2908
f 2959 2960 2910
f 2997 2962 2961
f 2964 2963 2913
f 2914 2965 2915
f 3002 2965 3003
f 2961 2966 2997
f 2968 3005 3004
f 2921 2977 2938
f 2926 3006 2971
f 2928 3007 2973
f 3008 2974 2973
f 2975 2974 3010
f 3011 2930 2975
f 2976 2970 2931
f 3012 2940 2979
f 2941 3013 2979
f 3014 2980 3015
f 2978 2982 2943
f 3016 2944 2982
f 2985 2983 3017
f 2984 2986 3018
f 2985 3020 2986
f 3015 2984 3018
f 2996 2948 2957
f 2949 3021 2989
f 2990 2992 3022
f 2988 3024 2991
f 2992 2994 3025
f 2954 3024 2993
f 2994 3027 3026
f 2990 3028 2995
f 2995 3029 2996
f 3030 2998 2997
f 2999 2998 3032
f 3033 2964 3001
f 2965 3000 3003
f 5172 2968 3004
f 3005 3036 3004
f 3040 3006 3039
f 2972 3042 3007
f 2973 3043 3008
f 3008 3045 3009
f 2974 3046 3010
f 3047 2975 3010
f 2976 3039 3006
f 2979 3048 3012
f 3049 2981 3014
f 3015 3051 3014
f 3016 3012 3048
f 3052 2983 3016
f 3017 3019 2985
f 3018 3020 3054
f 3055 3019 3056
f 3054 3015 3018
f 2987 3029 3021
f 2989 3057 3023
f 2992 3058 3022
f 3024 3060 3059
f 2994 3061 3025
f 3059 2993 3024
f 3026 3062 3063
f 3058 3028 3022
f 3065 3028 3064
f 3066 3031 3030
f 3068 2998 3031
f 3034 3033 3001
f 3000 3070 3003
f 3004 3038 5172
f 3074 3035 3073
f 3078 3039 3077
f 3042 3040 3078
f 3007 3079 3043
f 3008 3080 3044
f 3081 3044 3082
f 3009 3083 3046
f 3010 3084 3047
f 3077 3011 3047
f 3085 3013 3049
f 3014 3086 3049
f 3050 3088 3051
f 3052 3048 3085
f 3052 3053 3017
f 3053 3056 3019
f 3091 3020 3055
f 3056 3093 3055
f 3087 3054 3091
f 3065 3021 3029
f 3057 3060 3023
f 3095 3025 3061
f 3059 3096 3097
f 3061 3063 3098
f 3097 3027 3059
f 3099 3063 3062
f 3101 3058 3095
f 3064 3102 3065
f 3066 3104 3067
f 3105 3031 3067
f 3107 3068 3106
f 3034 3108 3069
f 3033 3109 3070
f 3070 3072 3003
f 3111 3037 5175
f 3002 3103 3066
f 3036 3076 3038
f 3112 3074 3073
f 3106 3035 3107
f 3075 3074 3113
f 3116 3077 3117
f 3079 3078 3116
f 3118 3043 3079
f 3119 3045 3081
f 3120 3082 3121
f 3122 3046 3083
f 3047 3117 3077
f 3123 3049 3086
f 3051 3124 3086
f 3087 3126 3088
f 3085 3089 3052
f 3089 3090 3053
f 3092 3090 3128
f 3055 3129 3091
f 3093 3131 3130
f 3091 3125 3087
f 3065 3094 3057
f 3096 3094 3132
f 3061 3133 3095
f 3134 3097 3096
f 3063 3136 3098
f 3099 3097 3135
f 3137 3100 3099
f 3095 3139 3101
f 3140 3101 3139
f 3067 3141 3105
f 3068 3142 3106
f 3111 3108 3071
f 3144 3069 3108
f 5175 3145 3111
f 3146 3112 3147
f 3106 3112 3073
f 3075 3149 3115
f 3150 5178 3115
f 3117 3152 3116
f 3116 3118 3079
f 3153 3080 3118
f 3155 3081 3120
f 3119 3157 3083
f 3158 3121 3082
f 3121 3161 3120
f 3151 3084 3122
f 3086 3162 3123
f 3088 3163 3124
f 3126 3165 3164
f 3123 3127 3089
f 3090 3166 3128
f 3131 3128 3167
f 3130 3129 3093
f 3130 3169 3170
f 3125 3168 3165
f 3102 3132 3094
f 3132 3134 3096
f 3133 3136 3173
f 3174 3134 3172
f 3137 3135 3174
f 3137 3176 3138
f 3139 3173 3177
f 3139 3178 3140
f 3104 3180 3141
f 3181 3105 3141
f 3142 3183 3106
f 3111 3184 3143
f 3186 3143 3185
f 3110 3144 3179
f 3187 3114 5179
f 3148 3147 3112
f 3146 3189 3190
f 3183 3148 3106
f 3115 3193 3150
f 3196 3151 3195
f 3153 3152 3196
f 3158 3153 3197
f 3120 3198 3155
f 3119 3199 3156
f 3195 3156 3200
f 3197 3159 3158
f 3160 3159 3202
f 3204 3160 3203
f 3195 3122 3157
f 3163 3162 3124
f 3206 3126 3164
f 3164 3207 3208
f 3127 3205 3166
f 3209 3128 3166
f 3131 3210 3169
f 3170 3168 3130
f 3170 3213 3212
f 3211 3165 3168
f 3214 3132 3171
f 3173 3138 3176
f 3215 3172 3214
f 3174 3175 3137
f 3175 3217 3176
f 3176 3177 3173
f 3178 3218 3219
f 3179 3186 3180
f 3141 3220 3181
f 3181 3182 3142
f 3182 3191 3183
f 3223 3145 3187
f 3185 3184 3224
f 3225 3185 3226
f 3227 5179 3192
f 3188 3191 3228
f 3229 3188 3230
f 3190 3231 3232
f 3190 3149 3146
f 3150 3233 3194
f 3195 3235 3196
f 3196 3197 3153
f 3236 3161 3204
f 3237 3155 3198
f 3156 3238 3200
f 3201 3235 3239
f 3202 3201 3240
f 3203 3202 3241
f 3242 3203 3243
f 3206 3205 3163
f 3206 3208 3245
f 3208 3246 3247
f 3166 3244 3209
f 3167 3248 3210
f 3249 3169 3210
f 3212 3211 3170
f 3212 3251 3252
f 3250 3207 3211
f 3214 3140 3253
f 3253 3215 3214
f 3215 3216 3175
f 3217 3256 3255
f 3253 3219 3257
f 3225 3180 3186
f 3258 3221 3181
f 3260 3182 3221
f 3228 3222 3261
f 3262 3184 3223
f 3263 3187 3227
f 3224 3226 3185
f 3226 3266 3225
f 3267 3192 5183
f 3228 3230 3188
f 3270 3230 3269
f 3270 3189 3229
f 3271 3232 3231
f 3193 3232 3233
f 3273 3194 3233
f 3239 3200 3238
f 3236 3237 3198
f 3275 3204 3242
f 3276 3199 3237
f 3239 3240 3201
f 3241 3240 3278
f 3241 3243 3203
f 3243 3281 3242
f 3244 3245 3282
f 3245 3247 3283
f 3284 3247 3246
f 3282 3209 3244
f 3210 3286 3249
f 3287 3213 3249
f 3252 3250 3212
f 3252 3290 3289
f 3246 3288 3284
f 3257 3254 3253
f 3216 3291 3256
f 3292 3217 3255
f 3255 3293 3294
f 3257 3296 3295
f 3266 3220 3225
f 3259 3266 3297
f 3298 3221 3259
f 3299 3222 3260
f 3228 3300 3268
f 3262 3264 3224
f 3223 3302 3262
f 3227 3303 3263
f 3265 3264 3304
f 3266 3305 3297
f 3269 3268 3307
f 3269 3309 3270
f 3271 3270 3309
f 3310 3272 3271
f 3233 3272 3273
f 3234 3312 8445
f 3277 3238 3276
f 3275 3274 3236
f 3276 3274 3314
f 3281 3275 3242
f 3278 3277 3316
f 3279 3278 3317
f 3280 3279 3318
f 3280 3320 3281
f 3282 3283 3321
f 3283 3285 3322
f 3323 3285 3284
f 3321 3248 3282
f 3325 3249 3286
f 3326 3251 3287
f 3288 3289 3327
f 3328 3290 3329
f 3323 3288 3327
f 3330 3257 3295
f 3256 3331 3293
f 3292 3294 3332
f 3294 3333 3334
f 3292 3296 3219
f 3296 3336 3295
f 3337 3259 3297
f 3338 3260 3298
f 3261 3339 3300
f 3300 3307 3268
f 3302 3301 3262
f 3342 3264 3301
f 3302 3303 3343
f 3344 3267 3306
f 3265 3345 3305
f 3297 3346 3337
f 3307 3308 3269
f 3349 3308 3350
f 3351 3271 3309
f 3311 3352 3353
f 3311 3273 3272
f 8445 3354 8485
f 3314 3277 3276
f 3313 3315 3355
f 3314 3313 3356
f 3357 3281 3320
f 3317 3316 3358
f 3317 3318 3279
f 3318 3319 3280
f 3361 3319 3362
f 3322 3321 3283
f 3322 3324 3364
f 3365 3324 3323
f 3286 3363 3325
f 3367 3287 3325
f 3326 3329 3290
f 3289 3369 3327
f 3370 3329 3371
f 3327 3365 3323
f 3330 3336 3372
f 3293 3373 3333
f 3334 3332 3294
f 3375 3334 3333
f 3332 3335 3296
f 3378 3335 3377
f 3379 3298 3337
f 3380 3299 3338
f 3300 3381 3340
f 3340 3348 3307
f 3343 3341 3302
f 3301 3384 3342
f 3385 3304 3342
f 3343 3344 3386
f 3347 3344 3306
f 3305 3388 3346
f 3337 3389 3379
f 3348 3350 3308
f 3350 3393 3349
f 3394 3310 3351
f 3352 3396 3353
f 3353 3312 3311
f 3397 8485 3354
f 3356 3316 3314
f 3355 3399 3398
f 3355 3356 3313
f 3357 3361 3401
f 3358 3359 3317
f 3360 3359 3403
f 3360 3362 3319
f 3361 3405 3406
f 3364 3363 3322
f 3324 3408 3364
f 3409 3366 3365
f 3407 3325 3363
f 3326 3411 3368
f 3371 3368 3412
f 3413 3328 3370
f 3370 3414 3415
f 3365 3413 3409
f 3372 3378 3416
f 3372 3331 3330
f 3333 3417 3375
f 3418 3334 3376
f 3419 3376 3375
f 3377 3374 3418
f 3377 3422 3378
f 3423 3338 3379
f 3339 3424 3381
f 3381 3382 3340
f 3391 3382 3426
f 3342 3427 3385
f 3428 3345 3385
f 3386 3387 3429
f 3390 3387 3347
f 3431 3346 3388
f 3379 3432 3423
f 3391 3392 3350
f 3436 3392 3435
f 3393 3351 3349
f 3394 3395 3352
f 3395 3439 3396
f 3396 3354 3353
f 8528 3440 8572
f 3356 3402 3358
f 3400 3398 3442
f 3398 3443 3444
f 3361 3445 3401
f 3401 3399 3357
f 3403 3402 3446
f 3403 3404 3360
f 3362 3448 3405
f 3406 3450 3449
f 3408 3407 3364
f 3410 3408 3366
f 3453 3410 3409
f 3451 3367 3407
f 3368 3455 3412
f 3456 3371 3412
f 3413 3415 3457
f 3415 3459 3458
f 3457 3409 3413
f 3460 3378 3422
f 3416 3373 3372
f 3375 3461 3419
f 3418 3420 3462
f 3463 3420 3419
f 3418 3421 3377
f 3422 3466 3465
f 3467 3380 3423
f 3381 3468 3425
f 3426 3425 3469
f 3391 3470 3434
f 3384 3471 3427
f 3472 3385 3427
f 3388 3473 3431
f 3429 3430 3474
f 3386 3475 3383
f 3476 3390 3433
f 3477 3389 3431
f 3423 3478 3467
f 3433 5189 3479
f 3435 3434 3480
f 3435 3482 3436
f 3437 3393 3436
f 3437 3438 3395
f 3485 3438 3484
f 3397 3439 3440
f 3440 3441 8572
f 3442 3402 3400
f 3442 3444 3488
f 3489 3444 3443
f 3445 3449 3491
f 3445 3443 3401
f 3403 3492 3447
f 3493 3404 3447
f 3405 3494 3450
f 3449 3495 3496
f 3451 3452 3497
f 3454 3452 3410
f 3499 3454 3453
f 3497 3411 3451
f 3501 3412 3455
f 3414 3502 3459
f 3457 3458 3503
f 3504 3458 3459
f 3503 3453 3457
f 3465 3460 3422
f 3417 3460 3461
f 3461 3508 3419
f 3462 3464 3509
f 3464 3511 3510
f 3421 3509 3466
f 3465 3512 3513
f 3514 3424 3467
f 3425 3515 3469
f 3516 3426 3469
f 3434 3517 3480
f 3428 3518 3473
f 3431 3519 3477
f 3520 3430 3476
f 3474 3475 3429
f 3433 3522 3476
f 3478 3477 3523
f 3467 3524 3514
f 3480 3481 3435
f 3528 3481 3527
f 3436 3483 3437
f 3484 3483 3529
f 3484 3531 3485
f 3486 3439 3485
f 3486 3487 3441
f 3488 3446 3442
f 3488 3490 3534
f 3535 3490 3489
f 3491 3496 3537
f 3491 3489 3445
f 3447 3538 3493
f 3539 3448 3493
f 3540 3450 3494
f 3541 3496 3495
f 3497 3498 3543
f 3544 3454 3500
f 3500 3546 3545
f 3501 3497 3543
f 3547 3456 3501
f 3459 3548 3504
f 3503 3505 3549
f 3504 3551 3505
f 3549 3499 3503
f 3513 3506 3465
f 3461 3506 3507
f 3507 3554 3508
f 3510 3509 3464
f 3463 3554 3511
f 3511 3557 3510
f 3509 3558 3466
f 3559 3513 3512
f 3514 3515 3468
f 3562 3469 3515
f 3563 3470 3516
f 3517 3526 3480
f 3566 3473 3518
f 3523 3519 3567
f 3568 3476 3522
f 3474 3569 3521
f 3570 3475 3521
f 3571 3479 3525
f 3561 3524 3572
f 5192 3525 5190
f 3527 3526 3574
f 3575 3527 3576
f 3482 3529 3483
f 3529 3530 3484
f 3530 3579 3531
f 3485 3532 3486
f 3533 3532 3580
f 3534 3492 3488
f 3534 3536 3582
f 3536 3584 3583
f 3584 3491 3537
f 3537 3542 3585
f 3493 3586 3539
f 3494 3587 3540
f 3588 3495 3540
f 3541 3590 3542
f 3543 3544 3591
f 3545 3544 3500
f 3545 3593 3594
f 3501 3591 3547
f 3502 3595 3548
f 3504 3596 3550
f 3505 3597 3549
f 3550 3599 3551
f 3597 3546 3549
f 3552 3560 3600
f 3553 3506 3552
f 3553 3602 3554
f 3557 3555 3510
f 3511 3602 3556
f 3556 3605 3557
f 3555 3606 3558
f 3558 3559 3512
f 3560 3608 3607
f 3562 3561 3609
f 3610 3516 3562
f 3611 3517 3563
f 3574 3564 3612
f 3613 3519 3566
f 3518 3614 3566
f 3567 3616 3523
f 3568 3569 3520
f 3618 3522 3571
f 3619 3570 3521
f 3525 3621 3571
f 3572 3609 3561
f 3572 3622 3624
f 3574 3576 3527
f 3577 3528 3575
f 3576 3628 3575
f 3577 3578 3530
f 3579 3630 3631
f 3531 3580 3532
f 3533 3632 3581
f 3582 3538 3534
f 3583 3582 3536
f 3583 3636 3635
f 3585 3584 3537
f 3590 3585 3542
f 3638 3539 3586
f 3540 3639 3588
f 3640 3541 3588
f 3589 3642 3590
f 3591 3592 3643
f 3594 3592 3545
f 3645 3594 3593
f 3643 3547 3591
f 3548 3647 3596
f 3596 3598 3550
f 3551 3649 3597
f 3651 3598 3650
f 3649 3593 3597
f 3607 3600 3560
f 3552 3601 3553
f 3653 3602 3601
f 3605 3603 3557
f 3602 3604 3556
f 3657 3604 3656
f 3606 3655 3658
f 3658 3559 3606
f 3608 3660 3607
f 3609 3610 3562
f 3662 3563 3610
f 3663 3564 3611
f 3626 3612 3664
f 3613 3615 3567
f 3566 3666 3613
f 3565 3620 3614
f 3615 3668 3616
f 3618 3617 3568
f 3617 3619 3569
f 3571 3671 3618
f 3670 3620 3619
f 3573 3673 3621
f 3624 3623 3572
f 3623 3661 3609
f 3616 3624 3622
f 3627 3626 3677
f 3575 3629 3577
f 3678 3627 3679
f 3680 3578 3629
f 3681 3631 3630
f 3580 3631 3632
f 3632 3633 3581
f 3634 3586 3582
f 3635 3634 3583
f 3635 3686 3687
f 3686 3585 3637
f 3637 3642 3688
f 3689 3587 3638
f 3690 3588 3639
f 3589 3691 3641
f 3642 3693 3692
f 3644 3643 3592
f 3695 3594 3646
f 3646 3697 3696
f 3595 3694 3647
f 3647 3648 3596
f 3650 3648 3699
f 3599 3700 3649
f 3702 3650 3701
f 3660 3652 3607
f 3601 3652 3653
f 3704 3654 3653
f 3605 3706 3655
f 3705 3604 3654
f 3656 3708 3657
f 3655 3709 3658
f 3658 3659 3608
f 3710 3660 3659
f 3662 3661 3712
f 3611 3713 3663
f 3663 3664 3612
f 3664 3677 3626
f 3613 3716 3665
f 3667 3665 3717
f 3614 3672 3666
f 3718 3667 3719
f 3720 3669 3618
f 3670 3669 3722
f 3621 3723 3671
f 3722 3672 3670
f 3676 3673 3625
f 3674 3668 3718
f 3675 3674 3726
f 3712 3675 3727
f 3677 3679 3627
f 3678 3629 3628
f 3679 3731 3678
f 3630 3732 3681
f 3733 3682 3681
f 3632 3682 3683
f 3638 3685 3689
f 3687 3685 3635
f 3738 3687 3686
f 3688 3686 3637
f 3688 3692 3740
f 3639 3741 3690
f 3742 3640 3690
f 3743 3641 3691
f 3692 3745 3744
f 3695 3694 3644
f 3747 3646 3696
f 3700 3697 3645
f 3696 3749 3750
f 3694 3698 3647
f 3699 3698 3751
f 3701 3699 3752
f 3748 3651 3702
f 3753 3702 3701
f 3711 3703 3660
f 3653 3703 3704
f 3704 3757 3705
f 3758 3657 3708
f 3705 3707 3656
f 3759 3707 3760
f 3761 3706 3758
f 3710 3709 3761
f 3762 3711 3710
f 3662 3764 3713
f 3765 3663 3713
f 3714 3715 3664
f 3729 3715 3767
f 3666 3724 3716
f 3768 3665 3716
f 3719 3717 3769
f 3719 3771 3718
f 3772 3721 3720
f 3722 3721 3774
f 3775 3673 3725
f 3720 3723 3772
f 3774 3724 3722
f 3728 3725 3676
f 3718 3726 3674
f 3727 3764 3712
f 3729 3730 3679
f 3731 3680 3678
f 3781 3730 3782
f 3732 3733 3681
f 3784 3733 3785
f 3734 3683 3682
f 3737 3689 3685
f 3737 3739 3787
f 3738 3789 3739
f 3740 3738 3688
f 3744 3740 3692
f 3690 3791 3742
f 3792 3691 3742
f 3793 3693 3743
f 3745 3795 3744
f 3746 3747 3796
f 3696 3797 3747
f 3697 3798 3749
f 3799 3750 3749
f 3796 3698 3746
f 3751 3752 3699
f 3752 3753 3701
f 3702 3798 3748
f 3803 3753 3802
f 3763 3755 3711
f 3703 3756 3704
f 3805 3756 3804
f 3708 3806 3758
f 3760 3757 3805
f 3760 3808 3759
f 3758 3809 3761
f 3710 3809 3762
f 3810 3763 3762
f 3713 3812 3765
f 3766 3765 3813
f 3767 3766 3814
f 3815 3729 3767
f 3716 3776 3768
f 3768 3769 3717
f 3769 3770 3719
f 3819 3770 3818
f 3774 3773 3820
f 3772 3775 3821
f 3725 3822 3775
f 3776 3820 3823
f 3779 3777 3728
f 3726 3819 3825
f 3826 3764 3778
f 3782 3780 3828
f 3783 3731 3781
f 3781 3829 3830
f 3783 3785 3733
f 3784 3736 3734
f 3833 3785 3832
f 3787 3741 3737
f 3739 3836 3787
f 3837 3789 3788
f 3740 3837 3788
f 3790 3795 3839
f 3840 3742 3791
f 3793 3792 3841
f 3842 3745 3793
f 3843 3794 3844
f 3796 3797 3845
f 3847 3750 3846
f 3799 3848 3800
f 3845 3751 3796
f 3802 3801 3849
f 3798 3803 3799
f 3849 3803 3802
f 3804 3811 3850
f 3804 3851 3805
f 3759 3852 3806
f 3805 3807 3760
f 3854 3807 3853
f 3809 3852 3855
f 3855 3762 3809
f 3857 3810 3856
f 3765 3858 3813
f 3813 3814 3766
f 3860 3767 3814
f 3828 3815 3861
f 3768 3823 3816
f 3816 3817 3769
f 3818 3817 3863
f 3864 3819 3818
f 3820 3866 3867
f 3775 3868 3821
f 3869 3777 3824
f 3867 3823 3820
f 3827 3824 3779
f 3825 3865 3872
f 3778 3872 3826
f 3873 3812 3826
f 3828 3829 3782
f 3781 3831 3783
f 3877 3829 3876
f 3832 3831 3878
f 3786 3833 3835
f 3879 3833 3832
f 3791 3836 3840
f 3836 3838 3883
f 3838 3885 3884
f 3885 3790 3839
f 3839 3843 3886
f 3792 3887 3841
f 3841 3842 3793
f 3794 3889 3844
f 3891 3844 3890
f 3845 3847 3892
f 3893 3847 3846
f 3800 3895 3846
f 3849 3895 3848
f 3897 3811 3857
f 3897 3851 3850
f 3899 3808 3854
f 3853 3851 3898
f 3900 3854 3853
f 3855 3899 3902
f 3855 3856 3810
f 3856 3904 3857
f 3814 3905 3860
f 3906 3815 3860
f 3875 3861 3907
f 3870 3816 3823
f 3863 3862 3908
f 3863 3864 3818
f 3910 3865 3864
f 3912 3866 3913
f 3822 3914 3868
f 3869 3871 3915
f 3916 3867 3912
f 3871 3874 3917
f 3911 3872 3865
f 3826 3918 3873
f 3919 3858 3873
f 3881 3874 3834
f 3876 3875 3921
f 3878 3830 3877
f 3923 3876 3922
f 3878 3879 3832
f 3835 3880 3882
f 3925 3880 3879
f 3887 3836 3883
f 3838 3929 3883
f 3885 3931 3884
f 3886 3885 3839
f 3891 3886 3843
f 3841 3933 3888
f 3934 3842 3888
f 3844 3935 3890
f 3891 3937 3936
f 3849 3892 3896
f 3847 3938 3892
f 3939 3894 3893
f 3941 3895 3942
f 3942 3896 3943
f 3857 3944 3897
f 3945 3898 3897
f 3947 3854 3901
f 3853 3946 3900
f 3949 3900 3948
f 3950 3899 3947
f 3902 3903 3856
f 3903 3952 3904
f 3919 3905 3859
f 3860 3954 3906
f 3906 3907 3861
f 3921 3907 3956
f 3862 3916 3908
f 3908 3909 3863
f 3864 3958 3910
f 3959 3911 3910
f 3868 3913 3866
f 3912 3961 3962
f 3963 3869 3915
f 3915 3917 3964
f 3912 3965 3916
f 3917 3920 3966
f 3918 3960 3967
f 3967 3873 3918
f 3968 3881 3927
f 3922 3921 3969
f 3877 3924 3878
f 3922 3971 3923
f 3972 3879 3924
f 3928 3880 3926
f 3929 3887 3883
f 3884 3974 3929
f 3931 3975 3976
f 3932 3930 3886
f 3932 3936 3977
f 3888 3978 3934
f 3979 3889 3934
f 3890 3980 3937
f 3981 3936 3937
f 3943 3892 3938
f 3983 3894 3940
f 3984 3940 3939
f 3986 3893 3941
f 3942 3986 3941
f 3987 3943 3988
f 3989 3904 3952
f 3946 3991 3990
f 3992 3901 3949
f 3990 3900 3946
f 3993 3949 3948
f 3995 3947 3992
f 3950 3951 3903
f 3997 3951 3996
f 3967 3953 3919
f 3954 3953 3999
f 3954 3955 3906
f 3956 3955 4000
f 3956 3969 3921
f 3908 3965 3957
f 3909 4002 3958
f 3910 4003 3959
f 3960 4004 4005
f 3961 3914 3963
f 4006 3962 3961
f 3964 3963 3915
f 3964 3966 4009
f 3965 4007 4010
f 4011 3920 3968
f 3967 4005 3998
f 3927 4012 3968
f 3969 3970 3922
f 3924 3971 3972
f 4015 3970 4014
f 3925 4016 4017
f 3926 5197 3928
f 3974 3933 3929
f 3976 3974 3931
f 3976 4021 4022
f 3977 3975 3932
f 4023 3936 3982
f 3934 4024 3979
f 3980 3979 4025
f 3981 3980 4026
f 4027 3982 3981
f 3943 4029 3988
f 3940 4030 3983
f 3986 3984 3939
f 3985 4033 4032
f 3987 4031 3986
f 3988 4034 3987
f 3989 3945 3944
f 3997 3989 3952
f 3990 4037 4038
f 3949 4039 3992
f 4038 3948 3990
f 3996 3995 4040
f 4041 3997 3996
f 3998 3999 3953
f 4000 4001 3956
f 4013 4001 4045
f 4010 3957 3965
f 3958 4046 4003
f 4047 3959 4003
f 4004 3998 4005
f 3961 4008 4006
f 4049 4007 4006
f 4009 4008 3964
f 4011 4009 3966
f 4050 4010 4007
f 4011 4012 4054
f 4055 3973 4019
f 4014 4013 4056
f 4015 3972 3971
f 4057 4015 4014
f 4060 4016 4059
f 4020 3978 3974
f 4020 4022 4063
f 4064 4022 4021
f 4023 4021 3977
f 4023 4028 4066
f 4067 3979 4024
f 4026 4025 4068
f 4026 4027 3981
f 4027 4071 4028
f 3988 4072 4035
f 3985 4073 4030
f 4030 4029 3983
f 4074 3984 4031
f 4076 4033 4075
f 4034 4074 4031
f 4035 4077 4034
f 4079 3997 4042
f 4037 4036 4079
f 4080 4038 4037
f 4082 3994 4083
f 3993 4081 4083
f 3996 4082 4041
f 4041 4085 4042
f 4043 4048 4086
f 4088 4000 4087
f 4045 4044 4089
f 4090 4013 4045
f 4002 4053 4046
f 4003 4091 4047
f 4092 4004 4047
f 4006 4051 4049
f 4093 4050 4049
f 4051 4052 4095
f 4052 4054 4096
f 4094 4053 4050
f 4098 4012 4055
f 4014 4100 4057
f 4058 4016 4015
f 4101 4058 4057
f 4060 4103 4062
f 4061 4060 4062
f 4067 4020 4063
f 4105 4022 4065
f 4065 4107 4106
f 4023 4107 4064
f 4028 4108 4066
f 4109 4025 4067
f 4110 4026 4068
f 4069 4070 4027
f 4070 4113 4071
f 4072 4078 4035
f 4032 4115 4073
f 4073 4072 4030
f 4116 4033 4074
f 4075 4118 4076
f 4074 4119 4116
f 4119 4078 4120
f 4079 4085 4121
f 4080 4079 4121
f 4081 4123 4122
f 4125 4083 4124
f 4125 4041 4082
f 4126 4085 4084
f 4128 4048 4092
f 4088 4089 4044
f 4088 4086 4128
f 4045 4130 4090
f 4046 4097 4091
f 4047 4131 4092
f 4049 4095 4093
f 4132 4094 4093
f 4096 4095 4052
f 4098 4096 4054
f 4136 4094 4133
f 4055 4137 4098
f 4057 4139 4101
f 4101 4141 4102
f 4105 4067 4063
f 4065 4144 4105
f 4107 4146 4106
f 4066 4145 4107
f 4147 4071 4113
f 4068 4148 4110
f 4110 4111 4069
f 4111 4112 4070
f 4113 4152 4151
f 4078 4153 4120
f 4115 4118 4154
f 4114 4115 4153
f 4155 4075 4116
f 4117 4157 4118
f 4116 4158 4155
f 4159 4119 4120
f 4121 4127 4160
f 4160 4080 4121
f 4124 4122 4161
f 4122 4163 4162
f 4124 4164 4125
f 4084 4164 4126
f 4165 4127 4126
f 4092 4167 4128
f 4128 4129 4088
f 4089 4168 4130
f 4169 4130 4170
f 4131 4136 4171
f 4093 4134 4132
f 4172 4133 4132
f 4135 4134 4096
f 4137 4135 4098
f 4171 4133 4173
f 4176 4099 4138
f 4139 4178 4179
f 4101 4180 4140
f 4141 4181 4142
f 4144 4109 4105
f 4146 4144 4106
f 4185 4145 4186
f 4108 4186 4145
f 4147 4151 4187
f 4148 4149 4110
f 4189 4111 4149
f 4150 4152 4112
f 4151 4191 4192
f 4193 4120 4153
f 4154 4153 4115
f 4154 4157 4194
f 4156 4155 4195
f 4197 4156 4196
f 4198 4155 4158
f 4158 4199 4198
f 4166 4160 4127
f 4200 4123 4160
f 4201 4122 4162
f 4162 4202 4203
f 4204 4161 4201
f 4126 4204 4165
f 4205 4166 4165
f 4207 4131 4171
f 4208 4130 4168
f 4178 4170 4209
f 4132 4174 4172
f 4210 4173 4172
f 4135 4212 4174
f 4213 4137 4176
f 4171 4211 4207
f 4138 4214 4176
f 4216 4139 4179
f 4209 4179 4178
f 4182 4140 4180
f 4183 4182 4218
f 4148 4184 4188
f 4219 4146 4185
f 4221 4186 4220
f 4187 4186 4147
f 4187 4192 4222
f 4188 4189 4149
f 4189 4190 4150
f 4225 4152 4190
f 4226 4192 4191
f 4228 4159 4193
f 4194 4193 4154
f 4229 4157 4197
f 4156 4230 4196
f 4196 4232 4197
f 4233 4195 4198
f 4198 4234 4233
f 4200 4206 4235
f 4235 4163 4200
f 4236 4162 4203
f 4203 4237 4238
f 4239 4201 4236
f 4239 4165 4204
f 4205 4241 4206
f 4208 4209 4170
f 4168 4244 4208
f 4172 4212 4210
f 4245 4211 4210
f 4212 4213 4246
f 4247 4176 4214
f 4207 4244 4242
f 4248 4177 4215
f 4217 4216 4179
f 4218 4180 4216
f 4243 4217 4209
f 4218 4215 4183
f 4223 4184 4219
f 4251 4185 4221
f 4220 4253 4221
f 4222 4220 4187
f 4222 4227 4254
f 4255 4189 4223
f 4225 4224 4256
f 4257 4191 4225
f 4258 4227 4226
f 4234 4228 4260
f 4260 4194 4229
f 4197 4261 4229
f 4262 4196 4230
f 4232 4264 4263
f 4230 4265 4262
f 4266 4233 4234
f 4267 4206 4241
f 4237 4235 4267
f 4236 4238 4268
f 4269 4238 4237
f 4268 4239 4236
f 4239 4240 4205
f 4273 4240 4272
f 4244 4243 4208
f 4246 4210 4212
f 4247 4246 4213
f 4249 4214 4248
f 4247 4217 4250
f 4248 4216 4249
f 4250 4245 4246
f 4255 4219 4251
f 4221 4274 4251
f 4252 4276 4253
f 4252 4254 4275
f 4254 4259 4277
f 4256 4255 4278
f 4225 4279 4257
f 4280 4226 4257
f 4281 4259 4258
f 4266 4260 4283
f 4229 4283 4260
f 4284 4232 4263
f 4285 4231 4262
f 4263 4287 4286
f 4262 4288 4285
f 4289 4265 4266
f 4241 4290 4267
f 4267 4269 4237
f 4268 4270 4291
f 4292 4270 4269
f 4294 4268 4291
f 4272 4271 4294
f 4272 4296 4273
f 4274 4255 4251
f 4297 4253 4276
f 4298 4275 4299
f 4299 4254 4277
f 4300 4259 4282
f 4278 4279 4256
f 4302 4257 4279
f 4303 4258 4280
f 4304 4281 4305
f 4283 4307 4266
f 4283 4284 4306
f 4286 4284 4263
f 4309 4264 4285
f 4287 4311 4286
f 4285 4312 4309
f 4313 4288 4289
f 4296 4290 4273
f 4269 4314 4292
f 4291 4293 4315
f 4293 4317 4316
f 4294 4295 4272
f 4296 4319 4318
f 4274 4301 4278
f 4320 4276 4298
f 4299 4322 4298
f 4277 4321 4299
f 4300 4304 4323
f 4302 4301 4324
f 4325 4280 4302
f 4303 4305 4281
f 4328 4305 4327
f 4306 4330 4307
f 4306 4308 4329
f 4311 4308 4286
f 4309 4310 4287
f 4310 4334 4311
f 4312 4332 4309
f 4307 4313 4289
f 4335 4313 4336
f 4318 4314 4296
f 4292 4337 4317
f 4315 4316 4338
f 4339 4316 4317
f 4338 4295 4315
f 4318 4342 4341
f 4297 4324 4301
f 4298 4343 4320
f 4344 4322 4321
f 4323 4321 4300
f 4323 4328 4346
f 4302 4347 4325
f 4325 4326 4303
f 4327 4326 4349
f 4327 4351 4328
f 4352 4330 4329
f 4329 4331 4352
f 4311 4354 4331
f 4333 4332 4355
f 4357 4333 4356
f 4355 4335 4358
f 4336 4330 4353
f 4358 4336 4359
f 4341 4337 4318
f 4317 4360 4339
f 4338 4340 4361
f 4362 4340 4339
f 4361 4319 4338
f 4342 4365 4341
f 4324 4343 4347
f 4366 4322 4345
f 4367 4345 4344
f 4346 4344 4323
f 4346 4351 4369
f 4348 4347 4370
f 4349 4348 4371
f 4349 4350 4327
f 4373 4351 4350
f 4375 4352 4376
f 4331 4376 4352
f 4377 4354 4334
f 4355 4356 4333
f 4356 4381 4357
f 4355 4382 4379
f 4359 4353 4375
f 4359 4382 4358
f 4341 4384 4360
f 4339 4384 4362
f 4363 4361 4340
f 4363 4386 4387
f 4342 4385 4364
f 4364 4389 4365
f 4370 4343 4366
f 4366 4368 4390
f 4391 4368 4367
f 4369 4367 4346
f 4369 4374 4393
f 4370 4371 4348
f 4371 4372 4349
f 4373 4372 4396
f 4373 4397 4374
f 4376 4399 4375
f 4376 4378 4398
f 4377 4401 4378
f 4356 4402 4380
f 4380 4404 4381
f 4357 4400 4377
f 4402 4382 4405
f 4375 4383 4359
f 4383 4405 4382
f 4365 4407 4384
f 4407 4362 4384
f 4387 4385 4363
f 4409 4386 4410
f 4385 4388 4364
f 4388 4412 4389
f 4366 4394 4370
f 4390 4392 4413
f 4392 4415 4414
f 4415 4369 4393
f 4393 4397 4416
f 4394 4395 4371
f 4395 4396 4372
f 4397 4418 4419
f 4420 4399 4398
f 4378 4420 4398
f 4422 4400 4423
f 4402 4403 4380
f 4425 4404 4403
f 4423 4381 4404
f 4424 4405 4427
f 4406 4399 4421
f 4427 4406 4428
f 4429 4389 4412
f 4410 4407 4429
f 4430 4387 4409
f 4432 4410 4431
f 4411 4408 4430
f 4412 4434 4433
f 4390 4417 4394
f 4414 4413 4392
f 4416 4415 4393
f 4397 4436 4416
f 4438 4418 4437
f 4439 4421 4420
f 4422 4420 4401
f 4441 4422 4423
f 4403 4443 4425
f 4444 4426 4425
f 4423 4426 4441
f 4446 4424 4427
f 4406 4440 4428
f 4447 4427 4428
f 4448 4412 4433
f 4431 4429 4448
f 4449 4409 4432
f 4450 4432 4431
f 4434 4430 4449
f 4417 4453 4452
f 4416 4435 4414
f 4453 4435 4454
f 4419 4455 4436
f 4456 4437 4457
f 4452 4418 4417
f 4458 4439 4459
f 4422 4459 4439
f 4442 4461 4460
f 4425 4462 4444
f 4445 4464 4463
f 4441 4445 4461
f 4465 4443 4446
f 4440 4447 4428
f 4465 4447 4466
f 4431 4467 4450
f 4468 4451 4450
f 4452 4471 4472
f 4435 4455 4454
f 4473 4453 4454
f 4474 4438 4456
f 4452 4457 4437
f 4457 4476 4456
f 4459 4478 4458
f 4477 4442 4460
f 4460 4479 4480
f 4462 4464 4444
f 4463 4461 4445
f 4482 4464 4483
f 4465 4481 4462
f 4458 4466 4447
f 4466 4484 4465
f 4468 4488 4469
f 4469 4470 4451
f 4490 4471 4491
f 4473 4455 4474
f 4473 4491 4471
f 4476 4474 4456
f 4475 4472 4490
f 4494 4475 4495
f 4496 4477 4480
f 4498 4479 4497
f 4483 4481 4499
f 4497 4463 4482
f 4500 4483 4501
f 4484 4499 4481
f 4485 4478 4496
f 4503 4484 4485
f 4504 4487 4468
f 4487 4507 4488
f 4469 4509 4489
f 4491 4511 4490
f 4473 4493 4492
f 4512 4491 4492
f 4494 4493 4476
f 4490 4495 4475
f 4495 4515 4494
f 4480 4516 4496
f 4497 4518 4498
f 4501 4499 4519
f 4482 4517 4497
f 4520 4499 4502
f 4503 4496 4516
f 4521 4502 4503
f 4504 4489 4522
f 4467 4504 4468
f 4522 4505 4504
f 4505 4506 4487
f 4526 4506 4525
f 4528 4508 4527
f 4511 4529 4530
f 4492 4513 4512
f 4531 4510 4512
f 4494 4532 4513
f 4514 4511 4530
f 4514 4534 4515
f 4535 4498 4518
f 4518 4536 4537
f 4538 4501 4519
f 4500 4536 4517
f 4519 4540 4538
f 4503 4535 4521
f 4520 4541 4540
f 4509 4523 4522
f 4505 4542 4524
f 4506 4543 4525
f 4525 4545 4526
f 4507 4547 4546
f 4548 4528 4527
f 4550 4529 4549
f 4512 4532 4531
f 4529 4551 4549
f 4515 4552 4532
f 4530 4533 4514
f 4537 4535 4518
f 4554 4536 4555
f 4538 4557 4539
f 4539 4555 4536
f 4540 4556 4538
f 4553 4521 4535
f 4541 4558 4540
f 4542 4528 4546
f 4524 4560 4543
f 4543 4544 4525
f 4545 4562 4563
f 4546 4560 4542
f 4549 4565 4550
f 4532 4566 4531
f 4567 4549 4551
f 4552 4568 4569
f 4570 4550 4565
f 4554 4553 4537
f 4572 4557 4556
f 4558 4572 4556
f 4571 4541 4553
f 4574 4559 4575
f 4561 4560 4576
f 4562 4561 4577
f 4578 4562 4577
f 4560 4580 4576
f 4565 4582 4581
f 4583 4552 4569
f 4564 4584 4582
f 4551 4583 4567
f 4569 4586 4585
f 4587 4565 4581
f 4588 4571 4554
f 4589 4573 4572
f 4589 4574 4591
f 4591 4575 4592
f 4577 4576 4578
f 4579 4578 4593
f 4594 4582 4595
f 4583 4585 4596
f 4567 4596 4584
f 4584 4595 4582
f 4585 4599 4598
f 4600 4581 4594
f 4592 4588 4601
f 4603 4589 4602
f 4588 4590 4601
f 4589 4604 4602
f 4592 4604 4591
f 4595 4607 4594
f 4608 4585 4598
f 4608 4584 4596
f 4606 4597 4609
f 4611 4586 4610
f 4599 4613 4598
f 4594 4614 4600
f 4610 4600 4611
f 4592 4615 4605
f 4616 4603 4602
f 4601 4603 4615
f 4602 4618 4616
f 4619 4604 4605
f 4607 4620 4621
f 4622 4598 4613
f 4609 4608 4622
f 4609 4620 4606
f 4599 4624 4612
f 4626 4612 4625
f 4614 4621 4627
f 4624 4600 4614
f 4605 4628 4619
f 4629 4616 4630
f 4615 4617 4628
f 4618 4630 4616
f 4619 4631 4618
f 4633 4621 4620
f 4613 4635 4622
f 4622 4623 4609
f 4636 4620 4623
f 4625 4624 4637
f 4638 4626 4625
f 4634 4627 4621
f 4614 4637 4624
f 4628 4632 4619
f 4617 4641 4628
f 4630 4643 4629
f 4644 4630 4631
f 4631 4645 4644
f 4634 4647 4646
f 4626 4648 4635
f 4636 4635 4648
f 4649 4633 4636
f 4625 4650 4638
f 4639 4652 4651
f 4640 4646 4653
f 4640 4637 4627
f 4645 4641 4654
f 4654 4629 4643
f 4655 4642 4656
f 4644 4656 4642
f 4645 4657 4644
f 4646 4660 4659
f 4661 4639 4651
f 4648 4649 4636
f 4647 4662 4660
f 4638 4663 4652
f 4651 4665 4664
f 4653 4650 4640
f 4659 4653 4646
f 4667 4645 4654
f 4667 4643 4655
f 4668 4655 4656
f 4657 4668 4656
f 4658 4670 4657
f 4659 4673 4672
f 4664 4661 4651
f 4649 4674 4662
f 4660 4675 4673
f 4652 4676 4665
f 4664 4677 4678
f 4663 4666 4676
f 4672 4666 4659
f 4680 4658 4667
f 4667 4669 4680
f 4681 4669 4668
f 4668 4683 4681
f 4670 4684 4683
f 4672 4685 4686
f 4678 4674 4664
f 4687 4662 4674
f 4685 4675 4688
f 4665 4689 4677
f 4678 4690 4691
f 4676 4679 4689
f 4686 4679 4672
f 4693 4671 4680
f 4680 4682 4693
f 4681 4695 4682
f 4694 4683 4696
f 4683 4697 4696
f 4685 4699 4686
f 4687 4691 4700
f 4700 4675 4687
f 4688 4698 4685
f 4702 4677 4689
f 4691 4704 4703
f 4692 4689 4679
f 4705 4686 4699
f 4693 4697 4684
f 4682 4706 4693
f 4708 4694 4707
f 4696 4707 4694
f 4709 4697 4710
f 4711 4698 4712
f 4700 4703 4713
f 4713 4688 4700
f 4698 4714 4712
f 4715 4690 4702
f 4704 4717 4703
f 4705 4702 4692
f 4718 4699 4711
f 4697 4719 4710
f 4695 4719 4706
f 4707 4721 4708
f 4712 4723 4711
f 4713 4717 4724
f 4724 4701 4713
f 4722 4714 4725
f 4715 4716 4704
f 4727 4716 4728
f 4705 4726 4715
f 4711 4729 4718
f 4710 4731 4730
f 4721 4719 4708
f 4720 4733 4721
f 4734 4723 4722
f 4717 4736 4724
f 4724 4725 4714
f 4725 4734 4722
f 4728 4726 4738
f 4727 4740 4739
f 4738 4718 4729
f 4729 4735 4741
f 4730 4742 4743
f 4743 4720 4730
f 4721 4744 4745
f 4735 4746 4747
f 4739 4736 4727
f 4737 4736 4748
f 4749 4734 4737
f 4740 4738 4750
f 4751 4739 4740
f 4729 4750 4738
f 4747 4741 4735
f 4731 4744 4742
f 4755 4743 4754
f 4744 4756 4757
f 4758 4747 4746
f 4752 4748 4739
f 4749 4748 4760
f 4762 4749 4761
f 4763 4740 4750
f 4752 4765 4764
f 4750 4753 4763
f 4759 4753 4747
f 4767 4744 4757
f 4768 4755 4754
f 4771 4756 4770
f 4772 4759 4758
f 4764 4760 4752
f 4749 4774 4761
f 4775 4762 4761
f 4763 4765 4751
f 4764 4778 4779
f 4763 4766 4777
f 4773 4766 4759
f 4767 4771 4781
f 4781 4768 4754
f 4769 4784 4783
f 4770 4769 4785
f 4770 4786 4771
f 4758 4776 4772
f 4787 4773 4772
f 4779 4774 4764
f 4761 4789 4775
f 4790 4775 4791
f 4792 4765 4777
f 4793 4779 4778
f 4777 4780 4792
f 4788 4780 4773
f 4771 4782 4781
f 4784 4782 4796
f 4783 4785 4769
f 4783 4798 4799
f 4797 4786 4785
f 4787 4776 4790
f 4801 4788 4787
f 4789 4794 4803
f 4803 4775 4789
f 4791 4805 4790
f 4778 4806 4793
f 4807 4794 4793
f 4792 4795 4806
f 4802 4795 4788
f 4796 4786 4800
f 4798 4796 4810
f 4799 4797 4783
f 4798 4813 4799
f 4787 4805 4801
f 4801 4815 4802
f 4803 4808 4816
f 4816 4791 4803
f 4817 4805 4804
f 4793 4819 4807
f 4807 4821 4808
f 4809 4806 4795
f 4822 4802 4815
f 4797 4810 4796
f 4810 4812 4798
f 4824 4799 4813
f 4825 4813 4812
f 4801 4818 4814
f 4814 4828 4815
f 4808 4829 4816
f 4829 4804 4816
f 4818 4831 4830
f 4819 4820 4807
f 4833 4821 4820
f 4809 4832 4819
f 4815 4835 4822
f 4824 4810 4811
f 4812 4836 4825
f 4837 4813 4826
f 4826 4838 4839
f 4814 4830 4827
f 4828 4841 4840
f 4834 4829 4821
f 4842 4817 4829
f 4830 4843 4844
f 4833 4832 4845
f 4846 4834 4833
f 4822 4845 4832
f 4840 4835 4828
f 4836 4824 4837
f 4849 4825 4836
f 4826 4850 4837
f 4839 4851 4852
f 4830 4841 4827
f 4854 4841 4853
f 4847 4842 4834
f 4855 4831 4842
f 4843 4857 4844
f 4845 4846 4833
f 4847 4859 4860
f 4848 4845 4835
f 4854 4848 4840
f 4850 4836 4837
f 4849 4851 4838
f 4850 4852 4863
f 4864 4852 4851
f 4853 4844 4857
f 4866 4854 4853
f 4847 4868 4855
f 4868 4843 4855
f 4870 4856 4869
f 4846 4871 4859
f 4872 4860 4859
f 4861 4858 4848
f 4861 4867 4874
f 4863 4849 4850
f 4864 4862 4875
f 4852 4876 4863
f 4864 4877 4865
f 4853 4870 4866
f 4860 4878 4868
f 4856 4878 4869
f 4869 4880 4870
f 4859 4881 4872
f 4872 4883 4873
f 4874 4871 4861
f 4880 4866 4870
f 4873 4885 4878
f 4878 4879 4869
f 4879 4887 4880
f 4872 4888 4882
f 4883 4890 4889
f 4891 4881 4874
f 4893 4880 4887
f 4889 4885 4883
f 4895 4886 4894
f 4882 4896 4890
f 4897 4888 4891
f 4897 4884 4893
f 4887 4898 4893
f 4889 4894 4886
f 4895 4901 4900
f 4902 4896 4897
f 4902 4893 4898
f 4900 4898 4895
f 4894 4905 4901
f 4900 4906 4907
f 4902 4909 4903
f 4898 4908 4902
f 4907 4904 4900
f 4905 4903 4909
f 4901 4911 4906
f 4912 4907 4906
f 4909 4915 4914
f 4908 4910 4915
f 4907 4916 4910
f 4905 4914 4911
f 4906 4917 4912
f 4912 4919 4913
f 4920 4915 4921
f 4921 4910 4916
f 4919 4916 4913
f 4920 4911 4914
f 4917 4918 4912
f 4924 4919 4918
f 4920 4926 4927
f 4922 4921 4916
f 4919 4928 4922
f 4920 4923 4917
f 4918 4929 4924
f 4927 4930 4931
f 4930 4922 4928
f 4925 4933 4928
f 4927 4929 4923
f 4924 4934 4932
f 4930 4936 4931
f 4928 4935 4930
f 4932 4938 4933
f 4931 4934 4929
f 4932 4939 4937
f 4940 4935 4941
f 4933 4941 4935
f 4937 4943 4938
f 4940 4934 4936
f 4939 4942 4937
f 4940 4946 4945
f 4938 4946 4941
f 4943 4948 4947
f 4944 4940 4945
f 4949 4942 4944
f 4946 4951 4945
f 4950 4943 4947
f 4947 4953 4952
f 4944 4951 4949
f 4954 4948 4949
f 4951 4955 4956
f 4952 4950 4947
f 4952 4957 4958
f 4954 4951 4956
f 4954 4957 4953
f 4960 4956 4955
f 4952 4960 4955
f 4963 4957 4962
f 4956 4959 4954
f 4962 4959 4964
f 4965 4960 4966
f 4958 4966 4960
f 4962 4968 4963
f 4964 4961 4965
f 4962 4969 4967
f 4965 4970 4971
f 4970 4963 4968
f 4972 4967 4973
f 4971 4964 4965
f 4973 4969 4974
f 4975 4971 4970
f 4975 4968 4972
f 4972 4977 4978
f 4976 4969 4971
f 4973 4979 4977
f 4975 4981 4976
f 4972 4980 4975
f 4977 4983 4978
f 4976 4979 4974
f 4984 4977 4979
f 4980 4986 4981
f 4978 4985 4980
f 4983 4988 4987
f 4979 4986 4984
f 4989 4982 4984
f 4991 4985 4990
f 4990 4983 4987
f 4992 4988 4993
f 4989 4986 4991
f 4994 4988 4989
f 4990 4996 4991
f 4995 4987 4992
f 4993 4998 4992
f 4991 4994 4989
f 4994 4997 4993
f 5001 4995 5000
f 4992 5000 4995
f 5003 4997 5002
f 5001 4994 4996
f 5002 4999 5004
f 5005 5000 5006
f 5000 5003 5006
f 5002 5008 5003
f 5004 5001 5005
f 5006 5008 5009
f 5008 5011 5010
f 5005 5013 5004
f 5014 5008 5010
f 5013 5007 5004
f 5013 5016 5015
f 5010 5018 5014
f 5015 5011 5013
f 5016 5014 5018
f 5015 5020 5021
f 5022 5018 5017
f 5021 5019 5015
f 5020 5018 5023
f 5026 5020 5025
f 5017 5024 5022
f 5028 5022 5027
f 5027 5021 5026
f 5025 5023 5028
f 5025 5030 5026
f 5031 5027 5032
f 5033 5027 5026
f 5028 5029 5025
f 5034 5030 5029
f 5031 5036 5037
f 5036 5033 5038
f 5031 5034 5029
f 5035 5040 5039
f 5035 5033 5030
f 5041 5036 5042
f 5043 5036 5038
f 5041 5034 5037
f 5039 5038 5035
f 5039 5044 5045
f 5041 5046 5047
f 5048 5042 5043
f 5047 5040 5041
f 5043 5045 5048
f 5045 5049 5050
f 5051 5047 5046
f 5048 5051 5046
f 5044 5052 5049
f 5045 5053 5048
f 5054 5049 5055
f 5056 5052 5051
f 5053 5059 5051
f 5057 5049 5052
f 5058 5050 5054
f 5055 5061 5054
f 5062 5057 5056
f 5065 5058 5064
f 5064 5054 5061
f 5060 5067 5066
f 5068 5060 5066
f 5069 5063 5065
f 5063 5062 5065
f 5067 5063 5066
f 5062 5059 5065
f 5065 5068 5069
f 5068 5063 5069
f 1 2 5
f 49 19 9
f 18 30 31
f 82 108 110
f 121 150 122
f 158 190 191
f 294 295 335
f 520 481 443
f 544 465 427
f 558 480 479
f 441 485 447
f 452 530 487
f 629 472 465
f 473 511 594
f 484 516 522
f 524 610 602
f 551 629 552
f 511 552 589
f 543 585 586
f 545 587 632
f 610 524 567
f 598 605 646
f 722 679 633
f 634 677 635
f 609 654 651
f 612 655 708
f 625 668 669
f 690 735 699
f 673 716 717
f 678 724 771
f 878 824 726
f 687 731 732
f 695 740 736
f 839 745 744
f 726 824 770
f 699 834 793
f 812 810 864
f 876 996 877
f 841 955 896
f 858 915 916
f 925 1039 1041
f 869 985 928
f 1048 993 933
f 887 945 948
f 1126 944 943
f 888 946 962
f 947 948 1065
f 960 1077 961
f 904 964 1020
f 929 986 989
f 990 1052 991
f 999 1120 1121
f 942 1060 1003
f 1166 1098 1037
f 1108 989 986
f 1003 1060 1125
f 947 1135 1066
f 1087 1071 1070
f 1098 1233 1100
f 1049 1180 1110
f 1057 1119 1189
f 1081 1148 1220
f 1085 1152 1153
f 1157 1227 1158
f 1096 1159 1162
f 1097 1163 1161
f 1102 1239 1169
f 1172 1248 1173
f 1177 1317 1178
f 1194 1334 1195
f 1302 1303 1234
f 1167 1233 1237
f 1168 1238 1240
f 1185 1257 1323
f 1204 1345 1275
f 1209 1279 1278
f 1321 1320 1305
f 1334 1335 1462
f 1285 1354 1356
f 1359 1544 1360
f 1500 1442 1381
f 1501 1500 1383
f 1399 1402 1401
f 1359 1425 1536
f 1360 1487 1426
f 1362 1428 1492
f 1445 1442 1500
f 1396 1454 1455
f 1416 1535 1477
f 1440 1497 1499
f 1553 1495 1447
f 1509 1565 1667
f 1529 1634 1530
f 1475 1533 1531
f 1529 1578 1631
f 1606 1661 1607
f 1724 1572 1624
f 1574 1625 1627
f 1575 1627 1626
f 1612 1661 1664
f 1758 1663 1611
f 5208 1676 1625
f 1690 1776 1691
f 1687 1734 1689
f 1692 1736 1701
f 1659 1712 1713
f 1714 1663 1758
f 1703 1745 1747
f 1805 1848 1808
f 1698 6979 1783
f 1744 1787 1786
f 1752 1792 1793
f 1800 1802 1841
f 1736 1785 1828
f 1788 1829 1827
f 1847 1846 1927
f 1897 1859 1857
f 1871 1912 1872
f 1837 1877 1876
f 1912 1953 1913
f 1874 1954 1914
f 1908 1944 1947
f 1961 2003 1999
f 1960 2002 1986
f 1996 2036 2073
f 2000 2038 2039
f 2001 2039 2040
f 2044 2105 2045
f 2018 2085 2055
f 2032 2069 2132
f 2049 2110 2079
f 2053 2114 2083
f 2097 2162 2098
f 2075 2104 2106
f 2119 2120 2186
f 2089 2191 2121
f 2141 2174 2212
f 2243 2168 2167
f 2184 2222 2259
f 2189 2227 2228
f 2256 2299 2257
f 2225 2270 2264
f 2398 2305 2266
f 2267 2268 2353
f 2230 2269 2349
f 2232 2272 2309
f 2241 2321 2281
f 2250 2290 2331
f 2297 2340 2298
f 2300 2301 2387
f 2263 2303 2395
f 2306 2307 2352
f 2292 2377 2333
f 2378 2492 2379
f 2380 2379 2494
f 2336 2382 2436
f 2384 2498 2385
f 2387 2440 2499
f 2344 2396 2460
f 2395 2449 2402
f 2427 2488 2485
f 2375 2431 2545
f 2432 2545 2434
f 2439 2551 2440
f 2552 2441 2389
f 2444 2502 2445
f 2451 2510 2452
f 2455 2514 2456
f 2457 2513 2458
f 2487 2430 2428
f 2493 2545 2431
f 2438 2495 2547
f 2437 2496 2497
f 2443 2556 2503
f 2446 2504 2613
f 2505 2613 2617
f 2459 2510 2509
f 2466 2520 2570
f 2470 2525 2523
f 2469 2523 2522
f 2471 2527 2524
f 2487 2595 2542
f 2550 2653 2551
f 2597 2697 2648
f 2614 2718 2615
f 2561 2618 2669
f 2562 2628 2578
f 2611 2663 2715
f 2656 2705 2809
f 2706 2809 2758
f 2719 2715 2714
f 2693 2746 2749
f 2696 2804 2751
f 2698 2751 2753
f 2754 2805 2756
f 2865 2813 2761
f 2775 2776 2881
f 2734 2785 2839
f 2803 2912 2804
f 2810 2861 2860
f 2762 2814 2811
f 2767 2821 2814
f 2859 2918 2860
f 2900 2953 2901
f 2856 2914 2915
f 2814 2934 2921
f 2971 3040 3041
f 2988 2989 3023
f 3030 2997 2966
f 3002 3003 3072
f 2999 3032 3107
f 3038 5177 5174
f 3044 3080 3154
f 3179 3104 3103
f 3070 3109 3110
f 3083 3157 3122
f 3100 3138 3136
f 3102 3140 3171
f 3108 3186 3144
f 3113 3146 3149
f 3140 3178 3253
f 3147 3229 3189
f 3177 3217 3218
f 3218 3292 3219
f 3181 3220 3258
f 3291 3330 3331
f 3309 3349 3351
f 3315 3357 3399
f 3343 3386 3383
f 3341 3383 3384
f 3419 3508 3463
f 3383 3475 3471
f 3565 3472 3471
f 3466 3558 3512
f 3523 3616 3622
f 3471 3570 3565
f 3521 3569 3619
f 3645 3649 3700
f 3618 3671 3720
f 3825 3727 3726
f 3773 3821 3866
f 3749 3798 3799
f 3750 3800 3846
f 3755 3804 3756
f 3801 3845 3849
f 3813 3858 3859
f 3846 3941 3893
f 3926 4017 4018
f 3897 3944 3945
f 3938 3983 4029
f 3993 4083 3994
f 3995 4039 4040
f 3999 4043 4087
f 3989 4036 3991
f 4081 4124 4083
f 4043 4086 4087
f 4056 4090 4169
f 4059 4102 4103
f 4091 4097 4136
f 4167 4207 4242
f 4266 4307 4289
f 4291 4315 4294
f 4334 4357 4377
f 4395 4417 4418
f 4451 4470 4433
f 4448 4433 4470
f 4432 4451 4449
f 4448 4486 4467
f 4450 4467 4468
f 4460 4480 4477
f 4469 4488 4508
f 4500 4501 4539
f 4507 4548 4527
f 4489 4509 4522
f 4568 4533 4570
f 4579 4547 4545
f 4507 4546 4548
f 4531 4566 4551
f 4555 4557 4573
f 4545 4563 4579
f 4559 4571 4575
f 4593 4578 4580
f 4570 4587 4610
f 4709 4710 4730
f 4721 4745 4731
f 4756 4733 4732
f 4743 4767 4754
f 4746 4762 4758
f 4796 4800 4797
f 4891 4874 4867
f 4863 4892 4877
f 4892 4863 4876
f 4876 4877 4892
f 4879 4885 4886
f 4890 4896 4903
f 4924 4932 4925
f 5002 5004 5007
f 5009 5014 5012
f 5017 5010 5019
f 5022 5024 5027
f 5026 5030 5033
f 5051 5059 5056
f 5055 5057 5067
f 5061 5068 5064
f 1848 1768 1808
f 1808 1764 1805
f 5207 5210 5208
f 1677 5209 1725
f 1678 5210 1677
f 1725 5207 1724
f 5091 827 778
f 5088 778 730
f 5089 730 686
f 686 641 5089
f 5101 1120 999
f 1192 5104 5110
f 2857 2911 5148
f 2967 2999 3005
f 2962 5148 2911
f 5176 3076 3075
f 3075 5178 5176
f 5181 3150 3194
f 5182 3194 3234
f 3234 5184 5182
f 5191 3487 3533
f 5191 3533 3581
f 3684 3683 3736
f 5198 4018 4061
f 4062 5198 4061
f 4103 5199 4062
f 5200 4141 4142
f 4181 5203 4142
f 4182 5204 4181
f 4183 5205 4143
f 5206 4183 4215
f 4215 5202 5206
f 4104 4177 4138
f 4138 5201 4104
f 4055 5201 4099
f 3834 3827 5196
f 5196 3779 3735
f 5195 3779 3728
f 5195 3676 5194
f 5194 3625 5193
f 3625 5192 5193
f 5190 3479 5189
f 5187 3433 3390
f 3390 5186 5187
f 3347 5185 5186
f 5183 3306 3267
f 3071 5173 3037
f 3034 5171 5173
f 5171 2964 5168
f 5168 2913 5165
f 5161 2855 2802
f 2802 5158 5161
f 2752 5156 5158
f 5154 5156 2645
f 2645 2696 2646
f 5153 2645 2543
f 5153 2489 5151
f 5151 2431 5149
f 5149 2375 2332
f 2211 5145 5146
f 5145 2142 5144
f 5143 2142 2108
f 5142 2108 2076
f 5142 2046 5141
f 2046 1968 5141
f 1927 5139 1967
f 5147 1846 5138
f 1969 1847 1927
f 5138 1806 5135
f 1806 5132 5135
f 1765 5131 5132
f 1460 5117 5118
f 5079 254 5077
f 5075 254 5438
f 5074 5438 189
f 189 5072 5074
f 5072 156 5071
f 5071 126 5070
f 5070 127 5073
f 188 127 155
f 5078 322 5080
f 683 685 5211
f 775 685 729
f 5090 729 777
f 5093 825 880
f 880 5096 5093
f 5100 938 997
f 1189 5103 1057
f 1566 5124 5121
f 1619 5127 5124
f 1539 5119 5123
f 5212 1352 1282
f 5111 1282 1212
f 5111 1141 5108
f 5108 1074 5105
f 956 5102 1013
f 5094 896 5095
f 5095 955 5097
f 5099 955 908
f 907 5099 908
f 5106 1153 5109
f 5112 1153 1295
f 5113 1295 1363
f 1550 1601 5128
f 5128 1655 1656
f 1655 5120 1656
f 1709 1755 5120
f 1880 1755 1797
f 5137 5213 1903
f 1903 1946 1907
f 1825 1824 5137
f 5134 1784 1783
f 5133 1741 1782
f 5136 1782 1823
f 1863 5136 1823
f 2026 1942 1984
f 5216 1902 1942
f 5215 1862 1902
f 5140 1863 5214
f 1862 1863 1822
f 2409 5217 2354
f 2310 2354 5217
f 5155 2578 2628
f 5155 2671 5157
f 5152 2778 5160
f 2726 5157 2671
f 5160 2830 5150
f 5150 2830 5170
f 5170 2886 2918
f 5170 2859 5167
f 2859 2807 5167
f 2968 5169 2917
f 5166 2917 5169
f 5164 2858 5166
f 5162 2806 5164
f 5159 2755 5162
f 5159 2651 2701
f 2546 2494 2379
f 2379 2492 2546
f 5218 2492 2491
f 5218 2494 2546
f 5220 5221 5219
f 5219 5225 5224
f 5222 5226 5221
f 5222 5229 5228
f 5229 5223 5230
f 5232 5223 5219
f 5224 5232 5219
f 5224 5235 5234
f 5221 5236 5225
f 5228 5227 5222
f 5228 5239 5238
f 5230 5231 5240
f 5239 5230 5241
f 5242 5231 5232
f 5242 5233 5244
f 5233 5234 5245
f 5234 5247 5246
f 5225 5248 5235
f 5236 5250 5249
f 5251 5228 5238
f 5239 5252 5238
f 5241 5240 5254
f 5240 5243 5255
f 5241 5253 5239
f 5258 5243 5242
f 5244 5258 5242
f 5245 5244 5233
f 5245 5246 5261
f 5246 5263 5262
f 5235 5264 5247
f 5249 5266 5265
f 5268 5237 5251
f 5238 5269 5251
f 5253 5270 5252
f 5254 5256 5241
f 5254 5255 5273
f 5274 5243 5257
f 5271 5256 5275
f 5277 5257 5258
f 5259 5277 5258
f 5259 5260 5279
f 5261 5260 5245
f 5262 5261 5246
f 5262 5283 5282
f 5247 5284 5263
f 5285 5248 5249
f 5249 5286 5285
f 5288 5266 5287
f 5289 5250 5267
f 5251 5290 5268
f 5267 5291 5289
f 5252 5292 5269
f 5293 5270 5271
f 5272 5275 5256
f 5272 5273 5296
f 5274 5273 5255
f 5257 5298 5274
f 5293 5275 5299
f 5276 5301 5300
f 5301 5278 5302
f 5279 5278 5259
f 5279 5280 5304
f 5280 5281 5305
f 5282 5281 5262
f 5307 5282 5283
f 5309 5263 5284
f 5264 5310 5284
f 5286 5310 5285
f 5265 5312 5286
f 5313 5266 5289
f 5315 5288 5287
f 5268 5316 5291
f 5290 5292 5317
f 5289 5318 5313
f 5294 5292 5270
f 5320 5294 5293
f 5299 5295 5322
f 5296 5295 5272
f 5296 5297 5324
f 5274 5325 5297
f 5326 5276 5300
f 5293 5327 5320
f 5301 5328 5300
f 5302 5329 5301
f 5302 5303 5331
f 5304 5303 5279
f 5305 5304 5280
f 5305 5306 5334
f 5308 5306 5282
f 5283 5336 5307
f 5338 5308 5307
f 5309 5310 5339
f 5339 5311 5340
f 5312 5311 5286
f 5312 5314 5342
f 5313 5315 5287
f 5345 5315 5344
f 5318 5316 5346
f 5317 5316 5290
f 5317 5319 5348
f 5343 5318 5349
f 5350 5294 5321
f 5351 5321 5320
f 5322 5323 5352
f 5353 5299 5322
f 5324 5323 5296
f 5324 5325 5355
f 5356 5298 5326
f 5320 5357 5351
f 5358 5328 5329
f 5360 5329 5330
f 5331 5330 5302
f 5331 5332 5362
f 5333 5332 5304
f 5334 5333 5305
f 5334 5335 5365
f 5335 5337 5366
f 5307 5367 5338
f 5309 5368 5336
f 5369 5337 5338
f 5340 5341 5371
f 5342 5341 5312
f 5342 5345 5373
f 5343 5344 5315
f 5346 5349 5318
f 5346 5347 5376
f 5348 5347 5317
f 5319 5378 5348
f 5349 5374 5343
f 5351 5380 5350
f 5322 5382 5353
f 5352 5354 5383
f 5384 5327 5353
f 5355 5354 5324
f 5325 5386 5355
f 5326 5359 5356
f 5351 5387 5381
f 5389 5359 5358
f 5360 5361 5390
f 5391 5358 5360
f 5362 5361 5331
f 5362 5363 5393
f 5363 5364 5394
f 5364 5365 5395
f 5366 5365 5335
f 5337 5397 5366
f 5369 5367 5398
f 5336 5399 5367
f 5369 5400 5370
f 5371 5372 5402
f 5371 5403 5340
f 5372 5373 5405
f 5379 5375 5406
f 5376 5375 5346
f 5376 5377 5408
f 5377 5378 5409
f 5410 5350 5380
f 5412 5381 5411
f 5353 5413 5384
f 5382 5383 5414
f 5383 5385 5415
f 5416 5357 5384
f 5386 5385 5355
f 5356 5388 5386
f 5411 5387 5418
f 5419 5389 5420
f 5390 5391 5360
f 5392 5390 5361
f 5391 5420 5389
f 5393 5392 5362
f 5393 5394 5425
f 5394 5395 5426
f 5395 5396 5427
f 5366 5428 5396
f 5429 5370 5400
f 5367 5430 5398
f 5398 5401 5369
f 5368 5403 5399
f 5432 5401 5433
f 5402 5404 5371
f 5405 5402 5372
f 5436 5404 5437
f 221 5373 188
f 5406 5407 5438
f 5408 5409 5439
f 5440 5378 5410
f 5441 5380 5412
f 5411 5442 5412
f 5413 5416 5384
f 5414 5413 5382
f 5414 5415 5446
f 5415 5417 5447
f 5448 5387 5416
f 5419 5386 5388
f 5418 5443 5411
f 5420 5450 5419
f 5423 5421 5452
f 5421 5422 5453
f 5424 5422 5392
f 5451 5423 5455
f 5424 5425 5456
f 5426 5425 5394
f 5426 5427 5458
f 5428 5427 5396
f 5460 5397 5429
f 5461 5400 5432
f 5431 5430 5462
f 5436 5399 5403
f 5431 5433 5401
f 5433 5464 5432
f 5434 5437 5404
f 5434 5435 5467
f 221 5435 5405
f 5437 5468 5436
f 5407 5470 5438
f 5409 5472 5439
f 5471 5408 5439
f 5410 5473 5440
f 5412 5474 5441
f 5476 5443 5475
f 5448 5444 5477
f 5444 5445 5478
f 5446 5445 5414
f 5446 5447 5480
f 5447 5419 5450
f 5481 5418 5448
f 5443 5482 5475
f 5451 5483 5450
f 5453 5452 5421
f 5452 5455 5423
f 5454 5453 5422
f 5456 5454 5424
f 5455 5484 5451
f 5456 5457 5490
f 5458 5457 5426
f 5459 5458 5427
f 5493 5428 5460
f 5494 5429 5461
f 5432 5495 5461
f 5462 5436 5468
f 5462 5463 5431
f 5465 5463 5497
f 5465 5498 5464
f 5469 5466 5500
f 5467 5466 5434
f 5467 251 5502
f 5503 5469 5504
f 5506 5471 5505
f 5439 5505 5471
f 5440 5507 5472
f 5441 5508 5473
f 5509 5442 5476
f 5510 5476 5475
f 5478 5477 5444
f 5477 5481 5448
f 5478 5479 5514
f 5480 5479 5446
f 5450 5480 5447
f 5516 5449 5481
f 5475 5517 5510
f 5518 5484 5519
f 5485 5486 5452
f 5487 5485 5453
f 5489 5486 5522
f 5487 5488 5523
f 5490 5488 5456
f 5489 5519 5484
f 5490 5491 5526
f 5491 5492 5527
f 5493 5492 5459
f 5460 5529 5493
f 5530 5461 5495
f 5464 5531 5495
f 5468 5496 5462
f 5496 5497 5463
f 5497 5499 5465
f 5499 5534 5498
f 5500 5501 5536
f 5500 5504 5469
f 5502 5501 5467
f 5076 5502 251
f 5539 5504 5540
f 325 5505 5541
f 5472 5541 5505
f 5507 5508 5542
f 5543 5474 5509
f 5476 5544 5509
f 5512 5513 5477
f 5514 5512 5478
f 5547 5481 5513
f 5514 5515 5548
f 5515 5483 5518
f 5482 5549 5517
f 5510 5551 5550
f 5552 5519 5553
f 5522 5520 5554
f 5520 5521 5555
f 5523 5521 5487
f 5525 5522 5557
f 5558 5488 5524
f 5524 5526 5559
f 5553 5525 5560
f 5526 5527 5561
f 5528 5527 5492
f 5493 5563 5528
f 5494 5564 5529
f 5495 5565 5530
f 5566 5498 5534
f 5532 5503 5539
f 5533 5532 5567
f 5533 5535 5499
f 5535 5569 5534
f 5536 5537 5500
f 5538 5536 5501
f 5537 5540 5504
f 5574 5540 5575
f 5081 5506 325
f 325 5577 5576
f 5541 5542 5577
f 5542 5543 5578
f 5509 5579 5543
f 5580 5511 5550
f 5547 5545 5581
f 5545 5546 5582
f 5548 5546 5514
f 5584 5516 5547
f 5548 5518 5552
f 5585 5517 5549
f 5550 5587 5586
f 5588 5553 5589
f 5554 5555 5590
f 5557 5554 5591
f 5555 5556 5592
f 5523 5593 5556
f 5560 5557 5594
f 5524 5595 5558
f 5526 5596 5559
f 5589 5560 5597
f 5561 5562 5598
f 5563 5562 5528
f 5600 5529 5564
f 5530 5601 5564
f 5531 5602 5565
f 5534 5603 5566
f 5567 5539 5574
f 5568 5567 5604
f 5570 5568 5605
f 5607 5570 5606
f 5571 5573 5537
f 5572 5571 5536
f 5080 5572 5538
f 5575 5573 5610
f 5575 5611 5574
f 5576 5613 397
f 5577 5578 5613
f 5579 5578 5543
f 5580 5579 5544
f 5586 5580 5550
f 5581 5582 5617
f 5618 5547 5581
f 5582 5583 5619
f 5583 5552 5588
f 5549 5620 5585
f 5551 5621 5587
f 5586 5623 5622
f 5588 5625 5624
f 5590 5591 5554
f 5590 5592 5627
f 5594 5591 5628
f 5593 5592 5556
f 5558 5630 5593
f 5594 5597 5560
f 5632 5559 5596
f 5596 5598 5633
f 5625 5597 5634
f 5598 5599 5635
f 5600 5599 5563
f 5564 5637 5600
f 5565 5638 5601
f 5639 5566 5603
f 5640 5569 5607
f 5574 5604 5567
f 5604 5605 5568
f 5606 5605 5642
f 5606 5643 5607
f 5608 5610 5573
f 5608 5609 5646
f 5082 5609 5572
f 5612 5610 5647
f 5611 5649 5648
f 397 5650 435
f 5613 5614 5650
f 5615 5614 5579
f 5616 5615 5580
f 5622 5616 5586
f 5581 5654 5618
f 5619 5617 5582
f 5584 5656 5620
f 5624 5583 5588
f 5621 5620 5657
f 5621 5623 5587
f 5660 5622 5623
f 5624 5662 5661
f 5591 5663 5628
f 5664 5590 5627
f 5627 5629 5665
f 5594 5666 5631
f 5667 5593 5630
f 5668 5595 5632
f 5631 5634 5597
f 5670 5596 5633
f 5633 5635 5671
f 5625 5672 5662
f 5673 5599 5636
f 5600 5674 5636
f 5675 5601 5638
f 5638 5639 5676
f 5640 5639 5603
f 5640 5643 5678
f 5611 5641 5604
f 5641 5642 5605
f 5642 5644 5606
f 5681 5643 5644
f 5647 5645 5683
f 5646 5645 5608
f 5083 5646 5609
f 5612 5685 5649
f 5649 5686 5648
f 474 5650 5688
f 5650 5651 5688
f 5652 5651 5615
f 5653 5652 5616
f 5659 5653 5622
f 5654 5656 5618
f 5654 5655 5693
f 5661 5619 5624
f 5694 5620 5656
f 5695 5623 5658
f 5697 5660 5696
f 5661 5699 5698
f 5628 5700 5666
f 5701 5626 5664
f 5627 5702 5664
f 5703 5629 5667
f 5631 5704 5669
f 5630 5705 5667
f 5632 5706 5668
f 5669 5672 5634
f 5633 5708 5670
f 5709 5635 5673
f 5662 5710 5699
f 5711 5636 5674
f 5712 5637 5675
f 5675 5676 5713
f 5676 5677 5714
f 5678 5677 5640
f 5678 5682 5716
f 5648 5679 5641
f 5681 5680 5717
f 5682 5719 5718
f 5683 5684 5720
f 5647 5721 5685
f 5646 5085 5684
f 5722 5649 5685
f 5686 5724 5723
f 474 5725 512
f 5688 5689 5725
f 5690 5689 5652
f 5690 5691 5727
f 5728 5659 5697
f 5656 5729 5694
f 5698 5693 5655
f 5658 5731 5695
f 5733 5660 5695
f 5735 5697 5696
f 5736 5698 5699
f 5737 5663 5701
f 5738 5664 5702
f 5665 5739 5702
f 5667 5740 5703
f 5707 5704 5741
f 5742 5704 5666
f 5744 5668 5706
f 5745 5670 5708
f 5746 5672 5707
f 5747 5671 5709
f 5748 5673 5711
f 5699 5749 5736
f 5750 5674 5712
f 5713 5712 5675
f 5714 5713 5676
f 5714 5715 5753
f 5715 5716 5754
f 5718 5716 5682
f 5681 5757 5719
f 5717 5759 5758
f 5718 5761 5760
f 5762 5683 5720
f 5086 5684 5085
f 5763 5685 5721
f 5723 5765 5764
f 5723 5842 5686
f 512 5766 553
f 5725 5726 5766
f 5726 5727 5767
f 5691 5768 5727
f 5694 5769 5732
f 5770 5729 5692
f 5730 5772 5693
f 5695 5774 5733
f 5775 5732 5769
f 5776 5696 5733
f 5777 5735 5778
f 5779 5730 5736
f 5780 5700 5737
f 5781 5701 5738
f 5702 5782 5738
f 5783 5703 5740
f 5784 5705 5744
f 5741 5743 5785
f 5707 5786 5746
f 5780 5743 5742
f 5706 5788 5744
f 5708 5789 5745
f 5790 5710 5746
f 5791 5709 5748
f 5792 5711 5750
f 5750 5751 5793
f 5752 5751 5713
f 5753 5752 5714
f 5754 5753 5715
f 5754 5755 5797
f 5760 5755 5718
f 5757 5761 5719
f 5717 5800 5757
f 5765 5758 5759
f 5760 5803 5802
f 5721 5804 5763
f 5806 5722 5763
f 5808 553 5766
f 5808 5726 5767
f 5727 5809 5767
f 5810 5728 5734
f 5769 5771 5811
f 5813 5771 5770
f 5772 5815 5814
f 5733 5816 5776
f 5731 5817 5774
f 5811 5775 5769
f 5778 5776 5819
f 5778 5820 5777
f 5734 5822 5810
f 5823 5773 5779
f 5737 5824 5780
f 5738 5825 5781
f 5739 5826 5782
f 5827 5740 5784
f 5744 5828 5784
f 5785 5787 5829
f 5785 5786 5741
f 5746 5831 5790
f 5780 5832 5787
f 5833 5745 5789
f 5747 5834 5789
f 5813 5749 5790
f 5748 5835 5791
f 5793 5792 5750
f 5793 5794 5837
f 5795 5794 5752
f 5795 5796 5839
f 5797 5796 5754
f 5760 5841 5798
f 5759 5842 5765
f 5803 5799 5843
f 5845 5800 5844
f 5800 5847 5846
f 5758 5801 5847
f 5847 5801 5848
f 5802 5850 5849
f 5763 5851 5806
f 5853 5806 5852
f 5724 5854 5801
f 5855 5087 5808
f 5808 5856 5855
f 5856 5809 5857
f 5810 5809 5768
f 5811 5812 5859
f 5790 5812 5813
f 5772 5813 5770
f 5819 5816 5860
f 5861 5774 5817
f 5862 5775 5818
f 5821 5819 5863
f 5820 5822 5777
f 5821 5865 5820
f 5810 5867 5858
f 5868 5781 5825
f 5782 5869 5825
f 5827 5826 5783
f 5784 5871 5827
f 5788 5872 5828
f 5829 5832 5873
f 5829 5830 5785
f 5831 5830 5875
f 5876 5824 5868
f 5789 5877 5833
f 5791 5878 5834
f 5792 5879 5835
f 5836 5837 5880
f 5838 5837 5794
f 5839 5838 5795
f 5839 5840 5883
f 5884 5797 5798
f 5798 5885 5884
f 5849 5841 5802
f 5843 5888 5887
f 5889 5803 5843
f 5844 5890 5845
f 5891 5846 5847
f 5848 5854 5893
f 5849 5895 5894
f 5806 683 5852
f 5853 5807 5805
f 5852 5896 5853
f 5855 5898 641
f 5900 5855 5856
f 5857 5900 5856
f 5857 5858 5902
f 5859 5831 5875
f 5863 5860 5903
f 5860 5861 5904
f 5905 5817 5862
f 5818 5906 5862
f 5863 5866 5821
f 5864 5865 5908
f 5910 5865 5866
f 5867 5902 5858
f 5870 5869 5826
f 5871 5870 5827
f 5871 5872 5914
f 5833 5915 5872
f 5873 5874 5829
f 5873 5876 5917
f 5874 5875 5830
f 5868 5919 5876
f 5834 5921 5877
f 5922 5835 5879
f 5880 5879 5836
f 5837 5924 5880
f 5883 5882 5839
f 5884 5883 5840
f 5927 5884 5885
f 5841 5928 5885
f 5894 5886 5849
f 5888 5930 5887
f 5845 5888 5799
f 5887 5889 5843
f 5933 5850 5889
f 5934 5847 5844
f 5936 5892 5891
f 5893 5853 5896
f 5937 5848 5893
f 5939 5895 5938
f 5897 5940 5896
f 5943 5898 5899
f 5944 5900 5945
f 5946 5900 5901
f 5901 5902 5947
f 5875 5906 5859
f 5907 5903 5948
f 5904 5903 5860
f 5905 5904 5861
f 5862 5951 5905
f 5907 5910 5866
f 5908 5953 5864
f 5909 5908 5865
f 5909 5957 5956
f 5867 5958 5911
f 5960 5912 5961
f 5913 5912 5870
f 5913 5914 5963
f 5964 5872 5915
f 5965 5877 5921
f 5916 5918 5874
f 5917 5916 5873
f 5919 5917 5876
f 5960 5919 5920
f 5970 5878 5922
f 5879 5971 5922
f 5880 5972 5923
f 5973 5881 5882
f 5973 5925 5974
f 5883 5975 5925
f 5975 5927 5976
f 5977 5885 5928
f 5939 5929 5894
f 5930 5932 5887
f 5980 5931 5937
f 5931 5890 5848
f 5889 5981 5933
f 5895 5982 5938
f 5984 5891 5934
f 5934 5935 5984
f 5935 5986 5985
f 5937 5896 5940
f 5941 5987 5940
f 5942 5990 5989
f 5944 5992 5991
f 5946 5994 5993
f 5993 5945 5946
f 5947 5994 5901
f 5906 5966 5951
f 5903 5996 5948
f 5950 5949 5904
f 5905 5998 5950
f 5999 5910 5952
f 5864 5959 5867
f 6001 5953 5954
f 5954 5955 6002
f 5955 5956 6003
f 5911 6005 6004
f 5959 6006 5958
f 5961 5969 5960
f 5961 5962 6009
f 5913 6010 5962
f 6011 5914 5964
f 5915 6012 5964
f 6013 5921 5970
f 6014 5916 5967
f 5967 5968 6015
f 5968 5969 6016
f 6017 5922 5971
f 5971 5972 6018
f 6019 5924 5973
f 5973 6020 6019
f 5975 5974 5925
f 5976 5977 6022
f 5976 6021 5975
f 5928 6024 5977
f 6025 5929 5978
f 5939 6026 5978
f 5981 5979 6028
f 6029 5930 5980
f 5940 5980 5937
f 5981 5982 5933
f 5984 6031 5983
f 5985 5984 5935
f 5986 6033 5985
f 6031 5936 5983
f 6037 5988 6036
f 5990 6038 5989
f 5991 5943 5944
f 6040 5991 5992
f 5993 6043 6042
f 5992 6042 6040
f 6044 5994 5995
f 6045 5947 5911
f 5951 6014 5998
f 5948 6046 5952
f 5949 6047 5996
f 6048 5950 5998
f 5952 6049 5999
f 6051 5957 5999
f 5953 6007 5959
f 6052 6001 6053
f 6002 6001 5954
f 6003 6002 5955
f 6003 6057 6056
f 6059 6004 6005
f 5958 6060 6005
f 6062 6007 6061
f 6016 6008 6063
f 6009 6008 5961
f 6065 5962 6010
f 5963 6066 6010
f 5964 6067 6011
f 5965 6068 6012
f 6069 5970 6017
f 6015 6014 5967
f 6015 6016 6071
f 6018 6017 5971
f 6018 6019 6073
f 6074 6019 6020
f 6021 6020 5974
f 5977 6076 6022
f 6022 6023 5976
f 6078 6024 6025
f 6079 5978 6026
f 6081 6026 6027
f 6028 6030 5981
f 6029 6028 5979
f 5980 6037 6029
f 6035 6030 6084
f 6085 6032 6086
f 5985 6086 6032
f 6034 6087 6033
f 6034 6031 6085
f 5988 5092 6036
f 6091 6037 6036
f 6092 6039 6093
f 5990 6041 6039
f 6040 6094 6041
f 6042 6097 6096
f 6040 6096 6095
f 6098 5995 6045
f 6099 6043 6044
f 6070 5998 6014
f 6100 5996 6047
f 6101 5997 6048
f 5999 6102 6051
f 6103 6046 6100
f 6051 6104 6050
f 6052 6007 6000
f 6052 6107 6106
f 6108 6001 6054
f 6055 6054 6002
f 6055 6056 6110
f 6112 6057 6111
f 6045 6058 6098
f 6058 6114 6113
f 6115 6005 6060
f 6006 6116 6060
f 6118 6062 6061
f 6063 6071 6016
f 6063 6064 6120
f 6065 6064 6009
f 6065 6066 6122
f 6011 6123 6066
f 6012 6124 6067
f 6125 6013 6069
f 6072 6069 6017
f 6071 6070 6015
f 6073 6072 6018
f 6020 6129 6074
f 6074 6128 6073
f 6076 6077 6022
f 6133 6077 6132
f 6131 6078 6134
f 6078 6079 6135
f 6136 6026 6080
f 6138 6081 6137
f 6139 6027 6089
f 6082 6140 6030
f 6083 6082 6028
f 6029 6090 6083
f 6084 6140 6143
f 6089 6084 6144
f 6086 6145 6085
f 6086 6087 6146
f 6085 6088 6034
f 6148 6090 6091
f 6038 939 881
f 6093 6149 6092
f 6041 6093 6039
f 6095 6151 6094
f 6096 6154 6153
f 6153 6095 6096
f 6155 6044 6098
f 6157 6099 6156
f 6127 6048 6070
f 6047 6158 6100
f 6102 6105 6051
f 6160 6049 6103
f 6158 6103 6100
f 6163 6105 6162
f 6164 6061 6052
f 6165 6053 6108
f 6054 6166 6108
f 6110 6109 6055
f 6056 6168 6110
f 6111 6104 6163
f 6111 6169 6112
f 6171 6058 6113
f 6113 6173 6172
f 6174 6059 6115
f 6175 6060 6116
f 6117 6116 6062
f 6127 6119 6177
f 6120 6119 6063
f 6120 6121 6179
f 6180 6065 6122
f 6066 6181 6122
f 6067 6182 6123
f 6183 6068 6125
f 6128 6126 6072
f 6074 6185 6130
f 6128 6186 6184
f 6132 6131 6187
f 6132 6188 6133
f 6187 6134 6190
f 6135 6134 6078
f 6080 6192 6136
f 6081 6194 6137
f 6195 6137 6196
f 6144 6139 6089
f 6141 6198 6140
f 6200 6082 6142
f 6142 6090 6147
f 6201 6140 6198
f 6146 6202 6145
f 6203 6087 6204
f 6088 6202 6204
f 6206 6148 6205
f 6092 6207 939
f 6150 6208 6149
f 6150 6094 6151
f 6211 6152 6210
f 6154 6212 6153
f 6214 6099 6155
f 6177 6101 6127
f 6162 6159 6215
f 6160 6159 6102
f 6161 6160 6103
f 6161 6177 6218
f 6162 6219 6163
f 5098 6107 6165
f 6108 6221 6165
f 6109 6222 6166
f 6110 6223 6167
f 6112 6224 6168
f 6111 6219 6170
f 6225 6113 6172
f 6172 6227 6226
f 6228 6174 6229
f 6230 6115 6175
f 6175 6176 6231
f 6176 968 1024
f 6119 6218 6177
f 6179 6178 6120
f 6180 6179 6121
f 6234 6122 6181
f 6181 6182 6235
f 6236 6124 6183
f 6125 6237 6183
f 6238 6126 6184
f 6239 6130 6185
f 6188 6129 6133
f 6186 6238 6184
f 6187 6189 6132
f 6243 6188 6189
f 6190 6191 6244
f 6190 6241 6187
f 6246 6191 6135
f 6136 6249 6248
f 6193 6250 6192
f 6137 6252 6196
f 6196 6253 6195
f 6251 6138 6195
f 6256 6144 6255
f 6257 6141 6200
f 6200 6147 6206
f 6258 6198 6259
f 6261 6203 6260
f 6262 6203 6204
f 6204 6261 6262
f 6205 6263 6206
f 6266 6208 6209
f 6150 6267 6209
f 6210 6268 6211
f 6212 6271 6270
f 6154 6272 6213
f 6214 6273 6156
f 6171 6214 6155
f 6215 6216 6275
f 6215 6220 6162
f 6217 6216 6160
f 6218 6217 6161
f 6279 6219 6220
f 6281 6166 6222
f 6282 6167 6223
f 6283 6168 6224
f 6285 6169 6284
f 6170 6280 6284
f 6226 6225 6172
f 6226 6288 6287
f 6289 6173 6228
f 6229 6289 6228
f 6230 6229 6174
f 6230 6231 6292
f 1024 6231 6176
f 6232 6218 6178
f 6232 6233 6293
f 6294 6180 6234
f 6234 6235 6295
f 6236 6235 6182
f 6236 6237 6297
f 6297 6238 6298
f 6242 6185 6188
f 6240 6239 6299
f 6298 6240 6300
f 6241 6243 6189
f 6302 6243 6303
f 6244 6247 6304
f 6245 6301 6241
f 6307 6247 6246
f 6248 6307 6246
f 6308 6192 6250
f 6310 6251 6309
f 6254 6252 6311
f 6195 6309 6251
f 6253 6313 6312
f 6315 6197 6256
f 6255 6316 6256
f 6318 6199 6257
f 6206 6257 6200
f 6259 6319 6258
f 6201 6317 6255
f 6321 6260 6322
f 6260 6323 6322
f 6321 6262 6261
f 5100 6264 6205
f 6263 6325 6324
f 6328 6208 6265
f 6329 6266 6330
f 6331 6209 6267
f 6269 6333 6268
f 6332 6269 6210
f 6332 6270 6335
f 6270 6337 6336
f 6338 6213 6272
f 6273 6340 6339
f 6274 6225 6286
f 6341 6272 6156
f 6276 6275 6342
f 6277 6275 6216
f 6279 6276 6344
f 6346 6280 6279
f 5105 6221 6281
f 6347 6222 6282
f 6223 6348 6282
f 6349 6224 6285
f 6351 6284 6350
f 6345 6284 6280
f 6286 6287 6352
f 6354 6287 6288
f 6227 6355 6288
f 6355 6290 6356
f 6291 6290 6229
f 6291 6292 6358
f 6292 1086 6359
f 6360 6233 6294
f 6361 6234 6295
f 6295 6296 6362
f 6297 6296 6236
f 6363 6298 6364
f 6299 6242 6302
f 6300 6299 6365
f 6366 6298 6300
f 6303 6301 6367
f 6303 6368 6302
f 6367 6305 6370
f 6371 6245 6372
f 6307 6373 6306
f 6374 6249 6308
f 6250 6375 6308
f 6377 6310 6309
f 6252 6378 6311
f 6311 6313 6254
f 6312 6309 6253
f 6312 6382 6381
f 6315 6383 6314
f 6315 6386 6385
f 6387 6317 6388
f 6318 6263 6324
f 6318 6320 6259
f 6258 6388 6317
f 6320 6390 6319
f 6322 6392 6321
f 6394 6322 6323
f 6392 6323 6321
f 6324 6397 6396
f 6265 6399 6328
f 6328 6326 6327
f 6400 6330 6401
f 6402 6266 6331
f 6333 6402 6268
f 6334 6404 6333
f 6334 6335 6406
f 6335 6336 6406
f 6336 6408 6407
f 6409 6271 6338
f 6339 6411 6410
f 6286 6340 6274
f 6341 6339 6412
f 6412 6338 6341
f 6342 6343 6413
f 6414 6276 6342
f 6343 6293 6360
f 6279 6415 6346
f 6345 6417 6416
f 6418 6282 6348
f 6419 6283 6349
f 6285 6420 6349
f 6351 6422 6421
f 6416 6350 6345
f 6287 6423 6352
f 6353 6425 6424
f 6355 6426 6288
f 6356 6357 6428
f 6427 6356 6429
f 6358 6357 6291
f 6294 6431 6360
f 6295 6432 6361
f 6362 6363 6433
f 6434 6300 6365
f 6436 6366 6435
f 6368 6438 6437
f 6440 6305 6371
f 6370 6369 6367
f 6372 6441 6371
f 6444 6373 6374
f 6446 6308 6445
f 6375 6376 6447
f 6448 6376 6377
f 6311 6450 6380
f 6451 6313 6380
f 6381 6377 6312
f 6453 6381 6382
f 6379 6383 6454
f 6455 6315 6385
f 6385 6457 6456
f 6388 6458 6387
f 6460 6316 6387
f 6318 6396 6389
f 6389 6391 6320
f 6319 6459 6388
f 6390 6463 6462
f 6464 6393 6465
f 6466 6393 6394
f 6466 6392 6464
f 6467 6396 6397
f 6395 6397 6325
f 5110 6469 1264
f 6328 6469 6398
f 6470 6329 6400
f 6403 6330 6402
f 6403 6404 6471
f 6473 6405 6472
f 6406 6405 6334
f 6336 6474 6406
f 6475 6407 6408
f 6408 6409 6477
f 6412 6410 6478
f 6479 6411 6480
f 6352 6411 6340
f 6478 6409 6412
f 6342 6481 6414
f 6360 6413 6343
f 6344 6482 6415
f 6417 6415 6483
f 6416 6485 6484
f 6348 6486 6418
f 6349 6487 6419
f 6421 6420 6351
f 6421 6490 6489
f 6484 6422 6416
f 6491 6353 6424
f 6492 6424 6425
f 6354 6494 6425
f 6494 6427 6495
f 6428 6430 6496
f 6428 6429 6356
f 6429 6495 6427
f 6358 6499 6430
f 6500 6361 6432
f 6501 6362 6433
f 6502 6366 6434
f 6433 6436 6501
f 6435 6503 6436
f 6438 6505 6437
f 6434 6437 6502
f 6439 6372 6304
f 6371 6507 6440
f 6442 6508 6441
f 6444 6510 6443
f 6511 6446 6445
f 6447 6449 6512
f 6513 6375 6447
f 6515 6449 6448
f 6380 6516 6451
f 6454 6450 6378
f 6382 6518 6453
f 6448 6452 6515
f 6519 6452 6453
f 6521 6454 6383
f 6522 6384 6455
f 6456 6455 6385
f 6456 6444 6446
f 6460 6457 6386
f 6387 6524 6460
f 6458 6526 6525
f 6389 6468 6461
f 6527 6461 6528
f 6526 6390 6462
f 6462 6530 6529
f 6464 6532 6531
f 6532 6466 6533
f 6464 6533 6466
f 5114 6397 1261
f 6468 6535 6534
f 1264 6536 1332
f 6399 6536 6469
f 6538 6400 6537
f 6471 6401 6403
f 6471 6473 6540
f 6472 6474 6541
f 6543 6472 6542
f 6407 6541 6474
f 6477 6475 6408
f 6546 6475 6545
f 6478 6548 6547
f 6479 6550 6549
f 6480 6423 6491
f 6478 6544 6477
f 6551 6414 6481
f 6500 6413 6431
f 6417 6552 6485
f 6484 6554 6553
f 6419 6555 6486
f 6420 6556 6487
f 6557 6421 6489
f 6558 6489 6490
f 6553 6490 6484
f 6493 6491 6424
f 6425 6561 6492
f 6492 6562 6493
f 6495 6561 6494
f 6496 6497 6428
f 6566 6430 6499
f 6497 6498 6429
f 6498 6564 6495
f 6500 6501 6569
f 6502 6504 6435
f 6569 6436 6503
f 6572 6504 6571
f 6437 6570 6502
f 6573 6506 6574
f 6439 6509 6442
f 6507 6577 6576
f 6508 6577 6441
f 6578 6509 6525
f 6443 6575 6439
f 6513 6511 6445
f 6447 6580 6513
f 6449 6581 6512
f 6583 6514 6515
f 6451 6584 6518
f 6450 6585 6516
f 6586 6453 6518
f 6520 6515 6452
f 6519 6587 6520
f 6589 6517 6521
f 6521 6523 6589
f 6511 6522 6455
f 6591 6523 6522
f 6524 6510 6460
f 6525 6592 6578
f 6528 6468 6534
f 6527 6594 6593
f 6529 6526 6462
f 6529 6596 6595
f 6593 6463 6527
f 6532 6597 6531
f 6532 6599 6598
f 6597 6533 6531
f 5114 6535 6467
f 6601 6535 6600
f 6603 6536 6602
f 6536 6604 6602
f 6538 6604 6470
f 6537 6539 6606
f 6540 6539 6471
f 6543 6540 6473
f 6542 6541 6609
f 6542 6610 6543
f 6609 6476 6546
f 6475 6612 6545
f 6613 6546 6545
f 6616 6548 6615
f 6549 6548 6479
f 6618 6549 6550
f 6480 6560 6550
f 6544 6616 6612
f 6482 6572 6483
f 6569 6481 6500
f 6620 6485 6552
f 6571 6483 6572
f 6553 6622 6621
f 6623 6487 6556
f 6624 6488 6557
f 6559 6626 6625
f 6621 6558 6553
f 6627 6493 6562
f 6561 6563 6492
f 6561 6629 6628
f 6497 6630 6567
f 6566 6565 6496
f 6567 6568 6498
f 6629 6568 6632
f 5115 6566 5113
f 6570 6571 6504
f 6551 6503 6572
f 6505 6633 6570
f 6574 6634 6573
f 6507 6574 6506
f 6577 6636 6576
f 6578 6637 6577
f 6580 6579 6513
f 6581 6580 6512
f 6581 6582 6640
f 6582 6642 6641
f 6643 6516 6585
f 6587 6583 6520
f 6645 6588 6644
f 6643 6589 6646
f 6590 6589 6523
f 6522 6638 6591
f 6590 6648 6647
f 6528 6601 6594
f 6650 6593 6594
f 6592 6595 6637
f 6596 6651 6595
f 6593 6596 6530
f 6654 6598 6653
f 6655 6598 6599
f 6597 6656 6599
f 6600 5116 1456
f 6600 6657 6601
f 5117 1332 6603
f 6659 6603 6602
f 6661 6538 6662
f 6606 6662 6537
f 6606 6607 6664
f 6607 6608 6665
f 6666 6543 6610
f 6609 6611 6542
f 6668 6611 6669
f 6667 6546 6614
f 6545 6670 6613
f 6672 6614 6613
f 6615 6617 6673
f 6615 6674 6616
f 6549 6676 6617
f 6618 6560 6627
f 6619 6678 6677
f 6616 6670 6612
f 6552 6633 6620
f 6620 6622 6554
f 6621 6680 6679
f 6681 6555 6623
f 6556 6682 6623
f 6683 6557 6559
f 6625 6685 6684
f 6686 6559 6625
f 6679 6626 6621
f 6689 6628 6629
f 6630 6631 6567
f 6692 1429 1491
f 6632 6631 6693
f 6629 6694 6689
f 6620 6573 6634
f 6634 6680 6622
f 6576 6635 6574
f 6637 6651 6636
f 6639 6638 6580
f 6639 6640 6696
f 6641 6640 6582
f 6698 6641 6642
f 6642 6645 6698
f 6701 6644 6588
f 6645 6704 6703
f 6591 6695 6648
f 6647 6706 6705
f 6601 6650 6594
f 6708 6650 6707
f 6679 6651 6652
f 6652 6649 6708
f 6709 6653 6710
f 6653 6711 6710
f 6709 6656 6654
f 1513 6600 1456
f 6658 6713 6657
f 6659 6605 6715
f 6659 6716 6660
f 6661 6663 6718
f 6719 6605 6661
f 6663 6664 6720
f 6664 6665 6721
f 6722 6608 6666
f 6610 6723 6666
f 6669 6667 6724
f 6669 6725 6668
f 6724 6614 6671
f 6613 6727 6672
f 6671 6729 6728
f 6673 6676 6730
f 6673 6675 6615
f 6675 6731 6674
f 6676 6734 6733
f 6627 6678 6618
f 6677 6737 6736
f 6727 6674 6731
f 6623 6738 6681
f 6683 6682 6624
f 6684 6686 6625
f 6685 6707 6684
f 6739 6686 6741
f 6652 6685 6679
f 6687 6735 6562
f 6690 6688 6628
f 6746 6690 6689
f 6631 6747 6693
f 6692 6691 6630
f 1491 6748 6692
f 6749 6632 6693
f 6694 6746 6689
f 6635 6651 6680
f 6751 6639 6696
f 6752 6640 6697
f 6699 6754 6753
f 6703 6698 6645
f 6704 6702 6755
f 6701 6756 6702
f 6703 6758 6757
f 6705 6759 6756
f 6700 6705 6701
f 6707 6657 6713
f 6711 6760 6710
f 6655 6712 6711
f 6709 6762 6712
f 1513 5121 6764
f 6764 6658 1513
f 6740 6714 6765
f 6716 5118 6660
f 6717 6715 6766
f 6717 6767 6716
f 6718 6719 6661
f 6720 6718 6663
f 6715 6771 6766
f 6720 6721 6772
f 6721 6722 6773
f 6666 6774 6722
f 6668 6775 6723
f 6724 6726 6669
f 6777 6726 6778
f 6776 6671 6728
f 6779 6672 6727
f 6733 6730 6676
f 6781 6732 6780
f 6733 6783 6782
f 6678 6784 6737
f 6785 6736 6786
f 6788 6736 6737
f 6779 6731 6781
f 6738 6739 6789
f 6686 6765 6741
f 6684 6713 6740
f 6741 6789 6739
f 6791 6735 6742
f 6742 6793 6792
f 6687 6794 6793
f 6794 6688 6744
f 6745 6744 6690
f 6797 6746 6796
f 6693 6798 6749
f 6747 6748 6799
f 6750 6749 6800
f 6796 6750 6801
f 6696 6802 6751
f 6803 6697 6699
f 6754 6804 6753
f 6806 6699 6753
f 6757 6754 6703
f 6702 6807 6755
f 6808 6704 6755
f 6810 6758 6809
f 6756 6811 6807
f 6759 6802 6812
f 6813 6761 6814
f 6761 6712 6762
f 6815 6762 6763
f 6817 6714 6764
f 5122 6767 5125
f 6766 6768 6717
f 6767 6820 6819
f 6771 6769 6821
f 6822 6718 6770
f 6720 6823 6770
f 6818 6771 6824
f 6721 6825 6772
f 6722 6826 6773
f 6827 6723 6775
f 6828 6725 6777
f 6776 6778 6726
f 6830 6777 6778
f 6833 6729 6779
f 6732 6782 6780
f 6780 6834 6781
f 6836 6782 6783
f 6785 6734 6677
f 6737 6838 6788
f 6786 6839 6785
f 6786 6787 6841
f 6842 6787 6788
f 6779 6834 6833
f 6789 5123 6738
f 6741 6817 6790
f 5127 6789 6790
f 6844 6742 6792
f 6845 6784 6791
f 6792 6847 6846
f 6794 6847 6793
f 6744 6848 6794
f 6849 6745 6797
f 6796 6850 6797
f 6800 6798 6852
f 6853 6747 6799
f 6800 6801 6750
f 6801 6851 6796
f 6812 6752 6803
f 6753 6856 6806
f 6806 6812 6803
f 6810 6805 6757
f 6807 6808 6755
f 6809 6808 6860
f 6809 6861 6810
f 6811 6859 6807
f 6812 6811 6759
f 6813 6866 6865
f 6762 6814 6761
f 6867 6760 6813
f 6763 6867 6815
f 6815 6868 6816
f 5125 6819 5129
f 6870 6768 6818
f 6819 6872 6871
f 6769 6873 6821
f 6771 6825 6824
f 6823 10230 6770
f 6824 6870 6818
f 6824 6826 6876
f 6877 6774 6827
f 6775 6878 6827
f 6879 6777 6831
f 6830 6829 6880
f 6830 6881 6831
f 6832 6884 6883
f 6780 6837 6835
f 6885 6834 6835
f 6785 6836 6783
f 6836 6887 6837
f 6889 6788 6838
f 6840 6890 6839
f 6841 6840 6786
f 6841 6843 6893
f 6894 6843 6842
f 6886 6833 6834
f 6844 6846 6896
f 6897 6791 6844
f 6898 6838 6845
f 6899 6846 6847
f 6899 6848 6901
f 6901 6795 6849
f 6902 6797 6850
f 6904 6851 6903
f 6800 6905 6854
f 6906 6798 6853
f 6801 6907 6855
f 6903 6855 6908
f 6856 6857 6806
f 6910 6804 6858
f 6860 6859 6911
f 6861 6911 6912
f 6911 6863 6912
f 6909 6811 6857
f 6865 6867 6813
f 6865 6915 6914
f 6814 6868 6866
f 6815 6913 6869
f 6917 6869 6916
f 5129 6871 5130
f 6918 6820 6870
f 6871 6920 6919
f 6821 6823 6825
f 6875 6822 6921
f 6875 6922 6874
f 6870 6923 6918
f 6877 6876 6826
f 6827 6924 6877
f 6828 6925 6878
f 6926 6831 6881
f 6830 6927 6882
f 6929 6882 6928
f 6883 6931 6930
f 6883 6880 6832
f 6885 6837 6887
f 6932 6886 6885
f 6839 6888 6836
f 6894 6889 6933
f 6934 6891 6935
f 6891 6892 6936
f 6893 6892 6841
f 6938 6843 6895
f 6894 6939 6895
f 6897 6896 6941
f 6900 6896 6846
f 6845 6943 6898
f 6900 6945 6944
f 6901 6945 6899
f 6946 6849 6902
f 6850 6947 6902
f 6948 6904 6903
f 6950 6854 6905
f 6852 6951 6905
f 6908 6907 6952
f 6948 6908 6953
f 6912 6858 6861
f 6863 6910 6912
f 6955 6865 6914
f 6914 6957 6956
f 6866 6917 6915
f 6916 6913 6955
f 6958 6916 6959
f 5130 6919 5131
f 6872 6960 6920
f 6919 6962 6961
f 6918 6963 6960
f 6924 6923 6877
f 6924 6925 6964
f 6965 6879 6926
f 6881 6966 6926
f 6882 6967 6928
f 6928 6968 6929
f 6930 6927 6883
f 6970 6930 6931
f 6887 6932 6885
f 6931 6973 6970
f 6934 6888 6890
f 6933 6940 6894
f 6934 6975 6974
f 6935 6936 6976
f 6937 6936 6892
f 6893 6978 6937
f 6939 6980 6895
f 6982 6939 6940
f 6941 6942 6983
f 6941 6943 6897
f 6898 6985 6933
f 6944 6987 6986
f 6987 6946 6988
f 6947 6946 6902
f 6947 6949 6989
f 6991 6949 6948
f 6905 6992 6950
f 6950 6952 6907
f 6994 6951 1755
f 6952 6953 6908
f 6948 6996 6991
f 6955 6956 6997
f 6956 6998 6997
f 6958 6915 6917
f 6997 6916 6955
f 6959 7000 6958
f 6959 6999 7001
f 6920 7002 6962
f 6961 7004 7003
f 6963 6964 7005
f 7006 6925 6965
f 6926 7007 6965
f 7008 6929 6968
f 6928 7009 6969
f 7010 6969 7011
f 6971 6967 6930
f 7013 6971 6970
f 6973 6972 7014
f 6973 7013 6970
f 6934 7014 6972
f 6933 6982 6940
f 6974 7017 7016
f 7018 6935 6976
f 6976 6977 7019
f 6937 7020 6977
f 6981 7021 1824
f 7022 6942 6944
f 7023 6943 6984
f 6985 7024 6933
f 6986 7022 6944
f 6986 7028 7027
f 7029 6987 6988
f 6988 6989 7029
f 6991 7030 6990
f 6992 6993 6950
f 6993 6995 6952
f 6994 7032 6992
f 6996 6995 7035
f 7036 6991 6996
f 6997 7038 7037
f 7000 6957 6958
f 6998 7001 7038
f 7001 7040 7039
f 7004 7002 7041
f 7004 7042 7003
f 7045 6965 7007
f 7046 6966 7008
f 7047 6968 7010
f 7009 7011 6969
f 7011 7049 7010
f 6971 7048 7009
f 7051 7013 7052
f 7053 6973 7014
f 7052 7015 7054
f 7016 7014 6974
f 7016 7056 7055
f 6975 7057 7017
f 7019 7018 6976
f 7020 7019 6977
f 7024 7021 6982
f 6983 7061 6984
f 6984 7062 7023
f 7063 7024 7025
f 7064 7022 7026
f 7026 7027 7065
f 7066 7028 7067
f 7068 7028 7029
f 7069 7029 6989
f 7069 6990 7030
f 7070 7031 7071
f 7033 7032 7072
f 7035 7033 7073
f 7072 7034 7074
f 7034 7076 7075
f 7036 7035 7077
f 7071 7036 7078
f 7080 7037 7038
f 7039 7038 7001
f 7039 7082 7081
f 6999 7079 7040
f 7004 7083 7043
f 7084 7006 7045
f 7007 7085 7045
f 7008 7086 7046
f 7049 7047 7010
f 7050 7048 7088
f 7089 7050 7090
f 7088 7012 7051
f 7052 7091 7051
f 7054 7053 7093
f 7054 7092 7052
f 7095 7056 7096
f 7017 7097 7056
f 7018 7098 7057
f 7099 7021 7060
f 7100 7023 7062
f 7101 7061 7064
f 7025 7102 7063
f 7060 7103 7099
f 7064 7065 7104
f 7065 7066 7105
f 7106 7067 7107
f 7069 7108 7068
f 7030 7109 7069
f 7070 7111 7110
f 7112 7035 7073
f 7072 7113 7073
f 7075 7074 7034
f 7115 7075 7076
f 7117 7036 7077
f 7118 7071 7078
f 7079 7120 7119
f 7120 7039 7081
f 7082 7121 7081
f 7119 7040 7079
f 7041 7084 7083
f 7045 7124 7084
f 7046 7125 7085
f 7047 7126 7086
f 7087 7089 7127
f 7090 7088 7128
f 7129 7090 7130
f 7051 7128 7088
f 7132 7092 7131
f 7093 7094 7054
f 7092 7134 7131
f 7096 7135 7095
f 7137 7056 7097
f 7057 7138 7097
f 7139 7062 7101
f 7104 7101 7064
f 7115 7063 7102
f 7141 7100 7139
f 7105 7104 7065
f 7143 7066 7106
f 7145 7107 7144
f 7107 7147 7146
f 7070 7148 7109
f 7110 7151 7150
f 7077 7152 7117
f 7073 7153 7112
f 7114 7113 7074
f 7114 7116 7155
f 7076 7103 7115
f 7115 7141 7116
f 7078 7156 7118
f 7157 7111 7118
f 7119 7159 7158
f 7159 7081 7121
f 7161 7122 7160
f 7119 7122 7082
f 7083 7124 7163
f 7085 7164 7124
f 7165 7086 7126
f 7166 7087 7127
f 7127 7129 7167
f 7128 7130 7090
f 7130 7169 7129
f 7091 7168 7128
f 7131 7171 7132
f 7134 7133 7173
f 7095 7133 7093
f 7131 7174 7172
f 7175 7136 7176
f 7177 7096 7137
f 7178 7097 7138
f 7140 7139 7101
f 7179 7141 7139
f 7181 7105 7143
f 7106 7182 7143
f 7144 7146 7183
f 7144 7184 7145
f 7186 7147 7187
f 7147 7108 7188
f 7190 7148 7149
f 7110 7191 7149
f 7184 7151 7192
f 7193 7117 7152
f 7112 7194 7152
f 7195 7113 7154
f 7155 7154 7114
f 7116 7180 7155
f 7156 7157 7118
f 7192 7157 7198
f 7159 7199 7158
f 7121 7200 7159
f 7199 7122 7158
f 7202 7160 7201
f 7162 1968 5139
f 7162 7163 7204
f 7163 7164 7204
f 7205 7125 7165
f 7126 7206 7165
f 7207 7127 7167
f 7129 7208 7167
f 7209 7130 7168
f 7210 7170 7211
f 7209 7132 7171
f 7212 7172 7213
f 7134 7214 7174
f 7173 7135 7175
f 7174 7213 7172
f 7176 7216 7175
f 7176 7177 7218
f 7219 7137 7178
f 7142 7179 7140
f 7220 7180 7179
f 7220 7181 7221
f 7143 7222 7181
f 7192 7145 7184
f 7183 7185 7144
f 7186 7183 7146
f 7150 7185 7191
f 7225 7186 7187
f 7227 7147 7188
f 7188 7148 7189
f 7189 7229 7228
f 7149 7230 7190
f 7193 7194 7231
f 7195 7194 7153
f 7154 7233 7195
f 7197 7198 7157
f 7198 7182 7192
f 7235 7200 7236
f 7236 7161 7202
f 7235 7160 7199
f 7201 7237 7202
f 7204 7203 7162
f 7164 7240 7204
f 7206 7205 7165
f 7242 7166 7207
f 7167 7243 7207
f 7210 7208 7169
f 7211 7209 7245
f 7210 7247 7246
f 7245 7171 7212
f 7213 7248 7212
f 7215 7214 7250
f 7175 7214 7173
f 7249 7215 7251
f 7253 7217 7252
f 7218 7217 7176
f 7218 7219 7255
f 7178 2063 7219
f 7221 7196 7220
f 7221 7222 7256
f 7191 7223 7230
f 7224 7223 7183
f 7186 7258 7224
f 7187 7259 7225
f 7225 7260 7226
f 7228 7188 7189
f 7228 7263 7262
f 7265 7230 7264
f 7231 7197 7193
f 7222 7234 7256
f 7235 7267 7266
f 7236 7237 7267
f 7266 7201 7235
f 7269 7203 7240
f 7241 7240 7205
f 7241 7242 7270
f 7207 7271 7242
f 7243 7244 7272
f 7246 7244 7210
f 7247 7245 7274
f 7247 7275 7246
f 7245 7277 7274
f 7279 7249 7278
f 7250 7216 7253
f 7251 7250 7280
f 7278 7251 7281
f 7252 7254 7282
f 7252 7283 7253
f 7255 7254 7218
f 7255 2063 2094
f 7256 7233 7221
f 7264 7223 7257
f 7257 7258 7286
f 7287 7226 7260
f 7262 7227 7228
f 7288 7261 7289
f 7291 7263 7290
f 7292 7229 7265
f 7292 7264 7293
f 7234 7232 7256
f 7295 7266 7267
f 7297 7237 7296
f 7238 7294 7296
f 7239 7298 7268
f 7270 7269 7241
f 7270 7301 7300
f 7302 7243 7272
f 7272 7273 7303
f 7305 7273 7246
f 7274 7276 7247
f 7276 7307 7275
f 7277 7306 7274
f 7248 7309 7277
f 7311 7278 7310
f 7253 7280 7250
f 7281 7280 7312
f 7278 7313 7310
f 7252 7314 7284
f 7315 7254 7285
f 7316 7284 7317
f 2094 7285 7255
f 7293 7257 7286
f 7318 7258 7287
f 7319 7260 7288
f 7320 7262 7291
f 7321 7261 7322
f 7292 7290 7263
f 7291 7325 7324
f 7292 7326 7323
f 7294 7328 7327
f 7296 7329 7297
f 7296 7327 7330
f 7268 7331 7299
f 7300 7298 7270
f 7300 7334 7333
f 7302 7303 7335
f 7334 7271 7302
f 7303 7304 7336
f 7338 7304 7305
f 7306 7308 7276
f 7305 7307 7338
f 7340 7307 7308
f 7309 7339 7306
f 7342 7279 7311
f 7312 7283 7316
f 7313 7343 7310
f 7317 7314 7345
f 7315 7314 7282
f 7285 2157 7315
f 7317 7347 7316
f 7326 7286 7318
f 7287 7349 7318
f 7319 7351 7350
f 7352 7291 7324
f 7321 7320 7352
f 7289 7354 7353
f 7355 7290 7323
f 7324 7357 7356
f 7358 7323 7326
f 7360 7327 7328
f 7329 7295 7297
f 7330 7361 7329
f 7330 7359 7362
f 7363 7299 7331
f 7333 7366 7365
f 7335 7334 7302
f 7336 7335 7303
f 7336 7337 7368
f 7370 7337 7338
f 7371 7308 7339
f 7338 7341 7370
f 7373 7341 7340
f 7342 7371 7339
f 7311 7374 7342
f 7376 7316 7347
f 7310 7377 7375
f 7344 7378 7343
f 7380 7344 7313
f 7382 7314 7346
f 7383 7317 7345
f 2157 7346 7315
f 7348 7384 7347
f 7349 7326 7318
f 7350 7349 7319
f 7350 7388 7387
f 7356 7352 7324
f 7353 7351 7289
f 7321 7389 7354
f 7353 7391 7390
f 7325 7392 7357
f 7355 7393 7392
f 7395 7360 7394
f 7361 7328 7329
f 7361 7397 7396
f 7397 7359 7395
f 7398 7332 7363
f 7400 7365 7401
f 7403 7365 7366
f 7367 7366 7335
f 7336 7404 7367
f 7369 7368 7337
f 7369 7407 7406
f 7340 7408 7373
f 7372 7370 7341
f 7372 7410 7409
f 7371 7411 7408
f 7374 7412 7411
f 7347 7413 7376
f 7414 7375 7377
f 7415 7343 7378
f 7416 7379 7417
f 7379 7381 7418
f 7376 7381 7380
f 7382 2195 2231
f 7419 7345 7382
f 7420 7348 7383
f 7385 7421 7384
f 7358 7386 7393
f 7387 7386 7350
f 7424 7387 7388
f 7389 7427 7426
f 7390 7388 7353
f 7426 7354 7389
f 7390 7429 7428
f 7357 7431 7430
f 7392 7432 7431
f 7394 7361 7396
f 7433 7394 7434
f 7397 7435 7396
f 7395 7436 7397
f 7364 7437 7399
f 7363 7401 7398
f 7401 7402 7439
f 7402 7441 7440
f 7404 7403 7367
f 7442 7368 7405
f 7443 7369 7406
f 7406 7445 7444
f 7447 7408 7446
f 7409 7407 7372
f 7409 7449 7448
f 7408 7450 7446
f 7450 7412 7451
f 7384 7452 7413
f 7377 7453 7414
f 7454 7412 7414
f 7456 7417 7455
f 7457 7379 7418
f 7381 7458 7418
f 7382 2271 7419
f 7459 7383 7419
f 7460 7385 7420
f 7462 7422 7461
f 7393 7423 7432
f 7463 7387 7425
f 7465 7425 7424
f 7466 7426 7427
f 7428 7424 7390
f 7467 7391 7426
f 7468 7429 7469
f 7470 7430 7431
f 7470 7432 7472
f 7396 7434 7394
f 7433 7474 7473
f 7476 7436 7475
f 7475 7433 7473
f 7477 7399 7437
f 7439 7398 7401
f 7439 7440 7478
f 7480 7440 7441
f 7442 7441 7404
f 7481 7405 7443
f 7444 7443 7406
f 7446 7483 7447
f 7445 7448 7485
f 7487 7449 7486
f 7483 7410 7447
f 7488 7446 7450
f 7489 7450 7451
f 7490 7421 7462
f 7453 7454 7414
f 7492 7453 7415
f 7494 7417 7457
f 7492 7416 7456
f 2271 7495 7419
f 7496 7420 7459
f 7460 7461 7422
f 7498 7462 7461
f 7472 7423 7463
f 7500 7425 7464
f 7501 7464 7465
f 7466 7471 7503
f 7505 7467 7466
f 7465 7506 7501
f 7429 7504 7469
f 7508 7469 7507
f 7470 7503 7471
f 7472 7509 7470
f 7474 7435 7476
f 7511 7474 7512
f 7475 7513 7476
f 7475 7511 7514
f 7438 7515 2291
f 7439 7516 7437
f 7440 7517 7478
f 7519 7479 7480
f 7481 7480 7442
f 7443 7520 7481
f 7522 7482 7444
f 7523 7448 7487
f 7486 7483 7524
f 7526 7484 7488
f 7488 7527 7526
f 7499 7490 7462
f 7452 7529 7458
f 7491 7493 7530
f 7494 7533 7532
f 7455 7535 7534
f 7456 7536 7492
f 7496 7497 7460
f 7495 7496 7459
f 7541 7497 7540
f 7498 7541 7542
f 7499 7542 7543
f 7510 7463 7500
f 7500 7502 7544
f 7546 7502 7501
f 7503 7505 7466
f 7548 7504 7505
f 7501 7550 7546
f 7469 7549 7507
f 7506 7508 7550
f 7508 7552 7551
f 7547 7509 7553
f 7553 7510 7554
f 7513 7474 7476
f 7555 7511 7512
f 7514 7557 7513
f 7511 7558 7514
f 7515 2332 2291
f 7516 7515 7477
f 7561 7516 7478
f 7517 7563 7562
f 7563 7518 7564
f 7518 7566 7565
f 7566 7481 7520
f 7520 7521 7567
f 7522 7568 7521
f 7485 7522 7444
f 7487 7570 7523
f 7573 7524 7572
f 7524 7525 7572
f 7525 7575 7574
f 7526 7576 7575
f 7577 7489 7578
f 7580 7490 7528
f 7581 7499 7543
f 7530 7584 7583
f 7491 7585 7582
f 7531 7579 7451
f 7532 7535 7494
f 7532 7529 7580
f 7535 7588 7534
f 7534 7537 7455
f 7592 7537 7591
f 7540 7539 7594
f 7539 7538 7593
f 7540 7595 7541
f 7541 7597 7542
f 7543 7597 7598
f 7500 7554 7510
f 7545 7544 7502
f 7545 7601 7600
f 7505 7602 7548
f 7603 7549 7548
f 7605 7546 7550
f 7507 7604 7552
f 7551 7550 7508
f 7551 7607 7606
f 7608 7547 7553
f 7553 7609 7608
f 7555 7513 7557
f 7556 7611 7610
f 7613 7558 7612
f 7612 7556 7610
f 7515 7615 7559
f 7616 7560 7561
f 7561 7562 7616
f 7518 7617 7564
f 7566 7618 7565
f 7567 7568 7620
f 7619 7567 7621
f 7523 7569 7522
f 7570 7623 7622
f 7572 7624 7573
f 7525 7625 7572
f 7574 7627 7626
f 7627 7576 7628
f 7577 7576 7527
f 7577 7631 7630
f 7578 7579 7632
f 7598 7581 7543
f 7583 7635 7634
f 7584 7536 7636
f 7583 7585 7530
f 7582 7639 7638
f 7586 7641 7640
f 7638 7531 7582
f 7589 7587 7642
f 7580 7587 7532
f 7588 7590 7534
f 7645 7589 7635
f 7591 7590 7646
f 7647 7536 7592
f 7591 7648 7592
f 2467 7593 2410
f 7594 7596 7540
f 7593 7594 7539
f 7653 7596 7652
f 7654 7595 7653
f 7598 7654 7655
f 7554 7599 7609
f 7656 7545 7600
f 7600 7658 7657
f 7548 7659 7603
f 7603 7660 7604
f 7662 7601 7605
f 7607 7604 7660
f 7606 7605 7551
f 7607 7663 7606
f 7665 7602 7608
f 7666 7608 7609
f 7613 7555 7557
f 7667 7611 7668
f 7612 7669 7613
f 7616 7672 7615
f 7562 7673 7616
f 7617 7672 7564
f 7565 7675 7617
f 7677 7619 7621
f 7567 7678 7621
f 7679 7568 7680
f 7622 7569 7570
f 7682 7625 7683
f 7683 7574 7626
f 7685 7627 7684
f 7686 7576 7629
f 7630 7629 7577
f 7630 7689 7688
f 7578 7690 7631
f 7633 7691 7581
f 7655 7633 7598
f 7583 7693 7637
f 7645 7584 7636
f 7585 7694 7639
f 7640 7632 7586
f 7641 7696 7695
f 7642 7643 7691
f 7642 7635 7589
f 7644 7646 7590
f 7644 7645 7698
f 7646 7649 7591
f 7698 7636 7647
f 7592 7700 7647
f 7648 7702 7701
f 7703 2467 2521
f 7652 7651 7704
f 7650 7651 7594
f 7705 7652 7706
f 7708 7654 7653
f 7707 7655 7654
f 7609 7656 7666
f 7600 7709 7656
f 7711 7658 7710
f 7659 7661 7603
f 7661 7713 7660
f 7715 7658 7662
f 7660 7664 7607
f 7662 7663 7715
f 7716 7664 7717
f 7718 7659 7665
f 7719 7665 7666
f 7667 7721 7720
f 7723 7670 7722
f 7725 7614 7677
f 7564 7673 7676
f 7678 7728 7621
f 7680 7730 7679
f 7622 7731 7680
f 7734 7682 7683
f 7736 7624 7682
f 7683 7737 7734
f 7738 7684 7739
f 7741 7628 7686
f 7688 7687 7630
f 7688 7744 7743
f 7689 7690 7745
f 7693 7692 7633
f 7637 7655 7694
f 7707 7639 7694
f 7690 7746 7745
f 7747 7695 7696
f 7699 7697 7749
f 7698 7697 7644
f 7751 7699 7752
f 7647 7750 7698
f 7753 7700 7648
f 7701 7756 7755
f 7753 7701 7757
f 7759 7703 2521
f 7706 7760 7705
f 7708 7696 7707
f 7656 7719 7666
f 7657 7761 7709
f 7763 7710 7762
f 7714 7712 7764
f 7714 7765 7713
f 7762 7715 7767
f 7713 7717 7664
f 7716 7715 7663
f 7717 7768 7716
f 7770 7712 7718
f 7718 7771 7770
f 7667 7772 7722
f 7774 7721 7773
f 7776 7721 7668
f 7722 7777 7723
f 8142 10229 8032
f 7724 7725 7778
f 7728 7725 7677
f 7728 7780 7779
f 7678 7781 7729
f 7679 7782 7781
f 7784 7731 7783
f 7785 7623 7681
f 7736 7735 7787
f 7734 7788 7735
f 7736 7786 7733
f 7734 7791 7789
f 7739 7792 7738
f 7740 7684 7628
f 7738 7737 7685
f 7740 7796 7795
f 7686 7797 7741
f 7798 7742 7799
f 7800 7688 7743
f 7744 7748 7743
f 7744 7689 7745
f 7695 7746 7640
f 7744 7745 7746
f 7743 7747 7760
f 7752 7749 7801
f 7802 7697 7750
f 7752 7803 7751
f 7750 7754 7802
f 7757 7754 7753
f 7755 7807 7806
f 7751 7756 7702
f 7755 7757 7701
f 7704 7758 7706
f 7760 7759 7743
f 7760 7708 7705
f 7709 7771 7719
f 7810 7711 7763
f 7812 7762 7811
f 7764 7766 7714
f 7815 7766 7814
f 7811 7767 7816
f 7769 7765 7815
f 7716 7816 7767
f 7769 7817 7768
f 7770 7813 7764
f 7771 7819 7770
f 7772 7774 7821
f 7773 7775 7822
f 7774 7824 7823
f 7775 7723 7777
f 7777 7821 7825
f 7724 7827 7826
f 7828 7779 7780
f 7729 7830 7780
f 7831 7781 7782
f 7782 7784 7832
f 7783 7834 7833
f 7783 2654 7784
f 7785 7786 7835
f 7835 7732 7785
f 7787 7788 7836
f 7787 7790 7736
f 7788 7839 7838
f 7786 7841 7840
f 7789 7842 7839
f 7738 7842 7791
f 7792 7844 7843
f 7740 7793 7739
f 7741 7845 7796
f 7799 7846 7798
f 7800 7848 7742
f 7809 7800 7743
f 7801 7802 7851
f 7804 7801 7852
f 7853 7804 7854
f 7851 7754 7805
f 7855 7757 7808
f 7806 7808 7755
f 7806 7858 7857
f 7853 7756 7803
f 7820 7761 7810
f 7763 7859 7810
f 7811 7860 7812
f 7814 7813 7862
f 7864 7814 7863
f 7816 7861 7811
f 7815 7818 7769
f 7768 7865 7816
f 7866 7818 7867
f 7862 7819 7868
f 7868 7820 7869
f 7870 7774 7823
f 7773 7871 7824
f 7822 7777 7825
f 7823 7873 7872
f 7821 7874 7825
f 7876 7827 7778
f 7780 7878 7828
f 7876 7828 7879
f 7831 7832 7880
f 7830 7881 7878
f 7832 2654 2703
f 2655 7833 2704
f 7833 7835 7882
f 7786 7883 7835
f 7787 7884 7837
f 7836 7838 7885
f 7886 7790 7837
f 7838 7888 7887
f 7889 7840 7841
f 7891 7842 7892
f 7843 7894 7893
f 7895 7793 7795
f 7843 7892 7792
f 7897 7796 7845
f 7797 7846 7845
f 7900 7847 7899
f 7848 7847 7799
f 7849 7901 7848
f 7849 7850 7903
f 7852 7851 7904
f 7852 7854 7804
f 7906 7853 7854
f 7904 7805 7855
f 7808 7908 7855
f 7857 7856 7806
f 7857 7911 7910
f 7907 7807 7853
f 7810 7869 7820
f 7912 7812 7860
f 7861 7913 7860
f 7863 7862 7915
f 7863 7916 7864
f 7914 7865 7918
f 7864 7867 7818
f 7918 7817 7866
f 7920 7867 7919
f 7868 7915 7862
f 7869 7921 7868
f 7870 7872 7923
f 7924 7824 7871
f 7874 7822 7825
f 7925 7872 7873
f 7927 7870 7923
f 7875 7877 7928
f 7879 7877 7876
f 7878 7879 7828
f 7831 7932 7881
f 7878 7933 7931
f 7882 2704 7833
f 7890 7883 7840
f 7837 7935 7886
f 7936 7836 7885
f 7885 7887 7937
f 7841 7938 7889
f 7887 7940 7939
f 7941 7839 7891
f 7889 7942 7890
f 7843 7944 7896
f 7893 7946 7945
f 7947 7844 7895
f 7895 7898 7947
f 7845 7900 7897
f 7949 7898 7897
f 7901 7899 7847
f 7952 7899 7951
f 7902 7950 7901
f 7903 7902 7849
f 7904 7905 7852
f 7854 7956 7906
f 7958 7907 7906
f 7855 7955 7904
f 7908 7909 7959
f 7909 7910 7960
f 7961 7910 7911
f 7957 7858 7907
f 7922 7859 7912
f 7860 7963 7912
f 7964 7914 7965
f 7915 7917 7863
f 7917 7967 7916
f 7918 7965 7914
f 7919 7916 7967
f 7969 7866 7920
f 7970 7920 7919
f 7966 7921 7972
f 7972 7922 7973
f 7924 7874 7927
f 7974 7873 7924
f 7925 7975 7926
f 7923 7977 7927
f 7980 7929 7875
f 7931 7930 7879
f 7881 7982 7933
f 2757 7983 2807
f 7942 7934 7890
f 7886 7986 7938
f 7987 7884 7936
f 7988 7887 7939
f 7938 7943 7889
f 7991 7939 7940
f 7992 7888 7941
f 7891 7993 7941
f 7942 7996 7995
f 7997 7893 7945
f 7945 7999 7998
f 8000 7894 7947
f 7947 7948 8000
f 7900 7949 7897
f 7948 8002 8001
f 7951 7950 8003
f 8003 7953 8004
f 7953 7954 8005
f 7905 8006 7956
f 7956 7958 7906
f 8009 7957 7958
f 7959 7955 7908
f 7960 7959 7909
f 7960 7962 8011
f 8013 7962 7961
f 8014 7957 8008
f 7912 7973 7922
f 8015 7913 7964
f 7965 8016 7964
f 7966 7968 7917
f 8020 7968 8019
f 8017 7969 8021
f 7970 7967 8020
f 7969 7971 8021
f 8023 7971 7970
f 7972 8018 7966
f 7973 8024 7972
f 7924 7977 7974
f 8026 7925 7974
f 8027 7926 7975
f 7976 8028 7975
f 7929 8031 7978
f 8032 7930 7981
f 7933 8033 7981
f 7983 8034 2807
f 8036 7882 7984
f 7995 7985 7942
f 7986 7987 8038
f 8040 7987 7936
f 7939 8041 7988
f 8042 7990 8043
f 7991 8044 7990
f 8046 7940 7992
f 7993 7992 7941
f 7994 8048 7993
f 8050 7995 7996
f 7997 7998 8052
f 8049 7944 7997
f 8053 7998 7999
f 8055 7946 8000
f 8000 8001 8055
f 7949 8056 8002
f 8058 8002 8057
f 8003 8056 7951
f 8004 8059 8003
f 8005 8004 7953
f 8007 8006 8062
f 7958 8063 8009
f 8009 8064 8008
f 8010 8006 7959
f 8011 8010 7960
f 8011 8012 8067
f 8068 8012 8013
f 8014 8013 7961
f 8008 8070 8014
f 7963 8025 7973
f 7964 8071 8015
f 8073 8017 8072
f 8019 8018 8074
f 8019 8075 8020
f 8021 8072 8017
f 8020 8023 7970
f 8021 8022 8077
f 8022 8079 8078
f 8074 8024 8080
f 8080 8025 8081
f 7974 8027 8026
f 8026 8029 7976
f 7975 8083 8027
f 8085 8029 8084
f 8086 7980 7928
f 5165 8030 8088
f 8089 7978 8031
f 8090 7979 8091
f 7981 8092 8032
f 8035 8037 8093
f 8037 8051 8094
f 8038 8039 8095
f 8096 7986 8038
f 8097 8039 8040
f 7988 8097 8040
f 8042 8099 8041
f 8043 8100 8042
f 8102 7990 8044
f 8103 8045 8104
f 8105 7991 8046
f 8046 8047 8106
f 8048 8047 7993
f 8099 8049 8108
f 7996 8109 8050
f 8050 8110 8051
f 8052 8049 7997
f 8054 8052 7998
f 8112 7999 8055
f 8054 8113 8095
f 8055 8058 8112
f 8002 8059 8057
f 8110 8058 8057
f 8057 8060 8110
f 8060 8061 8094
f 8063 8062 8114
f 8115 8009 8063
f 8117 8065 8116
f 8114 8010 8066
f 8066 8067 8118
f 8119 8012 8069
f 8068 8070 8120
f 8121 8068 8122
f 8120 8064 8117
f 8015 8081 8025
f 8016 8123 8071
f 8072 8124 8073
f 8019 8126 8076
f 8077 8125 8072
f 8075 8079 8023
f 8078 8077 8022
f 8079 8129 8078
f 8131 8074 8080
f 8081 8131 8080
f 8026 8083 8082
f 8084 8082 8133
f 8134 8028 8085
f 8084 8135 8085
f 8086 8136 8087
f 8089 8088 8030
f 8090 8141 8140
f 8087 8091 7979
f 8143 8032 8092
f 8094 8093 8037
f 8051 8060 8094
f 8095 8098 8054
f 8113 8038 8095
f 8108 8098 8097
f 8041 8108 8097
f 8100 8048 8099
f 8101 8107 8100
f 8145 8043 8102
f 8146 8044 8103
f 8147 8104 8148
f 8104 8105 8149
f 8046 8150 8105
f 8106 8107 8144
f 8050 8151 8111
f 8053 8151 8113
f 8058 8151 8112
f 8152 8063 8114
f 8116 8115 8153
f 8116 8154 8117
f 8066 8152 8114
f 8118 8119 8156
f 8157 8069 8121
f 8120 8122 8068
f 8159 8122 8160
f 8117 8158 8120
f 8132 8071 8123
f 8161 8073 8124
f 8163 8125 8162
f 8164 8076 8126
f 8162 8127 8165
f 8128 8130 8079
f 8078 8165 8127
f 8130 8167 8129
f 8126 8169 8164
f 8169 8132 8170
f 8082 8134 8133
f 8135 8134 8085
f 8171 8137 8172
f 8139 8138 8174
f 8140 8089 8090
f 8176 8140 8141
f 8141 8136 8171
f 8179 8143 8178
f 8096 8151 8109
f 8180 8101 8145
f 8181 8103 8147
f 8148 8182 8147
f 8148 8149 8184
f 8105 8185 8149
f 8144 8150 8106
f 8115 8186 8153
f 8187 8116 8153
f 8188 8154 8155
f 8156 8152 8118
f 8190 8119 8157
f 8159 8157 8121
f 8160 8158 8192
f 8159 8194 8193
f 8158 8189 8192
f 8123 8170 8132
f 8195 8124 8163
f 8164 8166 8128
f 8162 8198 8197
f 8168 8166 8199
f 8129 8198 8165
f 8201 8168 8200
f 8164 8202 8196
f 8169 8203 8202
f 8204 8172 8205
f 8172 8173 8206
f 8139 8207 8175
f 8174 8140 8177
f 8143 5172 8178
f 8210 8179 8178
f 8180 8213 8212
f 8215 8146 8181
f 8147 8216 8181
f 8182 8218 8217
f 8219 8148 8184
f 8149 8220 8184
f 8150 8212 8185
f 8153 8221 8187
f 8155 8222 8188
f 8224 8189 8188
f 8190 8186 8156
f 8225 8157 8191
f 8193 8191 8159
f 8192 8194 8160
f 8228 8193 8194
f 8189 8227 8192
f 8161 8203 8170
f 8163 8230 8195
f 8231 8166 8196
f 8233 8198 8232
f 8234 8168 8199
f 8232 8167 8201
f 8200 8235 8201
f 8202 8231 8196
f 8238 8202 8203
f 8205 8239 8204
f 8241 8172 8206
f 8207 8208 8175
f 8243 8174 8177
f 8178 8211 8210
f 8209 8247 8246
f 8212 8251 8250
f 8215 8213 8214
f 8181 8252 8215
f 8182 8253 8216
f 8254 8217 8218
f 8183 8256 8218
f 8184 8257 8219
f 8185 8250 8220
f 8187 8258 8222
f 8188 8259 8224
f 8261 8223 8224
f 8225 8221 8190
f 8225 8226 8262
f 8229 8226 8193
f 8194 8264 8228
f 8266 8229 8228
f 8227 8260 8264
f 8238 8195 8230
f 8233 8230 8197
f 8268 8199 8231
f 8232 8269 8233
f 8236 8234 8271
f 8201 8270 8232
f 8236 8272 8235
f 8231 8274 8268
f 8275 8237 8238
f 8277 8239 8240
f 8205 8278 8240
f 8241 8280 8279
f 8208 8281 8244
f 8207 8282 8242
f 8245 8243 8177
f 3037 8284 5175
f 8176 8276 8245
f 8249 8210 8211
f 8285 8247 8286
f 8279 8209 8246
f 8248 8247 8249
f 8288 8250 8251
f 8251 8252 8288
f 8290 8216 8253
f 8218 8291 8254
f 8292 8255 8254
f 8219 8294 8256
f 8220 8289 8257
f 8295 8222 8258
f 8224 8296 8261
f 8260 8298 8297
f 8262 8258 8225
f 8262 8263 8299
f 8265 8263 8229
f 8228 8301 8266
f 8303 8266 8302
f 8264 8297 8301
f 8238 8267 8275
f 8269 8267 8233
f 8305 8234 8268
f 8270 8306 8269
f 8308 8236 8271
f 8270 8272 8307
f 8309 8273 8310
f 8268 8311 8305
f 8274 8312 8311
f 8240 8313 8277
f 8314 8241 8279
f 8284 8281 8315
f 8316 8242 8282
f 5175 8317 3114
f 8318 8285 8286
f 8279 8285 8320
f 8248 8321 8286
f 5178 8322 8287
f 8324 8289 8288
f 8288 8290 8324
f 8325 8253 8326
f 8254 8327 8292
f 8329 8291 8256
f 8330 8293 8331
f 8333 8293 8292
f 8323 8257 8289
f 8334 8259 8295
f 8335 8261 8296
f 8337 8298 8336
f 8295 8299 8334
f 8263 8338 8299
f 8303 8300 8265
f 8302 8301 8340
f 8302 8341 8303
f 8297 8340 8301
f 8275 8304 8343
f 8306 8304 8269
f 8305 8308 8271
f 8346 8306 8307
f 8309 8307 8272
f 8309 8348 8347
f 8311 8345 8305
f 8311 8350 8349
f 8352 8277 8313
f 8278 8353 8313
f 8355 8314 8279
f 8284 8356 8317
f 8315 8358 8357
f 8316 8283 8351
f 8359 3114 8317
f 8319 8320 8285
f 8318 8361 8319
f 8320 8355 8279
f 8364 8287 8322
f 8323 8367 8366
f 8325 8324 8290
f 8330 8325 8326
f 8292 8369 8333
f 8370 8291 8328
f 8366 8328 8329
f 8331 8368 8330
f 8331 8332 8373
f 8332 8375 8374
f 8366 8294 8323
f 8334 8335 8296
f 8377 8298 8335
f 8336 8378 8337
f 8299 8376 8334
f 8380 8300 8339
f 8303 8381 8339
f 8340 8342 8302
f 8384 8342 8383
f 8382 8337 8378
f 8385 8304 8344
f 8345 8310 8308
f 8344 8386 8385
f 8347 8346 8309
f 8347 8388 8387
f 8349 8348 8345
f 8350 8389 8349
f 8351 8358 8316
f 8313 8391 8352
f 8353 8354 8392
f 8363 8354 8355
f 8394 8317 8356
f 8356 8357 8395
f 8396 8357 8358
f 5179 8398 3192
f 8363 8360 8399
f 8400 8360 8319
f 8362 8402 8361
f 8321 8362 8318
f 8322 8404 8364
f 8366 8406 8371
f 8368 8367 8325
f 8407 8333 8369
f 8408 8327 8370
f 8328 8409 8370
f 8406 8372 8410
f 8373 8372 8331
f 8374 8373 8332
f 8413 8374 8375
f 8377 8376 8415
f 8377 8379 8336
f 8379 8417 8378
f 8415 8338 8380
f 8419 8339 8381
f 8341 8420 8381
f 8383 8382 8421
f 8383 8422 8384
f 8378 8421 8382
f 8385 8312 8343
f 8386 8424 8385
f 8387 8386 8347
f 8427 8388 8426
f 8390 8424 8428
f 8396 8352 8391
f 8392 8429 8353
f 8354 8431 8392
f 8399 8393 8363
f 8433 8356 8395
f 8359 8434 8398
f 8395 8397 8435
f 8437 8397 8396
f 8438 3192 8398
f 8399 8401 8439
f 8401 8441 8440
f 8361 8441 8400
f 8442 8403 8443
f 8403 8364 8404
f 8365 8444 8404
f 8410 8371 8406
f 8407 8408 8446
f 8375 8447 8413
f 8448 8370 8409
f 8410 8411 8449
f 8412 8411 8373
f 8414 8412 8374
f 8453 8414 8413
f 8416 8415 8454
f 8418 8416 8455
f 8456 8418 8457
f 8454 8380 8419
f 8381 8458 8419
f 8459 8384 8422
f 8421 8423 8383
f 8462 8423 8461
f 8460 8417 8456
f 8428 8425 8463
f 8387 8463 8425
f 8464 8388 8389
f 8426 8465 8427
f 8468 8428 8467
f 8391 8437 8396
f 8437 8430 8469
f 8470 8392 8431
f 8471 8393 8432
f 8399 8472 8432
f 8433 8435 8473
f 8474 8394 8433
f 8398 8475 8438
f 8435 8436 8476
f 8477 8437 8469
f 8440 8439 8401
f 8440 8481 8480
f 8441 8442 8481
f 8482 8443 8483
f 8404 8443 8403
f 8405 8484 8444
f 8409 8449 8448
f 8446 8447 8407
f 8446 8448 8487
f 8447 8453 8413
f 8449 8450 8489
f 8451 8450 8412
f 8452 8451 8414
f 8452 8493 8492
f 8454 8455 8416
f 8455 8457 8418
f 8496 8457 8497
f 8419 8494 8454
f 8498 8420 8459
f 8499 8422 8462
f 8461 8460 8500
f 8501 8462 8461
f 8496 8460 8456
f 8503 8428 8463
f 8504 8427 8465
f 8464 8466 8426
f 8466 8506 8465
f 8464 8468 8505
f 8509 8468 8467
f 8430 8510 8469
f 8431 8511 8470
f 8512 8432 8472
f 8472 8479 8513
f 8473 8474 8433
f 8515 8435 8476
f 8474 8475 8434
f 8438 8517 8478
f 8518 8436 8477
f 8469 8519 8477
f 8480 8479 8440
f 8522 8480 8481
f 8524 8442 8482
f 8483 8525 8482
f 8483 8444 8484
f 8445 8527 8484
f 8487 8449 8489
f 8486 8488 8447
f 8487 8486 8446
f 8531 8453 8488
f 8489 8490 8532
f 8491 8490 8451
f 8492 8491 8452
f 8535 8492 8493
f 8494 8495 8455
f 8497 8495 8538
f 8497 8539 8496
f 8537 8458 8498
f 8459 8541 8498
f 8499 8502 8542
f 8543 8461 8500
f 8544 8502 8501
f 8539 8500 8496
f 8503 8509 8467
f 8465 8547 8504
f 8505 8507 8466
f 8549 8507 8550
f 8508 8505 8468
f 8508 8552 8551
f 8553 8470 8511
f 8554 8471 8512
f 8472 8555 8512
f 8521 8513 8479
f 8514 8516 8474
f 8558 8473 8515
f 8476 8559 8515
f 8517 8516 8560
f 8517 8520 8478
f 8477 8562 8518
f 8563 8510 8553
f 8523 8521 8480
f 8567 8523 8522
f 8482 8568 8524
f 8570 8525 8526
f 8484 8526 8483
f 8571 8485 8528
f 8489 8530 8487
f 8574 8529 8573
f 8530 8529 8486
f 8531 8535 8493
f 8532 8533 8577
f 8533 8534 8578
f 8536 8534 8492
f 8535 8580 8536
f 8538 8537 8582
f 8583 8497 8538
f 8540 8584 8539
f 8582 8498 8541
f 8499 8586 8541
f 8542 8545 8587
f 8501 8588 8544
f 8544 8589 8545
f 8539 8588 8543
f 8546 8552 8509
f 8504 8546 8503
f 8592 8506 8549
f 8507 8593 8550
f 8594 8550 8595
f 8551 8548 8508
f 8551 8597 8596
f 8511 8598 8553
f 8599 8512 8555
f 8555 8556 8600
f 8565 8556 8521
f 8515 8602 8558
f 8518 8603 8559
f 8560 8561 8517
f 8561 8564 8520
f 8606 8519 8563
f 8553 8607 8563
f 8566 8565 8523
f 8566 8611 8610
f 8524 8567 8522
f 8568 8569 8612
f 8569 8614 8613
f 8527 8570 8526
f 8615 8528 8572
f 8577 8530 8532
f 8573 8575 8616
f 8573 8617 8574
f 8535 8619 8581
f 8574 8576 8531
f 8578 8577 8533
f 8578 8579 8621
f 8622 8536 8580
f 8624 8581 8623
f 8582 8583 8538
f 8585 8583 8626
f 8627 8585 8628
f 8541 8625 8582
f 8629 8542 8587
f 8545 8630 8587
f 8590 8588 8631
f 8633 8590 8632
f 8631 8584 8627
f 8552 8634 8597
f 8547 8591 8546
f 8635 8549 8594
f 8595 8593 8636
f 8595 8637 8594
f 8596 8593 8551
f 8640 8597 8639
f 8641 8554 8599
f 8555 8642 8599
f 8600 8601 8643
f 8644 8565 8609
f 8558 8645 8557
f 8646 8559 8603
f 8647 8562 8606
f 8604 8605 8561
f 8560 8649 8604
f 8564 8650 8608
f 8563 8651 8606
f 8652 8598 8641
f 5189 8608 8653
f 8610 8609 8566
f 8610 8656 8655
f 8567 8612 8611
f 8613 8612 8569
f 8613 8659 8658
f 8571 8614 8570
f 3441 8615 8572
f 8616 8577 8620
f 8616 8618 8573
f 8662 8618 8663
f 8619 8623 8581
f 8619 8617 8662
f 8578 8665 8620
f 8666 8579 8622
f 8580 8667 8622
f 8623 8668 8624
f 8626 8625 8670
f 8626 8628 8585
f 8628 8672 8627
f 8670 8586 8629
f 8674 8587 8630
f 8675 8589 8633
f 8631 8632 8590
f 8677 8632 8678
f 8627 8676 8631
f 8639 8634 8679
f 8634 8592 8635
f 8681 8635 8594
f 8636 8638 8595
f 8684 8638 8683
f 8682 8596 8640
f 8639 8685 8640
f 8599 8687 8641
f 8688 8600 8643
f 8689 8601 8644
f 8690 8609 8654
f 8691 8603 8647
f 8606 8692 8647
f 8605 8693 8650
f 8649 8648 8604
f 8608 8695 8653
f 8651 8652 8696
f 8641 8697 8652
f 8655 8654 8610
f 8655 8701 8700
f 8611 8657 8656
f 8658 8657 8613
f 8658 8704 8703
f 8660 8614 8615
f 8660 3487 8705
f 8620 8661 8616
f 8661 8663 8618
f 8663 8708 8662
f 8669 8664 8710
f 8662 8664 8619
f 8711 8621 8666
f 8622 8712 8666
f 8713 8624 8668
f 8714 8669 8715
f 8671 8670 8716
f 8717 8628 8671
f 8719 8673 8718
f 8674 8670 8629
f 8630 8720 8674
f 8721 8633 8677
f 8678 8676 8722
f 8677 8724 8723
f 8722 8672 8719
f 8679 8686 8639
f 8635 8679 8634
f 8680 8727 8726
f 8683 8682 8728
f 8637 8727 8681
f 8730 8684 8683
f 8731 8682 8640
f 8686 8732 8685
f 8687 8688 8734
f 8735 8643 8689
f 8644 8736 8689
f 8699 8690 8654
f 8739 8647 8692
f 8692 8696 8740
f 8741 8650 8693
f 8742 8648 8694
f 8649 8743 8694
f 8744 8653 8695
f 8697 8734 8745
f 5192 8698 8746
f 8700 8699 8655
f 8748 8700 8701
f 8656 8702 8701
f 8703 8702 8658
f 8703 8752 8751
f 8705 8659 8660
f 8706 8705 3487
f 8665 8707 8661
f 8709 8707 8754
f 8756 8709 8755
f 8664 8756 8710
f 8710 8715 8669
f 8666 8758 8711
f 8759 8667 8713
f 8760 8668 8714
f 8714 8762 8761
f 8716 8717 8671
f 8718 8717 8764
f 8718 8765 8719
f 8674 8763 8716
f 8767 8675 8721
f 8677 8768 8721
f 8769 8678 8722
f 8723 8771 8770
f 8719 8769 8722
f 8725 8733 8686
f 8679 8726 8725
f 8726 8774 8773
f 8728 8730 8683
f 8774 8684 8729
f 8777 8729 8730
f 8728 8778 8775
f 8731 8732 8778
f 8780 8733 8779
f 8735 8734 8688
f 8689 8782 8735
f 8783 8690 8737
f 8747 8737 8699
f 8785 8692 8740
f 8786 8691 8739
f 8740 8788 8787
f 8741 8742 8789
f 8695 8790 8744
f 8791 8743 8792
f 8793 8698 8744
f 8745 8781 8795
f 8745 8794 8697
f 8749 8747 8700
f 8701 8750 8748
f 8800 8749 8748
f 8751 8750 8703
f 8752 8802 8751
f 8704 8753 8752
f 8706 8804 8753
f 8754 8711 8758
f 8755 8754 8805
f 8807 8755 8806
f 8756 8757 8710
f 8762 8757 8808
f 8809 8712 8759
f 8810 8713 8760
f 8714 8811 8760
f 8813 8761 8762
f 8763 8764 8717
f 8764 8766 8718
f 8816 8766 8817
f 8720 8814 8763
f 8818 8721 8768
f 8768 8770 8819
f 8820 8724 8769
f 8770 8822 8821
f 8765 8820 8769
f 8779 8772 8823
f 8725 8773 8772
f 8824 8774 8825
f 8775 8777 8730
f 8776 8774 8729
f 8776 8828 8827
f 8826 8778 8829
f 8829 8732 8780
f 8831 8780 8779
f 8782 8781 8735
f 8833 8736 8783
f 8834 8737 8784
f 8798 8784 8747
f 8785 8787 8836
f 8837 8739 8785
f 8738 8792 8743
f 8839 8787 8788
f 8789 8790 8741
f 8789 8791 8841
f 8744 8842 8793
f 8792 8841 8791
f 8746 8844 8797
f 8795 8796 8745
f 8832 8795 8781
f 8788 8796 8839
f 8799 8798 8749
f 8748 8801 8800
f 8849 8799 8800
f 8851 8751 8802
f 8852 8803 8853
f 8803 8753 8804
f 8804 3633 8854
f 8758 8805 8754
f 8806 8805 8855
f 8806 8856 8807
f 8856 8757 8807
f 8813 8808 8858
f 8759 8859 8809
f 8860 8760 8811
f 8761 8861 8811
f 8863 8813 8862
f 8815 8814 8864
f 8766 8865 8817
f 8867 8817 8866
f 8864 8767 8818
f 8819 8818 8768
f 8821 8819 8770
f 8771 8870 8822
f 8821 8872 8871
f 8823 8831 8779
f 8823 8773 8824
f 8874 8825 8875
f 8876 8777 8826
f 8875 8776 8827
f 8827 8878 8877
f 8879 8826 8829
f 8829 8830 8879
f 8880 8831 8881
f 8833 8832 8782
f 8883 8783 8834
f 8834 8835 8884
f 8848 8835 8798
f 8785 8886 8837
f 8838 8836 8787
f 8843 8786 8837
f 8888 8838 8839
f 8840 8890 8790
f 8840 8841 8892
f 8893 8793 8842
f 8892 8843 8894
f 8844 8847 8797
f 8839 8845 8888
f 8845 8846 8896
f 8846 8882 8897
f 8850 8848 8799
f 8849 8801 8851
f 8901 8850 8849
f 8902 8802 8852
f 8853 8903 8852
f 8804 8853 8803
f 8809 8855 8805
f 8855 8857 8806
f 8857 8907 8856
f 8858 8856 8907
f 8858 8862 8813
f 8910 8810 8860
f 8811 8911 8860
f 8912 8812 8863
f 8914 8862 8913
f 8864 8865 8815
f 8817 8916 8866
f 8867 8870 8816
f 8866 8918 8867
f 8868 8864 8818
f 8869 8868 8819
f 8871 8869 8821
f 8822 8917 8872
f 8872 8922 8871
f 8873 8881 8831
f 8873 8824 8874
f 8874 8926 8925
f 8927 8828 8876
f 8875 8877 8926
f 8928 8877 8878
f 8876 8930 8927
f 8880 8879 8830
f 8881 8931 8880
f 8833 8933 8882
f 8934 8834 8884
f 8884 8885 8935
f 8885 8899 8936
f 8837 8894 8843
f 8937 8836 8887
f 8887 8889 8938
f 8940 8889 8888
f 8941 8891 8942
f 8892 8891 8840
f 8944 8844 8893
f 8893 8890 8941
f 8894 8943 8892
f 8898 8895 8946
f 8888 8896 8940
f 8897 8933 8947
f 8900 8899 8850
f 8851 8901 8849
f 8950 8900 8901
f 8903 8902 8852
f 8953 8903 8904
f 8854 8904 8853
f 8906 8859 8910
f 8906 8908 8857
f 8907 8958 8957
f 8907 8909 8858
f 8913 8909 8959
f 8860 8960 8910
f 8961 8861 8912
f 8962 8863 8914
f 8964 8914 8913
f 8916 8915 8965
f 8866 8966 8919
f 8867 8967 8917
f 8968 8919 8969
f 8965 8868 8920
f 8921 8920 8869
f 8922 8921 8871
f 8872 8967 8923
f 8972 8922 8923
f 8932 8924 8973
f 8925 8873 8874
f 8974 8925 8926
f 8975 8878 8927
f 8926 8929 8974
f 8977 8929 8928
f 8927 8978 8975
f 8880 8978 8930
f 8932 8979 8931
f 8981 8883 8934
f 8934 8935 8982
f 8935 8936 8983
f 8899 8984 8936
f 8945 8886 8937
f 8937 8938 8985
f 8938 8939 8986
f 8939 8988 8987
f 8943 8942 8891
f 8944 8941 8990
f 8991 8895 8944
f 8989 8945 8992
f 8948 8946 8993
f 8896 8988 8940
f 8933 8995 8947
f 8951 8949 8900
f 8901 8952 8950
f 8950 8998 8951
f 8952 8954 9000
f 8953 8905 8955
f 8954 9002 9001
f 8910 8956 8906
f 9004 8908 8956
f 9005 8958 9006
f 8909 9005 8959
f 8964 8959 9007
f 8911 9008 8960
f 8961 8962 9009
f 8914 9010 8962
f 9011 8963 8964
f 8965 8966 8916
f 8919 9015 9014
f 8968 9016 8972
f 8920 9013 8965
f 8970 8971 9017
f 8972 8967 8968
f 9017 8972 9016
f 8980 8973 9018
f 9019 8973 8974
f 8928 9020 8977
f 8974 8976 9019
f 8976 9022 9021
f 9020 8978 9023
f 9023 8931 8979
f 8979 9025 9024
f 9026 8934 8982
f 8982 8983 9027
f 8936 9028 8983
f 8997 8984 8949
f 8937 8992 8945
f 8986 8985 8938
f 8986 8987 9031
f 8988 9032 8987
f 9034 8989 9035
f 9036 8944 8990
f 8946 9037 8993
f 9035 8992 9038
f 8993 8996 8948
f 9033 8994 9040
f 8947 9040 8994
f 9041 8981 9026
f 8998 8997 8951
f 8950 9000 8999
f 8998 9045 9044
f 9000 9001 9046
f 9002 8955 9003
f 9002 9047 9001
f 8960 9004 8956
f 9006 9004 9049
f 9051 9006 9050
f 8959 9051 9007
f 9007 9011 8964
f 9053 8961 9009
f 9009 9010 9054
f 8963 9055 9010
f 9012 9057 9056
f 9015 9013 9058
f 9015 9059 9014
f 9061 8969 9014
f 9017 9061 9062
f 9063 8980 9018
f 9063 9019 9064
f 9065 8977 9020
f 9021 9019 8976
f 9022 9066 9021
f 9023 9065 9020
f 9023 9024 9068
f 9024 9070 9069
f 8983 9071 9027
f 9072 8984 9029
f 9029 9043 9073
f 8985 9038 8992
f 9031 9030 8986
f 9031 9032 9075
f 9076 9033 9077
f 9078 9034 9035
f 8991 9080 9037
f 9039 9037 9081
f 9035 9082 9078
f 9042 9039 9083
f 9077 9040 9084
f 9084 8995 9041
f 9026 9085 9041
f 9042 3881 3834
f 9043 9044 9087
f 9046 8999 9000
f 9044 9089 9088
f 9046 9047 9090
f 9048 9003 3882
f 9091 9048 9092
f 9004 9053 9049
f 9093 9006 9049
f 9095 9051 9050
f 9051 9052 9007
f 9052 9057 9011
f 9009 9097 9053
f 9098 9010 9055
f 9099 9012 9056
f 9101 9057 9100
f 9017 9058 9013
f 9102 9015 9058
f 9103 9060 9104
f 9105 9061 9014
f 9062 9106 9107
f 9108 9025 9063
f 9064 9109 9063
f 9111 9022 9065
f 9021 9110 9064
f 9066 9113 9112
f 9065 9114 9111
f 9069 9068 9024
f 9069 9116 9115
f 9071 9085 9027
f 9118 9028 9072
f 9072 9073 9119
f 9073 9087 9120
f 9030 9082 9038
f 9075 9074 9031
f 9122 9032 9076
f 9077 9123 9076
f 9079 9036 9034
f 9078 9125 9079
f 9037 9127 9081
f 9081 9083 9039
f 9078 9129 9126
f 9083 9086 9042
f 9124 9084 9131
f 9131 9041 9085
f 3881 9132 3927
f 9088 9087 9044
f 9090 9045 9046
f 9088 9135 9134
f 9047 9136 9090
f 3928 9048 3882
f 9053 9093 9049
f 9050 9137 9095
f 9095 9138 9094
f 9096 9094 9138
f 9100 9096 9140
f 9141 9054 9098
f 9055 9142 9098
f 9056 9143 9099
f 9144 9100 9145
f 9107 9058 9062
f 9146 9060 9102
f 9104 9147 9103
f 9059 9149 9105
f 9149 9106 9105
f 9150 9107 9106
f 9152 9070 9108
f 9154 9110 9153
f 9155 9067 9111
f 9153 9066 9112
f 9113 9156 9112
f 9111 9158 9155
f 9115 9114 9069
f 9115 9160 9159
f 9131 9117 9161
f 9118 9117 9071
f 9119 9118 9072
f 9120 9119 9073
f 9120 9133 9164
f 9129 9074 9121
f 9165 9075 9122
f 9076 9166 9122
f 9124 9167 9123
f 9125 9080 9079
f 9126 9169 9125
f 9127 9128 9081
f 9128 9130 9083
f 9170 9129 9173
f 9174 9086 9130
f 9131 9168 9124
f 3927 9175 3973
f 9134 9133 9088
f 9090 9135 9089
f 9134 9178 9177
f 9091 9179 9136
f 5197 9092 3928
f 9097 9137 9093
f 9137 9139 9095
f 9139 9183 9138
f 9140 9138 9183
f 9185 9100 9140
f 9098 9186 9141
f 9142 9143 9187
f 9144 9143 9101
f 9145 9189 9144
f 9107 9191 9102
f 9192 9104 9146
f 9149 9147 9193
f 9195 9148 9194
f 9193 9150 9149
f 9196 9151 9150
f 9152 9109 9154
f 9160 9152 9198
f 9153 9199 9154
f 9201 9113 9155
f 9112 9200 9153
f 9159 9158 9115
f 9160 9203 9159
f 9162 9161 9117
f 9164 9163 9120
f 9164 9176 9207
f 9173 9121 9165
f 9208 9122 9166
f 9123 9209 9166
f 9167 9161 9210
f 9125 9171 9127
f 9170 9211 9169
f 9171 9172 9128
f 9174 9172 9214
f 9212 9173 9215
f 9175 9174 9216
f 9217 3973 9175
f 9177 9176 9134
f 9178 9136 9179
f 9178 9219 9177
f 9179 9222 9221
f 9182 9141 9186
f 9184 9182 9225
f 9226 9184 9227
f 9185 9183 9226
f 9185 9190 9145
f 9229 9142 9187
f 9188 9187 9143
f 9189 9188 9144
f 9189 9233 9232
f 9234 9151 9197
f 9235 9148 9192
f 9191 9192 9146
f 9147 9236 9193
f 9195 9238 9237
f 9236 9196 9193
f 9197 9239 9240
f 9160 9241 9204
f 9199 9198 9154
f 9200 9242 9199
f 9244 9157 9201
f 9156 9243 9200
f 9159 9244 9202
f 9247 9203 9204
f 9205 9210 9161
f 9250 9163 9206
f 9207 9206 9164
f 9176 9252 9207
f 9215 9165 9208
f 9166 9253 9208
f 9254 9167 9210
f 9169 9213 9171
f 9255 9212 9256
f 9213 9214 9172
f 9216 9214 9258
f 9215 9256 9212
f 9260 9175 9216
f 9177 9262 9218
f 9179 9220 9178
f 9263 9220 9264
f 9265 9222 9224
f 9222 9223 9224
f 9229 9182 9186
f 9266 9184 9225
f 9268 9227 9267
f 9185 9268 9228
f 9190 9269 9233
f 9187 9270 9229
f 9271 9188 9231
f 9231 9232 9272
f 9232 9274 9273
f 9240 9234 9197
f 9194 9276 9238
f 9234 9235 9192
f 9277 9195 9237
f 9237 9279 9278
f 9280 9236 9277
f 9240 9280 9281
f 9247 9241 9282
f 9241 9242 9282
f 9284 9243 9283
f 9245 9286 9285
f 9203 9286 9244
f 9287 9247 9288
f 9210 9289 9254
f 9250 9251 9290
f 9248 9250 9289
f 9207 9291 9251
f 9208 9259 9215
f 9292 9209 9254
f 9257 9211 9255
f 9256 9293 9255
f 9258 9257 9295
f 9260 9258 9296
f 9297 9256 9259
f 9298 9217 9260
f 9300 9219 9263
f 9263 9302 9301
f 9266 9229 9270
f 9303 9227 9266
f 9305 9268 9267
f 9228 9304 9269
f 9233 9306 9274
f 9307 9230 9271
f 9271 9272 9308
f 9273 9272 9232
f 9311 9274 9310
f 9312 9240 9281
f 9279 9276 9313
f 9276 9275 9312
f 9237 9314 9277
f 9316 9278 9279
f 9277 9317 9280
f 9280 9318 9281
f 9282 9288 9247
f 9242 9319 9282
f 9285 9283 9243
f 9322 9283 9321
f 9285 9323 9320
f 9323 9246 9287
f 9288 9324 9287
f 9254 9326 9292
f 9289 9290 9326
f 9251 9327 9290
f 9328 9291 9252
f 9297 9292 9330
f 9255 9295 9257
f 9294 9331 9293
f 9295 9296 9258
f 9296 9298 9260
f 9330 9294 9297
f 9261 9335 9299
f 9337 9300 9338
f 9263 9339 9300
f 9302 9340 9301
f 9270 9303 9266
f 9303 9305 9267
f 9344 9304 9305
f 9345 9269 9304
f 9310 9306 9346
f 9308 9307 9271
f 9272 9348 9308
f 9311 9309 9273
f 9310 9350 9311
f 9352 9281 9318
f 9313 9312 9352
f 9313 9316 9279
f 9315 9314 9278
f 9315 9356 9355
f 9357 9314 9354
f 9358 9317 9357
f 9319 9325 9288
f 9359 9284 9322
f 9360 9283 9320
f 9321 9361 9322
f 9320 9363 9360
f 9287 9363 9323
f 9364 9325 9365
f 9292 9366 9330
f 9367 9291 9329
f 9329 9337 9368
f 9293 9333 9295
f 9332 9369 9331
f 9296 9371 9334
f 9372 9298 9334
f 9330 9370 9332
f 9299 9373 9336
f 9300 9375 9338
f 9368 9338 9376
f 9341 9301 9340
f 9342 9341 4143
f 9343 9307 9347
f 9305 9378 9344
f 9345 9380 9379
f 9346 9345 9379
f 9346 9351 9310
f 9348 9347 9308
f 9348 9349 9383
f 9384 9311 9350
f 9385 9351 9386
f 9318 9387 9352
f 9352 9353 9313
f 9388 9316 9353
f 9389 9315 9355
f 9355 9391 9390
f 9354 9392 9357
f 9357 9393 9358
f 9359 9365 9325
f 9322 9394 9359
f 9395 9321 9360
f 9362 9396 9361
f 9360 9398 9395
f 9398 9324 9364
f 9364 9400 9399
f 9367 9368 9402
f 9403 9327 9367
f 9331 9371 9333
f 9404 9370 9403
f 9371 9372 9334
f 9406 9335 9372
f 9403 9366 9401
f 9407 9336 9373
f 9375 9376 9338
f 9377 9339 9341
f 9376 9402 9368
f 9374 9377 9342
f 9382 9343 9347
f 9410 9344 9378
f 9379 9412 9411
f 9379 9381 9346
f 9381 9386 9351
f 9348 9414 9382
f 9384 9383 9349
f 9350 9416 9384
f 9386 9417 9385
f 9393 9387 9358
f 9353 9419 9388
f 9420 9356 9388
f 9421 9355 9390
f 9423 9391 9422
f 9424 9389 9421
f 9425 9392 9424
f 9365 9426 9400
f 9396 9394 9361
f 9397 9395 9427
f 9397 9428 9396
f 9427 9398 9430
f 9398 9399 9430
f 9399 9432 9431
f 9402 9403 9367
f 9369 9405 9371
f 9406 9405 9409
f 9373 9408 9407
f 9406 9376 9408
f 9407 9375 9377
f 9404 9409 9405
f 9378 9414 9410
f 9433 9380 9410
f 9411 9435 9434
f 9411 9413 9381
f 9413 9418 9386
f 9414 9415 9437
f 9384 9438 9415
f 9439 9385 9417
f 9418 9440 9417
f 9425 9419 9393
f 9388 9442 9420
f 9391 9443 9422
f 9390 9444 9421
f 9446 9422 9445
f 9421 9447 9424
f 9424 9448 9425
f 9400 9449 9432
f 9428 9426 9396
f 9429 9427 9450
f 9451 9429 9452
f 9427 9453 9450
f 9431 9430 9399
f 9431 9455 9454
f 9414 9433 9410
f 9412 9456 9435
f 9457 9434 9435
f 9458 9413 9434
f 9418 9459 9441
f 9437 9438 9460
f 9461 9416 9439
f 9417 9462 9439
f 9463 9440 9441
f 9466 9442 9425
f 9443 9442 9465
f 9445 9443 9467
f 9468 9423 9446
f 9470 9446 9445
f 9471 9444 9468
f 9447 9472 9448
f 9449 9455 9432
f 9473 9428 9451
f 9450 9452 9429
f 9476 9452 9475
f 9454 9453 9431
f 9478 9455 9477
f 9460 9433 9437
f 9435 9479 9457
f 9481 9458 9457
f 9480 9436 9458
f 9463 9459 9482
f 9461 9460 9438
f 9439 9484 9461
f 9462 9464 9485
f 9464 9487 9486
f 9465 9489 9488
f 9465 9467 9443
f 9467 9470 9445
f 9468 9469 9491
f 9493 9469 9470
f 9491 9471 9468
f 9472 9466 9448
f 9472 9494 9495
f 9477 9473 9496
f 9496 9451 9476
f 9475 9474 9497
f 9498 9475 9499
f 9497 9454 9478
f 9501 9477 9500
f 9483 9456 9460
f 9457 9502 9481
f 9503 9481 9504
f 9482 9480 9503
f 9482 9487 9463
f 9461 9506 9483
f 9484 9485 9507
f 9486 9485 9464
f 9486 9510 9509
f 9511 9489 9512
f 9490 9488 9511
f 9470 9513 9493
f 9491 9492 9514
f 9492 9516 9515
f 9514 9494 9491
f 9489 9495 9512
f 9495 9517 9518
f 9500 9496 9519
f 9519 9476 9498
f 9497 9499 9475
f 9499 9521 9498
f 9478 9520 9497
f 9524 9501 9500
f 9483 9502 9479
f 9525 9481 9502
f 9504 9526 9503
f 9503 9505 9482
f 9505 9510 9487
f 9506 9507 9529
f 9507 9508 9530
f 9509 9508 9486
f 9532 9510 9533
f 9534 9511 9512
f 9535 9490 9511
f 9536 9513 9537
f 9514 9515 9538
f 9515 9540 9539
f 9514 9541 9517
f 9512 9518 9534
f 9518 9541 9542
f 9500 9543 9524
f 9498 9543 9519
f 9522 9520 9544
f 9522 9545 9521
f 9501 9544 9520
f 9523 9548 9547
f 9502 9529 9525
f 9525 9527 9504
f 9527 9550 9526
f 9526 9528 9505
f 9533 9528 9552
f 9529 9530 9553
f 9530 9531 9554
f 9532 9531 9509
f 9532 9556 9555
f 9558 9535 9534
f 9537 9535 9557
f 9536 9560 9559
f 9515 9561 9538
f 9563 9539 9540
f 9559 9516 9536
f 9561 9541 9538
f 9534 9542 9558
f 9564 9542 9541
f 9566 9524 9543
f 9521 9566 9543
f 9544 9546 9522
f 9568 9545 9546
f 9547 9544 9523
f 9571 9547 9548
f 9525 9553 9549
f 9549 9551 9527
f 9574 9551 9573
f 9528 9574 9552
f 9552 9556 9533
f 9554 9553 9530
f 9554 9555 9577
f 9577 9556 9578
f 9558 9579 9557
f 9579 9537 9557
f 9581 9559 9560
f 9561 9562 9583
f 9584 9563 9585
f 9582 9540 9559
f 9564 9583 9586
f 9565 9558 9542
f 9565 9586 9587
f 9588 9548 9566
f 9566 9569 9588
f 9546 9589 9568
f 9569 9591 9590
f 9570 9567 9547
f 9593 9571 9592
f 9549 9576 9572
f 9573 9572 9594
f 9574 9575 9552
f 9595 9556 9575
f 9577 9597 9596
f 9598 9580 9599
f 9581 9579 9598
f 9600 9581 9601
f 9602 9562 9584
f 9585 9603 9584
f 9585 9582 9600
f 9605 9583 9602
f 9599 9565 9587
f 9586 9606 9587
f 9571 9607 9592
f 9590 9588 9569
f 9608 9568 9589
f 9591 9609 9590
f 9589 9593 9608
f 9612 9576 9611
f 9594 9575 9573
f 9594 9612 9613
f 9578 9614 9597
f 9615 9596 9597
f 9611 9577 9596
f 9617 9598 9599
f 9581 9618 9601
f 9620 9601 9619
f 9584 9621 9602
f 9623 9604 9622
f 9600 9604 9585
f 9624 9602 9621
f 9606 9599 9587
f 9624 9606 9605
f 9590 9626 9607
f 9627 9610 9628
f 9611 9630 9612
f 9614 9594 9613
f 9632 9612 9630
f 9597 9633 9615
f 9611 9616 9631
f 9635 9616 9615
f 9637 9618 9617
f 9601 9636 9619
f 9619 9638 9620
f 9621 9623 9640
f 9622 9620 9638
f 9641 9623 9622
f 9624 9640 9643
f 9617 9625 9637
f 9643 9625 9624
f 9627 9647 9646
f 9629 9628 9610
f 9649 9630 9631
f 9632 9614 9613
f 9632 9650 9651
f 9633 9635 9615
f 9634 9631 9616
f 9653 9634 9635
f 9655 9636 9637
f 9638 9657 9656
f 9640 9642 9658
f 9656 9622 9638
f 9659 9642 9641
f 9643 9658 9661
f 9644 9637 9625
f 9662 9643 9661
f 9663 9646 9664
f 9666 9646 9647
f 9668 9628 9648
f 9670 9650 9649
f 9632 9652 9633
f 9650 9671 9651
f 9653 9652 9672
f 9654 9649 9634
f 9674 9654 9653
f 9675 9639 9655
f 9656 9677 9676
f 9660 9658 9642
f 9676 9641 9656
f 9679 9658 9678
f 9662 9655 9644
f 9661 9680 9662
f 9663 9648 9645
f 9663 9626 9627
f 9664 9681 9663
f 9664 9665 9683
f 9665 9685 9684
f 9667 9687 9686
f 9670 9688 9669
f 9651 9672 9652
f 9690 9669 9688
f 9653 9691 9674
f 9673 9670 9654
f 9673 9693 9692
f 9657 9694 9677
f 9677 9695 9676
f 9697 9660 9698
f 9659 9695 9698
f 9699 9678 9697
f 9662 9694 9675
f 9679 9700 9680
f 9682 9668 9681
f 9664 9701 9682
f 9702 9665 9684
f 9684 9704 9703
f 9706 9666 9705
f 9687 9707 9686
f 9688 9709 9708
f 9691 9671 9690
f 9710 9688 9708
f 9674 9711 9693
f 9692 9689 9673
f 9694 9696 9677
f 9713 9695 9696
f 9697 9716 9715
f 9698 9714 9716
f 9715 9699 9697
f 9680 9712 9694
f 9717 9700 9699
f 9687 9701 9705
f 9719 9683 9702
f 9703 9702 9684
f 9704 9721 9703
f 9705 9719 9706
f 9708 9724 9723
f 9725 9691 9690
f 9726 9708 9723
f 9711 9727 9693
f 9729 9709 9692
f 9713 9712 9730
f 9716 9731 9715
f 9731 9717 9715
f 9700 9730 9712
f 9733 9718 9717
f 9720 9719 9702
f 9720 9721 9736
f 9721 9737 9736
f 9719 9739 9706
f 9741 9724 9740
f 9742 9711 9725
f 9743 9723 9741
f 9742 9710 9726
f 9745 9728 9744
f 9724 9746 9740
f 9730 9747 9713
f 9748 9732 9749
f 9748 9733 9731
f 9734 9750 9751
f 9736 9735 9720
f 9737 9738 9752
f 9753 9741 9740
f 9744 9742 9755
f 9726 9755 9742
f 9754 9743 9741
f 9758 9744 9757
f 9740 9759 9753
f 9751 9747 9734
f 9748 9762 9761
f 9749 9747 9760
f 9763 9748 9761
f 9751 9763 9764
f 9766 9754 9753
f 9767 9744 9755
f 9767 9743 9756
f 9756 9765 9768
f 9745 9770 9769
f 9772 9758 9757
f 9753 9773 9766
f 9769 9759 9746
f 9751 9774 9760
f 9762 9775 9761
f 9760 9762 9749
f 9761 9777 9763
f 9778 9763 9777
f 9766 9779 9765
f 9781 9757 9767
f 9767 9768 9781
f 9768 9779 9782
f 9758 9783 9770
f 9771 9785 9784
f 9773 9780 9766
f 9759 9783 9773
f 9787 9764 9778
f 9788 9775 9776
f 9776 9774 9787
f 9789 9777 9775
f 9778 9790 9791
f 9792 9780 9793
f 9794 9772 9781
f 9781 9782 9794
f 9795 9779 9792
f 9784 9783 9771
f 9785 9797 9784
f 9786 9793 9780
f 9773 9796 9786
f 9791 9787 9778
f 9800 9776 9787
f 9802 9789 9788
f 9803 9789 9801
f 9804 9790 9803
f 9806 9793 9805
f 9807 9785 9794
f 9795 9794 9782
f 9792 9808 9795
f 9784 9809 9796
f 9811 9798 9810
f 9805 9799 9812
f 9796 9799 9786
f 9800 9804 9813
f 9813 9788 9800
f 9814 9801 9802
f 9803 9815 9816
f 9816 9804 9803
f 9819 9805 9818
f 9798 9820 9810
f 9808 9807 9795
f 9821 9806 9819
f 9797 9822 9809
f 9824 9810 9823
f 9812 9809 9822
f 9818 9812 9825
f 9826 9804 9817
f 9826 9802 9813
f 9827 9814 9828
f 9816 9827 9829
f 9817 9829 9830
f 9832 9818 9831
f 9823 9820 9833
f 9833 9808 9821
f 9819 9834 9821
f 9835 9811 9824
f 9823 9836 9824
f 9825 9822 9835
f 9831 9825 9838
f 9817 9839 9826
f 9826 9828 9814
f 9840 9828 9841
f 9842 9827 9840
f 9829 9843 9830
f 9831 9844 9832
f 9833 9837 9823
f 9846 9821 9834
f 9844 9834 9832
f 9824 9848 9835
f 9837 9849 9836
f 9835 9838 9825
f 9838 9845 9831
f 9852 9830 9843
f 9841 9839 9852
f 9840 9854 9853
f 9842 9853 9855
f 9856 9842 9855
f 9844 9858 9857
f 9850 9846 9859
f 9859 9834 9847
f 9857 9847 9844
f 9861 9836 9849
f 9863 9850 9862
f 9851 9848 9861
f 9864 9845 9851
f 9852 9856 9865
f 9865 9841 9852
f 9853 9867 9866
f 9855 9866 9868
f 9856 9868 9869
f 9870 9857 9858
f 9859 9862 9850
f 9847 9872 9859
f 9873 9857 9871
f 9874 9849 9863
f 9876 9863 9862
f 9864 9861 9874
f 9858 9877 9870
f 9878 9856 9869
f 9878 9854 9865
f 9866 9880 9879
f 9882 9871 9870
f 9876 9872 9883
f 9883 9860 9873
f 9881 9873 9871
f 9874 9875 9885
f 9886 9875 9876
f 9864 9885 9877
f 9870 9888 9882
f 9890 9869 9889
f 9880 9878 9890
f 9892 9879 9880
f 9882 9893 9881
f 9895 9876 9883
f 9883 9884 9895
f 9893 9884 9881
f 9885 9887 9897
f 9899 9886 9898
f 9877 9897 9888
f 9888 9894 9882
f 9889 9901 9890
f 9879 9902 9889
f 9880 9903 9892
f 9894 9905 9893
f 9898 9895 9907
f 9895 9896 9907
f 9908 9893 9905
f 9897 9899 9909
f 9910 9898 9911
f 9888 9909 9900
f 9900 9906 9894
f 9890 9903 9904
f 9902 9914 9913
f 9915 9903 9916
f 9917 9906 9918
f 9907 9911 9898
f 9908 9907 9896
f 9908 9921 9920
f 9922 9899 9910
f 9924 9911 9923
f 9912 9909 9922
f 9918 9912 9925
f 9903 9926 9916
f 9914 9927 9913
f 9915 9930 9929
f 9918 9931 9917
f 9923 9919 9933
f 9933 9908 9920
f 9921 9934 9920
f 9922 9924 9936
f 9923 9937 9924
f 9922 9925 9912
f 9925 9932 9918
f 9930 9926 9940
f 9940 9927 9941
f 9943 9928 9942
f 9929 9928 9914
f 9929 9945 9944
f 9917 9935 9921
f 9946 9932 9947
f 9933 9938 9923
f 9920 9948 9933
f 9949 9934 9935
f 9951 9924 9937
f 9952 9938 9953
f 9939 9936 9951
f 9947 9939 9954
f 9941 9930 9940
f 9943 9941 9927
f 9942 9944 9956
f 9942 9957 9943
f 9956 9945 9959
f 9935 9946 9949
f 9960 9947 9961
f 9953 9948 9962
f 9962 9934 9950
f 9964 9950 9949
f 9965 9937 9952
f 9953 9966 9952
f 9951 9954 9939
f 9954 9961 9947
f 9955 9945 9941
f 9957 9955 9943
f 9956 9958 9942
f 9957 9972 9971
f 9964 9946 9960
f 9960 9974 9973
f 9962 9967 9953
f 9950 9975 9962
f 9964 9976 9963
f 9952 9978 9965
f 9980 9966 9967
f 9968 9965 9978
f 9961 9981 9974
f 9956 9969 9970
f 9971 9969 9957
f 9983 9958 9970
f 9972 9984 9971
f 9960 9977 9964
f 9973 9987 9986
f 9967 9988 9980
f 9963 9988 9975
f 9990 9977 9989
f 9979 9978 9966
f 9992 9980 9993
f 9968 9991 9981
f 9974 9994 9987
f 9983 9969 9982
f 9971 9995 9982
f 9996 9972 9983
f 9985 9997 9984
f 9973 9989 9977
f 10000 9987 9999
f 9993 9988 10001
f 9976 10001 9988
f 9989 10002 9990
f 9992 9991 9979
f 9993 10005 9992
f 9981 10004 9994
f 9999 9994 10007
f 9983 9995 9996
f 10008 9984 9997
f 10009 9985 9996
f 9998 10010 9997
f 9989 10000 10003
f 10000 10013 10012
f 10006 10001 10014
f 10014 9990 10002
f 10002 10016 10015
f 10005 10004 9992
f 10006 10018 10005
f 10004 10007 9994
f 10007 10013 9999
f 9995 10009 9996
f 10008 10010 10021
f 10009 10011 9998
f 10023 10011 10024
f 10012 10003 10000
f 10013 10025 10012
f 10006 10027 10019
f 10027 10002 10015
f 10015 10029 10028
f 10005 10030 10017
f 10031 10019 10032
f 10017 10020 10007
f 10026 10020 10033
f 10008 10022 10009
f 10023 10021 10010
f 10035 10011 10022
f 10023 10036 10034
f 10012 10029 10016
f 10037 10019 10027
f 10037 10015 10028
f 10028 10039 10038
f 10040 10018 10031
f 10031 10042 10041
f 10033 10030 10040
f 10039 10025 10043
f 10044 10032 10037
f 10038 10037 10028
f 10038 10046 10045
f 10031 10047 10040
f 10049 10042 10048
f 10050 10040 10047
f 10052 10039 10043
f 10048 10044 10045
f 10045 10054 10053
f 10055 10041 10049
f 10056 10047 10055
f 10056 10043 10050
f 10057 10046 10052
f 10048 10053 10058
f 10060 10054 10059
f 10061 10055 10062
f 10061 10052 10056
f 10059 10057 10063
f 10064 10053 10060
f 10059 10065 10060
f 10061 10068 10067
f 10067 10057 10061
f 10063 10066 10059
f 10064 10062 10058
f 10060 10070 10064
f 10071 10066 10072
f 10074 10068 10073
f 10067 10069 10063
f 10066 10075 10072
f 10064 10073 10068
f 10076 10065 10071
f 10071 10078 10077
f 10079 10074 10073
f 10080 10069 10074
f 10078 10075 10081
f 10079 10070 10076
f 10077 10076 10071
f 10083 10078 10084
f 10079 10085 10080
f 10081 10080 10085
f 10078 10087 10084
f 10079 10082 10086
f 10088 10077 10083
f 10086 10089 10085
f 10081 10089 10087
f 10092 10084 10087
f 10088 10086 10082
f 10083 10093 10088
f 10095 10089 10090
f 10087 10094 10092
f 10091 10097 10096
f 10090 10093 10095
f 10091 10098 10093
f 10099 10094 10095
f 10092 10100 10097
f 10096 10102 10101
f 10099 10093 10098
f 10101 10098 10096
f 10105 10099 10104
f 10105 10097 10100
f 10107 10102 10106
f 10099 10103 10104
f 10108 10101 10107
f 10110 10105 10104
f 10102 10109 10106
f 10112 10106 10111
f 10110 10103 10108
f 10113 10107 10112
f 10110 10114 10109
f 10111 10109 10114
f 10111 10116 10112
f 10113 10110 10108
f 10113 10116 10118
f 10119 10115 10120
f 10111 10119 10117
f 10116 10122 10121
f 10118 10115 10113
f 10121 10118 10116
f 10124 10119 10120
f 10125 10117 10119
f 10121 10127 10126
f 10120 10123 10124
f 10121 10128 10123
f 10124 10129 10125
f 10129 10122 10125
f 10131 10126 10127
f 10123 10130 10124
f 10132 10128 10126
f 10130 10134 10129
f 10127 10134 10131
f 10131 10136 10132
f 10135 10128 10133
f 10132 10138 10133
f 10140 10134 10135
f 10131 10139 10137
f 10142 10136 10137
f 10135 10138 10140
f 10136 10143 10138
f 10139 10145 10144
f 10144 10137 10139
f 10147 10142 10146
f 10138 10145 10140
f 10148 10141 10147
f 10144 10150 10149
f 10149 10142 10144
f 10151 10147 10146
f 10148 10145 10143
f 10147 10153 10148
f 10149 10155 10154
f 10146 10154 10151
f 10157 10152 10151
f 10153 10150 10148
f 10153 10156 10158
f 10154 10160 10159
f 10151 10159 10157
f 10156 10162 10161
f 10160 10153 10158
f 10158 10161 10163
f 10164 10159 10160
f 10159 10162 10157
f 10161 10167 10166
f 10163 10160 10158
f 10167 10165 10168
f 10170 10167 10169
f 10172 10164 10163
f 10167 10173 10169
f 10166 10172 10163
f 10175 10172 10174
f 10169 10177 10176
f 10174 10170 10178
f 10175 10173 10171
f 10174 10179 10175
f 10177 10181 10176
f 10178 10180 10174
f 10179 10177 10175
f 10179 10185 10184
f 10176 10183 10178
f 10181 10187 10186
f 10180 10186 10185
f 10184 10182 10179
f 10184 10189 10188
f 10190 10186 10187
f 10186 10192 10185
f 10188 10187 10184
f 10189 10193 10188
f 10190 10195 10191
f 10192 10195 10197
f 10193 10190 10188
f 10199 10194 10198
f 10192 10194 10189
f 10200 10195 10196
f 10195 10202 10197
f 10200 10193 10199
f 10198 10197 10202
f 10198 10203 10199
f 10200 10205 10201
f 10207 10201 10205
f 10199 10206 10200
f 10204 10202 10207
f 10204 10208 10203
f 10210 10206 10211
f 10207 10210 10212
f 10203 10211 10206
f 10212 10204 10207
f 10213 10208 10209
f 10211 10215 10210
f 10218 10212 10210
f 10208 10216 10211
f 10209 10217 10213
f 10220 10214 10213
f 10221 10216 10222
f 10217 10224 10223
f 10223 10213 10217
f 10226 10219 10225
f 10219 10227 10225
f 10228 10224 10222
f 10222 10224 10221
f 10222 10226 10225
f 10221 10218 10215
f 10227 10224 10228
f 10222 10227 10228
f 5219 5223 5220
f 5227 5237 5267
f 5236 5249 5248
f 5300 5328 5326
f 5339 5340 5368
f 5376 5408 5407
f 5510 5550 5511
f 5657 5694 5732
f 5642 5679 5756
f 5692 5693 5770
f 5655 5661 5698
f 5666 5700 5742
f 5722 5805 5807
f 5697 5734 5728
f 5749 5814 5815
f 5764 5765 5842
f 5724 5801 5765
f 5755 5798 5797
f 5757 5845 5799
f 5823 5779 5736
f 5811 5859 5818
f 5844 5800 5846
f 5847 5848 5890
f 5822 5864 5867
f 5920 5868 5825
f 5838 5882 5881
f 5902 5911 5947
f 5886 5929 5928
f 5891 5983 5936
f 6027 5939 5938
f 5899 5944 5943
f 5907 5948 5952
f 5956 5957 6050
f 5938 5982 6035
f 5911 6004 6045
f 6133 6129 6075
f 6087 6088 6204
f 6052 6106 6164
f 6069 6126 6125
f 6248 6135 6079
f 6080 6138 6193
f 6143 6201 6255
f 6097 6157 6154
f 6153 6212 6332
f 6098 6171 6155
f 6156 6272 6157
f 6169 6170 6284
f 6114 6228 6173
f 6139 6197 6194
f 6198 6199 6259
f 6327 6207 6149
f 6151 6211 6267
f 6244 6304 6372
f 6194 6314 6379
f 6331 6267 6211
f 6156 6273 6341
f 6277 6278 6293
f 6304 6306 6439
f 6256 6316 6386
f 6264 6395 6325
f 6288 6426 6354
f 6292 6359 6358
f 6363 6364 6433
f 6368 6365 6302
f 6303 6367 6369
f 6308 6375 6445
f 6378 6379 6454
f 6383 6384 6521
f 6400 6401 6537
f 6438 6440 6506
f 6373 6443 6439
f 6374 6446 6444
f 6391 6527 6463
f 6410 6479 6548
f 6415 6482 6483
f 6509 6524 6525
f 6537 6662 6538
f 6489 6559 6557
f 6563 6743 6562
f 6584 6643 6700
f 6586 6700 6701
f 6602 6604 6605
f 6562 6735 6627
f 6563 6628 6688
f 6565 6692 6630
f 6700 6643 6646
f 6599 6656 6655
f 6619 6677 6734
f 6641 6699 6697
f 6648 6695 6751
f 6710 6760 6864
f 6728 6729 6832
f 6675 6730 6732
f 6829 6776 6728
f 6804 6805 6858
f 6921 6770 10230
f 6772 6825 6823
f 6773 6824 6825
f 6810 6861 6858
f 6809 6860 6954
f 6873 10231 6823
f 6887 6888 6972
f 6884 6886 6931
f 6889 6898 6933
f 6856 6910 6909
f 6900 6944 6942
f 7002 7044 7041
f 6895 6980 6979
f 6941 6983 6984
f 6949 6990 6989
f 6997 7037 6999
f 6933 7024 6982
f 6985 7023 7025
f 7043 7123 7042
f 7053 7055 7093
f 7067 7068 7108
f 7033 7072 7073
f 7108 7109 7148
f 7070 7110 7149
f 7104 7142 7140
f 7156 7193 7197
f 7155 7180 7196
f 7190 7265 7229
f 7194 7232 7231
f 7195 7233 7232
f 7237 7238 7296
f 7212 7248 7277
f 7259 7320 7322
f 7242 7271 7301
f 7246 7275 7305
f 7288 7289 7351
f 7267 7297 7295
f 7310 7375 7311
f 7312 7380 7281
f 7400 7331 7300
f 7356 7357 7430
f 7373 7447 7410
f 7378 7416 7415
f 7444 7445 7485
f 7413 7452 7458
f 7454 7491 7582
f 7455 7537 7456
f 7533 7457 7418
f 7419 7495 7459
f 7428 7468 7506
f 7437 7516 7477
f 7483 7484 7524
f 7486 7571 7487
f 7451 7579 7489
f 7492 7536 7493
f 7478 7517 7561
f 7562 7563 7674
f 7564 7676 7563
f 7520 7619 7566
f 7568 7569 7680
f 7681 7623 7571
f 7581 7691 7643
f 7579 7586 7632
f 7667 7670 7610
f 7559 7726 7614
f 7617 7726 7615
f 7622 7623 7732
f 7573 7624 7733
f 7627 7628 7684
f 7634 7635 7692
f 7638 7639 7696
f 7640 7641 7695
f 7611 7613 7669
f 7614 7726 7675
f 7621 7728 7677
f 7620 7679 7678
f 7626 7685 7737
f 7629 7794 7686
f 7798 7794 7687
f 7642 7691 7692
f 7649 7751 7702
f 7652 7704 7706
f 7651 7703 7704
f 7653 7705 7708
f 7669 7723 7776
f 7731 7732 7834
f 7829 7778 7725
f 7795 7796 7895
f 7742 7848 7799
f 7743 7759 7809
f 7792 7892 7842
f 7835 7984 7882
f 7934 7984 7883
f 7891 7892 7896
f 7872 7926 7923
f 7875 7928 7980
f 7877 7930 7928
f 7931 7933 7981
f 7936 7885 7937
f 7951 8056 7952
f 7911 8014 7961
f 7979 7980 8087
f 8035 8036 7985
f 7938 7986 7989
f 7943 7989 7996
f 8034 8035 8093
f 8075 8076 8128
f 8031 8090 8089
f 7989 8096 8109
f 8214 8145 8102
f 8162 8197 8163
f 8141 8171 8204
f 8176 8245 8177
f 8280 8173 8179
f 8211 5177 8249
f 8255 8330 8326
f 8276 8277 8351
f 8243 8283 8282
f 8256 8294 8329
f 8273 8308 8310
f 8275 8343 8312
f 8281 8316 8358
f 8286 8321 8318
f 8312 8424 8350
f 8319 8361 8400
f 8349 8389 8388
f 8389 8390 8464
f 8353 8429 8391
f 8463 8504 8503
f 8481 8524 8522
f 8488 8574 8531
f 8516 8557 8560
f 8514 8558 8557
f 8594 8637 8681
f 8557 8645 8649
f 8738 8645 8646
f 8640 8685 8731
f 8794 8696 8652
f 8645 8738 8743
f 8694 8791 8742
f 8816 8870 8820
f 8790 8890 8842
f 8896 8897 8994
f 9034 8990 8942
f 8918 8968 8967
f 8919 9014 8969
f 8924 8925 8973
f 8970 9017 9013
f 8982 9027 9026
f 9014 9059 9105
f 9181 9180 9092
f 9063 9109 9108
f 9102 9191 9146
f 9156 9157 9245
f 9202 9201 9158
f 9249 9162 9119
f 9152 9154 9198
f 9243 9245 9285
f 9205 9249 9248
f 9328 9218 9262
f 9265 9264 9221
f 9253 9297 9259
f 9401 9326 9290
f 9425 9448 9466
f 9450 9453 9474
f 9493 9536 9516
f 9554 9577 9576
f 9592 9610 9593
f 9645 9648 9629
f 9591 9608 9610
f 9607 9626 9645
f 9609 9627 9626
f 9619 9636 9639
f 9628 9667 9647
f 9659 9698 9660
f 9686 9666 9647
f 9648 9681 9668
f 9692 9727 9729
f 9704 9706 9738
f 9666 9707 9705
f 9690 9710 9725
f 9732 9716 9714
f 9704 9738 9722
f 9718 9734 9730
f 9752 9739 9737
f 9769 9729 9727
f 9889 9869 9868
f 9880 9890 9904
f 9891 9892 9915
f 9913 9926 9902
f 9905 9917 9921
f 9955 9956 9959
f 10026 10033 10050
f 10036 10022 10021
f 10051 10035 10022
f 10035 10036 10024
f 10038 10045 10044
f 10062 10055 10049
f 10083 10084 10091
f 10161 10166 10163
f 10171 10173 10168
f 10178 10169 10176
f 10181 10186 10183
f 10185 10192 10189
f 10210 10215 10218
f 10214 10226 10216
f 10220 10223 10227
f 7044 6964 7006
f 7005 6960 6963
f 10233 10230 10231
f 6874 10232 10233
f 6875 10233 10231
f 6922 10230 10232
f 5091 6038 881
f 5088 5989 5091
f 5942 5089 5898
f 5898 5089 641
f 5101 939 6207
f 5101 6326 5104
f 5104 6398 5110
f 8086 8032 10229
f 8142 8173 10229
f 10229 8137 8086
f 8211 5172 5174
f 5176 8249 5177
f 5178 8248 5176
f 8322 5181 8365
f 8365 5182 8405
f 5184 8405 5182
f 3487 5191 8706
f 5191 3581 8706
f 8955 8905 3684
f 8854 3684 8905
f 9181 5198 9223
f 9224 5198 5199
f 9265 5199 5200
f 9302 5200 4142
f 9340 5203 5204
f 9341 5204 4143
f 9342 4143 5205
f 5206 9342 5205
f 5202 9374 5206
f 4104 9336 5202
f 5201 9299 4104
f 5201 9217 9261
f 3834 8996 9042
f 8948 5196 3735
f 5195 8948 3735
f 8847 5195 5194
f 5194 8797 8847
f 8797 5192 8746
f 5190 8653 8698
f 5187 8608 5188
f 5186 8564 5187
f 5185 8520 5186
f 8478 5183 8438
f 5173 8244 3037
f 5171 8208 5173
f 8139 5171 5168
f 5168 8088 8139
f 5161 8030 5163
f 5158 7978 5161
f 5156 7929 5158
f 5154 7826 5156
f 7826 7875 5156
f 5153 7826 5154
f 7671 5153 5151
f 5151 7614 7671
f 7559 5149 2332
f 5145 7399 5146
f 7332 5145 5144
f 5143 7332 5144
f 5142 7299 5143
f 5142 7239 7268
f 7239 1968 7203
f 7123 5139 5147
f 5147 7042 7123
f 7163 7043 7083
f 7003 5138 5135
f 5132 7003 5135
f 5131 6961 5132
f 6660 5117 6603
f 5079 5470 5506
f 5075 5470 5077
f 5072 5406 5074
f 5072 5374 5379
f 5071 5344 5374
f 5070 5345 5344
f 188 5345 5073
f 5538 5078 5080
f 683 5897 5852
f 775 5897 5211
f 5090 5941 775
f 6036 5093 6091
f 5096 6091 5093
f 5100 6148 5096
f 6395 5103 5107
f 5107 1261 6395
f 5124 6764 5121
f 6817 5127 6790
f 6738 5119 6681
f 6555 5212 6486
f 5111 6486 5212
f 6347 5111 5108
f 5108 6281 6347
f 5102 6165 6221
f 6106 5094 5095
f 5095 6164 6106
f 6164 5099 6118
f 6117 5099 968
f 5106 6359 1086
f 6359 5112 6499
f 5113 6499 5112
f 1550 6799 6748
f 6853 5128 1656
f 5120 6853 1656
f 6906 1755 6951
f 7076 1755 1946
f 5137 7099 5213
f 7099 1946 5213
f 7021 5137 1824
f 5134 6981 1824
f 6979 6938 6895
f 5133 6938 6979
f 6978 5136 7020
f 7059 5136 5140
f 7138 2026 7178
f 7098 5216 7138
f 7058 5215 7098
f 5140 5214 7059
f 7058 7059 5214
f 5217 7593 7538
f 2310 7538 7495
f 5155 7759 2521
f 5155 7850 7809
f 7954 5152 5160
f 5157 7903 7850
f 5160 8005 7954
f 5150 5170 8005
f 8061 5170 8093
f 5170 8034 8093
f 8034 5167 2807
f 5169 8143 8092
f 5166 8092 8033
f 8033 5164 5166
f 7982 5162 5164
f 7932 5159 5162
f 7832 5159 7880
f 7727 7563 7676
f 7563 7727 7674
f 10234 7674 7727
f 10234 7676 7673
f 3 4 2
f 1 6 7
f 4 3 8
f 4 10 11
f 5 2 11
f 5 13 14
f 14 15 6
f 6 16 17
f 3 7 18
f 9 19 10
f 21 11 10
f 12 22 13
f 12 11 21
f 24 14 13
f 24 26 15
f 16 6 15
f 16 28 29
f 7 17 30
f 32 8 18
f 10 19 33
f 34 35 21
f 23 36 22
f 25 13 22
f 23 21 35
f 25 39 40
f 40 41 26
f 27 15 26
f 27 43 28
f 45 29 28
f 46 30 17
f 31 47 48
f 50 33 19
f 20 33 51
f 52 53 35
f 38 54 36
f 37 22 36
f 56 39 25
f 53 57 38
f 39 58 59
f 41 40 59
f 42 26 41
f 42 62 43
f 44 28 43
f 44 64 65
f 29 45 66
f 30 46 67
f 31 67 68
f 48 47 70
f 71 49 32
f 72 51 33
f 73 50 49
f 34 51 74
f 75 53 52
f 57 77 54
f 55 36 54
f 56 37 55
f 80 58 39
f 75 81 57
f 83 59 58
f 83 84 60
f 61 41 60
f 61 86 62
f 63 43 62
f 63 88 64
f 89 65 64
f 91 66 45
f 92 67 46
f 68 67 92
f 94 70 47
f 48 69 95
f 70 96 97
f 50 73 98
f 74 51 72
f 71 95 100
f 76 52 74
f 102 75 76
f 77 57 81
f 78 54 77
f 78 106 79
f 56 79 107
f 108 82 58
f 109 81 75
f 110 111 83
f 111 112 84
f 84 113 85
f 85 114 86
f 87 62 86
f 87 116 88
f 90 64 88
f 118 91 65
f 90 119 120
f 91 121 92
f 93 92 121
f 93 123 94
f 96 70 94
f 97 125 95
f 97 96 127
f 100 128 98
f 99 72 98
f 99 130 101
f 125 131 100
f 76 101 132
f 103 132 133
f 104 134 105
f 81 109 135
f 105 136 106
f 107 79 106
f 80 107 138
f 102 133 139
f 140 111 110
f 142 112 111
f 112 143 113
f 114 85 113
f 114 145 115
f 115 146 116
f 117 88 116
f 119 90 117
f 89 120 149
f 91 118 150
f 151 120 119
f 123 93 122
f 124 94 123
f 124 155 127
f 125 97 126
f 131 157 128
f 129 98 128
f 129 159 130
f 101 130 160
f 156 161 131
f 133 132 162
f 104 135 164
f 136 105 134
f 166 135 109
f 137 106 136
f 168 138 107
f 108 138 141
f 133 163 169
f 141 170 171
f 142 172 143
f 140 171 173
f 144 113 143
f 145 114 144
f 146 115 145
f 147 116 146
f 148 117 147
f 179 152 119
f 149 120 151
f 118 149 181
f 151 152 182
f 153 184 154
f 153 122 185
f 155 124 154
f 157 131 161
f 158 128 157
f 158 191 159
f 160 130 159
f 193 162 132
f 163 162 195
f 196 164 135
f 165 134 164
f 165 198 167
f 139 169 199
f 167 200 168
f 170 141 138
f 194 201 169
f 202 203 171
f 173 204 172
f 174 143 172
f 203 206 173
f 175 144 174
f 175 208 176
f 177 146 176
f 177 210 178
f 148 178 211
f 212 182 152
f 213 181 149
f 180 151 183
f 150 181 185
f 215 216 183
f 186 217 184
f 187 154 184
f 219 220 186
f 221 188 155
f 189 5438 190
f 192 159 191
f 223 193 160
f 162 193 224
f 194 195 225
f 199 227 196
f 197 164 196
f 198 165 197
f 200 167 198
f 231 199 169
f 202 170 168
f 226 232 201
f 233 234 203
f 204 173 206
f 205 172 204
f 207 174 205
f 234 238 206
f 208 175 207
f 209 176 208
f 209 241 210
f 210 242 211
f 179 211 243
f 182 212 244
f 213 180 214
f 219 185 181
f 216 246 214
f 247 248 216
f 220 249 217
f 218 184 217
f 221 187 218
f 252 253 220
f 254 255 190
f 256 223 192
f 191 190 255
f 257 224 193
f 195 224 258
f 226 225 260
f 227 199 231
f 228 196 227
f 229 197 228
f 229 264 230
f 230 233 202
f 265 231 201
f 266 232 226
f 234 233 267
f 236 204 235
f 235 206 238
f 237 205 236
f 239 207 237
f 268 273 238
f 239 274 240
f 240 275 241
f 241 276 242
f 277 243 211
f 278 244 212
f 215 244 279
f 245 252 219
f 245 214 246
f 248 281 246
f 282 283 248
f 249 220 253
f 250 217 249
f 250 286 251
f 287 288 253
f 255 254 290
f 222 255 289
f 223 256 291
f 224 257 292
f 293 260 225
f 294 259 260
f 262 227 261
f 261 231 265
f 262 298 263
f 263 299 264
f 264 267 233
f 232 266 300
f 301 266 259
f 302 303 268
f 270 304 269
f 269 305 271
f 270 238 273
f 272 237 271
f 272 308 274
f 273 268 303
f 275 240 274
f 275 311 276
f 277 242 276
f 313 278 243
f 314 279 244
f 247 279 315
f 280 287 252
f 280 246 281
f 283 317 281
f 283 282 318
f 284 320 285
f 284 253 288
f 285 322 286
f 286 5078 5076
f 323 324 288
f 325 326 289
f 256 289 326
f 292 257 291
f 258 292 328
f 329 295 260
f 297 330 296
f 296 331 298
f 332 297 265
f 299 263 298
f 267 264 299
f 266 301 334
f 294 335 336
f 337 338 303
f 304 270 306
f 304 340 305
f 307 271 305
f 306 273 309
f 272 307 343
f 308 344 310
f 338 345 309
f 310 346 311
f 312 276 311
f 277 312 348
f 349 314 278
f 350 315 279
f 282 315 351
f 287 280 316
f 316 281 317
f 319 353 317
f 354 355 319
f 321 356 320
f 320 357 322
f 321 288 324
f 359 360 324
f 5081 325 290
f 325 5576 361
f 327 291 326
f 327 362 328
f 293 328 363
f 295 329 364
f 330 297 332
f 330 366 331
f 333 298 331
f 300 334 368
f 302 299 333
f 369 334 301
f 371 336 335
f 372 373 338
f 339 374 340
f 342 375 339
f 341 305 340
f 307 341 377
f 342 309 345
f 308 343 379
f 310 344 380
f 373 381 345
f 347 311 346
f 347 383 348
f 384 349 313
f 314 349 385
f 386 351 315
f 318 351 387
f 323 316 352
f 352 317 353
f 355 389 353
f 355 354 391
f 358 392 356
f 356 393 357
f 5080 322 357
f 360 394 358
f 395 396 360
f 398 361 5576
f 361 398 362
f 363 328 362
f 364 329 363
f 370 335 364
f 365 402 366
f 332 368 403
f 367 331 366
f 337 333 367
f 405 368 334
f 406 369 336
f 370 407 408
f 410 373 372
f 375 411 374
f 376 340 374
f 378 413 375
f 377 341 376
f 415 379 343
f 378 345 381
f 417 380 344
f 382 346 380
f 410 419 381
f 382 420 383
f 384 348 383
f 422 385 349
f 350 385 423
f 424 387 351
f 425 391 354
f 359 352 388
f 388 353 389
f 390 427 389
f 390 391 428
f 392 358 394
f 392 431 393
f 393 5083 5082
f 396 432 394
f 395 433 434
f 397 435 436
f 399 362 398
f 399 437 400
f 400 438 401
f 401 439 407
f 365 403 440
f 404 366 402
f 368 405 442
f 409 372 367
f 405 369 406
f 408 444 406
f 407 445 446
f 409 447 448
f 449 411 375
f 450 412 374
f 412 451 414
f 378 416 452
f 453 415 377
f 379 415 454
f 416 381 419
f 380 417 456
f 418 457 420
f 410 448 458
f 383 420 459
f 384 421 460
f 461 423 385
f 424 386 423
f 425 387 424
f 425 464 428
f 395 388 426
f 426 389 427
f 429 466 427
f 467 429 428
f 430 394 432
f 430 470 431
f 431 5084 5083
f 396 434 471
f 472 473 434
f 474 475 436
f 436 475 437
f 438 400 437
f 438 477 439
f 439 478 445
f 440 403 442
f 440 480 441
f 404 441 447
f 481 442 405
f 482 444 408
f 446 445 484
f 486 448 447
f 413 452 487
f 411 449 488
f 489 451 412
f 414 451 490
f 416 455 491
f 492 454 415
f 417 454 493
f 458 494 455
f 418 456 495
f 496 459 420
f 497 458 448
f 421 459 498
f 422 460 499
f 461 500 462
f 463 424 462
f 463 502 464
f 468 428 464
f 433 426 465
f 467 504 466
f 506 467 468
f 469 507 470
f 508 469 432
f 431 470 5085
f 434 473 509
f 511 473 472
f 474 512 513
f 476 437 475
f 476 514 477
f 478 439 477
f 445 478 516
f 517 479 442
f 485 441 480
f 519 520 444
f 446 483 521
f 484 522 523
f 524 486 485
f 449 487 525
f 526 489 450
f 527 490 451
f 453 490 528
f 491 455 494
f 530 452 491
f 532 493 454
f 456 493 533
f 534 494 458
f 457 495 535
f 536 498 459
f 537 497 486
f 538 499 460
f 499 539 500
f 501 462 500
f 501 541 502
f 503 464 502
f 505 468 503
f 467 506 545
f 504 546 547
f 505 548 549
f 5762 507 469
f 470 507 5086
f 550 508 471
f 510 551 552
f 512 553 554
f 514 476 513
f 515 477 514
f 556 516 478
f 481 520 557
f 558 479 517
f 560 561 518
f 482 521 562
f 520 519 563
f 564 521 483
f 565 566 523
f 518 561 567
f 568 525 487
f 488 525 569
f 570 527 489
f 571 528 490
f 492 528 572
f 531 491 529
f 574 529 494
f 568 530 531
f 576 533 493
f 495 533 577
f 497 537 578
f 496 535 579
f 498 536 580
f 538 581 539
f 539 582 540
f 540 583 541
f 542 502 541
f 543 503 542
f 543 586 548
f 545 506 549
f 504 545 588
f 552 547 546
f 548 590 591
f 5804 5762 508
f 509 592 593
f 595 554 553
f 595 555 514
f 596 556 515
f 597 522 516
f 557 598 559
f 559 599 600
f 602 561 560
f 603 562 521
f 519 562 604
f 563 605 598
f 564 523 566
f 607 608 566
f 609 565 522
f 610 567 561
f 611 569 525
f 526 569 612
f 613 571 527
f 614 572 528
f 532 572 615
f 575 531 573
f 573 529 574
f 534 578 618
f 568 575 619
f 533 576 620
f 621 579 535
f 600 578 537
f 536 579 622
f 580 623 581
f 582 539 581
f 583 540 582
f 583 626 584
f 585 542 584
f 628 590 548
f 629 544 547
f 587 549 591
f 588 545 632
f 634 546 588
f 637 591 590
f 550 593 5851
f 593 592 639
f 511 589 640
f 5087 641 642
f 595 642 643
f 643 644 596
f 597 556 596
f 598 646 599
f 599 618 578
f 600 601 560
f 606 647 603
f 648 604 562
f 649 605 563
f 608 650 606
f 609 651 607
f 608 607 652
f 597 645 654
f 655 612 569
f 570 612 656
f 614 571 613
f 658 615 572
f 659 620 576
f 616 660 619
f 616 573 617
f 618 662 617
f 611 619 663
f 577 620 664
f 665 622 579
f 580 622 666
f 624 581 623
f 625 582 624
f 625 669 626
f 626 670 627
f 585 627 671
f 586 671 672
f 636 590 628
f 675 587 630
f 591 637 676
f 631 632 677
f 678 634 633
f 640 589 635
f 636 681 682
f 683 5851 593
f 639 592 594
f 638 639 684
f 686 687 642
f 642 687 688
f 688 689 644
f 644 690 645
f 646 662 618
f 650 691 647
f 648 603 647
f 693 649 604
f 694 646 605
f 653 695 650
f 651 696 652
f 652 697 698
f 654 645 690
f 657 613 656
f 657 701 658
f 658 702 659
f 620 659 703
f 661 704 660
f 660 705 663
f 662 706 661
f 655 663 707
f 621 664 709
f 622 665 710
f 667 623 666
f 712 668 624
f 669 713 670
f 670 714 671
f 671 714 715
f 716 673 628
f 673 717 681
f 718 719 675
f 632 587 675
f 674 630 676
f 637 682 721
f 634 678 722
f 679 723 724
f 680 684 639
f 725 680 635
f 682 681 727
f 728 729 685
f 686 730 731
f 732 733 688
f 734 689 688
f 689 735 690
f 694 706 662
f 691 650 695
f 692 647 691
f 693 648 692
f 739 694 649
f 698 740 695
f 741 742 696
f 696 743 697
f 745 698 697
f 654 699 746
f 748 749 700
f 701 657 700
f 701 751 702
f 752 703 659
f 753 709 664
f 706 754 704
f 704 755 705
f 707 663 705
f 748 708 707
f 758 710 665
f 666 710 759
f 667 711 760
f 761 669 668
f 761 762 713
f 763 714 670
f 715 714 763
f 765 716 672
f 717 766 727
f 720 767 718
f 719 718 768
f 677 675 719
f 676 721 769
f 770 721 682
f 678 771 772
f 722 772 723
f 774 724 723
f 725 728 684
f 776 777 729
f 779 731 730
f 732 780 781
f 734 782 783
f 733 781 782
f 783 784 735
f 754 706 694
f 785 737 691
f 737 786 738
f 693 738 787
f 788 740 698
f 747 741 651
f 741 789 790
f 742 791 743
f 744 697 743
f 699 793 794
f 795 796 747
f 757 797 749
f 750 700 749
f 701 750 799
f 702 751 800
f 801 753 703
f 709 753 802
f 704 754 803
f 756 705 755
f 757 707 756
f 806 759 710
f 760 711 759
f 712 760 808
f 761 808 809
f 762 810 763
f 765 715 764
f 764 763 810
f 813 717 716
f 717 813 814
f 815 816 727
f 769 817 767
f 818 768 718
f 768 776 728
f 769 721 770
f 772 771 820
f 773 723 772
f 822 823 774
f 820 771 724
f 777 776 826
f 827 828 779
f 731 779 780
f 829 781 780
f 832 783 782
f 831 782 781
f 833 784 783
f 735 784 834
f 739 787 803
f 736 740 835
f 836 786 737
f 837 787 738
f 838 835 740
f 745 839 840
f 741 747 796
f 841 842 790
f 790 843 791
f 792 743 791
f 792 845 846
f 793 847 848
f 746 794 849
f 796 795 851
f 805 852 797
f 798 749 797
f 750 798 854
f 855 800 751
f 752 800 856
f 857 802 753
f 758 802 858
f 804 755 803
f 804 860 805
f 807 759 806
f 807 862 808
f 863 809 808
f 810 762 809
f 865 813 765
f 811 764 812
f 813 865 867
f 868 815 766
f 815 869 870
f 819 871 817
f 818 767 817
f 826 776 768
f 819 770 824
f 874 875 821
f 773 821 875
f 823 822 876
f 820 774 823
f 777 825 5092
f 826 879 880
f 882 883 828
f 779 828 830
f 829 830 884
f 831 886 887
f 829 885 886
f 784 833 888
f 832 887 889
f 787 837 859
f 890 836 785
f 891 837 786
f 788 840 892
f 835 838 893
f 840 839 894
f 841 789 796
f 897 842 841
f 898 843 790
f 843 899 844
f 845 792 844
f 846 845 902
f 834 888 847
f 904 848 847
f 905 849 794
f 795 849 906
f 851 907 908
f 860 909 852
f 853 797 852
f 853 911 854
f 855 799 854
f 800 855 913
f 801 856 914
f 915 858 802
f 861 806 858
f 859 917 860
f 861 918 862
f 919 864 809
f 863 862 918
f 866 921 865
f 866 812 923
f 921 924 867
f 868 814 867
f 926 869 815
f 870 869 928
f 816 870 929
f 871 819 930
f 871 932 872
f 818 872 879
f 873 933 930
f 878 934 873
f 935 936 875
f 876 822 875
f 874 823 877
f 879 937 938
f 939 882 827
f 940 941 883
f 883 884 830
f 885 884 942
f 945 887 886
f 944 886 885
f 946 888 833
f 889 887 948
f 917 859 837
f 949 891 836
f 892 840 895
f 838 892 951
f 893 952 949
f 895 894 954
f 850 908 955
f 842 897 956
f 957 899 843
f 900 844 899
f 959 902 845
f 901 954 894
f 901 902 960
f 847 888 962
f 964 904 903
f 848 904 965
f 966 906 849
f 907 851 906
f 917 969 909
f 910 852 909
f 910 971 911
f 854 911 972
f 973 913 855
f 974 914 856
f 975 915 857
f 916 976 918
f 863 920 977
f 978 920 918
f 922 979 921
f 922 923 980
f 924 921 979
f 925 867 924
f 984 985 869
f 986 929 870
f 987 988 927
f 929 989 934
f 931 930 990
f 992 932 871
f 879 872 932
f 993 990 930
f 936 935 994
f 876 936 995
f 994 935 877
f 938 937 998
f 882 939 999
f 941 940 1000
f 941 942 884
f 943 942 1003
f 1004 1005 945
f 889 947 1006
f 891 949 969
f 950 895 953
f 950 1008 951
f 951 1009 952
f 952 1010 969
f 953 954 1011
f 5098 956 897
f 898 956 1013
f 1014 958 899
f 900 958 1015
f 1016 960 902
f 901 961 1011
f 903 962 1017
f 963 1018 1019
f 1020 1021 965
f 905 965 1022
f 966 1023 967
f 968 907 967
f 909 969 1010
f 970 1025 971
f 972 911 971
f 1027 973 912
f 974 913 973
f 1029 975 914
f 1030 916 915
f 916 1030 1031
f 1032 977 920
f 980 923 919
f 1031 1033 978
f 981 1034 979
f 980 1035 1036
f 982 1037 983
f 982 979 1034
f 1039 925 983
f 926 1041 1042
f 985 984 1043
f 927 988 1045
f 1046 1047 988
f 928 985 1044
f 934 989 1049
f 931 991 1050
f 937 932 992
f 1051 1052 990
f 995 994 1054
f 995 1053 1055
f 996 1055 1054
f 997 998 1056
f 1000 1058 1059
f 941 1001 1060
f 1002 1003 1061
f 1004 1063 1064
f 945 1005 1065
f 1066 1067 1006
f 1006 1017 962
f 1007 1068 1008
f 1007 953 1012
f 1008 1070 1009
f 1009 1071 1010
f 1072 1012 1011
f 1074 1014 957
f 1075 1015 958
f 1076 1016 959
f 960 1016 1078
f 1073 1011 961
f 1017 1079 1018
f 1018 1080 1081
f 964 1019 1082
f 1082 1083 1021
f 1022 965 1021
f 1023 966 1022
f 1024 967 1023
f 1025 970 1010
f 1025 1087 1026
f 972 1026 1088
f 1028 973 1027
f 1029 974 1028
f 1029 1091 1030
f 1031 1030 1091
f 977 1032 1035
f 1032 978 1033
f 1033 1031 1092
f 1036 1095 1034
f 1096 1097 1036
f 1040 983 1037
f 1038 1034 1095
f 1040 1100 1101
f 1101 1042 1041
f 1102 1043 984
f 1044 1043 1104
f 1045 988 1047
f 987 1044 1103
f 1107 1047 1046
f 989 1108 1109
f 1048 1049 1110
f 1112 1050 991
f 998 992 1050
f 1113 1114 1052
f 1111 1051 993
f 1115 1116 1053
f 1053 1116 1117
f 1115 1054 1055
f 5100 997 1057
f 1056 1118 1119
f 1122 1058 1000
f 1123 1124 1059
f 1001 1059 1125
f 1062 1061 1127
f 1062 1129 1126
f 1126 1129 1063
f 1131 1064 1063
f 1132 1065 1005
f 1134 1067 1066
f 1017 1006 1067
f 1135 947 1065
f 1068 1007 1069
f 1068 1137 1070
f 1072 1138 1069
f 1073 1139 1140
f 5105 1074 1013
f 1014 1074 1141
f 1142 1076 1015
f 1143 1078 1016
f 1077 1078 1145
f 1139 1073 1077
f 1079 1146 1080
f 1080 1147 1148
f 1149 1082 1019
f 1083 1082 1149
f 1083 1151 1084
f 1085 1022 1084
f 1085 1153 1086
f 1154 1088 1026
f 1027 1088 1155
f 1089 1156 1090
f 1090 1157 1091
f 1092 1091 1157
f 1093 1096 1035
f 1093 1033 1094
f 1092 1158 1160
f 1097 1161 1095
f 1162 1163 1097
f 1099 1095 1161
f 1165 1166 1038
f 1101 1100 1167
f 1042 1101 1168
f 1169 1104 1043
f 1104 1170 1171
f 1172 1173 1045
f 1105 1047 1107
f 1106 1046 1103
f 1106 1175 1176
f 1109 1108 1177
f 1180 1049 1109
f 1181 1182 1111
f 1112 1118 1056
f 1112 1052 1114
f 1051 1111 1182
f 1114 1113 1184
f 1186 1187 1116
f 1188 1117 1116
f 1117 1188 1186
f 1118 1190 1191
f 1193 1123 1058
f 1122 1121 1120
f 1194 1195 1124
f 1059 1124 1196
f 1127 1061 1196
f 1128 1127 1198
f 1129 1062 1128
f 1130 1063 1129
f 1202 1131 1130
f 1064 1131 1203
f 1133 1204 1205
f 1079 1067 1134
f 1133 1066 1135
f 1206 1135 1132
f 1136 1207 1137
f 1069 1138 1208
f 1087 1070 1137
f 1072 1140 1209
f 1211 1140 1139
f 1212 1142 1075
f 1076 1142 1213
f 1214 1145 1078
f 1216 1144 1145
f 1210 1139 1144
f 1217 1147 1080
f 1219 1148 1147
f 1220 1221 1149
f 1151 1083 1150
f 1150 1149 1221
f 1152 1084 1151
f 1225 1155 1088
f 1089 1155 1226
f 1157 1090 1156
f 1094 1160 1228
f 1160 1158 1230
f 1232 1163 1162
f 1099 1164 1234
f 1164 1161 1163
f 1235 1236 1166
f 1167 1237 1238
f 1102 1168 1240
f 1170 1104 1169
f 1242 1171 1170
f 1105 1174 1244
f 1107 1176 1245
f 1171 1242 1175
f 1175 1246 1247
f 1177 1108 1173
f 1109 1178 1249
f 1179 1250 1251
f 1252 1253 1182
f 1110 1180 1254
f 1112 1183 1190
f 1185 1255 1183
f 1113 1182 1253
f 1257 1185 1184
f 1258 1259 1187
f 1187 1259 1260
f 1186 1188 1260
f 1262 1191 1190
f 1191 1261 1189
f 5110 1264 1265
f 1122 1192 1265
f 1123 1193 1266
f 1197 1196 1124
f 1198 1127 1197
f 1199 1198 1269
f 1200 1128 1199
f 1270 1201 1130
f 1271 1202 1201
f 1203 1131 1202
f 1206 1274 1204
f 1275 1276 1205
f 1146 1134 1205
f 1203 1273 1274
f 1136 1208 1277
f 1154 1137 1207
f 1278 1208 1138
f 1211 1279 1209
f 1210 1280 1281
f 1282 1213 1142
f 1143 1213 1283
f 1215 1145 1214
f 1215 1285 1286
f 1216 1286 1280
f 1147 1217 1287
f 1288 1219 1218
f 1148 1219 1290
f 1221 1220 1290
f 1222 1292 1224
f 1222 1150 1223
f 1223 1221 1291
f 1152 1224 1295
f 1296 1226 1155
f 1156 1226 1297
f 1298 1228 1160
f 1227 1297 1230
f 1229 1230 1299
f 1301 1302 1232
f 1231 1162 1228
f 1166 1236 1233
f 1165 1234 1303
f 1304 1305 1236
f 1306 1251 1238
f 1240 1250 1307
f 1241 1308 1243
f 1169 1239 1309
f 1243 1310 1311
f 1174 1245 1312
f 1248 1172 1244
f 1176 1247 1314
f 1242 1311 1246
f 1315 1247 1246
f 1317 1177 1248
f 1318 1249 1178
f 1249 1307 1250
f 1250 1240 1238
f 1254 1180 1251
f 1181 1254 1320
f 1322 1253 1252
f 1183 1255 1263
f 1323 1324 1255
f 1184 1253 1322
f 1256 1325 1326
f 1258 1327 1328
f 1328 1329 1260
f 1258 1260 1329
f 5114 1261 1191
f 1331 1262 1263
f 1264 1332 1333
f 1193 1265 1333
f 1194 1266 1335
f 1267 1197 1195
f 1267 1337 1269
f 1268 1338 1270
f 1268 1269 1340
f 1201 1270 1338
f 1273 1202 1271
f 1271 1272 1343
f 1274 1344 1345
f 1275 1346 1347
f 1276 1287 1217
f 1341 1344 1274
f 1208 1278 1348
f 1296 1225 1207
f 1349 1279 1211
f 1280 1350 1351
f 1213 1282 1352
f 1214 1283 1353
f 1354 1285 1215
f 1355 1286 1285
f 1286 1355 1350
f 1287 1357 1289
f 1358 1290 1219
f 1288 1289 1359
f 1291 1290 1358
f 1293 1362 1292
f 1224 1292 1363
f 1293 1223 1294
f 1361 1365 1294
f 1296 1366 1297
f 1298 1229 1300
f 1366 1299 1230
f 1300 1299 1369
f 1367 1301 1231
f 1370 1371 1302
f 1305 1372 1233
f 1303 1373 1374
f 1374 1375 1304
f 1305 1304 1375
f 1372 1306 1237
f 1307 1376 1309
f 1241 1309 1377
f 1378 1310 1243
f 1310 1379 1380
f 1381 1312 1245
f 1382 1313 1244
f 1383 1314 1247
f 1316 1246 1311
f 1315 1316 1384
f 1313 1382 1386
f 1317 1386 1319
f 1307 1249 1318
f 1319 1387 1388
f 1306 1372 1320
f 1321 1375 1389
f 1324 1330 1263
f 1323 1390 1391
f 1322 1389 1325
f 1393 1326 1325
f 1257 1326 1390
f 1394 1395 1328
f 1328 1395 1396
f 1329 1396 1394
f 5114 1262 1331
f 1331 1330 1398
f 1333 1332 1400
f 1401 1266 1333
f 1335 1266 1401
f 1334 1403 1336
f 1336 1404 1337
f 1337 1405 1340
f 1339 1406 1338
f 1339 1340 1407
f 1406 1343 1272
f 1409 1341 1271
f 1410 1342 1343
f 1345 1344 1413
f 1345 1414 1346
f 1415 1347 1346
f 1276 1347 1357
f 1413 1344 1341
f 1369 1348 1278
f 1277 1348 1366
f 1417 1349 1281
f 1368 1369 1279
f 1419 1351 1350
f 1421 1353 1283
f 1422 1354 1284
f 1424 1355 1356
f 1418 1350 1355
f 1425 1359 1289
f 1360 1426 1358
f 1427 1361 1358
f 1293 1364 1428
f 1363 1292 1362
f 1365 1430 1364
f 1365 1361 1427
f 1363 1429 5115
f 1367 1300 1368
f 1299 1366 1348
f 1432 1370 1301
f 1433 1434 1371
f 1303 1302 1371
f 1374 1373 1435
f 1436 1389 1375
f 1376 1437 1377
f 1377 1438 1378
f 1379 1310 1378
f 1441 1380 1379
f 1442 1382 1312
f 1384 1316 1380
f 1385 1384 1444
f 1442 1445 1386
f 1387 1319 1386
f 1318 1388 1437
f 1447 1388 1387
f 1324 1391 1398
f 1390 1448 1449
f 1392 1325 1389
f 1450 1451 1393
f 1390 1326 1393
f 1395 1394 1453
f 1395 1452 1454
f 1455 1453 1394
f 1397 1456 5116
f 1397 1398 1457
f 1459 1399 1400
f 1461 1462 1335
f 1462 1463 1403
f 1404 1336 1403
f 1405 1337 1404
f 1466 1407 1340
f 1408 1467 1406
f 1468 1469 1408
f 1467 1411 1343
f 1470 1409 1342
f 1411 1471 1472
f 1414 1345 1412
f 1412 1413 1474
f 1476 1416 1346
f 1357 1347 1415
f 1478 1415 1416
f 1470 1474 1413
f 1432 1368 1349
f 1417 1351 1419
f 1418 1479 1480
f 1352 1420 6681
f 1481 1422 1353
f 1482 1356 1354
f 1423 1483 1484
f 1356 1482 1485
f 1424 1484 1479
f 1488 1427 1426
f 1428 1364 1430
f 1429 1362 1492
f 1430 1365 1431
f 1494 1431 1427
f 1417 1433 1370
f 1480 1434 1433
f 1373 1371 1434
f 1436 1435 1450
f 1438 1377 1437
f 1438 1496 1439
f 1440 1379 1439
f 1498 1441 1440
f 1444 1384 1441
f 1501 1385 1443
f 1504 1443 1444
f 1388 1447 1495
f 1506 1447 1446
f 1449 1457 1398
f 1449 1448 1508
f 1450 1480 1479
f 1451 1508 1448
f 1509 1510 1452
f 1452 1510 1511
f 1509 1453 1455
f 1513 1456 1397
f 1458 1457 1514
f 1459 1516 1402
f 1459 1460 1517
f 1461 1519 1463
f 1402 1516 1520
f 1464 1403 1463
f 1464 1522 1465
f 1405 1465 1523
f 1524 1468 1407
f 1467 1408 1469
f 1526 1527 1469
f 1525 1471 1411
f 1410 1472 1528
f 1530 1472 1471
f 1473 1531 1476
f 1473 1412 1475
f 1475 1474 1532
f 1535 1416 1476
f 1425 1415 1478
f 1477 1537 1538
f 1528 1532 1474
f 1421 6681 1539
f 1482 1422 1481
f 1485 1541 1483
f 1484 1483 1507
f 1485 1482 1540
f 1451 1479 1484
f 1486 1359 1536
f 1487 1545 1489
f 1489 1546 1547
f 1548 1490 1430
f 1492 1428 1490
f 1491 1492 1549
f 1431 1494 1551
f 1547 1552 1494
f 1434 1480 1450
f 1553 1496 1438
f 1554 1497 1439
f 1556 1498 1499
f 1503 1444 1498
f 1502 1443 1504
f 1501 1502 1558
f 1503 1559 1560
f 1505 1558 1561
f 1505 1446 1500
f 1457 1449 1507
f 1511 1510 1562
f 1454 1511 1512
f 1509 1512 1564
f 1513 1566 5121
f 1566 1513 1458
f 1541 1567 1515
f 1517 1460 5118
f 1516 1459 1518
f 1518 1517 1569
f 1520 1571 1519
f 1521 1463 1519
f 1573 1520 1516
f 1521 1574 1522
f 1522 1575 1523
f 1466 1523 1576
f 1468 1524 1577
f 1525 1469 1527
f 1579 1580 1527
f 1471 1525 1578
f 1581 1528 1472
f 1534 1476 1531
f 1533 1532 1583
f 1534 1584 1585
f 1586 1536 1478
f 1587 1588 1537
f 1537 1589 1590
f 1581 1583 1532
f 1539 1591 1540
f 1567 1541 1485
f 1514 1507 1483
f 1542 1540 1591
f 1593 1543 1536
f 1595 1486 1543
f 1486 1595 1596
f 1596 1545 1487
f 1545 1597 1546
f 1547 1546 1599
f 1493 1551 1600
f 1548 1601 1549
f 1552 1602 1551
f 1598 1603 1552
f 1604 1554 1496
f 1605 1499 1497
f 1606 1607 1556
f 1608 1555 1499
f 1556 1607 1559
f 1609 1558 1502
f 1504 1560 1610
f 1560 1559 1612
f 1613 1561 1558
f 1604 1506 1561
f 1615 1616 1563
f 1512 1511 1563
f 1617 1565 1564
f 1515 1567 1619
f 1569 1517 5122
f 1568 1518 1570
f 1622 1570 1569
f 1571 1520 1573
f 1519 1571 1624
f 1521 1572 1625
f 1573 1568 1620
f 1522 1574 1627
f 1628 1576 1523
f 1629 1577 1524
f 1526 1577 1630
f 1578 1527 1580
f 1632 1580 1579
f 1530 1634 1635
f 1584 1534 1533
f 1582 1583 1636
f 1638 1585 1584
f 1587 1477 1535
f 1538 1590 1640
f 1641 1642 1588
f 1589 1537 1588
f 1644 1590 1589
f 1581 1635 1636
f 1591 1539 5123
f 1542 1592 1619
f 5127 1592 1591
f 1646 1594 1543
f 1647 1593 1586
f 1594 1648 1649
f 1596 1595 1649
f 1650 1597 1545
f 1546 1597 1651
f 1598 1599 1652
f 1602 1654 1600
f 1655 1601 1548
f 1603 1657 1602
f 1653 1658 1603
f 1554 1604 1614
f 1659 1606 1555
f 1608 1605 1614
f 1612 1559 1607
f 1610 1662 1609
f 1611 1663 1610
f 1611 1612 1664
f 1662 1666 1613
f 1614 1561 1613
f 1615 1668 1669
f 1564 1563 1616
f 1562 1667 1670
f 1670 1667 1565
f 1617 1618 1671
f 1621 1569 5125
f 1673 1620 1570
f 1675 1622 1621
f 1676 1624 1571
f 1627 1623 1573
f 1625 1572 5207
f 1626 1620 1673
f 1626 1679 1628
f 1680 1629 1576
f 1681 1630 1577
f 1579 1630 1682
f 1632 1683 1631
f 1632 1633 1684
f 1687 1635 1634
f 1582 1637 1639
f 1688 1637 1636
f 1587 1585 1638
f 1638 1639 1690
f 1692 1640 1590
f 1693 1694 1642
f 1643 1588 1642
f 1643 1696 1645
f 1697 1644 1645
f 1635 1687 1689
f 1646 1699 1648
f 1593 1647 1700
f 1640 1692 1701
f 1702 1649 1648
f 1702 1704 1650
f 1704 1651 1597
f 1705 1652 1599
f 1653 1652 1707
f 1602 1657 1708
f 1600 1654 1709
f 1710 1657 1603
f 1706 1711 1658
f 1660 1712 1659
f 1606 1659 1713
f 1662 1610 1663
f 1664 1715 1714
f 1714 1715 1666
f 1712 1660 1613
f 1670 1716 1668
f 1718 1669 1668
f 1616 1669 1671
f 1617 1672 1716
f 1672 1671 1720
f 1674 1621 5129
f 1721 1673 1622
f 1723 1675 1674
f 1623 1627 1625
f 1624 1676 1678
f 1725 1724 1678
f 1726 1679 1673
f 1680 1628 1679
f 1727 1681 1629
f 1728 1682 1630
f 1729 1684 1633
f 1632 1685 1730
f 1685 1684 1732
f 1686 1733 1734
f 1686 1634 1683
f 1688 1690 1639
f 1689 1734 1735
f 1641 1638 1691
f 1692 1644 1697
f 1737 1738 1694
f 1695 1642 1694
f 1695 1740 1696
f 1645 1696 1741
f 1697 1698 1742
f 1699 1646 1700
f 1699 1745 1703
f 1647 1701 1746
f 1748 1702 1703
f 1748 1749 1704
f 1651 1704 1749
f 1750 1707 1652
f 1751 1706 1707
f 1753 1708 1657
f 1754 1709 1654
f 1710 1658 1711
f 1751 1757 1711
f 1661 1713 1715
f 1713 1712 1666
f 1668 1716 1759
f 1761 1718 1717
f 1669 1718 1720
f 1716 1672 1719
f 1762 1763 1719
f 1722 1674 5130
f 1764 1721 1675
f 1722 1765 1766
f 1721 1764 1767
f 1726 1767 1727
f 1728 1681 1727
f 1682 1728 1769
f 1770 1732 1684
f 1771 1730 1685
f 1731 1732 1772
f 1730 1771 1733
f 1774 1734 1733
f 1735 1776 1690
f 1777 1735 1734
f 1737 1693 1691
f 1737 1778 1779
f 1739 1694 1738
f 1740 1695 1739
f 1782 1741 1696
f 1783 1784 1742
f 1785 1743 1742
f 1744 1786 1745
f 1744 1700 1746
f 1788 1746 1701
f 1747 1789 1790
f 1749 1748 1790
f 1749 1791 1750
f 1752 1707 1750
f 1752 1793 1794
f 1795 1754 1708
f 1753 1710 1756
f 1754 1795 1797
f 1756 1711 1757
f 1751 1794 1799
f 1760 1717 1759
f 1801 1761 1760
f 1762 1720 1718
f 1800 1759 1719
f 1803 1804 1763
f 1802 1719 1763
f 1723 1766 1805
f 1807 1766 1765
f 1768 1727 1767
f 1809 1769 1728
f 1729 1769 1810
f 1811 1772 1732
f 1731 1773 1812
f 1813 1814 1773
f 1775 1733 1771
f 1775 1815 1816
f 1776 1735 1777
f 1816 1818 1777
f 1737 1776 1817
f 1820 1779 1778
f 1738 1779 1821
f 1780 1822 1781
f 1740 1781 1823
f 1825 1785 1784
f 1745 1786 1826
f 1746 1788 1827
f 1828 1829 1788
f 1826 1830 1789
f 1832 1790 1789
f 1833 1791 1790
f 1792 1750 1791
f 1834 1835 1794
f 1796 1836 1795
f 1796 1756 1798
f 1797 1795 1836
f 1798 1757 1799
f 1794 1835 1840
f 1800 1841 1842
f 1761 1801 1803
f 1804 1803 1801
f 1844 1802 1804
f 1807 1845 1805
f 1846 1847 1807
f 1849 1810 1769
f 1850 1811 1770
f 1772 1811 1851
f 1814 1852 1812
f 1853 1854 1814
f 1775 1812 1852
f 1855 1856 1816
f 1857 1817 1777
f 1818 1816 1856
f 1819 1778 1817
f 1819 1859 1860
f 1861 1821 1779
f 1821 1862 1822
f 1823 1781 1822
f 1825 1864 1828
f 1865 1826 1786
f 1787 1827 1866
f 1867 1829 1828
f 1868 1830 1826
f 1830 1869 1831
f 1870 1871 1832
f 1832 1871 1872
f 1873 1792 1833
f 1873 1834 1793
f 1874 1875 1835
f 1836 1796 1837
f 1837 1798 1839
f 1876 1878 1838
f 1880 1797 1838
f 1839 1799 1840
f 1875 1882 1840
f 1841 1883 1884
f 1843 1804 1842
f 1886 1844 1843
f 1883 1841 1802
f 1807 1847 1887
f 1809 1848 1888
f 1889 1850 1810
f 1890 1851 1811
f 1851 1891 1853
f 1852 1814 1854
f 1893 1894 1854
f 1815 1852 1892
f 1895 1896 1856
f 1857 1818 1858
f 1858 1856 1896
f 1899 1900 1860
f 1820 1860 1901
f 1902 1862 1821
f 1903 1864 1825
f 1904 1866 1827
f 1865 1866 1905
f 1906 1904 1829
f 1907 1867 1864
f 1868 1908 1869
f 1870 1831 1869
f 1910 1911 1871
f 1873 1872 1912
f 1913 1874 1834
f 1915 1875 1874
f 1839 1881 1916
f 1917 1878 1876
f 1879 1838 1878
f 1919 1880 1879
f 1840 1882 1921
f 1922 1882 1875
f 1924 1884 1883
f 1843 1884 1924
f 1925 1926 1886
f 1923 1883 1844
f 1888 1848 1845
f 1849 1888 1928
f 1850 1889 1929
f 1851 1890 1930
f 1893 1853 1891
f 1894 1932 1892
f 1933 1934 1894
f 1855 1892 1932
f 1896 1895 1936
f 1897 1858 1898
f 1938 1898 1896
f 1939 1940 1900
f 1941 1901 1860
f 1942 1902 1861
f 1943 1905 1866
f 1905 1944 1908
f 1919 1906 1867
f 1904 1906 1945
f 1909 1869 1908
f 1948 1910 1870
f 1911 1910 1950
f 1952 1871 1911
f 1874 1913 1953
f 1914 1955 1956
f 1881 1921 1957
f 1877 1916 1958
f 1917 1959 1918
f 1920 1879 1918
f 1907 1946 1880
f 1919 1920 1945
f 1961 1921 1882
f 1915 1956 1962
f 1923 1963 1964
f 1964 1925 1885
f 1926 1925 1966
f 1923 1886 1926
f 1928 1888 1887
f 1889 1928 1970
f 1971 1930 1890
f 1891 1930 1972
f 1933 1893 1931
f 1934 1974 1932
f 1975 1976 1934
f 1895 1932 1974
f 1935 1936 1977
f 1938 1979 1937
f 1899 1897 1937
f 1935 1978 1980
f 1981 1982 1940
f 1900 1940 1983
f 1984 1942 1901
f 1944 1905 1943
f 1945 1986 1985
f 1909 1947 1987
f 1988 1950 1910
f 1949 1989 1951
f 1949 1950 1990
f 1992 1993 1952
f 1912 1871 1952
f 1953 1995 1996
f 1914 1954 1997
f 1956 1955 1990
f 1999 1957 1921
f 1916 1957 2000
f 2001 1959 1917
f 1960 1918 1959
f 1986 1945 1920
f 1962 2003 1961
f 1998 2004 1962
f 1964 1963 2005
f 2006 1966 1925
f 1926 1965 2005
f 1965 1966 2008
f 1968 2009 1967
f 1967 2010 1969
f 1970 1928 1969
f 1929 1970 2011
f 2012 1972 1930
f 1931 1972 2013
f 2014 1975 1933
f 2015 1974 1934
f 2016 2017 1976
f 2015 1977 1936
f 2018 2019 1978
f 1938 1980 2020
f 1939 1937 1979
f 1980 1978 2019
f 2022 2023 1982
f 1983 1940 1982
f 1941 1983 2025
f 1985 2027 1947
f 2027 1985 1986
f 1987 1947 2027
f 1948 1987 2029
f 1998 1990 1950
f 1991 2030 1989
f 1992 1951 1989
f 1955 1997 1991
f 2032 1993 1992
f 1952 1993 2034
f 1994 1995 1953
f 2036 1996 1995
f 1954 1996 2037
f 1999 2038 2000
f 2001 1958 2000
f 2040 2002 1959
f 2004 2041 2003
f 1988 2029 2004
f 2042 2043 2006
f 1966 2006 2043
f 2042 2005 1965
f 2007 2008 2044
f 2009 2047 2010
f 2047 2011 1970
f 2011 2048 2012
f 1972 2012 2049
f 1973 2013 2050
f 2016 1975 2014
f 2015 1976 2017
f 2054 2017 2016
f 2052 2018 1977
f 2055 2056 2019
f 2020 1980 2021
f 1981 1979 2020
f 2021 2019 2056
f 2023 2022 2060
f 2024 1982 2023
f 2024 2062 2025
f 1984 2025 2063
f 2028 2027 2002
f 2029 1987 2028
f 1997 2037 2030
f 2030 2065 2031
f 1992 2031 2066
f 2067 2034 1993
f 2032 2033 2068
f 2035 1995 1994
f 2035 2070 2071
f 2037 1996 2073
f 2003 2041 2038
f 2041 2004 2029
f 2042 2074 2075
f 2044 2008 2043
f 2007 2045 2074
f 2009 2046 2077
f 2048 2011 2047
f 2048 2078 2049
f 2013 2049 2079
f 2051 2014 2050
f 2053 2016 2051
f 2052 2017 2054
f 2083 2084 2054
f 2085 2018 2052
f 2056 2055 2087
f 2057 2060 2022
f 2058 2088 2057
f 2058 2056 2086
f 2059 2090 2061
f 2059 2060 2091
f 2061 2093 2062
f 2063 2025 2062
f 2064 2028 2040
f 2072 2065 2030
f 2066 2031 2065
f 2033 2066 2096
f 2034 2067 2070
f 2097 2098 2069
f 2071 2070 2100
f 2101 2073 2036
f 2101 2102 2072
f 2039 2038 2041
f 2074 2103 2104
f 2044 2075 2106
f 2103 2074 2045
f 2107 2077 2046
f 2077 2107 2078
f 2078 2109 2110
f 2111 2080 2050
f 2081 2051 2080
f 2081 2113 2114
f 2082 2054 2084
f 2084 2083 2116
f 2115 2118 2085
f 2118 2087 2055
f 2086 2087 2120
f 2088 2091 2060
f 2089 2121 2088
f 2122 2089 2086
f 2059 2092 2123
f 2124 2093 2061
f 2125 2126 2092
f 2094 2062 2093
f 2065 2072 2102
f 2128 2096 2066
f 2068 2096 2129
f 2130 2100 2070
f 2131 2132 2069
f 2101 2071 2099
f 2135 2099 2100
f 2101 2133 2136
f 2103 2137 2138
f 2105 2106 2139
f 2105 2140 2137
f 2076 2108 2141
f 2107 2141 2109
f 2144 2110 2109
f 2111 2145 2112
f 2079 2110 2144
f 2113 2081 2112
f 2113 2147 2148
f 2115 2084 2117
f 2114 2148 2116
f 2150 2117 2116
f 2149 2152 2118
f 2087 2118 2152
f 2091 2088 2121
f 2153 2154 2122
f 2123 2092 2126
f 2124 2090 2123
f 2157 2127 2093
f 2158 2159 2126
f 2095 2102 2136
f 2160 2129 2096
f 2162 2097 2129
f 2100 2130 2163
f 2131 2163 2130
f 2165 2131 2098
f 2166 2133 2099
f 2134 2167 2168
f 2133 2166 2169
f 2137 2170 2171
f 2139 2106 2104
f 2140 2139 2172
f 2140 2173 2170
f 2174 2141 2108
f 2143 2176 2177
f 2144 2177 2145
f 2146 2112 2145
f 2146 2179 2147
f 2147 2180 2181
f 2117 2150 2182
f 2148 2181 2151
f 2151 2183 2184
f 2182 2185 2152
f 2120 2152 2185
f 2187 2158 2125
f 2119 2186 2188
f 2189 2190 2154
f 2191 2122 2154
f 2193 2156 2123
f 2194 2155 2126
f 2156 2195 2157
f 2196 2197 2159
f 2136 2169 2160
f 2161 2129 2160
f 2161 2199 2200
f 2163 2201 2167
f 2164 2098 2162
f 2131 2165 2201
f 2164 2202 2203
f 2204 2166 2135
f 2166 2204 2205
f 2171 2170 2207
f 2172 2139 2138
f 2209 2173 2172
f 2209 2207 2170
f 2142 2175 2210
f 2212 2213 2176
f 2176 2214 2215
f 2178 2145 2177
f 2146 2178 2216
f 2180 2147 2179
f 2219 2181 2180
f 2150 2184 2220
f 2183 2151 2181
f 2183 2221 2222
f 2223 2185 2182
f 2185 2223 2224
f 2225 2196 2158
f 2226 2188 2186
f 2227 2189 2153
f 2228 2229 2190
f 2192 2154 2190
f 2187 2191 2192
f 2193 2231 2195
f 2155 2194 2232
f 2159 2197 2233
f 2197 2196 2234
f 2198 2160 2169
f 2198 2236 2199
f 2237 2200 2199
f 2201 2239 2240
f 2200 2237 2202
f 2165 2203 2239
f 2202 2241 2242
f 2168 2243 2244
f 2245 2205 2204
f 2172 2171 2206
f 2246 2247 2206
f 2248 2249 2209
f 2249 2246 2207
f 2175 2211 2250
f 2174 2210 2213
f 2214 2176 2213
f 2214 2252 2253
f 2215 2253 2216
f 2254 2217 2179
f 2180 2217 2255
f 2218 2256 2257
f 2220 2184 2259
f 2219 2257 2221
f 2221 2260 2261
f 2262 2223 2220
f 2224 2223 2262
f 2264 2234 2196
f 2265 2227 2188
f 2224 2263 2266
f 2229 2228 2268
f 2190 2229 2269
f 2270 2225 2192
f 2193 2232 2271
f 2272 2232 2194
f 2273 2233 2197
f 2235 2234 2275
f 2205 2245 2236
f 2276 2238 2199
f 2238 2277 2278
f 2279 2240 2239
f 2237 2278 2241
f 2203 2242 2280
f 2281 2282 2242
f 2283 2244 2243
f 2283 2285 2245
f 2208 2206 2247
f 2246 2286 2287
f 2249 2248 2289
f 2288 2286 2246
f 2290 2250 2211
f 2251 2213 2210
f 2251 2292 2252
f 2252 2293 2294
f 2254 2216 2253
f 2217 2254 2295
f 2255 2296 2256
f 2258 2259 2297
f 2260 2221 2257
f 2261 2260 2301
f 2297 2259 2222
f 2302 2262 2258
f 2262 2302 2303
f 2304 2275 2234
f 2266 2305 2265
f 2306 2227 2265
f 2308 2269 2229
f 2306 2268 2228
f 2271 2232 2309
f 2233 2273 2311
f 2273 2235 2274
f 2313 2274 2275
f 2236 2245 2285
f 2315 2277 2238
f 2316 2278 2277
f 2284 2240 2279
f 2280 2319 2320
f 2321 2241 2278
f 2319 2280 2242
f 2282 2281 2323
f 2283 2284 2318
f 2324 2325 2285
f 2248 2247 2287
f 2326 2327 2287
f 2288 2289 2328
f 2288 2329 2326
f 2330 2290 7438
f 2251 2250 2331
f 2333 2293 2252
f 2293 2334 2335
f 2295 2254 2294
f 2255 2295 2336
f 2296 2337 2338
f 2339 2301 2260
f 2300 2340 2297
f 2298 2341 2342
f 2302 2342 2343
f 2314 2275 2304
f 2345 2304 2264
f 2307 2265 2305
f 2308 2348 2349
f 2351 2308 2267
f 2352 2353 2268
f 2312 2355 2311
f 2311 2354 2309
f 2312 2274 2357
f 2357 2274 2313
f 2358 2313 2314
f 2276 2285 2325
f 2315 2360 2317
f 2317 2361 2362
f 2318 2279 2320
f 2364 2320 2319
f 2316 2362 2366
f 2365 2319 2282
f 2321 2366 2323
f 2368 2322 2323
f 2324 2318 2363
f 2369 2370 2325
f 2287 2327 2328
f 2371 2327 2326
f 2373 2374 2329
f 2326 2329 2374
f 2332 2375 2330
f 2330 2376 2331
f 2377 2292 2331
f 2379 2293 2333
f 2334 2293 2379
f 2334 2381 2382
f 2295 2335 2382
f 2337 2296 2336
f 2338 2337 2384
f 2338 2339 2299
f 2386 2387 2301
f 2340 2300 2389
f 2341 2298 2340
f 2341 2390 2391
f 2342 2391 2392
f 2393 2394 2303
f 2396 2344 2304
f 2314 2344 2397
f 2400 2307 2346
f 2401 2346 2305
f 2395 2402 2347
f 2351 2403 2348
f 2345 2349 2348
f 2404 2405 2351
f 2350 2267 2353
f 2353 2352 2408
f 2356 2411 2355
f 2354 2311 2355
f 2356 2357 2412
f 2414 2412 2357
f 2359 2415 2414
f 2315 2325 2370
f 2361 2317 2360
f 2418 2362 2361
f 2419 2363 2320
f 2420 2364 2365
f 2422 2366 2362
f 2322 2368 2421
f 2367 2323 2366
f 2367 2423 2424
f 2363 2419 2425
f 2369 2425 2426
f 2371 2373 2328
f 2428 2371 2372
f 2374 2373 2430
f 2429 2427 2372
f 2432 2376 2330
f 2433 2377 2376
f 2378 2333 2377
f 2434 2381 2334
f 2435 2436 2382
f 2383 2437 2384
f 2383 2336 2436
f 2385 2386 2339
f 2440 2387 2386
f 2388 2389 2441
f 2442 2390 2341
f 2444 2391 2390
f 2392 2391 2444
f 2393 2343 2392
f 2393 2447 2448
f 2394 2449 2395
f 2397 2450 2415
f 2399 2451 2452
f 2352 2307 2400
f 2399 2346 2401
f 2398 2455 2456
f 2458 2347 2402
f 2347 2458 2455
f 2403 2351 2405
f 2396 2348 2403
f 2406 2461 2404
f 2462 2452 2405
f 2407 2463 2406
f 2352 2453 2464
f 2407 2408 2465
f 2467 2410 2409
f 2413 2469 2411
f 2409 2355 2411
f 2413 2412 2471
f 2412 2414 2472
f 2472 2414 2415
f 2416 2360 2370
f 2361 2416 2474
f 2417 2475 2476
f 2477 2419 2364
f 2420 2421 2478
f 2480 2422 2418
f 2424 2478 2421
f 2422 2480 2423
f 2424 2423 2481
f 2419 2477 2483
f 2484 2426 2425
f 2430 2373 2371
f 2485 2486 2428
f 2429 2430 2487
f 2433 2432 2490
f 2491 2492 2378
f 2490 2432 2434
f 2381 2434 2493
f 2436 2435 2495
f 2496 2437 2383
f 2497 2498 2384
f 2439 2386 2385
f 2500 2501 2442
f 2501 2443 2390
f 2444 2443 2503
f 2504 2446 2392
f 2446 2505 2447
f 2447 2506 2507
f 2394 2448 2508
f 2509 2510 2450
f 2473 2415 2450
f 2399 2454 2511
f 2462 2453 2400
f 2512 2454 2401
f 2457 2402 2449
f 2514 2455 2458
f 2459 2509 2460
f 2459 2405 2452
f 2463 2515 2461
f 2462 2404 2461
f 2466 2517 2463
f 2516 2464 2453
f 2408 2464 2518
f 2520 2466 2465
f 2467 2468 2522
f 2470 2523 2469
f 2468 2411 2469
f 2524 2525 2470
f 2472 2526 2527
f 2526 2472 2473
f 2474 2416 2426
f 2417 2474 2528
f 2476 2475 2530
f 2479 2531 2477
f 2532 2533 2479
f 2534 2480 2476
f 2482 2532 2478
f 2481 2423 2480
f 2535 2536 2482
f 2537 2483 2477
f 2483 2537 2538
f 2485 2539 2540
f 2488 2487 2542
f 2431 2489 2544
f 2491 2490 2380
f 2547 2548 2496
f 2549 2550 2498
f 2439 2498 2550
f 2553 2501 2500
f 2441 2552 2555
f 2556 2443 2501
f 2557 2558 2502
f 2445 2559 2560
f 2505 2561 2506
f 2563 2507 2506
f 2508 2448 2507
f 2511 2450 2510
f 2473 2511 2454
f 2526 2512 2456
f 2565 2457 2508
f 2566 2514 2513
f 2517 2568 2515
f 2516 2461 2515
f 2570 2571 2517
f 2569 2518 2464
f 2572 2465 2518
f 2575 2520 2519
f 2572 2576 2519
f 2522 2577 2578
f 2579 2577 2525
f 2514 2566 2527
f 2538 2528 2474
f 2580 2530 2475
f 2529 2530 2582
f 2531 2479 2533
f 2584 2585 2533
f 2581 2586 2534
f 2532 2482 2536
f 2535 2481 2534
f 2587 2588 2536
f 2589 2537 2531
f 2590 2538 2537
f 2591 2539 2485
f 2540 2539 2593
f 2540 2594 2595
f 2541 2542 2596
f 2543 2597 2544
f 2547 2495 2544
f 2547 2598 2599
f 2496 2548 2600
f 2497 2600 2601
f 2550 2549 2603
f 2604 2499 2440
f 2554 2500 2555
f 2553 2554 2607
f 2605 2609 2555
f 2553 2608 2610
f 2611 2612 2558
f 2559 2445 2502
f 2557 2503 2556
f 2559 2614 2615
f 2504 2560 2616
f 2561 2505 2617
f 2506 2561 2619
f 2567 2565 2563
f 2565 2567 2513
f 2566 2567 2562
f 2568 2517 2571
f 2621 2569 2515
f 2622 2623 2571
f 2573 2518 2569
f 2573 2624 2576
f 2574 2625 2626
f 2570 2520 2575
f 2574 2519 2576
f 2523 2525 2577
f 2579 2562 2578
f 2527 2566 2579
f 2528 2538 2590
f 2530 2580 2629
f 2581 2582 2631
f 2583 2533 2585
f 2585 2584 2634
f 2630 2635 2586
f 2588 2634 2584
f 2535 2586 2635
f 2588 2587 2636
f 2589 2583 2632
f 2638 2639 2590
f 2591 2640 2593
f 2592 2641 2594
f 2643 2592 2593
f 2542 2595 2594
f 2640 2591 2596
f 2543 2645 2646
f 2647 2599 2598
f 2649 2600 2548
f 2650 2601 2600
f 2601 2651 2603
f 2602 2652 2653
f 2602 2603 2654
f 2604 2656 2605
f 2551 2653 2656
f 2606 2657 2607
f 2606 2555 2609
f 2607 2659 2660
f 2662 2609 2605
f 2608 2660 2663
f 2557 2610 2663
f 2665 2612 2611
f 2559 2558 2612
f 2560 2615 2666
f 2618 2617 2667
f 2669 2670 2619
f 2619 2671 2628
f 2621 2568 2620
f 2620 2571 2623
f 2674 2675 2623
f 2672 2624 2573
f 2576 2624 2676
f 2627 2677 2625
f 2625 2678 2679
f 2674 2622 2575
f 2639 2629 2580
f 2582 2629 2680
f 2630 2631 2681
f 2632 2585 2633
f 2633 2634 2685
f 2682 2686 2635
f 2637 2685 2634
f 2686 2636 2587
f 2687 2688 2637
f 2638 2632 2683
f 2689 2690 2639
f 2593 2640 2691
f 2592 2643 2692
f 2596 2594 2641
f 2642 2693 2694
f 2695 2691 2640
f 2697 2597 2646
f 2699 2649 2599
f 2697 2700 2647
f 2650 2701 2651
f 2702 2650 2649
f 2654 2603 2651
f 2652 2602 2655
f 2652 2705 2656
f 2706 2661 2605
f 2606 2658 2707
f 2659 2607 2657
f 2709 2658 2609
f 2711 2660 2659
f 2712 2662 2661
f 2714 2715 2663
f 2664 2716 2717
f 2612 2665 2718
f 2664 2611 2715
f 2720 2666 2615
f 2616 2666 2667
f 2668 2667 2723
f 2668 2724 2669
f 2724 2725 2670
f 2671 2619 2670
f 2673 2727 2672
f 2673 2623 2675
f 2729 2675 2674
f 2727 2676 2624
f 2627 2676 2731
f 2677 2732 2678
f 2678 2733 2734
f 2626 2679 2730
f 2690 2680 2629
f 2631 2680 2735
f 2736 2737 2682
f 2684 2738 2683
f 2684 2685 2739
f 2737 2741 2686
f 2685 2637 2688
f 2636 2686 2741
f 2688 2687 2743
f 2689 2683 2738
f 2744 2745 2690
f 2693 2642 2691
f 2747 2692 2643
f 2641 2692 2695
f 2748 2694 2693
f 2691 2695 2750
f 2696 2751 2698
f 2698 2753 2700
f 2700 2754 2699
f 2650 2702 2755
f 2756 2702 2699
f 2704 2757 2705
f 2706 2758 2713
f 2759 2707 2658
f 2657 2707 2760
f 2708 2761 2710
f 2762 2709 2662
f 2710 2763 2764
f 2660 2711 2765
f 2712 2713 2766
f 2664 2719 2768
f 2770 2717 2716
f 2771 2718 2665
f 2721 2615 2718
f 2723 2667 2666
f 2721 2772 2773
f 2724 2668 2722
f 2722 2723 2776
f 2774 2777 2725
f 2726 2670 2725
f 2728 2779 2727
f 2780 2728 2675
f 2730 2781 2782
f 2779 2731 2676
f 2731 2783 2732
f 2733 2678 2732
f 2785 2734 2733
f 2781 2730 2679
f 2680 2690 2745
f 2681 2735 2787
f 2788 2789 2737
f 2740 2790 2738
f 2740 2739 2791
f 2789 2793 2741
f 2742 2791 2739
f 2687 2741 2793
f 2794 2742 2743
f 2744 2738 2790
f 2796 2797 2745
f 2747 2750 2695
f 2694 2748 2798
f 2748 2749 2799
f 2746 2750 2801
f 2752 2803 2804
f 2754 2700 2753
f 2806 2755 2702
f 2808 2705 2757
f 2766 2713 2758
f 2709 2762 2811
f 2707 2759 2812
f 2813 2763 2710
f 2767 2814 2762
f 2763 2815 2816
f 2711 2764 2817
f 2714 2765 2818
f 2766 2820 2821
f 2822 2769 2716
f 2769 2823 2824
f 2825 2771 2717
f 2772 2721 2771
f 2773 2776 2723
f 2827 2773 2772
f 2775 2828 2774
f 2828 2829 2777
f 2778 2725 2777
f 2831 2779 2728
f 2782 2832 2780
f 2781 2833 2834
f 2779 2831 2783
f 2784 2732 2783
f 2784 2836 2786
f 2786 2837 2838
f 2839 2833 2781
f 2735 2745 2797
f 2736 2787 2840
f 2841 2842 2789
f 2792 2843 2790
f 2792 2791 2845
f 2793 2789 2842
f 2794 2845 2791
f 2795 2743 2793
f 2795 2847 2848
f 2796 2790 2843
f 2849 2850 2797
f 2747 2798 2801
f 2748 2800 2851
f 2749 2801 2852
f 2800 2799 2853
f 2752 2802 2856
f 2753 2751 2857
f 2858 2806 2756
f 2859 2860 2808
f 2861 2809 2705
f 2810 2862 2820
f 2812 2759 2811
f 2812 2864 2865
f 2866 2867 2763
f 2867 2868 2815
f 2869 2870 2816
f 2871 2817 2764
f 2817 2872 2818
f 2819 2818 2873
f 2875 2821 2820
f 2822 2877 2823
f 2768 2819 2874
f 2878 2824 2823
f 2880 2825 2770
f 2826 2772 2825
f 2773 2827 2881
f 2827 2826 2883
f 2881 2884 2828
f 2884 2885 2829
f 2830 2777 2829
f 2831 2780 2832
f 2782 2834 2888
f 2834 2833 2889
f 2835 2783 2831
f 2835 2891 2836
f 2837 2786 2836
f 2893 2838 2837
f 2839 2785 2838
f 2895 2889 2833
f 2850 2840 2787
f 2788 2840 2896
f 2842 2841 2898
f 2844 2899 2843
f 2844 2845 2900
f 2846 2842 2897
f 2848 2900 2845
f 2846 2902 2847
f 2904 2848 2847
f 2849 2843 2899
f 2905 2906 2850
f 2798 2851 2852
f 2854 2907 2851
f 2799 2852 2908
f 2854 2853 2910
f 2911 2751 2804
f 5165 2913 2855
f 2802 2855 2914
f 2915 2916 2803
f 2805 2857 2917
f 2860 2918 2862
f 2876 2820 2862
f 2864 2812 2863
f 2811 2814 2921
f 2922 2865 2864
f 2813 2865 2922
f 2867 2866 2924
f 2925 2926 2868
f 2927 2869 2815
f 2928 2929 2870
f 2816 2870 2930
f 2871 2931 2872
f 2873 2818 2872
f 2874 2873 2924
f 2934 2814 2821
f 2875 2876 2935
f 2874 2933 2877
f 2877 2923 2879
f 2824 2878 2937
f 2938 2878 2879
f 2880 2937 2883
f 2884 2881 2827
f 2883 2936 2935
f 2882 2935 2885
f 2886 2829 2885
f 2887 2832 2888
f 2940 2888 2834
f 2890 2889 2942
f 2939 2891 2835
f 2892 2836 2891
f 2944 2894 2837
f 2895 2838 2893
f 2946 2947 2893
f 2945 2942 2889
f 2906 2896 2840
f 2841 2896 2948
f 2897 2898 2949
f 2844 2901 2951
f 2950 2952 2902
f 2904 2953 2900
f 2903 2847 2902
f 2954 2955 2904
f 2899 2951 2956
f 2956 2957 2906
f 2851 2907 2908
f 2909 2958 2907
f 2853 2908 2959
f 2909 2910 2960
f 2911 2912 2961
f 2914 2855 2913
f 2915 2965 2966
f 2916 2961 2912
f 2968 2917 2857
f 2919 2862 2918
f 2885 2935 2876
f 2920 2879 2923
f 2863 2921 2938
f 2923 2877 2933
f 2933 2924 2866
f 2925 2924 2873
f 2932 2970 2926
f 2868 2926 2971
f 2869 2927 2972
f 2973 2974 2929
f 2930 2870 2929
f 2871 2930 2976
f 2931 2970 2932
f 2875 2936 2977
f 2878 2938 2977
f 2977 2936 2883
f 2888 2940 2978
f 2940 2890 2941
f 2941 2942 2980
f 2978 2943 2891
f 2943 2982 2944
f 2894 2944 2983
f 2945 2893 2947
f 2985 2986 2947
f 2984 2980 2942
f 2957 2948 2896
f 2898 2948 2987
f 2950 2949 2989
f 2990 2951 2901
f 2988 2991 2952
f 2953 2904 2955
f 2903 2952 2991
f 2993 2994 2955
f 2995 2956 2951
f 2995 2996 2957
f 2907 2958 2959
f 2959 2958 2960
f 2997 2998 2962
f 2964 3000 2963
f 2914 2963 2965
f 3002 2966 2965
f 2961 2916 2966
f 2968 2967 3005
f 2921 2934 2977
f 2926 2970 3006
f 2928 2972 3007
f 3008 3009 2974
f 2975 2929 2974
f 3011 2976 2930
f 2976 3006 2970
f 3012 2978 2940
f 2941 2981 3013
f 3014 2981 2980
f 2978 3012 2982
f 3016 2983 2944
f 2985 2946 2983
f 2984 2947 2986
f 2985 3019 3020
f 3015 2980 2984
f 2996 2987 2948
f 2949 2987 3021
f 2990 2953 2992
f 2988 3023 3024
f 2992 2955 2994
f 2954 2991 3024
f 2994 2993 3027
f 2990 3022 3028
f 2995 3028 3029
f 3030 3031 2998
f 2999 2962 2998
f 3033 3000 2964
f 2965 2963 3000
f 5172 2969 2968
f 3005 3035 3036
f 3040 2971 3006
f 2972 3041 3042
f 2973 3007 3043
f 3008 3044 3045
f 2974 3009 3046
f 3047 3011 2975
f 2976 3011 3039
f 2979 3013 3048
f 3049 3013 2981
f 3015 3050 3051
f 3016 2982 3012
f 3052 3017 2983
f 3017 3053 3019
f 3018 2986 3020
f 3055 3020 3019
f 3054 3050 3015
f 2987 2996 3029
f 2989 3021 3057
f 2992 3025 3058
f 3024 3023 3060
f 2994 3026 3061
f 3059 3027 2993
f 3026 3027 3062
f 3058 3064 3028
f 3065 3029 3028
f 3066 3067 3031
f 3068 3032 2998
f 3034 3069 3033
f 3000 3033 3070
f 3004 3036 3038
f 3074 3036 3035
f 3078 3040 3039
f 3042 3041 3040
f 3007 3042 3079
f 3008 3043 3080
f 3081 3045 3044
f 3009 3045 3083
f 3010 3046 3084
f 3077 3039 3011
f 3085 3048 3013
f 3014 3051 3086
f 3050 3087 3088
f 3052 3016 3048
f 3052 3089 3053
f 3053 3090 3056
f 3091 3054 3020
f 3056 3092 3093
f 3087 3050 3054
f 3065 3057 3021
f 3057 3094 3060
f 3095 3058 3025
f 3059 3060 3096
f 3061 3026 3063
f 3097 3062 3027
f 3099 3100 3063
f 3101 3064 3058
f 3064 3101 3102
f 3066 3103 3104
f 3105 3068 3031
f 3107 3032 3068
f 3034 3071 3108
f 3033 3069 3109
f 3070 3110 3072
f 3111 3071 3037
f 3002 3072 3103
f 3036 3074 3076
f 3112 3113 3074
f 3106 3073 3035
f 3075 3076 3074
f 3116 3078 3077
f 3079 3042 3078
f 3118 3080 3043
f 3119 3083 3045
f 3120 3081 3082
f 3122 3084 3046
f 3047 3084 3117
f 3123 3085 3049
f 3051 3088 3124
f 3087 3125 3126
f 3085 3123 3089
f 3089 3127 3090
f 3092 3056 3090
f 3055 3093 3129
f 3093 3092 3131
f 3091 3129 3125
f 3065 3102 3094
f 3096 3060 3094
f 3061 3098 3133
f 3134 3135 3097
f 3063 3100 3136
f 3099 3062 3097
f 3137 3138 3100
f 3095 3133 3139
f 3140 3102 3101
f 3067 3104 3141
f 3068 3105 3142
f 3111 3143 3108
f 3144 3109 3069
f 5175 3114 3145
f 3146 3113 3112
f 3106 3148 3112
f 3075 3113 3149
f 3150 5180 5178
f 3117 3151 3152
f 3116 3152 3118
f 3153 3154 3080
f 3155 3119 3081
f 3119 3156 3157
f 3158 3159 3121
f 3121 3160 3161
f 3151 3117 3084
f 3086 3124 3162
f 3088 3126 3163
f 3126 3125 3165
f 3123 3162 3127
f 3090 3127 3166
f 3131 3092 3128
f 3130 3168 3129
f 3130 3131 3169
f 3125 3129 3168
f 3102 3171 3132
f 3132 3172 3134
f 3133 3098 3136
f 3174 3135 3134
f 3137 3099 3135
f 3137 3175 3176
f 3139 3133 3173
f 3139 3177 3178
f 3104 3179 3180
f 3181 3142 3105
f 3142 3182 3183
f 3111 3145 3184
f 3186 3108 3143
f 3110 3109 3144
f 3187 3145 3114
f 3148 3188 3147
f 3146 3147 3189
f 3183 3191 3148
f 3115 3149 3193
f 3196 3152 3151
f 3153 3118 3152
f 3158 3154 3153
f 3120 3161 3198
f 3119 3155 3199
f 3195 3157 3156
f 3197 3201 3159
f 3160 3121 3159
f 3204 3161 3160
f 3195 3151 3122
f 3163 3205 3162
f 3206 3163 3126
f 3164 3165 3207
f 3127 3162 3205
f 3209 3167 3128
f 3131 3167 3210
f 3170 3211 3168
f 3170 3169 3213
f 3211 3207 3165
f 3214 3172 3132
f 3173 3136 3138
f 3215 3174 3172
f 3174 3215 3175
f 3175 3216 3217
f 3176 3217 3177
f 3178 3177 3218
f 3179 3144 3186
f 3141 3180 3220
f 3181 3221 3182
f 3182 3222 3191
f 3223 3184 3145
f 3185 3143 3184
f 3225 3186 3185
f 3227 3187 5179
f 3188 3148 3191
f 3229 3147 3188
f 3190 3189 3231
f 3190 3193 3149
f 3150 3193 3233
f 3195 3200 3235
f 3196 3235 3197
f 3236 3198 3161
f 3237 3199 3155
f 3156 3199 3238
f 3201 3197 3235
f 3202 3159 3201
f 3203 3160 3202
f 3242 3204 3203
f 3206 3244 3205
f 3206 3164 3208
f 3208 3207 3246
f 3166 3205 3244
f 3167 3209 3248
f 3249 3213 3169
f 3212 3250 3211
f 3212 3213 3251
f 3250 3246 3207
f 3214 3171 3140
f 3253 3254 3215
f 3215 3254 3216
f 3217 3216 3256
f 3253 3178 3219
f 3225 3220 3180
f 3258 3259 3221
f 3260 3222 3182
f 3228 3191 3222
f 3262 3224 3184
f 3263 3223 3187
f 3224 3264 3226
f 3226 3265 3266
f 3267 3227 3192
f 3228 3268 3230
f 3270 3229 3230
f 3270 3231 3189
f 3271 3272 3232
f 3193 3190 3232
f 3273 3234 3194
f 3239 3235 3200
f 3236 3274 3237
f 3275 3236 3204
f 3276 3238 3199
f 3239 3277 3240
f 3241 3202 3240
f 3241 3279 3243
f 3243 3280 3281
f 3244 3206 3245
f 3245 3208 3247
f 3284 3285 3247
f 3282 3248 3209
f 3210 3248 3286
f 3287 3251 3213
f 3252 3288 3250
f 3252 3251 3290
f 3246 3250 3288
f 3257 3291 3254
f 3216 3254 3291
f 3292 3218 3217
f 3255 3256 3293
f 3257 3219 3296
f 3266 3258 3220
f 3259 3258 3266
f 3298 3260 3221
f 3299 3261 3222
f 3228 3261 3300
f 3262 3301 3264
f 3223 3263 3302
f 3227 3267 3303
f 3265 3226 3264
f 3266 3265 3305
f 3269 3230 3268
f 3269 3308 3309
f 3271 3231 3270
f 3310 3311 3272
f 3233 3232 3272
f 3234 3273 3312
f 3277 3239 3238
f 3275 3313 3274
f 3276 3237 3274
f 3281 3315 3275
f 3278 3240 3277
f 3279 3241 3278
f 3280 3243 3279
f 3280 3319 3320
f 3282 3245 3283
f 3283 3247 3285
f 3323 3324 3285
f 3321 3286 3248
f 3325 3287 3249
f 3326 3290 3251
f 3288 3252 3289
f 3328 3289 3290
f 3323 3284 3288
f 3330 3291 3257
f 3256 3291 3331
f 3292 3255 3294
f 3294 3293 3333
f 3292 3332 3296
f 3296 3335 3336
f 3337 3298 3259
f 3338 3299 3260
f 3261 3299 3339
f 3300 3340 3307
f 3302 3341 3301
f 3342 3304 3264
f 3302 3263 3303
f 3344 3303 3267
f 3265 3304 3345
f 3297 3305 3346
f 3307 3348 3308
f 3349 3309 3308
f 3351 3310 3271
f 3311 3310 3352
f 3311 3312 3273
f 8445 3312 3354
f 3314 3316 3277
f 3313 3275 3315
f 3314 3274 3313
f 3357 3315 3281
f 3317 3278 3316
f 3317 3359 3318
f 3318 3360 3319
f 3361 3320 3319
f 3322 3363 3321
f 3322 3285 3324
f 3365 3366 3324
f 3286 3321 3363
f 3367 3326 3287
f 3326 3368 3329
f 3289 3328 3369
f 3370 3328 3329
f 3327 3369 3365
f 3330 3295 3336
f 3293 3331 3373
f 3334 3374 3332
f 3375 3376 3334
f 3332 3374 3335
f 3378 3336 3335
f 3379 3338 3298
f 3380 3339 3299
f 3300 3339 3381
f 3340 3382 3348
f 3343 3383 3341
f 3301 3341 3384
f 3385 3345 3304
f 3343 3303 3344
f 3347 3387 3344
f 3305 3345 3388
f 3337 3346 3389
f 3348 3391 3350
f 3350 3392 3393
f 3394 3352 3310
f 3352 3395 3396
f 3353 3354 3312
f 3397 8528 8485
f 3356 3358 3316
f 3355 3315 3399
f 3355 3400 3356
f 3357 3320 3361
f 3358 3402 3359
f 3360 3318 3359
f 3360 3404 3362
f 3361 3362 3405
f 3364 3407 3363
f 3324 3366 3408
f 3409 3410 3366
f 3407 3367 3325
f 3326 3367 3411
f 3371 3329 3368
f 3413 3369 3328
f 3370 3371 3414
f 3365 3369 3413
f 3372 3336 3378
f 3372 3373 3331
f 3333 3373 3417
f 3418 3374 3334
f 3419 3420 3376
f 3377 3335 3374
f 3377 3421 3422
f 3423 3380 3338
f 3339 3380 3424
f 3381 3425 3382
f 3391 3348 3382
f 3342 3384 3427
f 3428 3388 3345
f 3386 3344 3387
f 3390 3430 3387
f 3431 3389 3346
f 3379 3389 3432
f 3391 3434 3392
f 3436 3393 3392
f 3393 3394 3351
f 3394 3437 3395
f 3395 3438 3439
f 3396 3397 3354
f 8528 3397 3440
f 3356 3400 3402
f 3400 3355 3398
f 3398 3399 3443
f 3361 3406 3445
f 3401 3443 3399
f 3403 3359 3402
f 3403 3447 3404
f 3362 3404 3448
f 3406 3405 3450
f 3408 3451 3407
f 3410 3452 3408
f 3453 3454 3410
f 3451 3411 3367
f 3368 3411 3455
f 3456 3414 3371
f 3413 3370 3415
f 3415 3414 3459
f 3457 3453 3409
f 3460 3416 3378
f 3416 3417 3373
f 3375 3417 3461
f 3418 3376 3420
f 3463 3464 3420
f 3418 3462 3421
f 3422 3421 3466
f 3467 3424 3380
f 3381 3424 3468
f 3426 3382 3425
f 3391 3426 3470
f 3384 3383 3471
f 3472 3428 3385
f 3388 3428 3473
f 3429 3387 3430
f 3386 3429 3475
f 3476 3430 3390
f 3477 3432 3389
f 3423 3432 3478
f 3433 5188 5189
f 3435 3392 3434
f 3435 3481 3482
f 3437 3394 3393
f 3437 3483 3438
f 3485 3439 3438
f 3397 3396 3439
f 3440 3486 3441
f 3442 3446 3402
f 3442 3398 3444
f 3489 3490 3444
f 3445 3406 3449
f 3445 3489 3443
f 3403 3446 3492
f 3493 3448 3404
f 3405 3448 3494
f 3449 3450 3495
f 3451 3408 3452
f 3454 3498 3452
f 3499 3500 3454
f 3497 3455 3411
f 3501 3456 3412
f 3414 3456 3502
f 3457 3415 3458
f 3504 3505 3458
f 3503 3499 3453
f 3465 3506 3460
f 3417 3416 3460
f 3461 3507 3508
f 3462 3420 3464
f 3464 3463 3511
f 3421 3462 3509
f 3465 3466 3512
f 3514 3468 3424
f 3425 3468 3515
f 3516 3470 3426
f 3434 3470 3517
f 3428 3472 3518
f 3431 3473 3519
f 3520 3474 3430
f 3474 3521 3475
f 3433 3479 3522
f 3478 3432 3477
f 3467 3478 3524
f 3480 3526 3481
f 3528 3482 3481
f 3436 3482 3483
f 3484 3438 3483
f 3484 3530 3531
f 3486 3440 3439
f 3486 3532 3487
f 3488 3492 3446
f 3488 3444 3490
f 3535 3536 3490
f 3491 3449 3496
f 3491 3535 3489
f 3447 3492 3538
f 3539 3494 3448
f 3540 3495 3450
f 3541 3542 3496
f 3497 3452 3498
f 3544 3498 3454
f 3500 3499 3546
f 3501 3455 3497
f 3547 3502 3456
f 3459 3502 3548
f 3503 3458 3505
f 3504 3550 3551
f 3549 3546 3499
f 3513 3552 3506
f 3461 3460 3506
f 3507 3553 3554
f 3510 3555 3509
f 3463 3508 3554
f 3511 3556 3557
f 3509 3555 3558
f 3559 3560 3513
f 3514 3561 3515
f 3562 3516 3469
f 3563 3517 3470
f 3517 3564 3526
f 3566 3519 3473
f 3523 3477 3519
f 3568 3520 3476
f 3474 3520 3569
f 3570 3471 3475
f 3571 3522 3479
f 3561 3514 3524
f 5192 3573 3525
f 3527 3481 3526
f 3575 3528 3527
f 3482 3528 3529
f 3529 3577 3530
f 3530 3578 3579
f 3485 3531 3532
f 3533 3487 3532
f 3534 3538 3492
f 3534 3490 3536
f 3536 3535 3584
f 3584 3535 3491
f 3537 3496 3542
f 3493 3538 3586
f 3494 3539 3587
f 3588 3541 3495
f 3541 3589 3590
f 3543 3498 3544
f 3545 3592 3544
f 3545 3546 3593
f 3501 3543 3591
f 3502 3547 3595
f 3504 3548 3596
f 3505 3551 3597
f 3550 3598 3599
f 3597 3593 3546
f 3552 3513 3560
f 3553 3507 3506
f 3553 3601 3602
f 3557 3603 3555
f 3511 3554 3602
f 3556 3604 3605
f 3555 3603 3606
f 3558 3606 3559
f 3560 3559 3608
f 3562 3515 3561
f 3610 3563 3516
f 3611 3564 3517
f 3574 3526 3564
f 3613 3567 3519
f 3518 3565 3614
f 3567 3615 3616
f 3568 3617 3569
f 3618 3568 3522
f 3619 3620 3570
f 3525 3573 3621
f 3572 3623 3609
f 3572 3524 3622
f 3574 3626 3576
f 3577 3529 3528
f 3576 3627 3628
f 3577 3629 3578
f 3579 3578 3630
f 3531 3579 3580
f 3533 3580 3632
f 3582 3586 3538
f 3583 3634 3582
f 3583 3584 3636
f 3585 3636 3584
f 3590 3637 3585
f 3638 3587 3539
f 3540 3587 3639
f 3640 3589 3541
f 3589 3641 3642
f 3591 3544 3592
f 3594 3644 3592
f 3645 3646 3594
f 3643 3595 3547
f 3548 3595 3647
f 3596 3648 3598
f 3551 3599 3649
f 3651 3599 3598
f 3649 3645 3593
f 3607 3652 3600
f 3552 3600 3601
f 3653 3654 3602
f 3605 3655 3603
f 3602 3654 3604
f 3657 3605 3604
f 3606 3603 3655
f 3658 3608 3559
f 3608 3659 3660
f 3609 3661 3610
f 3662 3611 3563
f 3663 3612 3564
f 3626 3574 3612
f 3613 3665 3615
f 3566 3614 3666
f 3565 3570 3620
f 3615 3667 3668
f 3618 3669 3617
f 3617 3670 3619
f 3571 3621 3671
f 3670 3672 3620
f 3573 3625 3673
f 3624 3674 3623
f 3623 3675 3661
f 3616 3668 3624
f 3627 3576 3626
f 3575 3628 3629
f 3678 3628 3627
f 3680 3630 3578
f 3681 3682 3631
f 3580 3579 3631
f 3632 3683 3633
f 3634 3638 3586
f 3635 3685 3634
f 3635 3636 3686
f 3686 3636 3585
f 3637 3590 3642
f 3689 3639 3587
f 3690 3640 3588
f 3589 3640 3691
f 3642 3641 3693
f 3644 3694 3643
f 3695 3644 3594
f 3646 3645 3697
f 3595 3643 3694
f 3647 3698 3648
f 3650 3598 3648
f 3599 3651 3700
f 3702 3651 3650
f 3660 3703 3652
f 3601 3600 3652
f 3704 3705 3654
f 3605 3657 3706
f 3705 3656 3604
f 3656 3707 3708
f 3655 3706 3709
f 3658 3709 3659
f 3710 3711 3660
f 3662 3610 3661
f 3611 3662 3713
f 3663 3714 3664
f 3664 3715 3677
f 3613 3666 3716
f 3667 3615 3665
f 3614 3620 3672
f 3718 3668 3667
f 3720 3721 3669
f 3670 3617 3669
f 3621 3673 3723
f 3722 3724 3672
f 3676 3725 3673
f 3674 3624 3668
f 3675 3623 3674
f 3712 3661 3675
f 3677 3729 3679
f 3678 3680 3629
f 3679 3730 3731
f 3630 3680 3732
f 3733 3734 3682
f 3632 3631 3682
f 3638 3634 3685
f 3687 3737 3685
f 3738 3739 3687
f 3688 3738 3686
f 3688 3642 3692
f 3639 3689 3741
f 3742 3691 3640
f 3743 3693 3641
f 3692 3693 3745
f 3695 3746 3694
f 3747 3695 3646
f 3700 3748 3697
f 3696 3697 3749
f 3694 3746 3698
f 3699 3648 3698
f 3701 3650 3699
f 3748 3700 3651
f 3753 3754 3702
f 3711 3755 3703
f 3653 3652 3703
f 3704 3756 3757
f 3758 3706 3657
f 3705 3757 3707
f 3759 3708 3707
f 3761 3709 3706
f 3710 3659 3709
f 3762 3763 3711
f 3662 3712 3764
f 3765 3714 3663
f 3714 3766 3715
f 3729 3677 3715
f 3666 3672 3724
f 3768 3717 3665
f 3719 3667 3717
f 3719 3770 3771
f 3772 3773 3721
f 3722 3669 3721
f 3775 3723 3673
f 3720 3671 3723
f 3774 3776 3724
f 3728 3777 3725
f 3718 3771 3726
f 3727 3778 3764
f 3729 3780 3730
f 3731 3732 3680
f 3781 3731 3730
f 3732 3783 3733
f 3784 3734 3733
f 3734 3736 3683
f 3737 3741 3689
f 3737 3687 3739
f 3738 3788 3789
f 3740 3788 3738
f 3744 3790 3740
f 3690 3741 3791
f 3792 3743 3691
f 3793 3745 3693
f 3745 3794 3795
f 3746 3695 3747
f 3696 3750 3797
f 3697 3748 3798
f 3799 3800 3750
f 3796 3751 3698
f 3751 3801 3752
f 3752 3802 3753
f 3702 3754 3798
f 3803 3754 3753
f 3763 3804 3755
f 3703 3755 3756
f 3805 3757 3756
f 3708 3759 3806
f 3760 3707 3757
f 3760 3807 3808
f 3758 3806 3809
f 3710 3761 3809
f 3810 3811 3763
f 3713 3764 3812
f 3766 3714 3765
f 3767 3715 3766
f 3815 3780 3729
f 3716 3724 3776
f 3768 3816 3769
f 3769 3817 3770
f 3819 3771 3770
f 3774 3721 3773
f 3772 3723 3775
f 3725 3777 3822
f 3776 3774 3820
f 3779 3824 3777
f 3726 3771 3819
f 3826 3812 3764
f 3782 3730 3780
f 3783 3732 3731
f 3781 3782 3829
f 3783 3831 3785
f 3784 3786 3736
f 3833 3784 3785
f 3787 3791 3741
f 3739 3789 3836
f 3837 3838 3789
f 3740 3790 3837
f 3790 3744 3795
f 3840 3792 3742
f 3793 3743 3792
f 3842 3794 3745
f 3843 3795 3794
f 3796 3747 3797
f 3847 3797 3750
f 3799 3803 3848
f 3845 3801 3751
f 3802 3752 3801
f 3798 3754 3803
f 3849 3848 3803
f 3804 3763 3811
f 3804 3850 3851
f 3759 3808 3852
f 3805 3851 3807
f 3854 3808 3807
f 3809 3806 3852
f 3855 3810 3762
f 3857 3811 3810
f 3765 3812 3858
f 3813 3859 3814
f 3860 3815 3767
f 3828 3780 3815
f 3768 3776 3823
f 3816 3862 3817
f 3818 3770 3817
f 3864 3865 3819
f 3820 3773 3866
f 3775 3822 3868
f 3869 3822 3777
f 3867 3870 3823
f 3827 3871 3824
f 3825 3819 3865
f 3778 3825 3872
f 3873 3858 3812
f 3828 3875 3829
f 3781 3830 3831
f 3877 3830 3829
f 3832 3785 3831
f 3786 3784 3833
f 3879 3880 3833
f 3791 3787 3836
f 3836 3789 3838
f 3838 3837 3885
f 3885 3837 3790
f 3839 3795 3843
f 3792 3840 3887
f 3841 3888 3842
f 3794 3842 3889
f 3891 3843 3844
f 3845 3797 3847
f 3893 3894 3847
f 3800 3848 3895
f 3849 3896 3895
f 3897 3850 3811
f 3897 3898 3851
f 3899 3852 3808
f 3853 3807 3851
f 3900 3901 3854
f 3855 3852 3899
f 3855 3902 3856
f 3856 3903 3904
f 3814 3859 3905
f 3906 3861 3815
f 3875 3828 3861
f 3870 3862 3816
f 3863 3817 3862
f 3863 3909 3864
f 3910 3911 3865
f 3912 3867 3866
f 3822 3869 3914
f 3869 3824 3871
f 3916 3870 3867
f 3871 3827 3874
f 3911 3918 3872
f 3826 3872 3918
f 3919 3859 3858
f 3881 3920 3874
f 3876 3829 3875
f 3878 3831 3830
f 3923 3877 3876
f 3878 3924 3879
f 3835 3833 3880
f 3925 3926 3880
f 3887 3840 3836
f 3838 3884 3929
f 3885 3930 3931
f 3886 3930 3885
f 3891 3932 3886
f 3841 3887 3933
f 3934 3889 3842
f 3844 3889 3935
f 3891 3890 3937
f 3849 3845 3892
f 3847 3894 3938
f 3939 3940 3894
f 3941 3846 3895
f 3942 3895 3896
f 3857 3904 3944
f 3945 3946 3898
f 3947 3899 3854
f 3853 3898 3946
f 3949 3901 3900
f 3950 3902 3899
f 3902 3950 3903
f 3903 3951 3952
f 3919 3953 3905
f 3860 3905 3954
f 3906 3955 3907
f 3921 3875 3907
f 3862 3870 3916
f 3908 3957 3909
f 3864 3909 3958
f 3959 3960 3911
f 3868 3914 3913
f 3912 3913 3961
f 3963 3914 3869
f 3915 3871 3917
f 3912 3962 3965
f 3917 3874 3920
f 3918 3911 3960
f 3967 3919 3873
f 3968 3920 3881
f 3922 3876 3921
f 3877 3923 3924
f 3922 3970 3971
f 3972 3925 3879
f 3928 3882 3880
f 3929 3933 3887
f 3884 3931 3974
f 3931 3930 3975
f 3932 3975 3930
f 3932 3891 3936
f 3888 3933 3978
f 3979 3935 3889
f 3890 3935 3980
f 3981 3982 3936
f 3943 3896 3892
f 3983 3938 3894
f 3984 3985 3940
f 3986 3939 3893
f 3942 3987 3986
f 3987 3942 3943
f 3989 3944 3904
f 3946 3945 3991
f 3992 3947 3901
f 3990 3948 3900
f 3993 3994 3949
f 3995 3950 3947
f 3950 3995 3951
f 3997 3952 3951
f 3967 3998 3953
f 3954 3905 3953
f 3954 3999 3955
f 3956 3907 3955
f 3956 4001 3969
f 3908 3916 3965
f 3909 3957 4002
f 3910 3958 4003
f 3960 3959 4004
f 3961 3913 3914
f 4006 4007 3962
f 3964 4008 3963
f 3964 3917 3966
f 3965 3962 4007
f 4011 3966 3920
f 3967 3960 4005
f 3927 3973 4012
f 3969 4013 3970
f 3924 3923 3971
f 4015 3971 3970
f 3925 3972 4016
f 3926 4018 5197
f 3974 3978 3933
f 3976 4020 3974
f 3976 3975 4021
f 3977 4021 3975
f 4023 3977 3936
f 3934 3978 4024
f 3980 3935 3979
f 3981 3937 3980
f 4027 4028 3982
f 3943 3938 4029
f 3940 3985 4030
f 3986 4031 3984
f 3985 3984 4033
f 3987 4034 4031
f 3988 4035 4034
f 3989 3991 3945
f 3997 4036 3989
f 3990 3991 4037
f 3949 3994 4039
f 4038 3993 3948
f 3996 3951 3995
f 4041 4042 3997
f 3998 4043 3999
f 4000 4044 4001
f 4013 3969 4001
f 4010 4002 3957
f 3958 4002 4046
f 4047 4004 3959
f 4004 4048 3998
f 3961 3963 4008
f 4049 4050 4007
f 4009 4051 4008
f 4011 4052 4009
f 4050 4053 4010
f 4011 3968 4012
f 4055 4012 3973
f 4014 3970 4013
f 4015 4016 3972
f 4057 4058 4015
f 4060 4017 4016
f 4020 4024 3978
f 4020 3976 4022
f 4064 4065 4022
f 4023 4064 4021
f 4023 3982 4028
f 4067 4025 3979
f 4026 3980 4025
f 4026 4069 4027
f 4027 4070 4071
f 3988 4029 4072
f 3985 4032 4073
f 4030 4072 4029
f 4074 4033 3984
f 4076 4032 4033
f 4034 4077 4074
f 4035 4078 4077
f 4079 4036 3997
f 4037 3991 4036
f 4080 4081 4038
f 4082 4039 3994
f 3993 4038 4081
f 3996 4040 4082
f 4041 4084 4085
f 4043 3998 4048
f 4088 4044 4000
f 4045 4001 4044
f 4090 4056 4013
f 4002 4010 4053
f 4003 4046 4091
f 4092 4048 4004
f 4006 4008 4051
f 4093 4094 4050
f 4051 4009 4052
f 4052 4011 4054
f 4094 4097 4053
f 4098 4054 4012
f 4014 4056 4100
f 4058 4059 4016
f 4101 4102 4058
f 4060 4059 4103
f 4061 4018 4060
f 4067 4024 4020
f 4105 4063 4022
f 4065 4064 4107
f 4023 4066 4107
f 4028 4071 4108
f 4109 4068 4025
f 4110 4069 4026
f 4069 4111 4070
f 4070 4112 4113
f 4072 4114 4078
f 4032 4076 4115
f 4073 4114 4072
f 4116 4075 4033
f 4075 4117 4118
f 4074 4077 4119
f 4119 4077 4078
f 4079 4042 4085
f 4080 4037 4079
f 4081 4080 4123
f 4039 4082 4040
f 4125 4082 4083
f 4125 4084 4041
f 4126 4127 4085
f 4128 4086 4048
f 4088 4129 4089
f 4088 4087 4086
f 4045 4089 4130
f 4046 4053 4097
f 4047 4091 4131
f 4049 4051 4095
f 4132 4133 4094
f 4096 4134 4095
f 4098 4135 4096
f 4136 4097 4094
f 4055 4099 4137
f 4057 4100 4139
f 4101 4140 4141
f 4105 4109 4067
f 4065 4106 4144
f 4107 4145 4146
f 4066 4108 4145
f 4147 4108 4071
f 4068 4109 4148
f 4110 4149 4111
f 4111 4150 4112
f 4113 4112 4152
f 4078 4114 4153
f 4115 4076 4118
f 4114 4073 4115
f 4155 4117 4075
f 4117 4156 4157
f 4116 4119 4158
f 4159 4158 4119
f 4121 4085 4127
f 4160 4123 4080
f 4124 4081 4122
f 4122 4123 4163
f 4124 4161 4164
f 4084 4125 4164
f 4165 4166 4127
f 4092 4131 4167
f 4128 4167 4129
f 4089 4129 4168
f 4169 4090 4130
f 4131 4091 4136
f 4093 4095 4134
f 4172 4173 4133
f 4135 4174 4134
f 4137 4175 4135
f 4171 4136 4133
f 4176 4137 4099
f 4139 4100 4178
f 4101 4139 4180
f 4141 4140 4181
f 4144 4148 4109
f 4146 4184 4144
f 4185 4146 4145
f 4108 4147 4186
f 4147 4113 4151
f 4148 4188 4149
f 4189 4150 4111
f 4150 4190 4152
f 4151 4152 4191
f 4193 4159 4120
f 4154 4193 4153
f 4154 4118 4157
f 4156 4117 4155
f 4197 4157 4156
f 4198 4195 4155
f 4158 4159 4199
f 4166 4200 4160
f 4200 4163 4123
f 4201 4161 4122
f 4162 4163 4202
f 4204 4164 4161
f 4126 4164 4204
f 4205 4206 4166
f 4207 4167 4131
f 4208 4170 4130
f 4178 4169 4170
f 4132 4134 4174
f 4210 4211 4173
f 4135 4175 4212
f 4213 4175 4137
f 4171 4173 4211
f 4138 4177 4214
f 4216 4180 4139
f 4209 4217 4179
f 4182 4181 4140
f 4183 4143 4182
f 4148 4144 4184
f 4219 4184 4146
f 4221 4185 4186
f 4187 4220 4186
f 4187 4151 4192
f 4188 4223 4189
f 4189 4224 4190
f 4225 4191 4152
f 4226 4227 4192
f 4228 4199 4159
f 4194 4228 4193
f 4229 4194 4157
f 4156 4195 4230
f 4196 4231 4232
f 4233 4230 4195
f 4198 4199 4234
f 4200 4166 4206
f 4235 4202 4163
f 4236 4201 4162
f 4203 4202 4237
f 4239 4204 4201
f 4239 4205 4165
f 4205 4240 4241
f 4208 4243 4209
f 4168 4242 4244
f 4172 4174 4212
f 4245 4244 4211
f 4212 4175 4213
f 4247 4213 4176
f 4207 4211 4244
f 4248 4214 4177
f 4217 4249 4216
f 4218 4182 4180
f 4243 4250 4217
f 4218 4248 4215
f 4223 4188 4184
f 4251 4219 4185
f 4220 4252 4253
f 4222 4252 4220
f 4222 4192 4227
f 4255 4224 4189
f 4225 4190 4224
f 4257 4226 4191
f 4258 4259 4227
f 4234 4199 4228
f 4260 4228 4194
f 4197 4232 4261
f 4262 4231 4196
f 4232 4231 4264
f 4230 4233 4265
f 4266 4265 4233
f 4267 4235 4206
f 4237 4202 4235
f 4236 4203 4238
f 4269 4270 4238
f 4268 4271 4239
f 4239 4271 4240
f 4273 4241 4240
f 4244 4245 4243
f 4246 4245 4210
f 4247 4250 4246
f 4249 4247 4214
f 4247 4249 4217
f 4248 4218 4216
f 4250 4243 4245
f 4255 4223 4219
f 4221 4253 4274
f 4252 4275 4276
f 4252 4222 4254
f 4254 4227 4259
f 4256 4224 4255
f 4225 4256 4279
f 4280 4258 4226
f 4281 4282 4259
f 4266 4234 4260
f 4229 4261 4283
f 4284 4261 4232
f 4285 4264 4231
f 4263 4264 4287
f 4262 4265 4288
f 4289 4288 4265
f 4241 4273 4290
f 4267 4290 4269
f 4268 4238 4270
f 4292 4293 4270
f 4294 4271 4268
f 4272 4240 4271
f 4272 4295 4296
f 4274 4278 4255
f 4297 4274 4253
f 4298 4276 4275
f 4299 4275 4254
f 4300 4277 4259
f 4278 4301 4279
f 4302 4280 4257
f 4303 4281 4258
f 4304 4282 4281
f 4283 4306 4307
f 4283 4261 4284
f 4286 4308 4284
f 4309 4287 4264
f 4287 4310 4311
f 4285 4288 4312
f 4313 4312 4288
f 4296 4314 4290
f 4269 4290 4314
f 4291 4270 4293
f 4293 4292 4317
f 4294 4315 4295
f 4296 4295 4319
f 4274 4297 4301
f 4320 4297 4276
f 4299 4321 4322
f 4277 4300 4321
f 4300 4282 4304
f 4302 4279 4301
f 4325 4303 4280
f 4303 4326 4305
f 4328 4304 4305
f 4306 4329 4330
f 4306 4284 4308
f 4311 4331 4308
f 4309 4332 4310
f 4310 4333 4334
f 4312 4335 4332
f 4307 4330 4313
f 4335 4312 4313
f 4318 4337 4314
f 4292 4314 4337
f 4315 4293 4316
f 4339 4340 4316
f 4338 4319 4295
f 4318 4319 4342
f 4297 4320 4324
f 4298 4322 4343
f 4344 4345 4322
f 4323 4344 4321
f 4323 4304 4328
f 4302 4324 4347
f 4325 4348 4326
f 4327 4305 4326
f 4327 4350 4351
f 4352 4353 4330
f 4329 4308 4331
f 4311 4334 4354
f 4333 4310 4332
f 4357 4334 4333
f 4355 4332 4335
f 4336 4313 4330
f 4358 4335 4336
f 4341 4360 4337
f 4317 4337 4360
f 4338 4316 4340
f 4362 4363 4340
f 4361 4342 4319
f 4342 4364 4365
f 4324 4320 4343
f 4366 4343 4322
f 4367 4368 4345
f 4346 4367 4344
f 4346 4328 4351
f 4348 4325 4347
f 4349 4326 4348
f 4349 4372 4350
f 4373 4374 4351
f 4375 4353 4352
f 4331 4354 4376
f 4377 4378 4354
f 4355 4379 4356
f 4356 4380 4381
f 4355 4358 4382
f 4359 4336 4353
f 4359 4383 4382
f 4341 4365 4384
f 4339 4360 4384
f 4363 4385 4361
f 4363 4362 4386
f 4342 4361 4385
f 4364 4388 4389
f 4370 4347 4343
f 4366 4345 4368
f 4391 4392 4368
f 4369 4391 4367
f 4369 4351 4374
f 4370 4394 4371
f 4371 4395 4372
f 4373 4350 4372
f 4373 4396 4397
f 4376 4398 4399
f 4376 4354 4378
f 4377 4400 4401
f 4356 4379 4402
f 4380 4403 4404
f 4357 4381 4400
f 4402 4379 4382
f 4375 4399 4383
f 4383 4406 4405
f 4365 4389 4407
f 4407 4386 4362
f 4387 4408 4385
f 4409 4387 4386
f 4385 4408 4388
f 4388 4411 4412
f 4366 4390 4394
f 4390 4368 4392
f 4392 4391 4415
f 4415 4391 4369
f 4393 4374 4397
f 4394 4417 4395
f 4395 4418 4396
f 4397 4396 4418
f 4420 4421 4399
f 4378 4401 4420
f 4422 4401 4400
f 4402 4424 4403
f 4425 4426 4404
f 4423 4400 4381
f 4424 4402 4405
f 4406 4383 4399
f 4427 4405 4406
f 4429 4407 4389
f 4410 4386 4407
f 4430 4408 4387
f 4432 4409 4410
f 4411 4388 4408
f 4412 4411 4434
f 4390 4413 4417
f 4414 4435 4413
f 4416 4414 4415
f 4397 4419 4436
f 4438 4419 4418
f 4439 4440 4421
f 4422 4439 4420
f 4441 4442 4422
f 4403 4424 4443
f 4444 4445 4426
f 4423 4404 4426
f 4446 4443 4424
f 4406 4421 4440
f 4447 4446 4427
f 4448 4429 4412
f 4431 4410 4429
f 4449 4430 4409
f 4450 4451 4432
f 4434 4411 4430
f 4417 4413 4453
f 4416 4436 4435
f 4453 4413 4435
f 4419 4438 4455
f 4456 4438 4437
f 4452 4437 4418
f 4458 4440 4439
f 4422 4442 4459
f 4442 4441 4461
f 4425 4443 4462
f 4445 4444 4464
f 4441 4426 4445
f 4465 4462 4443
f 4440 4458 4447
f 4465 4446 4447
f 4431 4448 4467
f 4468 4469 4451
f 4452 4453 4471
f 4435 4436 4455
f 4473 4471 4453
f 4474 4455 4438
f 4452 4472 4457
f 4457 4475 4476
f 4459 4477 4478
f 4477 4459 4442
f 4460 4461 4479
f 4462 4481 4464
f 4463 4479 4461
f 4482 4463 4464
f 4465 4484 4481
f 4458 4478 4466
f 4466 4485 4484
f 4468 4487 4488
f 4469 4489 4470
f 4490 4472 4471
f 4473 4454 4455
f 4473 4492 4491
f 4476 4493 4474
f 4475 4457 4472
f 4494 4476 4475
f 4496 4478 4477
f 4498 4480 4479
f 4483 4464 4481
f 4497 4479 4463
f 4500 4482 4483
f 4484 4502 4499
f 4485 4466 4478
f 4503 4502 4484
f 4504 4505 4487
f 4487 4506 4507
f 4469 4508 4509
f 4491 4510 4511
f 4473 4474 4493
f 4512 4510 4491
f 4494 4513 4493
f 4490 4511 4495
f 4495 4514 4515
f 4480 4498 4516
f 4497 4517 4518
f 4501 4483 4499
f 4482 4500 4517
f 4520 4519 4499
f 4503 4485 4496
f 4521 4520 4502
f 4504 4486 4489
f 4467 4486 4504
f 4522 4523 4505
f 4505 4524 4506
f 4526 4507 4506
f 4528 4509 4508
f 4511 4510 4529
f 4492 4493 4513
f 4531 4529 4510
f 4494 4515 4532
f 4514 4495 4511
f 4514 4533 4534
f 4535 4516 4498
f 4518 4517 4536
f 4538 4539 4501
f 4500 4539 4536
f 4519 4520 4540
f 4503 4516 4535
f 4520 4521 4541
f 4509 4528 4523
f 4505 4523 4542
f 4506 4524 4543
f 4525 4544 4545
f 4507 4526 4547
f 4548 4546 4528
f 4550 4530 4529
f 4512 4513 4532
f 4529 4531 4551
f 4515 4534 4552
f 4530 4550 4533
f 4537 4553 4535
f 4554 4537 4536
f 4538 4556 4557
f 4539 4557 4555
f 4540 4558 4556
f 4553 4541 4521
f 4541 4559 4558
f 4542 4523 4528
f 4524 4542 4560
f 4543 4561 4544
f 4545 4544 4562
f 4546 4547 4560
f 4549 4564 4565
f 4532 4552 4566
f 4567 4564 4549
f 4552 4534 4568
f 4570 4533 4550
f 4554 4571 4553
f 4572 4573 4557
f 4558 4574 4572
f 4571 4559 4541
f 4574 4558 4559
f 4561 4543 4560
f 4562 4544 4561
f 4578 4563 4562
f 4560 4547 4580
f 4565 4564 4582
f 4583 4566 4552
f 4564 4567 4584
f 4551 4566 4583
f 4569 4568 4586
f 4587 4570 4565
f 4588 4575 4571
f 4589 4590 4573
f 4589 4572 4574
f 4591 4574 4575
f 4577 4561 4576
f 4579 4563 4578
f 4594 4581 4582
f 4583 4569 4585
f 4567 4583 4596
f 4584 4597 4595
f 4585 4586 4599
f 4600 4587 4581
f 4592 4575 4588
f 4603 4590 4589
f 4588 4573 4590
f 4589 4591 4604
f 4592 4605 4604
f 4580 4579 4593
f 4595 4606 4607
f 4608 4596 4585
f 4608 4597 4584
f 4606 4595 4597
f 4611 4599 4586
f 4599 4612 4613
f 4594 4607 4614
f 4610 4587 4600
f 4592 4601 4615
f 4616 4617 4603
f 4601 4590 4603
f 4602 4604 4618
f 4619 4618 4604
f 4607 4606 4620
f 4622 4608 4598
f 4609 4597 4608
f 4609 4623 4620
f 4599 4611 4624
f 4626 4613 4612
f 4614 4607 4621
f 4624 4611 4600
f 4605 4615 4628
f 4629 4617 4616
f 4615 4603 4617
f 4618 4631 4630
f 4619 4632 4631
f 4633 4634 4621
f 4613 4626 4635
f 4622 4635 4623
f 4636 4633 4620
f 4625 4612 4624
f 4638 4639 4626
f 4634 4640 4627
f 4614 4627 4637
f 4628 4641 4632
f 4617 4629 4641
f 4630 4642 4643
f 4644 4642 4630
f 4631 4632 4645
f 4634 4633 4647
f 4626 4639 4648
f 4636 4623 4635
f 4649 4647 4633
f 4625 4637 4650
f 4639 4638 4652
f 4640 4634 4646
f 4640 4650 4637
f 4645 4632 4641
f 4654 4641 4629
f 4655 4643 4642
f 4644 4657 4656
f 4645 4658 4657
f 4646 4647 4660
f 4661 4648 4639
f 4648 4661 4649
f 4647 4649 4662
f 4638 4650 4663
f 4651 4652 4665
f 4653 4663 4650
f 4659 4666 4653
f 4667 4658 4645
f 4667 4654 4643
f 4668 4669 4655
f 4657 4670 4668
f 4658 4671 4670
f 4659 4660 4673
f 4664 4674 4661
f 4649 4661 4674
f 4660 4662 4675
f 4652 4663 4676
f 4664 4665 4677
f 4663 4653 4666
f 4672 4679 4666
f 4680 4671 4658
f 4667 4655 4669
f 4681 4682 4669
f 4668 4670 4683
f 4670 4671 4684
f 4672 4673 4685
f 4678 4687 4674
f 4687 4675 4662
f 4685 4673 4675
f 4665 4676 4689
f 4678 4677 4690
f 4676 4666 4679
f 4686 4692 4679
f 4693 4684 4671
f 4680 4669 4682
f 4681 4694 4695
f 4694 4681 4683
f 4683 4684 4697
f 4685 4698 4699
f 4687 4678 4691
f 4700 4688 4675
f 4688 4701 4698
f 4702 4690 4677
f 4691 4690 4704
f 4692 4702 4689
f 4705 4692 4686
f 4693 4706 4697
f 4682 4695 4706
f 4708 4695 4694
f 4696 4709 4707
f 4709 4696 4697
f 4711 4699 4698
f 4700 4691 4703
f 4713 4701 4688
f 4698 4701 4714
f 4715 4704 4690
f 4704 4716 4717
f 4705 4715 4702
f 4718 4705 4699
f 4697 4706 4719
f 4695 4708 4719
f 4707 4720 4721
f 4712 4722 4723
f 4713 4703 4717
f 4724 4714 4701
f 4722 4712 4714
f 4715 4726 4716
f 4727 4717 4716
f 4705 4718 4726
f 4711 4723 4729
f 4710 4719 4731
f 4721 4731 4719
f 4720 4732 4733
f 4734 4735 4723
f 4717 4727 4736
f 4724 4736 4725
f 4725 4737 4734
f 4728 4716 4726
f 4727 4728 4740
f 4738 4726 4718
f 4729 4723 4735
f 4730 4731 4742
f 4743 4732 4720
f 4721 4733 4744
f 4735 4734 4746
f 4739 4748 4736
f 4737 4725 4736
f 4749 4746 4734
f 4740 4728 4738
f 4751 4752 4739
f 4729 4741 4750
f 4747 4753 4741
f 4731 4745 4744
f 4755 4732 4743
f 4744 4733 4756
f 4758 4759 4747
f 4752 4760 4748
f 4749 4737 4748
f 4762 4746 4749
f 4763 4751 4740
f 4752 4751 4765
f 4750 4741 4753
f 4759 4766 4753
f 4767 4742 4744
f 4768 4769 4755
f 4771 4757 4756
f 4772 4773 4759
f 4764 4774 4760
f 4749 4760 4774
f 4775 4776 4762
f 4763 4777 4765
f 4764 4765 4778
f 4763 4753 4766
f 4773 4780 4766
f 4767 4757 4771
f 4781 4782 4768
f 4769 4768 4784
f 4770 4755 4769
f 4770 4785 4786
f 4758 4762 4776
f 4787 4788 4773
f 4779 4789 4774
f 4761 4774 4789
f 4790 4776 4775
f 4792 4778 4765
f 4793 4794 4779
f 4777 4766 4780
f 4788 4795 4780
f 4771 4786 4782
f 4784 4768 4782
f 4783 4797 4785
f 4783 4784 4798
f 4797 4800 4786
f 4787 4772 4776
f 4801 4802 4788
f 4789 4779 4794
f 4803 4791 4775
f 4791 4804 4805
f 4778 4792 4806
f 4807 4808 4794
f 4792 4780 4795
f 4802 4809 4795
f 4796 4782 4786
f 4798 4784 4796
f 4799 4811 4797
f 4798 4812 4813
f 4787 4790 4805
f 4801 4814 4815
f 4803 4794 4808
f 4816 4804 4791
f 4817 4818 4805
f 4793 4806 4819
f 4807 4820 4821
f 4809 4819 4806
f 4822 4809 4802
f 4797 4811 4810
f 4810 4823 4812
f 4824 4811 4799
f 4825 4826 4813
f 4801 4805 4818
f 4814 4827 4828
f 4808 4821 4829
f 4829 4817 4804
f 4818 4817 4831
f 4819 4832 4820
f 4833 4834 4821
f 4809 4822 4832
f 4815 4828 4835
f 4824 4823 4810
f 4812 4823 4836
f 4837 4824 4813
f 4826 4825 4838
f 4814 4818 4830
f 4828 4827 4841
f 4834 4842 4829
f 4842 4831 4817
f 4830 4831 4843
f 4833 4820 4832
f 4846 4847 4834
f 4822 4835 4845
f 4840 4848 4835
f 4836 4823 4824
f 4849 4838 4825
f 4826 4839 4850
f 4839 4838 4851
f 4830 4844 4841
f 4854 4840 4841
f 4847 4855 4842
f 4855 4843 4831
f 4843 4856 4857
f 4845 4858 4846
f 4847 4846 4859
f 4848 4858 4845
f 4854 4861 4848
f 4850 4849 4836
f 4849 4862 4851
f 4850 4839 4852
f 4864 4865 4852
f 4853 4841 4844
f 4866 4867 4854
f 4847 4860 4868
f 4868 4856 4843
f 4870 4857 4856
f 4846 4858 4871
f 4872 4873 4860
f 4861 4871 4858
f 4861 4854 4867
f 4863 4862 4849
f 4864 4851 4862
f 4852 4865 4876
f 4864 4875 4877
f 4853 4857 4870
f 4860 4873 4878
f 4856 4868 4878
f 4869 4879 4880
f 4859 4871 4881
f 4872 4882 4883
f 4874 4881 4871
f 4880 4884 4866
f 4873 4883 4885
f 4878 4885 4879
f 4879 4886 4887
f 4872 4881 4888
f 4883 4882 4890
f 4891 4888 4881
f 4893 4884 4880
f 4889 4886 4885
f 4895 4887 4886
f 4882 4888 4896
f 4897 4896 4888
f 4897 4891 4884
f 4887 4895 4898
f 4889 4899 4894
f 4895 4894 4901
f 4902 4903 4896
f 4902 4897 4893
f 4900 4904 4898
f 4894 4899 4905
f 4900 4901 4906
f 4902 4908 4909
f 4898 4904 4908
f 4907 4910 4904
f 4905 4899 4903
f 4901 4905 4911
f 4912 4913 4907
f 4909 4908 4915
f 4908 4904 4910
f 4907 4913 4916
f 4905 4909 4914
f 4906 4911 4917
f 4912 4918 4919
f 4920 4914 4915
f 4921 4915 4910
f 4919 4922 4916
f 4920 4917 4911
f 4917 4923 4918
f 4924 4925 4919
f 4920 4921 4926
f 4922 4926 4921
f 4919 4925 4928
f 4920 4927 4923
f 4918 4923 4929
f 4927 4926 4930
f 4930 4926 4922
f 4925 4932 4933
f 4927 4931 4929
f 4924 4929 4934
f 4930 4935 4936
f 4928 4933 4935
f 4932 4937 4938
f 4931 4936 4934
f 4932 4934 4939
f 4940 4936 4935
f 4933 4938 4941
f 4937 4942 4943
f 4940 4939 4934
f 4939 4944 4942
f 4940 4941 4946
f 4938 4943 4946
f 4943 4942 4948
f 4944 4939 4940
f 4949 4948 4942
f 4946 4950 4951
f 4950 4946 4943
f 4947 4948 4953
f 4944 4945 4951
f 4954 4953 4948
f 4951 4950 4955
f 4952 4955 4950
f 4952 4953 4957
f 4954 4949 4951
f 4954 4959 4957
f 4960 4961 4956
f 4952 4958 4960
f 4963 4958 4957
f 4956 4961 4959
f 4962 4957 4959
f 4965 4961 4960
f 4958 4963 4966
f 4962 4967 4968
f 4964 4959 4961
f 4962 4964 4969
f 4965 4966 4970
f 4970 4966 4963
f 4972 4968 4967
f 4971 4969 4964
f 4973 4967 4969
f 4975 4976 4971
f 4975 4970 4968
f 4972 4973 4977
f 4976 4974 4969
f 4973 4974 4979
f 4975 4980 4981
f 4972 4978 4980
f 4977 4982 4983
f 4976 4981 4979
f 4984 4982 4977
f 4980 4985 4986
f 4978 4983 4985
f 4983 4982 4988
f 4979 4981 4986
f 4989 4988 4982
f 4991 4986 4985
f 4990 4985 4983
f 4992 4987 4988
f 4989 4984 4986
f 4994 4993 4988
f 4990 4995 4996
f 4995 4990 4987
f 4993 4997 4998
f 4991 4996 4994
f 4994 4999 4997
f 5001 4996 4995
f 4992 4998 5000
f 5003 4998 4997
f 5001 4999 4994
f 5002 4997 4999
f 5005 5001 5000
f 5000 4998 5003
f 5002 5007 5008
f 5004 4999 5001
f 5006 5003 5008
f 5008 5007 5011
f 5005 5012 5013
f 5014 5009 5008
f 5013 5011 5007
f 5013 5012 5016
f 5010 5017 5018
f 5015 5019 5011
f 5016 5012 5014
f 5015 5016 5020
f 5022 5023 5018
f 5021 5024 5019
f 5020 5016 5018
f 5026 5021 5020
f 5017 5019 5024
f 5028 5023 5022
f 5027 5024 5021
f 5025 5020 5023
f 5025 5029 5030
f 5031 5028 5027
f 5033 5032 5027
f 5028 5031 5029
f 5034 5035 5030
f 5031 5032 5036
f 5036 5032 5033
f 5031 5037 5034
f 5035 5034 5040
f 5035 5038 5033
f 5041 5037 5036
f 5043 5042 5036
f 5041 5040 5034
f 5039 5043 5038
f 5039 5040 5044
f 5041 5042 5046
f 5048 5046 5042
f 5047 5044 5040
f 5043 5039 5045
f 5045 5044 5049
f 5051 5052 5047
f 5048 5053 5051
f 5044 5047 5052
f 5045 5050 5053
f 5054 5050 5049
f 5056 5057 5052
f 5053 5058 5059
f 5057 5055 5049
f 5058 5053 5050
f 5055 5060 5061
f 5062 5063 5057
f 5065 5059 5058
f 5064 5058 5054
f 5060 5055 5067
f 5068 5061 5060
f 5067 5057 5063
f 5062 5056 5059
f 5065 5064 5068
f 5068 5066 5063
f 8 32 9
f 32 49 9
f 406 444 443
f 444 520 443
f 427 466 544
f 466 547 544
f 560 480 558
f 480 440 479
f 465 544 629
f 594 592 509
f 509 473 594
f 602 601 537
f 537 524 602
f 551 510 629
f 633 588 631
f 631 722 633
f 748 656 708
f 656 612 708
f 726 727 816
f 816 878 726
f 744 846 839
f 846 894 839
f 864 919 923
f 923 812 864
f 1041 926 868
f 868 925 1041
f 873 934 933
f 934 1048 933
f 943 1002 1126
f 1126 1004 944
f 1121 1000 940
f 940 999 1121
f 982 1038 1037
f 1038 1166 1037
f 986 1045 1173
f 1173 1108 986
f 1196 1061 1125
f 1061 1003 1125
f 1025 1071 1087
f 1071 1009 1070
f 1167 1100 1233
f 1100 1040 1098
f 1093 1159 1096
f 1159 1228 1162
f 1234 1164 1232
f 1232 1302 1234
f 1252 1320 1321
f 1320 1372 1305
f 1486 1544 1359
f 1544 1487 1360
f 1314 1383 1381
f 1383 1500 1381
f 1315 1385 1383
f 1385 1501 1383
f 1500 1446 1445
f 1446 1387 1445
f 1447 1506 1553
f 1506 1604 1553
f 1667 1562 1510
f 1510 1509 1667
f 1683 1634 1631
f 1634 1529 1631
f 1724 5207 1572
f 1611 1665 1758
f 5208 1678 1676
f 1665 1714 1758
f 1805 1845 1848
f 1899 1859 1897
f 1859 1819 1857
f 2132 2130 2067
f 2067 2032 2132
f 2122 2191 2089
f 2191 2187 2121
f 2212 2143 2109
f 2109 2141 2212
f 2167 2240 2243
f 2240 2284 2243
f 2263 2347 2266
f 2347 2398 2266
f 2345 2270 2349
f 2270 2230 2349
f 2499 2389 2387
f 2389 2300 2387
f 2460 2509 2397
f 2397 2344 2460
f 2429 2488 2427
f 2488 2541 2485
f 2375 2545 2432
f 2545 2493 2434
f 2389 2499 2552
f 2499 2605 2552
f 2428 2486 2487
f 2486 2595 2487
f 2431 2495 2493
f 2495 2435 2493
f 2446 2613 2505
f 2613 2616 2617
f 2648 2598 2544
f 2544 2597 2648
f 2656 2809 2706
f 2809 2861 2758
f 2714 2819 2719
f 2819 2768 2719
f 2761 2708 2760
f 2760 2865 2761
f 2758 2861 2810
f 2861 2808 2860
f 3041 2972 2927
f 2927 2971 3041
f 2966 3002 3030
f 3002 3066 3030
f 3107 3035 3005
f 3005 2999 3107
f 3038 3076 5177
f 3154 3158 3082
f 3082 3044 3154
f 3072 3110 3103
f 3110 3179 3103
f 3518 3472 3565
f 3472 3427 3471
f 3622 3524 3478
f 3478 3523 3622
f 3778 3727 3825
f 3727 3675 3726
f 3772 3821 3773
f 3821 3868 3866
f 3925 4017 3926
f 4017 4060 4018
f 3992 4039 3995
f 4087 4000 3955
f 3955 3999 4087
f 4169 4178 4100
f 4100 4056 4169
f 4058 4102 4059
f 4102 4141 4103
f 4242 4168 4129
f 4129 4167 4242
f 4433 4434 4451
f 4434 4449 4451
f 4470 4489 4486
f 4486 4448 4470
f 4527 4508 4488
f 4488 4507 4527
f 4568 4534 4533
f 4580 4547 4579
f 4547 4526 4545
f 4573 4588 4555
f 4588 4554 4555
f 4576 4580 4578
f 4610 4586 4568
f 4568 4570 4610
f 4730 4720 4709
f 4720 4707 4709
f 4732 4755 4756
f 4755 4770 4756
f 4742 4767 4743
f 4767 4781 4754
f 4866 4884 4867
f 4884 4891 4867
f 4877 4875 4862
f 4862 4863 4877
f 4876 4865 4877
f 4903 4899 4890
f 4899 4889 4890
f 5012 5005 5009
f 5005 5006 5009
f 5010 5011 5019
f 1848 1809 1768
f 1808 1767 1764
f 5207 5209 5210
f 1677 5210 5209
f 1678 5208 5210
f 1725 5209 5207
f 5091 881 827
f 5088 5091 778
f 5089 5088 730
f 5101 999 939
f 5101 5104 1120
f 1192 1120 5104
f 2857 2751 2911
f 2967 5148 2999
f 2962 2999 5148
f 3038 5174 5172
f 5176 5177 3076
f 3075 3115 5178
f 5181 5180 3150
f 5182 5181 3194
f 3234 8445 5184
f 3684 3633 3683
f 5198 5197 4018
f 4062 5199 5198
f 4103 5200 5199
f 5200 4103 4141
f 4181 5204 5203
f 4182 4143 5204
f 5206 5205 4183
f 4215 4177 5202
f 4104 5202 4177
f 4138 4099 5201
f 4055 4019 5201
f 3834 3874 3827
f 5196 3827 3779
f 5195 3735 3779
f 5195 3728 3676
f 5194 3676 3625
f 3625 3573 5192
f 5190 3525 3479
f 5187 5188 3433
f 3390 3347 5186
f 3347 3306 5185
f 5183 5185 3306
f 3071 3034 5173
f 3034 3001 5171
f 5171 3001 2964
f 5168 2964 2913
f 5161 5163 2855
f 2802 2752 5158
f 2752 2696 5156
f 2645 5156 2696
f 5153 5154 2645
f 5153 2543 2489
f 5151 2489 2431
f 5149 2431 2375
f 7438 2211 5146
f 2211 2175 5145
f 5145 2175 2142
f 5143 5144 2142
f 5142 5143 2108
f 5142 2076 2046
f 2046 2009 1968
f 1927 5147 5139
f 5147 1927 1846
f 1969 1887 1847
f 5138 1846 1806
f 1806 1765 5132
f 1765 1722 5131
f 1460 1400 5117
f 5079 290 254
f 5075 5077 254
f 189 161 5072
f 5072 161 156
f 5071 156 126
f 5070 126 127
f 188 5073 127
f 5078 286 322
f 5762 5086 507
f 683 638 685
f 775 5211 685
f 5090 775 729
f 5093 5092 825
f 880 938 5096
f 5100 5096 938
f 1189 5107 5103
f 5107 1189 1261
f 1566 1619 5124
f 1619 1592 5127
f 1539 6681 5119
f 5212 1420 1352
f 5111 5212 1282
f 5111 1212 1141
f 5108 1141 1074
f 956 5098 5102
f 5094 897 896
f 5095 896 955
f 5099 5097 955
f 907 968 5099
f 5106 1086 1153
f 5112 5109 1153
f 5113 5112 1295
f 1550 1549 1601
f 5128 1601 1655
f 1655 1709 5120
f 1709 1754 1755
f 1880 1946 1755
f 1903 5213 1946
f 5134 1824 1784
f 6979 1698 1741
f 5133 6979 1741
f 5136 5133 1782
f 1863 5140 5136
f 2026 5216 1942
f 5216 5215 1902
f 5215 5214 1862
f 1862 5214 1863
f 2409 2410 5217
f 2310 2309 2354
f 5155 2521 2578
f 5155 2628 2671
f 5152 2726 2778
f 2726 5152 5157
f 5160 2778 2830
f 5170 2830 2886
f 5170 2918 2859
f 2968 2969 5169
f 5166 2858 2917
f 5164 2806 2858
f 5162 2755 2806
f 5159 2701 2755
f 5159 2703 2651
f 5218 2546 2492
f 5218 2491 2494
f 5220 5222 5221
f 5219 5221 5225
f 5222 5227 5226
f 5222 5220 5229
f 5229 5220 5223
f 5232 5231 5223
f 5224 5233 5232
f 5224 5225 5235
f 5221 5226 5236
f 5228 5237 5227
f 5228 5229 5239
f 5230 5223 5231
f 5239 5229 5230
f 5242 5243 5231
f 5242 5232 5233
f 5233 5224 5234
f 5234 5235 5247
f 5225 5236 5248
f 5236 5226 5250
f 5251 5237 5228
f 5239 5253 5252
f 5241 5230 5240
f 5240 5231 5243
f 5241 5256 5253
f 5258 5257 5243
f 5244 5259 5258
f 5245 5260 5244
f 5245 5234 5246
f 5246 5247 5263
f 5235 5248 5264
f 5249 5250 5266
f 5268 5267 5237
f 5238 5252 5269
f 5253 5271 5270
f 5254 5272 5256
f 5254 5240 5255
f 5274 5255 5243
f 5271 5253 5256
f 5277 5276 5257
f 5259 5278 5277
f 5259 5244 5260
f 5261 5280 5260
f 5262 5281 5261
f 5262 5263 5283
f 5247 5264 5284
f 5285 5264 5248
f 5249 5265 5286
f 5288 5265 5266
f 5289 5266 5250
f 5251 5269 5290
f 5267 5268 5291
f 5252 5270 5292
f 5293 5294 5270
f 5272 5295 5275
f 5272 5254 5273
f 5274 5297 5273
f 5257 5276 5298
f 5293 5271 5275
f 5276 5277 5301
f 5301 5277 5278
f 5279 5303 5278
f 5279 5260 5280
f 5280 5261 5281
f 5282 5306 5281
f 5307 5308 5282
f 5309 5283 5263
f 5264 5285 5310
f 5286 5311 5310
f 5265 5288 5312
f 5313 5287 5266
f 5315 5314 5288
f 5268 5290 5316
f 5290 5269 5292
f 5289 5291 5318
f 5294 5319 5292
f 5320 5321 5294
f 5299 5275 5295
f 5296 5323 5295
f 5296 5273 5297
f 5274 5298 5325
f 5326 5298 5276
f 5293 5299 5327
f 5301 5329 5328
f 5302 5330 5329
f 5302 5278 5303
f 5304 5332 5303
f 5305 5333 5304
f 5305 5281 5306
f 5308 5335 5306
f 5283 5309 5336
f 5338 5337 5308
f 5309 5284 5310
f 5339 5310 5311
f 5312 5341 5311
f 5312 5288 5314
f 5313 5343 5315
f 5345 5314 5315
f 5318 5291 5316
f 5317 5347 5316
f 5317 5292 5319
f 5343 5313 5318
f 5350 5319 5294
f 5351 5350 5321
f 5322 5295 5323
f 5353 5327 5299
f 5324 5354 5323
f 5324 5297 5325
f 5356 5325 5298
f 5320 5327 5357
f 5358 5359 5328
f 5360 5358 5329
f 5331 5361 5330
f 5331 5303 5332
f 5333 5363 5332
f 5334 5364 5333
f 5334 5306 5335
f 5335 5308 5337
f 5307 5336 5367
f 5309 5339 5368
f 5369 5370 5337
f 5340 5311 5341
f 5342 5372 5341
f 5342 5314 5345
f 5343 5374 5344
f 5346 5375 5349
f 5346 5316 5347
f 5348 5377 5347
f 5319 5350 5378
f 5349 5379 5374
f 5351 5381 5380
f 5322 5352 5382
f 5352 5323 5354
f 5384 5357 5327
f 5355 5385 5354
f 5325 5356 5386
f 5326 5328 5359
f 5351 5357 5387
f 5389 5388 5359
f 5360 5330 5361
f 5391 5389 5358
f 5362 5392 5361
f 5362 5332 5363
f 5363 5333 5364
f 5364 5334 5365
f 5366 5396 5365
f 5337 5370 5397
f 5369 5338 5367
f 5336 5368 5399
f 5369 5401 5400
f 5371 5341 5372
f 5371 5404 5403
f 5372 5342 5373
f 5379 5349 5375
f 5376 5407 5375
f 5376 5347 5377
f 5377 5348 5378
f 5410 5378 5350
f 5412 5380 5381
f 5353 5382 5413
f 5382 5352 5383
f 5383 5354 5385
f 5416 5387 5357
f 5386 5417 5385
f 5356 5359 5388
f 5411 5381 5387
f 5419 5388 5389
f 5390 5421 5391
f 5392 5422 5390
f 5391 5423 5420
f 5393 5424 5392
f 5393 5363 5394
f 5394 5364 5395
f 5395 5365 5396
f 5366 5397 5428
f 5429 5397 5370
f 5367 5399 5430
f 5398 5431 5401
f 5368 5340 5403
f 5432 5400 5401
f 5402 5434 5404
f 5405 5435 5402
f 5436 5403 5404
f 221 5405 5373
f 5406 5375 5407
f 5408 5377 5409
f 5440 5409 5378
f 5441 5410 5380
f 5411 5443 5442
f 5413 5444 5416
f 5414 5445 5413
f 5414 5383 5415
f 5415 5385 5417
f 5448 5418 5387
f 5419 5417 5386
f 5418 5449 5443
f 5420 5451 5450
f 5423 5391 5421
f 5421 5390 5422
f 5424 5454 5422
f 5451 5420 5423
f 5424 5393 5425
f 5426 5457 5425
f 5426 5395 5427
f 5428 5459 5427
f 5460 5428 5397
f 5461 5429 5400
f 5431 5398 5430
f 5436 5430 5399
f 5431 5463 5433
f 5433 5465 5464
f 5434 5466 5437
f 5434 5402 5435
f 221 251 5435
f 5437 5469 5468
f 5407 5471 5470
f 5409 5440 5472
f 5471 5407 5408
f 5410 5441 5473
f 5412 5442 5474
f 5476 5442 5443
f 5448 5416 5444
f 5444 5413 5445
f 5446 5479 5445
f 5446 5415 5447
f 5447 5417 5419
f 5481 5449 5418
f 5443 5449 5482
f 5451 5484 5483
f 5453 5485 5452
f 5452 5486 5455
f 5454 5487 5453
f 5456 5488 5454
f 5455 5489 5484
f 5456 5425 5457
f 5458 5491 5457
f 5459 5492 5458
f 5493 5459 5428
f 5494 5460 5429
f 5432 5464 5495
f 5462 5430 5436
f 5462 5496 5463
f 5465 5433 5463
f 5465 5499 5498
f 5469 5437 5466
f 5467 5501 5466
f 5467 5435 251
f 5503 5468 5469
f 5506 5470 5471
f 5439 5472 5505
f 5440 5473 5507
f 5441 5474 5508
f 5509 5474 5442
f 5510 5511 5476
f 5478 5512 5477
f 5477 5513 5481
f 5478 5445 5479
f 5480 5515 5479
f 5450 5483 5480
f 5516 5482 5449
f 5475 5482 5517
f 5518 5483 5484
f 5485 5520 5486
f 5487 5521 5485
f 5489 5455 5486
f 5487 5454 5488
f 5490 5524 5488
f 5489 5525 5519
f 5490 5457 5491
f 5491 5458 5492
f 5493 5528 5492
f 5460 5494 5529
f 5530 5494 5461
f 5464 5498 5531
f 5468 5503 5496
f 5496 5532 5497
f 5497 5533 5499
f 5499 5535 5534
f 5500 5466 5501
f 5500 5537 5504
f 5502 5538 5501
f 5076 5078 5502
f 5539 5503 5504
f 325 5506 5505
f 5472 5507 5541
f 5507 5473 5508
f 5543 5508 5474
f 5476 5511 5544
f 5512 5545 5513
f 5514 5546 5512
f 5547 5516 5481
f 5514 5479 5515
f 5515 5480 5483
f 5482 5516 5549
f 5510 5517 5551
f 5552 5518 5519
f 5522 5486 5520
f 5520 5485 5521
f 5523 5556 5521
f 5525 5489 5522
f 5558 5523 5488
f 5524 5490 5526
f 5553 5519 5525
f 5526 5491 5527
f 5528 5562 5527
f 5493 5529 5563
f 5494 5530 5564
f 5495 5531 5565
f 5566 5531 5498
f 5532 5496 5503
f 5533 5497 5532
f 5533 5568 5535
f 5535 5570 5569
f 5536 5571 5537
f 5538 5572 5536
f 5537 5573 5540
f 5574 5539 5540
f 5081 5079 5506
f 325 5541 5577
f 5541 5507 5542
f 5542 5508 5543
f 5509 5544 5579
f 5580 5544 5511
f 5547 5513 5545
f 5545 5512 5546
f 5548 5583 5546
f 5584 5549 5516
f 5548 5515 5518
f 5585 5551 5517
f 5550 5551 5587
f 5588 5552 5553
f 5554 5520 5555
f 5557 5522 5554
f 5555 5521 5556
f 5523 5558 5593
f 5560 5525 5557
f 5524 5559 5595
f 5526 5561 5596
f 5589 5553 5560
f 5561 5527 5562
f 5563 5599 5562
f 5600 5563 5529
f 5530 5565 5601
f 5531 5566 5602
f 5534 5569 5603
f 5567 5532 5539
f 5568 5533 5567
f 5570 5535 5568
f 5607 5569 5570
f 5571 5608 5573
f 5572 5609 5571
f 5080 5082 5572
f 5575 5540 5573
f 5575 5612 5611
f 5576 5577 5613
f 5577 5542 5578
f 5579 5614 5578
f 5580 5615 5579
f 5586 5616 5580
f 5581 5545 5582
f 5618 5584 5547
f 5582 5546 5583
f 5583 5548 5552
f 5549 5584 5620
f 5551 5585 5621
f 5586 5587 5623
f 5588 5589 5625
f 5590 5626 5591
f 5590 5555 5592
f 5594 5557 5591
f 5593 5629 5592
f 5558 5595 5630
f 5594 5631 5597
f 5632 5595 5559
f 5596 5561 5598
f 5625 5589 5597
f 5598 5562 5599
f 5600 5636 5599
f 5564 5601 5637
f 5565 5602 5638
f 5639 5602 5566
f 5640 5603 5569
f 5574 5611 5604
f 5604 5641 5605
f 5606 5570 5605
f 5606 5644 5643
f 5608 5645 5610
f 5608 5571 5609
f 5082 5083 5609
f 5612 5575 5610
f 5611 5612 5649
f 397 5613 5650
f 5613 5578 5614
f 5615 5651 5614
f 5616 5652 5615
f 5622 5653 5616
f 5581 5617 5654
f 5619 5655 5617
f 5584 5618 5656
f 5624 5619 5583
f 5621 5585 5620
f 5621 5658 5623
f 5660 5659 5622
f 5624 5625 5662
f 5591 5626 5663
f 5664 5626 5590
f 5627 5592 5629
f 5594 5628 5666
f 5667 5629 5593
f 5668 5630 5595
f 5631 5669 5634
f 5670 5632 5596
f 5633 5598 5635
f 5625 5634 5672
f 5673 5635 5599
f 5600 5637 5674
f 5675 5637 5601
f 5638 5602 5639
f 5640 5677 5639
f 5640 5607 5643
f 5611 5648 5641
f 5641 5679 5642
f 5642 5680 5644
f 5681 5682 5643
f 5647 5610 5645
f 5646 5684 5645
f 5083 5084 5646
f 5612 5647 5685
f 5649 5687 5686
f 474 435 5650
f 5650 5614 5651
f 5652 5689 5651
f 5653 5690 5652
f 5659 5691 5653
f 5654 5692 5656
f 5654 5617 5655
f 5661 5655 5619
f 5694 5657 5620
f 5695 5660 5623
f 5697 5659 5660
f 5661 5662 5699
f 5628 5663 5700
f 5701 5663 5626
f 5627 5665 5702
f 5703 5665 5629
f 5631 5666 5704
f 5630 5668 5705
f 5632 5670 5706
f 5669 5707 5672
f 5633 5671 5708
f 5709 5671 5635
f 5662 5672 5710
f 5711 5673 5636
f 5712 5674 5637
f 5675 5638 5676
f 5676 5639 5677
f 5678 5715 5677
f 5678 5643 5682
f 5648 5686 5679
f 5681 5644 5680
f 5682 5681 5719
f 5683 5645 5684
f 5647 5683 5721
f 5646 5084 5085
f 5722 5687 5649
f 5686 5687 5724
f 474 5688 5725
f 5688 5651 5689
f 5690 5726 5689
f 5690 5653 5691
f 5728 5691 5659
f 5656 5692 5729
f 5698 5730 5693
f 5658 5732 5731
f 5733 5696 5660
f 5735 5734 5697
f 5736 5730 5698
f 5737 5700 5663
f 5738 5701 5664
f 5665 5703 5739
f 5667 5705 5740
f 5707 5669 5704
f 5742 5743 5704
f 5744 5705 5668
f 5745 5706 5670
f 5746 5710 5672
f 5747 5708 5671
f 5748 5709 5673
f 5699 5710 5749
f 5750 5711 5674
f 5713 5751 5712
f 5714 5752 5713
f 5714 5677 5715
f 5715 5678 5716
f 5718 5755 5716
f 5681 5717 5757
f 5717 5680 5759
f 5718 5719 5761
f 5762 5721 5683
f 5086 5720 5684
f 5763 5722 5685
f 5723 5724 5765
f 512 5725 5766
f 5725 5689 5726
f 5726 5690 5727
f 5691 5728 5768
f 5694 5729 5769
f 5770 5771 5729
f 5730 5773 5772
f 5695 5731 5774
f 5775 5731 5732
f 5776 5735 5696
f 5777 5734 5735
f 5779 5773 5730
f 5780 5742 5700
f 5781 5737 5701
f 5702 5739 5782
f 5783 5739 5703
f 5784 5740 5705
f 5741 5704 5743
f 5707 5741 5786
f 5780 5787 5743
f 5706 5745 5788
f 5708 5747 5789
f 5790 5749 5710
f 5791 5747 5709
f 5792 5748 5711
f 5750 5712 5751
f 5752 5794 5751
f 5753 5795 5752
f 5754 5796 5753
f 5754 5716 5755
f 5760 5798 5755
f 5757 5799 5761
f 5717 5758 5800
f 5765 5801 5758
f 5760 5761 5803
f 5721 5762 5804
f 5806 5805 5722
f 5808 5087 553
f 5808 5766 5726
f 5727 5768 5809
f 5810 5768 5728
f 5769 5729 5771
f 5813 5812 5771
f 5772 5773 5815
f 5733 5774 5816
f 5731 5775 5817
f 5811 5818 5775
f 5778 5735 5776
f 5778 5821 5820
f 5734 5777 5822
f 5823 5815 5773
f 5737 5781 5824
f 5738 5782 5825
f 5739 5783 5826
f 5827 5783 5740
f 5744 5788 5828
f 5785 5743 5787
f 5785 5830 5786
f 5746 5786 5831
f 5780 5824 5832
f 5833 5788 5745
f 5747 5791 5834
f 5813 5814 5749
f 5748 5792 5835
f 5793 5836 5792
f 5793 5751 5794
f 5795 5838 5794
f 5795 5753 5796
f 5797 5840 5796
f 5760 5802 5841
f 5759 5756 5842
f 5803 5761 5799
f 5845 5757 5800
f 5800 5758 5847
f 5802 5803 5850
f 5763 5804 5851
f 5853 5805 5806
f 5724 5807 5854
f 5855 641 5087
f 5808 5767 5856
f 5856 5767 5809
f 5810 5858 5809
f 5811 5771 5812
f 5790 5831 5812
f 5772 5814 5813
f 5819 5776 5816
f 5861 5816 5774
f 5862 5817 5775
f 5821 5778 5819
f 5820 5864 5822
f 5821 5866 5865
f 5810 5822 5867
f 5868 5824 5781
f 5782 5826 5869
f 5827 5870 5826
f 5784 5828 5871
f 5788 5833 5872
f 5829 5787 5832
f 5829 5874 5830
f 5831 5786 5830
f 5876 5832 5824
f 5789 5834 5877
f 5791 5835 5878
f 5792 5836 5879
f 5836 5793 5837
f 5838 5881 5837
f 5839 5882 5838
f 5839 5796 5840
f 5884 5840 5797
f 5798 5841 5885
f 5849 5886 5841
f 5843 5799 5888
f 5889 5850 5803
f 5844 5847 5890
f 5891 5892 5846
f 5848 5801 5854
f 5849 5850 5895
f 5806 5851 683
f 5853 5854 5807
f 5852 5897 5896
f 5855 5899 5898
f 5900 5899 5855
f 5857 5901 5900
f 5857 5809 5858
f 5859 5812 5831
f 5863 5819 5860
f 5860 5816 5861
f 5905 5861 5817
f 5818 5859 5906
f 5863 5907 5866
f 5864 5820 5865
f 5910 5909 5865
f 5867 5911 5902
f 5870 5912 5869
f 5871 5913 5870
f 5871 5828 5872
f 5833 5877 5915
f 5873 5916 5874
f 5873 5832 5876
f 5874 5918 5875
f 5868 5920 5919
f 5834 5878 5921
f 5922 5878 5835
f 5880 5923 5879
f 5837 5881 5924
f 5883 5925 5882
f 5884 5926 5883
f 5927 5926 5884
f 5841 5886 5928
f 5894 5929 5886
f 5888 5931 5930
f 5845 5890 5888
f 5887 5932 5889
f 5933 5895 5850
f 5934 5891 5847
f 5936 5935 5892
f 5893 5854 5853
f 5937 5931 5848
f 5939 5894 5895
f 5897 5941 5940
f 5943 5942 5898
f 5944 5899 5900
f 5946 5945 5900
f 5901 5857 5902
f 5875 5918 5906
f 5907 5863 5903
f 5904 5949 5903
f 5905 5950 5904
f 5862 5906 5951
f 5907 5952 5910
f 5908 5954 5953
f 5909 5955 5908
f 5909 5910 5957
f 5867 5959 5958
f 5960 5869 5912
f 5913 5962 5912
f 5913 5871 5914
f 5964 5914 5872
f 5965 5915 5877
f 5916 5966 5918
f 5917 5967 5916
f 5919 5968 5917
f 5960 5969 5919
f 5970 5921 5878
f 5879 5923 5971
f 5880 5924 5972
f 5973 5924 5881
f 5973 5882 5925
f 5883 5926 5975
f 5975 5926 5927
f 5977 5927 5885
f 5939 5978 5929
f 5930 5979 5932
f 5980 5930 5931
f 5931 5888 5890
f 5889 5932 5981
f 5895 5933 5982
f 5984 5983 5891
f 5934 5892 5935
f 5935 5936 5986
f 5937 5893 5896
f 5941 5988 5987
f 5942 5943 5990
f 5944 5945 5992
f 5946 5901 5994
f 5993 5992 5945
f 5947 5995 5994
f 5906 5918 5966
f 5903 5949 5996
f 5950 5997 5949
f 5905 5951 5998
f 5999 5957 5910
f 5864 5953 5959
f 6001 6000 5953
f 5954 5908 5955
f 5955 5909 5956
f 5911 5958 6005
f 5959 6007 6006
f 5961 6008 5969
f 5961 5912 5962
f 5913 5963 6010
f 6011 5963 5914
f 5915 5965 6012
f 6013 5965 5921
f 6014 5966 5916
f 5967 5917 5968
f 5968 5919 5969
f 6017 5970 5922
f 5971 5923 5972
f 6019 5972 5924
f 5973 5974 6020
f 5975 6021 5974
f 5976 5927 5977
f 5976 6023 6021
f 5928 5929 6024
f 6025 6024 5929
f 5939 6027 6026
f 5981 5932 5979
f 6029 5979 5930
f 5940 5987 5980
f 5981 6030 5982
f 5984 6032 6031
f 5985 6032 5984
f 5986 6034 6033
f 6031 5986 5936
f 6037 5987 5988
f 5990 6039 6038
f 5991 5990 5943
f 6040 6041 5991
f 5993 5994 6043
f 5992 5993 6042
f 6044 6043 5994
f 6045 5995 5947
f 5951 5966 6014
f 5948 5996 6046
f 5949 5997 6047
f 6048 5997 5950
f 5952 6046 6049
f 6051 6050 5957
f 5953 6000 6007
f 6052 6000 6001
f 6002 6054 6001
f 6003 6055 6002
f 6003 5956 6057
f 6059 6058 6004
f 5958 6006 6060
f 6062 6006 6007
f 6016 5969 6008
f 6009 6064 6008
f 6065 6009 5962
f 5963 6011 6066
f 5964 6012 6067
f 5965 6013 6068
f 6069 6013 5970
f 6015 6070 6014
f 6015 5968 6016
f 6018 6072 6017
f 6018 5972 6019
f 6074 6073 6019
f 6021 6075 6020
f 5977 6024 6076
f 6022 6077 6023
f 6078 6076 6024
f 6079 6025 5978
f 6081 6080 6026
f 6028 6082 6030
f 6029 6083 6028
f 5980 5987 6037
f 6035 5982 6030
f 6085 6031 6032
f 5985 6033 6086
f 6034 6088 6087
f 6034 5986 6031
f 5988 5090 5092
f 6091 6090 6037
f 6092 6038 6039
f 5990 5991 6041
f 6040 6095 6094
f 6042 6043 6097
f 6040 6042 6096
f 6098 6044 5995
f 6099 6097 6043
f 6070 6048 5998
f 6100 6046 5996
f 6101 6047 5997
f 5999 6049 6102
f 6103 6049 6046
f 6051 6105 6104
f 6052 6061 6007
f 6052 6053 6107
f 6108 6053 6001
f 6055 6109 6054
f 6055 6003 6056
f 6112 6056 6057
f 6045 6004 6058
f 6058 6059 6114
f 6115 6059 6005
f 6006 6062 6116
f 6118 6117 6062
f 6063 6119 6071
f 6063 6008 6064
f 6065 6121 6064
f 6065 6010 6066
f 6011 6067 6123
f 6012 6068 6124
f 6125 6068 6013
f 6072 6126 6069
f 6071 6127 6070
f 6073 6128 6072
f 6020 6075 6129
f 6074 6130 6128
f 6076 6131 6077
f 6133 6023 6077
f 6131 6076 6078
f 6078 6025 6079
f 6136 6079 6026
f 6138 6080 6081
f 6139 6081 6027
f 6082 6141 6140
f 6083 6142 6082
f 6029 6037 6090
f 6084 6030 6140
f 6089 6035 6084
f 6086 6146 6145
f 6086 6033 6087
f 6085 6145 6088
f 6148 6147 6090
f 6038 6092 939
f 6093 6150 6149
f 6041 6094 6093
f 6095 6152 6151
f 6096 6097 6154
f 6153 6152 6095
f 6155 6099 6044
f 6157 6097 6099
f 6127 6101 6048
f 6047 6101 6158
f 6102 6159 6105
f 6160 6102 6049
f 6158 6161 6103
f 6163 6104 6105
f 6164 6118 6061
f 6165 6107 6053
f 6054 6109 6166
f 6110 6167 6109
f 6056 6112 6168
f 6111 6057 6104
f 6111 6170 6169
f 6171 6098 6058
f 6113 6114 6173
f 6174 6114 6059
f 6175 6115 6060
f 6117 6176 6116
f 6127 6071 6119
f 6120 6178 6119
f 6120 6064 6121
f 6180 6121 6065
f 6066 6123 6181
f 6067 6124 6182
f 6183 6124 6068
f 6128 6184 6126
f 6074 6129 6185
f 6128 6130 6186
f 6132 6077 6131
f 6132 6189 6188
f 6187 6131 6134
f 6135 6191 6134
f 6080 6193 6192
f 6081 6139 6194
f 6195 6138 6137
f 6144 6197 6139
f 6141 6199 6198
f 6200 6141 6082
f 6142 6083 6090
f 6201 6143 6140
f 6146 6203 6202
f 6203 6146 6087
f 6088 6145 6202
f 6206 6147 6148
f 6092 6149 6207
f 6150 6209 6208
f 6150 6093 6094
f 6211 6151 6152
f 6154 6213 6212
f 6214 6156 6099
f 6177 6158 6101
f 6162 6105 6159
f 6160 6216 6159
f 6161 6217 6160
f 6161 6158 6177
f 6162 6220 6219
f 5098 5094 6107
f 6108 6166 6221
f 6109 6167 6222
f 6110 6168 6223
f 6112 6169 6224
f 6111 6163 6219
f 6225 6171 6113
f 6172 6173 6227
f 6228 6114 6174
f 6230 6174 6115
f 6175 6116 6176
f 6176 6117 968
f 6119 6178 6218
f 6179 6232 6178
f 6180 6233 6179
f 6234 6180 6122
f 6181 6123 6182
f 6236 6182 6124
f 6125 6126 6237
f 6238 6237 6126
f 6239 6186 6130
f 6188 6185 6129
f 6186 6240 6238
f 6187 6241 6189
f 6243 6242 6188
f 6190 6134 6191
f 6190 6245 6241
f 6246 6247 6191
f 6136 6192 6249
f 6193 6251 6250
f 6137 6194 6252
f 6196 6254 6253
f 6251 6193 6138
f 6256 6197 6144
f 6257 6199 6141
f 6200 6142 6147
f 6258 6201 6198
f 6261 6202 6203
f 6262 6260 6203
f 6204 6202 6261
f 6205 6264 6263
f 6266 6265 6208
f 6150 6151 6267
f 6210 6269 6268
f 6212 6213 6271
f 6154 6157 6272
f 6214 6274 6273
f 6171 6225 6214
f 6215 6159 6216
f 6215 6276 6220
f 6217 6277 6216
f 6218 6278 6217
f 6279 6280 6219
f 6281 6221 6166
f 6282 6222 6167
f 6283 6223 6168
f 6285 6224 6169
f 6170 6219 6280
f 6226 6286 6225
f 6226 6227 6288
f 6289 6227 6173
f 6229 6290 6289
f 6230 6291 6229
f 6230 6175 6231
f 1024 1086 6231
f 6232 6278 6218
f 6232 6179 6233
f 6294 6233 6180
f 6234 6181 6235
f 6236 6296 6235
f 6236 6183 6237
f 6297 6237 6238
f 6242 6239 6185
f 6240 6186 6239
f 6298 6238 6240
f 6241 6301 6243
f 6302 6242 6243
f 6244 6191 6247
f 6245 6305 6301
f 6307 6306 6247
f 6248 6249 6307
f 6308 6249 6192
f 6310 6250 6251
f 6254 6196 6252
f 6195 6253 6309
f 6253 6254 6313
f 6315 6314 6197
f 6255 6317 6316
f 6318 6259 6199
f 6206 6263 6257
f 6259 6320 6319
f 6201 6258 6317
f 6321 6261 6260
f 6260 6262 6323
f 6321 6323 6262
f 5100 5103 6264
f 6263 6264 6325
f 6328 6327 6208
f 6329 6265 6266
f 6331 6266 6209
f 6269 6334 6333
f 6332 6335 6269
f 6332 6212 6270
f 6270 6271 6337
f 6338 6271 6213
f 6273 6274 6340
f 6274 6214 6225
f 6341 6338 6272
f 6276 6215 6275
f 6277 6343 6275
f 6279 6220 6276
f 6346 6345 6280
f 5105 5102 6221
f 6347 6281 6222
f 6223 6283 6348
f 6349 6283 6224
f 6351 6285 6284
f 6345 6350 6284
f 6286 6226 6287
f 6354 6353 6287
f 6227 6289 6355
f 6355 6289 6290
f 6291 6357 6290
f 6291 6230 6292
f 6292 6231 1086
f 6360 6293 6233
f 6361 6294 6234
f 6295 6235 6296
f 6297 6363 6296
f 6363 6297 6298
f 6299 6239 6242
f 6300 6240 6299
f 6366 6364 6298
f 6303 6243 6301
f 6303 6369 6368
f 6367 6301 6305
f 6371 6305 6245
f 6307 6374 6373
f 6374 6307 6249
f 6250 6310 6375
f 6377 6376 6310
f 6252 6379 6378
f 6311 6380 6313
f 6312 6377 6309
f 6312 6313 6382
f 6315 6384 6383
f 6315 6256 6386
f 6387 6316 6317
f 6318 6257 6263
f 6318 6389 6320
f 6258 6319 6388
f 6320 6391 6390
f 6322 6393 6392
f 6394 6393 6322
f 6392 6394 6323
f 6324 6325 6397
f 6265 6329 6399
f 6328 6398 6326
f 6400 6329 6330
f 6402 6330 6266
f 6333 6403 6402
f 6334 6405 6404
f 6334 6269 6335
f 6335 6270 6336
f 6336 6337 6408
f 6409 6337 6271
f 6339 6340 6411
f 6286 6352 6340
f 6341 6273 6339
f 6412 6409 6338
f 6342 6275 6343
f 6414 6344 6276
f 6343 6277 6293
f 6279 6344 6415
f 6345 6346 6417
f 6418 6347 6282
f 6419 6348 6283
f 6285 6351 6420
f 6351 6350 6422
f 6416 6422 6350
f 6287 6353 6423
f 6353 6354 6425
f 6355 6427 6426
f 6356 6290 6357
f 6427 6355 6356
f 6358 6430 6357
f 6294 6361 6431
f 6295 6362 6432
f 6362 6296 6363
f 6434 6366 6300
f 6436 6364 6366
f 6368 6369 6438
f 6440 6370 6305
f 6370 6438 6369
f 6372 6442 6441
f 6444 6443 6373
f 6446 6374 6308
f 6375 6310 6376
f 6448 6449 6376
f 6311 6378 6450
f 6451 6382 6313
f 6381 6448 6377
f 6453 6452 6381
f 6379 6314 6383
f 6455 6384 6315
f 6385 6386 6457
f 6388 6459 6458
f 6460 6386 6316
f 6318 6324 6396
f 6389 6461 6391
f 6319 6390 6459
f 6390 6391 6463
f 6464 6392 6393
f 6466 6465 6393
f 6466 6394 6392
f 6467 6468 6396
f 6395 1261 6397
f 5110 6398 6469
f 6328 6399 6469
f 6470 6399 6329
f 6403 6401 6330
f 6403 6333 6404
f 6473 6404 6405
f 6406 6474 6405
f 6336 6407 6474
f 6475 6476 6407
f 6408 6337 6409
f 6412 6339 6410
f 6479 6410 6411
f 6352 6423 6411
f 6478 6477 6409
f 6342 6413 6481
f 6360 6431 6413
f 6344 6414 6482
f 6417 6346 6415
f 6416 6417 6485
f 6348 6419 6486
f 6349 6420 6487
f 6421 6488 6420
f 6421 6422 6490
f 6484 6490 6422
f 6491 6423 6353
f 6492 6493 6424
f 6354 6426 6494
f 6494 6426 6427
f 6428 6357 6430
f 6428 6497 6429
f 6429 6498 6495
f 6358 6359 6499
f 6500 6431 6361
f 6501 6432 6362
f 6502 6435 6366
f 6433 6364 6436
f 6435 6504 6503
f 6438 6506 6505
f 6434 6368 6437
f 6439 6442 6372
f 6371 6441 6507
f 6442 6509 6508
f 6444 6457 6510
f 6511 6456 6446
f 6447 6376 6449
f 6513 6445 6375
f 6515 6514 6449
f 6380 6450 6516
f 6454 6517 6450
f 6382 6451 6518
f 6448 6381 6452
f 6519 6520 6452
f 6521 6517 6454
f 6522 6523 6384
f 6456 6511 6455
f 6456 6457 6444
f 6460 6510 6457
f 6387 6458 6524
f 6458 6459 6526
f 6389 6396 6468
f 6527 6391 6461
f 6526 6459 6390
f 6462 6463 6530
f 6464 6465 6532
f 6532 6465 6466
f 6464 6531 6533
f 5114 6467 6397
f 6468 6467 6535
f 1264 6469 6536
f 6399 6470 6536
f 6538 6470 6400
f 6471 6539 6401
f 6471 6404 6473
f 6472 6405 6474
f 6543 6473 6472
f 6407 6476 6541
f 6477 6544 6475
f 6546 6476 6475
f 6478 6410 6548
f 6479 6480 6550
f 6480 6411 6423
f 6478 6547 6544
f 6551 6482 6414
f 6500 6481 6413
f 6417 6483 6552
f 6484 6485 6554
f 6419 6487 6555
f 6420 6488 6556
f 6557 6488 6421
f 6558 6559 6489
f 6553 6558 6490
f 6493 6560 6491
f 6425 6494 6561
f 6492 6563 6562
f 6495 6564 6561
f 6496 6565 6497
f 6566 6496 6430
f 6497 6567 6498
f 6498 6568 6564
f 6500 6432 6501
f 6502 6570 6504
f 6569 6501 6436
f 6572 6503 6504
f 6437 6505 6570
f 6573 6505 6506
f 6439 6575 6509
f 6507 6441 6577
f 6508 6578 6577
f 6578 6508 6509
f 6443 6510 6575
f 6513 6579 6511
f 6447 6512 6580
f 6449 6514 6581
f 6583 6582 6514
f 6451 6516 6584
f 6450 6517 6585
f 6586 6519 6453
f 6520 6583 6515
f 6519 6588 6587
f 6589 6585 6517
f 6521 6384 6523
f 6511 6579 6522
f 6591 6590 6523
f 6524 6575 6510
f 6525 6526 6592
f 6528 6461 6468
f 6527 6528 6594
f 6529 6592 6526
f 6529 6530 6596
f 6593 6530 6463
f 6532 6598 6597
f 6532 6533 6599
f 6597 6599 6533
f 5114 5116 6535
f 6601 6534 6535
f 6603 1332 6536
f 6536 6470 6604
f 6538 6605 6604
f 6537 6401 6539
f 6540 6607 6539
f 6543 6608 6540
f 6542 6472 6541
f 6542 6611 6610
f 6609 6541 6476
f 6475 6544 6612
f 6613 6614 6546
f 6616 6547 6548
f 6549 6617 6548
f 6618 6619 6549
f 6480 6491 6560
f 6544 6547 6616
f 6482 6551 6572
f 6569 6551 6481
f 6620 6554 6485
f 6571 6552 6483
f 6553 6554 6622
f 6623 6555 6487
f 6624 6556 6488
f 6559 6558 6626
f 6621 6626 6558
f 6627 6560 6493
f 6561 6628 6563
f 6561 6564 6629
f 6497 6565 6630
f 6566 1429 6565
f 6567 6631 6568
f 6629 6564 6568
f 5115 1429 6566
f 6570 6633 6571
f 6551 6569 6503
f 6505 6573 6633
f 6574 6635 6634
f 6507 6576 6574
f 6577 6637 6636
f 6578 6592 6637
f 6580 6638 6579
f 6581 6639 6580
f 6581 6514 6582
f 6582 6583 6642
f 6643 6584 6516
f 6587 6642 6583
f 6645 6587 6588
f 6643 6585 6589
f 6590 6646 6589
f 6522 6579 6638
f 6590 6591 6648
f 6528 6534 6601
f 6650 6649 6593
f 6592 6529 6595
f 6596 6652 6651
f 6593 6649 6596
f 6654 6597 6598
f 6655 6653 6598
f 6597 6654 6656
f 6600 6535 5116
f 6600 6658 6657
f 6659 6660 6603
f 6661 6605 6538
f 6606 6663 6662
f 6606 6539 6607
f 6607 6540 6608
f 6666 6608 6543
f 6609 6667 6611
f 6668 6610 6611
f 6667 6609 6546
f 6545 6612 6670
f 6672 6671 6614
f 6615 6548 6617
f 6615 6675 6674
f 6549 6619 6676
f 6618 6550 6560
f 6619 6618 6678
f 6616 6674 6670
f 6552 6571 6633
f 6620 6634 6622
f 6621 6622 6680
f 6681 1420 6555
f 6556 6624 6682
f 6683 6624 6557
f 6625 6626 6685
f 6686 6683 6559
f 6679 6685 6626
f 6689 6690 6628
f 6630 6691 6631
f 6692 6565 1429
f 6632 6568 6631
f 6629 6632 6694
f 6620 6633 6573
f 6634 6635 6680
f 6576 6636 6635
f 6637 6595 6651
f 6639 6695 6638
f 6639 6581 6640
f 6641 6697 6640
f 6698 6699 6641
f 6642 6587 6645
f 6701 6702 6644
f 6645 6644 6704
f 6591 6638 6695
f 6647 6648 6706
f 6601 6657 6650
f 6708 6649 6650
f 6679 6680 6651
f 6652 6596 6649
f 6709 6654 6653
f 6653 6655 6711
f 6709 6712 6656
f 1513 6658 6600
f 6658 6714 6713
f 6659 6602 6605
f 6659 6717 6716
f 6661 6662 6663
f 6719 6715 6605
f 6663 6606 6664
f 6664 6607 6665
f 6722 6665 6608
f 6610 6668 6723
f 6669 6611 6667
f 6669 6726 6725
f 6724 6667 6614
f 6613 6670 6727
f 6671 6672 6729
f 6673 6617 6676
f 6673 6730 6675
f 6675 6732 6731
f 6676 6619 6734
f 6627 6735 6678
f 6677 6678 6737
f 6727 6670 6674
f 6623 6682 6738
f 6683 6739 6682
f 6684 6740 6686
f 6685 6708 6707
f 6739 6683 6686
f 6652 6708 6685
f 6687 6742 6735
f 6690 6744 6688
f 6746 6745 6690
f 6631 6691 6747
f 6692 6748 6691
f 1491 1550 6748
f 6749 6694 6632
f 6694 6750 6746
f 6635 6636 6651
f 6751 6695 6639
f 6752 6696 6640
f 6699 6698 6754
f 6703 6754 6698
f 6704 6644 6702
f 6701 6705 6756
f 6703 6704 6758
f 6705 6706 6759
f 6700 6647 6705
f 6707 6650 6657
f 6711 6761 6760
f 6655 6656 6712
f 6709 6763 6762
f 6764 6714 6658
f 6740 6713 6714
f 6716 5122 5118
f 6717 6659 6715
f 6717 6768 6767
f 6718 6769 6719
f 6720 6770 6718
f 6715 6719 6771
f 6720 6664 6721
f 6721 6665 6722
f 6666 6723 6774
f 6668 6725 6775
f 6724 6776 6726
f 6777 6725 6726
f 6776 6724 6671
f 6779 6729 6672
f 6733 6732 6730
f 6781 6731 6732
f 6733 6734 6783
f 6678 6735 6784
f 6785 6677 6736
f 6788 6787 6736
f 6779 6727 6731
f 6738 6682 6739
f 6686 6740 6765
f 6684 6707 6713
f 6741 6790 6789
f 6791 6784 6735
f 6742 6687 6793
f 6687 6743 6794
f 6794 6743 6688
f 6745 6795 6744
f 6797 6745 6746
f 6693 6747 6798
f 6747 6691 6748
f 6750 6694 6749
f 6796 6746 6750
f 6696 6752 6802
f 6803 6752 6697
f 6754 6805 6804
f 6806 6803 6699
f 6757 6805 6754
f 6702 6756 6807
f 6808 6758 6704
f 6810 6757 6758
f 6756 6759 6811
f 6759 6706 6802
f 6813 6760 6761
f 6761 6711 6712
f 6815 6816 6762
f 6817 6765 6714
f 5122 6716 6767
f 6766 6818 6768
f 6767 6768 6820
f 6771 6719 6769
f 6822 6769 6718
f 6720 6772 6823
f 6818 6766 6771
f 6721 6773 6825
f 6722 6774 6826
f 6827 6774 6723
f 6828 6775 6725
f 6776 6829 6778
f 6830 6831 6777
f 6833 6832 6729
f 6732 6733 6782
f 6780 6835 6834
f 6836 6837 6782
f 6785 6783 6734
f 6737 6784 6838
f 6786 6840 6839
f 6786 6736 6787
f 6842 6843 6787
f 6779 6781 6834
f 6789 5126 5123
f 6741 6765 6817
f 5127 5126 6789
f 6844 6791 6742
f 6845 6838 6784
f 6792 6793 6847
f 6794 6848 6847
f 6744 6795 6848
f 6849 6795 6745
f 6796 6851 6850
f 6800 6749 6798
f 6853 6798 6747
f 6800 6854 6801
f 6801 6855 6851
f 6812 6802 6752
f 6753 6804 6856
f 6806 6857 6812
f 6810 6858 6805
f 6807 6859 6808
f 6809 6758 6808
f 6809 6862 6861
f 6811 6863 6859
f 6812 6857 6811
f 6813 6814 6866
f 6762 6816 6814
f 6867 6864 6760
f 6763 6864 6867
f 6815 6869 6868
f 5125 6767 6819
f 6870 6820 6768
f 6819 6820 6872
f 6769 6822 6873
f 6771 6821 6825
f 6823 10231 10230
f 6824 6876 6870
f 6824 6773 6826
f 6877 6826 6774
f 6775 6828 6878
f 6879 6828 6777
f 6830 6778 6829
f 6830 6882 6881
f 6832 6833 6884
f 6780 6782 6837
f 6885 6886 6834
f 6785 6839 6836
f 6836 6888 6887
f 6889 6842 6788
f 6840 6891 6890
f 6841 6892 6840
f 6841 6787 6843
f 6894 6895 6843
f 6886 6884 6833
f 6844 6792 6846
f 6897 6845 6791
f 6898 6889 6838
f 6899 6900 6846
f 6899 6847 6848
f 6901 6848 6795
f 6902 6849 6797
f 6904 6850 6851
f 6800 6852 6905
f 6906 6852 6798
f 6801 6854 6907
f 6903 6851 6855
f 6856 6909 6857
f 6910 6856 6804
f 6860 6808 6859
f 6861 6862 6911
f 6911 6859 6863
f 6909 6863 6811
f 6865 6913 6867
f 6865 6866 6915
f 6814 6816 6868
f 6815 6867 6913
f 6917 6868 6869
f 5129 6819 6871
f 6918 6872 6820
f 6871 6872 6920
f 6821 6873 6823
f 6875 6873 6822
f 6875 6921 6922
f 6870 6876 6923
f 6877 6923 6876
f 6827 6878 6924
f 6828 6879 6925
f 6926 6879 6831
f 6830 6880 6927
f 6929 6881 6882
f 6883 6884 6931
f 6883 6927 6880
f 6885 6835 6837
f 6932 6931 6886
f 6839 6890 6888
f 6894 6842 6889
f 6934 6890 6891
f 6891 6840 6892
f 6893 6937 6892
f 6938 6893 6843
f 6894 6940 6939
f 6897 6844 6896
f 6900 6942 6896
f 6845 6897 6943
f 6900 6899 6945
f 6901 6946 6945
f 6946 6901 6849
f 6850 6904 6947
f 6948 6949 6904
f 6950 6907 6854
f 6852 6906 6951
f 6908 6855 6907
f 6948 6903 6908
f 6912 6910 6858
f 6863 6909 6910
f 6955 6913 6865
f 6914 6915 6957
f 6866 6868 6917
f 6916 6869 6913
f 6958 6917 6916
f 5130 6871 6919
f 6872 6918 6960
f 6919 6920 6962
f 6918 6923 6963
f 6924 6963 6923
f 6924 6878 6925
f 6965 6925 6879
f 6881 6929 6966
f 6882 6927 6967
f 6928 6969 6968
f 6930 6967 6927
f 6970 6971 6930
f 6887 6972 6932
f 6931 6932 6973
f 6934 6972 6888
f 6934 6935 6975
f 6935 6891 6936
f 6937 6977 6936
f 6893 6938 6978
f 6939 6981 6980
f 6982 6981 6939
f 6941 6896 6942
f 6941 6984 6943
f 6898 6943 6985
f 6944 6945 6987
f 6987 6945 6946
f 6947 6988 6946
f 6947 6904 6949
f 6991 6990 6949
f 6905 6951 6992
f 6950 6993 6952
f 6994 6992 6951
f 6952 6995 6953
f 6948 6953 6996
f 6955 6914 6956
f 6956 6957 6998
f 6958 6957 6915
f 6997 6999 6916
f 6959 7001 7000
f 6959 6916 6999
f 6920 6960 7002
f 6961 6962 7004
f 6963 6924 6964
f 7006 6964 6925
f 6926 6966 7007
f 7008 6966 6929
f 6928 6967 7009
f 7010 6968 6969
f 6971 7009 6967
f 7013 7012 6971
f 6973 6932 6972
f 6973 7015 7013
f 6934 6974 7014
f 6974 6975 7017
f 7018 6975 6935
f 6976 6936 6977
f 6937 6978 7020
f 6981 6982 7021
f 7022 6983 6942
f 7023 6985 6943
f 6985 7025 7024
f 6986 7026 7022
f 6986 6987 7028
f 7029 7028 6987
f 6988 6947 6989
f 6991 7031 7030
f 6992 7032 6993
f 6993 7033 6995
f 6994 7034 7032
f 6996 6953 6995
f 7036 7031 6991
f 6997 6998 7038
f 7000 6998 6957
f 6998 7000 7001
f 7001 6999 7040
f 7004 6962 7002
f 7004 7043 7042
f 7045 7006 6965
f 7046 7007 6966
f 7047 7008 6968
f 7009 7048 7011
f 7011 7050 7049
f 6971 7012 7048
f 7051 7012 7013
f 7053 7015 6973
f 7052 7013 7015
f 7016 7053 7014
f 7016 7017 7056
f 6975 7018 7057
f 7019 7058 7018
f 7020 7059 7019
f 6980 5134 6979
f 7024 7060 7021
f 6983 7022 7061
f 6984 7061 7062
f 7063 7060 7024
f 7064 7061 7022
f 7026 6986 7027
f 7066 7027 7028
f 7068 7067 7028
f 7069 7068 7029
f 7069 6989 6990
f 7070 7030 7031
f 7033 6993 7032
f 7035 6995 7033
f 7072 7032 7034
f 7034 6994 7076
f 7036 6996 7035
f 7071 7031 7036
f 7080 7079 7037
f 7039 7080 7038
f 7039 7040 7082
f 6999 7037 7079
f 7004 7041 7083
f 7084 7044 7006
f 7007 7046 7085
f 7008 7047 7086
f 7049 7087 7047
f 7050 7011 7048
f 7089 7049 7050
f 7088 7048 7012
f 7052 7092 7091
f 7054 7015 7053
f 7054 7094 7092
f 7095 7055 7056
f 7017 7057 7097
f 7018 7058 7098
f 7099 5137 7021
f 7100 7025 7023
f 7101 7062 7061
f 7025 7100 7102
f 7060 7063 7103
f 7064 7026 7065
f 7065 7027 7066
f 7106 7066 7067
f 7069 7109 7108
f 7030 7070 7109
f 7070 7071 7111
f 7112 7077 7035
f 7072 7074 7113
f 7075 7114 7074
f 7115 7116 7075
f 7117 7078 7036
f 7118 7111 7071
f 7079 7080 7120
f 7120 7080 7039
f 7082 7122 7121
f 7119 7082 7040
f 7041 7044 7084
f 7045 7085 7124
f 7046 7086 7125
f 7047 7087 7126
f 7087 7049 7089
f 7090 7050 7088
f 7129 7089 7090
f 7051 7091 7128
f 7132 7091 7092
f 7093 7133 7094
f 7092 7094 7134
f 7096 7136 7135
f 7137 7096 7056
f 7057 7098 7138
f 7139 7100 7062
f 7104 7140 7101
f 7115 7103 7063
f 7141 7102 7100
f 7105 7142 7104
f 7143 7105 7066
f 7145 7106 7107
f 7107 7067 7147
f 7070 7149 7148
f 7110 7111 7151
f 7077 7112 7152
f 7073 7113 7153
f 7114 7154 7113
f 7114 7075 7116
f 7076 1946 7103
f 7115 7102 7141
f 7078 7117 7156
f 7157 7151 7111
f 7119 7120 7159
f 7159 7120 7081
f 7161 7121 7122
f 7119 7158 7122
f 7083 7084 7124
f 7085 7125 7164
f 7165 7125 7086
f 7166 7126 7087
f 7127 7089 7129
f 7128 7168 7130
f 7130 7170 7169
f 7091 7132 7168
f 7131 7172 7171
f 7134 7094 7133
f 7095 7135 7133
f 7131 7134 7174
f 7175 7135 7136
f 7177 7136 7096
f 7178 7137 7097
f 7140 7179 7139
f 7179 7180 7141
f 7181 7142 7105
f 7106 7145 7182
f 7144 7107 7146
f 7144 7185 7184
f 7186 7146 7147
f 7147 7067 7108
f 7190 7189 7148
f 7110 7150 7191
f 7184 7150 7151
f 7193 7156 7117
f 7112 7153 7194
f 7195 7153 7113
f 7155 7196 7154
f 7116 7141 7180
f 7156 7197 7157
f 7192 7151 7157
f 7159 7200 7199
f 7121 7161 7200
f 7199 7160 7122
f 7202 7161 7160
f 7162 7203 1968
f 7162 7123 7163
f 7163 7124 7164
f 7205 7164 7125
f 7126 7166 7206
f 7207 7166 7127
f 7129 7169 7208
f 7209 7170 7130
f 7210 7169 7170
f 7209 7168 7132
f 7212 7171 7172
f 7134 7173 7214
f 7173 7133 7135
f 7174 7215 7213
f 7176 7217 7216
f 7176 7136 7177
f 7219 7177 7137
f 7142 7220 7179
f 7220 7196 7180
f 7220 7142 7181
f 7143 7182 7222
f 7192 7182 7145
f 7183 7223 7185
f 7186 7224 7183
f 7150 7184 7185
f 7225 7226 7186
f 7227 7187 7147
f 7188 7108 7148
f 7189 7190 7229
f 7149 7191 7230
f 7193 7152 7194
f 7195 7232 7194
f 7154 7196 7233
f 7197 7234 7198
f 7198 7222 7182
f 7235 7199 7200
f 7236 7200 7161
f 7235 7201 7160
f 7201 7238 7237
f 7204 7240 7203
f 7164 7205 7240
f 7206 7241 7205
f 7242 7206 7166
f 7167 7208 7243
f 7210 7244 7208
f 7211 7170 7209
f 7210 7211 7247
f 7245 7209 7171
f 7213 7249 7248
f 7215 7174 7214
f 7175 7216 7214
f 7249 7213 7215
f 7253 7216 7217
f 7218 7254 7217
f 7218 7177 7219
f 7178 2026 2063
f 7221 7233 7196
f 7221 7181 7222
f 7191 7185 7223
f 7224 7257 7223
f 7186 7226 7258
f 7187 7227 7259
f 7225 7261 7260
f 7228 7227 7188
f 7228 7229 7263
f 7265 7190 7230
f 7231 7234 7197
f 7222 7198 7234
f 7235 7236 7267
f 7236 7202 7237
f 7266 7238 7201
f 7269 7239 7203
f 7241 7269 7240
f 7241 7206 7242
f 7207 7243 7271
f 7243 7208 7244
f 7246 7273 7244
f 7247 7211 7245
f 7247 7276 7275
f 7245 7212 7277
f 7279 7248 7249
f 7250 7214 7216
f 7251 7215 7250
f 7278 7249 7251
f 7252 7217 7254
f 7252 7284 7283
f 7255 7285 7254
f 7255 7219 2063
f 7256 7232 7233
f 7264 7230 7223
f 7257 7224 7258
f 7287 7258 7226
f 7262 7259 7227
f 7288 7260 7261
f 7291 7262 7263
f 7292 7263 7229
f 7292 7265 7264
f 7234 7231 7232
f 7295 7294 7266
f 7297 7267 7237
f 7238 7266 7294
f 7239 7269 7298
f 7270 7298 7269
f 7270 7242 7301
f 7302 7271 7243
f 7272 7244 7273
f 7305 7304 7273
f 7274 7306 7276
f 7276 7308 7307
f 7277 7309 7306
f 7248 7279 7309
f 7311 7279 7278
f 7253 7283 7280
f 7281 7251 7280
f 7278 7281 7313
f 7252 7282 7314
f 7315 7282 7254
f 7316 7283 7284
f 2094 2127 7285
f 7293 7264 7257
f 7318 7286 7258
f 7319 7287 7260
f 7320 7259 7262
f 7321 7289 7261
f 7292 7323 7290
f 7291 7290 7325
f 7292 7293 7326
f 7294 7295 7328
f 7296 7330 7329
f 7296 7294 7327
f 7268 7298 7331
f 7300 7331 7298
f 7300 7301 7334
f 7302 7272 7303
f 7334 7301 7271
f 7303 7273 7304
f 7338 7337 7304
f 7306 7339 7308
f 7305 7275 7307
f 7340 7341 7307
f 7309 7342 7339
f 7342 7309 7279
f 7312 7280 7283
f 7313 7344 7343
f 7317 7284 7314
f 7315 7346 7314
f 7285 2127 2157
f 7317 7348 7347
f 7326 7293 7286
f 7287 7319 7349
f 7319 7288 7351
f 7352 7320 7291
f 7321 7322 7320
f 7289 7321 7354
f 7355 7325 7290
f 7324 7325 7357
f 7358 7355 7323
f 7360 7359 7327
f 7329 7328 7295
f 7330 7362 7361
f 7330 7327 7359
f 7363 7332 7299
f 7333 7334 7366
f 7335 7366 7334
f 7336 7367 7335
f 7336 7304 7337
f 7370 7369 7337
f 7371 7340 7308
f 7338 7307 7341
f 7373 7372 7341
f 7342 7374 7371
f 7311 7375 7374
f 7376 7312 7316
f 7310 7343 7377
f 7344 7379 7378
f 7380 7381 7344
f 7382 7345 7314
f 7383 7348 7317
f 2157 2195 7346
f 7348 7385 7384
f 7349 7358 7326
f 7350 7386 7349
f 7350 7351 7388
f 7356 7389 7352
f 7353 7388 7351
f 7321 7352 7389
f 7353 7354 7391
f 7325 7355 7392
f 7355 7358 7393
f 7395 7359 7360
f 7361 7360 7328
f 7361 7362 7397
f 7397 7362 7359
f 7398 7364 7332
f 7400 7333 7365
f 7403 7402 7365
f 7367 7403 7366
f 7336 7368 7404
f 7369 7405 7368
f 7369 7370 7407
f 7340 7371 7408
f 7372 7407 7370
f 7372 7373 7410
f 7371 7374 7411
f 7374 7375 7412
f 7347 7384 7413
f 7414 7412 7375
f 7415 7377 7343
f 7416 7378 7379
f 7379 7344 7381
f 7376 7413 7381
f 7382 7346 2195
f 7419 7383 7345
f 7420 7385 7348
f 7385 7422 7421
f 7358 7349 7386
f 7387 7423 7386
f 7424 7425 7387
f 7389 7356 7427
f 7390 7424 7388
f 7426 7391 7354
f 7390 7391 7429
f 7357 7392 7431
f 7392 7393 7432
f 7394 7360 7361
f 7433 7395 7394
f 7397 7436 7435
f 7395 7433 7436
f 7364 7398 7437
f 7363 7400 7401
f 7401 7365 7402
f 7402 7403 7441
f 7404 7441 7403
f 7442 7404 7368
f 7443 7405 7369
f 7406 7407 7445
f 7447 7373 7408
f 7409 7445 7407
f 7409 7410 7449
f 7408 7411 7450
f 7450 7411 7412
f 7384 7421 7452
f 7377 7415 7453
f 7454 7451 7412
f 7456 7416 7417
f 7457 7417 7379
f 7381 7413 7458
f 7382 2231 2271
f 7459 7420 7383
f 7460 7422 7385
f 7462 7421 7422
f 7393 7386 7423
f 7463 7423 7387
f 7465 7464 7425
f 7466 7467 7426
f 7428 7465 7424
f 7467 7429 7391
f 7468 7428 7429
f 7470 7471 7430
f 7470 7431 7432
f 7396 7435 7434
f 7433 7434 7474
f 7476 7435 7436
f 7475 7436 7433
f 7477 7438 7399
f 7439 7437 7398
f 7439 7402 7440
f 7480 7479 7440
f 7442 7480 7441
f 7481 7442 7405
f 7444 7482 7443
f 7446 7484 7483
f 7445 7409 7448
f 7487 7448 7449
f 7483 7449 7410
f 7488 7484 7446
f 7489 7488 7450
f 7490 7452 7421
f 7453 7491 7454
f 7492 7493 7453
f 7494 7455 7417
f 7492 7415 7416
f 2271 2310 7495
f 7496 7460 7420
f 7460 7497 7461
f 7498 7499 7462
f 7472 7432 7423
f 7500 7463 7425
f 7501 7502 7464
f 7466 7427 7471
f 7505 7504 7467
f 7465 7428 7506
f 7429 7467 7504
f 7508 7468 7469
f 7470 7509 7503
f 7472 7510 7509
f 7474 7434 7435
f 7511 7473 7474
f 7475 7514 7513
f 7475 7473 7511
f 7438 7477 7515
f 7439 7478 7516
f 7440 7479 7517
f 7519 7518 7479
f 7481 7519 7480
f 7443 7482 7520
f 7522 7521 7482
f 7523 7485 7448
f 7486 7449 7483
f 7526 7525 7484
f 7488 7489 7527
f 7499 7528 7490
f 7452 7490 7529
f 7491 7453 7493
f 7494 7457 7533
f 7455 7494 7535
f 7456 7537 7536
f 7496 7539 7497
f 7495 7538 7496
f 7541 7461 7497
f 7498 7461 7541
f 7499 7498 7542
f 7510 7472 7463
f 7500 7464 7502
f 7546 7545 7502
f 7503 7547 7505
f 7548 7549 7504
f 7501 7506 7550
f 7469 7504 7549
f 7506 7468 7508
f 7508 7507 7552
f 7547 7503 7509
f 7553 7509 7510
f 7513 7512 7474
f 7555 7556 7511
f 7514 7558 7557
f 7511 7556 7558
f 7515 7559 2332
f 7516 7560 7515
f 7561 7560 7516
f 7517 7479 7563
f 7563 7479 7518
f 7518 7519 7566
f 7566 7519 7481
f 7520 7482 7521
f 7522 7569 7568
f 7485 7523 7522
f 7487 7571 7570
f 7573 7486 7524
f 7524 7484 7525
f 7525 7526 7575
f 7526 7527 7576
f 7577 7527 7489
f 7580 7529 7490
f 7581 7528 7499
f 7530 7493 7584
f 7491 7530 7585
f 7531 7586 7579
f 7532 7587 7535
f 7532 7533 7529
f 7535 7589 7588
f 7534 7590 7537
f 7592 7536 7537
f 7540 7497 7539
f 7539 7496 7538
f 7540 7596 7595
f 7541 7595 7597
f 7543 7542 7597
f 7500 7544 7554
f 7545 7599 7544
f 7545 7546 7601
f 7505 7547 7602
f 7603 7604 7549
f 7605 7601 7546
f 7507 7549 7604
f 7551 7605 7550
f 7551 7552 7607
f 7608 7602 7547
f 7553 7554 7609
f 7555 7512 7513
f 7556 7555 7611
f 7613 7557 7558
f 7612 7558 7556
f 7515 7560 7615
f 7616 7615 7560
f 7561 7517 7562
f 7518 7565 7617
f 7566 7619 7618
f 7567 7521 7568
f 7619 7520 7567
f 7523 7570 7569
f 7570 7571 7623
f 7572 7625 7624
f 7525 7574 7625
f 7574 7575 7627
f 7627 7575 7576
f 7577 7629 7576
f 7577 7578 7631
f 7578 7489 7579
f 7598 7633 7581
f 7583 7584 7635
f 7584 7493 7536
f 7583 7637 7585
f 7582 7585 7639
f 7586 7531 7641
f 7638 7641 7531
f 7589 7535 7587
f 7580 7643 7587
f 7588 7644 7590
f 7645 7588 7589
f 7591 7537 7590
f 7647 7636 7536
f 7591 7649 7648
f 2467 7650 7593
f 7594 7651 7596
f 7593 7650 7594
f 7653 7595 7596
f 7654 7597 7595
f 7598 7597 7654
f 7554 7544 7599
f 7656 7599 7545
f 7600 7601 7658
f 7548 7602 7659
f 7603 7661 7660
f 7662 7658 7601
f 7607 7552 7604
f 7606 7662 7605
f 7607 7664 7663
f 7665 7659 7602
f 7666 7665 7608
f 7613 7611 7555
f 7667 7610 7611
f 7612 7670 7669
f 7616 7673 7672
f 7562 7674 7673
f 7617 7615 7672
f 7565 7618 7675
f 7677 7618 7619
f 7567 7620 7678
f 7679 7620 7568
f 7622 7680 7569
f 7682 7624 7625
f 7683 7625 7574
f 7685 7626 7627
f 7686 7628 7576
f 7630 7687 7629
f 7630 7631 7689
f 7578 7632 7690
f 7633 7692 7691
f 7655 7693 7633
f 7583 7634 7693
f 7645 7635 7584
f 7585 7637 7694
f 7640 7690 7632
f 7641 7638 7696
f 7642 7587 7643
f 7642 7692 7635
f 7644 7697 7646
f 7644 7588 7645
f 7646 7699 7649
f 7698 7645 7636
f 7592 7648 7700
f 7648 7649 7702
f 7703 7650 2467
f 7652 7596 7651
f 7650 7703 7651
f 7705 7653 7652
f 7708 7707 7654
f 7707 7694 7655
f 7609 7599 7656
f 7600 7657 7709
f 7711 7657 7658
f 7659 7712 7661
f 7661 7714 7713
f 7715 7710 7658
f 7660 7713 7664
f 7662 7606 7663
f 7716 7663 7664
f 7718 7712 7659
f 7719 7718 7665
f 7667 7668 7721
f 7723 7669 7670
f 7725 7671 7614
f 7564 7672 7673
f 7678 7729 7728
f 7680 7731 7730
f 7622 7732 7731
f 7734 7735 7682
f 7736 7733 7624
f 7683 7626 7737
f 7738 7685 7684
f 7741 7740 7628
f 7688 7742 7687
f 7688 7689 7744
f 7689 7631 7690
f 7693 7634 7692
f 7637 7693 7655
f 7707 7696 7639
f 7690 7640 7746
f 7747 7748 7695
f 7699 7646 7697
f 7698 7750 7697
f 7751 7649 7699
f 7647 7700 7750
f 7753 7754 7700
f 7701 7702 7756
f 7753 7648 7701
f 7759 7758 7703
f 7706 7758 7760
f 7708 7747 7696
f 7656 7709 7719
f 7657 7711 7761
f 7763 7711 7710
f 7714 7661 7712
f 7714 7766 7765
f 7762 7710 7715
f 7713 7765 7717
f 7716 7767 7715
f 7717 7769 7768
f 7770 7764 7712
f 7718 7719 7771
f 7667 7720 7772
f 7774 7720 7721
f 7776 7775 7721
f 7722 7772 7777
f 7724 7671 7725
f 7728 7779 7725
f 7728 7729 7780
f 7678 7679 7781
f 7679 7730 7782
f 7784 7730 7731
f 7785 7732 7623
f 7736 7682 7735
f 7734 7789 7788
f 7736 7790 7786
f 7734 7737 7791
f 7739 7793 7792
f 7740 7739 7684
f 7738 7791 7737
f 7740 7741 7796
f 7686 7794 7797
f 7798 7687 7742
f 7800 7742 7688
f 7744 7746 7748
f 7695 7748 7746
f 7743 7748 7747
f 7752 7699 7749
f 7802 7749 7697
f 7752 7804 7803
f 7750 7700 7754
f 7757 7805 7754
f 7755 7756 7807
f 7751 7803 7756
f 7755 7808 7757
f 7704 7703 7758
f 7760 7758 7759
f 7760 7747 7708
f 7709 7761 7771
f 7810 7761 7711
f 7812 7763 7762
f 7764 7813 7766
f 7815 7765 7766
f 7811 7762 7767
f 7769 7717 7765
f 7716 7768 7816
f 7769 7818 7817
f 7770 7819 7813
f 7771 7820 7819
f 7772 7720 7774
f 7773 7721 7775
f 7774 7773 7824
f 7775 7776 7723
f 7777 7772 7821
f 7724 7778 7827
f 7828 7829 7779
f 7729 7781 7830
f 7831 7830 7781
f 7782 7730 7784
f 7783 7731 7834
f 7783 2655 2654
f 7785 7681 7786
f 7835 7834 7732
f 7787 7735 7788
f 7787 7837 7790
f 7788 7789 7839
f 7786 7790 7841
f 7789 7791 7842
f 7738 7792 7842
f 7792 7793 7844
f 7740 7795 7793
f 7741 7797 7845
f 7799 7847 7846
f 7800 7849 7848
f 7809 7850 7800
f 7801 7749 7802
f 7804 7752 7801
f 7853 7803 7804
f 7851 7802 7754
f 7855 7805 7757
f 7806 7856 7808
f 7806 7807 7858
f 7853 7807 7756
f 7820 7771 7761
f 7763 7812 7859
f 7811 7861 7860
f 7814 7766 7813
f 7864 7815 7814
f 7816 7865 7861
f 7815 7864 7818
f 7768 7817 7865
f 7866 7817 7818
f 7862 7813 7819
f 7868 7819 7820
f 7870 7821 7774
f 7773 7822 7871
f 7822 7775 7777
f 7823 7824 7873
f 7821 7870 7874
f 7876 7877 7827
f 7780 7830 7878
f 7876 7829 7828
f 7831 7782 7832
f 7830 7831 7881
f 7832 7784 2654
f 2655 7783 7833
f 7833 7834 7835
f 7786 7840 7883
f 7787 7836 7884
f 7836 7788 7838
f 7886 7841 7790
f 7838 7839 7888
f 7889 7890 7840
f 7891 7839 7842
f 7843 7844 7894
f 7895 7844 7793
f 7843 7896 7892
f 7897 7898 7796
f 7797 7798 7846
f 7900 7846 7847
f 7848 7901 7847
f 7849 7902 7901
f 7849 7800 7850
f 7852 7801 7851
f 7852 7905 7854
f 7906 7907 7853
f 7904 7851 7805
f 7808 7856 7908
f 7857 7909 7856
f 7857 7858 7911
f 7907 7858 7807
f 7810 7859 7869
f 7912 7859 7812
f 7861 7914 7913
f 7863 7814 7862
f 7863 7917 7916
f 7914 7861 7865
f 7864 7916 7867
f 7918 7865 7817
f 7920 7866 7867
f 7868 7921 7915
f 7869 7922 7921
f 7870 7823 7872
f 7924 7873 7824
f 7874 7871 7822
f 7925 7926 7872
f 7927 7874 7870
f 7875 7827 7877
f 7879 7930 7877
f 7878 7931 7879
f 7831 7880 7932
f 7878 7881 7933
f 7882 2757 2704
f 7890 7934 7883
f 7837 7884 7935
f 7936 7884 7836
f 7885 7838 7887
f 7841 7886 7938
f 7887 7888 7940
f 7941 7888 7839
f 7889 7943 7942
f 7843 7893 7944
f 7893 7894 7946
f 7947 7894 7844
f 7895 7796 7898
f 7845 7846 7900
f 7949 7948 7898
f 7901 7950 7899
f 7952 7900 7899
f 7902 7953 7950
f 7903 7954 7902
f 7904 7955 7905
f 7854 7905 7956
f 7958 7957 7907
f 7855 7908 7955
f 7908 7856 7909
f 7909 7857 7910
f 7961 7962 7910
f 7957 7911 7858
f 7922 7869 7859
f 7860 7913 7963
f 7964 7913 7914
f 7915 7966 7917
f 7917 7968 7967
f 7918 7969 7965
f 7919 7867 7916
f 7969 7918 7866
f 7970 7971 7920
f 7966 7915 7921
f 7972 7921 7922
f 7924 7871 7874
f 7974 7925 7873
f 7925 7976 7975
f 7923 7926 7977
f 7980 7979 7929
f 7931 7981 7930
f 7881 7932 7982
f 2757 7882 7983
f 7942 7985 7934
f 7886 7935 7986
f 7987 7935 7884
f 7988 7937 7887
f 7938 7989 7943
f 7991 7990 7939
f 7992 7940 7888
f 7891 7994 7993
f 7942 7943 7996
f 7997 7944 7893
f 7945 7946 7999
f 8000 7946 7894
f 7947 7898 7948
f 7900 7952 7949
f 7948 7949 8002
f 7951 7899 7950
f 8003 7950 7953
f 7953 7902 7954
f 7905 7955 8006
f 7956 8007 7958
f 8009 8008 7957
f 7959 8006 7955
f 7960 8010 7959
f 7960 7910 7962
f 8013 8012 7962
f 8014 7911 7957
f 7912 7963 7973
f 8015 7963 7913
f 7965 8017 8016
f 7966 8018 7968
f 8020 7967 7968
f 8017 7965 7969
f 7970 7919 7967
f 7969 7920 7971
f 8023 8022 7971
f 7972 8024 8018
f 7973 8025 8024
f 7924 7927 7977
f 8026 7976 7925
f 8027 7977 7926
f 7976 8029 8028
f 7929 7979 8031
f 8032 7928 7930
f 7933 7982 8033
f 7983 8035 8034
f 8036 7983 7882
f 7995 8037 7985
f 7986 7935 7987
f 8040 8039 7987
f 7939 8042 8041
f 8042 7939 7990
f 7991 8045 8044
f 8046 7991 7940
f 7993 8047 7992
f 7994 8049 8048
f 8050 8051 7995
f 7997 7945 7998
f 8049 7994 7944
f 8053 8054 7998
f 8055 7999 7946
f 8000 7948 8001
f 7949 7952 8056
f 8058 8001 8002
f 8003 8059 8056
f 8004 8060 8059
f 8005 8061 8004
f 8007 7956 8006
f 7958 8007 8063
f 8009 8065 8064
f 8010 8062 8006
f 8011 8066 8010
f 8011 7962 8012
f 8068 8069 8012
f 8014 8070 8013
f 8008 8064 8070
f 7963 8015 8025
f 7964 8016 8071
f 8073 8016 8017
f 8019 7968 8018
f 8019 8076 8075
f 8021 8077 8072
f 8020 8075 8023
f 8021 7971 8022
f 8022 8023 8079
f 8074 8018 8024
f 8080 8024 8025
f 7974 7977 8027
f 8026 8082 8029
f 7975 8028 8083
f 8085 8028 8029
f 8086 8087 7980
f 5165 5163 8030
f 8089 8030 7978
f 8090 8031 7979
f 7981 8033 8092
f 8035 7985 8037
f 8037 7995 8051
f 8038 7987 8039
f 8096 7989 7986
f 8097 8098 8039
f 7988 8041 8097
f 8042 8100 8099
f 8043 8101 8100
f 8102 8043 7990
f 8103 8044 8045
f 8105 8045 7991
f 8046 7992 8047
f 8048 8107 8047
f 8099 8048 8049
f 7996 7989 8109
f 8050 8111 8110
f 8052 8108 8049
f 8054 8098 8052
f 8112 8053 7999
f 8054 8053 8113
f 8055 8001 8058
f 8002 8056 8059
f 8110 8111 8058
f 8057 8059 8060
f 8060 8004 8061
f 8063 8007 8062
f 8115 8065 8009
f 8117 8064 8065
f 8114 8062 8010
f 8066 8011 8067
f 8119 8067 8012
f 8068 8013 8070
f 8121 8069 8068
f 8120 8070 8064
f 8015 8071 8081
f 8016 8073 8123
f 8072 8125 8124
f 8019 8074 8126
f 8077 8127 8125
f 8075 8128 8079
f 8078 8127 8077
f 8079 8130 8129
f 8131 8126 8074
f 8081 8132 8131
f 8026 8027 8083
f 8084 8029 8082
f 8134 8083 8028
f 8084 8133 8135
f 8086 8137 8136
f 8089 8138 8088
f 8090 8091 8141
f 8087 8136 8091
f 8143 8142 8032
f 8094 8061 8093
f 8051 8110 8060
f 8095 8039 8098
f 8113 8096 8038
f 8108 8052 8098
f 8041 8099 8108
f 8100 8107 8048
f 8101 8144 8107
f 8145 8101 8043
f 8146 8102 8044
f 8147 8103 8104
f 8104 8045 8105
f 8046 8106 8150
f 8106 8047 8107
f 8050 8109 8151
f 8053 8112 8151
f 8058 8111 8151
f 8152 8115 8063
f 8116 8065 8115
f 8116 8155 8154
f 8066 8118 8152
f 8118 8067 8119
f 8157 8119 8069
f 8120 8158 8122
f 8159 8121 8122
f 8117 8154 8158
f 8132 8081 8071
f 8161 8123 8073
f 8163 8124 8125
f 8164 8128 8076
f 8162 8125 8127
f 8128 8166 8130
f 8078 8129 8165
f 8130 8168 8167
f 8126 8131 8169
f 8169 8131 8132
f 8082 8083 8134
f 8135 8133 8134
f 8171 8136 8137
f 8139 8088 8138
f 8140 8138 8089
f 8176 8177 8140
f 8141 8091 8136
f 8179 8142 8143
f 8096 8113 8151
f 8180 8144 8101
f 8181 8146 8103
f 8148 8183 8182
f 8148 8104 8149
f 8105 8150 8185
f 8144 8180 8150
f 8115 8152 8186
f 8187 8155 8116
f 8188 8189 8154
f 8156 8186 8152
f 8190 8156 8119
f 8159 8191 8157
f 8160 8122 8158
f 8159 8160 8194
f 8158 8154 8189
f 8123 8161 8170
f 8195 8161 8124
f 8164 8196 8166
f 8162 8165 8198
f 8168 8130 8166
f 8129 8167 8198
f 8201 8167 8168
f 8164 8169 8202
f 8169 8170 8203
f 8204 8171 8172
f 8172 8137 8173
f 8139 8174 8207
f 8174 8138 8140
f 8143 2969 5172
f 8210 8209 8179
f 8180 8145 8213
f 8215 8214 8146
f 8147 8182 8216
f 8182 8183 8218
f 8219 8183 8148
f 8149 8185 8220
f 8150 8180 8212
f 8153 8186 8221
f 8155 8187 8222
f 8224 8223 8189
f 8190 8221 8186
f 8225 8190 8157
f 8193 8226 8191
f 8192 8227 8194
f 8228 8229 8193
f 8189 8223 8227
f 8161 8195 8203
f 8163 8197 8230
f 8231 8199 8166
f 8233 8197 8198
f 8234 8200 8168
f 8232 8198 8167
f 8200 8236 8235
f 8202 8237 8231
f 8238 8237 8202
f 8205 8240 8239
f 8241 8205 8172
f 8207 8242 8208
f 8243 8207 8174
f 8178 5172 8211
f 8209 8210 8247
f 8212 8213 8251
f 8215 8251 8213
f 8181 8216 8252
f 8182 8217 8253
f 8254 8255 8217
f 8183 8219 8256
f 8184 8220 8257
f 8185 8212 8250
f 8187 8221 8258
f 8188 8222 8259
f 8261 8260 8223
f 8225 8258 8221
f 8225 8191 8226
f 8229 8263 8226
f 8194 8227 8264
f 8266 8265 8229
f 8227 8223 8260
f 8238 8203 8195
f 8233 8267 8230
f 8268 8234 8199
f 8232 8270 8269
f 8236 8200 8234
f 8201 8235 8270
f 8236 8273 8272
f 8231 8237 8274
f 8275 8274 8237
f 8277 8276 8239
f 8205 8241 8278
f 8241 8206 8280
f 8208 8242 8281
f 8207 8243 8282
f 8245 8283 8243
f 3037 8244 8284
f 8176 8239 8276
f 8249 8247 8210
f 8285 8246 8247
f 8279 8280 8209
f 8248 8286 8247
f 8288 8289 8250
f 8251 8215 8252
f 8290 8252 8216
f 8218 8256 8291
f 8292 8293 8255
f 8219 8257 8294
f 8220 8250 8289
f 8295 8259 8222
f 8224 8259 8296
f 8260 8261 8298
f 8262 8295 8258
f 8262 8226 8263
f 8265 8300 8263
f 8228 8264 8301
f 8303 8265 8266
f 8264 8260 8297
f 8238 8230 8267
f 8269 8304 8267
f 8305 8271 8234
f 8270 8307 8306
f 8308 8273 8236
f 8270 8235 8272
f 8309 8272 8273
f 8268 8274 8311
f 8274 8275 8312
f 8240 8278 8313
f 8314 8278 8241
f 8284 8244 8281
f 8316 8281 8242
f 5175 8284 8317
f 8318 8319 8285
f 8279 8246 8285
f 8248 8287 8321
f 5178 5180 8322
f 8324 8323 8289
f 8288 8252 8290
f 8325 8290 8253
f 8254 8291 8327
f 8329 8328 8291
f 8330 8255 8293
f 8333 8332 8293
f 8323 8294 8257
f 8334 8296 8259
f 8335 8298 8261
f 8337 8297 8298
f 8295 8262 8299
f 8263 8300 8338
f 8303 8339 8300
f 8302 8266 8301
f 8302 8342 8341
f 8297 8337 8340
f 8275 8267 8304
f 8306 8344 8304
f 8305 8345 8308
f 8346 8344 8306
f 8309 8346 8307
f 8309 8310 8348
f 8311 8349 8345
f 8311 8312 8350
f 8352 8351 8277
f 8278 8314 8353
f 8355 8354 8314
f 8284 8315 8356
f 8315 8281 8358
f 8316 8282 8283
f 8359 5179 3114
f 8319 8360 8320
f 8318 8362 8361
f 8320 8363 8355
f 8364 8321 8287
f 8323 8324 8367
f 8325 8367 8324
f 8330 8368 8325
f 8292 8327 8369
f 8370 8327 8291
f 8366 8371 8328
f 8331 8372 8368
f 8331 8293 8332
f 8332 8333 8375
f 8366 8329 8294
f 8334 8376 8335
f 8377 8336 8298
f 8336 8379 8378
f 8299 8338 8376
f 8380 8338 8300
f 8303 8341 8381
f 8340 8382 8342
f 8384 8341 8342
f 8382 8340 8337
f 8385 8343 8304
f 8345 8348 8310
f 8344 8346 8386
f 8347 8386 8346
f 8347 8348 8388
f 8349 8388 8348
f 8350 8390 8389
f 8351 8352 8358
f 8313 8353 8391
f 8353 8314 8354
f 8363 8393 8354
f 8394 8359 8317
f 8356 8315 8357
f 8396 8397 8357
f 5179 8359 8398
f 8363 8320 8360
f 8400 8401 8360
f 8362 8403 8402
f 8321 8364 8362
f 8322 8365 8404
f 8366 8367 8406
f 8368 8406 8367
f 8407 8375 8333
f 8408 8369 8327
f 8328 8371 8409
f 8406 8368 8372
f 8373 8411 8372
f 8374 8412 8373
f 8413 8414 8374
f 8377 8335 8376
f 8377 8416 8379
f 8379 8418 8417
f 8415 8376 8338
f 8419 8380 8339
f 8341 8384 8420
f 8383 8342 8382
f 8383 8423 8422
f 8378 8417 8421
f 8385 8424 8312
f 8386 8425 8424
f 8387 8425 8386
f 8427 8387 8388
f 8390 8350 8424
f 8396 8358 8352
f 8392 8430 8429
f 8354 8393 8431
f 8399 8432 8393
f 8433 8394 8356
f 8359 8394 8434
f 8395 8357 8397
f 8437 8436 8397
f 8438 5183 3192
f 8399 8360 8401
f 8401 8400 8441
f 8361 8402 8441
f 8442 8402 8403
f 8403 8362 8364
f 8365 8405 8444
f 8410 8409 8371
f 8407 8369 8408
f 8375 8407 8447
f 8448 8408 8370
f 8410 8372 8411
f 8412 8450 8411
f 8414 8451 8412
f 8453 8452 8414
f 8416 8377 8415
f 8418 8379 8416
f 8456 8417 8418
f 8454 8415 8380
f 8381 8420 8458
f 8459 8420 8384
f 8421 8460 8423
f 8462 8422 8423
f 8460 8421 8417
f 8428 8424 8425
f 8387 8427 8463
f 8464 8426 8388
f 8426 8466 8465
f 8468 8390 8428
f 8391 8429 8437
f 8437 8429 8430
f 8470 8430 8392
f 8471 8431 8393
f 8399 8439 8472
f 8433 8395 8435
f 8474 8434 8394
f 8398 8434 8475
f 8435 8397 8436
f 8477 8436 8437
f 8440 8479 8439
f 8440 8441 8481
f 8441 8402 8442
f 8482 8442 8443
f 8404 8444 8443
f 8405 8445 8484
f 8409 8410 8449
f 8446 8486 8447
f 8446 8408 8448
f 8447 8488 8453
f 8449 8411 8450
f 8451 8490 8450
f 8452 8491 8451
f 8452 8453 8493
f 8454 8494 8455
f 8455 8495 8457
f 8496 8456 8457
f 8419 8458 8494
f 8498 8458 8420
f 8499 8459 8422
f 8461 8423 8460
f 8501 8502 8462
f 8496 8500 8460
f 8503 8467 8428
f 8504 8463 8427
f 8464 8505 8466
f 8466 8507 8506
f 8464 8390 8468
f 8509 8508 8468
f 8430 8470 8510
f 8431 8471 8511
f 8512 8471 8432
f 8472 8439 8479
f 8473 8514 8474
f 8515 8473 8435
f 8474 8516 8475
f 8438 8475 8517
f 8518 8476 8436
f 8469 8510 8519
f 8480 8521 8479
f 8522 8523 8480
f 8524 8481 8442
f 8483 8526 8525
f 8483 8443 8444
f 8445 8485 8527
f 8487 8448 8449
f 8486 8529 8488
f 8487 8530 8486
f 8531 8493 8453
f 8489 8450 8490
f 8491 8533 8490
f 8492 8534 8491
f 8535 8536 8492
f 8494 8537 8495
f 8497 8457 8495
f 8497 8540 8539
f 8537 8494 8458
f 8459 8499 8541
f 8499 8462 8502
f 8543 8501 8461
f 8544 8545 8502
f 8539 8543 8500
f 8503 8546 8509
f 8465 8506 8547
f 8505 8548 8507
f 8549 8506 8507
f 8508 8548 8505
f 8508 8509 8552
f 8553 8510 8470
f 8554 8511 8471
f 8472 8513 8555
f 8521 8556 8513
f 8514 8557 8516
f 8558 8514 8473
f 8476 8518 8559
f 8517 8475 8516
f 8517 8561 8520
f 8477 8519 8562
f 8563 8519 8510
f 8523 8565 8521
f 8567 8566 8523
f 8482 8525 8568
f 8570 8569 8525
f 8484 8527 8526
f 8571 8527 8485
f 8489 8532 8530
f 8574 8488 8529
f 8530 8575 8529
f 8531 8576 8535
f 8532 8490 8533
f 8533 8491 8534
f 8536 8579 8534
f 8535 8581 8580
f 8538 8495 8537
f 8583 8540 8497
f 8540 8585 8584
f 8582 8537 8498
f 8499 8542 8586
f 8542 8502 8545
f 8501 8543 8588
f 8544 8590 8589
f 8539 8584 8588
f 8546 8591 8552
f 8504 8547 8546
f 8592 8547 8506
f 8507 8548 8593
f 8594 8549 8550
f 8551 8593 8548
f 8551 8552 8597
f 8511 8554 8598
f 8599 8554 8512
f 8555 8513 8556
f 8565 8601 8556
f 8515 8559 8602
f 8518 8562 8603
f 8560 8604 8561
f 8561 8605 8564
f 8606 8562 8519
f 8553 8598 8607
f 8566 8609 8565
f 8566 8567 8611
f 8524 8568 8567
f 8568 8525 8569
f 8569 8570 8614
f 8527 8571 8570
f 8615 8571 8528
f 8577 8575 8530
f 8573 8529 8575
f 8573 8618 8617
f 8535 8576 8619
f 8574 8617 8576
f 8578 8620 8577
f 8578 8534 8579
f 8622 8579 8536
f 8624 8580 8581
f 8582 8625 8583
f 8585 8540 8583
f 8627 8584 8585
f 8541 8586 8625
f 8629 8586 8542
f 8545 8589 8630
f 8590 8544 8588
f 8633 8589 8590
f 8631 8588 8584
f 8552 8591 8634
f 8547 8592 8591
f 8635 8592 8549
f 8595 8550 8593
f 8595 8638 8637
f 8596 8636 8593
f 8640 8596 8597
f 8641 8598 8554
f 8555 8600 8642
f 8600 8556 8601
f 8644 8601 8565
f 8558 8602 8645
f 8646 8602 8559
f 8647 8603 8562
f 8604 8648 8605
f 8560 8557 8649
f 8564 8605 8650
f 8563 8607 8651
f 8652 8607 8598
f 5189 5188 8608
f 8610 8654 8609
f 8610 8611 8656
f 8567 8568 8612
f 8613 8657 8612
f 8613 8614 8659
f 8571 8615 8614
f 3441 8660 8615
f 8616 8575 8577
f 8616 8661 8618
f 8662 8617 8618
f 8619 8664 8623
f 8619 8576 8617
f 8578 8621 8665
f 8666 8621 8579
f 8580 8624 8667
f 8623 8669 8668
f 8626 8583 8625
f 8626 8671 8628
f 8628 8673 8672
f 8670 8625 8586
f 8674 8629 8587
f 8675 8630 8589
f 8631 8676 8632
f 8677 8633 8632
f 8627 8672 8676
f 8639 8597 8634
f 8634 8591 8592
f 8681 8680 8635
f 8636 8682 8638
f 8684 8637 8638
f 8682 8636 8596
f 8639 8686 8685
f 8599 8642 8687
f 8688 8642 8600
f 8689 8643 8601
f 8690 8644 8609
f 8691 8646 8603
f 8606 8651 8692
f 8605 8648 8693
f 8649 8694 8648
f 8608 8650 8695
f 8651 8607 8652
f 8641 8687 8697
f 8655 8699 8654
f 8655 8656 8701
f 8611 8612 8657
f 8658 8702 8657
f 8658 8659 8704
f 8660 8659 8614
f 8660 3441 3487
f 8620 8665 8661
f 8661 8707 8663
f 8663 8709 8708
f 8669 8623 8664
f 8662 8708 8664
f 8711 8665 8621
f 8622 8667 8712
f 8713 8667 8624
f 8714 8668 8669
f 8671 8626 8670
f 8717 8673 8628
f 8719 8672 8673
f 8674 8716 8670
f 8630 8675 8720
f 8721 8675 8633
f 8678 8632 8676
f 8677 8678 8724
f 8722 8676 8672
f 8679 8725 8686
f 8635 8680 8679
f 8680 8681 8727
f 8683 8638 8682
f 8637 8684 8727
f 8730 8729 8684
f 8731 8728 8682
f 8686 8733 8732
f 8687 8642 8688
f 8735 8688 8643
f 8644 8690 8736
f 8699 8737 8690
f 8739 8691 8647
f 8692 8651 8696
f 8741 8695 8650
f 8742 8693 8648
f 8649 8645 8743
f 8744 8698 8653
f 8697 8687 8734
f 5192 5190 8698
f 8700 8747 8699
f 8748 8749 8700
f 8656 8657 8702
f 8703 8750 8702
f 8703 8704 8752
f 8705 8704 8659
f 8706 8753 8705
f 8665 8711 8707
f 8709 8663 8707
f 8756 8708 8709
f 8664 8708 8756
f 8710 8757 8715
f 8666 8712 8758
f 8759 8712 8667
f 8760 8713 8668
f 8714 8715 8762
f 8716 8763 8717
f 8718 8673 8717
f 8718 8766 8765
f 8674 8720 8763
f 8767 8720 8675
f 8677 8723 8768
f 8769 8724 8678
f 8723 8724 8771
f 8719 8765 8769
f 8725 8772 8733
f 8679 8680 8726
f 8726 8727 8774
f 8728 8775 8730
f 8774 8727 8684
f 8777 8776 8729
f 8728 8731 8778
f 8731 8685 8732
f 8780 8732 8733
f 8735 8781 8734
f 8689 8736 8782
f 8783 8736 8690
f 8747 8784 8737
f 8785 8739 8692
f 8786 8738 8691
f 8740 8696 8788
f 8741 8693 8742
f 8695 8741 8790
f 8791 8694 8743
f 8793 8746 8698
f 8745 8734 8781
f 8745 8796 8794
f 8749 8798 8747
f 8701 8702 8750
f 8800 8799 8749
f 8751 8801 8750
f 8752 8803 8802
f 8704 8705 8753
f 8706 3581 8804
f 8754 8707 8711
f 8755 8709 8754
f 8807 8756 8755
f 8756 8807 8757
f 8762 8715 8757
f 8809 8758 8712
f 8810 8759 8713
f 8714 8761 8811
f 8813 8812 8761
f 8763 8814 8764
f 8764 8815 8766
f 8816 8765 8766
f 8720 8767 8814
f 8818 8767 8721
f 8768 8723 8770
f 8820 8771 8724
f 8770 8771 8822
f 8765 8816 8820
f 8779 8733 8772
f 8725 8726 8773
f 8824 8773 8774
f 8775 8826 8777
f 8776 8825 8774
f 8776 8777 8828
f 8826 8775 8778
f 8829 8778 8732
f 8831 8830 8780
f 8782 8832 8781
f 8833 8782 8736
f 8834 8783 8737
f 8798 8835 8784
f 8785 8740 8787
f 8837 8786 8739
f 8738 8786 8792
f 8839 8838 8787
f 8789 8840 8790
f 8789 8742 8791
f 8744 8790 8842
f 8792 8843 8841
f 8746 8793 8844
f 8795 8845 8796
f 8832 8846 8795
f 8788 8794 8796
f 8799 8848 8798
f 8748 8750 8801
f 8849 8850 8799
f 8851 8801 8751
f 8852 8802 8803
f 8803 8752 8753
f 8804 3581 3633
f 8758 8809 8805
f 8806 8755 8805
f 8806 8857 8856
f 8856 8808 8757
f 8813 8762 8808
f 8759 8810 8859
f 8860 8810 8760
f 8761 8812 8861
f 8863 8812 8813
f 8815 8764 8814
f 8766 8815 8865
f 8867 8816 8817
f 8864 8814 8767
f 8819 8868 8818
f 8821 8869 8819
f 8771 8820 8870
f 8821 8822 8872
f 8823 8873 8831
f 8823 8772 8773
f 8874 8824 8825
f 8876 8828 8777
f 8875 8825 8776
f 8827 8828 8878
f 8879 8876 8826
f 8829 8780 8830
f 8880 8830 8831
f 8833 8882 8832
f 8883 8833 8783
f 8834 8784 8835
f 8848 8885 8835
f 8785 8836 8886
f 8838 8887 8836
f 8843 8792 8786
f 8888 8889 8838
f 8840 8891 8890
f 8840 8789 8841
f 8893 8844 8793
f 8892 8841 8843
f 8844 8895 8847
f 8839 8796 8845
f 8845 8795 8846
f 8846 8832 8882
f 8850 8899 8848
f 8849 8800 8801
f 8901 8900 8850
f 8902 8851 8802
f 8853 8904 8903
f 8804 8854 8853
f 8809 8859 8855
f 8855 8906 8857
f 8857 8908 8907
f 8858 8808 8856
f 8858 8909 8862
f 8910 8859 8810
f 8811 8861 8911
f 8912 8861 8812
f 8914 8863 8862
f 8864 8915 8865
f 8817 8865 8916
f 8867 8917 8870
f 8866 8919 8918
f 8868 8915 8864
f 8869 8920 8868
f 8871 8921 8869
f 8822 8870 8917
f 8872 8923 8922
f 8873 8924 8881
f 8873 8823 8824
f 8874 8875 8926
f 8927 8878 8828
f 8875 8827 8877
f 8928 8929 8877
f 8876 8879 8930
f 8880 8930 8879
f 8881 8932 8931
f 8833 8883 8933
f 8934 8883 8834
f 8884 8835 8885
f 8885 8848 8899
f 8837 8886 8894
f 8937 8886 8836
f 8887 8838 8889
f 8940 8939 8889
f 8941 8890 8891
f 8892 8943 8891
f 8944 8895 8844
f 8893 8842 8890
f 8894 8945 8943
f 8898 8847 8895
f 8888 8845 8896
f 8897 8882 8933
f 8900 8949 8899
f 8851 8902 8901
f 8950 8951 8900
f 8903 8952 8902
f 8953 8954 8903
f 8854 8905 8904
f 8906 8855 8859
f 8906 8956 8908
f 8907 8908 8958
f 8907 8957 8909
f 8913 8862 8909
f 8860 8911 8960
f 8961 8911 8861
f 8962 8912 8863
f 8964 8963 8914
f 8916 8865 8915
f 8866 8916 8966
f 8867 8918 8967
f 8968 8918 8919
f 8965 8915 8868
f 8921 8970 8920
f 8922 8971 8921
f 8872 8917 8967
f 8972 8971 8922
f 8932 8881 8924
f 8925 8924 8873
f 8974 8973 8925
f 8975 8928 8878
f 8926 8877 8929
f 8977 8976 8929
f 8927 8930 8978
f 8880 8931 8978
f 8932 8980 8979
f 8981 8933 8883
f 8934 8884 8935
f 8935 8885 8936
f 8899 8949 8984
f 8945 8894 8886
f 8937 8887 8938
f 8938 8889 8939
f 8939 8940 8988
f 8943 8989 8942
f 8944 8893 8941
f 8991 8946 8895
f 8989 8943 8945
f 8948 8898 8946
f 8896 8994 8988
f 8933 8981 8995
f 8951 8997 8949
f 8901 8902 8952
f 8950 8999 8998
f 8952 8903 8954
f 8953 8904 8905
f 8954 8953 9002
f 8910 8960 8956
f 9004 8958 8908
f 9005 8957 8958
f 8909 8957 9005
f 8964 8913 8959
f 8911 8961 9008
f 8961 8912 8962
f 8914 8963 9010
f 9011 9012 8963
f 8965 9013 8966
f 8919 8966 9015
f 8968 8969 9016
f 8920 8970 9013
f 8970 8921 8971
f 8972 8923 8967
f 9017 8971 8972
f 8980 8932 8973
f 9019 9018 8973
f 8928 8975 9020
f 8974 8929 8976
f 8976 8977 9022
f 9020 8975 8978
f 9023 8978 8931
f 8979 8980 9025
f 9026 8981 8934
f 8982 8935 8983
f 8936 8984 9028
f 8997 9029 8984
f 8937 8985 8992
f 8986 9030 8985
f 8986 8939 8987
f 8988 9033 9032
f 9034 8942 8989
f 9036 8991 8944
f 8946 8991 9037
f 9035 8989 8992
f 8993 9039 8996
f 9033 8988 8994
f 8947 8995 9040
f 9041 8995 8981
f 8998 9043 8997
f 8950 8952 9000
f 8998 8999 9045
f 9000 8954 9001
f 9002 8953 8955
f 9002 9048 9047
f 8960 9008 9004
f 9006 8958 9004
f 9051 9005 9006
f 8959 9005 9051
f 9007 9052 9011
f 9053 9008 8961
f 9009 8962 9010
f 8963 9012 9055
f 9012 9011 9057
f 9015 8966 9013
f 9015 9060 9059
f 9061 9016 8969
f 9017 9016 9061
f 9063 9025 8980
f 9063 9018 9019
f 9065 9022 8977
f 9021 9064 9019
f 9022 9067 9066
f 9023 9068 9065
f 9023 8979 9024
f 9024 9025 9070
f 8983 9028 9071
f 9072 9028 8984
f 9029 8997 9043
f 8985 9030 9038
f 9031 9074 9030
f 9031 8987 9032
f 9076 9032 9033
f 9078 9079 9034
f 8991 9036 9080
f 9039 8993 9037
f 9035 9038 9082
f 9042 8996 9039
f 9077 9033 9040
f 9084 9040 8995
f 9026 9027 9085
f 9042 9086 3881
f 9043 8998 9044
f 9046 9045 8999
f 9044 9045 9089
f 9046 9001 9047
f 9048 9002 9003
f 9091 9047 9048
f 9004 9008 9053
f 9093 9050 9006
f 9095 9094 9051
f 9051 9094 9052
f 9052 9096 9057
f 9009 9054 9097
f 9098 9054 9010
f 9099 9055 9012
f 9101 9056 9057
f 9017 9062 9058
f 9102 9060 9015
f 9103 9059 9060
f 9105 9106 9061
f 9062 9061 9106
f 9108 9070 9025
f 9064 9110 9109
f 9111 9067 9022
f 9021 9066 9110
f 9066 9067 9113
f 9065 9068 9114
f 9069 9114 9068
f 9069 9070 9116
f 9071 9117 9085
f 9118 9071 9028
f 9072 9029 9073
f 9073 9043 9087
f 9030 9074 9082
f 9075 9121 9074
f 9122 9075 9032
f 9077 9124 9123
f 9079 9080 9036
f 9078 9126 9125
f 9037 9080 9127
f 9081 9128 9083
f 9078 9082 9129
f 9083 9130 9086
f 9124 9077 9084
f 9131 9084 9041
f 3881 9086 9132
f 9088 9133 9087
f 9090 9089 9045
f 9088 9089 9135
f 9047 9091 9136
f 3928 9092 9048
f 9053 9097 9093
f 9050 9093 9137
f 9095 9139 9138
f 9096 9052 9094
f 9100 9057 9096
f 9141 9097 9054
f 9055 9099 9142
f 9056 9101 9143
f 9144 9101 9100
f 9107 9102 9058
f 9146 9104 9060
f 9104 9148 9147
f 9059 9103 9149
f 9149 9150 9106
f 9150 9151 9107
f 9152 9116 9070
f 9154 9109 9110
f 9155 9113 9067
f 9153 9110 9066
f 9113 9157 9156
f 9111 9114 9158
f 9115 9158 9114
f 9115 9116 9160
f 9131 9085 9117
f 9118 9162 9117
f 9119 9162 9118
f 9120 9163 9119
f 9120 9087 9133
f 9129 9082 9074
f 9165 9121 9075
f 9076 9123 9166
f 9124 9168 9167
f 9125 9127 9080
f 9126 9170 9169
f 9127 9171 9128
f 9128 9172 9130
f 9170 9126 9129
f 9174 9132 9086
f 9131 9161 9168
f 3927 9132 9175
f 9134 9176 9133
f 9090 9136 9135
f 9134 9135 9178
f 9091 9180 9179
f 5197 9181 9092
f 9097 9141 9137
f 9137 9182 9139
f 9139 9184 9183
f 9140 9096 9138
f 9185 9145 9100
f 9098 9142 9186
f 9142 9099 9143
f 9144 9188 9143
f 9145 9190 9189
f 9107 9151 9191
f 9192 9148 9104
f 9149 9103 9147
f 9195 9147 9148
f 9193 9196 9150
f 9196 9197 9151
f 9152 9108 9109
f 9160 9116 9152
f 9153 9200 9199
f 9201 9157 9113
f 9112 9156 9200
f 9159 9202 9158
f 9160 9204 9203
f 9162 9205 9161
f 9164 9206 9163
f 9164 9133 9176
f 9173 9129 9121
f 9208 9165 9122
f 9123 9167 9209
f 9167 9168 9161
f 9125 9169 9171
f 9170 9212 9211
f 9171 9213 9172
f 9174 9130 9172
f 9212 9170 9173
f 9175 9132 9174
f 9217 4019 3973
f 9177 9218 9176
f 9178 9135 9136
f 9178 9220 9219
f 9179 9180 9222
f 9182 9137 9141
f 9184 9139 9182
f 9226 9183 9184
f 9185 9140 9183
f 9185 9228 9190
f 9229 9186 9142
f 9188 9230 9187
f 9189 9231 9188
f 9189 9190 9233
f 9234 9191 9151
f 9235 9194 9148
f 9191 9234 9192
f 9147 9195 9236
f 9195 9194 9238
f 9236 9239 9196
f 9197 9196 9239
f 9160 9198 9241
f 9199 9241 9198
f 9200 9243 9242
f 9244 9245 9157
f 9156 9245 9243
f 9159 9203 9244
f 9247 9246 9203
f 9205 9248 9210
f 9250 9249 9163
f 9207 9251 9206
f 9176 9218 9252
f 9215 9173 9165
f 9166 9209 9253
f 9254 9209 9167
f 9169 9211 9213
f 9255 9211 9212
f 9213 9257 9214
f 9216 9174 9214
f 9215 9259 9256
f 9260 9217 9175
f 9177 9219 9262
f 9179 9221 9220
f 9263 9219 9220
f 9265 9221 9222
f 9222 9181 9223
f 9229 9225 9182
f 9266 9227 9184
f 9268 9226 9227
f 9185 9226 9268
f 9190 9228 9269
f 9187 9230 9270
f 9271 9230 9188
f 9231 9189 9232
f 9232 9233 9274
f 9240 9275 9234
f 9194 9235 9276
f 9234 9275 9235
f 9277 9236 9195
f 9237 9238 9279
f 9280 9239 9236
f 9240 9239 9280
f 9247 9204 9241
f 9241 9199 9242
f 9284 9242 9243
f 9202 9244 9201
f 9245 9244 9286
f 9203 9246 9286
f 9287 9246 9247
f 9210 9248 9289
f 9250 9206 9251
f 9248 9249 9250
f 9207 9252 9291
f 9208 9253 9259
f 9292 9253 9209
f 9257 9213 9211
f 9256 9294 9293
f 9258 9214 9257
f 9260 9216 9258
f 9297 9294 9256
f 9298 9261 9217
f 9300 9262 9219
f 9263 9264 9302
f 9266 9225 9229
f 9303 9267 9227
f 9305 9304 9268
f 9228 9268 9304
f 9233 9269 9306
f 9307 9270 9230
f 9271 9231 9272
f 9273 9309 9272
f 9311 9273 9274
f 9312 9275 9240
f 9279 9238 9276
f 9276 9235 9275
f 9237 9278 9314
f 9316 9315 9278
f 9277 9314 9317
f 9280 9317 9318
f 9282 9319 9288
f 9242 9284 9319
f 9285 9320 9283
f 9322 9284 9283
f 9285 9286 9323
f 9323 9286 9246
f 9288 9325 9324
f 9254 9289 9326
f 9289 9250 9290
f 9251 9291 9327
f 9328 9329 9291
f 9297 9253 9292
f 9255 9293 9295
f 9294 9332 9331
f 9295 9333 9296
f 9296 9334 9298
f 9330 9332 9294
f 9261 9298 9335
f 9337 9262 9300
f 9263 9301 9339
f 9302 4142 9340
f 9270 9307 9303
f 9303 9343 9305
f 9344 9345 9304
f 9345 9306 9269
f 9310 9274 9306
f 9308 9347 9307
f 9272 9309 9348
f 9311 9349 9309
f 9310 9351 9350
f 9352 9312 9281
f 9313 9276 9312
f 9313 9353 9316
f 9315 9354 9314
f 9315 9316 9356
f 9357 9317 9314
f 9358 9318 9317
f 9319 9359 9325
f 9359 9319 9284
f 9360 9321 9283
f 9321 9362 9361
f 9320 9323 9363
f 9287 9324 9363
f 9364 9324 9325
f 9292 9326 9366
f 9367 9327 9291
f 9329 9328 9337
f 9293 9331 9333
f 9332 9370 9369
f 9296 9333 9371
f 9372 9335 9298
f 9330 9366 9370
f 9299 9335 9373
f 9300 9339 9375
f 9368 9337 9338
f 9341 9339 9301
f 9342 9377 9341
f 9343 9303 9307
f 9305 9343 9378
f 9345 9344 9380
f 9346 9306 9345
f 9346 9381 9351
f 9348 9382 9347
f 9348 9309 9349
f 9384 9349 9311
f 9385 9350 9351
f 9318 9358 9387
f 9352 9387 9353
f 9388 9356 9316
f 9389 9354 9315
f 9355 9356 9391
f 9354 9389 9392
f 9357 9392 9393
f 9359 9394 9365
f 9322 9361 9394
f 9395 9362 9321
f 9362 9397 9396
f 9360 9363 9398
f 9398 9363 9324
f 9364 9365 9400
f 9367 9329 9368
f 9403 9401 9327
f 9331 9369 9371
f 9404 9369 9370
f 9371 9405 9372
f 9406 9373 9335
f 9403 9370 9366
f 9407 9374 9336
f 9375 9408 9376
f 9377 9375 9339
f 9376 9409 9402
f 9374 9407 9377
f 9382 9378 9343
f 9410 9380 9344
f 9379 9380 9412
f 9379 9411 9381
f 9381 9413 9386
f 9348 9383 9414
f 9384 9415 9383
f 9350 9385 9416
f 9386 9418 9417
f 9393 9419 9387
f 9353 9387 9419
f 9420 9391 9356
f 9421 9389 9355
f 9423 9390 9391
f 9424 9392 9389
f 9425 9393 9392
f 9365 9394 9426
f 9396 9426 9394
f 9397 9362 9395
f 9397 9429 9428
f 9427 9395 9398
f 9398 9364 9399
f 9399 9400 9432
f 9402 9404 9403
f 9369 9404 9405
f 9406 9372 9405
f 9373 9406 9408
f 9406 9409 9376
f 9407 9408 9375
f 9404 9402 9409
f 9378 9382 9414
f 9433 9412 9380
f 9411 9412 9435
f 9411 9434 9413
f 9413 9436 9418
f 9414 9383 9415
f 9384 9416 9438
f 9439 9416 9385
f 9418 9441 9440
f 9425 9442 9419
f 9388 9419 9442
f 9391 9420 9443
f 9390 9423 9444
f 9446 9423 9422
f 9421 9444 9447
f 9424 9447 9448
f 9400 9426 9449
f 9428 9449 9426
f 9429 9397 9427
f 9451 9428 9429
f 9427 9430 9453
f 9431 9453 9430
f 9431 9432 9455
f 9414 9437 9433
f 9412 9433 9456
f 9457 9458 9434
f 9458 9436 9413
f 9418 9436 9459
f 9437 9415 9438
f 9461 9438 9416
f 9417 9440 9462
f 9463 9464 9440
f 9466 9465 9442
f 9443 9420 9442
f 9445 9422 9443
f 9468 9444 9423
f 9470 9469 9446
f 9471 9447 9444
f 9447 9471 9472
f 9449 9473 9455
f 9473 9449 9428
f 9450 9474 9452
f 9476 9451 9452
f 9454 9474 9453
f 9478 9454 9455
f 9460 9456 9433
f 9435 9456 9479
f 9481 9480 9458
f 9480 9459 9436
f 9463 9441 9459
f 9461 9483 9460
f 9439 9462 9484
f 9462 9440 9464
f 9464 9463 9487
f 9465 9466 9489
f 9465 9488 9467
f 9467 9490 9470
f 9468 9446 9469
f 9493 9492 9469
f 9491 9494 9471
f 9472 9489 9466
f 9472 9471 9494
f 9477 9455 9473
f 9496 9473 9451
f 9475 9452 9474
f 9498 9476 9475
f 9497 9474 9454
f 9501 9478 9477
f 9483 9479 9456
f 9457 9479 9502
f 9503 9480 9481
f 9482 9459 9480
f 9482 9505 9487
f 9461 9484 9506
f 9484 9462 9485
f 9486 9508 9485
f 9486 9487 9510
f 9511 9488 9489
f 9490 9467 9488
f 9470 9490 9513
f 9491 9469 9492
f 9492 9493 9516
f 9514 9517 9494
f 9489 9472 9495
f 9495 9494 9517
f 9500 9477 9496
f 9519 9496 9476
f 9497 9520 9499
f 9499 9522 9521
f 9478 9501 9520
f 9524 9523 9501
f 9483 9506 9502
f 9525 9504 9481
f 9504 9527 9526
f 9503 9526 9505
f 9505 9528 9510
f 9506 9484 9507
f 9507 9485 9508
f 9509 9531 9508
f 9532 9509 9510
f 9534 9535 9511
f 9535 9513 9490
f 9536 9493 9513
f 9514 9492 9515
f 9515 9516 9540
f 9514 9538 9541
f 9512 9495 9518
f 9518 9517 9541
f 9500 9519 9543
f 9498 9521 9543
f 9522 9499 9520
f 9522 9546 9545
f 9501 9523 9544
f 9523 9524 9548
f 9502 9506 9529
f 9525 9549 9527
f 9527 9551 9550
f 9526 9550 9528
f 9533 9510 9528
f 9529 9507 9530
f 9530 9508 9531
f 9532 9555 9531
f 9532 9533 9556
f 9558 9557 9535
f 9537 9513 9535
f 9536 9537 9560
f 9515 9539 9561
f 9563 9562 9539
f 9559 9540 9516
f 9561 9564 9541
f 9534 9518 9542
f 9564 9565 9542
f 9566 9548 9524
f 9521 9545 9566
f 9544 9567 9546
f 9568 9569 9545
f 9547 9567 9544
f 9571 9570 9547
f 9525 9529 9553
f 9549 9572 9551
f 9574 9550 9551
f 9528 9550 9574
f 9552 9575 9556
f 9554 9576 9553
f 9554 9531 9555
f 9577 9555 9556
f 9558 9580 9579
f 9579 9560 9537
f 9581 9582 9559
f 9561 9539 9562
f 9584 9562 9563
f 9582 9563 9540
f 9564 9561 9583
f 9565 9580 9558
f 9565 9564 9586
f 9588 9571 9548
f 9566 9545 9569
f 9546 9567 9589
f 9569 9568 9591
f 9570 9589 9567
f 9593 9570 9571
f 9549 9553 9576
f 9573 9551 9572
f 9574 9573 9575
f 9595 9578 9556
f 9577 9578 9597
f 9598 9579 9580
f 9581 9560 9579
f 9600 9582 9581
f 9602 9583 9562
f 9585 9604 9603
f 9585 9563 9582
f 9605 9586 9583
f 9599 9580 9565
f 9586 9605 9606
f 9571 9588 9607
f 9590 9607 9588
f 9608 9591 9568
f 9591 9610 9609
f 9589 9570 9593
f 9612 9572 9576
f 9594 9595 9575
f 9594 9572 9612
f 9578 9595 9614
f 9615 9616 9596
f 9611 9576 9577
f 9617 9618 9598
f 9581 9598 9618
f 9620 9600 9601
f 9584 9603 9621
f 9623 9603 9604
f 9600 9620 9604
f 9624 9605 9602
f 9606 9617 9599
f 9624 9625 9606
f 9590 9609 9626
f 9627 9609 9610
f 9611 9631 9630
f 9614 9595 9594
f 9632 9613 9612
f 9597 9614 9633
f 9611 9596 9616
f 9635 9634 9616
f 9637 9636 9618
f 9601 9618 9636
f 9619 9639 9638
f 9621 9603 9623
f 9622 9604 9620
f 9641 9642 9623
f 9624 9621 9640
f 9617 9606 9625
f 9643 9644 9625
f 9627 9628 9647
f 9629 9648 9628
f 9649 9650 9630
f 9632 9633 9614
f 9632 9630 9650
f 9633 9652 9635
f 9634 9649 9631
f 9653 9654 9634
f 9655 9639 9636
f 9638 9639 9657
f 9640 9623 9642
f 9656 9641 9622
f 9659 9660 9642
f 9643 9640 9658
f 9644 9655 9637
f 9662 9644 9643
f 9663 9627 9646
f 9666 9665 9646
f 9668 9667 9628
f 9670 9669 9650
f 9632 9651 9652
f 9650 9669 9671
f 9653 9635 9652
f 9654 9670 9649
f 9674 9673 9654
f 9675 9657 9639
f 9656 9657 9677
f 9660 9678 9658
f 9676 9659 9641
f 9679 9661 9658
f 9662 9675 9655
f 9661 9679 9680
f 9663 9681 9648
f 9663 9645 9626
f 9664 9682 9681
f 9664 9646 9665
f 9665 9666 9685
f 9667 9668 9687
f 9670 9689 9688
f 9651 9671 9672
f 9690 9671 9669
f 9653 9672 9691
f 9673 9689 9670
f 9673 9674 9693
f 9657 9675 9694
f 9677 9696 9695
f 9697 9678 9660
f 9659 9676 9695
f 9699 9679 9678
f 9662 9680 9694
f 9679 9699 9700
f 9682 9687 9668
f 9664 9683 9701
f 9702 9683 9665
f 9684 9685 9704
f 9706 9685 9666
f 9687 9705 9707
f 9688 9689 9709
f 9691 9672 9671
f 9710 9690 9688
f 9674 9691 9711
f 9692 9709 9689
f 9694 9712 9696
f 9713 9714 9695
f 9697 9698 9716
f 9698 9695 9714
f 9715 9717 9699
f 9680 9700 9712
f 9717 9718 9700
f 9687 9682 9701
f 9719 9701 9683
f 9703 9720 9702
f 9704 9722 9721
f 9705 9701 9719
f 9708 9709 9724
f 9725 9711 9691
f 9726 9710 9708
f 9711 9728 9727
f 9729 9724 9709
f 9713 9696 9712
f 9716 9732 9731
f 9731 9733 9717
f 9700 9718 9730
f 9733 9734 9718
f 9720 9735 9719
f 9720 9703 9721
f 9721 9722 9737
f 9719 9735 9739
f 9741 9723 9724
f 9742 9728 9711
f 9743 9726 9723
f 9742 9725 9710
f 9745 9727 9728
f 9724 9729 9746
f 9730 9734 9747
f 9748 9731 9732
f 9748 9750 9733
f 9734 9733 9750
f 9736 9737 9735
f 9737 9722 9738
f 9753 9754 9741
f 9744 9728 9742
f 9726 9743 9755
f 9754 9756 9743
f 9758 9745 9744
f 9740 9746 9759
f 9751 9760 9747
f 9748 9749 9762
f 9749 9732 9747
f 9763 9750 9748
f 9751 9750 9763
f 9752 9738 9739
f 9766 9765 9754
f 9767 9757 9744
f 9767 9755 9743
f 9756 9754 9765
f 9745 9758 9770
f 9772 9771 9758
f 9753 9759 9773
f 9769 9770 9759
f 9751 9764 9774
f 9762 9776 9775
f 9760 9774 9762
f 9761 9775 9777
f 9778 9764 9763
f 9766 9780 9779
f 9781 9772 9757
f 9767 9756 9768
f 9768 9765 9779
f 9758 9771 9783
f 9771 9772 9785
f 9773 9786 9780
f 9759 9770 9783
f 9787 9774 9764
f 9788 9789 9775
f 9776 9762 9774
f 9789 9790 9777
f 9778 9777 9790
f 9792 9779 9780
f 9794 9785 9772
f 9781 9768 9782
f 9795 9782 9779
f 9784 9796 9783
f 9785 9798 9797
f 9786 9799 9793
f 9773 9783 9796
f 9791 9800 9787
f 9800 9788 9776
f 9802 9801 9789
f 9803 9790 9789
f 9804 9791 9790
f 9806 9792 9793
f 9807 9798 9785
f 9795 9807 9794
f 9792 9806 9808
f 9784 9797 9809
f 9811 9797 9798
f 9805 9793 9799
f 9796 9809 9799
f 9800 9791 9804
f 9813 9802 9788
f 9814 9815 9801
f 9803 9801 9815
f 9816 9817 9804
f 9819 9806 9805
f 9798 9807 9820
f 9808 9820 9807
f 9821 9808 9806
f 9797 9811 9822
f 9824 9811 9810
f 9812 9799 9809
f 9818 9805 9812
f 9826 9813 9804
f 9826 9814 9802
f 9827 9815 9814
f 9816 9815 9827
f 9817 9816 9829
f 9832 9819 9818
f 9823 9810 9820
f 9833 9820 9808
f 9819 9832 9834
f 9835 9822 9811
f 9823 9837 9836
f 9825 9812 9822
f 9831 9818 9825
f 9817 9830 9839
f 9826 9839 9828
f 9840 9827 9828
f 9842 9829 9827
f 9829 9842 9843
f 9831 9845 9844
f 9833 9846 9837
f 9846 9833 9821
f 9844 9847 9834
f 9824 9836 9848
f 9837 9850 9849
f 9835 9848 9838
f 9838 9851 9845
f 9852 9839 9830
f 9841 9828 9839
f 9840 9841 9854
f 9842 9840 9853
f 9856 9843 9842
f 9844 9845 9858
f 9850 9837 9846
f 9859 9846 9834
f 9857 9860 9847
f 9861 9848 9836
f 9863 9849 9850
f 9851 9838 9848
f 9864 9858 9845
f 9852 9843 9856
f 9865 9854 9841
f 9853 9854 9867
f 9855 9853 9866
f 9856 9855 9868
f 9870 9871 9857
f 9859 9872 9862
f 9847 9860 9872
f 9873 9860 9857
f 9874 9861 9849
f 9876 9875 9863
f 9864 9851 9861
f 9858 9864 9877
f 9878 9865 9856
f 9878 9867 9854
f 9866 9867 9880
f 9882 9881 9871
f 9876 9862 9872
f 9883 9872 9860
f 9881 9884 9873
f 9874 9863 9875
f 9886 9887 9875
f 9864 9874 9885
f 9870 9877 9888
f 9890 9878 9869
f 9880 9867 9878
f 9892 9891 9879
f 9882 9894 9893
f 9895 9886 9876
f 9883 9873 9884
f 9893 9896 9884
f 9885 9875 9887
f 9899 9887 9886
f 9877 9885 9897
f 9888 9900 9894
f 9889 9902 9901
f 9879 9891 9902
f 9880 9904 9903
f 9894 9906 9905
f 9898 9886 9895
f 9895 9884 9896
f 9908 9896 9893
f 9897 9887 9899
f 9910 9899 9898
f 9888 9897 9909
f 9900 9912 9906
f 9890 9901 9903
f 9902 9891 9914
f 9915 9892 9903
f 9917 9905 9906
f 9907 9919 9911
f 9908 9919 9907
f 9908 9905 9921
f 9922 9909 9899
f 9924 9910 9911
f 9912 9900 9909
f 9918 9906 9912
f 9903 9901 9926
f 9914 9928 9927
f 9915 9916 9930
f 9918 9932 9931
f 9923 9911 9919
f 9933 9919 9908
f 9921 9935 9934
f 9922 9910 9924
f 9923 9938 9937
f 9922 9936 9925
f 9925 9939 9932
f 9930 9916 9926
f 9940 9913 9927
f 9943 9927 9928
f 9929 9944 9928
f 9929 9930 9945
f 9917 9931 9935
f 9946 9931 9932
f 9933 9948 9938
f 9920 9934 9948
f 9949 9950 9934
f 9951 9936 9924
f 9952 9937 9938
f 9939 9925 9936
f 9947 9932 9939
f 9941 9945 9930
f 9943 9955 9941
f 9942 9928 9944
f 9942 9958 9957
f 9956 9944 9945
f 9935 9931 9946
f 9960 9946 9947
f 9953 9938 9948
f 9962 9948 9934
f 9964 9963 9950
f 9965 9951 9937
f 9953 9967 9966
f 9951 9965 9954
f 9954 9968 9961
f 9955 9959 9945
f 9957 9969 9955
f 9956 9970 9958
f 9957 9958 9972
f 9964 9949 9946
f 9960 9961 9974
f 9962 9975 9967
f 9950 9963 9975
f 9964 9977 9976
f 9952 9966 9978
f 9980 9979 9966
f 9968 9954 9965
f 9961 9968 9981
f 9956 9955 9969
f 9971 9982 9969
f 9983 9972 9958
f 9972 9985 9984
f 9960 9973 9977
f 9973 9974 9987
f 9967 9975 9988
f 9963 9976 9988
f 9990 9976 9977
f 9979 9991 9978
f 9992 9979 9980
f 9968 9978 9991
f 9974 9981 9994
f 9983 9970 9969
f 9971 9984 9995
f 9996 9985 9972
f 9985 9998 9997
f 9973 9986 9989
f 10000 9986 9987
f 9993 9980 9988
f 9976 9990 10001
f 9989 10003 10002
f 9992 10004 9991
f 9993 10006 10005
f 9981 9991 10004
f 9999 9987 9994
f 9983 9982 9995
f 10008 9995 9984
f 10009 9998 9985
f 9998 10011 10010
f 9989 9986 10000
f 10000 9999 10013
f 10006 9993 10001
f 10014 10001 9990
f 10002 10003 10016
f 10005 10017 10004
f 10006 10019 10018
f 10004 10017 10007
f 10007 10020 10013
f 9995 10008 10009
f 10008 9997 10010
f 10009 10022 10011
f 10023 10010 10011
f 10012 10016 10003
f 10013 10026 10025
f 10006 10014 10027
f 10027 10014 10002
f 10015 10016 10029
f 10005 10018 10030
f 10031 10018 10019
f 10017 10030 10020
f 10026 10013 10020
f 10008 10021 10022
f 10023 10034 10021
f 10035 10024 10011
f 10023 10024 10036
f 10012 10025 10029
f 10037 10032 10019
f 10037 10027 10015
f 10028 10029 10039
f 10040 10030 10018
f 10031 10032 10042
f 10033 10020 10030
f 10039 10029 10025
f 10044 10042 10032
f 10038 10044 10037
f 10038 10039 10046
f 10031 10041 10047
f 10049 10041 10042
f 10050 10033 10040
f 10052 10046 10039
f 10048 10042 10044
f 10045 10046 10054
f 10055 10047 10041
f 10056 10050 10047
f 10056 10052 10043
f 10057 10054 10046
f 10048 10045 10053
f 10060 10053 10054
f 10061 10056 10055
f 10061 10057 10052
f 10059 10054 10057
f 10064 10058 10053
f 10059 10066 10065
f 10061 10062 10068
f 10067 10063 10057
f 10063 10069 10066
f 10064 10068 10062
f 10060 10065 10070
f 10071 10065 10066
f 10074 10067 10068
f 10067 10074 10069
f 10066 10069 10075
f 10064 10070 10073
f 10076 10070 10065
f 10071 10072 10078
f 10079 10080 10074
f 10080 10075 10069
f 10078 10072 10075
f 10079 10073 10070
f 10077 10082 10076
f 10083 10077 10078
f 10079 10086 10085
f 10081 10075 10080
f 10078 10081 10087
f 10079 10076 10082
f 10088 10082 10077
f 10086 10090 10089
f 10081 10085 10089
f 10092 10091 10084
f 10088 10090 10086
f 10083 10091 10093
f 10095 10094 10089
f 10087 10089 10094
f 10091 10092 10097
f 10090 10088 10093
f 10091 10096 10098
f 10099 10100 10094
f 10092 10094 10100
f 10096 10097 10102
f 10099 10095 10093
f 10101 10103 10098
f 10105 10100 10099
f 10105 10102 10097
f 10107 10101 10102
f 10099 10098 10103
f 10108 10103 10101
f 10110 10109 10105
f 10102 10105 10109
f 10112 10107 10106
f 10110 10104 10103
f 10113 10108 10107
f 10110 10115 10114
f 10111 10106 10109
f 10111 10117 10116
f 10113 10115 10110
f 10113 10112 10116
f 10119 10114 10115
f 10111 10114 10119
f 10116 10117 10122
f 10118 10120 10115
f 10121 10123 10118
f 10124 10125 10119
f 10125 10122 10117
f 10121 10122 10127
f 10120 10118 10123
f 10121 10126 10128
f 10124 10130 10129
f 10129 10127 10122
f 10131 10132 10126
f 10123 10128 10130
f 10132 10133 10128
f 10130 10135 10134
f 10127 10129 10134
f 10131 10137 10136
f 10135 10130 10128
f 10132 10136 10138
f 10140 10139 10134
f 10131 10134 10139
f 10142 10141 10136
f 10135 10133 10138
f 10136 10141 10143
f 10139 10140 10145
f 10144 10142 10137
f 10147 10141 10142
f 10138 10143 10145
f 10148 10143 10141
f 10144 10145 10150
f 10149 10146 10142
f 10151 10152 10147
f 10148 10150 10145
f 10147 10152 10153
f 10149 10150 10155
f 10146 10149 10154
f 10157 10156 10152
f 10153 10155 10150
f 10153 10152 10156
f 10154 10155 10160
f 10151 10154 10159
f 10156 10157 10162
f 10160 10155 10153
f 10158 10156 10161
f 10164 10165 10159
f 10159 10165 10162
f 10161 10162 10167
f 10163 10164 10160
f 10167 10162 10165
f 10170 10166 10167
f 10172 10171 10164
f 10167 10168 10173
f 10166 10170 10172
f 10175 10171 10172
f 10169 10173 10177
f 10174 10172 10170
f 10175 10177 10173
f 10174 10180 10179
f 10177 10182 10181
f 10178 10183 10180
f 10179 10182 10177
f 10179 10180 10185
f 10176 10181 10183
f 10181 10182 10187
f 10180 10183 10186
f 10184 10187 10182
f 10184 10185 10189
f 10190 10191 10186
f 10186 10191 10192
f 10188 10190 10187
f 10189 10194 10193
f 10190 10196 10195
f 10192 10191 10195
f 10193 10196 10190
f 10199 10193 10194
f 10192 10197 10194
f 10200 10201 10195
f 10195 10201 10202
f 10200 10196 10193
f 10198 10194 10197
f 10198 10204 10203
f 10200 10206 10205
f 10207 10202 10201
f 10199 10203 10206
f 10204 10198 10202
f 10204 10209 10208
f 10210 10205 10206
f 10207 10205 10210
f 10203 10208 10211
f 10212 10209 10204
f 10213 10214 10208
f 10211 10216 10215
f 10218 10217 10212
f 10208 10214 10216
f 10209 10212 10217
f 10220 10219 10214
f 10221 10215 10216
f 10217 10218 10224
f 10223 10220 10213
f 10226 10214 10219
f 10219 10220 10227
f 10222 10216 10226
f 10221 10224 10218
f 10227 10223 10224
f 10222 10225 10227
f 5267 5250 5227
f 5250 5226 5227
f 5732 5658 5657
f 5658 5621 5657
f 5759 5680 5756
f 5680 5642 5756
f 5654 5693 5692
f 5693 5772 5770
f 5842 5756 5679
f 5679 5686 5842
f 5807 5724 5687
f 5687 5722 5807
f 5815 5823 5736
f 5736 5749 5815
f 5764 5842 5723
f 5846 5892 5934
f 5934 5844 5846
f 5825 5869 5920
f 5869 5960 5920
f 5938 6035 6089
f 6089 6027 5938
f 6104 6057 6050
f 6057 5956 6050
f 6075 6021 6023
f 6023 6133 6075
f 6079 6136 6248
f 6248 6246 6135
f 6255 6144 6143
f 6144 6084 6143
f 6332 6210 6152
f 6152 6153 6332
f 6149 6208 6327
f 6327 6326 6207
f 6372 6245 6244
f 6245 6190 6244
f 6379 6252 6194
f 6194 6197 6314
f 6211 6268 6331
f 6268 6402 6331
f 6217 6278 6277
f 6278 6232 6293
f 6247 6306 6304
f 6306 6373 6439
f 6434 6365 6368
f 6365 6299 6302
f 6370 6440 6438
f 6440 6507 6506
f 6575 6524 6509
f 6524 6458 6525
f 6688 6743 6563
f 6743 6687 6562
f 6700 6586 6584
f 6586 6518 6584
f 6701 6588 6586
f 6588 6519 6586
f 6590 6647 6646
f 6647 6700 6646
f 6802 6706 6751
f 6706 6648 6751
f 6864 6763 6709
f 6709 6710 6864
f 6728 6832 6829
f 6832 6880 6829
f 6921 6822 6770
f 6862 6809 6954
f 6873 6875 10231
f 6954 6860 6911
f 6911 6862 6954
f 7002 7005 7044
f 7016 7055 7053
f 7055 7095 7093
f 7322 7261 7225
f 7225 7259 7322
f 7376 7380 7312
f 7380 7313 7281
f 7300 7333 7400
f 7400 7363 7331
f 7471 7427 7430
f 7427 7356 7430
f 7582 7531 7454
f 7531 7451 7454
f 7418 7458 7533
f 7458 7529 7533
f 7486 7573 7571
f 7573 7681 7571
f 7643 7580 7528
f 7528 7581 7643
f 7722 7670 7667
f 7670 7612 7610
f 7675 7726 7617
f 7726 7559 7615
f 7786 7681 7733
f 7681 7573 7733
f 7776 7668 7669
f 7668 7611 7669
f 7618 7677 7675
f 7677 7614 7675
f 7797 7794 7798
f 7794 7629 7687
f 7725 7779 7829
f 7829 7876 7778
f 8036 7984 7934
f 7984 7835 7883
f 7944 7994 7896
f 7994 7891 7896
f 7937 7988 8040
f 8040 7936 7937
f 7983 8036 8035
f 8036 7934 7985
f 8102 8146 8214
f 8214 8213 8145
f 8239 8176 8204
f 8176 8141 8204
f 8179 8209 8280
f 8280 8206 8173
f 8211 5174 5177
f 8326 8253 8217
f 8217 8255 8326
f 8351 8283 8276
f 8283 8245 8276
f 8602 8646 8645
f 8646 8691 8738
f 8652 8697 8794
f 8794 8788 8696
f 8846 8897 8896
f 8897 8947 8994
f 9036 8990 9034
f 8990 8941 8942
f 9222 9180 9181
f 9180 9091 9092
f 9201 9155 9158
f 9119 9163 9249
f 9249 9205 9162
f 9262 9337 9328
f 9328 9252 9218
f 9302 9264 9265
f 9264 9220 9221
f 9290 9327 9401
f 9401 9366 9326
f 9592 9629 9610
f 9610 9608 9593
f 9629 9592 9607
f 9607 9645 9629
f 9647 9667 9686
f 9686 9707 9666
f 9692 9693 9727
f 9685 9706 9704
f 9706 9739 9738
f 9713 9747 9714
f 9747 9732 9714
f 9739 9735 9737
f 9727 9745 9769
f 9769 9746 9729
f 9866 9879 9868
f 9879 9889 9868
f 9929 9914 9915
f 9914 9891 9915
f 9940 9926 9913
f 9926 9901 9902
f 10050 10043 10026
f 10043 10025 10026
f 10021 10034 10036
f 10036 10051 10022
f 10035 10051 10036
f 10048 10058 10049
f 10058 10062 10049
f 10165 10164 10168
f 10164 10171 10168
f 10170 10169 10178
f 7044 7005 6964
f 7005 7002 6960
f 10233 10232 10230
f 6874 6922 10232
f 6875 6874 10233
f 6922 6921 10230
f 5091 5989 6038
f 5088 5942 5989
f 5942 5088 5089
f 5101 6207 6326
f 5104 6326 6398
f 8086 7928 8032
f 8142 8179 8173
f 10229 8173 8137
f 5176 8248 8249
f 5178 8287 8248
f 8322 5180 5181
f 8365 5181 5182
f 5184 8445 8405
f 3786 3684 3736
f 8854 3633 3684
f 9181 5197 5198
f 9224 9223 5198
f 9265 9224 5199
f 9302 9265 5200
f 9340 4142 5203
f 9341 9340 5204
f 5206 9374 9342
f 5202 9336 9374
f 4104 9299 9336
f 5201 9261 9299
f 5201 4019 9217
f 3834 5196 8996
f 8948 8996 5196
f 5195 8898 8948
f 8847 8898 5195
f 5194 5193 8797
f 8797 5193 5192
f 5190 5189 8653
f 5187 8564 8608
f 5186 8520 8564
f 5185 8478 8520
f 8478 5185 5183
f 5173 8208 8244
f 5171 8175 8208
f 8139 8175 5171
f 5168 5165 8088
f 5161 7978 8030
f 5158 7929 7978
f 5156 7875 7929
f 7826 7827 7875
f 5153 7724 7826
f 7671 7724 5153
f 5151 5149 7614
f 7559 7614 5149
f 5146 7399 7438
f 5145 7364 7399
f 7332 7364 5145
f 5143 7299 7332
f 5142 7268 7299
f 5142 5141 7239
f 7239 5141 1968
f 7123 7162 5139
f 5147 5138 7042
f 7163 7123 7043
f 7003 7042 5138
f 5132 6961 7003
f 5131 6919 6961
f 6660 5118 5117
f 5079 5077 5470
f 5075 5438 5470
f 5074 5406 5438
f 5072 5379 5406
f 5072 5071 5374
f 5071 5070 5344
f 5070 5073 5345
f 188 5373 5345
f 5538 5502 5078
f 5720 5086 5762
f 683 5211 5897
f 775 5941 5897
f 5090 5988 5941
f 6036 5092 5093
f 5096 6148 6091
f 5100 6205 6148
f 6395 6264 5103
f 5124 6817 6764
f 6817 5124 5127
f 6738 5123 5119
f 6555 1420 5212
f 5111 6418 6486
f 6347 6418 5111
f 5108 5105 6281
f 5102 5098 6165
f 6106 6107 5094
f 5095 5097 6164
f 6164 5097 5099
f 6117 6118 5099
f 5106 5109 6359
f 6359 5109 5112
f 5113 6566 6499
f 1550 5128 6799
f 6853 6799 5128
f 5120 6906 6853
f 6906 5120 1755
f 7076 6994 1755
f 7099 7103 1946
f 5134 6980 6981
f 5133 6978 6938
f 6978 5133 5136
f 7059 7020 5136
f 7138 5216 2026
f 7098 5215 5216
f 7058 5214 5215
f 7058 7019 7059
f 5217 2410 7593
f 2310 5217 7538
f 5155 7809 7759
f 5155 5157 7850
f 7954 7903 5152
f 5157 5152 7903
f 5160 5150 8005
f 8061 8005 5170
f 5170 5167 8034
f 5169 2969 8143
f 5166 5169 8092
f 8033 7982 5164
f 7982 7932 5162
f 7932 7880 5159
f 7832 2703 5159
f 10234 7673 7674
f 10234 7727 7676
f 9003 8955 3684
f 3835 3684 3786
f 3882 10235 3835
f 3882 9003 10235
f 3684 3835 10235
f 3684 10235 9003
