v 0.39683106541633606 -0.03287823870778084 0.22848612070083618
v 0.39500194787979126 -0.025483574718236923 0.22833798825740814
v 0.400118350982666 -0.023902276530861855 0.22496101260185242
v 0.39360493421554565 -0.01934181898832321 0.22492390871047974
v 0.3876209259033203 -0.02919190004467964 0.23080308735370636
v 0.40455150604248047 -0.03991289809346199 0.22684039175510406
v 0.40790340304374695 -0.030572941526770592 0.22344395518302917
v 0.39988040924072266 -0.016953447833657265 0.2216699868440628
v 0.3945268988609314 -0.012345653027296066 0.22005271911621094
v 0.3823847770690918 -0.014161713421344757 0.22359952330589294
v 0.38372740149497986 -0.021308939903974533 0.2286921739578247
v 0.3771415650844574 -0.027783228084445 0.2319086790084839
v 0.38443219661712646 -0.04054784029722214 0.2338060587644577
v 0.3935977816581726 -0.037113457918167114 0.23189476132392883
v 0.4021044671535492 -0.04971104860305786 0.22885793447494507
v 0.4139198958873749 -0.04678087681531906 0.22341962158679962
v 0.4165050685405731 -0.0372970774769783 0.22120648622512817
v 0.4068579077720642 -0.021148892119526863 0.21984648704528809
v 0.38800594210624695 -0.00797148048877716 0.2183363288640976
v 0.3758704364299774 -0.013109514489769936 0.22174562513828278
v 0.3746790885925293 -0.020265717059373856 0.22771990299224854
v 0.37481245398521423 -0.04203571379184723 0.23436293005943298
v 0.3709027171134949 -0.03050760179758072 0.23096466064453125
v 0.3912324905395508 -0.05301002785563469 0.23286692798137665
v 0.37744051218032837 -0.058965109288692474 0.23543991148471832
v 0.39845582842826843 -0.06339619308710098 0.22841624915599823
v 0.4095691442489624 -0.05885574221611023 0.22362516820430756
v 0.419504851102829 -0.05585642158985138 0.21818803250789642
v 0.4219483435153961 -0.04509643465280533 0.21833573281764984
v 0.4180159270763397 -0.026940729469060898 0.21810685098171234
v 0.41709187626838684 -0.01747480034828186 0.21405155956745148
v 0.40491801500320435 -0.011110451072454453 0.21608591079711914
v 0.3792864978313446 -0.0066057238727808 0.2181777060031891
v 0.3673979640007019 -0.014313729479908943 0.2215472161769867
v 0.36407846212387085 -0.022074146196246147 0.2258956879377365
v 0.36763623356819153 -0.04137377440929413 0.2329440861940384
v 0.36922356486320496 -0.05238594859838486 0.23479895293712616
v 0.36174002289772034 -0.031987264752388 0.22874116897583008
v 0.3703717887401581 -0.07754763960838318 0.23482602834701538
v 0.38529038429260254 -0.07025366276502609 0.23311832547187805
v 0.3922422528266907 -0.0772714614868164 0.22780032455921173
v 0.404158353805542 -0.07089937478303909 0.22254787385463715
v 0.4150921106338501 -0.06584209203720093 0.21718503534793854
v 0.4257812201976776 -0.0621965229511261 0.21180912852287292
v 0.42959702014923096 -0.05330655723810196 0.21259814500808716
v 0.42544031143188477 -0.035942789167165756 0.21604566276073456
v 0.42328888177871704 -0.0134029071778059 0.20839938521385193
v 0.41359177231788635 -0.0071611907333135605 0.20918765664100647
v 0.3948364555835724 -0.0046289097517728806 0.21437421441078186
v 0.3836178183555603 -0.001146957278251648 0.2135036140680313
v 0.3712276220321655 -0.005776386708021164 0.2172669619321823
v 0.35457029938697815 -0.012871038168668747 0.218748539686203
v 0.35519787669181824 -0.02355474792420864 0.2234039604663849
v 0.3598252534866333 -0.041464708745479584 0.2298378050327301
v 0.36265692114830017 -0.052968479692935944 0.23301377892494202
v 0.3638658821582794 -0.06914617121219635 0.2343861609697342
v 0.351373553276062 -0.030704807490110397 0.22428834438323975
v 0.3684322237968445 -0.08019110560417175 0.23759524524211884
v 0.3780941367149353 -0.0820259228348732 0.23298591375350952
v 0.3859180212020874 -0.0876033753156662 0.22560489177703857
v 0.39810293912887573 -0.08215969800949097 0.21980275213718414
v 0.40858784317970276 -0.07716361433267593 0.21405260264873505
v 0.4197416603565216 -0.07155144959688187 0.20887847244739532
v 0.4311627447605133 -0.06910104304552078 0.20245958864688873
v 0.4366098642349243 -0.059060923755168915 0.20592467486858368
v 0.43046802282333374 -0.043793193995952606 0.2136285901069641
v 0.4249594509601593 -0.02751082554459572 0.21417587995529175
v 0.4292503297328949 -0.022067854180932045 0.2099549025297165
v 0.4162304997444153 -0.0028144046664237976 0.204285129904747
v 0.42372411489486694 -0.005673754960298538 0.20411299169063568
v 0.400973379611969 -0.0017765127122402191 0.20971684157848358
v 0.3715795874595642 0.0011578314006328583 0.21167774498462677
v 0.39168781042099 0.0008653067052364349 0.20914478600025177
v 0.35864847898483276 -0.0012927204370498657 0.21215824782848358
v 0.3440024256706238 -0.01923413947224617 0.2156975269317627
v 0.3424731492996216 -0.0027783457189798355 0.2056424915790558
v 0.34738171100616455 -0.04159940034151077 0.22483867406845093
v 0.3556840717792511 -0.054340511560440063 0.2292216420173645
v 0.35802432894706726 -0.06533350050449371 0.23125416040420532
v 0.35475704073905945 -0.07833264768123627 0.23610639572143555
v 0.34025245904922485 -0.029927022755146027 0.21759647130966187
v 0.36763593554496765 -0.0883815810084343 0.23427629470825195
v 0.3738994598388672 -0.09121780097484589 0.23111110925674438
v 0.3802800178527832 -0.09541411697864532 0.222080260515213
v 0.39047735929489136 -0.09155944734811783 0.21636803448200226
v 0.40132638812065125 -0.08517668396234512 0.21024736762046814
v 0.41131240129470825 -0.08028677105903625 0.20405994355678558
v 0.422628253698349 -0.07613782584667206 0.19788014888763428
v 0.4437622129917145 -0.06657379865646362 0.19569864869117737
v 0.43513450026512146 -0.07323689013719559 0.19148415327072144
v 0.4391387701034546 -0.04786243662238121 0.2074965089559555
v 0.43474993109703064 -0.03645853325724602 0.21054144203662872
v 0.4411962330341339 -0.026984509080648422 0.20527100563049316
v 0.4348098039627075 -0.013176891952753067 0.20332686603069305
v 0.4080638289451599 0.0008061453700065613 0.2041316032409668
v 0.431738018989563 -0.0009720697999000549 0.1992580145597458
v 0.419197678565979 0.0031494274735450745 0.19923299551010132
v 0.37942901253700256 0.005388024263083935 0.20502713322639465
v 0.3630969822406769 0.005349523387849331 0.20295771956443787
v 0.39563262462615967 0.006622476503252983 0.20231513679027557
v 0.3483528792858124 0.006156504154205322 0.19735465943813324
v 0.33128541707992554 -0.009366540238261223 0.20175829529762268
v 0.33107712864875793 -0.0014307312667369843 0.19540901482105255
v 0.33909451961517334 -0.041506972163915634 0.21794217824935913
v 0.3481590449810028 -0.052224453538656235 0.22430342435836792
v 0.35632190108299255 -0.06629765033721924 0.22886450588703156
v 0.35487982630729675 -0.07469147443771362 0.23297220468521118
v 0.3627360463142395 -0.08534130454063416 0.23587480187416077
v 0.33164289593696594 -0.02058286964893341 0.20714342594146729
v 0.3673561215400696 -0.09410687536001205 0.2311563640832901
v 0.37270042300224304 -0.0976034551858902 0.22549791634082794
v 0.37761637568473816 -0.10144998133182526 0.21617501974105835
v 0.38476645946502686 -0.09837518632411957 0.21136240661144257
v 0.393578439950943 -0.09377157688140869 0.2050483226776123
v 0.40321090817451477 -0.08748038113117218 0.19880257546901703
v 0.4146853983402252 -0.08302821964025497 0.19164711236953735
v 0.4254910349845886 -0.08141810446977615 0.18398287892341614
v 0.45001763105392456 -0.055075906217098236 0.1988876760005951
v 0.4382622241973877 -0.07942194491624832 0.1769314706325531
v 0.4461027979850769 -0.0714263916015625 0.18593455851078033
v 0.44445279240608215 -0.0381082147359848 0.2049994319677353
v 0.45150259137153625 -0.03263799846172333 0.19983194768428802
v 0.4476783275604248 -0.018810641020536423 0.19909849762916565
v 0.44363582134246826 -0.004344604909420013 0.19595560431480408
v 0.4064185917377472 0.0094879399985075 0.19683656096458435
v 0.41816821694374084 0.014597941190004349 0.19265249371528625
v 0.4343325197696686 0.010580891743302345 0.1936086118221283
v 0.38220179080963135 0.012061988934874535 0.193776935338974
v 0.3681090474128723 0.009714588522911072 0.19388996064662933
v 0.3547891676425934 0.00877244584262371 0.19180403649806976
v 0.39659884572029114 0.014640774577856064 0.19202172756195068
v 0.3324725329875946 0.006359749473631382 0.18757441639900208
v 0.3196604549884796 -0.0029280055314302444 0.1861937940120697
v 0.3439282178878784 -0.0489431694149971 0.21624739468097687
v 0.3317529559135437 -0.03197799250483513 0.20859797298908234
v 0.3515884578227997 -0.06125810742378235 0.22147411108016968
v 0.35116249322891235 -0.07047543674707413 0.2279805690050125
v 0.3564099967479706 -0.08357910066843033 0.23332129418849945
v 0.3192613422870636 -0.01292792335152626 0.19328844547271729
v 0.36483967304229736 -0.09940657764673233 0.22518879175186157
v 0.36220312118530273 -0.09327613562345505 0.23065736889839172
v 0.3703443706035614 -0.10405606031417847 0.216093972325325
v 0.37847471237182617 -0.10431952774524689 0.2066659778356552
v 0.3864037096500397 -0.10050171613693237 0.19885803759098053
v 0.39585837721824646 -0.09427697956562042 0.19235387444496155
v 0.40683090686798096 -0.08918866515159607 0.18492117524147034
v 0.4174712896347046 -0.08586792647838593 0.1778002828359604
v 0.4269968569278717 -0.08455821871757507 0.17026320099830627
v 0.4581438899040222 -0.06541658937931061 0.18729235231876373
v 0.45423975586891174 -0.046128153800964355 0.19908544421195984
v 0.4544946849346161 -0.0747445672750473 0.17588108777999878
v 0.4470650255680084 -0.0820092037320137 0.16692683100700378
v 0.4625622630119324 -0.023672930896282196 0.1925285905599594
v 0.4576181471347809 -0.009514225646853447 0.1910979151725769
v 0.4525011479854584 0.004082167521119118 0.18921934068202972
v 0.4067533612251282 0.019084881991147995 0.1890057921409607
v 0.38531121611595154 0.01864929310977459 0.1840226650238037
v 0.37116244435310364 0.015165773220360279 0.18279555439949036
v 0.35646605491638184 0.012759167701005936 0.18119049072265625
v 0.3410675525665283 0.011015529744327068 0.1801568865776062
v 0.397597074508667 0.021087495610117912 0.18526208400726318
v 0.32128435373306274 0.004834136925637722 0.17212827503681183
v 0.31311583518981934 -0.002274777740240097 0.16961735486984253
v 0.3329313397407532 -0.04341968148946762 0.2095901370048523
v 0.33894312381744385 -0.05674128234386444 0.21381007134914398
v 0.32299962639808655 -0.02291243150830269 0.19831563532352448
v 0.3480125367641449 -0.06972769647836685 0.22003386914730072
v 0.34930044412612915 -0.08047977089881897 0.22730280458927155
v 0.3014245927333832 -0.008239023387432098 0.17366176843643188
v 0.35225972533226013 -0.08952220529317856 0.22811870276927948
v 0.3532828390598297 -0.0967523381114006 0.22328245639801025
v 0.37073373794555664 -0.10814090073108673 0.20152322947978973
v 0.35958197712898254 -0.1070760190486908 0.21254044771194458
v 0.3785468637943268 -0.10571770370006561 0.193153515458107
v 0.3878949284553528 -0.10007910430431366 0.1856544315814972
v 0.39796265959739685 -0.09514422714710236 0.17851026356220245
v 0.40950146317481995 -0.08985121548175812 0.1717386543750763
v 0.41958266496658325 -0.08752758055925369 0.16641639173030853
v 0.43413934111595154 -0.08638998121023178 0.16304977238178253
v 0.46678248047828674 -0.06900450587272644 0.178097665309906
v 0.4648629426956177 -0.053561367094516754 0.1899605691432953
v 0.45753738284111023 -0.0850445032119751 0.16233724355697632
v 0.4683608412742615 -0.07754330337047577 0.1682572364807129
v 0.47190338373184204 -0.01471075788140297 0.18362928926944733
v 0.4666033089160919 -0.04000745713710785 0.19147074222564697
v 0.4781857132911682 -0.03043116070330143 0.18400739133358002
v 0.46599939465522766 -0.0022843219339847565 0.18369455635547638
v 0.44735363125801086 0.004193145781755447 0.1894150823354721
v 0.38746482133865356 0.02426181733608246 0.17831914126873016
v 0.37357139587402344 0.022014625370502472 0.17255114018917084
v 0.3572707772254944 0.017506606876850128 0.17017117142677307
v 0.34410184621810913 0.016637658700346947 0.16740526258945465
v 0.32937559485435486 0.011380517855286598 0.16976800560951233
v 0.29814663529396057 -0.0029146838933229446 0.15489237010478973
v 0.30478593707084656 0.00347045436501503 0.15512821078300476
v 0.3213941752910614 -0.03382318839430809 0.1964583396911621
v 0.3256097435951233 -0.05084146931767464 0.20261576771736145
v 0.33775803446769714 -0.06411339342594147 0.21034866571426392
v 0.30872711539268494 -0.019861862063407898 0.1842910647392273
v 0.3450019061565399 -0.07644495368003845 0.2173575609922409
v 0.2811795771121979 -0.008632015436887741 0.1537831723690033
v 0.3442404568195343 -0.08840656280517578 0.22054152190685272
v 0.3455784320831299 -0.0983860045671463 0.21239137649536133
v 0.36159032583236694 -0.11140737682580948 0.1950690746307373
v 0.37217915058135986 -0.11043694615364075 0.1862906813621521
v 0.34890851378440857 -0.10866650193929672 0.20022933185100555
v 0.3802106976509094 -0.10504047572612762 0.17903035879135132
v 0.3912050724029541 -0.09981006383895874 0.1712496429681778
v 0.40115776658058167 -0.09446410834789276 0.16496960818767548
v 0.41274842619895935 -0.09101063758134842 0.15986444056034088
v 0.4235360622406006 -0.08797170221805573 0.15708550810813904
v 0.44573691487312317 -0.08895402401685715 0.1556534320116043
v 0.4738272428512573 -0.06015627831220627 0.18086636066436768
v 0.4791577160358429 -0.06955255568027496 0.1713179349899292
v 0.46971461176872253 -0.08711019158363342 0.15763796865940094
v 0.48037537932395935 -0.07873722165822983 0.1622529923915863
v 0.4883531928062439 -0.020529408007860184 0.17476898431777954
v 0.47878792881965637 -0.004710778594017029 0.17590565979480743
v 0.4818918704986572 -0.04771723598241806 0.18036314845085144
v 0.4934104084968567 -0.03591649979352951 0.1741189807653427
v 0.4677981734275818 0.0029669813811779022 0.1806361973285675
v 0.34558331966400146 0.019264131784439087 0.1603357046842575
v 0.3291679322719574 0.01618119515478611 0.16210035979747772
v 0.3125014305114746 0.011288641951978207 0.15462005138397217
v 0.29114148020744324 0.003718932159245014 0.13777083158493042
v 0.28230443596839905 -0.003045974299311638 0.1376650333404541
v 0.30172261595726013 -0.028419002890586853 0.1784611940383911
v 0.31439557671546936 -0.04325243458151817 0.18932832777500153
v 0.32473599910736084 -0.056786246597766876 0.1989026516675949
v 0.3380381166934967 -0.0740407407283783 0.20808351039886475
v 0.28981176018714905 -0.017087772488594055 0.16721375286579132
v 0.2766619622707367 -0.006434476003050804 0.14100345969200134
v 0.3392147719860077 -0.08442103862762451 0.20400947332382202
v 0.3392576575279236 -0.0962289571762085 0.19567221403121948
v 0.35098281502723694 -0.1151457279920578 0.18475505709648132
v 0.3622482120990753 -0.1147259771823883 0.17960593104362488
v 0.373355895280838 -0.11009888350963593 0.17204590141773224
v 0.33743104338645935 -0.1061662882566452 0.18806391954421997
v 0.3838808834552765 -0.10462065041065216 0.1641937643289566
v 0.39260584115982056 -0.10030265152454376 0.15691478550434113
v 0.40602967143058777 -0.09446235001087189 0.15217973291873932
v 0.4142763912677765 -0.09309105575084686 0.15019777417182922
v 0.43256697058677673 -0.09259475767612457 0.14981092512607574
v 0.45825839042663574 -0.09223004430532455 0.15067936480045319
v 0.4900926947593689 -0.05978730320930481 0.1712099015712738
v 0.4926789104938507 -0.07065294682979584 0.1631152331829071
v 0.4803989827632904 -0.0884879007935524 0.15401974320411682
v 0.4927266538143158 -0.07894586771726608 0.15522824227809906
v 0.5020830631256104 -0.02303314581513405 0.16699732840061188
v 0.4953383803367615 -0.01165841892361641 0.16693450510501862
v 0.4881960451602936 0.0014532934874296188 0.167586088180542
v 0.498249888420105 -0.04761572182178497 0.17008689045906067
v 0.5093170404434204 -0.035267286002635956 0.1637195199728012
v 0.3673531115055084 0.026271145790815353 0.1642271727323532
v 0.3549600839614868 0.021380655467510223 0.16145272552967072
v 0.33279949426651 0.019198965281248093 0.15422804653644562
v 0.31459590792655945 0.016728069633245468 0.1537005603313446
v 0.29348769783973694 0.011645881459116936 0.1372917890548706
v 0.2768552601337433 -0.002126770094037056 0.12779755890369415
v 0.2760690748691559 0.0038552703335881233 0.12575988471508026
v 0.2835664451122284 -0.0254808496683836 0.16375797986984253
v 0.29739803075790405 -0.038018688559532166 0.1743050217628479
v 0.31423434615135193 -0.05340506136417389 0.18437261879444122
v 0.32700860500335693 -0.0689074769616127 0.1937994658946991
v 0.26905322074890137 -0.013425922021269798 0.15106435120105743
v 0.2729630768299103 -0.005502238869667053 0.13271039724349976
v 0.329670786857605 -0.07437411695718765 0.18362122774124146
v 0.3240037262439728 -0.08913439512252808 0.18114472925662994
v 0.35115134716033936 -0.11903833597898483 0.17311418056488037
v 0.33863741159439087 -0.11617384850978851 0.1770462691783905
v 0.3645103871822357 -0.11516641080379486 0.16740961372852325
v 0.3776107430458069 -0.11193402856588364 0.15668541193008423
v 0.3223814368247986 -0.10695908218622208 0.1751297116279602
v 0.3915102183818817 -0.10510960221290588 0.149605855345726
v 0.39847469329833984 -0.10033115744590759 0.14424560964107513
v 0.4102851152420044 -0.09621578454971313 0.14274811744689941
v 0.42167896032333374 -0.09555116295814514 0.14208583533763885
v 0.44541898369789124 -0.09812429547309875 0.14460846781730652
v 0.4694288372993469 -0.0963212177157402 0.14878001809120178
v 0.5038818717002869 -0.058155350387096405 0.16308768093585968
v 0.5072563886642456 -0.06774619966745377 0.15359808504581451
v 0.4928828477859497 -0.08857613801956177 0.14670443534851074
v 0.5060370564460754 -0.07752050459384918 0.1468193382024765
v 0.5169041156768799 -0.02713390626013279 0.157442107796669
v 0.509600818157196 -0.016346590593457222 0.15894059836864471
v 0.502286434173584 -0.006845608353614807 0.16031816601753235
v 0.5149282217025757 -0.04595843702554703 0.1591869443655014
v 0.5248433351516724 -0.036551591008901596 0.15259847044944763
v 0.33829572796821594 0.02247028425335884 0.15134161710739136
v 0.3495213985443115 0.02596120536327362 0.15441614389419556
v 0.31673547625541687 0.01980830915272236 0.14576426148414612
v 0.30292177200317383 0.01706375554203987 0.13857775926589966
v 0.284040629863739 0.009934681467711926 0.12411252409219742
v 0.2687744200229645 -0.0016628149896860123 0.12264052033424377
v 0.27338045835494995 0.002421370707452297 0.12047605961561203
v 0.27854183316230774 -0.034382469952106476 0.16064471006393433
v 0.26795852184295654 -0.02533891797065735 0.15421655774116516
v 0.29813751578330994 -0.046241454780101776 0.16578184068202972
v 0.3166072368621826 -0.06543244421482086 0.17492540180683136
v 0.25788164138793945 -0.008917883038520813 0.1373451203107834
v 0.2629549503326416 -0.005439496599137783 0.12582750618457794
v 0.3106078505516052 -0.07390984892845154 0.17111368477344513
v 0.31013354659080505 -0.08891914784908295 0.1668330430984497
v 0.33955323696136475 -0.12138925492763519 0.16736868023872375
v 0.3517826795578003 -0.12086249887943268 0.16365773975849152
v 0.3244827687740326 -0.1158977597951889 0.1684485673904419
v 0.3646611273288727 -0.11914440244436264 0.15609966218471527
v 0.38381633162498474 -0.11251578480005264 0.14364667236804962
v 0.3074961006641388 -0.10348750650882721 0.1668388545513153
v 0.39607149362564087 -0.10631673038005829 0.13765257596969604
v 0.4057791829109192 -0.1019258201122284 0.13662981986999512
v 0.41542717814445496 -0.10016652941703796 0.13578197360038757
v 0.43342363834381104 -0.1016366109251976 0.13844053447246552
v 0.4589749574661255 -0.10348622500896454 0.1416574865579605
v 0.48205992579460144 -0.09923490136861801 0.14470362663269043
v 0.5183400511741638 -0.05783345550298691 0.1510789543390274
v 0.5198462009429932 -0.06497862190008163 0.1444689780473709
v 0.5062170624732971 -0.0874568372964859 0.13786396384239197
v 0.5185546278953552 -0.07446643710136414 0.13659335672855377
v 0.5235978960990906 -0.019558139145374298 0.1494867503643036
v 0.5309665203094482 -0.028403643518686295 0.14648473262786865
v 0.5165491700172424 -0.011530974879860878 0.15197280049324036
v 0.5307591557502747 -0.04531329125165939 0.1471436470746994
v 0.540201723575592 -0.036395300179719925 0.14115548133850098
v 0.32608941197395325 0.004770638421177864 0.14252136647701263
v 0.3212910592556 0.021674590185284615 0.14143267273902893
v 0.30506667494773865 0.021422775462269783 0.12936235964298248
v 0.2919270694255829 0.014729514718055725 0.12375302612781525
v 0.2785477638244629 0.007878584787249565 0.1186797022819519
v 0.2600859999656677 -0.030929164960980415 0.15192006528377533
v 0.2750827968120575 -0.044454578310251236 0.1581725776195526
v 0.2534415125846863 -0.020439254119992256 0.1456439197063446
v 0.2941797077655792 -0.05885476991534233 0.16489019989967346
v 0.2558839023113251 -0.009629316627979279 0.13085797429084778
v 0.26710137724876404 -0.003315487876534462 0.11979402601718903
v 0.2624363601207733 -0.006950680166482925 0.1223498210310936
v 0.29489243030548096 -0.06763318181037903 0.1603306233882904
v 0.297730416059494 -0.08507140725851059 0.15894131362438202
v 0.3271016478538513 -0.12136387825012207 0.16054342687129974
v 0.3407011926174164 -0.12417058646678925 0.15905413031578064
v 0.35271117091178894 -0.12434178590774536 0.15569527447223663
v 0.31027552485466003 -0.11160284280776978 0.16052284836769104
v 0.3742552399635315 -0.12021321058273315 0.14539697766304016
v 0.39083635807037354 -0.11424362659454346 0.13543491065502167
v 0.2969885468482971 -0.09876164048910141 0.15968096256256104
v 0.4044407904148102 -0.10672953724861145 0.13185617327690125
v 0.4129771292209625 -0.10623351484537125 0.13075798749923706
v 0.4215182363986969 -0.10576978325843811 0.13336683809757233
v 0.4463363587856293 -0.11020771414041519 0.1354164332151413
v 0.4715864658355713 -0.10734157264232635 0.1401812881231308
v 0.4953034222126007 -0.09922698140144348 0.1378723680973053
v 0.5325506329536438 -0.05651187151670456 0.14015822112560272
v 0.5306529402732849 -0.06407777965068817 0.13474595546722412
v 0.5162579417228699 -0.08894512057304382 0.1274697482585907
v 0.5269187688827515 -0.07531993091106415 0.1263536810874939
v 0.5346649885177612 -0.023837367072701454 0.14184296131134033
v 0.5280993580818176 -0.013818860054016113 0.144812673330307
v 0.5444704294204712 -0.03136648237705231 0.13660849630832672
v 0.5460240244865417 -0.045979321002960205 0.13553264737129211
v 0.552655041217804 -0.037650857120752335 0.1317967027425766
v 0.3058043122291565 0.022565597668290138 0.12536278367042542
v 0.29364973306655884 0.022624079138040543 0.1132463812828064
v 0.2841740846633911 0.014692459255456924 0.11430606991052628
v 0.27496159076690674 0.005223921500146389 0.11552626639604568
v 0.239895761013031 -0.02840573340654373 0.1466345340013504
v 0.25303593277931213 -0.04013320803642273 0.1515231430530548
v 0.2707007825374603 -0.05268238112330437 0.15399232506752014
v 0.244585782289505 -0.016313616186380386 0.13612735271453857
v 0.2566571831703186 -0.010986560955643654 0.12592417001724243
v 0.2662178575992584 -0.005591662600636482 0.11697673797607422
v 0.26265597343444824 -0.008172079920768738 0.12040445953607559
v 0.28508633375167847 -0.06142452359199524 0.15240713953971863
v 0.28883880376815796 -0.08197600394487381 0.15459954738616943
v 0.32976657152175903 -0.1271500140428543 0.15016286075115204
v 0.31291866302490234 -0.11810177564620972 0.15053561329841614
v 0.3438701331615448 -0.12822583317756653 0.14926177263259888
v 0.36114004254341125 -0.12727372348308563 0.14458902180194855
v 0.29612404108047485 -0.105275958776474 0.1517968326807022
v 0.38099783658981323 -0.1204136535525322 0.13781307637691498
v 0.3985555171966553 -0.11238540709018707 0.12948088347911835
v 0.28622084856033325 -0.09195616096258163 0.15155746042728424
v 0.4087636172771454 -0.11209051311016083 0.12645640969276428
v 0.4169329106807709 -0.11783497780561447 0.12619048357009888
v 0.4339495003223419 -0.11840298771858215 0.12837105989456177
v 0.46228206157684326 -0.11564496159553528 0.13385510444641113
v 0.48421233892440796 -0.10763879865407944 0.13679324090480804
v 0.5049473643302917 -0.09920243918895721 0.13029979169368744
v 0.5458481311798096 -0.05432002246379852 0.12959639728069305
v 0.5407743453979492 -0.06134764105081558 0.12426294386386871
v 0.5346948504447937 -0.07510639727115631 0.11692869663238525
v 0.5242770910263062 -0.08828765153884888 0.11899377405643463
v 0.5475409030914307 -0.024967417120933533 0.13302618265151978
v 0.5402217507362366 -0.016225330531597137 0.13716398179531097
v 0.5563725233078003 -0.03251904621720314 0.1275506317615509
v 0.5593324899673462 -0.04793436825275421 0.1242685467004776
v 0.564187228679657 -0.03919694572687149 0.12230419367551804
v 0.2872266471385956 0.004265268333256245 0.11728730797767639
v 0.29148614406585693 0.020231157541275024 0.1150323674082756
v 0.2855336666107178 0.016864938661456108 0.1096673384308815
v 0.27897512912750244 0.010075485333800316 0.10764752328395844
v 0.27049291133880615 -0.0017250990495085716 0.10797124356031418
v 0.2340434342622757 -0.036497801542282104 0.14799703657627106
v 0.23520922660827637 -0.022864073514938354 0.14217500388622284
v 0.24595856666564941 -0.04720747470855713 0.14909124374389648
v 0.24787354469299316 -0.017410878092050552 0.12952719628810883
v 0.2573726177215576 -0.01417593378573656 0.12247476726770401
v 0.2659814953804016 -0.011904802173376083 0.11074750870466232
v 0.2618832290172577 -0.014783373102545738 0.11742867529392242
v 0.2601223886013031 -0.05576813220977783 0.15074892342090607
v 0.27308914065361023 -0.07139503955841064 0.14966009557247162
v 0.31935542821884155 -0.12470410764217377 0.14286211133003235
v 0.3369130492210388 -0.13136368989944458 0.1411564201116562
v 0.29987648129463196 -0.11207394301891327 0.14435942471027374
v 0.34799325466156006 -0.13228873908519745 0.1385752111673355
v 0.37066367268562317 -0.12777650356292725 0.13636821508407593
v 0.28055229783058167 -0.09628131985664368 0.14727701246738434
v 0.3891179859638214 -0.12091125547885895 0.13056696951389313
v 0.4051610231399536 -0.11853938549757004 0.12433648109436035
v 0.2754930257797241 -0.0861627534031868 0.14650095999240875
v 0.41147130727767944 -0.12325004488229752 0.12165071070194244
v 0.4284200072288513 -0.1287316530942917 0.12267868220806122
v 0.45068487524986267 -0.12666767835617065 0.12774166464805603
v 0.4774412214756012 -0.11762664467096329 0.132207453250885
v 0.4965902864933014 -0.11461561918258667 0.1270967274904251
v 0.5137515664100647 -0.10614414513111115 0.11952993273735046
v 0.5548345446586609 -0.05406392365694046 0.12062210589647293
v 0.5463524460792542 -0.06087001785635948 0.11528606712818146
v 0.528870165348053 -0.0935245156288147 0.10691169649362564
v 0.5384824275970459 -0.07540477812290192 0.10722331702709198
v 0.5575906038284302 -0.02606257051229477 0.12481071054935455
v 0.5523743033409119 -0.02057836949825287 0.12874536216259003
v 0.5646970868110657 -0.0310027115046978 0.12011624127626419
v 0.5640193819999695 -0.048342108726501465 0.11608681082725525
v 0.5716150999069214 -0.043952565640211105 0.11378523707389832
v 0.284236878156662 0.003968311473727226 0.1115313470363617
v 0.2850066125392914 0.016512587666511536 0.10825833678245544
v 0.28051403164863586 0.008830873295664787 0.10476712882518768
v 0.2730182111263275 -0.004934355616569519 0.10001718252897263
v 0.26214125752449036 -0.009833219461143017 0.09992896020412445
v 0.22115255892276764 -0.0341465137898922 0.14764007925987244
v 0.22924663126468658 -0.04006518796086311 0.1460009664297104
v 0.22816433012485504 -0.028033245354890823 0.13775496184825897
v 0.25113680958747864 -0.023404397070407867 0.1247391626238823
v 0.2555042505264282 -0.025372561067342758 0.11994489282369614
v 0.2664223313331604 -0.009497219696640968 0.10839900374412537
v 0.26467564702033997 -0.017985481768846512 0.11420917510986328
v 0.23741847276687622 -0.04650864750146866 0.14470499753952026
v 0.24692344665527344 -0.05520239844918251 0.14415422081947327
v 0.3080609440803528 -0.11819368600845337 0.14055860042572021
v 0.32731175422668457 -0.13070198893547058 0.13954336941242218
v 0.3413093090057373 -0.13446259498596191 0.13563264906406403
v 0.2874417304992676 -0.10467809438705444 0.14245545864105225
v 0.3599454462528229 -0.13301071524620056 0.13418133556842804
v 0.3771666884422302 -0.12854596972465515 0.13030965626239777
v 0.2686094343662262 -0.08786021173000336 0.1438596397638321
v 0.3955148160457611 -0.12152907997369766 0.12622080743312836
v 0.40966230630874634 -0.12680521607398987 0.12022164463996887
v 0.26042595505714417 -0.074894480407238 0.14241334795951843
v 0.4191119074821472 -0.13297632336616516 0.12019289284944534
v 0.43926048278808594 -0.13519227504730225 0.12236252427101135
v 0.4676724374294281 -0.1307147592306137 0.12578216195106506
v 0.48627978563308716 -0.13151565194129944 0.12143132835626602
v 0.5048428177833557 -0.12783128023147583 0.11426647752523422
v 0.5182468295097351 -0.11998030543327332 0.10528508573770523
v 0.5590289235115051 -0.04987134784460068 0.11400920897722244
v 0.5443288087844849 -0.06339351832866669 0.104532890021801
v 0.5359059572219849 -0.08125565946102142 0.0963236540555954
v 0.5298963189125061 -0.10690999031066895 0.09340956807136536
v 0.5629405379295349 -0.025252722203731537 0.11944025009870529
v 0.5588498711585999 -0.020526958629488945 0.1231577917933464
v 0.571098268032074 -0.03613810986280441 0.11335843056440353
v 0.5648978352546692 -0.0449492409825325 0.11127717047929764
v 0.5688385367393494 -0.041097886860370636 0.10659090429544449
v 0.2837671637535095 0.003501785919070244 0.10453175008296967
v 0.2811524569988251 0.006775983143597841 0.10293848812580109
v 0.2762514650821686 -0.0020825760439038277 0.09758400917053223
v 0.2681375741958618 -0.010009492747485638 0.09782973676919937
v 0.2655284106731415 -0.0040598586201667786 0.10454525798559189
v 0.2269466519355774 -0.03612999618053436 0.1415587216615677
v 0.2279771864414215 -0.039778560400009155 0.14201052486896515
v 0.24158386886119843 -0.028350116685032845 0.12796442210674286
v 0.261062890291214 -0.02480815164744854 0.11473479121923447
v 0.2690552771091461 -0.026608970016241074 0.10428179800510406
v 0.2702920138835907 -0.01832800917327404 0.10276588797569275
v 0.2369556427001953 -0.03895927965641022 0.14408040046691895
v 0.24301932752132416 -0.04365679621696472 0.14136165380477905
v 0.293420672416687 -0.11300240457057953 0.13320031762123108
v 0.3166170120239258 -0.1258862316608429 0.13571606576442719
v 0.3338034152984619 -0.13491684198379517 0.13489682972431183
v 0.34865596890449524 -0.13600720465183258 0.1332952082157135
v 0.274219274520874 -0.0958642065525055 0.13960304856300354
v 0.36798134446144104 -0.1342010200023651 0.13000620901584625
v 0.38493457436561584 -0.12863053381443024 0.12576134502887726
v 0.2607065439224243 -0.08331222832202911 0.1384125053882599
v 0.4027208983898163 -0.12711964547634125 0.12126798182725906
v 0.41363397240638733 -0.13453567028045654 0.11960503458976746
v 0.25263744592666626 -0.05744682997465134 0.1409987509250641
v 0.4311465620994568 -0.14302466809749603 0.11835891753435135
v 0.4545438587665558 -0.14285175502300262 0.12091628462076187
v 0.47362154722213745 -0.146587535738945 0.11703537404537201
v 0.49491196870803833 -0.14640146493911743 0.11155810207128525
v 0.5121306777000427 -0.14096485078334808 0.10159335285425186
v 0.5228829383850098 -0.13442356884479523 0.08914951235055923
v 0.5442147850990295 -0.06032324209809303 0.09248297661542892
v 0.534275472164154 -0.12336431443691254 0.07258489727973938
v 0.5356210470199585 -0.0971500352025032 0.08136605471372604
v 0.5625354647636414 -0.01986045576632023 0.11961524188518524
v 0.5678837299346924 -0.026247888803482056 0.11418300122022629
v 0.5731232166290283 -0.03712675720453262 0.10397812724113464
v 0.5596536993980408 -0.043257083743810654 0.10754306614398956
v 0.561923623085022 -0.04162498563528061 0.10100016742944717
v 0.27736949920654297 0.0030090846121311188 0.09849332273006439
v 0.2755325734615326 -0.0028888126835227013 0.09567821025848389
v 0.2615215480327606 -0.014642590656876564 0.09991221129894257
v 0.2662651240825653 -0.0004376070573925972 0.09969715774059296
v 0.2714080214500427 -0.008593187667429447 0.09804368019104004
v 0.2315581887960434 -0.03777358680963516 0.13281185925006866
v 0.2332403063774109 -0.032012008130550385 0.1421952098608017
v 0.25548407435417175 -0.036264050751924515 0.11708468198776245
v 0.2499004304409027 -0.033130742609500885 0.12118847668170929
v 0.26597100496292114 -0.02999412827193737 0.10864956676959991
v 0.2707684338092804 -0.022504614666104317 0.08993059396743774
v 0.2706599831581116 -0.029275160282850266 0.09549493342638016
v 0.2432822436094284 -0.03968024253845215 0.15248499810695648
v 0.300916850566864 -0.11886805295944214 0.1281682699918747
v 0.3246169984340668 -0.13282562792301178 0.1329888105392456
v 0.3395400941371918 -0.13728304207324982 0.13137935101985931
v 0.3569416403770447 -0.13775105774402618 0.12955202162265778
v 0.26474034786224365 -0.09222609549760818 0.13169099390506744
v 0.28292450308799744 -0.10674610733985901 0.13274788856506348
v 0.2745739221572876 -0.10158103704452515 0.1298486590385437
v 0.37512990832328796 -0.13520348072052002 0.1253383308649063
v 0.3912540376186371 -0.12995755672454834 0.12283492088317871
v 0.24805554747581482 -0.07043873518705368 0.13834261894226074
v 0.408375084400177 -0.13562937080860138 0.117886021733284
v 0.42181938886642456 -0.14650996029376984 0.11492264270782471
v 0.2466830164194107 -0.038927510380744934 0.1438438892364502
v 0.4424087107181549 -0.15193015336990356 0.11582856625318527
v 0.45953369140625 -0.15711742639541626 0.11101778596639633
v 0.4802124500274658 -0.160139262676239 0.10839114338159561
v 0.49996259808540344 -0.15883508324623108 0.09877020120620728
v 0.5158596038818359 -0.154181107878685 0.08684393763542175
v 0.5290411114692688 -0.14704205095767975 0.0710536316037178
v 0.5532787442207336 -0.052431073039770126 0.10970255732536316
v 0.5412333011627197 -0.07394994795322418 0.07749450206756592
v 0.5480597615242004 -0.04752303659915924 0.09226185828447342
v 0.5516427755355835 -0.048772189766168594 0.10288029164075851
v 0.5396623015403748 -0.13644647598266602 0.051035795360803604
v 0.5392110347747803 -0.10377046465873718 0.06290781497955322
v 0.5716359615325928 -0.028792604804039 0.10440889000892639
v 0.5580604076385498 -0.04329244792461395 0.1058192327618599
v 0.5569930672645569 -0.04251878336071968 0.10264827311038971
v 0.2707647681236267 0.0023123808205127716 0.09884759783744812
v 0.268488347530365 -0.0036415420472621918 0.09420323371887207
v 0.26144999265670776 -0.0007858308963477612 0.09756150841712952
v 0.27013397216796875 -0.0019432725384831429 0.09885372221469879
v 0.2370959371328354 -0.04539098963141441 0.12524184584617615
v 0.23431165516376495 -0.03966651111841202 0.13351653516292572
v 0.23087522387504578 -0.048355646431446075 0.13099519908428192
v 0.23509731888771057 -0.032013118267059326 0.13600775599479675
v 0.23509420454502106 -0.03280486911535263 0.14165501296520233
v 0.2630380094051361 -0.03843095898628235 0.11064741015434265
v 0.25027182698249817 -0.05226527154445648 0.11856133490800858
v 0.2695299983024597 -0.035293444991111755 0.10136999189853668
v 0.27236485481262207 -0.030829867348074913 0.08555801957845688
v 0.2720169425010681 -0.03800104558467865 0.09180813282728195
v 0.22516414523124695 -0.032256584614515305 0.1505245566368103
v 0.28717902302742004 -0.111751489341259 0.12617284059524536
v 0.31230372190475464 -0.12618449330329895 0.12855049967765808
v 0.33137282729148865 -0.13784095644950867 0.1298658698797226
v 0.347040593624115 -0.1388998180627823 0.12950527667999268
v 0.36457163095474243 -0.13922177255153656 0.1250034123659134
v 0.2660577595233917 -0.09448924660682678 0.12646158039569855
v 0.25444692373275757 -0.08228939771652222 0.13018839061260223
v 0.2761300504207611 -0.10423380881547928 0.1251501888036728
v 0.38078394532203674 -0.13536927103996277 0.12147544324398041
v 0.399558961391449 -0.1359512060880661 0.11750713735818863
v 0.24444039165973663 -0.054542265832424164 0.13974398374557495
v 0.4130994975566864 -0.1462835669517517 0.1148516982793808
v 0.43334442377090454 -0.161400705575943 0.10973866283893585
v 0.4489487409591675 -0.1688055545091629 0.10874111950397491
v 0.4660310447216034 -0.17202922701835632 0.10504554957151413
v 0.48657697439193726 -0.17241385579109192 0.09807208925485611
v 0.5043363571166992 -0.16898155212402344 0.08642066270112991
v 0.5171619653701782 -0.16432294249534607 0.07115355134010315
v 0.5285244584083557 -0.15843923389911652 0.04971438646316528
v 0.5423269271850586 -0.07885424047708511 0.05596432834863663
v 0.5468937754631042 -0.05049806460738182 0.0778217613697052
v 0.551618754863739 -0.04294675216078758 0.08875872939825058
v 0.5395547151565552 -0.12118137627840042 0.026239272207021713
v 0.5426218509674072 -0.09634123742580414 0.04001240432262421
v 0.5702192187309265 -0.03499908000230789 0.0941414088010788
v 0.5715014934539795 -0.028187140822410583 0.09025053679943085
v 0.5679528117179871 -0.03708707541227341 0.09710729122161865
v 0.25551432371139526 -0.005573442205786705 0.09889259934425354
v 0.26632410287857056 -0.004016273654997349 0.09541328251361847
v 0.2679557800292969 -0.013380774296820164 0.08534322679042816
v 0.23909908533096313 -0.05828239023685455 0.12647195160388947
v 0.23628675937652588 -0.05587471276521683 0.13332317769527435
v 0.23729538917541504 -0.04381946846842766 0.13704225420951843
v 0.240119069814682 -0.03572707623243332 0.13936001062393188
v 0.24111776053905487 -0.03620200976729393 0.13930794596672058
v 0.26810190081596375 -0.042435310781002045 0.10415647178888321
v 0.25934308767318726 -0.05309208855032921 0.11420716345310211
v 0.2502855658531189 -0.066138356924057 0.12059321254491806
v 0.2715893089771271 -0.046482060104608536 0.09650705754756927
v 0.27512866258621216 -0.03794991225004196 0.07903489470481873
v 0.27408987283706665 -0.047748420387506485 0.08692172169685364
v 0.27239930629730225 -0.02881454862654209 0.07642892003059387
v 0.236369788646698 -0.040924035012722015 0.13752594590187073
v 0.2968845069408417 -0.11782866716384888 0.1222434788942337
v 0.32051190733909607 -0.13328373432159424 0.12643562257289886
v 0.3394751250743866 -0.1409260630607605 0.12701934576034546
v 0.35203659534454346 -0.14162525534629822 0.1253572255373001
v 0.37070682644844055 -0.13993462920188904 0.12070421874523163
v 0.26972031593322754 -0.09931755810976028 0.12221243232488632
v 0.2575053572654724 -0.0874524861574173 0.12449302524328232
v 0.24520577490329742 -0.07054807990789413 0.132330060005188
v 0.2830435335636139 -0.1093553751707077 0.12111205607652664
v 0.38697579503059387 -0.1387348771095276 0.117490254342556
v 0.40654218196868896 -0.14497745037078857 0.11267103999853134
v 0.42384323477745056 -0.15913885831832886 0.10810339450836182
v 0.4425084590911865 -0.17430707812309265 0.10273633897304535
v 0.45495501160621643 -0.18012751638889313 0.10251910239458084
v 0.4742189049720764 -0.17957854270935059 0.09649816155433655
v 0.4904296100139618 -0.17856094241142273 0.08549309521913528
v 0.5031564235687256 -0.17452897131443024 0.07433711737394333
v 0.5310477614402771 -0.15133516490459442 0.02172955870628357
v 0.55903160572052 -0.04395395144820213 0.10915443301200867
v 0.5411655306816101 -0.07795242220163345 0.039206359535455704
v 0.5439695119857788 -0.06454789638519287 0.05592669919133186
v 0.5426912307739258 -0.06424710899591446 0.06519617140293121
v 0.5451382398605347 -0.031719546765089035 0.05769146606326103
v 0.541925311088562 -0.05413345247507095 0.06859566271305084
v 0.5470688343048096 -0.04707229882478714 0.07254129648208618
v 0.542819619178772 -0.11976966261863708 0.009283989667892456
v 0.5428723692893982 -0.0953197181224823 0.015928715467453003
v 0.568771481513977 -0.029220420867204666 0.0734626054763794
v 0.5674030780792236 -0.0348358154296875 0.0838417261838913
v 0.5603896379470825 -0.040186114609241486 0.087250255048275
v 0.24979418516159058 0.0008508070604875684 0.11493876576423645
v 0.24869771301746368 -0.008199055679142475 0.09825874119997025
v 0.25805145502090454 -0.006645754911005497 0.08301883935928345
v 0.2615949809551239 -0.019612913951277733 0.07120130211114883
v 0.272874116897583 -0.01609473116695881 0.07390643656253815
v 0.24635395407676697 -0.06880565732717514 0.1267080157995224
v 0.27061960101127625 -0.05726904422044754 0.09970378130674362
v 0.26576465368270874 -0.05558806657791138 0.10607311129570007
v 0.2586970329284668 -0.06759695708751678 0.11465652287006378
v 0.2737499177455902 -0.05766206979751587 0.092646025121212
v 0.27671968936920166 -0.03459765762090683 0.0678548738360405
v 0.27923110127449036 -0.04832134395837784 0.07447003573179245
v 0.2779516577720642 -0.054816342890262604 0.08267699927091599
v 0.27232348918914795 -0.02263396605849266 0.06275693327188492
v 0.3046411871910095 -0.12457513064146042 0.11922942847013474
v 0.32851630449295044 -0.1397591084241867 0.12254085391759872
v 0.341705322265625 -0.14313867688179016 0.12124442309141159
v 0.3615635335445404 -0.14404475688934326 0.11852091550827026
v 0.37564903497695923 -0.1435362547636032 0.11558983474969864
v 0.2767399847507477 -0.10489161312580109 0.11683573573827744
v 0.2636358439922333 -0.09326579421758652 0.11912058293819427
v 0.25345173478126526 -0.08156098425388336 0.12260803580284119
v 0.29084423184394836 -0.11496014147996902 0.11709506064653397
v 0.39671799540519714 -0.14478690922260284 0.110176220536232
v 0.4132438004016876 -0.15675485134124756 0.10744611918926239
v 0.435322642326355 -0.1732102632522583 0.10087145119905472
v 0.442608505487442 -0.18049967288970947 0.09973085671663284
v 0.4628598690032959 -0.18516729772090912 0.09031623601913452
v 0.4758383631706238 -0.1842394769191742 0.082467220723629
v 0.48909953236579895 -0.18397538363933563 0.07062368839979172
v 0.5059075355529785 -0.17446108162403107 0.0567052997648716
v 0.5110441446304321 -0.16697588562965393 0.02986283227801323
v 0.5342233777046204 -0.14008396863937378 0.0018255114555358887
v 0.5385876297950745 -0.07374729961156845 0.025524862110614777
v 0.5421238541603088 -0.06522372364997864 0.048158206045627594
v 0.5427602529525757 -0.071400485932827 0.015793241560459137
v 0.5389588475227356 -0.056717660278081894 0.06643403321504593
v 0.5459462404251099 -0.06330287456512451 0.055684980005025864
v 0.5470274686813354 -0.06600050628185272 0.07144743949174881
v 0.5585895776748657 -0.04148091748356819 0.07434087991714478
v 0.5481504201889038 -0.10807692259550095 0.017808422446250916
v 0.544045627117157 -0.09721250832080841 0.0027901679277420044
v 0.5704581141471863 -0.007657807320356369 0.0705159604549408
v 0.5631978511810303 -0.03912287950515747 0.06532496958971024
v 0.5676693320274353 -0.028943851590156555 0.053068067878484726
v 0.24062547087669373 -0.0065828775987029076 0.10617139935493469
v 0.23933622241020203 -0.01665770821273327 0.09695129841566086
v 0.24263814091682434 -0.025841515511274338 0.08450262248516083
v 0.24729685485363007 -0.0350862480700016 0.0706554725766182
v 0.26533228158950806 -0.024546515196561813 0.060696475207805634
v 0.274465948343277 -0.07038675248622894 0.09307803958654404
v 0.27088794112205505 -0.06917214393615723 0.09984438121318817
v 0.26605725288391113 -0.0693768709897995 0.10593084245920181
v 0.25663116574287415 -0.07838092744350433 0.11665423959493637
v 0.27855509519577026 -0.06795315444469452 0.08523567765951157
v 0.2855991721153259 -0.04522882401943207 0.06424447894096375
v 0.2884775996208191 -0.0598723366856575 0.062123823910951614
v 0.28518369793891907 -0.06518369913101196 0.07292401045560837
v 0.2589394450187683 -0.036128174513578415 0.054868388921022415
v 0.3308846056461334 -0.14100536704063416 0.11656951904296875
v 0.3476521074771881 -0.14525964856147766 0.11269854754209518
v 0.3635762631893158 -0.14586248993873596 0.11087179183959961
v 0.3852100968360901 -0.14624528586864471 0.1088876873254776
v 0.2705855965614319 -0.09721263498067856 0.11133560538291931
v 0.28514695167541504 -0.11130957305431366 0.1118914857506752
v 0.2618984878063202 -0.08869056403636932 0.11564495414495468
v 0.3008560538291931 -0.12298113852739334 0.11197011917829514
v 0.3162275552749634 -0.13239622116088867 0.12014836817979813
v 0.4043404757976532 -0.15359145402908325 0.10425633192062378
v 0.4240238666534424 -0.16766676306724548 0.0992770716547966
v 0.43662261962890625 -0.17834772169589996 0.09739792346954346
v 0.4517512917518616 -0.18690796196460724 0.08647576719522476
v 0.47380030155181885 -0.18545205891132355 0.067843496799469
v 0.4915243089199066 -0.1794949322938919 0.05469935014843941
v 0.4910256564617157 -0.17578598856925964 0.038831718266010284
v 0.5125702619552612 -0.158263698220253 0.002566241193562746
v 0.5393115282058716 -0.12386927008628845 0.015383079648017883
v 0.5418210029602051 -0.065358467400074 0.01842993125319481
v 0.5451335310935974 -0.058199167251586914 0.04697646200656891
v 0.5370710492134094 -0.07214326411485672 0.013944864273071289
v 0.5420240163803101 -0.08000148832798004 0.009258180856704712
v 0.550945520401001 -0.05828052759170532 0.048781998455524445
v 0.5563004016876221 -0.10061787068843842 0.08111640065908432
v 0.5519798994064331 -0.10923218727111816 0.0645858645439148
v 0.5565042495727539 -0.04982475936412811 0.05495714396238327
v 0.5377049446105957 -0.09476079046726227 -0.01915537565946579
v 0.5420199632644653 -0.09895525872707367 -0.006512008607387543
v 0.5616357922554016 -0.04473091661930084 0.04144144803285599
v 0.5668678879737854 -0.03695940226316452 0.0305638425052166
v 0.23778951168060303 -0.003928326070308685 0.11206614226102829
v 0.23302291333675385 -0.014457915909588337 0.10723547637462616
v 0.2331767976284027 -0.02405572682619095 0.09623409807682037
v 0.23663648962974548 -0.030535710975527763 0.08574238419532776
v 0.24148696660995483 -0.03438130393624306 0.07584783434867859
v 0.24540852010250092 -0.03855932503938675 0.060485947877168655
v 0.2797621488571167 -0.07206186652183533 0.08628467470407486
v 0.27371564507484436 -0.07767069339752197 0.09966754168272018
v 0.27306196093559265 -0.08151373267173767 0.09898434579372406
v 0.26471585035324097 -0.08109515905380249 0.10876940190792084
v 0.28288522362709045 -0.07603529840707779 0.08053258061408997
v 0.28231173753738403 -0.0351082980632782 0.06127119064331055
v 0.2890676259994507 -0.04273395240306854 0.05885276570916176
v 0.29291287064552307 -0.0537610687315464 0.053879156708717346
v 0.2968670129776001 -0.06516328454017639 0.05057116970419884
v 0.29372310638427734 -0.07210038602352142 0.06126327067613602
v 0.27785465121269226 -0.028538690879940987 0.045426610857248306
v 0.2767276465892792 -0.03174295276403427 0.05845972150564194
v 0.31874504685401917 -0.13480758666992188 0.11604676395654678
v 0.32021018862724304 -0.13532811403274536 0.10920053720474243
v 0.3325921595096588 -0.14022286236286163 0.10694161057472229
v 0.35352036356925964 -0.14465808868408203 0.10497458279132843
v 0.3753008544445038 -0.14721746742725372 0.10649343580007553
v 0.3942581117153168 -0.15049202740192413 0.10084675252437592
v 0.2654634714126587 -0.08835019916296005 0.11112833023071289
v 0.2808575928211212 -0.10584549605846405 0.10767314583063126
v 0.2913539707660675 -0.11552729457616806 0.10657740384340286
v 0.3043479323387146 -0.12597528100013733 0.10716407001018524
v 0.4135212004184723 -0.16194884479045868 0.09569649398326874
v 0.43648916482925415 -0.17663763463497162 0.09107828885316849
v 0.4436379075050354 -0.1820145845413208 0.08642107993364334
v 0.46090492606163025 -0.18867042660713196 0.07493840903043747
v 0.4665389955043793 -0.18448825180530548 0.056770261377096176
v 0.47858983278274536 -0.18291105329990387 0.052332621067762375
v 0.47321176528930664 -0.18064671754837036 0.023879243060946465
v 0.4883340299129486 -0.17159169912338257 0.0076378220692276955
v 0.5272702574729919 -0.11612270772457123 -0.00902683287858963
v 0.5359581708908081 -0.07493907958269119 -0.0015132762491703033
v 0.5516669750213623 -0.05861515551805496 0.02097659930586815
v 0.5316051840782166 -0.07829684019088745 -0.008103102445602417
v 0.5341222286224365 -0.0905984416604042 -0.004056982696056366
v 0.5620505213737488 -0.1086757481098175 0.04949534684419632
v 0.578147828578949 -0.10595615208148956 0.034822672605514526
v 0.558706521987915 -0.12028063833713531 0.032417017966508865
v 0.5448625087738037 -0.13082611560821533 0.05944579839706421
v 0.57009357213974 -0.009989064186811447 0.03589083254337311
v 0.5608763098716736 -0.050264544785022736 0.018722770735621452
v 0.5676096677780151 -0.04428698495030403 0.010903611779212952
v 0.23262570798397064 -0.0006424866733141243 0.12338840216398239
v 0.2274342179298401 -0.014572808519005775 0.11933638900518417
v 0.22416862845420837 -0.024354511871933937 0.1100553646683693
v 0.22684073448181152 -0.03235997259616852 0.0969804897904396
v 0.2326265424489975 -0.03760914131999016 0.08274511247873306
v 0.23787039518356323 -0.04169359803199768 0.07286999374628067
v 0.23647581040859222 -0.04550117254257202 0.06352383643388748
v 0.2765716016292572 -0.07716590166091919 0.09367531538009644
v 0.27464866638183594 -0.08427505195140839 0.09754600375890732
v 0.2715402841567993 -0.08503451943397522 0.10225804895162582
v 0.2912120819091797 -0.07719193398952484 0.07067053020000458
v 0.283834844827652 -0.02952491119503975 0.057969871908426285
v 0.29115939140319824 -0.03225833177566528 0.055568329989910126
v 0.2983548045158386 -0.04406880587339401 0.04692545160651207
v 0.3035403788089752 -0.057370416820049286 0.0395948626101017
v 0.24751286208629608 -0.04130319878458977 0.05081003159284592
v 0.2589627802371979 -0.03267800435423851 0.042911071330308914
v 0.2825307250022888 -0.026304656639695168 0.04747670888900757
v 0.28090700507164 -0.0306424330919981 0.05525822192430496
v 0.30790266394615173 -0.12682929635047913 0.10077827423810959
v 0.322891503572464 -0.13497109711170197 0.10238059610128403
v 0.343932569026947 -0.14302958548069 0.10332642495632172
v 0.36387109756469727 -0.1465514451265335 0.10275323688983917
v 0.3840922713279724 -0.14957880973815918 0.09940522909164429
v 0.40210795402526855 -0.1566748023033142 0.09270406514406204
v 0.27344197034835815 -0.09589215368032455 0.10631585121154785
v 0.2846577763557434 -0.10767394304275513 0.10314550995826721
v 0.29512959718704224 -0.11744434386491776 0.10165178030729294
v 0.42471182346343994 -0.1713227778673172 0.08712856471538544
v 0.43914955854415894 -0.18013671040534973 0.07762367278337479
v 0.4478510320186615 -0.1868855059146881 0.06911264359951019
v 0.45551690459251404 -0.1875963658094406 0.0467856302857399
v 0.4635820984840393 -0.1853104680776596 0.03559885919094086
v 0.4720820486545563 -0.17548392713069916 0.0018853782676160336
v 0.461114764213562 -0.18205033242702484 0.011557906866073608
v 0.502970814704895 -0.14981752634048462 -0.019770123064517975
v 0.5207942128181458 -0.12567895650863647 -0.003392919898033142
v 0.5275979042053223 -0.10643870383501053 -0.03208208084106445
v 0.5377052426338196 -0.1051400676369667 -0.03441295027732849
v 0.5330573916435242 -0.08427238464355469 -0.01718812622129917
v 0.5449351072311401 -0.07544220983982086 -0.0029826993122696877
v 0.5278915762901306 -0.09020396322011948 -0.02682441473007202
v 0.5674694180488586 -0.13358134031295776 0.04491255432367325
v 0.5707095265388489 -0.12422414124011993 0.030691158026456833
v 0.5685209631919861 -0.15051746368408203 0.02625429630279541
v 0.5588335394859314 -0.15009015798568726 0.04048321396112442
v 0.5292367339134216 -0.0940239280462265 -0.020301051437854767
v 0.5681935548782349 -0.04312710836529732 -0.009618530049920082
v 0.5575908422470093 -0.06514640152454376 -0.0008879387751221657
v 0.2241533398628235 -0.0027444479055702686 0.13674405217170715
v 0.2181159406900406 -0.01336694322526455 0.13382583856582642
v 0.21511290967464447 -0.03638933598995209 0.1131713017821312
v 0.2185990810394287 -0.023817816749215126 0.12293895334005356
v 0.22097088396549225 -0.042588409036397934 0.09708946943283081
v 0.225993812084198 -0.04653825983405113 0.08262112736701965
v 0.22935751080513 -0.04886997491121292 0.07194783538579941
v 0.24263107776641846 -0.04431183263659477 0.05609310790896416
v 0.27981555461883545 -0.08084294199943542 0.08889329433441162
v 0.276176393032074 -0.08541195094585419 0.09511285275220871
v 0.2768327593803406 -0.08971059322357178 0.09813279658555984
v 0.28855231404304504 -0.08356200903654099 0.07947400957345963
v 0.30223608016967773 -0.0739215612411499 0.049411848187446594
v 0.3008415102958679 -0.07891326397657394 0.057028137147426605
v 0.2847581207752228 -0.02116100862622261 0.05725681036710739
v 0.29454123973846436 -0.019954852759838104 0.05354047566652298
v 0.30593621730804443 -0.03469618409872055 0.039732228964567184
v 0.31014400720596313 -0.04615701362490654 0.03274914622306824
v 0.3172418475151062 -0.056464023888111115 0.026082143187522888
v 0.3095431625843048 -0.06842688471078873 0.03644261881709099
v 0.23173421621322632 -0.04644620046019554 0.05270221084356308
v 0.24189746379852295 -0.03589210286736488 0.04452713578939438
v 0.267864465713501 -0.02476302906870842 0.040978822857141495
v 0.2852710783481598 -0.02146671898663044 0.05470719188451767
v 0.28339216113090515 -0.019001822918653488 0.049507975578308105
v 0.30034852027893066 -0.1203426867723465 0.09632846713066101
v 0.3132117986679077 -0.12830257415771484 0.09534257650375366
v 0.3330693244934082 -0.13846170902252197 0.09693682938814163
v 0.3503361642360687 -0.1427859663963318 0.09708189219236374
v 0.37466469407081604 -0.1482464075088501 0.09641079604625702
v 0.3921236991882324 -0.15266098082065582 0.09036092460155487
v 0.4125421643257141 -0.1645709127187729 0.08297595381736755
v 0.27970266342163086 -0.09731739014387131 0.10026140511035919
v 0.2894743084907532 -0.10980553179979324 0.09827980399131775
v 0.4236201047897339 -0.17259134352207184 0.07194650173187256
v 0.43660831451416016 -0.17990733683109283 0.06240496411919594
v 0.4439568817615509 -0.18156012892723083 0.04305769503116608
v 0.45606040954589844 -0.1854504495859146 0.022460544481873512
v 0.47660893201828003 -0.16687549650669098 -0.017691416665911674
v 0.4610026180744171 -0.17525030672550201 -0.011355850845575333
v 0.48975682258605957 -0.14894387125968933 -0.03469502925872803
v 0.5114613175392151 -0.1307196319103241 -0.029113151133060455
v 0.5342106819152832 -0.10899142920970917 -0.05926409736275673
v 0.5391517877578735 -0.10573767125606537 -0.058190081268548965
v 0.5350428223609924 -0.09121078997850418 -0.03213546425104141
v 0.5424443483352661 -0.0867639109492302 -0.023003587499260902
v 0.5280972719192505 -0.0910172164440155 -0.03227701783180237
v 0.5579591393470764 -0.14388814568519592 0.04845353215932846
v 0.5776916146278381 -0.13645775616168976 0.015458010137081146
v 0.5774722695350647 -0.1636785864830017 0.0296604223549366
v 0.5412338376045227 -0.14622126519680023 0.05533600598573685
v 0.5335349440574646 -0.09611506015062332 -0.03540244698524475
v 0.5526957511901855 -0.07537084072828293 -0.02739769220352173
v 0.5653344988822937 -0.05263899266719818 -0.029840871691703796
v 0.22549740970134735 2.76843857136555e-05 0.13973373174667358
v 0.21286334097385406 -0.008673971518874168 0.14646989107131958
v 0.20867928862571716 -0.02219098061323166 0.14068792760372162
v 0.20665228366851807 -0.0334431491792202 0.13104750216007233
v 0.20261940360069275 -0.046619962900877 0.12421736866235733
v 0.2091025412082672 -0.04955585300922394 0.10984215140342712
v 0.21141119301319122 -0.05397498980164528 0.09541615098714828
v 0.22918975353240967 -0.04940064996480942 0.061050910502672195
v 0.21471472084522247 -0.055879853665828705 0.08140060305595398
v 0.2776443064212799 -0.08459752798080444 0.09182723611593246
v 0.27858954668045044 -0.09015737473964691 0.09533004462718964
v 0.2994106411933899 -0.08572600781917572 0.06583259999752045
v 0.2839840054512024 -0.09055130928754807 0.08390044420957565
v 0.3093316853046417 -0.07847321033477783 0.04414746165275574
v 0.3079315721988678 -0.08566758781671524 0.05189892649650574
v 0.2875397801399231 -0.01004281360656023 0.05677979066967964
v 0.2909640669822693 -0.00971309281885624 0.0565018504858017
v 0.30304646492004395 -0.023564869537949562 0.04617731645703316
v 0.318450391292572 -0.0370122566819191 0.0245814211666584
v 0.323106050491333 -0.046321868896484375 0.018084432929754257
v 0.32047998905181885 -0.07603497058153152 0.029878899455070496
v 0.32465341687202454 -0.061937302350997925 0.021803466603159904
v 0.21591024100780487 -0.04829654470086098 0.0528683178126812
v 0.22664068639278412 -0.03822946175932884 0.0473148338496685
v 0.2485836148262024 -0.0273237694054842 0.04160130396485329
v 0.2761746942996979 -0.016334176063537598 0.0438285656273365
v 0.278751015663147 -0.009737756103277206 0.04855320602655411
v 0.2854839861392975 -0.011755065061151981 0.05306413024663925
v 0.2963092029094696 -0.1127563863992691 0.09061399847269058
v 0.306946724653244 -0.12270002067089081 0.0901239812374115
v 0.32190507650375366 -0.13089075684547424 0.09143268316984177
v 0.3445202708244324 -0.14039915800094604 0.08943626284599304
v 0.3630782663822174 -0.14555960893630981 0.09389897435903549
v 0.3830844759941101 -0.15019787847995758 0.08875884115695953
v 0.40005698800086975 -0.15769705176353455 0.0809631273150444
v 0.4099394381046295 -0.16379901766777039 0.06641674786806107
v 0.2839011549949646 -0.09892614185810089 0.09524872153997421
v 0.4256553649902344 -0.17281268537044525 0.05472300946712494
v 0.4515579342842102 -0.1853260099887848 0.01875312067568302
v 0.4300890862941742 -0.17147544026374817 0.03680182248353958
v 0.46347904205322266 -0.1650417298078537 -0.03482295572757721
v 0.4508039951324463 -0.1726827770471573 -0.02239818312227726
v 0.4528390169143677 -0.18188081681728363 0.0003880215808749199
v 0.4700300395488739 -0.1561325490474701 -0.04784733057022095
v 0.48795974254608154 -0.146426260471344 -0.055671580135822296
v 0.5166475176811218 -0.12745489180088043 -0.0538160614669323
v 0.547171413898468 -0.10110309720039368 -0.06793366372585297
v 0.5428282618522644 -0.10909246653318405 -0.06069032475352287
v 0.5329516530036926 -0.09864455461502075 -0.051542557775974274
v 0.5313413143157959 -0.09172722697257996 -0.037094734609127045
v 0.5342493653297424 -0.09343162178993225 -0.04177160933613777
v 0.5450015068054199 -0.08571120351552963 -0.03477701172232628
v 0.5236709117889404 -0.09158088266849518 -0.04277956485748291
v 0.5246178507804871 -0.0925123542547226 -0.05225299671292305
v 0.5551029443740845 -0.14146879315376282 0.042037688195705414
v 0.5670269131660461 -0.14013789594173431 0.024692103266716003
v 0.547096848487854 -0.0772252157330513 -0.0439261868596077
v 0.5565025210380554 -0.05603037029504776 -0.048073671758174896
v 0.21692101657390594 0.0 0.15111571550369263
v 0.20039980113506317 -0.01778324320912361 0.15781500935554504
v 0.1960289180278778 -0.03505842387676239 0.15174366533756256
v 0.1949683576822281 -0.046042051166296005 0.13840603828430176
v 0.19209206104278564 -0.05327022820711136 0.13356490433216095
v 0.19788938760757446 -0.05551670864224434 0.12091295421123505
v 0.19734320044517517 -0.06120583042502403 0.10654420405626297
v 0.2208649069070816 -0.05318957194685936 0.06763019412755966
v 0.19926945865154266 -0.05870458111166954 0.08490540832281113
v 0.20435889065265656 -0.05823077633976936 0.09328772127628326
v 0.28190478682518005 -0.09214010834693909 0.08930865675210953
v 0.3075160086154938 -0.09209521859884262 0.059524960815906525
v 0.29738321900367737 -0.09281394630670547 0.07523301988840103
v 0.29025065898895264 -0.09942106902599335 0.08163099735975266
v 0.31536030769348145 -0.09159154444932938 0.04642779007554054
v 0.31549474596977234 -0.08521943539381027 0.04061451926827431
v 0.287175714969635 -0.012172074057161808 0.055695436894893646
v 0.30156421661376953 -0.011755640618503094 0.049264054745435715
v 0.3156433701515198 -0.027378719300031662 0.03205246850848198
v 0.3285699486732483 -0.03724522143602371 0.011852707713842392
v 0.3304343819618225 -0.05111132562160492 0.013171504251658916
v 0.334522545337677 -0.06861810386180878 0.015665819868445396
v 0.3302425444126129 -0.07953707128763199 0.021760042756795883
v 0.21878258883953094 -0.053089018911123276 0.06052863225340843
v 0.20583613216876984 -0.047595202922821045 0.05282651633024216
v 0.21281464397907257 -0.039906054735183716 0.049533989280462265
v 0.23230339586734772 -0.029165364801883698 0.04380766302347183
v 0.2564519941806793 -0.017299646511673927 0.04038682207465172
v 0.26342666149139404 -0.006072443909943104 0.04263704642653465
v 0.27304115891456604 -8.115777745842934e-06 0.045608289539813995
v 0.2873363494873047 -0.09964365512132645 0.08981744945049286
v 0.30327582359313965 -0.11734513193368912 0.08507730811834335
v 0.3129500150680542 -0.12392015755176544 0.08401722460985184
v 0.33172693848609924 -0.13433536887168884 0.0862351655960083
v 0.3566663861274719 -0.1431768834590912 0.08698678761720657
v 0.37120965123176575 -0.14698907732963562 0.08582204580307007
v 0.3909165561199188 -0.15361785888671875 0.08169522136449814
v 0.41480496525764465 -0.1648164838552475 0.05451240763068199
v 0.4359109699726105 -0.17382022738456726 0.01970727927982807
v 0.4183402359485626 -0.16432462632656097 0.043069079518318176
v 0.44977080821990967 -0.16393733024597168 -0.042181480675935745
v 0.4406864643096924 -0.17502851784229279 -0.006425186526030302
v 0.4413915276527405 -0.16634924709796906 -0.02655639871954918
v 0.4529276192188263 -0.1539936363697052 -0.05823402479290962
v 0.47229644656181335 -0.14898867905139923 -0.06852398812770844
v 0.5242017507553101 -0.11533719301223755 -0.06816481053829193
v 0.5361719131469727 -0.11325757950544357 -0.06391248106956482
v 0.5317375659942627 -0.09680042415857315 -0.07616482675075531
v 0.5516220331192017 -0.10417108237743378 -0.06461814045906067
v 0.5531975030899048 -0.0915733128786087 -0.06827355921268463
v 0.5227711200714111 -0.08365308493375778 -0.06931160390377045
v 0.5241534113883972 -0.08515362441539764 -0.04183648154139519
v 0.5270887613296509 -0.08584614843130112 -0.048006825149059296
v 0.5410734415054321 -0.09134706109762192 -0.04468224570155144
v 0.5209072828292847 -0.0852104052901268 -0.03930584713816643
v 0.5355548858642578 -0.13983191549777985 0.05129355937242508
v 0.5454716086387634 -0.1535402238368988 0.022270701825618744
v 0.5184714794158936 -0.16023191809654236 0.07930291444063187
v 0.5430657267570496 -0.054255418479442596 -0.05886326730251312
v 0.5448900461196899 -0.0734589546918869 -0.054182495921850204
v 0.20525461435317993 -0.0016802381724119186 0.16052666306495667
v 0.1857471615076065 -0.029564106836915016 0.17191344499588013
v 0.18472374975681305 -0.04446396231651306 0.16559091210365295
v 0.1786535233259201 -0.05867921561002731 0.14478769898414612
v 0.18382816016674042 -0.053901877254247665 0.1473822295665741
v 0.18696993589401245 -0.06432393193244934 0.11784393340349197
v 0.1865849643945694 -0.06359591335058212 0.10604607313871384
v 0.20774942636489868 -0.05727914720773697 0.07038585096597672
v 0.31691300868988037 -0.09847504645586014 0.05149431526660919
v 0.30876684188842773 -0.10104744881391525 0.06497028470039368
v 0.29980167746543884 -0.10596933960914612 0.07328742742538452
v 0.29809677600860596 -0.10967069119215012 0.08129020035266876
v 0.3232877850532532 -0.0887969583272934 0.03274698927998543
v 0.32343074679374695 -0.09581124782562256 0.03965393826365471
v 0.3134903609752655 -0.013962645083665848 0.03751514106988907
v 0.32671117782592773 -0.027750302106142044 0.01602810248732567
v 0.33457785844802856 -0.03835052624344826 0.0073464009910821915
v 0.33951741456985474 -0.05606497451663017 0.009261728264391422
v 0.205330953001976 -0.05473644286394119 0.05872238054871559
v 0.19930565357208252 -0.04759087413549423 0.0551719069480896
v 0.20259933173656464 -0.03995443508028984 0.05122627690434456
v 0.21975326538085938 -0.033391665667295456 0.04725149646401405
v 0.21807561814785004 -0.025730319321155548 0.04548300430178642
v 0.23331375420093536 -0.017626667395234108 0.04027921333909035
v 0.24156954884529114 -0.004578683990985155 0.038060713559389114
v 0.2505212128162384 4.942482337355614e-05 0.03877793252468109
v 0.30816322565078735 -0.11810479313135147 0.07908710837364197
v 0.32420384883880615 -0.12469756603240967 0.07858988642692566
v 0.3498469591140747 -0.13778841495513916 0.07726490497589111
v 0.3665298521518707 -0.14367049932479858 0.07564352452754974
v 0.38200169801712036 -0.14958123862743378 0.07465685158967972
v 0.3958285450935364 -0.15557745099067688 0.06942151486873627
v 0.40342482924461365 -0.15703099966049194 0.052687618881464005
v 0.424138605594635 -0.1626511663198471 0.02541569620370865
v 0.4074527621269226 -0.1542188972234726 0.033112429082393646
v 0.43781039118766785 -0.1572623997926712 -0.04211873933672905
v 0.42701035737991333 -0.16307610273361206 0.00609333161264658
v 0.42902007699012756 -0.15837541222572327 -0.01976908929646015
v 0.4638858735561371 -0.14244598150253296 -0.07283324748277664
v 0.4378611743450165 -0.14457149803638458 -0.05956970900297165
v 0.5004820823669434 -0.14269647002220154 -0.06036604940891266
v 0.4851270318031311 -0.14275318384170532 -0.08281438797712326
v 0.5083210468292236 -0.13860271871089935 -0.0559963583946228
v 0.5088198184967041 -0.13247543573379517 -0.07072005420923233
v 0.5287274122238159 -0.11513214558362961 -0.07782496511936188
v 0.543725311756134 -0.11113416403532028 -0.06765776872634888
v 0.5429067015647888 -0.08074134588241577 -0.0696113109588623
v 0.5607380867004395 -0.09177020192146301 -0.0703270435333252
v 0.5552957653999329 -0.07730196416378021 -0.07041051983833313
v 0.5156567096710205 -0.08601095527410507 -0.05411612242460251
v 0.5122681856155396 -0.07635490596294403 -0.0746224895119667
v 0.5364217162132263 -0.08443416655063629 -0.051844071596860886
v 0.5157604217529297 -0.08328723907470703 -0.04361414164304733
v 0.5157013535499573 -0.08270943909883499 -0.05186990648508072
v 0.5411697030067444 -0.17981433868408203 0.04967622458934784
v 0.5300295352935791 -0.16536137461662292 0.06224746257066727
v 0.5229881405830383 -0.16722652316093445 0.054811663925647736
v 0.5319880843162537 -0.0665067732334137 -0.06635604798793793
v 0.5340425372123718 -0.04412625730037689 -0.06594313681125641
v 0.17317962646484375 -0.031787846237421036 0.18222638964653015
v 0.17546088993549347 -0.04901675134897232 0.17800378799438477
v 0.18747462332248688 -0.04829873889684677 0.1534218192100525
v 0.17316462099552155 -0.06213127076625824 0.15822187066078186
v 0.16985219717025757 -0.06516756117343903 0.15084326267242432
v 0.16960901021957397 -0.06717409193515778 0.12789565324783325
v 0.1747189462184906 -0.06510193645954132 0.11295109987258911
v 0.19176359474658966 -0.06261944025754929 0.09815168380737305
v 0.19203267991542816 -0.058529194444417953 0.0774313285946846
v 0.19898515939712524 -0.05733092129230499 0.0669003278017044
v 0.3224031925201416 -0.10750138759613037 0.05605022981762886
v 0.33072158694267273 -0.10452701896429062 0.040752068161964417
v 0.3142288029193878 -0.10998597741127014 0.06848842650651932
v 0.3054097592830658 -0.11306018382310867 0.0743858814239502
v 0.3337332308292389 -0.09863773733377457 0.02729426696896553
v 0.3366672098636627 -0.09011229127645493 0.018094422295689583
v 0.3253406584262848 -0.015810109674930573 0.022512923926115036
v 0.33532804250717163 -0.02970881015062332 0.005803992040455341
v 0.3419007360935211 -0.04320337623357773 0.0041946712881326675
v 0.3461003005504608 -0.07850489765405655 0.006498031783849001
v 0.3501359820365906 -0.0635315477848053 0.001955072395503521
v 0.19711022078990936 -0.05395456776022911 0.06155497580766678
v 0.19336573779582977 -0.050336796790361404 0.0556943416595459
v 0.1960376799106598 -0.04067613556981087 0.05083262547850609
v 0.20901788771152496 -0.032369110733270645 0.04864831641316414
v 0.2068171352148056 -0.02653420716524124 0.04851251468062401
v 0.21401609480381012 -0.018835898488759995 0.04515812173485756
v 0.22176335752010345 -0.005396231543272734 0.042693063616752625
v 0.2229929119348526 8.848821744322777e-05 0.03862660750746727
v 0.31870201230049133 -0.11741490662097931 0.07343258708715439
v 0.33796340227127075 -0.13056382536888123 0.07444217056035995
v 0.36240583658218384 -0.13981567323207855 0.06722071021795273
v 0.37521252036094666 -0.14351508021354675 0.06410396099090576
v 0.38730326294898987 -0.14819543063640594 0.05818184092640877
v 0.39310717582702637 -0.14440612494945526 0.03960344195365906
v 0.4134034514427185 -0.15358451008796692 0.015962686389684677
v 0.39948800206184387 -0.14501656591892242 0.022884169593453407
v 0.42728638648986816 -0.1475701779127121 -0.03687507286667824
v 0.4182640314102173 -0.1509578973054886 -0.0030595683492720127
v 0.419826477766037 -0.14626337587833405 -0.0211085993796587
v 0.47868824005126953 -0.13255316019058228 -0.08276960998773575
v 0.42558416724205017 -0.13903865218162537 -0.04440835118293762
v 0.4933842718601227 -0.1348547488451004 -0.09567787498235703
v 0.5047270059585571 -0.13783198595046997 -0.08016512542963028
v 0.5059080719947815 -0.11703060567378998 -0.08493544906377792
v 0.5558093786239624 -0.10354970395565033 -0.0746050477027893
v 0.5391720533370972 -0.11167702823877335 -0.08794184774160385
v 0.5502322912216187 -0.060516614466905594 -0.07509589195251465
v 0.5673540234565735 -0.09077723324298859 -0.0861624926328659
v 0.5651066303253174 -0.07094839960336685 -0.08065050095319748
v 0.5177102088928223 -0.07712629437446594 -0.08566281944513321
v 0.5060706734657288 -0.06813468039035797 -0.10175639390945435
v 0.5099068880081177 -0.08529336005449295 -0.0685274600982666
v 0.5143766403198242 -0.0857953429222107 -0.04887358844280243
v 0.5220963954925537 -0.07646087557077408 -0.05979260802268982
v 0.508455216884613 -0.0790199339389801 -0.0572345145046711
v 0.5111849308013916 -0.07596264779567719 -0.06363978981971741
v 0.5318653583526611 -0.18202555179595947 0.07275687158107758
v 0.5528895258903503 -0.207237109541893 0.031612057238817215
v 0.5303863883018494 -0.19086477160453796 0.04907548427581787
v 0.5252081751823425 -0.06142793595790863 -0.06915538758039474
v 0.5289074182510376 -0.05043298378586769 -0.06819970905780792
v 0.19315925240516663 0.00012545660138130188 0.17358407378196716
v 0.19498778879642487 -0.011109587736427784 0.1683807522058487
v 0.17766712605953217 -0.012849172577261925 0.18162022531032562
v 0.16280639171600342 -0.04281250759959221 0.18678447604179382
v 0.16108594834804535 -0.05846944451332092 0.18537011742591858
v 0.18043971061706543 -0.056871429085731506 0.16660217940807343
v 0.1812855303287506 -0.06366479396820068 0.13323095440864563
v 0.16328439116477966 -0.06871677935123444 0.16671332716941833
v 0.15764641761779785 -0.07186221331357956 0.1589585393667221
v 0.16436012089252472 -0.0681823194026947 0.1435147225856781
v 0.1509842574596405 -0.06876657903194427 0.136474609375
v 0.1590346395969391 -0.06709175556898117 0.12058023363351822
v 0.17705272138118744 -0.06215054169297218 0.09918743371963501
v 0.17671459913253784 -0.06047621741890907 0.08330578356981277
v 0.18959662318229675 -0.058178260922431946 0.0703635960817337
v 0.1828288733959198 -0.06201810762286186 0.0903664082288742
v 0.33534473180770874 -0.11368397623300552 0.04952019825577736
v 0.3270152807235718 -0.11605386435985565 0.06256382167339325
v 0.34043577313423157 -0.10723721235990524 0.029935939237475395
v 0.35083335638046265 -0.08956234902143478 0.004378259647637606
v 0.34510812163352966 -0.09790046513080597 0.013705434277653694
v 0.3350369334220886 -0.017048457637429237 0.007693374529480934
v 0.34224075078964233 -0.03175601735711098 0.0020307600498199463
v 0.35159802436828613 -0.04886757209897041 -0.0013657426461577415
v 0.3567323088645935 -0.08141759037971497 -0.003020807169377804
v 0.35939547419548035 -0.06981771439313889 -0.00634239986538887
v 0.18909111618995667 -0.05619674548506737 0.06299182772636414
v 0.19318866729736328 -0.051476117223501205 0.04938901960849762
v 0.1949499547481537 -0.04491941258311272 0.04719719663262367
v 0.1994723230600357 -0.03375611454248428 0.05003039538860321
v 0.19938716292381287 -0.029736189171671867 0.04537489637732506
v 0.2017117738723755 -0.01889619044959545 0.046010930091142654
v 0.20596818625926971 -0.009301920421421528 0.04473993927240372
v 0.2104567438364029 0.002026884350925684 0.04345235601067543
v 0.33171817660331726 -0.1233944371342659 0.06898707151412964
v 0.3506344258785248 -0.13403668999671936 0.06730995327234268
v 0.3712615370750427 -0.1386353075504303 0.05624109134078026
v 0.38180068135261536 -0.1409834623336792 0.050220903009176254
v 0.3835088610649109 -0.13513416051864624 0.04075702279806137
v 0.4056447446346283 -0.14538170397281647 0.007532577496021986
v 0.38776496052742004 -0.1331578940153122 0.027484171092510223
v 0.4214096665382385 -0.14105388522148132 -0.03253006935119629
v 0.40781286358833313 -0.14033037424087524 -0.008319951593875885
v 0.41439154744148254 -0.13916152715682983 -0.024412477388978004
v 0.41687244176864624 -0.1358904242515564 -0.033944353461265564
v 0.4331105947494507 -0.1308763027191162 -0.06181025877594948
v 0.45622485876083374 -0.13092219829559326 -0.07406087219715118
v 0.49663245677948 -0.1261359453201294 -0.08595842123031616
v 0.4980471432209015 -0.13040117919445038 -0.08534319698810577
v 0.51800537109375 -0.10910138487815857 -0.10425490885972977
v 0.5361765623092651 -0.11254903674125671 -0.11534050107002258
v 0.5550428032875061 -0.10653670132160187 -0.09876015037298203
v 0.5334478616714478 -0.05755644664168358 -0.0787239670753479
v 0.5209833979606628 -0.07026993483304977 -0.08177603781223297
v 0.5580995082855225 -0.04933544620871544 -0.0880035012960434
v 0.5724272727966309 -0.09318602830171585 -0.1139998659491539
v 0.576095461845398 -0.07819274812936783 -0.10659217834472656
v 0.5078355669975281 -0.05320749431848526 -0.10083434730768204
v 0.5024534463882446 -0.042562611401081085 -0.1266462802886963
v 0.49595415592193604 -0.07807791233062744 -0.10337691009044647
v 0.5004433393478394 -0.07808087021112442 -0.09358397871255875
v 0.5038581490516663 -0.08858375996351242 -0.06106751412153244
v 0.5102024078369141 -0.08355257660150528 -0.05503392592072487
v 0.5145252346992493 -0.06720127910375595 -0.07511258870363235
v 0.5006144046783447 -0.07795010507106781 -0.06758126616477966
v 0.5051872134208679 -0.06812010705471039 -0.07281020283699036
v 0.5458788275718689 -0.19470719993114471 0.0550643689930439
v 0.55595862865448 -0.21539784967899323 0.023528151214122772
v 0.5417008996009827 -0.188855841755867 0.032530248165130615
v 0.527744710445404 -0.03471121937036514 -0.07013390958309174
v 0.5206228494644165 -0.062111660838127136 -0.073066346347332
v 0.5242230296134949 -0.044395219534635544 -0.07198690623044968
v 0.17941945791244507 0.0008394522592425346 0.18327131867408752
v 0.1632920503616333 -0.021890833973884583 0.18989697098731995
v 0.14671310782432556 -0.053590793162584305 0.19622376561164856
v 0.14468911290168762 -0.06963688880205154 0.19063299894332886
v 0.1692662239074707 -0.06261847913265228 0.1736883819103241
v 0.154044508934021 -0.07012227922677994 0.17937922477722168
v 0.14734873175621033 -0.07457249611616135 0.17259559035301208
v 0.1391337513923645 -0.07566697895526886 0.16358810663223267
v 0.15069325268268585 -0.07227504253387451 0.1513310968875885
v 0.13236378133296967 -0.07021446526050568 0.13732224702835083
v 0.14591044187545776 -0.0672675371170044 0.12408129870891571
v 0.16081416606903076 -0.06324823200702667 0.1086203083395958
v 0.16398409008979797 -0.06302852928638458 0.08897814154624939
v 0.1771746724843979 -0.06173411011695862 0.07266726344823837
v 0.16916535794734955 -0.06143798679113388 0.09708534181118011
v 0.33834290504455566 -0.12045825272798538 0.05763768032193184
v 0.34228113293647766 -0.11181526631116867 0.03767884895205498
v 0.3468846082687378 -0.1045837476849556 0.017879720777273178
v 0.3625478446483612 -0.0894712582230568 -0.007234478835016489
v 0.35740023851394653 -0.10068942606449127 0.002923534717410803
v 0.3416418433189392 -0.02218814380466938 0.0014596553519368172
v 0.3518812358379364 -0.03471451252698898 -0.004071736708283424
v 0.3639070689678192 -0.05597304925322533 -0.011137212626636028
v 0.3740345537662506 -0.06529057025909424 -0.019356707111001015
v 0.36797717213630676 -0.0797080397605896 -0.013075990602374077
v 0.1864616870880127 -0.057117193937301636 0.058844342827796936
v 0.1974847912788391 -0.05733853206038475 0.04498503357172012
v 0.19922058284282684 -0.05030703917145729 0.03791657090187073
v 0.19685697555541992 -0.03822913020849228 0.045572903007268906
v 0.20115122199058533 -0.035792820155620575 0.04360457509756088
v 0.19649168848991394 -0.02269989438354969 0.040394376963377
v 0.19612999260425568 -0.030455706641077995 0.031043641269207
v 0.19484549760818481 -0.01204245537519455 0.04197552800178528
v 0.3420041799545288 -0.12797290086746216 0.0650535598397255
v 0.3602220118045807 -0.13506509363651276 0.059665240347385406
v 0.3768410086631775 -0.1341426521539688 0.047001902014017105
v 0.3958328068256378 -0.1386178582906723 0.01069655641913414
v 0.3788713812828064 -0.1245659813284874 0.02635459415614605
v 0.37451106309890747 -0.12718980014324188 0.03883948177099228
v 0.39480024576187134 -0.13172970712184906 -0.003582661971449852
v 0.4078335165977478 -0.13164439797401428 -0.023947276175022125
v 0.49015387892723083 -0.12204358726739883 -0.07569078356027603
v 0.4186338186264038 -0.13052615523338318 -0.0431693010032177
v 0.4481854736804962 -0.12167055904865265 -0.06469836086034775
v 0.47093236446380615 -0.12032288312911987 -0.06591924279928207
v 0.49774369597435 -0.10445576906204224 -0.0821320042014122
v 0.49725034832954407 -0.1018935814499855 -0.09332648664712906
v 0.5015577673912048 -0.10440012067556381 -0.11413615196943283
v 0.49180495738983154 -0.10365352779626846 -0.10331748425960541
v 0.517885148525238 -0.10549591481685638 -0.1367272436618805
v 0.5509064793586731 -0.11100368201732635 -0.12541808187961578
v 0.5282654762268066 -0.11394522339105606 -0.1420048624277115
v 0.5397962331771851 -0.0370759591460228 -0.08761714398860931
v 0.5693498849868774 -0.05205555632710457 -0.10459671914577484
v 0.5629117488861084 -0.10449546575546265 -0.13405542075634003
v 0.5836246013641357 -0.07978034019470215 -0.12878932058811188
v 0.517039954662323 -0.04600716754794121 -0.09199009835720062
v 0.4921146631240845 -0.06802533566951752 -0.11406014859676361
v 0.4911864697933197 -0.09243401885032654 -0.10621081292629242
v 0.496428906917572 -0.09181812405586243 -0.09666680544614792
v 0.5031124353408813 -0.09090308845043182 -0.06276111304759979
v 0.5036970973014832 -0.08404191583395004 -0.06108607351779938
v 0.5036140084266663 -0.09376316517591476 -0.07966355979442596
v 0.5076925754547119 -0.06286519765853882 -0.07849078625440598
v 0.48702242970466614 -0.08106207847595215 -0.07039351761341095
v 0.4842328429222107 -0.07252925634384155 -0.07670190930366516
v 0.5632270574569702 -0.19597212970256805 0.010820470750331879
v 0.5600631833076477 -0.1902340203523636 0.029168065637350082
v 0.5562100410461426 -0.18664264678955078 0.021586939692497253
v 0.5279644727706909 -0.016230463981628418 -0.07562107592821121
v 0.5148882269859314 -0.05125880241394043 -0.07502510398626328
v 0.512834906578064 -0.06078416854143143 -0.07611406594514847
v 0.15631990134716034 0.0 0.1958053708076477
v 0.16666829586029053 -0.003057939000427723 0.1898738145828247
v 0.14740441739559174 -0.03414883464574814 0.1978527009487152
v 0.13659150898456573 -0.07705885916948318 0.1846439391374588
v 0.12320621311664581 -0.07818792760372162 0.166102796792984
v 0.12805181741714478 -0.0806373879313469 0.17640309035778046
v 0.13509602844715118 -0.07255260646343231 0.15158215165138245
v 0.13171225786209106 -0.0714585930109024 0.12363295257091522
v 0.1204167976975441 -0.07502160221338272 0.13606107234954834
v 0.14698509871959686 -0.06563898921012878 0.11317769438028336
v 0.1548282951116562 -0.06433792412281036 0.10407935827970505
v 0.1666184812784195 -0.06569921970367432 0.07714205980300903
v 0.17877329885959625 -0.06421457231044769 0.06431347876787186
v 0.34735554456710815 -0.11832112818956375 0.04471522197127342
v 0.35125261545181274 -0.11169557273387909 0.024662641808390617
v 0.36000385880470276 -0.11009115725755692 0.01075129397213459
v 0.3761541247367859 -0.08665002137422562 -0.019446270540356636
v 0.3712867796421051 -0.09613117575645447 -0.013345308601856232
v 0.3500574231147766 -0.022257613018155098 -0.004402831196784973
v 0.36445826292037964 -0.040850427001714706 -0.013819919899106026
v 0.3761999011039734 -0.05478658527135849 -0.021930422633886337
v 0.38867637515068054 -0.0672750174999237 -0.030530717223882675
v 0.3820164203643799 -0.07717201858758926 -0.0253117848187685
v 0.1885433942079544 -0.06045439466834068 0.053977757692337036
v 0.1452573835849762 -0.04679016396403313 0.005603406578302383
v 0.16461963951587677 -0.051846690475940704 0.022061169147491455
v 0.1778564155101776 -0.037354517728090286 0.0170971117913723
v 0.15659302473068237 -0.03547975420951843 0.0003110729157924652
v 0.19282406568527222 -0.014415471814572811 0.034667544066905975
v 0.19533440470695496 -0.02295803464949131 0.024865468963980675
v 0.15597881376743317 -0.03243536129593849 -0.004104439169168472
v 0.19873124361038208 -0.0037099886685609818 0.042347706854343414
v 0.35186612606048584 -0.1271749883890152 0.05464639514684677
v 0.3670731782913208 -0.13123582303524017 0.04992006719112396
v 0.38744911551475525 -0.12810799479484558 0.013510797172784805
v 0.36856579780578613 -0.12018411606550217 0.03178548440337181
v 0.37621331214904785 -0.11877378821372986 0.017867419868707657
v 0.39529624581336975 -0.12285968661308289 -0.01712644286453724
v 0.41009649634361267 -0.1218770444393158 -0.03622952848672867
v 0.4255911707878113 -0.1170002892613411 -0.0570007786154747
v 0.46752437949180603 -0.10676082968711853 -0.06172768026590347
v 0.48533180356025696 -0.09921194612979889 -0.06676125526428223
v 0.49913471937179565 -0.09815923869609833 -0.08279623836278915
v 0.49251535534858704 -0.08270955830812454 -0.125733882188797
v 0.5203749537467957 -0.10622570663690567 -0.15411806106567383
v 0.5042344331741333 -0.09750141203403473 -0.1318233758211136
v 0.5327076315879822 -0.12345537543296814 -0.15576082468032837
v 0.5398507714271545 -0.11307384818792343 -0.14209166169166565
v 0.5552064776420593 -0.032904721796512604 -0.10619819909334183
v 0.52547687292099 -0.027811909094452858 -0.10536293685436249
v 0.5826683044433594 -0.06084243953227997 -0.12551423907279968
v 0.5773102045059204 -0.09394234418869019 -0.14271441102027893
v 0.5603913068771362 -0.11270304024219513 -0.14696341753005981
v 0.5112808346748352 -0.03081732615828514 -0.11567879468202591
v 0.4952359199523926 -0.045856039971113205 -0.13850127160549164
v 0.5103468894958496 -0.02067628875374794 -0.13783231377601624
v 0.49570634961128235 -0.0954107865691185 -0.070442333817482
v 0.49163633584976196 -0.0959990918636322 -0.06589088588953018
v 0.49376818537712097 -0.08668524771928787 -0.06714474409818649
v 0.4917391240596771 -0.06104481592774391 -0.0814490020275116
v 0.502830982208252 -0.06107445806264877 -0.07961830496788025
v 0.47148817777633667 -0.08602605760097504 -0.07606074213981628
v 0.4694919288158417 -0.07935839891433716 -0.07916727662086487
v 0.5635086297988892 -0.19477786123752594 0.028115805238485336
v 0.567059338092804 -0.1882760375738144 0.02521400898694992
v 0.5628717541694641 -0.18791674077510834 0.03821345046162605
v 0.5017887949943542 -0.05735642462968826 -0.07577670365571976
v 0.502632737159729 -0.04948935657739639 -0.07557609677314758
v 0.138149231672287 0.0 0.20101410150527954
v 0.1462000012397766 -0.010426383465528488 0.19958776235580444
v 0.1337369978427887 -0.06713263690471649 0.202074334025383
v 0.1316368281841278 -0.05086806043982506 0.20719823241233826
v 0.12961076200008392 -0.07711701840162277 0.19725625216960907
v 0.11983995139598846 -0.08512069284915924 0.18883314728736877
v 0.1199733093380928 -0.07507403194904327 0.15070265531539917
v 0.10702259093523026 -0.08282024413347244 0.16328860819339752
v 0.10909292846918106 -0.08529326319694519 0.17975546419620514
v 0.14055271446704865 -0.06920821964740753 0.11084270477294922
v 0.12089379876852036 -0.07745823264122009 0.12056346237659454
v 0.11128449440002441 -0.07886261492967606 0.13211919367313385
v 0.1459672600030899 -0.0687694326043129 0.10502652823925018
v 0.15371137857437134 -0.06878982484340668 0.09711341559886932
v 0.16490088403224945 -0.07293539494276047 0.07947088778018951
v 0.17341019213199615 -0.06893250346183777 0.06859003752470016
v 0.35606709122657776 -0.11569034308195114 0.033810149878263474
v 0.3713679015636444 -0.10653926432132721 -0.0057596489787101746
v 0.3878478705883026 -0.08335340023040771 -0.03156670928001404
v 0.38282647728919983 -0.09194665402173996 -0.025057397782802582
v 0.36218586564064026 -0.022610006853938103 -0.014520933851599693
v 0.37471190094947815 -0.04726535826921463 -0.021771971136331558
v 0.387105256319046 -0.05766114592552185 -0.029846129938960075
v 0.3954886496067047 -0.07452938705682755 -0.036729585379362106
v 0.4022027850151062 -0.062258291989564896 -0.0405535027384758
v 0.1833600252866745 -0.06820443272590637 0.05896778404712677
v 0.13700485229492188 -0.042211271822452545 -0.007199559360742569
v 0.1419130265712738 -0.05428019538521767 0.013021234422922134
v 0.12910021841526031 -0.05110371857881546 -0.004029043018817902
v 0.12826503813266754 -0.03804405406117439 -0.011054378002882004
v 0.19087712466716766 -0.010632096789777279 0.023566342890262604
v 0.1876273900270462 -0.0077021424658596516 0.03443592041730881
v 0.16945849359035492 -0.026570532470941544 -0.005128508433699608
v 0.1218864917755127 -0.03527013212442398 -0.01771397888660431
v 0.3606875240802765 -0.12267473340034485 0.04273723438382149
v 0.38490816950798035 -0.12261158227920532 0.0017761467024683952
v 0.37312620878219604 -0.11244703829288483 0.005306660197675228
v 0.36387088894844055 -0.11375078558921814 0.021706005558371544
v 0.3978736698627472 -0.11067395657300949 -0.031103290617465973
v 0.4136279225349426 -0.10985419154167175 -0.04790865629911423
v 0.4966582953929901 -0.09765304625034332 -0.07058260589838028
v 0.42726585268974304 -0.10722263902425766 -0.06070970743894577
v 0.44593721628189087 -0.10879676043987274 -0.06553639471530914
v 0.47527071833610535 -0.10155039280653 -0.06356380134820938
v 0.5003188252449036 -0.07474172860383987 -0.14186257123947144
v 0.5129059553146362 -0.09709557890892029 -0.1545381247997284
v 0.5288051962852478 -0.115700364112854 -0.17040646076202393
v 0.5334802269935608 -0.13818904757499695 -0.17674866318702698
v 0.5467842817306519 -0.1299009472131729 -0.16070909798145294
v 0.5750176906585693 -0.03579285740852356 -0.12987613677978516
v 0.5387697815895081 -0.02455379255115986 -0.11041674762964249
v 0.5891416072845459 -0.05421799421310425 -0.14208120107650757
v 0.5715782642364502 -0.11856942623853683 -0.15951520204544067
v 0.5888642072677612 -0.08445783704519272 -0.15907981991767883
v 0.5267825126647949 -0.014476753771305084 -0.1289578080177307
v 0.5336921811103821 -0.021243397146463394 -0.14315228164196014
v 0.5152480006217957 -0.03922145813703537 -0.14652281999588013
v 0.4771714508533478 -0.0938822403550148 -0.0688544511795044
v 0.4694395661354065 -0.06938490271568298 -0.07591240853071213
v 0.4837941527366638 -0.06327733397483826 -0.07768426835536957
v 0.4539954662322998 -0.08705884963274002 -0.07851973921060562
v 0.45429712533950806 -0.07834655791521072 -0.07500072568655014
v 0.5722851753234863 -0.1974213421344757 0.055544402450323105
v 0.5927231311798096 -0.18236646056175232 0.06320993602275848
v 0.580075740814209 -0.1887681633234024 0.06017925590276718
v 0.47775039076805115 -0.0442584790289402 -0.0709996297955513
v 0.48848503828048706 -0.059387754648923874 -0.07297462224960327
v 0.1268922984600067 -0.021246474236249924 0.20621070265769958
v 0.12840311229228973 -0.0029301317408680916 0.20382195711135864
v 0.1333836317062378 -0.03202923759818077 0.2047860324382782
v 0.11633212864398956 -0.04046836122870445 0.21273522078990936
v 0.12195369601249695 -0.07745519280433655 0.20763440430164337
v 0.11512613296508789 -0.08604566752910614 0.20070821046829224
v 0.10401622951030731 -0.08892267942428589 0.1920584738254547
v 0.10808339715003967 -0.08005185425281525 0.14550259709358215
v 0.09001129865646362 -0.08690600842237473 0.17222070693969727
v 0.09206730127334595 -0.08508658409118652 0.15679866075515747
v 0.13126900792121887 -0.07432015240192413 0.11509719491004944
v 0.11113664507865906 -0.08233232796192169 0.12009993195533752
v 0.09772173315286636 -0.08666243404150009 0.12944412231445312
v 0.14241015911102295 -0.07759973406791687 0.09971821308135986
v 0.1366628110408783 -0.07390201836824417 0.10746900737285614
v 0.15349197387695312 -0.07538541406393051 0.08981265872716904
v 0.17697717249393463 -0.07328160107135773 0.06606453657150269
v 0.1690697818994522 -0.07639593631029129 0.07201841473579407
v 0.3848446011543274 -0.10169383138418198 -0.0235308725386858
v 0.3973945677280426 -0.08303417265415192 -0.042604804039001465
v 0.3903224468231201 -0.08925968408584595 -0.035848092287778854
v 0.3659023642539978 -0.007348986808210611 -0.018421486020088196
v 0.3754149377346039 -0.0338418111205101 -0.025172438472509384
v 0.38339826464653015 -0.049865227192640305 -0.028595350682735443
v 0.4186074435710907 -0.060782577842473984 -0.05062403529882431
v 0.41234976053237915 -0.07053343951702118 -0.04834827035665512
v 0.16316626965999603 -0.057230670005083084 0.03122314065694809
v 0.11399077624082565 -0.05247650295495987 -0.01657123863697052
v 0.11111734807491302 -0.043599992990493774 -0.01948609948158264
v 0.18255475163459778 -0.018206140026450157 0.0018503209576010704
v 0.18387097120285034 0.0 0.021973155438899994
v 0.1264888048171997 -0.029747046530246735 -0.02530994638800621
v 0.09898246824741364 -0.03941890597343445 -0.023880306631326675
v 0.38333451747894287 -0.11307746171951294 -0.01178690604865551
v 0.4024481475353241 -0.09990925341844559 -0.042144279927015305
v 0.42036327719688416 -0.09956778585910797 -0.05701495334506035
v 0.43336382508277893 -0.09940595179796219 -0.06749346852302551
v 0.4482884109020233 -0.0971507579088211 -0.07725368440151215
v 0.5119211673736572 -0.06565961241722107 -0.15277493000030518
v 0.5376936197280884 -0.10118187963962555 -0.16791963577270508
v 0.5434649586677551 -0.13484151661396027 -0.18750514090061188
v 0.5468263030052185 -0.14282040297985077 -0.19759215414524078
v 0.5557898879051208 -0.1422513723373413 -0.18138109147548676
v 0.5544849038124084 -0.01929650828242302 -0.12944822013378143
v 0.6018375754356384 -0.08004844188690186 -0.17649850249290466
v 0.5891451239585876 -0.11960281431674957 -0.18206435441970825
v 0.5464721322059631 -0.022345568984746933 -0.1427253782749176
v 0.5605999827384949 -0.03244301676750183 -0.15186652541160583
v 0.5444932579994202 -0.0466093011200428 -0.1522177755832672
v 0.4524569511413574 -0.07251996546983719 -0.06888288259506226
v 0.4604859948158264 -0.06449522823095322 -0.06715032458305359
v 0.4331761300563812 -0.08751709759235382 -0.06818165630102158
v 0.4401310384273529 -0.07661762833595276 -0.06562940776348114
v 0.6100732088088989 -0.2125319242477417 0.08272545784711838
v 0.5966524481773376 -0.20863020420074463 0.07466689497232437
v 0.6040058732032776 -0.19963234663009644 0.0782691016793251
v 0.6116064190864563 -0.2095426619052887 0.0858684629201889
v 0.4824446439743042 -0.014830969274044037 -0.07574203610420227
v 0.4673999845981598 -0.05231884866952896 -0.06443969905376434
v 0.4570865035057068 -0.04156920313835144 -0.06448407471179962
v 0.1113077849149704 -0.018718179315328598 0.2080671191215515
v 0.11422449350357056 0.0008813478052616119 0.20357078313827515
v 0.11422606557607651 -0.061475664377212524 0.21879282593727112
v 0.12392815947532654 -0.06620881706476212 0.21131929755210876
v 0.11540950834751129 -0.07463941723108292 0.2186230570077896
v 0.10919462144374847 -0.08381672948598862 0.21353335678577423
v 0.10056249797344208 -0.08783236145973206 0.20364722609519958
v 0.08814314007759094 -0.08683203160762787 0.1854877471923828
v 0.09611217677593231 -0.08475320786237717 0.1430586874485016
v 0.07690125703811646 -0.08619986474514008 0.16661816835403442
v 0.08014027774333954 -0.08885955810546875 0.14972001314163208
v 0.12430304288864136 -0.07933515310287476 0.11316686123609543
v 0.08694374561309814 -0.09336020052433014 0.1263599395751953
v 0.10131333768367767 -0.08976373076438904 0.11746793985366821
v 0.1458917111158371 -0.0793171301484108 0.09045621752738953
v 0.12964828312397003 -0.0817633718252182 0.10591636598110199
v 0.13574199378490448 -0.08274737745523453 0.09485670924186707
v 0.15618880093097687 -0.0788714811205864 0.08124334365129471
v 0.17251689732074738 -0.08140429109334946 0.07261468470096588
v 0.1687629371881485 -0.06401056051254272 0.04565379023551941
v 0.42175784707069397 -0.07778576761484146 -0.056794777512550354
v 0.41124624013900757 -0.09084434807300568 -0.051288358867168427
v 0.38638174533843994 -0.042774733155965805 -0.0324539877474308
v 0.3965006470680237 -0.050925202667713165 -0.037583477795124054
v 0.42932870984077454 -0.05580316483974457 -0.05594785138964653
v 0.4299834668636322 -0.0662492886185646 -0.05760755389928818
v 0.4155922532081604 -0.050692178308963776 -0.049157723784446716
v 0.12349915504455566 -0.06461644917726517 0.010224416851997375
v 0.11064338684082031 -0.061585426330566406 -0.012233678251504898
v 0.09583258628845215 -0.05364297330379486 -0.02471444383263588
v 0.09382441639900208 -0.06091146543622017 -0.02312363311648369
v 0.14897064864635468 -0.019871870055794716 -0.02189517579972744
v 0.181411474943161 0.0 -0.003208900336176157
v 0.18274253606796265 -0.009601393714547157 0.0034147214610129595
v 0.09227757900953293 -0.03668665885925293 -0.028136681765317917
v 0.08789153397083282 -0.04978131502866745 -0.02874482050538063
v 0.5294462442398071 -0.06646182388067245 -0.15272778272628784
v 0.561347246170044 -0.12156365811824799 -0.1835642158985138
v 0.5448063015937805 -0.1383853256702423 -0.20308539271354675
v 0.5640845894813538 -0.13359881937503815 -0.2050439715385437
v 0.5571931004524231 -0.13459809124469757 -0.21806898713111877
v 0.5785830020904541 -0.02784191071987152 -0.14428436756134033
v 0.5934087038040161 -0.045345015823841095 -0.16558951139450073
v 0.6017845869064331 -0.07502605020999908 -0.18320435285568237
v 0.5902829766273499 -0.12315241992473602 -0.19898316264152527
v 0.6196131110191345 -0.10300318896770477 -0.191929429769516
v 0.5845795273780823 -0.04410982131958008 -0.1631014347076416
v 0.5651335120201111 -0.0626073032617569 -0.16463804244995117
v 0.44795456528663635 -0.05678333342075348 -0.06142126023769379
v 0.4462276101112366 -0.06893661618232727 -0.06391677260398865
v 0.6294355392456055 -0.23331546783447266 0.09099819511175156
v 0.6285791993141174 -0.23130683600902557 0.10131742805242538
v 0.6303064823150635 -0.22434930503368378 0.10392986983060837
v 0.635236918926239 -0.2222876399755478 0.09814511239528656
v 0.4647164046764374 -0.013245641253888607 -0.0715545266866684
v 0.4447135031223297 -0.05092201381921768 -0.0609029158949852
v 0.4368971288204193 -0.04289569705724716 -0.060889460146427155
v 0.10025602579116821 -0.041098009794950485 0.21607108414173126
v 0.09907392412424088 -0.002083752304315567 0.20283569395542145
v 0.09278610348701477 -0.026371682062745094 0.20825786888599396
v 0.10997162014245987 -0.07808540016412735 0.22983510792255402
v 0.10116401314735413 -0.05860587954521179 0.2224258929491043
v 0.10451465845108032 -0.08418197929859161 0.22915349900722504
v 0.09299342334270477 -0.0838959813117981 0.21491354703903198
v 0.08619199693202972 -0.08512954413890839 0.20038816332817078
v 0.07210871577262878 -0.08640359342098236 0.1781100481748581
v 0.08192349970340729 -0.0908169150352478 0.13661986589431763
v 0.06090223789215088 -0.08519852161407471 0.15534880757331848
v 0.06632012128829956 -0.09159688651561737 0.14106713235378265
v 0.11393631994724274 -0.08488362282514572 0.11069729179143906
v 0.0746077224612236 -0.0970899909734726 0.12146064639091492
v 0.087312713265419 -0.09687909483909607 0.11501796543598175
v 0.14259015023708344 -0.08170989155769348 0.08754975348711014
v 0.12265101820230484 -0.08765552192926407 0.0996740460395813
v 0.13105976581573486 -0.08782578259706497 0.08895856887102127
v 0.1479332149028778 -0.08354271948337555 0.08024776726961136
v 0.1603308767080307 -0.08063576370477676 0.07472740113735199
v 0.14527837932109833 -0.05984112247824669 0.028958063572645187
v 0.1726803481578827 -0.06764382869005203 0.06318621337413788
v 0.16827966272830963 -0.06430783867835999 0.04858225956559181
v 0.390365332365036 -0.02768542990088463 -0.03812028467655182
v 0.4007594585418701 -0.04090792313218117 -0.04345249384641647
v 0.42749786376953125 -0.05116588622331619 -0.056557897478342056
v 0.414585679769516 -0.04062964767217636 -0.05242656543850899
v 0.11941009014844894 -0.06794741749763489 0.018443133682012558
v 0.11987584829330444 -0.05953279882669449 -0.00024410709738731384
v 0.0864347368478775 -0.07008512318134308 -0.017578624188899994
v 0.07886210083961487 -0.0658976212143898 -0.026452887803316116
v 0.0810670256614685 -0.057761695235967636 -0.030969731509685516
v 0.11239220201969147 -0.02825154736638069 -0.03394896909594536
v 0.16200609505176544 -0.012833653017878532 -0.02307315170764923
v 0.1788139045238495 0.0 -0.02294335886836052
v 0.07747949659824371 -0.04781836271286011 -0.031114798039197922
v 0.07246024161577225 -0.05355003476142883 -0.030557766556739807
v 0.5483788251876831 -0.08397935330867767 -0.16377195715904236
v 0.5569832921028137 -0.12655113637447357 -0.20160338282585144
v 0.5686960220336914 -0.12010669708251953 -0.2134178876876831
v 0.5721998810768127 -0.12099310010671616 -0.21064773201942444
v 0.6037347316741943 -0.09558448195457458 -0.18885934352874756
v 0.5907449722290039 -0.06588201224803925 -0.17791247367858887
v 0.5813033580780029 -0.11431056261062622 -0.20017555356025696
v 0.5937356352806091 -0.11327280104160309 -0.19062179327011108
v 0.5830518007278442 -0.07687195390462875 -0.18587574362754822
v 0.65240478515625 -0.2439434975385666 0.12857992947101593
v 0.6526089906692505 -0.24160820245742798 0.11844196170568466
v 0.6465585231781006 -0.25128477811813354 0.10750190168619156
v 0.6458162069320679 -0.2540413737297058 0.11590617150068283
v 0.44358500838279724 -0.03401290625333786 -0.06562845408916473
v 0.42387449741363525 -0.045173391699790955 -0.05584089830517769
v 0.08729809522628784 -0.0434722974896431 0.2147744596004486
v 0.07608774304389954 -0.007680496200919151 0.19780665636062622
v 0.074821837246418 -0.0356549397110939 0.206942617893219
v 0.103016696870327 -0.07662010937929153 0.23012225329875946
v 0.11252471804618835 -0.10170970857143402 0.24134016036987305
v 0.09187564253807068 -0.06151789054274559 0.22502082586288452
v 0.09492502361536026 -0.08167620003223419 0.22711166739463806
v 0.08173829317092896 -0.07870438694953918 0.2113931030035019
v 0.07134933769702911 -0.08344143629074097 0.1907423585653305
v 0.05688305199146271 -0.08250921964645386 0.170370414853096
v 0.07171522080898285 -0.09513840079307556 0.13060399889945984
v 0.04374346137046814 -0.08833269029855728 0.1425417959690094
v 0.05683698505163193 -0.09504061937332153 0.13237518072128296
v 0.105631522834301 -0.09404414147138596 0.10461033880710602
v 0.12040700018405914 -0.09217911213636398 0.08248797804117203
v 0.11723919212818146 -0.09253080934286118 0.09253142774105072
v 0.13492286205291748 -0.08761008828878403 0.07794080674648285
v 0.15047873556613922 -0.08467117697000504 0.07419052720069885
v 0.14575420320034027 -0.05761832743883133 0.04096322879195213
v 0.16106656193733215 -0.07946085929870605 0.07121577858924866
v 0.1700611710548401 -0.06571971625089645 0.07313977181911469
v 0.1781119853258133 -0.05133552476763725 0.058540161699056625
v 0.16930486261844635 -0.06384257227182388 0.05289880186319351
v 0.40502944588661194 -0.029572363942861557 -0.049905139952898026
v 0.41546472907066345 -0.03253619000315666 -0.0551019124686718
v 0.12354651838541031 -0.0655924528837204 0.02813863381743431
v 0.1002732664346695 -0.07279019802808762 0.00868319720029831
v 0.10404815524816513 -0.07144992053508759 0.007116992026567459
v 0.09941844642162323 -0.07006803900003433 -0.004477113485336304
v 0.07665936648845673 -0.07169841974973679 -0.019869841635227203
v 0.066780686378479 -0.06052660942077637 -0.029343534260988235
v 0.07059185206890106 -0.06285345554351807 -0.028673987835645676
v 0.08222004026174545 -0.040909845381975174 -0.03533492237329483
v 0.13311052322387695 -0.020861798897385597 -0.03774084895849228
v 0.06285128742456436 -0.05275164172053337 -0.026356685906648636
v 0.06062927842140198 -0.057991139590740204 -0.025177642703056335
v 0.5629726052284241 -0.10498160123825073 -0.18264639377593994
v 0.555008590221405 -0.12731529772281647 -0.2149241864681244
v 0.5742457509040833 -0.11195296049118042 -0.2063283920288086
v 0.5789779424667358 -0.11355403065681458 -0.20097005367279053
v 0.5689446926116943 -0.12120550125837326 -0.21555361151695251
v 0.588932991027832 -0.0885414183139801 -0.19003763794898987
v 0.5815321207046509 -0.10868236422538757 -0.18183577060699463
v 0.5764437317848206 -0.1184840127825737 -0.1799808144569397
v 0.5814889073371887 -0.11167705059051514 -0.19214734435081482
v 0.5823385119438171 -0.09460928291082382 -0.21120387315750122
v 0.5689043998718262 -0.11074600368738174 -0.21651002764701843
v 0.6595480442047119 -0.26811718940734863 0.13021786510944366
v 0.6499271988868713 -0.26970767974853516 0.11730584502220154
v 0.6316573023796082 -0.27347519993782043 0.13111649453639984
v 0.6393555402755737 -0.26991167664527893 0.11625417321920395
v 0.42603451013565063 -0.035807035863399506 -0.0595242902636528
v 0.07742807269096375 -0.05204790458083153 0.2146889567375183
v 0.051347047090530396 -0.0052056219428777695 0.1901829093694687
v 0.052908167243003845 -0.02902514487504959 0.19873212277889252
v 0.09231987595558167 -0.08435055613517761 0.23092837631702423
v 0.10764157027006149 -0.10143484175205231 0.2361266016960144
v 0.09263716638088226 -0.08518616110086441 0.23700758814811707
v 0.07565350085496902 -0.06621842831373215 0.2144511342048645
v 0.08918483555316925 -0.07531096041202545 0.22419559955596924
v 0.07151065766811371 -0.07664025574922562 0.20301155745983124
v 0.05473029986023903 -0.0815371572971344 0.1828182339668274
v 0.03968924656510353 -0.08155257999897003 0.1596842110157013
v 0.0605255626142025 -0.09814898669719696 0.12451218068599701
v 0.039885759353637695 -0.09564750641584396 0.12588974833488464
v 0.027800854295492172 -0.08747313171625137 0.1361682415008545
v 0.06927017122507095 -0.1003360003232956 0.11066502332687378
v 0.08713430166244507 -0.09908095002174377 0.10095170140266418
v 0.10551194846630096 -0.09676575660705566 0.08866431564092636
v 0.11403816193342209 -0.09324885904788971 0.08004613220691681
v 0.1391909271478653 -0.08547261357307434 0.06955486536026001
v 0.12358514964580536 -0.09007133543491364 0.07446122169494629
v 0.1504145860671997 -0.05647879093885422 0.04682084545493126
v 0.15169572830200195 -0.0726422369480133 0.0691419392824173
v 0.1651366651058197 -0.0571407824754715 0.07369906455278397
v 0.1810171902179718 -0.043014124035835266 0.07684093713760376
v 0.17378145456314087 -0.04756823182106018 0.0560147650539875
v 0.1886768341064453 -0.027463573962450027 0.06350518763065338
v 0.10293087363243103 -0.0709109902381897 0.017915096133947372
v 0.12353743612766266 -0.062093719840049744 0.03832195699214935
v 0.0893307775259018 -0.07409754395484924 0.003210145980119705
v 0.09040003269910812 -0.07474100589752197 -0.0016470998525619507
v 0.08233091235160828 -0.07421036809682846 -0.011601224541664124
v 0.06957899779081345 -0.06862327456474304 -0.02499755471944809
v 0.06015687435865402 -0.06351581960916519 -0.028975144028663635
v 0.056167252361774445 -0.062076911330223083 -0.027644094079732895
v 0.06551025062799454 -0.049728646874427795 -0.025762289762496948
v 0.10815026611089706 -0.028734317049384117 -0.042746372520923615
v 0.13554364442825317 -0.0009034350514411926 -0.04646683484315872
v 0.05642227828502655 -0.05678098648786545 -0.019755136221647263
v 0.05216793715953827 -0.059306442737579346 -0.024716705083847046
v 0.5748568773269653 -0.11336086690425873 -0.21047067642211914
v 0.5783536434173584 -0.11335637420415878 -0.21448680758476257
v 0.5791274309158325 -0.11093519628047943 -0.1968059241771698
v 0.5792596340179443 -0.10279637575149536 -0.1927182674407959
v 0.5767504572868347 -0.11038513481616974 -0.17894285917282104
v 0.5799084305763245 -0.11156736314296722 -0.18974986672401428
v 0.5776455402374268 -0.1162213385105133 -0.18416738510131836
v 0.5798740386962891 -0.10730060935020447 -0.20062363147735596
v 0.6434804797172546 -0.2453237622976303 0.11471995711326599
v 0.6555365920066833 -0.2860218286514282 0.1390245109796524
v 0.6484559178352356 -0.2844751477241516 0.12040817737579346
v 0.6636574864387512 -0.268914133310318 0.1388041377067566
v 0.6328461170196533 -0.28557145595550537 0.12017609179019928
v 0.6180926561355591 -0.2910841703414917 0.1304900050163269
v 0.05701198801398277 -0.05395323783159256 0.2071954905986786
v 0.027994677424430847 -0.006506509613245726 0.19104689359664917
v 0.03287573903799057 -0.024668846279382706 0.1934748888015747
v 0.11342646926641464 -0.10067453235387802 0.23251661658287048
v 0.115098737180233 -0.12715360522270203 0.2790202796459198
v 0.11795934289693832 -0.11020056903362274 0.2695049047470093
v 0.05856376886367798 -0.06559936702251434 0.20388713479042053
v 0.053753893822431564 -0.07532443851232529 0.1940736323595047
v 0.03658408671617508 -0.07800108939409256 0.1742771565914154
v 0.02219410613179207 -0.08071345090866089 0.1489333063364029
v 0.054098621010780334 -0.09991852939128876 0.11625713855028152
v 0.017715800553560257 -0.09006224572658539 0.12352550029754639
v 0.022997058928012848 -0.09501061588525772 0.11514326930046082
v 0.05738598853349686 -0.1001003235578537 0.10226517915725708
v 0.07236038148403168 -0.09926623106002808 0.09654800593852997
v 0.10597629100084305 -0.0931970477104187 0.07607602328062057
v 0.0872659832239151 -0.09687883406877518 0.08582158386707306
v 0.11465819180011749 -0.08834715932607651 0.06887510418891907
v 0.12851327657699585 -0.07893270254135132 0.06296936422586441
v 0.15882600843906403 -0.04522779583930969 0.04910922423005104
v 0.14557236433029175 -0.06480103731155396 0.06608428806066513
v 0.1552378386259079 -0.047456610947847366 0.0690728947520256
v 0.17772620916366577 -0.03285165876150131 0.07689964771270752
v 0.18903526663780212 -0.008744746446609497 0.07418818026781082
v 0.179355651140213 -0.02915864810347557 0.051601625978946686
v 0.19329899549484253 -0.017052583396434784 0.0593026764690876
v 0.08777529746294022 -0.07011003792285919 0.011780306696891785
v 0.10314732789993286 -0.06738647818565369 0.027246516197919846
v 0.13120223581790924 -0.05328214913606644 0.044678982347249985
v 0.08125004917383194 -0.07413891702890396 -0.007414471358060837
v 0.08198142051696777 -0.07197771221399307 -0.0025805681943893433
v 0.0748201534152031 -0.07262155413627625 -0.016945689916610718
v 0.06392070651054382 -0.06645999848842621 -0.027314618229866028
v 0.04910897836089134 -0.05999694764614105 -0.027626406401395798
v 0.05201230198144913 -0.062344856560230255 -0.030211739242076874
v 0.06038801372051239 -0.05607571452856064 -0.01973949372768402
v 0.08880124241113663 -0.03730490058660507 -0.03612536936998367
v 0.0493997260928154 -0.058388061821460724 -0.020991593599319458
v 0.044779110699892044 -0.05867180973291397 -0.025219254195690155
v 0.5798683166503906 -0.10851584374904633 -0.2092864215373993
v 0.5778519511222839 -0.10991747677326202 -0.20263627171516418
v 0.5798507928848267 -0.10904698073863983 -0.1900562345981598
v 0.5798119902610779 -0.11035847663879395 -0.19473648071289062
v 0.6307112574577332 -0.28589046001434326 0.14394140243530273
v 0.6388582587242126 -0.2892555594444275 0.13229766488075256
v 0.639214813709259 -0.2956414818763733 0.11981874704360962
v 0.6081985235214233 -0.2961021363735199 0.13591788709163666
v 0.6266114115715027 -0.29708173871040344 0.1182536855340004
v 0.03642420098185539 -0.04494156688451767 0.1970020979642868
v 0.009002495557069778 -0.005687287077307701 0.18406598269939423
v 0.014491870999336243 -0.02330995723605156 0.18739044666290283
v 0.10355591773986816 -0.11096881330013275 0.2530371844768524
v 0.11317604780197144 -0.12883830070495605 0.2832348346710205
v 0.04226021096110344 -0.0607832595705986 0.19800107181072235
v 0.030579786747694016 -0.07102496176958084 0.18671320378780365
v 0.013963785022497177 -0.07525777071714401 0.1673814356327057
v 0.00994691252708435 -0.079679474234581 0.13500076532363892
v 0.039536770433187485 -0.09923632442951202 0.11008147895336151
v 0.010144874453544617 -0.0927896797657013 0.1041712760925293
v 0.005337212234735489 -0.08816997706890106 0.11531548202037811
v 0.041562750935554504 -0.09673690050840378 0.09468280524015427
v 0.0657239705324173 -0.09391216933727264 0.08267626166343689
v 0.08929938822984695 -0.0897817611694336 0.07273867726325989
v 0.14638084173202515 -0.03613181412220001 0.045347634702920914
v 0.1264602392911911 -0.06270936876535416 0.057216107845306396
v 0.14836713671684265 -0.03549622744321823 0.061367448419332504
v 0.16652493178844452 -0.025221645832061768 0.07058314979076385
v 0.180315300822258 -0.0026574432849884033 0.07500748336315155
v 0.19516968727111816 0.0021280215587466955 0.07856252789497375
v 0.17496126890182495 -0.024968061596155167 0.04578673467040062
v 0.16631171107292175 -0.028608571738004684 0.04591360315680504
v 0.08810076117515564 -0.06369071453809738 0.0209231935441494
v 0.07961729168891907 -0.06801901012659073 0.004716787487268448
v 0.10367913544178009 -0.06090329587459564 0.036776699125766754
v 0.07538387179374695 -0.06978338956832886 -0.0063958801329135895
v 0.07385290414094925 -0.07199792563915253 -0.012401577085256577
v 0.06604097783565521 -0.06990706920623779 -0.023360736668109894
v 0.05693472549319267 -0.06714701652526855 -0.02956007421016693
v 0.04081357270479202 -0.05779378116130829 -0.031880706548690796
v 0.04551094025373459 -0.06232170760631561 -0.034342147409915924
v 0.0484544038772583 -0.05895382910966873 -0.016694631427526474
v 0.07653407752513885 -0.04864540696144104 -0.032542675733566284
v 0.08910515904426575 -0.008644855581223965 -0.03868105262517929
v 0.040895141661167145 -0.058093324303627014 -0.020297665148973465
v 0.03807009756565094 -0.056646741926670074 -0.026432165876030922
v 0.580242931842804 -0.11299347877502441 -0.18767961859703064
v 0.634095311164856 -0.28294143080711365 0.14582934975624084
v 0.6217999458312988 -0.2852151691913605 0.13797907531261444
v 0.6239879727363586 -0.2943771183490753 0.12029153108596802
v 0.6229346990585327 -0.30083519220352173 0.11418258398771286
v 0.5952703952789307 -0.31731244921684265 0.11541644483804703
v 0.017067857086658478 -0.03886374086141586 0.18979108333587646
v -0.006343338638544083 -0.004307848401367664 0.1756429821252823
v 0.0005263648927211761 -0.018938511610031128 0.1790846735239029
v 0.02404487505555153 -0.054674431681632996 0.19061240553855896
v 0.01144755631685257 -0.05965118482708931 0.17999589443206787
v 0.0042546093463897705 -0.07098676264286041 0.148819237947464
v 0.001338675618171692 -0.08141887933015823 0.12311164289712906
v 0.023764319717884064 -0.09699539095163345 0.10106115788221359
v -0.003318801522254944 -0.08694810420274734 0.10016443580389023
v 0.00047703832387924194 -0.09008423984050751 0.0962095856666565
v 0.049171943217515945 -0.08955273032188416 0.08219124376773834
v 0.023395493626594543 -0.0920025035738945 0.08928513526916504
v 0.10433128476142883 -0.07752284407615662 0.06084217503666878
v 0.07433925569057465 -0.07768724858760834 0.0679357722401619
v 0.10955297946929932 -0.04980034753680229 0.04486463963985443
v 0.1281076967716217 -0.03677111491560936 0.04565732553601265
v 0.16160210967063904 -0.012982279062271118 0.06341174244880676
v 0.17211376130580902 -0.003163108602166176 0.06893313676118851
v 0.1844748705625534 0.013651609420776367 0.0824718102812767
v 0.18203583359718323 -0.0021711066365242004 0.047796133905649185
v 0.16026440262794495 -0.013771554455161095 0.03444479778409004
v 0.1493665874004364 -0.028008952736854553 0.03927398845553398
v 0.07775904983282089 -0.06262007355690002 0.012235749512910843
v 0.08576598018407822 -0.060721445828676224 0.02145250514149666
v 0.11080489307641983 -0.050593629479408264 0.040842872112989426
v 0.06704862415790558 -0.06762120127677917 -0.010197233408689499
v 0.06456276029348373 -0.07004102319478989 -0.019677359610795975
v 0.05774543434381485 -0.0688248723745346 -0.026651840656995773
v 0.04953012987971306 -0.06566308438777924 -0.032065585255622864
v 0.04212251305580139 -0.061258308589458466 -0.037195123732089996
v 0.0347188375890255 -0.05574105679988861 -0.0392003059387207
v 0.05616093426942825 -0.05543416738510132 -0.022803330793976784
v 0.03967827185988426 -0.059012170881032944 -0.013086970895528793
v 0.07002286612987518 -0.04572051763534546 -0.025927329435944557
v 0.033424366265535355 -0.05646541342139244 -0.021153459325432777
v 0.03188813477754593 -0.05322171747684479 -0.03123805858194828
v 0.6100552082061768 -0.28537964820861816 0.14074011147022247
v 0.5935348272323608 -0.28744614124298096 0.1211232841014862
v 0.548764169216156 -0.32073676586151123 0.12705986201763153
v 0.6077460646629333 -0.3035055100917816 0.11074282228946686
v 0.571068525314331 -0.3118961453437805 0.09404453635215759
v 0.0005645006895065308 -0.034709639847278595 0.1798083782196045
v -0.016636665910482407 -0.0011416422203183174 0.16836264729499817
v -0.016426533460617065 -0.02146960236132145 0.16864849627017975
v 0.009624127298593521 -0.04730702564120293 0.18403109908103943
v -0.0015596263110637665 -0.060732707381248474 0.16121350228786469
v -0.0047011785209178925 -0.06935165077447891 0.13116689026355743
v -0.008551046252250671 -0.08005842566490173 0.1091768890619278
v 0.00980893149971962 -0.0938027948141098 0.09498534351587296
v -0.007293596863746643 -0.087240070104599 0.09252793341875076
v -0.0030081290751695633 -0.09016355127096176 0.08908482640981674
v 0.01423688419163227 -0.08765819668769836 0.08082611858844757
v 0.0319269597530365 -0.08306384831666946 0.07488156855106354
v 0.09533129632472992 -0.06504859030246735 0.053421005606651306
v 0.04866404086351395 -0.07462657243013382 0.06332861632108688
v 0.09128501266241074 -0.04861203581094742 0.03798516094684601
v 0.10969924926757812 -0.033262815326452255 0.0342017337679863
v 0.15080973505973816 -0.013907521963119507 0.053902581334114075
v 0.16798453032970428 0.0034801773726940155 0.06454551219940186
v 0.17946629226207733 0.011889271438121796 0.07467567920684814
v 0.14600726962089539 -0.0032266415655612946 0.02497796341776848
v 0.12773297727108002 -0.02338077314198017 0.023595556616783142
v 0.07104805111885071 -0.06493915617465973 0.002268180251121521
v 0.09188948571681976 -0.058854665607213974 0.02867155149579048
v 0.11479590833187103 -0.03963765501976013 0.036403100937604904
v 0.097627192735672 -0.05133053660392761 0.0292479507625103
v 0.06675832718610764 -0.06532112509012222 -0.00577830895781517
v 0.06413894891738892 -0.06654613465070724 -0.011695653200149536
v 0.059559550136327744 -0.0680074393749237 -0.01825740560889244
v 0.05472221225500107 -0.06689974665641785 -0.026754986494779587
v 0.0321028009057045 -0.06135118007659912 -0.036714330315589905
v 0.027567148208618164 -0.056237004697322845 -0.03798896446824074
v 0.04313478246331215 -0.05807482823729515 -0.007561512291431427
v 0.03409139811992645 -0.059221409261226654 -0.012594178318977356
v 0.056876689195632935 -0.05470195412635803 -0.009917361661791801
v 0.031498052179813385 -0.052879586815834045 -0.02261091023683548
v 0.02780774049460888 -0.05054415017366409 -0.03575946390628815
v 0.5758584141731262 -0.3120804727077484 0.12608075141906738
v 0.5736576914787292 -0.3037364184856415 0.11674206703901291
v 0.5856366753578186 -0.3250580430030823 0.11489744484424591
v 0.5846792459487915 -0.3294844627380371 0.10726496577262878
v -0.011414185166358948 -0.03670535609126091 0.16788311302661896
v -0.028320666402578354 -0.006698066368699074 0.15841905772686005
v -0.028397561982274055 -0.021517695859074593 0.15360160171985626
v -0.0030269287526607513 -0.04846104234457016 0.17238979041576385
v -0.008708439767360687 -0.05777527019381523 0.14287540316581726
v -0.011738579720258713 -0.06908616423606873 0.11771266162395477
v -0.015219807624816895 -0.08024527877569199 0.09381832927465439
v 0.005554946139454842 -0.0909775048494339 0.08577123284339905
v -0.014138368889689445 -0.08609423041343689 0.08446802198886871
v -0.008530257269740105 -0.0894005224108696 0.08373644202947617
v 0.010690029710531235 -0.08396731317043304 0.0735446959733963
v 0.02579730935394764 -0.07870792597532272 0.06429924070835114
v 0.07084151357412338 -0.062213167548179626 0.04905087500810623
v 0.043422337621450424 -0.07129319757223129 0.050544485449790955
v 0.07588154077529907 -0.05203744396567345 0.031827352941036224
v 0.08718438446521759 -0.03701663389801979 0.021942852064967155
v 0.12582668662071228 -0.0157746784389019 0.03424033150076866
v 0.16022196412086487 0.005480539985001087 0.05658567696809769
v 0.17396479845046997 0.014855819754302502 0.0690840631723404
v 0.1025201752781868 -0.040112946182489395 0.02488620951771736
v 0.07550256699323654 -0.06300266087055206 0.008001364767551422
v 0.08031076937913895 -0.059628598392009735 0.01422533392906189
v 0.0990619882941246 -0.04833891987800598 0.023162592202425003
v 0.07000947743654251 -0.0638635978102684 -0.0009149163961410522
v 0.06484927237033844 -0.0644700899720192 -0.008044309914112091
v 0.06380540877580643 -0.06574783474206924 -0.012319892644882202
v 0.05817189812660217 -0.06863968074321747 -0.018212277442216873
v 0.05448135361075401 -0.0670764371752739 -0.02491418644785881
v 0.04340578243136406 -0.06416149437427521 -0.03418249636888504
v 0.025358688086271286 -0.0649711936712265 -0.03573796898126602
v 0.02501310035586357 -0.05649394169449806 -0.03697309270501137
v 0.04124288260936737 -0.060475707054138184 -0.0055750831961631775
v 0.0371256098151207 -0.05664081498980522 -0.013910887762904167
v 0.04922972247004509 -0.059287991374731064 -0.0035213809460401535
v 0.06966902315616608 -0.05307184159755707 -0.008478200063109398
v 0.08758412301540375 -0.038398608565330505 -0.015077205374836922
v 0.03113190084695816 -0.05070183798670769 -0.027481235563755035
v 0.026106078177690506 -0.05382397770881653 -0.03503584861755371
v 0.5768778324127197 -0.3321335017681122 0.11654942482709885
v 0.5773746371269226 -0.32516199350357056 0.11910540610551834
v 0.5969375967979431 -0.3490608036518097 0.12175575643777847
v 0.5908833742141724 -0.35010984539985657 0.10952474921941757
v -0.02243533916771412 -0.034662388265132904 0.15505485236644745
v -0.013307467103004456 -0.04662670940160751 0.15716440975666046
v -0.016688097268342972 -0.057779211550951004 0.12475395947694778
v -0.01992400735616684 -0.06919173896312714 0.10275902599096298
v -0.026037368923425674 -0.07731989026069641 0.08150753378868103
v 0.0001862943172454834 -0.08805486559867859 0.07756920158863068
v -0.02269044518470764 -0.0850922092795372 0.07717840373516083
v -0.016153931617736816 -0.08710957318544388 0.07307632267475128
v 0.004064170643687248 -0.08183009922504425 0.06334249675273895
v 0.018962770700454712 -0.077457495033741 0.048894669860601425
v 0.05855254828929901 -0.06207670643925667 0.033718980848789215
v 0.03923533484339714 -0.06932166963815689 0.034354597330093384
v 0.0661185011267662 -0.05070469155907631 0.01847575604915619
v 0.06960032880306244 -0.037436503916978836 0.005140393041074276
v 0.10325144231319427 -0.017329435795545578 0.020110677927732468
v 0.14064596593379974 -0.0003702612593770027 0.0390709787607193
v 0.11156802624464035 -0.021613776683807373 0.00396176241338253
v 0.08140973746776581 -0.0608992725610733 0.019460830837488174
v 0.07319535315036774 -0.06335604190826416 0.002698741853237152
v 0.0869012176990509 -0.05866245925426483 0.019552331417798996
v 0.09970389306545258 -0.03953675925731659 0.0014174394309520721
v 0.06670163571834564 -0.06327089667320251 -0.004557613283395767
v 0.06218598410487175 -0.06297340989112854 -0.010215193033218384
v 0.049892909824848175 -0.06319613754749298 -0.02238386869430542
v 0.03953288495540619 -0.06496155261993408 -0.02758726105093956
v 0.04094024375081062 -0.06681251525878906 -0.030252370983362198
v 0.030185678973793983 -0.06497634947299957 -0.03363504260778427
v 0.02715698629617691 -0.0717577338218689 -0.032984860241413116
v 0.02455943450331688 -0.06245982646942139 -0.034622952342033386
v 0.0354745015501976 -0.05207991972565651 -0.02070254646241665
v 0.044687338173389435 -0.059757743030786514 -0.008017772808670998
v 0.05438261851668358 -0.05971965938806534 -0.004503544420003891
v 0.08598759770393372 -0.05171022564172745 -0.0012304466217756271
v 0.06630874425172806 -0.06054700165987015 -0.000499822199344635
v 0.028948601335287094 -0.05236347019672394 -0.032641664147377014
v 0.024336881935596466 -0.05724475160241127 -0.03432038798928261
v 0.6044663786888123 -0.34549015760421753 0.1068589836359024
v 0.591599702835083 -0.3396051526069641 0.12048064172267914
v 0.6195634603500366 -0.36238735914230347 0.11463168263435364
v 0.6183416247367859 -0.36634618043899536 0.0869152843952179
v -0.03550032153725624 -0.009229601360857487 0.1445426493883133
v -0.020920641720294952 -0.044389717280864716 0.13965894281864166
v -0.023466413840651512 -0.058185137808322906 0.10824651271104813
v -0.028530098497867584 -0.06876233220100403 0.08904656767845154
v -0.03162091597914696 -0.07572907209396362 0.07094363868236542
v -0.005753206089138985 -0.08528529852628708 0.06984648108482361
v -0.029416948556900024 -0.08382003754377365 0.06563770771026611
v -0.025094103068113327 -0.08382288366556168 0.06499913334846497
v 0.00040693022310733795 -0.07879588007926941 0.03391387313604355
v -0.005584405735135078 -0.0805203840136528 0.05197001248598099
v 0.04884401336312294 -0.06188620999455452 0.019258543848991394
v 0.0255625881254673 -0.07122242450714111 0.020178645849227905
v 0.05259793624281883 -0.05264635384082794 0.005435499362647533
v 0.05524236708879471 -0.04152124002575874 -0.006129715591669083
v 0.08124364167451859 -0.02155870385468006 0.004849444609135389
v 0.11549477279186249 0.00016241520643234253 0.018514562398195267
v 0.0744859129190445 -0.0637485533952713 0.007737193256616592
v 0.06963232904672623 -0.06342653930187225 -0.00018513575196266174
v 0.07264290750026703 -0.06442315876483917 0.011005118489265442
v 0.09950035065412521 -0.007814737036824226 -0.0223347470164299
v 0.06358176469802856 -0.06250081956386566 -0.0056299567222595215
v 0.053944800049066544 -0.06380686908960342 -0.016495168209075928
v 0.03369118645787239 -0.06843054294586182 -0.02689800038933754
v 0.03719671443104744 -0.061635810881853104 -0.028789909556508064
v 0.03586135804653168 -0.07091734558343887 -0.02435404621064663
v 0.052087701857089996 -0.0637989342212677 -0.02129644900560379
v 0.028929300606250763 -0.07152282446622849 -0.033465929329395294
v 0.02827606350183487 -0.07738962769508362 -0.03248462826013565
v 0.030787542462348938 -0.07501637190580368 -0.0309961698949337
v 0.028959516435861588 -0.06851984560489655 -0.03232528269290924
v 0.032222092151641846 -0.05276665836572647 -0.02760135568678379
v 0.04005954787135124 -0.0546787828207016 -0.01480480283498764
v 0.051779989153146744 -0.05903373658657074 -0.009471431374549866
v 0.057732634246349335 -0.0629836842417717 -0.0028456375002861023
v 0.02639397233724594 -0.05459810793399811 -0.03121856041252613
v 0.027061481028795242 -0.060696080327034 -0.03267209604382515
v 0.6233090758323669 -0.34331998229026794 0.10405205190181732
v 0.6169689893722534 -0.34127405285835266 0.14456510543823242
v 0.6397981643676758 -0.3474832773208618 0.0967516303062439
v 0.6436262130737305 -0.3601500689983368 0.1081380844116211
v -0.04201842471957207 -0.010767169296741486 0.12442575395107269
v -0.048556555062532425 0.0 0.10730063170194626
v -0.03475329279899597 -0.02991461381316185 0.13715800642967224
v -0.031286127865314484 -0.04248368367552757 0.11745801568031311
v -0.029366126284003258 -0.06026173382997513 0.09544882923364639
v -0.03575941175222397 -0.06446627527475357 0.07648859918117523
v -0.039765216410160065 -0.07447417080402374 0.06319362670183182
v -0.00993860512971878 -0.08263714611530304 0.061312008649110794
v -0.03582551330327988 -0.08218808472156525 0.058690525591373444
v -0.03671857714653015 -0.08054256439208984 0.05586560443043709
v -0.020252423360943794 -0.07975628226995468 0.04117600992321968
v -0.01402398943901062 -0.07999849319458008 0.025116682052612305
v 0.03947222977876663 -0.06093624234199524 0.005899551324546337
v 0.0012450525537133217 -0.07723424583673477 0.013582061044871807
v 0.04143345355987549 -0.05368634685873985 -0.00681604677811265
v 0.04794866591691971 -0.0369257889688015 -0.019040750339627266
v 0.06417294591665268 -0.025338228791952133 -0.01031648088246584
v 0.09262097626924515 -0.0010376032441854477 -0.0010189828462898731
v 0.06744959205389023 -0.06410126388072968 0.000952593982219696
v 0.06410253047943115 -0.06484739482402802 0.0012217573821544647
v 0.057902026921510696 -0.062414586544036865 -0.009787946939468384
v 0.04180699586868286 -0.061851635575294495 -0.025834545493125916
v 0.03561623394489288 -0.08375769853591919 -0.019143396988511086
v 0.0324464812874794 -0.06919316947460175 -0.03152681142091751
v 0.0320889949798584 -0.08187798410654068 -0.02592211216688156
v 0.045705653727054596 -0.08644047379493713 -0.012879867106676102
v 0.07397865504026413 -0.08867605030536652 -0.014769144356250763
v 0.04860064387321472 -0.07542623579502106 -0.0327555388212204
v 0.04974126070737839 -0.08605563640594482 -0.03342798724770546
v 0.03895574063062668 -0.08756355196237564 -0.03143806755542755
v 0.029987335205078125 -0.08087898790836334 -0.02960723079741001
v 0.03203007951378822 -0.06328638643026352 -0.031224366277456284
v 0.03053048439323902 -0.05469685047864914 -0.027632426470518112
v 0.036575738340616226 -0.0523880235850811 -0.021450228989124298
v 0.044726792722940445 -0.05512738972902298 -0.014349227771162987
v 0.05739595741033554 -0.06270025670528412 -0.005762916058301926
v 0.030343137681484222 -0.05681144446134567 -0.028786808252334595
v 0.03369225934147835 -0.06048595905303955 -0.027800777927041054
v 0.622681200504303 -0.32603031396865845 0.08825995028018951
v 0.6396564841270447 -0.34964677691459656 0.12156745791435242
v 0.6646774411201477 -0.3324853777885437 0.11099494993686676
v 0.6545664072036743 -0.34762489795684814 0.10731565952301025
v -0.043244633823633194 -0.013367932289838791 0.10263241827487946
v -0.0389506034553051 -0.025323599576950073 0.11698223650455475
v -0.03467828035354614 -0.047933414578437805 0.09669017791748047
v -0.0384872667491436 -0.05494753643870354 0.0830494612455368
v -0.042129695415496826 -0.0638047456741333 0.06438897550106049
v -0.04424455389380455 -0.07881487905979156 0.05750332027673721
v -0.02669455297291279 -0.08048833161592484 0.05471159890294075
v -0.04963648319244385 -0.07858235388994217 0.051387086510658264
v -0.04329630732536316 -0.0792982429265976 0.04863746836781502
v -0.03363564610481262 -0.08170852065086365 0.02488069236278534
v -0.02209501713514328 -0.08049675822257996 0.007538824342191219
v 0.022424500435590744 -0.06819859147071838 -0.0036162352189421654
v -0.007871715351939201 -0.07456771284341812 -0.010133357718586922
v 0.028478043153882027 -0.05214851349592209 -0.023597918450832367
v 0.03278196603059769 -0.031420785933732986 -0.035734668374061584
v 0.05329464375972748 -0.019794531166553497 -0.026565279811620712
v 0.07043401896953583 -0.010209166444838047 -0.014176959171891212
v 0.1006709486246109 0.0 0.006547188851982355
v 0.0614815391600132 -0.06253308057785034 -0.005323238670825958
v 0.054644450545310974 -0.061851248145103455 -0.0100754015147686
v 0.04651632532477379 -0.06229213625192642 -0.01755864918231964
v 0.03435084596276283 -0.09551390260457993 -0.024348121136426926
v 0.038748420774936676 -0.09997512400150299 -0.013030974194407463
v 0.08855076879262924 -0.11229342222213745 -0.00287666916847229
v 0.06957769393920898 -0.11593607813119888 -0.003354255110025406
v 0.07614096254110336 -0.09233193844556808 -0.018534637987613678
v 0.06964685767889023 -0.10014629364013672 -0.030019152909517288
v 0.054553914815187454 -0.10587223619222641 -0.029402239248156548
v 0.032516155391931534 -0.09134393185377121 -0.029704326763749123
v 0.03530466556549072 -0.054119788110256195 -0.02468193508684635
v 0.041337382048368454 -0.053515829145908356 -0.01957363449037075
v 0.05021624639630318 -0.05729804188013077 -0.012466296553611755
v 0.037017837166786194 -0.0570095032453537 -0.023160578683018684
v 0.653348445892334 -0.3294166028499603 0.1037338525056839
v 0.6566053628921509 -0.3453935980796814 0.12126389145851135
v 0.6725937128067017 -0.3407508134841919 0.1175893098115921
v 0.682634174823761 -0.33772367238998413 0.12487827241420746
v -0.045234180986881256 -0.0018419530242681503 0.08693283796310425
v -0.037431228905916214 -0.03116193599998951 0.09898760169744492
v -0.04164939001202583 -0.0379229374229908 0.0836840495467186
v -0.04328081011772156 -0.046435240656137466 0.07126449048519135
v -0.051593098789453506 -0.06919943541288376 0.060693539679050446
v -0.05909820646047592 -0.07495022565126419 0.054398562759160995
v -0.04136877506971359 -0.07937432080507278 0.03751792758703232
v -0.06744854152202606 -0.07601351290941238 0.04558859020471573
v -0.06031376123428345 -0.07891332358121872 0.03835523873567581
v -0.04282747581601143 -0.08256259560585022 0.003622571239247918
v -0.019255010411143303 -0.07546398788690567 -0.007513436488807201
v 0.0029958561062812805 -0.06216741353273392 -0.028400905430316925
v -0.0037755947560071945 -0.06392312049865723 -0.016339899972081184
v 0.012811495922505856 -0.021836044266819954 -0.053597573190927505
v 0.01029761228710413 -0.04276927188038826 -0.04189876466989517
v 0.03596171364188194 -0.013212058693170547 -0.044476427137851715
v 0.05432041734457016 -0.005379932001233101 -0.03165382146835327
v 0.06884044408798218 0.0 -0.016823939979076385
v 0.04596598446369171 -0.05736275762319565 -0.01568775065243244
v 0.04507441818714142 -0.11251447349786758 -0.016479888930916786
v 0.05465655401349068 -0.11498331278562546 -0.007041042670607567
v 0.09936347603797913 -0.1123763918876648 -0.011931300163269043
v 0.09281025826931 -0.13183800876140594 0.0016591772437095642
v 0.11588475108146667 -0.1378745287656784 -0.0009222365915775299
v 0.10030321031808853 -0.11836010962724686 -0.018617872148752213
v 0.08241733908653259 -0.12384738773107529 -0.025744210928678513
v 0.04313037917017937 -0.11039211601018906 -0.023669570684432983
v 0.042938824743032455 -0.10474739968776703 -0.026493467390537262
v 0.6724971532821655 -0.31612157821655273 0.11701162159442902
v 0.6741366386413574 -0.3260955810546875 0.10946004092693329
v -0.04980786517262459 -0.002031024545431137 0.0771646499633789
v -0.041737549006938934 -0.0202402975410223 0.08453105390071869
v -0.0444011390209198 -0.03252699226140976 0.0712735578417778
v -0.0508914515376091 -0.05198109522461891 0.06323446333408356
v -0.06653106957674026 -0.07219588756561279 0.05694849044084549
v -0.0750095546245575 -0.07310083508491516 0.05158251151442528
v -0.06135359779000282 -0.08008818328380585 0.025997433811426163
v -0.07892686128616333 -0.07755555957555771 0.03328198567032814
v -0.07872139662504196 -0.08065884560346603 0.022510502487421036
v -0.05419691652059555 -0.08177976310253143 0.01786975748836994
v -0.017232336103916168 -0.06984521448612213 -0.01714479736983776
v -0.03975154459476471 -0.07749473303556442 -0.007354965433478355
v 0.004357011057436466 -0.04916474223136902 -0.03016752190887928
v 3.036297857761383e-05 -0.0567733496427536 -0.013513493351638317
v 0.017167089506983757 -0.011984465643763542 -0.05654677003622055
v -0.005925735458731651 -0.0345885343849659 -0.05604787915945053
v -0.011694975197315216 -0.02007126621901989 -0.06619498133659363
v 0.04138531535863876 0.0004898170009255409 -0.046892788261175156
v 0.04922151565551758 0.0 -0.03756707161664963
v 0.05723482742905617 -0.1271517127752304 -0.011444423347711563
v 0.07736667990684509 -0.13432134687900543 -0.0007559005171060562
v 0.11324519664049149 -0.1449814736843109 0.0016564726829528809
v 0.13196396827697754 -0.15239576995372772 -0.0009656697511672974
v 0.09380017220973969 -0.14505837857723236 -0.024756524711847305
v 0.11446165293455124 -0.14160630106925964 -0.020381096750497818
v 0.05839183181524277 -0.1269465684890747 -0.023173697292804718
v 0.05319654196500778 -0.12496792525053024 -0.017577718943357468
v 0.6810682415962219 -0.31324052810668945 0.1350199282169342
v 0.6880744695663452 -0.3126654624938965 0.10755990445613861
v 0.7062581181526184 -0.37778034806251526 0.12569308280944824
v 0.6814296245574951 -0.3303287625312805 0.11303426325321198
v -0.04408044368028641 -0.01439229492098093 0.07294140756130219
v -0.06501024961471558 -0.00017050979658961296 0.07677753269672394
v -0.05370236188173294 -0.028877440840005875 0.06680820882320404
v -0.04909151792526245 -0.03875700384378433 0.06765053421258926
v -0.06494548916816711 -0.06595927476882935 0.06252340972423553
v -0.07979217916727066 -0.07022467255592346 0.05630660802125931
v -0.08821853250265121 -0.07281075417995453 0.0528748445212841
v -0.0841650515794754 -0.07478944957256317 0.04157097637653351
v -0.07533503323793411 -0.08341997861862183 0.01171882264316082
v -0.0976925864815712 -0.08050879836082458 0.022130170837044716
v -0.0955258309841156 -0.08576486259698868 0.004340415354818106
v -0.06989356875419617 -0.0842692032456398 -0.0015493473038077354
v -0.02463211491703987 -0.07579422742128372 -0.03488431125879288
v -0.04496528208255768 -0.07659792900085449 -0.026918809860944748
v 0.009480008855462074 -0.03910094499588013 -0.017868898808956146
v -0.009010875597596169 -0.06454356759786606 -0.02772635407745838
v -0.002837776206433773 -0.007089845836162567 -0.06927167624235153
v 0.023648783564567566 -0.003019651398062706 -0.058418869972229004
v 0.016434041783213615 -0.021954677999019623 -0.03432504087686539
v 0.0018644188530743122 -0.013847211375832558 -0.06706354767084122
v 0.04194415360689163 0.0 -0.04956208914518356
v 0.06889256089925766 -0.13752658665180206 -0.0064993929117918015
v 0.09855520725250244 -0.14503683149814606 0.003345157951116562
v 0.12094242125749588 -0.1373605877161026 -0.01179271936416626
v 0.13657251000404358 -0.15176589787006378 -0.008009415119886398
v 0.1162341833114624 -0.13260109722614288 -0.0058911144733428955
v 0.08255751430988312 -0.15082477033138275 -0.020374532788991928
v 0.12810122966766357 -0.1572323888540268 -0.01784864440560341
v 0.11810237914323807 -0.1582055240869522 -0.02221870794892311
v 0.06965998560190201 -0.1452043354511261 -0.01509213075041771
v 0.6784809827804565 -0.3257529139518738 0.1197761744260788
v 0.679644763469696 -0.3128344714641571 0.10972975194454193
v 0.6929073929786682 -0.329673707485199 0.08873502910137177
v 0.6919580698013306 -0.3343121409416199 0.10875321924686432
v -0.05539151281118393 -0.011065100319683552 0.06811906397342682
v -0.08807989954948425 -0.003121504560112953 0.08475115895271301
v -0.06807257235050201 -0.041538819670677185 0.06843769550323486
v -0.06157457083463669 -0.04849725589156151 0.0631859302520752
v -0.0779067873954773 -0.0627489686012268 0.06041308864951134
v -0.09052734076976776 -0.07063035666942596 0.059319376945495605
v -0.10374687612056732 -0.07460831105709076 0.050483305007219315
v -0.09990860521793365 -0.0761641263961792 0.035452790558338165
v -0.08993151038885117 -0.08635669201612473 -0.005515861790627241
v -0.11807934939861298 -0.09052246809005737 -0.006140527315437794
v -0.11803390085697174 -0.08711718022823334 0.010980838909745216
v -0.0677068829536438 -0.08147555589675903 -0.01857343316078186
v -0.01523737795650959 -0.07479280978441238 -0.04649301618337631
v -0.007091959938406944 -0.06923820078372955 -0.04106450453400612
v -0.027262307703495026 -0.01073121465742588 -0.0837482213973999
v 0.013017876073718071 0.0038994234055280685 -0.07037939876317978
v 0.03544379770755768 0.0 -0.06334619969129562
v 0.021208111196756363 -0.023775886744260788 -0.04136260598897934
v 0.019698278978466988 -0.012494413182139397 -0.05818779021501541
v 0.0866178572177887 -0.1544385701417923 -0.005229819566011429
v 0.1084885448217392 -0.16177356243133545 -0.0004677698016166687
v 0.11965449154376984 -0.15421061217784882 0.0026124119758605957
v 0.13296452164649963 -0.15498092770576477 -0.012940976768732071
v 0.13431689143180847 -0.15673787891864777 0.0015346333384513855
v 0.14060986042022705 -0.15700770914554596 -0.003832399845123291
v 0.10672783106565475 -0.1616867035627365 -0.022301003336906433
v 0.13997887074947357 -0.16240809857845306 -0.01407303661108017
v 0.13348260521888733 -0.1655498594045639 -0.019651103764772415
v 0.0938868299126625 -0.16160446405410767 -0.01607111655175686
v 0.7001590728759766 -0.3218696415424347 0.11417362093925476
v 0.6968154311180115 -0.3215894401073456 0.1123851090669632
v 0.6998644471168518 -0.33222174644470215 0.1050862967967987
v 0.7035924792289734 -0.32746344804763794 0.1114761233329773
v -0.07877758145332336 -0.015566770918667316 0.07686789333820343
v -0.11847121268510818 -0.00920648779720068 0.09077329933643341
v -0.08810140937566757 -0.04611653834581375 0.07475282996892929
v -0.07893111556768417 -0.054646097123622894 0.06677877902984619
v -0.0887976884841919 -0.06596609950065613 0.06480289250612259
v -0.11129103600978851 -0.07757247984409332 0.059994421899318695
v -0.12528358399868011 -0.08309013396501541 0.04130854085087776
v -0.11942145228385925 -0.08392486721277237 0.028657976537942886
v -0.11224541068077087 -0.09027209132909775 -0.022702636197209358
v -0.14018025994300842 -0.09652920067310333 0.0014700684696435928
v -0.13816691935062408 -0.09824108332395554 -0.016286255791783333
v -0.07523424178361893 -0.08421081304550171 -0.04666651412844658
v -0.04429292306303978 -0.08391904830932617 -0.05519679933786392
v 0.01245491299778223 -0.03724698722362518 -0.03001217544078827
v -0.026236802339553833 -0.08039068430662155 -0.05755699425935745
v -0.015046458691358566 -0.07691777497529984 -0.05368154123425484
v -0.0034216183703392744 -0.0813337117433548 -0.06087420880794525
v 0.0015769675374031067 -0.05527348071336746 -0.024128541350364685
v 0.0038842186331748962 -0.058519117534160614 -0.041659653186798096
v -0.012630843557417393 -0.00034664198756217957 -0.0805680975317955
v -0.00608358159661293 -0.009063984267413616 -0.08265168219804764
v 0.008904574438929558 0.0 -0.07834739983081818
v 0.02296390011906624 -0.014652160927653313 -0.05398654192686081
v 0.019104434177279472 -0.002686247229576111 -0.06292134523391724
v 0.1091228723526001 -0.16950443387031555 -0.009724412113428116
v 0.12077401578426361 -0.1717858910560608 -0.0014811083674430847
v 0.12471547722816467 -0.16036106646060944 0.003775116056203842
v 0.14203739166259766 -0.15919525921344757 -0.00921948254108429
v 0.13737349212169647 -0.15907752513885498 0.004777070134878159
v 0.14351683855056763 -0.1595957726240158 0.001118157058954239
v 0.12701652944087982 -0.16901472210884094 -0.021567467600107193
v 0.11793290823698044 -0.1704479604959488 -0.019170604646205902
v 0.7217060327529907 -0.3367880582809448 0.11080178618431091
v 0.7156549692153931 -0.32080963253974915 0.11952744424343109
v 0.7312178611755371 -0.34094804525375366 0.09763269126415253
v 0.7201471328735352 -0.32157397270202637 0.11693519353866577
v -0.10936105251312256 -0.02195614017546177 0.08685958385467529
v -0.13861601054668427 -0.006282261107116938 0.09817285090684891
v -0.0705844834446907 -0.028025567531585693 0.0733221024274826
v -0.09871183335781097 -0.03550492972135544 0.0834701806306839
v -0.11359433829784393 -0.05738259106874466 0.08590514212846756
v -0.0992007628083229 -0.06293782591819763 0.07316581904888153
v -0.10399698466062546 -0.07399706542491913 0.0683826357126236
v -0.13284678757190704 -0.08378390222787857 0.0556434728205204
v -0.15243950486183167 -0.09628899395465851 0.021469242870807648
v -0.1431143432855606 -0.09579737484455109 0.01488557830452919
v -0.13418695330619812 -0.09644016623497009 -0.03642933443188667
v -0.16155266761779785 -0.10534563660621643 -0.009875327348709106
v -0.15799283981323242 -0.10518605262041092 -0.02567233331501484
v -0.09977874159812927 -0.08834138512611389 -0.05232623964548111
v -0.07786184549331665 -0.08868545293807983 -0.07498299330472946
v 0.018509767949581146 -0.029774311929941177 -0.04554566740989685
v -0.046493954956531525 -0.08614195883274078 -0.07188234478235245
v -0.0201113261282444 -0.07880214601755142 -0.06202536076307297
v -0.0103214206174016 -0.08704283833503723 -0.07245412468910217
v -0.0028171036392450333 -0.0968366339802742 -0.0800660252571106
v 0.009564373642206192 -0.07143452018499374 -0.061080560088157654
v -0.010717464610934258 0.0 -0.08553030341863632
v -0.031489625573158264 -0.005019737873226404 -0.09066500514745712
v 0.0012480169534683228 -0.004671523347496986 -0.07917804270982742
v 0.022093098610639572 -0.008721012622117996 -0.06678908318281174
v 0.016662288457155228 0.001797351986169815 -0.06993715465068817
v 0.12642541527748108 -0.17323347926139832 -0.01329333707690239
v 0.13031984865665436 -0.16627520322799683 0.0037943795323371887
v 0.1283935010433197 -0.1695789396762848 -0.001035105437040329
v 0.1470583975315094 -0.1610177457332611 -0.0046258047223091125
v 0.1469375044107437 -0.16309145092964172 -0.01087857410311699
v 0.14365455508232117 -0.1645069271326065 0.0024408921599388123
v 0.1494062840938568 -0.1616521030664444 0.0008305013179779053
v 0.14361372590065002 -0.16708366572856903 -0.01652323082089424
v 0.13749802112579346 -0.17124418914318085 -0.019449952989816666
v 0.13422788679599762 -0.1739957332611084 -0.01852548122406006
v 0.7454791069030762 -0.3364291191101074 0.11975525319576263
v 0.7497405409812927 -0.3507235050201416 0.09572824835777283
v 0.7510073184967041 -0.32746079564094543 0.09513452649116516
v 0.7481783032417297 -0.3057515025138855 0.12774619460105896
v -0.13613291084766388 -0.023621108382940292 0.09702113270759583
v -0.1269470900297165 -0.04278462007641792 0.09177402406930923
v -0.14674639701843262 -0.0744602382183075 0.09837748110294342
v -0.12357014417648315 -0.07339727878570557 0.08269865065813065
v -0.1280001401901245 -0.08197475224733353 0.06807348132133484
v -0.1562403291463852 -0.09116185456514359 0.03598196804523468
v -0.16928446292877197 -0.10181397944688797 0.011589176952838898
v -0.16574320197105408 -0.10535907745361328 0.0015990064712241292
v -0.15848059952259064 -0.09662406891584396 -0.05905100330710411
v -0.154262512922287 -0.10156144946813583 -0.038791097700595856
v -0.1836608648300171 -0.11003946512937546 -0.02066371962428093
v -0.18010467290878296 -0.10744200646877289 -0.03679833561182022
v -0.11911613494157791 -0.09176697582006454 -0.07034771144390106
v -0.09113176167011261 -0.08436448872089386 -0.09235475957393646
v 0.02592484839260578 -0.02829946205019951 -0.06339001655578613
v -0.022012433037161827 -0.08456186205148697 -0.07240263372659683
v -0.05112186074256897 -0.08636241406202316 -0.08622770756483078
v -0.003672650083899498 -0.09588931500911713 -0.08943714946508408
v -0.006967410445213318 -0.09656380861997604 -0.08827462792396545
v 0.007157059386372566 -0.0883503183722496 -0.07361967861652374
v 0.020468536764383316 -0.0496162585914135 -0.05877304449677467
v -0.0370873361825943 0.0 -0.0935145765542984
v -0.0182869341224432 -0.004121315199881792 -0.09252317994832993
v 0.006407827138900757 0.0033493954688310623 -0.07774198800325394
v 0.011607890948653221 0.008344744332134724 -0.0771636962890625
v 0.01900242269039154 -0.004094619303941727 -0.07706356793642044
v 0.13543593883514404 -0.17858567833900452 -0.007071197032928467
v 0.14071527123451233 -0.17185814678668976 -0.0008589848875999451
v 0.14062899351119995 -0.16878178715705872 0.0013959966599941254
v 0.148116797208786 -0.16459864377975464 -0.007426206022500992
v 0.14867500960826874 -0.1642208844423294 -0.0010449402034282684
v 0.15304596722126007 -0.1674186885356903 -0.0017781257629394531
v 0.1612781435251236 -0.16842228174209595 -0.00328097864985466
v 0.14556382596492767 -0.17484267055988312 -0.016085445880889893
v 0.1481488198041916 -0.16807474195957184 -0.012130431830883026
v 0.13743838667869568 -0.17716260254383087 -0.012940481305122375
v 0.7589344382286072 -0.35398054122924805 0.12794508039951324
v 0.7715482115745544 -0.3652125597000122 0.0982280969619751
v 0.7561760544776917 -0.2949100136756897 0.12754233181476593
v 0.7645593285560608 -0.31677401065826416 0.09278318285942078
v -0.15508383512496948 -0.019224394112825394 0.10548888891935349
v -0.17282791435718536 -0.0006262463284656405 0.09940766543149948
v -0.15786311030387878 -0.06560312211513519 0.10390631854534149
v -0.1656075417995453 -0.086812824010849 0.10337962210178375
v -0.15051785111427307 -0.08521619439125061 0.08542133122682571
v -0.1571350395679474 -0.08811194449663162 0.060816098004579544
v -0.17821276187896729 -0.09316332638263702 0.015583837404847145
v -0.17886455357074738 -0.1010880172252655 -0.05372043699026108
v -0.1583947241306305 -0.08433645963668823 -0.05308804661035538
v -0.18197493255138397 -0.10859972983598709 -0.007657923735678196
v -0.20503944158554077 -0.09830409288406372 -0.05945482850074768
v -0.20306850969791412 -0.10672508925199509 -0.045749347656965256
v -0.1245947927236557 -0.08233290910720825 -0.054581187665462494
v -0.10201168805360794 -0.0785774365067482 -0.06226347014307976
v 0.02818278595805168 -0.027734998613595963 -0.07566068321466446
v -0.021900631487369537 -0.08222098648548126 -0.08191359788179398
v -0.009725550189614296 -0.0867220088839531 -0.08623791486024857
v -0.004436717368662357 -0.090180404484272 -0.07666227221488953
v 0.006558626890182495 -0.09430889785289764 -0.08214740455150604
v -0.042068690061569214 -0.00010369392111897469 -0.10191510617733002
v -0.07053352147340775 0.0 -0.11059808731079102
v -0.026011323556303978 -0.0015370096080005169 -0.10115373134613037
v 0.007643643766641617 0.013396759517490864 -0.08517912775278091
v 0.012496398761868477 0.0004412829875946045 -0.08354741334915161
v 0.018793782219290733 -0.0126701220870018 -0.08945854008197784
v 0.14368700981140137 -0.17778022587299347 -0.004894554615020752
v 0.1494249403476715 -0.17091025412082672 0.0007178373634815216
v 0.15016993880271912 -0.17732231318950653 -0.002898871898651123
v 0.150046706199646 -0.1720656156539917 -0.011607110500335693
v 0.15392020344734192 -0.16938725113868713 -0.0004664026200771332
v 0.15232427418231964 -0.1711679995059967 -0.005728643387556076
v 0.15180009603500366 -0.16677120327949524 -0.0002596937119960785
v 0.16530179977416992 -0.17141740024089813 -0.007024876773357391
v 0.16373765468597412 -0.1688092052936554 -0.005818083882331848
v 0.14876879751682281 -0.17700578272342682 -0.01155700534582138
v 0.14376471936702728 -0.18002304434776306 -0.007746133953332901
v 0.7620100378990173 -0.4117383658885956 0.14600999653339386
v 0.7613491415977478 -0.3847559690475464 0.10533945262432098
v 0.7591217756271362 -0.324792742729187 0.07738728821277618
v 0.753110408782959 -0.33823153376579285 0.12491104006767273
v -0.1759166419506073 -0.02089867554605007 0.09834834188222885
v -0.16302186250686646 -0.04441205412149429 0.10724496841430664
v -0.1774464100599289 -0.0015171017730608582 0.08432699739933014
v -0.17080919444561005 -0.084541454911232 0.1050601601600647
v -0.1809837371110916 -0.08374235033988953 0.09250880777835846
v -0.16640400886535645 -0.08841827511787415 0.08335483074188232
v -0.18247823417186737 -0.08631723374128342 0.03121251054108143
v -0.19551965594291687 -0.08577325195074081 0.006671524606645107
v -0.19291278719902039 -0.09798790514469147 -0.005825161002576351
v -0.19884808361530304 -0.10682965815067291 -0.025818269699811935
v -0.16930846869945526 -0.07990331947803497 -0.05027781426906586
v -0.13874664902687073 -0.0708029717206955 -0.041220612823963165
v -0.1243695616722107 -0.07206793129444122 -0.043044112622737885
v -0.09760353714227676 -0.07288020849227905 -0.03885404393076897
v 0.022732209414243698 -0.031303856521844864 -0.08799386024475098
v 0.026374410837888718 -0.05063604936003685 -0.07196062803268433
v 0.005752243101596832 -0.0815894603729248 -0.09846235066652298
v -0.06242360547184944 -0.0693267211318016 -0.10297153890132904
v 0.017757927998900414 -0.07700842618942261 -0.07949905097484589
v 0.018163779750466347 -0.07370537519454956 -0.07170601189136505
v -0.0017108065076172352 -0.08759081363677979 -0.09596902877092361
v 0.003576742485165596 -0.09246693551540375 -0.08451000601053238
v -0.007392817176878452 -0.09126626700162888 -0.08261609077453613
v -0.001261059194803238 -0.08608506619930267 -0.08804833889007568
v -0.05500423163175583 0.003818810684606433 -0.11702558398246765
v -0.017288558185100555 0.011443943716585636 -0.10855983197689056
v 0.003554997965693474 0.015140747651457787 -0.09319774061441422
v 0.006544183939695358 0.007830249145627022 -0.08627807348966599
v 0.01144321821630001 -0.003797648474574089 -0.09060662984848022
v 0.011918896809220314 -0.012674111872911453 -0.0942545086145401
v 0.15337857604026794 -0.1811424195766449 -0.003954567015171051
v 0.15963195264339447 -0.18002453446388245 -0.004099588841199875
v 0.15857678651809692 -0.17542213201522827 -0.003106944262981415
v 0.14886149764060974 -0.1767207682132721 -0.008181281387805939
v 0.15616798400878906 -0.17530468106269836 -0.0035013221204280853
v 0.16189411282539368 -0.1749083548784256 -0.003904178738594055
v 0.15952005982398987 -0.1686716228723526 -0.0031317248940467834
v 0.1690477430820465 -0.17204764485359192 -0.006365325301885605
v 0.17022296786308289 -0.17317907512187958 -0.0065785422921180725
v 0.14927887916564941 -0.18168307840824127 -0.007267482578754425
v 0.15271669626235962 -0.18505652248859406 -0.004975009709596634
v 0.7601110935211182 -0.3883417248725891 0.10669927299022675
v 0.7692720890045166 -0.38647282123565674 0.11813624203205109
v 0.7697353959083557 -0.35502004623413086 0.10230293869972229
v 0.7675036191940308 -0.36063480377197266 0.1253535896539688
v -0.18647509813308716 -0.020524702966213226 0.06468386948108673
v -0.17996880412101746 -0.05049198120832443 0.10061658173799515
v -0.1736076921224594 -0.06917623430490494 0.10773281753063202
v -0.1844998598098755 -0.08136214315891266 0.10378463566303253
v -0.17679938673973083 -0.08564923703670502 0.11578570306301117
v -0.18482832610607147 -0.07452663779258728 0.11632592976093292
v -0.18830254673957825 -0.06861424446105957 0.06307249516248703
v -0.17820365726947784 -0.08201344311237335 0.06049175560474396
v -0.20577625930309296 -0.06749410927295685 -0.0010157620999962091
v -0.20997604727745056 -0.07410383969545364 -0.01461615040898323
v -0.21400226652622223 -0.08823233097791672 -0.03298365697264671
v -0.2170351892709732 -0.0969172865152359 -0.04798652604222298
v -0.22429613769054413 -0.09356261789798737 -0.06360643357038498
v -0.14291737973690033 -0.06913229823112488 -0.03791395202279091
v -0.17669549584388733 -0.07098414748907089 -0.05374202877283096
v -0.12548774480819702 -0.061545416712760925 -0.03807513788342476
v -0.1104239970445633 -0.06534330546855927 -0.02936258167028427
v -0.0955069437623024 -0.06261400878429413 -0.024436980485916138
v -0.08111845701932907 -0.06686065346002579 -0.03616026043891907
v -0.08437013626098633 -0.0694880485534668 -0.06286575645208359
v -0.09757672995328903 -0.07172849774360657 -0.09356710314750671
v 0.02451666072010994 -0.05213844031095505 -0.08053996413946152
v 0.015147935599088669 -0.027110829949378967 -0.09578418731689453
v -0.03292977809906006 -0.06588894873857498 -0.09551584720611572
v -8.198060095310211e-05 -0.05773472785949707 -0.09836111962795258
v 0.003630181308835745 -0.08760009706020355 -0.07933224737644196
v -0.016620591282844543 -0.05552754923701286 -0.09662190079689026
v -0.0810646191239357 -0.06809309124946594 -0.09869394451379776
v 0.014001166447997093 -0.07376965880393982 -0.08240179717540741
v -0.008456774987280369 -0.09506259858608246 -0.08302862197160721
v 0.00426874216645956 -0.083918496966362 -0.08022937923669815
v -0.007275969721376896 -0.08628438413143158 -0.08650103211402893
v -0.0027369242161512375 -0.08956853300333023 -0.07851842790842056
v 0.002041999250650406 -0.09353132545948029 -0.0772872120141983
v -0.05349816009402275 0.0075517985969781876 -0.12586581707000732
v -0.08804800361394882 0.0010738377459347248 -0.12145458161830902
v -0.00913827121257782 0.014909959398210049 -0.10988917201757431
v -0.0003351643681526184 0.0021902965381741524 -0.09584900736808777
v -0.005683302879333496 0.009186525829136372 -0.10240823775529861
v 0.006066258996725082 -0.006225535646080971 -0.09457682073116302
v 0.008476415649056435 -0.021369170397520065 -0.10201068222522736
v 0.15667696297168732 -0.18478134274482727 -0.002414453774690628
v 0.17330491542816162 -0.1865285485982895 -0.004406481981277466
v 0.1699654459953308 -0.18315893411636353 -0.0031450502574443817
v 0.15479516983032227 -0.1806611567735672 -0.00702933594584465
v 0.16442105174064636 -0.17882204055786133 -0.0025613978505134583
v 0.1672084927558899 -0.17606529593467712 -0.006300292909145355
v 0.1672448217868805 -0.17665451765060425 -0.004227437078952789
v 0.17429395020008087 -0.181741401553154 0.0023334547877311707
v 0.17278409004211426 -0.17998650670051575 7.226690649986267e-05
v 0.15455862879753113 -0.18502750992774963 -0.006361871957778931
v 0.15519623458385468 -0.18758143484592438 -0.00425386056303978
v 0.7916769981384277 -0.38225942850112915 0.11587589979171753
v 0.7800369262695312 -0.4049968421459198 0.11037476360797882
v 0.7937569618225098 -0.3672158420085907 0.12583474814891815
v 0.7666094899177551 -0.36604180932044983 0.10994601249694824
v -0.16921234130859375 -0.021846745163202286 0.04408516734838486
v -0.18836456537246704 -0.04860340431332588 0.08695894479751587
v -0.18808726966381073 -0.06657782942056656 0.10110307484865189
v -0.1890922635793686 -0.06226032227277756 0.08261682093143463
v -0.18814846873283386 -0.061531517654657364 0.043482705950737
v -0.19568981230258942 -0.06594423204660416 0.02507903054356575
v -0.20610064268112183 -0.058657605201005936 -0.011195363476872444
v -0.2087889462709427 -0.047007977962493896 -0.0061257025226950645
v -0.23092392086982727 -0.07584252953529358 -0.052471715956926346
v -0.2355077862739563 -0.079367995262146 -0.06382621079683304
v -0.14787063002586365 -0.06251351535320282 -0.047716010361909866
v -0.13135166466236115 -0.0625847727060318 -0.040177758783102036
v -0.11937078088521957 -0.06291443854570389 -0.03827391192317009
v -0.10416519641876221 -0.061384811997413635 -0.03238754719495773
v -0.09434808790683746 -0.061038754880428314 -0.029987800866365433
v -0.08455683290958405 -0.058072611689567566 -0.02800832875072956
v -0.08872789144515991 -0.062035053968429565 -0.05218438431620598
v -0.08768730610609055 -0.07035619765520096 -0.06996440887451172
v -0.08923251926898956 -0.06720037758350372 -0.08603398501873016
v 0.008387135341763496 -0.03846554458141327 -0.1027267724275589
v 0.008853144012391567 -0.05251666158437729 -0.09689292311668396
v 0.003060312010347843 -0.07602691650390625 -0.08250885456800461
v 0.000659543089568615 -0.08733399212360382 -0.06890875101089478
v -0.0020752176642417908 -0.04646705090999603 -0.1013219952583313
v -0.03966134786605835 -0.05694309249520302 -0.10220040380954742
v -0.02655918151140213 -0.04325451701879501 -0.09712299704551697
v -0.07658490538597107 -0.06362538039684296 -0.09626413881778717
v -0.05477438494563103 -0.060020968317985535 -0.10308803617954254
v 0.008795719593763351 -0.06781484931707382 -0.08443886786699295
v 0.016868682578206062 -0.047791339457035065 -0.08729175478219986
v -0.008741037920117378 -0.08593431115150452 -0.07434676587581635
v -0.00638623908162117 -0.09252822399139404 -0.07082238048315048
v 0.0006925538182258606 -0.08283302932977676 -0.07625934481620789
v -0.00205177441239357 -0.08219309151172638 -0.0773911252617836
v -0.006983419880270958 -0.09143564105033875 -0.07782307267189026
v 0.0018144352361559868 -0.08338162302970886 -0.07493613660335541
v -0.09281020611524582 0.0 -0.11535206437110901
v -0.04940745234489441 0.006056557409465313 -0.11939015984535217
v -0.020849477499723434 0.010551891289651394 -0.11275085806846619
v -0.009608417749404907 0.0034514330327510834 -0.10824322700500488
v -0.008946068584918976 -0.005462855100631714 -0.10569768399000168
v -0.003910720348358154 -0.019202381372451782 -0.10357361286878586
v 0.004157928749918938 -0.03670476749539375 -0.10671691596508026
v 0.1634567677974701 -0.18749777972698212 -0.0026527009904384613
v 0.18228664994239807 -0.18787887692451477 -0.006268095225095749
v 0.18373210728168488 -0.19202561676502228 -0.0030165649950504303
v 0.16372570395469666 -0.18094268441200256 -0.003089718520641327
v 0.17264020442962646 -0.1838991791009903 0.002259001135826111
v 0.1718609780073166 -0.17882008850574493 0.0012318268418312073
v 0.17722903192043304 -0.18939609825611115 0.003478173166513443
v 0.17813587188720703 -0.1958688497543335 0.011032190173864365
v 0.18161892890930176 -0.1880742460489273 0.007595844566822052
v 0.15932175517082214 -0.18512095510959625 -0.0038113296031951904
v 0.15879465639591217 -0.1875772625207901 -0.0038199611008167267
v 0.8112248182296753 -0.3898646831512451 0.11645111441612244
v 0.8067063093185425 -0.3760513365268707 0.12875761091709137
v 0.8029850125312805 -0.3687802851200104 0.11784686148166656
v 0.8029310703277588 -0.3696548342704773 0.10945846140384674
v -0.14739222824573517 -0.016657598316669464 0.04909975081682205
v -0.19036418199539185 -0.06676893681287766 0.10082077980041504
v -0.1900101751089096 -0.08428769558668137 0.11090631783008575
v -0.20818433165550232 -0.09606902301311493 0.13836577534675598
v -0.191030353307724 -0.04888710752129555 0.04581272602081299
v -0.18875324726104736 -0.09325951337814331 0.14014138281345367
v -0.19364795088768005 -0.04041111841797829 0.01375301368534565
v -0.19905246794223785 -0.044128451496362686 -0.01113059837371111
v -0.18059223890304565 -0.05075540766119957 -0.0021431571803987026
v -0.222045436501503 -0.06216055154800415 -0.037317655980587006
v -0.2066413015127182 -0.07032512128353119 -0.06651186943054199
v -0.14092060923576355 -0.05990384891629219 -0.047939375042915344
v -0.12850670516490936 -0.06192712485790253 -0.04174906760454178
v -0.09628588706254959 -0.06326617300510406 -0.03969167172908783
v -0.10809029638767242 -0.06456640362739563 -0.03924206271767616
v -0.08580328524112701 -0.05711914598941803 -0.023581530898809433
v -0.08301106840372086 -0.05173584818840027 -0.03685474768280983
v -0.09629596769809723 -0.05116475373506546 -0.07053302228450775
v -0.0955803245306015 -0.06640248000621796 -0.08145486563444138
v -0.08022946119308472 -0.06881812959909439 -0.08657905459403992
v 0.01091040764003992 -0.048090822994709015 -0.09113472700119019
v 0.0054818131029605865 -0.05318557098507881 -0.0909719169139862
v 0.003532370552420616 -0.04454730451107025 -0.1012468934059143
v -0.00986655056476593 -0.042843643575906754 -0.1013786569237709
v -0.06294435262680054 -0.05741903930902481 -0.10873785614967346
v -0.038550008088350296 -0.045828256756067276 -0.1048157811164856
v -0.0032904958352446556 -0.07686351984739304 -0.07123441249132156
v -0.00671321339905262 -0.08646506071090698 -0.06874323636293411
v 0.004895715042948723 -0.07703059166669846 -0.07258728891611099
v -0.0072996364906430244 -0.0892815813422203 -0.07877538353204727
v -0.015338027849793434 -0.09226220846176147 -0.08555883169174194
v -0.004788240417838097 -0.08586818724870682 -0.07503937184810638
v -0.10815177857875824 0.0 -0.10721094906330109
v -0.066436767578125 0.005532043520361185 -0.11516156792640686
v -0.019284728914499283 0.006559123285114765 -0.1117926836013794
v -0.01813904196023941 -0.008212041109800339 -0.11322750896215439
v -0.017607707530260086 -0.001999085769057274 -0.11382341384887695
v -0.015504997223615646 -0.03489062190055847 -0.10861174762248993
v -0.02510577067732811 -0.02248271182179451 -0.11674909293651581
v 0.17363138496875763 -0.1894284039735794 -0.0028898678719997406
v 0.19394615292549133 -0.1990251988172531 0.004150088876485825
v 0.1929721236228943 -0.19270391762256622 -0.005887988954782486
v 0.17609788477420807 -0.1826942265033722 0.003922656178474426
v 0.18613162636756897 -0.18542617559432983 0.005957871675491333
v 0.1858605146408081 -0.18321923911571503 0.006504781544208527
v 0.19040973484516144 -0.19974325597286224 0.009651560336351395
v 0.18964673578739166 -0.19599780440330505 0.010874949395656586
v 0.19343063235282898 -0.1845420002937317 0.008348152041435242
v 0.17048068344593048 -0.18840980529785156 -0.00283234566450119
v 0.1639101505279541 -0.18818692862987518 -0.002806980162858963
v 0.812770664691925 -0.37694528698921204 0.13462179899215698
v 0.8156088590621948 -0.35405775904655457 0.14359761774539948
v 0.815219521522522 -0.3740946054458618 0.09996062517166138
v 0.8149150609970093 -0.3553408086299896 0.10049653053283691
v -0.16245214641094208 -0.008678235113620758 0.040216535329818726
v -0.14974945783615112 -0.024697083979845047 0.037686631083488464
v -0.18607263267040253 -0.03753473237156868 0.0618181973695755
v -0.1995864361524582 -0.13816437125205994 0.16514712572097778
v -0.2097349315881729 -0.02468080073595047 -0.01425074227154255
v -0.15037991106510162 -0.04041872173547745 0.02251708135008812
v -0.1811530441045761 -0.04251907393336296 -0.009847386740148067
v -0.23491288721561432 -0.045097384601831436 -0.051248516887426376
v -0.2435646504163742 -0.05357662960886955 -0.06367754191160202
v -0.16461485624313354 -0.05698814243078232 -0.05255918204784393
v -0.13355758786201477 -0.06659044325351715 -0.045738864690065384
v -0.14765802025794983 -0.06152793765068054 -0.05082627385854721
v -0.1574711799621582 -0.05365673080086708 -0.055805183947086334
v -0.1185455396771431 -0.06657320261001587 -0.04240420460700989
v -0.1036229357123375 -0.07279771566390991 -0.04780300334095955
v -0.08969065546989441 -0.06963196396827698 -0.052268899977207184
v -0.08423668146133423 -0.06050223112106323 -0.040942832827568054
v -0.08239970356225967 -0.05707283318042755 -0.031128861010074615
v -0.08813123404979706 -0.044192664325237274 -0.04443871229887009
v -0.08443839848041534 -0.035796161741018295 -0.0974273681640625
v -0.10198639333248138 -0.05897446349263191 -0.09677089750766754
v -0.08480190485715866 -0.0645214170217514 -0.09148292243480682
v -0.08201206475496292 -0.06209203600883484 -0.10074020177125931
v -0.04486798495054245 -0.0428633876144886 -0.11340697109699249
v -0.07100904732942581 -0.051549579948186874 -0.10692847520112991
v 0.006905420683324337 -0.07286086678504944 -0.07247365266084671
v -0.004948345944285393 -0.07973126322031021 -0.08089762181043625
v 0.004151839762926102 -0.0792769268155098 -0.07317118346691132
v 0.01015578955411911 -0.07211468368768692 -0.07026468217372894
v -0.010968586429953575 -0.08937454223632812 -0.0840725526213646
v -0.0008566882461309433 -0.08318863809108734 -0.08467135578393936
v -0.013746526092290878 -0.09974537789821625 -0.09830041229724884
v -0.002493707463145256 -0.08085061609745026 -0.08086352795362473
v -0.01212879829108715 -0.0938836932182312 -0.09200526773929596
v -0.05438470095396042 -0.0003314381465315819 -0.11730210483074188
v -0.09120458364486694 -0.0022026400547474623 -0.11348176002502441
v -0.04344261437654495 -0.014738229103386402 -0.11449640244245529
v 0.1874290257692337 -0.19078026711940765 -0.005169201642274857
v 0.1969561129808426 -0.20298051834106445 0.007740143686532974
v 0.20206044614315033 -0.2008187472820282 0.002480335533618927
v 0.18806388974189758 -0.18423081934452057 0.005758542567491531
v 0.1952030211687088 -0.18426357209682465 0.007932662963867188
v 0.1938517540693283 -0.18198229372501373 0.007675502449274063
v 0.19420209527015686 -0.20092816650867462 0.011177457869052887
v 0.19854053854942322 -0.18966852128505707 0.01284727081656456
v 0.20077413320541382 -0.1850975751876831 0.011120304465293884
v 0.18537086248397827 -0.18749168515205383 0.004043508321046829
v 0.17996378242969513 -0.1915314942598343 -0.003742743283510208
v 0.8227260112762451 -0.38453710079193115 0.11185415089130402
v 0.7948058843612671 -0.2828063368797302 0.1256624460220337
v 0.8038249015808105 -0.37135106325149536 0.15688703954219818
v 0.8195464015007019 -0.3198896050453186 0.09827271103858948
v 0.8183767795562744 -0.3543010354042053 0.11847169697284698
v 0.8226471543312073 -0.35744380950927734 0.07319681346416473
v -0.16923777759075165 -0.012516699731349945 0.03443865105509758
v -0.16349393129348755 -0.023759663105010986 0.024210749194025993
v -0.16173581779003143 -0.028555266559123993 0.019845301285386086
v -0.15367338061332703 -0.04178720712661743 0.017366066575050354
v -0.1598079800605774 -0.0351814366877079 0.005786989815533161
v -0.24535365402698517 -0.02383716031908989 -0.057556040585041046
v -0.19483476877212524 -0.02131503075361252 -0.02408427745103836
v -0.2139228731393814 -0.04626898467540741 -0.06305661797523499
v -0.18311768770217896 -0.04168393462896347 -0.062410496175289154
v -0.15999694168567657 -0.05688590556383133 -0.05442478507757187
v -0.15165436267852783 -0.07136937975883484 -0.05154728516936302
v -0.13351961970329285 -0.0788763165473938 -0.050300076603889465
v -0.1642744094133377 -0.04653362184762955 -0.05994390323758125
v -0.12025675177574158 -0.0742693692445755 -0.04722144082188606
v -0.0934264287352562 -0.0827142745256424 -0.07232286036014557
v -0.07910743355751038 -0.06938490271568298 -0.06107938289642334
v -0.08432433009147644 -0.053945112973451614 -0.027211511507630348
v -0.07588016986846924 -0.060434237122535706 -0.05258322134613991
v -0.07283847779035568 -0.05234441161155701 -0.044705990701913834
v -0.08198077976703644 -0.05361148715019226 -0.028437482193112373
v -0.07642970234155655 -0.050179943442344666 -0.023898061364889145
v -0.07058911770582199 -0.04629130661487579 -0.02307138592004776
v -0.09718358516693115 -0.03129053860902786 -0.05415887385606766
v 0.015010823495686054 -0.0709981620311737 -0.07474497705698013
v 0.005895332433283329 -0.07084420323371887 -0.07993035763502121
v 0.011419015005230904 -0.07277345657348633 -0.07228977233171463
v 0.01862185448408127 -0.07130672037601471 -0.07242575287818909
v 0.003938018344342709 -0.08573055267333984 -0.0895070731639862
v 0.011320620775222778 -0.10457224398851395 -0.09035323560237885
v 0.0035101380199193954 -0.07873939722776413 -0.08366528153419495
v -0.0011590179055929184 -0.1113717332482338 -0.08999206870794296
v -0.1305738240480423 -0.02398480474948883 -0.09769634157419205
v 0.20075668394565582 -0.1960219293832779 -0.0011399127542972565
v 0.1985330581665039 -0.20219990611076355 0.012325998395681381
v 0.2024792730808258 -0.2045973539352417 0.007819131016731262
v 0.19607087969779968 -0.18560214340686798 0.005977418273687363
v 0.20467185974121094 -0.18533265590667725 0.006698392331600189
v 0.20035181939601898 -0.18293608725070953 0.009413186460733414
v 0.1964361071586609 -0.19718767702579498 0.013196151703596115
v 0.20420385897159576 -0.18770132958889008 0.01323535293340683
v 0.20570436120033264 -0.18694186210632324 0.012982852756977081
v 0.19601880013942719 -0.18814019858837128 0.0011565759778022766
v 0.19691386818885803 -0.19159409403800964 -0.0017957352101802826
v 0.7882390022277832 -0.37947210669517517 0.08155904710292816
v 0.7871853113174438 -0.2931545376777649 0.06013116240501404
v 0.7614693641662598 -0.32871466875076294 0.12446489930152893
v 0.7826907634735107 -0.3153277635574341 0.14584584534168243
v 0.7812906503677368 -0.3414429724216461 0.057687908411026
v -0.1790999472141266 -0.012223622761666775 0.05123407393693924
v -0.18370212614536285 -0.01569795235991478 0.04457072541117668
v -0.1736512929201126 -0.015745362266898155 0.021508270874619484
v -0.1671895980834961 -0.01591520383954048 0.025667132809758186
v -0.16033776104450226 -0.030494388192892075 0.011919469572603703
v -0.16216634213924408 -0.022926144301891327 0.006641922984272242
v -0.164511039853096 -0.013367913663387299 -0.0027585334610193968
v -0.2545584738254547 -0.02064969204366207 -0.06622600555419922
v -0.2517501711845398 -0.038229264318943024 -0.06491095572710037
v -0.22094300389289856 0.00415511941537261 -0.04529741033911705
v -0.24733351171016693 0.0026528844609856606 -0.05953123793005943
v -0.22148466110229492 -0.02708512172102928 -0.06651900708675385
v -0.1665496528148651 -0.06640303879976273 -0.05961226299405098
v -0.1632291078567505 -0.049129605293273926 -0.059064995497465134
v -0.16520719230175018 -0.07631531357765198 -0.060397326946258545
v -0.14901207387447357 -0.0873633548617363 -0.05998280271887779
v -0.17728830873966217 -0.030462993308901787 -0.06475897133350372
v -0.16393795609474182 -0.03777658939361572 -0.06277896463871002
v -0.12027852237224579 -0.08853021264076233 -0.06184948980808258
v -0.10123567283153534 -0.0829956978559494 -0.09500446915626526
v -0.07988680899143219 -0.07032474875450134 -0.08316010236740112
v -0.0712885707616806 -0.050527721643447876 -0.03485609218478203
v -0.07014653086662292 -0.05015327036380768 -0.026575883850455284
v -0.06287117302417755 -0.03885733336210251 -0.02606837823987007
v -0.07367540895938873 -0.03507548198103905 -0.029600171372294426
v -0.0930362194776535 -0.0237878505140543 -0.04194143787026405
v -0.11143596470355988 -0.01582612469792366 -0.06322380155324936
v 0.011704984121024609 -0.07665207982063293 -0.08290042728185654
v 0.02154456451535225 -0.08201877772808075 -0.07822026312351227
v 0.016536381095647812 -0.06805090606212616 -0.06715188920497894
v 0.026004763320088387 -0.0865376740694046 -0.0736837089061737
v 0.005516305565834045 -0.1012493371963501 -0.09490717947483063
v 0.004151580855250359 -0.11916018277406693 -0.09762919694185257
v 0.003131011500954628 -0.12543056905269623 -0.10403421521186829
v 0.0015041213482618332 -0.1152208149433136 -0.09204418957233429
v 0.2062527984380722 -0.20044222474098206 0.0016851313412189484
v 0.20855431258678436 -0.2034768909215927 0.011833678930997849
v 0.20512086153030396 -0.19818075001239777 0.013980042189359665
v 0.20543576776981354 -0.18764109909534454 0.003932446241378784
v 0.21208299696445465 -0.18793515861034393 0.006542526185512543
v 0.20910370349884033 -0.18658378720283508 0.009472034871578217
v 0.2058432251214981 -0.19160771369934082 0.014665201306343079
v 0.2071877419948578 -0.18942050635814667 0.014656413346529007
v 0.21101611852645874 -0.1902979463338852 0.012948952615261078
v 0.20600631833076477 -0.19020214676856995 -0.000253528356552124
v 0.20720960199832916 -0.1967800408601761 -0.0010813847184181213
v 0.7541507482528687 -0.3391508162021637 0.09051743149757385
v 0.7706554532051086 -0.2862526476383209 0.11130678653717041
v 0.7555525302886963 -0.3219328224658966 0.06917458772659302
v 0.8027500510215759 -0.32921847701072693 0.13974757492542267
v 0.7456542253494263 -0.32014769315719604 0.07470221817493439
v -0.1957276612520218 -0.03690722584724426 0.05927260220050812
v -0.18108417093753815 -0.014043459668755531 0.031140143051743507
v -0.19859324395656586 -0.022431815043091774 0.04360762611031532
v -0.17825287580490112 -0.01227128878235817 0.015016740188002586
v -0.19188480079174042 -0.014604412019252777 0.025830218568444252
v -0.16195231676101685 -0.009309072047472 0.0025618490763008595
v -0.17166000604629517 -0.009736254811286926 0.008349725976586342
v -0.16391722857952118 0.0009986485820263624 -0.00010995566844940186
v -0.26177674531936646 0.0017779828049242496 -0.0632370188832283
v -0.23978044092655182 -0.00874932948499918 -0.06627759337425232
v -0.20408262312412262 -0.027445243671536446 -0.07186064124107361
v -0.16732798516750336 -0.05642043054103851 -0.06180847808718681
v -0.16936098039150238 -0.07102390378713608 -0.06283074617385864
v -0.1618819534778595 -0.04042068496346474 -0.06328876316547394
v -0.17209680378437042 -0.07604719698429108 -0.0654657781124115
v -0.16603301465511322 -0.08074666559696198 -0.06544266641139984
v -0.15933871269226074 -0.02820795215666294 -0.06227632611989975
v -0.16524755954742432 -0.022172119468450546 -0.06137726828455925
v -0.13776333630084991 -0.09617242217063904 -0.0746435821056366
v -0.11433450877666473 -0.08987253159284592 -0.08082204312086105
v -0.11165209114551544 -0.06601086258888245 -0.10776817798614502
v -0.08647617697715759 -0.06203705444931984 -0.09987442195415497
v -0.07117915898561478 -0.059729691594839096 -0.06463795900344849
v -0.12514054775238037 -0.09157294034957886 -0.08950874954462051
v -0.06438221037387848 -0.04447874426841736 -0.04574097692966461
v -0.06356040388345718 -0.04776640608906746 -0.06214108690619469
v -0.059933654963970184 -0.03128053620457649 -0.03207017481327057
v -0.060933880507946014 -0.04133227840065956 -0.03626988083124161
v -0.06693699955940247 -0.029146576300263405 -0.025561721995472908
v -0.10024294257164001 -0.015568616800010204 -0.04321977496147156
v -0.12178495526313782 -0.011679323390126228 -0.05485702306032181
v 0.014397060498595238 -0.08971604704856873 -0.08752696216106415
v 0.02507573366165161 -0.10239098966121674 -0.08927174657583237
v 0.02235179953277111 -0.10113942623138428 -0.07316707074642181
v 0.007890762761235237 -0.10602030903100967 -0.07591915130615234
v 0.005334291607141495 -0.11726091057062149 -0.103176549077034
v 0.002409840002655983 -0.13171279430389404 -0.11335187405347824
v -0.003765081986784935 -0.14481587707996368 -0.12177585065364838
v -0.006231416016817093 -0.1418931484222412 -0.11276426911354065
v 0.21232353150844574 -0.20441149175167084 0.008303031325340271
v 0.21333710849285126 -0.197862446308136 0.015143007040023804
v 0.21124453842639923 -0.19214433431625366 0.015638135373592377
v 0.21254004538059235 -0.190505251288414 0.0032008960843086243
v 0.21593151986598969 -0.19161547720432281 0.009744934737682343
v 0.21620887517929077 -0.1934770792722702 0.009118475019931793
v 0.20713239908218384 -0.18859395384788513 0.014704179018735886
v 0.21570026874542236 -0.19428732991218567 0.016203932464122772
v 0.2144985795021057 -0.19310495257377625 0.016923658549785614
v 0.21433565020561218 -0.1939854919910431 0.0018564686179161072
v 0.21475349366664886 -0.19972173869609833 0.002461075782775879
v 0.7961068153381348 -0.32622191309928894 0.10644295811653137
v 0.7893819808959961 -0.30682486295700073 0.15062330663204193
v 0.9075934886932373 -0.3178904950618744 0.1691083163022995
v 0.8739513158798218 -0.3503561317920685 0.13505101203918457
v 0.7792983055114746 -0.3107174038887024 0.11334989964962006
v -0.22596946358680725 -0.02903679385781288 0.050645612180233
v -0.20247596502304077 -0.061073023825883865 0.0781421810388565
v -0.21800856292247772 -0.018265146762132645 0.03340042382478714
v -0.20217449963092804 -0.010665660724043846 0.022125791758298874
v -0.16799922287464142 -0.0017141435528174043 0.0043416377156972885
v -0.1953509896993637 -0.0032443394884467125 0.012990301474928856
v -0.26330119371414185 0.0011858365032821894 -0.07119831442832947
v -0.1920190155506134 -0.016564421355724335 -0.06947106122970581
v -0.1644589900970459 -0.046592824161052704 -0.06322160363197327
v -0.1686171144247055 -0.06392039358615875 -0.06413956731557846
v -0.17124043405056 -0.07079189270734787 -0.06781728565692902
v -0.15971067547798157 -0.0335446298122406 -0.06863036751747131
v -0.17891500890254974 -0.08575998246669769 -0.07250255346298218
v -0.17603839933872223 -0.06937049329280853 -0.07423222064971924
v -0.1601540893316269 -0.08832885324954987 -0.06755249202251434
v -0.15313677489757538 -0.020673561841249466 -0.06145497411489487
v -0.15335305035114288 -0.027507655322551727 -0.06704060733318329
v -0.1301206648349762 -0.08240814507007599 -0.10125243663787842
v -0.12160338461399078 -0.05404774844646454 -0.11048349738121033
v -0.10175798833370209 -0.04867812246084213 -0.1079302579164505
v -0.07177063822746277 -0.05532822757959366 -0.08293594419956207
v -0.06626343727111816 -0.04020865261554718 -0.07786254584789276
v -0.05842654034495354 -0.03740502521395683 -0.05375893414020538
v -0.07342155277729034 -0.019201550632715225 -0.03492885082960129
v -0.06363002955913544 -0.02429419383406639 -0.03894113004207611
v -0.058384016156196594 -0.03137730062007904 -0.04206404834985733
v -0.12647004425525665 -0.008848026394844055 -0.055803194642066956
v -0.14108368754386902 -0.00599890761077404 -0.05844549834728241
v 0.015873322263360023 -0.1110149621963501 -0.10237692296504974
v 0.027921821922063828 -0.11945934593677521 -0.08844537287950516
v -0.00456959567964077 -0.14833447337150574 -0.09976062923669815
v 0.017561333253979683 -0.1437467336654663 -0.09145531803369522
v 0.011247225105762482 -0.13221904635429382 -0.11794023215770721
v 0.001491311937570572 -0.15027666091918945 -0.13092903792858124
v -0.013953983783721924 -0.1599515676498413 -0.1290750950574875
v -0.009751405566930771 -0.16314513981342316 -0.1397922784090042
v 0.21543781459331512 -0.20180357992649078 0.013262316584587097
v 0.21559345722198486 -0.19231480360031128 0.02009783685207367
v 0.21293729543685913 -0.1896258294582367 0.018752485513687134
v 0.21760421991348267 -0.19623513519763947 0.0072373077273368835
v 0.21856144070625305 -0.19668178260326385 0.01551353931427002
v 0.2202710062265396 -0.19971966743469238 0.014017276465892792
v 0.2097889482975006 -0.18614092469215393 0.018157724291086197
v 0.2210015207529068 -0.19703534245491028 0.022060424089431763
v 0.22746582329273224 -0.19459344446659088 0.024217627942562103
v 0.2205435335636139 -0.19879408180713654 0.00672198086977005
v 0.22047795355319977 -0.20360736548900604 0.009603448212146759
v 0.8545648455619812 -0.32176369428634644 0.19709576666355133
v 0.9114025831222534 -0.31878164410591125 0.1623755246400833
v 0.923499584197998 -0.32540738582611084 0.1820993721485138
v 0.8284556865692139 -0.310988187789917 0.15291789174079895
v -0.2122061401605606 -0.07304216921329498 0.09867717325687408
v -0.22918808460235596 -0.06939370185136795 0.06759516149759293
v -0.2257300168275833 -0.04909338057041168 0.059244729578495026
v -0.2193773090839386 -0.0073783379048109055 0.02317502349615097
v -0.18447406589984894 0.0012950287200510502 0.006901000626385212
v -0.2516768276691437 0.0005068844184279442 -0.06967293471097946
v -0.22588999569416046 -0.005094435065984726 -0.0668264850974083
v -0.22360588610172272 -0.01810155250132084 -0.07219453155994415
v -0.16641998291015625 -0.014213312417268753 -0.05932938680052757
v -0.16127072274684906 -0.03841612860560417 -0.07047232240438461
v -0.17029216885566711 -0.05496431887149811 -0.0711640864610672
v -0.17387977242469788 -0.07736282050609589 -0.07668861001729965
v -0.15190480649471283 -0.02943512238562107 -0.07356123626232147
v -0.18085303902626038 -0.08966298401355743 -0.08168606460094452
v -0.1799210011959076 -0.07825543731451035 -0.07843425869941711
v -0.17503853142261505 -0.07792577892541885 -0.07700169086456299
v -0.16548007726669312 -0.09077559411525726 -0.07507696747779846
v -0.14841526746749878 -0.09154601395130157 -0.08835791051387787
v -0.13781693577766418 -0.017248347401618958 -0.060823045670986176
v -0.1427350491285324 -0.02308209240436554 -0.07059255242347717
v -0.13640452921390533 -0.06583821773529053 -0.10857412964105606
v -0.13784945011138916 -0.05149374157190323 -0.1095748171210289
v -0.11849575489759445 -0.04244359955191612 -0.10851624608039856
v -0.07941903918981552 -0.045099467039108276 -0.09578502923250198
v -0.07657042145729065 -0.032267071306705475 -0.08739687502384186
v -0.06957021355628967 -0.025300808250904083 -0.06893184781074524
v -0.07928895950317383 -0.01505429856479168 -0.04377460479736328
v -0.1218969076871872 -0.007134005427360535 -0.05587835982441902
v -0.20047873258590698 -0.008411778137087822 -0.07049067318439484
v 0.02406379021704197 -0.13299992680549622 -0.11115270107984543
v 0.022418973967432976 -0.14483049511909485 -0.10680726915597916
v -0.016142554581165314 -0.17226320505142212 -0.11937840282917023
v -0.006590604782104492 -0.1815267950296402 -0.11414647102355957
v 0.01190791092813015 -0.15474636852741241 -0.13227099180221558
v -0.003702409565448761 -0.16808408498764038 -0.14587299525737762
v -0.01839831843972206 -0.18054524064064026 -0.15622153878211975
v -0.02241123653948307 -0.17393729090690613 -0.14040882885456085
v -0.01704813912510872 -0.16419251263141632 -0.12309519946575165
v 0.22152943909168243 -0.19765721261501312 0.016675807535648346
v 0.22023285925388336 -0.19737863540649414 0.024203844368457794
v 0.2242995649576187 -0.19432379305362701 0.026868849992752075
v 0.2251075804233551 -0.20317934453487396 0.012216024100780487
v 0.24111320078372955 -0.2074003666639328 0.012715406715869904
v 0.23064565658569336 -0.20086079835891724 0.019771769642829895
v 0.2401987910270691 -0.19518771767616272 0.026790685951709747
v 0.26585498452186584 -0.2000381052494049 0.025383658707141876
v 0.24855735898017883 -0.19909460842609406 0.02364664524793625
v 0.22759884595870972 -0.20402231812477112 0.013265840709209442
v 0.22554101049900055 -0.20268607139587402 0.01568274199962616
v 0.889262318611145 -0.32737717032432556 0.1974426507949829
v 0.8935384750366211 -0.32329079508781433 0.1833936870098114
v 0.9315553903579712 -0.3290266692638397 0.1760011911392212
v 0.9271628260612488 -0.3365667462348938 0.1880859136581421
v -0.22948570549488068 -0.07454324513673782 0.11208832263946533
v -0.2176075279712677 -0.08181334286928177 0.08207511156797409
v -0.25293073058128357 -0.01847112365067005 0.035151317715644836
v -0.21309243142604828 0.005343182012438774 0.011205191724002361
v -0.2199966013431549 -0.009836170822381973 -0.0661497637629509
v -0.19105766713619232 -0.00869875866919756 -0.06394464522600174
v -0.21786917746067047 -0.013280210085213184 -0.07108417898416519
v -0.15016767382621765 -0.010786863043904305 -0.05440462380647659
v -0.16345469653606415 -0.044807225465774536 -0.08487190306186676
v -0.16811370849609375 -0.05741585046052933 -0.08375023305416107
v -0.17066450417041779 -0.06636250764131546 -0.07484900951385498
v -0.17507727444171906 -0.079430490732193 -0.08855502307415009
v -0.17893530428409576 -0.09027442336082458 -0.0828816369175911
v -0.18586057424545288 -0.09136352688074112 -0.08102934807538986
v -0.18492765724658966 -0.08052587509155273 -0.08459338545799255
v -0.189184308052063 -0.08053796738386154 -0.07305683195590973
v -0.17686337232589722 -0.07817286252975464 -0.07699797302484512
v -0.17546939849853516 -0.07879278808832169 -0.08189770579338074
v -0.17762532830238342 -0.0873640924692154 -0.08626212179660797
v -0.1597352921962738 -0.07942269742488861 -0.09883919358253479
v -0.1240854263305664 -0.01886693388223648 -0.07386757433414459
v -0.12195618450641632 -0.01367359422147274 -0.06005147099494934
v -0.155101478099823 -0.06380090117454529 -0.10304521024227142
v -0.13577093183994293 -0.03935454040765762 -0.10432732105255127
v -0.15211336314678192 -0.04954858869314194 -0.10154754668474197
v -0.09720385074615479 -0.035932570695877075 -0.1017318069934845
v -0.06409776955842972 -0.024253828451037407 -0.05001913011074066
v -0.08747445046901703 -0.017360085621476173 -0.06819827854633331
v -0.09248992800712585 -0.022663582116365433 -0.08774982392787933
v -0.08259405940771103 -0.016320597380399704 -0.055547814816236496
v -0.10999327898025513 -0.011136218905448914 -0.05827482417225838
v -0.16421622037887573 -0.005737810395658016 -0.06119382753968239
v 0.019061129540205002 -0.15654274821281433 -0.1206192821264267
v 0.013432398438453674 -0.1730164885520935 -0.12370450049638748
v -0.02298322692513466 -0.19030120968818665 -0.12825466692447662
v -0.016953062266111374 -0.20026086270809174 -0.12920482456684113
v 0.0010810643434524536 -0.17783480882644653 -0.1480432152748108
v -0.008746098726987839 -0.18323244154453278 -0.1560787409543991
v -0.03658316656947136 -0.1913222074508667 -0.15328113734722137
v -0.028502218425273895 -0.197442889213562 -0.16617614030838013
v -0.026656147092580795 -0.18349194526672363 -0.13342195749282837
v 0.22503100335597992 -0.20000290870666504 0.020463041961193085
v 0.2588382363319397 -0.21102160215377808 0.03175099194049835
v 0.24803853034973145 -0.2128470540046692 0.029764674603939056
v 0.23884178698062897 -0.20853322744369507 0.013635650277137756
v 0.2649441361427307 -0.20456261932849884 0.013099491596221924
v 0.27350467443466187 -0.21239058673381805 0.006048530340194702
v 0.27869901061058044 -0.2115762084722519 0.028888247907161713
v 0.30427759885787964 -0.21392998099327087 0.02218761295080185
v 0.29970237612724304 -0.20478540658950806 0.015420489013195038
v 0.23681366443634033 -0.2081734538078308 0.01641024649143219
v 0.23223094642162323 -0.2034374177455902 0.017389044165611267
v 0.9098469614982605 -0.33220699429512024 0.20289470255374908
v 0.9067767858505249 -0.33334630727767944 0.18945948779582977
v 0.930745005607605 -0.33512598276138306 0.19389262795448303
v 0.930801272392273 -0.33332619071006775 0.1853850930929184
v -0.25927093625068665 -0.03885452449321747 0.04803919792175293
v -0.2447866052389145 -0.05566015839576721 0.05771822854876518
v -0.24879953265190125 -0.0766477882862091 0.10576838254928589
v -0.23636382818222046 -0.0882495790719986 0.08940263092517853
v -0.23988570272922516 -0.0781174898147583 0.07085584849119186
v -0.2478913813829422 -0.06565703451633453 0.06172649562358856
v -0.2369898557662964 0.00243198499083519 0.023690003901720047
v -0.18169011175632477 -0.004273637197911739 -0.059747859835624695
v -0.13567394018173218 -0.0071848854422569275 -0.05301715433597565
v -0.1607903689146042 -0.05046088248491287 -0.09336838871240616
v -0.15082237124443054 -0.032731108367443085 -0.08493418991565704
v -0.17033439874649048 -0.06754599511623383 -0.08484161645174026
v -0.16486763954162598 -0.06068965047597885 -0.09445665776729584
v -0.17595653235912323 -0.08424495905637741 -0.08968009054660797
v -0.1856924295425415 -0.09167005121707916 -0.07947825640439987
v -0.18632884323596954 -0.08801129460334778 -0.07782512158155441
v -0.18251369893550873 -0.08716842532157898 -0.08428475260734558
v -0.1998509168624878 -0.07798305153846741 -0.08169174194335938
v -0.1965758353471756 -0.08002443611621857 -0.06894879043102264
v -0.18107017874717712 -0.08324428647756577 -0.06996162235736847
v -0.18181461095809937 -0.08416766673326492 -0.07370394468307495
v -0.18903186917304993 -0.08343710005283356 -0.07859095185995102
v -0.169878289103508 -0.07342593371868134 -0.0942780151963234
v -0.13954035937786102 -0.02502620220184326 -0.07959402352571487
v -0.10676580667495728 -0.016450582072138786 -0.07230433821678162
v -0.11342993378639221 -0.020879078656435013 -0.08286118507385254
v -0.11485210806131363 -0.03352901339530945 -0.10142510384321213
v -0.1505163311958313 -0.03910713270306587 -0.09546799957752228
v 0.010120045393705368 -0.17237812280654907 -0.1371757537126541
v -0.003307398408651352 -0.2018936276435852 -0.13761863112449646
v -0.023856762796640396 -0.2172231376171112 -0.14438499510288239
v -0.03430543467402458 -0.21156886219978333 -0.14021234214305878
v -0.006561771035194397 -0.1913454681634903 -0.15799757838249207
v -0.016895592212677002 -0.19700559973716736 -0.16694329679012299
v -0.039158839732408524 -0.19992142915725708 -0.143040731549263
v -0.03858394920825958 -0.20603999495506287 -0.16739536821842194
v -0.04601763188838959 -0.20731580257415771 -0.15859808027744293
v 0.24458995461463928 -0.21371234953403473 0.022700339555740356
v 0.28558430075645447 -0.2311929166316986 0.028478272259235382
v 0.29796525835990906 -0.22632208466529846 0.0283353254199028
v 0.26473018527030945 -0.21608395874500275 0.006296508014202118
v 0.3082173764705658 -0.22262956202030182 0.024407900869846344
v 0.3036639988422394 -0.21377523243427277 0.002435550093650818
v 0.33652910590171814 -0.22089241445064545 0.011760622262954712
v 0.33844754099845886 -0.22150950133800507 -0.0014738142490386963
v 0.25086355209350586 -0.21493051946163177 0.01230967789888382
v 0.2479272037744522 -0.21430037915706635 0.016187362372875214
v 0.9265162944793701 -0.3355494737625122 0.19584070146083832
v 0.9305407404899597 -0.3349619507789612 0.19442401826381683
v 0.9283518195152283 -0.3351402282714844 0.19316059350967407
v -0.2592276334762573 -0.05648268386721611 0.05221850425004959
v -0.2720392644405365 -0.04610591009259224 0.04172312095761299
v -0.260982483625412 -0.08258610963821411 0.0874180793762207
v -0.2784442901611328 -0.07240839302539825 0.09272285550832748
v -0.2610201835632324 -0.08380860835313797 0.07254036515951157
v -0.2644769251346588 -0.06968844681978226 0.05789582058787346
v -0.27213895320892334 -0.02607291378080845 0.03464704751968384
v -0.277100145816803 -0.011001650243997574 0.031615838408470154
v -0.28343233466148376 -0.009043190628290176 0.03627845272421837
v -0.18382269144058228 -0.08455763012170792 -0.0759093314409256
v -0.18395473062992096 -0.08705771714448929 -0.08265838027000427
v -0.1914728432893753 -0.08187635242938995 -0.08992531895637512
v -0.21344533562660217 -0.07755126059055328 -0.07869395613670349
v -0.21219459176063538 -0.08393944799900055 -0.0614895299077034
v -0.18824370205402374 -0.08471047878265381 -0.06519605219364166
v -0.18048930168151855 -0.08358441293239594 -0.07397229224443436
v -0.12971282005310059 -0.02676335908472538 -0.09283186495304108
v 0.0010385215282440186 -0.19164752960205078 -0.14999787509441376
v -0.015733975917100906 -0.21422095596790314 -0.15387886762619019
v -0.042052559554576874 -0.2233142852783203 -0.1543971747159958
v -0.037725817412137985 -0.22553226351737976 -0.15893761813640594
v -0.010830506682395935 -0.2024693787097931 -0.16260604560375214
v -0.03359642252326012 -0.21485230326652527 -0.1752186268568039
v -0.049658678472042084 -0.2192867249250412 -0.15424616634845734
v -0.04802780598402023 -0.22007320821285248 -0.17318841814994812
v -0.05213030427694321 -0.22018520534038544 -0.16741277277469635
v 0.2778419852256775 -0.23487713932991028 0.022314824163913727
v 0.3286474049091339 -0.23368236422538757 0.02288748323917389
v 0.32247495651245117 -0.24367833137512207 0.022470712661743164
v 0.3043968975543976 -0.2251417636871338 -0.0024363547563552856
v 0.3293638527393341 -0.22476425766944885 0.018900148570537567
v 0.33620500564575195 -0.2287135273218155 -0.009413197636604309
v 0.3673885464668274 -0.23575548827648163 0.0033964067697525024
v 0.37023571133613586 -0.2361479103565216 -0.01240558922290802
v 0.28005269169807434 -0.2316068410873413 0.005469366908073425
v 0.27127477526664734 -0.23067067563533783 0.015624560415744781
v -0.2790276110172272 -0.0592801570892334 0.05202139541506767
v -0.28887325525283813 -0.048939187079668045 0.04613485187292099
v -0.28884759545326233 -0.03559441119432449 0.04268587753176689
v -0.28004610538482666 -0.0771392211318016 0.07701878249645233
v -0.28768453001976013 -0.06579764187335968 0.09032589942216873
v -0.2852165400981903 -0.07364603877067566 0.055970966815948486
v -0.2809879779815674 -0.0743899866938591 0.06691517680883408
v -0.3032422959804535 -0.022951936349272728 0.04398179054260254
v -0.2960920035839081 -0.031466398388147354 0.047777995467185974
v -0.1831047683954239 -0.08486390858888626 -0.07890951633453369
v -0.2006727159023285 -0.07975657284259796 -0.0939515084028244
v -0.23115171492099762 -0.07718686759471893 -0.07099677622318268
v -0.23644398152828217 -0.08909289538860321 -0.05689017102122307
v -0.20548824965953827 -0.09403671324253082 -0.06010105088353157
v -0.1832238882780075 -0.09089091420173645 -0.0706034004688263
v -0.010752040892839432 -0.2093939483165741 -0.159389927983284
v -0.028991054743528366 -0.2258414924144745 -0.161809042096138
v -0.049112383276224136 -0.2309347689151764 -0.16908277571201324
v -0.054211921989917755 -0.22747959196567535 -0.1692848801612854
v -0.0216628760099411 -0.2166699916124344 -0.17198880016803741
v -0.04289094731211662 -0.22635158896446228 -0.17582544684410095
v -0.056640587747097015 -0.22705551981925964 -0.1710866093635559
v -0.04862435907125473 -0.23514169454574585 -0.17993450164794922
v -0.054548230022192 -0.23129843175411224 -0.18019190430641174
v 0.31562379002571106 -0.25543278455734253 0.01594388484954834
v 0.33125582337379456 -0.23793882131576538 -0.006997041404247284
v 0.3505952060222626 -0.2482546865940094 0.01711232215166092
v 0.3603868782520294 -0.23867732286453247 0.0126548632979393
v 0.3661247789859772 -0.2446850687265396 -0.016074858605861664
v 0.38576892018318176 -0.24542252719402313 -0.014052249491214752
v 0.38765472173690796 -0.2450912594795227 -0.00916745513677597
v 0.3251774311065674 -0.24916480481624603 -0.006327800452709198
v 0.30661243200302124 -0.253333181142807 0.007908187806606293
v -0.28658348321914673 -0.06277325749397278 0.05141778290271759
v -0.30219390988349915 -0.06030922755599022 0.048607707023620605
v -0.29571932554244995 -0.0435921847820282 0.04432385787367821
v -0.2868671417236328 -0.07413186132907867 0.08151419460773468
v -0.29735806584358215 -0.07040692865848541 0.0934307649731636
v -0.29987987875938416 -0.03624172881245613 0.04710166156291962
v -0.3031107485294342 -0.0270097479224205 0.04805411398410797
v -0.33361953496932983 -0.066169373691082 0.10067871958017349
v -0.31172725558280945 -0.02567913383245468 0.04522252082824707
v -0.1827746480703354 -0.08887976408004761 -0.07947351038455963
v -0.18544840812683105 -0.08691065013408661 -0.0864141583442688
v -0.18637990951538086 -0.08639470487833023 -0.0883452296257019
v -0.1877957582473755 -0.08614974468946457 -0.09405054897069931
v -0.21879145503044128 -0.08163689076900482 -0.09116911888122559
v -0.2615606486797333 -0.0846785306930542 -0.07129926234483719
v -0.25927793979644775 -0.08858153223991394 -0.05656367167830467
v -0.22888831794261932 -0.1008642315864563 -0.0548248216509819
v -0.19511283934116364 -0.09867816418409348 -0.06682135164737701
v -0.025098077952861786 -0.22354912757873535 -0.168778657913208
v -0.04339001700282097 -0.23293527960777283 -0.17049624025821686
v -0.05844481661915779 -0.2341911345720291 -0.18006320297718048
v -0.05743236094713211 -0.23474925756454468 -0.17795749008655548
v -0.033643368631601334 -0.23250004649162292 -0.17341813445091248
v -0.04484157636761665 -0.24108830094337463 -0.17796994745731354
v -0.05844331532716751 -0.2332654744386673 -0.17970360815525055
v -0.055165063589811325 -0.24257183074951172 -0.18804699182510376
v -0.04780545458197594 -0.24716845154762268 -0.18469645082950592
v 0.35109785199165344 -0.2635689973831177 0.010893657803535461
v 0.35210707783699036 -0.24674956500530243 -0.014328837394714355
v 0.3865055739879608 -0.24842216074466705 -0.0031171366572380066
v 0.3769557476043701 -0.2585316300392151 0.005531467497348785
v 0.3822478652000427 -0.247504323720932 -0.020074158906936646
v 0.3930585980415344 -0.2481965869665146 -0.01364755630493164
v 0.39086246490478516 -0.24907375872135162 -0.018462643027305603
v 0.3570363521575928 -0.2625288665294647 -0.01552775502204895
v 0.34825268387794495 -0.27256911993026733 -0.0026261508464813232
v -0.29755905270576477 -0.06750597059726715 0.05177585035562515
v -0.3084675371646881 -0.06610913574695587 0.051546916365623474
v -0.30868980288505554 -0.05347904935479164 0.04158623516559601
v -0.2995526194572449 -0.0739218145608902 0.08299564570188522
v -0.29012545943260193 -0.06808435916900635 0.06905527412891388
v -0.31715795397758484 -0.07061993330717087 0.0949268639087677
v -0.2918950915336609 -0.07086649537086487 0.06326478719711304
v -0.30602505803108215 -0.04085519537329674 0.03475945442914963
v -0.3054739534854889 -0.030510392040014267 0.03505253046751022
v -0.3156515657901764 -0.018782591447234154 0.028112586587667465
v -0.3091897666454315 -0.020983600988984108 0.04196244478225708
v -0.18928711116313934 -0.09873009473085403 -0.07985187321901321
v -0.18654057383537292 -0.0925656408071518 -0.0895928293466568
v -0.19864211976528168 -0.08810059726238251 -0.09774358570575714
v -0.24615995585918427 -0.087188221514225 -0.08720436692237854
v -0.2918744683265686 -0.09610584378242493 -0.0589282363653183
v -0.2889869511127472 -0.09724465012550354 -0.0699133425951004
v -0.25725266337394714 -0.10169069468975067 -0.050230637192726135
v -0.2179642915725708 -0.10946910083293915 -0.06261058151721954
v -0.038733161985874176 -0.23263230919837952 -0.17104479670524597
v -0.055306389927864075 -0.23807376623153687 -0.17601554095745087
v -0.06298139691352844 -0.23892667889595032 -0.18617236614227295
v -0.06143737956881523 -0.2380273938179016 -0.18442374467849731
v -0.047050345689058304 -0.2435031533241272 -0.17512136697769165
v -0.049897223711013794 -0.25345245003700256 -0.17867501080036163
v -0.059056561440229416 -0.2390633225440979 -0.18772253394126892
v -0.0540468730032444 -0.25527653098106384 -0.18835771083831787
v -0.057370249181985855 -0.25051361322402954 -0.19324594736099243
v 0.38173288106918335 -0.27306365966796875 -0.007987640798091888
v 0.3742769658565521 -0.2527785301208496 -0.023524753749370575
v 0.39505743980407715 -0.26296597719192505 -0.007212258875370026
v 0.39942315220832825 -0.25483494997024536 -0.012098051607608795
v 0.3873140811920166 -0.25002458691596985 -0.02144714444875717
v 0.39521679282188416 -0.25128334760665894 -0.015732627362012863
v 0.39274296164512634 -0.25093477964401245 -0.020752739161252975
v 0.37613439559936523 -0.25923168659210205 -0.025400325655937195
v 0.3820403814315796 -0.27792564034461975 -0.02629314363002777
v -0.2973279654979706 -0.07105541974306107 0.05862930789589882
v -0.30880996584892273 -0.06466735154390335 0.054596513509750366
v -0.3037104606628418 -0.06163092330098152 0.04121847823262215
v -0.30911627411842346 -0.055776212364435196 0.02937561273574829
v -0.3024756610393524 -0.04251743108034134 0.04706082120537758
v -0.31518664956092834 -0.08065709471702576 0.08416391909122467
v -0.29432398080825806 -0.07404597848653793 0.07355796545743942
v -0.29734426736831665 -0.07201056182384491 0.06546209752559662
v -0.3362461030483246 -0.08113840222358704 0.08797822892665863
v -0.312338650226593 -0.04299866408109665 0.022350363433361053
v -0.31441783905029297 -0.02926100417971611 0.02167416736483574
v -0.3750087320804596 -0.07634767889976501 0.10811522603034973
v -0.3191710114479065 -0.011503632180392742 0.014087997376918793
v -0.20160266757011414 -0.10133499652147293 -0.0921984389424324
v -0.20717695355415344 -0.10962606966495514 -0.07755017280578613
v -0.2246052622795105 -0.09651754796504974 -0.09758120775222778
v -0.29643604159355164 -0.10670981556177139 -0.0517483726143837
v -0.31492987275123596 -0.10609950870275497 -0.060912396758794785
v -0.30941975116729736 -0.10880585759878159 -0.06759463250637054
v -0.24778065085411072 -0.11272314190864563 -0.054658740758895874
v -0.05173208937048912 -0.23977412283420563 -0.1721060574054718
v -0.05959329381585121 -0.24122412502765656 -0.1819465160369873
v -0.06823784112930298 -0.24411723017692566 -0.19212768971920013
v -0.07365614175796509 -0.24892665445804596 -0.18956471979618073
v -0.05623443052172661 -0.24895867705345154 -0.17068858444690704
v -0.058646563440561295 -0.26115652918815613 -0.1863892674446106
v -0.061907701194286346 -0.24770712852478027 -0.19835896790027618
v -0.06661071628332138 -0.25335216522216797 -0.1993015706539154
v -0.06102246791124344 -0.2596656084060669 -0.19706697762012482
v 0.39745816588401794 -0.27171945571899414 -0.02116401493549347
v 0.38781359791755676 -0.253673255443573 -0.024916023015975952
v 0.4036861062049866 -0.2630893290042877 -0.01716846227645874
v 0.40017780661582947 -0.2565595209598541 -0.01692282408475876
v 0.39175549149513245 -0.2527410686016083 -0.023132525384426117
v 0.39423462748527527 -0.25202542543411255 -0.02369368076324463
v 0.3941199481487274 -0.25291481614112854 -0.023553993552923203
v 0.3872317373752594 -0.26226314902305603 -0.028224080801010132
v 0.38877061009407043 -0.2694251835346222 -0.028842337429523468
v -0.3184334635734558 -0.06873559951782227 0.047273188829422
v -0.3112601041793823 -0.06748738884925842 0.023940492421388626
v -0.33358967304229736 -0.08349387347698212 0.07744341343641281
v -0.3075467646121979 -0.07356894016265869 0.07097958028316498
v -0.3612363934516907 -0.08321696519851685 0.0937846451997757
v -0.3212800920009613 -0.03608288615942001 0.00534597784280777
v -0.3224000930786133 -0.04977172240614891 -0.003259994089603424
v -0.31918129324913025 -0.06312591582536697 0.005959451198577881
v -0.31972888112068176 -0.02291538566350937 0.012434281408786774
v -0.31837838888168335 0.0029588197357952595 0.0028235800564289093
v -0.23841583728790283 -0.12086053192615509 -0.07057438790798187
v -0.2299732118844986 -0.11447601020336151 -0.09045145660638809
v -0.2558879256248474 -0.1104481890797615 -0.0907246470451355
v -0.26482662558555603 -0.09434336423873901 -0.08111099153757095
v -0.32003504037857056 -0.10851046442985535 -0.05698370188474655
v -0.29543253779411316 -0.1163872480392456 -0.05761393904685974
v -0.2750971019268036 -0.108645960688591 -0.04857249930500984
v -0.2864310145378113 -0.10931087285280228 -0.08050564676523209
v -0.30154749751091003 -0.1173306405544281 -0.07171560823917389
v -0.31423479318618774 -0.11568750441074371 -0.06489327549934387
v -0.32179397344589233 -0.1130538210272789 -0.06133592501282692
v -0.059757381677627563 -0.24382071197032928 -0.1785764843225479
v -0.06618815660476685 -0.24810847640037537 -0.18408623337745667
v -0.07824086397886276 -0.2545553147792816 -0.1889975368976593
v -0.07967416197061539 -0.25049424171447754 -0.19205936789512634
v -0.06131930276751518 -0.25715774297714233 -0.1779111623764038
v -0.0647565945982933 -0.26688021421432495 -0.19213175773620605
v -0.07208279520273209 -0.249016672372818 -0.19770202040672302
v -0.07285119593143463 -0.26291123032569885 -0.20221632719039917
v -0.0757918506860733 -0.25990867614746094 -0.2033429890871048
v 0.39248424768447876 -0.27218377590179443 -0.02615419775247574
v 0.4003790616989136 -0.2669124901294708 -0.022695712745189667
v 0.39181217551231384 -0.25641611218452454 -0.026507113128900528
v 0.4013185501098633 -0.26051995158195496 -0.02136865258216858
v 0.3959681987762451 -0.2581331133842468 -0.02432754449546337
v 0.3932607173919678 -0.25604236125946045 -0.02707752212882042
v 0.39175868034362793 -0.259651780128479 -0.029099518433213234
v 0.3912465572357178 -0.2625351548194885 -0.03112562745809555
v -0.310115247964859 -0.07105693221092224 0.058814678341150284
v -0.3241141140460968 -0.07175067067146301 0.05496727675199509
v -0.3225838243961334 -0.0745425596833229 0.026728395372629166
v -0.32362857460975647 -0.08336279541254044 0.0032693222165107727
v -0.31713005900382996 -0.06980568170547485 0.006857253611087799
v -0.35444286465644836 -0.0873073861002922 0.07647094130516052
v -0.3472050428390503 -0.08674764633178711 0.06196274608373642
v -0.32778987288475037 -0.07709452509880066 0.06632938235998154
v -0.3878699839115143 -0.08727288991212845 0.09486425668001175
v -0.3244403004646301 -0.06315237283706665 -0.016958080232143402
v -0.3244217038154602 -0.03735947981476784 -0.016336724162101746
v -0.3225698471069336 -0.024157758802175522 -0.007406160235404968
v -0.32300126552581787 -0.07458271086215973 -0.011247150599956512
v -0.4261363446712494 -0.07528124749660492 0.10546447336673737
v -0.320494681596756 -0.011541279032826424 -0.001978851854801178
v -0.3184424340724945 0.018436450511217117 -0.0131613127887249
v -0.27061155438423157 -0.12124482542276382 -0.06055397540330887
v -0.25857144594192505 -0.12150143086910248 -0.0798063576221466
v -0.2805930972099304 -0.1197722777724266 -0.07862959057092667
v -0.3280563950538635 -0.11304179579019547 -0.05865183845162392
v -0.3150894343852997 -0.11174092441797256 -0.0566396564245224
v -0.28877681493759155 -0.12051582336425781 -0.060117632150650024
v -0.2953961193561554 -0.1225869208574295 -0.06795717775821686
v -0.3063429296016693 -0.11968158185482025 -0.06510941684246063
v -0.3167215883731842 -0.1208629235625267 -0.06124307960271835
v -0.3242381811141968 -0.11766674369573593 -0.062004782259464264
v -0.06519700586795807 -0.2529493570327759 -0.1802191287279129
v -0.07220371067523956 -0.2556854486465454 -0.18402650952339172
v -0.08608172833919525 -0.26081275939941406 -0.1911388486623764
v -0.08297489583492279 -0.2641551196575165 -0.18783728778362274
v -0.06624261289834976 -0.26761871576309204 -0.18382500112056732
v -0.07221007347106934 -0.2696288824081421 -0.19932790100574493
v -0.08286300301551819 -0.2566143274307251 -0.19706329703330994
v -0.08537158370018005 -0.26539936661720276 -0.19834229350090027
v -0.08082125335931778 -0.27004072070121765 -0.2037864625453949
v 0.3984278440475464 -0.2689366340637207 -0.026008931919932365
v 0.39755699038505554 -0.26412826776504517 -0.023874556645751
v 0.3935551345348358 -0.26150113344192505 -0.026800233870744705
v 0.3958336114883423 -0.262320876121521 -0.028613414615392685
v 0.39535820484161377 -0.26149263978004456 -0.029681269079446793
v 0.3851854205131531 -0.257167786359787 -0.03162381798028946
v -0.33278775215148926 -0.07966747879981995 0.036478154361248016
v -0.337360143661499 -0.09400279819965363 0.006873562932014465
v -0.3307943642139435 -0.08651168644428253 -0.019408300518989563
v -0.38201412558555603 -0.09147727489471436 0.0834445059299469
v -0.3637249171733856 -0.09497205913066864 0.059465669095516205
v -0.33950546383857727 -0.08308105170726776 0.04745002090930939
v -0.35797250270843506 -0.09656503051519394 0.04371172934770584
v -0.41397419571876526 -0.08833903074264526 0.09226268529891968
v -0.3299539387226105 -0.07473059743642807 -0.0322079211473465
v -0.32584822177886963 -0.05003390461206436 -0.021357133984565735
v -0.32876235246658325 -0.05900216102600098 -0.033379316329956055
v -0.3250124156475067 -0.0261395201086998 -0.023185327649116516
v -0.322356253862381 -0.012338297441601753 -0.0199979729950428
v -0.318940669298172 0.0041334317065775394 -0.015588633716106415
v -0.3237871527671814 0.0317690372467041 -0.024014201015233994
v -0.2827650308609009 -0.12196557968854904 -0.06971551477909088
v -0.33199378848075867 -0.11605264246463776 -0.060007184743881226
v -0.32654279470443726 -0.11337922513484955 -0.05802661553025246
v -0.3051525950431824 -0.11718921363353729 -0.05689955875277519
v -0.3000636398792267 -0.12225479632616043 -0.06064713001251221
v -0.30838364362716675 -0.12277477979660034 -0.05969849228858948
v -0.3129565715789795 -0.1231064721941948 -0.0586094930768013
v -0.32484346628189087 -0.12354417890310287 -0.06015673279762268
v -0.32145798206329346 -0.12542058527469635 -0.056098468601703644
v -0.06873680651187897 -0.26256150007247925 -0.18352484703063965
v -0.07858102023601532 -0.26842358708381653 -0.18507544696331024
v -0.09036677330732346 -0.26995790004730225 -0.1886236071586609
v -0.08870290219783783 -0.2737141251564026 -0.18572500348091125
v -0.07191599905490875 -0.27500832080841064 -0.19216512143611908
v -0.0794423371553421 -0.2771338224411011 -0.20502400398254395
v -0.09108865261077881 -0.26605120301246643 -0.19251349568367004
v -0.09136812388896942 -0.27744996547698975 -0.19764816761016846
v -0.09544707834720612 -0.2736889719963074 -0.1906047761440277
v 0.3936299681663513 -0.26654353737831116 -0.030805746093392372
v 0.38713538646698 -0.26193514466285706 -0.026350680738687515
v 0.402110755443573 -0.2700618505477905 -0.03715759143233299
v 0.3950357437133789 -0.26362401247024536 -0.030354395508766174
v 0.38120606541633606 -0.2583019435405731 -0.029362734407186508
v -0.3358411490917206 -0.09009149670600891 0.017899788916110992
v -0.3511544466018677 -0.10338590294122696 0.005783669650554657
v -0.3397618234157562 -0.09928753972053528 -0.01062031090259552
v -0.3374221920967102 -0.08667397499084473 -0.03488367795944214
v -0.3820016384124756 -0.09689414501190186 0.06567730754613876
v -0.4053966999053955 -0.09067460149526596 0.08670903742313385
v -0.38177889585494995 -0.10373859107494354 0.045870885252952576
v -0.3766891360282898 -0.10704659670591354 0.030953295528888702
v -0.3556637167930603 -0.09913216531276703 0.025286860764026642
v -0.43689194321632385 -0.08675505220890045 0.08977927267551422
v -0.3334300220012665 -0.06367439031600952 -0.042662687599658966
v -0.33507201075553894 -0.05105601251125336 -0.047375597059726715
v -0.3285219967365265 -0.04104670509696007 -0.03455783426761627
v -0.32870763540267944 -0.01787911355495453 -0.039765723049640656
v -0.3249659836292267 0.0026368440594524145 -0.03552902862429619
v -0.32196635007858276 0.018229998648166656 -0.02985392138361931
v -0.330061674118042 -0.11637434363365173 -0.05831052362918854
v -0.3346902132034302 -0.1197768822312355 -0.06120261177420616
v -0.3237241506576538 -0.1156945675611496 -0.05447525158524513
v -0.31663087010383606 -0.11893299967050552 -0.05325968191027641
v -0.31555697321891785 -0.12046633660793304 -0.05426265299320221
v -0.3166266977787018 -0.12372100353240967 -0.051072847098112106
v -0.32114219665527344 -0.1316228210926056 -0.04695568606257439
v -0.32955724000930786 -0.13017705082893372 -0.05889179930090904
v -0.0723213329911232 -0.27098405361175537 -0.1861923635005951
v -0.08415309339761734 -0.27988845109939575 -0.18867267668247223
v -0.09712959080934525 -0.27852270007133484 -0.1859455406665802
v -0.09644439816474915 -0.2864663600921631 -0.18488623201847076
v -0.07697165012359619 -0.28196415305137634 -0.1987265795469284
v -0.08737766742706299 -0.2849630117416382 -0.20408502221107483
v -0.09857629984617233 -0.27606067061424255 -0.1878432035446167
v -0.10207650065422058 -0.27890273928642273 -0.18601365387439728
v -0.0996103286743164 -0.2811627984046936 -0.1866503804922104
v 0.3868914544582367 -0.2597575783729553 -0.02616065926849842
v 0.39757028222084045 -0.2642023265361786 -0.04181651771068573
v 0.396275132894516 -0.26942741870880127 -0.03860515356063843
v 0.402848482131958 -0.27518796920776367 -0.044522225856781006
v 0.3843842148780823 -0.26091933250427246 -0.038849812000989914
v 0.38814955949783325 -0.26717641949653625 -0.0377875380218029
v -0.36772215366363525 -0.10955683141946793 0.009234718978404999
v -0.3519303798675537 -0.10698699951171875 -0.0050473809242248535
v -0.34393203258514404 -0.09890823066234589 -0.02782130241394043
v -0.34117716550827026 -0.07734605669975281 -0.04614069312810898
v -0.4059375524520874 -0.10373518615961075 0.05557240545749664
v -0.4106430411338806 -0.09693881869316101 0.07391936331987381
v -0.42680472135543823 -0.09306018799543381 0.08162830024957657
v -0.3949088156223297 -0.10994035750627518 0.034145623445510864
v -0.3810116648674011 -0.11231935024261475 0.015819072723388672
v -0.45417681336402893 -0.08251825720071793 0.08753024786710739
v -0.34263360500335693 -0.06047314405441284 -0.053979016840457916
v -0.3464410603046417 -0.045603349804878235 -0.05917545035481453
v -0.3365383446216583 -0.03355620056390762 -0.05095914006233215
v -0.33427339792251587 0.00035019571078009903 -0.05007929354906082
v -0.32965198159217834 0.016467401757836342 -0.04272562265396118
v -0.328340619802475 0.03167447820305824 -0.03594397380948067
v -0.3372000455856323 -0.11703092604875565 -0.061573728919029236
v -0.32711246609687805 -0.1151781678199768 -0.05740545690059662
v -0.3358582556247711 -0.12535743415355682 -0.06577176600694656
v -0.3192979097366333 -0.11415943503379822 -0.05610205978155136
v -0.3180427849292755 -0.11432163417339325 -0.05191262066364288
v -0.3231106102466583 -0.12251986563205719 -0.045797280967235565
v -0.32668542861938477 -0.12920209765434265 -0.04859305918216705
v -0.33445417881011963 -0.1337985396385193 -0.0568075031042099
v -0.08022348582744598 -0.28299370408058167 -0.19255253672599792
v -0.0887952595949173 -0.29018843173980713 -0.18904343247413635
v -0.10170094668865204 -0.2834389805793762 -0.18367330729961395
v -0.10222873836755753 -0.29505228996276855 -0.18068581819534302
v -0.08529026061296463 -0.2927727699279785 -0.20387795567512512
v -0.09783992171287537 -0.2890823483467102 -0.1957254260778427
v -0.105087511241436 -0.2803850769996643 -0.18407385051250458
v -0.10874269902706146 -0.28524249792099 -0.18007753789424896
v -0.10904385149478912 -0.29015424847602844 -0.18265484273433685
v 0.38147374987602234 -0.256771445274353 -0.03313592076301575
v 0.3881451487541199 -0.26457086205482483 -0.03485604375600815
v 0.3970468044281006 -0.2751385569572449 -0.050550978630781174
v 0.3922969698905945 -0.27466726303100586 -0.048239048570394516
v 0.40015900135040283 -0.2817399799823761 -0.055578380823135376
v 0.38849252462387085 -0.27402302622795105 -0.050103262066841125
v 0.3813551366329193 -0.2582327723503113 -0.04069429636001587
v -0.36631524562835693 -0.11327998340129852 -0.0011272132396697998
v -0.3523198068141937 -0.10878001898527145 -0.01815265417098999
v -0.3511267304420471 -0.09376634657382965 -0.04060474783182144
v -0.3537738621234894 -0.06882491707801819 -0.057854197919368744
v -0.42352738976478577 -0.10079380124807358 0.06116907298564911
v -0.40661153197288513 -0.1077565997838974 0.04106059670448303
v -0.43436580896377563 -0.09605269134044647 0.07034017145633698
v -0.4491684138774872 -0.0901869609951973 0.07746417820453644
v -0.3974663019180298 -0.11360248923301697 0.022743195295333862
v -0.38338327407836914 -0.1169118732213974 0.0003471449017524719
v -0.4703366160392761 -0.0806180015206337 0.08144387602806091
v -0.3588283956050873 -0.05344165861606598 -0.06533659994602203
v -0.34981828927993774 -0.030643243342638016 -0.06176421046257019
v -0.36199331283569336 -0.03755655884742737 -0.06932275742292404
v -0.3412601947784424 -0.015603679232299328 -0.057091258466243744
v -0.3421473205089569 0.017539696767926216 -0.05594971403479576
v -0.33632394671440125 0.028563134372234344 -0.04676610603928566
v -0.3377816677093506 0.04239214211702347 -0.04399147629737854
v -0.3394505977630615 -0.11624372750520706 -0.06954467296600342
v -0.33207380771636963 -0.11354385316371918 -0.06302099674940109
v -0.33845245838165283 -0.13312147557735443 -0.06517665088176727
v -0.32296881079673767 -0.10873059183359146 -0.05626840144395828
v -0.3221580684185028 -0.1110372468829155 -0.050582367926836014
v -0.32716211676597595 -0.1168709322810173 -0.04689527302980423
v -0.3386458158493042 -0.13383997976779938 -0.059982091188430786
v -0.3314327001571655 -0.1305558681488037 -0.04712416231632233
v -0.08501003682613373 -0.2921774089336395 -0.19685260951519012
v -0.09412993490695953 -0.29848790168762207 -0.1929248720407486
v -0.11347852647304535 -0.2886625826358795 -0.1801009625196457
v -0.11480391025543213 -0.3034631013870239 -0.18231327831745148
v -0.09685580432415009 -0.29874199628829956 -0.20055441558361053
v -0.11143597960472107 -0.2997165024280548 -0.18660899996757507
v -0.11256047338247299 -0.2832290232181549 -0.18248623609542847
v -0.11797728389501572 -0.2960221767425537 -0.1777007132768631
v -0.1160954087972641 -0.3004957437515259 -0.18119576573371887
v 0.37856465578079224 -0.2601902484893799 -0.04253741726279259
v 0.38502874970436096 -0.26580488681793213 -0.0460846982896328
v 0.39535751938819885 -0.28124937415122986 -0.0598507896065712
v 0.39034056663513184 -0.2759249210357666 -0.05149783194065094
v 0.4003278911113739 -0.2872924208641052 -0.060451675206422806
v 0.3917919993400574 -0.27856048941612244 -0.06796236336231232
v 0.3802573084831238 -0.2637544274330139 -0.056497927755117416
v -0.3650449514389038 -0.11666703224182129 -0.013724982738494873
v -0.36023053526878357 -0.10787615180015564 -0.03488267958164215
v -0.3642899990081787 -0.08385498821735382 -0.05567765235900879
v -0.37198811769485474 -0.06656347215175629 -0.06499575823545456
v -0.4400922656059265 -0.09964416921138763 0.055138058960437775
v -0.4241516590118408 -0.10465838015079498 0.04852233827114105
v -0.41120222210884094 -0.11166595667600632 0.029999561607837677
v -0.45485371351242065 -0.09357985854148865 0.06379298865795135
v -0.4721921384334564 -0.08741546422243118 0.06833730638027191
v -0.39974796772003174 -0.11824312061071396 0.004769489169120789
v -0.3813645839691162 -0.12078917771577835 -0.010201439261436462
v -0.4962843358516693 -0.07836738228797913 0.07088309526443481
v -0.3786603808403015 -0.047082893550395966 -0.07210482656955719
v -0.3784450590610504 -0.0260747242718935 -0.07603766769170761
v -0.36170893907546997 -0.014584317803382874 -0.07080821692943573
v -0.3509402573108673 0.002684513106942177 -0.06412635743618011
v -0.35773393511772156 0.021533150225877762 -0.06495749950408936
v -0.3477797508239746 0.03456912562251091 -0.05515572056174278
v -0.34958547353744507 0.05270824208855629 -0.050005510449409485
v -0.34148478507995605 -0.11796430498361588 -0.07716962695121765
v -0.34263819456100464 -0.12816226482391357 -0.0717155784368515
v -0.336838960647583 -0.11118054389953613 -0.07128804922103882
v -0.3421279191970825 -0.13217580318450928 -0.06874766945838928
v -0.3283814787864685 -0.10496842116117477 -0.06180374696850777
v -0.32770872116088867 -0.10757496953010559 -0.053926967084407806
v -0.33143484592437744 -0.11875808984041214 -0.04584715887904167
v -0.3408244848251343 -0.13068383932113647 -0.05492251366376877
v -0.3451104164123535 -0.13105508685112 -0.0628833919763565
v -0.09535428136587143 -0.3021826446056366 -0.2016173005104065
v -0.10855988413095474 -0.3118239939212799 -0.18877017498016357
v -0.12465724349021912 -0.30309879779815674 -0.1796397566795349
v -0.12506115436553955 -0.31587013602256775 -0.182922825217247
v -0.10853900015354156 -0.30537673830986023 -0.1927633136510849
v -0.11752528697252274 -0.3091101348400116 -0.18488702178001404
v -0.12198437750339508 -0.2908540666103363 -0.17686861753463745
v -0.12516295909881592 -0.30698537826538086 -0.17619597911834717
v -0.12793250381946564 -0.303178071975708 -0.17729848623275757
v 0.37549352645874023 -0.26071110367774963 -0.05235539376735687
v 0.37882694602012634 -0.26787641644477844 -0.05471571162343025
v 0.39937523007392883 -0.286992609500885 -0.06617642194032669
v 0.39325767755508423 -0.2863732874393463 -0.05782339721918106
v 0.3986629247665405 -0.2923657298088074 -0.06401654332876205
v 0.3947657644748688 -0.28455886244773865 -0.07370417565107346
v 0.3804470896720886 -0.2696066200733185 -0.07238007336854935
v -0.37047624588012695 -0.11602018028497696 -0.028317458927631378
v -0.3701544404029846 -0.09918078780174255 -0.04893773794174194
v -0.38467612862586975 -0.07973945140838623 -0.06264249235391617
v -0.3917067050933838 -0.06514360755681992 -0.06789390742778778
v -0.4245759844779968 -0.10800761729478836 0.03771001845598221
v -0.4165089428424835 -0.11513814330101013 0.017458394169807434
v -0.4700298011302948 -0.09112536907196045 0.05811202526092529
v -0.4865405261516571 -0.08505218476057053 0.06001591682434082
v -0.4026070237159729 -0.12228460609912872 -0.009715184569358826
v -0.3807700574398041 -0.1209845095872879 -0.021412283182144165
v -0.5233575701713562 -0.07048992812633514 0.06495776772499084
v -0.39875906705856323 -0.03193902596831322 -0.07989347726106644
v -0.39957985281944275 -0.016656983643770218 -0.08376537263393402
v -0.38315558433532715 -0.0069627296179533005 -0.079877108335495
v -0.3681558072566986 0.004957554861903191 -0.07258261740207672
v -0.3743683099746704 0.02451496571302414 -0.07130958139896393
v -0.36336979269981384 0.04382701590657234 -0.06254102289676666
v -0.3637754023075104 0.06405586004257202 -0.0556880384683609
v -0.3716154098510742 0.07775043696165085 -0.05309963971376419
v -0.3392673432826996 -0.10915978997945786 -0.07396179437637329
v -0.3436446189880371 -0.1250264048576355 -0.07711098343133926
v -0.34462103247642517 -0.11239426583051682 -0.07920441031455994
v -0.34701845049858093 -0.1281139999628067 -0.07119844853878021
v -0.3331020176410675 -0.10570258647203445 -0.06708700954914093
v -0.3331632614135742 -0.11007807403802872 -0.055321745574474335
v -0.3378363847732544 -0.12630027532577515 -0.04905777797102928
v -0.35311174392700195 -0.1266089528799057 -0.06531081348657608
v -0.3494585156440735 -0.12838393449783325 -0.06267088651657104
v -0.11017544567584991 -0.31092244386672974 -0.19575944542884827
v -0.12176546454429626 -0.3205239772796631 -0.18705543875694275
v -0.13429464399814606 -0.3172070384025574 -0.1804008185863495
v -0.13431154191493988 -0.33074480295181274 -0.18375399708747864
v -0.11767508089542389 -0.3105989396572113 -0.18691463768482208
v -0.12493018060922623 -0.3130396604537964 -0.18012584745883942
v -0.13379181921482086 -0.3067934215068817 -0.17804095149040222
v -0.13704799115657806 -0.3166378140449524 -0.17873691022396088
v -0.13316506147384644 -0.3151431679725647 -0.17372511327266693
v 0.364641398191452 -0.2576649487018585 -0.05733787640929222
v 0.38141730427742004 -0.26785510778427124 -0.05947530269622803
v 0.39965420961380005 -0.29387304186820984 -0.07474400848150253
v 0.39958295226097107 -0.2956869602203369 -0.06150338798761368
v 0.3997492790222168 -0.2963765859603882 -0.07100147008895874
v 0.3721769452095032 -0.2793196439743042 -0.07228345423936844
v 0.3856150209903717 -0.28294625878334045 -0.07725443691015244
v -0.38199493288993835 -0.11196047067642212 -0.04450603574514389
v -0.38228800892829895 -0.0916202962398529 -0.055985160171985626
v -0.4004647135734558 -0.0755125880241394 -0.06710519641637802
v -0.40667450428009033 -0.04971779137849808 -0.07512792944908142
v -0.4408020079135895 -0.10377167910337448 0.04063583165407181
v -0.4300382137298584 -0.10999590158462524 0.02764693647623062
v -0.4245801866054535 -0.12010045349597931 -0.0008642524480819702
v -0.48003846406936646 -0.09002601355314255 0.049501799046993256
v -0.46074363589286804 -0.09567299485206604 0.0493660494685173
v -0.5099133253097534 -0.0785040333867073 0.05635952204465866
v -0.3996807038784027 -0.1257331669330597 -0.023215726017951965
v -0.3954681158065796 -0.12090310454368591 -0.03737109899520874
v -0.5528748631477356 -0.06402744352817535 0.056261368095874786
v -0.41285887360572815 -0.020555883646011353 -0.0857231393456459
v -0.41783419251441956 -0.006790632382035255 -0.09040103852748871
v -0.4026713967323303 -0.0005047731101512909 -0.08569832146167755
v -0.38882124423980713 0.010133404284715652 -0.08004198968410492
v -0.39550748467445374 0.028311338275671005 -0.080341637134552
v -0.3843045234680176 0.04481972008943558 -0.07190565764904022
v -0.3763107359409332 0.064484603703022 -0.06232874095439911
v -0.3889831304550171 0.08615823835134506 -0.06060507893562317
v -0.34171396493911743 -0.10857360064983368 -0.07460475713014603
v -0.34664106369018555 -0.11705552786588669 -0.0762641429901123
v -0.34446263313293457 -0.10978628695011139 -0.07963839173316956
v -0.3493475914001465 -0.11804123967885971 -0.07169832289218903
v -0.3370438814163208 -0.10743357986211777 -0.06635569781064987
v -0.33692675828933716 -0.11496075987815857 -0.05206308886408806
v -0.3479287028312683 -0.12754704058170319 -0.05645183101296425
v -0.36134839057922363 -0.12407037615776062 -0.06944040954113007
v -0.35778680443763733 -0.11936452239751816 -0.06478266417980194
v -0.11937114596366882 -0.320363312959671 -0.18901844322681427
v -0.1285821795463562 -0.3306505084037781 -0.18879857659339905
v -0.1410633623600006 -0.330025315284729 -0.18056711554527283
v -0.14067909121513367 -0.3346655070781708 -0.1854909211397171
v -0.12617500126361847 -0.3226959705352783 -0.18528787791728973
v -0.13442584872245789 -0.3194239139556885 -0.17768998444080353
v -0.14027252793312073 -0.32144904136657715 -0.17859835922718048
v -0.14305050671100616 -0.33151975274086 -0.1788100302219391
v -0.1423376202583313 -0.33083948493003845 -0.1810067743062973
v 0.37239736318588257 -0.2848479151725769 -0.0565897636115551
v 0.38579148054122925 -0.2865650951862335 -0.05823265016078949
v 0.38965168595314026 -0.28687289357185364 -0.05994642153382301
v 0.3959822952747345 -0.29223397374153137 -0.07880460470914841
v 0.3978691101074219 -0.2996366024017334 -0.07761425524950027
v 0.40367671847343445 -0.30053815245628357 -0.06720516085624695
v 0.37584173679351807 -0.2880684435367584 -0.07643315196037292
v 0.3693535327911377 -0.29098910093307495 -0.06919543445110321
v -0.3894440233707428 -0.10020355880260468 -0.05497576296329498
v -0.3980600833892822 -0.08836810290813446 -0.06081579625606537
v -0.41439539194107056 -0.06706874072551727 -0.07072888314723969
v -0.425625205039978 -0.033788904547691345 -0.08457182347774506
v -0.4384179711341858 -0.11436635255813599 0.011642172932624817
v -0.4324550926685333 -0.1258794218301773 -0.020764440298080444
v -0.4982530474662781 -0.08344779908657074 0.04981370270252228
v -0.4752345681190491 -0.09316934645175934 0.0409240797162056
v -0.5370405912399292 -0.07115401327610016 0.04897899925708771
v -0.4230961501598358 -0.12607979774475098 -0.03466781973838806
v -0.4054136276245117 -0.11051635444164276 -0.05211339145898819
v -0.58202064037323 -0.05538351088762283 0.04983823001384735
v -0.43162164092063904 -0.015234440565109253 -0.09337866306304932
v -0.4356318414211273 -0.00102170929312706 -0.09669896960258484
v -0.42296841740608215 0.007313355803489685 -0.09301219880580902
v -0.4113365709781647 0.01617385819554329 -0.0883059948682785
v -0.4201233386993408 0.03638269752264023 -0.0883684754371643
v -0.4060323238372803 0.048490166664123535 -0.07947833091020584
v -0.3959498107433319 0.06624270230531693 -0.07079332321882248
v -0.40882164239883423 0.08666573464870453 -0.06843578815460205
v -0.34136709570884705 -0.10614969581365585 -0.0710425153374672
v -0.3454784154891968 -0.11032489687204361 -0.0767340436577797
v -0.3481941223144531 -0.10637441277503967 -0.07230152189731598
v -0.3591410219669342 -0.11531002819538116 -0.06457722187042236
v -0.3374555706977844 -0.10795357078313828 -0.06236579269170761
v -0.3440341651439667 -0.1210160106420517 -0.05492781847715378
v -0.3586227297782898 -0.12536680698394775 -0.06569080054759979
v -0.3725360035896301 -0.1162606030702591 -0.062003474682569504
v -0.3665933310985565 -0.115467868745327 -0.0625251978635788
v -0.12934136390686035 -0.33054816722869873 -0.18880413472652435
v -0.13505996763706207 -0.3358001112937927 -0.18982943892478943
v -0.14283086359500885 -0.33706533908843994 -0.18865294754505157
v -0.14574238657951355 -0.33781862258911133 -0.18707096576690674
v -0.1350717395544052 -0.3249562382698059 -0.18209511041641235
v -0.14367133378982544 -0.3308987021446228 -0.17895717918872833
v -0.14242124557495117 -0.3338707685470581 -0.18325363099575043
v -0.14595608413219452 -0.3438417613506317 -0.18335483968257904
v -0.14323747158050537 -0.34061121940612793 -0.18299102783203125
v 0.3772393763065338 -0.300500750541687 -0.0627366304397583
v 0.38717836141586304 -0.2988627851009369 -0.05877610296010971
v 0.3964959979057312 -0.29779481887817383 -0.05832614004611969
v 0.39273640513420105 -0.2969319522380829 -0.08001171052455902
v 0.4083801209926605 -0.3033149242401123 -0.07009084522724152
v 0.40107813477516174 -0.3008987605571747 -0.07712182402610779
v 0.3845328688621521 -0.2924683690071106 -0.08054743707180023
v 0.37465041875839233 -0.29997512698173523 -0.07956196367740631
v 0.3711124360561371 -0.30361267924308777 -0.07213982939720154
v -0.40878450870513916 -0.09635335206985474 -0.06014907360076904
v -0.41574588418006897 -0.07989007234573364 -0.0676589384675026
v -0.43286484479904175 -0.05496634542942047 -0.07783372700214386
v -0.4464126229286194 -0.022930672392249107 -0.09610726684331894
v -0.451989084482193 -0.10660826414823532 0.0231301411986351
v -0.45134928822517395 -0.11563217639923096 -0.002673119306564331
v -0.44415754079818726 -0.1273011863231659 -0.03100346028804779
v -0.517106294631958 -0.07866078615188599 0.04157228767871857
v -0.493633896112442 -0.08724885433912277 0.040212444961071014
v -0.46422338485717773 -0.09885751456022263 0.034445397555828094
v -0.5644624829292297 -0.06401645392179489 0.04218694567680359
v -0.4283476173877716 -0.10454939305782318 -0.059909261763095856
v -0.6069291234016418 -0.044510141015052795 0.04345214366912842
v -0.44859740138053894 -0.005349662154912949 -0.10088276863098145
v -0.4374220669269562 0.014588683843612671 -0.09899699687957764
v -0.4526144862174988 0.009699076414108276 -0.10580228269100189
v -0.42786848545074463 0.02256033569574356 -0.0948646143078804
v -0.43534165620803833 0.044089965522289276 -0.09636792540550232
v -0.42873337864875793 0.05522733926773071 -0.08407718688249588
v -0.41762998700141907 0.06798343360424042 -0.07171367108821869
v -0.42204999923706055 0.10507266223430634 -0.0757107064127922
v -0.34466394782066345 -0.11082062125205994 -0.06585212051868439
v -0.35251641273498535 -0.11173045635223389 -0.06460066884756088
v -0.353823721408844 -0.1074235811829567 -0.06821369379758835
v -0.36343106627464294 -0.10938186198472977 -0.06035942584276199
v -0.3406853675842285 -0.11384432017803192 -0.059331104159355164
v -0.354790061712265 -0.12244599312543869 -0.06002933531999588
v -0.37303003668785095 -0.12183929979801178 -0.06750641018152237
v -0.3813067376613617 -0.11410430073738098 -0.05059728026390076
v -0.3728385269641876 -0.11422955989837646 -0.055367596447467804
v -0.13594260811805725 -0.3352208137512207 -0.1876811683177948
v -0.1438092291355133 -0.3400443196296692 -0.19371521472930908
v -0.14524731040000916 -0.34372231364250183 -0.19584301114082336
v -0.14801602065563202 -0.3487362265586853 -0.19960375130176544
v -0.1449628621339798 -0.33401554822921753 -0.1838296800851822
v -0.14922676980495453 -0.343770295381546 -0.1842765510082245
v -0.1415659636259079 -0.340351939201355 -0.18825042247772217
v -0.1503387987613678 -0.35435453057289124 -0.19062994420528412
v -0.1458536833524704 -0.35180485248565674 -0.18749956786632538
v 0.3782143294811249 -0.31102627515792847 -0.06788311153650284
v 0.38656824827194214 -0.31067752838134766 -0.06065596267580986
v 0.404430627822876 -0.30698612332344055 -0.05982948839664459
v 0.3930594325065613 -0.2992766201496124 -0.08076068758964539
v 0.4172925651073456 -0.3092992305755615 -0.0785500705242157
v 0.40219223499298096 -0.3029017746448517 -0.08383834362030029
v 0.3851627707481384 -0.3014265298843384 -0.0825478658080101
v 0.375175803899765 -0.3148519992828369 -0.0725964829325676
v 0.372263103723526 -0.31266695261001587 -0.08124076575040817
v -0.4320017695426941 -0.08588705956935883 -0.07136701792478561
v -0.4373648464679718 -0.0717179924249649 -0.07442643493413925
v -0.45670783519744873 -0.03946167230606079 -0.09361596405506134
v -0.4602941572666168 -0.008696068078279495 -0.10552546381950378
v -0.4667046070098877 -0.11843153834342957 -0.02410157024860382
v -0.4659060835838318 -0.10811278969049454 0.011729612946510315
v -0.4673699736595154 -0.12261849641799927 -0.03883346915245056
v -0.4451025426387787 -0.12142772972583771 -0.046657904982566833
v -0.5119895339012146 -0.08331115543842316 0.03074805438518524
v -0.5458311438560486 -0.0714978277683258 0.0333864688873291
v -0.4875805974006653 -0.09161417931318283 0.03137720376253128
v -0.477417916059494 -0.09901849180459976 0.022864744067192078
v -0.59334796667099 -0.05256521701812744 0.03407776355743408
v -0.4238942861557007 -0.11799423396587372 -0.04698141664266586
v -0.45414790511131287 -0.09457246959209442 -0.07232487946748734
v -0.44856151938438416 -0.11122427880764008 -0.05836714804172516
v -0.6238399147987366 -0.02982468158006668 0.045699357986450195
v -0.4637770652770996 0.005653858184814453 -0.11077192425727844
v -0.46374547481536865 0.02119329571723938 -0.1143515408039093
v -0.45148390531539917 0.022277824580669403 -0.10719171166419983
v -0.44269582629203796 0.03179574012756348 -0.10352596640586853
v -0.44282227754592896 0.06251773238182068 -0.09526894986629486
v -0.4419943392276764 0.07814650237560272 -0.08245238661766052
v -0.42942237854003906 0.09475651383399963 -0.07812333852052689
v -0.4334762990474701 0.11548386514186859 -0.0849980041384697
v -0.3518578112125397 -0.11648374795913696 -0.057514872401952744
v -0.35881948471069336 -0.11739891767501831 -0.0548846572637558
v -0.3566354811191559 -0.11298781633377075 -0.06135544180870056
v -0.3704032301902771 -0.11347877234220505 -0.05078878998756409
v -0.35252925753593445 -0.12044867128133774 -0.05750483646988869
v -0.3702087104320526 -0.12571653723716736 -0.06504561007022858
v -0.38434672355651855 -0.11836441606283188 -0.05988737940788269
v -0.3884628713130951 -0.11448077112436295 -0.04456821084022522
v -0.37946784496307373 -0.11446204036474228 -0.04508586972951889
v -0.14451396465301514 -0.3382028341293335 -0.18796086311340332
v -0.14665961265563965 -0.34489867091178894 -0.19679126143455505
v -0.14573800563812256 -0.3538829982280731 -0.20004911720752716
v -0.1439528465270996 -0.35724762082099915 -0.20713810622692108
v -0.1512307971715927 -0.34284287691116333 -0.18851950764656067
v -0.1540863960981369 -0.35300707817077637 -0.19792556762695312
v -0.14451341331005096 -0.3470079302787781 -0.1894155889749527
v -0.15642289817333221 -0.3622407019138336 -0.20160163938999176
v -0.14944195747375488 -0.3635914921760559 -0.1948910653591156
v 0.3849203288555145 -0.3229804039001465 -0.06820391118526459
v 0.4012534022331238 -0.3212099075317383 -0.06696319580078125
v 0.4141440689563751 -0.3184826374053955 -0.07231386005878448
v 0.3867839574813843 -0.3063613772392273 -0.08778244256973267
v 0.4217066764831543 -0.32045894861221313 -0.10061045736074448
v 0.4094482660293579 -0.3115100860595703 -0.10059979557991028
v 0.3777941167354584 -0.3100859224796295 -0.08669332414865494
v 0.3735438287258148 -0.32338863611221313 -0.09259551018476486
v 0.37502822279930115 -0.33252376317977905 -0.08455686271190643
v -0.4565022587776184 -0.0773264616727829 -0.08081506937742233
v -0.46476486325263977 -0.059513069689273834 -0.08910810947418213
v -0.471350759267807 -0.021173089742660522 -0.10748593509197235
v -0.4742046296596527 -0.0015884563326835632 -0.1146778017282486
v -0.49128100275993347 -0.11930735409259796 -0.03714194893836975
v -0.48623010516166687 -0.10941582173109055 -0.004987627267837524
v -0.49387240409851074 -0.11409182846546173 -0.050696611404418945
v -0.47021836042404175 -0.11383315920829773 -0.05761903524398804
v -0.5364283919334412 -0.07932571321725845 0.017611771821975708
v -0.5058479905128479 -0.09012576192617416 0.01894305646419525
v -0.5771387219429016 -0.060030825436115265 0.028884857892990112
v -0.49720484018325806 -0.10012531280517578 0.007846608757972717
v -0.6195460557937622 -0.04041039198637009 0.03240092098712921
v -0.4757022559642792 -0.10053591430187225 -0.07240664958953857
v -0.47949692606925964 -0.08416122198104858 -0.08439195901155472
v -0.6397548317909241 -0.01552058756351471 0.029957816004753113
v -0.475271612405777 0.01757238060235977 -0.12065701186656952
v -0.45670029520988464 0.03709062188863754 -0.11316455900669098
v -0.4730709493160248 0.03655470162630081 -0.12462758272886276
v -0.44836461544036865 0.050359807908535004 -0.10565909743309021
v -0.44496428966522217 0.08091183006763458 -0.09903584420681
v -0.4435550272464752 0.0940224826335907 -0.09246813505887985
v -0.43987715244293213 0.10785345733165741 -0.092886783182621
v -0.4396231174468994 0.13405171036720276 -0.10633563250303268
v -0.3605652451515198 -0.12268517911434174 -0.05540800094604492
v -0.3655058741569519 -0.11593375355005264 -0.050955891609191895
v -0.3682185411453247 -0.1253281682729721 -0.05306504666805267
v -0.37736594676971436 -0.11636704951524734 -0.04157020151615143
v -0.3680657744407654 -0.1245381161570549 -0.059770628809928894
v -0.3838597536087036 -0.12390586733818054 -0.06276146322488785
v -0.39002490043640137 -0.11434750258922577 -0.049081236124038696
v -0.38645175099372864 -0.11742125451564789 -0.032879702746868134
v -0.3891076147556305 -0.11436553299427032 -0.038515642285346985
v -0.15271466970443726 -0.3478798568248749 -0.19468042254447937
v -0.14851269125938416 -0.35449206829071045 -0.20546123385429382
v -0.14057877659797668 -0.3663100600242615 -0.2137279361486435
v -0.1446942389011383 -0.3657509684562683 -0.20322048664093018
v -0.15604117512702942 -0.35924872756004333 -0.20607037842273712
v -0.15750250220298767 -0.36604875326156616 -0.2093745470046997
v -0.146415114402771 -0.35977622866630554 -0.19513384997844696
v -0.15305572748184204 -0.37188276648521423 -0.20137979090213776
v -0.1477343887090683 -0.36726444959640503 -0.2059166431427002
v 0.40030816197395325 -0.34434807300567627 -0.07966987043619156
v 0.41806429624557495 -0.3353489935398102 -0.08189179748296738
v 0.4251531958580017 -0.32565659284591675 -0.09119062125682831
v 0.39073121547698975 -0.31237244606018066 -0.10059428215026855
v 0.43013983964920044 -0.33469003438949585 -0.11527791619300842
v 0.41819122433662415 -0.3273526728153229 -0.12180405855178833
v 0.3776569664478302 -0.31970053911209106 -0.09794910997152328
v 0.3724345862865448 -0.34041422605514526 -0.10755641758441925
v 0.3863091468811035 -0.3607548773288727 -0.10242573171854019
v -0.47981396317481995 -0.06926794350147247 -0.09155701845884323
v -0.485562801361084 -0.03918538987636566 -0.10834099352359772
v -0.4858546555042267 -0.0087784044444561 -0.11945794522762299
v -0.4872729778289795 0.010355323553085327 -0.12616102397441864
v -0.506089448928833 -0.10767202824354172 -0.023523002862930298
v -0.5130540132522583 -0.10991465300321579 -0.051762789487838745
v -0.49911439418792725 -0.10249810665845871 -0.07112105190753937
v -0.5188964605331421 -0.1018306165933609 -0.0688900500535965
v -0.5714089870452881 -0.06709486246109009 0.018753334879875183
v -0.561570942401886 -0.07580675184726715 0.008167311549186707
v -0.5294778347015381 -0.08720657229423523 0.005653470754623413
v -0.6027836203575134 -0.0513412281870842 0.01829199492931366
v -0.517332911491394 -0.0991685539484024 -0.006819307804107666
v -0.6404553651809692 -0.022177882492542267 0.01472221314907074
v -0.5097641944885254 -0.08596231043338776 -0.08977039903402328
v -0.5034431219100952 -0.07011454552412033 -0.09994254261255264
v -0.6560488343238831 0.003390699625015259 0.013282090425491333
v -0.488007515668869 0.03441402316093445 -0.13462980091571808
v -0.480360746383667 0.05414128303527832 -0.13645511865615845
v -0.4637572169303894 0.05840207636356354 -0.1242198720574379
v -0.45048969984054565 0.07035405933856964 -0.11250580102205276
v -0.44519898295402527 0.09192206710577011 -0.11553027480840683
v -0.44245633482933044 0.10543172061443329 -0.10503511875867844
v -0.6684088706970215 0.05109398066997528 0.02268807590007782
v -0.4418593645095825 0.11883758008480072 -0.10743682086467743
v -0.37165167927742004 -0.1272859126329422 -0.05797922611236572
v -0.3785285949707031 -0.12411830574274063 -0.043901145458221436
v -0.3793525695800781 -0.130116805434227 -0.04827618598937988
v -0.38789355754852295 -0.12205058336257935 -0.03230801224708557
v -0.37597203254699707 -0.12452857196331024 -0.06285877525806427
v -0.3922058343887329 -0.11917731165885925 -0.05413328856229782
v -0.39175212383270264 -0.11501897871494293 -0.04092012345790863
v -0.396585613489151 -0.12049203366041183 -0.027022026479244232
v -0.4006483256816864 -0.11763622611761093 -0.025840669870376587
v -0.15099243819713593 -0.3625420331954956 -0.2100871205329895
v -0.14298558235168457 -0.3596796989440918 -0.21260569989681244
v -0.14424210786819458 -0.368213027715683 -0.20069152116775513
v -0.14103370904922485 -0.3710310757160187 -0.20704981684684753
v -0.13435569405555725 -0.36921849846839905 -0.2147482931613922
v -0.15004543960094452 -0.3640148639678955 -0.22182166576385498
v -0.14984510838985443 -0.37300223112106323 -0.21543538570404053
v -0.14802919328212738 -0.37733960151672363 -0.2099376916885376
v -0.1444178968667984 -0.37910816073417664 -0.2106010913848877
v 0.4076724648475647 -0.36807554960250854 -0.09862220287322998
v 0.4248172640800476 -0.3579508662223816 -0.09595087915658951
v 0.4340437650680542 -0.3458685278892517 -0.10299430787563324
v 0.3973904252052307 -0.32564911246299744 -0.12147977948188782
v 0.4289424419403076 -0.3461037576198578 -0.1453496217727661
v 0.44417300820350647 -0.35757961869239807 -0.13253656029701233
v 0.3825004994869232 -0.3306145668029785 -0.11624900996685028
v 0.38302138447761536 -0.3746909201145172 -0.13536964356899261
v 0.4023427963256836 -0.3848830461502075 -0.11938537657260895
v -0.4997563064098358 -0.05341809242963791 -0.10861043632030487
v -0.496067076921463 -0.018355563282966614 -0.12258265912532806
v -0.5010707974433899 0.0004306286573410034 -0.13037413358688354
v -0.5043229460716248 0.020768187940120697 -0.1392381191253662
v -0.5286239385604858 -0.10633784532546997 -0.042951762676239014
v -0.5366542339324951 -0.09839331358671188 -0.06319797039031982
v -0.5446041226387024 -0.08722977340221405 -0.08264519274234772
v -0.5284261107444763 -0.08979406207799911 -0.08276896178722382
v -0.5941691994667053 -0.06358161568641663 0.009776756167411804
v -0.5836103558540344 -0.07419551908969879 -0.0030649006366729736
v -0.5530610084533691 -0.0843496099114418 -0.006992056965827942
v -0.6247299909591675 -0.04222004860639572 0.007724091410636902
v -0.5400967001914978 -0.10008552670478821 -0.020730212330818176
v -0.6584762334823608 0.0015434175729751587 0.000597640872001648
v -0.521710216999054 -0.05623538792133331 -0.11510694026947021
v -0.6698390245437622 0.02941913902759552 0.0036724060773849487
v -0.4944964051246643 0.052967436611652374 -0.1448950171470642
v -0.47376981377601624 0.07416695356369019 -0.141274094581604
v -0.48810333013534546 0.0656622052192688 -0.14728480577468872
v -0.456958144903183 0.08252310752868652 -0.12706433236598969
v -0.44428080320358276 0.11267496645450592 -0.11791767925024033
v -0.4539160430431366 0.10467541217803955 -0.12894445657730103
v -0.4428666830062866 0.13047461211681366 -0.11787370592355728
v -0.3821699023246765 -0.13041584193706512 -0.05203498154878616
v -0.3881016969680786 -0.12501506507396698 -0.036623500287532806
v -0.3894517421722412 -0.12801310420036316 -0.03931669890880585
v -0.4019378423690796 -0.12216673791408539 -0.026156172156333923
v -0.39045780897140503 -0.1256438046693802 -0.05523444712162018
v -0.39715978503227234 -0.11816780269145966 -0.043107032775878906
v -0.39672034978866577 -0.11560600250959396 -0.03297688066959381
v -0.4129807949066162 -0.11908774822950363 -0.02002212405204773
v -0.4103828966617584 -0.1219889372587204 -0.021823860704898834
v -0.14750801026821136 -0.36324062943458557 -0.22158555686473846
v -0.1341337263584137 -0.3636077344417572 -0.22409594058990479
v -0.1406410038471222 -0.376487672328949 -0.2074439525604248
v -0.13609281182289124 -0.38311752676963806 -0.20972654223442078
v -0.12940391898155212 -0.3841039538383484 -0.2117040455341339
v -0.14145950973033905 -0.3717276155948639 -0.22286248207092285
v -0.142823725938797 -0.37899112701416016 -0.21902483701705933
v -0.1425449550151825 -0.38568028807640076 -0.215759739279747
v 0.4284372329711914 -0.38634663820266724 -0.11574434489011765
v 0.4438456892967224 -0.3728770613670349 -0.12096622586250305
v 0.40929555892944336 -0.33945029973983765 -0.14215093851089478
v 0.4551442861557007 -0.3819889724254608 -0.14624954760074615
v 0.4419533312320709 -0.3668673038482666 -0.1659809947013855
v 0.3854929208755493 -0.3546639084815979 -0.1446625143289566
v 0.4014078974723816 -0.4006403088569641 -0.14880593121051788
v 0.41578322649002075 -0.4029197692871094 -0.13401377201080322
v -0.5098323822021484 -0.032044146209955215 -0.12585726380348206
v -0.5124480128288269 -0.005852729082107544 -0.13427573442459106
v -0.5186495184898376 0.009933583438396454 -0.14219699800014496
v -0.5073954463005066 0.04419027268886566 -0.14936314523220062
v -0.5572426319122314 -0.09148484468460083 -0.05857665836811066
v -0.5653238892555237 -0.08048595488071442 -0.07972212135791779
v -0.5689544081687927 -0.07052455097436905 -0.09530241787433624
v -0.5511137843132019 -0.07303787022829056 -0.10115949809551239
v -0.577202558517456 -0.08197803050279617 -0.02348773181438446
v -0.613772451877594 -0.05357047915458679 -0.005787193775177002
v -0.6496239900588989 -0.016402535140514374 -0.00847327709197998
v -0.5658181309700012 -0.08887790888547897 -0.04328702390193939
v -0.6718794107437134 0.025002390146255493 -0.012069761753082275
v -0.5355404019355774 -0.06590687483549118 -0.10964816063642502
v -0.5260542035102844 -0.04155502840876579 -0.12730619311332703
v -0.6817235946655273 0.05400359630584717 -0.016770675778388977
v -0.5031478404998779 0.06446370482444763 -0.15507745742797852
v -0.4949958324432373 0.0813591405749321 -0.1568661332130432
v -0.48232316970825195 0.09326814115047455 -0.15159359574317932
v -0.46618446707725525 0.09688948094844818 -0.14118251204490662
v -0.46287041902542114 0.11594980955123901 -0.1427590548992157
v -0.45271986722946167 0.12803108990192413 -0.13338595628738403
v -0.687488853931427 0.09916961193084717 -0.01383674144744873
v -0.44873785972595215 0.1443859189748764 -0.124641552567482
v -0.3937535285949707 -0.13214507699012756 -0.04238741844892502
v -0.39525049924850464 -0.1256844848394394 -0.033837996423244476
v -0.3992178738117218 -0.1270526498556137 -0.03548558056354523
v -0.4167182147502899 -0.1219446137547493 -0.021928906440734863
v -0.3984110653400421 -0.12298084050416946 -0.047750771045684814
v -0.40326181054115295 -0.11889652907848358 -0.03308476507663727
v -0.4047565460205078 -0.11751367896795273 -0.02450290322303772
v -0.4256117343902588 -0.12123046070337296 -0.016719087958335876
v -0.43192094564437866 -0.12248577177524567 -0.011694304645061493
v -0.13562753796577454 -0.3577113747596741 -0.2314339578151703
v -0.11876944452524185 -0.38342419266700745 -0.22202959656715393
v -0.12410364300012589 -0.3699568510055542 -0.21979913115501404
v -0.13425922393798828 -0.3920426070690155 -0.2174745798110962
v -0.13027770817279816 -0.3846889138221741 -0.2267119586467743
v 0.43751049041748047 -0.39938920736312866 -0.13456550240516663
v 0.4496214985847473 -0.40146657824516296 -0.13717563450336456
v 0.41218677163124084 -0.3597065508365631 -0.16915874183177948
v 0.45965903997421265 -0.4087718725204468 -0.1590304970741272
v 0.456197589635849 -0.3921084702014923 -0.17871807515621185
v 0.3919845223426819 -0.39132067561149597 -0.17326869070529938
v 0.4017888009548187 -0.41295576095581055 -0.17907103896141052
v 0.41329315304756165 -0.418847918510437 -0.15952655673027039
v -0.5209051370620728 -0.014944575726985931 -0.1359623670578003
v -0.5269997715950012 0.0005172789096832275 -0.1433042734861374
v -0.5226016044616699 0.026545628905296326 -0.1505422294139862
v -0.5163930654525757 0.06233955919742584 -0.160732701420784
v -0.5862494707107544 -0.07060502469539642 -0.07479003071784973
v -0.5885499715805054 -0.06125849112868309 -0.09443581104278564
v -0.5876367688179016 -0.05027230829000473 -0.11498269438743591
v -0.5623605251312256 -0.051740050315856934 -0.12369505316019058
v -0.6158632040023804 -0.05328533053398132 -0.026739463210105896
v -0.599824070930481 -0.0660906732082367 -0.04867546260356903
v -0.6357009410858154 -0.034979864954948425 -0.018128246068954468
v -0.6679158806800842 0.010656341910362244 -0.02206231653690338
v -0.5876556038856506 -0.07221271842718124 -0.06090053915977478
v -0.6811814308166504 0.04559178650379181 -0.02903611958026886
v -0.5434943437576294 -0.04752836376428604 -0.12690764665603638
v -0.5350426435470581 -0.02280593290925026 -0.14022696018218994
v -0.689549446105957 0.07817651331424713 -0.03901784121990204
v -0.5134286880493164 0.0777701884508133 -0.16551902890205383
v -0.5137412548065186 0.0971854031085968 -0.16988691687583923
v -0.4958248734474182 0.1026817113161087 -0.1617690771818161
v -0.4791962504386902 0.11112446337938309 -0.15345419943332672
v -0.47495585680007935 0.13289649784564972 -0.15365049242973328
v -0.4684547781944275 0.14941729605197906 -0.14215753972530365
v -0.6919480562210083 0.12598180770874023 -0.04029862582683563
v -0.45717382431030273 0.15626829862594604 -0.12831488251686096
v -0.4022735059261322 -0.12764035165309906 -0.037121474742889404
v -0.41189348697662354 -0.12072435021400452 -0.02974511682987213
v -0.4151572287082672 -0.12260505557060242 -0.025574617087841034
v -0.43269026279449463 -0.12281782925128937 -0.018731482326984406
v -0.40411555767059326 -0.12383527308702469 -0.039641641080379486
v -0.40823328495025635 -0.11852853000164032 -0.024738416075706482
v -0.42355620861053467 -0.1202542632818222 -0.015524245798587799
v -0.44748765230178833 -0.11709064990282059 -0.007861509919166565
v -0.4490838348865509 -0.11890088021755219 -0.009031906723976135
v -0.12287522852420807 -0.3731510639190674 -0.22867363691329956
v -0.11356210708618164 -0.3844330310821533 -0.227496936917305
v -0.10940839350223541 -0.38701558113098145 -0.22887514531612396
v -0.12161198258399963 -0.3849750757217407 -0.2214505821466446
v -0.11595028638839722 -0.38429129123687744 -0.22785568237304688
v 0.4350961446762085 -0.4202200770378113 -0.14730782806873322
v 0.4503316879272461 -0.4191684126853943 -0.15344569087028503
v 0.42241010069847107 -0.38478952646255493 -0.19396331906318665
v 0.4640030860900879 -0.4205648899078369 -0.1765081286430359
v 0.45875319838523865 -0.41050073504447937 -0.19183282554149628
v 0.40428054332733154 -0.4053232967853546 -0.19520854949951172
v 0.4077904224395752 -0.419613778591156 -0.20046359300613403
v 0.41100531816482544 -0.4267016351222992 -0.18432356417179108
v -0.5318721532821655 0.01544123888015747 -0.15175972878932953
v -0.5286200046539307 0.050415851175785065 -0.16210973262786865
v -0.5314595699310303 0.07234849035739899 -0.17072036862373352
v -0.6098990440368652 -0.0497112050652504 -0.0898226946592331
v -0.6117821335792542 -0.037675805389881134 -0.11229409277439117
v -0.5924818515777588 -0.028471820056438446 -0.1392788141965866
v -0.5692589282989502 -0.030119620263576508 -0.142358660697937
v -0.6328034400939941 -0.036419570446014404 -0.06212422251701355
v -0.6427833437919617 -0.024811245501041412 -0.03835079073905945
v -0.6574476957321167 -0.007005318999290466 -0.0306880921125412
v -0.678728461265564 0.036042824387550354 -0.04049845039844513
v -0.612267792224884 -0.05177199840545654 -0.07317544519901276
v -0.6880292296409607 0.06633202731609344 -0.050463542342185974
v -0.5501384139060974 -0.02811742201447487 -0.14197364449501038
v -0.5385097861289978 -0.004085928201675415 -0.1482686698436737
v -0.6928199529647827 0.09642645716667175 -0.06172369420528412
v -0.5298677682876587 0.0929124504327774 -0.1764599084854126
v -0.5248415470123291 0.11012212187051773 -0.17971691489219666
v -0.5098055601119995 0.1134529858827591 -0.1725226193666458
v -0.4960460662841797 0.1222885474562645 -0.1664678007364273
v -0.49129417538642883 0.15272067487239838 -0.1614963412284851
v -0.4878939688205719 0.16615019738674164 -0.15155211091041565
v -0.6908058524131775 0.15074732899665833 -0.06721623241901398
v -0.47425606846809387 0.1671110987663269 -0.1368119716644287
v -0.4092939496040344 -0.12226644903421402 -0.03386819362640381
v -0.4340764582157135 -0.11978548765182495 -0.022282451391220093
v -0.42688512802124023 -0.11937762051820755 -0.02398127317428589
v -0.4523375928401947 -0.1215425431728363 -0.014905214309692383
v -0.41105055809020996 -0.12027136981487274 -0.03001396358013153
v -0.41599780321121216 -0.11767381429672241 -0.019751034677028656
v -0.43978843092918396 -0.11756997555494308 -0.010919690132141113
v -0.47717010974884033 -0.12167878448963165 -0.003705635666847229
v -0.4657784402370453 -0.11829756200313568 -0.0032531768083572388
v -0.10702191293239594 -0.37924724817276 -0.23163893818855286
v -0.10603116452693939 -0.38818418979644775 -0.23302461206912994
v -0.09829168021678925 -0.3931818902492523 -0.24047233164310455
v -0.10621362924575806 -0.3846983313560486 -0.23261311650276184
v -0.10628281533718109 -0.3851049542427063 -0.23677322268486023
v -0.10361504554748535 -0.38018810749053955 -0.23724928498268127
v 0.42570173740386963 -0.4296659529209137 -0.16682037711143494
v 0.44304683804512024 -0.43232184648513794 -0.16494524478912354
v 0.4562682807445526 -0.42775648832321167 -0.16600725054740906
v 0.4438237249851227 -0.4037984311580658 -0.2069850116968155
v 0.4619903862476349 -0.42744743824005127 -0.17716345191001892
v 0.46315938234329224 -0.42170578241348267 -0.18920353055000305
v 0.41412967443466187 -0.406423419713974 -0.21375729143619537
v 0.4201919138431549 -0.42682045698165894 -0.21396639943122864
v 0.41904377937316895 -0.43251514434814453 -0.20019441843032837
v -0.5486885905265808 0.013045430183410645 -0.15946528315544128
v -0.5398895740509033 0.031165458261966705 -0.16023385524749756
v -0.5490462183952332 0.060140758752822876 -0.17320024967193604
v -0.5473135113716125 0.08555574715137482 -0.181180939078331
v -0.6288352012634277 -0.026200801134109497 -0.10446400940418243
v -0.6158559322357178 -0.021213166415691376 -0.13331082463264465
v -0.5957401394844055 -0.0073423683643341064 -0.1554664671421051
v -0.572471022605896 -0.008210115134716034 -0.15654167532920837
v -0.6634967923164368 0.00453534722328186 -0.05773425102233887
v -0.6542816758155823 -0.0045787617564201355 -0.08089207112789154
v -0.6729709506034851 0.02153533697128296 -0.04496486485004425
v -0.6840378642082214 0.0525035560131073 -0.059865742921829224
v -0.6376033425331116 -0.02283918857574463 -0.09178778529167175
v -0.6896190643310547 0.07891233265399933 -0.06865769624710083
v -0.5550225377082825 -0.006327137351036072 -0.1546756774187088
v -0.6947077512741089 0.12167800962924957 -0.07713374495506287
v -0.5407704710960388 0.10684351623058319 -0.18601447343826294
v -0.5364320278167725 0.12832406163215637 -0.19064046442508698
v -0.5163676738739014 0.12905213236808777 -0.18028342723846436
v -0.5014623403549194 0.14276203513145447 -0.17222362756729126
v -0.6897921562194824 0.17618080973625183 -0.09626717865467072
v -0.42023447155952454 -0.11902634799480438 -0.028053104877471924
v -0.4466981887817383 -0.1235785186290741 -0.023810476064682007
v -0.43926504254341125 -0.12547679245471954 -0.029589243233203888
v -0.4730915427207947 -0.12617002427577972 -0.015495270490646362
v -0.41660216450691223 -0.11727997660636902 -0.02580036222934723
v -0.4368562400341034 -0.11513069272041321 -0.016841433942317963
v -0.4583563804626465 -0.11150959134101868 -0.006550237536430359
v -0.48509681224823 -0.11676591634750366 0.0009589046239852905
v -0.5004448890686035 -0.12340055406093597 -0.0010484009981155396
v -0.09411598742008209 -0.3900921940803528 -0.2382570207118988
v -0.09395252168178558 -0.3885011672973633 -0.2451142966747284
v -0.08863888680934906 -0.3906022906303406 -0.24937011301517487
v -0.10323753952980042 -0.38600143790245056 -0.23487474024295807
v -0.09607537090778351 -0.3836284279823303 -0.24043726921081543
v -0.09271740913391113 -0.38704460859298706 -0.23969584703445435
v 0.42901888489723206 -0.43886682391166687 -0.18341468274593353
v 0.4583284556865692 -0.4322848320007324 -0.17380806803703308
v 0.4489179849624634 -0.4375150799751282 -0.1747087836265564
v 0.45082294940948486 -0.4149293899536133 -0.20325562357902527
v 0.4651634395122528 -0.42928844690322876 -0.17877164483070374
v 0.4632120430469513 -0.42763006687164307 -0.19076436758041382
v 0.4387969672679901 -0.41784825921058655 -0.21365591883659363
v 0.4402557909488678 -0.4289029836654663 -0.2124134600162506
v 0.428333044052124 -0.43971532583236694 -0.21041302382946014
v -0.5687081217765808 0.020341210067272186 -0.168064147233963
v -0.5594243407249451 0.034067459404468536 -0.1684541255235672
v -0.5640159249305725 0.07706098258495331 -0.18440090119838715
v -0.5607033371925354 0.09829223155975342 -0.19019900262355804
v -0.6331596374511719 -0.011034123599529266 -0.12352806329727173
v -0.6157538294792175 -0.003123342990875244 -0.15184196829795837
v -0.589997410774231 0.015374161303043365 -0.1683383285999298
v -0.5712994933128357 0.00618889182806015 -0.16306626796722412
v -0.6714076995849609 0.026049956679344177 -0.08730734884738922
v -0.6583970785140991 0.010847337543964386 -0.1027054488658905
v -0.6785504221916199 0.03708335757255554 -0.07091586291790009
v -0.6866006255149841 0.06979840993881226 -0.08016279339790344
v -0.6464983820915222 -0.0006072893738746643 -0.11392343044281006
v -0.6914063692092896 0.10192295908927917 -0.08687913417816162
v -0.6943967938423157 0.13948681950569153 -0.10256412625312805
v -0.5592198371887207 0.12266592681407928 -0.19832254946231842
v -0.5525094866752625 0.1468629539012909 -0.2034718543291092
v -0.5280184149742126 0.15196451544761658 -0.19083352386951447
v -0.5111737847328186 0.16758659482002258 -0.1777271032333374
v -0.5019240379333496 0.16908442974090576 -0.1648869514465332
v -0.5013505220413208 0.17992118000984192 -0.15851883590221405
v -0.6834911704063416 0.19388526678085327 -0.11752913892269135
v -0.4317456781864166 -0.12068778276443481 -0.03507930040359497
v -0.47058922052383423 -0.13014908134937286 -0.024030432105064392
v -0.46579885482788086 -0.12643347680568695 -0.035131074488162994
v -0.49930340051651 -0.13455840945243835 -0.012355029582977295
v -0.4282234013080597 -0.11870166659355164 -0.024729549884796143
v -0.4541833996772766 -0.11226953566074371 -0.01917574554681778
v -0.4808257222175598 -0.11433778703212738 -0.005597546696662903
v -0.5088731050491333 -0.12272632122039795 -0.0007683634757995605
v -0.5191096067428589 -0.1316029131412506 -0.00424976646900177
v -0.09239089488983154 -0.389153391122818 -0.23930302262306213
v -0.08480215072631836 -0.3943241834640503 -0.24796830117702484
v -0.09013232588768005 -0.3854745328426361 -0.24156972765922546
v -0.08241790533065796 -0.3892667889595032 -0.25916916131973267
v -0.08626481890678406 -0.3838936686515808 -0.2515433132648468
v -0.08398936688899994 -0.3876219391822815 -0.24243015050888062
v -0.08090032637119293 -0.39361700415611267 -0.24275502562522888
v 0.4378809928894043 -0.4396255612373352 -0.18655672669410706
v 0.45339471101760864 -0.4369014501571655 -0.18151366710662842
v 0.4584389626979828 -0.4304066598415375 -0.17533305287361145
v 0.4533519148826599 -0.42147791385650635 -0.2014409452676773
v 0.44821247458457947 -0.42471688985824585 -0.20811186730861664
v 0.44919639825820923 -0.43062877655029297 -0.20607924461364746
v 0.4456368386745453 -0.43163159489631653 -0.20113329589366913
v -0.573691189289093 0.03980279713869095 -0.17461928725242615
v -0.5754478573799133 0.0903853178024292 -0.1914844512939453
v -0.5763746500015259 0.10875934362411499 -0.19854705035686493
v -0.6346725225448608 0.005842871963977814 -0.1459706425666809
v -0.6145644187927246 0.018290936946868896 -0.1674528867006302
v -0.5862225294113159 0.03526998311281204 -0.1749880164861679
v -0.6711164712905884 0.04196828603744507 -0.11345082521438599
v -0.6592193841934204 0.027688823640346527 -0.12793588638305664
v -0.6799758672714233 0.05601343512535095 -0.09324361383914948
v -0.686906635761261 0.0881316214799881 -0.10213294625282288
v -0.6481548547744751 0.015839889645576477 -0.13689258694648743
v -0.6909804344177246 0.11696229875087738 -0.11215007305145264
v -0.6880777478218079 0.1689087152481079 -0.13568978011608124
v -0.5696037411689758 0.13674603402614594 -0.2071704864501953
v -0.554174542427063 0.1742289960384369 -0.21053242683410645
v -0.5333924293518066 0.18029436469078064 -0.1966928243637085
v -0.5219196677207947 0.1872147023677826 -0.18573319911956787
v -0.5106048583984375 0.18419429659843445 -0.1713000237941742
v -0.5050683617591858 0.19005531072616577 -0.1605193316936493
v -0.5091652274131775 0.19427913427352905 -0.1671927571296692
v -0.45072317123413086 -0.12305766344070435 -0.03392846882343292
v -0.49022728204727173 -0.13201844692230225 -0.027136385440826416
v -0.48826032876968384 -0.1279791295528412 -0.03297340124845505
v -0.5231771469116211 -0.13736511766910553 -0.011594846844673157
v -0.44434303045272827 -0.11909528076648712 -0.030145645141601562
v -0.47575634717941284 -0.11433322727680206 -0.018864095211029053
v -0.5029319524765015 -0.11821805685758591 -0.004682600498199463
v -0.5209460258483887 -0.12114033102989197 -0.002702280879020691
v -0.5313782691955566 -0.12492207437753677 -0.0016432851552963257
v -0.08204492926597595 -0.3966789245605469 -0.2471408098936081
v -0.07828886806964874 -0.39669403433799744 -0.2553178369998932
v -0.07837644219398499 -0.38726264238357544 -0.24675631523132324
v -0.07599757611751556 -0.3829672932624817 -0.2501625418663025
v -0.07647351920604706 -0.3882576525211334 -0.25626301765441895
v -0.07083567976951599 -0.39275842905044556 -0.24681356549263
v -0.06827399134635925 -0.398773193359375 -0.2477639615535736
v 0.4466322660446167 -0.431226909160614 -0.19077858328819275
v 0.45726001262664795 -0.42348361015319824 -0.18138131499290466
v 0.4685998558998108 -0.42413413524627686 -0.17158503830432892
v 0.45840901136398315 -0.4288787841796875 -0.2007995843887329
v 0.4726838767528534 -0.4350737929344177 -0.18685856461524963
v 0.46261581778526306 -0.41966620087623596 -0.19528090953826904
v 0.45638802647590637 -0.4213090240955353 -0.1976548582315445
v -0.5820417404174805 0.052034370601177216 -0.18042612075805664
v -0.5690822601318359 0.05484329164028168 -0.178010493516922
v -0.5841771364212036 0.07339172065258026 -0.18797913193702698
v -0.5893554091453552 0.09391681849956512 -0.19606095552444458
v -0.575961172580719 0.12484364211559296 -0.20421339571475983
v -0.6328054666519165 0.024145707488059998 -0.16312219202518463
v -0.607602059841156 0.03997110575437546 -0.17754656076431274
v -0.670127272605896 0.06012009084224701 -0.13663510978221893
v -0.6583564281463623 0.04522216320037842 -0.14969778060913086
v -0.6790963411331177 0.0739118680357933 -0.11948999762535095
v -0.6852120757102966 0.10459510236978531 -0.1285059154033661
v -0.6458438038825989 0.028758913278579712 -0.15431299805641174
v -0.6893424987792969 0.13911080360412598 -0.13657045364379883
v -0.6772632598876953 0.18675893545150757 -0.1631607860326767
v -0.5734711289405823 0.15361925959587097 -0.212770476937294
v -0.5560182929039001 0.20407745242118835 -0.2158026397228241
v -0.5333696007728577 0.19989284873008728 -0.19754362106323242
v -0.522153913974762 0.2003375142812729 -0.1835237741470337
v -0.6594937443733215 0.23867180943489075 -0.17858338356018066
v -0.46854716539382935 -0.12448765337467194 -0.03305225074291229
v -0.5047510862350464 -0.12869465351104736 -0.03154897689819336
v -0.5125070810317993 -0.13782697916030884 -0.02466718852519989
v -0.5366116762161255 -0.13285741209983826 -0.006944715976715088
v -0.4687580168247223 -0.11792228370904922 -0.029220513999462128
v -0.49350935220718384 -0.11627903580665588 -0.011782407760620117
v -0.5116664171218872 -0.12033352255821228 -0.008876129984855652
v -0.5310308337211609 -0.12248874455690384 -0.003028586506843567
v -0.5361227989196777 -0.11860644072294235 0.002206072211265564
v -0.07247352600097656 -0.3990044593811035 -0.254917174577713
v -0.07443089783191681 -0.39599961042404175 -0.26384246349334717
v -0.07667967677116394 -0.3836606442928314 -0.24544337391853333
v -0.0744822770357132 -0.38479673862457275 -0.2465045005083084
v -0.07765217125415802 -0.38495126366615295 -0.2537340521812439
v -0.06741368770599365 -0.39189499616622925 -0.2430049180984497
v -0.07389731705188751 -0.39572596549987793 -0.24460621178150177
v 0.45474982261657715 -0.4183248281478882 -0.1877502053976059
v 0.48942750692367554 -0.42413532733917236 -0.1857360601425171
v 0.47273531556129456 -0.4199190139770508 -0.1813022643327713
v 0.48082903027534485 -0.42595869302749634 -0.18616460263729095
v 0.4682098627090454 -0.4277724325656891 -0.1929217427968979
v 0.4705190062522888 -0.41701197624206543 -0.19600339233875275
v 0.463625431060791 -0.4166383743286133 -0.19284239411354065
v -0.5990208983421326 0.05792462080717087 -0.18503437936306
v -0.6009276509284973 0.0798221305012703 -0.19352640211582184
v -0.5919924974441528 0.11819860339164734 -0.20418846607208252
v -0.6315097808837891 0.04910226911306381 -0.17856162786483765
v -0.6680951118469238 0.07451734691858292 -0.15630722045898438
v -0.6589352488517761 0.06861619651317596 -0.16756972670555115
v -0.6766272187232971 0.08922002464532852 -0.14669612050056458
v -0.6816308498382568 0.12254411727190018 -0.15881246328353882
v -0.6477706432342529 0.048565514385700226 -0.16698971390724182
v -0.6811418533325195 0.15759064257144928 -0.16258913278579712
v -0.6681647896766663 0.20747153460979462 -0.1822357475757599
v -0.5867218971252441 0.18453899025917053 -0.22276070713996887
v -0.5643650889396667 0.22591668367385864 -0.22122575342655182
v -0.538892388343811 0.21914798021316528 -0.20413291454315186
v -0.5423718690872192 0.2370266318321228 -0.20181666314601898
v -0.5876662731170654 0.2615845501422882 -0.2212579995393753
v -0.49351710081100464 -0.12353070080280304 -0.03154922276735306
v -0.5347023606300354 -0.13378970324993134 -0.01746957004070282
v -0.5269028544425964 -0.12727391719818115 -0.030793190002441406
v -0.5432497262954712 -0.12103281915187836 -0.0007078796625137329
v -0.491074800491333 -0.11614829301834106 -0.02611684799194336
v -0.5022410154342651 -0.11845963448286057 -0.01926523447036743
v -0.525804340839386 -0.12107905745506287 -0.009024754166603088
v -0.5440421104431152 -0.11063528805971146 0.006970882415771484
v -0.5391743779182434 -0.11948233842849731 -0.0013425201177597046
v -0.07271292805671692 -0.4015119969844818 -0.25487321615219116
v -0.07829169929027557 -0.3910547196865082 -0.257807195186615
v -0.07428306341171265 -0.38483983278274536 -0.23942753672599792
v -0.06459712982177734 -0.387253999710083 -0.2423846423625946
v -0.07234103977680206 -0.38451606035232544 -0.24937798082828522
v -0.07451854646205902 -0.3886323869228363 -0.24214795231819153
v -0.07704387605190277 -0.3930671215057373 -0.24348190426826477
v 0.46423161029815674 -0.418049156665802 -0.18533124029636383
v 0.484873503446579 -0.4232330620288849 -0.19583897292613983
v 0.48927998542785645 -0.42981281876564026 -0.19227339327335358
v 0.48099485039711 -0.4258987307548523 -0.1877290904521942
v 0.47809988260269165 -0.4217303991317749 -0.1931368112564087
v 0.4742022156715393 -0.4195452928543091 -0.19523899257183075
v 0.46953701972961426 -0.42114877700805664 -0.19013619422912598
v -0.6175664067268372 0.0646316334605217 -0.1878437101840973
v -0.6048964858055115 0.10153660178184509 -0.19947296380996704
v -0.582974910736084 0.1368577629327774 -0.21007825434207916
v -0.6016215682029724 0.13627906143665314 -0.21056832373142242
v -0.6497922539710999 0.07146866619586945 -0.178798645734787
v -0.665786623954773 0.09384315460920334 -0.17362962663173676
v -0.6567518711090088 0.08609631657600403 -0.18068480491638184
v -0.6739563941955566 0.1015157550573349 -0.1638319492340088
v -0.6765016913414001 0.14039480686187744 -0.17261183261871338
v -0.6698024272918701 0.1805555522441864 -0.1845691204071045
v -0.6514910459518433 0.23128849267959595 -0.2058497965335846
v -0.5972334742546082 0.1559896618127823 -0.216011181473732
v -0.610856294631958 0.17171548306941986 -0.221279576420784
v -0.588788628578186 0.21683984994888306 -0.23143765330314636
v -0.5571579933166504 0.23885668814182281 -0.21574117243289948
v -0.5823931694030762 0.24224640429019928 -0.2337125539779663
v -0.6064004898071289 0.25667575001716614 -0.2342829704284668
v -0.5103059411048889 -0.11896516382694244 -0.02714255452156067
v -0.5428206920623779 -0.12238313257694244 -0.02172088623046875
v -0.5500329732894897 -0.12737394869327545 -0.007834464311599731
v -0.5512073040008545 -0.11714117974042892 0.0001515597105026245
v -0.506363570690155 -0.11736930906772614 -0.023109018802642822
v -0.5148558020591736 -0.11575734615325928 -0.021116524934768677
v -0.536457896232605 -0.12181790173053741 -0.013742119073867798
v -0.5574405789375305 -0.11224256455898285 0.006258323788642883
v -0.549933671951294 -0.10285094380378723 0.015067383646965027
v -0.07822450995445251 -0.3946755528450012 -0.2506033182144165
v -0.07907499372959137 -0.3889560401439667 -0.2557023763656616
v -0.06734460592269897 -0.3931269645690918 -0.24557462334632874
v -0.06143122911453247 -0.38848549127578735 -0.2459842711687088
v -0.06060829758644104 -0.3868589401245117 -0.24882206320762634
v -0.07198174297809601 -0.3927455246448517 -0.24345307052135468
v -0.07549971342086792 -0.39344891905784607 -0.243477463722229
v 0.4742022752761841 -0.42320573329925537 -0.18663164973258972
v 0.4881107211112976 -0.4250447452068329 -0.1966913491487503
v 0.4846705198287964 -0.431149423122406 -0.19073383510112762
v 0.4884026348590851 -0.4356269836425781 -0.19434307515621185
v 0.4893285632133484 -0.42195039987564087 -0.19587714970111847
v 0.47509050369262695 -0.4286060333251953 -0.19545626640319824
v 0.4759962558746338 -0.4314531087875366 -0.1911018341779709
v -0.6360160112380981 0.0791207030415535 -0.1888337880373001
v -0.6117331981658936 0.12463382631540298 -0.2067163735628128
v -0.616466224193573 0.14986485242843628 -0.2139487862586975
v -0.6592977046966553 0.10946967452764511 -0.1860787719488144
v -0.648622989654541 0.09517011046409607 -0.1887669414281845
v -0.6711702346801758 0.123080775141716 -0.17842501401901245
v -0.6705477833747864 0.15450289845466614 -0.18488970398902893
v -0.6561077833175659 0.20118872821331024 -0.20782293379306793
v -0.6299527883529663 0.24521178007125854 -0.225635826587677
v -0.6170309782028198 0.20050495862960815 -0.22897586226463318
v -0.6376434564590454 0.1682339459657669 -0.2144032120704651
v -0.6092787384986877 0.2310570478439331 -0.23641826212406158
v -0.5301163792610168 -0.11750832945108414 -0.025007173418998718
v -0.5581126809120178 -0.12929904460906982 -0.005003497004508972
v -0.5523742437362671 -0.12636032700538635 -0.019791722297668457
v -0.562142550945282 -0.12897850573062897 0.005279064178466797
v -0.5160440802574158 -0.11623425781726837 -0.025296196341514587
v -0.5300131440162659 -0.11018549650907516 -0.0164014995098114
v -0.541848361492157 -0.11517298221588135 -0.010429039597511292
v -0.5623971819877625 -0.10006531327962875 0.0029146522283554077
v -0.565243124961853 -0.11192238330841064 0.00965908169746399
v -0.0794236809015274 -0.39147788286209106 -0.2491803765296936
v -0.06898106634616852 -0.3864429295063019 -0.2514311671257019
v -0.061004623770713806 -0.3941477835178375 -0.249205082654953
v -0.052679359912872314 -0.3901330232620239 -0.25324246287345886
v -0.057665228843688965 -0.39064350724220276 -0.2522733509540558
v -0.06519562005996704 -0.396017849445343 -0.24992552399635315
v -0.07453437149524689 -0.39471718668937683 -0.247175931930542
v 0.48117202520370483 -0.4323430359363556 -0.1902802437543869
v 0.4901358187198639 -0.4329605996608734 -0.19774313271045685
v 0.4844512343406677 -0.43701985478401184 -0.19305261969566345
v 0.488292932510376 -0.4425303041934967 -0.20024193823337555
v 0.48183298110961914 -0.4266338348388672 -0.199635848402977
v 0.4724082946777344 -0.4379461109638214 -0.20219531655311584
v 0.47384825348854065 -0.4403531551361084 -0.19603821635246277
v -0.6180682182312012 0.08687788248062134 -0.19516907632350922
v -0.6328239440917969 0.13965041935443878 -0.20817843079566956
v -0.6300288438796997 0.10737164318561554 -0.19908003509044647
v -0.649014413356781 0.12337441742420197 -0.19596552848815918
v -0.6600936651229858 0.14072610437870026 -0.19522902369499207
v -0.6576464772224426 0.170888751745224 -0.20329850912094116
v -0.6370934844017029 0.2185959815979004 -0.22328424453735352
v -0.641636848449707 0.1940164566040039 -0.21797606348991394
v -0.6488135457038879 0.15059512853622437 -0.20443233847618103
v -0.5432186126708984 -0.12014508247375488 -0.023439913988113403
v -0.5698781609535217 -0.12944194674491882 0.0019260197877883911
v -0.558923602104187 -0.13022759556770325 -0.010153383016586304
v -0.5738934874534607 -0.12386976927518845 0.013611286878585815
v -0.5315985083580017 -0.11371293663978577 -0.02229081094264984
v -0.5365992784500122 -0.11392204463481903 -0.019533365964889526
v -0.5646498203277588 -0.11250151693820953 -0.011264964938163757
v -0.5766814351081848 -0.10612566024065018 0.0054388344287872314
v -0.5794808268547058 -0.11317954957485199 0.015788927674293518
v -0.07117713987827301 -0.38898733258247375 -0.2548650801181793
v -0.057597339153289795 -0.38881659507751465 -0.25249990820884705
v -0.054892852902412415 -0.3916374444961548 -0.251234769821167
v -0.05670745670795441 -0.3937827944755554 -0.25610509514808655
v -0.053815171122550964 -0.39226049184799194 -0.2569366693496704
v -0.05818144977092743 -0.394768625497818 -0.25272136926651
v -0.06186862289905548 -0.39072149991989136 -0.2560846209526062
v 0.48127615451812744 -0.4406903088092804 -0.1949092298746109
v 0.4829033613204956 -0.4425000548362732 -0.2099955677986145
v 0.4833119809627533 -0.4548497796058655 -0.20575115084648132
v 0.48610639572143555 -0.4584062099456787 -0.21383121609687805
v 0.4768528342247009 -0.44194895029067993 -0.20707270503044128
v 0.47278404235839844 -0.4543813467025757 -0.20843909680843353
v 0.4724508225917816 -0.4522704482078552 -0.20193824172019958
v -0.5532535910606384 -0.12432160973548889 -0.018259674310684204
v -0.5684711933135986 -0.12766534090042114 0.004119992256164551
v -0.5614638328552246 -0.12590491771697998 -0.006504759192466736
v -0.5778201222419739 -0.12803727388381958 0.01902197301387787
v -0.5428919196128845 -0.11959783732891083 -0.0205257385969162
v -0.5520433187484741 -0.10962462425231934 -0.020687341690063477
v -0.5734308362007141 -0.10859982669353485 -0.004730045795440674
v -0.5834523439407349 -0.11208483576774597 0.009739011526107788
v -0.5826595425605774 -0.11652251332998276 0.010907813906669617
v -0.06581947207450867 -0.387690007686615 -0.2551259696483612
v -0.060830146074295044 -0.39165979623794556 -0.2557887136936188
v -0.05117209255695343 -0.39116370677948 -0.2560727596282959
v -0.05965760350227356 -0.39245784282684326 -0.25722721219062805
v -0.05831436812877655 -0.39176782965660095 -0.25848862528800964
v -0.049295976758003235 -0.3922862708568573 -0.25366929173469543
v -0.051465898752212524 -0.39316272735595703 -0.2533060312271118
v 0.47688740491867065 -0.45681798458099365 -0.19932153820991516
v 0.48379573225975037 -0.4608043432235718 -0.21813525259494781
v 0.4812488257884979 -0.478523313999176 -0.21516814827919006
v 0.4832703769207001 -0.4778861999511719 -0.21776767075061798
v 0.4771715998649597 -0.45496323704719543 -0.21622034907341003
v 0.475080281496048 -0.47077125310897827 -0.21710887551307678
v 0.4742697477340698 -0.4712270498275757 -0.20864763855934143
v -0.5602329969406128 -0.1289430409669876 -0.015247061848640442
v -0.561985969543457 -0.1293908655643463 -0.0007891207933425903
v -0.5732403993606567 -0.1271442174911499 0.010528653860092163
v -0.5807430744171143 -0.12551920115947723 0.018558457493782043
v -0.5636781454086304 -0.12798890471458435 -0.01980835199356079
v -0.5720044374465942 -0.12495065480470657 -0.022419214248657227
v -0.5833580493927002 -0.1120840311050415 0.0009184777736663818
v -0.5865668654441833 -0.12368914484977722 0.009178563952445984
v -0.5878033638000488 -0.12415347993373871 0.0032526105642318726
v -0.06745313107967377 -0.3909144997596741 -0.2523660659790039
v -0.06096971035003662 -0.3861711323261261 -0.25305503606796265
v -0.06418175995349884 -0.39016756415367126 -0.2539472281932831
v -0.05430924892425537 -0.3918786942958832 -0.25866934657096863
v -0.056556880474090576 -0.3930268883705139 -0.25826773047447205
v -0.05887182056903839 -0.3885866403579712 -0.2569485306739807
v -0.04986602067947388 -0.39107662439346313 -0.25786349177360535
v -0.05021794140338898 -0.39009612798690796 -0.2514037489891052
v 0.4794643223285675 -0.47724461555480957 -0.20982679724693298
v 0.48053640127182007 -0.47248655557632446 -0.21920593082904816
v 0.48449385166168213 -0.4948914051055908 -0.22375823557376862
v 0.4836411476135254 -0.49588900804519653 -0.2177649885416031
v 0.4805910587310791 -0.49274927377700806 -0.21654312312602997
v 0.47680824995040894 -0.4915354251861572 -0.2204875499010086
v -0.5631987452507019 -0.12659980356693268 -0.007141187787055969
v -0.5752578377723694 -0.13286790251731873 0.01964282989501953
v -0.5701976418495178 -0.13549964129924774 0.004593938589096069
v -0.5814523696899414 -0.12860453128814697 0.012146830558776855
v -0.5676168203353882 -0.11836794018745422 -0.012950882315635681
v -0.5818790793418884 -0.1166546419262886 -0.00759868323802948
v -0.5913684368133545 -0.12597182393074036 -0.0020037442445755005
v -0.5907334089279175 -0.13460741937160492 0.0016738474369049072
v -0.5882906913757324 -0.133196622133255 0.004301488399505615
v -0.06665140390396118 -0.3858505189418793 -0.25171133875846863
v -0.06075727939605713 -0.38455769419670105 -0.2503356635570526
v -0.06438708305358887 -0.38442909717559814 -0.25457388162612915
v -0.05393384397029877 -0.3940419554710388 -0.25967222452163696
v -0.04995174705982208 -0.39502233266830444 -0.25888606905937195
v -0.052326053380966187 -0.38882148265838623 -0.2586970329284668
v -0.052565157413482666 -0.3931976556777954 -0.2596285939216614
v -0.05693808197975159 -0.3890140652656555 -0.2560727596282959
v 0.48335883021354675 -0.4930558502674103 -0.22432014346122742
v 0.4804435968399048 -0.4891567528247833 -0.22565957903862
v 0.4856123626232147 -0.5134708285331726 -0.22537456452846527
v 0.4847255349159241 -0.5054588317871094 -0.23462018370628357
v 0.4848901629447937 -0.5031641125679016 -0.22860711812973022
v 0.4781714677810669 -0.5132645964622498 -0.22836746275424957
v -0.5704649686813354 -0.11837838590145111 -0.004936397075653076
v -0.5785175561904907 -0.13990671932697296 0.012713313102722168
v -0.5720003247261047 -0.13996201753616333 0.006462231278419495
v -0.5818122029304504 -0.13980181515216827 0.00716109573841095
v -0.5785219073295593 -0.12379778921604156 -0.011459574103355408
v -0.5909143686294556 -0.12921565771102905 -0.009892404079437256
v -0.5921168923377991 -0.13705456256866455 -0.0023527443408966064
v -0.5867090225219727 -0.14224514365196228 3.294646739959717e-05
v -0.584587812423706 -0.14514252543449402 0.0013378262519836426
v -0.06253628432750702 -0.3835075795650482 -0.2557200491428375
v -0.05988730490207672 -0.38468530774116516 -0.25711268186569214
v -0.05391491949558258 -0.38392165303230286 -0.25681808590888977
v -0.049708396196365356 -0.39886265993118286 -0.2636336088180542
v -0.04264439642429352 -0.39859601855278015 -0.25953754782676697
v -0.04198145866394043 -0.3921758830547333 -0.25829190015792847
v -0.050635188817977905 -0.3927426338195801 -0.26259636878967285
v -0.054686322808265686 -0.39056631922721863 -0.26191529631614685
v 0.49031057953834534 -0.4911491870880127 -0.23989592492580414
v 0.47857800126075745 -0.5092796683311462 -0.23583894968032837
v 0.4877051115036011 -0.5258880853652954 -0.23953275382518768
v 0.48510614037513733 -0.5246541500091553 -0.24569839239120483
v 0.47739720344543457 -0.5272150635719299 -0.24341492354869843
v 0.483420193195343 -0.5250785946846008 -0.23885834217071533
v -0.5673887729644775 -0.13286873698234558 -0.0001391768455505371
v -0.5738467574119568 -0.14458560943603516 0.010394752025604248
v -0.5670415759086609 -0.1413368582725525 0.006619870662689209
v -0.5698919296264648 -0.1449638307094574 0.005191639065742493
v -0.5829590559005737 -0.12862864136695862 -0.007404506206512451
v -0.5870173573493958 -0.14082865417003632 -0.0013986825942993164
v -0.5865371227264404 -0.14515358209609985 0.0005967319011688232
v -0.5805823802947998 -0.14918556809425354 0.006670571863651276
v -0.575911283493042 -0.1493750512599945 0.010678760707378387
v -0.05569621920585632 -0.38410863280296326 -0.2623007893562317
v -0.056806206703186035 -0.3810870945453644 -0.2602647840976715
v -0.043679773807525635 -0.3832201361656189 -0.26059195399284363
v -0.04461070895195007 -0.3793984353542328 -0.26192110776901245
v -0.043707624077796936 -0.3991054594516754 -0.2666349709033966
v -0.02826973795890808 -0.40119490027427673 -0.2618963122367859
v -0.02702617645263672 -0.3923413157463074 -0.25853055715560913
v -0.044768303632736206 -0.39568737149238586 -0.2672649919986725
v -0.04675012826919556 -0.39028874039649963 -0.2678127586841583
v 0.488224595785141 -0.5176972150802612 -0.2298871874809265
v 0.47661328315734863 -0.5273979902267456 -0.24992716312408447
v 0.48825204372406006 -0.537497878074646 -0.2429479956626892
v 0.4863072633743286 -0.5354478359222412 -0.2474210560321808
v 0.47524333000183105 -0.534950852394104 -0.25601235032081604
v 0.47670990228652954 -0.5361224412918091 -0.25115108489990234
v -0.5636285543441772 -0.13942664861679077 0.0038747787475585938
v -0.5627123713493347 -0.1459190994501114 0.00728645920753479
v -0.5572847723960876 -0.14677336812019348 0.008920803666114807
v -0.5670562982559204 -0.14895525574684143 0.015184588730335236
v -0.5732861161231995 -0.1392699033021927 0.0029020756483078003
v -0.5798072218894958 -0.15097172558307648 0.0033826082944869995
v -0.5852886438369751 -0.1446145623922348 -0.0019645318388938904
v -0.5755395293235779 -0.14930221438407898 0.019618883728981018
v -0.045856401324272156 -0.3803393840789795 -0.26562610268592834
v -0.04791630804538727 -0.38225436210632324 -0.2693677544593811
v -0.025993451476097107 -0.38244473934173584 -0.26134008169174194
v -0.030504032969474792 -0.3778824210166931 -0.2656666934490204
v -0.03264327347278595 -0.4034956693649292 -0.27125200629234314
v -0.013809099793434143 -0.4080154597759247 -0.26907381415367126
v -0.008273780345916748 -0.3984277844429016 -0.26106011867523193
v -0.03042711317539215 -0.3971921503543854 -0.27408963441848755
v -0.03128829598426819 -0.3892647922039032 -0.2756461203098297
v 0.48422929644584656 -0.5375284552574158 -0.2461838573217392
v 0.47647684812545776 -0.5372054576873779 -0.2599043846130371
v 0.4871712327003479 -0.5443345308303833 -0.2524172067642212
v 0.48619768023490906 -0.5471335053443909 -0.2488890290260315
v 0.47791966795921326 -0.5420480966567993 -0.26172035932540894
v 0.4758308231830597 -0.5482000112533569 -0.2614910304546356
v -0.5591017007827759 -0.15540429949760437 0.01081693172454834
v -0.5560410022735596 -0.15583094954490662 0.020091835409402847
v -0.5539432764053345 -0.15241672098636627 0.012303903698921204
v -0.562362790107727 -0.15474946796894073 0.021277837455272675
v -0.5671151876449585 -0.15202027559280396 0.0019751638174057007
v -0.5902372002601624 -0.14480917155742645 -0.00039559975266456604
v -0.5901824831962585 -0.14666953682899475 0.014301851391792297
v -0.031607791781425476 -0.37515074014663696 -0.2698250412940979
v -0.03147135674953461 -0.3813488483428955 -0.27553772926330566
v -0.00458313524723053 -0.37275418639183044 -0.27056553959846497
v -0.004207968711853027 -0.38615745306015015 -0.26201242208480835
v -0.01665531098842621 -0.40584444999694824 -0.2781211733818054
v 0.011894077062606812 -0.4081081449985504 -0.26424703001976013
v 0.01891613006591797 -0.39481037855148315 -0.2622045576572418
v -0.015260621905326843 -0.3983449935913086 -0.2824644148349762
v -0.014737322926521301 -0.39355963468551636 -0.2837553024291992
v 0.4800330698490143 -0.548544704914093 -0.25470882654190063
v 0.48475486040115356 -0.5434787273406982 -0.25622886419296265
v 0.48771560192108154 -0.5552197694778442 -0.25237226486206055
v 0.4877937436103821 -0.5550509691238403 -0.25905466079711914
v 0.48061874508857727 -0.5590633153915405 -0.26543158292770386
v 0.4809867739677429 -0.5499153137207031 -0.2626546025276184
v -0.5714401602745056 -0.1642162799835205 0.02287326380610466
v -0.5768619179725647 -0.1530885100364685 0.019059140235185623
v -0.5989120602607727 -0.14385923743247986 -0.004983212798833847
v -0.5993173122406006 -0.14311815798282623 0.0025828592479228973
v -0.009618476033210754 -0.3777744174003601 -0.28342771530151367
v -0.013525590300559998 -0.3874443471431732 -0.2850540280342102
v 0.02337700128555298 -0.38216865062713623 -0.26950278878211975
v 0.03256363421678543 -0.37728849053382874 -0.2823874354362488
v 0.005394428968429565 -0.4148407578468323 -0.2760319709777832
v 0.03722955286502838 -0.4058397114276886 -0.2652207911014557
v 0.04764339327812195 -0.3938220739364624 -0.2686566114425659
v 0.0007664263248443604 -0.4074379801750183 -0.2857258915901184
v 0.0034654438495635986 -0.39860963821411133 -0.2925351858139038
v 0.4803839325904846 -0.5573822855949402 -0.26031410694122314
v 0.4846459627151489 -0.5501759052276611 -0.2586815059185028
v 0.49222278594970703 -0.5646489858627319 -0.2592116892337799
v 0.4836449921131134 -0.5632204413414001 -0.2621261477470398
v -0.5956017374992371 -0.14612367749214172 -0.013895899057388306
v -0.5781685709953308 -0.16750694811344147 -0.007829743437469006
v -0.5882687568664551 -0.1662241816520691 0.005128071643412113
v -0.5928831696510315 -0.15397107601165771 0.01322095189243555
v -0.6025665998458862 -0.1436953842639923 -0.003260413184762001
v -0.599419891834259 -0.1431661993265152 -0.007800599560141563
v 0.013057336211204529 -0.3829132616519928 -0.29521772265434265
v 0.020227864384651184 -0.37276339530944824 -0.2906057834625244
v 0.061707064509391785 -0.38384759426116943 -0.28995391726493835
v 0.055998824536800385 -0.3860155940055847 -0.28120797872543335
v 0.037389472126960754 -0.41693881154060364 -0.2718965411186218
v 0.07695844024419785 -0.39546698331832886 -0.2807677984237671
v 0.07014314085245132 -0.410451203584671 -0.2731822729110718
v 0.0322798490524292 -0.4167334735393524 -0.2889389991760254
v 0.03733612596988678 -0.39592158794403076 -0.30260273814201355
v 0.4918489158153534 -0.5671741962432861 -0.25959867238998413
v 0.5006388425827026 -0.5803846120834351 -0.268801212310791
v 0.49946123361587524 -0.5916874408721924 -0.27053746581077576
v 0.4873335361480713 -0.5779182314872742 -0.2675783932209015
v -0.6016978025436401 -0.15350253880023956 -0.0213431715965271
v -0.5999636650085449 -0.14365226030349731 -0.018069662153720856
v -0.6015686392784119 -0.16676118969917297 -0.01327099371701479
v -0.598797619342804 -0.14762765169143677 -0.0063334982842206955
v -0.5970653891563416 -0.14120802283287048 -0.017067857086658478
v -0.5913824439048767 -0.14528775215148926 -0.006312115117907524
v 0.05397084355354309 -0.37835368514060974 -0.2983590364456177
v 0.045372605323791504 -0.3799207806587219 -0.3037864565849304
v 0.0794769674539566 -0.3896056115627289 -0.29146844148635864
v 0.07955444604158401 -0.3858877420425415 -0.2990536391735077
v 0.06697246432304382 -0.42175108194351196 -0.2855241298675537
v 0.095820352435112 -0.405057430267334 -0.2847219705581665
v 0.09406008571386337 -0.4192575514316559 -0.28540247678756714
v 0.06951361149549484 -0.41347649693489075 -0.30231887102127075
v 0.06585432589054108 -0.3927614092826843 -0.3079536557197571
v 0.4893947243690491 -0.5716423988342285 -0.26319849491119385
v 0.5189441442489624 -0.5967125296592712 -0.27864062786102295
v 0.5132892727851868 -0.609978973865509 -0.2844686806201935
v 0.49762392044067383 -0.5870682001113892 -0.26712214946746826
v -0.6045106649398804 -0.1475677341222763 -0.023012705147266388
v -0.6059712767601013 -0.1543085277080536 -0.030773578211665154
v -0.5971473455429077 -0.15752136707305908 -0.025061748921871185
v -0.595806360244751 -0.15479779243469238 -0.020704690366983414
v -0.5862506628036499 -0.15656571090221405 -0.02210213616490364
v -0.6109623908996582 -0.15206559002399445 -0.02808547019958496
v 0.07382940500974655 -0.38713744282722473 -0.3087245523929596
v 0.0978974848985672 -0.3956073522567749 -0.2924352288246155
v 0.0977153331041336 -0.39281368255615234 -0.3001781702041626
v 0.09239102900028229 -0.41948506236076355 -0.2987416982650757
v 0.11055458337068558 -0.41055580973625183 -0.2928219437599182
v 0.10694113373756409 -0.4159349799156189 -0.294425904750824
v 0.09113659709692001 -0.41462892293930054 -0.3064906597137451
v 0.09174975752830505 -0.4019958972930908 -0.31231528520584106
v 0.49937334656715393 -0.5810672044754028 -0.2636411488056183
v 0.5163813829421997 -0.5943697690963745 -0.27042704820632935
v 0.523492693901062 -0.60060715675354 -0.2777012288570404
v 0.5405497550964355 -0.6386822462081909 -0.30152931809425354
v 0.5160912871360779 -0.6175347566604614 -0.27552491426467896
v 0.5087019205093384 -0.6064043045043945 -0.2690940797328949
v -0.6050225496292114 -0.1477583646774292 -0.027904490008950233
v -0.6134316921234131 -0.1499336063861847 -0.028484197333455086
v -0.5933067202568054 -0.15180227160453796 -0.029316812753677368
v -0.5928803086280823 -0.15666626393795013 -0.025141306221485138
v -0.6154696345329285 -0.16172227263450623 -0.03916915878653526
v -0.6040560007095337 -0.15857835114002228 -0.03926771134138107
v 0.09195510298013687 -0.3932593762874603 -0.30674687027931213
v 0.11212290823459625 -0.40275293588638306 -0.2945218086242676
v 0.11439735442399979 -0.39928677678108215 -0.2993565499782562
v 0.10808652639389038 -0.41563189029693604 -0.2995355427265167
v 0.10332397371530533 -0.41623806953430176 -0.3023425340652466
v 0.10268393903970718 -0.4118480384349823 -0.30667608976364136
v 0.5086694359779358 -0.5940843820571899 -0.26608631014823914
v 0.5173082947731018 -0.608930766582489 -0.26882070302963257
v 0.5228568315505981 -0.6062633395195007 -0.27612853050231934
v 0.530278205871582 -0.6003497838973999 -0.2784082591533661
v 0.5349532961845398 -0.6104486584663391 -0.284350723028183
v 0.529571533203125 -0.6312212347984314 -0.28551802039146423
v 0.5299646258354187 -0.6305734515190125 -0.2752857208251953
v -0.6140393018722534 -0.1573840230703354 -0.03699631989002228
v -0.6188044548034668 -0.15864284336566925 -0.03820376843214035
v -0.6048895120620728 -0.15561017394065857 -0.03489696979522705
v -0.5956940650939941 -0.15205419063568115 -0.03470747917890549
v -0.6197054386138916 -0.16672471165657043 -0.04800261929631233
v -0.6158031821250916 -0.16190189123153687 -0.05130651593208313
v 0.11005574464797974 -0.4004395604133606 -0.30611735582351685
v 0.12352550774812698 -0.40925413370132446 -0.3022864758968353
v 0.12346585839986801 -0.4084151089191437 -0.30097633600234985
v 0.1163485050201416 -0.4135400652885437 -0.30173951387405396
v 0.11801986396312714 -0.41370850801467896 -0.3027056157588959
v 0.11534146219491959 -0.41187673807144165 -0.30065882205963135
v 0.11170309782028198 -0.41116589307785034 -0.2982407212257385
v 0.5288525223731995 -0.6157732009887695 -0.27448388934135437
v 0.5243237018585205 -0.6010212898254395 -0.27570638060569763
v 0.530449390411377 -0.6033962965011597 -0.2794809341430664
v 0.5464003086090088 -0.611530065536499 -0.2831621766090393
v 0.5352169275283813 -0.6293777227401733 -0.2818910777568817
v 0.5342127084732056 -0.612798810005188 -0.2780974209308624
v 0.5366507768630981 -0.6352345943450928 -0.28652432560920715
v -0.6194076538085938 -0.16230398416519165 -0.04312156140804291
v -0.6242607235908508 -0.16360509395599365 -0.045237693935632706
v -0.6161944270133972 -0.16023872792720795 -0.04154130071401596
v -0.6155627369880676 -0.1533920019865036 -0.04351150989532471
v 0.11849822103977203 -0.4115373194217682 -0.300300657749176
v 0.13191339373588562 -0.419472336769104 -0.30111318826675415
v 0.12475846707820892 -0.41556239128112793 -0.3081396222114563
v 0.1225099116563797 -0.4112713038921356 -0.30561140179634094
v 0.1241685003042221 -0.4127350151538849 -0.30893343687057495
v 0.12467070668935776 -0.40927356481552124 -0.30108165740966797
v 0.12106293439865112 -0.40693771839141846 -0.29582661390304565
v 0.529329776763916 -0.6068578958511353 -0.2725083529949188
v 0.5308575630187988 -0.6060645580291748 -0.27545639872550964
v 0.5410007238388062 -0.6134687662124634 -0.27976781129837036
v 0.5526557564735413 -0.618126630783081 -0.276672899723053
v -0.6274704337120056 -0.1696443408727646 -0.049040116369724274
v -0.6292281150817871 -0.16983714699745178 -0.05298362299799919
v -0.6161210536956787 -0.14947795867919922 -0.04293924197554588
v -0.6270846128463745 -0.1666666567325592 -0.0468016043305397
v -0.6200931668281555 -0.1635599136352539 -0.05856824666261673
v -0.6270309686660767 -0.15427567064762115 -0.048365797847509384
v -0.6259657740592957 -0.16970977187156677 -0.05735490471124649
v 0.11738774180412292 -0.416564404964447 -0.29314884543418884
v 0.13125111162662506 -0.4083818793296814 -0.31025537848472595
v 0.12578216195106506 -0.4168345332145691 -0.31638360023498535
v 0.13172948360443115 -0.40774181485176086 -0.3028693199157715
v 0.12461617588996887 -0.41135174036026 -0.29634082317352295
v 0.5360482931137085 -0.6115447282791138 -0.27358478307724
v 0.5374907851219177 -0.612659752368927 -0.2758023738861084
v 0.5478854179382324 -0.6181357502937317 -0.27513349056243896
v 0.5518410205841064 -0.616095781326294 -0.27837932109832764
v 0.5544213056564331 -0.6192498207092285 -0.2737101912498474
v -0.6387635469436646 -0.17345084249973297 -0.0625680610537529
v -0.6357900500297546 -0.17521315813064575 -0.05776633322238922
v -0.6258213520050049 -0.1535170078277588 -0.04714804142713547
v -0.6367877125740051 -0.17229808866977692 -0.050657883286476135
v -0.6402785778045654 -0.15613698959350586 -0.05004927143454552
v -0.6395110487937927 -0.15660162270069122 -0.0622338205575943
v -0.6353203058242798 -0.1703702062368393 -0.06431800872087479
v 0.12435118854045868 -0.42162036895751953 -0.2966609597206116
v 0.13251852989196777 -0.40066075325012207 -0.3076263666152954
v 0.12256170809268951 -0.4152142405509949 -0.30318114161491394
v 0.12781207263469696 -0.40603017807006836 -0.3014015853404999
v 0.12861302495002747 -0.4125570058822632 -0.2966257929801941
v 0.5530988574028015 -0.6166057586669922 -0.28095149993896484
v -0.6425243616104126 -0.17514751851558685 -0.06328645348548889
v -0.6400861740112305 -0.17997382581233978 -0.05632413923740387
v -0.6388251781463623 -0.16128987073898315 -0.048405274748802185
v -0.6443392634391785 -0.17778214812278748 -0.051266513764858246
v -0.6555546522140503 -0.16489002108573914 -0.052574630826711655
v -0.6584581136703491 -0.16016274690628052 -0.06291373074054718
v -0.6490789651870728 -0.1685086190700531 -0.07324264943599701
v 0.13107581436634064 -0.4138321578502655 -0.29621315002441406
v 0.14594753086566925 -0.4002114534378052 -0.2998417019844055
v 0.13766346871852875 -0.4101831316947937 -0.2982945442199707
v 0.13287852704524994 -0.4014667868614197 -0.2989264130592346
v 0.14073850214481354 -0.4037129878997803 -0.2935556471347809
v -0.6476545333862305 -0.18492266535758972 -0.052515625953674316
v -0.647881805896759 -0.18494567275047302 -0.05654289200901985
v -0.6479846239089966 -0.16826538741588593 -0.04927898943424225
v -0.6531652212142944 -0.18183374404907227 -0.049392133951187134
v -0.6355003118515015 -0.1650979071855545 -0.06975071132183075
v -0.6486024260520935 -0.16354382038116455 -0.07342357933521271
v -0.67774498462677 -0.1624869555234909 -0.06144839525222778
v -0.6703587770462036 -0.1681968867778778 -0.053652677685022354
v -0.6569698452949524 -0.17600536346435547 -0.07043999433517456
v 0.13795854151248932 -0.40915143489837646 -0.29125919938087463
v 0.15381592512130737 -0.40304720401763916 -0.29983043670654297
v 0.15067672729492188 -0.4081680178642273 -0.2934035062789917
v 0.15527412295341492 -0.3957083225250244 -0.29629889130592346
v 0.14683747291564941 -0.39940816164016724 -0.292793869972229
v -0.655991792678833 -0.1947571188211441 -0.05004523694515228
v -0.6560274362564087 -0.19273784756660461 -0.06147349998354912
v -0.6588005423545837 -0.17434895038604736 -0.04696974158287048
v -0.6624524593353271 -0.18520674109458923 -0.04773765429854393
v -0.6725693941116333 -0.1639094352722168 -0.0768091231584549
v -0.6787946820259094 -0.16875453293323517 -0.07153141498565674
v -0.6846935749053955 -0.17127762734889984 -0.05887148529291153
v -0.6629582643508911 -0.186992809176445 -0.07272876799106598
v 0.14591756463050842 -0.40499478578567505 -0.28728699684143066
v 0.15960080921649933 -0.40584951639175415 -0.2985207736492157
v 0.15921765565872192 -0.39740610122680664 -0.2995886206626892
v 0.1539880633354187 -0.3986770510673523 -0.2923987805843353
v 0.15072958171367645 -0.40260159969329834 -0.28742489218711853
v -0.67059725522995 -0.20471379160881042 -0.06170818209648132
v -0.6677142977714539 -0.2016029953956604 -0.07245241105556488
v -0.6740409731864929 -0.18171900510787964 -0.04835916683077812
v -0.6730499863624573 -0.19744932651519775 -0.050626449286937714
v -0.6706159710884094 -0.17667147517204285 -0.07940657436847687
v -0.6894533634185791 -0.1723964512348175 -0.07623177766799927
v -0.6929308772087097 -0.17806938290596008 -0.0679703950881958
v -0.6738240122795105 -0.1923179030418396 -0.08260536193847656
v 0.15337949991226196 -0.4067643880844116 -0.2892172634601593
v 0.16988834738731384 -0.3994176387786865 -0.2996070086956024
v 0.16943024098873138 -0.4029908776283264 -0.3003694415092468
v 0.16454093158245087 -0.3977365493774414 -0.2941327393054962
v 0.15883895754814148 -0.4007501006126404 -0.2864953279495239
v -0.6762187480926514 -0.20821397006511688 -0.08427754789590836
v -0.6759302020072937 -0.21757757663726807 -0.07471762597560883
v -0.6843211054801941 -0.18797022104263306 -0.05406138300895691
v -0.6876409649848938 -0.21213075518608093 -0.06119807809591293
v -0.6779279708862305 -0.17845675349235535 -0.08263494074344635
v -0.6987123489379883 -0.18332217633724213 -0.06882922351360321
v -0.7003849148750305 -0.17800825834274292 -0.07879626750946045
v -0.6829345226287842 -0.19518546760082245 -0.09183299541473389
v 0.1670846939086914 -0.4044233560562134 -0.2948055863380432
v 0.1760949194431305 -0.40101733803749084 -0.3059939742088318
v 0.1706375777721405 -0.3991982638835907 -0.3002140522003174
v 0.17663362622261047 -0.39983320236206055 -0.2921799421310425
v 0.17426350712776184 -0.3995656371116638 -0.29173246026039124
v -0.6905536651611328 -0.21162466704845428 -0.09482181072235107
v -0.6873914003372192 -0.2239542305469513 -0.0881422832608223
v -0.6959925889968872 -0.19315385818481445 -0.06457718461751938
v -0.6921050548553467 -0.2261764109134674 -0.0751340240240097
v -0.6912962794303894 -0.1826665699481964 -0.08951923996210098
v -0.7055779099464417 -0.19279183447360992 -0.06790267676115036
v -0.7087476253509521 -0.18554435670375824 -0.07822121679782867
v -0.6968079209327698 -0.19700875878334045 -0.098274365067482
v 0.18682454526424408 -0.40092992782592773 -0.29947447776794434
v 0.1805330514907837 -0.40004926919937134 -0.30277881026268005
v 0.19188106060028076 -0.3983224332332611 -0.30931413173675537
v 0.18749165534973145 -0.40101808309555054 -0.29727011919021606
v 0.1940343677997589 -0.3986935615539551 -0.2997185289859772
v -0.7033933401107788 -0.21622934937477112 -0.10209377110004425
v -0.7001532912254333 -0.2244536280632019 -0.09923199564218521
v -0.6966429948806763 -0.208131343126297 -0.06378244608640671
v -0.7081546783447266 -0.22921159863471985 -0.08812450617551804
v -0.7051792144775391 -0.18505877256393433 -0.09109966456890106
v -0.7220624685287476 -0.19286812841892242 -0.07951901853084564
v -0.7127052545547485 -0.1995955854654312 -0.07225985080003738
v -0.7101604342460632 -0.2010209709405899 -0.10309606790542603
v 0.19508212804794312 -0.39683961868286133 -0.30351200699806213
v 0.20636050403118134 -0.39658844470977783 -0.309712290763855
v 0.20780177414417267 -0.39468199014663696 -0.30928412079811096
v 0.21299684047698975 -0.40190067887306213 -0.3083076477050781
v 0.2083202749490738 -0.4015156626701355 -0.3038712739944458
v -0.7143453359603882 -0.23318473994731903 -0.10830235481262207
v -0.7215718626976013 -0.21810321509838104 -0.11664941906929016
v -0.7084141969680786 -0.21395587921142578 -0.0728413537144661
v -0.7301383018493652 -0.2355125993490219 -0.09311048686504364
v -0.7172017693519592 -0.19213072955608368 -0.09282728284597397
v -0.7374362349510193 -0.19739195704460144 -0.08348327875137329
v -0.735063910484314 -0.20731309056282043 -0.07959311455488205
v -0.7263708114624023 -0.20369425415992737 -0.1097642183303833
v 0.21592587232589722 -0.39571109414100647 -0.30525320768356323
v 0.2315075546503067 -0.39819538593292236 -0.313663125038147
v 0.22981464862823486 -0.39675915241241455 -0.3205042779445648
v 0.2363351434469223 -0.40159109234809875 -0.31826746463775635
v 0.24549411237239838 -0.4026497006416321 -0.3138043284416199
v -0.7396659851074219 -0.2406800091266632 -0.11673298478126526
v -0.7385140657424927 -0.2312583029270172 -0.1264970302581787
v -0.7330012917518616 -0.22284474968910217 -0.08239039033651352
v -0.7511169910430908 -0.23846442997455597 -0.1015307754278183
v -0.7329224348068237 -0.1964530050754547 -0.09873257577419281
v -0.7553609013557434 -0.2152414470911026 -0.08708083629608154
v -0.760921835899353 -0.20320704579353333 -0.09072355926036835
v -0.7434054017066956 -0.21068096160888672 -0.12404973059892654
v 0.2268858402967453 -0.3989226818084717 -0.3114837408065796
v 0.24319717288017273 -0.40290042757987976 -0.32480698823928833
v 0.2439049780368805 -0.399852991104126 -0.3175472617149353
v 0.2570570111274719 -0.4036249816417694 -0.32428354024887085
v 0.2630561590194702 -0.40378525853157043 -0.3150808811187744
v -0.7570212483406067 -0.23871344327926636 -0.1324550211429596
v -0.754582941532135 -0.24276186525821686 -0.12566053867340088
v -0.7548111081123352 -0.2293112426996231 -0.09103957563638687
v -0.7585839629173279 -0.24321314692497253 -0.11451372504234314
v -0.7552201151847839 -0.19862334430217743 -0.10476440191268921
v -0.7793633341789246 -0.20961236953735352 -0.11163482069969177
v -0.7773853540420532 -0.21953636407852173 -0.09883183240890503
v -0.7549039125442505 -0.22641058266162872 -0.13243281841278076
v 0.25035572052001953 -0.4041024446487427 -0.31689780950546265
v 0.2696923017501831 -0.4071449041366577 -0.33330464363098145
v 0.2602689266204834 -0.4038689434528351 -0.31588003039360046
v -0.7676355242729187 -0.24579809606075287 -0.1266593635082245
v -0.7685529589653015 -0.24636748433113098 -0.13638713955879211
v -0.7691686153411865 -0.23466897010803223 -0.10259474813938141
v -0.7763811349868774 -0.24376264214515686 -0.1169467568397522
v -0.7686799168586731 -0.21135233342647552 -0.1260216385126114
v -0.7904629707336426 -0.21979084610939026 -0.11574333906173706
v -0.7846562266349792 -0.2157328724861145 -0.12702970206737518
v -0.7642297148704529 -0.23785679042339325 -0.13827568292617798
v 0.2795192301273346 -0.40652796626091003 -0.33020469546318054
v 0.2799624800682068 -0.40492552518844604 -0.3172270357608795
v 0.28862082958221436 -0.4020005464553833 -0.3420015275478363
v 0.2824026346206665 -0.4034854769706726 -0.3268936276435852
v -0.7810797095298767 -0.2539743185043335 -0.13316422700881958
v -0.7762962579727173 -0.24848762154579163 -0.14468874037265778
v -0.7899359464645386 -0.23247626423835754 -0.11081765592098236
v -0.7900583744049072 -0.24697324633598328 -0.12104231864213943
v -0.7778265476226807 -0.22265616059303284 -0.13647538423538208
v -0.7992633581161499 -0.2315616011619568 -0.12173734605312347
v -0.7929433584213257 -0.22303088009357452 -0.13302583992481232
v -0.7762311697006226 -0.23462434113025665 -0.15124206244945526
v 0.2857277989387512 -0.4015028476715088 -0.32378706336021423
v 0.2973926067352295 -0.4030560851097107 -0.3434942960739136
v 0.297111839056015 -0.4023759365081787 -0.3173827826976776
v 0.2832832932472229 -0.40512755513191223 -0.31321847438812256
v -0.7882072925567627 -0.25800424814224243 -0.14566706120967865
v -0.788770854473114 -0.2509130835533142 -0.1530398428440094
v -0.8003376722335815 -0.24301017820835114 -0.12136829644441605
v -0.8014109134674072 -0.25495845079421997 -0.1314643919467926
v -0.782863199710846 -0.22797274589538574 -0.14312972128391266
v -0.8041012287139893 -0.23149530589580536 -0.13386541604995728
v -0.8093746900558472 -0.23999623954296112 -0.13089849054813385
v -0.7786328792572021 -0.23969867825508118 -0.15336599946022034
v 0.3147720396518707 -0.4067525565624237 -0.33214280009269714
v 0.3120049834251404 -0.39698711037635803 -0.3436703681945801
v 0.29687702655792236 -0.39891088008880615 -0.3306781053543091
v 0.30206719040870667 -0.4027051031589508 -0.325023889541626
v -0.7965811491012573 -0.26344215869903564 -0.15446415543556213
v -0.7930651903152466 -0.25440722703933716 -0.15655866265296936
v -0.8093340396881104 -0.2469475120306015 -0.1309652030467987
v -0.8135665059089661 -0.25875991582870483 -0.1456175297498703
v -0.8030614852905273 -0.26397162675857544 -0.14809182286262512
v -0.7968637347221375 -0.23128776252269745 -0.14101974666118622
v -0.8230597972869873 -0.2492016851902008 -0.14208990335464478
v -0.8205661773681641 -0.23906442523002625 -0.14516165852546692
v -0.792458713054657 -0.24635808169841766 -0.15148647129535675
v 0.3112257719039917 -0.4036034047603607 -0.32229605317115784
v 0.32040998339653015 -0.4088692367076874 -0.3329496681690216
v 0.3165074288845062 -0.39967015385627747 -0.3409145474433899
v 0.30785393714904785 -0.3963375687599182 -0.33869174122810364
v 0.3134480118751526 -0.40746161341667175 -0.3301650881767273
v -0.7996703386306763 -0.26454734802246094 -0.15927502512931824
v -0.803730845451355 -0.2576061189174652 -0.15900643169879913
v -0.8186879754066467 -0.2562998831272125 -0.1430094689130783
v -0.8159516453742981 -0.26444345712661743 -0.156416118144989
v -0.8059172630310059 -0.26840513944625854 -0.15687072277069092
v -0.8118790984153748 -0.24452264606952667 -0.1510273665189743
v -0.8337711095809937 -0.2528834342956543 -0.1550862193107605
v -0.8324849605560303 -0.258591890335083 -0.15380573272705078
v -0.8149320483207703 -0.25462040305137634 -0.1603354662656784
v 0.31975507736206055 -0.41004452109336853 -0.328238844871521
v 0.3257846236228943 -0.40646040439605713 -0.33373117446899414
v 0.3346216380596161 -0.40532392263412476 -0.35738182067871094
v 0.32784199714660645 -0.40204763412475586 -0.3380987048149109
v 0.3208162784576416 -0.40509840846061707 -0.34757518768310547
v 0.32617196440696716 -0.40840211510658264 -0.3457828462123871
v -0.805948793888092 -0.2692950963973999 -0.1605747789144516
v -0.8180602788925171 -0.2643614709377289 -0.16564224660396576
v -0.8258995413780212 -0.26223576068878174 -0.15414728224277496
v -0.8127235174179077 -0.26386523246765137 -0.16010287404060364
v -0.823072075843811 -0.2648124098777771 -0.16356530785560608
v -0.829216480255127 -0.25111228227615356 -0.15838633477687836
v -0.8436335325241089 -0.2612759470939636 -0.16478389501571655
v -0.8380321264266968 -0.26476162672042847 -0.16535362601280212
v -0.8282750844955444 -0.26485827565193176 -0.16310544312000275
v 0.33001917600631714 -0.41283732652664185 -0.3504071533679962
v 0.3376900553703308 -0.4148276448249817 -0.3568929433822632
v 0.33973801136016846 -0.4102027416229248 -0.35253220796585083
v 0.34173351526260376 -0.42091676592826843 -0.3639158606529236
v 0.33172735571861267 -0.4136413335800171 -0.34968239068984985
v -0.8192768096923828 -0.2750003933906555 -0.17160609364509583
v -0.8300772905349731 -0.27401602268218994 -0.173985093832016
v -0.8320493102073669 -0.26652026176452637 -0.1643582582473755
v -0.8323113918304443 -0.2707113027572632 -0.17514024674892426
v -0.818476140499115 -0.2701510787010193 -0.16735254228115082
v -0.8408930897712708 -0.26259562373161316 -0.16591310501098633
v -0.8515112996101379 -0.26824355125427246 -0.1769857555627823
v -0.8477746844291687 -0.2714141011238098 -0.17735925316810608
v -0.8442109823226929 -0.27429118752479553 -0.1746102273464203
v 0.34136420488357544 -0.41735053062438965 -0.3599064350128174
v 0.3480527997016907 -0.41209182143211365 -0.35918891429901123
v 0.34271949529647827 -0.41233962774276733 -0.356981486082077
v 0.3410109877586365 -0.4103238582611084 -0.36139464378356934
v -0.8330599069595337 -0.28096115589141846 -0.18240967392921448
v -0.8357488512992859 -0.28641289472579956 -0.18365226686000824
v -0.8374665379524231 -0.27028197050094604 -0.17346228659152985
v -0.8360500931739807 -0.2753435969352722 -0.186701700091362
v -0.8300371170043945 -0.27243101596832275 -0.1831481158733368
v -0.8534108400344849 -0.2711508870124817 -0.17691166698932648
v -0.8592928051948547 -0.2785542607307434 -0.18771153688430786
v -0.8599402904510498 -0.2775207757949829 -0.19195130467414856
v -0.8446952104568481 -0.2870122194290161 -0.1866501271724701
v 0.3447294235229492 -0.4161040186882019 -0.360786497592926
v 0.3427824378013611 -0.4179888665676117 -0.36375316977500916
v 0.3497098982334137 -0.40571728348731995 -0.36959972977638245
v 0.3468920588493347 -0.4097813069820404 -0.3729438781738281
v -0.8385030627250671 -0.28678977489471436 -0.1872853934764862
v -0.8390671610832214 -0.2938423156738281 -0.19141337275505066
v -0.8491693735122681 -0.2746047377586365 -0.18479391932487488
v -0.842041015625 -0.2791001796722412 -0.19142334163188934
v -0.8405342698097229 -0.28011560440063477 -0.19243960082530975
v -0.8538093566894531 -0.28459155559539795 -0.18783420324325562
v -0.8622899651527405 -0.290213018655777 -0.20303457975387573
v -0.8587311506271362 -0.2821941673755646 -0.20334511995315552
v -0.8470324873924255 -0.29573264718055725 -0.19539499282836914
v 0.355169415473938 -0.42181819677352905 -0.36115410923957825
v 0.3399069905281067 -0.42413198947906494 -0.37090229988098145
v 0.3575153350830078 -0.4116460978984833 -0.3849233388900757
v 0.35568293929100037 -0.4196247160434723 -0.38911551237106323
v -0.8451659083366394 -0.29851359128952026 -0.2003861665725708
v -0.8420740365982056 -0.29522842168807983 -0.1981249302625656
v -0.8489323854446411 -0.27942919731140137 -0.1951659917831421
v -0.8503124713897705 -0.28942933678627014 -0.19804507493972778
v -0.848400890827179 -0.2890773415565491 -0.19918106496334076
v -0.8539189100265503 -0.29496097564697266 -0.20280781388282776
v -0.8549218773841858 -0.2979753017425537 -0.21433882415294647
v -0.8539857268333435 -0.286781907081604 -0.2079080045223236
v -0.8522143959999084 -0.2993699312210083 -0.2031479775905609
v 0.3716452717781067 -0.4252917766571045 -0.39781394600868225
v 0.3493747115135193 -0.4400210380554199 -0.38257843255996704
v 0.35718071460723877 -0.4228593409061432 -0.39302632212638855
v 0.35409027338027954 -0.43230190873146057 -0.39056605100631714
v -0.8535373210906982 -0.2987127900123596 -0.2057049572467804
v -0.8495209813117981 -0.30414706468582153 -0.20845673978328705
v -0.8495474457740784 -0.28524214029312134 -0.19909361004829407
v -0.8585652112960815 -0.2893558740615845 -0.21127639710903168
v -0.8527511358261108 -0.2932571768760681 -0.20355461537837982
v -0.854182779788971 -0.29953470826148987 -0.2130967527627945
v -0.8502088785171509 -0.2997617721557617 -0.2176937311887741
v -0.8596060276031494 -0.2905435562133789 -0.21426528692245483
v -0.8535568118095398 -0.30533236265182495 -0.21178339421749115
v 0.359113484621048 -0.4318801164627075 -0.396681547164917
v 0.35547250509262085 -0.4573465883731842 -0.4132838249206543
v 0.3541868329048157 -0.42882832884788513 -0.3923555612564087
v 0.3544507622718811 -0.4313564598560333 -0.3986746668815613
v -0.8568583130836487 -0.3052656352519989 -0.21094582974910736
v -0.8493759632110596 -0.3087145686149597 -0.21242259442806244
v -0.8587471842765808 -0.2872409522533417 -0.20544181764125824
v -0.8673968315124512 -0.29374414682388306 -0.21768946945667267
v -0.8611370325088501 -0.2987944781780243 -0.21285559237003326
v -0.8555430769920349 -0.30698227882385254 -0.2199477106332779
v -0.8572993874549866 -0.29841870069503784 -0.22246739268302917
v -0.864260196685791 -0.2915706932544708 -0.22029641270637512
v -0.855419933795929 -0.30976152420043945 -0.2164178341627121
v 0.35433971881866455 -0.43366682529449463 -0.39965537190437317
v 0.35372310876846313 -0.4401865005493164 -0.40591222047805786
v 0.3547285199165344 -0.44141876697540283 -0.40609121322631836
v -0.8669037222862244 -0.2895728051662445 -0.2164260596036911
v -0.8725109100341797 -0.29479503631591797 -0.22042444348335266
v -0.872286319732666 -0.29952770471572876 -0.21791352331638336
v -0.8545897006988525 -0.3069307804107666 -0.22125470638275146
v -0.8611249327659607 -0.30008670687675476 -0.2279195934534073
v -0.8643507361412048 -0.2960837483406067 -0.22633300721645355
v -0.863879919052124 -0.31020626425743103 -0.22159834206104279
v -0.8703619837760925 -0.2898901104927063 -0.223427876830101
v -0.874677300453186 -0.3015895485877991 -0.22687292098999023
v -0.8761703968048096 -0.3049277067184448 -0.22757448256015778
v -0.8594895601272583 -0.3050885498523712 -0.22489085793495178
v -0.8729711771011353 -0.29869383573532104 -0.22948485612869263
v -0.8709046840667725 -0.2999683916568756 -0.22772909700870514
v -0.8575631976127625 -0.31065794825553894 -0.22008219361305237
v 0.3523080050945282 -0.43899086117744446 -0.4168094992637634
v -0.8753001689910889 -0.3060958981513977 -0.22794543206691742
v -0.882623016834259 -0.3136949837207794 -0.23654805123806
v -0.8864719271659851 -0.315541535615921 -0.2360258400440216
v -0.8658271431922913 -0.3026190400123596 -0.2307296097278595
v -0.8630074858665466 -0.30838900804519653 -0.22932998836040497
v -0.8838541507720947 -0.3109436631202698 -0.241366907954216
v -0.8779524564743042 -0.29775866866111755 -0.22403232753276825
v -0.8882949352264404 -0.30596616864204407 -0.23192864656448364
v -0.8873209953308105 -0.30797579884529114 -0.2342793345451355
v -0.8727999925613403 -0.30594608187675476 -0.24607917666435242
v -0.8784736394882202 -0.30205318331718445 -0.2364068329334259
v -0.8902406692504883 -0.3060929477214813 -0.23480424284934998
v -0.8787521719932556 -0.3042393624782562 -0.23016974329948425
v -0.8848890066146851 -0.2993806302547455 -0.22627976536750793
v -0.889132022857666 -0.30130621790885925 -0.21623536944389343
v -0.8762403130531311 -0.310188353061676 -0.23795437812805176
v -0.8791025876998901 -0.3082396388053894 -0.233954519033432
v -0.8793657422065735 -0.31302186846733093 -0.22222661972045898
v -0.8724784851074219 -0.30404025316238403 -0.23563751578330994
v -0.8781977295875549 -0.296119749546051 -0.21286123991012573
v -0.8832689523696899 -0.299544095993042 -0.21013808250427246
v -0.8687062859535217 -0.3080814778804779 -0.23262739181518555
v -0.8719368577003479 -0.31454214453697205 -0.22835826873779297
v -0.8792707920074463 -0.30567407608032227 -0.20977994799613953
v -0.8579142093658447 -0.2970443665981293 -0.22730803489685059
v -0.8605704307556152 -0.3049669861793518 -0.2130260169506073
v -0.8800885677337646 -0.29832130670547485 -0.20596173405647278
v -0.8445224165916443 -0.3160143196582794 -0.230787456035614
v -0.867386519908905 -0.31583255529403687 -0.21972408890724182
v -0.8724997043609619 -0.3038715422153473 -0.21814820170402527
v -0.8471804261207581 -0.3116498291492462 -0.22414085268974304
v -0.8757708668708801 -0.3161991238594055 -0.22080308198928833
v -0.8957597017288208 -0.30914998054504395 -0.22459307312965393
v -0.8557066917419434 -0.3121078610420227 -0.22547394037246704
v -0.853382408618927 -0.31843316555023193 -0.2280564308166504
v -0.8895031213760376 -0.3058774471282959 -0.22677168250083923
v -0.8646449446678162 -0.3212684392929077 -0.2240304946899414
v -0.8769060373306274 -0.3118189573287964 -0.23456567525863647
v -0.8778660297393799 -0.3224967420101166 -0.23415392637252808
v -0.8974352478981018 -0.31443366408348083 -0.2349550426006317
v -0.8988507986068726 -0.3112552762031555 -0.2368263602256775
v -0.8931455016136169 -0.3210107684135437 -0.23658806085586548
v -0.8984856605529785 -0.3159644305706024 -0.23725399374961853
v -0.8940608501434326 -0.320298969745636 -0.23905602097511292
v -0.9217307567596436 -0.3241465985774994 -0.2421092689037323
v -0.9162265062332153 -0.320431113243103 -0.24235683679580688
v -0.9188905358314514 -0.32246771454811096 -0.24078598618507385
v -0.9132267236709595 -0.3238939046859741 -0.24475350975990295
v -0.9089722633361816 -0.320443719625473 -0.24137037992477417
v -0.9465667009353638 -0.3334881663322449 -0.24452608823776245
v -0.941123902797699 -0.33398887515068054 -0.2474079728126526
v -0.9421184659004211 -0.33137819170951843 -0.24603480100631714
v -0.9364297986030579 -0.3281342387199402 -0.2502669095993042
v -0.9352902173995972 -0.3269510865211487 -0.2533678114414215
v -0.9668060541152954 -0.33221638202667236 -0.2578044533729553
v -0.9634102582931519 -0.33952754735946655 -0.25235456228256226
v -0.9617092609405518 -0.3396715819835663 -0.25172188878059387
v -0.9629237651824951 -0.32986655831336975 -0.25946786999702454
v -0.9610969424247742 -0.33364367485046387 -0.2574445605278015
v -0.9875887632369995 -0.33253514766693115 -0.2661500573158264
v -0.9854527711868286 -0.3349112570285797 -0.25586122274398804
v -0.9843173027038574 -0.34832051396369934 -0.26194995641708374
v -0.9760105013847351 -0.33549728989601135 -0.2638135850429535
v -0.975648045539856 -0.34195950627326965 -0.2643360495567322
v -1.006475567817688 -0.3267558217048645 -0.2577156126499176
v -0.9983113408088684 -0.32864004373550415 -0.2649158835411072
v -0.9521602392196655 -0.35860154032707214 -0.26110729575157166
v -0.9961276054382324 -0.3405601680278778 -0.26940321922302246
v -0.9752163290977478 -0.35115644335746765 -0.26757490634918213
v -0.9507268071174622 -0.33423542976379395 -0.2578997313976288
v -0.9985794425010681 -0.3276030421257019 -0.2644508183002472
v -0.9643124341964722 -0.3597908020019531 -0.2661851942539215
v -0.9924625754356384 -0.34838148951530457 -0.2722332179546356
v -1.0050535202026367 -0.33768537640571594 -0.27027544379234314
v -0.9745703935623169 -0.34328493475914 -0.26495036482810974
v -1.002845287322998 -0.32977646589279175 -0.26831620931625366
v -0.9790633916854858 -0.36363115906715393 -0.2691498100757599
v -1.004441261291504 -0.33808770775794983 -0.27074095606803894
v -0.9955683946609497 -0.3521830439567566 -0.27252817153930664
v -1.0137276649475098 -0.33874639868736267 -0.2726137936115265
v -1.0018566846847534 -0.35526156425476074 -0.2688940465450287
v -0.9968713521957397 -0.3602654039859772 -0.2682264447212219
v -1.0057144165039062 -0.3339986503124237 -0.26512980461120605
v -1.0067700147628784 -0.3562946021556854 -0.26972290873527527
v -1.0395786762237549 -0.35776975750923157 -0.2788165211677551
v -1.045886516571045 -0.3459955155849457 -0.28426647186279297
v -1.0184566974639893 -0.3537743389606476 -0.26460570096969604
v -1.0340312719345093 -0.3537349998950958 -0.2759486138820648
v -1.0266553163528442 -0.3426252603530884 -0.269422709941864
v -1.0594050884246826 -0.3558103144168854 -0.27935874462127686
v -1.0718297958374023 -0.3400956988334656 -0.286557674407959
v -1.039855718612671 -0.35689082741737366 -0.2722395062446594
v -1.0414292812347412 -0.34654778242111206 -0.27918532490730286
v -1.0400961637496948 -0.34998568892478943 -0.2695072889328003
v -1.0375810861587524 -0.35140693187713623 -0.2874465584754944
v -1.0646467208862305 -0.35750433802604675 -0.2900421917438507
v -1.0621675252914429 -0.3520123064517975 -0.27802497148513794
v -1.0534464120864868 -0.3534814715385437 -0.2789785861968994
v -1.0575449466705322 -0.35350650548934937 -0.2786938548088074
v -1.056909203529358 -0.3634389638900757 -0.28204545378685
v -1.062992811203003 -0.35872942209243774 -0.279786080121994
v -1.068601369857788 -0.35214728116989136 -0.28128737211227417
v -1.0600155591964722 -0.36080971360206604 -0.2849753201007843
v -1.0597200393676758 -0.35743534564971924 -0.2918282151222229
v -1.0729986429214478 -0.3578721582889557 -0.2815038561820984
v -1.0715844631195068 -0.3632291555404663 -0.28422772884368896
v -1.0694701671600342 -0.35390567779541016 -0.2847162187099457
v -1.0667674541473389 -0.35980838537216187 -0.2832440435886383
v -1.0598441362380981 -0.35268813371658325 -0.29378658533096313
v -1.0856215953826904 -0.3563673496246338 -0.28954577445983887
v -1.0919625759124756 -0.3578132092952728 -0.2907741665840149
v -1.0753204822540283 -0.3499007225036621 -0.2914028763771057
v -1.072255253791809 -0.3507818281650543 -0.2983998954296112
v -1.08708918094635 -0.3493482172489166 -0.287381649017334
v -1.0880848169326782 -0.34617045521736145 -0.2911902964115143
v -1.0978538990020752 -0.34984201192855835 -0.2929506003856659
v -1.0984288454055786 -0.34477266669273376 -0.29279643297195435
v -1.1169966459274292 -0.3385988771915436 -0.2814924418926239
v -1.1111804246902466 -0.33584117889404297 -0.28930166363716125
v -1.1012264490127563 -0.3517467677593231 -0.3077145218849182
v -1.0858027935028076 -0.33974775671958923 -0.3049107789993286
v -1.1132493019104004 -0.34241700172424316 -0.298031210899353
v -1.1217585802078247 -0.34369736909866333 -0.2988651394844055
v -1.1223796606063843 -0.3476805090904236 -0.3130122423171997
v -1.1341328620910645 -0.3289834260940552 -0.2806757986545563
v -1.1343146562576294 -0.3308092951774597 -0.3015383183956146
v -1.1286709308624268 -0.32897549867630005 -0.28264933824539185
v -1.1456873416900635 -0.33367520570755005 -0.2984374761581421
v -1.1381155252456665 -0.3325349688529968 -0.29239633679389954
v -1.1439483165740967 -0.3211175203323364 -0.293087363243103
v -1.146121621131897 -0.3340147137641907 -0.29085978865623474
v -1.1349916458129883 -0.3290283679962158 -0.28854888677597046
v -1.1423611640930176 -0.3368273377418518 -0.2893923819065094
v -1.138036847114563 -0.3430953025817871 -0.2872588038444519
v -1.1270463466644287 -0.33972370624542236 -0.29516100883483887
v -1.1408970355987549 -0.3282337188720703 -0.287415474653244
v -1.141885757446289 -0.33621877431869507 -0.28523337841033936
v -1.1399480104446411 -0.34942567348480225 -0.2882809340953827
v -1.1340224742889404 -0.33662188053131104 -0.29199159145355225
v -1.1242793798446655 -0.3383229374885559 -0.2945325970649719
v -1.1229431629180908 -0.35058730840682983 -0.2979808747768402
v -1.131998062133789 -0.33488690853118896 -0.28537827730178833
v -1.1323275566101074 -0.3575383424758911 -0.29312393069267273
v -1.1114132404327393 -0.33234041929244995 -0.29631152749061584
v -1.1211881637573242 -0.32325392961502075 -0.29308661818504333
v -1.1311099529266357 -0.3475913405418396 -0.2913019061088562
v -1.1515765190124512 -0.33397287130355835 -0.28984928131103516
v -1.1477396488189697 -0.3406883478164673 -0.29941320419311523
v -1.1368408203125 -0.3172154426574707 -0.28375503420829773
v -1.1462624073028564 -0.31184571981430054 -0.2712794244289398
v -1.147359848022461 -0.31789225339889526 -0.2787291407585144
v -1.1646087169647217 -0.32559049129486084 -0.27753058075904846
v -1.1659655570983887 -0.3243635296821594 -0.27316492795944214
v -1.1650147438049316 -0.3020598888397217 -0.26950803399086
v -1.1651288270950317 -0.30642640590667725 -0.27510544657707214
v -1.1616218090057373 -0.30559664964675903 -0.2749842405319214
v -1.1802949905395508 -0.3289453387260437 -0.2697599530220032
v -1.1803061962127686 -0.3224197030067444 -0.27695250511169434
v -1.1660493612289429 -0.29784834384918213 -0.2756294012069702
v -1.158806562423706 -0.3110823631286621 -0.2718440592288971
v -1.175626277923584 -0.3120390772819519 -0.27842530608177185
v -1.1828172206878662 -0.32429441809654236 -0.28342944383621216
v -1.1672205924987793 -0.32260510325431824 -0.2742328643798828
v -1.156189203262329 -0.3067933917045593 -0.26845595240592957
v -1.1721971035003662 -0.31339433789253235 -0.2662632167339325
v -1.1854889392852783 -0.31014591455459595 -0.27687007188796997
v -1.165428638458252 -0.31002840399742126 -0.2756608724594116
v -1.1769253015518188 -0.3210327625274658 -0.27572113275527954
v -1.176135540008545 -0.32168087363243103 -0.2803880572319031
v -1.1671198606491089 -0.3117842674255371 -0.26707181334495544
v -1.173305630683899 -0.3192698061466217 -0.27509257197380066
v -1.1803162097930908 -0.3188793957233429 -0.27517077326774597
v -1.1804556846618652 -0.30311521887779236 -0.26519694924354553
v -1.1717662811279297 -0.3163027763366699 -0.272174209356308
v -1.1745944023132324 -0.32071051001548767 -0.270840585231781
v -1.175616979598999 -0.31318825483322144 -0.2786397635936737
v -1.1817580461502075 -0.31634044647216797 -0.26939886808395386
v 0.42689892649650574 0.005003706552088261 0.19204623997211456
v 0.41226932406425476 0.005298549309372902 0.1897171586751938
v 0.3993971347808838 0.005328882485628128 0.18428166210651398
v 0.4367361068725586 0.004673951305449009 0.19166868925094604
v 0.38493961095809937 0.005259303376078606 0.1766447126865387
v 0.3740368187427521 0.005124040879309177 0.16966170072555542
v 0.500236988067627 0.0005950573831796646 0.16040433943271637
v 0.36768394708633423 0.005048629827797413 0.16564318537712097
v 0.5089946985244751 -2.7565285563468933e-05 0.1552044004201889
v 0.35818859934806824 0.004960053600370884 0.15999360382556915
v 0.523166835308075 -0.0010413099080324173 0.1466982364654541
v 0.34631460905075073 0.004909609444439411 0.15382042527198792
v 0.5354053974151611 -0.001915397122502327 0.13937249779701233
v 0.5461456775665283 -0.0026871468871831894 0.13287456333637238
v 0.5525232553482056 -0.003178063780069351 0.1285334825515747
v 0.5571516156196594 -0.003589298576116562 0.12457059323787689
v 0.5617738366127014 -0.00401429645717144 0.12040144205093384
v 0.26308587193489075 0.0017517432570457458 0.10391347855329514
v 0.23923642933368683 0.00032976962393149734 0.1183154284954071
v 0.2437625527381897 0.00046467577340081334 0.10993627458810806
v 0.5730683207511902 -0.011419440619647503 0.016108039766550064
v 0.23323063552379608 0.00017880453378893435 0.12959444522857666
v 0.5744038820266724 -0.01277672778815031 -0.003343653865158558
v 0.5727301836013794 -0.01425430178642273 -0.025948846712708473
v 0.29210612177848816 -6.550271064043045e-05 0.05550416558980942
v 0.28919705748558044 1.803319901227951e-05 0.055433712899684906
v 0.5638986825942993 -0.015404719859361649 -0.046990178525447845
v 0.28933271765708923 -1.0040588676929474e-05 0.05496598035097122
v 0.29795101284980774 -0.0003774259239435196 0.05356530472636223
v 0.2884790599346161 -1.3041775673627853e-05 0.054349470883607864
v 0.5455187559127808 -0.015914496034383774 -0.06292664259672165
v 0.2067391276359558 0.0 0.16529126465320587
v 0.3105929493904114 -0.0014406414702534676 0.043628446757793427
v 0.5313755869865417 -0.01593944802880287 -0.06976030766963959
v 0.19169779121875763 0.0 0.17817115783691406
v 0.3233410716056824 -0.0028544310480356216 0.02855823002755642
v 0.21219754219055176 0.00011640132288448513 0.041323766112327576
v 0.5280256867408752 -0.01602569781243801 -0.07256641238927841
v 0.3348225951194763 -0.004375940654426813 0.01131685171276331
v 0.20856662094593048 3.201446816092357e-05 0.04321668669581413
v 0.1746206283569336 0.0 0.18788304924964905
v 0.34511852264404297 -0.005473295226693153 -0.00019700173288583755
v 0.20259042084217072 0.0 0.04332699254155159
v 0.191293865442276 0.0 0.03812484070658684
v 0.5164521336555481 -0.016229091212153435 -0.08086303621530533
v 0.18646326661109924 0.0 0.03269859403371811
v 0.4974775016307831 -0.01551530696451664 -0.07898581027984619
v 0.1223113089799881 0.0 0.20247820019721985
v 0.10540708899497986 0.0 0.20092347264289856
v 0.3907657265663147 -0.009543330408632755 -0.03949126973748207
v 0.11476130783557892 -0.004001624882221222 -0.04770380258560181
v 0.44785696268081665 -0.013285476714372635 -0.06890413165092468
v 0.08596132695674896 0.0 0.19726157188415527
v 0.39976051449775696 -0.01031649112701416 -0.04680795222520828
v 0.43586233258247375 -0.012713052332401276 -0.06572961807250977
v 0.06304904818534851 0.0 0.19447121024131775
v 0.4083503484725952 -0.010989192873239517 -0.05282480642199516
v 0.418840229511261 -0.0117400623857975 -0.059128567576408386
v 0.16015435755252838 0.0005085589364171028 -0.03984711691737175
v 0.039987657219171524 0.0 0.1936701387166977
v 0.01912621408700943 0.0 0.1886511743068695
v 0.0017277002334594727 0.0 0.18063268065452576
v -0.009681541472673416 0.0 0.17295420169830322
v 0.18878334760665894 0.0 0.08035606890916824
v 0.17321845889091492 0.0016992725431919098 0.04002510383725166
v -0.016803722828626633 0.0 0.1678357869386673
v 0.18022382259368896 0.0 0.07830403000116348
v 0.12209166586399078 -0.006949439644813538 0.009872344322502613
v -0.022934390231966972 0.0 0.1619359403848648
v -0.03923417255282402 0.0 0.13350220024585724
v 0.17677423357963562 0.0 0.06896824389696121
v -0.050622716546058655 0.0 0.09122644364833832
v -0.053844623267650604 0.0 0.0816432386636734
v -0.07348030805587769 0.0 0.08091410249471664
v -0.08895789086818695 0.0 0.08682311326265335
v -0.11783085763454437 0.0 0.0903828963637352
v -0.13824763894081116 0.0 0.09959173202514648
v -0.03258492797613144 0.0 0.1504022181034088
v -0.2709333002567291 -0.03139369934797287 0.03806622326374054
v -0.16690868139266968 -0.00436794850975275 0.05543321371078491
v -0.21491116285324097 0.0 -0.07096074521541595
v -0.15195514261722565 -0.013481475412845612 0.061797842383384705
v -0.13446299731731415 9.199953638017178e-06 -0.05758577585220337
v -0.15764708817005157 -0.008031456731259823 0.04148679971694946
v -0.18049836158752441 -0.011645443737506866 0.05659810081124306
v -0.115154929459095 0.0 -0.09817831218242645
v -0.19187462329864502 -0.02713756076991558 0.08609248697757721
v -0.1386999934911728 0.00020335905719548464 -0.07199665904045105
v -0.20092588663101196 -0.046994131058454514 0.1074475571513176
v -0.16210980713367462 0.0005422038957476616 0.002052650321274996
v -0.17662382125854492 0.0003492306568659842 -0.06896728277206421
v -0.21243223547935486 -0.060410790145397186 0.11917286366224289
v -0.17052802443504333 0.00234423135407269 0.004647594876587391
v -0.22745275497436523 -0.06599805504083633 0.12035848945379257
v -0.19449999928474426 0.0046915328130126 0.0044858865439891815
v -0.23911605775356293 -0.0691528469324112 0.12077189981937408
v -0.22236816585063934 0.004625733941793442 0.013565733097493649
v -0.24292171001434326 0.0 -0.06836172938346863
v -0.2608100473880768 -0.07016254216432571 0.11753840744495392
v -0.25671887397766113 0.00298868864774704 0.02356157824397087
v -0.22755202651023865 0.0 -0.059828490018844604
v -0.28738853335380554 -0.05753731727600098 0.09677662700414658
v -0.30786776542663574 -0.019568856805562973 0.04619406908750534
v -0.30890440940856934 -0.0625109001994133 0.09952812641859055
v -0.31507620215415955 -0.02080000750720501 0.04790055379271507
v -0.3511580228805542 -0.07161274552345276 0.10509734600782394
v -0.3157269060611725 -0.01142699271440506 0.04133026301860809
v -0.31308409571647644 -0.019227679818868637 0.04825979098677635
v -0.3231063783168793 -0.00013875635340809822 0.030289847403764725
v -0.4020436108112335 -0.07617256790399551 0.10659074783325195
v -0.3206202983856201 0.014028237201273441 0.01630205661058426
v -0.31938636302948 0.024143848568201065 0.006257340312004089
v -0.32244759798049927 0.03529937192797661 -0.005626745522022247
v -0.44737181067466736 -0.07243424654006958 0.10231965780258179
v -0.3266806900501251 0.042180947959423065 -0.013069532811641693
v -0.464864045381546 -0.06861260533332825 0.09833510220050812
v -0.4850301444530487 -0.06363983452320099 0.0933384969830513
v -0.5097172260284424 -0.057341765612363815 0.0878269374370575
v -0.5267987251281738 -0.05077890306711197 0.0835115984082222
v -0.5456861257553101 -0.04369637370109558 0.07974252849817276
v -0.5737707018852234 -0.03387562185525894 0.07415448874235153
v -0.4080561101436615 0.0959407240152359 -0.06833216547966003
v -0.6080344915390015 -0.020913176238536835 0.06738303601741791
v -0.6233999729156494 -0.008437156677246094 0.06413616240024567
v -0.6362946629524231 0.0063039809465408325 0.05633571743965149
v -0.6550844311714172 0.02921813726425171 0.038701921701431274
v -0.6773862838745117 0.07210658490657806 0.008635729551315308
v -0.49372565746307373 0.17953011393547058 -0.14805707335472107
v -0.5038542747497559 0.18903246521949768 -0.15596239268779755
v -0.5132888555526733 0.20422032475471497 -0.17008653283119202
v -0.5263721942901611 0.21918264031410217 -0.1851147711277008
v -0.6735969185829163 0.21402031183242798 -0.14448919892311096
v -0.6427919864654541 0.2555253207683563 -0.20413517951965332
v -0.5525177121162415 0.24343475699424744 -0.20627844333648682
v -0.5634102821350098 0.2521946430206299 -0.21513289213180542
v -0.6030181646347046 0.2669747769832611 -0.22674880921840668
v -0.6171697974205017 0.2667876183986664 -0.22479133307933807
v 0.09659206867218018 -0.10146565735340118 0.2569395899772644
v 0.11539851874113083 -0.10232792049646378 0.24390754103660583
v 0.10973069071769714 -0.13192516565322876 0.2845134139060974
v 0.11130178719758987 -0.11119970679283142 0.26358354091644287
v 0.5699229836463928 -0.008930766023695469 0.05145563930273056
v 0.3580749034881592 -0.0066369082778692245 -0.011474132537841797
v 0.1117379367351532 -0.006955286487936974 -0.004668587818741798
v 0.16478776931762695 0.0 0.0599985234439373
v 0.15014025568962097 0.0 0.045929551124572754
v 0.1269819736480713 0.0 0.027435047551989555
v -0.08844168484210968 0.0 -0.11927342414855957
v -0.1965254247188568 -0.10536190867424011 0.1329161822795868
v 0.3993699848651886 0.04922163486480713 0.22293172776699066
v 0.397088885307312 0.04200093448162079 0.22377239167690277
v 0.40208423137664795 0.039667919278144836 0.2206602394580841
v 0.39530253410339355 0.03555329144001007 0.2212100327014923
v 0.38996022939682007 0.04645415395498276 0.22568532824516296
v 0.40750157833099365 0.05548254773020744 0.22038650512695312
v 0.4102584421634674 0.04558217525482178 0.2182917594909668
v 0.4014056324958801 0.03236735239624977 0.21833324432373047
v 0.39577215909957886 0.027921929955482483 0.21732845902442932
v 0.3837795853614807 0.030942119657993317 0.22054806351661682
v 0.385580450296402 0.03861338645219803 0.2246381938457489
v 0.3794187605381012 0.04585433006286621 0.2269268035888672
v 0.38748854398727417 0.058285340666770935 0.2271195948123932
v 0.396417498588562 0.05406779795885086 0.22572599351406097
v 0.40567025542259216 0.0655948594212532 0.22105702757835388
v 0.4172603189945221 0.06123839318752289 0.2161116898059845
v 0.4192480742931366 0.05140214413404465 0.2152056246995926
v 0.40862035751342773 0.03584206849336624 0.21599081158638
v 0.38898739218711853 0.023766033351421356 0.21618914604187012
v 0.3772052228450775 0.030052727088332176 0.21882551908493042
v 0.37648117542266846 0.03800736740231514 0.22377750277519226
v 0.3779809772968292 0.06042347103357315 0.22743114829063416
v 0.3733554482460022 0.04880543798208237 0.22559881210327148
v 0.39503854513168335 0.07006572186946869 0.2245403677225113
v 0.38164979219436646 0.07714982330799103 0.226231187582016
v 0.40286847949028015 0.07929438352584839 0.21876265108585358
v 0.4136614203453064 0.07347562909126282 0.21467241644859314
v 0.4233711063861847 0.06916654855012894 0.20972973108291626
v 0.42514875531196594 0.058394551277160645 0.21133415400981903
v 0.4201061427593231 0.04064975306391716 0.21353408694267273
v 0.4185847342014313 0.030799146741628647 0.2107856422662735
v 0.40605103969573975 0.02552739530801773 0.21360722184181213
v 0.3801998794078827 0.022930286824703217 0.2161794900894165
v 0.3688220977783203 0.03173811733722687 0.21843162178993225
v 0.3660043478012085 0.04020245373249054 0.22168242931365967
v 0.3707717955112457 0.06001928821206093 0.22608444094657898
v 0.3730411231517792 0.07106222957372665 0.226447194814682
v 0.3642919361591339 0.050533197820186615 0.2231583297252655
v 0.37573495507240295 0.09588001668453217 0.2230929434299469
v 0.3901694416999817 0.08751888573169708 0.22244437038898468
v 0.3975176215171814 0.09331624209880829 0.21625937521457672
v 0.40899723768234253 0.08557455241680145 0.2119617760181427
v 0.41957682371139526 0.07917877286672592 0.20737379789352417
v 0.4299989640712738 0.07419244945049286 0.20258186757564545
v 0.43326401710510254 0.06527179479598999 0.20457583665847778
v 0.4280615448951721 0.04881870746612549 0.21031120419502258
v 0.42449599504470825 0.025630323216319084 0.20575863122940063
v 0.4144366681575775 0.020159831270575523 0.20733927190303802
v 0.39558282494544983 0.01950695924460888 0.21274133026599884
v 0.38416773080825806 0.01663622446358204 0.21230050921440125
v 0.3721015453338623 0.022483214735984802 0.21535509824752808
v 0.35591843724250793 0.03072372078895569 0.21579918265342712
v 0.3572213351726532 0.04187769442796707 0.2189771980047226
v 0.3629683256149292 0.06017167121171951 0.2229616940021515
v 0.3665153682231903 0.0718020349740982 0.22457255423069
v 0.3687228262424469 0.08791198581457138 0.22376054525375366
v 0.3538477420806885 0.04930330067873001 0.2188754826784134
v 0.37397319078445435 0.09898632019758224 0.22547316551208496
v 0.38371044397354126 0.09958638995885849 0.22069910168647766
v 0.39183175563812256 0.103628009557724 0.212667316198349
v 0.40363454818725586 0.09671401977539062 0.20770122110843658
v 0.4137682616710663 0.09035424888134003 0.20271934568881989
v 0.4245341122150421 0.08342154324054718 0.19839394092559814
v 0.43575605750083923 0.07943186163902283 0.19241073727607727
v 0.44058966636657715 0.06963347643613815 0.19721798598766327
v 0.43355250358581543 0.05594821646809578 0.20688068866729736
v 0.42705515027046204 0.040257520973682404 0.2095910757780075
v 0.43098554015159607 0.034042540937662125 0.2061588019132614
v 0.4167826175689697 0.015038877725601196 0.2030772864818573
v 0.42443710565567017 0.017382673919200897 0.20255312323570251
v 0.4015132784843445 0.015681767836213112 0.20853573083877563
v 0.37200307846069336 0.014851562678813934 0.21075130999088287
v 0.39208048582077026 0.013563191518187523 0.20828571915626526
v 0.3592492938041687 0.018135175108909607 0.21084387600421906
v 0.3457493782043457 0.03725624829530716 0.21187572181224823
v 0.3431689739227295 0.01972259394824505 0.2041202187538147
v 0.35053592920303345 0.06039757281541824 0.21793816983699799
v 0.3596244156360626 0.07307757437229156 0.22060129046440125
v 0.36264482140541077 0.08407913148403168 0.22114579379558563
v 0.3602035343647003 0.09778911620378494 0.22419105470180511
v 0.3426721692085266 0.04831763356924057 0.21230289340019226
v 0.3736684024333954 0.10668902099132538 0.2210789918899536
v 0.38008129596710205 0.10868284851312637 0.21758702397346497
v 0.38667023181915283 0.11122529208660126 0.20810027420520782
v 0.3965873122215271 0.10601716488599777 0.20300118625164032
v 0.4069976508617401 0.09821372479200363 0.19784027338027954
v 0.4166381359100342 0.09193079173564911 0.1924087256193161
v 0.4276515543460846 0.08629991859197617 0.1868905872106552
v 0.4481479823589325 0.07524767518043518 0.18610385060310364
v 0.43992897868156433 0.08180099725723267 0.18099522590637207
v 0.4424315094947815 0.05861419439315796 0.2002929449081421
v 0.4373622238636017 0.04801549017429352 0.20482642948627472
v 0.44319161772727966 0.037540026009082794 0.20090565085411072
v 0.43595993518829346 0.024015584960579872 0.20081065595149994
v 0.40840810537338257 0.011939842253923416 0.203378364443779
v 0.43212640285491943 0.011586506851017475 0.19840838015079498
v 0.4193562865257263 0.008278347551822662 0.19888600707054138
v 0.37954971194267273 0.009290185756981373 0.20476312935352325
v 0.3632424771785736 0.010054358281195164 0.2026394158601761
v 0.3956352472305298 0.006707720458507538 0.20230937004089355
v 0.34845349192619324 0.009409187361598015 0.1971346139907837
v 0.332391619682312 0.026403751224279404 0.19933828711509705
v 0.3316691815853119 0.01771371252834797 0.1941138207912445
v 0.34223008155822754 0.059887878596782684 0.21108241379261017
v 0.351963073015213 0.07078585028648376 0.21598127484321594
v 0.36099502444267273 0.08481582254171371 0.21864107251167297
v 0.36008909344673157 0.0937587171792984 0.22157587110996246
v 0.36859750747680664 0.10419869422912598 0.22305165231227875
v 0.3334607183933258 0.0381992906332016 0.20316657423973083
v 0.37372827529907227 0.11194868385791779 0.2172158807516098
v 0.37925395369529724 0.11431664228439331 0.21116067469120026
v 0.38435837626457214 0.11656393855810165 0.2014254927635193
v 0.3912857174873352 0.11243557929992676 0.1971002072095871
v 0.39977148175239563 0.10649099200963974 0.1914997547864914
v 0.4089726507663727 0.09883609414100647 0.18619751930236816
v 0.4201216995716095 0.09276430308818817 0.17975404858589172
v 0.43077588081359863 0.08947592228651047 0.17242121696472168
v 0.4536975622177124 0.06392069160938263 0.1908370852470398
v 0.44337064027786255 0.08576733618974686 0.1657557487487793
v 0.4507419466972351 0.07858900725841522 0.17578542232513428
v 0.44712504744529724 0.04830444976687431 0.19915327429771423
v 0.45380350947380066 0.04176545888185501 0.19479826092720032
v 0.44913291931152344 0.0282268188893795 0.19591622054576874
v 0.4441952705383301 0.01374572329223156 0.1947317272424698
v 0.40620169043540955 0.0024731457233428955 0.1973111480474472
v 0.4175972044467926 -0.0038663391023874283 0.1939016878604889
v 0.43398186564445496 -0.0007590912282466888 0.19437581300735474
v 0.38185983896255493 0.0010052602738142014 0.19452495872974396
v 0.367938756942749 0.004208860918879509 0.19426244497299194
v 0.3546935021877289 0.0056792329996824265 0.19201329350471497
v 0.39606359601020813 -0.0026668719947338104 0.19319266080856323
v 0.33255013823509216 0.008868892677128315 0.18740466237068176
v 0.3203279674053192 0.01865670084953308 0.18473351001739502
v 0.34750497341156006 0.06671686470508575 0.20842252671718597
v 0.33427751064300537 0.04965796321630478 0.20307497680187225
v 0.35592982172966003 0.07912842184305191 0.21197640895843506
v 0.3560987114906311 0.08914603292942047 0.21718154847621918
v 0.3621644675731659 0.10250138491392136 0.2207321971654892
v 0.32057419419288635 0.029525790363550186 0.19041629135608673
v 0.37151777744293213 0.11654182523488998 0.2105790078639984
v 0.3685319423675537 0.11137689650058746 0.21681177616119385
v 0.37726011872291565 0.11957772076129913 0.20096424221992493
v 0.3853520154953003 0.11806953698396683 0.19162045419216156
v 0.392998605966568 0.11275537312030792 0.1844303458929062
v 0.4020253121852875 0.10514238476753235 0.17886234819889069
v 0.4126330614089966 0.09843499958515167 0.172227680683136
v 0.4230193495750427 0.09353811293840408 0.1656627506017685
v 0.43241485953330994 0.09064270555973053 0.15841014683246613
v 0.46239614486694336 0.07208743691444397 0.1779896467924118
v 0.4573620855808258 0.054838329553604126 0.19225464761257172
v 0.4592801630496979 0.08000166714191437 0.16541188955307007
v 0.4522741734981537 0.08643841743469238 0.1555306613445282
v 0.4642602801322937 0.031236030161380768 0.18881377577781677
v 0.45844873785972595 0.017344746738672256 0.18928080797195435
v 0.4524973928928375 0.003959942609071732 0.1892276108264923
v 0.40591293573379517 -0.008092498406767845 0.19084444642066956
v 0.3845175802707672 -0.007013367488980293 0.18575884401798248
v 0.37060490250587463 -0.0028630420565605164 0.18401527404785156
v 0.3560778498649597 0.00020505301654338837 0.18203982710838318
v 0.340811550617218 0.002737557515501976 0.18071691691875458
v 0.3966352939605713 -0.01001364178955555 0.18736620247364044
v 0.32126227021217346 0.0002068178728222847 0.16446462273597717
v 0.31336086988449097 0.005938374903053045 0.16019631922245026
v 0.3361615538597107 0.061034753918647766 0.2025233805179596
v 0.3429988622665405 0.07440780103206635 0.20493730902671814
v 0.32494041323661804 0.03984694927930832 0.19406971335411072
v 0.352875679731369 0.0875309407711029 0.2093946933746338
v 0.35485273599624634 0.09906359016895294 0.2151559740304947
v 0.30240127444267273 0.023344585672020912 0.1715250164270401
v 0.3583659827709198 0.10793427377939224 0.2147599756717682
v 0.3598117530345917 0.11437112838029861 0.20899909734725952
v 0.3778393864631653 0.12163297086954117 0.18597811460494995
v 0.36668917536735535 0.12274825572967529 0.1969919204711914
v 0.3854537904262543 0.11762961745262146 0.1780431717634201
v 0.3944060206413269 0.11046896874904633 0.17141000926494598
v 0.40412136912345886 0.10400780290365219 0.16503682732582092
v 0.41528448462486267 0.09715209901332855 0.159087136387825
v 0.42518138885498047 0.09351778030395508 0.15416795015335083
v 0.43962642550468445 0.09104430675506592 0.15104563534259796
v 0.47120073437690735 0.07386723160743713 0.16843181848526
v 0.468384325504303 0.06030844524502754 0.182256817817688
v 0.4628942310810089 0.0881785899400711 0.15061801671981812
v 0.4732603430747986 0.08089081197977066 0.1575385481119156
v 0.4729953408241272 0.020600415766239166 0.18124033510684967
v 0.4692939817905426 0.04699987918138504 0.18558435142040253
v 0.4802342653274536 0.03581225872039795 0.17952576279640198
v 0.46633854508399963 0.008682671934366226 0.18295259773731232
v 0.38629817962646484 -0.013464070856571198 0.18087145686149597
v 0.37254536151885986 -0.011163206771016121 0.1747957468032837
v 0.3565431237220764 -0.006022432819008827 0.17176301777362823
v 0.3434411883354187 -0.004725230857729912 0.16885054111480713
v 0.32905301451683044 -0.005732871126383543 0.16371959447860718
v 0.2981952428817749 0.005831997841596603 0.14533495903015137
v 0.304608017206192 0.0005185357294976711 0.14718180894851685
v 0.32400140166282654 0.050486452877521515 0.1907544583082199
v 0.3292813301086426 0.06788669526576996 0.19458334147930145
v 0.3422550857067108 0.08130589127540588 0.20051047205924988
v 0.31044909358024597 0.03582064434885979 0.18052391707897186
v 0.3502728044986725 0.09399931132793427 0.20582632720470428
v 0.2821362316608429 0.022303560748696327 0.1516902595758438
v 0.3502618372440338 0.10630455613136292 0.20736853778362274
v 0.35217714309692383 0.11499515920877457 0.19795529544353485
v 0.36888742446899414 0.12455739825963974 0.17910510301589966
v 0.3793599009513855 0.12176508456468582 0.17058129608631134
v 0.35608264803886414 0.12332111597061157 0.1845344454050064
v 0.3870140314102173 0.11495702713727951 0.16414664685726166
v 0.3976333737373352 0.10806092619895935 0.1571863293647766
v 0.40721216797828674 0.10131657868623734 0.15172424912452698
v 0.418547123670578 0.09650121629238129 0.147178515791893
v 0.42911577224731445 0.09245824813842773 0.14487870037555695
v 0.451328843832016 0.09187150746583939 0.14341986179351807
v 0.477699339389801 0.06505563855171204 0.1723952740430832
v 0.48355790972709656 0.07273577153682709 0.1616915613412857
v 0.4751558005809784 0.08884018659591675 0.14573422074317932
v 0.4853004515171051 0.08052463829517365 0.15147829055786133
v 0.4897349178791046 0.024150945246219635 0.1717461794614792
v 0.47921958565711975 0.009247717447578907 0.17496131360530853
v 0.4849814772605896 0.052189745008945465 0.17360404133796692
v 0.4957262873649597 0.03897015377879143 0.1690526008605957
v 0.3773520886898041 0.005247684195637703 0.17300470173358917
v 0.34472888708114624 -0.008365223184227943 0.16220495104789734
v 0.32854172587394714 -0.004069073125720024 0.16347037255764008
v 0.31198933720588684 -0.0064412932842969894 0.14843542873859406
v 0.29073047637939453 -0.0007901843637228012 0.1297726184129715
v 0.28209444880485535 0.005101483315229416 0.12803862988948822
v 0.30395999550819397 0.04392995685338974 0.17356649041175842
v 0.3175664246082306 0.05928295850753784 0.18239139020442963
v 0.32875949144363403 0.07332015037536621 0.19010043144226074
v 0.343135803937912 0.09080195426940918 0.19693124294281006
v 0.29132798314094543 0.031942568719387054 0.16389665007591248
v 0.2764989733695984 0.007820576429367065 0.13008910417556763
v 0.3449317514896393 0.10044741630554199 0.1915023922920227
v 0.34566617012023926 0.11100085079669952 0.18165229260921478
v 0.3584870994091034 0.1275191754102707 0.16833779215812683
v 0.3696838319301605 0.12571823596954346 0.16333891451358795
v 0.38045433163642883 0.11944153904914856 0.15651656687259674
v 0.3444226086139679 0.1199173554778099 0.17276844382286072
v 0.3905896842479706 0.11231961101293564 0.14951688051223755
v 0.3990021347999573 0.1065329909324646 0.14292152225971222
v 0.4120214879512787 0.09929412603378296 0.13907133042812347
v 0.4201599657535553 0.09716396033763885 0.13732625544071198
v 0.4383836090564728 0.0954960510134697 0.13708582520484924
v 0.46400731801986694 0.09367196261882782 0.13810235261917114
v 0.4938710331916809 0.06239086017012596 0.16294406354427338
v 0.49708691239356995 0.07188858836889267 0.15347173810005188
v 0.4858895242214203 0.08905865252017975 0.1420080065727234
v 0.4976118505001068 0.07902601361274719 0.14454081654548645
v 0.5035603046417236 0.024736840277910233 0.16376550495624542
v 0.4961286187171936 0.013893705792725086 0.16520580649375916
v 0.5012593269348145 0.049700379371643066 0.16350306570529938
v 0.5115194320678711 0.035950303077697754 0.1589013636112213
v 0.36604246497154236 -0.016110507771372795 0.16709445416927338
v 0.3539623022079468 -0.010884897783398628 0.16363562643527985
v 0.3319479823112488 -0.008336326107382774 0.15609091520309448
v 0.3139288127422333 -0.0048439279198646545 0.15515999495983124
v 0.29310503602027893 -0.0007273498922586441 0.1381288766860962
v 0.2764657139778137 0.0034623900428414345 0.11813374608755112
v 0.27615079283714294 0.006497143767774105 0.12558116018772125
v 0.28559646010398865 0.04016239196062088 0.15931694209575653
v 0.30021679401397705 0.05313072353601456 0.16813839972019196
v 0.3180093467235565 0.06866690516471863 0.17611396312713623
v 0.33175206184387207 0.08448147773742676 0.18342208862304688
v 0.270316481590271 0.027424730360507965 0.1483006328344345
v 0.2726362645626068 0.00621552299708128 0.12172573804855347
v 0.33470308780670166 0.08835458755493164 0.17261198163032532
v 0.3299444019794464 0.1029677465558052 0.1681482493877411
v 0.3588463068008423 0.12979212403297424 0.1562798023223877
v 0.34619635343551636 0.12825800478458405 0.16050948202610016
v 0.37191805243492126 0.12437349557876587 0.15120378136634827
v 0.3847500681877136 0.11892782151699066 0.14106667041778564
v 0.3293965458869934 0.11988664418458939 0.15978269279003143
v 0.39817383885383606 0.11037091165781021 0.13502773642539978
v 0.4048088788986206 0.10449539124965668 0.1303882747888565
v 0.41633743047714233 0.09949735552072525 0.12950733304023743
v 0.4276660084724426 0.09805010259151459 0.12898792326450348
v 0.4515296518802643 0.09947415441274643 0.1312401443719864
v 0.47540026903152466 0.09677544236183167 0.1357162445783615
v 0.5074997544288635 0.058835744857788086 0.15517276525497437
v 0.511418342590332 0.06683653593063354 0.14449302852153778
v 0.4983246326446533 0.08739368617534637 0.13479937613010406
v 0.5107743144035339 0.07566609233617783 0.13645565509796143
v 0.5185656547546387 0.026595065370202065 0.153807133436203
v 0.5106189846992493 0.016577325761318207 0.15671315789222717
v 0.5027397871017456 0.00781618058681488 0.1593262404203415
v 0.5177586078643799 0.04556873440742493 0.15299475193023682
v 0.5270489454269409 0.03476898372173309 0.1477733552455902
v 0.33722051978111267 -0.012298114597797394 0.15369383990764618
v 0.34822291135787964 -0.016027376055717468 0.1572568416595459
v 0.31584182381629944 -0.009089801460504532 0.1477193385362625
v 0.302193284034729 -0.006492830812931061 0.14017145335674286
v 0.28372639417648315 -0.00022735539823770523 0.12480002641677856
v 0.26919642090797424 0.01198342815041542 0.12171729654073715
v 0.2735334634780884 0.007369621191173792 0.12014129012823105
v 0.28111597895622253 0.04885616526007652 0.1550132930278778
v 0.26996976137161255 0.039698123931884766 0.14981654286384583
v 0.30142518877983093 0.060070596635341644 0.1585894078016281
v 0.32107824087142944 0.07914471626281738 0.1651441752910614
v 0.25883179903030396 0.0218073520809412 0.13526642322540283
v 0.2636336088180542 0.016505345702171326 0.12434285879135132
v 0.315595805644989 0.0873849168419838 0.16020146012306213
v 0.31602779030799866 0.10168217122554779 0.15393809974193573
v 0.34739094972610474 0.13205742835998535 0.15022200345993042
v 0.35954928398132324 0.1302848905324936 0.14666661620140076
v 0.33201590180397034 0.1276986449956894 0.15196828544139862
v 0.37226614356040955 0.1267765313386917 0.13946211338043213
v 0.3909253776073456 0.11736693978309631 0.12809418141841888
v 0.31429150700569153 0.11625319719314575 0.15197251737117767
v 0.40275096893310547 0.10967572033405304 0.12303981930017471
v 0.41216588020324707 0.10459840297698975 0.12265762686729431
v 0.42168375849723816 0.10215096175670624 0.12209438532590866
v 0.4397335648536682 0.10284830629825592 0.12463624775409698
v 0.4653773307800293 0.10354617238044739 0.1276509165763855
v 0.4881696105003357 0.09833160787820816 0.1313374638557434
v 0.521860659122467 0.05601216107606888 0.14337684214115143
v 0.5237759351730347 0.06209658831357956 0.13587182760238647
v 0.5115278363227844 0.08427693694829941 0.12624548375606537
v 0.5230376124382019 0.07049965113401413 0.12678581476211548
v 0.5247476696968079 0.017620449885725975 0.14697147905826569
v 0.5326337814331055 0.025511398911476135 0.14283715188503265
v 0.517228901386261 0.010449716821312904 0.15048570930957794
v 0.5334697365760803 0.042336355894804 0.1412138044834137
v 0.5423207879066467 0.0321299284696579 0.13651947677135468
v 0.32025590538978577 -0.011798623949289322 0.14369726181030273
v 0.30402764678001404 -0.012175863608717918 0.13163544237613678
v 0.2913013994693756 -0.00550287589430809 0.1251218318939209
v 0.27834779024124146 0.0014129113405942917 0.1191171258687973
v 0.2624465227127075 0.04540204629302025 0.14675596356391907
v 0.27827271819114685 0.05869752913713455 0.15119393169879913
v 0.25514334440231323 0.03459174185991287 0.14192086458206177
v 0.29824700951576233 0.07266855239868164 0.15599212050437927
v 0.2568546235561371 0.02176089957356453 0.1287343055009842
v 0.2676163613796234 0.013337785378098488 0.1186673641204834
v 0.2631944715976715 0.017563827335834503 0.12069131433963776
v 0.2994793653488159 0.08069294691085815 0.15029576420783997
v 0.30337873101234436 0.09757775068283081 0.14658436179161072
v 0.3349331021308899 0.1318797916173935 0.14341047406196594
v 0.3486731946468353 0.13361869752407074 0.1416136622428894
v 0.36065688729286194 0.13259732723236084 0.13831230998039246
v 0.3175385296344757 0.12325836718082428 0.14463354647159576
v 0.38186317682266235 0.12580326199531555 0.12875297665596008
v 0.39800411462783813 0.11753897368907928 0.1197538822889328
v 0.30348342657089233 0.11126246303319931 0.14547199010849
v 0.41110560297966003 0.10878922045230865 0.11727546155452728
v 0.41959062218666077 0.107625812292099 0.11628955602645874
v 0.42809781432151794 0.10699288547039032 0.11897259950637817
v 0.4531502425670624 0.11013125628232956 0.12050960958003998
v 0.47819584608078003 0.10638472437858582 0.12572184205055237
v 0.5013589859008789 0.09658994525671005 0.12462456524372101
v 0.5359174609184265 0.052361518144607544 0.13279250264167786
v 0.5344662070274353 0.059232596307992935 0.12640352547168732
v 0.5215979218482971 0.08373253792524338 0.11578740924596786
v 0.5313957929611206 0.06945139914751053 0.11655931174755096
v 0.5360250473022461 0.020143279805779457 0.13886749744415283
v 0.5288680195808411 0.011038493365049362 0.14313097298145294
v 0.5462532043457031 0.026282034814357758 0.132708340883255
v 0.5486981272697449 0.04049371927976608 0.12968239188194275
v 0.5547887682914734 0.03134632855653763 0.12712876498699188
v 0.2991538345813751 0.004448621533811092 0.12544935941696167
v 0.30467694997787476 -0.013889672234654427 0.12782913446426392
v 0.29249149560928345 -0.014830326661467552 0.11578032374382019
v 0.28352612257003784 -0.006260566413402557 0.1157236322760582
v 0.2749186158180237 0.003834604285657406 0.11562025547027588
v 0.24211746454238892 0.04343702644109726 0.14177407324314117
v 0.25597432255744934 0.05488501489162445 0.14509478211402893
v 0.27438774704933167 0.06654179096221924 0.1459263414144516
v 0.24601104855537415 0.02977563440799713 0.13300922513008118
v 0.2576894164085388 0.02239173650741577 0.12366599589586258
v 0.2668628394603729 0.015264146961271763 0.11556575447320938
v 0.26348066329956055 0.018496500328183174 0.11860022693872452
v 0.28927701711654663 0.07408957928419113 0.1432390660047531
v 0.29429560899734497 0.09447908401489258 0.1426616609096527
v 0.3379056453704834 0.13604147732257843 0.1323568969964981
v 0.32053476572036743 0.12817928194999695 0.13387371599674225
v 0.3520447909832001 0.13611669838428497 0.1313779354095459
v 0.3692038357257843 0.13348405063152313 0.12694771587848663
v 0.3029884696006775 0.11669734865427017 0.13677944242954254
v 0.38857370615005493 0.12456624954938889 0.12123920023441315
v 0.40556955337524414 0.11442521214485168 0.1141362339258194
v 0.292283833026886 0.10410106927156448 0.13829340040683746
v 0.4157274663448334 0.11309870332479477 0.11122146248817444
v 0.42423346638679504 0.11824166029691696 0.11021894961595535
v 0.4412616789340973 0.11805018037557602 0.11237405240535736
v 0.4693935513496399 0.11431775987148285 0.11829719692468643
v 0.4908018708229065 0.10544616729021072 0.1223771870136261
v 0.510951578617096 0.0949534922838211 0.11716436594724655
v 0.5490108728408813 0.04795464873313904 0.12267710268497467
v 0.5443568229675293 0.054499320685863495 0.11642543971538544
v 0.5391046404838562 0.06749366223812103 0.10728122293949127
v 0.5295261144638062 0.0814485102891922 0.10751044750213623
v 0.5489093065261841 0.019282490015029907 0.1300324946641922
v 0.5410836338996887 0.011643605306744576 0.13527853786945343
v 0.5581657886505127 0.025470979511737823 0.12362737953662872
v 0.5620547533035278 0.04009292274713516 0.11831314861774445
v 0.5663545727729797 0.03088873066008091 0.11756262183189392
v 0.2904866337776184 -0.012090331874787807 0.11721904575824738
v 0.2847301959991455 -0.00911696720868349 0.11142511665821075
v 0.2785934805870056 -0.0022861985489726067 0.10848250985145569
v 0.2708473205566406 0.00985895935446024 0.10719585418701172
v 0.23677967488765717 0.051983341574668884 0.14201092720031738
v 0.2370804250240326 0.03764452785253525 0.138081356883049
v 0.2493354082107544 0.06198950111865997 0.14170363545417786
v 0.24933260679244995 0.02977045252919197 0.12633520364761353
v 0.25858527421951294 0.02503783628344536 0.11982180178165436
v 0.266970694065094 0.020536867901682854 0.108583465218544
v 0.26309749484062195 0.024635912850499153 0.11477222293615341
v 0.26400575041770935 0.06980781257152557 0.14225320518016815
v 0.27790454030036926 0.08431865274906158 0.13912543654441833
v 0.3273335099220276 0.1332804560661316 0.12540841102600098
v 0.34526026248931885 0.13855727016925812 0.12289518117904663
v 0.3071209490299225 0.12218891084194183 0.12851060926914215
v 0.35636550188064575 0.13844327628612518 0.1202591061592102
v 0.37870606780052185 0.13228929042816162 0.11877372860908508
v 0.28687426447868347 0.10815130174160004 0.1334463208913803
v 0.3966788947582245 0.12358386069536209 0.11402589827775955
v 0.41251957416534424 0.11941290646791458 0.10823805630207062
v 0.28119903802871704 0.09835086017847061 0.13401786983013153
v 0.4190964698791504 0.12332217395305634 0.10496911406517029
v 0.4363543391227722 0.12783928215503693 0.10532063245773315
v 0.4584709703922272 0.12510985136032104 0.11070790141820908
v 0.48463889956474304 0.11512348800897598 0.11646096408367157
v 0.5035451054573059 0.11028005182743073 0.11188163608312607
v 0.520121157169342 0.09982804208993912 0.10559508204460144
v 0.5579271912574768 0.045941002666950226 0.11385636776685715
v 0.5498576760292053 0.052475884556770325 0.10761775821447372
v 0.5343822836875916 0.08471941947937012 0.09485278278589249
v 0.5428630113601685 0.0662497952580452 0.09763981401920319
v 0.5589730739593506 0.018641944974660873 0.12178627401590347
v 0.5534457564353943 0.014068414457142353 0.1264013797044754
v 0.5663504004478455 0.022458896040916443 0.11649934947490692
v 0.5667237639427185 0.039106935262680054 0.11017052829265594
v 0.5740253925323486 0.03398878872394562 0.10851219296455383
v 0.2842199504375458 -0.008925673551857471 0.10997933894395828
v 0.28019407391548157 -0.001575864851474762 0.1054670438170433
v 0.2734953463077545 0.011433565989136696 0.0989733636379242
v 0.2629157602787018 0.01686670631170273 0.09823450446128845
v 0.2237672060728073 0.05040280148386955 0.14191997051239014
v 0.23220311105251312 0.05553792044520378 0.13953302800655365
v 0.23034848272800446 0.042595356702804565 0.13297665119171143
v 0.2529384195804596 0.03485299274325371 0.12079782038927078
v 0.25739866495132446 0.03588572517037392 0.11580052226781845
v 0.2672088146209717 0.017408866435289383 0.10667844116687775
v 0.2660273015499115 0.026944752782583237 0.11125220358371735
v 0.24075037240982056 0.06123342365026474 0.1374158263206482
v 0.2507696747779846 0.06917273998260498 0.1357397437095642
v 0.31565046310424805 0.12722642719745636 0.12395495176315308
v 0.33562976121902466 0.1382763534784317 0.12134590744972229
v 0.3498157262802124 0.14060835540294647 0.11702299118041992
v 0.294247031211853 0.1153830885887146 0.12756744027137756
v 0.36832109093666077 0.13783088326454163 0.1158578172326088
v 0.38521885871887207 0.13183502852916718 0.11269383132457733
v 0.27442196011543274 0.10009761154651642 0.13114354014396667
v 0.403083473443985 0.12321659177541733 0.10966277867555618
v 0.41750359535217285 0.1267572045326233 0.10306712985038757
v 0.26545050740242004 0.08758332580327988 0.1314210742712021
v 0.4273146986961365 0.1322752833366394 0.10224755853414536
v 0.447570264339447 0.1335194706916809 0.10418309271335602
v 0.4756670296192169 0.12780383229255676 0.1082923412322998
v 0.4942701458930969 0.1268659234046936 0.10395078361034393
v 0.5125413537025452 0.12111619114875793 0.09742418676614761
v 0.5253996253013611 0.11131858080625534 0.08963678777217865
v 0.5618281960487366 0.040646739304065704 0.10788530111312866
v 0.5479482412338257 0.05364909768104553 0.09661449491977692
v 0.5406060218811035 0.07072806358337402 0.08604134619235992
v 0.5361736416816711 0.096077561378479 0.07967664301395416
v 0.5642406344413757 0.016789278015494347 0.11659593880176544
v 0.5598825812339783 0.012867379002273083 0.1208985298871994
v 0.5730270743370056 0.0262347012758255 0.10913866013288498
v 0.5673717856407166 0.035050176084041595 0.10586488991975784
v 0.5710485577583313 0.030368218198418617 0.10175593197345734
v 0.28094956278800964 0.0001827497035264969 0.1033824011683464
v 0.27652785181999207 0.007814298383891582 0.0969792976975441
v 0.26874345541000366 0.015179786831140518 0.09650428593158722
v 0.26594606041908264 0.011089451611042023 0.10363156348466873
v 0.2296469807624817 0.051189739257097244 0.13565118610858917
v 0.230901837348938 0.054795555770397186 0.13561220467090607
v 0.24372123181819916 0.040765874087810516 0.12328845262527466
v 0.2628852427005768 0.034258536994457245 0.11074797809123993
v 0.2707938849925995 0.033586665987968445 0.10047826170921326
v 0.2715032398700714 0.024889923632144928 0.10011611878871918
v 0.2398214340209961 0.05371157079935074 0.1378108412027359
v 0.24615119397640228 0.057618580758571625 0.13450998067855835
v 0.30068808794021606 0.12200263142585754 0.11730128526687622
v 0.32464325428009033 0.13365641236305237 0.11815696209669113
v 0.34234899282455444 0.14142027497291565 0.11620151251554489
v 0.3572337329387665 0.1413695514202118 0.1145295649766922
v 0.28049570322036743 0.10709567368030548 0.12587200105190277
v 0.37639757990837097 0.13795198500156403 0.11159396171569824
v 0.39295825362205505 0.1308288425207138 0.10820787400007248
v 0.2662316560745239 0.09535279870033264 0.1263251006603241
v 0.41059908270835876 0.1276359260082245 0.10403274744749069
v 0.4219406545162201 0.13407529890537262 0.1014324277639389
v 0.25659775733947754 0.07061640173196793 0.13233475387096405
v 0.43993687629699707 0.14122600853443146 0.09912821650505066
v 0.46328970789909363 0.13995999097824097 0.10178293287754059
v 0.4825447201728821 0.14195898175239563 0.09751404821872711
v 0.5037603974342346 0.139728382229805 0.09220027178525925
v 0.5205704569816589 0.13195161521434784 0.08312946557998657
v 0.5308481454849243 0.12314646691083908 0.07172387093305588
v 0.5475954413414001 0.0489981509745121 0.08508694171905518
v 0.5414698719978333 0.10927920788526535 0.05684563145041466
v 0.5412369966506958 0.08445229381322861 0.0690799355506897
v 0.5635054707527161 0.011504819616675377 0.11749325692653656
v 0.5692137479782104 0.016762007027864456 0.11127321422100067
v 0.5750700235366821 0.025825664401054382 0.09971915185451508
v 0.5620179772377014 0.03319673240184784 0.10237065702676773
v 0.5641559362411499 0.030562542378902435 0.09611639380455017
v 0.275849848985672 0.008444114588201046 0.09498405456542969
v 0.26225724816322327 0.01963101699948311 0.09830275923013687
v 0.26639899611473083 0.005526102147996426 0.0994042307138443
v 0.2720510959625244 0.014555283822119236 0.09663677215576172
v 0.234314426779747 0.05135458707809448 0.12678198516368866
v 0.23567801713943481 0.04681560397148132 0.13686220347881317
v 0.2580365240573883 0.04627370461821556 0.11150067299604416
v 0.2522878348827362 0.04407054930925369 0.11596550047397614
v 0.26805853843688965 0.038195133209228516 0.10408258438110352
v 0.27224966883659363 0.02776910923421383 0.0866900384426117
v 0.27255040407180786 0.035155121237039566 0.09135925769805908
v 0.2462153285741806 0.05516640841960907 0.1460682451725006
v 0.308509886264801 0.12666551768779755 0.11155693233013153
v 0.33304348587989807 0.13966037333011627 0.11455404758453369
v 0.34820571541786194 0.14293424785137177 0.11242153495550156
v 0.36559534072875977 0.1420808732509613 0.11062027513980865
v 0.2707781195640564 0.1030159741640091 0.1184820830821991
v 0.2898251712322235 0.11639992147684097 0.11765117198228836
v 0.28116071224212646 0.11141518503427505 0.11543861031532288
v 0.3835747539997101 0.13787558674812317 0.10686344653367996
v 0.399335116147995 0.13135875761508942 0.1051558256149292
v 0.2528126537799835 0.08338972926139832 0.1279355138540268
v 0.4167518615722656 0.13524912297725677 0.09956000745296478
v 0.4308275580406189 0.14478424191474915 0.09521542489528656
v 0.24952740967273712 0.053050003945827484 0.13762123882770538
v 0.4517148435115814 0.14900028705596924 0.0954694151878357
v 0.4691063165664673 0.1524297595024109 0.09007567912340164
v 0.4899206757545471 0.15379294753074646 0.08715236932039261
v 0.5095129609107971 0.14999370276927948 0.07787670195102692
v 0.5250438451766968 0.14280831813812256 0.06675141304731369
v 0.5376954674720764 0.1328122466802597 0.05212036520242691
v 0.5562284588813782 0.04295245185494423 0.10324947535991669
v 0.5453954935073853 0.06064137443900108 0.06838886439800262
v 0.5506449341773987 0.036072567105293274 0.08660627901554108
v 0.5543421506881714 0.03851643577218056 0.09697487205266953
v 0.5475614666938782 0.1189863309264183 0.03375474363565445
v 0.545150637626648 0.08829523622989655 0.04991380497813225
v 0.5667569637298584 -0.004541395232081413 0.11488816142082214
v 0.5730746984481812 0.017732679843902588 0.10126126557588577
v 0.5604227781295776 0.03309774026274681 0.10065113008022308
v 0.5592966675758362 0.03197154402732849 0.09760870784521103
v 0.2687298655509949 0.007807451765984297 0.09367487579584122
v 0.26153701543807983 0.00444655679166317 0.0973711684346199
v 0.27040231227874756 0.007953357882797718 0.09826673567295074
v 0.2402787059545517 0.05752888694405556 0.11827891319990158
v 0.23718202114105225 0.053152136504650116 0.1272369921207428
v 0.23427611589431763 0.06161773204803467 0.12355506420135498
v 0.23750579357147217 0.04586987942457199 0.13073866069316864
v 0.23757492005825043 0.047413021326065063 0.13622795045375824
v 0.2656826078891754 0.04708591848611832 0.10486184805631638
v 0.2538245618343353 0.06261812895536423 0.11078901588916779
v 0.27189671993255615 0.042230959981679916 0.09619227051734924
v 0.2743898630142212 0.03554592281579971 0.08112788200378418
v 0.2745200991630554 0.04352796822786331 0.08633200079202652
v 0.2276669144630432 0.04867507144808769 0.14504921436309814
v 0.29435214400291443 0.12020375579595566 0.11048014461994171
v 0.32032668590545654 0.13325247168540955 0.11099854856729507
v 0.34008195996284485 0.14378471672534943 0.11081276834011078
v 0.3557835817337036 0.14381971955299377 0.11037817597389221
v 0.3732823133468628 0.14245401322841644 0.10594692081212997
v 0.2722104489803314 0.10446950048208237 0.11300121992826462
v 0.25988680124282837 0.09361957758665085 0.11828744411468506
v 0.2828575074672699 0.113310806453228 0.11043242365121841
v 0.38921216130256653 0.13717199862003326 0.10303693264722824
v 0.40797072649002075 0.13605870306491852 0.09910458326339722
v 0.2482323795557022 0.0680791586637497 0.1314481496810913
v 0.422109991312027 0.14508715271949768 0.09513930231332779
v 0.4432249665260315 0.15810465812683105 0.08812284469604492
v 0.45925092697143555 0.16433396935462952 0.08620289713144302
v 0.47648367285728455 0.16597415506839752 0.0821782648563385
v 0.49698513746261597 0.16415241360664368 0.07530203461647034
v 0.5144511461257935 0.15809769928455353 0.06429244577884674
v 0.5269023180007935 0.15064705908298492 0.049844566732645035
v 0.5377920269966125 0.1412442922592163 0.029439592733979225
v 0.546699047088623 0.06252724677324295 0.0463993065059185
v 0.5496751666069031 0.03676930069923401 0.07097906619310379
v 0.5539011359214783 0.03085634857416153 0.0837656557559967
v 0.5468012094497681 0.09878280013799667 0.010244088247418404
v 0.5491476058959961 0.07478828728199005 0.0244777649641037
v 0.5712897181510925 -0.005315093323588371 0.105523981153965
v 0.571999728679657 0.022576358169317245 0.09024620056152344
v 0.572844386100769 0.015236960723996162 0.0873127281665802
v 0.5698783993721008 0.02517988532781601 0.09289468079805374
v 0.25575441122055054 0.009364387020468712 0.09836733341217041
v 0.26658064126968384 0.00831008329987526 0.09485198557376862
v 0.26890110969543457 0.018378201872110367 0.08327516168355942
v 0.24307608604431152 0.07032071799039841 0.1177714467048645
v 0.24014951288700104 0.06903444975614548 0.12487257272005081
v 0.24043017625808716 0.05755029618740082 0.13018418848514557
v 0.24276039004325867 0.049685172736644745 0.13358153402805328
v 0.24378620088100433 0.05008643865585327 0.13347017765045166
v 0.2709561288356781 0.049861278384923935 0.09791223704814911
v 0.26291126012802124 0.062291961163282394 0.1064009740948677
v 0.2547000050544739 0.07661108672618866 0.11093564331531525
v 0.2746489942073822 0.05260904133319855 0.08981338888406754
v 0.27758342027664185 0.041603848338127136 0.07366461306810379
v 0.2771878242492676 0.05242842808365822 0.08014435321092606
v 0.2741703391075134 0.03215906769037247 0.07255440950393677
v 0.23933029174804688 0.05480875074863434 0.131049245595932
v 0.3043965995311737 0.12508833408355713 0.10580917447805405
v 0.32894715666770935 0.13948412239551544 0.10798177868127823
v 0.3483467996120453 0.14595447480678558 0.10761072486639023
v 0.36092042922973633 0.14564967155456543 0.1059219241142273
v 0.379431813955307 0.1422031670808792 0.10161647200584412
v 0.276145339012146 0.1084476113319397 0.10815628618001938
v 0.2632333040237427 0.09777134656906128 0.11196189373731613
v 0.24995000660419464 0.08286408334970474 0.12195111066102982
v 0.2900560796260834 0.11740738153457642 0.10577064752578735
v 0.39557453989982605 0.13957513868808746 0.0986490249633789
v 0.4154757261276245 0.14390529692173004 0.09312696754932404
v 0.4335959255695343 0.1562320739030838 0.0867672860622406
v 0.4531363248825073 0.16936305165290833 0.07948567718267441
v 0.46591630578041077 0.1743246167898178 0.07853899896144867
v 0.4850847125053406 0.1717865765094757 0.07272690534591675
v 0.501156210899353 0.16830222308635712 0.062026411294937134
v 0.5135643482208252 0.16203062236309052 0.05156751722097397
v 0.5397570729255676 0.1302974671125412 0.002675982192158699
v 0.5614466667175293 0.034141018986701965 0.10387099534273148
v 0.5462600588798523 0.05901757627725601 0.027363242581486702
v 0.5473081469535828 0.048558350652456284 0.0490458719432354
v 0.5462026596069336 0.04930073767900467 0.05751420184969902
v 0.5467422008514404 0.01625453680753708 0.05366900935769081
v 0.5448240041732788 0.039582692086696625 0.06159152090549469
v 0.5495461225509644 0.0330340713262558 0.06712178140878677
v 0.5503566265106201 0.09619235247373581 -0.004947701469063759
v 0.5498055219650269 0.07394470274448395 0.0013770990772172809
v 0.5710026025772095 -0.006118997000157833 0.09351014345884323
v 0.5701131820678711 0.014167740941047668 0.07052721828222275
v 0.5691360235214233 0.021202150732278824 0.080050528049469
v 0.5624792575836182 0.02738361619412899 0.0826788917183876
v 0.24880553781986237 0.009626602753996849 0.09802287071943283
v 0.25818097591400146 0.008090679533779621 0.08273548632860184
v 0.2619744837284088 0.020678531378507614 0.07037103921175003
v 0.27368056774139404 0.018545573577284813 0.07214222103357315
v 0.2509653866291046 0.08031369745731354 0.11661949008703232
v 0.2743628919124603 0.06377772241830826 0.0915144830942154
v 0.26944029331207275 0.0632709488272667 0.09803182631731033
v 0.2631605267524719 0.07673739641904831 0.10489172488451004
v 0.2774820625782013 0.06302416324615479 0.0844811201095581
v 0.2788010835647583 0.03658284246921539 0.0633014515042305
v 0.2823026478290558 0.05100327730178833 0.06775032728910446
v 0.28145933151245117 0.058609843254089355 0.07500326633453369
v 0.27347511053085327 0.024091344326734543 0.06023753061890602
v 0.3125409483909607 0.13087785243988037 0.10194700956344604
v 0.3373183608055115 0.1448718011379242 0.10328443348407745
v 0.3506848216056824 0.14722847938537598 0.10159991681575775
v 0.37054964900016785 0.14653664827346802 0.098861925303936
v 0.3845648765563965 0.1447729468345642 0.09608456492424011
v 0.2834721505641937 0.11280503869056702 0.10210768133401871
v 0.26968738436698914 0.10242064297199249 0.10588161647319794
v 0.2588171660900116 0.09194035828113556 0.11086997389793396
v 0.29816994071006775 0.12193011492490768 0.10106848925352097
v 0.40564027428627014 0.143972247838974 0.09062883257865906
v 0.4228672683238983 0.1544378101825714 0.08639268577098846
v 0.4458889365196228 0.16846933960914612 0.07775545865297318
v 0.4536045491695404 0.1750769019126892 0.07567468285560608
v 0.47406530380249023 0.17718066275119781 0.0658019483089447
v 0.48692938685417175 0.17440856993198395 0.05820324271917343
v 0.500099778175354 0.17173798382282257 0.04655825346708298
v 0.5162327289581299 0.1594216525554657 0.034116797149181366
v 0.5207874774932861 0.1480908840894699 0.008547302335500717
v 0.5419018268585205 0.11622724682092667 -0.01387700717896223
v 0.5425807237625122 0.05363383889198303 0.01680314727127552
v 0.5456255078315735 0.048008814454078674 0.04049757122993469
v 0.545791506767273 0.05861297622323036 0.007980657741427422
v 0.5420194268226624 0.04225030168890953 0.05973845720291138
v 0.5491862893104553 0.04736782982945442 0.049336209893226624
v 0.5506542921066284 0.051061712205410004 0.06293530017137527
v 0.5607085227966309 0.027037765830755234 0.06970531493425369
v 0.31747347116470337 0.038917023688554764 -0.0039499495178461075
v 0.5558511018753052 0.07097848504781723 -0.016864415258169174
v 0.5651254653930664 0.023209013044834137 0.06110796332359314
v 0.5689112544059753 0.011217653751373291 0.05035098269581795
v 0.2406739592552185 0.007536435499787331 0.10606531798839569
v 0.23946940898895264 0.017621725797653198 0.09665995091199875
v 0.24289357662200928 0.026801273226737976 0.08394381403923035
v 0.24760709702968597 0.035694949328899384 0.06997678428888321
v 0.265926718711853 0.02533620037138462 0.05939596891403198
v 0.2789812386035919 0.07562289386987686 0.08319990336894989
v 0.2753634750843048 0.07555224001407623 0.09005320072174072
v 0.27057987451553345 0.07687085121870041 0.09603659808635712
v 0.26177021861076355 0.08779856562614441 0.10541152954101562
v 0.2828803062438965 0.07190926373004913 0.07577342540025711
v 0.28842586278915405 0.04617711156606674 0.05806049704551697
v 0.29219067096710205 0.060197047889232635 0.054000645875930786
v 0.2892747223377228 0.06710587441921234 0.06397408992052078
v 0.2600550651550293 0.03696223348379135 0.05242778733372688
v 0.3397339880466461 0.1451551467180252 0.09720961004495621
v 0.3567151725292206 0.14781035482883453 0.09287118911743164
v 0.3726384937763214 0.14718125760555267 0.09104620665311813
v 0.3942464590072632 0.1459622085094452 0.08911868184804916
v 0.27683424949645996 0.10484900325536728 0.09766532480716705
v 0.2922373414039612 0.11796994507312775 0.09637980908155441
v 0.26765742897987366 0.09753494709730148 0.10304605215787888
v 0.30863475799560547 0.12855738401412964 0.0949525311589241
v 0.32459014654159546 0.13802385330200195 0.1018533706665039
v 0.4137730300426483 0.15142761170864105 0.0836205706000328
v 0.43426406383514404 0.16346730291843414 0.07687452435493469
v 0.4474879503250122 0.17300288379192352 0.07362765073776245
v 0.46306896209716797 0.1790686398744583 0.0617159828543663
v 0.48490896821022034 0.17376534640789032 0.04354100301861763
v 0.5021781921386719 0.16501489281654358 0.03139188140630722
v 0.501386284828186 0.15924222767353058 0.0161657202988863
v 0.5216611623764038 0.13570760190486908 -0.01732209324836731
v 0.22110699117183685 0.032109007239341736 -0.00334940105676651
v 0.5452078580856323 0.04416036233305931 0.011020543053746223
v 0.5481924414634705 0.04071742668747902 0.04028435796499252
v 0.5429827570915222 0.053366709500551224 0.0027082879096269608
v 0.5496571660041809 0.05918973684310913 -0.008419605903327465
v 0.5540357828140259 0.04220402240753174 0.04416936635971069
v 0.5616611242294312 0.08341164886951447 0.07041209936141968
v 0.5570388436317444 0.09160520881414413 0.057756002992391586
v 0.559059739112854 0.03280968964099884 0.04936659336090088
v 0.5537102222442627 0.07392624765634537 -0.03843037784099579
v 0.47936123609542847 0.06158868968486786 -0.02493656426668167
v 0.5638119578361511 0.025637561455368996 0.036680739372968674
v 0.5685107111930847 0.016166042536497116 0.02696969360113144
v 0.2378081977367401 0.004591610748320818 0.11202526837587357
v 0.23309360444545746 0.015163138508796692 0.107080839574337
v 0.233286052942276 0.024631766602396965 0.09599510580301285
v 0.23678532242774963 0.031050967052578926 0.0854167640209198
v 0.2416888177394867 0.03487357869744301 0.07540622353553772
v 0.24597544968128204 0.03933046758174896 0.05924566090106964
v 0.28434211015701294 0.07603966444730759 0.07626500725746155
v 0.2787078320980072 0.08375952392816544 0.08874614536762238
v 0.278288871049881 0.08750855177640915 0.08754931390285492
v 0.26997363567352295 0.08892464637756348 0.09726688265800476
v 0.2876797020435333 0.07900325208902359 0.07004360109567642
v 0.284371018409729 0.03593134880065918 0.056766070425510406
v 0.29171180725097656 0.042770836502313614 0.05306802690029144
v 0.29620733857154846 0.05277080461382866 0.046671848744153976
v 0.3008415102958679 0.06335917860269547 0.041876111179590225
v 0.29817479848861694 0.07185207307338715 0.05152431130409241
v 0.27878448367118835 0.028219573199748993 0.04339244216680527
v 0.2783212959766388 0.03248753771185875 0.054973307996988297
v 0.3272341191768646 0.1397019326686859 0.0974750965833664
v 0.3287000358104706 0.13920533657073975 0.09062725305557251
v 0.34135010838508606 0.1429806500673294 0.08778175711631775
v 0.36250314116477966 0.14581510424613953 0.08532290905714035
v 0.3844059407711029 0.1472110003232956 0.08657416701316833
v 0.4035050570964813 0.14852365851402283 0.08061714470386505
v 0.27117592096328735 0.09637127816677094 0.09863118827342987
v 0.2876024544239044 0.11226221174001694 0.0929172933101654
v 0.29866984486579895 0.12104438990354538 0.09057237952947617
v 0.3122841715812683 0.13065707683563232 0.0898018628358841
v 0.4234147369861603 0.15797650814056396 0.07405226677656174
v 0.4472233057022095 0.17046944797039032 0.06759510189294815
v 0.4546697735786438 0.17472082376480103 0.06228650361299515
v 0.4722655713558197 0.1786961853504181 0.050084587186574936
v 0.4775560796260834 0.17176872491836548 0.03266805037856102
v 0.489468514919281 0.16887052357196808 0.02853318862617016
v 0.48384302854537964 0.16313311457633972 0.0006211604923009872
v 0.49831196665763855 0.15106210112571716 -0.014190999791026115
v 0.4239048957824707 0.06632377207279205 -0.024013761430978775
v 0.5403413772583008 0.05175037682056427 -0.010597748681902885
v 0.5546308755874634 0.03722834587097168 0.014492401853203773
v 0.5385685563087463 0.06298556178808212 -0.015854693949222565
v 0.5459558367729187 0.06722413748502731 -0.025273442268371582
v 0.5669037699699402 0.09039009362459183 0.04872484132647514
v 0.5834129452705383 0.08727850764989853 0.039289671927690506
v 0.5628770589828491 0.10219422727823257 0.03858644887804985
v 0.5490542054176331 0.11216265708208084 0.058450374752283096
v 0.5632997155189514 0.02809990383684635 0.013421101495623589
v 0.5696200132369995 0.02072179690003395 0.006505507975816727
v 0.232627734541893 0.0010602411348372698 0.12338396161794662
v 0.22746789455413818 0.01496865600347519 0.1192627102136612
v 0.22423246502876282 0.02477307990193367 0.10991569608449936
v 0.22693964838981628 0.03277254477143288 0.09676408767700195
v 0.23276294767856598 0.037989288568496704 0.08244671672582626
v 0.2380848526954651 0.042117729783058167 0.07240079343318939
v 0.23689939081668854 0.04612743481993675 0.06259714812040329
v 0.2815023362636566 0.0822782963514328 0.08288827538490295
v 0.28003644943237305 0.08994832634925842 0.08575909584760666
v 0.2770003080368042 0.09152469038963318 0.09031310677528381
v 0.29602086544036865 0.07830790430307388 0.06015034392476082
v 0.28563520312309265 0.02990836091339588 0.054031241685152054
v 0.29314160346984863 0.03183988481760025 0.05123182758688927
v 0.3010138273239136 0.04191477596759796 0.04110831767320633
v 0.30697718262672424 0.05376460403203964 0.03207613527774811
v 0.248421773314476 0.042005833238363266 0.04882163926959038
v 0.2596336305141449 0.03281363472342491 0.041443485766649246
v 0.28338146209716797 0.025968892499804497 0.04561556875705719
v 0.28248950839042664 0.030856110155582428 0.05179614573717117
v 0.3158580958843231 0.13042375445365906 0.08337407559156418
v 0.33132585883140564 0.13776962459087372 0.08392859250307083
v 0.3528265357017517 0.14457248151302338 0.08386898785829544
v 0.37294137477874756 0.14675204455852509 0.08291008323431015
v 0.39329636096954346 0.14805179834365845 0.07926932722330093
v 0.41168636083602905 0.15305984020233154 0.07174927741289139
v 0.2795830965042114 0.1026918962597847 0.09288084506988525
v 0.2914890646934509 0.11322753131389618 0.088200643658638
v 0.3025357127189636 0.12204528599977493 0.08544935286045074
v 0.4351249933242798 0.1654060184955597 0.0643475130200386
v 0.4500378370285034 0.171955868601799 0.053803201764822006
v 0.45910248160362244 0.1769499033689499 0.04449772089719772
v 0.4667045772075653 0.17417703568935394 0.02231021225452423
v 0.4745672941207886 0.1699148714542389 0.011566441506147385
v 0.4823063611984253 0.1551370620727539 -0.02048245631158352
v 0.47180408239364624 0.16360735893249512 -0.011827219277620316
v 0.5068814754486084 0.13108430802822113 -0.03600117936730385
v 0.24116386473178864 0.04011709615588188 -0.011864887550473213
v 0.4871128797531128 0.07667087018489838 -0.04591364040970802
v 0.5152045488357544 0.079471156001091 -0.04771730676293373
v 0.5396199226379395 0.06113581359386444 -0.027732592076063156
v 0.5488470792770386 0.05106022208929062 -0.011541095562279224
v 0.5391565561294556 0.07313208281993866 -0.03649276867508888
v 0.572461724281311 0.11399160325527191 0.050786688923835754
v 0.575402021408081 0.10549185425043106 0.03993665426969528
v 0.5731821060180664 0.13084037601947784 0.03971060365438461
v 0.5632246732711792 0.13032549619674683 0.049307286739349365
v 0.5439123511314392 0.0735076293349266 -0.040753770619630814
v 0.570046067237854 0.016777241602540016 -0.013671299442648888
v 0.5608541965484619 0.04038117080926895 -0.008027301169931889
v 0.22415420413017273 0.0028075771406292915 0.13674218952655792
v 0.2181226760149002 0.013471146114170551 0.1338110715150833
v 0.21523965895175934 0.03662392869591713 0.11315779387950897
v 0.21861648559570312 0.023955021053552628 0.12290087342262268
v 0.22103683650493622 0.04280732199549675 0.09694521129131317
v 0.22611984610557556 0.04684016853570938 0.0823453739285469
v 0.2296159863471985 0.04934331029653549 0.07138234376907349
v 0.24332314729690552 0.04504905641078949 0.054579030722379684
v 0.28494638204574585 0.08507184684276581 0.07766849547624588
v 0.2816210985183716 0.09065133333206177 0.08320146799087524
v 0.28255313634872437 0.09526866674423218 0.08561820536851883
v 0.2937946021556854 0.08595610409975052 0.06800542771816254
v 0.30673426389694214 0.07153481990098953 0.039571139961481094
v 0.305681049823761 0.0775822326540947 0.04644059017300606
v 0.286076158285141 0.021485574543476105 0.05437327176332474
v 0.29575181007385254 0.019190924242138863 0.05089210718870163
v 0.3079743981361389 0.031211039051413536 0.035273339599370956
v 0.31285005807876587 0.04134724661707878 0.026829130947589874
v 0.3205406069755554 0.05020710825920105 0.018865413963794708
v 0.3136354982852936 0.0639059767127037 0.02748977020382881
v 0.23246902227401733 0.04726983234286308 0.051094651222229004
v 0.24235984683036804 0.03625447303056717 0.04351554811000824
v 0.26831918954849243 0.02466612309217453 0.03998403251171112
v 0.2863534390926361 0.021467413753271103 0.0523393414914608
v 0.2839495837688446 0.018814552575349808 0.04828856140375137
v 0.3079008460044861 0.12387439608573914 0.07980620861053467
v 0.321225106716156 0.1308228075504303 0.07781170308589935
v 0.34167641401290894 0.1398632526397705 0.07810702919960022
v 0.35917696356773376 0.14309737086296082 0.07774074375629425
v 0.38379231095314026 0.14691101014614105 0.07644221186637878
v 0.40146446228027344 0.14938899874687195 0.06992603838443756
v 0.4225459098815918 0.15891820192337036 0.0610906183719635
v 0.28589433431625366 0.1029016450047493 0.08671578764915466
v 0.2964072823524475 0.11438465863466263 0.0831124410033226
v 0.43405020236968994 0.16468481719493866 0.049128420650959015
v 0.4474239945411682 0.16983745992183685 0.03874333202838898
v 0.4547797739505768 0.16841661930084229 0.019380366429686546
v 0.4670138359069824 0.16874800622463226 -0.0015024002641439438
v 0.48621365427970886 0.14371061325073242 -0.03870381414890289
v 0.47117850184440613 0.1538057029247284 -0.033617809414863586
v 0.4959062337875366 0.12422648817300797 -0.051607172936201096
v 0.40059253573417664 0.07789671421051025 -0.036247801035642624
v 0.5359304547309875 0.09325306117534637 -0.0691632479429245
v 0.544135570526123 0.09124203026294708 -0.06830655783414841
v 0.5450521111488342 0.06949697434902191 -0.04217620566487312
v 0.5469741821289062 0.059716448187828064 -0.03291357308626175
v 0.5446244478225708 0.07476811856031418 -0.04911215603351593
v 0.5624383091926575 0.1241256520152092 0.05433233827352524
v 0.5825098752975464 0.11745349317789078 0.031118467450141907
v 0.5829476118087769 0.14275191724300385 0.04415752738714218
v 0.5448176264762878 0.12691842019557953 0.058453187346458435
v 0.5087223649024963 0.0731884241104126 -0.0507381446659565
v 0.5564870834350586 0.0472269244492054 -0.035691920667886734
v 0.5676934123039246 0.02363910898566246 -0.03500138968229294
v 0.21286334097385406 0.008673971518874168 0.14646989107131958
v 0.20867928862571716 0.02219098061323166 0.14068792760372162
v 0.2066744863986969 0.033469684422016144 0.13107930123806
v 0.2026820182800293 0.046656832098960876 0.12425893545150757
v 0.20910534262657166 0.04956572502851486 0.10983604937791824
v 0.21145619451999664 0.05409875884652138 0.09531768411397934
v 0.2297501564025879 0.05019469931721687 0.05982489511370659
v 0.21480630338191986 0.056078240275382996 0.08120021969079971
v 0.2830224335193634 0.08931346237659454 0.08006146550178528
v 0.28432244062423706 0.09522532671689987 0.08278816193342209
v 0.3047086000442505 0.08559276908636093 0.054242197424173355
v 0.2896832823753357 0.09374510496854782 0.07143205404281616
v 0.31407442688941956 0.07489153742790222 0.03377172350883484
v 0.3131517469882965 0.08313591778278351 0.04047869145870209
v 0.28816747665405273 0.010254517197608948 0.0554065927863121
v 0.29156380891799927 0.009680405259132385 0.05518980324268341
v 0.3044322729110718 0.021247252821922302 0.043145596981048584
v 0.32054412364959717 0.030693143606185913 0.0200008824467659
v 0.32573652267456055 0.03873967379331589 0.012329678051173687
v 0.32499217987060547 0.06987439095973969 0.0200075451284647
v 0.3282569348812103 0.05458851158618927 0.013920027762651443
v 0.2164725512266159 0.04910047724843025 0.0516381561756134
v 0.22694067656993866 0.03861703723669052 0.04665857180953026
v 0.24887138605117798 0.02750069461762905 0.0409717932343483
v 0.2764183580875397 0.01621805876493454 0.04329546540975571
v 0.2789773941040039 0.009685177356004715 0.048057980835437775
v 0.28602030873298645 0.011663725599646568 0.05189082399010658
v 0.30337879061698914 0.11585108190774918 0.07514779269695282
v 0.3146056830883026 0.12496504187583923 0.07336844503879547
v 0.33004480600357056 0.13232167065143585 0.07362531125545502
v 0.3531935214996338 0.1400657594203949 0.0704616904258728
v 0.37205222249031067 0.14462843537330627 0.07426659017801285
v 0.3922842741012573 0.14729343354701996 0.06863236427307129
v 0.40965333580970764 0.15261709690093994 0.059969134628772736
v 0.419831782579422 0.15608663856983185 0.04477520287036896
v 0.29016292095184326 0.10355991870164871 0.08154972642660141
v 0.4360235333442688 0.16246087849140167 0.03204040974378586
v 0.462496817111969 0.1684030145406723 -0.0051780641078948975
v 0.44029203057289124 0.15845409035682678 0.014480769634246826
v 0.4729246497154236 0.14039933681488037 -0.055487267673015594
v 0.46079540252685547 0.1504078507423401 -0.04425656050443649
v 0.4634871482849121 0.16244569420814514 -0.022907044738531113
v 0.47782227396965027 0.12893246114253998 -0.06740008294582367
v 0.49954497814178467 0.12076367437839508 -0.07018214464187622
v 0.48392754793167114 0.09780830144882202 -0.06108980253338814
v 0.5661746859550476 0.09304961562156677 -0.0762697160243988
v 0.5610370635986328 0.09656011313199997 -0.0697239562869072
v 0.5314868092536926 0.08316013962030411 -0.06497598439455032
v 0.5450032353401184 0.07401102781295776 -0.046583954244852066
v 0.5458214282989502 0.0718696191906929 -0.051844559609889984
v 0.5502437949180603 0.057878945022821426 -0.04474981874227524
v 0.5402780771255493 0.07602480053901672 -0.05829162150621414
v 0.5466169118881226 0.08154989778995514 -0.0680965706706047
v 0.5591955780982971 0.12224913388490677 0.04928981140255928
v 0.5714277029037476 0.12111122161149979 0.03745531290769577
v 0.5509440898895264 0.0471811406314373 -0.05234277620911598
v 0.559010922908783 0.025082936510443687 -0.053561314940452576
v 0.20039980113506317 0.01778324320912361 0.15781500935554504
v 0.1960289180278778 0.03505842387676239 0.15174366533756256
v 0.1949683576822281 0.046042051166296005 0.13840603828430176
v 0.19209206104278564 0.05327022820711136 0.13356490433216095
v 0.19791363179683685 0.055524662137031555 0.12092062830924988
v 0.1973513662815094 0.0612301342189312 0.10652631521224976
v 0.22113768756389618 0.0536547489464283 0.06703342497348785
v 0.1992851346731186 0.05874277278780937 0.08487111330032349
v 0.2043725997209549 0.058266595005989075 0.09325772523880005
v 0.28772827982902527 0.09617205709218979 0.07656858116388321
v 0.313164085149765 0.09054454416036606 0.04716864973306656
v 0.3031601011753082 0.09399235248565674 0.06259483098983765
v 0.2964741587638855 0.10182641446590424 0.06801579892635345
v 0.32090795040130615 0.08780152350664139 0.03429112955927849
v 0.32062599062919617 0.08070903271436691 0.0293887946754694
v 0.28783226013183594 0.012243740260601044 0.05425911769270897
v 0.3022392988204956 0.01007452979683876 0.04778715595602989
v 0.3171809911727905 0.022343618795275688 0.028688553720712662
v 0.33060580492019653 0.02858828380703926 0.0073988065123558044
v 0.3333250880241394 0.042364563792943954 0.006847484968602657
v 0.3384926915168762 0.059762850403785706 0.006980333477258682
v 0.33491775393486023 0.07164496183395386 0.011531973257660866
v 0.21920977532863617 0.05373352766036987 0.05959406495094299
v 0.2062167078256607 0.04823433980345726 0.05199393257498741
v 0.2130245715379715 0.04026263579726219 0.049074750393629074
v 0.23245809972286224 0.029367556795477867 0.043469224125146866
v 0.2565918266773224 0.017358150333166122 0.040080875158309937
v 0.2634948492050171 0.006116504315286875 0.042487915605306625
v 0.29361313581466675 0.10332740098237991 0.0760856419801712
v 0.31059134006500244 0.11921578645706177 0.06907301396131516
v 0.3206471800804138 0.12498074769973755 0.06717807799577713
v 0.3400382101535797 0.1344248354434967 0.06805246323347092
v 0.36547720432281494 0.1417361944913864 0.06771127879619598
v 0.3802224099636078 0.1444551646709442 0.06610468029975891
v 0.4002824127674103 0.1492435187101364 0.061205435544252396
v 0.424701064825058 0.15519174933433533 0.03286256641149521
v 0.4461759030818939 0.1581147015094757 -0.0027494486421346664
v 0.4281517565250397 0.15294799208641052 0.02160431630909443
v 0.4591439366340637 0.13916009664535522 -0.0626872330904007
v 0.4509078860282898 0.15549947321414948 -0.028786728158593178
v 0.45099401473999023 0.14416342973709106 -0.0475638248026371
v 0.46129024028778076 0.12671366333961487 -0.07763979583978653
v 0.4841424822807312 0.12119938433170319 -0.0848662480711937
v 0.538145899772644 0.10240106284618378 -0.07835325598716736
v 0.5539774894714355 0.10042869299650192 -0.0730559229850769
v 0.5459304451942444 0.09149648994207382 -0.08675935864448547
v 0.5764409303665161 0.09518418461084366 -0.07198244333267212
v 0.5784532427787781 0.08710887283086777 -0.07685050368309021
v 0.5259074568748474 0.07834570109844208 -0.08426080644130707
v 0.5377094745635986 0.06780575960874557 -0.053282350301742554
v 0.5395394563674927 0.0660129189491272 -0.05906441807746887
v 0.5472915172576904 0.06319615244865417 -0.05547954887151718
v 0.5366628170013428 0.07015473395586014 -0.056529052555561066
v 0.5385869741439819 0.12130894511938095 0.05451854690909386
v 0.5485266447067261 0.13508883118629456 0.03574902564287186
v 0.5213441848754883 0.140398770570755 0.0756814107298851
v 0.5454456210136414 0.022702118381857872 -0.06406974792480469
v 0.5484671592712402 0.042211949825286865 -0.062008097767829895
v 0.20525461435317993 0.0016802381724119186 0.16052666306495667
v 0.1857471615076065 0.029564106836915016 0.17191344499588013
v 0.18472374975681305 0.04446396231651306 0.16559091210365295
v 0.1786535233259201 0.05867921561002731 0.14478769898414612
v 0.18382816016674042 0.053901877254247665 0.1473822295665741
v 0.18696993589401245 0.06432393193244934 0.11784393340349197
v 0.18658794462680817 0.0636049434542656 0.10603953897953033
v 0.2078380584716797 0.0574483647942543 0.07019194960594177
v 0.32290220260620117 0.09519552439451218 0.03839172422885895
v 0.31498581171035767 0.1000540554523468 0.051364965736866
v 0.30637505650520325 0.10659240186214447 0.05890677496790886
v 0.30493438243865967 0.11143475770950317 0.06633153557777405
v 0.328591525554657 0.08270915597677231 0.02114391326904297
v 0.32919439673423767 0.09056686609983444 0.027044711634516716
v 0.3142296373844147 0.009942703880369663 0.03589785099029541
v 0.32818394899368286 0.019874047487974167 0.012806124053895473
v 0.3366515636444092 0.028705501928925514 0.0028097927570343018
v 0.3426792621612549 0.04617889225482941 0.0023445216938853264
v 0.20556004345417023 0.05511888489127159 0.05822117254137993
v 0.19941875338554382 0.04780915006995201 0.054924458265304565
v 0.20267914235591888 0.04011783003807068 0.051051702350378036
v 0.21985849738121033 0.03357202187180519 0.0470212884247303
v 0.2181158810853958 0.025818325579166412 0.04539491608738899
v 0.23337219655513763 0.01773085445165634 0.04015139117836952
v 0.24159595370292664 0.004686967469751835 0.038002971559762955
v 0.315491259098053 0.1188604012131691 0.06305546313524246
v 0.3319048285484314 0.12432708591222763 0.06174236536026001
v 0.3582988381385803 0.13551828265190125 0.05877460911870003
v 0.37530508637428284 0.14009130001068115 0.056445904076099396
v 0.39110690355300903 0.14485256373882294 0.05473722517490387
v 0.4052544832229614 0.14922784268856049 0.04880021512508392
v 0.4128561317920685 0.14794635772705078 0.03205467760562897
v 0.43376266956329346 0.1485608071088791 0.004360958933830261
v 0.41662198305130005 0.1422833651304245 0.013052862137556076
v 0.4467959702014923 0.1333027482032776 -0.06177663430571556
v 0.43657469749450684 0.14620433747768402 -0.014830728992819786
v 0.43818387389183044 0.13795164227485657 -0.03981680050492287
v 0.4739462435245514 0.11587108671665192 -0.09040059894323349
v 0.44599345326423645 0.11840014159679413 -0.07736079394817352
v 0.3924843370914459 0.0919191762804985 -0.055999577045440674
v 0.5040407776832581 0.1218217983841896 -0.09466143697500229
v 0.4501482844352722 0.10009439289569855 -0.05921017378568649
v 0.5093700289726257 0.11268684267997742 -0.07900748401880264
v 0.5537656545639038 0.1070365458726883 -0.08636467158794403
v 0.5685829520225525 0.10116323083639145 -0.07515163719654083
v 0.5655912756919861 0.07915997505187988 -0.08204717934131622
v 0.5915417671203613 0.08873991668224335 -0.07733514904975891
v 0.5852535963058472 0.07796840369701385 -0.0810900628566742
v 0.5357665419578552 0.07575049996376038 -0.07232791185379028
v 0.5180806517601013 0.07498734444379807 -0.09239497035741806
v 0.5445190668106079 0.05886649712920189 -0.06296715885400772
v 0.5313377380371094 0.06883283704519272 -0.06170544773340225
v 0.527793824672699 0.0638590008020401 -0.06564128398895264
v 0.5449560880661011 0.15912902355194092 0.057908885180950165
v 0.5332629680633545 0.14541423320770264 0.06470957398414612
v 0.5255768895149231 0.14787602424621582 0.05911741778254509
v 0.5351113677024841 0.03449175879359245 -0.07318900525569916
v 0.535787045955658 0.012286754325032234 -0.06975970417261124
v 0.17317962646484375 0.031787846237421036 0.18222638964653015
v 0.17546088993549347 0.04901675134897232 0.17800378799438477
v 0.18747462332248688 0.04829873889684677 0.1534218192100525
v 0.17316462099552155 0.06213127076625824 0.15822187066078186
v 0.16985219717025757 0.06516756117343903 0.15084326267242432
v 0.16960901021957397 0.06717409193515778 0.12789565324783325
v 0.1747189462184906 0.06510193645954132 0.11295109987258911
v 0.19177250564098358 0.06264407932758331 0.09813221544027328
v 0.1920361965894699 0.05853750556707382 0.07742360234260559
v 0.19900402426719666 0.0573679655790329 0.06685907393693924
v 0.32895606756210327 0.10439790785312653 0.041714392602443695
v 0.33701202273368835 0.09888603538274765 0.026990359649062157
v 0.321001797914505 0.10903166234493256 0.05367100238800049
v 0.31241318583488464 0.11340807378292084 0.05906439572572708
v 0.33959969878196716 0.09106539934873581 0.014460090547800064
v 0.3419654667377472 0.08121535927057266 0.006503419950604439
v 0.3261086046695709 0.009022190235555172 0.02083291858434677
v 0.33686232566833496 0.019905203953385353 0.0024474048987030983
v 0.34424588084220886 0.03263041004538536 -0.0009357873350381851
v 0.3506183922290802 0.06759504973888397 -0.0033862153068184853
v 0.3537064790725708 0.05192694813013077 -0.0058561572805047035
v 0.19717930257320404 0.05408930033445358 0.061403848230838776
v 0.193378284573555 0.050361551344394684 0.05566688999533653
v 0.1960538625717163 0.04071125388145447 0.05079720541834831
v 0.20903290808200836 0.032402154058218 0.04861542955040932
v 0.20681796967983246 0.02653650939464569 0.04851068928837776
v 0.2140323668718338 0.01888771913945675 0.04512252286076546
v 0.22177575528621674 0.0055047874338924885 0.04266596585512161
v 0.32594403624534607 0.11676900088787079 0.057589106261730194
v 0.34598177671432495 0.12872430682182312 0.05690029263496399
v 0.3709167242050171 0.13539916276931763 0.04860132187604904
v 0.3839136064052582 0.13785074651241302 0.04506843537092209
v 0.396244615316391 0.14093898236751556 0.03862074017524719
v 0.4017270803451538 0.13433443009853363 0.020745526999235153
v 0.4224509596824646 0.13898219168186188 -0.0038306210190057755
v 0.40806373953819275 0.1322958618402481 0.004122871905565262
v 0.4357176423072815 0.12507010996341705 -0.05532028153538704
v 0.4270615577697754 0.13352583348751068 -0.022306032478809357
v 0.42825719714164734 0.12635813653469086 -0.039552539587020874
v 0.49493029713630676 0.11310246586799622 -0.09782514721155167
v 0.43346258997917175 0.11572349071502686 -0.06164403259754181
v 0.5183954238891602 0.12231643497943878 -0.10529537498950958
v 0.48508110642433167 0.11426612734794617 -0.08291685581207275
v 0.5277820825576782 0.10984382033348083 -0.09685813635587692
v 0.5867835283279419 0.09867537021636963 -0.07999921590089798
v 0.5705072283744812 0.10856179893016815 -0.09353474527597427
v 0.5809342265129089 0.06712431460618973 -0.0890769213438034
v 0.605247974395752 0.09381060302257538 -0.0897405818104744
v 0.601911723613739 0.07738646864891052 -0.08906307816505432
v 0.5357629656791687 0.08048117160797119 -0.10118875652551651
v 0.5293735861778259 0.07936156541109085 -0.11909712851047516
v 0.5348893404006958 0.08155249059200287 -0.08774343132972717
v 0.5330603718757629 0.07423905283212662 -0.06815503537654877
v 0.5294901132583618 0.05112171918153763 -0.0703616663813591
v 0.5251722931861877 0.06661268323659897 -0.07326492667198181
v 0.5220171809196472 0.055785998702049255 -0.07611428946256638
v 0.5356796979904175 0.16072076559066772 0.07412057369947433
v 0.5572583079338074 0.1853911578655243 0.048561472445726395
v 0.5335623621940613 0.17023003101348877 0.05794956162571907
v 0.5280203223228455 0.029509149491786957 -0.07530764490365982
v 0.5310403108596802 0.018536267802119255 -0.07286575436592102
v 0.19315925240516663 -0.00012545660138130188 0.17358407378196716
v 0.19498778879642487 0.011109587736427784 0.1683807522058487
v 0.17766712605953217 0.012849172577261925 0.18162022531032562
v 0.16280639171600342 0.04281250759959221 0.18678447604179382
v 0.16108594834804535 0.05846944451332092 0.18537011742591858
v 0.18043971061706543 0.056871429085731506 0.16660217940807343
v 0.1812855303287506 0.06366479396820068 0.13323095440864563
v 0.16328439116477966 0.06871677935123444 0.16671332716941833
v 0.15764641761779785 0.07186221331357956 0.1589585393667221
v 0.16436012089252472 0.0681823194026947 0.1435147225856781
v 0.1509842574596405 0.06876657903194427 0.136474609375
v 0.1590346395969391 0.06709175556898117 0.12058023363351822
v 0.17705337703227997 0.06215257570147514 0.09918598085641861
v 0.17671459913253784 0.06047621741890907 0.08330578356981277
v 0.18959662318229675 0.058178260922431946 0.0703635960817337
v 0.18283286690711975 0.062029022723436356 0.09035766124725342
v 0.3422260880470276 0.10883772373199463 0.034465715289115906
v 0.33411258459091187 0.11344905197620392 0.0470370277762413
v 0.34682944416999817 0.09951343387365341 0.015948429703712463
v 0.3560137152671814 0.07795443385839462 -0.006954921409487724
v 0.3508510887622833 0.0878080278635025 0.0011415109038352966
v 0.3358009457588196 0.007656333036720753 0.006021996960043907
v 0.3438721299171448 0.02099694311618805 -0.0015381891280412674
v 0.3542499542236328 0.03688757121562958 -0.007167422212660313
v 0.3613697290420532 0.06854082643985748 -0.013166094198822975
v 0.36330047249794006 0.05645785480737686 -0.014885447919368744
v 0.1890963912010193 0.05620766058564186 0.0629802793264389
v 0.19318866729736328 0.051476117223501205 0.04938901960849762
v 0.1949499547481537 0.04491941258311272 0.04719719663262367
v 0.1994723230600357 0.03375611454248428 0.05003039538860321
v 0.19938716292381287 0.029736189171671867 0.04537489637732506
v 0.20176996290683746 0.018903229385614395 0.04595430940389633
v 0.20597289502620697 0.009336208924651146 0.04472960904240608
v 0.2104550451040268 -0.0019754311069846153 0.0434560589492321
v 0.339284747838974 0.12128389626741409 0.05243360251188278
v 0.3588126003742218 0.13041983544826508 0.04941840469837189
v 0.37963730096817017 0.1322096288204193 0.03791734576225281
v 0.3902757465839386 0.1330736130475998 0.031679846346378326
v 0.39158153533935547 0.12591010332107544 0.02309633232653141
v 0.4141673743724823 0.13021251559257507 -0.011112475767731667
v 0.39565274119377136 0.12190776318311691 0.010227957740426064
v 0.42946940660476685 0.11957168579101562 -0.050162430852651596
v 0.41595467925071716 0.12295025587081909 -0.026131941005587578
v 0.42238202691078186 0.11922415345907211 -0.04189330339431763
v 0.42461729049682617 0.11455382406711578 -0.05088791251182556
v 0.44040024280548096 0.10484638065099716 -0.07775784283876419
v 0.4654155671596527 0.10500497370958328 -0.09137452393770218
v 0.48587462306022644 0.10956429690122604 -0.09228800237178802
v 0.5109537839889526 0.1178392618894577 -0.09523546695709229
v 0.5501986145973206 0.11148059368133545 -0.11250803619623184
v 0.5751063227653503 0.11847718805074692 -0.11747384071350098
v 0.5933000445365906 0.10914840549230576 -0.10032752901315689
v 0.5615119934082031 0.06552481651306152 -0.09617482125759125
v 0.5421404242515564 0.0747714564204216 -0.09877843409776688
v 0.5965468883514404 0.06386537104845047 -0.10066118091344833
v 0.6196553111076355 0.10529135912656784 -0.11205370724201202
v 0.6226682066917419 0.09194549918174744 -0.10760725289583206
v 0.5346740484237671 0.0686214491724968 -0.12079454213380814
v 0.537465512752533 0.06967226415872574 -0.14610975980758667
v 0.5220706462860107 0.08730772137641907 -0.12151293456554413
v 0.5246651768684387 0.08408588171005249 -0.11203670501708984
v 0.524896502494812 0.08055250346660614 -0.08081408590078354
v 0.5296437740325928 0.07360395789146423 -0.07294292747974396
v 0.5178825259208679 0.035375528037548065 -0.08213277161121368
v 0.5170648097991943 0.06499723345041275 -0.08214659243822098
v 0.5133728981018066 0.04437471926212311 -0.08276896923780441
v 0.5502797961235046 0.1728217601776123 0.06363995373249054
v 0.5604003667831421 0.19334515929222107 0.043808549642562866
v 0.5451589822769165 0.16844414174556732 0.04657978564500809
v 0.5289047360420227 0.0027987814974039793 -0.07267161458730698
v 0.5234695672988892 0.02994110807776451 -0.07929408550262451
v 0.5259776711463928 0.012343468144536018 -0.07582550495862961
v 0.17941945791244507 -0.0008394522592425346 0.18327131867408752
v 0.1632920503616333 0.021890833973884583 0.18989697098731995
v 0.14671310782432556 0.053590793162584305 0.19622376561164856
v 0.14468911290168762 0.06963688880205154 0.19063299894332886
v 0.1692662239074707 0.06261847913265228 0.1736883819103241
v 0.154044508934021 0.07012227922677994 0.17937922477722168
v 0.14734873175621033 0.07457249611616135 0.17259559035301208
v 0.1391337513923645 0.07566697895526886 0.16358810663223267
v 0.15069325268268585 0.07227504253387451 0.1513310968875885
v 0.13236378133296967 0.07021446526050568 0.13732224702835083
v 0.14591044187545776 0.0672675371170044 0.12408129870891571
v 0.16081416606903076 0.06324823200702667 0.1086203083395958
v 0.16398409008979797 0.06302852928638458 0.08897814154624939
v 0.1771746724843979 0.06173411011695862 0.07266726344823837
v 0.16916535794734955 0.06143798679113388 0.09708534181118011
v 0.3456690311431885 0.11644534021615982 0.04161020368337631
v 0.34898510575294495 0.10496951639652252 0.023012490943074226
v 0.35305261611938477 0.0948702022433281 0.004385862499475479
v 0.367652028799057 0.0755811482667923 -0.01840093545615673
v 0.36324650049209595 0.08835937082767487 -0.009866372682154179
v 0.34268343448638916 0.011494362726807594 -0.0008191009983420372
v 0.353650838136673 0.022508732974529266 -0.00794311799108982
v 0.3669320046901703 0.04184285178780556 -0.017754849046468735
v 0.37757912278175354 0.04932885617017746 -0.027111170813441277
v 0.372446209192276 0.06480538100004196 -0.022852901369333267
v 0.1864616870880127 0.057117193937301636 0.058844342827796936
v 0.1974847912788391 0.05733853206038475 0.04498503357172012
v 0.19893617928028107 0.05098102614283562 0.03894801437854767
v 0.19685697555541992 0.03822913020849228 0.045572903007268906
v 0.20115122199058533 0.035792820155620575 0.04360457509756088
v 0.19649168848991394 0.02269989438354969 0.040394376963377
v 0.19637927412986755 0.03170153126120567 0.032830722630023956
v 0.19486087560653687 0.01204599067568779 0.04196055233478546
v 0.3498164415359497 0.12464999407529831 0.04796260967850685
v 0.36841341853141785 0.12981849908828735 0.04174480587244034
v 0.3848913908004761 0.12617997825145721 0.029390035197138786
v 0.40397122502326965 0.12455239146947861 -0.007107964716851711
v 0.38624292612075806 0.11380545049905777 0.010227812454104424
v 0.38210421800613403 0.1183486059308052 0.022227825596928596
v 0.4024575352668762 0.11588210612535477 -0.020334593951702118
v 0.4153760075569153 0.11225573718547821 -0.04044809937477112
v 0.46760308742523193 0.1016978994011879 -0.08520425856113434
v 0.4260070323944092 0.10789890587329865 -0.059299711138010025
v 0.45595985651016235 0.0962485820055008 -0.08176011592149734
v 0.4842909276485443 0.10110536217689514 -0.08386246860027313
v 0.5109273195266724 0.09810732305049896 -0.09713352471590042
v 0.5215028524398804 0.10151909291744232 -0.10870327055454254
v 0.5334189534187317 0.11075662076473236 -0.1252700239419937
v 0.5189861059188843 0.10623400658369064 -0.11833734810352325
v 0.559465765953064 0.11986402422189713 -0.14087282121181488
v 0.5960851907730103 0.12139680981636047 -0.12325629591941833
v 0.5733649730682373 0.12831690907478333 -0.1417524367570877
v 0.5749179124832153 0.0541401244699955 -0.10639715194702148
v 0.6153849959373474 0.07195580005645752 -0.11202721297740936
v 0.613659679889679 0.12008940428495407 -0.1292862445116043
v 0.6383430361747742 0.10098108649253845 -0.12472957372665405
v 0.5459364652633667 0.060992926359176636 -0.11287464201450348
v 0.5212845802307129 0.08380953967571259 -0.13384488224983215
v 0.5189298987388611 0.09886464476585388 -0.12275225669145584
v 0.5230022668838501 0.09546820819377899 -0.11372245848178864
v 0.5238335132598877 0.08196456730365753 -0.08100970834493637
v 0.5227673053741455 0.07404542714357376 -0.078248530626297
v 0.5149358510971069 0.08935755491256714 -0.09518919885158539
v 0.5105876922607422 0.030751744285225868 -0.08482435345649719
v 0.5010493993759155 0.06490832567214966 -0.08402650058269501
v 0.49161723256111145 0.047155268490314484 -0.08597265928983688
v 0.5676008462905884 0.17503243684768677 0.033109553158283234
v 0.5646587014198303 0.16894550621509552 0.04548019915819168
v 0.5603094696998596 0.16605597734451294 0.039414502680301666
v 0.5170701146125793 0.019296854734420776 -0.07979847490787506
v 0.5156021118164062 0.028697142377495766 -0.08216783404350281
v 0.16666829586029053 0.003057939000427723 0.1898738145828247
v 0.14740441739559174 0.03414883464574814 0.1978527009487152
v 0.13659150898456573 0.07705885916948318 0.1846439391374588
v 0.12320621311664581 0.07818792760372162 0.166102796792984
v 0.12805181741714478 0.0806373879313469 0.17640309035778046
v 0.13509602844715118 0.07255260646343231 0.15158215165138245
v 0.13171225786209106 0.0714585930109024 0.12363295257091522
v 0.1204167976975441 0.07502160221338272 0.13606107234954834
v 0.14698509871959686 0.06563898921012878 0.11317769438028336
v 0.1548282951116562 0.06433792412281036 0.10407935827970505
v 0.1666184812784195 0.06569921970367432 0.07714205980300903
v 0.17877329885959625 0.06421457231044769 0.06431347876787186
v 0.3544793128967285 0.11203847825527191 0.029130473732948303
v 0.3578779697418213 0.10254780203104019 0.010168220847845078
v 0.366456001996994 0.09855081886053085 -0.0033641699701547623
v 0.3810080885887146 0.0703108012676239 -0.030065299943089485
v 0.37675854563713074 0.08080795407295227 -0.025315947830677032
v 0.3510628938674927 0.010256560519337654 -0.006602544337511063
v 0.366540789604187 0.026491768658161163 -0.018375888466835022
v 0.379083514213562 0.038460955023765564 -0.028238993138074875
v 0.3922686278820038 0.04888725280761719 -0.03838956356048584
v 0.3862518072128296 0.059787239879369736 -0.034577626734972
v 0.1885433942079544 0.06045439466834068 0.053977757692337036
v 0.1506030112504959 0.04557674750685692 0.00333213247358799
v 0.1606995016336441 0.05342573672533035 0.025035785511136055
v 0.17943909764289856 0.04086170345544815 0.022049885243177414
v 0.16497161984443665 0.037809547036886215 0.002697022631764412
v 0.19282406568527222 0.014415471814572811 0.034667544066905975
v 0.19579952955245972 0.023753054440021515 0.025963159278035164
v 0.166394904255867 0.03500776365399361 -0.00164736807346344
v 0.19873124361038208 0.0037099886685609818 0.042347706854343414
v 0.35956722497940063 0.12185384333133698 0.037798598408699036
v 0.37497544288635254 0.12429863214492798 0.03263213858008385
v 0.394968718290329 0.11505256593227386 -0.0029399897903203964
v 0.37571001052856445 0.11083648353815079 0.016156015917658806
v 0.3831983208656311 0.10709843039512634 0.002586260437965393
v 0.40235063433647156 0.10525670647621155 -0.032559432089328766
v 0.4169827997684479 0.10080394148826599 -0.05129478871822357
v 0.4320616126060486 0.09223275631666183 -0.07115623354911804
v 0.47864189743995667 0.08760202676057816 -0.08004506677389145
v 0.5031217336654663 0.08767075836658478 -0.08582636713981628
v 0.5212398767471313 0.09535980224609375 -0.10006497800350189
v 0.525642991065979 0.09858167171478271 -0.14117415249347687
v 0.5673039555549622 0.1263875961303711 -0.15504159033298492
v 0.5416532754898071 0.11174565553665161 -0.1409033238887787
v 0.5820314884185791 0.14011503756046295 -0.15085026621818542
v 0.5878188610076904 0.12824933230876923 -0.1396045982837677
v 0.5997273325920105 0.05802343785762787 -0.11981016397476196
v 0.5626903176307678 0.052827879786491394 -0.12604503333568573
v 0.637066125869751 0.08596854656934738 -0.12547965347766876
v 0.6341777443885803 0.11588018387556076 -0.13551068305969238
v 0.6140401363372803 0.13043782114982605 -0.1394449919462204
v 0.5468192100524902 0.05779169499874115 -0.1368776261806488
v 0.5338663458824158 0.07609806954860687 -0.1577332317829132
v 0.5535302758216858 0.05798780918121338 -0.1579287201166153
v 0.5173831582069397 0.08808144927024841 -0.08957193791866302
v 0.5098856091499329 0.08440637588500977 -0.0834667831659317
v 0.5114388465881348 0.07497689127922058 -0.08332575857639313
v 0.4945403039455414 0.029534606263041496 -0.08757705986499786
v 0.5056204795837402 0.029128026217222214 -0.08572086691856384
v 0.47913631796836853 0.0613870732486248 -0.08815279603004456
v 0.4734713137149811 0.04932207614183426 -0.08787302672863007
v 0.5683521628379822 0.17313507199287415 0.0454208105802536
v 0.5719901323318481 0.1668892800807953 0.042881473898887634
v 0.5678707361221313 0.16620421409606934 0.05191095545887947
v 0.5043675303459167 0.026031959801912308 -0.08141826093196869
v 0.504726767539978 0.018226562067866325 -0.08015734702348709
v 0.1462000012397766 0.010426383465528488 0.19958776235580444
v 0.1337369978427887 0.06713263690471649 0.202074334025383
v 0.1316368281841278 0.05086806043982506 0.20719823241233826
v 0.12961076200008392 0.07711701840162277 0.19725625216960907
v 0.11983995139598846 0.08512069284915924 0.18883314728736877
v 0.1199733093380928 0.07507403194904327 0.15070265531539917
v 0.10702259093523026 0.08282024413347244 0.16328860819339752
v 0.10909292846918106 0.08529326319694519 0.17975546419620514
v 0.14055271446704865 0.06920821964740753 0.11084270477294922
v 0.12089379876852036 0.07745823264122009 0.12056346237659454
v 0.11128449440002441 0.07886261492967606 0.13211919367313385
v 0.1459672600030899 0.0687694326043129 0.10502652823925018
v 0.15371137857437134 0.06878982484340668 0.09711341559886932
v 0.16490088403224945 0.07293539494276047 0.07947088778018951
v 0.17341019213199615 0.06893250346183777 0.06859003752470016
v 0.3629671037197113 0.10743340849876404 0.018714934587478638
v 0.37751129269599915 0.09211724996566772 -0.019199557602405548
v 0.39242634177207947 0.06470022350549698 -0.04158313199877739
v 0.3879701793193817 0.0743836835026741 -0.03631031513214111
v 0.3631478250026703 0.008497543632984161 -0.016625484451651573
v 0.37713637948036194 0.031135357916355133 -0.02707609534263611
v 0.3901120126247406 0.039567939937114716 -0.03642406687140465
v 0.3994883596897125 0.05480862408876419 -0.04547981917858124
v 0.4054190516471863 0.04174504056572914 -0.0475897416472435
v 0.1833600252866745 0.06820443272590637 0.05896778404712677
v 0.1519460529088974 0.04106435552239418 -0.010645035654306412
v 0.14081527292728424 0.04991232231259346 0.007051834836602211
v 0.1407390981912613 0.046110741794109344 -0.012522440403699875
v 0.14841599762439728 0.03486591577529907 -0.018166981637477875
v 0.19087712466716766 0.010632096789777279 0.023566342890262604
v 0.1876273900270462 0.0077021424658596516 0.03443592041730881
v 0.17738789319992065 0.03005199506878853 -0.0010664314031600952
v 0.14691218733787537 0.03122551739215851 -0.02673131227493286
v 0.36804547905921936 0.11525799334049225 0.026640132069587708
v 0.3920457065105438 0.10819388180971146 -0.01383876707404852
v 0.3796756863594055 0.09934098273515701 -0.009021647274494171
v 0.3705863654613495 0.10340641438961029 0.0070144496858119965
v 0.4041154682636261 0.09116577357053757 -0.04475855827331543
v 0.419719398021698 0.08712462335824966 -0.06123506277799606
v 0.48606160283088684 0.08584880828857422 -0.08583513647317886
v 0.43311628699302673 0.08196062594652176 -0.07350870966911316
v 0.45235180854797363 0.08366124331951141 -0.08071881532669067
v 0.4877515435218811 0.08409462124109268 -0.08165498822927475
v 0.5399937033653259 0.09829950332641602 -0.15417194366455078
v 0.5580118894577026 0.11937250196933746 -0.15834394097328186
v 0.5811926126480103 0.13909369707107544 -0.1653749793767929
v 0.5879554748535156 0.1580498218536377 -0.16597415506839752
v 0.600289523601532 0.14713065326213837 -0.1509847342967987
v 0.6303243637084961 0.0688830316066742 -0.1352815330028534
v 0.5812032222747803 0.05274089798331261 -0.12830302119255066
v 0.6501941680908203 0.08702903985977173 -0.1394757777452469
v 0.6306903958320618 0.13942478597164154 -0.1467180997133255
v 0.6534229516983032 0.11496612429618835 -0.1487560272216797
v 0.5715928077697754 0.05115476995706558 -0.14814113080501556
v 0.5834680795669556 0.06108764186501503 -0.15752597153186798
v 0.5604589581489563 0.07446947693824768 -0.16087330877780914
v 0.488638699054718 0.07546348869800568 -0.08551066368818283
v 0.47281914949417114 0.0398995503783226 -0.08330594003200531
v 0.4867634177207947 0.032737843692302704 -0.0841800794005394
v 0.4584806561470032 0.057978082448244095 -0.08833207190036774
v 0.45838066935539246 0.050035130232572556 -0.08368105441331863
v 0.5784723162651062 0.17401005327701569 0.0659518837928772
v 0.6003053784370422 0.15829187631607056 0.0711790919303894
v 0.586809515953064 0.1651715338230133 0.06886859983205795
v 0.4795890748500824 0.015199560672044754 -0.07502220571041107
v 0.4912256598472595 0.029236283153295517 -0.07897039502859116
v 0.1268922984600067 0.021246474236249924 0.20621070265769958
v 0.12840311229228973 0.0029301317408680916 0.20382195711135864
v 0.1333836317062378 0.03202923759818077 0.2047860324382782
v 0.11633212864398956 0.04046836122870445 0.21273522078990936
v 0.12195369601249695 0.07745519280433655 0.20763440430164337
v 0.11512613296508789 0.08604566752910614 0.20070821046829224
v 0.10401622951030731 0.08892267942428589 0.1920584738254547
v 0.10808339715003967 0.08005185425281525 0.14550259709358215
v 0.09001129865646362 0.08690600842237473 0.17222070693969727
v 0.09206730127334595 0.08508658409118652 0.15679866075515747
v 0.13126900792121887 0.07432015240192413 0.11509719491004944
v 0.11113664507865906 0.08233232796192169 0.12009993195533752
v 0.09772173315286636 0.08666243404150009 0.12944412231445312
v 0.14241015911102295 0.07759973406791687 0.09971821308135986
v 0.1366628110408783 0.07390201836824417 0.10746900737285614
v 0.15349197387695312 0.07538541406393051 0.08981265872716904
v 0.17697717249393463 0.07328160107135773 0.06606453657150269
v 0.1690697818994522 0.07639593631029129 0.07201841473579407
v 0.3905903697013855 0.08410485833883286 -0.03610089793801308
v 0.4018893539905548 0.06231198087334633 -0.05243805795907974
v 0.3952416777610779 0.06981319189071655 -0.04661001265048981
v 0.37699827551841736 0.017358724027872086 -0.02863636240363121
v 0.38593778014183044 0.03225414827466011 -0.03415105491876602
v 0.42165979743003845 0.03792141005396843 -0.057301752269268036
v 0.41602325439453125 0.04825609549880028 -0.0563848614692688
v 0.15343032777309418 0.05712877959012985 0.032534390687942505
v 0.13478727638721466 0.04476167634129524 -0.03020598366856575
v 0.13817337155342102 0.036026325076818466 -0.03381817415356636
v 0.18581314384937286 0.020152557641267776 0.00425883149728179
v 0.15109117329120636 0.02782425284385681 -0.031238730996847153
v 0.1320793628692627 0.02831863984465599 -0.04417189955711365
v 0.38983219861984253 0.09703639149665833 -0.0260019488632679
v 0.40797320008277893 0.07875246554613113 -0.05423145741224289
v 0.4257713258266449 0.07531177997589111 -0.06884625554084778
v 0.4386936128139496 0.07294205576181412 -0.07915350049734116
v 0.45341047644615173 0.06848032027482986 -0.08845929056406021
v 0.5570578575134277 0.09567056596279144 -0.162308931350708
v 0.5906974077224731 0.12770172953605652 -0.16357463598251343
v 0.6022523641586304 0.15939317643642426 -0.17335772514343262
v 0.6095054745674133 0.1690211445093155 -0.1800805926322937
v 0.6160653233528137 0.1635185033082962 -0.1644793599843979
v 0.6064396500587463 0.05598273500800133 -0.14224322140216827
v 0.674344539642334 0.11816823482513428 -0.1616869866847992
v 0.6580155491828918 0.14849445223808289 -0.16201813519001007
v 0.5993690490722656 0.062289558351039886 -0.1544567197561264
v 0.6174493432044983 0.07312577217817307 -0.15721286833286285
v 0.5947805047035217 0.08256620168685913 -0.15771682560443878
v 0.45609092712402344 0.04499060660600662 -0.07683294266462326
v 0.46361827850341797 0.03679347038269043 -0.07400291413068771
v 0.43777212500572205 0.0611029788851738 -0.0782364010810852
v 0.4440540373325348 0.05023912340402603 -0.07421177625656128
v 0.6196469664573669 0.1852489709854126 0.08946149051189423
v 0.6050819158554077 0.18258237838745117 0.0824107974767685
v 0.6129216551780701 0.173483207821846 0.08452200889587402
v 0.6213338375091553 0.18218934535980225 0.09150240570306778
v 0.4704107344150543 0.02607034519314766 -0.06986973434686661
v 0.4592938721179962 0.01617896929383278 -0.06853203475475311
v 0.1113077849149704 0.018718179315328598 0.2080671191215515
v 0.11422449350357056 -0.0008813478052616119 0.20357078313827515
v 0.11422606557607651 0.061475664377212524 0.21879282593727112
v 0.12392815947532654 0.06620881706476212 0.21131929755210876
v 0.11540950834751129 0.07463941723108292 0.2186230570077896
v 0.10919462144374847 0.08381672948598862 0.21353335678577423
v 0.10056249797344208 0.08783236145973206 0.20364722609519958
v 0.08814314007759094 0.08683203160762787 0.1854877471923828
v 0.09611217677593231 0.08475320786237717 0.1430586874485016
v 0.07690125703811646 0.08619986474514008 0.16661816835403442
v 0.08014027774333954 0.08885955810546875 0.14972001314163208
v 0.12430304288864136 0.07933515310287476 0.11316686123609543
v 0.08694374561309814 0.09336020052433014 0.1263599395751953
v 0.10131333768367767 0.08976373076438904 0.11746793985366821
v 0.1458917111158371 0.0793171301484108 0.09045621752738953
v 0.12964828312397003 0.0817633718252182 0.10591636598110199
v 0.13574199378490448 0.08274737745523453 0.09485670924186707
v 0.15618880093097687 0.0788714811205864 0.08124334365129471
v 0.17251689732074738 0.08140429109334946 0.07261468470096588
v 0.1546994000673294 0.0638633519411087 0.04746343567967415
v 0.425824373960495 0.05371333658695221 -0.06569121778011322
v 0.41615891456604004 0.06801570951938629 -0.06203587353229523
v 0.37736716866493225 -0.008435721509158611 -0.029244080185890198
v 0.3884633779525757 0.02453894540667534 -0.037008028477430344
v 0.3990430235862732 0.03128707408905029 -0.043145470321178436
v 0.4320322573184967 0.03162096068263054 -0.06186244636774063
v 0.43332138657569885 0.04168850928544998 -0.06490997970104218
v 0.4180358052253723 0.02832483872771263 -0.05450354516506195
v 0.12149056792259216 0.05285178869962692 -0.006258510053157806
v 0.1253429800271988 0.05086231604218483 -0.029386073350906372
v 0.1255291849374771 0.040973566472530365 -0.046683039516210556
v 0.11927657574415207 0.04647781327366829 -0.04704524576663971
v 0.16392800211906433 0.021470604464411736 -0.021508682519197464
v 0.18367117643356323 0.01007835939526558 0.003985036164522171
v 0.12693314254283905 0.023836243897676468 -0.05121799558401108
v 0.12306542694568634 0.03517899662256241 -0.05428369715809822
v 0.5764378309249878 0.0966360867023468 -0.1579897105693817
v 0.6219729781150818 0.14869198203086853 -0.16814714670181274
v 0.6083916425704956 0.167426198720932 -0.18585145473480225
v 0.6333214640617371 0.16557319462299347 -0.1845206916332245
v 0.628157377243042 0.17034371197223663 -0.19681872427463531
v 0.6392137408256531 0.06810834258794785 -0.1482413113117218
v 0.6622107028961182 0.08864726126194 -0.16015954315662384
v 0.6756737232208252 0.1166330873966217 -0.16813954710960388
v 0.6639922857284546 0.1569090336561203 -0.1756330132484436
v 0.6984251737594604 0.1408323347568512 -0.1668706089258194
v 0.6490830183029175 0.0863269492983818 -0.1596846878528595
v 0.6223674416542053 0.09914188086986542 -0.1611342579126358
v 0.4508565664291382 0.0311613567173481 -0.06743241846561432
v 0.44976773858070374 0.04269355908036232 -0.07148358225822449
v 0.6407321095466614 0.20365989208221436 0.09881535172462463
v 0.640074610710144 0.2013479322195053 0.10595962405204773
v 0.6419117450714111 0.19452542066574097 0.10721569508314133
v 0.6469907760620117 0.19255702197551727 0.10315996408462524
v 0.44727522134780884 0.025693925097584724 -0.06617498397827148
v 0.4389020800590515 0.018080823123455048 -0.0650954395532608
v 0.10025602579116821 0.041098009794950485 0.21607108414173126
v 0.09907392412424088 0.002083752304315567 0.20283569395542145
v 0.09278610348701477 0.026371682062745094 0.20825786888599396
v 0.10997162014245987 0.07808540016412735 0.22983510792255402
v 0.10116401314735413 0.05860587954521179 0.2224258929491043
v 0.10451465845108032 0.08418197929859161 0.22915349900722504
v 0.09299342334270477 0.0838959813117981 0.21491354703903198
v 0.08619199693202972 0.08512954413890839 0.20038816332817078
v 0.07210871577262878 0.08640359342098236 0.1781100481748581
v 0.08192349970340729 0.0908169150352478 0.13661986589431763
v 0.06090223789215088 0.08519852161407471 0.15534880757331848
v 0.06632012128829956 0.09159688651561737 0.14106713235378265
v 0.11393631994724274 0.08488362282514572 0.11069729179143906
v 0.0746077224612236 0.0970899909734726 0.12146064639091492
v 0.087312713265419 0.09687909483909607 0.11501796543598175
v 0.14259015023708344 0.08170989155769348 0.08754975348711014
v 0.12265101820230484 0.08765552192926407 0.0996740460395813
v 0.13105976581573486 0.08782578259706497 0.08895856887102127
v 0.1479332149028778 0.08354271948337555 0.08024776726961136
v 0.1603308767080307 0.08063576370477676 0.07472740113735199
v 0.13257983326911926 0.052726782858371735 0.02055022120475769
v 0.16085930168628693 0.06770861148834229 0.06493695080280304
v 0.1461881399154663 0.06249144300818443 0.049090173095464706
v 0.3914876878261566 0.008608214557170868 -0.040575698018074036
v 0.40265315771102905 0.020328333601355553 -0.047595374286174774
v 0.4299170970916748 0.02706524357199669 -0.061850547790527344
v 0.4163986146450043 0.017995107918977737 -0.056392766535282135
v 0.11128868907690048 0.05207518860697746 -0.003203924745321274
v 0.12736913561820984 0.04940042644739151 -0.01561705395579338
v 0.10488127917051315 0.05030025169253349 -0.04830514267086983
v 0.10601804405450821 0.04579531028866768 -0.05879446491599083
v 0.11474370956420898 0.04044254496693611 -0.06018579378724098
v 0.1407729536294937 0.023100804537534714 -0.045082464814186096
v 0.17046374082565308 0.014549246989190578 -0.021685972809791565
v 0.11600924283266068 0.029577389359474182 -0.062419045716524124
v 0.10900132358074188 0.03270530700683594 -0.06533543020486832
v 0.6010794043540955 0.11374905705451965 -0.16022270917892456
v 0.6222118139266968 0.15845157206058502 -0.18376457691192627
v 0.6420217752456665 0.15870848298072815 -0.19310569763183594
v 0.645662784576416 0.15861275792121887 -0.18990066647529602
v 0.6788065433502197 0.13374191522598267 -0.1689741462469101
v 0.6602050065994263 0.10754190385341644 -0.16730934381484985
v 0.6544314026832581 0.15058164298534393 -0.1802755892276764
v 0.6667282581329346 0.1470300406217575 -0.16959157586097717
v 0.650182843208313 0.1175367683172226 -0.173151895403862
v 0.6663402318954468 0.2109556347131729 0.12837854027748108
v 0.6662610173225403 0.20916056632995605 0.12086723744869232
v 0.6596207618713379 0.21915443241596222 0.1136414185166359
v 0.6590842008590698 0.22145316004753113 0.11991779506206512
v 0.4449242055416107 0.008012646809220314 -0.06850002706050873
v 0.4259350299835205 0.021458052098751068 -0.06034877896308899
v 0.08729809522628784 0.0434722974896431 0.2147744596004486
v 0.07608774304389954 0.007680496200919151 0.19780665636062622
v 0.074821837246418 0.0356549397110939 0.206942617893219
v 0.103016696870327 0.07662010937929153 0.23012225329875946
v 0.11252471804618835 0.10170970857143402 0.24134016036987305
v 0.09187564253807068 0.06151789054274559 0.22502082586288452
v 0.09492502361536026 0.08167620003223419 0.22711166739463806
v 0.08173829317092896 0.07870438694953918 0.2113931030035019
v 0.07134933769702911 0.08344143629074097 0.1907423585653305
v 0.05688305199146271 0.08250921964645386 0.170370414853096
v 0.07171522080898285 0.09513840079307556 0.13060399889945984
v 0.04374346137046814 0.08833269029855728 0.1425417959690094
v 0.05683698505163193 0.09504061937332153 0.13237518072128296
v 0.105631522834301 0.09404414147138596 0.10461033880710602
v 0.12040700018405914 0.09217911213636398 0.08248797804117203
v 0.11723919212818146 0.09253080934286118 0.09253142774105072
v 0.13492286205291748 0.08761008828878403 0.07794080674648285
v 0.15047873556613922 0.08467117697000504 0.07419052720069885
v 0.12648887932300568 0.04752900451421738 0.029059363529086113
v 0.16106656193733215 0.07946085929870605 0.07121577858924866
v 0.1700611710548401 0.06571971625089645 0.07313977181911469
v 0.16050507128238678 0.0522579625248909 0.062314316630363464
v 0.14109006524085999 0.06055572256445885 0.05210152268409729
v 0.40619096159935 0.007986594922840595 -0.0524461530148983
v 0.41676703095436096 0.009576646611094475 -0.05795101448893547
v 0.11003533750772476 0.0487416572868824 0.005737777799367905
v 0.09861284494400024 0.05091267451643944 -0.022476546466350555
v 0.10353972762823105 0.051727719604969025 -0.021066946908831596
v 0.10773425549268723 0.05186391994357109 -0.03157541900873184
v 0.09707795828580856 0.04833628237247467 -0.056031860411167145
v 0.0999370887875557 0.03648196533322334 -0.06827198714017868
v 0.10170917212963104 0.04008673131465912 -0.06544829905033112
v 0.11728934943675995 0.02552541345357895 -0.06212936341762543
v 0.1526104211807251 0.020428964868187904 -0.04089534655213356
v 0.09830879420042038 0.02661341056227684 -0.06872694194316864
v 0.09310761094093323 0.030238009989261627 -0.06945888698101044
v 0.6232492923736572 0.13605216145515442 -0.16959291696548462
v 0.6244226098060608 0.1636836975812912 -0.19568979740142822
v 0.6476384401321411 0.15064015984535217 -0.18743565678596497
v 0.651807427406311 0.15018773078918457 -0.18156588077545166
v 0.6422991156578064 0.1601106822490692 -0.1945149004459381
v 0.6612384915351868 0.12833301723003387 -0.17429305613040924
v 0.6499789357185364 0.1402454823255539 -0.1655576527118683
v 0.6428987383842468 0.14664123952388763 -0.16334514319896698
v 0.652712881565094 0.14596180617809296 -0.1738758236169815
v 0.6578381657600403 0.13948479294776917 -0.1924036145210266
v 0.6408919095993042 0.15224355459213257 -0.1965171843767166
v 0.674257218837738 0.23351413011550903 0.13254544138908386
v 0.6636715531349182 0.23608507215976715 0.12282803654670715
v 0.6446054577827454 0.24002397060394287 0.13197556138038635
v 0.6523755788803101 0.23687440156936646 0.12142069637775421
v 0.42749953269958496 0.011566266417503357 -0.06272928416728973
v 0.07742807269096375 0.05204790458083153 0.2146889567375183
v 0.051347047090530396 0.0052056219428777695 0.1901829093694687
v 0.052908167243003845 0.02902514487504959 0.19873212277889252
v 0.09231987595558167 0.08435055613517761 0.23092837631702423
v 0.10764157027006149 0.10143484175205231 0.2361266016960144
v 0.09263716638088226 0.08518616110086441 0.23700758814811707
v 0.07565350085496902 0.06621842831373215 0.2144511342048645
v 0.08918483555316925 0.07531096041202545 0.22419559955596924
v 0.07151065766811371 0.07664025574922562 0.20301155745983124
v 0.05473029986023903 0.0815371572971344 0.1828182339668274
v 0.03968924656510353 0.08155257999897003 0.1596842110157013
v 0.0605255626142025 0.09814898669719696 0.12451218068599701
v 0.039885759353637695 0.09564750641584396 0.12588974833488464
v 0.027800854295492172 0.08747313171625137 0.1361682415008545
v 0.06927017122507095 0.1003360003232956 0.11066502332687378
v 0.08713430166244507 0.09908095002174377 0.10095170140266418
v 0.10551194846630096 0.09676575660705566 0.08866431564092636
v 0.11403816193342209 0.09324885904788971 0.08004613220691681
v 0.1391909271478653 0.08547261357307434 0.06955486536026001
v 0.12358514964580536 0.09007133543491364 0.07446122169494629
v 0.12728258967399597 0.0465087853372097 0.03558868542313576
v 0.15169572830200195 0.0726422369480133 0.0691419392824173
v 0.1651366651058197 0.0571407824754715 0.07369906455278397
v 0.1810171902179718 0.043014124035835266 0.07684093713760376
v 0.149052232503891 0.04574308544397354 0.05675509199500084
v 0.1742716133594513 0.031261470168828964 0.07091113924980164
v 0.09593864530324936 0.04743935167789459 -0.014887694269418716
v 0.1051522046327591 0.04230412840843201 0.012235306203365326
v 0.09206600487232208 0.04905950650572777 -0.03309255093336105
v 0.09582320600748062 0.05157363787293434 -0.035559091717004776
v 0.09547712653875351 0.05062869191169739 -0.04711797088384628
v 0.09569521248340607 0.04397508502006531 -0.06380528211593628
v 0.09250418841838837 0.03636502847075462 -0.07229593396186829
v 0.08886106312274933 0.03291916102170944 -0.07395431399345398
v 0.09780927002429962 0.024852588772773743 -0.06593678891658783
v 0.13521882891654968 0.023152325302362442 -0.054338183254003525
v 0.08652566373348236 0.02568882703781128 -0.06861621141433716
v 0.0848163515329361 0.02774001657962799 -0.07456762343645096
v 0.6490879058837891 0.1530180722475052 -0.19049102067947388
v 0.6529716849327087 0.15417054295539856 -0.19274893403053284
v 0.6511359214782715 0.14689400792121887 -0.1784825325012207
v 0.6505069136619568 0.13951659202575684 -0.17637908458709717
v 0.6435739994049072 0.14038674533367157 -0.16387328505516052
v 0.6501870155334473 0.14501573145389557 -0.17219462990760803
v 0.6456645727157593 0.1464538872241974 -0.16707932949066162
v 0.6526892185211182 0.1454152762889862 -0.18206463754177094
v 0.6564694046974182 0.21333125233650208 0.11800280958414078
v 0.6704082489013672 0.2503785192966461 0.14049135148525238
v 0.6623439192771912 0.25007855892181396 0.1265108585357666
v 0.678877055644989 0.233688086271286 0.13905608654022217
v 0.645708441734314 0.25194358825683594 0.1254645586013794
v 0.6303159594535828 0.25751104950904846 0.13250845670700073
v 0.05701198801398277 0.05395323783159256 0.2071954905986786
v 0.027994677424430847 0.006506509613245726 0.19104689359664917
v 0.03287573903799057 0.024668846279382706 0.1934748888015747
v 0.11342646926641464 0.10067453235387802 0.23251661658287048
v 0.115098737180233 0.12715360522270203 0.2790202796459198
v 0.11795934289693832 0.11020056903362274 0.2695049047470093
v 0.05856376886367798 0.06559936702251434 0.20388713479042053
v 0.053753893822431564 0.07532443851232529 0.1940736323595047
v 0.03658408671617508 0.07800108939409256 0.1742771565914154
v 0.02219410613179207 0.08071345090866089 0.1489333063364029
v 0.054098621010780334 0.09991852939128876 0.11625713855028152
v 0.017715800553560257 0.09006224572658539 0.12352550029754639
v 0.022997058928012848 0.09501061588525772 0.11514326930046082
v 0.05738598853349686 0.1001003235578537 0.10226517915725708
v 0.07236038148403168 0.09926623106002808 0.09654800593852997
v 0.10597629100084305 0.0931970477104187 0.07607602328062057
v 0.0872659832239151 0.09687883406877518 0.08582158386707306
v 0.11465819180011749 0.08834715932607651 0.06887510418891907
v 0.12851327657699585 0.07893270254135132 0.06296936422586441
v 0.13806387782096863 0.03844385966658592 0.04210565611720085
v 0.14557236433029175 0.06480103731155396 0.06608428806066513
v 0.1552378386259079 0.047456610947847366 0.0690728947520256
v 0.17772620916366577 0.03285165876150131 0.07689964771270752
v 0.1867109090089798 0.010153839364647865 0.07651586830615997
v 0.1635807454586029 0.031237006187438965 0.05670521780848503
v 0.18359147012233734 0.0230281800031662 0.06920953094959259
v 0.08708929270505905 0.04208485782146454 -0.02848675101995468
v 0.09179150313138962 0.041424527764320374 -0.00866910070180893
v 0.11192166060209274 0.03524862974882126 0.021177124232053757
v 0.09186884760856628 0.048847876489162445 -0.04510053992271423
v 0.0904199630022049 0.04568008333444595 -0.04147986322641373
v 0.0931486189365387 0.04754583165049553 -0.05532778799533844
v 0.09330029785633087 0.04023269563913345 -0.06887155771255493
v 0.08370118588209152 0.02796061709523201 -0.07840495556592941
v 0.0867733582854271 0.032174598425626755 -0.07826205343008041
v 0.08774617314338684 0.02699838951230049 -0.06533154100179672
v 0.11612040549516678 0.024644553661346436 -0.05800272524356842
v 0.08044245094060898 0.024584874510765076 -0.07390982657670975
v 0.07901307940483093 0.02415464073419571 -0.07958655059337616
v 0.6548212766647339 0.14919918775558472 -0.1891951709985733
v 0.6510664820671082 0.14803028106689453 -0.18386560678482056
v 0.6504462957382202 0.14329029619693756 -0.17294587194919586
v 0.651403546333313 0.14579102396965027 -0.17666421830654144
v 0.644073486328125 0.25133252143859863 0.14242622256278992
v 0.652482271194458 0.25461310148239136 0.13493774831295013
v 0.6525958776473999 0.2612091600894928 0.12667006254196167
v 0.6202245950698853 0.26209795475006104 0.1363448202610016
v 0.6391391158103943 0.2633046507835388 0.12474595010280609
v 0.03642420098185539 0.04494156688451767 0.1970020979642868
v 0.009002495557069778 0.005687287077307701 0.18406598269939423
v 0.014491870999336243 0.02330995723605156 0.18739044666290283
v 0.10355591773986816 0.11096881330013275 0.2530371844768524
v 0.11317604780197144 0.12883830070495605 0.2832348346710205
v 0.04226021096110344 0.0607832595705986 0.19800107181072235
v 0.030579786747694016 0.07102496176958084 0.18671320378780365
v 0.013963785022497177 0.07525777071714401 0.1673814356327057
v 0.00994691252708435 0.079679474234581 0.13500076532363892
v 0.039536770433187485 0.09923632442951202 0.11008147895336151
v 0.010144874453544617 0.0927896797657013 0.1041712760925293
v 0.005337212234735489 0.08816997706890106 0.11531548202037811
v 0.041562750935554504 0.09673690050840378 0.09468280524015427
v 0.0657239705324173 0.09391216933727264 0.08267626166343689
v 0.08929938822984695 0.0897817611694336 0.07273867726325989
v 0.13302966952323914 0.025508973747491837 0.03169415891170502
v 0.1264602392911911 0.06270936876535416 0.057216107845306396
v 0.14836713671684265 0.03549622744321823 0.061367448419332504
v 0.16652493178844452 0.025221645832061768 0.07058314979076385
v 0.180315300822258 0.0026574432849884033 0.07500748336315155
v 0.19299086928367615 -0.00015438254922628403 0.08167396485805511
v 0.16485407948493958 0.026981819421052933 0.050024617463350296
v 0.1554269939661026 0.027173548936843872 0.04525645077228546
v 0.08454343676567078 0.033453430980443954 -0.02227689139544964
v 0.08554697036743164 0.03877023980021477 -0.038211479783058167
v 0.08920586109161377 0.03270474076271057 -0.0020767468959093094
v 0.08818918466567993 0.04195829853415489 -0.048111431300640106
v 0.0896727666258812 0.04518749192357063 -0.052998870611190796
v 0.09094541519880295 0.04318727180361748 -0.06501968204975128
v 0.08834012597799301 0.03858228027820587 -0.07477978616952896
v 0.0802801176905632 0.023640573024749756 -0.0864008367061615
v 0.08379104733467102 0.030627727508544922 -0.08506864309310913
v 0.07585874199867249 0.023553013801574707 -0.071473129093647
v 0.10019965469837189 0.03081519901752472 -0.06139487773180008
v 0.07273336499929428 0.020486194640398026 -0.07887130975723267
v 0.0749250203371048 0.01976478099822998 -0.08461059629917145
v 0.6499707698822021 0.14538027346134186 -0.17010647058486938
v 0.6477002501487732 0.24826908111572266 0.1436881273984909
v 0.6347971558570862 0.2507537305355072 0.1371862292289734
v 0.6364259123802185 0.26075446605682373 0.125030517578125
v 0.6349070072174072 0.26775920391082764 0.12103425711393356
v 0.604013204574585 0.2868821620941162 0.12707671523094177
v 0.017067857086658478 0.03886374086141586 0.18979108333587646
v -0.006343338638544083 0.004307848401367664 0.1756429821252823
v 0.0005263648927211761 0.018938511610031128 0.1790846735239029
v 0.02404487505555153 0.054674431681632996 0.19061240553855896
v 0.01144755631685257 0.05965118482708931 0.17999589443206787
v 0.0042546093463897705 0.07098676264286041 0.148819237947464
v 0.001338675618171692 0.08141887933015823 0.12311164289712906
v 0.023764319717884064 0.09699539095163345 0.10106115788221359
v -0.003318801522254944 0.08694810420274734 0.10016443580389023
v 0.00047703832387924194 0.09008423984050751 0.0962095856666565
v 0.049171943217515945 0.08955273032188416 0.08219124376773834
v 0.023395493626594543 0.0920025035738945 0.08928513526916504
v 0.10433128476142883 0.07752284407615662 0.06084217503666878
v 0.07433925569057465 0.07768724858760834 0.0679357722401619
v 0.10955297946929932 0.04980034753680229 0.04486463963985443
v 0.1281076967716217 0.03677111491560936 0.04565732553601265
v 0.16160210967063904 0.012982279062271118 0.06341174244880676
v 0.17211376130580902 0.003163108602166176 0.06893313676118851
v 0.1844748705625534 -0.013651609420776367 0.0824718102812767
v 0.1904057413339615 0.004564682021737099 0.062337350100278854
v 0.18064428865909576 0.007743127644062042 0.05027972534298897
v 0.1587398499250412 0.01244916021823883 0.03341978043317795
v 0.1432984471321106 0.021166890859603882 0.030106958001852036
v 0.08166024088859558 0.03065596893429756 -0.03445617854595184
v 0.0835900753736496 0.029513325542211533 -0.023376589640975
v 0.0977158397436142 0.02482936531305313 0.005241625010967255
v 0.08442158252000809 0.03752410039305687 -0.05584071949124336
v 0.08721785992383957 0.041581377387046814 -0.06358348578214645
v 0.08636648207902908 0.03963163495063782 -0.07241037487983704
v 0.08422188460826874 0.03479247912764549 -0.08108977973461151
v 0.08310133963823318 0.029272377490997314 -0.08899413794279099
v 0.08072967082262039 0.02178547903895378 -0.09464497119188309
v 0.08070134371519089 0.026470273733139038 -0.0679052397608757
v 0.06656540185213089 0.01867557317018509 -0.07499466836452484
v 0.08887172490358353 0.02551105245947838 -0.05766451358795166
v 0.06756185740232468 0.016038738191127777 -0.0841556191444397
v 0.07452167570590973 0.015943750739097595 -0.0910736620426178
v 0.6229046583175659 0.25046712160110474 0.13829222321510315
v 0.6036745309829712 0.2569391429424286 0.11980485916137695
v 0.5603794455528259 0.2805074155330658 0.14828082919120789
v 0.6173543334007263 0.27370819449424744 0.11676327139139175
v 0.5745746493339539 0.28937363624572754 0.11279040575027466
v 0.0005645006895065308 0.034709639847278595 0.1798083782196045
v -0.016636665910482407 0.0011416422203183174 0.16836264729499817
v -0.016426533460617065 0.02146960236132145 0.16864849627017975
v 0.009624127298593521 0.04730702564120293 0.18403109908103943
v -0.0015596263110637665 0.060732707381248474 0.16121350228786469
v -0.0047011785209178925 0.06935165077447891 0.13116689026355743
v -0.008551046252250671 0.08005842566490173 0.1091768890619278
v 0.00980893149971962 0.0938027948141098 0.09498534351587296
v -0.007293596863746643 0.087240070104599 0.09252793341875076
v -0.0030081290751695633 0.09016355127096176 0.08908482640981674
v 0.01423688419163227 0.08765819668769836 0.08082611858844757
v 0.0319269597530365 0.08306384831666946 0.07488156855106354
v 0.09533129632472992 0.06504859030246735 0.053421005606651306
v 0.04866404086351395 0.07462657243013382 0.06332861632108688
v 0.09128501266241074 0.04861203581094742 0.03798516094684601
v 0.10969924926757812 0.033262815326452255 0.0342017337679863
v 0.15080973505973816 0.013907521963119507 0.053902581334114075
v 0.16798453032970428 -0.0034801773726940155 0.06454551219940186
v 0.17946629226207733 -0.011889271438121796 0.07467567920684814
v 0.12635180354118347 0.009321663528680801 0.013351229019463062
v 0.08114174753427505 0.03296924754977226 -0.04520208388566971
v 0.08515448123216629 0.028198812156915665 -0.014786927029490471
v 0.10902263224124908 0.018051158636808395 0.005822097882628441
v 0.09335969388484955 0.02341557666659355 -0.010618098080158234
v 0.08241765946149826 0.03391606733202934 -0.0531364269554615
v 0.08337022364139557 0.03572671487927437 -0.05864477902650833
v 0.08291961252689362 0.03711952269077301 -0.06582073867321014
v 0.08472255617380142 0.03656937554478645 -0.07437263429164886
v 0.07429051399230957 0.02537630870938301 -0.094563327729702
v 0.07403441518545151 0.019192729145288467 -0.09772028028964996
v 0.0647360235452652 0.018115155398845673 -0.06826038658618927
v 0.06130083277821541 0.016346726566553116 -0.07824362069368362
v 0.07515817135572433 0.022744987159967422 -0.05858198553323746
v 0.0688367486000061 0.012873943895101547 -0.08572635054588318
v 0.07565392553806305 0.013613786548376083 -0.09577930718660355
v 0.5872607231140137 0.2753809094429016 0.13858483731746674
v 0.5830115079879761 0.2714368402957916 0.12771674990653992
v 0.594414472579956 0.2926367521286011 0.1342545449733734
v 0.5915104150772095 0.3001202642917633 0.1301933228969574
v -0.011414185166358948 0.03670535609126091 0.16788311302661896
v -0.028320666402578354 0.006698066368699074 0.15841905772686005
v -0.028397561982274055 0.021517695859074593 0.15360160171985626
v -0.0030269287526607513 0.04846104234457016 0.17238979041576385
v -0.008708439767360687 0.05777527019381523 0.14287540316581726
v -0.011738579720258713 0.06908616423606873 0.11771266162395477
v -0.015219807624816895 0.08024527877569199 0.09381832927465439
v 0.005554946139454842 0.0909775048494339 0.08577123284339905
v -0.014138368889689445 0.08609423041343689 0.08446802198886871
v -0.008530257269740105 0.0894005224108696 0.08373644202947617
v 0.010690029710531235 0.08396731317043304 0.0735446959733963
v 0.02579730935394764 0.07870792597532272 0.06429924070835114
v 0.07084151357412338 0.062213167548179626 0.04905087500810623
v 0.043422337621450424 0.07129319757223129 0.050544485449790955
v 0.07588154077529907 0.05203744396567345 0.031827352941036224
v 0.08718438446521759 0.03701663389801979 0.021942852064967155
v 0.12582668662071228 0.0157746784389019 0.03424033150076866
v 0.16022196412086487 -0.005480539985001087 0.05658567696809769
v 0.17396479845046997 -0.014855819754302502 0.0690840631723404
v 0.1037970706820488 0.017811764031648636 -0.007650146260857582
v 0.08224565535783768 0.031325217336416245 -0.03863368555903435
v 0.08391278982162476 0.028287749737501144 -0.031420208513736725
v 0.09856841713190079 0.02426120638847351 -0.011645827442407608
v 0.08280631899833679 0.03247122839093208 -0.047903187572956085
v 0.0826253741979599 0.03298429027199745 -0.055802665650844574
v 0.08386459201574326 0.0350220687687397 -0.05924830585718155
v 0.07969305664300919 0.03949602320790291 -0.0670299381017685
v 0.08324053883552551 0.03608148172497749 -0.0733395591378212
v 0.08084788173437119 0.03167031332850456 -0.08629697561264038
v 0.06717605143785477 0.0254807248711586 -0.09730865806341171
v 0.0719698965549469 0.01866268366575241 -0.09748948365449905
v 0.06239601969718933 0.01846092939376831 -0.06917572766542435
v 0.06619122624397278 0.016188349574804306 -0.07672137767076492
v 0.06810399889945984 0.020279698073863983 -0.06245996057987213
v 0.08450856804847717 0.026665646582841873 -0.04863636940717697
v 0.10059946775436401 0.022654373198747635 -0.038604121655225754
v 0.07299324870109558 0.012788161635398865 -0.08846119046211243
v 0.0727372020483017 0.01620526984333992 -0.09565480053424835
v 0.5862665772438049 0.29709741473197937 0.14095117151737213
v 0.5873854756355286 0.28974223136901855 0.13955757021903992
v 0.607426643371582 0.31195318698883057 0.14961236715316772
v 0.5982990860939026 0.31805580854415894 0.14103993773460388
v -0.02243533916771412 0.034662388265132904 0.15505485236644745
v -0.013307467103004456 0.04662670940160751 0.15716440975666046
v -0.016688097268342972 0.057779211550951004 0.12475395947694778
v -0.01992400735616684 0.06919173896312714 0.10275902599096298
v -0.026037368923425674 0.07731989026069641 0.08150753378868103
v 0.0001862943172454834 0.08805486559867859 0.07756920158863068
v -0.02269044518470764 0.0850922092795372 0.07717840373516083
v -0.016153931617736816 0.08710957318544388 0.07307632267475128
v 0.004064170643687248 0.08183009922504425 0.06334249675273895
v 0.018962770700454712 0.077457495033741 0.048894669860601425
v 0.05855254828929901 0.06207670643925667 0.033718980848789215
v 0.03923533484339714 0.06932166963815689 0.034354597330093384
v 0.0661185011267662 0.05070469155907631 0.01847575604915619
v 0.06960032880306244 0.037436503916978836 0.005140393041074276
v 0.10325144231319427 0.017329435795545578 0.020110677927732468
v 0.14064596593379974 0.0003702612593770027 0.0390709787607193
v 0.11369737237691879 0.007678404450416565 -0.0053462861105799675
v 0.08099860697984695 0.028426002711057663 -0.027439069002866745
v 0.08349018543958664 0.032265499234199524 -0.0435330830514431
v 0.08606775104999542 0.029253199696540833 -0.02286277338862419
v 0.10743025690317154 0.025048907846212387 -0.020596999675035477
v 0.08256132900714874 0.03160020709037781 -0.05235309898853302
v 0.08242407441139221 0.031096983700990677 -0.05887790024280548
v 0.07864221930503845 0.031716734170913696 -0.07431282103061676
v 0.07128089666366577 0.03510678932070732 -0.08279474079608917
v 0.07438855618238449 0.03318094462156296 -0.08515303581953049
v 0.0691039115190506 0.02701597288250923 -0.09370171278715134
v 0.06390384584665298 0.031024906784296036 -0.09472734481096268
v 0.0681413784623146 0.023326512426137924 -0.09553148597478867
v 0.07155117392539978 0.013944052159786224 -0.0815233588218689
v 0.06732748448848724 0.020633623003959656 -0.0682590901851654
v 0.07280999422073364 0.023222148418426514 -0.059718407690525055
v 0.09486004710197449 0.03068128600716591 -0.032807186245918274
v 0.07816102355718613 0.028694823384284973 -0.04810381308197975
v 0.0739794373512268 0.015366502106189728 -0.09263694286346436
v 0.07014979422092438 0.018872611224651337 -0.09519627690315247
v 0.6109386682510376 0.3168240189552307 0.13371211290359497
v 0.6018004417419434 0.3035545349121094 0.14494958519935608
v 0.6278862953186035 0.32984042167663574 0.1455456167459488
v 0.6194983124732971 0.34653112292289734 0.12433725595474243
v -0.03550032153725624 0.009229601360857487 0.1445426493883133
v -0.020920641720294952 0.044389717280864716 0.13965894281864166
v -0.023466413840651512 0.058185137808322906 0.10824651271104813
v -0.028530098497867584 0.06876233220100403 0.08904656767845154
v -0.03162091597914696 0.07572907209396362 0.07094363868236542
v -0.005753206089138985 0.08528529852628708 0.06984648108482361
v -0.029416948556900024 0.08382003754377365 0.06563770771026611
v -0.025094103068113327 0.08382288366556168 0.06499913334846497
v 0.00040693022310733795 0.07879588007926941 0.03391387313604355
v -0.005584405735135078 0.0805203840136528 0.05197001248598099
v 0.04884401336312294 0.06188620999455452 0.019258543848991394
v 0.0255625881254673 0.07122242450714111 0.020178645849227905
v 0.05259793624281883 0.05264635384082794 0.005435499362647533
v 0.05524236708879471 0.04152124002575874 -0.006129715591669083
v 0.08124364167451859 0.02155870385468006 0.004849444609135389
v 0.11549477279186249 -0.00016241520643234253 0.018514562398195267
v 0.08117441833019257 0.03167304769158363 -0.03946279361844063
v 0.08221620321273804 0.03168172389268875 -0.047665294259786606
v 0.07698912918567657 0.030634243041276932 -0.03838745504617691
v 0.08090619742870331 0.029872342944145203 -0.055020347237586975
v 0.07890480011701584 0.030259553343057632 -0.06819353997707367
v 0.06616418063640594 0.03224456310272217 -0.08609137684106827
v 0.07314522564411163 0.029490787535905838 -0.0844866931438446
v 0.06399085372686386 0.03639913350343704 -0.08371113240718842
v 0.0724557414650917 0.04521408677101135 -0.07287584245204926
v 0.06583863496780396 0.03214398771524429 -0.09357371926307678
v 0.06124214828014374 0.034934911876916885 -0.09519398212432861
v 0.063043013215065 0.034998759627342224 -0.09231507033109665
v 0.0663178488612175 0.029792875051498413 -0.09273781627416611
v 0.07309617102146149 0.015593871474266052 -0.08763130009174347
v 0.07031048834323883 0.016624219715595245 -0.07499872148036957
v 0.0746457651257515 0.023428652435541153 -0.064767025411129
v 0.07365888357162476 0.027048420161008835 -0.05687588453292847
v 0.07049187272787094 0.016347240656614304 -0.09255384653806686
v 0.06937482953071594 0.02287314459681511 -0.092815101146698
v 0.6287251114845276 0.3184470236301422 0.126397967338562
v 0.6330142617225647 0.29642027616500854 0.16091817617416382
v 0.6430601477622986 0.32757368683815 0.11890563368797302
v 0.6498464941978455 0.3337849974632263 0.13401159644126892
v -0.04201842471957207 0.010767169296741486 0.12442575395107269
v -0.03475329279899597 0.02991461381316185 0.13715800642967224
v -0.031286127865314484 0.04248368367552757 0.11745801568031311
v -0.029366126284003258 0.06026173382997513 0.09544882923364639
v -0.03575941175222397 0.06446627527475357 0.07648859918117523
v -0.039765216410160065 0.07447417080402374 0.06319362670183182
v -0.00993860512971878 0.08263714611530304 0.061312008649110794
v -0.03582551330327988 0.08218808472156525 0.058690525591373444
v -0.03671857714653015 0.08054256439208984 0.05586560443043709
v -0.020252423360943794 0.07975628226995468 0.04117600992321968
v -0.01402398943901062 0.07999849319458008 0.025116682052612305
v 0.03947222977876663 0.06093624234199524 0.005899551324546337
v 0.0012450525537133217 0.07723424583673477 0.013582061044871807
v 0.04143345355987549 0.05368634685873985 -0.00681604677811265
v 0.04794866591691971 0.0369257889688015 -0.019040750339627266
v 0.06417294591665268 0.025338228791952133 -0.01031648088246584
v 0.09262097626924515 0.0010376032441854477 -0.0010189828462898731
v 0.07908788323402405 0.030983231961727142 -0.04823701083660126
v 0.0758155882358551 0.03024516999721527 -0.0502982996404171
v 0.07868698239326477 0.028623607009649277 -0.06132074445486069
v 0.07484383881092072 0.028651170432567596 -0.08102549612522125
v 0.05340622365474701 0.04096288979053497 -0.0848734974861145
v 0.06761196255683899 0.03242681175470352 -0.09042739868164062
v 0.056960124522447586 0.0390368215739727 -0.08992105722427368
v 0.05144091695547104 0.049243539571762085 -0.07819496840238571
v 0.05989105626940727 0.07215548306703568 -0.07128381729125977
v 0.06936053931713104 0.048950426280498505 -0.08793765306472778
v 0.06395047903060913 0.05382607504725456 -0.09221623837947845
v 0.058750271797180176 0.04623396322131157 -0.09457732737064362
v 0.058487966656684875 0.03766719624400139 -0.09330864250659943
v 0.07046142220497131 0.027706757187843323 -0.08934815973043442
v 0.07110990583896637 0.01715732365846634 -0.08818911015987396
v 0.07289957255125046 0.01547316461801529 -0.08099068701267242
v 0.07365414500236511 0.01894303783774376 -0.07189224660396576
v 0.07551254332065582 0.02747097983956337 -0.059047237038612366
v 0.07100772857666016 0.020082522183656693 -0.08844159543514252
v 0.07091042399406433 0.024939510971307755 -0.08615680038928986
v 0.6239173412322998 0.3106255531311035 0.10462386906147003
v 0.6493833065032959 0.31754928827285767 0.14097392559051514
v 0.6711521148681641 0.31032639741897583 0.11840838193893433
v 0.6603280901908875 0.32434558868408203 0.12487013638019562
v -0.043244633823633194 0.013367932289838791 0.10263241827487946
v -0.0389506034553051 0.025323599576950073 0.11698223650455475
v -0.03467828035354614 0.047933414578437805 0.09669017791748047
v -0.0384872667491436 0.05494753643870354 0.0830494612455368
v -0.042129695415496826 0.0638047456741333 0.06438897550106049
v -0.04424455389380455 0.07881487905979156 0.05750332027673721
v -0.02669455297291279 0.08048833161592484 0.05471159890294075
v -0.04963648319244385 0.07858235388994217 0.051387086510658264
v -0.04329630732536316 0.0792982429265976 0.04863746836781502
v -0.03363564610481262 0.08170852065086365 0.02488069236278534
v -0.02209501713514328 0.08049675822257996 0.007538824342191219
v 0.022424500435590744 0.06819859147071838 -0.0036162352189421654
v -0.007871715351939201 0.07456771284341812 -0.010133357718586922
v 0.028478043153882027 0.05214851349592209 -0.023597918450832367
v 0.03278196603059769 0.031420785933732986 -0.035734668374061584
v 0.05329464375972748 0.019794531166553497 -0.026565279811620712
v 0.07043401896953583 0.010209166444838047 -0.014176959171891212
v 0.07886482775211334 0.028918296098709106 -0.05615974962711334
v 0.07630660384893417 0.026796266436576843 -0.06357176601886749
v 0.07359209656715393 0.027233965694904327 -0.07323768734931946
v 0.04859066754579544 0.045521389693021774 -0.0938381478190422
v 0.04116683453321457 0.04895049333572388 -0.08612944930791855
v 0.04326912760734558 0.09142152965068817 -0.06773647665977478
v 0.035569928586483 0.07795703411102295 -0.07574237883090973
v 0.05990627408027649 0.07559268176555634 -0.07531023025512695
v 0.059181082993745804 0.07418562471866608 -0.08950772881507874
v 0.05098812282085419 0.06458033621311188 -0.09607595950365067
v 0.05329401046037674 0.0429152213037014 -0.09693747013807297
v 0.07315337657928467 0.017848096787929535 -0.08364131301641464
v 0.07499070465564728 0.018219780176877975 -0.07692764699459076
v 0.076038658618927 0.022228602319955826 -0.06757964193820953
v 0.07217971980571747 0.021541155874729156 -0.08138513565063477
v 0.6581101417541504 0.30977165699005127 0.11307951807975769
v 0.6659483313560486 0.31590011715888977 0.1351325511932373
v 0.6806906461715698 0.3154134750366211 0.12644711136817932
v 0.6924430131912231 0.3103965222835541 0.12904617190361023
v -0.045234180986881256 0.0018419530242681503 0.08693283796310425
v -0.037431228905916214 0.03116193599998951 0.09898760169744492
v -0.04164939001202583 0.0379229374229908 0.0836840495467186
v -0.04328081011772156 0.046435240656137466 0.07126449048519135
v -0.051593098789453506 0.06919943541288376 0.060693539679050446
v -0.05909820646047592 0.07495022565126419 0.054398562759160995
v -0.04136877506971359 0.07937432080507278 0.03751792758703232
v -0.06744854152202606 0.07601351290941238 0.04558859020471573
v -0.06031376123428345 0.07891332358121872 0.03835523873567581
v -0.04167187213897705 0.08166711032390594 0.004495628178119659
v -0.008817343972623348 0.07206158339977264 -0.011298470199108124
v 0.0029958561062812805 0.06216741353273392 -0.028400905430316925
v 0.008586008101701736 0.06331881135702133 -0.029727280139923096
v 0.012811495922505856 0.021836044266819954 -0.053597573190927505
v 0.01029761228710413 0.04276927188038826 -0.04189876466989517
v 0.03596171364188194 0.013212058693170547 -0.044476427137851715
v 0.05432041734457016 0.005379932001233101 -0.03165382146835327
v 0.07436881959438324 0.022447582334280014 -0.0719151496887207
v 0.03736674040555954 0.058942362666130066 -0.0917912945151329
v 0.03357838839292526 0.06621783971786499 -0.08296668529510498
v 0.05121653527021408 0.10055015981197357 -0.07123997807502747
v 0.0302448533475399 0.1015302985906601 -0.07113942503929138
v 0.03486980125308037 0.12193852663040161 -0.06824784725904465
v 0.05134274810552597 0.10394061356782913 -0.07859344780445099
v 0.04632243886590004 0.09247402846813202 -0.09212873876094818
v 0.041818875819444656 0.05721697956323624 -0.09705175459384918
v 0.04660598188638687 0.05500021204352379 -0.09708312153816223
v 0.680324912071228 0.2938303053379059 0.11378586292266846
v 0.6800223588943481 0.3064994513988495 0.11200632154941559
v -0.04980786517262459 0.002031024545431137 0.0771646499633789
v -0.041737549006938934 0.0202402975410223 0.08453105390071869
v -0.0444011390209198 0.03252699226140976 0.0712735578417778
v -0.0508914515376091 0.05198109522461891 0.06323446333408356
v -0.06653106957674026 0.07219588756561279 0.05694849044084549
v -0.0750095546245575 0.07310083508491516 0.05158251151442528
v -0.06135359779000282 0.08008818328380585 0.025997433811426163
v -0.07892686128616333 0.07755555957555771 0.03328198567032814
v -0.07872139662504196 0.08065884560346603 0.022510502487421036
v -0.05419691652059555 0.08177976310253143 0.01786975748836994
v -0.0029588118195533752 0.06934436410665512 -0.03291197866201401
v -0.025036782026290894 0.07014238089323044 -0.006722539663314819
v 0.012394033372402191 0.051341038197278976 -0.04604130610823631
v 0.017186680808663368 0.06134998798370361 -0.04609938710927963
v 0.017167089506983757 0.011984465643763542 -0.05654677003622055
v -0.005415107123553753 0.03551814332604408 -0.059428468346595764
v -0.011694975197315216 0.02007126621901989 -0.06619498133659363
v 0.04138531535863876 -0.0004898170009255409 -0.046892788261175156
v 0.02922743931412697 0.07297330349683762 -0.09065309166908264
v 0.02533193677663803 0.09054099023342133 -0.07900701463222504
v 0.028384072706103325 0.12227523326873779 -0.07011929899454117
v 0.030874714255332947 0.1397843211889267 -0.06924144923686981
v 0.036285318434238434 0.1090090349316597 -0.09666624665260315
v 0.042338836938142776 0.12358187884092331 -0.08520785719156265
v 0.0358365960419178 0.07464547455310822 -0.099191814661026
v 0.03255074471235275 0.06946490705013275 -0.09573452174663544
v 0.6934201717376709 0.28361940383911133 0.1258162409067154
v 0.6931668519973755 0.29712504148483276 0.10089091956615448
v 0.7160788774490356 0.34829792380332947 0.14471550285816193
v 0.6881430745124817 0.3093881607055664 0.11562490463256836
v -0.04408044368028641 0.01439229492098093 0.07294140756130219
v -0.06509020179510117 3.4965400118380785e-05 0.0762244388461113
v -0.05370236188173294 0.028877440840005875 0.06680820882320404
v -0.04909151792526245 0.03875700384378433 0.06765053421258926
v -0.06494548916816711 0.06595927476882935 0.06252340972423553
v -0.07979217916727066 0.07022467255592346 0.05630660802125931
v -0.08821853250265121 0.07281075417995453 0.0528748445212841
v -0.0841650515794754 0.07478944957256317 0.04157097637653351
v -0.07533503323793411 0.08341997861862183 0.01171882264316082
v -0.0976925864815712 0.08050879836082458 0.022130170837044716
v -0.0955258309841156 0.08576486259698868 0.004340415354818106
v -0.06989356875419617 0.0842692032456398 -0.0015493473038077354
v -0.024679262191057205 0.07808684557676315 -0.040212102234363556
v -0.03746946156024933 0.07099257409572601 -0.022503364831209183
v 0.024083247408270836 0.04808206856250763 -0.06013872101902962
v -0.004280704539269209 0.07087279111146927 -0.04942728579044342
v -0.002837776206433773 0.007089845836162567 -0.06927167624235153
v 0.023648783564567566 0.003019651398062706 -0.058418869972229004
v 0.02168804407119751 0.03569868952035904 -0.07883360236883163
v -0.002570106415078044 0.023839984089136124 -0.09011703729629517
v 0.02382168173789978 0.08549848943948746 -0.08749131113290787
v 0.02303503081202507 0.11069696396589279 -0.07357144355773926
v 0.042395204305648804 0.12648425996303558 -0.07474301010370255
v 0.03633391857147217 0.1436620056629181 -0.07289665192365646
v 0.040794894099235535 0.12065105140209198 -0.06972049176692963
v 0.027079615741968155 0.10200722515583038 -0.09935508668422699
v 0.03558565303683281 0.1397382616996765 -0.08547656238079071
v 0.03426031023263931 0.13259418308734894 -0.09245520830154419
v 0.023858245462179184 0.08950729668140411 -0.09707764536142349
v 0.6869743466377258 0.301744282245636 0.11966148018836975
v 0.6854434013366699 0.29524827003479004 0.1045384407043457
v 0.6931077837944031 0.3218255341053009 0.09241276979446411
v 0.6974015235900879 0.3162083625793457 0.1118183434009552
v -0.05541224032640457 0.011022995226085186 0.0679849162697792
v -0.08807989954948425 0.003121504560112953 0.08475115895271301
v -0.06807257235050201 0.041538819670677185 0.06843769550323486
v -0.06157457083463669 0.04849725589156151 0.0631859302520752
v -0.0779067873954773 0.0627489686012268 0.06041308864951134
v -0.09052734076976776 0.07063035666942596 0.059319376945495605
v -0.10374687612056732 0.07460831105709076 0.050483305007219315
v -0.09990860521793365 0.0761641263961792 0.035452790558338165
v -0.08993151038885117 0.08635669201612473 -0.005515861790627241
v -0.11807934939861298 0.09052246809005737 -0.006140527315437794
v -0.11803390085697174 0.08711718022823334 0.010980838909745216
v -0.06408747285604477 0.07418960332870483 -0.005343165248632431
v -0.026412099599838257 0.08315248042345047 -0.053351059556007385
v -0.014357265084981918 0.07927578687667847 -0.05703044310212135
v -0.027262307703495026 0.01073121465742588 -0.0837482213973999
v 0.013017876073718071 -0.0038994234055280685 -0.07037939876317978
v 0.013747258111834526 0.04571625217795372 -0.09143989533185959
v 0.0032181013375520706 0.03676294535398483 -0.10461273044347763
v 0.018176309764385223 0.10540531575679779 -0.08795778453350067
v 0.017804153263568878 0.12481751292943954 -0.08036847412586212
v 0.02418104186654091 0.1305699348449707 -0.07122160494327545
v 0.035861141979694366 0.14236652851104736 -0.07919733971357346
v 0.027624888345599174 0.1430218517780304 -0.06840015202760696
v 0.03216582164168358 0.1484222114086151 -0.07060734182596207
v 0.028745457530021667 0.124979168176651 -0.09764610230922699
v 0.03403329849243164 0.15062879025936127 -0.08094590902328491
v 0.03307200223207474 0.14709658920764923 -0.08864045888185501
v 0.02166309580206871 0.11446914076805115 -0.09696201980113983
v 0.7068135142326355 0.3035220801830292 0.10855503380298615
v 0.7030594944953918 0.3037428855895996 0.10759150981903076
v 0.7042118310928345 0.3170391321182251 0.10606203973293304
v 0.7095153331756592 0.3101818263530731 0.10834020376205444
v -0.07877758145332336 0.015566770918667316 0.07686789333820343
v -0.11847121268510818 0.00920648779720068 0.09077329933643341
v -0.08810140937566757 0.04611653834581375 0.07475282996892929
v -0.07893111556768417 0.054646097123622894 0.06677877902984619
v -0.0887976884841919 0.06596609950065613 0.06480289250612259
v -0.11129103600978851 0.07757247984409332 0.059994421899318695
v -0.12528358399868011 0.08309013396501541 0.04130854085087776
v -0.11942145228385925 0.08392486721277237 0.028657976537942886
v -0.11224541068077087 0.09027209132909775 -0.022702636197209358
v -0.14018025994300842 0.09652920067310333 0.0014700684696435928
v -0.13816691935062408 0.09824108332395554 -0.016286255791783333
v -0.08539631217718124 0.08130782842636108 -0.027975741773843765
v -0.05931424722075462 0.08538452535867691 -0.040748532861471176
v 0.013986609876155853 0.05312373861670494 -0.07431209087371826
v -0.045456413179636 0.08757398277521133 -0.051844678819179535
v -0.03250328451395035 0.08698460459709167 -0.057049211114645004
v -0.028423544019460678 0.09637288749217987 -0.06683015823364258
v 0.00837827380746603 0.0649421438574791 -0.05728602409362793
v -0.0047781625762581825 0.07309966534376144 -0.06816723197698593
v -0.012630843557417393 0.00034664198756217957 -0.0805680975317955
v -0.01709866151213646 0.02101074904203415 -0.10319015383720398
v 0.0031813497189432383 0.0421268492937088 -0.1046094298362732
v -0.006408083252608776 0.03172812610864639 -0.11250711232423782
v 0.01811537891626358 0.12878935039043427 -0.09052931517362595
v 0.015925634652376175 0.13812947273254395 -0.0814223513007164
v 0.021343395113945007 0.1366768777370453 -0.0712990015745163
v 0.034078069031238556 0.15072005987167358 -0.0752042680978775
v 0.025422224774956703 0.14602768421173096 -0.06591778993606567
v 0.028872890397906303 0.15127874910831451 -0.0669676885008812
v 0.030007323250174522 0.1434423327445984 -0.09365282952785492
v 0.025137782096862793 0.13669434189796448 -0.09534056484699249
v 0.7271956205368042 0.3208921551704407 0.10866828262805939
v 0.7234362959861755 0.30181699991226196 0.10937292873859406
v 0.7331445217132568 0.3320222496986389 0.09764784574508667
v 0.7271829843521118 0.3042653203010559 0.1066388487815857
v -0.10936105251312256 0.02195614017546177 0.08685958385467529
v -0.13861601054668427 0.006282261107116938 0.09817285090684891
v -0.0705844834446907 0.028025567531585693 0.0733221024274826
v -0.09871183335781097 0.03550492972135544 0.0834701806306839
v -0.11359433829784393 0.05738259106874466 0.08590514212846756
v -0.0992007628083229 0.06293782591819763 0.07316581904888153
v -0.10399698466062546 0.07399706542491913 0.0683826357126236
v -0.13284678757190704 0.08378390222787857 0.0556434728205204
v -0.15243950486183167 0.09628899395465851 0.021469242870807648
v -0.1431143432855606 0.09579737484455109 0.01488557830452919
v -0.1359385997056961 0.09623152762651443 -0.03388182446360588
v -0.16155266761779785 0.10534563660621643 -0.009875327348709106
v -0.15799283981323242 0.10518605262041092 -0.02567233331501484
v -0.11279390007257462 0.08673027902841568 -0.033415473997592926
v -0.10388355702161789 0.0905219167470932 -0.049040038138628006
v 0.005906632635742426 0.05241404101252556 -0.090711809694767
v -0.07378000766038895 0.09138181060552597 -0.05212823674082756
v -0.044203802943229675 0.08921995759010315 -0.05845709145069122
v -0.04475133866071701 0.10250009596347809 -0.06732761114835739
v -0.044886574149131775 0.1158422902226448 -0.07245846837759018
v -0.017132548615336418 0.09136056154966354 -0.07912633568048477
v -0.033730875700712204 0.007072802633047104 -0.09408639371395111
v -0.019257565960288048 0.02449866011738777 -0.11018641293048859
v -0.008344780653715134 0.039671119302511215 -0.1143752932548523
v -0.0154094398021698 0.029114272445440292 -0.11733086407184601
v 0.02292470633983612 0.14391997456550598 -0.08927717804908752
v 0.01941206306219101 0.14320462942123413 -0.07197900116443634
v 0.019339069724082947 0.14324791729450226 -0.07769807428121567
v 0.032077182084321976 0.1549755036830902 -0.07083529978990555
v 0.034044571220874786 0.15608438849449158 -0.07654618471860886
v 0.025223087519407272 0.15307708084583282 -0.06798235327005386
v 0.029544278979301453 0.15664847195148468 -0.0661625936627388
v 0.03355584293603897 0.15534481406211853 -0.08363063633441925
v 0.03070042096078396 0.15228986740112305 -0.08959910273551941
v 0.02754974737763405 0.15066906809806824 -0.09110336005687714
v 0.752896249294281 0.3190450072288513 0.11117562651634216
v 0.7509094476699829 0.3437715768814087 0.09707573056221008
v 0.751886785030365 0.3235675096511841 0.08479762077331543
v 0.7574775815010071 0.28830403089523315 0.10218620300292969
v -0.13613291084766388 0.023621108382940292 0.09702113270759583
v -0.1580779254436493 0.0 0.10642088949680328
v -0.1269470900297165 0.04278462007641792 0.09177402406930923
v -0.14674639701843262 0.0744602382183075 0.09837748110294342
v -0.12357014417648315 0.07339727878570557 0.08269865065813065
v -0.1280001401901245 0.08197475224733353 0.06807348132133484
v -0.156208336353302 0.09107347577810287 0.03624892607331276
v -0.1690901815891266 0.10170625150203705 0.013196608982980251
v -0.16571635007858276 0.10536942631006241 0.0018204505322501063
v -0.1628125011920929 0.09666910767555237 -0.054161641746759415
v -0.154262512922287 0.10156144946813583 -0.038791097700595856
v -0.1836480051279068 0.11007178574800491 -0.02056814543902874
v -0.18010467290878296 0.10744200646877289 -0.03679833561182022
v -0.1366342306137085 0.09228578954935074 -0.051253631711006165
v -0.12456478923559189 0.08884081244468689 -0.0647997111082077
v -0.0033444399014115334 0.057807404547929764 -0.107270747423172
v -0.054567158222198486 0.09650671482086182 -0.061940811574459076
v -0.08776362985372543 0.09435205906629562 -0.06241947412490845
v -0.0543784536421299 0.1180584654211998 -0.07656919956207275
v -0.05577162653207779 0.1169930100440979 -0.07390514761209488
v -0.030797434970736504 0.10925707221031189 -0.07892192900180817
v -0.0051329233683645725 0.07423074543476105 -0.09315857291221619
v -0.031026041135191917 0.014896133914589882 -0.10808978229761124
v -0.023476041853427887 0.023196209222078323 -0.11660542339086533
v -0.025977667421102524 0.023339588195085526 -0.12152016907930374
v -0.02129092440009117 0.036937814205884933 -0.12172691524028778
v 0.019119951874017715 0.15245884656906128 -0.08386636525392532
v 0.021572425961494446 0.15369084477424622 -0.07456274330615997
v 0.02224588394165039 0.1523427665233612 -0.07156180590391159
v 0.03167414665222168 0.15730571746826172 -0.07415502518415451
v 0.028735671192407608 0.15714594721794128 -0.06892099976539612
v 0.028484802693128586 0.16177639365196228 -0.06942795217037201
v 0.03114156424999237 0.16868099570274353 -0.06835713237524033
v 0.029176365584135056 0.159658282995224 -0.08594370633363724
v 0.032021209597587585 0.15893277525901794 -0.0792209804058075
v 0.023663058876991272 0.15392759442329407 -0.0871238261461258
v 0.7683413028717041 0.3322497010231018 0.12402242422103882
v 0.7730724215507507 0.3579690456390381 0.10188421607017517
v 0.765235185623169 0.2797175645828247 0.09500500559806824
v 0.7645479440689087 0.3167986273765564 0.07473829388618469
v -0.15508383512496948 0.019224394112825394 0.10548888891935349
v -0.15786311030387878 0.06560312211513519 0.10390631854534149
v -0.1656075417995453 0.086812824010849 0.10337962210178375
v -0.15051785111427307 0.08521619439125061 0.08542133122682571
v -0.1571350395679474 0.08811194449663162 0.060816098004579544
v -0.1779569536447525 0.09293273091316223 0.017698779702186584
v -0.17886455357074738 0.1010880172252655 -0.05372043699026108
v -0.15732364356517792 0.08529800176620483 -0.053205519914627075
v -0.18185611069202423 0.10872136056423187 -0.0066796597093343735
v -0.20503944158554077 0.09830409288406372 -0.05945482850074768
v -0.20297424495220184 0.10710306465625763 -0.04501017555594444
v -0.13055959343910217 0.08287567645311356 -0.04792514443397522
v -0.11330269277095795 0.08004830777645111 -0.05274145305156708
v -0.014130613766610622 0.06092458590865135 -0.11802100390195847
v -0.062149129807949066 0.09680700302124023 -0.06925681978464127
v -0.05638459324836731 0.10618986189365387 -0.07582013309001923
v -0.043206050992012024 0.1082717776298523 -0.07221578061580658
v -0.03960046544671059 0.11701726913452148 -0.0814845934510231
v -0.04968540742993355 0.005219487473368645 -0.10784430801868439
v -0.04612639546394348 0.015125401318073273 -0.11592211574316025
v -0.03297838568687439 0.018340758979320526 -0.12627463042736053
v -0.03284584730863571 0.03245673328638077 -0.12366770207881927
v -0.03481706976890564 0.04803791642189026 -0.12662462890148163
v 0.02096279338002205 0.1584559679031372 -0.07920315116643906
v 0.0239543654024601 0.1600375920534134 -0.07015202194452286
v 0.022154584527015686 0.16321109235286713 -0.07539408653974533
v 0.029882637783885002 0.1618291139602661 -0.07989423722028732
v 0.026860183104872704 0.16308097541332245 -0.06897175312042236
v 0.028043394908308983 0.1628597378730774 -0.0742734894156456
v 0.027710186317563057 0.16045844554901123 -0.06839045882225037
v 0.032484397292137146 0.17318271100521088 -0.0711996778845787
v 0.03297427296638489 0.1709255576133728 -0.0696757361292839
v 0.026453645899891853 0.16262343525886536 -0.08235261589288712
v 0.02110789716243744 0.15953713655471802 -0.08231253921985626
v 0.7763447761535645 0.3751654028892517 0.16724860668182373
v 0.764988899230957 0.3706985116004944 0.11966177821159363
v 0.7552380561828613 0.33067744970321655 0.06681543588638306
v 0.7617489695549011 0.3190566599369049 0.1148577332496643
v -0.1759166419506073 0.02089867554605007 0.09834834188222885
v -0.16302186250686646 0.04441205412149429 0.10724496841430664
v -0.17080919444561005 0.084541454911232 0.1050601601600647
v -0.1809837371110916 0.08374235033988953 0.09250880777835846
v -0.16640400886535645 0.08841827511787415 0.08335483074188232
v -0.18223820626735687 0.08575189858675003 0.03319711983203888
v -0.19511465728282928 0.08575206249952316 0.010019342415034771
v -0.19256709516048431 0.09831800311803818 -0.0029688377398997545
v -0.1985846906900406 0.10746930539608002 -0.023654570803046227
v -0.1675756871700287 0.08097758889198303 -0.05031115561723709
v -0.13860641419887543 0.07069708406925201 -0.04104544222354889
v -0.1273520588874817 0.0717083066701889 -0.04010825604200363
v -0.1036069393157959 0.07182382792234421 -0.03485701605677605
v -0.03213389590382576 0.0659329742193222 -0.12151912599802017
v -0.01317247748374939 0.08020244538784027 -0.10588794201612473
v -0.054093796759843826 0.10958759486675262 -0.09511646628379822
v -0.10872698575258255 0.08047756552696228 -0.07753879576921463
v -0.029320454224944115 0.10363654792308807 -0.09557617455720901
v -0.020101439207792282 0.09853480756282806 -0.09115684777498245
v -0.06211920827627182 0.11662812530994415 -0.07865776121616364
v -0.04553139954805374 0.11578784137964249 -0.08122289180755615
v -0.047801464796066284 0.11079393327236176 -0.06974991410970688
v -0.054473452270030975 0.11179444938898087 -0.07785414904356003
v -0.06925562024116516 0.003958495333790779 -0.12261990457773209
v -0.05199844390153885 0.010941216722130775 -0.1307484358549118
v -0.045067574828863144 0.018185220658779144 -0.12953178584575653
v -0.039061177521944046 0.024539323523640633 -0.12422162294387817
v -0.04132165014743805 0.03793817013502121 -0.12600532174110413
v -0.04644521325826645 0.04737198352813721 -0.12548045814037323
v 0.02134164422750473 0.16718287765979767 -0.07678498327732086
v 0.023986898362636566 0.17167247831821442 -0.07441320270299911
v 0.025960318744182587 0.1691032350063324 -0.07204785197973251
v 0.02489009127020836 0.162349671125412 -0.07961297780275345
v 0.02551158517599106 0.16720688343048096 -0.07307544350624084
v 0.02769193798303604 0.17156550288200378 -0.07137566059827805
v 0.030380792915821075 0.16738736629486084 -0.0689132884144783
v 0.032884664833545685 0.17629113793373108 -0.0697551891207695
v 0.032659731805324554 0.177636057138443 -0.07001852989196777
v 0.02150730788707733 0.16441449522972107 -0.08087298274040222
v 0.019285105168819427 0.16816233098506927 -0.07943323254585266
v 0.7639726400375366 0.3733616769313812 0.12231633067131042
v 0.7759525179862976 0.3672328591346741 0.12925222516059875
v 0.7722702026367188 0.3468388617038727 0.10045599937438965
v 0.7760804891586304 0.3404635787010193 0.12320345640182495
v -0.18641549348831177 0.019126906991004944 0.0651918277144432
v -0.17996880412101746 0.05049198120832443 0.10061658173799515
v -0.1736076921224594 0.06917623430490494 0.10773281753063202
v -0.1844998598098755 0.08136214315891266 0.10378463566303253
v -0.17679938673973083 0.08564923703670502 0.11578570306301117
v -0.18482832610607147 0.07452663779258728 0.11632592976093292
v -0.18830254673957825 0.06861424446105957 0.06307249516248703
v -0.17807547748088837 0.08133561909198761 0.061551760882139206
v -0.20535072684288025 0.06789569556713104 0.0025013447739183903
v -0.20936931669712067 0.07547470182180405 -0.009602251462638378
v -0.2135835886001587 0.08974818140268326 -0.029528319835662842
v -0.21672658622264862 0.09832554310560226 -0.045452650636434555
v -0.22416695952415466 0.09434129297733307 -0.0626646876335144
v -0.14290186762809753 0.06838768720626831 -0.03714475780725479
v -0.17359411716461182 0.0725570097565651 -0.054444365203380585
v -0.12623687088489532 0.06059996038675308 -0.03905560076236725
v -0.11337596923112869 0.06314004212617874 -0.029066072776913643
v -0.10075271874666214 0.0592263862490654 -0.02312164008617401
v -0.08779019862413406 0.06559696793556213 -0.03444616496562958
v -0.09434773027896881 0.07198967784643173 -0.05873999744653702
v -0.1255507469177246 0.07709119468927383 -0.0742848739027977
v -0.025371791794896126 0.08329153060913086 -0.11098650842905045
v -0.048773445188999176 0.06239665299654007 -0.12347723543643951
v -0.08289821445941925 0.08212665468454361 -0.07835301756858826
v -0.06108129769563675 0.08645931631326675 -0.10107003152370453
v -0.039337385445833206 0.10910516232252121 -0.08053595572710037
v -0.07074294984340668 0.07823076099157333 -0.09099215269088745
v -0.11648230254650116 0.07621455937623978 -0.07792484015226364
v -0.03919597342610359 0.1008162796497345 -0.09756676107645035
v -0.047171808779239655 0.11390189826488495 -0.0672750473022461
v -0.043291330337524414 0.10659454762935638 -0.08446047455072403
v -0.05411341413855553 0.10887232422828674 -0.07178138941526413
v -0.043696433305740356 0.10881248861551285 -0.07513520866632462
v -0.039469268172979355 0.11330574750900269 -0.07816264033317566
v -0.07356901466846466 0.003210987662896514 -0.13285687565803528
v -0.05646585673093796 0.014355592429637909 -0.1361449956893921
v -0.053547799587249756 0.02999354898929596 -0.12371373921632767
v -0.0598941408097744 0.022705137729644775 -0.1280268430709839
v -0.049687474966049194 0.03960023820400238 -0.12402644753456116
v -0.0567367859184742 0.056566499173641205 -0.1241375282406807
v 0.019308745861053467 0.17097236216068268 -0.07607929408550262
v 0.02430022321641445 0.1847420036792755 -0.07299768179655075
v 0.024690931662917137 0.18081700801849365 -0.07168126106262207
v 0.023671168833971024 0.16833558678627014 -0.07848484814167023
v 0.025361699983477592 0.17486633360385895 -0.07118543982505798
v 0.029841940850019455 0.17631039023399353 -0.0719931349158287
v 0.028408857062458992 0.17640405893325806 -0.07064016908407211
v 0.023997187614440918 0.18328969180583954 -0.06548824906349182
v 0.02579614892601967 0.18163444101810455 -0.06696738302707672
v 0.020583923906087875 0.16969050467014313 -0.07989247143268585
v 0.01811389997601509 0.17096583545207977 -0.07914872467517853
v 0.7970474362373352 0.3679713308811188 0.11943349242210388
v 0.7840541005134583 0.38954469561576843 0.12844020128250122
v 0.8017616271972656 0.34975698590278625 0.12031152844429016
v 0.7709500789642334 0.35325050354003906 0.11165431141853333
v -0.1687500774860382 0.013139059767127037 0.04791182279586792
v -0.18836456537246704 0.04860340431332588 0.08695894479751587
v -0.18808726966381073 0.06657782942056656 0.10110307484865189
v -0.1890922635793686 0.06226032227277756 0.08261682093143463
v -0.1878417432308197 0.06003279983997345 0.04601776599884033
v -0.19538484513759613 0.06526601314544678 0.027599867433309555
v -0.20528221130371094 0.06048166751861572 -0.004430687520653009
v -0.20839861035346985 0.047897182404994965 -0.0028993962332606316
v -0.23060008883476257 0.0779142677783966 -0.049801670014858246
v -0.2353190928697586 0.08075223118066788 -0.0622757151722908
v -0.14604893326759338 0.0630999505519867 -0.04918533191084862
v -0.13150838017463684 0.061974700540304184 -0.04117304086685181
v -0.12051446735858917 0.062069121748209 -0.039567980915308
v -0.10698656737804413 0.059559114277362823 -0.033641595393419266
v -0.09807680547237396 0.058855101466178894 -0.031390681862831116
v -0.09052903950214386 0.05513031408190727 -0.02768227458000183
v -0.09576268494129181 0.06310001760721207 -0.05079368129372597
v -0.09808459132909775 0.07380348443984985 -0.06577662378549576
v -0.11203593760728836 0.07263734936714172 -0.07274164259433746
v -0.06125948578119278 0.07314206659793854 -0.11766798049211502
v -0.060659173876047134 0.08561702072620392 -0.10894917696714401
v -0.04792865365743637 0.10008276998996735 -0.08764877170324326
v -0.03428778424859047 0.10276609659194946 -0.07928466796875
v -0.06413762271404266 0.07604039460420609 -0.10625731945037842
v -0.09278657287359238 0.07412293553352356 -0.08477800339460373
v -0.07791776955127716 0.06396690756082535 -0.09208602458238602
v -0.10687054693698883 0.07222830504179001 -0.08214490860700607
v -0.09963205456733704 0.07390002906322479 -0.08623866736888885
v -0.04742037132382393 0.09500382095575333 -0.0970357358455658
v -0.04103900119662285 0.07935108244419098 -0.11220545321702957
v -0.04286998510360718 0.10102260112762451 -0.07114747166633606
v -0.035524845123291016 0.10568207502365112 -0.07022271305322647
v -0.0448395237326622 0.10325907915830612 -0.08145171403884888
v -0.04661712422966957 0.10226115584373474 -0.07899850606918335
v -0.04270525276660919 0.10825420171022415 -0.07036347687244415
v -0.04309731721878052 0.10338976979255676 -0.08242282271385193
v -0.07848337292671204 0.008664279244840145 -0.1273036152124405
v -0.07035165280103683 0.01641130819916725 -0.1306871473789215
v -0.06939509510993958 0.028502268716692924 -0.12697571516036987
v -0.06888678669929504 0.03665818274021149 -0.12169972062110901
v -0.0659661591053009 0.05080727860331535 -0.11768392473459244
v -0.06369402259588242 0.07050402462482452 -0.11753323674201965
v 0.01981976255774498 0.1772741973400116 -0.07522866874933243
v 0.027158988639712334 0.19238406419754028 -0.07210742682218552
v 0.023361776024103165 0.19478756189346313 -0.07089921087026596
v 0.024133047088980675 0.175132155418396 -0.07270970195531845
v 0.022219309583306313 0.18278761208057404 -0.0669882521033287
v 0.025623561814427376 0.18040578067302704 -0.06588225811719894
v 0.019608836621046066 0.1882839798927307 -0.06689823418855667
v 0.011978168040513992 0.19080331921577454 -0.06354492157697678
v 0.019586943089962006 0.19093722105026245 -0.06176973879337311
v 0.020629871636629105 0.1732625663280487 -0.07644367218017578
v 0.018975157290697098 0.17374452948570251 -0.07765690982341766
v 0.8160995841026306 0.37761637568473816 0.118771493434906
v 0.8147252798080444 0.35875576734542847 0.12286946177482605
v 0.8087363243103027 0.3565056324005127 0.11185196042060852
v 0.806577742099762 0.36139246821403503 0.10513654351234436
v -0.14712315797805786 -0.005928860977292061 0.05180474743247032
v -0.19036418199539185 0.06676893681287766 0.10082077980041504
v -0.1900101751089096 0.08428769558668137 0.11090631783008575
v -0.20818433165550232 0.09606902301311493 0.13836577534675598
v -0.19079920649528503 0.04740007594227791 0.04771445319056511
v -0.18875324726104736 0.09325951337814331 0.14014138281345367
v -0.1930987387895584 0.039494432508945465 0.01829518750309944
v -0.19817790389060974 0.046544890850782394 -0.0039015873335301876
v -0.17872478067874908 0.050930820405483246 0.01329257246106863
v -0.22140218317508698 0.06575757265090942 -0.032005082815885544
v -0.20279282331466675 0.07260221242904663 -0.0680881142616272
v -0.1393081247806549 0.06048133224248886 -0.05021386593580246
v -0.12858077883720398 0.06158529222011566 -0.043306343257427216
v -0.09860058128833771 0.06288459151983261 -0.04248812422156334
v -0.1098216325044632 0.0640547126531601 -0.04112667962908745
v -0.09093526005744934 0.05367220193147659 -0.024577980861067772
v -0.08887701481580734 0.0501757487654686 -0.037936531007289886
v -0.1046767309308052 0.054427340626716614 -0.06949417293071747
v -0.1073869839310646 0.0709022805094719 -0.07695519924163818
v -0.09901148080825806 0.075140580534935 -0.07857400923967361
v -0.053132593631744385 0.07980846613645554 -0.1101183369755745
v -0.057998981326818466 0.0832454264163971 -0.10332261770963669
v -0.061863768845796585 0.07647420465946198 -0.11077052354812622
v -0.06896370649337769 0.0700654685497284 -0.10360606759786606
v -0.10592088103294373 0.07134365290403366 -0.0935024619102478
v -0.09155547618865967 0.06488001346588135 -0.09325671941041946
v -0.044222332537174225 0.09374631196260452 -0.08063353598117828
v -0.0368313305079937 0.0989934578537941 -0.0732867494225502
v -0.043996527791023254 0.09796392917633057 -0.08825437724590302
v -0.04487871378660202 0.10689336806535721 -0.07087039947509766
v -0.05089622735977173 0.1101260855793953 -0.061281491070985794
v -0.042901840060949326 0.10286975651979446 -0.075062595307827
v -0.09100453555583954 0.005378249101340771 -0.11839386820793152
v -0.07461000233888626 0.02209271490573883 -0.12748858332633972
v -0.08133199065923691 0.03780674189329147 -0.12085462361574173
v -0.07905407249927521 0.03197731450200081 -0.12498863786458969
v -0.07930033653974533 0.06256980448961258 -0.10730820149183273
v -0.09228520095348358 0.04985583946108818 -0.11269927769899368
v 0.021834373474121094 0.18594253063201904 -0.07295370101928711
v 0.018419962376356125 0.2047978788614273 -0.06507238745689392
v 0.027237091213464737 0.20245961844921112 -0.07041675597429276
v 0.023128295317292213 0.18493136763572693 -0.06409136205911636
v 0.02342245914041996 0.19361771643161774 -0.060456909239292145
v 0.02440253086388111 0.19256411492824554 -0.05919274315237999
v 0.014037016779184341 0.20190072059631348 -0.06229270249605179
v 0.015454508364200592 0.199854776263237 -0.06001821905374527
v 0.024914411827921867 0.19882707297801971 -0.05590275302529335
v 0.02147582173347473 0.1831064224243164 -0.07349274307489395
v 0.01961633935570717 0.1778900921344757 -0.07549218088388443
v 0.8219048976898193 0.3578232526779175 0.12644445896148682
v 0.8272502422332764 0.3332289159297943 0.12168893218040466
v 0.8163190484046936 0.37191566824913025 0.09627607464790344
v 0.8163550496101379 0.35495689511299133 0.08710020780563354
v -0.16242046654224396 -0.006444787606596947 0.040864232927560806
v -0.14892418682575226 0.006141552701592445 0.04542093724012375
v -0.18586823344230652 0.035055022686719894 0.06351187080144882
v -0.1995864361524582 0.13816437125205994 0.16514712572097778
v -0.20924697816371918 0.027878981083631516 -0.010216203518211842
v -0.14839808642864227 0.026673955842852592 0.038898274302482605
v -0.17931658029556274 0.04540732875466347 0.005332116968929768
v -0.23443885147571564 0.04992777109146118 -0.04733193665742874
v -0.2433713674545288 0.05567796528339386 -0.062083516269922256
v -0.16124360263347626 0.0581185445189476 -0.054691851139068604
v -0.13293805718421936 0.06709983944892883 -0.04713955894112587
v -0.14529630541801453 0.06262671202421188 -0.05304717272520065
v -0.15357153117656708 0.05524778366088867 -0.05940712243318558
v -0.11928468197584152 0.0666150227189064 -0.04402714967727661
v -0.10470208525657654 0.0741737112402916 -0.05043778568506241
v -0.09083756804466248 0.0717998594045639 -0.05692187696695328
v -0.0869809240102768 0.06033859774470329 -0.04500533267855644
v -0.08652334660291672 0.055039599537849426 -0.033929772675037384
v -0.09415481239557266 0.04350649565458298 -0.04538605734705925
v -0.10565191507339478 0.043520212173461914 -0.09312304854393005
v -0.11490703374147415 0.06422930210828781 -0.09258411824703217
v -0.10337413102388382 0.07096077501773834 -0.08315671980381012
v -0.10769407451152802 0.07069216668605804 -0.09070893377065659
v -0.1003558486700058 0.06253395974636078 -0.10032288730144501
v -0.10696147382259369 0.06369350105524063 -0.09549353271722794
v -0.04592563211917877 0.09523406624794006 -0.09193137288093567
v -0.05191021412611008 0.10113454610109329 -0.07690869271755219
v -0.0433884933590889 0.09987707436084747 -0.086546391248703
v -0.043730154633522034 0.09462203830480576 -0.0955645814538002
v -0.050407424569129944 0.10860500484704971 -0.06681019812822342
v -0.052771080285310745 0.10786671191453934 -0.07900401949882507
v -0.058277569711208344 0.12446429580450058 -0.05842997133731842
v -0.05082122981548309 0.10303105413913727 -0.07878897339105606
v -0.05545523762702942 0.11654390394687653 -0.06304211169481277
v -0.09493522346019745 0.017559198662638664 -0.11939989775419235
v -0.10912838578224182 0.008687118999660015 -0.11185212433338165
v -0.09425996243953705 0.03568689525127411 -0.11336252838373184
v 0.026363665238022804 0.1973777711391449 -0.07083576172590256
v 0.015034623444080353 0.20832976698875427 -0.06302054226398468
v 0.020645976066589355 0.21190962195396423 -0.06450104713439941
v 0.02483976259827614 0.1947070211172104 -0.05948371812701225
v 0.02583652175962925 0.20014041662216187 -0.05553392693400383
v 0.026956645771861076 0.1982736438512802 -0.055202532559633255
v 0.013659391552209854 0.20518483221530914 -0.060402922332286835
v 0.02097184956073761 0.20436017215251923 -0.05297275632619858
v 0.025340724736452103 0.20456725358963013 -0.051649246364831924
v 0.022932687774300575 0.19391196966171265 -0.06304215639829636
v 0.02290647104382515 0.19171594083309174 -0.07245947420597076
v 0.8264061212539673 0.37684816122055054 0.10958322882652283
v 0.8038678169250488 0.27668774127960205 0.07110288739204407
v 0.8178305625915527 0.3412846028804779 0.14285942912101746
v 0.8211313486099243 0.3255343735218048 0.06502610445022583
v 0.8241549730300903 0.34561029076576233 0.10111001133918762
v 0.8176327347755432 0.3717799186706543 0.06277644634246826
v -0.16908743977546692 0.0004206984303891659 0.03828823193907738
v -0.16249319911003113 0.012668386101722717 0.03284197300672531
v -0.16035984456539154 0.018026653677225113 0.03121863305568695
v -0.1515428125858307 0.030469410121440887 0.034976549446582794
v -0.15793593227863312 0.03057360090315342 0.021260660141706467
v -0.24510842561721802 0.028947070240974426 -0.055529508739709854
v -0.19394947588443756 0.029306355863809586 -0.0167669877409935
v -0.20949046313762665 0.04835743084549904 -0.06540671736001968
v -0.1776142716407776 0.043744347989559174 -0.06678374111652374
v -0.15622437000274658 0.058339860290288925 -0.05723349750041962
v -0.1493179053068161 0.0729476809501648 -0.05238544940948486
v -0.13270632922649384 0.08068051934242249 -0.050931673496961594
v -0.1592186838388443 0.04851837456226349 -0.06479498744010925
v -0.12049317359924316 0.07545721530914307 -0.048628322780132294
v -0.09198008477687836 0.0889403223991394 -0.07875645160675049
v -0.0796138122677803 0.07320551574230194 -0.06798368692398071
v -0.08945947140455246 0.050919532775878906 -0.028595993295311928
v -0.0774562656879425 0.06241626292467117 -0.05927268788218498
v -0.07541696727275848 0.05263037607073784 -0.05117158591747284
v -0.08692637085914612 0.05087018013000488 -0.03048563562333584
v -0.08168037235736847 0.04663780331611633 -0.026600506156682968
v -0.0761275514960289 0.0425163209438324 -0.026311660185456276
v -0.09739550948143005 0.03138813376426697 -0.05889682099223137
v -0.04773057624697685 0.09826888889074326 -0.10023535788059235
v -0.05422447621822357 0.0975237712264061 -0.09108491241931915
v -0.04503361135721207 0.09686481952667236 -0.09629885852336884
v -0.044768866151571274 0.09861460328102112 -0.10378238558769226
v -0.05502773076295853 0.11474206298589706 -0.08205106854438782
v -0.04381389170885086 0.13387960195541382 -0.08113569021224976
v -0.053622618317604065 0.10532678663730621 -0.08513721823692322
v -0.04172643646597862 0.13431765139102936 -0.06639936566352844
v -0.13039080798625946 0.024181479588150978 -0.09811680763959885
v 0.025075819343328476 0.20940689742565155 -0.06567205488681793
v 0.01358860731124878 0.20894846320152283 -0.058666057884693146
v 0.015672162175178528 0.21322716772556305 -0.06186642125248909
v 0.026303468272089958 0.20144568383693695 -0.05731985345482826
v 0.028685899451375008 0.20801572501659393 -0.05388703569769859
v 0.027426330372691154 0.2035740166902542 -0.05218194052577019
v 0.01556209847331047 0.20542506873607635 -0.05655665323138237
v 0.02367897890508175 0.20804163813591003 -0.05002320930361748
v 0.024727599695324898 0.20895597338676453 -0.04941369593143463
v 0.02725907228887081 0.20267429947853088 -0.06210624426603317
v 0.02696378529071808 0.20484164357185364 -0.06554140150547028
v 0.7848939299583435 0.3843511939048767 0.08589842915534973
v 0.7808572053909302 0.31776487827301025 0.022557348012924194
v 0.7688708901405334 0.3158634305000305 0.09657430648803711
v 0.795340895652771 0.2951918840408325 0.10453662276268005
v 0.7732275724411011 0.3613782525062561 0.04703831672668457
v -0.17912495136260986 -0.007877958938479424 0.05273251235485077
v -0.18391302227973938 -0.0006546652875840664 0.050112102180719376
v -0.17319688200950623 0.008827617391943932 0.028293956071138382
v -0.16677077114582062 0.006809123791754246 0.032022275030612946
v -0.15874825417995453 0.02331625297665596 0.025057751685380936
v -0.16092367470264435 0.01914331689476967 0.016913505271077156
v -0.1637449562549591 0.015112662687897682 0.0035736013669520617
v -0.2534944713115692 0.024314267560839653 -0.06589306890964508
v -0.2515698969364166 0.0410131961107254 -0.06342243403196335
v -0.21644777059555054 0.02940043807029724 -0.0699896514415741
v -0.16200362145900726 0.06909899413585663 -0.06176426634192467
v -0.15831878781318665 0.05108051002025604 -0.06357089430093765
v -0.16099447011947632 0.07955056428909302 -0.061466656625270844
v -0.14617851376533508 0.09126456081867218 -0.06056449934840202
v -0.17111295461654663 0.03256414085626602 -0.07110652327537537
v -0.15808486938476562 0.03993600979447365 -0.06937876343727112
v -0.1189567968249321 0.09288584440946579 -0.06408581137657166
v -0.09610915184020996 0.09321321547031403 -0.10515981167554855
v -0.07723704725503922 0.07811535894870758 -0.09398027509450912
v -0.07529419660568237 0.04899831861257553 -0.039825521409511566
v -0.0753849595785141 0.04714152216911316 -0.03012711927294731
v -0.06819252669811249 0.03537551686167717 -0.03140469640493393
v -0.07767049968242645 0.03205089271068573 -0.034481145441532135
v -0.09421878308057785 0.02238384447991848 -0.046991415321826935
v -0.11076121032238007 0.016209129244089127 -0.06713144481182098
v -0.052699826657772064 0.10642994940280914 -0.09391610324382782
v -0.0435820110142231 0.11209958791732788 -0.1015271320939064
v -0.04204738140106201 0.09197546541690826 -0.10366566479206085
v -0.035999614745378494 0.11498919129371643 -0.10433878004550934
v -0.05095967650413513 0.13145600259304047 -0.07653731107711792
v -0.04352370649576187 0.14740875363349915 -0.06747051328420639
v -0.04611389338970184 0.15597331523895264 -0.0632471889257431
v -0.04099682718515396 0.1397928148508072 -0.06713318824768066
v 0.022556697949767113 0.21510525047779083 -0.06360385566949844
v 0.01608962193131447 0.2172776311635971 -0.0563601478934288
v 0.017165768891572952 0.21251508593559265 -0.05358171463012695
v 0.028953157365322113 0.2096506655216217 -0.056737784296274185
v 0.029413891956210136 0.21476346254348755 -0.05272209271788597
v 0.02780815400183201 0.211733877658844 -0.05086242035031319
v 0.02103988640010357 0.21064016222953796 -0.05004853755235672
v 0.02278597466647625 0.21089592576026917 -0.04869941249489784
v 0.0242981668561697 0.21432873606681824 -0.04914849251508713
v 0.029750511050224304 0.21132849156856537 -0.06084664911031723
v 0.02652905322611332 0.21471992135047913 -0.0638720691204071
v 0.7537527680397034 0.34112340211868286 0.0756227970123291
v 0.7765498161315918 0.2849620580673218 0.06260749697685242
v 0.7518256306648254 0.33895930647850037 0.0427415668964386
v 0.8137012124061584 0.31437405943870544 0.0997103750705719
v 0.742197573184967 0.3309708833694458 0.05379930138587952
v -0.1995445191860199 -0.004708434455096722 0.08071926981210709
v -0.18095867335796356 0.004117646254599094 0.036680757999420166
v -0.19911536574363708 0.004622926004230976 0.053971558809280396
v -0.1778494417667389 0.009227225556969643 0.02092810720205307
v -0.19172552227973938 0.007692835759371519 0.03267987072467804
v -0.1614135503768921 0.008947727270424366 0.007015221752226353
v -0.17128783464431763 0.010284462943673134 0.013862710446119308
v -0.2345755398273468 0.011516962200403214 -0.07010342180728912
v -0.1978158801794052 0.030062608420848846 -0.07720926403999329
v -0.1620546579360962 0.059111088514328 -0.06563509255647659
v -0.16432787477970123 0.07452486455440521 -0.06477462500333786
v -0.15612782537937164 0.042796045541763306 -0.06979523599147797
v -0.1666579246520996 0.08023250848054886 -0.06714993715286255
v -0.16103312373161316 0.08548164367675781 -0.06708796322345734
v -0.1534276306629181 0.02994660474359989 -0.0703423023223877
v -0.15909697115421295 0.02348955348134041 -0.06949519366025925
v -0.13386674225330353 0.10331001877784729 -0.07763289660215378
v -0.11069102585315704 0.09779319167137146 -0.08677707612514496
v -0.10345084965229034 0.07770936191082001 -0.12186636030673981
v -0.08075156807899475 0.07242957502603531 -0.11450709402561188
v -0.07128921896219254 0.063875213265419 -0.07391095906496048
v -0.11970376968383789 0.10100813955068588 -0.09624837338924408
v -0.06702101230621338 0.04471384733915329 -0.053902871906757355
v -0.0640331506729126 0.051063425838947296 -0.07294917106628418
v -0.06429588794708252 0.028596118092536926 -0.039643608033657074
v -0.06500858813524246 0.039783775806427 -0.04328620433807373
v -0.07169333100318909 0.025229929015040398 -0.03122651018202305
v -0.10070294886827469 0.01413756050169468 -0.049224622547626495
v -0.12077908962965012 0.011618716642260551 -0.05941763520240784
v -0.049118153750896454 0.1210944727063179 -0.09056952595710754
v -0.04170006886124611 0.1369502693414688 -0.09529787302017212
v -0.027811232954263687 0.12537069618701935 -0.09478579461574554
v -0.03006869927048683 0.1252429336309433 -0.078656405210495
v -0.04959522932767868 0.14955633878707886 -0.06885601580142975
v -0.051371291279792786 0.1663760542869568 -0.05902165547013283
v -0.05283249169588089 0.17974185943603516 -0.046816304326057434
v -0.04648904502391815 0.17103496193885803 -0.04655985161662102
v 0.018502626568078995 0.220815971493721 -0.058250945061445236
v 0.01923077180981636 0.21873502433300018 -0.049912963062524796
v 0.02183285355567932 0.21498534083366394 -0.04779178649187088
v 0.029729850590229034 0.21629518270492554 -0.056223586201667786
v 0.026652252301573753 0.218878373503685 -0.05058182030916214
v 0.0259266160428524 0.21981698274612427 -0.051759183406829834
v 0.023249108344316483 0.21054868400096893 -0.04833158105611801
v 0.021572379395365715 0.2192051112651825 -0.04682966694235802
v 0.021555529907345772 0.2177845984697342 -0.04616479575634003
v 0.02884918823838234 0.21906015276908875 -0.058146871626377106
v 0.025155579671263695 0.2214289754629135 -0.059970688074827194
v 0.8001648783683777 0.326906681060791 0.07376262545585632
v 0.8033804893493652 0.2862212657928467 0.10152235627174377
v 0.9283473491668701 0.2991551160812378 0.10661762952804565
v 0.8845030069351196 0.34306037425994873 0.09978258609771729
v 0.7851280570030212 0.307422012090683 0.07428300380706787
v -0.22871758043766022 -0.004308180883526802 0.06659466028213501
v -0.2083655297756195 -0.01795351505279541 0.10908021032810211
v -0.2185439020395279 0.007489435840398073 0.04337447136640549
v -0.20204848051071167 0.0065749590285122395 0.027422020211815834
v -0.1678697019815445 0.005656881257891655 0.006392670329660177
v -0.19529537856578827 0.005739141255617142 0.015779178589582443
v -0.18508970737457275 0.01885618083178997 -0.07661149650812149
v -0.15879054367542267 0.04917566478252411 -0.06876092404127121
v -0.1631726175546646 0.0673336386680603 -0.06728559732437134
v -0.16526994109153748 0.07522453367710114 -0.07050482928752899
v -0.15306973457336426 0.036622632294893265 -0.0771491676568985
v -0.17246578633785248 0.09302893280982971 -0.07555893063545227
v -0.1678050309419632 0.0750400722026825 -0.07724711298942566
v -0.1555330455303192 0.09417760372161865 -0.06940144300460815
v -0.14746758341789246 0.022024475038051605 -0.07064788788557053
v -0.1470901519060135 0.030120093375444412 -0.0764131173491478
v -0.12236999720335007 0.09336535632610321 -0.11088212579488754
v -0.11195917427539825 0.06558974087238312 -0.12596693634986877
v -0.09349243342876434 0.05985502898693085 -0.12495646625757217
v -0.06907714903354645 0.06256143748760223 -0.09613778442144394
v -0.06405864655971527 0.045992136001586914 -0.09242019057273865
v -0.060012973845005035 0.03884487599134445 -0.06466489285230637
v -0.07622519135475159 0.01647603139281273 -0.04285373166203499
v -0.06654170155525208 0.02252921462059021 -0.04849763214588165
v -0.061416059732437134 0.030494973063468933 -0.05160209536552429
v -0.12468612194061279 0.008897765539586544 -0.061984725296497345
v -0.13914410769939423 0.006295083090662956 -0.06313784420490265
v -0.050611939281225204 0.14811934530735016 -0.08161917328834534
v -0.03070659562945366 0.15181073546409607 -0.09095267951488495
v -0.030365826562047005 0.1694355309009552 -0.046716511249542236
v -0.021437473595142365 0.16962838172912598 -0.07059250771999359
v -0.053868040442466736 0.17303475737571716 -0.06680795550346375
v -0.05738498270511627 0.19176343083381653 -0.048662543296813965
v -0.052766747772693634 0.19252857565879822 -0.030033882707357407
v -0.06025531888008118 0.20315788686275482 -0.03167009353637695
v 0.018441149964928627 0.22194449603557587 -0.05234408378601074
v 0.020708242431282997 0.21812458336353302 -0.04304419830441475
v 0.022252840921282768 0.215168297290802 -0.04379504173994064
v 0.02564699947834015 0.22204521298408508 -0.05391799286007881
v 0.021334262564778328 0.2223607897758484 -0.04745013266801834
v 0.02077723853290081 0.22490859031677246 -0.04933078587055206
v 0.02374248579144478 0.21148408949375153 -0.04379235953092575
v 0.01843028888106346 0.22392530739307404 -0.04179265350103378
v 0.02074369788169861 0.22793282568454742 -0.0370279997587204
v 0.02524043433368206 0.22530914843082428 -0.05444849655032158
v 0.02077380008995533 0.2268010675907135 -0.05429152399301529
v 0.8778495788574219 0.282596230506897 0.13903644680976868
v 0.9308177828788757 0.3038202226161957 0.10149571299552917
v 0.9476709365844727 0.3001837134361267 0.12188911437988281
v 0.8433473706245422 0.29301726818084717 0.09969514608383179
v -0.21725121140480042 -0.038217928260564804 0.1246933564543724
v -0.23733876645565033 -0.01277752686291933 0.10978610813617706
v -0.23126383125782013 -0.007704658433794975 0.08860117197036743
v -0.21971844136714935 0.006586805917322636 0.028729327023029327
v -0.18445120751857758 0.00563837680965662 0.008261029608547688
v -0.2204260230064392 0.006884721573442221 -0.07157695293426514
v -0.2179405689239502 0.020670603960752487 -0.07673265039920807
v -0.1607251614332199 0.014987842179834843 -0.06733334064483643
v -0.15445540845394135 0.04200005531311035 -0.0786045640707016
v -0.16346091032028198 0.05924428999423981 -0.07674229145050049
v -0.16670319437980652 0.0834999606013298 -0.08002092689275742
v -0.14486965537071228 0.0332988016307354 -0.08396683633327484
v -0.17371352016925812 0.09736941009759903 -0.08498814702033997
v -0.1719328612089157 0.0848810151219368 -0.08156737685203552
v -0.16741308569908142 0.08446042239665985 -0.08017881214618683
v -0.1597263365983963 0.09815976023674011 -0.07802551239728928
v -0.14182056486606598 0.10060606151819229 -0.0936683639883995
v -0.13302934169769287 0.01847747713327408 -0.07115858793258667
v -0.1364283263683319 0.026245789602398872 -0.08179512619972229
v -0.12656334042549133 0.07714542001485825 -0.12102487683296204
v -0.1272803097963333 0.06259578466415405 -0.12427175045013428
v -0.10893046855926514 0.05333833768963814 -0.12553739547729492
v -0.07406716048717499 0.05415993556380272 -0.11228073388338089
v -0.0721072182059288 0.0393531359732151 -0.10418673604726791
v -0.06789211183786392 0.028879359364509583 -0.08361305296421051
v -0.08041717112064362 0.013619126752018929 -0.05369197577238083
v -0.11967041343450546 0.007168428041040897 -0.0640881285071373
v -0.19916360080242157 0.008968750946223736 -0.07196002453565598
v -0.04488636925816536 0.17484720051288605 -0.07938843220472336
v -0.03435385599732399 0.18148311972618103 -0.07328695058822632
v -0.03704605624079704 0.19620823860168457 -0.02373206615447998
v -0.02523850090801716 0.20468153059482574 -0.029490604996681213
v -0.054314546287059784 0.20045004785060883 -0.05661454424262047
v -0.06209570914506912 0.21326138079166412 -0.034791093319654465
v -0.06717697530984879 0.22380220890045166 -0.014524906873703003
v -0.05683613941073418 0.20741942524909973 -0.014995042234659195
v -0.04528098553419113 0.19130881130695343 -0.025883682072162628
v 0.021026063710451126 0.22495079040527344 -0.046015940606594086
v 0.016867630183696747 0.22329556941986084 -0.04054059833288193
v 0.018566429615020752 0.22517052292823792 -0.03589867055416107
v 0.02106553129851818 0.23007474839687347 -0.050617873668670654
v 0.02305525913834572 0.24407866597175598 -0.04686978459358215
v 0.020200559869408607 0.23301559686660767 -0.042061999440193176
v 0.022876515984535217 0.237912118434906 -0.031210362911224365
v 0.028390569612383842 0.25982168316841125 -0.026086878031492233
v 0.02465658448636532 0.24608907103538513 -0.03258368745446205
v 0.020753219723701477 0.23225225508213043 -0.049367327243089676
v 0.019684361293911934 0.22998493909835815 -0.04761093109846115
v 0.9129544496536255 0.29076042771339417 0.13882523775100708
v 0.915071427822113 0.29473692178726196 0.12483692169189453
v 0.9526737928390503 0.30746740102767944 0.11802840232849121
v 0.9504683017730713 0.3074226379394531 0.13679814338684082
v -0.2321990579366684 -0.056651048362255096 0.12598511576652527
v -0.22633861005306244 -0.022481951862573624 0.1271539032459259
v -0.25502991676330566 0.001185426488518715 0.04758531600236893
v -0.21311062574386597 0.006051535718142986 0.011488644406199455
v -0.2165279984474182 0.01104317419230938 -0.06928787380456924
v -0.18516437709331512 0.010113216936588287 -0.07045125961303711
v -0.21186614036560059 0.015439048409461975 -0.07635708153247833
v -0.1459459513425827 0.010724454186856747 -0.06258309632539749
v -0.15469582378864288 0.051191866397857666 -0.09470506012439728
v -0.15964752435684204 0.06393317133188248 -0.0911993607878685
v -0.16357366740703583 0.07169447839260101 -0.07930879294872284
v -0.16634826362133026 0.0872507318854332 -0.09328672289848328
v -0.17172904312610626 0.09808532893657684 -0.08621565997600555
v -0.17882460355758667 0.09919632971286774 -0.08425374329090118
v -0.1763257533311844 0.08727191388607025 -0.08770225942134857
v -0.18178528547286987 0.08735433965921402 -0.07602919638156891
v -0.1691274791955948 0.08482645452022552 -0.08017492294311523
v -0.16731587052345276 0.08549897372722626 -0.0852046087384224
v -0.1696385145187378 0.0952814370393753 -0.08993454277515411
v -0.15048639476299286 0.08924269676208496 -0.10639859735965729
v -0.11825525760650635 0.022609252482652664 -0.08726896345615387
v -0.11809719353914261 0.014751432463526726 -0.07153937220573425
v -0.1448669582605362 0.0738692432641983 -0.11368635296821594
v -0.12567052245140076 0.0492335669696331 -0.1200171709060669
v -0.1417999416589737 0.05909884721040726 -0.11433117091655731
v -0.08961876481771469 0.045543741434812546 -0.11954069137573242
v -0.06539714336395264 0.024463512003421783 -0.06164585053920746
v -0.08455286920070648 0.020344313234090805 -0.08278964459896088
v -0.08668401837348938 0.029301080852746964 -0.10497987270355225
v -0.08178313076496124 0.017014604061841965 -0.06800451874732971
v -0.10732023417949677 0.011811153963208199 -0.06954635679721832
v -0.1603981852531433 0.006552531383931637 -0.06723067164421082
v -0.04116880148649216 0.1979820430278778 -0.06383149325847626
v -0.03561954200267792 0.21124079823493958 -0.0512564480304718
v -0.03622933849692345 0.21367858350276947 -0.008780669420957565
v -0.030409321188926697 0.22494341433048248 -0.010281078517436981
v -0.057748958468437195 0.22456759214401245 -0.035068970173597336
v -0.06386445462703705 0.22982804477214813 -0.022637151181697845
v -0.061380960047245026 0.22374781966209412 0.007077191025018692
v -0.06857609748840332 0.23964649438858032 0.003172215074300766
v -0.04557386785745621 0.20956894755363464 -0.007618747651576996
v 0.01866898499429226 0.22826731204986572 -0.04297512024641037
v 0.01623503677546978 0.25787588953971863 -0.02809654176235199
v 0.012900732457637787 0.25024476647377014 -0.03386405482888222
v 0.021196752786636353 0.2426498830318451 -0.047372639179229736
v 0.03177737444639206 0.26163792610168457 -0.03771322965621948
v 0.03326701372861862 0.27167922258377075 -0.04367411509156227
v 0.023385649546980858 0.27380019426345825 -0.024139679968357086
v 0.03316983953118324 0.2951217293739319 -0.02204768732190132
v 0.04091400280594826 0.28870826959609985 -0.024848993867635727
v 0.019353386014699936 0.24073512852191925 -0.045744605362415314
v 0.020351389423012733 0.23536229133605957 -0.044467851519584656
v 0.934307873249054 0.2939906716346741 0.14427641034126282
v 0.9292117357254028 0.30194801092147827 0.13417017459869385
v 0.9531419277191162 0.30161356925964355 0.14507842063903809
v 0.9534069299697876 0.30628320574760437 0.12896960973739624
v -0.26357245445251465 -0.0072297994047403336 0.0710550919175148
v -0.25128185749053955 -0.009367760270833969 0.09176328778266907
v -0.25212356448173523 -0.05492294207215309 0.12293945997953415
v -0.24469652771949768 -0.03355105221271515 0.13212251663208008
v -0.24890461564064026 -0.01859322376549244 0.11724133789539337
v -0.2556425929069519 -0.013603022322058678 0.10189404338598251
v -0.2372717708349228 0.005120519548654556 0.025374341756105423
v -0.177437886595726 0.005075251683592796 -0.06517908722162247
v -0.13238458335399628 0.006816055625677109 -0.06186731904745102
v -0.151193767786026 0.058603763580322266 -0.10417280346155167
v -0.1423528492450714 0.03876224905252457 -0.09706985950469971
v -0.1618591547012329 0.07448676228523254 -0.09080778062343597
v -0.1551588475704193 0.06912563741207123 -0.1034834086894989
v -0.16737736761569977 0.09224995225667953 -0.09391845762729645
v -0.17879195511341095 0.09948872029781342 -0.08253984153270721
v -0.179273322224617 0.09552055597305298 -0.08094391971826553
v -0.17475000023841858 0.0945909172296524 -0.08753365278244019
v -0.19085054099559784 0.0843723937869072 -0.08447973430156708
v -0.18936949968338013 0.0867622047662735 -0.07175929844379425
v -0.17457227408885956 0.09042801707983017 -0.0731036365032196
v -0.17496278882026672 0.09137582778930664 -0.07683727890253067
v -0.18127553164958954 0.09039407968521118 -0.08147875219583511
v -0.16038386523723602 0.08205200731754303 -0.10107453912496567
v -0.13221153616905212 0.02989935129880905 -0.09238355606794357
v -0.10212305933237076 0.019947370514273643 -0.08662544190883636
v -0.10702081024646759 0.026395784690976143 -0.09825488924980164
v -0.1061822772026062 0.042840827256441116 -0.1185096800327301
v -0.14079996943473816 0.047269873321056366 -0.10873053967952728
v -0.04915205016732216 0.21728086471557617 -0.047047872096300125
v -0.03502250090241432 0.23671263456344604 -0.02181820571422577
v -0.03611472249031067 0.24519042670726776 0.004893545061349869
v -0.037217896431684494 0.2338450849056244 0.012104891240596771
v -0.06065987050533295 0.23858101665973663 -0.021141421049833298
v -0.06756363064050674 0.2443903386592865 -0.00802702084183693
v -0.04733496904373169 0.22386407852172852 0.012141913175582886
v -0.06653299182653427 0.24346955120563507 0.016523487865924835
v -0.05884263664484024 0.23638862371444702 0.023304972797632217
v 0.015026677399873734 0.24837270379066467 -0.040757402777671814
v 0.013696370646357536 0.286342054605484 -0.03052254393696785
v 0.02048138901591301 0.29425424337387085 -0.024594034999608994
v 0.02823427878320217 0.26614904403686523 -0.04786509647965431
v 0.02788388356566429 0.3012036085128784 -0.022750701755285263
v 0.043410178273916245 0.29600536823272705 -0.03733130916953087
v 0.044101499021053314 0.32360029220581055 -0.02261408045887947
v 0.05122543126344681 0.32627445459365845 -0.03240970894694328
v 0.021610073745250702 0.2544637620449066 -0.047224804759025574
v 0.01908089593052864 0.25166186690330505 -0.044928498566150665
v 0.948063850402832 0.3010198771953583 0.1440843939781189
v 0.9541248679161072 0.302177369594574 0.14018934965133667
v 0.9512037038803101 0.30249151587486267 0.14154529571533203
v -0.26625141501426697 -0.00833754613995552 0.08906784653663635
v -0.2782242000102997 -0.002977978438138962 0.07465529441833496
v -0.2677348554134369 -0.03832303732633591 0.12244882434606552
v -0.2819627523422241 -0.04891623184084892 0.11146619915962219
v -0.2701528072357178 -0.023839473724365234 0.12003684043884277
v -0.2730112075805664 -0.013463813811540604 0.10248717665672302
v -0.27554357051849365 -0.00047295913100242615 0.05322806537151337
v -0.2781727612018585 -0.002911720424890518 0.037475891411304474
v -0.17669370770454407 0.09175775200128555 -0.0790097564458847
v -0.17632266879081726 0.0944715291261673 -0.08587126433849335
v -0.18220476806163788 0.08864643424749374 -0.09296440333127975
v -0.20432975888252258 0.0838039219379425 -0.08121562004089355
v -0.20580340921878815 0.09099046885967255 -0.06403835862874985
v -0.18223831057548523 0.09201797842979431 -0.06820598244667053
v -0.17358364164829254 0.09076940268278122 -0.07715071737766266
v -0.12114162743091583 0.0341503769159317 -0.1083884984254837
v -0.05170692130923271 0.23719076812267303 -0.029055826365947723
v -0.045323897153139114 0.2515198588371277 -0.003201354295015335
v -0.045111361891031265 0.24882881343364716 0.025804724544286728
v -0.04735633730888367 0.2550736367702484 0.02304050326347351
v -0.059355054050683975 0.24882715940475464 -0.01195729523897171
v -0.06797555088996887 0.25739213824272156 0.016207784414291382
v -0.04856447875499725 0.2423364371061325 0.03137210011482239
v -0.06555978953838348 0.25475451350212097 0.03198590129613876
v -0.06079205125570297 0.24981410801410675 0.035391032695770264
v 0.01233399286866188 0.2820757031440735 -0.039295878261327744
v 0.028092317283153534 0.32129356265068054 -0.02201366424560547
v 0.020342960953712463 0.32013580203056335 -0.02853887528181076
v 0.03923727571964264 0.30106112360954285 -0.0456320121884346
v 0.035840753465890884 0.3188970386981964 -0.021076485514640808
v 0.05030149966478348 0.32771241664886475 -0.042262814939022064
v 0.048708900809288025 0.35371577739715576 -0.0253816656768322
v 0.057593151926994324 0.3572184145450592 -0.03675331175327301
v 0.023809049278497696 0.2838241457939148 -0.05012613907456398
v 0.016421008855104446 0.27589595317840576 -0.04476379603147507
v -0.2860478460788727 -0.012634184211492538 0.08912737667560577
v -0.2945592403411865 -0.010723479092121124 0.07663518190383911
v -0.29254859685897827 -0.009316109120845795 0.06284455955028534
v -0.2866257131099701 -0.03314080089330673 0.11214566975831985
v -0.2899991571903229 -0.04975063353776932 0.10333546996116638
v -0.2939760982990265 -0.014571890234947205 0.10329847782850266
v -0.2884674370288849 -0.024193545803427696 0.10705006122589111
v -0.3042464554309845 -0.01575489714741707 0.049515604972839355
v -0.2982369363307953 -0.01621391996741295 0.05951176956295967
v -0.17569030821323395 0.09210498631000519 -0.08208563923835754
v -0.19042746722698212 0.08619841933250427 -0.09681496024131775
v -0.22234544157981873 0.08331625163555145 -0.0731547400355339
v -0.23041123151779175 0.09647448360919952 -0.05905551090836525
v -0.20056971907615662 0.10215187072753906 -0.06291249394416809
v -0.17742575705051422 0.09879972040653229 -0.07382318377494812
v -0.05238330364227295 0.25273454189300537 -0.009446393698453903
v -0.04837661609053612 0.2605202794075012 0.015102740377187729
v -0.055708736181259155 0.26094958186149597 0.037169720977544785
v -0.058738261461257935 0.25614652037620544 0.040615882724523544
v -0.06188168376684189 0.26179948449134827 0.005251254886388779
v -0.06356994807720184 0.2635869085788727 0.02996215596795082
v -0.06108003854751587 0.25587567687034607 0.04293438792228699
v -0.06337880343198776 0.2710103690624237 0.039520300924777985
v -0.06682198494672775 0.2655859589576721 0.04359706491231918
v 0.014510570093989372 0.3195262551307678 -0.04071180149912834
v 0.04191017523407936 0.3270265758037567 -0.04589613527059555
v 0.02883445844054222 0.34415480494499207 -0.02553831785917282
v 0.03996947035193443 0.3486426770687103 -0.02176491916179657
v 0.05305790901184082 0.35737454891204834 -0.04449457302689552
v 0.05736634135246277 0.37289801239967346 -0.036819785833358765
v 0.055330269038677216 0.37397775053977966 -0.032314881682395935
v 0.03286994993686676 0.3263115882873535 -0.052077364176511765
v 0.017277106642723083 0.31229978799819946 -0.048887353390455246
v -0.2941186726093292 -0.01254863478243351 0.09157752990722656
v -0.3090760111808777 -0.012893540784716606 0.0870092585682869
v -0.30047768354415894 -0.01105661690235138 0.07059456408023834
v -0.2918608486652374 -0.03949950635433197 0.10959494113922119
v -0.299601286649704 -0.05363466963171959 0.10743836313486099
v -0.3028048872947693 -0.015265557914972305 0.06435148417949677
v -0.30431851744651794 -0.018333133310079575 0.055172618478536606
v -0.3129371404647827 -0.016870316118001938 0.052507270127534866
v -0.17574597895145416 0.09651266038417816 -0.0827179104089737
v -0.1773214042186737 0.09426163136959076 -0.08961763232946396
v -0.1779451072216034 0.09366871416568756 -0.09153441339731216
v -0.1786327064037323 0.09333385527133942 -0.09724044799804688
v -0.2085222750902176 0.0881262868642807 -0.09372029453516006
v -0.2526164948940277 0.0912669375538826 -0.0730232298374176
v -0.25253188610076904 0.09571069478988647 -0.058309465646743774
v -0.2246159315109253 0.10948818176984787 -0.05728926137089729
v -0.19024410843849182 0.10727952420711517 -0.06992295384407043
v -0.055540718138217926 0.26426252722740173 0.011101234704256058
v -0.054914169013500214 0.2657396197319031 0.032676637172698975
v -0.06571633368730545 0.2663538455963135 0.04851892590522766
v -0.06325525045394897 0.26598966121673584 0.047580230981111526
v -0.05623368173837662 0.2710024416446686 0.023465216159820557
v -0.057503968477249146 0.2763245403766632 0.03820386901497841
v -0.06590759009122849 0.2653732895851135 0.04809499531984329
v -0.06784649193286896 0.27932608127593994 0.04967004060745239
v -0.0608348622918129 0.284139484167099 0.04423576220870018
v 0.022885369136929512 0.3505629301071167 -0.03661298379302025
v 0.0466546006500721 0.34704795479774475 -0.04853484407067299
v 0.049580857157707214 0.3738583028316498 -0.029642406851053238
v 0.03602612391114235 0.3692815601825714 -0.030772991478443146
v 0.058299094438552856 0.37129488587379456 -0.04347190260887146
v 0.056542571634054184 0.3799664378166199 -0.03520458936691284
v 0.05852500721812248 0.3787565231323242 -0.039686158299446106
v 0.039131540805101395 0.35672295093536377 -0.05453168600797653
v 0.02360137365758419 0.35258418321609497 -0.051698941737413406
v -0.3053935766220093 -0.013831919059157372 0.09508555382490158
v -0.3156026303768158 -0.015461122617125511 0.09302782267332077
v -0.3149748742580414 -0.00798197090625763 0.07915771752595901
v -0.30368196964263916 -0.043190840631723404 0.10861422121524811
v -0.2957152724266052 -0.029189057648181915 0.10062800347805023
v -0.3187841475009918 -0.05777299031615257 0.10586972534656525
v -0.29878681898117065 -0.02333933115005493 0.10168453305959702
v -0.3107590675354004 -0.0014271473046392202 0.06895487755537033
v -0.30879610776901245 -0.0032858364284038544 0.05853894352912903
v -0.3179647624492645 0.002491177059710026 0.04690990597009659
v -0.31027427315711975 -0.012330852448940277 0.049360696226358414
v -0.18309788405895233 0.10726761072874069 -0.08312694728374481
v -0.17863431572914124 0.10043218731880188 -0.09287692606449127
v -0.1889370232820511 0.09534427523612976 -0.1007867380976677
v -0.23612476885318756 0.0940132811665535 -0.0893252044916153
v -0.2846895456314087 0.10365835577249527 -0.06021197885274887
v -0.2807474434375763 0.10483260452747345 -0.07132316380739212
v -0.25273793935775757 0.11018352210521698 -0.0521736703813076
v -0.21407052874565125 0.11896322667598724 -0.06543923914432526
v -0.05480591952800751 0.26767805218696594 0.028153270483016968
v -0.059179652482271194 0.26847028732299805 0.04675151780247688
v -0.06950481235980988 0.2720567286014557 0.05543068051338196
v -0.0681183859705925 0.27090251445770264 0.05340869352221489
v -0.05383828654885292 0.27577701210975647 0.04104824736714363
v -0.051974035799503326 0.28499770164489746 0.04827935993671417
v -0.07020775973796844 0.27465465664863586 0.05188829451799393
v -0.060700416564941406 0.29052892327308655 0.05395025387406349
v -0.06855709850788116 0.2880987524986267 0.055607665330171585
v 0.03615859895944595 0.37909531593322754 -0.04588152840733528
v 0.054470840841531754 0.36722198128700256 -0.05100490525364876
v 0.044622816145420074 0.38595056533813477 -0.03781122714281082
v 0.05331721529364586 0.38714268803596497 -0.035729601979255676
v 0.05894785374403 0.3763863444328308 -0.04335537552833557
v 0.05417684465646744 0.38346076011657715 -0.03815576434135437
v 0.05828212946653366 0.38150691986083984 -0.0409461110830307
v 0.05207088217139244 0.37115442752838135 -0.0545709952712059
v 0.04360789433121681 0.3821631968021393 -0.06184623762965202
v -0.3046327233314514 -0.01966453343629837 0.10059405118227005
v -0.31512004137039185 -0.018555989488959312 0.09281569719314575
v -0.31122735142707825 -0.005216052755713463 0.0884227603673935
v -0.31638699769973755 0.005605028010904789 0.0828423798084259
v -0.3064330816268921 -0.014756526798009872 0.06968268752098083
v -0.31962844729423523 -0.04548926278948784 0.11414230614900589
v -0.2998872697353363 -0.03321882337331772 0.10741011053323746
v -0.30379173159599304 -0.026135537773370743 0.10302778333425522
v -0.3397378921508789 -0.05179072171449661 0.11349751800298691
v -0.31794309616088867 0.012054549530148506 0.07136311382055283
v -0.31862086057662964 0.010554848238825798 0.05698765069246292
v -0.3217107951641083 0.017452022060751915 0.04012187197804451
v -0.19390003383159637 0.10990247130393982 -0.09535522013902664
v -0.20190492272377014 0.11909348517656326 -0.08065295219421387
v -0.2150527387857437 0.1043553277850151 -0.10028150677680969
v -0.291104793548584 0.1153288185596466 -0.05306952819228172
v -0.3079114854335785 0.11440703272819519 -0.06194005161523819
v -0.30209508538246155 0.11736629158258438 -0.06879620999097824
v -0.2442542314529419 0.12234260141849518 -0.05695827677845955
v -0.05394259840250015 0.2690267860889435 0.0436675027012825
v -0.06366294622421265 0.27284979820251465 0.05274376645684242
v -0.07301263511180878 0.2777591049671173 0.06320582330226898
v -0.06879585236310959 0.2780836522579193 0.070147305727005
v -0.048145949840545654 0.2740313410758972 0.051676712930202484
v -0.056289635598659515 0.29242148995399475 0.06061551719903946
v -0.0757153332233429 0.28694114089012146 0.059266071766614914
v -0.0741797387599945 0.2903039753437042 0.066214919090271
v -0.06753510236740112 0.2964895963668823 0.06330057233572006
v 0.048793088644742966 0.39152956008911133 -0.05153423547744751
v 0.05917995050549507 0.37819844484329224 -0.047272976487874985
v 0.05120755732059479 0.393474280834198 -0.04510097950696945
v 0.0532575324177742 0.38896510004997253 -0.04158319532871246
v 0.059306368231773376 0.381134957075119 -0.04398674517869949
v 0.05981089174747467 0.3834635317325592 -0.04250289499759674
v 0.059650175273418427 0.38334494829177856 -0.04344703257083893
v 0.05590471252799034 0.3807823359966278 -0.05439166724681854
v 0.0536811426281929 0.38384053111076355 -0.05841844156384468
v -0.32568931579589844 -0.011691228486597538 0.09580571949481964
v -0.32079121470451355 0.012175321578979492 0.0931093841791153
v -0.3385922312736511 -0.04082941263914108 0.11471270024776459
v -0.3128093481063843 -0.032699085772037506 0.10557574033737183
v -0.36377397179603577 -0.059993572533130646 0.11450454592704773
v -0.3267309069633484 0.028874699026346207 0.06389111280441284
v -0.3296755254268646 0.03886425495147705 0.07669080793857574
v -0.32820290327072144 0.030251245945692062 0.08935348689556122
v -0.32343804836273193 0.020478516817092896 0.05150115489959717
v -0.32025808095932007 0.028635729104280472 0.02613520435988903
v -0.23423127830028534 0.13121457397937775 -0.07324564456939697
v -0.2230512797832489 0.12409432977437973 -0.09328372776508331
v -0.24770374596118927 0.11943569779396057 -0.09303313493728638
v -0.2557118535041809 0.10175952315330505 -0.08297045528888702
v -0.313579261302948 0.11704526841640472 -0.05793479084968567
v -0.29051730036735535 0.12591037154197693 -0.05912688747048378
v -0.2709941565990448 0.11767638474702835 -0.050289127975702286
v -0.2783716320991516 0.11800731718540192 -0.08219516277313232
v -0.2949226498603821 0.1267600655555725 -0.07320626080036163
v -0.3078306317329407 0.12490514665842056 -0.06609602272510529
v -0.3152811527252197 0.12197816371917725 -0.06234532967209816
v -0.05905703455209732 0.2729681730270386 0.05365966632962227
v -0.06286318600177765 0.2771867513656616 0.06213567778468132
v -0.06583688408136368 0.2805948555469513 0.07682938873767853
v -0.0712621659040451 0.2784360349178314 0.07679682224988937
v -0.05109423026442528 0.28304925560951233 0.0606706365942955
v -0.05943986028432846 0.29810014367103577 0.06940878182649612
v -0.07608925551176071 0.2835622727870941 0.0694732740521431
v -0.07251910865306854 0.29746341705322266 0.07646331191062927
v -0.0757872685790062 0.29444554448127747 0.0781259685754776
v 0.05102197825908661 0.38760295510292053 -0.057229794561862946
v 0.05349423736333847 0.39165791869163513 -0.052216194570064545
v 0.060581717640161514 0.3824518322944641 -0.04674991965293884
v 0.0549766831099987 0.39108097553253174 -0.0468917191028595
v 0.05805012956261635 0.38618943095207214 -0.04731966555118561
v 0.06116488575935364 0.3838966190814972 -0.04594290256500244
v 0.06293877214193344 0.3831349015235901 -0.04873497784137726
v 0.06422765552997589 0.38311105966567993 -0.05203366279602051
v -0.31662118434906006 -0.021637672558426857 0.10027845948934555
v -0.3306289613246918 -0.019388120621442795 0.09982042759656906
v -0.3323096036911011 0.009156344458460808 0.10006760060787201
v -0.33573633432388306 0.03420620411634445 0.10777661949396133
v -0.3281311094760895 0.029137052595615387 0.09402104467153549
v -0.35934096574783325 -0.041656557470560074 0.11734668910503387
v -0.35392215847969055 -0.02673061192035675 0.115134596824646
v -0.33354124426841736 -0.030140919610857964 0.10676327347755432
v -0.3903076946735382 -0.06206982582807541 0.1176738440990448
v -0.3337152600288391 0.053823743015527725 0.08873044699430466
v -0.3305409252643585 0.05147381126880646 0.06438932567834854
v -0.3272009789943695 0.04134158045053482 0.05210809409618378
v -0.3341795802116394 0.048602182418107986 0.09917661547660828
v -0.32383379340171814 0.03476541489362717 0.04008163511753082
v -0.31996071338653564 0.043894436210393906 0.010023556649684906
v -0.2666456401348114 0.1314404308795929 -0.06260010600090027
v -0.25277867913246155 0.13165122270584106 -0.08217312395572662
v -0.2740761637687683 0.12956534326076508 -0.08056893944740295
v -0.32166144251823425 0.12193366140127182 -0.05953453481197357
v -0.3091784417629242 0.12064043432474136 -0.05772559717297554
v -0.28422844409942627 0.13048064708709717 -0.06182430684566498
v -0.2899691164493561 0.13262251019477844 -0.06961646676063538
v -0.30059245228767395 0.1293601244688034 -0.06651419401168823
v -0.3112310469150543 0.13060009479522705 -0.06245865300297737
v -0.31808024644851685 0.1270155906677246 -0.06304201483726501
v -0.056315138936042786 0.2793447971343994 0.0628388524055481
v -0.059511810541152954 0.2810426354408264 0.07104997336864471
v -0.0656086727976799 0.2839110791683197 0.08714963495731354
v -0.06008359417319298 0.2860028147697449 0.0852588415145874
v -0.051500432193279266 0.29324662685394287 0.07032973319292068
v -0.06587600708007812 0.3016166388988495 0.07838182151317596
v -0.07299704849720001 0.28518369793891907 0.08289281278848648
v -0.06961101293563843 0.2922373116016388 0.0890919640660286
v -0.07128119468688965 0.3011184632778168 0.08721651136875153
v 0.05714130401611328 0.3896932303905487 -0.05698475241661072
v 0.05657530948519707 0.38800716400146484 -0.05268850922584534
v 0.06043287366628647 0.38447681069374084 -0.050495848059654236
v 0.061715029180049896 0.3870004713535309 -0.05125106871128082
v 0.06282477080821991 0.38671875 -0.05046243965625763
v 0.06638725847005844 0.37728196382522583 -0.046370670199394226
v -0.34183722734451294 -0.0009248554706573486 0.10569294542074203
v -0.34940680861473083 0.03096313774585724 0.11873006820678711
v -0.3431137204170227 0.05767282843589783 0.11030109971761703
v -0.38596290349960327 -0.04942909628152847 0.12155163288116455
v -0.3708186745643616 -0.024322226643562317 0.1231081634759903
v -0.3474249243736267 -0.01200420968234539 0.11050408333539963
v -0.3670058250427246 -0.00809510424733162 0.12314976751804352
v -0.41636332869529724 -0.059890016913414 0.11819659918546677
v -0.34101325273513794 0.06981866806745529 0.09862833470106125
v -0.33316364884376526 0.0576731413602829 0.07652945816516876
v -0.33731791377067566 0.07035237550735474 0.08418598771095276
v -0.32966044545173645 0.05815639719367027 0.05355016142129898
v -0.326108455657959 0.05366525053977966 0.0401059091091156
v -0.32149142026901245 0.04777539148926735 0.02415790967643261
v -0.3247556686401367 0.053641147911548615 -0.004131149500608444
v -0.2774513363838196 0.13203737139701843 -0.07160177081823349
v -0.3256531059741974 0.12519197165966034 -0.06087075546383858
v -0.3203030526638031 0.12232361733913422 -0.05893823504447937
v -0.3001120090484619 0.12671031057834625 -0.05824599787592888
v -0.295301616191864 0.13228388130664825 -0.062179483473300934
v -0.30353492498397827 0.13278892636299133 -0.061084095388650894
v -0.30813080072402954 0.13312220573425293 -0.05991216003894806
v -0.31952545046806335 0.13348159193992615 -0.06126035377383232
v -0.31691721081733704 0.13561037182807922 -0.05726950243115425
v -0.054529402405023575 0.2878614664077759 0.0705668106675148
v -0.054315704852342606 0.2896982729434967 0.08257841318845749
v -0.05877041071653366 0.2883262038230896 0.09482792019844055
v -0.05363236367702484 0.29041963815689087 0.09452842175960541
v -0.056056320667266846 0.3020102083683014 0.07965587824583054
v -0.06815828382968903 0.3082999587059021 0.08898862451314926
v -0.06476102024316788 0.2870669960975647 0.09426072239875793
v -0.06311134248971939 0.29945138096809387 0.09979914128780365
v -0.05936243757605553 0.29055407643318176 0.10143710672855377
v 0.06355816125869751 0.3854771852493286 -0.05534084141254425
v 0.06087972968816757 0.378329873085022 -0.05092659592628479
v 0.06813067197799683 0.3947928547859192 -0.05844777822494507
v 0.06334192305803299 0.38660892844200134 -0.052457720041275024
v 0.06480211764574051 0.3731279671192169 -0.04745323956012726
v -0.34737536311149597 0.018883632495999336 0.11490634083747864
v -0.3634033501148224 0.032185304909944534 0.12788620591163635
v -0.35198384523391724 0.04981626570224762 0.1240500882267952
v -0.3492831587791443 0.07327984273433685 0.11014320701360703
v -0.3878752291202545 -0.030664801597595215 0.12585699558258057
v -0.4084697663784027 -0.05306616798043251 0.1210065633058548
v -0.3903099596500397 -0.01072423905134201 0.1301303654909134
v -0.38678354024887085 0.005160219967365265 0.13248543441295624
v -0.36646324396133423 0.011172380298376083 0.12438789010047913
v -0.4390420615673065 -0.0579167976975441 0.1161843091249466
v -0.3426446318626404 0.0797942578792572 0.08779066801071167
v -0.34217268228530884 0.08406376093626022 0.07554639130830765
v -0.334524005651474 0.07074849307537079 0.06716650724411011
v -0.3323248624801636 0.0744233950972557 0.04400591552257538
v -0.3276655673980713 0.06812264025211334 0.02394930087029934
v -0.32380592823028564 0.06095784157514572 0.008975628763437271
v -0.3308629095554352 0.05118343234062195 -0.023516114801168442
v -0.3240108788013458 0.1255784034729004 -0.059204697608947754
v -0.32853835821151733 0.129246324300766 -0.062079057097435
v -0.31823408603668213 0.12492459267377853 -0.05545322224497795
v -0.3118523955345154 0.12855593860149384 -0.05440667271614075
v -0.31086376309394836 0.1302400529384613 -0.055456846952438354
v -0.3126262426376343 0.13383421301841736 -0.05227931588888168
v -0.3183467984199524 0.14250925183296204 -0.048176415264606476
v -0.3249698281288147 0.14073479175567627 -0.06000224128365517
v -0.05283268541097641 0.2949959337711334 0.0777774304151535
v -0.052092619240283966 0.2991120219230652 0.09305229783058167
v -0.05253339558839798 0.29116860032081604 0.10461504757404327
v -0.046894799917936325 0.29743242263793945 0.10718263685703278
v -0.05909014865756035 0.3096175491809845 0.08803711086511612
v -0.06416787952184677 0.31107956171035767 0.09975740313529968
v -0.055959783494472504 0.2896522581577301 0.10515142977237701
v -0.0532241016626358 0.2895396053791046 0.10950783640146255
v -0.05211016535758972 0.29278337955474854 0.10815931111574173
v 0.06093009561300278 0.37797895073890686 -0.04885701835155487
v 0.0734863132238388 0.3911486268043518 -0.0528947114944458
v 0.07035183906555176 0.3895031213760376 -0.057831794023513794
v 0.07444480806589127 0.39702481031417847 -0.06319358944892883
v 0.07289259135723114 0.3779821991920471 -0.0498250275850296
v 0.07093217968940735 0.3815685510635376 -0.05571646988391876
v -0.37929967045783997 0.028536714613437653 0.13424977660179138
v -0.3637557327747345 0.04433191940188408 0.13219061493873596
v -0.3558163046836853 0.06726675480604172 0.12316388636827469
v -0.3512459695339203 0.08424027264118195 0.10088229924440384
v -0.4126691520214081 -0.020996849983930588 0.13092118501663208
v -0.415106862783432 -0.039712317287921906 0.12617802619934082
v -0.4300936162471771 -0.04831850156188011 0.12260220944881439
v -0.404032826423645 0.0017081722617149353 0.135671928524971
v -0.39158356189727783 0.02162402868270874 0.13762126863002777
v -0.45594704151153564 -0.05591766536235809 0.11195145547389984
v -0.3503413200378418 0.09123320132493973 0.08401137590408325
v -0.351651132106781 0.09579422324895859 0.06903459876775742
v -0.3410806655883789 0.08681739121675491 0.05821911245584488
v -0.33591538667678833 0.08323485404253006 0.024672679603099823
v -0.3309713304042816 0.07416095584630966 0.009360238909721375
v -0.3291776776313782 0.06573175638914108 -0.005181029438972473
v -0.34183695912361145 0.06265150755643845 -0.03635769337415695
v -0.33062759041786194 0.12620484828948975 -0.06236639618873596
v -0.3211245536804199 0.12429977208375931 -0.05833020806312561
v -0.3297562301158905 0.1353214979171753 -0.06673362106084824
v -0.3135863244533539 0.12326345592737198 -0.057145360857248306
v -0.312870591878891 0.12349186092615128 -0.05295898765325546
v -0.3193897306919098 0.13250604271888733 -0.04684195667505264
v -0.3232666850090027 0.13978587090969086 -0.049686919897794724
v -0.33035576343536377 0.14468707144260406 -0.05787264555692673
v -0.053281255066394806 0.30554839968681335 0.09097472578287125
v -0.047356706112623215 0.30603739619255066 0.10183605551719666
v -0.04838321730494499 0.2920924425125122 0.1108202338218689
v -0.039054565131664276 0.29979225993156433 0.11589551717042923
v -0.059163857251405716 0.3182945251464844 0.1010119616985321
v -0.055781759321689606 0.3054061532020569 0.11066583544015884
v -0.051077377051115036 0.28842711448669434 0.11281684786081314
v -0.04519150033593178 0.28865846991539 0.11795420199632645
v -0.04485273361206055 0.2941363453865051 0.12054889649152756
v 0.06834392249584198 0.374026894569397 -0.04598003625869751
v 0.0684165209531784 0.3809354901313782 -0.05329692363739014
v 0.08083736151456833 0.39263272285461426 -0.06308364868164062
v 0.07942923903465271 0.3876843750476837 -0.06265781819820404
v 0.08455321937799454 0.3967352509498596 -0.06923995912075043
v 0.08174078166484833 0.3843979835510254 -0.06203088164329529
v 0.07521673291921616 0.3753589391708374 -0.04728071391582489
v -0.37770137190818787 0.040226735174655914 0.13860373198986053
v -0.36371421813964844 0.0583658404648304 0.13407818973064423
v -0.3615797460079193 0.07998701930046082 0.11763511598110199
v -0.36186039447784424 0.0954151302576065 0.09154659509658813
v -0.4289332628250122 -0.027066726237535477 0.12861941754817963
v -0.4143507778644562 -0.0055554211139678955 0.13438236713409424
v -0.4385485351085663 -0.03699726238846779 0.1244453638792038
v -0.45216384530067444 -0.04481344670057297 0.11911225318908691
v -0.4069678485393524 0.014052532613277435 0.13923786580562592
v -0.3943135440349579 0.03815066069364548 0.1418694406747818
v -0.4721567928791046 -0.04947475716471672 0.11004170775413513
v -0.36441126465797424 0.10220954567193985 0.07577341794967651
v -0.3521066904067993 0.09800952672958374 0.05418381467461586
v -0.36453381180763245 0.10585661232471466 0.05993476137518883
v -0.3432219326496124 0.09185981005430222 0.0397740863263607
v -0.34176531434059143 0.08770397305488586 0.00674833357334137
v -0.33619701862335205 0.07731328159570694 -0.00314539298415184
v -0.3377455174922943 0.0727655440568924 -0.016794968396425247
v -0.3543606400489807 0.07010945677757263 -0.044666945934295654
v -0.33180350065231323 0.12524595856666565 -0.07032684981822968
v -0.3251075744628906 0.1224081888794899 -0.06386175006628036
v -0.3331924080848694 0.14382968842983246 -0.06620362401008606
v -0.3165304660797119 0.11726729571819305 -0.05716630443930626
v -0.31665360927581787 0.11986053735017776 -0.05149927735328674
v -0.32257118821144104 0.126256063580513 -0.0477893091738224
v -0.33405810594558716 0.14466533064842224 -0.060989104211330414
v -0.3281875550746918 0.14124348759651184 -0.04814508184790611
v -0.05288282781839371 0.3137913942337036 0.09981145709753036
v -0.047164399176836014 0.3130791187286377 0.11078563332557678
v -0.0440705269575119 0.2896175980567932 0.12391357868909836
v -0.037924930453300476 0.30269908905029297 0.13159114122390747
v -0.05462247505784035 0.3166711628437042 0.11423902213573456
v -0.043506380170583725 0.30345234274864197 0.12722240388393402
v -0.04924456775188446 0.2868635654449463 0.12099377810955048
v -0.03839466720819473 0.2925286889076233 0.13105978071689606
v -0.03879211097955704 0.29905617237091064 0.1314743161201477
v 0.07718014717102051 0.3731180429458618 -0.04909886419773102
v 0.07911761105060577 0.3800937533378601 -0.05434596538543701
v 0.08921515941619873 0.3929527699947357 -0.06873336434364319
v 0.08262413740158081 0.3864724934101105 -0.06380605697631836
v 0.0886264219880104 0.39798203110694885 -0.07440927624702454
v 0.09738626331090927 0.39097750186920166 -0.0661267638206482
v 0.08953730762004852 0.37742096185684204 -0.05231587588787079
v -0.3761014938354492 0.05417167767882347 0.14217440783977509
v -0.3708013892173767 0.07541751861572266 0.132232666015625
v -0.3727916479110718 0.09442009031772614 0.10653652250766754
v -0.377847284078598 0.10288131982088089 0.08859099447727203
v -0.4451175034046173 -0.020787514746189117 0.12747624516487122
v -0.4305477440357208 -0.013802312314510345 0.13171423971652985
v -0.4194352924823761 0.006258033215999603 0.1378818154335022
v -0.45885422825813293 -0.03098059818148613 0.1212427169084549
v -0.4751811623573303 -0.03597654029726982 0.1155625730752945
v -0.4098365008831024 0.03316961228847504 0.1432275027036667
v -0.3918680250644684 0.05032861977815628 0.14617735147476196
v -0.49814391136169434 -0.037864767014980316 0.10799696296453476
v -0.381352961063385 0.10927939414978027 0.06884170323610306
v -0.37759608030319214 0.11277953535318375 0.04803810641169548
v -0.36091670393943787 0.10631916671991348 0.03718125447630882
v -0.3502964973449707 0.09760566055774689 0.020638277754187584
v -0.3549242913722992 0.09707316756248474 0.0015293769538402557
v -0.3460009694099426 0.0853903517127037 -0.010367609560489655
v -0.3487250804901123 0.07775314152240753 -0.02792349085211754
v -0.36320561170578003 0.07372407615184784 -0.048791006207466125
v -0.3330848813056946 0.1270461082458496 -0.07798051834106445
v -0.33595195412635803 0.13828527927398682 -0.07262812554836273
v -0.3285143971443176 0.11969313770532608 -0.07205137610435486
v -0.3362402021884918 0.1427249312400818 -0.06971324980258942
v -0.3207267224788666 0.11303570866584778 -0.06257763504981995
v -0.3212694227695465 0.11597743630409241 -0.054710373282432556
v -0.32704198360443115 0.1282997876405716 -0.04668685793876648
v -0.3364078402519226 0.14122699201107025 -0.05581728741526604
v -0.3396855592727661 0.14152200520038605 -0.06374820321798325
v -0.05339842662215233 0.32076016068458557 0.11434797942638397
v -0.038132309913635254 0.3159489035606384 0.12975287437438965
v -0.03731200844049454 0.2968737781047821 0.14059394598007202
v -0.03316837176680565 0.3092644512653351 0.14664573967456818
v -0.04554183781147003 0.3129342794418335 0.12742246687412262
v -0.03757627680897713 0.30781543254852295 0.1368059515953064
v -0.04124724864959717 0.2861320674419403 0.13264434039592743
v -0.031959615647792816 0.2978852391242981 0.14236915111541748
v -0.035634979605674744 0.29425227642059326 0.14352905750274658
v 0.08662597090005875 0.37203484773635864 -0.049491509795188904
v 0.08781518042087555 0.3758738338947296 -0.05620308220386505
v 0.09405515342950821 0.3981250524520874 -0.07407224178314209
v 0.0872940644621849 0.3907591700553894 -0.0735633373260498
v 0.09179393947124481 0.3972315788269043 -0.07913902401924133
v 0.10182199627161026 0.39506033062934875 -0.07170970737934113
v 0.10372074693441391 0.38072991371154785 -0.057662129402160645
v -0.38057971000671387 0.06948299705982208 0.14095981419086456
v -0.3787996470928192 0.08928759396076202 0.12262992560863495
v -0.39073601365089417 0.1016293466091156 0.10175836086273193
v -0.3945135176181793 0.10709128528833389 0.08737452328205109
v -0.4313351809978485 -0.0016618594527244568 0.13517113029956818
v -0.4249718189239502 0.019758418202400208 0.14096742868423462
v -0.4737940728664398 -0.025154441595077515 0.11864978820085526
v -0.48923999071121216 -0.02591215819120407 0.11419463902711868
v -0.4124942123889923 0.049074992537498474 0.1470268815755844
v -0.39014241099357605 0.06301915645599365 0.14658066630363464
v -0.5245999693870544 -0.030346818268299103 0.1016438826918602
v -0.39785951375961304 0.1171470433473587 0.0533791221678257
v -0.39473864436149597 0.1217924952507019 0.03829357028007507
v -0.3786102831363678 0.11635785549879074 0.02869526669383049
v -0.3641849458217621 0.10725539177656174 0.017363067716360092
v -0.3683631420135498 0.10457508265972137 -0.0025047920644283295
v -0.35984504222869873 0.09205974638462067 -0.021035518497228622
v -0.3624674081802368 0.08202396333217621 -0.04022310674190521
v -0.33033859729766846 0.11742734163999557 -0.07466554641723633
v -0.33596092462539673 0.13478240370750427 -0.07798722386360168
v -0.3352794945240021 0.1208822950720787 -0.07988718152046204
v -0.3402532637119293 0.13819772005081177 -0.07202886790037155
v -0.3247746229171753 0.11375029385089874 -0.06781449913978577
v -0.3266717791557312 0.11866416782140732 -0.05605146288871765
v -0.33370617032051086 0.1364947110414505 -0.049910783767700195
v -0.34667521715164185 0.13654500246047974 -0.0659787654876709
v -0.34363263845443726 0.13855159282684326 -0.06341694295406342
v -0.04546109586954117 0.31864941120147705 0.13159924745559692
v -0.03381836414337158 0.31688326597213745 0.14584676921367645
v -0.03162118047475815 0.30519235134124756 0.15578314661979675
v -0.027040019631385803 0.3184172213077545 0.16179275512695312
v -0.038649678230285645 0.3101833760738373 0.13776960968971252
v -0.032143592834472656 0.3053213357925415 0.14506353437900543
v -0.03526695817708969 0.295344740152359 0.1507136970758438
v -0.030858732759952545 0.3026379346847534 0.1580139696598053
v -0.02635999396443367 0.3000131845474243 0.15319028496742249
v 0.09299571812152863 0.36255785822868347 -0.04657121002674103
v 0.09182339906692505 0.3792089819908142 -0.05614061653614044
v 0.1014203131198883 0.40020301938056946 -0.08045396208763123
v 0.0891149565577507 0.39775216579437256 -0.08228355646133423
v 0.09778614342212677 0.3996866047382355 -0.08284121751785278
v 0.10414856672286987 0.37319415807724 -0.06677767634391785
v 0.10652686655521393 0.3869810998439789 -0.07015140354633331
v -0.3904787003993988 0.08604101836681366 0.13574515283107758
v -0.38837239146232605 0.09668701142072678 0.11473731696605682
v -0.403289794921875 0.10742826759815216 0.09787554293870926
v -0.4056551456451416 0.1148488000035286 0.07202677428722382
v -0.446477472782135 -0.004874818027019501 0.13132186233997345
v -0.43688321113586426 0.00929124653339386 0.13689908385276794
v -0.43318742513656616 0.039366357028484344 0.14506204426288605
v -0.48344093561172485 -0.014577068388462067 0.1185912936925888
v -0.46518152952194214 -0.015022046864032745 0.12331774830818176
v -0.5116972923278809 -0.02043045312166214 0.10941853374242783
v -0.4086397588253021 0.06474866718053818 0.15070146322250366
v -0.4032478928565979 0.07993577420711517 0.1453896164894104
v -0.553482711315155 -0.018556304275989532 0.09757570177316666
v -0.408068984746933 0.12434686720371246 0.04220568388700485
v -0.40854087471961975 0.1304977834224701 0.02816835418343544
v -0.39365294575691223 0.12439022958278656 0.021841052919626236
v -0.38030704855918884 0.11668188869953156 0.011226434260606766
v -0.3849712312221527 0.11625811457633972 -0.007031001150608063
v -0.3772633373737335 0.10361675918102264 -0.022892121225595474
v -0.37326061725616455 0.08968924731016159 -0.041336365044116974
v -0.33257222175598145 0.1167556419968605 -0.0752592384815216
v -0.3380889892578125 0.1260102093219757 -0.07696421444416046
v -0.33478957414627075 0.11801575869321823 -0.08028769493103027
v -0.34134817123413086 0.12711083889007568 -0.07234051823616028
v -0.3288709223270416 0.11562252789735794 -0.06703417003154755
v -0.3312327265739441 0.12402254343032837 -0.0527803897857666
v -0.3427750766277313 0.13770423829555511 -0.05718053877353668
v -0.3539060950279236 0.13364480435848236 -0.069944366812706
v -0.3504737615585327 0.12855251133441925 -0.06525668501853943
v -0.035338155925273895 0.3188616931438446 0.1436825841665268
v -0.03083622083067894 0.3235965073108673 0.15676933526992798
v -0.025620372965931892 0.3132399618625641 0.1676332652568817
v -0.027514934539794922 0.32014304399490356 0.16968761384487152
v -0.03167794644832611 0.31588444113731384 0.15079763531684875
v -0.02784295752644539 0.30539458990097046 0.15657281875610352
v -0.028535019606351852 0.30526620149612427 0.16309580206871033
v -0.023463048040866852 0.31265556812286377 0.1699867844581604
v -0.025784678757190704 0.31366392970085144 0.169234499335289
v 0.08928293734788895 0.3706921935081482 -0.0721198320388794
v 0.08873747289180756 0.3837588429450989 -0.07373155653476715
v 0.08973513543605804 0.38774731755256653 -0.07400855422019958
v 0.10580417513847351 0.39741429686546326 -0.07887184619903564
v 0.10391745716333389 0.3992336094379425 -0.08583851158618927
v 0.09343208372592926 0.402851402759552 -0.08679051697254181
v 0.10682626068592072 0.3777311444282532 -0.07496002316474915
v 0.10089776664972305 0.3703387379646301 -0.07776524126529694
v -0.39515748620033264 0.09679459035396576 0.12363038957118988
v -0.4006955027580261 0.10313459485769272 0.11191859841346741
v -0.41322851181030273 0.11285440623760223 0.09022120386362076
v -0.42051962018013 0.12531931698322296 0.05601859092712402
v -0.445576012134552 0.026229828596115112 0.14032185077667236
v -0.4405502378940582 0.06123608350753784 0.15002600848674774
v -0.5004108548164368 -0.012945480644702911 0.11420802772045135
v -0.4791562259197235 -0.005439087748527527 0.12121129781007767
v -0.5378326773643494 -0.010061375796794891 0.10446662455797195
v -0.4298800230026245 0.07738012820482254 0.1504828780889511
v -0.41029635071754456 0.09529586881399155 0.13445806503295898
v -0.5817151069641113 -0.007402651011943817 0.09296538680791855
v -0.4221798777580261 0.13501062989234924 0.0368029847741127
v -0.42033815383911133 0.14116033911705017 0.022827453911304474
v -0.4084581434726715 0.1352287232875824 0.014086481183767319
v -0.39804813265800476 0.1280832290649414 0.005048312246799469
v -0.4060504734516144 0.12786392867565155 -0.013906888663768768
v -0.39573606848716736 0.11466576904058456 -0.025681644678115845
v -0.390436589717865 0.10111290216445923 -0.04249667376279831
v -0.40665993094444275 0.09823881089687347 -0.05923584848642349
v -0.33238089084625244 0.11413013935089111 -0.07164879143238068
v -0.33616867661476135 0.11862513422966003 -0.07735790312290192
v -0.3388795256614685 0.114303819835186 -0.07279500365257263
v -0.35136541724205017 0.12408985942602158 -0.0649658739566803
v -0.32978755235671997 0.11622700095176697 -0.06302373111248016
v -0.33845797181129456 0.13058146834373474 -0.05562194064259529
v -0.3518383502960205 0.13512787222862244 -0.06624334305524826
v -0.3647541105747223 0.12503725290298462 -0.062152061611413956
v -0.358845055103302 0.12421528995037079 -0.06277156621217728
v -0.03102927654981613 0.3232099413871765 0.15745249390602112
v -0.029968461021780968 0.325886607170105 0.16521528363227844
v -0.029471535235643387 0.3231309652328491 0.17305603623390198
v -0.028058424592018127 0.3216615915298462 0.17599958181381226
v -0.028919123113155365 0.3123224675655365 0.15993455052375793
v -0.024060823023319244 0.31197598576545715 0.1703343391418457
v -0.02617216482758522 0.3174704909324646 0.17080199718475342
v -0.021182827651500702 0.3244084119796753 0.17836366593837738
v -0.022221306338906288 0.32259783148765564 0.17437809705734253
v 0.09314572811126709 0.3769470453262329 -0.08676944673061371
v 0.08817662298679352 0.38558876514434814 -0.08527924120426178
v 0.08648919314146042 0.39430832862854004 -0.08429037034511566
v 0.10705623030662537 0.3947162926197052 -0.08326973021030426
v 0.09521379321813583 0.40793922543525696 -0.08937638998031616
v 0.10291160643100739 0.4022292196750641 -0.08703221380710602
v 0.1090485006570816 0.3868831396102905 -0.07906313240528107
v 0.10904570668935776 0.37757956981658936 -0.08611305058002472
v 0.10247049480676651 0.37297573685646057 -0.08959656953811646
v -0.41076424717903137 0.10374540090560913 0.12024064362049103
v -0.4141009747982025 0.11186960339546204 0.10382149368524551
v -0.42721134424209595 0.12203904986381531 0.07864565402269363
v -0.4366632103919983 0.13930507004261017 0.0447239875793457
v -0.4578612148761749 0.01386965811252594 0.13335147500038147
v -0.45763617753982544 0.04208975285291672 0.14131399989128113
v -0.44999250769615173 0.07378168404102325 0.1520131230354309
v -0.5180941820144653 -0.0013550445437431335 0.11176393926143646
v -0.49618470668792725 -0.0028127282857894897 0.11729620397090912
v -0.46893152594566345 0.0016760975122451782 0.12641994655132294
v -0.5640150308609009 0.001451648771762848 0.10101009160280228
v -0.42919233441352844 0.10506856441497803 0.12883323431015015
v -0.6054385900497437 0.005807563662528992 0.08800220489501953
v -0.433907151222229 0.14598751068115234 0.02725803107023239
v -0.4184158146381378 0.1445917934179306 0.007393263280391693
v -0.4322967529296875 0.15378113090991974 0.012541789561510086
v -0.4104633033275604 0.13793186843395233 -0.0007592663168907166
v -0.4182227849960327 0.1387810856103897 -0.020765498280525208
v -0.4161127209663391 0.12379100918769836 -0.029465273022651672
v -0.4103071093559265 0.10727443546056747 -0.04047013074159622
v -0.3366889953613281 0.11927814781665802 -0.06644115597009659
v -0.34454676508903503 0.12021832913160324 -0.06505552679300308
v -0.3449246883392334 0.1154433935880661 -0.06860021501779556
v -0.35536086559295654 0.11758062243461609 -0.060561276972293854
v -0.3339158296585083 0.12269506603479385 -0.06000228226184845
v -0.34845492243766785 0.13200758397579193 -0.060577962547540665
v -0.36521050333976746 0.13110774755477905 -0.06775736808776855
v -0.3743373155593872 0.12269669026136398 -0.050496846437454224
v -0.3655901253223419 0.12286596745252609 -0.055446065962314606
v -0.028439512476325035 0.32379046082496643 0.16560721397399902
v -0.03267550840973854 0.32818612456321716 0.17573049664497375
v -0.03281378746032715 0.3319174349308014 0.1788514256477356
v -0.03394482284784317 0.3371841311454773 0.1839619278907776
v -0.027062052860856056 0.3169088363647461 0.17334730923175812
v -0.022643782198429108 0.323576956987381 0.18154874444007874
v -0.027004683390259743 0.32613736391067505 0.17318403720855713
v -0.022740881890058517 0.33566418290138245 0.1876603066921234
v -0.02050134912133217 0.33350658416748047 0.18200260400772095
v 0.09700579196214676 0.3791763484477997 -0.09660831093788147
v 0.08916869759559631 0.3857548236846924 -0.09635837376117706
v 0.0860821008682251 0.4024220407009125 -0.09291806817054749
v 0.10753493010997772 0.3952398896217346 -0.08546532690525055
v 0.10129290074110031 0.41815659403800964 -0.09492669999599457
v 0.1087932288646698 0.4045933783054352 -0.08885103464126587
v 0.11017204076051712 0.3881515562534332 -0.0874592661857605
v 0.10151660442352295 0.3772929310798645 -0.10015378892421722
v 0.11004839092493057 0.37605223059654236 -0.09801606833934784
v -0.42918694019317627 0.11707379668951035 0.10980930179357529
v -0.43069833517074585 0.12172068655490875 0.09636165201663971
v -0.4460277259349823 0.14007532596588135 0.06230137124657631
v -0.44553276896476746 0.1514153629541397 0.030497603118419647
v -0.4713820815086365 0.0658920407295227 0.1436358392238617
v -0.4708370566368103 0.0271640345454216 0.13523292541503906
v -0.4698038399219513 0.08400356769561768 0.14820607006549835
v -0.4485195577144623 0.09125423431396484 0.14599651098251343
v -0.5131863355636597 0.009887449443340302 0.11534768342971802
v -0.5452406406402588 0.011214658617973328 0.10768721997737885
v -0.49058693647384644 0.006473220884799957 0.1209089607000351
v -0.48123958706855774 0.015424706041812897 0.12733948230743408
v -0.5912805795669556 0.016018137335777283 0.09477140754461288
v -0.4279923737049103 0.09113702178001404 0.1425456553697586
v -0.4496241807937622 0.12055957317352295 0.11922629177570343
v -0.44830018281936646 0.10505805909633636 0.1361125409603119
v -0.6213670969009399 0.012814193964004517 0.0827493816614151
v -0.4430462718009949 0.16004303097724915 0.01664004474878311
v -0.4396125376224518 0.16475702822208405 0.001324281096458435
v -0.42851710319519043 0.1559431552886963 0.00022020190954208374
v -0.421964168548584 0.14922943711280823 -0.009477637708187103
v -0.4277035892009735 0.13737109303474426 -0.03641996532678604
v -0.432990700006485 0.12208908796310425 -0.04797904193401337
v -0.425965279340744 0.11148236691951752 -0.06501905620098114
v -0.3452475666999817 0.12550999224185944 -0.0580148808658123
v -0.3524013161659241 0.12647688388824463 -0.05525938421487808
v -0.34905296564102173 0.12159228324890137 -0.061737947165966034
v -0.3636748194694519 0.12210602313280106 -0.05087602138519287
v -0.34633493423461914 0.1298580914735794 -0.05805138498544693
v -0.3631845712661743 0.1354137808084488 -0.06539177149534225
v -0.37668049335479736 0.12726104259490967 -0.059843823313713074
v -0.38201263546943665 0.12310191243886948 -0.04431329667568207
v -0.3732295334339142 0.12315739691257477 -0.04499500244855881
v -0.028462335467338562 0.3229961693286896 0.17507317662239075
v -0.03327088803052902 0.3328856825828552 0.1807856261730194
v -0.03103751689195633 0.342642217874527 0.1839829981327057
v -0.035873230546712875 0.35052523016929626 0.18449994921684265
v -0.027484171092510223 0.32448938488960266 0.18348829448223114
v -0.030974246561527252 0.33731770515441895 0.1913870871067047
v -0.02480127103626728 0.3311764895915985 0.17890021204948425
v -0.029730672016739845 0.34634649753570557 0.1978135108947754
v -0.021618254482746124 0.346230149269104 0.19091536104679108
v 0.09549453109502792 0.38599929213523865 -0.10784107446670532
v 0.0921134352684021 0.401203989982605 -0.10620737075805664
v 0.0953650251030922 0.4143278896808624 -0.1036086231470108
v 0.11441093683242798 0.3908219039440155 -0.09204661846160889
v 0.12018128484487534 0.4267919659614563 -0.10520417988300323
v 0.12257099896669388 0.41486048698425293 -0.09678538143634796
v 0.11444824934005737 0.38221853971481323 -0.09554581344127655
v 0.11956556886434555 0.3797242343425751 -0.10798051208257675
v 0.11131160706281662 0.379955917596817 -0.11663919687271118
v -0.44830653071403503 0.1301097273826599 0.10174182057380676
v -0.45249438285827637 0.13986550271511078 0.083810955286026
v -0.4553682804107666 0.15622158348560333 0.043438587337732315
v -0.4527803659439087 0.16571971774101257 0.0239989273250103
v -0.4928259551525116 0.0823262482881546 0.14522524178028107
v -0.4895663261413574 0.04639124125242233 0.13671651482582092
v -0.49176114797592163 0.09945474565029144 0.14086462557315826
v -0.46899890899658203 0.10533034801483154 0.13921555876731873
v -0.5357586741447449 0.027320846915245056 0.1134808138012886
v -0.5074554085731506 0.021976880729198456 0.1207345575094223
v -0.5746381282806396 0.021989256143569946 0.10144548118114471
v -0.49956968426704407 0.03334631770849228 0.12914523482322693
v -0.6155734658241272 0.02735912799835205 0.09125340729951859
v -0.4698629379272461 0.12279723584651947 0.125888854265213
v -0.4692957103252411 0.1367018222808838 0.10916820913553238
v -0.6356163024902344 0.035568103194236755 0.07367561012506485
v -0.4500724971294403 0.17276234924793243 0.004900634288787842
v -0.43253129720687866 0.16193082928657532 -0.01441238820552826
v -0.44681456685066223 0.17570963501930237 -0.014156334102153778
v -0.4284687340259552 0.15065059065818787 -0.02660325914621353
v -0.43226364254951477 0.13897457718849182 -0.0539487823843956
v -0.4356514811515808 0.12980511784553528 -0.06472620368003845
v -0.435791015625 0.12624908983707428 -0.07863804697990417
v -0.3546138405799866 0.13226133584976196 -0.05583228915929794
v -0.35917672514915466 0.12484439462423325 -0.051168292760849
v -0.36259469389915466 0.13511672616004944 -0.05337868258357048
v -0.37180638313293457 0.12530098855495453 -0.0415269136428833
v -0.3615860939025879 0.13418808579444885 -0.060110338032245636
v -0.37648501992225647 0.13332396745681763 -0.06282364577054977
v -0.382991760969162 0.12289950251579285 -0.04881983995437622
v -0.381734162569046 0.12645788490772247 -0.0326433926820755
v -0.3833234906196594 0.12302591651678085 -0.03821583837270737
v -0.030628474429249763 0.3316985070705414 0.18761423230171204
v -0.036300674080848694 0.34525179862976074 0.18743853271007538
v -0.037148214876651764 0.3638647198677063 0.18632245063781738
v -0.02794026955962181 0.355002760887146 0.18813160061836243
v -0.035397060215473175 0.34653395414352417 0.1966739147901535
v -0.034871235489845276 0.3537546396255493 0.2013433873653412
v -0.023634545505046844 0.34445399045944214 0.18648576736450195
v -0.023585740476846695 0.3554568588733673 0.19808126986026764
v -0.02996234968304634 0.3567262887954712 0.1920323222875595
v 0.1023283377289772 0.403432160615921 -0.1278194785118103
v 0.10243474692106247 0.4203825891017914 -0.11936451494693756
v 0.1106475219130516 0.428497314453125 -0.11017961800098419
v 0.12521329522132874 0.3971337676048279 -0.0975753664970398
v 0.13146770000457764 0.43797847628593445 -0.11844122409820557
v 0.13971737027168274 0.4276018440723419 -0.11147431284189224
v 0.1241569072008133 0.38449007272720337 -0.10446976125240326
v 0.1323070526123047 0.3820071518421173 -0.1238294169306755
v 0.12415353208780289 0.39490610361099243 -0.14299923181533813
v -0.46554306149482727 0.1456497311592102 0.09424963593482971
v -0.4663972556591034 0.16253845393657684 0.06271703541278839
v -0.4639061391353607 0.17208030819892883 0.031152386218309402
v -0.46060386300086975 0.1806720644235611 0.012206345796585083
v -0.5066662430763245 0.06846731156110764 0.13559210300445557
v -0.5101481080055237 0.10099337995052338 0.1369648277759552
v -0.492348849773407 0.12314842641353607 0.1287205070257187
v -0.5112990736961365 0.12235918641090393 0.12914367020130157
v -0.5684278011322021 0.03250780701637268 0.10690143704414368
v -0.5582337379455566 0.043153584003448486 0.11360963433980942
v -0.5289623737335205 0.039304837584495544 0.11955128610134125
v -0.5972154140472412 0.04222775995731354 0.09948603808879852
v -0.5172180533409119 0.05205925554037094 0.12961259484291077
v -0.6345088481903076 0.0513031929731369 0.07759514451026917
v -0.49705421924591064 0.14544552564620972 0.11190759390592575
v -0.48639824986457825 0.1572161614894867 0.095491424202919
v -0.65045166015625 0.058120906352996826 0.05944854021072388
v -0.45988526940345764 0.18788161873817444 -0.012312881648540497
v -0.4531053304672241 0.18688520789146423 -0.03234730660915375
v -0.4400235414505005 0.17119817435741425 -0.03608867526054382
v -0.4323064684867859 0.15486973524093628 -0.04670209437608719
v -0.43114379048347473 0.15300126373767853 -0.06850175559520721
v -0.4344714879989624 0.13975463807582855 -0.07865776121616364
v -0.43712133169174194 0.13902053236961365 -0.09195077419281006
v -0.36557120084762573 0.13718998432159424 -0.05828578397631645
v -0.3735155463218689 0.13378076255321503 -0.043963804841041565
v -0.3744680881500244 0.1403197944164276 -0.048435598611831665
v -0.3837061822414398 0.1315338909626007 -0.03211129456758499
v -0.36889445781707764 0.1340777724981308 -0.06307239830493927
v -0.3850536048412323 0.12813664972782135 -0.05393053591251373
v -0.38568180799484253 0.12369732558727264 -0.040595024824142456
v -0.3925725817680359 0.1297934353351593 -0.026618488132953644
v -0.3963344693183899 0.12663184106349945 -0.025315701961517334
v -0.03638644143939018 0.3536260426044464 0.1936054229736328
v -0.04055696725845337 0.3570089042186737 0.18596619367599487
v -0.02430228516459465 0.3556070327758789 0.1881730556488037
v -0.028904100880026817 0.3632458746433258 0.187147855758667
v -0.03919391334056854 0.37126508355140686 0.184185191988945
v -0.04661423712968826 0.3632911741733551 0.19583359360694885
v -0.035114437341690063 0.36658650636672974 0.19799989461898804
v -0.02739102765917778 0.36709457635879517 0.19625970721244812
v -0.02675020508468151 0.3701326549053192 0.19344183802604675
v 0.11704938113689423 0.4147154688835144 -0.14993467926979065
v 0.11281847953796387 0.4301447570323944 -0.1404682695865631
v 0.11881302297115326 0.43979036808013916 -0.1290622055530548
v 0.14254720509052277 0.40775319933891296 -0.10985489189624786
v 0.15852497518062592 0.4427783191204071 -0.12887515127658844
v 0.1437235027551651 0.4552468955516815 -0.13979266583919525
v 0.13953861594200134 0.39283037185668945 -0.11455267667770386
v 0.15398071706295013 0.398338258266449 -0.1557728350162506
v 0.13575799763202667 0.4140586256980896 -0.16551905870437622
v -0.47807833552360535 0.1674560308456421 0.07829684764146805
v -0.4716263711452484 0.17874152958393097 0.04125463217496872
v -0.4725203514099121 0.18826401233673096 0.0227244533598423
v -0.4727785587310791 0.1976921260356903 0.0022818967700004578
v -0.5251722931861877 0.09306104481220245 0.1350654661655426
v -0.5283257365226746 0.11814612150192261 0.1274961531162262
v -0.5302664041519165 0.14267176389694214 0.11667218804359436
v -0.5149898529052734 0.14113976061344147 0.11802783608436584
v -0.5874570608139038 0.05159883201122284 0.1097579225897789
v -0.5759252905845642 0.06397916376590729 0.11725082993507385
v -0.5496121644973755 0.05763144791126251 0.11918391287326813
v -0.6165995001792908 0.05987706780433655 0.09514699876308441
v -0.5365690588951111 0.0717676430940628 0.13237226009368896
v -0.6514684557914734 0.07048514485359192 0.058768704533576965
v -0.49846670031547546 0.1766752004623413 0.08177345991134644
v -0.6643533706665039 0.07332199811935425 0.040132731199264526
v -0.4654332995414734 0.1976609230041504 -0.031041249632835388
v -0.44839203357696533 0.1877816617488861 -0.05335236340761185
v -0.45911529660224915 0.19832004606723785 -0.04425416886806488
v -0.43735605478286743 0.1687217503786087 -0.06055990606546402
v -0.43481382727622986 0.15162509679794312 -0.0882178470492363
v -0.43937525153160095 0.16584207117557526 -0.08211708068847656
v -0.438477098941803 0.14788536727428436 -0.10466982424259186
v -0.3767988085746765 0.14058786630630493 -0.05216783285140991
v -0.38373544812202454 0.1347472220659256 -0.036489419639110565
v -0.3850628137588501 0.13800229132175446 -0.03921676427125931
v -0.3980456590652466 0.13159243762493134 -0.025676704943180084
v -0.38394153118133545 0.13524320721626282 -0.05516446381807327
v -0.39101821184158325 0.12708620727062225 -0.042742758989334106
v -0.3914797604084015 0.12437127530574799 -0.032529719173908234
v -0.40912237763404846 0.12816911935806274 -0.019266672432422638
v -0.4067141115665436 0.13136160373687744 -0.02116740494966507
v -0.046643808484077454 0.363549143075943 0.19309499859809875
v -0.050597041845321655 0.37699589133262634 0.19011318683624268
v -0.026306400075554848 0.3676520586013794 0.18830308318138123
v -0.023643989115953445 0.37528738379478455 0.18610736727714539
v -0.026913698762655258 0.37946221232414246 0.18042923510074615
v -0.04183012992143631 0.3757122755050659 0.19405345618724823
v -0.03324905037879944 0.3766908049583435 0.19488394260406494
v -0.0255628302693367 0.37864357233047485 0.19471611082553864
v 0.12852884829044342 0.43818870186805725 -0.16695645451545715
v 0.1320493221282959 0.45331546664237976 -0.15427130460739136
v 0.15888819098472595 0.4233270585536957 -0.12263479828834534
v 0.15305191278457642 0.4690074622631073 -0.162602037191391
v 0.17418219149112701 0.4596281349658966 -0.14819641411304474
v 0.16357910633087158 0.4017239809036255 -0.13687561452388763
v 0.16187390685081482 0.41913366317749023 -0.18003937602043152
v 0.14601778984069824 0.4301159083843231 -0.18233652412891388
v -0.4825184643268585 0.18656867742538452 0.05575457215309143
v -0.4823235869407654 0.1947750598192215 0.02947051450610161
v -0.4846440553665161 0.2049313187599182 0.0142226442694664
v -0.4756581783294678 0.2059420645236969 -0.021650783717632294
v -0.5484717488288879 0.11453241109848022 0.12235468626022339
v -0.5498456954956055 0.1421869397163391 0.1123931035399437
v -0.5467074513435364 0.16372671723365784 0.1033860519528389
v -0.5289032459259033 0.16731080412864685 0.10308762639760971
v -0.5690117478370667 0.08248230814933777 0.12025585770606995
v -0.6040827631950378 0.07283541560173035 0.10264551639556885
v -0.6398704648017883 0.0809827595949173 0.07377812266349792
v -0.5571607947349548 0.10073672235012054 0.12289644777774811
v -0.6639333963394165 0.08898423612117767 0.04109083116054535
v -0.5122348666191101 0.17391401529312134 0.09355181455612183
v -0.4965727925300598 0.19225269556045532 0.06678637862205505
v -0.6745869517326355 0.10096047818660736 0.021496713161468506
v -0.47226041555404663 0.20890219509601593 -0.04250603914260864
v -0.46650779247283936 0.2068917155265808 -0.05997908115386963
v -0.4584590196609497 0.19652071595191956 -0.0721525251865387
v -0.44617584347724915 0.18206752836704254 -0.0758339986205101
v -0.44690951704978943 0.18009205162525177 -0.09406450390815735
v -0.44305622577667236 0.16618043184280396 -0.10452175885438919
v -0.44647347927093506 0.1532769501209259 -0.11791740357875824
v -0.38933295011520386 0.142472505569458 -0.04228734225034714
v -0.3910616636276245 0.1354440152645111 -0.033570826053619385
v -0.3948683440685272 0.13689544796943665 -0.03517594933509827
v -0.4128396213054657 0.13125500082969666 -0.02115849405527115
v -0.39222392439842224 0.13231708109378815 -0.047459445893764496
v -0.39817097783088684 0.12792490422725677 -0.03256929665803909
v -0.4004586338996887 0.12647280097007751 -0.023895330727100372
v -0.4219852387905121 0.13043932616710663 -0.01575113832950592
v -0.42882007360458374 0.13180789351463318 -0.0106053426861763
v -0.05914441868662834 0.37989169359207153 0.19605813920497894
v -0.035850267857313156 0.3914489150047302 0.17668886482715607
v -0.04561709985136986 0.38181909918785095 0.1810784786939621
v -0.022127538919448853 0.3857189118862152 0.18758657574653625
v -0.0344114825129509 0.390869677066803 0.18854795396327972
v 0.14362956583499908 0.45070913434028625 -0.17903830111026764
v 0.14413493871688843 0.46274930238723755 -0.18097782135009766
v 0.18191474676132202 0.43173739314079285 -0.14140810072422028
v 0.1622902899980545 0.476551353931427 -0.18764281272888184
v 0.18208053708076477 0.47634124755859375 -0.1717999130487442
v 0.18640859425067902 0.41439691185951233 -0.17104274034500122
v 0.1888177990913391 0.42549678683280945 -0.19132015109062195
v 0.16874942183494568 0.43300002813339233 -0.19705280661582947
v -0.4889288544654846 0.19944792985916138 0.03914620727300644
v -0.49150124192237854 0.20879590511322021 0.024248503148555756
v -0.48698049783706665 0.21329224109649658 -0.002503238618373871
v -0.48391616344451904 0.2171841561794281 -0.0396815687417984
v -0.5707412958145142 0.1386653482913971 0.10519710928201675
v -0.5660597681999207 0.16458097100257874 0.09649761021137238
v -0.556850016117096 0.1910829246044159 0.08518501371145248
v -0.5314027667045593 0.19547177851200104 0.08167392015457153
v -0.6024067401885986 0.09761069715023041 0.10172461718320847
v -0.5847679376602173 0.11689336597919464 0.1078304648399353
v -0.6235635280609131 0.09079478681087494 0.08836323022842407
v -0.6569057703018188 0.10022144019603729 0.05242014676332474
v -0.5721367597579956 0.1271233707666397 0.11010366678237915
v -0.6708914041519165 0.11371974647045135 0.026520684361457825
v -0.5128952264785767 0.19535547494888306 0.07476817071437836
v -0.5005595088005066 0.20754709839820862 0.0478520505130291
v -0.6810628175735474 0.1272556185722351 0.0003883838653564453
v -0.4818047881126404 0.21988455951213837 -0.055470310151576996
v -0.4846428334712982 0.22179055213928223 -0.07418922334909439
v -0.4706786274909973 0.20864278078079224 -0.08062300086021423
v -0.45874637365341187 0.19517645239830017 -0.0893760472536087
v -0.4602333903312683 0.19082793593406677 -0.10984886437654495
v -0.46207207441329956 0.1744832843542099 -0.12320040166378021
v -0.3977067470550537 0.13749811053276062 -0.0367741659283638
v -0.40712592005729675 0.12988558411598206 -0.02908416837453842
v -0.4109779894351959 0.13196033239364624 -0.024861067533493042
v -0.42879045009613037 0.13210009038448334 -0.017670325934886932
v -0.3987842798233032 0.13327957689762115 -0.03921811282634735
v -0.4039137363433838 0.127553790807724 -0.024084627628326416
v -0.42002296447753906 0.12939691543579102 -0.014572545886039734
v -0.44376301765441895 0.12577903270721436 -0.006393000483512878
v -0.44537436962127686 0.12774166464805603 -0.007567606866359711
v -0.04708746820688248 0.3906311094760895 0.18462133407592773
v -0.038999348878860474 0.3983801305294037 0.17552447319030762
v -0.03843526542186737 0.4022810161113739 0.17262482643127441
v -0.03352629020810127 0.39052876830101013 0.1788480281829834
v -0.03863537311553955 0.39755779504776 0.1774979680776596
v 0.15425126254558563 0.45147258043289185 -0.1984812170267105
v 0.1577710211277008 0.467022567987442 -0.1974514126777649
v 0.20151463150978088 0.4468587636947632 -0.16474398970603943
v 0.17692580819129944 0.4842955768108368 -0.19855864346027374
v 0.19249671697616577 0.4818057715892792 -0.18895402550697327
v 0.20384685695171356 0.43058252334594727 -0.18400022387504578
v 0.20717668533325195 0.43536320328712463 -0.19737723469734192
v 0.19135788083076477 0.4356718957424164 -0.20419172942638397
v -0.4942518174648285 0.21784132719039917 0.00926055759191513
v -0.4934910833835602 0.22286900877952576 -0.02668892592191696
v -0.4971991181373596 0.2296861857175827 -0.0484466552734375
v -0.5879391431808472 0.16169916093349457 0.08837799727916718
v -0.5817824602127075 0.1906442642211914 0.07654665410518646
v -0.5547176003456116 0.21837881207466125 0.06181146577000618
v -0.5320588946342468 0.2169688493013382 0.05927646905183792
v -0.6133823394775391 0.1382182240486145 0.0843292772769928
v -0.6265168190002441 0.11628958582878113 0.07964079082012177
v -0.6435291767120361 0.10920417308807373 0.06616872549057007
v -0.6653571724891663 0.12542755901813507 0.03246830403804779
v -0.590851366519928 0.14785563945770264 0.09469212591648102
v -0.6754206418991089 0.13971474766731262 0.008502870798110962
v -0.5140692591667175 0.2127915322780609 0.054733000695705414
v -0.5010682940483093 0.2164851874113083 0.029266446828842163
v -0.6822503209114075 0.15231721103191376 -0.017369017004966736
v -0.49788621068000793 0.2324448823928833 -0.06894858181476593
v -0.49559900164604187 0.23233044147491455 -0.0862642228603363
v -0.48313406109809875 0.22185847163200378 -0.09004909545183182
v -0.47364863753318787 0.21119502186775208 -0.09913212060928345
v -0.47925865650177 0.19837024807929993 -0.1268456131219864
v -0.48266154527664185 0.18456728756427765 -0.13745230436325073
v -0.4042990803718567 0.13156400620937347 -0.03329828381538391
v -0.42939186096191406 0.12872463464736938 -0.021170087158679962
v -0.42217856645584106 0.12832559645175934 -0.023000948131084442
v -0.4481413662433624 0.13055863976478577 -0.013452209532260895
v -0.4062279462814331 0.12939323484897614 -0.029362857341766357
v -0.4119236469268799 0.12659183144569397 -0.018919043242931366
v -0.4359979033470154 0.1263461410999298 -0.009612590074539185
v -0.47352540493011475 0.1305892914533615 -0.0017499923706054688
v -0.46216148138046265 0.12698286771774292 -0.0014498084783554077
v -0.04727637767791748 0.4021463692188263 0.1725795567035675
v -0.04016369581222534 0.40741437673568726 0.17192363739013672
v -0.04112675040960312 0.41855546832084656 0.16908356547355652
v -0.04305128753185272 0.4055452048778534 0.17207737267017365
v -0.04452705755829811 0.4089227318763733 0.17430433630943298
v -0.04986954107880592 0.4083317518234253 0.17263862490653992
v 0.17291173338890076 0.4464813470840454 -0.20715828239917755
v 0.16849051415920258 0.4626779854297638 -0.2096894383430481
v 0.16787490248680115 0.4752620756626129 -0.20540527999401093
v 0.20907391607761383 0.47021540999412537 -0.18249846994876862
v 0.17729538679122925 0.48268190026283264 -0.20515063405036926
v 0.1883487105369568 0.4858855903148651 -0.19961482286453247
v 0.2194201946258545 0.4433865249156952 -0.18486785888671875
v 0.21753281354904175 0.45028454065322876 -0.2032374143600464
v 0.20495957136154175 0.44666844606399536 -0.20897817611694336
v -0.5079390406608582 0.22969771921634674 0.0126195028424263
v -0.5010862946510315 0.2268584817647934 -0.005950957536697388
v -0.511372447013855 0.23788225650787354 -0.03446827828884125
v -0.5121694207191467 0.2421371340751648 -0.06010060757398605
v -0.6003319025039673 0.1847444474697113 0.06954354047775269
v -0.5787034630775452 0.2164071500301361 0.05979233980178833
v -0.5538288354873657 0.23576244711875916 0.039840057492256165
v -0.5318794846534729 0.23151369392871857 0.0364752933382988
v -0.6434752345085144 0.14339545369148254 0.05606961250305176
v -0.6303629875183105 0.16446131467819214 0.057914912700653076
v -0.6569088697433472 0.130668044090271 0.04427899420261383
v -0.6674298644065857 0.1500297337770462 0.018588393926620483
v -0.6102755069732666 0.1746818870306015 0.07076992094516754
v -0.6741025447845459 0.16143713891506195 -0.0031140148639678955
v -0.5157277584075928 0.22597263753414154 0.032383885234594345
v -0.6855597496032715 0.16706036031246185 -0.04144415259361267
v -0.5090206861495972 0.24235332012176514 -0.08200135827064514
v -0.5082171559333801 0.24317900836467743 -0.10323414951562881
v -0.49122995138168335 0.22875244915485382 -0.10478468239307404
v -0.4832318425178528 0.2139570266008377 -0.11835044622421265
v -0.4152219295501709 0.12796171009540558 -0.027208328247070312
v -0.4418695569038391 0.13276222348213196 -0.02253539115190506
v -0.43420422077178955 0.13485980033874512 -0.028505966067314148
v -0.46870365738868713 0.1354481726884842 -0.013740859925746918
v -0.41176837682724 0.12609758973121643 -0.024983257055282593
v -0.43220388889312744 0.12363868951797485 -0.015581861138343811
v -0.4538397192955017 0.11956476420164108 -0.004797056317329407
v -0.4812098443508148 0.12516646087169647 0.0031540095806121826
v -0.49658751487731934 0.13229551911354065 0.0013138502836227417
v -0.04404189810156822 0.4172748327255249 0.16462554037570953
v -0.04857487976551056 0.4220028221607208 0.16820670664310455
v -0.050043825060129166 0.4284231662750244 0.16588789224624634
v -0.04370642825961113 0.40909966826438904 0.1707063615322113
v -0.050269272178411484 0.4154191315174103 0.16781562566757202
v -0.047794803977012634 0.4176912009716034 0.16440919041633606
v 0.1877218782901764 0.4529155194759369 -0.21568332612514496
v 0.17447561025619507 0.4787147045135498 -0.20977041125297546
v 0.17672555148601532 0.4699399471282959 -0.2149280607700348
v 0.20331817865371704 0.4768160581588745 -0.19270676374435425
v 0.17800892889499664 0.4855528175830841 -0.20790539681911469
v 0.18917429447174072 0.48636019229888916 -0.2053113579750061
v 0.2146623730659485 0.46755552291870117 -0.1950092315673828
v 0.21300753951072693 0.4697958827018738 -0.20386993885040283
v 0.21438497304916382 0.4585318863391876 -0.21320047974586487
v -0.5257948637008667 0.24196234345436096 0.007260940968990326
v -0.5180715918540955 0.23923100531101227 -0.0070901066064834595
v -0.5261300802230835 0.25008347630500793 -0.050057150423526764
v -0.5252571105957031 0.2525966167449951 -0.07134926319122314
v -0.5980056524276733 0.2093033492565155 0.05511847138404846
v -0.5735687017440796 0.23661932349205017 0.04026723653078079
v -0.5467041730880737 0.24627110362052917 0.01514347642660141
v -0.5291633009910583 0.2377772480249405 0.021709248423576355
v -0.6462656259536743 0.17722325026988983 0.034659579396247864
v -0.6287446022033691 0.19153232872486115 0.04330592602491379
v -0.657564103603363 0.16176030039787292 0.029524341225624084
v -0.6673864126205444 0.1728205382823944 0.0017518401145935059
v -0.6137429475784302 0.20147711038589478 0.04962199926376343
v -0.675869345664978 0.17933012545108795 -0.02596566081047058
v -0.6834617853164673 0.19114194810390472 -0.06224261224269867
v -0.5274050235748291 0.2563655376434326 -0.09597807377576828
v -0.5249515771865845 0.25682124495506287 -0.12005461752414703
v -0.5054774284362793 0.23731207847595215 -0.1260371208190918
v -0.49774447083473206 0.21632370352745056 -0.1405499428510666
v -0.4926077127456665 0.20078332722187042 -0.14052405953407288
v -0.496998131275177 0.1918896734714508 -0.14905638992786407
v -0.42575451731681824 0.12961727380752563 -0.034088924527168274
v -0.4657294750213623 0.13976076245307922 -0.02242443710565567
v -0.45939621329307556 0.13562023639678955 -0.03361409902572632
v -0.49540096521377563 0.14445336163043976 -0.010237351059913635
v -0.4233156144618988 0.12756429612636566 -0.02371908724308014
v -0.44842037558555603 0.12031926959753036 -0.017574697732925415
v -0.4760456681251526 0.12247738242149353 -0.0034774839878082275
v -0.5047175288200378 0.13148196041584015 0.0017567723989486694
v -0.515215277671814 0.14110523462295532 -0.0016901642084121704
v -0.04582015797495842 0.418413370847702 0.1637973040342331
v -0.04713110998272896 0.4305112361907959 0.16171450912952423
v -0.05074271187186241 0.4195665717124939 0.16333997249603271
v -0.05731403827667236 0.43808120489120483 0.16595223546028137
v -0.05766884610056877 0.4282718300819397 0.16547492146492004
v -0.050879258662462234 0.42371344566345215 0.1585351675748825
v -0.04649879038333893 0.42779165506362915 0.15575383603572845
v 0.19095593690872192 0.4617558717727661 -0.21622923016548157
v 0.1838681548833847 0.47479742765426636 -0.21500757336616516
v 0.17614467442035675 0.4783817529678345 -0.20932060480117798
v 0.20059160888195038 0.47929278016090393 -0.19859245419502258
v 0.20735299587249756 0.4763135015964508 -0.20045730471611023
v 0.20439504086971283 0.4793395698070526 -0.20177561044692993
v 0.20218171179294586 0.474204421043396 -0.20406663417816162
v -0.5304872989654541 0.24855075776576996 -0.011080235242843628
v -0.5377044677734375 0.2582732141017914 -0.06169493496417999
v -0.540240466594696 0.2634132504463196 -0.07977886497974396
v -0.5938647985458374 0.23405586183071136 0.03652007877826691
v -0.5697277784347534 0.251689612865448 0.017394840717315674
v -0.5431123375892639 0.2509014308452606 -0.0051849111914634705
v -0.6412298679351807 0.2051599621772766 0.016628965735435486
v -0.6246404051780701 0.2184937596321106 0.024368353188037872
v -0.6559666395187378 0.18588539958000183 0.010144934058189392
v -0.6655738949775696 0.19500701129436493 -0.017960533499717712
v -0.6102726459503174 0.2265569418668747 0.03148632496595383
v -0.6726536154747009 0.20385241508483887 -0.04428526759147644
v -0.6774563789367676 0.21723245084285736 -0.09819461405277252
v -0.5382013320922852 0.26583898067474365 -0.10875046253204346
v -0.5311708450317383 0.2591358423233032 -0.14586254954338074
v -0.5167160034179688 0.23860493302345276 -0.15202364325523376
v -0.5111956000328064 0.22336137294769287 -0.15792040526866913
v -0.5035420656204224 0.20672078430652618 -0.15384812653064728
v -0.5026359558105469 0.19354219734668732 -0.15739764273166656
v -0.5062161684036255 0.20116421580314636 -0.1616106629371643
v -0.4445474445819855 0.13205985724925995 -0.0326261892914772
v -0.484616756439209 0.1416081190109253 -0.025221362709999084
v -0.4815927743911743 0.13713572919368744 -0.031064443290233612
v -0.5189440250396729 0.1473279893398285 -0.009085744619369507
v -0.4383629560470581 0.12780119478702545 -0.02887963503599167
v -0.46959933638572693 0.12239442020654678 -0.016904324293136597
v -0.4980107247829437 0.12654824554920197 -0.0022179782390594482
v -0.5160258412361145 0.12961377203464508 5.313754081726074e-05
v -0.5266779065132141 0.1336827129125595 0.001249164342880249
v -0.045404791831970215 0.4320164918899536 0.15883035957813263
v -0.05006886646151543 0.4399526119232178 0.16001033782958984
v -0.05466428026556969 0.4292741119861603 0.15615814924240112
v -0.060680706053972244 0.4311032295227051 0.1562402844429016
v -0.058539845049381256 0.437882661819458 0.15952393412590027
v -0.05182509124279022 0.43479612469673157 0.1495535969734192
v -0.047562673687934875 0.4391483664512634 0.14754091203212738
v 0.19376659393310547 0.4711794853210449 -0.20754899084568024
v 0.18042519688606262 0.4769399166107178 -0.20643769204616547
v 0.1706741899251938 0.482721209526062 -0.21260103583335876
v 0.19900599122047424 0.4843360483646393 -0.20509012043476105
v 0.18553289771080017 0.4928146004676819 -0.214811310172081
v 0.1861289143562317 0.4870942234992981 -0.1994747817516327
v 0.19062215089797974 0.4827149212360382 -0.19865158200263977
v -0.5397346615791321 0.25398457050323486 -0.02251151204109192
v -0.527657151222229 0.248954638838768 -0.026671454310417175
v -0.5432798862457275 0.25965994596481323 -0.04341323673725128
v -0.54974764585495 0.2667573094367981 -0.06287727504968643
v -0.5426455140113831 0.26573389768600464 -0.09624215960502625
v -0.5881263613700867 0.25191712379455566 0.01673314720392227
v -0.562987744808197 0.2585906684398651 -0.005914904177188873
v -0.63711017370224 0.22808238863945007 -0.004054531455039978
v -0.6204948425292969 0.23995819687843323 0.004260838031768799
v -0.6517362594604492 0.21189221739768982 -0.01071399450302124
v -0.6609637141227722 0.2199927419424057 -0.038322001695632935
v -0.6045297384262085 0.24407625198364258 0.01623726636171341
v -0.6705672740936279 0.22476860880851746 -0.07007673382759094
v -0.6655110716819763 0.23865336179733276 -0.1230948269367218
v -0.5445070266723633 0.2695866823196411 -0.12453170120716095
v -0.5398690104484558 0.25938093662261963 -0.17333365976810455
v -0.521999716758728 0.23617061972618103 -0.16944094002246857
v -0.5158233642578125 0.21950143575668335 -0.16857635974884033
v -0.46208712458610535 0.1334780901670456 -0.03144628554582596
v -0.49782466888427734 0.13778647780418396 -0.02934686839580536
v -0.5071410536766052 0.14780938625335693 -0.022424891591072083
v -0.5320114493370056 0.14230039715766907 -0.004103273153305054
v -0.46201297640800476 0.12630219757556915 -0.02749362587928772
v -0.487842857837677 0.12443752586841583 -0.009495452046394348
v -0.5062277317047119 0.12875375151634216 -0.006307721138000488
v -0.525914192199707 0.131000816822052 -0.00011362135410308838
v -0.5310290455818176 0.1267404854297638 0.0052972882986068726
v -0.049406666308641434 0.44305068254470825 0.15480324625968933
v -0.05555132403969765 0.44790181517601013 0.16133318841457367
v -0.05776539072394371 0.4274413585662842 0.1542760580778122
v -0.05782143026590347 0.4296659529209137 0.15293169021606445
v -0.06004897877573967 0.4340260922908783 0.1593802571296692
v -0.051829442381858826 0.43290185928344727 0.14474400877952576
v -0.04734700918197632 0.43305251002311707 0.15075671672821045
v 0.18283285200595856 0.4772076904773712 -0.2001684010028839
v 0.17430685460567474 0.5058901309967041 -0.21124330163002014
v 0.1739220917224884 0.4898127317428589 -0.20722702145576477
v 0.17828071117401123 0.4989781975746155 -0.2104540914297104
v 0.18769127130508423 0.4910097122192383 -0.2068518102169037
v 0.1823253184556961 0.49412211775779724 -0.19885431230068207
v 0.1820976883172989 0.48685210943222046 -0.19882887601852417
v -0.5554031729698181 0.2623562216758728 -0.02563687413930893
v -0.5585363507270813 0.2691200077533722 -0.04708485305309296
v -0.5565547943115234 0.2705954313278198 -0.08705878257751465
v -0.5866551399230957 0.264675498008728 -0.009820222854614258
v -0.6323057413101196 0.24709680676460266 -0.02115830034017563
v -0.6205323338508606 0.25575923919677734 -0.020778335630893707
v -0.6456149816513062 0.2376512736082077 -0.03059280663728714
v -0.65446937084198 0.24680325388908386 -0.06231001764535904
v -0.605980396270752 0.2556736171245575 -0.004125282168388367
v -0.6613108515739441 0.24541547894477844 -0.09474866837263107
v -0.6580044627189636 0.25133058428764343 -0.14850512146949768
v -0.5623183250427246 0.277395099401474 -0.15194734930992126
v -0.5530632734298706 0.2635466754436493 -0.19223211705684662
v -0.5311190485954285 0.24191530048847198 -0.18629631400108337
v -0.48636558651924133 0.13221673667430878 -0.029472604393959045
v -0.5290482044219971 0.14324337244033813 -0.014731168746948242
v -0.5192335844039917 0.13603420555591583 -0.028168097138404846
v -0.5378691554069519 0.12931376695632935 0.002460286021232605
v -0.4838140606880188 0.12418235838413239 -0.02394653856754303
v -0.49568474292755127 0.12668395042419434 -0.016892731189727783
v -0.5200001001358032 0.12944395840168 -0.006214141845703125
v -0.5383821129798889 0.11796022206544876 0.010347172617912292
v -0.5336743593215942 0.12764187157154083 0.0017720311880111694
v -0.04707659035921097 0.4439758062362671 0.1548224538564682
v -0.05622964724898338 0.4395042955875397 0.16167975962162018
v -0.0546751506626606 0.42426490783691406 0.1490292102098465
v -0.05647566169500351 0.4316372573375702 0.1423584669828415
v -0.05994043126702309 0.43267759680747986 0.1526792049407959
v -0.0524306520819664 0.4278840124607086 0.15042294561862946
v -0.04836740344762802 0.42973819375038147 0.15295499563217163
v 0.17792530357837677 0.484153151512146 -0.20305082201957703
v 0.1816539615392685 0.5063637495040894 -0.20554032921791077
v 0.1819353848695755 0.5086207389831543 -0.2123073786497116
v 0.1791311502456665 0.4995446503162384 -0.21021904051303864
v 0.1810200959444046 0.4993899166584015 -0.20456263422966003
v 0.18223996460437775 0.4969547390937805 -0.20152312517166138
v 0.18126660585403442 0.49075987935066223 -0.20405274629592896
v -0.5731315612792969 0.2693900465965271 -0.028622716665267944
v -0.5660256743431091 0.2720988988876343 -0.0679285004734993
v -0.5509743690490723 0.2710532546043396 -0.10741795599460602
v -0.568846583366394 0.2758687734603882 -0.10346942394971848
v -0.6086880564689636 0.2657477557659149 -0.02711934596300125
v -0.6294971108436584 0.26179444789886475 -0.042948007583618164
v -0.6179932355880737 0.26701903343200684 -0.03971479833126068
v -0.6408525109291077 0.2537038326263428 -0.045544400811195374
v -0.6502262949943542 0.2570478320121765 -0.08246487379074097
v -0.65150386095047 0.2597350478172302 -0.12364920973777771
v -0.6435281038284302 0.2649904191493988 -0.18002060055732727
v -0.5680654644966125 0.27711641788482666 -0.12350200116634369
v -0.5836663246154785 0.28336310386657715 -0.13618141412734985
v -0.5715538859367371 0.28026771545410156 -0.1829816848039627
v -0.5528161525726318 0.25341570377349854 -0.20453296601772308
v -0.5731894969940186 0.2756185531616211 -0.2082049548625946
v -0.6012827157974243 0.276981383562088 -0.21882109344005585
v -0.502650797367096 0.12709324061870575 -0.024673715233802795
v -0.5351768732070923 0.1306048184633255 -0.018690094351768494
v -0.5443198084831238 0.13614988327026367 -0.0046754032373428345
v -0.5452566146850586 0.12497668713331223 0.003524765372276306
v -0.4991186559200287 0.12541377544403076 -0.020666316151618958
v -0.5074054002761841 0.12358582019805908 -0.018487021327018738
v -0.5298663377761841 0.1301155984401703 -0.010775640606880188
v -0.5514670610427856 0.1195981502532959 0.009847849607467651
v -0.5441741347312927 0.10943435877561569 0.01870696246623993
v -0.04978721961379051 0.4354609549045563 0.15759599208831787
v -0.05695471912622452 0.436653196811676 0.16135431826114655
v -0.05189334973692894 0.4354493319988251 0.14596480131149292
v -0.05784450098872185 0.4362812340259552 0.14153951406478882
v -0.0607932023704052 0.43814486265182495 0.14245223999023438
v -0.05002265423536301 0.43169817328453064 0.14873746037483215
v -0.04844459891319275 0.4305422306060791 0.15164066851139069
v 0.17883701622486115 0.49324411153793335 -0.20773211121559143
v 0.18231944739818573 0.5095115303993225 -0.20694661140441895
v 0.18309243023395538 0.5040154457092285 -0.21313247084617615
v 0.18697088956832886 0.5087927579879761 -0.2152649164199829
v 0.17960339784622192 0.510187029838562 -0.2053719162940979
v 0.18747490644454956 0.49785035848617554 -0.20779283344745636
v 0.18607409298419952 0.4967528283596039 -0.21176499128341675
v -0.5934738516807556 0.27279937267303467 -0.03852458298206329
v -0.5766752362251282 0.27648666501045227 -0.08986276388168335
v -0.5855408906936646 0.2806997299194336 -0.11368518322706223
v -0.6233065724372864 0.27088576555252075 -0.061126068234443665
v -0.6092251539230347 0.2731224596500397 -0.05084884166717529
v -0.6394239664077759 0.2645287811756134 -0.0690506100654602
v -0.6448971033096313 0.2658011317253113 -0.09921702742576599
v -0.6387801766395569 0.2746730148792267 -0.1514844298362732
v -0.622494637966156 0.27604568004608154 -0.20210419595241547
v -0.5957589745521545 0.28667521476745605 -0.1633564829826355
v -0.6102072596549988 0.2836005687713623 -0.1260889768600464
v -0.5957788825035095 0.2850465178489685 -0.19530148804187775
v -0.5219448804855347 0.1253352165222168 -0.022149696946144104
v -0.5526915788650513 0.13821761310100555 -0.0017129629850387573
v -0.5450989007949829 0.1349043995141983 -0.016638025641441345
v -0.5577501058578491 0.1379251331090927 0.008700445294380188
v -0.5081276297569275 0.12405993044376373 -0.02267421782016754
v -0.5220339298248291 0.11737479269504547 -0.013392612338066101
v -0.5347455739974976 0.12280094623565674 -0.007250100374221802
v -0.5545503497123718 0.10615015029907227 0.006755933165550232
v -0.5593894124031067 0.11920805275440216 0.013411328196525574
v -0.05168762058019638 0.4325017035007477 0.158046156167984
v -0.06004860997200012 0.4364941716194153 0.15083888173103333
v -0.054330047219991684 0.44135645031929016 0.1425277143716812
v -0.06199853867292404 0.44628310203552246 0.1379651427268982
v -0.0597490556538105 0.4436589181423187 0.141580730676651
v -0.051834836602211 0.4409530460834503 0.14628633856773376
v -0.04922470077872276 0.43435776233673096 0.15270709991455078
v 0.18453890085220337 0.5008305311203003 -0.2135745733976364
v 0.1870812028646469 0.5117361545562744 -0.2122580111026764
v 0.18812775611877441 0.5048587322235107 -0.21612918376922607
v 0.1949000060558319 0.5112848877906799 -0.21745061874389648
v 0.18701910972595215 0.5054214596748352 -0.20574627816677094
v 0.19814856350421906 0.4985160231590271 -0.21086940169334412
v 0.19516372680664062 0.4970930218696594 -0.21540115773677826
v -0.5762026906013489 0.2737165689468384 -0.050670087337493896
v -0.5999231338500977 0.28101637959480286 -0.09954676777124405
v -0.5916545391082764 0.276814341545105 -0.06826072931289673
v -0.6141117215156555 0.27622655034065247 -0.07811875641345978
v -0.6291883587837219 0.2752562165260315 -0.09161578118801117
v -0.632594108581543 0.27743321657180786 -0.12157267332077026
v -0.6218976974487305 0.2816212475299835 -0.17515692114830017
v -0.6202921867370605 0.2830321192741394 -0.14993426203727722
v -0.6184871792793274 0.2801237404346466 -0.10500115901231766
v -0.5351186990737915 0.1281275451183319 -0.020377829670906067
v -0.5649142861366272 0.1383332908153534 0.0054620057344436646
v -0.5529855489730835 0.13918204605579376 -0.006888896226882935
v -0.5695440173149109 0.13228696584701538 0.017362862825393677
v -0.5232787132263184 0.12117932736873627 -0.019336342811584473
v -0.5284684300422668 0.12138968706130981 -0.016477763652801514
v -0.5564634203910828 0.11965453624725342 -0.0076411813497543335
v -0.5693564414978027 0.11270032823085785 0.009460285305976868
v -0.5740391612052917 0.12051767855882645 0.019810393452644348
v -0.058705948293209076 0.43932026624679565 0.15432274341583252
v -0.061504557728767395 0.44309163093566895 0.14175823330879211
v -0.059150949120521545 0.4444314241409302 0.13865792751312256
v -0.058911390602588654 0.4483654499053955 0.1426064372062683
v -0.061434563249349594 0.4495791494846344 0.14072810113430023
v -0.05611499026417732 0.44553419947624207 0.14198896288871765
v -0.06023603677749634 0.444896399974823 0.1470927894115448
v 0.19243718683719635 0.5029623508453369 -0.21733157336711884
v 0.2027837187051773 0.5108962059020996 -0.21235951781272888
v 0.20721925795078278 0.5094643235206604 -0.22272424399852753
v 0.21372191607952118 0.5153710842132568 -0.2221510112285614
v 0.20235593616962433 0.5044499635696411 -0.2122477889060974
v 0.21179284155368805 0.5016164779663086 -0.2195274531841278
v 0.20643867552280426 0.4985065460205078 -0.22081667184829712
v -0.5459045171737671 0.13267195224761963 -0.01505202054977417
v -0.5636082291603088 0.13641540706157684 0.007668450474739075
v -0.5553950071334839 0.13444629311561584 -0.00311163067817688
v -0.574432909488678 0.13687853515148163 0.0228106826543808
v -0.5350781083106995 0.1275566667318344 -0.01744621992111206
v -0.5428376197814941 0.11652092635631561 -0.01729673147201538
v -0.5653030276298523 0.1153518483042717 -0.0008566528558731079
v -0.5770716071128845 0.11922348290681839 0.013816431164741516
v -0.5769249200820923 0.12411469221115112 0.014911472797393799
v -0.06144486367702484 0.44121691584587097 0.15007272362709045
v -0.05954685062170029 0.4454973042011261 0.1460115760564804
v -0.06275124102830887 0.44955000281333923 0.13813644647598267
v -0.05979473888874054 0.4474436342716217 0.14574238657951355
v -0.06134237349033356 0.44869500398635864 0.14533071219921112
v -0.061183761805295944 0.44894057512283325 0.135233074426651
v -0.059645090252161026 0.4481203854084015 0.13679644465446472
v 0.2061234563589096 0.5011909008026123 -0.2257864773273468
v 0.21860656142234802 0.5152683854103088 -0.22157034277915955
v 0.22791631519794464 0.511884868144989 -0.23458796739578247
v 0.2286234200000763 0.5147376656532288 -0.23336462676525116
v 0.21587270498275757 0.5087435841560364 -0.21730171144008636
v 0.22641171514987946 0.5074108839035034 -0.22742633521556854
v 0.22144821286201477 0.5030552744865417 -0.23124094307422638
v -0.5535264015197754 0.1377122402191162 -0.011966630816459656
v -0.5569433569908142 0.1383228451013565 0.002591654658317566
v -0.5689145922660828 0.13585993647575378 0.014203950762748718
v -0.5769370198249817 0.13408276438713074 0.022434547543525696
v -0.556235671043396 0.13659101724624634 -0.016475751996040344
v -0.5636738538742065 0.13315542042255402 -0.018905654549598694
v -0.5759623050689697 0.11914133280515671 0.004948168992996216
v -0.5813106894493103 0.13201522827148438 0.013175547122955322
v -0.5818551778793335 0.1323896199464798 0.007198989391326904
v -0.05687921494245529 0.4397497773170471 0.1497771143913269
v -0.06320180743932724 0.4409943222999573 0.14503006637096405
v -0.05914638563990593 0.44203251600265503 0.1479293704032898
v -0.062415868043899536 0.45055827498435974 0.14207829535007477
v -0.06059553474187851 0.4497905969619751 0.1436692178249359
v -0.06335064768791199 0.44592010974884033 0.14518272876739502
v -0.06398540735244751 0.4514520764350891 0.13799719512462616
v -0.06188114732503891 0.4458678066730499 0.13494423031806946
v 0.22423313558101654 0.5080388188362122 -0.23571300506591797
v 0.22716937959194183 0.5129961371421814 -0.22859452664852142
v 0.24219027161598206 0.5184566378593445 -0.24266114830970764
v 0.23915588855743408 0.5151361227035522 -0.24578061699867249
v 0.23741088807582855 0.5119823813438416 -0.24365226924419403
v 0.24036255478858948 0.5104476809501648 -0.24050675332546234
v -0.5570799708366394 0.13518783450126648 -0.0037305057048797607
v -0.5725505352020264 0.14221204817295074 0.02331729233264923
v -0.5661967992782593 0.1450074315071106 0.008060038089752197
v -0.5772812962532043 0.13753777742385864 0.016035526990890503
v -0.5597896575927734 0.1260543167591095 -0.009369388222694397
v -0.5740473866462708 0.12409447878599167 -0.0037076324224472046
v -0.5849162340164185 0.1342928260564804 0.001949205994606018
v -0.5853886008262634 0.14392462372779846 0.005165413022041321
v -0.5832205414772034 0.14248813688755035 0.007841050624847412
v -0.06133940815925598 0.437436580657959 0.14908058941364288
v -0.06348933279514313 0.43828707933425903 0.14351940155029297
v -0.06450846791267395 0.4400092661380768 0.14879122376441956
v -0.061029400676488876 0.45240917801856995 0.14215855300426483
v -0.06088605523109436 0.4538784623146057 0.13836070895195007
v -0.06570632755756378 0.45011794567108154 0.14063039422035217
v -0.06213901937007904 0.4525912404060364 0.14104682207107544
v -0.06310386955738068 0.4462289810180664 0.14308089017868042
v 0.24180398881435394 0.5177202224731445 -0.24097466468811035
v 0.24122677743434906 0.5157876014709473 -0.23724710941314697
v 0.2538898289203644 0.52019864320755 -0.25489965081214905
v 0.2553948760032654 0.5234069228172302 -0.24528536200523376
v 0.25010034441947937 0.5209333300590515 -0.24632030725479126
v 0.2579030990600586 0.5151259303092957 -0.2522563934326172
v -0.5634769797325134 0.12611480057239532 -0.0012620240449905396
v -0.5757061243057251 0.14990609884262085 0.01627790927886963
v -0.5685854554176331 0.14991798996925354 0.009930476546287537
v -0.5779944658279419 0.14980480074882507 0.010416567325592041
v -0.5711309909820557 0.13193288445472717 -0.0077546387910842896
v -0.5839218497276306 0.1377856284379959 -0.006036728620529175
v -0.586449384689331 0.14649081230163574 0.0010560601949691772
v -0.5814273357391357 0.15220944583415985 0.0025389492511749268
v -0.5797109007835388 0.15535661578178406 0.003523215651512146
v -0.0663503110408783 0.44128555059432983 0.14790986478328705
v -0.06664027273654938 0.44397446513175964 0.1463610976934433
v -0.06882073730230331 0.4459218978881836 0.14127179980278015
v -0.059635065495967865 0.45929428935050964 0.14042150974273682
v -0.05996968597173691 0.4589526653289795 0.13238491117954254
v -0.06534230709075928 0.4555489718914032 0.1315774768590927
v -0.06439866870641708 0.45551416277885437 0.14103123545646667
v -0.06493842601776123 0.4523698687553406 0.14418762922286987
v 0.24869588017463684 0.5304057598114014 -0.23411232233047485
v 0.26025933027267456 0.5186911821365356 -0.2463790774345398
v 0.2697698771953583 0.5281774401664734 -0.2576816976070404
v 0.2737963795661926 0.5286177396774292 -0.25376182794570923
v 0.27611225843429565 0.5210433602333069 -0.25523999333381653
v 0.27012166380882263 0.5242148041725159 -0.25671547651290894
v -0.5624926090240479 0.14208315312862396 0.003431752324104309
v -0.5713242292404175 0.15507739782333374 0.013693958520889282
v -0.5637525320053101 0.1514490395784378 0.010228917002677917
v -0.5658617615699768 0.15520736575126648 0.008536458015441895
v -0.5764312744140625 0.13723568618297577 -0.0036701709032058716
v -0.5821044445037842 0.15065200626850128 0.0019748955965042114
v -0.581645667552948 0.15536530315876007 0.0029001981019973755
v -0.5764991641044617 0.1597670614719391 0.007473349571228027
v -0.5732129812240601 0.16024617850780487 0.012045085430145264
v -0.07061735540628433 0.4495185315608978 0.14563845098018646
v -0.07211044430732727 0.4461943209171295 0.14567969739437103
v -0.0739256739616394 0.45284274220466614 0.13476930558681488
v -0.07768754661083221 0.45187193155288696 0.13648675382137299
v -0.062394820153713226 0.46424156427383423 0.13698424398899078
v -0.06261587142944336 0.467899888753891 0.12147590517997742
v -0.06937836855649948 0.4620625078678131 0.11921827495098114
v -0.06544756889343262 0.4628433883190155 0.13841578364372253
v -0.0699857845902443 0.4601590037345886 0.14069652557373047
v 0.2585350275039673 0.5244076251983643 -0.25628864765167236
v 0.2806641459465027 0.523193359375 -0.2524402439594269
v 0.2786811292171478 0.5301775932312012 -0.2642712891101837
v 0.280925989151001 0.5303915143013 -0.26068687438964844
v 0.2894703447818756 0.5246906876564026 -0.2547856569290161
v 0.28658533096313477 0.5238459706306458 -0.2579174041748047
v -0.5596368312835693 0.1492699682712555 0.007899895310401917
v -0.5598767995834351 0.15636327862739563 0.011135458946228027
v -0.5550342798233032 0.1573009490966797 0.013626456260681152
v -0.5663528442382812 0.16018536686897278 0.01829339563846588
v -0.569409966468811 0.14910417795181274 0.006359025835990906
v -0.5759764313697815 0.16166803240776062 0.005339503288269043
v -0.5774056315422058 0.15416830778121948 -0.0017924606800079346
v -0.5758081674575806 0.16102267801761627 0.020330384373664856
v -0.07816082239151001 0.4546290338039398 0.1394214928150177
v -0.07755634188652039 0.4574854373931885 0.14299359917640686
v -0.0797763466835022 0.4604977071285248 0.12045983970165253
v -0.0845646783709526 0.4600466787815094 0.1267910599708557
v -0.06354352831840515 0.4743163287639618 0.1299155354499817
v -0.06365852802991867 0.48241356015205383 0.1127726286649704
v -0.07017172873020172 0.47444790601730347 0.1045289933681488
v -0.07105961441993713 0.4747866988182068 0.12995940446853638
v -0.07861821353435516 0.4722871780395508 0.13199616968631744
v 0.2819811999797821 0.5281363725662231 -0.2622448205947876
v 0.29295599460601807 0.5274420976638794 -0.25486278533935547
v 0.28904592990875244 0.5330244898796082 -0.26533010601997375
v 0.2890400290489197 0.5308815836906433 -0.2686903476715088
v 0.2963383197784424 0.5293183326721191 -0.25735247135162354
v 0.3007236123085022 0.5278081297874451 -0.26118308305740356
v -0.5576374530792236 0.16617676615715027 0.015774980187416077
v -0.5588711500167847 0.16779085993766785 0.025144681334495544
v -0.553310751914978 0.16340552270412445 0.018024355173110962
v -0.5644093751907349 0.16671231389045715 0.02426360547542572
v -0.5634759068489075 0.1626441776752472 0.004799097776412964
v -0.5799471735954285 0.15381041169166565 -0.003968924283981323
v -0.5855975151062012 0.15723827481269836 0.007555782794952393
v -0.0885675698518753 0.4616639316082001 0.13007691502571106
v -0.0856076031923294 0.4687816798686981 0.1325882226228714
v -0.09841248393058777 0.472535640001297 0.10807567834854126
v -0.08269228041172028 0.4717053472995758 0.10240961611270905
v -0.0688687413930893 0.48733994364738464 0.12005607783794403
v -0.06842686235904694 0.4894552528858185 0.08878037333488464
v -0.08133527636528015 0.48518702387809753 0.08267957717180252
v -0.07790439575910568 0.48813197016716003 0.12165451049804688
v -0.08290854841470718 0.487332820892334 0.12219923734664917
v 0.2954559624195099 0.5283875465393066 -0.2654868960380554
v 0.29159414768218994 0.53264981508255 -0.2623264491558075
v 0.2974123954772949 0.5368745923042297 -0.27292633056640625
v 0.29891684651374817 0.5393037796020508 -0.2669977843761444
v 0.3071240782737732 0.5380166172981262 -0.26003649830818176
v 0.2995893359184265 0.5334428548812866 -0.2597961723804474
v -0.5730565190315247 0.1756385862827301 0.019349396228790283
v -0.5762578248977661 0.1643623411655426 0.01582390069961548
v -0.5832029581069946 0.15139144659042358 -0.01285579800605774
v -0.586835503578186 0.15158288180828094 -0.006946682929992676
v -0.09829148650169373 0.48255059123039246 0.11874671280384064
v -0.0892946869134903 0.4862658381462097 0.12225722521543503
v -0.09713152050971985 0.4873870313167572 0.0836019441485405
v -0.10976271331310272 0.4991875886917114 0.08304278552532196
v -0.0658920630812645 0.49874335527420044 0.09999708831310272
v -0.07780071347951889 0.4998556077480316 0.0683031752705574
v -0.0929354652762413 0.5018071532249451 0.06218308210372925
v -0.07558978348970413 0.5012164115905762 0.10943610966205597
v -0.0872727483510971 0.5039101839065552 0.11133090406656265
v 0.3048071265220642 0.5350544452667236 -0.2641884386539459
v 0.29667359590530396 0.5348191857337952 -0.26426923274993896
v 0.30384355783462524 0.5476400256156921 -0.27121829986572266
v 0.30789613723754883 0.5412490963935852 -0.26501569151878357
v -0.5764829516410828 0.1525689661502838 -0.01900467276573181
v -0.5635738968849182 0.17414256930351257 -0.009728431701660156
v -0.5776345133781433 0.1740521490573883 -0.0039041340351104736
v -0.585877537727356 0.16341012716293335 0.0025343000888824463
v -0.5862488150596619 0.151052325963974 -0.013653159141540527
v -0.581604540348053 0.150107279419899 -0.01567193865776062
v -0.10514065623283386 0.5033777952194214 0.10572978109121323
v -0.11412301659584045 0.4985038638114929 0.09795210510492325
v -0.11521652340888977 0.5200372338294983 0.062313634902238846
v -0.10781130194664001 0.5117643475532532 0.06232497841119766
v -0.07088924944400787 0.5098026990890503 0.07099553942680359
v -0.10486671328544617 0.5241860151290894 0.04401674494147301
v -0.08620280027389526 0.5217671394348145 0.04475979134440422
v -0.07729460299015045 0.5208290219306946 0.08426171541213989
v -0.10341262817382812 0.5247756242752075 0.08855816721916199
v 0.3061169683933258 0.5486054420471191 -0.2716381251811981
v 0.3133818507194519 0.5649081468582153 -0.2704906761646271
v 0.32328781485557556 0.5696268677711487 -0.2725328207015991
v 0.31848859786987305 0.5525556206703186 -0.26643919944763184
v -0.5763289332389832 0.15786151587963104 -0.02953624725341797
v -0.5770848989486694 0.14915251731872559 -0.024294257164001465
v -0.5793390870094299 0.17139136791229248 -0.02533629536628723
v -0.5815591216087341 0.15452171862125397 -0.014980733394622803
v -0.5754043459892273 0.14714454114437103 -0.021630853414535522
v -0.575817346572876 0.15271301567554474 -0.010910868644714355
v -0.12178178131580353 0.5210140943527222 0.07354564219713211
v -0.12045934051275253 0.5222983360290527 0.08348281681537628
v -0.11558257043361664 0.5310835242271423 0.04792898893356323
v -0.12232167273759842 0.5354428887367249 0.0520993247628212
v -0.08073507994413376 0.5348110795021057 0.05320702865719795
v -0.10318909585475922 0.5392054915428162 0.02976790815591812
v -0.09029878675937653 0.5449977517127991 0.030704498291015625
v -0.09634071588516235 0.5454369187355042 0.060466889292001724
v -0.11640840023756027 0.5395345091819763 0.06779137253761292
v 0.3116143047809601 0.5499708652496338 -0.26894742250442505
v 0.3180447816848755 0.5904228687286377 -0.27307069301605225
v 0.33264726400375366 0.5939658284187317 -0.27034875750541687
v 0.3200402557849884 0.5648391842842102 -0.27354252338409424
v -0.578100323677063 0.15192465484142303 -0.031201839447021484
v -0.5751535296440125 0.1571269929409027 -0.03936886787414551
v -0.5707045197486877 0.1613655984401703 -0.03101593255996704
v -0.5718847513198853 0.15946687757968903 -0.02636447548866272
v -0.5635289549827576 0.16143085062503815 -0.023119866847991943
v -0.5805321335792542 0.1551271378993988 -0.03925156593322754
v -0.12396283447742462 0.5410947799682617 0.061898525804281235
v -0.11566305160522461 0.5420792102813721 0.03269735723733902
v -0.12157434970140457 0.5468430519104004 0.037109509110450745
v -0.09560003131628036 0.5547672510147095 0.03911988437175751
v -0.10590237379074097 0.5539922118186951 0.021406009793281555
v -0.10081738978624344 0.5560000538825989 0.02492889016866684
v -0.10306831449270248 0.5582156777381897 0.04455900937318802
v -0.11714927107095718 0.5576635003089905 0.04791291058063507
v 0.3137311339378357 0.5622762441635132 -0.27532094717025757
v 0.31617873907089233 0.5842757225036621 -0.2793232202529907
v 0.31849613785743713 0.5954284071922302 -0.27693694829940796
v 0.34348392486572266 0.6348057389259338 -0.2734552323818207
v 0.33558711409568787 0.5962152481079102 -0.28273046016693115
v 0.3296831250190735 0.582986056804657 -0.2824190855026245
v -0.5761502981185913 0.15141841769218445 -0.03542584180831909
v -0.5824228525161743 0.1529461145401001 -0.04040330648422241
v -0.5659427046775818 0.1556268036365509 -0.03153976798057556
v -0.5673282742500305 0.1607733815908432 -0.028835445642471313
v -0.5782437920570374 0.16245974600315094 -0.05210775136947632
v -0.5693166851997375 0.16008736193180084 -0.04603073000907898
v -0.1225397139787674 0.5497284531593323 0.04535187780857086
v -0.11407595872879028 0.5526733994483948 0.02148403972387314
v -0.119959756731987 0.5559197664260864 0.022354960441589355
v -0.10368412733078003 0.5603242516517639 0.026688210666179657
v -0.10309699922800064 0.5607700943946838 0.032103702425956726
v -0.10878951847553253 0.5620169043540955 0.035199232399463654
v 0.31941214203834534 0.5763766169548035 -0.28083181381225586
v 0.3269519805908203 0.5908713936805725 -0.28650781512260437
v 0.323061466217041 0.5968418121337891 -0.28031277656555176
v 0.31471142172813416 0.6009929180145264 -0.2784477472305298
v 0.3211967349052429 0.611416220664978 -0.2779383957386017
v 0.3408094048500061 0.6167662739753723 -0.2825707495212555
v 0.33833274245262146 0.61297607421875 -0.29239752888679504
v -0.5783981084823608 0.15875700116157532 -0.04888349771499634
v -0.5815296173095703 0.1595289558172226 -0.05241650342941284
v -0.5722434520721436 0.15784865617752075 -0.04239082336425781
v -0.5652387142181396 0.15501393377780914 -0.03709596395492554
v -0.5770848393440247 0.16574372351169586 -0.06218928098678589
v -0.5726789832115173 0.1609768569469452 -0.06207674741744995
v -0.1207646057009697 0.5598469376564026 0.029470965266227722
v -0.11488822102546692 0.566257894039154 0.015658263117074966
v -0.11505173146724701 0.5648547410964966 0.015056535601615906
v -0.10892082750797272 0.5642838478088379 0.020878788083791733
v -0.10958905518054962 0.565841019153595 0.020035915076732635
v -0.10962272435426712 0.5624983310699463 0.021351538598537445
v -0.10821018368005753 0.5587984323501587 0.02314290776848793
v 0.32705897092819214 0.6052284836769104 -0.28740036487579346
v 0.3179517388343811 0.5955524444580078 -0.27941498160362244
v 0.3164967894554138 0.6028707027435303 -0.2792353630065918
v 0.31531766057014465 0.6203018426895142 -0.283265620470047
v 0.3356512188911438 0.6191006898880005 -0.28732138872146606
v 0.3223837614059448 0.6095656156539917 -0.2844782769680023
v 0.34030866622924805 0.6245694756507874 -0.28544527292251587
v -0.5794413089752197 0.162269726395607 -0.05732479691505432
v -0.5822045803070068 0.1629544198513031 -0.061640143394470215
v -0.5777665972709656 0.1607113778591156 -0.05410879850387573
v -0.5767117738723755 0.15405666828155518 -0.054165154695510864
v -0.11057287454605103 0.5635048747062683 0.018624108284711838
v -0.10693232715129852 0.5738598108291626 0.007861368358135223
v -0.11126536130905151 0.5739645957946777 0.017793647944927216
v -0.11368976533412933 0.5690028667449951 0.01845468580722809
v -0.11308471858501434 0.5731053948402405 0.01948121190071106
v -0.11487902700901031 0.5660313963890076 0.014061883091926575
v -0.11430642753839493 0.5591964721679688 0.013972997665405273
v 0.31948763132095337 0.6010199189186096 -0.2863774299621582
v 0.3182958960533142 0.6030611395835876 -0.2841870188713074
v 0.319326251745224 0.6154897809028625 -0.28434935212135315
v 0.32030755281448364 0.6255063414573669 -0.2900044918060303
v -0.5825839638710022 0.16794133186340332 -0.06735217571258545
v -0.5820774435997009 0.16750037670135498 -0.07142382860183716
v -0.5776529312133789 0.15043357014656067 -0.053280383348464966
v -0.5835211277008057 0.16546966135501862 -0.06482970714569092
v -0.5725077390670776 0.1613326370716095 -0.07032307982444763
v -0.5834366679191589 0.1536393016576767 -0.06385427713394165
v -0.5773993730545044 0.1669609546661377 -0.07332150638103485
v -0.10340544581413269 0.5591790080070496 0.014705844223499298
v -0.11664456129074097 0.5786145329475403 0.01797984540462494
v -0.10592490434646606 0.5811313390731812 0.025690138339996338
v -0.11814627051353455 0.5734736919403076 0.011518359184265137
v -0.11375382542610168 0.5640842318534851 0.010093942284584045
v 0.321937620639801 0.6094360947608948 -0.2876878082752228
v 0.3213858902454376 0.6115150451660156 -0.2864433526992798
v 0.3226116895675659 0.6216140389442444 -0.28951677680015564
v 0.31823432445526123 0.6243515014648438 -0.2887232303619385
v 0.32189613580703735 0.6266292333602905 -0.2926660180091858
v -0.5848443508148193 0.16910676658153534 -0.0844607949256897
v -0.5846856832504272 0.17155994474887848 -0.07945054769515991
v -0.5831037759780884 0.1531541794538498 -0.062145382165908813
v -0.5890522599220276 0.16973116993904114 -0.0736960768699646
v -0.5930383205413818 0.1544739156961441 -0.07203677296638489
v -0.5865606665611267 0.1533089578151703 -0.08155477046966553
v -0.5814481973648071 0.16615955531597137 -0.08363261818885803
v -0.10162603855133057 0.5676488280296326 0.010229706764221191
v -0.12610888481140137 0.5755199790000916 0.015559583902359009
v -0.10852465033531189 0.5684704780578613 0.01670178771018982
v -0.12021201848983765 0.5688014626502991 0.012601107358932495
v -0.11290627717971802 0.568372368812561 0.007977098226547241
v 0.3171815276145935 0.6261147260665894 -0.2869860827922821
v -0.5873879790306091 0.17040717601776123 -0.08718554675579071
v -0.588515043258667 0.1759975105524063 -0.08124414086341858
v -0.5923784971237183 0.15960365533828735 -0.07091888785362244
v -0.5944410562515259 0.17440293729305267 -0.0788661539554596
v -0.6034526824951172 0.16155463457107544 -0.08312025666236877
v -0.6010702848434448 0.15557847917079926 -0.09202654659748077
v -0.5881965160369873 0.1625007838010788 -0.09723293781280518
v -0.11149430274963379 0.5706990957260132 0.006311312317848206
v -0.12823355197906494 0.5818547606468201 0.001880362629890442
v -0.11592447757720947 0.5767731666564941 0.004709884524345398
v -0.12633028626441956 0.570036768913269 0.007916390895843506
v -0.12461337447166443 0.5740194320678711 -0.0008328557014465332
v -0.5960657000541687 0.18076105415821075 -0.08277022838592529
v -0.5943138003349304 0.18022869527339935 -0.08612862229347229
v -0.5988312363624573 0.16555558145046234 -0.07735663652420044
v -0.6021138429641724 0.17799949645996094 -0.08240626752376556
v -0.5792876482009888 0.16047346591949463 -0.08715569972991943
v -0.5880152583122253 0.1578441858291626 -0.09625998139381409
v -0.6169489026069641 0.15695908665657043 -0.1007169783115387
v -0.6144975423812866 0.16374622285366058 -0.09183603525161743
v -0.5953751802444458 0.1695021539926529 -0.10018126666545868
v -0.11816498637199402 0.5717766880989075 -0.0014418214559555054
v -0.12505897879600525 0.5897846817970276 -0.0023009926080703735
v -0.1195533275604248 0.584232747554779 -0.006248205900192261
v -0.13458499312400818 0.5861465930938721 -0.0059487223625183105
v -0.1302185356616974 0.5774544477462769 -0.004597648978233337
v -0.6033056974411011 0.1898873746395111 -0.08662161231040955
v -0.5979701280593872 0.18645280599594116 -0.09548161923885345
v -0.6081758737564087 0.17101378738880157 -0.08188441395759583
v -0.6100859642028809 0.18090610206127167 -0.08622869849205017
v -0.605394721031189 0.1564927101135254 -0.11080208420753479
v -0.6125895380973816 0.16142621636390686 -0.11046808958053589
v -0.6231974959373474 0.16519245505332947 -0.10361576080322266
v -0.59840327501297 0.1791905164718628 -0.10691884160041809
v -0.12409967184066772 0.5746713280677795 -0.008928552269935608
v -0.12202534079551697 0.5949474573135376 -0.006501242518424988
v -0.13220280408859253 0.5925145149230957 -0.005231425166130066
v -0.13143721222877502 0.5832802057266235 -0.008665516972541809
v -0.1271921992301941 0.5782345533370972 -0.01128561794757843
v -0.6087380051612854 0.19690147042274475 -0.1049487441778183
v -0.6014759540557861 0.1926860809326172 -0.11163240671157837
v -0.6191855669021606 0.17695210874080658 -0.09178918600082397
v -0.6164131164550781 0.1914527714252472 -0.09593293070793152
v -0.6018695831298828 0.16821448504924774 -0.11421072483062744
v -0.6185880899429321 0.16365857422351837 -0.12012800574302673
v -0.6249851584434509 0.16991224884986877 -0.11619186401367188
v -0.6019882559776306 0.1822940856218338 -0.12114839255809784
v -0.12194868922233582 0.5832375288009644 -0.011217102408409119
v -0.1301388442516327 0.6026755571365356 -0.010839223861694336
v -0.1256416141986847 0.6040023565292358 -0.010013490915298462
v -0.1327477991580963 0.5935419797897339 -0.012689992785453796
v -0.12989220023155212 0.5841616988182068 -0.016291707754135132
v -0.6021789908409119 0.19685541093349457 -0.12650246918201447
v -0.6059984564781189 0.20694029331207275 -0.12033209204673767
v -0.6242542266845703 0.1815166473388672 -0.10253532230854034
v -0.6220870614051819 0.20304633677005768 -0.11421641707420349
v -0.6060236096382141 0.16907654702663422 -0.12071357667446136
v -0.6288622617721558 0.17442484200000763 -0.12065428495407104
v -0.6257147192955017 0.16801214218139648 -0.12855294346809387
v -0.6046315431594849 0.1832706481218338 -0.13355675339698792
v -0.12456348538398743 0.5985175967216492 -0.013569951057434082
v -0.12753653526306152 0.6131816506385803 -0.008656233549118042
v -0.13035228848457336 0.6036907434463501 -0.01070830225944519
v -0.13090384006500244 0.603617787361145 -0.02072952687740326
v -0.1312037706375122 0.6011115908622742 -0.01986643671989441
v -0.6083068251609802 0.1978941112756729 -0.14262935519218445
v -0.6082948446273804 0.21052174270153046 -0.1378980576992035
v -0.6281802654266357 0.1843598186969757 -0.11764940619468689
v -0.6181461215019226 0.21411389112472534 -0.13013048470020294
v -0.613093376159668 0.1714075207710266 -0.13356181979179382
v -0.6342148780822754 0.18307717144489288 -0.12496230006217957
v -0.6321976780891418 0.17472609877586365 -0.13353337347507477
v -0.612450897693634 0.18339665234088898 -0.14587055146694183
v -0.12894272804260254 0.6181252002716064 -0.019847005605697632
v -0.12933051586151123 0.6145511865615845 -0.013711303472518921
v -0.13097447156906128 0.6286064982414246 -0.014031648635864258
v -0.12916269898414612 0.6172080636024475 -0.02208295464515686
v -0.13191887736320496 0.6239436864852905 -0.023371517658233643
v -0.614748477935791 0.20057061314582825 -0.1556009203195572
v -0.6130789518356323 0.2088375836610794 -0.15317398309707642
v -0.6282217502593994 0.19848182797431946 -0.11999806761741638
v -0.624483585357666 0.21438242495059967 -0.1490008682012558
v -0.6232184171676636 0.17272113263607025 -0.14206747710704803
v -0.6417255401611328 0.1807328164577484 -0.1424119919538498
v -0.6373942494392395 0.18850396573543549 -0.13317805528640747
v -0.6205083727836609 0.1858208179473877 -0.15701496601104736
v -0.13370740413665771 0.6268988847732544 -0.020641744136810303
v -0.13358789682388306 0.6411545276641846 -0.02123945951461792
v -0.13603532314300537 0.64149409532547 -0.022324860095977783
v -0.12752601504325867 0.647850513458252 -0.026013106107711792
v -0.12843072414398193 0.6404727697372437 -0.027351438999176025
v -0.6194960474967957 0.21507255733013153 -0.168992280960083
v -0.6220917701721191 0.19942912459373474 -0.17656844854354858
v -0.6328889727592468 0.20211714506149292 -0.1341022253036499
v -0.6391823887825012 0.2184852659702301 -0.16491727530956268
v -0.6315287351608276 0.17850060760974884 -0.1506136953830719
v -0.6517691612243652 0.18364787101745605 -0.1539481282234192
v -0.6511843800544739 0.19360005855560303 -0.15142089128494263
v -0.6300253868103027 0.18659280240535736 -0.17080867290496826
v -0.13563460111618042 0.6462374925613403 -0.030044078826904297
v -0.1320241391658783 0.6667752265930176 -0.03105562925338745
v -0.13277947902679443 0.6695656180381775 -0.024292588233947754
v -0.12741559743881226 0.6754164099693298 -0.02970835566520691
v -0.12707701325416565 0.6807866096496582 -0.03833949565887451
v -0.6351237893104553 0.21965938806533813 -0.1895313858985901
v -0.6300663948059082 0.2095669060945511 -0.19514960050582886
v -0.6473185420036316 0.20789845287799835 -0.1554306298494339
v -0.6516282558441162 0.21903620660305023 -0.1825093775987625
v -0.6409286260604858 0.18094733357429504 -0.1638469696044922
v -0.6632518768310547 0.1989797204732895 -0.16881492733955383
v -0.6666070222854614 0.18691383302211761 -0.17232953011989594
v -0.6362980008125305 0.19034253060817719 -0.19190910458564758
v -0.131259024143219 0.6613956093788147 -0.030513226985931396
v -0.12517255544662476 0.6865131855010986 -0.02773270010948181
v -0.12992766499519348 0.6810488700866699 -0.03425508737564087
v -0.12487885355949402 0.6986942887306213 -0.035449713468551636
v -0.12617230415344238 0.6976487636566162 -0.046463072299957275
v -0.6414737105369568 0.2148011326789856 -0.2103499323129654
v -0.6425646543502808 0.21963930130004883 -0.20440490543842316
v -0.6601134538650513 0.21167229115962982 -0.1742410659790039
v -0.6510589718818665 0.2213565558195114 -0.19747114181518555
v -0.6556113362312317 0.1810186505317688 -0.18002325296401978
v -0.670852780342102 0.18915346264839172 -0.1993514895439148
v -0.6748542189598083 0.20028796792030334 -0.18984124064445496
v -0.6405067443847656 0.2033737152814865 -0.20710092782974243
v -0.1250564157962799 0.6877500414848328 -0.038266122341156006
v -0.11971783638000488 0.7167298793792725 -0.03526297211647034
v -0.1258552074432373 0.6957607269287109 -0.04432198405265808
v -0.6522727012634277 0.22167819738388062 -0.2121499627828598
v -0.648304283618927 0.22085513174533844 -0.22053441405296326
v -0.6656634211540222 0.2144000232219696 -0.19154009222984314
v -0.6639875173568726 0.22062468528747559 -0.20825402438640594
v -0.6553757190704346 0.1894005984067917 -0.20600847899913788
v -0.6771116256713867 0.19757388532161713 -0.2099161446094513
v -0.667323112487793 0.19254812598228455 -0.21543404459953308
v -0.6444536447525024 0.21284139156341553 -0.21841847896575928
v -0.12139502167701721 0.7234970927238464 -0.04269126057624817
v -0.1251891851425171 0.7146382927894592 -0.053614526987075806
v -0.12334305047988892 0.7325092554092407 -0.03744104504585266
v -0.12583383917808533 0.7231711149215698 -0.047306448221206665
v -0.6593579053878784 0.22777676582336426 -0.22543686628341675
v -0.6503490805625916 0.22132591903209686 -0.231393501162529
v -0.6783300638198853 0.21016298234462738 -0.2079526036977768
v -0.672696590423584 0.2223779708147049 -0.21882997453212738
v -0.6569777131080627 0.1981232613325119 -0.22092559933662415
v -0.6805504560470581 0.20735281705856323 -0.22115562856197357
v -0.6706091165542603 0.19815795123577118 -0.22562630474567413
v -0.6479476094245911 0.2074434906244278 -0.2341674417257309
v -0.1289847493171692 0.7240813374519348 -0.05154648423194885
v -0.12249094247817993 0.7425540089607239 -0.038191258907318115
v -0.12952154874801636 0.7304890155792236 -0.062381356954574585
v -0.12583056092262268 0.7152150273323059 -0.05900222063064575
v -0.6587905287742615 0.22950507700443268 -0.2397175133228302
v -0.6561082005500793 0.22183194756507874 -0.24466665089130402
v -0.6809259057044983 0.21808554232120514 -0.22342592477798462
v -0.676254391670227 0.22787801921367645 -0.23421162366867065
v -0.65748131275177 0.20195390284061432 -0.22970105707645416
v -0.6785793304443359 0.2054077535867691 -0.23328177630901337
v -0.6837018728256226 0.21350836753845215 -0.23499345779418945
v -0.6485456824302673 0.21179302036762238 -0.23795977234840393
v -0.12438690662384033 0.761325478553772 -0.05153420567512512
v -0.1292020082473755 0.758210301399231 -0.038147807121276855
v -0.13088369369506836 0.7397632598876953 -0.048838645219802856
v -0.12937778234481812 0.7443221211433411 -0.05622115731239319
v -0.6609087586402893 0.23298858106136322 -0.25187617540359497
v -0.6576300263404846 0.2244136929512024 -0.2502284646034241
v -0.6832404732704163 0.22002166509628296 -0.2362663745880127
v -0.6788998246192932 0.22891001403331757 -0.25224563479423523
v -0.669077455997467 0.2340082824230194 -0.25001657009124756
v -0.6694163084030151 0.20462389290332794 -0.23545721173286438
v -0.6886725425720215 0.21992895007133484 -0.25235575437545776
v -0.685799777507782 0.21013568341732025 -0.25179970264434814
v -0.6600404381752014 0.2175779938697815 -0.24441203474998474
v -0.12979090213775635 0.7522910833358765 -0.06193709373474121
v -0.1225816011428833 0.7679858207702637 -0.05208757519721985
v -0.1280575394630432 0.7634237408638 -0.04195690155029297
v -0.13126006722450256 0.7531445026397705 -0.0419938862323761
v -0.12427067756652832 0.7595557570457458 -0.053527504205703735
v -0.6609910130500793 0.23321785032749176 -0.25746166706085205
v -0.6647394299507141 0.22653348743915558 -0.2579989433288574
v -0.6843560338020325 0.22668902575969696 -0.2522180676460266
v -0.6752908229827881 0.23266389966011047 -0.26312360167503357
v -0.666881799697876 0.2368372678756714 -0.2592760920524597
v -0.675780177116394 0.21491459012031555 -0.25323671102523804
v -0.690733015537262 0.2210790365934372 -0.2687287926673889
v -0.6899999380111694 0.22667235136032104 -0.26808464527130127
v -0.6731637120246887 0.22297510504722595 -0.26402872800827026
v -0.12312561273574829 0.7670720815658569 -0.05661386251449585
v -0.12505152821540833 0.7741532325744629 -0.05150097608566284
v -0.11829197406768799 0.7853723764419556 -0.030718177556991577
v -0.1278238594532013 0.7765454649925232 -0.04667368531227112
v -0.12086555361747742 0.7689309120178223 -0.037783533334732056
v -0.11885687708854675 0.7752008438110352 -0.040979236364364624
v -0.6650799512863159 0.2371717244386673 -0.2624328136444092
v -0.6725457310676575 0.23123587667942047 -0.2715720534324646
v -0.6844009160995483 0.23038452863693237 -0.2657804489135742
v -0.670993983745575 0.23179201781749725 -0.2644065022468567
v -0.6774937510490417 0.2316794991493225 -0.2724372148513794
v -0.6856368184089661 0.21920877695083618 -0.2688373923301697
v -0.6934321522712708 0.22713570296764374 -0.2828691005706787
v -0.6885136961936951 0.23061798512935638 -0.28120291233062744
v -0.6818414926528931 0.2315155416727066 -0.2746260166168213
v -0.11330705881118774 0.7800441384315491 -0.03836417198181152
v -0.10973194241523743 0.7893011569976807 -0.03395166993141174
v -0.1158827543258667 0.7912982106208801 -0.03707900643348694
v -0.10175842046737671 0.7945432662963867 -0.029574424028396606
v -0.11295875906944275 0.782027006149292 -0.03946167230606079
v -0.6700440049171448 0.2403492033481598 -0.2788671553134918
v -0.6775324940681458 0.23854738473892212 -0.285902738571167
v -0.6841416954994202 0.23271070420742035 -0.27778157591819763
v -0.6789407134056091 0.2351766675710678 -0.28733915090560913
v -0.6717249155044556 0.23641470074653625 -0.2741851210594177
v -0.6906400918960571 0.22836312651634216 -0.2826700210571289
v -0.6934366226196289 0.23162125051021576 -0.29779887199401855
v -0.6901105046272278 0.23473797738552094 -0.29683277010917664
v -0.6884355545043945 0.23799094557762146 -0.29338476061820984
v -0.10656586289405823 0.793795645236969 -0.03231462836265564
v -0.11239781975746155 0.8013051748275757 -0.032571941614151
v -0.112498939037323 0.7950352430343628 -0.033934205770492554
v -0.11265262961387634 0.7931607365608215 -0.029150396585464478
v -0.6754637956619263 0.24377340078353882 -0.29538682103157043
v -0.676690936088562 0.24858075380325317 -0.29867756366729736
v -0.6838616728782654 0.234733447432518 -0.2884390652179718
v -0.6761004328727722 0.23777185380458832 -0.2993077039718628
v -0.6731978058815002 0.23582908511161804 -0.2929789125919342
v -0.6948138475418091 0.23426008224487305 -0.2991887629032135
v -0.6938815116882324 0.23944628238677979 -0.3120887279510498
v -0.6924217939376831 0.2378726303577423 -0.3156360387802124
v -0.6823204159736633 0.2482769787311554 -0.30558472871780396
v -0.10772201418876648 0.797684907913208 -0.0316540002822876
v -0.10468462109565735 0.7956321239471436 -0.02913680672645569
v -0.11479386687278748 0.8034123182296753 -0.021656423807144165
v -0.10947731137275696 0.8004555702209473 -0.019217491149902344
v -0.6771135330200195 0.24830278754234314 -0.3030206263065338
v -0.6751790642738342 0.2543330192565918 -0.307878315448761
v -0.6874706745147705 0.23665766417980194 -0.3040720224380493
v -0.6783772110939026 0.2403501570224762 -0.30671659111976624
v -0.6766359210014343 0.2412436157464981 -0.30697721242904663
v -0.6891252994537354 0.24537603557109833 -0.3105752766132355
v -0.6882476210594177 0.24816405773162842 -0.32797515392303467
v -0.6857321858406067 0.2407846450805664 -0.325050950050354
v -0.6794845461845398 0.25515836477279663 -0.3153267800807953
v -0.10308831930160522 0.810043454170227 -0.03415942192077637
v -0.09600704908370972 0.7928578853607178 -0.023716747760772705
v -0.10427981615066528 0.8133677244186401 -0.010134279727935791
v -0.09502282738685608 0.8117587566375732 -0.00805935263633728
v -0.6754510402679443 0.25719135999679565 -0.3189263641834259
v -0.6742687821388245 0.25457412004470825 -0.3150040805339813
v -0.682033896446228 0.23979878425598145 -0.3131677210330963
v -0.6811776161193848 0.2487197071313858 -0.31794530153274536
v -0.6791357398033142 0.24833540618419647 -0.31786006689071655
v -0.681440532207489 0.25308072566986084 -0.3245345950126648
v -0.6765358448028564 0.2543036937713623 -0.33484888076782227
v -0.6795156598091125 0.24471871554851532 -0.3272162973880768
v -0.6796725988388062 0.25725850462913513 -0.32475870847702026
v -0.08789274096488953 0.8308708667755127 -0.003626912832260132
v -0.07714751362800598 0.804502010345459 -0.017741352319717407
v -0.09068292379379272 0.8138996362686157 -0.005651295185089111
v -0.08219346404075623 0.8102455735206604 -0.009149610996246338
v -0.6795342564582825 0.2562295198440552 -0.3273491859436035
v -0.6747164726257324 0.2611638009548187 -0.3285645842552185
v -0.6803068518638611 0.24469056725502014 -0.3176681399345398
v -0.6813884973526001 0.24644286930561066 -0.33263278007507324
v -0.6802529692649841 0.2514423131942749 -0.3242597281932831
v -0.6764556169509888 0.25597184896469116 -0.33376431465148926
v -0.6710843443870544 0.255771279335022 -0.33555811643600464
v -0.6807137727737427 0.24710074067115784 -0.33576154708862305
v -0.6762571334838867 0.26161909103393555 -0.33343327045440674
v -0.08120155334472656 0.8166703581809998 -0.00428164005279541
v -0.056962430477142334 0.8159221410751343 0.01580643653869629
v -0.08538761734962463 0.8111191987991333 -0.005694925785064697
v -0.08288007974624634 0.8134345412254333 0.00010877847671508789
v -0.6792831420898438 0.26149865984916687 -0.3343656361103058
v -0.6724388599395752 0.26492154598236084 -0.33250102400779724
v -0.6844512224197388 0.24523529410362244 -0.32764676213264465
v -0.6850729584693909 0.24923916161060333 -0.342909038066864
v -0.6821334362030029 0.254950612783432 -0.3368477523326874
v -0.6738250255584717 0.2619648575782776 -0.3412754535675049
v -0.6745003461837769 0.2535023093223572 -0.3426389694213867
v -0.6814575791358948 0.24701163172721863 -0.343082994222641
v -0.6752608418464661 0.265053391456604 -0.33886805176734924
v -0.08070385456085205 0.8134064674377441 0.0013526678085327148
v -0.07446983456611633 0.8144171237945557 0.007890880107879639
v -0.07315883040428162 0.8148519396781921 0.008151352405548096
v -0.6855257153511047 0.2455221563577652 -0.34090638160705566
v -0.6877609491348267 0.2495923638343811 -0.34780606627464294
v -0.6885160803794861 0.2543811798095703 -0.3465176522731781
v -0.6724446415901184 0.26178979873657227 -0.34185129404067993
v -0.6748274564743042 0.2541351318359375 -0.3492022752761841
v -0.6783773303031921 0.25042736530303955 -0.34879276156425476
v -0.679466724395752 0.2643358111381531 -0.3472667634487152
v -0.6848955154418945 0.24469831585884094 -0.3482966125011444
v -0.6861375570297241 0.2546514868736267 -0.3552210330963135
v -0.6868258118629456 0.2576618790626526 -0.3570871651172638
v -0.6746956706047058 0.25931912660598755 -0.34685319662094116
v -0.683618426322937 0.2517922520637512 -0.35597285628318787
v -0.6825994253158569 0.2534419894218445 -0.35377711057662964
v -0.6751539707183838 0.2652900516986847 -0.34302932024002075
v -0.07581448554992676 0.8181384205818176 0.016879498958587646
v -0.6859074234962463 0.25879400968551636 -0.35709095001220703
v -0.687580943107605 0.2660757899284363 -0.3682730793952942
v -0.690889835357666 0.2676182687282562 -0.37090131640434265
v -0.6771593689918518 0.2558797597885132 -0.35379040241241455
v -0.6752883195877075 0.26167410612106323 -0.3523274064064026
v -0.6850636005401611 0.26408588886260986 -0.37317997217178345
v -0.6908366680145264 0.24657413363456726 -0.35728487372398376
v -0.6938841342926025 0.2563983201980591 -0.3710196018218994
v -0.6918507218360901 0.25926557183265686 -0.37148571014404297
v -0.6734641790390015 0.260725200176239 -0.3679306209087372
v -0.6835537552833557 0.25393471121788025 -0.366135835647583
v -0.6933608651161194 0.2572042942047119 -0.3747018277645111
v -0.688056468963623 0.2545972764492035 -0.36181241273880005
v -0.6944684386253357 0.24793556332588196 -0.3652198612689972
v -0.7044433355331421 0.24705326557159424 -0.361517995595932
v -0.6817488074302673 0.2632879614830017 -0.3640938103199005
v -0.6862397789955139 0.2599317729473114 -0.36409515142440796
v -0.6948381662368774 0.2619105577468872 -0.35528096556663513
v -0.6798996925354004 0.25622233748435974 -0.3602505326271057
v -0.698300838470459 0.2411504089832306 -0.35055768489837646
v -0.7041395902633667 0.24382776021957397 -0.3524584472179413
v -0.6796978712081909 0.25999364256858826 -0.35418617725372314
v -0.6856142282485962 0.26564180850982666 -0.3528934121131897
v -0.7022451758384705 0.2505909204483032 -0.34770625829696655
v -0.6742755174636841 0.24722522497177124 -0.3429744243621826
v -0.6866570115089417 0.2517727017402649 -0.33390823006629944
v -0.704525351524353 0.2415536642074585 -0.3469794988632202
v -0.6646149158477783 0.2694568932056427 -0.33060574531555176
v -0.6883015632629395 0.2649562358856201 -0.3426732122898102
v -0.691604495048523 0.2512960731983185 -0.34802109003067017
v -0.6704499125480652 0.2627808153629303 -0.3289814591407776
v -0.6935995221138 0.2651671767234802 -0.35063010454177856
v -0.7044892907142639 0.2574280798435211 -0.37179648876190186
v -0.675689697265625 0.2631516456604004 -0.3372241258621216
v -0.6730425953865051 0.27082809805870056 -0.33595266938209534
v -0.6981877684593201 0.25483494997024536 -0.36846116185188293
v -0.6840988397598267 0.27216166257858276 -0.3424009680747986
v -0.6846827864646912 0.2640953063964844 -0.3620155453681946
v -0.6868904232978821 0.2754817306995392 -0.3607497215270996
v -0.6993637681007385 0.2658589780330658 -0.37962639331817627
v -0.698748767375946 0.2628469169139862 -0.38270413875579834
v -0.6959806084632874 0.2736625373363495 -0.37594354152679443
v -0.6987522840499878 0.2680787146091461 -0.3818906843662262
v -0.6948977112770081 0.27350953221321106 -0.3785892426967621
v -0.7130300402641296 0.27692219614982605 -0.4040456712245941
v -0.7085059881210327 0.27328333258628845 -0.4000813961029053
v -0.7116949558258057 0.2749089002609253 -0.4009411633014679
v -0.7051673531532288 0.2778508961200714 -0.3985792100429535
v -0.7039960622787476 0.27344322204589844 -0.3931038975715637
v -0.73021000623703 0.28626805543899536 -0.4256703853607178
v -0.7244587540626526 0.28790175914764404 -0.42289453744888306
v -0.7257820963859558 0.284648060798645 -0.42323416471481323
v -0.7185139060020447 0.28261032700538635 -0.4218272864818573
v -0.7154870629310608 0.28223609924316406 -0.42321720719337463
v -0.735601007938385 0.2873384356498718 -0.45273566246032715
v -0.7376829385757446 0.29396459460258484 -0.4447309970855713
v -0.7369106411933899 0.29404589533805847 -0.4427892565727234
v -0.7314448356628418 0.2854686379432678 -0.45093879103660583
v -0.7319384217262268 0.2891107499599457 -0.44729670882225037
v -0.7448675036430359 0.28876110911369324 -0.47653961181640625
v -0.7505109310150146 0.28866371512413025 -0.46706515550613403
v -0.7471916079521179 0.30488768219947815 -0.46808484196662903
v -0.7385232448577881 0.29199275374412537 -0.4643699824810028
v -0.7386701107025146 0.299146831035614 -0.46332845091819763
v -0.7633044719696045 0.2791438400745392 -0.4879556894302368
v -0.7528833150863647 0.2836005687713623 -0.4856196641921997
v -0.7260308861732483 0.31761664152145386 -0.43790119886398315
v -0.7497147917747498 0.29783889651298523 -0.48485952615737915
v -0.7372684478759766 0.31000030040740967 -0.463670551776886
v -0.7243094444274902 0.2904658615589142 -0.4385344386100769
v -0.7532646656036377 0.2823371887207031 -0.48570114374160767
v -0.7314338088035583 0.3195872902870178 -0.4517890214920044
v -0.7461210489273071 0.30727753043174744 -0.4823472499847412
v -0.7551586627960205 0.294455885887146 -0.4936894178390503
v -0.7376454472541809 0.30080896615982056 -0.462601900100708
v -0.7539719939231873 0.2854936122894287 -0.49174100160598755
v -0.7404143810272217 0.32370489835739136 -0.4659954011440277
v -0.754457414150238 0.2950524091720581 -0.4934176802635193
v -0.7485820055007935 0.31129348278045654 -0.4846005141735077
v -0.759901225566864 0.2957432270050049 -0.502663791179657
v -0.7558580040931702 0.3132801055908203 -0.48697444796562195
v -0.7533353567123413 0.3187973201274872 -0.4813407063484192
v -0.758644163608551 0.2890341281890869 -0.49127423763275146
v -0.7589267492294312 0.3143423795700073 -0.49163681268692017
v -0.7764014005661011 0.3165331184864044 -0.5261856317520142
v -0.7758740782737732 0.3049120604991913 -0.5374682545661926
v -0.7703902125358582 0.3095613718032837 -0.49859344959259033
v -0.7738951444625854 0.31170639395713806 -0.5200511813163757
v -0.7717075943946838 0.29833734035491943 -0.5109634399414062
v -0.789944589138031 0.3134292960166931 -0.5440696477890015
v -0.7921467423439026 0.29767045378685 -0.5625450015068054
v -0.780899703502655 0.31378284096717834 -0.5219577550888062
v -0.7761627435684204 0.3043860197067261 -0.5299476385116577
v -0.7820935845375061 0.3055572807788849 -0.521417498588562
v -0.7684559226036072 0.3121030032634735 -0.5315907597541809
v -0.7867268323898315 0.3178602457046509 -0.5558216571807861
v -0.792363166809082 0.3088008165359497 -0.546169102191925
v -0.7856788039207458 0.31114646792411804 -0.5390364527702332
v -0.7887944579124451 0.31086254119873047 -0.542382001876831
v -0.7872576713562012 0.32255396246910095 -0.5425019860267639
v -0.792557418346405 0.31649893522262573 -0.5469826459884644
v -0.7947818040847778 0.30946460366249084 -0.5540086627006531
v -0.7872035503387451 0.3203265964984894 -0.547694206237793
v -0.7820104956626892 0.3185509443283081 -0.5528199672698975
v -0.7984406352043152 0.3154665231704712 -0.5569995045661926
v -0.7962347865104675 0.3220817744731903 -0.5567795634269714
v -0.7933108806610107 0.31224730610847473 -0.5568700432777405
v -0.7930593490600586 0.3183886408805847 -0.5524963736534119
v -0.7802330851554871 0.31393861770629883 -0.5551060438156128
v -0.8019060492515564 0.3152249753475189 -0.573940098285675
v -0.8057160973548889 0.3168845474720001 -0.5800310969352722
v -0.7926639914512634 0.30911028385162354 -0.5674519538879395
v -0.7858836054801941 0.31181231141090393 -0.5695343017578125
v -0.8038163185119629 0.3072890043258667 -0.5747392177581787
v -0.8016399145126343 0.30433210730552673 -0.5791236162185669
v -0.8075463771820068 0.3086245656013489 -0.5880978107452393
v -0.807820200920105 0.3034173250198364 -0.5894075036048889
v -0.8277430534362793 0.29844704270362854 -0.5987507700920105
v -0.8184481263160706 0.2958238422870636 -0.5991791486740112
v -0.798581600189209 0.31269320845603943 -0.5998636484146118
v -0.7911739945411682 0.29837048053741455 -0.5876282453536987
v -0.8132463693618774 0.3035587966442108 -0.6051591634750366
v -0.8176928758621216 0.30637916922569275 -0.6118639707565308
v -0.8076871633529663 0.3115321099758148 -0.6200703978538513
v -0.8389474153518677 0.29188206791877747 -0.6132492423057556
v -0.8238345384597778 0.29544156789779663 -0.6253268718719482
v -0.8341405987739563 0.29138436913490295 -0.6100371479988098
v -0.8329527378082275 0.29957908391952515 -0.6320145130157471
v -0.832737922668457 0.29695627093315125 -0.6226675510406494
v -0.8361586928367615 0.2864258289337158 -0.6294386386871338
v -0.8387047052383423 0.2993840277194977 -0.6278396844863892
v -0.8337264060974121 0.2927456498146057 -0.6184836030006409
v -0.8373814821243286 0.301565021276474 -0.6235770583152771
v -0.8360894918441772 0.30705854296684265 -0.6179423332214355
v -0.8237378597259521 0.3028435707092285 -0.6144627332687378
v -0.8381859660148621 0.29265859723091125 -0.6225908398628235
v -0.8401263952255249 0.3005707859992981 -0.6208466291427612
v -0.8363211750984192 0.3136972188949585 -0.6190689206123352
v -0.8304008841514587 0.30044421553611755 -0.6185714602470398
v -0.822544276714325 0.3010285496711731 -0.6121299862861633
v -0.8188455104827881 0.3133286237716675 -0.6112082004547119
v -0.8340134024620056 0.2979291081428528 -0.6133495569229126
v -0.8278947472572327 0.3211295008659363 -0.6146620512008667
v -0.8135678768157959 0.29348450899124146 -0.6039701700210571
v -0.8221689462661743 0.28549838066101074 -0.611178457736969
v -0.8287796974182129 0.31092074513435364 -0.614171028137207
v -0.8427762389183044 0.29999563097953796 -0.631547749042511
v -0.8332832455635071 0.3069128394126892 -0.6331191062927246
v -0.8387010097503662 0.2808587849140167 -0.6189467310905457
v -0.8536811470985413 0.2758035957813263 -0.6198506951332092
v -0.8487611413002014 0.2825520932674408 -0.6241669058799744
v -0.8599447011947632 0.2924378216266632 -0.6358552575111389
v -0.863979697227478 0.2910575866699219 -0.6345422863960266
v -0.8667414784431458 0.26843923330307007 -0.6350953578948975
v -0.862615704536438 0.2732386887073517 -0.637806236743927
v -0.8605838418006897 0.2719324827194214 -0.6351008415222168
v -0.8757159113883972 0.2968820631504059 -0.6425542831420898
v -0.8705245852470398 0.2914266288280487 -0.6481737494468689
v -0.8617716431617737 0.2655010223388672 -0.6412556767463684
v -0.8604798913002014 0.27693915367126465 -0.6306172013282776
v -0.8663290739059448 0.28100353479385376 -0.6475251913070679
v -0.8750943541526794 0.29521918296813965 -0.650022566318512
v -0.8650298714637756 0.2906947731971741 -0.6374754905700684
v -0.8542275428771973 0.27586913108825684 -0.6342568397521973
v -0.8686304092407227 0.2792571187019348 -0.6390114426612854
v -0.8744357824325562 0.281072735786438 -0.6538733243942261
v -0.8599883317947388 0.2794690728187561 -0.6408854722976685
v -0.8718510866165161 0.28933101892471313 -0.6437681913375854
v -0.8703546524047852 0.2924760580062866 -0.6459671854972839
v -0.8640555143356323 0.2789323925971985 -0.6376614570617676
v -0.868651270866394 0.2881964445114136 -0.6425365209579468
v -0.8740397095680237 0.2870461940765381 -0.6459477543830872
v -0.8720550537109375 0.2703741788864136 -0.6470974683761597
v -0.8672782182693481 0.28465449810028076 -0.6413674354553223
v -0.871461033821106 0.28720623254776 -0.6398485898971558
v -0.8675007224082947 0.28577905893325806 -0.6488634943962097
v -0.876003623008728 0.2818819284439087 -0.6441328525543213
v -0.2749001383781433 -0.0021803509443998337 0.059506431221961975
v 0.09659206867218018 0.10146565735340118 0.2569395899772644
v 0.11539851874113083 0.10232792049646378 0.24390754103660583
v 0.10973069071769714 0.13192516565322876 0.2845134139060974
v 0.11130178719758987 0.11119970679283142 0.26358354091644287
v -0.1965254247188568 0.10536190867424011 0.1329161822795868
v -0.44762909412384033 0.14818063378334045 -0.12092483788728714
f 3 2 1
f 1 7 3
f 4 8 9
f 4 11 2
f 5 11 12
f 5 14 1
f 14 6 1
f 6 17 7
f 3 18 8
f 9 10 4
f 21 10 20
f 12 13 5
f 12 21 23
f 24 13 25
f 24 15 14
f 16 15 27
f 16 29 17
f 7 30 18
f 32 18 31
f 10 33 20
f 34 21 20
f 23 22 12
f 25 22 37
f 23 35 38
f 25 40 24
f 40 26 24
f 27 26 42
f 27 28 16
f 45 28 44
f 46 17 29
f 31 48 32
f 50 19 49
f 20 51 34
f 52 35 34
f 38 36 23
f 37 36 55
f 56 25 37
f 53 38 35
f 39 59 40
f 41 59 60
f 42 41 61
f 42 43 27
f 44 43 63
f 44 65 45
f 29 66 46
f 30 67 31
f 31 68 47
f 48 70 69
f 71 32 48
f 72 33 50
f 73 49 71
f 34 74 52
f 75 52 76
f 57 54 38
f 55 54 78
f 56 55 79
f 80 39 56
f 75 57 53
f 83 58 82
f 83 60 59
f 61 60 85
f 61 62 42
f 63 62 87
f 63 64 44
f 89 64 90
f 91 45 65
f 92 46 66
f 68 92 93
f 94 47 68
f 48 95 71
f 70 97 69
f 50 98 72
f 74 72 99
f 71 100 73
f 76 74 101
f 102 76 103
f 77 81 104
f 78 77 105
f 78 79 55
f 56 107 80
f 108 58 80
f 109 75 102
f 110 83 82
f 111 84 83
f 84 85 60
f 85 86 61
f 87 86 115
f 87 88 63
f 90 88 117
f 118 65 89
f 90 120 89
f 91 92 66
f 93 121 122
f 93 94 68
f 96 94 124
f 97 95 69
f 97 127 126
f 100 98 73
f 99 98 129
f 99 101 74
f 125 100 95
f 76 132 103
f 103 133 102
f 104 105 77
f 81 135 104
f 105 106 78
f 107 106 137
f 80 138 108
f 102 139 109
f 140 110 141
f 142 111 140
f 112 113 84
f 114 113 144
f 114 115 86
f 115 116 87
f 117 116 147
f 119 117 148
f 89 149 118
f 91 150 121
f 151 119 152
f 123 122 153
f 124 123 154
f 124 127 96
f 125 126 156
f 131 128 100
f 129 128 158
f 129 130 99
f 101 160 132
f 156 131 125
f 133 162 163
f 104 164 134
f 136 134 165
f 166 109 139
f 137 136 167
f 168 107 137
f 108 141 110
f 133 169 139
f 141 171 140
f 142 143 112
f 140 173 142
f 144 143 174
f 145 144 175
f 146 145 176
f 147 146 177
f 148 147 178
f 179 119 148
f 149 151 180
f 118 181 150
f 151 182 183
f 153 154 123
f 153 185 186
f 155 154 187
f 157 161 189
f 158 157 190
f 158 159 129
f 160 159 192
f 193 132 160
f 163 195 194
f 196 135 166
f 165 164 197
f 165 167 136
f 139 199 166
f 167 168 137
f 170 138 168
f 194 169 163
f 202 171 170
f 173 172 142
f 174 172 205
f 203 173 171
f 175 174 207
f 175 176 145
f 177 176 209
f 177 178 147
f 148 211 179
f 212 152 179
f 213 149 180
f 180 183 214
f 150 185 122
f 215 183 182
f 186 184 153
f 187 184 218
f 219 186 185
f 221 155 187
f 189 190 157
f 192 191 222
f 223 160 192
f 162 224 195
f 194 225 226
f 199 196 166
f 197 196 228
f 198 197 229
f 200 198 230
f 231 169 201
f 202 168 200
f 226 201 194
f 233 203 202
f 204 206 235
f 205 204 236
f 207 205 237
f 234 206 203
f 208 207 239
f 209 208 240
f 209 210 177
f 210 211 178
f 179 243 212
f 182 244 215
f 213 214 245
f 219 181 213
f 216 214 183
f 247 216 215
f 220 217 186
f 218 217 250
f 221 218 251
f 252 220 219
f 254 190 5438
f 256 192 222
f 191 255 222
f 257 193 223
f 195 258 225
f 226 260 259
f 227 231 261
f 228 227 262
f 229 228 263
f 229 230 198
f 230 202 200
f 265 201 232
f 266 226 259
f 234 267 268
f 236 235 269
f 235 238 270
f 237 236 271
f 239 237 272
f 268 238 234
f 239 240 208
f 240 241 209
f 241 242 210
f 277 211 242
f 278 212 243
f 215 279 247
f 245 219 213
f 245 246 280
f 248 246 216
f 282 248 247
f 249 253 284
f 250 249 285
f 250 251 218
f 287 253 252
f 255 290 289
f 222 289 256
f 223 291 257
f 224 292 258
f 293 225 258
f 294 260 295
f 262 261 296
f 261 265 297
f 262 263 228
f 263 264 229
f 264 233 230
f 232 300 265
f 301 259 294
f 302 268 267
f 270 269 235
f 269 271 236
f 270 273 306
f 272 271 307
f 272 274 239
f 273 303 309
f 275 274 310
f 275 276 241
f 277 276 312
f 313 243 277
f 314 244 278
f 247 315 282
f 280 252 245
f 280 281 316
f 283 281 248
f 283 318 319
f 284 285 249
f 284 288 321
f 285 286 250
f 286 5076 251
f 323 288 287
f 325 289 290
f 256 326 291
f 292 291 327
f 258 328 293
f 329 260 293
f 297 296 261
f 296 298 262
f 332 265 300
f 299 298 333
f 267 299 302
f 266 334 300
f 294 336 301
f 337 303 302
f 304 306 339
f 304 305 269
f 307 305 341
f 306 309 342
f 272 343 308
f 308 310 274
f 338 309 303
f 310 311 275
f 312 311 347
f 277 348 313
f 349 278 313
f 350 279 314
f 282 351 318
f 287 316 323
f 316 317 352
f 319 317 283
f 354 319 318
f 321 320 284
f 320 322 285
f 321 324 358
f 359 324 323
f 5081 290 5079
f 325 361 326
f 327 326 361
f 327 328 292
f 293 363 329
f 295 364 335
f 330 332 365
f 330 331 296
f 333 331 367
f 300 368 332
f 302 333 337
f 369 301 336
f 371 335 370
f 372 338 337
f 339 340 304
f 342 339 306
f 341 340 376
f 307 377 343
f 342 345 378
f 308 379 344
f 310 380 346
f 373 345 338
f 347 346 382
f 347 348 312
f 384 313 348
f 314 385 350
f 386 315 350
f 318 387 354
f 323 352 359
f 352 353 388
f 355 353 319
f 355 391 390
f 358 356 321
f 356 357 320
f 5080 357 5082
f 360 358 324
f 395 360 359
f 398 5576 397
f 361 362 327
f 363 362 399
f 364 363 400
f 370 364 401
f 365 366 330
f 332 403 365
f 367 366 404
f 337 367 372
f 405 334 369
f 406 336 371
f 370 408 371
f 410 372 409
f 375 374 339
f 376 374 412
f 378 375 342
f 377 376 414
f 415 343 377
f 378 381 416
f 417 344 379
f 382 380 418
f 410 381 373
f 382 383 347
f 384 383 421
f 422 349 384
f 350 423 386
f 424 351 386
f 425 354 387
f 359 388 395
f 388 389 426
f 390 389 355
f 390 428 429
f 392 394 430
f 392 393 356
f 393 5082 357
f 396 394 360
f 395 434 396
f 397 436 398
f 399 398 436
f 399 400 363
f 400 401 364
f 401 407 370
f 365 440 402
f 404 402 441
f 368 442 403
f 409 367 404
f 405 406 443
f 408 406 371
f 407 446 408
f 409 448 410
f 449 375 413
f 450 374 411
f 412 414 376
f 378 452 413
f 453 377 414
f 379 454 417
f 416 419 455
f 380 456 418
f 418 420 382
f 410 458 419
f 383 459 421
f 384 460 422
f 461 385 422
f 424 423 462
f 425 424 463
f 425 428 391
f 395 426 433
f 426 427 465
f 429 427 390
f 467 428 468
f 430 432 469
f 430 431 392
f 431 5083 393
f 396 471 432
f 472 434 433
f 474 436 435
f 436 437 399
f 438 437 476
f 438 439 401
f 439 445 407
f 440 442 479
f 440 441 402
f 404 447 409
f 481 405 443
f 482 408 446
f 446 484 483
f 486 447 485
f 413 487 449
f 411 488 450
f 489 412 450
f 414 490 453
f 416 491 452
f 492 415 453
f 417 493 456
f 458 455 419
f 418 495 457
f 496 420 457
f 497 448 486
f 421 498 460
f 422 499 461
f 461 462 423
f 463 462 501
f 463 464 425
f 468 464 503
f 433 465 472
f 467 466 429
f 506 468 505
f 469 470 430
f 508 432 471
f 431 5085 5084
f 434 509 471
f 511 472 510
f 474 513 475
f 476 475 513
f 476 477 438
f 478 477 515
f 445 516 484
f 517 442 481
f 485 480 518
f 519 444 482
f 446 521 482
f 484 523 483
f 524 485 518
f 449 525 488
f 526 450 488
f 527 451 489
f 453 528 492
f 491 494 529
f 530 491 531
f 532 454 492
f 456 533 495
f 534 458 497
f 457 535 496
f 536 459 496
f 537 486 524
f 538 460 498
f 499 500 461
f 501 500 540
f 501 502 463
f 503 502 542
f 505 503 543
f 467 545 504
f 504 547 466
f 505 549 506
f 5762 469 508
f 470 5086 5085
f 550 471 509
f 510 552 511
f 510 472 629
f 512 554 513
f 514 513 554
f 515 514 555
f 556 478 515
f 481 557 517
f 558 517 559
f 560 518 480
f 482 562 519
f 520 563 557
f 564 483 523
f 565 523 522
f 518 567 524
f 568 487 530
f 488 569 526
f 570 489 526
f 571 490 527
f 492 572 532
f 531 529 573
f 574 494 534
f 568 531 575
f 576 493 532
f 495 577 535
f 497 578 534
f 496 579 536
f 498 580 538
f 538 539 499
f 539 540 500
f 540 541 501
f 542 541 584
f 543 542 585
f 543 548 505
f 545 549 587
f 504 588 546
f 552 546 589
f 548 591 549
f 5804 508 550
f 509 593 550
f 595 553 5087
f 595 514 554
f 596 515 555
f 597 516 556
f 557 559 517
f 559 600 558
f 602 560 601
f 603 521 564
f 519 604 563
f 563 598 557
f 564 566 606
f 607 566 565
f 609 522 597
f 610 561 602
f 611 525 568
f 526 612 570
f 613 527 570
f 614 528 571
f 532 615 576
f 575 573 616
f 573 574 617
f 534 618 574
f 568 619 611
f 533 620 577
f 621 535 577
f 600 537 601
f 536 622 580
f 580 581 538
f 582 581 624
f 583 582 625
f 583 584 541
f 585 584 627
f 628 548 586
f 629 547 552
f 587 591 630
f 588 632 631
f 634 588 633
f 546 634 589
f 634 635 589
f 637 590 636
f 550 5851 5804
f 593 639 638
f 511 640 594
f 5087 642 595
f 595 643 555
f 643 596 555
f 597 596 645
f 598 599 559
f 599 578 600
f 600 560 558
f 606 603 564
f 648 562 603
f 649 563 604
f 608 606 566
f 609 607 565
f 608 652 653
f 597 654 609
f 655 569 611
f 570 656 613
f 614 613 657
f 658 572 614
f 659 576 615
f 616 619 575
f 616 617 661
f 618 617 574
f 611 663 655
f 577 664 621
f 665 579 621
f 580 666 623
f 624 623 667
f 625 624 668
f 625 626 583
f 626 627 584
f 585 671 586
f 586 672 628
f 636 628 673
f 675 630 674
f 591 676 630
f 631 677 634
f 678 633 679
f 640 635 680
f 636 682 637
f 683 593 638
f 639 594 640
f 638 684 685
f 686 642 641
f 642 688 643
f 688 644 643
f 644 645 596
f 646 618 599
f 650 647 606
f 648 647 692
f 693 604 648
f 694 605 649
f 653 650 608
f 651 652 607
f 652 698 653
f 654 690 699
f 657 656 700
f 657 658 614
f 658 659 615
f 620 703 664
f 661 660 616
f 660 663 619
f 662 661 617
f 655 707 708
f 621 709 665
f 622 710 666
f 667 666 711
f 712 624 667
f 669 670 626
f 670 671 627
f 671 715 672
f 716 628 672
f 673 681 636
f 718 675 674
f 632 675 677
f 674 676 720
f 637 721 676
f 634 722 631
f 679 724 678
f 680 639 640
f 725 635 719
f 682 727 726
f 728 685 684
f 686 731 687
f 732 688 687
f 734 688 733
f 689 690 644
f 694 662 646
f 691 695 736
f 692 691 737
f 693 692 738
f 739 649 693
f 698 695 653
f 741 696 651
f 696 697 652
f 745 697 744
f 654 746 747
f 748 700 656
f 701 700 750
f 701 702 658
f 752 659 702
f 753 664 703
f 706 704 661
f 704 705 660
f 707 705 756
f 748 707 757
f 758 665 709
f 666 759 711
f 667 760 712
f 761 668 712
f 761 713 669
f 763 670 713
f 715 763 764
f 765 672 715
f 717 727 681
f 720 718 674
f 719 768 725
f 677 719 635
f 676 769 720
f 770 682 726
f 678 772 722
f 722 723 679
f 774 723 773
f 725 684 680
f 776 729 728
f 779 730 778
f 732 781 733
f 734 783 689
f 733 782 734
f 783 735 689
f 754 694 739
f 785 691 736
f 737 738 692
f 693 787 739
f 788 698 745
f 747 651 654
f 741 790 742
f 742 743 696
f 744 743 792
f 699 794 746
f 795 747 746
f 757 749 748
f 750 749 798
f 701 799 751
f 702 800 752
f 801 703 752
f 709 802 758
f 704 803 755
f 756 755 804
f 757 756 805
f 806 710 758
f 760 759 807
f 712 808 761
f 761 809 762
f 762 763 713
f 765 764 811
f 764 810 812
f 813 716 765
f 717 814 766
f 815 727 766
f 769 767 720
f 818 718 767
f 768 728 725
f 769 770 819
f 772 820 821
f 773 772 821
f 822 774 773
f 820 724 774
f 777 826 825
f 827 779 778
f 731 780 732
f 829 780 830
f 832 782 831
f 831 781 829
f 833 783 832
f 735 834 699
f 739 803 754
f 736 835 785
f 836 737 785
f 837 738 786
f 838 740 788
f 745 840 788
f 741 796 789
f 841 790 789
f 790 791 742
f 792 791 844
f 792 846 744
f 793 848 794
f 746 849 795
f 796 851 850
f 805 797 757
f 798 797 853
f 750 854 799
f 855 751 799
f 752 856 801
f 857 753 801
f 758 858 806
f 804 803 859
f 804 805 756
f 807 806 861
f 807 808 760
f 863 808 862
f 810 809 864
f 865 765 811
f 811 812 866
f 813 867 814
f 868 766 814
f 815 870 816
f 819 817 769
f 818 817 872
f 826 768 818
f 819 824 873
f 874 821 820
f 773 875 822
f 823 876 877
f 820 823 874
f 777 5092 5090
f 826 880 825
f 882 828 827
f 779 830 780
f 829 884 885
f 831 887 832
f 829 886 831
f 784 888 834
f 832 889 833
f 787 859 803
f 890 785 835
f 891 786 836
f 788 892 838
f 835 893 890
f 840 894 895
f 841 796 850
f 897 841 896
f 898 790 842
f 843 844 791
f 845 844 900
f 846 902 901
f 834 847 793
f 904 847 903
f 905 794 848
f 795 906 851
f 851 908 850
f 860 852 805
f 853 852 910
f 853 854 798
f 855 854 912
f 800 913 856
f 801 914 857
f 915 802 857
f 861 858 916
f 859 860 804
f 861 862 807
f 919 809 863
f 863 918 920
f 866 865 811
f 866 923 922
f 921 867 865
f 868 867 925
f 926 815 868
f 870 928 927
f 816 929 878
f 871 930 931
f 871 872 817
f 818 879 826
f 873 930 819
f 878 873 824
f 935 875 874
f 876 875 936
f 874 877 935
f 879 938 880
f 939 827 881
f 940 883 882
f 883 830 828
f 885 942 943
f 945 886 944
f 944 885 943
f 946 833 889
f 889 948 947
f 917 837 891
f 949 836 890
f 892 895 950
f 838 951 893
f 893 949 890
f 895 954 953
f 850 955 841
f 842 956 898
f 957 843 898
f 900 899 958
f 959 845 900
f 901 894 846
f 901 960 961
f 847 962 903
f 964 903 963
f 848 965 905
f 966 849 905
f 907 906 967
f 917 909 860
f 910 909 970
f 910 911 853
f 854 972 912
f 973 855 912
f 974 856 913
f 975 857 914
f 916 918 861
f 863 977 919
f 978 918 976
f 922 921 866
f 922 980 981
f 924 979 982
f 925 924 983
f 984 869 926
f 986 870 927
f 987 927 928
f 929 934 878
f 931 990 991
f 992 871 931
f 879 932 937
f 993 930 933
f 936 994 995
f 876 995 996
f 994 877 996
f 938 998 997
f 882 999 940
f 941 1000 1001
f 941 884 883
f 943 1003 1002
f 1004 945 944
f 889 1006 946
f 891 969 917
f 950 953 1007
f 950 951 892
f 951 952 893
f 952 969 949
f 953 1011 1012
f 5098 897 5094
f 898 1013 957
f 1014 899 957
f 900 1015 959
f 1016 902 959
f 901 1011 954
f 903 1017 963
f 963 1019 964
f 1020 965 904
f 905 1022 966
f 966 967 906
f 968 967 1024
f 909 1010 970
f 970 971 910
f 972 971 1026
f 1027 912 972
f 974 973 1028
f 1029 914 974
f 1030 915 975
f 916 1031 976
f 1032 920 978
f 980 919 977
f 1031 978 976
f 981 979 922
f 980 1036 981
f 982 983 924
f 982 1034 1038
f 1039 983 1040
f 926 1042 984
f 985 1043 1044
f 927 1045 986
f 1046 988 987
f 928 1044 987
f 934 1049 1048
f 931 1050 992
f 937 992 998
f 1051 990 993
f 995 1054 1053
f 995 1055 996
f 996 1054 994
f 997 1056 1057
f 1000 1059 1001
f 941 1060 942
f 1002 1061 1062
f 1004 1064 1005
f 945 1065 948
f 1066 1006 947
f 1006 962 946
f 1007 1008 950
f 1007 1012 1069
f 1008 1009 951
f 1009 1010 952
f 1072 1011 1073
f 1074 957 1013
f 1075 958 1014
f 1076 959 1015
f 960 1078 1077
f 1073 961 1077
f 1017 1018 963
f 1018 1081 1019
f 964 1082 1020
f 1082 1021 1020
f 1022 1021 1084
f 1023 1022 1085
f 1024 1023 1086
f 1025 1010 1071
f 1025 1026 971
f 972 1088 1027
f 1028 1027 1089
f 1029 1028 1090
f 1029 1030 975
f 1031 1091 1092
f 977 1035 980
f 1032 1033 1093
f 1033 1092 1094
f 1036 1034 981
f 1096 1036 1035
f 1040 1037 1098
f 1038 1095 1099
f 1040 1101 1039
f 1101 1041 1039
f 1102 984 1042
f 1044 1104 1103
f 1045 1047 1105
f 987 1103 1046
f 1107 1046 1106
f 989 1109 1049
f 1048 1110 1111
f 1112 991 1052
f 998 1050 1056
f 1113 1052 1051
f 1111 993 1048
f 1115 1053 1054
f 1053 1117 1055
f 1115 1055 1117
f 5100 1057 5103
f 1056 1119 1057
f 1122 1000 1121
f 1123 1059 1058
f 1001 1125 1060
f 1062 1127 1128
f 1062 1126 1002
f 1126 1063 1004
f 1131 1063 1130
f 1132 1005 1064
f 1134 1066 1133
f 1017 1067 1079
f 1135 1065 1132
f 1068 1069 1136
f 1068 1070 1008
f 1072 1069 1012
f 1073 1140 1072
f 5105 1013 5102
f 1014 1141 1075
f 1142 1015 1075
f 1143 1016 1076
f 1077 1145 1144
f 1139 1077 1144
f 1079 1080 1018
f 1080 1148 1081
f 1149 1019 1081
f 1083 1149 1150
f 1083 1084 1021
f 1085 1084 1152
f 1085 1086 1023
f 1154 1026 1087
f 1027 1155 1089
f 1089 1090 1028
f 1090 1091 1029
f 1092 1157 1158
f 1093 1035 1032
f 1093 1094 1159
f 1092 1160 1094
f 1097 1095 1036
f 1162 1097 1096
f 1099 1161 1164
f 1165 1038 1099
f 1101 1167 1168
f 1042 1168 1102
f 1169 1043 1102
f 1104 1171 1103
f 1172 1045 1105
f 1105 1107 1174
f 1106 1103 1171
f 1106 1176 1107
f 1109 1177 1178
f 1180 1109 1179
f 1181 1111 1110
f 1112 1056 1050
f 1112 1114 1183
f 1051 1182 1113
f 1114 1184 1185
f 1186 1116 1115
f 1188 1116 1187
f 1117 1186 1115
f 1118 1191 1119
f 1193 1058 1122
f 1122 1120 1192
f 1194 1124 1123
f 1059 1196 1125
f 1127 1196 1197
f 1128 1198 1199
f 1129 1128 1200
f 1130 1129 1200
f 1202 1130 1201
f 1064 1203 1132
f 1133 1205 1134
f 1079 1134 1146
f 1133 1135 1206
f 1206 1132 1203
f 1136 1137 1068
f 1069 1208 1136
f 1087 1137 1154
f 1072 1209 1138
f 1211 1139 1210
f 1212 1075 1141
f 1076 1213 1143
f 1214 1078 1143
f 1216 1145 1215
f 1210 1144 1216
f 1217 1080 1146
f 1219 1147 1218
f 1220 1149 1081
f 1151 1150 1222
f 1150 1221 1223
f 1152 1151 1224
f 1225 1088 1154
f 1089 1226 1156
f 1157 1156 1227
f 1094 1228 1159
f 1160 1230 1229
f 1232 1162 1231
f 1099 1234 1165
f 1164 1163 1232
f 1235 1166 1165
f 1167 1238 1168
f 1102 1240 1239
f 1170 1169 1241
f 1242 1170 1243
f 1105 1244 1172
f 1107 1245 1174
f 1171 1175 1106
f 1175 1247 1176
f 1177 1173 1248
f 1109 1249 1179
f 1179 1251 1180
f 1252 1182 1181
f 1110 1254 1181
f 1112 1190 1118
f 1185 1183 1114
f 1113 1253 1184
f 1257 1184 1256
f 1258 1187 1186
f 1187 1260 1188
f 1186 1260 1258
f 1262 1190 1263
f 1191 1189 1119
f 5110 1265 1192
f 1122 1265 1193
f 1123 1266 1194
f 1197 1124 1195
f 1198 1197 1267
f 1199 1269 1268
f 1200 1199 1270
f 1270 1130 1200
f 1271 1201 1272
f 1203 1202 1273
f 1206 1204 1133
f 1275 1205 1204
f 1146 1205 1217
f 1203 1274 1206
f 1136 1277 1207
f 1154 1207 1225
f 1278 1138 1209
f 1211 1209 1140
f 1210 1281 1211
f 1282 1142 1212
f 1143 1283 1214
f 1215 1214 1284
f 1215 1286 1216
f 1216 1280 1210
f 1147 1287 1218
f 1288 1218 1289
f 1148 1290 1220
f 1221 1290 1291
f 1222 1224 1151
f 1222 1223 1293
f 1223 1291 1294
f 1152 1295 1153
f 1296 1155 1225
f 1156 1297 1227
f 1298 1160 1229
f 1227 1230 1158
f 1229 1299 1300
f 1301 1232 1231
f 1231 1228 1298
f 1166 1233 1098
f 1165 1303 1235
f 1304 1236 1235
f 1306 1238 1237
f 1240 1307 1239
f 1241 1243 1170
f 1169 1309 1241
f 1243 1311 1242
f 1174 1312 1244
f 1248 1244 1313
f 1176 1314 1245
f 1242 1246 1175
f 1315 1246 1316
f 1317 1248 1313
f 1318 1178 1319
f 1249 1250 1179
f 1250 1238 1251
f 1254 1251 1306
f 1181 1320 1252
f 1322 1252 1321
f 1183 1263 1190
f 1323 1255 1185
f 1184 1322 1256
f 1256 1326 1257
f 1258 1328 1259
f 1328 1260 1259
f 1258 1329 1327
f 5114 1191 1262
f 1331 1263 1330
f 1264 1333 1265
f 1193 1333 1266
f 1194 1335 1334
f 1267 1195 1336
f 1267 1269 1198
f 1268 1270 1199
f 1268 1340 1339
f 1201 1338 1272
f 1273 1271 1341
f 1271 1343 1342
f 1274 1345 1204
f 1275 1347 1276
f 1276 1217 1205
f 1341 1274 1273
f 1208 1348 1277
f 1296 1207 1277
f 1349 1211 1281
f 1280 1351 1281
f 1213 1352 1283
f 1214 1353 1284
f 1354 1215 1284
f 1355 1285 1356
f 1286 1350 1280
f 1287 1289 1218
f 1358 1219 1288
f 1288 1359 1360
f 1291 1358 1361
f 1293 1292 1222
f 1224 1363 1295
f 1293 1294 1364
f 1361 1294 1291
f 1296 1297 1226
f 1298 1300 1367
f 1366 1230 1297
f 1300 1369 1368
f 1367 1231 1298
f 1370 1302 1301
f 1305 1233 1236
f 1303 1374 1235
f 1374 1304 1235
f 1305 1375 1321
f 1372 1237 1233
f 1307 1309 1239
f 1241 1377 1308
f 1378 1243 1308
f 1310 1380 1311
f 1381 1245 1314
f 1382 1244 1312
f 1383 1247 1315
f 1316 1311 1380
f 1315 1384 1385
f 1313 1386 1317
f 1317 1319 1178
f 1307 1318 1376
f 1319 1388 1318
f 1306 1320 1254
f 1321 1389 1322
f 1324 1263 1255
f 1323 1391 1324
f 1322 1325 1256
f 1393 1325 1392
f 1257 1390 1323
f 1394 1328 1327
f 1328 1396 1329
f 1329 1394 1327
f 5114 1331 5116
f 1331 1398 1397
f 1333 1400 1399
f 1401 1333 1399
f 1335 1401 1402
f 1334 1336 1195
f 1336 1337 1267
f 1337 1340 1269
f 1339 1338 1268
f 1339 1407 1408
f 1406 1272 1338
f 1409 1271 1342
f 1410 1343 1411
f 1345 1413 1412
f 1345 1346 1275
f 1415 1346 1416
f 1276 1357 1287
f 1413 1341 1409
f 1369 1278 1279
f 1277 1366 1296
f 1417 1281 1351
f 1368 1279 1349
f 1419 1350 1418
f 1421 1283 1352
f 1422 1284 1353
f 1424 1356 1423
f 1418 1355 1424
f 1425 1289 1357
f 1360 1358 1288
f 1427 1358 1426
f 1293 1428 1362
f 1363 1362 1429
f 1365 1364 1294
f 1365 1427 1431
f 1363 5115 5113
f 1367 1368 1432
f 1299 1348 1369
f 1432 1301 1367
f 1433 1371 1370
f 1303 1371 1373
f 1374 1435 1436
f 1436 1375 1374
f 1376 1377 1309
f 1377 1378 1308
f 1379 1378 1439
f 1441 1379 1440
f 1442 1312 1381
f 1384 1380 1441
f 1385 1444 1443
f 1442 1386 1382
f 1387 1386 1445
f 1318 1437 1376
f 1447 1387 1446
f 1324 1398 1330
f 1390 1449 1391
f 1392 1389 1436
f 1450 1393 1392
f 1390 1393 1448
f 1395 1453 1452
f 1395 1454 1396
f 1455 1394 1396
f 1397 5116 1331
f 1397 1457 1458
f 5117 1400 1332
f 1459 1400 1460
f 1461 1335 1402
f 1462 1403 1334
f 1404 1403 1464
f 1405 1404 1465
f 1466 1340 1405
f 1408 1406 1339
f 1468 1408 1407
f 1467 1343 1406
f 1470 1342 1410
f 1411 1472 1410
f 1414 1412 1473
f 1412 1474 1475
f 1476 1346 1414
f 1357 1415 1425
f 1478 1416 1477
f 1470 1413 1409
f 1432 1349 1417
f 1417 1419 1433
f 1418 1480 1419
f 1352 6681 1421
f 1481 1353 1421
f 1482 1354 1422
f 1423 1484 1424
f 1356 1485 1423
f 1424 1479 1418
f 1488 1426 1489
f 1428 1430 1490
f 1429 1492 1491
f 1430 1431 1493
f 1494 1427 1488
f 1417 1370 1432
f 1480 1433 1419
f 1373 1434 1435
f 1436 1450 1392
f 1438 1437 1495
f 1438 1439 1378
f 1440 1439 1497
f 1498 1440 1499
f 1444 1441 1498
f 1501 1443 1502
f 1504 1444 1503
f 1388 1495 1437
f 1506 1446 1505
f 1449 1398 1391
f 1449 1508 1507
f 1450 1479 1451
f 1451 1448 1393
f 1509 1452 1453
f 1452 1511 1454
f 1509 1455 1512
f 1513 1397 1458
f 1458 1514 1515
f 1459 1402 1399
f 1459 1517 1518
f 1461 1463 1462
f 1402 1520 1461
f 1464 1463 1521
f 1464 1465 1404
f 1405 1523 1466
f 1524 1407 1466
f 1467 1469 1525
f 1526 1469 1468
f 1525 1411 1467
f 1410 1528 1470
f 1530 1471 1529
f 1473 1476 1414
f 1473 1475 1531
f 1475 1532 1533
f 1535 1476 1534
f 1425 1478 1536
f 1477 1538 1478
f 1528 1474 1470
f 1421 1539 1481
f 1482 1481 1540
f 1485 1483 1423
f 1484 1507 1508
f 1485 1540 1542
f 1451 1484 1508
f 1486 1536 1543
f 1487 1489 1426
f 1489 1547 1488
f 1548 1430 1493
f 1492 1490 1549
f 1491 1549 1550
f 1431 1551 1493
f 1547 1494 1488
f 1434 1450 1435
f 1553 1438 1495
f 1554 1439 1496
f 1556 1499 1555
f 1503 1498 1556
f 1502 1504 1557
f 1501 1558 1505
f 1503 1560 1504
f 1505 1561 1506
f 1505 1500 1501
f 1457 1507 1514
f 1511 1562 1563
f 1454 1512 1455
f 1509 1564 1565
f 1566 1458 1515
f 1541 1515 1514
f 1517 5118 5122
f 1516 1518 1568
f 1518 1569 1570
f 1520 1519 1461
f 1521 1519 1572
f 1573 1516 1568
f 1521 1522 1464
f 1522 1523 1465
f 1466 1576 1524
f 1468 1577 1526
f 1525 1527 1578
f 1579 1527 1526
f 1471 1578 1529
f 1581 1472 1530
f 1534 1531 1533
f 1533 1583 1582
f 1534 1585 1535
f 1586 1478 1538
f 1587 1537 1477
f 1537 1590 1538
f 1581 1532 1528
f 1539 1540 1481
f 1567 1485 1542
f 1514 1483 1541
f 1542 1591 1592
f 1593 1536 1586
f 1595 1543 1594
f 1486 1596 1544
f 1596 1487 1544
f 1545 1546 1489
f 1547 1599 1598
f 1493 1600 1548
f 1548 1549 1490
f 1552 1551 1494
f 1598 1552 1547
f 1604 1496 1553
f 1605 1497 1554
f 1606 1556 1555
f 1608 1499 1605
f 1556 1559 1503
f 1609 1502 1557
f 1504 1610 1557
f 1560 1612 1611
f 1613 1558 1609
f 1604 1561 1614
f 1615 1563 1562
f 1512 1563 1564
f 1617 1564 1618
f 1515 1619 1566
f 1569 5122 5125
f 1568 1570 1620
f 1622 1569 1621
f 1571 1573 1623
f 1519 1624 1572
f 1521 1625 1574
f 1573 1620 1626
f 1522 1627 1575
f 1628 1523 1575
f 1629 1524 1576
f 1526 1630 1579
f 1578 1580 1631
f 1632 1579 1633
f 1530 1635 1581
f 1584 1533 1582
f 1582 1636 1637
f 1638 1584 1639
f 1587 1535 1585
f 1538 1640 1586
f 1641 1588 1587
f 1589 1588 1643
f 1644 1589 1645
f 1581 1636 1583
f 1591 5123 5126
f 1542 1619 1567
f 5127 1591 5126
f 1646 1543 1593
f 1647 1586 1640
f 1594 1649 1595
f 1596 1649 1650
f 1650 1545 1596
f 1546 1651 1599
f 1598 1652 1653
f 1602 1600 1551
f 1655 1548 1600
f 1603 1602 1552
f 1653 1603 1598
f 1554 1614 1605
f 1659 1555 1608
f 1608 1614 1660
f 1612 1607 1661
f 1610 1609 1557
f 1611 1610 1560
f 1611 1664 1665
f 1662 1613 1609
f 1614 1613 1660
f 1615 1669 1616
f 1564 1616 1618
f 1562 1670 1615
f 1670 1565 1617
f 1617 1671 1672
f 1621 5125 5129
f 1673 1570 1622
f 1675 1621 1674
f 1676 1571 1623
f 1627 1573 1626
f 1625 5207 5208
f 1626 1673 1679
f 1626 1628 1575
f 1680 1576 1628
f 1681 1577 1629
f 1579 1682 1633
f 1632 1631 1580
f 1632 1684 1685
f 1687 1634 1686
f 1582 1639 1584
f 1688 1636 1689
f 1587 1638 1641
f 1638 1690 1691
f 1692 1590 1644
f 1693 1642 1641
f 1643 1642 1695
f 1643 1645 1589
f 1697 1645 1698
f 1635 1689 1636
f 1646 1648 1594
f 1593 1700 1646
f 1640 1701 1647
f 1702 1648 1703
f 1702 1650 1649
f 1704 1597 1650
f 1705 1599 1651
f 1653 1707 1706
f 1602 1708 1654
f 1600 1709 1655
f 1710 1603 1658
f 1706 1658 1653
f 1660 1659 1608
f 1606 1713 1661
f 1662 1663 1714
f 1664 1714 1665
f 1714 1666 1662
f 1712 1613 1666
f 1670 1668 1615
f 1718 1668 1717
f 1616 1671 1618
f 1617 1716 1670
f 1672 1720 1719
f 1674 5129 5130
f 1721 1622 1675
f 1723 1674 1722
f 1623 1625 1676
f 1624 1678 1724
f 1725 1678 1677
f 1726 1673 1721
f 1680 1679 1726
f 1727 1629 1680
f 1728 1630 1681
f 1729 1633 1682
f 1632 1730 1683
f 1685 1732 1731
f 1686 1734 1687
f 1686 1683 1730
f 1688 1639 1637
f 1689 1735 1688
f 1641 1691 1693
f 1692 1697 1736
f 1737 1694 1693
f 1695 1694 1739
f 1695 1696 1643
f 1645 1741 1698
f 1697 1742 1743
f 1699 1700 1744
f 1699 1703 1648
f 1647 1746 1700
f 1748 1703 1747
f 1748 1704 1702
f 1651 1749 1705
f 1750 1652 1705
f 1751 1707 1752
f 1753 1657 1710
f 1754 1654 1708
f 1710 1711 1756
f 1751 1711 1706
f 1661 1715 1664
f 1713 1666 1715
f 1668 1759 1717
f 1761 1717 1760
f 1669 1720 1671
f 1716 1719 1759
f 1762 1719 1720
f 1722 5130 5131
f 1764 1675 1723
f 1722 1766 1723
f 1721 1767 1726
f 1726 1727 1680
f 1728 1727 1768
f 1682 1769 1729
f 1770 1684 1729
f 1771 1685 1731
f 1731 1772 1773
f 1730 1733 1686
f 1774 1733 1775
f 1735 1690 1688
f 1777 1734 1774
f 1737 1691 1776
f 1736 1697 1743
f 1737 1779 1738
f 1739 1738 1780
f 1740 1739 1781
f 1782 1696 1740
f 1783 1742 1698
f 1785 1742 1784
f 1744 1745 1699
f 1744 1746 1787
f 1788 1701 1736
f 1747 1790 1748
f 1749 1790 1791
f 1749 1750 1705
f 1752 1750 1792
f 1752 1794 1751
f 1795 1708 1753
f 1753 1756 1796
f 1754 1797 1755
f 1756 1757 1798
f 1751 1799 1757
f 1760 1759 1800
f 1801 1760 1800
f 1762 1718 1761
f 1800 1719 1802
f 1803 1763 1762
f 1802 1763 1804
f 1723 1805 1764
f 1807 1765 1806
f 1768 1767 1808
f 1809 1728 1768
f 1729 1810 1770
f 1811 1732 1770
f 1731 1812 1771
f 1813 1773 1772
f 1775 1771 1812
f 1775 1816 1774
f 1776 1777 1817
f 1816 1777 1774
f 1737 1817 1778
f 1736 1743 1785
f 1820 1778 1819
f 1738 1821 1780
f 1780 1781 1739
f 1740 1823 1782
f 1825 1784 1824
f 1745 1826 1747
f 1746 1827 1787
f 1828 1788 1736
f 1826 1789 1747
f 1832 1789 1831
f 1833 1790 1832
f 1792 1791 1833
f 1834 1794 1793
f 1796 1795 1753
f 1796 1798 1837
f 1797 1836 1838
f 1798 1799 1839
f 1794 1840 1799
f 1800 1842 1801
f 1761 1803 1762
f 1804 1801 1842
f 1844 1804 1843
f 1807 1805 1766
f 1846 1807 1806
f 1849 1769 1809
f 1850 1770 1810
f 1772 1851 1813
f 1814 1812 1773
f 1853 1814 1813
f 1775 1852 1815
f 1855 1816 1815
f 1857 1777 1818
f 1818 1856 1858
f 1819 1817 1857
f 1819 1860 1820
f 1861 1779 1820
f 1821 1822 1780
f 1823 1822 1863
f 1783 6979 5134
f 1825 1828 1785
f 1865 1786 1787
f 1787 1866 1865
f 1867 1828 1864
f 1868 1826 1865
f 1830 1831 1789
f 1870 1832 1831
f 1832 1872 1833
f 1873 1833 1872
f 1873 1793 1792
f 1874 1835 1834
f 1836 1837 1876
f 1837 1839 1877
f 1876 1838 1836
f 1880 1838 1879
f 1839 1840 1881
f 1875 1840 1835
f 1841 1884 1842
f 1843 1842 1884
f 1886 1843 1885
f 1883 1802 1844
f 1807 1887 1845
f 1809 1888 1849
f 1889 1810 1849
f 1890 1811 1850
f 1851 1853 1813
f 1852 1854 1892
f 1893 1854 1853
f 1815 1892 1855
f 1895 1856 1855
f 1857 1858 1897
f 1858 1896 1898
f 1899 1860 1859
f 1820 1901 1861
f 1902 1821 1861
f 1903 1825 5137
f 1904 1827 1829
f 1865 1905 1868
f 1906 1829 1867
f 1907 1864 1903
f 1868 1869 1830
f 1870 1869 1909
f 1910 1871 1870
f 1873 1912 1913
f 1913 1834 1873
f 1915 1874 1914
f 1839 1916 1877
f 1917 1876 1877
f 1879 1878 1918
f 1919 1879 1920
f 1840 1921 1881
f 1922 1875 1915
f 1924 1883 1923
f 1843 1924 1885
f 1925 1886 1885
f 1923 1844 1886
f 1888 1845 1887
f 1849 1928 1889
f 1850 1929 1890
f 1851 1930 1891
f 1893 1891 1931
f 1894 1892 1854
f 1933 1894 1893
f 1855 1932 1895
f 1896 1936 1935
f 1897 1898 1937
f 1938 1896 1935
f 1939 1900 1899
f 1941 1860 1900
f 1942 1861 1901
f 1943 1866 1904
f 1905 1908 1868
f 1919 1867 1907
f 1904 1945 1943
f 1909 1908 1947
f 1948 1870 1909
f 1911 1950 1949
f 1952 1911 1951
f 1874 1953 1954
f 1914 1956 1915
f 1881 1957 1916
f 1877 1958 1917
f 1917 1918 1878
f 1920 1918 1960
f 1907 1880 1919
f 1919 1945 1906
f 1961 1882 1922
f 1915 1962 1922
f 1923 1964 1924
f 1964 1885 1924
f 1926 1966 1965
f 1923 1926 1963
f 1928 1887 1969
f 1889 1970 1929
f 1971 1890 1929
f 1891 1972 1931
f 1933 1931 1973
f 1934 1932 1894
f 1975 1934 1933
f 1895 1974 1936
f 1935 1977 1978
f 1938 1937 1898
f 1899 1937 1939
f 1935 1980 1938
f 1981 1940 1939
f 1900 1983 1941
f 1984 1901 1941
f 1944 1943 1985
f 1945 1985 1943
f 1909 1987 1948
f 1988 1910 1948
f 1949 1951 1911
f 1949 1990 1991
f 1992 1952 1951
f 1912 1952 1994
f 1953 1996 1954
f 1914 1997 1955
f 1956 1990 1998
f 1999 1921 1961
f 1916 2000 1958
f 2001 1917 1958
f 1960 1959 2002
f 1986 1920 1960
f 1962 1961 1922
f 1998 1962 1956
f 1964 2005 2006
f 2006 1925 1964
f 1926 2005 1963
f 1965 2008 2007
f 1968 1967 5139
f 1967 1969 1927
f 1970 1969 2010
f 1929 2011 1971
f 2012 1930 1971
f 1931 2013 1973
f 2014 1933 1973
f 2015 1934 1976
f 2016 1976 1975
f 2015 1936 1974
f 2018 1978 1977
f 1938 2020 1979
f 1939 1979 1981
f 1980 2019 2021
f 2022 1982 1981
f 1983 1982 2024
f 1941 2025 1984
f 1985 1947 1944
f 2027 1986 2002
f 1987 2027 2028
f 1948 2029 1988
f 1998 1950 1988
f 1991 1989 1949
f 1992 1989 2031
f 1955 1991 1990
f 2032 1992 2033
f 1952 2034 1994
f 1994 1953 1912
f 2036 1995 2035
f 1954 2037 1997
f 1999 2000 1957
f 2001 2000 2039
f 2040 1959 2001
f 2004 2003 1962
f 1988 2004 1998
f 2042 2006 2005
f 1966 2043 2008
f 2042 1965 2007
f 2007 2044 2045
f 2009 2010 1967
f 2047 1970 2010
f 2011 2012 1971
f 1972 2049 2013
f 1973 2050 2014
f 2016 2014 2051
f 2015 2017 2052
f 2054 2016 2053
f 2052 1977 2015
f 2055 2019 2018
f 2020 2021 2057
f 1981 2020 2022
f 2021 2056 2058
f 2023 2060 2059
f 2024 2023 2061
f 2024 2025 1983
f 1984 2063 2026
f 2028 2002 2040
f 2029 2028 2064
f 1997 2030 1991
f 2030 2031 1989
f 1992 2066 2033
f 2067 1993 2032
f 2032 2068 2069
f 2035 1994 2034
f 2035 2071 2036
f 2037 2073 2072
f 2003 2038 1999
f 2041 2029 2064
f 2042 2075 2043
f 2044 2043 2075
f 2007 2074 2042
f 2009 2077 2047
f 2048 2047 2077
f 2048 2049 2012
f 2013 2079 2050
f 2051 2050 2080
f 2053 2051 2081
f 2052 2054 2082
f 2083 2054 2053
f 2085 2052 2082
f 2056 2087 2086
f 2057 2022 2020
f 2058 2057 2021
f 2058 2086 2089
f 2059 2061 2023
f 2059 2091 2092
f 2061 2062 2024
f 2063 2062 2094
f 2064 2040 2039
f 2072 2030 2037
f 2066 2065 2095
f 2033 2096 2068
f 2034 2070 2035
f 2097 2069 2068
f 2071 2100 2099
f 2101 2036 2071
f 2101 2072 2073
f 2039 2041 2064
f 2074 2104 2075
f 2044 2106 2105
f 2103 2045 2105
f 2107 2046 2076
f 2077 2078 2048
f 2078 2110 2049
f 2111 2050 2079
f 2081 2080 2112
f 2081 2114 2053
f 2082 2084 2115
f 2084 2116 2117
f 2115 2085 2082
f 2118 2055 2085
f 2086 2120 2119
f 2088 2060 2057
f 2089 2088 2058
f 2122 2086 2119
f 2059 2123 2090
f 2124 2061 2090
f 2125 2092 2091
f 2094 2093 2127
f 2065 2102 2095
f 2128 2066 2095
f 2068 2129 2097
f 2130 2070 2067
f 2131 2069 2098
f 2101 2099 2133
f 2135 2100 2134
f 2101 2136 2102
f 2103 2138 2104
f 2105 2139 2140
f 2105 2137 2103
f 2076 2141 2107
f 2107 2109 2078
f 2144 2109 2143
f 2111 2112 2080
f 2079 2144 2111
f 2113 2112 2146
f 2113 2148 2114
f 2115 2117 2149
f 2114 2116 2083
f 2150 2116 2151
f 2149 2118 2115
f 2087 2152 2120
f 2091 2121 2125
f 2153 2122 2119
f 2123 2126 2155
f 2124 2123 2156
f 2157 2093 2124
f 2158 2126 2125
f 2095 2136 2128
f 2160 2096 2128
f 2162 2129 2161
f 2100 2163 2134
f 2131 2130 2132
f 2165 2098 2164
f 2166 2099 2135
f 2134 2168 2135
f 2133 2169 2136
f 2137 2171 2138
f 2139 2104 2138
f 2140 2172 2173
f 2140 2170 2137
f 2174 2108 2142
f 2143 2177 2144
f 2144 2145 2111
f 2146 2145 2178
f 2146 2147 2113
f 2147 2181 2148
f 2117 2182 2149
f 2148 2151 2116
f 2151 2184 2150
f 2182 2152 2149
f 2120 2185 2186
f 2187 2125 2121
f 2119 2188 2153
f 2189 2154 2153
f 2191 2154 2192
f 2193 2123 2155
f 2194 2126 2159
f 2156 2157 2124
f 2196 2159 2158
f 2136 2160 2128
f 2161 2160 2198
f 2161 2200 2162
f 2163 2167 2134
f 2164 2162 2200
f 2131 2201 2163
f 2164 2203 2165
f 2204 2135 2168
f 2166 2205 2169
f 2171 2207 2206
f 2172 2138 2171
f 2209 2172 2208
f 2209 2170 2173
f 2142 2210 2174
f 2212 2176 2143
f 2176 2215 2177
f 2178 2177 2215
f 2146 2216 2179
f 2180 2179 2217
f 2219 2180 2218
f 2150 2220 2182
f 2183 2181 2219
f 2183 2222 2184
f 2223 2182 2220
f 2185 2224 2186
f 2225 2158 2187
f 2226 2186 2224
f 2227 2153 2188
f 2228 2190 2189
f 2192 2190 2230
f 2187 2192 2225
f 2193 2195 2156
f 2155 2232 2193
f 2159 2233 2194
f 2197 2234 2235
f 2198 2169 2205
f 2198 2199 2161
f 2237 2199 2238
f 2201 2240 2167
f 2200 2202 2164
f 2165 2239 2201
f 2202 2242 2203
f 2168 2244 2204
f 2245 2204 2244
f 2172 2206 2208
f 2246 2206 2207
f 2248 2209 2208
f 2249 2207 2209
f 2175 2250 2210
f 2174 2213 2212
f 2214 2213 2251
f 2214 2253 2215
f 2215 2216 2178
f 2254 2179 2216
f 2180 2255 2218
f 2218 2257 2219
f 2220 2259 2258
f 2219 2221 2183
f 2221 2261 2222
f 2262 2220 2258
f 2224 2262 2263
f 2264 2196 2225
f 2265 2188 2226
f 2224 2266 2226
f 2229 2268 2267
f 2190 2269 2230
f 2270 2192 2230
f 2193 2271 2231
f 2272 2194 2233
f 2273 2197 2235
f 2235 2275 2274
f 2205 2236 2198
f 2276 2199 2236
f 2238 2278 2237
f 2279 2239 2280
f 2237 2241 2202
f 2203 2280 2239
f 2281 2242 2241
f 2283 2243 2284
f 2283 2245 2244
f 2208 2247 2248
f 2246 2287 2247
f 2249 2289 2288
f 2288 2246 2249
f 2290 2211 7438
f 2251 2210 2250
f 2251 2252 2214
f 2252 2294 2253
f 2254 2253 2294
f 2217 2295 2255
f 2255 2256 2218
f 2258 2297 2298
f 2260 2257 2299
f 2261 2301 2300
f 2297 2222 2261
f 2302 2258 2298
f 2262 2303 2263
f 2304 2234 2264
f 2266 2265 2226
f 2306 2265 2307
f 2308 2229 2267
f 2306 2228 2227
f 2271 2309 2310
f 2233 2311 2272
f 2273 2274 2312
f 2313 2275 2314
f 2236 2285 2276
f 2315 2238 2276
f 2316 2277 2317
f 2284 2279 2318
f 2280 2320 2279
f 2321 2278 2316
f 2319 2242 2282
f 2282 2323 2322
f 2283 2318 2324
f 2324 2285 2283
f 2248 2287 2289
f 2326 2287 2286
f 2288 2328 2329
f 2288 2326 2286
f 2330 7438 2291
f 2251 2331 2292
f 2333 2252 2292
f 2293 2335 2294
f 2295 2294 2335
f 2255 2336 2296
f 2296 2338 2256
f 2339 2260 2299
f 2300 2297 2261
f 2298 2342 2302
f 2302 2343 2303
f 2314 2304 2344
f 2345 2264 2270
f 2307 2305 2346
f 2308 2349 2269
f 2351 2267 2350
f 2352 2268 2306
f 2312 2311 2273
f 2311 2309 2272
f 2312 2357 2356
f 2357 2313 2358
f 2358 2314 2359
f 2276 2325 2315
f 2315 2317 2277
f 2317 2362 2316
f 2318 2320 2363
f 2364 2319 2365
f 2316 2366 2321
f 2365 2282 2322
f 2321 2323 2281
f 2368 2323 2367
f 2324 2363 2369
f 2369 2325 2324
f 2287 2328 2289
f 2371 2326 2372
f 2373 2329 2328
f 2326 2374 2372
f 2332 2330 2291
f 2330 2331 2290
f 2377 2331 2376
f 2379 2333 2378
f 2334 2379 2380
f 2334 2382 2335
f 2295 2382 2336
f 2337 2336 2383
f 2338 2384 2385
f 2338 2299 2256
f 2386 2301 2339
f 2340 2389 2388
f 2341 2340 2388
f 2341 2391 2342
f 2342 2392 2343
f 2393 2303 2343
f 2396 2304 2345
f 2314 2397 2359
f 2400 2346 2399
f 2401 2305 2398
f 2395 2347 2263
f 2351 2348 2308
f 2345 2348 2396
f 2404 2351 2350
f 2350 2353 2406
f 2353 2408 2407
f 2356 2355 2312
f 2354 2355 2409
f 2356 2412 2413
f 2414 2357 2358
f 2359 2414 2358
f 2315 2370 2360
f 2361 2360 2416
f 2418 2361 2417
f 2419 2320 2364
f 2420 2365 2421
f 2422 2362 2418
f 2322 2421 2365
f 2367 2366 2422
f 2367 2424 2368
f 2363 2425 2369
f 2369 2426 2370
f 2371 2328 2327
f 2428 2372 2427
f 2374 2430 2429
f 2429 2372 2374
f 2432 2330 2375
f 2433 2376 2432
f 2378 2377 2433
f 2434 2334 2380
f 2435 2382 2381
f 2383 2384 2337
f 2383 2436 2438
f 2385 2339 2338
f 2440 2386 2439
f 2388 2441 2442
f 2442 2341 2388
f 2444 2390 2443
f 2392 2444 2445
f 2393 2392 2446
f 2393 2448 2394
f 2394 2395 2303
f 2397 2415 2359
f 2399 2452 2400
f 2352 2400 2453
f 2399 2401 2454
f 2398 2456 2401
f 2458 2402 2457
f 2347 2455 2398
f 2403 2405 2459
f 2396 2403 2460
f 2406 2404 2350
f 2462 2405 2404
f 2407 2406 2353
f 2352 2464 2408
f 2407 2465 2466
f 2467 2409 2468
f 2413 2411 2356
f 2409 2411 2468
f 2413 2471 2470
f 2412 2472 2471
f 2472 2415 2473
f 2416 2370 2426
f 2361 2474 2417
f 2417 2476 2418
f 2477 2364 2420
f 2420 2478 2479
f 2480 2418 2476
f 2424 2421 2368
f 2422 2423 2367
f 2424 2481 2482
f 2419 2483 2425
f 2484 2425 2483
f 2430 2371 2428
f 2485 2428 2427
f 2429 2487 2488
f 2433 2490 2491
f 2491 2378 2433
f 2490 2434 2380
f 2381 2493 2435
f 2436 2495 2438
f 2496 2383 2438
f 2497 2384 2437
f 2439 2385 2498
f 2500 2442 2441
f 2501 2390 2442
f 2444 2503 2502
f 2504 2392 2445
f 2446 2447 2393
f 2447 2507 2448
f 2394 2508 2449
f 2509 2450 2397
f 2473 2450 2511
f 2399 2511 2451
f 2462 2400 2452
f 2512 2401 2456
f 2457 2449 2508
f 2514 2458 2513
f 2459 2460 2403
f 2459 2452 2510
f 2463 2461 2406
f 2462 2461 2516
f 2466 2463 2407
f 2516 2453 2462
f 2408 2518 2465
f 2520 2465 2519
f 2467 2522 2521
f 2470 2469 2413
f 2468 2469 2522
f 2524 2470 2471
f 2472 2527 2471
f 2526 2473 2512
f 2474 2426 2484
f 2417 2528 2475
f 2476 2530 2529
f 2479 2477 2420
f 2532 2479 2478
f 2534 2476 2529
f 2482 2478 2424
f 2481 2480 2534
f 2535 2482 2481
f 2537 2477 2531
f 2483 2538 2484
f 2485 2540 2486
f 2488 2542 2541
f 2431 2544 2495
f 2491 2380 2494
f 2547 2496 2438
f 2549 2498 2497
f 2439 2550 2551
f 2553 2500 2554
f 2441 2555 2500
f 2556 2501 2553
f 2557 2502 2503
f 2445 2560 2504
f 2505 2506 2447
f 2563 2506 2562
f 2508 2507 2564
f 2511 2510 2451
f 2473 2454 2512
f 2526 2456 2514
f 2565 2508 2564
f 2566 2513 2567
f 2517 2515 2463
f 2516 2515 2569
f 2570 2517 2466
f 2569 2464 2516
f 2572 2518 2573
f 2575 2519 2574
f 2572 2519 2465
f 2522 2578 2521
f 2579 2525 2524
f 2514 2527 2526
f 2538 2474 2484
f 2580 2475 2528
f 2529 2582 2581
f 2531 2533 2583
f 2584 2533 2532
f 2581 2534 2529
f 2532 2536 2584
f 2535 2534 2586
f 2587 2536 2535
f 2589 2531 2583
f 2590 2537 2589
f 2591 2485 2541
f 2540 2593 2592
f 2540 2595 2486
f 2541 2596 2591
f 2967 2857 5148
f 2543 2544 2489
f 2547 2544 2598
f 2547 2599 2548
f 2496 2600 2497
f 2497 2601 2549
f 2550 2603 2602
f 2604 2440 2551
f 2554 2555 2606
f 2553 2607 2608
f 2605 2555 2552
f 2553 2610 2556
f 2611 2558 2557
f 2559 2502 2558
f 2557 2556 2610
f 2559 2615 2560
f 2504 2616 2613
f 2561 2617 2618
f 2506 2619 2562
f 2567 2563 2562
f 2563 2564 2507
f 2565 2513 2457
f 2563 2565 2564
f 2566 2562 2579
f 2568 2571 2620
f 2621 2515 2568
f 2622 2571 2570
f 2573 2569 2621
f 2573 2576 2572
f 2574 2626 2575
f 2570 2575 2622
f 2574 2576 2627
f 2523 2577 2522
f 2579 2578 2577
f 2527 2579 2524
f 2528 2590 2580
f 2530 2629 2582
f 2581 2631 2630
f 2583 2585 2632
f 2585 2634 2633
f 2630 2586 2581
f 2588 2584 2536
f 2535 2635 2587
f 2588 2636 2637
f 2589 2632 2638
f 2638 2590 2589
f 2591 2593 2539
f 2592 2594 2540
f 2643 2593 2642
f 2542 2594 2596
f 2640 2596 2644
f 2543 2646 2597
f 2647 2598 2648
f 2649 2548 2599
f 2650 2600 2649
f 2601 2603 2549
f 2602 2653 2550
f 2602 2654 2655
f 2604 2605 2499
f 2551 2656 2604
f 2606 2607 2554
f 2606 2609 2658
f 2607 2660 2608
f 2662 2605 2661
f 2608 2663 2610
f 2557 2663 2611
f 2665 2611 2664
f 2559 2612 2614
f 2560 2666 2616
f 2618 2667 2668
f 2669 2619 2561
f 2619 2628 2562
f 2621 2620 2672
f 2620 2623 2673
f 2674 2623 2622
f 2672 2573 2621
f 2576 2676 2627
f 2627 2625 2574
f 2625 2679 2626
f 2674 2575 2626
f 2639 2580 2590
f 2582 2680 2631
f 2630 2681 2682
f 2632 2633 2683
f 2633 2685 2684
f 2682 2635 2630
f 2637 2634 2588
f 2686 2587 2635
f 2687 2637 2636
f 2638 2683 2689
f 2689 2639 2638
f 2593 2691 2642
f 2592 2692 2641
f 2596 2641 2644
f 2642 2694 2643
f 2695 2640 2644
f 2697 2646 2698
f 2699 2599 2647
f 2697 2647 2648
f 2650 2651 2601
f 2702 2649 2699
f 2654 2651 2703
f 2652 2655 2704
f 2652 2656 2653
f 2706 2605 2656
f 2606 2707 2657
f 2659 2657 2708
f 2709 2609 2662
f 2711 2659 2710
f 2712 2661 2713
f 2714 2663 2660
f 2664 2717 2665
f 2612 2718 2614
f 2664 2715 2719
f 2720 2615 2721
f 2616 2667 2617
f 2668 2723 2722
f 2668 2669 2618
f 2724 2670 2669
f 2671 2670 2726
f 2673 2672 2620
f 2673 2675 2728
f 2729 2674 2730
f 2727 2624 2672
f 2627 2731 2677
f 2677 2678 2625
f 2678 2734 2679
f 2626 2730 2674
f 2690 2629 2639
f 2631 2735 2681
f 2736 2682 2681
f 2684 2683 2633
f 2684 2739 2740
f 2737 2686 2682
f 2685 2688 2739
f 2636 2741 2687
f 2688 2743 2742
f 2689 2738 2744
f 2744 2690 2689
f 2693 2691 2746
f 2747 2643 2694
f 2641 2695 2644
f 2748 2693 2749
f 2691 2750 2746
f 2696 2698 2646
f 2698 2700 2697
f 2700 2699 2647
f 2650 2755 2701
f 2756 2699 2754
f 2704 2705 2652
f 2706 2713 2661
f 2759 2658 2709
f 2657 2760 2708
f 2708 2710 2659
f 2762 2662 2712
f 2710 2764 2711
f 2660 2765 2714
f 2712 2766 2767
f 2664 2768 2716
f 2770 2716 2769
f 2771 2665 2717
f 2721 2718 2771
f 2723 2666 2720
f 2721 2773 2720
f 2724 2722 2774
f 2722 2776 2775
f 2774 2725 2724
f 2726 2725 2778
f 2728 2727 2673
f 2780 2675 2729
f 2730 2782 2729
f 2779 2676 2727
f 2731 2732 2677
f 2733 2732 2784
f 2785 2733 2786
f 2781 2679 2734
f 2680 2745 2735
f 2681 2787 2736
f 2788 2737 2736
f 2740 2738 2684
f 2740 2791 2792
f 2789 2741 2737
f 2742 2739 2688
f 2687 2793 2743
f 2794 2743 2795
f 2744 2790 2796
f 2796 2745 2744
f 2747 2695 2692
f 2694 2798 2747
f 2748 2799 2800
f 2746 2801 2749
f 2752 2804 2696
f 2754 2753 2805
f 2806 2702 2756
f 2808 2757 2807
f 2766 2758 2810
f 2709 2811 2759
f 2707 2812 2760
f 2813 2710 2761
f 2767 2762 2712
f 2763 2816 2764
f 2711 2817 2765
f 2714 2818 2819
f 2766 2821 2767
f 2822 2716 2768
f 2769 2824 2770
f 2825 2717 2770
f 2772 2771 2825
f 2773 2723 2720
f 2827 2772 2826
f 2775 2774 2722
f 2828 2777 2774
f 2778 2777 2830
f 2831 2728 2780
f 2782 2780 2729
f 2781 2834 2782
f 2779 2783 2731
f 2784 2783 2835
f 2784 2786 2733
f 2786 2838 2785
f 2839 2781 2734
f 2735 2797 2787
f 2736 2840 2788
f 2841 2789 2788
f 2792 2790 2740
f 2792 2845 2844
f 2793 2842 2846
f 2794 2791 2742
f 2795 2793 2846
f 2795 2848 2794
f 2796 2843 2849
f 2849 2797 2796
f 2747 2801 2750
f 2748 2851 2798
f 2749 2852 2799
f 2800 2853 2854
f 2752 2856 2803
f 2753 2857 2805
f 2858 2756 2805
f 2859 2808 2807
f 2861 2705 2808
f 2810 2820 2766
f 2812 2811 2863
f 2812 2865 2760
f 2866 2763 2813
f 2867 2815 2763
f 2869 2816 2815
f 2871 2764 2816
f 2817 2818 2765
f 2819 2873 2874
f 2875 2820 2876
f 2822 2823 2769
f 2768 2874 2822
f 2878 2823 2879
f 2880 2770 2824
f 2826 2825 2880
f 2773 2881 2776
f 2827 2883 2882
f 2881 2828 2775
f 2884 2829 2828
f 2830 2829 2886
f 2831 2832 2887
f 2782 2888 2832
f 2834 2889 2890
f 2835 2831 2887
f 2835 2836 2784
f 2837 2836 2892
f 2893 2837 2894
f 2839 2838 2895
f 2895 2833 2839
f 2850 2787 2797
f 2788 2896 2841
f 2842 2898 2897
f 2844 2843 2792
f 2844 2900 2901
f 2846 2897 2902
f 2848 2845 2794
f 2846 2847 2795
f 2904 2847 2903
f 2849 2899 2905
f 2905 2850 2849
f 2798 2852 2801
f 2854 2851 2800
f 2799 2908 2853
f 2854 2910 2909
f 2911 2804 2912
f 5165 2855 5163
f 2802 2914 2856
f 2915 2803 2856
f 2805 2917 2858
f 2860 2862 2810
f 2876 2862 2919
f 2864 2863 2920
f 2811 2921 2863
f 2922 2864 2923
f 2813 2922 2866
f 2867 2924 2925
f 2925 2868 2867
f 2927 2815 2868
f 2928 2870 2869
f 2816 2930 2871
f 2871 2872 2817
f 2873 2872 2932
f 2874 2924 2933
f 2934 2821 2875
f 2875 2935 2936
f 2874 2877 2822
f 2877 2879 2823
f 2824 2937 2880
f 2938 2879 2920
f 2880 2883 2826
f 2884 2827 2882
f 2883 2935 2882
f 2882 2885 2884
f 2886 2885 2919
f 2887 2888 2939
f 2940 2834 2890
f 2890 2942 2941
f 2939 2835 2887
f 2892 2891 2943
f 2944 2837 2892
f 2895 2893 2945
f 2946 2893 2894
f 2945 2889 2895
f 2906 2840 2850
f 2841 2948 2898
f 2897 2949 2950
f 2844 2951 2899
f 2950 2902 2897
f 2904 2900 2848
f 2903 2902 2952
f 2954 2904 2903
f 2899 2956 2905
f 2956 2906 2905
f 2851 2908 2852
f 2909 2907 2854
f 2853 2959 2910
f 2909 2960 2958
f 2911 2961 2962
f 2914 2913 2963
f 2915 2966 2916
f 2916 2912 2803
f 2968 2857 2967
f 2919 2918 2886
f 2885 2876 2919
f 2920 2923 2864
f 2863 2938 2920
f 2923 2933 2922
f 2933 2866 2922
f 2925 2873 2932
f 2932 2926 2925
f 2868 2971 2927
f 2869 2972 2928
f 2973 2929 2928
f 2930 2929 2975
f 2871 2976 2931
f 2931 2932 2872
f 2875 2977 2934
f 2878 2977 2937
f 2977 2883 2937
f 2888 2978 2939
f 2940 2941 2979
f 2941 2980 2981
f 2978 2891 2939
f 2943 2944 2892
f 2894 2983 2946
f 2945 2947 2984
f 2985 2947 2946
f 2984 2942 2945
f 2957 2896 2906
f 2898 2987 2949
f 2950 2989 2988
f 2990 2901 2953
f 2988 2952 2950
f 2953 2955 2992
f 2903 2991 2954
f 2993 2955 2954
f 2995 2951 2990
f 2995 2957 2956
f 2907 2959 2908
f 2959 2960 2910
f 2997 2962 2961
f 2964 2963 2913
f 2914 2965 2915
f 3002 2965 3003
f 2961 2966 2997
f 2968 3005 3004
f 2921 2977 2938
f 2926 3006 2971
f 2928 3007 2973
f 3008 2974 2973
f 2975 2974 3010
f 3011 2930 2975
f 2976 2970 2931
f 3012 2940 2979
f 2941 3013 2979
f 3014 2980 3015
f 2978 2982 2943
f 3016 2944 2982
f 2985 2983 3017
f 2984 2986 3018
f 2985 3020 2986
f 3015 2984 3018
f 2996 2948 2957
f 2949 3021 2989
f 2990 2992 3022
f 2988 3024 2991
f 2992 2994 3025
f 2954 3024 2993
f 2994 3027 3026
f 2990 3028 2995
f 2995 3029 2996
f 3030 2998 2997
f 2999 2998 3032
f 3033 2964 3001
f 2965 3000 3003
f 5172 2968 3004
f 3005 3036 3004
f 3040 3006 3039
f 2972 3042 3007
f 2973 3043 3008
f 3008 3045 3009
f 2974 3046 3010
f 3047 2975 3010
f 2976 3039 3006
f 2979 3048 3012
f 3049 2981 3014
f 3015 3051 3014
f 3016 3012 3048
f 3052 2983 3016
f 3017 3019 2985
f 3018 3020 3054
f 3055 3019 3056
f 3054 3015 3018
f 2987 3029 3021
f 2989 3057 3023
f 2992 3058 3022
f 3024 3060 3059
f 2994 3061 3025
f 3059 2993 3024
f 3026 3062 3063
f 3058 3028 3022
f 3065 3028 3064
f 3066 3031 3030
f 3068 2998 3031
f 3034 3033 3001
f 3000 3070 3003
f 3004 3038 5172
f 3074 3035 3073
f 3078 3039 3077
f 3042 3040 3078
f 3007 3079 3043
f 3008 3080 3044
f 3081 3044 3082
f 3009 3083 3046
f 3010 3084 3047
f 3077 3011 3047
f 3085 3013 3049
f 3014 3086 3049
f 3050 3088 3051
f 3052 3048 3085
f 3052 3053 3017
f 3053 3056 3019
f 3091 3020 3055
f 3056 3093 3055
f 3087 3054 3091
f 3065 3021 3029
f 3057 3060 3023
f 3095 3025 3061
f 3059 3096 3097
f 3061 3063 3098
f 3097 3027 3059
f 3099 3063 3062
f 3101 3058 3095
f 3064 3102 3065
f 3066 3104 3067
f 3105 3031 3067
f 3107 3068 3106
f 3034 3108 3069
f 3033 3109 3070
f 3070 3072 3003
f 3111 3037 5175
f 3002 3103 3066
f 3036 3076 3038
f 3112 3074 3073
f 3106 3035 3107
f 3075 3074 3113
f 3116 3077 3117
f 3079 3078 3116
f 3118 3043 3079
f 3119 3045 3081
f 3120 3082 3121
f 3122 3046 3083
f 3047 3117 3077
f 3123 3049 3086
f 3051 3124 3086
f 3087 3126 3088
f 3085 3089 3052
f 3089 3090 3053
f 3092 3090 3128
f 3055 3129 3091
f 3093 3131 3130
f 3091 3125 3087
f 3065 3094 3057
f 3096 3094 3132
f 3061 3133 3095
f 3134 3097 3096
f 3063 3136 3098
f 3099 3097 3135
f 3137 3100 3099
f 3095 3139 3101
f 3140 3101 3139
f 3067 3141 3105
f 3068 3142 3106
f 3111 3108 3071
f 3144 3069 3108
f 5175 3145 3111
f 3146 3112 3147
f 3106 3112 3073
f 3075 3149 3115
f 3150 5178 3115
f 3117 3152 3116
f 3116 3118 3079
f 3153 3080 3118
f 3155 3081 3120
f 3119 3157 3083
f 3158 3121 3082
f 3121 3161 3120
f 3151 3084 3122
f 3086 3162 3123
f 3088 3163 3124
f 3126 3165 3164
f 3123 3127 3089
f 3090 3166 3128
f 3131 3128 3167
f 3130 3129 3093
f 3130 3169 3170
f 3125 3168 3165
f 3102 3132 3094
f 3132 3134 3096
f 3133 3136 3173
f 3174 3134 3172
f 3137 3135 3174
f 3137 3176 3138
f 3139 3173 3177
f 3139 3178 3140
f 3104 3180 3141
f 3181 3105 3141
f 3142 3183 3106
f 3111 3184 3143
f 3186 3143 3185
f 3110 3144 3179
f 3187 3114 5179
f 3148 3147 3112
f 3146 3189 3190
f 3183 3148 3106
f 3115 3193 3150
f 3196 3151 3195
f 3153 3152 3196
f 3158 3153 3197
f 3120 3198 3155
f 3119 3199 3156
f 3195 3156 3200
f 3197 3159 3158
f 3160 3159 3202
f 3204 3160 3203
f 3195 3122 3157
f 3163 3162 3124
f 3206 3126 3164
f 3164 3207 3208
f 3127 3205 3166
f 3209 3128 3166
f 3131 3210 3169
f 3170 3168 3130
f 3170 3213 3212
f 3211 3165 3168
f 3214 3132 3171
f 3173 3138 3176
f 3215 3172 3214
f 3174 3175 3137
f 3175 3217 3176
f 3176 3177 3173
f 3178 3218 3219
f 3179 3186 3180
f 3141 3220 3181
f 3181 3182 3142
f 3182 3191 3183
f 3223 3145 3187
f 3185 3184 3224
f 3225 3185 3226
f 3227 5179 3192
f 3188 3191 3228
f 3229 3188 3230
f 3190 3231 3232
f 3190 3149 3146
f 3150 3233 3194
f 3195 3235 3196
f 3196 3197 3153
f 3236 3161 3204
f 3237 3155 3198
f 3156 3238 3200
f 3201 3235 3239
f 3202 3201 3240
f 3203 3202 3241
f 3242 3203 3243
f 3206 3205 3163
f 3206 3208 3245
f 3208 3246 3247
f 3166 3244 3209
f 3167 3248 3210
f 3249 3169 3210
f 3212 3211 3170
f 3212 3251 3252
f 3250 3207 3211
f 3214 3140 3253
f 3253 3215 3214
f 3215 3216 3175
f 3217 3256 3255
f 3253 3219 3257
f 3225 3180 3186
f 3258 3221 3181
f 3260 3182 3221
f 3228 3222 3261
f 3262 3184 3223
f 3263 3187 3227
f 3224 3226 3185
f 3226 3266 3225
f 3267 3192 5183
f 3228 3230 3188
f 3270 3230 3269
f 3270 3189 3229
f 3271 3232 3231
f 3193 3232 3233
f 3273 3194 3233
f 3239 3200 3238
f 3236 3237 3198
f 3275 3204 3242
f 3276 3199 3237
f 3239 3240 3201
f 3241 3240 3278
f 3241 3243 3203
f 3243 3281 3242
f 3244 3245 3282
f 3245 3247 3283
f 3284 3247 3246
f 3282 3209 3244
f 3210 3286 3249
f 3287 3213 3249
f 3252 3250 3212
f 3252 3290 3289
f 3246 3288 3284
f 3257 3254 3253
f 3216 3291 3256
f 3292 3217 3255
f 3255 3293 3294
f 3257 3296 3295
f 3266 3220 3225
f 3259 3266 3297
f 3298 3221 3259
f 3299 3222 3260
f 3228 3300 3268
f 3262 3264 3224
f 3223 3302 3262
f 3227 3303 3263
f 3265 3264 3304
f 3266 3305 3297
f 3269 3268 3307
f 3269 3309 3270
f 3271 3270 3309
f 3310 3272 3271
f 3233 3272 3273
f 3234 3312 8445
f 3277 3238 3276
f 3275 3274 3236
f 3276 3274 3314
f 3281 3275 3242
f 3278 3277 3316
f 3279 3278 3317
f 3280 3279 3318
f 3280 3320 3281
f 3282 3283 3321
f 3283 3285 3322
f 3323 3285 3284
f 3321 3248 3282
f 3325 3249 3286
f 3326 3251 3287
f 3288 3289 3327
f 3328 3290 3329
f 3323 3288 3327
f 3330 3257 3295
f 3256 3331 3293
f 3292 3294 3332
f 3294 3333 3334
f 3292 3296 3219
f 3296 3336 3295
f 3337 3259 3297
f 3338 3260 3298
f 3261 3339 3300
f 3300 3307 3268
f 3302 3301 3262
f 3342 3264 3301
f 3302 3303 3343
f 3344 3267 3306
f 3265 3345 3305
f 3297 3346 3337
f 3307 3308 3269
f 3349 3308 3350
f 3351 3271 3309
f 3311 3352 3353
f 3311 3273 3272
f 8445 3354 8485
f 3314 3277 3276
f 3313 3315 3355
f 3314 3313 3356
f 3357 3281 3320
f 3317 3316 3358
f 3317 3318 3279
f 3318 3319 3280
f 3361 3319 3362
f 3322 3321 3283
f 3322 3324 3364
f 3365 3324 3323
f 3286 3363 3325
f 3367 3287 3325
f 3326 3329 3290
f 3289 3369 3327
f 3370 3329 3371
f 3327 3365 3323
f 3330 3336 3372
f 3293 3373 3333
f 3334 3332 3294
f 3375 3334 3333
f 3332 3335 3296
f 3378 3335 3377
f 3379 3298 3337
f 3380 3299 3338
f 3300 3381 3340
f 3340 3348 3307
f 3343 3341 3302
f 3301 3384 3342
f 3385 3304 3342
f 3343 3344 3386
f 3347 3344 3306
f 3305 3388 3346
f 3337 3389 3379
f 3348 3350 3308
f 3350 3393 3349
f 3394 3310 3351
f 3352 3396 3353
f 3353 3312 3311
f 3397 8485 3354
f 3356 3316 3314
f 3355 3399 3398
f 3355 3356 3313
f 3357 3361 3401
f 3358 3359 3317
f 3360 3359 3403
f 3360 3362 3319
f 3361 3405 3406
f 3364 3363 3322
f 3324 3408 3364
f 3409 3366 3365
f 3407 3325 3363
f 3326 3411 3368
f 3371 3368 3412
f 3413 3328 3370
f 3370 3414 3415
f 3365 3413 3409
f 3372 3378 3416
f 3372 3331 3330
f 3333 3417 3375
f 3418 3334 3376
f 3419 3376 3375
f 3377 3374 3418
f 3377 3422 3378
f 3423 3338 3379
f 3339 3424 3381
f 3381 3382 3340
f 3391 3382 3426
f 3342 3427 3385
f 3428 3345 3385
f 3386 3387 3429
f 3390 3387 3347
f 3431 3346 3388
f 3379 3432 3423
f 3391 3392 3350
f 3436 3392 3435
f 3393 3351 3349
f 3394 3395 3352
f 3395 3439 3396
f 3396 3354 3353
f 8528 3440 8572
f 3356 3402 3358
f 3400 3398 3442
f 3398 3443 3444
f 3361 3445 3401
f 3401 3399 3357
f 3403 3402 3446
f 3403 3404 3360
f 3362 3448 3405
f 3406 3450 3449
f 3408 3407 3364
f 3410 3408 3366
f 3453 3410 3409
f 3451 3367 3407
f 3368 3455 3412
f 3456 3371 3412
f 3413 3415 3457
f 3415 3459 3458
f 3457 3409 3413
f 3460 3378 3422
f 3416 3373 3372
f 3375 3461 3419
f 3418 3420 3462
f 3463 3420 3419
f 3418 3421 3377
f 3422 3466 3465
f 3467 3380 3423
f 3381 3468 3425
f 3426 3425 3469
f 3391 3470 3434
f 3384 3471 3427
f 3472 3385 3427
f 3388 3473 3431
f 3429 3430 3474
f 3386 3475 3383
f 3476 3390 3433
f 3477 3389 3431
f 3423 3478 3467
f 3433 5189 3479
f 3435 3434 3480
f 3435 3482 3436
f 3437 3393 3436
f 3437 3438 3395
f 3485 3438 3484
f 3397 3439 3440
f 3440 3441 8572
f 3442 3402 3400
f 3442 3444 3488
f 3489 3444 3443
f 3445 3449 3491
f 3445 3443 3401
f 3403 3492 3447
f 3493 3404 3447
f 3405 3494 3450
f 3449 3495 3496
f 3451 3452 3497
f 3454 3452 3410
f 3499 3454 3453
f 3497 3411 3451
f 3501 3412 3455
f 3414 3502 3459
f 3457 3458 3503
f 3504 3458 3459
f 3503 3453 3457
f 3465 3460 3422
f 3417 3460 3461
f 3461 3508 3419
f 3462 3464 3509
f 3464 3511 3510
f 3421 3509 3466
f 3465 3512 3513
f 3514 3424 3467
f 3425 3515 3469
f 3516 3426 3469
f 3434 3517 3480
f 3428 3518 3473
f 3431 3519 3477
f 3520 3430 3476
f 3474 3475 3429
f 3433 3522 3476
f 3478 3477 3523
f 3467 3524 3514
f 3480 3481 3435
f 3528 3481 3527
f 3436 3483 3437
f 3484 3483 3529
f 3484 3531 3485
f 3486 3439 3485
f 3486 3487 3441
f 3488 3446 3442
f 3488 3490 3534
f 3535 3490 3489
f 3491 3496 3537
f 3491 3489 3445
f 3447 3538 3493
f 3539 3448 3493
f 3540 3450 3494
f 3541 3496 3495
f 3497 3498 3543
f 3544 3454 3500
f 3500 3546 3545
f 3501 3497 3543
f 3547 3456 3501
f 3459 3548 3504
f 3503 3505 3549
f 3504 3551 3505
f 3549 3499 3503
f 3513 3506 3465
f 3461 3506 3507
f 3507 3554 3508
f 3510 3509 3464
f 3463 3554 3511
f 3511 3557 3510
f 3509 3558 3466
f 3559 3513 3512
f 3514 3515 3468
f 3562 3469 3515
f 3563 3470 3516
f 3517 3526 3480
f 3566 3473 3518
f 3523 3519 3567
f 3568 3476 3522
f 3474 3569 3521
f 3570 3475 3521
f 3571 3479 3525
f 3561 3524 3572
f 5192 3525 5190
f 3527 3526 3574
f 3575 3527 3576
f 3482 3529 3483
f 3529 3530 3484
f 3530 3579 3531
f 3485 3532 3486
f 3533 3532 3580
f 3534 3492 3488
f 3534 3536 3582
f 3536 3584 3583
f 3584 3491 3537
f 3537 3542 3585
f 3493 3586 3539
f 3494 3587 3540
f 3588 3495 3540
f 3541 3590 3542
f 3543 3544 3591
f 3545 3544 3500
f 3545 3593 3594
f 3501 3591 3547
f 3502 3595 3548
f 3504 3596 3550
f 3505 3597 3549
f 3550 3599 3551
f 3597 3546 3549
f 3552 3560 3600
f 3553 3506 3552
f 3553 3602 3554
f 3557 3555 3510
f 3511 3602 3556
f 3556 3605 3557
f 3555 3606 3558
f 3558 3559 3512
f 3560 3608 3607
f 3562 3561 3609
f 3610 3516 3562
f 3611 3517 3563
f 3574 3564 3612
f 3613 3519 3566
f 3518 3614 3566
f 3567 3616 3523
f 3568 3569 3520
f 3618 3522 3571
f 3619 3570 3521
f 3525 3621 3571
f 3572 3609 3561
f 3572 3622 3624
f 3574 3576 3527
f 3577 3528 3575
f 3576 3628 3575
f 3577 3578 3530
f 3579 3630 3631
f 3531 3580 3532
f 3533 3632 3581
f 3582 3538 3534
f 3583 3582 3536
f 3583 3636 3635
f 3585 3584 3537
f 3590 3585 3542
f 3638 3539 3586
f 3540 3639 3588
f 3640 3541 3588
f 3589 3642 3590
f 3591 3592 3643
f 3594 3592 3545
f 3645 3594 3593
f 3643 3547 3591
f 3548 3647 3596
f 3596 3598 3550
f 3551 3649 3597
f 3651 3598 3650
f 3649 3593 3597
f 3607 3600 3560
f 3552 3601 3553
f 3653 3602 3601
f 3605 3603 3557
f 3602 3604 3556
f 3657 3604 3656
f 3606 3655 3658
f 3658 3559 3606
f 3608 3660 3607
f 3609 3610 3562
f 3662 3563 3610
f 3663 3564 3611
f 3626 3612 3664
f 3613 3615 3567
f 3566 3666 3613
f 3565 3620 3614
f 3615 3668 3616
f 3618 3617 3568
f 3617 3619 3569
f 3571 3671 3618
f 3670 3620 3619
f 3573 3673 3621
f 3624 3623 3572
f 3623 3661 3609
f 3616 3624 3622
f 3627 3626 3677
f 3575 3629 3577
f 3678 3627 3679
f 3680 3578 3629
f 3681 3631 3630
f 3580 3631 3632
f 3632 3633 3581
f 3634 3586 3582
f 3635 3634 3583
f 3635 3686 3687
f 3686 3585 3637
f 3637 3642 3688
f 3689 3587 3638
f 3690 3588 3639
f 3589 3691 3641
f 3642 3693 3692
f 3644 3643 3592
f 3695 3594 3646
f 3646 3697 3696
f 3595 3694 3647
f 3647 3648 3596
f 3650 3648 3699
f 3599 3700 3649
f 3702 3650 3701
f 3660 3652 3607
f 3601 3652 3653
f 3704 3654 3653
f 3605 3706 3655
f 3705 3604 3654
f 3656 3708 3657
f 3655 3709 3658
f 3658 3659 3608
f 3710 3660 3659
f 3662 3661 3712
f 3611 3713 3663
f 3663 3664 3612
f 3664 3677 3626
f 3613 3716 3665
f 3667 3665 3717
f 3614 3672 3666
f 3718 3667 3719
f 3720 3669 3618
f 3670 3669 3722
f 3621 3723 3671
f 3722 3672 3670
f 3676 3673 3625
f 3674 3668 3718
f 3675 3674 3726
f 3712 3675 3727
f 3677 3679 3627
f 3678 3629 3628
f 3679 3731 3678
f 3630 3732 3681
f 3733 3682 3681
f 3632 3682 3683
f 3638 3685 3689
f 3687 3685 3635
f 3738 3687 3686
f 3688 3686 3637
f 3688 3692 3740
f 3639 3741 3690
f 3742 3640 3690
f 3743 3641 3691
f 3692 3745 3744
f 3695 3694 3644
f 3747 3646 3696
f 3700 3697 3645
f 3696 3749 3750
f 3694 3698 3647
f 3699 3698 3751
f 3701 3699 3752
f 3748 3651 3702
f 3753 3702 3701
f 3711 3703 3660
f 3653 3703 3704
f 3704 3757 3705
f 3758 3657 3708
f 3705 3707 3656
f 3759 3707 3760
f 3761 3706 3758
f 3710 3709 3761
f 3762 3711 3710
f 3662 3764 3713
f 3765 3663 3713
f 3714 3715 3664
f 3729 3715 3767
f 3666 3724 3716
f 3768 3665 3716
f 3719 3717 3769
f 3719 3771 3718
f 3772 3721 3720
f 3722 3721 3774
f 3775 3673 3725
f 3720 3723 3772
f 3774 3724 3722
f 3728 3725 3676
f 3718 3726 3674
f 3727 3764 3712
f 3729 3730 3679
f 3731 3680 3678
f 3781 3730 3782
f 3732 3733 3681
f 3784 3733 3785
f 3734 3683 3682
f 3737 3689 3685
f 3737 3739 3787
f 3738 3789 3739
f 3740 3738 3688
f 3744 3740 3692
f 3690 3791 3742
f 3792 3691 3742
f 3793 3693 3743
f 3745 3795 3744
f 3746 3747 3796
f 3696 3797 3747
f 3697 3798 3749
f 3799 3750 3749
f 3796 3698 3746
f 3751 3752 3699
f 3752 3753 3701
f 3702 3798 3748
f 3803 3753 3802
f 3763 3755 3711
f 3703 3756 3704
f 3805 3756 3804
f 3708 3806 3758
f 3760 3757 3805
f 3760 3808 3759
f 3758 3809 3761
f 3710 3809 3762
f 3810 3763 3762
f 3713 3812 3765
f 3766 3765 3813
f 3767 3766 3814
f 3815 3729 3767
f 3716 3776 3768
f 3768 3769 3717
f 3769 3770 3719
f 3819 3770 3818
f 3774 3773 3820
f 3772 3775 3821
f 3725 3822 3775
f 3776 3820 3823
f 3779 3777 3728
f 3726 3819 3825
f 3826 3764 3778
f 3782 3780 3828
f 3783 3731 3781
f 3781 3829 3830
f 3783 3785 3733
f 3784 3736 3734
f 3833 3785 3832
f 3787 3741 3737
f 3739 3836 3787
f 3837 3789 3788
f 3740 3837 3788
f 3790 3795 3839
f 3840 3742 3791
f 3793 3792 3841
f 3842 3745 3793
f 3843 3794 3844
f 3796 3797 3845
f 3847 3750 3846
f 3799 3848 3800
f 3845 3751 3796
f 3802 3801 3849
f 3798 3803 3799
f 3849 3803 3802
f 3804 3811 3850
f 3804 3851 3805
f 3759 3852 3806
f 3805 3807 3760
f 3854 3807 3853
f 3809 3852 3855
f 3855 3762 3809
f 3857 3810 3856
f 3765 3858 3813
f 3813 3814 3766
f 3860 3767 3814
f 3828 3815 3861
f 3768 3823 3816
f 3816 3817 3769
f 3818 3817 3863
f 3864 3819 3818
f 3820 3866 3867
f 3775 3868 3821
f 3869 3777 3824
f 3867 3823 3820
f 3827 3824 3779
f 3825 3865 3872
f 3778 3872 3826
f 3873 3812 3826
f 3828 3829 3782
f 3781 3831 3783
f 3877 3829 3876
f 3832 3831 3878
f 3786 3833 3835
f 3879 3833 3832
f 3791 3836 3840
f 3836 3838 3883
f 3838 3885 3884
f 3885 3790 3839
f 3839 3843 3886
f 3792 3887 3841
f 3841 3842 3793
f 3794 3889 3844
f 3891 3844 3890
f 3845 3847 3892
f 3893 3847 3846
f 3800 3895 3846
f 3849 3895 3848
f 3897 3811 3857
f 3897 3851 3850
f 3899 3808 3854
f 3853 3851 3898
f 3900 3854 3853
f 3855 3899 3902
f 3855 3856 3810
f 3856 3904 3857
f 3814 3905 3860
f 3906 3815 3860
f 3875 3861 3907
f 3870 3816 3823
f 3863 3862 3908
f 3863 3864 3818
f 3910 3865 3864
f 3912 3866 3913
f 3822 3914 3868
f 3869 3871 3915
f 3916 3867 3912
f 3871 3874 3917
f 3911 3872 3865
f 3826 3918 3873
f 3919 3858 3873
f 3881 3874 3834
f 3876 3875 3921
f 3878 3830 3877
f 3923 3876 3922
f 3878 3879 3832
f 3835 3880 3882
f 3925 3880 3879
f 3887 3836 3883
f 3838 3929 3883
f 3885 3931 3884
f 3886 3885 3839
f 3891 3886 3843
f 3841 3933 3888
f 3934 3842 3888
f 3844 3935 3890
f 3891 3937 3936
f 3849 3892 3896
f 3847 3938 3892
f 3939 3894 3893
f 3941 3895 3942
f 3942 3896 3943
f 3857 3944 3897
f 3945 3898 3897
f 3947 3854 3901
f 3853 3946 3900
f 3949 3900 3948
f 3950 3899 3947
f 3902 3903 3856
f 3903 3952 3904
f 3919 3905 3859
f 3860 3954 3906
f 3906 3907 3861
f 3921 3907 3956
f 3862 3916 3908
f 3908 3909 3863
f 3864 3958 3910
f 3959 3911 3910
f 3868 3913 3866
f 3912 3961 3962
f 3963 3869 3915
f 3915 3917 3964
f 3912 3965 3916
f 3917 3920 3966
f 3918 3960 3967
f 3967 3873 3918
f 3968 3881 3927
f 3922 3921 3969
f 3877 3924 3878
f 3922 3971 3923
f 3972 3879 3924
f 3928 3880 3926
f 3929 3887 3883
f 3884 3974 3929
f 3931 3975 3976
f 3932 3930 3886
f 3932 3936 3977
f 3888 3978 3934
f 3979 3889 3934
f 3890 3980 3937
f 3981 3936 3937
f 3943 3892 3938
f 3983 3894 3940
f 3984 3940 3939
f 3986 3893 3941
f 3942 3986 3941
f 3987 3943 3988
f 3989 3904 3952
f 3946 3991 3990
f 3992 3901 3949
f 3990 3900 3946
f 3993 3949 3948
f 3995 3947 3992
f 3950 3951 3903
f 3997 3951 3996
f 3967 3953 3919
f 3954 3953 3999
f 3954 3955 3906
f 3956 3955 4000
f 3956 3969 3921
f 3908 3965 3957
f 3909 4002 3958
f 3910 4003 3959
f 3960 4004 4005
f 3961 3914 3963
f 4006 3962 3961
f 3964 3963 3915
f 3964 3966 4009
f 3965 4007 4010
f 4011 3920 3968
f 3967 4005 3998
f 3927 4012 3968
f 3969 3970 3922
f 3924 3971 3972
f 4015 3970 4014
f 3925 4016 4017
f 3926 5197 3928
f 3974 3933 3929
f 3976 3974 3931
f 3976 4021 4022
f 3977 3975 3932
f 4023 3936 3982
f 3934 4024 3979
f 3980 3979 4025
f 3981 3980 4026
f 4027 3982 3981
f 3943 4029 3988
f 3940 4030 3983
f 3986 3984 3939
f 3985 4033 4032
f 3987 4031 3986
f 3988 4034 3987
f 3989 3945 3944
f 3997 3989 3952
f 3990 4037 4038
f 3949 4039 3992
f 4038 3948 3990
f 3996 3995 4040
f 4041 3997 3996
f 3998 3999 3953
f 4000 4001 3956
f 4013 4001 4045
f 4010 3957 3965
f 3958 4046 4003
f 4047 3959 4003
f 4004 3998 4005
f 3961 4008 4006
f 4049 4007 4006
f 4009 4008 3964
f 4011 4009 3966
f 4050 4010 4007
f 4011 4012 4054
f 4055 3973 4019
f 4014 4013 4056
f 4015 3972 3971
f 4057 4015 4014
f 4060 4016 4059
f 4020 3978 3974
f 4020 4022 4063
f 4064 4022 4021
f 4023 4021 3977
f 4023 4028 4066
f 4067 3979 4024
f 4026 4025 4068
f 4026 4027 3981
f 4027 4071 4028
f 3988 4072 4035
f 3985 4073 4030
f 4030 4029 3983
f 4074 3984 4031
f 4076 4033 4075
f 4034 4074 4031
f 4035 4077 4034
f 4079 3997 4042
f 4037 4036 4079
f 4080 4038 4037
f 4082 3994 4083
f 3993 4081 4083
f 3996 4082 4041
f 4041 4085 4042
f 4043 4048 4086
f 4088 4000 4087
f 4045 4044 4089
f 4090 4013 4045
f 4002 4053 4046
f 4003 4091 4047
f 4092 4004 4047
f 4006 4051 4049
f 4093 4050 4049
f 4051 4052 4095
f 4052 4054 4096
f 4094 4053 4050
f 4098 4012 4055
f 4014 4100 4057
f 4058 4016 4015
f 4101 4058 4057
f 4060 4103 4062
f 4061 4060 4062
f 4067 4020 4063
f 4105 4022 4065
f 4065 4107 4106
f 4023 4107 4064
f 4028 4108 4066
f 4109 4025 4067
f 4110 4026 4068
f 4069 4070 4027
f 4070 4113 4071
f 4072 4078 4035
f 4032 4115 4073
f 4073 4072 4030
f 4116 4033 4074
f 4075 4118 4076
f 4074 4119 4116
f 4119 4078 4120
f 4079 4085 4121
f 4080 4079 4121
f 4081 4123 4122
f 4125 4083 4124
f 4125 4041 4082
f 4126 4085 4084
f 4128 4048 4092
f 4088 4089 4044
f 4088 4086 4128
f 4045 4130 4090
f 4046 4097 4091
f 4047 4131 4092
f 4049 4095 4093
f 4132 4094 4093
f 4096 4095 4052
f 4098 4096 4054
f 4136 4094 4133
f 4055 4137 4098
f 4057 4139 4101
f 4101 4141 4102
f 4105 4067 4063
f 4065 4144 4105
f 4107 4146 4106
f 4066 4145 4107
f 4147 4071 4113
f 4068 4148 4110
f 4110 4111 4069
f 4111 4112 4070
f 4113 4152 4151
f 4078 4153 4120
f 4115 4118 4154
f 4114 4115 4153
f 4155 4075 4116
f 4117 4157 4118
f 4116 4158 4155
f 4159 4119 4120
f 4121 4127 4160
f 4160 4080 4121
f 4124 4122 4161
f 4122 4163 4162
f 4124 4164 4125
f 4084 4164 4126
f 4165 4127 4126
f 4092 4167 4128
f 4128 4129 4088
f 4089 4168 4130
f 4169 4130 4170
f 4131 4136 4171
f 4093 4134 4132
f 4172 4133 4132
f 4135 4134 4096
f 4137 4135 4098
f 4171 4133 4173
f 4176 4099 4138
f 4139 4178 4179
f 4101 4180 4140
f 4141 4181 4142
f 4144 4109 4105
f 4146 4144 4106
f 4185 4145 4186
f 4108 4186 4145
f 4147 4151 4187
f 4148 4149 4110
f 4189 4111 4149
f 4150 4152 4112
f 4151 4191 4192
f 4193 4120 4153
f 4154 4153 4115
f 4154 4157 4194
f 4156 4155 4195
f 4197 4156 4196
f 4198 4155 4158
f 4158 4199 4198
f 4166 4160 4127
f 4200 4123 4160
f 4201 4122 4162
f 4162 4202 4203
f 4204 4161 4201
f 4126 4204 4165
f 4205 4166 4165
f 4207 4131 4171
f 4208 4130 4168
f 4178 4170 4209
f 4132 4174 4172
f 4210 4173 4172
f 4135 4212 4174
f 4213 4137 4176
f 4171 4211 4207
f 4138 4214 4176
f 4216 4139 4179
f 4209 4179 4178
f 4182 4140 4180
f 4183 4182 4218
f 4148 4184 4188
f 4219 4146 4185
f 4221 4186 4220
f 4187 4186 4147
f 4187 4192 4222
f 4188 4189 4149
f 4189 4190 4150
f 4225 4152 4190
f 4226 4192 4191
f 4228 4159 4193
f 4194 4193 4154
f 4229 4157 4197
f 4156 4230 4196
f 4196 4232 4197
f 4233 4195 4198
f 4198 4234 4233
f 4200 4206 4235
f 4235 4163 4200
f 4236 4162 4203
f 4203 4237 4238
f 4239 4201 4236
f 4239 4165 4204
f 4205 4241 4206
f 4208 4209 4170
f 4168 4244 4208
f 4172 4212 4210
f 4245 4211 4210
f 4212 4213 4246
f 4247 4176 4214
f 4207 4244 4242
f 4248 4177 4215
f 4217 4216 4179
f 4218 4180 4216
f 4243 4217 4209
f 4218 4215 4183
f 4223 4184 4219
f 4251 4185 4221
f 4220 4253 4221
f 4222 4220 4187
f 4222 4227 4254
f 4255 4189 4223
f 4225 4224 4256
f 4257 4191 4225
f 4258 4227 4226
f 4234 4228 4260
f 4260 4194 4229
f 4197 4261 4229
f 4262 4196 4230
f 4232 4264 4263
f 4230 4265 4262
f 4266 4233 4234
f 4267 4206 4241
f 4237 4235 4267
f 4236 4238 4268
f 4269 4238 4237
f 4268 4239 4236
f 4239 4240 4205
f 4273 4240 4272
f 4244 4243 4208
f 4246 4210 4212
f 4247 4246 4213
f 4249 4214 4248
f 4247 4217 4250
f 4248 4216 4249
f 4250 4245 4246
f 4255 4219 4251
f 4221 4274 4251
f 4252 4276 4253
f 4252 4254 4275
f 4254 4259 4277
f 4256 4255 4278
f 4225 4279 4257
f 4280 4226 4257
f 4281 4259 4258
f 4266 4260 4283
f 4229 4283 4260
f 4284 4232 4263
f 4285 4231 4262
f 4263 4287 4286
f 4262 4288 4285
f 4289 4265 4266
f 4241 4290 4267
f 4267 4269 4237
f 4268 4270 4291
f 4292 4270 4269
f 4294 4268 4291
f 4272 4271 4294
f 4272 4296 4273
f 4274 4255 4251
f 4297 4253 4276
f 4298 4275 4299
f 4299 4254 4277
f 4300 4259 4282
f 4278 4279 4256
f 4302 4257 4279
f 4303 4258 4280
f 4304 4281 4305
f 4283 4307 4266
f 4283 4284 4306
f 4286 4284 4263
f 4309 4264 4285
f 4287 4311 4286
f 4285 4312 4309
f 4313 4288 4289
f 4296 4290 4273
f 4269 4314 4292
f 4291 4293 4315
f 4293 4317 4316
f 4294 4295 4272
f 4296 4319 4318
f 4274 4301 4278
f 4320 4276 4298
f 4299 4322 4298
f 4277 4321 4299
f 4300 4304 4323
f 4302 4301 4324
f 4325 4280 4302
f 4303 4305 4281
f 4328 4305 4327
f 4306 4330 4307
f 4306 4308 4329
f 4311 4308 4286
f 4309 4310 4287
f 4310 4334 4311
f 4312 4332 4309
f 4307 4313 4289
f 4335 4313 4336
f 4318 4314 4296
f 4292 4337 4317
f 4315 4316 4338
f 4339 4316 4317
f 4338 4295 4315
f 4318 4342 4341
f 4297 4324 4301
f 4298 4343 4320
f 4344 4322 4321
f 4323 4321 4300
f 4323 4328 4346
f 4302 4347 4325
f 4325 4326 4303
f 4327 4326 4349
f 4327 4351 4328
f 4352 4330 4329
f 4329 4331 4352
f 4311 4354 4331
f 4333 4332 4355
f 4357 4333 4356
f 4355 4335 4358
f 4336 4330 4353
f 4358 4336 4359
f 4341 4337 4318
f 4317 4360 4339
f 4338 4340 4361
f 4362 4340 4339
f 4361 4319 4338
f 4342 4365 4341
f 4324 4343 4347
f 4366 4322 4345
f 4367 4345 4344
f 4346 4344 4323
f 4346 4351 4369
f 4348 4347 4370
f 4349 4348 4371
f 4349 4350 4327
f 4373 4351 4350
f 4375 4352 4376
f 4331 4376 4352
f 4377 4354 4334
f 4355 4356 4333
f 4356 4381 4357
f 4355 4382 4379
f 4359 4353 4375
f 4359 4382 4358
f 4341 4384 4360
f 4339 4384 4362
f 4363 4361 4340
f 4363 4386 4387
f 4342 4385 4364
f 4364 4389 4365
f 4370 4343 4366
f 4366 4368 4390
f 4391 4368 4367
f 4369 4367 4346
f 4369 4374 4393
f 4370 4371 4348
f 4371 4372 4349
f 4373 4372 4396
f 4373 4397 4374
f 4376 4399 4375
f 4376 4378 4398
f 4377 4401 4378
f 4356 4402 4380
f 4380 4404 4381
f 4357 4400 4377
f 4402 4382 4405
f 4375 4383 4359
f 4383 4405 4382
f 4365 4407 4384
f 4407 4362 4384
f 4387 4385 4363
f 4409 4386 4410
f 4385 4388 4364
f 4388 4412 4389
f 4366 4394 4370
f 4390 4392 4413
f 4392 4415 4414
f 4415 4369 4393
f 4393 4397 4416
f 4394 4395 4371
f 4395 4396 4372
f 4397 4418 4419
f 4420 4399 4398
f 4378 4420 4398
f 4422 4400 4423
f 4402 4403 4380
f 4425 4404 4403
f 4423 4381 4404
f 4424 4405 4427
f 4406 4399 4421
f 4427 4406 4428
f 4429 4389 4412
f 4410 4407 4429
f 4430 4387 4409
f 4432 4410 4431
f 4411 4408 4430
f 4412 4434 4433
f 4390 4417 4394
f 4414 4413 4392
f 4416 4415 4393
f 4397 4436 4416
f 4438 4418 4437
f 4439 4421 4420
f 4422 4420 4401
f 4441 4422 4423
f 4403 4443 4425
f 4444 4426 4425
f 4423 4426 4441
f 4446 4424 4427
f 4406 4440 4428
f 4447 4427 4428
f 4448 4412 4433
f 4431 4429 4448
f 4449 4409 4432
f 4450 4432 4431
f 4434 4430 4449
f 4417 4453 4452
f 4416 4435 4414
f 4453 4435 4454
f 4419 4455 4436
f 4456 4437 4457
f 4452 4418 4417
f 4458 4439 4459
f 4422 4459 4439
f 4442 4461 4460
f 4425 4462 4444
f 4445 4464 4463
f 4441 4445 4461
f 4465 4443 4446
f 4440 4447 4428
f 4465 4447 4466
f 4431 4467 4450
f 4468 4451 4450
f 4452 4471 4472
f 4435 4455 4454
f 4473 4453 4454
f 4474 4438 4456
f 4452 4457 4437
f 4457 4476 4456
f 4459 4478 4458
f 4477 4442 4460
f 4460 4479 4480
f 4462 4464 4444
f 4463 4461 4445
f 4482 4464 4483
f 4465 4481 4462
f 4458 4466 4447
f 4466 4484 4465
f 4468 4488 4469
f 4469 4470 4451
f 4490 4471 4491
f 4473 4455 4474
f 4473 4491 4471
f 4476 4474 4456
f 4475 4472 4490
f 4494 4475 4495
f 4496 4477 4480
f 4498 4479 4497
f 4483 4481 4499
f 4497 4463 4482
f 4500 4483 4501
f 4484 4499 4481
f 4485 4478 4496
f 4503 4484 4485
f 4504 4487 4468
f 4487 4507 4488
f 4469 4509 4489
f 4491 4511 4490
f 4473 4493 4492
f 4512 4491 4492
f 4494 4493 4476
f 4490 4495 4475
f 4495 4515 4494
f 4480 4516 4496
f 4497 4518 4498
f 4501 4499 4519
f 4482 4517 4497
f 4520 4499 4502
f 4503 4496 4516
f 4521 4502 4503
f 4504 4489 4522
f 4467 4504 4468
f 4522 4505 4504
f 4505 4506 4487
f 4526 4506 4525
f 4528 4508 4527
f 4511 4529 4530
f 4492 4513 4512
f 4531 4510 4512
f 4494 4532 4513
f 4514 4511 4530
f 4514 4534 4515
f 4535 4498 4518
f 4518 4536 4537
f 4538 4501 4519
f 4500 4536 4517
f 4519 4540 4538
f 4503 4535 4521
f 4520 4541 4540
f 4509 4523 4522
f 4505 4542 4524
f 4506 4543 4525
f 4525 4545 4526
f 4507 4547 4546
f 4548 4528 4527
f 4550 4529 4549
f 4512 4532 4531
f 4529 4551 4549
f 4515 4552 4532
f 4530 4533 4514
f 4537 4535 4518
f 4554 4536 4555
f 4538 4557 4539
f 4539 4555 4536
f 4540 4556 4538
f 4553 4521 4535
f 4541 4558 4540
f 4542 4528 4546
f 4524 4560 4543
f 4543 4544 4525
f 4545 4562 4563
f 4546 4560 4542
f 4549 4565 4550
f 4532 4566 4531
f 4567 4549 4551
f 4552 4568 4569
f 4570 4550 4565
f 4554 4553 4537
f 4572 4557 4556
f 4558 4572 4556
f 4571 4541 4553
f 4574 4559 4575
f 4561 4560 4576
f 4562 4561 4577
f 4578 4562 4577
f 4560 4580 4576
f 4565 4582 4581
f 4583 4552 4569
f 4564 4584 4582
f 4551 4583 4567
f 4569 4586 4585
f 4587 4565 4581
f 4588 4571 4554
f 4589 4573 4572
f 4589 4574 4591
f 4591 4575 4592
f 4577 4576 4578
f 4579 4578 4593
f 4594 4582 4595
f 4583 4585 4596
f 4567 4596 4584
f 4584 4595 4582
f 4585 4599 4598
f 4600 4581 4594
f 4592 4588 4601
f 4603 4589 4602
f 4588 4590 4601
f 4589 4604 4602
f 4592 4604 4591
f 4595 4607 4594
f 4608 4585 4598
f 4608 4584 4596
f 4606 4597 4609
f 4611 4586 4610
f 4599 4613 4598
f 4594 4614 4600
f 4610 4600 4611
f 4592 4615 4605
f 4616 4603 4602
f 4601 4603 4615
f 4602 4618 4616
f 4619 4604 4605
f 4607 4620 4621
f 4622 4598 4613
f 4609 4608 4622
f 4609 4620 4606
f 4599 4624 4612
f 4626 4612 4625
f 4614 4621 4627
f 4624 4600 4614
f 4605 4628 4619
f 4629 4616 4630
f 4615 4617 4628
f 4618 4630 4616
f 4619 4631 4618
f 4633 4621 4620
f 4613 4635 4622
f 4622 4623 4609
f 4636 4620 4623
f 4625 4624 4637
f 4638 4626 4625
f 4634 4627 4621
f 4614 4637 4624
f 4628 4632 4619
f 4617 4641 4628
f 4630 4643 4629
f 4644 4630 4631
f 4631 4645 4644
f 4634 4647 4646
f 4626 4648 4635
f 4636 4635 4648
f 4649 4633 4636
f 4625 4650 4638
f 4639 4652 4651
f 4640 4646 4653
f 4640 4637 4627
f 4645 4641 4654
f 4654 4629 4643
f 4655 4642 4656
f 4644 4656 4642
f 4645 4657 4644
f 4646 4660 4659
f 4661 4639 4651
f 4648 4649 4636
f 4647 4662 4660
f 4638 4663 4652
f 4651 4665 4664
f 4653 4650 4640
f 4659 4653 4646
f 4667 4645 4654
f 4667 4643 4655
f 4668 4655 4656
f 4657 4668 4656
f 4658 4670 4657
f 4659 4673 4672
f 4664 4661 4651
f 4649 4674 4662
f 4660 4675 4673
f 4652 4676 4665
f 4664 4677 4678
f 4663 4666 4676
f 4672 4666 4659
f 4680 4658 4667
f 4667 4669 4680
f 4681 4669 4668
f 4668 4683 4681
f 4670 4684 4683
f 4672 4685 4686
f 4678 4674 4664
f 4687 4662 4674
f 4685 4675 4688
f 4665 4689 4677
f 4678 4690 4691
f 4676 4679 4689
f 4686 4679 4672
f 4693 4671 4680
f 4680 4682 4693
f 4681 4695 4682
f 4694 4683 4696
f 4683 4697 4696
f 4685 4699 4686
f 4687 4691 4700
f 4700 4675 4687
f 4688 4698 4685
f 4702 4677 4689
f 4691 4704 4703
f 4692 4689 4679
f 4705 4686 4699
f 4693 4697 4684
f 4682 4706 4693
f 4708 4694 4707
f 4696 4707 4694
f 4709 4697 4710
f 4711 4698 4712
f 4700 4703 4713
f 4713 4688 4700
f 4698 4714 4712
f 4715 4690 4702
f 4704 4717 4703
f 4705 4702 4692
f 4718 4699 4711
f 4697 4719 4710
f 4695 4719 4706
f 4707 4721 4708
f 4712 4723 4711
f 4713 4717 4724
f 4724 4701 4713
f 4722 4714 4725
f 4715 4716 4704
f 4727 4716 4728
f 4705 4726 4715
f 4711 4729 4718
f 4710 4731 4730
f 4721 4719 4708
f 4720 4733 4721
f 4734 4723 4722
f 4717 4736 4724
f 4724 4725 4714
f 4725 4734 4722
f 4728 4726 4738
f 4727 4740 4739
f 4738 4718 4729
f 4729 4735 4741
f 4730 4742 4743
f 4743 4720 4730
f 4721 4744 4745
f 4735 4746 4747
f 4739 4736 4727
f 4737 4736 4748
f 4749 4734 4737
f 4740 4738 4750
f 4751 4739 4740
f 4729 4750 4738
f 4747 4741 4735
f 4731 4744 4742
f 4755 4743 4754
f 4744 4756 4757
f 4758 4747 4746
f 4752 4748 4739
f 4749 4748 4760
f 4762 4749 4761
f 4763 4740 4750
f 4752 4765 4764
f 4750 4753 4763
f 4759 4753 4747
f 4767 4744 4757
f 4768 4755 4754
f 4771 4756 4770
f 4772 4759 4758
f 4764 4760 4752
f 4749 4774 4761
f 4775 4762 4761
f 4763 4765 4751
f 4764 4778 4779
f 4763 4766 4777
f 4773 4766 4759
f 4767 4771 4781
f 4781 4768 4754
f 4769 4784 4783
f 4770 4769 4785
f 4770 4786 4771
f 4758 4776 4772
f 4787 4773 4772
f 4779 4774 4764
f 4761 4789 4775
f 4790 4775 4791
f 4792 4765 4777
f 4793 4779 4778
f 4777 4780 4792
f 4788 4780 4773
f 4771 4782 4781
f 4784 4782 4796
f 4783 4785 4769
f 4783 4798 4799
f 4797 4786 4785
f 4787 4776 4790
f 4801 4788 4787
f 4789 4794 4803
f 4803 4775 4789
f 4791 4805 4790
f 4778 4806 4793
f 4807 4794 4793
f 4792 4795 4806
f 4802 4795 4788
f 4796 4786 4800
f 4798 4796 4810
f 4799 4797 4783
f 4798 4813 4799
f 4787 4805 4801
f 4801 4815 4802
f 4803 4808 4816
f 4816 4791 4803
f 4817 4805 4804
f 4793 4819 4807
f 4807 4821 4808
f 4809 4806 4795
f 4822 4802 4815
f 4797 4810 4796
f 4810 4812 4798
f 4824 4799 4813
f 4825 4813 4812
f 4801 4818 4814
f 4814 4828 4815
f 4808 4829 4816
f 4829 4804 4816
f 4818 4831 4830
f 4819 4820 4807
f 4833 4821 4820
f 4809 4832 4819
f 4815 4835 4822
f 4824 4810 4811
f 4812 4836 4825
f 4837 4813 4826
f 4826 4838 4839
f 4814 4830 4827
f 4828 4841 4840
f 4834 4829 4821
f 4842 4817 4829
f 4830 4843 4844
f 4833 4832 4845
f 4846 4834 4833
f 4822 4845 4832
f 4840 4835 4828
f 4836 4824 4837
f 4849 4825 4836
f 4826 4850 4837
f 4839 4851 4852
f 4830 4841 4827
f 4854 4841 4853
f 4847 4842 4834
f 4855 4831 4842
f 4843 4857 4844
f 4845 4846 4833
f 4847 4859 4860
f 4848 4845 4835
f 4854 4848 4840
f 4850 4836 4837
f 4849 4851 4838
f 4850 4852 4863
f 4864 4852 4851
f 4853 4844 4857
f 4866 4854 4853
f 4847 4868 4855
f 4868 4843 4855
f 4870 4856 4869
f 4846 4871 4859
f 4872 4860 4859
f 4861 4858 4848
f 4861 4867 4874
f 4863 4849 4850
f 4864 4862 4875
f 4852 4876 4863
f 4864 4877 4865
f 4853 4870 4866
f 4860 4878 4868
f 4856 4878 4869
f 4869 4880 4870
f 4859 4881 4872
f 4872 4883 4873
f 4874 4871 4861
f 4880 4866 4870
f 4873 4885 4878
f 4878 4879 4869
f 4879 4887 4880
f 4872 4888 4882
f 4883 4890 4889
f 4891 4881 4874
f 4893 4880 4887
f 4889 4885 4883
f 4895 4886 4894
f 4882 4896 4890
f 4897 4888 4891
f 4897 4884 4893
f 4887 4898 4893
f 4889 4894 4886
f 4895 4901 4900
f 4902 4896 4897
f 4902 4893 4898
f 4900 4898 4895
f 4894 4905 4901
f 4900 4906 4907
f 4902 4909 4903
f 4898 4908 4902
f 4907 4904 4900
f 4905 4903 4909
f 4901 4911 4906
f 4912 4907 4906
f 4909 4915 4914
f 4908 4910 4915
f 4907 4916 4910
f 4905 4914 4911
f 4906 4917 4912
f 4912 4919 4913
f 4920 4915 4921
f 4921 4910 4916
f 4919 4916 4913
f 4920 4911 4914
f 4917 4918 4912
f 4924 4919 4918
f 4920 4926 4927
f 4922 4921 4916
f 4919 4928 4922
f 4920 4923 4917
f 4918 4929 4924
f 4927 4930 4931
f 4930 4922 4928
f 4925 4933 4928
f 4927 4929 4923
f 4924 4934 4932
f 4930 4936 4931
f 4928 4935 4930
f 4932 4938 4933
f 4931 4934 4929
f 4932 4939 4937
f 4940 4935 4941
f 4933 4941 4935
f 4937 4943 4938
f 4940 4934 4936
f 4939 4942 4937
f 4940 4946 4945
f 4938 4946 4941
f 4943 4948 4947
f 4944 4940 4945
f 4949 4942 4944
f 4946 4951 4945
f 4950 4943 4947
f 4947 4953 4952
f 4944 4951 4949
f 4954 4948 4949
f 4951 4955 4956
f 4952 4950 4947
f 4952 4957 4958
f 4954 4951 4956
f 4954 4957 4953
f 4960 4956 4955
f 4952 4960 4955
f 4963 4957 4962
f 4956 4959 4954
f 4962 4959 4964
f 4965 4960 4966
f 4958 4966 4960
f 4962 4968 4963
f 4964 4961 4965
f 4962 4969 4967
f 4965 4970 4971
f 4970 4963 4968
f 4972 4967 4973
f 4971 4964 4965
f 4973 4969 4974
f 4975 4971 4970
f 4975 4968 4972
f 4972 4977 4978
f 4976 4969 4971
f 4973 4979 4977
f 4975 4981 4976
f 4972 4980 4975
f 4977 4983 4978
f 4976 4979 4974
f 4984 4977 4979
f 4980 4986 4981
f 4978 4985 4980
f 4983 4988 4987
f 4979 4986 4984
f 4989 4982 4984
f 4991 4985 4990
f 4990 4983 4987
f 4992 4988 4993
f 4989 4986 4991
f 4994 4988 4989
f 4990 4996 4991
f 4995 4987 4992
f 4993 4998 4992
f 4991 4994 4989
f 4994 4997 4993
f 5001 4995 5000
f 4992 5000 4995
f 5003 4997 5002
f 5001 4994 4996
f 5002 4999 5004
f 5005 5000 5006
f 5000 5003 5006
f 5002 5008 5003
f 5004 5001 5005
f 5006 5008 5009
f 5008 5011 5010
f 5005 5013 5004
f 5014 5008 5010
f 5013 5007 5004
f 5013 5016 5015
f 5010 5018 5014
f 5015 5011 5013
f 5016 5014 5018
f 5015 5020 5021
f 5022 5018 5017
f 5021 5019 5015
f 5020 5018 5023
f 5026 5020 5025
f 5017 5024 5022
f 5028 5022 5027
f 5027 5021 5026
f 5025 5023 5028
f 5025 5030 5026
f 5031 5027 5032
f 5033 5027 5026
f 5028 5029 5025
f 5034 5030 5029
f 5031 5036 5037
f 5036 5033 5038
f 5031 5034 5029
f 5035 5040 5039
f 5035 5033 5030
f 5041 5036 5042
f 5043 5036 5038
f 5041 5034 5037
f 5039 5038 5035
f 5039 5044 5045
f 5041 5046 5047
f 5048 5042 5043
f 5047 5040 5041
f 5043 5045 5048
f 5045 5049 5050
f 5051 5047 5046
f 5048 5051 5046
f 5044 5052 5049
f 5045 5053 5048
f 5054 5049 5055
f 5056 5052 5051
f 5053 5059 5051
f 5057 5049 5052
f 5058 5050 5054
f 5055 5061 5054
f 5062 5057 5056
f 5065 5058 5064
f 5064 5054 5061
f 5060 5067 5066
f 5068 5060 5066
f 5069 5063 5065
f 5063 5062 5065
f 5067 5063 5066
f 5062 5059 5065
f 5065 5068 5069
f 5068 5063 5069
f 1 2 5
f 49 19 9
f 18 30 31
f 82 108 110
f 121 150 122
f 158 190 191
f 294 295 335
f 520 481 443
f 544 465 427
f 558 480 479
f 441 485 447
f 452 530 487
f 629 472 465
f 473 511 594
f 484 516 522
f 524 610 602
f 551 629 552
f 511 552 589
f 543 585 586
f 545 587 632
f 610 524 567
f 598 605 646
f 722 679 633
f 634 677 635
f 609 654 651
f 612 655 708
f 625 668 669
f 690 735 699
f 673 716 717
f 678 724 771
f 878 824 726
f 687 731 732
f 695 740 736
f 839 745 744
f 726 824 770
f 699 834 793
f 812 810 864
f 876 996 877
f 841 955 896
f 858 915 916
f 925 1039 1041
f 869 985 928
f 1048 993 933
f 887 945 948
f 1126 944 943
f 888 946 962
f 947 948 1065
f 960 1077 961
f 904 964 1020
f 929 986 989
f 990 1052 991
f 999 1120 1121
f 942 1060 1003
f 1166 1098 1037
f 1108 989 986
f 1003 1060 1125
f 947 1135 1066
f 1087 1071 1070
f 1098 1233 1100
f 1049 1180 1110
f 1057 1119 1189
f 1081 1148 1220
f 1085 1152 1153
f 1157 1227 1158
f 1096 1159 1162
f 1097 1163 1161
f 1102 1239 1169
f 1172 1248 1173
f 1177 1317 1178
f 1194 1334 1195
f 1302 1303 1234
f 1167 1233 1237
f 1168 1238 1240
f 1185 1257 1323
f 1204 1345 1275
f 1209 1279 1278
f 1321 1320 1305
f 1334 1335 1462
f 1285 1354 1356
f 1359 1544 1360
f 1500 1442 1381
f 1501 1500 1383
f 1399 1402 1401
f 1359 1425 1536
f 1360 1487 1426
f 1362 1428 1492
f 1445 1442 1500
f 1396 1454 1455
f 1416 1535 1477
f 1440 1497 1499
f 1553 1495 1447
f 1509 1565 1667
f 1529 1634 1530
f 1475 1533 1531
f 1529 1578 1631
f 1606 1661 1607
f 1724 1572 1624
f 1574 1625 1627
f 1575 1627 1626
f 1612 1661 1664
f 1758 1663 1611
f 5208 1676 1625
f 1690 1776 1691
f 1687 1734 1689
f 1692 1736 1701
f 1659 1712 1713
f 1714 1663 1758
f 1703 1745 1747
f 1805 1848 1808
f 1698 6979 1783
f 1744 1787 1786
f 1752 1792 1793
f 1800 1802 1841
f 1736 1785 1828
f 1788 1829 1827
f 1847 1846 1927
f 1897 1859 1857
f 1871 1912 1872
f 1837 1877 1876
f 1912 1953 1913
f 1874 1954 1914
f 1908 1944 1947
f 1961 2003 1999
f 1960 2002 1986
f 1996 2036 2073
f 2000 2038 2039
f 2001 2039 2040
f 2044 2105 2045
f 2018 2085 2055
f 2032 2069 2132
f 2049 2110 2079
f 2053 2114 2083
f 2097 2162 2098
f 2075 2104 2106
f 2119 2120 2186
f 2089 2191 2121
f 2141 2174 2212
f 2243 2168 2167
f 2184 2222 2259
f 2189 2227 2228
f 2256 2299 2257
f 2225 2270 2264
f 2398 2305 2266
f 2267 2268 2353
f 2230 2269 2349
f 2232 2272 2309
f 2241 2321 2281
f 2250 2290 2331
f 2297 2340 2298
f 2300 2301 2387
f 2263 2303 2395
f 2306 2307 2352
f 2292 2377 2333
f 2378 2492 2379
f 2380 2379 2494
f 2336 2382 2436
f 2384 2498 2385
f 2387 2440 2499
f 2344 2396 2460
f 2395 2449 2402
f 2427 2488 2485
f 2375 2431 2545
f 2432 2545 2434
f 2439 2551 2440
f 2552 2441 2389
f 2444 2502 2445
f 2451 2510 2452
f 2455 2514 2456
f 2457 2513 2458
f 2487 2430 2428
f 2493 2545 2431
f 2438 2495 2547
f 2437 2496 2497
f 2443 2556 2503
f 2446 2504 2613
f 2505 2613 2617
f 2459 2510 2509
f 2466 2520 2570
f 2470 2525 2523
f 2469 2523 2522
f 2471 2527 2524
f 2487 2595 2542
f 2550 2653 2551
f 2597 2697 2648
f 2614 2718 2615
f 2561 2618 2669
f 2562 2628 2578
f 2611 2663 2715
f 2656 2705 2809
f 2706 2809 2758
f 2719 2715 2714
f 2693 2746 2749
f 2696 2804 2751
f 2698 2751 2753
f 2754 2805 2756
f 2865 2813 2761
f 2775 2776 2881
f 2734 2785 2839
f 2803 2912 2804
f 2810 2861 2860
f 2762 2814 2811
f 2767 2821 2814
f 2859 2918 2860
f 2900 2953 2901
f 2856 2914 2915
f 2814 2934 2921
f 2971 3040 3041
f 2988 2989 3023
f 3030 2997 2966
f 3002 3003 3072
f 2999 3032 3107
f 3038 5177 5174
f 3044 3080 3154
f 3179 3104 3103
f 3070 3109 3110
f 3083 3157 3122
f 3100 3138 3136
f 3102 3140 3171
f 3108 3186 3144
f 3113 3146 3149
f 3140 3178 3253
f 3147 3229 3189
f 3177 3217 3218
f 3218 3292 3219
f 3181 3220 3258
f 3291 3330 3331
f 3309 3349 3351
f 3315 3357 3399
f 3343 3386 3383
f 3341 3383 3384
f 3419 3508 3463
f 3383 3475 3471
f 3565 3472 3471
f 3466 3558 3512
f 3523 3616 3622
f 3471 3570 3565
f 3521 3569 3619
f 3645 3649 3700
f 3618 3671 3720
f 3825 3727 3726
f 3773 3821 3866
f 3749 3798 3799
f 3750 3800 3846
f 3755 3804 3756
f 3801 3845 3849
f 3813 3858 3859
f 3846 3941 3893
f 3926 4017 4018
f 3897 3944 3945
f 3938 3983 4029
f 3993 4083 3994
f 3995 4039 4040
f 3999 4043 4087
f 3989 4036 3991
f 4081 4124 4083
f 4043 4086 4087
f 4056 4090 4169
f 4059 4102 4103
f 4091 4097 4136
f 4167 4207 4242
f 4266 4307 4289
f 4291 4315 4294
f 4334 4357 4377
f 4395 4417 4418
f 4451 4470 4433
f 4448 4433 4470
f 4432 4451 4449
f 4448 4486 4467
f 4450 4467 4468
f 4460 4480 4477
f 4469 4488 4508
f 4500 4501 4539
f 4507 4548 4527
f 4489 4509 4522
f 4568 4533 4570
f 4579 4547 4545
f 4507 4546 4548
f 4531 4566 4551
f 4555 4557 4573
f 4545 4563 4579
f 4559 4571 4575
f 4593 4578 4580
f 4570 4587 4610
f 4709 4710 4730
f 4721 4745 4731
f 4756 4733 4732
f 4743 4767 4754
f 4746 4762 4758
f 4796 4800 4797
f 4891 4874 4867
f 4863 4892 4877
f 4892 4863 4876
f 4876 4877 4892
f 4879 4885 4886
f 4890 4896 4903
f 4924 4932 4925
f 5002 5004 5007
f 5009 5014 5012
f 5017 5010 5019
f 5022 5024 5027
f 5026 5030 5033
f 5051 5059 5056
f 5055 5057 5067
f 5061 5068 5064
f 1848 1768 1808
f 1808 1764 1805
f 5207 5210 5208
f 1677 5209 1725
f 1678 5210 1677
f 1725 5207 1724
f 5091 827 778
f 5088 778 730
f 5089 730 686
f 686 641 5089
f 5101 1120 999
f 1192 5104 5110
f 2857 2911 5148
f 2967 2999 3005
f 2962 5148 2911
f 5176 3076 3075
f 3075 5178 5176
f 5181 3150 3194
f 5182 3194 3234
f 3234 5184 5182
f 5191 3487 3533
f 5191 3533 3581
f 3684 3683 3736
f 5198 4018 4061
f 4062 5198 4061
f 4103 5199 4062
f 5200 4141 4142
f 4181 5203 4142
f 4182 5204 4181
f 4183 5205 4143
f 5206 4183 4215
f 4215 5202 5206
f 4104 4177 4138
f 4138 5201 4104
f 4055 5201 4099
f 3834 3827 5196
f 5196 3779 3735
f 5195 3779 3728
f 5195 3676 5194
f 5194 3625 5193
f 3625 5192 5193
f 5190 3479 5189
f 5187 3433 3390
f 3390 5186 5187
f 3347 5185 5186
f 5183 3306 3267
f 3071 5173 3037
f 3034 5171 5173
f 5171 2964 5168
f 5168 2913 5165
f 5161 2855 2802
f 2802 5158 5161
f 2752 5156 5158
f 5154 5156 2645
f 2645 2696 2646
f 5153 2645 2543
f 5153 2489 5151
f 5151 2431 5149
f 5149 2375 2332
f 2211 5145 5146
f 5145 2142 5144
f 5143 2142 2108
f 5142 2108 2076
f 5142 2046 5141
f 2046 1968 5141
f 1927 5139 1967
f 5147 1846 5138
f 1969 1847 1927
f 5138 1806 5135
f 1806 5132 5135
f 1765 5131 5132
f 1460 5117 5118
f 5079 254 5077
f 5075 254 5438
f 5074 5438 189
f 189 5072 5074
f 5072 156 5071
f 5071 126 5070
f 5070 127 5073
f 188 127 155
f 5078 322 5080
f 683 685 5211
f 775 685 729
f 5090 729 777
f 5093 825 880
f 880 5096 5093
f 5100 938 997
f 1189 5103 1057
f 1566 5124 5121
f 1619 5127 5124
f 1539 5119 5123
f 5212 1352 1282
f 5111 1282 1212
f 5111 1141 5108
f 5108 1074 5105
f 956 5102 1013
f 5094 896 5095
f 5095 955 5097
f 5099 955 908
f 907 5099 908
f 5106 1153 5109
f 5112 1153 1295
f 5113 1295 1363
f 1550 1601 5128
f 5128 1655 1656
f 1655 5120 1656
f 1709 1755 5120
f 1880 1755 1797
f 5137 5213 1903
f 1903 1946 1907
f 1825 1824 5137
f 5134 1784 1783
f 5133 1741 1782
f 5136 1782 1823
f 1863 5136 1823
f 2026 1942 1984
f 5216 1902 1942
f 5215 1862 1902
f 5140 1863 5214
f 1862 1863 1822
f 2409 5217 2354
f 2310 2354 5217
f 5155 2578 2628
f 5155 2671 5157
f 5152 2778 5160
f 2726 5157 2671
f 5160 2830 5150
f 5150 2830 5170
f 5170 2886 2918
f 5170 2859 5167
f 2859 2807 5167
f 2968 5169 2917
f 5166 2917 5169
f 5164 2858 5166
f 5162 2806 5164
f 5159 2755 5162
f 5159 2651 2701
f 2546 2494 2379
f 2379 2492 2546
f 5218 2492 2491
f 5218 2494 2546
f 5220 5221 5219
f 5219 5225 5224
f 5222 5226 5221
f 5222 5229 5228
f 5229 5223 5230
f 5232 5223 5219
f 5224 5232 5219
f 5224 5235 5234
f 5221 5236 5225
f 5228 5227 5222
f 5228 5239 5238
f 5230 5231 5240
f 5239 5230 5241
f 5242 5231 5232
f 5242 5233 5244
f 5233 5234 5245
f 5234 5247 5246
f 5225 5248 5235
f 5236 5250 5249
f 5251 5228 5238
f 5239 5252 5238
f 5241 5240 5254
f 5240 5243 5255
f 5241 5253 5239
f 5258 5243 5242
f 5244 5258 5242
f 5245 5244 5233
f 5245 5246 5261
f 5246 5263 5262
f 5235 5264 5247
f 5249 5266 5265
f 5268 5237 5251
f 5238 5269 5251
f 5253 5270 5252
f 5254 5256 5241
f 5254 5255 5273
f 5274 5243 5257
f 5271 5256 5275
f 5277 5257 5258
f 5259 5277 5258
f 5259 5260 5279
f 5261 5260 5245
f 5262 5261 5246
f 5262 5283 5282
f 5247 5284 5263
f 5285 5248 5249
f 5249 5286 5285
f 5288 5266 5287
f 5289 5250 5267
f 5251 5290 5268
f 5267 5291 5289
f 5252 5292 5269
f 5293 5270 5271
f 5272 5275 5256
f 5272 5273 5296
f 5274 5273 5255
f 5257 5298 5274
f 5293 5275 5299
f 5276 5301 5300
f 5301 5278 5302
f 5279 5278 5259
f 5279 5280 5304
f 5280 5281 5305
f 5282 5281 5262
f 5307 5282 5283
f 5309 5263 5284
f 5264 5310 5284
f 5286 5310 5285
f 5265 5312 5286
f 5313 5266 5289
f 5315 5288 5287
f 5268 5316 5291
f 5290 5292 5317
f 5289 5318 5313
f 5294 5292 5270
f 5320 5294 5293
f 5299 5295 5322
f 5296 5295 5272
f 5296 5297 5324
f 5274 5325 5297
f 5326 5276 5300
f 5293 5327 5320
f 5301 5328 5300
f 5302 5329 5301
f 5302 5303 5331
f 5304 5303 5279
f 5305 5304 5280
f 5305 5306 5334
f 5308 5306 5282
f 5283 5336 5307
f 5338 5308 5307
f 5309 5310 5339
f 5339 5311 5340
f 5312 5311 5286
f 5312 5314 5342
f 5313 5315 5287
f 5345 5315 5344
f 5318 5316 5346
f 5317 5316 5290
f 5317 5319 5348
f 5343 5318 5349
f 5350 5294 5321
f 5351 5321 5320
f 5322 5323 5352
f 5353 5299 5322
f 5324 5323 5296
f 5324 5325 5355
f 5356 5298 5326
f 5320 5357 5351
f 5358 5328 5329
f 5360 5329 5330
f 5331 5330 5302
f 5331 5332 5362
f 5333 5332 5304
f 5334 5333 5305
f 5334 5335 5365
f 5335 5337 5366
f 5307 5367 5338
f 5309 5368 5336
f 5369 5337 5338
f 5340 5341 5371
f 5342 5341 5312
f 5342 5345 5373
f 5343 5344 5315
f 5346 5349 5318
f 5346 5347 5376
f 5348 5347 5317
f 5319 5378 5348
f 5349 5374 5343
f 5351 5380 5350
f 5322 5382 5353
f 5352 5354 5383
f 5384 5327 5353
f 5355 5354 5324
f 5325 5386 5355
f 5326 5359 5356
f 5351 5387 5381
f 5389 5359 5358
f 5360 5361 5390
f 5391 5358 5360
f 5362 5361 5331
f 5362 5363 5393
f 5363 5364 5394
f 5364 5365 5395
f 5366 5365 5335
f 5337 5397 5366
f 5369 5367 5398
f 5336 5399 5367
f 5369 5400 5370
f 5371 5372 5402
f 5371 5403 5340
f 5372 5373 5405
f 5379 5375 5406
f 5376 5375 5346
f 5376 5377 5408
f 5377 5378 5409
f 5410 5350 5380
f 5412 5381 5411
f 5353 5413 5384
f 5382 5383 5414
f 5383 5385 5415
f 5416 5357 5384
f 5386 5385 5355
f 5356 5388 5386
f 5411 5387 5418
f 5419 5389 5420
f 5390 5391 5360
f 5392 5390 5361
f 5391 5420 5389
f 5393 5392 5362
f 5393 5394 5425
f 5394 5395 5426
f 5395 5396 5427
f 5366 5428 5396
f 5429 5370 5400
f 5367 5430 5398
f 5398 5401 5369
f 5368 5403 5399
f 5432 5401 5433
f 5402 5404 5371
f 5405 5402 5372
f 5436 5404 5437
f 221 5373 188
f 5406 5407 5438
f 5408 5409 5439
f 5440 5378 5410
f 5441 5380 5412
f 5411 5442 5412
f 5413 5416 5384
f 5414 5413 5382
f 5414 5415 5446
f 5415 5417 5447
f 5448 5387 5416
f 5419 5386 5388
f 5418 5443 5411
f 5420 5450 5419
f 5423 5421 5452
f 5421 5422 5453
f 5424 5422 5392
f 5451 5423 5455
f 5424 5425 5456
f 5426 5425 5394
f 5426 5427 5458
f 5428 5427 5396
f 5460 5397 5429
f 5461 5400 5432
f 5431 5430 5462
f 5436 5399 5403
f 5431 5433 5401
f 5433 5464 5432
f 5434 5437 5404
f 5434 5435 5467
f 221 5435 5405
f 5437 5468 5436
f 5407 5470 5438
f 5409 5472 5439
f 5471 5408 5439
f 5410 5473 5440
f 5412 5474 5441
f 5476 5443 5475
f 5448 5444 5477
f 5444 5445 5478
f 5446 5445 5414
f 5446 5447 5480
f 5447 5419 5450
f 5481 5418 5448
f 5443 5482 5475
f 5451 5483 5450
f 5453 5452 5421
f 5452 5455 5423
f 5454 5453 5422
f 5456 5454 5424
f 5455 5484 5451
f 5456 5457 5490
f 5458 5457 5426
f 5459 5458 5427
f 5493 5428 5460
f 5494 5429 5461
f 5432 5495 5461
f 5462 5436 5468
f 5462 5463 5431
f 5465 5463 5497
f 5465 5498 5464
f 5469 5466 5500
f 5467 5466 5434
f 5467 251 5502
f 5503 5469 5504
f 5506 5471 5505
f 5439 5505 5471
f 5440 5507 5472
f 5441 5508 5473
f 5509 5442 5476
f 5510 5476 5475
f 5478 5477 5444
f 5477 5481 5448
f 5478 5479 5514
f 5480 5479 5446
f 5450 5480 5447
f 5516 5449 5481
f 5475 5517 5510
f 5518 5484 5519
f 5485 5486 5452
f 5487 5485 5453
f 5489 5486 5522
f 5487 5488 5523
f 5490 5488 5456
f 5489 5519 5484
f 5490 5491 5526
f 5491 5492 5527
f 5493 5492 5459
f 5460 5529 5493
f 5530 5461 5495
f 5464 5531 5495
f 5468 5496 5462
f 5496 5497 5463
f 5497 5499 5465
f 5499 5534 5498
f 5500 5501 5536
f 5500 5504 5469
f 5502 5501 5467
f 5076 5502 251
f 5539 5504 5540
f 325 5505 5541
f 5472 5541 5505
f 5507 5508 5542
f 5543 5474 5509
f 5476 5544 5509
f 5512 5513 5477
f 5514 5512 5478
f 5547 5481 5513
f 5514 5515 5548
f 5515 5483 5518
f 5482 5549 5517
f 5510 5551 5550
f 5552 5519 5553
f 5522 5520 5554
f 5520 5521 5555
f 5523 5521 5487
f 5525 5522 5557
f 5558 5488 5524
f 5524 5526 5559
f 5553 5525 5560
f 5526 5527 5561
f 5528 5527 5492
f 5493 5563 5528
f 5494 5564 5529
f 5495 5565 5530
f 5566 5498 5534
f 5532 5503 5539
f 5533 5532 5567
f 5533 5535 5499
f 5535 5569 5534
f 5536 5537 5500
f 5538 5536 5501
f 5537 5540 5504
f 5574 5540 5575
f 5081 5506 325
f 325 5577 5576
f 5541 5542 5577
f 5542 5543 5578
f 5509 5579 5543
f 5580 5511 5550
f 5547 5545 5581
f 5545 5546 5582
f 5548 5546 5514
f 5584 5516 5547
f 5548 5518 5552
f 5585 5517 5549
f 5550 5587 5586
f 5588 5553 5589
f 5554 5555 5590
f 5557 5554 5591
f 5555 5556 5592
f 5523 5593 5556
f 5560 5557 5594
f 5524 5595 5558
f 5526 5596 5559
f 5589 5560 5597
f 5561 5562 5598
f 5563 5562 5528
f 5600 5529 5564
f 5530 5601 5564
f 5531 5602 5565
f 5534 5603 5566
f 5567 5539 5574
f 5568 5567 5604
f 5570 5568 5605
f 5607 5570 5606
f 5571 5573 5537
f 5572 5571 5536
f 5080 5572 5538
f 5575 5573 5610
f 5575 5611 5574
f 5576 5613 397
f 5577 5578 5613
f 5579 5578 5543
f 5580 5579 5544
f 5586 5580 5550
f 5581 5582 5617
f 5618 5547 5581
f 5582 5583 5619
f 5583 5552 5588
f 5549 5620 5585
f 5551 5621 5587
f 5586 5623 5622
f 5588 5625 5624
f 5590 5591 5554
f 5590 5592 5627
f 5594 5591 5628
f 5593 5592 5556
f 5558 5630 5593
f 5594 5597 5560
f 5632 5559 5596
f 5596 5598 5633
f 5625 5597 5634
f 5598 5599 5635
f 5600 5599 5563
f 5564 5637 5600
f 5565 5638 5601
f 5639 5566 5603
f 5640 5569 5607
f 5574 5604 5567
f 5604 5605 5568
f 5606 5605 5642
f 5606 5643 5607
f 5608 5610 5573
f 5608 5609 5646
f 5082 5609 5572
f 5612 5610 5647
f 5611 5649 5648
f 397 5650 435
f 5613 5614 5650
f 5615 5614 5579
f 5616 5615 5580
f 5622 5616 5586
f 5581 5654 5618
f 5619 5617 5582
f 5584 5656 5620
f 5624 5583 5588
f 5621 5620 5657
f 5621 5623 5587
f 5660 5622 5623
f 5624 5662 5661
f 5591 5663 5628
f 5664 5590 5627
f 5627 5629 5665
f 5594 5666 5631
f 5667 5593 5630
f 5668 5595 5632
f 5631 5634 5597
f 5670 5596 5633
f 5633 5635 5671
f 5625 5672 5662
f 5673 5599 5636
f 5600 5674 5636
f 5675 5601 5638
f 5638 5639 5676
f 5640 5639 5603
f 5640 5643 5678
f 5611 5641 5604
f 5641 5642 5605
f 5642 5644 5606
f 5681 5643 5644
f 5647 5645 5683
f 5646 5645 5608
f 5083 5646 5609
f 5612 5685 5649
f 5649 5686 5648
f 474 5650 5688
f 5650 5651 5688
f 5652 5651 5615
f 5653 5652 5616
f 5659 5653 5622
f 5654 5656 5618
f 5654 5655 5693
f 5661 5619 5624
f 5694 5620 5656
f 5695 5623 5658
f 5697 5660 5696
f 5661 5699 5698
f 5628 5700 5666
f 5701 5626 5664
f 5627 5702 5664
f 5703 5629 5667
f 5631 5704 5669
f 5630 5705 5667
f 5632 5706 5668
f 5669 5672 5634
f 5633 5708 5670
f 5709 5635 5673
f 5662 5710 5699
f 5711 5636 5674
f 5712 5637 5675
f 5675 5676 5713
f 5676 5677 5714
f 5678 5677 5640
f 5678 5682 5716
f 5648 5679 5641
f 5681 5680 5717
f 5682 5719 5718
f 5683 5684 5720
f 5647 5721 5685
f 5646 5085 5684
f 5722 5649 5685
f 5686 5724 5723
f 474 5725 512
f 5688 5689 5725
f 5690 5689 5652
f 5690 5691 5727
f 5728 5659 5697
f 5656 5729 5694
f 5698 5693 5655
f 5658 5731 5695
f 5733 5660 5695
f 5735 5697 5696
f 5736 5698 5699
f 5737 5663 5701
f 5738 5664 5702
f 5665 5739 5702
f 5667 5740 5703
f 5707 5704 5741
f 5742 5704 5666
f 5744 5668 5706
f 5745 5670 5708
f 5746 5672 5707
f 5747 5671 5709
f 5748 5673 5711
f 5699 5749 5736
f 5750 5674 5712
f 5713 5712 5675
f 5714 5713 5676
f 5714 5715 5753
f 5715 5716 5754
f 5718 5716 5682
f 5681 5757 5719
f 5717 5759 5758
f 5718 5761 5760
f 5762 5683 5720
f 5086 5684 5085
f 5763 5685 5721
f 5723 5765 5764
f 5723 5842 5686
f 512 5766 553
f 5725 5726 5766
f 5726 5727 5767
f 5691 5768 5727
f 5694 5769 5732
f 5770 5729 5692
f 5730 5772 5693
f 5695 5774 5733
f 5775 5732 5769
f 5776 5696 5733
f 5777 5735 5778
f 5779 5730 5736
f 5780 5700 5737
f 5781 5701 5738
f 5702 5782 5738
f 5783 5703 5740
f 5784 5705 5744
f 5741 5743 5785
f 5707 5786 5746
f 5780 5743 5742
f 5706 5788 5744
f 5708 5789 5745
f 5790 5710 5746
f 5791 5709 5748
f 5792 5711 5750
f 5750 5751 5793
f 5752 5751 5713
f 5753 5752 5714
f 5754 5753 5715
f 5754 5755 5797
f 5760 5755 5718
f 5757 5761 5719
f 5717 5800 5757
f 5765 5758 5759
f 5760 5803 5802
f 5721 5804 5763
f 5806 5722 5763
f 5808 553 5766
f 5808 5726 5767
f 5727 5809 5767
f 5810 5728 5734
f 5769 5771 5811
f 5813 5771 5770
f 5772 5815 5814
f 5733 5816 5776
f 5731 5817 5774
f 5811 5775 5769
f 5778 5776 5819
f 5778 5820 5777
f 5734 5822 5810
f 5823 5773 5779
f 5737 5824 5780
f 5738 5825 5781
f 5739 5826 5782
f 5827 5740 5784
f 5744 5828 5784
f 5785 5787 5829
f 5785 5786 5741
f 5746 5831 5790
f 5780 5832 5787
f 5833 5745 5789
f 5747 5834 5789
f 5813 5749 5790
f 5748 5835 5791
f 5793 5792 5750
f 5793 5794 5837
f 5795 5794 5752
f 5795 5796 5839
f 5797 5796 5754
f 5760 5841 5798
f 5759 5842 5765
f 5803 5799 5843
f 5845 5800 5844
f 5800 5847 5846
f 5758 5801 5847
f 5847 5801 5848
f 5802 5850 5849
f 5763 5851 5806
f 5853 5806 5852
f 5724 5854 5801
f 5855 5087 5808
f 5808 5856 5855
f 5856 5809 5857
f 5810 5809 5768
f 5811 5812 5859
f 5790 5812 5813
f 5772 5813 5770
f 5819 5816 5860
f 5861 5774 5817
f 5862 5775 5818
f 5821 5819 5863
f 5820 5822 5777
f 5821 5865 5820
f 5810 5867 5858
f 5868 5781 5825
f 5782 5869 5825
f 5827 5826 5783
f 5784 5871 5827
f 5788 5872 5828
f 5829 5832 5873
f 5829 5830 5785
f 5831 5830 5875
f 5876 5824 5868
f 5789 5877 5833
f 5791 5878 5834
f 5792 5879 5835
f 5836 5837 5880
f 5838 5837 5794
f 5839 5838 5795
f 5839 5840 5883
f 5884 5797 5798
f 5798 5885 5884
f 5849 5841 5802
f 5843 5888 5887
f 5889 5803 5843
f 5844 5890 5845
f 5891 5846 5847
f 5848 5854 5893
f 5849 5895 5894
f 5806 683 5852
f 5853 5807 5805
f 5852 5896 5853
f 5855 5898 641
f 5900 5855 5856
f 5857 5900 5856
f 5857 5858 5902
f 5859 5831 5875
f 5863 5860 5903
f 5860 5861 5904
f 5905 5817 5862
f 5818 5906 5862
f 5863 5866 5821
f 5864 5865 5908
f 5910 5865 5866
f 5867 5902 5858
f 5870 5869 5826
f 5871 5870 5827
f 5871 5872 5914
f 5833 5915 5872
f 5873 5874 5829
f 5873 5876 5917
f 5874 5875 5830
f 5868 5919 5876
f 5834 5921 5877
f 5922 5835 5879
f 5880 5879 5836
f 5837 5924 5880
f 5883 5882 5839
f 5884 5883 5840
f 5927 5884 5885
f 5841 5928 5885
f 5894 5886 5849
f 5888 5930 5887
f 5845 5888 5799
f 5887 5889 5843
f 5933 5850 5889
f 5934 5847 5844
f 5936 5892 5891
f 5893 5853 5896
f 5937 5848 5893
f 5939 5895 5938
f 5897 5940 5896
f 5943 5898 5899
f 5944 5900 5945
f 5946 5900 5901
f 5901 5902 5947
f 5875 5906 5859
f 5907 5903 5948
f 5904 5903 5860
f 5905 5904 5861
f 5862 5951 5905
f 5907 5910 5866
f 5908 5953 5864
f 5909 5908 5865
f 5909 5957 5956
f 5867 5958 5911
f 5960 5912 5961
f 5913 5912 5870
f 5913 5914 5963
f 5964 5872 5915
f 5965 5877 5921
f 5916 5918 5874
f 5917 5916 5873
f 5919 5917 5876
f 5960 5919 5920
f 5970 5878 5922
f 5879 5971 5922
f 5880 5972 5923
f 5973 5881 5882
f 5973 5925 5974
f 5883 5975 5925
f 5975 5927 5976
f 5977 5885 5928
f 5939 5929 5894
f 5930 5932 5887
f 5980 5931 5937
f 5931 5890 5848
f 5889 5981 5933
f 5895 5982 5938
f 5984 5891 5934
f 5934 5935 5984
f 5935 5986 5985
f 5937 5896 5940
f 5941 5987 5940
f 5942 5990 5989
f 5944 5992 5991
f 5946 5994 5993
f 5993 5945 5946
f 5947 5994 5901
f 5906 5966 5951
f 5903 5996 5948
f 5950 5949 5904
f 5905 5998 5950
f 5999 5910 5952
f 5864 5959 5867
f 6001 5953 5954
f 5954 5955 6002
f 5955 5956 6003
f 5911 6005 6004
f 5959 6006 5958
f 5961 5969 5960
f 5961 5962 6009
f 5913 6010 5962
f 6011 5914 5964
f 5915 6012 5964
f 6013 5921 5970
f 6014 5916 5967
f 5967 5968 6015
f 5968 5969 6016
f 6017 5922 5971
f 5971 5972 6018
f 6019 5924 5973
f 5973 6020 6019
f 5975 5974 5925
f 5976 5977 6022
f 5976 6021 5975
f 5928 6024 5977
f 6025 5929 5978
f 5939 6026 5978
f 5981 5979 6028
f 6029 5930 5980
f 5940 5980 5937
f 5981 5982 5933
f 5984 6031 5983
f 5985 5984 5935
f 5986 6033 5985
f 6031 5936 5983
f 6037 5988 6036
f 5990 6038 5989
f 5991 5943 5944
f 6040 5991 5992
f 5993 6043 6042
f 5992 6042 6040
f 6044 5994 5995
f 6045 5947 5911
f 5951 6014 5998
f 5948 6046 5952
f 5949 6047 5996
f 6048 5950 5998
f 5952 6049 5999
f 6051 5957 5999
f 5953 6007 5959
f 6052 6001 6053
f 6002 6001 5954
f 6003 6002 5955
f 6003 6057 6056
f 6059 6004 6005
f 5958 6060 6005
f 6062 6007 6061
f 6016 6008 6063
f 6009 6008 5961
f 6065 5962 6010
f 5963 6066 6010
f 5964 6067 6011
f 5965 6068 6012
f 6069 5970 6017
f 6015 6014 5967
f 6015 6016 6071
f 6018 6017 5971
f 6018 6019 6073
f 6074 6019 6020
f 6021 6020 5974
f 5977 6076 6022
f 6022 6023 5976
f 6078 6024 6025
f 6079 5978 6026
f 6081 6026 6027
f 6028 6030 5981
f 6029 6028 5979
f 5980 6037 6029
f 6035 6030 6084
f 6085 6032 6086
f 5985 6086 6032
f 6034 6087 6033
f 6034 6031 6085
f 5988 5092 6036
f 6091 6037 6036
f 6092 6039 6093
f 5990 6041 6039
f 6040 6094 6041
f 6042 6097 6096
f 6040 6096 6095
f 6098 5995 6045
f 6099 6043 6044
f 6070 5998 6014
f 6100 5996 6047
f 6101 5997 6048
f 5999 6102 6051
f 6103 6046 6100
f 6051 6104 6050
f 6052 6007 6000
f 6052 6107 6106
f 6108 6001 6054
f 6055 6054 6002
f 6055 6056 6110
f 6112 6057 6111
f 6045 6058 6098
f 6058 6114 6113
f 6115 6005 6060
f 6006 6116 6060
f 6118 6062 6061
f 6063 6071 6016
f 6063 6064 6120
f 6065 6064 6009
f 6065 6066 6122
f 6011 6123 6066
f 6012 6124 6067
f 6125 6013 6069
f 6072 6069 6017
f 6071 6070 6015
f 6073 6072 6018
f 6020 6129 6074
f 6074 6128 6073
f 6076 6077 6022
f 6133 6077 6132
f 6131 6078 6134
f 6078 6079 6135
f 6136 6026 6080
f 6138 6081 6137
f 6139 6027 6089
f 6082 6140 6030
f 6083 6082 6028
f 6029 6090 6083
f 6084 6140 6143
f 6089 6084 6144
f 6086 6145 6085
f 6086 6087 6146
f 6085 6088 6034
f 6148 6090 6091
f 6038 939 881
f 6093 6149 6092
f 6041 6093 6039
f 6095 6151 6094
f 6096 6154 6153
f 6153 6095 6096
f 6155 6044 6098
f 6157 6099 6156
f 6127 6048 6070
f 6047 6158 6100
f 6102 6105 6051
f 6160 6049 6103
f 6158 6103 6100
f 6163 6105 6162
f 6164 6061 6052
f 6165 6053 6108
f 6054 6166 6108
f 6110 6109 6055
f 6056 6168 6110
f 6111 6104 6163
f 6111 6169 6112
f 6171 6058 6113
f 6113 6173 6172
f 6174 6059 6115
f 6175 6060 6116
f 6117 6116 6062
f 6127 6119 6177
f 6120 6119 6063
f 6120 6121 6179
f 6180 6065 6122
f 6066 6181 6122
f 6067 6182 6123
f 6183 6068 6125
f 6128 6126 6072
f 6074 6185 6130
f 6128 6186 6184
f 6132 6131 6187
f 6132 6188 6133
f 6187 6134 6190
f 6135 6134 6078
f 6080 6192 6136
f 6081 6194 6137
f 6195 6137 6196
f 6144 6139 6089
f 6141 6198 6140
f 6200 6082 6142
f 6142 6090 6147
f 6201 6140 6198
f 6146 6202 6145
f 6203 6087 6204
f 6088 6202 6204
f 6206 6148 6205
f 6092 6207 939
f 6150 6208 6149
f 6150 6094 6151
f 6211 6152 6210
f 6154 6212 6153
f 6214 6099 6155
f 6177 6101 6127
f 6162 6159 6215
f 6160 6159 6102
f 6161 6160 6103
f 6161 6177 6218
f 6162 6219 6163
f 5098 6107 6165
f 6108 6221 6165
f 6109 6222 6166
f 6110 6223 6167
f 6112 6224 6168
f 6111 6219 6170
f 6225 6113 6172
f 6172 6227 6226
f 6228 6174 6229
f 6230 6115 6175
f 6175 6176 6231
f 6176 968 1024
f 6119 6218 6177
f 6179 6178 6120
f 6180 6179 6121
f 6234 6122 6181
f 6181 6182 6235
f 6236 6124 6183
f 6125 6237 6183
f 6238 6126 6184
f 6239 6130 6185
f 6188 6129 6133
f 6186 6238 6184
f 6187 6189 6132
f 6243 6188 6189
f 6190 6191 6244
f 6190 6241 6187
f 6246 6191 6135
f 6136 6249 6248
f 6193 6250 6192
f 6137 6252 6196
f 6196 6253 6195
f 6251 6138 6195
f 6256 6144 6255
f 6257 6141 6200
f 6200 6147 6206
f 6258 6198 6259
f 6261 6203 6260
f 6262 6203 6204
f 6204 6261 6262
f 6205 6263 6206
f 6266 6208 6209
f 6150 6267 6209
f 6210 6268 6211
f 6212 6271 6270
f 6154 6272 6213
f 6214 6273 6156
f 6171 6214 6155
f 6215 6216 6275
f 6215 6220 6162
f 6217 6216 6160
f 6218 6217 6161
f 6279 6219 6220
f 6281 6166 6222
f 6282 6167 6223
f 6283 6168 6224
f 6285 6169 6284
f 6170 6280 6284
f 6226 6225 6172
f 6226 6288 6287
f 6289 6173 6228
f 6229 6289 6228
f 6230 6229 6174
f 6230 6231 6292
f 1024 6231 6176
f 6232 6218 6178
f 6232 6233 6293
f 6294 6180 6234
f 6234 6235 6295
f 6236 6235 6182
f 6236 6237 6297
f 6297 6238 6298
f 6242 6185 6188
f 6240 6239 6299
f 6298 6240 6300
f 6241 6243 6189
f 6302 6243 6303
f 6244 6247 6304
f 6245 6301 6241
f 6307 6247 6246
f 6248 6307 6246
f 6308 6192 6250
f 6310 6251 6309
f 6254 6252 6311
f 6195 6309 6251
f 6253 6313 6312
f 6315 6197 6256
f 6255 6316 6256
f 6318 6199 6257
f 6206 6257 6200
f 6259 6319 6258
f 6201 6317 6255
f 6321 6260 6322
f 6260 6323 6322
f 6321 6262 6261
f 5100 6264 6205
f 6263 6325 6324
f 6328 6208 6265
f 6329 6266 6330
f 6331 6209 6267
f 6269 6333 6268
f 6332 6269 6210
f 6332 6270 6335
f 6270 6337 6336
f 6338 6213 6272
f 6273 6340 6339
f 6274 6225 6286
f 6341 6272 6156
f 6276 6275 6342
f 6277 6275 6216
f 6279 6276 6344
f 6346 6280 6279
f 5105 6221 6281
f 6347 6222 6282
f 6223 6348 6282
f 6349 6224 6285
f 6351 6284 6350
f 6345 6284 6280
f 6286 6287 6352
f 6354 6287 6288
f 6227 6355 6288
f 6355 6290 6356
f 6291 6290 6229
f 6291 6292 6358
f 6292 1086 6359
f 6360 6233 6294
f 6361 6234 6295
f 6295 6296 6362
f 6297 6296 6236
f 6363 6298 6364
f 6299 6242 6302
f 6300 6299 6365
f 6366 6298 6300
f 6303 6301 6367
f 6303 6368 6302
f 6367 6305 6370
f 6371 6245 6372
f 6307 6373 6306
f 6374 6249 6308
f 6250 6375 6308
f 6377 6310 6309
f 6252 6378 6311
f 6311 6313 6254
f 6312 6309 6253
f 6312 6382 6381
f 6315 6383 6314
f 6315 6386 6385
f 6387 6317 6388
f 6318 6263 6324
f 6318 6320 6259
f 6258 6388 6317
f 6320 6390 6319
f 6322 6392 6321
f 6394 6322 6323
f 6392 6323 6321
f 6324 6397 6396
f 6265 6399 6328
f 6328 6326 6327
f 6400 6330 6401
f 6402 6266 6331
f 6333 6402 6268
f 6334 6404 6333
f 6334 6335 6406
f 6335 6336 6406
f 6336 6408 6407
f 6409 6271 6338
f 6339 6411 6410
f 6286 6340 6274
f 6341 6339 6412
f 6412 6338 6341
f 6342 6343 6413
f 6414 6276 6342
f 6343 6293 6360
f 6279 6415 6346
f 6345 6417 6416
f 6418 6282 6348
f 6419 6283 6349
f 6285 6420 6349
f 6351 6422 6421
f 6416 6350 6345
f 6287 6423 6352
f 6353 6425 6424
f 6355 6426 6288
f 6356 6357 6428
f 6427 6356 6429
f 6358 6357 6291
f 6294 6431 6360
f 6295 6432 6361
f 6362 6363 6433
f 6434 6300 6365
f 6436 6366 6435
f 6368 6438 6437
f 6440 6305 6371
f 6370 6369 6367
f 6372 6441 6371
f 6444 6373 6374
f 6446 6308 6445
f 6375 6376 6447
f 6448 6376 6377
f 6311 6450 6380
f 6451 6313 6380
f 6381 6377 6312
f 6453 6381 6382
f 6379 6383 6454
f 6455 6315 6385
f 6385 6457 6456
f 6388 6458 6387
f 6460 6316 6387
f 6318 6396 6389
f 6389 6391 6320
f 6319 6459 6388
f 6390 6463 6462
f 6464 6393 6465
f 6466 6393 6394
f 6466 6392 6464
f 6467 6396 6397
f 6395 6397 6325
f 5110 6469 1264
f 6328 6469 6398
f 6470 6329 6400
f 6403 6330 6402
f 6403 6404 6471
f 6473 6405 6472
f 6406 6405 6334
f 6336 6474 6406
f 6475 6407 6408
f 6408 6409 6477
f 6412 6410 6478
f 6479 6411 6480
f 6352 6411 6340
f 6478 6409 6412
f 6342 6481 6414
f 6360 6413 6343
f 6344 6482 6415
f 6417 6415 6483
f 6416 6485 6484
f 6348 6486 6418
f 6349 6487 6419
f 6421 6420 6351
f 6421 6490 6489
f 6484 6422 6416
f 6491 6353 6424
f 6492 6424 6425
f 6354 6494 6425
f 6494 6427 6495
f 6428 6430 6496
f 6428 6429 6356
f 6429 6495 6427
f 6358 6499 6430
f 6500 6361 6432
f 6501 6362 6433
f 6502 6366 6434
f 6433 6436 6501
f 6435 6503 6436
f 6438 6505 6437
f 6434 6437 6502
f 6439 6372 6304
f 6371 6507 6440
f 6442 6508 6441
f 6444 6510 6443
f 6511 6446 6445
f 6447 6449 6512
f 6513 6375 6447
f 6515 6449 6448
f 6380 6516 6451
f 6454 6450 6378
f 6382 6518 6453
f 6448 6452 6515
f 6519 6452 6453
f 6521 6454 6383
f 6522 6384 6455
f 6456 6455 6385
f 6456 6444 6446
f 6460 6457 6386
f 6387 6524 6460
f 6458 6526 6525
f 6389 6468 6461
f 6527 6461 6528
f 6526 6390 6462
f 6462 6530 6529
f 6464 6532 6531
f 6532 6466 6533
f 6464 6533 6466
f 5114 6397 1261
f 6468 6535 6534
f 1264 6536 1332
f 6399 6536 6469
f 6538 6400 6537
f 6471 6401 6403
f 6471 6473 6540
f 6472 6474 6541
f 6543 6472 6542
f 6407 6541 6474
f 6477 6475 6408
f 6546 6475 6545
f 6478 6548 6547
f 6479 6550 6549
f 6480 6423 6491
f 6478 6544 6477
f 6551 6414 6481
f 6500 6413 6431
f 6417 6552 6485
f 6484 6554 6553
f 6419 6555 6486
f 6420 6556 6487
f 6557 6421 6489
f 6558 6489 6490
f 6553 6490 6484
f 6493 6491 6424
f 6425 6561 6492
f 6492 6562 6493
f 6495 6561 6494
f 6496 6497 6428
f 6566 6430 6499
f 6497 6498 6429
f 6498 6564 6495
f 6500 6501 6569
f 6502 6504 6435
f 6569 6436 6503
f 6572 6504 6571
f 6437 6570 6502
f 6573 6506 6574
f 6439 6509 6442
f 6507 6577 6576
f 6508 6577 6441
f 6578 6509 6525
f 6443 6575 6439
f 6513 6511 6445
f 6447 6580 6513
f 6449 6581 6512
f 6583 6514 6515
f 6451 6584 6518
f 6450 6585 6516
f 6586 6453 6518
f 6520 6515 6452
f 6519 6587 6520
f 6589 6517 6521
f 6521 6523 6589
f 6511 6522 6455
f 6591 6523 6522
f 6524 6510 6460
f 6525 6592 6578
f 6528 6468 6534
f 6527 6594 6593
f 6529 6526 6462
f 6529 6596 6595
f 6593 6463 6527
f 6532 6597 6531
f 6532 6599 6598
f 6597 6533 6531
f 5114 6535 6467
f 6601 6535 6600
f 6603 6536 6602
f 6536 6604 6602
f 6538 6604 6470
f 6537 6539 6606
f 6540 6539 6471
f 6543 6540 6473
f 6542 6541 6609
f 6542 6610 6543
f 6609 6476 6546
f 6475 6612 6545
f 6613 6546 6545
f 6616 6548 6615
f 6549 6548 6479
f 6618 6549 6550
f 6480 6560 6550
f 6544 6616 6612
f 6482 6572 6483
f 6569 6481 6500
f 6620 6485 6552
f 6571 6483 6572
f 6553 6622 6621
f 6623 6487 6556
f 6624 6488 6557
f 6559 6626 6625
f 6621 6558 6553
f 6627 6493 6562
f 6561 6563 6492
f 6561 6629 6628
f 6497 6630 6567
f 6566 6565 6496
f 6567 6568 6498
f 6629 6568 6632
f 5115 6566 5113
f 6570 6571 6504
f 6551 6503 6572
f 6505 6633 6570
f 6574 6634 6573
f 6507 6574 6506
f 6577 6636 6576
f 6578 6637 6577
f 6580 6579 6513
f 6581 6580 6512
f 6581 6582 6640
f 6582 6642 6641
f 6643 6516 6585
f 6587 6583 6520
f 6645 6588 6644
f 6643 6589 6646
f 6590 6589 6523
f 6522 6638 6591
f 6590 6648 6647
f 6528 6601 6594
f 6650 6593 6594
f 6592 6595 6637
f 6596 6651 6595
f 6593 6596 6530
f 6654 6598 6653
f 6655 6598 6599
f 6597 6656 6599
f 6600 5116 1456
f 6600 6657 6601
f 5117 1332 6603
f 6659 6603 6602
f 6661 6538 6662
f 6606 6662 6537
f 6606 6607 6664
f 6607 6608 6665
f 6666 6543 6610
f 6609 6611 6542
f 6668 6611 6669
f 6667 6546 6614
f 6545 6670 6613
f 6672 6614 6613
f 6615 6617 6673
f 6615 6674 6616
f 6549 6676 6617
f 6618 6560 6627
f 6619 6678 6677
f 6616 6670 6612
f 6552 6633 6620
f 6620 6622 6554
f 6621 6680 6679
f 6681 6555 6623
f 6556 6682 6623
f 6683 6557 6559
f 6625 6685 6684
f 6686 6559 6625
f 6679 6626 6621
f 6689 6628 6629
f 6630 6631 6567
f 6692 1429 1491
f 6632 6631 6693
f 6629 6694 6689
f 6620 6573 6634
f 6634 6680 6622
f 6576 6635 6574
f 6637 6651 6636
f 6639 6638 6580
f 6639 6640 6696
f 6641 6640 6582
f 6698 6641 6642
f 6642 6645 6698
f 6701 6644 6588
f 6645 6704 6703
f 6591 6695 6648
f 6647 6706 6705
f 6601 6650 6594
f 6708 6650 6707
f 6679 6651 6652
f 6652 6649 6708
f 6709 6653 6710
f 6653 6711 6710
f 6709 6656 6654
f 1513 6600 1456
f 6658 6713 6657
f 6659 6605 6715
f 6659 6716 6660
f 6661 6663 6718
f 6719 6605 6661
f 6663 6664 6720
f 6664 6665 6721
f 6722 6608 6666
f 6610 6723 6666
f 6669 6667 6724
f 6669 6725 6668
f 6724 6614 6671
f 6613 6727 6672
f 6671 6729 6728
f 6673 6676 6730
f 6673 6675 6615
f 6675 6731 6674
f 6676 6734 6733
f 6627 6678 6618
f 6677 6737 6736
f 6727 6674 6731
f 6623 6738 6681
f 6683 6682 6624
f 6684 6686 6625
f 6685 6707 6684
f 6739 6686 6741
f 6652 6685 6679
f 6687 6735 6562
f 6690 6688 6628
f 6746 6690 6689
f 6631 6747 6693
f 6692 6691 6630
f 1491 6748 6692
f 6749 6632 6693
f 6694 6746 6689
f 6635 6651 6680
f 6751 6639 6696
f 6752 6640 6697
f 6699 6754 6753
f 6703 6698 6645
f 6704 6702 6755
f 6701 6756 6702
f 6703 6758 6757
f 6705 6759 6756
f 6700 6705 6701
f 6707 6657 6713
f 6711 6760 6710
f 6655 6712 6711
f 6709 6762 6712
f 1513 5121 6764
f 6764 6658 1513
f 6740 6714 6765
f 6716 5118 6660
f 6717 6715 6766
f 6717 6767 6716
f 6718 6719 6661
f 6720 6718 6663
f 6715 6771 6766
f 6720 6721 6772
f 6721 6722 6773
f 6666 6774 6722
f 6668 6775 6723
f 6724 6726 6669
f 6777 6726 6778
f 6776 6671 6728
f 6779 6672 6727
f 6733 6730 6676
f 6781 6732 6780
f 6733 6783 6782
f 6678 6784 6737
f 6785 6736 6786
f 6788 6736 6737
f 6779 6731 6781
f 6738 6739 6789
f 6686 6765 6741
f 6684 6713 6740
f 6741 6789 6739
f 6791 6735 6742
f 6742 6793 6792
f 6687 6794 6793
f 6794 6688 6744
f 6745 6744 6690
f 6797 6746 6796
f 6693 6798 6749
f 6747 6748 6799
f 6750 6749 6800
f 6796 6750 6801
f 6696 6802 6751
f 6803 6697 6699
f 6754 6804 6753
f 6806 6699 6753
f 6757 6754 6703
f 6702 6807 6755
f 6808 6704 6755
f 6810 6758 6809
f 6756 6811 6807
f 6759 6802 6812
f 6813 6761 6814
f 6761 6712 6762
f 6815 6762 6763
f 6817 6714 6764
f 5122 6767 5125
f 6766 6768 6717
f 6767 6820 6819
f 6771 6769 6821
f 6822 6718 6770
f 6720 6823 6770
f 6818 6771 6824
f 6721 6825 6772
f 6722 6826 6773
f 6827 6723 6775
f 6828 6725 6777
f 6776 6778 6726
f 6830 6777 6778
f 6833 6729 6779
f 6732 6782 6780
f 6780 6834 6781
f 6836 6782 6783
f 6785 6734 6677
f 6737 6838 6788
f 6786 6839 6785
f 6786 6787 6841
f 6842 6787 6788
f 6779 6834 6833
f 6789 5123 6738
f 6741 6817 6790
f 5127 6789 6790
f 6844 6742 6792
f 6845 6784 6791
f 6792 6847 6846
f 6794 6847 6793
f 6744 6848 6794
f 6849 6745 6797
f 6796 6850 6797
f 6800 6798 6852
f 6853 6747 6799
f 6800 6801 6750
f 6801 6851 6796
f 6812 6752 6803
f 6753 6856 6806
f 6806 6812 6803
f 6810 6805 6757
f 6807 6808 6755
f 6809 6808 6860
f 6809 6861 6810
f 6811 6859 6807
f 6812 6811 6759
f 6813 6866 6865
f 6762 6814 6761
f 6867 6760 6813
f 6763 6867 6815
f 6815 6868 6816
f 5125 6819 5129
f 6870 6768 6818
f 6819 6872 6871
f 6769 6873 6821
f 6771 6825 6824
f 6823 10230 6770
f 6824 6870 6818
f 6824 6826 6876
f 6877 6774 6827
f 6775 6878 6827
f 6879 6777 6831
f 6830 6829 6880
f 6830 6881 6831
f 6832 6884 6883
f 6780 6837 6835
f 6885 6834 6835
f 6785 6836 6783
f 6836 6887 6837
f 6889 6788 6838
f 6840 6890 6839
f 6841 6840 6786
f 6841 6843 6893
f 6894 6843 6842
f 6886 6833 6834
f 6844 6846 6896
f 6897 6791 6844
f 6898 6838 6845
f 6899 6846 6847
f 6899 6848 6901
f 6901 6795 6849
f 6902 6797 6850
f 6904 6851 6903
f 6800 6905 6854
f 6906 6798 6853
f 6801 6907 6855
f 6903 6855 6908
f 6856 6857 6806
f 6910 6804 6858
f 6860 6859 6911
f 6861 6911 6912
f 6911 6863 6912
f 6909 6811 6857
f 6865 6867 6813
f 6865 6915 6914
f 6814 6868 6866
f 6815 6913 6869
f 6917 6869 6916
f 5129 6871 5130
f 6918 6820 6870
f 6871 6920 6919
f 6821 6823 6825
f 6875 6822 6921
f 6875 6922 6874
f 6870 6923 6918
f 6877 6876 6826
f 6827 6924 6877
f 6828 6925 6878
f 6926 6831 6881
f 6830 6927 6882
f 6929 6882 6928
f 6883 6931 6930
f 6883 6880 6832
f 6885 6837 6887
f 6932 6886 6885
f 6839 6888 6836
f 6894 6889 6933
f 6934 6891 6935
f 6891 6892 6936
f 6893 6892 6841
f 6938 6843 6895
f 6894 6939 6895
f 6897 6896 6941
f 6900 6896 6846
f 6845 6943 6898
f 6900 6945 6944
f 6901 6945 6899
f 6946 6849 6902
f 6850 6947 6902
f 6948 6904 6903
f 6950 6854 6905
f 6852 6951 6905
f 6908 6907 6952
f 6948 6908 6953
f 6912 6858 6861
f 6863 6910 6912
f 6955 6865 6914
f 6914 6957 6956
f 6866 6917 6915
f 6916 6913 6955
f 6958 6916 6959
f 5130 6919 5131
f 6872 6960 6920
f 6919 6962 6961
f 6918 6963 6960
f 6924 6923 6877
f 6924 6925 6964
f 6965 6879 6926
f 6881 6966 6926
f 6882 6967 6928
f 6928 6968 6929
f 6930 6927 6883
f 6970 6930 6931
f 6887 6932 6885
f 6931 6973 6970
f 6934 6888 6890
f 6933 6940 6894
f 6934 6975 6974
f 6935 6936 6976
f 6937 6936 6892
f 6893 6978 6937
f 6939 6980 6895
f 6982 6939 6940
f 6941 6942 6983
f 6941 6943 6897
f 6898 6985 6933
f 6944 6987 6986
f 6987 6946 6988
f 6947 6946 6902
f 6947 6949 6989
f 6991 6949 6948
f 6905 6992 6950
f 6950 6952 6907
f 6994 6951 1755
f 6952 6953 6908
f 6948 6996 6991
f 6955 6956 6997
f 6956 6998 6997
f 6958 6915 6917
f 6997 6916 6955
f 6959 7000 6958
f 6959 6999 7001
f 6920 7002 6962
f 6961 7004 7003
f 6963 6964 7005
f 7006 6925 6965
f 6926 7007 6965
f 7008 6929 6968
f 6928 7009 6969
f 7010 6969 7011
f 6971 6967 6930
f 7013 6971 6970
f 6973 6972 7014
f 6973 7013 6970
f 6934 7014 6972
f 6933 6982 6940
f 6974 7017 7016
f 7018 6935 6976
f 6976 6977 7019
f 6937 7020 6977
f 6981 7021 1824
f 7022 6942 6944
f 7023 6943 6984
f 6985 7024 6933
f 6986 7022 6944
f 6986 7028 7027
f 7029 6987 6988
f 6988 6989 7029
f 6991 7030 6990
f 6992 6993 6950
f 6993 6995 6952
f 6994 7032 6992
f 6996 6995 7035
f 7036 6991 6996
f 6997 7038 7037
f 7000 6957 6958
f 6998 7001 7038
f 7001 7040 7039
f 7004 7002 7041
f 7004 7042 7003
f 7045 6965 7007
f 7046 6966 7008
f 7047 6968 7010
f 7009 7011 6969
f 7011 7049 7010
f 6971 7048 7009
f 7051 7013 7052
f 7053 6973 7014
f 7052 7015 7054
f 7016 7014 6974
f 7016 7056 7055
f 6975 7057 7017
f 7019 7018 6976
f 7020 7019 6977
f 7024 7021 6982
f 6983 7061 6984
f 6984 7062 7023
f 7063 7024 7025
f 7064 7022 7026
f 7026 7027 7065
f 7066 7028 7067
f 7068 7028 7029
f 7069 7029 6989
f 7069 6990 7030
f 7070 7031 7071
f 7033 7032 7072
f 7035 7033 7073
f 7072 7034 7074
f 7034 7076 7075
f 7036 7035 7077
f 7071 7036 7078
f 7080 7037 7038
f 7039 7038 7001
f 7039 7082 7081
f 6999 7079 7040
f 7004 7083 7043
f 7084 7006 7045
f 7007 7085 7045
f 7008 7086 7046
f 7049 7047 7010
f 7050 7048 7088
f 7089 7050 7090
f 7088 7012 7051
f 7052 7091 7051
f 7054 7053 7093
f 7054 7092 7052
f 7095 7056 7096
f 7017 7097 7056
f 7018 7098 7057
f 7099 7021 7060
f 7100 7023 7062
f 7101 7061 7064
f 7025 7102 7063
f 7060 7103 7099
f 7064 7065 7104
f 7065 7066 7105
f 7106 7067 7107
f 7069 7108 7068
f 7030 7109 7069
f 7070 7111 7110
f 7112 7035 7073
f 7072 7113 7073
f 7075 7074 7034
f 7115 7075 7076
f 7117 7036 7077
f 7118 7071 7078
f 7079 7120 7119
f 7120 7039 7081
f 7082 7121 7081
f 7119 7040 7079
f 7041 7084 7083
f 7045 7124 7084
f 7046 7125 7085
f 7047 7126 7086
f 7087 7089 7127
f 7090 7088 7128
f 7129 7090 7130
f 7051 7128 7088
f 7132 7092 7131
f 7093 7094 7054
f 7092 7134 7131
f 7096 7135 7095
f 7137 7056 7097
f 7057 7138 7097
f 7139 7062 7101
f 7104 7101 7064
f 7115 7063 7102
f 7141 7100 7139
f 7105 7104 7065
f 7143 7066 7106
f 7145 7107 7144
f 7107 7147 7146
f 7070 7148 7109
f 7110 7151 7150
f 7077 7152 7117
f 7073 7153 7112
f 7114 7113 7074
f 7114 7116 7155
f 7076 7103 7115
f 7115 7141 7116
f 7078 7156 7118
f 7157 7111 7118
f 7119 7159 7158
f 7159 7081 7121
f 7161 7122 7160
f 7119 7122 7082
f 7083 7124 7163
f 7085 7164 7124
f 7165 7086 7126
f 7166 7087 7127
f 7127 7129 7167
f 7128 7130 7090
f 7130 7169 7129
f 7091 7168 7128
f 7131 7171 7132
f 7134 7133 7173
f 7095 7133 7093
f 7131 7174 7172
f 7175 7136 7176
f 7177 7096 7137
f 7178 7097 7138
f 7140 7139 7101
f 7179 7141 7139
f 7181 7105 7143
f 7106 7182 7143
f 7144 7146 7183
f 7144 7184 7145
f 7186 7147 7187
f 7147 7108 7188
f 7190 7148 7149
f 7110 7191 7149
f 7184 7151 7192
f 7193 7117 7152
f 7112 7194 7152
f 7195 7113 7154
f 7155 7154 7114
f 7116 7180 7155
f 7156 7157 7118
f 7192 7157 7198
f 7159 7199 7158
f 7121 7200 7159
f 7199 7122 7158
f 7202 7160 7201
f 7162 1968 5139
f 7162 7163 7204
f 7163 7164 7204
f 7205 7125 7165
f 7126 7206 7165
f 7207 7127 7167
f 7129 7208 7167
f 7209 7130 7168
f 7210 7170 7211
f 7209 7132 7171
f 7212 7172 7213
f 7134 7214 7174
f 7173 7135 7175
f 7174 7213 7172
f 7176 7216 7175
f 7176 7177 7218
f 7219 7137 7178
f 7142 7179 7140
f 7220 7180 7179
f 7220 7181 7221
f 7143 7222 7181
f 7192 7145 7184
f 7183 7185 7144
f 7186 7183 7146
f 7150 7185 7191
f 7225 7186 7187
f 7227 7147 7188
f 7188 7148 7189
f 7189 7229 7228
f 7149 7230 7190
f 7193 7194 7231
f 7195 7194 7153
f 7154 7233 7195
f 7197 7198 7157
f 7198 7182 7192
f 7235 7200 7236
f 7236 7161 7202
f 7235 7160 7199
f 7201 7237 7202
f 7204 7203 7162
f 7164 7240 7204
f 7206 7205 7165
f 7242 7166 7207
f 7167 7243 7207
f 7210 7208 7169
f 7211 7209 7245
f 7210 7247 7246
f 7245 7171 7212
f 7213 7248 7212
f 7215 7214 7250
f 7175 7214 7173
f 7249 7215 7251
f 7253 7217 7252
f 7218 7217 7176
f 7218 7219 7255
f 7178 2063 7219
f 7221 7196 7220
f 7221 7222 7256
f 7191 7223 7230
f 7224 7223 7183
f 7186 7258 7224
f 7187 7259 7225
f 7225 7260 7226
f 7228 7188 7189
f 7228 7263 7262
f 7265 7230 7264
f 7231 7197 7193
f 7222 7234 7256
f 7235 7267 7266
f 7236 7237 7267
f 7266 7201 7235
f 7269 7203 7240
f 7241 7240 7205
f 7241 7242 7270
f 7207 7271 7242
f 7243 7244 7272
f 7246 7244 7210
f 7247 7245 7274
f 7247 7275 7246
f 7245 7277 7274
f 7279 7249 7278
f 7250 7216 7253
f 7251 7250 7280
f 7278 7251 7281
f 7252 7254 7282
f 7252 7283 7253
f 7255 7254 7218
f 7255 2063 2094
f 7256 7233 7221
f 7264 7223 7257
f 7257 7258 7286
f 7287 7226 7260
f 7262 7227 7228
f 7288 7261 7289
f 7291 7263 7290
f 7292 7229 7265
f 7292 7264 7293
f 7234 7232 7256
f 7295 7266 7267
f 7297 7237 7296
f 7238 7294 7296
f 7239 7298 7268
f 7270 7269 7241
f 7270 7301 7300
f 7302 7243 7272
f 7272 7273 7303
f 7305 7273 7246
f 7274 7276 7247
f 7276 7307 7275
f 7277 7306 7274
f 7248 7309 7277
f 7311 7278 7310
f 7253 7280 7250
f 7281 7280 7312
f 7278 7313 7310
f 7252 7314 7284
f 7315 7254 7285
f 7316 7284 7317
f 2094 7285 7255
f 7293 7257 7286
f 7318 7258 7287
f 7319 7260 7288
f 7320 7262 7291
f 7321 7261 7322
f 7292 7290 7263
f 7291 7325 7324
f 7292 7326 7323
f 7294 7328 7327
f 7296 7329 7297
f 7296 7327 7330
f 7268 7331 7299
f 7300 7298 7270
f 7300 7334 7333
f 7302 7303 7335
f 7334 7271 7302
f 7303 7304 7336
f 7338 7304 7305
f 7306 7308 7276
f 7305 7307 7338
f 7340 7307 7308
f 7309 7339 7306
f 7342 7279 7311
f 7312 7283 7316
f 7313 7343 7310
f 7317 7314 7345
f 7315 7314 7282
f 7285 2157 7315
f 7317 7347 7316
f 7326 7286 7318
f 7287 7349 7318
f 7319 7351 7350
f 7352 7291 7324
f 7321 7320 7352
f 7289 7354 7353
f 7355 7290 7323
f 7324 7357 7356
f 7358 7323 7326
f 7360 7327 7328
f 7329 7295 7297
f 7330 7361 7329
f 7330 7359 7362
f 7363 7299 7331
f 7333 7366 7365
f 7335 7334 7302
f 7336 7335 7303
f 7336 7337 7368
f 7370 7337 7338
f 7371 7308 7339
f 7338 7341 7370
f 7373 7341 7340
f 7342 7371 7339
f 7311 7374 7342
f 7376 7316 7347
f 7310 7377 7375
f 7344 7378 7343
f 7380 7344 7313
f 7382 7314 7346
f 7383 7317 7345
f 2157 7346 7315
f 7348 7384 7347
f 7349 7326 7318
f 7350 7349 7319
f 7350 7388 7387
f 7356 7352 7324
f 7353 7351 7289
f 7321 7389 7354
f 7353 7391 7390
f 7325 7392 7357
f 7355 7393 7392
f 7395 7360 7394
f 7361 7328 7329
f 7361 7397 7396
f 7397 7359 7395
f 7398 7332 7363
f 7400 7365 7401
f 7403 7365 7366
f 7367 7366 7335
f 7336 7404 7367
f 7369 7368 7337
f 7369 7407 7406
f 7340 7408 7373
f 7372 7370 7341
f 7372 7410 7409
f 7371 7411 7408
f 7374 7412 7411
f 7347 7413 7376
f 7414 7375 7377
f 7415 7343 7378
f 7416 7379 7417
f 7379 7381 7418
f 7376 7381 7380
f 7382 2195 2231
f 7419 7345 7382
f 7420 7348 7383
f 7385 7421 7384
f 7358 7386 7393
f 7387 7386 7350
f 7424 7387 7388
f 7389 7427 7426
f 7390 7388 7353
f 7426 7354 7389
f 7390 7429 7428
f 7357 7431 7430
f 7392 7432 7431
f 7394 7361 7396
f 7433 7394 7434
f 7397 7435 7396
f 7395 7436 7397
f 7364 7437 7399
f 7363 7401 7398
f 7401 7402 7439
f 7402 7441 7440
f 7404 7403 7367
f 7442 7368 7405
f 7443 7369 7406
f 7406 7445 7444
f 7447 7408 7446
f 7409 7407 7372
f 7409 7449 7448
f 7408 7450 7446
f 7450 7412 7451
f 7384 7452 7413
f 7377 7453 7414
f 7454 7412 7414
f 7456 7417 7455
f 7457 7379 7418
f 7381 7458 7418
f 7382 2271 7419
f 7459 7383 7419
f 7460 7385 7420
f 7462 7422 7461
f 7393 7423 7432
f 7463 7387 7425
f 7465 7425 7424
f 7466 7426 7427
f 7428 7424 7390
f 7467 7391 7426
f 7468 7429 7469
f 7470 7430 7431
f 7470 7432 7472
f 7396 7434 7394
f 7433 7474 7473
f 7476 7436 7475
f 7475 7433 7473
f 7477 7399 7437
f 7439 7398 7401
f 7439 7440 7478
f 7480 7440 7441
f 7442 7441 7404
f 7481 7405 7443
f 7444 7443 7406
f 7446 7483 7447
f 7445 7448 7485
f 7487 7449 7486
f 7483 7410 7447
f 7488 7446 7450
f 7489 7450 7451
f 7490 7421 7462
f 7453 7454 7414
f 7492 7453 7415
f 7494 7417 7457
f 7492 7416 7456
f 2271 7495 7419
f 7496 7420 7459
f 7460 7461 7422
f 7498 7462 7461
f 7472 7423 7463
f 7500 7425 7464
f 7501 7464 7465
f 7466 7471 7503
f 7505 7467 7466
f 7465 7506 7501
f 7429 7504 7469
f 7508 7469 7507
f 7470 7503 7471
f 7472 7509 7470
f 7474 7435 7476
f 7511 7474 7512
f 7475 7513 7476
f 7475 7511 7514
f 7438 7515 2291
f 7439 7516 7437
f 7440 7517 7478
f 7519 7479 7480
f 7481 7480 7442
f 7443 7520 7481
f 7522 7482 7444
f 7523 7448 7487
f 7486 7483 7524
f 7526 7484 7488
f 7488 7527 7526
f 7499 7490 7462
f 7452 7529 7458
f 7491 7493 7530
f 7494 7533 7532
f 7455 7535 7534
f 7456 7536 7492
f 7496 7497 7460
f 7495 7496 7459
f 7541 7497 7540
f 7498 7541 7542
f 7499 7542 7543
f 7510 7463 7500
f 7500 7502 7544
f 7546 7502 7501
f 7503 7505 7466
f 7548 7504 7505
f 7501 7550 7546
f 7469 7549 7507
f 7506 7508 7550
f 7508 7552 7551
f 7547 7509 7553
f 7553 7510 7554
f 7513 7474 7476
f 7555 7511 7512
f 7514 7557 7513
f 7511 7558 7514
f 7515 2332 2291
f 7516 7515 7477
f 7561 7516 7478
f 7517 7563 7562
f 7563 7518 7564
f 7518 7566 7565
f 7566 7481 7520
f 7520 7521 7567
f 7522 7568 7521
f 7485 7522 7444
f 7487 7570 7523
f 7573 7524 7572
f 7524 7525 7572
f 7525 7575 7574
f 7526 7576 7575
f 7577 7489 7578
f 7580 7490 7528
f 7581 7499 7543
f 7530 7584 7583
f 7491 7585 7582
f 7531 7579 7451
f 7532 7535 7494
f 7532 7529 7580
f 7535 7588 7534
f 7534 7537 7455
f 7592 7537 7591
f 7540 7539 7594
f 7539 7538 7593
f 7540 7595 7541
f 7541 7597 7542
f 7543 7597 7598
f 7500 7554 7510
f 7545 7544 7502
f 7545 7601 7600
f 7505 7602 7548
f 7603 7549 7548
f 7605 7546 7550
f 7507 7604 7552
f 7551 7550 7508
f 7551 7607 7606
f 7608 7547 7553
f 7553 7609 7608
f 7555 7513 7557
f 7556 7611 7610
f 7613 7558 7612
f 7612 7556 7610
f 7515 7615 7559
f 7616 7560 7561
f 7561 7562 7616
f 7518 7617 7564
f 7566 7618 7565
f 7567 7568 7620
f 7619 7567 7621
f 7523 7569 7522
f 7570 7623 7622
f 7572 7624 7573
f 7525 7625 7572
f 7574 7627 7626
f 7627 7576 7628
f 7577 7576 7527
f 7577 7631 7630
f 7578 7579 7632
f 7598 7581 7543
f 7583 7635 7634
f 7584 7536 7636
f 7583 7585 7530
f 7582 7639 7638
f 7586 7641 7640
f 7638 7531 7582
f 7589 7587 7642
f 7580 7587 7532
f 7588 7590 7534
f 7645 7589 7635
f 7591 7590 7646
f 7647 7536 7592
f 7591 7648 7592
f 2467 7593 2410
f 7594 7596 7540
f 7593 7594 7539
f 7653 7596 7652
f 7654 7595 7653
f 7598 7654 7655
f 7554 7599 7609
f 7656 7545 7600
f 7600 7658 7657
f 7548 7659 7603
f 7603 7660 7604
f 7662 7601 7605
f 7607 7604 7660
f 7606 7605 7551
f 7607 7663 7606
f 7665 7602 7608
f 7666 7608 7609
f 7613 7555 7557
f 7667 7611 7668
f 7612 7669 7613
f 7616 7672 7615
f 7562 7673 7616
f 7617 7672 7564
f 7565 7675 7617
f 7677 7619 7621
f 7567 7678 7621
f 7679 7568 7680
f 7622 7569 7570
f 7682 7625 7683
f 7683 7574 7626
f 7685 7627 7684
f 7686 7576 7629
f 7630 7629 7577
f 7630 7689 7688
f 7578 7690 7631
f 7633 7691 7581
f 7655 7633 7598
f 7583 7693 7637
f 7645 7584 7636
f 7585 7694 7639
f 7640 7632 7586
f 7641 7696 7695
f 7642 7643 7691
f 7642 7635 7589
f 7644 7646 7590
f 7644 7645 7698
f 7646 7649 7591
f 7698 7636 7647
f 7592 7700 7647
f 7648 7702 7701
f 7703 2467 2521
f 7652 7651 7704
f 7650 7651 7594
f 7705 7652 7706
f 7708 7654 7653
f 7707 7655 7654
f 7609 7656 7666
f 7600 7709 7656
f 7711 7658 7710
f 7659 7661 7603
f 7661 7713 7660
f 7715 7658 7662
f 7660 7664 7607
f 7662 7663 7715
f 7716 7664 7717
f 7718 7659 7665
f 7719 7665 7666
f 7667 7721 7720
f 7723 7670 7722
f 7725 7614 7677
f 7564 7673 7676
f 7678 7728 7621
f 7680 7730 7679
f 7622 7731 7680
f 7734 7682 7683
f 7736 7624 7682
f 7683 7737 7734
f 7738 7684 7739
f 7741 7628 7686
f 7688 7687 7630
f 7688 7744 7743
f 7689 7690 7745
f 7693 7692 7633
f 7637 7655 7694
f 7707 7639 7694
f 7690 7746 7745
f 7747 7695 7696
f 7699 7697 7749
f 7698 7697 7644
f 7751 7699 7752
f 7647 7750 7698
f 7753 7700 7648
f 7701 7756 7755
f 7753 7701 7757
f 7759 7703 2521
f 7706 7760 7705
f 7708 7696 7707
f 7656 7719 7666
f 7657 7761 7709
f 7763 7710 7762
f 7714 7712 7764
f 7714 7765 7713
f 7762 7715 7767
f 7713 7717 7664
f 7716 7715 7663
f 7717 7768 7716
f 7770 7712 7718
f 7718 7771 7770
f 7667 7772 7722
f 7774 7721 7773
f 7776 7721 7668
f 7722 7777 7723
f 8142 10229 8032
f 7724 7725 7778
f 7728 7725 7677
f 7728 7780 7779
f 7678 7781 7729
f 7679 7782 7781
f 7784 7731 7783
f 7785 7623 7681
f 7736 7735 7787
f 7734 7788 7735
f 7736 7786 7733
f 7734 7791 7789
f 7739 7792 7738
f 7740 7684 7628
f 7738 7737 7685
f 7740 7796 7795
f 7686 7797 7741
f 7798 7742 7799
f 7800 7688 7743
f 7744 7748 7743
f 7744 7689 7745
f 7695 7746 7640
f 7744 7745 7746
f 7743 7747 7760
f 7752 7749 7801
f 7802 7697 7750
f 7752 7803 7751
f 7750 7754 7802
f 7757 7754 7753
f 7755 7807 7806
f 7751 7756 7702
f 7755 7757 7701
f 7704 7758 7706
f 7760 7759 7743
f 7760 7708 7705
f 7709 7771 7719
f 7810 7711 7763
f 7812 7762 7811
f 7764 7766 7714
f 7815 7766 7814
f 7811 7767 7816
f 7769 7765 7815
f 7716 7816 7767
f 7769 7817 7768
f 7770 7813 7764
f 7771 7819 7770
f 7772 7774 7821
f 7773 7775 7822
f 7774 7824 7823
f 7775 7723 7777
f 7777 7821 7825
f 7724 7827 7826
f 7828 7779 7780
f 7729 7830 7780
f 7831 7781 7782
f 7782 7784 7832
f 7783 7834 7833
f 7783 2654 7784
f 7785 7786 7835
f 7835 7732 7785
f 7787 7788 7836
f 7787 7790 7736
f 7788 7839 7838
f 7786 7841 7840
f 7789 7842 7839
f 7738 7842 7791
f 7792 7844 7843
f 7740 7793 7739
f 7741 7845 7796
f 7799 7846 7798
f 7800 7848 7742
f 7809 7800 7743
f 7801 7802 7851
f 7804 7801 7852
f 7853 7804 7854
f 7851 7754 7805
f 7855 7757 7808
f 7806 7808 7755
f 7806 7858 7857
f 7853 7756 7803
f 7820 7761 7810
f 7763 7859 7810
f 7811 7860 7812
f 7814 7813 7862
f 7864 7814 7863
f 7816 7861 7811
f 7815 7818 7769
f 7768 7865 7816
f 7866 7818 7867
f 7862 7819 7868
f 7868 7820 7869
f 7870 7774 7823
f 7773 7871 7824
f 7822 7777 7825
f 7823 7873 7872
f 7821 7874 7825
f 7876 7827 7778
f 7780 7878 7828
f 7876 7828 7879
f 7831 7832 7880
f 7830 7881 7878
f 7832 2654 2703
f 2655 7833 2704
f 7833 7835 7882
f 7786 7883 7835
f 7787 7884 7837
f 7836 7838 7885
f 7886 7790 7837
f 7838 7888 7887
f 7889 7840 7841
f 7891 7842 7892
f 7843 7894 7893
f 7895 7793 7795
f 7843 7892 7792
f 7897 7796 7845
f 7797 7846 7845
f 7900 7847 7899
f 7848 7847 7799
f 7849 7901 7848
f 7849 7850 7903
f 7852 7851 7904
f 7852 7854 7804
f 7906 7853 7854
f 7904 7805 7855
f 7808 7908 7855
f 7857 7856 7806
f 7857 7911 7910
f 7907 7807 7853
f 7810 7869 7820
f 7912 7812 7860
f 7861 7913 7860
f 7863 7862 7915
f 7863 7916 7864
f 7914 7865 7918
f 7864 7867 7818
f 7918 7817 7866
f 7920 7867 7919
f 7868 7915 7862
f 7869 7921 7868
f 7870 7872 7923
f 7924 7824 7871
f 7874 7822 7825
f 7925 7872 7873
f 7927 7870 7923
f 7875 7877 7928
f 7879 7877 7876
f 7878 7879 7828
f 7831 7932 7881
f 7878 7933 7931
f 7882 2704 7833
f 7890 7883 7840
f 7837 7935 7886
f 7936 7836 7885
f 7885 7887 7937
f 7841 7938 7889
f 7887 7940 7939
f 7941 7839 7891
f 7889 7942 7890
f 7843 7944 7896
f 7893 7946 7945
f 7947 7844 7895
f 7895 7898 7947
f 7845 7900 7897
f 7949 7898 7897
f 7901 7899 7847
f 7952 7899 7951
f 7902 7950 7901
f 7903 7902 7849
f 7904 7905 7852
f 7854 7956 7906
f 7958 7907 7906
f 7855 7955 7904
f 7908 7909 7959
f 7909 7910 7960
f 7961 7910 7911
f 7957 7858 7907
f 7922 7859 7912
f 7860 7963 7912
f 7964 7914 7965
f 7915 7917 7863
f 7917 7967 7916
f 7918 7965 7914
f 7919 7916 7967
f 7969 7866 7920
f 7970 7920 7919
f 7966 7921 7972
f 7972 7922 7973
f 7924 7874 7927
f 7974 7873 7924
f 7925 7975 7926
f 7923 7977 7927
f 7980 7929 7875
f 7931 7930 7879
f 7881 7982 7933
f 2757 7983 2807
f 7942 7934 7890
f 7886 7986 7938
f 7987 7884 7936
f 7988 7887 7939
f 7938 7943 7889
f 7991 7939 7940
f 7992 7888 7941
f 7891 7993 7941
f 7942 7996 7995
f 7997 7893 7945
f 7945 7999 7998
f 8000 7894 7947
f 7947 7948 8000
f 7900 7949 7897
f 7948 8002 8001
f 7951 7950 8003
f 8003 7953 8004
f 7953 7954 8005
f 7905 8006 7956
f 7956 7958 7906
f 8009 7957 7958
f 7959 7955 7908
f 7960 7959 7909
f 7960 7962 8011
f 8013 7962 7961
f 8014 7957 8008
f 7912 7973 7922
f 8015 7913 7964
f 7965 8016 7964
f 7966 7968 7917
f 8020 7968 8019
f 8017 7969 8021
f 7970 7967 8020
f 7969 7971 8021
f 8023 7971 7970
f 7972 8018 7966
f 7973 8024 7972
f 7924 7977 7974
f 8026 7925 7974
f 8027 7926 7975
f 7976 8028 7975
f 7929 8031 7978
f 8032 7930 7981
f 7933 8033 7981
f 7983 8034 2807
f 8036 7882 7984
f 7995 7985 7942
f 7986 7987 8038
f 8040 7987 7936
f 7939 8041 7988
f 8042 7990 8043
f 7991 8044 7990
f 8046 7940 7992
f 7993 7992 7941
f 7994 8048 7993
f 8050 7995 7996
f 7997 7998 8052
f 8049 7944 7997
f 8053 7998 7999
f 8055 7946 8000
f 8000 8001 8055
f 7949 8056 8002
f 8058 8002 8057
f 8003 8056 7951
f 8004 8059 8003
f 8005 8004 7953
f 8007 8006 8062
f 7958 8063 8009
f 8009 8064 8008
f 8010 8006 7959
f 8011 8010 7960
f 8011 8012 8067
f 8068 8012 8013
f 8014 8013 7961
f 8008 8070 8014
f 7963 8025 7973
f 7964 8071 8015
f 8073 8017 8072
f 8019 8018 8074
f 8019 8075 8020
f 8021 8072 8017
f 8020 8023 7970
f 8021 8022 8077
f 8022 8079 8078
f 8074 8024 8080
f 8080 8025 8081
f 7974 8027 8026
f 8026 8029 7976
f 7975 8083 8027
f 8085 8029 8084
f 8086 7980 7928
f 5165 8030 8088
f 8089 7978 8031
f 8090 7979 8091
f 7981 8092 8032
f 8035 8037 8093
f 8037 8051 8094
f 8038 8039 8095
f 8096 7986 8038
f 8097 8039 8040
f 7988 8097 8040
f 8042 8099 8041
f 8043 8100 8042
f 8102 7990 8044
f 8103 8045 8104
f 8105 7991 8046
f 8046 8047 8106
f 8048 8047 7993
f 8099 8049 8108
f 7996 8109 8050
f 8050 8110 8051
f 8052 8049 7997
f 8054 8052 7998
f 8112 7999 8055
f 8054 8113 8095
f 8055 8058 8112
f 8002 8059 8057
f 8110 8058 8057
f 8057 8060 8110
f 8060 8061 8094
f 8063 8062 8114
f 8115 8009 8063
f 8117 8065 8116
f 8114 8010 8066
f 8066 8067 8118
f 8119 8012 8069
f 8068 8070 8120
f 8121 8068 8122
f 8120 8064 8117
f 8015 8081 8025
f 8016 8123 8071
f 8072 8124 8073
f 8019 8126 8076
f 8077 8125 8072
f 8075 8079 8023
f 8078 8077 8022
f 8079 8129 8078
f 8131 8074 8080
f 8081 8131 8080
f 8026 8083 8082
f 8084 8082 8133
f 8134 8028 8085
f 8084 8135 8085
f 8086 8136 8087
f 8089 8088 8030
f 8090 8141 8140
f 8087 8091 7979
f 8143 8032 8092
f 8094 8093 8037
f 8051 8060 8094
f 8095 8098 8054
f 8113 8038 8095
f 8108 8098 8097
f 8041 8108 8097
f 8100 8048 8099
f 8101 8107 8100
f 8145 8043 8102
f 8146 8044 8103
f 8147 8104 8148
f 8104 8105 8149
f 8046 8150 8105
f 8106 8107 8144
f 8050 8151 8111
f 8053 8151 8113
f 8058 8151 8112
f 8152 8063 8114
f 8116 8115 8153
f 8116 8154 8117
f 8066 8152 8114
f 8118 8119 8156
f 8157 8069 8121
f 8120 8122 8068
f 8159 8122 8160
f 8117 8158 8120
f 8132 8071 8123
f 8161 8073 8124
f 8163 8125 8162
f 8164 8076 8126
f 8162 8127 8165
f 8128 8130 8079
f 8078 8165 8127
f 8130 8167 8129
f 8126 8169 8164
f 8169 8132 8170
f 8082 8134 8133
f 8135 8134 8085
f 8171 8137 8172
f 8139 8138 8174
f 8140 8089 8090
f 8176 8140 8141
f 8141 8136 8171
f 8179 8143 8178
f 8096 8151 8109
f 8180 8101 8145
f 8181 8103 8147
f 8148 8182 8147
f 8148 8149 8184
f 8105 8185 8149
f 8144 8150 8106
f 8115 8186 8153
f 8187 8116 8153
f 8188 8154 8155
f 8156 8152 8118
f 8190 8119 8157
f 8159 8157 8121
f 8160 8158 8192
f 8159 8194 8193
f 8158 8189 8192
f 8123 8170 8132
f 8195 8124 8163
f 8164 8166 8128
f 8162 8198 8197
f 8168 8166 8199
f 8129 8198 8165
f 8201 8168 8200
f 8164 8202 8196
f 8169 8203 8202
f 8204 8172 8205
f 8172 8173 8206
f 8139 8207 8175
f 8174 8140 8177
f 8143 5172 8178
f 8210 8179 8178
f 8180 8213 8212
f 8215 8146 8181
f 8147 8216 8181
f 8182 8218 8217
f 8219 8148 8184
f 8149 8220 8184
f 8150 8212 8185
f 8153 8221 8187
f 8155 8222 8188
f 8224 8189 8188
f 8190 8186 8156
f 8225 8157 8191
f 8193 8191 8159
f 8192 8194 8160
f 8228 8193 8194
f 8189 8227 8192
f 8161 8203 8170
f 8163 8230 8195
f 8231 8166 8196
f 8233 8198 8232
f 8234 8168 8199
f 8232 8167 8201
f 8200 8235 8201
f 8202 8231 8196
f 8238 8202 8203
f 8205 8239 8204
f 8241 8172 8206
f 8207 8208 8175
f 8243 8174 8177
f 8178 8211 8210
f 8209 8247 8246
f 8212 8251 8250
f 8215 8213 8214
f 8181 8252 8215
f 8182 8253 8216
f 8254 8217 8218
f 8183 8256 8218
f 8184 8257 8219
f 8185 8250 8220
f 8187 8258 8222
f 8188 8259 8224
f 8261 8223 8224
f 8225 8221 8190
f 8225 8226 8262
f 8229 8226 8193
f 8194 8264 8228
f 8266 8229 8228
f 8227 8260 8264
f 8238 8195 8230
f 8233 8230 8197
f 8268 8199 8231
f 8232 8269 8233
f 8236 8234 8271
f 8201 8270 8232
f 8236 8272 8235
f 8231 8274 8268
f 8275 8237 8238
f 8277 8239 8240
f 8205 8278 8240
f 8241 8280 8279
f 8208 8281 8244
f 8207 8282 8242
f 8245 8243 8177
f 3037 8284 5175
f 8176 8276 8245
f 8249 8210 8211
f 8285 8247 8286
f 8279 8209 8246
f 8248 8247 8249
f 8288 8250 8251
f 8251 8252 8288
f 8290 8216 8253
f 8218 8291 8254
f 8292 8255 8254
f 8219 8294 8256
f 8220 8289 8257
f 8295 8222 8258
f 8224 8296 8261
f 8260 8298 8297
f 8262 8258 8225
f 8262 8263 8299
f 8265 8263 8229
f 8228 8301 8266
f 8303 8266 8302
f 8264 8297 8301
f 8238 8267 8275
f 8269 8267 8233
f 8305 8234 8268
f 8270 8306 8269
f 8308 8236 8271
f 8270 8272 8307
f 8309 8273 8310
f 8268 8311 8305
f 8274 8312 8311
f 8240 8313 8277
f 8314 8241 8279
f 8284 8281 8315
f 8316 8242 8282
f 5175 8317 3114
f 8318 8285 8286
f 8279 8285 8320
f 8248 8321 8286
f 5178 8322 8287
f 8324 8289 8288
f 8288 8290 8324
f 8325 8253 8326
f 8254 8327 8292
f 8329 8291 8256
f 8330 8293 8331
f 8333 8293 8292
f 8323 8257 8289
f 8334 8259 8295
f 8335 8261 8296
f 8337 8298 8336
f 8295 8299 8334
f 8263 8338 8299
f 8303 8300 8265
f 8302 8301 8340
f 8302 8341 8303
f 8297 8340 8301
f 8275 8304 8343
f 8306 8304 8269
f 8305 8308 8271
f 8346 8306 8307
f 8309 8307 8272
f 8309 8348 8347
f 8311 8345 8305
f 8311 8350 8349
f 8352 8277 8313
f 8278 8353 8313
f 8355 8314 8279
f 8284 8356 8317
f 8315 8358 8357
f 8316 8283 8351
f 8359 3114 8317
f 8319 8320 8285
f 8318 8361 8319
f 8320 8355 8279
f 8364 8287 8322
f 8323 8367 8366
f 8325 8324 8290
f 8330 8325 8326
f 8292 8369 8333
f 8370 8291 8328
f 8366 8328 8329
f 8331 8368 8330
f 8331 8332 8373
f 8332 8375 8374
f 8366 8294 8323
f 8334 8335 8296
f 8377 8298 8335
f 8336 8378 8337
f 8299 8376 8334
f 8380 8300 8339
f 8303 8381 8339
f 8340 8342 8302
f 8384 8342 8383
f 8382 8337 8378
f 8385 8304 8344
f 8345 8310 8308
f 8344 8386 8385
f 8347 8346 8309
f 8347 8388 8387
f 8349 8348 8345
f 8350 8389 8349
f 8351 8358 8316
f 8313 8391 8352
f 8353 8354 8392
f 8363 8354 8355
f 8394 8317 8356
f 8356 8357 8395
f 8396 8357 8358
f 5179 8398 3192
f 8363 8360 8399
f 8400 8360 8319
f 8362 8402 8361
f 8321 8362 8318
f 8322 8404 8364
f 8366 8406 8371
f 8368 8367 8325
f 8407 8333 8369
f 8408 8327 8370
f 8328 8409 8370
f 8406 8372 8410
f 8373 8372 8331
f 8374 8373 8332
f 8413 8374 8375
f 8377 8376 8415
f 8377 8379 8336
f 8379 8417 8378
f 8415 8338 8380
f 8419 8339 8381
f 8341 8420 8381
f 8383 8382 8421
f 8383 8422 8384
f 8378 8421 8382
f 8385 8312 8343
f 8386 8424 8385
f 8387 8386 8347
f 8427 8388 8426
f 8390 8424 8428
f 8396 8352 8391
f 8392 8429 8353
f 8354 8431 8392
f 8399 8393 8363
f 8433 8356 8395
f 8359 8434 8398
f 8395 8397 8435
f 8437 8397 8396
f 8438 3192 8398
f 8399 8401 8439
f 8401 8441 8440
f 8361 8441 8400
f 8442 8403 8443
f 8403 8364 8404
f 8365 8444 8404
f 8410 8371 8406
f 8407 8408 8446
f 8375 8447 8413
f 8448 8370 8409
f 8410 8411 8449
f 8412 8411 8373
f 8414 8412 8374
f 8453 8414 8413
f 8416 8415 8454
f 8418 8416 8455
f 8456 8418 8457
f 8454 8380 8419
f 8381 8458 8419
f 8459 8384 8422
f 8421 8423 8383
f 8462 8423 8461
f 8460 8417 8456
f 8428 8425 8463
f 8387 8463 8425
f 8464 8388 8389
f 8426 8465 8427
f 8468 8428 8467
f 8391 8437 8396
f 8437 8430 8469
f 8470 8392 8431
f 8471 8393 8432
f 8399 8472 8432
f 8433 8435 8473
f 8474 8394 8433
f 8398 8475 8438
f 8435 8436 8476
f 8477 8437 8469
f 8440 8439 8401
f 8440 8481 8480
f 8441 8442 8481
f 8482 8443 8483
f 8404 8443 8403
f 8405 8484 8444
f 8409 8449 8448
f 8446 8447 8407
f 8446 8448 8487
f 8447 8453 8413
f 8449 8450 8489
f 8451 8450 8412
f 8452 8451 8414
f 8452 8493 8492
f 8454 8455 8416
f 8455 8457 8418
f 8496 8457 8497
f 8419 8494 8454
f 8498 8420 8459
f 8499 8422 8462
f 8461 8460 8500
f 8501 8462 8461
f 8496 8460 8456
f 8503 8428 8463
f 8504 8427 8465
f 8464 8466 8426
f 8466 8506 8465
f 8464 8468 8505
f 8509 8468 8467
f 8430 8510 8469
f 8431 8511 8470
f 8512 8432 8472
f 8472 8479 8513
f 8473 8474 8433
f 8515 8435 8476
f 8474 8475 8434
f 8438 8517 8478
f 8518 8436 8477
f 8469 8519 8477
f 8480 8479 8440
f 8522 8480 8481
f 8524 8442 8482
f 8483 8525 8482
f 8483 8444 8484
f 8445 8527 8484
f 8487 8449 8489
f 8486 8488 8447
f 8487 8486 8446
f 8531 8453 8488
f 8489 8490 8532
f 8491 8490 8451
f 8492 8491 8452
f 8535 8492 8493
f 8494 8495 8455
f 8497 8495 8538
f 8497 8539 8496
f 8537 8458 8498
f 8459 8541 8498
f 8499 8502 8542
f 8543 8461 8500
f 8544 8502 8501
f 8539 8500 8496
f 8503 8509 8467
f 8465 8547 8504
f 8505 8507 8466
f 8549 8507 8550
f 8508 8505 8468
f 8508 8552 8551
f 8553 8470 8511
f 8554 8471 8512
f 8472 8555 8512
f 8521 8513 8479
f 8514 8516 8474
f 8558 8473 8515
f 8476 8559 8515
f 8517 8516 8560
f 8517 8520 8478
f 8477 8562 8518
f 8563 8510 8553
f 8523 8521 8480
f 8567 8523 8522
f 8482 8568 8524
f 8570 8525 8526
f 8484 8526 8483
f 8571 8485 8528
f 8489 8530 8487
f 8574 8529 8573
f 8530 8529 8486
f 8531 8535 8493
f 8532 8533 8577
f 8533 8534 8578
f 8536 8534 8492
f 8535 8580 8536
f 8538 8537 8582
f 8583 8497 8538
f 8540 8584 8539
f 8582 8498 8541
f 8499 8586 8541
f 8542 8545 8587
f 8501 8588 8544
f 8544 8589 8545
f 8539 8588 8543
f 8546 8552 8509
f 8504 8546 8503
f 8592 8506 8549
f 8507 8593 8550
f 8594 8550 8595
f 8551 8548 8508
f 8551 8597 8596
f 8511 8598 8553
f 8599 8512 8555
f 8555 8556 8600
f 8565 8556 8521
f 8515 8602 8558
f 8518 8603 8559
f 8560 8561 8517
f 8561 8564 8520
f 8606 8519 8563
f 8553 8607 8563
f 8566 8565 8523
f 8566 8611 8610
f 8524 8567 8522
f 8568 8569 8612
f 8569 8614 8613
f 8527 8570 8526
f 8615 8528 8572
f 8577 8530 8532
f 8573 8575 8616
f 8573 8617 8574
f 8535 8619 8581
f 8574 8576 8531
f 8578 8577 8533
f 8578 8579 8621
f 8622 8536 8580
f 8624 8581 8623
f 8582 8583 8538
f 8585 8583 8626
f 8627 8585 8628
f 8541 8625 8582
f 8629 8542 8587
f 8545 8630 8587
f 8590 8588 8631
f 8633 8590 8632
f 8631 8584 8627
f 8552 8634 8597
f 8547 8591 8546
f 8635 8549 8594
f 8595 8593 8636
f 8595 8637 8594
f 8596 8593 8551
f 8640 8597 8639
f 8641 8554 8599
f 8555 8642 8599
f 8600 8601 8643
f 8644 8565 8609
f 8558 8645 8557
f 8646 8559 8603
f 8647 8562 8606
f 8604 8605 8561
f 8560 8649 8604
f 8564 8650 8608
f 8563 8651 8606
f 8652 8598 8641
f 5189 8608 8653
f 8610 8609 8566
f 8610 8656 8655
f 8567 8612 8611
f 8613 8612 8569
f 8613 8659 8658
f 8571 8614 8570
f 3441 8615 8572
f 8616 8577 8620
f 8616 8618 8573
f 8662 8618 8663
f 8619 8623 8581
f 8619 8617 8662
f 8578 8665 8620
f 8666 8579 8622
f 8580 8667 8622
f 8623 8668 8624
f 8626 8625 8670
f 8626 8628 8585
f 8628 8672 8627
f 8670 8586 8629
f 8674 8587 8630
f 8675 8589 8633
f 8631 8632 8590
f 8677 8632 8678
f 8627 8676 8631
f 8639 8634 8679
f 8634 8592 8635
f 8681 8635 8594
f 8636 8638 8595
f 8684 8638 8683
f 8682 8596 8640
f 8639 8685 8640
f 8599 8687 8641
f 8688 8600 8643
f 8689 8601 8644
f 8690 8609 8654
f 8691 8603 8647
f 8606 8692 8647
f 8605 8693 8650
f 8649 8648 8604
f 8608 8695 8653
f 8651 8652 8696
f 8641 8697 8652
f 8655 8654 8610
f 8655 8701 8700
f 8611 8657 8656
f 8658 8657 8613
f 8658 8704 8703
f 8660 8614 8615
f 8660 3487 8705
f 8620 8661 8616
f 8661 8663 8618
f 8663 8708 8662
f 8669 8664 8710
f 8662 8664 8619
f 8711 8621 8666
f 8622 8712 8666
f 8713 8624 8668
f 8714 8669 8715
f 8671 8670 8716
f 8717 8628 8671
f 8719 8673 8718
f 8674 8670 8629
f 8630 8720 8674
f 8721 8633 8677
f 8678 8676 8722
f 8677 8724 8723
f 8722 8672 8719
f 8679 8686 8639
f 8635 8679 8634
f 8680 8727 8726
f 8683 8682 8728
f 8637 8727 8681
f 8730 8684 8683
f 8731 8682 8640
f 8686 8732 8685
f 8687 8688 8734
f 8735 8643 8689
f 8644 8736 8689
f 8699 8690 8654
f 8739 8647 8692
f 8692 8696 8740
f 8741 8650 8693
f 8742 8648 8694
f 8649 8743 8694
f 8744 8653 8695
f 8697 8734 8745
f 5192 8698 8746
f 8700 8699 8655
f 8748 8700 8701
f 8656 8702 8701
f 8703 8702 8658
f 8703 8752 8751
f 8705 8659 8660
f 8706 8705 3487
f 8665 8707 8661
f 8709 8707 8754
f 8756 8709 8755
f 8664 8756 8710
f 8710 8715 8669
f 8666 8758 8711
f 8759 8667 8713
f 8760 8668 8714
f 8714 8762 8761
f 8716 8717 8671
f 8718 8717 8764
f 8718 8765 8719
f 8674 8763 8716
f 8767 8675 8721
f 8677 8768 8721
f 8769 8678 8722
f 8723 8771 8770
f 8719 8769 8722
f 8725 8733 8686
f 8679 8726 8725
f 8726 8774 8773
f 8728 8730 8683
f 8774 8684 8729
f 8777 8729 8730
f 8728 8778 8775
f 8731 8732 8778
f 8780 8733 8779
f 8735 8734 8688
f 8689 8782 8735
f 8783 8690 8737
f 8747 8737 8699
f 8785 8692 8740
f 8786 8691 8739
f 8740 8788 8787
f 8741 8742 8789
f 8695 8790 8744
f 8791 8743 8792
f 8793 8698 8744
f 8745 8781 8795
f 8745 8794 8697
f 8749 8747 8700
f 8701 8750 8748
f 8800 8749 8748
f 8751 8750 8703
f 8752 8802 8751
f 8704 8753 8752
f 8706 8804 8753
f 8754 8711 8758
f 8755 8754 8805
f 8807 8755 8806
f 8756 8757 8710
f 8762 8757 8808
f 8809 8712 8759
f 8810 8713 8760
f 8714 8811 8760
f 8813 8761 8762
f 8763 8764 8717
f 8764 8766 8718
f 8816 8766 8817
f 8720 8814 8763
f 8818 8721 8768
f 8768 8770 8819
f 8820 8724 8769
f 8770 8822 8821
f 8765 8820 8769
f 8779 8772 8823
f 8725 8773 8772
f 8824 8774 8825
f 8775 8777 8730
f 8776 8774 8729
f 8776 8828 8827
f 8826 8778 8829
f 8829 8732 8780
f 8831 8780 8779
f 8782 8781 8735
f 8833 8736 8783
f 8834 8737 8784
f 8798 8784 8747
f 8785 8787 8836
f 8837 8739 8785
f 8738 8792 8743
f 8839 8787 8788
f 8789 8790 8741
f 8789 8791 8841
f 8744 8842 8793
f 8792 8841 8791
f 8746 8844 8797
f 8795 8796 8745
f 8832 8795 8781
f 8788 8796 8839
f 8799 8798 8749
f 8748 8801 8800
f 8849 8799 8800
f 8851 8751 8802
f 8852 8803 8853
f 8803 8753 8804
f 8804 3633 8854
f 8758 8805 8754
f 8806 8805 8855
f 8806 8856 8807
f 8856 8757 8807
f 8813 8808 8858
f 8759 8859 8809
f 8860 8760 8811
f 8761 8861 8811
f 8863 8813 8862
f 8815 8814 8864
f 8766 8865 8817
f 8867 8817 8866
f 8864 8767 8818
f 8819 8818 8768
f 8821 8819 8770
f 8771 8870 8822
f 8821 8872 8871
f 8823 8831 8779
f 8823 8773 8824
f 8874 8825 8875
f 8876 8777 8826
f 8875 8776 8827
f 8827 8878 8877
f 8879 8826 8829
f 8829 8830 8879
f 8880 8831 8881
f 8833 8832 8782
f 8883 8783 8834
f 8834 8835 8884
f 8848 8835 8798
f 8785 8886 8837
f 8838 8836 8787
f 8843 8786 8837
f 8888 8838 8839
f 8840 8890 8790
f 8840 8841 8892
f 8893 8793 8842
f 8892 8843 8894
f 8844 8847 8797
f 8839 8845 8888
f 8845 8846 8896
f 8846 8882 8897
f 8850 8848 8799
f 8849 8801 8851
f 8901 8850 8849
f 8902 8802 8852
f 8853 8903 8852
f 8804 8853 8803
f 8809 8855 8805
f 8855 8857 8806
f 8857 8907 8856
f 8858 8856 8907
f 8858 8862 8813
f 8910 8810 8860
f 8811 8911 8860
f 8912 8812 8863
f 8914 8862 8913
f 8864 8865 8815
f 8817 8916 8866
f 8867 8870 8816
f 8866 8918 8867
f 8868 8864 8818
f 8869 8868 8819
f 8871 8869 8821
f 8822 8917 8872
f 8872 8922 8871
f 8873 8881 8831
f 8873 8824 8874
f 8874 8926 8925
f 8927 8828 8876
f 8875 8877 8926
f 8928 8877 8878
f 8876 8930 8927
f 8880 8879 8830
f 8881 8931 8880
f 8833 8933 8882
f 8934 8834 8884
f 8884 8885 8935
f 8885 8899 8936
f 8837 8894 8843
f 8937 8836 8887
f 8887 8889 8938
f 8940 8889 8888
f 8941 8891 8942
f 8892 8891 8840
f 8944 8844 8893
f 8893 8890 8941
f 8894 8943 8892
f 8898 8895 8946
f 8888 8896 8940
f 8897 8933 8947
f 8900 8899 8850
f 8851 8901 8849
f 8950 8900 8901
f 8903 8902 8852
f 8953 8903 8904
f 8854 8904 8853
f 8906 8859 8910
f 8906 8908 8857
f 8907 8958 8957
f 8907 8909 8858
f 8913 8909 8959
f 8860 8960 8910
f 8961 8861 8912
f 8962 8863 8914
f 8964 8914 8913
f 8916 8915 8965
f 8866 8966 8919
f 8867 8967 8917
f 8968 8919 8969
f 8965 8868 8920
f 8921 8920 8869
f 8922 8921 8871
f 8872 8967 8923
f 8972 8922 8923
f 8932 8924 8973
f 8925 8873 8874
f 8974 8925 8926
f 8975 8878 8927
f 8926 8929 8974
f 8977 8929 8928
f 8927 8978 8975
f 8880 8978 8930
f 8932 8979 8931
f 8981 8883 8934
f 8934 8935 8982
f 8935 8936 8983
f 8899 8984 8936
f 8945 8886 8937
f 8937 8938 8985
f 8938 8939 8986
f 8939 8988 8987
f 8943 8942 8891
f 8944 8941 8990
f 8991 8895 8944
f 8989 8945 8992
f 8948 8946 8993
f 8896 8988 8940
f 8933 8995 8947
f 8951 8949 8900
f 8901 8952 8950
f 8950 8998 8951
f 8952 8954 9000
f 8953 8905 8955
f 8954 9002 9001
f 8910 8956 8906
f 9004 8908 8956
f 9005 8958 9006
f 8909 9005 8959
f 8964 8959 9007
f 8911 9008 8960
f 8961 8962 9009
f 8914 9010 8962
f 9011 8963 8964
f 8965 8966 8916
f 8919 9015 9014
f 8968 9016 8972
f 8920 9013 8965
f 8970 8971 9017
f 8972 8967 8968
f 9017 8972 9016
f 8980 8973 9018
f 9019 8973 8974
f 8928 9020 8977
f 8974 8976 9019
f 8976 9022 9021
f 9020 8978 9023
f 9023 8931 8979
f 8979 9025 9024
f 9026 8934 8982
f 8982 8983 9027
f 8936 9028 8983
f 8997 8984 8949
f 8937 8992 8945
f 8986 8985 8938
f 8986 8987 9031
f 8988 9032 8987
f 9034 8989 9035
f 9036 8944 8990
f 8946 9037 8993
f 9035 8992 9038
f 8993 8996 8948
f 9033 8994 9040
f 8947 9040 8994
f 9041 8981 9026
f 8998 8997 8951
f 8950 9000 8999
f 8998 9045 9044
f 9000 9001 9046
f 9002 8955 9003
f 9002 9047 9001
f 8960 9004 8956
f 9006 9004 9049
f 9051 9006 9050
f 8959 9051 9007
f 9007 9011 8964
f 9053 8961 9009
f 9009 9010 9054
f 8963 9055 9010
f 9012 9057 9056
f 9015 9013 9058
f 9015 9059 9014
f 9061 8969 9014
f 9017 9061 9062
f 9063 8980 9018
f 9063 9019 9064
f 9065 8977 9020
f 9021 9019 8976
f 9022 9066 9021
f 9023 9065 9020
f 9023 9024 9068
f 9024 9070 9069
f 8983 9071 9027
f 9072 8984 9029
f 9029 9043 9073
f 8985 9038 8992
f 9031 9030 8986
f 9031 9032 9075
f 9076 9033 9077
f 9078 9034 9035
f 8991 9080 9037
f 9039 9037 9081
f 9035 9082 9078
f 9042 9039 9083
f 9077 9040 9084
f 9084 8995 9041
f 9026 9085 9041
f 9042 3881 3834
f 9043 9044 9087
f 9046 8999 9000
f 9044 9089 9088
f 9046 9047 9090
f 9048 9003 3882
f 9091 9048 9092
f 9004 9053 9049
f 9093 9006 9049
f 9095 9051 9050
f 9051 9052 9007
f 9052 9057 9011
f 9009 9097 9053
f 9098 9010 9055
f 9099 9012 9056
f 9101 9057 9100
f 9017 9058 9013
f 9102 9015 9058
f 9103 9060 9104
f 9105 9061 9014
f 9062 9106 9107
f 9108 9025 9063
f 9064 9109 9063
f 9111 9022 9065
f 9021 9110 9064
f 9066 9113 9112
f 9065 9114 9111
f 9069 9068 9024
f 9069 9116 9115
f 9071 9085 9027
f 9118 9028 9072
f 9072 9073 9119
f 9073 9087 9120
f 9030 9082 9038
f 9075 9074 9031
f 9122 9032 9076
f 9077 9123 9076
f 9079 9036 9034
f 9078 9125 9079
f 9037 9127 9081
f 9081 9083 9039
f 9078 9129 9126
f 9083 9086 9042
f 9124 9084 9131
f 9131 9041 9085
f 3881 9132 3927
f 9088 9087 9044
f 9090 9045 9046
f 9088 9135 9134
f 9047 9136 9090
f 3928 9048 3882
f 9053 9093 9049
f 9050 9137 9095
f 9095 9138 9094
f 9096 9094 9138
f 9100 9096 9140
f 9141 9054 9098
f 9055 9142 9098
f 9056 9143 9099
f 9144 9100 9145
f 9107 9058 9062
f 9146 9060 9102
f 9104 9147 9103
f 9059 9149 9105
f 9149 9106 9105
f 9150 9107 9106
f 9152 9070 9108
f 9154 9110 9153
f 9155 9067 9111
f 9153 9066 9112
f 9113 9156 9112
f 9111 9158 9155
f 9115 9114 9069
f 9115 9160 9159
f 9131 9117 9161
f 9118 9117 9071
f 9119 9118 9072
f 9120 9119 9073
f 9120 9133 9164
f 9129 9074 9121
f 9165 9075 9122
f 9076 9166 9122
f 9124 9167 9123
f 9125 9080 9079
f 9126 9169 9125
f 9127 9128 9081
f 9128 9130 9083
f 9170 9129 9173
f 9174 9086 9130
f 9131 9168 9124
f 3927 9175 3973
f 9134 9133 9088
f 9090 9135 9089
f 9134 9178 9177
f 9091 9179 9136
f 5197 9092 3928
f 9097 9137 9093
f 9137 9139 9095
f 9139 9183 9138
f 9140 9138 9183
f 9185 9100 9140
f 9098 9186 9141
f 9142 9143 9187
f 9144 9143 9101
f 9145 9189 9144
f 9107 9191 9102
f 9192 9104 9146
f 9149 9147 9193
f 9195 9148 9194
f 9193 9150 9149
f 9196 9151 9150
f 9152 9109 9154
f 9160 9152 9198
f 9153 9199 9154
f 9201 9113 9155
f 9112 9200 9153
f 9159 9158 9115
f 9160 9203 9159
f 9162 9161 9117
f 9164 9163 9120
f 9164 9176 9207
f 9173 9121 9165
f 9208 9122 9166
f 9123 9209 9166
f 9167 9161 9210
f 9125 9171 9127
f 9170 9211 9169
f 9171 9172 9128
f 9174 9172 9214
f 9212 9173 9215
f 9175 9174 9216
f 9217 3973 9175
f 9177 9176 9134
f 9178 9136 9179
f 9178 9219 9177
f 9179 9222 9221
f 9182 9141 9186
f 9184 9182 9225
f 9226 9184 9227
f 9185 9183 9226
f 9185 9190 9145
f 9229 9142 9187
f 9188 9187 9143
f 9189 9188 9144
f 9189 9233 9232
f 9234 9151 9197
f 9235 9148 9192
f 9191 9192 9146
f 9147 9236 9193
f 9195 9238 9237
f 9236 9196 9193
f 9197 9239 9240
f 9160 9241 9204
f 9199 9198 9154
f 9200 9242 9199
f 9244 9157 9201
f 9156 9243 9200
f 9159 9244 9202
f 9247 9203 9204
f 9205 9210 9161
f 9250 9163 9206
f 9207 9206 9164
f 9176 9252 9207
f 9215 9165 9208
f 9166 9253 9208
f 9254 9167 9210
f 9169 9213 9171
f 9255 9212 9256
f 9213 9214 9172
f 9216 9214 9258
f 9215 9256 9212
f 9260 9175 9216
f 9177 9262 9218
f 9179 9220 9178
f 9263 9220 9264
f 9265 9222 9224
f 9222 9223 9224
f 9229 9182 9186
f 9266 9184 9225
f 9268 9227 9267
f 9185 9268 9228
f 9190 9269 9233
f 9187 9270 9229
f 9271 9188 9231
f 9231 9232 9272
f 9232 9274 9273
f 9240 9234 9197
f 9194 9276 9238
f 9234 9235 9192
f 9277 9195 9237
f 9237 9279 9278
f 9280 9236 9277
f 9240 9280 9281
f 9247 9241 9282
f 9241 9242 9282
f 9284 9243 9283
f 9245 9286 9285
f 9203 9286 9244
f 9287 9247 9288
f 9210 9289 9254
f 9250 9251 9290
f 9248 9250 9289
f 9207 9291 9251
f 9208 9259 9215
f 9292 9209 9254
f 9257 9211 9255
f 9256 9293 9255
f 9258 9257 9295
f 9260 9258 9296
f 9297 9256 9259
f 9298 9217 9260
f 9300 9219 9263
f 9263 9302 9301
f 9266 9229 9270
f 9303 9227 9266
f 9305 9268 9267
f 9228 9304 9269
f 9233 9306 9274
f 9307 9230 9271
f 9271 9272 9308
f 9273 9272 9232
f 9311 9274 9310
f 9312 9240 9281
f 9279 9276 9313
f 9276 9275 9312
f 9237 9314 9277
f 9316 9278 9279
f 9277 9317 9280
f 9280 9318 9281
f 9282 9288 9247
f 9242 9319 9282
f 9285 9283 9243
f 9322 9283 9321
f 9285 9323 9320
f 9323 9246 9287
f 9288 9324 9287
f 9254 9326 9292
f 9289 9290 9326
f 9251 9327 9290
f 9328 9291 9252
f 9297 9292 9330
f 9255 9295 9257
f 9294 9331 9293
f 9295 9296 9258
f 9296 9298 9260
f 9330 9294 9297
f 9261 9335 9299
f 9337 9300 9338
f 9263 9339 9300
f 9302 9340 9301
f 9270 9303 9266
f 9303 9305 9267
f 9344 9304 9305
f 9345 9269 9304
f 9310 9306 9346
f 9308 9307 9271
f 9272 9348 9308
f 9311 9309 9273
f 9310 9350 9311
f 9352 9281 9318
f 9313 9312 9352
f 9313 9316 9279
f 9315 9314 9278
f 9315 9356 9355
f 9357 9314 9354
f 9358 9317 9357
f 9319 9325 9288
f 9359 9284 9322
f 9360 9283 9320
f 9321 9361 9322
f 9320 9363 9360
f 9287 9363 9323
f 9364 9325 9365
f 9292 9366 9330
f 9367 9291 9329
f 9329 9337 9368
f 9293 9333 9295
f 9332 9369 9331
f 9296 9371 9334
f 9372 9298 9334
f 9330 9370 9332
f 9299 9373 9336
f 9300 9375 9338
f 9368 9338 9376
f 9341 9301 9340
f 9342 9341 4143
f 9343 9307 9347
f 9305 9378 9344
f 9345 9380 9379
f 9346 9345 9379
f 9346 9351 9310
f 9348 9347 9308
f 9348 9349 9383
f 9384 9311 9350
f 9385 9351 9386
f 9318 9387 9352
f 9352 9353 9313
f 9388 9316 9353
f 9389 9315 9355
f 9355 9391 9390
f 9354 9392 9357
f 9357 9393 9358
f 9359 9365 9325
f 9322 9394 9359
f 9395 9321 9360
f 9362 9396 9361
f 9360 9398 9395
f 9398 9324 9364
f 9364 9400 9399
f 9367 9368 9402
f 9403 9327 9367
f 9331 9371 9333
f 9404 9370 9403
f 9371 9372 9334
f 9406 9335 9372
f 9403 9366 9401
f 9407 9336 9373
f 9375 9376 9338
f 9377 9339 9341
f 9376 9402 9368
f 9374 9377 9342
f 9382 9343 9347
f 9410 9344 9378
f 9379 9412 9411
f 9379 9381 9346
f 9381 9386 9351
f 9348 9414 9382
f 9384 9383 9349
f 9350 9416 9384
f 9386 9417 9385
f 9393 9387 9358
f 9353 9419 9388
f 9420 9356 9388
f 9421 9355 9390
f 9423 9391 9422
f 9424 9389 9421
f 9425 9392 9424
f 9365 9426 9400
f 9396 9394 9361
f 9397 9395 9427
f 9397 9428 9396
f 9427 9398 9430
f 9398 9399 9430
f 9399 9432 9431
f 9402 9403 9367
f 9369 9405 9371
f 9406 9405 9409
f 9373 9408 9407
f 9406 9376 9408
f 9407 9375 9377
f 9404 9409 9405
f 9378 9414 9410
f 9433 9380 9410
f 9411 9435 9434
f 9411 9413 9381
f 9413 9418 9386
f 9414 9415 9437
f 9384 9438 9415
f 9439 9385 9417
f 9418 9440 9417
f 9425 9419 9393
f 9388 9442 9420
f 9391 9443 9422
f 9390 9444 9421
f 9446 9422 9445
f 9421 9447 9424
f 9424 9448 9425
f 9400 9449 9432
f 9428 9426 9396
f 9429 9427 9450
f 9451 9429 9452
f 9427 9453 9450
f 9431 9430 9399
f 9431 9455 9454
f 9414 9433 9410
f 9412 9456 9435
f 9457 9434 9435
f 9458 9413 9434
f 9418 9459 9441
f 9437 9438 9460
f 9461 9416 9439
f 9417 9462 9439
f 9463 9440 9441
f 9466 9442 9425
f 9443 9442 9465
f 9445 9443 9467
f 9468 9423 9446
f 9470 9446 9445
f 9471 9444 9468
f 9447 9472 9448
f 9449 9455 9432
f 9473 9428 9451
f 9450 9452 9429
f 9476 9452 9475
f 9454 9453 9431
f 9478 9455 9477
f 9460 9433 9437
f 9435 9479 9457
f 9481 9458 9457
f 9480 9436 9458
f 9463 9459 9482
f 9461 9460 9438
f 9439 9484 9461
f 9462 9464 9485
f 9464 9487 9486
f 9465 9489 9488
f 9465 9467 9443
f 9467 9470 9445
f 9468 9469 9491
f 9493 9469 9470
f 9491 9471 9468
f 9472 9466 9448
f 9472 9494 9495
f 9477 9473 9496
f 9496 9451 9476
f 9475 9474 9497
f 9498 9475 9499
f 9497 9454 9478
f 9501 9477 9500
f 9483 9456 9460
f 9457 9502 9481
f 9503 9481 9504
f 9482 9480 9503
f 9482 9487 9463
f 9461 9506 9483
f 9484 9485 9507
f 9486 9485 9464
f 9486 9510 9509
f 9511 9489 9512
f 9490 9488 9511
f 9470 9513 9493
f 9491 9492 9514
f 9492 9516 9515
f 9514 9494 9491
f 9489 9495 9512
f 9495 9517 9518
f 9500 9496 9519
f 9519 9476 9498
f 9497 9499 9475
f 9499 9521 9498
f 9478 9520 9497
f 9524 9501 9500
f 9483 9502 9479
f 9525 9481 9502
f 9504 9526 9503
f 9503 9505 9482
f 9505 9510 9487
f 9506 9507 9529
f 9507 9508 9530
f 9509 9508 9486
f 9532 9510 9533
f 9534 9511 9512
f 9535 9490 9511
f 9536 9513 9537
f 9514 9515 9538
f 9515 9540 9539
f 9514 9541 9517
f 9512 9518 9534
f 9518 9541 9542
f 9500 9543 9524
f 9498 9543 9519
f 9522 9520 9544
f 9522 9545 9521
f 9501 9544 9520
f 9523 9548 9547
f 9502 9529 9525
f 9525 9527 9504
f 9527 9550 9526
f 9526 9528 9505
f 9533 9528 9552
f 9529 9530 9553
f 9530 9531 9554
f 9532 9531 9509
f 9532 9556 9555
f 9558 9535 9534
f 9537 9535 9557
f 9536 9560 9559
f 9515 9561 9538
f 9563 9539 9540
f 9559 9516 9536
f 9561 9541 9538
f 9534 9542 9558
f 9564 9542 9541
f 9566 9524 9543
f 9521 9566 9543
f 9544 9546 9522
f 9568 9545 9546
f 9547 9544 9523
f 9571 9547 9548
f 9525 9553 9549
f 9549 9551 9527
f 9574 9551 9573
f 9528 9574 9552
f 9552 9556 9533
f 9554 9553 9530
f 9554 9555 9577
f 9577 9556 9578
f 9558 9579 9557
f 9579 9537 9557
f 9581 9559 9560
f 9561 9562 9583
f 9584 9563 9585
f 9582 9540 9559
f 9564 9583 9586
f 9565 9558 9542
f 9565 9586 9587
f 9588 9548 9566
f 9566 9569 9588
f 9546 9589 9568
f 9569 9591 9590
f 9570 9567 9547
f 9593 9571 9592
f 9549 9576 9572
f 9573 9572 9594
f 9574 9575 9552
f 9595 9556 9575
f 9577 9597 9596
f 9598 9580 9599
f 9581 9579 9598
f 9600 9581 9601
f 9602 9562 9584
f 9585 9603 9584
f 9585 9582 9600
f 9605 9583 9602
f 9599 9565 9587
f 9586 9606 9587
f 9571 9607 9592
f 9590 9588 9569
f 9608 9568 9589
f 9591 9609 9590
f 9589 9593 9608
f 9612 9576 9611
f 9594 9575 9573
f 9594 9612 9613
f 9578 9614 9597
f 9615 9596 9597
f 9611 9577 9596
f 9617 9598 9599
f 9581 9618 9601
f 9620 9601 9619
f 9584 9621 9602
f 9623 9604 9622
f 9600 9604 9585
f 9624 9602 9621
f 9606 9599 9587
f 9624 9606 9605
f 9590 9626 9607
f 9627 9610 9628
f 9611 9630 9612
f 9614 9594 9613
f 9632 9612 9630
f 9597 9633 9615
f 9611 9616 9631
f 9635 9616 9615
f 9637 9618 9617
f 9601 9636 9619
f 9619 9638 9620
f 9621 9623 9640
f 9622 9620 9638
f 9641 9623 9622
f 9624 9640 9643
f 9617 9625 9637
f 9643 9625 9624
f 9627 9647 9646
f 9629 9628 9610
f 9649 9630 9631
f 9632 9614 9613
f 9632 9650 9651
f 9633 9635 9615
f 9634 9631 9616
f 9653 9634 9635
f 9655 9636 9637
f 9638 9657 9656
f 9640 9642 9658
f 9656 9622 9638
f 9659 9642 9641
f 9643 9658 9661
f 9644 9637 9625
f 9662 9643 9661
f 9663 9646 9664
f 9666 9646 9647
f 9668 9628 9648
f 9670 9650 9649
f 9632 9652 9633
f 9650 9671 9651
f 9653 9652 9672
f 9654 9649 9634
f 9674 9654 9653
f 9675 9639 9655
f 9656 9677 9676
f 9660 9658 9642
f 9676 9641 9656
f 9679 9658 9678
f 9662 9655 9644
f 9661 9680 9662
f 9663 9648 9645
f 9663 9626 9627
f 9664 9681 9663
f 9664 9665 9683
f 9665 9685 9684
f 9667 9687 9686
f 9670 9688 9669
f 9651 9672 9652
f 9690 9669 9688
f 9653 9691 9674
f 9673 9670 9654
f 9673 9693 9692
f 9657 9694 9677
f 9677 9695 9676
f 9697 9660 9698
f 9659 9695 9698
f 9699 9678 9697
f 9662 9694 9675
f 9679 9700 9680
f 9682 9668 9681
f 9664 9701 9682
f 9702 9665 9684
f 9684 9704 9703
f 9706 9666 9705
f 9687 9707 9686
f 9688 9709 9708
f 9691 9671 9690
f 9710 9688 9708
f 9674 9711 9693
f 9692 9689 9673
f 9694 9696 9677
f 9713 9695 9696
f 9697 9716 9715
f 9698 9714 9716
f 9715 9699 9697
f 9680 9712 9694
f 9717 9700 9699
f 9687 9701 9705
f 9719 9683 9702
f 9703 9702 9684
f 9704 9721 9703
f 9705 9719 9706
f 9708 9724 9723
f 9725 9691 9690
f 9726 9708 9723
f 9711 9727 9693
f 9729 9709 9692
f 9713 9712 9730
f 9716 9731 9715
f 9731 9717 9715
f 9700 9730 9712
f 9733 9718 9717
f 9720 9719 9702
f 9720 9721 9736
f 9721 9737 9736
f 9719 9739 9706
f 9741 9724 9740
f 9742 9711 9725
f 9743 9723 9741
f 9742 9710 9726
f 9745 9728 9744
f 9724 9746 9740
f 9730 9747 9713
f 9748 9732 9749
f 9748 9733 9731
f 9734 9750 9751
f 9736 9735 9720
f 9737 9738 9752
f 9753 9741 9740
f 9744 9742 9755
f 9726 9755 9742
f 9754 9743 9741
f 9758 9744 9757
f 9740 9759 9753
f 9751 9747 9734
f 9748 9762 9761
f 9749 9747 9760
f 9763 9748 9761
f 9751 9763 9764
f 9766 9754 9753
f 9767 9744 9755
f 9767 9743 9756
f 9756 9765 9768
f 9745 9770 9769
f 9772 9758 9757
f 9753 9773 9766
f 9769 9759 9746
f 9751 9774 9760
f 9762 9775 9761
f 9760 9762 9749
f 9761 9777 9763
f 9778 9763 9777
f 9766 9779 9765
f 9781 9757 9767
f 9767 9768 9781
f 9768 9779 9782
f 9758 9783 9770
f 9771 9785 9784
f 9773 9780 9766
f 9759 9783 9773
f 9787 9764 9778
f 9788 9775 9776
f 9776 9774 9787
f 9789 9777 9775
f 9778 9790 9791
f 9792 9780 9793
f 9794 9772 9781
f 9781 9782 9794
f 9795 9779 9792
f 9784 9783 9771
f 9785 9797 9784
f 9786 9793 9780
f 9773 9796 9786
f 9791 9787 9778
f 9800 9776 9787
f 9802 9789 9788
f 9803 9789 9801
f 9804 9790 9803
f 9806 9793 9805
f 9807 9785 9794
f 9795 9794 9782
f 9792 9808 9795
f 9784 9809 9796
f 9811 9798 9810
f 9805 9799 9812
f 9796 9799 9786
f 9800 9804 9813
f 9813 9788 9800
f 9814 9801 9802
f 9803 9815 9816
f 9816 9804 9803
f 9819 9805 9818
f 9798 9820 9810
f 9808 9807 9795
f 9821 9806 9819
f 9797 9822 9809
f 9824 9810 9823
f 9812 9809 9822
f 9818 9812 9825
f 9826 9804 9817
f 9826 9802 9813
f 9827 9814 9828
f 9816 9827 9829
f 9817 9829 9830
f 9832 9818 9831
f 9823 9820 9833
f 9833 9808 9821
f 9819 9834 9821
f 9835 9811 9824
f 9823 9836 9824
f 9825 9822 9835
f 9831 9825 9838
f 9817 9839 9826
f 9826 9828 9814
f 9840 9828 9841
f 9842 9827 9840
f 9829 9843 9830
f 9831 9844 9832
f 9833 9837 9823
f 9846 9821 9834
f 9844 9834 9832
f 9824 9848 9835
f 9837 9849 9836
f 9835 9838 9825
f 9838 9845 9831
f 9852 9830 9843
f 9841 9839 9852
f 9840 9854 9853
f 9842 9853 9855
f 9856 9842 9855
f 9844 9858 9857
f 9850 9846 9859
f 9859 9834 9847
f 9857 9847 9844
f 9861 9836 9849
f 9863 9850 9862
f 9851 9848 9861
f 9864 9845 9851
f 9852 9856 9865
f 9865 9841 9852
f 9853 9867 9866
f 9855 9866 9868
f 9856 9868 9869
f 9870 9857 9858
f 9859 9862 9850
f 9847 9872 9859
f 9873 9857 9871
f 9874 9849 9863
f 9876 9863 9862
f 9864 9861 9874
f 9858 9877 9870
f 9878 9856 9869
f 9878 9854 9865
f 9866 9880 9879
f 9882 9871 9870
f 9876 9872 9883
f 9883 9860 9873
f 9881 9873 9871
f 9874 9875 9885
f 9886 9875 9876
f 9864 9885 9877
f 9870 9888 9882
f 9890 9869 9889
f 9880 9878 9890
f 9892 9879 9880
f 9882 9893 9881
f 9895 9876 9883
f 9883 9884 9895
f 9893 9884 9881
f 9885 9887 9897
f 9899 9886 9898
f 9877 9897 9888
f 9888 9894 9882
f 9889 9901 9890
f 9879 9902 9889
f 9880 9903 9892
f 9894 9905 9893
f 9898 9895 9907
f 9895 9896 9907
f 9908 9893 9905
f 9897 9899 9909
f 9910 9898 9911
f 9888 9909 9900
f 9900 9906 9894
f 9890 9903 9904
f 9902 9914 9913
f 9915 9903 9916
f 9917 9906 9918
f 9907 9911 9898
f 9908 9907 9896
f 9908 9921 9920
f 9922 9899 9910
f 9924 9911 9923
f 9912 9909 9922
f 9918 9912 9925
f 9903 9926 9916
f 9914 9927 9913
f 9915 9930 9929
f 9918 9931 9917
f 9923 9919 9933
f 9933 9908 9920
f 9921 9934 9920
f 9922 9924 9936
f 9923 9937 9924
f 9922 9925 9912
f 9925 9932 9918
f 9930 9926 9940
f 9940 9927 9941
f 9943 9928 9942
f 9929 9928 9914
f 9929 9945 9944
f 9917 9935 9921
f 9946 9932 9947
f 9933 9938 9923
f 9920 9948 9933
f 9949 9934 9935
f 9951 9924 9937
f 9952 9938 9953
f 9939 9936 9951
f 9947 9939 9954
f 9941 9930 9940
f 9943 9941 9927
f 9942 9944 9956
f 9942 9957 9943
f 9956 9945 9959
f 9935 9946 9949
f 9960 9947 9961
f 9953 9948 9962
f 9962 9934 9950
f 9964 9950 9949
f 9965 9937 9952
f 9953 9966 9952
f 9951 9954 9939
f 9954 9961 9947
f 9955 9945 9941
f 9957 9955 9943
f 9956 9958 9942
f 9957 9972 9971
f 9964 9946 9960
f 9960 9974 9973
f 9962 9967 9953
f 9950 9975 9962
f 9964 9976 9963
f 9952 9978 9965
f 9980 9966 9967
f 9968 9965 9978
f 9961 9981 9974
f 9956 9969 9970
f 9971 9969 9957
f 9983 9958 9970
f 9972 9984 9971
f 9960 9977 9964
f 9973 9987 9986
f 9967 9988 9980
f 9963 9988 9975
f 9990 9977 9989
f 9979 9978 9966
f 9992 9980 9993
f 9968 9991 9981
f 9974 9994 9987
f 9983 9969 9982
f 9971 9995 9982
f 9996 9972 9983
f 9985 9997 9984
f 9973 9989 9977
f 10000 9987 9999
f 9993 9988 10001
f 9976 10001 9988
f 9989 10002 9990
f 9992 9991 9979
f 9993 10005 9992
f 9981 10004 9994
f 9999 9994 10007
f 9983 9995 9996
f 10008 9984 9997
f 10009 9985 9996
f 9998 10010 9997
f 9989 10000 10003
f 10000 10013 10012
f 10006 10001 10014
f 10014 9990 10002
f 10002 10016 10015
f 10005 10004 9992
f 10006 10018 10005
f 10004 10007 9994
f 10007 10013 9999
f 9995 10009 9996
f 10008 10010 10021
f 10009 10011 9998
f 10023 10011 10024
f 10012 10003 10000
f 10013 10025 10012
f 10006 10027 10019
f 10027 10002 10015
f 10015 10029 10028
f 10005 10030 10017
f 10031 10019 10032
f 10017 10020 10007
f 10026 10020 10033
f 10008 10022 10009
f 10023 10021 10010
f 10035 10011 10022
f 10023 10036 10034
f 10012 10029 10016
f 10037 10019 10027
f 10037 10015 10028
f 10028 10039 10038
f 10040 10018 10031
f 10031 10042 10041
f 10033 10030 10040
f 10039 10025 10043
f 10044 10032 10037
f 10038 10037 10028
f 10038 10046 10045
f 10031 10047 10040
f 10049 10042 10048
f 10050 10040 10047
f 10052 10039 10043
f 10048 10044 10045
f 10045 10054 10053
f 10055 10041 10049
f 10056 10047 10055
f 10056 10043 10050
f 10057 10046 10052
f 10048 10053 10058
f 10060 10054 10059
f 10061 10055 10062
f 10061 10052 10056
f 10059 10057 10063
f 10064 10053 10060
f 10059 10065 10060
f 10061 10068 10067
f 10067 10057 10061
f 10063 10066 10059
f 10064 10062 10058
f 10060 10070 10064
f 10071 10066 10072
f 10074 10068 10073
f 10067 10069 10063
f 10066 10075 10072
f 10064 10073 10068
f 10076 10065 10071
f 10071 10078 10077
f 10079 10074 10073
f 10080 10069 10074
f 10078 10075 10081
f 10079 10070 10076
f 10077 10076 10071
f 10083 10078 10084
f 10079 10085 10080
f 10081 10080 10085
f 10078 10087 10084
f 10079 10082 10086
f 10088 10077 10083
f 10086 10089 10085
f 10081 10089 10087
f 10092 10084 10087
f 10088 10086 10082
f 10083 10093 10088
f 10095 10089 10090
f 10087 10094 10092
f 10091 10097 10096
f 10090 10093 10095
f 10091 10098 10093
f 10099 10094 10095
f 10092 10100 10097
f 10096 10102 10101
f 10099 10093 10098
f 10101 10098 10096
f 10105 10099 10104
f 10105 10097 10100
f 10107 10102 10106
f 10099 10103 10104
f 10108 10101 10107
f 10110 10105 10104
f 10102 10109 10106
f 10112 10106 10111
f 10110 10103 10108
f 10113 10107 10112
f 10110 10114 10109
f 10111 10109 10114
f 10111 10116 10112
f 10113 10110 10108
f 10113 10116 10118
f 10119 10115 10120
f 10111 10119 10117
f 10116 10122 10121
f 10118 10115 10113
f 10121 10118 10116
f 10124 10119 10120
f 10125 10117 10119
f 10121 10127 10126
f 10120 10123 10124
f 10121 10128 10123
f 10124 10129 10125
f 10129 10122 10125
f 10131 10126 10127
f 10123 10130 10124
f 10132 10128 10126
f 10130 10134 10129
f 10127 10134 10131
f 10131 10136 10132
f 10135 10128 10133
f 10132 10138 10133
f 10140 10134 10135
f 10131 10139 10137
f 10142 10136 10137
f 10135 10138 10140
f 10136 10143 10138
f 10139 10145 10144
f 10144 10137 10139
f 10147 10142 10146
f 10138 10145 10140
f 10148 10141 10147
f 10144 10150 10149
f 10149 10142 10144
f 10151 10147 10146
f 10148 10145 10143
f 10147 10153 10148
f 10149 10155 10154
f 10146 10154 10151
f 10157 10152 10151
f 10153 10150 10148
f 10153 10156 10158
f 10154 10160 10159
f 10151 10159 10157
f 10156 10162 10161
f 10160 10153 10158
f 10158 10161 10163
f 10164 10159 10160
f 10159 10162 10157
f 10161 10167 10166
f 10163 10160 10158
f 10167 10165 10168
f 10170 10167 10169
f 10172 10164 10163
f 10167 10173 10169
f 10166 10172 10163
f 10175 10172 10174
f 10169 10177 10176
f 10174 10170 10178
f 10175 10173 10171
f 10174 10179 10175
f 10177 10181 10176
f 10178 10180 10174
f 10179 10177 10175
f 10179 10185 10184
f 10176 10183 10178
f 10181 10187 10186
f 10180 10186 10185
f 10184 10182 10179
f 10184 10189 10188
f 10190 10186 10187
f 10186 10192 10185
f 10188 10187 10184
f 10189 10193 10188
f 10190 10195 10191
f 10192 10195 10197
f 10193 10190 10188
f 10199 10194 10198
f 10192 10194 10189
f 10200 10195 10196
f 10195 10202 10197
f 10200 10193 10199
f 10198 10197 10202
f 10198 10203 10199
f 10200 10205 10201
f 10207 10201 10205
f 10199 10206 10200
f 10204 10202 10207
f 10204 10208 10203
f 10210 10206 10211
f 10207 10210 10212
f 10203 10211 10206
f 10212 10204 10207
f 10213 10208 10209
f 10211 10215 10210
f 10218 10212 10210
f 10208 10216 10211
f 10209 10217 10213
f 10220 10214 10213
f 10221 10216 10222
f 10217 10224 10223
f 10223 10213 10217
f 10226 10219 10225
f 10219 10227 10225
f 10228 10224 10222
f 10222 10224 10221
f 10222 10226 10225
f 10221 10218 10215
f 10227 10224 10228
f 10222 10227 10228
f 5219 5223 5220
f 5227 5237 5267
f 5236 5249 5248
f 5300 5328 5326
f 5339 5340 5368
f 5376 5408 5407
f 5510 5550 5511
f 5657 5694 5732
f 5642 5679 5756
f 5692 5693 5770
f 5655 5661 5698
f 5666 5700 5742
f 5722 5805 5807
f 5697 5734 5728
f 5749 5814 5815
f 5764 5765 5842
f 5724 5801 5765
f 5755 5798 5797
f 5757 5845 5799
f 5823 5779 5736
f 5811 5859 5818
f 5844 5800 5846
f 5847 5848 5890
f 5822 5864 5867
f 5920 5868 5825
f 5838 5882 5881
f 5902 5911 5947
f 5886 5929 5928
f 5891 5983 5936
f 6027 5939 5938
f 5899 5944 5943
f 5907 5948 5952
f 5956 5957 6050
f 5938 5982 6035
f 5911 6004 6045
f 6133 6129 6075
f 6087 6088 6204
f 6052 6106 6164
f 6069 6126 6125
f 6248 6135 6079
f 6080 6138 6193
f 6143 6201 6255
f 6097 6157 6154
f 6153 6212 6332
f 6098 6171 6155
f 6156 6272 6157
f 6169 6170 6284
f 6114 6228 6173
f 6139 6197 6194
f 6198 6199 6259
f 6327 6207 6149
f 6151 6211 6267
f 6244 6304 6372
f 6194 6314 6379
f 6331 6267 6211
f 6156 6273 6341
f 6277 6278 6293
f 6304 6306 6439
f 6256 6316 6386
f 6264 6395 6325
f 6288 6426 6354
f 6292 6359 6358
f 6363 6364 6433
f 6368 6365 6302
f 6303 6367 6369
f 6308 6375 6445
f 6378 6379 6454
f 6383 6384 6521
f 6400 6401 6537
f 6438 6440 6506
f 6373 6443 6439
f 6374 6446 6444
f 6391 6527 6463
f 6410 6479 6548
f 6415 6482 6483
f 6509 6524 6525
f 6537 6662 6538
f 6489 6559 6557
f 6563 6743 6562
f 6584 6643 6700
f 6586 6700 6701
f 6602 6604 6605
f 6562 6735 6627
f 6563 6628 6688
f 6565 6692 6630
f 6700 6643 6646
f 6599 6656 6655
f 6619 6677 6734
f 6641 6699 6697
f 6648 6695 6751
f 6710 6760 6864
f 6728 6729 6832
f 6675 6730 6732
f 6829 6776 6728
f 6804 6805 6858
f 6921 6770 10230
f 6772 6825 6823
f 6773 6824 6825
f 6810 6861 6858
f 6809 6860 6954
f 6873 10231 6823
f 6887 6888 6972
f 6884 6886 6931
f 6889 6898 6933
f 6856 6910 6909
f 6900 6944 6942
f 7002 7044 7041
f 6895 6980 6979
f 6941 6983 6984
f 6949 6990 6989
f 6997 7037 6999
f 6933 7024 6982
f 6985 7023 7025
f 7043 7123 7042
f 7053 7055 7093
f 7067 7068 7108
f 7033 7072 7073
f 7108 7109 7148
f 7070 7110 7149
f 7104 7142 7140
f 7156 7193 7197
f 7155 7180 7196
f 7190 7265 7229
f 7194 7232 7231
f 7195 7233 7232
f 7237 7238 7296
f 7212 7248 7277
f 7259 7320 7322
f 7242 7271 7301
f 7246 7275 7305
f 7288 7289 7351
f 7267 7297 7295
f 7310 7375 7311
f 7312 7380 7281
f 7400 7331 7300
f 7356 7357 7430
f 7373 7447 7410
f 7378 7416 7415
f 7444 7445 7485
f 7413 7452 7458
f 7454 7491 7582
f 7455 7537 7456
f 7533 7457 7418
f 7419 7495 7459
f 7428 7468 7506
f 7437 7516 7477
f 7483 7484 7524
f 7486 7571 7487
f 7451 7579 7489
f 7492 7536 7493
f 7478 7517 7561
f 7562 7563 7674
f 7564 7676 7563
f 7520 7619 7566
f 7568 7569 7680
f 7681 7623 7571
f 7581 7691 7643
f 7579 7586 7632
f 7667 7670 7610
f 7559 7726 7614
f 7617 7726 7615
f 7622 7623 7732
f 7573 7624 7733
f 7627 7628 7684
f 7634 7635 7692
f 7638 7639 7696
f 7640 7641 7695
f 7611 7613 7669
f 7614 7726 7675
f 7621 7728 7677
f 7620 7679 7678
f 7626 7685 7737
f 7629 7794 7686
f 7798 7794 7687
f 7642 7691 7692
f 7649 7751 7702
f 7652 7704 7706
f 7651 7703 7704
f 7653 7705 7708
f 7669 7723 7776
f 7731 7732 7834
f 7829 7778 7725
f 7795 7796 7895
f 7742 7848 7799
f 7743 7759 7809
f 7792 7892 7842
f 7835 7984 7882
f 7934 7984 7883
f 7891 7892 7896
f 7872 7926 7923
f 7875 7928 7980
f 7877 7930 7928
f 7931 7933 7981
f 7936 7885 7937
f 7951 8056 7952
f 7911 8014 7961
f 7979 7980 8087
f 8035 8036 7985
f 7938 7986 7989
f 7943 7989 7996
f 8034 8035 8093
f 8075 8076 8128
f 8031 8090 8089
f 7989 8096 8109
f 8214 8145 8102
f 8162 8197 8163
f 8141 8171 8204
f 8176 8245 8177
f 8280 8173 8179
f 8211 5177 8249
f 8255 8330 8326
f 8276 8277 8351
f 8243 8283 8282
f 8256 8294 8329
f 8273 8308 8310
f 8275 8343 8312
f 8281 8316 8358
f 8286 8321 8318
f 8312 8424 8350
f 8319 8361 8400
f 8349 8389 8388
f 8389 8390 8464
f 8353 8429 8391
f 8463 8504 8503
f 8481 8524 8522
f 8488 8574 8531
f 8516 8557 8560
f 8514 8558 8557
f 8594 8637 8681
f 8557 8645 8649
f 8738 8645 8646
f 8640 8685 8731
f 8794 8696 8652
f 8645 8738 8743
f 8694 8791 8742
f 8816 8870 8820
f 8790 8890 8842
f 8896 8897 8994
f 9034 8990 8942
f 8918 8968 8967
f 8919 9014 8969
f 8924 8925 8973
f 8970 9017 9013
f 8982 9027 9026
f 9014 9059 9105
f 9181 9180 9092
f 9063 9109 9108
f 9102 9191 9146
f 9156 9157 9245
f 9202 9201 9158
f 9249 9162 9119
f 9152 9154 9198
f 9243 9245 9285
f 9205 9249 9248
f 9328 9218 9262
f 9265 9264 9221
f 9253 9297 9259
f 9401 9326 9290
f 9425 9448 9466
f 9450 9453 9474
f 9493 9536 9516
f 9554 9577 9576
f 9592 9610 9593
f 9645 9648 9629
f 9591 9608 9610
f 9607 9626 9645
f 9609 9627 9626
f 9619 9636 9639
f 9628 9667 9647
f 9659 9698 9660
f 9686 9666 9647
f 9648 9681 9668
f 9692 9727 9729
f 9704 9706 9738
f 9666 9707 9705
f 9690 9710 9725
f 9732 9716 9714
f 9704 9738 9722
f 9718 9734 9730
f 9752 9739 9737
f 9769 9729 9727
f 9889 9869 9868
f 9880 9890 9904
f 9891 9892 9915
f 9913 9926 9902
f 9905 9917 9921
f 9955 9956 9959
f 10026 10033 10050
f 10036 10022 10021
f 10051 10035 10022
f 10035 10036 10024
f 10038 10045 10044
f 10062 10055 10049
f 10083 10084 10091
f 10161 10166 10163
f 10171 10173 10168
f 10178 10169 10176
f 10181 10186 10183
f 10185 10192 10189
f 10210 10215 10218
f 10214 10226 10216
f 10220 10223 10227
f 7044 6964 7006
f 7005 6960 6963
f 10233 10230 10231
f 6874 10232 10233
f 6875 10233 10231
f 6922 10230 10232
f 5091 6038 881
f 5088 5989 5091
f 5942 5089 5898
f 5898 5089 641
f 5101 939 6207
f 5101 6326 5104
f 5104 6398 5110
f 8086 8032 10229
f 8142 8173 10229
f 10229 8137 8086
f 8211 5172 5174
f 5176 8249 5177
f 5178 8248 5176
f 8322 5181 8365
f 8365 5182 8405
f 5184 8405 5182
f 3487 5191 8706
f 5191 3581 8706
f 8955 8905 3684
f 8854 3684 8905
f 9181 5198 9223
f 9224 5198 5199
f 9265 5199 5200
f 9302 5200 4142
f 9340 5203 5204
f 9341 5204 4143
f 9342 4143 5205
f 5206 9342 5205
f 5202 9374 5206
f 4104 9336 5202
f 5201 9299 4104
f 5201 9217 9261
f 3834 8996 9042
f 8948 5196 3735
f 5195 8948 3735
f 8847 5195 5194
f 5194 8797 8847
f 8797 5192 8746
f 5190 8653 8698
f 5187 8608 5188
f 5186 8564 5187
f 5185 8520 5186
f 8478 5183 8438
f 5173 8244 3037
f 5171 8208 5173
f 8139 5171 5168
f 5168 8088 8139
f 5161 8030 5163
f 5158 7978 5161
f 5156 7929 5158
f 5154 7826 5156
f 7826 7875 5156
f 5153 7826 5154
f 7671 5153 5151
f 5151 7614 7671
f 7559 5149 2332
f 5145 7399 5146
f 7332 5145 5144
f 5143 7332 5144
f 5142 7299 5143
f 5142 7239 7268
f 7239 1968 7203
f 7123 5139 5147
f 5147 7042 7123
f 7163 7043 7083
f 7003 5138 5135
f 5132 7003 5135
f 5131 6961 5132
f 6660 5117 6603
f 5079 5470 5506
f 5075 5470 5077
f 5072 5406 5074
f 5072 5374 5379
f 5071 5344 5374
f 5070 5345 5344
f 188 5345 5073
f 5538 5078 5080
f 683 5897 5852
f 775 5897 5211
f 5090 5941 775
f 6036 5093 6091
f 5096 6091 5093
f 5100 6148 5096
f 6395 5103 5107
f 5107 1261 6395
f 5124 6764 5121
f 6817 5127 6790
f 6738 5119 6681
f 6555 5212 6486
f 5111 6486 5212
f 6347 5111 5108
f 5108 6281 6347
f 5102 6165 6221
f 6106 5094 5095
f 5095 6164 6106
f 6164 5099 6118
f 6117 5099 968
f 5106 6359 1086
f 6359 5112 6499
f 5113 6499 5112
f 1550 6799 6748
f 6853 5128 1656
f 5120 6853 1656
f 6906 1755 6951
f 7076 1755 1946
f 5137 7099 5213
f 7099 1946 5213
f 7021 5137 1824
f 5134 6981 1824
f 6979 6938 6895
f 5133 6938 6979
f 6978 5136 7020
f 7059 5136 5140
f 7138 2026 7178
f 7098 5216 7138
f 7058 5215 7098
f 5140 5214 7059
f 7058 7059 5214
f 5217 7593 7538
f 2310 7538 7495
f 5155 7759 2521
f 5155 7850 7809
f 7954 5152 5160
f 5157 7903 7850
f 5160 8005 7954
f 5150 5170 8005
f 8061 5170 8093
f 5170 8034 8093
f 8034 5167 2807
f 5169 8143 8092
f 5166 8092 8033
f 8033 5164 5166
f 7982 5162 5164
f 7932 5159 5162
f 7832 5159 7880
f 7727 7563 7676
f 7563 7727 7674
f 10234 7674 7727
f 10234 7676 7673
f 3 4 2
f 1 6 7
f 4 3 8
f 4 10 11
f 5 2 11
f 5 13 14
f 14 15 6
f 6 16 17
f 3 7 18
f 9 19 10
f 21 11 10
f 12 22 13
f 12 11 21
f 24 14 13
f 24 26 15
f 16 6 15
f 16 28 29
f 7 17 30
f 32 8 18
f 10 19 33
f 34 35 21
f 23 36 22
f 25 13 22
f 23 21 35
f 25 39 40
f 40 41 26
f 27 15 26
f 27 43 28
f 45 29 28
f 46 30 17
f 31 47 48
f 50 33 19
f 20 33 51
f 52 53 35
f 38 54 36
f 37 22 36
f 56 39 25
f 53 57 38
f 39 58 59
f 41 40 59
f 42 26 41
f 42 62 43
f 44 28 43
f 44 64 65
f 29 45 66
f 30 46 67
f 31 67 68
f 48 47 70
f 71 49 32
f 72 51 33
f 73 50 49
f 34 51 74
f 75 53 52
f 57 77 54
f 55 36 54
f 56 37 55
f 80 58 39
f 75 81 57
f 83 59 58
f 83 84 60
f 61 41 60
f 61 86 62
f 63 43 62
f 63 88 64
f 89 65 64
f 91 66 45
f 92 67 46
f 68 67 92
f 94 70 47
f 48 69 95
f 70 96 97
f 50 73 98
f 74 51 72
f 71 95 100
f 76 52 74
f 102 75 76
f 77 57 81
f 78 54 77
f 78 106 79
f 56 79 107
f 108 82 58
f 109 81 75
f 110 111 83
f 111 112 84
f 84 113 85
f 85 114 86
f 87 62 86
f 87 116 88
f 90 64 88
f 118 91 65
f 90 119 120
f 91 121 92
f 93 92 121
f 93 123 94
f 96 70 94
f 97 125 95
f 97 96 127
f 100 128 98
f 99 72 98
f 99 130 101
f 125 131 100
f 76 101 132
f 103 132 133
f 104 134 105
f 81 109 135
f 105 136 106
f 107 79 106
f 80 107 138
f 102 133 139
f 140 111 110
f 142 112 111
f 112 143 113
f 114 85 113
f 114 145 115
f 115 146 116
f 117 88 116
f 119 90 117
f 89 120 149
f 91 118 150
f 151 120 119
f 123 93 122
f 124 94 123
f 124 155 127
f 125 97 126
f 131 157 128
f 129 98 128
f 129 159 130
f 101 130 160
f 156 161 131
f 133 132 162
f 104 135 164
f 136 105 134
f 166 135 109
f 137 106 136
f 168 138 107
f 108 138 141
f 133 163 169
f 141 170 171
f 142 172 143
f 140 171 173
f 144 113 143
f 145 114 144
f 146 115 145
f 147 116 146
f 148 117 147
f 179 152 119
f 149 120 151
f 118 149 181
f 151 152 182
f 153 184 154
f 153 122 185
f 155 124 154
f 157 131 161
f 158 128 157
f 158 191 159
f 160 130 159
f 193 162 132
f 163 162 195
f 196 164 135
f 165 134 164
f 165 198 167
f 139 169 199
f 167 200 168
f 170 141 138
f 194 201 169
f 202 203 171
f 173 204 172
f 174 143 172
f 203 206 173
f 175 144 174
f 175 208 176
f 177 146 176
f 177 210 178
f 148 178 211
f 212 182 152
f 213 181 149
f 180 151 183
f 150 181 185
f 215 216 183
f 186 217 184
f 187 154 184
f 219 220 186
f 221 188 155
f 189 5438 190
f 192 159 191
f 223 193 160
f 162 193 224
f 194 195 225
f 199 227 196
f 197 164 196
f 198 165 197
f 200 167 198
f 231 199 169
f 202 170 168
f 226 232 201
f 233 234 203
f 204 173 206
f 205 172 204
f 207 174 205
f 234 238 206
f 208 175 207
f 209 176 208
f 209 241 210
f 210 242 211
f 179 211 243
f 182 212 244
f 213 180 214
f 219 185 181
f 216 246 214
f 247 248 216
f 220 249 217
f 218 184 217
f 221 187 218
f 252 253 220
f 254 255 190
f 256 223 192
f 191 190 255
f 257 224 193
f 195 224 258
f 226 225 260
f 227 199 231
f 228 196 227
f 229 197 228
f 229 264 230
f 230 233 202
f 265 231 201
f 266 232 226
f 234 233 267
f 236 204 235
f 235 206 238
f 237 205 236
f 239 207 237
f 268 273 238
f 239 274 240
f 240 275 241
f 241 276 242
f 277 243 211
f 278 244 212
f 215 244 279
f 245 252 219
f 245 214 246
f 248 281 246
f 282 283 248
f 249 220 253
f 250 217 249
f 250 286 251
f 287 288 253
f 255 254 290
f 222 255 289
f 223 256 291
f 224 257 292
f 293 260 225
f 294 259 260
f 262 227 261
f 261 231 265
f 262 298 263
f 263 299 264
f 264 267 233
f 232 266 300
f 301 266 259
f 302 303 268
f 270 304 269
f 269 305 271
f 270 238 273
f 272 237 271
f 272 308 274
f 273 268 303
f 275 240 274
f 275 311 276
f 277 242 276
f 313 278 243
f 314 279 244
f 247 279 315
f 280 287 252
f 280 246 281
f 283 317 281
f 283 282 318
f 284 320 285
f 284 253 288
f 285 322 286
f 286 5078 5076
f 323 324 288
f 325 326 289
f 256 289 326
f 292 257 291
f 258 292 328
f 329 295 260
f 297 330 296
f 296 331 298
f 332 297 265
f 299 263 298
f 267 264 299
f 266 301 334
f 294 335 336
f 337 338 303
f 304 270 306
f 304 340 305
f 307 271 305
f 306 273 309
f 272 307 343
f 308 344 310
f 338 345 309
f 310 346 311
f 312 276 311
f 277 312 348
f 349 314 278
f 350 315 279
f 282 315 351
f 287 280 316
f 316 281 317
f 319 353 317
f 354 355 319
f 321 356 320
f 320 357 322
f 321 288 324
f 359 360 324
f 5081 325 290
f 325 5576 361
f 327 291 326
f 327 362 328
f 293 328 363
f 295 329 364
f 330 297 332
f 330 366 331
f 333 298 331
f 300 334 368
f 302 299 333
f 369 334 301
f 371 336 335
f 372 373 338
f 339 374 340
f 342 375 339
f 341 305 340
f 307 341 377
f 342 309 345
f 308 343 379
f 310 344 380
f 373 381 345
f 347 311 346
f 347 383 348
f 384 349 313
f 314 349 385
f 386 351 315
f 318 351 387
f 323 316 352
f 352 317 353
f 355 389 353
f 355 354 391
f 358 392 356
f 356 393 357
f 5080 322 357
f 360 394 358
f 395 396 360
f 398 361 5576
f 361 398 362
f 363 328 362
f 364 329 363
f 370 335 364
f 365 402 366
f 332 368 403
f 367 331 366
f 337 333 367
f 405 368 334
f 406 369 336
f 370 407 408
f 410 373 372
f 375 411 374
f 376 340 374
f 378 413 375
f 377 341 376
f 415 379 343
f 378 345 381
f 417 380 344
f 382 346 380
f 410 419 381
f 382 420 383
f 384 348 383
f 422 385 349
f 350 385 423
f 424 387 351
f 425 391 354
f 359 352 388
f 388 353 389
f 390 427 389
f 390 391 428
f 392 358 394
f 392 431 393
f 393 5083 5082
f 396 432 394
f 395 433 434
f 397 435 436
f 399 362 398
f 399 437 400
f 400 438 401
f 401 439 407
f 365 403 440
f 404 366 402
f 368 405 442
f 409 372 367
f 405 369 406
f 408 444 406
f 407 445 446
f 409 447 448
f 449 411 375
f 450 412 374
f 412 451 414
f 378 416 452
f 453 415 377
f 379 415 454
f 416 381 419
f 380 417 456
f 418 457 420
f 410 448 458
f 383 420 459
f 384 421 460
f 461 423 385
f 424 386 423
f 425 387 424
f 425 464 428
f 395 388 426
f 426 389 427
f 429 466 427
f 467 429 428
f 430 394 432
f 430 470 431
f 431 5084 5083
f 396 434 471
f 472 473 434
f 474 475 436
f 436 475 437
f 438 400 437
f 438 477 439
f 439 478 445
f 440 403 442
f 440 480 441
f 404 441 447
f 481 442 405
f 482 444 408
f 446 445 484
f 486 448 447
f 413 452 487
f 411 449 488
f 489 451 412
f 414 451 490
f 416 455 491
f 492 454 415
f 417 454 493
f 458 494 455
f 418 456 495
f 496 459 420
f 497 458 448
f 421 459 498
f 422 460 499
f 461 500 462
f 463 424 462
f 463 502 464
f 468 428 464
f 433 426 465
f 467 504 466
f 506 467 468
f 469 507 470
f 508 469 432
f 431 470 5085
f 434 473 509
f 511 473 472
f 474 512 513
f 476 437 475
f 476 514 477
f 478 439 477
f 445 478 516
f 517 479 442
f 485 441 480
f 519 520 444
f 446 483 521
f 484 522 523
f 524 486 485
f 449 487 525
f 526 489 450
f 527 490 451
f 453 490 528
f 491 455 494
f 530 452 491
f 532 493 454
f 456 493 533
f 534 494 458
f 457 495 535
f 536 498 459
f 537 497 486
f 538 499 460
f 499 539 500
f 501 462 500
f 501 541 502
f 503 464 502
f 505 468 503
f 467 506 545
f 504 546 547
f 505 548 549
f 5762 507 469
f 470 507 5086
f 550 508 471
f 510 551 552
f 512 553 554
f 514 476 513
f 515 477 514
f 556 516 478
f 481 520 557
f 558 479 517
f 560 561 518
f 482 521 562
f 520 519 563
f 564 521 483
f 565 566 523
f 518 561 567
f 568 525 487
f 488 525 569
f 570 527 489
f 571 528 490
f 492 528 572
f 531 491 529
f 574 529 494
f 568 530 531
f 576 533 493
f 495 533 577
f 497 537 578
f 496 535 579
f 498 536 580
f 538 581 539
f 539 582 540
f 540 583 541
f 542 502 541
f 543 503 542
f 543 586 548
f 545 506 549
f 504 545 588
f 552 547 546
f 548 590 591
f 5804 5762 508
f 509 592 593
f 595 554 553
f 595 555 514
f 596 556 515
f 597 522 516
f 557 598 559
f 559 599 600
f 602 561 560
f 603 562 521
f 519 562 604
f 563 605 598
f 564 523 566
f 607 608 566
f 609 565 522
f 610 567 561
f 611 569 525
f 526 569 612
f 613 571 527
f 614 572 528
f 532 572 615
f 575 531 573
f 573 529 574
f 534 578 618
f 568 575 619
f 533 576 620
f 621 579 535
f 600 578 537
f 536 579 622
f 580 623 581
f 582 539 581
f 583 540 582
f 583 626 584
f 585 542 584
f 628 590 548
f 629 544 547
f 587 549 591
f 588 545 632
f 634 546 588
f 637 591 590
f 550 593 5851
f 593 592 639
f 511 589 640
f 5087 641 642
f 595 642 643
f 643 644 596
f 597 556 596
f 598 646 599
f 599 618 578
f 600 601 560
f 606 647 603
f 648 604 562
f 649 605 563
f 608 650 606
f 609 651 607
f 608 607 652
f 597 645 654
f 655 612 569
f 570 612 656
f 614 571 613
f 658 615 572
f 659 620 576
f 616 660 619
f 616 573 617
f 618 662 617
f 611 619 663
f 577 620 664
f 665 622 579
f 580 622 666
f 624 581 623
f 625 582 624
f 625 669 626
f 626 670 627
f 585 627 671
f 586 671 672
f 636 590 628
f 675 587 630
f 591 637 676
f 631 632 677
f 678 634 633
f 640 589 635
f 636 681 682
f 683 5851 593
f 639 592 594
f 638 639 684
f 686 687 642
f 642 687 688
f 688 689 644
f 644 690 645
f 646 662 618
f 650 691 647
f 648 603 647
f 693 649 604
f 694 646 605
f 653 695 650
f 651 696 652
f 652 697 698
f 654 645 690
f 657 613 656
f 657 701 658
f 658 702 659
f 620 659 703
f 661 704 660
f 660 705 663
f 662 706 661
f 655 663 707
f 621 664 709
f 622 665 710
f 667 623 666
f 712 668 624
f 669 713 670
f 670 714 671
f 671 714 715
f 716 673 628
f 673 717 681
f 718 719 675
f 632 587 675
f 674 630 676
f 637 682 721
f 634 678 722
f 679 723 724
f 680 684 639
f 725 680 635
f 682 681 727
f 728 729 685
f 686 730 731
f 732 733 688
f 734 689 688
f 689 735 690
f 694 706 662
f 691 650 695
f 692 647 691
f 693 648 692
f 739 694 649
f 698 740 695
f 741 742 696
f 696 743 697
f 745 698 697
f 654 699 746
f 748 749 700
f 701 657 700
f 701 751 702
f 752 703 659
f 753 709 664
f 706 754 704
f 704 755 705
f 707 663 705
f 748 708 707
f 758 710 665
f 666 710 759
f 667 711 760
f 761 669 668
f 761 762 713
f 763 714 670
f 715 714 763
f 765 716 672
f 717 766 727
f 720 767 718
f 719 718 768
f 677 675 719
f 676 721 769
f 770 721 682
f 678 771 772
f 722 772 723
f 774 724 723
f 725 728 684
f 776 777 729
f 779 731 730
f 732 780 781
f 734 782 783
f 733 781 782
f 783 784 735
f 754 706 694
f 785 737 691
f 737 786 738
f 693 738 787
f 788 740 698
f 747 741 651
f 741 789 790
f 742 791 743
f 744 697 743
f 699 793 794
f 795 796 747
f 757 797 749
f 750 700 749
f 701 750 799
f 702 751 800
f 801 753 703
f 709 753 802
f 704 754 803
f 756 705 755
f 757 707 756
f 806 759 710
f 760 711 759
f 712 760 808
f 761 808 809
f 762 810 763
f 765 715 764
f 764 763 810
f 813 717 716
f 717 813 814
f 815 816 727
f 769 817 767
f 818 768 718
f 768 776 728
f 769 721 770
f 772 771 820
f 773 723 772
f 822 823 774
f 820 771 724
f 777 776 826
f 827 828 779
f 731 779 780
f 829 781 780
f 832 783 782
f 831 782 781
f 833 784 783
f 735 784 834
f 739 787 803
f 736 740 835
f 836 786 737
f 837 787 738
f 838 835 740
f 745 839 840
f 741 747 796
f 841 842 790
f 790 843 791
f 792 743 791
f 792 845 846
f 793 847 848
f 746 794 849
f 796 795 851
f 805 852 797
f 798 749 797
f 750 798 854
f 855 800 751
f 752 800 856
f 857 802 753
f 758 802 858
f 804 755 803
f 804 860 805
f 807 759 806
f 807 862 808
f 863 809 808
f 810 762 809
f 865 813 765
f 811 764 812
f 813 865 867
f 868 815 766
f 815 869 870
f 819 871 817
f 818 767 817
f 826 776 768
f 819 770 824
f 874 875 821
f 773 821 875
f 823 822 876
f 820 774 823
f 777 825 5092
f 826 879 880
f 882 883 828
f 779 828 830
f 829 830 884
f 831 886 887
f 829 885 886
f 784 833 888
f 832 887 889
f 787 837 859
f 890 836 785
f 891 837 786
f 788 840 892
f 835 838 893
f 840 839 894
f 841 789 796
f 897 842 841
f 898 843 790
f 843 899 844
f 845 792 844
f 846 845 902
f 834 888 847
f 904 848 847
f 905 849 794
f 795 849 906
f 851 907 908
f 860 909 852
f 853 797 852
f 853 911 854
f 855 799 854
f 800 855 913
f 801 856 914
f 915 858 802
f 861 806 858
f 859 917 860
f 861 918 862
f 919 864 809
f 863 862 918
f 866 921 865
f 866 812 923
f 921 924 867
f 868 814 867
f 926 869 815
f 870 869 928
f 816 870 929
f 871 819 930
f 871 932 872
f 818 872 879
f 873 933 930
f 878 934 873
f 935 936 875
f 876 822 875
f 874 823 877
f 879 937 938
f 939 882 827
f 940 941 883
f 883 884 830
f 885 884 942
f 945 887 886
f 944 886 885
f 946 888 833
f 889 887 948
f 917 859 837
f 949 891 836
f 892 840 895
f 838 892 951
f 893 952 949
f 895 894 954
f 850 908 955
f 842 897 956
f 957 899 843
f 900 844 899
f 959 902 845
f 901 954 894
f 901 902 960
f 847 888 962
f 964 904 903
f 848 904 965
f 966 906 849
f 907 851 906
f 917 969 909
f 910 852 909
f 910 971 911
f 854 911 972
f 973 913 855
f 974 914 856
f 975 915 857
f 916 976 918
f 863 920 977
f 978 920 918
f 922 979 921
f 922 923 980
f 924 921 979
f 925 867 924
f 984 985 869
f 986 929 870
f 987 988 927
f 929 989 934
f 931 930 990
f 992 932 871
f 879 872 932
f 993 990 930
f 936 935 994
f 876 936 995
f 994 935 877
f 938 937 998
f 882 939 999
f 941 940 1000
f 941 942 884
f 943 942 1003
f 1004 1005 945
f 889 947 1006
f 891 949 969
f 950 895 953
f 950 1008 951
f 951 1009 952
f 952 1010 969
f 953 954 1011
f 5098 956 897
f 898 956 1013
f 1014 958 899
f 900 958 1015
f 1016 960 902
f 901 961 1011
f 903 962 1017
f 963 1018 1019
f 1020 1021 965
f 905 965 1022
f 966 1023 967
f 968 907 967
f 909 969 1010
f 970 1025 971
f 972 911 971
f 1027 973 912
f 974 913 973
f 1029 975 914
f 1030 916 915
f 916 1030 1031
f 1032 977 920
f 980 923 919
f 1031 1033 978
f 981 1034 979
f 980 1035 1036
f 982 1037 983
f 982 979 1034
f 1039 925 983
f 926 1041 1042
f 985 984 1043
f 927 988 1045
f 1046 1047 988
f 928 985 1044
f 934 989 1049
f 931 991 1050
f 937 932 992
f 1051 1052 990
f 995 994 1054
f 995 1053 1055
f 996 1055 1054
f 997 998 1056
f 1000 1058 1059
f 941 1001 1060
f 1002 1003 1061
f 1004 1063 1064
f 945 1005 1065
f 1066 1067 1006
f 1006 1017 962
f 1007 1068 1008
f 1007 953 1012
f 1008 1070 1009
f 1009 1071 1010
f 1072 1012 1011
f 1074 1014 957
f 1075 1015 958
f 1076 1016 959
f 960 1016 1078
f 1073 1011 961
f 1017 1079 1018
f 1018 1080 1081
f 964 1019 1082
f 1082 1083 1021
f 1022 965 1021
f 1023 966 1022
f 1024 967 1023
f 1025 970 1010
f 1025 1087 1026
f 972 1026 1088
f 1028 973 1027
f 1029 974 1028
f 1029 1091 1030
f 1031 1030 1091
f 977 1032 1035
f 1032 978 1033
f 1033 1031 1092
f 1036 1095 1034
f 1096 1097 1036
f 1040 983 1037
f 1038 1034 1095
f 1040 1100 1101
f 1101 1042 1041
f 1102 1043 984
f 1044 1043 1104
f 1045 988 1047
f 987 1044 1103
f 1107 1047 1046
f 989 1108 1109
f 1048 1049 1110
f 1112 1050 991
f 998 992 1050
f 1113 1114 1052
f 1111 1051 993
f 1115 1116 1053
f 1053 1116 1117
f 1115 1054 1055
f 5100 997 1057
f 1056 1118 1119
f 1122 1058 1000
f 1123 1124 1059
f 1001 1059 1125
f 1062 1061 1127
f 1062 1129 1126
f 1126 1129 1063
f 1131 1064 1063
f 1132 1065 1005
f 1134 1067 1066
f 1017 1006 1067
f 1135 947 1065
f 1068 1007 1069
f 1068 1137 1070
f 1072 1138 1069
f 1073 1139 1140
f 5105 1074 1013
f 1014 1074 1141
f 1142 1076 1015
f 1143 1078 1016
f 1077 1078 1145
f 1139 1073 1077
f 1079 1146 1080
f 1080 1147 1148
f 1149 1082 1019
f 1083 1082 1149
f 1083 1151 1084
f 1085 1022 1084
f 1085 1153 1086
f 1154 1088 1026
f 1027 1088 1155
f 1089 1156 1090
f 1090 1157 1091
f 1092 1091 1157
f 1093 1096 1035
f 1093 1033 1094
f 1092 1158 1160
f 1097 1161 1095
f 1162 1163 1097
f 1099 1095 1161
f 1165 1166 1038
f 1101 1100 1167
f 1042 1101 1168
f 1169 1104 1043
f 1104 1170 1171
f 1172 1173 1045
f 1105 1047 1107
f 1106 1046 1103
f 1106 1175 1176
f 1109 1108 1177
f 1180 1049 1109
f 1181 1182 1111
f 1112 1118 1056
f 1112 1052 1114
f 1051 1111 1182
f 1114 1113 1184
f 1186 1187 1116
f 1188 1117 1116
f 1117 1188 1186
f 1118 1190 1191
f 1193 1123 1058
f 1122 1121 1120
f 1194 1195 1124
f 1059 1124 1196
f 1127 1061 1196
f 1128 1127 1198
f 1129 1062 1128
f 1130 1063 1129
f 1202 1131 1130
f 1064 1131 1203
f 1133 1204 1205
f 1079 1067 1134
f 1133 1066 1135
f 1206 1135 1132
f 1136 1207 1137
f 1069 1138 1208
f 1087 1070 1137
f 1072 1140 1209
f 1211 1140 1139
f 1212 1142 1075
f 1076 1142 1213
f 1214 1145 1078
f 1216 1144 1145
f 1210 1139 1144
f 1217 1147 1080
f 1219 1148 1147
f 1220 1221 1149
f 1151 1083 1150
f 1150 1149 1221
f 1152 1084 1151
f 1225 1155 1088
f 1089 1155 1226
f 1157 1090 1156
f 1094 1160 1228
f 1160 1158 1230
f 1232 1163 1162
f 1099 1164 1234
f 1164 1161 1163
f 1235 1236 1166
f 1167 1237 1238
f 1102 1168 1240
f 1170 1104 1169
f 1242 1171 1170
f 1105 1174 1244
f 1107 1176 1245
f 1171 1242 1175
f 1175 1246 1247
f 1177 1108 1173
f 1109 1178 1249
f 1179 1250 1251
f 1252 1253 1182
f 1110 1180 1254
f 1112 1183 1190
f 1185 1255 1183
f 1113 1182 1253
f 1257 1185 1184
f 1258 1259 1187
f 1187 1259 1260
f 1186 1188 1260
f 1262 1191 1190
f 1191 1261 1189
f 5110 1264 1265
f 1122 1192 1265
f 1123 1193 1266
f 1197 1196 1124
f 1198 1127 1197
f 1199 1198 1269
f 1200 1128 1199
f 1270 1201 1130
f 1271 1202 1201
f 1203 1131 1202
f 1206 1274 1204
f 1275 1276 1205
f 1146 1134 1205
f 1203 1273 1274
f 1136 1208 1277
f 1154 1137 1207
f 1278 1208 1138
f 1211 1279 1209
f 1210 1280 1281
f 1282 1213 1142
f 1143 1213 1283
f 1215 1145 1214
f 1215 1285 1286
f 1216 1286 1280
f 1147 1217 1287
f 1288 1219 1218
f 1148 1219 1290
f 1221 1220 1290
f 1222 1292 1224
f 1222 1150 1223
f 1223 1221 1291
f 1152 1224 1295
f 1296 1226 1155
f 1156 1226 1297
f 1298 1228 1160
f 1227 1297 1230
f 1229 1230 1299
f 1301 1302 1232
f 1231 1162 1228
f 1166 1236 1233
f 1165 1234 1303
f 1304 1305 1236
f 1306 1251 1238
f 1240 1250 1307
f 1241 1308 1243
f 1169 1239 1309
f 1243 1310 1311
f 1174 1245 1312
f 1248 1172 1244
f 1176 1247 1314
f 1242 1311 1246
f 1315 1247 1246
f 1317 1177 1248
f 1318 1249 1178
f 1249 1307 1250
f 1250 1240 1238
f 1254 1180 1251
f 1181 1254 1320
f 1322 1253 1252
f 1183 1255 1263
f 1323 1324 1255
f 1184 1253 1322
f 1256 1325 1326
f 1258 1327 1328
f 1328 1329 1260
f 1258 1260 1329
f 5114 1261 1191
f 1331 1262 1263
f 1264 1332 1333
f 1193 1265 1333
f 1194 1266 1335
f 1267 1197 1195
f 1267 1337 1269
f 1268 1338 1270
f 1268 1269 1340
f 1201 1270 1338
f 1273 1202 1271
f 1271 1272 1343
f 1274 1344 1345
f 1275 1346 1347
f 1276 1287 1217
f 1341 1344 1274
f 1208 1278 1348
f 1296 1225 1207
f 1349 1279 1211
f 1280 1350 1351
f 1213 1282 1352
f 1214 1283 1353
f 1354 1285 1215
f 1355 1286 1285
f 1286 1355 1350
f 1287 1357 1289
f 1358 1290 1219
f 1288 1289 1359
f 1291 1290 1358
f 1293 1362 1292
f 1224 1292 1363
f 1293 1223 1294
f 1361 1365 1294
f 1296 1366 1297
f 1298 1229 1300
f 1366 1299 1230
f 1300 1299 1369
f 1367 1301 1231
f 1370 1371 1302
f 1305 1372 1233
f 1303 1373 1374
f 1374 1375 1304
f 1305 1304 1375
f 1372 1306 1237
f 1307 1376 1309
f 1241 1309 1377
f 1378 1310 1243
f 1310 1379 1380
f 1381 1312 1245
f 1382 1313 1244
f 1383 1314 1247
f 1316 1246 1311
f 1315 1316 1384
f 1313 1382 1386
f 1317 1386 1319
f 1307 1249 1318
f 1319 1387 1388
f 1306 1372 1320
f 1321 1375 1389
f 1324 1330 1263
f 1323 1390 1391
f 1322 1389 1325
f 1393 1326 1325
f 1257 1326 1390
f 1394 1395 1328
f 1328 1395 1396
f 1329 1396 1394
f 5114 1262 1331
f 1331 1330 1398
f 1333 1332 1400
f 1401 1266 1333
f 1335 1266 1401
f 1334 1403 1336
f 1336 1404 1337
f 1337 1405 1340
f 1339 1406 1338
f 1339 1340 1407
f 1406 1343 1272
f 1409 1341 1271
f 1410 1342 1343
f 1345 1344 1413
f 1345 1414 1346
f 1415 1347 1346
f 1276 1347 1357
f 1413 1344 1341
f 1369 1348 1278
f 1277 1348 1366
f 1417 1349 1281
f 1368 1369 1279
f 1419 1351 1350
f 1421 1353 1283
f 1422 1354 1284
f 1424 1355 1356
f 1418 1350 1355
f 1425 1359 1289
f 1360 1426 1358
f 1427 1361 1358
f 1293 1364 1428
f 1363 1292 1362
f 1365 1430 1364
f 1365 1361 1427
f 1363 1429 5115
f 1367 1300 1368
f 1299 1366 1348
f 1432 1370 1301
f 1433 1434 1371
f 1303 1302 1371
f 1374 1373 1435
f 1436 1389 1375
f 1376 1437 1377
f 1377 1438 1378
f 1379 1310 1378
f 1441 1380 1379
f 1442 1382 1312
f 1384 1316 1380
f 1385 1384 1444
f 1442 1445 1386
f 1387 1319 1386
f 1318 1388 1437
f 1447 1388 1387
f 1324 1391 1398
f 1390 1448 1449
f 1392 1325 1389
f 1450 1451 1393
f 1390 1326 1393
f 1395 1394 1453
f 1395 1452 1454
f 1455 1453 1394
f 1397 1456 5116
f 1397 1398 1457
f 1459 1399 1400
f 1461 1462 1335
f 1462 1463 1403
f 1404 1336 1403
f 1405 1337 1404
f 1466 1407 1340
f 1408 1467 1406
f 1468 1469 1408
f 1467 1411 1343
f 1470 1409 1342
f 1411 1471 1472
f 1414 1345 1412
f 1412 1413 1474
f 1476 1416 1346
f 1357 1347 1415
f 1478 1415 1416
f 1470 1474 1413
f 1432 1368 1349
f 1417 1351 1419
f 1418 1479 1480
f 1352 1420 6681
f 1481 1422 1353
f 1482 1356 1354
f 1423 1483 1484
f 1356 1482 1485
f 1424 1484 1479
f 1488 1427 1426
f 1428 1364 1430
f 1429 1362 1492
f 1430 1365 1431
f 1494 1431 1427
f 1417 1433 1370
f 1480 1434 1433
f 1373 1371 1434
f 1436 1435 1450
f 1438 1377 1437
f 1438 1496 1439
f 1440 1379 1439
f 1498 1441 1440
f 1444 1384 1441
f 1501 1385 1443
f 1504 1443 1444
f 1388 1447 1495
f 1506 1447 1446
f 1449 1457 1398
f 1449 1448 1508
f 1450 1480 1479
f 1451 1508 1448
f 1509 1510 1452
f 1452 1510 1511
f 1509 1453 1455
f 1513 1456 1397
f 1458 1457 1514
f 1459 1516 1402
f 1459 1460 1517
f 1461 1519 1463
f 1402 1516 1520
f 1464 1403 1463
f 1464 1522 1465
f 1405 1465 1523
f 1524 1468 1407
f 1467 1408 1469
f 1526 1527 1469
f 1525 1471 1411
f 1410 1472 1528
f 1530 1472 1471
f 1473 1531 1476
f 1473 1412 1475
f 1475 1474 1532
f 1535 1416 1476
f 1425 1415 1478
f 1477 1537 1538
f 1528 1532 1474
f 1421 6681 1539
f 1482 1422 1481
f 1485 1541 1483
f 1484 1483 1507
f 1485 1482 1540
f 1451 1479 1484
f 1486 1359 1536
f 1487 1545 1489
f 1489 1546 1547
f 1548 1490 1430
f 1492 1428 1490
f 1491 1492 1549
f 1431 1494 1551
f 1547 1552 1494
f 1434 1480 1450
f 1553 1496 1438
f 1554 1497 1439
f 1556 1498 1499
f 1503 1444 1498
f 1502 1443 1504
f 1501 1502 1558
f 1503 1559 1560
f 1505 1558 1561
f 1505 1446 1500
f 1457 1449 1507
f 1511 1510 1562
f 1454 1511 1512
f 1509 1512 1564
f 1513 1566 5121
f 1566 1513 1458
f 1541 1567 1515
f 1517 1460 5118
f 1516 1459 1518
f 1518 1517 1569
f 1520 1571 1519
f 1521 1463 1519
f 1573 1520 1516
f 1521 1574 1522
f 1522 1575 1523
f 1466 1523 1576
f 1468 1524 1577
f 1525 1469 1527
f 1579 1580 1527
f 1471 1525 1578
f 1581 1528 1472
f 1534 1476 1531
f 1533 1532 1583
f 1534 1584 1585
f 1586 1536 1478
f 1587 1588 1537
f 1537 1589 1590
f 1581 1583 1532
f 1539 1591 1540
f 1567 1541 1485
f 1514 1507 1483
f 1542 1540 1591
f 1593 1543 1536
f 1595 1486 1543
f 1486 1595 1596
f 1596 1545 1487
f 1545 1597 1546
f 1547 1546 1599
f 1493 1551 1600
f 1548 1601 1549
f 1552 1602 1551
f 1598 1603 1552
f 1604 1554 1496
f 1605 1499 1497
f 1606 1607 1556
f 1608 1555 1499
f 1556 1607 1559
f 1609 1558 1502
f 1504 1560 1610
f 1560 1559 1612
f 1613 1561 1558
f 1604 1506 1561
f 1615 1616 1563
f 1512 1511 1563
f 1617 1565 1564
f 1515 1567 1619
f 1569 1517 5122
f 1568 1518 1570
f 1622 1570 1569
f 1571 1520 1573
f 1519 1571 1624
f 1521 1572 1625
f 1573 1568 1620
f 1522 1574 1627
f 1628 1576 1523
f 1629 1577 1524
f 1526 1577 1630
f 1578 1527 1580
f 1632 1580 1579
f 1530 1634 1635
f 1584 1534 1533
f 1582 1583 1636
f 1638 1585 1584
f 1587 1477 1535
f 1538 1590 1640
f 1641 1642 1588
f 1589 1537 1588
f 1644 1590 1589
f 1581 1635 1636
f 1591 1539 5123
f 1542 1592 1619
f 5127 1592 1591
f 1646 1594 1543
f 1647 1593 1586
f 1594 1648 1649
f 1596 1595 1649
f 1650 1597 1545
f 1546 1597 1651
f 1598 1599 1652
f 1602 1654 1600
f 1655 1601 1548
f 1603 1657 1602
f 1653 1658 1603
f 1554 1604 1614
f 1659 1606 1555
f 1608 1605 1614
f 1612 1559 1607
f 1610 1662 1609
f 1611 1663 1610
f 1611 1612 1664
f 1662 1666 1613
f 1614 1561 1613
f 1615 1668 1669
f 1564 1563 1616
f 1562 1667 1670
f 1670 1667 1565
f 1617 1618 1671
f 1621 1569 5125
f 1673 1620 1570
f 1675 1622 1621
f 1676 1624 1571
f 1627 1623 1573
f 1625 1572 5207
f 1626 1620 1673
f 1626 1679 1628
f 1680 1629 1576
f 1681 1630 1577
f 1579 1630 1682
f 1632 1683 1631
f 1632 1633 1684
f 1687 1635 1634
f 1582 1637 1639
f 1688 1637 1636
f 1587 1585 1638
f 1638 1639 1690
f 1692 1640 1590
f 1693 1694 1642
f 1643 1588 1642
f 1643 1696 1645
f 1697 1644 1645
f 1635 1687 1689
f 1646 1699 1648
f 1593 1647 1700
f 1640 1692 1701
f 1702 1649 1648
f 1702 1704 1650
f 1704 1651 1597
f 1705 1652 1599
f 1653 1652 1707
f 1602 1657 1708
f 1600 1654 1709
f 1710 1657 1603
f 1706 1711 1658
f 1660 1712 1659
f 1606 1659 1713
f 1662 1610 1663
f 1664 1715 1714
f 1714 1715 1666
f 1712 1660 1613
f 1670 1716 1668
f 1718 1669 1668
f 1616 1669 1671
f 1617 1672 1716
f 1672 1671 1720
f 1674 1621 5129
f 1721 1673 1622
f 1723 1675 1674
f 1623 1627 1625
f 1624 1676 1678
f 1725 1724 1678
f 1726 1679 1673
f 1680 1628 1679
f 1727 1681 1629
f 1728 1682 1630
f 1729 1684 1633
f 1632 1685 1730
f 1685 1684 1732
f 1686 1733 1734
f 1686 1634 1683
f 1688 1690 1639
f 1689 1734 1735
f 1641 1638 1691
f 1692 1644 1697
f 1737 1738 1694
f 1695 1642 1694
f 1695 1740 1696
f 1645 1696 1741
f 1697 1698 1742
f 1699 1646 1700
f 1699 1745 1703
f 1647 1701 1746
f 1748 1702 1703
f 1748 1749 1704
f 1651 1704 1749
f 1750 1707 1652
f 1751 1706 1707
f 1753 1708 1657
f 1754 1709 1654
f 1710 1658 1711
f 1751 1757 1711
f 1661 1713 1715
f 1713 1712 1666
f 1668 1716 1759
f 1761 1718 1717
f 1669 1718 1720
f 1716 1672 1719
f 1762 1763 1719
f 1722 1674 5130
f 1764 1721 1675
f 1722 1765 1766
f 1721 1764 1767
f 1726 1767 1727
f 1728 1681 1727
f 1682 1728 1769
f 1770 1732 1684
f 1771 1730 1685
f 1731 1732 1772
f 1730 1771 1733
f 1774 1734 1733
f 1735 1776 1690
f 1777 1735 1734
f 1737 1693 1691
f 1737 1778 1779
f 1739 1694 1738
f 1740 1695 1739
f 1782 1741 1696
f 1783 1784 1742
f 1785 1743 1742
f 1744 1786 1745
f 1744 1700 1746
f 1788 1746 1701
f 1747 1789 1790
f 1749 1748 1790
f 1749 1791 1750
f 1752 1707 1750
f 1752 1793 1794
f 1795 1754 1708
f 1753 1710 1756
f 1754 1795 1797
f 1756 1711 1757
f 1751 1794 1799
f 1760 1717 1759
f 1801 1761 1760
f 1762 1720 1718
f 1800 1759 1719
f 1803 1804 1763
f 1802 1719 1763
f 1723 1766 1805
f 1807 1766 1765
f 1768 1727 1767
f 1809 1769 1728
f 1729 1769 1810
f 1811 1772 1732
f 1731 1773 1812
f 1813 1814 1773
f 1775 1733 1771
f 1775 1815 1816
f 1776 1735 1777
f 1816 1818 1777
f 1737 1776 1817
f 1820 1779 1778
f 1738 1779 1821
f 1780 1822 1781
f 1740 1781 1823
f 1825 1785 1784
f 1745 1786 1826
f 1746 1788 1827
f 1828 1829 1788
f 1826 1830 1789
f 1832 1790 1789
f 1833 1791 1790
f 1792 1750 1791
f 1834 1835 1794
f 1796 1836 1795
f 1796 1756 1798
f 1797 1795 1836
f 1798 1757 1799
f 1794 1835 1840
f 1800 1841 1842
f 1761 1801 1803
f 1804 1803 1801
f 1844 1802 1804
f 1807 1845 1805
f 1846 1847 1807
f 1849 1810 1769
f 1850 1811 1770
f 1772 1811 1851
f 1814 1852 1812
f 1853 1854 1814
f 1775 1812 1852
f 1855 1856 1816
f 1857 1817 1777
f 1818 1816 1856
f 1819 1778 1817
f 1819 1859 1860
f 1861 1821 1779
f 1821 1862 1822
f 1823 1781 1822
f 1825 1864 1828
f 1865 1826 1786
f 1787 1827 1866
f 1867 1829 1828
f 1868 1830 1826
f 1830 1869 1831
f 1870 1871 1832
f 1832 1871 1872
f 1873 1792 1833
f 1873 1834 1793
f 1874 1875 1835
f 1836 1796 1837
f 1837 1798 1839
f 1876 1878 1838
f 1880 1797 1838
f 1839 1799 1840
f 1875 1882 1840
f 1841 1883 1884
f 1843 1804 1842
f 1886 1844 1843
f 1883 1841 1802
f 1807 1847 1887
f 1809 1848 1888
f 1889 1850 1810
f 1890 1851 1811
f 1851 1891 1853
f 1852 1814 1854
f 1893 1894 1854
f 1815 1852 1892
f 1895 1896 1856
f 1857 1818 1858
f 1858 1856 1896
f 1899 1900 1860
f 1820 1860 1901
f 1902 1862 1821
f 1903 1864 1825
f 1904 1866 1827
f 1865 1866 1905
f 1906 1904 1829
f 1907 1867 1864
f 1868 1908 1869
f 1870 1831 1869
f 1910 1911 1871
f 1873 1872 1912
f 1913 1874 1834
f 1915 1875 1874
f 1839 1881 1916
f 1917 1878 1876
f 1879 1838 1878
f 1919 1880 1879
f 1840 1882 1921
f 1922 1882 1875
f 1924 1884 1883
f 1843 1884 1924
f 1925 1926 1886
f 1923 1883 1844
f 1888 1848 1845
f 1849 1888 1928
f 1850 1889 1929
f 1851 1890 1930
f 1893 1853 1891
f 1894 1932 1892
f 1933 1934 1894
f 1855 1892 1932
f 1896 1895 1936
f 1897 1858 1898
f 1938 1898 1896
f 1939 1940 1900
f 1941 1901 1860
f 1942 1902 1861
f 1943 1905 1866
f 1905 1944 1908
f 1919 1906 1867
f 1904 1906 1945
f 1909 1869 1908
f 1948 1910 1870
f 1911 1910 1950
f 1952 1871 1911
f 1874 1913 1953
f 1914 1955 1956
f 1881 1921 1957
f 1877 1916 1958
f 1917 1959 1918
f 1920 1879 1918
f 1907 1946 1880
f 1919 1920 1945
f 1961 1921 1882
f 1915 1956 1962
f 1923 1963 1964
f 1964 1925 1885
f 1926 1925 1966
f 1923 1886 1926
f 1928 1888 1887
f 1889 1928 1970
f 1971 1930 1890
f 1891 1930 1972
f 1933 1893 1931
f 1934 1974 1932
f 1975 1976 1934
f 1895 1932 1974
f 1935 1936 1977
f 1938 1979 1937
f 1899 1897 1937
f 1935 1978 1980
f 1981 1982 1940
f 1900 1940 1983
f 1984 1942 1901
f 1944 1905 1943
f 1945 1986 1985
f 1909 1947 1987
f 1988 1950 1910
f 1949 1989 1951
f 1949 1950 1990
f 1992 1993 1952
f 1912 1871 1952
f 1953 1995 1996
f 1914 1954 1997
f 1956 1955 1990
f 1999 1957 1921
f 1916 1957 2000
f 2001 1959 1917
f 1960 1918 1959
f 1986 1945 1920
f 1962 2003 1961
f 1998 2004 1962
f 1964 1963 2005
f 2006 1966 1925
f 1926 1965 2005
f 1965 1966 2008
f 1968 2009 1967
f 1967 2010 1969
f 1970 1928 1969
f 1929 1970 2011
f 2012 1972 1930
f 1931 1972 2013
f 2014 1975 1933
f 2015 1974 1934
f 2016 2017 1976
f 2015 1977 1936
f 2018 2019 1978
f 1938 1980 2020
f 1939 1937 1979
f 1980 1978 2019
f 2022 2023 1982
f 1983 1940 1982
f 1941 1983 2025
f 1985 2027 1947
f 2027 1985 1986
f 1987 1947 2027
f 1948 1987 2029
f 1998 1990 1950
f 1991 2030 1989
f 1992 1951 1989
f 1955 1997 1991
f 2032 1993 1992
f 1952 1993 2034
f 1994 1995 1953
f 2036 1996 1995
f 1954 1996 2037
f 1999 2038 2000
f 2001 1958 2000
f 2040 2002 1959
f 2004 2041 2003
f 1988 2029 2004
f 2042 2043 2006
f 1966 2006 2043
f 2042 2005 1965
f 2007 2008 2044
f 2009 2047 2010
f 2047 2011 1970
f 2011 2048 2012
f 1972 2012 2049
f 1973 2013 2050
f 2016 1975 2014
f 2015 1976 2017
f 2054 2017 2016
f 2052 2018 1977
f 2055 2056 2019
f 2020 1980 2021
f 1981 1979 2020
f 2021 2019 2056
f 2023 2022 2060
f 2024 1982 2023
f 2024 2062 2025
f 1984 2025 2063
f 2028 2027 2002
f 2029 1987 2028
f 1997 2037 2030
f 2030 2065 2031
f 1992 2031 2066
f 2067 2034 1993
f 2032 2033 2068
f 2035 1995 1994
f 2035 2070 2071
f 2037 1996 2073
f 2003 2041 2038
f 2041 2004 2029
f 2042 2074 2075
f 2044 2008 2043
f 2007 2045 2074
f 2009 2046 2077
f 2048 2011 2047
f 2048 2078 2049
f 2013 2049 2079
f 2051 2014 2050
f 2053 2016 2051
f 2052 2017 2054
f 2083 2084 2054
f 2085 2018 2052
f 2056 2055 2087
f 2057 2060 2022
f 2058 2088 2057
f 2058 2056 2086
f 2059 2090 2061
f 2059 2060 2091
f 2061 2093 2062
f 2063 2025 2062
f 2064 2028 2040
f 2072 2065 2030
f 2066 2031 2065
f 2033 2066 2096
f 2034 2067 2070
f 2097 2098 2069
f 2071 2070 2100
f 2101 2073 2036
f 2101 2102 2072
f 2039 2038 2041
f 2074 2103 2104
f 2044 2075 2106
f 2103 2074 2045
f 2107 2077 2046
f 2077 2107 2078
f 2078 2109 2110
f 2111 2080 2050
f 2081 2051 2080
f 2081 2113 2114
f 2082 2054 2084
f 2084 2083 2116
f 2115 2118 2085
f 2118 2087 2055
f 2086 2087 2120
f 2088 2091 2060
f 2089 2121 2088
f 2122 2089 2086
f 2059 2092 2123
f 2124 2093 2061
f 2125 2126 2092
f 2094 2062 2093
f 2065 2072 2102
f 2128 2096 2066
f 2068 2096 2129
f 2130 2100 2070
f 2131 2132 2069
f 2101 2071 2099
f 2135 2099 2100
f 2101 2133 2136
f 2103 2137 2138
f 2105 2106 2139
f 2105 2140 2137
f 2076 2108 2141
f 2107 2141 2109
f 2144 2110 2109
f 2111 2145 2112
f 2079 2110 2144
f 2113 2081 2112
f 2113 2147 2148
f 2115 2084 2117
f 2114 2148 2116
f 2150 2117 2116
f 2149 2152 2118
f 2087 2118 2152
f 2091 2088 2121
f 2153 2154 2122
f 2123 2092 2126
f 2124 2090 2123
f 2157 2127 2093
f 2158 2159 2126
f 2095 2102 2136
f 2160 2129 2096
f 2162 2097 2129
f 2100 2130 2163
f 2131 2163 2130
f 2165 2131 2098
f 2166 2133 2099
f 2134 2167 2168
f 2133 2166 2169
f 2137 2170 2171
f 2139 2106 2104
f 2140 2139 2172
f 2140 2173 2170
f 2174 2141 2108
f 2143 2176 2177
f 2144 2177 2145
f 2146 2112 2145
f 2146 2179 2147
f 2147 2180 2181
f 2117 2150 2182
f 2148 2181 2151
f 2151 2183 2184
f 2182 2185 2152
f 2120 2152 2185
f 2187 2158 2125
f 2119 2186 2188
f 2189 2190 2154
f 2191 2122 2154
f 2193 2156 2123
f 2194 2155 2126
f 2156 2195 2157
f 2196 2197 2159
f 2136 2169 2160
f 2161 2129 2160
f 2161 2199 2200
f 2163 2201 2167
f 2164 2098 2162
f 2131 2165 2201
f 2164 2202 2203
f 2204 2166 2135
f 2166 2204 2205
f 2171 2170 2207
f 2172 2139 2138
f 2209 2173 2172
f 2209 2207 2170
f 2142 2175 2210
f 2212 2213 2176
f 2176 2214 2215
f 2178 2145 2177
f 2146 2178 2216
f 2180 2147 2179
f 2219 2181 2180
f 2150 2184 2220
f 2183 2151 2181
f 2183 2221 2222
f 2223 2185 2182
f 2185 2223 2224
f 2225 2196 2158
f 2226 2188 2186
f 2227 2189 2153
f 2228 2229 2190
f 2192 2154 2190
f 2187 2191 2192
f 2193 2231 2195
f 2155 2194 2232
f 2159 2197 2233
f 2197 2196 2234
f 2198 2160 2169
f 2198 2236 2199
f 2237 2200 2199
f 2201 2239 2240
f 2200 2237 2202
f 2165 2203 2239
f 2202 2241 2242
f 2168 2243 2244
f 2245 2205 2204
f 2172 2171 2206
f 2246 2247 2206
f 2248 2249 2209
f 2249 2246 2207
f 2175 2211 2250
f 2174 2210 2213
f 2214 2176 2213
f 2214 2252 2253
f 2215 2253 2216
f 2254 2217 2179
f 2180 2217 2255
f 2218 2256 2257
f 2220 2184 2259
f 2219 2257 2221
f 2221 2260 2261
f 2262 2223 2220
f 2224 2223 2262
f 2264 2234 2196
f 2265 2227 2188
f 2224 2263 2266
f 2229 2228 2268
f 2190 2229 2269
f 2270 2225 2192
f 2193 2232 2271
f 2272 2232 2194
f 2273 2233 2197
f 2235 2234 2275
f 2205 2245 2236
f 2276 2238 2199
f 2238 2277 2278
f 2279 2240 2239
f 2237 2278 2241
f 2203 2242 2280
f 2281 2282 2242
f 2283 2244 2243
f 2283 2285 2245
f 2208 2206 2247
f 2246 2286 2287
f 2249 2248 2289
f 2288 2286 2246
f 2290 2250 2211
f 2251 2213 2210
f 2251 2292 2252
f 2252 2293 2294
f 2254 2216 2253
f 2217 2254 2295
f 2255 2296 2256
f 2258 2259 2297
f 2260 2221 2257
f 2261 2260 2301
f 2297 2259 2222
f 2302 2262 2258
f 2262 2302 2303
f 2304 2275 2234
f 2266 2305 2265
f 2306 2227 2265
f 2308 2269 2229
f 2306 2268 2228
f 2271 2232 2309
f 2233 2273 2311
f 2273 2235 2274
f 2313 2274 2275
f 2236 2245 2285
f 2315 2277 2238
f 2316 2278 2277
f 2284 2240 2279
f 2280 2319 2320
f 2321 2241 2278
f 2319 2280 2242
f 2282 2281 2323
f 2283 2284 2318
f 2324 2325 2285
f 2248 2247 2287
f 2326 2327 2287
f 2288 2289 2328
f 2288 2329 2326
f 2330 2290 7438
f 2251 2250 2331
f 2333 2293 2252
f 2293 2334 2335
f 2295 2254 2294
f 2255 2295 2336
f 2296 2337 2338
f 2339 2301 2260
f 2300 2340 2297
f 2298 2341 2342
f 2302 2342 2343
f 2314 2275 2304
f 2345 2304 2264
f 2307 2265 2305
f 2308 2348 2349
f 2351 2308 2267
f 2352 2353 2268
f 2312 2355 2311
f 2311 2354 2309
f 2312 2274 2357
f 2357 2274 2313
f 2358 2313 2314
f 2276 2285 2325
f 2315 2360 2317
f 2317 2361 2362
f 2318 2279 2320
f 2364 2320 2319
f 2316 2362 2366
f 2365 2319 2282
f 2321 2366 2323
f 2368 2322 2323
f 2324 2318 2363
f 2369 2370 2325
f 2287 2327 2328
f 2371 2327 2326
f 2373 2374 2329
f 2326 2329 2374
f 2332 2375 2330
f 2330 2376 2331
f 2377 2292 2331
f 2379 2293 2333
f 2334 2293 2379
f 2334 2381 2382
f 2295 2335 2382
f 2337 2296 2336
f 2338 2337 2384
f 2338 2339 2299
f 2386 2387 2301
f 2340 2300 2389
f 2341 2298 2340
f 2341 2390 2391
f 2342 2391 2392
f 2393 2394 2303
f 2396 2344 2304
f 2314 2344 2397
f 2400 2307 2346
f 2401 2346 2305
f 2395 2402 2347
f 2351 2403 2348
f 2345 2349 2348
f 2404 2405 2351
f 2350 2267 2353
f 2353 2352 2408
f 2356 2411 2355
f 2354 2311 2355
f 2356 2357 2412
f 2414 2412 2357
f 2359 2415 2414
f 2315 2325 2370
f 2361 2317 2360
f 2418 2362 2361
f 2419 2363 2320
f 2420 2364 2365
f 2422 2366 2362
f 2322 2368 2421
f 2367 2323 2366
f 2367 2423 2424
f 2363 2419 2425
f 2369 2425 2426
f 2371 2373 2328
f 2428 2371 2372
f 2374 2373 2430
f 2429 2427 2372
f 2432 2376 2330
f 2433 2377 2376
f 2378 2333 2377
f 2434 2381 2334
f 2435 2436 2382
f 2383 2437 2384
f 2383 2336 2436
f 2385 2386 2339
f 2440 2387 2386
f 2388 2389 2441
f 2442 2390 2341
f 2444 2391 2390
f 2392 2391 2444
f 2393 2343 2392
f 2393 2447 2448
f 2394 2449 2395
f 2397 2450 2415
f 2399 2451 2452
f 2352 2307 2400
f 2399 2346 2401
f 2398 2455 2456
f 2458 2347 2402
f 2347 2458 2455
f 2403 2351 2405
f 2396 2348 2403
f 2406 2461 2404
f 2462 2452 2405
f 2407 2463 2406
f 2352 2453 2464
f 2407 2408 2465
f 2467 2410 2409
f 2413 2469 2411
f 2409 2355 2411
f 2413 2412 2471
f 2412 2414 2472
f 2472 2414 2415
f 2416 2360 2370
f 2361 2416 2474
f 2417 2475 2476
f 2477 2419 2364
f 2420 2421 2478
f 2480 2422 2418
f 2424 2478 2421
f 2422 2480 2423
f 2424 2423 2481
f 2419 2477 2483
f 2484 2426 2425
f 2430 2373 2371
f 2485 2486 2428
f 2429 2430 2487
f 2433 2432 2490
f 2491 2492 2378
f 2490 2432 2434
f 2381 2434 2493
f 2436 2435 2495
f 2496 2437 2383
f 2497 2498 2384
f 2439 2386 2385
f 2500 2501 2442
f 2501 2443 2390
f 2444 2443 2503
f 2504 2446 2392
f 2446 2505 2447
f 2447 2506 2507
f 2394 2448 2508
f 2509 2510 2450
f 2473 2415 2450
f 2399 2454 2511
f 2462 2453 2400
f 2512 2454 2401
f 2457 2402 2449
f 2514 2455 2458
f 2459 2509 2460
f 2459 2405 2452
f 2463 2515 2461
f 2462 2404 2461
f 2466 2517 2463
f 2516 2464 2453
f 2408 2464 2518
f 2520 2466 2465
f 2467 2468 2522
f 2470 2523 2469
f 2468 2411 2469
f 2524 2525 2470
f 2472 2526 2527
f 2526 2472 2473
f 2474 2416 2426
f 2417 2474 2528
f 2476 2475 2530
f 2479 2531 2477
f 2532 2533 2479
f 2534 2480 2476
f 2482 2532 2478
f 2481 2423 2480
f 2535 2536 2482
f 2537 2483 2477
f 2483 2537 2538
f 2485 2539 2540
f 2488 2487 2542
f 2431 2489 2544
f 2491 2490 2380
f 2547 2548 2496
f 2549 2550 2498
f 2439 2498 2550
f 2553 2501 2500
f 2441 2552 2555
f 2556 2443 2501
f 2557 2558 2502
f 2445 2559 2560
f 2505 2561 2506
f 2563 2507 2506
f 2508 2448 2507
f 2511 2450 2510
f 2473 2511 2454
f 2526 2512 2456
f 2565 2457 2508
f 2566 2514 2513
f 2517 2568 2515
f 2516 2461 2515
f 2570 2571 2517
f 2569 2518 2464
f 2572 2465 2518
f 2575 2520 2519
f 2572 2576 2519
f 2522 2577 2578
f 2579 2577 2525
f 2514 2566 2527
f 2538 2528 2474
f 2580 2530 2475
f 2529 2530 2582
f 2531 2479 2533
f 2584 2585 2533
f 2581 2586 2534
f 2532 2482 2536
f 2535 2481 2534
f 2587 2588 2536
f 2589 2537 2531
f 2590 2538 2537
f 2591 2539 2485
f 2540 2539 2593
f 2540 2594 2595
f 2541 2542 2596
f 2543 2597 2544
f 2547 2495 2544
f 2547 2598 2599
f 2496 2548 2600
f 2497 2600 2601
f 2550 2549 2603
f 2604 2499 2440
f 2554 2500 2555
f 2553 2554 2607
f 2605 2609 2555
f 2553 2608 2610
f 2611 2612 2558
f 2559 2445 2502
f 2557 2503 2556
f 2559 2614 2615
f 2504 2560 2616
f 2561 2505 2617
f 2506 2561 2619
f 2567 2565 2563
f 2565 2567 2513
f 2566 2567 2562
f 2568 2517 2571
f 2621 2569 2515
f 2622 2623 2571
f 2573 2518 2569
f 2573 2624 2576
f 2574 2625 2626
f 2570 2520 2575
f 2574 2519 2576
f 2523 2525 2577
f 2579 2562 2578
f 2527 2566 2579
f 2528 2538 2590
f 2530 2580 2629
f 2581 2582 2631
f 2583 2533 2585
f 2585 2584 2634
f 2630 2635 2586
f 2588 2634 2584
f 2535 2586 2635
f 2588 2587 2636
f 2589 2583 2632
f 2638 2639 2590
f 2591 2640 2593
f 2592 2641 2594
f 2643 2592 2593
f 2542 2595 2594
f 2640 2591 2596
f 2543 2645 2646
f 2647 2599 2598
f 2649 2600 2548
f 2650 2601 2600
f 2601 2651 2603
f 2602 2652 2653
f 2602 2603 2654
f 2604 2656 2605
f 2551 2653 2656
f 2606 2657 2607
f 2606 2555 2609
f 2607 2659 2660
f 2662 2609 2605
f 2608 2660 2663
f 2557 2610 2663
f 2665 2612 2611
f 2559 2558 2612
f 2560 2615 2666
f 2618 2617 2667
f 2669 2670 2619
f 2619 2671 2628
f 2621 2568 2620
f 2620 2571 2623
f 2674 2675 2623
f 2672 2624 2573
f 2576 2624 2676
f 2627 2677 2625
f 2625 2678 2679
f 2674 2622 2575
f 2639 2629 2580
f 2582 2629 2680
f 2630 2631 2681
f 2632 2585 2633
f 2633 2634 2685
f 2682 2686 2635
f 2637 2685 2634
f 2686 2636 2587
f 2687 2688 2637
f 2638 2632 2683
f 2689 2690 2639
f 2593 2640 2691
f 2592 2643 2692
f 2596 2594 2641
f 2642 2693 2694
f 2695 2691 2640
f 2697 2597 2646
f 2699 2649 2599
f 2697 2700 2647
f 2650 2701 2651
f 2702 2650 2649
f 2654 2603 2651
f 2652 2602 2655
f 2652 2705 2656
f 2706 2661 2605
f 2606 2658 2707
f 2659 2607 2657
f 2709 2658 2609
f 2711 2660 2659
f 2712 2662 2661
f 2714 2715 2663
f 2664 2716 2717
f 2612 2665 2718
f 2664 2611 2715
f 2720 2666 2615
f 2616 2666 2667
f 2668 2667 2723
f 2668 2724 2669
f 2724 2725 2670
f 2671 2619 2670
f 2673 2727 2672
f 2673 2623 2675
f 2729 2675 2674
f 2727 2676 2624
f 2627 2676 2731
f 2677 2732 2678
f 2678 2733 2734
f 2626 2679 2730
f 2690 2680 2629
f 2631 2680 2735
f 2736 2737 2682
f 2684 2738 2683
f 2684 2685 2739
f 2737 2741 2686
f 2685 2637 2688
f 2636 2686 2741
f 2688 2687 2743
f 2689 2683 2738
f 2744 2745 2690
f 2693 2642 2691
f 2747 2692 2643
f 2641 2692 2695
f 2748 2694 2693
f 2691 2695 2750
f 2696 2751 2698
f 2698 2753 2700
f 2700 2754 2699
f 2650 2702 2755
f 2756 2702 2699
f 2704 2757 2705
f 2706 2758 2713
f 2759 2707 2658
f 2657 2707 2760
f 2708 2761 2710
f 2762 2709 2662
f 2710 2763 2764
f 2660 2711 2765
f 2712 2713 2766
f 2664 2719 2768
f 2770 2717 2716
f 2771 2718 2665
f 2721 2615 2718
f 2723 2667 2666
f 2721 2772 2773
f 2724 2668 2722
f 2722 2723 2776
f 2774 2777 2725
f 2726 2670 2725
f 2728 2779 2727
f 2780 2728 2675
f 2730 2781 2782
f 2779 2731 2676
f 2731 2783 2732
f 2733 2678 2732
f 2785 2734 2733
f 2781 2730 2679
f 2680 2690 2745
f 2681 2735 2787
f 2788 2789 2737
f 2740 2790 2738
f 2740 2739 2791
f 2789 2793 2741
f 2742 2791 2739
f 2687 2741 2793
f 2794 2742 2743
f 2744 2738 2790
f 2796 2797 2745
f 2747 2750 2695
f 2694 2748 2798
f 2748 2749 2799
f 2746 2750 2801
f 2752 2803 2804
f 2754 2700 2753
f 2806 2755 2702
f 2808 2705 2757
f 2766 2713 2758
f 2709 2762 2811
f 2707 2759 2812
f 2813 2763 2710
f 2767 2814 2762
f 2763 2815 2816
f 2711 2764 2817
f 2714 2765 2818
f 2766 2820 2821
f 2822 2769 2716
f 2769 2823 2824
f 2825 2771 2717
f 2772 2721 2771
f 2773 2776 2723
f 2827 2773 2772
f 2775 2828 2774
f 2828 2829 2777
f 2778 2725 2777
f 2831 2779 2728
f 2782 2832 2780
f 2781 2833 2834
f 2779 2831 2783
f 2784 2732 2783
f 2784 2836 2786
f 2786 2837 2838
f 2839 2833 2781
f 2735 2745 2797
f 2736 2787 2840
f 2841 2842 2789
f 2792 2843 2790
f 2792 2791 2845
f 2793 2789 2842
f 2794 2845 2791
f 2795 2743 2793
f 2795 2847 2848
f 2796 2790 2843
f 2849 2850 2797
f 2747 2798 2801
f 2748 2800 2851
f 2749 2801 2852
f 2800 2799 2853
f 2752 2802 2856
f 2753 2751 2857
f 2858 2806 2756
f 2859 2860 2808
f 2861 2809 2705
f 2810 2862 2820
f 2812 2759 2811
f 2812 2864 2865
f 2866 2867 2763
f 2867 2868 2815
f 2869 2870 2816
f 2871 2817 2764
f 2817 2872 2818
f 2819 2818 2873
f 2875 2821 2820
f 2822 2877 2823
f 2768 2819 2874
f 2878 2824 2823
f 2880 2825 2770
f 2826 2772 2825
f 2773 2827 2881
f 2827 2826 2883
f 2881 2884 2828
f 2884 2885 2829
f 2830 2777 2829
f 2831 2780 2832
f 2782 2834 2888
f 2834 2833 2889
f 2835 2783 2831
f 2835 2891 2836
f 2837 2786 2836
f 2893 2838 2837
f 2839 2785 2838
f 2895 2889 2833
f 2850 2840 2787
f 2788 2840 2896
f 2842 2841 2898
f 2844 2899 2843
f 2844 2845 2900
f 2846 2842 2897
f 2848 2900 2845
f 2846 2902 2847
f 2904 2848 2847
f 2849 2843 2899
f 2905 2906 2850
f 2798 2851 2852
f 2854 2907 2851
f 2799 2852 2908
f 2854 2853 2910
f 2911 2751 2804
f 5165 2913 2855
f 2802 2855 2914
f 2915 2916 2803
f 2805 2857 2917
f 2860 2918 2862
f 2876 2820 2862
f 2864 2812 2863
f 2811 2814 2921
f 2922 2865 2864
f 2813 2865 2922
f 2867 2866 2924
f 2925 2926 2868
f 2927 2869 2815
f 2928 2929 2870
f 2816 2870 2930
f 2871 2931 2872
f 2873 2818 2872
f 2874 2873 2924
f 2934 2814 2821
f 2875 2876 2935
f 2874 2933 2877
f 2877 2923 2879
f 2824 2878 2937
f 2938 2878 2879
f 2880 2937 2883
f 2884 2881 2827
f 2883 2936 2935
f 2882 2935 2885
f 2886 2829 2885
f 2887 2832 2888
f 2940 2888 2834
f 2890 2889 2942
f 2939 2891 2835
f 2892 2836 2891
f 2944 2894 2837
f 2895 2838 2893
f 2946 2947 2893
f 2945 2942 2889
f 2906 2896 2840
f 2841 2896 2948
f 2897 2898 2949
f 2844 2901 2951
f 2950 2952 2902
f 2904 2953 2900
f 2903 2847 2902
f 2954 2955 2904
f 2899 2951 2956
f 2956 2957 2906
f 2851 2907 2908
f 2909 2958 2907
f 2853 2908 2959
f 2909 2910 2960
f 2911 2912 2961
f 2914 2855 2913
f 2915 2965 2966
f 2916 2961 2912
f 2968 2917 2857
f 2919 2862 2918
f 2885 2935 2876
f 2920 2879 2923
f 2863 2921 2938
f 2923 2877 2933
f 2933 2924 2866
f 2925 2924 2873
f 2932 2970 2926
f 2868 2926 2971
f 2869 2927 2972
f 2973 2974 2929
f 2930 2870 2929
f 2871 2930 2976
f 2931 2970 2932
f 2875 2936 2977
f 2878 2938 2977
f 2977 2936 2883
f 2888 2940 2978
f 2940 2890 2941
f 2941 2942 2980
f 2978 2943 2891
f 2943 2982 2944
f 2894 2944 2983
f 2945 2893 2947
f 2985 2986 2947
f 2984 2980 2942
f 2957 2948 2896
f 2898 2948 2987
f 2950 2949 2989
f 2990 2951 2901
f 2988 2991 2952
f 2953 2904 2955
f 2903 2952 2991
f 2993 2994 2955
f 2995 2956 2951
f 2995 2996 2957
f 2907 2958 2959
f 2959 2958 2960
f 2997 2998 2962
f 2964 3000 2963
f 2914 2963 2965
f 3002 2966 2965
f 2961 2916 2966
f 2968 2967 3005
f 2921 2934 2977
f 2926 2970 3006
f 2928 2972 3007
f 3008 3009 2974
f 2975 2929 2974
f 3011 2976 2930
f 2976 3006 2970
f 3012 2978 2940
f 2941 2981 3013
f 3014 2981 2980
f 2978 3012 2982
f 3016 2983 2944
f 2985 2946 2983
f 2984 2947 2986
f 2985 3019 3020
f 3015 2980 2984
f 2996 2987 2948
f 2949 2987 3021
f 2990 2953 2992
f 2988 3023 3024
f 2992 2955 2994
f 2954 2991 3024
f 2994 2993 3027
f 2990 3022 3028
f 2995 3028 3029
f 3030 3031 2998
f 2999 2962 2998
f 3033 3000 2964
f 2965 2963 3000
f 5172 2969 2968
f 3005 3035 3036
f 3040 2971 3006
f 2972 3041 3042
f 2973 3007 3043
f 3008 3044 3045
f 2974 3009 3046
f 3047 3011 2975
f 2976 3011 3039
f 2979 3013 3048
f 3049 3013 2981
f 3015 3050 3051
f 3016 2982 3012
f 3052 3017 2983
f 3017 3053 3019
f 3018 2986 3020
f 3055 3020 3019
f 3054 3050 3015
f 2987 2996 3029
f 2989 3021 3057
f 2992 3025 3058
f 3024 3023 3060
f 2994 3026 3061
f 3059 3027 2993
f 3026 3027 3062
f 3058 3064 3028
f 3065 3029 3028
f 3066 3067 3031
f 3068 3032 2998
f 3034 3069 3033
f 3000 3033 3070
f 3004 3036 3038
f 3074 3036 3035
f 3078 3040 3039
f 3042 3041 3040
f 3007 3042 3079
f 3008 3043 3080
f 3081 3045 3044
f 3009 3045 3083
f 3010 3046 3084
f 3077 3039 3011
f 3085 3048 3013
f 3014 3051 3086
f 3050 3087 3088
f 3052 3016 3048
f 3052 3089 3053
f 3053 3090 3056
f 3091 3054 3020
f 3056 3092 3093
f 3087 3050 3054
f 3065 3057 3021
f 3057 3094 3060
f 3095 3058 3025
f 3059 3060 3096
f 3061 3026 3063
f 3097 3062 3027
f 3099 3100 3063
f 3101 3064 3058
f 3064 3101 3102
f 3066 3103 3104
f 3105 3068 3031
f 3107 3032 3068
f 3034 3071 3108
f 3033 3069 3109
f 3070 3110 3072
f 3111 3071 3037
f 3002 3072 3103
f 3036 3074 3076
f 3112 3113 3074
f 3106 3073 3035
f 3075 3076 3074
f 3116 3078 3077
f 3079 3042 3078
f 3118 3080 3043
f 3119 3083 3045
f 3120 3081 3082
f 3122 3084 3046
f 3047 3084 3117
f 3123 3085 3049
f 3051 3088 3124
f 3087 3125 3126
f 3085 3123 3089
f 3089 3127 3090
f 3092 3056 3090
f 3055 3093 3129
f 3093 3092 3131
f 3091 3129 3125
f 3065 3102 3094
f 3096 3060 3094
f 3061 3098 3133
f 3134 3135 3097
f 3063 3100 3136
f 3099 3062 3097
f 3137 3138 3100
f 3095 3133 3139
f 3140 3102 3101
f 3067 3104 3141
f 3068 3105 3142
f 3111 3143 3108
f 3144 3109 3069
f 5175 3114 3145
f 3146 3113 3112
f 3106 3148 3112
f 3075 3113 3149
f 3150 5180 5178
f 3117 3151 3152
f 3116 3152 3118
f 3153 3154 3080
f 3155 3119 3081
f 3119 3156 3157
f 3158 3159 3121
f 3121 3160 3161
f 3151 3117 3084
f 3086 3124 3162
f 3088 3126 3163
f 3126 3125 3165
f 3123 3162 3127
f 3090 3127 3166
f 3131 3092 3128
f 3130 3168 3129
f 3130 3131 3169
f 3125 3129 3168
f 3102 3171 3132
f 3132 3172 3134
f 3133 3098 3136
f 3174 3135 3134
f 3137 3099 3135
f 3137 3175 3176
f 3139 3133 3173
f 3139 3177 3178
f 3104 3179 3180
f 3181 3142 3105
f 3142 3182 3183
f 3111 3145 3184
f 3186 3108 3143
f 3110 3109 3144
f 3187 3145 3114
f 3148 3188 3147
f 3146 3147 3189
f 3183 3191 3148
f 3115 3149 3193
f 3196 3152 3151
f 3153 3118 3152
f 3158 3154 3153
f 3120 3161 3198
f 3119 3155 3199
f 3195 3157 3156
f 3197 3201 3159
f 3160 3121 3159
f 3204 3161 3160
f 3195 3151 3122
f 3163 3205 3162
f 3206 3163 3126
f 3164 3165 3207
f 3127 3162 3205
f 3209 3167 3128
f 3131 3167 3210
f 3170 3211 3168
f 3170 3169 3213
f 3211 3207 3165
f 3214 3172 3132
f 3173 3136 3138
f 3215 3174 3172
f 3174 3215 3175
f 3175 3216 3217
f 3176 3217 3177
f 3178 3177 3218
f 3179 3144 3186
f 3141 3180 3220
f 3181 3221 3182
f 3182 3222 3191
f 3223 3184 3145
f 3185 3143 3184
f 3225 3186 3185
f 3227 3187 5179
f 3188 3148 3191
f 3229 3147 3188
f 3190 3189 3231
f 3190 3193 3149
f 3150 3193 3233
f 3195 3200 3235
f 3196 3235 3197
f 3236 3198 3161
f 3237 3199 3155
f 3156 3199 3238
f 3201 3197 3235
f 3202 3159 3201
f 3203 3160 3202
f 3242 3204 3203
f 3206 3244 3205
f 3206 3164 3208
f 3208 3207 3246
f 3166 3205 3244
f 3167 3209 3248
f 3249 3213 3169
f 3212 3250 3211
f 3212 3213 3251
f 3250 3246 3207
f 3214 3171 3140
f 3253 3254 3215
f 3215 3254 3216
f 3217 3216 3256
f 3253 3178 3219
f 3225 3220 3180
f 3258 3259 3221
f 3260 3222 3182
f 3228 3191 3222
f 3262 3224 3184
f 3263 3223 3187
f 3224 3264 3226
f 3226 3265 3266
f 3267 3227 3192
f 3228 3268 3230
f 3270 3229 3230
f 3270 3231 3189
f 3271 3272 3232
f 3193 3190 3232
f 3273 3234 3194
f 3239 3235 3200
f 3236 3274 3237
f 3275 3236 3204
f 3276 3238 3199
f 3239 3277 3240
f 3241 3202 3240
f 3241 3279 3243
f 3243 3280 3281
f 3244 3206 3245
f 3245 3208 3247
f 3284 3285 3247
f 3282 3248 3209
f 3210 3248 3286
f 3287 3251 3213
f 3252 3288 3250
f 3252 3251 3290
f 3246 3250 3288
f 3257 3291 3254
f 3216 3254 3291
f 3292 3218 3217
f 3255 3256 3293
f 3257 3219 3296
f 3266 3258 3220
f 3259 3258 3266
f 3298 3260 3221
f 3299 3261 3222
f 3228 3261 3300
f 3262 3301 3264
f 3223 3263 3302
f 3227 3267 3303
f 3265 3226 3264
f 3266 3265 3305
f 3269 3230 3268
f 3269 3308 3309
f 3271 3231 3270
f 3310 3311 3272
f 3233 3232 3272
f 3234 3273 3312
f 3277 3239 3238
f 3275 3313 3274
f 3276 3237 3274
f 3281 3315 3275
f 3278 3240 3277
f 3279 3241 3278
f 3280 3243 3279
f 3280 3319 3320
f 3282 3245 3283
f 3283 3247 3285
f 3323 3324 3285
f 3321 3286 3248
f 3325 3287 3249
f 3326 3290 3251
f 3288 3252 3289
f 3328 3289 3290
f 3323 3284 3288
f 3330 3291 3257
f 3256 3291 3331
f 3292 3255 3294
f 3294 3293 3333
f 3292 3332 3296
f 3296 3335 3336
f 3337 3298 3259
f 3338 3299 3260
f 3261 3299 3339
f 3300 3340 3307
f 3302 3341 3301
f 3342 3304 3264
f 3302 3263 3303
f 3344 3303 3267
f 3265 3304 3345
f 3297 3305 3346
f 3307 3348 3308
f 3349 3309 3308
f 3351 3310 3271
f 3311 3310 3352
f 3311 3312 3273
f 8445 3312 3354
f 3314 3316 3277
f 3313 3275 3315
f 3314 3274 3313
f 3357 3315 3281
f 3317 3278 3316
f 3317 3359 3318
f 3318 3360 3319
f 3361 3320 3319
f 3322 3363 3321
f 3322 3285 3324
f 3365 3366 3324
f 3286 3321 3363
f 3367 3326 3287
f 3326 3368 3329
f 3289 3328 3369
f 3370 3328 3329
f 3327 3369 3365
f 3330 3295 3336
f 3293 3331 3373
f 3334 3374 3332
f 3375 3376 3334
f 3332 3374 3335
f 3378 3336 3335
f 3379 3338 3298
f 3380 3339 3299
f 3300 3339 3381
f 3340 3382 3348
f 3343 3383 3341
f 3301 3341 3384
f 3385 3345 3304
f 3343 3303 3344
f 3347 3387 3344
f 3305 3345 3388
f 3337 3346 3389
f 3348 3391 3350
f 3350 3392 3393
f 3394 3352 3310
f 3352 3395 3396
f 3353 3354 3312
f 3397 8528 8485
f 3356 3358 3316
f 3355 3315 3399
f 3355 3400 3356
f 3357 3320 3361
f 3358 3402 3359
f 3360 3318 3359
f 3360 3404 3362
f 3361 3362 3405
f 3364 3407 3363
f 3324 3366 3408
f 3409 3410 3366
f 3407 3367 3325
f 3326 3367 3411
f 3371 3329 3368
f 3413 3369 3328
f 3370 3371 3414
f 3365 3369 3413
f 3372 3336 3378
f 3372 3373 3331
f 3333 3373 3417
f 3418 3374 3334
f 3419 3420 3376
f 3377 3335 3374
f 3377 3421 3422
f 3423 3380 3338
f 3339 3380 3424
f 3381 3425 3382
f 3391 3348 3382
f 3342 3384 3427
f 3428 3388 3345
f 3386 3344 3387
f 3390 3430 3387
f 3431 3389 3346
f 3379 3389 3432
f 3391 3434 3392
f 3436 3393 3392
f 3393 3394 3351
f 3394 3437 3395
f 3395 3438 3439
f 3396 3397 3354
f 8528 3397 3440
f 3356 3400 3402
f 3400 3355 3398
f 3398 3399 3443
f 3361 3406 3445
f 3401 3443 3399
f 3403 3359 3402
f 3403 3447 3404
f 3362 3404 3448
f 3406 3405 3450
f 3408 3451 3407
f 3410 3452 3408
f 3453 3454 3410
f 3451 3411 3367
f 3368 3411 3455
f 3456 3414 3371
f 3413 3370 3415
f 3415 3414 3459
f 3457 3453 3409
f 3460 3416 3378
f 3416 3417 3373
f 3375 3417 3461
f 3418 3376 3420
f 3463 3464 3420
f 3418 3462 3421
f 3422 3421 3466
f 3467 3424 3380
f 3381 3424 3468
f 3426 3382 3425
f 3391 3426 3470
f 3384 3383 3471
f 3472 3428 3385
f 3388 3428 3473
f 3429 3387 3430
f 3386 3429 3475
f 3476 3430 3390
f 3477 3432 3389
f 3423 3432 3478
f 3433 5188 5189
f 3435 3392 3434
f 3435 3481 3482
f 3437 3394 3393
f 3437 3483 3438
f 3485 3439 3438
f 3397 3396 3439
f 3440 3486 3441
f 3442 3446 3402
f 3442 3398 3444
f 3489 3490 3444
f 3445 3406 3449
f 3445 3489 3443
f 3403 3446 3492
f 3493 3448 3404
f 3405 3448 3494
f 3449 3450 3495
f 3451 3408 3452
f 3454 3498 3452
f 3499 3500 3454
f 3497 3455 3411
f 3501 3456 3412
f 3414 3456 3502
f 3457 3415 3458
f 3504 3505 3458
f 3503 3499 3453
f 3465 3506 3460
f 3417 3416 3460
f 3461 3507 3508
f 3462 3420 3464
f 3464 3463 3511
f 3421 3462 3509
f 3465 3466 3512
f 3514 3468 3424
f 3425 3468 3515
f 3516 3470 3426
f 3434 3470 3517
f 3428 3472 3518
f 3431 3473 3519
f 3520 3474 3430
f 3474 3521 3475
f 3433 3479 3522
f 3478 3432 3477
f 3467 3478 3524
f 3480 3526 3481
f 3528 3482 3481
f 3436 3482 3483
f 3484 3438 3483
f 3484 3530 3531
f 3486 3440 3439
f 3486 3532 3487
f 3488 3492 3446
f 3488 3444 3490
f 3535 3536 3490
f 3491 3449 3496
f 3491 3535 3489
f 3447 3492 3538
f 3539 3494 3448
f 3540 3495 3450
f 3541 3542 3496
f 3497 3452 3498
f 3544 3498 3454
f 3500 3499 3546
f 3501 3455 3497
f 3547 3502 3456
f 3459 3502 3548
f 3503 3458 3505
f 3504 3550 3551
f 3549 3546 3499
f 3513 3552 3506
f 3461 3460 3506
f 3507 3553 3554
f 3510 3555 3509
f 3463 3508 3554
f 3511 3556 3557
f 3509 3555 3558
f 3559 3560 3513
f 3514 3561 3515
f 3562 3516 3469
f 3563 3517 3470
f 3517 3564 3526
f 3566 3519 3473
f 3523 3477 3519
f 3568 3520 3476
f 3474 3520 3569
f 3570 3471 3475
f 3571 3522 3479
f 3561 3514 3524
f 5192 3573 3525
f 3527 3481 3526
f 3575 3528 3527
f 3482 3528 3529
f 3529 3577 3530
f 3530 3578 3579
f 3485 3531 3532
f 3533 3487 3532
f 3534 3538 3492
f 3534 3490 3536
f 3536 3535 3584
f 3584 3535 3491
f 3537 3496 3542
f 3493 3538 3586
f 3494 3539 3587
f 3588 3541 3495
f 3541 3589 3590
f 3543 3498 3544
f 3545 3592 3544
f 3545 3546 3593
f 3501 3543 3591
f 3502 3547 3595
f 3504 3548 3596
f 3505 3551 3597
f 3550 3598 3599
f 3597 3593 3546
f 3552 3513 3560
f 3553 3507 3506
f 3553 3601 3602
f 3557 3603 3555
f 3511 3554 3602
f 3556 3604 3605
f 3555 3603 3606
f 3558 3606 3559
f 3560 3559 3608
f 3562 3515 3561
f 3610 3563 3516
f 3611 3564 3517
f 3574 3526 3564
f 3613 3567 3519
f 3518 3565 3614
f 3567 3615 3616
f 3568 3617 3569
f 3618 3568 3522
f 3619 3620 3570
f 3525 3573 3621
f 3572 3623 3609
f 3572 3524 3622
f 3574 3626 3576
f 3577 3529 3528
f 3576 3627 3628
f 3577 3629 3578
f 3579 3578 3630
f 3531 3579 3580
f 3533 3580 3632
f 3582 3586 3538
f 3583 3634 3582
f 3583 3584 3636
f 3585 3636 3584
f 3590 3637 3585
f 3638 3587 3539
f 3540 3587 3639
f 3640 3589 3541
f 3589 3641 3642
f 3591 3544 3592
f 3594 3644 3592
f 3645 3646 3594
f 3643 3595 3547
f 3548 3595 3647
f 3596 3648 3598
f 3551 3599 3649
f 3651 3599 3598
f 3649 3645 3593
f 3607 3652 3600
f 3552 3600 3601
f 3653 3654 3602
f 3605 3655 3603
f 3602 3654 3604
f 3657 3605 3604
f 3606 3603 3655
f 3658 3608 3559
f 3608 3659 3660
f 3609 3661 3610
f 3662 3611 3563
f 3663 3612 3564
f 3626 3574 3612
f 3613 3665 3615
f 3566 3614 3666
f 3565 3570 3620
f 3615 3667 3668
f 3618 3669 3617
f 3617 3670 3619
f 3571 3621 3671
f 3670 3672 3620
f 3573 3625 3673
f 3624 3674 3623
f 3623 3675 3661
f 3616 3668 3624
f 3627 3576 3626
f 3575 3628 3629
f 3678 3628 3627
f 3680 3630 3578
f 3681 3682 3631
f 3580 3579 3631
f 3632 3683 3633
f 3634 3638 3586
f 3635 3685 3634
f 3635 3636 3686
f 3686 3636 3585
f 3637 3590 3642
f 3689 3639 3587
f 3690 3640 3588
f 3589 3640 3691
f 3642 3641 3693
f 3644 3694 3643
f 3695 3644 3594
f 3646 3645 3697
f 3595 3643 3694
f 3647 3698 3648
f 3650 3598 3648
f 3599 3651 3700
f 3702 3651 3650
f 3660 3703 3652
f 3601 3600 3652
f 3704 3705 3654
f 3605 3657 3706
f 3705 3656 3604
f 3656 3707 3708
f 3655 3706 3709
f 3658 3709 3659
f 3710 3711 3660
f 3662 3610 3661
f 3611 3662 3713
f 3663 3714 3664
f 3664 3715 3677
f 3613 3666 3716
f 3667 3615 3665
f 3614 3620 3672
f 3718 3668 3667
f 3720 3721 3669
f 3670 3617 3669
f 3621 3673 3723
f 3722 3724 3672
f 3676 3725 3673
f 3674 3624 3668
f 3675 3623 3674
f 3712 3661 3675
f 3677 3729 3679
f 3678 3680 3629
f 3679 3730 3731
f 3630 3680 3732
f 3733 3734 3682
f 3632 3631 3682
f 3638 3634 3685
f 3687 3737 3685
f 3738 3739 3687
f 3688 3738 3686
f 3688 3642 3692
f 3639 3689 3741
f 3742 3691 3640
f 3743 3693 3641
f 3692 3693 3745
f 3695 3746 3694
f 3747 3695 3646
f 3700 3748 3697
f 3696 3697 3749
f 3694 3746 3698
f 3699 3648 3698
f 3701 3650 3699
f 3748 3700 3651
f 3753 3754 3702
f 3711 3755 3703
f 3653 3652 3703
f 3704 3756 3757
f 3758 3706 3657
f 3705 3757 3707
f 3759 3708 3707
f 3761 3709 3706
f 3710 3659 3709
f 3762 3763 3711
f 3662 3712 3764
f 3765 3714 3663
f 3714 3766 3715
f 3729 3677 3715
f 3666 3672 3724
f 3768 3717 3665
f 3719 3667 3717
f 3719 3770 3771
f 3772 3773 3721
f 3722 3669 3721
f 3775 3723 3673
f 3720 3671 3723
f 3774 3776 3724
f 3728 3777 3725
f 3718 3771 3726
f 3727 3778 3764
f 3729 3780 3730
f 3731 3732 3680
f 3781 3731 3730
f 3732 3783 3733
f 3784 3734 3733
f 3734 3736 3683
f 3737 3741 3689
f 3737 3687 3739
f 3738 3788 3789
f 3740 3788 3738
f 3744 3790 3740
f 3690 3741 3791
f 3792 3743 3691
f 3793 3745 3693
f 3745 3794 3795
f 3746 3695 3747
f 3696 3750 3797
f 3697 3748 3798
f 3799 3800 3750
f 3796 3751 3698
f 3751 3801 3752
f 3752 3802 3753
f 3702 3754 3798
f 3803 3754 3753
f 3763 3804 3755
f 3703 3755 3756
f 3805 3757 3756
f 3708 3759 3806
f 3760 3707 3757
f 3760 3807 3808
f 3758 3806 3809
f 3710 3761 3809
f 3810 3811 3763
f 3713 3764 3812
f 3766 3714 3765
f 3767 3715 3766
f 3815 3780 3729
f 3716 3724 3776
f 3768 3816 3769
f 3769 3817 3770
f 3819 3771 3770
f 3774 3721 3773
f 3772 3723 3775
f 3725 3777 3822
f 3776 3774 3820
f 3779 3824 3777
f 3726 3771 3819
f 3826 3812 3764
f 3782 3730 3780
f 3783 3732 3731
f 3781 3782 3829
f 3783 3831 3785
f 3784 3786 3736
f 3833 3784 3785
f 3787 3791 3741
f 3739 3789 3836
f 3837 3838 3789
f 3740 3790 3837
f 3790 3744 3795
f 3840 3792 3742
f 3793 3743 3792
f 3842 3794 3745
f 3843 3795 3794
f 3796 3747 3797
f 3847 3797 3750
f 3799 3803 3848
f 3845 3801 3751
f 3802 3752 3801
f 3798 3754 3803
f 3849 3848 3803
f 3804 3763 3811
f 3804 3850 3851
f 3759 3808 3852
f 3805 3851 3807
f 3854 3808 3807
f 3809 3806 3852
f 3855 3810 3762
f 3857 3811 3810
f 3765 3812 3858
f 3813 3859 3814
f 3860 3815 3767
f 3828 3780 3815
f 3768 3776 3823
f 3816 3862 3817
f 3818 3770 3817
f 3864 3865 3819
f 3820 3773 3866
f 3775 3822 3868
f 3869 3822 3777
f 3867 3870 3823
f 3827 3871 3824
f 3825 3819 3865
f 3778 3825 3872
f 3873 3858 3812
f 3828 3875 3829
f 3781 3830 3831
f 3877 3830 3829
f 3832 3785 3831
f 3786 3784 3833
f 3879 3880 3833
f 3791 3787 3836
f 3836 3789 3838
f 3838 3837 3885
f 3885 3837 3790
f 3839 3795 3843
f 3792 3840 3887
f 3841 3888 3842
f 3794 3842 3889
f 3891 3843 3844
f 3845 3797 3847
f 3893 3894 3847
f 3800 3848 3895
f 3849 3896 3895
f 3897 3850 3811
f 3897 3898 3851
f 3899 3852 3808
f 3853 3807 3851
f 3900 3901 3854
f 3855 3852 3899
f 3855 3902 3856
f 3856 3903 3904
f 3814 3859 3905
f 3906 3861 3815
f 3875 3828 3861
f 3870 3862 3816
f 3863 3817 3862
f 3863 3909 3864
f 3910 3911 3865
f 3912 3867 3866
f 3822 3869 3914
f 3869 3824 3871
f 3916 3870 3867
f 3871 3827 3874
f 3911 3918 3872
f 3826 3872 3918
f 3919 3859 3858
f 3881 3920 3874
f 3876 3829 3875
f 3878 3831 3830
f 3923 3877 3876
f 3878 3924 3879
f 3835 3833 3880
f 3925 3926 3880
f 3887 3840 3836
f 3838 3884 3929
f 3885 3930 3931
f 3886 3930 3885
f 3891 3932 3886
f 3841 3887 3933
f 3934 3889 3842
f 3844 3889 3935
f 3891 3890 3937
f 3849 3845 3892
f 3847 3894 3938
f 3939 3940 3894
f 3941 3846 3895
f 3942 3895 3896
f 3857 3904 3944
f 3945 3946 3898
f 3947 3899 3854
f 3853 3898 3946
f 3949 3901 3900
f 3950 3902 3899
f 3902 3950 3903
f 3903 3951 3952
f 3919 3953 3905
f 3860 3905 3954
f 3906 3955 3907
f 3921 3875 3907
f 3862 3870 3916
f 3908 3957 3909
f 3864 3909 3958
f 3959 3960 3911
f 3868 3914 3913
f 3912 3913 3961
f 3963 3914 3869
f 3915 3871 3917
f 3912 3962 3965
f 3917 3874 3920
f 3918 3911 3960
f 3967 3919 3873
f 3968 3920 3881
f 3922 3876 3921
f 3877 3923 3924
f 3922 3970 3971
f 3972 3925 3879
f 3928 3882 3880
f 3929 3933 3887
f 3884 3931 3974
f 3931 3930 3975
f 3932 3975 3930
f 3932 3891 3936
f 3888 3933 3978
f 3979 3935 3889
f 3890 3935 3980
f 3981 3982 3936
f 3943 3896 3892
f 3983 3938 3894
f 3984 3985 3940
f 3986 3939 3893
f 3942 3987 3986
f 3987 3942 3943
f 3989 3944 3904
f 3946 3945 3991
f 3992 3947 3901
f 3990 3948 3900
f 3993 3994 3949
f 3995 3950 3947
f 3950 3995 3951
f 3997 3952 3951
f 3967 3998 3953
f 3954 3905 3953
f 3954 3999 3955
f 3956 3907 3955
f 3956 4001 3969
f 3908 3916 3965
f 3909 3957 4002
f 3910 3958 4003
f 3960 3959 4004
f 3961 3913 3914
f 4006 4007 3962
f 3964 4008 3963
f 3964 3917 3966
f 3965 3962 4007
f 4011 3966 3920
f 3967 3960 4005
f 3927 3973 4012
f 3969 4013 3970
f 3924 3923 3971
f 4015 3971 3970
f 3925 3972 4016
f 3926 4018 5197
f 3974 3978 3933
f 3976 4020 3974
f 3976 3975 4021
f 3977 4021 3975
f 4023 3977 3936
f 3934 3978 4024
f 3980 3935 3979
f 3981 3937 3980
f 4027 4028 3982
f 3943 3938 4029
f 3940 3985 4030
f 3986 4031 3984
f 3985 3984 4033
f 3987 4034 4031
f 3988 4035 4034
f 3989 3991 3945
f 3997 4036 3989
f 3990 3991 4037
f 3949 3994 4039
f 4038 3993 3948
f 3996 3951 3995
f 4041 4042 3997
f 3998 4043 3999
f 4000 4044 4001
f 4013 3969 4001
f 4010 4002 3957
f 3958 4002 4046
f 4047 4004 3959
f 4004 4048 3998
f 3961 3963 4008
f 4049 4050 4007
f 4009 4051 4008
f 4011 4052 4009
f 4050 4053 4010
f 4011 3968 4012
f 4055 4012 3973
f 4014 3970 4013
f 4015 4016 3972
f 4057 4058 4015
f 4060 4017 4016
f 4020 4024 3978
f 4020 3976 4022
f 4064 4065 4022
f 4023 4064 4021
f 4023 3982 4028
f 4067 4025 3979
f 4026 3980 4025
f 4026 4069 4027
f 4027 4070 4071
f 3988 4029 4072
f 3985 4032 4073
f 4030 4072 4029
f 4074 4033 3984
f 4076 4032 4033
f 4034 4077 4074
f 4035 4078 4077
f 4079 4036 3997
f 4037 3991 4036
f 4080 4081 4038
f 4082 4039 3994
f 3993 4038 4081
f 3996 4040 4082
f 4041 4084 4085
f 4043 3998 4048
f 4088 4044 4000
f 4045 4001 4044
f 4090 4056 4013
f 4002 4010 4053
f 4003 4046 4091
f 4092 4048 4004
f 4006 4008 4051
f 4093 4094 4050
f 4051 4009 4052
f 4052 4011 4054
f 4094 4097 4053
f 4098 4054 4012
f 4014 4056 4100
f 4058 4059 4016
f 4101 4102 4058
f 4060 4059 4103
f 4061 4018 4060
f 4067 4024 4020
f 4105 4063 4022
f 4065 4064 4107
f 4023 4066 4107
f 4028 4071 4108
f 4109 4068 4025
f 4110 4069 4026
f 4069 4111 4070
f 4070 4112 4113
f 4072 4114 4078
f 4032 4076 4115
f 4073 4114 4072
f 4116 4075 4033
f 4075 4117 4118
f 4074 4077 4119
f 4119 4077 4078
f 4079 4042 4085
f 4080 4037 4079
f 4081 4080 4123
f 4039 4082 4040
f 4125 4082 4083
f 4125 4084 4041
f 4126 4127 4085
f 4128 4086 4048
f 4088 4129 4089
f 4088 4087 4086
f 4045 4089 4130
f 4046 4053 4097
f 4047 4091 4131
f 4049 4051 4095
f 4132 4133 4094
f 4096 4134 4095
f 4098 4135 4096
f 4136 4097 4094
f 4055 4099 4137
f 4057 4100 4139
f 4101 4140 4141
f 4105 4109 4067
f 4065 4106 4144
f 4107 4145 4146
f 4066 4108 4145
f 4147 4108 4071
f 4068 4109 4148
f 4110 4149 4111
f 4111 4150 4112
f 4113 4112 4152
f 4078 4114 4153
f 4115 4076 4118
f 4114 4073 4115
f 4155 4117 4075
f 4117 4156 4157
f 4116 4119 4158
f 4159 4158 4119
f 4121 4085 4127
f 4160 4123 4080
f 4124 4081 4122
f 4122 4123 4163
f 4124 4161 4164
f 4084 4125 4164
f 4165 4166 4127
f 4092 4131 4167
f 4128 4167 4129
f 4089 4129 4168
f 4169 4090 4130
f 4131 4091 4136
f 4093 4095 4134
f 4172 4173 4133
f 4135 4174 4134
f 4137 4175 4135
f 4171 4136 4133
f 4176 4137 4099
f 4139 4100 4178
f 4101 4139 4180
f 4141 4140 4181
f 4144 4148 4109
f 4146 4184 4144
f 4185 4146 4145
f 4108 4147 4186
f 4147 4113 4151
f 4148 4188 4149
f 4189 4150 4111
f 4150 4190 4152
f 4151 4152 4191
f 4193 4159 4120
f 4154 4193 4153
f 4154 4118 4157
f 4156 4117 4155
f 4197 4157 4156
f 4198 4195 4155
f 4158 4159 4199
f 4166 4200 4160
f 4200 4163 4123
f 4201 4161 4122
f 4162 4163 4202
f 4204 4164 4161
f 4126 4164 4204
f 4205 4206 4166
f 4207 4167 4131
f 4208 4170 4130
f 4178 4169 4170
f 4132 4134 4174
f 4210 4211 4173
f 4135 4175 4212
f 4213 4175 4137
f 4171 4173 4211
f 4138 4177 4214
f 4216 4180 4139
f 4209 4217 4179
f 4182 4181 4140
f 4183 4143 4182
f 4148 4144 4184
f 4219 4184 4146
f 4221 4185 4186
f 4187 4220 4186
f 4187 4151 4192
f 4188 4223 4189
f 4189 4224 4190
f 4225 4191 4152
f 4226 4227 4192
f 4228 4199 4159
f 4194 4228 4193
f 4229 4194 4157
f 4156 4195 4230
f 4196 4231 4232
f 4233 4230 4195
f 4198 4199 4234
f 4200 4166 4206
f 4235 4202 4163
f 4236 4201 4162
f 4203 4202 4237
f 4239 4204 4201
f 4239 4205 4165
f 4205 4240 4241
f 4208 4243 4209
f 4168 4242 4244
f 4172 4174 4212
f 4245 4244 4211
f 4212 4175 4213
f 4247 4213 4176
f 4207 4211 4244
f 4248 4214 4177
f 4217 4249 4216
f 4218 4182 4180
f 4243 4250 4217
f 4218 4248 4215
f 4223 4188 4184
f 4251 4219 4185
f 4220 4252 4253
f 4222 4252 4220
f 4222 4192 4227
f 4255 4224 4189
f 4225 4190 4224
f 4257 4226 4191
f 4258 4259 4227
f 4234 4199 4228
f 4260 4228 4194
f 4197 4232 4261
f 4262 4231 4196
f 4232 4231 4264
f 4230 4233 4265
f 4266 4265 4233
f 4267 4235 4206
f 4237 4202 4235
f 4236 4203 4238
f 4269 4270 4238
f 4268 4271 4239
f 4239 4271 4240
f 4273 4241 4240
f 4244 4245 4243
f 4246 4245 4210
f 4247 4250 4246
f 4249 4247 4214
f 4247 4249 4217
f 4248 4218 4216
f 4250 4243 4245
f 4255 4223 4219
f 4221 4253 4274
f 4252 4275 4276
f 4252 4222 4254
f 4254 4227 4259
f 4256 4224 4255
f 4225 4256 4279
f 4280 4258 4226
f 4281 4282 4259
f 4266 4234 4260
f 4229 4261 4283
f 4284 4261 4232
f 4285 4264 4231
f 4263 4264 4287
f 4262 4265 4288
f 4289 4288 4265
f 4241 4273 4290
f 4267 4290 4269
f 4268 4238 4270
f 4292 4293 4270
f 4294 4271 4268
f 4272 4240 4271
f 4272 4295 4296
f 4274 4278 4255
f 4297 4274 4253
f 4298 4276 4275
f 4299 4275 4254
f 4300 4277 4259
f 4278 4301 4279
f 4302 4280 4257
f 4303 4281 4258
f 4304 4282 4281
f 4283 4306 4307
f 4283 4261 4284
f 4286 4308 4284
f 4309 4287 4264
f 4287 4310 4311
f 4285 4288 4312
f 4313 4312 4288
f 4296 4314 4290
f 4269 4290 4314
f 4291 4270 4293
f 4293 4292 4317
f 4294 4315 4295
f 4296 4295 4319
f 4274 4297 4301
f 4320 4297 4276
f 4299 4321 4322
f 4277 4300 4321
f 4300 4282 4304
f 4302 4279 4301
f 4325 4303 4280
f 4303 4326 4305
f 4328 4304 4305
f 4306 4329 4330
f 4306 4284 4308
f 4311 4331 4308
f 4309 4332 4310
f 4310 4333 4334
f 4312 4335 4332
f 4307 4330 4313
f 4335 4312 4313
f 4318 4337 4314
f 4292 4314 4337
f 4315 4293 4316
f 4339 4340 4316
f 4338 4319 4295
f 4318 4319 4342
f 4297 4320 4324
f 4298 4322 4343
f 4344 4345 4322
f 4323 4344 4321
f 4323 4304 4328
f 4302 4324 4347
f 4325 4348 4326
f 4327 4305 4326
f 4327 4350 4351
f 4352 4353 4330
f 4329 4308 4331
f 4311 4334 4354
f 4333 4310 4332
f 4357 4334 4333
f 4355 4332 4335
f 4336 4313 4330
f 4358 4335 4336
f 4341 4360 4337
f 4317 4337 4360
f 4338 4316 4340
f 4362 4363 4340
f 4361 4342 4319
f 4342 4364 4365
f 4324 4320 4343
f 4366 4343 4322
f 4367 4368 4345
f 4346 4367 4344
f 4346 4328 4351
f 4348 4325 4347
f 4349 4326 4348
f 4349 4372 4350
f 4373 4374 4351
f 4375 4353 4352
f 4331 4354 4376
f 4377 4378 4354
f 4355 4379 4356
f 4356 4380 4381
f 4355 4358 4382
f 4359 4336 4353
f 4359 4383 4382
f 4341 4365 4384
f 4339 4360 4384
f 4363 4385 4361
f 4363 4362 4386
f 4342 4361 4385
f 4364 4388 4389
f 4370 4347 4343
f 4366 4345 4368
f 4391 4392 4368
f 4369 4391 4367
f 4369 4351 4374
f 4370 4394 4371
f 4371 4395 4372
f 4373 4350 4372
f 4373 4396 4397
f 4376 4398 4399
f 4376 4354 4378
f 4377 4400 4401
f 4356 4379 4402
f 4380 4403 4404
f 4357 4381 4400
f 4402 4379 4382
f 4375 4399 4383
f 4383 4406 4405
f 4365 4389 4407
f 4407 4386 4362
f 4387 4408 4385
f 4409 4387 4386
f 4385 4408 4388
f 4388 4411 4412
f 4366 4390 4394
f 4390 4368 4392
f 4392 4391 4415
f 4415 4391 4369
f 4393 4374 4397
f 4394 4417 4395
f 4395 4418 4396
f 4397 4396 4418
f 4420 4421 4399
f 4378 4401 4420
f 4422 4401 4400
f 4402 4424 4403
f 4425 4426 4404
f 4423 4400 4381
f 4424 4402 4405
f 4406 4383 4399
f 4427 4405 4406
f 4429 4407 4389
f 4410 4386 4407
f 4430 4408 4387
f 4432 4409 4410
f 4411 4388 4408
f 4412 4411 4434
f 4390 4413 4417
f 4414 4435 4413
f 4416 4414 4415
f 4397 4419 4436
f 4438 4419 4418
f 4439 4440 4421
f 4422 4439 4420
f 4441 4442 4422
f 4403 4424 4443
f 4444 4445 4426
f 4423 4404 4426
f 4446 4443 4424
f 4406 4421 4440
f 4447 4446 4427
f 4448 4429 4412
f 4431 4410 4429
f 4449 4430 4409
f 4450 4451 4432
f 4434 4411 4430
f 4417 4413 4453
f 4416 4436 4435
f 4453 4413 4435
f 4419 4438 4455
f 4456 4438 4437
f 4452 4437 4418
f 4458 4440 4439
f 4422 4442 4459
f 4442 4441 4461
f 4425 4443 4462
f 4445 4444 4464
f 4441 4426 4445
f 4465 4462 4443
f 4440 4458 4447
f 4465 4446 4447
f 4431 4448 4467
f 4468 4469 4451
f 4452 4453 4471
f 4435 4436 4455
f 4473 4471 4453
f 4474 4455 4438
f 4452 4472 4457
f 4457 4475 4476
f 4459 4477 4478
f 4477 4459 4442
f 4460 4461 4479
f 4462 4481 4464
f 4463 4479 4461
f 4482 4463 4464
f 4465 4484 4481
f 4458 4478 4466
f 4466 4485 4484
f 4468 4487 4488
f 4469 4489 4470
f 4490 4472 4471
f 4473 4454 4455
f 4473 4492 4491
f 4476 4493 4474
f 4475 4457 4472
f 4494 4476 4475
f 4496 4478 4477
f 4498 4480 4479
f 4483 4464 4481
f 4497 4479 4463
f 4500 4482 4483
f 4484 4502 4499
f 4485 4466 4478
f 4503 4502 4484
f 4504 4505 4487
f 4487 4506 4507
f 4469 4508 4509
f 4491 4510 4511
f 4473 4474 4493
f 4512 4510 4491
f 4494 4513 4493
f 4490 4511 4495
f 4495 4514 4515
f 4480 4498 4516
f 4497 4517 4518
f 4501 4483 4499
f 4482 4500 4517
f 4520 4519 4499
f 4503 4485 4496
f 4521 4520 4502
f 4504 4486 4489
f 4467 4486 4504
f 4522 4523 4505
f 4505 4524 4506
f 4526 4507 4506
f 4528 4509 4508
f 4511 4510 4529
f 4492 4493 4513
f 4531 4529 4510
f 4494 4515 4532
f 4514 4495 4511
f 4514 4533 4534
f 4535 4516 4498
f 4518 4517 4536
f 4538 4539 4501
f 4500 4539 4536
f 4519 4520 4540
f 4503 4516 4535
f 4520 4521 4541
f 4509 4528 4523
f 4505 4523 4542
f 4506 4524 4543
f 4525 4544 4545
f 4507 4526 4547
f 4548 4546 4528
f 4550 4530 4529
f 4512 4513 4532
f 4529 4531 4551
f 4515 4534 4552
f 4530 4550 4533
f 4537 4553 4535
f 4554 4537 4536
f 4538 4556 4557
f 4539 4557 4555
f 4540 4558 4556
f 4553 4541 4521
f 4541 4559 4558
f 4542 4523 4528
f 4524 4542 4560
f 4543 4561 4544
f 4545 4544 4562
f 4546 4547 4560
f 4549 4564 4565
f 4532 4552 4566
f 4567 4564 4549
f 4552 4534 4568
f 4570 4533 4550
f 4554 4571 4553
f 4572 4573 4557
f 4558 4574 4572
f 4571 4559 4541
f 4574 4558 4559
f 4561 4543 4560
f 4562 4544 4561
f 4578 4563 4562
f 4560 4547 4580
f 4565 4564 4582
f 4583 4566 4552
f 4564 4567 4584
f 4551 4566 4583
f 4569 4568 4586
f 4587 4570 4565
f 4588 4575 4571
f 4589 4590 4573
f 4589 4572 4574
f 4591 4574 4575
f 4577 4561 4576
f 4579 4563 4578
f 4594 4581 4582
f 4583 4569 4585
f 4567 4583 4596
f 4584 4597 4595
f 4585 4586 4599
f 4600 4587 4581
f 4592 4575 4588
f 4603 4590 4589
f 4588 4573 4590
f 4589 4591 4604
f 4592 4605 4604
f 4580 4579 4593
f 4595 4606 4607
f 4608 4596 4585
f 4608 4597 4584
f 4606 4595 4597
f 4611 4599 4586
f 4599 4612 4613
f 4594 4607 4614
f 4610 4587 4600
f 4592 4601 4615
f 4616 4617 4603
f 4601 4590 4603
f 4602 4604 4618
f 4619 4618 4604
f 4607 4606 4620
f 4622 4608 4598
f 4609 4597 4608
f 4609 4623 4620
f 4599 4611 4624
f 4626 4613 4612
f 4614 4607 4621
f 4624 4611 4600
f 4605 4615 4628
f 4629 4617 4616
f 4615 4603 4617
f 4618 4631 4630
f 4619 4632 4631
f 4633 4634 4621
f 4613 4626 4635
f 4622 4635 4623
f 4636 4633 4620
f 4625 4612 4624
f 4638 4639 4626
f 4634 4640 4627
f 4614 4627 4637
f 4628 4641 4632
f 4617 4629 4641
f 4630 4642 4643
f 4644 4642 4630
f 4631 4632 4645
f 4634 4633 4647
f 4626 4639 4648
f 4636 4623 4635
f 4649 4647 4633
f 4625 4637 4650
f 4639 4638 4652
f 4640 4634 4646
f 4640 4650 4637
f 4645 4632 4641
f 4654 4641 4629
f 4655 4643 4642
f 4644 4657 4656
f 4645 4658 4657
f 4646 4647 4660
f 4661 4648 4639
f 4648 4661 4649
f 4647 4649 4662
f 4638 4650 4663
f 4651 4652 4665
f 4653 4663 4650
f 4659 4666 4653
f 4667 4658 4645
f 4667 4654 4643
f 4668 4669 4655
f 4657 4670 4668
f 4658 4671 4670
f 4659 4660 4673
f 4664 4674 4661
f 4649 4661 4674
f 4660 4662 4675
f 4652 4663 4676
f 4664 4665 4677
f 4663 4653 4666
f 4672 4679 4666
f 4680 4671 4658
f 4667 4655 4669
f 4681 4682 4669
f 4668 4670 4683
f 4670 4671 4684
f 4672 4673 4685
f 4678 4687 4674
f 4687 4675 4662
f 4685 4673 4675
f 4665 4676 4689
f 4678 4677 4690
f 4676 4666 4679
f 4686 4692 4679
f 4693 4684 4671
f 4680 4669 4682
f 4681 4694 4695
f 4694 4681 4683
f 4683 4684 4697
f 4685 4698 4699
f 4687 4678 4691
f 4700 4688 4675
f 4688 4701 4698
f 4702 4690 4677
f 4691 4690 4704
f 4692 4702 4689
f 4705 4692 4686
f 4693 4706 4697
f 4682 4695 4706
f 4708 4695 4694
f 4696 4709 4707
f 4709 4696 4697
f 4711 4699 4698
f 4700 4691 4703
f 4713 4701 4688
f 4698 4701 4714
f 4715 4704 4690
f 4704 4716 4717
f 4705 4715 4702
f 4718 4705 4699
f 4697 4706 4719
f 4695 4708 4719
f 4707 4720 4721
f 4712 4722 4723
f 4713 4703 4717
f 4724 4714 4701
f 4722 4712 4714
f 4715 4726 4716
f 4727 4717 4716
f 4705 4718 4726
f 4711 4723 4729
f 4710 4719 4731
f 4721 4731 4719
f 4720 4732 4733
f 4734 4735 4723
f 4717 4727 4736
f 4724 4736 4725
f 4725 4737 4734
f 4728 4716 4726
f 4727 4728 4740
f 4738 4726 4718
f 4729 4723 4735
f 4730 4731 4742
f 4743 4732 4720
f 4721 4733 4744
f 4735 4734 4746
f 4739 4748 4736
f 4737 4725 4736
f 4749 4746 4734
f 4740 4728 4738
f 4751 4752 4739
f 4729 4741 4750
f 4747 4753 4741
f 4731 4745 4744
f 4755 4732 4743
f 4744 4733 4756
f 4758 4759 4747
f 4752 4760 4748
f 4749 4737 4748
f 4762 4746 4749
f 4763 4751 4740
f 4752 4751 4765
f 4750 4741 4753
f 4759 4766 4753
f 4767 4742 4744
f 4768 4769 4755
f 4771 4757 4756
f 4772 4773 4759
f 4764 4774 4760
f 4749 4760 4774
f 4775 4776 4762
f 4763 4777 4765
f 4764 4765 4778
f 4763 4753 4766
f 4773 4780 4766
f 4767 4757 4771
f 4781 4782 4768
f 4769 4768 4784
f 4770 4755 4769
f 4770 4785 4786
f 4758 4762 4776
f 4787 4788 4773
f 4779 4789 4774
f 4761 4774 4789
f 4790 4776 4775
f 4792 4778 4765
f 4793 4794 4779
f 4777 4766 4780
f 4788 4795 4780
f 4771 4786 4782
f 4784 4768 4782
f 4783 4797 4785
f 4783 4784 4798
f 4797 4800 4786
f 4787 4772 4776
f 4801 4802 4788
f 4789 4779 4794
f 4803 4791 4775
f 4791 4804 4805
f 4778 4792 4806
f 4807 4808 4794
f 4792 4780 4795
f 4802 4809 4795
f 4796 4782 4786
f 4798 4784 4796
f 4799 4811 4797
f 4798 4812 4813
f 4787 4790 4805
f 4801 4814 4815
f 4803 4794 4808
f 4816 4804 4791
f 4817 4818 4805
f 4793 4806 4819
f 4807 4820 4821
f 4809 4819 4806
f 4822 4809 4802
f 4797 4811 4810
f 4810 4823 4812
f 4824 4811 4799
f 4825 4826 4813
f 4801 4805 4818
f 4814 4827 4828
f 4808 4821 4829
f 4829 4817 4804
f 4818 4817 4831
f 4819 4832 4820
f 4833 4834 4821
f 4809 4822 4832
f 4815 4828 4835
f 4824 4823 4810
f 4812 4823 4836
f 4837 4824 4813
f 4826 4825 4838
f 4814 4818 4830
f 4828 4827 4841
f 4834 4842 4829
f 4842 4831 4817
f 4830 4831 4843
f 4833 4820 4832
f 4846 4847 4834
f 4822 4835 4845
f 4840 4848 4835
f 4836 4823 4824
f 4849 4838 4825
f 4826 4839 4850
f 4839 4838 4851
f 4830 4844 4841
f 4854 4840 4841
f 4847 4855 4842
f 4855 4843 4831
f 4843 4856 4857
f 4845 4858 4846
f 4847 4846 4859
f 4848 4858 4845
f 4854 4861 4848
f 4850 4849 4836
f 4849 4862 4851
f 4850 4839 4852
f 4864 4865 4852
f 4853 4841 4844
f 4866 4867 4854
f 4847 4860 4868
f 4868 4856 4843
f 4870 4857 4856
f 4846 4858 4871
f 4872 4873 4860
f 4861 4871 4858
f 4861 4854 4867
f 4863 4862 4849
f 4864 4851 4862
f 4852 4865 4876
f 4864 4875 4877
f 4853 4857 4870
f 4860 4873 4878
f 4856 4868 4878
f 4869 4879 4880
f 4859 4871 4881
f 4872 4882 4883
f 4874 4881 4871
f 4880 4884 4866
f 4873 4883 4885
f 4878 4885 4879
f 4879 4886 4887
f 4872 4881 4888
f 4883 4882 4890
f 4891 4888 4881
f 4893 4884 4880
f 4889 4886 4885
f 4895 4887 4886
f 4882 4888 4896
f 4897 4896 4888
f 4897 4891 4884
f 4887 4895 4898
f 4889 4899 4894
f 4895 4894 4901
f 4902 4903 4896
f 4902 4897 4893
f 4900 4904 4898
f 4894 4899 4905
f 4900 4901 4906
f 4902 4908 4909
f 4898 4904 4908
f 4907 4910 4904
f 4905 4899 4903
f 4901 4905 4911
f 4912 4913 4907
f 4909 4908 4915
f 4908 4904 4910
f 4907 4913 4916
f 4905 4909 4914
f 4906 4911 4917
f 4912 4918 4919
f 4920 4914 4915
f 4921 4915 4910
f 4919 4922 4916
f 4920 4917 4911
f 4917 4923 4918
f 4924 4925 4919
f 4920 4921 4926
f 4922 4926 4921
f 4919 4925 4928
f 4920 4927 4923
f 4918 4923 4929
f 4927 4926 4930
f 4930 4926 4922
f 4925 4932 4933
f 4927 4931 4929
f 4924 4929 4934
f 4930 4935 4936
f 4928 4933 4935
f 4932 4937 4938
f 4931 4936 4934
f 4932 4934 4939
f 4940 4936 4935
f 4933 4938 4941
f 4937 4942 4943
f 4940 4939 4934
f 4939 4944 4942
f 4940 4941 4946
f 4938 4943 4946
f 4943 4942 4948
f 4944 4939 4940
f 4949 4948 4942
f 4946 4950 4951
f 4950 4946 4943
f 4947 4948 4953
f 4944 4945 4951
f 4954 4953 4948
f 4951 4950 4955
f 4952 4955 4950
f 4952 4953 4957
f 4954 4949 4951
f 4954 4959 4957
f 4960 4961 4956
f 4952 4958 4960
f 4963 4958 4957
f 4956 4961 4959
f 4962 4957 4959
f 4965 4961 4960
f 4958 4963 4966
f 4962 4967 4968
f 4964 4959 4961
f 4962 4964 4969
f 4965 4966 4970
f 4970 4966 4963
f 4972 4968 4967
f 4971 4969 4964
f 4973 4967 4969
f 4975 4976 4971
f 4975 4970 4968
f 4972 4973 4977
f 4976 4974 4969
f 4973 4974 4979
f 4975 4980 4981
f 4972 4978 4980
f 4977 4982 4983
f 4976 4981 4979
f 4984 4982 4977
f 4980 4985 4986
f 4978 4983 4985
f 4983 4982 4988
f 4979 4981 4986
f 4989 4988 4982
f 4991 4986 4985
f 4990 4985 4983
f 4992 4987 4988
f 4989 4984 4986
f 4994 4993 4988
f 4990 4995 4996
f 4995 4990 4987
f 4993 4997 4998
f 4991 4996 4994
f 4994 4999 4997
f 5001 4996 4995
f 4992 4998 5000
f 5003 4998 4997
f 5001 4999 4994
f 5002 4997 4999
f 5005 5001 5000
f 5000 4998 5003
f 5002 5007 5008
f 5004 4999 5001
f 5006 5003 5008
f 5008 5007 5011
f 5005 5012 5013
f 5014 5009 5008
f 5013 5011 5007
f 5013 5012 5016
f 5010 5017 5018
f 5015 5019 5011
f 5016 5012 5014
f 5015 5016 5020
f 5022 5023 5018
f 5021 5024 5019
f 5020 5016 5018
f 5026 5021 5020
f 5017 5019 5024
f 5028 5023 5022
f 5027 5024 5021
f 5025 5020 5023
f 5025 5029 5030
f 5031 5028 5027
f 5033 5032 5027
f 5028 5031 5029
f 5034 5035 5030
f 5031 5032 5036
f 5036 5032 5033
f 5031 5037 5034
f 5035 5034 5040
f 5035 5038 5033
f 5041 5037 5036
f 5043 5042 5036
f 5041 5040 5034
f 5039 5043 5038
f 5039 5040 5044
f 5041 5042 5046
f 5048 5046 5042
f 5047 5044 5040
f 5043 5039 5045
f 5045 5044 5049
f 5051 5052 5047
f 5048 5053 5051
f 5044 5047 5052
f 5045 5050 5053
f 5054 5050 5049
f 5056 5057 5052
f 5053 5058 5059
f 5057 5055 5049
f 5058 5053 5050
f 5055 5060 5061
f 5062 5063 5057
f 5065 5059 5058
f 5064 5058 5054
f 5060 5055 5067
f 5068 5061 5060
f 5067 5057 5063
f 5062 5056 5059
f 5065 5064 5068
f 5068 5066 5063
f 8 32 9
f 32 49 9
f 406 444 443
f 444 520 443
f 427 466 544
f 466 547 544
f 560 480 558
f 480 440 479
f 465 544 629
f 594 592 509
f 509 473 594
f 602 601 537
f 537 524 602
f 551 510 629
f 633 588 631
f 631 722 633
f 748 656 708
f 656 612 708
f 726 727 816
f 816 878 726
f 744 846 839
f 846 894 839
f 864 919 923
f 923 812 864
f 1041 926 868
f 868 925 1041
f 873 934 933
f 934 1048 933
f 943 1002 1126
f 1126 1004 944
f 1121 1000 940
f 940 999 1121
f 982 1038 1037
f 1038 1166 1037
f 986 1045 1173
f 1173 1108 986
f 1196 1061 1125
f 1061 1003 1125
f 1025 1071 1087
f 1071 1009 1070
f 1167 1100 1233
f 1100 1040 1098
f 1093 1159 1096
f 1159 1228 1162
f 1234 1164 1232
f 1232 1302 1234
f 1252 1320 1321
f 1320 1372 1305
f 1486 1544 1359
f 1544 1487 1360
f 1314 1383 1381
f 1383 1500 1381
f 1315 1385 1383
f 1385 1501 1383
f 1500 1446 1445
f 1446 1387 1445
f 1447 1506 1553
f 1506 1604 1553
f 1667 1562 1510
f 1510 1509 1667
f 1683 1634 1631
f 1634 1529 1631
f 1724 5207 1572
f 1611 1665 1758
f 5208 1678 1676
f 1665 1714 1758
f 1805 1845 1848
f 1899 1859 1897
f 1859 1819 1857
f 2132 2130 2067
f 2067 2032 2132
f 2122 2191 2089
f 2191 2187 2121
f 2212 2143 2109
f 2109 2141 2212
f 2167 2240 2243
f 2240 2284 2243
f 2263 2347 2266
f 2347 2398 2266
f 2345 2270 2349
f 2270 2230 2349
f 2499 2389 2387
f 2389 2300 2387
f 2460 2509 2397
f 2397 2344 2460
f 2429 2488 2427
f 2488 2541 2485
f 2375 2545 2432
f 2545 2493 2434
f 2389 2499 2552
f 2499 2605 2552
f 2428 2486 2487
f 2486 2595 2487
f 2431 2495 2493
f 2495 2435 2493
f 2446 2613 2505
f 2613 2616 2617
f 2648 2598 2544
f 2544 2597 2648
f 2656 2809 2706
f 2809 2861 2758
f 2714 2819 2719
f 2819 2768 2719
f 2761 2708 2760
f 2760 2865 2761
f 2758 2861 2810
f 2861 2808 2860
f 3041 2972 2927
f 2927 2971 3041
f 2966 3002 3030
f 3002 3066 3030
f 3107 3035 3005
f 3005 2999 3107
f 3038 3076 5177
f 3154 3158 3082
f 3082 3044 3154
f 3072 3110 3103
f 3110 3179 3103
f 3518 3472 3565
f 3472 3427 3471
f 3622 3524 3478
f 3478 3523 3622
f 3778 3727 3825
f 3727 3675 3726
f 3772 3821 3773
f 3821 3868 3866
f 3925 4017 3926
f 4017 4060 4018
f 3992 4039 3995
f 4087 4000 3955
f 3955 3999 4087
f 4169 4178 4100
f 4100 4056 4169
f 4058 4102 4059
f 4102 4141 4103
f 4242 4168 4129
f 4129 4167 4242
f 4433 4434 4451
f 4434 4449 4451
f 4470 4489 4486
f 4486 4448 4470
f 4527 4508 4488
f 4488 4507 4527
f 4568 4534 4533
f 4580 4547 4579
f 4547 4526 4545
f 4573 4588 4555
f 4588 4554 4555
f 4576 4580 4578
f 4610 4586 4568
f 4568 4570 4610
f 4730 4720 4709
f 4720 4707 4709
f 4732 4755 4756
f 4755 4770 4756
f 4742 4767 4743
f 4767 4781 4754
f 4866 4884 4867
f 4884 4891 4867
f 4877 4875 4862
f 4862 4863 4877
f 4876 4865 4877
f 4903 4899 4890
f 4899 4889 4890
f 5012 5005 5009
f 5005 5006 5009
f 5010 5011 5019
f 1848 1809 1768
f 1808 1767 1764
f 5207 5209 5210
f 1677 5210 5209
f 1678 5208 5210
f 1725 5209 5207
f 5091 881 827
f 5088 5091 778
f 5089 5088 730
f 5101 999 939
f 5101 5104 1120
f 1192 1120 5104
f 2857 2751 2911
f 2967 5148 2999
f 2962 2999 5148
f 3038 5174 5172
f 5176 5177 3076
f 3075 3115 5178
f 5181 5180 3150
f 5182 5181 3194
f 3234 8445 5184
f 3684 3633 3683
f 5198 5197 4018
f 4062 5199 5198
f 4103 5200 5199
f 5200 4103 4141
f 4181 5204 5203
f 4182 4143 5204
f 5206 5205 4183
f 4215 4177 5202
f 4104 5202 4177
f 4138 4099 5201
f 4055 4019 5201
f 3834 3874 3827
f 5196 3827 3779
f 5195 3735 3779
f 5195 3728 3676
f 5194 3676 3625
f 3625 3573 5192
f 5190 3525 3479
f 5187 5188 3433
f 3390 3347 5186
f 3347 3306 5185
f 5183 5185 3306
f 3071 3034 5173
f 3034 3001 5171
f 5171 3001 2964
f 5168 2964 2913
f 5161 5163 2855
f 2802 2752 5158
f 2752 2696 5156
f 2645 5156 2696
f 5153 5154 2645
f 5153 2543 2489
f 5151 2489 2431
f 5149 2431 2375
f 7438 2211 5146
f 2211 2175 5145
f 5145 2175 2142
f 5143 5144 2142
f 5142 5143 2108
f 5142 2076 2046
f 2046 2009 1968
f 1927 5147 5139
f 5147 1927 1846
f 1969 1887 1847
f 5138 1846 1806
f 1806 1765 5132
f 1765 1722 5131
f 1460 1400 5117
f 5079 290 254
f 5075 5077 254
f 189 161 5072
f 5072 161 156
f 5071 156 126
f 5070 126 127
f 188 5073 127
f 5078 286 322
f 5762 5086 507
f 683 638 685
f 775 5211 685
f 5090 775 729
f 5093 5092 825
f 880 938 5096
f 5100 5096 938
f 1189 5107 5103
f 5107 1189 1261
f 1566 1619 5124
f 1619 1592 5127
f 1539 6681 5119
f 5212 1420 1352
f 5111 5212 1282
f 5111 1212 1141
f 5108 1141 1074
f 956 5098 5102
f 5094 897 896
f 5095 896 955
f 5099 5097 955
f 907 968 5099
f 5106 1086 1153
f 5112 5109 1153
f 5113 5112 1295
f 1550 1549 1601
f 5128 1601 1655
f 1655 1709 5120
f 1709 1754 1755
f 1880 1946 1755
f 1903 5213 1946
f 5134 1824 1784
f 6979 1698 1741
f 5133 6979 1741
f 5136 5133 1782
f 1863 5140 5136
f 2026 5216 1942
f 5216 5215 1902
f 5215 5214 1862
f 1862 5214 1863
f 2409 2410 5217
f 2310 2309 2354
f 5155 2521 2578
f 5155 2628 2671
f 5152 2726 2778
f 2726 5152 5157
f 5160 2778 2830
f 5170 2830 2886
f 5170 2918 2859
f 2968 2969 5169
f 5166 2858 2917
f 5164 2806 2858
f 5162 2755 2806
f 5159 2701 2755
f 5159 2703 2651
f 5218 2546 2492
f 5218 2491 2494
f 5220 5222 5221
f 5219 5221 5225
f 5222 5227 5226
f 5222 5220 5229
f 5229 5220 5223
f 5232 5231 5223
f 5224 5233 5232
f 5224 5225 5235
f 5221 5226 5236
f 5228 5237 5227
f 5228 5229 5239
f 5230 5223 5231
f 5239 5229 5230
f 5242 5243 5231
f 5242 5232 5233
f 5233 5224 5234
f 5234 5235 5247
f 5225 5236 5248
f 5236 5226 5250
f 5251 5237 5228
f 5239 5253 5252
f 5241 5230 5240
f 5240 5231 5243
f 5241 5256 5253
f 5258 5257 5243
f 5244 5259 5258
f 5245 5260 5244
f 5245 5234 5246
f 5246 5247 5263
f 5235 5248 5264
f 5249 5250 5266
f 5268 5267 5237
f 5238 5252 5269
f 5253 5271 5270
f 5254 5272 5256
f 5254 5240 5255
f 5274 5255 5243
f 5271 5253 5256
f 5277 5276 5257
f 5259 5278 5277
f 5259 5244 5260
f 5261 5280 5260
f 5262 5281 5261
f 5262 5263 5283
f 5247 5264 5284
f 5285 5264 5248
f 5249 5265 5286
f 5288 5265 5266
f 5289 5266 5250
f 5251 5269 5290
f 5267 5268 5291
f 5252 5270 5292
f 5293 5294 5270
f 5272 5295 5275
f 5272 5254 5273
f 5274 5297 5273
f 5257 5276 5298
f 5293 5271 5275
f 5276 5277 5301
f 5301 5277 5278
f 5279 5303 5278
f 5279 5260 5280
f 5280 5261 5281
f 5282 5306 5281
f 5307 5308 5282
f 5309 5283 5263
f 5264 5285 5310
f 5286 5311 5310
f 5265 5288 5312
f 5313 5287 5266
f 5315 5314 5288
f 5268 5290 5316
f 5290 5269 5292
f 5289 5291 5318
f 5294 5319 5292
f 5320 5321 5294
f 5299 5275 5295
f 5296 5323 5295
f 5296 5273 5297
f 5274 5298 5325
f 5326 5298 5276
f 5293 5299 5327
f 5301 5329 5328
f 5302 5330 5329
f 5302 5278 5303
f 5304 5332 5303
f 5305 5333 5304
f 5305 5281 5306
f 5308 5335 5306
f 5283 5309 5336
f 5338 5337 5308
f 5309 5284 5310
f 5339 5310 5311
f 5312 5341 5311
f 5312 5288 5314
f 5313 5343 5315
f 5345 5314 5315
f 5318 5291 5316
f 5317 5347 5316
f 5317 5292 5319
f 5343 5313 5318
f 5350 5319 5294
f 5351 5350 5321
f 5322 5295 5323
f 5353 5327 5299
f 5324 5354 5323
f 5324 5297 5325
f 5356 5325 5298
f 5320 5327 5357
f 5358 5359 5328
f 5360 5358 5329
f 5331 5361 5330
f 5331 5303 5332
f 5333 5363 5332
f 5334 5364 5333
f 5334 5306 5335
f 5335 5308 5337
f 5307 5336 5367
f 5309 5339 5368
f 5369 5370 5337
f 5340 5311 5341
f 5342 5372 5341
f 5342 5314 5345
f 5343 5374 5344
f 5346 5375 5349
f 5346 5316 5347
f 5348 5377 5347
f 5319 5350 5378
f 5349 5379 5374
f 5351 5381 5380
f 5322 5352 5382
f 5352 5323 5354
f 5384 5357 5327
f 5355 5385 5354
f 5325 5356 5386
f 5326 5328 5359
f 5351 5357 5387
f 5389 5388 5359
f 5360 5330 5361
f 5391 5389 5358
f 5362 5392 5361
f 5362 5332 5363
f 5363 5333 5364
f 5364 5334 5365
f 5366 5396 5365
f 5337 5370 5397
f 5369 5338 5367
f 5336 5368 5399
f 5369 5401 5400
f 5371 5341 5372
f 5371 5404 5403
f 5372 5342 5373
f 5379 5349 5375
f 5376 5407 5375
f 5376 5347 5377
f 5377 5348 5378
f 5410 5378 5350
f 5412 5380 5381
f 5353 5382 5413
f 5382 5352 5383
f 5383 5354 5385
f 5416 5387 5357
f 5386 5417 5385
f 5356 5359 5388
f 5411 5381 5387
f 5419 5388 5389
f 5390 5421 5391
f 5392 5422 5390
f 5391 5423 5420
f 5393 5424 5392
f 5393 5363 5394
f 5394 5364 5395
f 5395 5365 5396
f 5366 5397 5428
f 5429 5397 5370
f 5367 5399 5430
f 5398 5431 5401
f 5368 5340 5403
f 5432 5400 5401
f 5402 5434 5404
f 5405 5435 5402
f 5436 5403 5404
f 221 5405 5373
f 5406 5375 5407
f 5408 5377 5409
f 5440 5409 5378
f 5441 5410 5380
f 5411 5443 5442
f 5413 5444 5416
f 5414 5445 5413
f 5414 5383 5415
f 5415 5385 5417
f 5448 5418 5387
f 5419 5417 5386
f 5418 5449 5443
f 5420 5451 5450
f 5423 5391 5421
f 5421 5390 5422
f 5424 5454 5422
f 5451 5420 5423
f 5424 5393 5425
f 5426 5457 5425
f 5426 5395 5427
f 5428 5459 5427
f 5460 5428 5397
f 5461 5429 5400
f 5431 5398 5430
f 5436 5430 5399
f 5431 5463 5433
f 5433 5465 5464
f 5434 5466 5437
f 5434 5402 5435
f 221 251 5435
f 5437 5469 5468
f 5407 5471 5470
f 5409 5440 5472
f 5471 5407 5408
f 5410 5441 5473
f 5412 5442 5474
f 5476 5442 5443
f 5448 5416 5444
f 5444 5413 5445
f 5446 5479 5445
f 5446 5415 5447
f 5447 5417 5419
f 5481 5449 5418
f 5443 5449 5482
f 5451 5484 5483
f 5453 5485 5452
f 5452 5486 5455
f 5454 5487 5453
f 5456 5488 5454
f 5455 5489 5484
f 5456 5425 5457
f 5458 5491 5457
f 5459 5492 5458
f 5493 5459 5428
f 5494 5460 5429
f 5432 5464 5495
f 5462 5430 5436
f 5462 5496 5463
f 5465 5433 5463
f 5465 5499 5498
f 5469 5437 5466
f 5467 5501 5466
f 5467 5435 251
f 5503 5468 5469
f 5506 5470 5471
f 5439 5472 5505
f 5440 5473 5507
f 5441 5474 5508
f 5509 5474 5442
f 5510 5511 5476
f 5478 5512 5477
f 5477 5513 5481
f 5478 5445 5479
f 5480 5515 5479
f 5450 5483 5480
f 5516 5482 5449
f 5475 5482 5517
f 5518 5483 5484
f 5485 5520 5486
f 5487 5521 5485
f 5489 5455 5486
f 5487 5454 5488
f 5490 5524 5488
f 5489 5525 5519
f 5490 5457 5491
f 5491 5458 5492
f 5493 5528 5492
f 5460 5494 5529
f 5530 5494 5461
f 5464 5498 5531
f 5468 5503 5496
f 5496 5532 5497
f 5497 5533 5499
f 5499 5535 5534
f 5500 5466 5501
f 5500 5537 5504
f 5502 5538 5501
f 5076 5078 5502
f 5539 5503 5504
f 325 5506 5505
f 5472 5507 5541
f 5507 5473 5508
f 5543 5508 5474
f 5476 5511 5544
f 5512 5545 5513
f 5514 5546 5512
f 5547 5516 5481
f 5514 5479 5515
f 5515 5480 5483
f 5482 5516 5549
f 5510 5517 5551
f 5552 5518 5519
f 5522 5486 5520
f 5520 5485 5521
f 5523 5556 5521
f 5525 5489 5522
f 5558 5523 5488
f 5524 5490 5526
f 5553 5519 5525
f 5526 5491 5527
f 5528 5562 5527
f 5493 5529 5563
f 5494 5530 5564
f 5495 5531 5565
f 5566 5531 5498
f 5532 5496 5503
f 5533 5497 5532
f 5533 5568 5535
f 5535 5570 5569
f 5536 5571 5537
f 5538 5572 5536
f 5537 5573 5540
f 5574 5539 5540
f 5081 5079 5506
f 325 5541 5577
f 5541 5507 5542
f 5542 5508 5543
f 5509 5544 5579
f 5580 5544 5511
f 5547 5513 5545
f 5545 5512 5546
f 5548 5583 5546
f 5584 5549 5516
f 5548 5515 5518
f 5585 5551 5517
f 5550 5551 5587
f 5588 5552 5553
f 5554 5520 5555
f 5557 5522 5554
f 5555 5521 5556
f 5523 5558 5593
f 5560 5525 5557
f 5524 5559 5595
f 5526 5561 5596
f 5589 5553 5560
f 5561 5527 5562
f 5563 5599 5562
f 5600 5563 5529
f 5530 5565 5601
f 5531 5566 5602
f 5534 5569 5603
f 5567 5532 5539
f 5568 5533 5567
f 5570 5535 5568
f 5607 5569 5570
f 5571 5608 5573
f 5572 5609 5571
f 5080 5082 5572
f 5575 5540 5573
f 5575 5612 5611
f 5576 5577 5613
f 5577 5542 5578
f 5579 5614 5578
f 5580 5615 5579
f 5586 5616 5580
f 5581 5545 5582
f 5618 5584 5547
f 5582 5546 5583
f 5583 5548 5552
f 5549 5584 5620
f 5551 5585 5621
f 5586 5587 5623
f 5588 5589 5625
f 5590 5626 5591
f 5590 5555 5592
f 5594 5557 5591
f 5593 5629 5592
f 5558 5595 5630
f 5594 5631 5597
f 5632 5595 5559
f 5596 5561 5598
f 5625 5589 5597
f 5598 5562 5599
f 5600 5636 5599
f 5564 5601 5637
f 5565 5602 5638
f 5639 5602 5566
f 5640 5603 5569
f 5574 5611 5604
f 5604 5641 5605
f 5606 5570 5605
f 5606 5644 5643
f 5608 5645 5610
f 5608 5571 5609
f 5082 5083 5609
f 5612 5575 5610
f 5611 5612 5649
f 397 5613 5650
f 5613 5578 5614
f 5615 5651 5614
f 5616 5652 5615
f 5622 5653 5616
f 5581 5617 5654
f 5619 5655 5617
f 5584 5618 5656
f 5624 5619 5583
f 5621 5585 5620
f 5621 5658 5623
f 5660 5659 5622
f 5624 5625 5662
f 5591 5626 5663
f 5664 5626 5590
f 5627 5592 5629
f 5594 5628 5666
f 5667 5629 5593
f 5668 5630 5595
f 5631 5669 5634
f 5670 5632 5596
f 5633 5598 5635
f 5625 5634 5672
f 5673 5635 5599
f 5600 5637 5674
f 5675 5637 5601
f 5638 5602 5639
f 5640 5677 5639
f 5640 5607 5643
f 5611 5648 5641
f 5641 5679 5642
f 5642 5680 5644
f 5681 5682 5643
f 5647 5610 5645
f 5646 5684 5645
f 5083 5084 5646
f 5612 5647 5685
f 5649 5687 5686
f 474 435 5650
f 5650 5614 5651
f 5652 5689 5651
f 5653 5690 5652
f 5659 5691 5653
f 5654 5692 5656
f 5654 5617 5655
f 5661 5655 5619
f 5694 5657 5620
f 5695 5660 5623
f 5697 5659 5660
f 5661 5662 5699
f 5628 5663 5700
f 5701 5663 5626
f 5627 5665 5702
f 5703 5665 5629
f 5631 5666 5704
f 5630 5668 5705
f 5632 5670 5706
f 5669 5707 5672
f 5633 5671 5708
f 5709 5671 5635
f 5662 5672 5710
f 5711 5673 5636
f 5712 5674 5637
f 5675 5638 5676
f 5676 5639 5677
f 5678 5715 5677
f 5678 5643 5682
f 5648 5686 5679
f 5681 5644 5680
f 5682 5681 5719
f 5683 5645 5684
f 5647 5683 5721
f 5646 5084 5085
f 5722 5687 5649
f 5686 5687 5724
f 474 5688 5725
f 5688 5651 5689
f 5690 5726 5689
f 5690 5653 5691
f 5728 5691 5659
f 5656 5692 5729
f 5698 5730 5693
f 5658 5732 5731
f 5733 5696 5660
f 5735 5734 5697
f 5736 5730 5698
f 5737 5700 5663
f 5738 5701 5664
f 5665 5703 5739
f 5667 5705 5740
f 5707 5669 5704
f 5742 5743 5704
f 5744 5705 5668
f 5745 5706 5670
f 5746 5710 5672
f 5747 5708 5671
f 5748 5709 5673
f 5699 5710 5749
f 5750 5711 5674
f 5713 5751 5712
f 5714 5752 5713
f 5714 5677 5715
f 5715 5678 5716
f 5718 5755 5716
f 5681 5717 5757
f 5717 5680 5759
f 5718 5719 5761
f 5762 5721 5683
f 5086 5720 5684
f 5763 5722 5685
f 5723 5724 5765
f 512 5725 5766
f 5725 5689 5726
f 5726 5690 5727
f 5691 5728 5768
f 5694 5729 5769
f 5770 5771 5729
f 5730 5773 5772
f 5695 5731 5774
f 5775 5731 5732
f 5776 5735 5696
f 5777 5734 5735
f 5779 5773 5730
f 5780 5742 5700
f 5781 5737 5701
f 5702 5739 5782
f 5783 5739 5703
f 5784 5740 5705
f 5741 5704 5743
f 5707 5741 5786
f 5780 5787 5743
f 5706 5745 5788
f 5708 5747 5789
f 5790 5749 5710
f 5791 5747 5709
f 5792 5748 5711
f 5750 5712 5751
f 5752 5794 5751
f 5753 5795 5752
f 5754 5796 5753
f 5754 5716 5755
f 5760 5798 5755
f 5757 5799 5761
f 5717 5758 5800
f 5765 5801 5758
f 5760 5761 5803
f 5721 5762 5804
f 5806 5805 5722
f 5808 5087 553
f 5808 5766 5726
f 5727 5768 5809
f 5810 5768 5728
f 5769 5729 5771
f 5813 5812 5771
f 5772 5773 5815
f 5733 5774 5816
f 5731 5775 5817
f 5811 5818 5775
f 5778 5735 5776
f 5778 5821 5820
f 5734 5777 5822
f 5823 5815 5773
f 5737 5781 5824
f 5738 5782 5825
f 5739 5783 5826
f 5827 5783 5740
f 5744 5788 5828
f 5785 5743 5787
f 5785 5830 5786
f 5746 5786 5831
f 5780 5824 5832
f 5833 5788 5745
f 5747 5791 5834
f 5813 5814 5749
f 5748 5792 5835
f 5793 5836 5792
f 5793 5751 5794
f 5795 5838 5794
f 5795 5753 5796
f 5797 5840 5796
f 5760 5802 5841
f 5759 5756 5842
f 5803 5761 5799
f 5845 5757 5800
f 5800 5758 5847
f 5802 5803 5850
f 5763 5804 5851
f 5853 5805 5806
f 5724 5807 5854
f 5855 641 5087
f 5808 5767 5856
f 5856 5767 5809
f 5810 5858 5809
f 5811 5771 5812
f 5790 5831 5812
f 5772 5814 5813
f 5819 5776 5816
f 5861 5816 5774
f 5862 5817 5775
f 5821 5778 5819
f 5820 5864 5822
f 5821 5866 5865
f 5810 5822 5867
f 5868 5824 5781
f 5782 5826 5869
f 5827 5870 5826
f 5784 5828 5871
f 5788 5833 5872
f 5829 5787 5832
f 5829 5874 5830
f 5831 5786 5830
f 5876 5832 5824
f 5789 5834 5877
f 5791 5835 5878
f 5792 5836 5879
f 5836 5793 5837
f 5838 5881 5837
f 5839 5882 5838
f 5839 5796 5840
f 5884 5840 5797
f 5798 5841 5885
f 5849 5886 5841
f 5843 5799 5888
f 5889 5850 5803
f 5844 5847 5890
f 5891 5892 5846
f 5848 5801 5854
f 5849 5850 5895
f 5806 5851 683
f 5853 5854 5807
f 5852 5897 5896
f 5855 5899 5898
f 5900 5899 5855
f 5857 5901 5900
f 5857 5809 5858
f 5859 5812 5831
f 5863 5819 5860
f 5860 5816 5861
f 5905 5861 5817
f 5818 5859 5906
f 5863 5907 5866
f 5864 5820 5865
f 5910 5909 5865
f 5867 5911 5902
f 5870 5912 5869
f 5871 5913 5870
f 5871 5828 5872
f 5833 5877 5915
f 5873 5916 5874
f 5873 5832 5876
f 5874 5918 5875
f 5868 5920 5919
f 5834 5878 5921
f 5922 5878 5835
f 5880 5923 5879
f 5837 5881 5924
f 5883 5925 5882
f 5884 5926 5883
f 5927 5926 5884
f 5841 5886 5928
f 5894 5929 5886
f 5888 5931 5930
f 5845 5890 5888
f 5887 5932 5889
f 5933 5895 5850
f 5934 5891 5847
f 5936 5935 5892
f 5893 5854 5853
f 5937 5931 5848
f 5939 5894 5895
f 5897 5941 5940
f 5943 5942 5898
f 5944 5899 5900
f 5946 5945 5900
f 5901 5857 5902
f 5875 5918 5906
f 5907 5863 5903
f 5904 5949 5903
f 5905 5950 5904
f 5862 5906 5951
f 5907 5952 5910
f 5908 5954 5953
f 5909 5955 5908
f 5909 5910 5957
f 5867 5959 5958
f 5960 5869 5912
f 5913 5962 5912
f 5913 5871 5914
f 5964 5914 5872
f 5965 5915 5877
f 5916 5966 5918
f 5917 5967 5916
f 5919 5968 5917
f 5960 5969 5919
f 5970 5921 5878
f 5879 5923 5971
f 5880 5924 5972
f 5973 5924 5881
f 5973 5882 5925
f 5883 5926 5975
f 5975 5926 5927
f 5977 5927 5885
f 5939 5978 5929
f 5930 5979 5932
f 5980 5930 5931
f 5931 5888 5890
f 5889 5932 5981
f 5895 5933 5982
f 5984 5983 5891
f 5934 5892 5935
f 5935 5936 5986
f 5937 5893 5896
f 5941 5988 5987
f 5942 5943 5990
f 5944 5945 5992
f 5946 5901 5994
f 5993 5992 5945
f 5947 5995 5994
f 5906 5918 5966
f 5903 5949 5996
f 5950 5997 5949
f 5905 5951 5998
f 5999 5957 5910
f 5864 5953 5959
f 6001 6000 5953
f 5954 5908 5955
f 5955 5909 5956
f 5911 5958 6005
f 5959 6007 6006
f 5961 6008 5969
f 5961 5912 5962
f 5913 5963 6010
f 6011 5963 5914
f 5915 5965 6012
f 6013 5965 5921
f 6014 5966 5916
f 5967 5917 5968
f 5968 5919 5969
f 6017 5970 5922
f 5971 5923 5972
f 6019 5972 5924
f 5973 5974 6020
f 5975 6021 5974
f 5976 5927 5977
f 5976 6023 6021
f 5928 5929 6024
f 6025 6024 5929
f 5939 6027 6026
f 5981 5932 5979
f 6029 5979 5930
f 5940 5987 5980
f 5981 6030 5982
f 5984 6032 6031
f 5985 6032 5984
f 5986 6034 6033
f 6031 5986 5936
f 6037 5987 5988
f 5990 6039 6038
f 5991 5990 5943
f 6040 6041 5991
f 5993 5994 6043
f 5992 5993 6042
f 6044 6043 5994
f 6045 5995 5947
f 5951 5966 6014
f 5948 5996 6046
f 5949 5997 6047
f 6048 5997 5950
f 5952 6046 6049
f 6051 6050 5957
f 5953 6000 6007
f 6052 6000 6001
f 6002 6054 6001
f 6003 6055 6002
f 6003 5956 6057
f 6059 6058 6004
f 5958 6006 6060
f 6062 6006 6007
f 6016 5969 6008
f 6009 6064 6008
f 6065 6009 5962
f 5963 6011 6066
f 5964 6012 6067
f 5965 6013 6068
f 6069 6013 5970
f 6015 6070 6014
f 6015 5968 6016
f 6018 6072 6017
f 6018 5972 6019
f 6074 6073 6019
f 6021 6075 6020
f 5977 6024 6076
f 6022 6077 6023
f 6078 6076 6024
f 6079 6025 5978
f 6081 6080 6026
f 6028 6082 6030
f 6029 6083 6028
f 5980 5987 6037
f 6035 5982 6030
f 6085 6031 6032
f 5985 6033 6086
f 6034 6088 6087
f 6034 5986 6031
f 5988 5090 5092
f 6091 6090 6037
f 6092 6038 6039
f 5990 5991 6041
f 6040 6095 6094
f 6042 6043 6097
f 6040 6042 6096
f 6098 6044 5995
f 6099 6097 6043
f 6070 6048 5998
f 6100 6046 5996
f 6101 6047 5997
f 5999 6049 6102
f 6103 6049 6046
f 6051 6105 6104
f 6052 6061 6007
f 6052 6053 6107
f 6108 6053 6001
f 6055 6109 6054
f 6055 6003 6056
f 6112 6056 6057
f 6045 6004 6058
f 6058 6059 6114
f 6115 6059 6005
f 6006 6062 6116
f 6118 6117 6062
f 6063 6119 6071
f 6063 6008 6064
f 6065 6121 6064
f 6065 6010 6066
f 6011 6067 6123
f 6012 6068 6124
f 6125 6068 6013
f 6072 6126 6069
f 6071 6127 6070
f 6073 6128 6072
f 6020 6075 6129
f 6074 6130 6128
f 6076 6131 6077
f 6133 6023 6077
f 6131 6076 6078
f 6078 6025 6079
f 6136 6079 6026
f 6138 6080 6081
f 6139 6081 6027
f 6082 6141 6140
f 6083 6142 6082
f 6029 6037 6090
f 6084 6030 6140
f 6089 6035 6084
f 6086 6146 6145
f 6086 6033 6087
f 6085 6145 6088
f 6148 6147 6090
f 6038 6092 939
f 6093 6150 6149
f 6041 6094 6093
f 6095 6152 6151
f 6096 6097 6154
f 6153 6152 6095
f 6155 6099 6044
f 6157 6097 6099
f 6127 6101 6048
f 6047 6101 6158
f 6102 6159 6105
f 6160 6102 6049
f 6158 6161 6103
f 6163 6104 6105
f 6164 6118 6061
f 6165 6107 6053
f 6054 6109 6166
f 6110 6167 6109
f 6056 6112 6168
f 6111 6057 6104
f 6111 6170 6169
f 6171 6098 6058
f 6113 6114 6173
f 6174 6114 6059
f 6175 6115 6060
f 6117 6176 6116
f 6127 6071 6119
f 6120 6178 6119
f 6120 6064 6121
f 6180 6121 6065
f 6066 6123 6181
f 6067 6124 6182
f 6183 6124 6068
f 6128 6184 6126
f 6074 6129 6185
f 6128 6130 6186
f 6132 6077 6131
f 6132 6189 6188
f 6187 6131 6134
f 6135 6191 6134
f 6080 6193 6192
f 6081 6139 6194
f 6195 6138 6137
f 6144 6197 6139
f 6141 6199 6198
f 6200 6141 6082
f 6142 6083 6090
f 6201 6143 6140
f 6146 6203 6202
f 6203 6146 6087
f 6088 6145 6202
f 6206 6147 6148
f 6092 6149 6207
f 6150 6209 6208
f 6150 6093 6094
f 6211 6151 6152
f 6154 6213 6212
f 6214 6156 6099
f 6177 6158 6101
f 6162 6105 6159
f 6160 6216 6159
f 6161 6217 6160
f 6161 6158 6177
f 6162 6220 6219
f 5098 5094 6107
f 6108 6166 6221
f 6109 6167 6222
f 6110 6168 6223
f 6112 6169 6224
f 6111 6163 6219
f 6225 6171 6113
f 6172 6173 6227
f 6228 6114 6174
f 6230 6174 6115
f 6175 6116 6176
f 6176 6117 968
f 6119 6178 6218
f 6179 6232 6178
f 6180 6233 6179
f 6234 6180 6122
f 6181 6123 6182
f 6236 6182 6124
f 6125 6126 6237
f 6238 6237 6126
f 6239 6186 6130
f 6188 6185 6129
f 6186 6240 6238
f 6187 6241 6189
f 6243 6242 6188
f 6190 6134 6191
f 6190 6245 6241
f 6246 6247 6191
f 6136 6192 6249
f 6193 6251 6250
f 6137 6194 6252
f 6196 6254 6253
f 6251 6193 6138
f 6256 6197 6144
f 6257 6199 6141
f 6200 6142 6147
f 6258 6201 6198
f 6261 6202 6203
f 6262 6260 6203
f 6204 6202 6261
f 6205 6264 6263
f 6266 6265 6208
f 6150 6151 6267
f 6210 6269 6268
f 6212 6213 6271
f 6154 6157 6272
f 6214 6274 6273
f 6171 6225 6214
f 6215 6159 6216
f 6215 6276 6220
f 6217 6277 6216
f 6218 6278 6217
f 6279 6280 6219
f 6281 6221 6166
f 6282 6222 6167
f 6283 6223 6168
f 6285 6224 6169
f 6170 6219 6280
f 6226 6286 6225
f 6226 6227 6288
f 6289 6227 6173
f 6229 6290 6289
f 6230 6291 6229
f 6230 6175 6231
f 1024 1086 6231
f 6232 6278 6218
f 6232 6179 6233
f 6294 6233 6180
f 6234 6181 6235
f 6236 6296 6235
f 6236 6183 6237
f 6297 6237 6238
f 6242 6239 6185
f 6240 6186 6239
f 6298 6238 6240
f 6241 6301 6243
f 6302 6242 6243
f 6244 6191 6247
f 6245 6305 6301
f 6307 6306 6247
f 6248 6249 6307
f 6308 6249 6192
f 6310 6250 6251
f 6254 6196 6252
f 6195 6253 6309
f 6253 6254 6313
f 6315 6314 6197
f 6255 6317 6316
f 6318 6259 6199
f 6206 6263 6257
f 6259 6320 6319
f 6201 6258 6317
f 6321 6261 6260
f 6260 6262 6323
f 6321 6323 6262
f 5100 5103 6264
f 6263 6264 6325
f 6328 6327 6208
f 6329 6265 6266
f 6331 6266 6209
f 6269 6334 6333
f 6332 6335 6269
f 6332 6212 6270
f 6270 6271 6337
f 6338 6271 6213
f 6273 6274 6340
f 6274 6214 6225
f 6341 6338 6272
f 6276 6215 6275
f 6277 6343 6275
f 6279 6220 6276
f 6346 6345 6280
f 5105 5102 6221
f 6347 6281 6222
f 6223 6283 6348
f 6349 6283 6224
f 6351 6285 6284
f 6345 6350 6284
f 6286 6226 6287
f 6354 6353 6287
f 6227 6289 6355
f 6355 6289 6290
f 6291 6357 6290
f 6291 6230 6292
f 6292 6231 1086
f 6360 6293 6233
f 6361 6294 6234
f 6295 6235 6296
f 6297 6363 6296
f 6363 6297 6298
f 6299 6239 6242
f 6300 6240 6299
f 6366 6364 6298
f 6303 6243 6301
f 6303 6369 6368
f 6367 6301 6305
f 6371 6305 6245
f 6307 6374 6373
f 6374 6307 6249
f 6250 6310 6375
f 6377 6376 6310
f 6252 6379 6378
f 6311 6380 6313
f 6312 6377 6309
f 6312 6313 6382
f 6315 6384 6383
f 6315 6256 6386
f 6387 6316 6317
f 6318 6257 6263
f 6318 6389 6320
f 6258 6319 6388
f 6320 6391 6390
f 6322 6393 6392
f 6394 6393 6322
f 6392 6394 6323
f 6324 6325 6397
f 6265 6329 6399
f 6328 6398 6326
f 6400 6329 6330
f 6402 6330 6266
f 6333 6403 6402
f 6334 6405 6404
f 6334 6269 6335
f 6335 6270 6336
f 6336 6337 6408
f 6409 6337 6271
f 6339 6340 6411
f 6286 6352 6340
f 6341 6273 6339
f 6412 6409 6338
f 6342 6275 6343
f 6414 6344 6276
f 6343 6277 6293
f 6279 6344 6415
f 6345 6346 6417
f 6418 6347 6282
f 6419 6348 6283
f 6285 6351 6420
f 6351 6350 6422
f 6416 6422 6350
f 6287 6353 6423
f 6353 6354 6425
f 6355 6427 6426
f 6356 6290 6357
f 6427 6355 6356
f 6358 6430 6357
f 6294 6361 6431
f 6295 6362 6432
f 6362 6296 6363
f 6434 6366 6300
f 6436 6364 6366
f 6368 6369 6438
f 6440 6370 6305
f 6370 6438 6369
f 6372 6442 6441
f 6444 6443 6373
f 6446 6374 6308
f 6375 6310 6376
f 6448 6449 6376
f 6311 6378 6450
f 6451 6382 6313
f 6381 6448 6377
f 6453 6452 6381
f 6379 6314 6383
f 6455 6384 6315
f 6385 6386 6457
f 6388 6459 6458
f 6460 6386 6316
f 6318 6324 6396
f 6389 6461 6391
f 6319 6390 6459
f 6390 6391 6463
f 6464 6392 6393
f 6466 6465 6393
f 6466 6394 6392
f 6467 6468 6396
f 6395 1261 6397
f 5110 6398 6469
f 6328 6399 6469
f 6470 6399 6329
f 6403 6401 6330
f 6403 6333 6404
f 6473 6404 6405
f 6406 6474 6405
f 6336 6407 6474
f 6475 6476 6407
f 6408 6337 6409
f 6412 6339 6410
f 6479 6410 6411
f 6352 6423 6411
f 6478 6477 6409
f 6342 6413 6481
f 6360 6431 6413
f 6344 6414 6482
f 6417 6346 6415
f 6416 6417 6485
f 6348 6419 6486
f 6349 6420 6487
f 6421 6488 6420
f 6421 6422 6490
f 6484 6490 6422
f 6491 6423 6353
f 6492 6493 6424
f 6354 6426 6494
f 6494 6426 6427
f 6428 6357 6430
f 6428 6497 6429
f 6429 6498 6495
f 6358 6359 6499
f 6500 6431 6361
f 6501 6432 6362
f 6502 6435 6366
f 6433 6364 6436
f 6435 6504 6503
f 6438 6506 6505
f 6434 6368 6437
f 6439 6442 6372
f 6371 6441 6507
f 6442 6509 6508
f 6444 6457 6510
f 6511 6456 6446
f 6447 6376 6449
f 6513 6445 6375
f 6515 6514 6449
f 6380 6450 6516
f 6454 6517 6450
f 6382 6451 6518
f 6448 6381 6452
f 6519 6520 6452
f 6521 6517 6454
f 6522 6523 6384
f 6456 6511 6455
f 6456 6457 6444
f 6460 6510 6457
f 6387 6458 6524
f 6458 6459 6526
f 6389 6396 6468
f 6527 6391 6461
f 6526 6459 6390
f 6462 6463 6530
f 6464 6465 6532
f 6532 6465 6466
f 6464 6531 6533
f 5114 6467 6397
f 6468 6467 6535
f 1264 6469 6536
f 6399 6470 6536
f 6538 6470 6400
f 6471 6539 6401
f 6471 6404 6473
f 6472 6405 6474
f 6543 6473 6472
f 6407 6476 6541
f 6477 6544 6475
f 6546 6476 6475
f 6478 6410 6548
f 6479 6480 6550
f 6480 6411 6423
f 6478 6547 6544
f 6551 6482 6414
f 6500 6481 6413
f 6417 6483 6552
f 6484 6485 6554
f 6419 6487 6555
f 6420 6488 6556
f 6557 6488 6421
f 6558 6559 6489
f 6553 6558 6490
f 6493 6560 6491
f 6425 6494 6561
f 6492 6563 6562
f 6495 6564 6561
f 6496 6565 6497
f 6566 6496 6430
f 6497 6567 6498
f 6498 6568 6564
f 6500 6432 6501
f 6502 6570 6504
f 6569 6501 6436
f 6572 6503 6504
f 6437 6505 6570
f 6573 6505 6506
f 6439 6575 6509
f 6507 6441 6577
f 6508 6578 6577
f 6578 6508 6509
f 6443 6510 6575
f 6513 6579 6511
f 6447 6512 6580
f 6449 6514 6581
f 6583 6582 6514
f 6451 6516 6584
f 6450 6517 6585
f 6586 6519 6453
f 6520 6583 6515
f 6519 6588 6587
f 6589 6585 6517
f 6521 6384 6523
f 6511 6579 6522
f 6591 6590 6523
f 6524 6575 6510
f 6525 6526 6592
f 6528 6461 6468
f 6527 6528 6594
f 6529 6592 6526
f 6529 6530 6596
f 6593 6530 6463
f 6532 6598 6597
f 6532 6533 6599
f 6597 6599 6533
f 5114 5116 6535
f 6601 6534 6535
f 6603 1332 6536
f 6536 6470 6604
f 6538 6605 6604
f 6537 6401 6539
f 6540 6607 6539
f 6543 6608 6540
f 6542 6472 6541
f 6542 6611 6610
f 6609 6541 6476
f 6475 6544 6612
f 6613 6614 6546
f 6616 6547 6548
f 6549 6617 6548
f 6618 6619 6549
f 6480 6491 6560
f 6544 6547 6616
f 6482 6551 6572
f 6569 6551 6481
f 6620 6554 6485
f 6571 6552 6483
f 6553 6554 6622
f 6623 6555 6487
f 6624 6556 6488
f 6559 6558 6626
f 6621 6626 6558
f 6627 6560 6493
f 6561 6628 6563
f 6561 6564 6629
f 6497 6565 6630
f 6566 1429 6565
f 6567 6631 6568
f 6629 6564 6568
f 5115 1429 6566
f 6570 6633 6571
f 6551 6569 6503
f 6505 6573 6633
f 6574 6635 6634
f 6507 6576 6574
f 6577 6637 6636
f 6578 6592 6637
f 6580 6638 6579
f 6581 6639 6580
f 6581 6514 6582
f 6582 6583 6642
f 6643 6584 6516
f 6587 6642 6583
f 6645 6587 6588
f 6643 6585 6589
f 6590 6646 6589
f 6522 6579 6638
f 6590 6591 6648
f 6528 6534 6601
f 6650 6649 6593
f 6592 6529 6595
f 6596 6652 6651
f 6593 6649 6596
f 6654 6597 6598
f 6655 6653 6598
f 6597 6654 6656
f 6600 6535 5116
f 6600 6658 6657
f 6659 6660 6603
f 6661 6605 6538
f 6606 6663 6662
f 6606 6539 6607
f 6607 6540 6608
f 6666 6608 6543
f 6609 6667 6611
f 6668 6610 6611
f 6667 6609 6546
f 6545 6612 6670
f 6672 6671 6614
f 6615 6548 6617
f 6615 6675 6674
f 6549 6619 6676
f 6618 6550 6560
f 6619 6618 6678
f 6616 6674 6670
f 6552 6571 6633
f 6620 6634 6622
f 6621 6622 6680
f 6681 1420 6555
f 6556 6624 6682
f 6683 6624 6557
f 6625 6626 6685
f 6686 6683 6559
f 6679 6685 6626
f 6689 6690 6628
f 6630 6691 6631
f 6692 6565 1429
f 6632 6568 6631
f 6629 6632 6694
f 6620 6633 6573
f 6634 6635 6680
f 6576 6636 6635
f 6637 6595 6651
f 6639 6695 6638
f 6639 6581 6640
f 6641 6697 6640
f 6698 6699 6641
f 6642 6587 6645
f 6701 6702 6644
f 6645 6644 6704
f 6591 6638 6695
f 6647 6648 6706
f 6601 6657 6650
f 6708 6649 6650
f 6679 6680 6651
f 6652 6596 6649
f 6709 6654 6653
f 6653 6655 6711
f 6709 6712 6656
f 1513 6658 6600
f 6658 6714 6713
f 6659 6602 6605
f 6659 6717 6716
f 6661 6662 6663
f 6719 6715 6605
f 6663 6606 6664
f 6664 6607 6665
f 6722 6665 6608
f 6610 6668 6723
f 6669 6611 6667
f 6669 6726 6725
f 6724 6667 6614
f 6613 6670 6727
f 6671 6672 6729
f 6673 6617 6676
f 6673 6730 6675
f 6675 6732 6731
f 6676 6619 6734
f 6627 6735 6678
f 6677 6678 6737
f 6727 6670 6674
f 6623 6682 6738
f 6683 6739 6682
f 6684 6740 6686
f 6685 6708 6707
f 6739 6683 6686
f 6652 6708 6685
f 6687 6742 6735
f 6690 6744 6688
f 6746 6745 6690
f 6631 6691 6747
f 6692 6748 6691
f 1491 1550 6748
f 6749 6694 6632
f 6694 6750 6746
f 6635 6636 6651
f 6751 6695 6639
f 6752 6696 6640
f 6699 6698 6754
f 6703 6754 6698
f 6704 6644 6702
f 6701 6705 6756
f 6703 6704 6758
f 6705 6706 6759
f 6700 6647 6705
f 6707 6650 6657
f 6711 6761 6760
f 6655 6656 6712
f 6709 6763 6762
f 6764 6714 6658
f 6740 6713 6714
f 6716 5122 5118
f 6717 6659 6715
f 6717 6768 6767
f 6718 6769 6719
f 6720 6770 6718
f 6715 6719 6771
f 6720 6664 6721
f 6721 6665 6722
f 6666 6723 6774
f 6668 6725 6775
f 6724 6776 6726
f 6777 6725 6726
f 6776 6724 6671
f 6779 6729 6672
f 6733 6732 6730
f 6781 6731 6732
f 6733 6734 6783
f 6678 6735 6784
f 6785 6677 6736
f 6788 6787 6736
f 6779 6727 6731
f 6738 6682 6739
f 6686 6740 6765
f 6684 6707 6713
f 6741 6790 6789
f 6791 6784 6735
f 6742 6687 6793
f 6687 6743 6794
f 6794 6743 6688
f 6745 6795 6744
f 6797 6745 6746
f 6693 6747 6798
f 6747 6691 6748
f 6750 6694 6749
f 6796 6746 6750
f 6696 6752 6802
f 6803 6752 6697
f 6754 6805 6804
f 6806 6803 6699
f 6757 6805 6754
f 6702 6756 6807
f 6808 6758 6704
f 6810 6757 6758
f 6756 6759 6811
f 6759 6706 6802
f 6813 6760 6761
f 6761 6711 6712
f 6815 6816 6762
f 6817 6765 6714
f 5122 6716 6767
f 6766 6818 6768
f 6767 6768 6820
f 6771 6719 6769
f 6822 6769 6718
f 6720 6772 6823
f 6818 6766 6771
f 6721 6773 6825
f 6722 6774 6826
f 6827 6774 6723
f 6828 6775 6725
f 6776 6829 6778
f 6830 6831 6777
f 6833 6832 6729
f 6732 6733 6782
f 6780 6835 6834
f 6836 6837 6782
f 6785 6783 6734
f 6737 6784 6838
f 6786 6840 6839
f 6786 6736 6787
f 6842 6843 6787
f 6779 6781 6834
f 6789 5126 5123
f 6741 6765 6817
f 5127 5126 6789
f 6844 6791 6742
f 6845 6838 6784
f 6792 6793 6847
f 6794 6848 6847
f 6744 6795 6848
f 6849 6795 6745
f 6796 6851 6850
f 6800 6749 6798
f 6853 6798 6747
f 6800 6854 6801
f 6801 6855 6851
f 6812 6802 6752
f 6753 6804 6856
f 6806 6857 6812
f 6810 6858 6805
f 6807 6859 6808
f 6809 6758 6808
f 6809 6862 6861
f 6811 6863 6859
f 6812 6857 6811
f 6813 6814 6866
f 6762 6816 6814
f 6867 6864 6760
f 6763 6864 6867
f 6815 6869 6868
f 5125 6767 6819
f 6870 6820 6768
f 6819 6820 6872
f 6769 6822 6873
f 6771 6821 6825
f 6823 10231 10230
f 6824 6876 6870
f 6824 6773 6826
f 6877 6826 6774
f 6775 6828 6878
f 6879 6828 6777
f 6830 6778 6829
f 6830 6882 6881
f 6832 6833 6884
f 6780 6782 6837
f 6885 6886 6834
f 6785 6839 6836
f 6836 6888 6887
f 6889 6842 6788
f 6840 6891 6890
f 6841 6892 6840
f 6841 6787 6843
f 6894 6895 6843
f 6886 6884 6833
f 6844 6792 6846
f 6897 6845 6791
f 6898 6889 6838
f 6899 6900 6846
f 6899 6847 6848
f 6901 6848 6795
f 6902 6849 6797
f 6904 6850 6851
f 6800 6852 6905
f 6906 6852 6798
f 6801 6854 6907
f 6903 6851 6855
f 6856 6909 6857
f 6910 6856 6804
f 6860 6808 6859
f 6861 6862 6911
f 6911 6859 6863
f 6909 6863 6811
f 6865 6913 6867
f 6865 6866 6915
f 6814 6816 6868
f 6815 6867 6913
f 6917 6868 6869
f 5129 6819 6871
f 6918 6872 6820
f 6871 6872 6920
f 6821 6873 6823
f 6875 6873 6822
f 6875 6921 6922
f 6870 6876 6923
f 6877 6923 6876
f 6827 6878 6924
f 6828 6879 6925
f 6926 6879 6831
f 6830 6880 6927
f 6929 6881 6882
f 6883 6884 6931
f 6883 6927 6880
f 6885 6835 6837
f 6932 6931 6886
f 6839 6890 6888
f 6894 6842 6889
f 6934 6890 6891
f 6891 6840 6892
f 6893 6937 6892
f 6938 6893 6843
f 6894 6940 6939
f 6897 6844 6896
f 6900 6942 6896
f 6845 6897 6943
f 6900 6899 6945
f 6901 6946 6945
f 6946 6901 6849
f 6850 6904 6947
f 6948 6949 6904
f 6950 6907 6854
f 6852 6906 6951
f 6908 6855 6907
f 6948 6903 6908
f 6912 6910 6858
f 6863 6909 6910
f 6955 6913 6865
f 6914 6915 6957
f 6866 6868 6917
f 6916 6869 6913
f 6958 6917 6916
f 5130 6871 6919
f 6872 6918 6960
f 6919 6920 6962
f 6918 6923 6963
f 6924 6963 6923
f 6924 6878 6925
f 6965 6925 6879
f 6881 6929 6966
f 6882 6927 6967
f 6928 6969 6968
f 6930 6967 6927
f 6970 6971 6930
f 6887 6972 6932
f 6931 6932 6973
f 6934 6972 6888
f 6934 6935 6975
f 6935 6891 6936
f 6937 6977 6936
f 6893 6938 6978
f 6939 6981 6980
f 6982 6981 6939
f 6941 6896 6942
f 6941 6984 6943
f 6898 6943 6985
f 6944 6945 6987
f 6987 6945 6946
f 6947 6988 6946
f 6947 6904 6949
f 6991 6990 6949
f 6905 6951 6992
f 6950 6993 6952
f 6994 6992 6951
f 6952 6995 6953
f 6948 6953 6996
f 6955 6914 6956
f 6956 6957 6998
f 6958 6957 6915
f 6997 6999 6916
f 6959 7001 7000
f 6959 6916 6999
f 6920 6960 7002
f 6961 6962 7004
f 6963 6924 6964
f 7006 6964 6925
f 6926 6966 7007
f 7008 6966 6929
f 6928 6967 7009
f 7010 6968 6969
f 6971 7009 6967
f 7013 7012 6971
f 6973 6932 6972
f 6973 7015 7013
f 6934 6974 7014
f 6974 6975 7017
f 7018 6975 6935
f 6976 6936 6977
f 6937 6978 7020
f 6981 6982 7021
f 7022 6983 6942
f 7023 6985 6943
f 6985 7025 7024
f 6986 7026 7022
f 6986 6987 7028
f 7029 7028 6987
f 6988 6947 6989
f 6991 7031 7030
f 6992 7032 6993
f 6993 7033 6995
f 6994 7034 7032
f 6996 6953 6995
f 7036 7031 6991
f 6997 6998 7038
f 7000 6998 6957
f 6998 7000 7001
f 7001 6999 7040
f 7004 6962 7002
f 7004 7043 7042
f 7045 7006 6965
f 7046 7007 6966
f 7047 7008 6968
f 7009 7048 7011
f 7011 7050 7049
f 6971 7012 7048
f 7051 7012 7013
f 7053 7015 6973
f 7052 7013 7015
f 7016 7053 7014
f 7016 7017 7056
f 6975 7018 7057
f 7019 7058 7018
f 7020 7059 7019
f 6980 5134 6979
f 7024 7060 7021
f 6983 7022 7061
f 6984 7061 7062
f 7063 7060 7024
f 7064 7061 7022
f 7026 6986 7027
f 7066 7027 7028
f 7068 7067 7028
f 7069 7068 7029
f 7069 6989 6990
f 7070 7030 7031
f 7033 6993 7032
f 7035 6995 7033
f 7072 7032 7034
f 7034 6994 7076
f 7036 6996 7035
f 7071 7031 7036
f 7080 7079 7037
f 7039 7080 7038
f 7039 7040 7082
f 6999 7037 7079
f 7004 7041 7083
f 7084 7044 7006
f 7007 7046 7085
f 7008 7047 7086
f 7049 7087 7047
f 7050 7011 7048
f 7089 7049 7050
f 7088 7048 7012
f 7052 7092 7091
f 7054 7015 7053
f 7054 7094 7092
f 7095 7055 7056
f 7017 7057 7097
f 7018 7058 7098
f 7099 5137 7021
f 7100 7025 7023
f 7101 7062 7061
f 7025 7100 7102
f 7060 7063 7103
f 7064 7026 7065
f 7065 7027 7066
f 7106 7066 7067
f 7069 7109 7108
f 7030 7070 7109
f 7070 7071 7111
f 7112 7077 7035
f 7072 7074 7113
f 7075 7114 7074
f 7115 7116 7075
f 7117 7078 7036
f 7118 7111 7071
f 7079 7080 7120
f 7120 7080 7039
f 7082 7122 7121
f 7119 7082 7040
f 7041 7044 7084
f 7045 7085 7124
f 7046 7086 7125
f 7047 7087 7126
f 7087 7049 7089
f 7090 7050 7088
f 7129 7089 7090
f 7051 7091 7128
f 7132 7091 7092
f 7093 7133 7094
f 7092 7094 7134
f 7096 7136 7135
f 7137 7096 7056
f 7057 7098 7138
f 7139 7100 7062
f 7104 7140 7101
f 7115 7103 7063
f 7141 7102 7100
f 7105 7142 7104
f 7143 7105 7066
f 7145 7106 7107
f 7107 7067 7147
f 7070 7149 7148
f 7110 7111 7151
f 7077 7112 7152
f 7073 7113 7153
f 7114 7154 7113
f 7114 7075 7116
f 7076 1946 7103
f 7115 7102 7141
f 7078 7117 7156
f 7157 7151 7111
f 7119 7120 7159
f 7159 7120 7081
f 7161 7121 7122
f 7119 7158 7122
f 7083 7084 7124
f 7085 7125 7164
f 7165 7125 7086
f 7166 7126 7087
f 7127 7089 7129
f 7128 7168 7130
f 7130 7170 7169
f 7091 7132 7168
f 7131 7172 7171
f 7134 7094 7133
f 7095 7135 7133
f 7131 7134 7174
f 7175 7135 7136
f 7177 7136 7096
f 7178 7137 7097
f 7140 7179 7139
f 7179 7180 7141
f 7181 7142 7105
f 7106 7145 7182
f 7144 7107 7146
f 7144 7185 7184
f 7186 7146 7147
f 7147 7067 7108
f 7190 7189 7148
f 7110 7150 7191
f 7184 7150 7151
f 7193 7156 7117
f 7112 7153 7194
f 7195 7153 7113
f 7155 7196 7154
f 7116 7141 7180
f 7156 7197 7157
f 7192 7151 7157
f 7159 7200 7199
f 7121 7161 7200
f 7199 7160 7122
f 7202 7161 7160
f 7162 7203 1968
f 7162 7123 7163
f 7163 7124 7164
f 7205 7164 7125
f 7126 7166 7206
f 7207 7166 7127
f 7129 7169 7208
f 7209 7170 7130
f 7210 7169 7170
f 7209 7168 7132
f 7212 7171 7172
f 7134 7173 7214
f 7173 7133 7135
f 7174 7215 7213
f 7176 7217 7216
f 7176 7136 7177
f 7219 7177 7137
f 7142 7220 7179
f 7220 7196 7180
f 7220 7142 7181
f 7143 7182 7222
f 7192 7182 7145
f 7183 7223 7185
f 7186 7224 7183
f 7150 7184 7185
f 7225 7226 7186
f 7227 7187 7147
f 7188 7108 7148
f 7189 7190 7229
f 7149 7191 7230
f 7193 7152 7194
f 7195 7232 7194
f 7154 7196 7233
f 7197 7234 7198
f 7198 7222 7182
f 7235 7199 7200
f 7236 7200 7161
f 7235 7201 7160
f 7201 7238 7237
f 7204 7240 7203
f 7164 7205 7240
f 7206 7241 7205
f 7242 7206 7166
f 7167 7208 7243
f 7210 7244 7208
f 7211 7170 7209
f 7210 7211 7247
f 7245 7209 7171
f 7213 7249 7248
f 7215 7174 7214
f 7175 7216 7214
f 7249 7213 7215
f 7253 7216 7217
f 7218 7254 7217
f 7218 7177 7219
f 7178 2026 2063
f 7221 7233 7196
f 7221 7181 7222
f 7191 7185 7223
f 7224 7257 7223
f 7186 7226 7258
f 7187 7227 7259
f 7225 7261 7260
f 7228 7227 7188
f 7228 7229 7263
f 7265 7190 7230
f 7231 7234 7197
f 7222 7198 7234
f 7235 7236 7267
f 7236 7202 7237
f 7266 7238 7201
f 7269 7239 7203
f 7241 7269 7240
f 7241 7206 7242
f 7207 7243 7271
f 7243 7208 7244
f 7246 7273 7244
f 7247 7211 7245
f 7247 7276 7275
f 7245 7212 7277
f 7279 7248 7249
f 7250 7214 7216
f 7251 7215 7250
f 7278 7249 7251
f 7252 7217 7254
f 7252 7284 7283
f 7255 7285 7254
f 7255 7219 2063
f 7256 7232 7233
f 7264 7230 7223
f 7257 7224 7258
f 7287 7258 7226
f 7262 7259 7227
f 7288 7260 7261
f 7291 7262 7263
f 7292 7263 7229
f 7292 7265 7264
f 7234 7231 7232
f 7295 7294 7266
f 7297 7267 7237
f 7238 7266 7294
f 7239 7269 7298
f 7270 7298 7269
f 7270 7242 7301
f 7302 7271 7243
f 7272 7244 7273
f 7305 7304 7273
f 7274 7306 7276
f 7276 7308 7307
f 7277 7309 7306
f 7248 7279 7309
f 7311 7279 7278
f 7253 7283 7280
f 7281 7251 7280
f 7278 7281 7313
f 7252 7282 7314
f 7315 7282 7254
f 7316 7283 7284
f 2094 2127 7285
f 7293 7264 7257
f 7318 7286 7258
f 7319 7287 7260
f 7320 7259 7262
f 7321 7289 7261
f 7292 7323 7290
f 7291 7290 7325
f 7292 7293 7326
f 7294 7295 7328
f 7296 7330 7329
f 7296 7294 7327
f 7268 7298 7331
f 7300 7331 7298
f 7300 7301 7334
f 7302 7272 7303
f 7334 7301 7271
f 7303 7273 7304
f 7338 7337 7304
f 7306 7339 7308
f 7305 7275 7307
f 7340 7341 7307
f 7309 7342 7339
f 7342 7309 7279
f 7312 7280 7283
f 7313 7344 7343
f 7317 7284 7314
f 7315 7346 7314
f 7285 2127 2157
f 7317 7348 7347
f 7326 7293 7286
f 7287 7319 7349
f 7319 7288 7351
f 7352 7320 7291
f 7321 7322 7320
f 7289 7321 7354
f 7355 7325 7290
f 7324 7325 7357
f 7358 7355 7323
f 7360 7359 7327
f 7329 7328 7295
f 7330 7362 7361
f 7330 7327 7359
f 7363 7332 7299
f 7333 7334 7366
f 7335 7366 7334
f 7336 7367 7335
f 7336 7304 7337
f 7370 7369 7337
f 7371 7340 7308
f 7338 7307 7341
f 7373 7372 7341
f 7342 7374 7371
f 7311 7375 7374
f 7376 7312 7316
f 7310 7343 7377
f 7344 7379 7378
f 7380 7381 7344
f 7382 7345 7314
f 7383 7348 7317
f 2157 2195 7346
f 7348 7385 7384
f 7349 7358 7326
f 7350 7386 7349
f 7350 7351 7388
f 7356 7389 7352
f 7353 7388 7351
f 7321 7352 7389
f 7353 7354 7391
f 7325 7355 7392
f 7355 7358 7393
f 7395 7359 7360
f 7361 7360 7328
f 7361 7362 7397
f 7397 7362 7359
f 7398 7364 7332
f 7400 7333 7365
f 7403 7402 7365
f 7367 7403 7366
f 7336 7368 7404
f 7369 7405 7368
f 7369 7370 7407
f 7340 7371 7408
f 7372 7407 7370
f 7372 7373 7410
f 7371 7374 7411
f 7374 7375 7412
f 7347 7384 7413
f 7414 7412 7375
f 7415 7377 7343
f 7416 7378 7379
f 7379 7344 7381
f 7376 7413 7381
f 7382 7346 2195
f 7419 7383 7345
f 7420 7385 7348
f 7385 7422 7421
f 7358 7349 7386
f 7387 7423 7386
f 7424 7425 7387
f 7389 7356 7427
f 7390 7424 7388
f 7426 7391 7354
f 7390 7391 7429
f 7357 7392 7431
f 7392 7393 7432
f 7394 7360 7361
f 7433 7395 7394
f 7397 7436 7435
f 7395 7433 7436
f 7364 7398 7437
f 7363 7400 7401
f 7401 7365 7402
f 7402 7403 7441
f 7404 7441 7403
f 7442 7404 7368
f 7443 7405 7369
f 7406 7407 7445
f 7447 7373 7408
f 7409 7445 7407
f 7409 7410 7449
f 7408 7411 7450
f 7450 7411 7412
f 7384 7421 7452
f 7377 7415 7453
f 7454 7451 7412
f 7456 7416 7417
f 7457 7417 7379
f 7381 7413 7458
f 7382 2231 2271
f 7459 7420 7383
f 7460 7422 7385
f 7462 7421 7422
f 7393 7386 7423
f 7463 7423 7387
f 7465 7464 7425
f 7466 7467 7426
f 7428 7465 7424
f 7467 7429 7391
f 7468 7428 7429
f 7470 7471 7430
f 7470 7431 7432
f 7396 7435 7434
f 7433 7434 7474
f 7476 7435 7436
f 7475 7436 7433
f 7477 7438 7399
f 7439 7437 7398
f 7439 7402 7440
f 7480 7479 7440
f 7442 7480 7441
f 7481 7442 7405
f 7444 7482 7443
f 7446 7484 7483
f 7445 7409 7448
f 7487 7448 7449
f 7483 7449 7410
f 7488 7484 7446
f 7489 7488 7450
f 7490 7452 7421
f 7453 7491 7454
f 7492 7493 7453
f 7494 7455 7417
f 7492 7415 7416
f 2271 2310 7495
f 7496 7460 7420
f 7460 7497 7461
f 7498 7499 7462
f 7472 7432 7423
f 7500 7463 7425
f 7501 7502 7464
f 7466 7427 7471
f 7505 7504 7467
f 7465 7428 7506
f 7429 7467 7504
f 7508 7468 7469
f 7470 7509 7503
f 7472 7510 7509
f 7474 7434 7435
f 7511 7473 7474
f 7475 7514 7513
f 7475 7473 7511
f 7438 7477 7515
f 7439 7478 7516
f 7440 7479 7517
f 7519 7518 7479
f 7481 7519 7480
f 7443 7482 7520
f 7522 7521 7482
f 7523 7485 7448
f 7486 7449 7483
f 7526 7525 7484
f 7488 7489 7527
f 7499 7528 7490
f 7452 7490 7529
f 7491 7453 7493
f 7494 7457 7533
f 7455 7494 7535
f 7456 7537 7536
f 7496 7539 7497
f 7495 7538 7496
f 7541 7461 7497
f 7498 7461 7541
f 7499 7498 7542
f 7510 7472 7463
f 7500 7464 7502
f 7546 7545 7502
f 7503 7547 7505
f 7548 7549 7504
f 7501 7506 7550
f 7469 7504 7549
f 7506 7468 7508
f 7508 7507 7552
f 7547 7503 7509
f 7553 7509 7510
f 7513 7512 7474
f 7555 7556 7511
f 7514 7558 7557
f 7511 7556 7558
f 7515 7559 2332
f 7516 7560 7515
f 7561 7560 7516
f 7517 7479 7563
f 7563 7479 7518
f 7518 7519 7566
f 7566 7519 7481
f 7520 7482 7521
f 7522 7569 7568
f 7485 7523 7522
f 7487 7571 7570
f 7573 7486 7524
f 7524 7484 7525
f 7525 7526 7575
f 7526 7527 7576
f 7577 7527 7489
f 7580 7529 7490
f 7581 7528 7499
f 7530 7493 7584
f 7491 7530 7585
f 7531 7586 7579
f 7532 7587 7535
f 7532 7533 7529
f 7535 7589 7588
f 7534 7590 7537
f 7592 7536 7537
f 7540 7497 7539
f 7539 7496 7538
f 7540 7596 7595
f 7541 7595 7597
f 7543 7542 7597
f 7500 7544 7554
f 7545 7599 7544
f 7545 7546 7601
f 7505 7547 7602
f 7603 7604 7549
f 7605 7601 7546
f 7507 7549 7604
f 7551 7605 7550
f 7551 7552 7607
f 7608 7602 7547
f 7553 7554 7609
f 7555 7512 7513
f 7556 7555 7611
f 7613 7557 7558
f 7612 7558 7556
f 7515 7560 7615
f 7616 7615 7560
f 7561 7517 7562
f 7518 7565 7617
f 7566 7619 7618
f 7567 7521 7568
f 7619 7520 7567
f 7523 7570 7569
f 7570 7571 7623
f 7572 7625 7624
f 7525 7574 7625
f 7574 7575 7627
f 7627 7575 7576
f 7577 7629 7576
f 7577 7578 7631
f 7578 7489 7579
f 7598 7633 7581
f 7583 7584 7635
f 7584 7493 7536
f 7583 7637 7585
f 7582 7585 7639
f 7586 7531 7641
f 7638 7641 7531
f 7589 7535 7587
f 7580 7643 7587
f 7588 7644 7590
f 7645 7588 7589
f 7591 7537 7590
f 7647 7636 7536
f 7591 7649 7648
f 2467 7650 7593
f 7594 7651 7596
f 7593 7650 7594
f 7653 7595 7596
f 7654 7597 7595
f 7598 7597 7654
f 7554 7544 7599
f 7656 7599 7545
f 7600 7601 7658
f 7548 7602 7659
f 7603 7661 7660
f 7662 7658 7601
f 7607 7552 7604
f 7606 7662 7605
f 7607 7664 7663
f 7665 7659 7602
f 7666 7665 7608
f 7613 7611 7555
f 7667 7610 7611
f 7612 7670 7669
f 7616 7673 7672
f 7562 7674 7673
f 7617 7615 7672
f 7565 7618 7675
f 7677 7618 7619
f 7567 7620 7678
f 7679 7620 7568
f 7622 7680 7569
f 7682 7624 7625
f 7683 7625 7574
f 7685 7626 7627
f 7686 7628 7576
f 7630 7687 7629
f 7630 7631 7689
f 7578 7632 7690
f 7633 7692 7691
f 7655 7693 7633
f 7583 7634 7693
f 7645 7635 7584
f 7585 7637 7694
f 7640 7690 7632
f 7641 7638 7696
f 7642 7587 7643
f 7642 7692 7635
f 7644 7697 7646
f 7644 7588 7645
f 7646 7699 7649
f 7698 7645 7636
f 7592 7648 7700
f 7648 7649 7702
f 7703 7650 2467
f 7652 7596 7651
f 7650 7703 7651
f 7705 7653 7652
f 7708 7707 7654
f 7707 7694 7655
f 7609 7599 7656
f 7600 7657 7709
f 7711 7657 7658
f 7659 7712 7661
f 7661 7714 7713
f 7715 7710 7658
f 7660 7713 7664
f 7662 7606 7663
f 7716 7663 7664
f 7718 7712 7659
f 7719 7718 7665
f 7667 7668 7721
f 7723 7669 7670
f 7725 7671 7614
f 7564 7672 7673
f 7678 7729 7728
f 7680 7731 7730
f 7622 7732 7731
f 7734 7735 7682
f 7736 7733 7624
f 7683 7626 7737
f 7738 7685 7684
f 7741 7740 7628
f 7688 7742 7687
f 7688 7689 7744
f 7689 7631 7690
f 7693 7634 7692
f 7637 7693 7655
f 7707 7696 7639
f 7690 7640 7746
f 7747 7748 7695
f 7699 7646 7697
f 7698 7750 7697
f 7751 7649 7699
f 7647 7700 7750
f 7753 7754 7700
f 7701 7702 7756
f 7753 7648 7701
f 7759 7758 7703
f 7706 7758 7760
f 7708 7747 7696
f 7656 7709 7719
f 7657 7711 7761
f 7763 7711 7710
f 7714 7661 7712
f 7714 7766 7765
f 7762 7710 7715
f 7713 7765 7717
f 7716 7767 7715
f 7717 7769 7768
f 7770 7764 7712
f 7718 7719 7771
f 7667 7720 7772
f 7774 7720 7721
f 7776 7775 7721
f 7722 7772 7777
f 7724 7671 7725
f 7728 7779 7725
f 7728 7729 7780
f 7678 7679 7781
f 7679 7730 7782
f 7784 7730 7731
f 7785 7732 7623
f 7736 7682 7735
f 7734 7789 7788
f 7736 7790 7786
f 7734 7737 7791
f 7739 7793 7792
f 7740 7739 7684
f 7738 7791 7737
f 7740 7741 7796
f 7686 7794 7797
f 7798 7687 7742
f 7800 7742 7688
f 7744 7746 7748
f 7695 7748 7746
f 7743 7748 7747
f 7752 7699 7749
f 7802 7749 7697
f 7752 7804 7803
f 7750 7700 7754
f 7757 7805 7754
f 7755 7756 7807
f 7751 7803 7756
f 7755 7808 7757
f 7704 7703 7758
f 7760 7758 7759
f 7760 7747 7708
f 7709 7761 7771
f 7810 7761 7711
f 7812 7763 7762
f 7764 7813 7766
f 7815 7765 7766
f 7811 7762 7767
f 7769 7717 7765
f 7716 7768 7816
f 7769 7818 7817
f 7770 7819 7813
f 7771 7820 7819
f 7772 7720 7774
f 7773 7721 7775
f 7774 7773 7824
f 7775 7776 7723
f 7777 7772 7821
f 7724 7778 7827
f 7828 7829 7779
f 7729 7781 7830
f 7831 7830 7781
f 7782 7730 7784
f 7783 7731 7834
f 7783 2655 2654
f 7785 7681 7786
f 7835 7834 7732
f 7787 7735 7788
f 7787 7837 7790
f 7788 7789 7839
f 7786 7790 7841
f 7789 7791 7842
f 7738 7792 7842
f 7792 7793 7844
f 7740 7795 7793
f 7741 7797 7845
f 7799 7847 7846
f 7800 7849 7848
f 7809 7850 7800
f 7801 7749 7802
f 7804 7752 7801
f 7853 7803 7804
f 7851 7802 7754
f 7855 7805 7757
f 7806 7856 7808
f 7806 7807 7858
f 7853 7807 7756
f 7820 7771 7761
f 7763 7812 7859
f 7811 7861 7860
f 7814 7766 7813
f 7864 7815 7814
f 7816 7865 7861
f 7815 7864 7818
f 7768 7817 7865
f 7866 7817 7818
f 7862 7813 7819
f 7868 7819 7820
f 7870 7821 7774
f 7773 7822 7871
f 7822 7775 7777
f 7823 7824 7873
f 7821 7870 7874
f 7876 7877 7827
f 7780 7830 7878
f 7876 7829 7828
f 7831 7782 7832
f 7830 7831 7881
f 7832 7784 2654
f 2655 7783 7833
f 7833 7834 7835
f 7786 7840 7883
f 7787 7836 7884
f 7836 7788 7838
f 7886 7841 7790
f 7838 7839 7888
f 7889 7890 7840
f 7891 7839 7842
f 7843 7844 7894
f 7895 7844 7793
f 7843 7896 7892
f 7897 7898 7796
f 7797 7798 7846
f 7900 7846 7847
f 7848 7901 7847
f 7849 7902 7901
f 7849 7800 7850
f 7852 7801 7851
f 7852 7905 7854
f 7906 7907 7853
f 7904 7851 7805
f 7808 7856 7908
f 7857 7909 7856
f 7857 7858 7911
f 7907 7858 7807
f 7810 7859 7869
f 7912 7859 7812
f 7861 7914 7913
f 7863 7814 7862
f 7863 7917 7916
f 7914 7861 7865
f 7864 7916 7867
f 7918 7865 7817
f 7920 7866 7867
f 7868 7921 7915
f 7869 7922 7921
f 7870 7823 7872
f 7924 7873 7824
f 7874 7871 7822
f 7925 7926 7872
f 7927 7874 7870
f 7875 7827 7877
f 7879 7930 7877
f 7878 7931 7879
f 7831 7880 7932
f 7878 7881 7933
f 7882 2757 2704
f 7890 7934 7883
f 7837 7884 7935
f 7936 7884 7836
f 7885 7838 7887
f 7841 7886 7938
f 7887 7888 7940
f 7941 7888 7839
f 7889 7943 7942
f 7843 7893 7944
f 7893 7894 7946
f 7947 7894 7844
f 7895 7796 7898
f 7845 7846 7900
f 7949 7948 7898
f 7901 7950 7899
f 7952 7900 7899
f 7902 7953 7950
f 7903 7954 7902
f 7904 7955 7905
f 7854 7905 7956
f 7958 7957 7907
f 7855 7908 7955
f 7908 7856 7909
f 7909 7857 7910
f 7961 7962 7910
f 7957 7911 7858
f 7922 7869 7859
f 7860 7913 7963
f 7964 7913 7914
f 7915 7966 7917
f 7917 7968 7967
f 7918 7969 7965
f 7919 7867 7916
f 7969 7918 7866
f 7970 7971 7920
f 7966 7915 7921
f 7972 7921 7922
f 7924 7871 7874
f 7974 7925 7873
f 7925 7976 7975
f 7923 7926 7977
f 7980 7979 7929
f 7931 7981 7930
f 7881 7932 7982
f 2757 7882 7983
f 7942 7985 7934
f 7886 7935 7986
f 7987 7935 7884
f 7988 7937 7887
f 7938 7989 7943
f 7991 7990 7939
f 7992 7940 7888
f 7891 7994 7993
f 7942 7943 7996
f 7997 7944 7893
f 7945 7946 7999
f 8000 7946 7894
f 7947 7898 7948
f 7900 7952 7949
f 7948 7949 8002
f 7951 7899 7950
f 8003 7950 7953
f 7953 7902 7954
f 7905 7955 8006
f 7956 8007 7958
f 8009 8008 7957
f 7959 8006 7955
f 7960 8010 7959
f 7960 7910 7962
f 8013 8012 7962
f 8014 7911 7957
f 7912 7963 7973
f 8015 7963 7913
f 7965 8017 8016
f 7966 8018 7968
f 8020 7967 7968
f 8017 7965 7969
f 7970 7919 7967
f 7969 7920 7971
f 8023 8022 7971
f 7972 8024 8018
f 7973 8025 8024
f 7924 7927 7977
f 8026 7976 7925
f 8027 7977 7926
f 7976 8029 8028
f 7929 7979 8031
f 8032 7928 7930
f 7933 7982 8033
f 7983 8035 8034
f 8036 7983 7882
f 7995 8037 7985
f 7986 7935 7987
f 8040 8039 7987
f 7939 8042 8041
f 8042 7939 7990
f 7991 8045 8044
f 8046 7991 7940
f 7993 8047 7992
f 7994 8049 8048
f 8050 8051 7995
f 7997 7945 7998
f 8049 7994 7944
f 8053 8054 7998
f 8055 7999 7946
f 8000 7948 8001
f 7949 7952 8056
f 8058 8001 8002
f 8003 8059 8056
f 8004 8060 8059
f 8005 8061 8004
f 8007 7956 8006
f 7958 8007 8063
f 8009 8065 8064
f 8010 8062 8006
f 8011 8066 8010
f 8011 7962 8012
f 8068 8069 8012
f 8014 8070 8013
f 8008 8064 8070
f 7963 8015 8025
f 7964 8016 8071
f 8073 8016 8017
f 8019 7968 8018
f 8019 8076 8075
f 8021 8077 8072
f 8020 8075 8023
f 8021 7971 8022
f 8022 8023 8079
f 8074 8018 8024
f 8080 8024 8025
f 7974 7977 8027
f 8026 8082 8029
f 7975 8028 8083
f 8085 8028 8029
f 8086 8087 7980
f 5165 5163 8030
f 8089 8030 7978
f 8090 8031 7979
f 7981 8033 8092
f 8035 7985 8037
f 8037 7995 8051
f 8038 7987 8039
f 8096 7989 7986
f 8097 8098 8039
f 7988 8041 8097
f 8042 8100 8099
f 8043 8101 8100
f 8102 8043 7990
f 8103 8044 8045
f 8105 8045 7991
f 8046 7992 8047
f 8048 8107 8047
f 8099 8048 8049
f 7996 7989 8109
f 8050 8111 8110
f 8052 8108 8049
f 8054 8098 8052
f 8112 8053 7999
f 8054 8053 8113
f 8055 8001 8058
f 8002 8056 8059
f 8110 8111 8058
f 8057 8059 8060
f 8060 8004 8061
f 8063 8007 8062
f 8115 8065 8009
f 8117 8064 8065
f 8114 8062 8010
f 8066 8011 8067
f 8119 8067 8012
f 8068 8013 8070
f 8121 8069 8068
f 8120 8070 8064
f 8015 8071 8081
f 8016 8073 8123
f 8072 8125 8124
f 8019 8074 8126
f 8077 8127 8125
f 8075 8128 8079
f 8078 8127 8077
f 8079 8130 8129
f 8131 8126 8074
f 8081 8132 8131
f 8026 8027 8083
f 8084 8029 8082
f 8134 8083 8028
f 8084 8133 8135
f 8086 8137 8136
f 8089 8138 8088
f 8090 8091 8141
f 8087 8136 8091
f 8143 8142 8032
f 8094 8061 8093
f 8051 8110 8060
f 8095 8039 8098
f 8113 8096 8038
f 8108 8052 8098
f 8041 8099 8108
f 8100 8107 8048
f 8101 8144 8107
f 8145 8101 8043
f 8146 8102 8044
f 8147 8103 8104
f 8104 8045 8105
f 8046 8106 8150
f 8106 8047 8107
f 8050 8109 8151
f 8053 8112 8151
f 8058 8111 8151
f 8152 8115 8063
f 8116 8065 8115
f 8116 8155 8154
f 8066 8118 8152
f 8118 8067 8119
f 8157 8119 8069
f 8120 8158 8122
f 8159 8121 8122
f 8117 8154 8158
f 8132 8081 8071
f 8161 8123 8073
f 8163 8124 8125
f 8164 8128 8076
f 8162 8125 8127
f 8128 8166 8130
f 8078 8129 8165
f 8130 8168 8167
f 8126 8131 8169
f 8169 8131 8132
f 8082 8083 8134
f 8135 8133 8134
f 8171 8136 8137
f 8139 8088 8138
f 8140 8138 8089
f 8176 8177 8140
f 8141 8091 8136
f 8179 8142 8143
f 8096 8113 8151
f 8180 8144 8101
f 8181 8146 8103
f 8148 8183 8182
f 8148 8104 8149
f 8105 8150 8185
f 8144 8180 8150
f 8115 8152 8186
f 8187 8155 8116
f 8188 8189 8154
f 8156 8186 8152
f 8190 8156 8119
f 8159 8191 8157
f 8160 8122 8158
f 8159 8160 8194
f 8158 8154 8189
f 8123 8161 8170
f 8195 8161 8124
f 8164 8196 8166
f 8162 8165 8198
f 8168 8130 8166
f 8129 8167 8198
f 8201 8167 8168
f 8164 8169 8202
f 8169 8170 8203
f 8204 8171 8172
f 8172 8137 8173
f 8139 8174 8207
f 8174 8138 8140
f 8143 2969 5172
f 8210 8209 8179
f 8180 8145 8213
f 8215 8214 8146
f 8147 8182 8216
f 8182 8183 8218
f 8219 8183 8148
f 8149 8185 8220
f 8150 8180 8212
f 8153 8186 8221
f 8155 8187 8222
f 8224 8223 8189
f 8190 8221 8186
f 8225 8190 8157
f 8193 8226 8191
f 8192 8227 8194
f 8228 8229 8193
f 8189 8223 8227
f 8161 8195 8203
f 8163 8197 8230
f 8231 8199 8166
f 8233 8197 8198
f 8234 8200 8168
f 8232 8198 8167
f 8200 8236 8235
f 8202 8237 8231
f 8238 8237 8202
f 8205 8240 8239
f 8241 8205 8172
f 8207 8242 8208
f 8243 8207 8174
f 8178 5172 8211
f 8209 8210 8247
f 8212 8213 8251
f 8215 8251 8213
f 8181 8216 8252
f 8182 8217 8253
f 8254 8255 8217
f 8183 8219 8256
f 8184 8220 8257
f 8185 8212 8250
f 8187 8221 8258
f 8188 8222 8259
f 8261 8260 8223
f 8225 8258 8221
f 8225 8191 8226
f 8229 8263 8226
f 8194 8227 8264
f 8266 8265 8229
f 8227 8223 8260
f 8238 8203 8195
f 8233 8267 8230
f 8268 8234 8199
f 8232 8270 8269
f 8236 8200 8234
f 8201 8235 8270
f 8236 8273 8272
f 8231 8237 8274
f 8275 8274 8237
f 8277 8276 8239
f 8205 8241 8278
f 8241 8206 8280
f 8208 8242 8281
f 8207 8243 8282
f 8245 8283 8243
f 3037 8244 8284
f 8176 8239 8276
f 8249 8247 8210
f 8285 8246 8247
f 8279 8280 8209
f 8248 8286 8247
f 8288 8289 8250
f 8251 8215 8252
f 8290 8252 8216
f 8218 8256 8291
f 8292 8293 8255
f 8219 8257 8294
f 8220 8250 8289
f 8295 8259 8222
f 8224 8259 8296
f 8260 8261 8298
f 8262 8295 8258
f 8262 8226 8263
f 8265 8300 8263
f 8228 8264 8301
f 8303 8265 8266
f 8264 8260 8297
f 8238 8230 8267
f 8269 8304 8267
f 8305 8271 8234
f 8270 8307 8306
f 8308 8273 8236
f 8270 8235 8272
f 8309 8272 8273
f 8268 8274 8311
f 8274 8275 8312
f 8240 8278 8313
f 8314 8278 8241
f 8284 8244 8281
f 8316 8281 8242
f 5175 8284 8317
f 8318 8319 8285
f 8279 8246 8285
f 8248 8287 8321
f 5178 5180 8322
f 8324 8323 8289
f 8288 8252 8290
f 8325 8290 8253
f 8254 8291 8327
f 8329 8328 8291
f 8330 8255 8293
f 8333 8332 8293
f 8323 8294 8257
f 8334 8296 8259
f 8335 8298 8261
f 8337 8297 8298
f 8295 8262 8299
f 8263 8300 8338
f 8303 8339 8300
f 8302 8266 8301
f 8302 8342 8341
f 8297 8337 8340
f 8275 8267 8304
f 8306 8344 8304
f 8305 8345 8308
f 8346 8344 8306
f 8309 8346 8307
f 8309 8310 8348
f 8311 8349 8345
f 8311 8312 8350
f 8352 8351 8277
f 8278 8314 8353
f 8355 8354 8314
f 8284 8315 8356
f 8315 8281 8358
f 8316 8282 8283
f 8359 5179 3114
f 8319 8360 8320
f 8318 8362 8361
f 8320 8363 8355
f 8364 8321 8287
f 8323 8324 8367
f 8325 8367 8324
f 8330 8368 8325
f 8292 8327 8369
f 8370 8327 8291
f 8366 8371 8328
f 8331 8372 8368
f 8331 8293 8332
f 8332 8333 8375
f 8366 8329 8294
f 8334 8376 8335
f 8377 8336 8298
f 8336 8379 8378
f 8299 8338 8376
f 8380 8338 8300
f 8303 8341 8381
f 8340 8382 8342
f 8384 8341 8342
f 8382 8340 8337
f 8385 8343 8304
f 8345 8348 8310
f 8344 8346 8386
f 8347 8386 8346
f 8347 8348 8388
f 8349 8388 8348
f 8350 8390 8389
f 8351 8352 8358
f 8313 8353 8391
f 8353 8314 8354
f 8363 8393 8354
f 8394 8359 8317
f 8356 8315 8357
f 8396 8397 8357
f 5179 8359 8398
f 8363 8320 8360
f 8400 8401 8360
f 8362 8403 8402
f 8321 8364 8362
f 8322 8365 8404
f 8366 8367 8406
f 8368 8406 8367
f 8407 8375 8333
f 8408 8369 8327
f 8328 8371 8409
f 8406 8368 8372
f 8373 8411 8372
f 8374 8412 8373
f 8413 8414 8374
f 8377 8335 8376
f 8377 8416 8379
f 8379 8418 8417
f 8415 8376 8338
f 8419 8380 8339
f 8341 8384 8420
f 8383 8342 8382
f 8383 8423 8422
f 8378 8417 8421
f 8385 8424 8312
f 8386 8425 8424
f 8387 8425 8386
f 8427 8387 8388
f 8390 8350 8424
f 8396 8358 8352
f 8392 8430 8429
f 8354 8393 8431
f 8399 8432 8393
f 8433 8394 8356
f 8359 8394 8434
f 8395 8357 8397
f 8437 8436 8397
f 8438 5183 3192
f 8399 8360 8401
f 8401 8400 8441
f 8361 8402 8441
f 8442 8402 8403
f 8403 8362 8364
f 8365 8405 8444
f 8410 8409 8371
f 8407 8369 8408
f 8375 8407 8447
f 8448 8408 8370
f 8410 8372 8411
f 8412 8450 8411
f 8414 8451 8412
f 8453 8452 8414
f 8416 8377 8415
f 8418 8379 8416
f 8456 8417 8418
f 8454 8415 8380
f 8381 8420 8458
f 8459 8420 8384
f 8421 8460 8423
f 8462 8422 8423
f 8460 8421 8417
f 8428 8424 8425
f 8387 8427 8463
f 8464 8426 8388
f 8426 8466 8465
f 8468 8390 8428
f 8391 8429 8437
f 8437 8429 8430
f 8470 8430 8392
f 8471 8431 8393
f 8399 8439 8472
f 8433 8395 8435
f 8474 8434 8394
f 8398 8434 8475
f 8435 8397 8436
f 8477 8436 8437
f 8440 8479 8439
f 8440 8441 8481
f 8441 8402 8442
f 8482 8442 8443
f 8404 8444 8443
f 8405 8445 8484
f 8409 8410 8449
f 8446 8486 8447
f 8446 8408 8448
f 8447 8488 8453
f 8449 8411 8450
f 8451 8490 8450
f 8452 8491 8451
f 8452 8453 8493
f 8454 8494 8455
f 8455 8495 8457
f 8496 8456 8457
f 8419 8458 8494
f 8498 8458 8420
f 8499 8459 8422
f 8461 8423 8460
f 8501 8502 8462
f 8496 8500 8460
f 8503 8467 8428
f 8504 8463 8427
f 8464 8505 8466
f 8466 8507 8506
f 8464 8390 8468
f 8509 8508 8468
f 8430 8470 8510
f 8431 8471 8511
f 8512 8471 8432
f 8472 8439 8479
f 8473 8514 8474
f 8515 8473 8435
f 8474 8516 8475
f 8438 8475 8517
f 8518 8476 8436
f 8469 8510 8519
f 8480 8521 8479
f 8522 8523 8480
f 8524 8481 8442
f 8483 8526 8525
f 8483 8443 8444
f 8445 8485 8527
f 8487 8448 8449
f 8486 8529 8488
f 8487 8530 8486
f 8531 8493 8453
f 8489 8450 8490
f 8491 8533 8490
f 8492 8534 8491
f 8535 8536 8492
f 8494 8537 8495
f 8497 8457 8495
f 8497 8540 8539
f 8537 8494 8458
f 8459 8499 8541
f 8499 8462 8502
f 8543 8501 8461
f 8544 8545 8502
f 8539 8543 8500
f 8503 8546 8509
f 8465 8506 8547
f 8505 8548 8507
f 8549 8506 8507
f 8508 8548 8505
f 8508 8509 8552
f 8553 8510 8470
f 8554 8511 8471
f 8472 8513 8555
f 8521 8556 8513
f 8514 8557 8516
f 8558 8514 8473
f 8476 8518 8559
f 8517 8475 8516
f 8517 8561 8520
f 8477 8519 8562
f 8563 8519 8510
f 8523 8565 8521
f 8567 8566 8523
f 8482 8525 8568
f 8570 8569 8525
f 8484 8527 8526
f 8571 8527 8485
f 8489 8532 8530
f 8574 8488 8529
f 8530 8575 8529
f 8531 8576 8535
f 8532 8490 8533
f 8533 8491 8534
f 8536 8579 8534
f 8535 8581 8580
f 8538 8495 8537
f 8583 8540 8497
f 8540 8585 8584
f 8582 8537 8498
f 8499 8542 8586
f 8542 8502 8545
f 8501 8543 8588
f 8544 8590 8589
f 8539 8584 8588
f 8546 8591 8552
f 8504 8547 8546
f 8592 8547 8506
f 8507 8548 8593
f 8594 8549 8550
f 8551 8593 8548
f 8551 8552 8597
f 8511 8554 8598
f 8599 8554 8512
f 8555 8513 8556
f 8565 8601 8556
f 8515 8559 8602
f 8518 8562 8603
f 8560 8604 8561
f 8561 8605 8564
f 8606 8562 8519
f 8553 8598 8607
f 8566 8609 8565
f 8566 8567 8611
f 8524 8568 8567
f 8568 8525 8569
f 8569 8570 8614
f 8527 8571 8570
f 8615 8571 8528
f 8577 8575 8530
f 8573 8529 8575
f 8573 8618 8617
f 8535 8576 8619
f 8574 8617 8576
f 8578 8620 8577
f 8578 8534 8579
f 8622 8579 8536
f 8624 8580 8581
f 8582 8625 8583
f 8585 8540 8583
f 8627 8584 8585
f 8541 8586 8625
f 8629 8586 8542
f 8545 8589 8630
f 8590 8544 8588
f 8633 8589 8590
f 8631 8588 8584
f 8552 8591 8634
f 8547 8592 8591
f 8635 8592 8549
f 8595 8550 8593
f 8595 8638 8637
f 8596 8636 8593
f 8640 8596 8597
f 8641 8598 8554
f 8555 8600 8642
f 8600 8556 8601
f 8644 8601 8565
f 8558 8602 8645
f 8646 8602 8559
f 8647 8603 8562
f 8604 8648 8605
f 8560 8557 8649
f 8564 8605 8650
f 8563 8607 8651
f 8652 8607 8598
f 5189 5188 8608
f 8610 8654 8609
f 8610 8611 8656
f 8567 8568 8612
f 8613 8657 8612
f 8613 8614 8659
f 8571 8615 8614
f 3441 8660 8615
f 8616 8575 8577
f 8616 8661 8618
f 8662 8617 8618
f 8619 8664 8623
f 8619 8576 8617
f 8578 8621 8665
f 8666 8621 8579
f 8580 8624 8667
f 8623 8669 8668
f 8626 8583 8625
f 8626 8671 8628
f 8628 8673 8672
f 8670 8625 8586
f 8674 8629 8587
f 8675 8630 8589
f 8631 8676 8632
f 8677 8633 8632
f 8627 8672 8676
f 8639 8597 8634
f 8634 8591 8592
f 8681 8680 8635
f 8636 8682 8638
f 8684 8637 8638
f 8682 8636 8596
f 8639 8686 8685
f 8599 8642 8687
f 8688 8642 8600
f 8689 8643 8601
f 8690 8644 8609
f 8691 8646 8603
f 8606 8651 8692
f 8605 8648 8693
f 8649 8694 8648
f 8608 8650 8695
f 8651 8607 8652
f 8641 8687 8697
f 8655 8699 8654
f 8655 8656 8701
f 8611 8612 8657
f 8658 8702 8657
f 8658 8659 8704
f 8660 8659 8614
f 8660 3441 3487
f 8620 8665 8661
f 8661 8707 8663
f 8663 8709 8708
f 8669 8623 8664
f 8662 8708 8664
f 8711 8665 8621
f 8622 8667 8712
f 8713 8667 8624
f 8714 8668 8669
f 8671 8626 8670
f 8717 8673 8628
f 8719 8672 8673
f 8674 8716 8670
f 8630 8675 8720
f 8721 8675 8633
f 8678 8632 8676
f 8677 8678 8724
f 8722 8676 8672
f 8679 8725 8686
f 8635 8680 8679
f 8680 8681 8727
f 8683 8638 8682
f 8637 8684 8727
f 8730 8729 8684
f 8731 8728 8682
f 8686 8733 8732
f 8687 8642 8688
f 8735 8688 8643
f 8644 8690 8736
f 8699 8737 8690
f 8739 8691 8647
f 8692 8651 8696
f 8741 8695 8650
f 8742 8693 8648
f 8649 8645 8743
f 8744 8698 8653
f 8697 8687 8734
f 5192 5190 8698
f 8700 8747 8699
f 8748 8749 8700
f 8656 8657 8702
f 8703 8750 8702
f 8703 8704 8752
f 8705 8704 8659
f 8706 8753 8705
f 8665 8711 8707
f 8709 8663 8707
f 8756 8708 8709
f 8664 8708 8756
f 8710 8757 8715
f 8666 8712 8758
f 8759 8712 8667
f 8760 8713 8668
f 8714 8715 8762
f 8716 8763 8717
f 8718 8673 8717
f 8718 8766 8765
f 8674 8720 8763
f 8767 8720 8675
f 8677 8723 8768
f 8769 8724 8678
f 8723 8724 8771
f 8719 8765 8769
f 8725 8772 8733
f 8679 8680 8726
f 8726 8727 8774
f 8728 8775 8730
f 8774 8727 8684
f 8777 8776 8729
f 8728 8731 8778
f 8731 8685 8732
f 8780 8732 8733
f 8735 8781 8734
f 8689 8736 8782
f 8783 8736 8690
f 8747 8784 8737
f 8785 8739 8692
f 8786 8738 8691
f 8740 8696 8788
f 8741 8693 8742
f 8695 8741 8790
f 8791 8694 8743
f 8793 8746 8698
f 8745 8734 8781
f 8745 8796 8794
f 8749 8798 8747
f 8701 8702 8750
f 8800 8799 8749
f 8751 8801 8750
f 8752 8803 8802
f 8704 8705 8753
f 8706 3581 8804
f 8754 8707 8711
f 8755 8709 8754
f 8807 8756 8755
f 8756 8807 8757
f 8762 8715 8757
f 8809 8758 8712
f 8810 8759 8713
f 8714 8761 8811
f 8813 8812 8761
f 8763 8814 8764
f 8764 8815 8766
f 8816 8765 8766
f 8720 8767 8814
f 8818 8767 8721
f 8768 8723 8770
f 8820 8771 8724
f 8770 8771 8822
f 8765 8816 8820
f 8779 8733 8772
f 8725 8726 8773
f 8824 8773 8774
f 8775 8826 8777
f 8776 8825 8774
f 8776 8777 8828
f 8826 8775 8778
f 8829 8778 8732
f 8831 8830 8780
f 8782 8832 8781
f 8833 8782 8736
f 8834 8783 8737
f 8798 8835 8784
f 8785 8740 8787
f 8837 8786 8739
f 8738 8786 8792
f 8839 8838 8787
f 8789 8840 8790
f 8789 8742 8791
f 8744 8790 8842
f 8792 8843 8841
f 8746 8793 8844
f 8795 8845 8796
f 8832 8846 8795
f 8788 8794 8796
f 8799 8848 8798
f 8748 8750 8801
f 8849 8850 8799
f 8851 8801 8751
f 8852 8802 8803
f 8803 8752 8753
f 8804 3581 3633
f 8758 8809 8805
f 8806 8755 8805
f 8806 8857 8856
f 8856 8808 8757
f 8813 8762 8808
f 8759 8810 8859
f 8860 8810 8760
f 8761 8812 8861
f 8863 8812 8813
f 8815 8764 8814
f 8766 8815 8865
f 8867 8816 8817
f 8864 8814 8767
f 8819 8868 8818
f 8821 8869 8819
f 8771 8820 8870
f 8821 8822 8872
f 8823 8873 8831
f 8823 8772 8773
f 8874 8824 8825
f 8876 8828 8777
f 8875 8825 8776
f 8827 8828 8878
f 8879 8876 8826
f 8829 8780 8830
f 8880 8830 8831
f 8833 8882 8832
f 8883 8833 8783
f 8834 8784 8835
f 8848 8885 8835
f 8785 8836 8886
f 8838 8887 8836
f 8843 8792 8786
f 8888 8889 8838
f 8840 8891 8890
f 8840 8789 8841
f 8893 8844 8793
f 8892 8841 8843
f 8844 8895 8847
f 8839 8796 8845
f 8845 8795 8846
f 8846 8832 8882
f 8850 8899 8848
f 8849 8800 8801
f 8901 8900 8850
f 8902 8851 8802
f 8853 8904 8903
f 8804 8854 8853
f 8809 8859 8855
f 8855 8906 8857
f 8857 8908 8907
f 8858 8808 8856
f 8858 8909 8862
f 8910 8859 8810
f 8811 8861 8911
f 8912 8861 8812
f 8914 8863 8862
f 8864 8915 8865
f 8817 8865 8916
f 8867 8917 8870
f 8866 8919 8918
f 8868 8915 8864
f 8869 8920 8868
f 8871 8921 8869
f 8822 8870 8917
f 8872 8923 8922
f 8873 8924 8881
f 8873 8823 8824
f 8874 8875 8926
f 8927 8878 8828
f 8875 8827 8877
f 8928 8929 8877
f 8876 8879 8930
f 8880 8930 8879
f 8881 8932 8931
f 8833 8883 8933
f 8934 8883 8834
f 8884 8835 8885
f 8885 8848 8899
f 8837 8886 8894
f 8937 8886 8836
f 8887 8838 8889
f 8940 8939 8889
f 8941 8890 8891
f 8892 8943 8891
f 8944 8895 8844
f 8893 8842 8890
f 8894 8945 8943
f 8898 8847 8895
f 8888 8845 8896
f 8897 8882 8933
f 8900 8949 8899
f 8851 8902 8901
f 8950 8951 8900
f 8903 8952 8902
f 8953 8954 8903
f 8854 8905 8904
f 8906 8855 8859
f 8906 8956 8908
f 8907 8908 8958
f 8907 8957 8909
f 8913 8862 8909
f 8860 8911 8960
f 8961 8911 8861
f 8962 8912 8863
f 8964 8963 8914
f 8916 8865 8915
f 8866 8916 8966
f 8867 8918 8967
f 8968 8918 8919
f 8965 8915 8868
f 8921 8970 8920
f 8922 8971 8921
f 8872 8917 8967
f 8972 8971 8922
f 8932 8881 8924
f 8925 8924 8873
f 8974 8973 8925
f 8975 8928 8878
f 8926 8877 8929
f 8977 8976 8929
f 8927 8930 8978
f 8880 8931 8978
f 8932 8980 8979
f 8981 8933 8883
f 8934 8884 8935
f 8935 8885 8936
f 8899 8949 8984
f 8945 8894 8886
f 8937 8887 8938
f 8938 8889 8939
f 8939 8940 8988
f 8943 8989 8942
f 8944 8893 8941
f 8991 8946 8895
f 8989 8943 8945
f 8948 8898 8946
f 8896 8994 8988
f 8933 8981 8995
f 8951 8997 8949
f 8901 8902 8952
f 8950 8999 8998
f 8952 8903 8954
f 8953 8904 8905
f 8954 8953 9002
f 8910 8960 8956
f 9004 8958 8908
f 9005 8957 8958
f 8909 8957 9005
f 8964 8913 8959
f 8911 8961 9008
f 8961 8912 8962
f 8914 8963 9010
f 9011 9012 8963
f 8965 9013 8966
f 8919 8966 9015
f 8968 8969 9016
f 8920 8970 9013
f 8970 8921 8971
f 8972 8923 8967
f 9017 8971 8972
f 8980 8932 8973
f 9019 9018 8973
f 8928 8975 9020
f 8974 8929 8976
f 8976 8977 9022
f 9020 8975 8978
f 9023 8978 8931
f 8979 8980 9025
f 9026 8981 8934
f 8982 8935 8983
f 8936 8984 9028
f 8997 9029 8984
f 8937 8985 8992
f 8986 9030 8985
f 8986 8939 8987
f 8988 9033 9032
f 9034 8942 8989
f 9036 8991 8944
f 8946 8991 9037
f 9035 8989 8992
f 8993 9039 8996
f 9033 8988 8994
f 8947 8995 9040
f 9041 8995 8981
f 8998 9043 8997
f 8950 8952 9000
f 8998 8999 9045
f 9000 8954 9001
f 9002 8953 8955
f 9002 9048 9047
f 8960 9008 9004
f 9006 8958 9004
f 9051 9005 9006
f 8959 9005 9051
f 9007 9052 9011
f 9053 9008 8961
f 9009 8962 9010
f 8963 9012 9055
f 9012 9011 9057
f 9015 8966 9013
f 9015 9060 9059
f 9061 9016 8969
f 9017 9016 9061
f 9063 9025 8980
f 9063 9018 9019
f 9065 9022 8977
f 9021 9064 9019
f 9022 9067 9066
f 9023 9068 9065
f 9023 8979 9024
f 9024 9025 9070
f 8983 9028 9071
f 9072 9028 8984
f 9029 8997 9043
f 8985 9030 9038
f 9031 9074 9030
f 9031 8987 9032
f 9076 9032 9033
f 9078 9079 9034
f 8991 9036 9080
f 9039 8993 9037
f 9035 9038 9082
f 9042 8996 9039
f 9077 9033 9040
f 9084 9040 8995
f 9026 9027 9085
f 9042 9086 3881
f 9043 8998 9044
f 9046 9045 8999
f 9044 9045 9089
f 9046 9001 9047
f 9048 9002 9003
f 9091 9047 9048
f 9004 9008 9053
f 9093 9050 9006
f 9095 9094 9051
f 9051 9094 9052
f 9052 9096 9057
f 9009 9054 9097
f 9098 9054 9010
f 9099 9055 9012
f 9101 9056 9057
f 9017 9062 9058
f 9102 9060 9015
f 9103 9059 9060
f 9105 9106 9061
f 9062 9061 9106
f 9108 9070 9025
f 9064 9110 9109
f 9111 9067 9022
f 9021 9066 9110
f 9066 9067 9113
f 9065 9068 9114
f 9069 9114 9068
f 9069 9070 9116
f 9071 9117 9085
f 9118 9071 9028
f 9072 9029 9073
f 9073 9043 9087
f 9030 9074 9082
f 9075 9121 9074
f 9122 9075 9032
f 9077 9124 9123
f 9079 9080 9036
f 9078 9126 9125
f 9037 9080 9127
f 9081 9128 9083
f 9078 9082 9129
f 9083 9130 9086
f 9124 9077 9084
f 9131 9084 9041
f 3881 9086 9132
f 9088 9133 9087
f 9090 9089 9045
f 9088 9089 9135
f 9047 9091 9136
f 3928 9092 9048
f 9053 9097 9093
f 9050 9093 9137
f 9095 9139 9138
f 9096 9052 9094
f 9100 9057 9096
f 9141 9097 9054
f 9055 9099 9142
f 9056 9101 9143
f 9144 9101 9100
f 9107 9102 9058
f 9146 9104 9060
f 9104 9148 9147
f 9059 9103 9149
f 9149 9150 9106
f 9150 9151 9107
f 9152 9116 9070
f 9154 9109 9110
f 9155 9113 9067
f 9153 9110 9066
f 9113 9157 9156
f 9111 9114 9158
f 9115 9158 9114
f 9115 9116 9160
f 9131 9085 9117
f 9118 9162 9117
f 9119 9162 9118
f 9120 9163 9119
f 9120 9087 9133
f 9129 9082 9074
f 9165 9121 9075
f 9076 9123 9166
f 9124 9168 9167
f 9125 9127 9080
f 9126 9170 9169
f 9127 9171 9128
f 9128 9172 9130
f 9170 9126 9129
f 9174 9132 9086
f 9131 9161 9168
f 3927 9132 9175
f 9134 9176 9133
f 9090 9136 9135
f 9134 9135 9178
f 9091 9180 9179
f 5197 9181 9092
f 9097 9141 9137
f 9137 9182 9139
f 9139 9184 9183
f 9140 9096 9138
f 9185 9145 9100
f 9098 9142 9186
f 9142 9099 9143
f 9144 9188 9143
f 9145 9190 9189
f 9107 9151 9191
f 9192 9148 9104
f 9149 9103 9147
f 9195 9147 9148
f 9193 9196 9150
f 9196 9197 9151
f 9152 9108 9109
f 9160 9116 9152
f 9153 9200 9199
f 9201 9157 9113
f 9112 9156 9200
f 9159 9202 9158
f 9160 9204 9203
f 9162 9205 9161
f 9164 9206 9163
f 9164 9133 9176
f 9173 9129 9121
f 9208 9165 9122
f 9123 9167 9209
f 9167 9168 9161
f 9125 9169 9171
f 9170 9212 9211
f 9171 9213 9172
f 9174 9130 9172
f 9212 9170 9173
f 9175 9132 9174
f 9217 4019 3973
f 9177 9218 9176
f 9178 9135 9136
f 9178 9220 9219
f 9179 9180 9222
f 9182 9137 9141
f 9184 9139 9182
f 9226 9183 9184
f 9185 9140 9183
f 9185 9228 9190
f 9229 9186 9142
f 9188 9230 9187
f 9189 9231 9188
f 9189 9190 9233
f 9234 9191 9151
f 9235 9194 9148
f 9191 9234 9192
f 9147 9195 9236
f 9195 9194 9238
f 9236 9239 9196
f 9197 9196 9239
f 9160 9198 9241
f 9199 9241 9198
f 9200 9243 9242
f 9244 9245 9157
f 9156 9245 9243
f 9159 9203 9244
f 9247 9246 9203
f 9205 9248 9210
f 9250 9249 9163
f 9207 9251 9206
f 9176 9218 9252
f 9215 9173 9165
f 9166 9209 9253
f 9254 9209 9167
f 9169 9211 9213
f 9255 9211 9212
f 9213 9257 9214
f 9216 9174 9214
f 9215 9259 9256
f 9260 9217 9175
f 9177 9219 9262
f 9179 9221 9220
f 9263 9219 9220
f 9265 9221 9222
f 9222 9181 9223
f 9229 9225 9182
f 9266 9227 9184
f 9268 9226 9227
f 9185 9226 9268
f 9190 9228 9269
f 9187 9230 9270
f 9271 9230 9188
f 9231 9189 9232
f 9232 9233 9274
f 9240 9275 9234
f 9194 9235 9276
f 9234 9275 9235
f 9277 9236 9195
f 9237 9238 9279
f 9280 9239 9236
f 9240 9239 9280
f 9247 9204 9241
f 9241 9199 9242
f 9284 9242 9243
f 9202 9244 9201
f 9245 9244 9286
f 9203 9246 9286
f 9287 9246 9247
f 9210 9248 9289
f 9250 9206 9251
f 9248 9249 9250
f 9207 9252 9291
f 9208 9253 9259
f 9292 9253 9209
f 9257 9213 9211
f 9256 9294 9293
f 9258 9214 9257
f 9260 9216 9258
f 9297 9294 9256
f 9298 9261 9217
f 9300 9262 9219
f 9263 9264 9302
f 9266 9225 9229
f 9303 9267 9227
f 9305 9304 9268
f 9228 9268 9304
f 9233 9269 9306
f 9307 9270 9230
f 9271 9231 9272
f 9273 9309 9272
f 9311 9273 9274
f 9312 9275 9240
f 9279 9238 9276
f 9276 9235 9275
f 9237 9278 9314
f 9316 9315 9278
f 9277 9314 9317
f 9280 9317 9318
f 9282 9319 9288
f 9242 9284 9319
f 9285 9320 9283
f 9322 9284 9283
f 9285 9286 9323
f 9323 9286 9246
f 9288 9325 9324
f 9254 9289 9326
f 9289 9250 9290
f 9251 9291 9327
f 9328 9329 9291
f 9297 9253 9292
f 9255 9293 9295
f 9294 9332 9331
f 9295 9333 9296
f 9296 9334 9298
f 9330 9332 9294
f 9261 9298 9335
f 9337 9262 9300
f 9263 9301 9339
f 9302 4142 9340
f 9270 9307 9303
f 9303 9343 9305
f 9344 9345 9304
f 9345 9306 9269
f 9310 9274 9306
f 9308 9347 9307
f 9272 9309 9348
f 9311 9349 9309
f 9310 9351 9350
f 9352 9312 9281
f 9313 9276 9312
f 9313 9353 9316
f 9315 9354 9314
f 9315 9316 9356
f 9357 9317 9314
f 9358 9318 9317
f 9319 9359 9325
f 9359 9319 9284
f 9360 9321 9283
f 9321 9362 9361
f 9320 9323 9363
f 9287 9324 9363
f 9364 9324 9325
f 9292 9326 9366
f 9367 9327 9291
f 9329 9328 9337
f 9293 9331 9333
f 9332 9370 9369
f 9296 9333 9371
f 9372 9335 9298
f 9330 9366 9370
f 9299 9335 9373
f 9300 9339 9375
f 9368 9337 9338
f 9341 9339 9301
f 9342 9377 9341
f 9343 9303 9307
f 9305 9343 9378
f 9345 9344 9380
f 9346 9306 9345
f 9346 9381 9351
f 9348 9382 9347
f 9348 9309 9349
f 9384 9349 9311
f 9385 9350 9351
f 9318 9358 9387
f 9352 9387 9353
f 9388 9356 9316
f 9389 9354 9315
f 9355 9356 9391
f 9354 9389 9392
f 9357 9392 9393
f 9359 9394 9365
f 9322 9361 9394
f 9395 9362 9321
f 9362 9397 9396
f 9360 9363 9398
f 9398 9363 9324
f 9364 9365 9400
f 9367 9329 9368
f 9403 9401 9327
f 9331 9369 9371
f 9404 9369 9370
f 9371 9405 9372
f 9406 9373 9335
f 9403 9370 9366
f 9407 9374 9336
f 9375 9408 9376
f 9377 9375 9339
f 9376 9409 9402
f 9374 9407 9377
f 9382 9378 9343
f 9410 9380 9344
f 9379 9380 9412
f 9379 9411 9381
f 9381 9413 9386
f 9348 9383 9414
f 9384 9415 9383
f 9350 9385 9416
f 9386 9418 9417
f 9393 9419 9387
f 9353 9387 9419
f 9420 9391 9356
f 9421 9389 9355
f 9423 9390 9391
f 9424 9392 9389
f 9425 9393 9392
f 9365 9394 9426
f 9396 9426 9394
f 9397 9362 9395
f 9397 9429 9428
f 9427 9395 9398
f 9398 9364 9399
f 9399 9400 9432
f 9402 9404 9403
f 9369 9404 9405
f 9406 9372 9405
f 9373 9406 9408
f 9406 9409 9376
f 9407 9408 9375
f 9404 9402 9409
f 9378 9382 9414
f 9433 9412 9380
f 9411 9412 9435
f 9411 9434 9413
f 9413 9436 9418
f 9414 9383 9415
f 9384 9416 9438
f 9439 9416 9385
f 9418 9441 9440
f 9425 9442 9419
f 9388 9419 9442
f 9391 9420 9443
f 9390 9423 9444
f 9446 9423 9422
f 9421 9444 9447
f 9424 9447 9448
f 9400 9426 9449
f 9428 9449 9426
f 9429 9397 9427
f 9451 9428 9429
f 9427 9430 9453
f 9431 9453 9430
f 9431 9432 9455
f 9414 9437 9433
f 9412 9433 9456
f 9457 9458 9434
f 9458 9436 9413
f 9418 9436 9459
f 9437 9415 9438
f 9461 9438 9416
f 9417 9440 9462
f 9463 9464 9440
f 9466 9465 9442
f 9443 9420 9442
f 9445 9422 9443
f 9468 9444 9423
f 9470 9469 9446
f 9471 9447 9444
f 9447 9471 9472
f 9449 9473 9455
f 9473 9449 9428
f 9450 9474 9452
f 9476 9451 9452
f 9454 9474 9453
f 9478 9454 9455
f 9460 9456 9433
f 9435 9456 9479
f 9481 9480 9458
f 9480 9459 9436
f 9463 9441 9459
f 9461 9483 9460
f 9439 9462 9484
f 9462 9440 9464
f 9464 9463 9487
f 9465 9466 9489
f 9465 9488 9467
f 9467 9490 9470
f 9468 9446 9469
f 9493 9492 9469
f 9491 9494 9471
f 9472 9489 9466
f 9472 9471 9494
f 9477 9455 9473
f 9496 9473 9451
f 9475 9452 9474
f 9498 9476 9475
f 9497 9474 9454
f 9501 9478 9477
f 9483 9479 9456
f 9457 9479 9502
f 9503 9480 9481
f 9482 9459 9480
f 9482 9505 9487
f 9461 9484 9506
f 9484 9462 9485
f 9486 9508 9485
f 9486 9487 9510
f 9511 9488 9489
f 9490 9467 9488
f 9470 9490 9513
f 9491 9469 9492
f 9492 9493 9516
f 9514 9517 9494
f 9489 9472 9495
f 9495 9494 9517
f 9500 9477 9496
f 9519 9496 9476
f 9497 9520 9499
f 9499 9522 9521
f 9478 9501 9520
f 9524 9523 9501
f 9483 9506 9502
f 9525 9504 9481
f 9504 9527 9526
f 9503 9526 9505
f 9505 9528 9510
f 9506 9484 9507
f 9507 9485 9508
f 9509 9531 9508
f 9532 9509 9510
f 9534 9535 9511
f 9535 9513 9490
f 9536 9493 9513
f 9514 9492 9515
f 9515 9516 9540
f 9514 9538 9541
f 9512 9495 9518
f 9518 9517 9541
f 9500 9519 9543
f 9498 9521 9543
f 9522 9499 9520
f 9522 9546 9545
f 9501 9523 9544
f 9523 9524 9548
f 9502 9506 9529
f 9525 9549 9527
f 9527 9551 9550
f 9526 9550 9528
f 9533 9510 9528
f 9529 9507 9530
f 9530 9508 9531
f 9532 9555 9531
f 9532 9533 9556
f 9558 9557 9535
f 9537 9513 9535
f 9536 9537 9560
f 9515 9539 9561
f 9563 9562 9539
f 9559 9540 9516
f 9561 9564 9541
f 9534 9518 9542
f 9564 9565 9542
f 9566 9548 9524
f 9521 9545 9566
f 9544 9567 9546
f 9568 9569 9545
f 9547 9567 9544
f 9571 9570 9547
f 9525 9529 9553
f 9549 9572 9551
f 9574 9550 9551
f 9528 9550 9574
f 9552 9575 9556
f 9554 9576 9553
f 9554 9531 9555
f 9577 9555 9556
f 9558 9580 9579
f 9579 9560 9537
f 9581 9582 9559
f 9561 9539 9562
f 9584 9562 9563
f 9582 9563 9540
f 9564 9561 9583
f 9565 9580 9558
f 9565 9564 9586
f 9588 9571 9548
f 9566 9545 9569
f 9546 9567 9589
f 9569 9568 9591
f 9570 9589 9567
f 9593 9570 9571
f 9549 9553 9576
f 9573 9551 9572
f 9574 9573 9575
f 9595 9578 9556
f 9577 9578 9597
f 9598 9579 9580
f 9581 9560 9579
f 9600 9582 9581
f 9602 9583 9562
f 9585 9604 9603
f 9585 9563 9582
f 9605 9586 9583
f 9599 9580 9565
f 9586 9605 9606
f 9571 9588 9607
f 9590 9607 9588
f 9608 9591 9568
f 9591 9610 9609
f 9589 9570 9593
f 9612 9572 9576
f 9594 9595 9575
f 9594 9572 9612
f 9578 9595 9614
f 9615 9616 9596
f 9611 9576 9577
f 9617 9618 9598
f 9581 9598 9618
f 9620 9600 9601
f 9584 9603 9621
f 9623 9603 9604
f 9600 9620 9604
f 9624 9605 9602
f 9606 9617 9599
f 9624 9625 9606
f 9590 9609 9626
f 9627 9609 9610
f 9611 9631 9630
f 9614 9595 9594
f 9632 9613 9612
f 9597 9614 9633
f 9611 9596 9616
f 9635 9634 9616
f 9637 9636 9618
f 9601 9618 9636
f 9619 9639 9638
f 9621 9603 9623
f 9622 9604 9620
f 9641 9642 9623
f 9624 9621 9640
f 9617 9606 9625
f 9643 9644 9625
f 9627 9628 9647
f 9629 9648 9628
f 9649 9650 9630
f 9632 9633 9614
f 9632 9630 9650
f 9633 9652 9635
f 9634 9649 9631
f 9653 9654 9634
f 9655 9639 9636
f 9638 9639 9657
f 9640 9623 9642
f 9656 9641 9622
f 9659 9660 9642
f 9643 9640 9658
f 9644 9655 9637
f 9662 9644 9643
f 9663 9627 9646
f 9666 9665 9646
f 9668 9667 9628
f 9670 9669 9650
f 9632 9651 9652
f 9650 9669 9671
f 9653 9635 9652
f 9654 9670 9649
f 9674 9673 9654
f 9675 9657 9639
f 9656 9657 9677
f 9660 9678 9658
f 9676 9659 9641
f 9679 9661 9658
f 9662 9675 9655
f 9661 9679 9680
f 9663 9681 9648
f 9663 9645 9626
f 9664 9682 9681
f 9664 9646 9665
f 9665 9666 9685
f 9667 9668 9687
f 9670 9689 9688
f 9651 9671 9672
f 9690 9671 9669
f 9653 9672 9691
f 9673 9689 9670
f 9673 9674 9693
f 9657 9675 9694
f 9677 9696 9695
f 9697 9678 9660
f 9659 9676 9695
f 9699 9679 9678
f 9662 9680 9694
f 9679 9699 9700
f 9682 9687 9668
f 9664 9683 9701
f 9702 9683 9665
f 9684 9685 9704
f 9706 9685 9666
f 9687 9705 9707
f 9688 9689 9709
f 9691 9672 9671
f 9710 9690 9688
f 9674 9691 9711
f 9692 9709 9689
f 9694 9712 9696
f 9713 9714 9695
f 9697 9698 9716
f 9698 9695 9714
f 9715 9717 9699
f 9680 9700 9712
f 9717 9718 9700
f 9687 9682 9701
f 9719 9701 9683
f 9703 9720 9702
f 9704 9722 9721
f 9705 9701 9719
f 9708 9709 9724
f 9725 9711 9691
f 9726 9710 9708
f 9711 9728 9727
f 9729 9724 9709
f 9713 9696 9712
f 9716 9732 9731
f 9731 9733 9717
f 9700 9718 9730
f 9733 9734 9718
f 9720 9735 9719
f 9720 9703 9721
f 9721 9722 9737
f 9719 9735 9739
f 9741 9723 9724
f 9742 9728 9711
f 9743 9726 9723
f 9742 9725 9710
f 9745 9727 9728
f 9724 9729 9746
f 9730 9734 9747
f 9748 9731 9732
f 9748 9750 9733
f 9734 9733 9750
f 9736 9737 9735
f 9737 9722 9738
f 9753 9754 9741
f 9744 9728 9742
f 9726 9743 9755
f 9754 9756 9743
f 9758 9745 9744
f 9740 9746 9759
f 9751 9760 9747
f 9748 9749 9762
f 9749 9732 9747
f 9763 9750 9748
f 9751 9750 9763
f 9752 9738 9739
f 9766 9765 9754
f 9767 9757 9744
f 9767 9755 9743
f 9756 9754 9765
f 9745 9758 9770
f 9772 9771 9758
f 9753 9759 9773
f 9769 9770 9759
f 9751 9764 9774
f 9762 9776 9775
f 9760 9774 9762
f 9761 9775 9777
f 9778 9764 9763
f 9766 9780 9779
f 9781 9772 9757
f 9767 9756 9768
f 9768 9765 9779
f 9758 9771 9783
f 9771 9772 9785
f 9773 9786 9780
f 9759 9770 9783
f 9787 9774 9764
f 9788 9789 9775
f 9776 9762 9774
f 9789 9790 9777
f 9778 9777 9790
f 9792 9779 9780
f 9794 9785 9772
f 9781 9768 9782
f 9795 9782 9779
f 9784 9796 9783
f 9785 9798 9797
f 9786 9799 9793
f 9773 9783 9796
f 9791 9800 9787
f 9800 9788 9776
f 9802 9801 9789
f 9803 9790 9789
f 9804 9791 9790
f 9806 9792 9793
f 9807 9798 9785
f 9795 9807 9794
f 9792 9806 9808
f 9784 9797 9809
f 9811 9797 9798
f 9805 9793 9799
f 9796 9809 9799
f 9800 9791 9804
f 9813 9802 9788
f 9814 9815 9801
f 9803 9801 9815
f 9816 9817 9804
f 9819 9806 9805
f 9798 9807 9820
f 9808 9820 9807
f 9821 9808 9806
f 9797 9811 9822
f 9824 9811 9810
f 9812 9799 9809
f 9818 9805 9812
f 9826 9813 9804
f 9826 9814 9802
f 9827 9815 9814
f 9816 9815 9827
f 9817 9816 9829
f 9832 9819 9818
f 9823 9810 9820
f 9833 9820 9808
f 9819 9832 9834
f 9835 9822 9811
f 9823 9837 9836
f 9825 9812 9822
f 9831 9818 9825
f 9817 9830 9839
f 9826 9839 9828
f 9840 9827 9828
f 9842 9829 9827
f 9829 9842 9843
f 9831 9845 9844
f 9833 9846 9837
f 9846 9833 9821
f 9844 9847 9834
f 9824 9836 9848
f 9837 9850 9849
f 9835 9848 9838
f 9838 9851 9845
f 9852 9839 9830
f 9841 9828 9839
f 9840 9841 9854
f 9842 9840 9853
f 9856 9843 9842
f 9844 9845 9858
f 9850 9837 9846
f 9859 9846 9834
f 9857 9860 9847
f 9861 9848 9836
f 9863 9849 9850
f 9851 9838 9848
f 9864 9858 9845
f 9852 9843 9856
f 9865 9854 9841
f 9853 9854 9867
f 9855 9853 9866
f 9856 9855 9868
f 9870 9871 9857
f 9859 9872 9862
f 9847 9860 9872
f 9873 9860 9857
f 9874 9861 9849
f 9876 9875 9863
f 9864 9851 9861
f 9858 9864 9877
f 9878 9865 9856
f 9878 9867 9854
f 9866 9867 9880
f 9882 9881 9871
f 9876 9862 9872
f 9883 9872 9860
f 9881 9884 9873
f 9874 9863 9875
f 9886 9887 9875
f 9864 9874 9885
f 9870 9877 9888
f 9890 9878 9869
f 9880 9867 9878
f 9892 9891 9879
f 9882 9894 9893
f 9895 9886 9876
f 9883 9873 9884
f 9893 9896 9884
f 9885 9875 9887
f 9899 9887 9886
f 9877 9885 9897
f 9888 9900 9894
f 9889 9902 9901
f 9879 9891 9902
f 9880 9904 9903
f 9894 9906 9905
f 9898 9886 9895
f 9895 9884 9896
f 9908 9896 9893
f 9897 9887 9899
f 9910 9899 9898
f 9888 9897 9909
f 9900 9912 9906
f 9890 9901 9903
f 9902 9891 9914
f 9915 9892 9903
f 9917 9905 9906
f 9907 9919 9911
f 9908 9919 9907
f 9908 9905 9921
f 9922 9909 9899
f 9924 9910 9911
f 9912 9900 9909
f 9918 9906 9912
f 9903 9901 9926
f 9914 9928 9927
f 9915 9916 9930
f 9918 9932 9931
f 9923 9911 9919
f 9933 9919 9908
f 9921 9935 9934
f 9922 9910 9924
f 9923 9938 9937
f 9922 9936 9925
f 9925 9939 9932
f 9930 9916 9926
f 9940 9913 9927
f 9943 9927 9928
f 9929 9944 9928
f 9929 9930 9945
f 9917 9931 9935
f 9946 9931 9932
f 9933 9948 9938
f 9920 9934 9948
f 9949 9950 9934
f 9951 9936 9924
f 9952 9937 9938
f 9939 9925 9936
f 9947 9932 9939
f 9941 9945 9930
f 9943 9955 9941
f 9942 9928 9944
f 9942 9958 9957
f 9956 9944 9945
f 9935 9931 9946
f 9960 9946 9947
f 9953 9938 9948
f 9962 9948 9934
f 9964 9963 9950
f 9965 9951 9937
f 9953 9967 9966
f 9951 9965 9954
f 9954 9968 9961
f 9955 9959 9945
f 9957 9969 9955
f 9956 9970 9958
f 9957 9958 9972
f 9964 9949 9946
f 9960 9961 9974
f 9962 9975 9967
f 9950 9963 9975
f 9964 9977 9976
f 9952 9966 9978
f 9980 9979 9966
f 9968 9954 9965
f 9961 9968 9981
f 9956 9955 9969
f 9971 9982 9969
f 9983 9972 9958
f 9972 9985 9984
f 9960 9973 9977
f 9973 9974 9987
f 9967 9975 9988
f 9963 9976 9988
f 9990 9976 9977
f 9979 9991 9978
f 9992 9979 9980
f 9968 9978 9991
f 9974 9981 9994
f 9983 9970 9969
f 9971 9984 9995
f 9996 9985 9972
f 9985 9998 9997
f 9973 9986 9989
f 10000 9986 9987
f 9993 9980 9988
f 9976 9990 10001
f 9989 10003 10002
f 9992 10004 9991
f 9993 10006 10005
f 9981 9991 10004
f 9999 9987 9994
f 9983 9982 9995
f 10008 9995 9984
f 10009 9998 9985
f 9998 10011 10010
f 9989 9986 10000
f 10000 9999 10013
f 10006 9993 10001
f 10014 10001 9990
f 10002 10003 10016
f 10005 10017 10004
f 10006 10019 10018
f 10004 10017 10007
f 10007 10020 10013
f 9995 10008 10009
f 10008 9997 10010
f 10009 10022 10011
f 10023 10010 10011
f 10012 10016 10003
f 10013 10026 10025
f 10006 10014 10027
f 10027 10014 10002
f 10015 10016 10029
f 10005 10018 10030
f 10031 10018 10019
f 10017 10030 10020
f 10026 10013 10020
f 10008 10021 10022
f 10023 10034 10021
f 10035 10024 10011
f 10023 10024 10036
f 10012 10025 10029
f 10037 10032 10019
f 10037 10027 10015
f 10028 10029 10039
f 10040 10030 10018
f 10031 10032 10042
f 10033 10020 10030
f 10039 10029 10025
f 10044 10042 10032
f 10038 10044 10037
f 10038 10039 10046
f 10031 10041 10047
f 10049 10041 10042
f 10050 10033 10040
f 10052 10046 10039
f 10048 10042 10044
f 10045 10046 10054
f 10055 10047 10041
f 10056 10050 10047
f 10056 10052 10043
f 10057 10054 10046
f 10048 10045 10053
f 10060 10053 10054
f 10061 10056 10055
f 10061 10057 10052
f 10059 10054 10057
f 10064 10058 10053
f 10059 10066 10065
f 10061 10062 10068
f 10067 10063 10057
f 10063 10069 10066
f 10064 10068 10062
f 10060 10065 10070
f 10071 10065 10066
f 10074 10067 10068
f 10067 10074 10069
f 10066 10069 10075
f 10064 10070 10073
f 10076 10070 10065
f 10071 10072 10078
f 10079 10080 10074
f 10080 10075 10069
f 10078 10072 10075
f 10079 10073 10070
f 10077 10082 10076
f 10083 10077 10078
f 10079 10086 10085
f 10081 10075 10080
f 10078 10081 10087
f 10079 10076 10082
f 10088 10082 10077
f 10086 10090 10089
f 10081 10085 10089
f 10092 10091 10084
f 10088 10090 10086
f 10083 10091 10093
f 10095 10094 10089
f 10087 10089 10094
f 10091 10092 10097
f 10090 10088 10093
f 10091 10096 10098
f 10099 10100 10094
f 10092 10094 10100
f 10096 10097 10102
f 10099 10095 10093
f 10101 10103 10098
f 10105 10100 10099
f 10105 10102 10097
f 10107 10101 10102
f 10099 10098 10103
f 10108 10103 10101
f 10110 10109 10105
f 10102 10105 10109
f 10112 10107 10106
f 10110 10104 10103
f 10113 10108 10107
f 10110 10115 10114
f 10111 10106 10109
f 10111 10117 10116
f 10113 10115 10110
f 10113 10112 10116
f 10119 10114 10115
f 10111 10114 10119
f 10116 10117 10122
f 10118 10120 10115
f 10121 10123 10118
f 10124 10125 10119
f 10125 10122 10117
f 10121 10122 10127
f 10120 10118 10123
f 10121 10126 10128
f 10124 10130 10129
f 10129 10127 10122
f 10131 10132 10126
f 10123 10128 10130
f 10132 10133 10128
f 10130 10135 10134
f 10127 10129 10134
f 10131 10137 10136
f 10135 10130 10128
f 10132 10136 10138
f 10140 10139 10134
f 10131 10134 10139
f 10142 10141 10136
f 10135 10133 10138
f 10136 10141 10143
f 10139 10140 10145
f 10144 10142 10137
f 10147 10141 10142
f 10138 10143 10145
f 10148 10143 10141
f 10144 10145 10150
f 10149 10146 10142
f 10151 10152 10147
f 10148 10150 10145
f 10147 10152 10153
f 10149 10150 10155
f 10146 10149 10154
f 10157 10156 10152
f 10153 10155 10150
f 10153 10152 10156
f 10154 10155 10160
f 10151 10154 10159
f 10156 10157 10162
f 10160 10155 10153
f 10158 10156 10161
f 10164 10165 10159
f 10159 10165 10162
f 10161 10162 10167
f 10163 10164 10160
f 10167 10162 10165
f 10170 10166 10167
f 10172 10171 10164
f 10167 10168 10173
f 10166 10170 10172
f 10175 10171 10172
f 10169 10173 10177
f 10174 10172 10170
f 10175 10177 10173
f 10174 10180 10179
f 10177 10182 10181
f 10178 10183 10180
f 10179 10182 10177
f 10179 10180 10185
f 10176 10181 10183
f 10181 10182 10187
f 10180 10183 10186
f 10184 10187 10182
f 10184 10185 10189
f 10190 10191 10186
f 10186 10191 10192
f 10188 10190 10187
f 10189 10194 10193
f 10190 10196 10195
f 10192 10191 10195
f 10193 10196 10190
f 10199 10193 10194
f 10192 10197 10194
f 10200 10201 10195
f 10195 10201 10202
f 10200 10196 10193
f 10198 10194 10197
f 10198 10204 10203
f 10200 10206 10205
f 10207 10202 10201
f 10199 10203 10206
f 10204 10198 10202
f 10204 10209 10208
f 10210 10205 10206
f 10207 10205 10210
f 10203 10208 10211
f 10212 10209 10204
f 10213 10214 10208
f 10211 10216 10215
f 10218 10217 10212
f 10208 10214 10216
f 10209 10212 10217
f 10220 10219 10214
f 10221 10215 10216
f 10217 10218 10224
f 10223 10220 10213
f 10226 10214 10219
f 10219 10220 10227
f 10222 10216 10226
f 10221 10224 10218
f 10227 10223 10224
f 10222 10225 10227
f 5267 5250 5227
f 5250 5226 5227
f 5732 5658 5657
f 5658 5621 5657
f 5759 5680 5756
f 5680 5642 5756
f 5654 5693 5692
f 5693 5772 5770
f 5842 5756 5679
f 5679 5686 5842
f 5807 5724 5687
f 5687 5722 5807
f 5815 5823 5736
f 5736 5749 5815
f 5764 5842 5723
f 5846 5892 5934
f 5934 5844 5846
f 5825 5869 5920
f 5869 5960 5920
f 5938 6035 6089
f 6089 6027 5938
f 6104 6057 6050
f 6057 5956 6050
f 6075 6021 6023
f 6023 6133 6075
f 6079 6136 6248
f 6248 6246 6135
f 6255 6144 6143
f 6144 6084 6143
f 6332 6210 6152
f 6152 6153 6332
f 6149 6208 6327
f 6327 6326 6207
f 6372 6245 6244
f 6245 6190 6244
f 6379 6252 6194
f 6194 6197 6314
f 6211 6268 6331
f 6268 6402 6331
f 6217 6278 6277
f 6278 6232 6293
f 6247 6306 6304
f 6306 6373 6439
f 6434 6365 6368
f 6365 6299 6302
f 6370 6440 6438
f 6440 6507 6506
f 6575 6524 6509
f 6524 6458 6525
f 6688 6743 6563
f 6743 6687 6562
f 6700 6586 6584
f 6586 6518 6584
f 6701 6588 6586
f 6588 6519 6586
f 6590 6647 6646
f 6647 6700 6646
f 6802 6706 6751
f 6706 6648 6751
f 6864 6763 6709
f 6709 6710 6864
f 6728 6832 6829
f 6832 6880 6829
f 6921 6822 6770
f 6862 6809 6954
f 6873 6875 10231
f 6954 6860 6911
f 6911 6862 6954
f 7002 7005 7044
f 7016 7055 7053
f 7055 7095 7093
f 7322 7261 7225
f 7225 7259 7322
f 7376 7380 7312
f 7380 7313 7281
f 7300 7333 7400
f 7400 7363 7331
f 7471 7427 7430
f 7427 7356 7430
f 7582 7531 7454
f 7531 7451 7454
f 7418 7458 7533
f 7458 7529 7533
f 7486 7573 7571
f 7573 7681 7571
f 7643 7580 7528
f 7528 7581 7643
f 7722 7670 7667
f 7670 7612 7610
f 7675 7726 7617
f 7726 7559 7615
f 7786 7681 7733
f 7681 7573 7733
f 7776 7668 7669
f 7668 7611 7669
f 7618 7677 7675
f 7677 7614 7675
f 7797 7794 7798
f 7794 7629 7687
f 7725 7779 7829
f 7829 7876 7778
f 8036 7984 7934
f 7984 7835 7883
f 7944 7994 7896
f 7994 7891 7896
f 7937 7988 8040
f 8040 7936 7937
f 7983 8036 8035
f 8036 7934 7985
f 8102 8146 8214
f 8214 8213 8145
f 8239 8176 8204
f 8176 8141 8204
f 8179 8209 8280
f 8280 8206 8173
f 8211 5174 5177
f 8326 8253 8217
f 8217 8255 8326
f 8351 8283 8276
f 8283 8245 8276
f 8602 8646 8645
f 8646 8691 8738
f 8652 8697 8794
f 8794 8788 8696
f 8846 8897 8896
f 8897 8947 8994
f 9036 8990 9034
f 8990 8941 8942
f 9222 9180 9181
f 9180 9091 9092
f 9201 9155 9158
f 9119 9163 9249
f 9249 9205 9162
f 9262 9337 9328
f 9328 9252 9218
f 9302 9264 9265
f 9264 9220 9221
f 9290 9327 9401
f 9401 9366 9326
f 9592 9629 9610
f 9610 9608 9593
f 9629 9592 9607
f 9607 9645 9629
f 9647 9667 9686
f 9686 9707 9666
f 9692 9693 9727
f 9685 9706 9704
f 9706 9739 9738
f 9713 9747 9714
f 9747 9732 9714
f 9739 9735 9737
f 9727 9745 9769
f 9769 9746 9729
f 9866 9879 9868
f 9879 9889 9868
f 9929 9914 9915
f 9914 9891 9915
f 9940 9926 9913
f 9926 9901 9902
f 10050 10043 10026
f 10043 10025 10026
f 10021 10034 10036
f 10036 10051 10022
f 10035 10051 10036
f 10048 10058 10049
f 10058 10062 10049
f 10165 10164 10168
f 10164 10171 10168
f 10170 10169 10178
f 7044 7005 6964
f 7005 7002 6960
f 10233 10232 10230
f 6874 6922 10232
f 6875 6874 10233
f 6922 6921 10230
f 5091 5989 6038
f 5088 5942 5989
f 5942 5088 5089
f 5101 6207 6326
f 5104 6326 6398
f 8086 7928 8032
f 8142 8179 8173
f 10229 8173 8137
f 5176 8248 8249
f 5178 8287 8248
f 8322 5180 5181
f 8365 5181 5182
f 5184 8445 8405
f 3786 3684 3736
f 8854 3633 3684
f 9181 5197 5198
f 9224 9223 5198
f 9265 9224 5199
f 9302 9265 5200
f 9340 4142 5203
f 9341 9340 5204
f 5206 9374 9342
f 5202 9336 9374
f 4104 9299 9336
f 5201 9261 9299
f 5201 4019 9217
f 3834 5196 8996
f 8948 8996 5196
f 5195 8898 8948
f 8847 8898 5195
f 5194 5193 8797
f 8797 5193 5192
f 5190 5189 8653
f 5187 8564 8608
f 5186 8520 8564
f 5185 8478 8520
f 8478 5185 5183
f 5173 8208 8244
f 5171 8175 8208
f 8139 8175 5171
f 5168 5165 8088
f 5161 7978 8030
f 5158 7929 7978
f 5156 7875 7929
f 7826 7827 7875
f 5153 7724 7826
f 7671 7724 5153
f 5151 5149 7614
f 7559 7614 5149
f 5146 7399 7438
f 5145 7364 7399
f 7332 7364 5145
f 5143 7299 7332
f 5142 7268 7299
f 5142 5141 7239
f 7239 5141 1968
f 7123 7162 5139
f 5147 5138 7042
f 7163 7123 7043
f 7003 7042 5138
f 5132 6961 7003
f 5131 6919 6961
f 6660 5118 5117
f 5079 5077 5470
f 5075 5438 5470
f 5074 5406 5438
f 5072 5379 5406
f 5072 5071 5374
f 5071 5070 5344
f 5070 5073 5345
f 188 5373 5345
f 5538 5502 5078
f 5720 5086 5762
f 683 5211 5897
f 775 5941 5897
f 5090 5988 5941
f 6036 5092 5093
f 5096 6148 6091
f 5100 6205 6148
f 6395 6264 5103
f 5124 6817 6764
f 6817 5124 5127
f 6738 5123 5119
f 6555 1420 5212
f 5111 6418 6486
f 6347 6418 5111
f 5108 5105 6281
f 5102 5098 6165
f 6106 6107 5094
f 5095 5097 6164
f 6164 5097 5099
f 6117 6118 5099
f 5106 5109 6359
f 6359 5109 5112
f 5113 6566 6499
f 1550 5128 6799
f 6853 6799 5128
f 5120 6906 6853
f 6906 5120 1755
f 7076 6994 1755
f 7099 7103 1946
f 5134 6980 6981
f 5133 6978 6938
f 6978 5133 5136
f 7059 7020 5136
f 7138 5216 2026
f 7098 5215 5216
f 7058 5214 5215
f 7058 7019 7059
f 5217 2410 7593
f 2310 5217 7538
f 5155 7809 7759
f 5155 5157 7850
f 7954 7903 5152
f 5157 5152 7903
f 5160 5150 8005
f 8061 8005 5170
f 5170 5167 8034
f 5169 2969 8143
f 5166 5169 8092
f 8033 7982 5164
f 7982 7932 5162
f 7932 7880 5159
f 7832 2703 5159
f 10234 7673 7674
f 10234 7727 7676
f 9003 8955 3684
f 3835 3684 3786
f 3882 10235 3835
f 3882 9003 10235
f 3684 3835 10235
f 3684 10235 9003
