mesh,stage,chamfer_l2,chamfer_l1,acc_mean,comp_mean,hausdorff_95,hausdorff_max,fscore@0.005,precision@0.005,recall@0.005,fscore@0.01,precision@0.01,recall@0.01,fscore@0.02,precision@0.02,recall@0.02,fscore@0.05,precision@0.05,recall@0.05,normal_consistency,normal_flip_frac,edge_ratio_mean,edge_ratio_std,edge_stretch_p95,edge_compress_p05,edge_logratio_absmean,area_ratio_mean,area_logratio_absmean,degenerate_tri_frac,tri_quality_mean,tri_quality_p05,deform_mag_mean,deform_mag_p95,deform_mag_max,dihedral_mean,dihedral_p99,folded_face_frac,midline_dev_mean,midline_dev_p95,midline_dev_mean_norm,midline_dev_excess,part_body_dist_mean,part_body_dist_p95,part_body_within_tau,part_head_dist_mean,part_head_dist_p95,part_head_within_tau,part_antenna_dist_mean,part_antenna_dist_p95,part_antenna_within_tau,part_mandible_dist_mean,part_mandible_dist_p95,part_mandible_within_tau,part_leg_dist_mean,part_leg_dist_p95,part_leg_within_tau,part_leg_distal_dist_mean,part_leg_distal_dist_p95,part_leg_distal_within_tau
Acanthostichus_aff.brevicornis_CASENT0744328_processed.obj,Stage_2_deform_coarse,0.00022109733254183084,0.01663881540298462,0.008648431859910488,0.007990383543074131,0.02207283116877079,0.07591652125120163,0.31254470348358154,0.3112666606903076,0.3138333261013031,0.7478978633880615,0.7466333508491516,0.7491666674613953,0.9498988389968872,0.9380666613578796,0.9620333313941956,0.9972926378250122,0.9945999979972839,1.0,0.8007457256317139,0.20260000228881836,1.3555163145065308,1.5571784973144531,3.1386709213256836,0.5382270812988281,0.3582227826118469,2.543518543243408,0.6434957981109619,0.0,0.7452968955039978,0.31783393025398254,0.016599657014012337,0.04061118885874748,0.2927270531654358,14.399598121643066,88.17559814453125,0.009218540973961353,0.008436840958893299,0.009266740642488003,0.008342631161212921,-0.0007570041343569756,0.007159745786339045,0.01653275266289711,0.9697434306144714,0.005845078732818365,0.01140433270484209,0.9972400665283203,0.009667426347732544,0.017042573541402817,0.9889503121376038,0.00822421070188284,0.017571724951267242,0.9815303683280945,0.010137669742107391,0.024405838921666145,0.9127862453460693,0.008218224160373211,0.016123594716191292,0.9805352687835693
Acromyrmex_coronatus_CASENT0744365_processed.obj,Stage_2_deform_coarse,0.0002916230296250433,0.018404532223939896,0.009661558084189892,0.008742974139750004,0.02590217813849449,0.09176640957593918,0.24010372161865234,0.24279999732971191,0.23746666312217712,0.718523383140564,0.7299667000770569,0.7074333429336548,0.9408587217330933,0.9294666647911072,0.9525333642959595,0.9925323128700256,0.9854666590690613,0.9997000098228455,0.805469274520874,0.15060000121593475,1.2581384181976318,3.008965492248535,2.3687267303466797,0.564423680305481,0.3058181703090668,2.017850399017334,0.5425161123275757,0.0,0.7686086893081665,0.3166355788707733,0.018630098551511765,0.04786458984017372,0.2083691954612732,14.102309226989746,76.3915786743164,0.006580018438398838,0.050404466688632965,0.051025696098804474,0.05261772871017456,0.0019158720970153809,0.007128878962248564,0.013963844627141953,0.9911911487579346,0.006725925020873547,0.012071846053004265,0.9926402568817139,0.008307448588311672,0.012521646916866302,0.991712749004364,0.009275590069591999,0.023298798128962517,0.9182058572769165,0.008618475869297981,0.017345264554023743,0.9709287285804749,0.007906204089522362,0.014828193932771683,0.9781022071838379
Acromyrmex_lobicornis_CASENT0878007_processed.obj,Stage_2_deform_coarse,0.0004211307968944311,0.024026034399867058,0.011501363478600979,0.012524670921266079,0.02947392128407955,0.08657407760620117,0.1152111291885376,0.11736667156219482,0.11313333362340927,0.5006054639816284,0.5286333560943604,0.47540000081062317,0.8769946098327637,0.9049666523933411,0.8507000207901001,0.9952245354652405,0.9922666549682617,0.998199999332428,0.791143536567688,0.2971000075340271,1.4013726711273193,1.4277480840682983,3.2590322494506836,0.5213978886604309,0.40011873841285706,2.7669527530670166,0.7139796018600464,0.0,0.7699504494667053,0.3376985490322113,0.024800818413496017,0.06463546305894852,0.2490094155073166,15.130158424377441,81.55061340332031,0.0081110130995512,0.01970956102013588,0.02084665559232235,0.019298505038022995,0.0016002226620912552,0.009551702998578548,0.018634561449289322,0.9590195417404175,0.013774625025689602,0.03015860915184021,0.8270468711853027,0.010406218469142914,0.0228927843272686,0.9226519465446472,0.010279299691319466,0.017134206369519234,0.9683377742767334,0.012096908874809742,0.02545289136469364,0.8880885243415833,0.01097552664577961,0.023044120520353317,0.9111921787261963
Anochetus_risii_CASENT0877608_processed.obj,Stage_2_deform_coarse,0.00013296862016431987,0.014034418389201164,0.006892486475408077,0.0071419314481318,0.014692462980747223,0.05545266717672348,0.3270634710788727,0.33576667308807373,0.3188000023365021,0.8450050354003906,0.86326664686203,0.8274999856948853,0.9830653071403503,0.9819000363349915,0.9842333197593689,0.999833345413208,0.999666690826416,1.0,0.8623038530349731,0.06913333386182785,1.1766486167907715,0.9038497805595398,2.1360480785369873,0.5962483286857605,0.27451518177986145,1.702305793762207,0.48646849393844604,0.0,0.7937906384468079,0.33669596910476685,0.013750605285167694,0.035824354737997055,0.3184254467487335,13.536468505859375,73.45176696777344,0.005439916159957647,0.004002801142632961,0.004811418242752552,0.00400808360427618,-0.003952390514314175,0.005934158340096474,0.011968796141445637,0.9961700439453125,0.006101725157350302,0.010912671685218811,0.9981600642204285,0.007704646326601505,0.014008557423949242,0.991712749004364,0.00767316110432148,0.014213195070624352,1.0,0.0069610346108675,0.01240754034370184,0.9909956455230713,0.006598552223294973,0.012930091470479965,0.9768856167793274
Anochetus_risii_CASENT0877609_processed.obj,Stage_2_deform_coarse,0.0006394739029929042,0.028721336275339127,0.014246837235987186,0.014474499970674515,0.03710504248738289,0.18792393803596497,0.08746934682130814,0.08990000188350677,0.08516667038202286,0.39911332726478577,0.42243334650993347,0.3782333433628082,0.8076119422912598,0.8299999833106995,0.7864000201225281,0.9878941178321838,0.9794999957084656,0.9964333176612854,0.750238299369812,0.3583333492279053,1.4392958879470825,1.8206360340118408,3.500558853149414,0.4771219491958618,0.4318523406982422,3.479724407196045,0.7888284921646118,0.0,0.7219400405883789,0.25799062848091125,0.028593644499778748,0.07502035796642303,0.31918999552726746,15.938164710998535,96.1048583984375,0.011629043146967888,0.030815303325653076,0.031799424439668655,0.0309621412307024,-0.0011363551020622253,0.01298874244093895,0.02749650552868843,0.8628877997398376,0.015706779435276985,0.03436131775379181,0.7373504638671875,0.01040572114288807,0.019528593868017197,0.950276255607605,0.009835857897996902,0.01778041198849678,0.9815303683280945,0.013481921516358852,0.028228767216205597,0.8687934279441833,0.01084975991398096,0.01941642537713051,0.9513381719589233
Aphaenogaster_pallida_CASENT0745235_processed.obj,Stage_2_deform_coarse,0.000154493551235646,0.014380324631929398,0.007128184195607901,0.007252140436321497,0.01480611227452755,0.14229299128055573,0.3224889934062958,0.3280999958515167,0.31706666946411133,0.8276779055595398,0.8510000109672546,0.8055999875068665,0.9851773977279663,0.9827666878700256,0.9876000285148621,0.9987149834632874,0.9974333643913269,1.0,0.900199294090271,0.03889999911189079,1.1643269062042236,0.9074554443359375,1.9415796995162964,0.6433250904083252,0.24903583526611328,1.7060805559158325,0.42286592721939087,0.0,0.8258886337280273,0.42381682991981506,0.010864547453820705,0.027582118287682533,0.34004297852516174,13.242074966430664,72.42086791992188,0.005277044605463743,0.004472278989851475,0.005140351131558418,0.004490942694246769,-0.0024769101291894913,0.006346793845295906,0.012074701488018036,0.9942551255226135,0.005910488776862621,0.011431370861828327,0.9954001307487488,0.008803668431937695,0.013792077079415321,1.0,0.007976053282618523,0.016047243028879166,0.97625333070755,0.007962611503899097,0.014519325457513332,0.9904811382293701,0.009324224665760994,0.024143123999238014,0.9403892755508423
Atopomyrmex_mocquerysi_CASENT0744784_processed.obj,Stage_2_deform_coarse,0.00012212531873956323,0.012869147583842278,0.006522682961076498,0.006346465088427067,0.01529675256460905,0.05281113088130951,0.44395366311073303,0.44636666774749756,0.44156667590141296,0.8610661029815674,0.8617333173751831,0.8604000210762024,0.9824205040931702,0.977066695690155,0.9878333210945129,0.9997832775115967,0.9995666742324829,1.0,0.8064772486686707,0.11720000207424164,1.3317028284072876,1.424748420715332,2.9303951263427734,0.5678521990776062,0.3479194939136505,2.3632419109344482,0.6002236008644104,0.0,0.7783632278442383,0.34599626064300537,0.013798614963889122,0.03233923390507698,0.25933289527893066,14.386141777038574,84.56389617919922,0.008697351440787315,0.02736978605389595,0.02795642428100109,0.027872202917933464,0.0014231614768505096,0.005045834928750992,0.009734561666846275,0.9996170401573181,0.004986023064702749,0.010198099538683891,0.9931002259254456,0.006666307337582111,0.01343444176018238,0.991712749004364,0.007375884801149368,0.02024799957871437,0.9445910453796387,0.007491589058190584,0.016823507845401764,0.9727296233177185,0.006712611764669418,0.013025528751313686,0.9902676343917847
Carebara_trechideros_CASENT0877591_processed.obj,Stage_2_deform_coarse,0.00023361189232673496,0.016032110899686813,0.008588230237364769,0.007443880662322044,0.022944074124097824,0.09523200988769531,0.3517308831214905,0.3526666760444641,0.3508000075817108,0.782126784324646,0.7755333185195923,0.7888333201408386,0.9534292221069336,0.9341999888420105,0.973466694355011,0.994387149810791,0.9890000224113464,0.999833345413208,0.7586135864257812,0.18756666779518127,1.3543288707733154,1.7789959907531738,2.9344351291656494,0.5528558492660522,0.3462299108505249,2.684790849685669,0.6189001202583313,0.0,0.7581759691238403,0.30995693802833557,0.016716811805963516,0.04154324531555176,0.3902367055416107,14.389077186584473,85.32032012939453,0.008957945741713047,0.01719781756401062,0.018235227093100548,0.017561418935656548,-0.0005828924477100372,0.006549528334289789,0.01723424345254898,0.9693604111671448,0.005223047453910112,0.009649429470300674,0.9963201284408569,0.007397501729428768,0.0155511274933815,0.9779005646705627,0.006464145611971617,0.012312580831348896,0.9973615407943726,0.008147572167217731,0.01831522025167942,0.9619243741035461,0.007168272044509649,0.015646640211343765,0.9768856167793274
Centromyrmex_brachycola_CASENT0744052_processed.obj,Stage_2_deform_coarse,0.00019846812938340008,0.016739439219236374,0.007930430583655834,0.008809007704257965,0.01996340975165367,0.0905170738697052,0.24972328543663025,0.2577666640281677,0.242166668176651,0.7369443774223328,0.7749000191688538,0.7025333642959595,0.9635765552520752,0.9772999882698059,0.9502333402633667,0.9989331960678101,0.9984999895095825,0.9993667006492615,0.8545324206352234,0.17326666414737701,1.331010341644287,1.4976153373718262,2.7981677055358887,0.5849044322967529,0.32779809832572937,2.423948287963867,0.5846782326698303,0.0,0.7993605136871338,0.38235968351364136,0.014764013700187206,0.035516198724508286,0.2631908357143402,13.820306777954102,83.80874633789062,0.008404182270169258,0.006983898114413023,0.00759586738422513,0.007047157734632492,-0.0026301140896975994,0.007196509279310703,0.013528713956475258,0.9965530633926392,0.006690009497106075,0.01201587449759245,0.9995399713516235,0.009026024490594864,0.014685070142149925,0.9889503121376038,0.008272857405245304,0.01563648134469986,0.9788918495178223,0.008341736160218716,0.01512984186410904,0.9861075282096863,0.009755447506904602,0.02040020376443863,0.94525545835495
Cephalotes_minutus_CASENT0709253_processed.obj,Stage_2_deform_coarse,0.00015363001148216426,0.015093572437763214,0.00712837977334857,0.007965193130075932,0.017020683735609055,0.05778306722640991,0.2863008379936218,0.29500001668930054,0.27810001373291016,0.7951436638832092,0.8314999938011169,0.7618333697319031,0.9796752333641052,0.9892333149909973,0.970300018787384,0.999916672706604,0.9999666810035706,0.9998666644096375,0.8726882934570312,0.11990000307559967,1.2302820682525635,1.0041693449020386,2.365976333618164,0.5866736769676208,0.3028482496738434,2.4370243549346924,0.5331814289093018,0.0,0.8200088143348694,0.4207518696784973,0.012856407091021538,0.02757214568555355,0.29826468229293823,14.072209358215332,79.04434967041016,0.007231505587697029,0.022106768563389778,0.02311059646308422,0.021950073540210724,-0.0015318002551794052,0.0064634825102984905,0.011954179964959621,0.9973190426826477,0.0065175434574484825,0.011530248448252678,1.0,0.006546104326844215,0.011575879529118538,0.9944751858711243,0.00804364774376154,0.016106780618429184,0.97625333070755,0.008259258233010769,0.01613888330757618,0.976845920085907,0.00768708111718297,0.015298774465918541,0.989051103591919
Cephalotes_simillimus_CASENT0744408_processed.obj,Stage_2_deform_coarse,0.0004385476349852979,0.02416711300611496,0.01113054621964693,0.013036565855145454,0.030943194404244423,0.11224579066038132,0.12631359696388245,0.1308666616678238,0.1220666691660881,0.5022599697113037,0.5469333529472351,0.46433332562446594,0.8687981963157654,0.9183333516120911,0.8243333697319031,0.9952478408813477,0.9937999844551086,0.9966999888420105,0.8094182014465332,0.343833327293396,1.333612322807312,1.636690616607666,2.877504825592041,0.5177195072174072,0.36624786257743835,2.931671619415283,0.663769543170929,0.0,0.7695542573928833,0.33734437823295593,0.02209358476102352,0.05521360784769058,0.282018780708313,14.637418746948242,88.31951141357422,0.009642007760703564,0.023860517889261246,0.02454468607902527,0.024011388421058655,0.0004295855760574341,0.010158161632716656,0.02070705220103264,0.9433167576789856,0.008866568095982075,0.016384216025471687,0.9889603853225708,0.007453545928001404,0.01339738816022873,0.9944751858711243,0.01133007276803255,0.022473977878689766,0.9287599325180054,0.010293086059391499,0.01977679319679737,0.9518909454345703,0.01037135161459446,0.019727550446987152,0.9513381719589233
Cephalotes_spinosus_CASENT0744158_processed.obj,Stage_2_deform_coarse,0.0002123305748682469,0.017260845750570297,0.008111009374260902,0.009149836376309395,0.021156389266252518,0.06533936411142349,0.24522916972637177,0.25220000743865967,0.23863333463668823,0.7137261629104614,0.7545000314712524,0.677133321762085,0.9550046920776367,0.9715999960899353,0.938966691493988,0.9990495443344116,0.9983333349227905,0.9997667074203491,0.8416412472724915,0.12716667354106903,1.253119945526123,1.1345183849334717,2.431694984436035,0.5451598167419434,0.32539689540863037,2.0750925540924072,0.5655180811882019,0.0,0.792942464351654,0.3547513484954834,0.015712883323431015,0.03706076741218567,0.27609941363334656,14.264872550964355,82.27261352539062,0.008013290353119373,0.011296015232801437,0.012083643116056919,0.011099825613200665,-0.003250948153436184,0.007116273511201143,0.013935785740613937,0.9911911487579346,0.007115548942238092,0.013515034690499306,0.9903403520584106,0.0066667883656919,0.011453493498265743,0.9944751858711243,0.009005854837596416,0.018034828826785088,0.9577836990356445,0.008831013925373554,0.017421387135982513,0.9696424007415771,0.008399417623877525,0.015319335274398327,0.9781022071838379
Crematogaster_nawai_OKENT0105046_processed.obj,Stage_2_deform_coarse,0.00030525351758114994,0.02009485475718975,0.009611046873033047,0.010483807884156704,0.023701824247837067,0.10015137493610382,0.17305895686149597,0.18000000715255737,0.16663333773612976,0.6222359538078308,0.6610000133514404,0.5877666473388672,0.9332737922668457,0.9491000175476074,0.9179666638374329,0.9959803819656372,0.9942666888237,0.997700035572052,0.7926715016365051,0.34806665778160095,1.1894681453704834,0.9772182106971741,2.1868481636047363,0.5736552476882935,0.2924554646015167,1.7075605392456055,0.5284866690635681,0.0,0.779247522354126,0.35097983479499817,0.016736812889575958,0.03895445168018341,0.2576727569103241,14.046761512756348,73.40019989013672,0.005928531754761934,0.013548465445637703,0.014568228274583817,0.01310305017977953,-0.013313505798578262,0.008016455918550491,0.01478162594139576,0.9911911487579346,0.0076641496270895,0.013797945342957973,0.9972400665283203,0.009576900862157345,0.01746431179344654,0.9696133136749268,0.009876268915832043,0.02050548605620861,0.9419525265693665,0.00843814667314291,0.01641046069562435,0.9755595922470093,0.007756366394460201,0.015653839334845543,0.9781022071838379
Cryptopone_sauteri_CASENT0743771_processed.obj,Stage_2_deform_coarse,0.000345309148542583,0.02170851081609726,0.009949374943971634,0.0117591368034482,0.02870064787566662,0.08297772705554962,0.16129645705223083,0.16723333299160004,0.15576666593551636,0.5742262005805969,0.6275333166122437,0.5292666554450989,0.8963907957077026,0.9358000159263611,0.8601666688919067,0.9979813694953918,0.996566653251648,0.9994000196456909,0.8065642714500427,0.39773333072662354,1.3026551008224487,1.2594516277313232,2.820051908493042,0.5486680865287781,0.3486512005329132,2.8688597679138184,0.6182501316070557,0.0,0.772434413433075,0.3432559370994568,0.01962466351687908,0.052011214196681976,0.23839443922042847,14.815349578857422,88.5751724243164,0.009837453253567219,0.029638100415468216,0.030491488054394722,0.029624268412590027,0.0005477592349052429,0.008006025105714798,0.014725249260663986,0.9896591305732727,0.00959900114685297,0.020397016778588295,0.9452621340751648,0.009491444565355778,0.018316367641091347,0.9696133136749268,0.011005806736648083,0.025916216894984245,0.9102903008460999,0.008867665193974972,0.017844093963503838,0.969127893447876,0.007941015996038914,0.01497733686119318,0.989051103591919
Cyphoidris_afrc-tz01_CASENT0744810_processed.obj,Stage_2_deform_coarse,0.0010456170421093702,0.037720225751399994,0.01742469146847725,0.020295536145567894,0.04741903394460678,0.12282722443342209,0.04125694930553436,0.04190000146627426,0.04063333198428154,0.23375000059604645,0.24933333694934845,0.2199999988079071,0.670339822769165,0.7433333396911621,0.6104000210762024,0.9643599987030029,0.9668999910354614,0.9618333578109741,0.7474110722541809,0.39996665716171265,1.548304796218872,3.125262975692749,3.9214491844177246,0.48954710364341736,0.44814759492874146,6.265260696411133,0.8178814649581909,0.0,0.722764790058136,0.2922382652759552,0.031133010983467102,0.087742380797863,0.37504324316978455,15.796966552734375,104.8431167602539,0.013388057239353657,0.028283799067139626,0.02899075672030449,0.028272252529859543,8.209235966205597e-05,0.01696142926812172,0.036803100258111954,0.7135197520256042,0.017179489135742188,0.037920061498880386,0.7226310968399048,0.01314885076135397,0.02383730746805668,0.8646408915519714,0.014756472781300545,0.031179074198007584,0.8205804824829102,0.01615413837134838,0.03478008508682251,0.7604836821556091,0.014339094050228596,0.026824096217751503,0.8369829654693604
Cyphomyrmex_cf.minutus_CASENT0744280_processed.obj,Stage_2_deform_coarse,0.001129334094002843,0.039353594183921814,0.017743363976478577,0.021610230207443237,0.050951335579156876,0.11964012682437897,0.03713743016123772,0.037833333015441895,0.03646666556596756,0.20741944015026093,0.22283333539962769,0.1940000057220459,0.6350110173225403,0.7151333689689636,0.5710333585739136,0.9597091674804688,0.9734333157539368,0.9463666677474976,0.7557094097137451,0.44786667823791504,1.6574604511260986,3.0841386318206787,4.41054105758667,0.5318285226821899,0.44041571021080017,6.143035888671875,0.8345409035682678,0.0,0.7377974390983582,0.30038490891456604,0.030985752120614052,0.09200619161128998,0.392107218503952,15.348773002624512,95.05986022949219,0.01110785361379385,0.014730512164533138,0.015618698671460152,0.015058591030538082,-0.0014024460688233376,0.017236175015568733,0.03446211293339729,0.6947529911994934,0.0162271149456501,0.031201103702187538,0.7594295740127563,0.017178133130073547,0.03681321442127228,0.7430939674377441,0.015276549383997917,0.02813105285167694,0.7836412191390991,0.016436200588941574,0.0327732190489769,0.7424749135971069,0.016713174059987068,0.03642692416906357,0.772506058216095
Dilobocondyla_fouqueti_CASENT0745576_processed.obj,Stage_2_deform_coarse,0.00023089638852979988,0.017764762043952942,0.008694765157997608,0.009069996885955334,0.02008449099957943,0.08204134553670883,0.22203809022903442,0.22673334181308746,0.21753333508968353,0.7051355242729187,0.7351999878883362,0.6774333119392395,0.9549679160118103,0.9605333209037781,0.9494667053222656,0.9978801012039185,0.996066689491272,0.9997000098228455,0.8347674608230591,0.10946666449308395,1.2480226755142212,1.3248505592346191,2.4206464290618896,0.5557563304901123,0.3105055093765259,2.1397643089294434,0.5552247166633606,0.0,0.7931416630744934,0.3623296022415161,0.015579905360937119,0.039829690009355545,0.2911425232887268,13.59560775756836,76.173095703125,0.0062217009253799915,0.023401256650686264,0.024339010939002037,0.0235526654869318,-0.0005893278867006302,0.007062832359224558,0.012997834011912346,0.9950211048126221,0.00639893626794219,0.011857684701681137,1.0,0.008618701249361038,0.014672467485070229,0.9779005646705627,0.008721941150724888,0.016050951555371284,0.9841688871383667,0.008921673521399498,0.017713837325572968,0.9711860418319702,0.009183361195027828,0.019799401983618736,0.9525547623634338
Dorylus_fulvus_CASENT0745678_processed.obj,Stage_2_deform_coarse,0.00015602185158059,0.014682944864034653,0.00717854592949152,0.00750439940020442,0.01673208922147751,0.05306099355220795,0.34037819504737854,0.34646666049957275,0.3345000147819519,0.8100573420524597,0.8305333256721497,0.7905666828155518,0.9736940860748291,0.9761000275611877,0.9713000059127808,0.9998000264167786,0.9997333288192749,0.9998666644096375,0.8391754031181335,0.16606666147708893,1.2696527242660522,1.2029508352279663,2.6072187423706055,0.5741301774978638,0.3108486831188202,2.096041202545166,0.553739070892334,0.0,0.7943601012229919,0.37609124183654785,0.013432873412966728,0.03215714916586876,0.30886587500572205,13.510241508483887,78.83916473388672,0.007036059629172087,0.0032831423450261354,0.004271503537893295,0.00329239247366786,-0.00859670341014862,0.005965337622910738,0.011590857990086079,0.9980850219726562,0.00558463204652071,0.010425236076116562,0.9995399713516235,0.007233552634716034,0.013117682188749313,0.9972376227378845,0.006739391013979912,0.014129102230072021,0.9868074059486389,0.007902021519839764,0.015022610314190388,0.9840494394302368,0.007867459207773209,0.016395611688494682,0.974452555179596
Eciton_hamatum_CASENT0744580_processed.obj,Stage_2_deform_coarse,0.0001936405897140503,0.01604311726987362,0.008442742750048637,0.007600374054163694,0.0218396857380867,0.06013971567153931,0.31636902689933777,0.32030001282691956,0.31253334879875183,0.7624480128288269,0.7544666528701782,0.7706000208854675,0.958016574382782,0.9380666613578796,0.9788333177566528,0.9992327094078064,0.9984666705131531,1.0,0.6945033669471741,0.20253333449363708,1.316375732421875,1.198475956916809,2.9159252643585205,0.529303789138794,0.36406922340393066,2.1120800971984863,0.6255159378051758,0.0,0.7340222001075745,0.32545146346092224,0.016780810430645943,0.040243133902549744,0.2569454312324524,17.233789443969727,106.58958435058594,0.014072119258344173,0.017747631296515465,0.018620003014802933,0.017882388085126877,-0.00040297769010066986,0.007077458780258894,0.01726555824279785,0.9708923697471619,0.006291181314736605,0.014375570230185986,0.9875804781913757,0.00775501923635602,0.015365955419838428,0.961326003074646,0.008171937428414822,0.02075435221195221,0.9445910453796387,0.007197398226708174,0.01554825622588396,0.9781322479248047,0.006317940540611744,0.011904295533895493,0.9939172863960266
Ectatomma_brunneum_CASENT0744575_processed.obj,Stage_2_deform_coarse,0.0006361380219459534,0.028411544859409332,0.013952498324215412,0.014459045603871346,0.03377119079232216,0.14213764667510986,0.08052835613489151,0.08116666972637177,0.07990000396966934,0.39275598526000977,0.4135333299636841,0.37396666407585144,0.831069827079773,0.8658999800682068,0.7989333271980286,0.9854385256767273,0.9758666753768921,0.9952000379562378,0.7845718860626221,0.33516666293144226,1.4208022356033325,1.9935306310653687,3.3804306983947754,0.5190995931625366,0.39431703090667725,4.053704738616943,0.7292375564575195,0.0,0.759708046913147,0.314423531293869,0.028734570369124413,0.08162229508161545,0.4176717698574066,15.26196002960205,104.44242095947266,0.012834293767809868,0.006916366051882505,0.00787304062396288,0.007027045823633671,-0.0016706115566194057,0.012856720946729183,0.027822453528642654,0.8766756057739258,0.011035209521651268,0.022376878187060356,0.9305427670478821,0.01402637641876936,0.033182621002197266,0.861878514289856,0.012280821800231934,0.02420675940811634,0.8918206095695496,0.01275921892374754,0.025609271600842476,0.8875739574432373,0.01301206648349762,0.024463241919875145,0.9014598727226257
Eurhopalothrix_procera_CASENT0745605_processed.obj,Stage_2_deform_coarse,0.0004098244244232774,0.02354593202471733,0.011353487148880959,0.012192443944513798,0.028457963839173317,0.07719486206769943,0.13305985927581787,0.1358666718006134,0.13036666810512543,0.5171350836753845,0.550266683101654,0.48776668310165405,0.8797870874404907,0.9079333543777466,0.8533333539962769,0.9951177835464478,0.9912000298500061,0.9990666508674622,0.791892409324646,0.21326667070388794,1.343915343284607,1.4536083936691284,2.9056856632232666,0.5643002390861511,0.3515493869781494,3.1773436069488525,0.6320818662643433,0.0,0.7799964547157288,0.33048102259635925,0.021028749644756317,0.056023404002189636,0.290729284286499,14.758152961730957,78.6478500366211,0.007850417867302895,0.013303606770932674,0.014196952804923058,0.01337304525077343,-0.007507053203880787,0.010067643597722054,0.02054859884083271,0.9440827369689941,0.008889983408153057,0.01642800122499466,0.9820606708526611,0.010467651300132275,0.01925702951848507,0.9668508768081665,0.010572261177003384,0.01725221797823906,0.9947230219841003,0.010816357098519802,0.021554188802838326,0.9346539974212646,0.010506877675652504,0.01958470046520233,0.9513381719589233
Heteroponera_panamensis_CASENT0744055_processed.obj,Stage_2_deform_coarse,0.00079119554720819,0.032242171466350555,0.015066588297486305,0.0171755813062191,0.04169474542140961,0.12193483859300613,0.05545414611697197,0.056299999356269836,0.054633334279060364,0.31069648265838623,0.3321666717529297,0.2918333411216736,0.769684910774231,0.8324333429336548,0.7157333493232727,0.976646363735199,0.9747666716575623,0.9785333275794983,0.8152573108673096,0.358599990606308,1.4318678379058838,1.890775203704834,3.4527933597564697,0.49671584367752075,0.41272979974746704,3.678988218307495,0.7715327739715576,0.0,0.7492189407348633,0.2881200313568115,0.03141822665929794,0.08834019303321838,0.34078335762023926,15.020110130310059,95.77964782714844,0.011531319469213486,0.009879512712359428,0.010583434253931046,0.009894167073071003,-0.005210825242102146,0.013427654281258583,0.02620862051844597,0.8651857972145081,0.012799081392586231,0.024718161672353745,0.8836246132850647,0.01148342713713646,0.02006923221051693,0.9475138783454895,0.015160111710429192,0.036244433373212814,0.8047493696212769,0.014031076803803444,0.027201799675822258,0.8389503359794617,0.013369395397603512,0.02729504555463791,0.8734793066978455
Labidus_praedator_CASENT0744236_processed.obj,Stage_2_deform_coarse,0.0007877944735810161,0.026064472272992134,0.016851872205734253,0.009212600067257881,0.05255929380655289,0.15652836859226227,0.20646198093891144,0.19313333928585052,0.2217666655778885,0.5709829926490784,0.5055333375930786,0.6559000015258789,0.8393659591674805,0.7527333498001099,0.9485333561897278,0.9713018536567688,0.9448000192642212,0.9993333220481873,0.6153598427772522,0.39203333854675293,1.2973018884658813,1.4552521705627441,2.926565647125244,0.45575952529907227,0.40100449323654175,2.138636827468872,0.704595685005188,0.0,0.6536504030227661,0.22496230900287628,0.026143457740545273,0.06739336997270584,0.6914880275726318,16.351295471191406,97.19402313232422,0.012052509002387524,0.03184199705719948,0.03270522877573967,0.03227849304676056,0.0011699777096509933,0.009571303613483906,0.030947750434279442,0.8828035593032837,0.015582283027470112,0.03721833601593971,0.712051510810852,0.007875681854784489,0.015449875965714455,0.9861878752708435,0.0077573382295668125,0.016308555379509926,0.9947230219841003,0.008548246696591377,0.01851501688361168,0.9616671204566956,0.00949526485055685,0.02490861713886261,0.9209245443344116
Labidus_praedator_CASENT0744237_processed.obj,Stage_2_deform_coarse,0.00028577150078490376,0.01776633970439434,0.008938075974583626,0.008828263729810715,0.019213085994124413,0.13273149728775024,0.22605298459529877,0.23196667432785034,0.2204333394765854,0.7322483062744141,0.7713333368301392,0.6969333291053772,0.9586383700370789,0.9620000123977661,0.9553000330924988,0.993681013584137,0.987766683101654,0.999666690826416,0.8499270081520081,0.12999999523162842,1.232285976409912,1.179780125617981,2.3129677772521973,0.6235640645027161,0.2799004316329956,2.0821330547332764,0.511390745639801,0.0,0.8033474087715149,0.3649841845035553,0.013611717149615288,0.03337949886918068,0.26870614290237427,13.108561515808105,68.35440063476562,0.004951301030814648,0.007293989881873131,0.007965103723108768,0.007421317510306835,-0.002996174618601799,0.006681069731712341,0.012651026248931885,0.995404064655304,0.006669132970273495,0.011982675641775131,0.9986200332641602,0.008704489096999168,0.0142821678891778,0.9861878752708435,0.007974110543727875,0.0147499805316329,0.9973615407943726,0.008055144920945168,0.014673933386802673,0.9902238249778748,0.008626478724181652,0.014865149743855,0.970802903175354
Lasius_nr._fuliginosus_CASENT0878037_processed.obj,Stage_2_deform_coarse,0.00013250521442387253,0.013942934572696686,0.006692217197269201,0.0072507173754274845,0.015381700359284878,0.0974888950586319,0.3505061864852905,0.3618333339691162,0.33986666798591614,0.8326207995414734,0.8644333481788635,0.8030666708946228,0.9843115210533142,0.9865666627883911,0.9820666909217834,0.9998833537101746,1.0,0.9997667074203491,0.8660995364189148,0.08630000054836273,1.1665973663330078,0.8319247364997864,2.0576441287994385,0.6203426122665405,0.2563357651233673,1.5797553062438965,0.4648442566394806,0.0,0.8055983185768127,0.3904987573623657,0.010944877751171589,0.025528021156787872,0.2728995680809021,13.16397762298584,72.58999633789062,0.0053096190094947815,0.013710057362914085,0.014424818567931652,0.013732429593801498,-0.006116734817624092,0.005798490718007088,0.010728156194090843,0.9988510608673096,0.005329228471964598,0.009814959019422531,1.0,0.008029847405850887,0.012403422966599464,1.0,0.006474736612290144,0.011985664255917072,1.0,0.007676274981349707,0.014282213523983955,0.9904811382293701,0.006801400799304247,0.012231521308422089,0.985401451587677
Lioponera_daikoku_OKENT0105067_processed.obj,Stage_2_deform_coarse,0.0005632120883092284,0.027317609637975693,0.012649521231651306,0.014668089337646961,0.03471153974533081,0.12805183231830597,0.07767897844314575,0.08009999990463257,0.07540000230073929,0.40786516666412354,0.4406333267688751,0.3796333372592926,0.843945324420929,0.9025333523750305,0.7925000190734863,0.9897074699401855,0.9866999983787537,0.992733359336853,0.8366937041282654,0.42623335123062134,1.4039322137832642,1.9408711194992065,3.375204086303711,0.4824967086315155,0.40770605206489563,3.4522037506103516,0.7687033414840698,0.0,0.7360690236091614,0.29501059651374817,0.02934102900326252,0.08432867377996445,0.3181575536727905,15.26488971710205,97.94281768798828,0.011563894338905811,0.06921970099210739,0.07068012654781342,0.06918429583311081,-0.010421447455883026,0.013312350027263165,0.030939320102334023,0.8422060608863831,0.01310188788920641,0.03121405467391014,0.8615455031394958,0.011722263880074024,0.021436622366309166,0.9254143834114075,0.011181995272636414,0.019111333414912224,0.963060736656189,0.013344641774892807,0.03297605365514755,0.8610754013061523,0.012879930436611176,0.02973201870918274,0.8746958374977112
Mayriella_sp._CASENT0745610_processed.obj,Stage_2_deform_coarse,0.0006821168935857713,0.030293501913547516,0.014277947135269642,0.01601555570960045,0.03663114458322525,0.11429060250520706,0.07006639987230301,0.0723000019788742,0.06796666979789734,0.3536030054092407,0.3847333490848541,0.32713332772254944,0.7851324081420898,0.8421666622161865,0.7353333234786987,0.9864433407783508,0.9816666841506958,0.991266667842865,0.7482517957687378,0.3982999920845032,1.4084830284118652,1.9182965755462646,3.2261288166046143,0.4980469048023224,0.4042976200580597,3.3274893760681152,0.7186807990074158,0.0,0.7544559240341187,0.3005085587501526,0.0256727896630764,0.0684293806552887,0.33961206674575806,15.428549766540527,91.24946594238281,0.01029349397867918,0.03801729530096054,0.03907918184995651,0.03802254796028137,0.0058141909539699554,0.012519260868430138,0.024469571188092232,0.8923783898353577,0.01148107461631298,0.02356529049575329,0.9158233404159546,0.012124530971050262,0.023627718910574913,0.9088398218154907,0.013422164134681225,0.029459036886692047,0.8416886925697327,0.011378083378076553,0.021689383313059807,0.9318240284919739,0.012477152980864048,0.030152127146720886,0.8978102207183838
Mesoponera_ambigua_CASENT0745584_processed.obj,Stage_2_deform_coarse,0.000601849751546979,0.026617025956511497,0.013023286126554012,0.013593739829957485,0.0322929210960865,0.18452532589435577,0.10107340663671494,0.10393333435058594,0.09836667031049728,0.4537333548069,0.48606666922569275,0.42543333768844604,0.8538209795951843,0.8886333703994751,0.8216333389282227,0.9869505167007446,0.9789333343505859,0.9951000213623047,0.8051661252975464,0.3270333409309387,1.394775629043579,1.8221007585525513,3.2386274337768555,0.5210736393928528,0.38804182410240173,3.3407373428344727,0.7005858421325684,0.0,0.7492283582687378,0.2849927544593811,0.02691623568534851,0.07120001316070557,0.3684026002883911,15.118805885314941,99.91549682617188,0.011987360194325447,0.04919056594371796,0.050717998296022415,0.049070246517658234,-0.0022872351109981537,0.010038330219686031,0.01846676878631115,0.9651474952697754,0.010245369747281075,0.021818814799189568,0.9374424815177917,0.011764392256736755,0.0213908851146698,0.919889509677887,0.013087214902043343,0.02771669253706932,0.857519805431366,0.012322810478508472,0.027912119403481483,0.9040391445159912,0.011941693723201752,0.024216536432504654,0.9184914827346802
Myrmecina_ryukyuensis_OKENT0105085_processed.obj,Stage_2_deform_coarse,0.0002580904692877084,0.017141193151474,0.0082717165350914,0.008869475685060024,0.018975522369146347,0.25528740882873535,0.24813847243785858,0.2546333372592926,0.24196666479110718,0.7343590259552002,0.7595333456993103,0.7107999920845032,0.9634776711463928,0.9681333303451538,0.9588666558265686,0.9964331388473511,0.9959666728973389,0.9969000220298767,0.8457346558570862,0.18653333187103271,1.271325707435608,1.383257269859314,2.511284589767456,0.5767144560813904,0.3044639825820923,2.443413019180298,0.5549992918968201,0.0,0.7887187600135803,0.34590673446655273,0.014249474741518497,0.0347716249525547,0.31278836727142334,13.76559066772461,78.34650421142578,0.00697091082111001,0.0003971888800151646,0.0009934251429513097,0.0003968352684751153,-0.00880668219178915,0.007006936240941286,0.012521199882030487,0.9950211048126221,0.006969868671149015,0.012489639222621918,0.9995399713516235,0.009690359234809875,0.017204416915774345,0.972375750541687,0.007459076587110758,0.01299054455012083,0.9973615407943726,0.00866373535245657,0.019310208037495613,0.9544636011123657,0.007741706445813179,0.013863502070307732,0.9914841651916504
Myrmecina_sp._CASENT0745613_processed.obj,Stage_2_deform_coarse,0.0004483704688027501,0.024100065231323242,0.011532401666045189,0.012567662633955479,0.030036170035600662,0.11663007736206055,0.11751961708068848,0.12156666815280914,0.11373333632946014,0.5187883973121643,0.5596333146095276,0.48350000381469727,0.875285267829895,0.9083999991416931,0.8445000052452087,0.9929937720298767,0.9867666959762573,0.9993000030517578,0.8100771307945251,0.3366333246231079,1.339516282081604,1.50731360912323,3.040485143661499,0.5195673704147339,0.3745681047439575,3.191883087158203,0.6979309916496277,0.0,0.7690068483352661,0.3337610065937042,0.022903606295585632,0.0587732307612896,0.2559272050857544,15.011529922485352,88.41960144042969,0.009674581699073315,0.011151698417961597,0.012158202938735485,0.011023656465113163,-0.0004086475819349289,0.010277556255459785,0.020875636488199234,0.9406358003616333,0.010643355548381805,0.022847648710012436,0.926862895488739,0.0106355594471097,0.021919947117567062,0.9337016940116882,0.011473482474684715,0.026119323447346687,0.8997361660003662,0.011716899462044239,0.027436066418886185,0.9112426042556763,0.010635125450789928,0.02000575326383114,0.9489051103591919
Nesomyrmex_angulatus_CASENT0744820_processed.obj,Stage_2_deform_coarse,0.0006691943854093552,0.02933468483388424,0.014223864302039146,0.015110820531845093,0.03722367063164711,0.15459072589874268,0.08069276064634323,0.08290000259876251,0.07860000431537628,0.38408520817756653,0.40709999203681946,0.3635333478450775,0.8103283047676086,0.8521333336830139,0.772433340549469,0.9818865656852722,0.9722333550453186,0.9917333722114563,0.7710033655166626,0.3903000056743622,1.4464260339736938,2.5909078121185303,3.516132354736328,0.5018985271453857,0.4086315929889679,3.677184820175171,0.7616762518882751,0.0,0.7445247173309326,0.30369383096694946,0.02604401484131813,0.06991928070783615,0.32739508152008057,15.038219451904297,92.33577728271484,0.01068438682705164,0.00462585873901844,0.005264659412205219,0.004628332331776619,-0.006413607858121395,0.013566114008426666,0.030524656176567078,0.8341631889343262,0.01416609063744545,0.030724026262760162,0.8362465500831604,0.011322938837110996,0.02124692313373089,0.9226519465446472,0.010541379451751709,0.018192166462540627,0.9788918495178223,0.010962163098156452,0.020570598542690277,0.9413429498672485,0.011108961887657642,0.02282816916704178,0.9245741963386536
Odontomachus_troglodytes_CASENT0744970_processed.obj,Stage_2_deform_coarse,0.00016716323443688452,0.014286783523857594,0.007130154874175787,0.0071566286496818066,0.015683362260460854,0.11196721345186234,0.3628918528556824,0.37103334069252014,0.35510000586509705,0.8321252465248108,0.8509666919708252,0.8141000270843506,0.9781139492988586,0.9764666557312012,0.9797666668891907,0.9976781606674194,0.9954000115394592,0.9999666810035706,0.8189252614974976,0.11613333225250244,1.1929652690887451,1.0039116144180298,2.21742582321167,0.575836718082428,0.2882187068462372,1.7073332071304321,0.5187190175056458,0.0,0.7782301902770996,0.3803589940071106,0.014059966430068016,0.031151702627539635,0.2654964029788971,13.712921142578125,73.41046905517578,0.005700510926544666,0.022411832585930824,0.023028578609228134,0.02242366038262844,0.00026088394224643707,0.005554549861699343,0.010422470979392529,0.9980850219726562,0.005519034340977669,0.00994130689650774,0.9986200332641602,0.006050531752407551,0.010088315233588219,1.0,0.006344052962958813,0.011220335960388184,1.0,0.007678930647671223,0.015301225706934929,0.9835348725318909,0.007813537493348122,0.017156897112727165,0.9635036587715149
Oxyopomyrmex_saulcyi_CASENT0745218_processed.obj,Stage_2_deform_coarse,0.0005033761262893677,0.026243433356285095,0.012444030493497849,0.013799403794109821,0.03190253674983978,0.12724024057388306,0.09303958714008331,0.09706667065620422,0.08933333307504654,0.43094387650489807,0.4620000123977661,0.40380001068115234,0.8501129746437073,0.8858667016029358,0.817133367061615,0.99311363697052,0.9913666844367981,0.994866669178009,0.7480877637863159,0.4203999936580658,1.3592889308929443,1.3984695672988892,3.033533811569214,0.5442193150520325,0.36598071455955505,2.592820882797241,0.6424412727355957,0.0,0.7601290941238403,0.3154958188533783,0.023003725335001945,0.06234048306941986,0.26116085052490234,15.21444320678711,82.9189224243164,0.008371607400476933,0.0027279884088784456,0.00371852470561862,0.002880383050069213,-0.0038279748987406492,0.009593277238309383,0.01771731674671173,0.9697434306144714,0.012608769349753857,0.025098508223891258,0.8725850582122803,0.011528217233717442,0.023055249825119972,0.9171271324157715,0.010409514419734478,0.01922626420855522,0.9577836990356445,0.010827367193996906,0.022180931642651558,0.9315667748451233,0.010979348793625832,0.0253540500998497,0.9221411347389221
Polyrhachis_decemdentata_CASENT0744779_processed.obj,Stage_2_deform_coarse,0.00032138486858457327,0.020988857373595238,0.00991819053888321,0.011070666834712029,0.026021864265203476,0.07388225942850113,0.16919079422950745,0.1736000031232834,0.16500000655651093,0.5922383666038513,0.6299333572387695,0.5587999820709229,0.9123339653015137,0.937333345413208,0.8886333703994751,0.9975804686546326,0.99590003490448,0.9992666840553284,0.8414039611816406,0.29936668276786804,1.309127926826477,1.2878042459487915,2.773533344268799,0.5622852444648743,0.3443666398525238,2.5006518363952637,0.6183614134788513,0.0,0.786393940448761,0.3371005058288574,0.020133070647716522,0.05251556634902954,0.2618426978588104,14.390605926513672,82.23399353027344,0.008208735845983028,0.015755092725157738,0.016558298841118813,0.016066452488303185,0.0003129607066512108,0.008575256913900375,0.017131390050053596,0.9754883646965027,0.008095667697489262,0.014871099963784218,0.9811407327651978,0.011694236658513546,0.019479932263493538,0.950276255607605,0.009412401355803013,0.018099015578627586,0.9551451802253723,0.009659988805651665,0.01877463050186634,0.9639825224876404,0.009827547706663609,0.02020186185836792,0.9489051103591919
Polyrhachis_dives_CASENT0878093_processed.obj,Stage_2_deform_coarse,0.0005096694803796709,0.02601034566760063,0.012302461080253124,0.013707884587347507,0.03245070204138756,0.1559847593307495,0.10037912428379059,0.10276667028665543,0.09809999912977219,0.4525429308414459,0.48856666684150696,0.4214666783809662,0.8529075980186462,0.894433319568634,0.8150666952133179,0.9922420382499695,0.9894333481788635,0.9950667023658752,0.8324944376945496,0.3237000107765198,1.3687918186187744,1.6645315885543823,3.0619397163391113,0.5231732130050659,0.3735058903694153,3.459249496459961,0.6614308953285217,0.0,0.7603870630264282,0.29338324069976807,0.02720460668206215,0.0735335722565651,0.29086634516716003,15.247961044311523,98.21229553222656,0.011368447914719582,0.015785517171025276,0.016474641859531403,0.015989908948540688,0.004914474673569202,0.011709535494446754,0.024873720481991768,0.9038682579994202,0.012637424282729626,0.032645709812641144,0.8610855340957642,0.011662911623716354,0.02038588374853134,0.941989004611969,0.0124405138194561,0.03334634378552437,0.8786280155181885,0.011897017247974873,0.02403745800256729,0.9099562764167786,0.013120468705892563,0.02779843844473362,0.8503649830818176
Ponera_kohmoku_OKENT0105440_processed.obj,Stage_2_deform_coarse,0.0003937247092835605,0.020725686103105545,0.01036219671368599,0.010363488458096981,0.02433020994067192,0.1826169490814209,0.1812625378370285,0.18700000643730164,0.17586666345596313,0.63581782579422,0.6604000329971313,0.6130000352859497,0.9215012192726135,0.9319333434104919,0.911300003528595,0.9933805465698242,0.9890000224113464,0.9977999925613403,0.7927653193473816,0.3061999976634979,1.3509674072265625,1.9593079090118408,3.0443153381347656,0.5497071146965027,0.34658491611480713,2.815977096557617,0.6320596933364868,0.0,0.7763857245445251,0.3363398313522339,0.017376376315951347,0.046801112592220306,0.28771108388900757,14.853082656860352,92.1597900390625,0.01048894040286541,0.0005584901082329452,0.0012856979155912995,0.0005635280394926667,-0.005324271973222494,0.007579514291137457,0.014925794675946236,0.9862121939659119,0.007752356119453907,0.01495336927473545,0.983440637588501,0.010387799702584743,0.018389657139778137,0.961326003074646,0.008279719389975071,0.015721337869763374,0.9815303683280945,0.009410098195075989,0.018696395680308342,0.9572935700416565,0.010386274196207523,0.026943109929561615,0.9197080135345459
Ponera_tamon_OKENT0105154_processed.obj,Stage_2_deform_coarse,0.00018024581368081272,0.01519753411412239,0.00730169890448451,0.007895835675299168,0.01733812317252159,0.1282733827829361,0.3067390024662018,0.3199999928474426,0.2945333421230316,0.8038116693496704,0.8431666493415833,0.7679666876792908,0.972719132900238,0.9782333374023438,0.9672666788101196,0.9984318614006042,0.9972000122070312,0.999666690826416,0.8181725144386292,0.2745666801929474,1.283003330230713,1.2823002338409424,2.5857152938842773,0.5923779606819153,0.313021183013916,2.333470106124878,0.5591551661491394,0.0,0.7944503426551819,0.3947165906429291,0.012898348271846771,0.031374551355838776,0.326641708612442,14.249942779541016,81.2132797241211,0.007915566675364971,0.02949974127113819,0.030225522816181183,0.030154205858707428,-0.0012003742158412933,0.006085346452891827,0.011139528825879097,0.9984680414199829,0.006166607141494751,0.010804912075400352,0.9995399713516235,0.006705744192004204,0.011471081525087357,0.9944751858711243,0.007057362701743841,0.012765499763190746,0.9947230219841003,0.007727205753326416,0.01666521653532982,0.9711860418319702,0.007349750492721796,0.013455129228532314,0.9805352687835693
Pseudolasius_sp._CASENT0878065_processed.obj,Stage_2_deform_coarse,0.0005529637564904988,0.02684013545513153,0.01307768002152443,0.013762454502284527,0.03279111161828041,0.13050474226474762,0.09632652997970581,0.09833333641290665,0.09440000355243683,0.43792223930358887,0.4634000062942505,0.41510000824928284,0.8416082262992859,0.8717666864395142,0.8134666681289673,0.9906481504440308,0.9835333228111267,0.997866690158844,0.785840630531311,0.31273332238197327,1.4447307586669922,1.9548395872116089,3.3006365299224854,0.5120595097541809,0.40313974022865295,3.844890594482422,0.7305512428283691,0.0,0.7546872496604919,0.2903977334499359,0.02702566422522068,0.072706438601017,0.5426228642463684,15.300456047058105,95.50389099121094,0.011270725168287754,0.10774243623018265,0.10842803865671158,0.11013976484537125,-0.0006194114685058594,0.010059761814773083,0.019163355231285095,0.9586365818977356,0.01244417391717434,0.02578730881214142,0.8877644538879395,0.01045757532119751,0.01917693018913269,0.9558011293411255,0.01347664650529623,0.028484731912612915,0.9023746848106384,0.012313020415604115,0.02524428255856037,0.8891175985336304,0.013144702650606632,0.027037594467401505,0.8819951415061951
Pseudomyrmex_cf.solis_CASENT0744065_processed.obj,Stage_2_deform_coarse,0.0002014923666138202,0.01631360501050949,0.00790694635361433,0.008406657725572586,0.020641332492232323,0.07251519709825516,0.3059767186641693,0.31343334913253784,0.2988666594028473,0.7625905871391296,0.7923333644866943,0.7350000143051147,0.951725423336029,0.9580333232879639,0.9455000162124634,0.9993665814399719,0.9990666508674622,0.999666690826416,0.807468831539154,0.306633323431015,1.3856825828552246,1.6031866073608398,3.147312879562378,0.5594494938850403,0.36575719714164734,2.8242239952087402,0.6469813585281372,0.0,0.7591309547424316,0.32590171694755554,0.015382506884634495,0.039267219603061676,0.2157202661037445,15.59315299987793,100.19573211669922,0.012638847343623638,0.008133980445563793,0.008967219851911068,0.008282843045890331,0.001826330553740263,0.006232874933630228,0.01215134747326374,0.9931061267852783,0.007842069491744041,0.017405087128281593,0.9691811800003052,0.007490783929824829,0.014497541822493076,0.9779005646705627,0.007231018040329218,0.014433654025197029,0.9815303683280945,0.007867392152547836,0.017201723530888557,0.9724723696708679,0.008088616654276848,0.018171444535255432,0.9549878239631653
Solenopsis_invicta_CASENT0744384_processed.obj,Stage_2_deform_coarse,0.0005379490903578699,0.027077149599790573,0.012641803361475468,0.014435346238315105,0.034195542335510254,0.09840767085552216,0.08662063628435135,0.09009999781847,0.08340000361204147,0.4153406322002411,0.4419333338737488,0.39176666736602783,0.835724413394928,0.884766697883606,0.7918333411216736,0.9911160469055176,0.9902999997138977,0.9919333457946777,0.7438426613807678,0.4421333372592926,1.3012851476669312,1.3595401048660278,2.850955009460449,0.5276504158973694,0.35975518822669983,2.325407028198242,0.6396287679672241,0.0,0.7478113174438477,0.2910906970500946,0.02268115058541298,0.057968754321336746,0.42538437247276306,15.322874069213867,85.79399871826172,0.009023094549775124,0.04477810487151146,0.045699525624513626,0.04532744362950325,-0.0013171844184398651,0.01136192586272955,0.024663841351866722,0.9084641933441162,0.011453913524746895,0.023760374635457993,0.9199631810188293,0.011307276785373688,0.01902506686747074,0.9668508768081665,0.010985931381583214,0.01947415992617607,0.9525066614151001,0.01268345769494772,0.03023936226963997,0.878312349319458,0.0106114586815238,0.02140926755964756,0.9379562139511108
Stigmatomma_FHG02_CASENT0745561_processed.obj,Stage_2_deform_coarse,0.0005781375803053379,0.02561403438448906,0.013036253862082958,0.012577781453728676,0.0328383594751358,0.14816318452358246,0.11470470577478409,0.1174333319067955,0.11209999769926071,0.491604208946228,0.5141333341598511,0.4709666669368744,0.869635820388794,0.8835000395774841,0.8561999797821045,0.9853646755218506,0.9746666550636292,0.9962999820709229,0.7986199855804443,0.400299996137619,1.3346810340881348,1.5496957302093506,2.949354887008667,0.5137621164321899,0.37250563502311707,2.817943572998047,0.6590201258659363,0.0,0.738405704498291,0.3000395894050598,0.025451773777604103,0.06935316324234009,0.284408837556839,14.599162101745605,88.3748779296875,0.009739730507135391,0.034708067774772644,0.03550753742456436,0.03485088795423508,-0.0008791126310825348,0.01007002778351307,0.019105318933725357,0.9590195417404175,0.012175136245787144,0.025083307176828384,0.8735050559043884,0.0097498819231987,0.0183053370565176,0.961326003074646,0.009129242971539497,0.015684835612773895,0.9947230219841003,0.011661361902952194,0.027329370379447937,0.8875739574432373,0.011606933549046516,0.026349656283855438,0.9038929343223572
Strumigenys_alberti_CASENT0878103_processed.obj,Stage_2_deform_coarse,0.0006031236844137311,0.027977686375379562,0.013786589726805687,0.01419109757989645,0.03526495024561882,0.12576504051685333,0.09138442575931549,0.0931333377957344,0.08969999849796295,0.40977683663368225,0.43273332715034485,0.3891333341598511,0.8230510354042053,0.8517000079154968,0.7962666749954224,0.9881789088249207,0.9798666834831238,0.9966333508491516,0.7639349102973938,0.38280001282691956,1.5403289794921875,2.4608421325683594,3.831169366836548,0.5067218542098999,0.43125802278518677,4.51224422454834,0.8072336316108704,0.0,0.7399869561195374,0.29611948132514954,0.026723872870206833,0.07090094685554504,0.30603212118148804,16.126222610473633,102.03325653076172,0.01273657102137804,0.014414782635867596,0.01641504094004631,0.014384307898581028,0.0005636094138026237,0.011851775459945202,0.0234774611890316,0.9084641933441162,0.01562127098441124,0.035865072160959244,0.7718490958213806,0.01018841378390789,0.018517276272177696,0.961326003074646,0.010324619710445404,0.01833142153918743,0.9709762930870056,0.012094669044017792,0.025351984426379204,0.8947774767875671,0.01217500027269125,0.023434791713953018,0.9014598727226257
Strumigenys_canina_OKENT0105288_processed.obj,Stage_2_deform_coarse,0.00036998005816712976,0.02136898785829544,0.010305588133633137,0.01106339879333973,0.025979099795222282,0.14469243586063385,0.155427023768425,0.16130000352859497,0.14996667206287384,0.5992851853370667,0.6399666666984558,0.5634666681289673,0.9145657420158386,0.9349333643913269,0.8950666785240173,0.9951766133308411,0.9926000237464905,0.9977666735649109,0.8122094869613647,0.24906666576862335,1.243709921836853,1.1042587757110596,2.604004144668579,0.5421568751335144,0.3238275647163391,2.014256238937378,0.5713558793067932,0.0,0.7523192763328552,0.324176162481308,0.018642552196979523,0.05030274763703346,0.30002015829086304,13.755193710327148,78.603759765625,0.006938336417078972,0.005881156772375107,0.0065268902108073235,0.006062878295779228,-0.00023829471319913864,0.008511177264153957,0.016300715506076813,0.9770203232765198,0.009472961537539959,0.020621171221137047,0.9466421008110046,0.00820957962423563,0.01465914398431778,0.9944751858711243,0.010074019432067871,0.02054835855960846,0.9472295641899109,0.00962341669946909,0.018442276865243912,0.9616671204566956,0.0086430124938488,0.018338482826948166,0.9549878239631653
Strumigenys_crassicornis_CASENT0744273_processed.obj,Stage_2_deform_coarse,0.0005711934063583612,0.02632957696914673,0.01276913471519947,0.013560441322624683,0.03210079297423363,0.1919655054807663,0.0990159809589386,0.10166666656732559,0.09650000184774399,0.45274031162261963,0.487199991941452,0.42283332347869873,0.8570224046707153,0.8960333466529846,0.8212666511535645,0.9890193343162537,0.9801666736602783,0.998033344745636,0.7885951399803162,0.310699999332428,1.378882646560669,1.9585448503494263,3.0984621047973633,0.5145806670188904,0.381161630153656,3.856844902038574,0.6661310195922852,0.0,0.7504017353057861,0.2922573685646057,0.026028703898191452,0.06677078455686569,0.3316655158996582,14.68326187133789,88.01941680908203,0.00970715656876564,0.008070041425526142,0.0088058365508914,0.00842592678964138,-0.0103948088362813,0.010688794776797295,0.020414263010025024,0.9444657564163208,0.012019935995340347,0.02727057784795761,0.8771848678588867,0.009982912801206112,0.017747757956385612,0.9779005646705627,0.010153927840292454,0.02071266807615757,0.9472295641899109,0.011752852238714695,0.02431664429605007,0.9122716784477234,0.015699299052357674,0.048029109835624695,0.8150851726531982
Strumigenys_sp._appretiata_group_CASENT0744156_processed.obj,Stage_2_deform_coarse,0.0002860444947145879,0.019449124112725258,0.009211143478751183,0.010237980633974075,0.02212183177471161,0.1294485181570053,0.17481645941734314,0.18396666646003723,0.16653333604335785,0.6336408257484436,0.6883333325386047,0.5870000123977661,0.9480807185173035,0.9657999873161316,0.9309999942779541,0.9967445135116577,0.9944000244140625,0.9991000294685364,0.8310112357139587,0.2712000012397766,1.249140739440918,1.1100071668624878,2.461909770965576,0.5738469362258911,0.3103576898574829,2.161886692047119,0.559465229511261,0.0,0.7834270596504211,0.3572067618370056,0.016152095049619675,0.0407366082072258,0.37076234817504883,14.250650405883789,79.69194793701172,0.007329228799790144,0.00795571319758892,0.008745626546442509,0.007999924011528492,0.0025264034047722816,0.008616781793534756,0.0158824622631073,0.9850631952285767,0.007767294533550739,0.013494877144694328,0.9967800974845886,0.009289154782891273,0.020387012511491776,0.941989004611969,0.009226410649716854,0.01642017811536789,0.9868074059486389,0.008836722932755947,0.017168499529361725,0.9652688503265381,0.007761532906442881,0.014420914463698864,0.9805352687835693
Strumigenys_stenorhina_OKENT0105268_processed.obj,Stage_2_deform_coarse,0.00010918868065346032,0.012725692242383957,0.006236042361706495,0.006489650346338749,0.013166300021111965,0.06151992082595825,0.40308329463005066,0.41646668314933777,0.39053332805633545,0.8851291537284851,0.8963000178337097,0.8742333650588989,0.9880499839782715,0.9879000186920166,0.9882000088691711,0.999916672706604,1.0,0.999833345413208,0.8425161838531494,0.2920333445072174,1.172140121459961,1.0411441326141357,2.0849320888519287,0.6277373433113098,0.25787273049354553,1.7190510034561157,0.4714930057525635,0.0,0.7652592062950134,0.35658928751945496,0.00998427253216505,0.023641133680939674,0.29453805088996887,13.863079071044922,79.21553039550781,0.0074269515462219715,0.001136812730692327,0.0018086704658344388,0.001162046450190246,-0.0074196322821080685,0.005442170426249504,0.010224757716059685,0.9988510608673096,0.0057922727428376675,0.010905408300459385,0.9954001307487488,0.005343160126358271,0.009203547611832619,1.0,0.006948043592274189,0.013758435845375061,0.9947230219841003,0.005757858511060476,0.010150340385735035,0.9981991648674011,0.005496661178767681,0.010556095279753208,0.9927006959915161
Syllophopsis_sechellensis_OKENT0105212_processed.obj,Stage_2_deform_coarse,0.00018602624186314642,0.014776676893234253,0.007919407449662685,0.0068572694435715675,0.02136264368891716,0.07442977279424667,0.3742408752441406,0.3724000155925751,0.37610000371932983,0.8313841819763184,0.8224000334739685,0.8405666947364807,0.9643939733505249,0.9453999996185303,0.98416668176651,0.9967913627624512,0.9938666820526123,0.9997333288192749,0.8081506490707397,0.14959999918937683,1.269127607345581,1.235519528388977,2.5761446952819824,0.5972844362258911,0.3091980814933777,2.1700637340545654,0.5477086305618286,0.0,0.801314115524292,0.37063834071159363,0.01354705635458231,0.031900953501462936,0.26103606820106506,13.550159454345703,79.74259948730469,0.007394377142190933,0.05394532158970833,0.05467749387025833,0.05399532988667488,-0.002824068069458008,0.00563445221632719,0.011209510266780853,0.9927231073379517,0.00503707816824317,0.009455963037908077,0.9995399713516235,0.007596285082399845,0.014085765928030014,0.9944751858711243,0.006434859707951546,0.011651407927274704,0.9973615407943726,0.007768985349684954,0.016118712723255157,0.9747877717018127,0.006950481794774532,0.012992776930332184,0.9951338171958923
Temnothorax_congruus_OKENT0105443_processed.obj,Stage_2_deform_coarse,0.0001789664529496804,0.016079477965831757,0.007236529607325792,0.008842948824167252,0.020872054621577263,0.06954710185527802,0.260994553565979,0.2738000154495239,0.24933333694934845,0.764151930809021,0.8209999799728394,0.7146666646003723,0.968056857585907,0.9943333268165588,0.9431333541870117,0.999633252620697,0.9999666810035706,0.9993000030517578,0.8407459259033203,0.24236667156219482,1.2405933141708374,1.154100775718689,2.2919883728027344,0.6519940495491028,0.2729138731956482,2.0100321769714355,0.4891965389251709,0.0,0.8160620927810669,0.4067259728908539,0.009988977573812008,0.022494912147521973,0.2544979453086853,14.043449401855469,78.63837432861328,0.006775464862585068,0.015609685331583023,0.016225460916757584,0.015996014699339867,-0.00235036201775074,0.006534473039209843,0.011849634349346161,0.9988510608673096,0.0067185452207922935,0.01244676299393177,1.0,0.008377017453312874,0.014750448055565357,0.9889503121376038,0.008364769630134106,0.015092435292899609,0.9894459247589111,0.007556735072284937,0.013310794718563557,0.9920247197151184,0.00774369714781642,0.016557568684220314,0.9768856167793274
Temnothorax_sp._OKENT0105336_processed.obj,Stage_2_deform_coarse,0.0004259546403773129,0.023855028674006462,0.01107703149318695,0.012777997180819511,0.03055414743721485,0.09260426461696625,0.1267227977514267,0.1329333335161209,0.12106666713953018,0.5150046944618225,0.5608333349227905,0.47609999775886536,0.8743698596954346,0.9133666753768921,0.8385666608810425,0.9944162964820862,0.9937999844551086,0.995033323764801,0.7502163052558899,0.44156667590141296,1.3295116424560547,1.5978480577468872,2.7611124515533447,0.5434474349021912,0.3502773642539978,2.7609968185424805,0.6191868782043457,0.0,0.7757982015609741,0.3389439880847931,0.017726097255945206,0.04773346334695816,0.2528735101222992,15.100668907165527,87.21590423583984,0.009544284082949162,0.01357773132622242,0.014169211499392986,0.013721098192036152,-0.000294671393930912,0.009074553847312927,0.016779564321041107,0.9770203232765198,0.010371747426688671,0.021807096898555756,0.9356025457382202,0.009548190981149673,0.01942039653658867,0.9558011293411255,0.010724746622145176,0.019368991255760193,0.9577836990356445,0.009138371795415878,0.017664210870862007,0.9652688503265381,0.008271312341094017,0.015268969349563122,0.9914841651916504
Tetramorium_kraepelini_CASENT0744084_processed.obj,Stage_2_deform_coarse,0.00041638361290097237,0.023971522226929665,0.010895234532654285,0.01307628769427538,0.03127007558941841,0.09067798405885696,0.11939651519060135,0.12453333288431168,0.11466667056083679,0.49633750319480896,0.5414000153541565,0.45820000767707825,0.878595232963562,0.9235666990280151,0.8378000259399414,0.9962447881698608,0.9985333681106567,0.9939666986465454,0.7874945402145386,0.3609333336353302,1.2760815620422363,1.1445645093917847,2.6357240676879883,0.5499661564826965,0.3379901647567749,2.174994945526123,0.6023281216621399,0.0,0.7701547741889954,0.33057349920272827,0.019157446920871735,0.04652531445026398,0.39240893721580505,14.658133506774902,79.49398040771484,0.007492100354284048,0.006437834817916155,0.007181572262197733,0.006528280675411224,-0.0012479331344366074,0.009496623650193214,0.018248051404953003,0.967445433139801,0.009788832627236843,0.019283369183540344,0.9549217820167542,0.009437549859285355,0.017013385891914368,0.9779005646705627,0.010816914029419422,0.021042754873633385,0.9419525265693665,0.009933882392942905,0.01978641003370285,0.9516336917877197,0.009662008844316006,0.018993249163031578,0.9586374759674072
Acanthostichus_aff.brevicornis_CASENT0744328_processed.obj,Stage_3_deform_fine,0.0001843326899688691,0.01509726233780384,0.00798427127301693,0.007112991530448198,0.020215000957250595,0.07961229979991913,0.35429927706718445,0.3518333435058594,0.35679998993873596,0.8045031428337097,0.7944000363349915,0.8148666620254517,0.9642206430435181,0.9485666751861572,0.980400025844574,0.9976277351379395,0.9952666759490967,1.0,0.8240107893943787,0.19696666300296783,1.2316938638687134,1.4532921314239502,2.6721198558807373,0.3683364689350128,0.39484041929244995,2.034907341003418,0.7288241386413574,0.0,0.6587755084037781,0.1732245832681656,0.016358956694602966,0.04207949340343475,0.280530720949173,12.187590599060059,62.57249069213867,0.003908921964466572,0.01168712880462408,0.012050571851432323,0.011712512001395226,0.0018410151824355125,0.006539786700159311,0.013625778257846832,0.9885101914405823,0.0055255950428545475,0.010756793431937695,0.9995399713516235,0.008658195845782757,0.015556944534182549,0.9972376227378845,0.006413315888494253,0.012687948532402515,1.0,0.00859751459211111,0.020756054669618607,0.945459246635437,0.006689900998026133,0.011955012567341328,1.0
Acromyrmex_coronatus_CASENT0744365_processed.obj,Stage_3_deform_fine,0.00024197470338549465,0.016726519912481308,0.008830981329083443,0.007895538583397865,0.02279331535100937,0.09345686435699463,0.28317371010780334,0.2848333418369293,0.2815333306789398,0.7744683623313904,0.7853333353996277,0.7638999819755554,0.9556890726089478,0.9416999816894531,0.9700999855995178,0.9939658045768738,0.9881666898727417,0.999833345413208,0.8225507736206055,0.1446666717529297,1.157874584197998,1.4791593551635742,2.2196340560913086,0.4073619544506073,0.3433275818824768,1.5953744649887085,0.619414210319519,0.0,0.7008614540100098,0.1786840260028839,0.018688591197133064,0.0493340827524662,0.23080028593540192,13.083488464355469,63.7326774597168,0.003290009219199419,0.052352424710989,0.052661631256341934,0.05416440591216087,0.0028271861374378204,0.006811419036239386,0.012792207300662994,0.9942551255226135,0.006524274591356516,0.01170976459980011,0.9954001307487488,0.008214163593947887,0.011827917769551277,1.0,0.008873912505805492,0.01825857162475586,0.9683377742767334,0.007772830314934254,0.015797795727849007,0.9801903963088989,0.00788075104355812,0.014405839145183563,0.9781022071838379
Acromyrmex_lobicornis_CASENT0878007_processed.obj,Stage_3_deform_fine,0.00033476785756647587,0.021478282287716866,0.010553717613220215,0.01092456467449665,0.02431066520512104,0.08905719220638275,0.14432714879512787,0.14616666734218597,0.1425333321094513,0.5722337365150452,0.5982333421707153,0.5483999848365784,0.9155018329620361,0.9273000359535217,0.9039999842643738,0.9960892796516418,0.9928333163261414,0.9993667006492615,0.8064038753509521,0.29953333735466003,1.3424915075302124,1.5371569395065308,3.2668960094451904,0.37607598304748535,0.4445025622844696,2.545132875442505,0.8007742762565613,0.0,0.6742172837257385,0.1775205284357071,0.024843348190188408,0.06629911810159683,0.26769667863845825,13.731466293334961,72.11724853515625,0.006026254501193762,0.01870979182422161,0.01899321749806404,0.01888115517795086,-3.8485974073410034e-05,0.008546018972992897,0.01589742861688137,0.9816162586212158,0.012577082961797714,0.02617925964295864,0.8739650249481201,0.009685667231678963,0.02045498974621296,0.941989004611969,0.009204273112118244,0.016275692731142044,0.9815303683280945,0.011484487913548946,0.02409322001039982,0.917417049407959,0.01047476101666689,0.021944912150502205,0.9245741963386536
Anochetus_risii_CASENT0877608_processed.obj,Stage_3_deform_fine,0.00010570252197794616,0.012630563229322433,0.006191300693899393,0.006439263001084328,0.01295340433716774,0.05347203463315964,0.39831244945526123,0.40863335132598877,0.38850000500679016,0.8886999487876892,0.9083666801452637,0.869866669178009,0.9911636114120483,0.9894333481788635,0.992900013923645,0.9999000430107117,0.9998000264167786,1.0,0.8827918171882629,0.05220000073313713,1.0793042182922363,0.6448515057563782,1.795676350593567,0.47690993547439575,0.27918317914009094,1.2269954681396484,0.49623745679855347,0.0,0.7301767468452454,0.19329485297203064,0.013114098459482193,0.034868936985731125,0.27374178171157837,12.128946304321289,57.475135803222656,0.0026385223027318716,0.0051504517905414104,0.0054850708693265915,0.00519656902179122,-0.004568575415760279,0.005413182079792023,0.010317891836166382,1.0,0.0055422792211174965,0.009894945658743382,0.9995399713516235,0.007756676059216261,0.012195720337331295,1.0,0.006729215383529663,0.013492174446582794,0.9973615407943726,0.006416996009647846,0.01159532181918621,0.9953691959381104,0.006435011513531208,0.0099985646083951,0.9902676343917847
Anochetus_risii_CASENT0877609_processed.obj,Stage_3_deform_fine,0.0004945974797010422,0.02532757632434368,0.012873637489974499,0.012453938834369183,0.03387603908777237,0.183316171169281,0.10925019532442093,0.11163333803415298,0.10696666687726974,0.46755748987197876,0.4914666712284088,0.4458666741847992,0.8662267327308655,0.8686333298683167,0.8638333678245544,0.9915486574172974,0.9844666719436646,0.9987333416938782,0.7660730481147766,0.3605000078678131,1.3404991626739502,2.2122862339019775,3.250251293182373,0.3361646831035614,0.47555020451545715,3.071460008621216,0.8935642242431641,0.0,0.6254438757896423,0.13441425561904907,0.028101738542318344,0.07738381624221802,0.4326569437980652,14.105317115783691,77.48893737792969,0.006873187609016895,0.02799723483622074,0.02834353595972061,0.028407244011759758,-0.0018582027405500412,0.010991757735610008,0.02182791382074356,0.930294930934906,0.013296286575496197,0.027834605425596237,0.822907030582428,0.010015632957220078,0.017357992008328438,0.9668508768081665,0.009428603574633598,0.01680944114923477,0.9920845031738281,0.012828322127461433,0.02687966078519821,0.8919475078582764,0.009880107827484608,0.016364645212888718,0.9817517995834351
Aphaenogaster_pallida_CASENT0745235_processed.obj,Stage_3_deform_fine,0.00015033553063403815,0.013413183391094208,0.006709202192723751,0.006703981198370457,0.01392317283898592,0.14083389937877655,0.37721025943756104,0.38253334164619446,0.37203332781791687,0.8666673898696899,0.887233316898346,0.8470333218574524,0.9886623024940491,0.9865999817848206,0.9907333254814148,0.9981298446655273,0.9962666630744934,1.0,0.911372184753418,0.03413333371281624,1.0714497566223145,0.7210841774940491,1.7523280382156372,0.48222383856773376,0.2717127501964569,1.1691458225250244,0.47380244731903076,0.0,0.7717769742012024,0.24428024888038635,0.011448666453361511,0.029242439195513725,0.32339975237846375,11.925042152404785,60.77553939819336,0.003648327197879553,0.0037961022462695837,0.004138810094445944,0.0038003434892743826,-0.0035207115579396486,0.0059956274926662445,0.011261427775025368,0.9977020621299744,0.005570538807660341,0.010462804697453976,0.9990800023078918,0.008496173657476902,0.012677532620728016,1.0,0.007465521339327097,0.015465214848518372,0.9868074059486389,0.007161126937717199,0.013249315321445465,0.9961410164833069,0.008373870514333248,0.01246928796172142,0.989051103591919
Atopomyrmex_mocquerysi_CASENT0744784_processed.obj,Stage_3_deform_fine,9.768984455149621e-05,0.01149405911564827,0.005778548773378134,0.005715510342270136,0.013080507516860962,0.053870733827352524,0.5178379416465759,0.5227333307266235,0.5130333304405212,0.9029633402824402,0.9072333574295044,0.8987333178520203,0.9872037768363953,0.9818333387374878,0.9926333427429199,0.9998499751091003,0.9997000098228455,1.0,0.8438102602958679,0.07909999787807465,1.1832811832427979,1.062606692314148,2.5160152912139893,0.417245477437973,0.3561905324459076,1.6604057550430298,0.6263002157211304,0.0,0.7075690031051636,0.20263805985450745,0.012541507370769978,0.030849432572722435,0.23137889802455902,11.912625312805176,61.8137321472168,0.003387732431292534,0.023668965324759483,0.02387668937444687,0.0239523034542799,0.000275343656539917,0.004717452917248011,0.00898935180157423,1.0,0.004488043021410704,0.008999464102089405,0.9995399713516235,0.006213956978172064,0.011607669293880463,0.991712749004364,0.006591676268726587,0.014228662475943565,0.9736148118972778,0.006429758854210377,0.013587888330221176,0.9881656765937805,0.005996050778776407,0.011228025890886784,0.9878345131874084
Carebara_trechideros_CASENT0877591_processed.obj,Stage_3_deform_fine,0.0001839914039010182,0.014129173010587692,0.007625280413776636,0.0065038930624723434,0.020151134580373764,0.09222029894590378,0.41811656951904297,0.41833335161209106,0.4178999960422516,0.8441652655601501,0.8342999815940857,0.8542667031288147,0.9680513143539429,0.9492000341415405,0.987666666507721,0.9953286051750183,0.9907333254814148,0.9999666810035706,0.7996488213539124,0.15139999985694885,1.2296773195266724,1.5029574632644653,2.634495258331299,0.37389451265335083,0.3876950740814209,1.9894847869873047,0.7156636714935303,0.0,0.6646535396575928,0.16986308991909027,0.01661314070224762,0.043689657002687454,0.41187795996665955,12.15648078918457,65.0887222290039,0.0041369423270225525,0.01873999647796154,0.019029993563890457,0.019211571663618088,3.788061439990997e-05,0.005670054350048304,0.012460602447390556,0.9865952134132385,0.004831418395042419,0.009149952791631222,1.0,0.006092968862503767,0.009670413099229336,1.0,0.005566162522882223,0.010256003588438034,1.0,0.007151057943701744,0.01628892496228218,0.9724723696708679,0.006884416099637747,0.01465644035488367,0.9732360243797302
Centromyrmex_brachycola_CASENT0744052_processed.obj,Stage_3_deform_fine,0.00016361626330763102,0.015313462354242802,0.007304983213543892,0.00800847914069891,0.017765874043107033,0.09253814816474915,0.2880709767341614,0.2954333424568176,0.2810666561126709,0.7936171293258667,0.8268333673477173,0.7629666924476624,0.9746106863021851,0.9830999970436096,0.9662666916847229,0.9992330074310303,0.9986667037010193,0.9998000264167786,0.8773010969161987,0.16770000755786896,1.1910088062286377,1.296044945716858,2.2860629558563232,0.40089380741119385,0.3494807779788971,1.8160068988800049,0.6303178668022156,0.0,0.7238897085189819,0.21127694845199585,0.014451690018177032,0.03631461411714554,0.2517739236354828,12.25943374633789,62.86344528198242,0.0038111989852041006,0.0074910311959683895,0.007719556801021099,0.007518917787820101,-0.002601111773401499,0.006536062341183424,0.01180151104927063,0.9992340207099915,0.006433503702282906,0.011775098741054535,1.0,0.009157377295196056,0.015212726779282093,0.9779005646705627,0.0073719569481909275,0.012443842366337776,0.9947230219841003,0.00781368650496006,0.013973990455269814,0.9927965402603149,0.008558619767427444,0.017770890146493912,0.9659367203712463
Cephalotes_minutus_CASENT0709253_processed.obj,Stage_3_deform_fine,0.00012647616676986217,0.013891325332224369,0.006591634824872017,0.007299690507352352,0.015119138173758984,0.05433716997504234,0.329593300819397,0.3377000093460083,0.3218666613101959,0.8397877812385559,0.875,0.8073000311851501,0.987663209438324,0.9937333464622498,0.9816666841506958,0.9999499917030334,1.0,0.9998999834060669,0.8897502422332764,0.10753333568572998,1.0865919589996338,0.733157753944397,1.910750150680542,0.38339877128601074,0.33708545565605164,1.3256580829620361,0.6236518621444702,0.0,0.7356342673301697,0.23651421070098877,0.012668006122112274,0.027148962020874023,0.2820320129394531,11.959853172302246,60.733863830566406,0.0028991170693188906,0.022870853543281555,0.02308574505150318,0.02297629974782467,-0.0012216903269290924,0.006168445106595755,0.011259131133556366,1.0,0.006261472590267658,0.011130516417324543,0.9995399713516235,0.0061600119806826115,0.010584722273051739,1.0,0.007421307731419802,0.013776048086583614,0.9973615407943726,0.007542421109974384,0.014249325729906559,0.9879084229469299,0.006535672582685947,0.011313261464238167,0.9975668787956238
Cephalotes_simillimus_CASENT0744408_processed.obj,Stage_3_deform_fine,0.0003531733818817884,0.021977946162223816,0.010553652420639992,0.01142429281026125,0.025945454835891724,0.11239413172006607,0.13901880383491516,0.14113333821296692,0.13696667551994324,0.5554100275039673,0.5851666927337646,0.5285333395004272,0.9062979221343994,0.9302666783332825,0.8835333585739136,0.9966467618942261,0.9948333501815796,0.9984666705131531,0.8263311386108398,0.3629666566848755,1.2147396802902222,1.775744915008545,2.517519950866699,0.3508748710155487,0.4103984534740448,2.597839117050171,0.7668611407279968,0.0,0.6766727566719055,0.17233598232269287,0.022012341767549515,0.05556528642773628,0.38557836413383484,12.9487886428833,66.55094909667969,0.004886152222752571,0.022464457899332047,0.022700080648064613,0.02246966026723385,0.00016805343329906464,0.00911223329603672,0.01725872792303562,0.9774033427238464,0.008318738080561161,0.014535575173795223,0.9967800974845886,0.006629911717027426,0.010599223896861076,1.0,0.010012186132371426,0.016974207013845444,0.9841688871383667,0.00931461900472641,0.01683492586016655,0.9796758890151978,0.009476970881223679,0.01765848882496357,0.9793187379837036
Cephalotes_spinosus_CASENT0744158_processed.obj,Stage_3_deform_fine,0.0001722988672554493,0.015664568170905113,0.007388891652226448,0.008275676518678665,0.018715035170316696,0.06331437826156616,0.28946903347969055,0.29723334312438965,0.28209999203681946,0.7716221213340759,0.8167333602905273,0.7312333583831787,0.9712827801704407,0.9812666773796082,0.9614999890327454,0.9993831515312195,0.9989333152770996,0.999833345413208,0.8656525611877441,0.10783333331346512,1.103651523590088,0.7866840362548828,2.036095380783081,0.3761643171310425,0.3503734767436981,1.3505702018737793,0.6456937789916992,0.0,0.7029799818992615,0.1970369964838028,0.015239444561302662,0.03659709170460701,0.2602727711200714,12.523298263549805,60.84254455566406,0.003127137664705515,0.011984918266534805,0.012781929224729538,0.012011115439236164,-0.003338024951517582,0.006657315883785486,0.012479422613978386,0.9927231073379517,0.006802158895879984,0.012538183480501175,0.9921802878379822,0.0058264280669391155,0.009607387706637383,1.0,0.0074164303950965405,0.013244381174445152,0.9920845031738281,0.007848938927054405,0.014491142705082893,0.9866220951080322,0.00823763757944107,0.01425774022936821,0.9866179823875427
Crematogaster_nawai_OKENT0105046_processed.obj,Stage_3_deform_fine,0.0002625295310281217,0.01878381334245205,0.009131239727139473,0.009652573615312576,0.020950153470039368,0.09818744659423828,0.1880471557378769,0.19519999623298645,0.18140000104904175,0.674001932144165,0.7046999931335449,0.6458666920661926,0.9488200545310974,0.9566333293914795,0.9411333203315735,0.9966638684272766,0.9950000047683716,0.9983333349227905,0.8073456883430481,0.33603334426879883,1.1044996976852417,0.834626317024231,1.9633616209030151,0.4406571686267853,0.32245591282844543,1.3424228429794312,0.5915048122406006,0.0,0.6988354921340942,0.19487333297729492,0.01664733700454235,0.03941195085644722,0.32781994342803955,12.950847625732422,60.99028015136719,0.003387732431292534,0.014891976490616798,0.015244027599692345,0.014949621632695198,-0.012854402884840965,0.007612111512571573,0.013466032221913338,0.9969360828399658,0.007696500048041344,0.014292304404079914,0.9967800974845886,0.00945662148296833,0.015734247863292694,0.9889503121376038,0.008424155414104462,0.01685643009841442,0.9788918495178223,0.007536381017416716,0.0139697827398777,0.9855930209159851,0.006571559701114893,0.011264579370617867,0.9987834692001343
Cryptopone_sauteri_CASENT0743771_processed.obj,Stage_3_deform_fine,0.00027556411805562675,0.019574902951717377,0.009394687600433826,0.010180216282606125,0.023284893482923508,0.08055081963539124,0.1806918829679489,0.18556666374206543,0.17606666684150696,0.6373807191848755,0.675166666507721,0.603600025177002,0.932796835899353,0.9489333629608154,0.9172000288963318,0.9979475736618042,0.996399998664856,0.999500036239624,0.8249735832214355,0.40773335099220276,1.1933120489120483,1.296618103981018,2.5790657997131348,0.3722999393939972,0.3986372947692871,2.153933525085449,0.7481468319892883,0.0,0.674626886844635,0.18267618119716644,0.019668255001306534,0.051078230142593384,0.29099541902542114,13.375391006469727,68.00543975830078,0.006123977713286877,0.02859020046889782,0.028791280463337898,0.028418172150850296,6.845779716968536e-05,0.007748659700155258,0.013783889822661877,0.9911911487579346,0.008793702349066734,0.018955765292048454,0.960441529750824,0.009093214757740498,0.015601446852087975,0.9861878752708435,0.009362754411995411,0.018589643761515617,0.9683377742767334,0.008386779576539993,0.017170824110507965,0.9660406708717346,0.008086640387773514,0.013588130474090576,1.0
Cyphoidris_afrc-tz01_CASENT0744810_processed.obj,Stage_3_deform_fine,0.000816530897282064,0.033659689128398895,0.01623114012181759,0.017428549006581306,0.039547115564346313,0.1097952127456665,0.04902752861380577,0.04956666752696037,0.048500001430511475,0.27317801117897034,0.28760001063346863,0.2601333260536194,0.7318035960197449,0.7780666947364807,0.6907333135604858,0.9804978370666504,0.9733999967575073,0.9876999855041504,0.771270215511322,0.40346667170524597,1.4509190320968628,3.2410736083984375,3.8856053352355957,0.35200241208076477,0.4930882453918457,6.226928234100342,0.9226508736610413,0.0,0.6142667531967163,0.1495802402496338,0.03107835352420807,0.08898216485977173,0.42128854990005493,14.384649276733398,83.97086334228516,0.008599628694355488,0.026839692145586014,0.027388203889131546,0.02702619880437851,-0.0008487440645694733,0.015223369002342224,0.03181542083621025,0.7931827306747437,0.015513843856751919,0.03134708106517792,0.7847285866737366,0.013457134366035461,0.02706148475408554,0.8674033284187317,0.013831627555191517,0.028894539922475815,0.8496042490005493,0.014898201450705528,0.029767164960503578,0.7949575781822205,0.013661783188581467,0.026837220415472984,0.8661800622940063
Cyphomyrmex_cf.minutus_CASENT0744280_processed.obj,Stage_3_deform_fine,0.0008508366299793124,0.03483879938721657,0.016448458656668663,0.018390340730547905,0.04086305946111679,0.11398487538099289,0.04256892576813698,0.04336666688323021,0.04179999977350235,0.24027149379253387,0.2552333474159241,0.22696666419506073,0.7065074443817139,0.7665333151817322,0.6552000045776367,0.9816292524337769,0.9796333312988281,0.9836333394050598,0.77530837059021,0.45213332772254944,1.5792335271835327,3.117630958557129,4.255986213684082,0.4049108922481537,0.4675574004650116,6.509314060211182,0.8875659108161926,0.0,0.6525344848632812,0.1499660611152649,0.02997535839676857,0.0945991650223732,0.44206786155700684,13.880088806152344,82.39859008789062,0.008339033462107182,0.01771046780049801,0.018032243475317955,0.017969442531466484,0.0003909040242433548,0.015797391533851624,0.03281714767217636,0.7621601223945618,0.01533510908484459,0.028710002079606056,0.7778288722038269,0.018097499385476112,0.04396885260939598,0.7182320952415466,0.015106594190001488,0.02922765351831913,0.8126649260520935,0.015307368710637093,0.02825787290930748,0.8055055737495422,0.016837533563375473,0.03713175654411316,0.7469586133956909
Dilobocondyla_fouqueti_CASENT0745576_processed.obj,Stage_3_deform_fine,0.00019785441691055894,0.01623457670211792,0.00803864374756813,0.008195932023227215,0.01790683902800083,0.0821312889456749,0.2717394232749939,0.2773333489894867,0.2663666605949402,0.7676457762718201,0.7959333658218384,0.7412999868392944,0.9649986624717712,0.963866651058197,0.9661333560943604,0.9977622628211975,0.9956666827201843,0.9998666644096375,0.85126131772995,0.09546666592359543,1.1239575147628784,0.968222975730896,2.00236177444458,0.41195932030677795,0.32062625885009766,1.4609835147857666,0.5906038284301758,0.0,0.7152124047279358,0.1823645681142807,0.014635133557021618,0.03839944303035736,0.27490460872650146,12.218823432922363,60.60078811645508,0.0025407993234694004,0.02407444454729557,0.02445250377058983,0.024198314175009727,-0.0007585510611534119,0.006557975895702839,0.012171847745776176,0.9973190426826477,0.0063004083931446075,0.011691507883369923,1.0,0.00770911667495966,0.013478733599185944,1.0,0.007408076897263527,0.013988709077239037,0.9973615407943726,0.007630682084709406,0.014269701205193996,0.9879084229469299,0.008638869039714336,0.018311437219381332,0.9720194339752197
Dorylus_fulvus_CASENT0745678_processed.obj,Stage_3_deform_fine,0.0001247114414582029,0.013239501975476742,0.006499339826405048,0.006740162149071693,0.014837249182164669,0.05171002075076103,0.39191412925720215,0.39570000767707825,0.3882000148296356,0.8700011968612671,0.8849666714668274,0.8555333614349365,0.982412576675415,0.9844333529472351,0.980400025844574,0.999916672706604,0.9998666644096375,0.9999666810035706,0.86101895570755,0.15516667068004608,1.1618130207061768,1.0484375953674316,2.19687557220459,0.43028998374938965,0.3318607807159424,1.663172721862793,0.6005516648292542,0.0,0.7280089259147644,0.21273308992385864,0.01304503995925188,0.031822897493839264,0.28869324922561646,11.69770336151123,58.54325485229492,0.0026059478987008333,0.002744741039350629,0.0032024807296693325,0.0027661595959216356,-0.01023939810693264,0.005690028425306082,0.010704546235501766,0.9988510608673096,0.005408162251114845,0.010451489128172398,0.9995399713516235,0.006900331936776638,0.012961597181856632,0.991712749004364,0.006121528334915638,0.010522530414164066,1.0,0.006958807818591595,0.012845014221966267,0.9912528991699219,0.00697980634868145,0.014187506400048733,0.9866179823875427
Eciton_hamatum_CASENT0744580_processed.obj,Stage_3_deform_fine,0.00015814942889846861,0.014265000820159912,0.0075376760214567184,0.006727324333041906,0.020761901512742043,0.06078232824802399,0.39838892221450806,0.4040333330631256,0.3928999900817871,0.8235601782798767,0.814300000667572,0.8330333232879639,0.9670162796974182,0.9458667039871216,0.989133358001709,0.9995664954185486,0.9991333484649658,1.0,0.7317557334899902,0.172200009226799,1.18170964717865,1.0842796564102173,2.509831428527832,0.37646546959877014,0.39332452416419983,1.6078755855560303,0.7080318331718445,0.0,0.6501829624176025,0.18460455536842346,0.016413290053606033,0.04066762328147888,0.2930660843849182,13.233660697937012,63.48119354248047,0.0043975370936095715,0.02023288793861866,0.020760292187333107,0.020052392035722733,0.0012436918914318085,0.006007792428135872,0.01319031696766615,0.9942551255226135,0.004918033257126808,0.009541880339384079,1.0,0.006881979759782553,0.01380742248147726,0.972375750541687,0.00624065101146698,0.012760269455611706,0.9788918495178223,0.006320582237094641,0.01273105014115572,0.9871366024017334,0.0064222970977425575,0.011058514006435871,1.0
Ectatomma_brunneum_CASENT0744575_processed.obj,Stage_3_deform_fine,0.0005235348362475634,0.025534115731716156,0.013061870820820332,0.012472245842218399,0.032075997442007065,0.14604052901268005,0.09867989271879196,0.0992666706442833,0.09809999912977219,0.45644962787628174,0.4733666777610779,0.4406999945640564,0.8784315586090088,0.8901333212852478,0.8670333623886108,0.9874760508537292,0.9765333533287048,0.9986667037010193,0.7934595346450806,0.3395666778087616,1.269694209098816,1.6955066919326782,2.917693614959717,0.3514021933078766,0.42310217022895813,3.437501907348633,0.7797636985778809,0.0,0.6827093958854675,0.1608651578426361,0.027563108131289482,0.08260144293308258,0.45019906759262085,13.249979972839355,71.18624877929688,0.006417146883904934,0.010652494616806507,0.011016608215868473,0.010772044770419598,0.0013920329511165619,0.011243904009461403,0.02230764552950859,0.9245499968528748,0.010467917658388615,0.020624184980988503,0.9425022602081299,0.01416089478880167,0.036689549684524536,0.8535912036895752,0.011316423304378986,0.02049279399216175,0.9445910453796387,0.01220947690308094,0.024012602865695953,0.9084126949310303,0.011743944138288498,0.02284022979438305,0.9355230927467346
Eurhopalothrix_procera_CASENT0745605_processed.obj,Stage_3_deform_fine,0.00034570920979604125,0.021645721048116684,0.010741082020103931,0.010904639028012753,0.025866718962788582,0.08847855031490326,0.1550815999507904,0.15796667337417603,0.15230000019073486,0.5656558275222778,0.5906000137329102,0.5427333116531372,0.9140903353691101,0.9215333461761475,0.9067666530609131,0.9953826069831848,0.9912333488464355,0.9995666742324829,0.8022117018699646,0.21649999916553497,1.239617943763733,1.3464932441711426,2.6851840019226074,0.39186474680900574,0.3939535319805145,2.9235730171203613,0.7233263850212097,0.0,0.6923974752426147,0.17457431554794312,0.0215199775993824,0.05838659778237343,0.26430508494377136,13.485138893127441,65.10436248779297,0.004462685901671648,0.010212530381977558,0.010679698549211025,0.01028650812804699,-0.011452731676399708,0.009300448931753635,0.017588241025805473,0.9731903672218323,0.008303237147629261,0.014952583238482475,0.9912603497505188,0.009365859441459179,0.01684408448636532,0.9751381874084473,0.009723891504108906,0.015904443338513374,0.9894459247589111,0.01005076989531517,0.01844359189271927,0.9632107019424438,0.009601816534996033,0.01626073569059372,0.9841849207878113
Heteroponera_panamensis_CASENT0744055_processed.obj,Stage_3_deform_fine,0.0006245673866942525,0.028767548501491547,0.01398672815412283,0.014780819416046143,0.03326220065355301,0.11923474073410034,0.07193996012210846,0.07280000299215317,0.07110000401735306,0.3674429953098297,0.39223334193229675,0.3456000089645386,0.8241425156593323,0.8637999892234802,0.7879666686058044,0.9853487610816956,0.977233350276947,0.9936000108718872,0.8256329298019409,0.36123332381248474,1.3189538717269897,1.7440465688705444,3.1769158840179443,0.3500934839248657,0.4493057131767273,3.1278414726257324,0.8496752977371216,0.0,0.6607407927513123,0.14156317710876465,0.030787749215960503,0.08685783296823502,0.3776858448982239,13.811554908752441,79.67681884765625,0.007720120716840029,0.006751247216016054,0.007085106335580349,0.0067372131161391735,-0.007783376146107912,0.01203782856464386,0.023174213245511055,0.9172731041908264,0.01173718273639679,0.022083405405282974,0.9250229597091675,0.011741289868950844,0.020818360149860382,0.9447514414787292,0.014218077063560486,0.029218586161732674,0.8311346173286438,0.012339198030531406,0.023117713630199432,0.8922048211097717,0.012378329411149025,0.027073610574007034,0.9172749519348145
Labidus_praedator_CASENT0744236_processed.obj,Stage_3_deform_fine,0.0007252002833411098,0.024287546053528786,0.01599610038101673,0.008291445672512054,0.05283036828041077,0.15549258887767792,0.23214559257030487,0.21719999611377716,0.2493000030517578,0.6237024068832397,0.5500666499137878,0.7200999855995178,0.8597216606140137,0.7688000202178955,0.9750333428382874,0.9715284705162048,0.9446333646774292,1.0,0.625161349773407,0.40176665782928467,1.1953260898590088,1.6183006763458252,2.655912160873413,0.3256377875804901,0.4446825087070465,1.7493174076080322,0.8269689083099365,0.0,0.5373135805130005,0.11680847406387329,0.02568799816071987,0.06597840785980225,0.7576151490211487,13.639995574951172,64.78608703613281,0.004202091135084629,0.031443607062101364,0.03177601844072342,0.03170861676335335,0.0020999275147914886,0.008199003525078297,0.025267932564020157,0.9237840175628662,0.013626505620777607,0.030673922970891,0.7746089696884155,0.007644180674105883,0.01650669053196907,0.9834254384040833,0.005895212292671204,0.010659568943083286,1.0,0.007586139719933271,0.016201965510845184,0.9765886664390564,0.008410902693867683,0.0238505732268095,0.930656909942627
Labidus_praedator_CASENT0744237_processed.obj,Stage_3_deform_fine,0.00022358108253683895,0.015886178240180016,0.007993442006409168,0.007892736233770847,0.016939081251621246,0.13245126605033875,0.2770920991897583,0.28386667370796204,0.270633339881897,0.799913227558136,0.8285000324249268,0.7732333540916443,0.9727497696876526,0.9722333550453186,0.9732666611671448,0.9954814910888672,0.9912000298500061,0.9998000264167786,0.8679426312446594,0.11460000276565552,1.1748021841049194,1.2150580883026123,2.1320557594299316,0.4898822605609894,0.3018045425415039,1.710159182548523,0.5395821928977966,0.0,0.7503452897071838,0.19911594688892365,0.013793257996439934,0.03409561514854431,0.25702953338623047,12.17875862121582,58.46621322631836,0.0026385223027318716,0.007948719896376133,0.008342517539858818,0.008128834888339043,-0.003485969267785549,0.006158933974802494,0.011394250206649303,1.0,0.0061885337345302105,0.011624513193964958,1.0,0.009383131749927998,0.014222774654626846,0.9944751858711243,0.007943072356283665,0.013784830458462238,1.0,0.007143564522266388,0.01316243875771761,0.9953691959381104,0.007800393272191286,0.011860011145472527,0.9841849207878113
Lasius_nr._fuliginosus_CASENT0878037_processed.obj,Stage_3_deform_fine,0.00011225915659451857,0.012874243780970573,0.0061405859887599945,0.006733657792210579,0.014353401027619839,0.07552539557218552,0.3994503915309906,0.41003334522247314,0.38940000534057617,0.8693109154701233,0.9043333530426025,0.836899995803833,0.9893751740455627,0.9922333359718323,0.9865333437919617,0.9998833537101746,1.0,0.9997667074203491,0.8914300799369812,0.07440000027418137,1.0727977752685547,0.6300362944602966,1.7822597026824951,0.48158395290374756,0.2717546820640564,1.1765183210372925,0.49798664450645447,0.0,0.7407661080360413,0.22235319018363953,0.011111918836832047,0.026880187913775444,0.2644940912723541,11.993500709533691,57.759483337402344,0.002736245281994343,0.01308146771043539,0.013414348475635052,0.013063188642263412,-0.0071474602445960045,0.005522830877453089,0.010189730674028397,0.9988510608673096,0.005190491676330566,0.00971712451428175,1.0,0.008345578797161579,0.012208336964249611,1.0,0.006087174639105797,0.010375116020441055,1.0,0.006824101321399212,0.012232720851898193,0.9963982701301575,0.006961555685847998,0.010582927614450455,0.9975668787956238
Lioponera_daikoku_OKENT0105067_processed.obj,Stage_3_deform_fine,0.0004482170916162431,0.024641849100589752,0.011873356066644192,0.012768492102622986,0.028126690536737442,0.18946057558059692,0.09921425580978394,0.101133331656456,0.09736666828393936,0.4624636471271515,0.49150002002716064,0.43666666746139526,0.8833489418029785,0.9178666472434998,0.8513333201408386,0.9938141703605652,0.989466667175293,0.998199999332428,0.8486752510070801,0.41963332891464233,1.293380856513977,2.010995864868164,3.0981333255767822,0.3467293083667755,0.44576922059059143,2.986212730407715,0.8584508895874023,0.0,0.6477388739585876,0.1509748250246048,0.028348902240395546,0.0821145549416542,0.35824140906333923,13.543695449829102,76.12870025634766,0.007394377142190933,0.07131677120923996,0.07169560343027115,0.07093355059623718,-0.011828519403934479,0.012056387960910797,0.026066720485687256,0.8912294507026672,0.01149776577949524,0.025274336338043213,0.9020239114761353,0.010799244046211243,0.020764492452144623,0.941989004611969,0.010338159278035164,0.018527448177337646,0.9709762930870056,0.012412551790475845,0.02894667349755764,0.8950347304344177,0.01245429739356041,0.02860768511891365,0.8807786107063293
Mayriella_sp._CASENT0745610_processed.obj,Stage_3_deform_fine,0.0005552067887037992,0.027638841420412064,0.013411525636911392,0.014227314852178097,0.03150969371199608,0.11194296181201935,0.08142483234405518,0.08366666734218597,0.07930000126361847,0.38897863030433655,0.41663333773612976,0.3647666573524475,0.8317409753799438,0.868066668510437,0.7983333468437195,0.9912970066070557,0.9853333234786987,0.9973333477973938,0.7708761692047119,0.39970001578330994,1.2894606590270996,1.8622583150863647,2.9475371837615967,0.3434046804904938,0.4464593231678009,3.0487332344055176,0.8251745700836182,0.0,0.6615093946456909,0.16063110530376434,0.02545769326388836,0.0687432587146759,0.3664645254611969,13.905109405517578,74.99156188964844,0.006873187609016895,0.03876018896698952,0.03961385041475296,0.03849531710147858,0.006354782730340958,0.011486614122986794,0.020688895136117935,0.9402527809143066,0.01102194283157587,0.021172024309635162,0.933302640914917,0.015547651797533035,0.04418269172310829,0.7928177118301392,0.011431821621954441,0.02319524809718132,0.9182058572769165,0.010736025869846344,0.018796592950820923,0.961409866809845,0.011469214223325253,0.026019196957349777,0.9026764035224915
Mesoponera_ambigua_CASENT0745584_processed.obj,Stage_3_deform_fine,0.0004637018428184092,0.023750340566039085,0.011917831376194954,0.011832509189844131,0.027936875820159912,0.18344706296920776,0.11955317109823227,0.12196666747331619,0.11723333597183228,0.5114881992340088,0.5396333336830139,0.486133337020874,0.8967804312705994,0.9125999808311462,0.8815000057220459,0.9912506341934204,0.9843000173568726,0.9983000159263611,0.8234278559684753,0.3307666778564453,1.2860617637634277,1.5006543397903442,3.015767812728882,0.3973330557346344,0.40337270498275757,2.731316566467285,0.7464374899864197,0.0,0.6798673868179321,0.15511631965637207,0.02598315291106701,0.07393211871385574,0.4263831675052643,13.189107894897461,75.19383239746094,0.007231505587697029,0.051392730325460434,0.05173376202583313,0.05115943029522896,-0.001926921308040619,0.009377874433994293,0.01703639142215252,0.9785522818565369,0.009577186778187752,0.020081011578440666,0.9475620985031128,0.011096213012933731,0.02266395464539528,0.941989004611969,0.011865022592246532,0.025536073371767998,0.9076517820358276,0.011164836585521698,0.023125341162085533,0.9323385953903198,0.010856262408196926,0.02300312928855419,0.9087591171264648
Myrmecina_ryukyuensis_OKENT0105085_processed.obj,Stage_3_deform_fine,0.00023455717018805444,0.015977125614881516,0.007802487351000309,0.008174637332558632,0.016986379399895668,0.25307774543762207,0.2763088047504425,0.2822999954223633,0.2705666720867157,0.7898792624473572,0.807366669178009,0.7731333374977112,0.9732162952423096,0.9738667011260986,0.9725666642189026,0.9961991906166077,0.9952666759490967,0.9971333742141724,0.8612828254699707,0.16993333399295807,1.1750048398971558,1.2471848726272583,2.135341167449951,0.44589507579803467,0.3196820616722107,1.8793470859527588,0.595145583152771,0.0,0.7191781997680664,0.19787679612636566,0.013949651271104813,0.03584262356162071,0.2972877025604248,12.403996467590332,62.6944465637207,0.0036157527938485146,0.001719658263027668,0.0021397836972028017,0.0017249551601707935,-0.007615404203534126,0.006523876916617155,0.011672651395201683,0.9988510608673096,0.006534283980727196,0.01173657737672329,0.9990800023078918,0.009108111262321472,0.01613445207476616,0.980663001537323,0.007028582505881786,0.011984335258603096,1.0,0.008072718046605587,0.01863834634423256,0.9554926753044128,0.00726998969912529,0.012269017286598682,0.9975668787956238
Myrmecina_sp._CASENT0745613_processed.obj,Stage_3_deform_fine,0.00034861150197684765,0.021433750167489052,0.010493299923837185,0.010940450243651867,0.024944866076111794,0.10760535299777985,0.1588609367609024,0.16306667029857635,0.15486666560173035,0.5830420255661011,0.6172000169754028,0.5524666905403137,0.9120930433273315,0.9296000003814697,0.8952333331108093,0.9950790405273438,0.9905333518981934,0.999666690826416,0.8342434167861938,0.33843332529067993,1.2077339887619019,1.3931934833526611,2.6908833980560303,0.36217546463012695,0.41118544340133667,2.266747236251831,0.7605625987052917,0.0,0.6782913208007812,0.1665843427181244,0.022607285529375076,0.05947740003466606,0.2713448703289032,13.487119674682617,71.58425903320312,0.006351998075842857,0.011073163710534573,0.011666758917272091,0.010952373966574669,-0.0003083758056163788,0.009177112951874733,0.018303781747817993,0.9639984965324402,0.009640011005103588,0.019047772511839867,0.9567617177963257,0.01073817815631628,0.021697601303458214,0.9143646955490112,0.010131185874342918,0.020493125542998314,0.9445910453796387,0.011247632093727589,0.026278194040060043,0.9274504780769348,0.009665691293776035,0.017906924709677696,0.9805352687835693
Nesomyrmex_angulatus_CASENT0744820_processed.obj,Stage_3_deform_fine,0.0005415801424533129,0.026450389996170998,0.013360354118049145,0.013090035878121853,0.03487148508429527,0.19803445041179657,0.09363505244255066,0.09483333677053452,0.09246666729450226,0.43894678354263306,0.4532333314418793,0.42553332448005676,0.858281672000885,0.8751333355903625,0.8420667052268982,0.9865428805351257,0.9763666987419128,0.9969333410263062,0.7827953100204468,0.3980666697025299,1.3396785259246826,1.9875885248184204,3.3864972591400146,0.3506241738796234,0.4614885151386261,3.3247439861297607,0.8715060353279114,0.0,0.6508393287658691,0.15843191742897034,0.026300642639398575,0.0723707303404808,0.3545357584953308,13.79455280303955,76.31846618652344,0.006905762013047934,0.006062749773263931,0.006759562995284796,0.006054864265024662,-0.00510492455214262,0.012009000405669212,0.025412529706954956,0.8950594067573547,0.01247204840183258,0.026366237550973892,0.8877644538879395,0.011452456936240196,0.020049626007676125,0.9475138783454895,0.010102306492626667,0.017843207344412804,0.97625333070755,0.010577495209872723,0.01991516537964344,0.9516336917877197,0.010192833840847015,0.021253515034914017,0.941605806350708
Odontomachus_troglodytes_CASENT0744970_processed.obj,Stage_3_deform_fine,0.00012730431626550853,0.012746249325573444,0.00634050602093339,0.006405743304640055,0.013793136924505234,0.11427945643663406,0.4237670600414276,0.4331666827201843,0.41476666927337646,0.8829181790351868,0.9047666788101196,0.8621000051498413,0.986821711063385,0.9815666675567627,0.9921333193778992,0.9986481666564941,0.9973000288009644,1.0,0.8472258448600769,0.0995333343744278,1.1036299467086792,0.8141084909439087,1.9877811670303345,0.4245872497558594,0.3175557553768158,1.2930065393447876,0.5896679759025574,0.0,0.6955587863922119,0.19569262862205505,0.014040924608707428,0.03237210214138031,0.24729996919631958,12.463263511657715,59.32502746582031,0.0033551580272614956,0.024236198514699936,0.024440579116344452,0.02439996227622032,0.00019524618983268738,0.005048556253314018,0.009293721988797188,0.9996170401573181,0.005266733467578888,0.009359609335660934,1.0,0.006268068682402372,0.009101083502173424,1.0,0.005890971515327692,0.009972548112273216,1.0,0.006712493021041155,0.012947377748787403,0.9866220951080322,0.006821549963206053,0.01284661516547203,0.989051103591919
Oxyopomyrmex_saulcyi_CASENT0745218_processed.obj,Stage_3_deform_fine,0.00041522789979353547,0.023956280201673508,0.011693889275193214,0.012262389995157719,0.027123425155878067,0.10807070881128311,0.10364724695682526,0.10639999806880951,0.10103333741426468,0.4915301501750946,0.5137333273887634,0.4711666703224182,0.8887008428573608,0.9027667045593262,0.8750666975975037,0.9945458769798279,0.9925333261489868,0.996566653251648,0.77101731300354,0.42559999227523804,1.2689592838287354,1.8393409252166748,2.806192636489868,0.3954785466194153,0.40072759985923767,2.2955729961395264,0.7270291447639465,0.0,0.6744589805603027,0.1755353808403015,0.02292444184422493,0.06427542865276337,0.2969110608100891,13.864602088928223,69.74220275878906,0.005928531754761934,0.008324476890265942,0.008685226552188396,0.008631603792309761,0.0011269762180745602,0.009056742303073406,0.016499917954206467,0.9808502793312073,0.011368602514266968,0.023294810205698013,0.9070836901664734,0.011058027856051922,0.022046878933906555,0.9392265677452087,0.010090374387800694,0.01663898304104805,0.9788918495178223,0.01093556359410286,0.025942925363779068,0.9246205687522888,0.011134541593492031,0.02681965008378029,0.9282238483428955
Polyrhachis_decemdentata_CASENT0744779_processed.obj,Stage_3_deform_fine,0.0002593949029687792,0.019016265869140625,0.009232702665030956,0.009783564135432243,0.021770300343632698,0.08371981978416443,0.19648002088069916,0.20180000364780426,0.19143334031105042,0.6540567278862,0.68586665391922,0.6250666975975037,0.9422032833099365,0.9509666562080383,0.9336000084877014,0.9980132579803467,0.9961667060852051,0.9998666644096375,0.8556528687477112,0.30836665630340576,1.2004584074020386,1.255419135093689,2.414773941040039,0.4044729471206665,0.37176331877708435,2.2119789123535156,0.6789897084236145,0.0,0.7099999785423279,0.17813244462013245,0.02045539766550064,0.05391591042280197,0.306607723236084,12.978938102722168,65.77569580078125,0.00465813186019659,0.018008852377533913,0.01836240105330944,0.0183735154569149,0.0010570213198661804,0.008160192519426346,0.015423273667693138,0.987744152545929,0.007759366184473038,0.014375083148479462,0.9903403520584106,0.011889942921698093,0.0237728264182806,0.930939257144928,0.008450687862932682,0.015667801722884178,0.9841688871383667,0.008662044070661068,0.016254238784313202,0.9796758890151978,0.009582129307091236,0.01856740564107895,0.9622870683670044
Polyrhachis_dives_CASENT0878093_processed.obj,Stage_3_deform_fine,0.0004074175376445055,0.023425746709108353,0.011400184594094753,0.0120255621150136,0.026207663118839264,0.15529225766658783,0.1157502606511116,0.11820000410079956,0.11340000480413437,0.5072593092918396,0.5371333360671997,0.48053333163261414,0.8978345990180969,0.9175666570663452,0.8789333701133728,0.994027853012085,0.9916999936103821,0.9963666796684265,0.8461976647377014,0.335099995136261,1.2650822401046753,1.7556008100509644,2.7770423889160156,0.3684406578540802,0.4092981517314911,3.381054639816284,0.75401771068573,0.0,0.6832484602928162,0.14797237515449524,0.02696366235613823,0.07555234432220459,0.3316844403743744,13.377754211425781,74.61380004882812,0.0071663567796349525,0.015626966953277588,0.016190392896533012,0.015842776745557785,0.004832800477743149,0.010577407665550709,0.02072252333164215,0.9421677589416504,0.011474586091935635,0.0273122638463974,0.8905243277549744,0.011097090318799019,0.018416456878185272,0.9834254384040833,0.011668226681649685,0.031083792448043823,0.9023746848106384,0.011021734215319157,0.020977314561605453,0.9367121458053589,0.011140286922454834,0.02272716909646988,0.930656909942627
Ponera_kohmoku_OKENT0105440_processed.obj,Stage_3_deform_fine,0.0003182700020261109,0.018920782953500748,0.00967746414244175,0.009243319742381573,0.021481558680534363,0.1822945773601532,0.20271845161914825,0.20686666667461395,0.19873332977294922,0.6908261179924011,0.7107000350952148,0.6720333695411682,0.9462032914161682,0.9426666498184204,0.9497666954994202,0.99489825963974,0.9906333684921265,0.9991999864578247,0.815707802772522,0.30266666412353516,1.2074328660964966,1.498618245124817,2.4611172676086426,0.399976909160614,0.36811932921409607,2.0590484142303467,0.6790062785148621,0.0,0.6992707848548889,0.18330255150794983,0.017705481499433517,0.04818600043654442,0.3249072730541229,13.028614044189453,64.9488296508789,0.004071793518960476,0.0014480282552540302,0.0016393931582570076,0.001453370088711381,-0.004601325374096632,0.007122964598238468,0.012971308082342148,0.9957870841026306,0.007476014085114002,0.013858884572982788,0.993560254573822,0.009745648130774498,0.0159737691283226,0.9972376227378845,0.007895415648818016,0.01384163461625576,0.9920845031738281,0.009406283497810364,0.019373133778572083,0.9529200196266174,0.00996105931699276,0.03002573736011982,0.9257907271385193
Ponera_tamon_OKENT0105154_processed.obj,Stage_3_deform_fine,0.00014575431123375893,0.013727180659770966,0.006593293510377407,0.007133887615054846,0.015862667933106422,0.12582632899284363,0.37177056074142456,0.38403335213661194,0.36026668548583984,0.8557738661766052,0.8874666690826416,0.8262666463851929,0.9808762073516846,0.9857333302497864,0.9760666489601135,0.9987991452217102,0.997866690158844,0.9997333288192749,0.8481343984603882,0.2612000107765198,1.1514145135879517,0.9167547821998596,2.207637310028076,0.41505613923072815,0.34546592831611633,1.5795478820800781,0.6200087666511536,0.0,0.7136077284812927,0.22066038846969604,0.012796809896826744,0.031082700937986374,0.31368589401245117,12.179487228393555,60.63629150390625,0.003127137664705515,0.02974269725382328,0.029967175796628,0.030348246917128563,-0.0010223481804132462,0.005787407048046589,0.010464223101735115,0.9996170401573181,0.00568985752761364,0.010471965186297894,1.0,0.00611781096085906,0.009883091785013676,1.0,0.006212575826793909,0.0108314985409379,1.0,0.007049470208585262,0.01489421259611845,0.9783895015716553,0.00611509894952178,0.01087383646517992,0.9939172863960266
Pseudolasius_sp._CASENT0878065_processed.obj,Stage_3_deform_fine,0.00042761507211253047,0.023737557232379913,0.011916834861040115,0.011820721440017223,0.028281718492507935,0.12976962327957153,0.11831078678369522,0.11996667087078094,0.11670000106096268,0.504677951335907,0.525433361530304,0.4855000078678131,0.8923676609992981,0.9018666744232178,0.8830666542053223,0.9934448599815369,0.9873000383377075,0.999666690826416,0.8054867386817932,0.307533323764801,1.3525371551513672,2.1087350845336914,3.1072776317596436,0.3713417649269104,0.4364083707332611,3.134288787841797,0.8173861503601074,0.0,0.6661446690559387,0.1569235622882843,0.026505786925554276,0.07315292209386826,0.577024519443512,13.554728507995605,71.9637451171875,0.005895957350730896,0.10833098739385605,0.10865876823663712,0.11048563569784164,-0.0008911117911338806,0.009158057160675526,0.01658766344189644,0.9846802353858948,0.011386441066861153,0.023056190460920334,0.9277828335762024,0.01079915277659893,0.019300518557429314,0.9668508768081665,0.012302640825510025,0.02516539767384529,0.9155673384666443,0.010996190831065178,0.021397965028882027,0.9356830716133118,0.012838849797844887,0.025642724707722664,0.8783454895019531
Pseudomyrmex_cf.solis_CASENT0744065_processed.obj,Stage_3_deform_fine,0.00015857882681302726,0.014488859102129936,0.007121727801859379,0.00736713083460927,0.0169073436409235,0.07057881355285645,0.36108726263046265,0.37290000915527344,0.3499999940395355,0.8250936269760132,0.8511333465576172,0.800599992275238,0.9699282050132751,0.9677000045776367,0.9721666574478149,0.999232828617096,0.9985666871070862,0.9998999834060669,0.8391897678375244,0.29813334345817566,1.2252881526947021,1.2700196504592896,2.574112892150879,0.40024882555007935,0.37416696548461914,1.9612607955932617,0.6737576127052307,0.0,0.6874173283576965,0.18195165693759918,0.01485733687877655,0.04013146460056305,0.23435424268245697,12.515026092529297,66.89385986328125,0.005537639372050762,0.007442900445312262,0.007751683704555035,0.007532426621764898,0.0008787908591330051,0.005625799763947725,0.010450812056660652,0.9992340207099915,0.006688786670565605,0.012836620211601257,0.9926402568817139,0.0065788025967776775,0.012492149136960506,0.9889503121376038,0.00700454693287611,0.013674861751496792,0.9894459247589111,0.0068662045523524284,0.013797096908092499,0.9902238249778748,0.007018133997917175,0.014010611921548843,0.9720194339752197
Solenopsis_invicta_CASENT0744384_processed.obj,Stage_3_deform_fine,0.0004360809689387679,0.02480202540755272,0.01202643197029829,0.012775592505931854,0.028427820652723312,0.09216830879449844,0.09924760460853577,0.10116666555404663,0.09740000218153,0.4582497775554657,0.4790666699409485,0.4391666650772095,0.8742156028747559,0.8987333178520203,0.8510000109672546,0.9952104687690735,0.992733359336853,0.997700035572052,0.7594957947731018,0.4394666850566864,1.2072597742080688,1.505847454071045,2.5934808254241943,0.3784022927284241,0.4005665183067322,2.958824396133423,0.7381278872489929,0.0,0.6622993350028992,0.16879594326019287,0.02263796143233776,0.058389924466609955,0.47204065322875977,13.494767189025879,69.00605773925781,0.005537639372050762,0.043174684047698975,0.043520599603652954,0.04340574890375137,-0.0028404705226421356,0.010579257272183895,0.02198600396513939,0.9352738857269287,0.010487975552678108,0.02073192037642002,0.9420422911643982,0.010550941340625286,0.018675362691283226,0.9640884399414062,0.009872131049633026,0.01786103844642639,0.9709762930870056,0.011986087076365948,0.027784787118434906,0.8994082808494568,0.010595062747597694,0.019893944263458252,0.9513381719589233
Stigmatomma_FHG02_CASENT0745561_processed.obj,Stage_3_deform_fine,0.00048149985377676785,0.02330337092280388,0.012239334173500538,0.011064035817980766,0.030923908576369286,0.1498495191335678,0.1328260749578476,0.13463333249092102,0.13106666505336761,0.5456833243370056,0.560200035572052,0.5318999886512756,0.905849277973175,0.9018999934196472,0.9098333716392517,0.9873585104942322,0.9771333336830139,0.9977999925613403,0.819370448589325,0.39633333683013916,1.218284249305725,1.4503111839294434,2.7014048099517822,0.3565404713153839,0.41908732056617737,2.3784546852111816,0.754371166229248,0.0,0.6483853459358215,0.15856340527534485,0.025351233780384064,0.07237174361944199,0.31198328733444214,13.2373628616333,71.9490737915039,0.006091403309255838,0.040860146284103394,0.041114017367362976,0.040960948914289474,0.0005007870495319366,0.009156942367553711,0.017183570191264153,0.9785522818565369,0.01149075012654066,0.023600416257977486,0.9107635617256165,0.008809958584606647,0.015557918697595596,0.9889503121376038,0.008364581502974033,0.015410828404128551,0.9973615407943726,0.010540186427533627,0.02481202781200409,0.9135580062866211,0.010945575311779976,0.02046402543783188,0.94525545835495
Strumigenys_alberti_CASENT0878103_processed.obj,Stage_3_deform_fine,0.00047346350038424134,0.02481331303715706,0.012673738412559032,0.012139575555920601,0.03168010339140892,0.12558822333812714,0.10977057367563248,0.11206667125225067,0.10756666958332062,0.47947990894317627,0.4958000183105469,0.4642000198364258,0.8761540055274963,0.8795000314712524,0.8728333711624146,0.9914289116859436,0.9841333627700806,0.9988333582878113,0.7863295078277588,0.3869333267211914,1.4000391960144043,2.4525063037872314,3.329894781112671,0.3550995886325836,0.46294042468070984,3.9503674507141113,0.861255407333374,0.0,0.6502414345741272,0.1503533571958542,0.025910140946507454,0.0732201561331749,0.3471907377243042,14.003597259521484,78.58731079101562,0.007361803203821182,0.014677410945296288,0.014955542981624603,0.014782583341002464,0.0009430414065718651,0.010754858143627644,0.020133603364229202,0.9479126930236816,0.014443055726587772,0.03009004332125187,0.8091076016426086,0.00903363712131977,0.015680162236094475,0.9944751858711243,0.008949336595833302,0.015535709448158741,0.9920845031738281,0.010848325677216053,0.021517910063266754,0.9367121458053589,0.012440414167940617,0.021278122439980507,0.9379562139511108
Strumigenys_canina_OKENT0105288_processed.obj,Stage_3_deform_fine,0.00029626942705363035,0.019179120659828186,0.00941737461835146,0.009761745110154152,0.022079551592469215,0.14113059639930725,0.19510407745838165,0.20120000839233398,0.1893666684627533,0.6672371029853821,0.7050999999046326,0.633233368396759,0.9398314356803894,0.9488666653633118,0.9309666752815247,0.9963578581809998,0.9934000372886658,0.9993333220481873,0.8354834318161011,0.25246667861938477,1.1628892421722412,1.047166109085083,2.3802976608276367,0.3935973346233368,0.3661143183708191,1.7538228034973145,0.6723477840423584,0.0,0.6626936197280884,0.16682708263397217,0.019216500222682953,0.052478887140750885,0.3185647130012512,12.788201332092285,66.0247573852539,0.00534219341352582,0.006195686291903257,0.006543283350765705,0.006374956574290991,-0.0005884873680770397,0.007928520441055298,0.014982749707996845,0.982765257358551,0.008511695079505444,0.01734611764550209,0.9728610515594482,0.008370294235646725,0.016234416514635086,0.980663001537323,0.008786524645984173,0.019213756546378136,0.9551451802253723,0.008525697514414787,0.016992205753922462,0.971957802772522,0.007960323244333267,0.017335105687379837,0.9659367203712463
Strumigenys_crassicornis_CASENT0744273_processed.obj,Stage_3_deform_fine,0.00046103913336992264,0.023695845156908035,0.011912809684872627,0.011783036403357983,0.02765503339469433,0.1913481205701828,0.12137026339769363,0.12330000102519989,0.11950000375509262,0.5147024989128113,0.5426000356674194,0.48953333497047424,0.8957555294036865,0.910800039768219,0.8812000155448914,0.9909808039665222,0.9827666878700256,0.9993333220481873,0.7997768521308899,0.3199666738510132,1.2797255516052246,2.3984649181365967,2.811785936355591,0.3492237329483032,0.42469337582588196,4.373181343078613,0.7786493301391602,0.0,0.6726252436637878,0.1564493328332901,0.0256040096282959,0.06807974725961685,0.32334771752357483,13.102777481079102,71.53900146484375,0.0062217009253799915,0.007805038709193468,0.008283537812530994,0.008109546266496181,-0.012395793572068214,0.00961283314973116,0.01773587428033352,0.9701263904571533,0.011113145388662815,0.02463761903345585,0.9029438495635986,0.009783755987882614,0.01774515211582184,0.9751381874084473,0.009667497128248215,0.021621204912662506,0.936675488948822,0.010740152560174465,0.020618554204702377,0.9449446797370911,0.017858490347862244,0.05353902280330658,0.7554744482040405
Strumigenys_sp._appretiata_group_CASENT0744156_processed.obj,Stage_3_deform_fine,0.00022831627575214952,0.017649412155151367,0.008366181515157223,0.009283231571316719,0.020012369379401207,0.12975597381591797,0.21133549511432648,0.2206999957561493,0.2027333378791809,0.7009634971618652,0.7477333545684814,0.6597000360488892,0.9637613892555237,0.9780333638191223,0.9499000310897827,0.9979814887046814,0.9966000318527222,0.9993667006492615,0.8578056693077087,0.24716666340827942,1.133344292640686,0.8912772536277771,2.05281138420105,0.4393647313117981,0.3275178372859955,1.5574188232421875,0.5883049368858337,0.0,0.7112588882446289,0.1996202915906906,0.015825394541025162,0.03911476582288742,0.36091211438179016,12.740534782409668,60.4827995300293,0.0026385223027318716,0.0109840277582407,0.011263808235526085,0.010980328544974327,0.005394332576543093,0.00800971407443285,0.014573294669389725,0.9919571280479431,0.007647238671779633,0.013450411148369312,0.9990800023078918,0.009673046879470348,0.022258998826146126,0.9337016940116882,0.008659543469548225,0.015458249486982822,0.9973615407943726,0.008092421106994152,0.015054005198180676,0.971957802772522,0.007107592653483152,0.012204788625240326,1.0
Strumigenys_stenorhina_OKENT0105268_processed.obj,Stage_3_deform_fine,9.177305764751509e-05,0.01169830746948719,0.00566387502476573,0.006034431979060173,0.012342214584350586,0.0657815933227539,0.4639692008495331,0.4828999936580658,0.44646668434143066,0.9144715666770935,0.9321333169937134,0.8974666595458984,0.9924833178520203,0.9926333427429199,0.9923333525657654,0.999916672706604,1.0,0.999833345413208,0.8708930015563965,0.2792666554450989,1.060044765472412,0.5490336418151855,1.716697335243225,0.5073791146278381,0.2649695575237274,1.1804121732711792,0.48111626505851746,0.0,0.6925309896469116,0.19808702170848846,0.009692774154245853,0.023518918082118034,0.2744062840938568,11.952173233032227,56.33424758911133,0.0020847583655267954,0.0002116816904162988,0.0006571691483259201,0.00021731377637479454,-0.009503111243247986,0.005144130438566208,0.009413227438926697,1.0,0.005393215920776129,0.009928438812494278,1.0,0.004921817220747471,0.008782421238720417,1.0,0.006811804138123989,0.014673902653157711,1.0,0.005043775774538517,0.008661421947181225,1.0,0.004348403308540583,0.007229800336062908,1.0
Syllophopsis_sechellensis_OKENT0105212_processed.obj,Stage_3_deform_fine,0.00016126027912832797,0.013512702658772469,0.007331415545195341,0.00618128664791584,0.020066585391759872,0.07005047053098679,0.43581831455230713,0.43213334679603577,0.4395666718482971,0.8698806166648865,0.8568000197410583,0.8833667039871216,0.9699627161026001,0.9498000144958496,0.9909999966621399,0.9969580173492432,0.9940333366394043,0.9998999834060669,0.8318673968315125,0.1318666636943817,1.1429082155227661,0.9102134704589844,2.19421648979187,0.4223889410495758,0.3273308575153351,1.458842396736145,0.5894251465797424,0.0,0.7260209321975708,0.19280178844928741,0.013226419687271118,0.03267655521631241,0.23956920206546783,11.668600082397461,58.929752349853516,0.0028991170693188906,0.0535699687898159,0.05388714745640755,0.05348549410700798,-0.0034737475216388702,0.005224771797657013,0.010052075609564781,0.9973190426826477,0.004869343712925911,0.008990309201180935,1.0,0.006728764157742262,0.01229863427579403,1.0,0.005734342150390148,0.010709824040532112,1.0,0.007032580208033323,0.014386358670890331,0.9796758890151978,0.006049507763236761,0.010229991748929024,1.0
Temnothorax_congruus_OKENT0105443_processed.obj,Stage_3_deform_fine,0.0001496488694101572,0.014890486374497414,0.0068346597254276276,0.008055826649069786,0.01836659573018551,0.08388525247573853,0.29676464200019836,0.3075999915599823,0.2866666615009308,0.805255651473999,0.8534666895866394,0.7621999979019165,0.9793480634689331,0.9973333477973938,0.9620000123977661,0.9998499751091003,1.0,0.9997000098228455,0.8562288880348206,0.23330000042915344,1.1214909553527832,1.0531103610992432,1.8706097602844238,0.4928731918334961,0.28293877840042114,1.4055315256118774,0.5148004293441772,0.0,0.7384935617446899,0.22170455753803253,0.009920300915837288,0.022235892713069916,0.2366536408662796,12.438542366027832,61.4055061340332,0.0036157527938485146,0.015214786864817142,0.015488853678107262,0.015459861606359482,-0.002527656964957714,0.0063639129512012005,0.011294692754745483,0.9996170401573181,0.006440922152251005,0.011809660121798515,0.9990800023078918,0.00838386733084917,0.013296836987137794,0.9972376227378845,0.0078028421849012375,0.012765439227223396,1.0,0.006794053595513105,0.012148778885602951,0.9938256144523621,0.00723086716607213,0.015047674998641014,0.9805352687835693
Temnothorax_sp._OKENT0105336_processed.obj,Stage_3_deform_fine,0.00036990921944379807,0.02216739021241665,0.010747507214546204,0.011419882997870445,0.026031091809272766,0.09326578676700592,0.13861216604709625,0.14283333718776703,0.13463333249092102,0.5633588433265686,0.5982666611671448,0.5322999954223633,0.9062262773513794,0.9201333522796631,0.8927333354949951,0.9943090081214905,0.9915666580200195,0.9970666766166687,0.7633902430534363,0.44280001521110535,1.2137302160263062,1.4523054361343384,2.531735420227051,0.3955742418766022,0.3827984035015106,2.616793632507324,0.6955364942550659,0.0,0.6973644495010376,0.1986936628818512,0.017524586990475655,0.04857870936393738,0.31325989961624146,13.06320571899414,67.45719909667969,0.004755855072289705,0.014585872180759907,0.015077955089509487,0.01470158714801073,-3.111548721790314e-05,0.008557464927434921,0.015369492582976818,0.9888931512832642,0.0093302633613348,0.017229514196515083,0.970561146736145,0.01008617877960205,0.019269457086920738,0.9668508768081665,0.010452131740748882,0.02010229043662548,0.9472295641899109,0.008584529161453247,0.016065990552306175,0.9794185757637024,0.007842759601771832,0.01352478377521038,1.0
Tetramorium_kraepelini_CASENT0744084_processed.obj,Stage_3_deform_fine,0.00033068127231672406,0.021783223375678062,0.010182304307818413,0.01160091906785965,0.026154326274991035,0.06920818239450455,0.13288749754428864,0.13770000636577606,0.12839999794960022,0.5478236079216003,0.590499997138977,0.5109000205993652,0.9153845906257629,0.9416999816894531,0.890500009059906,0.9982160925865173,0.9990000128746033,0.9974333643913269,0.8075262308120728,0.3738666772842407,1.1844552755355835,1.2829982042312622,2.4050989151000977,0.3865318298339844,0.38405725359916687,1.8568801879882812,0.7224512100219727,0.0,0.668531596660614,0.16762077808380127,0.019464820623397827,0.04890645667910576,0.3959610164165497,13.315902709960938,67.75492095947266,0.005407342221587896,0.0049805715680122375,0.00570735102519393,0.005014720838516951,-0.0026889294385910034,0.008828987367451191,0.015938490629196167,0.98582923412323,0.00911612156778574,0.017103342339396477,0.9751609563827515,0.00933688972145319,0.01735549233853817,0.9889503121376038,0.009940889663994312,0.020273273810744286,0.9472295641899109,0.009363457560539246,0.019177960231900215,0.9549781680107117,0.008532507345080376,0.01671956107020378,0.9732360243797302
