mesh,stage,chamfer_l2,chamfer_l1,acc_mean,comp_mean,hausdorff_95,hausdorff_max,fscore@0.005,precision@0.005,recall@0.005,fscore@0.01,precision@0.01,recall@0.01,fscore@0.02,precision@0.02,recall@0.02,fscore@0.05,precision@0.05,recall@0.05,normal_consistency,normal_flip_frac,edge_ratio_mean,edge_ratio_std,edge_stretch_p95,edge_compress_p05,edge_logratio_absmean,area_ratio_mean,area_logratio_absmean,degenerate_tri_frac,tri_quality_mean,tri_quality_p05,deform_mag_mean,deform_mag_p95,deform_mag_max,dihedral_mean,dihedral_p99,folded_face_frac,midline_dev_mean,midline_dev_p95,midline_dev_mean_norm,midline_dev_excess,part_body_dist_mean,part_body_dist_p95,part_body_within_tau,part_head_dist_mean,part_head_dist_p95,part_head_within_tau,part_antenna_dist_mean,part_antenna_dist_p95,part_antenna_within_tau,part_mandible_dist_mean,part_mandible_dist_p95,part_mandible_within_tau,part_leg_dist_mean,part_leg_dist_p95,part_leg_within_tau,part_leg_distal_dist_mean,part_leg_distal_dist_p95,part_leg_distal_within_tau
Acanthostichus_aff.brevicornis_CASENT0744328_processed.obj,Stage_2_deform_coarse,0.0002018970699282363,0.01633034273982048,0.008210637606680393,0.008119704201817513,0.019966401159763336,0.06348156183958054,0.3112166225910187,0.3113333284854889,0.3111000061035156,0.7549946904182434,0.7604333162307739,0.7496333122253418,0.9523946642875671,0.9501333236694336,0.9546666741371155,0.9993498921394348,0.9990000128746033,0.9997000098228455,0.819828450679779,0.1894666701555252,1.2458233833312988,0.9877974987030029,2.678819179534912,0.5478780269622803,0.3270876407623291,1.8672478199005127,0.5769957304000854,0.0,0.7501134872436523,0.3073517680168152,0.017013898119330406,0.04427780210971832,0.15794338285923004,14.6555814743042,85.93948364257812,0.008702455088496208,0.0004894288722425699,0.0011448732111603022,0.000488949182908982,-0.008350957185029984,0.007841226644814014,0.01844722032546997,0.961685836315155,0.005827303975820541,0.011126246303319931,0.9986194372177124,0.009274916723370552,0.01751764304935932,0.9889503121376038,0.0073213158175349236,0.012553085573017597,1.0,0.009787487797439098,0.022599907591938972,0.9276332855224609,0.008342751301825047,0.017420046031475067,0.9695863723754883
Acromyrmex_coronatus_CASENT0744365_processed.obj,Stage_2_deform_coarse,0.00027836012304760516,0.018089838325977325,0.00929182581603527,0.008798012509942055,0.022056784480810165,0.13617506623268127,0.23785671591758728,0.24040000140666962,0.23536667227745056,0.7219520807266235,0.7400333285331726,0.7047333121299744,0.9482437372207642,0.9435999989509583,0.9529333710670471,0.9936167597770691,0.9879000186920166,0.9994000196456909,0.8136630058288574,0.13650000095367432,1.2116302251815796,1.1185284852981567,2.2852561473846436,0.5718575716018677,0.2983052432537079,1.7890820503234863,0.516918957233429,0.0,0.7691317796707153,0.30660390853881836,0.018536951392889023,0.04941679537296295,0.2827266752719879,14.194496154785156,78.97791290283203,0.007105375174432993,0.04689976945519447,0.04801900312304497,0.047447435557842255,-0.0008221231400966644,0.007433439139276743,0.014364034868776798,0.9881226420402527,0.006688596680760384,0.012413394637405872,0.9852738380432129,0.009298383258283138,0.014534395188093185,0.9696133136749268,0.009756048209965229,0.02844552882015705,0.9234828948974609,0.008681774139404297,0.017038319259881973,0.9670358300209045,0.009176808409392834,0.0234571173787117,0.930656909942627
Acromyrmex_lobicornis_CASENT0878007_processed.obj,Stage_2_deform_coarse,0.0004056086181662977,0.02353711426258087,0.011068873107433319,0.012468240223824978,0.029592180624604225,0.09002403169870377,0.12480378150939941,0.12836666405200958,0.1214333325624466,0.5137698650360107,0.5500666499137878,0.48196667432785034,0.8833269476890564,0.9202333688735962,0.8492666482925415,0.9958433508872986,0.9932667016983032,0.9984333515167236,0.7969275712966919,0.2400333434343338,1.3574293851852417,1.3046396970748901,3.04296875,0.5451081991195679,0.3745916783809662,2.493117094039917,0.6724044680595398,0.0,0.7782657146453857,0.3448685109615326,0.023675665259361267,0.06259456276893616,0.3486210107803345,14.741299629211426,84.52706909179688,0.00866986159235239,0.018991339951753616,0.01967676915228367,0.019169209524989128,0.0032980237156152725,0.01015050895512104,0.019738292321562767,0.9524904489517212,0.009781165048480034,0.019640499725937843,0.9526001214981079,0.010092083364725113,0.018787121400237083,0.9779005646705627,0.009874890558421612,0.017690958455204964,0.9815303683280945,0.01098718773573637,0.02082262560725212,0.9410250186920166,0.01105292048305273,0.022505341097712517,0.9184914827346802
Anochetus_risii_CASENT0877608_processed.obj,Stage_2_deform_coarse,0.00015959904703777283,0.015037196688354015,0.00745268864557147,0.007584508042782545,0.016081394627690315,0.05658959597349167,0.30549877882003784,0.31066668033599854,0.3005000054836273,0.8075412511825562,0.8253333568572998,0.7904999852180481,0.9741129279136658,0.9722000360488892,0.9760333299636841,0.9995832443237305,0.9992333650588989,0.9999333620071411,0.8475114107131958,0.11140000075101852,1.1643718481063843,0.8085391521453857,2.126728057861328,0.6260901689529419,0.26494306325912476,1.5797126293182373,0.4587582051753998,0.0,0.7870329022407532,0.32408463954925537,0.01411290094256401,0.04065367951989174,0.17715103924274445,13.697983741760254,73.74777221679688,0.006257944740355015,0.0026626447215676308,0.0034839166328310966,0.0026896088384091854,-0.00798726174980402,0.006325257942080498,0.012498155236244202,0.9927203059196472,0.006630600895732641,0.01399538666009903,0.9825126528739929,0.00807109009474516,0.015056167729198933,0.9944751858711243,0.00814864318817854,0.014623249880969524,0.9947230219841003,0.007201991509646177,0.01302917581051588,0.9915014505386353,0.006644077133387327,0.013685101643204689,0.9732360243797302
Anochetus_risii_CASENT0877609_processed.obj,Stage_2_deform_coarse,0.0005453762714751065,0.027072392404079437,0.013287006877362728,0.01378538552671671,0.034071385860443115,0.15916340053081512,0.09059889614582062,0.09239999949932098,0.08886666595935822,0.42242854833602905,0.4499666690826416,0.3980666697025299,0.8369449377059937,0.8597333431243896,0.815333366394043,0.9909573793411255,0.984499990940094,0.9975000023841858,0.768360435962677,0.3275333344936371,1.4802464246749878,2.0239508152008057,3.563480854034424,0.5071216821670532,0.4251019060611725,3.8547303676605225,0.7613469958305359,0.0,0.7126414179801941,0.24836614727973938,0.02828141488134861,0.07720538973808289,0.3013835549354553,16.559127807617188,109.30154418945312,0.014601871371269226,0.016754131764173508,0.01786337047815323,0.01697474904358387,0.0011071637272834778,0.013234809972345829,0.02869504503905773,0.8597701191902161,0.014736542478203773,0.034783437848091125,0.7855499386787415,0.010546538978815079,0.019835680723190308,0.9530386924743652,0.012163378298282623,0.021730579435825348,0.897097647190094,0.012781214900314808,0.029982995241880417,0.8596445918083191,0.011289983056485653,0.025114228948950768,0.9282238483428955
Aphaenogaster_pallida_CASENT0745235_processed.obj,Stage_2_deform_coarse,0.0001803315244615078,0.014639664441347122,0.007367448881268501,0.007272215560078621,0.014777441509068012,0.14396122097969055,0.31003302335739136,0.3140333294868469,0.30613332986831665,0.8302232623100281,0.850600004196167,0.8108000159263611,0.9850624203681946,0.9830000400543213,0.9871333241462708,0.9976444244384766,0.9952999949455261,1.0,0.8965315222740173,0.04700000211596489,1.1516814231872559,0.8149365186691284,1.9623619318008423,0.649016797542572,0.24495652318000793,1.562634825706482,0.4146464169025421,0.0,0.8298894762992859,0.41204342246055603,0.011056249961256981,0.028554804623126984,0.1502293348312378,13.095808982849121,70.20556640625,0.005214954260736704,0.003917620982974768,0.005188890732824802,0.003930490929633379,-0.0033245249651372433,0.006636293604969978,0.012073508463799953,0.994636058807373,0.006103687919676304,0.011333727277815342,0.9921767115592957,0.00950769241899252,0.015840798616409302,1.0,0.007793246768414974,0.015397616662085056,0.9815303683280945,0.0073069194331765175,0.012665391899645329,0.9943342804908752,0.007662955205887556,0.013009801506996155,0.9768856167793274
Atopomyrmex_mocquerysi_CASENT0744784_processed.obj,Stage_2_deform_coarse,0.00012758036609739065,0.013006903231143951,0.006679341662675142,0.006327561568468809,0.016291340813040733,0.053469594568014145,0.4418048560619354,0.4440999925136566,0.4395333528518677,0.8611575365066528,0.8583666682243347,0.863966703414917,0.9782902598381042,0.9680333733558655,0.9887666702270508,0.9997832775115967,0.9995666742324829,1.0,0.8085654973983765,0.1017666682600975,1.2482250928878784,1.1351468563079834,2.6307764053344727,0.5619062781333923,0.32157275080680847,1.9191652536392212,0.5596805810928345,0.0,0.7873713374137878,0.3652704060077667,0.013738169334828854,0.03263960778713226,0.17321451008319855,13.926492691040039,78.16609191894531,0.006975001189857721,0.021870456635951996,0.02256964147090912,0.02237311191856861,-0.0027844682335853577,0.00506599573418498,0.009873146191239357,0.9984674453735352,0.004798955749720335,0.009822227992117405,0.996778666973114,0.007768351584672928,0.014770240522921085,0.9861878752708435,0.006992611568421125,0.017008239403367043,0.9788918495178223,0.007741081528365612,0.01808113045990467,0.9603399634361267,0.006785079836845398,0.01329525001347065,0.9817517995834351
Carebara_trechideros_CASENT0877591_processed.obj,Stage_2_deform_coarse,0.00018966785864904523,0.01468700636178255,0.007805575150996447,0.006881431210786104,0.02082148939371109,0.08929334580898285,0.38965892791748047,0.39276668429374695,0.3866000175476074,0.8239980340003967,0.822700023651123,0.8253000378608704,0.9653489589691162,0.9464666843414307,0.9850000143051147,0.996152937412262,0.9924666881561279,0.9998666644096375,0.7904099225997925,0.15683333575725555,1.2767668962478638,1.321410059928894,2.823035717010498,0.5570409297943115,0.32874011993408203,1.9099680185317993,0.5853865146636963,0.0,0.7690519094467163,0.3220532238483429,0.014867500402033329,0.03591578081250191,0.4011635482311249,14.186456680297852,82.70820617675781,0.007855025120079517,0.02363114431500435,0.024509862065315247,0.023891909047961235,0.002107461914420128,0.005276855546981096,0.01044605951756239,0.9965517520904541,0.005024084355682135,0.009030552580952644,0.999539852142334,0.006695505231618881,0.013634665869176388,0.9889503121376038,0.00642762053757906,0.011726824566721916,1.0,0.008224391378462315,0.019228054210543633,0.9541592001914978,0.006835069507360458,0.012614274397492409,0.9939172863960266
Centromyrmex_brachycola_CASENT0744052_processed.obj,Stage_2_deform_coarse,0.00023100808903109282,0.017692726105451584,0.008612392470240593,0.009080332703888416,0.020717443898320198,0.08965308219194412,0.23465442657470703,0.23990000784397125,0.22963333129882812,0.7109577655792236,0.7427999973297119,0.6817333698272705,0.951028048992157,0.9583333730697632,0.9438333511352539,0.9981649518013,0.996833324432373,0.999500036239624,0.8367478251457214,0.17746667563915253,1.1971060037612915,1.0033475160598755,2.239394426345825,0.5822765231132507,0.29018324613571167,1.7516539096832275,0.5134645700454712,0.0,0.7915236949920654,0.36993318796157837,0.015662146732211113,0.03649772331118584,0.26237544417381287,13.715311050415039,73.1612777709961,0.005932010244578123,0.00348000880330801,0.004207362420856953,0.0035165550652891397,-0.0066598765552043915,0.007415092084556818,0.01450791209936142,0.9892720580101013,0.0067645167000591755,0.012438484467566013,0.9976990222930908,0.009226527996361256,0.015247494913637638,0.980663001537323,0.0079674506559968,0.013574257493019104,0.9947230219841003,0.009312913753092289,0.019121509045362473,0.9575070738792419,0.00895066186785698,0.016132177785038948,0.9817517995834351
Cephalotes_minutus_CASENT0709253_processed.obj,Stage_2_deform_coarse,0.00015523764886893332,0.015230407938361168,0.007209794595837593,0.008020613342523575,0.017208077013492584,0.06497851014137268,0.2777828574180603,0.28476667404174805,0.27113333344459534,0.7855255007743835,0.8238999843597412,0.7505666613578796,0.9809912443161011,0.991433322429657,0.9707666635513306,0.9995331168174744,0.9990666508674622,1.0,0.8719308972358704,0.12506666779518127,1.2255209684371948,1.2660410404205322,2.2697594165802,0.598536491394043,0.3002376854419708,1.8378432989120483,0.527611494064331,0.0,0.8214625716209412,0.42545923590660095,0.015585185959935188,0.03624881058931351,0.14184460043907166,13.903693199157715,75.74765014648438,0.006257944740355015,0.021143926307559013,0.021703988313674927,0.02119150198996067,-0.001240478828549385,0.006811727304011583,0.012815000489354134,0.992337167263031,0.006384785752743483,0.011690913699567318,1.0,0.006693429313600063,0.011954481713473797,1.0,0.00780072808265686,0.014412060379981995,0.9894459247589111,0.00806055311113596,0.014707458205521107,0.9824877977371216,0.007796024903655052,0.01563534140586853,0.9781022071838379
Cephalotes_simillimus_CASENT0744408_processed.obj,Stage_2_deform_coarse,0.0005023370613344014,0.02598613128066063,0.011858588084578514,0.014127543196082115,0.034076765179634094,0.11330346763134003,0.11077682673931122,0.11533333361148834,0.1065666675567627,0.45390573143959045,0.5006666779518127,0.4151333272457123,0.8414101004600525,0.8978666663169861,0.7916333675384521,0.9951488375663757,0.9940666556358337,0.996233344078064,0.7938770651817322,0.424699991941452,1.3408551216125488,1.2926535606384277,2.927415609359741,0.5236372947692871,0.3772991895675659,2.501894474029541,0.6759089827537537,0.0,0.7439783811569214,0.326972633600235,0.026206398382782936,0.0638318657875061,0.25309139490127563,15.009157180786133,88.71426391601562,0.009875819087028503,0.010377454571425915,0.01107649877667427,0.010442686267197132,-0.0035112882032990456,0.011402112431824207,0.022863678634166718,0.919157087802887,0.014197251759469509,0.0300822202116251,0.8159226775169373,0.009403367526829243,0.01767265424132347,0.9779005646705627,0.011247185058891773,0.020461982116103172,0.9419525265693665,0.010593899525702,0.020325686782598495,0.9456605911254883,0.00966227799654007,0.018621206283569336,0.9671532511711121
Cephalotes_spinosus_CASENT0744158_processed.obj,Stage_2_deform_coarse,0.00022699078544974327,0.017718717455863953,0.008420830592513084,0.009297885932028294,0.021523602306842804,0.07297266274690628,0.2355571985244751,0.24336667358875275,0.22823333740234375,0.6998123526573181,0.7387999892234802,0.664733350276947,0.9507889747619629,0.9651666879653931,0.9368333220481873,0.9986823201179504,0.9976666569709778,0.9997000098228455,0.837228000164032,0.14283333718776703,1.1949049234390259,0.8424294590950012,2.211388349533081,0.5490729212760925,0.3152371644973755,1.6602685451507568,0.5501213669776917,0.0,0.7938310503959656,0.36872598528862,0.018105773255228996,0.046494536101818085,0.18258583545684814,14.329048156738281,78.7692642211914,0.007170562166720629,0.014103098772466183,0.014974525198340416,0.013938616029918194,-0.001172647811472416,0.007736973464488983,0.01500016264617443,0.9835249185562134,0.006970846559852362,0.013324077241122723,0.993557333946228,0.008228170685470104,0.01686987094581127,0.9861878752708435,0.00876773614436388,0.019020557403564453,0.9604222178459167,0.00853120256215334,0.015860849991440773,0.9796549081802368,0.009346694685518742,0.019734682515263557,0.9513381719589233
Crematogaster_nawai_OKENT0105046_processed.obj,Stage_2_deform_coarse,0.0004024523659609258,0.021822914481163025,0.010699926875531673,0.011122987605631351,0.025789622217416763,0.12138178944587708,0.15655818581581116,0.16223333775997162,0.1512666642665863,0.5932703018188477,0.635200023651123,0.5565333366394043,0.9121834635734558,0.9312666654586792,0.8938666582107544,0.9909542202949524,0.9842666983604431,0.9977333545684814,0.7638896703720093,0.35956665873527527,1.2206164598464966,1.0215846300125122,2.4042413234710693,0.5629799962043762,0.3182602822780609,1.8566179275512695,0.5682646036148071,0.0,0.7785258293151855,0.3602132797241211,0.018966542556881905,0.042218443006277084,0.32257574796676636,14.351643562316895,78.94593048095703,0.007529090158641338,0.02132914401590824,0.022403933107852936,0.021163353696465492,-0.0009159985929727554,0.008373643271625042,0.016315339133143425,0.9865900874137878,0.008620694279670715,0.015727579593658447,0.9829728603363037,0.011530709452927113,0.022993097081780434,0.9364641308784485,0.010074984282255173,0.018369287252426147,0.9736148118972778,0.00892158504575491,0.01760728657245636,0.9680659174919128,0.008602166548371315,0.017155427485704422,0.9635036587715149
Cryptopone_sauteri_CASENT0743771_processed.obj,Stage_2_deform_coarse,0.0003308527229819447,0.02132408693432808,0.009685545228421688,0.011638541705906391,0.028172647580504417,0.08148566633462906,0.1613793969154358,0.1688999980688095,0.15450000762939453,0.5789358615875244,0.6344333291053772,0.5323666930198669,0.9059868454933167,0.9513333439826965,0.8647666573524475,0.9980155229568481,0.9969666600227356,0.9990666508674622,0.8220525979995728,0.37443333864212036,1.3329086303710938,1.6530026197433472,2.81363844871521,0.5755082964897156,0.345662921667099,3.119889736175537,0.6202037334442139,0.0,0.7749843597412109,0.3435758948326111,0.020217154175043106,0.054560720920562744,0.2404043823480606,14.641576766967773,84.15901947021484,0.008930608630180359,0.028616834431886673,0.029834110289812088,0.028743436560034752,-0.0011212676763534546,0.008602868765592575,0.015916209667921066,0.9873563647270203,0.009576124139130116,0.022606434300541878,0.931431233882904,0.0083807073533535,0.01653796061873436,0.991712749004364,0.010003725998103619,0.01852523349225521,0.9656992554664612,0.00942162424325943,0.018121885135769844,0.9732165932655334,0.007506446912884712,0.013111655600368977,0.9975668787956238
Cyphoidris_afrc-tz01_CASENT0744810_processed.obj,Stage_2_deform_coarse,0.0010432563722133636,0.03783246874809265,0.017618190497159958,0.020214280113577843,0.04705207049846649,0.11909183114767075,0.0401383712887764,0.04083333536982536,0.03946666792035103,0.2324414700269699,0.24650000035762787,0.2198999971151352,0.6640395522117615,0.7333000302314758,0.6067333221435547,0.9641319513320923,0.9653000235557556,0.9629666805267334,0.7385324835777283,0.42250001430511475,1.5265851020812988,2.4975879192352295,3.6842200756073,0.5025216937065125,0.4277874827384949,4.444233417510986,0.7864110469818115,0.0,0.7314876914024353,0.281715452671051,0.032115835696458817,0.0872202068567276,0.34378090500831604,15.484381675720215,95.53643798828125,0.011212151497602463,0.03347361832857132,0.03413292020559311,0.03408742696046829,-0.001577727496623993,0.017146464437246323,0.036871928721666336,0.7042145729064941,0.016929280012845993,0.035106975585222244,0.706856906414032,0.013948461972177029,0.025004930794239044,0.8397790193557739,0.013696232810616493,0.02544115111231804,0.8496042490005493,0.01680026575922966,0.03956398367881775,0.7489054799079895,0.015607497654855251,0.036936722695827484,0.8077858686447144
Cyphomyrmex_cf.minutus_CASENT0744280_processed.obj,Stage_2_deform_coarse,0.0010698481928557158,0.03876492381095886,0.017486995086073875,0.021277928724884987,0.05033257603645325,0.12411107867956161,0.03257289156317711,0.03316666558384895,0.03200000151991844,0.20248238742351532,0.2143000066280365,0.19189999997615814,0.638795793056488,0.7125666737556458,0.5788666605949402,0.9641249775886536,0.9801666736602783,0.9485999941825867,0.7574790716171265,0.43646666407585144,1.4862687587738037,2.244750738143921,3.5947840213775635,0.5348196029663086,0.3999040722846985,4.291311740875244,0.7508123517036438,0.0,0.7519719004631042,0.3029159903526306,0.029916850849986076,0.08879835903644562,0.3828620910644531,15.055371284484863,92.9140853881836,0.010821029543876648,0.02220853604376316,0.0232841856777668,0.022618187591433525,0.0006309356540441513,0.017319021746516228,0.03821854293346405,0.6934866309165955,0.017586160451173782,0.031431302428245544,0.6663599014282227,0.01720721833407879,0.03619677573442459,0.7071823477745056,0.014519713819026947,0.024343108758330345,0.8205804824829102,0.017565058544278145,0.03667681664228439,0.715941309928894,0.016755690798163414,0.03699413314461708,0.7408758997917175
Dilobocondyla_fouqueti_CASENT0745576_processed.obj,Stage_2_deform_coarse,0.0002808767603710294,0.019601237028837204,0.009669640101492405,0.009931597858667374,0.022234853357076645,0.1016874760389328,0.18093742430210114,0.18326666951179504,0.17866666615009308,0.6407214999198914,0.6625333428382874,0.6202999949455261,0.9356548190116882,0.9422000050544739,0.9291999936103821,0.9974275827407837,0.995033323764801,0.999833345413208,0.8168281316757202,0.2695666551589966,1.2712527513504028,1.2208601236343384,2.611034870147705,0.53496915102005,0.34389665722846985,2.1744449138641357,0.6113696694374084,0.0,0.7640376091003418,0.33574575185775757,0.021600550040602684,0.05664091184735298,0.2519114017486572,14.443855285644531,78.5679931640625,0.007072781678289175,0.018246596679091454,0.019020279869437218,0.01836504228413105,-0.001546315848827362,0.00860564224421978,0.016660047695040703,0.9773946404457092,0.009917180985212326,0.021332504227757454,0.9291302561759949,0.008320121094584465,0.017672771587967873,0.9834254384040833,0.008413144387304783,0.01715177670121193,0.9815303683280945,0.008958546444773674,0.01757805608212948,0.9706412553787231,0.008182600140571594,0.015009730122983456,0.9781022071838379
Dorylus_fulvus_CASENT0745678_processed.obj,Stage_2_deform_coarse,0.00019578690989874303,0.016343742609024048,0.007893356494605541,0.008450387045741081,0.020349977537989616,0.06183283030986786,0.28991401195526123,0.29446667432785034,0.2854999899864197,0.7608286142349243,0.7894999980926514,0.73416668176651,0.9541854858398438,0.9621000289916992,0.946399986743927,0.9998666644096375,0.9999666810035706,0.9997667074203491,0.808648943901062,0.2510000169277191,1.328070044517517,1.2818279266357422,3.0378835201263428,0.5668583512306213,0.352167010307312,2.2933714389801025,0.6249030232429504,0.0,0.7807208299636841,0.36128297448158264,0.015806354582309723,0.03881212696433067,0.23895607888698578,15.390783309936523,102.04679870605469,0.012581076472997665,0.009302063845098019,0.009945989586412907,0.009441078640520573,-0.002122005447745323,0.0063767144456505775,0.013574730604887009,0.9862068891525269,0.008883412927389145,0.02118558995425701,0.9397146701812744,0.006846162024885416,0.013320080935955048,1.0,0.007576017174869776,0.01383727416396141,0.9920845031738281,0.007995221763849258,0.014748395420610905,0.9822302460670471,0.0076129250228405,0.014755918644368649,0.9805352687835693
Eciton_hamatum_CASENT0744580_processed.obj,Stage_2_deform_coarse,0.00019488754332996905,0.015623016282916069,0.008394801057875156,0.007228214759379625,0.02364017814397812,0.06702705472707748,0.3390447795391083,0.3427000045776367,0.3354666829109192,0.7911461591720581,0.7802667021751404,0.8023333549499512,0.9575669765472412,0.9312333464622498,0.9854333400726318,0.998447597026825,0.9969000220298767,1.0,0.7236074805259705,0.19276666641235352,1.2977018356323242,1.311990737915039,2.753438711166382,0.5611803531646729,0.3393581211566925,2.0883545875549316,0.5985783338546753,0.0,0.7367887496948242,0.315519243478775,0.014790869317948818,0.035954635590314865,0.24967187643051147,15.794754981994629,92.69585418701172,0.010723249055445194,0.014478720724582672,0.015218881890177727,0.014520039781928062,0.0003993809223175049,0.0058635203167796135,0.01208485383540392,0.9927203059196472,0.007451425772160292,0.019145919010043144,0.9553612470626831,0.007025583181530237,0.01699165068566799,0.9779005646705627,0.007785019930452108,0.017371943220496178,0.9736148118972778,0.006786487065255642,0.01341696735471487,0.9868658185005188,0.006650982424616814,0.012628098018467426,0.989051103591919
Ectatomma_brunneum_CASENT0744575_processed.obj,Stage_2_deform_coarse,0.0006781697738915682,0.02945425547659397,0.014616714790463448,0.014837540686130524,0.0381365604698658,0.11648830026388168,0.07810942828655243,0.0794999971985817,0.07676666975021362,0.3682319223880768,0.3869999945163727,0.35120001435279846,0.8142895698547363,0.8480666875839233,0.7831000089645386,0.9833747148513794,0.9717000126838684,0.9953333735466003,0.7649129033088684,0.32813334465026855,1.3758097887039185,1.5452946424484253,3.1640124320983887,0.5268855094909668,0.37412989139556885,2.862348794937134,0.6740559935569763,0.0,0.7508097290992737,0.3038899898529053,0.029949162155389786,0.08502020686864853,0.5229145884513855,14.717044830322266,89.4025650024414,0.00994100607931614,0.010216531343758106,0.011189106851816177,0.010364588350057602,-0.0009382022544741631,0.016337931156158447,0.03779367357492447,0.7605364322662354,0.01103346236050129,0.024263296276330948,0.9185457825660706,0.011625195853412151,0.02148331329226494,0.9226519465446472,0.010917099192738533,0.020743353292346,0.9445910453796387,0.012123198248445988,0.02288840152323246,0.9142415523529053,0.011064807884395123,0.019992738962173462,0.9489051103591919
Eurhopalothrix_procera_CASENT0745605_processed.obj,Stage_2_deform_coarse,0.00041699677240103483,0.023558836430311203,0.011202380061149597,0.01235645730048418,0.029188888147473335,0.09668923169374466,0.1318705826997757,0.1361333280801773,0.12786667048931122,0.5229968428611755,0.5609333515167236,0.4898666739463806,0.8812721967697144,0.9149333238601685,0.8500000238418579,0.9941431879997253,0.9893333315849304,0.9990000128746033,0.7922419309616089,0.22949999570846558,1.276902437210083,1.1658436059951782,2.682612657546997,0.5410682559013367,0.34554022550582886,2.2395331859588623,0.6215529441833496,0.0,0.7716282606124878,0.32939115166664124,0.022130222991108894,0.05462092161178589,0.22262485325336456,14.496885299682617,78.45063781738281,0.007235748693346977,0.006989649962633848,0.007819345220923424,0.007006531115621328,-0.006647675763815641,0.010225261561572552,0.021375611424446106,0.936781644821167,0.008768332190811634,0.015935415402054787,0.9815922975540161,0.009526061825454235,0.018384994938969612,0.9640884399414062,0.01029910147190094,0.017814138904213905,0.963060736656189,0.010938545688986778,0.021122479811310768,0.9417976140975952,0.010654421523213387,0.020532086491584778,0.9440389275550842
Heteroponera_panamensis_CASENT0744055_processed.obj,Stage_2_deform_coarse,0.000752221851143986,0.03174109384417534,0.014471989125013351,0.017269104719161987,0.04236585646867752,0.14230160415172577,0.06068125739693642,0.061766669154167175,0.05963333323597908,0.31289878487586975,0.33500000834465027,0.2935333251953125,0.7744332551956177,0.8430666923522949,0.7161333560943604,0.979720413684845,0.9833000302314758,0.9761666655540466,0.820683479309082,0.37103334069252014,1.4167869091033936,1.7433415651321411,3.400259256362915,0.5278682112693787,0.39655640721321106,3.6607251167297363,0.7411786913871765,0.0,0.7389366030693054,0.2734220623970032,0.03160228207707405,0.08659965544939041,0.3312342166900635,15.245996475219727,99.01350402832031,0.011896613985300064,0.02160317450761795,0.02245853655040264,0.021578416228294373,-0.0041366759687662125,0.015552874654531479,0.034799572080373764,0.769348680973053,0.012648285366594791,0.024778783321380615,0.8909342288970947,0.011612802743911743,0.020319245755672455,0.9447514414787292,0.01301626581698656,0.022306833416223526,0.8918206095695496,0.013298029080033302,0.02536749839782715,0.8678856492042542,0.015092619694769382,0.037705812603235245,0.8357664346694946
Labidus_praedator_CASENT0744236_processed.obj,Stage_2_deform_coarse,0.00024599238531664014,0.017286892980337143,0.00922883115708828,0.008058061823248863,0.026212461292743683,0.08213752508163452,0.3024824559688568,0.30196666717529297,0.30300000309944153,0.7414216995239258,0.7324333190917969,0.7506333589553833,0.938672661781311,0.9153333306312561,0.9632333517074585,0.9971792697906494,0.9951666593551636,0.9991999864578247,0.7353442311286926,0.29003334045410156,1.3452506065368652,1.5457556247711182,3.0747551918029785,0.505874514579773,0.39221152663230896,2.0750975608825684,0.6733914613723755,0.0,0.7023322582244873,0.25196895003318787,0.02158544212579727,0.051163963973522186,0.6798997521400452,16.81278419494629,93.55606079101562,0.010918810032308102,0.045687463134527206,0.04748798534274101,0.04603261500597,-0.0027554742991924286,0.006549132522195578,0.014769453555345535,0.9854406118392944,0.012688311748206615,0.028453916311264038,0.831569254398346,0.007272511254996061,0.015143025666475296,0.972375750541687,0.0071163601242005825,0.01556612178683281,0.9551451802253723,0.007338345050811768,0.015092932619154453,0.9806850552558899,0.007590894587337971,0.018678490072488785,0.9610705375671387
Labidus_praedator_CASENT0744237_processed.obj,Stage_2_deform_coarse,0.0003079392481595278,0.017933104187250137,0.009212581440806389,0.008720521815121174,0.017920369282364845,0.13419796526432037,0.22126734256744385,0.22716666758060455,0.21566666662693024,0.7314171195030212,0.7658666968345642,0.6999333500862122,0.9631021022796631,0.9593666791915894,0.966866672039032,0.9920965433120728,0.9848666787147522,0.9994333386421204,0.8449769616127014,0.1296333372592926,1.1955610513687134,1.0026589632034302,2.1411585807800293,0.6338379383087158,0.2685195803642273,1.74898362159729,0.46865159273147583,0.0,0.7975455522537231,0.3563081920146942,0.014475451782345772,0.038578737527132034,0.21063467860221863,13.667152404785156,70.88823699951172,0.006029790733009577,0.005994719918817282,0.006724044680595398,0.006117192562669516,-0.004707891959697008,0.006710400339215994,0.01233553234487772,0.9961686134338379,0.00662115216255188,0.012221764773130417,0.9986194372177124,0.009162248112261295,0.015070180408656597,0.9696133136749268,0.009159786626696587,0.017807383090257645,0.9577836990356445,0.007943032309412956,0.013957969844341278,0.9930466413497925,0.01039707288146019,0.021924644708633423,0.9464719891548157
Lasius_nr._fuliginosus_CASENT0878037_processed.obj,Stage_2_deform_coarse,0.0001389733952237293,0.014309462159872055,0.006757560186088085,0.007551901508122683,0.01662128046154976,0.06264729797840118,0.3397492468357086,0.34923332929611206,0.3307666778564453,0.8141367435455322,0.8565000295639038,0.7757666707038879,0.9837645888328552,0.9897000193595886,0.9779000282287598,0.9999499917030334,0.9999666810035706,0.9999333620071411,0.8665410280227661,0.09260000288486481,1.1320236921310425,1.0098098516464233,1.9155333042144775,0.6057752370834351,0.251431405544281,1.5331411361694336,0.4526918828487396,0.0,0.803492546081543,0.3657427430152893,0.012286423705518246,0.027234630659222603,0.1307237446308136,13.073513984680176,69.2849349975586,0.004823832772672176,0.013190657831728458,0.013921480625867844,0.01325600128620863,-0.005025946535170078,0.005891465116292238,0.010989704169332981,0.9996168613433838,0.0053078727796673775,0.00970910582691431,0.999539852142334,0.008186985738575459,0.012904115952551365,1.0,0.006233311723917723,0.0106496661901474,0.9973615407943726,0.007870862260460854,0.014851744286715984,0.9873809218406677,0.007667026948183775,0.014729531481862068,0.9866179823875427
Lioponera_daikoku_OKENT0105067_processed.obj,Stage_2_deform_coarse,0.0007831335533410311,0.030709249898791313,0.015231136232614517,0.015478113666176796,0.038858864456415176,0.19486188888549805,0.07407096773386002,0.07556666433811188,0.07263333350419998,0.3600940704345703,0.3803333342075348,0.3418999910354614,0.8005548119544983,0.8342999815940857,0.769433319568634,0.9782494902610779,0.9684333205223083,0.9882667064666748,0.7847282886505127,0.4174000024795532,1.4305987358093262,1.9053934812545776,3.453324317932129,0.5283005833625793,0.3881094753742218,3.7452187538146973,0.7070000767707825,0.0,0.7435368895530701,0.2889856696128845,0.027310596778988838,0.08242326974868774,0.41691768169403076,15.25252914428711,97.54296112060547,0.01140771247446537,0.07354747503995895,0.07511147111654282,0.0719364807009697,-0.0010905861854553223,0.015578018501400948,0.035893891006708145,0.7528735995292664,0.012777924537658691,0.030604163184762,0.8591808676719666,0.011482495814561844,0.020961692556738853,0.9281768202781677,0.01284787617623806,0.023696869611740112,0.8627968430519104,0.013016902841627598,0.028944602236151695,0.874581515789032,0.012200337834656239,0.025296282023191452,0.8978102207183838
Mayriella_sp._CASENT0745610_processed.obj,Stage_2_deform_coarse,0.0007128845318220556,0.03088129311800003,0.014707700349390507,0.01617359183728695,0.03755344823002815,0.1151280626654625,0.0667453184723854,0.0689999982714653,0.0646333321928978,0.34176403284072876,0.36936667561531067,0.3179999887943268,0.7789649963378906,0.8332333564758301,0.731333315372467,0.9840258955955505,0.9777333736419678,0.9904000163078308,0.7341876029968262,0.39936667680740356,1.367777705192566,1.6096135377883911,3.162095069885254,0.5123311281204224,0.3840317130088806,3.021972179412842,0.6764105558395386,0.0,0.7533847689628601,0.29556286334991455,0.025590628385543823,0.07009124755859375,0.3049233555793762,15.212655067443848,86.03343963623047,0.008702455088496208,0.03597192093729973,0.0366770401597023,0.03595311567187309,0.0033431537449359894,0.013701504096388817,0.02871011197566986,0.8321838974952698,0.011905159801244736,0.025376783683896065,0.8996778726577759,0.011762999929487705,0.02499007247388363,0.919889509677887,0.012344172224402428,0.02358454093337059,0.9050132036209106,0.01208677887916565,0.023592190816998482,0.9054854512214661,0.012802358716726303,0.03404718264937401,0.8941605687141418
Mesoponera_ambigua_CASENT0745584_processed.obj,Stage_2_deform_coarse,0.0006389814661815763,0.028029050678014755,0.01367824338376522,0.01435080822557211,0.03577648475766182,0.1838182508945465,0.09219280630350113,0.09416666626930237,0.09030000120401382,0.41956067085266113,0.4514666795730591,0.39186668395996094,0.8287883996963501,0.8677999973297119,0.7931333184242249,0.9840050935745239,0.9744333624839783,0.9937666654586792,0.7910436987876892,0.33336666226387024,1.378413438796997,1.5727136135101318,3.150441884994507,0.5569862723350525,0.3623405694961548,2.7577364444732666,0.6426988244056702,0.0,0.7525314092636108,0.28182506561279297,0.026333067566156387,0.07266335934400558,0.320339560508728,14.657374382019043,92.1737060546875,0.010527689009904861,0.05661940574645996,0.05725480616092682,0.0561961904168129,-0.0012812726199626923,0.011844009160995483,0.022077113389968872,0.9210728406906128,0.010778315365314484,0.02535460889339447,0.9199264049530029,0.011729774065315723,0.02358490414917469,0.9392265677452087,0.011742879636585712,0.022344985976815224,0.9155673384666443,0.012532591819763184,0.02631359174847603,0.9039402604103088,0.010510288178920746,0.01907368004322052,0.956204354763031
Myrmecina_ryukyuensis_OKENT0105085_processed.obj,Stage_2_deform_coarse,0.0002925728331319988,0.01777082309126854,0.008555802516639233,0.009215019643306732,0.019444504752755165,0.2535029649734497,0.23001128435134888,0.23579999804496765,0.22450000047683716,0.7199122309684753,0.7503666877746582,0.6918333172798157,0.9605072736740112,0.9655333161354065,0.9555333256721497,0.9951823949813843,0.9941999912261963,0.9961667060852051,0.8438458442687988,0.17470000684261322,1.2194645404815674,1.2338358163833618,2.218130588531494,0.5485673546791077,0.30124980211257935,1.894819974899292,0.5442842245101929,0.0,0.7812072038650513,0.3501833975315094,0.015529009513556957,0.039477139711380005,0.2179470956325531,13.637946128845215,73.81461334228516,0.005540888756513596,0.004326207563281059,0.005001198034733534,0.004301586654037237,-0.004004359245300293,0.007445887196809053,0.01378155779093504,0.994636058807373,0.006838729605078697,0.012321168556809425,0.9990796446800232,0.00991873163729906,0.01776721701025963,0.9696133136749268,0.007557966746389866,0.012857859954237938,0.9973615407943726,0.008676737546920776,0.018601644784212112,0.9575070738792419,0.007799873594194651,0.013809841126203537,0.9951338171958923
Myrmecina_sp._CASENT0745613_processed.obj,Stage_2_deform_coarse,0.00045718246838077903,0.024572374299168587,0.011701343581080437,0.01287103071808815,0.030552715063095093,0.12017268687486649,0.11826673895120621,0.12333333492279053,0.1136000007390976,0.4916040003299713,0.5334666967391968,0.4558333456516266,0.8684610724449158,0.9048333168029785,0.8349000215530396,0.9937043786048889,0.9883666634559631,0.9991000294685364,0.7965667843818665,0.3246999979019165,1.3912101984024048,1.6803457736968994,3.2432191371917725,0.5243831276893616,0.389483779668808,2.8631949424743652,0.6962640881538391,0.0,0.7582505345344543,0.3121413290500641,0.02438989095389843,0.0593634694814682,0.25164178013801575,15.362397193908691,94.7839126586914,0.010886216536164284,0.012731541879475117,0.013716118410229683,0.012520113959908485,0.0003173463046550751,0.010258757509291172,0.021111126989126205,0.9375479221343994,0.010928393341600895,0.024974342435598373,0.9116429090499878,0.00982713419944048,0.016494018957018852,0.9861878752708435,0.009436252526938915,0.01741683855652809,0.9683377742767334,0.011305006220936775,0.025370001792907715,0.9152716994285583,0.01163120474666357,0.027116956189274788,0.9124087691307068
Nesomyrmex_angulatus_CASENT0744820_processed.obj,Stage_2_deform_coarse,0.0007395001593977213,0.03017524629831314,0.014953690581023693,0.015221554785966873,0.03883002698421478,0.19463635981082916,0.07710769027471542,0.07930000126361847,0.07503333687782288,0.3711564242839813,0.3944000005722046,0.3505000174045563,0.8016130924224854,0.8341333270072937,0.7715333700180054,0.9799765944480896,0.9684000015258789,0.9918333292007446,0.7598277926445007,0.3945000171661377,1.418948769569397,1.9445955753326416,3.2340409755706787,0.5300777554512024,0.3870222866535187,4.127967834472656,0.6883695125579834,0.0,0.7560843825340271,0.31366291642189026,0.028696255758404732,0.07346298545598984,0.4564146399497986,14.933690071105957,89.919921875,0.009973599575459957,0.0004940457874909043,0.0011717184679582715,0.0004927658010274172,-0.008064236491918564,0.015254960395395756,0.03046223521232605,0.7758620977401733,0.012544065713882446,0.026362508535385132,0.8831109404563904,0.013458410277962685,0.0270847138017416,0.8646408915519714,0.011669511906802654,0.02228901907801628,0.9050132036209106,0.011086313985288143,0.021470975130796432,0.9317538142204285,0.011865738779306412,0.02452733740210533,0.9099756479263306
Odontomachus_troglodytes_CASENT0744970_processed.obj,Stage_2_deform_coarse,0.0001954836625372991,0.014994245022535324,0.007593081798404455,0.007401162758469582,0.016522753983736038,0.1148870438337326,0.3470277488231659,0.3545333445072174,0.3398333489894867,0.8129748106002808,0.8358333706855774,0.7913333177566528,0.9723090529441833,0.9674666523933411,0.9772000312805176,0.9963534474372864,0.992733359336853,1.0,0.7984750866889954,0.13743333518505096,1.1855190992355347,0.9746512770652771,2.274796962738037,0.5658214092254639,0.2949538230895996,1.6077299118041992,0.5340173840522766,0.0,0.7719929814338684,0.35756999254226685,0.014682148583233356,0.031485479325056076,0.20850792527198792,13.922369003295898,72.09077453613281,0.005312734749168158,0.020381484180688858,0.020915158092975616,0.01995929703116417,-0.0014151334762573242,0.005694139748811722,0.011569330468773842,0.9977011680603027,0.0056589762680232525,0.01035017054527998,0.9990796446800232,0.007155929692089558,0.014349264092743397,0.9779005646705627,0.007331657223403454,0.014701810665428638,1.0,0.007705027237534523,0.014801716431975365,0.981715202331543,0.007171891629695892,0.015021543018519878,0.974452555179596
Oxyopomyrmex_saulcyi_CASENT0745218_processed.obj,Stage_2_deform_coarse,0.0004477261973079294,0.024804452434182167,0.01155931781977415,0.013245134614408016,0.031973134726285934,0.13397584855556488,0.10385753959417343,0.10760000348091125,0.10036666691303253,0.47095808386802673,0.5073999762535095,0.4394000172615051,0.8724126815795898,0.9079333543777466,0.8395666480064392,0.9939988255500793,0.9951000213623047,0.992900013923645,0.7660480737686157,0.4146000146865845,1.2417044639587402,1.2713370323181152,2.4614148139953613,0.5672134757041931,0.3154960572719574,2.1154046058654785,0.5616688132286072,0.0,0.7639568448066711,0.34306102991104126,0.01947881281375885,0.05010503903031349,0.26982787251472473,14.246020317077637,76.45447540283203,0.007170562166720629,0.001222439226694405,0.001985314302146435,0.0012904269387945533,-0.004859606269747019,0.009262744337320328,0.01677539572119713,0.9808429479598999,0.01210166234523058,0.026019621640443802,0.8798895478248596,0.010616971179842949,0.01864122413098812,0.9640884399414062,0.00949300080537796,0.01642969250679016,0.9894459247589111,0.009933505207300186,0.017591243609786034,0.9721864461898804,0.010126689448952675,0.01898586004972458,0.9525547623634338
Polyrhachis_decemdentata_CASENT0744779_processed.obj,Stage_2_deform_coarse,0.0003596212191041559,0.02211444452404976,0.010394793935120106,0.011719650588929653,0.027493074536323547,0.09143376350402832,0.15047825872898102,0.15546667575836182,0.14579999446868896,0.5534183979034424,0.5955333113670349,0.5168666839599609,0.8985124230384827,0.9326333403587341,0.8668000102043152,0.9964580535888672,0.9935333728790283,0.9994000196456909,0.8199992179870605,0.3258666694164276,1.312576413154602,1.2318068742752075,2.8680083751678467,0.527661144733429,0.36965659260749817,2.3289077281951904,0.6638597846031189,0.0,0.7633121013641357,0.3217257857322693,0.024031901732087135,0.05875883623957634,0.2783065140247345,15.245015144348145,85.55146789550781,0.008604674600064754,0.008431904949247837,0.00950539205223322,0.00849531963467598,-0.004696270450949669,0.009316765703260899,0.019099295139312744,0.9563218355178833,0.008694526739418507,0.0165181215852499,0.9779107570648193,0.011250955052673817,0.020243413746356964,0.9447514414787292,0.012037619948387146,0.024380559101700783,0.8707124590873718,0.010163258761167526,0.02025390788912773,0.9477208256721497,0.00932534970343113,0.01777821034193039,0.970802903175354
Polyrhachis_dives_CASENT0878093_processed.obj,Stage_2_deform_coarse,0.00068408262450248,0.02792637050151825,0.013868806883692741,0.014057562686502934,0.035496052354574203,0.2026532143354416,0.09330037981271744,0.09616667032241821,0.09059999883174896,0.4215307831764221,0.45723333954811096,0.39100000262260437,0.8388184905052185,0.8705333471298218,0.809333324432373,0.9846410155296326,0.9751999974250793,0.9942666888237,0.8109517097473145,0.35740000009536743,1.3583686351776123,1.6995065212249756,3.0045576095581055,0.5400261878967285,0.36066481471061707,3.2395641803741455,0.6252850294113159,0.0,0.7582154870033264,0.2857411801815033,0.028219636529684067,0.07327806204557419,0.37279781699180603,14.859375,86.00399017333984,0.008865421637892723,0.0099180918186903,0.010726958513259888,0.01007221732288599,3.8708560168743134e-05,0.01371913030743599,0.028944572433829308,0.8394635915756226,0.0126386359333992,0.030075328424572945,0.8624022006988525,0.01257662009447813,0.01981160044670105,0.950276255607605,0.013158630579710007,0.0315357968211174,0.8759894967079163,0.011987336911261082,0.02224082127213478,0.9263456463813782,0.01600881852209568,0.056515973061323166,0.8576642274856567
Ponera_kohmoku_OKENT0105440_processed.obj,Stage_2_deform_coarse,0.000441928394138813,0.021809495985507965,0.011139798909425735,0.010669696144759655,0.02815948985517025,0.18256235122680664,0.1691991537809372,0.17409999668598175,0.16456666588783264,0.6140627264976501,0.6370999813079834,0.5926333665847778,0.909765362739563,0.9176999926567078,0.9019666910171509,0.99017733335495,0.9817667007446289,0.9987333416938782,0.7814705967903137,0.30560001730918884,1.271440029144287,1.3206868171691895,2.6412363052368164,0.5414209365844727,0.33151593804359436,2.2026233673095703,0.5863839387893677,0.0,0.7600758671760559,0.3271455466747284,0.01964159496128559,0.054345715790987015,0.21886464953422546,14.94322681427002,82.71055603027344,0.008148365654051304,0.0012271025916561484,0.002154494635760784,0.0012263944372534752,-0.00531269796192646,0.008322162553668022,0.015576988458633423,0.9823755025863647,0.008653300814330578,0.01799650676548481,0.9608835577964783,0.009669994935393333,0.01804398186504841,0.9861878752708435,0.008132155053317547,0.0155172199010849,0.9788918495178223,0.009081952273845673,0.018216315656900406,0.9639454483985901,0.011238683015108109,0.03278014436364174,0.9099756479263306
Ponera_tamon_OKENT0105154_processed.obj,Stage_2_deform_coarse,0.00015577365411445498,0.014923179522156715,0.0070871938951313496,0.007835985161364079,0.017155790701508522,0.06365620344877243,0.3091720640659332,0.32226666808128357,0.2971000075340271,0.8060349822044373,0.8378666639328003,0.7765333652496338,0.9755251407623291,0.9819333553314209,0.9692000150680542,0.9997999668121338,1.0,0.9995999932289124,0.8241356611251831,0.28459998965263367,1.1947665214538574,0.9891182780265808,2.2820839881896973,0.5817952156066895,0.28875961899757385,1.7109321355819702,0.5051908493041992,0.0,0.7885211706161499,0.3758962154388428,0.012955302372574806,0.03102145902812481,0.16867326200008392,14.083248138427734,79.6244125366211,0.007072781678289175,0.026477640494704247,0.027332281693816185,0.02706356719136238,-0.0026237014681100845,0.006269687321037054,0.010801444761455059,0.9973180294036865,0.006033765617758036,0.010826769284904003,0.9981592297554016,0.0063957213424146175,0.0112815136089921,0.9944751858711243,0.00813160091638565,0.016585931181907654,0.9709762930870056,0.007394060492515564,0.01634807698428631,0.9708988070487976,0.007094798609614372,0.014157511293888092,0.9781022071838379
Pseudolasius_sp._CASENT0878065_processed.obj,Stage_2_deform_coarse,0.00046165514504536986,0.025467369705438614,0.012019868940114975,0.013447501696646214,0.03171228989958763,0.08578401803970337,0.09556233882904053,0.09700000286102295,0.09416666626930237,0.4423099756240845,0.46869999170303345,0.4187333285808563,0.8636690378189087,0.9028666615486145,0.8277333378791809,0.99581378698349,0.9941333532333374,0.9975000023841858,0.8072596192359924,0.272599995136261,1.3588461875915527,1.6355948448181152,3.049771547317505,0.5222957730293274,0.3809913992881775,2.8561298847198486,0.7020377516746521,0.0,0.765836238861084,0.302384614944458,0.025316068902611732,0.06414957344532013,0.48970887064933777,15.015385627746582,89.92921447753906,0.010006193071603775,0.034274350851774216,0.035287924110889435,0.03474194183945656,-0.0029673241078853607,0.01143651269376278,0.02426837757229805,0.9015325903892517,0.013310329057276249,0.025755610316991806,0.8693051338195801,0.010270688682794571,0.018236661329865456,0.961326003074646,0.011345836333930492,0.019807323813438416,0.9525066614151001,0.011885124258697033,0.02234933339059353,0.9199073314666748,0.011157972738146782,0.021915758028626442,0.9379562139511108
Pseudomyrmex_cf.solis_CASENT0744065_processed.obj,Stage_2_deform_coarse,0.0001794287672964856,0.015658732503652573,0.007483617402613163,0.00817511510103941,0.019345710054039955,0.07040566951036453,0.3121175169944763,0.3223666846752167,0.30250000953674316,0.779017448425293,0.8188666701316833,0.7428666949272156,0.9623355269432068,0.9691666960716248,0.9556000232696533,0.9994831681251526,0.9990666508674622,0.9998999834060669,0.8135251402854919,0.27193334698677063,1.2744243144989014,1.1957322359085083,2.7889437675476074,0.5283457636833191,0.3431331217288971,2.09006404876709,0.6103224754333496,0.0,0.7564531564712524,0.3407436013221741,0.014923095703125,0.03736760839819908,0.1981526017189026,14.837642669677734,89.73699951171875,0.009973599575459957,0.006350536365061998,0.007408902049064636,0.006365705747157335,-0.0011856751516461372,0.0060516283847391605,0.011825913563370705,0.992337167263031,0.00783815048635006,0.017827998846769333,0.9654855132102966,0.007556226570159197,0.014728004112839699,0.9861878752708435,0.007230711169540882,0.012913468293845654,0.9947230219841003,0.007642119657248259,0.014739301055669785,0.9809426069259644,0.00846798624843359,0.02181761898100376,0.9391727447509766
Solenopsis_invicta_CASENT0744384_processed.obj,Stage_2_deform_coarse,0.0005623575416393578,0.027790237218141556,0.012786127626895905,0.015004109591245651,0.036081165075302124,0.08494294434785843,0.08868454396724701,0.09146666526794434,0.08606667071580887,0.4054601490497589,0.4371333420276642,0.37806665897369385,0.8169152736663818,0.8698333501815796,0.7700666785240173,0.9918152689933777,0.9930000305175781,0.9906333684921265,0.7381717562675476,0.4367000162601471,1.360774040222168,1.6001571416854858,3.096806526184082,0.5340316891670227,0.37360814213752747,2.8247156143188477,0.6758902072906494,0.0,0.7488940358161926,0.3119230568408966,0.0223394762724638,0.05770667642354965,0.33604827523231506,15.766214370727539,94.50779724121094,0.011212151497602463,0.028666656464338303,0.02960825525224209,0.02887227013707161,-0.003966730087995529,0.011821461841464043,0.026306748390197754,0.8877394795417786,0.011197129264473915,0.021212661638855934,0.9341923594474792,0.011224652640521526,0.0203959159553051,0.9447514414787292,0.011446041986346245,0.020725557580590248,0.9287599325180054,0.01207597367465496,0.02462775632739067,0.9083183407783508,0.009769896976649761,0.018400907516479492,0.9635036587715149
Stigmatomma_FHG02_CASENT0745561_processed.obj,Stage_2_deform_coarse,0.00044584315037354827,0.02336880937218666,0.011478586122393608,0.011890224181115627,0.027884023264050484,0.14923882484436035,0.13430970907211304,0.13713333010673523,0.1316000074148178,0.5406321883201599,0.5683000087738037,0.5155333280563354,0.8928090333938599,0.911466658115387,0.8748999834060669,0.9906376004219055,0.9853000044822693,0.9960333704948425,0.807194173336029,0.3502666652202606,1.2865554094314575,1.2876601219177246,2.862872838973999,0.5505125522613525,0.3391319811344147,2.226179838180542,0.6036583781242371,0.0,0.7555152177810669,0.30421340465545654,0.02299191989004612,0.061563387513160706,0.3025778830051422,14.52517318725586,88.95271301269531,0.00977803859859705,0.03456582501530647,0.035666324198246,0.03459492698311806,-0.0010096430778503418,0.010285565629601479,0.02098327875137329,0.9383141994476318,0.009010826237499714,0.017525997012853622,0.9696272611618042,0.009658987633883953,0.018899325281381607,0.9558011293411255,0.009641122072935104,0.018877491354942322,0.9683377742767334,0.011182372458279133,0.025798920542001724,0.8962143063545227,0.010639241896569729,0.02386985905468464,0.9221411347389221
Strumigenys_alberti_CASENT0878103_processed.obj,Stage_2_deform_coarse,0.0004863954964093864,0.025699103251099586,0.012010602280497551,0.013688500970602036,0.03210825100541115,0.1016891747713089,0.09941153973340988,0.10246666520833969,0.09653333574533463,0.448518306016922,0.4857333302497864,0.4166000187397003,0.855688214302063,0.9047999978065491,0.8116333484649658,0.9940742254257202,0.9910666942596436,0.9970999956130981,0.7976725101470947,0.2800333499908447,1.4032213687896729,1.4920461177825928,3.1496517658233643,0.5796784162521362,0.36723533272743225,2.9824209213256836,0.6632235646247864,0.0,0.7782817482948303,0.32787635922431946,0.02377176657319069,0.059919167309999466,0.31397533416748047,14.56320571899414,92.23377990722656,0.010755842551589012,0.01511520054191351,0.015678701922297478,0.015175743959844112,-0.0005196211859583855,0.01165090687572956,0.022603889927268028,0.9176245331764221,0.009935669600963593,0.019688034430146217,0.9521399140357971,0.011196504347026348,0.01940128020942211,0.9585635662078857,0.009473983198404312,0.017101243138313293,0.9868074059486389,0.012194650247693062,0.02548394165933132,0.9101210832595825,0.011432986706495285,0.019633660092949867,0.9549878239631653
Strumigenys_canina_OKENT0105288_processed.obj,Stage_2_deform_coarse,0.00040487624937668443,0.021661363542079926,0.010479108430445194,0.011182256042957306,0.02653348818421364,0.16112549602985382,0.1635705977678299,0.1694333404302597,0.15810000896453857,0.5950941443443298,0.6331333518028259,0.5613666772842407,0.9087220430374146,0.9348666667938232,0.8840000033378601,0.994420051574707,0.9908000230789185,0.9980666637420654,0.8003074526786804,0.2616666555404663,1.2559312582015991,1.2319444417953491,2.5935282707214355,0.5344727039337158,0.3284837305545807,2.0345590114593506,0.5892224907875061,0.0,0.7522910237312317,0.31741222739219666,0.019934620708227158,0.0509575717151165,0.32473495602607727,14.157081604003906,85.92398834228516,0.008898015134036541,0.0054188440553843975,0.00611937465146184,0.005529387388378382,0.0009708809666335583,0.009110906161367893,0.018356259912252426,0.9639846682548523,0.009492583572864532,0.022390395402908325,0.937873899936676,0.008648838847875595,0.015482249669730663,0.9944751858711243,0.010780402459204197,0.021448593586683273,0.9261214137077332,0.00980640109628439,0.019810492172837257,0.9508112668991089,0.008885345421731472,0.01728801056742668,0.9683698415756226
Strumigenys_crassicornis_CASENT0744273_processed.obj,Stage_2_deform_coarse,0.0005036669899709523,0.025760626420378685,0.01216339971870184,0.013597226701676846,0.03204420581459999,0.12113797664642334,0.10159384459257126,0.1046999990940094,0.09866666793823242,0.45472344756126404,0.4955666661262512,0.42010000348091125,0.8596941828727722,0.9043999910354614,0.8192000389099121,0.9921171069145203,0.9864333271980286,0.997866690158844,0.7953920364379883,0.29500001668930054,1.3690659999847412,1.607731819152832,3.0331099033355713,0.5322604179382324,0.3702842891216278,2.9851396083831787,0.6593307852745056,0.0,0.7659422159194946,0.32289135456085205,0.024757493287324905,0.06275772303342819,0.353454053401947,14.8263578414917,87.06169128417969,0.009647665545344353,0.01562691666185856,0.016628604382276535,0.016276292502880096,-0.004523828625679016,0.011687010526657104,0.023223619908094406,0.9134100079536438,0.011350655928254128,0.025101516395807266,0.917165219783783,0.010425410233438015,0.018206804990768433,0.9668508768081665,0.010981830768287182,0.020384082570672035,0.9445910453796387,0.011209952645003796,0.0219715628772974,0.9348441958427429,0.010584493167698383,0.018331775441765785,0.9610705375671387
Strumigenys_sp._appretiata_group_CASENT0744156_processed.obj,Stage_2_deform_coarse,0.0003302791155874729,0.021097570657730103,0.009800496511161327,0.011297074146568775,0.02603827230632305,0.12792016565799713,0.16217076778411865,0.16940000653266907,0.1555333286523819,0.5844465494155884,0.6409000158309937,0.5371333360671997,0.9160550832748413,0.9447333216667175,0.8890666961669922,0.9975317716598511,0.9962666630744934,0.9988000392913818,0.817215085029602,0.3676333427429199,1.2897958755493164,1.3353122472763062,2.7268314361572266,0.5470024943351746,0.3451908230781555,2.267167091369629,0.6068610548973083,0.0,0.7777020335197449,0.3447658121585846,0.019133273512125015,0.04927470535039902,0.2055702805519104,14.360010147094727,81.13397979736328,0.008246146142482758,0.0005607957136817276,0.0012527336366474628,0.0005616712151095271,-0.006246813572943211,0.00879884697496891,0.01663864217698574,0.9804598093032837,0.01253170520067215,0.027656028047204018,0.8601012825965881,0.008897058665752411,0.014903982169926167,0.9889503121376038,0.009594140574336052,0.01975707709789276,0.9525066614151001,0.00959435198456049,0.02136203460395336,0.9433428049087524,0.008262145332992077,0.01477233786135912,0.9805352687835693
Strumigenys_stenorhina_OKENT0105268_processed.obj,Stage_2_deform_coarse,0.00012035977852065116,0.013027366250753403,0.006394919939339161,0.006632446311414242,0.014018719084560871,0.06675619632005692,0.39627736806869507,0.4106999933719635,0.382833331823349,0.8767291307449341,0.8908666968345642,0.8630333542823792,0.9839159250259399,0.9830333590507507,0.9848000407218933,0.9995832443237305,0.9993000030517578,0.9998666644096375,0.847900390625,0.2930000126361847,1.1156625747680664,0.8074022531509399,1.9630439281463623,0.5920115113258362,0.25981825590133667,1.4634960889816284,0.4608452618122101,0.0,0.763095498085022,0.3595004677772522,0.012040447443723679,0.029439397156238556,0.20498095452785492,13.15478515625,71.69876098632812,0.0050193932838737965,0.00033931329380720854,0.0008102956344373524,0.0003470748197287321,-0.008285426534712315,0.005428989417850971,0.010384200140833855,0.9977011680603027,0.006008881609886885,0.011171340011060238,0.9976990222930908,0.005375433713197708,0.009888386353850365,0.9972376227378845,0.006229870021343231,0.01076409500092268,0.9947230219841003,0.00559784984216094,0.009894812479615211,0.9997425079345703,0.006682665087282658,0.016625065356492996,0.9610705375671387
Syllophopsis_sechellensis_OKENT0105212_processed.obj,Stage_2_deform_coarse,0.00012270218576304615,0.013267798349261284,0.0065941824577748775,0.006673615891486406,0.01416811440140009,0.061825722455978394,0.38829970359802246,0.39346668124198914,0.3832666575908661,0.8626135587692261,0.8736000061035156,0.8518999814987183,0.9851754307746887,0.9824000000953674,0.9879666566848755,0.9997333884239197,0.9995333552360535,0.9999333620071411,0.8498556017875671,0.12133333832025528,1.20368492603302,1.0299726724624634,2.201997995376587,0.6086300611495972,0.27701637148857117,1.7519090175628662,0.4943666458129883,0.0,0.8042150139808655,0.39803841710090637,0.012564342468976974,0.028228644281625748,0.18241006135940552,13.460057258605957,75.50416564941406,0.006192758213728666,0.04937753081321716,0.05033990368247032,0.0494060218334198,-0.004028305411338806,0.005622491240501404,0.011468986049294472,0.9931034445762634,0.005125444382429123,0.009449332021176815,0.999539852142334,0.007609379477798939,0.013889632187783718,0.991712749004364,0.006945391185581684,0.013647102750837803,0.9894459247589111,0.0072975060902535915,0.01413844246417284,0.9837754368782043,0.006842145696282387,0.013460205867886543,0.9793187379837036
Temnothorax_congruus_OKENT0105443_processed.obj,Stage_2_deform_coarse,0.00020346653764136136,0.016755491495132446,0.007606357801705599,0.00914913322776556,0.021807700395584106,0.08670169115066528,0.24791327118873596,0.2598000168800354,0.23706667125225067,0.7428298592567444,0.8021667003631592,0.6916666626930237,0.960284411907196,0.9869000315666199,0.9350666999816895,0.998633086681366,0.9981333613395691,0.9991333484649658,0.8319511413574219,0.24503333866596222,1.1714593172073364,0.8381503224372864,2.066187858581543,0.6196947693824768,0.26596757769584656,1.5953891277313232,0.4706156253814697,0.0,0.805565357208252,0.38213974237442017,0.011736088432371616,0.026098400354385376,0.13013790547847748,13.755688667297363,72.72908020019531,0.00528014125302434,0.015236793085932732,0.01720031537115574,0.015555521473288536,-0.0016972143203020096,0.0068839918822050095,0.012012624181807041,0.9988505840301514,0.006673070602118969,0.01220165565609932,0.9990796446800232,0.008384612388908863,0.014964427798986435,0.991712749004364,0.00805369857698679,0.014200957491993904,1.0,0.008117454126477242,0.015172864310443401,0.9788823127746582,0.007553467061370611,0.015498260036110878,0.9781022071838379
Temnothorax_sp._OKENT0105336_processed.obj,Stage_2_deform_coarse,0.00039149553049355745,0.023335982114076614,0.0106875691562891,0.012648412957787514,0.029814762994647026,0.0824524387717247,0.13208825886249542,0.1386333405971527,0.12613333761692047,0.5177109241485596,0.5668666958808899,0.4764000177383423,0.8822212815284729,0.9213666915893555,0.8462666869163513,0.9972143173217773,0.9987333416938782,0.9957000017166138,0.7642982006072998,0.4408666789531708,1.2817697525024414,1.260040044784546,2.616464138031006,0.5569257140159607,0.33362388610839844,2.24965500831604,0.5904337763786316,0.0,0.7777412533760071,0.35227349400520325,0.018958669155836105,0.05083110183477402,0.2839358448982239,15.054057121276855,90.79965209960938,0.010201754048466682,0.011906924657523632,0.013103061355650425,0.011955786496400833,0.0010229777544736862,0.009493626654148102,0.01768641173839569,0.9758620858192444,0.010551942512392998,0.022055350244045258,0.9309710264205933,0.011620116420090199,0.024774309247732162,0.911602258682251,0.011347511783242226,0.021114224568009377,0.9208443760871887,0.009389843791723251,0.01774238981306553,0.9672933220863342,0.008883008733391762,0.01646304503083229,0.9805352687835693
Tetramorium_kraepelini_CASENT0744084_processed.obj,Stage_2_deform_coarse,0.0004132207250222564,0.02399231120944023,0.010753076523542404,0.013239235617220402,0.03232891112565994,0.08401524275541306,0.11640281230211258,0.12043333798646927,0.11263333261013031,0.48858514428138733,0.5374000072479248,0.4478999972343445,0.8812206387519836,0.9327333569526672,0.835099995136261,0.9965278506278992,0.9988666772842407,0.9941999912261963,0.7914812564849854,0.3694666624069214,1.3101118803024292,1.4106733798980713,2.6772687435150146,0.5697875618934631,0.34135252237319946,2.286778450012207,0.6075487732887268,0.0,0.7691870331764221,0.3200722634792328,0.01987065188586712,0.04658188670873642,0.35723960399627686,15.2693452835083,91.08272552490234,0.010429908521473408,0.006335610523819923,0.007375036831945181,0.006390377879142761,-0.0035489946603775024,0.009860891848802567,0.018557369709014893,0.967432975769043,0.009887554682791233,0.020139839500188828,0.9489185810089111,0.009718719869852066,0.01911105588078499,0.9558011293411255,0.011634781956672668,0.022932564839720726,0.9155673384666443,0.00997537188231945,0.01936689205467701,0.9559618830680847,0.009740984998643398,0.017404010519385338,0.9720194339752197
Acanthostichus_aff.brevicornis_CASENT0744328_processed.obj,Stage_3_deform_fine,0.00015259848441928625,0.01429997943341732,0.007231595925986767,0.0070683835074305534,0.01682962104678154,0.06427212059497833,0.36936289072036743,0.37213334441185,0.3666333258152008,0.8244060277938843,0.8324666619300842,0.8165000081062317,0.9733278155326843,0.9660333395004272,0.980733335018158,0.9993833303451538,0.9991333484649658,0.9996333718299866,0.848180890083313,0.1788666695356369,1.163699746131897,0.9646859169006348,2.4852092266082764,0.3726503252983093,0.37167617678642273,1.6050760746002197,0.7005509734153748,0.0,0.6574240922927856,0.16660109162330627,0.01695815473794937,0.04476568102836609,0.18457376956939697,12.263423919677734,62.76922607421875,0.0036830613389611244,0.0001387677766615525,0.0004039664345327765,0.00013964972458779812,-0.009726851247251034,0.006791470106691122,0.01435874868184328,0.9892720580101013,0.005405073519796133,0.010331100784242153,1.0,0.008777312934398651,0.014196000061929226,0.9972376227378845,0.006674628239125013,0.011752719059586525,1.0,0.008068204857409,0.01769743300974369,0.9693536162376404,0.007152881473302841,0.013839918188750744,0.9902676343917847
Acromyrmex_coronatus_CASENT0744365_processed.obj,Stage_3_deform_fine,0.0002121962606906891,0.016138464212417603,0.008282546885311604,0.007855917327105999,0.01840863935649395,0.08823009580373764,0.2913172245025635,0.29350000619888306,0.289166659116745,0.7828092575073242,0.8003000020980835,0.7660666704177856,0.9638845324516296,0.9550666809082031,0.9728666543960571,0.9959511160850525,0.9920333623886108,0.9998999834060669,0.8410186767578125,0.12999999523162842,1.1645240783691406,1.2600421905517578,2.2099125385284424,0.4172031581401825,0.34079980850219727,1.6715461015701294,0.6138712763786316,0.0,0.7120653986930847,0.1803198754787445,0.018718570470809937,0.051102906465530396,0.2970270812511444,12.901598930358887,64.4466552734375,0.003389720106497407,0.048009421676397324,0.048249125480651855,0.04839920997619629,-0.00019756704568862915,0.006892763543874025,0.013236237689852715,0.9954023361206055,0.006295036990195513,0.011629779823124409,0.994017481803894,0.008190913125872612,0.01335687655955553,0.9834254384040833,0.008587907999753952,0.020954908803105354,0.9445910453796387,0.007711364887654781,0.01481684111058712,0.9835179448127747,0.008300756104290485,0.018230587244033813,0.9622870683670044
Acromyrmex_lobicornis_CASENT0878007_processed.obj,Stage_3_deform_fine,0.0003185556852258742,0.021032650023698807,0.01025022380053997,0.010782425291836262,0.02376626431941986,0.09442724287509918,0.14988930523395538,0.1529666632413864,0.14693333208560944,0.5792450904846191,0.6082666516304016,0.5528666973114014,0.9237759113311768,0.9366333484649658,0.9112666845321655,0.9965798854827881,0.9947333335876465,0.9984333515167236,0.8119099736213684,0.24066667258739471,1.3055626153945923,1.3961776494979858,3.0801103115081787,0.3992106318473816,0.4177175760269165,2.4183177947998047,0.7623838186264038,0.0,0.6986662149429321,0.17783477902412415,0.02403407357633114,0.0654749870300293,0.3926616609096527,13.187479972839355,67.27755737304688,0.00528014125302434,0.01738404855132103,0.017723551020026207,0.017772944644093513,0.002690698951482773,0.00950589869171381,0.018193179741501808,0.9678161144256592,0.00910209771245718,0.017036525532603264,0.9691670536994934,0.009359071031212807,0.01666092686355114,0.991712749004364,0.009408794343471527,0.016728056594729424,0.9841688871383667,0.009945771656930447,0.018842030316591263,0.958537220954895,0.009854472242295742,0.017807193100452423,0.9756690859794617
Anochetus_risii_CASENT0877608_processed.obj,Stage_3_deform_fine,0.00013183233386371285,0.013644901104271412,0.0067605567164719105,0.006884344387799501,0.01466089766472578,0.057684749364852905,0.3650943338871002,0.373199999332428,0.35733333230018616,0.8555195927619934,0.8726666569709778,0.8390333652496338,0.9827573299407959,0.9797333478927612,0.98580002784729,0.9994831085205078,0.9989666938781738,1.0,0.8633984923362732,0.109333336353302,1.1069555282592773,0.7966018319129944,1.8678897619247437,0.514488160610199,0.2749403715133667,1.3241002559661865,0.4917180836200714,0.0,0.7264942526817322,0.1841365247964859,0.01312045194208622,0.037337590008974075,0.1985855996608734,12.365238189697266,59.27184295654297,0.0031289723701775074,0.00323850498534739,0.0035425752867013216,0.003247555810958147,-0.007694197818636894,0.00568742910400033,0.010853779502213001,0.9977011680603027,0.005938366521149874,0.011256489902734756,0.9898757934570312,0.007639753632247448,0.015630582347512245,0.9834254384040833,0.006709542125463486,0.012413998134434223,1.0,0.006299526896327734,0.011351346969604492,0.9951068758964539,0.006454703398048878,0.010298405773937702,0.9866179823875427
Anochetus_risii_CASENT0877609_processed.obj,Stage_3_deform_fine,0.0004443784127943218,0.024450551718473434,0.012265249155461788,0.012185302563011646,0.031476940959692,0.14270319044589996,0.10878407210111618,0.11070000380277634,0.10693333297967911,0.48139089345932007,0.5056333541870117,0.45936667919158936,0.8818305134773254,0.8906333446502686,0.873199999332428,0.992511510848999,0.9863666892051697,0.9987333416938782,0.7926781177520752,0.32766667008399963,1.3541384935379028,1.870499849319458,3.2494828701019287,0.3712415397167206,0.4497728645801544,3.0203936100006104,0.8531089425086975,0.0,0.627015233039856,0.12658335268497467,0.028092151507735252,0.07968846708536148,0.3555165231227875,13.392452239990234,72.90088653564453,0.006420912221074104,0.016397563740611076,0.016930101439356804,0.016560982912778854,0.00039236247539520264,0.011648744344711304,0.023881133645772934,0.9172413945198059,0.012222452089190483,0.025621971115469933,0.8849517107009888,0.009585827589035034,0.01624569669365883,0.9889503121376038,0.010790939442813396,0.017531702294945717,0.97625333070755,0.011544808745384216,0.023674847558140755,0.9075457453727722,0.011041293852031231,0.019677698612213135,0.9501216411590576
Aphaenogaster_pallida_CASENT0745235_processed.obj,Stage_3_deform_fine,0.000137962750159204,0.013484367169439793,0.006727022584527731,0.006757344584912062,0.013737209141254425,0.14187534153461456,0.3616046905517578,0.36640000343322754,0.3569333255290985,0.8642272353172302,0.8829666972160339,0.8462666869163513,0.9893938302993774,0.9869333505630493,0.9918666481971741,0.9984977841377258,0.9970000386238098,1.0,0.9103025197982788,0.040699999779462814,1.0608067512512207,0.572628915309906,1.753761887550354,0.4859277009963989,0.2652514576911926,1.1433860063552856,0.4770103394985199,0.0,0.7659615278244019,0.22857461869716644,0.01129823550581932,0.029956582933664322,0.14281176030635834,11.885968208312988,57.847652435302734,0.0029660051222890615,0.0032848205883055925,0.003656209446489811,0.003296980634331703,-0.00404420867562294,0.006158273667097092,0.011184518225491047,0.9984674453735352,0.005653740838170052,0.010690881870687008,0.9981592297554016,0.008316061459481716,0.013339473865926266,1.0,0.007338999770581722,0.014509282074868679,0.9947230219841003,0.006743912119418383,0.011741409078240395,0.9981973171234131,0.01113020721822977,0.026128241792321205,0.9379562139511108
Atopomyrmex_mocquerysi_CASENT0744784_processed.obj,Stage_3_deform_fine,9.658651833888143e-05,0.011430855840444565,0.005762075074017048,0.00566878030076623,0.013165878131985664,0.05266557261347771,0.5191802382469177,0.5252666473388672,0.5132333636283875,0.9059117436408997,0.9080333709716797,0.9038000106811523,0.9873631596565247,0.9813666939735413,0.9934333562850952,0.9999499917030334,0.9998999834060669,1.0,0.8467839956283569,0.07253333181142807,1.1223186254501343,0.8484169840812683,2.223742723464966,0.40914827585220337,0.34132087230682373,1.3861894607543945,0.6176828742027283,0.0,0.7132967710494995,0.2080996185541153,0.013285817578434944,0.03298798203468323,0.16837213933467865,11.687517166137695,59.16123580932617,0.0023467293940484524,0.02584531158208847,0.02606230601668358,0.026339944452047348,0.00021834857761859894,0.004745155572891235,0.008919968269765377,0.9992337226867676,0.00454512145370245,0.009248708374798298,0.9976990222930908,0.0066364421509206295,0.01234441064298153,0.9944751858711243,0.0057531059719622135,0.012885655276477337,0.9868074059486389,0.006720309145748615,0.014685889706015587,0.9752768874168396,0.00594888674095273,0.011219575069844723,0.989051103591919
Carebara_trechideros_CASENT0877591_processed.obj,Stage_3_deform_fine,0.00014045365969650447,0.012952378019690514,0.006747504696249962,0.0062048728577792645,0.016809862107038498,0.08574103564023972,0.45496636629104614,0.45980000495910645,0.4502333402633667,0.8730208277702332,0.8794000148773193,0.8667333722114563,0.9766014218330383,0.9612666964530945,0.9924333691596985,0.998380720615387,0.9967666864395142,1.0,0.8219374418258667,0.13936667144298553,1.183705449104309,1.2984179258346558,2.45548415184021,0.4045986831188202,0.3532567024230957,1.608229398727417,0.655152440071106,0.0,0.6968104243278503,0.1883748471736908,0.014613619074225426,0.03757922723889351,0.4320676028728485,11.83035659790039,62.717445373535156,0.0030637856107205153,0.025535836815834045,0.02580690011382103,0.025827236473560333,0.002858763560652733,0.004809175152331591,0.009072966873645782,0.9996168613433838,0.004668551497161388,0.008598619140684605,1.0,0.0065627614967525005,0.01170265767723322,0.980663001537323,0.005585736129432917,0.009797587059438229,1.0,0.006863939110189676,0.014635000377893448,0.9714138507843018,0.006403125356882811,0.012340797111392021,0.9927006959915161
Centromyrmex_brachycola_CASENT0744052_processed.obj,Stage_3_deform_fine,0.0001871346466941759,0.016078753396868706,0.007882578298449516,0.00819617509841919,0.018156565725803375,0.08912734687328339,0.27364733815193176,0.28130000829696655,0.266400009393692,0.7695199847221375,0.7967000007629395,0.7441333532333374,0.9671990275382996,0.9681666493415833,0.9662333726882935,0.9988321661949158,0.9977333545684814,0.9999333620071411,0.8624002933502197,0.1798333376646042,1.1335972547531128,0.9339074492454529,2.122749090194702,0.43058064579963684,0.32919764518737793,1.5519092082977295,0.6121596693992615,0.0,0.7153142094612122,0.19859279692173004,0.0161132849752903,0.03915798291563988,0.26915279030799866,12.37372875213623,62.28583908081055,0.0036830613389611244,0.0038054692558944225,0.004050344228744507,0.0038168083410710096,-0.006880315486341715,0.006719490513205528,0.012475503608584404,0.9934865832328796,0.006315272767096758,0.011502198874950409,0.999539852142334,0.008695410564541817,0.014768065884709358,0.9889503121376038,0.006973154842853546,0.011817459017038345,0.9947230219841003,0.009009024128317833,0.020170310512185097,0.9495235681533813,0.009574398398399353,0.01953042484819889,0.9537712931632996
Cephalotes_minutus_CASENT0709253_processed.obj,Stage_3_deform_fine,0.00012699973012786359,0.013975204899907112,0.006621939595788717,0.007353265304118395,0.015500508248806,0.05566265806555748,0.3210931718349457,0.32910001277923584,0.3134666681289673,0.8411281704902649,0.8748999834060669,0.8098666667938232,0.9878477454185486,0.9961667060852051,0.9796666502952576,0.9999499917030334,0.9998999834060669,1.0,0.8921145796775818,0.10253333300352097,1.1034326553344727,0.6976466774940491,1.976233720779419,0.4146314263343811,0.333892285823822,1.297000527381897,0.6229330897331238,0.0,0.7390966415405273,0.22460071742534637,0.015809373930096626,0.03674929961562157,0.17269358038902283,12.220759391784668,60.069950103759766,0.0029985986184328794,0.021824080497026443,0.02202925831079483,0.02190731279551983,-0.0010780040174722672,0.0064280955120921135,0.011851247400045395,0.9957854747772217,0.006061972584575415,0.010963104665279388,1.0,0.0066649289801716805,0.011972912587225437,1.0,0.006299658212810755,0.011546899564564228,1.0,0.007399017456918955,0.013847803696990013,0.988926112651825,0.007003740407526493,0.01333957351744175,0.9927006959915161
Cephalotes_simillimus_CASENT0744408_processed.obj,Stage_3_deform_fine,0.0003986415104009211,0.0233332309871912,0.011026352643966675,0.012306878343224525,0.02877942845225334,0.11473137140274048,0.12912046909332275,0.1320333331823349,0.1263333410024643,0.5129488706588745,0.5519000291824341,0.47913333773612976,0.8866567015647888,0.9181333184242249,0.8572666645050049,0.996364176273346,0.9948000311851501,0.9979333281517029,0.8180111050605774,0.42980000376701355,1.275855302810669,1.4508473873138428,2.84456467628479,0.37237149477005005,0.4350505471229553,2.508932590484619,0.8345615267753601,0.0,0.626738965511322,0.15401571989059448,0.026513485237956047,0.06521512567996979,0.3357401490211487,13.533690452575684,70.22962951660156,0.006029790733009577,0.011054543778300285,0.01183985359966755,0.011091936379671097,-0.004834739491343498,0.010521361604332924,0.021687433123588562,0.9402298927307129,0.012151154689490795,0.024807346984744072,0.8946157693862915,0.009195157326757908,0.016744989901781082,0.980663001537323,0.009635357186198235,0.017213454470038414,0.9736148118972778,0.009710302576422691,0.0186613779515028,0.9667782783508301,0.008866134099662304,0.016763653606176376,0.9768856167793274
Cephalotes_spinosus_CASENT0744158_processed.obj,Stage_3_deform_fine,0.0001960000372491777,0.016340933740139008,0.007917968556284904,0.008422964252531528,0.019172219559550285,0.07998912781476974,0.26867416501045227,0.2741999924182892,0.2633666694164276,0.7546595931053162,0.7878333330154419,0.7241666913032532,0.9640843868255615,0.9710000157356262,0.9572666883468628,0.998047411441803,0.9964333176612854,0.999666690826416,0.8598507642745972,0.13706666231155396,1.099687933921814,0.7633641362190247,2.0777344703674316,0.37552231550216675,0.3574533462524414,1.3301669359207153,0.6784846186637878,0.0,0.6921859979629517,0.1904664784669876,0.018488049507141113,0.04944540932774544,0.27939170598983765,12.703352928161621,61.0635871887207,0.0028030378744006157,0.014852853491902351,0.015075569972395897,0.014906542375683784,-0.001600133255124092,0.0071266270242631435,0.013250056654214859,0.9938697814941406,0.006809906102716923,0.012778693810105324,0.9963184595108032,0.007726012263447046,0.014671538025140762,0.9972376227378845,0.0077327704057097435,0.013227228075265884,0.9841688871383667,0.007786779664456844,0.014290050603449345,0.9917589426040649,0.008473379537463188,0.015192222781479359,0.9671532511711121
Crematogaster_nawai_OKENT0105046_processed.obj,Stage_3_deform_fine,0.0003386671014595777,0.02022314816713333,0.010206268168985844,0.010016879066824913,0.022194012999534607,0.12045254558324814,0.173320010304451,0.17786666750907898,0.16899999976158142,0.6359574198722839,0.6611666679382324,0.6126000285148621,0.9350910186767578,0.9380000233650208,0.932200014591217,0.9926665425300598,0.9869333505630493,0.9984666705131531,0.7822625041007996,0.3598000109195709,1.1557178497314453,1.070796012878418,2.2340376377105713,0.40244242548942566,0.3723713457584381,1.6691932678222656,0.710781455039978,0.0,0.6766563057899475,0.1815636157989502,0.019445769488811493,0.04430785030126572,0.32314568758010864,12.893393516540527,63.52762985229492,0.0042045568116009235,0.021625736728310585,0.022303566336631775,0.021691735833883286,-0.0023820828646421432,0.007957248017191887,0.014378820545971394,0.994636058807373,0.008086899295449257,0.014143351465463638,0.994017481803894,0.012102983891963959,0.02832803502678871,0.9143646955490112,0.010482809506356716,0.017692919820547104,0.9868074059486389,0.008251920342445374,0.01566777564585209,0.9716714024543762,0.007663118652999401,0.01464816927909851,0.9829683899879456
Cryptopone_sauteri_CASENT0743771_processed.obj,Stage_3_deform_fine,0.0002661412872839719,0.019441792741417885,0.00927637703716755,0.010165415704250336,0.022943347692489624,0.0798468366265297,0.1803954392671585,0.1844666749238968,0.17650000751018524,0.6339998841285706,0.6711666584014893,0.6007333397865295,0.9389261603355408,0.9557333588600159,0.9226999878883362,0.99844890832901,0.9973999857902527,0.999500036239624,0.8351074457168579,0.3837999999523163,1.2594573497772217,1.7804181575775146,2.6267263889312744,0.41618674993515015,0.3851597011089325,3.1946585178375244,0.7363389730453491,0.0,0.6726688742637634,0.1783265471458435,0.020498862490057945,0.05286293849349022,0.2802620530128479,13.294792175292969,69.3371810913086,0.006094977725297213,0.032463088631629944,0.032656170427799225,0.032555386424064636,0.0010317862033843994,0.008153120055794716,0.014704837463796139,0.9915708899497986,0.009092440828680992,0.02087254449725151,0.943396270275116,0.008533102460205555,0.01592353917658329,0.9861878752708435,0.008240917697548866,0.01489097997546196,0.9841688871383667,0.008787396363914013,0.016643498092889786,0.9814576506614685,0.00747382827103138,0.0134829580783844,1.0
Cyphoidris_afrc-tz01_CASENT0744810_processed.obj,Stage_3_deform_fine,0.0008253345731645823,0.03387509658932686,0.01648460142314434,0.017390495166182518,0.040327392518520355,0.11212193965911865,0.04580647498369217,0.04650000110268593,0.045133333653211594,0.271340548992157,0.28423333168029785,0.25956666469573975,0.7270434498786926,0.7768999934196472,0.6832000017166138,0.9803524017333984,0.9706667065620422,0.9902333617210388,0.7626762390136719,0.42266666889190674,1.5006567239761353,2.8157033920288086,3.828469753265381,0.37331080436706543,0.4831773340702057,4.798076152801514,0.9274223446846008,0.0,0.6321637630462646,0.13803836703300476,0.032769400626420975,0.09114861488342285,0.37717920541763306,14.199244499206543,81.49983978271484,0.008474300615489483,0.03330022469162941,0.033651258796453476,0.03376839682459831,-0.0016967132687568665,0.015434534288942814,0.031815484166145325,0.7731800675392151,0.015861213207244873,0.0297835823148489,0.7491946816444397,0.014330888167023659,0.027553820982575417,0.8397790193557739,0.012439738027751446,0.02400420978665352,0.8944591283798218,0.014874016866087914,0.030954508110880852,0.821529746055603,0.01550515927374363,0.035339199006557465,0.8150851726531982
Cyphomyrmex_cf.minutus_CASENT0744280_processed.obj,Stage_3_deform_fine,0.0008452408947050571,0.03483515977859497,0.01634889282286167,0.0184862669557333,0.04109866917133331,0.12206801027059555,0.040420036762952805,0.04116666689515114,0.03970000147819519,0.23198442161083221,0.24719999730587006,0.21853333711624146,0.7071537375450134,0.7690666913986206,0.6544666886329651,0.9818329811096191,0.9812333583831787,0.9824333190917969,0.7828750014305115,0.43186667561531067,1.464426875114441,2.5437707901000977,3.7094602584838867,0.4257667362689972,0.4372330605983734,4.465402603149414,0.8414571285247803,0.0,0.673172116279602,0.15555983781814575,0.029729189351201057,0.09062987565994263,0.4473710060119629,13.619537353515625,82.37506103515625,0.008278739638626575,0.020678754895925522,0.021364780142903328,0.0208599716424942,0.0013572163879871368,0.016628792509436607,0.034612689167261124,0.7394636273384094,0.016163021326065063,0.028397196903824806,0.7473539113998413,0.01751917414367199,0.04277323931455612,0.7099447846412659,0.013066121377050877,0.022832542657852173,0.8891820907592773,0.016608869656920433,0.03495233133435249,0.7705382704734802,0.015673357993364334,0.03006102703511715,0.7895377278327942
Dilobocondyla_fouqueti_CASENT0745576_processed.obj,Stage_3_deform_fine,0.00023540292750112712,0.017932716757059097,0.008927169255912304,0.009005546569824219,0.019663959741592407,0.09219274669885635,0.21672411262989044,0.22169999778270721,0.21196666359901428,0.7010704278945923,0.7232999801635742,0.6801666617393494,0.9532999992370605,0.9532666802406311,0.95333331823349,0.9979462027549744,0.9959999918937683,0.9998999834060669,0.8318397998809814,0.26786667108535767,1.1768723726272583,1.172844648361206,2.4277966022491455,0.3796311914920807,0.3824428617954254,1.8372724056243896,0.7328808903694153,0.0,0.6728710532188416,0.17894293367862701,0.021843744441866875,0.05976385250687599,0.27827855944633484,13.061662673950195,65.5649642944336,0.0042371503077447414,0.015676399692893028,0.015931440517306328,0.015655867755413055,-0.0019814539700746536,0.007968501187860966,0.015035243704915047,0.9881226420402527,0.008760161697864532,0.017239205539226532,0.9769903421401978,0.009439845569431782,0.01573360711336136,0.980663001537323,0.00742375710979104,0.012847458943724632,0.9973615407943726,0.008111461065709591,0.014643429778516293,0.9840329885482788,0.0074070049449801445,0.012664749287068844,0.9927006959915161
Dorylus_fulvus_CASENT0745678_processed.obj,Stage_3_deform_fine,0.00015075788542162627,0.014490282163023949,0.006956032011657953,0.007534250617027283,0.017612779513001442,0.058142829686403275,0.3486469089984894,0.3572666645050049,0.3404333293437958,0.8206581473350525,0.8524333238601685,0.7911666631698608,0.9714643955230713,0.975766658782959,0.967199981212616,0.9998167157173157,0.999833345413208,0.9998000264167786,0.8496026396751404,0.2493000030517578,1.1872707605361938,1.0804531574249268,2.408785581588745,0.4238864481449127,0.3579533100128174,1.7937074899673462,0.6532554626464844,0.0,0.7105861902236938,0.19516167044639587,0.015314199961721897,0.03847325220704079,0.24335138499736786,12.236928939819336,62.50719451904297,0.003976402338594198,0.007061378564685583,0.007322188001126051,0.007099561858922243,-0.004738524090498686,0.0059861186891794205,0.012006314471364021,0.9900383353233337,0.007787663489580154,0.018950004130601883,0.9576622247695923,0.00675933575257659,0.01153192762285471,1.0,0.006479739677160978,0.011115685105323792,0.9947230219841003,0.007014436647295952,0.013167837634682655,0.9933041930198669,0.006663792300969362,0.013580124825239182,0.9902676343917847
Eciton_hamatum_CASENT0744580_processed.obj,Stage_3_deform_fine,0.00015811785124242306,0.01387437991797924,0.007485888432711363,0.006388491950929165,0.021826980635523796,0.05937940999865532,0.4275033175945282,0.43343332409858704,0.4217333495616913,0.8420721292495728,0.8274999856948853,0.8571666479110718,0.9662485718727112,0.9415000081062317,0.9923333525657654,0.9992327094078064,0.9984666705131531,1.0,0.7532474398612976,0.164000004529953,1.2021533250808716,1.1965610980987549,2.4248239994049072,0.4218243956565857,0.3603731393814087,1.6620591878890991,0.6479513049125671,0.0,0.6574512720108032,0.17930372059345245,0.014655254781246185,0.03714372217655182,0.262369841337204,12.52381420135498,59.6926383972168,0.0033571268431842327,0.013507395051419735,0.013715296983718872,0.01353763323277235,0.00040251947939395905,0.00527980038896203,0.010215310379862785,0.9969348907470703,0.005975002888590097,0.013425493612885475,0.9848136305809021,0.006987499538809061,0.014056549407541752,0.9972376227378845,0.006027964875102043,0.012612644582986832,0.9894459247589111,0.005777441430836916,0.011260684579610825,0.9933041930198669,0.006254446227103472,0.010772819630801678,0.989051103591919
Ectatomma_brunneum_CASENT0744575_processed.obj,Stage_3_deform_fine,0.0005600366275757551,0.026575110852718353,0.013635563664138317,0.012939547188580036,0.03506194427609444,0.12301774322986603,0.09511222690343857,0.09576667100191116,0.0944666713476181,0.43294650316238403,0.4504333436489105,0.4167666733264923,0.8598278760910034,0.8721666932106018,0.8478333353996277,0.9862706661224365,0.9737666845321655,0.9991000294685364,0.776286244392395,0.3362666666507721,1.3236443996429443,1.650909423828125,3.0985729694366455,0.39899730682373047,0.4113532304763794,2.750789165496826,0.7726678848266602,0.0,0.674554705619812,0.15745340287685394,0.03019813261926174,0.08515427261590958,0.5699416995048523,13.651458740234375,72.26718139648438,0.006583879701793194,0.013972539454698563,0.014504631981253624,0.014173734001815319,0.0019283872097730637,0.01444083359092474,0.03191595524549484,0.8344827890396118,0.010482841171324253,0.021502982825040817,0.9360331296920776,0.01121434848755598,0.020635215565562248,0.941989004611969,0.00990208052098751,0.01832636259496212,0.9709762930870056,0.011830376461148262,0.024611441418528557,0.9191346764564514,0.010981356725096703,0.01953054592013359,0.956204354763031
Eurhopalothrix_procera_CASENT0745605_processed.obj,Stage_3_deform_fine,0.0003412218065932393,0.021448597311973572,0.010475714690983295,0.010972882620990276,0.024648400023579597,0.09548777341842651,0.1537802368402481,0.1578666716814041,0.14990000426769257,0.5759943127632141,0.6097666621208191,0.5457666516304016,0.9151036143302917,0.9298333525657654,0.9008333683013916,0.9956353306770325,0.9918333292007446,0.9994666576385498,0.8082815408706665,0.21899999678134918,1.2092015743255615,1.2002418041229248,2.548229455947876,0.39436039328575134,0.3933400809764862,1.9912383556365967,0.7468889355659485,0.0,0.6783730387687683,0.16033528745174408,0.022421952337026596,0.05669402703642845,0.23126830160617828,13.106287956237793,63.92559814453125,0.0036504678428173065,0.0005518380785360932,0.0011574082309380174,0.0005627939244732261,-0.012819403782486916,0.00942353717982769,0.01828520931303501,0.9651341438293457,0.007940144278109074,0.014199280180037022,0.9949378967285156,0.009728577919304371,0.019515566527843475,0.9530386924743652,0.009774246253073215,0.01672462560236454,0.9973615407943726,0.009980922564864159,0.018980134278535843,0.9600824117660522,0.010173073969781399,0.0186645295470953,0.956204354763031
Heteroponera_panamensis_CASENT0744055_processed.obj,Stage_3_deform_fine,0.0005948208854533732,0.02851795218884945,0.013475279323756695,0.015042672865092754,0.03384188190102577,0.11384010314941406,0.06990932673215866,0.07063333690166473,0.06920000165700912,0.3607454299926758,0.38440001010894775,0.3398333489894867,0.8252415060997009,0.8777000308036804,0.7786999940872192,0.9888558387756348,0.9855999946594238,0.9921333193778992,0.8427585363388062,0.3797999918460846,1.356874942779541,2.014462947845459,3.297559976577759,0.3846156895160675,0.4399121403694153,3.8946712017059326,0.8563961386680603,0.0,0.6515624523162842,0.13271719217300415,0.03147243335843086,0.08826460689306259,0.4096907079219818,13.890687942504883,77.42632293701172,0.0077246506698429585,0.02027147263288498,0.021192142739892006,0.020119143649935722,-0.006606778129935265,0.014646722003817558,0.031142355874180794,0.7988505959510803,0.011112167499959469,0.020383303984999657,0.943396270275116,0.011875409632921219,0.01931113190948963,0.950276255607605,0.0115077318623662,0.01951984502375126,0.9525066614151001,0.012556525878608227,0.024025673046708107,0.8846253156661987,0.016168814152479172,0.04348431155085564,0.8150851726531982
Labidus_praedator_CASENT0744236_processed.obj,Stage_3_deform_fine,0.00019307658658362925,0.015154533088207245,0.008132659830152988,0.007021873723715544,0.023237261921167374,0.07820476591587067,0.37015751004219055,0.37416666746139526,0.36623334884643555,0.810177206993103,0.8045666813850403,0.8158666491508484,0.958327054977417,0.9333000183105469,0.9847333431243896,0.9973764419555664,0.9947666525840759,1.0,0.7670796513557434,0.2842000126838684,1.2435636520385742,1.7052466869354248,2.8272836208343506,0.38297712802886963,0.4200241267681122,1.713730812072754,0.7741979956626892,0.0,0.5929437279701233,0.13457238674163818,0.01951826550066471,0.048158906400203705,0.7505902647972107,13.78027629852295,67.28861236572266,0.004497897811233997,0.04493793100118637,0.045360397547483444,0.04531468078494072,-0.00045307353138923645,0.005776323843747377,0.012000457383692265,0.9931034445762634,0.01118395570665598,0.023662980645895004,0.8803497552871704,0.007136293686926365,0.013159352354705334,0.9972376227378845,0.006536902394145727,0.014592508785426617,0.963060736656189,0.006438662763684988,0.012695792131125927,0.9814576506614685,0.007438223343342543,0.018427593633532524,0.9586374759674072
Labidus_praedator_CASENT0744237_processed.obj,Stage_3_deform_fine,0.00025202156393788755,0.016296830028295517,0.008386020548641682,0.00791080854833126,0.0166780948638916,0.13252395391464233,0.26911136507987976,0.2757333219051361,0.262800008058548,0.791293203830719,0.8165333271026611,0.7675666809082031,0.9702962636947632,0.9658666849136353,0.9747666716575623,0.9940152168273926,0.9881666898727417,0.9999333620071411,0.8663887977600098,0.10793333500623703,1.12837553024292,0.922350287437439,1.9042658805847168,0.5023864507675171,0.28825899958610535,1.443803071975708,0.5253531336784363,0.0,0.7468829154968262,0.2015165239572525,0.01442453358322382,0.038935232907533646,0.20872505009174347,12.35457992553711,61.07500457763672,0.002672663889825344,0.006904107518494129,0.007212547119706869,0.00704488018527627,-0.004425959661602974,0.006419376935809851,0.011684445664286613,0.9988505840301514,0.00628287997096777,0.011669074185192585,1.0,0.009627794846892357,0.014103065244853497,0.9889503121376038,0.007711972575634718,0.013179055415093899,1.0,0.007526475470513105,0.013921410776674747,0.9878959655761719,0.00924495980143547,0.01766814850270748,0.9586374759674072
Lasius_nr._fuliginosus_CASENT0878037_processed.obj,Stage_3_deform_fine,0.00011371353321010247,0.01300482265651226,0.006188959814608097,0.006815863307565451,0.014736966229975224,0.05766468495130539,0.3968583047389984,0.4082333445549011,0.38609999418258667,0.8596824407577515,0.8975666761398315,0.8248666524887085,0.9899134635925293,0.9916999936103821,0.9881333708763123,0.9999333024024963,1.0,0.9998666644096375,0.8882179856300354,0.08826667070388794,1.0767836570739746,0.6870946884155273,1.8208541870117188,0.4803769290447235,0.2777740955352783,1.217438817024231,0.5223000645637512,0.0,0.7379626035690308,0.20611144602298737,0.012403393164277077,0.029505020007491112,0.12590743601322174,11.92651653289795,58.18458938598633,0.002411916386336088,0.012961647473275661,0.013288136571645737,0.012932062149047852,-0.0065955715253949165,0.005566729698330164,0.010173816233873367,1.0,0.005092724692076445,0.009489082731306553,1.0,0.008979909121990204,0.01272114459425211,1.0,0.005743139423429966,0.009342942386865616,1.0,0.006980440113693476,0.012883034534752369,0.9963945746421814,0.007153190206736326,0.012309478595852852,0.989051103591919
Lioponera_daikoku_OKENT0105067_processed.obj,Stage_3_deform_fine,0.0006403260631486773,0.02787722647190094,0.014168702997267246,0.013708524405956268,0.0350196436047554,0.1989680528640747,0.08540549874305725,0.08740000426769257,0.08349999785423279,0.4042932391166687,0.4255000054836273,0.38510000705718994,0.8444414734840393,0.8604333400726318,0.8290333151817322,0.9853772521018982,0.9745000004768372,0.9965000152587891,0.8032332062721252,0.4243333339691162,1.3632572889328003,2.032097101211548,3.331831693649292,0.3825433850288391,0.4322531819343567,3.7724382877349854,0.8320093750953674,0.0,0.6562472581863403,0.14855356514453888,0.026876764371991158,0.07868169993162155,0.4173363447189331,13.395058631896973,74.82041931152344,0.006975001189857721,0.07330706715583801,0.07400942593812943,0.07103046029806137,-0.001416817307472229,0.01457803975790739,0.03222065046429634,0.8038314580917358,0.011999297887086868,0.029088392853736877,0.8909342288970947,0.011016537435352802,0.019874101504683495,0.9558011293411255,0.010823754593729973,0.019404908642172813,0.9577836990356445,0.012307781726121902,0.02553156577050686,0.9062580466270447,0.011647841893136501,0.025974389165639877,0.9075425863265991
Mayriella_sp._CASENT0745610_processed.obj,Stage_3_deform_fine,0.0005830981535837054,0.028013801202178,0.01380492839962244,0.014208872802555561,0.034447088837623596,0.1159110963344574,0.07902120053768158,0.08129999786615372,0.07686666399240494,0.38982295989990234,0.41840001940727234,0.36489999294281006,0.8274997472763062,0.8583000302314758,0.7988333702087402,0.9893942475318909,0.9810000061988831,0.9979333281517029,0.7551247477531433,0.4027666747570038,1.3080681562423706,1.839498519897461,3.0337486267089844,0.3667525351047516,0.4295486807823181,3.0515382289886475,0.8053128719329834,0.0,0.6586562395095825,0.151550754904747,0.02596803568303585,0.07346254587173462,0.3191627264022827,13.916766166687012,71.13016510009766,0.005866823252290487,0.03777480125427246,0.03810995817184448,0.037947412580251694,0.004636015743017197,0.012526435777544975,0.02730071358382702,0.8716475367546082,0.01131493505090475,0.02135874703526497,0.9305108189582825,0.01297478936612606,0.026169825345277786,0.8370165824890137,0.010827976278960705,0.01904614083468914,0.9577836990356445,0.011424130760133266,0.023238126188516617,0.9219675660133362,0.01186500582844019,0.02813130058348179,0.9136252999305725
Mesoponera_ambigua_CASENT0745584_processed.obj,Stage_3_deform_fine,0.0005027562147006392,0.025050142779946327,0.012663425877690315,0.012386716902256012,0.03236342594027519,0.17922066152095795,0.10766470432281494,0.10909999907016754,0.10626666992902756,0.4768092930316925,0.5053333640098572,0.45133334398269653,0.8787963390350342,0.8929333686828613,0.8651000261306763,0.9883975386619568,0.97843337059021,0.9985666871070862,0.8018059134483337,0.3481333255767822,1.3241726160049438,1.6682530641555786,3.1153388023376465,0.4213871359825134,0.3990301191806793,2.685283660888672,0.7440093159675598,0.0,0.6762139201164246,0.15077459812164307,0.027233606204390526,0.07559221982955933,0.3634870946407318,13.393178939819336,75.5345230102539,0.0069098141975700855,0.05708692967891693,0.05734045058488846,0.05698247626423836,-0.0011150501668453217,0.010755782946944237,0.01953134313225746,0.9593870043754578,0.01026588398963213,0.023852460086345673,0.9231477379798889,0.012360981665551662,0.02452077530324459,0.8922652006149292,0.009341469034552574,0.017403962090611458,0.9815303683280945,0.01113863755017519,0.02193574607372284,0.9330414533615112,0.011053869500756264,0.020854422822594643,0.9379562139511108
Myrmecina_ryukyuensis_OKENT0105085_processed.obj,Stage_3_deform_fine,0.00023961751139722764,0.016152463853359222,0.007856941781938076,0.008295521140098572,0.017289115116000175,0.24978075921535492,0.27565059065818787,0.28326666355133057,0.2684333324432373,0.7803442478179932,0.803933322429657,0.7581000328063965,0.9717915654182434,0.9746666550636292,0.9689333438873291,0.9960651397705078,0.994866669178009,0.9972666501998901,0.861995279788971,0.16953334212303162,1.130987286567688,1.1997650861740112,1.9421486854553223,0.4050121307373047,0.3288698196411133,1.6300971508026123,0.6298956274986267,0.0,0.7129440307617188,0.18597976863384247,0.015842963010072708,0.04198157414793968,0.21833506226539612,12.220011711120605,61.440616607666016,0.003096379106864333,0.003367373952642083,0.0038029588758945465,0.003371173981577158,-0.004841165617108345,0.006865667644888163,0.01250508800148964,0.9984674453735352,0.0065058632753789425,0.011679037474095821,0.9990796446800232,0.008921156637370586,0.01498717162758112,0.9944751858711243,0.007252054288983345,0.011379626579582691,1.0,0.007887215353548527,0.01570270024240017,0.9708988070487976,0.007583425380289555,0.013327626511454582,1.0
Myrmecina_sp._CASENT0745613_processed.obj,Stage_3_deform_fine,0.0003640371432993561,0.02198437973856926,0.010762568563222885,0.0112218102440238,0.025177476927638054,0.11184258759021759,0.14011073112487793,0.14296667277812958,0.1373666673898697,0.567447304725647,0.6062666773796082,0.53329998254776,0.9057909846305847,0.9228333234786987,0.8893666863441467,0.9945387840270996,0.989300012588501,0.999833345413208,0.8242831826210022,0.33489999175071716,1.3307461738586426,1.7550162076950073,3.0965962409973145,0.3815253674983978,0.4268442392349243,2.832592010498047,0.8115507364273071,0.0,0.6706663966178894,0.15305016934871674,0.024151407182216644,0.05895955488085747,0.2859932482242584,13.611738204956055,70.87338256835938,0.0063557252287864685,0.014095031656324863,0.014322756789624691,0.013903448358178139,0.00107473973184824,0.00950649008154869,0.01927945576608181,0.9590038657188416,0.009862516075372696,0.021535351872444153,0.940635085105896,0.009330810979008675,0.016434255987405777,0.9889503121376038,0.0096003832295537,0.016513695940375328,0.9947230219841003,0.01119164563715458,0.02736658975481987,0.9142415523529053,0.011518266052007675,0.024094989523291588,0.9075425863265991
Nesomyrmex_angulatus_CASENT0744820_processed.obj,Stage_3_deform_fine,0.0006054514669813216,0.027539033442735672,0.014090308919548988,0.013448724523186684,0.03591999411582947,0.15726883709430695,0.08646804094314575,0.08763333410024643,0.08533333241939545,0.41244903206825256,0.4273333251476288,0.39856666326522827,0.8439472913742065,0.8547999858856201,0.8333666920661926,0.9854294061660767,0.9739333391189575,0.9972000122070312,0.7749029397964478,0.40556666254997253,1.34089195728302,2.064584493637085,3.0520920753479004,0.38331857323646545,0.4270252585411072,4.021266460418701,0.8049454092979431,0.0,0.6629039645195007,0.16566656529903412,0.028822746127843857,0.07518500089645386,0.5465214252471924,13.301069259643555,72.30475616455078,0.006290538236498833,0.003989424090832472,0.004318400286138058,0.0039403242990374565,-0.0059558493085205555,0.013865455985069275,0.027291370555758476,0.8310344815254211,0.011546173132956028,0.022237787023186684,0.9249885082244873,0.013576204888522625,0.03005271591246128,0.8480663299560547,0.010753283277153969,0.019836360588669777,0.9525066614151001,0.010476665571331978,0.01929081417620182,0.9569920301437378,0.011423089541494846,0.022960752248764038,0.9257907271385193
Odontomachus_troglodytes_CASENT0744970_processed.obj,Stage_3_deform_fine,0.0001623209536774084,0.013493787497282028,0.006913475692272186,0.006580311339348555,0.014674202539026737,0.11135511845350266,0.4062598943710327,0.41440001130104065,0.3984333276748657,0.8663296103477478,0.8809000253677368,0.852233350276947,0.981042206287384,0.9725666642189026,0.9896667003631592,0.9968065023422241,0.9936333298683167,1.0,0.8301594257354736,0.11286666989326477,1.0926268100738525,0.8692404627799988,1.915219783782959,0.4435020089149475,0.3082127571105957,1.2590436935424805,0.5857551693916321,0.0,0.7004823088645935,0.20332753658294678,0.014703091233968735,0.03267115727066994,0.26722320914268494,12.559427261352539,60.22150802612305,0.002672663889825344,0.020618874579668045,0.020836954936385155,0.020311707630753517,-0.0019177701324224472,0.005308735184371471,0.009862233884632587,0.9977011680603027,0.005313436966389418,0.009853467345237732,1.0,0.00716010807082057,0.012049582786858082,0.9861878752708435,0.0067035430110991,0.01292229164391756,1.0,0.006610959302634001,0.01248671393841505,0.988926112651825,0.0067996918223798275,0.015558332204818726,0.9768856167793274
Oxyopomyrmex_saulcyi_CASENT0745218_processed.obj,Stage_3_deform_fine,0.000380320125259459,0.023093806579709053,0.011017441749572754,0.0120763648301363,0.027542844414711,0.1392432004213333,0.10802911967039108,0.11250000447034836,0.1039000004529953,0.5169215202331543,0.5465999841690063,0.4902999997138977,0.9005387425422668,0.920199990272522,0.8817000389099121,0.9958997964859009,0.9963333606719971,0.9954666495323181,0.7824227809906006,0.4306666851043701,1.1776739358901978,1.0896811485290527,2.297311544418335,0.43745186924934387,0.3544362485408783,1.8684170246124268,0.6567297577857971,0.0,0.6820755004882812,0.17816078662872314,0.019919293001294136,0.05026260390877724,0.2973572313785553,13.297431945800781,64.95492553710938,0.004726052284240723,0.0041049690917134285,0.004400086589157581,0.004263642244040966,-0.002342735417187214,0.008800787851214409,0.015577493235468864,0.9888889193534851,0.010855277068912983,0.022583486512303352,0.9185457825660706,0.01004813238978386,0.01926405169069767,0.961326003074646,0.009299647063016891,0.01653921976685524,0.9894459247589111,0.009043351747095585,0.016216879710555077,0.9876384139060974,0.010155865922570229,0.025582943111658096,0.9257907271385193
Polyrhachis_decemdentata_CASENT0744779_processed.obj,Stage_3_deform_fine,0.00029767208616249263,0.020068909972906113,0.009768982417881489,0.010299928486347198,0.023309580981731415,0.09455674141645432,0.17459918558597565,0.17810000479221344,0.17123334109783173,0.622705340385437,0.6560333371162415,0.5925999879837036,0.9300691485404968,0.9444000124931335,0.9161666631698608,0.9963207840919495,0.9927999973297119,0.9998666644096375,0.8401117324829102,0.32089999318122864,1.2352168560028076,1.3369684219360352,2.678055763244629,0.37349268794059753,0.41835933923721313,2.1936044692993164,0.7872211933135986,0.0,0.6788872480392456,0.1626139134168625,0.02413657121360302,0.060658808797597885,0.32957398891448975,13.08029842376709,68.69141387939453,0.005182360764592886,0.010847079567611217,0.011265980079770088,0.010970312170684338,-0.002376317046582699,0.008596336469054222,0.0163833349943161,0.9735632538795471,0.00799192301928997,0.014446157030761242,0.9921767115592957,0.011028150096535683,0.022687671706080437,0.9392265677452087,0.009629166685044765,0.018585680052638054,0.9841688871383667,0.009234178811311722,0.017889730632305145,0.9683234691619873,0.008923309855163097,0.015398362651467323,0.9841849207878113
Polyrhachis_dives_CASENT0878093_processed.obj,Stage_3_deform_fine,0.0005326480022631586,0.025038398802280426,0.01274772547185421,0.01229067426174879,0.03264778107404709,0.20860913395881653,0.10559765994548798,0.10703333467245102,0.10419999808073044,0.4851243793964386,0.5116666555404663,0.4611999988555908,0.8796939849853516,0.8915666937828064,0.8681333661079407,0.9888295531272888,0.9796333312988281,0.998199999332428,0.825006365776062,0.3592333495616913,1.2995007038116455,1.6838624477386475,2.9134395122528076,0.39421239495277405,0.40887317061424255,3.0863778591156006,0.7470207810401917,0.0,0.6818751692771912,0.14478273689746857,0.028989646583795547,0.07643388211727142,0.37457510828971863,13.580077171325684,69.76506042480469,0.006192758213728666,0.012598344124853611,0.013027260079979897,0.01280384324491024,0.002734239213168621,0.012536652386188507,0.024721017107367516,0.8900383114814758,0.01136905886232853,0.025531234219670296,0.9056603908538818,0.012291109189391136,0.018288414925336838,0.972375750541687,0.011471026577055454,0.021399961784482002,0.9287599325180054,0.011044548824429512,0.019965533167123795,0.9500386714935303,0.016472330316901207,0.06298284977674484,0.8467153310775757
Ponera_kohmoku_OKENT0105440_processed.obj,Stage_3_deform_fine,0.0003231416631024331,0.019404932856559753,0.00996480230242014,0.00944012962281704,0.023504724726080894,0.18303978443145752,0.1929456740617752,0.19789999723434448,0.18823333084583282,0.6790025234222412,0.6958333253860474,0.6629666686058044,0.9377718567848206,0.9345000386238098,0.9410666823387146,0.993720531463623,0.9883333444595337,0.9991666674613953,0.8005744814872742,0.3095000088214874,1.2035739421844482,1.4242746829986572,2.3821849822998047,0.38504645228385925,0.37938448786735535,2.0842247009277344,0.7179144620895386,0.0,0.669363260269165,0.16928806900978088,0.019925281405448914,0.055989574640989304,0.2571912705898285,13.392020225524902,64.48412322998047,0.0044653043150901794,0.000483902171254158,0.0008273239945992827,0.0004879806365352124,-0.006413606461137533,0.007655723486095667,0.014228302985429764,0.9911877512931824,0.007983514107763767,0.015405162237584591,0.9811320900917053,0.009726507589221,0.01597224734723568,0.980663001537323,0.007572242524474859,0.013007381930947304,1.0,0.00860332790762186,0.01640963926911354,0.9698686599731445,0.010398533195257187,0.02862282656133175,0.9270073175430298
Ponera_tamon_OKENT0105154_processed.obj,Stage_3_deform_fine,0.0001275833637919277,0.013574592769145966,0.006452035624533892,0.007122556678950787,0.01516568474471569,0.05778101459145546,0.3618524372577667,0.3802333474159241,0.3451666831970215,0.856619119644165,0.8868666887283325,0.8283666968345642,0.9830724596977234,0.9883000254631042,0.9779000282287598,0.9998833537101746,1.0,0.9997667074203491,0.8456826210021973,0.270633339881897,1.1059924364089966,0.8273844122886658,2.0471928119659424,0.4135662913322449,0.32414165139198303,1.3828610181808472,0.6114881038665771,0.0,0.7033133506774902,0.21193797886371613,0.012977482751011848,0.03195364400744438,0.19220441579818726,12.395866394042969,61.49868392944336,0.0031289723701775074,0.026522621512413025,0.026749787852168083,0.026990599930286407,-0.002834465354681015,0.005936226807534695,0.010767756029963493,0.9992337226867676,0.0056849573738873005,0.010289219208061695,1.0,0.00622581597417593,0.010638897307217121,1.0,0.007035950198769569,0.013242322951555252,1.0,0.006809030193835497,0.014986353926360607,0.9824877977371216,0.0069031561724841595,0.015014732256531715,0.9866179823875427
Pseudolasius_sp._CASENT0878065_processed.obj,Stage_3_deform_fine,0.0003603155491873622,0.022579053416848183,0.010987138375639915,0.011591915041208267,0.025728030130267143,0.08766758441925049,0.11942975223064423,0.12156666815280914,0.11736667156219482,0.5249724984169006,0.5512333512306213,0.5011000037193298,0.9077870845794678,0.9240000247955322,0.892133355140686,0.9966619610786438,0.9944999814033508,0.9988333582878113,0.8227323293685913,0.271699994802475,1.289340853691101,1.7271324396133423,2.911045789718628,0.36827021837234497,0.4324663281440735,2.7783186435699463,0.8480264544487,0.0,0.6845158934593201,0.15818649530410767,0.02528436668217182,0.06744410842657089,0.5215734243392944,13.00794506072998,70.49604797363281,0.0055734822526574135,0.03663379326462746,0.03719498589634895,0.036966755986213684,-0.003139004111289978,0.010754860937595367,0.0232103168964386,0.9218391180038452,0.011746073141694069,0.023312460631132126,0.9162448644638062,0.008889392949640751,0.015713753178715706,0.9944751858711243,0.009784532710909843,0.017362629994750023,0.9868074059486389,0.010798787698149681,0.02020200900733471,0.9472057819366455,0.010652945376932621,0.023090170696377754,0.9282238483428955
Pseudomyrmex_cf.solis_CASENT0744065_processed.obj,Stage_3_deform_fine,0.0001384836941724643,0.014042265713214874,0.006739849224686623,0.007302416022866964,0.016461137682199478,0.07172068953514099,0.3578430116176605,0.3689333498477936,0.3474000096321106,0.834094226360321,0.8682000041007996,0.802566647529602,0.9776817560195923,0.9789333343505859,0.9764333367347717,0.9999000430107117,0.9998000264167786,1.0,0.8396804928779602,0.2669999897480011,1.1748757362365723,1.1494531631469727,2.4252398014068604,0.38621294498443604,0.368019163608551,1.7602410316467285,0.6931777596473694,0.0,0.6771915555000305,0.1948617547750473,0.014681397005915642,0.03752756118774414,0.21056798100471497,12.318862915039062,62.02870178222656,0.0044327108189463615,0.0075829108245670795,0.008002175018191338,0.007574374321848154,0.00023915152996778488,0.005597513634711504,0.01055830903351307,0.9973180294036865,0.00667871069163084,0.012978965416550636,0.9930971264839172,0.0068405140191316605,0.011752444319427013,0.9861878752708435,0.006014387588948011,0.010761878453195095,1.0,0.006656902842223644,0.012527216225862503,0.9917589426040649,0.007898199371993542,0.019001316279172897,0.9574209451675415
Solenopsis_invicta_CASENT0744384_processed.obj,Stage_3_deform_fine,0.0004473156586755067,0.02515258640050888,0.01195800956338644,0.013194575905799866,0.030043987557291985,0.08575528115034103,0.1009572371840477,0.10346666723489761,0.09856666624546051,0.45724353194236755,0.4860000014305115,0.4316999912261963,0.8623749017715454,0.8966000080108643,0.8306666612625122,0.995864748954773,0.9944999814033508,0.9972333312034607,0.7608847618103027,0.4424000084400177,1.2753005027770996,1.5921145677566528,2.9849772453308105,0.3892815113067627,0.4149070978164673,2.653071880340576,0.7893462777137756,0.0,0.65680992603302,0.16285628080368042,0.02299671247601509,0.05878138169646263,0.38029590249061584,13.864760398864746,73.79306030273438,0.006714253686368465,0.02458253502845764,0.024923695251345634,0.02459676004946232,-0.007233552634716034,0.010804598219692707,0.022516166791319847,0.9226053953170776,0.010614217258989811,0.01984470896422863,0.9507593512535095,0.011837097816169262,0.02302948199212551,0.9088398218154907,0.011368301697075367,0.018725164234638214,0.9656992554664612,0.011179806664586067,0.024503007531166077,0.924800455570221,0.009461694397032261,0.017436770722270012,0.9817517995834351
Stigmatomma_FHG02_CASENT0745561_processed.obj,Stage_3_deform_fine,0.00037237931974232197,0.02141547203063965,0.010737469419836998,0.01067800261080265,0.024214183911681175,0.14856043457984924,0.1499798595905304,0.15236666798591614,0.14766666293144226,0.5967501997947693,0.6212999820709229,0.574066698551178,0.9222135543823242,0.9292666912078857,0.9152666926383972,0.9917540550231934,0.9864000082015991,0.9971666932106018,0.8289850950241089,0.35750001668930054,1.2077198028564453,1.3059442043304443,2.615401029586792,0.39214545488357544,0.3834060728549957,2.003298759460449,0.7073941230773926,0.0,0.665479302406311,0.15270480513572693,0.023437263444066048,0.06555401533842087,0.31896933913230896,13.120266914367676,68.37255096435547,0.005312734749168158,0.037133339792490005,0.03739049285650253,0.03720698133111,0.0003587082028388977,0.009663594886660576,0.019369089975953102,0.954023003578186,0.008457320742309093,0.015873651951551437,0.9838932752609253,0.009008667431771755,0.018835116177797318,0.9530386924743652,0.009025637991726398,0.01664848066866398,0.9947230219841003,0.009840318001806736,0.021560268476605415,0.940252423286438,0.010268701240420341,0.023994479328393936,0.9355230927467346
Strumigenys_alberti_CASENT0878103_processed.obj,Stage_3_deform_fine,0.0003744717687368393,0.02277228608727455,0.01101700495928526,0.011755282059311867,0.026120884343981743,0.09961578994989395,0.121147520840168,0.12326666712760925,0.11910000443458557,0.5220049619674683,0.5528333187103271,0.49443334341049194,0.9051493406295776,0.9280333518981934,0.8833667039871216,0.9958738088607788,0.9927999973297119,0.9989666938781738,0.8199089765548706,0.2901666760444641,1.3378839492797852,1.621948003768921,3.0612456798553467,0.4316481351852417,0.39763957262039185,2.957211494445801,0.7311421632766724,0.0,0.7090576887130737,0.17572590708732605,0.023744206875562668,0.062360674142837524,0.312057763338089,12.990845680236816,72.71246337890625,0.006388318724930286,0.018665941432118416,0.018990615382790565,0.018553800880908966,0.0012948550283908844,0.010500223375856876,0.01970812678337097,0.9532567262649536,0.00903130043298006,0.016624998301267624,0.9687068462371826,0.010088518261909485,0.01811019331216812,0.9696133136749268,0.009735497646033764,0.01598217524588108,0.9815303683280945,0.011476737447082996,0.023319456726312637,0.9271182417869568,0.010648349300026894,0.018933964893221855,0.9586374759674072
Strumigenys_canina_OKENT0105288_processed.obj,Stage_3_deform_fine,0.00031008810037747025,0.01923602819442749,0.009449506178498268,0.009786521084606647,0.021534383296966553,0.1628090739250183,0.19313935935497284,0.2004999965429306,0.18630000948905945,0.6584136486053467,0.699566662311554,0.621833324432373,0.9433926343917847,0.9543333649635315,0.9327000379562378,0.9961886405944824,0.9928333163261414,0.9995666742324829,0.8335354328155518,0.262800008058548,1.1949098110198975,1.3425589799880981,2.3619308471679688,0.3974740505218506,0.3690670430660248,1.9072374105453491,0.6971303224563599,0.0,0.6800480484962463,0.17144522070884705,0.020045965909957886,0.05257519707083702,0.3718163073062897,12.680665016174316,66.52877044677734,0.0044327108189463615,0.005600673146545887,0.006111497990787029,0.005744835827499628,0.0009636986069381237,0.008220757357776165,0.015479830093681812,0.9839080572128296,0.008420941419899464,0.01796291209757328,0.967326283454895,0.008143185637891293,0.014279232360422611,1.0,0.009587379172444344,0.0177706778049469,0.9577836990356445,0.008902087807655334,0.017567578703165054,0.9672933220863342,0.00800707470625639,0.015055274590849876,0.9793187379837036
Strumigenys_crassicornis_CASENT0744273_processed.obj,Stage_3_deform_fine,0.00039078976260498166,0.023025045171380043,0.011256125755608082,0.011768919415771961,0.025608006864786148,0.12149715423583984,0.12200546264648438,0.12516666948795319,0.11900000274181366,0.5121587514877319,0.5431666970252991,0.484499990940094,0.903131365776062,0.9230000376701355,0.8841000199317932,0.9946089386940002,0.9897000193595886,0.9995666742324829,0.816007673740387,0.3089333474636078,1.295914649963379,1.7226642370224,2.787874698638916,0.3964702785015106,0.4049045443534851,2.9428508281707764,0.7626798748970032,0.0,0.6867054104804993,0.1666426807641983,0.024801811203360558,0.06349321454763412,0.3813464045524597,13.179691314697266,70.7395248413086,0.006453505717217922,0.015619801357388496,0.01600812003016472,0.01625055819749832,-0.00583902932703495,0.011012074537575245,0.02029033750295639,0.9448276162147522,0.01041099801659584,0.02099999412894249,0.9447768330574036,0.009433853439986706,0.01616460643708706,0.980663001537323,0.010580982081592083,0.01945788785815239,0.9577836990356445,0.010892612859606743,0.022307634353637695,0.9299510717391968,0.010854344815015793,0.022001365199685097,0.9428223967552185
Strumigenys_sp._appretiata_group_CASENT0744156_processed.obj,Stage_3_deform_fine,0.00026497425278648734,0.01933160424232483,0.009173455648124218,0.010158148594200611,0.02220113016664982,0.12840695679187775,0.17473013699054718,0.18140000104904175,0.1685333400964737,0.6330090165138245,0.6760333180427551,0.595133364200592,0.9450051188468933,0.9614999890327454,0.9290666580200195,0.9985660314559937,0.9977333545684814,0.9994000196456909,0.8366954326629639,0.36739999055862427,1.2166261672973633,1.3520830869674683,2.481893301010132,0.41423192620277405,0.38304659724235535,2.1090214252471924,0.7046818733215332,0.0,0.6953392028808594,0.18143129348754883,0.01885836012661457,0.04778358340263367,0.23257799446582794,12.683127403259277,62.47100067138672,0.004269743803888559,0.0022711623460054398,0.0028968278784304857,0.002282678382471204,-0.004533170256763697,0.00823778286576271,0.01512451097369194,0.9934865832328796,0.011716469191014767,0.02337799407541752,0.8987575173377991,0.008592657744884491,0.015048864297568798,0.9861878752708435,0.009428273886442184,0.0194250401109457,0.9551451802253723,0.009584267623722553,0.022758379578590393,0.935874342918396,0.007523882202804089,0.013058139011263847,0.985401451587677
Strumigenys_stenorhina_OKENT0105268_processed.obj,Stage_3_deform_fine,9.596515155863017e-05,0.011842738837003708,0.005725141614675522,0.006117597687989473,0.012660047970712185,0.06866464763879776,0.46076545119285583,0.47620001435279846,0.4462999999523163,0.9108320474624634,0.9307667016983032,0.8917333483695984,0.9907821416854858,0.9919000267982483,0.9896667003631592,0.9998000264167786,0.9997000098228455,0.9998999834060669,0.8716618418693542,0.2812333405017853,1.0390064716339111,0.631610095500946,1.714246153831482,0.4872058033943176,0.274994820356369,1.1403857469558716,0.5101140141487122,0.0,0.6903300285339355,0.197517991065979,0.011985785327851772,0.029478274285793304,0.18608874082565308,12.037233352661133,56.64863204956055,0.0022163554094731808,0.0010983452666550875,0.001398878637701273,0.0011335626477375627,-0.008411112241446972,0.005123946815729141,0.00966101698577404,0.9984674453735352,0.005577830597758293,0.010230601765215397,1.0,0.005267694126814604,0.008846216835081577,1.0,0.006149286404252052,0.010956569574773312,0.9947230219841003,0.005044292658567429,0.008736926130950451,1.0,0.005952785257250071,0.012679736129939556,0.9695863723754883
Syllophopsis_sechellensis_OKENT0105212_processed.obj,Stage_3_deform_fine,9.754761413205415e-05,0.011907711625099182,0.005913033150136471,0.005994678009301424,0.01233308669179678,0.06458096951246262,0.454537957906723,0.46060001850128174,0.4486333429813385,0.9060946106910706,0.9167333245277405,0.8957000374794006,0.9921548366546631,0.9887333512306213,0.9955999851226807,0.9997665882110596,0.9995333552360535,1.0,0.8763437867164612,0.0917000025510788,1.0865514278411865,0.7273123264312744,1.8748230934143066,0.4428923726081848,0.2985461354255676,1.3019089698791504,0.5634387135505676,0.0,0.7259085774421692,0.2192935198545456,0.01235019601881504,0.029558788985013962,0.20075084269046783,11.838705062866211,57.051185607910156,0.0021185751538723707,0.047979868948459625,0.04819441959261894,0.0479574128985405,-0.005497194826602936,0.005266361404210329,0.009848230518400669,0.9969348907470703,0.004864799324423075,0.009077043272554874,1.0,0.007598129101097584,0.013977402821183205,0.9944751858711243,0.00587287126109004,0.009411192499101162,1.0,0.006574267987161875,0.01256592757999897,0.9922740459442139,0.006162692327052355,0.010600266046822071,0.985401451587677
Temnothorax_congruus_OKENT0105443_processed.obj,Stage_3_deform_fine,0.00016486694221384823,0.01523035392165184,0.006953209638595581,0.00827714428305626,0.01937100850045681,0.08578364551067352,0.29765650629997253,0.31049999594688416,0.28583332896232605,0.7947404980659485,0.852733314037323,0.7441333532333374,0.9743086099624634,0.9942333698272705,0.9551666975021362,0.9990997910499573,0.9986333250999451,0.9995666742324829,0.8496373891830444,0.24549999833106995,1.0741573572158813,0.6299862265586853,1.7940348386764526,0.43751734495162964,0.2974906861782074,1.171396255493164,0.5643985271453857,0.0,0.7278516292572021,0.21090167760849,0.011922487057745457,0.02744990400969982,0.13608096539974213,12.358952522277832,59.163692474365234,0.0029008181300014257,0.015490788035094738,0.015761271119117737,0.015810053795576096,-0.0011374140158295631,0.006352722179144621,0.011244397610425949,1.0,0.006452042143791914,0.011751648969948292,1.0,0.008538235910236835,0.014142575673758984,1.0,0.007138237357139587,0.012266724370419979,0.9973615407943726,0.0073083932511508465,0.013779410161077976,0.9799124598503113,0.006739911623299122,0.012556305155158043,0.9914841651916504
Temnothorax_sp._OKENT0105336_processed.obj,Stage_3_deform_fine,0.0003238118370063603,0.021459011361002922,0.010119388811290264,0.011339622549712658,0.025484174489974976,0.07794104516506195,0.14517278969287872,0.1518000066280365,0.13910000026226044,0.5660881400108337,0.6071000099182129,0.5302667021751404,0.9142714142799377,0.9345000386238098,0.8949000239372253,0.9983828067779541,0.9991000294685364,0.9976666569709778,0.7816780209541321,0.4427666664123535,1.2099823951721191,1.2887150049209595,2.448654890060425,0.4086586534976959,0.3749861717224121,2.1205923557281494,0.7017746567726135,0.0,0.6905419230461121,0.18074966967105865,0.01960580050945282,0.0538204088807106,0.3126741349697113,13.046032905578613,66.2419204711914,0.004954206291586161,0.0075909742154181,0.007913665845990181,0.007576829753816128,-0.003318801987916231,0.008828498423099518,0.015985604375600815,0.986973226070404,0.009486911818385124,0.018634559586644173,0.9622641801834106,0.011328689754009247,0.022062193602323532,0.930939257144928,0.009975780732929707,0.016691572964191437,0.9736148118972778,0.00885406881570816,0.016259701922535896,0.9737316966056824,0.008378309197723866,0.01525163371115923,0.9732360243797302
Tetramorium_kraepelini_CASENT0744084_processed.obj,Stage_3_deform_fine,0.00033820985117927194,0.021956875920295715,0.010099006816744804,0.011857870034873486,0.027450211346149445,0.07390639185905457,0.13549205660820007,0.1422666609287262,0.12933333218097687,0.5455072522163391,0.5922999978065491,0.5055666565895081,0.9096911549568176,0.9457666873931885,0.8762666583061218,0.9982996582984924,0.9988999962806702,0.997700035572052,0.8119794726371765,0.360066682100296,1.229788899421692,1.3195890188217163,2.477996349334717,0.40871551632881165,0.37947824597358704,2.1069462299346924,0.7128674387931824,0.0,0.6763116121292114,0.16144700348377228,0.02024255320429802,0.047947656363248825,0.3520338833332062,13.234101295471191,63.7486457824707,0.004497897811233997,0.003781390842050314,0.0046446011401712894,0.003807222004979849,-0.0051827761344611645,0.009028108790516853,0.017522763460874557,0.9766283631324768,0.009380066767334938,0.01784531958401203,0.9723884463310242,0.009384069591760635,0.017585907131433487,0.9751381874084473,0.010585730895400047,0.02048349566757679,0.9419525265693665,0.009370976127684116,0.01792559027671814,0.9667782783508301,0.008446144871413708,0.017390895634889603,0.9756690859794617
