mesh,stage,chamfer_l2,chamfer_l1,acc_mean,comp_mean,hausdorff_95,hausdorff_max,fscore@0.005,precision@0.005,recall@0.005,fscore@0.01,precision@0.01,recall@0.01,fscore@0.02,precision@0.02,recall@0.02,fscore@0.05,precision@0.05,recall@0.05,normal_consistency,normal_flip_frac,edge_ratio_mean,edge_ratio_std,edge_stretch_p95,edge_compress_p05,edge_logratio_absmean,area_ratio_mean,area_logratio_absmean,degenerate_tri_frac,tri_quality_mean,tri_quality_p05,deform_mag_mean,deform_mag_p95,deform_mag_max,midline_dev_mean,midline_dev_p95,midline_dev_mean_norm,midline_dev_excess,part_body_dist_mean,part_body_dist_p95,part_body_within_tau,part_head_dist_mean,part_head_dist_p95,part_head_within_tau,part_antenna_dist_mean,part_antenna_dist_p95,part_antenna_within_tau,part_mandible_dist_mean,part_mandible_dist_p95,part_mandible_within_tau,part_leg_dist_mean,part_leg_dist_p95,part_leg_within_tau,part_leg_distal_dist_mean,part_leg_distal_dist_p95,part_leg_distal_within_tau
Acanthostichus_aff.brevicornis_CASENT0744328_processed.obj,A_init,0.002751042600721121,0.055672165006399155,0.0240703746676445,0.031601790338754654,0.08775017410516739,0.23065568506717682,0.06354323774576187,0.06549999862909317,0.0617000013589859,0.22864045202732086,0.24793334305286407,0.21213333308696747,0.47360914945602417,0.5213666558265686,0.4338666796684265,0.8591622710227966,0.9034667015075684,0.8190000057220459,0.6804889440536499,0.25823333859443665,1.0,0.0,1.0,1.0,0.0,1.0,4.897991345842456e-08,0.0,0.7180531620979309,0.21331718564033508,0.0,0.0,0.0,0.01315759401768446,0.014515932649374008,0.013069589622318745,0.0,0.025921020656824112,0.060823798179626465,0.4655172526836395,0.023266393691301346,0.0714055523276329,0.5812241435050964,0.02365485392510891,0.05270979553461075,0.5580110549926758,0.023506829515099525,0.04777944087982178,0.4353562295436859,0.021872226148843765,0.06107012927532196,0.573525607585907,0.054878078401088715,0.19347931444644928,0.525547444820404
Acromyrmex_coronatus_CASENT0744365_processed.obj,A_init,0.00826216023415327,0.08499942719936371,0.02967604622244835,0.05532338097691536,0.20009617507457733,0.38424545526504517,0.05810203403234482,0.06080000102519989,0.05563333258032799,0.19404608011245728,0.226133331656456,0.16993333399295807,0.3835141658782959,0.4655333459377289,0.32606667280197144,0.7085557579994202,0.8088333606719971,0.6304000020027161,0.5982307195663452,0.3519666790962219,1.0,0.0,1.0,1.0,0.0,1.0,8.403635121112529e-08,0.0,0.6759989857673645,0.09957543015480042,0.0,0.0,0.0,0.04981498047709465,0.0550265833735466,0.06327088177204132,0.0,0.02708953432738781,0.07014679163694382,0.4873563349246979,0.033288050442934036,0.075396828353405,0.36125174164772034,0.07241165637969971,0.12835299968719482,0.08011049777269363,0.026857668533921242,0.041764043271541595,0.23482850193977356,0.03226993605494499,0.08684845268726349,0.44115376472473145,0.051651064306497574,0.12635672092437744,0.2676399052143097
Acromyrmex_lobicornis_CASENT0878007_processed.obj,A_init,0.008134298957884312,0.09078556299209595,0.033106885850429535,0.05767868086695671,0.17389625310897827,0.3107050657272339,0.025181343778967857,0.02656666748225689,0.02393333427608013,0.12040887027978897,0.13946667313575745,0.10593333095312119,0.3067636787891388,0.3783999979496002,0.2579333484172821,0.6752941608428955,0.7936333417892456,0.5876666903495789,0.6102476716041565,0.28336668014526367,1.0,0.0,1.0,1.0,0.0,1.0,4.8548628228672897e-08,0.0,0.7005292773246765,0.20311084389686584,0.0,0.0,0.0,0.02346816472709179,0.02799532748758793,0.020834553986787796,0.0,0.028567885980010033,0.06251999735832214,0.39616858959198,0.03560935705900192,0.08378356695175171,0.34468477964401245,0.015031454153358936,0.04052649438381195,0.8149171471595764,0.04055960848927498,0.08705298602581024,0.279683381319046,0.031153837218880653,0.07681287825107574,0.426474392414093,0.10995137691497803,0.2646872401237488,0.13503649830818176
Anochetus_risii_CASENT0877608_processed.obj,A_init,0.0026113982312381268,0.05498792976140976,0.026851080358028412,0.0281368475407362,0.07768337428569794,0.17953361570835114,0.059883203357458115,0.061666667461395264,0.05820000171661377,0.22492782771587372,0.23250000178813934,0.21783334016799927,0.48816558718681335,0.49586668610572815,0.4807000160217285,0.8553956151008606,0.8622666597366333,0.848633348941803,0.6458946466445923,0.2215999960899353,1.0,0.0,1.0,1.0,0.0,1.0,4.978711132253011e-08,0.0,0.6790034174919128,0.17164693772792816,0.0,0.0,0.0,0.004944964312016964,0.007578191813081503,0.004977044649422169,0.0,0.025697888806462288,0.06430524587631226,0.4839080572128296,0.025534873828291893,0.06185425817966461,0.4712379276752472,0.030232694000005722,0.055264003574848175,0.32596686482429504,0.02372804284095764,0.06103556603193283,0.5277044773101807,0.023697135969996452,0.06587358564138412,0.6062322854995728,0.09306438267230988,0.16044433414936066,0.08394160866737366
Anochetus_risii_CASENT0877609_processed.obj,A_init,0.011401726864278316,0.09836724400520325,0.03836388513445854,0.06000335514545441,0.17716330289840698,0.5994303226470947,0.02325468882918358,0.02410000003874302,0.022466666996479034,0.11346181482076645,0.12263333797454834,0.10556666553020477,0.30495530366897583,0.3445333242416382,0.27353334426879883,0.6666043996810913,0.7491666674613953,0.600433349609375,0.6512550711631775,0.2842999994754791,1.0,0.0,1.0,1.0,0.0,1.0,1.7874985047683367e-08,0.0,0.707831859588623,0.15512579679489136,0.0,0.0,0.0,0.015595544129610062,0.021430302411317825,0.014449791982769966,0.0,0.0421178936958313,0.1118655875325203,0.3409961760044098,0.03245614841580391,0.06699200719594955,0.32719743251800537,0.05413544550538063,0.10954410582780838,0.11602210253477097,0.030095892027020454,0.06897986680269241,0.42216360569000244,0.04504124075174332,0.11001251637935638,0.27710533142089844,0.16236484050750732,0.5280243754386902,0.13260340690612793
Aphaenogaster_pallida_CASENT0745235_processed.obj,A_init,0.004260662477463484,0.05966934189200401,0.026067551225423813,0.0336017906665802,0.12633360922336578,0.33443087339401245,0.05709997937083244,0.0570666678249836,0.05713333562016487,0.23598280549049377,0.23633334040641785,0.23563332855701447,0.5263662934303284,0.534333348274231,0.5186333656311035,0.8567701578140259,0.8705000281333923,0.8434666991233826,0.7008143067359924,0.21256667375564575,1.0,0.0,1.0,1.0,0.0,1.0,4.043290147137668e-08,0.0,0.7589373588562012,0.22031797468662262,0.0,0.0,0.0,0.013375861570239067,0.01620432548224926,0.013285302557051182,0.0,0.030823079869151115,0.09203874319791794,0.47394636273384094,0.015558761544525623,0.030087292194366455,0.7059364914894104,0.043799739331007004,0.09655790776014328,0.215469628572464,0.014832415618002415,0.029595574364066124,0.7203166484832764,0.02876126952469349,0.08401966840028763,0.506567120552063,0.0745541900396347,0.2734985947608948,0.2700729966163635
Atopomyrmex_mocquerysi_CASENT0744784_processed.obj,A_init,0.0030688501428812742,0.057886216789484024,0.024362631142139435,0.03352358564734459,0.08938389271497726,0.22718895971775055,0.08259361237287521,0.08613333106040955,0.0793333351612091,0.23329392075538635,0.25396665930747986,0.2157333344221115,0.4586949944496155,0.5029000043869019,0.4216333329677582,0.8423165678977966,0.9019666910171509,0.790066659450531,0.6320794224739075,0.30923333764076233,1.0,0.0,1.0,1.0,0.0,1.0,1.0176272269291076e-07,0.0,0.6522961854934692,0.189668208360672,0.0,0.0,0.0,0.030697789043188095,0.03446388989686966,0.03118349425494671,0.0,0.023524286225438118,0.056007251143455505,0.5007662773132324,0.029469838365912437,0.05981297791004181,0.3699954152107239,0.04419257491827011,0.06625345349311829,0.08287293463945389,0.012181519530713558,0.038965798914432526,0.8311346173286438,0.02382706105709076,0.0611172579228878,0.5202163457870483,0.04875551536679268,0.1578582227230072,0.2554744482040405
Carebara_trechideros_CASENT0877591_processed.obj,A_init,0.0045195454731583595,0.05897049233317375,0.02288162335753441,0.03608886897563934,0.1208038181066513,0.27681824564933777,0.0952349528670311,0.10223333537578583,0.08913333714008331,0.2845516800880432,0.3240000009536743,0.2536666691303253,0.5481404662132263,0.611466646194458,0.4967000186443329,0.854983925819397,0.9049666523933411,0.8102333545684814,0.6900960206985474,0.2152000069618225,1.0,0.0,1.0,1.0,0.0,1.0,9.797441435921428e-08,0.0,0.6929318904876709,0.11677373945713043,0.0,0.0,0.0,0.0076490589417517185,0.00881537701934576,0.007145035080611706,0.0,0.017053384333848953,0.0384758897125721,0.6567050218582153,0.019307170063257217,0.04729301854968071,0.6267832517623901,0.044955283403396606,0.09816179424524307,0.3149171471595764,0.022224316373467445,0.05204816907644272,0.5250659584999084,0.030338352546095848,0.09695649147033691,0.5117177367210388,0.0839470848441124,0.2116420418024063,0.16423358023166656
Centromyrmex_brachycola_CASENT0744052_processed.obj,A_init,0.0024283863604068756,0.05190203711390495,0.022128041833639145,0.029773995280265808,0.07625474780797958,0.29124313592910767,0.057695094496011734,0.05979999899864197,0.0557333342730999,0.23311080038547516,0.2581000030040741,0.21253333985805511,0.49963393807411194,0.5556666851043701,0.4538666605949402,0.8864951133728027,0.9333333373069763,0.8441333174705505,0.6849376559257507,0.2553666830062866,1.0,0.0,1.0,1.0,0.0,1.0,4.4836092172317876e-08,0.0,0.7269436717033386,0.23715804517269135,0.0,0.0,0.0,0.021283425390720367,0.024250604212284088,0.02110227756202221,0.0,0.02053830213844776,0.0473882295191288,0.5666666626930237,0.029021136462688446,0.06613390147686005,0.3851817846298218,0.030980469658970833,0.08934332430362701,0.45303869247436523,0.027950469404459,0.06146460026502609,0.3641161024570465,0.02590198442339897,0.0939367488026619,0.556270956993103,0.09044279903173447,0.15813899040222168,0.04987834393978119
Cephalotes_minutus_CASENT0709253_processed.obj,A_init,0.0017693756381049752,0.04288998991250992,0.01754648983478546,0.025343500077724457,0.06846879422664642,0.2186625450849533,0.08219712972640991,0.08630000054836273,0.07846666872501373,0.3050106465816498,0.3364666700363159,0.2789333462715149,0.6015390753746033,0.6723333597183228,0.5442333221435547,0.9302167892456055,0.9727666974067688,0.8912333250045776,0.7094736695289612,0.24116666615009308,1.0,0.0,1.0,1.0,0.0,1.0,5.5755155159431524e-08,0.0,0.750410258769989,0.25919604301452637,0.0,0.0,0.0,0.013879244215786457,0.01550411805510521,0.013411949388682842,0.0,0.020956216380000114,0.05789531394839287,0.6080459952354431,0.01805608719587326,0.038876865059137344,0.647952139377594,0.017954979091882706,0.043950218707323074,0.6519337296485901,0.017955899238586426,0.03481672331690788,0.5778364539146423,0.01949019357562065,0.04997817054390907,0.6345609426498413,0.03095323219895363,0.08613820374011993,0.5170316100120544
Cephalotes_simillimus_CASENT0744408_processed.obj,A_init,0.0030392445623874664,0.05680321529507637,0.022993531078100204,0.033809684216976166,0.0999869555234909,0.18914790451526642,0.04483804106712341,0.04600000008940697,0.04373333230614662,0.2083161324262619,0.22813333570957184,0.19166666269302368,0.5132759213447571,0.5827000141143799,0.45863333344459534,0.8403382897377014,0.9119333624839783,0.7791666984558105,0.7080681920051575,0.3258666694164276,1.0,0.0,1.0,1.0,0.0,1.0,3.784228397307743e-08,0.0,0.7678709626197815,0.2902083098888397,0.0,0.0,0.0,0.004959732294082642,0.007350170984864235,0.005078453570604324,0.0,0.023180916905403137,0.06409570574760437,0.5919540524482727,0.024603206664323807,0.06106805428862572,0.5126553177833557,0.06681770831346512,0.11591745913028717,0.11325967311859131,0.03035002201795578,0.061058275401592255,0.37467020750045776,0.025634344667196274,0.05906020477414131,0.48776718974113464,0.06270750612020493,0.15226148068904877,0.2530413568019867
Cephalotes_spinosus_CASENT0744158_processed.obj,A_init,0.0023940890096127987,0.05245869979262352,0.02339836023747921,0.02906033955514431,0.08063405007123947,0.20229196548461914,0.053258512169122696,0.05443333461880684,0.052133332937955856,0.220284566283226,0.23483332991600037,0.20743334293365479,0.49611079692840576,0.5283666849136353,0.46756666898727417,0.8903286457061768,0.9230666756629944,0.8598333597183228,0.6585975289344788,0.27426666021347046,1.0,0.0,1.0,1.0,0.0,1.0,7.344073083004332e-08,0.0,0.7194951772689819,0.24285070598125458,0.0,0.0,0.0,0.031298406422138214,0.038235750049352646,0.03148107975721359,0.0,0.032596856355667114,0.07216041535139084,0.36781609058380127,0.02411702647805214,0.051445506513118744,0.45973309874534607,0.014321818016469479,0.03315659984946251,0.8093922734260559,0.030503878369927406,0.0711183100938797,0.43799474835395813,0.020520975813269615,0.05050743371248245,0.5997939705848694,0.06905694305896759,0.12709857523441315,0.051094889640808105
Crematogaster_nawai_OKENT0105046_processed.obj,A_init,0.004302870482206345,0.07011176645755768,0.030264904722571373,0.039846859872341156,0.0988745465874672,0.2695060074329376,0.03891585022211075,0.04100000113248825,0.037033334374427795,0.1722949743270874,0.1934666633605957,0.15530000627040863,0.3947521150112152,0.4485666751861572,0.3524666726589203,0.7518380284309387,0.8118333220481873,0.7001000046730042,0.6469818353652954,0.3383333384990692,1.0,0.0,1.0,1.0,0.0,1.0,6.1472583468003e-08,0.0,0.7118499279022217,0.21456298232078552,0.0,0.0,0.0,0.012676914222538471,0.027331635355949402,0.01281482819467783,0.0,0.028858141973614693,0.07882706820964813,0.4632183909416199,0.0401066429913044,0.09789751470088959,0.3087897002696991,0.031207328662276268,0.0720248892903328,0.30662983655929565,0.03561284765601158,0.11282827705144882,0.45646440982818604,0.02085362933576107,0.05584047734737396,0.6041720509529114,0.06781570613384247,0.14169861376285553,0.20437955856323242
Cryptopone_sauteri_CASENT0743771_processed.obj,A_init,0.003279366297647357,0.05905997008085251,0.024346329271793365,0.03471364080905914,0.0927029624581337,0.4479718804359436,0.04840604588389397,0.050833333283662796,0.04619999974966049,0.20691944658756256,0.23366667330265045,0.18566666543483734,0.46339818835258484,0.5354000329971313,0.4084666669368744,0.8291109800338745,0.8914333581924438,0.7749333381652832,0.6967499256134033,0.2838999927043915,1.0,0.0,1.0,1.0,0.0,1.0,3.626576372539603e-08,0.0,0.7816215753555298,0.3237319886684418,0.0,0.0,0.0,0.01568400114774704,0.017714371904730797,0.016008524224162102,0.0,0.02368544042110443,0.05667470395565033,0.49846744537353516,0.03085852786898613,0.06908179819583893,0.40312930941581726,0.030550409108400345,0.07055624574422836,0.45303869247436523,0.03672067075967789,0.0945945605635643,0.3614775836467743,0.024004975333809853,0.06587819755077362,0.5719804167747498,0.042424432933330536,0.13388317823410034,0.5231143236160278
Cyphoidris_afrc-tz01_CASENT0744810_processed.obj,A_init,0.013299670070409775,0.12215638160705566,0.04836009070277214,0.07379628717899323,0.20168747007846832,0.6045176982879639,0.010729607194662094,0.010933333076536655,0.010533333756029606,0.06605701148509979,0.07090000063180923,0.06183333322405815,0.20858357846736908,0.25060001015663147,0.17863333225250244,0.5235578417778015,0.6281333565711975,0.4488333463668823,0.6501630544662476,0.28710001707077026,1.0,0.0,1.0,1.0,0.0,1.0,2.377017516153046e-08,0.0,0.6819379925727844,0.15915632247924805,0.0,0.0,0.0,0.007804221007972956,0.013079172931611538,0.007358965463936329,0.0,0.03871973976492882,0.0992458164691925,0.34750959277153015,0.0396001823246479,0.09735049307346344,0.28439944982528687,0.044404320418834686,0.11761032789945602,0.3232044279575348,0.04024569317698479,0.11730294674634933,0.3271768093109131,0.03530074283480644,0.07811477035284042,0.30878186225891113,0.14464721083641052,0.44184252619743347,0.14720194041728973
Cyphomyrmex_cf.minutus_CASENT0744280_processed.obj,A_init,0.015581734478473663,0.1333964467048645,0.05042095482349396,0.08297549188137054,0.2165732979774475,0.4971718192100525,0.009467838332057,0.009866666980087757,0.009100000374019146,0.056267909705638885,0.06466666609048843,0.049800001084804535,0.1833992898464203,0.2518666684627533,0.14419999718666077,0.46818041801452637,0.6199666857719421,0.37610000371932983,0.5371615290641785,0.36143332719802856,1.0,0.0,1.0,1.0,0.0,1.0,2.0736614203542558e-08,0.0,0.587756872177124,0.06735482066869736,0.0,0.0,0.0,0.011117939837276936,0.0148481335490942,0.009504823945462704,0.0,0.03482092544436455,0.09233648329973221,0.3498084247112274,0.047113433480262756,0.11027707159519196,0.23147723078727722,0.04609619081020355,0.10895241796970367,0.32596686482429504,0.08866781741380692,0.22546544671058655,0.1741424798965454,0.04757164791226387,0.11001352965831757,0.23280969262123108,0.22808687388896942,0.423826664686203,0.0
Dilobocondyla_fouqueti_CASENT0745576_processed.obj,A_init,0.006837113760411739,0.0716889351606369,0.021124480292201042,0.05056445300579071,0.16841663420200348,0.4088870882987976,0.06186823546886444,0.06700000166893005,0.057466667145490646,0.2283111959695816,0.28403332829475403,0.19086666405200958,0.46414464712142944,0.6080999970436096,0.37529999017715454,0.7813382148742676,0.9352999925613403,0.6708999872207642,0.7142892479896545,0.22460000216960907,1.0,0.0,1.0,1.0,0.0,1.0,6.066829882911406e-08,0.0,0.7262369990348816,0.19939054548740387,0.0,0.0,0.0,0.01484069786965847,0.01672092080116272,0.014492396265268326,0.0,0.024733439087867737,0.06194041669368744,0.5237547755241394,0.02204704098403454,0.0532761812210083,0.5384261608123779,0.03320552781224251,0.08152193576097488,0.3867403566837311,0.019025294110178947,0.04176660254597664,0.6200528144836426,0.027645252645015717,0.0886702686548233,0.5009014010429382,0.1016257032752037,0.3257959485054016,0.2238442748785019
Dorylus_fulvus_CASENT0745678_processed.obj,A_init,0.002507257042452693,0.054029352962970734,0.022001663222908974,0.03202768787741661,0.09067843854427338,0.16085438430309296,0.06454654037952423,0.06870000064373016,0.060866668820381165,0.2224627584218979,0.2602333426475525,0.1942666620016098,0.47619980573654175,0.5544000267982483,0.41733333468437195,0.8660964965820312,0.9314666986465454,0.8093000054359436,0.6462961435317993,0.3040333390235901,1.0,0.0,1.0,1.0,0.0,1.0,5.3808545175115796e-08,0.0,0.7372431755065918,0.21412771940231323,0.0,0.0,0.0,0.005449522286653519,0.01355832815170288,0.0051383874379098415,0.0,0.02058284357190132,0.04539347067475319,0.5605363845825195,0.019391309469938278,0.035779569298028946,0.5669581294059753,0.025538206100463867,0.05778178945183754,0.46961328387260437,0.03221586346626282,0.07679315656423569,0.35356202721595764,0.02424098178744316,0.05800848826766014,0.5024465918540955,0.018878048285841942,0.07303562015295029,0.783454954624176
Eciton_hamatum_CASENT0744580_processed.obj,A_init,0.010022299364209175,0.07040205597877502,0.021935030817985535,0.04846702143549919,0.14493754506111145,0.6591529846191406,0.08175940811634064,0.09406666457653046,0.0723000019788742,0.23432907462120056,0.30746665596961975,0.18930000066757202,0.47442057728767395,0.6065333485603333,0.38956665992736816,0.8339362740516663,0.9224333167076111,0.7609333395957947,0.5765321850776672,0.37630000710487366,1.0,0.0,1.0,1.0,0.0,0.9999998211860657,1.4415098803510773e-07,0.0,0.4635729491710663,0.0542106032371521,0.0,0.0,0.0,0.01323763094842434,0.015235664322972298,0.014776413328945637,0.0,0.01718229427933693,0.04813200235366821,0.6942529082298279,0.019692307338118553,0.043228600174188614,0.6493327021598816,0.029782013967633247,0.06924126297235489,0.430939257144928,0.02643732726573944,0.04572160542011261,0.30343008041381836,0.02970065362751484,0.09521668404340744,0.4880247414112091,0.05406733602285385,0.16371391713619232,0.2968369722366333
Ectatomma_brunneum_CASENT0744575_processed.obj,A_init,0.01124429889023304,0.0986383855342865,0.03305906057357788,0.06557932496070862,0.23509928584098816,0.6549844741821289,0.02431795559823513,0.025233333930373192,0.023466667160391808,0.12151681631803513,0.13660000264644623,0.10943333804607391,0.32230353355407715,0.3959999978542328,0.2717333436012268,0.6719989776611328,0.8011000156402588,0.5787333250045776,0.6847924590110779,0.2484000027179718,1.0,0.0,1.0,1.0,0.0,1.0,2.530881282325481e-08,0.0,0.7186132669448853,0.11711061745882034,0.0,0.0,0.0,0.015028278343379498,0.01642339862883091,0.010344923473894596,0.0,0.043492332100868225,0.10258914530277252,0.27969348430633545,0.026308195665478706,0.05834697559475899,0.44868844747543335,0.06078823655843735,0.12757278978824615,0.041436467319726944,0.05045715346932411,0.11408033967018127,0.21635884046554565,0.03539903834462166,0.08817403018474579,0.3775431513786316,0.2291240394115448,0.6442342400550842,0.03041362576186657
Eurhopalothrix_procera_CASENT0745605_processed.obj,A_init,0.005486453417688608,0.07766051590442657,0.033976729959249496,0.04368378967046738,0.12721484899520874,0.2878263294696808,0.030668117105960846,0.03136666864156723,0.030000001192092896,0.14970992505550385,0.1616666615009308,0.13940000534057617,0.37570253014564514,0.42313334345817566,0.33783334493637085,0.734298050403595,0.7866666913032532,0.6884666681289673,0.6039319038391113,0.2694333493709564,1.0,0.0,1.0,1.0,0.0,1.0,4.0864186701128347e-08,0.0,0.6775953769683838,0.18028156459331512,0.0,0.0,0.0,0.021308284252882004,0.02494012378156185,0.021049564704298973,0.0,0.027133243158459663,0.07101963460445404,0.49885058403015137,0.03517862781882286,0.08455454558134079,0.33271974325180054,0.03057657554745674,0.08753062784671783,0.541436493396759,0.03595045953989029,0.06470035761594772,0.2902374863624573,0.03906047344207764,0.1230786144733429,0.46381664276123047,0.14166149497032166,0.2833012342453003,0.1082725077867508
Heteroponera_panamensis_CASENT0744055_processed.obj,A_init,0.018483994528651237,0.12321794033050537,0.035698648542165756,0.08751928806304932,0.3048580288887024,0.45491111278533936,0.018113253638148308,0.018966667354106903,0.01733333431184292,0.09768639504909515,0.11293333768844604,0.08606667071580887,0.2830274999141693,0.37306666374206543,0.2280000001192093,0.6153978109359741,0.7785000205039978,0.5088000297546387,0.6818943023681641,0.28630000352859497,1.0,0.0,1.0,1.0,0.0,1.0,2.3359289613722467e-08,0.0,0.694094181060791,0.12155361473560333,0.0,0.0,0.0,0.016992244869470596,0.03675896301865578,0.01599268428981304,0.0,0.03893473744392395,0.12245846539735794,0.35134100914001465,0.04781153425574303,0.11344363540410995,0.23791992664337158,0.03757230564951897,0.0788734033703804,0.20441989600658417,0.05053786560893059,0.1086011603474617,0.2269129455089569,0.03763440251350403,0.09156256169080734,0.34715425968170166,0.14421965181827545,0.32704007625579834,0.06082725152373314
Labidus_praedator_CASENT0744236_processed.obj,A_init,0.00673819612711668,0.06486813724040985,0.030269768089056015,0.034598372876644135,0.10984594374895096,0.7301210761070251,0.08783010393381119,0.0841333344578743,0.09186666458845139,0.2739124596118927,0.26213333010673523,0.28679999709129333,0.5083035826683044,0.4945000112056732,0.5228999853134155,0.836665689945221,0.8180333375930786,0.856166660785675,0.593805730342865,0.379966676235199,1.0,0.0,1.0,1.0,0.0,1.0,6.267027430340022e-08,0.0,0.6231276392936707,0.15989232063293457,0.0,0.0,0.0,0.00977549608796835,0.013230875134468079,0.010172843933105469,0.0,0.03439425304532051,0.10156429558992386,0.4536398649215698,0.04703638330101967,0.1250031292438507,0.2931431233882904,0.059914760291576385,0.08654260635375977,0.0,0.05268628150224686,0.10660001635551453,0.1372031718492508,0.024215156212449074,0.05593705549836159,0.5243368744850159,0.04787100851535797,0.11725562810897827,0.2749391794204712
Labidus_praedator_CASENT0744237_processed.obj,A_init,0.00811113603413105,0.09238715469837189,0.037922464311122894,0.05446469411253929,0.17719747126102448,0.2733057737350464,0.03422399237751961,0.03610000014305115,0.03253333270549774,0.13610419631004333,0.15513333678245544,0.12123333662748337,0.3140183985233307,0.3689333498477936,0.273333340883255,0.6766466498374939,0.7359333634376526,0.6262000203132629,0.5995269417762756,0.3242333233356476,1.0,0.0,1.0,1.0,0.0,1.0,4.9600611617961476e-08,0.0,0.7061060070991516,0.13714152574539185,0.0,0.0,0.0,0.004709877073764801,0.004879022017121315,0.0047135986387729645,0.0,0.028251953423023224,0.09089747071266174,0.5015325546264648,0.02752464823424816,0.05845286697149277,0.3953060209751129,0.03132995590567589,0.0795159637928009,0.41988950967788696,0.024013645946979523,0.05629855394363403,0.47757259011268616,0.0392790287733078,0.10088680684566498,0.338140606880188,0.09943253546953201,0.1903395652770996,0.12773722410202026
Lasius_nr._fuliginosus_CASENT0878037_processed.obj,A_init,0.003413718193769455,0.06111675500869751,0.0263347327709198,0.03478202223777771,0.10256721824407578,0.21587729454040527,0.06560239940881729,0.06923333555459976,0.06233333423733711,0.22542932629585266,0.2514333426952362,0.20430000126361847,0.464438796043396,0.512333333492279,0.42473334074020386,0.8122106790542603,0.8550000190734863,0.7735000252723694,0.6609064936637878,0.2550666630268097,1.0,0.0,1.0,1.0,0.0,1.0,4.086710347905864e-08,0.0,0.756808340549469,0.2389286756515503,0.0,0.0,0.0,0.015427496284246445,0.020054945722222328,0.015480179339647293,0.0,0.025733165442943573,0.06344708055257797,0.4957854449748993,0.03121775947511196,0.0727405995130539,0.3980672061443329,0.01677081361413002,0.0420735701918602,0.6906077861785889,0.02177256904542446,0.04962904006242752,0.5250659584999084,0.026968926191329956,0.07597874850034714,0.5385011434555054,0.0370587520301342,0.09882468730211258,0.43917274475097656
Lioponera_daikoku_OKENT0105067_processed.obj,A_init,0.010749729350209236,0.10945181548595428,0.05384250730276108,0.05560930818319321,0.15014897286891937,0.6291365027427673,0.017816277220845222,0.017899999395012856,0.017733333632349968,0.08818317949771881,0.08830000460147858,0.08806666731834412,0.26081186532974243,0.2632000148296356,0.2584666609764099,0.5740111470222473,0.5704666972160339,0.5776000022888184,0.5859974026679993,0.3553333282470703,1.0,0.0,1.0,1.0,0.0,1.0,1.689002360194536e-08,0.0,0.6824035048484802,0.15256686508655548,0.0,0.0,0.0,0.008774539455771446,0.020311402156949043,0.006374502554535866,0.0,0.05558650568127632,0.1488732546567917,0.31226053833961487,0.05787434056401253,0.1340809166431427,0.22457432746887207,0.06943201273679733,0.15984129905700684,0.17403315007686615,0.048376161605119705,0.10346914827823639,0.2242744117975235,0.048703715205192566,0.11875247955322266,0.303888738155365,0.23987282812595367,0.537811815738678,0.03041362576186657
Mayriella_sp._CASENT0745610_processed.obj,A_init,0.006029034964740276,0.08088800311088562,0.03332273289561272,0.0475652702152729,0.13712382316589355,0.4085383117198944,0.026123186573386192,0.027233334258198738,0.025100000202655792,0.12930616736412048,0.1437000036239624,0.11753333359956741,0.35211271047592163,0.4124666750431061,0.3071666657924652,0.7158003449440002,0.7911333441734314,0.6535666584968567,0.6465692520141602,0.35893332958221436,1.0,0.0,1.0,1.0,0.0,1.0,4.328288838451044e-08,0.0,0.7344589233398438,0.23629026114940643,0.0,0.0,0.0,0.015435623936355114,0.018954727798700333,0.015602556057274342,0.0,0.03468029573559761,0.08548105508089066,0.37547892332077026,0.03965221717953682,0.08938930928707123,0.2641509473323822,0.027180936187505722,0.06071364879608154,0.4171271026134491,0.07245156168937683,0.1676497459411621,0.14248022437095642,0.027948278933763504,0.07242689281702042,0.4689672887325287,0.10092933475971222,0.17566867172718048,0.0036496350076049566
Mesoponera_ambigua_CASENT0745584_processed.obj,A_init,0.008832069113850594,0.08455314487218857,0.027946658432483673,0.056606486439704895,0.18525075912475586,0.5033310651779175,0.03542791306972504,0.03763333335518837,0.03346666693687439,0.1759364753961563,0.20990000665187836,0.1514333337545395,0.4057609736919403,0.5303666591644287,0.32856667041778564,0.7093141078948975,0.8501666784286499,0.6085000038146973,0.7130010724067688,0.20126667618751526,1.0,0.0,1.0,1.0,0.0,1.0,2.128446041638199e-08,0.0,0.7305908203125,0.20878413319587708,0.0,0.0,0.0,0.05019955709576607,0.05095849558711052,0.05061611160635948,0.0,0.02411104552447796,0.07588676363229752,0.6049808263778687,0.03772369399666786,0.1048627570271492,0.320754736661911,0.038930557668209076,0.06672494858503342,0.14088398218154907,0.03305179253220558,0.08067124336957932,0.3825857639312744,0.03089497610926628,0.07743317633867264,0.42621684074401855,0.08024485409259796,0.2128889560699463,0.2676399052143097
Myrmecina_ryukyuensis_OKENT0105085_processed.obj,A_init,0.00753520242869854,0.07314813882112503,0.02695850469172001,0.04618963599205017,0.1657174676656723,0.4403594136238098,0.058387938886880875,0.0619666688144207,0.0551999993622303,0.2241625338792801,0.2531999945640564,0.20110000669956207,0.4739438593387604,0.5502333641052246,0.4162333309650421,0.7955904603004456,0.8630666732788086,0.7379000186920166,0.7058596611022949,0.2607666552066803,1.0,0.0,1.0,1.0,0.0,1.0,4.311386092581415e-08,0.0,0.7480614185333252,0.2431022971868515,0.0,0.0,0.0,0.004986226558685303,0.009114271961152554,0.0053449892438948154,0.0,0.02011995203793049,0.05240265280008316,0.6371647715568542,0.024356288835406303,0.05660851672291756,0.4721583127975464,0.03972663730382919,0.12105664610862732,0.33701658248901367,0.04421326890587807,0.13471513986587524,0.3482849597930908,0.027604151517152786,0.0703187808394432,0.4573783278465271,0.05872862786054611,0.17536327242851257,0.4282238483428955
Myrmecina_sp._CASENT0745613_processed.obj,A_init,0.006429375149309635,0.07384572178125381,0.027709605172276497,0.04613611847162247,0.14801205694675446,0.4878910481929779,0.047603096812963486,0.04883333295583725,0.046433333307504654,0.21385611593723297,0.23386667668819427,0.19699999690055847,0.4655440151691437,0.5321333408355713,0.41376668214797974,0.7617070078849792,0.8389333486557007,0.6974999904632568,0.684227466583252,0.24906666576862335,1.0,0.0,1.0,1.0,0.0,1.0,3.485243382783665e-08,0.0,0.7772046327590942,0.3400423526763916,0.0,0.0,0.0,0.013817118480801582,0.01729963906109333,0.013719802722334862,0.0,0.020503191277384758,0.0499165877699852,0.6149425506591797,0.03065023198723793,0.080675408244133,0.4698573350906372,0.06643061339855194,0.10798975825309753,0.1464088410139084,0.024586709216237068,0.061006080359220505,0.5277044773101807,0.03428240492939949,0.08396399021148682,0.3644089698791504,0.08545547723770142,0.20528516173362732,0.18004865944385529
Nesomyrmex_angulatus_CASENT0744820_processed.obj,A_init,0.006032795645296574,0.08103466778993607,0.035628337413072586,0.04540633037686348,0.13062512874603271,0.37373316287994385,0.027482183650135994,0.028200000524520874,0.02680000104010105,0.13564234972000122,0.1447666734457016,0.12759999930858612,0.36682629585266113,0.41280001401901245,0.3300666809082031,0.7126370668411255,0.7636666893959045,0.6679999828338623,0.6360152959823608,0.33713334798812866,1.0,0.0,1.0,1.0,0.0,1.0,2.7299131843960822e-08,0.0,0.69745272397995,0.19190950691699982,0.0,0.0,0.0,0.005537841934710741,0.009116227738559246,0.005384120624512434,0.0,0.02926456369459629,0.07469729334115982,0.46590039134025574,0.03428952023386955,0.09963474422693253,0.4381040036678314,0.04204101487994194,0.0964367464184761,0.2707182466983795,0.033128246665000916,0.07621341198682785,0.32189974188804626,0.034852609038352966,0.09092463552951813,0.3623487055301666,0.08354802429676056,0.3270711302757263,0.37226277589797974
Odontomachus_troglodytes_CASENT0744970_processed.obj,A_init,0.003085630014538765,0.0591113306581974,0.0271223783493042,0.031988952308893204,0.08446259051561356,0.3613653779029846,0.06812325119972229,0.06949999928474426,0.06679999828338623,0.2266024798154831,0.23733334243297577,0.2168000042438507,0.4576146900653839,0.48696666955947876,0.43160000443458557,0.8251612782478333,0.8487666845321655,0.8028333187103271,0.631209671497345,0.33043333888053894,1.0,0.0,1.0,1.0,0.0,1.0,5.545209091906145e-08,0.0,0.6584192514419556,0.1443713754415512,0.0,0.0,0.0,0.008169051259756088,0.014496700838208199,0.00836428813636303,0.0,0.029412731528282166,0.07704275846481323,0.4402298927307129,0.02851581946015358,0.080062635242939,0.4993097186088562,0.024076184257864952,0.045201707631349564,0.41988950967788696,0.022355156019330025,0.0564776211977005,0.5804749727249146,0.030306348577141762,0.07646816223859787,0.4099922776222229,0.04097666218876839,0.13989128172397614,0.5012165307998657
Oxyopomyrmex_saulcyi_CASENT0745218_processed.obj,A_init,0.005187315866351128,0.06899930536746979,0.02285236120223999,0.046146947890520096,0.1446085274219513,0.32334548234939575,0.04982821270823479,0.054633334279060364,0.04580000042915344,0.205177903175354,0.2544333338737488,0.17190000414848328,0.43915799260139465,0.583133339881897,0.3522000014781952,0.7803335785865784,0.9091333150863647,0.6834999918937683,0.6165924668312073,0.39293333888053894,1.0,0.0,1.0,1.0,0.0,1.0,4.0453301153320353e-08,0.0,0.7419262528419495,0.35109007358551025,0.0,0.0,0.0,0.0022003629710525274,0.008209715597331524,0.0024904513265937567,0.0,0.020738525316119194,0.05240096151828766,0.6099616885185242,0.029090257361531258,0.0686718225479126,0.4532904028892517,0.020538033917546272,0.03907676041126251,0.5497238039970398,0.03252114728093147,0.08599300682544708,0.38786280155181885,0.02105116657912731,0.0524073988199234,0.6023693084716797,0.10169931501150131,0.18228477239608765,0.058394160121679306
Polyrhachis_decemdentata_CASENT0744779_processed.obj,A_init,0.004896378144621849,0.06998871266841888,0.02668112888932228,0.0433075837790966,0.13275735080242157,0.4480246305465698,0.04331154003739357,0.04573333263397217,0.0411333329975605,0.17534831166267395,0.20456667244434357,0.15343333780765533,0.4048544466495514,0.4881666600704193,0.34583333134651184,0.782086193561554,0.873033344745636,0.708299994468689,0.7210267186164856,0.28360000252723694,1.0,0.0,1.0,1.0,0.0,1.0,4.252812857430399e-08,0.0,0.6946432590484619,0.12718826532363892,0.0,0.0,0.0,0.002152550732716918,0.006892840843647718,0.00198613409884274,0.0,0.03066960535943508,0.07350202649831772,0.3934865891933441,0.02803066000342369,0.061786066740751266,0.43120110034942627,0.04022815078496933,0.10863465070724487,0.35082873702049255,0.04043715447187424,0.06823301315307617,0.18733510375022888,0.026047106832265854,0.06815944612026215,0.5083698034286499,0.07640639692544937,0.357642263174057,0.38077858090400696
Polyrhachis_dives_CASENT0878093_processed.obj,A_init,0.008143926970660686,0.0874345600605011,0.031731389462947845,0.05570317059755325,0.1685979813337326,0.44951561093330383,0.02280000038444996,0.02343333326280117,0.022199999541044235,0.11688579618930817,0.13056667149066925,0.10580000281333923,0.3234374225139618,0.3899666666984558,0.27630001306533813,0.7108052968978882,0.8266000151634216,0.6234666705131531,0.7193660140037537,0.19466666877269745,1.0,0.0,1.0,1.0,0.0,1.0,2.0826950830610258e-08,0.0,0.7246524691581726,0.20142224431037903,0.0,0.0,0.0,0.021816452965140343,0.02625742182135582,0.02297833561897278,0.0,0.029976019635796547,0.0696813091635704,0.3931034505367279,0.03389780968427658,0.07496348023414612,0.319374144077301,0.06228059530258179,0.14101068675518036,0.2209944874048233,0.033214736729860306,0.07796543091535568,0.39050132036209106,0.032001104205846786,0.07737551629543304,0.36569663882255554,0.13869814574718475,0.330698162317276,0.06204379349946976
Ponera_kohmoku_OKENT0105440_processed.obj,A_init,0.004010326229035854,0.0602414608001709,0.023394562304019928,0.03684689849615097,0.1164264902472496,0.32585448026657104,0.06791318207979202,0.07276666909456253,0.06366666406393051,0.25566530227661133,0.2954333424568176,0.2253333330154419,0.5044299364089966,0.59006667137146,0.4404999911785126,0.8321666717529297,0.9043333530426025,0.7706666588783264,0.709445595741272,0.31049999594688416,1.0,0.0,1.0,1.0,0.0,1.0,5.2313627207922764e-08,0.0,0.7128621339797974,0.191266730427742,0.0,0.0,0.0,0.008033236488699913,0.015982581302523613,0.007900435477495193,0.0,0.022420622408390045,0.058457423001527786,0.5846743583679199,0.02568790875375271,0.06654240936040878,0.4841233491897583,0.0509391725063324,0.11516193300485611,0.16850829124450684,0.0202828049659729,0.0473187230527401,0.5936675667762756,0.024203980341553688,0.06665139645338058,0.5397888422012329,0.06726866215467453,0.180099219083786,0.39416056871414185
Ponera_tamon_OKENT0105154_processed.obj,A_init,0.0018927750643342733,0.04623088985681534,0.020237606018781662,0.025993285700678825,0.06860055029392242,0.1887294352054596,0.08061206340789795,0.08646667003631592,0.0755000039935112,0.27376335859298706,0.31049999594688416,0.24480000138282776,0.5470017194747925,0.6130000352859497,0.4938333332538605,0.9211063981056213,0.9454333186149597,0.8980000019073486,0.6895557641983032,0.29883334040641785,1.0,0.0,1.0,1.0,0.0,1.0,6.668589236369371e-08,0.0,0.7235023379325867,0.23414655029773712,0.0,0.0,0.0,0.01884416490793228,0.01931440830230713,0.01917898841202259,0.0,0.017875825986266136,0.0449693538248539,0.675095796585083,0.020444784313440323,0.03918306902050972,0.5195582509040833,0.02133454941213131,0.05685513839125633,0.6464088559150696,0.023411190137267113,0.058784157037734985,0.5303430557250977,0.021262528374791145,0.05711081996560097,0.5776461362838745,0.07267266511917114,0.15885886549949646,0.14841848611831665
Pseudolasius_sp._CASENT0878065_processed.obj,A_init,0.007776238489896059,0.07841245830059052,0.029224125668406487,0.04918833449482918,0.18980149924755096,0.563815176486969,0.03614058345556259,0.03673333302140236,0.03556666523218155,0.16908082365989685,0.18326666951179504,0.15693333745002747,0.42460471391677856,0.4785333275794983,0.3815999925136566,0.7796719074249268,0.8511999845504761,0.7192333340644836,0.6625329256057739,0.29243335127830505,1.0,0.0,1.0,1.0,0.0,1.0,2.7010637282387506e-08,0.0,0.7331277132034302,0.18507947027683258,0.0,0.0,0.0,0.08632061630487442,0.09253053367137909,0.06847421079874039,0.0,0.028912825509905815,0.07826407253742218,0.45900383591651917,0.021135350689291954,0.05058089271187782,0.5609756112098694,0.048649515956640244,0.12270206958055496,0.28176796436309814,0.02088344842195511,0.040802668780088425,0.5171504020690918,0.030528703704476357,0.07978231459856033,0.4259593188762665,0.14118154346942902,0.47697100043296814,0.1593673974275589
Pseudomyrmex_cf.solis_CASENT0744065_processed.obj,A_init,0.002458249218761921,0.05383780598640442,0.02646033465862274,0.027377469465136528,0.0712839812040329,0.22842639684677124,0.06643825769424438,0.06733333319425583,0.06556666642427444,0.23943886160850525,0.24383333325386047,0.23520000278949738,0.4907000660896301,0.49570000171661377,0.48579999804496765,0.8618810176849365,0.8604666590690613,0.8633000254631042,0.6732947826385498,0.28630000352859497,1.0,0.0,1.0,1.0,0.0,1.0,7.516295852383337e-08,0.0,0.749385416507721,0.27409061789512634,0.0,0.0,0.0,0.003983347211033106,0.004694300703704357,0.003957303240895271,0.0,0.017982246354222298,0.04453600198030472,0.665517270565033,0.031705211848020554,0.07143713533878326,0.3663138449192047,0.027437079697847366,0.05988847464323044,0.45856356620788574,0.026372885331511497,0.06005481258034706,0.448548823595047,0.030015595257282257,0.06979525834321976,0.44012361764907837,0.061059270054101944,0.1426422894001007,0.2177615612745285
Solenopsis_invicta_CASENT0744384_processed.obj,A_init,0.006863972172141075,0.0808575302362442,0.03127234801650047,0.04958518221974373,0.14835233986377716,0.45883816480636597,0.0275561586022377,0.028699999675154686,0.026499999687075615,0.13827936351299286,0.15476666390895844,0.12496666610240936,0.3634704649448395,0.43790000677108765,0.31066668033599854,0.734061598777771,0.8173666596412659,0.6661666631698608,0.5149018168449402,0.4486333429813385,1.0,0.0,1.0,1.0,0.0,1.0,2.5568166250877766e-08,0.0,0.5622034072875977,0.1093837320804596,0.0,0.0,0.0,0.049295779317617416,0.056621793657541275,0.0458650216460228,0.0,0.026452090591192245,0.06486552208662033,0.4919540286064148,0.048286233097314835,0.11484913527965546,0.28946158289909363,0.030339621007442474,0.06174897402524948,0.35082873702049255,0.028230397030711174,0.09090961515903473,0.4511873424053192,0.029197804629802704,0.07093843817710876,0.43059492111206055,0.11649823933839798,0.32597920298576355,0.15693430602550507
Stigmatomma_FHG02_CASENT0745561_processed.obj,A_init,0.01296490989625454,0.09051781892776489,0.035604313015937805,0.05491350218653679,0.1660786122083664,0.6547924280166626,0.03604003041982651,0.03733333200216293,0.034833334386348724,0.1589900702238083,0.17489999532699585,0.14573334157466888,0.38087549805641174,0.418966680765152,0.34913334250450134,0.7358384728431702,0.7713333368301392,0.7034666538238525,0.6273185014724731,0.29600000381469727,1.0,0.0,1.0,1.0,0.0,1.0,2.0978482950795296e-08,0.0,0.7132171392440796,0.20494326949119568,0.0,0.0,0.0,0.020348040387034416,0.028093421831727028,0.020086495205760002,0.0,0.03346283361315727,0.10527712851762772,0.4555555582046509,0.02736685611307621,0.05648760125041008,0.381500244140625,0.0579080656170845,0.1736304610967636,0.26243093609809875,0.0416920930147171,0.09673415124416351,0.32189974188804626,0.03349181264638901,0.0895538479089737,0.4303373694419861,0.06995221227407455,0.225001722574234,0.35888078808784485
Strumigenys_alberti_CASENT0878103_processed.obj,A_init,0.006938776466995478,0.08339948207139969,0.037553850561380386,0.0458456315100193,0.154334157705307,0.4252018332481384,0.03301665931940079,0.032999999821186066,0.0330333337187767,0.15830369293689728,0.16050000488758087,0.156166672706604,0.3962324559688568,0.41526666283607483,0.37886667251586914,0.7129884958267212,0.7356666922569275,0.6916666626930237,0.6280214786529541,0.2597333490848541,1.0,0.0,1.0,1.0,0.0,1.0,3.0189902133770374e-08,0.0,0.7287980914115906,0.26363229751586914,0.0,0.0,0.0,0.019594473764300346,0.023785561323165894,0.01953425630927086,0.0,0.027956118807196617,0.07548978924751282,0.5072796940803528,0.03696371242403984,0.08199328184127808,0.32949838042259216,0.04870094731450081,0.11061704158782959,0.24309393763542175,0.027673229575157166,0.07873953133821487,0.5540897250175476,0.03508414328098297,0.11256071925163269,0.42982229590415955,0.12042362242937088,0.4049172103404999,0.131386861205101
Strumigenys_canina_OKENT0105288_processed.obj,A_init,0.004428721033036709,0.07049739360809326,0.033046603202819824,0.03745078667998314,0.1004706621170044,0.4063674807548523,0.038519375026226044,0.039266668260097504,0.03779999911785126,0.16975858807563782,0.18486666679382324,0.15693333745002747,0.4025883972644806,0.44156667590141296,0.3699333369731903,0.7648310661315918,0.7925333380699158,0.7390000224113464,0.6335591077804565,0.2905333340167999,1.0,0.0,1.0,1.0,0.0,1.0,3.3879128835678785e-08,0.0,0.7357257008552551,0.2054450362920761,0.0,0.0,0.0,0.004945958964526653,0.011471043340861797,0.0049628689885139465,0.0,0.026720603927969933,0.0680125281214714,0.4873563349246979,0.04049782454967499,0.08876043558120728,0.28578004240989685,0.03686223924160004,0.08835180103778839,0.34530389308929443,0.030248375609517097,0.06579942256212234,0.3509235084056854,0.032579850405454636,0.08656319975852966,0.42904970049858093,0.1189890131354332,0.3840097188949585,0.1386861354112625
Strumigenys_crassicornis_CASENT0744273_processed.obj,A_init,0.007424362935125828,0.08840061724185944,0.04016787186264992,0.04823274165391922,0.14274084568023682,0.48967480659484863,0.02702408656477928,0.027533333748579025,0.026533333584666252,0.1314234435558319,0.13753333687782288,0.12583333253860474,0.33394381403923035,0.35750001668930054,0.3133000135421753,0.6829305291175842,0.7060999870300293,0.6612333655357361,0.6326070427894592,0.2683333456516266,1.0,0.0,1.0,1.0,0.0,1.0,3.0370575387905774e-08,0.0,0.7101101279258728,0.18010295927524567,0.0,0.0,0.0,0.007949844002723694,0.010381289757788181,0.008451615460216999,0.0,0.03730342537164688,0.10081296414136887,0.32298851013183594,0.023287875577807426,0.06199430674314499,0.5738610029220581,0.03671644628047943,0.05545395240187645,0.12154696881771088,0.02102128230035305,0.046340882778167725,0.5488126873970032,0.044450726360082626,0.12421150505542755,0.3530775308609009,0.150748610496521,0.401827871799469,0.0
Strumigenys_sp._appretiata_group_CASENT0744156_processed.obj,A_init,0.0019687602762132883,0.04858841374516487,0.02215646766126156,0.026431946083903313,0.06921560317277908,0.1863148957490921,0.056798771023750305,0.059300001710653305,0.05450000241398811,0.2409813553094864,0.26653334498405457,0.2198999971151352,0.5417313575744629,0.6015999913215637,0.4927000105381012,0.8919463753700256,0.9117333292961121,0.8730000257492065,0.705066978931427,0.28743332624435425,1.0,0.0,1.0,1.0,0.0,1.0,5.260503144199902e-08,0.0,0.7375183701515198,0.1960626244544983,0.0,0.0,0.0,0.007314855698496103,0.009672721847891808,0.007346482016146183,0.0,0.022634966298937798,0.057058800011873245,0.5498084425926208,0.020251384004950523,0.05192898213863373,0.6138978600502014,0.03385774791240692,0.07354439049959183,0.3729282021522522,0.020251989364624023,0.04397795349359512,0.5672823190689087,0.030971094965934753,0.09166774898767471,0.5003862977027893,0.07213446497917175,0.1375274658203125,0.14841848611831665
Strumigenys_stenorhina_OKENT0105268_processed.obj,A_init,0.0031008212827146053,0.049589358270168304,0.019154630601406097,0.030434725806117058,0.10255534201860428,0.3190814256668091,0.1011422872543335,0.10686666518449783,0.09600000083446503,0.31777775287628174,0.3471333384513855,0.2930000126361847,0.5895021557807922,0.6417333483695984,0.5451333522796631,0.9001724123954773,0.9591000080108643,0.8480666875839233,0.6941800713539124,0.29500001668930054,1.0,0.0,1.0,1.0,0.0,1.0,8.86464235350104e-08,0.0,0.7234261631965637,0.17301242053508759,0.0,0.0,0.0,0.01144257839769125,0.013683712109923363,0.010810045525431633,0.0,0.019222643226385117,0.04667958989739418,0.6264367699623108,0.01636040210723877,0.03892703354358673,0.704095721244812,0.07101678103208542,0.15764936804771423,0.21270719170570374,0.02535923570394516,0.05913210287690163,0.4802111089229584,0.020106062293052673,0.05686308443546295,0.6458923816680908,0.12136413902044296,0.17091004550457,0.0
Syllophopsis_sechellensis_OKENT0105212_processed.obj,A_init,0.0033384510315954685,0.060813844203948975,0.03158065676689148,0.029233187437057495,0.08670167624950409,0.26020050048828125,0.0617985799908638,0.06006666645407677,0.06363333761692047,0.22826580703258514,0.2194666713476181,0.2378000020980835,0.46869537234306335,0.44733333587646484,0.49220001697540283,0.8153845071792603,0.7960333228111267,0.8357000350952148,0.6252809762954712,0.30720001459121704,1.0,0.0,1.0,1.0,0.0,1.0,9.078536322704167e-08,0.0,0.7391765713691711,0.23923809826374054,0.0,0.0,0.0,0.06602483242750168,0.06759082525968552,0.06719526648521423,0.0,0.020166676491498947,0.04898925498127937,0.6180076599121094,0.03593841567635536,0.09450981020927429,0.3985273838043213,0.019285215064883232,0.0354013666510582,0.5027624368667603,0.034839026629924774,0.08134457468986511,0.3825857639312744,0.036003001034259796,0.09111031889915466,0.41668814420700073,0.08265086263418198,0.15252774953842163,0.13990268111228943
Temnothorax_congruus_OKENT0105443_processed.obj,A_init,0.0021052330266684294,0.049096494913101196,0.022726556286215782,0.026369940489530563,0.07320389151573181,0.1659565269947052,0.08183815330266953,0.08543333411216736,0.07853333652019501,0.2872169613838196,0.3135000169277191,0.26500001549720764,0.5576722025871277,0.5932333469390869,0.5261333584785461,0.8732385039329529,0.890500009059906,0.8566333651542664,0.654703676700592,0.35796666145324707,1.0,0.0,1.0,1.0,0.0,1.0,5.7596853508812274e-08,0.0,0.7621622085571289,0.28571468591690063,0.0,0.0,0.0,0.018684573471546173,0.02015835978090763,0.01848984882235527,0.0,0.017843324691057205,0.05368020385503769,0.7091954350471497,0.031959015876054764,0.07390417903661728,0.37275657057762146,0.03036925196647644,0.06389058381319046,0.3287293016910553,0.034180376678705215,0.07188859581947327,0.3456464409828186,0.02926548570394516,0.0761830285191536,0.4442441463470459,0.05490472912788391,0.1471470594406128,0.3041362464427948
Temnothorax_sp._OKENT0105336_processed.obj,A_init,0.002879661973565817,0.05639183521270752,0.024729309603571892,0.03166252374649048,0.09002020210027695,0.20693863928318024,0.053701672703027725,0.05609999969601631,0.051500000059604645,0.23029261827468872,0.2557666599750519,0.20943333208560944,0.508098304271698,0.5661666989326477,0.460833340883255,0.8408076167106628,0.8826333284378052,0.8027666807174683,0.6382550597190857,0.43130001425743103,1.0,0.0,1.0,1.0,0.0,1.0,6.640613747777024e-08,0.0,0.7691393494606018,0.28765931725502014,0.0,0.0,0.0,0.011422216892242432,0.014306170865893364,0.011548775248229504,0.0,0.019378600642085075,0.049338214099407196,0.6459770202636719,0.018702799454331398,0.04283345863223076,0.6313852071762085,0.043903954327106476,0.10630194842815399,0.30662983655929565,0.04392237216234207,0.09770925343036652,0.2269129455089569,0.020704511553049088,0.05430082976818085,0.6157610416412354,0.08022239804267883,0.14324690401554108,0.06690997630357742
Tetramorium_kraepelini_CASENT0744084_processed.obj,A_init,0.004431486129760742,0.06462883204221725,0.025127185508608818,0.039501648396253586,0.11537311971187592,0.38727644085884094,0.051626481115818024,0.054633334279060364,0.04893333464860916,0.2157197892665863,0.24773333966732025,0.19103333353996277,0.48652398586273193,0.5767666697502136,0.4207000136375427,0.7924680709838867,0.8737333416938782,0.7250333428382874,0.7109660506248474,0.3159666657447815,1.0,0.0,1.0,1.0,0.0,1.0,4.237660178318947e-08,0.0,0.7307697534561157,0.19973784685134888,0.0,0.0,0.0,0.005924793891608715,0.00817138608545065,0.006032169330865145,0.0,0.018521176651120186,0.04891986772418022,0.6961686015129089,0.031013840809464455,0.07832930237054825,0.4431661367416382,0.07240714877843857,0.12325364351272583,0.0027624310459941626,0.03346845135092735,0.06532485783100128,0.3087071478366852,0.027395065873861313,0.07398402690887451,0.49909865856170654,0.08156929165124893,0.1863662749528885,0.18978102505207062
Acanthostichus_aff.brevicornis_CASENT0744328_processed.obj,B_pose_coarse,0.005153283476829529,0.06634527444839478,0.01965668983757496,0.04668858274817467,0.14812980592250824,0.28286436200141907,0.07515966892242432,0.08630000054836273,0.06656666845083237,0.24485835433006287,0.3305000066757202,0.19446666538715363,0.4835397005081177,0.6620000004768372,0.380866676568985,0.7901628017425537,0.9443333148956299,0.6792666912078857,0.738390326499939,0.18443334102630615,1.0,0.0,1.0,1.0,0.0,1.0,3.056328878869863e-08,4.889019328402355e-05,0.8430563807487488,0.41676121950149536,0.0,0.0,0.0,0.02213822863996029,0.05878457799553871,0.02048320136964321,0.0,0.022878242656588554,0.060754723846912384,0.5693486928939819,0.016413971781730652,0.04330960661172867,0.727565586566925,0.030933162197470665,0.11862202733755112,0.6353591680526733,0.02215866558253765,0.044254910200834274,0.4538258910179138,0.016296377405524254,0.03762621805071831,0.7313932776451111,0.026031069457530975,0.15633359551429749,0.8077858686447144
Acromyrmex_coronatus_CASENT0744365_processed.obj,B_pose_coarse,0.01929364912211895,0.10877543687820435,0.026047684252262115,0.08272775262594223,0.3272196054458618,0.5652268528938293,0.042450230568647385,0.05040000006556511,0.036666665226221085,0.1461459845304489,0.21299999952316284,0.11123333126306534,0.3342673182487488,0.49486666917800903,0.25236666202545166,0.7115200757980347,0.9018333554267883,0.5875333547592163,0.6899048089981079,0.241633340716362,1.0,0.0,1.0,1.0,0.0,1.0,2.4457898817331625e-08,0.0,0.8562238812446594,0.4273412525653839,0.0,0.0,0.0,0.1102495864033699,0.21047689020633698,0.14672021567821503,0.0,0.024763915687799454,0.05408184602856636,0.4406130313873291,0.02703055553138256,0.060658618807792664,0.40128853917121887,0.04125463217496872,0.16178388893604279,0.5662983655929565,0.022047964856028557,0.0422598198056221,0.4828496277332306,0.02968776784837246,0.12908829748630524,0.6018542647361755,0.01998875103890896,0.0501643531024456,0.643552303314209
Acromyrmex_lobicornis_CASENT0878007_processed.obj,B_pose_coarse,0.018445022404193878,0.12654465436935425,0.027574047446250916,0.09897061437368393,0.2551601529121399,0.6094538569450378,0.02815851755440235,0.03629999980330467,0.023000000044703484,0.10194554924964905,0.1894666701555252,0.06973333656787872,0.22683079540729523,0.4886000156402588,0.1476999968290329,0.5097182393074036,0.8622333407402039,0.36180001497268677,0.5567775964736938,0.5157999992370605,1.0,0.0,1.0,1.0,0.0,1.0,2.5241785550633722e-08,0.0,0.8387175798416138,0.41048508882522583,0.0,0.0,0.0,0.10737375169992447,0.2161596119403839,0.10874859988689423,0.0,0.032062772661447525,0.08588491380214691,0.4003831446170807,0.032290682196617126,0.07021679729223251,0.34376439452171326,0.020053522661328316,0.06723517179489136,0.7182320952415466,0.0611492358148098,0.1064305305480957,0.06332454085350037,0.018471552059054375,0.04223700985312462,0.6561936736106873,0.016634732484817505,0.04228191450238228,0.7895377278327942
Anochetus_risii_CASENT0877608_processed.obj,B_pose_coarse,0.008944832719862461,0.07196615636348724,0.023142332211136818,0.048823826014995575,0.14330190420150757,0.5179517269134521,0.07641234993934631,0.08786666393280029,0.06760000437498093,0.24897342920303345,0.3218666613101959,0.203000009059906,0.5012829303741455,0.6429666876792908,0.4107666611671448,0.7933780550956726,0.8909000158309937,0.7150999903678894,0.6786997318267822,0.26686668395996094,1.0,0.0,1.0,1.0,0.0,1.0,2.480759064837912e-08,0.0,0.8510150909423828,0.4246181547641754,0.0,0.0,0.0,0.04901580885052681,0.12430670112371445,0.06232567876577377,0.0,0.01704462058842182,0.04076443985104561,0.6888889074325562,0.04279874265193939,0.11104118824005127,0.3225955069065094,0.02230607345700264,0.07457157969474792,0.6298342943191528,0.0702224001288414,0.12743158638477325,0.21635884046554565,0.014561240561306477,0.03677607327699661,0.7836724519729614,0.023049982264637947,0.11144310235977173,0.757907509803772
Anochetus_risii_CASENT0877609_processed.obj,B_pose_coarse,0.06722553819417953,0.21011368930339813,0.03031659498810768,0.17979709804058075,0.5421068668365479,1.2261674404144287,0.02187693677842617,0.029266666620969772,0.01746666617691517,0.07704755663871765,0.1526000052690506,0.05153333395719528,0.18230389058589935,0.435699999332428,0.11526666581630707,0.40965402126312256,0.8184333443641663,0.27320000529289246,0.5625633001327515,0.3962000012397766,1.0,0.0,1.0,1.0,0.0,1.0,2.479301564051184e-08,0.0,0.8380419015884399,0.4193229377269745,0.0,0.0,0.0,0.06921286880970001,0.24587209522724152,0.08781958371400833,0.0,0.027266619727015495,0.06993085891008377,0.47011494636535645,0.036399032920598984,0.08219963312149048,0.3391624391078949,0.019744351506233215,0.04281315952539444,0.571823239326477,0.09546930342912674,0.1424795538187027,0.0,0.02549443021416664,0.059593115001916885,0.4705125093460083,0.021381322294473648,0.048025768250226974,0.5912408828735352
Aphaenogaster_pallida_CASENT0745235_processed.obj,B_pose_coarse,0.008164441213011742,0.09092231094837189,0.03212479129433632,0.05879751965403557,0.16110308468341827,0.37671348452568054,0.04069235548377037,0.0473666675388813,0.03566666692495346,0.133931964635849,0.18926666676998138,0.1036333367228508,0.296164870262146,0.4275999963283539,0.22653333842754364,0.6568534970283508,0.8092333674430847,0.5527666807174683,0.6941076517105103,0.2051333338022232,1.0,0.0,1.0,1.0,0.0,1.0,2.4306366697146586e-08,0.0,0.8489741683006287,0.4227983355522156,0.0,0.0,0.0,0.03365768864750862,0.12271469086408615,0.036078304052352905,0.0,0.03601999208331108,0.10977037250995636,0.37547892332077026,0.03041568584740162,0.06400496512651443,0.40358951687812805,0.02736453153192997,0.0616651326417923,0.4668508470058441,0.0225610863417387,0.046470172703266144,0.5118733644485474,0.025540001690387726,0.07326368242502213,0.5256245136260986,0.017889654263854027,0.08142462372779846,0.8345498442649841
Atopomyrmex_mocquerysi_CASENT0744784_processed.obj,B_pose_coarse,0.00695015536621213,0.05216943100094795,0.017433900386095047,0.034735530614852905,0.11274392157793045,0.6005792617797852,0.10291609913110733,0.10786666721105576,0.09840000420808792,0.3089788854122162,0.33863332867622375,0.2840999960899353,0.6399394869804382,0.6929000020027161,0.5945000052452087,0.9178517460823059,0.966866672039032,0.8735666871070862,0.7345892190933228,0.21363332867622375,1.0,0.0,1.0,1.0,0.0,1.0,2.547201027880419e-08,0.0,0.8524108529090881,0.43147632479667664,0.0,0.0,0.0,0.02738846465945244,0.073412224650383,0.04008825868368149,0.0,0.01553648617118597,0.03214486315846443,0.7111111283302307,0.014208681881427765,0.028511710464954376,0.7519558072090149,0.009346469305455685,0.01682860590517521,0.9834254384040833,0.01701955683529377,0.0319921150803566,0.6015831232070923,0.02282191999256611,0.06355077773332596,0.573525607585907,0.023031368851661682,0.07492610067129135,0.5985401272773743
Carebara_trechideros_CASENT0877591_processed.obj,B_pose_coarse,0.0233235452324152,0.0916818231344223,0.02234119549393654,0.06934062391519547,0.3822714388370514,0.8171951174736023,0.09519051015377045,0.10199999809265137,0.08923333138227463,0.28310930728912354,0.32536667585372925,0.25056666135787964,0.5395021438598633,0.6209666728973389,0.4769333302974701,0.8303401470184326,0.9061999917030334,0.7662000060081482,0.7156831622123718,0.23890000581741333,1.0,0.0,1.0,1.0,0.0,1.0,2.404118149001988e-08,0.0,0.8494052290916443,0.42982545495033264,0.0,0.0,0.0,0.02238842472434044,0.07650932669639587,0.03302923962473869,0.0,0.020350603386759758,0.06307779252529144,0.6463601589202881,0.017070071771740913,0.04404883086681366,0.6953520774841309,0.051839444786310196,0.22858068346977234,0.5856353640556335,0.030345255509018898,0.05655939504504204,0.30343008041381836,0.024077996611595154,0.07789332419633865,0.6085500717163086,0.04509100317955017,0.16313646733760834,0.4513382017612457
Centromyrmex_brachycola_CASENT0744052_processed.obj,B_pose_coarse,0.00801034364849329,0.07623133063316345,0.019532784819602966,0.05669854208827019,0.20676003396511078,0.3389839828014374,0.06765102595090866,0.0801333338022232,0.058533333241939545,0.21874025464057922,0.3227333426475525,0.16543333232402802,0.44578590989112854,0.6514000296592712,0.3388333320617676,0.7659144997596741,0.9447667002677917,0.6439999938011169,0.6876698136329651,0.22743333876132965,1.0,0.0,1.0,1.0,0.0,1.0,2.404701326952363e-08,0.0,0.8542824387550354,0.4312921464443207,0.0,0.0,0.0,0.03066403977572918,0.05923565477132797,0.03315732255578041,0.0,0.023323601111769676,0.06091786175966263,0.5501915812492371,0.02018444612622261,0.048444680869579315,0.5803037285804749,0.020294945687055588,0.05275189131498337,0.6022099852561951,0.012292482890188694,0.026156092062592506,0.8601583242416382,0.013930872082710266,0.03115079179406166,0.8055627346038818,0.034267716109752655,0.14464718103408813,0.5948905348777771
Cephalotes_minutus_CASENT0709253_processed.obj,B_pose_coarse,0.004578441381454468,0.07083313912153244,0.02659980021417141,0.04423334077000618,0.11681076884269714,0.21871322393417358,0.04999921843409538,0.05806666612625122,0.04390000179409981,0.17570580542087555,0.24596667289733887,0.1366666704416275,0.3765134811401367,0.525433361530304,0.2933666706085205,0.7573054432868958,0.8788999915122986,0.6652666926383972,0.7106147408485413,0.21293333172798157,1.0,0.0,1.0,1.0,0.0,1.0,2.4116953767361338e-08,0.0,0.8511737585067749,0.42066627740859985,0.0,0.0,0.0,0.04424913972616196,0.13115240633487701,0.042281705886125565,0.0,0.03234754502773285,0.10370466858148575,0.41455939412117004,0.029271546751260757,0.05906129255890846,0.37183618545532227,0.023420745506882668,0.05477895960211754,0.5331491827964783,0.02098354883491993,0.048781685531139374,0.5699208974838257,0.01785903424024582,0.05270422250032425,0.7113056778907776,0.01593293435871601,0.07308413833379745,0.8673965930938721
Cephalotes_simillimus_CASENT0744408_processed.obj,B_pose_coarse,0.014411171898245811,0.1212228387594223,0.03211839869618416,0.08910444378852844,0.2188551276922226,0.36187663674354553,0.027818642556667328,0.03473333269357681,0.02319999970495701,0.09695405513048172,0.1823333352804184,0.06603333353996277,0.21717794239521027,0.46943333745002747,0.14126667380332947,0.49442818760871887,0.8181000351905823,0.3542666733264923,0.5919846892356873,0.41690000891685486,1.0,0.0,1.0,1.0,0.0,1.0,2.5017410365535397e-08,0.0,0.8495439887046814,0.4319136440753937,0.0,0.0,0.0,0.11856471747159958,0.2500242590904236,0.1259409338235855,0.0,0.04115729406476021,0.1263655424118042,0.4042145609855652,0.02657269313931465,0.05823936313390732,0.437643826007843,0.028804857283830643,0.08149884641170502,0.5524861812591553,0.036443691700696945,0.07792864739894867,0.37467020750045776,0.022351136431097984,0.05633314698934555,0.556270956993103,0.014057621359825134,0.03778695687651634,0.8284671306610107
Cephalotes_spinosus_CASENT0744158_processed.obj,B_pose_coarse,0.007908329367637634,0.09382310509681702,0.03261599689722061,0.061207111924886703,0.1488015502691269,0.2531350553035736,0.03985054790973663,0.04820000007748604,0.03396666795015335,0.12937597930431366,0.20679999887943268,0.09413333237171173,0.2789933383464813,0.46076667308807373,0.2000666707754135,0.6055566668510437,0.8023999929428101,0.4862666726112366,0.6331443786621094,0.3057999908924103,1.0,0.0,1.0,1.0,0.0,1.0,2.52884113649543e-08,0.0,0.8371519446372986,0.41416794061660767,0.0,0.0,0.0,0.07149504125118256,0.1428668200969696,0.07413055747747421,0.0,0.03648627921938896,0.10500471293926239,0.40727970004081726,0.033808633685112,0.0707438662648201,0.28992176055908203,0.01388370618224144,0.03484014794230461,0.7762431502342224,0.011934387497603893,0.027510132640600204,0.8918206095695496,0.025914238765835762,0.07281599938869476,0.5598763823509216,0.07378477603197098,0.2242063283920288,0.2907542586326599
Crematogaster_nawai_OKENT0105046_processed.obj,B_pose_coarse,0.009418269619345665,0.0916132926940918,0.02621709741652012,0.06539619714021683,0.20093883574008942,0.45199570059776306,0.041279107332229614,0.05016666650772095,0.035066667944192886,0.144509956240654,0.2282000035047531,0.10573333501815796,0.31770625710487366,0.5148666501045227,0.22973333299160004,0.6656769514083862,0.8665666580200195,0.5404000282287598,0.6145084500312805,0.42750000953674316,1.0,0.0,1.0,1.0,0.0,1.0,2.4542408993966092e-08,0.0,0.8533877730369568,0.424591988325119,0.0,0.0,0.0,0.034961242228746414,0.08743710070848465,0.05130378529429436,0.0,0.023918243125081062,0.05777571350336075,0.5122605562210083,0.035955045372247696,0.0788932517170906,0.2825586795806885,0.02310040034353733,0.07305115461349487,0.6160221099853516,0.07688205689191818,0.11572923511266708,0.0,0.017938954755663872,0.0473056435585022,0.6855524182319641,0.010642193257808685,0.022636625915765762,0.9355230927467346
Cryptopone_sauteri_CASENT0743771_processed.obj,B_pose_coarse,0.010365053080022335,0.09738717973232269,0.028789354488253593,0.06859782338142395,0.18313170969486237,0.6303130984306335,0.040411099791526794,0.04883333295583725,0.034466665238142014,0.14015290141105652,0.22200000286102295,0.10240000486373901,0.30859532952308655,0.5108667016029358,0.2210666686296463,0.6217746734619141,0.8311333656311035,0.49666666984558105,0.5828461050987244,0.3762666583061218,1.0,0.0,1.0,1.0,0.0,1.0,2.384594033344456e-08,0.0,0.8516566753387451,0.43049293756484985,0.0,0.0,0.0,0.04386249557137489,0.1521052122116089,0.04425238072872162,0.0,0.032393041998147964,0.08857080340385437,0.45823755860328674,0.03397107869386673,0.08254127949476242,0.3787390887737274,0.02973751910030842,0.0758972093462944,0.4723757207393646,0.07543126493692398,0.11297301948070526,0.0,0.017738059163093567,0.04694528132677078,0.7040947675704956,0.016010476276278496,0.047935351729393005,0.7883211374282837
Cyphoidris_afrc-tz01_CASENT0744810_processed.obj,B_pose_coarse,0.053804121911525726,0.22008182108402252,0.03144530951976776,0.18863651156425476,0.41724705696105957,0.5679214596748352,0.013406060636043549,0.018433334305882454,0.010533333756029606,0.04567733034491539,0.10526666790246964,0.02916666679084301,0.108108289539814,0.37236666679382324,0.06323333084583282,0.26648223400115967,0.8324000239372253,0.15863333642482758,0.6491202116012573,0.5350666642189026,1.0,0.0,1.0,1.0,0.0,1.0,2.6751294512905588e-08,0.0,0.8209066390991211,0.41685745120048523,0.0,0.0,0.0,0.12201964855194092,0.22968915104866028,0.13405929505825043,0.0,0.031000738963484764,0.06190920248627663,0.33524903655052185,0.041458405554294586,0.10411828756332397,0.27381500601768494,0.016504431143403053,0.028722070157527924,0.6546961665153503,0.06670445203781128,0.09680807590484619,0.007915567606687546,0.02491333708167076,0.05513671413064003,0.4741179645061493,0.03667930141091347,0.10847214609384537,0.406326025724411
Cyphomyrmex_cf.minutus_CASENT0744280_processed.obj,B_pose_coarse,0.08448708802461624,0.2648506760597229,0.03206828981637955,0.23278239369392395,0.555061936378479,0.892555832862854,0.013113697990775108,0.018466666340827942,0.010166666470468044,0.04703466594219208,0.11753333359956741,0.029400000348687172,0.11064235866069794,0.4404999911785126,0.06326666474342346,0.24409779906272888,0.8219000101089478,0.1433333307504654,0.6113259196281433,0.4182000160217285,1.0,0.0,1.0,1.0,0.0,1.0,2.884942418290848e-08,0.0,0.8021163940429688,0.3482529819011688,0.0,0.0,0.0,0.15501919388771057,0.2727496325969696,0.16128411889076233,0.0,0.023903952911496162,0.05831901729106903,0.5264368057250977,0.037163134664297104,0.08409745991230011,0.25586748123168945,0.02286069095134735,0.0589321069419384,0.5690608024597168,0.018187304958701134,0.032249946147203445,0.5936675667762756,0.040843795984983444,0.13458070158958435,0.33247488737106323,0.06672364473342896,0.24378840625286102,0.35036495327949524
Dilobocondyla_fouqueti_CASENT0745576_processed.obj,B_pose_coarse,0.009412777610123158,0.09552054107189178,0.02938518300652504,0.06613536179065704,0.17882563173770905,0.4187331199645996,0.0418650358915329,0.05193333327770233,0.035066667944192886,0.14360928535461426,0.22949999570846558,0.10450000315904617,0.30843088030815125,0.4983000159263611,0.22333332896232605,0.6167213916778564,0.8140333294868469,0.49639999866485596,0.6281420588493347,0.27703332901000977,1.0,0.0,1.0,1.0,0.0,1.0,2.5131054570692868e-08,0.0,0.8494638800621033,0.4231308698654175,0.0,0.0,0.0,0.009697183035314083,0.03576269373297691,0.00989135168492794,0.0,0.03132624924182892,0.07891520112752914,0.4363984763622284,0.039819180965423584,0.11016077548265457,0.4381040036678314,0.024566615000367165,0.07147002965211868,0.6436464190483093,0.01675136387348175,0.04030364379286766,0.688654363155365,0.02088790014386177,0.058773163706064224,0.619366466999054,0.012014852836728096,0.03014671616256237,0.8892943859100342
Dorylus_fulvus_CASENT0745678_processed.obj,B_pose_coarse,0.005742309149354696,0.06948234885931015,0.023653095588088036,0.045829255133867264,0.12624748051166534,0.39378178119659424,0.06517472863197327,0.07509999722242355,0.05756666883826256,0.20967945456504822,0.28886666893959045,0.16456666588783264,0.42963138222694397,0.5968666672706604,0.33560001850128174,0.7748788595199585,0.9160667061805725,0.6714000105857849,0.692031741142273,0.2795666754245758,1.0,0.0,1.0,1.0,0.0,1.0,2.8418252639994535e-08,0.0,0.8440402746200562,0.4253556430339813,0.0,0.0,0.0,0.017146607860922813,0.04793112352490425,0.016465267166495323,0.0,0.019385183230042458,0.04788724705576897,0.6352490782737732,0.036242030560970306,0.08156970888376236,0.31615278124809265,0.10832805186510086,0.3633313775062561,0.36464089155197144,0.03484778851270676,0.0704876184463501,0.19525066018104553,0.016161585226655006,0.035731226205825806,0.6973989009857178,0.034088581800460815,0.17097148299217224,0.6374695897102356
Eciton_hamatum_CASENT0744580_processed.obj,B_pose_coarse,0.02112400159239769,0.09831681847572327,0.03631829842925072,0.06199852004647255,0.31730544567108154,0.7966111898422241,0.09562763571739197,0.10046666860580444,0.09123333543539047,0.2650465667247772,0.290066659450531,0.24400000274181366,0.4823736548423767,0.5073999762535095,0.4597000181674957,0.7489428520202637,0.7572667002677917,0.7408000230789185,0.5666629076004028,0.3597666621208191,1.0,0.0,1.0,1.0,0.0,1.0,2.4542408993966092e-08,0.0,0.8460737466812134,0.426876425743103,0.0,0.0,0.0,0.07336828112602234,0.18057553470134735,0.12223276495933533,0.0,0.04108397290110588,0.14637920260429382,0.4727969467639923,0.05427231639623642,0.11468323320150375,0.18637828528881073,0.09702994674444199,0.23741628229618073,0.34530389308929443,0.03660939633846283,0.06690680980682373,0.22163589298725128,0.012993792071938515,0.030258510261774063,0.8016997575759888,0.014003176242113113,0.03362685441970825,0.7542579174041748
Ectatomma_brunneum_CASENT0744575_processed.obj,B_pose_coarse,0.06598097831010818,0.22554251551628113,0.03388989716768265,0.19165261089801788,0.5358946323394775,0.7986432909965515,0.018386883661150932,0.02383333444595337,0.01496666669845581,0.06659985333681107,0.1369333416223526,0.04399999976158142,0.15077897906303406,0.4101666808128357,0.09236666560173035,0.3466891348361969,0.7999333143234253,0.22130000591278076,0.5510677099227905,0.4178999960422516,1.0,0.0,1.0,1.0,0.0,1.0,2.4944549537053717e-08,0.0,0.8413925766944885,0.4119119346141815,0.0,0.0,0.0,0.06538921594619751,0.11262771487236023,0.07917380332946777,0.0,0.02953614667057991,0.07719452679157257,0.4241379499435425,0.03976701572537422,0.09380978345870972,0.25770825147628784,0.06582559645175934,0.19426248967647552,0.31767958402633667,0.03431122004985809,0.0932379886507988,0.40633246302604675,0.02922424115240574,0.08477524667978287,0.4960082471370697,0.09600173681974411,0.36462971568107605,0.28588807582855225
Eurhopalothrix_procera_CASENT0745605_processed.obj,B_pose_coarse,0.01992836594581604,0.13499470055103302,0.02865288034081459,0.10634181648492813,0.2671850621700287,0.5088608860969543,0.029231229797005653,0.03893333300948143,0.023399999365210533,0.10200664401054382,0.18770000338554382,0.07003333419561386,0.22135260701179504,0.4739000201225281,0.1444000005722046,0.49039003252983093,0.8416000008583069,0.3460000157356262,0.5649068355560303,0.4322333335876465,1.0,0.0,1.0,1.0,0.0,1.0,2.4895006944802844e-08,0.0,0.8385663032531738,0.40173307061195374,0.0,0.0,0.0,0.06092366948723793,0.2413780391216278,0.07865548133850098,0.0,0.02985934354364872,0.07157578319311142,0.40689656138420105,0.04096895456314087,0.10694912075996399,0.28854119777679443,0.025095008313655853,0.06704927980899811,0.6160221099853516,0.015771614387631416,0.036603935062885284,0.7097625732421875,0.020994555205106735,0.04910486564040184,0.5941282510757446,0.02364145591855049,0.06991081684827805,0.5851581692695618
Heteroponera_panamensis_CASENT0744055_processed.obj,B_pose_coarse,0.07592286169528961,0.24894367158412933,0.0318831168115139,0.21706055104732513,0.5202416181564331,0.6964365839958191,0.014665544964373112,0.020133333280682564,0.011533333919942379,0.0549590103328228,0.12486666440963745,0.035233333706855774,0.1272464394569397,0.4092999994754791,0.07533333450555801,0.29653751850128174,0.8111333250999451,0.18143333494663239,0.5911086797714233,0.420199990272522,1.0,0.0,1.0,1.0,0.0,1.0,3.5118560504088236e-08,4.889019328402355e-05,0.832679271697998,0.4116562008857727,0.0,0.0,0.0,0.0882834941148758,0.22517402470111847,0.10422962158918381,0.0,0.024417661130428314,0.06147286295890808,0.5195402503013611,0.041162073612213135,0.10910264402627945,0.2917625308036804,0.02603752352297306,0.0489283911883831,0.35635361075401306,0.03372475132346153,0.06687981635332108,0.34036940336227417,0.033657826483249664,0.08306047320365906,0.37805819511413574,0.05995561555027962,0.21967357397079468,0.38807785511016846
Labidus_praedator_CASENT0744236_processed.obj,B_pose_coarse,0.008555845357477665,0.0580078586935997,0.014908870682120323,0.04309898987412453,0.1869281828403473,0.7780766487121582,0.1198958232998848,0.12916666269302368,0.11186666786670685,0.374965101480484,0.439300000667572,0.32706665992736816,0.667263388633728,0.7962000370025635,0.5742666721343994,0.886380672454834,0.9752333164215088,0.8123666644096375,0.7802362442016602,0.23303332924842834,1.0,0.0,1.0,1.0,0.0,1.0,2.4752223382051852e-08,0.0,0.8355954885482788,0.4137152433395386,0.0,0.0,0.0,0.01597357541322708,0.029676523059606552,0.021033283323049545,0.0,0.011133704334497452,0.023212898522615433,0.9007663130760193,0.01822674833238125,0.04386720433831215,0.6235619187355042,0.027048733085393906,0.0657443180680275,0.43922653794288635,0.010396754369139671,0.021249284967780113,0.9208443760871887,0.016237078234553337,0.040798369795084,0.7409219741821289,0.04602602869272232,0.1569105088710785,0.4768856465816498
Labidus_praedator_CASENT0744237_processed.obj,B_pose_coarse,0.026551611721515656,0.11282221227884293,0.022005461156368256,0.09081675112247467,0.42101845145225525,0.7759876251220703,0.05337420105934143,0.06300000101327896,0.046300001442432404,0.17336565256118774,0.25699999928474426,0.1308000087738037,0.3694266974925995,0.5606666803359985,0.2754666805267334,0.7314581274986267,0.9339333176612854,0.6011333465576172,0.6427342295646667,0.33783334493637085,1.0,0.0,1.0,1.0,0.0,1.0,2.4277225563196225e-08,0.0,0.8538651466369629,0.4307364523410797,0.0,0.0,0.0,0.029272010549902916,0.06734227389097214,0.030491217970848083,0.0,0.019774530082941055,0.03901275619864464,0.5425287485122681,0.03514765575528145,0.08623027801513672,0.34330418705940247,0.026774773374199867,0.0786307081580162,0.4917127192020416,0.017950551584362984,0.03541818633675575,0.5883905291557312,0.01587481051683426,0.04042401537299156,0.7622972130775452,0.014766302891075611,0.056808408349752426,0.8345498442649841
Lasius_nr._fuliginosus_CASENT0878037_processed.obj,B_pose_coarse,0.00739341601729393,0.07379217445850372,0.025512084364891052,0.04828008636832237,0.16994315385818481,0.3990155756473541,0.06563775986433029,0.07503333687782288,0.05833333358168602,0.21977445483207703,0.28326666355133057,0.17953333258628845,0.4661870300769806,0.5992000102996826,0.3815000057220459,0.7822732925415039,0.8636666536331177,0.714900016784668,0.7460207343101501,0.18463332951068878,1.0,0.0,1.0,1.0,0.0,1.0,2.441710122980112e-08,0.0,0.8494033217430115,0.42731887102127075,0.0,0.0,0.0,0.0160384401679039,0.033583756536245346,0.02016446925699711,0.0,0.026659484952688217,0.09243328869342804,0.6061303019523621,0.02683420106768608,0.07430890947580338,0.5379659533500671,0.06516535580158234,0.1781359314918518,0.4060773551464081,0.024088112637400627,0.06480583548545837,0.5356200933456421,0.0157989040017128,0.03704596683382988,0.7373165488243103,0.016899924725294113,0.05808478221297264,0.7530413269996643
Lioponera_daikoku_OKENT0105067_processed.obj,B_pose_coarse,0.09270521253347397,0.26329290866851807,0.03816676139831543,0.22512616217136383,0.638088583946228,0.7655819058418274,0.022321311756968498,0.02836666628718376,0.018400000408291817,0.07425060123205185,0.1467333287000656,0.04969999939203262,0.16064731776714325,0.39036667346954346,0.101133331656456,0.35517582297325134,0.7141333222389221,0.23636667430400848,0.5770212411880493,0.3968000113964081,1.0,0.0,1.0,1.0,0.0,1.0,2.5734266273502726e-08,0.0,0.8356754779815674,0.39625638723373413,0.0,0.0,0.0,0.0986890122294426,0.19135600328445435,0.09975679963827133,0.0,0.03624594956636429,0.09127478301525116,0.333716481924057,0.04164966195821762,0.10196095705032349,0.34422457218170166,0.07275451719760895,0.19786030054092407,0.11049724370241165,0.030302150174975395,0.08480285853147507,0.3271768093109131,0.03231363743543625,0.08814198523759842,0.47180014848709106,0.1110268160700798,0.27810776233673096,0.12408758699893951
Mayriella_sp._CASENT0745610_processed.obj,B_pose_coarse,0.020913654938340187,0.13948580622673035,0.03107915259897709,0.10840665549039841,0.27351438999176025,0.6212241053581238,0.02012186497449875,0.025700001046061516,0.01653333380818367,0.07371886074542999,0.1487666666507721,0.04899999871850014,0.17040656507015228,0.43540000915527344,0.10593333095312119,0.41973891854286194,0.8013666868209839,0.28433334827423096,0.5810556411743164,0.4239666759967804,1.0,0.0,1.0,1.0,0.0,1.0,2.452201108837926e-08,0.0,0.8385670781135559,0.4128660559654236,0.0,0.0,0.0,0.06416548043489456,0.17737635970115662,0.06669541448354721,0.0,0.028911512345075607,0.07317012548446655,0.4482758641242981,0.04092638939619064,0.08600560575723648,0.2669121026992798,0.029483122751116753,0.06300269067287445,0.3674033284187317,0.05076015368103981,0.08941762894392014,0.139841690659523,0.029795808717608452,0.09087277203798294,0.4957507252693176,0.0248060692101717,0.0774972066283226,0.5839415788650513
Mesoponera_ambigua_CASENT0745584_processed.obj,B_pose_coarse,0.046576935797929764,0.17819947004318237,0.026710592210292816,0.15148887038230896,0.4724997580051422,0.7223042249679565,0.029711978510022163,0.03790000081062317,0.024433333426713943,0.1012677475810051,0.19386667013168335,0.06853333115577698,0.22734004259109497,0.523900032043457,0.14516666531562805,0.47619763016700745,0.8656666874885559,0.3284333348274231,0.5984780192375183,0.49976667761802673,1.0,0.0,1.0,1.0,0.0,1.0,2.4224767969371896e-08,0.0,0.8512238264083862,0.4302597939968109,0.0,0.0,0.0,0.06967774778604507,0.2107633799314499,0.07692351192235947,0.0,0.022191619500517845,0.04935111105442047,0.5425287485122681,0.04259661212563515,0.09472044557332993,0.2650713324546814,0.026164915412664413,0.06513412296772003,0.5165746212005615,0.08002791553735733,0.11778184026479721,0.013192612677812576,0.021237054839730263,0.06364515423774719,0.6585114598274231,0.016611702740192413,0.04835999011993408,0.7700729966163635
Myrmecina_ryukyuensis_OKENT0105085_processed.obj,B_pose_coarse,0.015508397482335567,0.10350971668958664,0.02571571059525013,0.07779400795698166,0.27617180347442627,0.5765044093132019,0.0547991581261158,0.06783333420753479,0.04596666619181633,0.1742202192544937,0.26840001344680786,0.12896667420864105,0.3538084924221039,0.5644000172615051,0.257666677236557,0.6577015519142151,0.8671000003814697,0.5297666788101196,0.6435051560401917,0.437333345413208,1.0,0.0,1.0,1.0,0.0,1.0,3.3778068342371625e-08,4.889019328402355e-05,0.8291077613830566,0.39823269844055176,0.0,0.0,0.0,0.004433649592101574,0.01116942148655653,0.005020566284656525,0.0,0.019747145473957062,0.04932272061705589,0.6226053833961487,0.03586134314537048,0.09748049080371857,0.39254486560821533,0.020038461312651634,0.06715277582406998,0.6657458543777466,0.09528747946023941,0.14280489087104797,0.0,0.021820783615112305,0.06389863789081573,0.616018533706665,0.02747408300638199,0.12493731081485748,0.6338199377059937
Myrmecina_sp._CASENT0745613_processed.obj,B_pose_coarse,0.028904350474476814,0.13942812383174896,0.026197725906968117,0.1132303923368454,0.3743273913860321,0.673383355140686,0.03419247269630432,0.044066667556762695,0.027933333069086075,0.11561170220375061,0.20973333716392517,0.07980000227689743,0.25263217091560364,0.5207666754722595,0.1667666733264923,0.5166885256767273,0.867733359336853,0.3678666651248932,0.627262532711029,0.4338666796684265,1.0,0.0,1.0,1.0,0.0,1.0,2.4452072366898392e-08,0.0,0.8340872526168823,0.4068635404109955,0.0,0.0,0.0,0.07119923830032349,0.26342418789863586,0.07334677875041962,0.0,0.027956709265708923,0.07448899000883102,0.47471264004707336,0.04037753865122795,0.09537839889526367,0.33317995071411133,0.03886780887842178,0.0907532125711441,0.35635361075401306,0.05286532640457153,0.07917694747447968,0.018469657748937607,0.016670692712068558,0.03802955150604248,0.719289243221283,0.01477800589054823,0.034072212874889374,0.8138685822486877
Nesomyrmex_angulatus_CASENT0744820_processed.obj,B_pose_coarse,0.023974018171429634,0.1528148055076599,0.030765339732170105,0.1220494732260704,0.27297815680503845,0.40133845806121826,0.02132771722972393,0.027800001204013824,0.01730000041425228,0.07750833034515381,0.15506666898727417,0.05166666582226753,0.1788216531276703,0.4529666602611542,0.11140000075101852,0.4062247574329376,0.8113999962806702,0.2709333300590515,0.5605659484863281,0.45883333683013916,1.0,0.0,1.0,1.0,0.0,1.0,2.4501606077365068e-08,0.0,0.8344287872314453,0.4034139811992645,0.0,0.0,0.0,0.06089000776410103,0.12736211717128754,0.06997720897197723,0.0,0.031652048230171204,0.09038875997066498,0.4574712812900543,0.035089824348688126,0.07872140407562256,0.3649332821369171,0.03847111389040947,0.10408977419137955,0.36464089155197144,0.02827920764684677,0.055414892733097076,0.37467020750045776,0.022408602759242058,0.05144846439361572,0.5312902331352234,0.03897066414356232,0.1671343743801117,0.6265206933021545
Odontomachus_troglodytes_CASENT0744970_processed.obj,B_pose_coarse,0.004675139207392931,0.06262686103582382,0.02009461633861065,0.042532242834568024,0.13045281171798706,0.3120315968990326,0.07809861749410629,0.08799999952316284,0.07020000368356705,0.24254295229911804,0.3082333505153656,0.19993333518505096,0.48422864079475403,0.6326000094413757,0.39223334193229675,0.8180509805679321,0.9404667019844055,0.7238333225250244,0.676751434803009,0.34523335099220276,1.0,0.0,1.0,1.0,0.0,1.0,2.587417391453073e-08,0.0,0.8393489122390747,0.4076262414455414,0.0,0.0,0.0,0.03453274816274643,0.07654058188199997,0.037929046899080276,0.0,0.017212003469467163,0.03918231651186943,0.6701149344444275,0.01943572610616684,0.06175759807229042,0.730786919593811,0.022955678403377533,0.05617779120802879,0.511049747467041,0.030443666502833366,0.0647464320063591,0.3509235084056854,0.02241566963493824,0.056937165558338165,0.5611640810966492,0.011149260215461254,0.02628885954618454,0.8819951415061951
Oxyopomyrmex_saulcyi_CASENT0745218_processed.obj,B_pose_coarse,0.0110213877633214,0.09854128211736679,0.02107352763414383,0.07746775448322296,0.20954923331737518,0.39093437790870667,0.04230242222547531,0.05353333428502083,0.034966666251420975,0.14298266172409058,0.25956666469573975,0.09866666793823242,0.2983914017677307,0.6071666479110718,0.19779999554157257,0.5980714559555054,0.9345999956130981,0.4397333264350891,0.653084397315979,0.38089999556541443,1.0,0.0,1.0,1.0,0.0,1.0,2.3711892893629738e-08,0.0,0.850563108921051,0.42691466212272644,0.0,0.0,0.0,0.026035938411951065,0.12009363621473312,0.029046617448329926,0.0,0.023594271391630173,0.05663616582751274,0.5122605562210083,0.01825042814016342,0.04299064353108406,0.6525540947914124,0.02074647694826126,0.04745133966207504,0.6215469837188721,0.016253650188446045,0.041522376239299774,0.7229551672935486,0.019406193867325783,0.05305160582065582,0.6569662690162659,0.025865601375699043,0.12221477925777435,0.7457420825958252
Polyrhachis_decemdentata_CASENT0744779_processed.obj,B_pose_coarse,0.015616376884281635,0.11279092729091644,0.024598782882094383,0.08819214254617691,0.2416030615568161,0.6408774256706238,0.04214240610599518,0.0533333346247673,0.034833334386348724,0.13406585156917572,0.23553334176540375,0.09369999915361404,0.2725412845611572,0.5462333559989929,0.18156667053699493,0.5613802671432495,0.8857666850090027,0.4108999967575073,0.6066209673881531,0.4240666627883911,1.0,0.0,1.0,1.0,0.0,1.0,2.415483102424787e-08,0.0,0.8384333252906799,0.4196338653564453,0.0,0.0,0.0,0.06269076466560364,0.12964464724063873,0.09540756046772003,0.0,0.027166515588760376,0.07186949253082275,0.49501916766166687,0.027475079521536827,0.06364017724990845,0.43212148547172546,0.027482088655233383,0.07097891718149185,0.4861878752708435,0.03976784273982048,0.08533108234405518,0.27176782488822937,0.01944243721663952,0.050908513367176056,0.6554210782051086,0.012858877889811993,0.0324837826192379,0.798053503036499
Polyrhachis_dives_CASENT0878093_processed.obj,B_pose_coarse,0.05134129524230957,0.1972687840461731,0.030349431559443474,0.16691935062408447,0.5070318579673767,0.7118824124336243,0.023820359259843826,0.03060000017285347,0.019500000402331352,0.07975694537162781,0.15836666524410248,0.053300000727176666,0.17143477499485016,0.4491666853427887,0.10593333095312119,0.37600505352020264,0.8195666670799255,0.24396666884422302,0.5925273895263672,0.4841333329677582,1.0,0.0,1.0,1.0,0.0,1.0,3.652030144962737e-08,4.889019328402355e-05,0.8269912004470825,0.3943086266517639,0.0,0.0,0.0,0.09799248725175858,0.27182736992836,0.12911979854106903,0.0,0.028711562976241112,0.07699817419052124,0.4655172526836395,0.03667085990309715,0.07593391090631485,0.2779567539691925,0.04358169436454773,0.10876360535621643,0.28176796436309814,0.03255882114171982,0.058306943625211716,0.2744063436985016,0.02426226995885372,0.08047714829444885,0.578933835029602,0.04508907347917557,0.17272087931632996,0.43065693974494934
Ponera_kohmoku_OKENT0105440_processed.obj,B_pose_coarse,0.008548185229301453,0.08401496708393097,0.02337840385735035,0.06063656136393547,0.15733101963996887,0.481232225894928,0.052107520401477814,0.06466666609048843,0.04363333433866501,0.17205072939395905,0.2691666781902313,0.126433327794075,0.3668844401836395,0.5839333534240723,0.26746666431427,0.6868180632591248,0.897266685962677,0.5563333630561829,0.6304997205734253,0.40016666054725647,1.0,0.0,1.0,1.0,0.0,1.0,2.418397393455507e-08,0.0,0.85091632604599,0.4265175759792328,0.0,0.0,0.0,0.011837237514555454,0.03372009098529816,0.013837573118507862,0.0,0.023471295833587646,0.06261424720287323,0.5501915812492371,0.03098195791244507,0.0689718946814537,0.37413713335990906,0.020280852913856506,0.05376935750246048,0.6795580387115479,0.02314174361526966,0.04804550111293793,0.4327176809310913,0.017330391332507133,0.05496857687830925,0.7308781743049622,0.04977894946932793,0.20354962348937988,0.6423357725143433
Ponera_tamon_OKENT0105154_processed.obj,B_pose_coarse,0.002554350532591343,0.05125422030687332,0.01959356851875782,0.03166064992547035,0.0939631462097168,0.244765043258667,0.08977169543504715,0.10036666691303253,0.0812000036239624,0.2757141590118408,0.3494666814804077,0.2276666760444641,0.5253279209136963,0.646233320236206,0.44253334403038025,0.8699132204055786,0.9467666745185852,0.8046000003814697,0.7230024337768555,0.2974666655063629,1.0,0.0,1.0,1.0,0.0,1.0,2.4306368473503426e-08,0.0,0.8525437712669373,0.42970603704452515,0.0,0.0,0.0,0.04229468107223511,0.09016464650630951,0.038922302424907684,0.0,0.0190564077347517,0.05307167023420334,0.6624521017074585,0.02669518254697323,0.05422099679708481,0.39254486560821533,0.026861587539315224,0.14264188706874847,0.7320442199707031,0.024644464254379272,0.060301266610622406,0.47229552268981934,0.016052959486842155,0.04211006686091423,0.7100180387496948,0.03500447794795036,0.17066775262355804,0.6630170345306396
Pseudolasius_sp._CASENT0878065_processed.obj,B_pose_coarse,0.03496433421969414,0.16440877318382263,0.025462858378887177,0.13894590735435486,0.37472274899482727,0.5535430908203125,0.031404316425323486,0.0408666655421257,0.025499999523162842,0.10300228744745255,0.2075333297252655,0.06849999725818634,0.21301592886447906,0.5331000089645386,0.1331000030040741,0.43960171937942505,0.8828333616256714,0.2926666736602783,0.6560587286949158,0.41456666588783264,1.0,0.0,1.0,1.0,0.0,1.0,2.6133498920444254e-08,0.0,0.8209280371665955,0.3771558403968811,0.0,0.0,0.0,0.09335926175117493,0.13749855756759644,0.09528233110904694,0.0,0.026465583592653275,0.07354500889778137,0.5210728049278259,0.032143253833055496,0.07530801743268967,0.3791992664337158,0.059085067361593246,0.13439275324344635,0.21270719170570374,0.01902596466243267,0.038428615778684616,0.5936675667762756,0.019665552303195,0.04250631108880043,0.6085500717163086,0.04447204992175102,0.22071029245853424,0.49513381719589233
Pseudomyrmex_cf.solis_CASENT0744065_processed.obj,B_pose_coarse,0.0058760568499565125,0.06892414391040802,0.024879787117242813,0.04404435306787491,0.1631743460893631,0.26127856969833374,0.08299966901540756,0.09316666424274445,0.07483333349227905,0.2589417099952698,0.33063334226608276,0.21279999613761902,0.48789119720458984,0.6011000275611877,0.41056665778160095,0.7999394536018372,0.8833333253860474,0.7309333682060242,0.747366726398468,0.16233333945274353,1.0,0.0,1.0,1.0,0.0,1.0,2.4629832395817175e-08,0.0,0.8515288233757019,0.43051114678382874,0.0,0.0,0.0,0.011077665723860264,0.03994131088256836,0.011575140058994293,0.0,0.02388814277946949,0.06999775022268295,0.5678160786628723,0.026316551491618156,0.061095088720321655,0.4284399449825287,0.0190610121935606,0.04808945208787918,0.6298342943191528,0.03942963853478432,0.07687514275312424,0.2981530427932739,0.027843058109283447,0.1439969837665558,0.7061550617218018,0.02976883389055729,0.12328673154115677,0.6155717968940735
Solenopsis_invicta_CASENT0744384_processed.obj,B_pose_coarse,0.02265780232846737,0.1407896876335144,0.028905894607305527,0.11188378930091858,0.2947878837585449,0.6998956203460693,0.024438882246613503,0.031166667118668556,0.020099999383091927,0.08612393587827682,0.1712000072002411,0.05753333494067192,0.19362284243106842,0.4897000193595886,0.12066666781902313,0.44748908281326294,0.8383333683013916,0.3052000105381012,0.5429638624191284,0.42260000109672546,1.0,0.0,1.0,1.0,0.0,1.0,2.5492401078963667e-08,0.0,0.844663143157959,0.3966779112815857,0.0,0.0,0.0,0.04573215916752815,0.066026471555233,0.05743683502078056,0.0,0.03054858185350895,0.08399990200996399,0.45057472586631775,0.03265509381890297,0.06817444413900375,0.3414634168148041,0.06121120974421501,0.1416315734386444,0.19889503717422485,0.028113536536693573,0.06420869380235672,0.4802111089229584,0.024816321209073067,0.08196788281202316,0.6358485817909241,0.06809079647064209,0.14738169312477112,0.2542579174041748
Stigmatomma_FHG02_CASENT0745561_processed.obj,B_pose_coarse,0.032004039734601974,0.15368986129760742,0.02901330776512623,0.12467654794454575,0.35857412219047546,0.6422704458236694,0.035563595592975616,0.045233335345983505,0.02930000051856041,0.12136029452085495,0.20883333683013916,0.08553333580493927,0.25959596037864685,0.5005999803543091,0.17523333430290222,0.5382907390594482,0.8543333411216736,0.39293333888053894,0.5970820188522339,0.39730000495910645,1.0,0.0,1.0,1.0,0.0,1.0,2.4058666170390097e-08,0.0,0.8450983166694641,0.4180994927883148,0.0,0.0,0.0,0.07481728494167328,0.25215068459510803,0.07926426082849503,0.0,0.039705146104097366,0.11423482745885849,0.37547892332077026,0.023464994505047798,0.04917418584227562,0.4675563871860504,0.02968703955411911,0.08231807500123978,0.41436466574668884,0.02115725725889206,0.04228147119283676,0.5514512062072754,0.017598995938897133,0.04344666004180908,0.6834921836853027,0.03222312405705452,0.12656155228614807,0.5121654272079468
Strumigenys_alberti_CASENT0878103_processed.obj,B_pose_coarse,0.02572561427950859,0.15752625465393066,0.03541436791419983,0.12211189419031143,0.29980337619781494,0.5721449255943298,0.02040174975991249,0.026633333414793015,0.01653333380818367,0.0729803591966629,0.14016667008399963,0.04933333396911621,0.15918026864528656,0.3919999897480011,0.09986666589975357,0.3897724151611328,0.765333354473114,0.2614666819572449,0.5938616991043091,0.3923666775226593,1.0,0.0,1.0,1.0,0.0,1.0,2.419854716606551e-08,0.0,0.8434562683105469,0.4110027551651001,0.0,0.0,0.0,0.11090166121721268,0.30999013781547546,0.11843936145305634,0.0,0.03575551137328148,0.10059748589992523,0.3892720341682434,0.042147450149059296,0.09474549442529678,0.28578004240989685,0.020012142136693,0.05732892081141472,0.591160237789154,0.025038236752152443,0.06145581230521202,0.4802111089229584,0.02723706141114235,0.08238662034273148,0.5014164447784424,0.05474322289228439,0.1705322563648224,0.3552311360836029
Strumigenys_canina_OKENT0105288_processed.obj,B_pose_coarse,0.025030456483364105,0.1533529907464981,0.04143831506371498,0.11191467195749283,0.30664142966270447,0.43192124366760254,0.029395131394267082,0.035733334720134735,0.024966666474938393,0.10187378525733948,0.17509999871253967,0.07183333486318588,0.22300899028778076,0.411133348941803,0.15299999713897705,0.46606776118278503,0.7069000005722046,0.34763333201408386,0.5331548452377319,0.4488333463668823,1.0,0.0,1.0,1.0,0.0,1.0,2.4454987368471848e-08,0.0,0.8460260033607483,0.42615553736686707,0.0,0.0,0.0,0.051033616065979004,0.12517033517360687,0.05718938261270523,0.0,0.041257329285144806,0.12900984287261963,0.3536398410797119,0.05031196400523186,0.14024661481380463,0.34238380193710327,0.01847483031451702,0.05664250999689102,0.7513812184333801,0.12052462995052338,0.16933673620224,0.0,0.023646941408514977,0.0618709921836853,0.5526654720306396,0.014878340996801853,0.03470208868384361,0.7700729966163635
Strumigenys_crassicornis_CASENT0744273_processed.obj,B_pose_coarse,0.026062335819005966,0.1557713747024536,0.03615828603506088,0.11961308121681213,0.3252476155757904,0.502513587474823,0.024986447766423225,0.032233335077762604,0.020400000736117363,0.0827689990401268,0.1582999974489212,0.056033335626125336,0.1837211400270462,0.42399999499320984,0.11726666986942291,0.41230565309524536,0.74836665391922,0.2845333218574524,0.5618074536323547,0.4645666778087616,1.0,0.0,1.0,1.0,0.0,1.0,2.4571546575202774e-08,0.0,0.8409219980239868,0.40836137533187866,0.0,0.0,0.0,0.04570219665765762,0.1238132119178772,0.05140341818332672,0.0,0.03875327482819557,0.11188679933547974,0.3777777850627899,0.04462508484721184,0.09137742221355438,0.23884031176567078,0.03882291167974472,0.09699132293462753,0.38950276374816895,0.03203387185931206,0.06801652908325195,0.3641161024570465,0.025094278156757355,0.07108080387115479,0.5668298006057739,0.01958376169204712,0.051949724555015564,0.7104622721672058
Strumigenys_sp._appretiata_group_CASENT0744156_processed.obj,B_pose_coarse,0.02296127751469612,0.13772857189178467,0.03272922337055206,0.1049993485212326,0.3011169135570526,0.4409373104572296,0.04739972949028015,0.057333335280418396,0.040400002151727676,0.15503135323524475,0.2459000051021576,0.11320000141859055,0.30605998635292053,0.492900013923645,0.22193333506584167,0.5586167573928833,0.7796333432197571,0.43523332476615906,0.5646790266036987,0.45883333683013916,1.0,0.0,1.0,1.0,0.0,1.0,2.5606055942262174e-08,0.0,0.8509716391563416,0.4221916198730469,0.0,0.0,0.0,0.056557126343250275,0.1428496092557907,0.06387108564376831,0.0,0.026041146367788315,0.07016797363758087,0.5272030830383301,0.05882583186030388,0.12903738021850586,0.2213529646396637,0.028003288432955742,0.07310239970684052,0.5,0.08350089192390442,0.15359055995941162,0.0686015859246254,0.017532316967844963,0.04874247685074806,0.6955962181091309,0.03083391860127449,0.10690582543611526,0.5328466892242432
Strumigenys_stenorhina_OKENT0105268_processed.obj,B_pose_coarse,0.007654773071408272,0.058792129158973694,0.018788792192935944,0.04000333696603775,0.16262581944465637,0.5339394211769104,0.1408875733613968,0.15006667375564575,0.13276666402816772,0.3772711753845215,0.4194999933242798,0.342766672372818,0.61537104845047,0.6803333163261414,0.5617333650588989,0.882964015007019,0.9597333669662476,0.8175666928291321,0.7508151531219482,0.3049333393573761,1.0,0.0,1.0,1.0,0.0,1.0,2.3776003388320532e-08,0.0,0.8425413370132446,0.4028276801109314,0.0,0.0,0.0,0.008345107547938824,0.029221082106232643,0.012710856273770332,0.0,0.014072687365114689,0.034576039761304855,0.7609195709228516,0.027025312185287476,0.058063656091690063,0.40312930941581726,0.12834857404232025,0.36972466111183167,0.15469613671302795,0.01348895113915205,0.02618420496582985,0.794195294380188,0.013430253602564335,0.03498779982328415,0.7764615416526794,0.01411275751888752,0.04106094315648079,0.7737226486206055
Syllophopsis_sechellensis_OKENT0105212_processed.obj,B_pose_coarse,0.0031332960352301598,0.05601606145501137,0.021643660962581635,0.03437240049242973,0.10366622358560562,0.2079995721578598,0.07922543585300446,0.08856666833162308,0.0716666653752327,0.24554124474525452,0.30666667222976685,0.20473334193229675,0.5022047162055969,0.6069999933242798,0.4282666742801666,0.8471633195877075,0.9179666638374329,0.7865000367164612,0.7450535297393799,0.21683333814144135,1.0,0.0,1.0,1.0,0.0,1.0,2.704862822611176e-08,0.0,0.8500442504882812,0.4255688488483429,0.0,0.0,0.0,0.051832959055900574,0.12339399009943008,0.05381486564874649,0.0,0.019152430817484856,0.0496533177793026,0.6283525228500366,0.026256507262587547,0.06340208649635315,0.47722044587135315,0.018371706828475,0.057131536304950714,0.7348066568374634,0.03563907742500305,0.0774378702044487,0.22955146431922913,0.018036961555480957,0.05425301939249039,0.7174865007400513,0.025354571640491486,0.10188324749469757,0.6508515477180481
Temnothorax_congruus_OKENT0105443_processed.obj,B_pose_coarse,0.0055971769616007805,0.07498052716255188,0.02604617178440094,0.04893435537815094,0.132684126496315,0.34307318925857544,0.05863585323095322,0.06890000402927399,0.05103333294391632,0.19277970492839813,0.26926666498184204,0.15013334155082703,0.38765987753868103,0.5427666902542114,0.30149999260902405,0.7204981446266174,0.8528000116348267,0.6237333416938782,0.6395342946052551,0.38483333587646484,1.0,0.0,1.0,1.0,0.0,1.0,2.401787391193011e-08,0.0,0.8496338129043579,0.4259409010410309,0.0,0.0,0.0,0.03854213282465935,0.16930347681045532,0.0455489344894886,0.0,0.025408891960978508,0.07363195717334747,0.5747126340866089,0.02831907384097576,0.07185562700033188,0.43580305576324463,0.021617282181978226,0.06462421268224716,0.5828729271888733,0.0607917420566082,0.09967678785324097,0.010554090142250061,0.024236878380179405,0.07096761465072632,0.5755859017372131,0.015541009604930878,0.03773218393325806,0.7846715450286865
Temnothorax_sp._OKENT0105336_processed.obj,B_pose_coarse,0.009933537803590298,0.09217492491006851,0.02137085050344467,0.07080407440662384,0.1980416178703308,0.32486167550086975,0.05277939513325691,0.06646666675806046,0.04376666620373726,0.17831359803676605,0.3099000155925751,0.12516666948795319,0.35636284947395325,0.6399666666984558,0.24693334102630615,0.6425080299377441,0.9086000323295593,0.4969666600227356,0.6358453035354614,0.4139000177383423,1.0,0.0,1.0,1.0,0.0,1.0,2.4090720529557075e-08,0.0,0.8458055257797241,0.41705846786499023,0.0,0.0,0.0,0.03132399916648865,0.10828518122434616,0.03288113698363304,0.0,0.02448483370244503,0.0696190595626831,0.5678160786628723,0.014586537145078182,0.042055394500494,0.8159226775169373,0.02451319806277752,0.05525388941168785,0.4613259732723236,0.019053077325224876,0.03719168156385422,0.6068601608276367,0.025474386289715767,0.07859323173761368,0.5730105638504028,0.031469497829675674,0.1490255892276764,0.6313868761062622
Tetramorium_kraepelini_CASENT0744084_processed.obj,B_pose_coarse,0.011911259964108467,0.10399742424488068,0.02196446619927883,0.0820329561829567,0.20237106084823608,0.41329440474510193,0.03852827847003937,0.049266666173934937,0.03163333237171173,0.1327955424785614,0.24320000410079956,0.09133333712816238,0.2838191092014313,0.5735333561897278,0.1885666698217392,0.5632525682449341,0.9253666996955872,0.4048333466053009,0.6711097955703735,0.4030666649341583,1.0,0.0,1.0,1.0,0.0,1.0,2.4833811451685506e-08,0.0,0.8312954306602478,0.4009333550930023,0.0,0.0,0.0,0.017698422074317932,0.039837077260017395,0.018795154988765717,0.0,0.021052703261375427,0.04882390424609184,0.5662835240364075,0.01754586771130562,0.04385186731815338,0.6875287890434265,0.03711499273777008,0.07562688738107681,0.3591160476207733,0.014407515525817871,0.02942284196615219,0.7730870842933655,0.024617066606879234,0.06237353757023811,0.548029899597168,0.018770357593894005,0.06157813221216202,0.7311435341835022
Acanthostichus_aff.brevicornis_CASENT0744328_processed.obj,C_pose_fine,0.007420659065246582,0.08400008827447891,0.02467782236635685,0.05932226777076721,0.169387549161911,0.27872565388679504,0.05866474658250809,0.06723333150148392,0.05203333497047424,0.18338146805763245,0.2563999891281128,0.14273333549499512,0.3668115735054016,0.5333333611488342,0.279533326625824,0.7003434896469116,0.8961333632469177,0.5747666954994202,0.6863911747932434,0.24796666204929352,1.0,0.0,1.0,1.0,0.0,1.0,2.4399616549430903e-08,0.0,0.8487287163734436,0.42512112855911255,0.0,0.0,0.0,0.03882794454693794,0.08427364379167557,0.03710826486349106,0.0,0.02688775770366192,0.06643492728471756,0.4478927254676819,0.021360166370868683,0.05814826115965843,0.5959503054618835,0.027918996289372444,0.08865463733673096,0.5580110549926758,0.02229536697268486,0.06297951936721802,0.6042216420173645,0.02459561452269554,0.08106663078069687,0.5269122123718262,0.04615528881549835,0.19111047685146332,0.5802919864654541
Acromyrmex_coronatus_CASENT0744365_processed.obj,C_pose_fine,0.029723690822720528,0.14086247980594635,0.02760244905948639,0.11326003074645996,0.4009276032447815,0.5841689109802246,0.046726446598768234,0.05739999935030937,0.039400000125169754,0.14442236721515656,0.22210000455379486,0.10700000077486038,0.29584187269210815,0.48500001430511475,0.21283333003520966,0.581039547920227,0.8441666960716248,0.44296666979789734,0.6227468252182007,0.36293333768844604,1.0,0.0,1.0,1.0,0.0,1.0,2.440252977464752e-08,0.0,0.8469132781028748,0.43077781796455383,0.0,0.0,0.0,0.1516779661178589,0.34306463599205017,0.19057954847812653,0.0,0.032378170639276505,0.07561439275741577,0.3850574791431427,0.029063763096928596,0.07451514899730682,0.4537505805492401,0.05337313935160637,0.1599293351173401,0.1767955869436264,0.02833578921854496,0.06719672679901123,0.4643799662590027,0.01805652678012848,0.04343076050281525,0.647437572479248,0.033947452902793884,0.17993099987506866,0.6630170345306396
Acromyrmex_lobicornis_CASENT0878007_processed.obj,C_pose_fine,0.028224201872944832,0.15365801751613617,0.028159024193882942,0.12549899518489838,0.3161798417568207,0.6156031489372253,0.03143848478794098,0.041600000113248825,0.02526666782796383,0.10229679942131042,0.1929333359003067,0.06960000097751617,0.21556363999843597,0.48030000925064087,0.1389666646718979,0.4610297381877899,0.845633327960968,0.31690001487731934,0.566809892654419,0.4898666739463806,1.0,0.0,1.0,1.0,0.0,1.0,2.6821238563456973e-08,0.0,0.8450521230697632,0.427320659160614,0.0,0.0,0.0,0.10528053343296051,0.19478970766067505,0.1010333001613617,0.0,0.02932332456111908,0.07036983221769333,0.4172413945198059,0.034883689135313034,0.08341140300035477,0.3511274755001068,0.02518448978662491,0.06433967500925064,0.560773491859436,0.058184050023555756,0.10011524707078934,0.07915567606687546,0.02100530080497265,0.05467333272099495,0.6288952231407166,0.052230000495910645,0.13053590059280396,0.49756690859794617
Anochetus_risii_CASENT0877608_processed.obj,C_pose_fine,0.014530385844409466,0.08245229721069336,0.02306375280022621,0.059388548135757446,0.22671552002429962,0.5673234462738037,0.09796309471130371,0.11100000143051147,0.08766666799783707,0.2987228333950043,0.3872666656970978,0.2431333363056183,0.4989525377750397,0.6358333230018616,0.41056665778160095,0.7834725379943848,0.8978666663169861,0.6949333548545837,0.7062283158302307,0.30570000410079956,1.0,0.0,1.0,1.0,0.0,1.0,2.441710122980112e-08,0.0,0.8511049151420593,0.42414581775665283,0.0,0.0,0.0,0.014252077788114548,0.04187750816345215,0.018915418535470963,0.0,0.01468995213508606,0.04123305529356003,0.7613027095794678,0.037507858127355576,0.09765937924385071,0.3502070903778076,0.015692410990595818,0.04197191447019577,0.7403315305709839,0.11967577785253525,0.16570521891117096,0.0,0.01604652963578701,0.04371004179120064,0.7386041879653931,0.009555716998875141,0.029590845108032227,0.8686131238937378
Anochetus_risii_CASENT0877609_processed.obj,C_pose_fine,0.12498461455106735,0.29884350299835205,0.03345368802547455,0.2653898000717163,0.6551917791366577,1.3502670526504517,0.025130946189165115,0.03263333439826965,0.02043333277106285,0.08026789873838425,0.15886667370796204,0.053700000047683716,0.16386722028255463,0.41263332962989807,0.10223333537578583,0.31277045607566833,0.7805666923522949,0.19556666910648346,0.5919139385223389,0.3957333266735077,1.0,0.0,1.0,1.0,0.0,1.0,2.440835800143759e-08,0.0,0.8480803966522217,0.4265962839126587,0.0,0.0,0.0,0.061639413237571716,0.15235614776611328,0.06453210860490799,0.0,0.02995419129729271,0.07979803532361984,0.43065133690834045,0.05009489506483078,0.1115584671497345,0.2365393489599228,0.03655467554926872,0.1395868957042694,0.530386745929718,0.019257867708802223,0.041329480707645416,0.5804749727249146,0.029190033674240112,0.08133901655673981,0.4818439483642578,0.06895681470632553,0.15606504678726196,0.07055961340665817
Aphaenogaster_pallida_CASENT0745235_processed.obj,C_pose_fine,0.021853793412446976,0.1362561285495758,0.03545241057872772,0.10080371797084808,0.29933053255081177,0.6541684865951538,0.03542986512184143,0.04213333502411842,0.030566666275262833,0.11213245242834091,0.16886666417121887,0.08393333107233047,0.2332722693681717,0.3764333426952362,0.16899999976158142,0.5087085962295532,0.7487999796867371,0.38519999384880066,0.6540936231613159,0.28243333101272583,1.0,0.0,1.0,1.0,0.0,1.0,2.543703203627956e-08,0.0,0.8438310027122498,0.4189053177833557,0.0,0.0,0.0,0.06322911381721497,0.22952143847942352,0.06745344400405884,0.0,0.043666549026966095,0.10436331480741501,0.2747126519680023,0.03266555815935135,0.06701391935348511,0.37689828872680664,0.053864769637584686,0.09348663687705994,0.07458563894033432,0.019461818039417267,0.04459395259618759,0.6121371984481812,0.027417149394750595,0.07023932784795761,0.4774658977985382,0.016229433938860893,0.05009548366069794,0.7822384238243103
Atopomyrmex_mocquerysi_CASENT0744784_processed.obj,C_pose_fine,0.0074985395185649395,0.057130951434373856,0.019168231636285782,0.037962719798088074,0.11945401877164841,0.5930156707763672,0.1274118274450302,0.13250000774860382,0.12269999831914902,0.34398460388183594,0.37966665625572205,0.31443333625793457,0.6171777844429016,0.6846666932106018,0.5618000030517578,0.873940110206604,0.9281666874885559,0.8256999850273132,0.75812166929245,0.1818999946117401,1.0,0.0,1.0,1.0,0.0,1.0,2.4061579395606714e-08,0.0,0.8537980914115906,0.4273597002029419,0.0,0.0,0.0,0.03559492155909538,0.10913723707199097,0.0520351305603981,0.0,0.014260346069931984,0.0373205728828907,0.7885057926177979,0.025128522887825966,0.07184408605098724,0.5213990211486816,0.023820092901587486,0.07054664194583893,0.5994475483894348,0.01853545568883419,0.0373329296708107,0.6121371984481812,0.021012382581830025,0.0670170858502388,0.6641771793365479,0.045437462627887726,0.13451455533504486,0.49756690859794617
Carebara_trechideros_CASENT0877591_processed.obj,C_pose_fine,0.02746548503637314,0.09234802424907684,0.018036017194390297,0.0743120089173317,0.40999138355255127,0.8784026503562927,0.12324445694684982,0.1341666728258133,0.11396666616201401,0.35745641589164734,0.4144666790962219,0.31423333287239075,0.6208246946334839,0.7093666791915894,0.5519333481788635,0.835610568523407,0.9404000043869019,0.7518333196640015,0.7547592520713806,0.21923333406448364,1.0,0.0,1.0,1.0,0.0,1.0,2.464148884939732e-08,0.0,0.8524501919746399,0.430634081363678,0.0,0.0,0.0,0.023633431643247604,0.04911266639828682,0.032982103526592255,0.0,0.015077277086675167,0.041685838252305984,0.7471264600753784,0.011762811802327633,0.022025713697075844,0.8863322734832764,0.0392419807612896,0.12480578571557999,0.6187845468521118,0.011713256128132343,0.021524330601096153,0.9155673384666443,0.02394644357264042,0.07597916573286057,0.5979912281036377,0.04430702328681946,0.12069723755121231,0.3783454895019531
Centromyrmex_brachycola_CASENT0744052_processed.obj,C_pose_fine,0.01343207061290741,0.1014157086610794,0.02543582394719124,0.07597988843917847,0.24762815237045288,0.34451010823249817,0.06184326484799385,0.07403333485126495,0.05310000106692314,0.1992073357105255,0.29856666922569275,0.14946666359901428,0.39352911710739136,0.6108333468437195,0.29026666283607483,0.6672358512878418,0.881766676902771,0.5366666913032532,0.6329954266548157,0.3404333293437958,1.0,0.0,1.0,1.0,0.0,1.0,2.4119866992577954e-08,0.0,0.8532994389533997,0.43070757389068604,0.0,0.0,0.0,0.02207387052476406,0.06456432491540909,0.023709015920758247,0.0,0.02012277953326702,0.060855280607938766,0.6762452125549316,0.02760227397084236,0.06652399152517319,0.44960883259773254,0.014195290394127369,0.02758469432592392,0.7928177118301392,0.0758223906159401,0.1102278009057045,0.0052770450711250305,0.02638299949467182,0.0815313309431076,0.6631470918655396,0.07138942927122116,0.2515060305595398,0.47323599457740784
Cephalotes_minutus_CASENT0709253_processed.obj,C_pose_fine,0.012822458520531654,0.10691893845796585,0.03230855613946915,0.0746103823184967,0.2248687446117401,0.32122567296028137,0.04995719715952873,0.059033334255218506,0.043299999088048935,0.16303932666778564,0.24263334274291992,0.12276666611433029,0.3333625793457031,0.5197666883468628,0.2453666627407074,0.6302328705787659,0.8335999846458435,0.5066333413124084,0.5714863538742065,0.3975333273410797,1.0,0.0,1.0,1.0,0.0,1.0,2.9050609029468433e-08,0.0,0.8483304381370544,0.42056357860565186,0.0,0.0,0.0,0.11456336826086044,0.38993409276008606,0.11401455104351044,0.0,0.041456229984760284,0.15792164206504822,0.46973180770874023,0.02695194073021412,0.07882847636938095,0.5043718218803406,0.019180594012141228,0.05082344636321068,0.6795580387115479,0.01358715444803238,0.038063954561948776,0.8258575797080994,0.021116068586707115,0.05301302671432495,0.5915529131889343,0.01940133422613144,0.0695914477109909,0.698296844959259
Cephalotes_simillimus_CASENT0744408_processed.obj,C_pose_fine,0.020258447155356407,0.14593379199504852,0.03538067638874054,0.11055311560630798,0.25643953680992126,0.3941529393196106,0.025390926748514175,0.032999999821186066,0.020633334293961525,0.08083619922399521,0.16279999911785126,0.05376666784286499,0.1675054430961609,0.4165000021457672,0.10483333468437195,0.381473183631897,0.7577333450317383,0.2549000084400177,0.6210190057754517,0.41750001907348633,1.0,0.0,1.0,1.0,0.0,1.0,2.5335040731988556e-08,0.0,0.8403003811836243,0.42825645208358765,0.0,0.0,0.0,0.08993358165025711,0.31553196907043457,0.09850169718265533,0.0,0.03790249302983284,0.10778207331895828,0.4210728108882904,0.042503923177719116,0.10065294057130814,0.261849969625473,0.02767566405236721,0.052458569407463074,0.3618784546852112,0.03619600459933281,0.06829831004142761,0.23746702075004578,0.03166649490594864,0.08167486637830734,0.4470770061016083,0.025791747495532036,0.07588081806898117,0.529197096824646
Cephalotes_spinosus_CASENT0744158_processed.obj,C_pose_fine,0.011610242538154125,0.09673959761857986,0.023546548560261726,0.07319305092096329,0.23311910033226013,0.38259413838386536,0.05689635127782822,0.06970000267028809,0.04806666821241379,0.17695395648479462,0.2821333408355713,0.12890000641345978,0.3427193760871887,0.5756000280380249,0.24400000274181366,0.6293576955795288,0.8920000195503235,0.4862000048160553,0.6545150876045227,0.362199991941452,1.0,0.0,1.0,1.0,0.0,1.0,2.4624000616313424e-08,0.0,0.8314731121063232,0.3937342166900635,0.0,0.0,0.0,0.06998909264802933,0.14457343518733978,0.07014673203229904,0.0,0.022137140855193138,0.06909570097923279,0.6118773818016052,0.03301398083567619,0.08315757662057877,0.37643811106681824,0.017326442524790764,0.03431464731693268,0.6906077861785889,0.02828812599182129,0.06010286882519722,0.4116095304489136,0.02015821635723114,0.059068381786346436,0.657996416091919,0.0327683761715889,0.13411903381347656,0.6557177305221558
Crematogaster_nawai_OKENT0105046_processed.obj,C_pose_fine,0.017478158697485924,0.12329185009002686,0.03568967804312706,0.0876021683216095,0.2689589560031891,0.48159801959991455,0.04043072089552879,0.049933332949876785,0.03396666795015335,0.13026580214500427,0.20346666872501373,0.0957999974489212,0.27826470136642456,0.44206666946411133,0.20303334295749664,0.5732505917549133,0.772433340549469,0.4557333290576935,0.5660160183906555,0.43043333292007446,1.0,0.0,1.0,1.0,0.0,1.0,2.4218943295295503e-08,0.0,0.8502380847930908,0.4258241653442383,0.0,0.0,0.0,0.0690222978591919,0.23038934171199799,0.0944296345114708,0.0,0.03372585400938988,0.11668474227190018,0.4915708899497986,0.039933908730745316,0.1123020127415657,0.4302807152271271,0.024880921468138695,0.10243239998817444,0.7099447846412659,0.11798922717571259,0.15156911313533783,0.0,0.025713441893458366,0.05789759010076523,0.4802987575531006,0.010722482576966286,0.02522950805723667,0.8953770995140076
Cryptopone_sauteri_CASENT0743771_processed.obj,C_pose_fine,0.026754915714263916,0.14997799694538116,0.03919059410691261,0.11078739911317825,0.336090624332428,0.6245449781417847,0.035882093012332916,0.04463333263993263,0.030000001192092896,0.1236468255519867,0.19763334095478058,0.08996666967868805,0.2595078945159912,0.4519999921321869,0.18199999630451202,0.49961432814598083,0.7258333563804626,0.38089999556541443,0.5897448062896729,0.3962666690349579,1.0,0.0,1.0,1.0,0.0,1.0,2.439379187535451e-08,0.0,0.8506003618240356,0.42650356888771057,0.0,0.0,0.0,0.046517789363861084,0.1613004356622696,0.05736609920859337,0.0,0.03853800892829895,0.10516227781772614,0.38390806317329407,0.0326940156519413,0.07374747097492218,0.3833410143852234,0.014622092247009277,0.028145039454102516,0.8093922734260559,0.02499399147927761,0.06681091338396072,0.5039578080177307,0.04207511246204376,0.15713024139404297,0.5585887432098389,0.1055172011256218,0.3201480507850647,0.2968369722366333
Cyphoidris_afrc-tz01_CASENT0744810_processed.obj,C_pose_fine,0.12412836402654648,0.31405970454216003,0.029649939388036728,0.284409761428833,0.6448549032211304,0.8394032716751099,0.016925403848290443,0.023066667839884758,0.013366666622459888,0.05394125357270241,0.1345333307981491,0.03373333439230919,0.11483479291200638,0.44760000705718994,0.06586666405200958,0.23578819632530212,0.8440999984741211,0.13703332841396332,0.6166410446166992,0.484499990940094,1.0,0.0,1.0,1.0,0.0,1.0,2.4650230301404008e-08,0.0,0.8306078910827637,0.3905620276927948,0.0,0.0,0.0,0.0935206338763237,0.23407891392707825,0.09527798742055893,0.0,0.023452382534742355,0.05444255471229553,0.5340996384620667,0.030254671350121498,0.06871294975280762,0.37735849618911743,0.02508014254271984,0.05621212720870972,0.4419889748096466,0.05649232119321823,0.1264454871416092,0.23482850193977356,0.030978435650467873,0.08882182091474533,0.471542626619339,0.04899340867996216,0.12781094014644623,0.3041362464427948
Cyphomyrmex_cf.minutus_CASENT0744280_processed.obj,C_pose_fine,0.10982201993465424,0.30740776658058167,0.03951984643936157,0.2678879201412201,0.6191249489784241,0.9197132587432861,0.01051251869648695,0.014333333820104599,0.008299999870359898,0.03721316158771515,0.09343333542346954,0.023233333602547646,0.07952652126550674,0.33603334426879883,0.045099999755620956,0.17607082426548004,0.7430999875068665,0.09986666589975357,0.592250645160675,0.4233333468437195,1.0,0.0,1.0,1.0,0.0,1.0,2.6011113263280095e-08,0.0,0.8372832536697388,0.4232706129550934,0.0,0.0,0.0,0.15447817742824554,0.30373066663742065,0.18826770782470703,0.0,0.03440536558628082,0.08725614100694656,0.38352492451667786,0.04962420463562012,0.13190174102783203,0.22503452003002167,0.09640174359083176,0.19985204935073853,0.13812154531478882,0.027814066037535667,0.054670125246047974,0.30343008041381836,0.03636480122804642,0.08853936940431595,0.3538501262664795,0.0555267408490181,0.11548036336898804,0.22749391198158264
Dilobocondyla_fouqueti_CASENT0745576_processed.obj,C_pose_fine,0.02274470217525959,0.14016669988632202,0.03303574398159981,0.10713095963001251,0.28086423873901367,0.7072412371635437,0.03504634648561478,0.04483333230018616,0.02876666747033596,0.11684485524892807,0.1918666660785675,0.08399999886751175,0.24033789336681366,0.427866667509079,0.1670999974012375,0.47535666823387146,0.7693333625793457,0.3439333438873291,0.5766175389289856,0.3642333447933197,1.0,0.0,1.0,1.0,0.0,1.0,2.3971246321252693e-08,0.0,0.8369573354721069,0.4153621196746826,0.0,0.0,0.0,0.08064097166061401,0.24469441175460815,0.08378924429416656,0.0,0.027842940762639046,0.06725682318210602,0.4812260568141937,0.05111256241798401,0.1154017448425293,0.2494247555732727,0.05633469298481941,0.11915208399295807,0.24861879646778107,0.04966084286570549,0.10816343128681183,0.4511873424053192,0.02596283331513405,0.06968624144792557,0.5060520172119141,0.02450486086308956,0.07154938578605652,0.6350364685058594
Dorylus_fulvus_CASENT0745678_processed.obj,C_pose_fine,0.008476503193378448,0.08079753816127777,0.022916942834854126,0.057880599051713943,0.2032688856124878,0.3947690427303314,0.07932472229003906,0.09279999881982803,0.0692666694521904,0.23574434220790863,0.32546666264533997,0.18479999899864197,0.4429910480976105,0.6223000288009644,0.34389999508857727,0.73032146692276,0.8883333206176758,0.620033323764801,0.6724649667739868,0.2832333445549011,1.0,0.0,1.0,1.0,0.0,1.0,2.4320939928657026e-08,0.0,0.8518849611282349,0.42944812774658203,0.0,0.0,0.0,0.040039774030447006,0.08374085277318954,0.04082070291042328,0.0,0.018042147159576416,0.04722317308187485,0.6727969646453857,0.04753103107213974,0.09585154056549072,0.20294524729251862,0.01770523563027382,0.0424058623611927,0.6795580387115479,0.015060879290103912,0.034069377928972244,0.7730870842933655,0.015216834843158722,0.03323052451014519,0.7705382704734802,0.05430552735924721,0.1946621835231781,0.4257907569408417
Eciton_hamatum_CASENT0744580_processed.obj,C_pose_fine,0.026739146560430527,0.10239696502685547,0.026608366519212723,0.07578859478235245,0.3846910893917084,0.8911486268043518,0.10402203351259232,0.11020000278949738,0.09849999845027924,0.2842290699481964,0.32596665620803833,0.251966655254364,0.5027034878730774,0.57833331823349,0.44456666707992554,0.7631505131721497,0.8557000160217285,0.6886667013168335,0.6114872694015503,0.3474999964237213,1.0,0.0,1.0,1.0,0.0,1.0,2.457445802406255e-08,0.0,0.8437057733535767,0.4244083762168884,0.0,0.0,0.0,0.06015230342745781,0.11226090788841248,0.1151091679930687,0.0,0.03861917555332184,0.12160444259643555,0.4095785617828369,0.02232303097844124,0.06134477257728577,0.5941095352172852,0.032835703343153,0.09047793596982956,0.47790056467056274,0.013116473332047462,0.02874157577753067,0.7994723320007324,0.014773349277675152,0.03620093688368797,0.7445274591445923,0.020744100213050842,0.04859892278909683,0.5498783588409424
Ectatomma_brunneum_CASENT0744575_processed.obj,C_pose_fine,0.11366638541221619,0.2900669574737549,0.032119862735271454,0.25794708728790283,0.6624823212623596,0.8777835965156555,0.01776871643960476,0.023733332753181458,0.0142000000923872,0.06265963613986969,0.132833331823349,0.04100000113248825,0.13645906746387482,0.4104333519935608,0.08183333277702332,0.30783358216285706,0.803266704082489,0.19040000438690186,0.536721408367157,0.5084333419799805,1.0,0.0,1.0,1.0,0.0,1.0,2.4323853153873642e-08,0.0,0.8475297093391418,0.4294259548187256,0.0,0.0,0.0,0.14502523839473724,0.24411910772323608,0.18457816541194916,0.0,0.032593756914138794,0.07713747769594193,0.3601532578468323,0.03860152140259743,0.09406200051307678,0.3110906779766083,0.05561845749616623,0.1493103802204132,0.3867403566837311,0.079849474132061,0.1059064120054245,0.0,0.023063361644744873,0.051065072417259216,0.5240793228149414,0.027372345328330994,0.06711360067129135,0.4841849207878113
Eurhopalothrix_procera_CASENT0745605_processed.obj,C_pose_fine,0.03749336302280426,0.17960913479328156,0.027622314170002937,0.15198682248592377,0.358420193195343,0.6128441095352173,0.03146893531084061,0.04100000113248825,0.02553333342075348,0.10029816627502441,0.1965000033378601,0.06733333319425583,0.20103719830513,0.5017666816711426,0.1256999969482422,0.3897636830806732,0.8777333498001099,0.25049999356269836,0.6173998117446899,0.4491000175476074,1.0,0.0,1.0,1.0,0.0,1.0,2.7045651052048925e-08,0.0,0.8351510763168335,0.39475250244140625,0.0,0.0,0.0,0.08554556220769882,0.19606530666351318,0.10337216407060623,0.0,0.026721810922026634,0.07137493789196014,0.4969348907470703,0.02164410427212715,0.053320206701755524,0.5416474938392639,0.03974262252449989,0.09262087941169739,0.4723757207393646,0.04374109208583832,0.067231684923172,0.0026385225355625153,0.03185261785984039,0.11260820925235748,0.48158639669418335,0.05688962712883949,0.20989678800106049,0.2700729966163635
Heteroponera_panamensis_CASENT0744055_processed.obj,C_pose_fine,0.1592998504638672,0.34128448367118835,0.0320543572306633,0.30923011898994446,0.7734141945838928,0.8576914072036743,0.015930920839309692,0.0213666670024395,0.01269999984651804,0.05598127841949463,0.12746666371822357,0.035866666585206985,0.12359480559825897,0.4448666572570801,0.07176666706800461,0.26322224736213684,0.8210999965667725,0.15673333406448364,0.5661777257919312,0.4300000071525574,1.0,0.0,1.0,1.0,0.0,1.0,2.4740566928471708e-08,0.0,0.8490539193153381,0.42678406834602356,0.0,0.0,0.0,0.1158408671617508,0.2633132338523865,0.1335335224866867,0.0,0.029952438548207283,0.10173165798187256,0.492337167263031,0.046015672385692596,0.10206152498722076,0.22549471259117126,0.03167786821722984,0.0877666100859642,0.3591160476207733,0.040865447372198105,0.10509730130434036,0.31662270426750183,0.02156246453523636,0.049591660499572754,0.5593613386154175,0.06214812770485878,0.18826864659786224,0.2834549844264984
Labidus_praedator_CASENT0744236_processed.obj,C_pose_fine,0.014687308110296726,0.08218656480312347,0.0226159505546093,0.059570614248514175,0.3089161813259125,0.7104794383049011,0.14297780394554138,0.15199999511241913,0.1349666714668274,0.374492347240448,0.4244333505630493,0.33506667613983154,0.5800347328186035,0.6559000015258789,0.5199000239372253,0.7966925501823425,0.8664000034332275,0.7373666763305664,0.7156431078910828,0.26080000400543213,1.0,0.0,1.0,1.0,0.0,1.0,2.4143179899738243e-08,0.0,0.8533714413642883,0.43370485305786133,0.0,0.0,0.0,0.032936789095401764,0.07639510929584503,0.04325845092535019,0.0,0.011886101216077805,0.031480465084314346,0.8141762614250183,0.05659092962741852,0.11120276898145676,0.21306949853897095,0.02913467027246952,0.0738050788640976,0.44475141167640686,0.03291638195514679,0.06564649939537048,0.3509235084056854,0.01727742701768875,0.04739425703883171,0.7007468342781067,0.02047620341181755,0.053947146981954575,0.6338199377059937
Labidus_praedator_CASENT0744237_processed.obj,C_pose_fine,0.04873163625597954,0.16007599234580994,0.03024325706064701,0.12983272969722748,0.5544614195823669,1.0095250606536865,0.05305346101522446,0.06310000270605087,0.045766666531562805,0.15709125995635986,0.24066667258739471,0.11659999936819077,0.297315388917923,0.4821000099182129,0.2149333357810974,0.5599508285522461,0.809166669845581,0.42809998989105225,0.65519779920578,0.40610000491142273,1.0,0.0,1.0,1.0,0.0,1.0,2.4268482334832697e-08,0.0,0.854002058506012,0.43599799275398254,0.0,0.0,0.0,0.05731192231178284,0.12848928570747375,0.05499541014432907,0.0,0.019791854545474052,0.05177563056349754,0.6183907985687256,0.03492647781968117,0.09382955729961395,0.40635067224502563,0.024500267580151558,0.07486558705568314,0.5856353640556335,0.0732102319598198,0.11146319657564163,0.0,0.03226294368505478,0.09420622885227203,0.4555755853652954,0.061580974608659744,0.13533137738704681,0.1812652051448822
Lasius_nr._fuliginosus_CASENT0878037_processed.obj,C_pose_fine,0.01969844102859497,0.13412140309810638,0.042152825742959976,0.09196857362985611,0.25645866990089417,0.448332816362381,0.05311119556427002,0.06320000439882278,0.04580000042915344,0.16388915479183197,0.23276667296886444,0.12646666169166565,0.3079611659049988,0.4239666759967804,0.241799995303154,0.541685163974762,0.677566647529602,0.451200008392334,0.5944902300834656,0.4049000144004822,1.0,0.0,1.0,1.0,0.0,1.0,2.5422480121051194e-08,0.0,0.8483573198318481,0.43199050426483154,0.0,0.0,0.0,0.06812751293182373,0.20537051558494568,0.09305617213249207,0.0,0.04325064644217491,0.14301978051662445,0.4283525049686432,0.053430698812007904,0.11844992637634277,0.21629084646701813,0.10634355992078781,0.2306724637746811,0.22651934623718262,0.07511095702648163,0.09480176120996475,0.0,0.023042073473334312,0.07616128027439117,0.6260623335838318,0.029197240248322487,0.15314331650733948,0.6739659309387207
Lioponera_daikoku_OKENT0105067_processed.obj,C_pose_fine,0.1739417463541031,0.34175440669059753,0.03616433963179588,0.30559006333351135,0.8715810179710388,0.9929839968681335,0.024537181481719017,0.031166667118668556,0.020233333110809326,0.08187736570835114,0.16243334114551544,0.05473333224654198,0.17334428429603577,0.41526666283607483,0.10953333228826523,0.3588534891605377,0.758733332157135,0.23499999940395355,0.5872352123260498,0.4394666850566864,1.0,0.0,1.0,1.0,0.0,1.0,2.4009128907209742e-08,0.0,0.845487117767334,0.4249067008495331,0.0,0.0,0.0,0.07418714463710785,0.16751937568187714,0.08917191624641418,0.0,0.04105392470955849,0.11679206043481827,0.37854406237602234,0.04474824666976929,0.10566377639770508,0.31293144822120667,0.026672212406992912,0.06670545041561127,0.46961328387260437,0.018911605700850487,0.039769839495420456,0.6147757768630981,0.023423731327056885,0.05703797936439514,0.5477723479270935,0.03320341184735298,0.11065683513879776,0.5024330615997314
Mayriella_sp._CASENT0745610_processed.obj,C_pose_fine,0.0596153698861599,0.21508905291557312,0.02514534816145897,0.18994370102882385,0.43978485465049744,0.9007255434989929,0.024089936167001724,0.03133333474397659,0.019566666334867477,0.08342501521110535,0.17813333868980408,0.054466668516397476,0.17890067398548126,0.5139333605766296,0.10830000042915344,0.3508896827697754,0.8970666527748108,0.21809999644756317,0.6056389212608337,0.42800000309944153,1.0,0.0,1.0,1.0,0.0,1.0,2.469393933779429e-08,0.0,0.8343632817268372,0.3999268710613251,0.0,0.0,0.0,0.0847531408071518,0.1892932504415512,0.08455432951450348,0.0,0.02352212741971016,0.05844205990433693,0.5501915812492371,0.023561792448163033,0.054233942180871964,0.5209388136863708,0.0494016595184803,0.11354006826877594,0.26243093609809875,0.025921810418367386,0.05647050216794014,0.4195250868797302,0.026009397581219673,0.0633450448513031,0.5184136033058167,0.026279957965016365,0.09371388703584671,0.5754258036613464
Mesoponera_ambigua_CASENT0745584_processed.obj,C_pose_fine,0.08221004158258438,0.2477787882089615,0.03228939697146416,0.21548938751220703,0.5785351395606995,0.690501868724823,0.027463054284453392,0.03539999946951866,0.022433333098888397,0.09122263640165329,0.17906667292118073,0.06120000034570694,0.1905466616153717,0.457966685295105,0.12030000239610672,0.3672782778739929,0.7648000121116638,0.24166667461395264,0.6321541666984558,0.3480333387851715,1.0,0.0,1.0,1.0,0.0,1.0,2.452201108837926e-08,0.0,0.8390233516693115,0.42448291182518005,0.0,0.0,0.0,0.0501890666782856,0.10041866451501846,0.05957536771893501,0.0,0.04016082361340523,0.09275754541158676,0.3804597854614258,0.028246844187378883,0.08290105313062668,0.5329038500785828,0.01972131058573723,0.05142683908343315,0.6906077861785889,0.02595658041536808,0.05656571313738823,0.42480212450027466,0.02796361595392227,0.07116101682186127,0.49008500576019287,0.024929093196988106,0.06719338148832321,0.6277372241020203
Myrmecina_ryukyuensis_OKENT0105085_processed.obj,C_pose_fine,0.025468558073043823,0.1285485178232193,0.024402480572462082,0.10414603352546692,0.36446183919906616,0.6180028915405273,0.04840020090341568,0.06103333458304405,0.04010000079870224,0.15052084624767303,0.256766676902771,0.10646666586399078,0.30548733472824097,0.5609333515167236,0.20990000665187836,0.5791765451431274,0.8867000341415405,0.4300333261489868,0.6782721877098083,0.4144666790962219,1.0,0.0,1.0,1.0,0.0,1.0,2.4851296132055722e-08,0.0,0.8300626873970032,0.3939376175403595,0.0,0.0,0.0,0.021734416484832764,0.04230738803744316,0.02462095580995083,0.0,0.0187192615121603,0.03965708240866661,0.642528772354126,0.02397725358605385,0.07115969806909561,0.58582603931427,0.02922998182475567,0.056210000067949295,0.38121548295021057,0.08770189434289932,0.11687640845775604,0.0,0.028111672028899193,0.07668876647949219,0.4671645760536194,0.018143726512789726,0.051907047629356384,0.7396593689918518
Myrmecina_sp._CASENT0745613_processed.obj,C_pose_fine,0.05363946035504341,0.19309009611606598,0.03092460334300995,0.16216549277305603,0.4961850047111511,0.8306995034217834,0.02748725563287735,0.034833334386348724,0.022700000554323196,0.09199818223714828,0.16830000281333923,0.0632999986410141,0.19551202654838562,0.42829999327659607,0.12666666507720947,0.42174234986305237,0.8181000351905823,0.2840999960899353,0.6516674757003784,0.4062666594982147,1.0,0.0,1.0,1.0,0.0,1.0,2.4749306604121557e-08,0.0,0.83113694190979,0.3926449418067932,0.0,0.0,0.0,0.07360780239105225,0.24932606518268585,0.11651065945625305,0.0,0.028482891619205475,0.06429846584796906,0.3927203118801117,0.040383029729127884,0.09065428376197815,0.30096641182899475,0.035729873925447464,0.11988314986228943,0.5193370580673218,0.05530929937958717,0.09130170196294785,0.0870712399482727,0.027803372591733932,0.08962973952293396,0.5348957180976868,0.028499487787485123,0.08210346847772598,0.5218977928161621
Nesomyrmex_angulatus_CASENT0744820_processed.obj,C_pose_fine,0.03605370223522186,0.18279346823692322,0.03347687050700188,0.14931659400463104,0.3429257273674011,0.5148150324821472,0.02466868795454502,0.031433332711458206,0.0203000009059906,0.0827111154794693,0.16856667399406433,0.05480000004172325,0.16872771084308624,0.44316667318344116,0.10419999808073044,0.35559964179992676,0.7924333214759827,0.22923333942890167,0.5420256853103638,0.46123334765434265,1.0,0.0,1.0,1.0,0.0,1.0,2.4382128316347007e-08,0.0,0.8525147438049316,0.43584612011909485,0.0,0.0,0.0,0.07937192916870117,0.17235048115253448,0.08869609236717224,0.0,0.03182992711663246,0.0831754058599472,0.40613028407096863,0.028891198337078094,0.07743169367313385,0.44592729210853577,0.052375342696905136,0.10972216725349426,0.26795580983161926,0.081149622797966,0.13437701761722565,0.09762533009052277,0.037075720727443695,0.11712531745433807,0.45094001293182373,0.06647944450378418,0.3126855194568634,0.4428223669528961
Odontomachus_troglodytes_CASENT0744970_processed.obj,C_pose_fine,0.009410134516656399,0.0857650563120842,0.024732107296586037,0.06103295087814331,0.19927069544792175,0.452646404504776,0.07029223442077637,0.07959999889135361,0.06293333321809769,0.21188277006149292,0.2765333354473114,0.1717333346605301,0.419412761926651,0.5526666641235352,0.33793333172798157,0.7124850749969482,0.8658666610717773,0.6052666902542114,0.6530381441116333,0.3476666808128357,1.0,0.0,1.0,1.0,0.0,1.0,2.854070402236175e-08,0.0,0.8363572955131531,0.4094659388065338,0.0,0.0,0.0,0.06093254312872887,0.1433069258928299,0.06427878886461258,0.0,0.017599577084183693,0.0444784015417099,0.6862069368362427,0.04597991332411766,0.08872008323669434,0.21260930597782135,0.03145085647702217,0.08481831103563309,0.3784530460834503,0.019679469987750053,0.05067121610045433,0.6094986796379089,0.019070100039243698,0.04826171696186066,0.6366211771965027,0.028559867292642593,0.08400800079107285,0.5717761516571045
Oxyopomyrmex_saulcyi_CASENT0745218_processed.obj,C_pose_fine,0.026067927479743958,0.15201221406459808,0.035124313086271286,0.1168879047036171,0.3239506185054779,0.5290080904960632,0.031208185479044914,0.041066668927669525,0.025166666135191917,0.10805083066225052,0.20390000939369202,0.07349999994039536,0.22360360622406006,0.48163333535194397,0.14560000598430634,0.43875449895858765,0.7483000159263611,0.3103666603565216,0.6492099761962891,0.48653334379196167,1.0,0.0,1.0,1.0,0.0,1.0,2.824632794329318e-08,0.0,0.8462145924568176,0.43106287717819214,0.0,0.0,0.0,0.01659056730568409,0.02989789843559265,0.019463734701275826,0.0,0.04691207781434059,0.12917643785476685,0.3210728168487549,0.017374716699123383,0.03613487258553505,0.6723424196243286,0.029550625011324883,0.0700824111700058,0.48342543840408325,0.019030455499887466,0.041924960911273956,0.6306068897247314,0.027024753391742706,0.07553479075431824,0.5871748924255371,0.06023972108960152,0.16844594478607178,0.23357664048671722
Polyrhachis_decemdentata_CASENT0744779_processed.obj,C_pose_fine,0.019394418224692345,0.12575699388980865,0.025036027655005455,0.10072096437215805,0.26604700088500977,0.590143084526062,0.03463435173034668,0.04313333332538605,0.028933333232998848,0.11803336441516876,0.20733334124088287,0.08250000327825546,0.26284992694854736,0.5400000214576721,0.1737000048160553,0.5025268793106079,0.8981000185012817,0.34886667132377625,0.6446124911308289,0.4259333312511444,1.0,0.0,1.0,1.0,0.0,1.0,2.473181837103766e-08,0.0,0.8304996490478516,0.40142157673835754,0.0,0.0,0.0,0.03778590261936188,0.07605116814374924,0.05511555075645447,0.0,0.021556459367275238,0.057332463562488556,0.6180076599121094,0.025723464787006378,0.05952177569270134,0.46525540947914124,0.042239319533109665,0.10205323249101639,0.2845304012298584,0.05448577553033829,0.13430525362491608,0.19525066018104553,0.02313591167330742,0.05982762947678566,0.547514796257019,0.05185680836439133,0.1557101458311081,0.4257907569408417
Polyrhachis_dives_CASENT0878093_processed.obj,C_pose_fine,0.07134079933166504,0.24008171260356903,0.03273558244109154,0.2073461264371872,0.5225889682769775,0.7172319293022156,0.022772468626499176,0.03160000219941139,0.017799999564886093,0.06939263641834259,0.16136667132377625,0.044199999421834946,0.14056627452373505,0.4487999975681305,0.0833333358168602,0.2972811162471771,0.7916666865348816,0.18299999833106995,0.5868045687675476,0.48240000009536743,1.0,0.0,1.0,1.0,0.0,1.0,2.538748766767185e-08,0.0,0.8300569653511047,0.39798229932785034,0.0,0.0,0.0,0.08674688637256622,0.2017730474472046,0.12477097660303116,0.0,0.03384692594408989,0.1042260229587555,0.4478927254676819,0.04149913042783737,0.09975816309452057,0.2945237159729004,0.026792483404278755,0.051474880427122116,0.3591160476207733,0.08517953753471375,0.12510913610458374,0.0,0.020702840760350227,0.04797361046075821,0.593355655670166,0.030580483376979828,0.06580695509910583,0.4184914827346802
Ponera_kohmoku_OKENT0105440_processed.obj,C_pose_fine,0.014590847305953503,0.10663726925849915,0.02796594798564911,0.07867132127285004,0.2221783697605133,0.5007511973381042,0.04401296377182007,0.052799999713897705,0.03773333504796028,0.1418350338935852,0.21606667339801788,0.10556666553020477,0.2976900339126587,0.4717000126838684,0.21746666729450226,0.6032804250717163,0.8398333191871643,0.4706999957561493,0.6139825582504272,0.4273666739463806,1.0,0.0,1.0,1.0,0.0,1.0,2.4204373616498742e-08,0.0,0.8475089073181152,0.42383384704589844,0.0,0.0,0.0,0.04601079225540161,0.1144540086388588,0.053418632596731186,0.0,0.024234646931290627,0.06932459026575089,0.540613055229187,0.033048443496227264,0.07211636006832123,0.37689828872680664,0.03673558682203293,0.09360126405954361,0.4558011293411255,0.05402126908302307,0.10036230087280273,0.26385223865509033,0.02760125882923603,0.06162309646606445,0.42801958322525024,0.02999201789498329,0.11856891214847565,0.6812651753425598
Ponera_tamon_OKENT0105154_processed.obj,C_pose_fine,0.004958106204867363,0.0685829371213913,0.02540011703968048,0.04318281635642052,0.13816462457180023,0.2600390613079071,0.07833126932382584,0.08720000088214874,0.07110000401735306,0.2500438392162323,0.3109999895095825,0.20906667411327362,0.461788147687912,0.5723333358764648,0.3870333433151245,0.7698503732681274,0.8619999885559082,0.6955000162124634,0.6864242553710938,0.29356667399406433,1.0,0.0,1.0,1.0,0.0,1.0,2.5745947596078622e-08,0.0,0.8504329919815063,0.4263891279697418,0.0,0.0,0.0,0.0616413839161396,0.13650231063365936,0.05455677583813667,0.0,0.017809832468628883,0.05175391957163811,0.7183908224105835,0.043086305260658264,0.09326981008052826,0.28393927216529846,0.036663904786109924,0.18596450984477997,0.5966851115226746,0.03478246182203293,0.07421060651540756,0.34036940336227417,0.020712677389383316,0.054281868040561676,0.5964460372924805,0.06895706802606583,0.20068834722042084,0.2895376980304718
Pseudolasius_sp._CASENT0878065_processed.obj,C_pose_fine,0.045064717531204224,0.18522751331329346,0.02494554966688156,0.1602819561958313,0.4176445007324219,0.6494823694229126,0.03135935589671135,0.040800001472234726,0.025466667488217354,0.1041988804936409,0.21660000085830688,0.06859999895095825,0.2029096484184265,0.5455333590507507,0.12463333457708359,0.3961219787597656,0.8845999836921692,0.25519999861717224,0.6733495593070984,0.3927333354949951,1.0,0.0,1.0,1.0,0.0,1.0,2.554194011850086e-08,0.0,0.8290272951126099,0.3859163820743561,0.0,0.0,0.0,0.08735840022563934,0.15342086553573608,0.10005410760641098,0.0,0.026381399482488632,0.07552362978458405,0.5049808621406555,0.026094309985637665,0.06725744158029556,0.5121951103210449,0.056981801986694336,0.14832107722759247,0.18232044577598572,0.015947088599205017,0.029644934460520744,0.7018470168113708,0.02422790415585041,0.06125585362315178,0.5426216721534729,0.04982003569602966,0.17694807052612305,0.327250599861145
Pseudomyrmex_cf.solis_CASENT0744065_processed.obj,C_pose_fine,0.031198909506201744,0.12420910596847534,0.027004016563296318,0.09720508754253387,0.4722591042518616,0.6322740912437439,0.07597285509109497,0.08709999918937683,0.06736666709184647,0.22796878218650818,0.2973666787147522,0.1848333328962326,0.4240664839744568,0.5523666739463806,0.3441333472728729,0.7095339298248291,0.8376666903495789,0.6154000163078308,0.7125275731086731,0.19030000269412994,1.0,0.0,1.0,1.0,0.0,1.0,2.4300538470356514e-08,0.0,0.8510029315948486,0.43266427516937256,0.0,0.0,0.0,0.03124183602631092,0.15430516004562378,0.038530707359313965,0.0,0.02733205258846283,0.08061941713094711,0.5505747199058533,0.030899357050657272,0.08198501169681549,0.38656237721443176,0.06452503055334091,0.2212977409362793,0.30662983655929565,0.021981488913297653,0.045018237084150314,0.47493404150009155,0.02340533770620823,0.08770901709794998,0.6492403149604797,0.021002167835831642,0.06329847872257233,0.6447688341140747
Solenopsis_invicta_CASENT0744384_processed.obj,C_pose_fine,0.043027255684137344,0.17833128571510315,0.02509342133998871,0.15323786437511444,0.41869592666625977,0.7541860938072205,0.027085671201348305,0.034566666930913925,0.02226666733622551,0.09119796007871628,0.18389999866485596,0.060633335262537,0.19760280847549438,0.5275999903678894,0.12156666815280914,0.43779435753822327,0.8975666761398315,0.28949999809265137,0.5773165225982666,0.4201333522796631,1.0,0.0,1.0,1.0,0.0,1.0,2.4262652331685786e-08,0.0,0.8526347279548645,0.4251144826412201,0.0,0.0,0.0,0.04151132330298424,0.16743820905685425,0.056111890822649,0.0,0.02750144526362419,0.07624287158250809,0.47394636273384094,0.025920938700437546,0.062117137014865875,0.4882650673389435,0.05066722258925438,0.1436275839805603,0.2845304012298584,0.052239518612623215,0.08910974115133286,0.14775726199150085,0.018419332802295685,0.040678974241018295,0.6417718529701233,0.04933919757604599,0.1958499550819397,0.36009731888771057
Stigmatomma_FHG02_CASENT0745561_processed.obj,C_pose_fine,0.036595020443201065,0.16618359088897705,0.03043290600180626,0.1357506811618805,0.3874073028564453,0.5777828097343445,0.036479998379945755,0.04560000076889992,0.030400000512599945,0.12516412138938904,0.21666666865348816,0.08799999952316284,0.2783619463443756,0.5213666558265686,0.18986666202545166,0.5160667300224304,0.8285666704177856,0.3747333288192749,0.6200190186500549,0.4065999984741211,1.0,0.0,1.0,1.0,0.0,1.0,2.4414186228227663e-08,0.0,0.8503851294517517,0.4288434386253357,0.0,0.0,0.0,0.06974069774150848,0.24548578262329102,0.07003325968980789,0.0,0.041133299469947815,0.11791332811117172,0.40229886770248413,0.020694198086857796,0.05268240347504616,0.6281638145446777,0.04325486719608307,0.10290256887674332,0.3839779198169708,0.013916454277932644,0.032276611775159836,0.8179419636726379,0.020320121198892593,0.050928376615047455,0.6245171427726746,0.024323448538780212,0.08808355778455734,0.7165449857711792
Strumigenys_alberti_CASENT0878103_processed.obj,C_pose_fine,0.07643341273069382,0.2447904348373413,0.033996984362602234,0.21079345047473907,0.5384129285812378,0.6965338587760925,0.022869346663355827,0.030666666105389595,0.01823333278298378,0.08042289316654205,0.17003333568572998,0.052666667848825455,0.1689092069864273,0.4550666809082031,0.10370000451803207,0.34285300970077515,0.7678333520889282,0.2206999957561493,0.5706354379653931,0.395466685295105,1.0,0.0,1.0,1.0,0.0,1.0,2.528841491766798e-08,0.0,0.8424708247184753,0.4131239652633667,0.0,0.0,0.0,0.13796012103557587,0.36418578028678894,0.16601520776748657,0.0,0.03510560467839241,0.11136121302843094,0.45862069725990295,0.04276103898882866,0.09707383811473846,0.30050620436668396,0.018355626612901688,0.03428060561418533,0.5469613671302795,0.05132675543427467,0.0951862633228302,0.1741424798965454,0.025198623538017273,0.0708213746547699,0.5603914856910706,0.053160183131694794,0.13918915390968323,0.43187347054481506
Strumigenys_canina_OKENT0105288_processed.obj,C_pose_fine,0.040968820452690125,0.20140087604522705,0.055335480719804764,0.14606539905071259,0.39075666666030884,0.5093881487846375,0.02787313051521778,0.03610000014305115,0.022700000554323196,0.08598461747169495,0.1534000039100647,0.05973333492875099,0.17975206673145294,0.3548000156879425,0.120366670191288,0.35604095458984375,0.6085333228111267,0.25163334608078003,0.5760158896446228,0.4496999979019165,1.0,0.0,1.0,1.0,0.0,1.0,2.813855282113309e-08,0.0,0.8472674489021301,0.42889538407325745,0.0,0.0,0.0,0.0344432033598423,0.07744725048542023,0.041306957602500916,0.0,0.06214255467057228,0.18991626799106598,0.32298851013183594,0.04854271933436394,0.1359153389930725,0.33087897300720215,0.02611680142581463,0.07802221924066544,0.6243094205856323,0.13858725130558014,0.17547079920768738,0.0,0.03727274015545845,0.11059097200632095,0.4511975347995758,0.05306100845336914,0.12574733793735504,0.35766422748565674
Strumigenys_crassicornis_CASENT0744273_processed.obj,C_pose_fine,0.054979048669338226,0.22980718314647675,0.04792308807373047,0.18188409507274628,0.42981112003326416,0.556427538394928,0.022639859467744827,0.02916666679084301,0.01850000023841858,0.07836827635765076,0.15139999985694885,0.05286666750907898,0.1595536172389984,0.391400009393692,0.10019999742507935,0.3049078583717346,0.6437000036239624,0.19976666569709778,0.5684158802032471,0.549833357334137,1.0,0.0,1.0,1.0,0.0,1.0,2.404118504273356e-08,0.0,0.8506596684455872,0.43210160732269287,0.0,0.0,0.0,0.036310385912656784,0.12399901449680328,0.04125572368502617,0.0,0.03835555166006088,0.13148647546768188,0.4727969467639923,0.07917045801877975,0.1503087878227234,0.11504831910133362,0.10854730010032654,0.1881495863199234,0.13535912334918976,0.09908529371023178,0.14427123963832855,0.0052770450711250305,0.02515375427901745,0.07403163611888885,0.5776461362838745,0.04928213357925415,0.11189383268356323,0.3102189898490906
Strumigenys_sp._appretiata_group_CASENT0744156_processed.obj,C_pose_fine,0.05341282859444618,0.1966618001461029,0.03289235383272171,0.1637694388628006,0.5058079957962036,0.6321094036102295,0.03749476745724678,0.047200001776218414,0.03110000118613243,0.12360185384750366,0.21539999544620514,0.08666666597127914,0.2439166158437729,0.46860000491142273,0.16486667096614838,0.46193549036979675,0.8050000071525574,0.3239000141620636,0.5696569681167603,0.5268666744232178,1.0,0.0,1.0,1.0,0.0,1.0,2.6063588620672817e-08,0.0,0.842066764831543,0.4238932132720947,0.0,0.0,0.0,0.06706105172634125,0.17433951795101166,0.08041925728321075,0.0,0.028216499835252762,0.08371331542730331,0.5034483075141907,0.05372273176908493,0.1171765923500061,0.21398988366127014,0.0333404541015625,0.07614946365356445,0.3038674294948578,0.09133663773536682,0.16195571422576904,0.0686015859246254,0.016811341047286987,0.039855051785707474,0.6899304986000061,0.029718996956944466,0.07458648085594177,0.4939172565937042
Strumigenys_stenorhina_OKENT0105268_processed.obj,C_pose_fine,0.009493641555309296,0.07018144428730011,0.025821195915341377,0.04436024650931358,0.18528366088867188,0.488572895526886,0.18041983246803284,0.19323334097862244,0.16920000314712524,0.4457215368747711,0.4967000186443329,0.40423333644866943,0.6606653928756714,0.7262666821479797,0.6059333682060242,0.8009132742881775,0.8508666753768921,0.7565000057220459,0.7256568074226379,0.41556668281555176,1.0,0.0,1.0,1.0,0.0,1.0,2.4035358592300327e-08,0.0,0.853428065776825,0.4299232065677643,0.0,0.0,0.0,0.018823230639100075,0.05968195199966431,0.028716469183564186,0.0,0.0128382109105587,0.034131016582250595,0.8065134286880493,0.06467645615339279,0.14983941614627838,0.25816842913627625,0.05206996202468872,0.12774865329265594,0.4558011293411255,0.14159487187862396,0.1812770515680313,0.0,0.009349018335342407,0.021090228110551834,0.9399948716163635,0.006471619941294193,0.015537504106760025,0.9927006959915161
Syllophopsis_sechellensis_OKENT0105212_processed.obj,C_pose_fine,0.01035782229155302,0.09536789357662201,0.03344999998807907,0.06191788986325264,0.21057094633579254,0.2951498329639435,0.05840005725622177,0.06643333286046982,0.05209999904036522,0.17808732390403748,0.2214333415031433,0.14893333613872528,0.3621278703212738,0.4523000121116638,0.3019333481788635,0.7008998394012451,0.8078333139419556,0.6189666986465454,0.6474670171737671,0.36399999260902405,1.0,0.0,1.0,1.0,0.0,1.0,2.4478300275632137e-08,0.0,0.8500342965126038,0.4308701455593109,0.0,0.0,0.0,0.036457423120737076,0.1056034117937088,0.045090291649103165,0.0,0.02219027653336525,0.05308620631694794,0.5318008065223694,0.048291124403476715,0.11388588696718216,0.2655315399169922,0.10095643252134323,0.24007807672023773,0.19889503717422485,0.10596182942390442,0.1663244217634201,0.026385225355625153,0.03110990673303604,0.11333291232585907,0.5240793228149414,0.036921922117471695,0.12855423986911774,0.5961070656776428
Temnothorax_congruus_OKENT0105443_processed.obj,C_pose_fine,0.013309894129633904,0.11713054776191711,0.035771239548921585,0.08135931193828583,0.2071429342031479,0.35643672943115234,0.040203627198934555,0.0481666661798954,0.03449999913573265,0.13488373160362244,0.2070000022649765,0.10003333538770676,0.2840805947780609,0.4550333321094513,0.20650000870227814,0.5223492980003357,0.7446333169937134,0.4022666811943054,0.6135151386260986,0.3742000162601471,1.0,0.0,1.0,1.0,0.0,1.0,2.4256825881252553e-08,0.0,0.8495728373527527,0.42800667881965637,0.0,0.0,0.0,0.016501866281032562,0.05089674890041351,0.02069581300020218,0.0,0.03273184970021248,0.09100659936666489,0.4877394735813141,0.02972419187426567,0.07659276574850082,0.4289001524448395,0.06033696234226227,0.23734205961227417,0.46408841013908386,0.07233511656522751,0.0989144816994667,0.0,0.03730253130197525,0.14114832878112793,0.47875353693962097,0.069734588265419,0.1556447148323059,0.36618003249168396
Temnothorax_sp._OKENT0105336_processed.obj,C_pose_fine,0.014931458048522472,0.12217861413955688,0.032890886068344116,0.08928772807121277,0.2195119708776474,0.39918088912963867,0.033632125705480576,0.04336666688323021,0.0274666678160429,0.11785437911748886,0.2102999985218048,0.08186666667461395,0.24464468657970428,0.46230000257492065,0.16633333265781403,0.5087639689445496,0.7713000178337097,0.37956666946411133,0.6175764203071594,0.4560333490371704,1.0,0.0,1.0,1.0,0.0,1.0,2.4143176347024564e-08,0.0,0.8491612672805786,0.42926740646362305,0.0,0.0,0.0,0.06815574318170547,0.22429527342319489,0.07074420154094696,0.0,0.031529102474451065,0.0785769671201706,0.4252873659133911,0.01830330677330494,0.04990662261843681,0.6732627749443054,0.018429724499583244,0.045688387006521225,0.6353591680526733,0.03037540800869465,0.06397582590579987,0.3799472451210022,0.04533304274082184,0.11447615176439285,0.3590007722377777,0.05392463505268097,0.1670660823583603,0.327250599861145
Tetramorium_kraepelini_CASENT0744084_processed.obj,C_pose_fine,0.021180687472224236,0.14132913947105408,0.030292656272649765,0.11103647947311401,0.27160707116127014,0.43960845470428467,0.028655825182795525,0.03746666759252548,0.02319999970495701,0.09994769841432571,0.19636666774749756,0.06703333556652069,0.21095383167266846,0.47156667709350586,0.1358666718006134,0.4334331452846527,0.8241666555404663,0.29403334856033325,0.6286634206771851,0.38866665959358215,1.0,0.0,1.0,1.0,0.0,1.0,2.4810502097238896e-08,0.0,0.8269705772399902,0.3937648832798004,0.0,0.0,0.0,0.05517849698662758,0.12063033133745193,0.055669479072093964,0.0,0.032312341034412384,0.0765606090426445,0.3969348669052124,0.021032636985182762,0.04394841194152832,0.5393465161323547,0.051882918924093246,0.1169758290052414,0.2541436553001404,0.013570231385529041,0.026747072115540504,0.8205804824829102,0.042620766907930374,0.1119433045387268,0.3443213999271393,0.03499794751405716,0.1603003442287445,0.5948905348777771
Acanthostichus_aff.brevicornis_CASENT0744328_processed.obj,D_joint_coarse,0.005295364186167717,0.06522218883037567,0.01823347806930542,0.04698871076107025,0.15353569388389587,0.28903159499168396,0.09660886228084564,0.11070000380277634,0.08569999784231186,0.2942827343940735,0.39309999346733093,0.23516666889190674,0.5215314626693726,0.7042333483695984,0.4140999913215637,0.7838378548622131,0.9421666860580444,0.6710667014122009,0.7146924734115601,0.18593333661556244,1.0065786838531494,0.06301640719175339,1.063361406326294,0.9659505486488342,0.02408701181411743,1.0230562686920166,0.0440036877989769,0.0,0.8568015694618225,0.43350327014923096,0.0017042980762198567,0.00430535851046443,0.022408965975046158,0.035287559032440186,0.09524372965097427,0.03267646208405495,-0.00017476454377174377,0.023268867284059525,0.06230193376541138,0.5574712753295898,0.015202694572508335,0.04653375223278999,0.7703635692596436,0.02952639013528824,0.11615350842475891,0.6906077861785889,0.021496498957276344,0.04239511117339134,0.5092348456382751,0.013557632453739643,0.031358502805233,0.8120010495185852,0.02432023175060749,0.15705125033855438,0.8381994962692261
Acromyrmex_coronatus_CASENT0744365_processed.obj,D_joint_coarse,0.0270426943898201,0.11702335625886917,0.021204667165875435,0.09581869095563889,0.41588643193244934,0.574469268321991,0.0692674070596695,0.08223333209753036,0.059833332896232605,0.23272089660167694,0.3431333303451538,0.17606666684150696,0.45004016160964966,0.6721333265304565,0.33826667070388794,0.7070753574371338,0.9064333438873291,0.5796000361442566,0.6928005218505859,0.21816666424274445,1.0036113262176514,0.06998518854379654,1.0532056093215942,0.956243634223938,0.02413802221417427,1.0121196508407593,0.04239557310938835,0.0,0.8574494123458862,0.4316016137599945,0.0015994944842532277,0.004462497774511576,0.014992481097579002,0.07789339870214462,0.15940409898757935,0.09936682134866714,7.823854684829712e-05,0.02461160346865654,0.06625806540250778,0.5432950258255005,0.026815708726644516,0.07832109183073044,0.5508513450622559,0.04649629816412926,0.2166341096162796,0.6602210402488708,0.014362037181854248,0.026925405487418175,0.8100264072418213,0.013790138065814972,0.031137682497501373,0.8212722539901733,0.0246305912733078,0.1455867439508438,0.8187347650527954
Acromyrmex_lobicornis_CASENT0878007_processed.obj,D_joint_coarse,0.028020985424518585,0.14592492580413818,0.023129809647798538,0.12279511988162994,0.3271958827972412,0.6096646785736084,0.04130752012133598,0.05230000242590904,0.03413333371281624,0.13053816556930542,0.24656666815280914,0.0887666642665863,0.26398688554763794,0.5696666836738586,0.17180000245571136,0.5182951092720032,0.9045667052268982,0.36320000886917114,0.5450130105018616,0.4282333254814148,1.008864164352417,0.09643693268299103,1.0685718059539795,0.9517592191696167,0.029914436861872673,1.0289968252182007,0.05358691141009331,0.0,0.8572063446044922,0.43280401825904846,0.001596203655935824,0.004613752011209726,0.02224954590201378,0.08839689195156097,0.17541557550430298,0.08839006721973419,0.00014463812112808228,0.026361076161265373,0.06112552434206009,0.45862069725990295,0.03249707072973251,0.07520023733377457,0.34560516476631165,0.017745086923241615,0.06999330967664719,0.7983425855636597,0.01785307750105858,0.03521526977419853,0.6332454085350037,0.016156217083334923,0.040212422609329224,0.7450425028800964,0.0323098786175251,0.12245754152536392,0.6703162789344788
Anochetus_risii_CASENT0877608_processed.obj,D_joint_coarse,0.012150129303336143,0.07098597288131714,0.018448375165462494,0.052537597715854645,0.19935721158981323,0.5477563738822937,0.1108282059431076,0.12630000710487366,0.0987333357334137,0.361510306596756,0.4568333327770233,0.29910001158714294,0.6071568131446838,0.7494666576385498,0.5102666616439819,0.8238893747329712,0.925266683101654,0.7425333261489868,0.7479439973831177,0.22456666827201843,1.0005601644515991,0.06861461699008942,1.0436118841171265,0.9575120210647583,0.0230408962816,1.0083667039871216,0.04032110795378685,0.0,0.8579357862472534,0.4313491880893707,0.0015230647986754775,0.004246679600328207,0.028749657794833183,0.013918107375502586,0.030155053362250328,0.01733427308499813,7.313676178455353e-05,0.013927413150668144,0.03621150553226471,0.7793103456497192,0.03340602666139603,0.08255704492330551,0.3676944375038147,0.009984460659325123,0.01942117139697075,0.9558011293411255,0.10857885330915451,0.15365834534168243,0.0,0.00948378723114729,0.020219141617417336,0.9479783773422241,0.005959890782833099,0.009640153497457504,1.0
Anochetus_risii_CASENT0877609_processed.obj,D_joint_coarse,0.12079228460788727,0.28197529911994934,0.02550417184829712,0.2564711272716522,0.6797055602073669,1.2603646516799927,0.03240616247057915,0.04170000180602074,0.026499999687075615,0.10951686650514603,0.21676667034626007,0.07326667010784149,0.22168324887752533,0.5643333196640015,0.13793332874774933,0.3934691250324249,0.8785666823387146,0.2535000145435333,0.5756588578224182,0.3802333474159241,1.0091006755828857,0.09614337980747223,1.0704692602157593,0.9488118886947632,0.028369177132844925,1.0347204208374023,0.052500758320093155,0.0,0.857193112373352,0.4329416751861572,0.0015588861424475908,0.004185057245194912,0.026699399575591087,0.04753720387816429,0.10759951919317245,0.047969918698072433,0.00020398572087287903,0.03298725187778473,0.09826163202524185,0.4754789471626282,0.02990819700062275,0.07054086029529572,0.40450990200042725,0.02591615915298462,0.0804007276892662,0.6215469837188721,0.024489494040608406,0.06440941244363785,0.5408971309661865,0.016456136479973793,0.03831268846988678,0.7380891442298889,0.0332358255982399,0.16280730068683624,0.7031630277633667
Aphaenogaster_pallida_CASENT0745235_processed.obj,D_joint_coarse,0.02281082607805729,0.12471528351306915,0.02737707458436489,0.09733820706605911,0.31940534710884094,0.6500419974327087,0.05743401497602463,0.06833333522081375,0.049533333629369736,0.18317438662052155,0.2718000113964081,0.13813333213329315,0.3418916165828705,0.5497000217437744,0.24809999763965607,0.5997998118400574,0.8544000387191772,0.46209999918937683,0.6744515895843506,0.20866666734218597,1.0046354532241821,0.07692380994558334,1.0734059810638428,0.9498243927955627,0.028592122718691826,1.023237943649292,0.05098658800125122,0.0,0.8567898273468018,0.4327632188796997,0.0017355679301545024,0.004708636552095413,0.032360490411520004,0.04190894588828087,0.09482425451278687,0.04403303563594818,-5.510449409484863e-05,0.032093729823827744,0.10095580667257309,0.43409961462020874,0.029379216954112053,0.07427425682544708,0.5039116740226746,0.024030150845646858,0.08973824977874756,0.6712707281112671,0.01716563291847706,0.03522526100277901,0.6358839273452759,0.019558144733309746,0.05385882034897804,0.666237473487854,0.011423729360103607,0.02577347308397293,0.9014598727226257
Atopomyrmex_mocquerysi_CASENT0744784_processed.obj,D_joint_coarse,0.007720824796706438,0.04691354185342789,0.013326375745236874,0.03358716517686844,0.12190945446491241,0.5971093773841858,0.1764519065618515,0.1875,0.16663333773612976,0.48700273036956787,0.5320333242416382,0.4490000009536743,0.7735132575035095,0.8218666911125183,0.7305333614349365,0.9275037050247192,0.988966703414917,0.8732333183288574,0.7920828461647034,0.15280000865459442,1.0079070329666138,0.11043558269739151,1.0776630640029907,0.9451810717582703,0.03221092373132706,1.0288585424423218,0.05882851034402847,0.0,0.8566381335258484,0.43181905150413513,0.001990891294553876,0.004956195130944252,0.036142777651548386,0.03440099209547043,0.11578744649887085,0.050284307450056076,-0.00043202564120292664,0.012569596990942955,0.03446882963180542,0.8344827890396118,0.01420520804822445,0.03868958726525307,0.7850897312164307,0.008314668200910091,0.01478627696633339,1.0,0.012790155597031116,0.029420778155326843,0.7651715278625488,0.013745764270424843,0.0391424223780632,0.790625810623169,0.043709442019462585,0.22546684741973877,0.6618005037307739
Carebara_trechideros_CASENT0877591_processed.obj,D_joint_coarse,0.026278968900442123,0.08095665276050568,0.011844598688185215,0.06911205500364304,0.40454789996147156,0.8736635446548462,0.21179021894931793,0.2277333289384842,0.19793333113193512,0.5343296527862549,0.6271666884422302,0.4654333293437958,0.7612939476966858,0.8792666792869568,0.6712333559989929,0.8659535646438599,0.9764333367347717,0.7779333591461182,0.7971972227096558,0.1657666712999344,1.0069222450256348,0.08424290269613266,1.0726664066314697,0.9539192318916321,0.028983091935515404,1.028135061264038,0.052212100476026535,0.0,0.8569322228431702,0.43217894434928894,0.001789869973435998,0.004838918801397085,0.02841673605144024,0.029971804469823837,0.059143900871276855,0.04024532437324524,8.040107786655426e-05,0.009621045552194118,0.02315857820212841,0.9153257012367249,0.007422350347042084,0.016130495816469193,0.9958582520484924,0.03566691651940346,0.11028891056776047,0.6132596731185913,0.0070622945204377174,0.014290121383965015,0.9947230219841003,0.01769004948437214,0.06914340704679489,0.7604944705963135,0.031322285532951355,0.09882280230522156,0.6094890236854553
Centromyrmex_brachycola_CASENT0744052_processed.obj,D_joint_coarse,0.01179283857345581,0.08978098630905151,0.0200465377420187,0.06973444670438766,0.23827598989009857,0.31021198630332947,0.09233587980270386,0.10973333567380905,0.07970000058412552,0.2782604992389679,0.4133000075817108,0.20973333716392517,0.48195600509643555,0.7268333435058594,0.3605000078678131,0.7181895971298218,0.9308333396911621,0.5846333503723145,0.6949727535247803,0.289900004863739,1.0038421154022217,0.0664869025349617,1.0564990043640137,0.9576733112335205,0.02401040680706501,1.0117027759552002,0.04252282530069351,0.0,0.8573824763298035,0.4353945255279541,0.0015348908491432667,0.004177094902843237,0.014928299002349377,0.007887732237577438,0.018537307158112526,0.008604860864579678,4.0619634091854095e-05,0.018673904240131378,0.05993083491921425,0.7229885458946228,0.020199086517095566,0.05261285975575447,0.5922687649726868,0.014031107537448406,0.03338726982474327,0.7513812184333801,0.031496889889240265,0.09803231060504913,0.519788920879364,0.020673368126153946,0.0553891658782959,0.7841874957084656,0.06068418174982071,0.26231205463409424,0.6447688341140747
Cephalotes_minutus_CASENT0709253_processed.obj,D_joint_coarse,0.007312031928449869,0.07756395637989044,0.021772509440779686,0.055791448801755905,0.1902361363172531,0.2877811789512634,0.07583796232938766,0.08980000019073486,0.06563333421945572,0.23509979248046875,0.34060001373291016,0.17949999868869781,0.44489434361457825,0.6285333633422852,0.3443000018596649,0.7262341380119324,0.8964000344276428,0.610366702079773,0.587220311164856,0.3319333493709564,1.007896065711975,0.08245784789323807,1.069035530090332,0.959395170211792,0.02556927315890789,1.0278581380844116,0.04863065481185913,0.0,0.8573989868164062,0.43278685212135315,0.0015242465306073427,0.004189824685454369,0.0292960274964571,0.07508375495672226,0.2747095823287964,0.07227052748203278,-5.140155553817749e-05,0.026310855522751808,0.06923804432153702,0.5034483075141907,0.025657102465629578,0.08096886426210403,0.5839852690696716,0.012212738394737244,0.03196664899587631,0.8204420208930969,0.018265873193740845,0.055355995893478394,0.7124010920524597,0.014690034091472626,0.03372924029827118,0.7519959211349487,0.010640675202012062,0.025111565366387367,0.9330900311470032
Cephalotes_simillimus_CASENT0744408_processed.obj,D_joint_coarse,0.01510937511920929,0.12277363985776901,0.03178732842206955,0.09098631143569946,0.226172536611557,0.33610817790031433,0.031838297843933105,0.04156666621565819,0.025800000876188278,0.11191107332706451,0.211899995803833,0.0760333314538002,0.23443123698234558,0.5179666876792908,0.15150000154972076,0.4895493686199188,0.8047666549682617,0.3517666757106781,0.5948185324668884,0.4194333255290985,1.0077357292175293,0.07551104575395584,1.0931291580200195,0.9464681148529053,0.030408138409256935,1.0268622636795044,0.05575205758213997,0.0,0.8566107153892517,0.43224433064460754,0.0018438114784657955,0.005154882557690144,0.015618911944329739,0.0840117335319519,0.28484252095222473,0.090151347219944,-7.908791303634644e-05,0.04587796702980995,0.13479797542095184,0.33448275923728943,0.02981799840927124,0.06828053295612335,0.4091118276119232,0.015589709393680096,0.03703891485929489,0.6878453493118286,0.023784123361110687,0.05728491023182869,0.5435356497764587,0.019403476268053055,0.05298446863889694,0.6626319885253906,0.012520098127424717,0.035567522048950195,0.8819951415061951
Cephalotes_spinosus_CASENT0744158_processed.obj,D_joint_coarse,0.008748743683099747,0.0823180228471756,0.018141264095902443,0.0641767606139183,0.19051028788089752,0.34485867619514465,0.08384662866592407,0.10596666485071182,0.06936667114496231,0.2487170696258545,0.40860000252723694,0.178766667842865,0.43782153725624084,0.7350000143051147,0.31176668405532837,0.6881052255630493,0.9294333457946777,0.5462666749954224,0.6456660032272339,0.36533334851264954,1.0346570014953613,0.2150477021932602,1.178470253944397,0.944261372089386,0.04892432317137718,1.166385531425476,0.10985840111970901,0.0,0.8567534685134888,0.4341457188129425,0.002380735008046031,0.008717901073396206,0.026671532541513443,0.06533025950193405,0.14251235127449036,0.06558214128017426,0.00047148019075393677,0.01798310875892639,0.060034118592739105,0.7226054072380066,0.032426513731479645,0.09480217099189758,0.49148643016815186,0.015527396462857723,0.04409557208418846,0.7624309659004211,0.012226985767483711,0.02458893321454525,0.8496042490005493,0.01355147734284401,0.03377929702401161,0.8130311965942383,0.0224758293479681,0.10429294407367706,0.7566909790039062
Crematogaster_nawai_OKENT0105046_processed.obj,D_joint_coarse,0.011658077128231525,0.09003441035747528,0.022076696157455444,0.06795771420001984,0.24550534784793854,0.44492781162261963,0.06685865670442581,0.08353333175182343,0.0557333342730999,0.21784400939941406,0.34380000829696655,0.15943333506584167,0.4254760146141052,0.6740999817848206,0.3108333349227905,0.7047845125198364,0.9066666960716248,0.5764333605766296,0.5945398211479187,0.4603666663169861,1.0035598278045654,0.07443199306726456,1.0580132007598877,0.9563737511634827,0.025088774040341377,1.0128567218780518,0.044365160167217255,0.0,0.8574494123458862,0.4321279227733612,0.001596690621227026,0.0045381528325378895,0.021597158163785934,0.06097407266497612,0.16448573768138885,0.0827818512916565,-0.00017610937356948853,0.01766459085047245,0.04588057100772858,0.7053639888763428,0.0321371927857399,0.09638114273548126,0.4739990830421448,0.020185483619570732,0.0785718485713005,0.7900552749633789,0.10993287712335587,0.15043602883815765,0.0,0.015213563106954098,0.04041832685470581,0.7932011485099792,0.008895832113921642,0.018128912895917892,0.9671532511711121
Cryptopone_sauteri_CASENT0743771_processed.obj,D_joint_coarse,0.013430211693048477,0.09894637763500214,0.021972645074129105,0.07697372883558273,0.23353056609630585,0.6163714528083801,0.0657120943069458,0.08060000091791153,0.0554666668176651,0.20922186970710754,0.3386666774749756,0.15136666595935822,0.3993557095527649,0.6797333359718323,0.28273335099220276,0.6574132442474365,0.9024333357810974,0.5170333385467529,0.6616495251655579,0.25839999318122864,1.0047049522399902,0.06352803111076355,1.068887710571289,0.9527192711830139,0.025250544771552086,1.0149520635604858,0.045049816370010376,0.0,0.8572619557380676,0.4326629936695099,0.0015249447897076607,0.0039225793443620205,0.019286511465907097,0.02375797927379608,0.06360183656215668,0.027805453166365623,-0.00017508119344711304,0.03211566433310509,0.09380912035703659,0.4528735876083374,0.015544313937425613,0.04085766151547432,0.786470353603363,0.013025671243667603,0.0302555151283741,0.8342542052268982,0.017518674954771996,0.03489191085100174,0.6121371984481812,0.014928743243217468,0.03539959341287613,0.7831573486328125,0.0416816845536232,0.24188926815986633,0.6800486445426941
Cyphoidris_afrc-tz01_CASENT0744810_processed.obj,D_joint_coarse,0.1187467947602272,0.29683631658554077,0.021522624418139458,0.27531370520591736,0.6313892602920532,0.8084869980812073,0.023167334496974945,0.031966667622327805,0.018166666850447655,0.07677919417619705,0.19840000569820404,0.047600001096725464,0.1452985405921936,0.6139333248138428,0.08240000158548355,0.2724743187427521,0.9341000318527222,0.15950000286102295,0.6180753707885742,0.4525666832923889,1.0327938795089722,0.23776613175868988,1.183822751045227,0.9440960884094238,0.04740896821022034,1.1355937719345093,0.10599324852228165,0.0,0.8565799593925476,0.43480387330055237,0.0022431400138884783,0.008778301998972893,0.025702958926558495,0.09061885625123978,0.1746612936258316,0.09460338205099106,0.00041819363832473755,0.01988316886126995,0.046639230102300644,0.6214559674263,0.028330139815807343,0.07050011307001114,0.43626323342323303,0.0212631244212389,0.06288792937994003,0.6823204755783081,0.02961333468556404,0.08725129812955856,0.4459103047847748,0.022580662742257118,0.07852057367563248,0.6304404139518738,0.04006557911634445,0.15560711920261383,0.7068126201629639
Cyphomyrmex_cf.minutus_CASENT0744280_processed.obj,D_joint_coarse,0.08669553697109222,0.26086077094078064,0.026469990611076355,0.23439078032970428,0.5718169212341309,0.7903792262077332,0.01826733723282814,0.025600001215934753,0.0142000000923872,0.06025070697069168,0.15263333916664124,0.03753333538770676,0.12686356902122498,0.524066686630249,0.07216666638851166,0.25731468200683594,0.892300009727478,0.15033333003520966,0.5918541550636292,0.42266666889190674,1.0087006092071533,0.10574876517057419,1.124793529510498,0.9001615643501282,0.04493986815214157,1.0357050895690918,0.08051388710737228,0.0,0.8571268320083618,0.4343220293521881,0.0021766922436654568,0.005833281669765711,0.048453785479068756,0.14590966701507568,0.2516195774078369,0.18931104242801666,-0.0002871900796890259,0.022985966876149178,0.05461299791932106,0.5325670838356018,0.04001212120056152,0.10301350802183151,0.28808099031448364,0.023039668798446655,0.06253810226917267,0.5580110549926758,0.01889471523463726,0.033824607729911804,0.6068601608276367,0.027292044833302498,0.07355181872844696,0.4978109896183014,0.01799456961452961,0.0382532924413681,0.7372262477874756
Dilobocondyla_fouqueti_CASENT0745576_processed.obj,D_joint_coarse,0.016996869817376137,0.11524316668510437,0.026930615305900574,0.0883125513792038,0.2613288462162018,0.5507887601852417,0.05657735839486122,0.06923333555459976,0.047833334654569626,0.17935027182102203,0.29159998893737793,0.12950000166893005,0.3435749113559723,0.5860000252723694,0.24303333461284637,0.5859812498092651,0.8395000100135803,0.4500666856765747,0.5940894484519958,0.3404333293437958,1.0189204216003418,0.12300071120262146,1.1375305652618408,0.947833776473999,0.038094572722911835,1.0604710578918457,0.07532430440187454,0.0,0.8566614389419556,0.4327239990234375,0.002234336920082569,0.007549084722995758,0.020187681540846825,0.056341301649808884,0.15952405333518982,0.05857992544770241,-0.00033346936106681824,0.033447328954935074,0.09930422902107239,0.4754789471626282,0.03926375135779381,0.10873164236545563,0.43534284830093384,0.013135680928826332,0.030148055404424667,0.7983425855636597,0.01458592340350151,0.030829647555947304,0.7810026407241821,0.016820188611745834,0.040631528943777084,0.715941309928894,0.011679352261126041,0.02334953099489212,0.9124087691307068
Dorylus_fulvus_CASENT0745678_processed.obj,D_joint_coarse,0.007032549474388361,0.06955085694789886,0.019673161208629608,0.049877699464559555,0.19489002227783203,0.3835570514202118,0.09839131683111191,0.11276666820049286,0.08726666867733002,0.3032861649990082,0.3991999924182892,0.24453333020210266,0.5359326601028442,0.691100001335144,0.4376666843891144,0.7897047400474548,0.9136000275611877,0.6953999996185303,0.7166232466697693,0.20363333821296692,1.004506230354309,0.0698651447892189,1.0441378355026245,0.9606106877326965,0.021033411845564842,1.0153363943099976,0.038723915815353394,0.0,0.8578224778175354,0.43493980169296265,0.0014504678547382355,0.003939891699701548,0.013500884175300598,0.015849793329834938,0.04226160794496536,0.01618303917348385,8.022412657737732e-05,0.015467405319213867,0.04456496983766556,0.7452107667922974,0.0387694388628006,0.08212729543447495,0.2922227382659912,0.010525661520659924,0.024052010849118233,0.9060773849487305,0.02683999389410019,0.070977121591568,0.49340370297431946,0.012445724569261074,0.027447137981653214,0.8712335824966431,0.04579077288508415,0.19050486385822296,0.5936739444732666
Eciton_hamatum_CASENT0744580_processed.obj,D_joint_coarse,0.028352467343211174,0.09652923792600632,0.023585908114910126,0.07294332981109619,0.42798471450805664,0.8845692873001099,0.14074675738811493,0.14920000731945038,0.133200004696846,0.37094953656196594,0.41876667737960815,0.33293333649635315,0.5930829644203186,0.6676999926567078,0.5334666967391968,0.8036443591117859,0.8782333135604858,0.7407333254814148,0.6227695345878601,0.313400000333786,1.0089666843414307,0.10574687272310257,1.0691694021224976,0.9503591656684875,0.03206325322389603,1.0347658395767212,0.05797014385461807,0.0,0.856540322303772,0.43309861421585083,0.001823111088015139,0.0053330156952142715,0.026586737483739853,0.04304283857345581,0.10103201121091843,0.09426786750555038,-0.00039751455187797546,0.0320412702858448,0.12503480911254883,0.5490421652793884,0.0215627308934927,0.060045260936021805,0.5996318459510803,0.02317613549530506,0.07690306752920151,0.6325967311859131,0.018012970685958862,0.039073504507541656,0.5620052814483643,0.011678061448037624,0.029440121725201607,0.851918637752533,0.011001958511769772,0.028346430510282516,0.8637469410896301
Ectatomma_brunneum_CASENT0744575_processed.obj,D_joint_coarse,0.1228879764676094,0.2861684262752533,0.027818338945508003,0.25835007429122925,0.7225846648216248,0.9456128478050232,0.027613110840320587,0.03556666523218155,0.022566666826605797,0.09116549044847488,0.19416667520999908,0.059566669166088104,0.18176144361495972,0.5154666900634766,0.11033333092927933,0.3606100380420685,0.852066695690155,0.22869999706745148,0.5334830284118652,0.443533331155777,1.0081292390823364,0.0798514112830162,1.0793954133987427,0.9505801200866699,0.028689760714769363,1.0290528535842896,0.053588468581438065,0.0,0.8571715354919434,0.4323876202106476,0.0015853249933570623,0.00465316791087389,0.024356842041015625,0.18389181792736053,0.2896156311035156,0.21902433037757874,-0.000316813588142395,0.0297583919018507,0.07622851431369781,0.4360153377056122,0.0370875783264637,0.08417841047048569,0.3267372250556946,0.07483501732349396,0.21928422152996063,0.3784530460834503,0.017373107373714447,0.0322422981262207,0.6860158443450928,0.02015371061861515,0.05151119828224182,0.6343033909797668,0.018773872405290604,0.07166184484958649,0.7785887718200684
Eurhopalothrix_procera_CASENT0745605_processed.obj,D_joint_coarse,0.027597934007644653,0.14763282239437103,0.02073977328836918,0.1268930435180664,0.3163130581378937,0.6034671068191528,0.04738609865307808,0.061266668140888214,0.03863333538174629,0.14810819923877716,0.29899999499320984,0.09843333810567856,0.2752517759799957,0.6725666522979736,0.17303334176540375,0.4731522500514984,0.9175333380699158,0.31876668334007263,0.6222630739212036,0.40450000762939453,1.0308152437210083,0.22960132360458374,1.154312014579773,0.9472521543502808,0.043958619236946106,1.1189640760421753,0.09711308777332306,0.0,0.8566237688064575,0.43201830983161926,0.0022097344044595957,0.008692780509591103,0.03019540384411812,0.08154129981994629,0.1851501166820526,0.10168004035949707,0.0002699941396713257,0.024344900622963905,0.07434847205877304,0.619157075881958,0.020413756370544434,0.05109190568327904,0.6290842294692993,0.025154856964945793,0.08068174868822098,0.5552486181259155,0.018534721806645393,0.05166872218251228,0.6833773255348206,0.021429026499390602,0.07713696360588074,0.6798866987228394,0.013982740230858326,0.03972545638680458,0.8333333134651184
Heteroponera_panamensis_CASENT0744055_processed.obj,D_joint_coarse,0.15853233635425568,0.33884164690971375,0.029499821364879608,0.30934181809425354,0.770230233669281,0.8853879570960999,0.020971281453967094,0.02876666747033596,0.016499999910593033,0.07092921435832977,0.16736666858196259,0.04500000178813934,0.1484626829624176,0.5103333592414856,0.08686666935682297,0.2910424470901489,0.8433666825294495,0.17586666345596313,0.5650262832641602,0.3921999931335449,1.0040287971496582,0.07099243998527527,1.0631071329116821,0.9497697353363037,0.02473650500178337,1.017798662185669,0.043794453144073486,0.0,0.8577563166618347,0.43676504492759705,0.001401217421516776,0.004238705150783062,0.028392599895596504,0.09706459939479828,0.2086935192346573,0.10534724593162537,-0.00035740435123443604,0.030777065083384514,0.10646820813417435,0.4965517222881317,0.044306714087724686,0.10312402993440628,0.2540266811847687,0.015218024142086506,0.03613106533885002,0.8066298365592957,0.028613252565264702,0.09040425717830658,0.4854881465435028,0.018380293622612953,0.044859856367111206,0.6822044849395752,0.04848072677850723,0.1800214946269989,0.5948905348777771
Labidus_praedator_CASENT0744236_processed.obj,D_joint_coarse,0.01722186617553234,0.06823565810918808,0.010506669990718365,0.05772899091243744,0.37281498312950134,0.7910802960395813,0.23906750977039337,0.2556999921798706,0.22446666657924652,0.555930495262146,0.6413333415985107,0.49060001969337463,0.7818744778633118,0.8993666768074036,0.6915333271026611,0.8856804966926575,0.9948000311851501,0.7981333136558533,0.8181813955307007,0.19806666672229767,1.0020761489868164,0.07226908951997757,1.0578633546829224,0.949357271194458,0.027100419625639915,1.0093306303024292,0.04882971569895744,0.0,0.8558238744735718,0.43214792013168335,0.0017845256952568889,0.004838522523641586,0.013841546140611172,0.01650330051779747,0.03799799084663391,0.022181706503033638,8.383765816688538e-05,0.008588315919041634,0.019175292924046516,0.9605364203453064,0.014386634342372417,0.03627568110823631,0.7680625915527344,0.02009935863316059,0.04865478724241257,0.6132596731185913,0.00752633111551404,0.014963208697736263,0.9973615407943726,0.011367907747626305,0.028102464973926544,0.8758692145347595,0.02491139806807041,0.15642374753952026,0.816301703453064
Labidus_praedator_CASENT0744237_processed.obj,D_joint_coarse,0.047175295650959015,0.14219780266284943,0.020959122106432915,0.12123868614435196,0.5605384707450867,1.0210189819335938,0.07526199519634247,0.09040000289678574,0.06446667015552521,0.22891446948051453,0.348633348941803,0.170400008559227,0.40788114070892334,0.6436333656311035,0.2985333502292633,0.6653355360031128,0.9151333570480347,0.5226666927337646,0.6656963229179382,0.31683334708213806,1.0054682493209839,0.1052086278796196,1.0604560375213623,0.9574791789054871,0.025798574090003967,1.0203461647033691,0.04568508639931679,0.0,0.8575631976127625,0.4325568377971649,0.0015064311446622014,0.004215499386191368,0.015894439071416855,0.03936166316270828,0.08283518999814987,0.04007748141884804,-4.963576793670654e-05,0.018247833475470543,0.051597196608781815,0.6785441040992737,0.029408320784568787,0.063264399766922,0.3548090159893036,0.015542391687631607,0.05367949232459068,0.8204420208930969,0.016820384189486504,0.0424441434442997,0.6569921374320984,0.018709983676671982,0.06405448913574219,0.7288179397583008,0.03590303286910057,0.16181257367134094,0.7068126201629639
Lasius_nr._fuliginosus_CASENT0878037_processed.obj,D_joint_coarse,0.012079472653567791,0.09098182618618011,0.024178173393011093,0.06680364906787872,0.23294726014137268,0.4545396864414215,0.08875499665737152,0.10170000046491623,0.07873333245515823,0.2729172706604004,0.3703666627407074,0.21606667339801788,0.4785783290863037,0.6429666876792908,0.3811333477497101,0.711776077747345,0.8662999868392944,0.604033350944519,0.6671606302261353,0.26030001044273376,1.0057952404022217,0.07340683788061142,1.0636276006698608,0.9556130766868591,0.02573881857097149,1.0217938423156738,0.047539882361888885,0.0,0.8568145632743835,0.4330717623233795,0.0016509350389242172,0.004383792169392109,0.021834397688508034,0.04268350452184677,0.09782377630472183,0.05861265957355499,-0.00013912469148635864,0.02542518824338913,0.0921034887433052,0.6141762733459473,0.0380709171295166,0.08331995457410812,0.33041879534721375,0.07568226009607315,0.18279778957366943,0.37016576528549194,0.023073457181453705,0.06603675335645676,0.6015831232070923,0.013701251707971096,0.04167405515909195,0.8251352310180664,0.015707416459918022,0.06907499581575394,0.8661800622940063
Lioponera_daikoku_OKENT0105067_processed.obj,D_joint_coarse,0.18045952916145325,0.3355802297592163,0.028110502287745476,0.3074697256088257,0.8971399068832397,1.0178087949752808,0.030685190111398697,0.039633333683013916,0.025033334270119667,0.11044660210609436,0.2115333378314972,0.07473333179950714,0.23215754330158234,0.5364333391189575,0.14813333749771118,0.41279253363609314,0.8384000062942505,0.2738000154495239,0.5844255089759827,0.40060001611709595,1.0053539276123047,0.08519993722438812,1.06854248046875,0.9443915486335754,0.0280438419431448,1.0209673643112183,0.051396965980529785,0.0,0.8572884202003479,0.4324919283390045,0.001622117473743856,0.00476787518709898,0.02937554195523262,0.11025067418813705,0.19557464122772217,0.13042280077934265,-9.739398956298828e-05,0.03358330577611923,0.09544073790311813,0.4195402264595032,0.04200085252523422,0.09379614144563675,0.3515876829624176,0.02418140321969986,0.0648326426744461,0.5662983655929565,0.018515296280384064,0.03570674732327461,0.5910290479660034,0.017757929861545563,0.04494144767522812,0.6971414089202881,0.024794861674308777,0.1118159070611,0.7214111685752869
Mayriella_sp._CASENT0745610_processed.obj,D_joint_coarse,0.05073715001344681,0.18927070498466492,0.019630208611488342,0.16964049637317657,0.44748809933662415,0.8349027037620544,0.03518860042095184,0.04659999907016754,0.028266666457057,0.11534219980239868,0.24886666238307953,0.07506667077541351,0.2231326699256897,0.6457666754722595,0.13486666977405548,0.4084862768650055,0.9582666754722595,0.25956666469573975,0.5791341066360474,0.39329999685287476,1.0202783346176147,0.13674074411392212,1.1461964845657349,0.9437572956085205,0.040948983281850815,1.065346360206604,0.083018459379673,0.0,0.8567748665809631,0.43177324533462524,0.0021313035394996405,0.006653144955635071,0.025626476854085922,0.07674802839756012,0.15618492662906647,0.08290262520313263,-1.4990568161010742e-05,0.02298900857567787,0.06151082366704941,0.5716475248336792,0.021227823570370674,0.047882214188575745,0.5830649137496948,0.011502299457788467,0.024993887171149254,0.861878514289856,0.019349973648786545,0.039548926055431366,0.5963060855865479,0.018478956073522568,0.041303012520074844,0.6644347310066223,0.013000186532735825,0.026407655328512192,0.8953770995140076
Mesoponera_ambigua_CASENT0745584_processed.obj,D_joint_coarse,0.07135515660047531,0.21964170038700104,0.0250529944896698,0.19458870589733124,0.5589824318885803,0.7284008860588074,0.03922036662697792,0.05040000006556511,0.032099999487400055,0.12959524989128113,0.2489333301782608,0.08760000020265579,0.25319790840148926,0.5884666442871094,0.16130000352859497,0.4493393003940582,0.8633666634559631,0.3037000000476837,0.5848953127861023,0.36016666889190674,1.012413740158081,0.09734275192022324,1.1086421012878418,0.9419288635253906,0.03541785851120949,1.0408276319503784,0.065623939037323,0.0,0.8570878505706787,0.433305025100708,0.0020698499865829945,0.006457594223320484,0.028942421078681946,0.06671792268753052,0.14576178789138794,0.08034460246562958,0.000143490731716156,0.02944859303534031,0.0863383486866951,0.5045977234840393,0.027309026569128036,0.07753515988588333,0.5471698045730591,0.0115771209821105,0.02638803981244564,0.8756906390190125,0.0209303330630064,0.04456305876374245,0.5488126873970032,0.022521037608385086,0.06621362268924713,0.6265773773193359,0.009498033672571182,0.016232643276453018,0.9902676343917847
Myrmecina_ryukyuensis_OKENT0105085_processed.obj,D_joint_coarse,0.023459386080503464,0.11184496432542801,0.01687203161418438,0.09497293084859848,0.35761362314224243,0.6274660229682922,0.07640226930379868,0.09476666897535324,0.06400000303983688,0.23660579323768616,0.3849000036716461,0.17080000042915344,0.42945343255996704,0.7333333492279053,0.30363333225250244,0.670779824256897,0.9584333300590515,0.5159333348274231,0.6753735542297363,0.3938666582107544,1.0323666334152222,0.25021296739578247,1.1609363555908203,0.9375438690185547,0.0472724512219429,1.1440318822860718,0.10847066342830658,0.0,0.8564608693122864,0.4339684545993805,0.0022917757742106915,0.008436683565378189,0.025961292907595634,0.019254649057984352,0.06809290498495102,0.022124841809272766,7.302500307559967e-05,0.017437338829040527,0.04431477189064026,0.6896551847457886,0.01668144203722477,0.05315844714641571,0.7450529336929321,0.02034325711429119,0.06978673487901688,0.6988950371742249,0.018668806180357933,0.05059970170259476,0.6622691750526428,0.019133830443024635,0.0627576932311058,0.700489342212677,0.009808780625462532,0.021407870575785637,0.9330900311470032
Myrmecina_sp._CASENT0745613_processed.obj,D_joint_coarse,0.04930119216442108,0.17709879577159882,0.023154878988862038,0.15394391119480133,0.474012553691864,0.8025510311126709,0.05114201828837395,0.06553333252668381,0.0419333353638649,0.15574415028095245,0.30113333463668823,0.10503333806991577,0.28508245944976807,0.6587666869163513,0.1818999946117401,0.4810841977596283,0.8776000142097473,0.3313666582107544,0.6026961207389832,0.4117666780948639,1.034316062927246,0.30507516860961914,1.1584500074386597,0.9500178694725037,0.044106174260377884,1.1611779928207397,0.1050897091627121,0.0,0.8564262986183167,0.4343852698802948,0.002188035286962986,0.008717095479369164,0.027023451402783394,0.061693545430898666,0.24162767827510834,0.09505415707826614,0.00019037723541259766,0.022344078868627548,0.07230865955352783,0.6471264362335205,0.03932660445570946,0.09464561939239502,0.3529682457447052,0.02507880888879299,0.09613285958766937,0.7237569093704224,0.019043538719415665,0.04631749168038368,0.6543536186218262,0.018825078383088112,0.04725148156285286,0.78727787733078,0.02344401925802231,0.08499272167682648,0.7214111685752869
Nesomyrmex_angulatus_CASENT0744820_processed.obj,D_joint_coarse,0.032126862555742264,0.16522976756095886,0.0266965851187706,0.13853317499160767,0.3346487879753113,0.5107175707817078,0.03636892884969711,0.04690000042319298,0.02969999983906746,0.1136135384440422,0.2335333377122879,0.07506667077541351,0.22365736961364746,0.5698333382606506,0.13913333415985107,0.4184676706790924,0.8742333650588989,0.27506667375564575,0.5361647605895996,0.45436668395996094,1.0056270360946655,0.07535864412784576,1.0562142133712769,0.95632404088974,0.02432151883840561,1.0207332372665405,0.04396876320242882,0.0,0.85747230052948,0.4339040219783783,0.0014150411589071155,0.004270679783076048,0.023539302870631218,0.07910305261611938,0.1583731472492218,0.08180616796016693,0.00019560754299163818,0.027148455381393433,0.07590308785438538,0.5264368057250977,0.027833694592118263,0.07727382332086563,0.468936949968338,0.013668224215507507,0.02575620636343956,0.8453038930892944,0.03377373889088631,0.08463872969150543,0.4353562295436859,0.02521701529622078,0.08278084546327591,0.6613443493843079,0.050378840416669846,0.3241228461265564,0.7311435341835022
Odontomachus_troglodytes_CASENT0744970_processed.obj,D_joint_coarse,0.004983609076589346,0.05699532479047775,0.015141148120164871,0.04185417667031288,0.14144214987754822,0.3483523428440094,0.1341240406036377,0.15013334155082703,0.12120000272989273,0.3763170540332794,0.47769999504089355,0.3104333281517029,0.5915336012840271,0.7645666599273682,0.482366681098938,0.8379570841789246,0.9682000279426575,0.7386000156402588,0.6865454316139221,0.3095666766166687,1.0204535722732544,0.18125171959400177,1.12246835231781,0.9427076578140259,0.04029436036944389,1.0800824165344238,0.08327323943376541,0.0,0.8562950491905212,0.43279144167900085,0.0023053637705743313,0.007006244268268347,0.03176692873239517,0.04399131238460541,0.0904141366481781,0.04742472618818283,-9.015947580337524e-05,0.013352173380553722,0.03887595981359482,0.7988505959510803,0.0165729857981205,0.06521177291870117,0.7965945601463318,0.017162494361400604,0.04660528153181076,0.7209945321083069,0.02249552495777607,0.06912917643785477,0.6358839273452759,0.01478436216711998,0.034934379160404205,0.7411795258522034,0.0066692945547401905,0.012370225042104721,0.9939172863960266
Oxyopomyrmex_saulcyi_CASENT0745218_processed.obj,D_joint_coarse,0.017063485458493233,0.11028134077787399,0.018543273210525513,0.09173806756734848,0.26198169589042664,0.4916389584541321,0.04969378933310509,0.06306666880846024,0.04100000113248825,0.17303277552127838,0.3150666654109955,0.11926666647195816,0.34141093492507935,0.7192000150680542,0.2238333374261856,0.5938768982887268,0.9520333409309387,0.4315333366394043,0.6789304614067078,0.35413333773612976,1.0045599937438965,0.0654660239815712,1.0613738298416138,0.9522985219955444,0.025103500112891197,1.0161728858947754,0.04757697880268097,0.0,0.8567320704460144,0.4330473244190216,0.0016364931361749768,0.00485647888854146,0.011083078570663929,0.02380388230085373,0.11225053668022156,0.02650328353047371,7.920525968074799e-05,0.022240445017814636,0.052492864429950714,0.5632184147834778,0.015346732921898365,0.034117210656404495,0.769443154335022,0.01295085996389389,0.026312921196222305,0.8895028233528137,0.014176935888826847,0.02392040193080902,0.8047493696212769,0.017564833164215088,0.05139899253845215,0.7903682589530945,0.03388885781168938,0.14348915219306946,0.6155717968940735
Polyrhachis_decemdentata_CASENT0744779_processed.obj,D_joint_coarse,0.01602989062666893,0.10856600105762482,0.020552221685647964,0.08801378309726715,0.24376624822616577,0.6477347016334534,0.05618081986904144,0.06996666640043259,0.046933334320783615,0.1718677133321762,0.30550000071525574,0.1195666715502739,0.3285343647003174,0.6606000065803528,0.21863333880901337,0.5830999612808228,0.9326666593551636,0.4241333305835724,0.6420333385467529,0.4217333495616913,1.0236670970916748,0.17184649407863617,1.1474299430847168,0.9329140782356262,0.04530072957277298,1.0975579023361206,0.09703738987445831,0.0,0.8557093143463135,0.4310985505580902,0.002344628097489476,0.007933306507766247,0.023310769349336624,0.03449876978993416,0.05576537549495697,0.051376551389694214,0.00013588741421699524,0.02027617208659649,0.05754605680704117,0.6536398530006409,0.02064652182161808,0.045833755284547806,0.562356173992157,0.0120874447748065,0.024143362417817116,0.930939257144928,0.043333396315574646,0.11506746709346771,0.33773088455200195,0.017554013058543205,0.04491350054740906,0.7154262065887451,0.05896339565515518,0.25946441292762756,0.6046228408813477
Polyrhachis_dives_CASENT0878093_processed.obj,D_joint_coarse,0.071261927485466,0.22643080353736877,0.022913740947842598,0.20351706445217133,0.5342878699302673,0.6893985271453857,0.03360946476459503,0.04573333263397217,0.02656666748225689,0.10540340840816498,0.23829999566078186,0.0676666647195816,0.1951480209827423,0.5843333601951599,0.11713333427906036,0.3746802508831024,0.9046666622161865,0.23626667261123657,0.5813521146774292,0.4220333397388458,1.0289033651351929,0.17958548665046692,1.1871800422668457,0.9403268694877625,0.04787333309650421,1.103000521659851,0.10012181848287582,0.0,0.8564560413360596,0.43316179513931274,0.002496347762644291,0.009143384173512459,0.026409249752759933,0.08212321996688843,0.16466081142425537,0.11172844469547272,0.0017967671155929565,0.022277075797319412,0.05659351125359535,0.5770115256309509,0.036945853382349014,0.08812091499567032,0.31707316637039185,0.015362163074314594,0.03192015737295151,0.7707182765007019,0.04198421910405159,0.08838412165641785,0.26385223865509033,0.015760041773319244,0.034243252128362656,0.7352562546730042,0.01656641624867916,0.04597614333033562,0.7518247961997986
Ponera_kohmoku_OKENT0105440_processed.obj,D_joint_coarse,0.010230609215795994,0.0845869705080986,0.02014967054128647,0.06443729996681213,0.1812707632780075,0.45890772342681885,0.07214739918708801,0.08793333172798157,0.0611666664481163,0.22485171258449554,0.3451666831970215,0.16673333942890167,0.4276597797870636,0.6547333598136902,0.31753334403038025,0.6979926228523254,0.9156666994094849,0.5639333128929138,0.6400251984596252,0.39456668496131897,1.0073884725570679,0.09656769782304764,1.072765827178955,0.9494153261184692,0.0281938835978508,1.0277069807052612,0.05334628000855446,0.0,0.8579513430595398,0.4330214858055115,0.0016757702687755227,0.004505053162574768,0.016109060496091843,0.029407963156700134,0.08106078207492828,0.03407582268118858,-0.00015500187873840332,0.021971696987748146,0.060277894139289856,0.6057471632957458,0.02960391901433468,0.06855547428131104,0.42245742678642273,0.022694502025842667,0.06847739964723587,0.6795580387115479,0.02197958156466484,0.048543427139520645,0.5831134915351868,0.014774558134377003,0.03967265412211418,0.7934587001800537,0.013108002953231335,0.052624307572841644,0.8783454895019531
Ponera_tamon_OKENT0105154_processed.obj,D_joint_coarse,0.002694206777960062,0.046698376536369324,0.016281738877296448,0.030416635796427727,0.1066809594631195,0.22862768173217773,0.11903580278158188,0.13233333826065063,0.1081666648387909,0.3548475205898285,0.4505000114440918,0.29269999265670776,0.6427057981491089,0.7873333692550659,0.5429666638374329,0.8820143938064575,0.9585000276565552,0.8168333172798157,0.7450926899909973,0.2967333495616913,1.0063276290893555,0.07641611248254776,1.0561829805374146,0.9619529843330383,0.024676049128174782,1.0414516925811768,0.046507131308317184,0.0,0.8566543459892273,0.43352311849594116,0.0016804479528218508,0.004403405822813511,0.018249066546559334,0.05147988349199295,0.10109598189592361,0.04520994424819946,0.0002273954451084137,0.0179218091070652,0.048928894102573395,0.7187739610671997,0.013460076414048672,0.030063007026910782,0.8140819072723389,0.03650705888867378,0.19934728741645813,0.7154696583747864,0.023823389783501625,0.06104481220245361,0.5804749727249146,0.014067206531763077,0.050376828759908676,0.8392994999885559,0.047346118837594986,0.17974364757537842,0.6532846689224243
Pseudolasius_sp._CASENT0878065_processed.obj,D_joint_coarse,0.042960286140441895,0.172141894698143,0.018465299159288406,0.1536765992641449,0.41334104537963867,0.596085786819458,0.05262059345841408,0.06996666640043259,0.04216666892170906,0.15833483636379242,0.3221000134944916,0.1049666702747345,0.2948065400123596,0.7182333469390869,0.18546666204929352,0.489551842212677,0.9409999847412109,0.3308333456516266,0.6471080780029297,0.3876333236694336,1.0396357774734497,0.29196691513061523,1.1853667497634888,0.9415881037712097,0.04981128126382828,1.189191460609436,0.11532174795866013,0.0,0.8566558957099915,0.4351765513420105,0.0023121177218854427,0.008877970278263092,0.02423943765461445,0.07100803405046463,0.15042398869991302,0.08452458679676056,0.0003039613366127014,0.02179447002708912,0.07419061660766602,0.6559386849403381,0.023640450090169907,0.06238149106502533,0.5701794624328613,0.014125782065093517,0.02491123415529728,0.7928177118301392,0.012642067857086658,0.024187076836824417,0.8759894967079163,0.015544472262263298,0.0352310948073864,0.7713108658790588,0.023364007472991943,0.12979045510292053,0.8394160270690918
Pseudomyrmex_cf.solis_CASENT0744065_processed.obj,D_joint_coarse,0.02030664123594761,0.09330680221319199,0.020521575585007668,0.07278522849082947,0.38827160000801086,0.5354663133621216,0.11063345521688461,0.1256333291530609,0.09883333742618561,0.3382951617240906,0.4206666648387909,0.28290000557899475,0.5793781280517578,0.7002333402633667,0.49410000443458557,0.8033545613288879,0.8946999907493591,0.7289333343505859,0.7544680833816528,0.15620000660419464,1.0055383443832397,0.08423949778079987,1.0513126850128174,0.9602049589157104,0.024654023349285126,1.0167911052703857,0.045228857547044754,0.0,0.8567687273025513,0.4325171709060669,0.0016703992150723934,0.004645996727049351,0.016254372894763947,0.012551745399832726,0.037080228328704834,0.013177271001040936,0.00014030560851097107,0.026241367682814598,0.0883970558643341,0.5915709137916565,0.018450070172548294,0.05245374143123627,0.698113203048706,0.02604808658361435,0.12509940564632416,0.6767956018447876,0.022792715579271317,0.04380710422992706,0.4300791621208191,0.012653397396206856,0.035875216126441956,0.845737874507904,0.01611367240548134,0.06229535862803459,0.7396593689918518
Solenopsis_invicta_CASENT0744384_processed.obj,D_joint_coarse,0.03489014506340027,0.14831006526947021,0.02017989568412304,0.12813016772270203,0.43870118260383606,0.7295955419540405,0.04004094749689102,0.05146666616201401,0.032766666263341904,0.13683515787124634,0.2649666666984558,0.0922333374619484,0.2832881510257721,0.6505666971206665,0.18106666207313538,0.5316779613494873,0.9415000081062317,0.37043333053588867,0.5242844820022583,0.4471000134944916,1.0044569969177246,0.08511482179164886,1.0574634075164795,0.9532662630081177,0.02517089433968067,1.0204155445098877,0.0458807572722435,0.0,0.8570849299430847,0.4323316216468811,0.001366729149594903,0.004218572285026312,0.016646189615130424,0.03286624699831009,0.10718744248151779,0.04424102604389191,0.00019322335720062256,0.019408434629440308,0.04357842728495598,0.6325670480728149,0.03299080207943916,0.08087892085313797,0.3690750300884247,0.03303595632314682,0.09085608273744583,0.4944751560688019,0.016901811584830284,0.04268883541226387,0.7361477613449097,0.014086549170315266,0.03184860572218895,0.8277105689048767,0.024153070524334908,0.10622323304414749,0.7420924305915833
Stigmatomma_FHG02_CASENT0745561_processed.obj,D_joint_coarse,0.035351116210222244,0.1485115885734558,0.021422453224658966,0.12708912789821625,0.38567841053009033,0.7005980014801025,0.05745242163538933,0.07146666944026947,0.04803333431482315,0.18657708168029785,0.3158000111579895,0.1324000060558319,0.3618888258934021,0.6482999920845032,0.2510000169277191,0.5939574241638184,0.9057000279426575,0.4418666660785675,0.6264742016792297,0.36303332448005676,1.0049307346343994,0.07002200931310654,1.05915105342865,0.9601181745529175,0.02325689233839512,1.0184974670410156,0.04201120138168335,0.0,0.8571046590805054,0.43258315324783325,0.0015237837797030807,0.004202171228826046,0.023358313366770744,0.07328038662672043,0.3084367513656616,0.07360952347517014,0.00031028687953948975,0.03144202381372452,0.08795451372861862,0.49463602900505066,0.01748715341091156,0.045798301696777344,0.700874388217926,0.0149167999625206,0.0365532748401165,0.7872928380966187,0.013474175706505775,0.02800079993903637,0.8469657301902771,0.014131464064121246,0.031966432929039,0.7960339784622192,0.010098596103489399,0.02427087351679802,0.9209245443344116
Strumigenys_alberti_CASENT0878103_processed.obj,D_joint_coarse,0.06868260353803635,0.21998724341392517,0.02642463892698288,0.1935625970363617,0.5269156098365784,0.7129486203193665,0.035790495574474335,0.04673333466053009,0.029000001028180122,0.11113696545362473,0.22713333368301392,0.07356666773557663,0.22029419243335724,0.5693666934967041,0.1365666687488556,0.4162490665912628,0.8673333525657654,0.27383333444595337,0.5716359615325928,0.39133334159851074,1.0099831819534302,0.15907426178455353,1.0819733142852783,0.9512022137641907,0.03126118332147598,1.038283109664917,0.05777677521109581,0.0,0.8570794463157654,0.4317423701286316,0.0016936685424298048,0.00511597003787756,0.022979335859417915,0.1029839813709259,0.2905638813972473,0.12001624703407288,0.0004850625991821289,0.02972746267914772,0.09844166785478592,0.5091953873634338,0.03423964977264404,0.08424369990825653,0.3676944375038147,0.023025719448924065,0.08120866864919662,0.6795580387115479,0.023556144908070564,0.050280842930078506,0.5303430557250977,0.016873987391591072,0.041628267616033554,0.719289243221283,0.02528226561844349,0.12207377701997757,0.7481752038002014
Strumigenys_canina_OKENT0105288_processed.obj,D_joint_coarse,0.02592938020825386,0.14822231233119965,0.03206042945384979,0.11616188287734985,0.3221147954463959,0.5193105936050415,0.039497412741184235,0.049033332616090775,0.03306666761636734,0.13208907842636108,0.23030000925064087,0.09260000288486481,0.26745203137397766,0.508566677570343,0.18143333494663239,0.4921153485774994,0.8073000311851501,0.35393333435058594,0.5519883036613464,0.3815666735172272,1.0094993114471436,0.09825615584850311,1.0737966299057007,0.9577140212059021,0.02943531796336174,1.0365798473358154,0.05374802276492119,0.0,0.8569885492324829,0.4315197467803955,0.0017503948183730245,0.005153458099812269,0.0306211207062006,0.04813871905207634,0.09440024197101593,0.05438343062996864,9.48198139667511e-05,0.030118409544229507,0.07825183123350143,0.4532567262649536,0.04124556481838226,0.11581858992576599,0.35987114906311035,0.01123746857047081,0.023492418229579926,0.9171271324157715,0.1307220160961151,0.20157445967197418,0.0,0.022882776334881783,0.08090463280677795,0.6724182367324829,0.014823764562606812,0.051608990877866745,0.8381994962692261
Strumigenys_crassicornis_CASENT0744273_processed.obj,D_joint_coarse,0.04592476040124893,0.1987023502588272,0.03396279737353325,0.16473954916000366,0.40061450004577637,0.5328426957130432,0.03158530220389366,0.040966667234897614,0.025700001046061516,0.10881460458040237,0.211366668343544,0.07326667010784149,0.22180141508579254,0.5199666619300842,0.14096666872501373,0.39533957839012146,0.7771333456039429,0.26510000228881836,0.5831027030944824,0.3959333300590515,1.003787875175476,0.06757768988609314,1.0602058172225952,0.9610024690628052,0.023763392120599747,1.0135297775268555,0.043694473803043365,0.0,0.857293426990509,0.4316047728061676,0.0013361374149098992,0.004030317533761263,0.02302658185362816,0.049038346856832504,0.11988259851932526,0.05485609546303749,0.0003188773989677429,0.03219601511955261,0.1011841744184494,0.49042147397994995,0.06066606566309929,0.13042570650577545,0.2057064026594162,0.03445286676287651,0.14001275599002838,0.6022099852561951,0.054955556988716125,0.113336481153965,0.42216360569000244,0.0179105494171381,0.04680468142032623,0.7061550617218018,0.010492353700101376,0.018623122945427895,0.9622870683670044
Strumigenys_sp._appretiata_group_CASENT0744156_processed.obj,D_joint_coarse,0.05015724524855614,0.17874297499656677,0.026784680783748627,0.15195828676223755,0.5057471394538879,0.6257315278053284,0.06275863200426102,0.07890000194311142,0.05209999904036522,0.1925514042377472,0.32690000534057617,0.13646666705608368,0.3521657884120941,0.604033350944519,0.24853333830833435,0.5577759146690369,0.8445000052452087,0.4164000153541565,0.5531849265098572,0.47216665744781494,1.0101145505905151,0.0943199172616005,1.0947389602661133,0.950839102268219,0.03187407925724983,1.03825843334198,0.06104416772723198,0.0,0.8571147918701172,0.43430984020233154,0.0018270525615662336,0.00567995710298419,0.02669808454811573,0.07684822380542755,0.24768498539924622,0.08742883056402206,-0.0007334649562835693,0.023185402154922485,0.06480786949396133,0.5835249423980713,0.0504370741546154,0.11809945106506348,0.2636907398700714,0.018615419045090675,0.05590067058801651,0.7127072215080261,0.06334321945905685,0.14505279064178467,0.4511873424053192,0.013162529096007347,0.035748064517974854,0.8452227711677551,0.022543996572494507,0.10346943885087967,0.7433090209960938
Strumigenys_stenorhina_OKENT0105268_processed.obj,D_joint_coarse,0.006606108509004116,0.05544867739081383,0.0220528244972229,0.03339585289359093,0.1308782547712326,0.4270457327365875,0.242887943983078,0.2591666579246521,0.22853334248065948,0.5574771165847778,0.6098333597183228,0.5134000182151794,0.7186585664749146,0.7777667045593262,0.667900025844574,0.8442094326019287,0.8785333633422852,0.8124666810035706,0.7512779831886292,0.4000333249568939,1.0017330646514893,0.0789528414607048,1.0451046228408813,0.9586299061775208,0.02277533896267414,1.0105209350585938,0.04168223962187767,0.0,0.8576254844665527,0.4343171715736389,0.0015155940782278776,0.004312453791499138,0.018264535814523697,0.015315063297748566,0.05304126441478729,0.023370705544948578,0.0001293933019042015,0.012079833075404167,0.032348159700632095,0.8298850655555725,0.053782135248184204,0.13087695837020874,0.3115508556365967,0.02911471202969551,0.09280212223529816,0.5497238039970398,0.15749754011631012,0.19942934811115265,0.0,0.006577104330062866,0.013040989637374878,1.0,0.005310767330229282,0.010447723791003227,0.9939172863960266
Syllophopsis_sechellensis_OKENT0105212_processed.obj,D_joint_coarse,0.0025442386977374554,0.04664534330368042,0.016923807561397552,0.029721533879637718,0.09988224506378174,0.2618393898010254,0.13028106093406677,0.14286667108535767,0.11973333358764648,0.37055858969688416,0.4491666853427887,0.31536665558815,0.6381426453590393,0.7389000058174133,0.5615666508674622,0.8712679147720337,0.9381333589553833,0.8133000135421753,0.7742010354995728,0.1702333390712738,1.006818413734436,0.07737944275140762,1.0683151483535767,0.9581142663955688,0.02738165855407715,1.022391676902771,0.049992647022008896,0.0,0.8562306761741638,0.4325614869594574,0.0018414771184325218,0.004792362451553345,0.02226823940873146,0.05815139040350914,0.15744195878505707,0.06134367361664772,-0.00040338560938835144,0.019285785034298897,0.06214272230863571,0.6735632419586182,0.015474929474294186,0.04866863787174225,0.7676023840904236,0.02000173181295395,0.060463279485702515,0.7182320952415466,0.024981481954455376,0.06172836944460869,0.49340370297431946,0.013683415949344635,0.04375845193862915,0.8297708034515381,0.007022468373179436,0.012625624425709248,1.0
Temnothorax_congruus_OKENT0105443_processed.obj,D_joint_coarse,0.006186706479638815,0.07224513590335846,0.021858975291252136,0.05038616433739662,0.15964558720588684,0.294840008020401,0.08492246270179749,0.10029999911785126,0.0736333355307579,0.2680155038833618,0.37389999628067017,0.2088666707277298,0.47760480642318726,0.6595667004585266,0.37433335185050964,0.7412383556365967,0.8822333216667175,0.6391000151634216,0.6467223167419434,0.32146668434143066,1.0071052312850952,0.07479583472013474,1.0713659524917603,0.9527378082275391,0.02684064209461212,1.0228638648986816,0.04860192537307739,0.0,0.8575347661972046,0.43429189920425415,0.0016509516863152385,0.004299995489418507,0.036367788910865784,0.037372369319200516,0.15381403267383575,0.04382313787937164,-5.140528082847595e-05,0.024075910449028015,0.07416508346796036,0.6130268573760986,0.025118296965956688,0.06609401106834412,0.529222309589386,0.018367532640695572,0.061697691679000854,0.7099447846412659,0.023199977353215218,0.04424762353301048,0.43799474835395813,0.020114468410611153,0.06048554182052612,0.7030646800994873,0.011331003159284592,0.03635968640446663,0.9026764035224915
Temnothorax_sp._OKENT0105336_processed.obj,D_joint_coarse,0.010513142682611942,0.0921005979180336,0.0217540692538023,0.07034652680158615,0.20164012908935547,0.3415178656578064,0.05940519645810127,0.0755000039935112,0.0489666685461998,0.19786928594112396,0.3327333331108093,0.14079999923706055,0.3924078345298767,0.6786333322525024,0.2759999930858612,0.6621171236038208,0.909600019454956,0.5205000042915344,0.6216575503349304,0.4435666799545288,1.0045806169509888,0.10740231722593307,1.0681098699569702,0.948574423789978,0.02614637091755867,1.0270681381225586,0.047672830522060394,0.0,0.856479823589325,0.4344252645969391,0.0015225699171423912,0.0042503043077886105,0.016452336683869362,0.04028143733739853,0.0911310538649559,0.04197685420513153,3.1251460313797e-05,0.026066066697239876,0.07778619229793549,0.5532566905021667,0.015757713466882706,0.046287890523672104,0.7933732271194458,0.013246439397335052,0.026536541059613228,0.8453038930892944,0.01355952862650156,0.027118423953652382,0.833773136138916,0.023763585835695267,0.07833307981491089,0.6528457403182983,0.05352392420172691,0.26804399490356445,0.6897810101509094
Tetramorium_kraepelini_CASENT0744084_processed.obj,D_joint_coarse,0.019085703417658806,0.12394797801971436,0.02365432120859623,0.10029365867376328,0.2787024676799774,0.43356725573539734,0.0534331239759922,0.06949999928474426,0.04340000078082085,0.17237399518489838,0.3269999921321869,0.11703333258628845,0.31240999698638916,0.6614333391189575,0.2045000046491623,0.5330216884613037,0.878000020980835,0.382666677236557,0.5901287198066711,0.39953333139419556,1.0296627283096313,0.17321757972240448,1.1624380350112915,0.9426517486572266,0.04605117812752724,1.1075485944747925,0.1017296090722084,0.0,0.8562823534011841,0.4346980154514313,0.002271792385727167,0.008254015818238258,0.02514912746846676,0.04308227077126503,0.10296518355607986,0.04366972669959068,-6.749853491783142e-05,0.027505120262503624,0.08043118566274643,0.5509578585624695,0.017685895785689354,0.04199215769767761,0.6797055006027222,0.035490646958351135,0.08036816120147705,0.37569060921669006,0.013040877878665924,0.025005605071783066,0.8232190608978271,0.03242853656411171,0.11575162410736084,0.6309554576873779,0.020113518461585045,0.08852519094944,0.7688564658164978
Acanthostichus_aff.brevicornis_CASENT0744328_processed.obj,E_joint_fine,0.0054814741015434265,0.0669155940413475,0.018601540476083755,0.04831405356526375,0.1546858847141266,0.2835093140602112,0.09672730416059494,0.1122666671872139,0.08496666699647903,0.29266858100891113,0.39640000462532043,0.23196667432785034,0.5106664896011353,0.6978333592414856,0.4026666581630707,0.7684677839279175,0.9345666766166687,0.6525000333786011,0.7108596563339233,0.18186667561531067,1.0050849914550781,0.05694333091378212,1.0564377307891846,0.9697991013526917,0.020810933783650398,1.0245023965835571,0.03844750300049782,0.0,0.8574107885360718,0.4350019693374634,0.0013804467162117362,0.003751527750864625,0.02234782464802265,0.032151177525520325,0.0886426791548729,0.030030420050024986,-0.00012017786502838135,0.023858103901147842,0.06355597823858261,0.5432950258255005,0.01540363859385252,0.0477742925286293,0.7740451097488403,0.029370151460170746,0.11807049810886383,0.6988950371742249,0.023495174944400787,0.05004095286130905,0.4986807703971863,0.01375135499984026,0.032613299787044525,0.8053051829338074,0.02401677705347538,0.15641632676124573,0.8552311658859253
Acromyrmex_coronatus_CASENT0744365_processed.obj,E_joint_fine,0.02692498080432415,0.1170465350151062,0.021695276722311974,0.09535125643014908,0.4221780300140381,0.5689299702644348,0.07549023628234863,0.08919999748468399,0.0654333308339119,0.24167922139167786,0.351666659116745,0.18410000205039978,0.4378909468650818,0.6535999774932861,0.3292333483695984,0.7033509016036987,0.902999997138977,0.5760000348091125,0.6847259402275085,0.22316667437553406,1.0040615797042847,0.0696602463722229,1.0473078489303589,0.9644570350646973,0.02063830941915512,1.014779806137085,0.03721650689840317,0.0,0.8578450679779053,0.43377113342285156,0.0012886738404631615,0.003904956392943859,0.013586235232651234,0.07515662163496017,0.15060392022132874,0.09680722653865814,0.00012949109077453613,0.024859538301825523,0.06903841346502304,0.5429118871688843,0.02730894275009632,0.07961122691631317,0.5434882640838623,0.049245476722717285,0.22634389996528625,0.6546961665153503,0.013896212913095951,0.027263564988970757,0.8047493696212769,0.01351613737642765,0.031311411410570145,0.8184393644332886,0.02275438979268074,0.13416115939617157,0.8260340690612793
Acromyrmex_lobicornis_CASENT0878007_processed.obj,E_joint_fine,0.02880910597741604,0.1484338492155075,0.02359483577311039,0.12483901530504227,0.331735759973526,0.6123262643814087,0.03900441154837608,0.04846666753292084,0.03263333439826965,0.1275351196527481,0.234866663813591,0.08753333240747452,0.25742146372795105,0.5609999895095825,0.1670333296060562,0.5098722577095032,0.8999333381652832,0.3557000160217285,0.5422782897949219,0.42356666922569275,1.0081254243850708,0.10595441609621048,1.0595635175704956,0.9593331813812256,0.026654032990336418,1.029963731765747,0.047235067933797836,0.0,0.8576592803001404,0.4342130720615387,0.001326542696915567,0.004430345259606838,0.020543992519378662,0.08726450055837631,0.1762073040008545,0.08733914792537689,0.00017574429512023926,0.026345012709498405,0.06077592447400093,0.4601532518863678,0.03328359127044678,0.0776684433221817,0.33087897300720215,0.018680324777960777,0.0729360282421112,0.7762431502342224,0.016797320917248726,0.03463340923190117,0.664907693862915,0.016454847529530525,0.04090516269207001,0.7308781743049622,0.031120048835873604,0.11786628514528275,0.6800486445426941
Anochetus_risii_CASENT0877608_processed.obj,E_joint_fine,0.013416535221040249,0.07519897073507309,0.019472818821668625,0.055726151913404465,0.21958599984645844,0.542412519454956,0.14134074747562408,0.15896667540073395,0.1272333413362503,0.37857910990715027,0.4889333248138428,0.3088666796684265,0.5793652534484863,0.7269333600997925,0.4816000163555145,0.8036203980445862,0.9140999913215637,0.7169666886329651,0.7299768328666687,0.2413666695356369,1.0008448362350464,0.0707385316491127,1.0386642217636108,0.9634202122688293,0.02071053721010685,1.0081568956375122,0.036132119596004486,0.0,0.8582077622413635,0.43337953090667725,0.0012549135135486722,0.004021450411528349,0.02665463648736477,0.014221697114408016,0.0340915210545063,0.017640573903918266,8.081924170255661e-05,0.014263376593589783,0.041435763239860535,0.769348680973053,0.03445285186171532,0.08566876500844955,0.35895076394081116,0.009907709434628487,0.018762022256851196,0.9640884399414062,0.1177682876586914,0.1672596037387848,0.0,0.009693020954728127,0.021777471527457237,0.9343291521072388,0.0057992590591311455,0.010058889165520668,1.0
Anochetus_risii_CASENT0877609_processed.obj,E_joint_fine,0.12334170192480087,0.28592371940612793,0.02596721053123474,0.2599565088748932,0.6820134520530701,1.2630497217178345,0.033622097223997116,0.04333333298563957,0.0274666678160429,0.11196302622556686,0.21933333575725555,0.07516666501760483,0.22190994024276733,0.5412333607673645,0.13956667482852936,0.39249080419540405,0.8728333711624146,0.25316667556762695,0.5650915503501892,0.38370001316070557,1.007698655128479,0.09393955767154694,1.0600372552871704,0.9571591019630432,0.024740686640143394,1.0310540199279785,0.04599135369062424,0.0,0.8577701449394226,0.43683725595474243,0.0012894029496237636,0.003864701371639967,0.02287737838923931,0.04581969976425171,0.1077866479754448,0.04652244225144386,7.282942533493042e-05,0.03306146338582039,0.09838446974754333,0.4601532518863678,0.030872449278831482,0.0695434957742691,0.37275657057762146,0.01982557587325573,0.06031828746199608,0.6823204755783081,0.021193694323301315,0.0589793436229229,0.6306068897247314,0.01811676286160946,0.045472413301467896,0.691733181476593,0.033469680696725845,0.1574372947216034,0.7080292105674744
Aphaenogaster_pallida_CASENT0745235_processed.obj,E_joint_fine,0.02246730588376522,0.1242419108748436,0.0267669428139925,0.09747496992349625,0.31760552525520325,0.6495022773742676,0.05984461307525635,0.07226666808128357,0.05106666684150696,0.1844272017478943,0.2780666649341583,0.13796666264533997,0.3421788215637207,0.5503666996955872,0.24826666712760925,0.5923377275466919,0.8541666865348816,0.4533666670322418,0.6720706820487976,0.2071000039577484,1.0051790475845337,0.0795535147190094,1.0671350955963135,0.9582270979881287,0.02584981732070446,1.0230066776275635,0.046833738684654236,0.0,0.8573904633522034,0.43497854471206665,0.0014630104415118694,0.004362518433481455,0.03032640367746353,0.04954835772514343,0.17869670689105988,0.05274127051234245,-0.00028474628925323486,0.030285809189081192,0.08163164556026459,0.4574712812900543,0.029816530644893646,0.07576765865087509,0.5034514665603638,0.024488776922225952,0.09063877165317535,0.6740331649780273,0.017151018604636192,0.035745322704315186,0.625329852104187,0.020219305530190468,0.05576305836439133,0.6587690114974976,0.010286066681146622,0.022383583709597588,0.9355230927467346
Atopomyrmex_mocquerysi_CASENT0744784_processed.obj,E_joint_fine,0.007755359634757042,0.04837538301944733,0.014098813757300377,0.0342765711247921,0.12332534044981003,0.5984755158424377,0.17834362387657166,0.18836666643619537,0.1693333387374878,0.47775545716285706,0.5196666717529297,0.44210001826286316,0.7394621968269348,0.7921666502952576,0.6933333277702332,0.9250112771987915,0.9848000407218933,0.8720666766166687,0.7803536653518677,0.15576666593551636,1.0068273544311523,0.08522641658782959,1.0694304704666138,0.9541327953338623,0.028492214158177376,1.0263928174972534,0.050530385226011276,0.0,0.8574532866477966,0.43370145559310913,0.001677092514000833,0.004596487618982792,0.02951475791633129,0.03500404953956604,0.11248107999563217,0.051008645445108414,-0.00032631680369377136,0.013917260803282261,0.03954256325960159,0.7904214859008789,0.014062934555113316,0.03636801987886429,0.7754256725311279,0.007497353944927454,0.013706312514841557,1.0,0.012910920195281506,0.029665064066648483,0.7889182567596436,0.013974035158753395,0.040744807571172714,0.7875354290008545,0.045358698815107346,0.22949983179569244,0.6557177305221558
Carebara_trechideros_CASENT0877591_processed.obj,E_joint_fine,0.0276629701256752,0.08309723436832428,0.01207493431866169,0.07102230191230774,0.4185944199562073,0.8739626407623291,0.21602679789066315,0.23479999601840973,0.20003333687782288,0.5306707620620728,0.6238666772842407,0.4616999924182892,0.7484214305877686,0.868233323097229,0.6576666831970215,0.8639559149742126,0.9754000306129456,0.7753666639328003,0.796407163143158,0.1701333373785019,1.0061472654342651,0.0806739330291748,1.0653977394104004,0.9568642377853394,0.027549270540475845,1.0250210762023926,0.04853930324316025,0.0,0.857421338558197,0.4325934946537018,0.0016029231483116746,0.00453296909108758,0.030018774792551994,0.028567958623170853,0.05646521598100662,0.03855158016085625,0.000109819695353508,0.009881223551928997,0.023921821266412735,0.9026820063591003,0.007494969293475151,0.016398988664150238,0.9930971264839172,0.037080179899930954,0.11693475395441055,0.6160221099853516,0.007045692764222622,0.014250428415834904,0.9947230219841003,0.01841355487704277,0.07371941208839417,0.7460726499557495,0.030639920383691788,0.09714489430189133,0.6374695897102356
Centromyrmex_brachycola_CASENT0744052_processed.obj,E_joint_fine,0.012447253800928593,0.09236985445022583,0.020608410239219666,0.07176144421100616,0.24215003848075867,0.33258119225502014,0.09677112847566605,0.11363333463668823,0.08426667004823685,0.28135544061660767,0.41120001673698425,0.21383333206176758,0.4743783175945282,0.715399980545044,0.35483333468437195,0.7087182402610779,0.9256333708763123,0.5741666555404663,0.6948779821395874,0.2889000177383423,1.003348469734192,0.058283731341362,1.050044059753418,0.9640030860900879,0.02103227563202381,1.010310411453247,0.03765982761979103,0.0,0.857599675655365,0.4348120391368866,0.0013209159951657057,0.003971049562096596,0.014641957357525826,0.008164476603269577,0.018160218372941017,0.008877163752913475,6.699934601783752e-05,0.01888733170926571,0.05929456278681755,0.7122605443000793,0.01982933096587658,0.05025312304496765,0.5927289724349976,0.014794123359024525,0.0362575426697731,0.7513812184333801,0.035548366606235504,0.10371246933937073,0.4643799662590027,0.021385591477155685,0.0600721575319767,0.7656451463699341,0.06289331614971161,0.283326119184494,0.6569343209266663
Cephalotes_minutus_CASENT0709253_processed.obj,E_joint_fine,0.007554724346846342,0.07887807488441467,0.022052116692066193,0.05682595446705818,0.1942385584115982,0.2889232039451599,0.07546883076429367,0.09086667001247406,0.06453333050012589,0.23353302478790283,0.33550000190734863,0.17910000681877136,0.44167354702949524,0.6229000091552734,0.3421333432197571,0.7199374437332153,0.8934333324432373,0.6028666496276855,0.5878833532333374,0.33070001006126404,1.0064976215362549,0.0776611864566803,1.059238314628601,0.9648568034172058,0.022405315190553665,1.0248583555221558,0.04119913652539253,0.0,0.8578229546546936,0.4328646659851074,0.0012997726444154978,0.003923000767827034,0.029108496382832527,0.07736214250326157,0.2892308533191681,0.0746678039431572,-3.964453935623169e-05,0.027090562507510185,0.07078880071640015,0.493486613035202,0.02574784681200981,0.07879511266946793,0.58582603931427,0.01233498565852642,0.033129334449768066,0.8287293314933777,0.016841338947415352,0.04842804744839668,0.7255936861038208,0.014925996772944927,0.035730019211769104,0.7468452453613281,0.01027139276266098,0.0266354288905859,0.9355230927467346
Cephalotes_simillimus_CASENT0744408_processed.obj,E_joint_fine,0.015429595485329628,0.12482107430696487,0.03294514864683151,0.09187592566013336,0.22688159346580505,0.32851508259773254,0.035017117857933044,0.04490000009536743,0.028699999675154686,0.11199301481246948,0.21043333411216736,0.0763000026345253,0.23170407116413116,0.5002666711807251,0.15076667070388794,0.4795461595058441,0.786300003528595,0.34496667981147766,0.5975246429443359,0.3973666727542877,1.005729079246521,0.09832176566123962,1.0702190399169922,0.9580790996551514,0.02429039031267166,1.0353827476501465,0.044061079621315,0.0,0.8576173782348633,0.4345335364341736,0.0013632914051413536,0.004183597397059202,0.016160978004336357,0.08310649544000626,0.2784387171268463,0.08839944005012512,-4.950910806655884e-05,0.04801654443144798,0.13470225036144257,0.31072798371315,0.029821811243891716,0.06913582235574722,0.41279336810112,0.01611277274787426,0.03870796412229538,0.6906077861785889,0.025060227140784264,0.06328081339597702,0.546174168586731,0.019273418933153152,0.05377575382590294,0.6698428988456726,0.011804831214249134,0.033558961004018784,0.9087591171264648
Cephalotes_spinosus_CASENT0744158_processed.obj,E_joint_fine,0.00920064002275467,0.08442611992359161,0.018691018223762512,0.0657351016998291,0.19854673743247986,0.34671226143836975,0.08390513062477112,0.10433333367109299,0.07016666978597641,0.24074426293373108,0.39309999346733093,0.17350000143051147,0.43084490299224854,0.7207000255584717,0.3072666823863983,0.6806612014770508,0.9251000285148621,0.5383999943733215,0.6341087818145752,0.3592666685581207,1.0357739925384521,0.22629860043525696,1.1781424283981323,0.9482949376106262,0.04738633334636688,1.1395595073699951,0.10757526755332947,0.0,0.8572532534599304,0.4338918924331665,0.0022011003457009792,0.008927012793719769,0.025922095403075218,0.06442634016275406,0.14115692675113678,0.0644165575504303,0.0003869682550430298,0.01830926351249218,0.060764726251363754,0.7130268216133118,0.033112697303295135,0.09463116526603699,0.4818223714828491,0.014927205629646778,0.04157890006899834,0.7900552749633789,0.013799224980175495,0.02599121257662773,0.7467018961906433,0.013858712278306484,0.034883271902799606,0.7975792288780212,0.021556487306952477,0.09965281933546066,0.7785887718200684
Crematogaster_nawai_OKENT0105046_processed.obj,E_joint_fine,0.011883665807545185,0.09141744673252106,0.022729886695742607,0.0686875581741333,0.24417519569396973,0.44855397939682007,0.06841122359037399,0.08443333208560944,0.057500001043081284,0.218105286359787,0.34156668186187744,0.16019999980926514,0.4199824631214142,0.6664333343505859,0.30660000443458557,0.6973584890365601,0.8989999890327454,0.569599986076355,0.593658983707428,0.4546000063419342,1.0042234659194946,0.07785851508378983,1.05156409740448,0.965124785900116,0.022229645401239395,1.0169696807861328,0.03919341042637825,0.0,0.857908308506012,0.4344981014728546,0.001321069779805839,0.0043693468905985355,0.019373970106244087,0.06103818863630295,0.16655179858207703,0.0832507312297821,-0.00011270493268966675,0.018044278025627136,0.04737285152077675,0.6911877393722534,0.03366845101118088,0.10157829523086548,0.46065348386764526,0.019756602123379707,0.07943896949291229,0.7845304012298584,0.11754892766475677,0.15463072061538696,0.0,0.015259736217558384,0.04356588423252106,0.7998970150947571,0.00876140408217907,0.018575871363282204,0.959854006767273
Cryptopone_sauteri_CASENT0743771_processed.obj,E_joint_fine,0.013638870790600777,0.10021091997623444,0.022130107507109642,0.07808081060647964,0.2348431795835495,0.6174020171165466,0.06733865290880203,0.0841333344578743,0.05613333359360695,0.21483352780342102,0.3521333336830139,0.1545666754245758,0.3905947208404541,0.6700666546821594,0.2756333351135254,0.6555929780006409,0.902899980545044,0.5146333575248718,0.6685063242912292,0.25376665592193604,1.003696322441101,0.06400317698717117,1.0566145181655884,0.958953320980072,0.021761195734143257,1.0134421586990356,0.0395042710006237,0.0,0.8576197624206543,0.43333765864372253,0.0012238528579473495,0.0035018136259168386,0.018689971417188644,0.02828407846391201,0.07963749766349792,0.03304145112633705,-0.00013794563710689545,0.03294201195240021,0.09721183776855469,0.4398467540740967,0.015605222433805466,0.04221189767122269,0.7841693758964539,0.012059112079441547,0.02646406926214695,0.8563536405563354,0.016125164926052094,0.031168367713689804,0.6332454085350037,0.015245959162712097,0.037644099444150925,0.7594643235206604,0.04112210124731064,0.2395884394645691,0.6739659309387207
Cyphoidris_afrc-tz01_CASENT0744810_processed.obj,E_joint_fine,0.11855114251375198,0.29745325446128845,0.02207869477570057,0.27537456154823303,0.6312651038169861,0.8051785230636597,0.023784950375556946,0.032466668635606766,0.01876666769385338,0.07640588283538818,0.19406667351722717,0.04756666719913483,0.1405016928911209,0.6038333177566528,0.0794999971985817,0.26984041929244995,0.9305333495140076,0.15780000388622284,0.6111375093460083,0.4519333243370056,1.0328744649887085,0.23417069017887115,1.1825377941131592,0.9485422968864441,0.04583898186683655,1.1339017152786255,0.10361654311418533,0.0,0.8570626378059387,0.43514102697372437,0.002095051808282733,0.00891353003680706,0.024549804627895355,0.08871445804834366,0.17091548442840576,0.09238073229789734,0.0003639832139015198,0.020247863605618477,0.04696781933307648,0.611494243144989,0.02850431203842163,0.07075255364179611,0.4275195598602295,0.021109726279973984,0.06410740315914154,0.6408839821815491,0.02979537844657898,0.088595449924469,0.4696570038795471,0.022812392562627792,0.07659377157688141,0.6201390624046326,0.04253609851002693,0.16290369629859924,0.6703162789344788
Cyphomyrmex_cf.minutus_CASENT0744280_processed.obj,E_joint_fine,0.08766838908195496,0.2632676959037781,0.02714773453772068,0.23611995577812195,0.5729907751083374,0.7989206910133362,0.017363352701067924,0.024433333426713943,0.01346666645258665,0.05825759842991829,0.14800000190734863,0.036266665905714035,0.12219899147748947,0.5163333415985107,0.06930000334978104,0.25970569252967834,0.8832666873931885,0.1522333323955536,0.588903546333313,0.4510333240032196,1.0081900358200073,0.14138169586658478,1.1142528057098389,0.9059399962425232,0.04163607954978943,1.0383648872375488,0.07477858662605286,0.0,0.8578940033912659,0.43626394867897034,0.001885817153379321,0.00573409628123045,0.048383597284555435,0.14509254693984985,0.25347763299942017,0.18411555886268616,-0.0001249760389328003,0.022337177768349648,0.05374496057629585,0.5624521374702454,0.04220539703965187,0.11080270260572433,0.25586748123168945,0.023849448189139366,0.06399763375520706,0.5359116196632385,0.020019369199872017,0.036376453936100006,0.546174168586731,0.026963239535689354,0.07824093103408813,0.5328354239463806,0.016527241095900536,0.03753359615802765,0.8065693378448486
Dilobocondyla_fouqueti_CASENT0745576_processed.obj,E_joint_fine,0.017697863280773163,0.11800400167703629,0.028327366337180138,0.089676633477211,0.26578325033187866,0.5503336787223816,0.05469334125518799,0.06736666709184647,0.046033333986997604,0.17591466009616852,0.2821333408355713,0.12780000269412994,0.3396991789340973,0.5749333500862122,0.24106666445732117,0.5828969478607178,0.8263999819755554,0.4502333402633667,0.587764322757721,0.32546666264533997,1.014892816543579,0.10894350707530975,1.1257257461547852,0.9484798312187195,0.034699130803346634,1.0465015172958374,0.06653442233800888,0.0,0.8573431372642517,0.4348211884498596,0.0020029644947499037,0.00729007925838232,0.019851217046380043,0.05740891396999359,0.15966393053531647,0.059956081211566925,-0.0002829357981681824,0.036336448043584824,0.1105809286236763,0.4655172526836395,0.03861928731203079,0.10711579024791718,0.443626344203949,0.012732221744954586,0.030656414106488228,0.8121547102928162,0.014773432165384293,0.032770682126283646,0.7598944902420044,0.016954056918621063,0.04144342243671417,0.7154262065887451,0.010635162703692913,0.026036031544208527,0.9002432823181152
Dorylus_fulvus_CASENT0745678_processed.obj,E_joint_fine,0.007385803386569023,0.07153322547674179,0.02011784352362156,0.05141538009047508,0.19882968068122864,0.38703906536102295,0.09613703936338425,0.11190000176429749,0.08426667004823685,0.2990216016769409,0.4025999903678894,0.23783333599567413,0.5197938680648804,0.6798666715621948,0.42073333263397217,0.7809842228889465,0.9093666672706604,0.6843667030334473,0.7100532650947571,0.22089999914169312,1.0034480094909668,0.07021801918745041,1.0358452796936035,0.9665501713752747,0.0176077987998724,1.0122697353363037,0.032172419130802155,0.0,0.8581684827804565,0.43583598732948303,0.001183636486530304,0.0034851422533392906,0.014186245389282703,0.014974302612245083,0.03639063239097595,0.015214181505143642,0.00012206565588712692,0.015956584364175797,0.04497247934341431,0.7390804886817932,0.040604352951049805,0.08438526839017868,0.2756557762622833,0.011469009332358837,0.026465056464076042,0.8922652006149292,0.025335682556033134,0.0680151879787445,0.5118733644485474,0.01236740779131651,0.02753378078341484,0.862992525100708,0.04736858978867531,0.19426484405994415,0.5681264996528625
Eciton_hamatum_CASENT0744580_processed.obj,E_joint_fine,0.029517557471990585,0.10049828141927719,0.02459762804210186,0.07590065151453018,0.4426315724849701,0.8810471892356873,0.14758653938770294,0.1571333408355713,0.13913333415985107,0.3747856020927429,0.4258333444595337,0.3346666693687439,0.5843441486358643,0.6636000275611877,0.5220000147819519,0.7897446751594543,0.8728333711624146,0.7211000323295593,0.6094276309013367,0.3125,1.0077418088912964,0.10698717087507248,1.061450719833374,0.9538477063179016,0.029170453548431396,1.0331854820251465,0.0524512454867363,0.0,0.8574724793434143,0.4331246018409729,0.0015072966925799847,0.004877585452049971,0.024764154106378555,0.044183842837810516,0.10286618024110794,0.09812657535076141,-0.0006182119250297546,0.03467531502246857,0.13621880114078522,0.5379310250282288,0.021497495472431183,0.05988840386271477,0.6033133864402771,0.023284707218408585,0.07959787547588348,0.6270718574523926,0.019219890236854553,0.040626160800457,0.5277044773101807,0.011777055449783802,0.030481034889817238,0.8418748378753662,0.010256313718855381,0.02652294561266899,0.8819951415061951
Ectatomma_brunneum_CASENT0744575_processed.obj,E_joint_fine,0.12208418548107147,0.2869889736175537,0.028434883803129196,0.2585541009902954,0.7199216485023499,0.9462065696716309,0.02880384586751461,0.038066666573286057,0.02316666767001152,0.09156639128923416,0.19253332912921906,0.06006666645407677,0.182061105966568,0.5012000203132629,0.11123333126306534,0.3509659469127655,0.8413000106811523,0.22173333168029785,0.5254244208335876,0.43700000643730164,1.0078693628311157,0.09021785110235214,1.0735331773757935,0.9588379859924316,0.025609510019421577,1.032464861869812,0.04671047255396843,0.0,0.8578616380691528,0.43432652950286865,0.0013140336377546191,0.004331022500991821,0.02502506598830223,0.1886245608329773,0.29217201471328735,0.2225542664527893,-0.00016704201698303223,0.029638230800628662,0.07591008394956589,0.44252875447273254,0.037632815539836884,0.08461939543485641,0.31523239612579346,0.07896020263433456,0.23952573537826538,0.3922652006149292,0.016701174899935722,0.03438233956694603,0.6860158443450928,0.021810326725244522,0.057261355221271515,0.6124131083488464,0.018781961873173714,0.07297246158123016,0.7907542586326599
Eurhopalothrix_procera_CASENT0745605_processed.obj,E_joint_fine,0.028248382732272148,0.14935913681983948,0.02107142098248005,0.12828771770000458,0.31946879625320435,0.6114758849143982,0.04830922558903694,0.06426666676998138,0.03869999945163727,0.14699451625347137,0.2924666702747345,0.09816666692495346,0.27557316422462463,0.6606000065803528,0.17409999668598175,0.46825137734413147,0.9110666513442993,0.3151000142097473,0.6135582327842712,0.40380001068115234,1.0315380096435547,0.21308723092079163,1.1560797691345215,0.9543418288230896,0.04265563562512398,1.127076506614685,0.09497780352830887,0.0,0.8572372794151306,0.43278756737709045,0.0020583958830684423,0.008612575009465218,0.029199063777923584,0.08195441216230392,0.18722526729106903,0.1024138331413269,0.00022854655981063843,0.024900803342461586,0.07510855793952942,0.6003831624984741,0.020675579085946083,0.05227288603782654,0.6254026889801025,0.02415739931166172,0.06908497959375381,0.5441989302635193,0.01914612390100956,0.053126540035009384,0.6701847314834595,0.021501880139112473,0.0778835192322731,0.6695854067802429,0.013100489042699337,0.04064556211233139,0.84549880027771
Heteroponera_panamensis_CASENT0744055_processed.obj,E_joint_fine,0.16107627749443054,0.34343278408050537,0.030215539038181305,0.31321725249290466,0.7704717516899109,0.8801711201667786,0.02234354056417942,0.029100000858306885,0.018133332952857018,0.0719146728515625,0.16643333435058594,0.04586666822433472,0.14948220551013947,0.5091666579246521,0.08760000020265579,0.2871497869491577,0.8378333449363708,0.17326666414737701,0.5791383385658264,0.3856666684150696,1.0031943321228027,0.06717293709516525,1.0546001195907593,0.9567014575004578,0.0218120776116848,1.0163873434066772,0.038264404982328415,0.0,0.8581070303916931,0.43782249093055725,0.0011884099803864956,0.0039300196804106236,0.027453800663352013,0.09458513557910919,0.20089185237884521,0.10278391093015671,-0.00035368651151657104,0.031813845038414,0.11587391048669815,0.5157088041305542,0.043002162128686905,0.09971883147954941,0.2627703547477722,0.016436157748103142,0.03781961649656296,0.7209945321083069,0.02765834331512451,0.08714498579502106,0.5224274396896362,0.019184626638889313,0.04735425487160683,0.6634045839309692,0.05146508291363716,0.18024040758609772,0.5815085172653198
Labidus_praedator_CASENT0744236_processed.obj,E_joint_fine,0.017763683572411537,0.07052899897098541,0.011206290684640408,0.05932270735502243,0.3757688105106354,0.789216160774231,0.2299548238515854,0.24476666748523712,0.21683333814144135,0.5329098105430603,0.6115333437919617,0.4722000062465668,0.7626350522041321,0.8809000253677368,0.6723666787147522,0.88138747215271,0.9934666752815247,0.792033314704895,0.8115357756614685,0.19823333621025085,1.0020438432693481,0.06972908973693848,1.054679036140442,0.9523580074310303,0.0254115778952837,1.010553240776062,0.0465637631714344,0.0,0.8565678596496582,0.4349680542945862,0.0015999330207705498,0.004412011243402958,0.013615656644105911,0.01730809360742569,0.03933662548661232,0.023154888302087784,7.795356214046478e-05,0.00870517548173666,0.019268017262220383,0.9593870043754578,0.016097676008939743,0.04183162748813629,0.7206627130508423,0.021739507094025612,0.053044021129608154,0.5856353640556335,0.008649035356938839,0.017448479309678078,0.9815303683280945,0.011198671534657478,0.028398234397172928,0.8696883916854858,0.02558213472366333,0.16221606731414795,0.8211678862571716
Labidus_praedator_CASENT0744237_processed.obj,E_joint_fine,0.046220820397138596,0.14219827950000763,0.021364547312259674,0.12083373218774796,0.5510373115539551,0.9835764169692993,0.07959835976362228,0.09603333473205566,0.06796666979789734,0.2302335798740387,0.35056668519973755,0.17139999568462372,0.4060652554035187,0.6357333660125732,0.29829999804496765,0.6586967706680298,0.9064666628837585,0.517300009727478,0.655502438545227,0.30889999866485596,1.0041327476501465,0.08158167451620102,1.0528630018234253,0.959930419921875,0.0242132730782032,1.019205093383789,0.04294978082180023,0.0,0.8577490448951721,0.4333321154117584,0.0013035277370363474,0.003961870912462473,0.01794016920030117,0.03937655687332153,0.07946310937404633,0.040103040635585785,-8.06860625743866e-05,0.01868581958115101,0.05498253554105759,0.680842936038971,0.030322367325425148,0.06502266973257065,0.34790611267089844,0.014944387599825859,0.05097275227308273,0.8259668946266174,0.01813901774585247,0.04369007423520088,0.6464380025863647,0.019081121310591698,0.06376776099205017,0.7285603880882263,0.03588361665606499,0.168012335896492,0.7250608205795288
Lasius_nr._fuliginosus_CASENT0878037_processed.obj,E_joint_fine,0.012230966240167618,0.0916949063539505,0.024844210594892502,0.0668506920337677,0.23453913629055023,0.4590049684047699,0.09029822051525116,0.10286666452884674,0.08046666532754898,0.2731849253177643,0.36776667833328247,0.21729999780654907,0.47254034876823425,0.6306999921798706,0.37780001759529114,0.710654616355896,0.8583999872207642,0.6062999963760376,0.6616083383560181,0.26339998841285706,1.004782795906067,0.07461842149496078,1.0528393983840942,0.9624713659286499,0.02196628786623478,1.0202518701553345,0.04106076434254646,0.0,0.8576099872589111,0.4344870150089264,0.0013470803387463093,0.003919679205864668,0.022318657487630844,0.03696472570300102,0.08328169584274292,0.05065387487411499,-8.160620927810669e-05,0.026766281574964523,0.0954633355140686,0.5888888835906982,0.038187216967344284,0.08384060859680176,0.33041879534721375,0.0722067728638649,0.1782384067773819,0.34530389308929443,0.023450782522559166,0.06701834499835968,0.5910290479660034,0.013441421091556549,0.0382387675344944,0.8243626356124878,0.014933066442608833,0.06347887217998505,0.8661800622940063
Lioponera_daikoku_OKENT0105067_processed.obj,E_joint_fine,0.17986001074314117,0.3357761800289154,0.02939114160835743,0.3063850402832031,0.8987027406692505,1.0178600549697876,0.03298639878630638,0.04190000146627426,0.0272000003606081,0.11361192911863327,0.21819999814033508,0.07680000364780426,0.2329232394695282,0.5261666774749756,0.1495666652917862,0.4140642583370209,0.8184666633605957,0.27713334560394287,0.5808544158935547,0.3814000189304352,1.0044105052947998,0.08513501286506653,1.0517795085906982,0.9553826451301575,0.023198271170258522,1.0170185565948486,0.04283902049064636,0.0,0.8578299880027771,0.43420782685279846,0.001240214565768838,0.004004437942057848,0.026306545361876488,0.11406796425580978,0.22586484253406525,0.13480190932750702,-0.0001699402928352356,0.03555651754140854,0.09903204441070557,0.4049808382987976,0.04176127165555954,0.09178455173969269,0.3506672978401184,0.025062279775738716,0.06703313440084457,0.571823239326477,0.019482985138893127,0.037426143884658813,0.5567282438278198,0.017704108729958534,0.04632415622472763,0.7015194296836853,0.02495211362838745,0.11510942131280899,0.7141119241714478
Mayriella_sp._CASENT0745610_processed.obj,E_joint_fine,0.04959188029170036,0.18779751658439636,0.01990092359483242,0.1678965985774994,0.4413262605667114,0.8350212574005127,0.03404027596116066,0.04520000144839287,0.027300000190734863,0.11466515064239502,0.25029999017715454,0.07436666637659073,0.22448255121707916,0.6380666494369507,0.13619999587535858,0.4040279984474182,0.9537667036056519,0.2563000023365021,0.5779280066490173,0.39926666021347046,1.01834237575531,0.13013659417629242,1.1332988739013672,0.9469380974769592,0.03863190859556198,1.062054991722107,0.07731061428785324,0.0,0.8573092222213745,0.4334600269794464,0.0019481300842016935,0.006543485447764397,0.02617168053984642,0.07659099996089935,0.16113518178462982,0.082415372133255,-8.69855284690857e-05,0.023264681920409203,0.06286829710006714,0.5704981088638306,0.021659906953573227,0.04978322610259056,0.5715600848197937,0.012842982076108456,0.02747366577386856,0.8287293314933777,0.021952388808131218,0.048093169927597046,0.5435356497764587,0.018711930140852928,0.04148601368069649,0.6572238206863403,0.01456680428236723,0.04808059707283974,0.8479318618774414
Mesoponera_ambigua_CASENT0745584_processed.obj,E_joint_fine,0.07130910456180573,0.2202853560447693,0.025947503745555878,0.194337859749794,0.5597885847091675,0.7318823933601379,0.0368356853723526,0.048133332282304764,0.02983333356678486,0.1253165751695633,0.24633333086967468,0.08403333276510239,0.2448084056377411,0.5652999877929688,0.15623334050178528,0.44679248332977295,0.8497999906539917,0.3030666708946228,0.5834394097328186,0.34503334760665894,1.0081206560134888,0.08363603800535202,1.0900497436523438,0.9448965191841125,0.031117789447307587,1.0329495668411255,0.05654692277312279,0.0,0.8574827909469604,0.43235477805137634,0.0017823410453274846,0.005829617381095886,0.027304306626319885,0.06890217959880829,0.15676283836364746,0.08345010876655579,0.00028271228075027466,0.03156079351902008,0.08919119834899902,0.4601532518863678,0.02771596796810627,0.07877238094806671,0.5434882640838623,0.012125836685299873,0.029203033074736595,0.8535912036895752,0.022632546722888947,0.04546895995736122,0.44327178597450256,0.0226695965975523,0.06613623350858688,0.627607524394989,0.009089013561606407,0.015597188845276833,0.9878345131874084
Myrmecina_ryukyuensis_OKENT0105085_processed.obj,E_joint_fine,0.024757394567131996,0.11572246998548508,0.016947293654084206,0.09877517819404602,0.37150925397872925,0.6334636211395264,0.0788152813911438,0.09773333370685577,0.06603333353996277,0.23502875864505768,0.3889000117778778,0.16840000450611115,0.421464741230011,0.7267000079154968,0.29680001735687256,0.6552320122718811,0.9570666551589966,0.4981333315372467,0.678626298904419,0.38536667823791504,1.0334506034851074,0.24967527389526367,1.1620436906814575,0.9449926018714905,0.04535394906997681,1.149118185043335,0.1049160361289978,0.0,0.8571944236755371,0.43498682975769043,0.002088453620672226,0.008683779276907444,0.025436852127313614,0.01744418404996395,0.058547284454107285,0.019980736076831818,7.622689008712769e-05,0.01792331226170063,0.04614947363734245,0.6720306873321533,0.016403745859861374,0.05173306539654732,0.7514956593513489,0.019778816029429436,0.06881048530340195,0.7237569093704224,0.018405495211482048,0.05010657757520676,0.6701847314834595,0.01931382343173027,0.06347763538360596,0.6937934756278992,0.009468285366892815,0.022107288241386414,0.9367396235466003
Myrmecina_sp._CASENT0745613_processed.obj,E_joint_fine,0.048616569489240646,0.17690308392047882,0.023890933021903038,0.15301215648651123,0.47455087304115295,0.8047955632209778,0.051751770079135895,0.06623333692550659,0.0424666665494442,0.1557949334383011,0.298799991607666,0.10536666959524155,0.2799864113330841,0.6394333243370056,0.1792333424091339,0.4790428578853607,0.8729000091552734,0.33009999990463257,0.597612202167511,0.41269999742507935,1.035412311553955,0.313999742269516,1.1630103588104248,0.9567508101463318,0.0431666374206543,1.1649482250213623,0.10392424464225769,0.0,0.857162356376648,0.43552157282829285,0.0020310988184064627,0.008767965249717236,0.0305787306278944,0.06361013650894165,0.25199949741363525,0.0965840294957161,0.00024230778217315674,0.02351956255733967,0.07525863498449326,0.6141762733459473,0.039956364780664444,0.09648556262254715,0.3492867052555084,0.02618216723203659,0.09338133782148361,0.7044199109077454,0.01940813660621643,0.0465424582362175,0.6358839273452759,0.019537124782800674,0.05415140092372894,0.7769765853881836,0.023338675498962402,0.08811206370592117,0.7469586133956909
Nesomyrmex_angulatus_CASENT0744820_processed.obj,E_joint_fine,0.03214649483561516,0.16589149832725525,0.02702360413968563,0.13886789977550507,0.33535465598106384,0.5084563493728638,0.03399721160531044,0.04399999976158142,0.027699999511241913,0.11170345544815063,0.23030000925064087,0.07373333722352982,0.217193141579628,0.5592333674430847,0.13476666808128357,0.41540440917015076,0.8680333495140076,0.27303335070610046,0.5276239514350891,0.45559999346733093,1.0046324729919434,0.06759346276521683,1.0492339134216309,0.9631232619285583,0.020952817052602768,1.0206704139709473,0.03823916241526604,0.0,0.8578269481658936,0.43473371863365173,0.0011653575347736478,0.003886293852701783,0.023703565821051598,0.07807695120573044,0.16082167625427246,0.0805429220199585,0.00022046267986297607,0.02809811942279339,0.07665204256772995,0.5007662773132324,0.0282241553068161,0.07836747169494629,0.4670961797237396,0.013715643435716629,0.02615860104560852,0.8259668946266174,0.03467506542801857,0.0857037752866745,0.40369394421577454,0.02492337115108967,0.08132591098546982,0.6564512252807617,0.0491020642220974,0.31216055154800415,0.7287104725837708
Odontomachus_troglodytes_CASENT0744970_processed.obj,E_joint_fine,0.005060635507106781,0.05799573287367821,0.01532403752207756,0.04267169535160065,0.14333432912826538,0.34507712721824646,0.13843832910060883,0.15379999577999115,0.12586666643619537,0.3716777265071869,0.4722999930381775,0.30640000104904175,0.576810359954834,0.7555333375930786,0.46646666526794434,0.8314996957778931,0.968833327293396,0.7282666563987732,0.6810790300369263,0.30906668305397034,1.0206401348114014,0.17329838871955872,1.1174139976501465,0.9498295187950134,0.038415081799030304,1.0800145864486694,0.08013060688972473,0.0,0.8569567799568176,0.43439292907714844,0.002079006051644683,0.006768539547920227,0.03232792019844055,0.0442512221634388,0.08585017174482346,0.04781704396009445,2.1405518054962158e-05,0.013377402909100056,0.03947748243808746,0.7984674572944641,0.016822153702378273,0.06511615216732025,0.7883111238479614,0.01752043142914772,0.04907606169581413,0.6740331649780273,0.02434663660824299,0.07113175094127655,0.5435356497764587,0.015301084145903587,0.036546848714351654,0.7283028960227966,0.006196137517690659,0.011189805343747139,0.9914841651916504
Oxyopomyrmex_saulcyi_CASENT0745218_processed.obj,E_joint_fine,0.01737385429441929,0.11257249116897583,0.019278043881058693,0.09329444915056229,0.25875815749168396,0.49037256836891174,0.0531916506588459,0.06670000404119492,0.04423333331942558,0.17048592865467072,0.317466676235199,0.11653333157300949,0.3356027603149414,0.7135000228881836,0.21940000355243683,0.5803433656692505,0.9422333240509033,0.41929998993873596,0.6787339448928833,0.35179999470710754,1.0034112930297852,0.06421695649623871,1.0521161556243896,0.9632671475410461,0.02114821970462799,1.0130963325500488,0.03893958404660225,0.0,0.857680082321167,0.43508094549179077,0.001236296840943396,0.004013710655272007,0.01215721108019352,0.02482084557414055,0.1001901775598526,0.027601609006524086,2.619810402393341e-05,0.02339029684662819,0.05830155313014984,0.555938720703125,0.015168728306889534,0.03591180220246315,0.7938334345817566,0.011959359981119633,0.026859570294618607,0.8950276374816895,0.013892247341573238,0.02378174103796482,0.8205804824829102,0.017749754711985588,0.05259105935692787,0.7970641255378723,0.03248683363199234,0.14783047139644623,0.6508515477180481
Polyrhachis_decemdentata_CASENT0744779_processed.obj,E_joint_fine,0.016420094296336174,0.110834039747715,0.021330783143639565,0.08950325846672058,0.24237307906150818,0.6474028825759888,0.05678529292345047,0.07226666808128357,0.04676666855812073,0.16942059993743896,0.30070000886917114,0.11793333292007446,0.3191571533679962,0.6404666900634766,0.21253333985805511,0.5780595541000366,0.9270333647727966,0.4199666678905487,0.6299216747283936,0.42750000953674316,1.0215049982070923,0.16665731370449066,1.1328322887420654,0.9375987648963928,0.04205470159649849,1.0905383825302124,0.09009089320898056,0.0,0.8566800355911255,0.43370428681373596,0.002082227962091565,0.007618564181029797,0.022380946204066277,0.0322989858686924,0.05892550200223923,0.048349540680646896,0.0001311860978603363,0.021693626418709755,0.0620293989777565,0.6187739372253418,0.021222924813628197,0.046706926077604294,0.5462494492530823,0.011315999552607536,0.02328186295926571,0.930939257144928,0.04347806051373482,0.11660857498645782,0.3245382606983185,0.018385080620646477,0.048189111053943634,0.6971414089202881,0.058461274951696396,0.25785645842552185,0.6034063100814819
Polyrhachis_dives_CASENT0878093_processed.obj,E_joint_fine,0.07098881155252457,0.22662495076656342,0.02370573952794075,0.20291921496391296,0.5295326709747314,0.687649667263031,0.03355357423424721,0.04386666789650917,0.027166666463017464,0.10200530290603638,0.22406667470932007,0.06603333353996277,0.1924365758895874,0.5673999786376953,0.11586666852235794,0.3754727244377136,0.8969333171844482,0.2374333292245865,0.5736669898033142,0.4090999960899353,1.0271482467651367,0.17563742399215698,1.1856826543807983,0.9453732371330261,0.04450496658682823,1.1039577722549438,0.0934339240193367,0.0,0.8572127819061279,0.43447965383529663,0.0022770084906369448,0.008955874480307102,0.024348272010684013,0.0796639695763588,0.15912552177906036,0.10782962292432785,0.0012328848242759705,0.022602969780564308,0.058614928275346756,0.5674329400062561,0.03705573454499245,0.0857052281498909,0.320754736661911,0.016409005969762802,0.041363973170518875,0.7513812184333801,0.03774085268378258,0.07700959593057632,0.25065964460372925,0.016237178817391396,0.03478740528225899,0.7100180387496948,0.016020474955439568,0.046951498836278915,0.757907509803772
Ponera_kohmoku_OKENT0105440_processed.obj,E_joint_fine,0.010469293221831322,0.08577145636081696,0.02029668167233467,0.06547477841377258,0.18805411458015442,0.46242740750312805,0.07096012681722641,0.08709999918937683,0.05986666679382324,0.22225472331047058,0.33686667680740356,0.16583333909511566,0.4163999855518341,0.6472333669662476,0.30693334341049194,0.6968247890472412,0.9172000288963318,0.5618333220481873,0.6383143663406372,0.38573333621025085,1.0068641901016235,0.10126250982284546,1.0636032819747925,0.956127405166626,0.02498859353363514,1.0248868465423584,0.04769473895430565,0.0,0.8581579923629761,0.4343394637107849,0.001375336665660143,0.004053233191370964,0.017941206693649292,0.030332690104842186,0.08806272596120834,0.034965746104717255,-0.0001276545226573944,0.022205345332622528,0.059768546372652054,0.5915709137916565,0.029416492208838463,0.06786665320396423,0.41923609375953674,0.020528437569737434,0.06983526051044464,0.7292817831039429,0.021650083363056183,0.04634607583284378,0.5567282438278198,0.014854365959763527,0.03917893022298813,0.7831573486328125,0.012647969648241997,0.05270496755838394,0.8503649830818176
Ponera_tamon_OKENT0105154_processed.obj,E_joint_fine,0.0030501249711960554,0.049088697880506516,0.01690821349620819,0.032180484384298325,0.11598782986402512,0.22404223680496216,0.1351570338010788,0.15333333611488342,0.12083333730697632,0.3678436279296875,0.46586668491363525,0.30390000343322754,0.6230498552322388,0.762333333492279,0.5267999768257141,0.8700233101844788,0.9497666954994202,0.8026333451271057,0.7338290810585022,0.2697666585445404,1.0047597885131836,0.07916481792926788,1.0453636646270752,0.964428186416626,0.02147582545876503,1.0171632766723633,0.03974646329879761,0.0,0.8572960495948792,0.43426716327667236,0.001369062578305602,0.0039841546677052975,0.0178952869027853,0.04975002631545067,0.09569930285215378,0.04375332593917847,0.0002191700041294098,0.01873587816953659,0.0525619313120842,0.6770114898681641,0.012452526949346066,0.029147585853934288,0.8439944982528687,0.03564196079969406,0.20003071427345276,0.7182320952415466,0.026180177927017212,0.06764163076877594,0.5699208974838257,0.014927037060260773,0.05432896688580513,0.8130311965942383,0.04706709831953049,0.18419639766216278,0.6605839133262634
Pseudolasius_sp._CASENT0878065_processed.obj,E_joint_fine,0.04515531659126282,0.17625008523464203,0.018451973795890808,0.15779811143875122,0.4264134168624878,0.5975566506385803,0.05477385222911835,0.07289999723434448,0.04386666789650917,0.16195634007453918,0.33329999446868896,0.10696666687726974,0.2907291650772095,0.713366687297821,0.18256667256355286,0.48681527376174927,0.9418666958808899,0.3282333314418793,0.6521286964416504,0.4011666774749756,1.0400563478469849,0.2760597765445709,1.1839733123779297,0.9510412812232971,0.047127190977334976,1.179872989654541,0.11039644479751587,0.0,0.8571174740791321,0.4357200860977173,0.002117844531312585,0.009128447622060776,0.02437174879014492,0.07299023121595383,0.13649603724479675,0.08657284826040268,0.00022282451391220093,0.021642081439495087,0.07326251268386841,0.6471264362335205,0.02445460483431816,0.06394023448228836,0.5384261608123779,0.012727614492177963,0.02183617651462555,0.90055251121521,0.012796002440154552,0.02558068558573723,0.8759894967079163,0.0159006267786026,0.03724499046802521,0.7525109648704529,0.02308315970003605,0.1204555556178093,0.8077858686447144
Pseudomyrmex_cf.solis_CASENT0744065_processed.obj,E_joint_fine,0.02211146429181099,0.09756007790565491,0.021187974140048027,0.07637210190296173,0.409283310174942,0.5503703355789185,0.10266873985528946,0.11473333090543747,0.09290000051259995,0.3316958546638489,0.4125666618347168,0.2773333489894867,0.559707522392273,0.6817333698272705,0.4747333526611328,0.7928033471107483,0.887499988079071,0.7163666486740112,0.7544748783111572,0.15199999511241913,1.0046515464782715,0.0710676908493042,1.0449607372283936,0.9646123647689819,0.02181830070912838,1.0155442953109741,0.039540570229291916,0.0,0.8575450778007507,0.4337499737739563,0.0013789787190034986,0.004389813169836998,0.0153550636023283,0.01171436719596386,0.02638918161392212,0.012322315014898777,8.719135075807571e-05,0.02704324945807457,0.08734554797410965,0.580842912197113,0.01911189779639244,0.05564555525779724,0.6935113072395325,0.026697177439928055,0.1253966987133026,0.6464088559150696,0.024340014904737473,0.04276948794722557,0.4010554254055023,0.01315393764525652,0.04177488386631012,0.8323461413383484,0.017265522852540016,0.07130049169063568,0.7506082653999329
Solenopsis_invicta_CASENT0744384_processed.obj,E_joint_fine,0.03598029538989067,0.1499062031507492,0.02029929682612419,0.12960690259933472,0.4421740472316742,0.7363263964653015,0.042805373668670654,0.05646666884422302,0.034466665238142014,0.13824668526649475,0.267300009727478,0.09323333203792572,0.28184205293655396,0.6443666815757751,0.1803666651248932,0.5266743302345276,0.9401333332061768,0.36579999327659607,0.520226001739502,0.44093334674835205,1.0035582780838013,0.07485898584127426,1.0511490106582642,0.955980658531189,0.02314378134906292,1.020371913909912,0.042156364768743515,0.0,0.8575562238693237,0.4336761236190796,0.001184204127639532,0.003976348787546158,0.0178880263119936,0.03190610930323601,0.09915318340063095,0.04278507083654404,0.0002191588282585144,0.01978372037410736,0.044486671686172485,0.6160919666290283,0.03365115821361542,0.08104487508535385,0.35941097140312195,0.03220624476671219,0.0899747684597969,0.48895028233528137,0.01792065054178238,0.04281068220734596,0.7229551672935486,0.013969148509204388,0.030482668429613113,0.8241050839424133,0.020802242681384087,0.1123986765742302,0.8102189898490906
Stigmatomma_FHG02_CASENT0745561_processed.obj,E_joint_fine,0.035898663103580475,0.1509801298379898,0.022312268614768982,0.12866786122322083,0.3860757052898407,0.7107731699943542,0.059472449123859406,0.07266666740179062,0.050333332270383835,0.18857088685035706,0.31663334369659424,0.1342666745185852,0.3514876067638397,0.6400333642959595,0.2422666698694229,0.5805589556694031,0.893500030040741,0.42996665835380554,0.6259378790855408,0.350433349609375,1.0042065382003784,0.06873557716608047,1.0488262176513672,0.9667685627937317,0.019686158746480942,1.0157251358032227,0.036406997591257095,0.0,0.8576210737228394,0.43471261858940125,0.0012635928578674793,0.0039979564025998116,0.02396130934357643,0.07560918480157852,0.33024367690086365,0.0757027193903923,0.0002282857894897461,0.033168964087963104,0.09234753251075745,0.4716475307941437,0.017354868352413177,0.04498342424631119,0.7096180319786072,0.015639381483197212,0.03816947713494301,0.7651934027671814,0.013139944523572922,0.03068685345351696,0.8153034448623657,0.014375015161931515,0.0329851396381855,0.7867628335952759,0.00972300861030817,0.02334398590028286,0.930656909942627
Strumigenys_alberti_CASENT0878103_processed.obj,E_joint_fine,0.07025499641895294,0.22380535304546356,0.027734806761145592,0.19607055187225342,0.5294506549835205,0.7144800424575806,0.03572777286171913,0.04713333398103714,0.02876666747033596,0.1093730702996254,0.22609999775886536,0.07213333249092102,0.21479186415672302,0.5578666925430298,0.13300000131130219,0.41047942638397217,0.8513666987419128,0.27043333649635315,0.5615541934967041,0.4067000150680542,1.0087366104125977,0.12061093747615814,1.0733699798583984,0.9576185345649719,0.02756737731397152,1.0362335443496704,0.051339905709028244,0.0,0.8576006293296814,0.43209031224250793,0.0014369373675435781,0.004841398447751999,0.022844675928354263,0.10371175408363342,0.2996440529823303,0.12149520218372345,0.0006087720394134521,0.03149916231632233,0.1073889285326004,0.5042145848274231,0.034453537315130234,0.08422393351793289,0.3653934597969055,0.02314872480928898,0.08348114788532257,0.6795580387115479,0.02669982984662056,0.061291128396987915,0.5092348456382751,0.017350584268569946,0.044891875237226486,0.7182590961456299,0.026358889415860176,0.12824390828609467,0.7360097169876099
Strumigenys_canina_OKENT0105288_processed.obj,E_joint_fine,0.026518533006310463,0.15060614049434662,0.032793376594781876,0.11781276762485504,0.32370826601982117,0.5156421065330505,0.04074405878782272,0.05143333226442337,0.03373333439230919,0.13227742910385132,0.2298000007867813,0.09286666661500931,0.26091018319129944,0.5008666515350342,0.17640000581741333,0.4842876195907593,0.7991999983787537,0.3474000096321106,0.5369138121604919,0.3916333317756653,1.0089704990386963,0.09736733883619308,1.0691026449203491,0.9641371965408325,0.026405256241559982,1.038535475730896,0.04971946030855179,0.0,0.8575689196586609,0.4331982433795929,0.0014092375058680773,0.004770039580762386,0.03017636574804783,0.04861919581890106,0.09420327842235565,0.05503419414162636,0.0001339539885520935,0.03163742274045944,0.08350864797830582,0.43026819825172424,0.04191826656460762,0.11840644478797913,0.3667740523815155,0.010909813456237316,0.02664496749639511,0.9171271324157715,0.13907577097415924,0.20375539362430573,0.0,0.023366913199424744,0.08299947530031204,0.6569662690162659,0.013601275160908699,0.04969437047839165,0.8552311658859253
Strumigenys_crassicornis_CASENT0744273_processed.obj,E_joint_fine,0.04733416438102722,0.2022840827703476,0.034716423600912094,0.1675676554441452,0.40158531069755554,0.5364018082618713,0.032533783465623856,0.0424666665494442,0.026366667822003365,0.10873133689165115,0.21383333206176758,0.07289999723434448,0.2170438915491104,0.5149333477020264,0.13750000298023224,0.3940926492214203,0.7738000154495239,0.26436665654182434,0.5799977779388428,0.4174000024795532,1.0032474994659424,0.06516806036233902,1.0524957180023193,0.965848445892334,0.02117074280977249,1.013264536857605,0.0391569584608078,0.0,0.8577147722244263,0.4345687925815582,0.0011191782541573048,0.0038099917583167553,0.02364823967218399,0.04801596328616142,0.11375559121370316,0.05396348983049393,0.00029665231704711914,0.032850734889507294,0.10379981994628906,0.4931034445762634,0.06294579058885574,0.13508519530296326,0.19788311421871185,0.03439576178789139,0.1438901573419571,0.6215469837188721,0.056448716670274734,0.11840326339006424,0.4142480492591858,0.01813322864472866,0.04788218438625336,0.7061550617218018,0.010178161785006523,0.01816455088555813,0.9635036587715149
Strumigenys_sp._appretiata_group_CASENT0744156_processed.obj,E_joint_fine,0.05074476823210716,0.18078669905662537,0.02824568562209606,0.15254101157188416,0.5073503851890564,0.6252810955047607,0.058986596763134,0.0736333355307579,0.04920000210404396,0.18872396647930145,0.31546667218208313,0.13463333249092102,0.34885647892951965,0.5891000032424927,0.24780000746250153,0.5513536334037781,0.824833333492279,0.4140666723251343,0.5584755539894104,0.48516666889190674,1.0072124004364014,0.09441688656806946,1.0783475637435913,0.9531254172325134,0.02914210967719555,1.0311270952224731,0.05546471104025841,0.0,0.8574761152267456,0.4349719285964966,0.0015819924883544445,0.005456048995256424,0.023743469268083572,0.0816715806722641,0.26459893584251404,0.09292164444923401,-0.0005227997899055481,0.02500264346599579,0.07912562042474747,0.5689655542373657,0.05151936411857605,0.11921753734350204,0.25448688864707947,0.019102364778518677,0.058323267847299576,0.6878453493118286,0.06223218888044357,0.14416074752807617,0.4459103047847748,0.013507735915482044,0.03764962777495384,0.8292557597160339,0.02318606898188591,0.107208751142025,0.7384428381919861
Strumigenys_stenorhina_OKENT0105268_processed.obj,E_joint_fine,0.006976493634283543,0.05743889883160591,0.02263570949435234,0.03480318933725357,0.13490146398544312,0.43151023983955383,0.2416742593050003,0.25743332505226135,0.2277333289384842,0.5491346716880798,0.5997000336647034,0.506433367729187,0.7110308408737183,0.7732666730880737,0.6580666899681091,0.8341954350471497,0.8728333711624146,0.7988333702087402,0.743840217590332,0.4083999991416931,1.0020630359649658,0.07690118253231049,1.0453039407730103,0.9605345129966736,0.022255295887589455,1.013223648071289,0.04070529714226723,0.0,0.8581603765487671,0.43535134196281433,0.001335737993940711,0.003970834892243147,0.020406441763043404,0.015180671587586403,0.05337350443005562,0.023158349096775055,9.255204349756241e-05,0.01225217618048191,0.03238096460700035,0.8206896781921387,0.05627606436610222,0.13482236862182617,0.2954441010951996,0.029868636280298233,0.09692917764186859,0.5635359287261963,0.16006089746952057,0.20269770920276642,0.0,0.006545581389218569,0.01308559998869896,0.9997425079345703,0.005164697300642729,0.011351789347827435,0.9987834692001343
Syllophopsis_sechellensis_OKENT0105212_processed.obj,E_joint_fine,0.002849303185939789,0.049431003630161285,0.017458725720643997,0.03197227790951729,0.10552114248275757,0.2643390893936157,0.1332527995109558,0.14826667308807373,0.12099999934434891,0.37645918130874634,0.458133339881897,0.31949999928474426,0.6217435002326965,0.7268999814987183,0.5431666970252991,0.8499364852905273,0.9308000206947327,0.7820000052452087,0.7660804390907288,0.16449999809265137,1.0055838823318481,0.06553824990987778,1.0577856302261353,0.9628387689590454,0.024389974772930145,1.018836498260498,0.04427870735526085,0.0,0.8570516109466553,0.433173805475235,0.0015238808700814843,0.00432267040014267,0.022211551666259766,0.04810437932610512,0.08983781188726425,0.051074106246232986,-0.00031925737857818604,0.020474843680858612,0.061981458216905594,0.636781632900238,0.016551636159420013,0.05560769513249397,0.7478141188621521,0.018071362748742104,0.05770229920744896,0.7375690937042236,0.02359435148537159,0.06772938370704651,0.5699208974838257,0.013797295279800892,0.045107606798410416,0.8241050839424133,0.006210575345903635,0.011709172278642654,0.9927006959915161
Temnothorax_congruus_OKENT0105443_processed.obj,E_joint_fine,0.006606281269341707,0.07475793361663818,0.022385653108358383,0.0523722767829895,0.16476719081401825,0.3044242560863495,0.08642512559890747,0.10116666555404663,0.07543333619832993,0.26514628529548645,0.3734666705131531,0.20553334057331085,0.46191835403442383,0.6443333625793457,0.36000001430511475,0.7274109125137329,0.8769000172615051,0.6214666962623596,0.6347985863685608,0.3282333314418793,1.0055675506591797,0.06887132674455643,1.0605425834655762,0.9625609517097473,0.022879229858517647,1.0187077522277832,0.04208972677588463,0.0,0.8578261733055115,0.43422988057136536,0.0013695853995159268,0.003947255667299032,0.036263059824705124,0.03831055387854576,0.16075687110424042,0.04515984281897545,-2.253800630569458e-05,0.025074096396565437,0.0767710730433464,0.5904214978218079,0.02539103291928768,0.06781138479709625,0.5342844128608704,0.016569916158914566,0.0528741255402565,0.7817679643630981,0.023914946243166924,0.04935912415385246,0.4459103047847748,0.02128206193447113,0.06577227264642715,0.6865825653076172,0.011296073906123638,0.035495057702064514,0.9099756479263306
Temnothorax_sp._OKENT0105336_processed.obj,E_joint_fine,0.010582518763840199,0.09246133267879486,0.0220032911747694,0.07045803964138031,0.20290358364582062,0.3459753394126892,0.06346534192562103,0.07856667041778564,0.05323333293199539,0.20250637829303741,0.3381333351135254,0.14453333616256714,0.391414999961853,0.6725333333015442,0.27603334188461304,0.6625382900238037,0.9098666906356812,0.5209333300590515,0.61131751537323,0.44913333654403687,1.0033425092697144,0.06865790486335754,1.0579345226287842,0.956303596496582,0.022207297384738922,1.016446590423584,0.040713801980018616,0.0,0.8573716878890991,0.4359723925590515,0.0012418559053912759,0.00391225004568696,0.015630081295967102,0.03548472374677658,0.07301465421915054,0.03696265071630478,-3.83816659450531e-05,0.02664140798151493,0.07684493809938431,0.5256705284118652,0.01589164324104786,0.04637911543250084,0.7814081907272339,0.013150041922926903,0.026391681283712387,0.8370165824890137,0.014261116273701191,0.026607155799865723,0.7968338131904602,0.023867139592766762,0.07541461288928986,0.6538758873939514,0.05134262144565582,0.25557172298431396,0.672749400138855
Tetramorium_kraepelini_CASENT0744084_processed.obj,E_joint_fine,0.01903892308473587,0.12455657124519348,0.024239953607320786,0.100316621363163,0.277124285697937,0.4296296536922455,0.05359753221273422,0.06980000436306,0.04349999874830246,0.1700073927640915,0.31736665964126587,0.1160999983549118,0.30859875679016113,0.6478999853134155,0.20253333449363708,0.5276678204536438,0.8705333471298218,0.3785666823387146,0.583647608757019,0.404533326625824,1.0279090404510498,0.17889247834682465,1.149242639541626,0.9478035569190979,0.042823415249586105,1.0989594459533691,0.09415718913078308,0.0,0.8568424582481384,0.43521323800086975,0.0020499106030911207,0.00818187091499567,0.025195404887199402,0.04499175772070885,0.1063728779554367,0.04547721520066261,-0.0001367032527923584,0.02879343554377556,0.08362219482660294,0.5417624711990356,0.017729006707668304,0.04223121702671051,0.6709617972373962,0.03638507425785065,0.08010376989841461,0.3674033284187317,0.013564462773501873,0.02674834243953228,0.8284960985183716,0.03278506547212601,0.11559455096721649,0.6286376714706421,0.017846982926130295,0.08668529987335205,0.8333333134651184
