mesh,stage,chamfer_l2,chamfer_l1,acc_mean,comp_mean,hausdorff_95,hausdorff_max,fscore@0.005,precision@0.005,recall@0.005,fscore@0.01,precision@0.01,recall@0.01,fscore@0.02,precision@0.02,recall@0.02,fscore@0.05,precision@0.05,recall@0.05,normal_consistency,normal_flip_frac,edge_ratio_mean,edge_ratio_std,edge_stretch_p95,edge_compress_p05,edge_logratio_absmean,area_ratio_mean,area_logratio_absmean,degenerate_tri_frac,tri_quality_mean,tri_quality_p05,deform_mag_mean,deform_mag_p95,deform_mag_max,dihedral_mean,dihedral_p99,folded_face_frac,midline_dev_mean,midline_dev_p95,midline_dev_mean_norm,midline_dev_excess,part_body_dist_mean,part_body_dist_p95,part_body_within_tau,part_head_dist_mean,part_head_dist_p95,part_head_within_tau,part_antenna_dist_mean,part_antenna_dist_p95,part_antenna_within_tau,part_mandible_dist_mean,part_mandible_dist_p95,part_mandible_within_tau,part_leg_dist_mean,part_leg_dist_p95,part_leg_within_tau,part_leg_distal_dist_mean,part_leg_distal_dist_p95,part_leg_distal_within_tau
Acanthostichus_aff.brevicornis_CASENT0744328_processed.obj,Stage_2_deform_coarse,0.00029173496295697987,0.01847003400325775,0.009580940008163452,0.008889093063771725,0.026486650109291077,0.118950754404068,0.26844149827957153,0.27106666564941406,0.2658666670322418,0.7084859609603882,0.7260333299636841,0.6917666792869568,0.9278419017791748,0.9179333448410034,0.9379667043685913,0.9948570728302002,0.9897666573524475,1.0,0.8031672239303589,0.3020000159740448,1.3000515699386597,1.342734694480896,2.884488821029663,0.5282887816429138,0.35028374195098877,2.2497241497039795,0.6176942586898804,0.0,0.7534874677658081,0.3278667628765106,0.017894325777888298,0.04606621339917183,0.3348124325275421,14.608716011047363,88.21955108642578,0.009745445102453232,0.01689768210053444,0.01770145632326603,0.016866030171513557,0.0007410626858472824,0.008757533505558968,0.021366795524954796,0.9379310607910156,0.005584717728197575,0.010641750879585743,0.9990796446800232,0.009287257678806782,0.018453216180205345,0.9696133136749268,0.0060415081679821014,0.010364864952862263,1.0,0.009483474306762218,0.0222206749022007,0.9320113658905029,0.007250532973557711,0.013631287030875683,0.9866179823875427
Acromyrmex_coronatus_CASENT0744365_processed.obj,Stage_2_deform_coarse,0.0002884823188651353,0.018580885604023933,0.009520957246422768,0.009059928357601166,0.024017829447984695,0.08796044439077377,0.22986647486686707,0.2347666621208191,0.2251666635274887,0.7076112627983093,0.7315000295639038,0.6852333545684814,0.9391599297523499,0.9330666661262512,0.9453333616256714,0.9930094480514526,0.9866999983787537,0.9994000196456909,0.801243782043457,0.1493000090122223,1.2729398012161255,1.3627194166183472,2.633333206176758,0.5586742162704468,0.3228427469730377,1.991163730621338,0.5575969219207764,0.0,0.7793078422546387,0.30264583230018616,0.019659284502267838,0.055179521441459656,0.26898300647735596,14.431262969970703,79.31326293945312,0.007203155197203159,0.05415757745504379,0.05516789108514786,0.055893003940582275,0.0018530301749706268,0.007737879641354084,0.015915561467409134,0.9727969765663147,0.006812557112425566,0.01228167861700058,0.9889553785324097,0.008268809877336025,0.014699585735797882,0.980663001537323,0.009048677049577236,0.02125404216349125,0.936675488948822,0.009148040786385536,0.01920871064066887,0.9564769864082336,0.008833917789161205,0.018320776522159576,0.9635036587715149
Acromyrmex_lobicornis_CASENT0878007_processed.obj,Stage_2_deform_coarse,0.0004885824746452272,0.02541767805814743,0.012445912696421146,0.012971766293048859,0.03062490001320839,0.10675662010908127,0.10801716893911362,0.10993333160877228,0.10616666823625565,0.47001856565475464,0.49230000376701355,0.44966667890548706,0.8592425584793091,0.8830333352088928,0.8367000222206116,0.9916848540306091,0.9861000180244446,0.9973333477973938,0.7729873657226562,0.3165000081062317,1.4249895811080933,1.562503695487976,3.443563222885132,0.5093109011650085,0.4089476466178894,3.0667920112609863,0.7398369908332825,0.0,0.7441968321800232,0.31372013688087463,0.026691503822803497,0.06546442210674286,0.3300679922103882,15.401021003723145,88.21694946289062,0.009615072049200535,0.010790538974106312,0.012120228260755539,0.011086407117545605,-0.003765832632780075,0.011533403769135475,0.027305874973535538,0.8858237862586975,0.013769686222076416,0.03238615393638611,0.8338702321052551,0.010445873253047466,0.01984439790248871,0.950276255607605,0.01022635493427515,0.020039943978190422,0.9472295641899109,0.012619794346392155,0.029568074271082878,0.8617048859596252,0.012543022632598877,0.026403238996863365,0.8856447339057922
Anochetus_risii_CASENT0877608_processed.obj,Stage_2_deform_coarse,0.00013665085134562105,0.014170724898576736,0.006944309454411268,0.0072264159098267555,0.014929813332855701,0.07630051672458649,0.32236453890800476,0.3276999890804291,0.3172000050544739,0.8418940901756287,0.8587000370025635,0.8257333636283875,0.9817993640899658,0.9826333522796631,0.9809666872024536,0.9997166395187378,1.0,0.9994333386421204,0.8651878833770752,0.12733332812786102,1.1562801599502563,1.0368542671203613,1.9616050720214844,0.647623598575592,0.24741573631763458,1.6441768407821655,0.4324300289154053,0.0,0.8054476976394653,0.37727826833724976,0.012968144379556179,0.03658574819564819,0.41499099135398865,13.688867568969727,74.45985412597656,0.005866823252290487,0.0005604036850854754,0.0017595912795513868,0.0005634669214487076,-0.008199188858270645,0.006165547762066126,0.013083742931485176,0.994636058807373,0.006631307769566774,0.012687449343502522,0.9848136305809021,0.008307415060698986,0.020403530448675156,0.941989004611969,0.007468469440937042,0.014295968227088451,1.0,0.006639870349317789,0.011355545371770859,0.9997425079345703,0.005579963326454163,0.00974844116717577,0.9963503479957581
Anochetus_risii_CASENT0877609_processed.obj,Stage_2_deform_coarse,0.0010737406555563211,0.032649703323841095,0.017695093527436256,0.014954609796404839,0.05342883616685867,0.2901981770992279,0.08691912889480591,0.08900000154972076,0.0849333330988884,0.38583943247795105,0.4033333361148834,0.36980000138282776,0.7663705945014954,0.7733666896820068,0.7595000267028809,0.9685275554656982,0.9424999952316284,0.9960333704948425,0.699635922908783,0.40420001745224,1.4767415523529053,2.2785446643829346,3.455488681793213,0.5293340682983398,0.4040529131889343,3.575061798095703,0.7149270176887512,0.0,0.7295233011245728,0.2762174904346466,0.027741407975554466,0.08001673966646194,0.5138139128684998,15.481809616088867,104.25874328613281,0.012711450457572937,0.006544711068272591,0.007070682942867279,0.006643600296229124,-0.001687522977590561,0.013283065520226955,0.02996116131544113,0.8321838974952698,0.017942508682608604,0.03910865634679794,0.6686608195304871,0.012076515704393387,0.024581627920269966,0.8950276374816895,0.010397900827229023,0.020804613828659058,0.9445910453796387,0.013527987524867058,0.030558224767446518,0.8439351320266724,0.012818482704460621,0.030017782002687454,0.8807786107063293
Aphaenogaster_pallida_CASENT0745235_processed.obj,Stage_2_deform_coarse,0.00017087490414269269,0.014851456508040428,0.007397509180009365,0.007453946862369776,0.015258509665727615,0.14237460494041443,0.30838868021965027,0.31279999017715454,0.30410000681877136,0.8155791759490967,0.8374000191688538,0.794866681098938,0.981381356716156,0.9799667000770569,0.9828000068664551,0.9981465339660645,0.9962999820709229,1.0,0.8931243419647217,0.04413333535194397,1.1703147888183594,0.8597188591957092,2.0808651447296143,0.6415432691574097,0.25445759296417236,1.579209566116333,0.431924045085907,0.0,0.8269355893135071,0.43408748507499695,0.011745234951376915,0.030493050813674927,0.16848206520080566,13.281225204467773,71.62260437011719,0.005149767268449068,0.0031121959909796715,0.0040139914490282536,0.0031242722179740667,-0.0033118482679128647,0.006715821567922831,0.012619010172784328,0.9954023361206055,0.0059805684722959995,0.011698346585035324,0.993557333946228,0.009561929851770401,0.01595284417271614,0.9861878752708435,0.0076757753267884254,0.0157804973423481,0.97625333070755,0.007688465993851423,0.013352572917938232,0.9920164942741394,0.008025002665817738,0.01405415590852499,0.9695863723754883
Atopomyrmex_mocquerysi_CASENT0744784_processed.obj,Stage_2_deform_coarse,0.00019055677694268525,0.014215587638318539,0.007528080604970455,0.0066875070333480835,0.019564367830753326,0.12765057384967804,0.42399755120277405,0.42116665840148926,0.42686668038368225,0.8351764678955078,0.8217333555221558,0.8490666747093201,0.9651512503623962,0.9514999985694885,0.979200005531311,0.9968976974487305,0.9953666925430298,0.9984333515167236,0.7835521697998047,0.14980000257492065,1.2765504121780396,1.7194569110870361,2.6618967056274414,0.5647253394126892,0.3212706446647644,2.173337459564209,0.5505125522613525,0.0,0.7944501042366028,0.36566224694252014,0.015006937086582184,0.03615621477365494,0.5739400386810303,14.024578094482422,89.88947296142578,0.009973599575459957,0.02432587742805481,0.025223711505532265,0.02475287765264511,-0.0003436114639043808,0.005080367438495159,0.010124987922608852,0.9984674453735352,0.004936816170811653,0.010010095313191414,0.9958582520484924,0.0068070972338318825,0.014638020657002926,0.9751381874084473,0.006340683903545141,0.013667347840964794,0.9920845031738281,0.008058102801442146,0.01902749575674534,0.9593098163604736,0.008474485948681831,0.021446209400892258,0.94525545835495
Carebara_trechideros_CASENT0877591_processed.obj,Stage_2_deform_coarse,0.00023741715995129198,0.015525035560131073,0.008358300663530827,0.007166735362261534,0.022623786702752113,0.10402362048625946,0.37815871834754944,0.3812333345413208,0.37513333559036255,0.8086943626403809,0.8065666556358337,0.8108333349227905,0.9587350487709045,0.9391999840736389,0.9790999889373779,0.9928609132766724,0.9866666793823242,0.9991333484649658,0.7789127230644226,0.15863333642482758,1.3020116090774536,2.097562074661255,2.7261171340942383,0.5667930841445923,0.32255929708480835,2.265564203262329,0.5768045783042908,0.0,0.7714841365814209,0.3297443389892578,0.015606820583343506,0.039700839668512344,0.4337971806526184,14.09314250946045,89.92347717285156,0.010006193071603775,0.025403106585144997,0.02634088695049286,0.025857942178845406,0.001442616805434227,0.005392886698246002,0.010942820459604263,0.9957854747772217,0.004834310617297888,0.00903968047350645,0.999539852142334,0.006395926233381033,0.011665213853120804,0.9834254384040833,0.006131870672106743,0.01120558101683855,0.9973615407943726,0.007996860891580582,0.017521679401397705,0.9639454483985901,0.007518664002418518,0.01589260809123516,0.9720194339752197
Centromyrmex_brachycola_CASENT0744052_processed.obj,Stage_2_deform_coarse,0.00023919239174574614,0.017791835591197014,0.008563208393752575,0.009228627197444439,0.02197001688182354,0.0975148007273674,0.23511244356632233,0.23926666378974915,0.23110000789165497,0.7171987295150757,0.7484333515167236,0.6884666681289673,0.9467373490333557,0.9579333662986755,0.9358000159263611,0.997948408126831,0.9966999888420105,0.9991999864578247,0.8329589366912842,0.2198999971151352,1.2518298625946045,1.1143485307693481,2.4564332962036133,0.5889663100242615,0.3079563081264496,1.9337011575698853,0.5499594211578369,0.0,0.7890834212303162,0.3685154318809509,0.01656218059360981,0.03889275714755058,0.21312901377677917,13.660492897033691,75.13925170898438,0.0061275712214410305,0.006470892578363419,0.007089071441441774,0.00647484278306365,-0.004769789054989815,0.007308545988053083,0.014121816493570805,0.9850574731826782,0.007045268546789885,0.01342637836933136,0.994017481803894,0.009026775136590004,0.016867944970726967,0.9751381874084473,0.008639602921903133,0.015323654748499393,0.9788918495178223,0.009106812067329884,0.018041599541902542,0.9642029404640198,0.008566807955503464,0.015632815659046173,0.9817517995834351
Cephalotes_minutus_CASENT0709253_processed.obj,Stage_2_deform_coarse,0.00016006156511139125,0.015387941151857376,0.007279390934854746,0.008108550682663918,0.01727912575006485,0.06439849734306335,0.27220943570137024,0.28166666626930237,0.2633666694164276,0.7829440832138062,0.8192333579063416,0.7497333288192749,0.9801163077354431,0.9916999936103821,0.9688000082969666,0.9993162751197815,0.9987333416938782,0.9998999834060669,0.8704537749290466,0.13183332979679108,1.2310986518859863,0.9439334869384766,2.3097472190856934,0.591273844242096,0.3075743317604065,1.7535500526428223,0.5367386937141418,0.0,0.82254558801651,0.43321341276168823,0.015808571130037308,0.03728486970067024,0.1235600933432579,14.079876899719238,80.80528259277344,0.007952804677188396,0.02333253249526024,0.0242428258061409,0.022972244769334793,1.7216429114341736e-05,0.007028940133750439,0.013295297510921955,0.9957854747772217,0.006468231789767742,0.01176726259291172,1.0,0.007208287715911865,0.012741983868181705,0.9972376227378845,0.007862783037126064,0.015183856710791588,0.9815303683280945,0.008048942312598228,0.015058486722409725,0.985578179359436,0.007209785748273134,0.01373094879090786,0.9878345131874084
Cephalotes_simillimus_CASENT0744408_processed.obj,Stage_2_deform_coarse,0.0005393273313529789,0.026693031191825867,0.012447553686797619,0.014245477505028248,0.03408201038837433,0.11079704016447067,0.10712164640426636,0.11209999769926071,0.1025666669011116,0.44895821809768677,0.4916333258152008,0.413100004196167,0.8289620280265808,0.8757333159446716,0.7869333624839783,0.9921724200248718,0.9889000058174133,0.9954666495323181,0.7845937013626099,0.4093666672706604,1.4284390211105347,1.5800285339355469,3.2894368171691895,0.5250071287155151,0.41110745072364807,3.081482172012329,0.7246049642562866,0.0,0.7417691349983215,0.3225204646587372,0.027349309995770454,0.07224958389997482,0.32162734866142273,15.727136611938477,95.02973937988281,0.011309931986033916,0.015373465605080128,0.016628924757242203,0.015458125621080399,-0.00229050125926733,0.012040725909173489,0.025879163295030594,0.8758620619773865,0.01443888247013092,0.03227962926030159,0.8117809891700745,0.009403959847986698,0.01802852936089039,0.972375750541687,0.010683879256248474,0.019326742738485336,0.9525066614151001,0.011962457560002804,0.026538684964179993,0.894411563873291,0.009642121382057667,0.01844918541610241,0.9683698415756226
Cephalotes_spinosus_CASENT0744158_processed.obj,Stage_2_deform_coarse,0.00023291076649911702,0.017897890880703926,0.008570127189159393,0.009327763691544533,0.02142501249909401,0.07711624354124069,0.23071974515914917,0.23633334040641785,0.22536666691303253,0.696416974067688,0.7329333424568176,0.6633666753768921,0.9489328861236572,0.9610333442687988,0.9371333718299866,0.9982149004936218,0.9968667030334473,0.9995666742324829,0.8377724289894104,0.14536666870117188,1.2025692462921143,0.9756913185119629,2.215841054916382,0.5535263419151306,0.3094961941242218,1.7113720178604126,0.5381645560264587,0.0,0.7880521416664124,0.3599156141281128,0.018202796578407288,0.04579416289925575,0.18377557396888733,13.973713874816895,75.953125,0.00648609921336174,0.01661674864590168,0.017470480874180794,0.016639649868011475,-0.00012225285172462463,0.00802674051374197,0.016400611028075218,0.9773946404457092,0.007148817181587219,0.013204511255025864,0.9884951710700989,0.008692687377333641,0.016786253079771996,0.9668508768081665,0.008843685500323772,0.01830175705254078,0.9683377742767334,0.00883206445723772,0.017933571711182594,0.9685810208320618,0.008160090073943138,0.014658861793577671,0.9866179823875427
Crematogaster_nawai_OKENT0105046_processed.obj,Stage_2_deform_coarse,0.0003821754944510758,0.022232022136449814,0.010932261124253273,0.011299760080873966,0.02622445486485958,0.1017160639166832,0.15065351128578186,0.15549999475479126,0.1460999995470047,0.5697068572044373,0.5989333391189575,0.5432000160217285,0.9025841951370239,0.9156000018119812,0.8899333477020264,0.9934802055358887,0.9890666604042053,0.9979333281517029,0.7569165229797363,0.4023333489894867,1.2637429237365723,1.2646937370300293,2.6298232078552246,0.528237521648407,0.3459208607673645,2.051892042160034,0.6129651665687561,0.0,0.7664476037025452,0.34098872542381287,0.02072080783545971,0.0520138218998909,0.27183517813682556,14.330769538879395,78.2944107055664,0.007137968670576811,0.013451899401843548,0.014545959420502186,0.013760276138782501,-0.010004115290939808,0.00843039806932211,0.015693388879299164,0.9858237504959106,0.008736856281757355,0.015942052006721497,0.9889553785324097,0.011423185467720032,0.024180414155125618,0.9171271324157715,0.011291778646409512,0.02451571449637413,0.9129288196563721,0.009253150783479214,0.01850082352757454,0.9608550071716309,0.008414583280682564,0.016008706763386726,0.970802903175354
Cryptopone_sauteri_CASENT0743771_processed.obj,Stage_2_deform_coarse,0.000358473917003721,0.02213241532444954,0.010125107131898403,0.012007308192551136,0.029127825051546097,0.07961996644735336,0.1487119048833847,0.1536666750907898,0.14406666159629822,0.5631376504898071,0.6140333414077759,0.5200333595275879,0.8947798609733582,0.9373999834060669,0.8558666706085205,0.9979652166366577,0.9967333674430847,0.9991999864578247,0.8095526099205017,0.3885999917984009,1.3467798233032227,1.3275185823440552,2.968470573425293,0.5467486381530762,0.36139506101608276,2.5483853816986084,0.6421501636505127,0.0,0.7677738666534424,0.33368468284606934,0.021210452541708946,0.054347436875104904,0.25472718477249146,14.78061580657959,87.18888092041016,0.009452104568481445,0.028379540890455246,0.02900552749633789,0.028426768258213997,-0.00046620704233646393,0.009001212194561958,0.016836266964673996,0.9720306992530823,0.009728992357850075,0.021410854533314705,0.9387943148612976,0.009492096491158009,0.016674267128109932,0.9889503121376038,0.009368170984089375,0.017143258824944496,0.9920845031738281,0.00883716344833374,0.017216317355632782,0.9737316966056824,0.008906321600079536,0.01995910331606865,0.9513381719589233
Cyphoidris_afrc-tz01_CASENT0744810_processed.obj,Stage_2_deform_coarse,0.0011977083049714565,0.03944198042154312,0.018946651369333267,0.020495329052209854,0.049543604254722595,0.15550076961517334,0.04389612004160881,0.044866666197776794,0.04296666756272316,0.2292950600385666,0.24463333189487457,0.21576666831970215,0.6437963843345642,0.7050999999046326,0.5922999978065491,0.9552151560783386,0.9510666728019714,0.9593999981880188,0.7329630255699158,0.44670000672340393,1.6956275701522827,2.957090377807617,4.54261589050293,0.5410414934158325,0.45898211002349854,8.640538215637207,0.8263407945632935,0.0,0.7445400357246399,0.3072105944156647,0.031394023448228836,0.09187819063663483,0.44126105308532715,16.516599655151367,112.25309753417969,0.014992993324995041,0.044981759041547775,0.04621889814734459,0.04568732902407646,-0.0001806691288948059,0.015818633139133453,0.03176196292042732,0.7536398768424988,0.02186703495681286,0.04881797730922699,0.526461124420166,0.0136977918446064,0.02473192662000656,0.8784530758857727,0.014786399900913239,0.032188184559345245,0.8179419636726379,0.01603999361395836,0.03171450272202492,0.7349987030029297,0.01417526789009571,0.02763383835554123,0.841849148273468
Cyphomyrmex_cf.minutus_CASENT0744280_processed.obj,Stage_2_deform_coarse,0.0011474475031718612,0.04011603444814682,0.018104707822203636,0.022011328488588333,0.04987800866365433,0.11715792864561081,0.0326942540705204,0.033133335411548615,0.03226666525006294,0.19262464344501495,0.20456667244434357,0.18199999630451202,0.6151760816574097,0.695900022983551,0.5512333512306213,0.9620577096939087,0.9739000201225281,0.9505000114440918,0.7520374059677124,0.4376000165939331,1.677241563796997,2.7388641834259033,4.575953006744385,0.5337242484092712,0.4519481062889099,6.133383274078369,0.8190742135047913,0.0,0.7349870800971985,0.2970004975795746,0.03303338587284088,0.0978245884180069,0.4324437975883484,15.842639923095703,92.99873352050781,0.010625469498336315,0.006266401614993811,0.00724836578592658,0.0064107864163815975,-0.0009902287274599075,0.017676321789622307,0.03953336179256439,0.7011494636535645,0.0188278928399086,0.03808773681521416,0.618499755859375,0.015713434666395187,0.02840275689959526,0.7817679643630981,0.01717403531074524,0.03674335777759552,0.6807388067245483,0.01607796736061573,0.031313199549913406,0.7586917281150818,0.017004840075969696,0.040160756558179855,0.7433090209960938
Dilobocondyla_fouqueti_CASENT0745576_processed.obj,Stage_2_deform_coarse,0.00036200706381350756,0.020385921001434326,0.010607874020934105,0.009778046980500221,0.0272283386439085,0.10626423358917236,0.18432004749774933,0.18780000507831573,0.18096667528152466,0.6550413370132446,0.6744333505630493,0.63673335313797,0.9270060062408447,0.9195666909217834,0.9345666766166687,0.989770233631134,0.9809666872024536,0.9987333416938782,0.807778000831604,0.20173333585262299,1.2515616416931152,1.5943281650543213,2.4762606620788574,0.5342132449150085,0.32716506719589233,2.254746913909912,0.5792397260665894,0.0,0.778885006904602,0.3653867840766907,0.019696420058608055,0.04837255924940109,0.2671308219432831,14.074189186096191,75.3541488647461,0.00648609921336174,0.01892421394586563,0.01980201154947281,0.018874892964959145,-0.0012303143739700317,0.0082851005718112,0.01580219715833664,0.9819923639297485,0.007414651568979025,0.0138373589143157,0.993557333946228,0.00941344816237688,0.017518876120448112,0.9751381874084473,0.008572871796786785,0.015451372601091862,0.9868074059486389,0.009366106241941452,0.019151920452713966,0.9554468393325806,0.008776724338531494,0.017723379656672478,0.9671532511711121
Dorylus_fulvus_CASENT0745678_processed.obj,Stage_2_deform_coarse,0.00016180711099877954,0.015085648745298386,0.007377377711236477,0.007708271499723196,0.0173548124730587,0.05515250191092491,0.3200725018978119,0.32306668162345886,0.3171333372592926,0.7969013452529907,0.8183666467666626,0.7765333652496338,0.9719972610473633,0.973633348941803,0.9703666567802429,0.9998167157173157,0.9998666644096375,0.9997667074203491,0.8291317224502563,0.16673333942890167,1.215164065361023,1.1388599872589111,2.3104312419891357,0.5778733491897583,0.29745015501976013,1.7694493532180786,0.5286562442779541,0.0,0.791804850101471,0.3839186429977417,0.014028063975274563,0.03482220321893692,0.22413207590579987,13.153698921203613,69.56546020507812,0.004823832772672176,0.002217549132183194,0.0030415526125580072,0.00220298208296299,-0.00836756732314825,0.005966246128082275,0.011274028569459915,0.9977011680603027,0.005535013508051634,0.0104357386007905,0.999539852142334,0.007501288782805204,0.012954482808709145,0.991712749004364,0.007448438089340925,0.01440001092851162,0.9894459247589111,0.007956062443554401,0.015350768342614174,0.9863507747650146,0.00828727800399065,0.018025552853941917,0.9647201895713806
Eciton_hamatum_CASENT0744580_processed.obj,Stage_2_deform_coarse,0.00019670190522447228,0.01563125103712082,0.008385739289224148,0.007245511747896671,0.024266857653856277,0.060324687510728836,0.34583592414855957,0.34993332624435425,0.34183332324028015,0.793071448802948,0.7871333360671997,0.7990999817848206,0.9543949365615845,0.9272000193595886,0.9832333326339722,0.9986481666564941,0.9973000288009644,1.0,0.7257855534553528,0.16843333840370178,1.2746827602386475,1.2293050289154053,2.726994514465332,0.5550398230552673,0.34044140577316284,1.9142793416976929,0.5986531972885132,0.0,0.7397463321685791,0.3281612992286682,0.015114102512598038,0.03719019517302513,0.25854426622390747,16.15997314453125,94.70556640625,0.011212151497602463,0.015178238973021507,0.0163579024374485,0.015247184783220291,-0.0002819569781422615,0.005786749068647623,0.011520293541252613,0.99042147397995,0.00755696278065443,0.019661182537674904,0.9521399140357971,0.007071675732731819,0.012366444803774357,0.9972376227378845,0.008604149334132671,0.019872328266501427,0.9525066614151001,0.006818057037889957,0.01386972889304161,0.9768220782279968,0.006609407253563404,0.012932680547237396,0.9781022071838379
Ectatomma_brunneum_CASENT0744575_processed.obj,Stage_2_deform_coarse,0.0007602862315252423,0.0313577800989151,0.015671752393245697,0.015686025843024254,0.04300651699304581,0.11902877688407898,0.06682273745536804,0.0681999996304512,0.06549999862909317,0.33891114592552185,0.35823333263397217,0.3215666711330414,0.7812496423721313,0.812166690826416,0.7526000142097473,0.9787749648094177,0.9646999835968018,0.9932667016983032,0.7493652701377869,0.36373335123062134,1.5124411582946777,2.065403938293457,3.7526488304138184,0.5220696330070496,0.4240560829639435,4.552855014801025,0.7598853707313538,0.0,0.7187217473983765,0.2925478518009186,0.0306022297590971,0.08838322013616562,0.4680744409561157,15.322307586669922,94.76471710205078,0.011081777513027191,0.004440885037183762,0.006470891181379557,0.004480012692511082,-0.0037833647802472115,0.016994765028357506,0.03838787600398064,0.7214559316635132,0.015238439664244652,0.03521912172436714,0.7818683981895447,0.010882066562771797,0.020187482237815857,0.941989004611969,0.015398332849144936,0.04243128001689911,0.8100264072418213,0.013915840536355972,0.02826494164764881,0.8537213802337646,0.012571717612445354,0.024919917806982994,0.8698296546936035
Eurhopalothrix_procera_CASENT0745605_processed.obj,Stage_2_deform_coarse,0.000574646343011409,0.026920681819319725,0.0133273396641016,0.013593342155218124,0.034951820969581604,0.12104667723178864,0.11101851612329483,0.11376667022705078,0.10840000212192535,0.4528055191040039,0.48100000619888306,0.42773333191871643,0.8332631587982178,0.8553000092506409,0.812333345413208,0.9882450699806213,0.9799000024795532,0.9967333674430847,0.740898072719574,0.3004666566848755,1.3320105075836182,1.56940495967865,2.896878957748413,0.5089335441589355,0.3730582296848297,2.4734132289886475,0.6641706228256226,0.0,0.7350391149520874,0.2929380536079407,0.026568152010440826,0.068488210439682,0.382129967212677,14.873187065124512,81.65001678466797,0.007985398173332214,0.008784136734902859,0.009893257170915604,0.009401422925293446,-0.005230517126619816,0.010803354904055595,0.023752694949507713,0.9118773937225342,0.01386104617267847,0.03054697997868061,0.8090198040008545,0.010528317652642727,0.021285196766257286,0.9447514414787292,0.016070116311311722,0.059904247522354126,0.8496042490005493,0.011925799772143364,0.029110509902238846,0.9031676650047302,0.01121177151799202,0.022758420556783676,0.9294403791427612
Heteroponera_panamensis_CASENT0744055_processed.obj,Stage_2_deform_coarse,0.000868367322254926,0.033868756145238876,0.01600997895002365,0.017858777195215225,0.04308488965034485,0.12625333666801453,0.04862593114376068,0.0492333322763443,0.04803333431482315,0.28734511137008667,0.30266666412353516,0.273499995470047,0.7440357208251953,0.796833336353302,0.6977999806404114,0.9731298089027405,0.9712666869163513,0.9750000238418579,0.7992352843284607,0.41083332896232605,1.5689940452575684,2.342078447341919,4.179986476898193,0.5180643796920776,0.4317604899406433,5.279045581817627,0.7945834994316101,0.0,0.7290923595428467,0.2724122405052185,0.03335379809141159,0.09519106894731522,0.4232970178127289,15.371865272521973,95.41448974609375,0.011049184016883373,0.0065029580146074295,0.007374071981757879,0.0065110595896840096,-0.0048346929252147675,0.01459682360291481,0.032934609800577164,0.7977011799812317,0.015865717083215714,0.030069546774029732,0.7381500601768494,0.01315079815685749,0.024032721295952797,0.8591160774230957,0.019913965836167336,0.04491632804274559,0.6543536186218262,0.015801867470145226,0.03589441999793053,0.7767190337181091,0.01257485430687666,0.024510089308023453,0.8953770995140076
Labidus_praedator_CASENT0744236_processed.obj,Stage_2_deform_coarse,0.0008096211240626872,0.02622053772211075,0.016921158879995346,0.009299379773437977,0.05366581678390503,0.15736395120620728,0.21096009016036987,0.20010000467300415,0.22306667268276215,0.5867702960968018,0.520466685295105,0.6724333167076111,0.8328104019165039,0.7438333630561829,0.9459666609764099,0.9681870937347412,0.940933346748352,0.9970666766166687,0.6204190850257874,0.36399999260902405,1.3034666776657104,1.5020644664764404,2.987558126449585,0.4783133268356323,0.387183278799057,2.27154803276062,0.6770808696746826,0.0,0.6776492595672607,0.24594451487064362,0.022994866594672203,0.06340525299310684,0.6477917432785034,15.742812156677246,91.5574951171875,0.0102343475446105,0.024778015911579132,0.02565922774374485,0.024885280057787895,-0.0028657186776399612,0.006629603449255228,0.015079674310982227,0.9808429479598999,0.014973106794059277,0.034156933426856995,0.7464334964752197,0.009034763090312481,0.020289354026317596,0.9447514414787292,0.007756293751299381,0.015574132092297077,0.9736148118972778,0.008783472701907158,0.020561592653393745,0.9477208256721497,0.00798872672021389,0.014969024807214737,0.9695863723754883
Labidus_praedator_CASENT0744237_processed.obj,Stage_2_deform_coarse,0.0006585965747945011,0.023565242066979408,0.013775144703686237,0.009790097363293171,0.05394624546170235,0.14144933223724365,0.1834692358970642,0.1873999983072281,0.17970000207424164,0.6276350617408752,0.6394667029380798,0.6162333488464355,0.9036387205123901,0.8701000213623047,0.9398666620254517,0.9709903001785278,0.9442999958992004,0.9992333650588989,0.7675706744194031,0.2237333357334137,1.2307721376419067,1.197224736213684,2.3036515712738037,0.5930333137512207,0.2955234944820404,1.954607367515564,0.5139267444610596,0.0,0.7940961718559265,0.32667630910873413,0.01698572188615799,0.04083898290991783,0.31685927510261536,13.706523895263672,72.6949462890625,0.00547570176422596,0.00302913598716259,0.0037161209620535374,0.0030407989397644997,-0.0075408779084682465,0.0077501158230006695,0.015569962561130524,0.9796935319900513,0.006645546294748783,0.011888713575899601,0.9990796446800232,0.009407744742929935,0.015150192193686962,0.9751381874084473,0.009432275779545307,0.018151219934225082,0.9577836990356445,0.008965469896793365,0.018103424459695816,0.9636878967285156,0.00948615837842226,0.017721928656101227,0.9659367203712463
Lasius_nr._fuliginosus_CASENT0878037_processed.obj,Stage_2_deform_coarse,0.00020099188259337097,0.0154857337474823,0.007829949259757996,0.007655784022063017,0.01722356677055359,0.09281851351261139,0.33498454093933105,0.3397333323955536,0.33036667108535767,0.7961951494216919,0.8184333443641663,0.7751333713531494,0.9667099118232727,0.9619666934013367,0.971500039100647,0.9958687424659729,0.9920666813850403,0.9997000098228455,0.8308934569358826,0.11183333396911621,1.2057702541351318,1.148735761642456,2.230560064315796,0.6053616404533386,0.27718740701675415,1.7106873989105225,0.49647092819213867,0.0,0.8071861863136292,0.3836696147918701,0.01306178979575634,0.02977587841451168,0.2418432980775833,13.426878929138184,75.7197265625,0.0063557252287864685,0.009792333468794823,0.010300527326762676,0.009813844226300716,-0.008876996114850044,0.005854158662259579,0.011052772402763367,0.9992337226867676,0.005435550585389137,0.01027035340666771,0.999539852142334,0.008235733024775982,0.012298536486923695,1.0,0.006329836789518595,0.010676852427423,1.0,0.008217300288379192,0.015593105927109718,0.981200098991394,0.007203795947134495,0.012897279113531113,0.9878345131874084
Lioponera_daikoku_OKENT0105067_processed.obj,Stage_2_deform_coarse,0.0006492497632279992,0.02941548451781273,0.013986938633024693,0.015428545884788036,0.03623143583536148,0.1974506378173828,0.07398420572280884,0.07556666433811188,0.0724666640162468,0.3627451956272125,0.3873666822910309,0.3410666584968567,0.8066635131835938,0.8535000085830688,0.7646999955177307,0.9862366914749146,0.9826333522796631,0.9898666739463806,0.8097414970397949,0.4812999963760376,1.471739411354065,2.023819923400879,3.51371169090271,0.5294627547264099,0.4001944363117218,3.851925849914551,0.7304556369781494,0.0,0.7335742712020874,0.27529072761535645,0.029555251821875572,0.08626727014780045,0.41396796703338623,15.402670860290527,102.98403930664062,0.012385516427457333,0.013515185564756393,0.015386859886348248,0.013460519723594189,-0.0132343340665102,0.015312990173697472,0.03596913442015648,0.7478927373886108,0.0154200354591012,0.03435211256146431,0.8067188262939453,0.014151194132864475,0.03567825257778168,0.8480663299560547,0.013121756725013256,0.025002118200063705,0.857519805431366,0.01161959208548069,0.023178325966000557,0.9199073314666748,0.014292668551206589,0.03906317427754402,0.8369829654693604
Mayriella_sp._CASENT0745610_processed.obj,Stage_2_deform_coarse,0.0006864075548946857,0.030421556904911995,0.014304809272289276,0.01611674763262272,0.03707953542470932,0.11450642347335815,0.07151730358600616,0.07403333485126495,0.06916666775941849,0.34633350372314453,0.37646666169166565,0.32066667079925537,0.7805633544921875,0.8396666646003723,0.7292333245277405,0.9867339134216309,0.9827666878700256,0.9907333254814148,0.7582615613937378,0.4086666703224182,1.382888913154602,1.7561264038085938,3.168757677078247,0.5224868059158325,0.38083481788635254,3.5193135738372803,0.677356481552124,0.0,0.7535039186477661,0.3193325102329254,0.025009946897625923,0.07034759968519211,0.413095086812973,15.25747299194336,83.64425659179688,0.00866986159235239,0.03931387886404991,0.03986218199133873,0.03939586132764816,0.004773586988449097,0.013178148306906223,0.028232326731085777,0.8417624831199646,0.012491504661738873,0.02652835100889206,0.887712836265564,0.011740324087440968,0.023864945396780968,0.9143646955490112,0.013705560937523842,0.025601012632250786,0.8416886925697327,0.012154879048466682,0.023250780999660492,0.9090909361839294,0.013125973753631115,0.03055061399936676,0.8746958374977112
Mesoponera_ambigua_CASENT0745584_processed.obj,Stage_2_deform_coarse,0.0007861636113375425,0.029666118323802948,0.015071183443069458,0.014594933949410915,0.04231993108987808,0.18252548575401306,0.08568491041660309,0.08736667037010193,0.08406666666269302,0.40218472480773926,0.42750000953674316,0.3797000050544739,0.8146064281463623,0.8414000272750854,0.7894666790962219,0.9779177308082581,0.9641667008399963,0.9920666813850403,0.7686267495155334,0.3637666702270508,1.5509448051452637,2.216893196105957,3.8692002296447754,0.5649804472923279,0.4107681214809418,4.30401611328125,0.733160674571991,0.0,0.7575215697288513,0.29385024309158325,0.029016511514782906,0.08214450627565384,0.38497596979141235,15.186490058898926,100.76703643798828,0.012157361954450607,0.05700575187802315,0.058165814727544785,0.056704405695199966,-0.002193208783864975,0.011780759319663048,0.021828925237059593,0.9241379499435425,0.010686030611395836,0.024675771594047546,0.9185457825660706,0.01139441691339016,0.022589821368455887,0.9171271324157715,0.01312695536762476,0.028980253264307976,0.857519805431366,0.012475940398871899,0.02509484626352787,0.8853979110717773,0.014080964028835297,0.03012179769575596,0.8515815138816833
Myrmecina_ryukyuensis_OKENT0105085_processed.obj,Stage_2_deform_coarse,0.00034809517092071474,0.019728917628526688,0.00954675953835249,0.010182158090174198,0.023790329694747925,0.25582176446914673,0.21894781291484833,0.22290000319480896,0.21513333916664124,0.6580396294593811,0.6832000017166138,0.6346666812896729,0.9245926141738892,0.9346666932106018,0.914733350276947,0.9960663914680481,0.9955333471298218,0.9966000318527222,0.8048049807548523,0.25083333253860474,1.2722272872924805,1.4948781728744507,2.663940668106079,0.5268421769142151,0.33671754598617554,2.078235149383545,0.5847959518432617,0.0,0.7521089911460876,0.3108469247817993,0.019288834184408188,0.04870882257819176,0.37570440769195557,14.343770027160645,81.31552124023438,0.00805058516561985,0.005347473546862602,0.005930910352617502,0.00534929009154439,-0.00921839103102684,0.00840215478092432,0.018096374347805977,0.9681992530822754,0.006905185990035534,0.012600339949131012,0.996778666973114,0.009494609199464321,0.017154566943645477,0.9834254384040833,0.008292593993246555,0.014689123257994652,0.9973615407943726,0.010535231791436672,0.027051711454987526,0.9026526212692261,0.008913148194551468,0.017319146543741226,0.9683698415756226
Myrmecina_sp._CASENT0745613_processed.obj,Stage_2_deform_coarse,0.0004392581176944077,0.02388026751577854,0.01154518872499466,0.012335078790783882,0.028514686971902847,0.12127533555030823,0.12221530824899673,0.12613333761692047,0.11853333562612534,0.5122688412666321,0.5510333180427551,0.47859999537467957,0.8842809796333313,0.9125999808311462,0.8576666712760925,0.9923802018165588,0.9864000082015991,0.9984333515167236,0.8209617137908936,0.3519666790962219,1.3753879070281982,1.657973051071167,3.1685523986816406,0.5365458726882935,0.36961114406585693,3.0205981731414795,0.6655347347259521,0.0,0.7771928310394287,0.321170449256897,0.02426222525537014,0.06333238631486893,0.2635747492313385,14.830673217773438,94.06422424316406,0.010429908521473408,0.00814846996217966,0.008696367032825947,0.008118130266666412,-0.00017692986875772476,0.010655525140464306,0.022239742800593376,0.9256705045700073,0.010606901720166206,0.02431940846145153,0.9185457825660706,0.01124452892690897,0.02186124213039875,0.9254143834114075,0.009778800420463085,0.016765892505645752,0.9894459247589111,0.011445736512541771,0.025329912081360817,0.9258305430412292,0.011706892400979996,0.027115873992443085,0.8978102207183838
Nesomyrmex_angulatus_CASENT0744820_processed.obj,Stage_2_deform_coarse,0.0006053796969354153,0.02854323573410511,0.013080283999443054,0.015462951734662056,0.03690309450030327,0.18727199733257294,0.08830087631940842,0.09043333679437637,0.0862666666507721,0.3971436619758606,0.4290333390235901,0.3696666657924652,0.804530918598175,0.8690000176429749,0.7489666938781738,0.9898813366889954,0.9884666800498962,0.9912999868392944,0.7733569145202637,0.40880000591278076,1.5487573146820068,2.4563586711883545,4.009588241577148,0.5113999247550964,0.4252358078956604,4.786078453063965,0.7864638566970825,0.0,0.7209888100624084,0.2921678423881531,0.026340775191783905,0.06919931620359421,0.3382575809955597,14.83604621887207,100.79309844970703,0.011896613985300064,0.06090310588479042,0.06215495616197586,0.06100207939743996,0.009098589420318604,0.012431766837835312,0.027859443798661232,0.8670498132705688,0.012670674361288548,0.024414222687482834,0.8913943767547607,0.01174531877040863,0.023755613714456558,0.9254143834114075,0.013171259313821793,0.024424027651548386,0.8496042490005493,0.013849263079464436,0.031068120151758194,0.8323461413383484,0.011165950447320938,0.020886199548840523,0.9355230927467346
Odontomachus_troglodytes_CASENT0744970_processed.obj,Stage_2_deform_coarse,0.0002998300187755376,0.017170917242765427,0.009164256043732166,0.008006660267710686,0.023814676329493523,0.13807690143585205,0.3114452362060547,0.3162333369255066,0.3068000078201294,0.755103349685669,0.7644667029380798,0.7459666728973389,0.9487957954406738,0.9316666722297668,0.9665666818618774,0.9945889711380005,0.9893666505813599,0.9998666644096375,0.7577833533287048,0.19036667048931122,1.2033452987670898,1.0353528261184692,2.3187060356140137,0.5560447573661804,0.3097456693649292,1.7660928964614868,0.5570476055145264,0.0,0.7588851451873779,0.34006813168525696,0.01688358560204506,0.036726661026477814,0.25273990631103516,13.962327003479004,73.63337707519531,0.0061275712214410305,0.01396006066352129,0.014594689011573792,0.014173027127981186,-0.004001396708190441,0.006519261281937361,0.013875063508749008,0.984674334526062,0.0058089615777134895,0.010539603419601917,0.9986194372177124,0.006488311570137739,0.014201086014509201,0.972375750541687,0.007350795902311802,0.013433925807476044,1.0,0.00860582571476698,0.0198359452188015,0.951326310634613,0.007200680673122406,0.013923105783760548,0.9732360243797302
Oxyopomyrmex_saulcyi_CASENT0745218_processed.obj,Stage_2_deform_coarse,0.0004277240950614214,0.024441996589303017,0.0110720070078969,0.013369989581406116,0.03185020014643669,0.1362227201461792,0.10250558704137802,0.10673333704471588,0.09860000014305115,0.46982821822166443,0.51173335313797,0.4342666566371918,0.8801933526992798,0.925599992275238,0.8390333652496338,0.9957104325294495,0.998199999332428,0.993233323097229,0.7810094952583313,0.4249333441257477,1.2683392763137817,1.2352182865142822,2.5240676403045654,0.602317214012146,0.30983874201774597,2.288102626800537,0.5489353537559509,0.0,0.7809939384460449,0.3497826159000397,0.017712384462356567,0.04741363972425461,0.2848944067955017,14.868287086486816,83.11659240722656,0.00821355264633894,0.0010034182341769338,0.001682380330748856,0.0010715987300500274,-0.003535785246640444,0.009443246759474277,0.017670176923274994,0.977011501789093,0.010822407901287079,0.023143896833062172,0.9213069677352905,0.010132833383977413,0.018872611224651337,0.9640884399414062,0.012228895910084248,0.024862967431545258,0.897097647190094,0.010123497806489468,0.018407771363854408,0.9642029404640198,0.011276479810476303,0.03051871806383133,0.8965936899185181
Polyrhachis_decemdentata_CASENT0744779_processed.obj,Stage_2_deform_coarse,0.0003695788618642837,0.02223687246441841,0.010525520890951157,0.01171135250478983,0.027681579813361168,0.09241407364606857,0.15106746554374695,0.15596666932106018,0.1464666724205017,0.5628507137298584,0.6050333380699158,0.5261666774749756,0.8958566784858704,0.9253333210945129,0.8682000041007996,0.9955720901489258,0.9922333359718323,0.9989333152770996,0.8144774436950684,0.33576667308807373,1.344910979270935,1.3059117794036865,3.1035733222961426,0.5321698188781738,0.37639153003692627,2.4074671268463135,0.6659404635429382,0.0,0.7729842066764832,0.3221830725669861,0.024262351915240288,0.06256040930747986,0.2690492272377014,14.514175415039062,85.04680633544922,0.008702455088496208,0.002844762522727251,0.0038103805854916573,0.0028947938699275255,-0.012625161558389664,0.009236275218427181,0.018569575622677803,0.9609195590019226,0.008506936952471733,0.015596679411828518,0.9843534231185913,0.011287583969533443,0.022806547582149506,0.9254143834114075,0.008892388083040714,0.016899168491363525,0.9868074059486389,0.011016719974577427,0.023666987195611,0.9114087224006653,0.009102887474000454,0.01824246160686016,0.9659367203712463
Polyrhachis_dives_CASENT0878093_processed.obj,Stage_2_deform_coarse,0.0009007202461361885,0.031173016875982285,0.016137445345520973,0.015035570599138737,0.04706146940588951,0.1578368991613388,0.0811619833111763,0.08250000327825546,0.0798666700720787,0.3822942078113556,0.407233327627182,0.360233336687088,0.7972798943519592,0.8273333311080933,0.7693333625793457,0.9732734560966492,0.9541000127792358,0.993233323097229,0.7840142250061035,0.3812333345413208,1.4620752334594727,1.7783668041229248,3.547377824783325,0.532986581325531,0.4097018837928772,3.4269168376922607,0.7317565083503723,0.0,0.7630882859230042,0.30447328090667725,0.030145099386572838,0.08151398599147797,0.43470051884651184,15.08742904663086,88.53316497802734,0.009419511072337627,0.018137646839022636,0.019421199336647987,0.018650546669960022,0.005133537575602531,0.012586361728608608,0.025548234581947327,0.8934866189956665,0.013840245082974434,0.03136909753084183,0.8329498767852783,0.01174567174166441,0.019726399332284927,0.961326003074646,0.011431219056248665,0.021954480558633804,0.9340369701385498,0.01412870828062296,0.028681596741080284,0.8333762884140015,0.010967763140797615,0.020259182900190353,0.94525545835495
Ponera_kohmoku_OKENT0105440_processed.obj,Stage_2_deform_coarse,0.00035547366132959723,0.02153996005654335,0.010692338459193707,0.010847621597349644,0.02564079686999321,0.11005337536334991,0.15412664413452148,0.15919999778270721,0.14936666190624237,0.5948758721351624,0.6130666732788086,0.5777333378791809,0.9088801741600037,0.9208333492279053,0.8972333669662476,0.9953210949897766,0.9918333292007446,0.9988333582878113,0.781783938407898,0.34060001373291016,1.3083330392837524,1.362246036529541,2.838294506072998,0.5301490426063538,0.3594060242176056,2.3341712951660156,0.6366066932678223,0.0,0.7479391694068909,0.3096647262573242,0.021177707239985466,0.05774383246898651,0.24550184607505798,15.62105941772461,87.40691375732422,0.009419511072337627,0.001422783825546503,0.0021461741998791695,0.0014023662079125643,-0.005053808446973562,0.008577179163694382,0.016810625791549683,0.9800766706466675,0.012470098212361336,0.027731461450457573,0.8697653412818909,0.009397353045642376,0.01653129793703556,0.9861878752708435,0.008951559662818909,0.01808895915746689,0.9709762930870056,0.008803886361420155,0.01679627038538456,0.9752768874168396,0.00881898496299982,0.017901815474033356,0.9586374759674072
Ponera_tamon_OKENT0105154_processed.obj,Stage_2_deform_coarse,0.00017459984519518912,0.015735501423478127,0.007651225663721561,0.008084275759756565,0.01756044290959835,0.05746793374419212,0.29100945591926575,0.3005000054836273,0.28209999203681946,0.7746100425720215,0.8068667054176331,0.7448333501815796,0.9669784903526306,0.9648333191871643,0.9691333174705505,0.9999333024024963,1.0,0.9998666644096375,0.7980194687843323,0.28246667981147766,1.1919344663619995,1.0193836688995361,2.2909765243530273,0.54960036277771,0.30234262347221375,1.7119868993759155,0.5447491407394409,0.0,0.7755722403526306,0.3692469596862793,0.013218055479228497,0.032709453254938126,0.2200620323419571,14.28750991821289,75.5050277709961,0.006453505717217922,0.023671766743063927,0.024392787367105484,0.024022994562983513,-0.0035474803298711777,0.0065568070858716965,0.011899345554411411,0.99042147397995,0.005967252422124147,0.010782307013869286,1.0,0.006447506602853537,0.01125865988433361,1.0,0.008867553435266018,0.019719403237104416,0.9498680830001831,0.007640980649739504,0.01659548655152321,0.9747617840766907,0.006568750832229853,0.012895778752863407,0.9951338171958923
Pseudolasius_sp._CASENT0878065_processed.obj,Stage_2_deform_coarse,0.0005895205540582538,0.027772068977355957,0.013343149796128273,0.014428919181227684,0.03418056294322014,0.1179044097661972,0.08817502856254578,0.09013333171606064,0.08630000054836273,0.4255703091621399,0.4534333348274231,0.40093332529067993,0.8194555044174194,0.862666666507721,0.7803666591644287,0.9885630011558533,0.981333315372467,0.99590003490448,0.7829340696334839,0.32866665720939636,1.413390040397644,1.8625341653823853,3.2501983642578125,0.5087052583694458,0.40005436539649963,2.9308300018310547,0.7093175649642944,0.0,0.7298588752746582,0.2771502435207367,0.028457926586270332,0.0703624039888382,0.46421265602111816,15.49091911315918,102.14070129394531,0.01251588948071003,0.10091546177864075,0.1022060438990593,0.10302441567182541,-0.0007063001394271851,0.010848507285118103,0.023294569924473763,0.9218391180038452,0.017482606694102287,0.03692851960659027,0.6778647303581238,0.01022889744490385,0.017713619396090508,0.9668508768081665,0.01054102648049593,0.01874505914747715,0.9709762930870056,0.014846725389361382,0.037866607308387756,0.8122586011886597,0.013989794999361038,0.03210045024752617,0.8345498442649841
Pseudomyrmex_cf.solis_CASENT0744065_processed.obj,Stage_2_deform_coarse,0.0001891785068437457,0.015875529497861862,0.007632454391568899,0.00824307557195425,0.019865065813064575,0.07720513641834259,0.31310567259788513,0.3221000134944916,0.3046000003814697,0.774502158164978,0.8088333606719971,0.7429666519165039,0.9574216604232788,0.9640333652496338,0.9509000182151794,0.9991161227226257,0.99836665391922,0.9998666644096375,0.805572509765625,0.2713666558265686,1.3094725608825684,1.309945821762085,2.948356866836548,0.5477951765060425,0.34184572100639343,2.2476589679718018,0.6091700196266174,0.0,0.7739177942276001,0.3492767810821533,0.014681881293654442,0.03891775757074356,0.19785645604133606,14.2493896484375,86.46847534179688,0.009321730583906174,0.009278778918087482,0.009809021838009357,0.009344612248241901,0.0013967240229249,0.0059302011504769325,0.011177725158631802,0.9938697814941406,0.00766789959743619,0.016971632838249207,0.9696272611618042,0.00723628094419837,0.01403250265866518,0.972375750541687,0.00791613943874836,0.01637323759496212,0.9868074059486389,0.007846259512007236,0.015372639521956444,0.9768220782279968,0.007286204025149345,0.015073166228830814,0.9781022071838379
Solenopsis_invicta_CASENT0744384_processed.obj,Stage_2_deform_coarse,0.0006289475713856518,0.029284581542015076,0.014008085243403912,0.01527649536728859,0.03505798801779747,0.09550158679485321,0.07840118557214737,0.08073333650827408,0.07620000094175339,0.37660011649131775,0.40380001068115234,0.3528333306312561,0.7956439852714539,0.8353999853134155,0.7595000267028809,0.9885390996932983,0.9852666854858398,0.9918333292007446,0.716951310634613,0.4498000144958496,1.4431333541870117,1.7609367370605469,3.508115291595459,0.5208494067192078,0.41340282559394836,3.187819242477417,0.7289851307868958,0.0,0.7365801930427551,0.2931128740310669,0.027549628168344498,0.07024070620536804,0.3153998553752899,15.421651840209961,85.55652618408203,0.008995795622467995,0.012202807702124119,0.013655440881848335,0.012175371870398521,-0.004733887501060963,0.012161102145910263,0.025830162689089775,0.8816092014312744,0.014338037930428982,0.030473453924059868,0.8177634477615356,0.012234019115567207,0.025205958634614944,0.8867403864860535,0.011294633150100708,0.021263038739562035,0.9234828948974609,0.012907098978757858,0.026900844648480415,0.8696883916854858,0.01421568263322115,0.04212244600057602,0.856447696685791
Stigmatomma_FHG02_CASENT0745561_processed.obj,Stage_2_deform_coarse,0.00047320284647867084,0.02409321628510952,0.01184880081564188,0.01224441546946764,0.029322229325771332,0.14863109588623047,0.12744657695293427,0.12906666100025177,0.12586666643619537,0.5204805135726929,0.5472999811172485,0.4961666762828827,0.8814671039581299,0.904033362865448,0.8600000143051147,0.990436851978302,0.9837000370025635,0.9972666501998901,0.8135515451431274,0.3991333246231079,1.3801137208938599,1.9392781257629395,3.159210443496704,0.548707902431488,0.3628813624382019,3.057969331741333,0.6446226835250854,0.0,0.764201283454895,0.33259302377700806,0.02283569611608982,0.07209780067205429,0.4087735116481781,14.121947288513184,80.62309265136719,0.00805058516561985,0.04255998879671097,0.04330337420105934,0.04264391213655472,0.003299292176961899,0.01106822770088911,0.024656139314174652,0.898467481136322,0.009007450193166733,0.017152655869722366,0.9714680314064026,0.010273687541484833,0.017977876588702202,0.9668508768081665,0.010487362742424011,0.02023380994796753,0.9419525265693665,0.010410086251795292,0.02026871219277382,0.9477208256721497,0.009053504094481468,0.020464083179831505,0.9489051103591919
Strumigenys_alberti_CASENT0878103_processed.obj,Stage_2_deform_coarse,0.000495395390316844,0.026254810392856598,0.012177543714642525,0.014077265746891499,0.03294367343187332,0.10175079107284546,0.09274750202894211,0.0940999984741211,0.0914333313703537,0.43289968371391296,0.46549999713897705,0.4045666754245758,0.8415631651878357,0.8925333619117737,0.7961000204086304,0.9953977465629578,0.9939000010490417,0.9969000220298767,0.8054998517036438,0.3684000074863434,1.481971263885498,1.9014045000076294,3.6862680912017822,0.543048620223999,0.4066198170185089,3.637110948562622,0.7469843626022339,0.0,0.7500594854354858,0.31893762946128845,0.025754401460289955,0.07240141928195953,0.4550107419490814,14.997444152832031,90.9659652709961,0.010136567056179047,0.010590196587145329,0.011378969065845013,0.010541049763560295,-0.001315489411354065,0.012510938569903374,0.025835154578089714,0.8693487048149109,0.014107071794569492,0.0310447309166193,0.7998159527778625,0.011786205694079399,0.02073151059448719,0.9364641308784485,0.01054319366812706,0.020384076982736588,0.9445910453796387,0.012589061632752419,0.02662413939833641,0.8910636305809021,0.010502427816390991,0.02084645815193653,0.9440389275550842
Strumigenys_canina_OKENT0105288_processed.obj,Stage_2_deform_coarse,0.0003820411511696875,0.021746672689914703,0.010625338181853294,0.011121334508061409,0.026054205372929573,0.14342382550239563,0.1618279665708542,0.16699999570846558,0.1569666713476181,0.591827392578125,0.6286666989326477,0.559066653251648,0.9042699933052063,0.9199666976928711,0.8891000151634216,0.9946555495262146,0.9913333654403687,0.9980000257492065,0.8029205799102783,0.2803666591644287,1.2801592350006104,1.377035140991211,2.6751363277435303,0.5518898963928223,0.3244155943393707,2.237079381942749,0.5775575041770935,0.0,0.7635493874549866,0.3226609230041504,0.01974186860024929,0.052384696900844574,0.27876710891723633,13.794514656066895,81.3774185180664,0.007985398173332214,0.0026059099473059177,0.0032235027756541967,0.0026362251956015825,-0.0021532666869461536,0.008990183472633362,0.0178478192538023,0.9697318077087402,0.009192154742777348,0.018818465992808342,0.9581224322319031,0.008797629736363888,0.016915028914809227,0.9696133136749268,0.011757717467844486,0.024585695937275887,0.8891820907592773,0.010279221460223198,0.022255221381783485,0.9327839612960815,0.011030687019228935,0.02899974398314953,0.9063260555267334
Strumigenys_crassicornis_CASENT0744273_processed.obj,Stage_2_deform_coarse,0.0005453159683384001,0.026797961443662643,0.012842726893723011,0.013955234549939632,0.0322679802775383,0.12486773729324341,0.09392435103654861,0.09666667133569717,0.09133333712816238,0.42874640226364136,0.4663333296775818,0.39676666259765625,0.8408605456352234,0.8822667002677917,0.8031666874885559,0.9903785586357117,0.9830666780471802,0.9977999925613403,0.7815799713134766,0.33963334560394287,1.4454468488693237,1.8845328092575073,3.417628526687622,0.5415626168251038,0.39242345094680786,3.5699570178985596,0.6989582777023315,0.0,0.7725973725318909,0.3230442404747009,0.025305500254034996,0.06871876120567322,0.28819596767425537,15.144569396972656,97.4336929321289,0.011049184016883373,0.004092125687748194,0.005149709526449442,0.0042741247452795506,-0.009062463417649269,0.012429795227944851,0.025802087038755417,0.8773946762084961,0.012409565038979053,0.027776023373007774,0.8762080073356628,0.00926522258669138,0.017213627696037292,0.9751381874084473,0.012526625767350197,0.022551249712705612,0.9050132036209106,0.011312450282275677,0.021214939653873444,0.9330414533615112,0.010857600718736649,0.018096189945936203,0.959854006767273
Strumigenys_sp._appretiata_group_CASENT0744156_processed.obj,Stage_2_deform_coarse,0.0003343583666719496,0.021072257310152054,0.009853046387434006,0.011219210922718048,0.02601362019777298,0.1282397359609604,0.16363459825515747,0.17003333568572998,0.15770000219345093,0.5876230597496033,0.6398666501045227,0.5432666540145874,0.9186932444572449,0.9470333456993103,0.8920000195503235,0.9970816969871521,0.9958000183105469,0.99836665391922,0.8170139193534851,0.3623666763305664,1.2761951684951782,1.247209906578064,2.59207820892334,0.5486875772476196,0.34323856234550476,2.1682231426239014,0.5936018228530884,0.0,0.7750455141067505,0.3492664396762848,0.019189154729247093,0.04752591252326965,0.22441822290420532,14.92141056060791,81.7988052368164,0.00821355264633894,0.002379828132688999,0.0033688696566969156,0.002388427034020424,-0.0062034884467720985,0.008859917521476746,0.016010666266083717,0.9877395033836365,0.013279909268021584,0.02976822480559349,0.8361712098121643,0.009046075865626335,0.0164258424192667,0.9861878752708435,0.009533238597214222,0.019080717116594315,0.9551451802253723,0.009323583915829659,0.019333554431796074,0.9528715014457703,0.008382528088986874,0.016047652810811996,0.9732360243797302
Strumigenys_stenorhina_OKENT0105268_processed.obj,Stage_2_deform_coarse,0.00011943622666876763,0.013000167906284332,0.006425154861062765,0.0065750135108828545,0.013952990993857384,0.0596390962600708,0.40332335233688354,0.414166659116745,0.39303332567214966,0.8762480616569519,0.8858000040054321,0.8669000267982483,0.9828155636787415,0.9817667007446289,0.9838666915893555,0.9997666478157043,0.9996333718299866,0.9998999834060669,0.8320682644844055,0.31353333592414856,1.129309058189392,0.8373861312866211,2.045438528060913,0.6107995510101318,0.2591824531555176,1.4490463733673096,0.46370843052864075,0.0,0.7760608196258545,0.36560916900634766,0.012076996266841888,0.030937351286411285,0.23267671465873718,13.51695728302002,73.2223129272461,0.005834229756146669,0.00045083064469508827,0.0010093629825860262,0.0004661176644731313,-0.00831811036914587,0.0054300520569086075,0.01049033086746931,0.9992337226867676,0.00606499845162034,0.011055991053581238,0.9963184595108032,0.0063874321058392525,0.014286994002759457,0.980663001537323,0.006824695039540529,0.01257971953600645,0.9973615407943726,0.0055016702972352505,0.009544527158141136,0.9984548091888428,0.005295809358358383,0.009913946501910686,0.9975668787956238
Syllophopsis_sechellensis_OKENT0105212_processed.obj,Stage_2_deform_coarse,0.0001977070642169565,0.01484772004187107,0.00803378690034151,0.006813932675868273,0.022376561537384987,0.07431377470493317,0.3770139515399933,0.3760000169277191,0.3780333399772644,0.834946870803833,0.8257666826248169,0.8443333506584167,0.9634801745414734,0.9430333375930786,0.9848333597183228,0.9948933124542236,0.9901000261306763,0.9997333288192749,0.8076831102371216,0.1458333283662796,1.227859377861023,1.0807198286056519,2.3816137313842773,0.611020028591156,0.2913122773170471,1.8443244695663452,0.5053151249885559,0.0,0.7962340712547302,0.3631928861141205,0.014080957509577274,0.033089831471443176,0.1522706001996994,13.493269920349121,79.03407287597656,0.007137968670576811,0.050540272146463394,0.051218487322330475,0.050700992345809937,-0.0042702145874500275,0.005670842714607716,0.011470100842416286,0.99042147397995,0.005147362127900124,0.009610713459551334,1.0,0.00800351146608591,0.015234366990625858,0.980663001537323,0.006442730780690908,0.010791192762553692,1.0,0.007177499122917652,0.013896876014769077,0.9842905402183533,0.007426420226693153,0.015833262354135513,0.970802903175354
Temnothorax_congruus_OKENT0105443_processed.obj,Stage_2_deform_coarse,0.00018227205146104097,0.016279196366667747,0.007321746088564396,0.008957450278103352,0.020937543362379074,0.08366647362709045,0.25203651189804077,0.26510000228881836,0.2401999980211258,0.752964973449707,0.8137000203132629,0.7006666660308838,0.9672543406486511,0.9939000010490417,0.9420000314712524,0.9996498823165894,1.0,0.9993000030517578,0.844992458820343,0.2402999997138977,1.1672732830047607,0.8535435795783997,2.0238258838653564,0.6150121092796326,0.26390397548675537,1.5511584281921387,0.47185614705085754,0.0,0.8049653768539429,0.39196649193763733,0.011659281328320503,0.02679593488574028,0.15713346004486084,13.811941146850586,75.05220794677734,0.005410514771938324,0.015173104591667652,0.015848178416490555,0.01539599895477295,-0.0015538940206170082,0.006825304590165615,0.012076648883521557,0.998084306716919,0.006755702197551727,0.012271711602807045,1.0,0.008584748953580856,0.016459131613373756,0.980663001537323,0.008641056716442108,0.014387289062142372,0.9947230219841003,0.007644658908247948,0.013587966561317444,0.988926112651825,0.00730551453307271,0.015005148015916348,0.9963503479957581
Temnothorax_sp._OKENT0105336_processed.obj,Stage_2_deform_coarse,0.0004050222923979163,0.02357824146747589,0.010746321640908718,0.012831918895244598,0.030739476904273033,0.07816685736179352,0.12937140464782715,0.1377333402633667,0.12196666747331619,0.5157727599143982,0.5663333535194397,0.47350001335144043,0.8785402774810791,0.9222333431243896,0.8388000130653381,0.9962992072105408,0.9972000122070312,0.9954000115394592,0.759425163269043,0.4433000087738037,1.2856699228286743,1.449415683746338,2.5965018272399902,0.5604211688041687,0.3293376863002777,2.294966697692871,0.5848522782325745,0.0,0.7844999432563782,0.3519144654273987,0.01893189176917076,0.05081002041697502,0.28966110944747925,14.455153465270996,82.23359680175781,0.008017991669476032,0.010348106734454632,0.011873537674546242,0.010488861240446568,-0.00026759225875139236,0.009409940801560879,0.01759028621017933,0.9758620858192444,0.010168366134166718,0.022285034880042076,0.9318913817405701,0.009732259437441826,0.01862684264779091,0.972375750541687,0.010908925905823708,0.020209437236189842,0.9472295641899109,0.009053409099578857,0.016564970836043358,0.9778521656990051,0.008084872737526894,0.015071040950715542,0.9927006959915161
Tetramorium_kraepelini_CASENT0744084_processed.obj,Stage_2_deform_coarse,0.00043081032345071435,0.02434203401207924,0.011075791902840137,0.013266241177916527,0.03131605684757233,0.12658175826072693,0.11231706291437149,0.11746666580438614,0.10760000348091125,0.4825826585292816,0.5261666774749756,0.44566667079925537,0.8752202391624451,0.9260666966438293,0.8296666741371155,0.9956656098365784,0.9966999888420105,0.9946333169937134,0.7925980091094971,0.3793666660785675,1.2928403615951538,1.2725142240524292,2.6770589351654053,0.5627835392951965,0.33788907527923584,2.336160898208618,0.6014806032180786,0.0,0.7787536978721619,0.3421984016895294,0.019892916083335876,0.04876872897148132,0.35762596130371094,14.653637886047363,82.83177947998047,0.00821355264633894,0.0013666109880432487,0.002005360322073102,0.001382921589538455,-0.007688195910304785,0.009523519314825535,0.018521174788475037,0.9605364203453064,0.009848861023783684,0.019608842208981514,0.9512194991111755,0.010323265567421913,0.018831783905625343,0.961326003074646,0.012153632007539272,0.02378903329372406,0.9102903008460999,0.009957179427146912,0.01843470335006714,0.9685810208320618,0.01085028238594532,0.028150564059615135,0.916058361530304
Acanthostichus_aff.brevicornis_CASENT0744328_processed.obj,Stage_3_deform_fine,0.00021294475300237536,0.016221173107624054,0.008440752513706684,0.007780421059578657,0.023294726386666298,0.0789770632982254,0.31340330839157104,0.3165000081062317,0.3103666603565216,0.7744401693344116,0.7868666648864746,0.7624000310897827,0.9536654353141785,0.9352999925613403,0.9727666974067688,0.9973104596138,0.9948333501815796,0.9998000264167786,0.8351196646690369,0.34170001745224,1.2212154865264893,1.3720215559005737,2.747636079788208,0.3544255793094635,0.4049041271209717,2.0897223949432373,0.7581329941749573,0.0,0.6541845202445984,0.16485771536827087,0.01822536438703537,0.04917766898870468,0.40898585319519043,12.771632194519043,66.93482971191406,0.005345327779650688,0.018703406676650047,0.0190875381231308,0.018672049045562744,0.0017774086445569992,0.007577446289360523,0.017007017508149147,0.9766283631324768,0.0054185357876122,0.010261218063533306,0.999539852142334,0.008908086456358433,0.015513986349105835,0.9972376227378845,0.005678892135620117,0.009811270982027054,1.0,0.00831659696996212,0.01998312585055828,0.9500386714935303,0.007267762441188097,0.013342570513486862,0.9902676343917847
Acromyrmex_coronatus_CASENT0744365_processed.obj,Stage_3_deform_fine,0.00022429913224186748,0.016365066170692444,0.008488459512591362,0.007876606658101082,0.01959054544568062,0.088043712079525,0.2808210253715515,0.28610000014305115,0.2757333219051361,0.7809514999389648,0.7978000044822693,0.7648000121116638,0.9634384512901306,0.9517666697502136,0.9754000306129456,0.9941022396087646,0.9885666966438293,0.9997000098228455,0.8296715617179871,0.13570000231266022,1.1790096759796143,1.0952191352844238,2.3311376571655273,0.42164474725723267,0.35066136717796326,1.6872845888137817,0.627004861831665,0.0,0.7174147367477417,0.17785139381885529,0.01895439624786377,0.05284447595477104,0.22137881815433502,12.85629653930664,62.361785888671875,0.0031289723701775074,0.053155653178691864,0.053445298224687576,0.05374497175216675,0.0006643682718276978,0.007066057529300451,0.014102735556662083,0.9915708899497986,0.006374075543135405,0.011425265111029148,0.9944776892662048,0.007583947852253914,0.012257101014256477,1.0,0.00867697224020958,0.019369009882211685,0.9709762930870056,0.008420875295996666,0.01705024391412735,0.9698686599731445,0.00819019228219986,0.014857156202197075,0.9817517995834351
Acromyrmex_lobicornis_CASENT0878007_processed.obj,Stage_3_deform_fine,0.00039857608499005437,0.022911105304956436,0.011566936038434505,0.011344168335199356,0.028418252244591713,0.09602943062782288,0.12697157263755798,0.12890000641345978,0.1251000016927719,0.5384876728057861,0.5567333102226257,0.5214000344276428,0.8987357020378113,0.9023333191871643,0.8951666951179504,0.9932559132575989,0.9880666732788086,0.9984999895095825,0.7876843810081482,0.3165999948978424,1.356318712234497,1.6656755208969116,3.3449811935424805,0.3764233887195587,0.45082318782806396,2.912095069885254,0.8365048170089722,0.0,0.6553371548652649,0.16901488602161407,0.026340574026107788,0.0637197494506836,0.3546825647354126,13.29118824005127,67.16594696044922,0.005084580276161432,0.015954241156578064,0.016271494328975677,0.01643596589565277,-8.171424269676208e-05,0.010545789264142513,0.022579828277230263,0.9283525347709656,0.011869936250150204,0.025220634415745735,0.8946157693862915,0.0102245407178998,0.019843406975269318,0.9530386924743652,0.00918627344071865,0.015281041152775288,0.9894459247589111,0.01121392659842968,0.024665592238307,0.9093484282493591,0.013147197663784027,0.03189260885119438,0.8284671306610107
Anochetus_risii_CASENT0877608_processed.obj,Stage_3_deform_fine,0.00010680366540327668,0.01272839680314064,0.006172514520585537,0.006555882748216391,0.01344631239771843,0.050570789724588394,0.39212992787361145,0.4012666642665863,0.38339999318122864,0.8861609101295471,0.9071000218391418,0.8661666512489319,0.9913291335105896,0.9933666586875916,0.989300012588501,0.9999666810035706,1.0,0.9999333620071411,0.887340247631073,0.11540000140666962,1.0764347314834595,0.9131453037261963,1.6672250032424927,0.523353636264801,0.24900425970554352,1.2854056358337402,0.461569219827652,0.0,0.7415595650672913,0.19270099699497223,0.011715645901858807,0.03172412887215614,0.4533413052558899,12.148247718811035,57.86687088012695,0.0023467293940484524,0.002013176679611206,0.0025510075502097607,0.002028579358011484,-0.009203838184475899,0.005759712774306536,0.01113717257976532,0.9984674453735352,0.0057124304585158825,0.010239318013191223,0.9972388744354248,0.008924467489123344,0.019632497802376747,0.9530386924743652,0.006922970525920391,0.013007134199142456,1.0,0.00590925756841898,0.010104640386998653,1.0,0.0058931950479745865,0.008906780742108822,1.0
Anochetus_risii_CASENT0877609_processed.obj,Stage_3_deform_fine,0.0009145381045527756,0.029438022524118423,0.016540084034204483,0.012897937558591366,0.05180096998810768,0.289884477853775,0.10161495208740234,0.102033331990242,0.10119999945163727,0.4400637149810791,0.4505000114440918,0.4300999939441681,0.82625812292099,0.8094000220298767,0.843833327293396,0.9720190167427063,0.9466666579246521,0.9987666606903076,0.7244533896446228,0.4110666811466217,1.4150406122207642,2.4521031379699707,3.446418523788452,0.3768940269947052,0.4512636959552765,3.558485746383667,0.8630878925323486,0.0,0.6242179870605469,0.13462616503238678,0.02761405147612095,0.08396678417921066,0.5801560282707214,13.787456512451172,81.16829681396484,0.008832828141748905,0.010594168677926064,0.011362532153725624,0.010698709636926651,-0.0003628823906183243,0.011487682349979877,0.024059094488620758,0.9099617004394531,0.014772756956517696,0.03295321390032768,0.7731247544288635,0.01163431629538536,0.02359074540436268,0.9171271324157715,0.009445012547075748,0.01639651134610176,0.9841688871383667,0.012646409682929516,0.03045647218823433,0.8761267066001892,0.016400735825300217,0.036722905933856964,0.8077858686447144
Aphaenogaster_pallida_CASENT0745235_processed.obj,Stage_3_deform_fine,0.00013563549146056175,0.013479888439178467,0.006689880508929491,0.006790008395910263,0.01382259652018547,0.13977748155593872,0.36165812611579895,0.36803334951400757,0.3555000126361847,0.8634451627731323,0.8841000199317932,0.8437333703041077,0.9872972369194031,0.9856666922569275,0.9889333248138428,0.9987818598747253,0.9975666999816895,1.0,0.9090993404388428,0.044733334332704544,1.064411997795105,0.603479266166687,1.7468864917755127,0.4903326630592346,0.2662771940231323,1.2058061361312866,0.4692888855934143,0.0,0.7759928107261658,0.24509994685649872,0.011377187445759773,0.030904285609722137,0.14593568444252014,11.87960433959961,57.946044921875,0.0022815424017608166,0.003062603296712041,0.0033715369645506144,0.0030710247810930014,-0.003933383151888847,0.006137559190392494,0.011239211075007915,0.9992337226867676,0.005776841193437576,0.01109479833394289,0.9976990222930908,0.008692321367561817,0.014103072695434093,0.9972376227378845,0.0074855550192296505,0.01529913954436779,0.9973615407943726,0.006842568051069975,0.011877558194100857,0.9961370229721069,0.008303666487336159,0.012567667290568352,0.989051103591919
Atopomyrmex_mocquerysi_CASENT0744784_processed.obj,Stage_3_deform_fine,0.00014811621804255992,0.012505412101745605,0.006440827623009682,0.006064584944397211,0.015822460874915123,0.12788927555084229,0.5020151138305664,0.5062333345413208,0.4978666603565216,0.8780664205551147,0.8785666823387146,0.8775666952133179,0.9777266383171082,0.9703333377838135,0.9852333664894104,0.9977651238441467,0.9965333342552185,0.9990000128746033,0.820225715637207,0.10970000177621841,1.1583542823791504,1.6525897979736328,2.245043992996216,0.3944529891014099,0.3510742485523224,1.604741096496582,0.6295760273933411,0.0,0.7102505564689636,0.20947320759296417,0.014336047694087029,0.03633687645196915,0.6138666272163391,11.814531326293945,62.750343322753906,0.0036178743466734886,0.023418059572577477,0.02360725775361061,0.02371041849255562,-0.0004846286028623581,0.004701732657849789,0.009095396846532822,0.9996168613433838,0.004527871496975422,0.00860713329166174,0.9976990222930908,0.006187969818711281,0.009980767965316772,0.9944751858711243,0.005187623668462038,0.010079668834805489,0.9973615407943726,0.006998078431934118,0.01581919565796852,0.9781097173690796,0.007477930746972561,0.02075246535241604,0.9476885795593262
Carebara_trechideros_CASENT0877591_processed.obj,Stage_3_deform_fine,0.00017284615023527294,0.013423051685094833,0.007120433729141951,0.00630261842161417,0.017946355044841766,0.08973169326782227,0.45185020565986633,0.45866668224334717,0.4452333450317383,0.8650911450386047,0.8678666949272156,0.862333357334137,0.9732180833816528,0.956933319568634,0.9900667071342468,0.9952453970909119,0.9906666874885559,0.9998666644096375,0.8251752853393555,0.12866666913032532,1.2062932252883911,1.8343760967254639,2.442458391189575,0.41230225563049316,0.3516380786895752,1.6811317205429077,0.6495880484580994,0.0,0.6928433775901794,0.18868857622146606,0.015140383504331112,0.03920986130833626,0.4406195878982544,12.101728439331055,64.87091827392578,0.00410677632316947,0.02542605809867382,0.025696855038404465,0.02575109340250492,0.00157100148499012,0.004942284431308508,0.00955258309841156,0.9984674453735352,0.004603944718837738,0.008503327146172523,1.0,0.006536481902003288,0.009982180781662464,1.0,0.0055181835778057575,0.00934986025094986,1.0,0.006954003591090441,0.015981504693627357,0.9706412553787231,0.006449742242693901,0.011480594985187054,0.9927006959915161
Centromyrmex_brachycola_CASENT0744052_processed.obj,Stage_3_deform_fine,0.0001916778419399634,0.0161198191344738,0.007860751822590828,0.008259067311882973,0.0187249593436718,0.09590164572000504,0.2753770351409912,0.2799333333969116,0.27096667885780334,0.7716363668441772,0.7969666719436646,0.747866690158844,0.965033769607544,0.9707000255584717,0.9594333171844482,0.9984484910964966,0.9972333312034607,0.999666690826416,0.8595529794692993,0.2203666716814041,1.1613855361938477,1.0842735767364502,2.1570353507995605,0.4217413663864136,0.3376159965991974,1.671120047569275,0.6319453716278076,0.0,0.6998885869979858,0.1909799426794052,0.016197670251131058,0.03977113962173462,0.23137740790843964,12.28477954864502,60.53294372558594,0.003226752858608961,0.006384304724633694,0.006595483981072903,0.006430429872125387,-0.004987556487321854,0.006845378782600164,0.013268779963254929,0.992337167263031,0.00668181711807847,0.01222474966198206,0.999539852142334,0.009387653321027756,0.015193717554211617,0.9944751858711243,0.007786987815052271,0.013501930050551891,0.9947230219841003,0.007983510382473469,0.014879629947245121,0.9791398644447327,0.008366936817765236,0.014627479948103428,0.989051103591919
Cephalotes_minutus_CASENT0709253_processed.obj,Stage_3_deform_fine,0.00013052822032477707,0.014038849622011185,0.0067229848355054855,0.0073158652521669865,0.015134228393435478,0.060664013028144836,0.3178436756134033,0.32580000162124634,0.3102666735649109,0.842353880405426,0.8723333477973938,0.8143666982650757,0.987165093421936,0.993066668510437,0.981333315372467,0.9997499585151672,0.999500036239624,1.0,0.8910042643547058,0.1063000038266182,1.1032166481018066,0.7173749804496765,1.9705359935760498,0.4152119755744934,0.33514922857284546,1.3017328977584839,0.6158536076545715,0.0,0.7442238330841064,0.23809567093849182,0.016081901267170906,0.037936218082904816,0.1411653459072113,12.135688781738281,60.1777458190918,0.0033571268431842327,0.021756945177912712,0.022003857418894768,0.021902820095419884,-0.0011065378785133362,0.006455423776060343,0.011708857491612434,0.9977011680603027,0.006205873563885689,0.011392406187951565,1.0,0.005891634151339531,0.009915114380419254,1.0,0.006552954204380512,0.011740479618310928,1.0,0.007195080164819956,0.013174003921449184,0.9969096183776855,0.006516026332974434,0.012599354609847069,0.9963503479957581
Cephalotes_simillimus_CASENT0744408_processed.obj,Stage_3_deform_fine,0.00041468191193416715,0.02368014305830002,0.01145865861326456,0.012221485376358032,0.02763975039124489,0.11433040350675583,0.12728150188922882,0.13156667351722717,0.12326666712760925,0.5050353407859802,0.5373333096504211,0.4764000177383423,0.8839248418807983,0.9077333211898804,0.8613333702087402,0.9952876567840576,0.9918000102043152,0.9988000392913818,0.8057703375816345,0.4167666733264923,1.3609225749969482,1.7143707275390625,3.2924611568450928,0.36595216393470764,0.468075692653656,3.1189002990722656,0.8762306571006775,0.0,0.629316508769989,0.16458760201931,0.027220897376537323,0.06955704092979431,0.39103540778160095,13.712373733520508,69.51687622070312,0.005834229756146669,0.01689896360039711,0.017221366986632347,0.01694941148161888,-0.003906255587935448,0.010734571143984795,0.023262131959199905,0.9187739491462708,0.012283964082598686,0.02472219057381153,0.8950759172439575,0.008579608052968979,0.015009043738245964,0.9861878752708435,0.0109311668202281,0.01970735192298889,0.9551451802253723,0.011083987541496754,0.025009533390402794,0.9150142073631287,0.009686820209026337,0.01808420941233635,0.9635036587715149
Cephalotes_spinosus_CASENT0744158_processed.obj,Stage_3_deform_fine,0.00019734329544007778,0.01648067869246006,0.007977575063705444,0.008503103628754616,0.01940188743174076,0.07877565175294876,0.2641655206680298,0.27133333683013916,0.2573666572570801,0.748996913433075,0.7804666757583618,0.7199666500091553,0.9630318880081177,0.9711999893188477,0.9549999833106995,0.9982982277870178,0.9969666600227356,0.9996333718299866,0.858636200428009,0.1354999989271164,1.1167116165161133,0.9113038778305054,2.0722784996032715,0.3928518295288086,0.35136136412620544,1.4318753480911255,0.670211672782898,0.0,0.6966689825057983,0.19244349002838135,0.01856043189764023,0.04833488166332245,0.2207038849592209,12.630070686340332,60.064170837402344,0.0031289723701775074,0.014690421521663666,0.014948858879506588,0.014717454090714455,-0.00243375264108181,0.007365628145635128,0.014333231374621391,0.9862068891525269,0.006956565659493208,0.013098767958581448,0.994017481803894,0.008288468234241009,0.01602882146835327,0.9640884399414062,0.007107440382242203,0.013534407131373882,0.9920845031738281,0.008189280517399311,0.015433194115757942,0.9768220782279968,0.00842213723808527,0.013844744302332401,0.9866179823875427
Crematogaster_nawai_OKENT0105046_processed.obj,Stage_3_deform_fine,0.000315419165417552,0.020323654636740685,0.010157594457268715,0.01016606017947197,0.0232987217605114,0.10033612698316574,0.17292813956737518,0.17730000615119934,0.16876666247844696,0.6271273493766785,0.6478000283241272,0.6077333688735962,0.9285863041877747,0.9321666955947876,0.9250333309173584,0.9949856996536255,0.9912333488464355,0.9987666606903076,0.7784726619720459,0.39446666836738586,1.1915440559387207,1.3711445331573486,2.3553671836853027,0.3923695683479309,0.3843190670013428,1.815484642982483,0.71608567237854,0.0,0.67591792345047,0.174961656332016,0.02060704119503498,0.049990374594926834,0.28951698541641235,13.032824516296387,62.548614501953125,0.003291939850896597,0.013056507334113121,0.013499652966856956,0.01297895796597004,-0.013682477176189423,0.0076871090568602085,0.014113583602011204,0.992337167263031,0.0079383235424757,0.014542373828589916,0.9944776892662048,0.011805812828242779,0.024335168302059174,0.911602258682251,0.00930538959801197,0.018502049148082733,0.9604222178459167,0.008713784627616405,0.017329292371869087,0.9675508737564087,0.008200877346098423,0.01493357215076685,0.9768856167793274
Cryptopone_sauteri_CASENT0743771_processed.obj,Stage_3_deform_fine,0.000270906719379127,0.019675232470035553,0.009424733929336071,0.010250497609376907,0.022694379091262817,0.07874445617198944,0.17136994004249573,0.17653334140777588,0.1665000021457672,0.6247966289520264,0.6635333299636841,0.5903333425521851,0.937873125076294,0.9532333612442017,0.9230000376701355,0.9986156821250916,0.9976333379745483,0.9995999932289124,0.8248800039291382,0.39996665716171265,1.2727457284927368,1.4073095321655273,2.8600385189056396,0.3985599875450134,0.4052010476589203,2.553281307220459,0.7549326419830322,0.0,0.6672043800354004,0.17641235888004303,0.021097879856824875,0.05319914594292641,0.32342392206192017,13.331930160522461,68.11620330810547,0.005769043229520321,0.026076173409819603,0.026539064943790436,0.026077155023813248,-0.0007855705916881561,0.008151915855705738,0.015171745792031288,0.986973226070404,0.00906794611364603,0.019108479842543602,0.9581224322319031,0.008368881419301033,0.01582993008196354,0.991712749004364,0.008582181297242641,0.01458730548620224,0.9947230219841003,0.008350902236998081,0.015770576894283295,0.9793974161148071,0.008750556036829948,0.01762564107775688,0.9720194339752197
Cyphoidris_afrc-tz01_CASENT0744810_processed.obj,Stage_3_deform_fine,0.0009871135698631406,0.03585872799158096,0.01809590496122837,0.01776282489299774,0.04846077784895897,0.1556594967842102,0.045581571757793427,0.04586666822433472,0.04529999941587448,0.2566298246383667,0.26466667652130127,0.24906666576862335,0.7085270285606384,0.744100034236908,0.6762000322341919,0.9702516198158264,0.9539999961853027,0.9870666861534119,0.7480000853538513,0.43996667861938477,1.6169828176498413,3.113227605819702,4.450267791748047,0.3840789794921875,0.4938982427120209,8.325419425964355,0.9209180474281311,0.0,0.6574269533157349,0.16223923861980438,0.03058241307735443,0.09251774102449417,0.49106812477111816,14.127217292785645,87.5184097290039,0.009484698064625263,0.044178739190101624,0.044836461544036865,0.04454502835869789,-0.0010817945003509521,0.014355069026350975,0.027890652418136597,0.8114942908287048,0.019671490415930748,0.041633859276771545,0.5996318459510803,0.013542747125029564,0.02657787688076496,0.8563536405563354,0.013069153763353825,0.026203187182545662,0.8865435719490051,0.014164901338517666,0.027071628719568253,0.8171517252922058,0.014111336320638657,0.028839662671089172,0.8430656790733337
Cyphomyrmex_cf.minutus_CASENT0744280_processed.obj,Stage_3_deform_fine,0.0008759153424762189,0.03542362153530121,0.016840875148773193,0.018582746386528015,0.0405590794980526,0.1081848070025444,0.037043698132038116,0.03753333538770676,0.03656666725873947,0.22879447042942047,0.24006666243076324,0.21853333711624146,0.6936920881271362,0.7491666674613953,0.6458666920661926,0.9806346297264099,0.9767667055130005,0.9845333695411682,0.7741261124610901,0.444266676902771,1.628056526184082,3.175549030303955,4.596250057220459,0.41272011399269104,0.4842042326927185,6.574019908905029,0.8998938798904419,0.0,0.6409668326377869,0.15606096386909485,0.03203659877181053,0.09703715145587921,0.4741005003452301,14.48015308380127,77.57752990722656,0.007235748693346977,0.0012473298702389002,0.001733978628180921,0.001266243401914835,-0.008198763243854046,0.015624329447746277,0.03208112716674805,0.7819923758506775,0.016327859833836555,0.03040715493261814,0.7059364914894104,0.01440486405044794,0.025395892560482025,0.7872928380966187,0.014533129520714283,0.029001228511333466,0.7968338131904602,0.015130622312426567,0.028557976707816124,0.7885655760765076,0.016400450840592384,0.03420272096991539,0.7688564658164978
Dilobocondyla_fouqueti_CASENT0745576_processed.obj,Stage_3_deform_fine,0.00032979229581542313,0.019039195030927658,0.010229331441223621,0.008809864521026611,0.02752477116882801,0.10558372735977173,0.2190708965063095,0.22073332965373993,0.21743333339691162,0.7033451199531555,0.7085666656494141,0.698199987411499,0.9410399794578552,0.9242666959762573,0.9584333300590515,0.9902591705322266,0.9808666706085205,0.999833345413208,0.8176454305648804,0.19323334097862244,1.165687084197998,1.5372580289840698,2.1771979331970215,0.3883036673069,0.35154029726982117,2.078415870666504,0.6698639988899231,0.0,0.6960140466690063,0.18659406900405884,0.019314009696245193,0.04823913052678108,0.28460246324539185,12.462251663208008,60.66246032714844,0.00264007062651217,0.018012411892414093,0.01832609809935093,0.01808955892920494,-0.0024292748421430588,0.007559666875749826,0.01414388045668602,0.9919540286064148,0.0068872044794261456,0.012337794527411461,0.9976990222930908,0.007757366169244051,0.013312991708517075,0.991712749004364,0.007544633466750383,0.01508910022675991,1.0,0.00855361856520176,0.016716597601771355,0.9708988070487976,0.008118708617985249,0.01329333707690239,0.9866179823875427
Dorylus_fulvus_CASENT0745678_processed.obj,Stage_3_deform_fine,0.00013849203241989017,0.013837478123605251,0.006807142402976751,0.0070303357206285,0.015602603554725647,0.056267354637384415,0.3764173984527588,0.38146665692329407,0.37150001525878906,0.8435695767402649,0.8605999946594238,0.8271999955177307,0.9783995747566223,0.9777333736419678,0.9790666699409485,0.9998499751091003,0.9998999834060669,0.9998000264167786,0.8476905822753906,0.15876667201519012,1.1252880096435547,0.8353182077407837,2.0521225929260254,0.4378342628479004,0.31975460052490234,1.4331603050231934,0.6071012020111084,0.0,0.7164286971092224,0.2044067084789276,0.013932066038250923,0.03529602289199829,0.23735958337783813,11.784934043884277,57.927978515625,0.002053388161584735,0.0017835854087024927,0.0021392295602709055,0.001797271310351789,-0.010543501004576683,0.005580191966146231,0.010385414585471153,0.9996168613433838,0.005356891546398401,0.01014688704162836,1.0,0.006290799472481012,0.011384657584130764,0.9972376227378845,0.007602567318826914,0.014271089807152748,0.9973615407943726,0.007049504667520523,0.012681403197348118,0.9938192367553711,0.007108746096491814,0.01327601820230484,0.9829683899879456
Eciton_hamatum_CASENT0744580_processed.obj,Stage_3_deform_fine,0.00015864767192397267,0.013871312141418457,0.00744449021294713,0.0064268214628100395,0.02225179597735405,0.05885137990117073,0.4301692843437195,0.43779999017715454,0.4228000044822693,0.8410729765892029,0.8331000208854675,0.8492000102996826,0.9664211869239807,0.9406000375747681,0.9937000274658203,0.9992494583129883,0.9984999895095825,1.0,0.7527549266815186,0.14603333175182343,1.166907787322998,1.1569392681121826,2.3674545288085938,0.42981046438217163,0.3486447334289551,1.5416122674942017,0.6421136260032654,0.0,0.6741740703582764,0.19401319324970245,0.014723316766321659,0.03700174391269684,0.2573423683643341,12.666979789733887,59.694923400878906,0.0029008181300014257,0.012979866936802864,0.013257374055683613,0.013021208345890045,-0.0013523446395993233,0.005018705502152443,0.009478548541665077,0.9996168613433838,0.0058382065035402775,0.013091327622532845,0.9829728603363037,0.006330463569611311,0.011332819238305092,1.0,0.00727221230044961,0.014781425707042217,0.9815303683280945,0.005888855084776878,0.011195316910743713,0.9881535172462463,0.006190675310790539,0.01025550439953804,0.985401451587677
Ectatomma_brunneum_CASENT0744575_processed.obj,Stage_3_deform_fine,0.0006157332099974155,0.02807721495628357,0.014605779200792313,0.013471436686813831,0.04025556892156601,0.11814659833908081,0.07521625608205795,0.07636667042970657,0.07410000264644623,0.3962823152542114,0.40843334794044495,0.38483333587646484,0.8407526612281799,0.8458666801452637,0.8357000350952148,0.9834740161895752,0.9682666659355164,0.9991666674613953,0.7592822313308716,0.3612666726112366,1.4446861743927002,2.1842129230499268,3.672227144241333,0.3813266158103943,0.468973845243454,4.565439701080322,0.8740888833999634,0.0,0.6203352212905884,0.15942268073558807,0.030416982248425484,0.08791686594486237,0.4980968236923218,13.75041389465332,75.42857360839844,0.007626870647072792,0.0027908317279070616,0.003119765082374215,0.0027887336909770966,-0.006855498068034649,0.014432008378207684,0.031748708337545395,0.8203065395355225,0.012788164429366589,0.027172040194272995,0.8670041561126709,0.010578610002994537,0.017870856449007988,0.9834254384040833,0.013681557029485703,0.04356691241264343,0.8469657301902771,0.013380732387304306,0.02752101607620716,0.8714911341667175,0.010590449906885624,0.01889091543853283,0.9647201895713806
Eurhopalothrix_procera_CASENT0745605_processed.obj,Stage_3_deform_fine,0.0004511200822889805,0.02407292276620865,0.012222434394061565,0.011850488372147083,0.03173576667904854,0.12335767596960068,0.12802328169345856,0.1299000084400177,0.12620000541210175,0.5116129517555237,0.5353000164031982,0.4899333417415619,0.8790835738182068,0.8828999996185303,0.8752999901771545,0.9908416867256165,0.9833000302314758,0.9984999895095825,0.7579824924468994,0.3080333471298218,1.2634711265563965,1.6364308595657349,2.8054308891296387,0.37716102600097656,0.4208262264728546,2.33979868888855,0.7998754978179932,0.0,0.6347534656524658,0.15572087466716766,0.026566212996840477,0.069923996925354,0.41051164269447327,13.530810356140137,69.10012817382812,0.005736449733376503,0.011668086051940918,0.011971322819590569,0.011912778951227665,-0.0025394316762685776,0.010053678415715694,0.02106415294110775,0.9432950615882874,0.012425080873072147,0.027130169793963432,0.8693051338195801,0.00998296681791544,0.021353721618652344,0.9392265677452087,0.01731845922768116,0.05118413269519806,0.7519789338111877,0.011587036773562431,0.02865031361579895,0.9129539132118225,0.01077281218022108,0.027647264301776886,0.9172749519348145
Heteroponera_panamensis_CASENT0744055_processed.obj,Stage_3_deform_fine,0.0006750997854396701,0.029780849814414978,0.014550386928021908,0.01523046288639307,0.03487909957766533,0.1479654461145401,0.06968922168016434,0.07110000401735306,0.06833333522081375,0.34964197874069214,0.36649999022483826,0.33426666259765625,0.8101248741149902,0.8478666543960571,0.775600016117096,0.984075129032135,0.9755666851997375,0.992733359336853,0.8186822533607483,0.4184333384037018,1.4941200017929077,2.454810857772827,3.989004135131836,0.388180673122406,0.46212998032569885,5.406930923461914,0.8925853967666626,0.0,0.6423805952072144,0.13821308314800262,0.03289419412612915,0.09441284090280533,0.4532407820224762,14.23147201538086,82.80723571777344,0.008474300615489483,0.00701269693672657,0.00766427256166935,0.006998348981142044,-0.008647480979561806,0.013453069142997265,0.028102770447731018,0.8475096225738525,0.013849189504981041,0.025456862524151802,0.845835268497467,0.013664525002241135,0.024823788553476334,0.861878514289856,0.014957531355321407,0.032111894339323044,0.8100264072418213,0.014202005229890347,0.030068939551711082,0.8297708034515381,0.012003302574157715,0.02043183706700802,0.941605806350708
Labidus_praedator_CASENT0744236_processed.obj,Stage_3_deform_fine,0.0007474569138139486,0.024519581347703934,0.0163394995033741,0.008180082775652409,0.05431252345442772,0.15787851810455322,0.2450854629278183,0.22869999706745148,0.2639999985694885,0.6341089010238647,0.5560666918754578,0.7376333475112915,0.8503179550170898,0.7558333277702332,0.9718000292778015,0.9687290787696838,0.9397667050361633,0.9995333552360535,0.6265835762023926,0.37929999828338623,1.2033674716949463,1.6229815483093262,2.592400312423706,0.35195255279541016,0.4238056540489197,2.1020407676696777,0.7893093824386597,0.0,0.5750370025634766,0.13052582740783691,0.022074056789278984,0.06384843587875366,0.7048075795173645,13.493890762329102,65.11579895019531,0.004269743803888559,0.02327307127416134,0.02358490601181984,0.023623032495379448,-0.0025023184716701508,0.005914049688726664,0.01286226511001587,0.9911877512931824,0.012310309335589409,0.02977253869175911,0.8288081288337708,0.007557739969342947,0.01908857189118862,0.9558011293411255,0.006733705289661884,0.012020319700241089,0.9973615407943726,0.007764884736388922,0.019740279763936996,0.9500386714935303,0.0069190869107842445,0.014647562056779861,0.9841849207878113
Labidus_praedator_CASENT0744237_processed.obj,Stage_3_deform_fine,0.0006260288646444678,0.02204197645187378,0.013326920568943024,0.008715055882930756,0.05435185134410858,0.14508548378944397,0.22063206136226654,0.22010000050067902,0.2211666703224182,0.7015616297721863,0.6953999996185303,0.7078333497047424,0.9126309752464294,0.8705666661262512,0.9589666724205017,0.9714989066123962,0.9446666836738586,0.9998999834060669,0.783577561378479,0.22556667029857635,1.1860239505767822,1.1614638566970825,2.2563724517822266,0.4519478976726532,0.3306252062320709,1.7701722383499146,0.5967592597007751,0.0,0.7313929200172424,0.18094073235988617,0.017000945284962654,0.043450601398944855,0.35156095027923584,12.638436317443848,64.77874755859375,0.004139369819313288,0.00408275006338954,0.004556118510663509,0.004072229377925396,-0.008187087252736092,0.006820519454777241,0.012885404750704765,0.9911877512931824,0.006493819877505302,0.012175955809652805,0.9986194372177124,0.009987547062337399,0.014761462807655334,0.9668508768081665,0.008261325769126415,0.014891751110553741,1.0,0.008079900406301022,0.016418078914284706,0.9703837633132935,0.009222690016031265,0.01772763952612877,0.9768856167793274
Lasius_nr._fuliginosus_CASENT0878037_processed.obj,Stage_3_deform_fine,0.00018850194464903325,0.014526247046887875,0.007523989770561457,0.007002257276326418,0.01639462076127529,0.08873866498470306,0.36954155564308167,0.37646666169166565,0.36286666989326477,0.8365985751152039,0.8532333374023438,0.8206000328063965,0.9737200140953064,0.9625999927520752,0.9851000308990479,0.9948257207870483,0.9899333715438843,0.9997667074203491,0.8502532839775085,0.10109999775886536,1.109289526939392,0.9436219334602356,1.9333912134170532,0.44797301292419434,0.304520845413208,1.3771986961364746,0.580165684223175,0.0,0.7319298982620239,0.2101770043373108,0.012990277260541916,0.031314216554164886,0.2626302242279053,12.134499549865723,60.537506103515625,0.0025096966419368982,0.009321693331003189,0.009775969199836254,0.009351998567581177,-0.010872069746255875,0.005655280314385891,0.010313603095710278,0.9996168613433838,0.005150136537849903,0.009575089439749718,1.0,0.008805198594927788,0.012752337381243706,1.0,0.005788448732346296,0.009664391167461872,1.0,0.007308389525860548,0.013874265365302563,0.992789089679718,0.007156760897487402,0.010749295353889465,0.9975668787956238
Lioponera_daikoku_OKENT0105067_processed.obj,Stage_3_deform_fine,0.0005099039408378303,0.026274506002664566,0.012840899638831615,0.013433605432510376,0.02959476225078106,0.19178138673305511,0.08655793219804764,0.08806666731834412,0.08510000258684158,0.41667696833610535,0.4372333288192749,0.3979666829109192,0.8630990982055664,0.8919000029563904,0.8360999822616577,0.9910308122634888,0.9851000308990479,0.9970333576202393,0.8286647200584412,0.4807666838169098,1.4082252979278564,2.255941390991211,3.403477191925049,0.3788529634475708,0.4520978629589081,3.890928268432617,0.8682895302772522,0.0,0.6387236714363098,0.14314894378185272,0.02927119843661785,0.08261341601610184,0.4278624653816223,13.950592994689941,79.3495864868164,0.007855025120079517,0.001989138312637806,0.0027613479178398848,0.0019801631569862366,-0.02383720874786377,0.013612541370093822,0.030903326347470284,0.817241370677948,0.014788073487579823,0.0322415791451931,0.8301886916160583,0.015607091598212719,0.04767575487494469,0.8259668946266174,0.011958668939769268,0.021289581432938576,0.9208443760871887,0.010637215338647366,0.021295780315995216,0.9397373199462891,0.013601042330265045,0.03739237040281296,0.8965936899185181
Mayriella_sp._CASENT0745610_processed.obj,Stage_3_deform_fine,0.000569680763874203,0.02790868654847145,0.01357987243682146,0.014328815042972565,0.03182017058134079,0.11111435294151306,0.07526087015867233,0.0773666650056839,0.07326667010784149,0.38456109166145325,0.4110666811466217,0.3612666726112366,0.8277450799942017,0.8634999990463257,0.7948333621025085,0.9911813735961914,0.9853000044822693,0.9971333742141724,0.7762956023216248,0.4049333333969116,1.3288497924804688,1.9982683658599854,3.0262293815612793,0.39365309476852417,0.4183061122894287,3.646803617477417,0.7957561612129211,0.0,0.657691240310669,0.1636812388896942,0.024821531027555466,0.07112272083759308,0.42417827248573303,14.046422004699707,71.26102447509766,0.006518692709505558,0.03683196008205414,0.03723037242889404,0.037114910781383514,0.004842493683099747,0.012897836975753307,0.028727704659104347,0.8670498132705688,0.011443196795880795,0.022766128182411194,0.9167050123214722,0.011718247085809708,0.02208491414785385,0.9254143834114075,0.01130759622901678,0.02146892249584198,0.9340369701385498,0.0113897193223238,0.021772971376776695,0.9348441958427429,0.012637738138437271,0.024736784398555756,0.9063260555267334
Mesoponera_ambigua_CASENT0745584_processed.obj,Stage_3_deform_fine,0.0006286755669862032,0.026572667062282562,0.013953905552625656,0.012618761509656906,0.039001110941171646,0.17833614349365234,0.09577438980340958,0.09736666828393936,0.09423333406448364,0.4535958468914032,0.47456666827201843,0.4343999922275543,0.8674187064170837,0.8709999918937683,0.8638666868209839,0.9828194379806519,0.9685333371162415,0.9975333213806152,0.783746600151062,0.3603000044822693,1.4755080938339233,2.3353991508483887,3.781555652618408,0.4127839207649231,0.4381416141986847,4.625722885131836,0.8140305280685425,0.0,0.6812799572944641,0.16785737872123718,0.028136389330029488,0.08090013265609741,0.43204617500305176,13.409814834594727,75.95671081542969,0.007040188182145357,0.05059150978922844,0.051043327897787094,0.04990874603390694,-0.006013032048940659,0.010612960904836655,0.019917111843824387,0.9509578943252563,0.010801498778164387,0.023889822885394096,0.9199264049530029,0.010920953005552292,0.021146807819604874,0.941989004611969,0.011920471675693989,0.021987173706293106,0.9129288196563721,0.011347430758178234,0.021534159779548645,0.9281483292579651,0.01279792282730341,0.03179222717881203,0.8844282031059265
Myrmecina_ryukyuensis_OKENT0105085_processed.obj,Stage_3_deform_fine,0.00030058101401664317,0.01795089989900589,0.008838916197419167,0.009111983701586723,0.020450403913855553,0.2554281949996948,0.24935197830200195,0.25343334674835205,0.24539999663829803,0.7168112397193909,0.7346333265304565,0.699833333492279,0.9486161470413208,0.947866678237915,0.9493666887283325,0.996566116809845,0.9958000183105469,0.9973333477973938,0.8210014700889587,0.24899999797344208,1.1882808208465576,1.3405394554138184,2.4543652534484863,0.38592076301574707,0.37969520688056946,1.7551071643829346,0.7062093615531921,0.0,0.6658806800842285,0.1627064198255539,0.018822859972715378,0.04973847046494484,0.40224945545196533,12.964605331420898,63.720436096191406,0.003878622082993388,0.005203781183809042,0.005454015452414751,0.0052046095952391624,-0.009407131001353264,0.007444709073752165,0.01456668321043253,0.99042147397995,0.006691422313451767,0.012481017038226128,0.9963184595108032,0.009174704551696777,0.0159840676933527,0.9861878752708435,0.007726975250989199,0.012815763242542744,1.0,0.008853288367390633,0.02052639052271843,0.9466907382011414,0.007504710461944342,0.012559662573039532,0.9866179823875427
Myrmecina_sp._CASENT0745613_processed.obj,Stage_3_deform_fine,0.0003499398590065539,0.021473940461874008,0.010659372434020042,0.01081456895917654,0.024032337591052055,0.12012426555156708,0.1425834745168686,0.1453000009059906,0.1399666666984558,0.5761540532112122,0.6065000295639038,0.5487000346183777,0.921373724937439,0.9315333366394043,0.9114333391189575,0.9944549202919006,0.9891666769981384,0.9998000264167786,0.8362281322479248,0.3503333330154419,1.2737820148468018,1.7115839719772339,2.816653251647949,0.389737606048584,0.4023621082305908,2.750096559524536,0.7695668339729309,0.0,0.6854560971260071,0.16538825631141663,0.024163903668522835,0.06361611187458038,0.27225837111473083,13.423779487609863,71.47428131103516,0.006192758213728666,0.007785593159496784,0.008277804590761662,0.007729342207312584,-0.0013465574011206627,0.009781820699572563,0.01945648528635502,0.9536398649215698,0.010185693390667439,0.02215827815234661,0.9355729818344116,0.011524193920195103,0.024311259388923645,0.911602258682251,0.00870642438530922,0.015514587983489037,0.9841688871383667,0.011059519834816456,0.026584452018141747,0.9253154993057251,0.01132831908762455,0.028435811400413513,0.9209245443344116
Nesomyrmex_angulatus_CASENT0744820_processed.obj,Stage_3_deform_fine,0.0004663839063141495,0.025369765236973763,0.011996394954621792,0.01337337028235197,0.030706733465194702,0.13511012494564056,0.10209532082080841,0.10486666858196259,0.09946666657924652,0.45553863048553467,0.4841333329677582,0.4301333427429199,0.8590229749679565,0.9020666480064392,0.8199000358581543,0.9941242933273315,0.9911333322525024,0.9971333742141724,0.7987162470817566,0.4125666618347168,1.4961081743240356,2.638401985168457,4.051403999328613,0.36970987915992737,0.47764304280281067,4.965680122375488,0.9021080732345581,0.0,0.626032829284668,0.15670204162597656,0.026462621986865997,0.07186409085988998,0.3291192650794983,13.318671226501465,79.17767333984375,0.008180959150195122,0.06246188282966614,0.06287804245948792,0.06279970705509186,0.01046234741806984,0.011125072836875916,0.02360808104276657,0.9168582558631897,0.012173275463283062,0.023558029904961586,0.9010584354400635,0.011523891240358353,0.02237388864159584,0.919889509677887,0.012015796266496181,0.02469506487250328,0.8786280155181885,0.012453303672373295,0.027031075209379196,0.8833376169204712,0.010256205685436726,0.019172176718711853,0.9610705375671387
Odontomachus_troglodytes_CASENT0744970_processed.obj,Stage_3_deform_fine,0.0002509186160750687,0.015498900786042213,0.008322655223309994,0.007176246028393507,0.021502813324332237,0.13705769181251526,0.36633971333503723,0.3711000084877014,0.36169999837875366,0.8094730377197266,0.8154667019844055,0.8035666942596436,0.9621530175209045,0.9434000253677368,0.9816666841506958,0.9949425458908081,0.9900667071342468,0.9998666644096375,0.7854548096656799,0.17563334107398987,1.1315343379974365,0.9826895594596863,2.191439628601074,0.4061407148838043,0.3450513482093811,1.4662549495697021,0.6496836543083191,0.0,0.6641994714736938,0.17498086392879486,0.017015067860484123,0.038899701088666916,0.26910400390625,12.75146198272705,59.98056411743164,0.0023467293940484524,0.01572633534669876,0.016277845948934555,0.015946803614497185,-0.004830827936530113,0.005702892318367958,0.011182994581758976,0.9942529201507568,0.005373092368245125,0.009846349246799946,1.0,0.0065986658446490765,0.010385341010987759,0.9889503121376038,0.006542205344885588,0.013018385507166386,1.0,0.007714428007602692,0.016537047922611237,0.9667782783508301,0.00669849943369627,0.012595612555742264,0.9829683899879456
Oxyopomyrmex_saulcyi_CASENT0745218_processed.obj,Stage_3_deform_fine,0.0003478531143628061,0.022373903542757034,0.010446102358400822,0.011927801184356213,0.02722327411174774,0.12360836565494537,0.11477433145046234,0.11869999766349792,0.11110000312328339,0.5264013409614563,0.559499979019165,0.4970000088214874,0.9122384190559387,0.9405666589736938,0.8855666518211365,0.9974812269210815,0.9989333152770996,0.9960333704948425,0.79805588722229,0.42293334007263184,1.1856824159622192,1.2541594505310059,2.179723024368286,0.46678975224494934,0.33193787932395935,2.064572811126709,0.6123555302619934,0.0,0.7091150879859924,0.18950657546520233,0.017798278480768204,0.04561096057295799,0.28248298168182373,13.174043655395508,64.72309875488281,0.004954206291586161,0.004480399657040834,0.004845669027417898,0.004685365594923496,-0.001733249519020319,0.008801979944109917,0.01643470488488674,0.9892720580101013,0.010079378262162209,0.019712822511792183,0.9526001214981079,0.010473078116774559,0.018975937739014626,0.9530386924743652,0.011037036776542664,0.020353417843580246,0.9340369701385498,0.009316127747297287,0.016811100766062737,0.9804275035858154,0.008220279589295387,0.014120985753834248,0.9975668787956238
Polyrhachis_decemdentata_CASENT0744779_processed.obj,Stage_3_deform_fine,0.00029826007084921,0.020098503679037094,0.009812363423407078,0.010286141186952591,0.02294444665312767,0.09708159416913986,0.1779245287179947,0.1820666640996933,0.1739666759967804,0.622935950756073,0.6563000082969666,0.5928000211715698,0.9289519190788269,0.9401333332061768,0.9180333614349365,0.9966561794281006,0.9934333562850952,0.9998999834060669,0.8404327630996704,0.3336000144481659,1.2586252689361572,1.3462183475494385,2.86954402923584,0.384517103433609,0.4157556891441345,2.234485387802124,0.7725316286087036,0.0,0.6825151443481445,0.16244138777256012,0.02389626018702984,0.06370121240615845,0.3065451383590698,13.03554630279541,68.09005737304688,0.00528014125302434,0.00817596074193716,0.00858231820166111,0.008349435403943062,-0.007514261640608311,0.008453043177723885,0.015810834243893623,0.9842911958694458,0.007819104939699173,0.014166728593409061,0.9921767115592957,0.010292908176779747,0.01718100719153881,0.9640884399414062,0.00984007678925991,0.018542133271694183,0.97625333070755,0.009867087937891483,0.020842650905251503,0.9436002969741821,0.00802547112107277,0.015119976364076138,0.9902676343917847
Polyrhachis_dives_CASENT0878093_processed.obj,Stage_3_deform_fine,0.0007723569869995117,0.02812003344297409,0.015246004797518253,0.012874027714133263,0.044987477362155914,0.16828769445419312,0.0961933434009552,0.09700000286102295,0.09539999812841415,0.4390615224838257,0.4575999975204468,0.42196667194366455,0.8496306538581848,0.8481333255767822,0.8511333465576172,0.9763585329055786,0.9567999839782715,0.9967333674430847,0.7932010889053345,0.3798333406448364,1.39702308177948,1.8562530279159546,3.5364224910736084,0.3878937065601349,0.4538147747516632,3.304198741912842,0.8416506052017212,0.0,0.6746590733528137,0.16374796628952026,0.030419232323765755,0.08517879247665405,0.46282464265823364,14.067204475402832,77.73979949951172,0.007626870647072792,0.02085903286933899,0.021339667961001396,0.021251464262604713,0.00721625704318285,0.011658811010420322,0.022410159930586815,0.9229885339736938,0.01245881337672472,0.027697158977389336,0.8739070296287537,0.012417048215866089,0.01996627449989319,0.950276255607605,0.010397516191005707,0.018448304384946823,0.9683377742767334,0.013047348707914352,0.028376461938023567,0.8593870997428894,0.010811896994709969,0.01921975612640381,0.9586374759674072
Ponera_kohmoku_OKENT0105440_processed.obj,Stage_3_deform_fine,0.00027753441827371716,0.019273649901151657,0.009734748862683773,0.00953890010714531,0.02277333289384842,0.10443965345621109,0.1882956624031067,0.1928333342075348,0.18396666646003723,0.6642149686813354,0.6773999929428101,0.6515333652496338,0.9367300868034363,0.9350000023841858,0.9384666681289673,0.9969444274902344,0.9945999979972839,0.9993000030517578,0.800175130367279,0.34003332257270813,1.229783296585083,1.4427670240402222,2.631969451904297,0.3833428621292114,0.4014226198196411,2.1916520595550537,0.763482928276062,0.0,0.6560955047607422,0.16697679460048676,0.021512459963560104,0.05867630988359451,0.2532932758331299,13.671403884887695,64.6046371459961,0.004628271795809269,0.00025386695051565766,0.0006078361184336245,0.00025576166808605194,-0.0062775141559541225,0.007980179972946644,0.015085713937878609,0.99042147397995,0.011231590062379837,0.02447352558374405,0.9107224941253662,0.00931507721543312,0.016049057245254517,0.9834254384040833,0.008011484518647194,0.015562989749014378,0.9973615407943726,0.007957033812999725,0.014848271384835243,0.9907288551330566,0.008704157546162605,0.01711917854845524,0.9671532511711121
Ponera_tamon_OKENT0105154_processed.obj,Stage_3_deform_fine,0.00014394278696272522,0.01427372545003891,0.007011903449892998,0.007261821534484625,0.015602190047502518,0.060285598039627075,0.34780648350715637,0.3578999936580658,0.33826667070388794,0.8316118121147156,0.8495666980743408,0.8144000172615051,0.9764956831932068,0.9744333624839783,0.9785667061805725,0.9999666810035706,1.0,0.9999333620071411,0.823178768157959,0.27266666293144226,1.0948281288146973,0.9917015433311462,1.9600180387496948,0.4017017185688019,0.32950329780578613,1.3595649003982544,0.6297232508659363,0.0,0.6871869564056396,0.20630496740341187,0.013364491052925587,0.03451358899474144,0.22854934632778168,12.286458015441895,59.56864929199219,0.0024771031457930803,0.025026535615324974,0.02539278008043766,0.025480274111032486,-0.0027494318783283234,0.006013522390276194,0.010945837013423443,0.9984674453735352,0.0056348927319049835,0.010167025960981846,1.0,0.00646522780880332,0.010666335001587868,1.0,0.007555333431810141,0.014246136881411076,0.9841688871383667,0.006952482741326094,0.014969415962696075,0.9842905402183533,0.00608168076723814,0.011290155351161957,0.9987834692001343
Pseudolasius_sp._CASENT0878065_processed.obj,Stage_3_deform_fine,0.00043439495493657887,0.024138029664754868,0.011867542751133442,0.012270485982298851,0.028177974745631218,0.10921286791563034,0.11721616983413696,0.11969999969005585,0.11483333259820938,0.494370698928833,0.5229333639144897,0.4687666594982147,0.8814080357551575,0.9007999897003174,0.8628333210945129,0.9930324554443359,0.9872333407402039,0.9988999962806702,0.8059622645378113,0.33793333172798157,1.3199471235275269,1.8618755340576172,3.0139458179473877,0.39696237444877625,0.4259779155254364,2.683112859725952,0.7939123511314392,0.0,0.6550920009613037,0.1451992243528366,0.026573365554213524,0.06801806390285492,0.47321975231170654,13.31834888458252,74.0208740234375,0.006616473197937012,0.10064969211816788,0.10091136395931244,0.10179467499256134,-0.00033114105463027954,0.009866115637123585,0.019069910049438477,0.9590038657188416,0.014686929993331432,0.029192166402935982,0.786930501461029,0.009290765039622784,0.01754394732415676,0.9834254384040833,0.00897802785038948,0.01584037020802498,0.9920845031738281,0.013330665417015553,0.031618840992450714,0.8537213802337646,0.013906055130064487,0.03670208528637886,0.8503649830818176
Pseudomyrmex_cf.solis_CASENT0744065_processed.obj,Stage_3_deform_fine,0.0001413041027262807,0.013943048194050789,0.006728652864694595,0.007214394863694906,0.016576092690229416,0.07826180011034012,0.3714525103569031,0.38316667079925537,0.36043334007263184,0.8396643996238708,0.8731333613395691,0.8086666464805603,0.9767820239067078,0.9779000282287598,0.9756667017936707,0.9994663596153259,0.9989333152770996,1.0,0.8415016531944275,0.2624000012874603,1.2255799770355225,1.3826134204864502,2.6188549995422363,0.385684072971344,0.37721097469329834,1.9733407497406006,0.703709065914154,0.0,0.6845519542694092,0.1889263093471527,0.014784502796828747,0.04000537469983101,0.21013560891151428,12.227845191955566,66.58663177490234,0.0055734822526574135,0.008742782287299633,0.00901226419955492,0.008808172307908535,0.0010412833653390408,0.005514969117939472,0.010311166755855083,0.9977011680603027,0.006482482422143221,0.013216862455010414,0.9930971264839172,0.006359756458550692,0.010786169208586216,0.9972376227378845,0.005880263634026051,0.011168978177011013,1.0,0.0068361228331923485,0.01296548917889595,0.9868658185005188,0.0067672645673155785,0.013592720031738281,0.9914841651916504
Solenopsis_invicta_CASENT0744384_processed.obj,Stage_3_deform_fine,0.0005039662937633693,0.026464015245437622,0.013098140247166157,0.013365874998271465,0.03147733584046364,0.09598131477832794,0.09024810791015625,0.09206666797399521,0.0885000005364418,0.42471620440483093,0.44056665897369385,0.40996667742729187,0.8476125597953796,0.8648666739463806,0.8310333490371704,0.9927309155464172,0.9883999824523926,0.9970999956130981,0.7361800670623779,0.44156667590141296,1.3736891746520996,1.787036657333374,3.3738179206848145,0.3881901502609253,0.45877131819725037,3.245082378387451,0.8346551656723022,0.0,0.6415684223175049,0.1527903974056244,0.02780737914144993,0.07131371647119522,0.3596326410770416,14.128652572631836,74.9881591796875,0.00664906669408083,0.013169344514608383,0.013437071815133095,0.013274393044412136,-0.006184995174407959,0.011074407026171684,0.02279072068631649,0.9187739491462708,0.012709884904325008,0.027005024254322052,0.8697653412818909,0.012790354900062084,0.027701301500201225,0.8867403864860535,0.010622880421578884,0.018418073654174805,0.9736148118972778,0.012435001321136951,0.028382861986756325,0.8730363249778748,0.013886602595448494,0.04571913927793503,0.8625304102897644
Stigmatomma_FHG02_CASENT0745561_processed.obj,Stage_3_deform_fine,0.0003917940193787217,0.02202085591852665,0.011086786165833473,0.010934069752693176,0.02495715394616127,0.14528444409370422,0.14453907310962677,0.147966668009758,0.14126667380332947,0.5694277286529541,0.5916666984558105,0.548799991607666,0.9149197936058044,0.9244333505630493,0.9056000113487244,0.9921492338180542,0.9851000308990479,0.9993000030517578,0.8304184079170227,0.40656667947769165,1.2989511489868164,1.9718276262283325,2.9164345264434814,0.3950204849243164,0.4044989347457886,2.8355071544647217,0.7502806782722473,0.0,0.6723567247390747,0.17048349976539612,0.022825615480542183,0.06745206564664841,0.41954949498176575,13.00235652923584,67.45877838134766,0.00528014125302434,0.04541323333978653,0.04572401940822601,0.04507550224661827,0.005065508186817169,0.010348750278353691,0.02199430577456951,0.9283525347709656,0.008527611382305622,0.016428934410214424,0.9806718826293945,0.010258273221552372,0.019587866961956024,0.9530386924743652,0.009931634180247784,0.01724279671907425,0.9788918495178223,0.00960256066173315,0.019147789105772972,0.9575070738792419,0.00891219824552536,0.01739068143069744,0.9695863723754883
Strumigenys_alberti_CASENT0878103_processed.obj,Stage_3_deform_fine,0.00036635645665228367,0.023002665489912033,0.011005277745425701,0.011997387744486332,0.02667536959052086,0.1031087189912796,0.11402029544115067,0.1163666695356369,0.11176666617393494,0.5079914331436157,0.5358333587646484,0.4828999936580658,0.8970189094543457,0.925166666507721,0.8705333471298218,0.9977142810821533,0.9961667060852051,0.9992666840553284,0.8244739770889282,0.364300012588501,1.4216275215148926,2.05084490776062,3.5594358444213867,0.41144800186157227,0.43956074118614197,3.7277259826660156,0.8414590358734131,0.0,0.657931387424469,0.1716003268957138,0.025282295420765877,0.07160434871912003,0.493658185005188,13.700565338134766,72.83628845214844,0.0063557252287864685,0.013286174274981022,0.013611393980681896,0.013348017819225788,-4.171393811702728e-05,0.011297852732241154,0.02300369180738926,0.9134100079536438,0.012526818551123142,0.023953929543495178,0.887252688407898,0.01089494675397873,0.01968224346637726,0.9530386924743652,0.00990370474755764,0.018293512985110283,0.9683377742767334,0.012309704907238483,0.029196277260780334,0.8938964605331421,0.010527114383876324,0.01950676552951336,0.956204354763031
Strumigenys_canina_OKENT0105288_processed.obj,Stage_3_deform_fine,0.0002964424202218652,0.01928151398897171,0.009657713584601879,0.009623801335692406,0.022301048040390015,0.14196787774562836,0.19440728425979614,0.20126667618751526,0.18800000846385956,0.6610007882118225,0.6901666522026062,0.6342000365257263,0.9404000043869019,0.9404333233833313,0.9403666853904724,0.9964256286621094,0.9936666488647461,0.9991999864578247,0.8277744650840759,0.28040000796318054,1.2161848545074463,1.4031808376312256,2.47682523727417,0.3948994576931,0.3726802170276642,2.0566468238830566,0.7020940184593201,0.0,0.6856371164321899,0.16858813166618347,0.01991577073931694,0.05399901047348976,0.2979763448238373,12.5800199508667,67.09053802490234,0.005051986780017614,0.001846978790126741,0.002305910224094987,0.0018756866920739412,-0.0035257861018180847,0.008170467801392078,0.015160828828811646,0.984674334526062,0.008148283697664738,0.01502656564116478,0.9871146082878113,0.007871711626648903,0.013926166109740734,0.9972376227378845,0.009555837139487267,0.017231250181794167,0.9736148118972778,0.00936097465455532,0.022261394187808037,0.9415400624275208,0.008805210702121258,0.019109481945633888,0.9513381719589233
Strumigenys_crassicornis_CASENT0744273_processed.obj,Stage_3_deform_fine,0.0004322367603890598,0.023876560851931572,0.011755237355828285,0.012121323496103287,0.027056584134697914,0.12362684309482574,0.11524457484483719,0.11820000410079956,0.11243333667516708,0.5005446076393127,0.5310333371162415,0.4733666777610779,0.8894123435020447,0.9107333421707153,0.8690666556358337,0.9927249550819397,0.9863333702087402,0.9991999864578247,0.8018717765808105,0.3491666615009308,1.3652050495147705,1.9627290964126587,3.193955183029175,0.3923446536064148,0.42927995324134827,3.3074965476989746,0.8104488849639893,0.0,0.6790292263031006,0.16494987905025482,0.025231027975678444,0.06771654635667801,0.33186453580856323,13.53049373626709,73.8744125366211,0.006746846716850996,0.003487990703433752,0.00397722702473402,0.0036313217133283615,-0.01087106205523014,0.01154350209981203,0.02448730170726776,0.9068965911865234,0.010951247997581959,0.02414129301905632,0.9236079454421997,0.010974518023431301,0.020348086953163147,0.9447514414787292,0.011179790832102299,0.019702767953276634,0.9525066614151001,0.01098767202347517,0.021837374195456505,0.9317538142204285,0.010326272808015347,0.017376944422721863,0.9756690859794617
Strumigenys_sp._appretiata_group_CASENT0744156_processed.obj,Stage_3_deform_fine,0.00025384780019521713,0.019031839445233345,0.00890156626701355,0.010130273178219795,0.0220020841807127,0.12509162724018097,0.18004846572875977,0.18876667320728302,0.1721000075340271,0.6425413489341736,0.6945666670799255,0.5977666974067688,0.9487362504005432,0.9672333598136902,0.9309333562850952,0.9988832473754883,0.9985333681106567,0.9992333650588989,0.8431996703147888,0.3727000057697296,1.1914526224136353,1.2487518787384033,2.429962158203125,0.40590324997901917,0.3806895315647125,1.9374663829803467,0.7105531096458435,0.0,0.6834969520568848,0.18113377690315247,0.018731240183115005,0.04758821055293083,0.25144654512405396,12.803156852722168,62.622337341308594,0.004041589330881834,0.00042334702447988093,0.0007151318131946027,0.00042389356531202793,-0.00813484936952591,0.008265352807939053,0.015148486942052841,0.9915708899497986,0.011667530052363873,0.024333976209163666,0.8946157693862915,0.009144353680312634,0.01563320867717266,0.9972376227378845,0.008466565981507301,0.015377703122794628,0.9868074059486389,0.009461968205869198,0.022171972319483757,0.9428277015686035,0.006967427209019661,0.012096308171749115,0.9975668787956238
Strumigenys_stenorhina_OKENT0105268_processed.obj,Stage_3_deform_fine,0.0001007281243801117,0.01209883764386177,0.005947863683104515,0.006150974426418543,0.012923497706651688,0.06713667511940002,0.45289525389671326,0.4631333351135254,0.4431000053882599,0.9002932906150818,0.9147000312805176,0.8863333463668823,0.9883816838264465,0.9871000051498413,0.9896667003631592,0.9999666810035706,1.0,0.9999333620071411,0.8549403548240662,0.305400013923645,1.0424734354019165,0.6913418173789978,1.7068358659744263,0.49266690015792847,0.2722453474998474,1.0760900974273682,0.5124734044075012,0.0,0.7000391483306885,0.19889752566814423,0.011850368231534958,0.030673030763864517,0.2669820785522461,11.998832702636719,57.20643615722656,0.0022815424017608166,0.0012431918876245618,0.0016159043880179524,0.001273496774956584,-0.008303527720272541,0.005199102684855461,0.009855344891548157,0.9988505840301514,0.005766089539974928,0.010518907569348812,0.9990796446800232,0.005815652199089527,0.013144535012543201,0.9834254384040833,0.006318654865026474,0.011604363098740578,0.9973615407943726,0.00505734933540225,0.008733605965971947,1.0,0.004362137522548437,0.007374227046966553,1.0
Syllophopsis_sechellensis_OKENT0105212_processed.obj,Stage_3_deform_fine,0.00018175752484239638,0.01395203173160553,0.0076613775454461575,0.00629065465182066,0.021413523703813553,0.07248449325561523,0.42570579051971436,0.42356666922569275,0.427866667509079,0.8611961603164673,0.8476333618164062,0.8752000331878662,0.9674769639968872,0.9455000162124634,0.9905000329017639,0.9947222471237183,0.9894999861717224,1.0,0.812270998954773,0.14293333888053894,1.1310839653015137,0.9710382223129272,2.092878580093384,0.4300781190395355,0.31641486287117004,1.462068796157837,0.5773537755012512,0.0,0.7231115698814392,0.2011062204837799,0.013817310333251953,0.03382548317313194,0.15876632928848267,11.962275505065918,61.15980911254883,0.0033571268431842327,0.04908638820052147,0.04934971034526825,0.04898490011692047,-0.005813993513584137,0.0052406215108931065,0.009972287341952324,0.9988505840301514,0.0049153887666761875,0.00932201649993658,1.0,0.007264995016157627,0.012943101115524769,0.991712749004364,0.006691942922770977,0.012364829890429974,1.0,0.006628660950809717,0.013732255436480045,0.9871233701705933,0.00714091258123517,0.012680666521191597,0.9793187379837036
Temnothorax_congruus_OKENT0105443_processed.obj,Stage_3_deform_fine,0.00015346333384513855,0.014987412840127945,0.0068501983769237995,0.008137213997542858,0.018644383177161217,0.06945226341485977,0.29779112339019775,0.31040000915527344,0.2861666679382324,0.8005215525627136,0.8530333638191223,0.7541000247001648,0.9781690239906311,0.9955333471298218,0.961400032043457,0.9997665882110596,0.9999666810035706,0.9995666742324829,0.8550624847412109,0.2404666692018509,1.0772196054458618,0.5889112949371338,1.7763019800186157,0.45038092136383057,0.29432329535484314,1.1831570863723755,0.5614917278289795,0.0,0.7284870147705078,0.22068160772323608,0.011814636178314686,0.027201982215046883,0.17753064632415771,12.33520793914795,59.211395263671875,0.002770444378256798,0.015637965872883797,0.015880359336733818,0.015919728204607964,-0.0008945092558860779,0.00644387723878026,0.011463813483715057,0.9996168613433838,0.006603277754038572,0.012163309380412102,1.0,0.0086149787530303,0.015055899508297443,0.9889503121376038,0.0076417927630245686,0.012982585467398167,1.0,0.00706116296350956,0.012720180675387383,0.9948493838310242,0.006488672457635403,0.011822457425296307,0.9987834692001343
Temnothorax_sp._OKENT0105336_processed.obj,Stage_3_deform_fine,0.00034547364339232445,0.021907271817326546,0.010311284102499485,0.01159598771482706,0.0266020018607378,0.07767297327518463,0.14376522600650787,0.15123333036899567,0.13699999451637268,0.5632433891296387,0.6054999828338623,0.5264999866485596,0.9031381011009216,0.9289000034332275,0.878766655921936,0.9974328279495239,0.9966999888420105,0.9981666803359985,0.7750961184501648,0.4424000084400177,1.2063430547714233,1.4651097059249878,2.3912508487701416,0.4205365478992462,0.36910897493362427,2.078772783279419,0.6904081106185913,0.0,0.6924539804458618,0.18052050471305847,0.019229037687182426,0.053212761878967285,0.31105953454971313,13.126538276672363,64.84960174560547,0.004660865291953087,0.01132790744304657,0.011544058099389076,0.011499340645968914,-0.00033312011510133743,0.008705497719347477,0.016252202913165092,0.986973226070404,0.009165134280920029,0.0171380452811718,0.976530134677887,0.009852086193859577,0.01749272085726261,0.9779005646705627,0.010381382890045643,0.019098566845059395,0.9551451802253723,0.00846032239496708,0.015692204236984253,0.9822302460670471,0.007507942151278257,0.013463161885738373,0.9975668787956238
Tetramorium_kraepelini_CASENT0744084_processed.obj,Stage_3_deform_fine,0.0003469835501164198,0.022162191569805145,0.01034905482083559,0.01181313581764698,0.026598408818244934,0.12339010834693909,0.1277463287115097,0.13233333826065063,0.12346667051315308,0.5384372472763062,0.5796000361442566,0.5027333498001099,0.9115580320358276,0.9423666596412659,0.8827000260353088,0.9975166320800781,0.9972333312034607,0.9977999925613403,0.812954843044281,0.37743332982063293,1.2221657037734985,1.2969794273376465,2.56748104095459,0.39286038279533386,0.39000600576400757,2.1721653938293457,0.7358872890472412,0.0,0.674267590045929,0.1698669046163559,0.020483355969190598,0.05085381865501404,0.34695136547088623,13.380094528198242,66.4473876953125,0.004823832772672176,0.0002854417252819985,0.0009321633260697126,0.0002875723293982446,-0.008963599801063538,0.009109027683734894,0.0175797026604414,0.9762452244758606,0.009295911528170109,0.01713704876601696,0.9742292165756226,0.010522352531552315,0.01966380514204502,0.950276255607605,0.010487462393939495,0.019768863916397095,0.9525066614151001,0.009151758626103401,0.016714446246623993,0.9742467403411865,0.01095078606158495,0.027012595906853676,0.9282238483428955
