v 0.3396008312702179 -0.09939523041248322 0.13088348507881165
v 0.3376445472240448 -0.09558352828025818 0.13048142194747925
v 0.34213078022003174 -0.09353791177272797 0.13116878271102905
v 0.33811110258102417 -0.0902421697974205 0.13026320934295654
v 0.33325767517089844 -0.09918618947267532 0.12927500903606415
v 0.3426066040992737 -0.10483452677726746 0.13116109371185303
v 0.3456088900566101 -0.09813240170478821 0.13200470805168152
v 0.3429170548915863 -0.08776561915874481 0.13131071627140045
v 0.3393823206424713 -0.08358382433652878 0.13013499975204468
v 0.3322194218635559 -0.0861285999417305 0.12883061170578003
v 0.3324155807495117 -0.0935717225074768 0.12915188074111938
v 0.32572177052497864 -0.09855115413665771 0.12825505435466766
v 0.3279118537902832 -0.10471706837415695 0.1281898319721222
v 0.33611562848091125 -0.1045391634106636 0.1295427680015564
v 0.33984702825546265 -0.10990047454833984 0.1297912299633026
v 0.34573638439178467 -0.10997013747692108 0.1312056928873062
v 0.3490670919418335 -0.10325660556554794 0.13234511017799377
v 0.34689608216285706 -0.09062033891677856 0.13221274316310883
v 0.33530908823013306 -0.07974062860012054 0.12907865643501282
v 0.3262699842453003 -0.08555229008197784 0.12821294367313385
v 0.3236566185951233 -0.09099909663200378 0.12805187702178955
v 0.3197499215602875 -0.10479430854320526 0.12756562232971191
v 0.3168163299560547 -0.09900263696908951 0.12792402505874634
v 0.33134493231773376 -0.11014081537723541 0.1281401515007019
v 0.32104170322418213 -0.11084949970245361 0.12656934559345245
v 0.33532753586769104 -0.11568261682987213 0.12828657031059265
v 0.34303513169288635 -0.1155579462647438 0.1302172988653183
v 0.3511119782924652 -0.11512945592403412 0.13209527730941772
v 0.35364270210266113 -0.10863969475030899 0.1325274109840393
v 0.3516910672187805 -0.09579576551914215 0.13287922739982605
v 0.35360217094421387 -0.08609214425086975 0.13243743777275085
v 0.34617355465888977 -0.08185301721096039 0.1313939094543457
v 0.33020472526550293 -0.07952913641929626 0.12825897336006165
v 0.3179529309272766 -0.08632557839155197 0.1277347207069397
v 0.3128237724304199 -0.09261684119701385 0.12773144245147705
v 0.31139373779296875 -0.10488639771938324 0.12726090848445892
v 0.3139711320400238 -0.10911113023757935 0.12662595510482788
v 0.3078015148639679 -0.09857963025569916 0.1275210678577423
v 0.3168642818927765 -0.11889773607254028 0.12435862421989441
v 0.3271023631095886 -0.11719732731580734 0.1263725459575653
v 0.3310714662075043 -0.12235616892576218 0.1258322298526764
v 0.33959469199180603 -0.12204566597938538 0.128033846616745
v 0.34722667932510376 -0.12154418975114822 0.13073062896728516
v 0.35524630546569824 -0.12171521782875061 0.13293294608592987
v 0.3579668402671814 -0.11380135267972946 0.13336770236492157
v 0.35547444224357605 -0.10110091418027878 0.1331280916929245
v 0.3588680624961853 -0.07963648438453674 0.13137677311897278
v 0.35298600792884827 -0.07481442391872406 0.13059788942337036
v 0.3395558297634125 -0.07629857957363129 0.1295754611492157
v 0.333888441324234 -0.07323873043060303 0.12820497155189514
v 0.3243115544319153 -0.0798119381070137 0.12765830755233765
v 0.3071674704551697 -0.08596858382225037 0.12744563817977905
v 0.3042522668838501 -0.09278658032417297 0.1276404857635498
v 0.30279484391212463 -0.1042802557349205 0.12726011872291565
v 0.3074629306793213 -0.11150968819856644 0.12679848074913025
v 0.30987560749053955 -0.11347485333681107 0.1251944899559021
v 0.2992297410964966 -0.09800981730222702 0.12772732973098755
v 0.3161756098270416 -0.12133133411407471 0.12294347584247589
v 0.323670893907547 -0.12327910214662552 0.12377115339040756
v 0.3274386525154114 -0.12816277146339417 0.12295235693454742
v 0.3347983658313751 -0.1290457844734192 0.12517228722572327
v 0.3427917957305908 -0.12946589291095734 0.12773287296295166
v 0.35078465938568115 -0.12995609641075134 0.13110947608947754
v 0.3590470552444458 -0.13023065030574799 0.13424310088157654
v 0.3629412055015564 -0.12096617370843887 0.13428156077861786
v 0.3588274419307709 -0.10635606199502945 0.13327758014202118
v 0.3569696247577667 -0.09394529461860657 0.1329602599143982
v 0.36098140478134155 -0.08779752254486084 0.1324702799320221
v 0.35662657022476196 -0.06670154631137848 0.12907834351062775
v 0.36061662435531616 -0.07045818865299225 0.1300169825553894
v 0.3451220393180847 -0.07114705443382263 0.12932726740837097
v 0.32560670375823975 -0.07303422689437866 0.12714269757270813
v 0.3383389711380005 -0.06967425346374512 0.12845169007778168
v 0.3145435154438019 -0.07633179426193237 0.12661327421665192
v 0.29648295044898987 -0.08998450636863708 0.12806983292102814
v 0.29994723200798035 -0.07909087836742401 0.12670761346817017
v 0.2953989505767822 -0.1040496826171875 0.12814053893089294
v 0.29992786049842834 -0.10898411273956299 0.12740883231163025
v 0.3055758774280548 -0.11265645921230316 0.12656977772712708
v 0.3087098002433777 -0.11906643211841583 0.12324976921081543
v 0.28992560505867004 -0.09843043237924576 0.1285841464996338
v 0.3149976432323456 -0.1254926323890686 0.12163124978542328
v 0.3201070725917816 -0.1278063952922821 0.12138903141021729
v 0.32328420877456665 -0.132895365357399 0.1202516108751297
v 0.3309035301208496 -0.1340295374393463 0.12210891395807266
v 0.3387649357318878 -0.1359672248363495 0.12477806210517883
v 0.3465069532394409 -0.1378953605890274 0.12792137265205383
v 0.35344770550727844 -0.1392151117324829 0.13226239383220673
v 0.3658650517463684 -0.12974309921264648 0.13543030619621277
v 0.36133289337158203 -0.13877451419830322 0.1351606696844101
v 0.36413997411727905 -0.10979989916086197 0.1339896023273468
v 0.36200010776519775 -0.09823666512966156 0.1331779956817627
v 0.36757132411003113 -0.09034442156553268 0.13277998566627502
v 0.3672138750553131 -0.07792963832616806 0.13123758137226105
v 0.3519117534160614 -0.06341911852359772 0.12810233235359192
v 0.36705103516578674 -0.06437292695045471 0.12857232987880707
v 0.3598911762237549 -0.05736492574214935 0.12716983258724213
v 0.33187177777290344 -0.06429353356361389 0.12663796544075012
v 0.3191475570201874 -0.06666543334722519 0.12578223645687103
v 0.34240248799324036 -0.05980750918388367 0.12692499160766602
v 0.30785661935806274 -0.06771105527877808 0.12490272521972656
v 0.2882481515407562 -0.08370744436979294 0.1269039511680603
v 0.2907542288303375 -0.07711869478225708 0.1258336901664734
v 0.2867877781391144 -0.1049264669418335 0.12943106889724731
v 0.29216524958610535 -0.10957862436771393 0.12872865796089172
v 0.2975025773048401 -0.11335205286741257 0.1272534728050232
v 0.3018016219139099 -0.11652601510286331 0.12500649690628052
v 0.3105035126209259 -0.12374797463417053 0.12210308015346527
v 0.28396132588386536 -0.0939812883734703 0.12835320830345154
v 0.3138173222541809 -0.12878525257110596 0.12074555456638336
v 0.31882762908935547 -0.13324932754039764 0.11964157223701477
v 0.3214761018753052 -0.13941095769405365 0.11809036135673523
v 0.3262634575366974 -0.14011821150779724 0.11900424212217331
v 0.33417245745658875 -0.14137595891952515 0.12145593762397766
v 0.34147343039512634 -0.14352741837501526 0.1247435063123703
v 0.34975069761276245 -0.14666250348091125 0.1285402476787567
v 0.3563072681427002 -0.14775346219539642 0.13314473628997803
v 0.37076643109321594 -0.11896020174026489 0.13475365936756134
v 0.36496874690055847 -0.15025275945663452 0.13597437739372253
v 0.3682309091091156 -0.13813450932502747 0.1365068107843399
v 0.3680458068847656 -0.10038428753614426 0.13358771800994873
v 0.37435808777809143 -0.09504562616348267 0.1324966549873352
v 0.37446871399879456 -0.08158396184444427 0.13062050938606262
v 0.37486502528190613 -0.06737326085567474 0.1281895488500595
v 0.3524363040924072 -0.05121483653783798 0.12539127469062805
v 0.3609296977519989 -0.04273521900177002 0.12371578067541122
v 0.37083756923675537 -0.048769399523735046 0.12494977563619614
v 0.3347387909889221 -0.05136418342590332 0.12469024211168289
v 0.32426974177360535 -0.05586138367652893 0.12468963861465454
v 0.31413301825523376 -0.05889973044395447 0.12392172962427139
v 0.3439926207065582 -0.045350685715675354 0.1237601712346077
v 0.29439812898635864 -0.06769565492868423 0.12384875118732452
v 0.28126075863838196 -0.07716025412082672 0.1252683401107788
v 0.283875972032547 -0.11046826094388962 0.1306769996881485
v 0.2791714072227478 -0.10057980567216873 0.12937615811824799
v 0.2876605689525604 -0.11249388754367828 0.12881575524806976
v 0.29472616314888 -0.11656827479600906 0.1266806721687317
v 0.3027763068675995 -0.1220824345946312 0.12306579202413559
v 0.2766208350658417 -0.08713304251432419 0.12689216434955597
v 0.31098395586013794 -0.13276737928390503 0.11959008872509003
v 0.30612272024154663 -0.12797345221042633 0.12148234248161316
v 0.3171156346797943 -0.13875968754291534 0.11785480380058289
v 0.32280486822128296 -0.14308607578277588 0.11707600951194763
v 0.3291776776313782 -0.1454637050628662 0.11844964325428009
v 0.33745935559272766 -0.1475200057029724 0.12123861908912659
v 0.34531986713409424 -0.15113413333892822 0.12496408820152283
v 0.3519666790962219 -0.15364673733711243 0.1295071840286255
v 0.3583199083805084 -0.15788379311561584 0.13233652710914612
v 0.3754473030567169 -0.12799006700515747 0.13524529337882996
v 0.3742978572845459 -0.10694820433855057 0.13366174697875977
v 0.3746104836463928 -0.14491328597068787 0.1367594301700592
v 0.3719843924045563 -0.15840736031532288 0.13653363287448883
v 0.38333970308303833 -0.08589784801006317 0.12935733795166016
v 0.3836107552051544 -0.07165422290563583 0.12691965699195862
v 0.3838232457637787 -0.055808693170547485 0.12412453442811966
v 0.3520006835460663 -0.037460193037986755 0.12192751467227936
v 0.33760493993759155 -0.03931913524866104 0.12235335260629654
v 0.326884388923645 -0.04454533010721207 0.1227797195315361
v 0.315935879945755 -0.04929637908935547 0.12211595475673676
v 0.3035750389099121 -0.05472572147846222 0.12097686529159546
v 0.344672292470932 -0.035068169236183167 0.12152016907930374
v 0.28060847520828247 -0.059491053223609924 0.11886061728000641
v 0.27017703652381897 -0.0673443004488945 0.1188901737332344
v 0.27922436594963074 -0.10717029869556427 0.13095702230930328
v 0.2812960743904114 -0.1137319803237915 0.13035067915916443
v 0.2748284935951233 -0.09658683091402054 0.1293184906244278
v 0.2865918278694153 -0.11717484891414642 0.12823368608951569
v 0.29434439539909363 -0.12077987939119339 0.12510330975055695
v 0.2646656930446625 -0.08227286487817764 0.12344766408205032
v 0.2986688017845154 -0.1260882019996643 0.12330719828605652
v 0.301417738199234 -0.13112503290176392 0.12166605144739151
v 0.31744906306266785 -0.14317725598812103 0.11642880737781525
v 0.30793842673301697 -0.13837337493896484 0.1189902126789093
v 0.3249121904373169 -0.1476898491382599 0.11629664897918701
v 0.33326292037963867 -0.1508641541004181 0.11779853701591492
v 0.34138041734695435 -0.1543239951133728 0.12097019702196121
v 0.3483838140964508 -0.15828363597393036 0.12528876960277557
v 0.3539491891860962 -0.16081084311008453 0.1286362111568451
v 0.3655967712402344 -0.1643752157688141 0.13442766666412354
v 0.3827502429485321 -0.13396164774894714 0.13480505347251892
v 0.38049545884132385 -0.11313797533512115 0.133215993642807
v 0.38057848811149597 -0.15967372059822083 0.13691121339797974
v 0.3861442804336548 -0.1448379009962082 0.13575169444084167
v 0.39230790734291077 -0.07503616064786911 0.12586361169815063
v 0.382965087890625 -0.10024137794971466 0.1316150724887848
v 0.39260727167129517 -0.08964623510837555 0.12837179005146027
v 0.3920131325721741 -0.06274103373289108 0.12350478768348694
v 0.39061737060546875 -0.018498413264751434 0.11453643441200256
v 0.34060850739479065 -0.028721734881401062 0.12011146545410156
v 0.3291875422000885 -0.03243912011384964 0.12011650204658508
v 0.3185458183288574 -0.038241975009441376 0.119720458984375
v 0.307844340801239 -0.042510032653808594 0.11854247003793716
v 0.29018282890319824 -0.050332456827163696 0.1173621341586113
v 0.2581993043422699 -0.06760767102241516 0.1159312054514885
v 0.26891034841537476 -0.05737572908401489 0.11516080051660538
v 0.26996541023254395 -0.10391613841056824 0.13124945759773254
v 0.2732004225254059 -0.11364006251096725 0.13171300292015076
v 0.2788161039352417 -0.11930689960718155 0.13041925430297852
v 0.26523345708847046 -0.09466499090194702 0.12833011150360107
v 0.28518709540367126 -0.12207211554050446 0.12760579586029053
v 0.24860543012619019 -0.08375412225723267 0.11963718384504318
v 0.2914581298828125 -0.12819886207580566 0.12502172589302063
v 0.2946719527244568 -0.13516584038734436 0.12242187559604645
v 0.30932512879371643 -0.1459377408027649 0.11630503833293915
v 0.319275438785553 -0.14971140027046204 0.11499951034784317
v 0.2978824973106384 -0.14258894324302673 0.11956433206796646
v 0.32852286100387573 -0.152766615152359 0.1153063178062439
v 0.3374302387237549 -0.1564643681049347 0.11736927926540375
v 0.345217764377594 -0.16110147535800934 0.12067633867263794
v 0.3515132665634155 -0.16452479362487793 0.12492312490940094
v 0.3595292866230011 -0.1686491221189499 0.12951858341693878
v 0.3750176429748535 -0.17039093375205994 0.13587692379951477
v 0.3864504098892212 -0.11977751553058624 0.13308237493038177
v 0.39127394556999207 -0.1301172375679016 0.13319790363311768
v 0.3907870054244995 -0.1586969494819641 0.13571085035800934
v 0.39620083570480347 -0.14300329983234406 0.13321146368980408
v 0.40117886662483215 -0.07789464294910431 0.12534518539905548
v 0.4000241756439209 -0.06391593813896179 0.12269189953804016
v 0.39174631237983704 -0.10558249056339264 0.13065171241760254
v 0.40169990062713623 -0.0912976861000061 0.12784546613693237
v 0.40448129177093506 -0.024060435593128204 0.11300688236951828
v 0.3105134665966034 -0.03360668569803238 0.11660253256559372
v 0.2968383729457855 -0.044522419571876526 0.11712285131216049
v 0.27907538414001465 -0.04809202253818512 0.11307307332754135
v 0.25731533765792847 -0.05594375729560852 0.11028002947568893
v 0.24343803524971008 -0.06819991767406464 0.11037962138652802
v 0.25723159313201904 -0.10509058088064194 0.13010135293006897
v 0.2629368007183075 -0.1144835352897644 0.13263162970542908
v 0.27028581500053406 -0.12067094445228577 0.13204744458198547
v 0.2787013351917267 -0.1263684779405594 0.12953278422355652
v 0.25289827585220337 -0.09522318840026855 0.12657031416893005
v 0.2350725531578064 -0.07948141545057297 0.11276111751794815
v 0.2811386287212372 -0.13305839896202087 0.1277264952659607
v 0.283772349357605 -0.13899189233779907 0.12471257150173187
v 0.29949215054512024 -0.14938057959079742 0.11671585589647293
v 0.31116414070129395 -0.15255609154701233 0.11451336741447449
v 0.32227641344070435 -0.15604794025421143 0.11313433945178986
v 0.28882184624671936 -0.14740386605262756 0.11994850635528564
v 0.3324747383594513 -0.15977808833122253 0.1134936511516571
v 0.3413715362548828 -0.16403540968894958 0.11615876108407974
v 0.3489135205745697 -0.16761618852615356 0.12028460204601288
v 0.3551254868507385 -0.17066898941993713 0.1243237853050232
v 0.368267685174942 -0.17677736282348633 0.13246534764766693
v 0.38529327511787415 -0.17209477722644806 0.1365090012550354
v 0.3967260718345642 -0.11617101728916168 0.13074207305908203
v 0.40158894658088684 -0.12752321362495422 0.12979047000408173
v 0.3999936878681183 -0.1557982861995697 0.1336049884557724
v 0.40518414974212646 -0.1399129331111908 0.13008321821689606
v 0.4097816050052643 -0.08012548089027405 0.12568065524101257
v 0.4089830815792084 -0.06823957711458206 0.12333037704229355
v 0.41700926423072815 -0.028530992567539215 0.11341361701488495
v 0.4035380780696869 -0.10358623415231705 0.12823449075222015
v 0.4116302728652954 -0.09274105727672577 0.1263824701309204
v 0.3277944326400757 -0.02171066403388977 0.11689971387386322
v 0.3182832598686218 -0.027935408055782318 0.11670007556676865
v 0.30160588026046753 -0.034220851957798004 0.11495866626501083
v 0.2870425581932068 -0.04482618719339371 0.11396406590938568
v 0.26969850063323975 -0.048827409744262695 0.11035992950201035
v 0.23385712504386902 -0.06579872220754623 0.10459761321544647
v 0.24572595953941345 -0.05757594853639603 0.1043439581990242
v 0.24606452882289886 -0.10511735081672668 0.12725457549095154
v 0.25192731618881226 -0.11523430794477463 0.13080129027366638
v 0.2598571181297302 -0.12334069609642029 0.13255245983600616
v 0.2703056335449219 -0.12937162816524506 0.13147063553333282
v 0.2372853308916092 -0.0954764187335968 0.12076771259307861
v 0.22858117520809174 -0.07503700256347656 0.10696768760681152
v 0.2696131467819214 -0.1382875144481659 0.1319960057735443
v 0.2746802866458893 -0.14367961883544922 0.12452229857444763
v 0.30209147930145264 -0.15656200051307678 0.11401589214801788
v 0.29113680124282837 -0.15411633253097534 0.11563912034034729
v 0.31280550360679626 -0.15950609743595123 0.11176744103431702
v 0.3252909481525421 -0.16544890403747559 0.1100861206650734
v 0.28022629022598267 -0.15069790184497833 0.11771462857723236
v 0.33764728903770447 -0.16866819560527802 0.11200204491615295
v 0.3457457721233368 -0.17154663801193237 0.11549745500087738
v 0.3536889851093292 -0.17468059062957764 0.12055104970932007
v 0.36195769906044006 -0.17906472086906433 0.12635359168052673
v 0.37781357765197754 -0.1825474053621292 0.13448241353034973
v 0.39421847462654114 -0.17123813927173615 0.1362437605857849
v 0.408363938331604 -0.11371377110481262 0.12646131217479706
v 0.411996066570282 -0.12515440583229065 0.1261085420846939
v 0.40824225544929504 -0.15314650535583496 0.1303074061870575
v 0.41458043456077576 -0.13724961876869202 0.12585502862930298
v 0.41930413246154785 -0.08239603042602539 0.1254073977470398
v 0.41720014810562134 -0.0717126727104187 0.12461990118026733
v 0.4162391126155853 -0.060579925775527954 0.12255959957838058
v 0.4143722653388977 -0.10335686057806015 0.12554563581943512
v 0.421558678150177 -0.09361721575260162 0.12483786046504974
v 0.30772092938423157 -0.023324154317378998 0.11297272890806198
v 0.3161121606826782 -0.01783328503370285 0.1132100448012352
v 0.290592759847641 -0.03602645546197891 0.11200463771820068
v 0.27962803840637207 -0.04098907858133316 0.10932492464780807
v 0.25982391834259033 -0.046886853873729706 0.10528784990310669
v 0.2331276834011078 -0.06422246247529984 0.10160081833600998
v 0.24128378927707672 -0.05421935021877289 0.09995733946561813
v 0.2422342598438263 -0.11433186382055283 0.12698674201965332
v 0.2357688695192337 -0.10645084083080292 0.12326619029045105
v 0.24778741598129272 -0.12476636469364166 0.13253222405910492
v 0.259202778339386 -0.13371185958385468 0.13280507922172546
v 0.22627533972263336 -0.0897393450140953 0.11208849400281906
v 0.22523844242095947 -0.07407376170158386 0.10282016545534134
v 0.26196175813674927 -0.14117278158664703 0.127655029296875
v 0.26631104946136475 -0.1464017927646637 0.1218654215335846
v 0.2931062877178192 -0.158728688955307 0.11307534575462341
v 0.30306577682495117 -0.16183829307556152 0.11133326590061188
v 0.2829633951187134 -0.15621021389961243 0.11387908458709717
v 0.31224381923675537 -0.16595470905303955 0.10953366756439209
v 0.33169716596603394 -0.1730177402496338 0.10849003493785858
v 0.2731381952762604 -0.15146486461162567 0.1148194745182991
v 0.3422620892524719 -0.17618811130523682 0.11088737845420837
v 0.3510940968990326 -0.1785181611776352 0.1163657158613205
v 0.35840943455696106 -0.18107768893241882 0.12114997208118439
v 0.3720903992652893 -0.18751709163188934 0.12972354888916016
v 0.3893164098262787 -0.1834503710269928 0.13624027371406555
v 0.40371060371398926 -0.16818693280220032 0.13404370844364166
v 0.417549192905426 -0.11207529157400131 0.12430069595575333
v 0.42112526297569275 -0.12319839745759964 0.12259649485349655
v 0.41708898544311523 -0.15171119570732117 0.12655757367610931
v 0.42326778173446655 -0.1358606517314911 0.12283112108707428
v 0.42736688256263733 -0.07261623442173004 0.12441273778676987
v 0.4293202757835388 -0.08340277522802353 0.12419840693473816
v 0.4251928925514221 -0.06433051824569702 0.12358008325099945
v 0.42438021302223206 -0.10240510106086731 0.1232275664806366
v 0.43178924918174744 -0.09265410155057907 0.12291266024112701
v 0.3100771903991699 0.007011912763118744 0.10151930898427963
v 0.29621538519859314 -0.02388767898082733 0.10913865268230438
v 0.2832852303981781 -0.02865227311849594 0.10516601800918579
v 0.2711850106716156 -0.03644651174545288 0.10360433906316757
v 0.251105934381485 -0.0465775802731514 0.10112699866294861
v 0.2319602370262146 -0.11262881010770798 0.12141475826501846
v 0.24073565006256104 -0.1218748688697815 0.1257646083831787
v 0.22595807909965515 -0.10265756398439407 0.11701930314302444
v 0.2508493959903717 -0.13460826873779297 0.12867823243141174
v 0.21844382584095 -0.08415726572275162 0.10492914170026779
v 0.2304219901561737 -0.06000542640686035 0.09807772189378738
v 0.22094924747943878 -0.07055152207612991 0.09852073341608047
v 0.25320130586624146 -0.14353004097938538 0.12512247264385223
v 0.2601630985736847 -0.1480908840894699 0.11873696744441986
v 0.28483012318611145 -0.16013607382774353 0.11056080460548401
v 0.294529527425766 -0.1629633903503418 0.11046909540891647
v 0.3031073212623596 -0.16628172993659973 0.10966791212558746
v 0.2754784822463989 -0.1556125432252884 0.1101897805929184
v 0.3206953704357147 -0.17245295643806458 0.10730062425136566
v 0.3358805477619171 -0.1787661761045456 0.1083778664469719
v 0.2667211890220642 -0.15143921971321106 0.11094862222671509
v 0.35002851486206055 -0.18232578039169312 0.11426897346973419
v 0.3572436273097992 -0.1852884292602539 0.11820445209741592
v 0.36501187086105347 -0.18774491548538208 0.12398472428321838
v 0.38114625215530396 -0.19299420714378357 0.13346774876117706
v 0.39807918667793274 -0.18213358521461487 0.13665887713432312
v 0.41163206100463867 -0.16727697849273682 0.13123169541358948
v 0.42676302790641785 -0.11345750093460083 0.12136486172676086
v 0.4284001588821411 -0.12392875552177429 0.12034311145544052
v 0.42409881949424744 -0.15314778685569763 0.12461704760789871
v 0.42941319942474365 -0.1393917202949524 0.12158943712711334
v 0.43496978282928467 -0.07505186647176743 0.12396137416362762
v 0.43346336483955383 -0.06553009152412415 0.12348403036594391
v 0.4375426471233368 -0.08418601006269455 0.12306252121925354
v 0.43510735034942627 -0.10313033312559128 0.1206967830657959
v 0.44148892164230347 -0.09366724640130997 0.12112903594970703
v 0.2872845530509949 -0.01456395536661148 0.10173385590314865
v 0.2742067873477936 -0.023277997970581055 0.10120926797389984
v 0.2605704069137573 -0.034530989825725555 0.10030271112918854
v 0.2443593591451645 -0.04555942863225937 0.09844488650560379
v 0.22294096648693085 -0.11128952354192734 0.11380299925804138
v 0.2304600477218628 -0.11939225345849991 0.1188516691327095
v 0.23953759670257568 -0.13314422965049744 0.12319954484701157
v 0.21457195281982422 -0.09379221498966217 0.10616487264633179
v 0.21492469310760498 -0.07851958274841309 0.09917104244232178
v 0.22791671752929688 -0.05654361844062805 0.09547460079193115
v 0.21915912628173828 -0.06663067638874054 0.09509607404470444
v 0.2438943088054657 -0.14574703574180603 0.12073825299739838
v 0.2542591691017151 -0.1469709575176239 0.1141534224152565
v 0.28571632504463196 -0.16486217081546783 0.1074126586318016
v 0.2759462296962738 -0.15956857800483704 0.10485240817070007
v 0.2970176637172699 -0.1685957908630371 0.10894327610731125
v 0.3087129592895508 -0.1726788729429245 0.10785423219203949
v 0.2671263813972473 -0.1546153724193573 0.10472877323627472
v 0.32725444436073303 -0.17826223373413086 0.10697246342897415
v 0.3439478874206543 -0.1835561841726303 0.11055722832679749
v 0.25432655215263367 -0.1461363434791565 0.10625606775283813
v 0.3540895879268646 -0.18913182616233826 0.11523397266864777
v 0.3643866777420044 -0.19497878849506378 0.12071730196475983
v 0.3741723299026489 -0.19817960262298584 0.12874527275562286
v 0.3929920494556427 -0.19409611821174622 0.13590596616268158
v 0.4065413475036621 -0.17813177406787872 0.13465847074985504
v 0.41864606738090515 -0.1649000346660614 0.12860727310180664
v 0.434741735458374 -0.11409764736890793 0.11947555840015411
v 0.4362369179725647 -0.12754589319229126 0.11972704529762268
v 0.43697795271873474 -0.14314649999141693 0.12130963057279587
v 0.43004709482192993 -0.15475821495056152 0.1239486038684845
v 0.4422130882740021 -0.07451082766056061 0.12253037095069885
v 0.4409779906272888 -0.0659230649471283 0.12227192521095276
v 0.4457952380180359 -0.08451998233795166 0.12143813073635101
v 0.44438838958740234 -0.10507155954837799 0.11912041157484055
v 0.4492378532886505 -0.09341377764940262 0.1208769828081131
v 0.28230324387550354 0.015081651508808136 0.09468798339366913
v 0.27696943283081055 -0.008121691644191742 0.09934407472610474
v 0.2657189965248108 -0.01915900409221649 0.10032447427511215
v 0.25420141220092773 -0.030992820858955383 0.09985579550266266
v 0.24037732183933258 -0.04393862932920456 0.09653198719024658
v 0.22259128093719482 -0.11701558530330658 0.1114608570933342
v 0.2156234234571457 -0.10466992855072021 0.10863262414932251
v 0.2282373160123825 -0.1252533495426178 0.11384917795658112
v 0.20393890142440796 -0.0891190767288208 0.09832990914583206
v 0.20787569880485535 -0.0772392675280571 0.09378007799386978
v 0.22713139653205872 -0.05557575076818466 0.09009622782468796
v 0.21213796734809875 -0.06937506794929504 0.08967283368110657
v 0.2346862256526947 -0.1347484290599823 0.1146325021982193
v 0.24236199259757996 -0.14065316319465637 0.10985848307609558
v 0.27857717871665955 -0.1640162169933319 0.10323567688465118
v 0.29073649644851685 -0.1711832582950592 0.1069188341498375
v 0.2671927809715271 -0.1583569347858429 0.09983234852552414
v 0.2999323308467865 -0.17530213296413422 0.1070992723107338
v 0.31742405891418457 -0.17930275201797485 0.1061582937836647
v 0.2546288073062897 -0.14843308925628662 0.0990365743637085
v 0.33357271552085876 -0.1836082488298416 0.10678862035274506
v 0.34969112277030945 -0.19240722060203552 0.1120089665055275
v 0.24684780836105347 -0.14266817271709442 0.1027413010597229
v 0.3575243055820465 -0.1981465071439743 0.11609805375337601
v 0.37230217456817627 -0.20359599590301514 0.12509623169898987
v 0.3858041763305664 -0.20336906611919403 0.13351823389530182
v 0.4030752182006836 -0.1912499964237213 0.1360531747341156
v 0.41382870078086853 -0.18296761810779572 0.1334313452243805
v 0.42533719539642334 -0.17135316133499146 0.12872838973999023
v 0.44395846128463745 -0.11803761124610901 0.11844782531261444
v 0.44579824805259705 -0.13051657378673553 0.11949720978736877
v 0.43703070282936096 -0.16227978467941284 0.12402774393558502
v 0.44457533955574036 -0.1448400467634201 0.12042843550443649
v 0.44995763897895813 -0.07437654584646225 0.1203048825263977
v 0.44825395941734314 -0.06592977792024612 0.12037953734397888
v 0.45373448729515076 -0.08045603334903717 0.1194709986448288
v 0.45113152265548706 -0.11219748854637146 0.11764407157897949
v 0.45537909865379333 -0.10114070028066635 0.11874482035636902
v 0.2789347171783447 0.015964284539222717 0.09355000406503677
v 0.2710929214954376 -0.00212918221950531 0.09915924072265625
v 0.2618058919906616 -0.01708604395389557 0.09869630634784698
v 0.25201281905174255 -0.03157643973827362 0.09455252438783646
v 0.24128960072994232 -0.04198700934648514 0.08713439106941223
v 0.21419751644134521 -0.11349205672740936 0.105321004986763
v 0.22096915543079376 -0.12024472653865814 0.10733446478843689
v 0.20299199223518372 -0.10158630460500717 0.10106822848320007
v 0.19617973268032074 -0.08938703685998917 0.0923013985157013
v 0.1972799003124237 -0.08468668162822723 0.08748829364776611
v 0.23572677373886108 -0.0483730286359787 0.08108736574649811
v 0.21677730977535248 -0.06719950586557388 0.08202428370714188
v 0.22530993819236755 -0.12574279308319092 0.1068664938211441
v 0.23254701495170593 -0.1309182345867157 0.10551661998033524
v 0.2707493007183075 -0.16086122393608093 0.09866515547037125
v 0.28300610184669495 -0.16950982809066772 0.1041119247674942
v 0.29460349678993225 -0.176035538315773 0.10516328364610672
v 0.25836601853370667 -0.1533074527978897 0.09575116634368896
v 0.30861085653305054 -0.1800471544265747 0.10543862730264664
v 0.32459092140197754 -0.18442277610301971 0.1049078106880188
v 0.24812692403793335 -0.1447213888168335 0.09779378771781921
v 0.3400943875312805 -0.18970830738544464 0.10775795578956604
v 0.3534415066242218 -0.20031872391700745 0.11270127445459366
v 0.23896856606006622 -0.1375400722026825 0.10112769901752472
v 0.3655923306941986 -0.20522399246692657 0.12028370052576065
v 0.3795238733291626 -0.20794638991355896 0.12953020632266998
v 0.39781293272972107 -0.20340153574943542 0.13658782839775085
v 0.40907183289527893 -0.2004525065422058 0.13667349517345428
v 0.42089706659317017 -0.19253778457641602 0.1349664330482483
v 0.43178462982177734 -0.18374349176883698 0.13042613863945007
v 0.4521360993385315 -0.11993347853422165 0.11827296018600464
v 0.4520283341407776 -0.1357877105474472 0.11883390694856644
v 0.4488215744495392 -0.15068063139915466 0.11962735652923584
v 0.44316232204437256 -0.17255860567092896 0.12413076311349869
v 0.4559818208217621 -0.0710218995809555 0.11786118149757385
v 0.4533025622367859 -0.0665874183177948 0.11866730451583862
v 0.4576698839664459 -0.08584696799516678 0.11824417114257812
v 0.4584444761276245 -0.11243072152137756 0.11649323999881744
v 0.4616353511810303 -0.10286946594715118 0.11549229174852371
v 0.2777485251426697 0.015476621687412262 0.09068156778812408
v 0.2685217559337616 -0.006542615592479706 0.09476698935031891
v 0.26291078329086304 -0.018867582082748413 0.0904565379023552
v 0.25418123602867126 -0.031964194029569626 0.0842854231595993
v 0.2494489699602127 -0.03432731330394745 0.07885056734085083
v 0.20514130592346191 -0.11151279509067535 0.10057080537080765
v 0.214316725730896 -0.11887582391500473 0.10335788130760193
v 0.19188159704208374 -0.09859274327754974 0.09448757767677307
v 0.20273542404174805 -0.08211857080459595 0.0819379910826683
v 0.22145548462867737 -0.07248783856630325 0.0721057653427124
v 0.23256197571754456 -0.059010718017816544 0.07221908122301102
v 0.22320479154586792 -0.12193294614553452 0.10718028247356415
v 0.22994458675384521 -0.1245354637503624 0.10386238992214203
v 0.2595093846321106 -0.16131626069545746 0.08831946551799774
v 0.27482870221138 -0.16657193005084991 0.09913146495819092
v 0.28733131289482117 -0.17412032186985016 0.10348619520664215
v 0.30058279633522034 -0.1794530153274536 0.10494443029165268
v 0.25059452652931213 -0.1510460078716278 0.09411297738552094
v 0.3154403865337372 -0.18460533022880554 0.10419885069131851
v 0.3313354551792145 -0.18931637704372406 0.1047857254743576
v 0.24243618547916412 -0.14468109607696533 0.0948842465877533
v 0.34610679745674133 -0.19774764776229858 0.10850504040718079
v 0.35896390676498413 -0.20694535970687866 0.11562508344650269
v 0.22990070283412933 -0.12608003616333008 0.10113688558340073
v 0.3750586211681366 -0.2117006927728653 0.12412409484386444
v 0.3905620872974396 -0.21144112944602966 0.13400617241859436
v 0.40300098061561584 -0.21210959553718567 0.1367882639169693
v 0.4155102074146271 -0.21046960353851318 0.13765950500965118
v 0.42819440364837646 -0.20276640355587006 0.13444945216178894
v 0.4393582046031952 -0.19285495579242706 0.12799789011478424
v 0.45886731147766113 -0.13273662328720093 0.11583756655454636
v 0.44861990213394165 -0.18184369802474976 0.12078805267810822
v 0.4518547058105469 -0.16238775849342346 0.1182389110326767
v 0.4564405083656311 -0.06587325036525726 0.11733831465244293
v 0.4606303572654724 -0.07250260561704636 0.11593519151210785
v 0.46426963806152344 -0.09036657214164734 0.11450546979904175
v 0.46398112177848816 -0.11351770907640457 0.11454163491725922
v 0.4636452794075012 -0.10913005471229553 0.11368591338396072
v 0.27589040994644165 0.01253475621342659 0.08290162682533264
v 0.2697279751300812 -0.006015673279762268 0.08719613403081894
v 0.26180803775787354 -0.0215095654129982 0.08169201016426086
v 0.25465133786201477 -0.029503274708986282 0.075606569647789
v 0.24756352603435516 -0.04303666576743126 0.06942702829837799
v 0.19712617993354797 -0.10677678138017654 0.09809763729572296
v 0.22342735528945923 -0.11887563765048981 0.10371692478656769
v 0.1930581033229828 -0.09515786916017532 0.08111590147018433
v 0.19014567136764526 -0.0973937138915062 0.08745843917131424
v 0.20985069870948792 -0.08177129924297333 0.07546544075012207
v 0.24319538474082947 -0.05307863652706146 0.06468771398067474
v 0.23092734813690186 -0.0689040869474411 0.06525397300720215
v 0.22686438262462616 -0.12055028975009918 0.10521337389945984
v 0.2630481719970703 -0.1654648780822754 0.08672523498535156
v 0.27978241443634033 -0.17262566089630127 0.09997493028640747
v 0.2937719225883484 -0.1785144954919815 0.10281562805175781
v 0.3068229556083679 -0.1836131364107132 0.1034054085612297
v 0.2438683807849884 -0.15627866983413696 0.08680367469787598
v 0.25361818075180054 -0.1598605364561081 0.08698123693466187
v 0.24874654412269592 -0.16095730662345886 0.08522909134626389
v 0.3222239911556244 -0.18931861221790314 0.10276255756616592
v 0.33725571632385254 -0.1948438137769699 0.10470427572727203
v 0.23241688311100006 -0.13656142354011536 0.09496624767780304
v 0.35273265838623047 -0.20673511922359467 0.1104322150349617
v 0.36732786893844604 -0.21382319927215576 0.11846857517957687
v 0.2267255336046219 -0.11820826679468155 0.1025170236825943
v 0.3828645348548889 -0.21590200066566467 0.12898768484592438
v 0.396030068397522 -0.21757002174854279 0.13268110156059265
v 0.4081805348396301 -0.2182062268257141 0.1362132728099823
v 0.4208879768848419 -0.21795764565467834 0.1359969973564148
v 0.4341495931148529 -0.21128475666046143 0.12887442111968994
v 0.4436038136482239 -0.20139096677303314 0.12243819236755371
v 0.4541144371032715 -0.1265500783920288 0.11845435202121735
v 0.4588083028793335 -0.14421571791172028 0.11364459991455078
v 0.462657630443573 -0.12141799926757812 0.11354707181453705
v 0.45934054255485535 -0.12504959106445312 0.11694256961345673
v 0.45141273736953735 -0.18760250508785248 0.11470167338848114
v 0.4563884735107422 -0.16497988998889923 0.11358319222927094
v 0.4671527147293091 -0.07553011178970337 0.112881600856781
v 0.46424779295921326 -0.11516512185335159 0.11719612032175064
v 0.46411728858947754 -0.11449562013149261 0.11458124220371246
v 0.2722068130970001 0.008845631033182144 0.07908143103122711
v 0.26778730750083923 -0.006878398358821869 0.08184213936328888
v 0.2563183903694153 -0.022223610430955887 0.07325981557369232
v 0.255172997713089 -0.031190484762191772 0.07036404311656952
v 0.19019761681556702 -0.1053166389465332 0.09142839908599854
v 0.20052923262119293 -0.11249183118343353 0.10566297918558121
v 0.19880050420761108 -0.1116415336728096 0.09647303819656372
v 0.2132388949394226 -0.11826605349779129 0.11377234756946564
v 0.22246365249156952 -0.12193074077367783 0.10371498763561249
v 0.20246757566928864 -0.09416726231575012 0.07591494917869568
v 0.19073575735092163 -0.10734716057777405 0.0839710608124733
v 0.219541996717453 -0.08134034276008606 0.0668678879737854
v 0.24037519097328186 -0.0637512356042862 0.061061982065439224
v 0.2316671460866928 -0.07810160517692566 0.059306301176548004
v 0.2315824031829834 -0.12235945463180542 0.10279054194688797
v 0.254070520401001 -0.16443732380867004 0.0833515003323555
v 0.2709718942642212 -0.16947519779205322 0.0934566855430603
v 0.2858458459377289 -0.17783567309379578 0.09931245446205139
v 0.2996164560317993 -0.18212361633777618 0.10252454876899719
v 0.31302496790885925 -0.18801790475845337 0.10140752792358398
v 0.24235932528972626 -0.15964306890964508 0.08348637819290161
v 0.23638080060482025 -0.15068933367729187 0.08648681640625
v 0.2473706305027008 -0.16349440813064575 0.08272647112607956
v 0.32865965366363525 -0.19387231767177582 0.10193362087011337
v 0.3450407385826111 -0.20366111397743225 0.10590621829032898
v 0.220638707280159 -0.12221328914165497 0.09627468883991241
v 0.3592059016227722 -0.21400199830532074 0.11315295100212097
v 0.3776852786540985 -0.21983610093593597 0.12275411188602448
v 0.3886694014072418 -0.22125111520290375 0.12777601182460785
v 0.4010433554649353 -0.22238750755786896 0.13193759322166443
v 0.4137277901172638 -0.22288215160369873 0.13264213502407074
v 0.4265908896923065 -0.22085225582122803 0.12851518392562866
v 0.43662506341934204 -0.21362832188606262 0.121862031519413
v 0.44272351264953613 -0.2058381736278534 0.11626847088336945
v 0.4626961052417755 -0.14264142513275146 0.10873717814683914
v 0.464695006608963 -0.12286550551652908 0.11389926075935364
v 0.4649118483066559 -0.11275970935821533 0.11091747879981995
v 0.45228761434555054 -0.17597517371177673 0.10956280678510666
v 0.462513267993927 -0.15490689873695374 0.1073635071516037
v 0.4697188138961792 -0.08892073482275009 0.11070851981639862
v 0.4739997088909149 -0.0774826630949974 0.10882391780614853
v 0.4671561121940613 -0.09741955250501633 0.1120239645242691
v 0.26087820529937744 -0.011505290865898132 0.0785207748413086
v 0.25409960746765137 -0.027931619435548782 0.0650225430727005
v 0.2543652057647705 -0.03456787019968033 0.06399241089820862
v 0.1963389813899994 -0.11456986516714096 0.0882745236158371
v 0.20887352526187897 -0.11822515726089478 0.09228184819221497
v 0.21148350834846497 -0.1173478290438652 0.100906141102314
v 0.22181746363639832 -0.11835911870002747 0.10438636690378189
v 0.22446125745773315 -0.11554232239723206 0.1048237532377243
v 0.21357177197933197 -0.09272892773151398 0.06823764741420746
v 0.1996796578168869 -0.10907251387834549 0.0769415944814682
v 0.20236217975616455 -0.12373028695583344 0.08217164874076843
v 0.22546330094337463 -0.08980334550142288 0.059574611485004425
v 0.24427074193954468 -0.06973093003034592 0.056164078414440155
v 0.23670214414596558 -0.08515395224094391 0.05460645630955696
v 0.2512373626232147 -0.05002061277627945 0.059545863419771194
v 0.2270757555961609 -0.11610250174999237 0.10661794245243073
v 0.25881844758987427 -0.1673768162727356 0.08211247622966766
v 0.2771921753883362 -0.17550557851791382 0.09418841451406479
v 0.29413294792175293 -0.18274062871932983 0.09921786934137344
v 0.3036467432975769 -0.18616098165512085 0.10014773905277252
v 0.320054292678833 -0.19257354736328125 0.10021831840276718
v 0.2417583167552948 -0.16239763796329498 0.08059041947126389
v 0.2337861806154251 -0.155615895986557 0.08194202184677124
v 0.22408939898014069 -0.13738268613815308 0.08943407237529755
v 0.24998131394386292 -0.16543690860271454 0.08041495829820633
v 0.335328072309494 -0.20112907886505127 0.10151434689760208
v 0.3520410358905792 -0.21260306239128113 0.10819356888532639
v 0.36859259009361267 -0.22056111693382263 0.1158495843410492
v 0.3846469819545746 -0.22367294132709503 0.12263224273920059
v 0.39396846294403076 -0.22484783828258514 0.12481970340013504
v 0.40776529908180237 -0.2245454490184784 0.12661531567573547
v 0.41979068517684937 -0.2238682210445404 0.12528356909751892
v 0.42825666069984436 -0.2194884568452835 0.12105877697467804
v 0.4438653588294983 -0.19860687851905823 0.11071889847517014
v 0.4599275290966034 -0.1190044954419136 0.11700886487960815
v 0.4691047966480255 -0.13497474789619446 0.10421312600374222
v 0.4632387161254883 -0.12619692087173462 0.11630501598119736
v 0.46303829550743103 -0.12670943140983582 0.10937896370887756
v 0.46322688460350037 -0.1242942288517952 0.11515948921442032
v 0.4671163856983185 -0.12038443982601166 0.10818243771791458
v 0.4667159616947174 -0.10863158851861954 0.10775940120220184
v 0.45301756262779236 -0.1771807074546814 0.1082548201084137
v 0.46540871262550354 -0.15779796242713928 0.10681457817554474
v 0.47829896211624146 -0.07685866951942444 0.10322704911231995
v 0.4734070301055908 -0.08919991552829742 0.10725781321525574
v 0.4678598642349243 -0.10297229886054993 0.10985787212848663
v 0.26842567324638367 0.0020119063556194305 0.07611273974180222
v 0.2625912129878998 -0.012809213250875473 0.0712868794798851
v 0.2553335726261139 -0.024932153522968292 0.06836740672588348
v 0.25390779972076416 -0.03280212730169296 0.05723284184932709
v 0.25675642490386963 -0.03012264147400856 0.057379622012376785
v 0.21118274331092834 -0.13286900520324707 0.08561588823795319
v 0.22164687514305115 -0.10494521260261536 0.062264584004879
v 0.21031159162521362 -0.10812985897064209 0.06961413472890854
v 0.2046215683221817 -0.12563329935073853 0.07694047689437866
v 0.23373278975486755 -0.09904929250478745 0.05566677078604698
v 0.25858160853385925 -0.055658768862485886 0.05618875101208687
v 0.2519739866256714 -0.08103235810995102 0.04924275353550911
v 0.24497683346271515 -0.09363828599452972 0.05055936053395271
v 0.2599605619907379 -0.03000165894627571 0.051326725631952286
v 0.26548391580581665 -0.1721271574497223 0.08184265345335007
v 0.28482726216316223 -0.18201781809329987 0.0935157835483551
v 0.2972871959209442 -0.18707114458084106 0.09542495012283325
v 0.31108856201171875 -0.1920073926448822 0.09718397259712219
v 0.3255853056907654 -0.1986444592475891 0.0977354571223259
v 0.24440523982048035 -0.16554301977157593 0.07715006172657013
v 0.23437297344207764 -0.1607072651386261 0.0780957043170929
v 0.22354286909103394 -0.15090420842170715 0.07974071055650711
v 0.25453832745552063 -0.16870476305484772 0.07732550799846649
v 0.3440605401992798 -0.2103015035390854 0.10233556479215622
v 0.35952651500701904 -0.21990832686424255 0.11060845851898193
v 0.3770503103733063 -0.2250361144542694 0.1182294711470604
v 0.3848612308502197 -0.22604192793369293 0.11901574581861496
v 0.40196743607521057 -0.22618649899959564 0.1198391243815422
v 0.4119906425476074 -0.22548100352287292 0.11900527775287628
v 0.4216594696044922 -0.22343796491622925 0.11607450246810913
v 0.43360406160354614 -0.21568283438682556 0.1143018901348114
v 0.43520110845565796 -0.2092379331588745 0.11117446422576904
v 0.4437221884727478 -0.19678306579589844 0.10860511660575867
v 0.4704221785068512 -0.12509074807167053 0.09903204441070557
v 0.46905434131622314 -0.12056387960910797 0.10316368192434311
v 0.48258164525032043 -0.14553934335708618 0.10607863962650299
v 0.4634765088558197 -0.11994104087352753 0.10764405876398087
v 0.4586457908153534 -0.12940086424350739 0.1187552809715271
v 0.4503028690814972 -0.13480845093727112 0.13502882421016693
v 0.47141778469085693 -0.09616778790950775 0.10555005073547363
v 0.4495767652988434 -0.16141320765018463 0.10814008116722107
v 0.4656389355659485 -0.15530093014240265 0.10564854741096497
v 0.48430579900741577 -0.057784244418144226 0.09872778505086899
v 0.4757178723812103 -0.08436555415391922 0.1013091504573822
v 0.48153460025787354 -0.06974590569734573 0.09493067860603333
v 0.2615811824798584 -0.011140920221805573 0.07132112234830856
v 0.26055172085762024 -0.015758942812681198 0.0676690936088562
v 0.261568546295166 -0.022433262318372726 0.0640086978673935
v 0.25680819153785706 -0.027719510719180107 0.0583806112408638
v 0.25675180554389954 -0.03036341816186905 0.05117517709732056
v 0.23518073558807373 -0.11510733515024185 0.05684640258550644
v 0.22316105663776398 -0.12087245285511017 0.06381489336490631
v 0.21328023076057434 -0.1296803206205368 0.0701875165104866
v 0.21489515900611877 -0.14723341166973114 0.07647055387496948
v 0.24541303515434265 -0.10621528327465057 0.05124884843826294
v 0.26801568269729614 -0.0701255053281784 0.04869765415787697
v 0.26832398772239685 -0.08884790539741516 0.04309135675430298
v 0.25840896368026733 -0.1003723293542862 0.045703060925006866
v 0.24817653000354767 -0.027561068534851074 0.05267946422100067
v 0.28973904252052307 -0.1862916350364685 0.08894774317741394
v 0.30267077684402466 -0.19187992811203003 0.08995841443538666
v 0.31658655405044556 -0.19784961640834808 0.09175047278404236
v 0.3351030945777893 -0.2064100056886673 0.09665621817111969
v 0.23693306744098663 -0.16450223326683044 0.07410483807325363
v 0.24989193677902222 -0.16968926787376404 0.07398847490549088
v 0.22700254619121552 -0.15771904587745667 0.07609391212463379
v 0.2629597783088684 -0.17408406734466553 0.07577109336853027
v 0.2747941315174103 -0.17792394757270813 0.08921957015991211
v 0.35217130184173584 -0.2182338833808899 0.10329914838075638
v 0.36937248706817627 -0.2250799536705017 0.11128877103328705
v 0.38047632575035095 -0.22639794647693634 0.11575250327587128
v 0.3931310772895813 -0.22750987112522125 0.11566746979951859
v 0.4132644534111023 -0.22541067004203796 0.1109292060136795
v 0.425159215927124 -0.2198019027709961 0.11143878102302551
v 0.4263981282711029 -0.21571503579616547 0.10861846059560776
v 0.4364739656448364 -0.2094607949256897 0.10477416217327118
v 0.43778207898139954 -0.173316091299057 0.1073322743177414
v 0.47291624546051025 -0.1080426350235939 0.09328655898571014
v 0.46896156668663025 -0.10610832273960114 0.10025038570165634
v 0.4778975248336792 -0.1235908791422844 0.09837478399276733
v 0.48104244470596313 -0.14559601247310638 0.10541791468858719
v 0.46975988149642944 -0.11703120172023773 0.12394434213638306
v 0.4585687220096588 -0.13482099771499634 0.14522522687911987
v 0.4571745693683624 -0.13534237444400787 0.14103060960769653
v 0.472380667924881 -0.09403081238269806 0.09974569082260132
v 0.47551023960113525 -0.15892213582992554 0.10113803297281265
v 0.45694175362586975 -0.1670767217874527 0.10465628653764725
v 0.4761035740375519 -0.07879109680652618 0.0936809852719307
v 0.47897520661354065 -0.06551527231931686 0.08895833790302277
v 0.25799715518951416 -0.00911371037364006 0.07114140689373016
v 0.25505155324935913 -0.016150258481502533 0.06899937242269516
v 0.254184752702713 -0.02191571518778801 0.06513144075870514
v 0.25151076912879944 -0.025720901787281036 0.06300576031208038
v 0.25241729617118835 -0.027549607679247856 0.059823475778102875
v 0.25679177045822144 -0.026430871337652206 0.055746614933013916
v 0.24673119187355042 -0.11588288098573685 0.05302744358778
v 0.23582500219345093 -0.1276143342256546 0.06021128594875336
v 0.22835585474967957 -0.14275991916656494 0.0619022361934185
v 0.21871672570705414 -0.14848530292510986 0.07087196409702301
v 0.2559124827384949 -0.11417514085769653 0.049701184034347534
v 0.27233946323394775 -0.04884152114391327 0.05353492125868797
v 0.27871695160865784 -0.06482687592506409 0.04596357047557831
v 0.27951085567474365 -0.07963357120752335 0.04030601307749748
v 0.283499538898468 -0.09414361417293549 0.03690873086452484
v 0.2749137282371521 -0.10300219804048538 0.04191675782203674
v 0.2537345886230469 -0.027819346636533737 0.05778028815984726
v 0.2643219232559204 -0.032345082610845566 0.057374268770217896
v 0.27847567200660706 -0.1817179173231125 0.08458074182271957
v 0.28291839361190796 -0.18353161215782166 0.080959752202034
v 0.2937523126602173 -0.18719631433486938 0.08343745023012161
v 0.3109424114227295 -0.19534564018249512 0.0869280993938446
v 0.32723870873451233 -0.20351341366767883 0.0911162793636322
v 0.34471410512924194 -0.21440942585468292 0.09605268388986588
v 0.22625192999839783 -0.1569945514202118 0.07292579114437103
v 0.24548396468162537 -0.16834968328475952 0.0707426369190216
v 0.2561158537864685 -0.17203520238399506 0.07038005441427231
v 0.26773014664649963 -0.17631584405899048 0.07183563709259033
v 0.36087459325790405 -0.22367146611213684 0.1035080999135971
v 0.37784481048583984 -0.2275771200656891 0.11157195270061493
v 0.38493138551712036 -0.22781383991241455 0.11235857754945755
v 0.4035806357860565 -0.22785350680351257 0.11026464402675629
v 0.4099915623664856 -0.2262342870235443 0.1044360101222992
v 0.41819098591804504 -0.22272881865501404 0.10685065388679504
v 0.4168977737426758 -0.22073180973529816 0.10049576312303543
v 0.4246303141117096 -0.215474933385849 0.10146008431911469
v 0.4406893849372864 -0.17687810957431793 0.10145184397697449
v 0.47294288873672485 -0.11575120687484741 0.09120109677314758
v 0.47388821840286255 -0.08643381297588348 0.0895538181066513
v 0.48538926243782043 -0.14043065905570984 0.09844964742660522
v 0.47910791635513306 -0.14449897408485413 0.10012379288673401
v 0.46194788813591003 -0.13703098893165588 0.13817448914051056
v 0.46502789855003357 -0.14213167130947113 0.13466963171958923
v 0.4597850739955902 -0.15197531878948212 0.1437515765428543
v 0.45867350697517395 -0.1435123085975647 0.15341967344284058
v 0.4832148849964142 -0.06027065962553024 0.08943150192499161
v 0.47598880529403687 -0.07154706120491028 0.08790866285562515
v 0.47829440236091614 -0.06275740265846252 0.0845341756939888
v 0.2523760497570038 -0.0067926435731351376 0.0713769719004631
v 0.2475621998310089 -0.014442804269492626 0.07063892483711243
v 0.24578110873699188 -0.023168735206127167 0.06696505099534988
v 0.24436119198799133 -0.027651071548461914 0.06411238014698029
v 0.24487560987472534 -0.028662454336881638 0.0601031668484211
v 0.246968612074852 -0.029703428968787193 0.057204775512218475
v 0.24440529942512512 -0.02891894057393074 0.05602891743183136
v 0.24402156472206116 -0.12583452463150024 0.05542183667421341
v 0.238358736038208 -0.14728453755378723 0.05818258598446846
v 0.22853054106235504 -0.15182244777679443 0.06514731049537659
v 0.2713998556137085 -0.11366239935159683 0.04583483189344406
v 0.2803424000740051 -0.038751162588596344 0.05569778382778168
v 0.28972649574279785 -0.05335373803973198 0.046755824238061905
v 0.29018548130989075 -0.07147353887557983 0.03689746931195259
v 0.29395657777786255 -0.08541172742843628 0.0311017744243145
v 0.24160215258598328 -0.026891062036156654 0.05352385342121124
v 0.24085788428783417 -0.027536265552043915 0.052988313138484955
v 0.2622050940990448 -0.02343904972076416 0.05910499021410942
v 0.2728387415409088 -0.028337866067886353 0.058832474052906036
v 0.273287296295166 -0.17714664340019226 0.06793061643838882
v 0.2879665195941925 -0.18426570296287537 0.077550008893013
v 0.3031235933303833 -0.1908809244632721 0.08366739749908447
v 0.31969013810157776 -0.2001519501209259 0.08673782646656036
v 0.3363775908946991 -0.2095032036304474 0.09016869962215424
v 0.3526926636695862 -0.22032037377357483 0.09602104872465134
v 0.23505716025829315 -0.16312064230442047 0.06877491623163223
v 0.24970144033432007 -0.169035866856575 0.06673578917980194
v 0.261368989944458 -0.17289677262306213 0.06677857041358948
v 0.370918333530426 -0.22738344967365265 0.10346116125583649
v 0.38098570704460144 -0.22908788919448853 0.10406249761581421
v 0.3909984827041626 -0.22961892187595367 0.1033361554145813
v 0.40385812520980835 -0.22923891246318817 0.09677208214998245
v 0.4111626446247101 -0.22547772526741028 0.09858721494674683
v 0.4177621304988861 -0.2210439145565033 0.09476775676012039
v 0.4127570390701294 -0.22456444799900055 0.09297880530357361
v 0.43120521306991577 -0.2113768607378006 0.10110840946435928
v 0.4277823567390442 -0.17953097820281982 0.09841572493314743
v 0.4557850956916809 -0.18516984581947327 0.1004575788974762
v 0.47571220993995667 -0.17474384605884552 0.10347767919301987
v 0.47681373357772827 -0.12082995474338531 0.08698863536119461
v 0.4735446572303772 -0.09879937022924423 0.08735091984272003
v 0.48725202679634094 -0.14893880486488342 0.09408152848482132
v 0.4621497690677643 -0.14717529714107513 0.1550740897655487
v 0.45982515811920166 -0.15274280309677124 0.14793433248996735
v 0.46323472261428833 -0.16807137429714203 0.15219177305698395
v 0.4587045907974243 -0.16153362393379211 0.16476988792419434
v 0.48178285360336304 -0.15148809552192688 0.09740303456783295
v 0.4809313118457794 -0.062271393835544586 0.0789935290813446
v 0.4749285578727722 -0.07389698922634125 0.08414784073829651
v 0.24185512959957123 -0.008067017421126366 0.0721745640039444
v 0.23662464320659637 -0.01565035991370678 0.07095184177160263
v 0.2304738163948059 -0.03159879520535469 0.06730338931083679
v 0.2347021996974945 -0.022944048047065735 0.06987931579351425
v 0.23337332904338837 -0.03382851928472519 0.061946917325258255
v 0.23355504870414734 -0.03355561941862106 0.05830445513129234
v 0.23300966620445251 -0.033623307943344116 0.05612824484705925
v 0.24395816028118134 -0.027641519904136658 0.054411254823207855
v 0.2521664500236511 -0.12559401988983154 0.05323433130979538
v 0.24372845888137817 -0.14409470558166504 0.05468312278389931
v 0.23944182693958282 -0.15563952922821045 0.060560405254364014
v 0.26663997769355774 -0.1272411048412323 0.0504796989262104
v 0.28854596614837646 -0.10464991629123688 0.03703715652227402
v 0.2853025794029236 -0.11355237662792206 0.041071269661188126
v 0.287583589553833 -0.027262791991233826 0.058746106922626495
v 0.29919755458831787 -0.037382084876298904 0.04856456071138382
v 0.303150475025177 -0.062279392033815384 0.03177499771118164
v 0.3044964671134949 -0.0755569264292717 0.025817066431045532
v 0.31089356541633606 -0.08759038895368576 0.022589199244976044
v 0.30136826634407043 -0.09982220083475113 0.029661938548088074
v 0.23021434247493744 -0.029520368203520775 0.051681097596883774
v 0.23105402290821075 -0.027649834752082825 0.049085959792137146
v 0.2482961267232895 -0.022948822006583214 0.054433539509773254
v 0.27882176637649536 -0.017403393983840942 0.06004144623875618
v 0.27047720551490784 -0.01694536954164505 0.05970638617873192
v 0.2689867317676544 -0.17387036979198456 0.06301678717136383
v 0.2804099917411804 -0.1782904714345932 0.06674598157405853
v 0.2980272173881531 -0.18567141890525818 0.07805047929286957
v 0.31252768635749817 -0.19436004757881165 0.08100011944770813
v 0.3291384279727936 -0.20525500178337097 0.08531973510980606
v 0.3454415202140808 -0.21548394858837128 0.08857297897338867
v 0.3624565601348877 -0.22475692629814148 0.09478063881397247
v 0.24354137480258942 -0.1630403697490692 0.06272805482149124
v 0.25661250948905945 -0.16894999146461487 0.06308078020811081
v 0.37315207719802856 -0.22762267291545868 0.09498756378889084
v 0.38447055220603943 -0.22911682724952698 0.09541622549295425
v 0.3946651816368103 -0.22923746705055237 0.08977650105953217
v 0.40819427371025085 -0.22779525816440582 0.09195902943611145
v 0.42117658257484436 -0.21969544887542725 0.09275572746992111
v 0.4152912497520447 -0.22397381067276 0.08873502165079117
v 0.4255201816558838 -0.21269755065441132 0.08850568532943726
v 0.42798542976379395 -0.19720518589019775 0.08795296400785446
v 0.4689842164516449 -0.20394648611545563 0.09952709078788757
v 0.48802369832992554 -0.19337253272533417 0.10021041333675385
v 0.48479944467544556 -0.12776648998260498 0.0848185271024704
v 0.47631752490997314 -0.1081715077161789 0.08169065415859222
v 0.49289730191230774 -0.15677309036254883 0.09434133768081665
v 0.4498211741447449 -0.1674647331237793 0.17653682827949524
v 0.4597005248069763 -0.17027203738689423 0.14857706427574158
v 0.4646000564098358 -0.1947263479232788 0.17458023130893707
v 0.44726869463920593 -0.17114868760108948 0.1823039948940277
v 0.48573026061058044 -0.16144545376300812 0.09631724655628204
v 0.4797852635383606 -0.08992292732000351 0.07768800854682922
v 0.48395416140556335 -0.06912623345851898 0.07229166477918625
v 0.2419758439064026 6.242332165129483e-05 0.07240217179059982
v 0.22818462550640106 -0.013105600140988827 0.0729663297533989
v 0.225739985704422 -0.022738022729754448 0.07037995755672455
v 0.22237098217010498 -0.030411388725042343 0.06963782757520676
v 0.21918338537216187 -0.038001932203769684 0.06858208775520325
v 0.2207144796848297 -0.04098619148135185 0.06352797150611877
v 0.22174176573753357 -0.03994698449969292 0.05867646634578705
v 0.23189641535282135 -0.03164015710353851 0.05355573073029518
v 0.2181924283504486 -0.04015905782580376 0.05601834878325462
v 0.24856019020080566 -0.1409333199262619 0.05207391083240509
v 0.2482011914253235 -0.15489807724952698 0.056119173765182495
v 0.2817015051841736 -0.12670424580574036 0.04676226153969765
v 0.25822925567626953 -0.14464659988880157 0.050070859491825104
v 0.29951727390289307 -0.11236300319433212 0.03503593057394028
v 0.2958352565765381 -0.12364238500595093 0.041120320558547974
v 0.2944096326828003 -0.013222254812717438 0.05640236288309097
v 0.301464706659317 -0.020914897322654724 0.05229326710104942
v 0.30690401792526245 -0.04687908664345741 0.038292042911052704
v 0.3142683804035187 -0.06770850718021393 0.020348958671092987
v 0.3176703453063965 -0.07729759067296982 0.01713608205318451
v 0.316385954618454 -0.11405583471059799 0.029036395251750946
v 0.3210466206073761 -0.09881701320409775 0.02167447656393051
v 0.21401499211788177 -0.03354702144861221 0.04438973218202591
v 0.21820999681949615 -0.03131236881017685 0.04331962764263153
v 0.23374728858470917 -0.024949483573436737 0.048731766641139984
v 0.258452445268631 -0.0164804607629776 0.05597875267267227
v 0.2699580192565918 -0.005791312083601952 0.05705009400844574
v 0.2781047523021698 -0.006978526711463928 0.05932985618710518
v 0.2666666805744171 -0.16858820617198944 0.05804073065519333
v 0.2772205173969269 -0.1741296499967575 0.0614115372300148
v 0.29101240634918213 -0.18048147857189178 0.07045749574899673
v 0.31082844734191895 -0.18959370255470276 0.07637457549571991
v 0.3228886127471924 -0.20048516988754272 0.08250996470451355
v 0.33785995841026306 -0.2101195603609085 0.08353254944086075
v 0.3540825843811035 -0.220124289393425 0.08709904551506042
v 0.3656327724456787 -0.2238900363445282 0.08504697680473328
v 0.25236788392066956 -0.16253486275672913 0.058766499161720276
v 0.3803674876689911 -0.226219043135643 0.08629364520311356
v 0.4045538604259491 -0.22924263775348663 0.08657734841108322
v 0.39022016525268555 -0.22394272685050964 0.08155056834220886
v 0.42028599977493286 -0.2246275246143341 0.08412406593561172
v 0.413720041513443 -0.22562052309513092 0.08174210786819458
v 0.40985244512557983 -0.22699730098247528 0.0856463611125946
v 0.42540866136550903 -0.22062145173549652 0.07588476687669754
v 0.4320037364959717 -0.22057129442691803 0.07688562572002411
v 0.4402567446231842 -0.20988917350769043 0.08537536859512329
v 0.5030384063720703 -0.2064359188079834 0.10654422640800476
v 0.49039703607559204 -0.2140667885541916 0.10550031065940857
v 0.4914526641368866 -0.17865227162837982 0.09516488760709763
v 0.49401387572288513 -0.1518046259880066 0.08918332308530807
v 0.4899527430534363 -0.13274434208869934 0.07607880234718323
v 0.47892504930496216 -0.10749496519565582 0.07867895066738129
v 0.491396427154541 -0.16010752320289612 0.08916646242141724
v 0.492662638425827 -0.17154115438461304 0.09277166426181793
v 0.4458986520767212 -0.17775732278823853 0.17346513271331787
v 0.45394694805145264 -0.1816832423210144 0.16524797677993774
v 0.48308590054512024 -0.09904477745294571 0.07125010341405869
v 0.48876842856407166 -0.08074677735567093 0.06273618340492249
v 0.23098266124725342 0.0 0.07381780445575714
v 0.21606327593326569 -0.018497968092560768 0.07367817312479019
v 0.2136097252368927 -0.02873579040169716 0.07046585530042648
v 0.21506288647651672 -0.038189295679330826 0.07091014832258224
v 0.21174801886081696 -0.045615218579769135 0.0709337592124939
v 0.21317677199840546 -0.047155167907476425 0.06582681834697723
v 0.2110796719789505 -0.04950321465730667 0.06123955175280571
v 0.22131294012069702 -0.03654547408223152 0.05295104533433914
v 0.20457535982131958 -0.04456697404384613 0.054433200508356094
v 0.21200871467590332 -0.04509468004107475 0.05794832482933998
v 0.2541126012802124 -0.15205389261245728 0.05215856060385704
v 0.29438066482543945 -0.13659711182117462 0.04743579030036926
v 0.28015047311782837 -0.14104792475700378 0.05206350237131119
v 0.26637306809425354 -0.15595149993896484 0.05035959184169769
v 0.30824676156044006 -0.13333559036254883 0.04153253883123398
v 0.30808359384536743 -0.12287378311157227 0.03606979548931122
v 0.28687208890914917 -0.007478438317775726 0.058347705751657486
v 0.31137633323669434 -0.03133527189493179 0.04136855900287628
v 0.3161698281764984 -0.053049370646476746 0.02524128183722496
v 0.32372725009918213 -0.06872624903917313 0.013578101992607117
v 0.32680457830429077 -0.08551006019115448 0.014910630881786346
v 0.33447209000587463 -0.1097211018204689 0.021140076220035553
v 0.3302611708641052 -0.12124253064393997 0.028337717056274414
v 0.2176455706357956 -0.035510700196027756 0.04924968257546425
v 0.2034417986869812 -0.03622652217745781 0.03988983482122421
v 0.20769891142845154 -0.03387489169836044 0.03944546356797218
v 0.22144195437431335 -0.02770165726542473 0.04268834367394447
v 0.24266988039016724 -0.01619616337120533 0.049616217613220215
v 0.25356581807136536 -0.005570514127612114 0.05165889114141464
v 0.2649814486503601 0.0015386845916509628 0.05279788002371788
v 0.25984683632850647 -0.16099140048027039 0.05426386371254921
v 0.27616456151008606 -0.1702534556388855 0.05744051933288574
v 0.2858321964740753 -0.17419010400772095 0.06158823519945145
v 0.3031664192676544 -0.18198804557323456 0.07279911637306213
v 0.3210446238517761 -0.19652487337589264 0.07825567573308945
v 0.33087021112442017 -0.2041669487953186 0.08046422898769379
v 0.34660834074020386 -0.21506723761558533 0.08285488933324814
v 0.37337711453437805 -0.22201471030712128 0.08164403587579727
v 0.39894604682922363 -0.2243349254131317 0.0795784443616867
v 0.38100939989089966 -0.22003959119319916 0.07890500128269196
v 0.41826188564300537 -0.2247462123632431 0.0748620331287384
v 0.40666458010673523 -0.22444766759872437 0.07836226373910904
v 0.41183820366859436 -0.22141039371490479 0.07564567029476166
v 0.42385968565940857 -0.22198402881622314 0.06324097514152527
v 0.43353521823883057 -0.22447097301483154 0.060776710510253906
v 0.46302372217178345 -0.20963582396507263 0.09310071170330048
v 0.4807113707065582 -0.21785354614257812 0.10186389088630676
v 0.49796515703201294 -0.19249899685382843 0.09122712910175323
v 0.5067623257637024 -0.2237953096628189 0.1114678606390953
v 0.5139512419700623 -0.21559102833271027 0.11089103668928146
v 0.49694302678108215 -0.18055778741836548 0.0893423780798912
v 0.49341505765914917 -0.14684352278709412 0.07406395673751831
v 0.49245691299438477 -0.13309210538864136 0.06311532855033875
v 0.4831888675689697 -0.11413247883319855 0.07335615158081055
v 0.4914860725402832 -0.1544225513935089 0.07733481377363205
v 0.43738868832588196 -0.19230051338672638 0.18378502130508423
v 0.44550377130508423 -0.20164275169372559 0.19182980060577393
v 0.4420385956764221 -0.1847195327281952 0.20283371210098267
v 0.48866868019104004 -0.08514142781496048 0.056563183665275574
v 0.4876217842102051 -0.10275532305240631 0.05991747975349426
v 0.21852953732013702 -0.009006645530462265 0.07659909874200821
v 0.20786285400390625 -0.023815829306840897 0.07307029515504837
v 0.207646906375885 -0.03572831302881241 0.0738186240196228
v 0.20630745589733124 -0.052132509648799896 0.07656070590019226
v 0.2094113528728485 -0.04611801356077194 0.07656125724315643
v 0.20492400228977203 -0.05605234205722809 0.06425328552722931
v 0.2023201584815979 -0.05468406528234482 0.059571560472249985
v 0.20770886540412903 -0.039994265884160995 0.0493975467979908
v 0.3085191547870636 -0.14411020278930664 0.047738946974277496
v 0.2958467900753021 -0.14883339405059814 0.05246131867170334
v 0.2795001268386841 -0.1582643985748291 0.05025006830692291
v 0.2728620171546936 -0.16498853266239166 0.052873022854328156
v 0.32148757576942444 -0.1292719542980194 0.03510154038667679
v 0.318591833114624 -0.14025594294071198 0.04273860156536102
v 0.32021504640579224 -0.03856184706091881 0.02954811230301857
v 0.32486552000045776 -0.05801311507821083 0.014469549059867859
v 0.33071619272232056 -0.07457458227872849 0.010385558009147644
v 0.33799225091934204 -0.0954989567399025 0.014366604387760162
v 0.2033442109823227 -0.03850477933883667 0.043424930423498154
v 0.19363997876644135 -0.038539670407772064 0.03669875115156174
v 0.1965995728969574 -0.03672414273023605 0.035453204065561295
v 0.21178317070007324 -0.031411174684762955 0.039464015513658524
v 0.21141061186790466 -0.027449019253253937 0.03725822642445564
v 0.22381795942783356 -0.019477423280477524 0.04135148599743843
v 0.2345573753118515 -0.0074885543435812 0.04379526525735855
v 0.24781659245491028 0.0011325869709253311 0.04820575565099716
v 0.2837909758090973 -0.1698206663131714 0.05674513429403305
v 0.30133217573165894 -0.1742687076330185 0.0668846070766449
v 0.31981438398361206 -0.18815043568611145 0.07186306267976761
v 0.33115312457084656 -0.19881972670555115 0.07469746470451355
v 0.3419285714626312 -0.2087322175502777 0.07713887095451355
v 0.3545723855495453 -0.21696391701698303 0.07950475811958313
v 0.36744728684425354 -0.21604128181934357 0.07580314576625824
v 0.3919280469417572 -0.2179192453622818 0.07664589583873749
v 0.3797987103462219 -0.21204334497451782 0.07277389615774155
v 0.4140609800815582 -0.22039151191711426 0.06689156591892242
v 0.4002411663532257 -0.21651405096054077 0.07305967807769775
v 0.4063052535057068 -0.2157771736383438 0.06879886984825134
v 0.4298003613948822 -0.22032856941223145 0.04962112009525299
v 0.41876691579818726 -0.21566452085971832 0.05922500789165497
v 0.43567705154418945 -0.21906965970993042 0.059729889035224915
v 0.43990835547447205 -0.2302737683057785 0.045527637004852295
v 0.4374924302101135 -0.21298545598983765 0.0729857087135315
v 0.44388794898986816 -0.2151595652103424 0.07270129024982452
v 0.48456329107284546 -0.22633014619350433 0.09738375246524811
v 0.49795302748680115 -0.2295270562171936 0.10667054355144501
v 0.5155038833618164 -0.2052190750837326 0.10494867712259293
v 0.5221664905548096 -0.22939905524253845 0.11463326215744019
v 0.5245304703712463 -0.218674898147583 0.1108686625957489
v 0.4893101751804352 -0.1666596382856369 0.07886028289794922
v 0.4913921356201172 -0.17488063871860504 0.07473167777061462
v 0.4872815012931824 -0.11540888249874115 0.06081143021583557
v 0.4895360469818115 -0.15135425329208374 0.06674429774284363
v 0.48533961176872253 -0.1393926441669464 0.05866292119026184
v 0.4308704137802124 -0.21276023983955383 0.2110741287469864
v 0.43109074234962463 -0.20652228593826294 0.20369075238704681
v 0.43088462948799133 -0.20324988663196564 0.22017830610275269
v 0.4878966212272644 -0.10146506130695343 0.048835307359695435
v 0.48973846435546875 -0.07663688063621521 0.05104594677686691
v 0.20173035562038422 -0.027746831998229027 0.08171987533569336
v 0.20396549999713898 -0.03830051049590111 0.07772268354892731
v 0.21016331017017365 -0.03887476772069931 0.07446065545082092
v 0.20621147751808167 -0.05463112145662308 0.08143467456102371
v 0.20220525562763214 -0.0601651668548584 0.08128524571657181
v 0.1974647045135498 -0.06408028304576874 0.06837692856788635
v 0.1961393654346466 -0.05991801992058754 0.06145332381129265
v 0.2027500420808792 -0.05014042183756828 0.05758100375533104
v 0.19548051059246063 -0.04417324811220169 0.04932496324181557
v 0.1960476189851761 -0.04137573018670082 0.043564800173044205
v 0.3108198046684265 -0.15387751162052155 0.05314327031373978
v 0.32294997572898865 -0.1487991064786911 0.048155561089515686
v 0.2988596558570862 -0.15920008718967438 0.056867361068725586
v 0.28382283449172974 -0.16478297114372253 0.052791669964790344
v 0.33150896430015564 -0.14089353382587433 0.0399593710899353
v 0.33677929639816284 -0.1304710954427719 0.03205736726522446
v 0.3277174234390259 -0.043305978178977966 0.017153657972812653
v 0.3328437805175781 -0.06193549558520317 0.008414052426815033
v 0.3406275808811188 -0.08145236223936081 0.008365906774997711
v 0.3469070792198181 -0.12086580693721771 0.022939130663871765
v 0.3505523204803467 -0.10626229643821716 0.014501906931400299
v 0.19130448997020721 -0.03966540843248367 0.03864074498414993
v 0.18410031497478485 -0.041657883673906326 0.032503891736269
v 0.18698512017726898 -0.03866976127028465 0.030599968507885933
v 0.20206725597381592 -0.033339694142341614 0.03510821983218193
v 0.2005835324525833 -0.027890224009752274 0.031491171568632126
v 0.20944832265377045 -0.01980603113770485 0.03446023538708687
v 0.21934498846530914 -0.00951346568763256 0.03761494159698486
v 0.2244604080915451 0.0006926599889993668 0.037803761661052704
v 0.2998247742652893 -0.16710275411605835 0.06198572367429733
v 0.3134133815765381 -0.1791427731513977 0.068886399269104
v 0.3330114781856537 -0.19130906462669373 0.06926484405994415
v 0.34285321831703186 -0.19934722781181335 0.06987515836954117
v 0.35498470067977905 -0.20804792642593384 0.07159601151943207
v 0.3676110804080963 -0.2034776359796524 0.0680374801158905
v 0.3908940255641937 -0.2098229080438614 0.07047025114297867
v 0.38049042224884033 -0.20205864310264587 0.06710265576839447
v 0.40967682003974915 -0.2118988335132599 0.0642479807138443
v 0.3985021114349365 -0.2079395353794098 0.06813089549541473
v 0.4040634334087372 -0.20652437210083008 0.06526284664869308
v 0.43899017572402954 -0.21947556734085083 0.04151622951030731
v 0.41106653213500977 -0.20497196912765503 0.060478441417217255
v 0.45275479555130005 -0.2345932424068451 0.03145836293697357
v 0.44976186752319336 -0.22338318824768066 0.049582257866859436
v 0.4652349352836609 -0.21561096608638763 0.08190283179283142
v 0.5164034366607666 -0.23962759971618652 0.11164434254169464
v 0.5079008340835571 -0.24294736981391907 0.10464544594287872
v 0.5299515724182129 -0.22195203602313995 0.10861127078533173
v 0.5330886244773865 -0.24946492910385132 0.11466565728187561
v 0.5346786975860596 -0.2364807426929474 0.11339841783046722
v 0.5064385533332825 -0.1976914256811142 0.08373357355594635
v 0.5005181431770325 -0.1956849992275238 0.07038275897502899
v 0.4850497543811798 -0.1745137721300125 0.06981803476810455
v 0.48625630140304565 -0.16326215863227844 0.07155127823352814
v 0.4841761887073517 -0.11844038218259811 0.04941017925739288
v 0.48419976234436035 -0.14927804470062256 0.055678121745586395
v 0.47569942474365234 -0.13489696383476257 0.049067527055740356
v 0.41962653398513794 -0.21598568558692932 0.2312956005334854
v 0.42451658844947815 -0.2224493771791458 0.21884527802467346
v 0.41863828897476196 -0.22317151725292206 0.2340421974658966
v 0.4854869246482849 -0.09899314492940903 0.04698556661605835
v 0.48859721422195435 -0.08413833379745483 0.049194395542144775
v 0.20965763926506042 -0.008819318376481533 0.08058328181505203
v 0.2107641100883484 -0.014761188067495823 0.07738902419805527
v 0.202656552195549 -0.017620377242565155 0.08334310352802277
v 0.1966010332107544 -0.03387397527694702 0.08629091084003448
v 0.19757814705371857 -0.046709515154361725 0.08636800199747086
v 0.20709727704524994 -0.043011680245399475 0.07821683585643768
v 0.20533232390880585 -0.05650186538696289 0.07211621105670929
v 0.20160751044750214 -0.06828686594963074 0.08908562362194061
v 0.19543160498142242 -0.06963274627923965 0.08683514595031738
v 0.19879436492919922 -0.06693952530622482 0.07707113027572632
v 0.18746447563171387 -0.0732479840517044 0.07278867065906525
v 0.18942797183990479 -0.06557738780975342 0.06556674838066101
v 0.19418896734714508 -0.054835423827171326 0.05692658573389053
v 0.1845933347940445 -0.04821540042757988 0.045689404010772705
v 0.1880570501089096 -0.04299796000123024 0.041474658995866776
v 0.1933441162109375 -0.04992244765162468 0.05330335721373558
v 0.3236268162727356 -0.15977950394153595 0.05472148209810257
v 0.3114676773548126 -0.16221638023853302 0.0584106519818306
v 0.3364323675632477 -0.1509164571762085 0.04562600702047348
v 0.3528311550617218 -0.13242065906524658 0.028829649090766907
v 0.3452029228210449 -0.1394246369600296 0.03533010929822922
v 0.3352123200893402 -0.04876335710287094 0.007342539727687836
v 0.34227272868156433 -0.06773140281438828 0.00425933301448822
v 0.35303395986557007 -0.09047257900238037 0.00756470113992691
v 0.3592020869255066 -0.12522470951080322 0.02295517921447754
v 0.361591100692749 -0.11636312305927277 0.01662708818912506
v 0.18305376172065735 -0.04309907183051109 0.03598688542842865
v 0.17647986114025116 -0.04483771324157715 0.026129910722374916
v 0.18073342740535736 -0.04119233787059784 0.025559991598129272
v 0.18918731808662415 -0.03569919243454933 0.02837129682302475
v 0.19070816040039062 -0.02950115315616131 0.025081319734454155
v 0.19884967803955078 -0.020501835271716118 0.028632959350943565
v 0.20602460205554962 -0.011395158246159554 0.031724005937576294
v 0.21236595511436462 -0.0022158995270729065 0.03389473631978035
v 0.31106099486351013 -0.17146959900856018 0.06425315141677856
v 0.326275110244751 -0.18280667066574097 0.0674244686961174
v 0.3448411822319031 -0.19104427099227905 0.0655653327703476
v 0.3549605906009674 -0.19718706607818604 0.06549384444952011
v 0.3626764416694641 -0.18954919278621674 0.06421087682247162
v 0.38971805572509766 -0.20201896131038666 0.06612859666347504
v 0.37196171283721924 -0.18706923723220825 0.06364641338586807
v 0.4073250889778137 -0.20463797450065613 0.06292328238487244
v 0.3956218659877777 -0.19702963531017303 0.06267601251602173
v 0.40315407514572144 -0.20061339437961578 0.06216532737016678
v 0.40595030784606934 -0.19918400049209595 0.06115655601024628
v 0.4158403277397156 -0.20402908325195312 0.05767308175563812
v 0.4238429665565491 -0.2118285447359085 0.05306965112686157
v 0.4495462477207184 -0.2135949730873108 0.046745747327804565
v 0.4456828236579895 -0.21554268896579742 0.05851210653781891
v 0.501242458820343 -0.24043147265911102 0.0896841287612915
v 0.5247441530227661 -0.25867944955825806 0.10484978556632996
v 0.5264348387718201 -0.25753289461135864 0.10996218025684357
v 0.5230828523635864 -0.21593517065048218 0.1020277887582779
v 0.5135680437088013 -0.20330432057380676 0.09325067698955536
v 0.5396758317947388 -0.2387496381998062 0.11069855093955994
v 0.545117199420929 -0.2703779339790344 0.11761432886123657
v 0.545446515083313 -0.26425230503082275 0.11465893685817719
v 0.5154341459274292 -0.2072770595550537 0.08022654056549072
v 0.5186458826065063 -0.2155306041240692 0.07024972140789032
v 0.4910610318183899 -0.19521766901016235 0.06420817971229553
v 0.48726731538772583 -0.18456101417541504 0.06633806228637695
v 0.4776237905025482 -0.17053723335266113 0.06522266566753387
v 0.48399490118026733 -0.16065718233585358 0.06348520517349243
v 0.4737454056739807 -0.11955185234546661 0.04106806218624115
v 0.47105398774147034 -0.14668475091457367 0.05017454922199249
v 0.46788281202316284 -0.13130369782447815 0.041835665702819824
v 0.42570918798446655 -0.21552900969982147 0.22883886098861694
v 0.42262396216392517 -0.2225629687309265 0.22083327174186707
v 0.43334662914276123 -0.2232055813074112 0.22364580631256104
v 0.4891126751899719 -0.0670495331287384 0.050370074808597565
v 0.480136901140213 -0.1027442216873169 0.04278185963630676
v 0.48705804347991943 -0.07749627530574799 0.047547630965709686
v 0.20217305421829224 -0.008907063864171505 0.08476721495389938
v 0.19467449188232422 -0.023253411054611206 0.08893975615501404
v 0.19112570583820343 -0.03977908194065094 0.08906500041484833
v 0.18996253609657288 -0.051757313311100006 0.09056544303894043
v 0.20675994455814362 -0.05164182931184769 0.08473235368728638
v 0.1960107833147049 -0.06059718132019043 0.09055019170045853
v 0.19183439016342163 -0.06804921478033066 0.09175845980644226
v 0.18480609357357025 -0.07532607764005661 0.09053220599889755
v 0.18962673842906952 -0.07512256503105164 0.08396317809820175
v 0.1743127405643463 -0.07453751564025879 0.07420980930328369
v 0.17905129492282867 -0.06818075478076935 0.06632176786661148
v 0.1838349848985672 -0.06041397526860237 0.058458440005779266
v 0.17623759806156158 -0.0525752454996109 0.04259040951728821
v 0.17755234241485596 -0.047315046191215515 0.03725987672805786
v 0.18388570845127106 -0.05394097790122032 0.05146130174398422
v 0.3232686221599579 -0.1689760833978653 0.06042157858610153
v 0.33580949902534485 -0.15835270285606384 0.051411084830760956
v 0.3466368317604065 -0.14912419021129608 0.04143298417329788
v 0.36674702167510986 -0.13513335585594177 0.027559027075767517
v 0.36066877841949463 -0.14553454518318176 0.03553761541843414
v 0.3420776128768921 -0.05458579957485199 0.0030035600066184998
v 0.35527145862579346 -0.07332117855548859 0.0007310882210731506
v 0.3664632737636566 -0.10127553343772888 0.007703088223934174
v 0.3771459460258484 -0.11445708572864532 0.012431606650352478
v 0.3710917532444 -0.12629246711730957 0.020727455615997314
v 0.1770721971988678 -0.04520517960190773 0.030935091897845268
v 0.17217279970645905 -0.04876173660159111 0.021875694394111633
v 0.17629289627075195 -0.04582112282514572 0.019655700773000717
v 0.18164974451065063 -0.03857441991567612 0.02337222546339035
v 0.18332721292972565 -0.03622227907180786 0.021340427920222282
v 0.189309224486351 -0.021687623113393784 0.02245940826833248
v 0.186903715133667 -0.029507063329219818 0.019558992236852646
v 0.1949041336774826 -0.013928953558206558 0.025714542716741562
v 0.3212798833847046 -0.17587487399578094 0.06498899310827255
v 0.3364706039428711 -0.18477876484394073 0.06559856981039047
v 0.3546721339225769 -0.18663586676120758 0.0639248788356781
v 0.3829239010810852 -0.19246169924736023 0.06200159341096878
v 0.36907410621643066 -0.17432963848114014 0.059755839407444
v 0.3600389361381531 -0.17771458625793457 0.0614541620016098
v 0.3875315189361572 -0.184658944606781 0.057374224066734314
v 0.39957040548324585 -0.18966475129127502 0.0585477352142334
v 0.43581849336624146 -0.20419490337371826 0.04619249701499939
v 0.40720683336257935 -0.19466464221477509 0.05815868079662323
v 0.4176190495491028 -0.1949031800031662 0.05750967562198639
v 0.42405444383621216 -0.19361631572246552 0.05525234341621399
v 0.461595743894577 -0.18475304543972015 0.05640798807144165
v 0.47040942311286926 -0.19254237413406372 0.06124362349510193
v 0.4932943880558014 -0.22488902509212494 0.07426437735557556
v 0.4737243354320526 -0.20758317410945892 0.06468509137630463
v 0.5275142788887024 -0.25803428888320923 0.08921118080615997
v 0.5376622080802917 -0.2777613699436188 0.11207811534404755
v 0.5404646396636963 -0.2814294695854187 0.1026829183101654
v 0.5381654500961304 -0.23218552768230438 0.10475191473960876
v 0.5449230670928955 -0.2571372389793396 0.11141835153102875
v 0.5488183498382568 -0.2943940758705139 0.1185951679944992
v 0.5581697225570679 -0.28489914536476135 0.11787575483322144
v 0.5223206877708435 -0.21883802115917206 0.09275674819946289
v 0.5080385208129883 -0.2065630704164505 0.06481648981571198
v 0.4866717755794525 -0.2011483907699585 0.06204955279827118
v 0.4798628091812134 -0.19116801023483276 0.06313228607177734
v 0.47168517112731934 -0.16245515644550323 0.06011243164539337
v 0.47686293721199036 -0.15543590486049652 0.056412965059280396
v 0.4751581847667694 -0.1829495131969452 0.06379681825637817
v 0.46568500995635986 -0.12060202658176422 0.03612341731786728
v 0.4590199291706085 -0.14778611063957214 0.044976964592933655
v 0.45644453167915344 -0.1407848298549652 0.040992870926856995
v 0.42995765805244446 -0.22925961017608643 0.20408737659454346
v 0.4311074912548065 -0.2177434116601944 0.2199746072292328
v 0.43708592653274536 -0.2159201204776764 0.21792888641357422
v 0.48407894372940063 -0.07183685898780823 0.053204990923404694
v 0.4789770841598511 -0.08836084604263306 0.038850314915180206
v 0.4722585678100586 -0.10779967159032822 0.0354178324341774
v 0.18886707723140717 0.0 0.08955735713243484
v 0.19332827627658844 -0.012208569794893265 0.0895901694893837
v 0.18906444311141968 -0.02626144513487816 0.09168968349695206
v 0.18596257269382477 -0.06135423481464386 0.09353174269199371
v 0.17566615343093872 -0.07799061387777328 0.0915883332490921
v 0.1807473599910736 -0.07146516442298889 0.093722403049469
v 0.18008054792881012 -0.07756035774946213 0.08581766486167908
v 0.16718275845050812 -0.06857448816299438 0.06583072245121002
v 0.16291752457618713 -0.07467978447675705 0.07452471554279327
v 0.17466874420642853 -0.06301045417785645 0.0590430311858654
v 0.17370232939720154 -0.05790736898779869 0.05225085839629173
v 0.17024384438991547 -0.05104779079556465 0.03446151316165924
v 0.17111454904079437 -0.04818383604288101 0.030100330710411072
v 0.33560922741889954 -0.16713841259479523 0.056509435176849365
v 0.3479154109954834 -0.1578301638364792 0.04756787419319153
v 0.36003273725509644 -0.15729010105133057 0.04440944641828537
v 0.3800543248653412 -0.13652303814888 0.025376632809638977
v 0.3762911558151245 -0.14568644762039185 0.03224905580282211
v 0.3539382219314575 -0.05644776672124863 -0.0024529844522476196
v 0.3667038083076477 -0.08271578699350357 0.0003727823495864868
v 0.3788627088069916 -0.10320805013179779 0.0061731114983558655
v 0.39147016406059265 -0.1182415559887886 0.012890242040157318
v 0.3854672908782959 -0.1263759583234787 0.018483616411685944
v 0.17203162610530853 -0.04862081632018089 0.02626730501651764
v 0.189470112323761 -0.05583878979086876 0.005303371697664261
v 0.18001174926757812 -0.06045987457036972 0.016870558261871338
v 0.1885753720998764 -0.04268784448504448 0.019413955509662628
v 0.19562537968158722 -0.036160267889499664 0.013559004291892052
v 0.1878972202539444 -0.014149133116006851 0.020622482523322105
v 0.18662585318088531 -0.019130945205688477 0.01712236925959587
v 0.19129690527915955 -0.026764867827296257 0.011285511776804924
v 0.202529177069664 -0.005339239723980427 0.029543964192271233
v 0.3338734209537506 -0.17662060260772705 0.06226678192615509
v 0.3469603955745697 -0.18062180280685425 0.062469251453876495
v 0.37769362330436707 -0.17889384925365448 0.05899060517549515
v 0.3610530495643616 -0.16822749376296997 0.057822100818157196
v 0.3720703125 -0.1676531434059143 0.05553366243839264
v 0.3926059305667877 -0.17628668248653412 0.05172041058540344
v 0.4023315906524658 -0.18127459287643433 0.053732097148895264
v 0.41185569763183594 -0.18338192999362946 0.05466760694980621
v 0.4305879473686218 -0.1710132658481598 0.05958075821399689
v 0.4472777843475342 -0.16843776404857635 0.061781495809555054
v 0.4669221043586731 -0.18470433354377747 0.061416253447532654
v 0.5089551210403442 -0.21911320090293884 0.06264734268188477
v 0.5385239720344543 -0.2696578800678253 0.08568614721298218
v 0.5179511308670044 -0.24025888741016388 0.0753803700208664
v 0.5481085181236267 -0.30089670419692993 0.10446098446846008
v 0.5463537573814392 -0.2992054224014282 0.11218947172164917
v 0.5454647541046143 -0.25179755687713623 0.10650402307510376
v 0.5377678275108337 -0.23413990437984467 0.09395259618759155
v 0.5557993650436401 -0.276813268661499 0.11240977048873901
v 0.5589436292648315 -0.3043653666973114 0.12260298430919647
v 0.5540154576301575 -0.31298649311065674 0.12004244327545166
v 0.5307551622390747 -0.22626842558383942 0.08355829119682312
v 0.5312184691429138 -0.2305477410554886 0.06683988869190216
v 0.5401976108551025 -0.23865272104740143 0.07527285814285278
v 0.46394264698028564 -0.17262738943099976 0.06192199885845184
v 0.4552108645439148 -0.16226091980934143 0.059585779905319214
v 0.46145111322402954 -0.15317191183567047 0.05325581133365631
v 0.45684555172920227 -0.12774497270584106 0.034088134765625
v 0.46155792474746704 -0.11609715968370438 0.03025244176387787
v 0.4424940347671509 -0.1519332081079483 0.04406984895467758
v 0.44415199756622314 -0.1450122892856598 0.03913429379463196
v 0.42825061082839966 -0.23590399324893951 0.22149933874607086
v 0.43874987959861755 -0.22361330687999725 0.22936001420021057
v 0.4359307885169983 -0.22023731470108032 0.22864073514938354
v 0.46531930565834045 -0.10538311302661896 0.028708823025226593
v 0.4708215594291687 -0.09102220833301544 0.027057431638240814
v 0.18151302635669708 0.0 0.09134551137685776
v 0.18434670567512512 -0.014247309416532516 0.09298743307590485
v 0.18336492776870728 -0.045268937945365906 0.09305461496114731
v 0.1834685057401657 -0.03215077519416809 0.09434956312179565
v 0.18098951876163483 -0.05419839546084404 0.09549527615308762
v 0.1748824566602707 -0.06354089826345444 0.09611041843891144
v 0.16640962660312653 -0.0781281515955925 0.08498062938451767
v 0.15818092226982117 -0.076451376080513 0.09011474996805191
v 0.16567444801330566 -0.07128813862800598 0.09519948065280914
v 0.16815315186977386 -0.0620785728096962 0.05634810030460358
v 0.15591920912265778 -0.06863932311534882 0.06427011638879776
v 0.15198828279972076 -0.07305484265089035 0.07310159504413605
v 0.16749513149261475 -0.05925702303647995 0.050154514610767365
v 0.16600455343723297 -0.05673183873295784 0.04286631941795349
v 0.16297699511051178 -0.05382606014609337 0.030914999544620514
v 0.16634143888950348 -0.050742872059345245 0.028715115040540695
v 0.3488716781139374 -0.16288618743419647 0.054319776594638824
v 0.3731291890144348 -0.15510503947734833 0.04002685099840164
v 0.3929537236690521 -0.13728249073028564 0.02405863255262375
v 0.38753053545951843 -0.14495137333869934 0.02974608540534973
v 0.36942410469055176 -0.06157651171088219 -0.006654359400272369
v 0.3782270550727844 -0.09214440733194351 0.0010485798120498657
v 0.3904728293418884 -0.10828583687543869 0.007238313555717468
v 0.3995193541049957 -0.12700393795967102 0.0172148197889328
v 0.40652331709861755 -0.11337906122207642 0.008674539625644684
v 0.1653178483247757 -0.05106532573699951 0.024520935490727425
v 0.19239318370819092 -0.044218309223651886 -0.0025221966207027435
v 0.17427369952201843 -0.06437761336565018 -0.003024078905582428
v 0.17933662235736847 -0.053185272961854935 -0.012568902224302292
v 0.19401952624320984 -0.031742341816425323 -0.001037687063217163
v 0.18466712534427643 -0.008483697660267353 0.016374453902244568
v 0.19062283635139465 -0.004998836666345596 0.022876141592860222
v 0.1818738877773285 -0.018987860530614853 0.008806100115180016
v 0.18417227268218994 -0.021223217248916626 -0.00481795147061348
v 0.3480313718318939 -0.17076805233955383 0.05883722007274628
v 0.38119977712631226 -0.17225141823291779 0.05315575748682022
v 0.3731134533882141 -0.16131165623664856 0.04774591326713562
v 0.36189377307891846 -0.1607753038406372 0.05149559676647186
v 0.39658915996551514 -0.16840201616287231 0.045728862285614014
v 0.4063893258571625 -0.17015433311462402 0.047053463757038116
v 0.46074047684669495 -0.1726636439561844 0.06011156737804413
v 0.41301292181015015 -0.1720968335866928 0.04913833737373352
v 0.41814112663269043 -0.17416828870773315 0.05506870150566101
v 0.43754544854164124 -0.16347452998161316 0.057458601891994476
v 0.5317128300666809 -0.23951774835586548 0.06910479068756104
v 0.5387222170829773 -0.26072391867637634 0.07762505114078522
v 0.5496541261672974 -0.28828951716423035 0.08598138391971588
v 0.5504409670829773 -0.3105000853538513 0.09282205998897552
v 0.5529043078422546 -0.31733956933021545 0.11195111274719238
v 0.5588343143463135 -0.27195778489112854 0.10640762746334076
v 0.5448485612869263 -0.24686428904533386 0.09827122092247009
v 0.5641499161720276 -0.29135194420814514 0.11424073576927185
v 0.5585135221481323 -0.32234257459640503 0.11963345110416412
v 0.5614299774169922 -0.31367027759552 0.12361875176429749
v 0.5468435287475586 -0.24747779965400696 0.08856670558452606
v 0.5556862354278564 -0.26082897186279297 0.08354927599430084
v 0.5513238906860352 -0.25674790143966675 0.07649821043014526
v 0.4419299066066742 -0.15632109344005585 0.05145488679409027
v 0.4452224373817444 -0.13459043204784393 0.031744711101055145
v 0.4529551565647125 -0.12214608490467072 0.02804870903491974
v 0.4321632385253906 -0.15702319145202637 0.04239095747470856
v 0.43621042370796204 -0.14435644447803497 0.03494289517402649
v 0.43547579646110535 -0.22181668877601624 0.23383651673793793
v 0.4448722302913666 -0.22209101915359497 0.24181649088859558
v 0.4484920799732208 -0.2207745611667633 0.23577433824539185
v 0.45877882838249207 -0.08787405490875244 0.014075368642807007
v 0.4565311074256897 -0.10827019065618515 0.02326805144548416
v 0.17629939317703247 -0.016188431531190872 0.09488192945718765
v 0.17591866850852966 -0.009256049990653992 0.09351854771375656
v 0.181434765458107 -0.02198141999542713 0.09458833187818527
v 0.17411045730113983 -0.023320741951465607 0.09881728887557983
v 0.17803935706615448 -0.04978200048208237 0.09838593751192093
v 0.17329558730125427 -0.057285912334918976 0.09837678074836731
v 0.16564738750457764 -0.06357956677675247 0.09744925796985626
v 0.15309910476207733 -0.07663919031620026 0.08173181116580963
v 0.14740049839019775 -0.07180920243263245 0.09286163747310638
v 0.14261628687381744 -0.0763404592871666 0.0865287333726883
v 0.16135847568511963 -0.06505534052848816 0.059214066714048386
v 0.14629368484020233 -0.07038379460573196 0.0649615004658699
v 0.13665322959423065 -0.07557262480258942 0.07124592363834381
v 0.1578981727361679 -0.06007429584860802 0.04308132082223892
v 0.16092121601104736 -0.061468977481126785 0.051523517817258835
v 0.15937960147857666 -0.05721091851592064 0.03651915863156319
v 0.15895189344882965 -0.052394650876522064 0.023815693333745003
v 0.14963360130786896 -0.052137624472379684 0.02248717099428177
v 0.3896399140357971 -0.1552366316318512 0.037085093557834625
v 0.4056209921836853 -0.13855957984924316 0.024029389023780823
v 0.3986409306526184 -0.14743013679981232 0.03016449511051178
v 0.37539780139923096 -0.051568396389484406 -0.009945571422576904
v 0.3818620443344116 -0.07486875355243683 -0.0058643147349357605
v 0.38784462213516235 -0.0978647992014885 0.0024439245462417603
v 0.421400249004364 -0.11338929086923599 0.009828463196754456
v 0.41453707218170166 -0.12543967366218567 0.016107454895973206
v 0.16948159039020538 -0.06588114798069 0.014199919998645782
v 0.17243334650993347 -0.0464339405298233 -0.023933811113238335
v 0.17858320474624634 -0.03318031132221222 -0.020204290747642517
v 0.1791803389787674 -0.010809218510985374 0.01008203998208046
v 0.18297739326953888 0.0 0.01699678599834442
v 0.17175090312957764 -0.010018672794103622 -0.0033560674637556076
v 0.16688165068626404 -0.018418211489915848 -0.02143947221338749
v 0.3837273120880127 -0.16522005200386047 0.0454140305519104
v 0.4025028645992279 -0.15993523597717285 0.039000362157821655
v 0.4126766622066498 -0.1626201719045639 0.041600942611694336
v 0.4182434380054474 -0.16675487160682678 0.04576996713876724
v 0.4260754883289337 -0.16751223802566528 0.047482311725616455
v 0.5480075478553772 -0.2571062445640564 0.074647918343544
v 0.5607283115386963 -0.28952911496162415 0.0826202929019928
v 0.5608593225479126 -0.31233951449394226 0.08219683170318604
v 0.5578179955482483 -0.3278105556964874 0.08847063779830933
v 0.5532510280609131 -0.3265395760536194 0.10437169671058655
v 0.5573498010635376 -0.2628079354763031 0.09806793928146362
v 0.5649019479751587 -0.31881725788116455 0.12502261996269226
v 0.5567641854286194 -0.3339405059814453 0.12655536830425262
v 0.5607408285140991 -0.2695028483867645 0.0909513533115387
v 0.5685347318649292 -0.28155362606048584 0.09364640712738037
v 0.5635145902633667 -0.278189480304718 0.08484251797199249
v 0.43749362230300903 -0.1321529746055603 0.027445614337921143
v 0.4437742829322815 -0.12045719474554062 0.022794656455516815
v 0.4237925708293915 -0.15303832292556763 0.03573504090309143
v 0.43043577671051025 -0.13681760430335999 0.02642972767353058
v 0.4454233646392822 -0.2375521957874298 0.25731566548347473
v 0.4412405788898468 -0.2342899590730667 0.24685677886009216
v 0.45535019040107727 -0.22979998588562012 0.24867674708366394
v 0.45400509238243103 -0.2328413724899292 0.24511483311653137
v 0.4612450897693634 -0.07657273858785629 0.010972142219543457
v 0.44557011127471924 -0.1033925786614418 0.015112124383449554
v 0.4442328214645386 -0.08748412877321243 0.0067228153347969055
v 0.16769301891326904 -0.014395907521247864 0.09663057327270508
v 0.16806355118751526 -0.007102641277015209 0.0942704826593399
v 0.17552533745765686 -0.035579558461904526 0.10318512469530106
v 0.1799420267343521 -0.04176878184080124 0.09812548756599426
v 0.17398539185523987 -0.04473003372550011 0.10484430193901062
v 0.17011752724647522 -0.05065717548131943 0.1042860895395279
v 0.1646559238433838 -0.05621065944433212 0.10083384811878204
v 0.15233242511749268 -0.06433193385601044 0.0960082858800888
v 0.14026035368442535 -0.07705225050449371 0.07993359118700027
v 0.13211362063884735 -0.07289542257785797 0.08813776075839996
v 0.1291687935590744 -0.07826720178127289 0.08270537853240967
v 0.15358299016952515 -0.06589499115943909 0.05819036066532135
v 0.12452594935894012 -0.07892422378063202 0.06915132701396942
v 0.13379129767417908 -0.0731334313750267 0.06285795569419861
v 0.15354931354522705 -0.05824391916394234 0.036549657583236694
v 0.15104113519191742 -0.06304769217967987 0.04987657815217972
v 0.14918580651283264 -0.06083410233259201 0.040899600833654404
v 0.15161249041557312 -0.05483999848365784 0.02810916118323803
v 0.13850632309913635 -0.049248792231082916 0.016207706183195114
v 0.1530529260635376 -0.06613875925540924 0.015985911712050438
v 0.4200873374938965 -0.13796691596508026 0.02470078319311142
v 0.4121590852737427 -0.15011873841285706 0.031907811760902405
v 0.3922905921936035 -0.08648954331874847 -0.0031069815158843994
v 0.4016432464122772 -0.09958954155445099 0.0017195343971252441
v 0.4300639033317566 -0.10796164721250534 0.009184680879116058
v 0.42854952812194824 -0.12238842248916626 0.016850553452968597
v 0.42076006531715393 -0.10094401240348816 0.002631068229675293
v 0.15589885413646698 -0.06874658912420273 -0.014834992587566376
v 0.1613367199897766 -0.056601282209157944 -0.026961078867316246
v 0.16036242246627808 -0.041135627776384354 -0.035954855382442474
v 0.15288442373275757 -0.051592737436294556 -0.03882239758968353
v 0.1707879602909088 -0.0020729396492242813 0.005406074225902557
v 0.17411667108535767 0.0 0.006001175381243229
v 0.17833200097084045 -0.0006195476744323969 0.010481520555913448
v 0.1547209769487381 -0.008304864168167114 -0.017460422590374947
v 0.15419074892997742 -0.030331064015626907 -0.03862426429986954
v 0.5600389242172241 -0.2752225399017334 0.08144745230674744
v 0.5748817920684814 -0.3122303783893585 0.0880751758813858
v 0.5622876286506653 -0.3223534822463989 0.08101774752140045
v 0.5628316402435303 -0.3390883207321167 0.10076609253883362
v 0.5700848698616028 -0.3310078978538513 0.08035573363304138
v 0.569265604019165 -0.2853490710258484 0.10352471470832825
v 0.5668215751647949 -0.3011454939842224 0.11358880996704102
v 0.5721790790557861 -0.3092370629310608 0.11917246878147125
v 0.5719159841537476 -0.3424866199493408 0.11831384897232056
v 0.5786515474319458 -0.3279717266559601 0.1259467899799347
v 0.5748200416564941 -0.2997617721557617 0.1068468689918518
v 0.5718120336532593 -0.2937997579574585 0.09588710963726044
v 0.43754398822784424 -0.1135353296995163 0.015606693923473358
v 0.4353215992450714 -0.12550470232963562 0.021775200963020325
v 0.44940081238746643 -0.2670148015022278 0.25555264949798584
v 0.44145292043685913 -0.25708967447280884 0.27319520711898804
v 0.4556863009929657 -0.2449187934398651 0.27347299456596375
v 0.4732029139995575 -0.25792476534843445 0.26217761635780334
v 0.4511551558971405 -0.0748656690120697 0.004548497498035431
v 0.4383668303489685 -0.09977617859840393 0.008297748863697052
v 0.43806755542755127 -0.08912213891744614 0.0024141594767570496
v 0.16229574382305145 -0.022745447233319283 0.10244713723659515
v 0.15845027565956116 -0.008280666545033455 0.09636532515287399
v 0.15694603323936462 -0.017300836741924286 0.09945426881313324
v 0.16807463765144348 -0.04215342178940773 0.11394986510276794
v 0.1652044951915741 -0.03226511552929878 0.10759424418210983
v 0.1665201634168625 -0.04762090742588043 0.11438092589378357
v 0.1621154248714447 -0.05065755173563957 0.1067393347620964
v 0.15569522976875305 -0.05430445820093155 0.10063623636960983
v 0.13710646331310272 -0.06506858021020889 0.09258711338043213
v 0.12543432414531708 -0.07910823822021484 0.07601195573806763
v 0.11723457276821136 -0.07521359622478485 0.0827932208776474
v 0.11546511948108673 -0.0804021954536438 0.07822759449481964
v 0.14183750748634338 -0.06715951859951019 0.056633543223142624
v 0.11392916738986969 -0.08161019533872604 0.06672555208206177
v 0.12059179693460464 -0.07754255831241608 0.06035574898123741
v 0.14688631892204285 -0.05764837563037872 0.0332040935754776
v 0.1413671225309372 -0.064572274684906 0.04665203019976616
v 0.13918595016002655 -0.06026196479797363 0.033979132771492004
v 0.14063334465026855 -0.05427969992160797 0.025708302855491638
v 0.1396818608045578 -0.050648417323827744 0.020212512463331223
v 0.15699565410614014 -0.07204782962799072 -0.00035355985164642334
v 0.13177940249443054 -0.051195234060287476 0.016465146094560623
v 0.14551568031311035 -0.06863660365343094 0.012320175766944885
v 0.4018944501876831 -0.07066531479358673 -0.010009191930294037
v 0.41041985154151917 -0.08748353272676468 -0.004170916974544525
v 0.4312533438205719 -0.0988764688372612 0.004567675292491913
v 0.42562276124954224 -0.08606526255607605 -0.0037723779678344727
v 0.1419292539358139 -0.0722845047712326 -0.015093360096216202
v 0.16685889661312103 -0.061590127646923065 -0.017635110765695572
v 0.14272800087928772 -0.0622156485915184 -0.039340756833553314
v 0.13334129750728607 -0.05743580311536789 -0.04765833169221878
v 0.13924604654312134 -0.04372169077396393 -0.04801945388317108
v 0.15439721941947937 0.00023391470313072205 -0.005187239497900009
v 0.16656924784183502 0.004135912284255028 0.0038994764909148216
v 0.16570264101028442 0.0 -0.0018516023410484195
v 0.14419075846672058 -0.017525367438793182 -0.0352562814950943
v 0.13090059161186218 -0.029722733423113823 -0.04848866164684296
v 0.5651138424873352 -0.29118257761001587 0.08773931860923767
v 0.5778305530548096 -0.3110369145870209 0.09001472592353821
v 0.5798649787902832 -0.3251783549785614 0.08577737212181091
v 0.578325629234314 -0.33526989817619324 0.0977567583322525
v 0.580792248249054 -0.3175601661205292 0.11752629280090332
v 0.5737048387527466 -0.30450642108917236 0.10885928571224213
v 0.5818852186203003 -0.3329482078552246 0.10757745802402496
v 0.5847191214561462 -0.32918500900268555 0.1161295473575592
v 0.579437255859375 -0.3001999258995056 0.09666867554187775
v 0.4486772119998932 -0.2777085304260254 0.3043529987335205
v 0.46831318736076355 -0.2828352451324463 0.29477643966674805
v 0.46383029222488403 -0.29976189136505127 0.28539931774139404
v 0.4477905035018921 -0.30116233229637146 0.2902565598487854
v 0.444338858127594 -0.07924379408359528 0.0003345906734466553
v 0.43109768629074097 -0.09136656671762466 0.00042209774255752563
v 0.15496934950351715 -0.023968126624822617 0.10291612148284912
v 0.1456432342529297 -0.01220344565808773 0.1006692424416542
v 0.14755022525787354 -0.020740991458296776 0.10037599503993988
v 0.1645793467760086 -0.04210425168275833 0.11690166592597961
v 0.1690317690372467 -0.0527389794588089 0.12202207744121552
v 0.15735892951488495 -0.0327303409576416 0.10977774858474731
v 0.1625015139579773 -0.047721948474645615 0.11393062770366669
v 0.15535694360733032 -0.04649641364812851 0.10475906729698181
v 0.14298231899738312 -0.05567950755357742 0.09549780189990997
v 0.12270142138004303 -0.06589636951684952 0.08846546709537506
v 0.11476512253284454 -0.08189324289560318 0.07282719016075134
v 0.10218074917793274 -0.07988255470991135 0.07916425168514252
v 0.10522651672363281 -0.08351428061723709 0.07452795654535294
v 0.1307411789894104 -0.07074815034866333 0.051400795578956604
v 0.13096675276756287 -0.06382368505001068 0.03089316561818123
v 0.1332792490720749 -0.06598149240016937 0.04067961871623993
v 0.13278785347938538 -0.057104431092739105 0.024193936958909035
v 0.1328929215669632 -0.05249733105301857 0.02110195718705654
v 0.14486990869045258 -0.07246129959821701 0.001794770359992981
v 0.12520767748355865 -0.04719562828540802 0.016940802335739136
v 0.12654095888137817 -0.04384467750787735 0.015428497456014156
v 0.12792129814624786 -0.05631747096776962 0.013996785506606102
v 0.1387316882610321 -0.07061754167079926 0.010009873658418655
v 0.4196699559688568 -0.07365946471691132 -0.009238079190254211
v 0.4288964867591858 -0.07721653580665588 -0.006431102752685547
v 0.13839071989059448 -0.0735655128955841 -0.012373607605695724
v 0.1299658566713333 -0.0736583024263382 -0.024120870977640152
v 0.14205539226531982 -0.06893262267112732 -0.022941559553146362
v 0.14954562485218048 -0.06684774160385132 -0.02840566448867321
v 0.12890368700027466 -0.06565792858600616 -0.04398585855960846
v 0.11532129347324371 -0.04343811050057411 -0.057127684354782104
v 0.11991045624017715 -0.05446309596300125 -0.05386875569820404
v 0.13213962316513062 -0.0052456967532634735 -0.021693795919418335
v 0.15410099923610687 0.007411247119307518 -0.000965416431427002
v 0.1138453483581543 -0.017117302864789963 -0.04500354826450348
v 0.10369174182415009 -0.03294258564710617 -0.058233946561813354
v 0.5728300213813782 -0.3013547658920288 0.08379468321800232
v 0.5704387426376343 -0.316765159368515 0.07740682363510132
v 0.5821305513381958 -0.32487156987190247 0.09469246864318848
v 0.5846794843673706 -0.3287866711616516 0.09969064593315125
v 0.578718364238739 -0.3175516426563263 0.08001333475112915
v 0.5824611186981201 -0.31083232164382935 0.10966680943965912
v 0.5845690369606018 -0.3189324736595154 0.11317971348762512
v 0.5866902470588684 -0.3170841634273529 0.10506454110145569
v 0.5880751609802246 -0.3253835439682007 0.10364541411399841
v 0.5864742994308472 -0.3068702220916748 0.09011822938919067
v 0.5760864615440369 -0.29874923825263977 0.07076524198055267
v 0.4589618444442749 -0.3136778771877289 0.3173343539237976
v 0.4602368474006653 -0.3155971169471741 0.3073927164077759
v 0.448647677898407 -0.31622904539108276 0.30992063879966736
v 0.4553583562374115 -0.31617239117622375 0.30333518981933594
v 0.4363861083984375 -0.08068416267633438 -0.0032352954149246216
v 0.15019844472408295 -0.02774510160088539 0.10292588919401169
v 0.1295529007911682 -0.012642580084502697 0.10326993465423584
v 0.13665884733200073 -0.018536504358053207 0.09980297833681107
v 0.1570381373167038 -0.044210560619831085 0.11711877584457397
v 0.1568586528301239 -0.046921517699956894 0.12306937575340271
v 0.16081920266151428 -0.052621543407440186 0.12418985366821289
v 0.150411456823349 -0.035841986536979675 0.10375425219535828
v 0.1599005162715912 -0.04314254969358444 0.11190323531627655
v 0.1469966471195221 -0.04581623896956444 0.10019564628601074
v 0.1296391785144806 -0.05728772655129433 0.09179697930812836
v 0.10847320407629013 -0.06898319721221924 0.08370919525623322
v 0.10434197634458542 -0.08486513793468475 0.07031922042369843
v 0.09106400609016418 -0.08687584847211838 0.07346650213003159
v 0.08911217749118805 -0.0821259394288063 0.07709012180566788
v 0.10737763345241547 -0.08240380883216858 0.058907464146614075
v 0.11642512679100037 -0.0767134428024292 0.04844353348016739
v 0.12396129965782166 -0.07042872905731201 0.03782650828361511
v 0.1254786252975464 -0.06585453450679779 0.029128115624189377
v 0.126376211643219 -0.054172612726688385 0.01669447124004364
v 0.12726938724517822 -0.061668511480093 0.023101069033145905
v 0.13873569667339325 -0.07052989304065704 0.004773322492837906
v 0.12516479194164276 -0.0496918186545372 0.013590710237622261
v 0.12593506276607513 -0.04408329725265503 0.010879531502723694
v 0.12792463600635529 -0.042122241109609604 0.012117772363126278
v 0.13286685943603516 -0.0672612413764 0.010612864047288895
v 0.12276701629161835 -0.04569012671709061 0.015221571549773216
v 0.12997126579284668 -0.07514899224042892 -0.022028548642992973
v 0.13014864921569824 -0.07308101654052734 -0.007839802652597427
v 0.12180384993553162 -0.07519355416297913 -0.02982441894710064
v 0.13193777203559875 -0.07310843467712402 -0.028441548347473145
v 0.13115914165973663 -0.07031691819429398 -0.03775908425450325
v 0.11800984293222427 -0.0640142410993576 -0.05102396383881569
v 0.10112660378217697 -0.05463257059454918 -0.06119924411177635
v 0.09585947543382645 -0.04557238146662712 -0.06302005052566528
v 0.10716726630926132 -0.00763200968503952 -0.030962692573666573
v 0.13822108507156372 0.005253065377473831 -0.00808330625295639
v 0.14511802792549133 0.0017215050756931305 -0.009087065234780312
v 0.09439444541931152 -0.023593103513121605 -0.05304630473256111
v 0.08798155933618546 -0.03959996998310089 -0.06357176601886749
v 0.5843757390975952 -0.3194712698459625 0.08712399005889893
v 0.5809184312820435 -0.3112311363220215 0.08246609568595886
v 0.588922381401062 -0.3248900771141052 0.09423123300075531
v 0.593113899230957 -0.3145885169506073 0.10011488199234009
v 0.5922217965126038 -0.3148631751537323 0.10324206948280334
v 0.5923755168914795 -0.32027411460876465 0.09886977076530457
v 0.5952467918395996 -0.3158745765686035 0.09963274002075195
v 0.5932233333587646 -0.3162755072116852 0.09470149874687195
v 0.4405815005302429 -0.28431427478790283 0.28727710247039795
v 0.457830548286438 -0.3292447626590729 0.3223629593849182
v 0.4565150737762451 -0.3297556936740875 0.31513285636901855
v 0.4490024447441101 -0.31586867570877075 0.31796830892562866
v 0.45062488317489624 -0.3278474509716034 0.314595490694046
v 0.44657841324806213 -0.3277881145477295 0.31728053092956543
v 0.14094465970993042 -0.027034135535359383 0.09811688959598541
v 0.11858242750167847 -0.011025059036910534 0.10038767755031586
v 0.12406064569950104 -0.017674971371889114 0.09928341209888458
v 0.1662590205669403 -0.04447661340236664 0.12712478637695312
v 0.17006494104862213 -0.06797434389591217 0.13925813138484955
v 0.17497777938842773 -0.055214956402778625 0.1378006488084793
v 0.13994157314300537 -0.0364360511302948 0.09893757104873657
v 0.1349528431892395 -0.04647140949964523 0.0955476313829422
v 0.11517776548862457 -0.059387292712926865 0.08818304538726807
v 0.09397761523723602 -0.07232459634542465 0.08126023411750793
v 0.09768558293581009 -0.08727523684501648 0.06544258445501328
v 0.07647766172885895 -0.08650906383991241 0.07430727779865265
v 0.07407645136117935 -0.08974678814411163 0.07027048617601395
v 0.09616624563932419 -0.08550167828798294 0.05339639633893967
v 0.10517007112503052 -0.08042584359645844 0.04641614854335785
v 0.1195891797542572 -0.06815667450428009 0.02571912109851837
v 0.11142000555992126 -0.07546696811914444 0.03557833284139633
v 0.11846356838941574 -0.06340821832418442 0.017135201022028923
v 0.11912107467651367 -0.05629049986600876 0.01006520539522171
v 0.1319446563720703 -0.06495718657970428 0.008065387606620789
v 0.12058958411216736 -0.04979367554187775 0.007935723289847374
v 0.12256824970245361 -0.04428788647055626 0.004457252100110054
v 0.12781114876270294 -0.039755843579769135 0.007899843156337738
v 0.12521034479141235 -0.037449244409799576 0.012244677171111107
v 0.12516401708126068 -0.04855089634656906 0.014941954985260963
v 0.12335801124572754 -0.02769303321838379 0.019759971648454666
v 0.11649130284786224 -0.07556498050689697 -0.02762903831899166
v 0.12199510633945465 -0.07469064742326736 -0.01856100745499134
v 0.1262529194355011 -0.06673403829336166 -0.000993676483631134
v 0.1198112964630127 -0.07396454364061356 -0.03681342303752899
v 0.11091950535774231 -0.07580757886171341 -0.035421814769506454
v 0.11876794695854187 -0.07008390128612518 -0.044564615935087204
v 0.10635939985513687 -0.06093475595116615 -0.05730277672410011
v 0.08320067077875137 -0.044791754335165024 -0.06574921309947968
v 0.08721484243869781 -0.05150711536407471 -0.06519369781017303
v 0.09157935529947281 -0.014474555850028992 -0.04317420721054077
v 0.11820761859416962 0.00159381702542305 -0.014381431974470615
v 0.0838238000869751 -0.0326131135225296 -0.06116347759962082
v 0.0766318291425705 -0.04038204625248909 -0.06557416915893555
v 0.5873481631278992 -0.3142578601837158 0.08952713012695312
v 0.5899375677108765 -0.31922435760498047 0.09506478905677795
v 0.5958730578422546 -0.31753504276275635 0.09751835465431213
v 0.5926973819732666 -0.3196535110473633 0.0964641273021698
v 0.45020735263824463 -0.3240583539009094 0.3180735111236572
v 0.44776806235313416 -0.33748388290405273 0.32900431752204895
v 0.44874829053878784 -0.34178054332733154 0.3238011598587036
v 0.44763466715812683 -0.3414890170097351 0.320634663105011
v 0.45068153738975525 -0.3388010263442993 0.3187762498855591
v 0.12851674854755402 -0.025417441502213478 0.09652359783649445
v 0.1046571284532547 -0.010185732506215572 0.09990713745355606
v 0.10994790494441986 -0.017851684242486954 0.09794634580612183
v 0.16565531492233276 -0.0551113560795784 0.12547829747200012
v 0.17012695968151093 -0.06424257904291153 0.12655240297317505
v 0.13009022176265717 -0.03536418825387955 0.09554513543844223
v 0.1199270486831665 -0.04743115231394768 0.09216048568487167
v 0.10064493864774704 -0.057945024222135544 0.08581092953681946
v 0.07923431694507599 -0.07770350575447083 0.07789875566959381
v 0.08580531924962997 -0.089533731341362 0.06280893087387085
v 0.06302031874656677 -0.09170803427696228 0.0682208314538002
v 0.06424172222614288 -0.08921352028846741 0.0738898292183876
v 0.08254630863666534 -0.08703142404556274 0.048402927815914154
v 0.09605445712804794 -0.07990159094333649 0.034599803388118744
v 0.10765130817890167 -0.07166685163974762 0.021164670586586
v 0.12320474535226822 -0.045045770704746246 0.00649760477244854
v 0.11483200639486313 -0.050764165818691254 -0.0020455028861761093
v 0.11991698294878006 -0.04082754999399185 -0.0037474744021892548
v 0.12491808086633682 -0.03778925538063049 0.0024251025170087814
v 0.12820777297019958 -0.033641014248132706 0.007776804268360138
v 0.12893281877040863 -0.02128620073199272 0.016117800027132034
v 0.12119173258543015 -0.03064764104783535 0.019477814435958862
v 0.12207570672035217 -0.0384293757379055 0.012785786762833595
v 0.10852192342281342 -0.07537831366062164 -0.02590293623507023
v 0.10448195785284042 -0.07664172351360321 -0.03307095915079117
v 0.11224741488695145 -0.07179766893386841 -0.016626998782157898
v 0.09848348051309586 -0.07748982310295105 -0.04206952080130577
v 0.10689844191074371 -0.07471039891242981 -0.043810758739709854
v 0.10390552878379822 -0.06899610161781311 -0.05347350612282753
v 0.09393403679132462 -0.06034272164106369 -0.06198059022426605
v 0.07218111306428909 -0.047110822051763535 -0.06834903359413147
v 0.07976024597883224 -0.054598618298769 -0.06767532229423523
v 0.07790649682283401 -0.024651678279042244 -0.054718829691410065
v 0.09541468322277069 -0.0052829645574092865 -0.02761693485081196
v 0.10242024064064026 -0.005819041281938553 -0.018056215718388557
v 0.07140325009822845 -0.0343201719224453 -0.06193416193127632
v 0.06887666136026382 -0.04157686233520508 -0.06632369756698608
v 0.5968915820121765 -0.31375494599342346 0.09962955117225647
v 0.4512413740158081 -0.33305269479751587 0.32505810260772705
v 0.44307345151901245 -0.33749517798423767 0.33771800994873047
v 0.43649736046791077 -0.34575292468070984 0.33308711647987366
v 0.4440850615501404 -0.3503050208091736 0.32557836174964905
v 0.439527302980423 -0.36178699135780334 0.3314553201198578
v 0.11408430337905884 -0.025005962699651718 0.09583790600299835
v 0.08943953365087509 -0.010614628903567791 0.10099393874406815
v 0.09607113897800446 -0.016931315883994102 0.09885929524898529
v 0.11843287199735641 -0.03443591296672821 0.09401240199804306
v 0.1044866219162941 -0.044023770838975906 0.0904061496257782
v 0.08295964449644089 -0.06416531652212143 0.08228783309459686
v 0.06667380034923553 -0.08624705672264099 0.0766906589269638
v 0.0722370594739914 -0.09177238494157791 0.06071667745709419
v 0.053472183644771576 -0.09166820347309113 0.07034055888652802
v 0.05383037030696869 -0.0927046611905098 0.06627067923545837
v 0.08267472684383392 -0.08185040950775146 0.03356321156024933
v 0.06895522028207779 -0.08767551928758621 0.047046005725860596
v 0.10946662724018097 -0.062124211341142654 0.007995480671525002
v 0.09283475577831268 -0.0716121643781662 0.013783048838376999
v 0.10631797462701797 -0.04909105598926544 -0.010486070066690445
v 0.1126628965139389 -0.041414182633161545 -0.012516910210251808
v 0.12127611041069031 -0.035548675805330276 -0.0026741325855255127
v 0.12496950477361679 -0.031614333391189575 0.0018491987138986588
v 0.13115304708480835 -0.020543141290545464 0.011195531114935875
v 0.1220582127571106 -0.016628067940473557 0.020277321338653564
v 0.11910255998373032 -0.014728210866451263 0.015538233332335949
v 0.11715855449438095 -0.027109505608677864 0.010896248742938042
v 0.09913080185651779 -0.07618667185306549 -0.032349132001399994
v 0.09750735759735107 -0.07321185618638992 -0.027923276647925377
v 0.10708201676607132 -0.053977444767951965 -0.010311311110854149
v 0.08616173267364502 -0.0796172171831131 -0.04658371955156326
v 0.09276184439659119 -0.07623985409736633 -0.05123966559767723
v 0.09191722422838211 -0.0683760717511177 -0.058652620762586594
v 0.0850730836391449 -0.06251125782728195 -0.06422225385904312
v 0.07699255645275116 -0.05630373954772949 -0.06999436020851135
v 0.06837421655654907 -0.05241303890943527 -0.07217776775360107
v 0.07923077046871185 -0.01573588140308857 -0.042352527379989624
v 0.06635959446430206 -0.029312916100025177 -0.05577290430665016
v 0.08652236312627792 -0.007381977513432503 -0.028301501646637917
v 0.06398382782936096 -0.03936683386564255 -0.06400709599256516
v 0.062484029680490494 -0.04701315611600876 -0.06817694008350372
v 0.4518178105354309 -0.34086209535598755 0.33796757459640503
v 0.4244403541088104 -0.3374479413032532 0.3447052836418152
v 0.43512505292892456 -0.35506168007850647 0.34363603591918945
v 0.4333585202693939 -0.35666510462760925 0.3335052728652954
v 0.43371519446372986 -0.3659651279449463 0.34358346462249756
v 0.09627822786569595 -0.026005767285823822 0.09551450610160828
v 0.07434548437595367 -0.010056586004793644 0.10242052376270294
v 0.07629075646400452 -0.021460700780153275 0.10007130354642868
v 0.10527649521827698 -0.03318975493311882 0.09329588711261749
v 0.08721105754375458 -0.05079114809632301 0.0871349573135376
v 0.0682721957564354 -0.07113692164421082 0.08060989528894424
v 0.05412497743964195 -0.08966950327157974 0.07499421387910843
v 0.06009424477815628 -0.09302151203155518 0.06226075813174248
v 0.04709361493587494 -0.09349538385868073 0.06811022013425827
v 0.048649661242961884 -0.0940069705247879 0.06285268813371658
v 0.058347977697849274 -0.0845763236284256 0.04268305003643036
v 0.07134763151407242 -0.07919890433549881 0.026984384283423424
v 0.10194965451955795 -0.05782008916139603 -0.0021104570478200912
v 0.07877521961927414 -0.07096793502569199 0.011161327362060547
v 0.09816734492778778 -0.05149483680725098 -0.013328084722161293
v 0.10414522141218185 -0.04200718179345131 -0.018622813746333122
v 0.11740914732217789 -0.032181065529584885 -0.011050278320908546
v 0.12226685881614685 -0.025516634806990623 -0.003325236961245537
v 0.1260213851928711 -0.024103228002786636 0.005396703258156776
v 0.11674793809652328 -0.004443030804395676 0.009718848392367363
v 0.11080434918403625 -0.013889208436012268 0.002630000002682209
v 0.09011497348546982 -0.07870093733072281 -0.04031854867935181
v 0.09283465147018433 -0.06092408299446106 -0.021783044561743736
v 0.10380740463733673 -0.031053267419338226 -0.004645053297281265
v 0.08822735399007797 -0.04368387162685394 -0.017163457348942757
v 0.08130022138357162 -0.07981359958648682 -0.045880336314439774
v 0.07882072031497955 -0.07990981638431549 -0.0481761209666729
v 0.0809149220585823 -0.07862893491983414 -0.04942382872104645
v 0.08649537712335587 -0.06934793293476105 -0.059170059859752655
v 0.067105233669281 -0.06160645931959152 -0.07406416535377502
v 0.06091158464550972 -0.060157857835292816 -0.07621727883815765
v 0.06439699232578278 -0.02368280664086342 -0.04793054610490799
v 0.05976386368274689 -0.036556683480739594 -0.05924593657255173
v 0.06720194220542908 -0.019375178962945938 -0.039565589278936386
v 0.05871523171663284 -0.046776678413152695 -0.06623940169811249
v 0.057760294526815414 -0.05353563278913498 -0.07331721484661102
v 0.4416639804840088 -0.35622721910476685 0.348405659198761
v 0.43612998723983765 -0.35288622975349426 0.3494240939617157
v 0.4422432780265808 -0.36203640699386597 0.3506998121738434
v 0.4405134618282318 -0.3632776737213135 0.3479869067668915
v 0.08059640228748322 -0.031922511756420135 0.0960962176322937
v 0.060370538383722305 -0.012766653671860695 0.10424617677927017
v 0.05742297321557999 -0.02307724766433239 0.10227903723716736
v 0.09068804234266281 -0.03811982646584511 0.09173373132944107
v 0.07087494432926178 -0.05681512877345085 0.0851345807313919
v 0.054421521723270416 -0.07802687585353851 0.08009710907936096
v 0.04067207872867584 -0.09285175800323486 0.07223924994468689
v 0.053525831550359726 -0.09034284204244614 0.054176174104213715
v 0.036605581641197205 -0.09538319706916809 0.06557638198137283
v 0.040046438574790955 -0.09382958710193634 0.059184879064559937
v 0.053826555609703064 -0.07945102453231812 0.03488938882946968
v 0.06452171504497528 -0.07335102558135986 0.018309548497200012
v 0.08859992772340775 -0.06154121458530426 -0.0029026437550783157
v 0.07370831072330475 -0.06604259461164474 0.003625188022851944
v 0.08990821242332458 -0.053149253129959106 -0.015042762272059917
v 0.09422606229782104 -0.04455723986029625 -0.02164814993739128
v 0.10968924313783646 -0.03135063499212265 -0.019936705008149147
v 0.1198108121752739 -0.018714871257543564 -0.008784506469964981
v 0.1252109557390213 -0.014639411121606827 -0.00012330897152423859
v 0.09606333076953888 -0.019130714237689972 -0.007339512929320335
v 0.08624012023210526 -0.07574303448200226 -0.03663964942097664
v 0.07959634810686111 -0.07031002640724182 -0.03309408575296402
v 0.08655071258544922 -0.028738699853420258 -0.01593383587896824
v 0.07800726592540741 -0.07846607267856598 -0.04420270025730133
v 0.07308508455753326 -0.07983607053756714 -0.04913628101348877
v 0.07190077006816864 -0.07933004200458527 -0.053303755819797516
v 0.07654669880867004 -0.07901188731193542 -0.05079975724220276
v 0.08350774645805359 -0.06768380105495453 -0.06248078495264053
v 0.07952827960252762 -0.06248582527041435 -0.06872238218784332
v 0.05978088825941086 -0.06958542764186859 -0.08002874255180359
v 0.05602552741765976 -0.06355314701795578 -0.0782846137881279
v 0.05735078454017639 -0.0332498624920845 -0.05170014500617981
v 0.05523824319243431 -0.044122230261564255 -0.05889072269201279
v 0.05607234686613083 -0.0334734171628952 -0.048142701387405396
v 0.06820607930421829 -0.022981062531471252 -0.03821238875389099
v 0.08744234591722488 -0.00537288561463356 -0.025825243443250656
v 0.056172747164964676 -0.05187215283513069 -0.06896768510341644
v 0.0547531321644783 -0.060230426490306854 -0.07666533440351486
v 0.4412726163864136 -0.3613916039466858 0.35037732124328613
v 0.44143903255462646 -0.35958582162857056 0.3510482609272003
v 0.45667970180511475 -0.3722246289253235 0.35189154744148254
v 0.4407501220703125 -0.36603671312332153 0.3562937378883362
v 0.06427546590566635 -0.03350664675235748 0.09757965803146362
v 0.0745636522769928 -0.04326547682285309 0.09120001643896103
v 0.05500525236129761 -0.06310958415269852 0.08512476086616516
v 0.04045487195253372 -0.0837031900882721 0.07768584042787552
v 0.02388373203575611 -0.0947352796792984 0.0673753023147583
v 0.045993417501449585 -0.08574959635734558 0.04806513339281082
v 0.02372209168970585 -0.09579472243785858 0.06049146503210068
v 0.02949978969991207 -0.08736467361450195 0.05152054876089096
v 0.0463578999042511 -0.07328768819570541 0.026737965643405914
v 0.05600925534963608 -0.06727245450019836 0.010072016157209873
v 0.08082474768161774 -0.058533452451229095 -0.010275278240442276
v 0.06840266287326813 -0.06223130598664284 -0.0038442909717559814
v 0.08352560549974442 -0.05114692449569702 -0.019581077620387077
v 0.0858021229505539 -0.04286256805062294 -0.023401837795972824
v 0.09979185461997986 -0.03178411349654198 -0.024150066077709198
v 0.11328505724668503 -0.020748984068632126 -0.017349928617477417
v 0.1073143407702446 -0.007492927834391594 -0.0072744498029351234
v 0.07508045434951782 -0.05475931614637375 -0.02848714590072632
v 0.0736631527543068 -0.07433785498142242 -0.040789902210235596
v 0.07545696198940277 -0.03802119567990303 -0.024653589352965355
v 0.09485851228237152 -0.009545750916004181 -0.01637536846101284
v 0.06902021914720535 -0.07686281204223633 -0.047415539622306824
v 0.06615974009037018 -0.07732263207435608 -0.05345502868294716
v 0.06496381759643555 -0.07720206677913666 -0.06359384953975677
v 0.06686560064554214 -0.08323630690574646 -0.06509289145469666
v 0.07370416074991226 -0.0677088052034378 -0.06928935647010803
v 0.06733155995607376 -0.06497550010681152 -0.07637619972229004
v 0.0594383105635643 -0.0757969319820404 -0.08240429311990738
v 0.05446498468518257 -0.07063750177621841 -0.08055810630321503
v 0.05452726408839226 -0.050176944583654404 -0.06275903433561325
v 0.05263354629278183 -0.045992787927389145 -0.054194748401641846
v 0.054411400109529495 -0.04121314361691475 -0.0491807796061039
v 0.07613272219896317 -0.02197001874446869 -0.029108770191669464
v 0.06000692769885063 -0.039351243525743484 -0.04071066528558731
v 0.05550667271018028 -0.057410456240177155 -0.07406780868768692
v 0.052464842796325684 -0.06587953120470047 -0.0782475546002388
v 0.45100635290145874 -0.36801058053970337 0.35256561636924744
v 0.45063045620918274 -0.3661631643772125 0.34967684745788574
v 0.46857017278671265 -0.387539803981781 0.35547345876693726
v 0.45370766520500183 -0.3740749955177307 0.36046528816223145
v 0.04473970830440521 -0.014622347429394722 0.10620282590389252
v 0.05729738250374794 -0.04667486250400543 0.09228985011577606
v 0.040446363389492035 -0.07018628716468811 0.08285421133041382
v 0.02577485889196396 -0.08835899084806442 0.07448607683181763
v 0.010034820064902306 -0.09378799796104431 0.06213672086596489
v 0.03765767440199852 -0.07912509888410568 0.04099820554256439
v 0.013477219268679619 -0.09141072630882263 0.053903013467788696
v 0.022446230053901672 -0.07809511572122574 0.04448099806904793
v 0.044704943895339966 -0.061494287103414536 0.007808409631252289
v 0.03983641415834427 -0.06719037145376205 0.022344276309013367
v 0.07393550872802734 -0.055584222078323364 -0.01485352125018835
v 0.05855392664670944 -0.059023208916187286 -0.007485558744519949
v 0.0771205723285675 -0.04900507628917694 -0.020400142297148705
v 0.0788036361336708 -0.0416259765625 -0.02322976291179657
v 0.09060120582580566 -0.032501328736543655 -0.02606012672185898
v 0.10402475297451019 -0.02031072787940502 -0.023817848414182663
v 0.06781952828168869 -0.06631948053836823 -0.03845326229929924
v 0.0654853880405426 -0.07175926119089127 -0.04484345391392708
v 0.06192731112241745 -0.05132121965289116 -0.03687777370214462
v 0.10144654661417007 -0.006161075085401535 -0.016690261662006378
v 0.0617695227265358 -0.07264725118875504 -0.05086265131831169
v 0.06224222481250763 -0.07606655359268188 -0.06115126982331276
v 0.06556680798530579 -0.08315727114677429 -0.07493510842323303
v 0.06078621745109558 -0.0784132331609726 -0.07453728467226028
v 0.07545588165521622 -0.08472584187984467 -0.07004811614751816
v 0.07947435230016708 -0.08009161800146103 -0.06485222280025482
v 0.06955024600028992 -0.07365510612726212 -0.07717561721801758
v 0.06731419265270233 -0.07773585617542267 -0.08284365385770798
v 0.06157219409942627 -0.0781128779053688 -0.08220034092664719
v 0.05624256283044815 -0.07448521256446838 -0.08136235177516937
v 0.055082160979509354 -0.055966634303331375 -0.07097263634204865
v 0.05300131440162659 -0.05029436945915222 -0.0601503886282444
v 0.05166814476251602 -0.0526413694024086 -0.05651707947254181
v 0.05330108478665352 -0.05031090974807739 -0.050895027816295624
v 0.05228982865810394 -0.06269574910402298 -0.07600373029708862
v 0.05234130471944809 -0.06988683342933655 -0.0788988545536995
v 0.4677921533584595 -0.37107598781585693 0.3476608097553253
v 0.4766165316104889 -0.371568500995636 0.34462809562683105
v 0.47535133361816406 -0.37860432267189026 0.3492948114871979
v 0.4836612343788147 -0.3884119689464569 0.35350650548934937
v 0.024189315736293793 -0.017196068540215492 0.10685939341783524
v 0.004798821173608303 0.0 0.11347958445549011
v 0.04286519065499306 -0.03277100250124931 0.09992510825395584
v 0.0370200052857399 -0.052521541714668274 0.09146450459957123
v 0.028422009199857712 -0.07760651409626007 0.07917734980583191
v 0.008027619682252407 -0.08919096738100052 0.06933575868606567
v -0.0020152078941464424 -0.09176704287528992 0.05802753567695618
v 0.034234434366226196 -0.07285500317811966 0.03439254313707352
v 0.008854812011122704 -0.08030527830123901 0.04805772006511688
v 0.012313839048147202 -0.07181158661842346 0.04202137514948845
v 0.030120283365249634 -0.060676246881484985 0.019830824807286263
v 0.03390215337276459 -0.056582190096378326 0.008153957314789295
v 0.06706506758928299 -0.05285055935382843 -0.017512457445263863
v 0.04528266191482544 -0.05515880137681961 -0.0038676192052662373
v 0.06976789981126785 -0.04669439047574997 -0.021097134798765182
v 0.07416029274463654 -0.03580430895090103 -0.023961348459124565
v 0.08292105793952942 -0.032036662101745605 -0.025756636634469032
v 0.09379610419273376 -0.017722437158226967 -0.02779366262257099
v 0.05956365168094635 -0.06520085036754608 -0.04610592871904373
v 0.054970309138298035 -0.05683030188083649 -0.04814530164003372
v 0.05875314027070999 -0.07264740020036697 -0.05803750455379486
v 0.05828800052404404 -0.0747804194688797 -0.07165086269378662
v 0.079637810587883 -0.08947091549634933 -0.07618820667266846
v 0.05992921069264412 -0.07773817330598831 -0.08021964132785797
v 0.0674399584531784 -0.0833405926823616 -0.08114361763000488
v 0.10364113748073578 -0.09047350287437439 -0.07216905057430267
v 0.10809264332056046 -0.08428771048784256 -0.06741535663604736
v 0.07526122033596039 -0.07269437611103058 -0.07415638864040375
v 0.08062459528446198 -0.07249510288238525 -0.07675664126873016
v 0.07932364195585251 -0.07906926423311234 -0.08238866925239563
v 0.06769336014986038 -0.0810648649930954 -0.08403782546520233
v 0.05556607246398926 -0.07486053556203842 -0.07833829522132874
v 0.05334624648094177 -0.06112281233072281 -0.07264414429664612
v 0.0523948036134243 -0.05489189550280571 -0.06451719254255295
v 0.052078716456890106 -0.05376771464943886 -0.06038077175617218
v 0.05220940709114075 -0.05848576873540878 -0.05690070241689682
v 0.052036985754966736 -0.06597960740327835 -0.07471039891242981
v 0.053366027772426605 -0.07168319821357727 -0.07465243339538574
v 0.4797481894493103 -0.37370431423187256 0.33915048837661743
v 0.49695736169815063 -0.38761740922927856 0.3376874029636383
v 0.487609326839447 -0.3776341676712036 0.34080299735069275
v 0.4869723320007324 -0.38223713636398315 0.3469386100769043
v 0.007548916153609753 -0.02741556614637375 0.10508741438388824
v 0.025219852104783058 -0.03534518554806709 0.09972046315670013
v 0.022396359592676163 -0.06445030868053436 0.08511751890182495
v 0.01129149179905653 -0.07679643481969833 0.07694234699010849
v -0.00845261849462986 -0.08966802060604095 0.06342624127864838
v -0.003765653818845749 -0.08670894801616669 0.05188354477286339
v 0.024922151118516922 -0.06724616885185242 0.03370102122426033
v -0.0036489982157945633 -0.07120268791913986 0.04470902681350708
v 0.0078056324273347855 -0.06361904740333557 0.037345048040151596
v 0.022973839193582535 -0.05358726531267166 0.015596053563058376
v 0.0323886014521122 -0.05241391807794571 0.0020929668098688126
v 0.05713065713644028 -0.051072899252176285 -0.015948696061968803
v 0.04278120398521423 -0.05088728666305542 -0.008816676214337349
v 0.06303800642490387 -0.04172381013631821 -0.02124989591538906
v 0.0666181892156601 -0.029657866805791855 -0.02489306591451168
v 0.0767134353518486 -0.024892741814255714 -0.025261657312512398
v 0.08394548296928406 -0.021199800074100494 -0.027546899393200874
v 0.09895588457584381 0.0 -0.024995874613523483
v 0.05577625334262848 -0.06651821732521057 -0.05463215708732605
v 0.05411536619067192 -0.0658368319272995 -0.060854606330394745
v 0.05526474490761757 -0.07094504684209824 -0.06670665740966797
v 0.08166957646608353 -0.08417116850614548 -0.08642970025539398
v 0.09777344018220901 -0.08901402354240417 -0.0828758105635643
v 0.1337260603904724 -0.08448449522256851 -0.06979145109653473
v 0.1294715851545334 -0.0879400372505188 -0.07434616982936859
v 0.10669512301683426 -0.07990723848342896 -0.06606410443782806
v 0.10004379600286484 -0.07385173439979553 -0.07389048486948013
v 0.09544607996940613 -0.07801628857851028 -0.08118656277656555
v 0.07857798784971237 -0.08111162483692169 -0.08344215154647827
v 0.05218706652522087 -0.061208952218294144 -0.07003049552440643
v 0.051941584795713425 -0.06020262837409973 -0.06677839905023575
v 0.05218377336859703 -0.05872166529297829 -0.06099258363246918
v 0.052019812166690826 -0.06651067733764648 -0.07072960585355759
v 0.49306172132492065 -0.3756147623062134 0.3389563262462616
v 0.49765172600746155 -0.38156867027282715 0.340154230594635
v 0.494484543800354 -0.37775710225105286 0.34167400002479553
v 0.49898862838745117 -0.38348230719566345 0.3423604965209961
v -0.015996508300304413 -0.02136216126382351 0.11081333458423615
v 0.014723445288836956 -0.04679404944181442 0.09503860771656036
v 0.0021308045834302902 -0.06033063307404518 0.0847371369600296
v -0.009136445820331573 -0.07371985167264938 0.07234545052051544
v -0.021321572363376617 -0.08854635804891586 0.06018253415822983
v -0.021125245839357376 -0.0791250616312027 0.05180005356669426
v 0.014489253982901573 -0.055458854883909225 0.027763094753026962
v -0.020185133442282677 -0.06322766095399857 0.046339958906173706
v -0.004643391817808151 -0.05473128333687782 0.03797919303178787
v 0.019772844389081 -0.049451734870672226 0.010515031404793262
v 0.022002888843417168 -0.052253082394599915 -0.006312847603112459
v 0.050671182572841644 -0.04555355757474899 -0.019349925220012665
v 0.029415752738714218 -0.0506221167743206 -0.022272761911153793
v 0.0628063753247261 -0.024731429293751717 -0.02870349772274494
v 0.05733522027730942 -0.03597821295261383 -0.025202320888638496
v 0.06955831497907639 -0.019588682800531387 -0.025253694504499435
v 0.07698443531990051 -0.015873290598392487 -0.024762574583292007
v 0.08239048719406128 0.0 -0.027323197573423386
v 0.05296926572918892 -0.06542185693979263 -0.0661536455154419
v 0.10607442259788513 -0.08854302763938904 -0.08622244745492935
v 0.1208995133638382 -0.0899508148431778 -0.08034656196832657
v 0.1322038769721985 -0.08046084642410278 -0.06771913915872574
v 0.14476418495178223 -0.0823376327753067 -0.07002155482769012
v 0.1522686779499054 -0.07843852043151855 -0.068875253200531
v 0.12743017077445984 -0.07642007619142532 -0.06855771690607071
v 0.12115330249071121 -0.07483406364917755 -0.07716089487075806
v 0.09797292947769165 -0.08421067148447037 -0.08765801787376404
v 0.09219501912593842 -0.08143670856952667 -0.08457943052053452
v 0.4962252676486969 -0.3787117898464203 0.3386225402355194
v 0.49761486053466797 -0.37898340821266174 0.33675193786621094
v -0.03179526701569557 -0.024666734039783478 0.10840058326721191
v -0.00793217308819294 -0.04301610589027405 0.098323754966259
v -0.01766865886747837 -0.056123197078704834 0.0829208493232727
v -0.024060847237706184 -0.07734547555446625 0.06734385341405869
v -0.036509715020656586 -0.08412684500217438 0.057732321321964264
v -0.03707721829414368 -0.06917896866798401 0.05246554687619209
v 0.0018228664994239807 -0.047360923141241074 0.029138095676898956
v -0.02151200734078884 -0.04833897948265076 0.041290849447250366
v -0.013710586354136467 -0.042616620659828186 0.033375535160303116
v 0.011342180892825127 -0.04765825718641281 0.021199697628617287
v 0.003229358233511448 -0.06348849087953568 -0.02151966281235218
v -0.00481418427079916 -0.05665629357099533 -0.0019178716465830803
v 0.039828989654779434 -0.04380469769239426 -0.03284509479999542
v 0.016483739018440247 -0.0570395365357399 -0.04144307225942612
v 0.06812136620283127 -0.017989089712500572 -0.029307246208190918
v 0.05340586602687836 -0.03441164270043373 -0.032665010541677475
v 0.05930890887975693 -0.025851525366306305 -0.03439847752451897
v 0.0701817125082016 -0.009966609068214893 -0.024858778342604637
v 0.07326953113079071 0.0 -0.02427825704216957
v 0.12320814281702042 -0.0874357596039772 -0.08504186570644379
v 0.14101789891719818 -0.08506368100643158 -0.07609368860721588
v 0.15582647919654846 -0.07646243274211884 -0.0687287375330925
v 0.16551342606544495 -0.07248160243034363 -0.06776176393032074
v 0.13850800693035126 -0.07180839776992798 -0.0810890719294548
v 0.1462467908859253 -0.07163354754447937 -0.071380116045475
v 0.1148630902171135 -0.08032107353210449 -0.08693099021911621
v 0.11560846865177155 -0.08549533784389496 -0.08709511160850525
v 0.5027914047241211 -0.3831661343574524 0.3375470042228699
v 0.49968159198760986 -0.3848808705806732 0.3329615294933319
v 0.500361442565918 -0.3909214735031128 0.35150930285453796
v 0.4991600513458252 -0.37060287594795227 0.3367556631565094
v -0.02805175445973873 -0.040946949273347855 0.09966263175010681
v -0.043894775211811066 -0.019569991156458855 0.10788656026124954
v -0.03567608445882797 -0.05067858099937439 0.08249136060476303
v -0.02384771965444088 -0.06403625011444092 0.07333974540233612
v -0.04152771830558777 -0.08630522340536118 0.06465399265289307
v -0.05001692473888397 -0.07518751174211502 0.057255491614341736
v -0.052606821060180664 -0.05769995599985123 0.05346258729696274
v -0.03524898737668991 -0.05233582854270935 0.047893840819597244
v -0.00293758325278759 -0.04218248650431633 0.024299386888742447
v -0.033050358295440674 -0.03796088322997093 0.03728010505437851
v -0.01957709714770317 -0.03724163398146629 0.025256333872675896
v 0.007242236286401749 -0.043657585978507996 0.016156448051333427
v -0.017874788492918015 -0.07817171514034271 -0.032499801367521286
v -0.02558135613799095 -0.0689384937286377 -0.01182249840348959
v 0.026340991258621216 -0.04510563984513283 -0.05338352173566818
v 0.00293847918510437 -0.06801661103963852 -0.047326140105724335
v 0.068455271422863 -0.015300828032195568 -0.0343700647354126
v 0.07066500186920166 -0.012511862441897392 -0.02918778359889984
v 0.03156955912709236 -0.027936004102230072 -0.06407136470079422
v 0.04175681620836258 -0.014227645471692085 -0.06204551085829735
v 0.07047537714242935 0.0 -0.025615474209189415
v 0.13555681705474854 -0.0855708122253418 -0.08193215727806091
v 0.15355587005615234 -0.07893811166286469 -0.07168242335319519
v 0.1489107310771942 -0.07700862735509872 -0.06739065051078796
v 0.16330908238887787 -0.07323931902647018 -0.06752081215381622
v 0.14907056093215942 -0.0790940523147583 -0.0685381293296814
v 0.13870206475257874 -0.07564990222454071 -0.0860789567232132
v 0.16080987453460693 -0.06701044738292694 -0.0702361911535263
v 0.1554976850748062 -0.06687118113040924 -0.07409191131591797
v 0.13497142493724823 -0.0816509872674942 -0.0869804248213768
v 0.5029415488243103 -0.3863067030906677 0.3386266827583313
v 0.5016090869903564 -0.3854864239692688 0.33361268043518066
v 0.49876099824905396 -0.387651264667511 0.33054569363594055
v 0.5021393299102783 -0.38700777292251587 0.3383561372756958
v -0.04477253556251526 -0.037361301481723785 0.10019528120756149
v -0.05805426090955734 -0.018900863826274872 0.10810684412717819
v -0.04752042144536972 -0.05075891315937042 0.07540194690227509
v -0.039897482842206955 -0.06478410214185715 0.06802979856729507
v -0.05467867851257324 -0.06818481534719467 0.058591485023498535
v -0.06243228167295456 -0.0582207515835762 0.05795293673872948
v -0.06428374350070953 -0.04290969297289848 0.05079377442598343
v -0.049174413084983826 -0.040745411068201065 0.04379318282008171
v -0.00693766213953495 -0.03994913026690483 0.018189208582043648
v -0.03683196008205414 -0.03642323240637779 0.020275022834539413
v -0.050176069140434265 -0.03694601729512215 0.0308014377951622
v -0.02354922518134117 -0.05437099561095238 0.004848053678870201
v -0.014360861852765083 -0.08326871693134308 -0.05365549772977829
v -0.003528616391122341 -0.07765446603298187 -0.0655907690525055
v 0.06376665830612183 -0.010651461780071259 -0.04270181804895401
v 0.07642903178930283 -0.00374012254178524 -0.033121056854724884
v 0.07067795097827911 0.0 -0.030050864443182945
v 0.013054519891738892 -0.029854923486709595 -0.08161888271570206
v 0.010104191489517689 -0.01686040498316288 -0.08069681376218796
v 0.15251559019088745 -0.07851351052522659 -0.08167293667793274
v 0.16684848070144653 -0.07254263758659363 -0.07741338759660721
v 0.1653876155614853 -0.07299734652042389 -0.0692044198513031
v 0.1610887348651886 -0.07020865380764008 -0.06821270287036896
v 0.1763552576303482 -0.06980948150157928 -0.0665661096572876
v 0.17440547049045563 -0.0682646632194519 -0.06517696380615234
v 0.15250733494758606 -0.068462073802948 -0.08119240403175354
v 0.16997165977954865 -0.06381058692932129 -0.06770627945661545
v 0.16870516538619995 -0.061376698315143585 -0.07135960459709167
v 0.15258421003818512 -0.07264423370361328 -0.08376798033714294
v 0.5120090842247009 -0.39095526933670044 0.3389759659767151
v 0.5092685222625732 -0.3921099305152893 0.33842381834983826
v 0.5083213448524475 -0.3965951204299927 0.3364132344722748
v 0.5132392048835754 -0.392636775970459 0.3367947041988373
v -0.05410204827785492 -0.026982296258211136 0.09797563403844833
v -0.06670695543289185 -0.013464448973536491 0.1021106019616127
v -0.06015313044190407 -0.04231025278568268 0.07561343163251877
v -0.05479073524475098 -0.05444315820932388 0.06791657209396362
v -0.06370937824249268 -0.05522267147898674 0.06102266162633896
v -0.07321224361658096 -0.045378539711236954 0.0572805292904377
v -0.07698715478181839 -0.039789337664842606 0.04695669561624527
v -0.06284087896347046 -0.03852146863937378 0.03884567320346832
v -0.021189773455262184 -0.03989017754793167 0.01028456725180149
v -0.06500346213579178 -0.039575427770614624 0.025212278589606285
v -0.0535104013979435 -0.03875577822327614 0.01459401287138462
v -0.03417709097266197 -0.06270667910575867 -0.008821163326501846
v -0.036929693073034286 -0.08017454296350479 -0.02780468575656414
v 0.014300325885415077 -0.04804311692714691 -0.07373849302530289
v -0.03292659670114517 -0.08767969161272049 -0.04523126408457756
v -0.018925055861473083 -0.08731918781995773 -0.0663481131196022
v -0.01667041704058647 -0.08811439573764801 -0.08046746253967285
v 0.011861689388751984 -0.06159451976418495 -0.06160316243767738
v 0.0014450065791606903 -0.06797890365123749 -0.07931863516569138
v 0.07806944102048874 -0.0034560570493340492 -0.040446482598781586
v 0.0371706560254097 -0.008806738071143627 -0.06172763183712959
v 0.08964181691408157 0.0 -0.04139559715986252
v -0.004126260057091713 -0.025663947686553 -0.09184406697750092
v -0.013178268447518349 -0.013551145792007446 -0.0867006704211235
v 0.16863998770713806 -0.06834246218204498 -0.08092796802520752
v 0.18544267117977142 -0.06345347315073013 -0.08013664186000824
v 0.17853279411792755 -0.07003219425678253 -0.07218793034553528
v 0.17244945466518402 -0.06723716855049133 -0.06492757052183151
v 0.18870750069618225 -0.06861161440610886 -0.06702135503292084
v 0.18433615565299988 -0.06654340028762817 -0.06299198418855667
v 0.16730771958827972 -0.06066437065601349 -0.07670997083187103
v 0.1678551435470581 -0.06191670522093773 -0.08023836463689804
v 0.5203076004981995 -0.40725648403167725 0.3416058123111725
v 0.5215206742286682 -0.3981700837612152 0.3488755226135254
v 0.5229918360710144 -0.40964072942733765 0.33735257387161255
v 0.5272634029388428 -0.39700353145599365 0.3342283070087433
v -0.06458810716867447 -0.022023623809218407 0.09667284786701202
v -0.07490847259759903 -0.006996796000748873 0.10017188638448715
v -0.04947595298290253 -0.03978751227259636 0.08656250685453415
v -0.06169112026691437 -0.03211328759789467 0.08600685745477676
v -0.0710216537117958 -0.03709804639220238 0.07732956111431122
v -0.06621433049440384 -0.04574112966656685 0.06871004402637482
v -0.07187943160533905 -0.048791687935590744 0.06156012415885925
v -0.0831473171710968 -0.039764754474163055 0.05357208847999573
v -0.08537191152572632 -0.04032866284251213 0.03611644357442856
v -0.07622410356998444 -0.04041389375925064 0.0325283408164978
v -0.04626893252134323 -0.04225580021739006 0.0037059676833450794
v -0.07904379069805145 -0.043452177196741104 0.019268646836280823
v -0.06896395981311798 -0.04416476935148239 0.00989511888474226
v -0.0479595847427845 -0.057364124804735184 -0.004908361472189426
v -0.04741920530796051 -0.07626193016767502 -0.02463034726679325
v 0.0016463864594697952 -0.0445164255797863 -0.08971209824085236
v -0.04405197128653526 -0.0870104432106018 -0.03861581161618233
v -0.03337285295128822 -0.09273246675729752 -0.06004763022065163
v -0.034396469593048096 -0.09782613068819046 -0.07700276374816895
v -0.03489494323730469 -0.10023673623800278 -0.08620432019233704
v -0.012825971469283104 -0.0792674794793129 -0.08976400643587112
v 0.08102012425661087 0.0 -0.039104145020246506
v 0.05931186303496361 -0.005521286278963089 -0.043094832450151443
v 0.011085636913776398 -0.007985851727426052 -0.07009395211935043
v -0.022643495351076126 -0.025225382298231125 -0.09405384957790375
v -0.0283050537109375 -0.014536106958985329 -0.08580304682254791
v 0.18050137162208557 -0.05565675348043442 -0.07997994124889374
v 0.19332227110862732 -0.06606656312942505 -0.0742735043168068
v 0.20146465301513672 -0.05656055733561516 -0.07856039702892303
v 0.18320488929748535 -0.06312312185764313 -0.06113317236304283
v 0.17874613404273987 -0.060068707913160324 -0.06308101117610931
v 0.20430323481559753 -0.06494949758052826 -0.06808935105800629
v 0.20099323987960815 -0.06582054495811462 -0.060287490487098694
v 0.17948298156261444 -0.055208720266819 -0.06821051239967346
v 0.17778444290161133 -0.05504283308982849 -0.0726458951830864
v 0.17881342768669128 -0.053859367966651917 -0.0767541378736496
v 0.5390084385871887 -0.42096370458602905 0.34235385060310364
v 0.5331697463989258 -0.4235325753688812 0.34022316336631775
v 0.5384942293167114 -0.421130895614624 0.33619225025177
v 0.5567681789398193 -0.416456401348114 0.3395410180091858
v -0.07643548399209976 -0.016781751066446304 0.0956975445151329
v -0.07723027467727661 -0.026850366964936256 0.08759762346744537
v -0.09077660739421844 -0.035239528864622116 0.07898624241352081
v -0.08016534894704819 -0.04108882695436478 0.06943134218454361
v -0.08275087177753448 -0.042710114270448685 0.06071334332227707
v -0.09127634763717651 -0.03893975540995598 0.04399770125746727
v -0.09231434762477875 -0.042969293892383575 0.03003997728228569
v -0.08646583557128906 -0.0432034470140934 0.025713421404361725
v -0.06896615028381348 -0.052940428256988525 -0.005689798388630152
v -0.058601733297109604 -0.04345817118883133 0.003321598982438445
v -0.0890769436955452 -0.04664304479956627 0.014252809807658195
v -0.0815482884645462 -0.04725678265094757 0.0064400420524179935
v -0.06508498638868332 -0.06790941953659058 -0.012856259942054749
v -0.06271504610776901 -0.07705487310886383 -0.0314803309738636
v -0.014100927859544754 -0.04271559417247772 -0.09877420961856842
v -0.04919056594371796 -0.09353965520858765 -0.052100881934165955
v -0.05639154464006424 -0.09002795815467834 -0.04707688093185425
v -0.049323201179504395 -0.104969821870327 -0.08750986307859421
v -0.04937601089477539 -0.1040695458650589 -0.08434435725212097
v -0.02489774487912655 -0.09203688055276871 -0.09087549149990082
v -0.0091616315767169 -0.06226582080125809 -0.0951479822397232
v 0.06934551149606705 0.0 -0.03625299409031868
v 0.03584926947951317 -0.005217995028942823 -0.05425762012600899
v -0.015233643352985382 -0.01005474478006363 -0.0758586972951889
v -0.04021558165550232 -0.013218999840319157 -0.07747966796159744
v -0.0388491153717041 -0.02387179806828499 -0.09032879024744034
v 0.19568109512329102 -0.05024624615907669 -0.08022458851337433
v 0.21625319123268127 -0.05278012529015541 -0.07413039356470108
v 0.2091921716928482 -0.05951836705207825 -0.07239339500665665
v 0.19200369715690613 -0.053575366735458374 -0.057823456823825836
v 0.19591504335403442 -0.060427624732255936 -0.05678211525082588
v 0.21455055475234985 -0.06248338520526886 -0.06129629164934158
v 0.2184986174106598 -0.06143181025981903 -0.056028854101896286
v 0.18631970882415771 -0.04762843996286392 -0.06850679218769073
v 0.18724507093429565 -0.05121861398220062 -0.06350857764482498
v 0.18995288014411926 -0.04775477945804596 -0.07671456784009933
v 0.552461564540863 -0.43000274896621704 0.34321242570877075
v 0.5457135438919067 -0.43729299306869507 0.3430468440055847
v 0.5626099705696106 -0.42257529497146606 0.3329894542694092
v 0.5529951453208923 -0.42887213826179504 0.33580613136291504
v -0.08592276275157928 -0.013170838356018066 0.09292780607938766
v -0.10570968687534332 -0.0008282893104478717 0.08753260225057602
v -0.09249382466077805 -0.029877247288823128 0.08664051443338394
v -0.10451344400644302 -0.03457789495587349 0.07967238128185272
v -0.09525276720523834 -0.038963865488767624 0.0700647160410881
v -0.09713175892829895 -0.037039615213871 0.05778679624199867
v -0.10009196400642395 -0.04101993143558502 0.03332402929663658
v -0.07442377507686615 -0.04877614229917526 -0.002006866969168186
v -0.08781690895557404 -0.060860686004161835 -0.013453689403831959
v -0.09370254725217819 -0.045294955372810364 0.019927524030208588
v -0.09042932093143463 -0.0492568165063858 -0.004426770843565464
v -0.09391509741544724 -0.04885810986161232 0.001303545548580587
v -0.08454830199480057 -0.07105324417352676 -0.016306588426232338
v -0.07612928003072739 -0.07734140008687973 -0.019868172705173492
v -0.0369858592748642 -0.04375118389725685 -0.10188723355531693
v -0.05791081488132477 -0.09193340688943863 -0.052820004522800446
v -0.046260394155979156 -0.09793298691511154 -0.07133711129426956
v -0.05136315897107124 -0.09439466893672943 -0.06207175552845001
v -0.03696298226714134 -0.09758367389440536 -0.09267427027225494
v 0.0461464449763298 -0.004726426210254431 -0.03865814208984375
v 0.05275372043251991 0.0 -0.02389625832438469
v 0.018645761534571648 -0.006246646400541067 -0.05103752017021179
v -0.03511223569512367 -0.00909936148673296 -0.065097376704216
v -0.04937512427568436 -0.020895706489682198 -0.07957819104194641
v -0.05538395792245865 -0.03464830294251442 -0.09044874459505081
v 0.2155739665031433 -0.04455351084470749 -0.07768191397190094
v 0.22270092368125916 -0.05393587052822113 -0.06900599598884583
v 0.22753462195396423 -0.045871615409851074 -0.07277648150920868
v 0.19606474041938782 -0.04500569403171539 -0.059301212430000305
v 0.2117055058479309 -0.05949368327856064 -0.05164196342229843
v 0.20761704444885254 -0.048172734677791595 -0.05111102759838104
v 0.2178455889225006 -0.05972404032945633 -0.06508056819438934
v 0.22702550888061523 -0.0593542754650116 -0.054223768413066864
v 0.22771932184696198 -0.058938656002283096 -0.05796892195940018
v 0.20013520121574402 -0.03942990303039551 -0.06656090170145035
v 0.2062664031982422 -0.04226820915937424 -0.07614706456661224
v 0.5669307708740234 -0.44429856538772583 0.35085418820381165
v 0.55914705991745 -0.44396740198135376 0.35214734077453613
v 0.5619727373123169 -0.43895843625068665 0.3435855209827423
v 0.5694169998168945 -0.43589115142822266 0.3420525789260864
v -0.10487702488899231 -0.007689977064728737 0.08581551909446716
v -0.08880175650119781 -0.02159341238439083 0.09183242917060852
v -0.11560339480638504 -0.0021794294007122517 0.08416961878538132
v -0.10534635186195374 -0.03354766592383385 0.08566784858703613
v -0.11859124898910522 -0.029972901567816734 0.07650110125541687
v -0.10583729296922684 -0.03543788567185402 0.07027769833803177
v -0.1066288873553276 -0.037668634206056595 0.04428839311003685
v -0.10986077785491943 -0.03890511766076088 0.028968827798962593
v -0.10308822244405746 -0.04362303391098976 0.019625786691904068
v -0.09905485808849335 -0.04701913520693779 0.008985289372503757
v -0.09954283386468887 -0.058165110647678375 -0.014993331395089626
v -0.10696230828762054 -0.06289499253034592 -0.030487457290291786
v -0.09982497990131378 -0.06859563291072845 -0.025624144822359085
v -0.09362021833658218 -0.07490798830986023 -0.024037647992372513
v -0.05393008142709732 -0.05288852006196976 -0.09831631928682327
v -0.0269429050385952 -0.06250589340925217 -0.10369773954153061
v -0.05826489254832268 -0.08943679183721542 -0.06114351749420166
v -0.07836075127124786 -0.08013541996479034 -0.04145139083266258
v -0.04033195599913597 -0.08605711162090302 -0.09954055398702621
v -0.023434516042470932 -0.08183994144201279 -0.09712813794612885
v -0.05761377513408661 -0.10374379903078079 -0.09015065431594849
v -0.05019098520278931 -0.100362628698349 -0.0936293751001358
v -0.05396128445863724 -0.09725727140903473 -0.07476947456598282
v -0.051898449659347534 -0.10398036241531372 -0.08572664856910706
v 0.029198015108704567 -0.0024394530337303877 -0.030368752777576447
v -0.009182094596326351 -0.004986525047570467 -0.041835982352495193
v -0.05408412218093872 -0.013055500574409962 -0.048516836017370224
v -0.054935019463300705 -0.015382430516183376 -0.06476344168186188
v -0.05786939710378647 -0.024821924045681953 -0.07527545094490051
v -0.06380191445350647 -0.03452638164162636 -0.07805536687374115
v 0.22899214923381805 -0.038822367787361145 -0.07281637191772461
v 0.2422800362110138 -0.03838248550891876 -0.06648966670036316
v 0.2376680076122284 -0.047243304550647736 -0.06595327705144882
v 0.20781971514225006 -0.03750854730606079 -0.05651610717177391
v 0.22257593274116516 -0.05213700234889984 -0.04348844289779663
v 0.2246405929327011 -0.0596187487244606 -0.04978790506720543
v 0.23209241032600403 -0.054706841707229614 -0.06093306094408035
v 0.2380199432373047 -0.05780787020921707 -0.055200763046741486
v 0.23581886291503906 -0.05977444350719452 -0.052370861172676086
v 0.2138289362192154 -0.033963270485401154 -0.06588134169578552
v 0.22270721197128296 -0.03648628294467926 -0.07257828861474991
v 0.557362973690033 -0.4469841718673706 0.34846222400665283
v 0.5630443692207336 -0.4490364193916321 0.34203705191612244
v 0.5708754062652588 -0.4486182630062103 0.34638524055480957
v 0.5752903819084167 -0.45081421732902527 0.344075471162796
v -0.11838582903146744 -0.0075703952461481094 0.07893072813749313
v -0.10623735934495926 -0.020659176632761955 0.0864296406507492
v -0.10443370789289474 -0.02908759005367756 0.09123566746711731
v -0.1129998117685318 -0.03507668897509575 0.0884811207652092
v -0.11969789117574692 -0.033112235367298126 0.08588507771492004
v -0.12513484060764313 -0.03306065499782562 0.08861849457025528
v -0.11937891691923141 -0.026666240766644478 0.06665623188018799
v -0.11521762609481812 -0.03211032599210739 0.05961022526025772
v -0.12194610387086868 -0.032047148793935776 0.02985881082713604
v -0.11628879606723785 -0.038382358849048615 0.016327427700161934
v -0.11094249784946442 -0.0424308106303215 0.004297940991818905
v -0.10705283284187317 -0.045765530318021774 -0.002667716471478343
v -0.10482984781265259 -0.047009699046611786 -0.005596983712166548
v -0.11354932188987732 -0.05876898393034935 -0.032917242497205734
v -0.11336315423250198 -0.05479726940393448 -0.022698113694787025
v -0.11091037094593048 -0.06216128170490265 -0.043653130531311035
v -0.10459451377391815 -0.06471363455057144 -0.035851042717695236
v -0.09968562424182892 -0.06728776544332504 -0.0356513150036335
v -0.09414210170507431 -0.07557222247123718 -0.022941570729017258
v -0.07348605245351791 -0.07655368000268936 -0.0219293013215065
v -0.06927910447120667 -0.0741102322936058 -0.03161811828613281
v -0.045932769775390625 -0.0660504549741745 -0.102991484105587
v -0.06422929465770721 -0.04871459677815437 -0.08838032186031342
v -0.06918487697839737 -0.0854756310582161 -0.05013315752148628
v -0.06290050595998764 -0.08001009374856949 -0.06532914936542511
v -0.05643569305539131 -0.09217303991317749 -0.0687386691570282
v -0.0602429062128067 -0.08080355823040009 -0.05459152162075043
v -0.0743594616651535 -0.07470075786113739 -0.03653648495674133
v -0.05385827273130417 -0.08432263135910034 -0.09844265878200531
v -0.05358341336250305 -0.103071428835392 -0.08719009160995483
v -0.05506283789873123 -0.0939844399690628 -0.08927087485790253
v -0.05300978571176529 -0.10282611846923828 -0.09000487625598907
v -0.055781520903110504 -0.11024393141269684 -0.0840921401977539
v -0.058903954923152924 -0.11110929399728775 -0.0836322158575058
v 0.004190966486930847 -0.001326650963164866 -0.01755785569548607
v 0.01688409596681595 1.5592726413160563e-05 -0.010305770672857761
v -0.04486299678683281 -0.01038279477506876 -0.029986107721924782
v -0.06898080557584763 -0.02299686148762703 -0.048183880746364594
v -0.07267628610134125 -0.020739996805787086 -0.033460672944784164
v -0.06508184224367142 -0.026950091123580933 -0.06482798606157303
v -0.06991090625524521 -0.04193288832902908 -0.06866688281297684
v 0.2377685010433197 -0.03400701284408569 -0.06684593856334686
v 0.25673967599868774 -0.03425392508506775 -0.05477020889520645
v 0.25191521644592285 -0.043069735169410706 -0.05845776945352554
v 0.22165483236312866 -0.04196656495332718 -0.044764526188373566
v 0.23599784076213837 -0.0586526095867157 -0.03928676247596741
v 0.2355499416589737 -0.061064839363098145 -0.04798649251461029
v 0.24538013339042664 -0.052319206297397614 -0.05841224640607834
v 0.257413774728775 -0.06714728474617004 -0.04552977532148361
v 0.2538314461708069 -0.07097290456295013 -0.042429231107234955
v 0.22629520297050476 -0.030260644853115082 -0.05380520224571228
v 0.23347797989845276 -0.02901916205883026 -0.06263531744480133
v 0.5705246329307556 -0.4647708535194397 0.33880680799484253
v 0.5624663829803467 -0.4547233581542969 0.3489587903022766
v 0.5852813720703125 -0.468063086271286 0.3409135937690735
v 0.5740203857421875 -0.4574523866176605 0.34958505630493164
v -0.14345870912075043 -0.020515814423561096 0.07120790332555771
v -0.1129821389913559 -0.019963784143328667 0.0832468792796135
v -0.11260076612234116 -0.030115913599729538 0.08693431317806244
v -0.11883780360221863 -0.02378026209771633 0.07990150153636932
v -0.12365634739398956 -0.028053071349859238 0.057772647589445114
v -0.12149166315793991 -0.030744677409529686 0.04530604928731918
v -0.12685005366802216 -0.03268612548708916 0.018934350460767746
v -0.1342191845178604 -0.027653297409415245 0.03473779559135437
v -0.11790582537651062 -0.03961719200015068 -0.006843985989689827
v -0.11544160544872284 -0.042335670441389084 -0.00862925872206688
v -0.1190531998872757 -0.056606877595186234 -0.041046105325222015
v -0.11547007411718369 -0.06002265587449074 -0.04306017979979515
v -0.11122801154851913 -0.061454109847545624 -0.04859980195760727
v -0.10326418280601501 -0.06358011066913605 -0.045039575546979904
v -0.10010027885437012 -0.06220095232129097 -0.041660457849502563
v -0.09726350754499435 -0.06648173928260803 -0.02906968630850315
v -0.09045186638832092 -0.07028696686029434 -0.022505685687065125
v -0.0808960348367691 -0.07423169165849686 -0.020807422697544098
v -0.07223643362522125 -0.0731474906206131 -0.02937416173517704
v -0.07040780782699585 -0.05829159915447235 -0.07634956389665604
v -0.06459586322307587 -0.07405909895896912 -0.08060477674007416
v -0.05685775727033615 -0.08892298489809036 -0.07914181798696518
v -0.05296293646097183 -0.09904225915670395 -0.07774357497692108
v -0.06545113772153854 -0.06955456733703613 -0.05628731846809387
v -0.08342001587152481 -0.07982876151800156 -0.046049878001213074
v -0.06580283492803574 -0.07351366430521011 -0.0463668629527092
v -0.07462365925312042 -0.07070750743150711 -0.034342970699071884
v -0.0796620100736618 -0.07498662918806076 -0.0437193401157856
v -0.058838509023189545 -0.08144275099039078 -0.09014452248811722
v -0.05916283279657364 -0.06610772758722305 -0.0970773920416832
v -0.05257181450724602 -0.10568827390670776 -0.0840313583612442
v -0.05147526413202286 -0.0999903455376625 -0.08049578219652176
v -0.053916506469249725 -0.11363627761602402 -0.08756029605865479
v -0.06833353638648987 -0.10446219891309738 -0.08554767072200775
v -0.06150616705417633 -0.11457084119319916 -0.07690209895372391
v -0.053319357335567474 -0.11474061012268066 -0.08468739688396454
v 0.013996060937643051 0.0 0.009644370526075363
v -0.02168409898877144 -0.009020879864692688 -0.010468540713191032
v -0.059416722506284714 -0.01922377571463585 -0.019906479865312576
v -0.0833614319562912 -0.029466398060321808 -0.028538532555103302
v -0.08536821603775024 -0.03313565254211426 -0.038856517523527145
v -0.07448958605527878 -0.03736571595072746 -0.05212409049272537
v -0.07185967266559601 -0.05328791216015816 -0.05283265560865402
v 0.24964964389801025 -0.03139059990644455 -0.05872330814599991
v 0.26823997497558594 -0.03159557282924652 -0.04370057210326195
v 0.2720681428909302 -0.03858402371406555 -0.048403121531009674
v 0.23882782459259033 -0.04676644504070282 -0.032398056238889694
v 0.25466668605804443 -0.0687350183725357 -0.03157879039645195
v 0.2547023296356201 -0.05952339619398117 -0.021474499255418777
v 0.27030813694000244 -0.06090540438890457 -0.046413205564022064
v 0.27921998500823975 -0.0843217670917511 -0.041534896939992905
v 0.274554044008255 -0.07845331728458405 -0.031001374125480652
v 0.23757869005203247 -0.03375278413295746 -0.04091590270400047
v 0.24011282622814178 -0.02821747213602066 -0.04973335564136505
v 0.5837782621383667 -0.47936397790908813 0.3399945795536041
v 0.5840189456939697 -0.47500908374786377 0.3432268798351288
v 0.5795334577560425 -0.474026620388031 0.34641048312187195
v 0.57966548204422 -0.47905147075653076 0.3403599262237549
v -0.1732751727104187 -0.02124090865254402 0.07041559368371964
v -0.12090017646551132 -0.031075816601514816 0.08379539102315903
v -0.11806792765855789 -0.04359257221221924 0.09079878032207489
v -0.11473727971315384 -0.03886895254254341 0.09318652749061584
v -0.12556038796901703 -0.022147901356220245 0.0654538944363594
v -0.11654120683670044 -0.035382796078920364 0.10619734227657318
v -0.13693514466285706 -0.028077125549316406 0.047484446316957474
v -0.13824363052845 -0.03143918141722679 0.02239605411887169
v -0.1325780749320984 -0.03776140883564949 0.006359051447361708
v -0.1230643093585968 -0.03415903076529503 0.0010596951469779015
v -0.11755862832069397 -0.05266880244016647 -0.02186759188771248
v -0.12201187014579773 -0.057423025369644165 -0.049132876098155975
v -0.11735057830810547 -0.0595865361392498 -0.04871075600385666
v -0.10210420191287994 -0.06107310950756073 -0.05053547024726868
v -0.10678963363170624 -0.06153028458356857 -0.050218164920806885
v -0.096237413585186 -0.06225867196917534 -0.033986326307058334
v -0.09334253519773483 -0.06253425031900406 -0.026557886973023415
v -0.08599463105201721 -0.06229238957166672 -0.021104853600263596
v -0.07976064085960388 -0.06910625845193863 -0.021577779203653336
v -0.07734687626361847 -0.07100827246904373 -0.026019224897027016
v -0.06234866380691528 -0.06571109592914581 -0.08948472887277603
v -0.06373906880617142 -0.07180871069431305 -0.08256678283214569
v -0.06903012096881866 -0.06879982352256775 -0.06760967522859573
v -0.06302031129598618 -0.06796691566705704 -0.04938390105962753
v -0.08416105806827545 -0.07087520509958267 -0.04398403316736221
v -0.08159578591585159 -0.07036200165748596 -0.04552832618355751
v -0.05489465221762657 -0.1114688590168953 -0.0784970074892044
v -0.055416252464056015 -0.10909902304410934 -0.07974334061145782
v -0.05370866134762764 -0.11350114643573761 -0.08494363725185394
v -0.06797561794519424 -0.11512047052383423 -0.07985316216945648
v -0.059866763651371 -0.11950040608644485 -0.07254045456647873
v -0.054032400250434875 -0.11858847737312317 -0.07940078526735306
v -0.009124279022216797 0.0 0.029266703873872757
v -0.027976585552096367 -0.014163360930979252 0.00028139608912169933
v -0.07617291063070297 -0.026118816807866096 -0.018602080643177032
v -0.0898294672369957 -0.038751181215047836 -0.03395366668701172
v -0.08822397887706757 -0.03257768228650093 -0.025175627321004868
v -0.07122249156236649 -0.053065307438373566 -0.048159409314394
v -0.09292980283498764 -0.05151444673538208 -0.045950960367918015
v 0.2622288763523102 -0.030295036733150482 -0.04182671383023262
v 0.2890409231185913 -0.04769463837146759 -0.03295319527387619
v 0.27890467643737793 -0.033194586634635925 -0.03763836622238159
v 0.26087838411331177 -0.05019222944974899 -0.014466699212789536
v 0.27148520946502686 -0.06762456893920898 -0.019611988216638565
v 0.27244246006011963 -0.05774860084056854 -0.011155914515256882
v 0.2891819179058075 -0.06193235516548157 -0.037809818983078
v 0.29018840193748474 -0.07270641624927521 -0.03244590014219284
v 0.2862826883792877 -0.06957968324422836 -0.020730212330818176
v 0.252442866563797 -0.03694652020931244 -0.03026530146598816
v 0.25218284130096436 -0.030395500361919403 -0.040368057787418365
v 0.5965585708618164 -0.4834498167037964 0.3417743444442749
v 0.6015030741691589 -0.48393505811691284 0.33706510066986084
v 0.5834536552429199 -0.4872468411922455 0.3394324779510498
v 0.582170307636261 -0.4864816665649414 0.3393857479095459
v -0.18597981333732605 -0.015429412946105003 0.05561619997024536
v -0.174861341714859 -0.03348883241415024 0.05631782487034798
v -0.12109445035457611 -0.015349120832979679 0.07577069848775864
v -0.13188432157039642 -0.06352004408836365 0.1087261289358139
v -0.15247701108455658 -0.023728113621473312 0.031948212534189224
v -0.16576771438121796 -0.03922891616821289 0.02120698057115078
v -0.130188450217247 -0.03315632790327072 -0.003981211222708225
v -0.1304207146167755 -0.026300810277462006 -0.010315144434571266
v -0.12386621534824371 -0.03042425960302353 -0.00908593274652958
v -0.12215164303779602 -0.05230427905917168 -0.037865083664655685
v -0.1223611906170845 -0.05943981930613518 -0.05494847893714905
v -0.1271967887878418 -0.05755777284502983 -0.054057344794273376
v -0.1262488067150116 -0.05216948688030243 -0.04816032201051712
v -0.11444025486707687 -0.06055357679724693 -0.05308326333761215
v -0.11109769344329834 -0.0618789978325367 -0.05875930190086365
v -0.1024223193526268 -0.060909949243068695 -0.05859421566128731
v -0.09639525413513184 -0.058551888912916183 -0.04959717392921448
v -0.09558770805597305 -0.059146858751773834 -0.04022073373198509
v -0.0912349745631218 -0.05596866458654404 -0.023368334397673607
v -0.07284339517354965 -0.05330861359834671 -0.019665906205773354
v -0.0676560029387474 -0.06438267230987549 -0.024117829278111458
v -0.07710947841405869 -0.066904716193676 -0.02886495366692543
v -0.07470549643039703 -0.0669979527592659 -0.034251920878887177
v -0.09595520794391632 -0.0604328028857708 -0.03810771927237511
v -0.08486667275428772 -0.06481369584798813 -0.03516367822885513
v -0.05754869058728218 -0.1157720685005188 -0.08522848784923553
v -0.06526681780815125 -0.11341361701488495 -0.07621382176876068
v -0.05498228222131729 -0.11723446846008301 -0.08422770351171494
v -0.05758028104901314 -0.11800510436296463 -0.08621347695589066
v -0.06799925118684769 -0.11916505545377731 -0.07468371838331223
v -0.06924298405647278 -0.11988600343465805 -0.07601600140333176
v -0.05966205894947052 -0.1221913993358612 -0.06854543089866638
v -0.05702591314911842 -0.12060418725013733 -0.0778195932507515
v -0.06982643157243729 -0.12381383776664734 -0.0673128217458725
v -0.05465512350201607 -0.024827279150485992 -0.012738054618239403
v -0.040098659694194794 -0.02273472025990486 0.007548270747065544
v -0.08273710310459137 -0.04295776039361954 -0.025019854307174683
v 0.2735794484615326 -0.031150810420513153 -0.03319375216960907
v 0.2961692214012146 -0.05546415597200394 -0.029666930437088013
v 0.29583442211151123 -0.04597470164299011 -0.024683840572834015
v 0.2756108045578003 -0.05112446844577789 -0.008143078535795212
v 0.28550878167152405 -0.06395583599805832 -0.011996127665042877
v 0.28523945808410645 -0.05558459460735321 -0.006126824766397476
v 0.29642242193222046 -0.061987847089767456 -0.03227224573493004
v 0.30077505111694336 -0.06705178320407867 -0.02242882549762726
v 0.2977493405342102 -0.06578657776117325 -0.014848478138446808
v 0.27242332696914673 -0.044094718992710114 -0.011674035340547562
v 0.26755794882774353 -0.0332646369934082 -0.02858300879597664
v 0.5915449857711792 -0.48845982551574707 0.3426083028316498
v 0.599660336971283 -0.4858941435813904 0.32431724667549133
v 0.6052423715591431 -0.4877486824989319 0.34024080634117126
v 0.5895659327507019 -0.48984742164611816 0.32867714762687683
v 0.5882638692855835 -0.48322203755378723 0.3393663465976715
v 0.5832566022872925 -0.49294525384902954 0.33462098240852356
v -0.19049841165542603 -0.02032238431274891 0.04821161925792694
v -0.18035626411437988 -0.0314662791788578 0.03826594725251198
v -0.18074356019496918 -0.03252802789211273 0.026234274730086327
v -0.15389582514762878 -0.035456690937280655 0.009583068080246449
v -0.14212270081043243 -0.028758738189935684 -0.0016755914548411965
v -0.1424296349287033 -0.012807604856789112 -0.011242678388953209
v -0.14013269543647766 -0.01779634691774845 -0.006916940212249756
v -0.12597079575061798 -0.03743391111493111 -0.017293479293584824
v -0.1255565583705902 -0.043533504009246826 -0.036797747015953064
v -0.13050128519535065 -0.054188355803489685 -0.052711427211761475
v -0.13528814911842346 -0.060476720333099365 -0.05907931178808212
v -0.1271262764930725 -0.06356646120548248 -0.06142150238156319
v -0.12758693099021912 -0.047363363206386566 -0.04857245832681656
v -0.11958668380975723 -0.061868928372859955 -0.059349603950977325
v -0.10961368680000305 -0.06423907727003098 -0.07071612030267715
v -0.09793756902217865 -0.05941467732191086 -0.06126297637820244
v -0.09311706572771072 -0.06068366393446922 -0.030262311920523643
v -0.09415513277053833 -0.05633679777383804 -0.05471591651439667
v -0.09150166809558868 -0.05362479016184807 -0.048581562936306
v -0.09371095895767212 -0.057970449328422546 -0.03288284316658974
v -0.08799102157354355 -0.05772920697927475 -0.026588547974824905
v -0.08489708602428436 -0.05412564426660538 -0.02400333620607853
v -0.07119538635015488 -0.04737541079521179 -0.0038803196512162685
v -0.06490495800971985 -0.1180260181427002 -0.08482203632593155
v -0.06520123779773712 -0.11466731131076813 -0.08236856758594513
v -0.0575716570019722 -0.12156979739665985 -0.08475597202777863
v -0.06162681803107262 -0.1253119260072708 -0.08621552586555481
v -0.07237007468938828 -0.1237802654504776 -0.07353278249502182
v -0.059514693915843964 -0.13382183015346527 -0.06073298305273056
v -0.05659792944788933 -0.1265658736228943 -0.06999216973781586
v -0.06529063731431961 -0.12746834754943848 -0.0632108822464943
v -0.03853384405374527 -0.02782752364873886 0.012002278119325638
v 0.29100844264030457 -0.039103686809539795 -0.019432514905929565
v 0.3016619086265564 -0.05958734452724457 -0.02562139555811882
v 0.3017163574695587 -0.05440082401037216 -0.021668147295713425
v 0.2869390547275543 -0.048488691449165344 -0.004481527954339981
v 0.2992193102836609 -0.05260254442691803 -0.0024509839713573456
v 0.29697027802467346 -0.0595233291387558 -0.006972566246986389
v 0.30260875821113586 -0.06379840523004532 -0.026902053505182266
v 0.3113744854927063 -0.0647052600979805 -0.01795368641614914
v 0.31171560287475586 -0.061196066439151764 -0.009330987930297852
v 0.28703853487968445 -0.041205063462257385 -0.007948748767375946
v 0.286251962184906 -0.037972867488861084 -0.014853034168481827
v 0.5865231156349182 -0.4930048882961273 0.33434537053108215
v 0.5881045460700989 -0.4897487461566925 0.32283681631088257
v 0.6048937439918518 -0.49238914251327515 0.32266882061958313
v 0.6119428873062134 -0.4882121682167053 0.32546350359916687
v 0.5832616686820984 -0.49082091450691223 0.32803860306739807
v -0.1945192515850067 -0.013124978169798851 0.06655328720808029
v -0.20194481313228607 -0.019566861912608147 0.055957015603780746
v -0.19490890204906464 -0.02410091832280159 0.03327334672212601
v -0.18980349600315094 -0.024726441130042076 0.04247429221868515
v -0.17171767354011536 -0.03212081640958786 0.013758594170212746
v -0.1626691222190857 -0.02300059050321579 0.008192185312509537
v -0.14963725209236145 -0.009821608662605286 -0.0027322364039719105
v -0.14394626021385193 -0.009529038332402706 -0.013681856915354729
v -0.13526053726673126 -0.02004152163863182 -0.01053797360509634
v -0.14747127890586853 0.0005135233514010906 -0.0074455877766013145
v -0.14505283534526825 0.00033438089303672314 -0.0108944121748209
v -0.13145799934864044 -0.021812476217746735 -0.02117352932691574
v -0.1425168216228485 -0.055005937814712524 -0.060557179152965546
v -0.1309046447277069 -0.047979384660720825 -0.05446641147136688
v -0.15105116367340088 -0.06087891012430191 -0.06633830815553665
v -0.1417202651500702 -0.0673365443944931 -0.06895256787538528
v -0.1259135752916336 -0.03930894657969475 -0.0402885340154171
v -0.1288001984357834 -0.04367303475737572 -0.049614258110523224
v -0.1216258555650711 -0.06698597967624664 -0.068614162504673
v -0.11714619398117065 -0.06017187237739563 -0.08187303692102432
v -0.1022445410490036 -0.05793948471546173 -0.07149582356214523
v -0.08976103365421295 -0.05412015691399574 -0.03920022398233414
v -0.08770260214805603 -0.05558505281805992 -0.029759550467133522
v -0.08352568000555038 -0.05039990693330765 -0.026613203808665276
v -0.08112536370754242 -0.04998188465833664 -0.017027292400598526
v -0.07817896455526352 -0.04211428761482239 -0.005277643911540508
v -0.06368023157119751 -0.03327736631035805 0.015011284500360489
v -0.07031295448541641 -0.122258260846138 -0.0800393745303154
v -0.0695672556757927 -0.12953028082847595 -0.08143430948257446
v -0.058669984340667725 -0.1301274299621582 -0.08274192363023758
v -0.06904812902212143 -0.13847856223583221 -0.07949957996606827
v -0.07288156449794769 -0.12846720218658447 -0.06608965992927551
v -0.0670098215341568 -0.1380177140235901 -0.05328730121254921
v -0.06579390168190002 -0.1463545262813568 -0.04821491613984108
v -0.06077820807695389 -0.14638358354568481 -0.05440950766205788
v 0.3018300533294678 -0.045990705490112305 -0.016185052692890167
v 0.3096553385257721 -0.054646871984004974 -0.018478579819202423
v 0.30868610739707947 -0.05844550579786301 -0.02209506928920746
v 0.2990820109844208 -0.04727020859718323 -0.0016959868371486664
v 0.31042027473449707 -0.051872581243515015 -0.00020554661750793457
v 0.31195104122161865 -0.05612222105264664 -0.0036314576864242554
v 0.31115978956222534 -0.0610702708363533 -0.020545795559883118
v 0.32017236948013306 -0.061456359922885895 -0.012075547128915787
v 0.32054752111434937 -0.059300459921360016 -0.005816303193569183
v 0.2973500192165375 -0.04210648685693741 -0.004835985600948334
v 0.2994591295719147 -0.04188708961009979 -0.010568920522928238
v 0.593644380569458 -0.4945030212402344 0.3140416741371155
v 0.6025228500366211 -0.48290252685546875 0.3220534920692444
v 0.6023617386817932 -0.5079594850540161 0.30668893456459045
v 0.61765056848526 -0.49933433532714844 0.3169456124305725
v 0.589513897895813 -0.48387622833251953 0.31733301281929016
v -0.20308852195739746 -0.02886451780796051 0.08045688271522522
v -0.2004309594631195 -0.0227772518992424 0.042846404016017914
v -0.2112567126750946 -0.031410980969667435 0.05198538675904274
v -0.19752585887908936 -0.021286536008119583 0.021992500871419907
v -0.20819790661334991 -0.025204936042428017 0.03469032794237137
v -0.16249656677246094 -0.009945830330252647 0.006408494431525469
v -0.18537437915802002 -0.017487335950136185 0.014325039461255074
v -0.1491992324590683 0.0002632495015859604 -0.0008975211530923843
v -0.15090809762477875 0.0002623065374791622 -0.00933868158608675
v -0.14890587329864502 -0.006599007174372673 -0.017850495874881744
v -0.12924432754516602 -0.03260721638798714 -0.03365011885762215
v -0.136911079287529 -0.04987280070781708 -0.058828435838222504
v -0.151978000998497 -0.054625410586595535 -0.0680307149887085
v -0.12848059833049774 -0.044529009610414505 -0.05321267992258072
v -0.16589291393756866 -0.05979412794113159 -0.0785641297698021
v -0.1602144092321396 -0.06719716638326645 -0.07469308376312256
v -0.12466149777173996 -0.03834480047225952 -0.0480416901409626
v -0.1259881854057312 -0.03325079381465912 -0.046018071472644806
v -0.13533014059066772 -0.06944568455219269 -0.08055634051561356
v -0.1210976094007492 -0.06509711593389511 -0.07860946655273438
v -0.1220487430691719 -0.05273832008242607 -0.08293941617012024
v -0.10811292380094528 -0.053601741790771484 -0.07706162333488464
v -0.09343408048152924 -0.05449541285634041 -0.05983787775039673
v -0.12953564524650574 -0.06396648287773132 -0.08511538058519363
v -0.08858168125152588 -0.05073631554841995 -0.04480864107608795
v -0.08998236060142517 -0.05072331801056862 -0.0535341240465641
v -0.08354665338993073 -0.04591873660683632 -0.030719546601176262
v -0.08502499759197235 -0.05064177140593529 -0.036035530269145966
v -0.08215250819921494 -0.04519733414053917 -0.020691873505711555
v -0.08437741547822952 -0.037360358983278275 -0.010520992800593376
v -0.07805097103118896 -0.029356559738516808 0.007044813595712185
v -0.07305782288312912 -0.12969201803207397 -0.07373334467411041
v -0.07523598521947861 -0.1406460702419281 -0.07148950546979904
v -0.06696435064077377 -0.14840920269489288 -0.07097720354795456
v -0.05941992625594139 -0.14712773263454437 -0.06544157862663269
v -0.07270807027816772 -0.13619014620780945 -0.05503006651997566
v -0.07213359326124191 -0.14623382687568665 -0.0449199341237545
v -0.0719558522105217 -0.15524718165397644 -0.034939244389534
v -0.06702090799808502 -0.15655457973480225 -0.03865182399749756
v 0.3101138770580292 -0.0494031086564064 -0.01344333216547966
v 0.31735876202583313 -0.05350193381309509 -0.01666206866502762
v 0.3168743848800659 -0.05704500526189804 -0.019274964928627014
v 0.3080294132232666 -0.04771421104669571 0.0007530003786087036
v 0.32038843631744385 -0.056020647287368774 -0.0014040693640708923
v 0.3176242709159851 -0.05251382291316986 0.0008519366383552551
v 0.3175632953643799 -0.06040417402982712 -0.016888000071048737
v 0.3276963531970978 -0.058656543493270874 -0.0027434155344963074
v 0.3299691379070282 -0.05868561565876007 -0.006908774375915527
v 0.3083827495574951 -0.044433966279029846 -0.002522610127925873
v 0.3099934160709381 -0.04484584927558899 -0.008364088833332062
v 0.6113021373748779 -0.5093506574630737 0.31013885140419006
v 0.6190508604049683 -0.48823297023773193 0.3138223886489868
v 0.6442553997039795 -0.516469419002533 0.31265726685523987
v 0.630772590637207 -0.5276405811309814 0.3144005835056305
v 0.6086373925209045 -0.4968663156032562 0.30948755145072937
v -0.2134939581155777 -0.04091736674308777 0.07610084861516953
v -0.19209562242031097 -0.042215246707201004 0.11213871836662292
v -0.22460399568080902 -0.032497819513082504 0.0387418232858181
v -0.21799716353416443 -0.023749522864818573 0.025788480415940285
v -0.18007181584835052 -0.006499894894659519 0.010622778907418251
v -0.2166733294725418 -0.014258729293942451 0.016563870012760162
v -0.15384100377559662 0.00015609804540872574 -0.007268419489264488
v -0.12980523705482483 -0.02751137502491474 -0.035051584243774414
v -0.1316935122013092 -0.04509473964571953 -0.0579080767929554
v -0.1452900916337967 -0.050116389989852905 -0.0658676028251648
v -0.15377512574195862 -0.052743423730134964 -0.07292743772268295
v -0.12711364030838013 -0.04247079789638519 -0.05328840762376785
v -0.17797207832336426 -0.05998673662543297 -0.08180193603038788
v -0.1766568422317505 -0.0643782988190651 -0.0765146017074585
v -0.15207605063915253 -0.071696437895298 -0.07614358514547348
v -0.12178762257099152 -0.03345537558197975 -0.043780386447906494
v -0.12275660783052444 -0.03878214955329895 -0.0505804605782032
v -0.13074049353599548 -0.05717987194657326 -0.08758586645126343
v -0.12490589916706085 -0.04919758066534996 -0.08093249797821045
v -0.1149129718542099 -0.04888731986284256 -0.07774375379085541
v -0.09614746272563934 -0.051764436066150665 -0.06705347448587418
v -0.09259209036827087 -0.0471680611371994 -0.05904267355799675
v -0.08672189712524414 -0.046327657997608185 -0.044681258499622345
v -0.08597496151924133 -0.04060334712266922 -0.025707630440592766
v -0.0857403352856636 -0.042926475405693054 -0.03336428105831146
v -0.08449764549732208 -0.04616689309477806 -0.037121642380952835
v -0.09299634397029877 -0.03283921629190445 -0.014442753978073597
v -0.0882752388715744 -0.025497853755950928 0.0004162238910794258
v -0.07672765105962753 -0.13826397061347961 -0.06165299937129021
v -0.07633434981107712 -0.15027767419815063 -0.06687319278717041
v -0.064089335501194 -0.1607598513364792 -0.04730777442455292
v -0.07118704915046692 -0.16292203962802887 -0.05675222724676132
v -0.0780981034040451 -0.14658114314079285 -0.04746206849813461
v -0.07875033468008041 -0.1552744358778 -0.0333176851272583
v -0.07244130223989487 -0.1611461192369461 -0.023755382746458054
v -0.077617347240448 -0.15932218730449677 -0.021629992872476578
v 0.31824979186058044 -0.05022634565830231 -0.012023843824863434
v 0.32686930894851685 -0.0529278889298439 -0.015173427760601044
v 0.32870766520500183 -0.05676204711198807 -0.017499782145023346
v 0.3161827027797699 -0.04870527237653732 0.0010617002844810486
v 0.32668522000312805 -0.05712777376174927 0.0005713030695915222
v 0.3239794075489044 -0.05310731381177902 0.0020462721586227417
v 0.3317221701145172 -0.05939934402704239 -0.011699706315994263
v 0.33494114875793457 -0.059311866760253906 -0.0015344470739364624
v 0.3406936526298523 -0.058044709265232086 -0.004561848938465118
v 0.3173491954803467 -0.04577013850212097 -0.0020763203501701355
v 0.3190580904483795 -0.04677022993564606 -0.00672101229429245
v 0.6327325105667114 -0.5092735290527344 0.3146677315235138
v 0.6556200385093689 -0.5401907563209534 0.29743635654449463
v 0.6640954613685608 -0.5267360210418701 0.30629539489746094
v 0.6246339678764343 -0.509597659111023 0.31366488337516785
v -0.20766818523406982 -0.03706575185060501 0.11516939103603363
v -0.20862670242786407 -0.05284470319747925 0.1064925268292427
v -0.20487158000469208 -0.04697246104478836 0.09894316643476486
v -0.23199398815631866 -0.023487351834774017 0.03145912289619446
v -0.20421075820922852 -0.005677744746208191 0.01307874359190464
v -0.14375145733356476 -2.941384445875883e-05 0.0013751840451732278
v -0.14733892679214478 -0.006259199231863022 -0.014657791703939438
v -0.13770250976085663 -0.018952425569295883 -0.024490535259246826
v -0.12649138271808624 -0.02588469162583351 -0.0333472341299057
v -0.12969717383384705 -0.043605875223875046 -0.058163080364465714
v -0.13818641006946564 -0.04702940583229065 -0.0644603744149208
v -0.16044990718364716 -0.05483312904834747 -0.08198507130146027
v -0.1241041049361229 -0.041312526911497116 -0.05502764880657196
v -0.1857394278049469 -0.06002666428685188 -0.08423219621181488
v -0.18374383449554443 -0.06412720680236816 -0.07586140185594559
v -0.1684187352657318 -0.07272465527057648 -0.07626853883266449
v -0.15866771340370178 -0.07045109570026398 -0.08311110734939575
v -0.14179325103759766 -0.06472734361886978 -0.08683726191520691
v -0.11588121205568314 -0.03252849355340004 -0.03966245800256729
v -0.11964733153581619 -0.0381060466170311 -0.049744293093681335
v -0.1340160369873047 -0.0509173646569252 -0.08552073687314987
v -0.13254520297050476 -0.04748803377151489 -0.07974095642566681
v -0.12156738340854645 -0.04557810723781586 -0.07512471824884415
v -0.10074324905872345 -0.04794378578662872 -0.06948170810937881
v -0.0979178175330162 -0.04392300546169281 -0.061500903218984604
v -0.09316541254520416 -0.041114285588264465 -0.04930289089679718
v -0.08979271352291107 -0.03896622359752655 -0.030824026092886925
v -0.09781074523925781 -0.03255121782422066 -0.02208137698471546
v -0.10202264785766602 -0.024510009214282036 -0.0031514663714915514
v -0.0814853310585022 -0.14964108169078827 -0.054436177015304565
v -0.08158493787050247 -0.15866594016551971 -0.052910517901182175
v -0.06839820742607117 -0.165867418050766 -0.02791546657681465
v -0.07233831286430359 -0.1722307652235031 -0.03414551168680191
v -0.08516685664653778 -0.15705925226211548 -0.0362098403275013
v -0.08503089845180511 -0.16027402877807617 -0.02119409292936325
v -0.08448042720556259 -0.1623208224773407 -0.00653422623872757
v -0.07377251982688904 -0.1636701375246048 -0.010447632521390915
v -0.068862684071064 -0.1622759848833084 -0.026317831128835678
v 0.32595714926719666 -0.050466202199459076 -0.011158309876918793
v 0.3374462425708771 -0.05376456677913666 -0.014256726950407028
v 0.3411133289337158 -0.05716092139482498 -0.0137253999710083
v 0.3242712914943695 -0.04899583011865616 0.0009556934237480164
v 0.3341458737850189 -0.04929494112730026 0.0013472586870193481
v 0.3352738320827484 -0.05514013022184372 0.001981019973754883
v 0.34651732444763184 -0.05760609358549118 -0.008318975567817688
v 0.3539479970932007 -0.05604996532201767 -0.0024598464369773865
v 0.34722429513931274 -0.05526117980480194 0.0005838349461555481
v 0.32541975378990173 -0.04689514636993408 -0.0021446198225021362
v 0.32605236768722534 -0.047885507345199585 -0.0062565878033638
v 0.6433742642402649 -0.516009509563446 0.3201426565647125
v 0.6427978277206421 -0.5257106423377991 0.3115496337413788
v 0.6773747801780701 -0.5559335947036743 0.30666571855545044
v 0.6568859219551086 -0.5329266786575317 0.3169998526573181
v -0.2268374264240265 -0.037423230707645416 0.11588312685489655
v -0.20871320366859436 -0.04889286682009697 0.11179304122924805
v -0.23129385709762573 -0.04225551337003708 0.07147272676229477
v -0.23012158274650574 -0.0076627545058727264 0.021945852786302567
v -0.1342795342206955 -0.009311365894973278 -0.003898884169757366
v -0.13348057866096497 -0.016414253041148186 -0.018012210726737976
v -0.1409289389848709 -0.016726428642868996 -0.021475311368703842
v -0.11829443275928497 -0.02615409344434738 -0.0263336431235075
v -0.13581633567810059 -0.046193528920412064 -0.06716635078191757
v -0.1442987471818924 -0.048469629138708115 -0.07401436567306519
v -0.1488199383020401 -0.04962625354528427 -0.07382476329803467
v -0.1626211255788803 -0.05587777867913246 -0.08669696748256683
v -0.17262399196624756 -0.058104608207941055 -0.08841080963611603
v -0.18326133489608765 -0.06069513037800789 -0.08353772759437561
v -0.19447645545005798 -0.05784491449594498 -0.07688553631305695
v -0.19547241926193237 -0.06379330903291702 -0.07022067904472351
v -0.18228690326213837 -0.07002989947795868 -0.07754811644554138
v -0.17094862461090088 -0.06793595105409622 -0.0838007926940918
v -0.16059894859790802 -0.06353861093521118 -0.0896570011973381
v -0.1459738314151764 -0.05363710969686508 -0.0888335257768631
v -0.11424466967582703 -0.03816599398851395 -0.04959844425320625
v -0.11040902137756348 -0.03230272978544235 -0.0359802320599556
v -0.14215904474258423 -0.049044813960790634 -0.08253517746925354
v -0.1267254501581192 -0.045017413794994354 -0.072187639772892
v -0.13723498582839966 -0.04676166549324989 -0.07622329890727997
v -0.10904016345739365 -0.044520650058984756 -0.06956556439399719
v -0.08795973658561707 -0.04254095256328583 -0.03969252109527588
v -0.09990289807319641 -0.03711186349391937 -0.04570002853870392
v -0.10440351068973541 -0.0410279706120491 -0.058330126106739044
v -0.09451838582754135 -0.03733818978071213 -0.03820432722568512
v -0.1016094833612442 -0.03238365054130554 -0.031362053006887436
v -0.10426061600446701 -0.02173721417784691 -0.009481610730290413
v -0.08589281886816025 -0.1593262404203415 -0.04255928844213486
v -0.08695647865533829 -0.17016290128231049 -0.03764771670103073
v -0.07037089765071869 -0.17621897161006927 -0.013103321194648743
v -0.07567033171653748 -0.1824791431427002 -0.01586116850376129
v -0.09109177440404892 -0.16424284875392914 -0.02084142342209816
v -0.09057497978210449 -0.1646731197834015 -0.011203549802303314
v -0.0762166678905487 -0.1682608425617218 0.009223725646734238
v -0.08937330543994904 -0.168487548828125 0.010134831070899963
v -0.07129538059234619 -0.16773979365825653 -0.008910730481147766
v 0.3347539007663727 -0.0517277792096138 -0.010546371340751648
v 0.3536580801010132 -0.05680219084024429 -0.011769905686378479
v 0.3480914831161499 -0.055693380534648895 -0.014053307473659515
v 0.33282291889190674 -0.04696328192949295 -0.0007742568850517273
v 0.34632205963134766 -0.05024304986000061 0.0003326684236526489
v 0.34459999203681946 -0.04628680646419525 -0.0008992552757263184
v 0.3590767979621887 -0.05557606369256973 -0.005908176302909851
v 0.36769112944602966 -0.05276939272880554 -0.001162983477115631
v 0.3629845082759857 -0.048726774752140045 0.0005630925297737122
v 0.3352392315864563 -0.04750104248523712 -0.0033980682492256165
v 0.3341485559940338 -0.04857187718153 -0.0070884376764297485
v 0.6598210334777832 -0.5384970903396606 0.32532501220703125
v 0.6542023420333862 -0.5447457432746887 0.3150459825992584
v 0.661444365978241 -0.5371543765068054 0.3202734589576721
v 0.6702030897140503 -0.5460132360458374 0.3165052831172943
v -0.21511438488960266 -0.056800615042448044 0.09453175961971283
v -0.21492205560207367 -0.05636989325284958 0.10153549164533615
v -0.2383202612400055 -0.04813085123896599 0.12031856924295425
v -0.22838786244392395 -0.04847794771194458 0.10973219573497772
v -0.2261868715286255 -0.055486999452114105 0.10610101372003555
v -0.2222425788640976 -0.05825597792863846 0.10509169846773148
v -0.23648515343666077 -0.023144099861383438 0.06215128302574158
v -0.11804702877998352 -0.019497903063893318 -0.00813918374478817
v -0.10959642380475998 -0.026712410151958466 -0.021876264363527298
v -0.1398008018732071 -0.04728560522198677 -0.07356549799442291
v -0.12648697197437286 -0.043321773409843445 -0.06080957129597664
v -0.15305155515670776 -0.0510123148560524 -0.08140810579061508
v -0.14533589780330658 -0.04861249029636383 -0.08007292449474335
v -0.16103078424930573 -0.05615200102329254 -0.09072071313858032
v -0.17230714857578278 -0.06011717766523361 -0.08810478448867798
v -0.18199115991592407 -0.06257974356412888 -0.08252814412117004
v -0.19333043694496155 -0.057812705636024475 -0.08023905009031296
v -0.20400601625442505 -0.05789327248930931 -0.06968095898628235
v -0.2009662538766861 -0.0707235038280487 -0.06345745921134949
v -0.19106249511241913 -0.07068795710802078 -0.06822317838668823
v -0.18180027604103088 -0.06646925210952759 -0.0795014500617981
v -0.17655009031295776 -0.06392937898635864 -0.0850444957613945
v -0.15309534966945648 -0.051444873213768005 -0.08482744544744492
v -0.12022140622138977 -0.04077105224132538 -0.0559363067150116
v -0.10541080683469772 -0.03693230450153351 -0.04589127376675606
v -0.1107732281088829 -0.03920377790927887 -0.05361646041274071
v -0.11699039489030838 -0.043611105531454086 -0.06759020686149597
v -0.1319989413022995 -0.0453210212290287 -0.0686102956533432
v -0.09076742827892303 -0.1638236939907074 -0.02964259684085846
v -0.0876796692609787 -0.18400156497955322 -0.020208649337291718
v -0.08346270024776459 -0.19475707411766052 -0.003521367907524109
v -0.07199107110500336 -0.18798358738422394 0.0026262253522872925
v -0.0951707512140274 -0.1688985824584961 -0.010276328772306442
v -0.09617013484239578 -0.1693326234817505 0.001913953572511673
v -0.07116913795471191 -0.17644895613193512 0.00852666050195694
v -0.08609889447689056 -0.17468972504138947 0.02663687989115715
v -0.07616555690765381 -0.1785825788974762 0.029076144099235535
v 0.34482279419898987 -0.05287452042102814 -0.012316271662712097
v 0.3611160218715668 -0.056866712868213654 -0.01351580023765564
v 0.36706358194351196 -0.05529607832431793 -0.009645864367485046
v 0.3421698212623596 -0.04384484887123108 -0.0020766928791999817
v 0.36995622515678406 -0.0526968315243721 -0.004650108516216278
v 0.35870683193206787 -0.04276179522275925 -0.0012346357107162476
v 0.3807322382926941 -0.04694237560033798 0.003186367452144623
v 0.37878212332725525 -0.03937600553035736 0.0026804953813552856
v 0.34301552176475525 -0.04752107709646225 -0.006176471710205078
v 0.3430919945240021 -0.04984484612941742 -0.009838677942752838
v 0.6609145998954773 -0.5402436256408691 0.319312185049057
v 0.668785810470581 -0.5485984086990356 0.3208156228065491
v 0.6641709804534912 -0.541088879108429 0.32139721512794495
v -0.2218823879957199 -0.06492096185684204 0.10022953897714615
v -0.22716952860355377 -0.07227616757154465 0.09170686453580856
v -0.24705281853675842 -0.05766354128718376 0.11481739580631256
v -0.2645253539085388 -0.0636216476559639 0.1258416324853897
v -0.2479241043329239 -0.06559638679027557 0.11179688572883606
v -0.237963005900383 -0.06936655938625336 0.10697963833808899
v -0.2374885380268097 -0.050444696098566055 0.08283336460590363
v -0.24285796284675598 -0.03573574870824814 0.08243799954652786
v -0.24503035843372345 -0.026229623705148697 0.08649060130119324
v -0.18296246230602264 -0.06392897665500641 -0.08077678084373474
v -0.19179603457450867 -0.058678578585386276 -0.0818643718957901
v -0.20363666117191315 -0.053231336176395416 -0.07715576887130737
v -0.21220067143440247 -0.06013956293463707 -0.06430043280124664
v -0.21433931589126587 -0.07498164474964142 -0.05640364810824394
v -0.20507659018039703 -0.07563120126724243 -0.062167346477508545
v -0.19514182209968567 -0.06692628562450409 -0.07487699389457703
v -0.11988106369972229 -0.04188740625977516 -0.06111642345786095
v -0.09658877551555634 -0.17270652949810028 -0.017833780497312546
v -0.09476684033870697 -0.19339372217655182 -0.004716247320175171
v -0.07830062508583069 -0.20125536620616913 0.020636118948459625
v -0.08947443217039108 -0.2051348090171814 0.016990136355161667
v -0.0998852550983429 -0.17739863693714142 -0.002970658242702484
v -0.10099388659000397 -0.17826201021671295 0.024250343441963196
v -0.07222394645214081 -0.19035378098487854 0.029452957212924957
v -0.08966131508350372 -0.18156152963638306 0.045405857264995575
v -0.08042363822460175 -0.1870870143175125 0.045089274644851685
v 0.3569374680519104 -0.05497175455093384 -0.014171436429023743
v 0.37926632165908813 -0.05089469999074936 -0.006119616329669952
v 0.3783983290195465 -0.053814493119716644 -0.010931506752967834
v 0.3562384247779846 -0.038656994700431824 -0.004320360720157623
v 0.3764611780643463 -0.04889336973428726 -0.001322135329246521
v 0.37454453110694885 -0.032017581164836884 -0.0024566948413848877
v 0.3981461524963379 -0.04143856465816498 0.004931949079036713
v 0.393690288066864 -0.03136328607797623 0.0008824169635772705
v 0.354268878698349 -0.046312279999256134 -0.011006489396095276
v 0.3526931405067444 -0.05092258006334305 -0.013226188719272614
v -0.23675894737243652 -0.07545417547225952 0.10119617730379105
v -0.24800390005111694 -0.08081793785095215 0.09513199329376221
v -0.24631592631340027 -0.06808538734912872 0.0866786539554596
v -0.2651469111442566 -0.0678403377532959 0.11439698189496994
v -0.2794998288154602 -0.06467685848474503 0.1268017441034317
v -0.26118096709251404 -0.08119915425777435 0.10598522424697876
v -0.26368600130081177 -0.07291388511657715 0.10827750712633133
v -0.2567073106765747 -0.040505751967430115 0.07822873443365097
v -0.25419148802757263 -0.054866157472133636 0.08144740015268326
v -0.19237950444221497 -0.06091155484318733 -0.07962188124656677
v -0.21719595789909363 -0.05547192320227623 -0.07525026053190231
v -0.22187820076942444 -0.05832687392830849 -0.05964350700378418
v -0.22389711439609528 -0.0705089271068573 -0.051837820559740067
v -0.21805064380168915 -0.076547771692276 -0.05981060117483139
v -0.20497284829616547 -0.07401657104492188 -0.07036849856376648
v -0.09999187290668488 -0.18644830584526062 -0.005661830306053162
v -0.09847662597894669 -0.20313625037670135 0.008911941200494766
v -0.08823457360267639 -0.2113085836172104 0.03443396836519241
v -0.0789538025856018 -0.20471790432929993 0.04407414048910141
v -0.10617415606975555 -0.18777363002300262 0.010174848139286041
v -0.1050509512424469 -0.18809692561626434 0.04266899824142456
v -0.0804850310087204 -0.1960771679878235 0.05105483531951904
v -0.1034138947725296 -0.1952853947877884 0.06078649312257767
v -0.08783985674381256 -0.19598300755023956 0.06458723545074463
v 0.375253826379776 -0.0526898130774498 -0.015812262892723083
v 0.3714132308959961 -0.03288307785987854 -0.007299289107322693
v 0.3898785710334778 -0.0493488609790802 -0.009106174111366272
v 0.3892291188240051 -0.044008247554302216 -0.0014593973755836487
v 0.38894402980804443 -0.026621103286743164 -0.0030970871448516846
v 0.40419963002204895 -0.027951329946517944 -0.0019173547625541687
v 0.40720054507255554 -0.03335365653038025 -0.0006084591150283813
v 0.3731449842453003 -0.03776094317436218 -0.015119284391403198
v 0.3680591583251953 -0.048414140939712524 -0.016677893698215485
v -0.2528025507926941 -0.08272404223680496 0.10211508721113205
v -0.270445317029953 -0.08449415862560272 0.09213116765022278
v -0.2573506534099579 -0.07533829659223557 0.08542543649673462
v -0.2804972231388092 -0.0700608491897583 0.11889367550611496
v -0.2964429557323456 -0.06607861816883087 0.12397737801074982
v -0.2762768268585205 -0.05803990364074707 0.07045827060937881
v -0.2703530490398407 -0.04242371767759323 0.07222405076026917
v -0.3241233825683594 -0.05780250206589699 0.11913229525089264
v -0.2690628468990326 -0.028545048087835312 0.07570432871580124
v -0.2064160704612732 -0.06328310072422028 -0.0783187597990036
v -0.20188677310943604 -0.05546442046761513 -0.08126610517501831
v -0.2020123302936554 -0.05566985160112381 -0.08059874176979065
v -0.2105332911014557 -0.05413888767361641 -0.08080039173364639
v -0.22405600547790527 -0.05098333582282066 -0.07111570239067078
v -0.23414239287376404 -0.050661470741033554 -0.05419225990772247
v -0.22855223715305328 -0.06363719701766968 -0.04761519655585289
v -0.22664973139762878 -0.07787314802408218 -0.05205129086971283
v -0.22081199288368225 -0.07640194892883301 -0.06644802540540695
v -0.10612533986568451 -0.19779470562934875 0.008760437369346619
v -0.09975330531597137 -0.21310916543006897 0.027871519327163696
v -0.08498634397983551 -0.21402718126773834 0.06077917292714119
v -0.08936706185340881 -0.2182123363018036 0.05175716429948807
v -0.11128686368465424 -0.19889351725578308 0.02670547366142273
v -0.11522401869297028 -0.20397931337356567 0.05250962823629379
v -0.08347803354263306 -0.20624308288097382 0.06421781331300735
v -0.101762555539608 -0.20616795122623444 0.0814715102314949
v -0.11539104580879211 -0.21034640073776245 0.07353734970092773
v 0.3930979073047638 -0.04968427121639252 -0.014446854591369629
v 0.3844074606895447 -0.02634824812412262 -0.007643871009349823
v 0.405565470457077 -0.03680779039859772 -0.0035613030195236206
v 0.40158823132514954 -0.04256163537502289 -0.010764606297016144
v 0.4005202651023865 -0.024865470826625824 -0.003525078296661377
v 0.4108791947364807 -0.02826276421546936 -0.004462383687496185
v 0.40910300612449646 -0.02378533035516739 -0.0055689737200737
v 0.3896934390068054 -0.032469697296619415 -0.018255800008773804
v 0.392556756734848 -0.0440390408039093 -0.020361393690109253
v -0.27018383145332336 -0.08628314733505249 0.1006661206483841
v -0.2853933572769165 -0.08220705389976501 0.09079292416572571
v -0.2787780165672302 -0.07849878817796707 0.07926593720912933
v -0.2969156503677368 -0.06939780712127686 0.1149827241897583
v -0.27818477153778076 -0.06999713182449341 0.1096062958240509
v -0.31497225165367126 -0.06074713543057442 0.12148933112621307
v -0.2743212878704071 -0.07816405594348907 0.10785587877035141
v -0.2997123599052429 -0.04338572919368744 0.06028556823730469
v -0.2972918152809143 -0.03263439983129501 0.06390337646007538
v -0.31680870056152344 -0.008544601500034332 0.06492182612419128
v -0.28911900520324707 -0.021429378539323807 0.06853082776069641
v -0.21889042854309082 -0.06882288306951523 -0.07699306309223175
v -0.21890079975128174 -0.058104898780584335 -0.08026270568370819
v -0.22487343847751617 -0.05232052132487297 -0.07894783467054367
v -0.23732179403305054 -0.04988330230116844 -0.06560982763767242
v -0.2425593137741089 -0.052104949951171875 -0.03859243169426918
v -0.24904169142246246 -0.04746910557150841 -0.04578736424446106
v -0.23909826576709747 -0.07450875639915466 -0.04573729634284973
v -0.23351453244686127 -0.07851936668157578 -0.060232024639844894
v -0.1089891642332077 -0.20744839310646057 0.02366529405117035
v -0.09860801696777344 -0.22158002853393555 0.044571831822395325
v -0.0865783840417862 -0.2191418707370758 0.07970170676708221
v -0.09078259021043777 -0.2270275354385376 0.06881999224424362
v -0.1164640560746193 -0.21516487002372742 0.04549296572804451
v -0.12350477278232574 -0.2235453873872757 0.06397762894630432
v -0.08987502753734589 -0.21063277125358582 0.08199231326580048
v -0.12445857375860214 -0.2234424650669098 0.08359640836715698
v -0.11465123295783997 -0.21771438419818878 0.09313417971134186
v 0.4076848030090332 -0.03821069747209549 -0.019081205129623413
v 0.3982015550136566 -0.02346685528755188 -0.010188601911067963
v 0.41267141699790955 -0.03492733836174011 -0.012127719819545746
v 0.4151521325111389 -0.03117254376411438 -0.007194213569164276
v 0.4070069491863251 -0.0213504359126091 -0.006830468773841858
v 0.41454073786735535 -0.025109075009822845 -0.008665814995765686
v 0.4136626124382019 -0.021973710507154465 -0.009107552468776703
v 0.3994993269443512 -0.024074047803878784 -0.01610838621854782
v 0.4073677659034729 -0.03007069230079651 -0.022515200078487396
v -0.2787620425224304 -0.0829540565609932 0.10416274517774582
v -0.2919759452342987 -0.078537717461586 0.09418776631355286
v -0.29383522272109985 -0.07479070127010345 0.07659702003002167
v -0.3031504154205322 -0.056041181087493896 0.05452028661966324
v -0.26498672366142273 -0.07000655680894852 0.07848896086215973
v -0.3130163550376892 -0.06323100626468658 0.10905365645885468
v -0.2887882590293884 -0.07300294935703278 0.11240474879741669
v -0.2850888967514038 -0.07878095656633377 0.10855751484632492
v -0.33068710565567017 -0.05694621801376343 0.11181556433439255
v -0.31834760308265686 -0.029254261404275894 0.053262557834386826
v -0.31857404112815857 -0.017154663801193237 0.05812884867191315
v -0.35815486311912537 -0.05752713978290558 0.12519176304340363
v -0.33328717947006226 0.006006859242916107 0.06227719038724899
v -0.23289275169372559 -0.05940193682909012 -0.07662941515445709
v -0.23804505169391632 -0.07034227252006531 -0.06915922462940216
v -0.2416667938232422 -0.05162924900650978 -0.07252702862024307
v -0.2441496104001999 -0.06632047891616821 -0.03877246379852295
v -0.25867733359336853 -0.04731331020593643 -0.030771691352128983
v -0.2629926800727844 -0.04661267250776291 -0.03692329302430153
v -0.24592775106430054 -0.07734370231628418 -0.05148804932832718
v -0.10811229795217514 -0.2212458848953247 0.042584002017974854
v -0.09858515113592148 -0.23144391179084778 0.05967818945646286
v -0.0895606130361557 -0.22336411476135254 0.09767270088195801
v -0.09167967736721039 -0.23682473599910736 0.08898194879293442
v -0.11608074605464935 -0.23163199424743652 0.05736393481492996
v -0.13048940896987915 -0.23534390330314636 0.08087845891714096
v -0.10160811245441437 -0.21780863404273987 0.09696835279464722
v -0.11161939054727554 -0.22648394107818604 0.11257573962211609
v -0.12935596704483032 -0.23230209946632385 0.10234273970127106
v 0.4158000946044922 -0.02793247252702713 -0.01943623274564743
v 0.4073403775691986 -0.020476534962654114 -0.009575843811035156
v 0.4176298975944519 -0.02793307974934578 -0.01328907161951065
v 0.418232798576355 -0.026109617203474045 -0.012444965541362762
v 0.41223347187042236 -0.020119912922382355 -0.010086148977279663
v 0.41533103585243225 -0.020411137491464615 -0.015145786106586456
v 0.4151284694671631 -0.02009188011288643 -0.012427814304828644
v 0.40702420473098755 -0.0188593789935112 -0.016360320150852203
v 0.409532755613327 -0.020389437675476074 -0.022544585168361664
v -0.3029211759567261 -0.07090332359075546 0.08015050739049911
v -0.3047308623790741 -0.06403699517250061 0.05969913676381111
v -0.32913464307785034 -0.060700658708810806 0.10200299322605133
v -0.3020297884941101 -0.07143242657184601 0.10698768496513367
v -0.352609783411026 -0.05807507783174515 0.11768011003732681
v -0.334568053483963 -0.00770297646522522 0.04828987643122673
v -0.33763107657432556 -0.017288655042648315 0.04257936030626297
v -0.32841551303863525 -0.03848238289356232 0.044945765286684036
v -0.33285367488861084 0.001050323247909546 0.05631811171770096
v -0.3455134630203247 0.024283789098262787 0.062378883361816406
v -0.25073498487472534 -0.0726984441280365 -0.06024157255887985
v -0.2507520914077759 -0.06268240511417389 -0.06667415052652359
v -0.2529953718185425 -0.05374429002404213 -0.06373380124568939
v -0.2424183189868927 -0.04943709075450897 -0.05842534080147743
v -0.2572172284126282 -0.05356030911207199 -0.027391264215111732
v -0.2556399703025818 -0.06900100409984589 -0.04024661332368851
v -0.2522677779197693 -0.07231109589338303 -0.04384089261293411
v -0.2574549913406372 -0.0496906116604805 -0.050910577178001404
v -0.26970967650413513 -0.05133752152323723 -0.04225550964474678
v -0.27179884910583496 -0.04587893933057785 -0.03295377641916275
v -0.26776230335235596 -0.04658881574869156 -0.02385375276207924
v -0.10899467766284943 -0.23496586084365845 0.055929601192474365
v -0.10245226323604584 -0.24310646951198578 0.07204629480838776
v -0.0988689661026001 -0.24897761642932892 0.1047157347202301
v -0.09291258454322815 -0.2352791726589203 0.11423616111278534
v -0.12371151149272919 -0.24161945283412933 0.07105277478694916
v -0.1349608302116394 -0.2456265240907669 0.09703751653432846
v -0.0980425626039505 -0.22819270193576813 0.11410045623779297
v -0.124569833278656 -0.23889011144638062 0.12351573258638382
v -0.10968635976314545 -0.23894385993480682 0.12819764018058777
v 0.4132665693759918 -0.025378644466400146 -0.021318458020687103
v 0.4177687466144562 -0.025495540350675583 -0.01795186847448349
v 0.4135163426399231 -0.018703702837228775 -0.01377049833536148
v 0.4201251268386841 -0.0241831187158823 -0.017384149134159088
v 0.41933178901672363 -0.01999972201883793 -0.02157934010028839
v 0.41806596517562866 -0.018735326826572418 -0.020475782454013824
v 0.4163273274898529 -0.017196010798215866 -0.02384597435593605
v 0.4159057140350342 -0.014769546687602997 -0.02619185298681259
v -0.2987745404243469 -0.07666364312171936 0.1007516011595726
v -0.3109603524208069 -0.07092031091451645 0.08917158842086792
v -0.3177565634250641 -0.06375207751989365 0.06419116258621216
v -0.33187559247016907 -0.05682065337896347 0.044681716710329056
v -0.32092684507369995 -0.05303364247083664 0.04744548723101616
v -0.3504703938961029 -0.059967610985040665 0.10362280905246735
v -0.3411676287651062 -0.0634191483259201 0.09286263585090637
v -0.3178606331348419 -0.06715988367795944 0.09716060757637024
v -0.36871257424354553 -0.0594964325428009 0.11563770473003387
v -0.34801873564720154 -0.022404290735721588 0.0337558351457119
v -0.3494453430175781 0.002970591187477112 0.03812564164400101
v -0.34634238481521606 0.010426372289657593 0.045497212558984756
v -0.33996421098709106 -0.04010695964097977 0.03772997856140137
v -0.38927292823791504 -0.053740426898002625 0.1273650974035263
v -0.34507355093955994 0.016874857246875763 0.05356288701295853
v -0.35720929503440857 0.044204432517290115 0.05830395221710205
v -0.2600046992301941 -0.07065604627132416 -0.04846739396452904
v -0.2620866000652313 -0.06396587193012238 -0.05613861232995987
v -0.26351994276046753 -0.05713839456439018 -0.051288902759552
v -0.2665579915046692 -0.0491037555038929 -0.022644950076937675
v -0.25972601771354675 -0.06228343024849892 -0.028059817850589752
v -0.2634216547012329 -0.06751000881195068 -0.042409591376781464
v -0.2719915211200714 -0.0586269237101078 -0.04344798997044563
v -0.27771231532096863 -0.050490617752075195 -0.03835102915763855
v -0.2839772403240204 -0.043351296335458755 -0.028969815000891685
v -0.27777397632598877 -0.04419134184718132 -0.020631762221455574
v -0.11414054036140442 -0.24612648785114288 0.06857872009277344
v -0.10717298090457916 -0.25573498010635376 0.08775196969509125
v -0.10003764927387238 -0.2530957758426666 0.12210886925458908
v -0.10771825909614563 -0.26329758763313293 0.10983791202306747
v -0.1314426064491272 -0.2520258128643036 0.0891040563583374
v -0.13617448508739471 -0.24669700860977173 0.11577507853507996
v -0.09851644188165665 -0.24364671111106873 0.127947598695755
v -0.10612878203392029 -0.2526409327983856 0.14124795794487
v -0.11930496990680695 -0.24909672141075134 0.14033252000808716
v 0.4162919223308563 -0.02311485819518566 -0.019363723695278168
v 0.4197998344898224 -0.022127270698547363 -0.02300102636218071
v 0.4179159104824066 -0.01971806213259697 -0.028553824871778488
v 0.4177093207836151 -0.017397377640008926 -0.02694038674235344
v 0.4174295961856842 -0.015858501195907593 -0.029176026582717896
v 0.4193717837333679 -0.0117170549929142 -0.037281379103660583
v -0.32644447684288025 -0.0670536607503891 0.07333528250455856
v -0.3426140248775482 -0.05992212891578674 0.044666435569524765
v -0.3518020808696747 -0.04235415905714035 0.029717788100242615
v -0.36810287833213806 -0.061775341629981995 0.10690734535455704
v -0.3573494851589203 -0.06299305707216263 0.0892694890499115
v -0.33560192584991455 -0.06564341485500336 0.08142869919538498
v -0.3553824722766876 -0.06489164382219315 0.07685933262109756
v -0.383527010679245 -0.0590345561504364 0.11477169394493103
v -0.3592192232608795 -0.024681679904460907 0.02695867419242859
v -0.35289067029953003 -0.004626072943210602 0.033202435821294785
v -0.3612305521965027 -0.006910696625709534 0.027149628847837448
v -0.3579655587673187 0.018216393887996674 0.03485225886106491
v -0.3572502136230469 0.02660803496837616 0.041324812918901443
v -0.35614314675331116 0.03705410286784172 0.05031901225447655
v -0.3685023784637451 0.06041925773024559 0.05575765669345856
v -0.26673945784568787 -0.06266770511865616 -0.04793313145637512
v -0.2764586806297302 -0.04871172085404396 -0.015986649319529533
v -0.26715630292892456 -0.05440910533070564 -0.02089579403400421
v -0.26607751846313477 -0.06739615648984909 -0.03274031728506088
v -0.27202069759368896 -0.06499885022640228 -0.03924914076924324
v -0.2824985086917877 -0.05768568441271782 -0.03805406764149666
v -0.2912912368774414 -0.04863645136356354 -0.03258315846323967
v -0.2920575737953186 -0.04178253188729286 -0.016414660960435867
v -0.2980400323867798 -0.043525345623493195 -0.022927671670913696
v -0.12365642189979553 -0.25728946924209595 0.08249809592962265
v -0.12018737196922302 -0.2681211829185486 0.10247492045164108
v -0.10781636834144592 -0.2679542303085327 0.1292872130870819
v -0.11804434657096863 -0.2758740484714508 0.12185027450323105
v -0.13960222899913788 -0.2583193778991699 0.1099158227443695
v -0.13479673862457275 -0.2530514895915985 0.1346123218536377
v -0.1025288999080658 -0.25785520672798157 0.13754066824913025
v -0.11278317868709564 -0.2599806487560272 0.1544182300567627
v -0.10483606159687042 -0.26580071449279785 0.15113511681556702
v 0.4186512231826782 -0.016988176852464676 -0.02827019989490509
v 0.4173974096775055 -0.020192526280879974 -0.028972573578357697
v 0.4227141737937927 -0.012804143130779266 -0.02993103861808777
v 0.42192089557647705 -0.015749316662549973 -0.029465891420841217
v 0.4168885052204132 -0.017223961651325226 -0.033310092985630035
v -0.3388131558895111 -0.06402330100536346 0.059044353663921356
v -0.35565587878227234 -0.061244793236255646 0.042457304894924164
v -0.353028804063797 -0.048857226967811584 0.028450774028897285
v -0.3652496337890625 -0.0306515172123909 0.02149607427418232
v -0.37012070417404175 -0.06241082400083542 0.09236899018287659
v -0.38032442331314087 -0.06054346263408661 0.10800807178020477
v -0.37335005402565 -0.0652698203921318 0.07601053267717361
v -0.37082159519195557 -0.0646253377199173 0.06331107765436172
v -0.35555583238601685 -0.06590193510055542 0.06084991991519928
v -0.39805567264556885 -0.05805504322052002 0.11319409310817719
v -0.37095412611961365 -0.006517887115478516 0.020714467391371727
v -0.37455490231513977 0.00897257775068283 0.01932263746857643
v -0.3633083701133728 0.012576378881931305 0.02785581350326538
v -0.3703531324863434 0.03339465707540512 0.026554282754659653
v -0.3676612079143524 0.045428045094013214 0.03626324608922005
v -0.3665167987346649 0.05421627685427666 0.045676108449697495
v -0.27968108654022217 -0.05490103363990784 -0.013320003636181355
v -0.2910226583480835 -0.04551452398300171 -0.008346738293766975
v -0.2736830413341522 -0.06368394196033478 -0.019990894943475723
v -0.2808435559272766 -0.06638309359550476 -0.028666634112596512
v -0.2954877018928528 -0.056930117309093475 -0.029599178582429886
v -0.30552205443382263 -0.049532126635313034 -0.025103962048888206
v -0.3131121098995209 -0.04479992017149925 -0.016120215877890587
v -0.3054671883583069 -0.039834894239902496 -0.010583600029349327
v -0.13225330412387848 -0.26638367772102356 0.10326623171567917
v -0.12986637651920319 -0.2771909534931183 0.11743339896202087
v -0.11548455059528351 -0.2778986096382141 0.13847191631793976
v -0.12446829676628113 -0.28455600142478943 0.13844336569309235
v -0.14208289980888367 -0.26128438115119934 0.12663991749286652
v -0.12615090608596802 -0.25861600041389465 0.15357643365859985
v -0.10906029492616653 -0.274446040391922 0.14794781804084778
v -0.1088523119688034 -0.27518385648727417 0.15990149974822998
v -0.10611265152692795 -0.27021658420562744 0.16283999383449554
v 0.41975507140159607 -0.018214840441942215 -0.03071743994951248
v 0.42144474387168884 -0.010430175811052322 -0.03252451866865158
v 0.42337822914123535 -0.011876657605171204 -0.030509959906339645
v 0.4217657446861267 -0.007775634527206421 -0.030271515250205994
v 0.4192456305027008 -0.011282287538051605 -0.039489563554525375
v 0.4195995330810547 -0.008673202246427536 -0.04351334273815155
v -0.366408109664917 -0.061519600450992584 0.04334922134876251
v -0.36039525270462036 -0.05204760655760765 0.02853086218237877
v -0.3658284544944763 -0.038000546395778656 0.018087109550833702
v -0.37718796730041504 -0.014379821717739105 0.016005873680114746
v -0.3866933584213257 -0.06472762674093246 0.08172227442264557
v -0.3857060968875885 -0.06255201250314713 0.09745612740516663
v -0.39371567964553833 -0.06021049618721008 0.10510122030973434
v -0.38259124755859375 -0.06487635523080826 0.06396308541297913
v -0.3749919533729553 -0.061311155557632446 0.04817328602075577
v -0.4089210033416748 -0.05548648536205292 0.11212286353111267
v -0.38281387090682983 0.004293769598007202 0.0135266138240695
v -0.3881374001502991 0.022062718868255615 0.010513173416256905
v -0.3792227506637573 0.0282454714179039 0.01736682653427124
v -0.381449818611145 0.05573372170329094 0.02278399094939232
v -0.37804797291755676 0.06490740925073624 0.033976390957832336
v -0.3772403597831726 0.07082784175872803 0.04466891288757324
v -0.29242298007011414 -0.05400262400507927 -0.00603867694735527
v -0.28474998474121094 -0.06322789192199707 -0.01532604917883873
v -0.30202019214630127 -0.044981978833675385 -0.0025307852774858475
v -0.2963463068008423 -0.06318756937980652 -0.021088412031531334
v -0.3078702986240387 -0.05604631081223488 -0.023349743336439133
v -0.32063326239585876 -0.04994639754295349 -0.018070273101329803
v -0.33164992928504944 -0.04025179520249367 -0.011158699169754982
v -0.3265945017337799 -0.036751437932252884 -0.007086748257279396
v -0.13910476863384247 -0.2732242941856384 0.1222175732254982
v -0.13662664592266083 -0.2860127091407776 0.1369665116071701
v -0.11929673701524734 -0.28413328528404236 0.15255272388458252
v -0.12992918491363525 -0.29279404878616333 0.15691298246383667
v -0.1421406865119934 -0.26756551861763 0.14957621693611145
v -0.11361677944660187 -0.2642195522785187 0.16818921267986298
v -0.11447397619485855 -0.28071075677871704 0.1599215567111969
v -0.1099066436290741 -0.27559730410575867 0.1714053452014923
v -0.10692831128835678 -0.27310267090797424 0.17737962305545807
v 0.4187649190425873 -0.014543477445840836 -0.03558306768536568
v 0.4227600693702698 -0.013668514788150787 -0.031872380524873734
v 0.41902583837509155 -0.008310157805681229 -0.0337238609790802
v 0.42264318466186523 -0.005979422479867935 -0.030688229948282242
v 0.41925400495529175 -0.0026493296027183533 -0.032058779150247574
v 0.4182915687561035 -0.003001648932695389 -0.04637791961431503
v 0.4173944890499115 -0.008473414927721024 -0.042142562568187714
v -0.37162625789642334 -0.055204734206199646 0.028822943568229675
v -0.37022480368614197 -0.044397760182619095 0.016525181010365486
v -0.3798118233680725 -0.02595580369234085 0.011339861899614334
v -0.39022547006607056 -0.0007556304335594177 0.009296892210841179
v -0.3954024612903595 -0.06255552172660828 0.08619584143161774
v -0.3902851939201355 -0.06365527957677841 0.0690574198961258
v -0.40091222524642944 -0.06129176914691925 0.09363220632076263
v -0.4091246724128723 -0.05806340277194977 0.10288558900356293
v -0.38604629039764404 -0.062241941690444946 0.05307231843471527
v -0.3821626901626587 -0.05605711042881012 0.03229331225156784
v -0.4211065471172333 -0.0538402795791626 0.1072806790471077
v -0.39699792861938477 0.0159214586019516 0.005969023331999779
v -0.392889142036438 0.040470607578754425 0.008877918124198914
v -0.40224477648735046 0.03621325641870499 0.0032476354390382767
v -0.3874054253101349 0.04723523557186127 0.013696243986487389
v -0.3903478980064392 0.07789185643196106 0.02476963773369789
v -0.38494086265563965 0.07979412376880646 0.034883175045251846
v -0.3862306475639343 0.08663235604763031 0.043639782816171646
v -0.3031560778617859 -0.053605031222105026 -0.0011732839047908783
v -0.29947155714035034 -0.061209503561258316 -0.010403321124613285
v -0.3197042644023895 -0.037707939743995667 0.0007126089185476303
v -0.3083038330078125 -0.060032255947589874 -0.017301101237535477
v -0.3214545249938965 -0.05714159086346626 -0.014635887928307056
v -0.3338370621204376 -0.0489797443151474 -0.012453269213438034
v -0.3406704068183899 -0.03182632476091385 0.0008374378085136414
v -0.3466373085975647 -0.03965437039732933 -0.006537700071930885
v -0.14453132450580597 -0.27760326862335205 0.1415577530860901
v -0.14099854230880737 -0.2919965088367462 0.15645140409469604
v -0.12072564661502838 -0.28679993748664856 0.16968590021133423
v -0.12711073458194733 -0.29041212797164917 0.1748022437095642
v -0.13372310996055603 -0.2694580852985382 0.16895613074302673
v -0.11143812537193298 -0.27026015520095825 0.18245387077331543
v -0.11470690369606018 -0.28003594279289246 0.17064204812049866
v -0.11139906942844391 -0.28023046255111694 0.18627242743968964
v -0.11205976456403732 -0.27609461545944214 0.18741869926452637
v 0.4198632836341858 -0.008659053593873978 -0.03784240782260895
v 0.4213123321533203 -0.00834687426686287 -0.03342043608427048
v 0.41797366738319397 -0.0018182247877120972 -0.037449974566698074
v 0.4239189624786377 -0.00078587606549263 -0.03532706946134567
v 0.4244222342967987 0.003949299454689026 -0.04073107987642288
v 0.4166012108325958 0.004071231931447983 -0.049698494374752045
v 0.4162769019603729 -0.0005318224430084229 -0.04684218019247055
v -0.3789321482181549 -0.046305522322654724 0.013816788792610168
v -0.38260430097579956 -0.035593099892139435 0.0058052558451890945
v -0.39404481649398804 -0.011414431035518646 0.0053893644362688065
v -0.40344366431236267 0.007365338504314423 0.0028014322742819786
v -0.40891364216804504 -0.06175393611192703 0.08216924965381622
v -0.39880067110061646 -0.06244586780667305 0.0746721550822258
v -0.3954038619995117 -0.061968352645635605 0.05882098898291588
v -0.41555264592170715 -0.05934153124690056 0.09009705483913422
v -0.42431342601776123 -0.05538634955883026 0.09637440741062164
v -0.39221087098121643 -0.05737556517124176 0.03767751529812813
v -0.38748884201049805 -0.04935651645064354 0.018685169517993927
v -0.437652587890625 -0.04918939247727394 0.1011316105723381
v -0.41575077176094055 0.03139963746070862 -0.002062993124127388
v -0.418333500623703 0.05333516374230385 -0.0029873941093683243
v -0.4046887457370758 0.05839395150542259 0.0038457103073596954
v -0.3960835039615631 0.06989467144012451 0.013914287090301514
v -0.4040070176124573 0.09052158892154694 0.018101133406162262
v -0.3960137665271759 0.0927615612745285 0.02996499463915825
v -0.3995511829853058 0.10337549448013306 0.040911197662353516
v -0.316865473985672 -0.052766259759664536 0.007269838824868202
v -0.3152528405189514 -0.04441313073039055 0.00643768347799778
v -0.3107271194458008 -0.05746660381555557 -0.001810569316148758
v -0.33088815212249756 -0.03734379634261131 0.010894117876887321
v -0.31819334626197815 -0.06038563698530197 -0.008036943152546883
v -0.3346529006958008 -0.057690348476171494 -0.008414264768362045
v -0.34797704219818115 -0.0493600033223629 -0.006665298715233803
v -0.3631284534931183 -0.029605001211166382 0.004454810172319412
v -0.3613864779472351 -0.028411783277988434 0.01200651004910469
v -0.1478872299194336 -0.28252407908439636 0.16509594023227692
v -0.13278521597385406 -0.2957782745361328 0.17897656559944153
v -0.12174639850854874 -0.2895185947418213 0.1867547333240509
v -0.12596498429775238 -0.2898150086402893 0.19151847064495087
v -0.12231012433767319 -0.2707909047603607 0.18334491550922394
v -0.11352701485157013 -0.27400439977645874 0.19207584857940674
v -0.11510862410068512 -0.2825451195240021 0.18520477414131165
v -0.11418402194976807 -0.28242096304893494 0.1991276741027832
v -0.11643236875534058 -0.2860583961009979 0.20046739280223846
v 0.41824105381965637 -0.003239862620830536 -0.042092181742191315
v 0.4206508994102478 -0.0035526156425476074 -0.03798426687717438
v 0.4189358949661255 0.007050197571516037 -0.04503500461578369
v 0.42672258615493774 0.006571546196937561 -0.04820643365383148
v 0.4261705279350281 0.013761784881353378 -0.05884788930416107
v 0.41857847571372986 0.01527678593993187 -0.06677443534135818
v 0.4124543368816376 0.007935162633657455 -0.060050442814826965
v -0.3887757360935211 -0.039605360478162766 0.00455612875521183
v -0.3955835998058319 -0.022438205778598785 4.5794062316417694e-05
v -0.4108765423297882 -0.001194491982460022 -0.0019600887317210436
v -0.421110063791275 0.01630420982837677 -0.0051125031895935535
v -0.40238770842552185 -0.061559274792671204 0.06449254602193832
v -0.4013318419456482 -0.05839608982205391 0.046380553394556046
v -0.4260469675064087 -0.056457556784152985 0.08740805089473724
v -0.4356449246406555 -0.05265699699521065 0.08935996145009995
v -0.3981141746044159 -0.051222193986177444 0.022539444267749786
v -0.3942846655845642 -0.04176982492208481 0.0052295858040452
v -0.4536016583442688 -0.04197805002331734 0.09893343597650528
v -0.43393370509147644 0.05057360231876373 -0.008691174909472466
v -0.4370761811733246 0.06992614269256592 -0.007832475006580353
v -0.4230213165283203 0.0749041736125946 -0.0016039460897445679
v -0.41180703043937683 0.08335638046264648 0.007477886974811554
v -0.4198199212551117 0.10243360698223114 0.013959720730781555
v -0.4116072356700897 0.10828021913766861 0.02822909504175186
v -0.4116678237915039 0.11492763459682465 0.04208526760339737
v -0.41891801357269287 0.12304581701755524 0.054005853831768036
v -0.3256254196166992 -0.057216424494981766 0.004997944459319115
v -0.328060507774353 -0.04585431516170502 0.01800968311727047
v -0.33157965540885925 -0.05058801919221878 0.016577579081058502
v -0.34687161445617676 -0.034160513430833817 0.023540150374174118
v -0.3325536251068115 -0.058426328003406525 0.0005612000823020935
v -0.3487371802330017 -0.055499136447906494 -0.0014815516769886017
v -0.36645591259002686 -0.03803105652332306 0.0003631077706813812
v -0.37113210558891296 -0.02793985605239868 0.028069835156202316
v -0.37955546379089355 -0.024143904447555542 0.017700020223855972
v -0.13470318913459778 -0.2777163088321686 0.184210866689682
v -0.12682953476905823 -0.2869042158126831 0.19631463289260864
v -0.12439283728599548 -0.292055606842041 0.20338842272758484
v -0.1263425648212433 -0.2899662256240845 0.20866355299949646
v -0.11678192019462585 -0.27284854650497437 0.1907883584499359
v -0.1132129430770874 -0.27719467878341675 0.19939710199832916
v -0.11968525499105453 -0.2906172275543213 0.20084616541862488
v -0.12027588486671448 -0.29416102170944214 0.2122228592634201
v -0.11768946051597595 -0.2887114882469177 0.2104741632938385
v 0.4142466187477112 0.00038395822048187256 -0.051740050315856934
v 0.42442721128463745 0.0025181882083415985 -0.04773480072617531
v 0.42355045676231384 0.01661210134625435 -0.06417429447174072
v 0.4344690144062042 0.01741119846701622 -0.06652430444955826
v 0.429719477891922 0.023175708949565887 -0.07290801405906677
v 0.4198784828186035 0.01057511568069458 -0.07949493825435638
v 0.4184337258338928 0.01772323250770569 -0.08146480470895767
v -0.400467187166214 -0.033146291971206665 -0.00470818392932415
v -0.40732377767562866 -0.011079385876655579 -0.0039124698378145695
v -0.424832284450531 0.008162714540958405 -0.009343263693153858
v -0.4375980496406555 0.03515370190143585 -0.010906140320003033
v -0.4136085510253906 -0.060253698378801346 0.06744169443845749
v -0.40953388810157776 -0.05970296636223793 0.05644586682319641
v -0.4103392958641052 -0.05418502166867256 0.030227534472942352
v -0.43449920415878296 -0.05534347891807556 0.08123409003019333
v -0.422885537147522 -0.05895451083779335 0.07847222685813904
v -0.4494548439979553 -0.047460563480854034 0.0899810865521431
v -0.4056796729564667 -0.04278717190027237 0.005561978556215763
v -0.4083538055419922 -0.03612341731786728 -0.005973383784294128
v -0.47162070870399475 -0.033707957714796066 0.09606873989105225
v -0.4482998549938202 0.06671363115310669 -0.01178150437772274
v -0.4531491696834564 0.08381865918636322 -0.010390982031822205
v -0.4415084719657898 0.08882123231887817 -0.0049609653651714325
v -0.4297018349170685 0.09508800506591797 0.0025706514716148376
v -0.4387563467025757 0.11335977911949158 0.011554107069969177
v -0.4305778741836548 0.11848217993974686 0.024579428136348724
v -0.4242783784866333 0.12306074798107147 0.040506720542907715
v -0.43686601519584656 0.13279972970485687 0.05894798785448074
v -0.34077003598213196 -0.0556974895298481 0.01113075390458107
v -0.34150055050849915 -0.043248146772384644 0.030769893899559975
v -0.3478684723377228 -0.04944470897316933 0.022327594459056854
v -0.3581176996231079 -0.03838029503822327 0.04107201099395752
v -0.34582826495170593 -0.05681213364005089 0.0027106571942567825
v -0.3651370108127594 -0.0476997010409832 0.0013719648122787476
v -0.3845179080963135 -0.02874886989593506 0.010143816471099854
v -0.39369598031044006 -0.021337635815143585 0.028779830783605576
v -0.38079118728637695 -0.0293085016310215 0.0395987331867218
v -0.12349161505699158 -0.27632665634155273 0.19580435752868652
v -0.1256755292415619 -0.284548282623291 0.20466259121894836
v -0.12439563870429993 -0.2924014925956726 0.214260995388031
v -0.12484386563301086 -0.2887432277202606 0.21364626288414001
v -0.11706090718507767 -0.2759094536304474 0.20035219192504883
v -0.1165541559457779 -0.28269320726394653 0.20870719850063324
v -0.12359722703695297 -0.29529088735580444 0.21257582306861877
v -0.1187763512134552 -0.29573309421539307 0.21995683014392853
v -0.12247414141893387 -0.29721304774284363 0.21793770790100098
v 0.4300967752933502 0.005182497203350067 -0.07481943815946579
v 0.43547654151916504 0.008189070969820023 -0.07027345895767212
v 0.43413177132606506 0.012368321418762207 -0.0655660629272461
v 0.42391109466552734 0.02516023814678192 -0.08273234963417053
v 0.43172264099121094 0.030251819640398026 -0.08875402808189392
v 0.44334763288497925 0.028525378555059433 -0.08182914555072784
v 0.4231688380241394 0.016436945647001266 -0.09459931403398514
v 0.4290989637374878 0.011702697724103928 -0.09416976571083069
v -0.4115869700908661 -0.018905669450759888 -0.009972273372113705
v -0.42102447152137756 -0.002925269305706024 -0.011397423222661018
v -0.43921464681625366 0.022261619567871094 -0.013961317017674446
v -0.4574130177497864 0.05485222488641739 -0.016182919964194298
v -0.4194081723690033 -0.05683315172791481 0.04144112020730972
v -0.4217553436756134 -0.04682617634534836 0.011416962370276451
v -0.44507476687431335 -0.051322806626558304 0.08235190808773041
v -0.4351794123649597 -0.056936491280794144 0.07274925708770752
v -0.46660107374191284 -0.04081244766712189 0.08679796010255814
v -0.42661356925964355 -0.038310229778289795 -0.006385209038853645
v -0.420125812292099 -0.025906167924404144 -0.014723957516252995
v -0.4864051938056946 -0.024887412786483765 0.09328548610210419
v -0.46467891335487366 0.0764165073633194 -0.015561312437057495
v -0.47108200192451477 0.09371039271354675 -0.01239858940243721
v -0.459947407245636 0.10104400664567947 -0.005820475518703461
v -0.44940251111984253 0.10735449939966202 0.002162545919418335
v -0.4583619236946106 0.1202302873134613 0.01286788284778595
v -0.4487552046775818 0.12549544870853424 0.024539344012737274
v -0.44191884994506836 0.12993179261684418 0.04007121920585632
v -0.4554874897003174 0.13733310997486115 0.05716949701309204
v -0.355284720659256 -0.053318168967962265 0.013873780146241188
v -0.35677361488342285 -0.04396383464336395 0.03400695323944092
v -0.3646279573440552 -0.04668860137462616 0.027753999456763268
v -0.37692877650260925 -0.03725540637969971 0.04623691737651825
v -0.35943296551704407 -0.05365186184644699 0.005504915490746498
v -0.3859078586101532 -0.03874814882874489 0.009046964347362518
v -0.4013209640979767 -0.02170804888010025 0.01968354359269142
v -0.4053685963153839 -0.02457912638783455 0.04394874721765518
v -0.3943771719932556 -0.03072190284729004 0.046527691185474396
v -0.12275116890668869 -0.2802133858203888 0.20575949549674988
v -0.12601028382778168 -0.28542086482048035 0.2110743522644043
v -0.12474630773067474 -0.28819572925567627 0.2152654081583023
v -0.1253649741411209 -0.29258298873901367 0.2196751832962036
v -0.1179218739271164 -0.278685063123703 0.20640641450881958
v -0.12110929936170578 -0.28856992721557617 0.21922846138477325
v -0.12486276030540466 -0.2963145077228546 0.21900945901870728
v -0.12425211071968079 -0.30207359790802 0.2283077836036682
v -0.12367983162403107 -0.300017774105072 0.22358550131320953
v 0.4413078725337982 0.011569388210773468 -0.09425247460603714
v 0.44489333033561707 0.011964954435825348 -0.08253254741430283
v 0.44442257285118103 0.016730010509490967 -0.075698621571064
v 0.4335938096046448 0.03472103178501129 -0.10118033736944199
v 0.4563113749027252 0.035832226276397705 -0.09494449943304062
v 0.4436149597167969 0.03716867417097092 -0.09786021709442139
v 0.4257282018661499 0.023833639919757843 -0.09979002177715302
v 0.4341646730899811 0.02197209745645523 -0.11124131828546524
v 0.44201457500457764 0.018592268228530884 -0.10952269285917282
v -0.4291922450065613 -0.008548669517040253 -0.018190909177064896
v -0.43749192357063293 0.008786439895629883 -0.01830478012561798
v -0.4592269957065582 0.03854813426733017 -0.019704898819327354
v -0.47766393423080444 0.07073576748371124 -0.019797172397375107
v -0.42593273520469666 -0.058809876441955566 0.053939033299684525
v -0.4322124719619751 -0.05311349034309387 0.023864131420850754
v -0.44176095724105835 -0.03652084618806839 -0.00297508854418993
v -0.45968127250671387 -0.04734586551785469 0.07778415083885193
v -0.446382075548172 -0.05322795733809471 0.07314608991146088
v -0.4305174648761749 -0.05862446874380112 0.0653858482837677
v -0.48195967078208923 -0.03257304057478905 0.08378718048334122
v -0.4421860873699188 -0.014771230518817902 -0.0245543010532856
v -0.5012536644935608 -0.018202748149633408 0.09049155563116074
v -0.4817705452442169 0.0889534056186676 -0.016161546111106873
v -0.47680073976516724 0.109325110912323 -0.005043245851993561
v -0.4888990819454193 0.1043580174446106 -0.010312683880329132
v -0.46739688515663147 0.11561175435781479 0.0026749148964881897
v -0.4768296778202057 0.12786245346069336 0.015345320105552673
v -0.4689869284629822 0.13045907020568848 0.027834609150886536
v -0.46092474460601807 0.13319844007492065 0.04191797971725464
v -0.47009408473968506 0.14292821288108826 0.07228171080350876
v -0.37327030301094055 -0.050672490149736404 0.017672790214419365
v -0.3819040060043335 -0.045141205191612244 0.032813869416713715
v -0.3733699321746826 -0.03928375989198685 0.04306366294622421
v -0.3915315866470337 -0.03619584068655968 0.04920179396867752
v -0.3793942630290985 -0.0483112633228302 0.01144426129758358
v -0.4038224518299103 -0.02870887517929077 0.01565162092447281
v -0.41555118560791016 -0.018693022429943085 0.033865753561258316
v -0.42085278034210205 -0.02886633574962616 0.05501922592520714
v -0.40556246042251587 -0.03442138433456421 0.0532001331448555
v -0.12048918008804321 -0.2811242341995239 0.21164098381996155
v -0.12469075620174408 -0.2859741747379303 0.2127583771944046
v -0.1261844038963318 -0.298086017370224 0.22109806537628174
v -0.1269243061542511 -0.2965136170387268 0.21695105731487274
v -0.12251579761505127 -0.28452759981155396 0.2187248170375824
v -0.12563368678092957 -0.29921573400497437 0.22880180180072784
v -0.12553197145462036 -0.298650860786438 0.22032442688941956
v -0.129634290933609 -0.3085562586784363 0.2343505322933197
v -0.1283055543899536 -0.30753880739212036 0.2307548075914383
v 0.4489763379096985 0.01853540539741516 -0.10744284093379974
v 0.45372480154037476 0.017374999821186066 -0.09895074367523193
v 0.46036508679389954 0.02665404975414276 -0.08872608840465546
v 0.44320914149284363 0.03993920981884003 -0.1075148656964302
v 0.46876460313796997 0.042689599096775055 -0.10325093567371368
v 0.4565873146057129 0.04457024484872818 -0.10924931615591049
v 0.43807169795036316 0.03310801088809967 -0.11259190738201141
v 0.4508766233921051 0.02284504473209381 -0.1146482303738594
v 0.4487156867980957 0.026686880737543106 -0.11987905949354172
v -0.4512179493904114 0.004143945872783661 -0.02641049399971962
v -0.4587111473083496 0.02307385951280594 -0.02433188259601593
v -0.4803137481212616 0.05477748438715935 -0.023279979825019836
v -0.492897093296051 0.08551318198442459 -0.01867813616991043
v -0.4506586492061615 -0.04258169233798981 0.006014999933540821
v -0.43967944383621216 -0.054801397025585175 0.03666941449046135
v -0.4618311822414398 -0.030061185359954834 -0.008481950499117374
v -0.4474582374095917 -0.029177509248256683 -0.016004860401153564
v -0.46151119470596313 -0.04891557618975639 0.06540264189243317
v -0.47738146781921387 -0.040613576769828796 0.07131120562553406
v -0.446347713470459 -0.055153947323560715 0.0626593679189682
v -0.44344425201416016 -0.05601504072546959 0.049887411296367645
v -0.49723687767982483 -0.02558775618672371 0.0813860148191452
v -0.43295159935951233 -0.030249767005443573 -0.01573258638381958
v -0.46800029277801514 -0.0013388320803642273 -0.03217299282550812
v -0.45692387223243713 -0.018587112426757812 -0.0253615602850914
v -0.5169686675071716 -0.011347847059369087 0.0942869633436203
v -0.5005136728286743 0.0999779999256134 -0.014190591871738434
v -0.5059705972671509 0.11364693939685822 -0.006127670407295227
v -0.49387019872665405 0.1162220686674118 -0.0027583613991737366
v -0.48589038848876953 0.12204188108444214 0.004345297813415527
v -0.4880909025669098 0.13566017150878906 0.030034229159355164
v -0.483632892370224 0.13810059428215027 0.04647675156593323
v -0.4787226915359497 0.14365623891353607 0.06193532049655914
v -0.49252912402153015 0.15055209398269653 0.08171281218528748
v -0.39137399196624756 -0.04826319217681885 0.024650437757372856
v -0.398597776889801 -0.04507245868444443 0.03669905662536621
v -0.388851523399353 -0.041401226073503494 0.04107312858104706
v -0.4088597595691681 -0.03538816049695015 0.054986223578453064
v -0.3997456729412079 -0.041243575513362885 0.017757754772901535
v -0.4226396381855011 -0.021234281361103058 0.026426240801811218
v -0.4252246022224426 -0.023628398776054382 0.049075424671173096
v -0.4309975206851959 -0.03318283334374428 0.062173087149858475
v -0.4216282069683075 -0.035734742879867554 0.06070531904697418
v -0.12472708523273468 -0.2823990285396576 0.21530207991600037
v -0.13232749700546265 -0.2909097373485565 0.21873530745506287
v -0.1279032677412033 -0.30367693305015564 0.22380274534225464
v -0.1330794394016266 -0.3057412803173065 0.2225203961133957
v -0.13008347153663635 -0.29585322737693787 0.22936061024665833
v -0.13535070419311523 -0.3061963617801666 0.23433810472488403
v -0.12704148888587952 -0.3031655251979828 0.22553980350494385
v -0.13629725575447083 -0.31576818227767944 0.2367323935031891
v -0.13325317203998566 -0.31548264622688293 0.23563122749328613
v 0.45986172556877136 0.023440595716238022 -0.11190705746412277
v 0.46736282110214233 0.026951126754283905 -0.10566763579845428
v 0.47021570801734924 0.035934608429670334 -0.1026177853345871
v 0.44951149821281433 0.0413048081099987 -0.1191159039735794
v 0.4772297739982605 0.0522942915558815 -0.11889948695898056
v 0.46894198656082153 0.051837362349033356 -0.1190725788474083
v 0.44703343510627747 0.03529873117804527 -0.12260483205318451
v 0.4553709030151367 0.038594674319028854 -0.13122546672821045
v 0.4587756395339966 0.03216097131371498 -0.12860313057899475
v -0.47409340739250183 0.018090717494487762 -0.03256522864103317
v -0.48266342282295227 0.038307685405015945 -0.030397117137908936
v -0.49985599517822266 0.0756317675113678 -0.022715523838996887
v -0.5091383457183838 0.09435870498418808 -0.017156731337308884
v -0.4781344532966614 -0.027436882257461548 -0.001514208153821528
v -0.45539411902427673 -0.04767625406384468 0.024476822465658188
v -0.48595574498176575 -0.01837671548128128 -0.016325969249010086
v -0.4706302583217621 -0.01839601993560791 -0.02419525384902954
v -0.4767405092716217 -0.04354147985577583 0.055573247373104095
v -0.46027982234954834 -0.0499371774494648 0.05036274343729019
v -0.49290233850479126 -0.03250192850828171 0.07306152582168579
v -0.45767638087272644 -0.04955960065126419 0.03663954138755798
v -0.5202587246894836 -0.013919876888394356 0.07981529086828232
v -0.4821687340736389 -0.0062260255217552185 -0.0319383405148983
v -0.4902208745479584 0.011468790471553802 -0.03686470538377762
v -0.5338947176933289 -0.008445750921964645 0.09112368524074554
v -0.5174210071563721 0.10956709086894989 -0.009218528866767883
v -0.5064845681190491 0.12577632069587708 0.005217313766479492
v -0.5221702456474304 0.12435001879930496 0.002838931977748871
v -0.49790531396865845 0.13283026218414307 0.01755344122648239
v -0.5001366138458252 0.14465349912643433 0.04451762139797211
v -0.5006186366081238 0.14780661463737488 0.058440081775188446
v -0.502884566783905 0.1527252495288849 0.0737139955163002
v -0.521980345249176 0.16338080167770386 0.0943269282579422
v -0.411184698343277 -0.04296353831887245 0.029548268765211105
v -0.4067009389400482 -0.03926786780357361 0.052090905606746674
v -0.41763946413993835 -0.04233107715845108 0.04266306385397911
v -0.4217616021633148 -0.035187382251024246 0.05992046743631363
v -0.4219106435775757 -0.03110167756676674 0.02546684816479683
v -0.43063002824783325 -0.019140735268592834 0.04286652058362961
v -0.4314633011817932 -0.03045756369829178 0.06010022759437561
v -0.43570810556411743 -0.034470804035663605 0.06586068868637085
v -0.43425652384757996 -0.03507988154888153 0.06536726653575897
v -0.13386721909046173 -0.2905677855014801 0.2273673713207245
v -0.14000210165977478 -0.29829686880111694 0.2235563099384308
v -0.13744743168354034 -0.3114481270313263 0.22511142492294312
v -0.13787049055099487 -0.3072238564491272 0.22538673877716064
v -0.1405489295721054 -0.30544179677963257 0.23536168038845062
v -0.1400955617427826 -0.31796908378601074 0.2282731831073761
v -0.13254311680793762 -0.3112339973449707 0.23031190037727356
v -0.14011968672275543 -0.32524675130844116 0.23087984323501587
v -0.1405787467956543 -0.32388201355934143 0.23382067680358887
v 0.4755650758743286 0.03310524672269821 -0.12192733585834503
v 0.4803445041179657 0.0388442724943161 -0.11684264987707138
v 0.47963106632232666 0.04869880899786949 -0.11627821624279022
v 0.4609256684780121 0.04904458671808243 -0.12671002745628357
v 0.4885859191417694 0.058828242123126984 -0.1304640918970108
v 0.48059460520744324 0.060416124761104584 -0.13325518369674683
v 0.45713192224502563 0.044056426733732224 -0.13158628344535828
v 0.4659164547920227 0.04605850204825401 -0.1445005089044571
v 0.4739801585674286 0.0405731126666069 -0.14039210975170135
v -0.4949427545070648 0.027990035712718964 -0.036298759281635284
v -0.506220817565918 0.05933684855699539 -0.0295217614620924
v -0.5182700753211975 0.08774673193693161 -0.019952744245529175
v -0.5284752249717712 0.10317814350128174 -0.012300893664360046
v -0.4760022759437561 -0.03581167757511139 0.011650890111923218
v -0.497498482465744 -0.017939336597919464 -0.010045542381703854
v -0.49611008167266846 -0.0075497254729270935 -0.02919156849384308
v -0.5071378350257874 -0.009230159223079681 -0.02218622900545597
v -0.4934818148612976 -0.03410154581069946 0.06158479303121567
v -0.4967304468154907 -0.03399467468261719 0.04524392634630203
v -0.47631219029426575 -0.04340377077460289 0.041197605431079865
v -0.508928656578064 -0.025248393416404724 0.06716933101415634
v -0.474671870470047 -0.04025592654943466 0.02600232884287834
v -0.5423176884651184 -0.007451692596077919 0.07585760951042175
v -0.511455774307251 0.00571490079164505 -0.03628440201282501
v -0.5133752822875977 0.025616608560085297 -0.038798969238996506
v -0.5507722496986389 -0.004431672394275665 0.09064526855945587
v -0.5390276908874512 0.12056509405374527 0.00010465830564498901
v -0.5396708846092224 0.13452422618865967 0.013399861752986908
v -0.5229693651199341 0.13814422488212585 0.018786437809467316
v -0.5104353427886963 0.1437143087387085 0.032376453280448914
v -0.5181645154953003 0.15452946722507477 0.05207856744527817
v -0.514509916305542 0.15588943660259247 0.0668322816491127
v -0.5577848553657532 0.004662610590457916 0.1271132230758667
v -0.5199761390686035 0.16034996509552002 0.0787847712635994
v -0.4238100051879883 -0.03872963413596153 0.03685343638062477
v -0.4257437586784363 -0.03801237419247627 0.05693348869681358
v -0.4280353784561157 -0.039248645305633545 0.05115068331360817
v -0.43614572286605835 -0.03574484586715698 0.06440518796443939
v -0.4317869544029236 -0.023799598217010498 0.036273978650569916
v -0.432175874710083 -0.027724269777536392 0.05664577707648277
v -0.43456175923347473 -0.034985899925231934 0.06527860462665558
v -0.4465554356575012 -0.034931425005197525 0.0699400007724762
v -0.44734013080596924 -0.03490516543388367 0.07228715717792511
v -0.14148087799549103 -0.29951784014701843 0.2316124439239502
v -0.14311660826206207 -0.3051356077194214 0.22756433486938477
v -0.13860462605953217 -0.318661630153656 0.23093491792678833
v -0.14011332392692566 -0.31746914982795715 0.2275330126285553
v -0.14890548586845398 -0.32347172498703003 0.22304894030094147
v -0.15483009815216064 -0.3202774226665497 0.23252266645431519
v -0.14561842381954193 -0.32565271854400635 0.22514964640140533
v -0.14204105734825134 -0.3283705711364746 0.23185354471206665
v -0.14384357631206512 -0.32032570242881775 0.2326253056526184
v 0.48647627234458923 0.04119541123509407 -0.13427385687828064
v 0.4918172061443329 0.044703904539346695 -0.12841351330280304
v 0.4919074773788452 0.052233725786209106 -0.12747012078762054
v 0.47190842032432556 0.057017773389816284 -0.13828280568122864
v 0.4935876727104187 0.07153366506099701 -0.14909735321998596
v 0.5009540319442749 0.06670118123292923 -0.14257189631462097
v 0.4668079912662506 0.05203081667423248 -0.14026501774787903
v 0.48109036684036255 0.052481260150671005 -0.159898579120636
v 0.4896489083766937 0.04635816439986229 -0.15083040297031403
v -0.5155318975448608 0.044998593628406525 -0.03628399968147278
v -0.5267974138259888 0.07832223176956177 -0.024411339312791824
v -0.5381061434745789 0.09373512864112854 -0.016891486942768097
v -0.5509215593338013 0.10818162560462952 -0.007211633026599884
v -0.5018824934959412 -0.020561140030622482 0.0024240724742412567
v -0.516251266002655 -0.01131298765540123 -0.011069223284721375
v -0.5302230715751648 -9.898096323013306e-05 -0.02313980832695961
v -0.5193963050842285 0.0006725266575813293 -0.02960088662803173
v -0.5159508585929871 -0.02149985544383526 0.053104203194379807
v -0.5206318497657776 -0.01963811367750168 0.03958994895219803
v -0.49580204486846924 -0.03303099796175957 0.031001899391412735
v -0.5346957445144653 -0.01215752400457859 0.06262519955635071
v -0.49915850162506104 -0.025025971233844757 0.015478705987334251
v -0.5603073239326477 -0.0009747613221406937 0.08142486959695816
v -0.533666729927063 0.03864273428916931 -0.03717876970767975
v -0.5665552020072937 0.0004724506288766861 0.0966077372431755
v -0.5538806319236755 0.13179385662078857 0.011819452047348022
v -0.5466399192810059 0.1479724645614624 0.030678950250148773
v -0.5568665266036987 0.14116553962230682 0.02175750583410263
v -0.531139612197876 0.15169167518615723 0.0405760332942009
v -0.5301533341407776 0.16218453645706177 0.07092881202697754
v -0.5408199429512024 0.16131211817264557 0.06026735156774521
v -0.5361565351486206 0.1671367883682251 0.0874095931649208
v -0.430438756942749 -0.036435771733522415 0.04879876226186752
v -0.43344932794570923 -0.03559776768088341 0.0637282282114029
v -0.431916743516922 -0.036299146711826324 0.06367720663547516
v -0.45300665497779846 -0.033137816935777664 0.07215650379657745
v -0.433317631483078 -0.028766445815563202 0.052464358508586884
v -0.43409252166748047 -0.03487659990787506 0.06708598136901855
v -0.44209542870521545 -0.03636260703206062 0.07123498618602753
v -0.4665648341178894 -0.03130721300840378 0.079014852643013
v -0.46090883016586304 -0.031784430146217346 0.07589374482631683
v -0.1466972529888153 -0.3114323019981384 0.23085206747055054
v -0.15387699007987976 -0.32098841667175293 0.2296084314584732
v -0.1434774398803711 -0.3231242895126343 0.22792258858680725
v -0.14648976922035217 -0.33362194895744324 0.22549384832382202
v -0.15358109772205353 -0.33907774090766907 0.22193413972854614
v -0.1559310257434845 -0.32895392179489136 0.22633841633796692
v -0.1535152643918991 -0.3302823007106781 0.22752034664154053
v -0.1487220674753189 -0.33254867792129517 0.22831572592258453
v 0.5027787685394287 0.050113800913095474 -0.14502288401126862
v 0.5060848593711853 0.057757847011089325 -0.14119833707809448
v 0.48487740755081177 0.06783953309059143 -0.15124578773975372
v 0.5155690908432007 0.07297815382480621 -0.15502938628196716
v 0.5035172700881958 0.08064225316047668 -0.16089984774589539
v 0.4784988760948181 0.06188882887363434 -0.15880706906318665
v 0.4969656765460968 0.05640784651041031 -0.17255395650863647
v 0.5037261843681335 0.05364861711859703 -0.16328611969947815
v -0.5340627431869507 0.06762330234050751 -0.03096689283847809
v -0.5455567240715027 0.08767600357532501 -0.01954127848148346
v -0.5583849549293518 0.0991000309586525 -0.01207248866558075
v -0.5658807158470154 0.12339707463979721 0.006260521709918976
v -0.5253267884254456 -0.010215610265731812 -0.001323498785495758
v -0.5397738814353943 0.0001125633716583252 -0.013485116884112358
v -0.5531036853790283 0.009722862392663956 -0.022124622017145157
v -0.5448750257492065 0.013341959565877914 -0.030976420268416405
v -0.5224071741104126 -0.01723041757941246 0.02546731010079384
v -0.5342521071434021 -0.01362767443060875 0.04790593311190605
v -0.5572482347488403 -0.00373951718211174 0.0671072006225586
v -0.5225931406021118 -0.01390145719051361 0.01034969836473465
v -0.5754010677337646 0.004214208573102951 0.08647117018699646
v -0.5402198433876038 0.025224346667528152 -0.03796263039112091
v -0.5466431975364685 0.05532431975007057 -0.03401029855012894
v -0.5870275497436523 0.007575253024697304 0.09853391349315643
v -0.5701183080673218 0.13742056488990784 0.019220799207687378
v -0.5738294720649719 0.14941775798797607 0.03386910259723663
v -0.5662260055541992 0.15693721175193787 0.04546269774436951
v -0.5525632500648499 0.15869949758052826 0.05026913434267044
v -0.5601767897605896 0.16764526069164276 0.06831447035074234
v -0.5543290972709656 0.17138764262199402 0.08270931243896484
v -0.5918683409690857 0.015179536305367947 0.13360944390296936
v -0.5481820702552795 0.17238573729991913 0.09980782866477966
v -0.4348297715187073 -0.036943644285202026 0.06492356956005096
v -0.4434463083744049 -0.03467142954468727 0.067794568836689
v -0.44399747252464294 -0.03524293005466461 0.06586164236068726
v -0.4667704701423645 -0.028583191335201263 0.07722745835781097
v -0.4357062578201294 -0.0338110588490963 0.06352190673351288
v -0.44169557094573975 -0.03577274829149246 0.07199720293283463
v -0.4532526135444641 -0.03308183699846268 0.0759403258562088
v -0.47992801666259766 -0.02799006924033165 0.08154505491256714
v -0.48777762055397034 -0.026419714093208313 0.0838436409831047
v -0.15710461139678955 -0.31706297397613525 0.2334286868572235
v -0.16469532251358032 -0.3403085470199585 0.21112990379333496
v -0.16902077198028564 -0.33012425899505615 0.2146538496017456
v -0.15489165484905243 -0.3425980806350708 0.22091813385486603
v -0.16097649931907654 -0.33688509464263916 0.22474552690982819
v 0.5127496719360352 0.05700010433793068 -0.15741115808486938
v 0.5191086530685425 0.06158801168203354 -0.15691253542900085
v 0.4914780855178833 0.07721824198961258 -0.1710413098335266
v 0.531251072883606 0.07700046896934509 -0.17220187187194824
v 0.5217083692550659 0.08881469070911407 -0.17618197202682495
v 0.4907954931259155 0.06681141257286072 -0.1816171258687973
v 0.5021806955337524 0.06815756112337112 -0.1937205195426941
v 0.5092176795005798 0.060461919754743576 -0.1836932897567749
v -0.5502021312713623 0.08095305413007736 -0.023464716970920563
v -0.5617186427116394 0.09174545109272003 -0.016423560678958893
v -0.572447657585144 0.10984774678945541 -0.0025963857769966125
v -0.582589864730835 0.13258835673332214 0.01662888377904892
v -0.5493049025535583 0.0008248277008533478 -0.0017274878919124603
v -0.5638849139213562 0.011922251433134079 -0.013287115842103958
v -0.5811425447463989 0.026082035154104233 -0.021915309131145477
v -0.5696612596511841 0.03352639079093933 -0.03148575872182846
v -0.5469299554824829 -0.009247522801160812 0.036716509610414505
v -0.5467004179954529 -0.005783878266811371 0.018506228923797607
v -0.5527878999710083 -0.0065966881811618805 0.051832474768161774
v -0.5784919857978821 0.005020318552851677 0.07379736006259918
v -0.5447757244110107 -0.003827504813671112 0.006930578500032425
v -0.5927173495292664 0.010332447476685047 0.08657317608594894
v -0.5579676032066345 0.04622475057840347 -0.035164445638656616
v -0.5606899261474609 0.07187328487634659 -0.027035102248191833
v -0.6074438691139221 0.016978483647108078 0.10009196400642395
v -0.5894815921783447 0.14365150034427643 0.0288831889629364
v -0.5967151522636414 0.15380197763442993 0.04294167459011078
v -0.5849718451499939 0.1600417047739029 0.05106828361749649
v -0.5732616186141968 0.16580529510974884 0.061822310090065
v -0.5814746618270874 0.17544971406459808 0.08349370956420898
v -0.5736614465713501 0.17878073453903198 0.10097180306911469
v -0.6143083572387695 0.028472404927015305 0.13928651809692383
v -0.5606573820114136 0.1758875995874405 0.11235452443361282
v -0.4421151280403137 -0.03590835630893707 0.06767720729112625
v -0.4596979022026062 -0.03015574812889099 0.06863651424646378
v -0.463165283203125 -0.032526399940252304 0.07465305924415588
v -0.48697811365127563 -0.027166936546564102 0.08002366870641708
v -0.44023799896240234 -0.036990463733673096 0.06840083748102188
v -0.4482281506061554 -0.033465154469013214 0.07359927892684937
v -0.47524604201316833 -0.025770459324121475 0.08029700815677643
v -0.499661922454834 -0.019833169877529144 0.08499984443187714
v -0.5038518309593201 -0.02282419428229332 0.0860225111246109
v -0.17015892267227173 -0.3332928419113159 0.22204241156578064
v -0.17263902723789215 -0.34184420108795166 0.20201630890369415
v -0.182417094707489 -0.34035995602607727 0.1988256871700287
v -0.16750724613666534 -0.3443549573421478 0.2138228714466095
v -0.16882705688476562 -0.342663049697876 0.21988622844219208
v 0.5194072723388672 0.060074660927057266 -0.1749171018600464
v 0.5304195284843445 0.06833703070878983 -0.1761808693408966
v 0.4976806938648224 0.08791892230510712 -0.1925656646490097
v 0.5402127504348755 0.08922261744737625 -0.1913965940475464
v 0.5309381484985352 0.09484168887138367 -0.19580096006393433
v 0.4993881285190582 0.07865530252456665 -0.20118311047554016
v 0.5083279609680176 0.07870931923389435 -0.21058669686317444
v 0.5133242011070251 0.07112420350313187 -0.2036094069480896
v -0.5755360126495361 0.09941862523555756 -0.009358957409858704
v -0.5887232422828674 0.12214522808790207 0.009500160813331604
v -0.6017049551010132 0.13537007570266724 0.023537777364253998
v -0.5744409561157227 0.012746647000312805 9.85264778137207e-05
v -0.592002809047699 0.02459719032049179 -0.0069085583090782166
v -0.5990583300590515 0.044424377381801605 -0.020339276641607285
v -0.5865269899368286 0.0520968958735466 -0.026676617562770844
v -0.574296772480011 0.0042310841381549835 0.028479963541030884
v -0.5683478713035583 -0.0004901252686977386 0.04404831677675247
v -0.5745638608932495 0.0019829943776130676 0.05850783735513687
v -0.5971026420593262 0.012984488159418106 0.07698516547679901
v -0.5668044686317444 0.004469428211450577 0.01130472868680954
v -0.6116050481796265 0.019802531227469444 0.0870727002620697
v -0.5721017718315125 0.06255101412534714 -0.028619293123483658
v -0.5713480710983276 0.08559530973434448 -0.018200762569904327
v -0.6247413158416748 0.02780081331729889 0.09983555972576141
v -0.6093448996543884 0.1476544588804245 0.037919774651527405
v -0.6161230206489563 0.15762914717197418 0.05270139127969742
v -0.6041379570960999 0.16217130422592163 0.05759035050868988
v -0.5970591306686401 0.169779971241951 0.06955534964799881
v -0.602164089679718 0.1829947531223297 0.10170751810073853
v -0.5995543599128723 0.18492284417152405 0.11578384786844254
v -0.6350419521331787 0.04436875134706497 0.1450972557067871
v -0.5812106132507324 0.18164625763893127 0.1204577088356018
v -0.4510902762413025 -0.03283092379570007 0.06929874420166016
v -0.48848602175712585 -0.026946518570184708 0.07565473020076752
v -0.4786296784877777 -0.02870165929198265 0.07057363539934158
v -0.5073726177215576 -0.025080624967813492 0.08062654733657837
v -0.44785353541374207 -0.03337666764855385 0.07064136862754822
v -0.46348482370376587 -0.024466995149850845 0.07576455920934677
v -0.49149852991104126 -0.019746016710996628 0.08167286217212677
v -0.5246684551239014 -0.019837472587823868 0.08725623786449432
v -0.5125035047531128 -0.0177847258746624 0.08729632198810577
v -0.1817089319229126 -0.34180617332458496 0.20589181780815125
v -0.1815357506275177 -0.3442409336566925 0.19302606582641602
v -0.1908591091632843 -0.3518953323364258 0.1854686737060547
v -0.17097249627113342 -0.34329652786254883 0.2036629021167755
v -0.174563929438591 -0.34843021631240845 0.2069815695285797
v -0.1794247180223465 -0.3471933603286743 0.21125759184360504
v 0.5202761888504028 0.0659661591053009 -0.1940755397081375
v 0.5315567255020142 0.06947247684001923 -0.1933497041463852
v 0.5398550033569336 0.07789434492588043 -0.18960265815258026
v 0.5150721669197083 0.09583676606416702 -0.20260095596313477
v 0.5418535470962524 0.09207446873188019 -0.20347866415977478
v 0.5379425287246704 0.09776321053504944 -0.20646512508392334
v 0.5063347220420837 0.09125000238418579 -0.21232271194458008
v 0.5176452994346619 0.08708600699901581 -0.22103776037693024
v 0.5186761617660522 0.0794617161154747 -0.21670787036418915
v -0.5901772975921631 0.09580723196268082 -0.007953234016895294
v -0.5911655426025391 0.10979309678077698 0.0012971088290214539
v -0.6110097169876099 0.12205307930707932 0.01579662412405014
v -0.6219687461853027 0.13752497732639313 0.032177992165088654
v -0.5980551838874817 0.024519026279449463 0.005580484867095947
v -0.6090892553329468 0.03995107486844063 -0.01032167673110962
v -0.6130094528198242 0.062168437987565994 -0.013173729181289673
v -0.597197413444519 0.07044745236635208 -0.017818301916122437
v -0.5953159928321838 0.012096699327230453 0.04664653539657593
v -0.5992724895477295 0.01693250611424446 0.033862918615341187
v -0.5959299206733704 0.012141045182943344 0.06523292511701584
v -0.6134277582168579 0.021304788067936897 0.07420676946640015
v -0.5948744416236877 0.018880533054471016 0.015925072133541107
v -0.6257304549217224 0.028188573196530342 0.08512519299983978
v -0.5850913524627686 0.07977448403835297 -0.017744876444339752
v -0.6401700377464294 0.03810763359069824 0.10871652513742447
v -0.6296294927597046 0.1500193178653717 0.04771028459072113
v -0.635387659072876 0.1623181253671646 0.06543091684579849
v -0.6180611848831177 0.16924269497394562 0.07081474363803864
v -0.6125519275665283 0.17846983671188354 0.08753016591072083
v -0.6539677381515503 0.06295941770076752 0.15081346035003662
v -0.4666871428489685 -0.02920074388384819 0.06519513577222824
v -0.50313800573349 -0.026568904519081116 0.07137888669967651
v -0.4938298463821411 -0.027682937681674957 0.06086660921573639
v -0.522503674030304 -0.02346295863389969 0.07755416631698608
v -0.4604964852333069 -0.024836018681526184 0.06762132793664932
v -0.48628777265548706 -0.014747656881809235 0.07477608323097229
v -0.5036107301712036 -0.012518361210823059 0.08268579095602036
v -0.5185328125953674 -0.01276891678571701 0.0859796404838562
v -0.5268937349319458 -0.01522081345319748 0.0849403366446495
v -0.18903642892837524 -0.34909307956695557 0.18892580270767212
v -0.19185511767864227 -0.3525365889072418 0.18024685978889465
v -0.19265761971473694 -0.35762059688568115 0.18391409516334534
v -0.17870494723320007 -0.34744346141815186 0.193804532289505
v -0.18241889774799347 -0.35092079639434814 0.19729411602020264
v -0.18511930108070374 -0.35000258684158325 0.19529911875724792
v 0.5263416171073914 0.07422499358654022 -0.21209433674812317
v 0.5447632670402527 0.08684394508600235 -0.20384234189987183
v 0.5396985411643982 0.07825476676225662 -0.207576185464859
v 0.5265544652938843 0.09913083910942078 -0.21059371531009674
v 0.5420289635658264 0.09701839089393616 -0.21577131748199463
v 0.5376846790313721 0.0994391217827797 -0.21940435469150543
v 0.519378125667572 0.097873255610466 -0.2205074429512024
v 0.5257924795150757 0.09420517832040787 -0.22676153481006622
v 0.5291178226470947 0.08505085110664368 -0.22811076045036316
v -0.6085779070854187 0.09300437569618225 -0.0018927529454231262
v -0.6084177494049072 0.10606410354375839 0.005357615649700165
v -0.6318268775939941 0.12789858877658844 0.028159625828266144
v -0.6387454271316528 0.13957743346691132 0.041242316365242004
v -0.6140038371086121 0.03650710731744766 0.0032884106040000916
v -0.622596263885498 0.055781394243240356 -0.006028860807418823
v -0.6187377572059631 0.08090768754482269 -0.0028576552867889404
v -0.6031734347343445 0.08148477971553802 -0.010194562375545502
v -0.6179523468017578 0.026548251509666443 0.04651043564081192
v -0.6175878643989563 0.030323922634124756 0.030874669551849365
v -0.6154928207397461 0.023332374170422554 0.06102088838815689
v -0.6297712326049805 0.03220859915018082 0.0748322457075119
v -0.6163013577461243 0.034259356558322906 0.016368448734283447
v -0.6417866349220276 0.03990523889660835 0.09113915264606476
v -0.6580408215522766 0.053000520914793015 0.10711577534675598
v -0.6477882266044617 0.151815727353096 0.058382123708724976
v -0.6539101600646973 0.16359800100326538 0.07754110544919968
v -0.6393268704414368 0.17690065503120422 0.0895802229642868
v -0.6289300918579102 0.1845301389694214 0.10579439997673035
v -0.616008460521698 0.18660274147987366 0.11486287415027618
v -0.6161688566207886 0.1879454106092453 0.12437555193901062
v -0.6678817272186279 0.07913927733898163 0.15539930760860443
v -0.48533064126968384 -0.018724672496318817 0.053491514176130295
v -0.521717369556427 -0.023276977241039276 0.06715261191129684
v -0.5162011981010437 -0.01863185316324234 0.06123289093375206
v -0.5361412763595581 -0.019457541406154633 0.07690270245075226
v -0.47502991557121277 -0.015752211213111877 0.06638069450855255
v -0.49980491399765015 -0.010205879807472229 0.07410606741905212
v -0.5083932280540466 -0.011901095509529114 0.08250640332698822
v -0.5179160833358765 -0.01163087785243988 0.08632609993219376
v -0.5285289287567139 -0.016878202557563782 0.08323496580123901
v -0.18705248832702637 -0.3493143320083618 0.19481486082077026
v -0.1923825740814209 -0.35399407148361206 0.1802840232849121
v -0.1887391358613968 -0.35370442271232605 0.18462708592414856
v -0.1913185715675354 -0.35441574454307556 0.18429610133171082
v -0.19079792499542236 -0.3504289984703064 0.1824600100517273
v -0.18800707161426544 -0.35263457894325256 0.18426769971847534
v -0.18825723230838776 -0.3503073453903198 0.18475210666656494
v 0.534687876701355 0.08130379766225815 -0.221510648727417
v 0.5447885990142822 0.08878959715366364 -0.22205699980258942
v 0.5443949103355408 0.09262508898973465 -0.21436868607997894
v 0.5294774174690247 0.0996294766664505 -0.21898701786994934
v 0.5273562073707581 0.09799826890230179 -0.22322170436382294
v 0.5339471101760864 0.09381895512342453 -0.22799962759017944
v 0.5361497402191162 0.08953531831502914 -0.2289789915084839
v -0.6210735440254211 0.10508295893669128 0.00985690951347351
v -0.6458472013473511 0.13141383230686188 0.03768236190080643
v -0.6540490388870239 0.13954347372055054 0.04950747638940811
v -0.6306007504463196 0.052158333361148834 0.003887653350830078
v -0.6352931261062622 0.07383814454078674 0.0028549209237098694
v -0.6259059309959412 0.09745360165834427 0.008813463151454926
v -0.6350212693214417 0.04121161252260208 0.04620205610990524
v -0.6344481706619263 0.04499371349811554 0.03132305294275284
v -0.6335060596466064 0.036454081535339355 0.061964817345142365
v -0.6466099619865417 0.04551321640610695 0.07669544965028763
v -0.6324664950370789 0.04803764447569847 0.01636015623807907
v -0.6575969457626343 0.05299307405948639 0.08995401114225388
v -0.6773075461387634 0.07619988918304443 0.1179712787270546
v -0.6605136394500732 0.15332305431365967 0.06924819201231003
v -0.6628564596176147 0.17357900738716125 0.0983748733997345
v -0.6510069966316223 0.1823480725288391 0.10866476595401764
v -0.6404805779457092 0.18753772974014282 0.11788003891706467
v -0.6283751726150513 0.18917964398860931 0.12281321734189987
v -0.6230822801589966 0.1887385994195938 0.13047224283218384
v -0.6279709935188293 0.19000664353370667 0.1322459876537323
v -0.501562237739563 -0.014120012521743774 0.058306969702243805
v -0.5305278301239014 -0.017183072865009308 0.06842160224914551
v -0.5263009667396545 -0.015072628855705261 0.06825597584247589
v -0.5352208018302917 -0.01894402876496315 0.07872306555509567
v -0.49694180488586426 -0.01007658988237381 0.062330834567546844
v -0.5056475400924683 -0.009088270366191864 0.07788078486919403
v -0.5120655298233032 -0.007905028760433197 0.08506610989570618
v -0.515853762626648 -0.006637364625930786 0.09038858115673065
v -0.5220301747322083 -0.011680945754051208 0.0909610390663147
v -0.1883401870727539 -0.35070911049842834 0.18528103828430176
v -0.19115781784057617 -0.3557780086994171 0.18122854828834534
v -0.19232775270938873 -0.35152575373649597 0.17683880031108856
v -0.1870366930961609 -0.3472190797328949 0.17600321769714355
v -0.1886264979839325 -0.3508567810058594 0.17947602272033691
v -0.1904999315738678 -0.3524242043495178 0.1768474578857422
v -0.19036225974559784 -0.3511636555194855 0.17762421071529388
v 0.5373293161392212 0.0882108137011528 -0.22801733016967773
v 0.5454670190811157 0.09292744100093842 -0.22766748070716858
v 0.5439121127128601 0.09659163653850555 -0.22435486316680908
v 0.5333914756774902 0.09819736331701279 -0.22526821494102478
v 0.5401840209960938 0.09904052317142487 -0.22637036442756653
v 0.5366860032081604 0.09450481086969376 -0.22845670580863953
v 0.5381344556808472 0.09232887625694275 -0.22994700074195862
v -0.6316096186637878 0.11064058542251587 0.01744575798511505
v -0.6253418922424316 0.11632298678159714 0.017493925988674164
v -0.643382728099823 0.12175563722848892 0.02897130697965622
v -0.6567400693893433 0.129343181848526 0.04205355793237686
v -0.6599681973457336 0.1455482542514801 0.05990137159824371
v -0.6438179016113281 0.07011405378580093 0.010142728686332703
v -0.64061439037323 0.09182535111904144 0.013579003512859344
v -0.6498686075210571 0.05442404747009277 0.0496179461479187
v -0.6504542827606201 0.06236851587891579 0.03231595456600189
v -0.6491832137107849 0.05036138743162155 0.06294543296098709
v -0.6619443893432617 0.05864633247256279 0.07801423966884613
v -0.6449965834617615 0.062325574457645416 0.017455637454986572
v -0.6727849841117859 0.06788145005702972 0.09562239795923233
v -0.6923842430114746 0.09660670161247253 0.122374027967453
v -0.6682857871055603 0.15756170451641083 0.08088384568691254
v -0.6709144711494446 0.17962515354156494 0.11770020425319672
v -0.654079794883728 0.18572358787059784 0.12094997614622116
v -0.6412334442138672 0.19037778675556183 0.12972143292427063
v -0.6969396471977234 0.1228228509426117 0.1656307578086853
v -0.5145381689071655 -0.010435782372951508 0.06485089659690857
v -0.532892644405365 -0.013356402516365051 0.07342830300331116
v -0.5375679731369019 -0.018082205206155777 0.07487466186285019
v -0.5347927808761597 -0.016997437924146652 0.08329296857118607
v -0.5087056756019592 -0.006543010473251343 0.06978021562099457
v -0.5111139416694641 -0.007269084453582764 0.0828915536403656
v -0.5193908214569092 -0.0036070644855499268 0.08619692921638489
v -0.5213420391082764 -0.00932542234659195 0.09610962867736816
v -0.5209855437278748 -0.005898609757423401 0.09798011928796768
v -0.19179007411003113 -0.3534620702266693 0.17802217602729797
v -0.19403383135795593 -0.3550748825073242 0.17862959206104279
v -0.18843428790569305 -0.34779486060142517 0.17620345950126648
v -0.1864473521709442 -0.34639614820480347 0.1666455864906311
v -0.1879463791847229 -0.34587547183036804 0.1746409833431244
v -0.19027948379516602 -0.35105717182159424 0.17134204506874084
v -0.18759162724018097 -0.3484034538269043 0.17852690815925598
v 0.5399424433708191 0.08973369747400284 -0.22602584958076477
v 0.5490896701812744 0.09763786196708679 -0.23276787996292114
v 0.5466086268424988 0.09508057683706284 -0.2330855429172516
v 0.5443788766860962 0.0982293039560318 -0.23054686188697815
v 0.5382451415061951 0.09747479110956192 -0.22884401679039001
v 0.540101170539856 0.09518645703792572 -0.23228269815444946
v 0.5410733819007874 0.09462548047304153 -0.2325482964515686
v -0.6448363661766052 0.10931228846311569 0.02287178486585617
v -0.6583211421966553 0.11850772053003311 0.034964799880981445
v -0.6664171814918518 0.13681507110595703 0.05596516281366348
v -0.6579102873802185 0.08718124777078629 0.021807536482810974
v -0.6643999814987183 0.06882432848215103 0.049901582300662994
v -0.6668046712875366 0.07738697528839111 0.03948013484477997
v -0.6642749309539795 0.06420008838176727 0.06384729593992233
v -0.6796122193336487 0.0762542113661766 0.0803811326622963
v -0.6576101183891296 0.07582010328769684 0.02519768476486206
v -0.6893197894096375 0.08744300156831741 0.10080733150243759
v -0.7042118310928345 0.11367353796958923 0.13357460498809814
v -0.6811910271644592 0.16290540993213654 0.10165973007678986
v -0.6789301633834839 0.18182379007339478 0.13291189074516296
v -0.6609448194503784 0.18727877736091614 0.13392101228237152
v -0.6625628471374512 0.18890105187892914 0.1551896035671234
v -0.6913456916809082 0.1774226576089859 0.1662186086177826
v -0.5259982943534851 -0.008538693189620972 0.07304871082305908
v -0.5408783555030823 -0.01602092757821083 0.07903408259153366
v -0.5417836904525757 -0.010003767907619476 0.07885035872459412
v -0.5283965468406677 -0.010342158377170563 0.09268642961978912
v -0.5158630609512329 -0.005233690142631531 0.07863233983516693
v -0.5182923078536987 -0.004316218197345734 0.08376277983188629
v -0.5259485244750977 0.0039068907499313354 0.09171418845653534
v -0.5259982347488403 -0.002822868525981903 0.10615883767604828
v -0.5299762487411499 -0.002252429723739624 0.10284306108951569
v -0.19161772727966309 -0.35272520780563354 0.17658011615276337
v -0.19354581832885742 -0.34701797366142273 0.17559975385665894
v -0.18545308709144592 -0.34964555501937866 0.1650487780570984
v -0.18894891440868378 -0.34995710849761963 0.1535244882106781
v -0.193546324968338 -0.34173834323883057 0.161002054810524
v -0.18894639611244202 -0.35364216566085815 0.17122869193553925
v -0.19090113043785095 -0.35323429107666016 0.1737760454416275
v 0.5446631908416748 0.09400158375501633 -0.2321254014968872
v 0.5456851124763489 0.09930107742547989 -0.23424504697322845
v 0.5488089323043823 0.10300522297620773 -0.2389397919178009
v 0.54878830909729 0.09949968010187149 -0.23724409937858582
v 0.5411818027496338 0.09781365096569061 -0.23200014233589172
v 0.5422289371490479 0.09871921688318253 -0.23791445791721344
v 0.5455777049064636 0.09749553352594376 -0.23809075355529785
v -0.6593250632286072 0.10432595014572144 0.02821723371744156
v -0.6685575842857361 0.12476015090942383 0.046959154307842255
v -0.6683802604675293 0.14730894565582275 0.06850782781839371
v -0.67523193359375 0.1414799690246582 0.06828288733959198
v -0.6713424324989319 0.08784925192594528 0.03565848618745804
v -0.6782955527305603 0.08228834718465805 0.0538899302482605
v -0.6777942776679993 0.08847930282354355 0.0444236621260643
v -0.6769854426383972 0.07636948674917221 0.0638827234506607
v -0.6901444792747498 0.08851664513349533 0.08750653266906738
v -0.7030655741691589 0.10602216422557831 0.11237505823373795
v -0.707518994808197 0.1333506852388382 0.13771794736385345
v -0.6779226064682007 0.14974962174892426 0.08106956630945206
v -0.6876493692398071 0.15063835680484772 0.09278841316699982
v -0.6874637007713318 0.17188212275505066 0.12229162454605103
v -0.6778616309165955 0.18670277297496796 0.14488095045089722
v -0.6932496428489685 0.18044477701187134 0.14132404327392578
v -0.6987006664276123 0.1685909777879715 0.1469171941280365
v -0.5307271480560303 -0.006321966648101807 0.08284877985715866
v -0.5474455952644348 -0.0049162134528160095 0.08497017621994019
v -0.5398191809654236 -0.014331575483083725 0.08693065494298935
v -0.5363720655441284 -0.009693033993244171 0.09641437977552414
v -0.5238235592842102 -0.0036848559975624084 0.0845935195684433
v -0.5309609770774841 -0.0005029812455177307 0.09288583695888519
v -0.5368725061416626 0.0002285391092300415 0.09964580833911896
v -0.5368170142173767 0.0013729482889175415 0.11354178935289383
v -0.5312116742134094 -0.0008299797773361206 0.11316701769828796
v -0.19296616315841675 -0.34963351488113403 0.17563706636428833
v -0.19988486170768738 -0.3490300178527832 0.16796797513961792
v -0.19284772872924805 -0.35927557945251465 0.15125900506973267
v -0.200198233127594 -0.35217928886413574 0.1360534429550171
v -0.20325790345668793 -0.3471056818962097 0.1436615139245987
v -0.1923554241657257 -0.3610967695713043 0.161268949508667
v -0.19154223799705505 -0.3591179847717285 0.17009712755680084
v 0.5484155416488647 0.09826358407735825 -0.23777541518211365
v 0.5467438101768494 0.10171771049499512 -0.2381294071674347
v 0.5513592958450317 0.10301118344068527 -0.24191628396511078
v 0.551276683807373 0.10784339904785156 -0.24458560347557068
v 0.5440379977226257 0.09968294948339462 -0.23821714520454407
v 0.5449230670928955 0.10155622661113739 -0.24408680200576782
v 0.5498723983764648 0.10087550431489944 -0.24423645436763763
v -0.6737103462219238 0.1008518785238266 0.03659916669130325
v -0.6777209639549255 0.13162358105182648 0.06077410280704498
v -0.686018705368042 0.14008891582489014 0.07743138074874878
v -0.6883525848388672 0.09622229635715485 0.0581829696893692
v -0.6838854551315308 0.0997740849852562 0.04800675809383392
v -0.6898474097251892 0.0893034040927887 0.07292959839105606
v -0.6988196969032288 0.09942905604839325 0.09178850054740906
v -0.7107515335083008 0.12711778283119202 0.12127991765737534
v -0.7026524543762207 0.15206654369831085 0.14131826162338257
v -0.6958431005477905 0.15343573689460754 0.11255991458892822
v -0.7011156678199768 0.1360003799200058 0.09519992768764496
v -0.6985872387886047 0.16436105966567993 0.13247057795524597
v -0.5420392155647278 -3.3348798751831055e-05 0.09040626883506775
v -0.5520156621932983 -0.010610736906528473 0.09122605621814728
v -0.5578646063804626 -0.005419962108135223 0.09230555593967438
v -0.5422067642211914 -0.013781148940324783 0.09814083576202393
v -0.5341882109642029 -0.002430073916912079 0.08977384120225906
v -0.540012538433075 0.004283711314201355 0.1010747104883194
v -0.5456314086914062 0.005431182682514191 0.10673543810844421
v -0.5433986186981201 -0.001751922070980072 0.11276708543300629
v -0.5401607751846313 -0.011693716049194336 0.10779841244220734
v -0.19756945967674255 -0.35748112201690674 0.16909055411815643
v -0.20643338561058044 -0.35003018379211426 0.1520126610994339
v -0.19867746531963348 -0.36013320088386536 0.1383552849292755
v -0.21321827173233032 -0.3558395504951477 0.11589664965867996
v -0.21742087602615356 -0.3513535261154175 0.12130555510520935
v -0.20083245635032654 -0.3679139018058777 0.14535363018512726
v -0.19849756360054016 -0.36548322439193726 0.1578017771244049
v 0.5517980456352234 0.10271865874528885 -0.24343526363372803
v 0.5456877946853638 0.10977235436439514 -0.24327901005744934
v 0.5533276200294495 0.10763228684663773 -0.2484775185585022
v 0.5523342490196228 0.11520928144454956 -0.24976083636283875
v 0.5414015650749207 0.10632772743701935 -0.24177417159080505
v 0.5421331524848938 0.1094093844294548 -0.25332388281822205
v 0.5482190251350403 0.10640671104192734 -0.25369155406951904
v -0.6693567037582397 0.11304718255996704 0.039630040526390076
v -0.6921915411949158 0.12732039391994476 0.07192900776863098
v -0.6823799014091492 0.11561962962150574 0.05210001766681671
v -0.6941213011741638 0.11007878184318542 0.06569917500019073
v -0.6990730166435242 0.10527849197387695 0.07912581413984299
v -0.708522379398346 0.11842463165521622 0.10049964487552643
v -0.7050870656967163 0.14383870363235474 0.12663087248802185
v -0.707110583782196 0.1371244639158249 0.1126951053738594
v -0.702340304851532 0.11911185085773468 0.08392661064863205
v -0.5545008778572083 0.00040143728256225586 0.09249577671289444
v -0.561266303062439 -0.006989225745201111 0.09756976366043091
v -0.5626960396766663 -0.0010343864560127258 0.09579474478960037
v -0.552083432674408 -0.010897547006607056 0.10584805905818939
v -0.5495132803916931 0.004399329423904419 0.09811966121196747
v -0.5512639880180359 0.005523078143596649 0.10266616195440292
v -0.5508834719657898 -0.00017218291759490967 0.11052738130092621
v -0.5473691821098328 -0.0034325718879699707 0.11279558390378952
v -0.5519686937332153 -0.006462588906288147 0.11254449933767319
v -0.20771142840385437 -0.3597906827926636 0.15426576137542725
v -0.21406757831573486 -0.3520950376987457 0.133765310049057
v -0.2076825648546219 -0.3614274561405182 0.12125750631093979
v -0.22464582324028015 -0.3577142357826233 0.10947148501873016
v -0.2222365140914917 -0.35713520646095276 0.10499174892902374
v -0.20794594287872314 -0.37019088864326477 0.12595784664154053
v -0.21317049860954285 -0.3735364079475403 0.1335555613040924
v 0.553444504737854 0.10675660520792007 -0.25109899044036865
v 0.5425544381141663 0.11981826275587082 -0.24900145828723907
v 0.5564231276512146 0.11884202063083649 -0.2599155306816101
v 0.5517768859863281 0.12666718661785126 -0.2578921318054199
v 0.5393357872962952 0.11539492011070251 -0.25326505303382874
v 0.5399824380874634 0.11867846548557281 -0.2656411826610565
v 0.5444505214691162 0.11303732544183731 -0.2636076509952545
v -0.5657532811164856 0.0006602182984352112 0.09884930402040482
v -0.5601868629455566 -0.0038246065378189087 0.10312068462371826
v -0.5659533739089966 0.001788027584552765 0.09850381314754486
v -0.550184965133667 -0.010858137160539627 0.11301116645336151
v -0.5589286684989929 0.0036634355783462524 0.10329432785511017
v -0.5598881244659424 0.00759260356426239 0.10947678983211517
v -0.5549198985099792 -0.00011169165372848511 0.11391330510377884
v -0.5533889532089233 -0.005528859794139862 0.1152009665966034
v -0.5541591048240662 -0.007557682693004608 0.11546561121940613
v -0.21923795342445374 -0.36330121755599976 0.1357160359621048
v -0.22570666670799255 -0.35936397314071655 0.11729961633682251
v -0.21826127171516418 -0.3603977560997009 0.10250961780548096
v -0.23199284076690674 -0.36025330424308777 0.10357281565666199
v -0.2302028089761734 -0.35911157727241516 0.09816774725914001
v -0.21589793264865875 -0.3695693016052246 0.10375088453292847
v -0.21686027944087982 -0.3759411871433258 0.11043564230203629
v 0.5514084100723267 0.11414053291082382 -0.26536616683006287
v 0.5441484451293945 0.13099800050258636 -0.261030375957489
v 0.5553402900695801 0.13350774347782135 -0.2732797861099243
v 0.5495553612709045 0.13863328099250793 -0.27231669425964355
v 0.5387992858886719 0.12719568610191345 -0.262426495552063
v 0.5401447415351868 0.1315426230430603 -0.2768099308013916
v 0.5449614524841309 0.12300917506217957 -0.27773040533065796
v -0.5655757784843445 0.0034273043274879456 0.09863671660423279
v -0.5569922924041748 -0.0036606565117836 0.10174714028835297
v -0.5549968481063843 -0.004783235490322113 0.10979391634464264
v -0.556159257888794 0.0005413591861724854 0.11189566552639008
v -0.5637758374214172 0.001765415072441101 0.10558603703975677
v -0.5636292099952698 0.00042648613452911377 0.11095724999904633
v -0.5566238164901733 -0.0030124709010124207 0.11383400857448578
v -0.5657241344451904 -0.0027388110756874084 0.11364420503377914
v -0.5577027201652527 -0.0037313252687454224 0.11413680016994476
v -0.22643612325191498 -0.36906325817108154 0.11599960178136826
v -0.22336579859256744 -0.3754183053970337 0.11445107311010361
v -0.2323056161403656 -0.36282649636268616 0.10263584554195404
v -0.22678470611572266 -0.3602311909198761 0.09113697707653046
v -0.23529081046581268 -0.36241036653518677 0.08373426645994186
v -0.23855435848236084 -0.36145710945129395 0.09091184288263321
v -0.22327232360839844 -0.36717021465301514 0.08830846101045609
v -0.22348961234092712 -0.3777956962585449 0.09020954370498657
v 0.5550848245620728 0.12617738544940948 -0.2766109108924866
v 0.5428066849708557 0.1381274312734604 -0.2726556360721588
v 0.5484771728515625 0.14769336581230164 -0.2848803400993347
v 0.5548771023750305 0.14461472630500793 -0.2857300043106079
v 0.5535079836845398 0.13557791709899902 -0.2922692894935608
v 0.5449320077896118 0.13787351548671722 -0.29117798805236816
v -0.5631211996078491 0.0012115836143493652 0.10174651443958282
v -0.5497989654541016 -0.007992461323738098 0.11205565929412842
v -0.5521842837333679 -0.006973378360271454 0.10560475289821625
v -0.5655585527420044 0.004221774637699127 0.10849018394947052
v -0.5587602853775024 0.006507448852062225 0.10947559773921967
v -0.5559476017951965 -0.001889064908027649 0.11547013372182846
v -0.5571479797363281 -0.0001674741506576538 0.11597785353660583
v -0.5640174150466919 0.0016003474593162537 0.11200819909572601
v -0.5618680119514465 0.0016163811087608337 0.11087232828140259
v -0.2324587106704712 -0.3703010678291321 0.10105249285697937
v -0.22999374568462372 -0.37499815225601196 0.09865513443946838
v -0.23832981288433075 -0.36756274104118347 0.09069468080997467
v -0.2316252589225769 -0.3668615221977234 0.07687365263700485
v -0.23827458918094635 -0.3685643970966339 0.07115321606397629
v -0.24324408173561096 -0.36483830213546753 0.07598301768302917
v -0.2309921532869339 -0.37761905789375305 0.07914573699235916
v -0.23114696145057678 -0.38010373711586 0.08065026253461838
v 0.5577278733253479 0.1412481814622879 -0.28702056407928467
v 0.5438527464866638 0.14517396688461304 -0.2862449288368225
v 0.5550748109817505 0.153344988822937 -0.2958194613456726
v 0.5495311617851257 0.15605151653289795 -0.29581522941589355
v 0.5587319731712341 0.14807921648025513 -0.2985336184501648
v 0.5516189336776733 0.1462973654270172 -0.30403268337249756
v -0.5537956357002258 -0.0003494545817375183 0.11150262504816055
v -0.5602109432220459 0.0025861412286758423 0.10477274656295776
v -0.5526597499847412 -0.002826124429702759 0.10620956867933273
v -0.564648449420929 -0.00016305595636367798 0.10771913826465607
v -0.5571275353431702 -0.00045784562826156616 0.1163204088807106
v -0.5593749284744263 -0.001552574336528778 0.11495427787303925
v -0.5596198439598083 -0.0010229051113128662 0.11594533920288086
v -0.562040388584137 -0.0009890608489513397 0.11230072379112244
v -0.5691013932228088 -0.00035685673356056213 0.10981173813343048
v -0.23739317059516907 -0.3754185736179352 0.08797135204076767
v -0.23624752461910248 -0.37871256470680237 0.08264181017875671
v -0.2436976134777069 -0.36612242460250854 0.07774288207292557
v -0.23812353610992432 -0.37619704008102417 0.06548088043928146
v -0.24346952140331268 -0.3760402202606201 0.0608648955821991
v -0.2444237470626831 -0.36872631311416626 0.06590519845485687
v -0.23692253232002258 -0.38038170337677 0.0704507902264595
v -0.23930850625038147 -0.38095664978027344 0.07231201231479645
v 0.5588155388832092 0.15160530805587769 -0.2913267910480499
v 0.5472511053085327 0.15210551023483276 -0.3001530170440674
v 0.556128740310669 0.16270452737808228 -0.3060649335384369
v 0.5519615411758423 0.1627652645111084 -0.30816784501075745
v 0.5543854236602783 0.15857592225074768 -0.31140708923339844
v 0.5591434240341187 0.1574784219264984 -0.30855488777160645
v -0.5491564273834229 -0.003657713532447815 0.1116422712802887
v -0.5613544583320618 0.0038767457008361816 0.10118469595909119
v -0.550155758857727 -0.0007509365677833557 0.10829254984855652
v -0.5634703636169434 0.002368360757827759 0.10735182464122772
v -0.5554925203323364 -0.0047774538397789 0.11547823250293732
v -0.5589271783828735 -0.003310456871986389 0.11562535911798477
v -0.5605683922767639 6.276741623878479e-05 0.11343823373317719
v -0.5639069080352783 0.00037352368235588074 0.1077456921339035
v -0.5683663487434387 -0.00019762665033340454 0.10953746736049652
v -0.24308490753173828 -0.38035356998443604 0.0748547613620758
v -0.24371403455734253 -0.372914582490921 0.07756432890892029
v -0.24709616601467133 -0.36641591787338257 0.06981328129768372
v -0.2476576864719391 -0.367991179227829 0.06888087838888168
v -0.24465538561344147 -0.3806709945201874 0.05917619168758392
v -0.24809175729751587 -0.37965649366378784 0.05348954349756241
v -0.24851614236831665 -0.3729814291000366 0.054171010851860046
v -0.244805246591568 -0.3823589086532593 0.059173353016376495
v -0.24746713042259216 -0.38185906410217285 0.06619367748498917
v 0.5589891672134399 0.15446920692920685 -0.3025553822517395
v 0.5517557859420776 0.15976424515247345 -0.31073564291000366
v 0.556077241897583 0.1661880761384964 -0.3152255713939667
v 0.5551292896270752 0.1657540202140808 -0.31487610936164856
v 0.5552231669425964 0.16517677903175354 -0.31487908959388733
v 0.5571789741516113 0.1647207885980606 -0.31466081738471985
v -0.544736921787262 -0.0017417818307876587 0.1143793836236
v -0.5521382093429565 0.0006435513496398926 0.10710544884204865
v -0.5468381643295288 -0.004499107599258423 0.11286650598049164
v -0.5660180449485779 -0.0013866759836673737 0.11022838950157166
v -0.549439549446106 -0.007172234356403351 0.1162891760468483
v -0.5565187931060791 0.0013942159712314606 0.11041278392076492
v -0.5648128390312195 0.0022079944610595703 0.1096702367067337
v -0.5713622570037842 -0.001470368355512619 0.10987011343240738
v -0.24870039522647858 -0.37425458431243896 0.06991475075483322
v -0.24916507303714752 -0.378057062625885 0.06896159052848816
v -0.25082892179489136 -0.36812978982925415 0.057495392858982086
v -0.2518983483314514 -0.3677831292152405 0.05958221107721329
v -0.24942529201507568 -0.38492918014526367 0.05278674513101578
v -0.2524997889995575 -0.38466906547546387 0.04630330204963684
v -0.2508593797683716 -0.37666356563568115 0.04603300243616104
v -0.2530471384525299 -0.38658782839775085 0.05372658371925354
v -0.2553747594356537 -0.3834998309612274 0.05715573579072952
v 0.5587313771247864 0.16669367253780365 -0.3152351677417755
v 0.5544699430465698 0.16628074645996094 -0.3146277666091919
v 0.5564408898353577 0.17199598252773285 -0.32036304473876953
v 0.5587307810783386 0.17128828167915344 -0.31962889432907104
v 0.5554800629615784 0.16999748349189758 -0.31942880153656006
v 0.5586530566215515 0.17036832869052887 -0.3225858807563782
v -0.5447121858596802 -0.014442896470427513 0.11528591811656952
v -0.5555548667907715 -0.011197524145245552 0.11734722554683685
v -0.5543805956840515 -0.004666980355978012 0.11250246316194534
v -0.5647053718566895 -0.007900480180978775 0.11429819464683533
v -0.5491101741790771 -0.005547303706407547 0.10726431012153625
v -0.5706759691238403 0.00045780278742313385 0.10109124332666397
v -0.5770819783210754 -0.00416523776948452 0.10600250214338303
v -0.25324076414108276 -0.37143921852111816 0.061217762529850006
v -0.2545037269592285 -0.37697094678878784 0.0586823895573616
v -0.25591325759887695 -0.3658239245414734 0.04918722063302994
v -0.25239455699920654 -0.370071142911911 0.04753700643777847
v -0.25625118613243103 -0.3886265158653259 0.04482793062925339
v -0.25517022609710693 -0.3833185136318207 0.03501591831445694
v -0.2534444332122803 -0.37495243549346924 0.03548359125852585
v -0.25913184881210327 -0.3880532681941986 0.04784882813692093
v -0.25995486974716187 -0.3847160339355469 0.049479253590106964
v 0.5602705478668213 0.16990835964679718 -0.3215939998626709
v 0.5556488633155823 0.17087318003177643 -0.32031625509262085
v 0.5671229958534241 0.1769549399614334 -0.3260144889354706
v 0.561803936958313 0.18634742498397827 -0.32562559843063354
v 0.5647221803665161 0.18084809184074402 -0.33369648456573486
v 0.5572628378868103 0.17681729793548584 -0.32695478200912476
v -0.5672804117202759 -0.020871035754680634 0.11501239240169525
v -0.5750783681869507 -0.008345967158675194 0.11111617833375931
v -0.5784186124801636 -0.0026194099336862564 0.09574636816978455
v -0.5817564725875854 -0.0024533155374228954 0.09955791383981705
v -0.2587572932243347 -0.37278544902801514 0.05012724548578262
v -0.25975799560546875 -0.380657434463501 0.05031728744506836
v -0.2554851174354553 -0.36769068241119385 0.035840585827827454
v -0.26100531220436096 -0.3658660054206848 0.03293447196483612
v -0.259294718503952 -0.39061301946640015 0.03611566126346588
v -0.2569727301597595 -0.3806413412094116 0.022658713161945343
v -0.2574474811553955 -0.37238454818725586 0.019218169152736664
v -0.26225823163986206 -0.3901445269584656 0.03730745613574982
v -0.2648862600326538 -0.3870551288127899 0.039996035397052765
v 0.5693368315696716 0.1765063852071762 -0.3295018672943115
v 0.5573598742485046 0.1796974092721939 -0.32611870765686035
v 0.5698689222335815 0.19140362739562988 -0.33134007453918457
v 0.5634592771530151 0.19240286946296692 -0.33771389722824097
v -0.5661785006523132 -0.006243741139769554 0.09821837395429611
v -0.5571706891059875 -0.01763480342924595 0.10354317724704742
v -0.5748725533485413 -0.015344168990850449 0.10415054857730865
v -0.5830597281455994 -0.009194212965667248 0.10554645955562592
v -0.5856232643127441 -0.003847341286018491 0.09296746551990509
v -0.5811433792114258 -0.0056799836456775665 0.09302449226379395
v -0.26495063304901123 -0.3770705461502075 0.03976992517709732
v -0.26363900303840637 -0.3687211871147156 0.037195704877376556
v -0.26709872484207153 -0.36670228838920593 0.015366025269031525
v -0.26208558678627014 -0.3669789135456085 0.01641812175512314
v -0.2614028751850128 -0.38892316818237305 0.02152436226606369
v -0.2665591537952423 -0.37086471915245056 -0.0034774020314216614
v -0.26472532749176025 -0.38285085558891296 -0.0001257583498954773
v -0.26866626739501953 -0.39354145526885986 0.02335336059331894
v -0.27276021242141724 -0.38715511560440063 0.02644723653793335
v 0.5773645639419556 0.18973051011562347 -0.3335915803909302
v 0.5815773606300354 0.206598699092865 -0.34406790137290955
v 0.5822660326957703 0.20558002591133118 -0.3512834310531616
v 0.5739069581031799 0.18994751572608948 -0.3418814539909363
v -0.5785632729530334 -0.012122499756515026 0.09337152540683746
v -0.5808761715888977 -0.007261432241648436 0.09330260753631592
v -0.5865195989608765 -0.013664610683918 0.09374222159385681
v -0.5886339545249939 -0.004846466239541769 0.09466026723384857
v -0.5887717604637146 -0.006536406464874744 0.08854524791240692
v -0.5922080278396606 -0.007063321769237518 0.0870383232831955
v -0.2701665759086609 -0.36826783418655396 0.020872682332992554
v -0.27235910296440125 -0.37498465180397034 0.025178775191307068
v -0.270967036485672 -0.3676779270172119 -0.002434968948364258
v -0.27596524357795715 -0.3684718608856201 0.00020873546600341797
v -0.2735704183578491 -0.39610639214515686 -5.827099084854126e-05
v -0.2736029326915741 -0.37740588188171387 -0.023857802152633667
v -0.27608799934387207 -0.3937353491783142 -0.024432532489299774
v -0.28163841366767883 -0.3949318528175354 0.003530755639076233
v -0.2811383605003357 -0.3841283321380615 0.010140366852283478
v 0.5787147283554077 0.1898050606250763 -0.3383621573448181
v 0.601344645023346 0.22046247124671936 -0.35217785835266113
v 0.5968843102455139 0.21847635507583618 -0.3565714359283447
v 0.5832157731056213 0.1993558704853058 -0.34750431776046753
v -0.5880745649337769 -0.008170443587005138 0.08813297748565674
v -0.5875115990638733 -0.007164965849369764 0.08747060596942902
v -0.5895186066627502 -0.007906670682132244 0.0869123712182045
v -0.5893839597702026 -0.0076905302703380585 0.0874592661857605
v -0.5931553244590759 -0.007403171621263027 0.07951010763645172
v -0.5991409420967102 -0.0055250623263418674 0.07786769419908524
v -0.2803088426589966 -0.3753893971443176 0.006974108517169952
v -0.27666598558425903 -0.36959534883499146 -0.02444303035736084
v -0.28142160177230835 -0.3691422641277313 -0.021068066358566284
v -0.2874658703804016 -0.4005222022533417 -0.020563311874866486
v -0.28414544463157654 -0.38688501715660095 -0.04591327905654907
v -0.28838518261909485 -0.39948105812072754 -0.041143275797367096
v -0.2918728291988373 -0.39602839946746826 -0.017311595380306244
v -0.29030781984329224 -0.38578131794929504 -0.008773617446422577
v 0.5830304622650146 0.19914664328098297 -0.34323859214782715
v 0.6091951727867126 0.2142859399318695 -0.3569246530532837
v 0.6251672506332397 0.22610409557819366 -0.3642132580280304
v 0.6216697096824646 0.2328394651412964 -0.3698546588420868
v 0.5964981317520142 0.2145807296037674 -0.3597714304924011
v 0.5940044522285461 0.2078723907470703 -0.35722607374191284
v -0.5985367298126221 -0.006528740283101797 0.08245107531547546
v -0.5982490181922913 -0.0064923809841275215 0.07902127504348755
v -0.5952489376068115 -0.00495487917214632 0.08100177347660065
v -0.588799238204956 -0.009277800098061562 0.08442889153957367
v -0.605943500995636 -0.006714327726513147 0.0666213408112526
v -0.5992022752761841 -0.004136188421398401 0.06973510980606079
v -0.28479433059692383 -0.3748016953468323 -0.009785562753677368
v -0.2822577953338623 -0.37591552734375 -0.041910529136657715
v -0.28763723373413086 -0.3722251057624817 -0.04358416795730591
v -0.2936187982559204 -0.40202856063842773 -0.03694641590118408
v -0.2965933084487915 -0.4018170237541199 -0.03257571905851364
v -0.2993077039718628 -0.3936435580253601 -0.030283622443675995
v 0.5953578948974609 0.2050614356994629 -0.3526453375816345
v 0.6032837629318237 0.21186168491840363 -0.3594570755958557
v 0.6166208982467651 0.22104094922542572 -0.3636816740036011
v 0.6246141791343689 0.2245749533176422 -0.36666589975357056
v 0.6270491480827332 0.22666938602924347 -0.3666859269142151
v 0.6077296733856201 0.224144846200943 -0.3649429380893707
v 0.6078606843948364 0.21779078245162964 -0.3658386170864105
v -0.608679473400116 -0.008858095854520798 0.071218341588974
v -0.6096400022506714 -0.006910002324730158 0.06777534633874893
v -0.6037300825119019 -0.008069397881627083 0.0760248452425003
v -0.5937585830688477 -0.006834483705461025 0.07696154713630676
v -0.6135994791984558 -0.008666962385177612 0.05761261284351349
v -0.6082954406738281 -0.003934369422495365 0.05988168716430664
v -0.2961977422237396 -0.37912803888320923 -0.03561224043369293
v -0.29454341530799866 -0.3857547342777252 -0.06153608858585358
v -0.29893580079078674 -0.38258877396583557 -0.05555874854326248
v -0.29696881771087646 -0.40212875604629517 -0.0519404262304306
v -0.2947334051132202 -0.3952401280403137 -0.05863779038190842
v -0.3000354766845703 -0.40211760997772217 -0.04773261398077011
v -0.3024405241012573 -0.39904120564460754 -0.04476851224899292
v 0.6136921644210815 0.21928027272224426 -0.3638240396976471
v 0.614565372467041 0.2199753373861313 -0.364604115486145
v 0.6195744872093201 0.2202945053577423 -0.3669566810131073
v 0.6284151077270508 0.22312204539775848 -0.36796775460243225
v 0.6167336702346802 0.222021222114563 -0.3660018742084503
v 0.6208524107933044 0.21998396515846252 -0.36697179079055786
v 0.6150282621383667 0.22468896210193634 -0.3679526448249817
v -0.6168357729911804 -0.007372668012976646 0.06369440257549286
v -0.6167682409286499 -0.008835351094603539 0.06093905121088028
v -0.6120205521583557 -0.006498735398054123 0.06942444294691086
v -0.6062260866165161 -0.0017178971320390701 0.06674373894929886
v -0.30268967151641846 -0.3909713327884674 -0.050131916999816895
v -0.3052813708782196 -0.3925591707229614 -0.06742788851261139
v -0.30283862352371216 -0.39482665061950684 -0.06767269968986511
v -0.3034987449645996 -0.40350988507270813 -0.059264443814754486
v -0.30274078249931335 -0.4015427529811859 -0.06375480443239212
v -0.30566826462745667 -0.40351754426956177 -0.05729164183139801
v -0.3076927661895752 -0.401189386844635 -0.05903612822294235
v 0.6126836538314819 0.21960800886154175 -0.3622351884841919
v 0.6152624487876892 0.218201145529747 -0.3680391311645508
v 0.6178769469261169 0.2199624478816986 -0.3707043528556824
v 0.6207131147384644 0.22234942018985748 -0.3700140118598938
v -0.6237094402313232 -0.0055044591426849365 0.056554265320301056
v -0.6258131265640259 -0.007674235850572586 0.053025729954242706
v -0.6087353229522705 -0.0034264340065419674 0.0731937438249588
v -0.6202449798583984 -0.005380796734243631 0.06000188738107681
v -0.6144809722900391 -0.004682553932070732 0.053281672298908234
v -0.616703450679779 -0.0021889135241508484 0.05935050547122955
v -0.6204681992530823 -0.009091070853173733 0.051238857209682465
v -0.3064275085926056 -0.3963429927825928 -0.0590471476316452
v -0.3103354275226593 -0.4010823369026184 -0.06727364659309387
v -0.3108018934726715 -0.39960598945617676 -0.07166001200675964
v -0.31338176131248474 -0.40114161372184753 -0.06672981381416321
v -0.31193840503692627 -0.39832788705825806 -0.06469279527664185
v 0.6114326119422913 0.21707752346992493 -0.365031898021698
v 0.6145405769348145 0.21841445565223694 -0.36852049827575684
v 0.6119039058685303 0.21984988451004028 -0.36836543679237366
v 0.6214765310287476 0.22199559211730957 -0.3712547719478607
v 0.6243256330490112 0.22150558233261108 -0.37110763788223267
v -0.6322541832923889 -0.0077303871512413025 0.050547026097774506
v -0.6303558349609375 -0.005864632315933704 0.05160999298095703
v -0.6170715093612671 -0.0006231823936104774 0.06376657634973526
v -0.6272507905960083 -0.004135969094932079 0.05538339167833328
v -0.621722400188446 -0.003041704185307026 0.05947420001029968
v -0.622115969657898 -0.0032810289412736893 0.052590109407901764
v -0.6286616921424866 -0.008578507229685783 0.04803198575973511
v -0.3087415397167206 -0.3915432393550873 -0.0695885568857193
v -0.321943998336792 -0.391227126121521 -0.08139966428279877
v -0.3135945200920105 -0.39086467027664185 -0.0799725353717804
v -0.32096827030181885 -0.39333879947662354 -0.07385268807411194
v -0.31816568970680237 -0.3909326195716858 -0.07470639050006866
v 0.622402548789978 0.22333648800849915 -0.36949801445007324
v -0.6348939538002014 -0.009399764239788055 0.053155168890953064
v -0.6323570609092712 -0.008510520681738853 0.05486930161714554
v -0.6244582533836365 -0.0025518378242850304 0.05835973471403122
v -0.6318148970603943 -0.007627811282873154 0.057350099086761475
v -0.6277278661727905 -0.002161621116101742 0.05856463313102722
v -0.6258126497268677 -0.0018163369968533516 0.05381140857934952
v -0.6332984566688538 -0.007863868027925491 0.04814474284648895
v -0.3138713836669922 -0.38306963443756104 -0.08113177120685577
v -0.33227550983428955 -0.3753664493560791 -0.09745703637599945
v -0.31585097312927246 -0.3734642267227173 -0.0990239828824997
v -0.3364406228065491 -0.3811239004135132 -0.08611662685871124
v -0.33083605766296387 -0.36570894718170166 -0.08596546947956085
v -0.6358489394187927 -0.011774393729865551 0.05733069032430649
v -0.6383728981018066 -0.014596162363886833 0.055498793721199036
v -0.6288092732429504 -0.003815794363617897 0.05822319537401199
v -0.636618435382843 -0.009278584271669388 0.059075623750686646
v -0.6254592537879944 -0.006889655254781246 0.04727180302143097
v -0.6270850300788879 -0.006019618362188339 0.04843652993440628
v -0.6347175240516663 0.0005616052076220512 0.04843217879533768
v -0.6350783705711365 -0.00011202506721019745 0.05445264279842377
v -0.6375516057014465 -0.013194786384701729 0.04675555229187012
v -0.31758594512939453 -0.3659670948982239 -0.09030921757221222
v -0.3381120562553406 -0.35565876960754395 -0.11820970475673676
v -0.32691338658332825 -0.3499036431312561 -0.11035993695259094
v -0.35119864344596863 -0.35890883207321167 -0.11269013583660126
v -0.34873658418655396 -0.35796529054641724 -0.09977351129055023
v -0.6450068354606628 -0.016719330102205276 0.05494004487991333
v -0.6454697847366333 -0.019692623987793922 0.04672498255968094
v -0.6371853947639465 -0.0049629490822553635 0.0585564449429512
v -0.6451472640037537 -0.009126324206590652 0.0558413490653038
v -0.6325514316558838 -0.002987322397530079 0.043991848826408386
v -0.6370152831077576 -0.0006901249289512634 0.03625967353582382
v -0.6440241932868958 0.0028098318725824356 0.042222410440444946
v -0.6427596211433411 -0.017389195039868355 0.03801228851079941
v -0.33160603046417236 -0.3495037257671356 -0.09949125349521637
v -0.3455711901187897 -0.3439152240753174 -0.12350092828273773
v -0.3541722595691681 -0.3469390869140625 -0.12654981017112732
v -0.35796815156936646 -0.35083651542663574 -0.11713974177837372
v -0.3508259356021881 -0.3465827703475952 -0.10922138392925262
v -0.6588596701622009 -0.019244574010372162 0.04003509134054184
v -0.6530287265777588 -0.022281795740127563 0.032745860517024994
v -0.647189199924469 -0.006093965377658606 0.052053987979888916
v -0.6567504405975342 -0.013777568936347961 0.046584539115428925
v -0.6373319625854492 -0.008321613073348999 0.03500945121049881
v -0.6472792625427246 0.002775173634290695 0.024139314889907837
v -0.6575623154640198 0.0033401940017938614 0.027638807892799377
v -0.6466359496116638 -0.01615307480096817 0.025323644280433655
v -0.3429659307003021 -0.3419402241706848 -0.1124531477689743
v -0.35790207982063293 -0.3430832624435425 -0.1290694922208786
v -0.35417795181274414 -0.3402059078216553 -0.12838992476463318
v -0.35982877016067505 -0.3459136486053467 -0.12333168089389801
v -0.35509389638900757 -0.3399171233177185 -0.11343377828598022
v -0.6586652994155884 -0.022677965462207794 0.015861794352531433
v -0.6665992736816406 -0.023250173777341843 0.02086852490901947
v -0.6601569652557373 -0.005664040334522724 0.03837540000677109
v -0.6724065542221069 -0.01652141660451889 0.028191618621349335
v -0.6425036191940308 -0.005374304950237274 0.022170305252075195
v -0.6681553721427917 0.002422558143734932 0.011837504804134369
v -0.6602258682250977 0.004034887999296188 0.010022573173046112
v -0.6522133946418762 -0.011043533682823181 0.008445397019386292
v -0.35135552287101746 -0.33866357803344727 -0.12340128421783447
v -0.3609604239463806 -0.338651180267334 -0.13021409511566162
v -0.3619648814201355 -0.3403037190437317 -0.1288338303565979
v -0.36384016275405884 -0.33738023042678833 -0.1275191754102707
v -0.36666953563690186 -0.3314798176288605 -0.13053375482559204
v -0.6660304069519043 -0.018515214323997498 -0.0028261318802833557
v -0.6732931137084961 -0.024873830378055573 0.002975575625896454
v -0.6720564961433411 -0.004065694287419319 0.02068547159433365
v -0.6817564368247986 -0.022059302777051926 0.009366698563098907
v -0.6521503925323486 -0.0010170433670282364 0.006734758615493774
v -0.6798201203346252 -0.0009702164679765701 0.005061723291873932
v -0.6707329154014587 0.002709789201617241 -0.001834280788898468
v -0.6618666052818298 -0.00687219575047493 -0.006634034216403961
v -0.3603931963443756 -0.332319974899292 -0.13194328546524048
v -0.3648611307144165 -0.3351782560348511 -0.13346190750598907
v -0.3698625862598419 -0.3324865698814392 -0.13431896269321442
v -0.3701050579547882 -0.3327674865722656 -0.13498778641223907
v -0.3705357611179352 -0.33015912771224976 -0.14004282653331757
v -0.6737866997718811 -0.016399146988987923 -0.018884524703025818
v -0.6786156892776489 -0.023351117968559265 -0.013193201273679733
v -0.6840144991874695 -0.013353319838643074 0.010524310171604156
v -0.6913389563560486 -0.02459964156150818 -0.010976344347000122
v -0.664247453212738 0.0013937149196863174 -0.0053815171122550964
v -0.6847909092903137 0.0024620313197374344 -0.012616030871868134
v -0.69084233045578 0.0001490917056798935 -0.006115913391113281
v -0.6711805462837219 -0.004977542906999588 -0.021163180470466614
v -0.3721415400505066 -0.3288272023200989 -0.13620086014270782
v -0.37373241782188416 -0.33164215087890625 -0.1395898163318634
v -0.37721049785614014 -0.32767006754875183 -0.13788321614265442
v -0.37598907947540283 -0.32985326647758484 -0.14385315775871277
v -0.3796631991863251 -0.32889124751091003 -0.14793789386749268
v -0.6879717111587524 -0.02305605635046959 -0.02812454104423523
v -0.6812593340873718 -0.00882834754884243 -0.033633772283792496
v -0.6944889426231384 -0.015047553926706314 -0.0025839880108833313
v -0.7028669714927673 -0.023770716041326523 -0.025775860995054245
v -0.6752179861068726 0.001611294224858284 -0.0183156356215477
v -0.6997349262237549 0.0027909092605113983 -0.022419381886720657
v -0.7069752812385559 -0.007208574563264847 -0.01943303272128105
v -0.6800252199172974 -0.00036194175481796265 -0.03089861571788788
v -0.38275760412216187 -0.32996994256973267 -0.1471880078315735
v -0.3848969340324402 -0.3316807746887207 -0.14804965257644653
v -0.390946626663208 -0.3383790850639343 -0.14225007593631744
v -0.3866620659828186 -0.3279821276664734 -0.15451066195964813
v -0.3867833614349365 -0.325514018535614 -0.16127139329910278
v -0.7022233009338379 -0.022566556930541992 -0.0386958122253418
v -0.692152738571167 -0.01431724987924099 -0.04437793046236038
v -0.7071179747581482 -0.01925978623330593 -0.01830308511853218
v -0.709719181060791 -0.021259350702166557 -0.034361716359853745
v -0.6872439384460449 0.003232985734939575 -0.029733825474977493
v -0.7162119746208191 -0.0108265932649374 -0.029657263308763504
v -0.7152485847473145 -0.0012925844639539719 -0.03418653830885887
v -0.6910606622695923 -0.0005013830959796906 -0.04440509155392647
v -0.3828301727771759 -0.3343677520751953 -0.15183155238628387
v -0.39833903312683105 -0.330363005399704 -0.15982495248317719
v -0.3967295289039612 -0.33460569381713867 -0.15688826143741608
v -0.3987089693546295 -0.3256320059299469 -0.161874920129776
v -0.40060463547706604 -0.32670485973358154 -0.1661495566368103
v -0.7038431167602539 -0.0165251474827528 -0.04892892763018608
v -0.7081339955329895 -0.018570734187960625 -0.04586951062083244
v -0.7141323685646057 -0.018385179340839386 -0.03101157397031784
v -0.7114075422286987 -0.019490472972393036 -0.042681984603405
v -0.7019287347793579 0.0024495311081409454 -0.03854014351963997
v -0.7124214768409729 -0.000226680189371109 -0.04436248540878296
v -0.7199003100395203 -0.010377231985330582 -0.03885927051305771
v -0.6993516087532043 -0.007549852132797241 -0.04968797415494919
v -0.40637344121932983 -0.33572787046432495 -0.1671849936246872
v -0.4142937660217285 -0.3282216191291809 -0.16902576386928558
v -0.41732361912727356 -0.3304120898246765 -0.17257896065711975
v -0.7139780521392822 -0.017558353021740913 -0.04804922267794609
v -0.7115262746810913 -0.016860125586390495 -0.05195771902799606
v -0.7158564925193787 -0.01754003018140793 -0.03927493840456009
v -0.716937780380249 -0.017451472580432892 -0.046915143728256226
v -0.7026817798614502 -0.0010210834443569183 -0.04788218438625336
v -0.7160530090332031 -0.0033012274652719498 -0.047168321907520294
v -0.710630476474762 -0.0003380104899406433 -0.05066075176000595
v -0.7063661217689514 -0.013365887105464935 -0.05338549613952637
v -0.4143427908420563 -0.32747936248779297 -0.16980648040771484
v -0.4130883812904358 -0.3284204602241516 -0.17391930520534515
v -0.4279968738555908 -0.3328423500061035 -0.1729811280965805
v -0.42388343811035156 -0.32990121841430664 -0.17239892482757568
v -0.7192654013633728 -0.017797796055674553 -0.05100806802511215
v -0.7131636142730713 -0.01531282439827919 -0.054619237780570984
v -0.7219334840774536 -0.01130613125860691 -0.045130860060453415
v -0.7218979001045227 -0.01608886383473873 -0.049647871404886246
v -0.7065704464912415 -0.004584526643157005 -0.051639482378959656
v -0.71833336353302 -0.00782727263867855 -0.05133536830544472
v -0.7128601670265198 -0.004044817760586739 -0.053383342921733856
v -0.7099694013595581 -0.01092519611120224 -0.05440663546323776
v -0.4175397753715515 -0.32826244831085205 -0.1750389039516449
v -0.42828845977783203 -0.32951927185058594 -0.17736372351646423
v -0.4195083975791931 -0.32734331488609314 -0.17768892645835876
v -0.4167866110801697 -0.3264339566230774 -0.17468838393688202
v -0.7189664244651794 -0.014303876087069511 -0.055351924151182175
v -0.7146639823913574 -0.014371227473020554 -0.05603702366352081
v -0.7221527695655823 -0.012526223435997963 -0.05084498971700668
v -0.7229599952697754 -0.014190694317221642 -0.05193466693162918
v -0.7092275023460388 -0.007990824058651924 -0.05323288217186928
v -0.7163594961166382 -0.005637727677822113 -0.05491848662495613
v -0.7183930277824402 -0.007963631302118301 -0.05369655415415764
v -0.7095852494239807 -0.010832937434315681 -0.05459265410900116
v -0.4447820782661438 -0.33762532472610474 -0.18419218063354492
v -0.447479784488678 -0.3443489372730255 -0.17190980911254883
v -0.42516130208969116 -0.33675768971443176 -0.1745510846376419
v -0.42640435695648193 -0.33416008949279785 -0.18237297236919403
v -0.7177537083625793 -0.01582004502415657 -0.055917080491781235
v -0.713664174079895 -0.013695523142814636 -0.05629900097846985
v -0.720230758190155 -0.010170917958021164 -0.051829397678375244
v -0.7224611043930054 -0.011122630909085274 -0.05430915951728821
v -0.7209491729736328 -0.014031726866960526 -0.0535256527364254
v -0.711910605430603 -0.008579598739743233 -0.053496405482292175
v -0.7194936871528625 -0.006905868649482727 -0.05563900247216225
v -0.7170330882072449 -0.006149103865027428 -0.05540015548467636
v -0.7106922268867493 -0.011755328625440598 -0.055113352835178375
v -0.42964887619018555 -0.3304835259914398 -0.18778400123119354
v -0.46097639203071594 -0.3490191698074341 -0.18486864864826202
v -0.45794200897216797 -0.35466355085372925 -0.18060941994190216
v -0.44577768445014954 -0.3556070029735565 -0.17955419421195984
v -0.43502941727638245 -0.35038459300994873 -0.1939203292131424
v -0.7157246470451355 -0.013932052999734879 -0.05833815038204193
v -0.7140100002288818 -0.013007428497076035 -0.05739293992519379
v -0.721035897731781 -0.010218007490038872 -0.05621415004134178
v -0.722616970539093 -0.010446082800626755 -0.05661943554878235
v -0.7196484208106995 -0.013939894735813141 -0.05723142623901367
v -0.7140545845031738 -0.008816186338663101 -0.0551818422973156
v -0.7201968431472778 -0.006938625127077103 -0.05977707728743553
v -0.7216652035713196 -0.007805615663528442 -0.05992232263088226
v -0.714658796787262 -0.010396571829915047 -0.05852524936199188
v -0.44865140318870544 -0.34381261467933655 -0.1905032843351364
v -0.45568588376045227 -0.35518795251846313 -0.1872706562280655
v -0.46597838401794434 -0.36843958497047424 -0.18517732620239258
v -0.4589708745479584 -0.36049899458885193 -0.18354442715644836
v -0.45559781789779663 -0.36189621686935425 -0.1858993023633957
v -0.4529198408126831 -0.3641807436943054 -0.1907316893339157
v -0.7158894538879395 -0.01395687460899353 -0.06075899675488472
v -0.7177587747573853 -0.010569045320153236 -0.06364954262971878
v -0.72233647108078 -0.008971862494945526 -0.05885469168424606
v -0.7207016348838806 -0.010314574465155602 -0.05990446358919144
v -0.7226936221122742 -0.010276153683662415 -0.062204815447330475
v -0.7181576490402222 -0.00751858577132225 -0.05862370878458023
v -0.7246308922767639 -0.007149554789066315 -0.06440966576337814
v -0.7237343788146973 -0.007717728614807129 -0.06495615094900131
v -0.7198108434677124 -0.010300137102603912 -0.06388257443904877
v -0.46317532658576965 -0.3676537275314331 -0.18807780742645264
v -0.46116793155670166 -0.37014755606651306 -0.18704630434513092
v -0.47006672620773315 -0.3717145323753357 -0.19186703860759735
v -0.4664230942726135 -0.3700117766857147 -0.1868143379688263
v -0.45920440554618835 -0.36774811148643494 -0.18933576345443726
v -0.7205045223236084 -0.009445004165172577 -0.07271739095449448
v -0.7241389155387878 -0.007492605596780777 -0.07323779165744781
v -0.7246889472007751 -0.009680628776550293 -0.06392069160938263
v -0.7261334657669067 -0.012433897703886032 -0.07165388762950897
v -0.7206815481185913 -0.011919518932700157 -0.0691901370882988
v -0.7228094339370728 -0.008837828412652016 -0.06420586258172989
v -0.7313109040260315 -0.008244315162301064 -0.07210297882556915
v -0.7295834422111511 -0.011164410039782524 -0.07355674356222153
v -0.729792594909668 -0.008388176560401917 -0.07251805067062378
v -0.4637005031108856 -0.37033796310424805 -0.1899881362915039
v -0.46134835481643677 -0.37392890453338623 -0.19493402540683746
v -0.4632698893547058 -0.3626706600189209 -0.190363809466362
v -0.46546435356140137 -0.3705579936504364 -0.18987667560577393
v -0.7271317839622498 -0.006970096379518509 -0.08891597390174866
v -0.7271876335144043 -0.005358334630727768 -0.08626410365104675
v -0.7275765538215637 -0.011778706684708595 -0.07024355232715607
v -0.7277951836585999 -0.01389930211007595 -0.0833587646484375
v -0.724313497543335 -0.010294880717992783 -0.0854426771402359
v -0.7321488261222839 -0.007879840210080147 -0.07277926802635193
v -0.7403746247291565 -0.008612241595983505 -0.08013094216585159
v -0.7403951287269592 -0.01079169288277626 -0.08287815749645233
v -0.7344475984573364 -0.004858106374740601 -0.08498100191354752
v -0.4620337188243866 -0.36532822251319885 -0.19295331835746765
v -0.46567070484161377 -0.3703523874282837 -0.19350792467594147
v -0.4726153016090393 -0.3783959150314331 -0.19130302965641022
v -0.48340606689453125 -0.3797190487384796 -0.18737110495567322
v -0.7317962646484375 -0.00755460187792778 -0.10062242299318314
v -0.7333175539970398 -0.005437139421701431 -0.09990189969539642
v -0.7340332865715027 -0.014027545228600502 -0.08016341179609299
v -0.730976939201355 -0.01030346006155014 -0.102448008954525
v -0.7319169640541077 -0.015069903805851936 -0.09811564534902573
v -0.7390463352203369 -0.006216175854206085 -0.0828898474574089
v -0.7497765421867371 -0.008302811533212662 -0.09180798381567001
v -0.7491121888160706 -0.014125300571322441 -0.09434482455253601
v -0.7380022406578064 -0.0025810077786445618 -0.09852150827646255
v -0.4575216770172119 -0.363711953163147 -0.19919830560684204
v -0.4671756327152252 -0.37263602018356323 -0.19036273658275604
v -0.4907459616661072 -0.38657888770103455 -0.193668395280838
v -0.4948844313621521 -0.3870146870613098 -0.19209152460098267
v -0.7400291562080383 -0.002188418060541153 -0.11071231961250305
v -0.7357569336891174 -0.006173804402351379 -0.11322395503520966
v -0.7402490973472595 -0.017820294946432114 -0.09546338766813278
v -0.7420622110366821 -0.01857255958020687 -0.11790387332439423
v -0.73812335729599 -0.010679170489311218 -0.11835382133722305
v -0.7484564185142517 -0.002088528126478195 -0.09795106947422028
v -0.7609958052635193 -0.008125383406877518 -0.10674934089183807
v -0.7584471702575684 -0.018990512937307358 -0.1104450598359108
v -0.748283326625824 -0.00011493265628814697 -0.1126386895775795
v -0.48393428325653076 -0.38525351881980896 -0.20845343172550201
v -0.4836774468421936 -0.3893495798110962 -0.19234463572502136
v -0.49437159299850464 -0.3915809392929077 -0.1987784057855606
v -0.4964084029197693 -0.39649611711502075 -0.19631308317184448
v -0.7432596683502197 -0.0072387829422950745 -0.13036413490772247
v -0.7447801828384399 -0.0012042038142681122 -0.12814174592494965
v -0.7449324727058411 -0.019260482862591743 -0.10804303735494614
v -0.754582405090332 -0.018572039902210236 -0.13691963255405426
v -0.7450882792472839 -0.014116697013378143 -0.12970015406608582
v -0.7568012475967407 -0.0009551979601383209 -0.11456915736198425
v -0.7715179920196533 -0.011004917323589325 -0.12460900843143463
v -0.7721354365348816 -0.01847338303923607 -0.13203836977481842
v -0.7563641667366028 0.00018377229571342468 -0.12690208852291107
v -0.4935741722583771 -0.3929925858974457 -0.20376840233802795
v -0.4918658137321472 -0.39567118883132935 -0.19757169485092163
v -0.49632495641708374 -0.3980216383934021 -0.19895100593566895
v -0.495919793844223 -0.40104174613952637 -0.20022644102573395
v -0.7514263391494751 -0.00512520968914032 -0.1454097330570221
v -0.7562224864959717 -0.0009588375687599182 -0.14243517816066742
v -0.7580419182777405 -0.021521946415305138 -0.1243666559457779
v -0.762624979019165 -0.01788228005170822 -0.15147897601127625
v -0.7524296045303345 -0.0121585913002491 -0.14544299244880676
v -0.7661673426628113 -0.0033517368137836456 -0.1260436624288559
v -0.7815476059913635 -0.011136576533317566 -0.14493419229984283
v -0.7800291180610657 -0.015374496579170227 -0.14778020977973938
v -0.7663670182228088 -0.001590833067893982 -0.13799773156642914
v -0.49492812156677246 -0.4016726613044739 -0.20077480375766754
v -0.49566835165023804 -0.4034385085105896 -0.20013289153575897
v -0.4965303838253021 -0.4100700616836548 -0.20179542899131775
v -0.77049320936203 -0.020053979009389877 -0.14526742696762085
v -0.7721148729324341 -0.018877249211072922 -0.1616264283657074
v -0.7630501389503479 -0.00971623882651329 -0.16200856864452362
v -0.7758731245994568 -0.004604380577802658 -0.14089226722717285
v -0.78285151720047 -0.0071341171860694885 -0.15934458374977112
v -0.7859508991241455 -0.009985849261283875 -0.15662255883216858
v -0.7635095119476318 -0.003379136323928833 -0.15983332693576813
v -0.7818701863288879 -0.01594296097755432 -0.1582919806241989
v -0.7824907898902893 -0.018827253952622414 -0.17304158210754395
v -0.7726691365242004 -0.01424727588891983 -0.17877715826034546
v -0.7801268100738525 -0.005473081022500992 -0.15424291789531708
v -0.7900547385215759 -0.013744842261075974 -0.16939237713813782
v -0.7918252944946289 -0.00734899565577507 -0.16800761222839355
v -0.7707256078720093 -0.0025603696703910828 -0.15147946774959564
v -0.4980030059814453 -0.40872418880462646 -0.19822479784488678
v -0.7699697613716125 -0.005665972828865051 -0.17809489369392395
v -0.7938640117645264 -0.020959816873073578 -0.1865580976009369
v -0.7854920625686646 -0.022506821900606155 -0.1934031844139099
v -0.7858325839042664 -0.002218395471572876 -0.1692102998495102
v -0.7753186821937561 -0.001147989183664322 -0.16754156351089478
v -0.7773181200027466 -0.009100649505853653 -0.19989487528800964
v -0.8016716241836548 -0.011729732155799866 -0.1741182506084442
v -0.790671706199646 -0.017677828669548035 -0.1968061327934265
v -0.7945982217788696 -0.02011384814977646 -0.19441765546798706
v -0.7834869027137756 0.005006521940231323 -0.19185113906860352
v -0.7997101545333862 -0.0033395960927009583 -0.1835610717535019
v -0.7869788408279419 -0.009618815034627914 -0.19767706096172333
v -0.800107479095459 -0.014344029128551483 -0.18686546385288239
v -0.7967923283576965 -0.018208570778369904 -0.19250398874282837
v -0.7979890704154968 -0.01842644438147545 -0.1910296231508255
v -0.7870110869407654 -0.004459738731384277 -0.19556008279323578
v -0.7981165647506714 -0.0072549134492874146 -0.19247236847877502
v -0.7884334325790405 -0.012211233377456665 -0.19541490077972412
v -0.7962601184844971 -0.013765383511781693 -0.1924249678850174
v -0.8009517192840576 -0.02171308547258377 -0.1898997277021408
v -0.8025186657905579 -0.021823354065418243 -0.19038209319114685
v -0.7957078814506531 -0.010983906686306 -0.192599356174469
v -0.7936164140701294 -0.009773824363946915 -0.19452524185180664
v -0.7969580292701721 -0.020135171711444855 -0.19038960337638855
v -0.791276216506958 -0.016591541469097137 -0.1916520595550537
v -0.7957128882408142 -0.031966716051101685 -0.19988152384757996
v -0.8133272528648376 -0.02500540390610695 -0.19266939163208008
v -0.7822450399398804 -0.014972656965255737 -0.19506122171878815
v -0.7904214859008789 -0.013923708349466324 -0.1963975429534912
v -0.797921359539032 -0.007745686918497086 -0.19986268877983093
v -0.7826858162879944 -0.024660978466272354 -0.20508573949337006
v -0.8039455413818359 -0.0340416245162487 -0.21857118606567383
v -0.8097430467605591 -0.024196434766054153 -0.21811126172542572
v -0.7844300866127014 -0.006955534219741821 -0.20614899694919586
v -0.7775305509567261 -0.016540266573429108 -0.21529552340507507
v -0.8101992011070251 -0.01307358592748642 -0.21576780080795288
v -0.7870156764984131 -0.03084591031074524 -0.21857962012290955
v -0.7955251336097717 -0.0052186064422130585 -0.22583195567131042
v -0.7919541597366333 -0.021070383489131927 -0.2297099232673645
v -0.8070119619369507 -0.025411948561668396 -0.23389510810375214
v -0.8084441423416138 -0.017505858093500137 -0.23112846910953522
v -0.8023309111595154 -0.02795402705669403 -0.23432962596416473
v -0.8097376823425293 -0.015017423778772354 -0.23218069970607758
v -0.8037574887275696 -0.01738230511546135 -0.23457002639770508
v -0.81525719165802 -0.02959369868040085 -0.24517208337783813
v -0.8126514554023743 -0.024381723254919052 -0.24371406435966492
v -0.816337525844574 -0.02779509499669075 -0.24410633742809296
v -0.8123497366905212 -0.021267641335725784 -0.24490836262702942
v -0.8106092810630798 -0.021049965173006058 -0.2403465062379837
v -0.8266146183013916 -0.03393814340233803 -0.2552475035190582
v -0.8224327564239502 -0.03734203055500984 -0.25764530897140503
v -0.8274939060211182 -0.027985811233520508 -0.25516533851623535
v -0.8228187561035156 -0.023373275995254517 -0.25717389583587646
v -0.8140791654586792 -0.021138537675142288 -0.2591581344604492
v -0.836365818977356 -0.03360319882631302 -0.2717278301715851
v -0.8340389132499695 -0.038800325244665146 -0.2692697048187256
v -0.8342248797416687 -0.034268368035554886 -0.2662486135959625
v -0.8369861841201782 -0.029185224324464798 -0.27373331785202026
v -0.8394736647605896 -0.02475742995738983 -0.27122360467910767
v -0.8467122316360474 -0.03229412063956261 -0.2848721146583557
v -0.8431664109230042 -0.03686109185218811 -0.28090521693229675
v -0.8448349833488464 -0.03882182762026787 -0.2809719741344452
v -0.8462536931037903 -0.028275687247514725 -0.28241726756095886
v -0.8480995297431946 -0.030870646238327026 -0.2853024899959564
v -0.8570625185966492 -0.03734181821346283 -0.2915731370449066
v -0.8536334037780762 -0.033049967139959335 -0.2912105917930603
v -0.8453406691551208 -0.036907728761434555 -0.28950560092926025
v -0.8528152108192444 -0.03078947216272354 -0.2944338321685791
v -0.8480533957481384 -0.03240197151899338 -0.2931942343711853
v -0.8424872159957886 -0.03610285371541977 -0.2875823378562927
v -0.8526207804679871 -0.03662911057472229 -0.2914898693561554
v -0.8446121215820312 -0.03504420816898346 -0.2951938807964325
v -0.8509124517440796 -0.0318155437707901 -0.2977287471294403
v -0.8546353578567505 -0.032546158879995346 -0.29487332701683044
v -0.847038209438324 -0.040046513080596924 -0.2895974814891815
v -0.8506507873535156 -0.039731547236442566 -0.29563915729522705
v -0.8489364981651306 -0.038007061928510666 -0.29672521352767944
v -0.8565311431884766 -0.029687605798244476 -0.29364997148513794
v -0.8540867567062378 -0.032149266451597214 -0.3005780279636383
v -0.859413206577301 -0.04994829371571541 -0.2993226945400238
v -0.8584104180335999 -0.044878751039505005 -0.30128946900367737
v -0.8571066856384277 -0.03971969336271286 -0.30167216062545776
v -0.8631316423416138 -0.028034541755914688 -0.29466870427131653
v -0.8610892295837402 -0.0348401814699173 -0.3045424520969391
v -0.8741210699081421 -0.04784900322556496 -0.31325942277908325
v -0.8710586428642273 -0.0430963896214962 -0.31055745482444763
v -0.8674405813217163 -0.042371559888124466 -0.30496156215667725
v -0.8730076551437378 -0.039375241845846176 -0.31018224358558655
v -0.8721350431442261 -0.03462453931570053 -0.3076174855232239
v -0.8810200095176697 -0.043763451278209686 -0.3214004337787628
v -0.8817862272262573 -0.04162978753447533 -0.3199672996997833
v -0.8765259981155396 -0.04371091350913048 -0.3146299123764038
v -0.8727003335952759 -0.036315593868494034 -0.3136425018310547
v -0.8781445026397705 -0.038424599915742874 -0.313821405172348
v -0.8772595524787903 -0.04030884429812431 -0.32306092977523804
v -0.8830625414848328 -0.04568265378475189 -0.3237135112285614
v -0.884157121181488 -0.03986866772174835 -0.32044854760169983
v -0.8766061663627625 -0.03653796762228012 -0.3224699795246124
v -0.8826706409454346 -0.0353163480758667 -0.3222811818122864
v -0.8865336775779724 -0.0511225089430809 -0.32601797580718994
v -0.8926664590835571 -0.04801449179649353 -0.3226161003112793
v -0.8934890031814575 -0.03585171699523926 -0.32226797938346863
v -0.8832287192344666 -0.03985641151666641 -0.3337429463863373
v -0.8823741674423218 -0.030713248997926712 -0.32976818084716797
v -0.9064595699310303 -0.043601930141448975 -0.32745105028152466
v -0.9031927585601807 -0.04978392273187637 -0.32878902554512024
v -0.9034621715545654 -0.03554082661867142 -0.3314552903175354
v -0.9045698642730713 -0.047363653779029846 -0.33396488428115845
v -0.8986808061599731 -0.02702537551522255 -0.3391493260860443
v -0.9159726500511169 -0.04048219323158264 -0.3389280140399933
v -0.920036256313324 -0.04630683362483978 -0.3359222710132599
v -0.9089624881744385 -0.03745324909687042 -0.3408336639404297
v -0.910895586013794 -0.035714007914066315 -0.3410540819168091
v -0.9221879839897156 -0.04260556399822235 -0.3359518051147461
v -0.920314371585846 -0.03819693252444267 -0.34420788288116455
v -0.9256616234779358 -0.03825916349887848 -0.3422083556652069
v -0.9337259531021118 -0.03516464680433273 -0.3404684066772461
v -0.9324598908424377 -0.032076865434646606 -0.3385525941848755
v -0.9319055676460266 -0.03668273985385895 -0.35028988122940063
v -0.9296201467514038 -0.03252828121185303 -0.3500819206237793
v -0.9244474768638611 -0.03523409366607666 -0.3540956676006317
v -0.9410260915756226 -0.025694549083709717 -0.34514689445495605
v -0.9469805955886841 -0.029801607131958008 -0.37216857075691223
v -0.9357845783233643 -0.02093985676765442 -0.35857415199279785
v -0.948144793510437 -0.03566142916679382 -0.3545680642127991
v -0.9480565190315247 -0.02489909529685974 -0.3469741940498352
v -0.9593619108200073 -0.02970188856124878 -0.36430615186691284
v -0.9630049467086792 -0.022213250398635864 -0.37606316804885864
v -0.960059642791748 -0.024036943912506104 -0.37259072065353394
v -0.9521726369857788 -0.037719011306762695 -0.3566201329231262
v -0.9544264078140259 -0.042138755321502686 -0.3632405996322632
v -0.9532285332679749 -0.03421589732170105 -0.3628152012825012
v -0.9666872024536133 -0.02538999915122986 -0.3757006824016571
v -0.9681291580200195 -0.018762052059173584 -0.3776995539665222
v -0.9569852352142334 -0.027399331331253052 -0.36814868450164795
v -0.9658929705619812 -0.026669055223464966 -0.37507545948028564
v -0.9701210260391235 -0.02674761414527893 -0.38307735323905945
v -0.9745687246322632 -0.02381986379623413 -0.3830800950527191
v -0.9812744855880737 -0.026263713836669922 -0.38684532046318054
v -0.9761170148849487 -0.023278236389160156 -0.38026106357574463
v -0.9733421206474304 -0.016195476055145264 -0.37510377168655396
v -0.9855169057846069 -0.023310363292694092 -0.39094242453575134
v -0.9747717380523682 -0.0211697518825531 -0.37874412536621094
v -0.9892704486846924 -0.016466856002807617 -0.3865768015384674
v -0.9923098087310791 -0.023685306310653687 -0.39050552248954773
v -0.9816334247589111 -0.012088209390640259 -0.37996476888656616
v -0.9918230772018433 -0.013379096984863281 -0.3823797106742859
v -0.9971115589141846 -0.0161801278591156 -0.3913053870201111
v -1.0052692890167236 -0.022864550352096558 -0.3944889307022095
v -1.0036861896514893 -0.02194911241531372 -0.39510226249694824
v -0.9925293326377869 -0.016190528869628906 -0.38818103075027466
v -1.014514446258545 -0.014297515153884888 -0.39185288548469543
v -1.0054142475128174 -0.023566007614135742 -0.38533255457878113
v -1.0187015533447266 -0.012098640203475952 -0.4038476347923279
v -1.0168094635009766 -0.005952566862106323 -0.3963332772254944
v -1.0058157444000244 -0.02038392424583435 -0.398774653673172
v -1.0269463062286377 -0.009808361530303955 -0.39128047227859497
v -1.0244717597961426 -0.019198328256607056 -0.3893258571624756
v -1.0238733291625977 -0.0037384331226348877 -0.4057890474796295
v -1.0221333503723145 -0.002407163381576538 -0.39229488372802734
v -1.0082886219024658 -0.01760438084602356 -0.3976321816444397
v -1.0312474966049194 -0.017234548926353455 -0.3953469693660736
v -1.02927565574646 -0.012698769569396973 -0.39105820655822754
v -1.0215520858764648 -0.008943766355514526 -0.3923279643058777
v -1.03313410282135 -0.004094049334526062 -0.39934414625167847
v -1.026619553565979 -0.015721678733825684 -0.38887906074523926
v -1.0149235725402832 -0.01413455605506897 -0.39336955547332764
v -1.033517837524414 -0.016654804348945618 -0.3926297724246979
v -1.0299651622772217 -0.018071576952934265 -0.3914021849632263
v -1.025692105293274 -0.007855430245399475 -0.3880395293235779
v -1.0310187339782715 -0.014905288815498352 -0.3883344531059265
v -1.031302809715271 -0.02239687740802765 -0.389618843793869
v -1.0311672687530518 -0.01932649314403534 -0.38981229066848755
v -1.035298466682434 -0.0167376846075058 -0.3919682502746582
v -1.035607099533081 -0.014151439070701599 -0.3956218957901001
v -1.0314195156097412 -0.021245703101158142 -0.390865683555603
v -1.034982681274414 -0.019967108964920044 -0.3902730941772461
v 0.377071350812912 -0.013365104794502258 0.11506102234125137
v 0.36698341369628906 -0.009915336966514587 0.11425022780895233
v 0.3556275963783264 -0.006041444838047028 0.11330706626176834
v 0.3833593428134918 -0.015635833144187927 0.11517861485481262
v 0.347523033618927 -0.0033457353711128235 0.11241152882575989
v 0.34118345379829407 -0.0012722238898277283 0.11159789562225342
v 0.42498403787612915 -0.03121165931224823 0.11420422792434692
v 0.33645421266555786 0.00020404905080795288 0.11076375097036362
v 0.431414395570755 -0.033359356224536896 0.11488625407218933
v 0.3301795721054077 0.0019285902380943298 0.10890304297208786
v 0.4397784471511841 -0.036232054233551025 0.11551839113235474
v 0.32238340377807617 0.003999695181846619 0.10636046528816223
v 0.44737502932548523 -0.03908585011959076 0.1153046041727066
v 0.4532132148742676 -0.041460245847702026 0.11455679684877396
v 0.45615050196647644 -0.042683184146881104 0.11408932507038116
v 0.45881858468055725 -0.04398296773433685 0.1130562424659729
v 0.46198293566703796 -0.04540439695119858 0.11221786588430405
v 0.26978275179862976 0.005730936303734779 0.07808059453964233
v 0.2582983672618866 0.0007615378126502037 0.07235594838857651
v 0.2646035850048065 0.0010959282517433167 0.07280966639518738
v 0.4804178476333618 -0.06010390818119049 0.08666343986988068
v 0.2505691349506378 0.00039957999251782894 0.07179536670446396
v 0.48036396503448486 -0.0611828938126564 0.08312500268220901
v 0.48274052143096924 -0.06440193951129913 0.07556672394275665
v 0.3034437894821167 -0.006118200719356537 0.05139707028865814
v 0.2955686151981354 -0.0019528493285179138 0.054929058998823166
v 0.4877702593803406 -0.06937636435031891 0.06549057364463806
v 0.28953003883361816 0.0002725869417190552 0.05636743828654289
v 0.3128323256969452 -0.011771336197853088 0.04428577795624733
v 0.2812971770763397 0.0014630462974309921 0.05739361792802811
v 0.4911237955093384 -0.07303798943758011 0.057661451399326324
v 0.21714818477630615 0.0 0.07800225913524628
v 0.3235674500465393 -0.019638516008853912 0.03163556009531021
v 0.48581385612487793 -0.07192643731832504 0.054966554045677185
v 0.20751163363456726 0.0 0.08209044486284256
v 0.33091261982917786 -0.02609378844499588 0.019526533782482147
v 0.21628476679325104 0.0007081488147377968 0.034508150070905685
v 0.4841954708099365 -0.07144087553024292 0.05461786687374115
v 0.33793801069259644 -0.032521575689315796 0.007128193974494934
v 0.21182836592197418 0.00017690157983452082 0.0335029773414135
v 0.19785042107105255 0.0 0.08625779300928116
v 0.3493061661720276 -0.03962179273366928 -0.002304084599018097
v 0.20644383132457733 0.0 0.03136691451072693
v 0.19712024927139282 0.0 0.02673228085041046
v 0.4798687696456909 -0.07477904111146927 0.038755081593990326
v 0.19023524224758148 0.0 0.022610779851675034
v 0.4695320725440979 -0.07692889869213104 0.019617438316345215
v 0.17290882766246796 0.0 0.09262213855981827
v 0.16273199021816254 0.0 0.09430737793445587
v 0.40225720405578613 -0.062048301100730896 -0.01195649802684784
v 0.13113397359848022 -0.00013128109276294708 -0.01216598879545927
v 0.4466865062713623 -0.07469722628593445 -0.00019006431102752686
v 0.15132082998752594 0.0 0.09791165590286255
v 0.41328027844429016 -0.06594191491603851 -0.011470034718513489
v 0.44161367416381836 -0.07389621436595917 -0.003605857491493225
v 0.13946089148521423 0.0 0.10077806562185287
v 0.4224396347999573 -0.06891660392284393 -0.010226517915725708
v 0.4317616820335388 -0.07159586250782013 -0.007839404046535492
v 0.15511275827884674 0.0010439525358378887 -0.006523990072309971
v 0.12612301111221313 0.0 0.10072894394397736
v 0.11240370571613312 0.0 0.10087741166353226
v 0.09744100272655487 0.0 0.10093702375888824
v 0.08389048278331757 0.0 0.10220378637313843
v 0.13584351539611816 0.0 0.017155122011899948
v 0.1230849176645279 -0.0026505552232265472 0.020120292901992798
v 0.07415362447500229 0.0 0.1027345061302185
v 0.13317060470581055 0.0 0.009878362528979778
v 0.10841391980648041 -0.006074298173189163 -0.00407358119264245
v 0.06472867727279663 0.0 0.10405606031417847
v 0.032388657331466675 0.0 0.10941864550113678
v 0.1276036947965622 0.0 0.002021610736846924
v -0.017021160572767258 0.0 0.11552375555038452
v -0.031397007405757904 0.0 0.11485514044761658
v -0.046801887452602386 0.0 0.1092446893453598
v -0.05566062778234482 0.0 0.10687275230884552
v -0.06402565538883209 0.0 0.10833469033241272
v -0.07537973672151566 0.0 0.10125809907913208
v 0.050160158425569534 0.0 0.10607950389385223
v -0.2322356253862381 -0.059628695249557495 0.0875270813703537
v -0.1348840743303299 -0.007855083793401718 0.08114024996757507
v -0.10199090838432312 0.0 0.005027566105127335
v -0.1685764193534851 -0.015745719894766808 0.0882035419344902
v -0.08323103189468384 -0.0052145905792713165 0.0026288984809070826
v -0.17702528834342957 -0.009216677397489548 0.06272078305482864
v -0.1925792694091797 -0.008431173861026764 0.0684128999710083
v -0.02610774338245392 0.0 0.0310814306139946
v -0.19921596348285675 -0.013585010543465614 0.09301497042179108
v -0.06221260502934456 -0.0031181422527879477 0.018235433846712112
v -0.19997619092464447 -0.021960191428661346 0.11986873298883438
v -0.16273730993270874 -4.1814520955085754e-05 0.008866896852850914
v -0.09438515454530716 -0.002002832479774952 0.0014875493943691254
v -0.21554115414619446 -0.028018679469823837 0.1184978038072586
v -0.18568041920661926 0.00298108346760273 0.010785154066979885
v -0.22734223306179047 -0.034065522253513336 0.11859346926212311
v -0.21235094964504242 0.005813480354845524 0.0089908167719841
v -0.23576505482196808 -0.040188126266002655 0.12385836243629456
v -0.23557931184768677 0.0004756390117108822 0.030348576605319977
v -0.13349883258342743 0.0 0.006973870098590851
v -0.2476685345172882 -0.05353221669793129 0.1426289975643158
v -0.24037402868270874 -0.020597152411937714 0.07731222361326218
v -0.1128775030374527 0.0 0.007193129509687424
v -0.27801650762557983 -0.06044595316052437 0.13390374183654785
v -0.25404688715934753 -0.027798954397439957 0.08493690937757492
v -0.3024456799030304 -0.0660114660859108 0.13184377551078796
v -0.2688211500644684 -0.022753965109586716 0.07857643812894821
v -0.33995676040649414 -0.057148538529872894 0.12041452527046204
v -0.3066261112689972 -0.0010667890310287476 0.0766102522611618
v -0.28325167298316956 -0.012756869196891785 0.0758519172668457
v -0.32918834686279297 0.010290704667568207 0.07670879364013672
v -0.3740961253643036 -0.05513383448123932 0.1262420266866684
v -0.3430550992488861 0.026615429669618607 0.07294478267431259
v -0.35173556208610535 0.0404847078025341 0.06919506937265396
v -0.3625309467315674 0.0555410236120224 0.06446066498756409
v -0.4019559919834137 -0.050812430679798126 0.12753328680992126
v -0.36993005871772766 0.06610748916864395 0.06116066128015518
v -0.41454237699508667 -0.04790613055229187 0.1278679072856903
v -0.4264785945415497 -0.043031997978687286 0.126927450299263
v -0.44066035747528076 -0.037013377994298935 0.12579745054244995
v -0.4505172073841095 -0.03270185366272926 0.12531855702400208
v -0.46165210008621216 -0.028123822063207626 0.12471160292625427
v -0.47521311044692993 -0.020761575549840927 0.12284921854734421
v -0.4540860950946808 0.13801303505897522 0.06560920178890228
v -0.49420517683029175 -0.010895095765590668 0.12121270596981049
v -0.5111751556396484 -0.0051603130996227264 0.12106733024120331
v -0.5218959450721741 -0.0036021750420331955 0.12160397320985794
v -0.540467381477356 0.00021431595087051392 0.12438149750232697
v -0.5731183886528015 0.008149269036948681 0.12970665097236633
v -0.6048318147659302 0.1867084503173828 0.13012255728244781
v -0.6185140609741211 0.18916285037994385 0.13630704581737518
v -0.6312808990478516 0.191132590174675 0.1419183760881424
v -0.6467449069023132 0.19117960333824158 0.1483374834060669
v -0.6821231245994568 0.09758255630731583 0.16030114889144897
v -0.6977225542068481 0.14267970621585846 0.16581737995147705
v -0.6712844967842102 0.18856647610664368 0.15890175104141235
v -0.6804114580154419 0.1884022057056427 0.1623918116092682
v -0.6945043206214905 0.17119388282299042 0.1661578118801117
v -0.6976504921913147 0.16445748507976532 0.166212797164917
v 0.17104563117027283 -0.058316539973020554 0.12690825760364532
v 0.17228445410728455 -0.05527214705944061 0.13132360577583313
v 0.16800497472286224 -0.07593216747045517 0.13392284512519836
v 0.17069070041179657 -0.06401407718658447 0.13793417811393738
v 0.48457279801368713 -0.0597599521279335 0.09268078207969666
v 0.3650614023208618 -0.047089748084545135 -0.007736571133136749
v 0.10755427926778793 -0.005284909158945084 -0.009695220738649368
v 0.12445476651191711 0.0 -0.004285190254449844
v 0.11798888444900513 0.0 -0.012715833261609077
v 0.1093091294169426 0.0 -0.020282508805394173
v 0.038634561002254486 0.0 -0.015212520956993103
v -0.12002944946289062 -0.04901359602808952 0.10098996758460999
v 0.4020096957683563 0.07068956643342972 0.0780683159828186
v 0.39813461899757385 0.06927207857370377 0.07929005473852158
v 0.4005473852157593 0.0656668096780777 0.0817321166396141
v 0.39527469873428345 0.06554755568504333 0.08188699185848236
v 0.3966315984725952 0.07352884113788605 0.07564310729503632
v 0.4076518416404724 0.07243531197309494 0.07611481845378876
v 0.40615832805633545 0.06688493490219116 0.08076310902833939
v 0.3977470099925995 0.06166420876979828 0.08490939438343048
v 0.39227494597435 0.06056620180606842 0.0853731706738472
v 0.38795435428619385 0.06576758623123169 0.08166340738534927
v 0.3926040530204773 0.07046182453632355 0.07821575552225113
v 0.3901766836643219 0.0771099179983139 0.07370834052562714
v 0.39555126428604126 0.0796227753162384 0.07094816118478775
v 0.4021050035953522 0.07530380040407181 0.07369747012853622
v 0.4082621932029724 0.07655352354049683 0.07189305871725082
v 0.41316670179367065 0.07379989326000214 0.07414095103740692
v 0.41197776794433594 0.06819582730531693 0.07910525798797607
v 0.40272441506385803 0.06153041124343872 0.0849665105342865
v 0.3866061568260193 0.06006087735295296 0.08566713333129883
v 0.3828483819961548 0.06864255666732788 0.0803319662809372
v 0.3840237259864807 0.07352134585380554 0.07696457207202911
v 0.3891051113605499 0.08422160148620605 0.06887193024158478
v 0.3834270238876343 0.0825335904955864 0.07155294716358185
v 0.40145739912986755 0.08093895763158798 0.06880556792020798
v 0.3935394883155823 0.08673110604286194 0.06521610915660858
v 0.40789952874183655 0.08210024237632751 0.06687053292989731
v 0.41420432925224304 0.07840174436569214 0.0699884444475174
v 0.42060670256614685 0.07426678389310837 0.07328348606824875
v 0.41879522800445557 0.06892254203557968 0.07739033550024033
v 0.409679114818573 0.06224089860916138 0.08380527049303055
v 0.4053059220314026 0.05481778085231781 0.08868172764778137
v 0.3967820107936859 0.056071795523166656 0.08856513351202011
v 0.3823404908180237 0.06255806237459183 0.0841376930475235
v 0.37672293186187744 0.07384226471185684 0.07799898833036423
v 0.37646543979644775 0.08082779496908188 0.07387298345565796
v 0.3825751543045044 0.08910664916038513 0.0670216977596283
v 0.38698968291282654 0.08988874405622482 0.06483200192451477
v 0.37605729699134827 0.08743997663259506 0.06975778937339783
v 0.39466431736946106 0.09313313663005829 0.05851825699210167
v 0.402022123336792 0.08698394894599915 0.06296965479850769
v 0.4080983102321625 0.08756759762763977 0.06064615771174431
v 0.4149796664714813 0.08340349048376083 0.06423723697662354
v 0.421142578125 0.07990116626024246 0.06817732006311417
v 0.4279176592826843 0.07633837312459946 0.07143284380435944
v 0.4254060387611389 0.06999281048774719 0.07629546523094177
v 0.41584351658821106 0.06342479586601257 0.08203914761543274
v 0.4053753614425659 0.047111302614212036 0.0920187309384346
v 0.39776119589805603 0.04721283167600632 0.09270568937063217
v 0.3879640996456146 0.05563000217080116 0.08860866725444794
v 0.3814586102962494 0.05640580132603645 0.08794740587472916
v 0.37779372930526733 0.06594470143318176 0.08239758759737015
v 0.368030309677124 0.07990282028913498 0.07593883574008942
v 0.369853138923645 0.0859975516796112 0.07212397456169128
v 0.37549564242362976 0.09385360032320023 0.06573507934808731
v 0.38336682319641113 0.09535360336303711 0.06256275624036789
v 0.3861263394355774 0.09433363378047943 0.06066526100039482
v 0.36905890703201294 0.09229791164398193 0.06863248348236084
v 0.395315021276474 0.09434981644153595 0.055969610810279846
v 0.4024851620197296 0.0915159061551094 0.057072464376688004
v 0.40818846225738525 0.09190721809864044 0.05461566895246506
v 0.41487565636634827 0.08919144421815872 0.05740470811724663
v 0.42184507846832275 0.0859806016087532 0.06083187833428383
v 0.4290069341659546 0.08322553336620331 0.06491176784038544
v 0.43620580434799194 0.08005250990390778 0.06894543766975403
v 0.4337325692176819 0.07196381688117981 0.07437245547771454
v 0.42162343859672546 0.06478388607501984 0.08013476431369781
v 0.41271498799324036 0.05797933042049408 0.08578424155712128
v 0.41209375858306885 0.051500674337148666 0.08921505510807037
v 0.3954879641532898 0.039208605885505676 0.09619085490703583
v 0.4010183811187744 0.03965006023645401 0.09582588076591492
v 0.38919591903686523 0.04896897077560425 0.09202853590250015
v 0.3746698498725891 0.06067905202507973 0.08562170714139938
v 0.38285648822784424 0.051650822162628174 0.09077751636505127
v 0.3678942620754242 0.06906664371490479 0.0814637839794159
v 0.362192302942276 0.0890953540802002 0.07246150076389313
v 0.358152836561203 0.07953868061304092 0.07744955271482468
v 0.3697429895401001 0.09856255352497101 0.06522487848997116
v 0.37608733773231506 0.09857577085494995 0.06295681744813919
v 0.38253381848335266 0.09707941114902496 0.0614420622587204
v 0.38818877935409546 0.09754012525081635 0.05598854646086693
v 0.36219924688339233 0.09853921085596085 0.06742063164710999
v 0.3966324031352997 0.09698924422264099 0.052545610815286636
v 0.4019586741924286 0.0952664464712143 0.05211988463997841
v 0.40726393461227417 0.09597734361886978 0.049181465059518814
v 0.4142366051673889 0.09308073669672012 0.051586054265499115
v 0.4220276176929474 0.09095128625631332 0.054314758628606796
v 0.42980748414993286 0.08912618458271027 0.057426080107688904
v 0.4368203580379486 0.08800298720598221 0.0617060586810112
v 0.44146156311035156 0.0762825608253479 0.07145470380783081
v 0.44325464963912964 0.08448942005634308 0.06583218276500702
v 0.4279586672782898 0.06412729620933533 0.07998128235340118
v 0.41924357414245605 0.057770874351263046 0.08473413437604904
v 0.4188178479671478 0.049319393932819366 0.08941123634576797
v 0.4108524024486542 0.040999870747327805 0.09430728852748871
v 0.38966700434684753 0.03947655111551285 0.09615091234445572
v 0.402150422334671 0.0312846414744854 0.09886850416660309
v 0.39211946725845337 0.030467916280031204 0.09989576041698456
v 0.37426063418388367 0.051230140030384064 0.09076525270938873
v 0.3655751049518585 0.05986510217189789 0.086491659283638
v 0.3798668682575226 0.042295366525650024 0.09521974623203278
v 0.35721439123153687 0.06680522114038467 0.08313238620758057
v 0.3518010675907135 0.08949532359838486 0.07312057912349701
v 0.34963318705558777 0.08334606140851974 0.07600575685501099
v 0.36377689242362976 0.10489451885223389 0.06427693367004395
v 0.37062135338783264 0.10424037277698517 0.06233304366469383
v 0.3767675757408142 0.10267144441604614 0.06017330661416054
v 0.38160240650177 0.10095767676830292 0.05747290328145027
v 0.3921686112880707 0.09881654381752014 0.052991773933172226
v 0.3548445999622345 0.09919911623001099 0.06836632639169693
v 0.3975090980529785 0.09930264949798584 0.04991912096738815
v 0.40388023853302 0.09854733198881149 0.04766348376870155
v 0.40933531522750854 0.10003463923931122 0.04373710975050926
v 0.41366633772850037 0.09808357805013657 0.04503721743822098
v 0.42104896903038025 0.09539134055376053 0.04793434962630272
v 0.4286440312862396 0.09404146671295166 0.050973013043403625
v 0.43768250942230225 0.09298083931207657 0.0541255846619606
v 0.4443076252937317 0.09207666665315628 0.058672066777944565
v 0.43873777985572815 0.06628425419330597 0.07723107933998108
v 0.4530881941318512 0.08990200608968735 0.061400916427373886
v 0.4485115110874176 0.08065672963857651 0.0685672014951706
v 0.4253230094909668 0.055715061724185944 0.08511536568403244
v 0.4268701374530792 0.04806717857718468 0.08805690705776215
v 0.41858455538749695 0.038646399974823 0.09328628331422806
v 0.40997299551963806 0.02830754593014717 0.09847849607467651
v 0.38229984045028687 0.03017321228981018 0.10011845082044601
v 0.38357046246528625 0.018968377262353897 0.10455542057752609
v 0.39513665437698364 0.017453711479902267 0.10438600927591324
v 0.36843258142471313 0.04046260565519333 0.09617594629526138
v 0.3629342019557953 0.0495121106505394 0.09196878969669342
v 0.35668376088142395 0.05706516653299332 0.08791201561689377
v 0.3719054162502289 0.03072090819478035 0.10013822466135025
v 0.3464954197406769 0.07428672909736633 0.07976001501083374
v 0.3421363830566406 0.08874601870775223 0.07375069707632065
v 0.3650362193584442 0.11072033643722534 0.06199295446276665
v 0.35522520542144775 0.10669206082820892 0.0650135725736618
v 0.3688559830188751 0.10879054665565491 0.0601019524037838
v 0.3764096796512604 0.10604643821716309 0.05755377560853958
v 0.38531693816185 0.1028682217001915 0.05321354418992996
v 0.3447569012641907 0.09856031835079193 0.06923018395900726
v 0.3974553942680359 0.1028960719704628 0.04641127958893776
v 0.39114999771118164 0.10375417768955231 0.04952569305896759
v 0.4054968059062958 0.10210837423801422 0.043059851974248886
v 0.4123764634132385 0.10102633386850357 0.04127360135316849
v 0.4190269708633423 0.09940547496080399 0.042412251234054565
v 0.4272392690181732 0.09716001152992249 0.04525996372103691
v 0.43622446060180664 0.09661109000444412 0.04803360998630524
v 0.4437561631202698 0.09651011973619461 0.05182783678174019
v 0.45176926255226135 0.09679674357175827 0.05325247719883919
v 0.44786861538887024 0.06938213109970093 0.07395677268505096
v 0.4341340661048889 0.056125394999980927 0.08302371203899384
v 0.45758336782455444 0.08121534436941147 0.066541388630867
v 0.4635339081287384 0.09109549969434738 0.059057366102933884
v 0.42785292863845825 0.035415537655353546 0.09168680012226105
v 0.4191226065158844 0.02512739598751068 0.09686677902936935
v 0.4093254506587982 0.013693258166313171 0.10254261642694473
v 0.37311896681785583 0.020094100385904312 0.10405561327934265
v 0.36305898427963257 0.030051596462726593 0.10081217437982559
v 0.3578777313232422 0.03992175683379173 0.09655078500509262
v 0.3520332872867584 0.04908107966184616 0.09156753122806549
v 0.3454018235206604 0.059266187250614166 0.08557981252670288
v 0.3658922016620636 0.022763092070817947 0.10356225818395615
v 0.3311570882797241 0.06888096034526825 0.08131451904773712
v 0.3273908793926239 0.07896016538143158 0.07633562386035919
v 0.359487920999527 0.11157453060150146 0.06303182244300842
v 0.36490577459335327 0.11413218080997467 0.05959371104836464
v 0.349441260099411 0.10675777494907379 0.06617540121078491
v 0.37070363759994507 0.11205780506134033 0.057051777839660645
v 0.3783300220966339 0.10810890793800354 0.05402818322181702
v 0.3318818509578705 0.10091356188058853 0.0665641501545906
v 0.38454049825668335 0.10794060677289963 0.05063598230481148
v 0.3893868625164032 0.10862010717391968 0.04721977934241295
v 0.40812674164772034 0.10394948720932007 0.03969039022922516
v 0.39830681681632996 0.10791052877902985 0.04251350834965706
v 0.41662299633026123 0.1022525280714035 0.038683902472257614
v 0.4253174066543579 0.10001492500305176 0.039894938468933105
v 0.4343089461326599 0.09893704950809479 0.04232694208621979
v 0.44294026494026184 0.09941412508487701 0.04526780918240547
v 0.4494144916534424 0.09936375170946121 0.047846123576164246
v 0.46171116828918457 0.09756845980882645 0.0530882403254509
v 0.45705243945121765 0.06853659451007843 0.07192477583885193
v 0.4425834119319916 0.05607224255800247 0.08067240566015244
v 0.4710730016231537 0.08695390075445175 0.06032777577638626
v 0.4663628935813904 0.07378440350294113 0.0678645521402359
v 0.4277379810810089 0.02152252569794655 0.09587995707988739
v 0.43652862310409546 0.04573700204491615 0.08628548681735992
v 0.437145471572876 0.03173508122563362 0.09068015217781067
v 0.419741690158844 0.012828532606363297 0.10003873705863953
v 0.3586733043193817 0.02051083743572235 0.10482364892959595
v 0.3519674241542816 0.02964354306459427 0.10083843767642975
v 0.34703922271728516 0.039412014186382294 0.09560714662075043
v 0.34100472927093506 0.04786296188831329 0.09047961980104446
v 0.3331364095211029 0.057504430413246155 0.08574710786342621
v 0.3173440098762512 0.08423570543527603 0.07192288339138031
v 0.3199079632759094 0.07208432257175446 0.07751917093992233
v 0.350368469953537 0.11520886421203613 0.06320621073246002
v 0.3587782680988312 0.11958801746368408 0.059290431439876556
v 0.3663042485713959 0.1191273033618927 0.056380052119493484
v 0.3406164050102234 0.11077851057052612 0.06453526765108109
v 0.37240928411483765 0.11563734710216522 0.05379164591431618
v 0.31951215863227844 0.10949023067951202 0.05963045731186867
v 0.38048261404037476 0.11442233622074127 0.0496823787689209
v 0.38666534423828125 0.11554664373397827 0.04456999525427818
v 0.4034024178981781 0.11045408993959427 0.03668959066271782
v 0.41318416595458984 0.1062210202217102 0.03552672639489174
v 0.39306968450546265 0.11682775616645813 0.03900960460305214
v 0.4222869277000427 0.1027715876698494 0.035955943167209625
v 0.43183213472366333 0.100812166929245 0.03747911378741264
v 0.4412927031517029 0.1007346361875534 0.039370328187942505
v 0.44903796911239624 0.10126248002052307 0.04239019751548767
v 0.4586099088191986 0.10137839615345001 0.04566895216703415
v 0.4729257822036743 0.09644116461277008 0.053019534796476364
v 0.4511690139770508 0.05660216510295868 0.07831250131130219
v 0.4611225426197052 0.06024341657757759 0.07408663630485535
v 0.4782441258430481 0.07965273410081863 0.06169790029525757
v 0.47265589237213135 0.06536209583282471 0.06850932538509369
v 0.4362765848636627 0.0177583247423172 0.09564277529716492
v 0.42655038833618164 0.00837680697441101 0.10024337470531464
v 0.4463947117328644 0.04335253685712814 0.08440402895212173
v 0.44513624906539917 0.027080826461315155 0.09108626842498779
v 0.3432924747467041 -0.0020339414477348328 0.11163700371980667
v 0.3374234735965729 0.039732031524181366 0.0938292071223259
v 0.33334293961524963 0.05496459826827049 0.08622989058494568
v 0.3222077786922455 0.06009728088974953 0.08152857422828674
v 0.3088810443878174 0.07509125024080276 0.07237298786640167
v 0.3047229051589966 0.08996553719043732 0.06471101939678192
v 0.3409075140953064 0.1229541003704071 0.05928834527730942
v 0.3514324724674225 0.12669658660888672 0.05773976445198059
v 0.3607543110847473 0.1258857697248459 0.05548602715134621
v 0.37026000022888184 0.12315929681062698 0.05204878747463226
v 0.33098629117012024 0.11759259551763535 0.06048620864748955
v 0.3047535717487335 0.10223047435283661 0.060415998101234436
v 0.37581780552864075 0.12497378140687943 0.04760167747735977
v 0.38085460662841797 0.12558947503566742 0.0425540953874588
v 0.39784860610961914 0.11867339164018631 0.03347904980182648
v 0.4084528088569641 0.11258791387081146 0.03218017518520355
v 0.4189607501029968 0.10744905471801758 0.03131258860230446
v 0.3889322578907013 0.12543027102947235 0.03522735461592674
v 0.42921850085258484 0.1038808524608612 0.031621597707271576
v 0.4392004609107971 0.1025809794664383 0.033368367701768875
v 0.44799110293388367 0.10240309685468674 0.036437537521123886
v 0.45541179180145264 0.10264456272125244 0.03945375978946686
v 0.47082778811454773 0.10273289680480957 0.04567111283540726
v 0.4820864498615265 0.09169881045818329 0.05459515377879143
v 0.4566139578819275 0.047043345868587494 0.08006034046411514
v 0.46700426936149597 0.05075521767139435 0.07443101704120636
v 0.4833192527294159 0.07129159569740295 0.06308846175670624
v 0.4772529602050781 0.056498561054468155 0.0690930187702179
v 0.44438955187797546 0.014192745089530945 0.09639272838830948
v 0.43624529242515564 0.006058938801288605 0.10025901347398758
v 0.453969806432724 0.033856913447380066 0.085555300116539
v 0.4534841775894165 0.021324656903743744 0.0909624844789505
v 0.34388816356658936 0.02215002477169037 0.1032799780368805
v 0.34013110399246216 0.03160715848207474 0.09821075946092606
v 0.33052605390548706 0.04459630325436592 0.09048416465520859
v 0.3252861499786377 0.059400252997875214 0.0815993994474411
v 0.3134538233280182 0.07042035460472107 0.07333081215620041
v 0.29453104734420776 0.09071069210767746 0.059639718383550644
v 0.2988263964653015 0.08714032173156738 0.05940629169344902
v 0.3316720128059387 0.12819156050682068 0.0548069030046463
v 0.3429398536682129 0.13280510902404785 0.05377946421504021
v 0.3542916774749756 0.13402479887008667 0.052634671330451965
v 0.36584967374801636 0.1310175508260727 0.050613924860954285
v 0.317865252494812 0.12413060665130615 0.05257477983832359
v 0.29588037729263306 0.0998615026473999 0.05688546597957611
v 0.3707208037376404 0.1372644007205963 0.04643092304468155
v 0.37651047110557556 0.13384144008159637 0.038345757871866226
v 0.40366053581237793 0.12024745345115662 0.028060324490070343
v 0.39394456148147583 0.12606899440288544 0.028635259717702866
v 0.41336992383003235 0.11456525325775146 0.026662103831768036
v 0.4263557493686676 0.10998627543449402 0.024557286873459816
v 0.38376694917678833 0.1314847767353058 0.03009055182337761
v 0.43828311562538147 0.10559780895709991 0.02683626115322113
v 0.44697311520576477 0.10433145612478256 0.02983108162879944
v 0.4559825360774994 0.10410333424806595 0.03398235887289047
v 0.46613016724586487 0.10483987629413605 0.038194816559553146
v 0.48209863901138306 0.10166409611701965 0.04622833803296089
v 0.4884996712207794 0.08570948243141174 0.05645573511719704
v 0.46344906091690063 0.03641144186258316 0.07984405755996704
v 0.4730413556098938 0.041214291006326675 0.07444730401039124
v 0.48757240176200867 0.06305456161499023 0.0631721094250679
v 0.48222365975379944 0.04710070788860321 0.06861010938882828
v 0.45313215255737305 0.009796567261219025 0.09677952527999878
v 0.44497406482696533 0.0039805397391319275 0.10111545026302338
v 0.4372054636478424 -0.003439679741859436 0.1048162654042244
v 0.4617997407913208 0.025898732244968414 0.08540886640548706
v 0.46147727966308594 0.015174180269241333 0.09105567634105682
v 0.32844027876853943 0.033142901957035065 0.09543842822313309
v 0.3317667841911316 0.024830814450979233 0.09996188431978226
v 0.3224514126777649 0.05079897120594978 0.08504338562488556
v 0.31634730100631714 0.059083111584186554 0.07825025171041489
v 0.30364343523979187 0.07253589481115341 0.06820438802242279
v 0.2924380600452423 0.09741801768541336 0.05140780285000801
v 0.2925429344177246 0.08547881990671158 0.056577909737825394
v 0.3341229259967804 0.13609525561332703 0.04922347143292427
v 0.3236849904060364 0.13314983248710632 0.048864781856536865
v 0.34570813179016113 0.14210006594657898 0.04966418072581291
v 0.36000964045524597 0.14102032780647278 0.0474945493042469
v 0.3042369484901428 0.12273190170526505 0.04611138254404068
v 0.2923726737499237 0.10888935625553131 0.04600599780678749
v 0.3656594157218933 0.14143775403499603 0.039898086339235306
v 0.37110280990600586 0.1391904652118683 0.033182576298713684
v 0.39775821566581726 0.1264825463294983 0.024510826915502548
v 0.40707045793533325 0.12160897254943848 0.023316510021686554
v 0.38848137855529785 0.13136127591133118 0.024581659585237503
v 0.4163616895675659 0.11780110746622086 0.021421093493700027
v 0.4355772137641907 0.11008982360363007 0.020578743889927864
v 0.3781505227088928 0.13472862541675568 0.02594994753599167
v 0.44616490602493286 0.10698158293962479 0.022956809028983116
v 0.45546814799308777 0.10593576729297638 0.028036363422870636
v 0.4635947644710541 0.10558725893497467 0.032134056091308594
v 0.47960084676742554 0.1061476618051529 0.038739897310733795
v 0.4919491112232208 0.09625786542892456 0.04938455671072006
v 0.49368947744369507 0.0770353302359581 0.057896677404642105
v 0.46924853324890137 0.02882251888513565 0.08054874837398529
v 0.47835758328437805 0.03277873992919922 0.0741620734333992
v 0.49293434619903564 0.05499265342950821 0.06237136945128441
v 0.48762309551239014 0.039528943598270416 0.06836870312690735
v 0.4534173309803009 -0.001620173454284668 0.1023668572306633
v 0.4613338112831116 0.003844708204269409 0.09710609912872314
v 0.4466254711151123 -0.0059196799993515015 0.10544219613075256
v 0.4686221778392792 0.018168922513723373 0.0857866108417511
v 0.46853962540626526 0.007502790540456772 0.09181168675422668
v 0.31907758116722107 0.03841933235526085 0.08979092538356781
v 0.3110805153846741 0.047099146991968155 0.0816434919834137
v 0.3059841990470886 0.058392856270074844 0.0741545781493187
v 0.2958777844905853 0.07544056326150894 0.06323760747909546
v 0.3240495026111603 0.13834504783153534 0.04348171502351761
v 0.3372223973274231 0.14108353853225708 0.04411011189222336
v 0.31260257959365845 0.13347743451595306 0.043694060295820236
v 0.35325387120246887 0.14447790384292603 0.0420156754553318
v 0.29346561431884766 0.1203019917011261 0.041439928114414215
v 0.28715819120407104 0.09461957216262817 0.05006317421793938
v 0.28612613677978516 0.10707718133926392 0.04336301609873772
v 0.35975155234336853 0.14685478806495667 0.03495144098997116
v 0.36672738194465637 0.14233213663101196 0.028554068878293037
v 0.39166581630706787 0.13102662563323975 0.02014821767807007
v 0.4009120762348175 0.12696439027786255 0.020439978688955307
v 0.4094434380531311 0.12351949512958527 0.019678089767694473
v 0.3815944194793701 0.13358864188194275 0.020386286079883575
v 0.4264250099658966 0.11569537967443466 0.017824070528149605
v 0.4422515332698822 0.11113002896308899 0.018358562141656876
v 0.3724052906036377 0.13658511638641357 0.021510567516088486
v 0.4565172791481018 0.10789154469966888 0.024149958044290543
v 0.4646488130092621 0.10742635279893875 0.027309922501444817
v 0.47325223684310913 0.10724595934152603 0.03238341212272644
v 0.4907420873641968 0.10569076240062714 0.04071931913495064
v 0.49808773398399353 0.09042292833328247 0.052023932337760925
v 0.49881529808044434 0.07032625377178192 0.0574505440890789
v 0.47672751545906067 0.022712312638759613 0.07908107340335846
v 0.48405951261520386 0.027761463075876236 0.07323988527059555
v 0.49890807271003723 0.05073234811425209 0.06130767613649368
v 0.49429941177368164 0.03744471073150635 0.0666777491569519
v 0.4607256054878235 -0.004858769476413727 0.10216483473777771
v 0.45378419756889343 -0.01014900952577591 0.10628695785999298
v 0.46801432967185974 -0.001140594482421875 0.09727504104375839
v 0.4769667983055115 0.010950550436973572 0.08527208864688873
v 0.47639143466949463 0.0014536753296852112 0.09159184247255325
v 0.2924180030822754 0.011641398072242737 0.09556110948324203
v 0.30517148971557617 0.03418382257223129 0.08659657090902328
v 0.3000516891479492 0.04715799167752266 0.07933729887008667
v 0.29593831300735474 0.06185831502079964 0.07037165760993958
v 0.28950345516204834 0.07747329771518707 0.060240454971790314
v 0.31479567289352417 0.13904507458209991 0.036068469285964966
v 0.32643482089042664 0.14217089116573334 0.037630416452884674
v 0.34252941608428955 0.14754271507263184 0.036039914935827255
v 0.2964129149913788 0.1292516142129898 0.03690473362803459
v 0.28628963232040405 0.115973562002182 0.03877653926610947
v 0.28265538811683655 0.09263747185468674 0.049150507897138596
v 0.28175637125968933 0.10396760702133179 0.04212145879864693
v 0.3529903292655945 0.15157586336135864 0.02841278910636902
v 0.36059874296188354 0.14283975958824158 0.024160660803318024
v 0.3945927321910858 0.13186217844486237 0.015273060649633408
v 0.3833301365375519 0.13308823108673096 0.013975873589515686
v 0.4059310853481293 0.12822949886322021 0.016772344708442688
v 0.41730064153671265 0.12325868755578995 0.01595894806087017
v 0.3734639286994934 0.13518966734409332 0.014737766236066818
v 0.43495163321495056 0.1152484267950058 0.015830785036087036
v 0.45181310176849365 0.11041229963302612 0.01927337795495987
v 0.3586920201778412 0.13829419016838074 0.017933983355760574
v 0.46392592787742615 0.11020862311124802 0.022282011806964874
v 0.4764711856842041 0.11048871278762817 0.025862764567136765
v 0.4875105023384094 0.11070454120635986 0.032829783856868744
v 0.501105010509491 0.10054761171340942 0.04441244900226593
v 0.5019431114196777 0.08186974376440048 0.053922150284051895
v 0.5023924112319946 0.06333642452955246 0.05773470550775528
v 0.48299288749694824 0.017402805387973785 0.07864169776439667
v 0.4922243356704712 0.02503833919763565 0.07234619557857513
v 0.5023959875106812 0.03513936698436737 0.06594785302877426
v 0.5043915510177612 0.04785516485571861 0.06103258207440376
v 0.46579715609550476 -0.010236479341983795 0.10257174074649811
v 0.45966506004333496 -0.01499464362859726 0.10645750164985657
v 0.4743601679801941 -0.006670989096164703 0.09726426750421524
v 0.4850831627845764 0.005835279822349548 0.08468133956193924
v 0.4822476804256439 -0.003451049327850342 0.0929415225982666
v 0.29282987117767334 0.035103313624858856 0.08592173457145691
v 0.2908012866973877 0.049198564141988754 0.07909791171550751
v 0.2887040972709656 0.06319485604763031 0.07065695524215698
v 0.2845214009284973 0.07771540433168411 0.05917387083172798
v 0.31750234961509705 0.1416485607624054 0.031139811500906944
v 0.30417561531066895 0.13666413724422455 0.03369296342134476
v 0.3272661864757538 0.14463317394256592 0.030043331906199455
v 0.2838696241378784 0.12871864438056946 0.030686382204294205
v 0.27902135252952576 0.11665624380111694 0.03357114642858505
v 0.27962368726730347 0.08960526436567307 0.045673202723264694
v 0.27662113308906555 0.10708216577768326 0.03510221093893051
v 0.33810967206954956 0.1471148133277893 0.027107611298561096
v 0.34674271941185 0.1438189446926117 0.021523477509617805
v 0.3877376616001129 0.13348235189914703 0.010855671018362045
v 0.40219151973724365 0.13256870210170746 0.012597009539604187
v 0.37483981251716614 0.13501697778701782 0.008733132854104042
v 0.41186466813087463 0.12975066900253296 0.012373507022857666
v 0.42774105072021484 0.12134766578674316 0.012799568474292755
v 0.358960896730423 0.13590653240680695 0.010742716491222382
v 0.44304075837135315 0.11472845822572708 0.014148350805044174
v 0.4618450701236725 0.11324955523014069 0.0170956552028656
v 0.3501310646533966 0.13881301879882812 0.01533503644168377
v 0.4721430838108063 0.1142277866601944 0.019098784774541855
v 0.48860275745391846 0.113361656665802 0.026673726737499237
v 0.5005751252174377 0.10941988974809647 0.03639020770788193
v 0.5073133111000061 0.09283339232206345 0.04783888906240463
v 0.5102920532226562 0.07992709428071976 0.05179661139845848
v 0.5114891529083252 0.06343957781791687 0.055819958448410034
v 0.49235206842422485 0.013851035386323929 0.07749342918395996
v 0.5014225840568542 0.02107826992869377 0.07242360711097717
v 0.5143460035324097 0.04843011498451233 0.05859756842255592
v 0.5091780424118042 0.031223710626363754 0.06575667858123779
v 0.47135570645332336 -0.016059711575508118 0.10219618678092957
v 0.46500322222709656 -0.020282454788684845 0.10620501637458801
v 0.4777761399745941 -0.014934495091438293 0.09912507981061935
v 0.49432599544525146 0.005521729588508606 0.08108959347009659
v 0.49125710129737854 -0.003361232578754425 0.08838208019733429
v 0.28463229537010193 0.03477013111114502 0.08770117163658142
v 0.28601372241973877 0.04929552972316742 0.0782097652554512
v 0.28405091166496277 0.06128362938761711 0.06743943691253662
v 0.27991074323654175 0.07052238285541534 0.05445018410682678
v 0.30770760774612427 0.14135393500328064 0.02618557959794998
v 0.3173961639404297 0.14255081117153168 0.025730527937412262
v 0.2910686433315277 0.13845178484916687 0.026530994102358818
v 0.2768514156341553 0.1304701268672943 0.024030787870287895
v 0.2740180492401123 0.12445028126239777 0.02254655957221985
v 0.27842721343040466 0.07503940910100937 0.04495096579194069
v 0.2759925425052643 0.09889388084411621 0.031911786645650864
v 0.32397833466529846 0.14316129684448242 0.023365702480077744
v 0.3324677050113678 0.1413988471031189 0.020956020802259445
v 0.37889519333839417 0.13387227058410645 0.007143760100007057
v 0.394634872674942 0.13471564650535583 0.009643062949180603
v 0.407780259847641 0.13240867853164673 0.009384404867887497
v 0.36417821049690247 0.13506588339805603 0.006204741075634956
v 0.4211661219596863 0.12670329213142395 0.010185690596699715
v 0.4361609220504761 0.11964259296655655 0.010488666594028473
v 0.3514385521411896 0.13683706521987915 0.010363548994064331
v 0.45195168256759644 0.11513999849557877 0.013095680624246597
v 0.469619482755661 0.11630478501319885 0.014382541179656982
v 0.34061962366104126 0.13949283957481384 0.015102734789252281
v 0.48344019055366516 0.1159505546092987 0.020551763474941254
v 0.497658908367157 0.11401087045669556 0.02955521084368229
v 0.5105447173118591 0.10383008420467377 0.04118548333644867
v 0.5175988674163818 0.09531968832015991 0.04482957348227501
v 0.5218034386634827 0.08246562629938126 0.04957167059183121
v 0.524226725101471 0.06819184124469757 0.052194539457559586
v 0.49983876943588257 0.010072194039821625 0.07790327072143555
v 0.5093094110488892 0.020322222262620926 0.07035824656486511
v 0.5158288478851318 0.03193644806742668 0.06292063742876053
v 0.5252829194068909 0.0512472465634346 0.05463400483131409
v 0.4736100733280182 -0.022978976368904114 0.10294277966022491
v 0.46902263164520264 -0.02374502271413803 0.10536377131938934
v 0.4838372766971588 -0.01453208178281784 0.09609928727149963
v 0.4999653697013855 0.0007275119423866272 0.08135505765676498
v 0.49657338857650757 -0.007651723921298981 0.08592503517866135
v 0.2843223214149475 0.03673650696873665 0.08139532804489136
v 0.2836684286594391 0.04403514415025711 0.07288981974124908
v 0.2781481146812439 0.05282831937074661 0.06400279700756073
v 0.2789449989795685 0.05626998096704483 0.053888753056526184
v 0.2985730767250061 0.14311984181404114 0.021501630544662476
v 0.3106466829776764 0.14365531504154205 0.021836047992110252
v 0.2793857753276825 0.13988523185253143 0.0204347874969244
v 0.2755388915538788 0.11677756905555725 0.020326092839241028
v 0.2785675525665283 0.09464599192142487 0.023773128166794777
v 0.27839791774749756 0.07939155399799347 0.03342916816473007
v 0.32012060284614563 0.14219483733177185 0.025162650272250175
v 0.32632341980934143 0.13812890648841858 0.022299189120531082
v 0.3684700131416321 0.13563759624958038 -0.0038914047181606293
v 0.3855728805065155 0.13524270057678223 0.005411218851804733
v 0.4006465673446655 0.1347014158964157 0.007590081542730331
v 0.4144483804702759 0.13086852431297302 0.008582599461078644
v 0.3564552366733551 0.1374596506357193 0.004525467753410339
v 0.4289894998073578 0.12485376000404358 0.008104823529720306
v 0.4443248212337494 0.11861710250377655 0.009165443480014801
v 0.3464299440383911 0.13873644173145294 0.006876714527606964
v 0.46157965064048767 0.11695428192615509 0.010782994329929352
v 0.47842538356781006 0.1186269074678421 0.014527563005685806
v 0.3267053961753845 0.13774484395980835 0.01921331323683262
v 0.49540767073631287 0.1162903904914856 0.022275466471910477
v 0.509194552898407 0.11187170445919037 0.03361024335026741
v 0.5198261141777039 0.10627773404121399 0.03792181611061096
v 0.5287827849388123 0.09823592007160187 0.04179948568344116
v 0.5335063934326172 0.08424370735883713 0.0453263521194458
v 0.5351256728172302 0.06814325600862503 0.046952057629823685
v 0.5122790336608887 0.012828029692173004 0.07063646614551544
v 0.5344629883766174 0.052107177674770355 0.04814102500677109
v 0.5249203443527222 0.036740366369485855 0.056405145674943924
v 0.4708024859428406 -0.026732146739959717 0.10518412292003632
v 0.4777680039405823 -0.02579682320356369 0.10143198072910309
v 0.4909956455230713 -0.017529383301734924 0.09188788384199142
v 0.50457763671875 -0.0028785839676856995 0.08018569648265839
v 0.5015413761138916 -0.005850683897733688 0.08161534368991852
v 0.2816503643989563 0.030021104961633682 0.07710647583007812
v 0.2769278883934021 0.038647428154945374 0.06889641284942627
v 0.27459049224853516 0.04623623937368393 0.05873250961303711
v 0.28105151653289795 0.0590042844414711 0.04108689725399017
v 0.2890301048755646 0.14369192719459534 0.020321451127529144
v 0.3178308606147766 0.13840532302856445 0.0238253902643919
v 0.27578216791152954 0.13029268383979797 0.01110842078924179
v 0.27601364254951477 0.13662506639957428 0.014790333807468414
v 0.2791401147842407 0.10906295478343964 0.016827406361699104
v 0.2847386300563812 0.06599806249141693 0.029530629515647888
v 0.283915251493454 0.08364187180995941 0.020411532372236252
v 0.321791410446167 0.13815739750862122 0.024878811091184616
v 0.37341269850730896 0.13531512022018433 -0.006673732772469521
v 0.3932079076766968 0.13649649918079376 0.003985529765486717
v 0.40817373991012573 0.13326846063137054 0.005999989807605743
v 0.4215186834335327 0.12897072732448578 0.006341073662042618
v 0.3529665768146515 0.14105021953582764 -0.0055236537009477615
v 0.36275190114974976 0.13756504654884338 -0.005376113578677177
v 0.35927528142929077 0.14027026295661926 -0.008308861404657364
v 0.43683311343193054 0.12302935123443604 0.005771469324827194
v 0.4522300362586975 0.11849937587976456 0.007404148578643799
v 0.3337770700454712 0.13967880606651306 0.009187428280711174
v 0.47247058153152466 0.11959042400121689 0.009100783616304398
v 0.4895862340927124 0.11937150359153748 0.015004105865955353
v 0.3197877109050751 0.13541704416275024 0.02376064471900463
v 0.504910945892334 0.1167149469256401 0.02570262923836708
v 0.5168747305870056 0.11177188158035278 0.030413024127483368
v 0.5274006128311157 0.10670806467533112 0.035320065915584564
v 0.5371403694152832 0.09886857122182846 0.03761531785130501
v 0.5422049164772034 0.08320192992687225 0.03742966800928116
v 0.5425019860267639 0.06813932955265045 0.03874295577406883
v 0.5053622722625732 0.013117209076881409 0.07508451491594315
v 0.5186699032783508 0.0189269557595253 0.0629851296544075
v 0.5080690979957581 0.002343256026506424 0.07511641830205917
v 0.5082709789276123 0.008301939815282822 0.0755339115858078
v 0.5389512181282043 0.05096891149878502 0.0406198687851429
v 0.5291458368301392 0.033308081328868866 0.05201030895113945
v 0.46602845191955566 -0.047401927411556244 0.11056539416313171
v 0.4841032028198242 -0.029334329068660736 0.09853677451610565
v 0.5062594413757324 -0.000669427216053009 0.08164262771606445
v 0.5052743554115295 -0.002328988164663315 0.07975097000598907
v 0.27542808651924133 0.024071551859378815 0.07537592947483063
v 0.26736927032470703 0.03491366654634476 0.06390774250030518
v 0.2801883816719055 0.046990856528282166 0.0491940900683403
v 0.2815121114253998 0.14354565739631653 0.014151046983897686
v 0.29649603366851807 0.1490495800971985 0.02444847673177719
v 0.29293742775917053 0.14491286873817444 0.016807114705443382
v 0.3113689124584198 0.14917084574699402 0.030727161094546318
v 0.3188987970352173 0.1408870965242386 0.02210412360727787
v 0.28158026933670044 0.12144102156162262 0.008963722735643387
v 0.2817625403404236 0.1407310664653778 0.006937176920473576
v 0.28475508093833923 0.09879113733768463 0.011679556220769882
v 0.2896687686443329 0.07250306755304337 0.019345954060554504
v 0.29133450984954834 0.08573991060256958 0.008811192587018013
v 0.3261074423789978 0.13525265455245972 0.02279617451131344
v 0.3651616871356964 0.13832302391529083 -0.010662410408258438
v 0.3832399249076843 0.13649244606494904 -0.001553170382976532
v 0.40092822909355164 0.1358020007610321 0.0019208937883377075
v 0.41483747959136963 0.1318919062614441 0.005015652626752853
v 0.42862001061439514 0.12701700627803802 0.0035820938646793365
v 0.3531791567802429 0.14237773418426514 -0.010297892615199089
v 0.343726247549057 0.1418626606464386 -0.004357161000370979
v 0.3592495024204254 0.1414126753807068 -0.011954046785831451
v 0.44442218542099 0.1216190829873085 0.003966428339481354
v 0.4637908339500427 0.119972363114357 0.005410734564065933
v 0.31626421213150024 0.1383979767560959 0.015349011868238449
v 0.4823634624481201 0.12164320051670074 0.008927542716264725
v 0.5020558834075928 0.11911497265100479 0.017502162605524063
v 0.5124104619026184 0.1159844696521759 0.023056771606206894
v 0.5235256552696228 0.11141736805438995 0.02828367054462433
v 0.5338609218597412 0.10452035814523697 0.030976269394159317
v 0.541936457157135 0.09350259602069855 0.030900921672582626
v 0.5442379117012024 0.07965248078107834 0.030791737139225006
v 0.5433232188224792 0.06832939386367798 0.031133268028497696
v 0.5198604464530945 0.013150308281183243 0.06036033481359482
v 0.5102905035018921 0.002063281834125519 0.07514594495296478
v 0.5041821002960205 -0.0057351961731910706 0.0776839554309845
v 0.5330392718315125 0.03965815156698227 0.04192272946238518
v 0.5297052264213562 0.018564825877547264 0.05226987227797508
v 0.4726813733577728 -0.050934046506881714 0.1070520281791687
v 0.49368816614151 -0.023596324026584625 0.0904238224029541
v 0.48986539244651794 -0.03424336016178131 0.09539713710546494
v 0.49699580669403076 -0.016096532344818115 0.08677133917808533
v 0.26771822571754456 0.025109997019171715 0.07273221015930176
v 0.27071163058280945 0.04028915613889694 0.05096418783068657
v 0.2831917703151703 0.04718765988945961 0.03959714248776436
v 0.2912423610687256 0.14407330751419067 0.007959985174238682
v 0.30395594239234924 0.14090603590011597 0.011815764009952545
v 0.30706846714019775 0.14315298199653625 0.020014770328998566
v 0.3163891136646271 0.1393800973892212 0.024352528154850006
v 0.3168564736843109 0.1362653374671936 0.026631798595190048
v 0.28797703981399536 0.11005017161369324 0.005270166322588921
v 0.28847742080688477 0.1329309195280075 0.0017940755933523178
v 0.30027908086776733 0.1431257575750351 -0.000693170353770256
v 0.2938225567340851 0.09679582715034485 0.0017237421125173569
v 0.29591405391693115 0.07133826613426208 0.012459518387913704
v 0.2990092635154724 0.08465365320444107 0.0018773674964904785
v 0.28803497552871704 0.057033661752939224 0.028404880315065384
v 0.31956517696380615 0.13596180081367493 0.028346288949251175
v 0.3703940510749817 0.1367036998271942 -0.012311384081840515
v 0.39182984828948975 0.13692022860050201 -0.002826835960149765
v 0.4103090763092041 0.1338779330253601 0.0009006671607494354
v 0.41995298862457275 0.13081209361553192 0.0017204508185386658
v 0.43660736083984375 0.12507231533527374 0.0015821121633052826
v 0.35381558537483215 0.14299559593200684 -0.014241063967347145
v 0.34379467368125916 0.14419379830360413 -0.011155650019645691
v 0.32673659920692444 0.14236505329608917 0.0025660954415798187
v 0.36201924085617065 0.13990360498428345 -0.014400158077478409
v 0.4538170397281647 0.12196754664182663 0.001284584403038025
v 0.4750138223171234 0.12253858149051666 0.004124537110328674
v 0.49410614371299744 0.12150494754314423 0.00963035598397255
v 0.5097594857215881 0.11730004847049713 0.01675243303179741
v 0.5181472897529602 0.11358076333999634 0.01973000168800354
v 0.5290784239768982 0.10607323050498962 0.02395075187087059
v 0.5378233194351196 0.09780982881784439 0.02539527416229248
v 0.5410445928573608 0.08789614588022232 0.025608934462070465
v 0.5388773083686829 0.06033231317996979 0.030312441289424896
v 0.5051381587982178 0.004209626466035843 0.07874810695648193
v 0.5209249258041382 0.0009938180446624756 0.06107986345887184
v 0.511050283908844 0.005913741886615753 0.0750500038266182
v 0.5107492804527283 0.003318723291158676 0.06900228559970856
v 0.5100772976875305 0.004367869347333908 0.0752108097076416
v 0.5093481540679932 -0.003923870623111725 0.07218810170888901
v 0.5025461912155151 -0.010982334613800049 0.07743711024522781
v 0.5339674949645996 0.037628378719091415 0.03953392803668976
v 0.5322802066802979 0.015632115304470062 0.050030551850795746
v 0.4784456789493561 -0.05395065248012543 0.10414883494377136
v 0.49181628227233887 -0.04001951217651367 0.0917876660823822
v 0.4960973262786865 -0.027361351996660233 0.0880555510520935
v 0.5004547238349915 -0.014140479266643524 0.08227359503507614
v 0.26464685797691345 0.016837334260344505 0.06954722106456757
v 0.26099449396133423 0.03104201890528202 0.06357670575380325
v 0.2615255117416382 0.03742147609591484 0.050786152482032776
v 0.27560263872146606 0.03884004056453705 0.04143051430583
v 0.3132556080818176 0.14531341195106506 -0.0007660128176212311
v 0.300462543964386 0.10985366255044937 -0.004435308277606964
v 0.29486551880836487 0.12230769544839859 -0.0019419193267822266
v 0.30221033096313477 0.1403285413980484 -0.005646668374538422
v 0.30516892671585083 0.09563790261745453 -0.0047879889607429504
v 0.2968810796737671 0.05499252676963806 0.023776788264513016
v 0.30749088525772095 0.07026958465576172 0.0022600889205932617
v 0.3097825348377228 0.082978755235672 -0.004284214228391647
v 0.2787862718105316 0.034942448139190674 0.035394955426454544
v 0.3783833384513855 0.13556133210659027 -0.013701554387807846
v 0.4015524685382843 0.13609714806079865 -0.005266077816486359
v 0.4146527945995331 0.13278910517692566 -0.0038988739252090454
v 0.42870354652404785 0.1285325288772583 -0.0023509040474891663
v 0.4440879821777344 0.12431459128856659 -0.0025506168603897095
v 0.35712170600891113 0.14164680242538452 -0.018239306285977364
v 0.34657618403434753 0.14508377015590668 -0.016859306022524834
v 0.3325757086277008 0.1462465077638626 -0.012531286105513573
v 0.36695560812950134 0.13766968250274658 -0.017810653895139694
v 0.46622589230537415 0.12290574610233307 -0.001002918928861618
v 0.4856637716293335 0.12385761737823486 0.003861386328935623
v 0.5038220286369324 0.1204589307308197 0.010945472866296768
v 0.5106695890426636 0.11682762205600739 0.012547023594379425
v 0.5242727398872375 0.10713598877191544 0.016334980726242065
v 0.5315285921096802 0.10029967129230499 0.017843030393123627
v 0.5373221635818481 0.09178128838539124 0.018191814422607422
v 0.5417029857635498 0.07892269641160965 0.022820230573415756
v 0.5385299324989319 0.0723673477768898 0.023729674518108368
v 0.5375685691833496 0.057223010808229446 0.028515320271253586
v 0.5136988162994385 -0.00737028568983078 0.06243598833680153
v 0.5106354355812073 -0.007241617888212204 0.06797455996274948
v 0.5279229283332825 -0.005146023817360401 0.05882886052131653
v 0.5067356824874878 -0.0020453594624996185 0.07103479653596878
v 0.5089163184165955 0.01118515431880951 0.07445953786373138
v 0.5102900862693787 0.02854452282190323 0.08377907425165176
v 0.49838072061538696 -0.022684838622808456 0.0827319473028183
v 0.30378180742263794 0.013299331068992615 0.027499597519636154
v 0.5389698147773743 0.009960450232028961 0.0499572828412056
v 0.49391970038414 -0.03475947678089142 0.08590535074472427
v 0.48856842517852783 -0.05057641863822937 0.0889781191945076
v 0.26254624128341675 0.013459421694278717 0.07050441205501556
v 0.2620585262775421 0.01817331463098526 0.06639391928911209
v 0.2642037868499756 0.025019433349370956 0.06177856773138046
v 0.2596963346004486 0.029890725389122963 0.05593646317720413
v 0.26566195487976074 0.03433607891201973 0.043634720146656036
v 0.31609097123146057 0.1053999662399292 -0.011626085266470909
v 0.3114269971847534 0.11968154460191727 -0.010882552713155746
v 0.3101375699043274 0.13428804278373718 -0.011780614033341408
v 0.32302597165107727 0.1474589854478836 -0.015038074925541878
v 0.3177483081817627 0.09092235565185547 -0.009966835379600525
v 0.3134210705757141 0.05361926555633545 0.010272108018398285
v 0.3237849175930023 0.062301505357027054 -0.0038439445197582245
v 0.32339197397232056 0.07672792673110962 -0.009290564805269241
v 0.25930601358413696 0.03524763509631157 0.043260857462882996
v 0.40709200501441956 0.13353416323661804 -0.010365381836891174
v 0.42071351408958435 0.12982577085494995 -0.009938448667526245
v 0.43547582626342773 0.12616313993930817 -0.008862785995006561
v 0.45595329999923706 0.12294692546129227 -0.005616527050733566
v 0.3500998020172119 0.14391474425792694 -0.021665584295988083
v 0.36329472064971924 0.13937094807624817 -0.02198169007897377
v 0.33866605162620544 0.14660105109214783 -0.018404340371489525
v 0.3764539957046509 0.1352253407239914 -0.020276444032788277
v 0.3904782235622406 0.13735359907150269 -0.008681213483214378
v 0.4775662422180176 0.12350888550281525 -0.002819683402776718
v 0.49656492471694946 0.12156173586845398 0.0036487169563770294
v 0.5068519115447998 0.11801765859127045 0.008803699165582657
v 0.5173858404159546 0.11112557351589203 0.010513536632061005
v 0.5309869050979614 0.0954221785068512 0.0113033726811409
v 0.5370307564735413 0.08508525788784027 0.016764450818300247
v 0.5350404381752014 0.0803711861371994 0.016677014529705048
v 0.5384724736213684 0.06851895153522491 0.018455173820257187
v 0.2133854329586029 0.015467096120119095 0.016714420169591904
v 0.5043601393699646 -0.02234753966331482 0.06667628884315491
v 0.5014064908027649 -0.0176851786673069 0.07279299944639206
v 0.5185863375663757 -0.016322139650583267 0.06310588121414185
v 0.5386555790901184 -0.007191415876150131 0.056788187474012375
v 0.5153709053993225 0.002388015389442444 0.08798016607761383
v 0.5200756192207336 0.02930609881877899 0.0916210189461708
v 0.5173718929290771 0.02760089933872223 0.08758974820375443
v 0.49678465723991394 -0.027521777898073196 0.07909313589334488
v 0.54851233959198 0.003415420651435852 0.04460309445858002
v 0.46629706025123596 0.01872863620519638 0.03639587014913559
v 0.4894860088825226 -0.04231956601142883 0.08235575258731842
v 0.4829413592815399 -0.0547061488032341 0.08560186624526978
v 0.2584923505783081 0.010689307004213333 0.0707223117351532
v 0.2559773921966553 0.01786390133202076 0.06821583211421967
v 0.2553441822528839 0.02339199185371399 0.06415025889873505
v 0.25297266244888306 0.027305636554956436 0.061768583953380585
v 0.2543073892593384 0.029256829991936684 0.05822393298149109
v 0.2614809572696686 0.029672082513570786 0.05177828297019005
v 0.32487037777900696 0.09707237035036087 -0.01309996098279953
v 0.3246728181838989 0.11452549695968628 -0.014978589490056038
v 0.3281789720058441 0.12929120659828186 -0.022575773298740387
v 0.3257215619087219 0.14313846826553345 -0.019683800637722015
v 0.3304097056388855 0.08885453641414642 -0.013344109058380127
v 0.3033863604068756 0.04167086258530617 0.027260631322860718
v 0.3181169331073761 0.04255116358399391 0.012620270252227783
v 0.32651641964912415 0.048472266644239426 0.0005262605845928192
v 0.3376534879207611 0.05344390869140625 -0.008920520544052124
v 0.33715343475341797 0.06662170588970184 -0.010755285620689392
v 0.2658776640892029 0.035931166261434555 0.04750387743115425
v 0.2846534252166748 0.037312041968107224 0.04016818851232529
v 0.394757479429245 0.13518854975700378 -0.013825865462422371
v 0.3986393213272095 0.1318463236093521 -0.016972210258245468
v 0.40974676609039307 0.1289270520210266 -0.014725979417562485
v 0.4286808967590332 0.1255308985710144 -0.012711293995380402
v 0.44705691933631897 0.12303096055984497 -0.010283112525939941
v 0.46811896562576294 0.1219097375869751 -0.008382000029087067
v 0.3370612859725952 0.1449977159500122 -0.020849617198109627
v 0.3584515452384949 0.1395244300365448 -0.024859217926859856
v 0.3688877522945404 0.13530570268630981 -0.025056222453713417
v 0.3807828426361084 0.13179028034210205 -0.02383827045559883
v 0.4876459240913391 0.12182252109050751 -0.00377558171749115
v 0.5047251582145691 0.11821387708187103 0.004196047782897949
v 0.5105483531951904 0.1145341619849205 0.006051808595657349
v 0.5247544646263123 0.10238543152809143 0.0077180080115795135
v 0.5277189612388611 0.09461195021867752 0.0048060230910778046
v 0.5324822664260864 0.08875271677970886 0.010128609836101532
v 0.5291050672531128 0.08507037162780762 0.00553729385137558
v 0.5321910381317139 0.07766379415988922 0.010433904826641083
v 0.41832998394966125 0.029240302741527557 0.02661837637424469
v 0.508975625038147 -0.018973875790834427 0.060883186757564545
v 0.491547167301178 -0.038307249546051025 0.0746094360947609
v 0.5255872011184692 -0.0137593112885952 0.05605121701955795
v 0.5425798892974854 -0.009063586592674255 0.051982492208480835
v 0.5205075144767761 0.02391490340232849 0.08335767686367035
v 0.5229393243789673 0.02236481010913849 0.07610911130905151
v 0.5238392949104309 0.034046102315187454 0.07471692562103271
v 0.5250236988067627 0.037040501832962036 0.08943058550357819
v 0.4840095639228821 -0.049687910825014114 0.08112090080976486
v 0.4799465239048004 -0.058254826813936234 0.08313601464033127
v 0.2525732219219208 0.0077398838475346565 0.07121013104915619
v 0.2479497492313385 0.01540678832679987 0.07031095027923584
v 0.2464824765920639 0.024213170632719994 0.06637150049209595
v 0.24533843994140625 0.028824077919125557 0.06328535825014114
v 0.24608024954795837 0.029917007312178612 0.05908369645476341
v 0.24874909222126007 0.031277500092983246 0.055698003619909286
v 0.24761918187141418 0.03184257447719574 0.053309082984924316
v 0.3291289806365967 0.10611151158809662 -0.016602640971541405
v 0.3380025625228882 0.12427797168493271 -0.026143694296479225
v 0.33431845903396606 0.13648474216461182 -0.024378564208745956
v 0.34148815274238586 0.07735149562358856 -0.013479284942150116
v 0.30526337027549744 0.030647102743387222 0.034607741981744766
v 0.3200256824493408 0.029221555218100548 0.02111433446407318
v 0.3293609321117401 0.03529250621795654 0.003744203597307205
v 0.33954310417175293 0.03882669657468796 -0.007477059960365295
v 0.2492479681968689 0.03383742272853851 0.047053366899490356
v 0.24813179671764374 0.034055791795253754 0.04683256894350052
v 0.27230989933013916 0.02996911108493805 0.05055351182818413
v 0.2907748520374298 0.030836211517453194 0.04365356266498566
v 0.3848968744277954 0.1270264834165573 -0.026521999388933182
v 0.4023897051811218 0.12757542729377747 -0.01928369700908661
v 0.41930726170539856 0.1257581263780594 -0.014656171202659607
v 0.43834516406059265 0.12322233617305756 -0.013677172362804413
v 0.45759204030036926 0.12084640562534332 -0.01241229847073555
v 0.4778701066970825 0.12082968652248383 -0.009913727641105652
v 0.3468240201473236 0.1414811909198761 -0.02581081911921501
v 0.3614138662815094 0.13541753590106964 -0.027803856879472733
v 0.3728387951850891 0.1308954805135727 -0.027555763721466064
v 0.4976968765258789 0.1181301474571228 -0.00382860004901886
v 0.5066895484924316 0.1134968176484108 -0.002317778766155243
v 0.514694333076477 0.10749330371618271 -0.001344781368970871
v 0.5232995748519897 0.09627865254878998 -0.004308462142944336
v 0.5271002650260925 0.09049071371555328 0.0004718899726867676
v 0.5289061069488525 0.08186037838459015 0.00070914626121521
v 0.5267633199691772 0.08614048361778259 -0.00350208580493927
v 0.5344224572181702 0.0715147852897644 0.009844206273555756
v 0.23721662163734436 0.02026021108031273 0.013643951155245304
v 0.48883509635925293 0.030401207506656647 0.02551380917429924
v 0.5166307091712952 0.014355212450027466 0.034599266946315765
v 0.5139408707618713 -0.021654564887285233 0.05512145534157753
v 0.4982423186302185 -0.03149004280567169 0.0664498507976532
v 0.5340359210968018 -0.012799423187971115 0.04781573265790939
v 0.5293833017349243 0.037668775767087936 0.0869755893945694
v 0.5251548290252686 0.03643256053328514 0.07662639021873474
v 0.5330719947814941 0.04344717040657997 0.06640754640102386
v 0.5328585505485535 0.050486210733652115 0.08196578919887543
v 0.5484178066253662 -0.007603473961353302 0.0458904467523098
v 0.4806913435459137 -0.06292545050382614 0.07919663190841675
v 0.48388588428497314 -0.049485329538583755 0.07656747102737427
v 0.24188350141048431 0.008211548440158367 0.07215055823326111
v 0.23671482503414154 0.015900077298283577 0.07087551057338715
v 0.2309286743402481 0.03249971196055412 0.0671568363904953
v 0.23489391803741455 0.023308902978897095 0.06971706449985504
v 0.2339739352464676 0.034509725868701935 0.061438627541065216
v 0.23460394144058228 0.03465980291366577 0.05741678923368454
v 0.2350916564464569 0.035702869296073914 0.05436629056930542
v 0.24930061399936676 0.032392218708992004 0.04989005997776985
v 0.3349440395832062 0.10000241547822952 -0.016818441450595856
v 0.3396484851837158 0.11731916666030884 -0.02649177424609661
v 0.34426945447921753 0.13005053997039795 -0.028152797371149063
v 0.3467237055301666 0.09101366251707077 -0.017293330281972885
v 0.34788286685943604 0.05706281214952469 -0.013178292661905289
v 0.35140255093574524 0.0665920153260231 -0.014867626130580902
v 0.3050108551979065 0.020261019468307495 0.043997813016176224
v 0.3182389438152313 0.01451202854514122 0.03245026618242264
v 0.3330610394477844 0.019236870110034943 0.006462365388870239
v 0.3409247398376465 0.0237222071737051 -0.0050113387405872345
v 0.35249844193458557 0.025796689093112946 -0.012620043009519577
v 0.35365742444992065 0.04268313944339752 -0.014589186757802963
v 0.23607827723026276 0.03555776923894882 0.04671857878565788
v 0.2354544848203659 0.03221286088228226 0.0453619547188282
v 0.2537039518356323 0.028109850361943245 0.049856998026371
v 0.290043443441391 0.020414628088474274 0.050544802099466324
v 0.27706608176231384 0.02158784493803978 0.05413036793470383
v 0.37867435812950134 0.12506480515003204 -0.029809320345520973
v 0.3909241855144501 0.12289737164974213 -0.026779640465974808
v 0.41118043661117554 0.12270860373973846 -0.017708469182252884
v 0.42823460698127747 0.12097972631454468 -0.01691998913884163
v 0.44850632548332214 0.12006208300590515 -0.01569855585694313
v 0.4679432511329651 0.11837391555309296 -0.015097413212060928
v 0.48791342973709106 0.11715465784072876 -0.011390618979930878
v 0.3522852957248688 0.13332295417785645 -0.029299434274435043
v 0.3660854995250702 0.12940022349357605 -0.02956368587911129
v 0.4980161190032959 0.11267325282096863 -0.010681983083486557
v 0.507828950881958 0.10707564651966095 -0.008979126811027527
v 0.5148215889930725 0.09822867810726166 -0.011909116059541702
v 0.5249357223510742 0.09036397933959961 -0.0068365782499313354
v 0.5303974151611328 0.07796765863895416 0.0003246292471885681
v 0.5276055335998535 0.08211994916200638 -0.006313994526863098
v 0.5301690101623535 0.06954354792833328 -0.0008223317563533783
v 0.40296322107315063 0.041142821311950684 0.007990180514752865
v 0.5413368940353394 0.037793442606925964 0.016894282773137093
v 0.5541980862617493 0.019350998103618622 0.023791037499904633
v 0.5218965411186218 -0.02553785964846611 0.05088275298476219
v 0.5049477815628052 -0.030144497752189636 0.057461515069007874
v 0.5542897582054138 -0.013092286884784698 0.041980572044849396
v 0.530524492263794 0.06370159983634949 0.08623345196247101
v 0.5285174250602722 0.04356065019965172 0.06176696717739105
v 0.5491260886192322 0.0668703019618988 0.06065049767494202
v 0.5312632322311401 0.0697249174118042 0.08760075271129608
v 0.5142363905906677 -0.0037501901388168335 0.035779207944869995
v 0.4960378408432007 -0.045629292726516724 0.0639338344335556
v 0.4858987033367157 -0.06382672488689423 0.07064605504274368
v 0.22818462550640106 0.013105600140988827 0.0729663297533989
v 0.225739985704422 0.022738022729754448 0.07037995755672455
v 0.22238296270370483 0.030531134456396103 0.0696982815861702
v 0.21924421191215515 0.03827109932899475 0.06868793070316315
v 0.22074070572853088 0.04101652279496193 0.06350578367710114
v 0.22212225198745728 0.0403561070561409 0.05835448205471039
v 0.23625491559505463 0.03596615046262741 0.04986723139882088
v 0.21894791722297668 0.040965884923934937 0.0553789883852005
v 0.3410557806491852 0.11114795506000519 -0.026203006505966187
v 0.34984877705574036 0.12212531268596649 -0.029902834445238113
v 0.3574826419353485 0.0798245295882225 -0.017369579523801804
v 0.3504526913166046 0.10669292509555817 -0.02797572873532772
v 0.3606818616390228 0.054330773651599884 -0.016726244240999222
v 0.3656553030014038 0.06664043664932251 -0.017966780811548233
v 0.3015470504760742 0.006229586899280548 0.050362132489681244
v 0.310884028673172 0.004755925387144089 0.04432190582156181
v 0.32801955938339233 0.010667778551578522 0.020422451198101044
v 0.34286847710609436 0.010236192494630814 -0.003854624927043915
v 0.35064780712127686 0.012576896697282791 -0.010771974921226501
v 0.37375935912132263 0.04230581596493721 -0.01951741799712181
v 0.3669537603855133 0.026295145973563194 -0.017175666987895966
v 0.21878553926944733 0.0385589562356472 0.040352534502744675
v 0.22114072740077972 0.03436910733580589 0.04083942994475365
v 0.2369569092988968 0.02845216728746891 0.04601554945111275
v 0.26157596707344055 0.019846325740218163 0.05333537608385086
v 0.2720367908477783 0.009648879058659077 0.055290885269641876
v 0.28325191140174866 0.012177690863609314 0.054973941296339035
v 0.3727918565273285 0.1206381767988205 -0.031770579516887665
v 0.38496455550193787 0.11950864642858505 -0.029769770801067352
v 0.40120062232017517 0.11981803178787231 -0.022792264819145203
v 0.423209547996521 0.11668204516172409 -0.018730949610471725
v 0.44026005268096924 0.11939093470573425 -0.016818780452013016
v 0.4578891694545746 0.11699993908405304 -0.01804543286561966
v 0.4771875739097595 0.11537770181894302 -0.01708187907934189
v 0.4880763292312622 0.10980936884880066 -0.018574200570583344
v 0.3581465184688568 0.12574705481529236 -0.030751528218388557
v 0.5012072324752808 0.10310938954353333 -0.015970252454280853
v 0.5219581723213196 0.0907231941819191 -0.01277925819158554
v 0.5066698789596558 0.09342144429683685 -0.016998156905174255
v 0.5310439467430115 0.07722468674182892 -0.009607858955860138
v 0.5260652303695679 0.08055737614631653 -0.013333037495613098
v 0.5245870351791382 0.08569248765707016 -0.011450856924057007
v 0.5317013263702393 0.06771543622016907 -0.014062721282243729
v 0.5362905263900757 0.06341911852359772 -0.01226649060845375
v 0.48877406120300293 0.04940959811210632 0.0012145129730924964
v 0.5825827121734619 0.02281288057565689 0.022966720163822174
v 0.5782594084739685 0.03569505363702774 0.017576640471816063
v 0.5448235273361206 0.004290178418159485 0.02740083634853363
v 0.5416480898857117 -0.017179878428578377 0.0430038720369339
v 0.527209997177124 -0.03043658286333084 0.04168243706226349
v 0.5064955353736877 -0.034100450575351715 0.05552899092435837
v 0.5527620911598206 -0.010226018726825714 0.03602760285139084
v 0.5629253387451172 -0.0036556944251060486 0.03204445540904999
v 0.5274099111557007 0.06746260821819305 0.07504044473171234
v 0.5323609113693237 0.06058528274297714 0.06501097977161407
v 0.5028624534606934 -0.04514698684215546 0.054513633251190186
v 0.4948183596134186 -0.06425877660512924 0.05761628597974777
v 0.21606327593326569 0.018497968092560768 0.07367817312479019
v 0.2136097252368927 0.02873579040169716 0.07046585530042648
v 0.21506288647651672 0.038189295679330826 0.07091014832258224
v 0.21174801886081696 0.045615218579769135 0.0709337592124939
v 0.21320708096027374 0.047245800495147705 0.06585163623094559
v 0.21115492284297943 0.04958132654428482 0.0611758716404438
v 0.2235087752342224 0.03883572667837143 0.051092762500047684
v 0.20471087098121643 0.04471924528479576 0.05431850999593735
v 0.2121295928955078 0.04522422328591347 0.05784601345658302
v 0.35203856229782104 0.11482685804367065 -0.03071393258869648
v 0.3734104633331299 0.07878528535366058 -0.019445300102233887
v 0.3658026456832886 0.0923827737569809 -0.020421989262104034
v 0.3636076748371124 0.10904514789581299 -0.031927838921546936
v 0.38120660185813904 0.06550422310829163 -0.020211704075336456
v 0.37383148074150085 0.05631101876497269 -0.019571125507354736
v 0.2918989360332489 0.008366364985704422 0.0540936104953289
v 0.32281720638275146 -0.00015512853860855103 0.03168642520904541
v 0.33652105927467346 0.0024144649505615234 0.008018504828214645
v 0.349611759185791 0.001817561686038971 -0.008327335119247437
v 0.36226773262023926 0.011138761416077614 -0.015101008117198944
v 0.3838438093662262 0.024833302944898605 -0.020642094314098358
v 0.3887544274330139 0.03817100450396538 -0.021163776516914368
v 0.2210552841424942 0.03907185047864914 0.04636411741375923
v 0.20689868927001953 0.039918459951877594 0.036964334547519684
v 0.20979008078575134 0.036115214228630066 0.03767574578523636
v 0.22317054867744446 0.029614167287945747 0.041225481778383255
v 0.24426871538162231 0.018462074920535088 0.048263151198625565
v 0.2544459104537964 0.008165341801941395 0.050914086401462555
v 0.36223602294921875 0.11805316805839539 -0.03238575905561447
v 0.3810938596725464 0.1157136857509613 -0.03135872259736061
v 0.39176133275032043 0.1145019680261612 -0.02805716171860695
v 0.4120277464389801 0.11469513177871704 -0.019327696412801743
v 0.4356710910797119 0.11587028205394745 -0.01875007152557373
v 0.4483119249343872 0.11590065062046051 -0.01892397180199623
v 0.4675479531288147 0.11453339457511902 -0.01949353888630867
v 0.49237892031669617 0.10230474174022675 -0.019064463675022125
v 0.5133558511734009 0.08746986091136932 -0.017243966460227966
v 0.4966573715209961 0.0951395109295845 -0.018965210765600204
v 0.5278188586235046 0.0738329291343689 -0.0178535133600235
v 0.5192282199859619 0.08232560753822327 -0.016897745430469513
v 0.5209567546844482 0.07597394287586212 -0.016698867082595825
v 0.5284162759780884 0.06296298652887344 -0.025166861712932587
v 0.5355006456375122 0.0565013512969017 -0.02631564438343048
v 0.549069344997406 0.043030746281147 0.008667457848787308
v 0.5716699361801147 0.042689405381679535 0.01211631577461958
v 0.5639381408691406 0.008362814784049988 0.01746656745672226
v 0.6001380681991577 0.035445258021354675 0.018004391342401505
v 0.5999884009361267 0.024535201489925385 0.02228742279112339
v 0.5486995577812195 -0.0004123598337173462 0.02187478542327881
v 0.53752601146698 -0.026708684861660004 0.03266257792711258
v 0.5281351804733276 -0.03858637064695358 0.030544579029083252
v 0.5131462216377258 -0.035474009811878204 0.048242777585983276
v 0.5476782917976379 -0.019835632294416428 0.029008494690060616
v 0.5264708399772644 0.0829789936542511 0.07071267068386078
v 0.539530873298645 0.08810831606388092 0.0686330795288086
v 0.537686824798584 0.08972451090812683 0.09195846319198608
v 0.4962174892425537 -0.06456848978996277 0.05017481744289398
v 0.5065203905105591 -0.051250312477350235 0.043924011290073395
v 0.21852953732013702 0.009006645530462265 0.07659909874200821
v 0.20786285400390625 0.023815829306840897 0.07307029515504837
v 0.207646906375885 0.03572831302881241 0.0738186240196228
v 0.20630745589733124 0.052132509648799896 0.07656070590019226
v 0.2094113528728485 0.04611801356077194 0.07656125724315643
v 0.20492400228977203 0.05605234205722809 0.06425328552722931
v 0.20234936475753784 0.054713647812604904 0.059546831995248795
v 0.20841911435127258 0.04077845811843872 0.048796478658914566
v 0.38899120688438416 0.0752028301358223 -0.020362697541713715
v 0.38278040289878845 0.08808955550193787 -0.02110859379172325
v 0.3752219080924988 0.1026093065738678 -0.030757099390029907
v 0.3745296895503998 0.1120896190404892 -0.03316598758101463
v 0.38793841004371643 0.051828593015670776 -0.021134261041879654
v 0.393637478351593 0.0642683207988739 -0.020770788192749023
v 0.33184242248535156 -0.006873384118080139 0.01970813050866127
v 0.34427976608276367 -0.005102846771478653 -0.001960277557373047
v 0.3579673171043396 -0.00030628591775894165 -0.012676417827606201
v 0.37686216831207275 0.010434407740831375 -0.01852809637784958
v 0.20522405207157135 0.04054787755012512 0.04183405637741089
v 0.19469662010669708 0.039715200662612915 0.03580453246831894
v 0.19744345545768738 0.037649285048246384 0.03473903611302376
v 0.21293038129806519 0.03265912085771561 0.03849315643310547
v 0.21190395951271057 0.028040550649166107 0.036840714514255524
v 0.2245722860097885 0.02057889848947525 0.040713123977184296
v 0.23509781062602997 0.00913261342793703 0.04333791136741638
v 0.386665403842926 0.11054632812738419 -0.030315138399600983
v 0.4048982262611389 0.10798319429159164 -0.02076096460223198
v 0.42853444814682007 0.10814790427684784 -0.020144246518611908
v 0.44427791237831116 0.10948280990123749 -0.021037429571151733
v 0.4590573012828827 0.11048252880573273 -0.021984510123729706
v 0.4742805063724518 0.109280526638031 -0.02180149033665657
v 0.48310407996177673 0.09916190057992935 -0.022074539214372635
v 0.5035055875778198 0.08616665005683899 -0.017779629677534103
v 0.48980987071990967 0.0877736508846283 -0.020326048135757446
v 0.5204655528068542 0.06959620118141174 -0.023156151175498962
v 0.5084989070892334 0.07852421700954437 -0.018556363880634308
v 0.5120086073875427 0.0722995400428772 -0.020655453205108643
v 0.5287242531776428 0.05136345326900482 -0.03458060696721077
v 0.519905149936676 0.05997077003121376 -0.026365958154201508
v 0.40600305795669556 0.03937487304210663 -0.019619369879364967
v 0.5390155911445618 0.04873964935541153 -0.04153262451291084
v 0.45997118949890137 0.04509939253330231 -0.009464306756854057
v 0.5209921002388 0.04803142696619034 -0.011740118265151978
v 0.5820224285125732 0.04447682946920395 0.00395631231367588
v 0.5958954691886902 0.04296661168336868 0.010478817857801914
v 0.5930473208427429 0.013068601489067078 0.023020248860120773
v 0.617405891418457 0.03159814327955246 0.018201161175966263
v 0.6122881174087524 0.02023344486951828 0.021090630441904068
v 0.5544570088386536 -0.010651126503944397 0.022883912548422813
v 0.5405834317207336 -0.008195765316486359 0.012916216626763344
v 0.5163177251815796 -0.044407546520233154 0.03689243644475937
v 0.5429341793060303 -0.025353701785206795 0.021314049139618874
v 0.5286279320716858 -0.03175080195069313 0.021591369062662125
v 0.5358917117118835 0.11031977087259293 0.07439449429512024
v 0.5317245721817017 0.10329810529947281 0.07405246794223785
v 0.5379983186721802 0.11218846589326859 0.08971577882766724
v 0.5039145946502686 -0.05781082808971405 0.03527967631816864
v 0.49096226692199707 -0.07330162823200226 0.05001027137041092
v 0.20173035562038422 0.027746831998229027 0.08171987533569336
v 0.20396549999713898 0.03830051049590111 0.07772268354892731
v 0.21016331017017365 0.03887476772069931 0.07446065545082092
v 0.20621147751808167 0.05463112145662308 0.08143467456102371
v 0.20220525562763214 0.0601651668548584 0.08128524571657181
v 0.1974647045135498 0.06408028304576874 0.06837692856788635
v 0.1961393654346466 0.05991801992058754 0.06145332381129265
v 0.20283113420009613 0.05022707208991051 0.057512372732162476
v 0.19551081955432892 0.04420868307352066 0.049299322068691254
v 0.19620268046855927 0.04155155271291733 0.043433576822280884
v 0.39761143922805786 0.0826585590839386 -0.020306508988142014
v 0.40313777327537537 0.06973931938409805 -0.019705548882484436
v 0.3921296000480652 0.09499150514602661 -0.02206486091017723
v 0.3829554319381714 0.10538625717163086 -0.03110196813941002
v 0.40359482169151306 0.055564407259225845 -0.021045248955488205
v 0.40003669261932373 0.04192623123526573 -0.021475888788700104
v 0.3382375240325928 -0.014635175466537476 0.008250720798969269
v 0.35173022747039795 -0.010463714599609375 -0.0075690969824790955
v 0.3694368302822113 -0.002937518060207367 -0.016014717519283295
v 0.4005354642868042 0.025289304554462433 -0.022445321083068848
v 0.39311617612838745 0.009738346561789513 -0.021518908441066742
v 0.19188661873340607 0.04033844918012619 0.03814810514450073
v 0.18421857059001923 0.041787516325712204 0.032403815537691116
v 0.18716053664684296 0.038862522691488266 0.030451519414782524
v 0.20224377512931824 0.03353525325655937 0.03495883196592331
v 0.2005934864282608 0.02790277637541294 0.03148273751139641
v 0.20964427292346954 0.02012275904417038 0.03429439663887024
v 0.21960096061229706 0.010267157107591629 0.0373983159661293
v 0.39854198694229126 0.10193443298339844 -0.02155638486146927
v 0.4176129698753357 0.10483566671609879 -0.019295305013656616
v 0.44024690985679626 0.10094309598207474 -0.021486036479473114
v 0.4528405964374542 0.10040492564439774 -0.02320464700460434
v 0.46782368421554565 0.09947586059570312 -0.02389705926179886
v 0.4743051826953888 0.08729921281337738 -0.02225527912378311
v 0.4967282712459564 0.07861047238111496 -0.019094817340373993
v 0.48334842920303345 0.07826367020606995 -0.019943740218877792
v 0.5114883184432983 0.0655713826417923 -0.02191278338432312
v 0.5011164546012878 0.07171862572431564 -0.018709257245063782
v 0.5040868520736694 0.06607264280319214 -0.019384674727916718
v 0.5324742197990417 0.04076709598302841 -0.039963770657777786
v 0.5077471137046814 0.058514662086963654 -0.021340101957321167
v 0.5470061898231506 0.037043988704681396 -0.0555013008415699
v 0.5006998777389526 0.03775480389595032 -0.03323981165885925
v 0.5571281313896179 0.04097990691661835 -0.0037978962063789368
v 0.6176846623420715 0.04143575578927994 0.009771089069545269
v 0.6111503839492798 0.045857012271881104 0.001704121008515358
v 0.6164742708206177 0.018132895231246948 0.017565200105309486
v 0.6366804838180542 0.03979697823524475 0.007483517285436392
v 0.6309057474136353 0.028437137603759766 0.0137314572930336
v 0.5725920796394348 0.003180079162120819 0.008908458054065704
v 0.5658804178237915 -0.0011997520923614502 -0.001196516677737236
v 0.5542875528335571 -0.008048512041568756 0.010224996134638786
v 0.5487699508666992 -0.014734961092472076 0.018346427008509636
v 0.5132123231887817 -0.04625070467591286 0.025263361632823944
v 0.5322352647781372 -0.029291123151779175 0.013607308268547058
v 0.5164422988891602 -0.03264576941728592 0.014771759510040283
v 0.5344140529632568 0.1286451667547226 0.0876554399728775
v 0.5349941849708557 0.12149178236722946 0.07222786545753479
v 0.5360283255577087 0.1335240751504898 0.08359286189079285
v 0.500216007232666 -0.058851517736911774 0.03452068567276001
v 0.49419963359832764 -0.06886984407901764 0.04445318877696991
v 0.20965763926506042 0.008819318376481533 0.08058328181505203
v 0.2107641100883484 0.014761188067495823 0.07738902419805527
v 0.202656552195549 0.017620377242565155 0.08334310352802277
v 0.1966010332107544 0.03387397527694702 0.08629091084003448
v 0.19757814705371857 0.046709515154361725 0.08636800199747086
v 0.20709727704524994 0.043011680245399475 0.07821683585643768
v 0.20533232390880585 0.05650186538696289 0.07211621105670929
v 0.20160751044750214 0.06828686594963074 0.08908562362194061
v 0.19543160498142242 0.06963274627923965 0.08683514595031738
v 0.19879436492919922 0.06693952530622482 0.07707113027572632
v 0.18746447563171387 0.0732479840517044 0.07278867065906525
v 0.18942797183990479 0.06557738780975342 0.06556674838066101
v 0.19419561326503754 0.05484249070286751 0.05692095309495926
v 0.1845933347940445 0.04821540042757988 0.045689404010772705
v 0.1880570501089096 0.04299796000123024 0.041474658995866776
v 0.1933807134628296 0.04996347799897194 0.05327237397432327
v 0.4114275574684143 0.07950673997402191 -0.019582290202379227
v 0.4040636122226715 0.09013822674751282 -0.019951142370700836
v 0.4144650995731354 0.061748672276735306 -0.020411308854818344
v 0.4131421744823456 0.031946852803230286 -0.022210165858268738
v 0.41256093978881836 0.04414834454655647 -0.021673444658517838
v 0.3455301821231842 -0.02064373344182968 -0.001389242708683014
v 0.3617826998233795 -0.014560233801603317 -0.012251511216163635
v 0.38435834646224976 -0.005103170871734619 -0.01894441992044449
v 0.412742555141449 0.020690802484750748 -0.022354871034622192
v 0.40815508365631104 0.010539207607507706 -0.022778943181037903
v 0.18309983611106873 0.043151386082172394 0.035947900265455246
v 0.17647986114025116 0.04483771324157715 0.026129910722374916
v 0.18073342740535736 0.04119233787059784 0.025559991598129272
v 0.18918731808662415 0.03569919243454933 0.02837129682302475
v 0.19070816040039062 0.02950115315616131 0.025081319734454155
v 0.19872720539569855 0.02062651701271534 0.028723403811454773
v 0.2060907930135727 0.01158069260418415 0.031667985022068024
v 0.21238866448402405 0.002506345510482788 0.033875513821840286
v 0.41034337878227234 0.0991077870130539 -0.019767235964536667
v 0.4295749068260193 0.09871958196163177 -0.019995782524347305
v 0.4486464262008667 0.09185947477817535 -0.02228264883160591
v 0.4602009952068329 0.0896279513835907 -0.02356867492198944
v 0.4614385962486267 0.0796104222536087 -0.019369255751371384
v 0.4903537631034851 0.0722467452287674 -0.019037090241909027
v 0.4671100378036499 0.07224155217409134 -0.016875427216291428
v 0.5050774812698364 0.061769742518663406 -0.01980232447385788
v 0.4913528859615326 0.06386922299861908 -0.018338970839977264
v 0.4992793798446655 0.06135997176170349 -0.019183307886123657
v 0.5004251599311829 0.058291397988796234 -0.01879536360502243
v 0.510395348072052 0.05366474390029907 -0.022346653044223785
v 0.5202307105064392 0.051324885338544846 -0.02826741337776184
v 0.5030965805053711 0.030200019478797913 -0.03077714331448078
v 0.5288648009300232 0.041200488805770874 -0.023792410269379616
v 0.6009308695793152 0.040817990899086 -0.009720947593450546
v 0.6322954893112183 0.04714522510766983 -0.0062558213248848915
v 0.6343714594841003 0.04773477464914322 -0.0012479128781706095
v 0.6057424545288086 0.014723211526870728 0.01511609647423029
v 0.5859926342964172 0.007338613271713257 0.014143740758299828
v 0.6343790292739868 0.025624573230743408 0.01038481667637825
v 0.6574548482894897 0.04936298727989197 -0.001259401673451066
v 0.6536450386047363 0.04308436065912247 -0.0003010286018252373
v 0.5871833562850952 0.002638489007949829 0.0013081217184662819
v 0.5925065279006958 0.001998603343963623 -0.011505788192152977
v 0.5613191723823547 0.0010560303926467896 -0.0062976377084851265
v 0.5536690950393677 -0.0035765841603279114 0.0013461140915751457
v 0.5439427495002747 -0.008425325155258179 0.008693953976035118
v 0.5412656664848328 -0.019723404198884964 0.013675859197974205
v 0.5022505521774292 -0.04206922650337219 0.016945362091064453
v 0.5182567238807678 -0.024909526109695435 0.009485453367233276
v 0.505618155002594 -0.03274761512875557 0.009922556579113007
v 0.5391143560409546 0.12441318482160568 0.08596152067184448
v 0.5340532064437866 0.12354501336812973 0.07373112440109253
v 0.5456938147544861 0.12101005017757416 0.07504533231258392
v 0.48463308811187744 -0.07925795018672943 0.05416106432676315
v 0.4974941313266754 -0.05543994903564453 0.028092823922634125
v 0.48873287439346313 -0.07293181121349335 0.046130262315273285
v 0.20217305421829224 0.008907063864171505 0.08476721495389938
v 0.19467449188232422 0.023253411054611206 0.08893975615501404
v 0.19112570583820343 0.03977908194065094 0.08906500041484833
v 0.18996253609657288 0.051757313311100006 0.09056544303894043
v 0.20675994455814362 0.05164182931184769 0.08473235368728638
v 0.1960107833147049 0.06059718132019043 0.09055019170045853
v 0.19183439016342163 0.06804921478033066 0.09175845980644226
v 0.18480609357357025 0.07532607764005661 0.09053220599889755
v 0.18962673842906952 0.07512256503105164 0.08396317809820175
v 0.1743127405643463 0.07453751564025879 0.07420980930328369
v 0.17905129492282867 0.06818075478076935 0.06632176786661148
v 0.1838349848985672 0.06041397526860237 0.058458440005779266
v 0.17623759806156158 0.0525752454996109 0.04259040951728821
v 0.17755234241485596 0.047315046191215515 0.03725987672805786
v 0.18388570845127106 0.05394097790122032 0.05146130174398422
v 0.4176851212978363 0.08834017813205719 -0.019480913877487183
v 0.41948220133781433 0.06968322396278381 -0.019399214535951614
v 0.4205929636955261 0.05243082717061043 -0.02115439623594284
v 0.4253960847854614 0.024704791605472565 -0.022074326872825623
v 0.4283245801925659 0.03884991258382797 -0.021717920899391174
v 0.35356152057647705 -0.02328839898109436 -0.0067149922251701355
v 0.3746172785758972 -0.020597461611032486 -0.01564081758260727
v 0.40131571888923645 -0.006291121244430542 -0.021791718900203705
v 0.4183947443962097 -0.002040378749370575 -0.02247631549835205
v 0.4222557246685028 0.013146273791790009 -0.022571414709091187
v 0.1770721971988678 0.04520517960190773 0.030935091897845268
v 0.17217279970645905 0.04876173660159111 0.021875694394111633
v 0.17611098289489746 0.046844061464071274 0.02043735422194004
v 0.18164974451065063 0.03857441991567612 0.02337222546339035
v 0.18332721292972565 0.03622227907180786 0.021340427920222282
v 0.189309224486351 0.021687623113393784 0.02245940826833248
v 0.18726658821105957 0.03185582160949707 0.02131160907447338
v 0.19486361742019653 0.01396141853183508 0.02574371173977852
v 0.4210892915725708 0.09613896161317825 -0.019477441906929016
v 0.43837791681289673 0.09295255690813065 -0.020643260329961777
v 0.45339542627334595 0.08241795003414154 -0.01962238922715187
v 0.47858452796936035 0.06824526190757751 -0.01895379275083542
v 0.4565395712852478 0.06404286623001099 -0.014264203608036041
v 0.45181286334991455 0.07239991426467896 -0.01621202751994133
v 0.47667640447616577 0.058290429413318634 -0.018067024648189545
v 0.4892832636833191 0.05483256280422211 -0.017374195158481598
v 0.48067817091941833 0.03100934624671936 -0.02659919485449791
v 0.4981578588485718 0.053207091987133026 -0.01881108433008194
v 0.506384015083313 0.047022752463817596 -0.016909494996070862
v 0.5106456279754639 0.039862796664237976 -0.01591559685766697
v 0.5257108807563782 0.007694549858570099 -0.007967820391058922
v 0.5455371141433716 0.010447829961776733 -0.008033771999180317
v 0.583061933517456 0.02660888433456421 -0.014288514852523804
v 0.5573656558990479 0.021308831870555878 -0.0134392399340868
v 0.6295695304870605 0.03718376159667969 -0.018920546397566795
v 0.6537783741950989 0.05688236653804779 -0.010354798287153244
v 0.6549326181411743 0.05320541560649872 -0.020198943093419075
v 0.6277426481246948 0.018732942640781403 0.00899108499288559
v 0.6483703255653381 0.03645665943622589 0.0009355205111205578
v 0.6724095344543457 0.06554809957742691 -0.013754086568951607
v 0.674746036529541 0.052141062915325165 -0.008656920865178108
v 0.6032211780548096 0.012803725898265839 0.005730603821575642
v 0.5809885859489441 -0.0003250986337661743 -0.011741532012820244
v 0.562690794467926 0.007035240530967712 -0.011517662554979324
v 0.5535722970962524 0.004415556788444519 -0.005318214651197195
v 0.5328848361968994 -0.012791909277439117 0.008898545056581497
v 0.530276358127594 -0.02187350019812584 0.010414190590381622
v 0.5341137051582336 0.0015385523438453674 -0.0003514769487082958
v 0.4956161379814148 -0.03902975469827652 0.01079338788986206
v 0.5065765380859375 -0.018311355262994766 0.003763396292924881
v 0.5002276301383972 -0.020031891763210297 0.003211960196495056
v 0.5351767539978027 0.11283165216445923 0.054689303040504456
v 0.5409106612205505 0.11758971214294434 0.07699021697044373
v 0.5454251170158386 0.11312275379896164 0.07680332660675049
v 0.4872860908508301 -0.06571603566408157 0.03181859105825424
v 0.49298954010009766 -0.05130085349082947 0.017873674631118774
v 0.19332827627658844 0.012208569794893265 0.0895901694893837
v 0.18906444311141968 0.02626144513487816 0.09168968349695206
v 0.18596257269382477 0.06135423481464386 0.09353174269199371
v 0.17566615343093872 0.07799061387777328 0.0915883332490921
v 0.1807473599910736 0.07146516442298889 0.093722403049469
v 0.18008054792881012 0.07756035774946213 0.08581766486167908
v 0.16718275845050812 0.06857448816299438 0.06583072245121002
v 0.16291752457618713 0.07467978447675705 0.07452471554279327
v 0.17466874420642853 0.06301045417785645 0.0590430311858654
v 0.17370232939720154 0.05790736898779869 0.05225085839629173
v 0.17024384438991547 0.05104779079556465 0.03446151316165924
v 0.17111454904079437 0.04818383604288101 0.030100330710411072
v 0.4255068004131317 0.07786230742931366 -0.019568804651498795
v 0.4279172420501709 0.06020146980881691 -0.02013585716485977
v 0.43647754192352295 0.0510474368929863 -0.02028406411409378
v 0.4362170994281769 0.01653912663459778 -0.022152617573738098
v 0.4400116205215454 0.027973027899861336 -0.02167613059282303
v 0.36292773485183716 -0.03194839507341385 -0.010060593485832214
v 0.38908296823501587 -0.021725215017795563 -0.018566161394119263
v 0.4118717610836029 -0.013247374445199966 -0.021761707961559296
v 0.4319266974925995 -0.007984109222888947 -0.02134718745946884
v 0.4331212639808655 0.0034969523549079895 -0.02184484153985977
v 0.17203162610530853 0.04862081632018089 0.02626730501651764
v 0.17255857586860657 0.08019734174013138 0.02485903538763523
v 0.1665816605091095 0.07519708573818207 0.028417019173502922
v 0.18613439798355103 0.05431237071752548 0.02825188636779785
v 0.19233624637126923 0.0582062229514122 0.030432337895035744
v 0.1878972202539444 0.014149133116006851 0.020622482523322105
v 0.18715687096118927 0.02057410404086113 0.018188679590821266
v 0.19218899309635162 0.04723362252116203 0.026897568255662918
v 0.202529177069664 0.005339239723980427 0.029543964192271233
v 0.43086889386177063 0.0877242162823677 -0.019818242639303207
v 0.44351598620414734 0.08252421021461487 -0.0192435160279274
v 0.46585288643836975 0.06136944144964218 -0.015616558492183685
v 0.4462774395942688 0.06403731554746628 -0.014301355928182602
v 0.45411890745162964 0.055956512689590454 -0.013902179896831512
v 0.47460344433784485 0.0471838153898716 -0.01767221838235855
v 0.4855475425720215 0.045516565442085266 -0.016691677272319794
v 0.49441784620285034 0.04162730276584625 -0.015202827751636505
v 0.5032360553741455 0.022655218839645386 1.3209879398345947e-05
v 0.5170220136642456 0.008781671524047852 0.005406972020864487
v 0.5393947958946228 0.006888717412948608 -0.0036591445095837116
v 0.5884524583816528 0.007200688123703003 -0.02042783796787262
v 0.6427303552627563 0.03719988465309143 -0.02795291692018509
v 0.6092392206192017 0.02308257669210434 -0.020945850759744644
v 0.670733630657196 0.06385620683431625 -0.029317885637283325
v 0.6709976196289062 0.06754700094461441 -0.021945584565401077
v 0.6441963315010071 0.029669001698493958 -0.00018426449969410896
v 0.6245065331459045 0.015115447342395782 -0.0011539068073034286
v 0.6670133471488953 0.04484209418296814 -0.00881221704185009
v 0.686241626739502 0.06861965358257294 -0.015570584684610367
v 0.6859496831893921 0.07695811241865158 -0.022768966853618622
v 0.6107690334320068 0.008543446660041809 -0.00572238489985466
v 0.6105639338493347 0.003768913447856903 -0.02232419326901436
v 0.6227102875709534 0.007802002131938934 -0.019168443977832794
v 0.533761739730835 0.00032416731119155884 0.003968256525695324
v 0.5184178352355957 -0.0016108527779579163 0.007663389667868614
v 0.5153149962425232 -0.014188986271619797 0.00793982483446598
v 0.4925914704799652 -0.030325554311275482 0.003837205469608307
v 0.4886196255683899 -0.042345114052295685 0.0073507726192474365
v 0.49762916564941406 -0.0030289487913250923 -0.0024240389466285706
v 0.493901789188385 -0.009427603334188461 -0.0029678121209144592
v 0.5423122048377991 0.126761794090271 0.06252145767211914
v 0.5534263849258423 0.1223902553319931 0.0789763480424881
v 0.5497581958770752 0.12182563543319702 0.08142581582069397
v 0.48488566279411316 -0.05205822363495827 0.012150250375270844
v 0.48031795024871826 -0.06514135003089905 0.019020847976207733
v 0.18434670567512512 0.014247309416532516 0.09298743307590485
v 0.18336492776870728 0.045268937945365906 0.09305461496114731
v 0.1834685057401657 0.03215077519416809 0.09434956312179565
v 0.18098951876163483 0.05419839546084404 0.09549527615308762
v 0.1748824566602707 0.06354089826345444 0.09611041843891144
v 0.16640962660312653 0.0781281515955925 0.08498062938451767
v 0.15818092226982117 0.076451376080513 0.09011474996805191
v 0.16567444801330566 0.07128813862800598 0.09519948065280914
v 0.16815315186977386 0.0620785728096962 0.05634810030460358
v 0.15591920912265778 0.06863932311534882 0.06427011638879776
v 0.15198828279972076 0.07305484265089035 0.07310159504413605
v 0.16749513149261475 0.05925702303647995 0.050154514610767365
v 0.16600455343723297 0.05673183873295784 0.04286631941795349
v 0.16297699511051178 0.05382606014609337 0.030914999544620514
v 0.16634143888950348 0.050742872059345245 0.028715115040540695
v 0.4329281747341156 0.06619571149349213 -0.016815315932035446
v 0.4445955753326416 0.03966466709971428 -0.02045353502035141
v 0.44650372862815857 0.00865902192890644 -0.021259494125843048
v 0.44789108633995056 0.019551200792193413 -0.021335676312446594
v 0.3773059844970703 -0.04009581729769707 -0.013324595987796783
v 0.4038313627243042 -0.022364214062690735 -0.020619750022888184
v 0.4241665005683899 -0.016459334641695023 -0.021275892853736877
v 0.44423916935920715 -0.005127541720867157 -0.020630553364753723
v 0.4400082528591156 -0.022121429443359375 -0.019663013517856598
v 0.1653178483247757 0.05106532573699951 0.024520935490727425
v 0.1832381933927536 0.07354144752025604 0.021162811666727066
v 0.15368317067623138 0.0814209133386612 0.011847270652651787
v 0.16717658936977386 0.07683798670768738 0.00793483853340149
v 0.19014409184455872 0.06460949033498764 0.024957796558737755
v 0.18466712534427643 0.008483697660267353 0.016374453902244568
v 0.19062283635139465 0.004998836666345596 0.022876141592860222
v 0.18570293486118317 0.029993021860718727 0.01718536578118801
v 0.1888091266155243 0.05090160667896271 0.01880362071096897
v 0.4378063976764679 0.07389871031045914 -0.017137322574853897
v 0.46355241537094116 0.05218680575489998 -0.0165373757481575
v 0.44971203804016113 0.047444913536310196 -0.01707770675420761
v 0.44132083654403687 0.05568975582718849 -0.015721678733825684
v 0.4719061851501465 0.036861833184957504 -0.018010184168815613
v 0.48085251450538635 0.032782554626464844 -0.01596301794052124
v 0.4998708665370941 0.0012765079736709595 0.0013544638641178608
v 0.48757117986679077 0.031099209561944008 -0.013958610594272614
v 0.4946401119232178 0.031533777713775635 -0.008704207837581635
v 0.5046135187149048 0.011452045291662216 0.0029465146362781525
v 0.6164876222610474 0.010894104838371277 -0.02525668777525425
v 0.6351937055587769 0.026366986334323883 -0.02965565025806427
v 0.6602067351341248 0.04425919055938721 -0.037693090736866
v 0.6742473244667053 0.06386354565620422 -0.04442804679274559
v 0.684842586517334 0.07691621780395508 -0.0320713184773922
v 0.6647530198097229 0.03629361838102341 -0.011007366701960564
v 0.6383144855499268 0.02229541540145874 -0.004353599157184362
v 0.6811402440071106 0.051378704607486725 -0.015088430605828762
v 0.6940366625785828 0.08096430450677872 -0.028197845444083214
v 0.6930749416351318 0.07455448806285858 -0.01984371617436409
v 0.6361390352249146 0.016695797443389893 -0.01271734293550253
v 0.6481611132621765 0.018625594675540924 -0.024003423750400543
v 0.6400743126869202 0.014850012958049774 -0.027759596705436707
v 0.503049373626709 0.0017436724156141281 0.001557137817144394
v 0.48715758323669434 -0.020303238183259964 -0.0037440359592437744
v 0.4850964844226837 -0.03455036133527756 0.0008482635021209717
v 0.49229806661605835 0.00686422735452652 -0.008499778807163239
v 0.48621565103530884 -0.007133636623620987 -0.0075732022523880005
v 0.5518621802330017 0.12580320239067078 0.08411091566085815
v 0.5643829107284546 0.12683919072151184 0.08980174362659454
v 0.5650066137313843 0.12111760675907135 0.08613736927509308
v 0.46662959456443787 -0.06647804379463196 0.00743141770362854
v 0.4787336587905884 -0.04776088893413544 0.00447855144739151
v 0.17629939317703247 0.016188431531190872 0.09488192945718765
v 0.17591866850852966 0.009256049990653992 0.09351854771375656
v 0.181434765458107 0.02198141999542713 0.09458833187818527
v 0.17411045730113983 0.023320741951465607 0.09881728887557983
v 0.17803935706615448 0.04978200048208237 0.09838593751192093
v 0.17329558730125427 0.057285912334918976 0.09837678074836731
v 0.16564738750457764 0.06357956677675247 0.09744925796985626
v 0.15309910476207733 0.07663919031620026 0.08173181116580963
v 0.14740049839019775 0.07180920243263245 0.09286163747310638
v 0.14261628687381744 0.0763404592871666 0.0865287333726883
v 0.16135847568511963 0.06505534052848816 0.059214066714048386
v 0.14629368484020233 0.07038379460573196 0.0649615004658699
v 0.13665322959423065 0.07557262480258942 0.07124592363834381
v 0.1578981727361679 0.06007429584860802 0.04308132082223892
v 0.16092121601104736 0.061468977481126785 0.051523517817258835
v 0.15937960147857666 0.05721091851592064 0.03651915863156319
v 0.15895189344882965 0.052394650876522064 0.023815693333745003
v 0.14963360130786896 0.052137624472379684 0.02248717099428177
v 0.4570288062095642 0.028420498594641685 -0.019944585859775543
v 0.45715612173080444 0.0018907953053712845 -0.01958361268043518
v 0.45812636613845825 0.01468748226761818 -0.020176686346530914
v 0.39509332180023193 -0.03880918398499489 -0.01706162840127945
v 0.41501355171203613 -0.023820441216230392 -0.020548522472381592
v 0.4518508315086365 -0.030401313677430153 -0.01594117283821106
v 0.45483458042144775 -0.015615563839673996 -0.017995402216911316
v 0.15246711671352386 0.07710974663496017 0.023308787494897842
v 0.16888117790222168 0.0698661133646965 -0.002706862986087799
v 0.18093647062778473 0.062404975295066833 0.004791006445884705
v 0.18153464794158936 0.014696220867335796 0.012976082973182201
v 0.18301096558570862 0.03024907037615776 0.012582480907440186
v 0.18039019405841827 0.044552117586135864 0.0009731687605381012
v 0.4599025249481201 0.04238267242908478 -0.01905129849910736
v 0.47023364901542664 0.024653710424900055 -0.018318668007850647
v 0.4802640378475189 0.02157793566584587 -0.015596725046634674
v 0.4878496825695038 0.02294527180492878 -0.013136200606822968
v 0.49473705887794495 0.019613347947597504 -0.010624401271343231
v 0.6380540728569031 0.01631162315607071 -0.029675662517547607
v 0.6668673753738403 0.03645315766334534 -0.04067150130867958
v 0.6794731020927429 0.05333889275789261 -0.053921107202768326
v 0.687177300453186 0.07005103677511215 -0.0575312040746212
v 0.6876658201217651 0.0798846185207367 -0.043626125901937485
v 0.656432569026947 0.026258818805217743 -0.012940887361764908
v 0.6989102363586426 0.07695000618696213 -0.021421005949378014
v 0.7002078890800476 0.09423021972179413 -0.028954271227121353
v 0.6591527462005615 0.025576293468475342 -0.022480089217424393
v 0.6710507273674011 0.030958130955696106 -0.026616927236318588
v 0.6602853536605835 0.027164965867996216 -0.03216652572154999
v 0.4788705110549927 -0.01938723772764206 -0.00757068395614624
v 0.4759443998336792 -0.032782942056655884 -0.0044301822781562805
v 0.4821508228778839 0.006007330492138863 -0.013652220368385315
v 0.4759490489959717 -0.012778840959072113 -0.012087106704711914
v 0.5745596885681152 0.142070934176445 0.0884389579296112
v 0.5654080510139465 0.13617292046546936 0.08325622975826263
v 0.5788898468017578 0.12961947917938232 0.08814685046672821
v 0.5766475796699524 0.1291874200105667 0.0827808678150177
v 0.46387025713920593 -0.047695279121398926 -0.001521185040473938
v 0.4522729218006134 -0.06119446083903313 -0.0008472353219985962
v 0.16769301891326904 0.014395907521247864 0.09663057327270508
v 0.16806355118751526 0.007102641277015209 0.0942704826593399
v 0.17552533745765686 0.035579558461904526 0.10318512469530106
v 0.1799420267343521 0.04176878184080124 0.09812548756599426
v 0.17398539185523987 0.04473003372550011 0.10484430193901062
v 0.17011752724647522 0.05065717548131943 0.1042860895395279
v 0.1646559238433838 0.05621065944433212 0.10083384811878204
v 0.15233242511749268 0.06433193385601044 0.0960082858800888
v 0.14026035368442535 0.07705225050449371 0.07993359118700027
v 0.13211362063884735 0.07289542257785797 0.08813776075839996
v 0.1291687935590744 0.07826720178127289 0.08270537853240967
v 0.15358299016952515 0.06589499115943909 0.05819036066532135
v 0.12452594935894012 0.07892422378063202 0.06915132701396942
v 0.13379129767417908 0.0731334313750267 0.06285795569419861
v 0.15354931354522705 0.05824391916394234 0.036549657583236694
v 0.15104113519191742 0.06304769217967987 0.04987657815217972
v 0.14918580651283264 0.06083410233259201 0.040899600833654404
v 0.15161249041557312 0.05483999848365784 0.02810916118323803
v 0.13850632309913635 0.049248792231082916 0.016207706183195114
v 0.13932618498802185 0.07071264088153839 0.01986825466156006
v 0.4682292342185974 -0.006764315068721771 -0.016040585935115814
v 0.47061312198638916 0.009187882766127586 -0.017560482025146484
v 0.38694775104522705 -0.05629945546388626 -0.011533394455909729
v 0.41067856550216675 -0.036376237869262695 -0.018668293952941895
v 0.4266880452632904 -0.03133418783545494 -0.019475296139717102
v 0.4552648067474365 -0.039280831813812256 -0.012142263352870941
v 0.46410071849823 -0.025499604642391205 -0.013235606253147125
v 0.4425995647907257 -0.04142414778470993 -0.015851184725761414
v 0.1365756243467331 0.07658609002828598 -0.00573655404150486
v 0.15367399156093597 0.07217809557914734 -0.011164374649524689
v 0.16553328931331635 0.061704277992248535 -0.01571972668170929
v 0.15345382690429688 0.06572843343019485 -0.022949814796447754
v 0.17948192358016968 0.013143484480679035 0.013688957318663597
v 0.17912670969963074 0.0015413626097142696 0.011149110272526741
v 0.17407271265983582 0.027742384001612663 -0.0008565597236156464
v 0.16855785250663757 0.05043608695268631 -0.01874931901693344
v 0.656112551689148 0.025511428713798523 -0.03352651000022888
v 0.6903301477432251 0.047194257378578186 -0.048246148973703384
v 0.6854941248893738 0.05939808487892151 -0.06051519513130188
v 0.7002241015434265 0.08147591352462769 -0.05334353819489479
v 0.6961026787757874 0.06068539619445801 -0.0656779333949089
v 0.678395688533783 0.03830805420875549 -0.020505834370851517
v 0.6873891353607178 0.056683242321014404 -0.02101110853254795
v 0.6976913809776306 0.06218722462654114 -0.02065824344754219
v 0.7140042781829834 0.08699923008680344 -0.040112122893333435
v 0.7145017981529236 0.07560840994119644 -0.02524420991539955
v 0.6889806389808655 0.04712311923503876 -0.025507401674985886
v 0.6779668927192688 0.03900963068008423 -0.03135033696889877
v 0.4649776518344879 -0.036800727248191833 -0.007971368730068207
v 0.47187259793281555 -0.025016088038682938 -0.00932232290506363
v 0.5832862854003906 0.15074670314788818 0.06141740083694458
v 0.5813380479812622 0.16101405024528503 0.0839725136756897
v 0.5927982926368713 0.1504884958267212 0.09431681036949158
v 0.6072690486907959 0.14127539098262787 0.07374554872512817
v 0.45600655674934387 -0.04952982813119888 -0.007003620266914368
v 0.44857388734817505 -0.0590524822473526 -0.006706602871417999
v 0.16229574382305145 0.022745447233319283 0.10244713723659515
v 0.15845027565956116 0.008280666545033455 0.09636532515287399
v 0.15694603323936462 0.017300836741924286 0.09945426881313324
v 0.16807463765144348 0.04215342178940773 0.11394986510276794
v 0.1652044951915741 0.03226511552929878 0.10759424418210983
v 0.1665201634168625 0.04762090742588043 0.11438092589378357
v 0.1621154248714447 0.05065755173563957 0.1067393347620964
v 0.15569522976875305 0.05430445820093155 0.10063623636960983
v 0.13710646331310272 0.06506858021020889 0.09258711338043213
v 0.12543432414531708 0.07910823822021484 0.07601195573806763
v 0.11723457276821136 0.07521359622478485 0.0827932208776474
v 0.11546511948108673 0.0804021954536438 0.07822759449481964
v 0.14183750748634338 0.06715951859951019 0.056633543223142624
v 0.11392916738986969 0.08161019533872604 0.06672555208206177
v 0.12059179693460464 0.07754255831241608 0.06035574898123741
v 0.14688631892204285 0.05764837563037872 0.0332040935754776
v 0.1413671225309372 0.064572274684906 0.04665203019976616
v 0.13918595016002655 0.06026196479797363 0.033979132771492004
v 0.14063334465026855 0.05427969992160797 0.025708302855491638
v 0.1396818608045578 0.050648417323827744 0.020212512463331223
v 0.13264548778533936 0.07818399369716644 0.006158238276839256
v 0.1261748969554901 0.05065523087978363 0.016131438314914703
v 0.12449303269386292 0.06940431892871857 0.013600826263427734
v 0.4074710011482239 -0.05546735227108002 -0.014728493988513947
v 0.4252379834651947 -0.0470992848277092 -0.01671113818883896
v 0.4499236047267914 -0.04799381643533707 -0.011232532560825348
v 0.43634384870529175 -0.056846797466278076 -0.012845367193222046
v 0.1221143901348114 0.07153519243001938 -0.012417085468769073
v 0.1509096622467041 0.07762520015239716 -0.0021610818803310394
v 0.13799896836280823 0.06788771599531174 -0.02958744391798973
v 0.13667728006839752 0.06029001623392105 -0.039365947246551514
v 0.15093059837818146 0.05347708612680435 -0.034785740077495575
v 0.1708328276872635 0.013089040294289589 0.005346130579710007
v 0.17213506996631622 0.0005159955471754074 0.007319162599742413
v 0.16705331206321716 0.03418184816837311 -0.01866116374731064
v 0.15329547226428986 0.03813422471284866 -0.03656947612762451
v 0.6697258949279785 0.03729322552680969 -0.03697986900806427
v 0.6934877038002014 0.04545909911394119 -0.04589392989873886
v 0.7028874158859253 0.05283890664577484 -0.05748182535171509
v 0.709926187992096 0.06733474135398865 -0.05313270911574364
v 0.7086328864097595 0.0622352734208107 -0.02639826014637947
v 0.6922789812088013 0.05246187001466751 -0.026568248867988586
v 0.7146122455596924 0.06822875142097473 -0.043422844260931015
v 0.7174222469329834 0.067844457924366 -0.03397882357239723
v 0.6890609860420227 0.039483629167079926 -0.03405475243926048
v 0.6056638956069946 0.18500956892967224 0.09011989831924438
v 0.6213973164558411 0.17290177941322327 0.07765120267868042
v 0.6163036823272705 0.17561805248260498 0.05582210421562195
v 0.6032487154006958 0.18586334586143494 0.058858275413513184
v 0.44751477241516113 -0.0701308324933052 -0.002429783344268799
v 0.4445578455924988 -0.054683201014995575 -0.010968916118144989
v 0.15496934950351715 0.023968126624822617 0.10291612148284912
v 0.1456432342529297 0.01220344565808773 0.1006692424416542
v 0.14755022525787354 0.020740991458296776 0.10037599503993988
v 0.1645793467760086 0.04210425168275833 0.11690166592597961
v 0.1690317690372467 0.0527389794588089 0.12202207744121552
v 0.15735892951488495 0.0327303409576416 0.10977774858474731
v 0.1625015139579773 0.047721948474645615 0.11393062770366669
v 0.15535694360733032 0.04649641364812851 0.10475906729698181
v 0.14298231899738312 0.05567950755357742 0.09549780189990997
v 0.12270142138004303 0.06589636951684952 0.08846546709537506
v 0.11476512253284454 0.08189324289560318 0.07282719016075134
v 0.10218074917793274 0.07988255470991135 0.07916425168514252
v 0.10522651672363281 0.08351428061723709 0.07452795654535294
v 0.1307411789894104 0.07074815034866333 0.051400795578956604
v 0.13096675276756287 0.06382368505001068 0.03089316561818123
v 0.1332792490720749 0.06598149240016937 0.04067961871623993
v 0.13278785347938538 0.057104431092739105 0.024193936958909035
v 0.1328929215669632 0.05249733105301857 0.02110195718705654
v 0.11926481127738953 0.07127541303634644 0.0025938469916582108
v 0.12520767748355865 0.04719562828540802 0.016940802335739136
v 0.12654095888137817 0.04384467750787735 0.015428497456014156
v 0.11553340405225754 0.052327271550893784 0.011236456222832203
v 0.113909050822258 0.06653246283531189 0.007833931595087051
v 0.4232860505580902 -0.06380444765090942 -0.012298285961151123
v 0.43313443660736084 -0.06566664576530457 -0.010017603635787964
v 0.116745725274086 0.06988412886857986 -0.012109639123082161
v 0.11329475790262222 0.0664147138595581 -0.025357231497764587
v 0.12626132369041443 0.0696868747472763 -0.01833495683968067
v 0.13613668084144592 0.07338692247867584 -0.018914952874183655
v 0.1259152889251709 0.06322653591632843 -0.039855487644672394
v 0.13459548354148865 0.040912359952926636 -0.05235971510410309
v 0.12983089685440063 0.05131470039486885 -0.049615856260061264
v 0.1560245305299759 0.012857913970947266 -0.013948261737823486
v 0.16633185744285583 -4.1289255023002625e-05 0.004567816853523254
v 0.1456659436225891 0.018033890053629875 -0.03940987586975098
v 0.13211525976657867 0.02640286460518837 -0.056662216782569885
v 0.6807907223701477 0.03816341608762741 -0.045724302530288696
v 0.6880754232406616 0.04826654493808746 -0.0600796602666378
v 0.7072979807853699 0.05561240762472153 -0.04972948506474495
v 0.7125948667526245 0.05942012369632721 -0.04761948809027672
v 0.6963307857513428 0.04495877027511597 -0.05805869773030281
v 0.7038416862487793 0.052183978259563446 -0.029146388173103333
v 0.711604118347168 0.05877108871936798 -0.03070688806474209
v 0.710465669631958 0.05204317718744278 -0.03644469380378723
v 0.714954137802124 0.056689441204071045 -0.04224782809615135
v 0.6988756656646729 0.036973387002944946 -0.04316651448607445
v 0.6805193424224854 0.02786124497652054 -0.05520174279808998
v 0.6280533075332642 0.20256727933883667 0.06873917579650879
v 0.6253659725189209 0.19670253992080688 0.05930742621421814
v 0.6154376268386841 0.20335808396339417 0.06106707453727722
v 0.6190401911735535 0.1964951902627945 0.05579733848571777
v 0.441644549369812 -0.06635317951440811 -0.0076853930950164795
v 0.15019844472408295 0.02774510160088539 0.10292588919401169
v 0.1295529007911682 0.012642580084502697 0.10326993465423584
v 0.13665884733200073 0.018536504358053207 0.09980297833681107
v 0.1570381373167038 0.044210560619831085 0.11711877584457397
v 0.1568586528301239 0.046921517699956894 0.12306937575340271
v 0.16081920266151428 0.052621543407440186 0.12418985366821289
v 0.150411456823349 0.035841986536979675 0.10375425219535828
v 0.1599005162715912 0.04314254969358444 0.11190323531627655
v 0.1469966471195221 0.04581623896956444 0.10019564628601074
v 0.1296391785144806 0.05728772655129433 0.09179697930812836
v 0.10847320407629013 0.06898319721221924 0.08370919525623322
v 0.10434197634458542 0.08486513793468475 0.07031922042369843
v 0.09106400609016418 0.08687584847211838 0.07346650213003159
v 0.08911217749118805 0.0821259394288063 0.07709012180566788
v 0.10737763345241547 0.08240380883216858 0.058907464146614075
v 0.11642512679100037 0.0767134428024292 0.04844353348016739
v 0.12396129965782166 0.07042872905731201 0.03782650828361511
v 0.1254786252975464 0.06585453450679779 0.029128115624189377
v 0.126376211643219 0.054172612726688385 0.01669447124004364
v 0.12726938724517822 0.061668511480093 0.023101069033145905
v 0.11298222839832306 0.06548725068569183 0.0023548081517219543
v 0.12516479194164276 0.0496918186545372 0.013590710237622261
v 0.12593506276607513 0.04408329725265503 0.010879531502723694
v 0.12792463600635529 0.042122241109609604 0.012117772363126278
v 0.10928097367286682 0.06012124568223953 0.005990585312247276
v 0.11321873217821121 0.03977755829691887 0.010716021060943604
v 0.1113084927201271 0.06704200804233551 -0.024060605093836784
v 0.1075623407959938 0.06368747353553772 -0.012304659932851791
v 0.10760892182588577 0.06370419263839722 -0.03368334472179413
v 0.11702854931354523 0.06781124323606491 -0.027781404554843903
v 0.12213175743818283 0.06693288683891296 -0.0348300077021122
v 0.12069534510374069 0.05688556283712387 -0.04983144253492355
v 0.11682169884443283 0.04177761822938919 -0.0636153370141983
v 0.11910422146320343 0.03219962865114212 -0.06587573140859604
v 0.13813750445842743 0.0038555078208446503 -0.03076549619436264
v 0.15538576245307922 0.00023300107568502426 -0.003565816208720207
v 0.12821413576602936 0.012986015528440475 -0.055280838161706924
v 0.11658813059329987 0.023191990330815315 -0.06882382929325104
v 0.7041590213775635 0.04637203365564346 -0.0529654324054718
v 0.694908082485199 0.03999273478984833 -0.0522942915558815
v 0.7127410769462585 0.05111542344093323 -0.04987533017992973
v 0.7125040292739868 0.0436190664768219 -0.03893670067191124
v 0.7132492065429688 0.04596724361181259 -0.03651268780231476
v 0.7146594524383545 0.047765642404556274 -0.04323583096265793
v 0.715124785900116 0.04302431643009186 -0.04000777006149292
v 0.7114867568016052 0.04211290925741196 -0.044419851154088974
v 0.5917983651161194 0.18053802847862244 0.0713549256324768
v 0.6321238875389099 0.21214981377124786 0.059192121028900146
v 0.6278438568115234 0.2084832489490509 0.05316576361656189
v 0.619175374507904 0.20798587799072266 0.06762707233428955
v 0.6215845346450806 0.20988838374614716 0.054575204849243164
v 0.6188403964042664 0.2132047712802887 0.05683380365371704
v 0.14094465970993042 0.027034135535359383 0.09811688959598541
v 0.11858242750167847 0.011025059036910534 0.10038767755031586
v 0.12406064569950104 0.017674971371889114 0.09928341209888458
v 0.1662590205669403 0.04447661340236664 0.12712478637695312
v 0.17006494104862213 0.06797434389591217 0.13925813138484955
v 0.17497777938842773 0.055214956402778625 0.1378006488084793
v 0.13994157314300537 0.0364360511302948 0.09893757104873657
v 0.1349528431892395 0.04647140949964523 0.0955476313829422
v 0.11517776548862457 0.059387292712926865 0.08818304538726807
v 0.09397761523723602 0.07232459634542465 0.08126023411750793
v 0.09768558293581009 0.08727523684501648 0.06544258445501328
v 0.07647766172885895 0.08650906383991241 0.07430727779865265
v 0.07407645136117935 0.08974678814411163 0.07027048617601395
v 0.09616624563932419 0.08550167828798294 0.05339639633893967
v 0.10517007112503052 0.08042584359645844 0.04641614854335785
v 0.1195891797542572 0.06815667450428009 0.02571912109851837
v 0.11142000555992126 0.07546696811914444 0.03557833284139633
v 0.11846356838941574 0.06340821832418442 0.017135201022028923
v 0.11912107467651367 0.05629049986600876 0.01006520539522171
v 0.10857103765010834 0.05641382187604904 0.002571564167737961
v 0.12058958411216736 0.04979367554187775 0.007935723289847374
v 0.12256824970245361 0.04428788647055626 0.004457252100110054
v 0.12781114876270294 0.039755843579769135 0.007899843156337738
v 0.123934306204319 0.036786749958992004 0.011756760999560356
v 0.11074125021696091 0.03956976532936096 0.008127772249281406
v 0.11951626092195511 0.022914571687579155 0.01551756076514721
v 0.10192064940929413 0.06048088148236275 -0.03441620618104935
v 0.10336873680353165 0.06140626594424248 -0.024863583967089653
v 0.10528907179832458 0.055215686559677124 -0.007845981046557426
v 0.10966603457927704 0.06287307292222977 -0.03973684459924698
v 0.1002967357635498 0.058809880167245865 -0.04291635751724243
v 0.11460640281438828 0.06073693186044693 -0.04552212730050087
v 0.11546297371387482 0.048883482813835144 -0.05932594835758209
v 0.10999978333711624 0.02469959668815136 -0.07346581667661667
v 0.10873562097549438 0.03200637921690941 -0.07235150784254074
v 0.12583023309707642 0.0025867484509944916 -0.0478016659617424
v 0.1388196349143982 -0.0027673887088894844 -0.014393612742424011
v 0.11666372418403625 0.015062272548675537 -0.06768076866865158
v 0.10725727677345276 0.017503857612609863 -0.07552911341190338
v 0.7044097781181335 0.041750892996788025 -0.04787342995405197
v 0.7108573317527771 0.046614013612270355 -0.04593035578727722
v 0.7158093452453613 0.04282736778259277 -0.04270050674676895
v 0.7138246297836304 0.04589560627937317 -0.04489537328481674
v 0.6219528317451477 0.21071943640708923 0.060575902462005615
v 0.6268967390060425 0.22362664341926575 0.057512879371643066
v 0.626423716545105 0.22170224785804749 0.04971420764923096
v 0.6241361498832703 0.21990442276000977 0.047722071409225464
v 0.6256235241889954 0.21660056710243225 0.048372894525527954
v 0.12851674854755402 0.025417441502213478 0.09652359783649445
v 0.1046571284532547 0.010185732506215572 0.09990713745355606
v 0.10994790494441986 0.017851684242486954 0.09794634580612183
v 0.16565531492233276 0.0551113560795784 0.12547829747200012
v 0.17012695968151093 0.06424257904291153 0.12655240297317505
v 0.13009022176265717 0.03536418825387955 0.09554513543844223
v 0.1199270486831665 0.04743115231394768 0.09216048568487167
v 0.10064493864774704 0.057945024222135544 0.08581092953681946
v 0.07923431694507599 0.07770350575447083 0.07789875566959381
v 0.08580531924962997 0.089533731341362 0.06280893087387085
v 0.06302031874656677 0.09170803427696228 0.0682208314538002
v 0.06424172222614288 0.08921352028846741 0.0738898292183876
v 0.08254630863666534 0.08703142404556274 0.048402927815914154
v 0.09605445712804794 0.07990159094333649 0.034599803388118744
v 0.10765130817890167 0.07166685163974762 0.021164670586586
v 0.11372334510087967 0.03580654785037041 0.00014757178723812103
v 0.11483200639486313 0.050764165818691254 -0.0020455028861761093
v 0.11991698294878006 0.04082754999399185 -0.0037474744021892548
v 0.12491808086633682 0.03778925538063049 0.0024251025170087814
v 0.12820777297019958 0.033641014248132706 0.007776804268360138
v 0.12865227460861206 0.020791590213775635 0.015608590096235275
v 0.11569841206073761 0.022263791412115097 0.01233974564820528
v 0.11474639177322388 0.030299533158540726 0.006561180576682091
v 0.09453904628753662 0.055367812514305115 -0.036598287522792816
v 0.09327978640794754 0.05524912849068642 -0.04410475492477417
v 0.09617841243743896 0.05317673832178116 -0.027234327048063278
v 0.09139904379844666 0.05400213226675987 -0.053819380700588226
v 0.10112957656383514 0.05714403837919235 -0.05096752569079399
v 0.10642903298139572 0.05283087491989136 -0.058788005262613297
v 0.1072516217827797 0.04201342910528183 -0.06834013760089874
v 0.10018353164196014 0.020470211282372475 -0.0807340145111084
v 0.10139099508523941 0.030422721058130264 -0.07807193696498871
v 0.11365064978599548 0.004510583356022835 -0.06409521400928497
v 0.11869721859693527 -0.005227808840572834 -0.03370404243469238
v 0.10529172420501709 0.009222583845257759 -0.07406607270240784
v 0.10018426179885864 0.014003198593854904 -0.0797431468963623
v 0.7154188752174377 0.040388502180576324 -0.03875298053026199
v 0.6276836395263672 0.21803942322731018 0.05818206071853638
v 0.6265541911125183 0.2308928668498993 0.0642906129360199
v 0.6195392608642578 0.2338908314704895 0.054131656885147095
v 0.6243369579315186 0.22785431146621704 0.04403918981552124
v 0.6219006776809692 0.2382337599992752 0.03906947374343872
v 0.11408430337905884 0.025005962699651718 0.09583790600299835
v 0.08943953365087509 0.010614628903567791 0.10099393874406815
v 0.09607113897800446 0.016931315883994102 0.09885929524898529
v 0.11843287199735641 0.03443591296672821 0.09401240199804306
v 0.1044866219162941 0.044023770838975906 0.0904061496257782
v 0.08295964449644089 0.06416531652212143 0.08228783309459686
v 0.06667380034923553 0.08624705672264099 0.0766906589269638
v 0.0722370594739914 0.09177238494157791 0.06071667745709419
v 0.053472183644771576 0.09166820347309113 0.07034055888652802
v 0.05383037030696869 0.0927046611905098 0.06627067923545837
v 0.08267472684383392 0.08185040950775146 0.03356321156024933
v 0.06895522028207779 0.08767551928758621 0.047046005725860596
v 0.10946662724018097 0.062124211341142654 0.007995480671525002
v 0.09283475577831268 0.0716121643781662 0.013783048838376999
v 0.10631797462701797 0.04909105598926544 -0.010486070066690445
v 0.1126628965139389 0.041414182633161545 -0.012516910210251808
v 0.12127611041069031 0.035548675805330276 -0.0026741325855255127
v 0.12496950477361679 0.031614333391189575 0.0018491987138986588
v 0.13115304708480835 0.020543141290545464 0.011195531114935875
v 0.1254442185163498 -0.0006771460175514221 0.02617960050702095
v 0.11831214278936386 0.009935718029737473 0.019282016903162003
v 0.11927201598882675 0.0071607232093811035 0.012418339028954506
v 0.11767148226499557 0.01806020550429821 0.0038569457828998566
v 0.08872535079717636 0.05164630711078644 -0.045852042734622955
v 0.08745267987251282 0.047657616436481476 -0.042687833309173584
v 0.10092534869909286 0.035591669380664825 -0.021770736202597618
v 0.0814068391919136 0.04921189695596695 -0.06310521066188812
v 0.09121484309434891 0.05136740207672119 -0.06320086121559143
v 0.09881878644227982 0.046285755932331085 -0.06798867881298065
v 0.09922072291374207 0.03886861354112625 -0.07435020804405212
v 0.09916950762271881 0.030676061287522316 -0.08137461543083191
v 0.09568402916193008 0.02321692928671837 -0.08601869642734528
v 0.10941819101572037 -0.003006691113114357 -0.052779361605644226
v 0.10171253234148026 0.0013926289975643158 -0.07075551897287369
v 0.10685978084802628 -0.006757109425961971 -0.037274494767189026
v 0.09651094675064087 0.00905875489115715 -0.07977567613124847
v 0.09281623363494873 0.015031632035970688 -0.08439681679010391
v 0.6363769769668579 0.2289775013923645 0.0602855384349823
v 0.6134731769561768 0.2422117292881012 0.07281368970870972
v 0.6226946711540222 0.24669687449932098 0.051825255155563354
v 0.6174119710922241 0.23961631953716278 0.04600423574447632
v 0.6192426681518555 0.252426415681839 0.042539775371551514
v 0.09627822786569595 0.026005767285823822 0.09551450610160828
v 0.07434548437595367 0.010056586004793644 0.10242052376270294
v 0.07629075646400452 0.021460700780153275 0.10007130354642868
v 0.10527649521827698 0.03318975493311882 0.09329588711261749
v 0.08721105754375458 0.05079114809632301 0.0871349573135376
v 0.0682721957564354 0.07113692164421082 0.08060989528894424
v 0.05412497743964195 0.08966950327157974 0.07499421387910843
v 0.06009424477815628 0.09302151203155518 0.06226075813174248
v 0.04709361493587494 0.09349538385868073 0.06811022013425827
v 0.048649661242961884 0.0940069705247879 0.06285268813371658
v 0.058347977697849274 0.0845763236284256 0.04268305003643036
v 0.07134763151407242 0.07919890433549881 0.026984384283423424
v 0.10194965451955795 0.05782008916139603 -0.0021104570478200912
v 0.07877521961927414 0.07096793502569199 0.011161327362060547
v 0.09816734492778778 0.05149483680725098 -0.013328084722161293
v 0.10414522141218185 0.04200718179345131 -0.018622813746333122
v 0.11740914732217789 0.032181065529584885 -0.011050278320908546
v 0.12226685881614685 0.025516634806990623 -0.003325236961245537
v 0.1260213851928711 0.024103228002786636 0.005396703258156776
v 0.11457524448633194 0.002733120694756508 -0.0011336877942085266
v 0.08274213969707489 0.04970414936542511 -0.05638745427131653
v 0.08903016149997711 0.03456030786037445 -0.03804222494363785
v 0.11046319454908371 0.01569659449160099 -0.014952262863516808
v 0.09456057101488113 0.018066177144646645 -0.033715590834617615
v 0.07684547454118729 0.046389561146497726 -0.06475547701120377
v 0.07563779503107071 0.045425765216350555 -0.06763578951358795
v 0.07879181951284409 0.04591064900159836 -0.06745561957359314
v 0.09378071874380112 0.043940018862485886 -0.07095203548669815
v 0.089621402323246 0.02987549640238285 -0.08940809220075607
v 0.08630556613206863 0.025437284260988235 -0.09313209354877472
v 0.098910853266716 -0.005039839074015617 -0.06460891664028168
v 0.09277946501970291 0.00361497700214386 -0.07753361761569977
v 0.09593774378299713 -0.006965963169932365 -0.05583830177783966
v 0.08889992535114288 0.01224878802895546 -0.08447226881980896
v 0.08715663105249405 0.01818171516060829 -0.09089424461126328
v 0.6317936182022095 0.24954351782798767 0.049467384815216064
v 0.626321017742157 0.25069350004196167 0.054995954036712646
v 0.6322193145751953 0.25454095005989075 0.04422396421432495
v 0.6289520859718323 0.2532150149345398 0.04306337237358093
v 0.08059640228748322 0.031922511756420135 0.0960962176322937
v 0.060370538383722305 0.012766653671860695 0.10424617677927017
v 0.05742297321557999 0.02307724766433239 0.10227903723716736
v 0.09068804234266281 0.03811982646584511 0.09173373132944107
v 0.07087494432926178 0.05681512877345085 0.0851345807313919
v 0.054421521723270416 0.07802687585353851 0.08009710907936096
v 0.04067207872867584 0.09285175800323486 0.07223924994468689
v 0.053525831550359726 0.09034284204244614 0.054176174104213715
v 0.036605581641197205 0.09538319706916809 0.06557638198137283
v 0.040046438574790955 0.09382958710193634 0.059184879064559937
v 0.053826555609703064 0.07945102453231812 0.03488938882946968
v 0.06452171504497528 0.07335102558135986 0.018309548497200012
v 0.08859992772340775 0.06154121458530426 -0.0029026437550783157
v 0.07370831072330475 0.06604259461164474 0.003625188022851944
v 0.08990821242332458 0.053149253129959106 -0.015042762272059917
v 0.09422606229782104 0.04455723986029625 -0.02164814993739128
v 0.10968924313783646 0.03135063499212265 -0.019936705008149147
v 0.1198108121752739 0.018714871257543564 -0.008784506469964981
v 0.1252109557390213 0.014639411121606827 -0.00012330897152423859
v 0.11052558571100235 0.0031077396124601364 -0.01834329403936863
v 0.07985708117485046 0.044546060264110565 -0.05479950085282326
v 0.07622744143009186 0.035903677344322205 -0.05406771972775459
v 0.10029997676610947 0.006675591692328453 -0.030509529635310173
v 0.07423085719347 0.043145857751369476 -0.06470911204814911
v 0.071211077272892 0.04218859598040581 -0.07090809941291809
v 0.0722908228635788 0.04186612367630005 -0.07455302774906158
v 0.07759679853916168 0.04522428661584854 -0.07032046467065811
v 0.0937328040599823 0.041535843163728714 -0.07455068826675415
v 0.09670659899711609 0.03661448508501053 -0.08033768832683563
v 0.08067444711923599 0.03232377767562866 -0.09752115607261658
v 0.08138444274663925 0.02542366459965706 -0.09624480456113815
v 0.08974302560091019 -0.001648232340812683 -0.07226906716823578
v 0.0846894308924675 0.0069098323583602905 -0.07983768731355667
v 0.08653829991817474 -0.002675531432032585 -0.07006032019853592
v 0.09175247699022293 -0.002701452001929283 -0.0543028824031353
v 0.10496609658002853 -0.008099091239273548 -0.03425339609384537
v 0.08514931052923203 0.015246953815221786 -0.087918721139431
v 0.08192036300897598 0.021963391453027725 -0.09505734592676163
v 0.6311038732528687 0.2542126774787903 0.04516959190368652
v 0.631858766078949 0.25389158725738525 0.04692947864532471
v 0.6471976041793823 0.25652366876602173 0.028442978858947754
v 0.6322717070579529 0.2618222236633301 0.04318991303443909
v 0.06427546590566635 0.03350664675235748 0.09757965803146362
v 0.0745636522769928 0.04326547682285309 0.09120001643896103
v 0.05500525236129761 0.06310958415269852 0.08512476086616516
v 0.04045487195253372 0.0837031900882721 0.07768584042787552
v 0.02388373203575611 0.0947352796792984 0.0673753023147583
v 0.045993417501449585 0.08574959635734558 0.04806513339281082
v 0.02372209168970585 0.09579472243785858 0.06049146503210068
v 0.02949978969991207 0.08736467361450195 0.05152054876089096
v 0.0463578999042511 0.07328768819570541 0.026737965643405914
v 0.05600925534963608 0.06727245450019836 0.010072016157209873
v 0.08082474768161774 0.058533452451229095 -0.010275278240442276
v 0.06840266287326813 0.06223130598664284 -0.0038442909717559814
v 0.08352560549974442 0.05114692449569702 -0.019581077620387077
v 0.0858021229505539 0.04286256805062294 -0.023401837795972824
v 0.09979185461997986 0.03178411349654198 -0.024150066077709198
v 0.11328505724668503 0.020748984068632126 -0.017349928617477417
v 0.11266089230775833 -0.002116648480296135 -0.0101829394698143
v 0.08082662522792816 0.020740540698170662 -0.050070635974407196
v 0.07183321565389633 0.03687961399555206 -0.06334314495325089
v 0.08953893929719925 0.00838569737970829 -0.04382922127842903
v 0.10944178700447083 -0.0021689794957637787 -0.024235419929027557
v 0.06899787485599518 0.037260882556438446 -0.07090632617473602
v 0.0687994584441185 0.03702320531010628 -0.07689108699560165
v 0.07336945086717606 0.038586944341659546 -0.08444955945014954
v 0.0764777883887291 0.04694213345646858 -0.08367329090833664
v 0.08994009345769882 0.038108304142951965 -0.08429470658302307
v 0.08861300349235535 0.033005520701408386 -0.09168588370084763
v 0.07655322551727295 0.036498695611953735 -0.09968755394220352
v 0.07629331201314926 0.02970861829817295 -0.09838628023862839
v 0.08241744339466095 0.011955149471759796 -0.08349312096834183
v 0.07929511368274689 0.0059501174837350845 -0.07761941105127335
v 0.0802605003118515 0.002533847466111183 -0.07276886701583862
v 0.09421447664499283 0.00016642920672893524 -0.043187305331230164
v 0.08046121895313263 0.004236612468957901 -0.06276631355285645
v 0.08333707600831985 0.01992519572377205 -0.09255418181419373
v 0.07741181552410126 0.02491912990808487 -0.09670280665159225
v 0.6418253183364868 0.2566535472869873 0.03520733118057251
v 0.6404846906661987 0.2533140182495117 0.036103397607803345
v 0.6595276594161987 0.26378631591796875 0.010080039501190186
v 0.647196352481842 0.26581254601478577 0.031033873558044434
v 0.04473970830440521 0.014622347429394722 0.10620282590389252
v 0.05729738250374794 0.04667486250400543 0.09228985011577606
v 0.040446363389492035 0.07018628716468811 0.08285421133041382
v 0.02577485889196396 0.08835899084806442 0.07448607683181763
v 0.010034820064902306 0.09378799796104431 0.06213672086596489
v 0.03765767440199852 0.07912509888410568 0.04099820554256439
v 0.013477219268679619 0.09141072630882263 0.053903013467788696
v 0.022446230053901672 0.07809511572122574 0.04448099806904793
v 0.044704943895339966 0.061494287103414536 0.007808409631252289
v 0.03983641415834427 0.06719037145376205 0.022344276309013367
v 0.07393550872802734 0.055584222078323364 -0.01485352125018835
v 0.05855392664670944 0.059023208916187286 -0.007485558744519949
v 0.0771205723285675 0.04900507628917694 -0.020400142297148705
v 0.0788036361336708 0.0416259765625 -0.02322976291179657
v 0.09060120582580566 0.032501328736543655 -0.02606012672185898
v 0.10402475297451019 0.02031072787940502 -0.023817848414182663
v 0.07118762284517288 0.026999663561582565 -0.06283549964427948
v 0.06828781962394714 0.030884789302945137 -0.06966787576675415
v 0.07527343928813934 0.012124566361308098 -0.06170926243066788
v 0.06706976890563965 0.030465714633464813 -0.07608667016029358
v 0.0695343166589737 0.03517332300543785 -0.0843382254242897
v 0.07485383749008179 0.045375823974609375 -0.09310683608055115
v 0.07443802803754807 0.0388621911406517 -0.09302183985710144
v 0.08221328258514404 0.05432538315653801 -0.08923007547855377
v 0.08926188200712204 0.05475590378046036 -0.08525185286998749
v 0.0858055055141449 0.042145371437072754 -0.09494994580745697
v 0.0808526948094368 0.04291781783103943 -0.09982116520404816
v 0.07630807906389236 0.03941918909549713 -0.09952834993600845
v 0.07492047548294067 0.033511772751808167 -0.09912803769111633
v 0.0825933963060379 0.01806391403079033 -0.09024437516927719
v 0.07997375726699829 0.010680489242076874 -0.08211800456047058
v 0.07482583820819855 0.010721631348133087 -0.08102643489837646
v 0.07454703748226166 0.008777309209108353 -0.07618624716997147
v 0.07822713255882263 0.02219344489276409 -0.09531251341104507
v 0.07465381920337677 0.027703918516635895 -0.0975361168384552
v 0.6579909324645996 0.24917316436767578 0.02268269658088684
v 0.6664759516716003 0.24430078268051147 0.016954362392425537
v 0.6659098863601685 0.2521595060825348 0.012780636548995972
v 0.6753880977630615 0.25831499695777893 0.001310586929321289
v 0.024189315736293793 0.017196068540215492 0.10685939341783524
v 0.04286519065499306 0.03277100250124931 0.09992510825395584
v 0.0370200052857399 0.052521541714668274 0.09146450459957123
v 0.028422009199857712 0.07760651409626007 0.07917734980583191
v 0.008027619682252407 0.08919096738100052 0.06933575868606567
v -0.0020152078941464424 0.09176704287528992 0.05802753567695618
v 0.034234434366226196 0.07285500317811966 0.03439254313707352
v 0.008854812011122704 0.08030527830123901 0.04805772006511688
v 0.012313839048147202 0.07181158661842346 0.04202137514948845
v 0.030120283365249634 0.060676246881484985 0.019830824807286263
v 0.03390215337276459 0.056582190096378326 0.008153957314789295
v 0.06706506758928299 0.05285055935382843 -0.017512457445263863
v 0.04528266191482544 0.05515880137681961 -0.0038676192052662373
v 0.06976789981126785 0.04669439047574997 -0.021097134798765182
v 0.07416029274463654 0.03580430895090103 -0.023961348459124565
v 0.08292105793952942 0.032036662101745605 -0.025756636634469032
v 0.09379610419273376 0.017722437158226967 -0.02779366262257099
v 0.06799761205911636 0.02266983687877655 -0.0721101313829422
v 0.07061365991830826 0.014083053916692734 -0.07443945109844208
v 0.0675203874707222 0.029995271936058998 -0.08293792605400085
v 0.0728888288140297 0.03406407684087753 -0.09220728278160095
v 0.07993301749229431 0.0592387355864048 -0.09546792507171631
v 0.0751752108335495 0.03804345428943634 -0.0978178158402443
v 0.07634597271680832 0.04670700430870056 -0.09878665208816528
v 0.09506673365831375 0.07710373401641846 -0.09684090316295624
v 0.1037399172782898 0.07707429677248001 -0.09387378394603729
v 0.09079203754663467 0.04630737379193306 -0.09447172284126282
v 0.09376667439937592 0.04934296756982803 -0.09772393107414246
v 0.08690019696950912 0.051710955798625946 -0.10184282809495926
v 0.07848403602838516 0.045350439846515656 -0.10121440887451172
v 0.07355273514986038 0.03318270668387413 -0.09675560146570206
v 0.07877615839242935 0.021197766065597534 -0.09241748601198196
v 0.07861985266208649 0.014623638242483139 -0.08601298928260803
v 0.07679513841867447 0.012713991105556488 -0.08333678543567657
v 0.07085039466619492 0.015294093638658524 -0.08266136795282364
v 0.07570014894008636 0.02431172877550125 -0.09431301802396774
v 0.07282201200723648 0.029231427237391472 -0.09445793181657791
v 0.6673240065574646 0.2396230697631836 0.011720418930053711
v 0.6836850643157959 0.2402871549129486 -0.009622812271118164
v 0.6761596202850342 0.24081185460090637 0.004908144474029541
v 0.6772986650466919 0.2486264854669571 0.0030936896800994873
v 0.007548916153609753 0.02741556614637375 0.10508741438388824
v 0.025219852104783058 0.03534518554806709 0.09972046315670013
v 0.022396359592676163 0.06445030868053436 0.08511751890182495
v 0.01129149179905653 0.07679643481969833 0.07694234699010849
v -0.00845261849462986 0.08966802060604095 0.06342624127864838
v -0.003765653818845749 0.08670894801616669 0.05188354477286339
v 0.024922151118516922 0.06724616885185242 0.03370102122426033
v -0.0036489982157945633 0.07120268791913986 0.04470902681350708
v 0.0078056324273347855 0.06361904740333557 0.037345048040151596
v 0.022973839193582535 0.05358726531267166 0.015596053563058376
v 0.0323886014521122 0.05241391807794571 0.0020929668098688126
v 0.05713065713644028 0.051072899252176285 -0.015948696061968803
v 0.04278120398521423 0.05088728666305542 -0.008816676214337349
v 0.06303800642490387 0.04172381013631821 -0.02124989591538906
v 0.0666181892156601 0.029657866805791855 -0.02489306591451168
v 0.0767134353518486 0.024892741814255714 -0.025261657312512398
v 0.08394548296928406 0.021199800074100494 -0.027546899393200874
v 0.06761356443166733 0.0230226032435894 -0.0806443989276886
v 0.06926798820495605 0.02265980839729309 -0.08605102449655533
v 0.07017052173614502 0.0284198597073555 -0.08991537988185883
v 0.08374705910682678 0.05600179731845856 -0.10572560131549835
v 0.09017553925514221 0.07039596140384674 -0.10569346696138382
v 0.11881798505783081 0.09446094185113907 -0.10209202766418457
v 0.11242633312940598 0.09290459007024765 -0.10505051910877228
v 0.1065651997923851 0.07373004406690598 -0.09306071698665619
v 0.10525978356599808 0.06406188011169434 -0.09961935877799988
v 0.09757590293884277 0.062239035964012146 -0.10481022298336029
v 0.08468954265117645 0.052356403321027756 -0.10252099484205246
v 0.07650620490312576 0.020099924877285957 -0.09106642752885818
v 0.075348399579525 0.018607571721076965 -0.088887058198452
v 0.07315380871295929 0.016399048268795013 -0.08513417840003967
v 0.07347343116998672 0.024091534316539764 -0.0918690487742424
v 0.6817831993103027 0.2367076873779297 0.0034638643264770508
v 0.6864585280418396 0.2393679916858673 -0.00372275710105896
v 0.6841722726821899 0.23974984884262085 0.0017376244068145752
v 0.6885730028152466 0.24187152087688446 -0.005369216203689575
v -0.015996508300304413 0.02136216126382351 0.11081333458423615
v 0.014723445288836956 0.04679404944181442 0.09503860771656036
v 0.0021308045834302902 0.06033063307404518 0.0847371369600296
v -0.009136445820331573 0.07371985167264938 0.07234545052051544
v -0.021321572363376617 0.08854635804891586 0.06018253415822983
v -0.021125245839357376 0.0791250616312027 0.05180005356669426
v 0.014489253982901573 0.055458854883909225 0.027763094753026962
v -0.020185133442282677 0.06322766095399857 0.046339958906173706
v -0.004643391817808151 0.05473128333687782 0.03797919303178787
v 0.017427954822778702 0.04791095480322838 0.00900265946984291
v 0.008037695661187172 0.04439130797982216 -0.014599763788282871
v 0.050671182572841644 0.04555355757474899 -0.019349925220012665
v 0.0108636524528265 0.0433584488928318 -0.03194161877036095
v 0.0628063753247261 0.024731429293751717 -0.02870349772274494
v 0.05733522027730942 0.03597821295261383 -0.025202320888638496
v 0.06955831497907639 0.019588682800531387 -0.025253694504499435
v 0.07698443531990051 0.015873290598392487 -0.024762574583292007
v 0.0721365436911583 0.02293095737695694 -0.08911190927028656
v 0.09506090730428696 0.07526428252458572 -0.11056527495384216
v 0.10413885861635208 0.08724211901426315 -0.10856783390045166
v 0.12148639559745789 0.09127651900053024 -0.1002463698387146
v 0.12723608314990997 0.10065583884716034 -0.10500787198543549
v 0.1351580023765564 0.10357754677534103 -0.10603342205286026
v 0.12146151065826416 0.0853506475687027 -0.10041914880275726
v 0.11674578487873077 0.07858014851808548 -0.10729797184467316
v 0.0930684432387352 0.0667947456240654 -0.11061904579401016
v 0.09218230098485947 0.06158243492245674 -0.10688463598489761
v 0.68467777967453 0.23703192174434662 -0.000965118408203125
v 0.6853971481323242 0.23512621223926544 -0.002497345209121704
v -0.03179526701569557 0.024666734039783478 0.10840058326721191
v -0.00793217308819294 0.04301610589027405 0.098323754966259
v -0.01766865886747837 0.056123197078704834 0.0829208493232727
v -0.024060847237706184 0.07734547555446625 0.06734385341405869
v -0.036509715020656586 0.08412684500217438 0.057732321321964264
v -0.03707721829414368 0.06917896866798401 0.05246554687619209
v 0.0018228664994239807 0.047360923141241074 0.029138095676898956
v -0.02151200734078884 0.04833897948265076 0.041290849447250366
v -0.013710586354136467 0.042616620659828186 0.033375535160303116
v 0.011342180892825127 0.04765825718641281 0.021199697628617287
v -0.011075735092163086 0.05571291595697403 -0.029553061351180077
v -0.018160728737711906 0.04851091280579567 -0.012245181947946548
v 0.020646050572395325 0.03929278999567032 -0.042240042239427567
v -0.004325009882450104 0.05450665205717087 -0.04998207092285156
v 0.06812136620283127 0.017989089712500572 -0.029307246208190918
v 0.04777205362915993 0.03339487314224243 -0.035470426082611084
v 0.05930890887975693 0.025851525366306305 -0.03439847752451897
v 0.0701817125082016 0.009966609068214893 -0.024858778342604637
v 0.10638003051280975 0.08645423501729965 -0.11378339678049088
v 0.12135747820138931 0.09873346984386444 -0.10958963632583618
v 0.13891690969467163 0.10481509566307068 -0.10690759122371674
v 0.14820615947246552 0.10915136337280273 -0.10859774798154831
v 0.12885400652885437 0.0879225879907608 -0.11520268023014069
v 0.1360989660024643 0.0947926938533783 -0.1078033447265625
v 0.10627420991659164 0.07599054276943207 -0.11448965966701508
v 0.10269530117511749 0.07968561351299286 -0.11423748731613159
v 0.6908385157585144 0.2364169955253601 -0.008511006832122803
v 0.685169517993927 0.23404261469841003 -0.010038167238235474
v 0.6927696466445923 0.25316178798675537 -0.009721696376800537
v 0.6884537935256958 0.23067347705364227 0.004276067018508911
v -0.02805175445973873 0.040946949273347855 0.09966263175010681
v -0.04401763156056404 0.019771777093410492 0.10768470913171768
v -0.03567608445882797 0.05067858099937439 0.08249136060476303
v -0.02384771965444088 0.06403625011444092 0.07333974540233612
v -0.04152771830558777 0.08630522340536118 0.06465399265289307
v -0.05001692473888397 0.07518751174211502 0.057255491614341736
v -0.052606821060180664 0.05769995599985123 0.05346258729696274
v -0.03524898737668991 0.05233582854270935 0.047893840819597244
v -0.00293758325278759 0.04218248650431633 0.024299386888742447
v -0.033050358295440674 0.03796088322997093 0.03728010505437851
v -0.01957709714770317 0.03724163398146629 0.025256333872675896
v 0.007242236286401749 0.043657585978507996 0.016156448051333427
v -0.01383620873093605 0.07894601672887802 -0.028699245303869247
v -0.028231922537088394 0.06634652614593506 -0.01673627272248268
v -0.003070596605539322 0.047840461134910583 -0.06586451828479767
v -0.0056756772100925446 0.07017774134874344 -0.04763153940439224
v 0.068455271422863 0.015300828032195568 -0.0343700647354126
v 0.07066500186920166 0.012511862441897392 -0.02918778359889984
v -0.005119610577821732 0.03816017508506775 -0.08135472238063812
v 0.01282430812716484 0.02110721357166767 -0.07692797482013702
v 0.11619162559509277 0.09429819136857986 -0.11381465196609497
v 0.13489201664924622 0.10428638756275177 -0.10890904814004898
v 0.13454705476760864 0.10064356029033661 -0.10404470562934875
v 0.14631760120391846 0.10815209150314331 -0.1077953577041626
v 0.13275805115699768 0.10185007750988007 -0.10493016242980957
v 0.12480559200048447 0.08958061784505844 -0.11952026933431625
v 0.14893724024295807 0.10210366547107697 -0.11048529297113419
v 0.1448393017053604 0.09771084785461426 -0.11294766515493393
v 0.11764734983444214 0.09059331566095352 -0.11887288093566895
v 0.6909608840942383 0.2388409674167633 -0.01105034351348877
v 0.6874963641166687 0.23437942564487457 -0.011306613683700562
v 0.682686448097229 0.23349224030971527 -0.012868165969848633
v 0.6898411512374878 0.23915967345237732 -0.011377960443496704
v -0.044807352125644684 0.03739576414227486 0.10013531893491745
v -0.05805426090955734 0.018900863826274872 0.10810684412717819
v -0.04752042144536972 0.05075891315937042 0.07540194690227509
v -0.039897482842206955 0.06478410214185715 0.06802979856729507
v -0.05467867851257324 0.06818481534719467 0.058591485023498535
v -0.06243228167295456 0.0582207515835762 0.05795293673872948
v -0.06428374350070953 0.04290969297289848 0.05079377442598343
v -0.049174413084983826 0.040745411068201065 0.04379318282008171
v -0.00693766213953495 0.03994913026690483 0.018189208582043648
v -0.03683196008205414 0.03642323240637779 0.020275022834539413
v -0.050176069140434265 0.03694601729512215 0.0308014377951622
v -0.03203386068344116 0.05005183070898056 -0.0041244495660066605
v -0.0042824409902095795 0.09118667989969254 -0.04199238494038582
v 0.0004019811749458313 0.08851256966590881 -0.05520235374569893
v 0.06376665830612183 0.010651461780071259 -0.04270181804895401
v 0.07642903178930283 0.00374012254178524 -0.033121056854724884
v -0.01980547606945038 0.05728946253657341 -0.09504981338977814
v -0.027507098391652107 0.04752657189965248 -0.09945158660411835
v 0.13217781484127045 0.10158785432577133 -0.11813363432884216
v 0.1466643065214157 0.10844121128320694 -0.11797904223203659
v 0.14738322794437408 0.1091366857290268 -0.10987135767936707
v 0.14712336659431458 0.10462909936904907 -0.1082874983549118
v 0.15725165605545044 0.11513130366802216 -0.11018513143062592
v 0.15757589042186737 0.11307492107152939 -0.10861305892467499
v 0.14005771279335022 0.09542477130889893 -0.11879226565361023
v 0.15767410397529602 0.10683410614728928 -0.11049982160329819
v 0.15789592266082764 0.10382521897554398 -0.11392779648303986
v 0.13625366985797882 0.09763000905513763 -0.12077207863330841
v 0.7004790902137756 0.23889127373695374 -0.019521355628967285
v 0.6970075368881226 0.23971234261989594 -0.019405275583267212
v 0.6943926811218262 0.24035243690013885 -0.023629218339920044
v 0.7006658315658569 0.23743289709091187 -0.02234339714050293
v -0.05410204827785492 0.026982296258211136 0.09797563403844833
v -0.06670695543289185 0.013464448973536491 0.1021106019616127
v -0.06015313044190407 0.04231025278568268 0.07561343163251877
v -0.05479073524475098 0.05444315820932388 0.06791657209396362
v -0.06370937824249268 0.05522267147898674 0.06102266162633896
v -0.07321224361658096 0.045378539711236954 0.0572805292904377
v -0.07698715478181839 0.039789337664842606 0.04695669561624527
v -0.06284087896347046 0.03852146863937378 0.03884567320346832
v -0.021189773455262184 0.03989017754793167 0.01028456725180149
v -0.06500346213579178 0.039575427770614624 0.025212278589606285
v -0.0535104013979435 0.03875577822327614 0.01459401287138462
v -0.03609463945031166 0.06306590884923935 -0.013228194788098335
v -0.026252426207065582 0.08568882197141647 -0.022667210549116135
v -0.00827145203948021 0.06510142236948013 -0.07960331439971924
v -0.014354165643453598 0.09819396585226059 -0.03153705969452858
v -0.0019580014050006866 0.10225769877433777 -0.048716720193624496
v 0.0023822076618671417 0.10895653069019318 -0.05982847511768341
v -0.0023879557847976685 0.06902745366096497 -0.06281860917806625
v -0.001094873994588852 0.0868246778845787 -0.07135277986526489
v 0.07806944102048874 0.0034560570493340492 -0.040446482598781586
v 0.007959850132465363 0.017315922304987907 -0.07747200131416321
v -0.03264070302248001 0.06834696233272552 -0.10351826250553131
v -0.04715275391936302 0.0614820197224617 -0.10509756207466125
v 0.15017250180244446 0.10645610839128494 -0.12215383350849152
v 0.16451413929462433 0.11507663875818253 -0.12569673359394073
v 0.15707306563854218 0.11579357087612152 -0.11594092845916748
v 0.15722258388996124 0.11113900691270828 -0.10805577784776688
v 0.16569334268569946 0.12277749925851822 -0.11350096017122269
v 0.16556161642074585 0.11919102817773819 -0.10896018147468567
v 0.1562984436750412 0.10150287300348282 -0.11873429268598557
v 0.15482066571712494 0.10204756259918213 -0.12204089015722275
v 0.7082468867301941 0.24677449464797974 -0.03733342885971069
v 0.7141019105911255 0.24849843978881836 -0.02738669514656067
v 0.7090716361999512 0.24342197179794312 -0.04217207431793213
v 0.7145289778709412 0.23340587317943573 -0.03392738103866577
v -0.06458810716867447 0.022023623809218407 0.09667284786701202
v -0.07490847259759903 0.006996796000748873 0.10017188638448715
v -0.04947595298290253 0.03978751227259636 0.08656250685453415
v -0.06169112026691437 0.03211328759789467 0.08600685745477676
v -0.0710216537117958 0.03709804639220238 0.07732956111431122
v -0.06621433049440384 0.04574112966656685 0.06871004402637482
v -0.07187943160533905 0.048791687935590744 0.06156012415885925
v -0.0831473171710968 0.039764754474163055 0.05357208847999573
v -0.08537191152572632 0.04032866284251213 0.03611644357442856
v -0.07622410356998444 0.04041389375925064 0.0325283408164978
v -0.046692635864019394 0.042383983731269836 0.0030165500938892365
v -0.07904379069805145 0.043452177196741104 0.019268646836280823
v -0.06896395981311798 0.04416476935148239 0.00989511888474226
v -0.04831971973180771 0.05936873331665993 -0.00847623124718666
v -0.03890696167945862 0.08241944015026093 -0.021910561248660088
v -0.01597197726368904 0.07677941024303436 -0.09212380647659302
v -0.025792159140110016 0.09752535820007324 -0.0276542529463768
v -0.008015241473913193 0.10929189622402191 -0.03942375257611275
v -0.002019893378019333 0.12157697975635529 -0.049481283873319626
v 0.0008852928876876831 0.1281130015850067 -0.05595097690820694
v -0.00020532310009002686 0.10628235340118408 -0.07231513410806656
v 0.051733046770095825 0.005794201977550983 -0.04723188653588295
v -0.02449377067387104 0.031141318380832672 -0.09038159251213074
v -0.04389623925089836 0.07774047553539276 -0.10336730629205704
v -0.05645819008350372 0.06933745741844177 -0.10250583291053772
v 0.1675281524658203 0.10687558352947235 -0.12531065940856934
v 0.1687670201063156 0.12311137467622757 -0.12164225429296494
v 0.1801113784313202 0.12205309420824051 -0.12854816019535065
v 0.16795365512371063 0.11661238223314285 -0.10733594000339508
v 0.16709426045417786 0.11132363975048065 -0.10851449519395828
v 0.17789483070373535 0.13101181387901306 -0.1183900535106659
v 0.17705266177654266 0.13062790036201477 -0.11020734906196594
v 0.17007341980934143 0.10792755335569382 -0.11404816806316376
v 0.16808752715587616 0.10589573532342911 -0.11786524951457977
v 0.16865050792694092 0.10515844821929932 -0.12209509313106537
v 0.7272339463233948 0.24888433516025543 -0.05849394202232361
v 0.7194191813468933 0.24984212219715118 -0.0586567223072052
v 0.7240421175956726 0.24365784227848053 -0.06041043996810913
v 0.7465692758560181 0.23934338986873627 -0.06400904059410095
v -0.07643548399209976 0.016781751066446304 0.0956975445151329
v -0.08880884945392609 0.0 0.0936562716960907
v -0.07723027467727661 0.026850366964936256 0.08759762346744537
v -0.09077660739421844 0.035239528864622116 0.07898624241352081
v -0.08016534894704819 0.04108882695436478 0.06943134218454361
v -0.08275087177753448 0.042710114270448685 0.06071334332227707
v -0.09121253341436386 0.0386979915201664 0.04411020502448082
v -0.0919213593006134 0.041899748146533966 0.030704602599143982
v -0.08642397820949554 0.0430610291659832 0.02580515667796135
v -0.06848148256540298 0.05376017093658447 -0.006162986159324646
v -0.058601733297109604 0.04345817118883133 0.003321598982438445
v -0.08907406032085419 0.046590808779001236 0.014299461618065834
v -0.0815482884645462 0.04725678265094757 0.0064400420524179935
v -0.060303278267383575 0.07138081640005112 -0.01305842399597168
v -0.05032581835985184 0.08789794892072678 -0.026763971894979477
v -0.025606516748666763 0.08778509497642517 -0.09845645725727081
v -0.018973708152770996 0.11284065246582031 -0.03165240213274956
v -0.03221404552459717 0.10684047639369965 -0.03266765549778938
v -0.004368763417005539 0.13832969963550568 -0.052183933556079865
v -0.005432363599538803 0.13619962334632874 -0.050214849412441254
v 0.0016056820750236511 0.12082581222057343 -0.06554175913333893
v -0.009348496794700623 0.09647370874881744 -0.0859992504119873
v 0.009389376267790794 0.011811523698270321 -0.06926511228084564
v -0.048485882580280304 0.050642311573028564 -0.0962565466761589
v -0.0662027895450592 0.06996262073516846 -0.09575877338647842
v -0.05612045153975487 0.08346967399120331 -0.09978355467319489
v 0.18102213740348816 0.11388115584850311 -0.12952512502670288
v 0.19322694838047028 0.13060811161994934 -0.12809209525585175
v 0.1840769350528717 0.13024994730949402 -0.12413540482521057
v 0.18156057596206665 0.11728739738464355 -0.10723800957202911
v 0.17892862856388092 0.1244024708867073 -0.10637062788009644
v 0.18775886297225952 0.13767670094966888 -0.1145501583814621
v 0.19227437674999237 0.14063827693462372 -0.11058586090803146
v 0.18008199334144592 0.10785746574401855 -0.11669115722179413
v 0.17907890677452087 0.11158214509487152 -0.11179238557815552
v 0.1802552044391632 0.10901220142841339 -0.12521779537200928
v 0.7411583662033081 0.25029027462005615 -0.07287383079528809
v 0.7324058413505554 0.2555067539215088 -0.07618987560272217
v 0.7493540644645691 0.2348862886428833 -0.07448911666870117
v 0.7388174533843994 0.2430506944656372 -0.07454237341880798
v -0.08592276275157928 0.013170838356018066 0.09292780607938766
v -0.09249382466077805 0.029877247288823128 0.08664051443338394
v -0.10451344400644302 0.03457789495587349 0.07967238128185272
v -0.09525276720523834 0.038963865488767624 0.0700647160410881
v -0.09713175892829895 0.037039615213871 0.05778679624199867
v -0.09954524785280228 0.039518363773822784 0.03422955051064491
v -0.07442377507686615 0.04877614229917526 -0.002006866969168186
v -0.08667154610157013 0.05739331617951393 -0.01555794570595026
v -0.09347399324178696 0.044784799218177795 0.02033293806016445
v -0.09042932093143463 0.0492568165063858 -0.004426770843565464
v -0.09374672174453735 0.04858972504734993 0.0016570776933804154
v -0.07881137728691101 0.0688665434718132 -0.01857490837574005
v -0.06713250279426575 0.07533775269985199 -0.022381365299224854
v -0.03929639235138893 0.10176058113574982 -0.09766817092895508
v -0.025608427822589874 0.1158982366323471 -0.032291021198034286
v -0.010062530636787415 0.12442734837532043 -0.04436630755662918
v -0.01717211678624153 0.12001736462116241 -0.03903859108686447
v -0.0018581338226795197 0.13121208548545837 -0.06282021105289459
v 0.03149138763546944 0.005713704973459244 -0.0471261665225029
v -0.008313991129398346 0.016097571700811386 -0.06745953112840652
v -0.0664743036031723 0.05667593702673912 -0.0882420688867569
v -0.06664546579122543 0.08126971870660782 -0.09218275547027588
v -0.05923202261328697 0.09909302741289139 -0.09158848226070404
v 0.1983134001493454 0.12442303448915482 -0.1321965754032135
v 0.19754496216773987 0.1366291046142578 -0.12457548081874847
v 0.20585647225379944 0.13428658246994019 -0.13009755313396454
v 0.1903366595506668 0.11449652165174484 -0.11048437654972076
v 0.19063302874565125 0.1355338990688324 -0.10515391081571579
v 0.1969875991344452 0.12579408288002014 -0.10499580949544907
v 0.19101667404174805 0.13757041096687317 -0.1191546767950058
v 0.19957765936851501 0.14550533890724182 -0.11101720482110977
v 0.19942745566368103 0.14507754147052765 -0.11474530398845673
v 0.195415198802948 0.11257435381412506 -0.11884699016809464
v 0.19470299780368805 0.11688777804374695 -0.12892857193946838
v 0.7582335472106934 0.25994306802749634 -0.09024757146835327
v 0.7501513361930847 0.2630685269832611 -0.08573979139328003
v 0.7504966259002686 0.25231119990348816 -0.08541983366012573
v 0.7586398124694824 0.24743244051933289 -0.0867898166179657
v -0.10487702488899231 0.007689977064728737 0.08581551909446716
v -0.08880175650119781 0.02159341238439083 0.09183242917060852
v -0.10534635186195374 0.03354766592383385 0.08566784858703613
v -0.11859124898910522 0.029972901567816734 0.07650110125541687
v -0.10583729296922684 0.03543788567185402 0.07027769833803177
v -0.10612022131681442 0.03598247095942497 0.045128557831048965
v -0.10898026078939438 0.036742087453603745 0.030424689874053
v -0.10234536230564117 0.04216216877102852 0.02086002193391323
v -0.09850897639989853 0.046170201152563095 0.009923852048814297
v -0.09914340078830719 0.056456707417964935 -0.015877006575465202
v -0.10772111266851425 0.06552614271640778 -0.028792304918169975
v -0.0961725264787674 0.06887701898813248 -0.025974422693252563
v -0.0860627219080925 0.07322801649570465 -0.025858305394649506
v -0.04434830695390701 0.11442864686250687 -0.087190181016922
v -0.019407905638217926 0.11001630127429962 -0.09036838263273239
v -0.02531047910451889 0.11955182254314423 -0.039677463471889496
v -0.054433949291706085 0.10347813367843628 -0.03140329569578171
v -0.011796686798334122 0.12961560487747192 -0.07268117368221283
v -0.0040099360048770905 0.11761742830276489 -0.07604473829269409
v -0.01098586618900299 0.14303572475910187 -0.05028854310512543
v -0.008645229041576385 0.13997867703437805 -0.05855138599872589
v -0.013491041958332062 0.13020059466362 -0.047715261578559875
v -0.00737496092915535 0.13859137892723083 -0.05214189738035202
v 0.011703367345035076 0.0043646190315485 -0.04142434149980545
v -0.04080303758382797 0.0232355035841465 -0.06444882601499557
v -0.07917099446058273 0.06080744042992592 -0.07217839360237122
v -0.07611963897943497 0.07226268202066422 -0.08352019637823105
v -0.07012929767370224 0.08617475628852844 -0.0856979638338089
v -0.06686754524707794 0.09737610816955566 -0.08124922215938568
v 0.21219554543495178 0.13090255856513977 -0.13124075531959534
v 0.22225825488567352 0.14082954823970795 -0.1282937228679657
v 0.2126908302307129 0.14326119422912598 -0.12577886879444122
v 0.20405730605125427 0.11838086694478989 -0.11131265759468079
v 0.20498885214328766 0.13982421159744263 -0.10071317851543427
v 0.19896671175956726 0.14479896426200867 -0.1062782034277916
v 0.2046859711408615 0.14493751525878906 -0.11898083239793777
v 0.20732522010803223 0.15191435813903809 -0.11456026136875153
v 0.20512624084949493 0.15211397409439087 -0.11118633300065994
v 0.2082572877407074 0.11868559569120407 -0.12186585366725922
v 0.21017874777317047 0.12518450617790222 -0.12987372279167175
v 0.7467843890190125 0.2622109055519104 -0.08844929933547974
v 0.7499974966049194 0.2558927834033966 -0.09518307447433472
v 0.7602772116661072 0.25713682174682617 -0.09739482402801514
v 0.7638425827026367 0.2549099922180176 -0.10228776931762695
v -0.11829905211925507 0.005018919240683317 0.07908402383327484
v -0.10623735934495926 0.020659176632761955 0.0864296406507492
v -0.10443370789289474 0.02908759005367756 0.09123566746711731
v -0.1129998117685318 0.03507668897509575 0.0884811207652092
v -0.11969789117574692 0.033112235367298126 0.08588507771492004
v -0.12513484060764313 0.03306065499782562 0.08861849457025528
v -0.11937891691923141 0.026666240766644478 0.06665623188018799
v -0.11497154086828232 0.03102889284491539 0.06001627817749977
v -0.12099277228116989 0.029527321457862854 0.03143174201250076
v -0.11481281369924545 0.03578826040029526 0.018765300512313843
v -0.10997508466243744 0.0412815660238266 0.005903009325265884
v -0.10635592043399811 0.04511960968375206 -0.001493979711085558
v -0.10460510104894638 0.046750906854867935 -0.005075861234217882
v -0.11608152836561203 0.06591103225946426 -0.028262244537472725
v -0.11519654095172882 0.05817867070436478 -0.020269380882382393
v -0.11563491821289062 0.07009673863649368 -0.03908054530620575
v -0.10647828876972198 0.06758106499910355 -0.03433595597743988
v -0.10031232237815857 0.06837454438209534 -0.03594303876161575
v -0.08559218049049377 0.0733632892370224 -0.025051483884453773
v -0.06558331847190857 0.07182767242193222 -0.026664558798074722
v -0.05884475260972977 0.08226379752159119 -0.02990378439426422
v -0.029689250513911247 0.12189415097236633 -0.08464132249355316
v -0.05612972006201744 0.1129254400730133 -0.07999134063720703
v -0.0381697379052639 0.11464421451091766 -0.0333564393222332
v -0.03453783318400383 0.11857171356678009 -0.04720690846443176
v -0.020883619785308838 0.12462194263935089 -0.04434279352426529
v -0.03428608179092407 0.11121586710214615 -0.03973773494362831
v -0.05979723855853081 0.08886140584945679 -0.032827701419591904
v -0.02309386059641838 0.1357065886259079 -0.06862110644578934
v -0.009198073297739029 0.13965743780136108 -0.05182652920484543
v -0.0173148512840271 0.13698479533195496 -0.05676531046628952
v -0.009486563503742218 0.14124596118927002 -0.05375039577484131
v -0.0038217976689338684 0.14096325635910034 -0.04600287228822708
v -0.004728037863969803 0.14191578328609467 -0.04270122945308685
v -0.014634719118475914 0.004701052326709032 -0.031231675297021866
v -0.0713004320859909 0.03916862607002258 -0.05473703145980835
v -0.08204437792301178 0.07529571652412415 -0.0652996152639389
v -0.08728834986686707 0.06581681221723557 -0.054150644689798355
v -0.07472791522741318 0.08569192886352539 -0.0758528932929039
v -0.06663690507411957 0.10013210773468018 -0.06933116167783737
v 0.22276979684829712 0.13495872914791107 -0.12810775637626648
v 0.23719118535518646 0.15019917488098145 -0.1209372952580452
v 0.22651264071464539 0.1517293006181717 -0.12235838919878006
v 0.21197521686553955 0.1326586902141571 -0.10283587872982025
v 0.20924732089042664 0.153795063495636 -0.09902725368738174
v 0.2050161361694336 0.15348629653453827 -0.10685406625270844
v 0.2153397649526596 0.15299925208091736 -0.11983401328325272
v 0.21440142393112183 0.1726750135421753 -0.10874206572771072
v 0.20997782051563263 0.17312848567962646 -0.10459937155246735
v 0.22171613574028015 0.12701453268527985 -0.11368183046579361
v 0.22498834133148193 0.12964633107185364 -0.12373760342597961
v 0.7560856342315674 0.2596644461154938 -0.11315813660621643
v 0.7533072233200073 0.2662457227706909 -0.09685060381889343
v 0.7722421288490295 0.25858956575393677 -0.12300220131874084
v 0.7651612162590027 0.264340341091156 -0.10515192151069641
v -0.14189431071281433 0.004338312894105911 0.07378750294446945
v -0.1129821389913559 0.019963784143328667 0.0832468792796135
v -0.11260076612234116 0.030115913599729538 0.08693431317806244
v -0.11883780360221863 0.02378026209771633 0.07990150153636932
v -0.12299594283103943 0.02489154040813446 0.05886085331439972
v -0.12081364542245865 0.028266090899705887 0.04642397537827492
v -0.12479647248983383 0.02873379923403263 0.022320564836263657
v -0.13316412270069122 0.024553999304771423 0.036477230489254
v -0.11708964407444 0.03914535790681839 -0.0054912082850933075
v -0.11495368182659149 0.04208238050341606 -0.007815930992364883
v -0.12439203262329102 0.06885315477848053 -0.03334387019276619
v -0.12024369090795517 0.07100920379161835 -0.03634226322174072
v -0.11811768263578415 0.0713123008608818 -0.043080657720565796
v -0.10949927568435669 0.0678764060139656 -0.04321680963039398
v -0.10669776797294617 0.06396183371543884 -0.041457392275333405
v -0.09606314450502396 0.06587421894073486 -0.03079383075237274
v -0.08465525507926941 0.06811044365167618 -0.02574883960187435
v -0.07229818403720856 0.07139717787504196 -0.023746754974126816
v -0.06264189630746841 0.07845684140920639 -0.029994219541549683
v -0.05446784570813179 0.11553841829299927 -0.06476514041423798
v -0.03927090764045715 0.12575872242450714 -0.058940112590789795
v -0.02288225293159485 0.1297701746225357 -0.052615076303482056
v -0.011715468019247055 0.13231253623962402 -0.04921717941761017
v -0.045152172446250916 0.10844144970178604 -0.04609319567680359
v -0.05362427979707718 0.11280938982963562 -0.03324279561638832
v -0.04570678994059563 0.10280004888772964 -0.03826697915792465
v -0.06308893114328384 0.08137861639261246 -0.03338601812720299
v -0.05942376330494881 0.09901510179042816 -0.03692803531885147
v -0.02954825386404991 0.1326449066400528 -0.06250854581594467
v -0.03948662430047989 0.1262301653623581 -0.07694466412067413
v -0.00609419122338295 0.13839496672153473 -0.05024097114801407
v -0.010232217609882355 0.13380390405654907 -0.05137050151824951
v -0.00016929209232330322 0.14372453093528748 -0.0481172576546669
v -0.01616765186190605 0.14386525750160217 -0.03764232248067856
v -0.002270359545946121 0.13960787653923035 -0.03609682619571686
v 0.0014952197670936584 0.1420924961566925 -0.0469541996717453
v -0.042401596903800964 0.015946168452501297 -0.028043795377016068
v -0.07736396044492722 0.04644077271223068 -0.0413016714155674
v -0.08895528316497803 0.07446316629648209 -0.04486403986811638
v -0.08620376884937286 0.08405493944883347 -0.050705377012491226
v -0.07480588555335999 0.08995422720909119 -0.059499043971300125
v -0.06164687126874924 0.09965553879737854 -0.05150993540883064
v 0.23407799005508423 0.14287953078746796 -0.12339657545089722
v 0.24900472164154053 0.158340722322464 -0.11337020248174667
v 0.24483616650104523 0.16449342668056488 -0.11787904798984528
v 0.22183704376220703 0.14954306185245514 -0.09448643028736115
v 0.21483008563518524 0.17418166995048523 -0.0948139876127243
v 0.22440001368522644 0.17022858560085297 -0.08632528781890869
v 0.22697384655475616 0.17748761177062988 -0.11314062774181366
v 0.2155468612909317 0.19897562265396118 -0.10794021934270859
v 0.21973340213298798 0.19394877552986145 -0.097628653049469
v 0.22907881438732147 0.13913947343826294 -0.10367146879434586
v 0.23280343413352966 0.1359207034111023 -0.11315419524908066
v 0.7705481648445129 0.2650850713253021 -0.131769597530365
v 0.7731231451034546 0.26595544815063477 -0.1268734335899353
v 0.7681341171264648 0.2684992849826813 -0.12346059083938599
v 0.7648402452468872 0.2654786705970764 -0.1299627423286438
v -0.17111088335514069 -0.0034804493188858032 0.07431119680404663
v -0.12090017646551132 0.031075816601514816 0.08379539102315903
v -0.11806792765855789 0.04359257221221924 0.09079878032207489
v -0.11473727971315384 0.03886895254254341 0.09318652749061584
v -0.12506859004497528 0.018892448395490646 0.06625738739967346
v -0.11654120683670044 0.035382796078920364 0.10619734227657318
v -0.1352761685848236 0.02162925712764263 0.050224583595991135
v -0.13555167615413666 0.02641969919204712 0.026833288371562958
v -0.12664499878883362 0.03117646463215351 0.016139652580022812
v -0.12142378836870193 0.032580986618995667 0.003769762348383665
v -0.1195003017783165 0.055418021976947784 -0.019948843866586685
v -0.1289377510547638 0.07392576336860657 -0.03896380215883255
v -0.12393929809331894 0.07316615432500839 -0.04056336358189583
v -0.11208696663379669 0.06597499549388885 -0.04874812811613083
v -0.11527086794376373 0.06911155581474304 -0.04646021127700806
v -0.10081949084997177 0.06030510738492012 -0.03604377061128616
v -0.09393539279699326 0.06056022644042969 -0.030203161761164665
v -0.08334656804800034 0.06064577028155327 -0.02557213231921196
v -0.07393276691436768 0.06822757422924042 -0.024754857644438744
v -0.0676259696483612 0.07267731428146362 -0.02728002332150936
v -0.04366961866617203 0.12482728064060211 -0.07010295987129211
v -0.04064440727233887 0.12566274404525757 -0.061271101236343384
v -0.046511441469192505 0.11607427895069122 -0.05361122637987137
v -0.04651526361703873 0.10145953297615051 -0.04301394522190094
v -0.06734313070774078 0.09337784349918365 -0.0394723042845726
v -0.060107409954071045 0.10354072600603104 -0.03867890685796738
v -0.001561243087053299 0.13755935430526733 -0.04380498826503754
v -0.004188187420368195 0.13778987526893616 -0.04458758980035782
v 0.0001399219036102295 0.14195895195007324 -0.047144584357738495
v -0.0057288967072963715 0.14363735914230347 -0.03147575259208679
v 0.0035722851753234863 0.13799473643302917 -0.03388230502605438
v 0.0051746368408203125 0.1402505785226822 -0.04257480055093765
v -0.04383474588394165 0.01800927333533764 -0.01427638903260231
v -0.08655513823032379 0.06036905199289322 -0.03768620640039444
v -0.08554550260305405 0.08573928475379944 -0.04316561669111252
v -0.08991508185863495 0.07528653740882874 -0.03945488482713699
v -0.06179111823439598 0.09567929804325104 -0.04838498309254646
v -0.07654433697462082 0.1022515520453453 -0.04512288421392441
v 0.24674949049949646 0.1537351906299591 -0.11040891706943512
v 0.251983106136322 0.18444815278053284 -0.10610345005989075
v 0.255808562040329 0.16768954694271088 -0.1098615825176239
v 0.23710897564888 0.1698773056268692 -0.08213549852371216
v 0.22894567251205444 0.1870848536491394 -0.0874164029955864
v 0.23920203745365143 0.18306706845760345 -0.08075913786888123
v 0.23989789187908173 0.19254708290100098 -0.10913246124982834
v 0.23347978293895721 0.20085038244724274 -0.10311184078454971
v 0.23630033433437347 0.19825060665607452 -0.09155276417732239
v 0.2383447140455246 0.15314815938472748 -0.09660111367702484
v 0.24082079529762268 0.14716170728206635 -0.10678381472826004
v 0.7856289744377136 0.2655845284461975 -0.14095813035964966
v 0.7888274788856506 0.26016905903816223 -0.14525750279426575
v 0.7681362628936768 0.2680545151233673 -0.13918569684028625
v 0.7669611573219299 0.26810362935066223 -0.13781008124351501
v -0.18441593647003174 0.0010585431009531021 0.05937792733311653
v -0.1689727008342743 0.012983042746782303 0.06659253686666489
v -0.12073144316673279 0.010903089307248592 0.07637182623147964
v -0.13188432157039642 0.06352004408836365 0.1087261289358139
v -0.15056473016738892 0.018904520198702812 0.03510003164410591
v -0.15653358399868011 0.02989979274570942 0.03642852604389191
v -0.12419134378433228 0.028614604845643044 0.005904719233512878
v -0.1291409134864807 0.026097742840647697 -0.008203900419175625
v -0.12333669513463974 0.030215788632631302 -0.008210304193198681
v -0.12838128209114075 0.0640595480799675 -0.030358532443642616
v -0.13008658587932587 0.07732663303613663 -0.04415389150381088
v -0.1345760077238083 0.07819101214408875 -0.041265204548835754
v -0.13499176502227783 0.0709141343832016 -0.03643148019909859
v -0.12271438539028168 0.07331229746341705 -0.045824095606803894
v -0.12141428887844086 0.07382624596357346 -0.05246773734688759
v -0.11532188951969147 0.06773962080478668 -0.056012317538261414
v -0.10890475660562515 0.05998960882425308 -0.05031093209981918
v -0.10456551611423492 0.058065593242645264 -0.04204721748828888
v -0.09394297748804092 0.054191745817661285 -0.028373895213007927
v -0.07118401676416397 0.05761336907744408 -0.025555133819580078
v -0.06443526595830917 0.06325168907642365 -0.02790912240743637
v -0.06743745505809784 0.0678224191069603 -0.02961704507470131
v -0.06642647087574005 0.0741732195019722 -0.03502777963876724
v -0.07777877151966095 0.09650307893753052 -0.03574827313423157
v -0.07355232536792755 0.08153825253248215 -0.034652307629585266
v 2.0191073417663574e-06 0.14407271146774292 -0.04306584596633911
v -0.005312129855155945 0.13993403315544128 -0.03280559927225113
v 0.002855997532606125 0.14314411580562592 -0.04440639913082123
v 0.0018625333905220032 0.14545327425003052 -0.042732514441013336
v -0.0015045702457427979 0.14172479510307312 -0.02770078182220459
v -0.0017113126814365387 0.1431896984577179 -0.02695557475090027
v 0.006572149693965912 0.13630306720733643 -0.03131227195262909
v 0.005503296852111816 0.14083868265151978 -0.038481615483760834
v 0.0025222934782505035 0.13917158544063568 -0.021092087030410767
v -0.06693992018699646 0.04028088226914406 -0.028185471892356873
v -0.04790220409631729 0.024608764797449112 -0.0009302115067839622
v -0.08017110824584961 0.07151684910058975 -0.03361077979207039
v 0.2551688849925995 0.16353587806224823 -0.1047142818570137
v 0.25116732716560364 0.19472500681877136 -0.103737473487854
v 0.259492963552475 0.18946288526058197 -0.10002031922340393
v 0.2470020353794098 0.181645929813385 -0.07936155796051025
v 0.24226808547973633 0.19573378562927246 -0.08377677947282791
v 0.24998268485069275 0.19136348366737366 -0.07911572605371475
v 0.24565501511096954 0.19849973917007446 -0.10552533715963364
v 0.2467924803495407 0.20632398128509521 -0.09666415303945541
v 0.24772384762763977 0.2047705352306366 -0.08899003267288208
v 0.24961993098258972 0.1744878888130188 -0.08275485038757324
v 0.25092554092407227 0.16151463985443115 -0.0987948626279831
v 0.7793139219284058 0.26987653970718384 -0.14294028282165527
v 0.7817221879959106 0.25090163946151733 -0.14929938316345215
v 0.7946463823318481 0.2643536627292633 -0.14936542510986328
v 0.7707316875457764 0.2586762607097626 -0.14730224013328552
v 0.7743298411369324 0.26491135358810425 -0.13780686259269714
v 0.7658085823059082 0.2671475112438202 -0.14531460404396057
v -0.18786068260669708 0.009451610967516899 0.055046446621418
v -0.1738128513097763 0.020373476669192314 0.04926832765340805
v -0.172964408993721 0.02570834569633007 0.039057422429323196
v -0.14537447690963745 0.028439706191420555 0.023629695177078247
v -0.13524332642555237 0.024495577439665794 0.009664306417107582
v -0.14183409512043 0.01332932710647583 -0.010260852985084057
v -0.13724200427532196 0.017373278737068176 -0.002151870634406805
v -0.13105620443820953 0.04147221893072128 -0.01439712941646576
v -0.13517029583454132 0.054931215941905975 -0.029630614444613457
v -0.13862352073192596 0.07663055509328842 -0.03860573098063469
v -0.14080342650413513 0.08684209734201431 -0.04243805631995201
v -0.133578822016716 0.08548019081354141 -0.04808303713798523
v -0.13903038203716278 0.06666003912687302 -0.03658200800418854
v -0.12810218334197998 0.07895763963460922 -0.0493890605866909
v -0.12316897511482239 0.07777810096740723 -0.0640907809138298
v -0.1137557178735733 0.06423424929380417 -0.06036970391869545
v -0.0975770652294159 0.057003602385520935 -0.033937618136405945
v -0.11035937070846558 0.05764833092689514 -0.055957816541194916
v -0.1077531948685646 0.052167944610118866 -0.051444925367832184
v -0.10070794075727463 0.05508982390165329 -0.036131732165813446
v -0.09472526609897614 0.04929132014513016 -0.03276267275214195
v -0.09335775673389435 0.04357857257127762 -0.031601130962371826
v -0.07354062795639038 0.03357762098312378 -0.012871479615569115
v -0.0020220130681991577 0.14681755006313324 -0.035525985062122345
v -0.004894629120826721 0.1442306488752365 -0.035272032022476196
v 0.00522955134510994 0.14572063088417053 -0.04085835814476013
v 0.006146252155303955 0.1491362303495407 -0.03662804514169693
v 0.00033107027411460876 0.1438760757446289 -0.02168940007686615
v 0.017991386353969574 0.13520315289497375 -0.02389685809612274
v 0.01201208308339119 0.13774660229682922 -0.03323616087436676
v 0.008803345263004303 0.1364111304283142 -0.02202378213405609
v -0.038532935082912445 0.026536153629422188 0.011172492057085037
v 0.2630866467952728 0.18279360234737396 -0.09475910663604736
v 0.2523428201675415 0.20174765586853027 -0.1006954237818718
v 0.25733524560928345 0.19924628734588623 -0.09755852818489075
v 0.25691214203834534 0.18840686976909637 -0.07873088121414185
v 0.26180073618888855 0.1997297704219818 -0.07910123467445374
v 0.2539764642715454 0.20170530676841736 -0.08209197223186493
v 0.24936455488204956 0.2047904133796692 -0.10164641588926315
v 0.2562245726585388 0.21290503442287445 -0.0950726717710495
v 0.2612192630767822 0.21244630217552185 -0.08741605281829834
v 0.261770635843277 0.18335562944412231 -0.08282521367073059
v 0.2621247470378876 0.17961986362934113 -0.08951051533222198
v 0.7702450156211853 0.2666568458080292 -0.14664924144744873
v 0.7674405574798584 0.2544644773006439 -0.1476723551750183
v 0.7866498827934265 0.25170159339904785 -0.15775197744369507
v 0.7964961528778076 0.25035181641578674 -0.15660879015922546
v 0.7641157507896423 0.26087409257888794 -0.14485973119735718
v -0.19406837224960327 -0.0032779425382614136 0.06889721006155014
v -0.2012726068496704 0.007645759731531143 0.0625506117939949
v -0.19028137624263763 0.019440073519945145 0.043103642761707306
v -0.18560999631881714 0.015221040695905685 0.0515192449092865
v -0.1636543571949005 0.02824278362095356 0.027050141245126724
v -0.15688654780387878 0.020288990810513496 0.017724178731441498
v -0.14719675481319427 0.01007547602057457 0.0012906379997730255
v -0.14541348814964294 0.010644840076565742 -0.01286330446600914
v -0.1348094791173935 0.020106730982661247 -0.00979352742433548
v -0.14089539647102356 0.026596447452902794 -0.018092850223183632
v -0.15011125802993774 0.08619669079780579 -0.04068922623991966
v -0.14326995611190796 0.07130719721317291 -0.0400194376707077
v -0.15518459677696228 0.09809822589159012 -0.04238261282444
v -0.1456543207168579 0.09885500371456146 -0.048542533069849014
v -0.1389572024345398 0.05288812518119812 -0.03191521763801575
v -0.14249764382839203 0.06464541703462601 -0.036616869270801544
v -0.12992814183235168 0.08704870194196701 -0.05704853683710098
v -0.1353471577167511 0.08073589205741882 -0.07110673934221268
v -0.12159541994333267 0.06756744533777237 -0.06792362779378891
v -0.10276054590940475 0.04959647357463837 -0.04357428848743439
v -0.0969252809882164 0.047751881182193756 -0.035788752138614655
v -0.09569201618432999 0.03965382277965546 -0.03465477004647255
v -0.08920086175203323 0.03678605705499649 -0.026136815547943115
v -0.08385062962770462 0.028853293508291245 -0.013991129584610462
v -0.06491437554359436 0.02162998914718628 0.007680438458919525
v -0.0006686002016067505 0.1468580663204193 -0.027043968439102173
v 0.006079722195863724 0.1499468982219696 -0.025883764028549194
v 0.012512288987636566 0.14764463901519775 -0.0360407829284668
v 0.014601055532693863 0.1515575796365738 -0.02241833508014679
v 0.005131889134645462 0.14088787138462067 -0.01621261239051819
v 0.018472515046596527 0.1341831088066101 -0.01233227550983429
v 0.027211517095565796 0.13338950276374817 -0.008253946900367737
v 0.02928023785352707 0.13578885793685913 -0.01558724045753479
v 0.26522359251976013 0.19504790008068085 -0.09335096180438995
v 0.26281213760375977 0.20539143681526184 -0.0962975025177002
v 0.25840866565704346 0.20646201074123383 -0.09906690567731857
v 0.26601916551589966 0.19645527005195618 -0.07894999533891678
v 0.26981887221336365 0.20734260976314545 -0.0795648843050003
v 0.26665589213371277 0.21043995022773743 -0.08266233652830124
v 0.25827905535697937 0.2100544273853302 -0.09786868095397949
v 0.26557910442352295 0.2179325968027115 -0.09185795485973358
v 0.2689809203147888 0.21793004870414734 -0.08628508448600769
v 0.2681870460510254 0.19152091443538666 -0.08209297806024551
v 0.2682812809944153 0.1918426901102066 -0.08798713982105255
v 0.7694490551948547 0.2477591633796692 -0.15675920248031616
v 0.7852581143379211 0.2473246455192566 -0.14807656407356262
v 0.7743703722953796 0.2457272857427597 -0.17446735501289368
v 0.7984172105789185 0.24734851717948914 -0.17101556062698364
v 0.7685157060623169 0.24713142216205597 -0.14390364289283752
v -0.210926815867424 0.001287270337343216 0.08950507640838623
v -0.19738595187664032 0.015595665201544762 0.051713235676288605
v -0.21067088842391968 0.02023996226489544 0.06464210152626038
v -0.19287586212158203 0.02212890051305294 0.03178579360246658
v -0.2044544667005539 0.02235718071460724 0.04569324105978012
v -0.15989413857460022 0.009553082287311554 0.0106983482837677
v -0.1814316362142563 0.019457414746284485 0.022661468014121056
v -0.16011622548103333 0.013532716780900955 -0.013505884446203709
v -0.14056985080242157 0.04097665846347809 -0.028544774278998375
v -0.14828380942344666 0.07760395109653473 -0.04147122800350189
v -0.1604921519756317 0.09296811372041702 -0.043344657868146896
v -0.143032968044281 0.0663055032491684 -0.03988761454820633
v -0.1717556267976761 0.10843486338853836 -0.04711582884192467
v -0.16216138005256653 0.11049238592386246 -0.04573444277048111
v -0.14195840060710907 0.057022567838430405 -0.03674209862947464
v -0.14507879316806793 0.05148719251155853 -0.03498019278049469
v -0.14451146125793457 0.09851934015750885 -0.06169019639492035
v -0.13482016324996948 0.08652195334434509 -0.06621100008487701
v -0.14416643977165222 0.07657415419816971 -0.06984951347112656
v -0.1306583136320114 0.0680813193321228 -0.0705137699842453
v -0.11274968832731247 0.056562457233667374 -0.06096130982041359
v -0.1445229947566986 0.09154802560806274 -0.06850454211235046
v -0.10589762777090073 0.04686911404132843 -0.04921354353427887
v -0.11010745167732239 0.049560170620679855 -0.05662890523672104
v -0.09981328248977661 0.03626563400030136 -0.03839331865310669
v -0.10009172558784485 0.04279147833585739 -0.04267357289791107
v -0.09464488923549652 0.03297589719295502 -0.029482025653123856
v -0.09327925741672516 0.026925671845674515 -0.017583930864930153
v -0.08254196494817734 0.01889989897608757 0.00038978317752480507
v 0.005210209637880325 0.14619149267673492 -0.01915779709815979
v 0.014063015580177307 0.14910189807415009 -0.012453481554985046
v 0.02566201239824295 0.14884760975837708 -0.016987398266792297
v 0.029374316334724426 0.14260822534561157 -0.021629750728607178
v 0.013462431728839874 0.13641636073589325 -0.008652955293655396
v 0.023976564407348633 0.13320007920265198 -0.001101166009902954
v 0.033333487808704376 0.12984225153923035 0.006396308541297913
v 0.03679857403039932 0.13112245500087738 0.0007122457027435303
v 0.2683582305908203 0.2033180445432663 -0.09223799407482147
v 0.2688889503479004 0.21027490496635437 -0.096431203186512
v 0.2652234733104706 0.2116921842098236 -0.09839178621768951
v 0.2717876136302948 0.2032870352268219 -0.07858943194150925
v 0.27247798442840576 0.21654514968395233 -0.08245716243982315
v 0.2740243673324585 0.2128617763519287 -0.08010430634021759
v 0.2636256217956543 0.21466131508350372 -0.09592527151107788
v 0.27462995052337646 0.22296085953712463 -0.08505631983280182
v 0.27500978112220764 0.22381921112537384 -0.08948303759098053
v 0.2737543284893036 0.20092827081680298 -0.08211658149957657
v 0.27302679419517517 0.20128151774406433 -0.08793191611766815
v 0.7844778895378113 0.24616903066635132 -0.1800483763217926
v 0.7993372678756714 0.23825348913669586 -0.16286784410476685
v 0.8216728568077087 0.24335548281669617 -0.20127376914024353
v 0.8040913343429565 0.2525135576725006 -0.2057417929172516
v 0.7837761640548706 0.2408234030008316 -0.16722387075424194
v -0.22535067796707153 0.008793525397777557 0.09080348908901215
v -0.20494304597377777 -0.0011461302638053894 0.12490393221378326
v -0.22415336966514587 0.027060432359576225 0.05338233709335327
v -0.21405096352100372 0.0262683667242527 0.03735785931348801
v -0.17832356691360474 0.01027669943869114 0.014416884630918503
v -0.21396492421627045 0.021354112774133682 0.024821611121296883
v -0.1453467756509781 0.03910921886563301 -0.027950208634138107
v -0.14683054387569427 0.0697539746761322 -0.042831502854824066
v -0.15738704800605774 0.08421254903078079 -0.04415404051542282
v -0.16558967530727386 0.0931507870554924 -0.04653024300932884
v -0.14324769377708435 0.06354565918445587 -0.04053161293268204
v -0.17912955582141876 0.11969407647848129 -0.04573575779795647
v -0.1738007813692093 0.12050571292638779 -0.04117051512002945
v -0.15475663542747498 0.10865789651870728 -0.05026782676577568
v -0.14111171662807465 0.04956638440489769 -0.034145817160606384
v -0.14115741848945618 0.05686164274811745 -0.03988780826330185
v -0.15069402754306793 0.08623772114515305 -0.07008319348096848
v -0.1479893922805786 0.07433081418275833 -0.0666472315788269
v -0.13890187442302704 0.06773510575294495 -0.06822016090154648
v -0.11904099583625793 0.057104431092739105 -0.06641886383295059
v -0.11619886755943298 0.04888542369008064 -0.06055961549282074
v -0.10706768929958344 0.041526272892951965 -0.04987141489982605
v -0.10160042345523834 0.03170525282621384 -0.0325562059879303
v -0.10422807186841965 0.0352589376270771 -0.03988030552864075
v -0.10275277495384216 0.0384332500398159 -0.043877243995666504
v -0.1020125150680542 0.027135808020830154 -0.018439386039972305
v -0.09431151300668716 0.018576307222247124 -0.004065354820340872
v 0.012286696583032608 0.14253222942352295 -0.007398337125778198
v 0.022618722170591354 0.14973758161067963 -0.006073012948036194
v 0.04114701226353645 0.13711470365524292 -0.004469454288482666
v 0.03800053894519806 0.14598733186721802 -0.0017275363206863403
v 0.020666897296905518 0.13674862682819366 0.0031872987747192383
v 0.029776927083730698 0.13090088963508606 0.013236165046691895
v 0.03968202695250511 0.12488303333520889 0.013983666896820068
v 0.03543035313487053 0.12450863420963287 0.018977448344230652
v 0.27308526635169983 0.20965151488780975 -0.09262412041425705
v 0.27556121349334717 0.21669518947601318 -0.09721341729164124
v 0.27317342162132263 0.21993497014045715 -0.09938985109329224
v 0.2761287987232208 0.20954515039920807 -0.08000703155994415
v 0.2759838402271271 0.22188979387283325 -0.0818781852722168
v 0.2777756452560425 0.21779292821884155 -0.08033081889152527
v 0.27438920736312866 0.22463849186897278 -0.09430722892284393
v 0.2788861393928528 0.22854286432266235 -0.0854605957865715
v 0.28268933296203613 0.2311781644821167 -0.0897350013256073
v 0.27836376428604126 0.20798185467720032 -0.08354771137237549
v 0.2775297462940216 0.20897385478019714 -0.08819259703159332
v 0.8108347654342651 0.24470800161361694 -0.18890708684921265
v 0.8175987601280212 0.23383107781410217 -0.23423874378204346
v 0.8352512121200562 0.23502369225025177 -0.22176045179367065
v 0.8008733987808228 0.2458195984363556 -0.1858142614364624
v -0.21446317434310913 -0.01673896610736847 0.12196057289838791
v -0.22531995177268982 -0.0024553053081035614 0.12339586019515991
v -0.21992981433868408 0.0025140196084976196 0.11423911154270172
v -0.23208121955394745 0.021742012351751328 0.04266340285539627
v -0.20281444489955902 0.013267082162201405 0.017480503767728806
v -0.159831702709198 0.013780750334262848 -0.009810073301196098
v -0.148672416806221 0.02557811513543129 -0.0203340295702219
v -0.1446721851825714 0.03983219340443611 -0.02464541606605053
v -0.14628994464874268 0.0672055333852768 -0.043910954147577286
v -0.15298227965831757 0.07684823125600815 -0.046083368360996246
v -0.1730090081691742 0.10111083090305328 -0.051880400627851486
v -0.14227063953876495 0.061034128069877625 -0.043407589197158813
v -0.18189992010593414 0.12687234580516815 -0.04681622236967087
v -0.17565611004829407 0.12652792036533356 -0.03898310661315918
v -0.16417181491851807 0.1187080666422844 -0.04442652687430382
v -0.1628696769475937 0.11203335225582123 -0.054213810712099075
v -0.15488439798355103 0.09893568605184555 -0.0645814761519432
v -0.13564075529575348 0.04428107663989067 -0.032895274460315704
v -0.13889113068580627 0.05419861525297165 -0.04044328257441521
v -0.1564020812511444 0.08188556134700775 -0.06660473346710205
v -0.1544196605682373 0.07700236886739731 -0.06226501986384392
v -0.14500918984413147 0.06793715059757233 -0.06296300143003464
v -0.1256980150938034 0.05668659508228302 -0.06667265295982361
v -0.12307916581630707 0.049455754458904266 -0.06053200364112854
v -0.1167527362704277 0.04133928567171097 -0.05134554207324982
v -0.10764901340007782 0.03319894149899483 -0.03582799434661865
v -0.11110246926546097 0.029194300994277 -0.024825770407915115
v -0.10369385033845901 0.023464905098080635 -0.003823084058240056
v 0.02068200334906578 0.1432236135005951 0.004048973321914673
v 0.02887878194451332 0.1453080177307129 0.007906123995780945
v 0.045649923384189606 0.12786154448986053 0.010051801800727844
v 0.04840066283941269 0.13513977825641632 0.01287318766117096
v 0.027459196746349335 0.1352902352809906 0.018256530165672302
v 0.032213859260082245 0.12681660056114197 0.026139825582504272
v 0.036111872643232346 0.11805082857608795 0.03309139609336853
v 0.04279845952987671 0.11770809441804886 0.022159740328788757
v 0.04237288236618042 0.1257900595664978 0.009983286261558533
v 0.27786561846733093 0.21523348987102509 -0.0935010015964508
v 0.2816639542579651 0.22462382912635803 -0.09861592948436737
v 0.2814300060272217 0.22933800518512726 -0.09855711460113525
v 0.2808718979358673 0.2152525633573532 -0.08187836408615112
v 0.2868303954601288 0.22227546572685242 -0.08367837220430374
v 0.2831607758998871 0.22678682208061218 -0.08268570899963379
v 0.2857207655906677 0.23425091803073883 -0.09462082386016846
v 0.29291823506355286 0.23938877880573273 -0.09093169867992401
v 0.2901086211204529 0.23481404781341553 -0.08665306121110916
v 0.2824597656726837 0.2142014503479004 -0.08528709411621094
v 0.28109684586524963 0.21454134583473206 -0.08919134736061096
v 0.8232801556587219 0.2492440789937973 -0.19964644312858582
v 0.8152679204940796 0.24499937891960144 -0.21112769842147827
v 0.8402236104011536 0.24102777242660522 -0.259888231754303
v 0.8336151242256165 0.25027215480804443 -0.22359853982925415
v -0.22929824888706207 -0.030377261340618134 0.11849592626094818
v -0.22199523448944092 -0.009581487625837326 0.12573575973510742
v -0.24213439226150513 0.005689892917871475 0.08553185313940048
v -0.23020577430725098 0.011464914306998253 0.026693623512983322
v -0.14128395915031433 0.011432388797402382 -0.002483693417161703
v -0.14809319376945496 0.02551279589533806 -0.012066158466041088
v -0.15311935544013977 0.02493005432188511 -0.016240764409303665
v -0.1353672444820404 0.03448925167322159 -0.021198131144046783
v -0.1526423841714859 0.07523089647293091 -0.04957973212003708
v -0.16088657081127167 0.08370207250118256 -0.051866564899683
v -0.16419310867786407 0.08735739439725876 -0.049377456307411194
v -0.1757093369960785 0.10444313287734985 -0.055394843220710754
v -0.18058066070079803 0.11482389271259308 -0.053740039467811584
v -0.18044131994247437 0.1250213384628296 -0.04670737683773041
v -0.18437984585762024 0.13234522938728333 -0.03650490939617157
v -0.17804209887981415 0.1357841193675995 -0.03025970607995987
v -0.17091980576515198 0.12875591218471527 -0.04231579601764679
v -0.17089831829071045 0.1187424287199974 -0.05103011429309845
v -0.17091047763824463 0.10925513505935669 -0.05940194055438042
v -0.1657153218984604 0.09198924154043198 -0.06430648267269135
v -0.13468533754348755 0.05103345215320587 -0.042613934725522995
v -0.13022854924201965 0.04003479331731796 -0.03184980899095535
v -0.16251055896282196 0.08454956859350204 -0.060386937111616135
v -0.14822015166282654 0.0698159784078598 -0.05806344002485275
v -0.15692350268363953 0.0784561038017273 -0.05714001879096031
v -0.1340961754322052 0.05833101272583008 -0.0631965771317482
v -0.10848072171211243 0.03756271302700043 -0.04474637657403946
v -0.12298399955034256 0.04071580618619919 -0.04514657333493233
v -0.12861230969429016 0.049835674464702606 -0.05484185367822647
v -0.11581775546073914 0.03604630380868912 -0.04061049595475197
v -0.12079934775829315 0.03341697156429291 -0.03167251497507095
v -0.11498221009969711 0.019159510731697083 -0.01128445565700531
v 0.028319373726844788 0.14029110968112946 0.016753435134887695
v 0.03800724074244499 0.14113247394561768 0.02364809811115265
v 0.0555889829993248 0.12254940718412399 0.02215375006198883
v 0.057909414172172546 0.12800994515419006 0.027755841612815857
v 0.032436441630125046 0.12977352738380432 0.03307747840881348
v 0.03426681458950043 0.12365695834159851 0.0371980220079422
v 0.04790908470749855 0.1075354665517807 0.03496415913105011
v 0.040909841656684875 0.1110549122095108 0.04724159836769104
v 0.04799831658601761 0.11733980476856232 0.022031575441360474
v 0.2824677526950836 0.222152978181839 -0.09474652260541916
v 0.2899211049079895 0.2380525916814804 -0.09955240786075592
v 0.2867933213710785 0.23315440118312836 -0.10058452188968658
v 0.2873063385486603 0.21955528855323792 -0.08563970774412155
v 0.29337024688720703 0.23103681206703186 -0.08724412322044373
v 0.29506927728652954 0.22718772292137146 -0.08845849335193634
v 0.2956221103668213 0.24201644957065582 -0.09537564218044281
v 0.3042493462562561 0.24699747562408447 -0.09313809871673584
v 0.3048834800720215 0.24155841767787933 -0.09091053903102875
v 0.2877519130706787 0.22109350562095642 -0.08859018981456757
v 0.2853643000125885 0.22037462890148163 -0.09170416742563248
v 0.8368706703186035 0.25732773542404175 -0.22966572642326355
v 0.824188232421875 0.25228574872016907 -0.23467803001403809
v 0.8357992768287659 0.251072496175766 -0.23183727264404297
v 0.8402385115623474 0.24831390380859375 -0.24441903829574585
v -0.23373401165008545 0.004227522760629654 0.11560805141925812
v -0.23292696475982666 -0.00013238564133644104 0.12035924196243286
v -0.24292710423469543 -0.034895990043878555 0.1256559193134308
v -0.23780003190040588 -0.02159518375992775 0.11991149187088013
v -0.24059909582138062 -0.01399637758731842 0.12185874581336975
v -0.239003986120224 -0.00889478251338005 0.12371374666690826
v -0.24021145701408386 -0.006120320409536362 0.06717303395271301
v -0.12815916538238525 0.0209314227104187 -0.007139013148844242
v -0.12626934051513672 0.02970212884247303 -0.020270874723792076
v -0.15733137726783752 0.08000412583351135 -0.053756531327962875
v -0.14496371150016785 0.06560669839382172 -0.04770932346582413
v -0.16938969492912292 0.0928102657198906 -0.054562970995903015
v -0.16404050588607788 0.08565758913755417 -0.05687228962779045
v -0.1766970157623291 0.10420504957437515 -0.059543147683143616
v -0.1787891387939453 0.1157330647110939 -0.05385790765285492
v -0.17832781374454498 0.12484769523143768 -0.04622475802898407
v -0.18496868014335632 0.13171203434467316 -0.04039032384753227
v -0.18533971905708313 0.13975657522678375 -0.026632696390151978
v -0.1722871959209442 0.1436179131269455 -0.02314016968011856
v -0.17053037881851196 0.13562515377998352 -0.030444376170635223
v -0.17424316704273224 0.1265554130077362 -0.043791044503450394
v -0.1764637529850006 0.12122198939323425 -0.050252895802259445
v -0.17075589299201965 0.0938565582036972 -0.05754651874303818
v -0.13996130228042603 0.05841822177171707 -0.04589582979679108
v -0.1272900253534317 0.04376839101314545 -0.0430152490735054
v -0.13286317884922028 0.0508396252989769 -0.04778875410556793
v -0.13998903334140778 0.061732176691293716 -0.05798782780766487
v -0.1507728397846222 0.07245202362537384 -0.05253028869628906
v 0.03118402138352394 0.13510696589946747 0.02859272062778473
v 0.05207409709692001 0.13494203984737396 0.0370250940322876
v 0.06603944301605225 0.12668630480766296 0.04458509385585785
v 0.06709755957126617 0.11702150851488113 0.03484238684177399
v 0.03560209274291992 0.12588822841644287 0.04317544400691986
v 0.03690006583929062 0.11862009763717651 0.04983001947402954
v 0.0579509511590004 0.10917438566684723 0.032904788851737976
v 0.05025816708803177 0.10168077796697617 0.05401363968849182
v 0.05955200642347336 0.0984034538269043 0.04756425321102142
v 0.2873717248439789 0.22946278750896454 -0.09853176772594452
v 0.29405561089515686 0.2429046779870987 -0.10285265743732452
v 0.29987090826034546 0.24667397141456604 -0.10070793330669403
v 0.29517385363578796 0.22380271553993225 -0.08929596841335297
v 0.3048659563064575 0.24790431559085846 -0.09693557024002075
v 0.30642169713974 0.23461271822452545 -0.09231039136648178
v 0.317848801612854 0.25306999683380127 -0.09259496629238129
v 0.32237210869789124 0.24694842100143433 -0.09347441792488098
v 0.29186931252479553 0.22595830261707306 -0.09293884038925171
v 0.28924041986465454 0.22682228684425354 -0.09614779055118561
v 0.8327569365501404 0.25086361169815063 -0.2341831922531128
v 0.837332010269165 0.25152772665023804 -0.24702471494674683
v 0.8357498645782471 0.25113940238952637 -0.23737511038780212
v -0.24281975626945496 -0.0013431422412395477 0.12453256547451019
v -0.2519887089729309 0.005545280873775482 0.12261450290679932
v -0.2562962770462036 -0.03090754523873329 0.1257980614900589
v -0.2706826627254486 -0.04489384591579437 0.1343768984079361
v -0.26184943318367004 -0.02511821687221527 0.12856870889663696
v -0.25653165578842163 -0.014951914548873901 0.12993314862251282
v -0.2510342001914978 -0.003933075815439224 0.09987349063158035
v -0.24867364764213562 -0.015620574355125427 0.08982899785041809
v -0.17708435654640198 0.12624192237854004 -0.04437605291604996
v -0.18423409759998322 0.13105669617652893 -0.042663995176553726
v -0.19105345010757446 0.13766111433506012 -0.03388609737157822
v -0.1846027821302414 0.14744804799556732 -0.019479110836982727
v -0.17107883095741272 0.1566893756389618 -0.013464096933603287
v -0.1692413091659546 0.1497378647327423 -0.021855048835277557
v -0.17667922377586365 0.13775761425495148 -0.03603188693523407
v -0.1408960372209549 0.06039883941411972 -0.05080267786979675
v 0.0373101532459259 0.1323811262845993 0.042259350419044495
v 0.058394938707351685 0.13044103980064392 0.05369405448436737
v 0.07762173563241959 0.11198706924915314 0.05329190194606781
v 0.07444240152835846 0.11900841444730759 0.06293657422065735
v 0.041459836065769196 0.12554742395877838 0.0536477267742157
v 0.04488764703273773 0.1089390218257904 0.0674659013748169
v 0.07231184840202332 0.1008993610739708 0.04820668697357178
v 0.05667831748723984 0.09318458288908005 0.06817877292633057
v 0.06671392917633057 0.09241113811731339 0.061638131737709045
v 0.2927834093570709 0.23875056207180023 -0.10274823009967804
v 0.3116530776023865 0.2529149353504181 -0.10059522092342377
v 0.30770429968833923 0.2533033490180969 -0.10461041331291199
v 0.30732953548431396 0.22984027862548828 -0.09512078762054443
v 0.3126210570335388 0.2505761981010437 -0.09567283093929291
v 0.32420989871025085 0.2385895848274231 -0.0981827825307846
v 0.33327221870422363 0.26189225912094116 -0.09544345736503601
v 0.3373366892337799 0.2518845498561859 -0.09937959909439087
v 0.2985900044441223 0.23209038376808167 -0.10013118386268616
v 0.29352033138275146 0.23348984122276306 -0.10135991871356964
v -0.25944143533706665 -0.007711000740528107 0.1309521496295929
v -0.27189114689826965 -0.0067010074853897095 0.12990069389343262
v -0.266305536031723 -0.003257185220718384 0.1141112744808197
v -0.27586010098457336 -0.035131193697452545 0.12941697239875793
v -0.2827909290790558 -0.05349487438797951 0.13294744491577148
v -0.28053683042526245 -0.020764298737049103 0.1349288374185562
v -0.2783873975276947 -0.02762814238667488 0.12943227589130402
v -0.26359596848487854 -0.016981251537799835 0.08899710327386856
v -0.2673545181751251 -0.010470382869243622 0.10156084597110748
v -0.18199169635772705 0.13255590200424194 -0.040556520223617554
v -0.19295133650302887 0.1503324806690216 -0.029354583472013474
v -0.1878160834312439 0.15422846376895905 -0.011964622884988785
v -0.1764346957206726 0.16189439594745636 -0.005531482398509979
v -0.171905055642128 0.16111969947814941 -0.016688723117113113
v -0.1727687567472458 0.1496484875679016 -0.0304628424346447
v 0.04916800186038017 0.13031232357025146 0.055578216910362244
v 0.06668183207511902 0.12620562314987183 0.0665995180606842
v 0.08274790644645691 0.10965019464492798 0.07195436954498291
v 0.0831717699766159 0.09850460290908813 0.06584347784519196
v 0.04882088676095009 0.12261740118265152 0.06885525584220886
v 0.0536399781703949 0.10180734097957611 0.08291919529438019
v 0.0754345953464508 0.09166094660758972 0.06749333441257477
v 0.06315437704324722 0.09224073588848114 0.09223613142967224
v 0.0728897899389267 0.08530837297439575 0.08027729392051697
v 0.3054598867893219 0.24960818886756897 -0.10863068699836731
v 0.3204444944858551 0.23614561557769775 -0.10194966942071915
v 0.3186814785003662 0.25871601700782776 -0.10594569146633148
v 0.3242458701133728 0.25627294182777405 -0.09919016063213348
v 0.3371163606643677 0.24500076472759247 -0.10259443521499634
v 0.3457408547401428 0.25649499893188477 -0.10476085543632507
v 0.3437437117099762 0.2621768116950989 -0.10365954786539078
v 0.31586429476737976 0.23901355266571045 -0.10916091501712799
v 0.3041156232357025 0.24187208712100983 -0.1083151176571846
v -0.2749198079109192 -0.013269737362861633 0.1355477273464203
v -0.29140710830688477 -0.013600047677755356 0.13081365823745728
v -0.27790918946266174 -0.00714358314871788 0.12154949456453323
v -0.2877894639968872 -0.045260559767484665 0.13254189491271973
v -0.29841673374176025 -0.05723508447408676 0.13054920732975006
v -0.28947219252586365 -0.007462982088327408 0.10285446047782898
v -0.2780955135822296 -0.012670740485191345 0.09118804335594177
v -0.27153974771499634 -0.018545206636190414 0.08246876299381256
v -0.18409797549247742 0.14577573537826538 -0.03660387173295021
v -0.18982626497745514 0.13785558938980103 -0.039186492562294006
v -0.1895158290863037 0.1380046010017395 -0.03847594931721687
v -0.19347360730171204 0.14448285102844238 -0.03654928877949715
v -0.19759559631347656 0.1532617211341858 -0.022468000650405884
v -0.19636082649230957 0.15987834334373474 -0.0018355697393417358
v -0.1822965443134308 0.1615941971540451 0.001462828367948532
v -0.17138737440109253 0.1683838665485382 -0.006674323230981827
v -0.17470836639404297 0.16413527727127075 -0.023279987275600433
v 0.057637427002191544 0.12685143947601318 0.07156433165073395
v 0.07716768980026245 0.11792797595262527 0.07985907793045044
v 0.09015035629272461 0.09288576245307922 0.08209820091724396
v 0.09037318080663681 0.10133758187294006 0.08328887820243835
v 0.05790845304727554 0.11743378639221191 0.08482106029987335
v 0.06336918473243713 0.10399983078241348 0.10195398330688477
v 0.08444243669509888 0.08764272183179855 0.07968661189079285
v 0.07628805935382843 0.08228018134832382 0.10397715866565704
v 0.07149647176265717 0.0928669422864914 0.11394719779491425
v 0.3191264271736145 0.26021090149879456 -0.11165653169155121
v 0.33343443274497986 0.24093765020370483 -0.10589541494846344
v 0.33936649560928345 0.2627628445625305 -0.10572610050439835
v 0.3307607173919678 0.26249197125434875 -0.11100611090660095
v 0.34547293186187744 0.25177210569381714 -0.10577798634767532
v 0.3489755690097809 0.26090207695961 -0.10880134999752045
v 0.35093557834625244 0.25659048557281494 -0.10981427133083344
v 0.32941627502441406 0.24653314054012299 -0.11639108508825302
v 0.32173505425453186 0.2553158700466156 -0.11773157864809036
v -0.29064708948135376 -0.019044850021600723 0.13577081263065338
v -0.30245131254196167 -0.01924416795372963 0.12940765917301178
v -0.296396404504776 -0.008312683552503586 0.12611307203769684
v -0.30174171924591064 -0.04821029305458069 0.13046079874038696
v -0.28779247403144836 -0.037063658237457275 0.12793783843517303
v -0.3153541684150696 -0.05850011110305786 0.12348251044750214
v -0.2887687087059021 -0.030235614627599716 0.13327662646770477
v -0.3054749071598053 0.005609568208456039 0.11079272627830505
v -0.30180761218070984 0.001151207834482193 0.09725421667098999
v -0.31761717796325684 0.008860711008310318 0.0862046331167221
v -0.29161155223846436 -0.005824543535709381 0.08282627165317535
v -0.18314337730407715 0.1594190150499344 -0.033609457314014435
v -0.1927272081375122 0.15381234884262085 -0.03497391566634178
v -0.19891822338104248 0.15556740760803223 -0.03107890486717224
v -0.20111951231956482 0.16342437267303467 -0.013404063880443573
v -0.19353774189949036 0.16619202494621277 0.016638509929180145
v -0.20129412412643433 0.1699579805135727 0.01115824282169342
v -0.17626847326755524 0.17649464309215546 0.0035543926060199738
v -0.17525479197502136 0.17553021013736725 -0.01422199234366417
v 0.06646845489740372 0.12151939421892166 0.08426988124847412
v 0.08738498389720917 0.10983811318874359 0.08939950168132782
v 0.09611296653747559 0.08310222625732422 0.0939728319644928
v 0.09951881319284439 0.09391596913337708 0.09540623426437378
v 0.07183718681335449 0.11256469786167145 0.10363349318504333
v 0.07763904333114624 0.1058163046836853 0.12129481136798859
v 0.08694864809513092 0.07981182634830475 0.09508895874023438
v 0.07937519252300262 0.09365089982748032 0.1311461478471756
v 0.08085056394338608 0.08269788324832916 0.12480965256690979
v 0.3359415829181671 0.26249659061431885 -0.1206299215555191
v 0.3435654640197754 0.2481670379638672 -0.11168716847896576
v 0.3433937132358551 0.26531583070755005 -0.11579051613807678
v 0.34894275665283203 0.26529186964035034 -0.11207959800958633
v 0.3511389493942261 0.25338464975357056 -0.11072923243045807
v 0.3528059422969818 0.2607354521751404 -0.11416037380695343
v 0.3542395234107971 0.2578265070915222 -0.11443738639354706
v 0.3424750566482544 0.24841351807117462 -0.11748485267162323
v 0.34117260575294495 0.25662997364997864 -0.12464501708745956
v -0.2940824627876282 -0.02765330672264099 0.13714231550693512
v -0.30485430359840393 -0.02540229633450508 0.1309194266796112
v -0.3078796863555908 -0.010456603020429611 0.1252785474061966
v -0.31013619899749756 0.010984715074300766 0.1260608732700348
v -0.28283342719078064 -0.006803639233112335 0.11527180671691895
v -0.31595420837402344 -0.045746829360723495 0.12466740608215332
v -0.2961460053920746 -0.04253358021378517 0.13352970778942108
v -0.29686224460601807 -0.035426050424575806 0.13506539165973663
v -0.3316718637943268 -0.04794659465551376 0.12128971517086029
v -0.31873029470443726 0.016988612711429596 0.11452969908714294
v -0.3194839656352997 0.014781121164560318 0.09871681779623032
v -0.33228400349617004 0.022265102714300156 0.08683046698570251
v -0.19505026936531067 0.16613945364952087 -0.028278548270463943
v -0.18574585020542145 0.175837904214859 -0.021282494068145752
v -0.20296184718608856 0.1688835322856903 -0.02034483477473259
v -0.1825677454471588 0.17549967765808105 0.013883557170629501
v -0.20030781626701355 0.17648974061012268 0.029585961252450943
v -0.20391269028186798 0.18047580122947693 0.02397039718925953
v -0.17768454551696777 0.18456409871578217 -0.0018060989677906036
v 0.08156556636095047 0.11388934403657913 0.09688134491443634
v 0.09803237020969391 0.10356667637825012 0.09968432784080505
v 0.10039072483778 0.07404737174510956 0.10635106265544891
v 0.11020304262638092 0.08470217883586884 0.10881972312927246
v 0.0881996601819992 0.11044139415025711 0.11434903740882874
v 0.08633757382631302 0.10119740664958954 0.13933777809143066
v 0.08864407241344452 0.07631586492061615 0.1149275004863739
v 0.09271282702684402 0.07239574939012527 0.13402427732944489
v 0.08682795614004135 0.08624216914176941 0.1471714824438095
v 0.34900522232055664 0.26175597310066223 -0.12396667152643204
v 0.35126370191574097 0.25259435176849365 -0.1134459525346756
v 0.35207101702690125 0.2642527222633362 -0.11898910999298096
v 0.3540121614933014 0.263450562953949 -0.11848375201225281
v 0.35444435477256775 0.2554979622364044 -0.11507830768823624
v 0.3552195429801941 0.2570554316043854 -0.12044680118560791
v 0.35587355494499207 0.2570236921310425 -0.11792081594467163
v 0.35084259510040283 0.2502892315387726 -0.11988023668527603
v 0.34978318214416504 0.25216972827911377 -0.12602007389068604
v -0.3125905990600586 -0.01534949243068695 0.12888598442077637
v -0.3126387894153595 0.0051879435777664185 0.13170132040977478
v -0.3313167095184326 -0.03772690147161484 0.1270928680896759
v -0.30769723653793335 -0.04119597747921944 0.1323920637369156
v -0.35279369354248047 -0.050387874245643616 0.12756264209747314
v -0.33148980140686035 0.030091196298599243 0.10734188556671143
v -0.33324772119522095 0.03134842589497566 0.1196826621890068
v -0.3274941146373749 0.022053811699151993 0.12890806794166565
v -0.33102625608444214 0.026098892092704773 0.09489241987466812
v -0.34400519728660583 0.03490214794874191 0.08067332208156586
v -0.1853531301021576 0.18705879151821136 -0.009339123964309692
v -0.1952388882637024 0.18219617009162903 -0.014283653348684311
v -0.20237332582473755 0.17881585657596588 -0.008780408650636673
v -0.20110058784484863 0.16675950586795807 -0.004406552761793137
v -0.19386263191699982 0.17834849655628204 0.03167144954204559
v -0.1843908131122589 0.1870122253894806 0.01420629397034645
v -0.18164260685443878 0.18635877966880798 0.008897989988327026
v -0.20352965593338013 0.17897532880306244 0.006945900619029999
v -0.20364761352539062 0.18945631384849548 0.01865493878722191
v -0.20616841316223145 0.18718555569648743 0.030329948291182518
v -0.201833575963974 0.18312036991119385 0.03920866549015045
v 0.09494580328464508 0.11029981076717377 0.10847599804401398
v 0.10779699683189392 0.10081969946622849 0.11280277371406555
v 0.11896438896656036 0.08100336790084839 0.1266290247440338
v 0.1111716628074646 0.06857101619243622 0.1210254430770874
v 0.09453385323286057 0.10744771361351013 0.13087663054466248
v 0.09498827159404755 0.09577292203903198 0.1542738825082779
v 0.10196880996227264 0.06785322725772858 0.12314942479133606
v 0.09792280197143555 0.07357759773731232 0.1548713594675064
v 0.10680471360683441 0.06608285754919052 0.14371787011623383
v 0.34890174865722656 0.2582208514213562 -0.12538817524909973
v 0.353089302778244 0.26215553283691406 -0.12349574267864227
v 0.3550446331501007 0.25465768575668335 -0.11872123926877975
v 0.355839341878891 0.2627425789833069 -0.12356965243816376
v 0.35744673013687134 0.2585814893245697 -0.12705470621585846
v 0.3573136031627655 0.25688135623931885 -0.12575525045394897
v 0.3562542796134949 0.254465252161026 -0.1282043159008026
v 0.35687699913978577 0.2520614564418793 -0.13019251823425293
v -0.3078460395336151 -0.033632658421993256 0.13415196537971497
v -0.3180418610572815 -0.02499442547559738 0.13191911578178406
v -0.3232244551181793 0.00015923380851745605 0.13565859198570251
v -0.3330596685409546 0.01827411539852619 0.14266684651374817
v -0.3251688778400421 0.01746578887104988 0.13106626272201538
v -0.3506892919540405 -0.036974892020225525 0.13408052921295166
v -0.3428744077682495 -0.02817326784133911 0.13582369685173035
v -0.322517454624176 -0.03354803845286369 0.12987478077411652
v -0.3680906295776367 -0.047239258885383606 0.13384903967380524
v -0.34173664450645447 0.03751155734062195 0.13107015192508698
v -0.3425920605659485 0.045327335596084595 0.11328459531068802
v -0.34136122465133667 0.042715881019830704 0.10216358304023743
v -0.3370080888271332 0.02786903828382492 0.13709117472171783
v -0.3418176472187042 0.03891614452004433 0.0918673425912857
v -0.35558393597602844 0.052058521658182144 0.07316494733095169
v -0.18667088449001312 0.19258064031600952 0.00587126612663269
v -0.1948474794626236 0.1914789080619812 -0.0006542615592479706
v -0.19949474930763245 0.18837085366249084 0.0063194818794727325
v -0.19908802211284637 0.18335652351379395 0.03975026309490204
v -0.1877632588148117 0.1854361593723297 0.029704099521040916
v -0.18862375617027283 0.1930937021970749 0.013833671808242798
v -0.19878266751766205 0.19560766220092773 0.01636185124516487
v -0.2057618498802185 0.19542080163955688 0.024793989956378937
v -0.21092702448368073 0.19578656554222107 0.037796907126903534
v -0.20601904392242432 0.1900189071893692 0.04535457491874695
v 0.10358480364084244 0.1075977012515068 0.1226983368396759
v 0.11835205554962158 0.09654349088668823 0.1285502016544342
v 0.12408747524023056 0.07172539830207825 0.13708195090293884
v 0.12746518850326538 0.0852561891078949 0.141775444149971
v 0.10171116143465042 0.10186260938644409 0.14964476227760315
v 0.09752319753170013 0.08463756740093231 0.16435079276561737
v 0.11718665063381195 0.0644015446305275 0.1351982057094574
v 0.1225963681936264 0.06131584942340851 0.1511930674314499
v 0.11199529469013214 0.06473595649003983 0.16136620938777924
v 0.3536923825740814 0.2595430910587311 -0.12455189228057861
v 0.356465220451355 0.2605653405189514 -0.1285533308982849
v 0.3556039333343506 0.25732654333114624 -0.1329488456249237
v 0.3567976951599121 0.2552715241909027 -0.13128779828548431
v 0.3570295572280884 0.2537285387516022 -0.13313773274421692
v 0.3594420552253723 0.25093552470207214 -0.14054414629936218
v -0.3307613432407379 -0.009565126150846481 0.1392451971769333
v -0.3409646153450012 0.016258301213383675 0.1516803652048111
v -0.34639284014701843 0.03402923792600632 0.14689260721206665
v -0.36673682928085327 -0.04029851034283638 0.13954532146453857
v -0.35632994771003723 -0.024510130286216736 0.14394068717956543
v -0.33772894740104675 -0.017306342720985413 0.1409340351819992
v -0.3547268807888031 -0.013463042676448822 0.14800985157489777
v -0.38198646903038025 -0.045593518763780594 0.13701236248016357
v -0.35107678174972534 0.04298984631896019 0.13964004814624786
v -0.3445267081260681 0.04578625410795212 0.12319207191467285
v -0.3513385057449341 0.05020938813686371 0.13018427789211273
v -0.3494182527065277 0.056201595813035965 0.1084827333688736
v -0.3508423864841461 0.055911000818014145 0.09765367209911346
v -0.35244303941726685 0.05448984354734421 0.08354732394218445
v -0.3670017123222351 0.06597527861595154 0.06716708093881607
v -0.19509977102279663 0.19384656846523285 0.009531527757644653
v -0.20067062973976135 0.1909007430076599 0.04919840395450592
v -0.19449670612812042 0.1866351068019867 0.040697578340768814
v -0.18689081072807312 0.19424785673618317 0.024939268827438354
v -0.19247686862945557 0.19872377812862396 0.019631944596767426
v -0.201346755027771 0.20350447297096252 0.024678092449903488
v -0.20992259681224823 0.20540295541286469 0.03436402603983879
v -0.21127507090568542 0.20046642422676086 0.053503673523664474
v -0.21352054178714752 0.20728419721126556 0.047355230897665024
v 0.10995008796453476 0.10542748868465424 0.14141936600208282
v 0.1239633560180664 0.09534287452697754 0.1511894315481186
v 0.13391181826591492 0.07452930510044098 0.1523992419242859
v 0.13441473245620728 0.08501405268907547 0.16082413494586945
v 0.10530509799718857 0.09328427910804749 0.16867049038410187
v 0.10623438656330109 0.07441538572311401 0.1739480048418045
v 0.12881314754486084 0.0643080472946167 0.148034006357193
v 0.12704357504844666 0.057466134428977966 0.1657082587480545
v 0.13626882433891296 0.059064023196697235 0.15905752778053284
v 0.3575349748134613 0.2553710341453552 -0.13269054889678955
v 0.35490792989730835 0.25744059681892395 -0.13326019048690796
v 0.36248230934143066 0.2538720667362213 -0.13466981053352356
v 0.3604976236820221 0.256001353263855 -0.13429905474185944
v 0.35538411140441895 0.25448620319366455 -0.1368524581193924
v -0.34019362926483154 0.0036575645208358765 0.14659905433654785
v -0.3511545956134796 0.016829080879688263 0.15963214635849
v -0.34543463587760925 0.031728342175483704 0.15711694955825806
v -0.355090856552124 0.045001424849033356 0.150265634059906
v -0.36706408858299255 -0.02788185328245163 0.14711251854896545
v -0.37788382172584534 -0.04086734727025032 0.1410481333732605
v -0.36976611614227295 -0.013696432113647461 0.15515422821044922
v -0.3663467466831207 -0.0025589726865291595 0.15893404185771942
v -0.3537738621234894 0.0002613440155982971 0.15482452511787415
v -0.395569771528244 -0.042858656495809555 0.1403016448020935
v -0.35946059226989746 0.05647367238998413 0.13586531579494476
v -0.3614988625049591 0.06469570100307465 0.1286439746618271
v -0.3526551127433777 0.05890464037656784 0.11823336780071259
v -0.3593601882457733 0.07144629955291748 0.10649015754461288
v -0.36032217741012573 0.07147981226444244 0.09052348136901855
v -0.3622682988643646 0.06967310607433319 0.07760310173034668
v -0.37768059968948364 0.07608579099178314 0.05796724930405617
v -0.1959311068058014 0.1968223601579666 0.051527250558137894
v -0.205713152885437 0.2007739245891571 0.06128948554396629
v -0.18877361714839935 0.19730442762374878 0.041192542761564255
v -0.1912062168121338 0.20590299367904663 0.032751403748989105
v -0.20369547605514526 0.21329835057258606 0.03681790828704834
v -0.21158942580223083 0.2172892987728119 0.045373350381851196
v -0.2153276801109314 0.22017715871334076 0.057738035917282104
v -0.2154412865638733 0.2102443128824234 0.06312504410743713
v 0.11579973250627518 0.09794758260250092 0.161767840385437
v 0.12849143147468567 0.09186409413814545 0.16982388496398926
v 0.1396452933549881 0.07438461482524872 0.166872039437294
v 0.14060147106647491 0.07937577366828918 0.1771647036075592
v 0.10858766734600067 0.08444496244192123 0.17959848046302795
v 0.11829357594251633 0.061627477407455444 0.17682716250419617
v 0.1412675976753235 0.06526605784893036 0.16430935263633728
v 0.14347970485687256 0.05788043886423111 0.1698770374059677
v 0.14091438055038452 0.053520411252975464 0.16708941757678986
v 0.35745784640312195 0.2569374442100525 -0.13516458868980408
v 0.3623120188713074 0.2510755658149719 -0.13658307492733002
v 0.3633670508861542 0.25340691208839417 -0.13526016473770142
v 0.36416158080101013 0.2490326464176178 -0.13442835211753845
v 0.3592567443847656 0.25042468309402466 -0.14247867465019226
v 0.3602551221847534 0.24823938310146332 -0.14599290490150452
v -0.35922518372535706 0.014615749940276146 0.16503290832042694
v -0.35058119893074036 0.029579441994428635 0.16452756524085999
v -0.3535059094429016 0.043675556778907776 0.16070564091205597
v -0.3635573983192444 0.05642840638756752 0.1473059207201004
v -0.38123372197151184 -0.0195913165807724 0.15711522102355957
v -0.3814680278301239 -0.03270051255822182 0.14898815751075745
v -0.3899262249469757 -0.03769199922680855 0.14554521441459656
v -0.3756328225135803 -0.004428904503583908 0.163967102766037
v -0.3660997748374939 0.009587954729795456 0.16735687851905823
v -0.405734658241272 -0.03992629796266556 0.14156083762645721
v -0.367617666721344 0.06717921048402786 0.13808198273181915
v -0.3714422881603241 0.07826414704322815 0.12971825897693634
v -0.36518847942352295 0.07602828741073608 0.11831454187631607
v -0.3695825934410095 0.08805034309625626 0.09702795743942261
v -0.370574951171875 0.08600497245788574 0.08175811171531677
v -0.3733004033565521 0.08218654990196228 0.07018432021141052
v -0.39052528142929077 0.09572014212608337 0.05423303693532944
v -0.19864052534103394 0.20645321905612946 0.062367308884859085
v -0.1913197934627533 0.20603199303150177 0.048737697303295135
v -0.20798350870609283 0.2092730849981308 0.07008662074804306
v -0.19655759632587433 0.21658919751644135 0.04497707262635231
v -0.20656414330005646 0.22274228930473328 0.04645597189664841
v -0.21404364705085754 0.22971150279045105 0.056186094880104065
v -0.22344154119491577 0.23299996554851532 0.06804832071065903
v -0.2235797494649887 0.2262655794620514 0.0721014067530632
v 0.12038608640432358 0.09033055603504181 0.17895151674747467
v 0.13496963679790497 0.08451378345489502 0.187866672873497
v 0.14479345083236694 0.06872004270553589 0.1788860559463501
v 0.1471520960330963 0.07210645079612732 0.19335606694221497
v 0.11692823469638824 0.07204143702983856 0.1923433542251587
v 0.13202546536922455 0.05041967332363129 0.174234539270401
v 0.14529938995838165 0.06143510341644287 0.17679749429225922
v 0.14464621245861053 0.05105684697628021 0.17625778913497925
v 0.14478909969329834 0.045529067516326904 0.1754939705133438
v 0.3578265309333801 0.25310036540031433 -0.13909082114696503
v 0.361831396818161 0.254578560590744 -0.13649070262908936
v 0.3613235354423523 0.2479337453842163 -0.13702510297298431
v 0.36565661430358887 0.24793803691864014 -0.13485395908355713
v 0.3644893169403076 0.24323627352714539 -0.1351684033870697
v 0.36162829399108887 0.2425764799118042 -0.14790885150432587
v 0.3588433563709259 0.246944397687912 -0.14429718255996704
v -0.35954713821411133 0.027344727888703346 0.17209294438362122
v -0.35556817054748535 0.04099102318286896 0.17032679915428162
v -0.36353006958961487 0.05361573398113251 0.16142116487026215
v -0.3730842173099518 0.06807054579257965 0.14693337678909302
v -0.3888438940048218 -0.022984422743320465 0.15697765350341797
v -0.3820781409740448 -0.00904906541109085 0.16449052095413208
v -0.3949756920337677 -0.028370149433612823 0.15379217267036438
v -0.40414321422576904 -0.03392484411597252 0.14864900708198547
v -0.37581098079681396 0.004512930288910866 0.17023693025112152
v -0.3686923086643219 0.02359541691839695 0.1753477156162262
v -0.4164584279060364 -0.03452832251787186 0.14561007916927338
v -0.3780714273452759 0.07873211055994034 0.1398736834526062
v -0.37472885847091675 0.0887882262468338 0.12092624604701996
v -0.38157346844673157 0.09112334251403809 0.13067123293876648
v -0.37167271971702576 0.08932460844516754 0.11108378320932388
v -0.3788478970527649 0.10160807520151138 0.08623518794775009
v -0.3773498237133026 0.09588479995727539 0.07606282085180283
v -0.38214144110679626 0.09541721642017365 0.06598600000143051
v -0.4034937620162964 0.11131332069635391 0.053189702332019806
v -0.20097994804382324 0.2149050533771515 0.07004670798778534
v -0.19620263576507568 0.2169954776763916 0.05766838788986206
v -0.2185106873512268 0.22003257274627686 0.07890190184116364
v -0.20180967450141907 0.22467248141765594 0.05231085419654846
v -0.2075282484292984 0.23404985666275024 0.058627575635910034
v -0.21740961074829102 0.23988310992717743 0.06533027440309525
v -0.2297915369272232 0.23472575843334198 0.08474916219711304
v -0.22733911871910095 0.2450166493654251 0.0764182060956955
v 0.12361019849777222 0.08120815455913544 0.19420206546783447
v 0.14023207128047943 0.07551448047161102 0.20278461277484894
v 0.14844293892383575 0.059200458228588104 0.1889592409133911
v 0.14873911440372467 0.059120796620845795 0.19825920462608337
v 0.12562763690948486 0.05783127248287201 0.1943710446357727
v 0.14035147428512573 0.04274303466081619 0.18090280890464783
v 0.14585526287555695 0.05449235439300537 0.18171244859695435
v 0.14974620938301086 0.04364961385726929 0.18601258099079132
v 0.14581912755966187 0.04174170643091202 0.18572703003883362
v 0.36123669147491455 0.24854645133018494 -0.1409323513507843
v 0.3631054162979126 0.24918454885482788 -0.13721628487110138
v 0.3631766736507416 0.24167296290397644 -0.13971132040023804
v 0.3685420751571655 0.24399706721305847 -0.138925701379776
v 0.3705054521560669 0.2400175780057907 -0.14356368780136108
v 0.3633294105529785 0.2354910522699356 -0.15005923807621002
v 0.36122140288352966 0.23937076330184937 -0.1477450430393219
v -0.3620120584964752 0.04176754131913185 0.17721158266067505
v -0.36338433623313904 0.052125994116067886 0.1745939552783966
v -0.3744350075721741 0.0648232251405716 0.1594647616147995
v -0.3823023736476898 0.07619752734899521 0.1505623757839203
v -0.39991453289985657 -0.01969315856695175 0.1627172827720642
v -0.38999438285827637 -0.013556476682424545 0.1639615148305893
v -0.3843907117843628 -0.0006246063858270645 0.1707276701927185
v -0.4079522490501404 -0.02394745498895645 0.15796008706092834
v -0.4173482656478882 -0.026545196771621704 0.15367388725280762
v -0.3778024911880493 0.018050827085971832 0.17749610543251038
v -0.3695438802242279 0.03569459542632103 0.1806926131248474
v -0.43102189898490906 -0.026467178016901016 0.14919482171535492
v -0.3922235369682312 0.09334616363048553 0.14222577214241028
v -0.3929137885570526 0.10528937727212906 0.1322402060031891
v -0.3830210864543915 0.10258112847805023 0.11896482110023499
v -0.3796563744544983 0.10334987193346024 0.10112467408180237
v -0.38821807503700256 0.11458583176136017 0.09065958857536316
v -0.385763555765152 0.10867920517921448 0.07748663425445557
v -0.3943803012371063 0.1114434078335762 0.0649392381310463
v -0.4107104241847992 0.11759498715400696 0.05306380242109299
v -0.20362430810928345 0.2252715826034546 0.08234567940235138
v -0.21011602878570557 0.2193235456943512 0.08279900252819061
v -0.2003919631242752 0.22362197935581207 0.0701947957277298
v -0.2195042222738266 0.2283065915107727 0.09245031327009201
v -0.20206941664218903 0.23233672976493835 0.06443712115287781
v -0.20949885249137878 0.24499517679214478 0.06811853498220444
v -0.21992997825145721 0.2515897750854492 0.07458682358264923
v -0.2376142293214798 0.2523558437824249 0.09396688640117645
v -0.23596316576004028 0.2493681162595749 0.10204465687274933
v 0.1289740651845932 0.06897616386413574 0.20971527695655823
v 0.15088504552841187 0.06000737100839615 0.20708495378494263
v 0.1523580402135849 0.049614317715168 0.19865503907203674
v 0.1508512794971466 0.047986291348934174 0.20472636818885803
v 0.13489128649234772 0.04567877948284149 0.19122856855392456
v 0.14369477331638336 0.0385417714715004 0.18847495317459106
v 0.14962583780288696 0.04623378813266754 0.1896289736032486
v 0.1517021656036377 0.03709382563829422 0.19516876339912415
v 0.15386582911014557 0.03814978897571564 0.19903439283370972
v 0.3620564043521881 0.24289058148860931 -0.14405158162117004
v 0.3643161654472351 0.24456468224525452 -0.14085717499256134
v 0.3672140836715698 0.23431062698364258 -0.1461152285337448
v 0.37253743410110474 0.2387412041425705 -0.15058225393295288
v 0.37417492270469666 0.23192493617534637 -0.15955480933189392
v 0.3679967522621155 0.22635382413864136 -0.1650593876838684
v 0.36061760783195496 0.22964443266391754 -0.15828019380569458
v -0.3675410747528076 0.050258804112672806 0.18150626122951508
v -0.3730313777923584 0.06190162152051926 0.17273248732089996
v -0.3870365619659424 0.07491938769817352 0.16262152791023254
v -0.3943740427494049 0.08566264808177948 0.15745508670806885
v -0.3906455338001251 -0.006032006815075874 0.1704135537147522
v -0.3868515193462372 0.010056234896183014 0.17694658041000366
v -0.41716301441192627 -0.020123887807130814 0.15986406803131104
v -0.4261232316493988 -0.020077161490917206 0.15830659866333008
v -0.3791258931159973 0.031303126364946365 0.18384796380996704
v -0.3715498447418213 0.04767848178744316 0.18551278114318848
v -0.44563186168670654 -0.019789766520261765 0.14967982470989227
v -0.40517839789390564 0.10919072479009628 0.1440921127796173
v -0.405998170375824 0.11807059496641159 0.13610824942588806
v -0.39606696367263794 0.11607885360717773 0.12240070849657059
v -0.390267550945282 0.11575407534837723 0.10585019737482071
v -0.39980873465538025 0.12457096576690674 0.09405988454818726
v -0.3996281921863556 0.12175130099058151 0.0764910876750946
v -0.40649619698524475 0.12075729668140411 0.06294089555740356
v -0.2033797651529312 0.23551583290100098 0.08085255324840546
v -0.209772527217865 0.22984422743320465 0.0978398472070694
v -0.20743031799793243 0.2356586754322052 0.09607411921024323
v -0.22360438108444214 0.23885612189769745 0.11028586328029633
v -0.20578233897686005 0.24262011051177979 0.07727336883544922
v -0.21377068758010864 0.2550951838493347 0.0791323259472847
v -0.23295116424560547 0.260355681180954 0.08851520717144012
v -0.23497962951660156 0.2557030916213989 0.12169940769672394
v -0.24353373050689697 0.26195043325424194 0.1130141019821167
v 0.13429994881153107 0.051235049962997437 0.2050768882036209
v 0.14834493398666382 0.04423955827951431 0.20671984553337097
v 0.1551549881696701 0.040739692747592926 0.20954446494579315
v 0.15283749997615814 0.03729616105556488 0.21300920844078064
v 0.14069779217243195 0.03996487706899643 0.19040419161319733
v 0.14760161936283112 0.034877605736255646 0.1926480084657669
v 0.1561795175075531 0.040429532527923584 0.20367008447647095
v 0.16038712859153748 0.03459223359823227 0.21064041554927826
v 0.15674206614494324 0.033085547387599945 0.20566824078559875
v 0.35944047570228577 0.23735351860523224 -0.15168558061122894
v 0.3688572943210602 0.24102963507175446 -0.14998067915439606
v 0.3728265166282654 0.22791747748851776 -0.16362527012825012
v 0.3812941312789917 0.232931450009346 -0.16789406538009644
v 0.3795868158340454 0.22525639832019806 -0.1722806841135025
v 0.3649698495864868 0.2306840419769287 -0.17712433636188507
v 0.3670805096626282 0.22370661795139313 -0.17810124158859253
v -0.3746391534805298 0.05843111500144005 0.18625180423259735
v -0.3816695213317871 0.06919215619564056 0.17098698019981384
v -0.39539119601249695 0.08327433466911316 0.16798105835914612
v -0.4057811200618744 0.09969497472047806 0.15773145854473114
v -0.401064395904541 -0.00802302360534668 0.17099180817604065
v -0.3953119218349457 0.0005611851811408997 0.17520323395729065
v -0.39104264974594116 0.023529481142759323 0.18580520153045654
v -0.42293038964271545 -0.01590656489133835 0.16479133069515228
v -0.4119529724121094 -0.015392232686281204 0.1660468578338623
v -0.43875938653945923 -0.01771121844649315 0.15804104506969452
v -0.3813036382198334 0.04664190486073494 0.19004476070404053
v -0.38036003708839417 0.05685894191265106 0.1924556940793991
v -0.46197474002838135 -0.011675748974084854 0.15082129836082458
v -0.4144924283027649 0.11981960386037827 0.14585843682289124
v -0.4169055223464966 0.1264692097902298 0.13832761347293854
v -0.4091106653213501 0.1255238801240921 0.12594939768314362
v -0.4021310806274414 0.12433290481567383 0.11114001274108887
v -0.41296297311782837 0.13229651749134064 0.10111359506845474
v -0.4133041501045227 0.13117019832134247 0.08456587046384811
v -0.4165686368942261 0.12865276634693146 0.06717897206544876
v -0.2076578587293625 0.24698787927627563 0.09108774363994598
v -0.2125791311264038 0.23852108418941498 0.11513446271419525
v -0.21186673641204834 0.24836361408233643 0.10606271773576736
v -0.21888557076454163 0.24893231689929962 0.1309022307395935
v -0.21064713597297668 0.2528718411922455 0.08279557526111603
v -0.22442933917045593 0.26450297236442566 0.08735471963882446
v -0.2434282898902893 0.2696029841899872 0.10492803156375885
v -0.24718274176120758 0.2713010013103485 0.12867361307144165
v -0.23372304439544678 0.26348716020584106 0.13603073358535767
v 0.14068162441253662 0.04000303894281387 0.19990307092666626
v 0.147883340716362 0.03781268745660782 0.20872953534126282
v 0.15676957368850708 0.0339718759059906 0.21467004716396332
v 0.15317586064338684 0.03327391296625137 0.21354573965072632
v 0.14442895352840424 0.03501866012811661 0.19609679281711578
v 0.1517799347639084 0.03184354305267334 0.2017938792705536
v 0.15959396958351135 0.03576180338859558 0.2141607254743576
v 0.16355563700199127 0.02976299077272415 0.21339228749275208
v 0.1625811606645584 0.032666727900505066 0.21627655625343323
v 0.3708321452140808 0.24087795615196228 -0.17535673081874847
v 0.3770562708377838 0.2412809431552887 -0.17213214933872223
v 0.37870311737060547 0.23712265491485596 -0.16731972992420197
v 0.37475141882896423 0.2201647162437439 -0.17982347309589386
v 0.382425457239151 0.2197251170873642 -0.18647010624408722
v 0.3914656639099121 0.22757990658283234 -0.18269871175289154
v 0.36830657720565796 0.226902037858963 -0.19099141657352448
v 0.3706144094467163 0.23412643373012543 -0.19213855266571045
v -0.382316917181015 0.06791811436414719 0.1831192970275879
v -0.38927462697029114 0.0759241133928299 0.17692843079566956
v -0.40445736050605774 0.09223376214504242 0.16956239938735962
v -0.41966918110847473 0.11449537426233292 0.16033515334129333
v -0.40098658204078674 0.01322854682803154 0.18435563147068024
v -0.3965413570404053 0.04019230231642723 0.19476185739040375
v -0.4322168231010437 -0.015495788305997849 0.16424992680549622
v -0.42157840728759766 -0.010533515363931656 0.17101790010929108
v -0.45367351174354553 -0.01135965809226036 0.16006888449192047
v -0.39567360281944275 0.05589166656136513 0.20125223696231842
v -0.3866581916809082 0.06571656465530396 0.19565434753894806
v -0.4754551649093628 -0.0038443580269813538 0.14985282719135284
v -0.42460447549819946 0.12551948428153992 0.1516474485397339
v -0.427308589220047 0.1299000084400177 0.14536792039871216
v -0.4212394952774048 0.13129687309265137 0.1311960220336914
v -0.4165192246437073 0.13175234198570251 0.116704061627388
v -0.42731860280036926 0.1359301507472992 0.11054389178752899
v -0.4264977276325226 0.13651230931282043 0.09422941505908966
v -0.4300260841846466 0.1356368064880371 0.07704973220825195
v -0.44999366998672485 0.13907968997955322 0.07298414409160614
v -0.21336695551872253 0.2578118145465851 0.09767816960811615
v -0.21588218212127686 0.25166648626327515 0.12179338932037354
v -0.2178455889225006 0.26060885190963745 0.11612997949123383
v -0.22425569593906403 0.2638753354549408 0.14079372584819794
v -0.21669051051139832 0.2624742388725281 0.08940528333187103
v -0.23606307804584503 0.2764891982078552 0.10199389606714249
v -0.2517625093460083 0.27904611825942993 0.12035054713487625
v -0.24403855204582214 0.28145694732666016 0.14701279997825623
v -0.23492006957530975 0.275169312953949 0.14619752764701843
v 0.14576469361782074 0.03477388620376587 0.20514348149299622
v 0.1492481678724289 0.03414710611104965 0.2122776210308075
v 0.1529352366924286 0.03203567862510681 0.2140178382396698
v 0.1570439338684082 0.030900605022907257 0.21809229254722595
v 0.14715978503227234 0.03237707167863846 0.2005978375673294
v 0.1557673215866089 0.028540097177028656 0.21271277964115143
v 0.16057920455932617 0.03241734951734543 0.21860364079475403
v 0.1671852022409439 0.02827029675245285 0.22429391741752625
v 0.16509757936000824 0.03039759397506714 0.22090905904769897
v 0.3799278140068054 0.24069711565971375 -0.19469009339809418
v 0.3844735622406006 0.24262495338916779 -0.18482013046741486
v 0.38736802339553833 0.23849235475063324 -0.1782255470752716
v 0.38435521721839905 0.21647554636001587 -0.19773465394973755
v 0.40321820974349976 0.22773486375808716 -0.19662508368492126
v 0.3937092423439026 0.2197759747505188 -0.19659298658370972
v 0.3731796443462372 0.22172686457633972 -0.19566380977630615
v 0.3772006630897522 0.22742870450019836 -0.20782534778118134
v 0.3818216919898987 0.2345440685749054 -0.20810215175151825
v -0.39320921897888184 0.0763656347990036 0.18917837738990784
v -0.39913734793663025 0.08403049409389496 0.18152858316898346
v -0.4178006052970886 0.10389402508735657 0.17390647530555725
v -0.434026300907135 0.12543292343616486 0.1640283465385437
v -0.4091644883155823 0.0024751145392656326 0.18063846230506897
v -0.40762725472450256 0.02685808204114437 0.19601888954639435
v -0.40958309173583984 0.054740916937589645 0.20388846099376678
v -0.4437543749809265 -0.011042410507798195 0.16806933283805847
v -0.4309101700782776 -0.010140929371118546 0.17164495587348938
v -0.4157101511955261 -0.0060949623584747314 0.17510005831718445
v -0.467254102230072 -0.004416909068822861 0.1596091240644455
v -0.40099042654037476 0.07569525390863419 0.2036145031452179
v -0.4885919988155365 0.0020760539919137955 0.15012161433696747
v -0.43560606241226196 0.13101929426193237 0.15578186511993408
v -0.43212175369262695 0.13406097888946533 0.1385873258113861
v -0.43934231996536255 0.13345718383789062 0.15136876702308655
v -0.4287974238395691 0.13584455847740173 0.12514010071754456
v -0.4410698115825653 0.1403794288635254 0.11992120742797852
v -0.44234007596969604 0.13931511342525482 0.10508875548839569
v -0.44464558362960815 0.1384095549583435 0.08883024752140045
v -0.22008627653121948 0.27134886384010315 0.1062176525592804
v -0.22310727834701538 0.27401113510131836 0.12566326558589935
v -0.22237195074558258 0.26230114698410034 0.13616454601287842
v -0.22886225581169128 0.27548617124557495 0.14737489819526672
v -0.22562259435653687 0.2759692072868347 0.10124653577804565
v -0.24797958135604858 0.2855364680290222 0.11507701873779297
v -0.25475677847862244 0.2880169153213501 0.13944441080093384
v -0.2423633337020874 0.29591503739356995 0.16150346398353577
v -0.23358547687530518 0.2860944867134094 0.15510234236717224
v 0.14854303002357483 0.03066335618495941 0.20613515377044678
v 0.1506785750389099 0.03286273032426834 0.21205928921699524
v 0.16167964041233063 0.03209155052900314 0.22135038673877716
v 0.15936414897441864 0.034417301416397095 0.219569593667984
v 0.15131108462810516 0.027936093509197235 0.2123672366142273
v 0.16392168402671814 0.027423329651355743 0.22478768229484558
v 0.16245423257350922 0.03257104754447937 0.2206018567085266
v 0.17071641981601715 0.028258107602596283 0.23409733176231384
v 0.17011293768882751 0.02978835254907608 0.23090650141239166
v 0.38743120431900024 0.23834174871444702 -0.20763805508613586
v 0.3916724622249603 0.2421213835477829 -0.20102371275424957
v 0.40270131826400757 0.2379739135503769 -0.19248905777931213
v 0.3934357166290283 0.21687135100364685 -0.20501893758773804
v 0.41501325368881226 0.22815895080566406 -0.20614449679851532
v 0.4057496190071106 0.2199086993932724 -0.20895801484584808
v 0.38545843958854675 0.2198706865310669 -0.20904265344142914
v 0.3900160789489746 0.23541034758090973 -0.21421265602111816
v 0.3895178735256195 0.23079566657543182 -0.21821942925453186
v -0.4072204828262329 0.08570925146341324 0.19627445936203003
v -0.4131012558937073 0.09340047836303711 0.18655957281589508
v -0.4329516887664795 0.11444258689880371 0.17665959894657135
v -0.44434529542922974 0.13174253702163696 0.16499002277851105
v -0.418437123298645 0.04396204650402069 0.2065752148628235
v -0.4165990650653839 0.016027655452489853 0.19251669943332672
v -0.4233671724796295 0.05930037423968315 0.21159902215003967
v -0.4091733992099762 0.06477569043636322 0.20991910994052887
v -0.4417290687561035 -0.003638502210378647 0.17778076231479645
v -0.4579068422317505 -0.0034171491861343384 0.1715937852859497
v -0.42808616161346436 -0.003857659175992012 0.17950916290283203
v -0.42254993319511414 0.0051221586763858795 0.18691463768482208
v -0.4806708097457886 0.0008339695632457733 0.1592506766319275
v -0.39667725563049316 0.06352192163467407 0.20470398664474487
v -0.4180259108543396 0.08468092232942581 0.21160241961479187
v -0.41243281960487366 0.07336548715829849 0.2131587266921997
v -0.5046547651290894 0.004351364448666573 0.14654448628425598
v -0.4474133849143982 0.13354481756687164 0.16245394945144653
v -0.45186862349510193 0.1364157646894455 0.15754984319210052
v -0.44392555952072144 0.13618157804012299 0.14683149755001068
v -0.4416576325893402 0.1385529637336731 0.13516560196876526
v -0.4568355083465576 0.14317511022090912 0.11655266582965851
v -0.46370553970336914 0.14260688424110413 0.10123160481452942
v -0.47000589966773987 0.14555126428604126 0.08577805012464523
v -0.22577817738056183 0.28477030992507935 0.11818961799144745
v -0.22731170058250427 0.2878669500350952 0.13349251449108124
v -0.22603988647460938 0.2769802212715149 0.13689962029457092
v -0.2333420217037201 0.2892659902572632 0.15755604207515717
v -0.23597301542758942 0.2887951135635376 0.11393095552921295
v -0.2569553554058075 0.2963300943374634 0.13236381113529205
v -0.24960455298423767 0.297397643327713 0.15705201029777527
v -0.2400716245174408 0.30623874068260193 0.17058178782463074
v -0.23548008501529694 0.29978489875793457 0.16644948720932007
v 0.14776773750782013 0.03006681054830551 0.2120485007762909
v 0.1515657752752304 0.033063456416130066 0.2233257293701172
v 0.1660481095314026 0.03277511149644852 0.22603385150432587
v 0.1645728051662445 0.036333389580249786 0.23058828711509705
v 0.158509761095047 0.027304112911224365 0.2278873175382614
v 0.1654282808303833 0.029223129153251648 0.23840872943401337
v 0.16627858579158783 0.031240753829479218 0.2258881777524948
v 0.17339521646499634 0.0313643142580986 0.2433544397354126
v 0.17472516000270844 0.031042471528053284 0.24003726243972778
v 0.3975902795791626 0.23973801732063293 -0.21351498365402222
v 0.40592238306999207 0.2408832311630249 -0.2091565877199173
v 0.41291749477386475 0.2347591072320938 -0.20634615421295166
v 0.3973705470561981 0.2186625897884369 -0.2166551649570465
v 0.42408308386802673 0.22387667000293732 -0.22128257155418396
v 0.41746240854263306 0.21988001465797424 -0.21979600191116333
v 0.39205753803253174 0.22240912914276123 -0.21972599625587463
v 0.3989056348800659 0.22371047735214233 -0.22894951701164246
v 0.3987400233745575 0.2311307042837143 -0.22772979736328125
v -0.4224191904067993 0.09463465958833694 0.20189064741134644
v -0.42959219217300415 0.1040450856089592 0.19204390048980713
v -0.4475952684879303 0.1263331025838852 0.17632195353507996
v -0.4534476697444916 0.13195276260375977 0.17151066660881042
v -0.43979978561401367 0.05724075809121132 0.21181775629520416
v -0.42616167664527893 0.026724830269813538 0.20081081986427307
v -0.4396088123321533 0.06836380064487457 0.21974730491638184
v -0.4241969585418701 0.07285483926534653 0.2182878851890564
v -0.45185941457748413 0.00430699996650219 0.18415355682373047
v -0.4363262355327606 0.0059302207082509995 0.18786242604255676
v -0.47280052304267883 -0.0005313809961080551 0.1674197018146515
v -0.4306271970272064 0.016134224832057953 0.19548830389976501
v -0.501351535320282 0.010059401392936707 0.15987904369831085
v -0.4292921721935272 0.0808551013469696 0.22044391930103302
v -0.433126837015152 0.09164056926965714 0.2158864587545395
v -0.5182270407676697 0.008012576028704643 0.15259729325771332
v -0.45979055762290955 0.13574238121509552 0.16787216067314148
v -0.4558611810207367 0.14007866382598877 0.14838603138923645
v -0.46716728806495667 0.1412874460220337 0.16038565337657928
v -0.4567375183105469 0.14346426725387573 0.13255949318408966
v -0.4737606644630432 0.14889107644557953 0.11452856659889221
v -0.48315712809562683 0.15044139325618744 0.10454587638378143
v -0.4949757158756256 0.1538737714290619 0.09453238546848297
v -0.23491604626178741 0.2982731759548187 0.12885795533657074
v -0.23031949996948242 0.2898942232131958 0.15315234661102295
v -0.23384402692317963 0.3020191192626953 0.1446322202682495
v -0.23618069291114807 0.29968035221099854 0.16573673486709595
v -0.24899724125862122 0.30131006240844727 0.12915010750293732
v -0.2566336691379547 0.30021414160728455 0.15238162875175476
v -0.24299407005310059 0.30534660816192627 0.16898494958877563
v -0.23948734998703003 0.31059297919273376 0.17534103989601135
v -0.23867590725421906 0.30974143743515015 0.1743680238723755
v 0.15144196152687073 0.027953803539276123 0.22856241464614868
v 0.15442392230033875 0.03492666780948639 0.23489215970039368
v 0.16680873930454254 0.03918509930372238 0.23714300990104675
v 0.1631077378988266 0.03717932105064392 0.23641648888587952
v 0.16192762553691864 0.029957279562950134 0.2432398796081543
v 0.17229610681533813 0.038771793246269226 0.24366214871406555
v 0.17068111896514893 0.03290235251188278 0.23551777005195618
v 0.1788339614868164 0.03953380137681961 0.247109055519104
v 0.17757892608642578 0.03729879856109619 0.24833036959171295
v 0.41302216053009033 0.23941156268119812 -0.22503729164600372
v 0.4201919436454773 0.23716287314891815 -0.22101183235645294
v 0.4245312213897705 0.2283238172531128 -0.21965964138507843
v 0.4088941812515259 0.2178003340959549 -0.22525979578495026
v 0.4344329535961151 0.22389541566371918 -0.23354071378707886
v 0.4286823570728302 0.21821314096450806 -0.23432935774326324
v 0.40287744998931885 0.2199310064315796 -0.22924327850341797
v 0.40885329246520996 0.22244608402252197 -0.24252000451087952
v 0.41293609142303467 0.2315620630979538 -0.2408348023891449
v -0.43570438027381897 0.09846598654985428 0.2078474462032318
v -0.44693058729171753 0.11438240855932236 0.19275423884391785
v -0.4600951075553894 0.12979446351528168 0.18108752369880676
v -0.46733561158180237 0.13306710124015808 0.17859362065792084
v -0.43959933519363403 0.040650807321071625 0.20880363881587982
v -0.4516844153404236 0.0651705414056778 0.21956782042980194
v -0.44204461574554443 0.07882501929998398 0.22507016360759735
v -0.4536176919937134 0.07366282492876053 0.2257942408323288
v -0.46899324655532837 0.005017781630158424 0.17677950859069824
v -0.46621567010879517 0.015487982891499996 0.18981939554214478
v -0.4470074474811554 0.01393191423267126 0.19403113424777985
v -0.48463815450668335 0.005331037566065788 0.1697130650281906
v -0.4414062798023224 0.02660871110856533 0.20201647281646729
v -0.5189334154129028 0.0171281099319458 0.16763494908809662
v -0.4497468173503876 0.08643393963575363 0.22840926051139832
v -0.4487210512161255 0.09716516733169556 0.2199968546628952
v -0.5325911045074463 0.011361370794475079 0.1572648286819458
v -0.47925183176994324 0.1406926065683365 0.17377379536628723
v -0.4847750663757324 0.14682187139987946 0.16406995058059692
v -0.47496312856674194 0.1477244794368744 0.14887410402297974
v -0.4739266633987427 0.15018659830093384 0.13014821708202362
v -0.491070955991745 0.15750032663345337 0.12202361971139908
v -0.49804750084877014 0.15751352906227112 0.10907385498285294
v -0.510004460811615 0.16124270856380463 0.10424161702394485
v -0.24028463661670685 0.305942177772522 0.1403796225786209
v -0.2359563559293747 0.30499863624572754 0.16276997327804565
v -0.23725859820842743 0.3082878589630127 0.15672457218170166
v -0.23899158835411072 0.31183815002441406 0.1735929548740387
v -0.2550310492515564 0.30452656745910645 0.1445133090019226
v -0.24637949466705322 0.3048132658004761 0.1659409999847412
v -0.238871768116951 0.3099605441093445 0.17435649037361145
v -0.24138307571411133 0.31970739364624023 0.1820153445005417
v -0.2410050332546234 0.32010841369628906 0.18474099040031433
v 0.1557229906320572 0.03058744966983795 0.24037450551986694
v 0.15813487768173218 0.037372343242168427 0.24120402336120605
v 0.17355497181415558 0.03719719499349594 0.2434113472700119
v 0.17079374194145203 0.040541358292102814 0.24252066016197205
v 0.1724226027727127 0.04892952740192413 0.25178080797195435
v 0.1664733588695526 0.04140984266996384 0.2595876157283783
v 0.1758144050836563 0.04533717408776283 0.24984927475452423
v 0.1797879934310913 0.040594205260276794 0.2495705932378769
v 0.17083846032619476 0.03955303877592087 0.24850071966648102
v 0.4236832559108734 0.23783108592033386 -0.23780010640621185
v 0.43030139803886414 0.2378232777118683 -0.23334702849388123
v 0.4341754913330078 0.2314217984676361 -0.23198053240776062
v 0.41965845227241516 0.21638289093971252 -0.23734775185585022
v 0.44194677472114563 0.21501822769641876 -0.2504497766494751
v 0.44614097476005554 0.2232801467180252 -0.24639815092086792
v 0.41303128004074097 0.2179129719734192 -0.2384578287601471
v 0.42156338691711426 0.22445866465568542 -0.2590138614177704
v 0.4263904094696045 0.2345423400402069 -0.25300222635269165
v -0.4492965340614319 0.10476692020893097 0.20956319570541382
v -0.46328869462013245 0.12301318347454071 0.1933291256427765
v -0.4724741578102112 0.12766839563846588 0.19066186249256134
v -0.4841124415397644 0.1324707269668579 0.18944641947746277
v -0.45901352167129517 0.05508530139923096 0.21425536274909973
v -0.4648459851741791 0.06545724719762802 0.22305728495121002
v -0.4694119393825531 0.07471166551113129 0.23098701238632202
v -0.458147794008255 0.0786745622754097 0.23012280464172363
v -0.48571833968162537 0.016931649297475815 0.18128669261932373
v -0.48488524556159973 0.026850905269384384 0.19256676733493805
v -0.46080249547958374 0.02543732523918152 0.19925902783870697
v -0.5059500336647034 0.018393907696008682 0.17593146860599518
v -0.45995354652404785 0.04243386164307594 0.20675332844257355
v -0.5367701649665833 0.019587762653827667 0.16784100234508514
v -0.4631825089454651 0.10128761827945709 0.22306647896766663
v -0.5489506125450134 0.01274143997579813 0.15680238604545593
v -0.49521610140800476 0.14621956646442413 0.17466238141059875
v -0.4985850751399994 0.15468090772628784 0.1567889153957367
v -0.5009061098098755 0.15021157264709473 0.17037275433540344
v -0.49319878220558167 0.1563045233488083 0.1391696035861969
v -0.5111262798309326 0.16321982443332672 0.11854945123195648
v -0.5122624039649963 0.16350655257701874 0.13265562057495117
v -0.5259761214256287 0.16737550497055054 0.11237943172454834
v -0.24093401432037354 0.3090395927429199 0.1552591472864151
v -0.238454207777977 0.30951744318008423 0.17230693995952606
v -0.2374212145805359 0.3085992932319641 0.17177855968475342
v -0.2442430555820465 0.32399845123291016 0.18617890775203705
v -0.2470400333404541 0.3068322539329529 0.1614285707473755
v -0.23831744492053986 0.30929887294769287 0.17624254524707794
v -0.23847469687461853 0.31653717160224915 0.18217132985591888
v -0.24807880818843842 0.33385637402534485 0.1969250738620758
v -0.2467820942401886 0.3296128809452057 0.19221791625022888
v 0.16241952776908875 0.037755437195301056 0.24820025265216827
v 0.16675448417663574 0.04603110998868942 0.25799360871315
v 0.1741534322500229 0.04309144616127014 0.24769432842731476
v 0.1831812560558319 0.0470728874206543 0.25374406576156616
v 0.18663449585437775 0.050606004893779755 0.26239046454429626
v 0.1741701066493988 0.0484025776386261 0.2618125379085541
v 0.1764090210199356 0.04702719300985336 0.2601494789123535
v 0.18081040680408478 0.04541643708944321 0.2564373016357422
v 0.43911242485046387 0.2384406179189682 -0.25015348196029663
v 0.4459076523780823 0.2337333709001541 -0.24683122336864471
v 0.43315187096595764 0.21352100372314453 -0.2508884370326996
v 0.45875027775764465 0.22521570324897766 -0.26013821363449097
v 0.45242413878440857 0.2120594084262848 -0.2624514400959015
v 0.4243118464946747 0.21502746641635895 -0.2568386197090149
v 0.4339675009250641 0.2290770709514618 -0.27335378527641296
v 0.4390811324119568 0.23532140254974365 -0.2665601372718811
v -0.46452805399894714 0.11608906835317612 0.206764355301857
v -0.4767765700817108 0.12402862310409546 0.19909235835075378
v -0.4871266782283783 0.12654553353786469 0.19987404346466064
v -0.5012726187705994 0.1407875418663025 0.1877429038286209
v -0.47611740231513977 0.060897208750247955 0.219415083527565
v -0.48045629262924194 0.06885837018489838 0.22838228940963745
v -0.48423847556114197 0.07368147373199463 0.23605415225028992
v -0.4741017818450928 0.08060584217309952 0.2365216314792633
v -0.4818441569805145 0.03807305544614792 0.20269854366779327
v -0.4991704821586609 0.0246199369430542 0.1875706911087036
v -0.5271333456039429 0.022933807224035263 0.1781959980726242
v -0.4771480858325958 0.050166055560112 0.21191687881946564
v -0.5515682697296143 0.020953090861439705 0.16814783215522766
v -0.4672948718070984 0.09161259979009628 0.23346483707427979
v -0.4717150032520294 0.10693643987178802 0.22127756476402283
v -0.5670326352119446 0.01791595108807087 0.16177481412887573
v -0.5098779201507568 0.1484632045030594 0.1810608208179474
v -0.5201260447502136 0.1560567170381546 0.17357783019542694
v -0.5217486023902893 0.16161715984344482 0.16000382602214813
v -0.5143986940383911 0.16209156811237335 0.14766427874565125
v -0.5301538705825806 0.1685665100812912 0.1424407958984375
v -0.5353655219078064 0.17162591218948364 0.12903814017772675
v -0.5428861975669861 0.17243853211402893 0.11271180212497711
v -0.2374669909477234 0.3113206923007965 0.17362865805625916
v -0.2412114292383194 0.3171307146549225 0.17906725406646729
v -0.24145138263702393 0.318134069442749 0.1769680231809616
v -0.25084060430526733 0.33271050453186035 0.195582315325737
v -0.24066346883773804 0.3104802370071411 0.1729329526424408
v -0.23861834406852722 0.31578174233436584 0.1830342411994934
v -0.2433263063430786 0.3237632215023041 0.19035640358924866
v -0.2542462944984436 0.3431931138038635 0.20322780311107635
v -0.257339745759964 0.3487992584705353 0.20773589611053467
v 0.16053500771522522 0.04447876662015915 0.2609482407569885
v 0.1866115778684616 0.06029416248202324 0.27297815680503845
v 0.17426607012748718 0.05945273116230965 0.27525389194488525
v 0.18987980484962463 0.051288701593875885 0.26484227180480957
v 0.1807062029838562 0.050141654908657074 0.2701227068901062
v 0.44845691323280334 0.23739729821681976 -0.26284927129745483
v 0.4556552469730377 0.23682929575443268 -0.2633594572544098
v 0.44011297821998596 0.2083154022693634 -0.2694045603275299
v 0.470437616109848 0.22950631380081177 -0.2785048484802246
v 0.4683246910572052 0.21416626870632172 -0.2793264389038086
v 0.43306779861450195 0.2165738344192505 -0.27953994274139404
v 0.4408338963985443 0.22105476260185242 -0.292657732963562
v 0.443853497505188 0.231717050075531 -0.28558552265167236
v -0.477888822555542 0.11962876468896866 0.20704680681228638
v -0.4874120354652405 0.12201880663633347 0.2069438099861145
v -0.5010522603988647 0.13106274604797363 0.20079723000526428
v -0.5181587338447571 0.14564789831638336 0.1915052831172943
v -0.4930517077445984 0.06353295594453812 0.22410564124584198
v -0.4968964159488678 0.07157579809427261 0.23421478271484375
v -0.5027934908866882 0.07924368977546692 0.24386955797672272
v -0.48976051807403564 0.08905335515737534 0.24142470955848694
v -0.5044890642166138 0.03226763755083084 0.19883884489536285
v -0.4974365532398224 0.04540950432419777 0.2109770029783249
v -0.5160886645317078 0.02701106294989586 0.1887846142053604
v -0.547843873500824 0.02682391181588173 0.1792280673980713
v -0.49160224199295044 0.05358210206031799 0.2177451103925705
v -0.5653054118156433 0.02466972917318344 0.17350265383720398
v -0.479471355676651 0.10035390406847 0.23234176635742188
v -0.48332515358924866 0.11298228055238724 0.21919026970863342
v -0.5845688581466675 0.025979142636060715 0.16840620338916779
v -0.5290529131889343 0.15231440961360931 0.18778613209724426
v -0.5417677760124207 0.15901057422161102 0.1836279034614563
v -0.5381137728691101 0.16372303664684296 0.1699594408273697
v -0.5359862446784973 0.16779594123363495 0.1550617516040802
v -0.555146336555481 0.1756981760263443 0.14770153164863586
v -0.5618568658828735 0.17889808118343353 0.12973132729530334
v -0.23982569575309753 0.316691130399704 0.17840081453323364
v -0.2497158646583557 0.3284623622894287 0.18440087139606476
v -0.24722664058208466 0.33209818601608276 0.19120332598686218
v -0.2575334906578064 0.34894895553588867 0.20325887203216553
v -0.23816391825675964 0.31560465693473816 0.1785626858472824
v -0.24208879470825195 0.3199235796928406 0.1866523027420044
v -0.25492438673973083 0.33807650208473206 0.20131675899028778
v -0.266071081161499 0.35519570112228394 0.21289411187171936
v -0.2646762430667877 0.3603449761867523 0.2142968475818634
v 0.1746315062046051 0.053840480744838715 0.2788323760032654
v 0.18823891878128052 0.06791353225708008 0.28101593255996704
v 0.18384742736816406 0.07239861786365509 0.2906857430934906
v 0.18878820538520813 0.05828692764043808 0.27799347043037415
v 0.18484778702259064 0.054183829575777054 0.27998626232147217
v 0.4526956081390381 0.23771882057189941 -0.27975988388061523
v 0.46502685546875 0.23639488220214844 -0.2825388014316559
v 0.4471781253814697 0.2017068862915039 -0.2893051505088806
v 0.4806845784187317 0.2231220304965973 -0.29675474762916565
v 0.47569555044174194 0.2132411003112793 -0.29845255613327026
v 0.4427957236766815 0.21030806005001068 -0.2980768084526062
v 0.44841766357421875 0.21469277143478394 -0.30835795402526855
v 0.4495067000389099 0.22408372163772583 -0.3036152124404907
v -0.4996054768562317 0.1239200085401535 0.20971661806106567
v -0.5189627408981323 0.13831855356693268 0.20173799991607666
v -0.5352929830551147 0.14633497595787048 0.200230211019516
v -0.5114771723747253 0.06663525104522705 0.22962749004364014
v -0.5185356140136719 0.07248448580503464 0.2395254373550415
v -0.5143502950668335 0.08770067244768143 0.24677766859531403
v -0.502115786075592 0.09649507701396942 0.24131566286087036
v -0.5228289365768433 0.045330047607421875 0.21190176904201508
v -0.5244368314743042 0.03321869671344757 0.19860988855361938
v -0.5367243885993958 0.029770588502287865 0.1899121105670929
v -0.5639048218727112 0.03064919449388981 0.1826924979686737
v -0.5087751746177673 0.05257335677742958 0.22062449157238007
v -0.5805069208145142 0.03223119676113129 0.18021860718727112
v -0.49068862199783325 0.10579678416252136 0.23046106100082397
v -0.4935652017593384 0.1175885796546936 0.21604418754577637
v -0.598180890083313 0.03592139855027199 0.17583167552947998
v -0.548377513885498 0.154579296708107 0.19565120339393616
v -0.5613643527030945 0.16147145628929138 0.19097912311553955
v -0.5547239780426025 0.16425257921218872 0.18039768934249878
v -0.556871235370636 0.1705142706632614 0.16806863248348236
v -0.5825181007385254 0.18335393071174622 0.14900678396224976
v -0.5905463099479675 0.1852523535490036 0.13686437904834747
v -0.24467763304710388 0.32249701023101807 0.18272271752357483
v -0.2593827545642853 0.3505987823009491 0.19887907803058624
v -0.2562766671180725 0.34367942810058594 0.1908767819404602
v -0.2654297947883606 0.36521482467651367 0.20872817933559418
v -0.24285560846328735 0.31987738609313965 0.18337440490722656
v -0.25355035066604614 0.3277580440044403 0.194125235080719
v -0.2645047903060913 0.34850937128067017 0.2075388878583908
v -0.2732606530189514 0.3764018714427948 0.22072649002075195
v -0.2711120545864105 0.36481788754463196 0.21857158839702606
v 0.18332403898239136 0.06689667701721191 0.29156923294067383
v 0.18980129063129425 0.07597451657056808 0.29003196954727173
v 0.19586023688316345 0.0824003517627716 0.30148711800575256
v 0.18980899453163147 0.06618829071521759 0.27994754910469055
v 0.19231551885604858 0.06382167339324951 0.2861219346523285
v 0.18780721724033356 0.06182133033871651 0.29174426198005676
v 0.4536327123641968 0.23250187933444977 -0.29679057002067566
v 0.4641190469264984 0.2354753166437149 -0.29816731810569763
v 0.47512292861938477 0.2327372282743454 -0.29586872458457947
v 0.46305349469184875 0.2037760615348816 -0.3013060986995697
v 0.48165619373321533 0.22124648094177246 -0.30769699811935425
v 0.4811522960662842 0.21432910859584808 -0.3091719150543213
v 0.45277106761932373 0.2027924656867981 -0.3086305856704712
v 0.45837610960006714 0.21152542531490326 -0.31886619329452515
v 0.45577317476272583 0.21857407689094543 -0.315463125705719
v -0.5109837055206299 0.12043509632349014 0.21921272575855255
v -0.5160998702049255 0.12921157479286194 0.21102650463581085
v -0.5378773212432861 0.13610060513019562 0.21317507326602936
v -0.5545535683631897 0.14660443365573883 0.20861563086509705
v -0.5293033719062805 0.06758496910333633 0.2337123602628708
v -0.5267647504806519 0.0803118422627449 0.24686430394649506
v -0.5265787243843079 0.09641861170530319 0.24525633454322815
v -0.5128974914550781 0.10532163828611374 0.2363322228193283
v -0.5462855696678162 0.03987627848982811 0.20516809821128845
v -0.5434631705284119 0.04952710121870041 0.21568605303764343
v -0.5566055774688721 0.0336662158370018 0.1913016438484192
v -0.5746673345565796 0.037131596356630325 0.19078099727630615
v -0.5309779644012451 0.057522647082805634 0.2259802520275116
v -0.5900583863258362 0.03929844871163368 0.18748217821121216
v -0.5042749047279358 0.11328667402267456 0.22601792216300964
v -0.6156472563743591 0.044052742421627045 0.1766684204339981
v -0.5687198042869568 0.15558886528015137 0.20336976647377014
v -0.5826965570449829 0.16461782157421112 0.19649609923362732
v -0.5726993083953857 0.17003273963928223 0.1819554567337036
v -0.5800508856773376 0.1788356453180313 0.16658100485801697
v -0.2536180317401886 0.33430302143096924 0.18235868215560913
v -0.26544031500816345 0.363426148891449 0.19746068120002747
v -0.264516144990921 0.3572154641151428 0.1838032603263855
v -0.2723112106323242 0.3776298761367798 0.20897415280342102
v -0.25455373525619507 0.3262935280799866 0.18455490469932556
v -0.26881977915763855 0.34200990200042725 0.19994080066680908
v -0.27386605739593506 0.35475969314575195 0.21272122859954834
v -0.27742063999176025 0.36733853816986084 0.2194613218307495
v -0.27833181619644165 0.37599146366119385 0.21963004767894745
v 0.19278323650360107 0.07986084371805191 0.2991480827331543
v 0.19772088527679443 0.08634264767169952 0.3019147515296936
v 0.2011956423521042 0.0831684023141861 0.3050812780857086
v 0.1938176453113556 0.07442846149206161 0.2881222367286682
v 0.19460856914520264 0.07217267155647278 0.2939130961894989
v 0.1932503581047058 0.07429203391075134 0.29622983932495117
v 0.4594704508781433 0.22750136256217957 -0.3131535053253174
v 0.48120594024658203 0.22727316617965698 -0.3089364171028137
v 0.47216105461120605 0.23166871070861816 -0.3114818036556244
v 0.4727565348148346 0.20678390562534332 -0.3105098307132721
v 0.48264575004577637 0.2173091620206833 -0.3184359669685364
v 0.48044121265411377 0.21257629990577698 -0.32089513540267944
v 0.46531298756599426 0.20345935225486755 -0.31817007064819336
v 0.46790021657943726 0.2090218961238861 -0.3253942131996155
v 0.46460556983947754 0.21781238913536072 -0.3273184895515442
v -0.5273469686508179 0.11593037098646164 0.2277841717004776
v -0.5307665467262268 0.12488532066345215 0.2205033302307129
v -0.5600812435150146 0.1393430233001709 0.21846860647201538
v -0.5717762112617493 0.1470324695110321 0.2142827957868576
v -0.5373363494873047 0.07261866331100464 0.24070189893245697
v -0.536910355091095 0.08803407847881317 0.24775056540966034
v -0.5351285934448242 0.10716520249843597 0.23733647167682648
v -0.5200077891349792 0.11006325483322144 0.2322317212820053
v -0.5630821585655212 0.050207093358039856 0.2133176177740097
v -0.5544776916503906 0.058344945311546326 0.2238820493221283
v -0.5689952373504639 0.04284109175205231 0.20160812139511108
v -0.587338924407959 0.04576260969042778 0.19706930220127106
v -0.5458847284317017 0.06636255234479904 0.23291203379631042
v -0.6059894561767578 0.048735786229372025 0.19054841995239258
v -0.6283720135688782 0.05874212086200714 0.1872575730085373
v -0.5883692502975464 0.15631648898124695 0.20889833569526672
v -0.6033892631530762 0.16492709517478943 0.2018253058195114
v -0.6001362800598145 0.1776340752840042 0.18385648727416992
v -0.6039985418319702 0.18525373935699463 0.164851576089859
v -0.601208508014679 0.18726664781570435 0.1490824818611145
v -0.6078056693077087 0.18876655399799347 0.14209263026714325
v -0.2711430788040161 0.34574031829833984 0.17578589916229248
v -0.27507221698760986 0.3779926896095276 0.19753602147102356
v -0.2787373661994934 0.3713209331035614 0.19086220860481262
v -0.2799956202507019 0.38716739416122437 0.21201778948307037
v -0.2667939066886902 0.3338334560394287 0.1881873458623886
v -0.27690616250038147 0.3511471152305603 0.20304781198501587
v -0.2759094834327698 0.35853785276412964 0.21368122100830078
v -0.27805477380752563 0.36613714694976807 0.2199374884366989
v -0.27796825766563416 0.37850505113601685 0.21778981387615204
v 0.19195182621479034 0.07512181252241135 0.29803597927093506
v 0.19891515374183655 0.08623506128787994 0.3029782176017761
v 0.19874140620231628 0.08236116170883179 0.29962462186813354
v 0.19849637150764465 0.08302949368953705 0.3026244044303894
v 0.19540147483348846 0.08477893471717834 0.3004339039325714
v 0.19810818135738373 0.08261430263519287 0.2984113395214081
v 0.1955895870923996 0.08260669559240341 0.29799866676330566
v 0.4671856760978699 0.2247832864522934 -0.32224225997924805
v 0.4783242642879486 0.2252906858921051 -0.32466548681259155
v 0.48195502161979675 0.22243474423885345 -0.3176282048225403
v 0.4744945168495178 0.20756229758262634 -0.3187779188156128
v 0.4718415141105652 0.20716777443885803 -0.3223721981048584
v 0.47380542755126953 0.21222001314163208 -0.3286890983581543
v 0.47096800804138184 0.21651944518089294 -0.3291472792625427
v -0.5418634414672852 0.12218710780143738 0.22632798552513123
v -0.57548987865448 0.1407729536294937 0.22165223956108093
v -0.5876027345657349 0.14580482244491577 0.21957802772521973
v -0.5480998158454895 0.0819174200296402 0.24639159440994263
v -0.5497590899467468 0.09865371882915497 0.24566364288330078
v -0.5460501313209534 0.11745575070381165 0.23098726570606232
v -0.5751940011978149 0.06139335036277771 0.22007228434085846
v -0.566422700881958 0.06864026188850403 0.23001337051391602
v -0.5829273462295532 0.0530489943921566 0.2082929015159607
v -0.6010531187057495 0.057003334164619446 0.20356589555740356
v -0.5564501881599426 0.0750591829419136 0.23923853039741516
v -0.6170637011528015 0.06098553538322449 0.19965407252311707
v -0.650238037109375 0.08041809499263763 0.1896369755268097
v -0.6038323044776917 0.15636046230793 0.21104313433170319
v -0.6226708889007568 0.17464786767959595 0.19420084357261658
v -0.6211015582084656 0.18348750472068787 0.17854484915733337
v -0.6202471852302551 0.18849246203899384 0.1644953489303589
v -0.6153010725975037 0.1899753361940384 0.15229782462120056
v -0.6152951717376709 0.19075331091880798 0.14253079891204834
v -0.6211937069892883 0.19095061719417572 0.14563238620758057
v -0.2786223590373993 0.3565693199634552 0.18545272946357727
v -0.28241315484046936 0.38201457262039185 0.20205488801002502
v -0.2828477621078491 0.3772304058074951 0.2013961225748062
v -0.27962425351142883 0.3858919143676758 0.21390336751937866
v -0.27934959530830383 0.3499106466770172 0.18965797126293182
v -0.2786005139350891 0.35512202978134155 0.2086363136768341
v -0.27959129214286804 0.35917985439300537 0.21806947886943817
v -0.28034037351608276 0.36113908886909485 0.2249290645122528
v -0.27802690863609314 0.36918580532073975 0.22585085034370422
v 0.19578126072883606 0.08218462765216827 0.29831022024154663
v 0.2008499801158905 0.0850701779127121 0.3023849129676819
v 0.19761532545089722 0.08906254917383194 0.3015286922454834
v 0.19582100212574005 0.08916445076465607 0.29418349266052246
v 0.19763092696666718 0.08647491037845612 0.2977016568183899
v 0.19922524690628052 0.08857539296150208 0.29982760548591614
v 0.19780991971492767 0.08813978731632233 0.29939132928848267
v 0.4707457423210144 0.21867290139198303 -0.3281380534172058
v 0.47877347469329834 0.223582461476326 -0.33017200231552124
v 0.48206692934036255 0.22102925181388855 -0.32732895016670227
v 0.4761579632759094 0.21048937737941742 -0.3256502151489258
v 0.48197048902511597 0.21531078219413757 -0.3292328119277954
v 0.4756998121738434 0.2140224575996399 -0.33002519607543945
v 0.47393208742141724 0.21624721586704254 -0.3311954736709595
v -0.5543578863143921 0.1263863742351532 0.22723522782325745
v -0.5490719079971313 0.13045857846736908 0.22261404991149902
v -0.5687777996063232 0.13345272839069366 0.22657330334186554
v -0.5853089690208435 0.13747049868106842 0.22687259316444397
v -0.5984451770782471 0.1505979746580124 0.21630150079727173
v -0.5595989227294922 0.09280726313591003 0.24673950672149658
v -0.5588814616203308 0.11062756180763245 0.23859578371047974
v -0.5876202583312988 0.07106850296258926 0.22431546449661255
v -0.5782537460327148 0.08246049284934998 0.2360629439353943
v -0.5948835611343384 0.06441248953342438 0.21466995775699615
v -0.6130472421646118 0.06847146153450012 0.21061119437217712
v -0.5654187798500061 0.08550980687141418 0.24350027740001678
v -0.6319393515586853 0.07436001300811768 0.203921377658844
v -0.6643912196159363 0.10012751072645187 0.19528475403785706
v -0.6164237260818481 0.15959817171096802 0.20894384384155273
v -0.6411914825439453 0.18090923130512238 0.18662074208259583
v -0.6313345432281494 0.18710362911224365 0.17228111624717712
v -0.6289300918579102 0.1912851631641388 0.1569206714630127
v -0.2838641405105591 0.3649290204048157 0.19611015915870667
v -0.28487730026245117 0.3813610076904297 0.2087872326374054
v -0.2821124196052551 0.3878471255302429 0.21040090918540955
v -0.27981269359588623 0.38393843173980713 0.21917624771595
v -0.2838421165943146 0.3572152256965637 0.20100811123847961
v -0.28040626645088196 0.35824763774871826 0.21563071012496948
v -0.28505125641822815 0.36294400691986084 0.2217520773410797
v -0.2783065438270569 0.3667178750038147 0.23178032040596008
v -0.28045767545700073 0.3642967939376831 0.23443636298179626
v 0.1993461698293686 0.08784092962741852 0.3017768859863281
v 0.19981981813907623 0.08763962984085083 0.3048636317253113
v 0.1957544982433319 0.08922422677278519 0.2959350645542145
v 0.1981939673423767 0.09600527584552765 0.29170358180999756
v 0.19457314908504486 0.09051590412855148 0.29450762271881104
v 0.19971086084842682 0.0927380919456482 0.2982155978679657
v 0.19595815241336823 0.08727596700191498 0.29560261964797974
v 0.4732509255409241 0.22015419602394104 -0.32646769285202026
v 0.48323771357536316 0.22487929463386536 -0.33782094717025757
v 0.479633092880249 0.223140150308609 -0.3368930220603943
v 0.4823749363422394 0.21977972984313965 -0.3347214460372925
v 0.4791889786720276 0.21411915123462677 -0.3314850330352783
v 0.47693198919296265 0.21648290753364563 -0.335063636302948
v 0.4767386317253113 0.21770545840263367 -0.33531513810157776
v -0.5667767524719238 0.12379400432109833 0.2328193485736847
v -0.5826002359390259 0.12887564301490784 0.23337531089782715
v -0.6011695861816406 0.14327910542488098 0.22342094779014587
v -0.5759618878364563 0.10444676131010056 0.2451576292514801
v -0.5978885889053345 0.08306316286325455 0.23150768876075745
v -0.5939830541610718 0.0937407910823822 0.2394028753042221
v -0.606187641620636 0.07620248198509216 0.22183585166931152
v -0.6274937987327576 0.08466438204050064 0.21877282857894897
v -0.5786292552947998 0.09488239139318466 0.24391689896583557
v -0.6475568413734436 0.09281878918409348 0.20975863933563232
v -0.6804671883583069 0.11611764878034592 0.1946466565132141
v -0.6389519572257996 0.16452637314796448 0.20387443900108337
v -0.6575489640235901 0.1828944981098175 0.1819823980331421
v -0.6449798941612244 0.18858468532562256 0.16878856718540192
v -0.2867305278778076 0.37280312180519104 0.20787450671195984
v -0.2836744487285614 0.3890816569328308 0.21605536341667175
v -0.2888823449611664 0.3865244388580322 0.21727854013442993
v -0.28062671422958374 0.37371158599853516 0.22936947643756866
v -0.2847084105014801 0.36165422201156616 0.21243798732757568
v -0.2848019003868103 0.3626639246940613 0.21872493624687195
v -0.29167234897613525 0.3637758493423462 0.23069414496421814
v -0.28226980566978455 0.365985244512558 0.24503326416015625
v -0.2848851680755615 0.3694433569908142 0.24240118265151978
v 0.19915089011192322 0.08895666897296906 0.30110442638397217
v 0.19312389194965363 0.09078949689865112 0.3011675477027893
v 0.2022598385810852 0.09656086564064026 0.291420578956604
v 0.20476782321929932 0.10566217452287674 0.29341965913772583
v 0.1925641894340515 0.10215543210506439 0.29698753356933594
v 0.20280121266841888 0.09222408384084702 0.29759106040000916
v 0.20081566274166107 0.09080194681882858 0.3000199794769287
v 0.4778452217578888 0.22185839712619781 -0.3351842761039734
v 0.48302125930786133 0.22022026777267456 -0.33949699997901917
v 0.48693764209747314 0.220940500497818 -0.3464301824569702
v 0.4838549494743347 0.22280214726924896 -0.34335607290267944
v 0.48009738326072693 0.21654970943927765 -0.33581534028053284
v 0.4800052046775818 0.21601954102516174 -0.3428201973438263
v 0.4802270233631134 0.22007834911346436 -0.3431124687194824
v -0.5799480676651001 0.11770263314247131 0.23978444933891296
v -0.5974081754684448 0.13325633108615875 0.23162925243377686
v -0.610020101070404 0.15163137018680573 0.2162327617406845
v -0.6155263185501099 0.14681777358055115 0.22069895267486572
v -0.5941736102104187 0.10282011330127716 0.24414792656898499
v -0.609954297542572 0.09410867094993591 0.23648571968078613
v -0.6041144728660583 0.1018543466925621 0.2421807050704956
v -0.6149444580078125 0.08668553829193115 0.22905555367469788
v -0.6394628882408142 0.09516657888889313 0.21990394592285156
v -0.6652356386184692 0.11000765115022659 0.2098056972026825
v -0.6855625510215759 0.13517381250858307 0.19356778264045715
v -0.6250175833702087 0.15313467383384705 0.21421240270137787
v -0.6394959688186646 0.15316708385944366 0.21318072080612183
v -0.657364010810852 0.17303869128227234 0.1941666603088379
v -0.6657355427742004 0.18728849291801453 0.1727863848209381
v -0.6747837066650391 0.18112877011299133 0.18514694273471832
v -0.684147834777832 0.16918820142745972 0.18274742364883423
v -0.28731289505958557 0.37454909086227417 0.21999752521514893
v -0.29309242963790894 0.3878743052482605 0.22618767619132996
v -0.2825438976287842 0.38636523485183716 0.2247561663389206
v -0.28262072801589966 0.37978243827819824 0.23527047038078308
v -0.286813348531723 0.36696577072143555 0.2209469974040985
v -0.28934407234191895 0.3704051971435547 0.23214620351791382
v -0.28992748260498047 0.3743269741535187 0.24091583490371704
v -0.28702178597450256 0.37211722135543823 0.2562430202960968
v -0.28358879685401917 0.36857789754867554 0.2541799545288086
v 0.19589249789714813 0.0903121680021286 0.30140215158462524
v 0.19491802155971527 0.09739228338003159 0.30748695135116577
v 0.21297642588615417 0.10691298544406891 0.3003762364387512
v 0.2078714519739151 0.12042835354804993 0.30353307723999023
v 0.19930961728096008 0.11611650884151459 0.30647802352905273
v 0.21180732548236847 0.09925025701522827 0.30211150646209717
v 0.20743915438652039 0.09287386387586594 0.30204564332962036
v 0.48232755064964294 0.2228308767080307 -0.34346336126327515
v 0.4849398136138916 0.21947430074214935 -0.34477704763412476
v 0.4873400330543518 0.22302256524562836 -0.3501133620738983
v 0.49145835638046265 0.22026802599430084 -0.35470056533813477
v 0.48169225454330444 0.2174614816904068 -0.3437623381614685
v 0.48250311613082886 0.21634727716445923 -0.35102343559265137
v 0.483981728553772 0.2218787670135498 -0.3517181873321533
v -0.5953414440155029 0.11310762166976929 0.2441251575946808
v -0.6129026412963867 0.13851897418498993 0.2278083860874176
v -0.6291820406913757 0.1447867453098297 0.2219763696193695
v -0.6194595098495483 0.10596314072608948 0.23915299773216248
v -0.6099348664283752 0.11075598746538162 0.2430090606212616
v -0.6297527551651001 0.09740451723337173 0.23022496700286865
v -0.6482134461402893 0.10490074753761292 0.22232411801815033
v -0.676689624786377 0.1300153136253357 0.20802101492881775
v -0.6840022802352905 0.15317347645759583 0.18812835216522217
v -0.6585848927497864 0.1551463007926941 0.20512525737285614
v -0.6518118381500244 0.139770969748497 0.22015191614627838
v -0.6741701364517212 0.16542023420333862 0.19280467927455902
v -0.29386645555496216 0.3799186050891876 0.23193025588989258
v -0.2881893217563629 0.3942825198173523 0.2328091263771057
v -0.293925404548645 0.3962881565093994 0.2363004982471466
v -0.2806577682495117 0.3868769109249115 0.2375682294368744
v -0.28964564204216003 0.37458911538124084 0.22906440496444702
v -0.29380130767822266 0.3746035099029541 0.24397239089012146
v -0.29493212699890137 0.37816300988197327 0.2515690326690674
v -0.28675922751426697 0.37958985567092896 0.25617918372154236
v -0.2790578603744507 0.3828989267349243 0.24805223941802979
v 0.20372802019119263 0.09502743184566498 0.30792859196662903
v 0.19825425744056702 0.11026260256767273 0.31231045722961426
v 0.21550658345222473 0.11742241680622101 0.3048768937587738
v 0.21250294148921967 0.13733279705047607 0.31560784578323364
v 0.2047417163848877 0.13478562235832214 0.3196287155151367
v 0.22001536190509796 0.11173506081104279 0.31096816062927246
v 0.21468576788902283 0.10246016830205917 0.30969443917274475
v 0.48686856031417847 0.22329553961753845 -0.3517591953277588
v 0.49122488498687744 0.21375752985477448 -0.35305553674697876
v 0.49119746685028076 0.22171953320503235 -0.35924404859542847
v 0.4979878067970276 0.2170948088169098 -0.3630974292755127
v 0.48626524209976196 0.21101295948028564 -0.3495563566684723
v 0.4868112802505493 0.2080087512731552 -0.36348211765289307
v 0.48642703890800476 0.21571381390094757 -0.36379942297935486
v -0.593604564666748 0.12339019775390625 0.23810750246047974
v -0.6304280161857605 0.13338957726955414 0.23037636280059814
v -0.6110032200813293 0.1245942935347557 0.2380048632621765
v -0.6280791759490967 0.11783519387245178 0.23692817986011505
v -0.6402410268783569 0.11182986199855804 0.23114992678165436
v -0.6608877778053284 0.12261244654655457 0.22199779748916626
v -0.6756752729415894 0.14567962288856506 0.2005869448184967
v -0.6677179932594299 0.13980898261070251 0.21206027269363403
v -0.6453943252563477 0.12436459958553314 0.22952595353126526
v -0.29753825068473816 0.3901369571685791 0.2369716763496399
v -0.2922714352607727 0.3995034694671631 0.2424345314502716
v -0.29802966117858887 0.39760544896125793 0.24202805757522583
v -0.28396326303482056 0.3928966522216797 0.2486599236726761
v -0.29767462611198425 0.38301315903663635 0.24282792210578918
v -0.29788362979888916 0.383389949798584 0.24837620556354523
v -0.2909923791885376 0.3853756785392761 0.25567740201950073
v -0.2866303622722626 0.38392964005470276 0.25672146677970886
v -0.2856816053390503 0.3895915746688843 0.2568197548389435
v 0.20653344690799713 0.107622429728508 0.31730222702026367
v 0.20290787518024445 0.12489330768585205 0.31828904151916504
v 0.21849575638771057 0.13158412277698517 0.3122926950454712
v 0.21173033118247986 0.14408865571022034 0.32764798402786255
v 0.21354499459266663 0.1469610631465912 0.3240737318992615
v 0.22544607520103455 0.12707550823688507 0.3162553310394287
v 0.224209725856781 0.12213019281625748 0.3243412971496582
v 0.4897306561470032 0.22167053818702698 -0.36185911297798157
v 0.49843138456344604 0.20484276115894318 -0.3623273968696594
v 0.5009145736694336 0.21771855652332306 -0.3761870861053467
v 0.5071485042572021 0.2097976952791214 -0.37590956687927246
v 0.4915478229522705 0.20244036614894867 -0.36503124237060547
v 0.4920535087585449 0.19908316433429718 -0.3799259066581726
v 0.488916277885437 0.20672211050987244 -0.3764399290084839
v -0.2995189130306244 0.39894840121269226 0.24635213613510132
v -0.29297375679016113 0.39620471000671387 0.24888229370117188
v -0.300589919090271 0.3985292315483093 0.24624979496002197
v -0.2814352810382843 0.39046040177345276 0.2560460865497589
v -0.2985992431640625 0.390932559967041 0.2503286600112915
v -0.300384521484375 0.38888731598854065 0.2580576241016388
v -0.29137280583381653 0.38843315839767456 0.260238915681839
v -0.2861523926258087 0.38999810814857483 0.26020359992980957
v -0.28467676043510437 0.3917606472969055 0.26024287939071655
v 0.21111789345741272 0.12306976318359375 0.32796311378479004
v 0.2104518711566925 0.1383569836616516 0.3306604027748108
v 0.21910496056079865 0.1475662738084793 0.3203873634338379
v 0.2130868136882782 0.14955668151378632 0.3355330228805542
v 0.21439401805400848 0.15330269932746887 0.3322957158088684
v 0.2285984456539154 0.14501294493675232 0.32103389501571655
v 0.23231562972068787 0.13949619233608246 0.32530421018600464
v 0.49266529083251953 0.21327482163906097 -0.37983086705207825
v 0.5073075294494629 0.199132040143013 -0.37968185544013977
v 0.5117473006248474 0.20736026763916016 -0.3957955837249756
v 0.5145261883735657 0.19917792081832886 -0.39559200406074524
v 0.5008053183555603 0.1947985589504242 -0.37910181283950806
v 0.5021849274635315 0.1912979781627655 -0.39668509364128113
v 0.49559301137924194 0.1999415159225464 -0.39552831649780273
v -0.30176350474357605 0.3972770571708679 0.2466476559638977
v -0.29248568415641785 0.39352357387542725 0.24673528969287872
v -0.28874340653419495 0.39155492186546326 0.25482404232025146
v -0.2928430140018463 0.38935357332229614 0.2584455907344818
v -0.2979466915130615 0.3958970606327057 0.2534753680229187
v -0.2953414022922516 0.39592844247817993 0.2590092718601227
v -0.2895769476890564 0.3915204107761383 0.25992730259895325
v -0.29269322752952576 0.39917922019958496 0.26174867153167725
v -0.28925180435180664 0.3928094208240509 0.26033854484558105
v 0.22000782191753387 0.13821715116500854 0.33443817496299744
v 0.22792015969753265 0.13792505860328674 0.33291685581207275
v 0.21575964987277985 0.14997711777687073 0.336566686630249
v 0.21907007694244385 0.15762466192245483 0.32775187492370605
v 0.2200801521539688 0.16447240114212036 0.336534321308136
v 0.21558235585689545 0.15999074280261993 0.3409885764122009
v 0.2281310111284256 0.1581069976091385 0.3257257044315338
v 0.2377910315990448 0.15540173649787903 0.3297838270664215
v 0.5035113096237183 0.20957306027412415 -0.39693236351013184
v 0.5109477639198303 0.19214454293251038 -0.39475464820861816
v 0.5199748277664185 0.19143256545066833 -0.4124017357826233
v 0.5195353031158447 0.19940289855003357 -0.4132739305496216
v 0.5083150863647461 0.20049458742141724 -0.4172006845474243
v 0.5070698857307434 0.19060027599334717 -0.4154589772224426
v -0.2983477711677551 0.3960654139518738 0.24904775619506836
v -0.28389859199523926 0.3886367678642273 0.25550925731658936
v -0.2872406244277954 0.39082252979278564 0.24921807646751404
v -0.29969626665115356 0.39580827951431274 0.25749698281288147
v -0.2991533875465393 0.38852477073669434 0.25759220123291016
v -0.28982651233673096 0.39013463258743286 0.26178956031799316
v -0.29145681858062744 0.3901490271091461 0.26295119524002075
v -0.29615306854248047 0.3955256938934326 0.26043811440467834
v -0.295816034078598 0.3938358426094055 0.2587074041366577
v 0.22347140312194824 0.150213360786438 0.33893346786499023
v 0.2297915518283844 0.15087589621543884 0.3373856842517853
v 0.22168520092964172 0.15932542085647583 0.34271949529647827
v 0.22804608941078186 0.16819490492343903 0.33284658193588257
v 0.2288142591714859 0.17349934577941895 0.33972281217575073
v 0.22166498005390167 0.1714329570531845 0.3447359800338745
v 0.2380615621805191 0.16503070294857025 0.33608031272888184
v 0.23994594812393188 0.16364257037639618 0.3373202085494995
v 0.517127275466919 0.20362836122512817 -0.4139885902404785
v 0.5150794386863708 0.1873188614845276 -0.41233670711517334
v 0.5258309841156006 0.19368192553520203 -0.42743390798568726
v 0.5260709524154663 0.18660593032836914 -0.4275003969669342
v 0.5215376615524292 0.19929081201553345 -0.42919665575027466
v 0.5152544975280762 0.1913335621356964 -0.4335683584213257
v -0.2914908528327942 0.38786569237709045 0.25732797384262085
v -0.297713965177536 0.3925431966781616 0.2519674301147461
v -0.2905846834182739 0.3888922333717346 0.25079065561294556
v -0.2960037291049957 0.39763790369033813 0.25563204288482666
v -0.29112115502357483 0.39025580883026123 0.2632598876953125
v -0.29131150245666504 0.39294368028640747 0.26203495264053345
v -0.29161298274993896 0.39269769191741943 0.26320719718933105
v -0.29338693618774414 0.3952060043811798 0.2597794532775879
v -0.2965906262397766 0.40130600333213806 0.25900399684906006
v 0.23056578636169434 0.16012966632843018 0.3438297510147095
v 0.2359074056148529 0.16338321566581726 0.3427719473838806
v 0.22217980027198792 0.17007090151309967 0.3459494411945343
v 0.23808573186397552 0.17664937674999237 0.34112560749053955
v 0.2372230887413025 0.18112120032310486 0.34614819288253784
v 0.22813600301742554 0.17855429649353027 0.3456231355667114
v 0.24108509719371796 0.17223447561264038 0.34202253818511963
v 0.2400975227355957 0.17127582430839539 0.3451322913169861
v 0.5268638134002686 0.19936949014663696 -0.422451913356781
v 0.5200604796409607 0.18497902154922485 -0.4305937886238098
v 0.5330944657325745 0.18856540322303772 -0.4421130120754242
v 0.5307896137237549 0.18365973234176636 -0.44381552934646606
v 0.5268924236297607 0.18737676739692688 -0.4463363289833069
v 0.5286111831665039 0.19352063536643982 -0.4435427188873291
v -0.2873571813106537 0.3857147991657257 0.25574344396591187
v -0.3000311553478241 0.39348840713500977 0.2485400140285492
v -0.29100921750068665 0.3854699730873108 0.25271058082580566
v -0.29777780175209045 0.395763099193573 0.25531941652297974
v -0.2873421311378479 0.3913533687591553 0.26111096143722534
v -0.2896060347557068 0.3934086263179779 0.2622756063938141
v -0.2935441732406616 0.39321982860565186 0.2608086168766022
v -0.29609215259552 0.397109717130661 0.25561589002609253
v -0.2964231073856354 0.400821328163147 0.2587747871875763
v 0.23718786239624023 0.1702468991279602 0.3494880199432373
v 0.22884157299995422 0.1693379282951355 0.34817662835121155
v 0.22358153760433197 0.1765221357345581 0.3484370708465576
v 0.2251809984445572 0.17711646854877472 0.34941452741622925
v 0.24178239703178406 0.18200451135635376 0.3486892580986023
v 0.24119170010089874 0.1869874894618988 0.3511619567871094
v 0.2343081831932068 0.187425434589386 0.34953945875167847
v 0.2433660477399826 0.18182113766670227 0.3494090735912323
v 0.23960188031196594 0.17727622389793396 0.35332852602005005
v 0.5270247459411621 0.1959342062473297 -0.43586257100105286
v 0.5270761251449585 0.1842033863067627 -0.4455955922603607
v 0.5342827439308167 0.18505817651748657 -0.45341598987579346
v 0.5335463285446167 0.184306800365448 -0.45274031162261963
v 0.532982349395752 0.18466255068778992 -0.45255619287490845
v 0.5334488153457642 0.18698841333389282 -0.4524604082107544
v -0.2871122360229492 0.38050976395606995 0.2576247751712799
v -0.29313546419143677 0.3867986798286438 0.2518967390060425
v -0.28603971004486084 0.3839190900325775 0.25568991899490356
v -0.29460904002189636 0.3992558717727661 0.2586941719055176
v -0.2832883596420288 0.3874068856239319 0.2602013349533081
v -0.29423707723617554 0.3895706534385681 0.25670284032821655
v -0.2975134551525116 0.39667361974716187 0.2580941617488861
v -0.2959827482700348 0.4039362370967865 0.26003211736679077
v 0.2305331975221634 0.17576856911182404 0.35279232263565063
v 0.23434649407863617 0.17607437074184418 0.3543946146965027
v 0.2276080697774887 0.1860731542110443 0.351024866104126
v 0.22618404030799866 0.18480315804481506 0.3524287939071655
v 0.24600696563720703 0.18709629774093628 0.3542408347129822
v 0.24654677510261536 0.19249407947063446 0.35643336176872253
v 0.2395002394914627 0.19338536262512207 0.3519552946090698
v 0.24586455523967743 0.18692171573638916 0.35890525579452515
v 0.2408425360918045 0.1852705478668213 0.3610057830810547
v 0.53596031665802 0.18766072392463684 -0.45400792360305786
v 0.5338101387023926 0.18343386054039001 -0.45253974199295044
v 0.5391820073127747 0.18186867237091064 -0.4611022174358368
v 0.5395056009292603 0.18473055958747864 -0.46052923798561096
v 0.5370525121688843 0.18185412883758545 -0.4592377543449402
v 0.5377600193023682 0.18434536457061768 -0.463374525308609
v -0.2768715023994446 0.385367214679718 0.25587064027786255
v -0.28210175037384033 0.392520010471344 0.26196104288101196
v -0.28824347257614136 0.3903728723526001 0.25714626908302307
v -0.2877984642982483 0.40013831853866577 0.2619864046573639
v -0.2870323657989502 0.3873789608478546 0.25035005807876587
v -0.29858487844467163 0.405444860458374 0.25137120485305786
v -0.2950279116630554 0.4113675355911255 0.25882232189178467
v 0.22868821024894714 0.18340742588043213 0.35537534952163696
v 0.23435911536216736 0.1848112940788269 0.3581561744213104
v 0.22591741383075714 0.19347119331359863 0.3544357120990753
v 0.23199068009853363 0.19343283772468567 0.3517122268676758
v 0.24934783577919006 0.193820983171463 0.3615935146808624
v 0.24769558012485504 0.20146867632865906 0.3570215106010437
v 0.2401009351015091 0.2018483728170395 0.35245460271835327
v 0.24667887389659882 0.19225859642028809 0.365059494972229
v 0.24258610606193542 0.19165529310703278 0.3651319146156311
v 0.5381836891174316 0.18645170331001282 -0.4624617099761963
v 0.5377975702285767 0.18147942423820496 -0.4605131149291992
v 0.5421110391616821 0.18951699137687683 -0.4717913568019867
v 0.5514537692070007 0.18300798535346985 -0.47271618247032166
v 0.5426945090293884 0.1840590536594391 -0.47890806198120117
v 0.5419952869415283 0.17979475855827332 -0.46905970573425293
v -0.27630990743637085 0.4065626859664917 0.26404255628585815
v -0.290024995803833 0.4095720052719116 0.2632787525653839
v -0.2977182865142822 0.41575220227241516 0.24942681193351746
v -0.29809656739234924 0.41719287633895874 0.2546534836292267
v 0.2312515377998352 0.1924637407064438 0.3599976897239685
v 0.23845148086547852 0.19152012467384338 0.36371880769729614
v 0.23209543526172638 0.20292265713214874 0.35235193371772766
v 0.2290022224187851 0.20638993382453918 0.3573010265827179
v 0.2527867257595062 0.20055824518203735 0.3641201853752136
v 0.2482389360666275 0.2112223505973816 0.3560444712638855
v 0.24108855426311493 0.21489140391349792 0.3532665967941284
v 0.25076019763946533 0.20033878087997437 0.36740559339523315
v 0.2458479404449463 0.19929036498069763 0.36971038579940796
v 0.5402454733848572 0.19048675894737244 -0.47551098465919495
v 0.5450271368026733 0.17968618869781494 -0.4692497253417969
v 0.5526723861694336 0.18841585516929626 -0.482496052980423
v 0.551609992980957 0.18015849590301514 -0.4857160449028015
v -0.2914124131202698 0.4058629274368286 0.24702194333076477
v -0.27818337082862854 0.40082496404647827 0.24887272715568542
v -0.284077912569046 0.4146713614463806 0.25663450360298157
v -0.29142364859580994 0.41869351267814636 0.2612760066986084
v -0.2982393801212311 0.4236157536506653 0.2498149573802948
v -0.29555127024650574 0.4205112159252167 0.2480824589729309
v 0.2361726015806198 0.2007434368133545 0.3664515018463135
v 0.2293814867734909 0.20343196392059326 0.3618345260620117
v 0.23286889493465424 0.2203715294599533 0.3613032102584839
v 0.23483197391033173 0.21856141090393066 0.3560883700847626
v 0.2548688054084778 0.21188344061374664 0.36342936754226685
v 0.24305154383182526 0.23353369534015656 0.35893553495407104
v 0.25440916419029236 0.2291814237833023 0.36144179105758667
v 0.25585854053497314 0.21140927076339722 0.37320011854171753
v 0.24701757729053497 0.21077853441238403 0.3760887682437897
v 0.5495021939277649 0.19467568397521973 -0.4867473840713501
v 0.5606359243392944 0.19291606545448303 -0.5031757354736328
v 0.5566858649253845 0.19108396768569946 -0.5091570615768433
v 0.5467813611030579 0.18843325972557068 -0.49244827032089233
v -0.2889905273914337 0.42067551612854004 0.2474180907011032
v -0.2940014898777008 0.4207873046398163 0.24825739860534668
v -0.28928112983703613 0.4278537631034851 0.250982403755188
v -0.2978038191795349 0.42589807510375977 0.2527041733264923
v -0.29690760374069214 0.42900368571281433 0.24670560657978058
v -0.2973349690437317 0.4326881468296051 0.24659223854541779
v 0.23142652213573456 0.21675296127796173 0.3660944998264313
v 0.2357291877269745 0.21318084001541138 0.3714261054992676
v 0.2378424108028412 0.23405995965003967 0.36287933588027954
v 0.2357678860425949 0.2330234944820404 0.3690485656261444
v 0.26372164487838745 0.2292117476463318 0.3754950165748596
v 0.25297069549560547 0.2490370124578476 0.36538758873939514
v 0.26804494857788086 0.2478712797164917 0.37339210510253906
v 0.2581947445869446 0.22834911942481995 0.3845301866531372
v 0.24580511450767517 0.2247869074344635 0.38152676820755005
v 0.5475081205368042 0.19420188665390015 -0.49131810665130615
v 0.5684901475906372 0.20660877227783203 -0.5226699709892273
v 0.5652560591697693 0.20116841793060303 -0.523910403251648
v 0.5523121356964111 0.1940000057220459 -0.5041529536247253
v -0.2952861189842224 0.42920058965682983 0.24602411687374115
v -0.29616034030914307 0.42859119176864624 0.2451377511024475
v -0.29597532749176025 0.4307869076728821 0.2453923523426056
v -0.2960885763168335 0.4303807020187378 0.24587948620319366
v -0.29801225662231445 0.4364994168281555 0.23951216042041779
v -0.3012393116950989 0.4414658546447754 0.2402769923210144
v 0.23862579464912415 0.22805535793304443 0.3772096037864685
v 0.24431385099887848 0.25107625126838684 0.36606451869010925
v 0.24089376628398895 0.24961479008197784 0.3716795742511749
v 0.2688444256782532 0.24645018577575684 0.3887179493904114
v 0.2648630142211914 0.26609304547309875 0.37635406851768494
v 0.27391719818115234 0.26184073090553284 0.38593989610671997
v 0.2616700530052185 0.24552494287490845 0.39259910583496094
v 0.24964703619480133 0.24026599526405334 0.38893699645996094
v 0.553867757320404 0.19537723064422607 -0.5004175305366516
v 0.5600597262382507 0.21280544996261597 -0.5275694131851196
v 0.5666831731796265 0.2235375940799713 -0.5441573858261108
v 0.5710124373435974 0.2175614833831787 -0.5499067306518555
v 0.5603460073471069 0.2001057267189026 -0.5250746011734009
v 0.5553344488143921 0.19947555661201477 -0.519582986831665
v -0.2997018098831177 0.4395879805088043 0.24458149075508118
v -0.3000284433364868 0.44064271450042725 0.24106661975383759
v -0.30058223009109497 0.4367571175098419 0.24182012677192688
v -0.2948073148727417 0.4316561222076416 0.24264806509017944
v -0.3028091788291931 0.4519767165184021 0.2318633794784546
v -0.30338209867477417 0.44409430027008057 0.23223558068275452
v 0.24150153994560242 0.24130427837371826 0.37911927700042725
v 0.2536900043487549 0.2641834318637848 0.37134283781051636
v 0.24845054745674133 0.26695796847343445 0.3757290244102478
v 0.2729673981666565 0.2594900131225586 0.3932042717933655
v 0.27018916606903076 0.25691157579421997 0.3971177339553833
v 0.2604169547557831 0.25681987404823303 0.39777472615242004
v 0.5544426441192627 0.20266741514205933 -0.5152688026428223
v 0.5573058724403381 0.20674732327461243 -0.5265185832977295
v 0.5629488229751587 0.21645092964172363 -0.5385604500770569
v 0.5643068552017212 0.22232601046562195 -0.5454621315002441
v 0.5660336017608643 0.22431787848472595 -0.5471774339675903
v 0.5661577582359314 0.20749610662460327 -0.53722083568573
v 0.5598370432853699 0.20800542831420898 -0.5357816219329834
v -0.3009530007839203 0.45335620641708374 0.23752544820308685
v -0.3033236265182495 0.4547359347343445 0.2344902753829956
v -0.3000909090042114 0.44702962040901184 0.2403012365102768
v -0.2989359200000763 0.43776559829711914 0.23722583055496216
v -0.3036290407180786 0.46264684200286865 0.22601281106472015
v -0.30659836530685425 0.4554738402366638 0.2261153906583786
v 0.24921317398548126 0.2619526982307434 0.38869816064834595
v 0.26453232765197754 0.27981284260749817 0.38484975695610046
v 0.25768986344337463 0.2767811417579651 0.38953423500061035
v 0.27595943212509155 0.2705956697463989 0.3948483169078827
v 0.2725730240345001 0.27615901827812195 0.3889319896697998
v 0.27359843254089355 0.26845628023147583 0.3986259698867798
v 0.2687576711177826 0.26726415753364563 0.40066391229629517
v 0.5615131855010986 0.21390941739082336 -0.5369064211845398
v 0.5617567300796509 0.21436697244644165 -0.5381256937980652
v 0.5605576038360596 0.21807238459587097 -0.5422018766403198
v 0.5618711709976196 0.22549030184745789 -0.5475457310676575
v 0.5629121661186218 0.21561622619628906 -0.5409029722213745
v 0.5601533651351929 0.21925488114356995 -0.5426473021507263
v 0.5647716522216797 0.21305686235427856 -0.5428156852722168
v -0.30490708351135254 0.4625588059425354 0.23333312571048737
v -0.3038264811038971 0.4641183018684387 0.230581134557724
v -0.30405741930007935 0.45595961809158325 0.2370777130126953
v -0.3074776530265808 0.4502467215061188 0.23207756876945496
v 0.262596070766449 0.2723817229270935 0.3973064422607422
v 0.26939982175827026 0.2861460745334625 0.39726847410202026
v 0.27267301082611084 0.2852863371372223 0.3954639434814453
v 0.2766905426979065 0.2766047418117523 0.40136784315109253
v 0.27761128544807434 0.2804562449455261 0.39876216650009155
v 0.2755420506000519 0.2763049006462097 0.40362635254859924
v 0.2733179032802582 0.2787078619003296 0.40449774265289307
v 0.5624877214431763 0.21357539296150208 -0.535161554813385
v 0.5587184429168701 0.21391594409942627 -0.5408059358596802
v 0.5598500967025757 0.21521244943141937 -0.5447192788124084
v 0.5617272257804871 0.21812056005001068 -0.5453572869300842
v -0.30889230966567993 0.47038283944129944 0.22900521755218506
v -0.3077172040939331 0.4743458926677704 0.2263605296611786
v -0.30578118562698364 0.45055830478668213 0.23948349058628082
v -0.30788418650627136 0.4660874009132385 0.23103243112564087
v -0.3079569935798645 0.4635159969329834 0.22205758094787598
v -0.31012147665023804 0.46211427450180054 0.2289535254240036
v -0.3054143786430359 0.47105538845062256 0.22245191037654877
v 0.26921337842941284 0.2793300747871399 0.40147465467453003
v 0.27777591347694397 0.28647148609161377 0.40371161699295044
v 0.2794998586177826 0.29058000445365906 0.4022163152694702
v 0.2767137587070465 0.2877300977706909 0.4062730669975281
v 0.27374956011772156 0.28694960474967957 0.40435513854026794
v 0.5592557787895203 0.21156053245067596 -0.5365141034126282
v 0.559385359287262 0.2130560427904129 -0.5411202907562256
v 0.5617812275886536 0.2110811024904251 -0.5394953489303589
v 0.5610313415527344 0.218272864818573 -0.5468859076499939
v 0.5596743822097778 0.22063761949539185 -0.548304557800293
v -0.30934351682662964 0.48076140880584717 0.22648702561855316
v -0.3105391263961792 0.47803205251693726 0.22677166759967804
v -0.31119105219841003 0.46013402938842773 0.2334716022014618
v -0.3110601007938385 0.47329843044281006 0.22925928235054016
v -0.310427188873291 0.4666385352611542 0.23109234869480133
v -0.3110083341598511 0.46969661116600037 0.2244281768798828
v -0.3080286383628845 0.47901231050491333 0.2225571721792221
v 0.2729089856147766 0.2922520041465759 0.3972029685974121
v 0.27832189202308655 0.30798864364624023 0.4033398926258087
v 0.27889877557754517 0.30257630348205566 0.39736413955688477
v 0.27497467398643494 0.3011239767074585 0.40571632981300354
v 0.2745756506919861 0.3014985918998718 0.4021696448326111
v 0.5622847080230713 0.21983645856380463 -0.5456335544586182
v -0.30811139941215515 0.48263782262802124 0.23013746738433838
v -0.3081957697868347 0.47949519753456116 0.23081538081169128
v -0.3115992546081543 0.46918952465057373 0.23108287155628204
v -0.30863434076309204 0.47774824500083923 0.23305310308933258
v -0.3126598000526428 0.4717254042625427 0.2325955331325531
v -0.31305068731307983 0.47179150581359863 0.22711509466171265
v -0.3097001612186432 0.48261451721191406 0.22452542185783386
v 0.27462056279182434 0.30790233612060547 0.39320841431617737
v 0.2764768600463867 0.3335797190666199 0.3984687626361847
v 0.27969133853912354 0.3265776038169861 0.38493669033050537
v 0.2719264030456543 0.3249441981315613 0.4075416624546051
v 0.26315826177597046 0.33039146661758423 0.39542800188064575
v -0.30569279193878174 0.48276156187057495 0.2346685528755188
v -0.3038313686847687 0.4866817891597748 0.23387661576271057
v -0.31140464544296265 0.47340667247772217 0.23269754648208618
v -0.30798834562301636 0.4817845821380615 0.23669636249542236
v -0.3089625835418701 0.4759458303451538 0.22051256895065308
v -0.3100043535232544 0.476540207862854 0.22231540083885193
v -0.3177720308303833 0.4804632067680359 0.22534491121768951
v -0.31660306453704834 0.47872450947761536 0.231459379196167
v -0.30585452914237976 0.4887927174568176 0.22487597167491913
v 0.26889339089393616 0.32582974433898926 0.3846277892589569
v 0.27615785598754883 0.3620275557041168 0.3870346248149872
v 0.269718736410141 0.3536929488182068 0.37785208225250244
v 0.2719317674636841 0.36372557282447815 0.39984965324401855
v 0.2634599804878235 0.3540988266468048 0.4009622037410736
v -0.3033898174762726 0.49332115054130554 0.23599183559417725
v -0.3015972375869751 0.4979987144470215 0.22804756462574005
v -0.3121568560600281 0.4808022975921631 0.23639151453971863
v -0.3103463053703308 0.4901741147041321 0.23691043257713318
v -0.3144751191139221 0.4816955327987671 0.22008991241455078
v -0.31838691234588623 0.487543523311615 0.21420708298683167
v -0.32254838943481445 0.4898422658443451 0.22291326522827148
v -0.3040345311164856 0.498153954744339 0.21831604838371277
v 0.2614366114139557 0.34913432598114014 0.3839879631996155
v 0.2705501317977905 0.3763808608055115 0.38503479957580566
v 0.2726711928844452 0.38153988122940063 0.3921506702899933
v 0.2682633101940155 0.3750581741333008 0.3994724750518799
v 0.26189500093460083 0.3680895268917084 0.394084095954895
v -0.3056598901748657 0.5117062330245972 0.2267848253250122
v -0.3023239076137543 0.5107328295707703 0.21723446249961853
v -0.31399351358413696 0.49218276143074036 0.23396316170692444
v -0.30956780910491943 0.5053145289421082 0.23240792751312256
v -0.3115319609642029 0.49122536182403564 0.21312619745731354
v -0.3251138925552368 0.49952471256256104 0.20629626512527466
v -0.32754039764404297 0.506662905216217 0.2138860821723938
v -0.30735111236572266 0.5058093667030334 0.20728951692581177
v 0.2626626789569855 0.3685258626937866 0.38501033186912537
v 0.2710716128349304 0.3874974250793457 0.3922325074672699
v 0.269568532705307 0.386581152677536 0.3881664574146271
v 0.2687540650367737 0.3830741047859192 0.3966466188430786
v 0.2594894468784332 0.3770780563354492 0.3926539719104767
v -0.3049558401107788 0.52210932970047 0.20276236534118652
v -0.3056562542915344 0.5271223187446594 0.21090862154960632
v -0.318672776222229 0.5082135200500488 0.2256045788526535
v -0.3123961091041565 0.5266425013542175 0.22046798467636108
v -0.31673169136047363 0.4993751645088196 0.20246297121047974
v -0.3306708335876465 0.5220162868499756 0.2024768888950348
v -0.33060115575790405 0.5153860449790955 0.1974916160106659
v -0.31505900621414185 0.5150154829025269 0.19277696311473846
v 0.2659338116645813 0.3824842572212219 0.3866017460823059
v 0.268351674079895 0.3924698829650879 0.39188313484191895
v 0.26830169558525085 0.39116039872169495 0.3938496708869934
v 0.2651940882205963 0.3929532766342163 0.39406245946884155
v 0.26279833912849426 0.39989620447158813 0.39228522777557373
v -0.3123708963394165 0.5338833332061768 0.18717700242996216
v -0.3074915111064911 0.5402506589889526 0.19586563110351562
v -0.3246136009693146 0.5244262218475342 0.21283721923828125
v -0.3112955689430237 0.5438788533210754 0.205582395195961
v -0.3244917094707489 0.5117594599723816 0.19101524353027344
v -0.33081138134002686 0.5357756614685059 0.20045295357704163
v -0.3329259753227234 0.5293146967887878 0.18995901942253113
v -0.322611540555954 0.5273404717445374 0.18168552219867706
v 0.26555249094963074 0.39689087867736816 0.38771429657936096
v 0.26743337512016296 0.3988025188446045 0.39209744334220886
v 0.2652336061000824 0.4036817252635956 0.39416396617889404
v 0.26579639315605164 0.40411365032196045 0.39431190490722656
v 0.26732298731803894 0.4092591404914856 0.3919348120689392
v -0.3177068829536438 0.5457696318626404 0.17436298727989197
v -0.31175369024276733 0.550349771976471 0.18196867406368256
v -0.3197213411331177 0.5419961214065552 0.2075996696949005
v -0.31317517161369324 0.5607394576072693 0.18927323818206787
v -0.33064770698547363 0.5256944894790649 0.18384787440299988
v -0.33691808581352234 0.5454199314117432 0.1849115639925003
v -0.33543890714645386 0.5489397048950195 0.19379010796546936
v -0.32792747020721436 0.5400439500808716 0.1710127592086792
v 0.26364684104919434 0.4082877039909363 0.39344558119773865
v 0.2673112452030182 0.40989547967910767 0.39518633484840393
v 0.2629474997520447 0.4129030704498291 0.3961412310600281
v 0.2684676945209503 0.41505736112594604 0.3947932720184326
v 0.26974132657051086 0.42042142152786255 0.3959241509437561
v -0.31564196944236755 0.5638580322265625 0.1709206998348236
v -0.32788679003715515 0.5548170208930969 0.16271047294139862
v -0.32182776927948 0.5565178990364075 0.19881516695022583
v -0.31802231073379517 0.5758282542228699 0.17922472953796387
v -0.33461278676986694 0.5398336052894592 0.1754271388053894
v -0.3415369987487793 0.5616781711578369 0.1811867505311966
v -0.3335795998573303 0.5705041885375977 0.18709096312522888
v -0.3351568579673767 0.5494703650474548 0.1648918241262436
v 0.2693002223968506 0.42102622985839844 0.39896857738494873
v 0.27050644159317017 0.4218406081199646 0.40120959281921387
v 0.26976001262664795 0.41749411821365356 0.41069573163986206
v 0.2719726264476776 0.4292981028556824 0.3988785743713379
v 0.2747597098350525 0.43535298109054565 0.3958941698074341
v -0.3203364610671997 0.579762876033783 0.16615650057792664
v -0.3263319730758667 0.5702484250068665 0.15645262598991394
v -0.3223531246185303 0.5748286247253418 0.18831738829612732
v -0.3227475583553314 0.5839396715164185 0.1734527200460434
v -0.33995112776756287 0.5537451505661011 0.1689263880252838
v -0.33333489298820496 0.5836163759231567 0.1806764453649521
v -0.3424067497253418 0.5808666348457336 0.1757620871067047
v -0.3388657569885254 0.564020574092865 0.1559312641620636
v 0.2751038372516632 0.4217527508735657 0.40007901191711426
v 0.2745146155357361 0.43807119131088257 0.40733131766319275
v 0.2756500244140625 0.432792067527771 0.40912675857543945
v 0.27274975180625916 0.442331999540329 0.4046015739440918
v 0.2758141756057739 0.4456915259361267 0.4054270088672638
v -0.32734227180480957 0.582722544670105 0.15663912892341614
v -0.3260796070098877 0.5859670639038086 0.16140048205852509
v -0.32602959871292114 0.5852838754653931 0.17853112518787384
v -0.32561999559402466 0.58786940574646 0.16587617993354797
v -0.3433809280395508 0.5698307752609253 0.16609033942222595
v -0.3438263237476349 0.5819587707519531 0.1645384430885315
v -0.33552026748657227 0.5900818109512329 0.1730334460735321
v -0.33472758531570435 0.5757628083229065 0.15404897928237915
v 0.2810441851615906 0.4445316195487976 0.4141041040420532
v 0.2753627598285675 0.45374032855033875 0.4162966012954712
v 0.27887868881225586 0.4572826027870178 0.4179971218109131
v -0.3285309076309204 0.5913525223731995 0.16157956421375275
v -0.3290419280529022 0.5905059576034546 0.15671969950199127
v -0.32805007696151733 0.589577317237854 0.17102909088134766
v -0.32916459441185 0.5933799147605896 0.1638900190591812
v -0.34130972623825073 0.575376033782959 0.15714746713638306
v -0.34207671880722046 0.5872852802276611 0.1632264256477356
v -0.34398311376571655 0.5828965902328491 0.15757837891578674
v -0.33128243684768677 0.5853451490402222 0.1532210111618042
v 0.27547335624694824 0.45470893383026123 0.4155925214290619
v 0.2793044447898865 0.45676130056381226 0.41353219747543335
v 0.27879559993743896 0.46704015135765076 0.428973525762558
v 0.2768007516860962 0.4611484706401825 0.4233136773109436
v -0.32978326082229614 0.5970467925071716 0.1607683002948761
v -0.3311100900173187 0.5923131704330444 0.1547320932149887
v -0.3357618749141693 0.5945571064949036 0.1676366925239563
v -0.33180221915245056 0.5980947613716125 0.16316509246826172
v -0.33926379680633545 0.5814718008041382 0.15499752759933472
v -0.3388287425041199 0.5925483107566833 0.1600293517112732
v -0.3413311839103699 0.5872491002082825 0.15578925609588623
v -0.3344395160675049 0.5878432393074036 0.15364393591880798
v 0.2784842252731323 0.4585545063018799 0.4169788360595703
v 0.2798842489719391 0.4673280119895935 0.42245858907699585
v 0.2796000838279724 0.46268701553344727 0.41655105352401733
v 0.27770373225212097 0.4602760672569275 0.4150526821613312
v -0.3333987593650818 0.5971114039421082 0.15632882714271545
v -0.3324587941169739 0.5937617421150208 0.15392473340034485
v -0.3352763056755066 0.5973975658416748 0.162066251039505
v -0.3340288996696472 0.5991371870040894 0.16131675243377686
v -0.336866557598114 0.5856382250785828 0.15449775755405426
v -0.3407899737358093 0.5914077162742615 0.15567758679389954
v -0.33896130323410034 0.5935543775558472 0.1577136218547821
v -0.33445945382118225 0.5875542163848877 0.15330515801906586
v 0.2933213710784912 0.481669545173645 0.4213601350784302
v 0.2899032235145569 0.4884380102157593 0.43724581599235535
v 0.2819403409957886 0.4630814790725708 0.43064868450164795
v 0.28602367639541626 0.4637584686279297 0.42203426361083984
v -0.33178842067718506 0.5968855023384094 0.15528857707977295
v -0.3328901529312134 0.5927566885948181 0.15326136350631714
v -0.3371320366859436 0.5952430367469788 0.16031017899513245
v -0.3370019197463989 0.5984434485435486 0.1587507426738739
v -0.33389776945114136 0.5979845523834229 0.1589329093694687
v -0.33694136142730713 0.5882340669631958 0.15531495213508606
v -0.34038376808166504 0.5948210954666138 0.15622548758983612
v -0.3405158519744873 0.5923581719398499 0.15547236800193787
v -0.3339049816131592 0.5890440940856934 0.1532367467880249
v 0.28796231746673584 0.46943625807762146 0.41614237427711487
v 0.3045637905597687 0.4980570077896118 0.42873093485832214
v 0.3047270178794861 0.49619197845458984 0.43741941452026367
v 0.30214545130729675 0.48373401165008545 0.44058743119239807
v 0.30616796016693115 0.46803078055381775 0.42503800988197327
v -0.3333379030227661 0.5953698754310608 0.152067631483078
v -0.3337162137031555 0.5932028293609619 0.1523130238056183
v -0.33772188425064087 0.5976191759109497 0.15628747642040253
v -0.33790186047554016 0.5991986393928528 0.15652072429656982
v -0.3340809643268585 0.5982668995857239 0.15473800897598267
v -0.33737075328826904 0.5907824635505676 0.15450523793697357
v -0.3409387469291687 0.5970110297203064 0.15240630507469177
v -0.3404761552810669 0.598641574382782 0.15285471081733704
v -0.33639055490493774 0.5931801795959473 0.15144029259681702
v 0.3024626076221466 0.48344749212265015 0.42077022790908813
v 0.30914416909217834 0.49159950017929077 0.43238645792007446
v 0.3184991180896759 0.5027220249176025 0.44427794218063354
v 0.31075331568717957 0.49614834785461426 0.4397066831588745
v 0.31257694959640503 0.4918134808540344 0.4392029345035553
v 0.31681180000305176 0.48735344409942627 0.43725529313087463
v -0.3336029052734375 0.5964447259902954 0.14973445236682892
v -0.33744746446609497 0.5978276133537292 0.14760535955429077
v -0.3394351601600647 0.5992493629455566 0.15418681502342224
v -0.3379424214363098 0.5987852215766907 0.15249626338481903
v -0.3386564254760742 0.6013345718383789 0.1510150134563446
v -0.33983296155929565 0.5950689315795898 0.15273404121398926
v -0.34220319986343384 0.602613091468811 0.14959385991096497
v -0.3415370285511017 0.602282702922821 0.14869502186775208
v -0.3381728529930115 0.5995482802391052 0.14819622039794922
v 0.31938475370407104 0.49884843826293945 0.44141680002212524
v 0.3198989927768707 0.49704509973526 0.44459474086761475
v 0.3260396122932434 0.504668116569519 0.44089609384536743
v 0.32073381543159485 0.5026016235351562 0.44415342807769775
v 0.31948620080947876 0.4942876100540161 0.44081708788871765
v -0.34003472328186035 0.60318523645401 0.1397145688533783
v -0.3426952064037323 0.6057060360908508 0.1406482458114624
v -0.3398253321647644 0.6034488081932068 0.1501121073961258
v -0.33840256929397583 0.6086873412132263 0.14303815364837646
v -0.3374195694923401 0.6029375791549683 0.14329159259796143
v -0.34021955728530884 0.6016445755958557 0.1490722894668579
v -0.3434641361236572 0.6116248369216919 0.14465215802192688
v -0.3405348062515259 0.6118438243865967 0.14253053069114685
v -0.3430393934249878 0.6105552911758423 0.14363248646259308
v 0.32254916429519653 0.4986949563026428 0.4419843554496765
v 0.32778242230415344 0.49450650811195374 0.44100427627563477
v 0.31770429015159607 0.4982956647872925 0.4352661371231079
v 0.322980135679245 0.5005651116371155 0.4420880675315857
v -0.3454679548740387 0.6140325665473938 0.1263073980808258
v -0.34669458866119385 0.6124453544616699 0.12895150482654572
v -0.3391799330711365 0.6091160178184509 0.1450119912624359
v -0.3386310636997223 0.6151333451271057 0.132109597325325
v -0.341411828994751 0.6116001605987549 0.1286332607269287
v -0.3440561294555664 0.6124518513679504 0.1443164050579071
v -0.3459574580192566 0.6225004196166992 0.14033173024654388
v -0.3442327380180359 0.6244070529937744 0.1376260221004486
v -0.3486248254776001 0.6179002523422241 0.13313254714012146
v 0.3209514915943146 0.49608010053634644 0.4354064464569092
v 0.3253623843193054 0.4995694160461426 0.43878796696662903
v 0.33054763078689575 0.5073598027229309 0.4467355012893677
v 0.3309544622898102 0.5198894739151001 0.4501311779022217
v -0.34717321395874023 0.6226789355278015 0.1165778636932373
v -0.34939128160476685 0.6228749752044678 0.11789337545633316
v -0.33955615758895874 0.619234561920166 0.13777869939804077
v -0.34464114904403687 0.6237420439720154 0.11445116996765137
v -0.33999189734458923 0.6247132420539856 0.11914150416851044
v -0.348166286945343 0.6215109825134277 0.13705486059188843
v -0.34953081607818604 0.6347970962524414 0.13252747058868408
v -0.34426552057266235 0.6374456882476807 0.12977057695388794
v -0.3529213070869446 0.6252090334892273 0.12112848460674286
v 0.323221355676651 0.48932522535324097 0.42915743589401245
v 0.32502198219299316 0.5021381378173828 0.44324636459350586
v 0.3412403166294098 0.5252730250358582 0.4497707486152649
v 0.3413100838661194 0.5301128029823303 0.45109498500823975
v -0.3549984097480774 0.6314349174499512 0.10985720157623291
v -0.35063308477401733 0.6303167343139648 0.10567090660333633
v -0.3390112817287445 0.631801426410675 0.1251227855682373
v -0.34104835987091064 0.6422075629234314 0.10361180454492569
v -0.3475233316421509 0.6360129117965698 0.10155405104160309
v -0.35562288761138916 0.6336402297019958 0.12588414549827576
v -0.35372233390808105 0.6499298214912415 0.12221725285053253
v -0.3435003459453583 0.653368353843689 0.1175767108798027
v -0.3589358925819397 0.6383528113365173 0.11124952882528305
v 0.34904584288597107 0.513256847858429 0.436689555644989
v 0.34065014123916626 0.5182306170463562 0.4540342092514038
v 0.34872138500213623 0.5272884368896484 0.44929563999176025
v 0.3509651720523834 0.5297094583511353 0.45523601770401
v -0.353084921836853 0.6436261534690857 0.09169606864452362
v -0.3587678074836731 0.6417401432991028 0.09448377788066864
v -0.34002044796943665 0.6411271095275879 0.11453891545534134
v -0.3457867205142975 0.6600667238235474 0.08978578448295593
v -0.34706103801727295 0.6475641131401062 0.09311559796333313
v -0.3602384030818939 0.6466162204742432 0.11275545507669449
v -0.3552374541759491 0.6667653918266296 0.10874757170677185
v -0.34924185276031494 0.6730024218559265 0.10166236758232117
v -0.3624768853187561 0.6505261063575745 0.1003521978855133
v 0.35280704498291016 0.5248837471008301 0.44606494903564453
v 0.3506140112876892 0.5236572027206421 0.4529288411140442
v 0.3547823429107666 0.5274302363395691 0.45329928398132324
v 0.35806840658187866 0.5257154703140259 0.4534221291542053
v -0.35840386152267456 0.6554730534553528 0.0800504982471466
v -0.3630039393901825 0.6567874550819397 0.08490492403507233
v -0.3425179123878479 0.6593248248100281 0.10362666845321655
v -0.349711537361145 0.6721703410148621 0.0785781741142273
v -0.35212671756744385 0.6590396761894226 0.08044861257076263
v -0.3612813949584961 0.6598462462425232 0.10514868795871735
v -0.35944050550460815 0.6830705404281616 0.09262555837631226
v -0.355483740568161 0.6845056414604187 0.08921316266059875
v -0.3641958236694336 0.6639102101325989 0.09337368607521057
v 0.3585842251777649 0.5244037508964539 0.45303255319595337
v 0.36003580689430237 0.5245015025138855 0.45460665225982666
v 0.3669179677963257 0.5225615501403809 0.4562578797340393
v -0.3487935960292816 0.6772822737693787 0.08789871633052826
v -0.35193949937820435 0.6844581365585327 0.0723305493593216
v -0.35844871401786804 0.6734161376953125 0.06827923655509949
v -0.36380741000175476 0.6742139458656311 0.09432931244373322
v -0.36492598056793213 0.6881455183029175 0.07884970307350159
v -0.36269035935401917 0.6908217668533325 0.08280210196971893
v -0.36418217420578003 0.6705345511436462 0.07059346139431
v -0.3564569652080536 0.6903018951416016 0.07953543961048126
v -0.35515543818473816 0.698047935962677 0.06546853482723236
v -0.35765397548675537 0.6899312138557434 0.05606295168399811
v -0.3653302788734436 0.6832513213157654 0.08280660212039948
v -0.3612357974052429 0.7011202573776245 0.07206127047538757
v -0.36741700768470764 0.699529230594635 0.07417735457420349
v -0.36566218733787537 0.6731252074241638 0.08176352083683014
v 0.3645921051502228 0.5249639749526978 0.45924997329711914
v -0.36475375294685364 0.6840587258338928 0.05593256652355194
v -0.35979750752449036 0.7126730680465698 0.05228375643491745
v -0.356690376996994 0.7070661783218384 0.042375609278678894
v -0.37077581882476807 0.6929399371147156 0.07081502676010132
v -0.3692700266838074 0.6828888654708862 0.06822258234024048
v -0.3656085729598999 0.6952150464057922 0.03660661727190018
v -0.3674781322479248 0.7140745520591736 0.07063566148281097
v -0.36383283138275146 0.7090544104576111 0.0400112047791481
v -0.3630431890487671 0.7131800055503845 0.04278076812624931
v -0.37754693627357483 0.6934662461280823 0.050725407898426056
v -0.37560445070266724 0.7096486687660217 0.06129426509141922
v -0.36873742938041687 0.7026156187057495 0.040706608444452286
v -0.3680669665336609 0.7147987484931946 0.0543149970471859
v -0.36500829458236694 0.714045524597168 0.0459594763815403
v -0.3649923801422119 0.7150411605834961 0.047842931002378464
v -0.3722543716430664 0.7003117203712463 0.044718604534864426
v -0.37412506341934204 0.7103803157806396 0.049369264394044876
v -0.3667847514152527 0.7048105597496033 0.04288385063409805
v -0.36822617053985596 0.7116886973381042 0.04724965617060661
v -0.3634321689605713 0.7188118696212769 0.04871494695544243
v -0.3641451597213745 0.7201525568962097 0.04836086556315422
v -0.3702009916305542 0.7100461721420288 0.04775579273700714
v -0.3707151412963867 0.7079169750213623 0.045477643609046936
v -0.3630529046058655 0.7149144411087036 0.04794595390558243
v -0.3636671006679535 0.7088342308998108 0.04655374586582184
v -0.355627179145813 0.7194649577140808 0.033040184527635574
v -0.366915762424469 0.7303985357284546 0.04645732045173645
v -0.36185747385025024 0.7009711265563965 0.041514407843351364
v -0.36655354499816895 0.7072088718414307 0.041540008038282394
v -0.3754868507385254 0.7107791900634766 0.04040366783738136
v -0.3569677770137787 0.7059864401817322 0.02686387673020363
v -0.3622051477432251 0.7279092669487 0.011527467519044876
v -0.37229084968566895 0.728330135345459 0.015845399349927902
v -0.37180811166763306 0.699792742729187 0.030985992401838303
v -0.3635980784893036 0.6987711191177368 0.01623125746846199
v -0.38059085607528687 0.72378009557724 0.021915171295404434
v -0.35735854506492615 0.7128016352653503 0.009720664471387863
v -0.38284897804260254 0.7089555263519287 0.009850651025772095
v -0.36988648772239685 0.713097095489502 9.101256728172302e-05
v -0.3740648627281189 0.727378249168396 -0.00372270867228508
v -0.3801724910736084 0.7249909043312073 0.0020793527364730835
v -0.37015777826309204 0.724702775478363 -0.005724627524614334
v -0.3829364776611328 0.7250125408172607 0.0017529651522636414
v -0.3790881037712097 0.7212984561920166 -0.0027321912348270416
v -0.3771686553955078 0.7363979816436768 -0.01702181249856949
v -0.37974587082862854 0.7319631576538086 -0.014202173799276352
v -0.378777414560318 0.7364462018013 -0.015061561018228531
v -0.3823414444923401 0.7304275035858154 -0.014773298054933548
v -0.3806270956993103 0.7287092804908752 -0.009562503546476364
v -0.3811979293823242 0.7479551434516907 -0.028438527137041092
v -0.37732070684432983 0.7461487650871277 -0.0329446941614151
v -0.38620525598526 0.7460898756980896 -0.026482626795768738
v -0.3882751166820526 0.7403983473777771 -0.02829258143901825
v -0.3867199420928955 0.7324387431144714 -0.03141216188669205
v -0.3897687792778015 0.7564853429794312 -0.04638369753956795
v -0.38409411907196045 0.7567316889762878 -0.04533187672495842
v -0.38696449995040894 0.7547814846038818 -0.04040038585662842
v -0.393982857465744 0.7551710605621338 -0.04739579185843468
v -0.39789673686027527 0.7551556825637817 -0.042733218520879745
v -0.3985322415828705 0.7649208903312683 -0.05998324602842331
v -0.3924473226070404 0.7638360857963562 -0.05715027451515198
v -0.39165711402893066 0.766040027141571 -0.057527340948581696
v -0.40086230635643005 0.7626965641975403 -0.055977072566747665
v -0.4003516733646393 0.7654500603675842 -0.059861935675144196
v -0.4007403552532196 0.7758082151412964 -0.06774978339672089
v -0.40251338481903076 0.7711548805236816 -0.06663111597299576
v -0.3954830765724182 0.7660204768180847 -0.06704694777727127
v -0.40472087264060974 0.7696643471717834 -0.0699453353881836
v -0.40108996629714966 0.7664432525634766 -0.06970028579235077
v -0.3943975567817688 0.7632691264152527 -0.06498479843139648
v -0.39934951066970825 0.7718949317932129 -0.06815841048955917
v -0.3980298638343811 0.7648892998695374 -0.07339411973953247
v -0.4039103388786316 0.7687191963195801 -0.0744670182466507
v -0.4042479395866394 0.7719202637672424 -0.07068268954753876
v -0.3937920033931732 0.7687584757804871 -0.06778909265995026
v -0.3971005082130432 0.7718331813812256 -0.07430624961853027
v -0.39797186851501465 0.7697482109069824 -0.0753762274980545
v -0.40699872374534607 0.7721639275550842 -0.06809823960065842
v -0.40573206543922424 0.771570086479187 -0.07744349539279938
v -0.3938380777835846 0.7835279703140259 -0.08022873103618622
v -0.39784714579582214 0.7806141376495361 -0.08126743137836456
v -0.4014034867286682 0.7773438096046448 -0.08044396340847015
v -0.41140419244766235 0.7768478393554688 -0.06777352094650269
v -0.40765026211738586 0.7785961627960205 -0.08181196451187134
v -0.40530627965927124 0.7951948046684265 -0.0938427597284317
v -0.40701887011528015 0.7905304431915283 -0.08974895626306534
v -0.4046300947666168 0.7870224118232727 -0.08346309512853622
v -0.4106760621070862 0.7904837131500244 -0.08791621029376984
v -0.41337090730667114 0.7876018285751343 -0.08363457024097443
v -0.41350311040878296 0.7994011044502258 -0.10124236345291138
v -0.4151461720466614 0.7990326285362244 -0.09879876673221588
v -0.40991881489753723 0.7954188585281372 -0.09389355033636093
v -0.4137876033782959 0.7890727519989014 -0.09119992703199387
v -0.41454705595970154 0.7944071292877197 -0.09114690124988556
v -0.4149796962738037 0.7949357032775879 -0.10282529890537262
v -0.4134635627269745 0.8019950985908508 -0.1042199581861496
v -0.4176684021949768 0.8002156615257263 -0.0984826385974884
v -0.41749346256256104 0.7927474975585938 -0.10113944113254547
v -0.42103075981140137 0.7971271276473999 -0.09958863258361816
v -0.4112934172153473 0.8072695136070251 -0.10797345638275146
v -0.41553741693496704 0.8107388615608215 -0.10204477608203888
v -0.4253019392490387 0.8061290383338928 -0.09799018502235413
v -0.4205663502216339 0.8000780344009399 -0.1144452840089798
v -0.4263487160205841 0.795245349407196 -0.10721622407436371
v -0.42616137862205505 0.8202387094497681 -0.10430954396724701
v -0.4202501177787781 0.8203263878822327 -0.10820908844470978
v -0.43214482069015503 0.8145092129707336 -0.10722973942756653
v -0.42401790618896484 0.8206376433372498 -0.11344790458679199
v -0.4386226534843445 0.8073089122772217 -0.11469526588916779
v -0.4360101521015167 0.8268818855285645 -0.11580425500869751
v -0.4322960376739502 0.8324202299118042 -0.11327364295721054
v -0.4362873136997223 0.8200268149375916 -0.11847689747810364
v -0.43886879086494446 0.8208739161491394 -0.11805678904056549
v -0.43609899282455444 0.8326970934867859 -0.1119643896818161
v -0.4416111707687378 0.8294998407363892 -0.12099388241767883
v -0.4426446557044983 0.8336511254310608 -0.11758562177419662
v -0.44651275873184204 0.838688850402832 -0.11286405473947525
v -0.44736605882644653 0.8355352878570557 -0.11030875146389008
v -0.446098655462265 0.8388230800628662 -0.1243969053030014
v -0.4494393467903137 0.8366429209709167 -0.1233547180891037
v -0.4484723210334778 0.8344526886940002 -0.13006673753261566
v -0.4527099132537842 0.8426069617271423 -0.11210788786411285
v -0.45292922854423523 0.8551428914070129 -0.13914991915225983
v -0.45858582854270935 0.842658519744873 -0.12545114755630493
v -0.445482462644577 0.8510881662368774 -0.12320049107074738
v -0.45213571190834045 0.8478307127952576 -0.11135745048522949
v -0.45013850927352905 0.8611876964569092 -0.1272597759962082
v -0.4573027193546295 0.8666170835494995 -0.1351848691701889
v -0.4557054340839386 0.8637076020240784 -0.1332796961069107
v -0.4437123239040375 0.8546199798583984 -0.12477865815162659
v -0.4412715435028076 0.8585286140441895 -0.1324896514415741
v -0.44726234674453735 0.8569288849830627 -0.1293942928314209
v -0.45441704988479614 0.8692789673805237 -0.13488394021987915
v -0.4595335125923157 0.8703201413154602 -0.13392096757888794
v -0.4528084993362427 0.8605431318283081 -0.1310206800699234
v -0.4534517526626587 0.8686537146568298 -0.13498790562152863
v -0.45424842834472656 0.8739681243896484 -0.14181964099407196
v -0.45589083433151245 0.8767580389976501 -0.13930949568748474
v -0.45389068126678467 0.8826715350151062 -0.14197270572185516
v -0.45562201738357544 0.8769134879112244 -0.13575606048107147
v -0.4603666663169861 0.8728733658790588 -0.12867216765880585
v -0.4562799632549286 0.8865610361099243 -0.14367343485355377
v -0.4571012258529663 0.8753624558448792 -0.13382823765277863
v -0.460182249546051 0.8872296810150146 -0.13544420897960663
v -0.455093115568161 0.8910886645317078 -0.14125031232833862
v -0.463252991437912 0.8796584010124207 -0.12944024801254272
v -0.4614555537700653 0.8874412775039673 -0.12920159101486206
v -0.46024763584136963 0.8939834237098694 -0.13768351078033447
v -0.4548027515411377 0.901060163974762 -0.14092840254306793
v -0.4557855725288391 0.9000917077064514 -0.14169488847255707
v -0.4602648913860321 0.8899141550064087 -0.13594813644886017
v -0.45961666107177734 0.9058533310890198 -0.13207755982875824
v -0.4526899755001068 0.8984401822090149 -0.13185693323612213
v -0.4628044068813324 0.9121625423431396 -0.14210212230682373
v -0.46633684635162354 0.9080865979194641 -0.13270866870880127
v -0.45732390880584717 0.9025273323059082 -0.14415711164474487
v -0.4611366391181946 0.9132603406906128 -0.12623701989650726
v -0.4541477859020233 0.9123062491416931 -0.12861809134483337
v -0.4693772792816162 0.9146908521652222 -0.1387932002544403
v -0.46741220355033875 0.9095795154571533 -0.1259680986404419
v -0.459070086479187 0.9035534858703613 -0.14173780381679535
v -0.4581148028373718 0.9176993370056152 -0.12940454483032227
v -0.4577654004096985 0.9119765758514404 -0.1279943585395813
v -0.46102288365364075 0.9049030542373657 -0.13252407312393188
v -0.4690164625644684 0.9099347591400146 -0.12615203857421875
v -0.4544949531555176 0.911772608757019 -0.1295124888420105
v -0.4591119885444641 0.9049152731895447 -0.13657164573669434
v -0.4566175639629364 0.918237566947937 -0.12641990184783936
v -0.4546624422073364 0.9164352416992188 -0.12926149368286133
v -0.4585442543029785 0.9049605131149292 -0.1281355619430542
v -0.4543357193470001 0.9138598442077637 -0.12650138139724731
v -0.4507914185523987 0.9206655025482178 -0.12862145900726318
v -0.45283421874046326 0.9179564118385315 -0.12791389226913452
v -0.4561687409877777 0.9194693565368652 -0.12477684020996094
v -0.45964306592941284 0.9195644855499268 -0.12653130292892456
v -0.45242518186569214 0.9201852679252625 -0.12868863344192505
v -0.45295000076293945 0.9215033650398254 -0.12523186206817627
v -0.25045597553253174 0.0009462572634220123 0.1096903532743454
v 0.17104563117027283 0.058316539973020554 0.12690825760364532
v 0.17228445410728455 0.05527214705944061 0.13132360577583313
v 0.16800497472286224 0.07593216747045517 0.13392284512519836
v 0.17069070041179657 0.06401407718658447 0.13793417811393738
v -0.12002944946289062 0.04901359602808952 0.10098996758460999
v -0.5444956421852112 0.17088039219379425 0.1057206466794014
f 3 2 1
f 1 7 3
f 4 8 9
f 4 11 2
f 5 11 12
f 5 14 1
f 14 6 1
f 6 17 7
f 3 18 8
f 9 10 4
f 21 10 20
f 12 13 5
f 12 21 23
f 24 13 25
f 24 15 14
f 16 15 27
f 16 29 17
f 7 30 18
f 32 18 31
f 10 33 20
f 34 21 20
f 23 22 12
f 25 22 37
f 23 35 38
f 25 40 24
f 40 26 24
f 27 26 42
f 27 28 16
f 45 28 44
f 46 17 29
f 31 48 32
f 50 19 49
f 20 51 34
f 52 35 34
f 38 36 23
f 37 36 55
f 56 25 37
f 53 38 35
f 39 59 40
f 41 59 60
f 42 41 61
f 42 43 27
f 44 43 63
f 44 65 45
f 29 66 46
f 30 67 31
f 31 68 47
f 48 70 69
f 71 32 48
f 72 33 50
f 73 49 71
f 34 74 52
f 75 52 76
f 57 54 38
f 55 54 78
f 56 55 79
f 80 39 56
f 75 57 53
f 83 58 82
f 83 60 59
f 61 60 85
f 61 62 42
f 63 62 87
f 63 64 44
f 89 64 90
f 91 45 65
f 92 46 66
f 68 92 93
f 94 47 68
f 48 95 71
f 70 97 69
f 50 98 72
f 74 72 99
f 71 100 73
f 76 74 101
f 102 76 103
f 77 81 104
f 78 77 105
f 78 79 55
f 56 107 80
f 108 58 80
f 109 75 102
f 110 83 82
f 111 84 83
f 84 85 60
f 85 86 61
f 87 86 115
f 87 88 63
f 90 88 117
f 118 65 89
f 90 120 89
f 91 92 66
f 93 121 122
f 93 94 68
f 96 94 124
f 97 95 69
f 97 127 126
f 100 98 73
f 99 98 129
f 99 101 74
f 125 100 95
f 76 132 103
f 103 133 102
f 104 105 77
f 81 135 104
f 105 106 78
f 107 106 137
f 80 138 108
f 102 139 109
f 140 110 141
f 142 111 140
f 112 113 84
f 114 113 144
f 114 115 86
f 115 116 87
f 117 116 147
f 119 117 148
f 89 149 118
f 91 150 121
f 151 119 152
f 123 122 153
f 124 123 154
f 124 127 96
f 125 126 156
f 131 128 100
f 129 128 158
f 129 130 99
f 101 160 132
f 156 131 125
f 133 162 163
f 104 164 134
f 136 134 165
f 166 109 139
f 137 136 167
f 168 107 137
f 108 141 110
f 133 169 139
f 141 171 140
f 142 143 112
f 140 173 142
f 144 143 174
f 145 144 175
f 146 145 176
f 147 146 177
f 148 147 178
f 179 119 148
f 149 151 180
f 118 181 150
f 151 182 183
f 153 154 123
f 153 185 186
f 155 154 187
f 157 161 189
f 158 157 190
f 158 159 129
f 160 159 192
f 193 132 160
f 163 195 194
f 196 135 166
f 165 164 197
f 165 167 136
f 139 199 166
f 167 168 137
f 170 138 168
f 194 169 163
f 202 171 170
f 173 172 142
f 174 172 205
f 203 173 171
f 175 174 207
f 175 176 145
f 177 176 209
f 177 178 147
f 148 211 179
f 212 152 179
f 213 149 180
f 180 183 214
f 150 185 122
f 215 183 182
f 186 184 153
f 187 184 218
f 219 186 185
f 221 155 187
f 189 190 157
f 192 191 222
f 223 160 192
f 162 224 195
f 194 225 226
f 199 196 166
f 197 196 228
f 198 197 229
f 200 198 230
f 231 169 201
f 202 168 200
f 226 201 194
f 233 203 202
f 204 206 235
f 205 204 236
f 207 205 237
f 234 206 203
f 208 207 239
f 209 208 240
f 209 210 177
f 210 211 178
f 179 243 212
f 182 244 215
f 213 214 245
f 219 181 213
f 216 214 183
f 247 216 215
f 220 217 186
f 218 217 250
f 221 218 251
f 252 220 219
f 254 190 5438
f 256 192 222
f 191 255 222
f 257 193 223
f 195 258 225
f 226 260 259
f 227 231 261
f 228 227 262
f 229 228 263
f 229 230 198
f 230 202 200
f 265 201 232
f 266 226 259
f 234 267 268
f 236 235 269
f 235 238 270
f 237 236 271
f 239 237 272
f 268 238 234
f 239 240 208
f 240 241 209
f 241 242 210
f 277 211 242
f 278 212 243
f 215 279 247
f 245 219 213
f 245 246 280
f 248 246 216
f 282 248 247
f 249 253 284
f 250 249 285
f 250 251 218
f 287 253 252
f 255 290 289
f 222 289 256
f 223 291 257
f 224 292 258
f 293 225 258
f 294 260 295
f 262 261 296
f 261 265 297
f 262 263 228
f 263 264 229
f 264 233 230
f 232 300 265
f 301 259 294
f 302 268 267
f 270 269 235
f 269 271 236
f 270 273 306
f 272 271 307
f 272 274 239
f 273 303 309
f 275 274 310
f 275 276 241
f 277 276 312
f 313 243 277
f 314 244 278
f 247 315 282
f 280 252 245
f 280 281 316
f 283 281 248
f 283 318 319
f 284 285 249
f 284 288 321
f 285 286 250
f 286 5076 251
f 323 288 287
f 325 289 290
f 256 326 291
f 292 291 327
f 258 328 293
f 329 260 293
f 297 296 261
f 296 298 262
f 332 265 300
f 299 298 333
f 267 299 302
f 266 334 300
f 294 336 301
f 337 303 302
f 304 306 339
f 304 305 269
f 307 305 341
f 306 309 342
f 272 343 308
f 308 310 274
f 338 309 303
f 310 311 275
f 312 311 347
f 277 348 313
f 349 278 313
f 350 279 314
f 282 351 318
f 287 316 323
f 316 317 352
f 319 317 283
f 354 319 318
f 321 320 284
f 320 322 285
f 321 324 358
f 359 324 323
f 5081 290 5079
f 325 361 326
f 327 326 361
f 327 328 292
f 293 363 329
f 295 364 335
f 330 332 365
f 330 331 296
f 333 331 367
f 300 368 332
f 302 333 337
f 369 301 336
f 371 335 370
f 372 338 337
f 339 340 304
f 342 339 306
f 341 340 376
f 307 377 343
f 342 345 378
f 308 379 344
f 310 380 346
f 373 345 338
f 347 346 382
f 347 348 312
f 384 313 348
f 314 385 350
f 386 315 350
f 318 387 354
f 323 352 359
f 352 353 388
f 355 353 319
f 355 391 390
f 358 356 321
f 356 357 320
f 5080 357 5082
f 360 358 324
f 395 360 359
f 398 5576 397
f 361 362 327
f 363 362 399
f 364 363 400
f 370 364 401
f 365 366 330
f 332 403 365
f 367 366 404
f 337 367 372
f 405 334 369
f 406 336 371
f 370 408 371
f 410 372 409
f 375 374 339
f 376 374 412
f 378 375 342
f 377 376 414
f 415 343 377
f 378 381 416
f 417 344 379
f 382 380 418
f 410 381 373
f 382 383 347
f 384 383 421
f 422 349 384
f 350 423 386
f 424 351 386
f 425 354 387
f 359 388 395
f 388 389 426
f 390 389 355
f 390 428 429
f 392 394 430
f 392 393 356
f 393 5082 357
f 396 394 360
f 395 434 396
f 397 436 398
f 399 398 436
f 399 400 363
f 400 401 364
f 401 407 370
f 365 440 402
f 404 402 441
f 368 442 403
f 409 367 404
f 405 406 443
f 408 406 371
f 407 446 408
f 409 448 410
f 449 375 413
f 450 374 411
f 412 414 376
f 378 452 413
f 453 377 414
f 379 454 417
f 416 419 455
f 380 456 418
f 418 420 382
f 410 458 419
f 383 459 421
f 384 460 422
f 461 385 422
f 424 423 462
f 425 424 463
f 425 428 391
f 395 426 433
f 426 427 465
f 429 427 390
f 467 428 468
f 430 432 469
f 430 431 392
f 431 5083 393
f 396 471 432
f 472 434 433
f 474 436 435
f 436 437 399
f 438 437 476
f 438 439 401
f 439 445 407
f 440 442 479
f 440 441 402
f 404 447 409
f 481 405 443
f 482 408 446
f 446 484 483
f 486 447 485
f 413 487 449
f 411 488 450
f 489 412 450
f 414 490 453
f 416 491 452
f 492 415 453
f 417 493 456
f 458 455 419
f 418 495 457
f 496 420 457
f 497 448 486
f 421 498 460
f 422 499 461
f 461 462 423
f 463 462 501
f 463 464 425
f 468 464 503
f 433 465 472
f 467 466 429
f 506 468 505
f 469 470 430
f 508 432 471
f 431 5085 5084
f 434 509 471
f 511 472 510
f 474 513 475
f 476 475 513
f 476 477 438
f 478 477 515
f 445 516 484
f 517 442 481
f 485 480 518
f 519 444 482
f 446 521 482
f 484 523 483
f 524 485 518
f 449 525 488
f 526 450 488
f 527 451 489
f 453 528 492
f 491 494 529
f 530 491 531
f 532 454 492
f 456 533 495
f 534 458 497
f 457 535 496
f 536 459 496
f 537 486 524
f 538 460 498
f 499 500 461
f 501 500 540
f 501 502 463
f 503 502 542
f 505 503 543
f 467 545 504
f 504 547 466
f 505 549 506
f 5762 469 508
f 470 5086 5085
f 550 471 509
f 510 552 511
f 510 472 629
f 512 554 513
f 514 513 554
f 515 514 555
f 556 478 515
f 481 557 517
f 558 517 559
f 560 518 480
f 482 562 519
f 520 563 557
f 564 483 523
f 565 523 522
f 518 567 524
f 568 487 530
f 488 569 526
f 570 489 526
f 571 490 527
f 492 572 532
f 531 529 573
f 574 494 534
f 568 531 575
f 576 493 532
f 495 577 535
f 497 578 534
f 496 579 536
f 498 580 538
f 538 539 499
f 539 540 500
f 540 541 501
f 542 541 584
f 543 542 585
f 543 548 505
f 545 549 587
f 504 588 546
f 552 546 589
f 548 591 549
f 5804 508 550
f 509 593 550
f 595 553 5087
f 595 514 554
f 596 515 555
f 597 516 556
f 557 559 517
f 559 600 558
f 602 560 601
f 603 521 564
f 519 604 563
f 563 598 557
f 564 566 606
f 607 566 565
f 609 522 597
f 610 561 602
f 611 525 568
f 526 612 570
f 613 527 570
f 614 528 571
f 532 615 576
f 575 573 616
f 573 574 617
f 534 618 574
f 568 619 611
f 533 620 577
f 621 535 577
f 600 537 601
f 536 622 580
f 580 581 538
f 582 581 624
f 583 582 625
f 583 584 541
f 585 584 627
f 628 548 586
f 629 547 552
f 587 591 630
f 588 632 631
f 634 588 633
f 546 634 589
f 634 635 589
f 637 590 636
f 550 5851 5804
f 593 639 638
f 511 640 594
f 5087 642 595
f 595 643 555
f 643 596 555
f 597 596 645
f 598 599 559
f 599 578 600
f 600 560 558
f 606 603 564
f 648 562 603
f 649 563 604
f 608 606 566
f 609 607 565
f 608 652 653
f 597 654 609
f 655 569 611
f 570 656 613
f 614 613 657
f 658 572 614
f 659 576 615
f 616 619 575
f 616 617 661
f 618 617 574
f 611 663 655
f 577 664 621
f 665 579 621
f 580 666 623
f 624 623 667
f 625 624 668
f 625 626 583
f 626 627 584
f 585 671 586
f 586 672 628
f 636 628 673
f 675 630 674
f 591 676 630
f 631 677 634
f 678 633 679
f 640 635 680
f 636 682 637
f 683 593 638
f 639 594 640
f 638 684 685
f 686 642 641
f 642 688 643
f 688 644 643
f 644 645 596
f 646 618 599
f 650 647 606
f 648 647 692
f 693 604 648
f 694 605 649
f 653 650 608
f 651 652 607
f 652 698 653
f 654 690 699
f 657 656 700
f 657 658 614
f 658 659 615
f 620 703 664
f 661 660 616
f 660 663 619
f 662 661 617
f 655 707 708
f 621 709 665
f 622 710 666
f 667 666 711
f 712 624 667
f 669 670 626
f 670 671 627
f 671 715 672
f 716 628 672
f 673 681 636
f 718 675 674
f 632 675 677
f 674 676 720
f 637 721 676
f 634 722 631
f 679 724 678
f 680 639 640
f 725 635 719
f 682 727 726
f 728 685 684
f 686 731 687
f 732 688 687
f 734 688 733
f 689 690 644
f 694 662 646
f 691 695 736
f 692 691 737
f 693 692 738
f 739 649 693
f 698 695 653
f 741 696 651
f 696 697 652
f 745 697 744
f 654 746 747
f 748 700 656
f 701 700 750
f 701 702 658
f 752 659 702
f 753 664 703
f 706 704 661
f 704 705 660
f 707 705 756
f 748 707 757
f 758 665 709
f 666 759 711
f 667 760 712
f 761 668 712
f 761 713 669
f 763 670 713
f 715 763 764
f 765 672 715
f 717 727 681
f 720 718 674
f 719 768 725
f 677 719 635
f 676 769 720
f 770 682 726
f 678 772 722
f 722 723 679
f 774 723 773
f 725 684 680
f 776 729 728
f 779 730 778
f 732 781 733
f 734 783 689
f 733 782 734
f 783 735 689
f 754 694 739
f 785 691 736
f 737 738 692
f 693 787 739
f 788 698 745
f 747 651 654
f 741 790 742
f 742 743 696
f 744 743 792
f 699 794 746
f 795 747 746
f 757 749 748
f 750 749 798
f 701 799 751
f 702 800 752
f 801 703 752
f 709 802 758
f 704 803 755
f 756 755 804
f 757 756 805
f 806 710 758
f 760 759 807
f 712 808 761
f 761 809 762
f 762 763 713
f 765 764 811
f 764 810 812
f 813 716 765
f 717 814 766
f 815 727 766
f 769 767 720
f 818 718 767
f 768 728 725
f 769 770 819
f 772 820 821
f 773 772 821
f 822 774 773
f 820 724 774
f 777 826 825
f 827 779 778
f 731 780 732
f 829 780 830
f 832 782 831
f 831 781 829
f 833 783 832
f 735 834 699
f 739 803 754
f 736 835 785
f 836 737 785
f 837 738 786
f 838 740 788
f 745 840 788
f 741 796 789
f 841 790 789
f 790 791 742
f 792 791 844
f 792 846 744
f 793 848 794
f 746 849 795
f 796 851 850
f 805 797 757
f 798 797 853
f 750 854 799
f 855 751 799
f 752 856 801
f 857 753 801
f 758 858 806
f 804 803 859
f 804 805 756
f 807 806 861
f 807 808 760
f 863 808 862
f 810 809 864
f 865 765 811
f 811 812 866
f 813 867 814
f 868 766 814
f 815 870 816
f 819 817 769
f 818 817 872
f 826 768 818
f 819 824 873
f 874 821 820
f 773 875 822
f 823 876 877
f 820 823 874
f 777 5092 5090
f 826 880 825
f 882 828 827
f 779 830 780
f 829 884 885
f 831 887 832
f 829 886 831
f 784 888 834
f 832 889 833
f 787 859 803
f 890 785 835
f 891 786 836
f 788 892 838
f 835 893 890
f 840 894 895
f 841 796 850
f 897 841 896
f 898 790 842
f 843 844 791
f 845 844 900
f 846 902 901
f 834 847 793
f 904 847 903
f 905 794 848
f 795 906 851
f 851 908 850
f 860 852 805
f 853 852 910
f 853 854 798
f 855 854 912
f 800 913 856
f 801 914 857
f 915 802 857
f 861 858 916
f 859 860 804
f 861 862 807
f 919 809 863
f 863 918 920
f 866 865 811
f 866 923 922
f 921 867 865
f 868 867 925
f 926 815 868
f 870 928 927
f 816 929 878
f 871 930 931
f 871 872 817
f 818 879 826
f 873 930 819
f 878 873 824
f 935 875 874
f 876 875 936
f 874 877 935
f 879 938 880
f 939 827 881
f 940 883 882
f 883 830 828
f 885 942 943
f 945 886 944
f 944 885 943
f 946 833 889
f 889 948 947
f 917 837 891
f 949 836 890
f 892 895 950
f 838 951 893
f 893 949 890
f 895 954 953
f 850 955 841
f 842 956 898
f 957 843 898
f 900 899 958
f 959 845 900
f 901 894 846
f 901 960 961
f 847 962 903
f 964 903 963
f 848 965 905
f 966 849 905
f 907 906 967
f 917 909 860
f 910 909 970
f 910 911 853
f 854 972 912
f 973 855 912
f 974 856 913
f 975 857 914
f 916 918 861
f 863 977 919
f 978 918 976
f 922 921 866
f 922 980 981
f 924 979 982
f 925 924 983
f 984 869 926
f 986 870 927
f 987 927 928
f 929 934 878
f 931 990 991
f 992 871 931
f 879 932 937
f 993 930 933
f 936 994 995
f 876 995 996
f 994 877 996
f 938 998 997
f 882 999 940
f 941 1000 1001
f 941 884 883
f 943 1003 1002
f 1004 945 944
f 889 1006 946
f 891 969 917
f 950 953 1007
f 950 951 892
f 951 952 893
f 952 969 949
f 953 1011 1012
f 5098 897 5094
f 898 1013 957
f 1014 899 957
f 900 1015 959
f 1016 902 959
f 901 1011 954
f 903 1017 963
f 963 1019 964
f 1020 965 904
f 905 1022 966
f 966 967 906
f 968 967 1024
f 909 1010 970
f 970 971 910
f 972 971 1026
f 1027 912 972
f 974 973 1028
f 1029 914 974
f 1030 915 975
f 916 1031 976
f 1032 920 978
f 980 919 977
f 1031 978 976
f 981 979 922
f 980 1036 981
f 982 983 924
f 982 1034 1038
f 1039 983 1040
f 926 1042 984
f 985 1043 1044
f 927 1045 986
f 1046 988 987
f 928 1044 987
f 934 1049 1048
f 931 1050 992
f 937 992 998
f 1051 990 993
f 995 1054 1053
f 995 1055 996
f 996 1054 994
f 997 1056 1057
f 1000 1059 1001
f 941 1060 942
f 1002 1061 1062
f 1004 1064 1005
f 945 1065 948
f 1066 1006 947
f 1006 962 946
f 1007 1008 950
f 1007 1012 1069
f 1008 1009 951
f 1009 1010 952
f 1072 1011 1073
f 1074 957 1013
f 1075 958 1014
f 1076 959 1015
f 960 1078 1077
f 1073 961 1077
f 1017 1018 963
f 1018 1081 1019
f 964 1082 1020
f 1082 1021 1020
f 1022 1021 1084
f 1023 1022 1085
f 1024 1023 1086
f 1025 1010 1071
f 1025 1026 971
f 972 1088 1027
f 1028 1027 1089
f 1029 1028 1090
f 1029 1030 975
f 1031 1091 1092
f 977 1035 980
f 1032 1033 1093
f 1033 1092 1094
f 1036 1034 981
f 1096 1036 1035
f 1040 1037 1098
f 1038 1095 1099
f 1040 1101 1039
f 1101 1041 1039
f 1102 984 1042
f 1044 1104 1103
f 1045 1047 1105
f 987 1103 1046
f 1107 1046 1106
f 989 1109 1049
f 1048 1110 1111
f 1112 991 1052
f 998 1050 1056
f 1113 1052 1051
f 1111 993 1048
f 1115 1053 1054
f 1053 1117 1055
f 1115 1055 1117
f 5100 1057 5103
f 1056 1119 1057
f 1122 1000 1121
f 1123 1059 1058
f 1001 1125 1060
f 1062 1127 1128
f 1062 1126 1002
f 1126 1063 1004
f 1131 1063 1130
f 1132 1005 1064
f 1134 1066 1133
f 1017 1067 1079
f 1135 1065 1132
f 1068 1069 1136
f 1068 1070 1008
f 1072 1069 1012
f 1073 1140 1072
f 5105 1013 5102
f 1014 1141 1075
f 1142 1015 1075
f 1143 1016 1076
f 1077 1145 1144
f 1139 1077 1144
f 1079 1080 1018
f 1080 1148 1081
f 1149 1019 1081
f 1083 1149 1150
f 1083 1084 1021
f 1085 1084 1152
f 1085 1086 1023
f 1154 1026 1087
f 1027 1155 1089
f 1089 1090 1028
f 1090 1091 1029
f 1092 1157 1158
f 1093 1035 1032
f 1093 1094 1159
f 1092 1160 1094
f 1097 1095 1036
f 1162 1097 1096
f 1099 1161 1164
f 1165 1038 1099
f 1101 1167 1168
f 1042 1168 1102
f 1169 1043 1102
f 1104 1171 1103
f 1172 1045 1105
f 1105 1107 1174
f 1106 1103 1171
f 1106 1176 1107
f 1109 1177 1178
f 1180 1109 1179
f 1181 1111 1110
f 1112 1056 1050
f 1112 1114 1183
f 1051 1182 1113
f 1114 1184 1185
f 1186 1116 1115
f 1188 1116 1187
f 1117 1186 1115
f 1118 1191 1119
f 1193 1058 1122
f 1122 1120 1192
f 1194 1124 1123
f 1059 1196 1125
f 1127 1196 1197
f 1128 1198 1199
f 1129 1128 1200
f 1130 1129 1200
f 1202 1130 1201
f 1064 1203 1132
f 1133 1205 1134
f 1079 1134 1146
f 1133 1135 1206
f 1206 1132 1203
f 1136 1137 1068
f 1069 1208 1136
f 1087 1137 1154
f 1072 1209 1138
f 1211 1139 1210
f 1212 1075 1141
f 1076 1213 1143
f 1214 1078 1143
f 1216 1145 1215
f 1210 1144 1216
f 1217 1080 1146
f 1219 1147 1218
f 1220 1149 1081
f 1151 1150 1222
f 1150 1221 1223
f 1152 1151 1224
f 1225 1088 1154
f 1089 1226 1156
f 1157 1156 1227
f 1094 1228 1159
f 1160 1230 1229
f 1232 1162 1231
f 1099 1234 1165
f 1164 1163 1232
f 1235 1166 1165
f 1167 1238 1168
f 1102 1240 1239
f 1170 1169 1241
f 1242 1170 1243
f 1105 1244 1172
f 1107 1245 1174
f 1171 1175 1106
f 1175 1247 1176
f 1177 1173 1248
f 1109 1249 1179
f 1179 1251 1180
f 1252 1182 1181
f 1110 1254 1181
f 1112 1190 1118
f 1185 1183 1114
f 1113 1253 1184
f 1257 1184 1256
f 1258 1187 1186
f 1187 1260 1188
f 1186 1260 1258
f 1262 1190 1263
f 1191 1189 1119
f 5110 1265 1192
f 1122 1265 1193
f 1123 1266 1194
f 1197 1124 1195
f 1198 1197 1267
f 1199 1269 1268
f 1200 1199 1270
f 1270 1130 1200
f 1271 1201 1272
f 1203 1202 1273
f 1206 1204 1133
f 1275 1205 1204
f 1146 1205 1217
f 1203 1274 1206
f 1136 1277 1207
f 1154 1207 1225
f 1278 1138 1209
f 1211 1209 1140
f 1210 1281 1211
f 1282 1142 1212
f 1143 1283 1214
f 1215 1214 1284
f 1215 1286 1216
f 1216 1280 1210
f 1147 1287 1218
f 1288 1218 1289
f 1148 1290 1220
f 1221 1290 1291
f 1222 1224 1151
f 1222 1223 1293
f 1223 1291 1294
f 1152 1295 1153
f 1296 1155 1225
f 1156 1297 1227
f 1298 1160 1229
f 1227 1230 1158
f 1229 1299 1300
f 1301 1232 1231
f 1231 1228 1298
f 1166 1233 1098
f 1165 1303 1235
f 1304 1236 1235
f 1306 1238 1237
f 1240 1307 1239
f 1241 1243 1170
f 1169 1309 1241
f 1243 1311 1242
f 1174 1312 1244
f 1248 1244 1313
f 1176 1314 1245
f 1242 1246 1175
f 1315 1246 1316
f 1317 1248 1313
f 1318 1178 1319
f 1249 1250 1179
f 1250 1238 1251
f 1254 1251 1306
f 1181 1320 1252
f 1322 1252 1321
f 1183 1263 1190
f 1323 1255 1185
f 1184 1322 1256
f 1256 1326 1257
f 1258 1328 1259
f 1328 1260 1259
f 1258 1329 1327
f 5114 1191 1262
f 1331 1263 1330
f 1264 1333 1265
f 1193 1333 1266
f 1194 1335 1334
f 1267 1195 1336
f 1267 1269 1198
f 1268 1270 1199
f 1268 1340 1339
f 1201 1338 1272
f 1273 1271 1341
f 1271 1343 1342
f 1274 1345 1204
f 1275 1347 1276
f 1276 1217 1205
f 1341 1274 1273
f 1208 1348 1277
f 1296 1207 1277
f 1349 1211 1281
f 1280 1351 1281
f 1213 1352 1283
f 1214 1353 1284
f 1354 1215 1284
f 1355 1285 1356
f 1286 1350 1280
f 1287 1289 1218
f 1358 1219 1288
f 1288 1359 1360
f 1291 1358 1361
f 1293 1292 1222
f 1224 1363 1295
f 1293 1294 1364
f 1361 1294 1291
f 1296 1297 1226
f 1298 1300 1367
f 1366 1230 1297
f 1300 1369 1368
f 1367 1231 1298
f 1370 1302 1301
f 1305 1233 1236
f 1303 1374 1235
f 1374 1304 1235
f 1305 1375 1321
f 1372 1237 1233
f 1307 1309 1239
f 1241 1377 1308
f 1378 1243 1308
f 1310 1380 1311
f 1381 1245 1314
f 1382 1244 1312
f 1383 1247 1315
f 1316 1311 1380
f 1315 1384 1385
f 1313 1386 1317
f 1317 1319 1178
f 1307 1318 1376
f 1319 1388 1318
f 1306 1320 1254
f 1321 1389 1322
f 1324 1263 1255
f 1323 1391 1324
f 1322 1325 1256
f 1393 1325 1392
f 1257 1390 1323
f 1394 1328 1327
f 1328 1396 1329
f 1329 1394 1327
f 5114 1331 5116
f 1331 1398 1397
f 1333 1400 1399
f 1401 1333 1399
f 1335 1401 1402
f 1334 1336 1195
f 1336 1337 1267
f 1337 1340 1269
f 1339 1338 1268
f 1339 1407 1408
f 1406 1272 1338
f 1409 1271 1342
f 1410 1343 1411
f 1345 1413 1412
f 1345 1346 1275
f 1415 1346 1416
f 1276 1357 1287
f 1413 1341 1409
f 1369 1278 1279
f 1277 1366 1296
f 1417 1281 1351
f 1368 1279 1349
f 1419 1350 1418
f 1421 1283 1352
f 1422 1284 1353
f 1424 1356 1423
f 1418 1355 1424
f 1425 1289 1357
f 1360 1358 1288
f 1427 1358 1426
f 1293 1428 1362
f 1363 1362 1429
f 1365 1364 1294
f 1365 1427 1431
f 1363 5115 5113
f 1367 1368 1432
f 1299 1348 1369
f 1432 1301 1367
f 1433 1371 1370
f 1303 1371 1373
f 1374 1435 1436
f 1436 1375 1374
f 1376 1377 1309
f 1377 1378 1308
f 1379 1378 1439
f 1441 1379 1440
f 1442 1312 1381
f 1384 1380 1441
f 1385 1444 1443
f 1442 1386 1382
f 1387 1386 1445
f 1318 1437 1376
f 1447 1387 1446
f 1324 1398 1330
f 1390 1449 1391
f 1392 1389 1436
f 1450 1393 1392
f 1390 1393 1448
f 1395 1453 1452
f 1395 1454 1396
f 1455 1394 1396
f 1397 5116 1331
f 1397 1457 1458
f 5117 1400 1332
f 1459 1400 1460
f 1461 1335 1402
f 1462 1403 1334
f 1404 1403 1464
f 1405 1404 1465
f 1466 1340 1405
f 1408 1406 1339
f 1468 1408 1407
f 1467 1343 1406
f 1470 1342 1410
f 1411 1472 1410
f 1414 1412 1473
f 1412 1474 1475
f 1476 1346 1414
f 1357 1415 1425
f 1478 1416 1477
f 1470 1413 1409
f 1432 1349 1417
f 1417 1419 1433
f 1418 1480 1419
f 1352 6681 1421
f 1481 1353 1421
f 1482 1354 1422
f 1423 1484 1424
f 1356 1485 1423
f 1424 1479 1418
f 1488 1426 1489
f 1428 1430 1490
f 1429 1492 1491
f 1430 1431 1493
f 1494 1427 1488
f 1417 1370 1432
f 1480 1433 1419
f 1373 1434 1435
f 1436 1450 1392
f 1438 1437 1495
f 1438 1439 1378
f 1440 1439 1497
f 1498 1440 1499
f 1444 1441 1498
f 1501 1443 1502
f 1504 1444 1503
f 1388 1495 1437
f 1506 1446 1505
f 1449 1398 1391
f 1449 1508 1507
f 1450 1479 1451
f 1451 1448 1393
f 1509 1452 1453
f 1452 1511 1454
f 1509 1455 1512
f 1513 1397 1458
f 1458 1514 1515
f 1459 1402 1399
f 1459 1517 1518
f 1461 1463 1462
f 1402 1520 1461
f 1464 1463 1521
f 1464 1465 1404
f 1405 1523 1466
f 1524 1407 1466
f 1467 1469 1525
f 1526 1469 1468
f 1525 1411 1467
f 1410 1528 1470
f 1530 1471 1529
f 1473 1476 1414
f 1473 1475 1531
f 1475 1532 1533
f 1535 1476 1534
f 1425 1478 1536
f 1477 1538 1478
f 1528 1474 1470
f 1421 1539 1481
f 1482 1481 1540
f 1485 1483 1423
f 1484 1507 1508
f 1485 1540 1542
f 1451 1484 1508
f 1486 1536 1543
f 1487 1489 1426
f 1489 1547 1488
f 1548 1430 1493
f 1492 1490 1549
f 1491 1549 1550
f 1431 1551 1493
f 1547 1494 1488
f 1434 1450 1435
f 1553 1438 1495
f 1554 1439 1496
f 1556 1499 1555
f 1503 1498 1556
f 1502 1504 1557
f 1501 1558 1505
f 1503 1560 1504
f 1505 1561 1506
f 1505 1500 1501
f 1457 1507 1514
f 1511 1562 1563
f 1454 1512 1455
f 1509 1564 1565
f 1566 1458 1515
f 1541 1515 1514
f 1517 5118 5122
f 1516 1518 1568
f 1518 1569 1570
f 1520 1519 1461
f 1521 1519 1572
f 1573 1516 1568
f 1521 1522 1464
f 1522 1523 1465
f 1466 1576 1524
f 1468 1577 1526
f 1525 1527 1578
f 1579 1527 1526
f 1471 1578 1529
f 1581 1472 1530
f 1534 1531 1533
f 1533 1583 1582
f 1534 1585 1535
f 1586 1478 1538
f 1587 1537 1477
f 1537 1590 1538
f 1581 1532 1528
f 1539 1540 1481
f 1567 1485 1542
f 1514 1483 1541
f 1542 1591 1592
f 1593 1536 1586
f 1595 1543 1594
f 1486 1596 1544
f 1596 1487 1544
f 1545 1546 1489
f 1547 1599 1598
f 1493 1600 1548
f 1548 1549 1490
f 1552 1551 1494
f 1598 1552 1547
f 1604 1496 1553
f 1605 1497 1554
f 1606 1556 1555
f 1608 1499 1605
f 1556 1559 1503
f 1609 1502 1557
f 1504 1610 1557
f 1560 1612 1611
f 1613 1558 1609
f 1604 1561 1614
f 1615 1563 1562
f 1512 1563 1564
f 1617 1564 1618
f 1515 1619 1566
f 1569 5122 5125
f 1568 1570 1620
f 1622 1569 1621
f 1571 1573 1623
f 1519 1624 1572
f 1521 1625 1574
f 1573 1620 1626
f 1522 1627 1575
f 1628 1523 1575
f 1629 1524 1576
f 1526 1630 1579
f 1578 1580 1631
f 1632 1579 1633
f 1530 1635 1581
f 1584 1533 1582
f 1582 1636 1637
f 1638 1584 1639
f 1587 1535 1585
f 1538 1640 1586
f 1641 1588 1587
f 1589 1588 1643
f 1644 1589 1645
f 1581 1636 1583
f 1591 5123 5126
f 1542 1619 1567
f 5127 1591 5126
f 1646 1543 1593
f 1647 1586 1640
f 1594 1649 1595
f 1596 1649 1650
f 1650 1545 1596
f 1546 1651 1599
f 1598 1652 1653
f 1602 1600 1551
f 1655 1548 1600
f 1603 1602 1552
f 1653 1603 1598
f 1554 1614 1605
f 1659 1555 1608
f 1608 1614 1660
f 1612 1607 1661
f 1610 1609 1557
f 1611 1610 1560
f 1611 1664 1665
f 1662 1613 1609
f 1614 1613 1660
f 1615 1669 1616
f 1564 1616 1618
f 1562 1670 1615
f 1670 1565 1617
f 1617 1671 1672
f 1621 5125 5129
f 1673 1570 1622
f 1675 1621 1674
f 1676 1571 1623
f 1627 1573 1626
f 1625 5207 5208
f 1626 1673 1679
f 1626 1628 1575
f 1680 1576 1628
f 1681 1577 1629
f 1579 1682 1633
f 1632 1631 1580
f 1632 1684 1685
f 1687 1634 1686
f 1582 1639 1584
f 1688 1636 1689
f 1587 1638 1641
f 1638 1690 1691
f 1692 1590 1644
f 1693 1642 1641
f 1643 1642 1695
f 1643 1645 1589
f 1697 1645 1698
f 1635 1689 1636
f 1646 1648 1594
f 1593 1700 1646
f 1640 1701 1647
f 1702 1648 1703
f 1702 1650 1649
f 1704 1597 1650
f 1705 1599 1651
f 1653 1707 1706
f 1602 1708 1654
f 1600 1709 1655
f 1710 1603 1658
f 1706 1658 1653
f 1660 1659 1608
f 1606 1713 1661
f 1662 1663 1714
f 1664 1714 1665
f 1714 1666 1662
f 1712 1613 1666
f 1670 1668 1615
f 1718 1668 1717
f 1616 1671 1618
f 1617 1716 1670
f 1672 1720 1719
f 1674 5129 5130
f 1721 1622 1675
f 1723 1674 1722
f 1623 1625 1676
f 1624 1678 1724
f 1725 1678 1677
f 1726 1673 1721
f 1680 1679 1726
f 1727 1629 1680
f 1728 1630 1681
f 1729 1633 1682
f 1632 1730 1683
f 1685 1732 1731
f 1686 1734 1687
f 1686 1683 1730
f 1688 1639 1637
f 1689 1735 1688
f 1641 1691 1693
f 1692 1697 1736
f 1737 1694 1693
f 1695 1694 1739
f 1695 1696 1643
f 1645 1741 1698
f 1697 1742 1743
f 1699 1700 1744
f 1699 1703 1648
f 1647 1746 1700
f 1748 1703 1747
f 1748 1704 1702
f 1651 1749 1705
f 1750 1652 1705
f 1751 1707 1752
f 1753 1657 1710
f 1754 1654 1708
f 1710 1711 1756
f 1751 1711 1706
f 1661 1715 1664
f 1713 1666 1715
f 1668 1759 1717
f 1761 1717 1760
f 1669 1720 1671
f 1716 1719 1759
f 1762 1719 1720
f 1722 5130 5131
f 1764 1675 1723
f 1722 1766 1723
f 1721 1767 1726
f 1726 1727 1680
f 1728 1727 1768
f 1682 1769 1729
f 1770 1684 1729
f 1771 1685 1731
f 1731 1772 1773
f 1730 1733 1686
f 1774 1733 1775
f 1735 1690 1688
f 1777 1734 1774
f 1737 1691 1776
f 1736 1697 1743
f 1737 1779 1738
f 1739 1738 1780
f 1740 1739 1781
f 1782 1696 1740
f 1783 1742 1698
f 1785 1742 1784
f 1744 1745 1699
f 1744 1746 1787
f 1788 1701 1736
f 1747 1790 1748
f 1749 1790 1791
f 1749 1750 1705
f 1752 1750 1792
f 1752 1794 1751
f 1795 1708 1753
f 1753 1756 1796
f 1754 1797 1755
f 1756 1757 1798
f 1751 1799 1757
f 1760 1759 1800
f 1801 1760 1800
f 1762 1718 1761
f 1800 1719 1802
f 1803 1763 1762
f 1802 1763 1804
f 1723 1805 1764
f 1807 1765 1806
f 1768 1767 1808
f 1809 1728 1768
f 1729 1810 1770
f 1811 1732 1770
f 1731 1812 1771
f 1813 1773 1772
f 1775 1771 1812
f 1775 1816 1774
f 1776 1777 1817
f 1816 1777 1774
f 1737 1817 1778
f 1736 1743 1785
f 1820 1778 1819
f 1738 1821 1780
f 1780 1781 1739
f 1740 1823 1782
f 1825 1784 1824
f 1745 1826 1747
f 1746 1827 1787
f 1828 1788 1736
f 1826 1789 1747
f 1832 1789 1831
f 1833 1790 1832
f 1792 1791 1833
f 1834 1794 1793
f 1796 1795 1753
f 1796 1798 1837
f 1797 1836 1838
f 1798 1799 1839
f 1794 1840 1799
f 1800 1842 1801
f 1761 1803 1762
f 1804 1801 1842
f 1844 1804 1843
f 1807 1805 1766
f 1846 1807 1806
f 1849 1769 1809
f 1850 1770 1810
f 1772 1851 1813
f 1814 1812 1773
f 1853 1814 1813
f 1775 1852 1815
f 1855 1816 1815
f 1857 1777 1818
f 1818 1856 1858
f 1819 1817 1857
f 1819 1860 1820
f 1861 1779 1820
f 1821 1822 1780
f 1823 1822 1863
f 1783 6979 5134
f 1825 1828 1785
f 1865 1786 1787
f 1787 1866 1865
f 1867 1828 1864
f 1868 1826 1865
f 1830 1831 1789
f 1870 1832 1831
f 1832 1872 1833
f 1873 1833 1872
f 1873 1793 1792
f 1874 1835 1834
f 1836 1837 1876
f 1837 1839 1877
f 1876 1838 1836
f 1880 1838 1879
f 1839 1840 1881
f 1875 1840 1835
f 1841 1884 1842
f 1843 1842 1884
f 1886 1843 1885
f 1883 1802 1844
f 1807 1887 1845
f 1809 1888 1849
f 1889 1810 1849
f 1890 1811 1850
f 1851 1853 1813
f 1852 1854 1892
f 1893 1854 1853
f 1815 1892 1855
f 1895 1856 1855
f 1857 1858 1897
f 1858 1896 1898
f 1899 1860 1859
f 1820 1901 1861
f 1902 1821 1861
f 1903 1825 5137
f 1904 1827 1829
f 1865 1905 1868
f 1906 1829 1867
f 1907 1864 1903
f 1868 1869 1830
f 1870 1869 1909
f 1910 1871 1870
f 1873 1912 1913
f 1913 1834 1873
f 1915 1874 1914
f 1839 1916 1877
f 1917 1876 1877
f 1879 1878 1918
f 1919 1879 1920
f 1840 1921 1881
f 1922 1875 1915
f 1924 1883 1923
f 1843 1924 1885
f 1925 1886 1885
f 1923 1844 1886
f 1888 1845 1887
f 1849 1928 1889
f 1850 1929 1890
f 1851 1930 1891
f 1893 1891 1931
f 1894 1892 1854
f 1933 1894 1893
f 1855 1932 1895
f 1896 1936 1935
f 1897 1898 1937
f 1938 1896 1935
f 1939 1900 1899
f 1941 1860 1900
f 1942 1861 1901
f 1943 1866 1904
f 1905 1908 1868
f 1919 1867 1907
f 1904 1945 1943
f 1909 1908 1947
f 1948 1870 1909
f 1911 1950 1949
f 1952 1911 1951
f 1874 1953 1954
f 1914 1956 1915
f 1881 1957 1916
f 1877 1958 1917
f 1917 1918 1878
f 1920 1918 1960
f 1907 1880 1919
f 1919 1945 1906
f 1961 1882 1922
f 1915 1962 1922
f 1923 1964 1924
f 1964 1885 1924
f 1926 1966 1965
f 1923 1926 1963
f 1928 1887 1969
f 1889 1970 1929
f 1971 1890 1929
f 1891 1972 1931
f 1933 1931 1973
f 1934 1932 1894
f 1975 1934 1933
f 1895 1974 1936
f 1935 1977 1978
f 1938 1937 1898
f 1899 1937 1939
f 1935 1980 1938
f 1981 1940 1939
f 1900 1983 1941
f 1984 1901 1941
f 1944 1943 1985
f 1945 1985 1943
f 1909 1987 1948
f 1988 1910 1948
f 1949 1951 1911
f 1949 1990 1991
f 1992 1952 1951
f 1912 1952 1994
f 1953 1996 1954
f 1914 1997 1955
f 1956 1990 1998
f 1999 1921 1961
f 1916 2000 1958
f 2001 1917 1958
f 1960 1959 2002
f 1986 1920 1960
f 1962 1961 1922
f 1998 1962 1956
f 1964 2005 2006
f 2006 1925 1964
f 1926 2005 1963
f 1965 2008 2007
f 1968 1967 5139
f 1967 1969 1927
f 1970 1969 2010
f 1929 2011 1971
f 2012 1930 1971
f 1931 2013 1973
f 2014 1933 1973
f 2015 1934 1976
f 2016 1976 1975
f 2015 1936 1974
f 2018 1978 1977
f 1938 2020 1979
f 1939 1979 1981
f 1980 2019 2021
f 2022 1982 1981
f 1983 1982 2024
f 1941 2025 1984
f 1985 1947 1944
f 2027 1986 2002
f 1987 2027 2028
f 1948 2029 1988
f 1998 1950 1988
f 1991 1989 1949
f 1992 1989 2031
f 1955 1991 1990
f 2032 1992 2033
f 1952 2034 1994
f 1994 1953 1912
f 2036 1995 2035
f 1954 2037 1997
f 1999 2000 1957
f 2001 2000 2039
f 2040 1959 2001
f 2004 2003 1962
f 1988 2004 1998
f 2042 2006 2005
f 1966 2043 2008
f 2042 1965 2007
f 2007 2044 2045
f 2009 2010 1967
f 2047 1970 2010
f 2011 2012 1971
f 1972 2049 2013
f 1973 2050 2014
f 2016 2014 2051
f 2015 2017 2052
f 2054 2016 2053
f 2052 1977 2015
f 2055 2019 2018
f 2020 2021 2057
f 1981 2020 2022
f 2021 2056 2058
f 2023 2060 2059
f 2024 2023 2061
f 2024 2025 1983
f 1984 2063 2026
f 2028 2002 2040
f 2029 2028 2064
f 1997 2030 1991
f 2030 2031 1989
f 1992 2066 2033
f 2067 1993 2032
f 2032 2068 2069
f 2035 1994 2034
f 2035 2071 2036
f 2037 2073 2072
f 2003 2038 1999
f 2041 2029 2064
f 2042 2075 2043
f 2044 2043 2075
f 2007 2074 2042
f 2009 2077 2047
f 2048 2047 2077
f 2048 2049 2012
f 2013 2079 2050
f 2051 2050 2080
f 2053 2051 2081
f 2052 2054 2082
f 2083 2054 2053
f 2085 2052 2082
f 2056 2087 2086
f 2057 2022 2020
f 2058 2057 2021
f 2058 2086 2089
f 2059 2061 2023
f 2059 2091 2092
f 2061 2062 2024
f 2063 2062 2094
f 2064 2040 2039
f 2072 2030 2037
f 2066 2065 2095
f 2033 2096 2068
f 2034 2070 2035
f 2097 2069 2068
f 2071 2100 2099
f 2101 2036 2071
f 2101 2072 2073
f 2039 2041 2064
f 2074 2104 2075
f 2044 2106 2105
f 2103 2045 2105
f 2107 2046 2076
f 2077 2078 2048
f 2078 2110 2049
f 2111 2050 2079
f 2081 2080 2112
f 2081 2114 2053
f 2082 2084 2115
f 2084 2116 2117
f 2115 2085 2082
f 2118 2055 2085
f 2086 2120 2119
f 2088 2060 2057
f 2089 2088 2058
f 2122 2086 2119
f 2059 2123 2090
f 2124 2061 2090
f 2125 2092 2091
f 2094 2093 2127
f 2065 2102 2095
f 2128 2066 2095
f 2068 2129 2097
f 2130 2070 2067
f 2131 2069 2098
f 2101 2099 2133
f 2135 2100 2134
f 2101 2136 2102
f 2103 2138 2104
f 2105 2139 2140
f 2105 2137 2103
f 2076 2141 2107
f 2107 2109 2078
f 2144 2109 2143
f 2111 2112 2080
f 2079 2144 2111
f 2113 2112 2146
f 2113 2148 2114
f 2115 2117 2149
f 2114 2116 2083
f 2150 2116 2151
f 2149 2118 2115
f 2087 2152 2120
f 2091 2121 2125
f 2153 2122 2119
f 2123 2126 2155
f 2124 2123 2156
f 2157 2093 2124
f 2158 2126 2125
f 2095 2136 2128
f 2160 2096 2128
f 2162 2129 2161
f 2100 2163 2134
f 2131 2130 2132
f 2165 2098 2164
f 2166 2099 2135
f 2134 2168 2135
f 2133 2169 2136
f 2137 2171 2138
f 2139 2104 2138
f 2140 2172 2173
f 2140 2170 2137
f 2174 2108 2142
f 2143 2177 2144
f 2144 2145 2111
f 2146 2145 2178
f 2146 2147 2113
f 2147 2181 2148
f 2117 2182 2149
f 2148 2151 2116
f 2151 2184 2150
f 2182 2152 2149
f 2120 2185 2186
f 2187 2125 2121
f 2119 2188 2153
f 2189 2154 2153
f 2191 2154 2192
f 2193 2123 2155
f 2194 2126 2159
f 2156 2157 2124
f 2196 2159 2158
f 2136 2160 2128
f 2161 2160 2198
f 2161 2200 2162
f 2163 2167 2134
f 2164 2162 2200
f 2131 2201 2163
f 2164 2203 2165
f 2204 2135 2168
f 2166 2205 2169
f 2171 2207 2206
f 2172 2138 2171
f 2209 2172 2208
f 2209 2170 2173
f 2142 2210 2174
f 2212 2176 2143
f 2176 2215 2177
f 2178 2177 2215
f 2146 2216 2179
f 2180 2179 2217
f 2219 2180 2218
f 2150 2220 2182
f 2183 2181 2219
f 2183 2222 2184
f 2223 2182 2220
f 2185 2224 2186
f 2225 2158 2187
f 2226 2186 2224
f 2227 2153 2188
f 2228 2190 2189
f 2192 2190 2230
f 2187 2192 2225
f 2193 2195 2156
f 2155 2232 2193
f 2159 2233 2194
f 2197 2234 2235
f 2198 2169 2205
f 2198 2199 2161
f 2237 2199 2238
f 2201 2240 2167
f 2200 2202 2164
f 2165 2239 2201
f 2202 2242 2203
f 2168 2244 2204
f 2245 2204 2244
f 2172 2206 2208
f 2246 2206 2207
f 2248 2209 2208
f 2249 2207 2209
f 2175 2250 2210
f 2174 2213 2212
f 2214 2213 2251
f 2214 2253 2215
f 2215 2216 2178
f 2254 2179 2216
f 2180 2255 2218
f 2218 2257 2219
f 2220 2259 2258
f 2219 2221 2183
f 2221 2261 2222
f 2262 2220 2258
f 2224 2262 2263
f 2264 2196 2225
f 2265 2188 2226
f 2224 2266 2226
f 2229 2268 2267
f 2190 2269 2230
f 2270 2192 2230
f 2193 2271 2231
f 2272 2194 2233
f 2273 2197 2235
f 2235 2275 2274
f 2205 2236 2198
f 2276 2199 2236
f 2238 2278 2237
f 2279 2239 2280
f 2237 2241 2202
f 2203 2280 2239
f 2281 2242 2241
f 2283 2243 2284
f 2283 2245 2244
f 2208 2247 2248
f 2246 2287 2247
f 2249 2289 2288
f 2288 2246 2249
f 2290 2211 7438
f 2251 2210 2250
f 2251 2252 2214
f 2252 2294 2253
f 2254 2253 2294
f 2217 2295 2255
f 2255 2256 2218
f 2258 2297 2298
f 2260 2257 2299
f 2261 2301 2300
f 2297 2222 2261
f 2302 2258 2298
f 2262 2303 2263
f 2304 2234 2264
f 2266 2265 2226
f 2306 2265 2307
f 2308 2229 2267
f 2306 2228 2227
f 2271 2309 2310
f 2233 2311 2272
f 2273 2274 2312
f 2313 2275 2314
f 2236 2285 2276
f 2315 2238 2276
f 2316 2277 2317
f 2284 2279 2318
f 2280 2320 2279
f 2321 2278 2316
f 2319 2242 2282
f 2282 2323 2322
f 2283 2318 2324
f 2324 2285 2283
f 2248 2287 2289
f 2326 2287 2286
f 2288 2328 2329
f 2288 2326 2286
f 2330 7438 2291
f 2251 2331 2292
f 2333 2252 2292
f 2293 2335 2294
f 2295 2294 2335
f 2255 2336 2296
f 2296 2338 2256
f 2339 2260 2299
f 2300 2297 2261
f 2298 2342 2302
f 2302 2343 2303
f 2314 2304 2344
f 2345 2264 2270
f 2307 2305 2346
f 2308 2349 2269
f 2351 2267 2350
f 2352 2268 2306
f 2312 2311 2273
f 2311 2309 2272
f 2312 2357 2356
f 2357 2313 2358
f 2358 2314 2359
f 2276 2325 2315
f 2315 2317 2277
f 2317 2362 2316
f 2318 2320 2363
f 2364 2319 2365
f 2316 2366 2321
f 2365 2282 2322
f 2321 2323 2281
f 2368 2323 2367
f 2324 2363 2369
f 2369 2325 2324
f 2287 2328 2289
f 2371 2326 2372
f 2373 2329 2328
f 2326 2374 2372
f 2332 2330 2291
f 2330 2331 2290
f 2377 2331 2376
f 2379 2333 2378
f 2334 2379 2380
f 2334 2382 2335
f 2295 2382 2336
f 2337 2336 2383
f 2338 2384 2385
f 2338 2299 2256
f 2386 2301 2339
f 2340 2389 2388
f 2341 2340 2388
f 2341 2391 2342
f 2342 2392 2343
f 2393 2303 2343
f 2396 2304 2345
f 2314 2397 2359
f 2400 2346 2399
f 2401 2305 2398
f 2395 2347 2263
f 2351 2348 2308
f 2345 2348 2396
f 2404 2351 2350
f 2350 2353 2406
f 2353 2408 2407
f 2356 2355 2312
f 2354 2355 2409
f 2356 2412 2413
f 2414 2357 2358
f 2359 2414 2358
f 2315 2370 2360
f 2361 2360 2416
f 2418 2361 2417
f 2419 2320 2364
f 2420 2365 2421
f 2422 2362 2418
f 2322 2421 2365
f 2367 2366 2422
f 2367 2424 2368
f 2363 2425 2369
f 2369 2426 2370
f 2371 2328 2327
f 2428 2372 2427
f 2374 2430 2429
f 2429 2372 2374
f 2432 2330 2375
f 2433 2376 2432
f 2378 2377 2433
f 2434 2334 2380
f 2435 2382 2381
f 2383 2384 2337
f 2383 2436 2438
f 2385 2339 2338
f 2440 2386 2439
f 2388 2441 2442
f 2442 2341 2388
f 2444 2390 2443
f 2392 2444 2445
f 2393 2392 2446
f 2393 2448 2394
f 2394 2395 2303
f 2397 2415 2359
f 2399 2452 2400
f 2352 2400 2453
f 2399 2401 2454
f 2398 2456 2401
f 2458 2402 2457
f 2347 2455 2398
f 2403 2405 2459
f 2396 2403 2460
f 2406 2404 2350
f 2462 2405 2404
f 2407 2406 2353
f 2352 2464 2408
f 2407 2465 2466
f 2467 2409 2468
f 2413 2411 2356
f 2409 2411 2468
f 2413 2471 2470
f 2412 2472 2471
f 2472 2415 2473
f 2416 2370 2426
f 2361 2474 2417
f 2417 2476 2418
f 2477 2364 2420
f 2420 2478 2479
f 2480 2418 2476
f 2424 2421 2368
f 2422 2423 2367
f 2424 2481 2482
f 2419 2483 2425
f 2484 2425 2483
f 2430 2371 2428
f 2485 2428 2427
f 2429 2487 2488
f 2433 2490 2491
f 2491 2378 2433
f 2490 2434 2380
f 2381 2493 2435
f 2436 2495 2438
f 2496 2383 2438
f 2497 2384 2437
f 2439 2385 2498
f 2500 2442 2441
f 2501 2390 2442
f 2444 2503 2502
f 2504 2392 2445
f 2446 2447 2393
f 2447 2507 2448
f 2394 2508 2449
f 2509 2450 2397
f 2473 2450 2511
f 2399 2511 2451
f 2462 2400 2452
f 2512 2401 2456
f 2457 2449 2508
f 2514 2458 2513
f 2459 2460 2403
f 2459 2452 2510
f 2463 2461 2406
f 2462 2461 2516
f 2466 2463 2407
f 2516 2453 2462
f 2408 2518 2465
f 2520 2465 2519
f 2467 2522 2521
f 2470 2469 2413
f 2468 2469 2522
f 2524 2470 2471
f 2472 2527 2471
f 2526 2473 2512
f 2474 2426 2484
f 2417 2528 2475
f 2476 2530 2529
f 2479 2477 2420
f 2532 2479 2478
f 2534 2476 2529
f 2482 2478 2424
f 2481 2480 2534
f 2535 2482 2481
f 2537 2477 2531
f 2483 2538 2484
f 2485 2540 2486
f 2488 2542 2541
f 2431 2544 2495
f 2491 2380 2494
f 2547 2496 2438
f 2549 2498 2497
f 2439 2550 2551
f 2553 2500 2554
f 2441 2555 2500
f 2556 2501 2553
f 2557 2502 2503
f 2445 2560 2504
f 2505 2506 2447
f 2563 2506 2562
f 2508 2507 2564
f 2511 2510 2451
f 2473 2454 2512
f 2526 2456 2514
f 2565 2508 2564
f 2566 2513 2567
f 2517 2515 2463
f 2516 2515 2569
f 2570 2517 2466
f 2569 2464 2516
f 2572 2518 2573
f 2575 2519 2574
f 2572 2519 2465
f 2522 2578 2521
f 2579 2525 2524
f 2514 2527 2526
f 2538 2474 2484
f 2580 2475 2528
f 2529 2582 2581
f 2531 2533 2583
f 2584 2533 2532
f 2581 2534 2529
f 2532 2536 2584
f 2535 2534 2586
f 2587 2536 2535
f 2589 2531 2583
f 2590 2537 2589
f 2591 2485 2541
f 2540 2593 2592
f 2540 2595 2486
f 2541 2596 2591
f 2967 2857 5148
f 2543 2544 2489
f 2547 2544 2598
f 2547 2599 2548
f 2496 2600 2497
f 2497 2601 2549
f 2550 2603 2602
f 2604 2440 2551
f 2554 2555 2606
f 2553 2607 2608
f 2605 2555 2552
f 2553 2610 2556
f 2611 2558 2557
f 2559 2502 2558
f 2557 2556 2610
f 2559 2615 2560
f 2504 2616 2613
f 2561 2617 2618
f 2506 2619 2562
f 2567 2563 2562
f 2563 2564 2507
f 2565 2513 2457
f 2563 2565 2564
f 2566 2562 2579
f 2568 2571 2620
f 2621 2515 2568
f 2622 2571 2570
f 2573 2569 2621
f 2573 2576 2572
f 2574 2626 2575
f 2570 2575 2622
f 2574 2576 2627
f 2523 2577 2522
f 2579 2578 2577
f 2527 2579 2524
f 2528 2590 2580
f 2530 2629 2582
f 2581 2631 2630
f 2583 2585 2632
f 2585 2634 2633
f 2630 2586 2581
f 2588 2584 2536
f 2535 2635 2587
f 2588 2636 2637
f 2589 2632 2638
f 2638 2590 2589
f 2591 2593 2539
f 2592 2594 2540
f 2643 2593 2642
f 2542 2594 2596
f 2640 2596 2644
f 2543 2646 2597
f 2647 2598 2648
f 2649 2548 2599
f 2650 2600 2649
f 2601 2603 2549
f 2602 2653 2550
f 2602 2654 2655
f 2604 2605 2499
f 2551 2656 2604
f 2606 2607 2554
f 2606 2609 2658
f 2607 2660 2608
f 2662 2605 2661
f 2608 2663 2610
f 2557 2663 2611
f 2665 2611 2664
f 2559 2612 2614
f 2560 2666 2616
f 2618 2667 2668
f 2669 2619 2561
f 2619 2628 2562
f 2621 2620 2672
f 2620 2623 2673
f 2674 2623 2622
f 2672 2573 2621
f 2576 2676 2627
f 2627 2625 2574
f 2625 2679 2626
f 2674 2575 2626
f 2639 2580 2590
f 2582 2680 2631
f 2630 2681 2682
f 2632 2633 2683
f 2633 2685 2684
f 2682 2635 2630
f 2637 2634 2588
f 2686 2587 2635
f 2687 2637 2636
f 2638 2683 2689
f 2689 2639 2638
f 2593 2691 2642
f 2592 2692 2641
f 2596 2641 2644
f 2642 2694 2643
f 2695 2640 2644
f 2697 2646 2698
f 2699 2599 2647
f 2697 2647 2648
f 2650 2651 2601
f 2702 2649 2699
f 2654 2651 2703
f 2652 2655 2704
f 2652 2656 2653
f 2706 2605 2656
f 2606 2707 2657
f 2659 2657 2708
f 2709 2609 2662
f 2711 2659 2710
f 2712 2661 2713
f 2714 2663 2660
f 2664 2717 2665
f 2612 2718 2614
f 2664 2715 2719
f 2720 2615 2721
f 2616 2667 2617
f 2668 2723 2722
f 2668 2669 2618
f 2724 2670 2669
f 2671 2670 2726
f 2673 2672 2620
f 2673 2675 2728
f 2729 2674 2730
f 2727 2624 2672
f 2627 2731 2677
f 2677 2678 2625
f 2678 2734 2679
f 2626 2730 2674
f 2690 2629 2639
f 2631 2735 2681
f 2736 2682 2681
f 2684 2683 2633
f 2684 2739 2740
f 2737 2686 2682
f 2685 2688 2739
f 2636 2741 2687
f 2688 2743 2742
f 2689 2738 2744
f 2744 2690 2689
f 2693 2691 2746
f 2747 2643 2694
f 2641 2695 2644
f 2748 2693 2749
f 2691 2750 2746
f 2696 2698 2646
f 2698 2700 2697
f 2700 2699 2647
f 2650 2755 2701
f 2756 2699 2754
f 2704 2705 2652
f 2706 2713 2661
f 2759 2658 2709
f 2657 2760 2708
f 2708 2710 2659
f 2762 2662 2712
f 2710 2764 2711
f 2660 2765 2714
f 2712 2766 2767
f 2664 2768 2716
f 2770 2716 2769
f 2771 2665 2717
f 2721 2718 2771
f 2723 2666 2720
f 2721 2773 2720
f 2724 2722 2774
f 2722 2776 2775
f 2774 2725 2724
f 2726 2725 2778
f 2728 2727 2673
f 2780 2675 2729
f 2730 2782 2729
f 2779 2676 2727
f 2731 2732 2677
f 2733 2732 2784
f 2785 2733 2786
f 2781 2679 2734
f 2680 2745 2735
f 2681 2787 2736
f 2788 2737 2736
f 2740 2738 2684
f 2740 2791 2792
f 2789 2741 2737
f 2742 2739 2688
f 2687 2793 2743
f 2794 2743 2795
f 2744 2790 2796
f 2796 2745 2744
f 2747 2695 2692
f 2694 2798 2747
f 2748 2799 2800
f 2746 2801 2749
f 2752 2804 2696
f 2754 2753 2805
f 2806 2702 2756
f 2808 2757 2807
f 2766 2758 2810
f 2709 2811 2759
f 2707 2812 2760
f 2813 2710 2761
f 2767 2762 2712
f 2763 2816 2764
f 2711 2817 2765
f 2714 2818 2819
f 2766 2821 2767
f 2822 2716 2768
f 2769 2824 2770
f 2825 2717 2770
f 2772 2771 2825
f 2773 2723 2720
f 2827 2772 2826
f 2775 2774 2722
f 2828 2777 2774
f 2778 2777 2830
f 2831 2728 2780
f 2782 2780 2729
f 2781 2834 2782
f 2779 2783 2731
f 2784 2783 2835
f 2784 2786 2733
f 2786 2838 2785
f 2839 2781 2734
f 2735 2797 2787
f 2736 2840 2788
f 2841 2789 2788
f 2792 2790 2740
f 2792 2845 2844
f 2793 2842 2846
f 2794 2791 2742
f 2795 2793 2846
f 2795 2848 2794
f 2796 2843 2849
f 2849 2797 2796
f 2747 2801 2750
f 2748 2851 2798
f 2749 2852 2799
f 2800 2853 2854
f 2752 2856 2803
f 2753 2857 2805
f 2858 2756 2805
f 2859 2808 2807
f 2861 2705 2808
f 2810 2820 2766
f 2812 2811 2863
f 2812 2865 2760
f 2866 2763 2813
f 2867 2815 2763
f 2869 2816 2815
f 2871 2764 2816
f 2817 2818 2765
f 2819 2873 2874
f 2875 2820 2876
f 2822 2823 2769
f 2768 2874 2822
f 2878 2823 2879
f 2880 2770 2824
f 2826 2825 2880
f 2773 2881 2776
f 2827 2883 2882
f 2881 2828 2775
f 2884 2829 2828
f 2830 2829 2886
f 2831 2832 2887
f 2782 2888 2832
f 2834 2889 2890
f 2835 2831 2887
f 2835 2836 2784
f 2837 2836 2892
f 2893 2837 2894
f 2839 2838 2895
f 2895 2833 2839
f 2850 2787 2797
f 2788 2896 2841
f 2842 2898 2897
f 2844 2843 2792
f 2844 2900 2901
f 2846 2897 2902
f 2848 2845 2794
f 2846 2847 2795
f 2904 2847 2903
f 2849 2899 2905
f 2905 2850 2849
f 2798 2852 2801
f 2854 2851 2800
f 2799 2908 2853
f 2854 2910 2909
f 2911 2804 2912
f 5165 2855 5163
f 2802 2914 2856
f 2915 2803 2856
f 2805 2917 2858
f 2860 2862 2810
f 2876 2862 2919
f 2864 2863 2920
f 2811 2921 2863
f 2922 2864 2923
f 2813 2922 2866
f 2867 2924 2925
f 2925 2868 2867
f 2927 2815 2868
f 2928 2870 2869
f 2816 2930 2871
f 2871 2872 2817
f 2873 2872 2932
f 2874 2924 2933
f 2934 2821 2875
f 2875 2935 2936
f 2874 2877 2822
f 2877 2879 2823
f 2824 2937 2880
f 2938 2879 2920
f 2880 2883 2826
f 2884 2827 2882
f 2883 2935 2882
f 2882 2885 2884
f 2886 2885 2919
f 2887 2888 2939
f 2940 2834 2890
f 2890 2942 2941
f 2939 2835 2887
f 2892 2891 2943
f 2944 2837 2892
f 2895 2893 2945
f 2946 2893 2894
f 2945 2889 2895
f 2906 2840 2850
f 2841 2948 2898
f 2897 2949 2950
f 2844 2951 2899
f 2950 2902 2897
f 2904 2900 2848
f 2903 2902 2952
f 2954 2904 2903
f 2899 2956 2905
f 2956 2906 2905
f 2851 2908 2852
f 2909 2907 2854
f 2853 2959 2910
f 2909 2960 2958
f 2911 2961 2962
f 2914 2913 2963
f 2915 2966 2916
f 2916 2912 2803
f 2968 2857 2967
f 2919 2918 2886
f 2885 2876 2919
f 2920 2923 2864
f 2863 2938 2920
f 2923 2933 2922
f 2933 2866 2922
f 2925 2873 2932
f 2932 2926 2925
f 2868 2971 2927
f 2869 2972 2928
f 2973 2929 2928
f 2930 2929 2975
f 2871 2976 2931
f 2931 2932 2872
f 2875 2977 2934
f 2878 2977 2937
f 2977 2883 2937
f 2888 2978 2939
f 2940 2941 2979
f 2941 2980 2981
f 2978 2891 2939
f 2943 2944 2892
f 2894 2983 2946
f 2945 2947 2984
f 2985 2947 2946
f 2984 2942 2945
f 2957 2896 2906
f 2898 2987 2949
f 2950 2989 2988
f 2990 2901 2953
f 2988 2952 2950
f 2953 2955 2992
f 2903 2991 2954
f 2993 2955 2954
f 2995 2951 2990
f 2995 2957 2956
f 2907 2959 2908
f 2959 2960 2910
f 2997 2962 2961
f 2964 2963 2913
f 2914 2965 2915
f 3002 2965 3003
f 2961 2966 2997
f 2968 3005 3004
f 2921 2977 2938
f 2926 3006 2971
f 2928 3007 2973
f 3008 2974 2973
f 2975 2974 3010
f 3011 2930 2975
f 2976 2970 2931
f 3012 2940 2979
f 2941 3013 2979
f 3014 2980 3015
f 2978 2982 2943
f 3016 2944 2982
f 2985 2983 3017
f 2984 2986 3018
f 2985 3020 2986
f 3015 2984 3018
f 2996 2948 2957
f 2949 3021 2989
f 2990 2992 3022
f 2988 3024 2991
f 2992 2994 3025
f 2954 3024 2993
f 2994 3027 3026
f 2990 3028 2995
f 2995 3029 2996
f 3030 2998 2997
f 2999 2998 3032
f 3033 2964 3001
f 2965 3000 3003
f 5172 2968 3004
f 3005 3036 3004
f 3040 3006 3039
f 2972 3042 3007
f 2973 3043 3008
f 3008 3045 3009
f 2974 3046 3010
f 3047 2975 3010
f 2976 3039 3006
f 2979 3048 3012
f 3049 2981 3014
f 3015 3051 3014
f 3016 3012 3048
f 3052 2983 3016
f 3017 3019 2985
f 3018 3020 3054
f 3055 3019 3056
f 3054 3015 3018
f 2987 3029 3021
f 2989 3057 3023
f 2992 3058 3022
f 3024 3060 3059
f 2994 3061 3025
f 3059 2993 3024
f 3026 3062 3063
f 3058 3028 3022
f 3065 3028 3064
f 3066 3031 3030
f 3068 2998 3031
f 3034 3033 3001
f 3000 3070 3003
f 3004 3038 5172
f 3074 3035 3073
f 3078 3039 3077
f 3042 3040 3078
f 3007 3079 3043
f 3008 3080 3044
f 3081 3044 3082
f 3009 3083 3046
f 3010 3084 3047
f 3077 3011 3047
f 3085 3013 3049
f 3014 3086 3049
f 3050 3088 3051
f 3052 3048 3085
f 3052 3053 3017
f 3053 3056 3019
f 3091 3020 3055
f 3056 3093 3055
f 3087 3054 3091
f 3065 3021 3029
f 3057 3060 3023
f 3095 3025 3061
f 3059 3096 3097
f 3061 3063 3098
f 3097 3027 3059
f 3099 3063 3062
f 3101 3058 3095
f 3064 3102 3065
f 3066 3104 3067
f 3105 3031 3067
f 3107 3068 3106
f 3034 3108 3069
f 3033 3109 3070
f 3070 3072 3003
f 3111 3037 5175
f 3002 3103 3066
f 3036 3076 3038
f 3112 3074 3073
f 3106 3035 3107
f 3075 3074 3113
f 3116 3077 3117
f 3079 3078 3116
f 3118 3043 3079
f 3119 3045 3081
f 3120 3082 3121
f 3122 3046 3083
f 3047 3117 3077
f 3123 3049 3086
f 3051 3124 3086
f 3087 3126 3088
f 3085 3089 3052
f 3089 3090 3053
f 3092 3090 3128
f 3055 3129 3091
f 3093 3131 3130
f 3091 3125 3087
f 3065 3094 3057
f 3096 3094 3132
f 3061 3133 3095
f 3134 3097 3096
f 3063 3136 3098
f 3099 3097 3135
f 3137 3100 3099
f 3095 3139 3101
f 3140 3101 3139
f 3067 3141 3105
f 3068 3142 3106
f 3111 3108 3071
f 3144 3069 3108
f 5175 3145 3111
f 3146 3112 3147
f 3106 3112 3073
f 3075 3149 3115
f 3150 5178 3115
f 3117 3152 3116
f 3116 3118 3079
f 3153 3080 3118
f 3155 3081 3120
f 3119 3157 3083
f 3158 3121 3082
f 3121 3161 3120
f 3151 3084 3122
f 3086 3162 3123
f 3088 3163 3124
f 3126 3165 3164
f 3123 3127 3089
f 3090 3166 3128
f 3131 3128 3167
f 3130 3129 3093
f 3130 3169 3170
f 3125 3168 3165
f 3102 3132 3094
f 3132 3134 3096
f 3133 3136 3173
f 3174 3134 3172
f 3137 3135 3174
f 3137 3176 3138
f 3139 3173 3177
f 3139 3178 3140
f 3104 3180 3141
f 3181 3105 3141
f 3142 3183 3106
f 3111 3184 3143
f 3186 3143 3185
f 3110 3144 3179
f 3187 3114 5179
f 3148 3147 3112
f 3146 3189 3190
f 3183 3148 3106
f 3115 3193 3150
f 3196 3151 3195
f 3153 3152 3196
f 3158 3153 3197
f 3120 3198 3155
f 3119 3199 3156
f 3195 3156 3200
f 3197 3159 3158
f 3160 3159 3202
f 3204 3160 3203
f 3195 3122 3157
f 3163 3162 3124
f 3206 3126 3164
f 3164 3207 3208
f 3127 3205 3166
f 3209 3128 3166
f 3131 3210 3169
f 3170 3168 3130
f 3170 3213 3212
f 3211 3165 3168
f 3214 3132 3171
f 3173 3138 3176
f 3215 3172 3214
f 3174 3175 3137
f 3175 3217 3176
f 3176 3177 3173
f 3178 3218 3219
f 3179 3186 3180
f 3141 3220 3181
f 3181 3182 3142
f 3182 3191 3183
f 3223 3145 3187
f 3185 3184 3224
f 3225 3185 3226
f 3227 5179 3192
f 3188 3191 3228
f 3229 3188 3230
f 3190 3231 3232
f 3190 3149 3146
f 3150 3233 3194
f 3195 3235 3196
f 3196 3197 3153
f 3236 3161 3204
f 3237 3155 3198
f 3156 3238 3200
f 3201 3235 3239
f 3202 3201 3240
f 3203 3202 3241
f 3242 3203 3243
f 3206 3205 3163
f 3206 3208 3245
f 3208 3246 3247
f 3166 3244 3209
f 3167 3248 3210
f 3249 3169 3210
f 3212 3211 3170
f 3212 3251 3252
f 3250 3207 3211
f 3214 3140 3253
f 3253 3215 3214
f 3215 3216 3175
f 3217 3256 3255
f 3253 3219 3257
f 3225 3180 3186
f 3258 3221 3181
f 3260 3182 3221
f 3228 3222 3261
f 3262 3184 3223
f 3263 3187 3227
f 3224 3226 3185
f 3226 3266 3225
f 3267 3192 5183
f 3228 3230 3188
f 3270 3230 3269
f 3270 3189 3229
f 3271 3232 3231
f 3193 3232 3233
f 3273 3194 3233
f 3239 3200 3238
f 3236 3237 3198
f 3275 3204 3242
f 3276 3199 3237
f 3239 3240 3201
f 3241 3240 3278
f 3241 3243 3203
f 3243 3281 3242
f 3244 3245 3282
f 3245 3247 3283
f 3284 3247 3246
f 3282 3209 3244
f 3210 3286 3249
f 3287 3213 3249
f 3252 3250 3212
f 3252 3290 3289
f 3246 3288 3284
f 3257 3254 3253
f 3216 3291 3256
f 3292 3217 3255
f 3255 3293 3294
f 3257 3296 3295
f 3266 3220 3225
f 3259 3266 3297
f 3298 3221 3259
f 3299 3222 3260
f 3228 3300 3268
f 3262 3264 3224
f 3223 3302 3262
f 3227 3303 3263
f 3265 3264 3304
f 3266 3305 3297
f 3269 3268 3307
f 3269 3309 3270
f 3271 3270 3309
f 3310 3272 3271
f 3233 3272 3273
f 3234 3312 8445
f 3277 3238 3276
f 3275 3274 3236
f 3276 3274 3314
f 3281 3275 3242
f 3278 3277 3316
f 3279 3278 3317
f 3280 3279 3318
f 3280 3320 3281
f 3282 3283 3321
f 3283 3285 3322
f 3323 3285 3284
f 3321 3248 3282
f 3325 3249 3286
f 3326 3251 3287
f 3288 3289 3327
f 3328 3290 3329
f 3323 3288 3327
f 3330 3257 3295
f 3256 3331 3293
f 3292 3294 3332
f 3294 3333 3334
f 3292 3296 3219
f 3296 3336 3295
f 3337 3259 3297
f 3338 3260 3298
f 3261 3339 3300
f 3300 3307 3268
f 3302 3301 3262
f 3342 3264 3301
f 3302 3303 3343
f 3344 3267 3306
f 3265 3345 3305
f 3297 3346 3337
f 3307 3308 3269
f 3349 3308 3350
f 3351 3271 3309
f 3311 3352 3353
f 3311 3273 3272
f 8445 3354 8485
f 3314 3277 3276
f 3313 3315 3355
f 3314 3313 3356
f 3357 3281 3320
f 3317 3316 3358
f 3317 3318 3279
f 3318 3319 3280
f 3361 3319 3362
f 3322 3321 3283
f 3322 3324 3364
f 3365 3324 3323
f 3286 3363 3325
f 3367 3287 3325
f 3326 3329 3290
f 3289 3369 3327
f 3370 3329 3371
f 3327 3365 3323
f 3330 3336 3372
f 3293 3373 3333
f 3334 3332 3294
f 3375 3334 3333
f 3332 3335 3296
f 3378 3335 3377
f 3379 3298 3337
f 3380 3299 3338
f 3300 3381 3340
f 3340 3348 3307
f 3343 3341 3302
f 3301 3384 3342
f 3385 3304 3342
f 3343 3344 3386
f 3347 3344 3306
f 3305 3388 3346
f 3337 3389 3379
f 3348 3350 3308
f 3350 3393 3349
f 3394 3310 3351
f 3352 3396 3353
f 3353 3312 3311
f 3397 8485 3354
f 3356 3316 3314
f 3355 3399 3398
f 3355 3356 3313
f 3357 3361 3401
f 3358 3359 3317
f 3360 3359 3403
f 3360 3362 3319
f 3361 3405 3406
f 3364 3363 3322
f 3324 3408 3364
f 3409 3366 3365
f 3407 3325 3363
f 3326 3411 3368
f 3371 3368 3412
f 3413 3328 3370
f 3370 3414 3415
f 3365 3413 3409
f 3372 3378 3416
f 3372 3331 3330
f 3333 3417 3375
f 3418 3334 3376
f 3419 3376 3375
f 3377 3374 3418
f 3377 3422 3378
f 3423 3338 3379
f 3339 3424 3381
f 3381 3382 3340
f 3391 3382 3426
f 3342 3427 3385
f 3428 3345 3385
f 3386 3387 3429
f 3390 3387 3347
f 3431 3346 3388
f 3379 3432 3423
f 3391 3392 3350
f 3436 3392 3435
f 3393 3351 3349
f 3394 3395 3352
f 3395 3439 3396
f 3396 3354 3353
f 8528 3440 8572
f 3356 3402 3358
f 3400 3398 3442
f 3398 3443 3444
f 3361 3445 3401
f 3401 3399 3357
f 3403 3402 3446
f 3403 3404 3360
f 3362 3448 3405
f 3406 3450 3449
f 3408 3407 3364
f 3410 3408 3366
f 3453 3410 3409
f 3451 3367 3407
f 3368 3455 3412
f 3456 3371 3412
f 3413 3415 3457
f 3415 3459 3458
f 3457 3409 3413
f 3460 3378 3422
f 3416 3373 3372
f 3375 3461 3419
f 3418 3420 3462
f 3463 3420 3419
f 3418 3421 3377
f 3422 3466 3465
f 3467 3380 3423
f 3381 3468 3425
f 3426 3425 3469
f 3391 3470 3434
f 3384 3471 3427
f 3472 3385 3427
f 3388 3473 3431
f 3429 3430 3474
f 3386 3475 3383
f 3476 3390 3433
f 3477 3389 3431
f 3423 3478 3467
f 3433 5189 3479
f 3435 3434 3480
f 3435 3482 3436
f 3437 3393 3436
f 3437 3438 3395
f 3485 3438 3484
f 3397 3439 3440
f 3440 3441 8572
f 3442 3402 3400
f 3442 3444 3488
f 3489 3444 3443
f 3445 3449 3491
f 3445 3443 3401
f 3403 3492 3447
f 3493 3404 3447
f 3405 3494 3450
f 3449 3495 3496
f 3451 3452 3497
f 3454 3452 3410
f 3499 3454 3453
f 3497 3411 3451
f 3501 3412 3455
f 3414 3502 3459
f 3457 3458 3503
f 3504 3458 3459
f 3503 3453 3457
f 3465 3460 3422
f 3417 3460 3461
f 3461 3508 3419
f 3462 3464 3509
f 3464 3511 3510
f 3421 3509 3466
f 3465 3512 3513
f 3514 3424 3467
f 3425 3515 3469
f 3516 3426 3469
f 3434 3517 3480
f 3428 3518 3473
f 3431 3519 3477
f 3520 3430 3476
f 3474 3475 3429
f 3433 3522 3476
f 3478 3477 3523
f 3467 3524 3514
f 3480 3481 3435
f 3528 3481 3527
f 3436 3483 3437
f 3484 3483 3529
f 3484 3531 3485
f 3486 3439 3485
f 3486 3487 3441
f 3488 3446 3442
f 3488 3490 3534
f 3535 3490 3489
f 3491 3496 3537
f 3491 3489 3445
f 3447 3538 3493
f 3539 3448 3493
f 3540 3450 3494
f 3541 3496 3495
f 3497 3498 3543
f 3544 3454 3500
f 3500 3546 3545
f 3501 3497 3543
f 3547 3456 3501
f 3459 3548 3504
f 3503 3505 3549
f 3504 3551 3505
f 3549 3499 3503
f 3513 3506 3465
f 3461 3506 3507
f 3507 3554 3508
f 3510 3509 3464
f 3463 3554 3511
f 3511 3557 3510
f 3509 3558 3466
f 3559 3513 3512
f 3514 3515 3468
f 3562 3469 3515
f 3563 3470 3516
f 3517 3526 3480
f 3566 3473 3518
f 3523 3519 3567
f 3568 3476 3522
f 3474 3569 3521
f 3570 3475 3521
f 3571 3479 3525
f 3561 3524 3572
f 5192 3525 5190
f 3527 3526 3574
f 3575 3527 3576
f 3482 3529 3483
f 3529 3530 3484
f 3530 3579 3531
f 3485 3532 3486
f 3533 3532 3580
f 3534 3492 3488
f 3534 3536 3582
f 3536 3584 3583
f 3584 3491 3537
f 3537 3542 3585
f 3493 3586 3539
f 3494 3587 3540
f 3588 3495 3540
f 3541 3590 3542
f 3543 3544 3591
f 3545 3544 3500
f 3545 3593 3594
f 3501 3591 3547
f 3502 3595 3548
f 3504 3596 3550
f 3505 3597 3549
f 3550 3599 3551
f 3597 3546 3549
f 3552 3560 3600
f 3553 3506 3552
f 3553 3602 3554
f 3557 3555 3510
f 3511 3602 3556
f 3556 3605 3557
f 3555 3606 3558
f 3558 3559 3512
f 3560 3608 3607
f 3562 3561 3609
f 3610 3516 3562
f 3611 3517 3563
f 3574 3564 3612
f 3613 3519 3566
f 3518 3614 3566
f 3567 3616 3523
f 3568 3569 3520
f 3618 3522 3571
f 3619 3570 3521
f 3525 3621 3571
f 3572 3609 3561
f 3572 3622 3624
f 3574 3576 3527
f 3577 3528 3575
f 3576 3628 3575
f 3577 3578 3530
f 3579 3630 3631
f 3531 3580 3532
f 3533 3632 3581
f 3582 3538 3534
f 3583 3582 3536
f 3583 3636 3635
f 3585 3584 3537
f 3590 3585 3542
f 3638 3539 3586
f 3540 3639 3588
f 3640 3541 3588
f 3589 3642 3590
f 3591 3592 3643
f 3594 3592 3545
f 3645 3594 3593
f 3643 3547 3591
f 3548 3647 3596
f 3596 3598 3550
f 3551 3649 3597
f 3651 3598 3650
f 3649 3593 3597
f 3607 3600 3560
f 3552 3601 3553
f 3653 3602 3601
f 3605 3603 3557
f 3602 3604 3556
f 3657 3604 3656
f 3606 3655 3658
f 3658 3559 3606
f 3608 3660 3607
f 3609 3610 3562
f 3662 3563 3610
f 3663 3564 3611
f 3626 3612 3664
f 3613 3615 3567
f 3566 3666 3613
f 3565 3620 3614
f 3615 3668 3616
f 3618 3617 3568
f 3617 3619 3569
f 3571 3671 3618
f 3670 3620 3619
f 3573 3673 3621
f 3624 3623 3572
f 3623 3661 3609
f 3616 3624 3622
f 3627 3626 3677
f 3575 3629 3577
f 3678 3627 3679
f 3680 3578 3629
f 3681 3631 3630
f 3580 3631 3632
f 3632 3633 3581
f 3634 3586 3582
f 3635 3634 3583
f 3635 3686 3687
f 3686 3585 3637
f 3637 3642 3688
f 3689 3587 3638
f 3690 3588 3639
f 3589 3691 3641
f 3642 3693 3692
f 3644 3643 3592
f 3695 3594 3646
f 3646 3697 3696
f 3595 3694 3647
f 3647 3648 3596
f 3650 3648 3699
f 3599 3700 3649
f 3702 3650 3701
f 3660 3652 3607
f 3601 3652 3653
f 3704 3654 3653
f 3605 3706 3655
f 3705 3604 3654
f 3656 3708 3657
f 3655 3709 3658
f 3658 3659 3608
f 3710 3660 3659
f 3662 3661 3712
f 3611 3713 3663
f 3663 3664 3612
f 3664 3677 3626
f 3613 3716 3665
f 3667 3665 3717
f 3614 3672 3666
f 3718 3667 3719
f 3720 3669 3618
f 3670 3669 3722
f 3621 3723 3671
f 3722 3672 3670
f 3676 3673 3625
f 3674 3668 3718
f 3675 3674 3726
f 3712 3675 3727
f 3677 3679 3627
f 3678 3629 3628
f 3679 3731 3678
f 3630 3732 3681
f 3733 3682 3681
f 3632 3682 3683
f 3638 3685 3689
f 3687 3685 3635
f 3738 3687 3686
f 3688 3686 3637
f 3688 3692 3740
f 3639 3741 3690
f 3742 3640 3690
f 3743 3641 3691
f 3692 3745 3744
f 3695 3694 3644
f 3747 3646 3696
f 3700 3697 3645
f 3696 3749 3750
f 3694 3698 3647
f 3699 3698 3751
f 3701 3699 3752
f 3748 3651 3702
f 3753 3702 3701
f 3711 3703 3660
f 3653 3703 3704
f 3704 3757 3705
f 3758 3657 3708
f 3705 3707 3656
f 3759 3707 3760
f 3761 3706 3758
f 3710 3709 3761
f 3762 3711 3710
f 3662 3764 3713
f 3765 3663 3713
f 3714 3715 3664
f 3729 3715 3767
f 3666 3724 3716
f 3768 3665 3716
f 3719 3717 3769
f 3719 3771 3718
f 3772 3721 3720
f 3722 3721 3774
f 3775 3673 3725
f 3720 3723 3772
f 3774 3724 3722
f 3728 3725 3676
f 3718 3726 3674
f 3727 3764 3712
f 3729 3730 3679
f 3731 3680 3678
f 3781 3730 3782
f 3732 3733 3681
f 3784 3733 3785
f 3734 3683 3682
f 3737 3689 3685
f 3737 3739 3787
f 3738 3789 3739
f 3740 3738 3688
f 3744 3740 3692
f 3690 3791 3742
f 3792 3691 3742
f 3793 3693 3743
f 3745 3795 3744
f 3746 3747 3796
f 3696 3797 3747
f 3697 3798 3749
f 3799 3750 3749
f 3796 3698 3746
f 3751 3752 3699
f 3752 3753 3701
f 3702 3798 3748
f 3803 3753 3802
f 3763 3755 3711
f 3703 3756 3704
f 3805 3756 3804
f 3708 3806 3758
f 3760 3757 3805
f 3760 3808 3759
f 3758 3809 3761
f 3710 3809 3762
f 3810 3763 3762
f 3713 3812 3765
f 3766 3765 3813
f 3767 3766 3814
f 3815 3729 3767
f 3716 3776 3768
f 3768 3769 3717
f 3769 3770 3719
f 3819 3770 3818
f 3774 3773 3820
f 3772 3775 3821
f 3725 3822 3775
f 3776 3820 3823
f 3779 3777 3728
f 3726 3819 3825
f 3826 3764 3778
f 3782 3780 3828
f 3783 3731 3781
f 3781 3829 3830
f 3783 3785 3733
f 3784 3736 3734
f 3833 3785 3832
f 3787 3741 3737
f 3739 3836 3787
f 3837 3789 3788
f 3740 3837 3788
f 3790 3795 3839
f 3840 3742 3791
f 3793 3792 3841
f 3842 3745 3793
f 3843 3794 3844
f 3796 3797 3845
f 3847 3750 3846
f 3799 3848 3800
f 3845 3751 3796
f 3802 3801 3849
f 3798 3803 3799
f 3849 3803 3802
f 3804 3811 3850
f 3804 3851 3805
f 3759 3852 3806
f 3805 3807 3760
f 3854 3807 3853
f 3809 3852 3855
f 3855 3762 3809
f 3857 3810 3856
f 3765 3858 3813
f 3813 3814 3766
f 3860 3767 3814
f 3828 3815 3861
f 3768 3823 3816
f 3816 3817 3769
f 3818 3817 3863
f 3864 3819 3818
f 3820 3866 3867
f 3775 3868 3821
f 3869 3777 3824
f 3867 3823 3820
f 3827 3824 3779
f 3825 3865 3872
f 3778 3872 3826
f 3873 3812 3826
f 3828 3829 3782
f 3781 3831 3783
f 3877 3829 3876
f 3832 3831 3878
f 3786 3833 3835
f 3879 3833 3832
f 3791 3836 3840
f 3836 3838 3883
f 3838 3885 3884
f 3885 3790 3839
f 3839 3843 3886
f 3792 3887 3841
f 3841 3842 3793
f 3794 3889 3844
f 3891 3844 3890
f 3845 3847 3892
f 3893 3847 3846
f 3800 3895 3846
f 3849 3895 3848
f 3897 3811 3857
f 3897 3851 3850
f 3899 3808 3854
f 3853 3851 3898
f 3900 3854 3853
f 3855 3899 3902
f 3855 3856 3810
f 3856 3904 3857
f 3814 3905 3860
f 3906 3815 3860
f 3875 3861 3907
f 3870 3816 3823
f 3863 3862 3908
f 3863 3864 3818
f 3910 3865 3864
f 3912 3866 3913
f 3822 3914 3868
f 3869 3871 3915
f 3916 3867 3912
f 3871 3874 3917
f 3911 3872 3865
f 3826 3918 3873
f 3919 3858 3873
f 3881 3874 3834
f 3876 3875 3921
f 3878 3830 3877
f 3923 3876 3922
f 3878 3879 3832
f 3835 3880 3882
f 3925 3880 3879
f 3887 3836 3883
f 3838 3929 3883
f 3885 3931 3884
f 3886 3885 3839
f 3891 3886 3843
f 3841 3933 3888
f 3934 3842 3888
f 3844 3935 3890
f 3891 3937 3936
f 3849 3892 3896
f 3847 3938 3892
f 3939 3894 3893
f 3941 3895 3942
f 3942 3896 3943
f 3857 3944 3897
f 3945 3898 3897
f 3947 3854 3901
f 3853 3946 3900
f 3949 3900 3948
f 3950 3899 3947
f 3902 3903 3856
f 3903 3952 3904
f 3919 3905 3859
f 3860 3954 3906
f 3906 3907 3861
f 3921 3907 3956
f 3862 3916 3908
f 3908 3909 3863
f 3864 3958 3910
f 3959 3911 3910
f 3868 3913 3866
f 3912 3961 3962
f 3963 3869 3915
f 3915 3917 3964
f 3912 3965 3916
f 3917 3920 3966
f 3918 3960 3967
f 3967 3873 3918
f 3968 3881 3927
f 3922 3921 3969
f 3877 3924 3878
f 3922 3971 3923
f 3972 3879 3924
f 3928 3880 3926
f 3929 3887 3883
f 3884 3974 3929
f 3931 3975 3976
f 3932 3930 3886
f 3932 3936 3977
f 3888 3978 3934
f 3979 3889 3934
f 3890 3980 3937
f 3981 3936 3937
f 3943 3892 3938
f 3983 3894 3940
f 3984 3940 3939
f 3986 3893 3941
f 3942 3986 3941
f 3987 3943 3988
f 3989 3904 3952
f 3946 3991 3990
f 3992 3901 3949
f 3990 3900 3946
f 3993 3949 3948
f 3995 3947 3992
f 3950 3951 3903
f 3997 3951 3996
f 3967 3953 3919
f 3954 3953 3999
f 3954 3955 3906
f 3956 3955 4000
f 3956 3969 3921
f 3908 3965 3957
f 3909 4002 3958
f 3910 4003 3959
f 3960 4004 4005
f 3961 3914 3963
f 4006 3962 3961
f 3964 3963 3915
f 3964 3966 4009
f 3965 4007 4010
f 4011 3920 3968
f 3967 4005 3998
f 3927 4012 3968
f 3969 3970 3922
f 3924 3971 3972
f 4015 3970 4014
f 3925 4016 4017
f 3926 5197 3928
f 3974 3933 3929
f 3976 3974 3931
f 3976 4021 4022
f 3977 3975 3932
f 4023 3936 3982
f 3934 4024 3979
f 3980 3979 4025
f 3981 3980 4026
f 4027 3982 3981
f 3943 4029 3988
f 3940 4030 3983
f 3986 3984 3939
f 3985 4033 4032
f 3987 4031 3986
f 3988 4034 3987
f 3989 3945 3944
f 3997 3989 3952
f 3990 4037 4038
f 3949 4039 3992
f 4038 3948 3990
f 3996 3995 4040
f 4041 3997 3996
f 3998 3999 3953
f 4000 4001 3956
f 4013 4001 4045
f 4010 3957 3965
f 3958 4046 4003
f 4047 3959 4003
f 4004 3998 4005
f 3961 4008 4006
f 4049 4007 4006
f 4009 4008 3964
f 4011 4009 3966
f 4050 4010 4007
f 4011 4012 4054
f 4055 3973 4019
f 4014 4013 4056
f 4015 3972 3971
f 4057 4015 4014
f 4060 4016 4059
f 4020 3978 3974
f 4020 4022 4063
f 4064 4022 4021
f 4023 4021 3977
f 4023 4028 4066
f 4067 3979 4024
f 4026 4025 4068
f 4026 4027 3981
f 4027 4071 4028
f 3988 4072 4035
f 3985 4073 4030
f 4030 4029 3983
f 4074 3984 4031
f 4076 4033 4075
f 4034 4074 4031
f 4035 4077 4034
f 4079 3997 4042
f 4037 4036 4079
f 4080 4038 4037
f 4082 3994 4083
f 3993 4081 4083
f 3996 4082 4041
f 4041 4085 4042
f 4043 4048 4086
f 4088 4000 4087
f 4045 4044 4089
f 4090 4013 4045
f 4002 4053 4046
f 4003 4091 4047
f 4092 4004 4047
f 4006 4051 4049
f 4093 4050 4049
f 4051 4052 4095
f 4052 4054 4096
f 4094 4053 4050
f 4098 4012 4055
f 4014 4100 4057
f 4058 4016 4015
f 4101 4058 4057
f 4060 4103 4062
f 4061 4060 4062
f 4067 4020 4063
f 4105 4022 4065
f 4065 4107 4106
f 4023 4107 4064
f 4028 4108 4066
f 4109 4025 4067
f 4110 4026 4068
f 4069 4070 4027
f 4070 4113 4071
f 4072 4078 4035
f 4032 4115 4073
f 4073 4072 4030
f 4116 4033 4074
f 4075 4118 4076
f 4074 4119 4116
f 4119 4078 4120
f 4079 4085 4121
f 4080 4079 4121
f 4081 4123 4122
f 4125 4083 4124
f 4125 4041 4082
f 4126 4085 4084
f 4128 4048 4092
f 4088 4089 4044
f 4088 4086 4128
f 4045 4130 4090
f 4046 4097 4091
f 4047 4131 4092
f 4049 4095 4093
f 4132 4094 4093
f 4096 4095 4052
f 4098 4096 4054
f 4136 4094 4133
f 4055 4137 4098
f 4057 4139 4101
f 4101 4141 4102
f 4105 4067 4063
f 4065 4144 4105
f 4107 4146 4106
f 4066 4145 4107
f 4147 4071 4113
f 4068 4148 4110
f 4110 4111 4069
f 4111 4112 4070
f 4113 4152 4151
f 4078 4153 4120
f 4115 4118 4154
f 4114 4115 4153
f 4155 4075 4116
f 4117 4157 4118
f 4116 4158 4155
f 4159 4119 4120
f 4121 4127 4160
f 4160 4080 4121
f 4124 4122 4161
f 4122 4163 4162
f 4124 4164 4125
f 4084 4164 4126
f 4165 4127 4126
f 4092 4167 4128
f 4128 4129 4088
f 4089 4168 4130
f 4169 4130 4170
f 4131 4136 4171
f 4093 4134 4132
f 4172 4133 4132
f 4135 4134 4096
f 4137 4135 4098
f 4171 4133 4173
f 4176 4099 4138
f 4139 4178 4179
f 4101 4180 4140
f 4141 4181 4142
f 4144 4109 4105
f 4146 4144 4106
f 4185 4145 4186
f 4108 4186 4145
f 4147 4151 4187
f 4148 4149 4110
f 4189 4111 4149
f 4150 4152 4112
f 4151 4191 4192
f 4193 4120 4153
f 4154 4153 4115
f 4154 4157 4194
f 4156 4155 4195
f 4197 4156 4196
f 4198 4155 4158
f 4158 4199 4198
f 4166 4160 4127
f 4200 4123 4160
f 4201 4122 4162
f 4162 4202 4203
f 4204 4161 4201
f 4126 4204 4165
f 4205 4166 4165
f 4207 4131 4171
f 4208 4130 4168
f 4178 4170 4209
f 4132 4174 4172
f 4210 4173 4172
f 4135 4212 4174
f 4213 4137 4176
f 4171 4211 4207
f 4138 4214 4176
f 4216 4139 4179
f 4209 4179 4178
f 4182 4140 4180
f 4183 4182 4218
f 4148 4184 4188
f 4219 4146 4185
f 4221 4186 4220
f 4187 4186 4147
f 4187 4192 4222
f 4188 4189 4149
f 4189 4190 4150
f 4225 4152 4190
f 4226 4192 4191
f 4228 4159 4193
f 4194 4193 4154
f 4229 4157 4197
f 4156 4230 4196
f 4196 4232 4197
f 4233 4195 4198
f 4198 4234 4233
f 4200 4206 4235
f 4235 4163 4200
f 4236 4162 4203
f 4203 4237 4238
f 4239 4201 4236
f 4239 4165 4204
f 4205 4241 4206
f 4208 4209 4170
f 4168 4244 4208
f 4172 4212 4210
f 4245 4211 4210
f 4212 4213 4246
f 4247 4176 4214
f 4207 4244 4242
f 4248 4177 4215
f 4217 4216 4179
f 4218 4180 4216
f 4243 4217 4209
f 4218 4215 4183
f 4223 4184 4219
f 4251 4185 4221
f 4220 4253 4221
f 4222 4220 4187
f 4222 4227 4254
f 4255 4189 4223
f 4225 4224 4256
f 4257 4191 4225
f 4258 4227 4226
f 4234 4228 4260
f 4260 4194 4229
f 4197 4261 4229
f 4262 4196 4230
f 4232 4264 4263
f 4230 4265 4262
f 4266 4233 4234
f 4267 4206 4241
f 4237 4235 4267
f 4236 4238 4268
f 4269 4238 4237
f 4268 4239 4236
f 4239 4240 4205
f 4273 4240 4272
f 4244 4243 4208
f 4246 4210 4212
f 4247 4246 4213
f 4249 4214 4248
f 4247 4217 4250
f 4248 4216 4249
f 4250 4245 4246
f 4255 4219 4251
f 4221 4274 4251
f 4252 4276 4253
f 4252 4254 4275
f 4254 4259 4277
f 4256 4255 4278
f 4225 4279 4257
f 4280 4226 4257
f 4281 4259 4258
f 4266 4260 4283
f 4229 4283 4260
f 4284 4232 4263
f 4285 4231 4262
f 4263 4287 4286
f 4262 4288 4285
f 4289 4265 4266
f 4241 4290 4267
f 4267 4269 4237
f 4268 4270 4291
f 4292 4270 4269
f 4294 4268 4291
f 4272 4271 4294
f 4272 4296 4273
f 4274 4255 4251
f 4297 4253 4276
f 4298 4275 4299
f 4299 4254 4277
f 4300 4259 4282
f 4278 4279 4256
f 4302 4257 4279
f 4303 4258 4280
f 4304 4281 4305
f 4283 4307 4266
f 4283 4284 4306
f 4286 4284 4263
f 4309 4264 4285
f 4287 4311 4286
f 4285 4312 4309
f 4313 4288 4289
f 4296 4290 4273
f 4269 4314 4292
f 4291 4293 4315
f 4293 4317 4316
f 4294 4295 4272
f 4296 4319 4318
f 4274 4301 4278
f 4320 4276 4298
f 4299 4322 4298
f 4277 4321 4299
f 4300 4304 4323
f 4302 4301 4324
f 4325 4280 4302
f 4303 4305 4281
f 4328 4305 4327
f 4306 4330 4307
f 4306 4308 4329
f 4311 4308 4286
f 4309 4310 4287
f 4310 4334 4311
f 4312 4332 4309
f 4307 4313 4289
f 4335 4313 4336
f 4318 4314 4296
f 4292 4337 4317
f 4315 4316 4338
f 4339 4316 4317
f 4338 4295 4315
f 4318 4342 4341
f 4297 4324 4301
f 4298 4343 4320
f 4344 4322 4321
f 4323 4321 4300
f 4323 4328 4346
f 4302 4347 4325
f 4325 4326 4303
f 4327 4326 4349
f 4327 4351 4328
f 4352 4330 4329
f 4329 4331 4352
f 4311 4354 4331
f 4333 4332 4355
f 4357 4333 4356
f 4355 4335 4358
f 4336 4330 4353
f 4358 4336 4359
f 4341 4337 4318
f 4317 4360 4339
f 4338 4340 4361
f 4362 4340 4339
f 4361 4319 4338
f 4342 4365 4341
f 4324 4343 4347
f 4366 4322 4345
f 4367 4345 4344
f 4346 4344 4323
f 4346 4351 4369
f 4348 4347 4370
f 4349 4348 4371
f 4349 4350 4327
f 4373 4351 4350
f 4375 4352 4376
f 4331 4376 4352
f 4377 4354 4334
f 4355 4356 4333
f 4356 4381 4357
f 4355 4382 4379
f 4359 4353 4375
f 4359 4382 4358
f 4341 4384 4360
f 4339 4384 4362
f 4363 4361 4340
f 4363 4386 4387
f 4342 4385 4364
f 4364 4389 4365
f 4370 4343 4366
f 4366 4368 4390
f 4391 4368 4367
f 4369 4367 4346
f 4369 4374 4393
f 4370 4371 4348
f 4371 4372 4349
f 4373 4372 4396
f 4373 4397 4374
f 4376 4399 4375
f 4376 4378 4398
f 4377 4401 4378
f 4356 4402 4380
f 4380 4404 4381
f 4357 4400 4377
f 4402 4382 4405
f 4375 4383 4359
f 4383 4405 4382
f 4365 4407 4384
f 4407 4362 4384
f 4387 4385 4363
f 4409 4386 4410
f 4385 4388 4364
f 4388 4412 4389
f 4366 4394 4370
f 4390 4392 4413
f 4392 4415 4414
f 4415 4369 4393
f 4393 4397 4416
f 4394 4395 4371
f 4395 4396 4372
f 4397 4418 4419
f 4420 4399 4398
f 4378 4420 4398
f 4422 4400 4423
f 4402 4403 4380
f 4425 4404 4403
f 4423 4381 4404
f 4424 4405 4427
f 4406 4399 4421
f 4427 4406 4428
f 4429 4389 4412
f 4410 4407 4429
f 4430 4387 4409
f 4432 4410 4431
f 4411 4408 4430
f 4412 4434 4433
f 4390 4417 4394
f 4414 4413 4392
f 4416 4415 4393
f 4397 4436 4416
f 4438 4418 4437
f 4439 4421 4420
f 4422 4420 4401
f 4441 4422 4423
f 4403 4443 4425
f 4444 4426 4425
f 4423 4426 4441
f 4446 4424 4427
f 4406 4440 4428
f 4447 4427 4428
f 4448 4412 4433
f 4431 4429 4448
f 4449 4409 4432
f 4450 4432 4431
f 4434 4430 4449
f 4417 4453 4452
f 4416 4435 4414
f 4453 4435 4454
f 4419 4455 4436
f 4456 4437 4457
f 4452 4418 4417
f 4458 4439 4459
f 4422 4459 4439
f 4442 4461 4460
f 4425 4462 4444
f 4445 4464 4463
f 4441 4445 4461
f 4465 4443 4446
f 4440 4447 4428
f 4465 4447 4466
f 4431 4467 4450
f 4468 4451 4450
f 4452 4471 4472
f 4435 4455 4454
f 4473 4453 4454
f 4474 4438 4456
f 4452 4457 4437
f 4457 4476 4456
f 4459 4478 4458
f 4477 4442 4460
f 4460 4479 4480
f 4462 4464 4444
f 4463 4461 4445
f 4482 4464 4483
f 4465 4481 4462
f 4458 4466 4447
f 4466 4484 4465
f 4468 4488 4469
f 4469 4470 4451
f 4490 4471 4491
f 4473 4455 4474
f 4473 4491 4471
f 4476 4474 4456
f 4475 4472 4490
f 4494 4475 4495
f 4496 4477 4480
f 4498 4479 4497
f 4483 4481 4499
f 4497 4463 4482
f 4500 4483 4501
f 4484 4499 4481
f 4485 4478 4496
f 4503 4484 4485
f 4504 4487 4468
f 4487 4507 4488
f 4469 4509 4489
f 4491 4511 4490
f 4473 4493 4492
f 4512 4491 4492
f 4494 4493 4476
f 4490 4495 4475
f 4495 4515 4494
f 4480 4516 4496
f 4497 4518 4498
f 4501 4499 4519
f 4482 4517 4497
f 4520 4499 4502
f 4503 4496 4516
f 4521 4502 4503
f 4504 4489 4522
f 4467 4504 4468
f 4522 4505 4504
f 4505 4506 4487
f 4526 4506 4525
f 4528 4508 4527
f 4511 4529 4530
f 4492 4513 4512
f 4531 4510 4512
f 4494 4532 4513
f 4514 4511 4530
f 4514 4534 4515
f 4535 4498 4518
f 4518 4536 4537
f 4538 4501 4519
f 4500 4536 4517
f 4519 4540 4538
f 4503 4535 4521
f 4520 4541 4540
f 4509 4523 4522
f 4505 4542 4524
f 4506 4543 4525
f 4525 4545 4526
f 4507 4547 4546
f 4548 4528 4527
f 4550 4529 4549
f 4512 4532 4531
f 4529 4551 4549
f 4515 4552 4532
f 4530 4533 4514
f 4537 4535 4518
f 4554 4536 4555
f 4538 4557 4539
f 4539 4555 4536
f 4540 4556 4538
f 4553 4521 4535
f 4541 4558 4540
f 4542 4528 4546
f 4524 4560 4543
f 4543 4544 4525
f 4545 4562 4563
f 4546 4560 4542
f 4549 4565 4550
f 4532 4566 4531
f 4567 4549 4551
f 4552 4568 4569
f 4570 4550 4565
f 4554 4553 4537
f 4572 4557 4556
f 4558 4572 4556
f 4571 4541 4553
f 4574 4559 4575
f 4561 4560 4576
f 4562 4561 4577
f 4578 4562 4577
f 4560 4580 4576
f 4565 4582 4581
f 4583 4552 4569
f 4564 4584 4582
f 4551 4583 4567
f 4569 4586 4585
f 4587 4565 4581
f 4588 4571 4554
f 4589 4573 4572
f 4589 4574 4591
f 4591 4575 4592
f 4577 4576 4578
f 4579 4578 4593
f 4594 4582 4595
f 4583 4585 4596
f 4567 4596 4584
f 4584 4595 4582
f 4585 4599 4598
f 4600 4581 4594
f 4592 4588 4601
f 4603 4589 4602
f 4588 4590 4601
f 4589 4604 4602
f 4592 4604 4591
f 4595 4607 4594
f 4608 4585 4598
f 4608 4584 4596
f 4606 4597 4609
f 4611 4586 4610
f 4599 4613 4598
f 4594 4614 4600
f 4610 4600 4611
f 4592 4615 4605
f 4616 4603 4602
f 4601 4603 4615
f 4602 4618 4616
f 4619 4604 4605
f 4607 4620 4621
f 4622 4598 4613
f 4609 4608 4622
f 4609 4620 4606
f 4599 4624 4612
f 4626 4612 4625
f 4614 4621 4627
f 4624 4600 4614
f 4605 4628 4619
f 4629 4616 4630
f 4615 4617 4628
f 4618 4630 4616
f 4619 4631 4618
f 4633 4621 4620
f 4613 4635 4622
f 4622 4623 4609
f 4636 4620 4623
f 4625 4624 4637
f 4638 4626 4625
f 4634 4627 4621
f 4614 4637 4624
f 4628 4632 4619
f 4617 4641 4628
f 4630 4643 4629
f 4644 4630 4631
f 4631 4645 4644
f 4634 4647 4646
f 4626 4648 4635
f 4636 4635 4648
f 4649 4633 4636
f 4625 4650 4638
f 4639 4652 4651
f 4640 4646 4653
f 4640 4637 4627
f 4645 4641 4654
f 4654 4629 4643
f 4655 4642 4656
f 4644 4656 4642
f 4645 4657 4644
f 4646 4660 4659
f 4661 4639 4651
f 4648 4649 4636
f 4647 4662 4660
f 4638 4663 4652
f 4651 4665 4664
f 4653 4650 4640
f 4659 4653 4646
f 4667 4645 4654
f 4667 4643 4655
f 4668 4655 4656
f 4657 4668 4656
f 4658 4670 4657
f 4659 4673 4672
f 4664 4661 4651
f 4649 4674 4662
f 4660 4675 4673
f 4652 4676 4665
f 4664 4677 4678
f 4663 4666 4676
f 4672 4666 4659
f 4680 4658 4667
f 4667 4669 4680
f 4681 4669 4668
f 4668 4683 4681
f 4670 4684 4683
f 4672 4685 4686
f 4678 4674 4664
f 4687 4662 4674
f 4685 4675 4688
f 4665 4689 4677
f 4678 4690 4691
f 4676 4679 4689
f 4686 4679 4672
f 4693 4671 4680
f 4680 4682 4693
f 4681 4695 4682
f 4694 4683 4696
f 4683 4697 4696
f 4685 4699 4686
f 4687 4691 4700
f 4700 4675 4687
f 4688 4698 4685
f 4702 4677 4689
f 4691 4704 4703
f 4692 4689 4679
f 4705 4686 4699
f 4693 4697 4684
f 4682 4706 4693
f 4708 4694 4707
f 4696 4707 4694
f 4709 4697 4710
f 4711 4698 4712
f 4700 4703 4713
f 4713 4688 4700
f 4698 4714 4712
f 4715 4690 4702
f 4704 4717 4703
f 4705 4702 4692
f 4718 4699 4711
f 4697 4719 4710
f 4695 4719 4706
f 4707 4721 4708
f 4712 4723 4711
f 4713 4717 4724
f 4724 4701 4713
f 4722 4714 4725
f 4715 4716 4704
f 4727 4716 4728
f 4705 4726 4715
f 4711 4729 4718
f 4710 4731 4730
f 4721 4719 4708
f 4720 4733 4721
f 4734 4723 4722
f 4717 4736 4724
f 4724 4725 4714
f 4725 4734 4722
f 4728 4726 4738
f 4727 4740 4739
f 4738 4718 4729
f 4729 4735 4741
f 4730 4742 4743
f 4743 4720 4730
f 4721 4744 4745
f 4735 4746 4747
f 4739 4736 4727
f 4737 4736 4748
f 4749 4734 4737
f 4740 4738 4750
f 4751 4739 4740
f 4729 4750 4738
f 4747 4741 4735
f 4731 4744 4742
f 4755 4743 4754
f 4744 4756 4757
f 4758 4747 4746
f 4752 4748 4739
f 4749 4748 4760
f 4762 4749 4761
f 4763 4740 4750
f 4752 4765 4764
f 4750 4753 4763
f 4759 4753 4747
f 4767 4744 4757
f 4768 4755 4754
f 4771 4756 4770
f 4772 4759 4758
f 4764 4760 4752
f 4749 4774 4761
f 4775 4762 4761
f 4763 4765 4751
f 4764 4778 4779
f 4763 4766 4777
f 4773 4766 4759
f 4767 4771 4781
f 4781 4768 4754
f 4769 4784 4783
f 4770 4769 4785
f 4770 4786 4771
f 4758 4776 4772
f 4787 4773 4772
f 4779 4774 4764
f 4761 4789 4775
f 4790 4775 4791
f 4792 4765 4777
f 4793 4779 4778
f 4777 4780 4792
f 4788 4780 4773
f 4771 4782 4781
f 4784 4782 4796
f 4783 4785 4769
f 4783 4798 4799
f 4797 4786 4785
f 4787 4776 4790
f 4801 4788 4787
f 4789 4794 4803
f 4803 4775 4789
f 4791 4805 4790
f 4778 4806 4793
f 4807 4794 4793
f 4792 4795 4806
f 4802 4795 4788
f 4796 4786 4800
f 4798 4796 4810
f 4799 4797 4783
f 4798 4813 4799
f 4787 4805 4801
f 4801 4815 4802
f 4803 4808 4816
f 4816 4791 4803
f 4817 4805 4804
f 4793 4819 4807
f 4807 4821 4808
f 4809 4806 4795
f 4822 4802 4815
f 4797 4810 4796
f 4810 4812 4798
f 4824 4799 4813
f 4825 4813 4812
f 4801 4818 4814
f 4814 4828 4815
f 4808 4829 4816
f 4829 4804 4816
f 4818 4831 4830
f 4819 4820 4807
f 4833 4821 4820
f 4809 4832 4819
f 4815 4835 4822
f 4824 4810 4811
f 4812 4836 4825
f 4837 4813 4826
f 4826 4838 4839
f 4814 4830 4827
f 4828 4841 4840
f 4834 4829 4821
f 4842 4817 4829
f 4830 4843 4844
f 4833 4832 4845
f 4846 4834 4833
f 4822 4845 4832
f 4840 4835 4828
f 4836 4824 4837
f 4849 4825 4836
f 4826 4850 4837
f 4839 4851 4852
f 4830 4841 4827
f 4854 4841 4853
f 4847 4842 4834
f 4855 4831 4842
f 4843 4857 4844
f 4845 4846 4833
f 4847 4859 4860
f 4848 4845 4835
f 4854 4848 4840
f 4850 4836 4837
f 4849 4851 4838
f 4850 4852 4863
f 4864 4852 4851
f 4853 4844 4857
f 4866 4854 4853
f 4847 4868 4855
f 4868 4843 4855
f 4870 4856 4869
f 4846 4871 4859
f 4872 4860 4859
f 4861 4858 4848
f 4861 4867 4874
f 4863 4849 4850
f 4864 4862 4875
f 4852 4876 4863
f 4864 4877 4865
f 4853 4870 4866
f 4860 4878 4868
f 4856 4878 4869
f 4869 4880 4870
f 4859 4881 4872
f 4872 4883 4873
f 4874 4871 4861
f 4880 4866 4870
f 4873 4885 4878
f 4878 4879 4869
f 4879 4887 4880
f 4872 4888 4882
f 4883 4890 4889
f 4891 4881 4874
f 4893 4880 4887
f 4889 4885 4883
f 4895 4886 4894
f 4882 4896 4890
f 4897 4888 4891
f 4897 4884 4893
f 4887 4898 4893
f 4889 4894 4886
f 4895 4901 4900
f 4902 4896 4897
f 4902 4893 4898
f 4900 4898 4895
f 4894 4905 4901
f 4900 4906 4907
f 4902 4909 4903
f 4898 4908 4902
f 4907 4904 4900
f 4905 4903 4909
f 4901 4911 4906
f 4912 4907 4906
f 4909 4915 4914
f 4908 4910 4915
f 4907 4916 4910
f 4905 4914 4911
f 4906 4917 4912
f 4912 4919 4913
f 4920 4915 4921
f 4921 4910 4916
f 4919 4916 4913
f 4920 4911 4914
f 4917 4918 4912
f 4924 4919 4918
f 4920 4926 4927
f 4922 4921 4916
f 4919 4928 4922
f 4920 4923 4917
f 4918 4929 4924
f 4927 4930 4931
f 4930 4922 4928
f 4925 4933 4928
f 4927 4929 4923
f 4924 4934 4932
f 4930 4936 4931
f 4928 4935 4930
f 4932 4938 4933
f 4931 4934 4929
f 4932 4939 4937
f 4940 4935 4941
f 4933 4941 4935
f 4937 4943 4938
f 4940 4934 4936
f 4939 4942 4937
f 4940 4946 4945
f 4938 4946 4941
f 4943 4948 4947
f 4944 4940 4945
f 4949 4942 4944
f 4946 4951 4945
f 4950 4943 4947
f 4947 4953 4952
f 4944 4951 4949
f 4954 4948 4949
f 4951 4955 4956
f 4952 4950 4947
f 4952 4957 4958
f 4954 4951 4956
f 4954 4957 4953
f 4960 4956 4955
f 4952 4960 4955
f 4963 4957 4962
f 4956 4959 4954
f 4962 4959 4964
f 4965 4960 4966
f 4958 4966 4960
f 4962 4968 4963
f 4964 4961 4965
f 4962 4969 4967
f 4965 4970 4971
f 4970 4963 4968
f 4972 4967 4973
f 4971 4964 4965
f 4973 4969 4974
f 4975 4971 4970
f 4975 4968 4972
f 4972 4977 4978
f 4976 4969 4971
f 4973 4979 4977
f 4975 4981 4976
f 4972 4980 4975
f 4977 4983 4978
f 4976 4979 4974
f 4984 4977 4979
f 4980 4986 4981
f 4978 4985 4980
f 4983 4988 4987
f 4979 4986 4984
f 4989 4982 4984
f 4991 4985 4990
f 4990 4983 4987
f 4992 4988 4993
f 4989 4986 4991
f 4994 4988 4989
f 4990 4996 4991
f 4995 4987 4992
f 4993 4998 4992
f 4991 4994 4989
f 4994 4997 4993
f 5001 4995 5000
f 4992 5000 4995
f 5003 4997 5002
f 5001 4994 4996
f 5002 4999 5004
f 5005 5000 5006
f 5000 5003 5006
f 5002 5008 5003
f 5004 5001 5005
f 5006 5008 5009
f 5008 5011 5010
f 5005 5013 5004
f 5014 5008 5010
f 5013 5007 5004
f 5013 5016 5015
f 5010 5018 5014
f 5015 5011 5013
f 5016 5014 5018
f 5015 5020 5021
f 5022 5018 5017
f 5021 5019 5015
f 5020 5018 5023
f 5026 5020 5025
f 5017 5024 5022
f 5028 5022 5027
f 5027 5021 5026
f 5025 5023 5028
f 5025 5030 5026
f 5031 5027 5032
f 5033 5027 5026
f 5028 5029 5025
f 5034 5030 5029
f 5031 5036 5037
f 5036 5033 5038
f 5031 5034 5029
f 5035 5040 5039
f 5035 5033 5030
f 5041 5036 5042
f 5043 5036 5038
f 5041 5034 5037
f 5039 5038 5035
f 5039 5044 5045
f 5041 5046 5047
f 5048 5042 5043
f 5047 5040 5041
f 5043 5045 5048
f 5045 5049 5050
f 5051 5047 5046
f 5048 5051 5046
f 5044 5052 5049
f 5045 5053 5048
f 5054 5049 5055
f 5056 5052 5051
f 5053 5059 5051
f 5057 5049 5052
f 5058 5050 5054
f 5055 5061 5054
f 5062 5057 5056
f 5065 5058 5064
f 5064 5054 5061
f 5060 5067 5066
f 5068 5060 5066
f 5069 5063 5065
f 5063 5062 5065
f 5067 5063 5066
f 5062 5059 5065
f 5065 5068 5069
f 5068 5063 5069
f 1 2 5
f 49 19 9
f 18 30 31
f 82 108 110
f 121 150 122
f 158 190 191
f 294 295 335
f 520 481 443
f 544 465 427
f 558 480 479
f 441 485 447
f 452 530 487
f 629 472 465
f 473 511 594
f 484 516 522
f 524 610 602
f 551 629 552
f 511 552 589
f 543 585 586
f 545 587 632
f 610 524 567
f 598 605 646
f 722 679 633
f 634 677 635
f 609 654 651
f 612 655 708
f 625 668 669
f 690 735 699
f 673 716 717
f 678 724 771
f 878 824 726
f 687 731 732
f 695 740 736
f 839 745 744
f 726 824 770
f 699 834 793
f 812 810 864
f 876 996 877
f 841 955 896
f 858 915 916
f 925 1039 1041
f 869 985 928
f 1048 993 933
f 887 945 948
f 1126 944 943
f 888 946 962
f 947 948 1065
f 960 1077 961
f 904 964 1020
f 929 986 989
f 990 1052 991
f 999 1120 1121
f 942 1060 1003
f 1166 1098 1037
f 1108 989 986
f 1003 1060 1125
f 947 1135 1066
f 1087 1071 1070
f 1098 1233 1100
f 1049 1180 1110
f 1057 1119 1189
f 1081 1148 1220
f 1085 1152 1153
f 1157 1227 1158
f 1096 1159 1162
f 1097 1163 1161
f 1102 1239 1169
f 1172 1248 1173
f 1177 1317 1178
f 1194 1334 1195
f 1302 1303 1234
f 1167 1233 1237
f 1168 1238 1240
f 1185 1257 1323
f 1204 1345 1275
f 1209 1279 1278
f 1321 1320 1305
f 1334 1335 1462
f 1285 1354 1356
f 1359 1544 1360
f 1500 1442 1381
f 1501 1500 1383
f 1399 1402 1401
f 1359 1425 1536
f 1360 1487 1426
f 1362 1428 1492
f 1445 1442 1500
f 1396 1454 1455
f 1416 1535 1477
f 1440 1497 1499
f 1553 1495 1447
f 1509 1565 1667
f 1529 1634 1530
f 1475 1533 1531
f 1529 1578 1631
f 1606 1661 1607
f 1724 1572 1624
f 1574 1625 1627
f 1575 1627 1626
f 1612 1661 1664
f 1758 1663 1611
f 5208 1676 1625
f 1690 1776 1691
f 1687 1734 1689
f 1692 1736 1701
f 1659 1712 1713
f 1714 1663 1758
f 1703 1745 1747
f 1805 1848 1808
f 1698 6979 1783
f 1744 1787 1786
f 1752 1792 1793
f 1800 1802 1841
f 1736 1785 1828
f 1788 1829 1827
f 1847 1846 1927
f 1897 1859 1857
f 1871 1912 1872
f 1837 1877 1876
f 1912 1953 1913
f 1874 1954 1914
f 1908 1944 1947
f 1961 2003 1999
f 1960 2002 1986
f 1996 2036 2073
f 2000 2038 2039
f 2001 2039 2040
f 2044 2105 2045
f 2018 2085 2055
f 2032 2069 2132
f 2049 2110 2079
f 2053 2114 2083
f 2097 2162 2098
f 2075 2104 2106
f 2119 2120 2186
f 2089 2191 2121
f 2141 2174 2212
f 2243 2168 2167
f 2184 2222 2259
f 2189 2227 2228
f 2256 2299 2257
f 2225 2270 2264
f 2398 2305 2266
f 2267 2268 2353
f 2230 2269 2349
f 2232 2272 2309
f 2241 2321 2281
f 2250 2290 2331
f 2297 2340 2298
f 2300 2301 2387
f 2263 2303 2395
f 2306 2307 2352
f 2292 2377 2333
f 2378 2492 2379
f 2380 2379 2494
f 2336 2382 2436
f 2384 2498 2385
f 2387 2440 2499
f 2344 2396 2460
f 2395 2449 2402
f 2427 2488 2485
f 2375 2431 2545
f 2432 2545 2434
f 2439 2551 2440
f 2552 2441 2389
f 2444 2502 2445
f 2451 2510 2452
f 2455 2514 2456
f 2457 2513 2458
f 2487 2430 2428
f 2493 2545 2431
f 2438 2495 2547
f 2437 2496 2497
f 2443 2556 2503
f 2446 2504 2613
f 2505 2613 2617
f 2459 2510 2509
f 2466 2520 2570
f 2470 2525 2523
f 2469 2523 2522
f 2471 2527 2524
f 2487 2595 2542
f 2550 2653 2551
f 2597 2697 2648
f 2614 2718 2615
f 2561 2618 2669
f 2562 2628 2578
f 2611 2663 2715
f 2656 2705 2809
f 2706 2809 2758
f 2719 2715 2714
f 2693 2746 2749
f 2696 2804 2751
f 2698 2751 2753
f 2754 2805 2756
f 2865 2813 2761
f 2775 2776 2881
f 2734 2785 2839
f 2803 2912 2804
f 2810 2861 2860
f 2762 2814 2811
f 2767 2821 2814
f 2859 2918 2860
f 2900 2953 2901
f 2856 2914 2915
f 2814 2934 2921
f 2971 3040 3041
f 2988 2989 3023
f 3030 2997 2966
f 3002 3003 3072
f 2999 3032 3107
f 3038 5177 5174
f 3044 3080 3154
f 3179 3104 3103
f 3070 3109 3110
f 3083 3157 3122
f 3100 3138 3136
f 3102 3140 3171
f 3108 3186 3144
f 3113 3146 3149
f 3140 3178 3253
f 3147 3229 3189
f 3177 3217 3218
f 3218 3292 3219
f 3181 3220 3258
f 3291 3330 3331
f 3309 3349 3351
f 3315 3357 3399
f 3343 3386 3383
f 3341 3383 3384
f 3419 3508 3463
f 3383 3475 3471
f 3565 3472 3471
f 3466 3558 3512
f 3523 3616 3622
f 3471 3570 3565
f 3521 3569 3619
f 3645 3649 3700
f 3618 3671 3720
f 3825 3727 3726
f 3773 3821 3866
f 3749 3798 3799
f 3750 3800 3846
f 3755 3804 3756
f 3801 3845 3849
f 3813 3858 3859
f 3846 3941 3893
f 3926 4017 4018
f 3897 3944 3945
f 3938 3983 4029
f 3993 4083 3994
f 3995 4039 4040
f 3999 4043 4087
f 3989 4036 3991
f 4081 4124 4083
f 4043 4086 4087
f 4056 4090 4169
f 4059 4102 4103
f 4091 4097 4136
f 4167 4207 4242
f 4266 4307 4289
f 4291 4315 4294
f 4334 4357 4377
f 4395 4417 4418
f 4451 4470 4433
f 4448 4433 4470
f 4432 4451 4449
f 4448 4486 4467
f 4450 4467 4468
f 4460 4480 4477
f 4469 4488 4508
f 4500 4501 4539
f 4507 4548 4527
f 4489 4509 4522
f 4568 4533 4570
f 4579 4547 4545
f 4507 4546 4548
f 4531 4566 4551
f 4555 4557 4573
f 4545 4563 4579
f 4559 4571 4575
f 4593 4578 4580
f 4570 4587 4610
f 4709 4710 4730
f 4721 4745 4731
f 4756 4733 4732
f 4743 4767 4754
f 4746 4762 4758
f 4796 4800 4797
f 4891 4874 4867
f 4863 4892 4877
f 4892 4863 4876
f 4876 4877 4892
f 4879 4885 4886
f 4890 4896 4903
f 4924 4932 4925
f 5002 5004 5007
f 5009 5014 5012
f 5017 5010 5019
f 5022 5024 5027
f 5026 5030 5033
f 5051 5059 5056
f 5055 5057 5067
f 5061 5068 5064
f 1848 1768 1808
f 1808 1764 1805
f 5207 5210 5208
f 1677 5209 1725
f 1678 5210 1677
f 1725 5207 1724
f 5091 827 778
f 5088 778 730
f 5089 730 686
f 686 641 5089
f 5101 1120 999
f 1192 5104 5110
f 2857 2911 5148
f 2967 2999 3005
f 2962 5148 2911
f 5176 3076 3075
f 3075 5178 5176
f 5181 3150 3194
f 5182 3194 3234
f 3234 5184 5182
f 5191 3487 3533
f 5191 3533 3581
f 3684 3683 3736
f 5198 4018 4061
f 4062 5198 4061
f 4103 5199 4062
f 5200 4141 4142
f 4181 5203 4142
f 4182 5204 4181
f 4183 5205 4143
f 5206 4183 4215
f 4215 5202 5206
f 4104 4177 4138
f 4138 5201 4104
f 4055 5201 4099
f 3834 3827 5196
f 5196 3779 3735
f 5195 3779 3728
f 5195 3676 5194
f 5194 3625 5193
f 3625 5192 5193
f 5190 3479 5189
f 5187 3433 3390
f 3390 5186 5187
f 3347 5185 5186
f 5183 3306 3267
f 3071 5173 3037
f 3034 5171 5173
f 5171 2964 5168
f 5168 2913 5165
f 5161 2855 2802
f 2802 5158 5161
f 2752 5156 5158
f 5154 5156 2645
f 2645 2696 2646
f 5153 2645 2543
f 5153 2489 5151
f 5151 2431 5149
f 5149 2375 2332
f 2211 5145 5146
f 5145 2142 5144
f 5143 2142 2108
f 5142 2108 2076
f 5142 2046 5141
f 2046 1968 5141
f 1927 5139 1967
f 5147 1846 5138
f 1969 1847 1927
f 5138 1806 5135
f 1806 5132 5135
f 1765 5131 5132
f 1460 5117 5118
f 5079 254 5077
f 5075 254 5438
f 5074 5438 189
f 189 5072 5074
f 5072 156 5071
f 5071 126 5070
f 5070 127 5073
f 188 127 155
f 5078 322 5080
f 683 685 5211
f 775 685 729
f 5090 729 777
f 5093 825 880
f 880 5096 5093
f 5100 938 997
f 1189 5103 1057
f 1566 5124 5121
f 1619 5127 5124
f 1539 5119 5123
f 5212 1352 1282
f 5111 1282 1212
f 5111 1141 5108
f 5108 1074 5105
f 956 5102 1013
f 5094 896 5095
f 5095 955 5097
f 5099 955 908
f 907 5099 908
f 5106 1153 5109
f 5112 1153 1295
f 5113 1295 1363
f 1550 1601 5128
f 5128 1655 1656
f 1655 5120 1656
f 1709 1755 5120
f 1880 1755 1797
f 5137 5213 1903
f 1903 1946 1907
f 1825 1824 5137
f 5134 1784 1783
f 5133 1741 1782
f 5136 1782 1823
f 1863 5136 1823
f 2026 1942 1984
f 5216 1902 1942
f 5215 1862 1902
f 5140 1863 5214
f 1862 1863 1822
f 2409 5217 2354
f 2310 2354 5217
f 5155 2578 2628
f 5155 2671 5157
f 5152 2778 5160
f 2726 5157 2671
f 5160 2830 5150
f 5150 2830 5170
f 5170 2886 2918
f 5170 2859 5167
f 2859 2807 5167
f 2968 5169 2917
f 5166 2917 5169
f 5164 2858 5166
f 5162 2806 5164
f 5159 2755 5162
f 5159 2651 2701
f 2546 2494 2379
f 2379 2492 2546
f 5218 2492 2491
f 5218 2494 2546
f 5220 5221 5219
f 5219 5225 5224
f 5222 5226 5221
f 5222 5229 5228
f 5229 5223 5230
f 5232 5223 5219
f 5224 5232 5219
f 5224 5235 5234
f 5221 5236 5225
f 5228 5227 5222
f 5228 5239 5238
f 5230 5231 5240
f 5239 5230 5241
f 5242 5231 5232
f 5242 5233 5244
f 5233 5234 5245
f 5234 5247 5246
f 5225 5248 5235
f 5236 5250 5249
f 5251 5228 5238
f 5239 5252 5238
f 5241 5240 5254
f 5240 5243 5255
f 5241 5253 5239
f 5258 5243 5242
f 5244 5258 5242
f 5245 5244 5233
f 5245 5246 5261
f 5246 5263 5262
f 5235 5264 5247
f 5249 5266 5265
f 5268 5237 5251
f 5238 5269 5251
f 5253 5270 5252
f 5254 5256 5241
f 5254 5255 5273
f 5274 5243 5257
f 5271 5256 5275
f 5277 5257 5258
f 5259 5277 5258
f 5259 5260 5279
f 5261 5260 5245
f 5262 5261 5246
f 5262 5283 5282
f 5247 5284 5263
f 5285 5248 5249
f 5249 5286 5285
f 5288 5266 5287
f 5289 5250 5267
f 5251 5290 5268
f 5267 5291 5289
f 5252 5292 5269
f 5293 5270 5271
f 5272 5275 5256
f 5272 5273 5296
f 5274 5273 5255
f 5257 5298 5274
f 5293 5275 5299
f 5276 5301 5300
f 5301 5278 5302
f 5279 5278 5259
f 5279 5280 5304
f 5280 5281 5305
f 5282 5281 5262
f 5307 5282 5283
f 5309 5263 5284
f 5264 5310 5284
f 5286 5310 5285
f 5265 5312 5286
f 5313 5266 5289
f 5315 5288 5287
f 5268 5316 5291
f 5290 5292 5317
f 5289 5318 5313
f 5294 5292 5270
f 5320 5294 5293
f 5299 5295 5322
f 5296 5295 5272
f 5296 5297 5324
f 5274 5325 5297
f 5326 5276 5300
f 5293 5327 5320
f 5301 5328 5300
f 5302 5329 5301
f 5302 5303 5331
f 5304 5303 5279
f 5305 5304 5280
f 5305 5306 5334
f 5308 5306 5282
f 5283 5336 5307
f 5338 5308 5307
f 5309 5310 5339
f 5339 5311 5340
f 5312 5311 5286
f 5312 5314 5342
f 5313 5315 5287
f 5345 5315 5344
f 5318 5316 5346
f 5317 5316 5290
f 5317 5319 5348
f 5343 5318 5349
f 5350 5294 5321
f 5351 5321 5320
f 5322 5323 5352
f 5353 5299 5322
f 5324 5323 5296
f 5324 5325 5355
f 5356 5298 5326
f 5320 5357 5351
f 5358 5328 5329
f 5360 5329 5330
f 5331 5330 5302
f 5331 5332 5362
f 5333 5332 5304
f 5334 5333 5305
f 5334 5335 5365
f 5335 5337 5366
f 5307 5367 5338
f 5309 5368 5336
f 5369 5337 5338
f 5340 5341 5371
f 5342 5341 5312
f 5342 5345 5373
f 5343 5344 5315
f 5346 5349 5318
f 5346 5347 5376
f 5348 5347 5317
f 5319 5378 5348
f 5349 5374 5343
f 5351 5380 5350
f 5322 5382 5353
f 5352 5354 5383
f 5384 5327 5353
f 5355 5354 5324
f 5325 5386 5355
f 5326 5359 5356
f 5351 5387 5381
f 5389 5359 5358
f 5360 5361 5390
f 5391 5358 5360
f 5362 5361 5331
f 5362 5363 5393
f 5363 5364 5394
f 5364 5365 5395
f 5366 5365 5335
f 5337 5397 5366
f 5369 5367 5398
f 5336 5399 5367
f 5369 5400 5370
f 5371 5372 5402
f 5371 5403 5340
f 5372 5373 5405
f 5379 5375 5406
f 5376 5375 5346
f 5376 5377 5408
f 5377 5378 5409
f 5410 5350 5380
f 5412 5381 5411
f 5353 5413 5384
f 5382 5383 5414
f 5383 5385 5415
f 5416 5357 5384
f 5386 5385 5355
f 5356 5388 5386
f 5411 5387 5418
f 5419 5389 5420
f 5390 5391 5360
f 5392 5390 5361
f 5391 5420 5389
f 5393 5392 5362
f 5393 5394 5425
f 5394 5395 5426
f 5395 5396 5427
f 5366 5428 5396
f 5429 5370 5400
f 5367 5430 5398
f 5398 5401 5369
f 5368 5403 5399
f 5432 5401 5433
f 5402 5404 5371
f 5405 5402 5372
f 5436 5404 5437
f 221 5373 188
f 5406 5407 5438
f 5408 5409 5439
f 5440 5378 5410
f 5441 5380 5412
f 5411 5442 5412
f 5413 5416 5384
f 5414 5413 5382
f 5414 5415 5446
f 5415 5417 5447
f 5448 5387 5416
f 5419 5386 5388
f 5418 5443 5411
f 5420 5450 5419
f 5423 5421 5452
f 5421 5422 5453
f 5424 5422 5392
f 5451 5423 5455
f 5424 5425 5456
f 5426 5425 5394
f 5426 5427 5458
f 5428 5427 5396
f 5460 5397 5429
f 5461 5400 5432
f 5431 5430 5462
f 5436 5399 5403
f 5431 5433 5401
f 5433 5464 5432
f 5434 5437 5404
f 5434 5435 5467
f 221 5435 5405
f 5437 5468 5436
f 5407 5470 5438
f 5409 5472 5439
f 5471 5408 5439
f 5410 5473 5440
f 5412 5474 5441
f 5476 5443 5475
f 5448 5444 5477
f 5444 5445 5478
f 5446 5445 5414
f 5446 5447 5480
f 5447 5419 5450
f 5481 5418 5448
f 5443 5482 5475
f 5451 5483 5450
f 5453 5452 5421
f 5452 5455 5423
f 5454 5453 5422
f 5456 5454 5424
f 5455 5484 5451
f 5456 5457 5490
f 5458 5457 5426
f 5459 5458 5427
f 5493 5428 5460
f 5494 5429 5461
f 5432 5495 5461
f 5462 5436 5468
f 5462 5463 5431
f 5465 5463 5497
f 5465 5498 5464
f 5469 5466 5500
f 5467 5466 5434
f 5467 251 5502
f 5503 5469 5504
f 5506 5471 5505
f 5439 5505 5471
f 5440 5507 5472
f 5441 5508 5473
f 5509 5442 5476
f 5510 5476 5475
f 5478 5477 5444
f 5477 5481 5448
f 5478 5479 5514
f 5480 5479 5446
f 5450 5480 5447
f 5516 5449 5481
f 5475 5517 5510
f 5518 5484 5519
f 5485 5486 5452
f 5487 5485 5453
f 5489 5486 5522
f 5487 5488 5523
f 5490 5488 5456
f 5489 5519 5484
f 5490 5491 5526
f 5491 5492 5527
f 5493 5492 5459
f 5460 5529 5493
f 5530 5461 5495
f 5464 5531 5495
f 5468 5496 5462
f 5496 5497 5463
f 5497 5499 5465
f 5499 5534 5498
f 5500 5501 5536
f 5500 5504 5469
f 5502 5501 5467
f 5076 5502 251
f 5539 5504 5540
f 325 5505 5541
f 5472 5541 5505
f 5507 5508 5542
f 5543 5474 5509
f 5476 5544 5509
f 5512 5513 5477
f 5514 5512 5478
f 5547 5481 5513
f 5514 5515 5548
f 5515 5483 5518
f 5482 5549 5517
f 5510 5551 5550
f 5552 5519 5553
f 5522 5520 5554
f 5520 5521 5555
f 5523 5521 5487
f 5525 5522 5557
f 5558 5488 5524
f 5524 5526 5559
f 5553 5525 5560
f 5526 5527 5561
f 5528 5527 5492
f 5493 5563 5528
f 5494 5564 5529
f 5495 5565 5530
f 5566 5498 5534
f 5532 5503 5539
f 5533 5532 5567
f 5533 5535 5499
f 5535 5569 5534
f 5536 5537 5500
f 5538 5536 5501
f 5537 5540 5504
f 5574 5540 5575
f 5081 5506 325
f 325 5577 5576
f 5541 5542 5577
f 5542 5543 5578
f 5509 5579 5543
f 5580 5511 5550
f 5547 5545 5581
f 5545 5546 5582
f 5548 5546 5514
f 5584 5516 5547
f 5548 5518 5552
f 5585 5517 5549
f 5550 5587 5586
f 5588 5553 5589
f 5554 5555 5590
f 5557 5554 5591
f 5555 5556 5592
f 5523 5593 5556
f 5560 5557 5594
f 5524 5595 5558
f 5526 5596 5559
f 5589 5560 5597
f 5561 5562 5598
f 5563 5562 5528
f 5600 5529 5564
f 5530 5601 5564
f 5531 5602 5565
f 5534 5603 5566
f 5567 5539 5574
f 5568 5567 5604
f 5570 5568 5605
f 5607 5570 5606
f 5571 5573 5537
f 5572 5571 5536
f 5080 5572 5538
f 5575 5573 5610
f 5575 5611 5574
f 5576 5613 397
f 5577 5578 5613
f 5579 5578 5543
f 5580 5579 5544
f 5586 5580 5550
f 5581 5582 5617
f 5618 5547 5581
f 5582 5583 5619
f 5583 5552 5588
f 5549 5620 5585
f 5551 5621 5587
f 5586 5623 5622
f 5588 5625 5624
f 5590 5591 5554
f 5590 5592 5627
f 5594 5591 5628
f 5593 5592 5556
f 5558 5630 5593
f 5594 5597 5560
f 5632 5559 5596
f 5596 5598 5633
f 5625 5597 5634
f 5598 5599 5635
f 5600 5599 5563
f 5564 5637 5600
f 5565 5638 5601
f 5639 5566 5603
f 5640 5569 5607
f 5574 5604 5567
f 5604 5605 5568
f 5606 5605 5642
f 5606 5643 5607
f 5608 5610 5573
f 5608 5609 5646
f 5082 5609 5572
f 5612 5610 5647
f 5611 5649 5648
f 397 5650 435
f 5613 5614 5650
f 5615 5614 5579
f 5616 5615 5580
f 5622 5616 5586
f 5581 5654 5618
f 5619 5617 5582
f 5584 5656 5620
f 5624 5583 5588
f 5621 5620 5657
f 5621 5623 5587
f 5660 5622 5623
f 5624 5662 5661
f 5591 5663 5628
f 5664 5590 5627
f 5627 5629 5665
f 5594 5666 5631
f 5667 5593 5630
f 5668 5595 5632
f 5631 5634 5597
f 5670 5596 5633
f 5633 5635 5671
f 5625 5672 5662
f 5673 5599 5636
f 5600 5674 5636
f 5675 5601 5638
f 5638 5639 5676
f 5640 5639 5603
f 5640 5643 5678
f 5611 5641 5604
f 5641 5642 5605
f 5642 5644 5606
f 5681 5643 5644
f 5647 5645 5683
f 5646 5645 5608
f 5083 5646 5609
f 5612 5685 5649
f 5649 5686 5648
f 474 5650 5688
f 5650 5651 5688
f 5652 5651 5615
f 5653 5652 5616
f 5659 5653 5622
f 5654 5656 5618
f 5654 5655 5693
f 5661 5619 5624
f 5694 5620 5656
f 5695 5623 5658
f 5697 5660 5696
f 5661 5699 5698
f 5628 5700 5666
f 5701 5626 5664
f 5627 5702 5664
f 5703 5629 5667
f 5631 5704 5669
f 5630 5705 5667
f 5632 5706 5668
f 5669 5672 5634
f 5633 5708 5670
f 5709 5635 5673
f 5662 5710 5699
f 5711 5636 5674
f 5712 5637 5675
f 5675 5676 5713
f 5676 5677 5714
f 5678 5677 5640
f 5678 5682 5716
f 5648 5679 5641
f 5681 5680 5717
f 5682 5719 5718
f 5683 5684 5720
f 5647 5721 5685
f 5646 5085 5684
f 5722 5649 5685
f 5686 5724 5723
f 474 5725 512
f 5688 5689 5725
f 5690 5689 5652
f 5690 5691 5727
f 5728 5659 5697
f 5656 5729 5694
f 5698 5693 5655
f 5658 5731 5695
f 5733 5660 5695
f 5735 5697 5696
f 5736 5698 5699
f 5737 5663 5701
f 5738 5664 5702
f 5665 5739 5702
f 5667 5740 5703
f 5707 5704 5741
f 5742 5704 5666
f 5744 5668 5706
f 5745 5670 5708
f 5746 5672 5707
f 5747 5671 5709
f 5748 5673 5711
f 5699 5749 5736
f 5750 5674 5712
f 5713 5712 5675
f 5714 5713 5676
f 5714 5715 5753
f 5715 5716 5754
f 5718 5716 5682
f 5681 5757 5719
f 5717 5759 5758
f 5718 5761 5760
f 5762 5683 5720
f 5086 5684 5085
f 5763 5685 5721
f 5723 5765 5764
f 5723 5842 5686
f 512 5766 553
f 5725 5726 5766
f 5726 5727 5767
f 5691 5768 5727
f 5694 5769 5732
f 5770 5729 5692
f 5730 5772 5693
f 5695 5774 5733
f 5775 5732 5769
f 5776 5696 5733
f 5777 5735 5778
f 5779 5730 5736
f 5780 5700 5737
f 5781 5701 5738
f 5702 5782 5738
f 5783 5703 5740
f 5784 5705 5744
f 5741 5743 5785
f 5707 5786 5746
f 5780 5743 5742
f 5706 5788 5744
f 5708 5789 5745
f 5790 5710 5746
f 5791 5709 5748
f 5792 5711 5750
f 5750 5751 5793
f 5752 5751 5713
f 5753 5752 5714
f 5754 5753 5715
f 5754 5755 5797
f 5760 5755 5718
f 5757 5761 5719
f 5717 5800 5757
f 5765 5758 5759
f 5760 5803 5802
f 5721 5804 5763
f 5806 5722 5763
f 5808 553 5766
f 5808 5726 5767
f 5727 5809 5767
f 5810 5728 5734
f 5769 5771 5811
f 5813 5771 5770
f 5772 5815 5814
f 5733 5816 5776
f 5731 5817 5774
f 5811 5775 5769
f 5778 5776 5819
f 5778 5820 5777
f 5734 5822 5810
f 5823 5773 5779
f 5737 5824 5780
f 5738 5825 5781
f 5739 5826 5782
f 5827 5740 5784
f 5744 5828 5784
f 5785 5787 5829
f 5785 5786 5741
f 5746 5831 5790
f 5780 5832 5787
f 5833 5745 5789
f 5747 5834 5789
f 5813 5749 5790
f 5748 5835 5791
f 5793 5792 5750
f 5793 5794 5837
f 5795 5794 5752
f 5795 5796 5839
f 5797 5796 5754
f 5760 5841 5798
f 5759 5842 5765
f 5803 5799 5843
f 5845 5800 5844
f 5800 5847 5846
f 5758 5801 5847
f 5847 5801 5848
f 5802 5850 5849
f 5763 5851 5806
f 5853 5806 5852
f 5724 5854 5801
f 5855 5087 5808
f 5808 5856 5855
f 5856 5809 5857
f 5810 5809 5768
f 5811 5812 5859
f 5790 5812 5813
f 5772 5813 5770
f 5819 5816 5860
f 5861 5774 5817
f 5862 5775 5818
f 5821 5819 5863
f 5820 5822 5777
f 5821 5865 5820
f 5810 5867 5858
f 5868 5781 5825
f 5782 5869 5825
f 5827 5826 5783
f 5784 5871 5827
f 5788 5872 5828
f 5829 5832 5873
f 5829 5830 5785
f 5831 5830 5875
f 5876 5824 5868
f 5789 5877 5833
f 5791 5878 5834
f 5792 5879 5835
f 5836 5837 5880
f 5838 5837 5794
f 5839 5838 5795
f 5839 5840 5883
f 5884 5797 5798
f 5798 5885 5884
f 5849 5841 5802
f 5843 5888 5887
f 5889 5803 5843
f 5844 5890 5845
f 5891 5846 5847
f 5848 5854 5893
f 5849 5895 5894
f 5806 683 5852
f 5853 5807 5805
f 5852 5896 5853
f 5855 5898 641
f 5900 5855 5856
f 5857 5900 5856
f 5857 5858 5902
f 5859 5831 5875
f 5863 5860 5903
f 5860 5861 5904
f 5905 5817 5862
f 5818 5906 5862
f 5863 5866 5821
f 5864 5865 5908
f 5910 5865 5866
f 5867 5902 5858
f 5870 5869 5826
f 5871 5870 5827
f 5871 5872 5914
f 5833 5915 5872
f 5873 5874 5829
f 5873 5876 5917
f 5874 5875 5830
f 5868 5919 5876
f 5834 5921 5877
f 5922 5835 5879
f 5880 5879 5836
f 5837 5924 5880
f 5883 5882 5839
f 5884 5883 5840
f 5927 5884 5885
f 5841 5928 5885
f 5894 5886 5849
f 5888 5930 5887
f 5845 5888 5799
f 5887 5889 5843
f 5933 5850 5889
f 5934 5847 5844
f 5936 5892 5891
f 5893 5853 5896
f 5937 5848 5893
f 5939 5895 5938
f 5897 5940 5896
f 5943 5898 5899
f 5944 5900 5945
f 5946 5900 5901
f 5901 5902 5947
f 5875 5906 5859
f 5907 5903 5948
f 5904 5903 5860
f 5905 5904 5861
f 5862 5951 5905
f 5907 5910 5866
f 5908 5953 5864
f 5909 5908 5865
f 5909 5957 5956
f 5867 5958 5911
f 5960 5912 5961
f 5913 5912 5870
f 5913 5914 5963
f 5964 5872 5915
f 5965 5877 5921
f 5916 5918 5874
f 5917 5916 5873
f 5919 5917 5876
f 5960 5919 5920
f 5970 5878 5922
f 5879 5971 5922
f 5880 5972 5923
f 5973 5881 5882
f 5973 5925 5974
f 5883 5975 5925
f 5975 5927 5976
f 5977 5885 5928
f 5939 5929 5894
f 5930 5932 5887
f 5980 5931 5937
f 5931 5890 5848
f 5889 5981 5933
f 5895 5982 5938
f 5984 5891 5934
f 5934 5935 5984
f 5935 5986 5985
f 5937 5896 5940
f 5941 5987 5940
f 5942 5990 5989
f 5944 5992 5991
f 5946 5994 5993
f 5993 5945 5946
f 5947 5994 5901
f 5906 5966 5951
f 5903 5996 5948
f 5950 5949 5904
f 5905 5998 5950
f 5999 5910 5952
f 5864 5959 5867
f 6001 5953 5954
f 5954 5955 6002
f 5955 5956 6003
f 5911 6005 6004
f 5959 6006 5958
f 5961 5969 5960
f 5961 5962 6009
f 5913 6010 5962
f 6011 5914 5964
f 5915 6012 5964
f 6013 5921 5970
f 6014 5916 5967
f 5967 5968 6015
f 5968 5969 6016
f 6017 5922 5971
f 5971 5972 6018
f 6019 5924 5973
f 5973 6020 6019
f 5975 5974 5925
f 5976 5977 6022
f 5976 6021 5975
f 5928 6024 5977
f 6025 5929 5978
f 5939 6026 5978
f 5981 5979 6028
f 6029 5930 5980
f 5940 5980 5937
f 5981 5982 5933
f 5984 6031 5983
f 5985 5984 5935
f 5986 6033 5985
f 6031 5936 5983
f 6037 5988 6036
f 5990 6038 5989
f 5991 5943 5944
f 6040 5991 5992
f 5993 6043 6042
f 5992 6042 6040
f 6044 5994 5995
f 6045 5947 5911
f 5951 6014 5998
f 5948 6046 5952
f 5949 6047 5996
f 6048 5950 5998
f 5952 6049 5999
f 6051 5957 5999
f 5953 6007 5959
f 6052 6001 6053
f 6002 6001 5954
f 6003 6002 5955
f 6003 6057 6056
f 6059 6004 6005
f 5958 6060 6005
f 6062 6007 6061
f 6016 6008 6063
f 6009 6008 5961
f 6065 5962 6010
f 5963 6066 6010
f 5964 6067 6011
f 5965 6068 6012
f 6069 5970 6017
f 6015 6014 5967
f 6015 6016 6071
f 6018 6017 5971
f 6018 6019 6073
f 6074 6019 6020
f 6021 6020 5974
f 5977 6076 6022
f 6022 6023 5976
f 6078 6024 6025
f 6079 5978 6026
f 6081 6026 6027
f 6028 6030 5981
f 6029 6028 5979
f 5980 6037 6029
f 6035 6030 6084
f 6085 6032 6086
f 5985 6086 6032
f 6034 6087 6033
f 6034 6031 6085
f 5988 5092 6036
f 6091 6037 6036
f 6092 6039 6093
f 5990 6041 6039
f 6040 6094 6041
f 6042 6097 6096
f 6040 6096 6095
f 6098 5995 6045
f 6099 6043 6044
f 6070 5998 6014
f 6100 5996 6047
f 6101 5997 6048
f 5999 6102 6051
f 6103 6046 6100
f 6051 6104 6050
f 6052 6007 6000
f 6052 6107 6106
f 6108 6001 6054
f 6055 6054 6002
f 6055 6056 6110
f 6112 6057 6111
f 6045 6058 6098
f 6058 6114 6113
f 6115 6005 6060
f 6006 6116 6060
f 6118 6062 6061
f 6063 6071 6016
f 6063 6064 6120
f 6065 6064 6009
f 6065 6066 6122
f 6011 6123 6066
f 6012 6124 6067
f 6125 6013 6069
f 6072 6069 6017
f 6071 6070 6015
f 6073 6072 6018
f 6020 6129 6074
f 6074 6128 6073
f 6076 6077 6022
f 6133 6077 6132
f 6131 6078 6134
f 6078 6079 6135
f 6136 6026 6080
f 6138 6081 6137
f 6139 6027 6089
f 6082 6140 6030
f 6083 6082 6028
f 6029 6090 6083
f 6084 6140 6143
f 6089 6084 6144
f 6086 6145 6085
f 6086 6087 6146
f 6085 6088 6034
f 6148 6090 6091
f 6038 939 881
f 6093 6149 6092
f 6041 6093 6039
f 6095 6151 6094
f 6096 6154 6153
f 6153 6095 6096
f 6155 6044 6098
f 6157 6099 6156
f 6127 6048 6070
f 6047 6158 6100
f 6102 6105 6051
f 6160 6049 6103
f 6158 6103 6100
f 6163 6105 6162
f 6164 6061 6052
f 6165 6053 6108
f 6054 6166 6108
f 6110 6109 6055
f 6056 6168 6110
f 6111 6104 6163
f 6111 6169 6112
f 6171 6058 6113
f 6113 6173 6172
f 6174 6059 6115
f 6175 6060 6116
f 6117 6116 6062
f 6127 6119 6177
f 6120 6119 6063
f 6120 6121 6179
f 6180 6065 6122
f 6066 6181 6122
f 6067 6182 6123
f 6183 6068 6125
f 6128 6126 6072
f 6074 6185 6130
f 6128 6186 6184
f 6132 6131 6187
f 6132 6188 6133
f 6187 6134 6190
f 6135 6134 6078
f 6080 6192 6136
f 6081 6194 6137
f 6195 6137 6196
f 6144 6139 6089
f 6141 6198 6140
f 6200 6082 6142
f 6142 6090 6147
f 6201 6140 6198
f 6146 6202 6145
f 6203 6087 6204
f 6088 6202 6204
f 6206 6148 6205
f 6092 6207 939
f 6150 6208 6149
f 6150 6094 6151
f 6211 6152 6210
f 6154 6212 6153
f 6214 6099 6155
f 6177 6101 6127
f 6162 6159 6215
f 6160 6159 6102
f 6161 6160 6103
f 6161 6177 6218
f 6162 6219 6163
f 5098 6107 6165
f 6108 6221 6165
f 6109 6222 6166
f 6110 6223 6167
f 6112 6224 6168
f 6111 6219 6170
f 6225 6113 6172
f 6172 6227 6226
f 6228 6174 6229
f 6230 6115 6175
f 6175 6176 6231
f 6176 968 1024
f 6119 6218 6177
f 6179 6178 6120
f 6180 6179 6121
f 6234 6122 6181
f 6181 6182 6235
f 6236 6124 6183
f 6125 6237 6183
f 6238 6126 6184
f 6239 6130 6185
f 6188 6129 6133
f 6186 6238 6184
f 6187 6189 6132
f 6243 6188 6189
f 6190 6191 6244
f 6190 6241 6187
f 6246 6191 6135
f 6136 6249 6248
f 6193 6250 6192
f 6137 6252 6196
f 6196 6253 6195
f 6251 6138 6195
f 6256 6144 6255
f 6257 6141 6200
f 6200 6147 6206
f 6258 6198 6259
f 6261 6203 6260
f 6262 6203 6204
f 6204 6261 6262
f 6205 6263 6206
f 6266 6208 6209
f 6150 6267 6209
f 6210 6268 6211
f 6212 6271 6270
f 6154 6272 6213
f 6214 6273 6156
f 6171 6214 6155
f 6215 6216 6275
f 6215 6220 6162
f 6217 6216 6160
f 6218 6217 6161
f 6279 6219 6220
f 6281 6166 6222
f 6282 6167 6223
f 6283 6168 6224
f 6285 6169 6284
f 6170 6280 6284
f 6226 6225 6172
f 6226 6288 6287
f 6289 6173 6228
f 6229 6289 6228
f 6230 6229 6174
f 6230 6231 6292
f 1024 6231 6176
f 6232 6218 6178
f 6232 6233 6293
f 6294 6180 6234
f 6234 6235 6295
f 6236 6235 6182
f 6236 6237 6297
f 6297 6238 6298
f 6242 6185 6188
f 6240 6239 6299
f 6298 6240 6300
f 6241 6243 6189
f 6302 6243 6303
f 6244 6247 6304
f 6245 6301 6241
f 6307 6247 6246
f 6248 6307 6246
f 6308 6192 6250
f 6310 6251 6309
f 6254 6252 6311
f 6195 6309 6251
f 6253 6313 6312
f 6315 6197 6256
f 6255 6316 6256
f 6318 6199 6257
f 6206 6257 6200
f 6259 6319 6258
f 6201 6317 6255
f 6321 6260 6322
f 6260 6323 6322
f 6321 6262 6261
f 5100 6264 6205
f 6263 6325 6324
f 6328 6208 6265
f 6329 6266 6330
f 6331 6209 6267
f 6269 6333 6268
f 6332 6269 6210
f 6332 6270 6335
f 6270 6337 6336
f 6338 6213 6272
f 6273 6340 6339
f 6274 6225 6286
f 6341 6272 6156
f 6276 6275 6342
f 6277 6275 6216
f 6279 6276 6344
f 6346 6280 6279
f 5105 6221 6281
f 6347 6222 6282
f 6223 6348 6282
f 6349 6224 6285
f 6351 6284 6350
f 6345 6284 6280
f 6286 6287 6352
f 6354 6287 6288
f 6227 6355 6288
f 6355 6290 6356
f 6291 6290 6229
f 6291 6292 6358
f 6292 1086 6359
f 6360 6233 6294
f 6361 6234 6295
f 6295 6296 6362
f 6297 6296 6236
f 6363 6298 6364
f 6299 6242 6302
f 6300 6299 6365
f 6366 6298 6300
f 6303 6301 6367
f 6303 6368 6302
f 6367 6305 6370
f 6371 6245 6372
f 6307 6373 6306
f 6374 6249 6308
f 6250 6375 6308
f 6377 6310 6309
f 6252 6378 6311
f 6311 6313 6254
f 6312 6309 6253
f 6312 6382 6381
f 6315 6383 6314
f 6315 6386 6385
f 6387 6317 6388
f 6318 6263 6324
f 6318 6320 6259
f 6258 6388 6317
f 6320 6390 6319
f 6322 6392 6321
f 6394 6322 6323
f 6392 6323 6321
f 6324 6397 6396
f 6265 6399 6328
f 6328 6326 6327
f 6400 6330 6401
f 6402 6266 6331
f 6333 6402 6268
f 6334 6404 6333
f 6334 6335 6406
f 6335 6336 6406
f 6336 6408 6407
f 6409 6271 6338
f 6339 6411 6410
f 6286 6340 6274
f 6341 6339 6412
f 6412 6338 6341
f 6342 6343 6413
f 6414 6276 6342
f 6343 6293 6360
f 6279 6415 6346
f 6345 6417 6416
f 6418 6282 6348
f 6419 6283 6349
f 6285 6420 6349
f 6351 6422 6421
f 6416 6350 6345
f 6287 6423 6352
f 6353 6425 6424
f 6355 6426 6288
f 6356 6357 6428
f 6427 6356 6429
f 6358 6357 6291
f 6294 6431 6360
f 6295 6432 6361
f 6362 6363 6433
f 6434 6300 6365
f 6436 6366 6435
f 6368 6438 6437
f 6440 6305 6371
f 6370 6369 6367
f 6372 6441 6371
f 6444 6373 6374
f 6446 6308 6445
f 6375 6376 6447
f 6448 6376 6377
f 6311 6450 6380
f 6451 6313 6380
f 6381 6377 6312
f 6453 6381 6382
f 6379 6383 6454
f 6455 6315 6385
f 6385 6457 6456
f 6388 6458 6387
f 6460 6316 6387
f 6318 6396 6389
f 6389 6391 6320
f 6319 6459 6388
f 6390 6463 6462
f 6464 6393 6465
f 6466 6393 6394
f 6466 6392 6464
f 6467 6396 6397
f 6395 6397 6325
f 5110 6469 1264
f 6328 6469 6398
f 6470 6329 6400
f 6403 6330 6402
f 6403 6404 6471
f 6473 6405 6472
f 6406 6405 6334
f 6336 6474 6406
f 6475 6407 6408
f 6408 6409 6477
f 6412 6410 6478
f 6479 6411 6480
f 6352 6411 6340
f 6478 6409 6412
f 6342 6481 6414
f 6360 6413 6343
f 6344 6482 6415
f 6417 6415 6483
f 6416 6485 6484
f 6348 6486 6418
f 6349 6487 6419
f 6421 6420 6351
f 6421 6490 6489
f 6484 6422 6416
f 6491 6353 6424
f 6492 6424 6425
f 6354 6494 6425
f 6494 6427 6495
f 6428 6430 6496
f 6428 6429 6356
f 6429 6495 6427
f 6358 6499 6430
f 6500 6361 6432
f 6501 6362 6433
f 6502 6366 6434
f 6433 6436 6501
f 6435 6503 6436
f 6438 6505 6437
f 6434 6437 6502
f 6439 6372 6304
f 6371 6507 6440
f 6442 6508 6441
f 6444 6510 6443
f 6511 6446 6445
f 6447 6449 6512
f 6513 6375 6447
f 6515 6449 6448
f 6380 6516 6451
f 6454 6450 6378
f 6382 6518 6453
f 6448 6452 6515
f 6519 6452 6453
f 6521 6454 6383
f 6522 6384 6455
f 6456 6455 6385
f 6456 6444 6446
f 6460 6457 6386
f 6387 6524 6460
f 6458 6526 6525
f 6389 6468 6461
f 6527 6461 6528
f 6526 6390 6462
f 6462 6530 6529
f 6464 6532 6531
f 6532 6466 6533
f 6464 6533 6466
f 5114 6397 1261
f 6468 6535 6534
f 1264 6536 1332
f 6399 6536 6469
f 6538 6400 6537
f 6471 6401 6403
f 6471 6473 6540
f 6472 6474 6541
f 6543 6472 6542
f 6407 6541 6474
f 6477 6475 6408
f 6546 6475 6545
f 6478 6548 6547
f 6479 6550 6549
f 6480 6423 6491
f 6478 6544 6477
f 6551 6414 6481
f 6500 6413 6431
f 6417 6552 6485
f 6484 6554 6553
f 6419 6555 6486
f 6420 6556 6487
f 6557 6421 6489
f 6558 6489 6490
f 6553 6490 6484
f 6493 6491 6424
f 6425 6561 6492
f 6492 6562 6493
f 6495 6561 6494
f 6496 6497 6428
f 6566 6430 6499
f 6497 6498 6429
f 6498 6564 6495
f 6500 6501 6569
f 6502 6504 6435
f 6569 6436 6503
f 6572 6504 6571
f 6437 6570 6502
f 6573 6506 6574
f 6439 6509 6442
f 6507 6577 6576
f 6508 6577 6441
f 6578 6509 6525
f 6443 6575 6439
f 6513 6511 6445
f 6447 6580 6513
f 6449 6581 6512
f 6583 6514 6515
f 6451 6584 6518
f 6450 6585 6516
f 6586 6453 6518
f 6520 6515 6452
f 6519 6587 6520
f 6589 6517 6521
f 6521 6523 6589
f 6511 6522 6455
f 6591 6523 6522
f 6524 6510 6460
f 6525 6592 6578
f 6528 6468 6534
f 6527 6594 6593
f 6529 6526 6462
f 6529 6596 6595
f 6593 6463 6527
f 6532 6597 6531
f 6532 6599 6598
f 6597 6533 6531
f 5114 6535 6467
f 6601 6535 6600
f 6603 6536 6602
f 6536 6604 6602
f 6538 6604 6470
f 6537 6539 6606
f 6540 6539 6471
f 6543 6540 6473
f 6542 6541 6609
f 6542 6610 6543
f 6609 6476 6546
f 6475 6612 6545
f 6613 6546 6545
f 6616 6548 6615
f 6549 6548 6479
f 6618 6549 6550
f 6480 6560 6550
f 6544 6616 6612
f 6482 6572 6483
f 6569 6481 6500
f 6620 6485 6552
f 6571 6483 6572
f 6553 6622 6621
f 6623 6487 6556
f 6624 6488 6557
f 6559 6626 6625
f 6621 6558 6553
f 6627 6493 6562
f 6561 6563 6492
f 6561 6629 6628
f 6497 6630 6567
f 6566 6565 6496
f 6567 6568 6498
f 6629 6568 6632
f 5115 6566 5113
f 6570 6571 6504
f 6551 6503 6572
f 6505 6633 6570
f 6574 6634 6573
f 6507 6574 6506
f 6577 6636 6576
f 6578 6637 6577
f 6580 6579 6513
f 6581 6580 6512
f 6581 6582 6640
f 6582 6642 6641
f 6643 6516 6585
f 6587 6583 6520
f 6645 6588 6644
f 6643 6589 6646
f 6590 6589 6523
f 6522 6638 6591
f 6590 6648 6647
f 6528 6601 6594
f 6650 6593 6594
f 6592 6595 6637
f 6596 6651 6595
f 6593 6596 6530
f 6654 6598 6653
f 6655 6598 6599
f 6597 6656 6599
f 6600 5116 1456
f 6600 6657 6601
f 5117 1332 6603
f 6659 6603 6602
f 6661 6538 6662
f 6606 6662 6537
f 6606 6607 6664
f 6607 6608 6665
f 6666 6543 6610
f 6609 6611 6542
f 6668 6611 6669
f 6667 6546 6614
f 6545 6670 6613
f 6672 6614 6613
f 6615 6617 6673
f 6615 6674 6616
f 6549 6676 6617
f 6618 6560 6627
f 6619 6678 6677
f 6616 6670 6612
f 6552 6633 6620
f 6620 6622 6554
f 6621 6680 6679
f 6681 6555 6623
f 6556 6682 6623
f 6683 6557 6559
f 6625 6685 6684
f 6686 6559 6625
f 6679 6626 6621
f 6689 6628 6629
f 6630 6631 6567
f 6692 1429 1491
f 6632 6631 6693
f 6629 6694 6689
f 6620 6573 6634
f 6634 6680 6622
f 6576 6635 6574
f 6637 6651 6636
f 6639 6638 6580
f 6639 6640 6696
f 6641 6640 6582
f 6698 6641 6642
f 6642 6645 6698
f 6701 6644 6588
f 6645 6704 6703
f 6591 6695 6648
f 6647 6706 6705
f 6601 6650 6594
f 6708 6650 6707
f 6679 6651 6652
f 6652 6649 6708
f 6709 6653 6710
f 6653 6711 6710
f 6709 6656 6654
f 1513 6600 1456
f 6658 6713 6657
f 6659 6605 6715
f 6659 6716 6660
f 6661 6663 6718
f 6719 6605 6661
f 6663 6664 6720
f 6664 6665 6721
f 6722 6608 6666
f 6610 6723 6666
f 6669 6667 6724
f 6669 6725 6668
f 6724 6614 6671
f 6613 6727 6672
f 6671 6729 6728
f 6673 6676 6730
f 6673 6675 6615
f 6675 6731 6674
f 6676 6734 6733
f 6627 6678 6618
f 6677 6737 6736
f 6727 6674 6731
f 6623 6738 6681
f 6683 6682 6624
f 6684 6686 6625
f 6685 6707 6684
f 6739 6686 6741
f 6652 6685 6679
f 6687 6735 6562
f 6690 6688 6628
f 6746 6690 6689
f 6631 6747 6693
f 6692 6691 6630
f 1491 6748 6692
f 6749 6632 6693
f 6694 6746 6689
f 6635 6651 6680
f 6751 6639 6696
f 6752 6640 6697
f 6699 6754 6753
f 6703 6698 6645
f 6704 6702 6755
f 6701 6756 6702
f 6703 6758 6757
f 6705 6759 6756
f 6700 6705 6701
f 6707 6657 6713
f 6711 6760 6710
f 6655 6712 6711
f 6709 6762 6712
f 1513 5121 6764
f 6764 6658 1513
f 6740 6714 6765
f 6716 5118 6660
f 6717 6715 6766
f 6717 6767 6716
f 6718 6719 6661
f 6720 6718 6663
f 6715 6771 6766
f 6720 6721 6772
f 6721 6722 6773
f 6666 6774 6722
f 6668 6775 6723
f 6724 6726 6669
f 6777 6726 6778
f 6776 6671 6728
f 6779 6672 6727
f 6733 6730 6676
f 6781 6732 6780
f 6733 6783 6782
f 6678 6784 6737
f 6785 6736 6786
f 6788 6736 6737
f 6779 6731 6781
f 6738 6739 6789
f 6686 6765 6741
f 6684 6713 6740
f 6741 6789 6739
f 6791 6735 6742
f 6742 6793 6792
f 6687 6794 6793
f 6794 6688 6744
f 6745 6744 6690
f 6797 6746 6796
f 6693 6798 6749
f 6747 6748 6799
f 6750 6749 6800
f 6796 6750 6801
f 6696 6802 6751
f 6803 6697 6699
f 6754 6804 6753
f 6806 6699 6753
f 6757 6754 6703
f 6702 6807 6755
f 6808 6704 6755
f 6810 6758 6809
f 6756 6811 6807
f 6759 6802 6812
f 6813 6761 6814
f 6761 6712 6762
f 6815 6762 6763
f 6817 6714 6764
f 5122 6767 5125
f 6766 6768 6717
f 6767 6820 6819
f 6771 6769 6821
f 6822 6718 6770
f 6720 6823 6770
f 6818 6771 6824
f 6721 6825 6772
f 6722 6826 6773
f 6827 6723 6775
f 6828 6725 6777
f 6776 6778 6726
f 6830 6777 6778
f 6833 6729 6779
f 6732 6782 6780
f 6780 6834 6781
f 6836 6782 6783
f 6785 6734 6677
f 6737 6838 6788
f 6786 6839 6785
f 6786 6787 6841
f 6842 6787 6788
f 6779 6834 6833
f 6789 5123 6738
f 6741 6817 6790
f 5127 6789 6790
f 6844 6742 6792
f 6845 6784 6791
f 6792 6847 6846
f 6794 6847 6793
f 6744 6848 6794
f 6849 6745 6797
f 6796 6850 6797
f 6800 6798 6852
f 6853 6747 6799
f 6800 6801 6750
f 6801 6851 6796
f 6812 6752 6803
f 6753 6856 6806
f 6806 6812 6803
f 6810 6805 6757
f 6807 6808 6755
f 6809 6808 6860
f 6809 6861 6810
f 6811 6859 6807
f 6812 6811 6759
f 6813 6866 6865
f 6762 6814 6761
f 6867 6760 6813
f 6763 6867 6815
f 6815 6868 6816
f 5125 6819 5129
f 6870 6768 6818
f 6819 6872 6871
f 6769 6873 6821
f 6771 6825 6824
f 6823 10230 6770
f 6824 6870 6818
f 6824 6826 6876
f 6877 6774 6827
f 6775 6878 6827
f 6879 6777 6831
f 6830 6829 6880
f 6830 6881 6831
f 6832 6884 6883
f 6780 6837 6835
f 6885 6834 6835
f 6785 6836 6783
f 6836 6887 6837
f 6889 6788 6838
f 6840 6890 6839
f 6841 6840 6786
f 6841 6843 6893
f 6894 6843 6842
f 6886 6833 6834
f 6844 6846 6896
f 6897 6791 6844
f 6898 6838 6845
f 6899 6846 6847
f 6899 6848 6901
f 6901 6795 6849
f 6902 6797 6850
f 6904 6851 6903
f 6800 6905 6854
f 6906 6798 6853
f 6801 6907 6855
f 6903 6855 6908
f 6856 6857 6806
f 6910 6804 6858
f 6860 6859 6911
f 6861 6911 6912
f 6911 6863 6912
f 6909 6811 6857
f 6865 6867 6813
f 6865 6915 6914
f 6814 6868 6866
f 6815 6913 6869
f 6917 6869 6916
f 5129 6871 5130
f 6918 6820 6870
f 6871 6920 6919
f 6821 6823 6825
f 6875 6822 6921
f 6875 6922 6874
f 6870 6923 6918
f 6877 6876 6826
f 6827 6924 6877
f 6828 6925 6878
f 6926 6831 6881
f 6830 6927 6882
f 6929 6882 6928
f 6883 6931 6930
f 6883 6880 6832
f 6885 6837 6887
f 6932 6886 6885
f 6839 6888 6836
f 6894 6889 6933
f 6934 6891 6935
f 6891 6892 6936
f 6893 6892 6841
f 6938 6843 6895
f 6894 6939 6895
f 6897 6896 6941
f 6900 6896 6846
f 6845 6943 6898
f 6900 6945 6944
f 6901 6945 6899
f 6946 6849 6902
f 6850 6947 6902
f 6948 6904 6903
f 6950 6854 6905
f 6852 6951 6905
f 6908 6907 6952
f 6948 6908 6953
f 6912 6858 6861
f 6863 6910 6912
f 6955 6865 6914
f 6914 6957 6956
f 6866 6917 6915
f 6916 6913 6955
f 6958 6916 6959
f 5130 6919 5131
f 6872 6960 6920
f 6919 6962 6961
f 6918 6963 6960
f 6924 6923 6877
f 6924 6925 6964
f 6965 6879 6926
f 6881 6966 6926
f 6882 6967 6928
f 6928 6968 6929
f 6930 6927 6883
f 6970 6930 6931
f 6887 6932 6885
f 6931 6973 6970
f 6934 6888 6890
f 6933 6940 6894
f 6934 6975 6974
f 6935 6936 6976
f 6937 6936 6892
f 6893 6978 6937
f 6939 6980 6895
f 6982 6939 6940
f 6941 6942 6983
f 6941 6943 6897
f 6898 6985 6933
f 6944 6987 6986
f 6987 6946 6988
f 6947 6946 6902
f 6947 6949 6989
f 6991 6949 6948
f 6905 6992 6950
f 6950 6952 6907
f 6994 6951 1755
f 6952 6953 6908
f 6948 6996 6991
f 6955 6956 6997
f 6956 6998 6997
f 6958 6915 6917
f 6997 6916 6955
f 6959 7000 6958
f 6959 6999 7001
f 6920 7002 6962
f 6961 7004 7003
f 6963 6964 7005
f 7006 6925 6965
f 6926 7007 6965
f 7008 6929 6968
f 6928 7009 6969
f 7010 6969 7011
f 6971 6967 6930
f 7013 6971 6970
f 6973 6972 7014
f 6973 7013 6970
f 6934 7014 6972
f 6933 6982 6940
f 6974 7017 7016
f 7018 6935 6976
f 6976 6977 7019
f 6937 7020 6977
f 6981 7021 1824
f 7022 6942 6944
f 7023 6943 6984
f 6985 7024 6933
f 6986 7022 6944
f 6986 7028 7027
f 7029 6987 6988
f 6988 6989 7029
f 6991 7030 6990
f 6992 6993 6950
f 6993 6995 6952
f 6994 7032 6992
f 6996 6995 7035
f 7036 6991 6996
f 6997 7038 7037
f 7000 6957 6958
f 6998 7001 7038
f 7001 7040 7039
f 7004 7002 7041
f 7004 7042 7003
f 7045 6965 7007
f 7046 6966 7008
f 7047 6968 7010
f 7009 7011 6969
f 7011 7049 7010
f 6971 7048 7009
f 7051 7013 7052
f 7053 6973 7014
f 7052 7015 7054
f 7016 7014 6974
f 7016 7056 7055
f 6975 7057 7017
f 7019 7018 6976
f 7020 7019 6977
f 7024 7021 6982
f 6983 7061 6984
f 6984 7062 7023
f 7063 7024 7025
f 7064 7022 7026
f 7026 7027 7065
f 7066 7028 7067
f 7068 7028 7029
f 7069 7029 6989
f 7069 6990 7030
f 7070 7031 7071
f 7033 7032 7072
f 7035 7033 7073
f 7072 7034 7074
f 7034 7076 7075
f 7036 7035 7077
f 7071 7036 7078
f 7080 7037 7038
f 7039 7038 7001
f 7039 7082 7081
f 6999 7079 7040
f 7004 7083 7043
f 7084 7006 7045
f 7007 7085 7045
f 7008 7086 7046
f 7049 7047 7010
f 7050 7048 7088
f 7089 7050 7090
f 7088 7012 7051
f 7052 7091 7051
f 7054 7053 7093
f 7054 7092 7052
f 7095 7056 7096
f 7017 7097 7056
f 7018 7098 7057
f 7099 7021 7060
f 7100 7023 7062
f 7101 7061 7064
f 7025 7102 7063
f 7060 7103 7099
f 7064 7065 7104
f 7065 7066 7105
f 7106 7067 7107
f 7069 7108 7068
f 7030 7109 7069
f 7070 7111 7110
f 7112 7035 7073
f 7072 7113 7073
f 7075 7074 7034
f 7115 7075 7076
f 7117 7036 7077
f 7118 7071 7078
f 7079 7120 7119
f 7120 7039 7081
f 7082 7121 7081
f 7119 7040 7079
f 7041 7084 7083
f 7045 7124 7084
f 7046 7125 7085
f 7047 7126 7086
f 7087 7089 7127
f 7090 7088 7128
f 7129 7090 7130
f 7051 7128 7088
f 7132 7092 7131
f 7093 7094 7054
f 7092 7134 7131
f 7096 7135 7095
f 7137 7056 7097
f 7057 7138 7097
f 7139 7062 7101
f 7104 7101 7064
f 7115 7063 7102
f 7141 7100 7139
f 7105 7104 7065
f 7143 7066 7106
f 7145 7107 7144
f 7107 7147 7146
f 7070 7148 7109
f 7110 7151 7150
f 7077 7152 7117
f 7073 7153 7112
f 7114 7113 7074
f 7114 7116 7155
f 7076 7103 7115
f 7115 7141 7116
f 7078 7156 7118
f 7157 7111 7118
f 7119 7159 7158
f 7159 7081 7121
f 7161 7122 7160
f 7119 7122 7082
f 7083 7124 7163
f 7085 7164 7124
f 7165 7086 7126
f 7166 7087 7127
f 7127 7129 7167
f 7128 7130 7090
f 7130 7169 7129
f 7091 7168 7128
f 7131 7171 7132
f 7134 7133 7173
f 7095 7133 7093
f 7131 7174 7172
f 7175 7136 7176
f 7177 7096 7137
f 7178 7097 7138
f 7140 7139 7101
f 7179 7141 7139
f 7181 7105 7143
f 7106 7182 7143
f 7144 7146 7183
f 7144 7184 7145
f 7186 7147 7187
f 7147 7108 7188
f 7190 7148 7149
f 7110 7191 7149
f 7184 7151 7192
f 7193 7117 7152
f 7112 7194 7152
f 7195 7113 7154
f 7155 7154 7114
f 7116 7180 7155
f 7156 7157 7118
f 7192 7157 7198
f 7159 7199 7158
f 7121 7200 7159
f 7199 7122 7158
f 7202 7160 7201
f 7162 1968 5139
f 7162 7163 7204
f 7163 7164 7204
f 7205 7125 7165
f 7126 7206 7165
f 7207 7127 7167
f 7129 7208 7167
f 7209 7130 7168
f 7210 7170 7211
f 7209 7132 7171
f 7212 7172 7213
f 7134 7214 7174
f 7173 7135 7175
f 7174 7213 7172
f 7176 7216 7175
f 7176 7177 7218
f 7219 7137 7178
f 7142 7179 7140
f 7220 7180 7179
f 7220 7181 7221
f 7143 7222 7181
f 7192 7145 7184
f 7183 7185 7144
f 7186 7183 7146
f 7150 7185 7191
f 7225 7186 7187
f 7227 7147 7188
f 7188 7148 7189
f 7189 7229 7228
f 7149 7230 7190
f 7193 7194 7231
f 7195 7194 7153
f 7154 7233 7195
f 7197 7198 7157
f 7198 7182 7192
f 7235 7200 7236
f 7236 7161 7202
f 7235 7160 7199
f 7201 7237 7202
f 7204 7203 7162
f 7164 7240 7204
f 7206 7205 7165
f 7242 7166 7207
f 7167 7243 7207
f 7210 7208 7169
f 7211 7209 7245
f 7210 7247 7246
f 7245 7171 7212
f 7213 7248 7212
f 7215 7214 7250
f 7175 7214 7173
f 7249 7215 7251
f 7253 7217 7252
f 7218 7217 7176
f 7218 7219 7255
f 7178 2063 7219
f 7221 7196 7220
f 7221 7222 7256
f 7191 7223 7230
f 7224 7223 7183
f 7186 7258 7224
f 7187 7259 7225
f 7225 7260 7226
f 7228 7188 7189
f 7228 7263 7262
f 7265 7230 7264
f 7231 7197 7193
f 7222 7234 7256
f 7235 7267 7266
f 7236 7237 7267
f 7266 7201 7235
f 7269 7203 7240
f 7241 7240 7205
f 7241 7242 7270
f 7207 7271 7242
f 7243 7244 7272
f 7246 7244 7210
f 7247 7245 7274
f 7247 7275 7246
f 7245 7277 7274
f 7279 7249 7278
f 7250 7216 7253
f 7251 7250 7280
f 7278 7251 7281
f 7252 7254 7282
f 7252 7283 7253
f 7255 7254 7218
f 7255 2063 2094
f 7256 7233 7221
f 7264 7223 7257
f 7257 7258 7286
f 7287 7226 7260
f 7262 7227 7228
f 7288 7261 7289
f 7291 7263 7290
f 7292 7229 7265
f 7292 7264 7293
f 7234 7232 7256
f 7295 7266 7267
f 7297 7237 7296
f 7238 7294 7296
f 7239 7298 7268
f 7270 7269 7241
f 7270 7301 7300
f 7302 7243 7272
f 7272 7273 7303
f 7305 7273 7246
f 7274 7276 7247
f 7276 7307 7275
f 7277 7306 7274
f 7248 7309 7277
f 7311 7278 7310
f 7253 7280 7250
f 7281 7280 7312
f 7278 7313 7310
f 7252 7314 7284
f 7315 7254 7285
f 7316 7284 7317
f 2094 7285 7255
f 7293 7257 7286
f 7318 7258 7287
f 7319 7260 7288
f 7320 7262 7291
f 7321 7261 7322
f 7292 7290 7263
f 7291 7325 7324
f 7292 7326 7323
f 7294 7328 7327
f 7296 7329 7297
f 7296 7327 7330
f 7268 7331 7299
f 7300 7298 7270
f 7300 7334 7333
f 7302 7303 7335
f 7334 7271 7302
f 7303 7304 7336
f 7338 7304 7305
f 7306 7308 7276
f 7305 7307 7338
f 7340 7307 7308
f 7309 7339 7306
f 7342 7279 7311
f 7312 7283 7316
f 7313 7343 7310
f 7317 7314 7345
f 7315 7314 7282
f 7285 2157 7315
f 7317 7347 7316
f 7326 7286 7318
f 7287 7349 7318
f 7319 7351 7350
f 7352 7291 7324
f 7321 7320 7352
f 7289 7354 7353
f 7355 7290 7323
f 7324 7357 7356
f 7358 7323 7326
f 7360 7327 7328
f 7329 7295 7297
f 7330 7361 7329
f 7330 7359 7362
f 7363 7299 7331
f 7333 7366 7365
f 7335 7334 7302
f 7336 7335 7303
f 7336 7337 7368
f 7370 7337 7338
f 7371 7308 7339
f 7338 7341 7370
f 7373 7341 7340
f 7342 7371 7339
f 7311 7374 7342
f 7376 7316 7347
f 7310 7377 7375
f 7344 7378 7343
f 7380 7344 7313
f 7382 7314 7346
f 7383 7317 7345
f 2157 7346 7315
f 7348 7384 7347
f 7349 7326 7318
f 7350 7349 7319
f 7350 7388 7387
f 7356 7352 7324
f 7353 7351 7289
f 7321 7389 7354
f 7353 7391 7390
f 7325 7392 7357
f 7355 7393 7392
f 7395 7360 7394
f 7361 7328 7329
f 7361 7397 7396
f 7397 7359 7395
f 7398 7332 7363
f 7400 7365 7401
f 7403 7365 7366
f 7367 7366 7335
f 7336 7404 7367
f 7369 7368 7337
f 7369 7407 7406
f 7340 7408 7373
f 7372 7370 7341
f 7372 7410 7409
f 7371 7411 7408
f 7374 7412 7411
f 7347 7413 7376
f 7414 7375 7377
f 7415 7343 7378
f 7416 7379 7417
f 7379 7381 7418
f 7376 7381 7380
f 7382 2195 2231
f 7419 7345 7382
f 7420 7348 7383
f 7385 7421 7384
f 7358 7386 7393
f 7387 7386 7350
f 7424 7387 7388
f 7389 7427 7426
f 7390 7388 7353
f 7426 7354 7389
f 7390 7429 7428
f 7357 7431 7430
f 7392 7432 7431
f 7394 7361 7396
f 7433 7394 7434
f 7397 7435 7396
f 7395 7436 7397
f 7364 7437 7399
f 7363 7401 7398
f 7401 7402 7439
f 7402 7441 7440
f 7404 7403 7367
f 7442 7368 7405
f 7443 7369 7406
f 7406 7445 7444
f 7447 7408 7446
f 7409 7407 7372
f 7409 7449 7448
f 7408 7450 7446
f 7450 7412 7451
f 7384 7452 7413
f 7377 7453 7414
f 7454 7412 7414
f 7456 7417 7455
f 7457 7379 7418
f 7381 7458 7418
f 7382 2271 7419
f 7459 7383 7419
f 7460 7385 7420
f 7462 7422 7461
f 7393 7423 7432
f 7463 7387 7425
f 7465 7425 7424
f 7466 7426 7427
f 7428 7424 7390
f 7467 7391 7426
f 7468 7429 7469
f 7470 7430 7431
f 7470 7432 7472
f 7396 7434 7394
f 7433 7474 7473
f 7476 7436 7475
f 7475 7433 7473
f 7477 7399 7437
f 7439 7398 7401
f 7439 7440 7478
f 7480 7440 7441
f 7442 7441 7404
f 7481 7405 7443
f 7444 7443 7406
f 7446 7483 7447
f 7445 7448 7485
f 7487 7449 7486
f 7483 7410 7447
f 7488 7446 7450
f 7489 7450 7451
f 7490 7421 7462
f 7453 7454 7414
f 7492 7453 7415
f 7494 7417 7457
f 7492 7416 7456
f 2271 7495 7419
f 7496 7420 7459
f 7460 7461 7422
f 7498 7462 7461
f 7472 7423 7463
f 7500 7425 7464
f 7501 7464 7465
f 7466 7471 7503
f 7505 7467 7466
f 7465 7506 7501
f 7429 7504 7469
f 7508 7469 7507
f 7470 7503 7471
f 7472 7509 7470
f 7474 7435 7476
f 7511 7474 7512
f 7475 7513 7476
f 7475 7511 7514
f 7438 7515 2291
f 7439 7516 7437
f 7440 7517 7478
f 7519 7479 7480
f 7481 7480 7442
f 7443 7520 7481
f 7522 7482 7444
f 7523 7448 7487
f 7486 7483 7524
f 7526 7484 7488
f 7488 7527 7526
f 7499 7490 7462
f 7452 7529 7458
f 7491 7493 7530
f 7494 7533 7532
f 7455 7535 7534
f 7456 7536 7492
f 7496 7497 7460
f 7495 7496 7459
f 7541 7497 7540
f 7498 7541 7542
f 7499 7542 7543
f 7510 7463 7500
f 7500 7502 7544
f 7546 7502 7501
f 7503 7505 7466
f 7548 7504 7505
f 7501 7550 7546
f 7469 7549 7507
f 7506 7508 7550
f 7508 7552 7551
f 7547 7509 7553
f 7553 7510 7554
f 7513 7474 7476
f 7555 7511 7512
f 7514 7557 7513
f 7511 7558 7514
f 7515 2332 2291
f 7516 7515 7477
f 7561 7516 7478
f 7517 7563 7562
f 7563 7518 7564
f 7518 7566 7565
f 7566 7481 7520
f 7520 7521 7567
f 7522 7568 7521
f 7485 7522 7444
f 7487 7570 7523
f 7573 7524 7572
f 7524 7525 7572
f 7525 7575 7574
f 7526 7576 7575
f 7577 7489 7578
f 7580 7490 7528
f 7581 7499 7543
f 7530 7584 7583
f 7491 7585 7582
f 7531 7579 7451
f 7532 7535 7494
f 7532 7529 7580
f 7535 7588 7534
f 7534 7537 7455
f 7592 7537 7591
f 7540 7539 7594
f 7539 7538 7593
f 7540 7595 7541
f 7541 7597 7542
f 7543 7597 7598
f 7500 7554 7510
f 7545 7544 7502
f 7545 7601 7600
f 7505 7602 7548
f 7603 7549 7548
f 7605 7546 7550
f 7507 7604 7552
f 7551 7550 7508
f 7551 7607 7606
f 7608 7547 7553
f 7553 7609 7608
f 7555 7513 7557
f 7556 7611 7610
f 7613 7558 7612
f 7612 7556 7610
f 7515 7615 7559
f 7616 7560 7561
f 7561 7562 7616
f 7518 7617 7564
f 7566 7618 7565
f 7567 7568 7620
f 7619 7567 7621
f 7523 7569 7522
f 7570 7623 7622
f 7572 7624 7573
f 7525 7625 7572
f 7574 7627 7626
f 7627 7576 7628
f 7577 7576 7527
f 7577 7631 7630
f 7578 7579 7632
f 7598 7581 7543
f 7583 7635 7634
f 7584 7536 7636
f 7583 7585 7530
f 7582 7639 7638
f 7586 7641 7640
f 7638 7531 7582
f 7589 7587 7642
f 7580 7587 7532
f 7588 7590 7534
f 7645 7589 7635
f 7591 7590 7646
f 7647 7536 7592
f 7591 7648 7592
f 2467 7593 2410
f 7594 7596 7540
f 7593 7594 7539
f 7653 7596 7652
f 7654 7595 7653
f 7598 7654 7655
f 7554 7599 7609
f 7656 7545 7600
f 7600 7658 7657
f 7548 7659 7603
f 7603 7660 7604
f 7662 7601 7605
f 7607 7604 7660
f 7606 7605 7551
f 7607 7663 7606
f 7665 7602 7608
f 7666 7608 7609
f 7613 7555 7557
f 7667 7611 7668
f 7612 7669 7613
f 7616 7672 7615
f 7562 7673 7616
f 7617 7672 7564
f 7565 7675 7617
f 7677 7619 7621
f 7567 7678 7621
f 7679 7568 7680
f 7622 7569 7570
f 7682 7625 7683
f 7683 7574 7626
f 7685 7627 7684
f 7686 7576 7629
f 7630 7629 7577
f 7630 7689 7688
f 7578 7690 7631
f 7633 7691 7581
f 7655 7633 7598
f 7583 7693 7637
f 7645 7584 7636
f 7585 7694 7639
f 7640 7632 7586
f 7641 7696 7695
f 7642 7643 7691
f 7642 7635 7589
f 7644 7646 7590
f 7644 7645 7698
f 7646 7649 7591
f 7698 7636 7647
f 7592 7700 7647
f 7648 7702 7701
f 7703 2467 2521
f 7652 7651 7704
f 7650 7651 7594
f 7705 7652 7706
f 7708 7654 7653
f 7707 7655 7654
f 7609 7656 7666
f 7600 7709 7656
f 7711 7658 7710
f 7659 7661 7603
f 7661 7713 7660
f 7715 7658 7662
f 7660 7664 7607
f 7662 7663 7715
f 7716 7664 7717
f 7718 7659 7665
f 7719 7665 7666
f 7667 7721 7720
f 7723 7670 7722
f 7725 7614 7677
f 7564 7673 7676
f 7678 7728 7621
f 7680 7730 7679
f 7622 7731 7680
f 7734 7682 7683
f 7736 7624 7682
f 7683 7737 7734
f 7738 7684 7739
f 7741 7628 7686
f 7688 7687 7630
f 7688 7744 7743
f 7689 7690 7745
f 7693 7692 7633
f 7637 7655 7694
f 7707 7639 7694
f 7690 7746 7745
f 7747 7695 7696
f 7699 7697 7749
f 7698 7697 7644
f 7751 7699 7752
f 7647 7750 7698
f 7753 7700 7648
f 7701 7756 7755
f 7753 7701 7757
f 7759 7703 2521
f 7706 7760 7705
f 7708 7696 7707
f 7656 7719 7666
f 7657 7761 7709
f 7763 7710 7762
f 7714 7712 7764
f 7714 7765 7713
f 7762 7715 7767
f 7713 7717 7664
f 7716 7715 7663
f 7717 7768 7716
f 7770 7712 7718
f 7718 7771 7770
f 7667 7772 7722
f 7774 7721 7773
f 7776 7721 7668
f 7722 7777 7723
f 8142 10229 8032
f 7724 7725 7778
f 7728 7725 7677
f 7728 7780 7779
f 7678 7781 7729
f 7679 7782 7781
f 7784 7731 7783
f 7785 7623 7681
f 7736 7735 7787
f 7734 7788 7735
f 7736 7786 7733
f 7734 7791 7789
f 7739 7792 7738
f 7740 7684 7628
f 7738 7737 7685
f 7740 7796 7795
f 7686 7797 7741
f 7798 7742 7799
f 7800 7688 7743
f 7744 7748 7743
f 7744 7689 7745
f 7695 7746 7640
f 7744 7745 7746
f 7743 7747 7760
f 7752 7749 7801
f 7802 7697 7750
f 7752 7803 7751
f 7750 7754 7802
f 7757 7754 7753
f 7755 7807 7806
f 7751 7756 7702
f 7755 7757 7701
f 7704 7758 7706
f 7760 7759 7743
f 7760 7708 7705
f 7709 7771 7719
f 7810 7711 7763
f 7812 7762 7811
f 7764 7766 7714
f 7815 7766 7814
f 7811 7767 7816
f 7769 7765 7815
f 7716 7816 7767
f 7769 7817 7768
f 7770 7813 7764
f 7771 7819 7770
f 7772 7774 7821
f 7773 7775 7822
f 7774 7824 7823
f 7775 7723 7777
f 7777 7821 7825
f 7724 7827 7826
f 7828 7779 7780
f 7729 7830 7780
f 7831 7781 7782
f 7782 7784 7832
f 7783 7834 7833
f 7783 2654 7784
f 7785 7786 7835
f 7835 7732 7785
f 7787 7788 7836
f 7787 7790 7736
f 7788 7839 7838
f 7786 7841 7840
f 7789 7842 7839
f 7738 7842 7791
f 7792 7844 7843
f 7740 7793 7739
f 7741 7845 7796
f 7799 7846 7798
f 7800 7848 7742
f 7809 7800 7743
f 7801 7802 7851
f 7804 7801 7852
f 7853 7804 7854
f 7851 7754 7805
f 7855 7757 7808
f 7806 7808 7755
f 7806 7858 7857
f 7853 7756 7803
f 7820 7761 7810
f 7763 7859 7810
f 7811 7860 7812
f 7814 7813 7862
f 7864 7814 7863
f 7816 7861 7811
f 7815 7818 7769
f 7768 7865 7816
f 7866 7818 7867
f 7862 7819 7868
f 7868 7820 7869
f 7870 7774 7823
f 7773 7871 7824
f 7822 7777 7825
f 7823 7873 7872
f 7821 7874 7825
f 7876 7827 7778
f 7780 7878 7828
f 7876 7828 7879
f 7831 7832 7880
f 7830 7881 7878
f 7832 2654 2703
f 2655 7833 2704
f 7833 7835 7882
f 7786 7883 7835
f 7787 7884 7837
f 7836 7838 7885
f 7886 7790 7837
f 7838 7888 7887
f 7889 7840 7841
f 7891 7842 7892
f 7843 7894 7893
f 7895 7793 7795
f 7843 7892 7792
f 7897 7796 7845
f 7797 7846 7845
f 7900 7847 7899
f 7848 7847 7799
f 7849 7901 7848
f 7849 7850 7903
f 7852 7851 7904
f 7852 7854 7804
f 7906 7853 7854
f 7904 7805 7855
f 7808 7908 7855
f 7857 7856 7806
f 7857 7911 7910
f 7907 7807 7853
f 7810 7869 7820
f 7912 7812 7860
f 7861 7913 7860
f 7863 7862 7915
f 7863 7916 7864
f 7914 7865 7918
f 7864 7867 7818
f 7918 7817 7866
f 7920 7867 7919
f 7868 7915 7862
f 7869 7921 7868
f 7870 7872 7923
f 7924 7824 7871
f 7874 7822 7825
f 7925 7872 7873
f 7927 7870 7923
f 7875 7877 7928
f 7879 7877 7876
f 7878 7879 7828
f 7831 7932 7881
f 7878 7933 7931
f 7882 2704 7833
f 7890 7883 7840
f 7837 7935 7886
f 7936 7836 7885
f 7885 7887 7937
f 7841 7938 7889
f 7887 7940 7939
f 7941 7839 7891
f 7889 7942 7890
f 7843 7944 7896
f 7893 7946 7945
f 7947 7844 7895
f 7895 7898 7947
f 7845 7900 7897
f 7949 7898 7897
f 7901 7899 7847
f 7952 7899 7951
f 7902 7950 7901
f 7903 7902 7849
f 7904 7905 7852
f 7854 7956 7906
f 7958 7907 7906
f 7855 7955 7904
f 7908 7909 7959
f 7909 7910 7960
f 7961 7910 7911
f 7957 7858 7907
f 7922 7859 7912
f 7860 7963 7912
f 7964 7914 7965
f 7915 7917 7863
f 7917 7967 7916
f 7918 7965 7914
f 7919 7916 7967
f 7969 7866 7920
f 7970 7920 7919
f 7966 7921 7972
f 7972 7922 7973
f 7924 7874 7927
f 7974 7873 7924
f 7925 7975 7926
f 7923 7977 7927
f 7980 7929 7875
f 7931 7930 7879
f 7881 7982 7933
f 2757 7983 2807
f 7942 7934 7890
f 7886 7986 7938
f 7987 7884 7936
f 7988 7887 7939
f 7938 7943 7889
f 7991 7939 7940
f 7992 7888 7941
f 7891 7993 7941
f 7942 7996 7995
f 7997 7893 7945
f 7945 7999 7998
f 8000 7894 7947
f 7947 7948 8000
f 7900 7949 7897
f 7948 8002 8001
f 7951 7950 8003
f 8003 7953 8004
f 7953 7954 8005
f 7905 8006 7956
f 7956 7958 7906
f 8009 7957 7958
f 7959 7955 7908
f 7960 7959 7909
f 7960 7962 8011
f 8013 7962 7961
f 8014 7957 8008
f 7912 7973 7922
f 8015 7913 7964
f 7965 8016 7964
f 7966 7968 7917
f 8020 7968 8019
f 8017 7969 8021
f 7970 7967 8020
f 7969 7971 8021
f 8023 7971 7970
f 7972 8018 7966
f 7973 8024 7972
f 7924 7977 7974
f 8026 7925 7974
f 8027 7926 7975
f 7976 8028 7975
f 7929 8031 7978
f 8032 7930 7981
f 7933 8033 7981
f 7983 8034 2807
f 8036 7882 7984
f 7995 7985 7942
f 7986 7987 8038
f 8040 7987 7936
f 7939 8041 7988
f 8042 7990 8043
f 7991 8044 7990
f 8046 7940 7992
f 7993 7992 7941
f 7994 8048 7993
f 8050 7995 7996
f 7997 7998 8052
f 8049 7944 7997
f 8053 7998 7999
f 8055 7946 8000
f 8000 8001 8055
f 7949 8056 8002
f 8058 8002 8057
f 8003 8056 7951
f 8004 8059 8003
f 8005 8004 7953
f 8007 8006 8062
f 7958 8063 8009
f 8009 8064 8008
f 8010 8006 7959
f 8011 8010 7960
f 8011 8012 8067
f 8068 8012 8013
f 8014 8013 7961
f 8008 8070 8014
f 7963 8025 7973
f 7964 8071 8015
f 8073 8017 8072
f 8019 8018 8074
f 8019 8075 8020
f 8021 8072 8017
f 8020 8023 7970
f 8021 8022 8077
f 8022 8079 8078
f 8074 8024 8080
f 8080 8025 8081
f 7974 8027 8026
f 8026 8029 7976
f 7975 8083 8027
f 8085 8029 8084
f 8086 7980 7928
f 5165 8030 8088
f 8089 7978 8031
f 8090 7979 8091
f 7981 8092 8032
f 8035 8037 8093
f 8037 8051 8094
f 8038 8039 8095
f 8096 7986 8038
f 8097 8039 8040
f 7988 8097 8040
f 8042 8099 8041
f 8043 8100 8042
f 8102 7990 8044
f 8103 8045 8104
f 8105 7991 8046
f 8046 8047 8106
f 8048 8047 7993
f 8099 8049 8108
f 7996 8109 8050
f 8050 8110 8051
f 8052 8049 7997
f 8054 8052 7998
f 8112 7999 8055
f 8054 8113 8095
f 8055 8058 8112
f 8002 8059 8057
f 8110 8058 8057
f 8057 8060 8110
f 8060 8061 8094
f 8063 8062 8114
f 8115 8009 8063
f 8117 8065 8116
f 8114 8010 8066
f 8066 8067 8118
f 8119 8012 8069
f 8068 8070 8120
f 8121 8068 8122
f 8120 8064 8117
f 8015 8081 8025
f 8016 8123 8071
f 8072 8124 8073
f 8019 8126 8076
f 8077 8125 8072
f 8075 8079 8023
f 8078 8077 8022
f 8079 8129 8078
f 8131 8074 8080
f 8081 8131 8080
f 8026 8083 8082
f 8084 8082 8133
f 8134 8028 8085
f 8084 8135 8085
f 8086 8136 8087
f 8089 8088 8030
f 8090 8141 8140
f 8087 8091 7979
f 8143 8032 8092
f 8094 8093 8037
f 8051 8060 8094
f 8095 8098 8054
f 8113 8038 8095
f 8108 8098 8097
f 8041 8108 8097
f 8100 8048 8099
f 8101 8107 8100
f 8145 8043 8102
f 8146 8044 8103
f 8147 8104 8148
f 8104 8105 8149
f 8046 8150 8105
f 8106 8107 8144
f 8050 8151 8111
f 8053 8151 8113
f 8058 8151 8112
f 8152 8063 8114
f 8116 8115 8153
f 8116 8154 8117
f 8066 8152 8114
f 8118 8119 8156
f 8157 8069 8121
f 8120 8122 8068
f 8159 8122 8160
f 8117 8158 8120
f 8132 8071 8123
f 8161 8073 8124
f 8163 8125 8162
f 8164 8076 8126
f 8162 8127 8165
f 8128 8130 8079
f 8078 8165 8127
f 8130 8167 8129
f 8126 8169 8164
f 8169 8132 8170
f 8082 8134 8133
f 8135 8134 8085
f 8171 8137 8172
f 8139 8138 8174
f 8140 8089 8090
f 8176 8140 8141
f 8141 8136 8171
f 8179 8143 8178
f 8096 8151 8109
f 8180 8101 8145
f 8181 8103 8147
f 8148 8182 8147
f 8148 8149 8184
f 8105 8185 8149
f 8144 8150 8106
f 8115 8186 8153
f 8187 8116 8153
f 8188 8154 8155
f 8156 8152 8118
f 8190 8119 8157
f 8159 8157 8121
f 8160 8158 8192
f 8159 8194 8193
f 8158 8189 8192
f 8123 8170 8132
f 8195 8124 8163
f 8164 8166 8128
f 8162 8198 8197
f 8168 8166 8199
f 8129 8198 8165
f 8201 8168 8200
f 8164 8202 8196
f 8169 8203 8202
f 8204 8172 8205
f 8172 8173 8206
f 8139 8207 8175
f 8174 8140 8177
f 8143 5172 8178
f 8210 8179 8178
f 8180 8213 8212
f 8215 8146 8181
f 8147 8216 8181
f 8182 8218 8217
f 8219 8148 8184
f 8149 8220 8184
f 8150 8212 8185
f 8153 8221 8187
f 8155 8222 8188
f 8224 8189 8188
f 8190 8186 8156
f 8225 8157 8191
f 8193 8191 8159
f 8192 8194 8160
f 8228 8193 8194
f 8189 8227 8192
f 8161 8203 8170
f 8163 8230 8195
f 8231 8166 8196
f 8233 8198 8232
f 8234 8168 8199
f 8232 8167 8201
f 8200 8235 8201
f 8202 8231 8196
f 8238 8202 8203
f 8205 8239 8204
f 8241 8172 8206
f 8207 8208 8175
f 8243 8174 8177
f 8178 8211 8210
f 8209 8247 8246
f 8212 8251 8250
f 8215 8213 8214
f 8181 8252 8215
f 8182 8253 8216
f 8254 8217 8218
f 8183 8256 8218
f 8184 8257 8219
f 8185 8250 8220
f 8187 8258 8222
f 8188 8259 8224
f 8261 8223 8224
f 8225 8221 8190
f 8225 8226 8262
f 8229 8226 8193
f 8194 8264 8228
f 8266 8229 8228
f 8227 8260 8264
f 8238 8195 8230
f 8233 8230 8197
f 8268 8199 8231
f 8232 8269 8233
f 8236 8234 8271
f 8201 8270 8232
f 8236 8272 8235
f 8231 8274 8268
f 8275 8237 8238
f 8277 8239 8240
f 8205 8278 8240
f 8241 8280 8279
f 8208 8281 8244
f 8207 8282 8242
f 8245 8243 8177
f 3037 8284 5175
f 8176 8276 8245
f 8249 8210 8211
f 8285 8247 8286
f 8279 8209 8246
f 8248 8247 8249
f 8288 8250 8251
f 8251 8252 8288
f 8290 8216 8253
f 8218 8291 8254
f 8292 8255 8254
f 8219 8294 8256
f 8220 8289 8257
f 8295 8222 8258
f 8224 8296 8261
f 8260 8298 8297
f 8262 8258 8225
f 8262 8263 8299
f 8265 8263 8229
f 8228 8301 8266
f 8303 8266 8302
f 8264 8297 8301
f 8238 8267 8275
f 8269 8267 8233
f 8305 8234 8268
f 8270 8306 8269
f 8308 8236 8271
f 8270 8272 8307
f 8309 8273 8310
f 8268 8311 8305
f 8274 8312 8311
f 8240 8313 8277
f 8314 8241 8279
f 8284 8281 8315
f 8316 8242 8282
f 5175 8317 3114
f 8318 8285 8286
f 8279 8285 8320
f 8248 8321 8286
f 5178 8322 8287
f 8324 8289 8288
f 8288 8290 8324
f 8325 8253 8326
f 8254 8327 8292
f 8329 8291 8256
f 8330 8293 8331
f 8333 8293 8292
f 8323 8257 8289
f 8334 8259 8295
f 8335 8261 8296
f 8337 8298 8336
f 8295 8299 8334
f 8263 8338 8299
f 8303 8300 8265
f 8302 8301 8340
f 8302 8341 8303
f 8297 8340 8301
f 8275 8304 8343
f 8306 8304 8269
f 8305 8308 8271
f 8346 8306 8307
f 8309 8307 8272
f 8309 8348 8347
f 8311 8345 8305
f 8311 8350 8349
f 8352 8277 8313
f 8278 8353 8313
f 8355 8314 8279
f 8284 8356 8317
f 8315 8358 8357
f 8316 8283 8351
f 8359 3114 8317
f 8319 8320 8285
f 8318 8361 8319
f 8320 8355 8279
f 8364 8287 8322
f 8323 8367 8366
f 8325 8324 8290
f 8330 8325 8326
f 8292 8369 8333
f 8370 8291 8328
f 8366 8328 8329
f 8331 8368 8330
f 8331 8332 8373
f 8332 8375 8374
f 8366 8294 8323
f 8334 8335 8296
f 8377 8298 8335
f 8336 8378 8337
f 8299 8376 8334
f 8380 8300 8339
f 8303 8381 8339
f 8340 8342 8302
f 8384 8342 8383
f 8382 8337 8378
f 8385 8304 8344
f 8345 8310 8308
f 8344 8386 8385
f 8347 8346 8309
f 8347 8388 8387
f 8349 8348 8345
f 8350 8389 8349
f 8351 8358 8316
f 8313 8391 8352
f 8353 8354 8392
f 8363 8354 8355
f 8394 8317 8356
f 8356 8357 8395
f 8396 8357 8358
f 5179 8398 3192
f 8363 8360 8399
f 8400 8360 8319
f 8362 8402 8361
f 8321 8362 8318
f 8322 8404 8364
f 8366 8406 8371
f 8368 8367 8325
f 8407 8333 8369
f 8408 8327 8370
f 8328 8409 8370
f 8406 8372 8410
f 8373 8372 8331
f 8374 8373 8332
f 8413 8374 8375
f 8377 8376 8415
f 8377 8379 8336
f 8379 8417 8378
f 8415 8338 8380
f 8419 8339 8381
f 8341 8420 8381
f 8383 8382 8421
f 8383 8422 8384
f 8378 8421 8382
f 8385 8312 8343
f 8386 8424 8385
f 8387 8386 8347
f 8427 8388 8426
f 8390 8424 8428
f 8396 8352 8391
f 8392 8429 8353
f 8354 8431 8392
f 8399 8393 8363
f 8433 8356 8395
f 8359 8434 8398
f 8395 8397 8435
f 8437 8397 8396
f 8438 3192 8398
f 8399 8401 8439
f 8401 8441 8440
f 8361 8441 8400
f 8442 8403 8443
f 8403 8364 8404
f 8365 8444 8404
f 8410 8371 8406
f 8407 8408 8446
f 8375 8447 8413
f 8448 8370 8409
f 8410 8411 8449
f 8412 8411 8373
f 8414 8412 8374
f 8453 8414 8413
f 8416 8415 8454
f 8418 8416 8455
f 8456 8418 8457
f 8454 8380 8419
f 8381 8458 8419
f 8459 8384 8422
f 8421 8423 8383
f 8462 8423 8461
f 8460 8417 8456
f 8428 8425 8463
f 8387 8463 8425
f 8464 8388 8389
f 8426 8465 8427
f 8468 8428 8467
f 8391 8437 8396
f 8437 8430 8469
f 8470 8392 8431
f 8471 8393 8432
f 8399 8472 8432
f 8433 8435 8473
f 8474 8394 8433
f 8398 8475 8438
f 8435 8436 8476
f 8477 8437 8469
f 8440 8439 8401
f 8440 8481 8480
f 8441 8442 8481
f 8482 8443 8483
f 8404 8443 8403
f 8405 8484 8444
f 8409 8449 8448
f 8446 8447 8407
f 8446 8448 8487
f 8447 8453 8413
f 8449 8450 8489
f 8451 8450 8412
f 8452 8451 8414
f 8452 8493 8492
f 8454 8455 8416
f 8455 8457 8418
f 8496 8457 8497
f 8419 8494 8454
f 8498 8420 8459
f 8499 8422 8462
f 8461 8460 8500
f 8501 8462 8461
f 8496 8460 8456
f 8503 8428 8463
f 8504 8427 8465
f 8464 8466 8426
f 8466 8506 8465
f 8464 8468 8505
f 8509 8468 8467
f 8430 8510 8469
f 8431 8511 8470
f 8512 8432 8472
f 8472 8479 8513
f 8473 8474 8433
f 8515 8435 8476
f 8474 8475 8434
f 8438 8517 8478
f 8518 8436 8477
f 8469 8519 8477
f 8480 8479 8440
f 8522 8480 8481
f 8524 8442 8482
f 8483 8525 8482
f 8483 8444 8484
f 8445 8527 8484
f 8487 8449 8489
f 8486 8488 8447
f 8487 8486 8446
f 8531 8453 8488
f 8489 8490 8532
f 8491 8490 8451
f 8492 8491 8452
f 8535 8492 8493
f 8494 8495 8455
f 8497 8495 8538
f 8497 8539 8496
f 8537 8458 8498
f 8459 8541 8498
f 8499 8502 8542
f 8543 8461 8500
f 8544 8502 8501
f 8539 8500 8496
f 8503 8509 8467
f 8465 8547 8504
f 8505 8507 8466
f 8549 8507 8550
f 8508 8505 8468
f 8508 8552 8551
f 8553 8470 8511
f 8554 8471 8512
f 8472 8555 8512
f 8521 8513 8479
f 8514 8516 8474
f 8558 8473 8515
f 8476 8559 8515
f 8517 8516 8560
f 8517 8520 8478
f 8477 8562 8518
f 8563 8510 8553
f 8523 8521 8480
f 8567 8523 8522
f 8482 8568 8524
f 8570 8525 8526
f 8484 8526 8483
f 8571 8485 8528
f 8489 8530 8487
f 8574 8529 8573
f 8530 8529 8486
f 8531 8535 8493
f 8532 8533 8577
f 8533 8534 8578
f 8536 8534 8492
f 8535 8580 8536
f 8538 8537 8582
f 8583 8497 8538
f 8540 8584 8539
f 8582 8498 8541
f 8499 8586 8541
f 8542 8545 8587
f 8501 8588 8544
f 8544 8589 8545
f 8539 8588 8543
f 8546 8552 8509
f 8504 8546 8503
f 8592 8506 8549
f 8507 8593 8550
f 8594 8550 8595
f 8551 8548 8508
f 8551 8597 8596
f 8511 8598 8553
f 8599 8512 8555
f 8555 8556 8600
f 8565 8556 8521
f 8515 8602 8558
f 8518 8603 8559
f 8560 8561 8517
f 8561 8564 8520
f 8606 8519 8563
f 8553 8607 8563
f 8566 8565 8523
f 8566 8611 8610
f 8524 8567 8522
f 8568 8569 8612
f 8569 8614 8613
f 8527 8570 8526
f 8615 8528 8572
f 8577 8530 8532
f 8573 8575 8616
f 8573 8617 8574
f 8535 8619 8581
f 8574 8576 8531
f 8578 8577 8533
f 8578 8579 8621
f 8622 8536 8580
f 8624 8581 8623
f 8582 8583 8538
f 8585 8583 8626
f 8627 8585 8628
f 8541 8625 8582
f 8629 8542 8587
f 8545 8630 8587
f 8590 8588 8631
f 8633 8590 8632
f 8631 8584 8627
f 8552 8634 8597
f 8547 8591 8546
f 8635 8549 8594
f 8595 8593 8636
f 8595 8637 8594
f 8596 8593 8551
f 8640 8597 8639
f 8641 8554 8599
f 8555 8642 8599
f 8600 8601 8643
f 8644 8565 8609
f 8558 8645 8557
f 8646 8559 8603
f 8647 8562 8606
f 8604 8605 8561
f 8560 8649 8604
f 8564 8650 8608
f 8563 8651 8606
f 8652 8598 8641
f 5189 8608 8653
f 8610 8609 8566
f 8610 8656 8655
f 8567 8612 8611
f 8613 8612 8569
f 8613 8659 8658
f 8571 8614 8570
f 3441 8615 8572
f 8616 8577 8620
f 8616 8618 8573
f 8662 8618 8663
f 8619 8623 8581
f 8619 8617 8662
f 8578 8665 8620
f 8666 8579 8622
f 8580 8667 8622
f 8623 8668 8624
f 8626 8625 8670
f 8626 8628 8585
f 8628 8672 8627
f 8670 8586 8629
f 8674 8587 8630
f 8675 8589 8633
f 8631 8632 8590
f 8677 8632 8678
f 8627 8676 8631
f 8639 8634 8679
f 8634 8592 8635
f 8681 8635 8594
f 8636 8638 8595
f 8684 8638 8683
f 8682 8596 8640
f 8639 8685 8640
f 8599 8687 8641
f 8688 8600 8643
f 8689 8601 8644
f 8690 8609 8654
f 8691 8603 8647
f 8606 8692 8647
f 8605 8693 8650
f 8649 8648 8604
f 8608 8695 8653
f 8651 8652 8696
f 8641 8697 8652
f 8655 8654 8610
f 8655 8701 8700
f 8611 8657 8656
f 8658 8657 8613
f 8658 8704 8703
f 8660 8614 8615
f 8660 3487 8705
f 8620 8661 8616
f 8661 8663 8618
f 8663 8708 8662
f 8669 8664 8710
f 8662 8664 8619
f 8711 8621 8666
f 8622 8712 8666
f 8713 8624 8668
f 8714 8669 8715
f 8671 8670 8716
f 8717 8628 8671
f 8719 8673 8718
f 8674 8670 8629
f 8630 8720 8674
f 8721 8633 8677
f 8678 8676 8722
f 8677 8724 8723
f 8722 8672 8719
f 8679 8686 8639
f 8635 8679 8634
f 8680 8727 8726
f 8683 8682 8728
f 8637 8727 8681
f 8730 8684 8683
f 8731 8682 8640
f 8686 8732 8685
f 8687 8688 8734
f 8735 8643 8689
f 8644 8736 8689
f 8699 8690 8654
f 8739 8647 8692
f 8692 8696 8740
f 8741 8650 8693
f 8742 8648 8694
f 8649 8743 8694
f 8744 8653 8695
f 8697 8734 8745
f 5192 8698 8746
f 8700 8699 8655
f 8748 8700 8701
f 8656 8702 8701
f 8703 8702 8658
f 8703 8752 8751
f 8705 8659 8660
f 8706 8705 3487
f 8665 8707 8661
f 8709 8707 8754
f 8756 8709 8755
f 8664 8756 8710
f 8710 8715 8669
f 8666 8758 8711
f 8759 8667 8713
f 8760 8668 8714
f 8714 8762 8761
f 8716 8717 8671
f 8718 8717 8764
f 8718 8765 8719
f 8674 8763 8716
f 8767 8675 8721
f 8677 8768 8721
f 8769 8678 8722
f 8723 8771 8770
f 8719 8769 8722
f 8725 8733 8686
f 8679 8726 8725
f 8726 8774 8773
f 8728 8730 8683
f 8774 8684 8729
f 8777 8729 8730
f 8728 8778 8775
f 8731 8732 8778
f 8780 8733 8779
f 8735 8734 8688
f 8689 8782 8735
f 8783 8690 8737
f 8747 8737 8699
f 8785 8692 8740
f 8786 8691 8739
f 8740 8788 8787
f 8741 8742 8789
f 8695 8790 8744
f 8791 8743 8792
f 8793 8698 8744
f 8745 8781 8795
f 8745 8794 8697
f 8749 8747 8700
f 8701 8750 8748
f 8800 8749 8748
f 8751 8750 8703
f 8752 8802 8751
f 8704 8753 8752
f 8706 8804 8753
f 8754 8711 8758
f 8755 8754 8805
f 8807 8755 8806
f 8756 8757 8710
f 8762 8757 8808
f 8809 8712 8759
f 8810 8713 8760
f 8714 8811 8760
f 8813 8761 8762
f 8763 8764 8717
f 8764 8766 8718
f 8816 8766 8817
f 8720 8814 8763
f 8818 8721 8768
f 8768 8770 8819
f 8820 8724 8769
f 8770 8822 8821
f 8765 8820 8769
f 8779 8772 8823
f 8725 8773 8772
f 8824 8774 8825
f 8775 8777 8730
f 8776 8774 8729
f 8776 8828 8827
f 8826 8778 8829
f 8829 8732 8780
f 8831 8780 8779
f 8782 8781 8735
f 8833 8736 8783
f 8834 8737 8784
f 8798 8784 8747
f 8785 8787 8836
f 8837 8739 8785
f 8738 8792 8743
f 8839 8787 8788
f 8789 8790 8741
f 8789 8791 8841
f 8744 8842 8793
f 8792 8841 8791
f 8746 8844 8797
f 8795 8796 8745
f 8832 8795 8781
f 8788 8796 8839
f 8799 8798 8749
f 8748 8801 8800
f 8849 8799 8800
f 8851 8751 8802
f 8852 8803 8853
f 8803 8753 8804
f 8804 3633 8854
f 8758 8805 8754
f 8806 8805 8855
f 8806 8856 8807
f 8856 8757 8807
f 8813 8808 8858
f 8759 8859 8809
f 8860 8760 8811
f 8761 8861 8811
f 8863 8813 8862
f 8815 8814 8864
f 8766 8865 8817
f 8867 8817 8866
f 8864 8767 8818
f 8819 8818 8768
f 8821 8819 8770
f 8771 8870 8822
f 8821 8872 8871
f 8823 8831 8779
f 8823 8773 8824
f 8874 8825 8875
f 8876 8777 8826
f 8875 8776 8827
f 8827 8878 8877
f 8879 8826 8829
f 8829 8830 8879
f 8880 8831 8881
f 8833 8832 8782
f 8883 8783 8834
f 8834 8835 8884
f 8848 8835 8798
f 8785 8886 8837
f 8838 8836 8787
f 8843 8786 8837
f 8888 8838 8839
f 8840 8890 8790
f 8840 8841 8892
f 8893 8793 8842
f 8892 8843 8894
f 8844 8847 8797
f 8839 8845 8888
f 8845 8846 8896
f 8846 8882 8897
f 8850 8848 8799
f 8849 8801 8851
f 8901 8850 8849
f 8902 8802 8852
f 8853 8903 8852
f 8804 8853 8803
f 8809 8855 8805
f 8855 8857 8806
f 8857 8907 8856
f 8858 8856 8907
f 8858 8862 8813
f 8910 8810 8860
f 8811 8911 8860
f 8912 8812 8863
f 8914 8862 8913
f 8864 8865 8815
f 8817 8916 8866
f 8867 8870 8816
f 8866 8918 8867
f 8868 8864 8818
f 8869 8868 8819
f 8871 8869 8821
f 8822 8917 8872
f 8872 8922 8871
f 8873 8881 8831
f 8873 8824 8874
f 8874 8926 8925
f 8927 8828 8876
f 8875 8877 8926
f 8928 8877 8878
f 8876 8930 8927
f 8880 8879 8830
f 8881 8931 8880
f 8833 8933 8882
f 8934 8834 8884
f 8884 8885 8935
f 8885 8899 8936
f 8837 8894 8843
f 8937 8836 8887
f 8887 8889 8938
f 8940 8889 8888
f 8941 8891 8942
f 8892 8891 8840
f 8944 8844 8893
f 8893 8890 8941
f 8894 8943 8892
f 8898 8895 8946
f 8888 8896 8940
f 8897 8933 8947
f 8900 8899 8850
f 8851 8901 8849
f 8950 8900 8901
f 8903 8902 8852
f 8953 8903 8904
f 8854 8904 8853
f 8906 8859 8910
f 8906 8908 8857
f 8907 8958 8957
f 8907 8909 8858
f 8913 8909 8959
f 8860 8960 8910
f 8961 8861 8912
f 8962 8863 8914
f 8964 8914 8913
f 8916 8915 8965
f 8866 8966 8919
f 8867 8967 8917
f 8968 8919 8969
f 8965 8868 8920
f 8921 8920 8869
f 8922 8921 8871
f 8872 8967 8923
f 8972 8922 8923
f 8932 8924 8973
f 8925 8873 8874
f 8974 8925 8926
f 8975 8878 8927
f 8926 8929 8974
f 8977 8929 8928
f 8927 8978 8975
f 8880 8978 8930
f 8932 8979 8931
f 8981 8883 8934
f 8934 8935 8982
f 8935 8936 8983
f 8899 8984 8936
f 8945 8886 8937
f 8937 8938 8985
f 8938 8939 8986
f 8939 8988 8987
f 8943 8942 8891
f 8944 8941 8990
f 8991 8895 8944
f 8989 8945 8992
f 8948 8946 8993
f 8896 8988 8940
f 8933 8995 8947
f 8951 8949 8900
f 8901 8952 8950
f 8950 8998 8951
f 8952 8954 9000
f 8953 8905 8955
f 8954 9002 9001
f 8910 8956 8906
f 9004 8908 8956
f 9005 8958 9006
f 8909 9005 8959
f 8964 8959 9007
f 8911 9008 8960
f 8961 8962 9009
f 8914 9010 8962
f 9011 8963 8964
f 8965 8966 8916
f 8919 9015 9014
f 8968 9016 8972
f 8920 9013 8965
f 8970 8971 9017
f 8972 8967 8968
f 9017 8972 9016
f 8980 8973 9018
f 9019 8973 8974
f 8928 9020 8977
f 8974 8976 9019
f 8976 9022 9021
f 9020 8978 9023
f 9023 8931 8979
f 8979 9025 9024
f 9026 8934 8982
f 8982 8983 9027
f 8936 9028 8983
f 8997 8984 8949
f 8937 8992 8945
f 8986 8985 8938
f 8986 8987 9031
f 8988 9032 8987
f 9034 8989 9035
f 9036 8944 8990
f 8946 9037 8993
f 9035 8992 9038
f 8993 8996 8948
f 9033 8994 9040
f 8947 9040 8994
f 9041 8981 9026
f 8998 8997 8951
f 8950 9000 8999
f 8998 9045 9044
f 9000 9001 9046
f 9002 8955 9003
f 9002 9047 9001
f 8960 9004 8956
f 9006 9004 9049
f 9051 9006 9050
f 8959 9051 9007
f 9007 9011 8964
f 9053 8961 9009
f 9009 9010 9054
f 8963 9055 9010
f 9012 9057 9056
f 9015 9013 9058
f 9015 9059 9014
f 9061 8969 9014
f 9017 9061 9062
f 9063 8980 9018
f 9063 9019 9064
f 9065 8977 9020
f 9021 9019 8976
f 9022 9066 9021
f 9023 9065 9020
f 9023 9024 9068
f 9024 9070 9069
f 8983 9071 9027
f 9072 8984 9029
f 9029 9043 9073
f 8985 9038 8992
f 9031 9030 8986
f 9031 9032 9075
f 9076 9033 9077
f 9078 9034 9035
f 8991 9080 9037
f 9039 9037 9081
f 9035 9082 9078
f 9042 9039 9083
f 9077 9040 9084
f 9084 8995 9041
f 9026 9085 9041
f 9042 3881 3834
f 9043 9044 9087
f 9046 8999 9000
f 9044 9089 9088
f 9046 9047 9090
f 9048 9003 3882
f 9091 9048 9092
f 9004 9053 9049
f 9093 9006 9049
f 9095 9051 9050
f 9051 9052 9007
f 9052 9057 9011
f 9009 9097 9053
f 9098 9010 9055
f 9099 9012 9056
f 9101 9057 9100
f 9017 9058 9013
f 9102 9015 9058
f 9103 9060 9104
f 9105 9061 9014
f 9062 9106 9107
f 9108 9025 9063
f 9064 9109 9063
f 9111 9022 9065
f 9021 9110 9064
f 9066 9113 9112
f 9065 9114 9111
f 9069 9068 9024
f 9069 9116 9115
f 9071 9085 9027
f 9118 9028 9072
f 9072 9073 9119
f 9073 9087 9120
f 9030 9082 9038
f 9075 9074 9031
f 9122 9032 9076
f 9077 9123 9076
f 9079 9036 9034
f 9078 9125 9079
f 9037 9127 9081
f 9081 9083 9039
f 9078 9129 9126
f 9083 9086 9042
f 9124 9084 9131
f 9131 9041 9085
f 3881 9132 3927
f 9088 9087 9044
f 9090 9045 9046
f 9088 9135 9134
f 9047 9136 9090
f 3928 9048 3882
f 9053 9093 9049
f 9050 9137 9095
f 9095 9138 9094
f 9096 9094 9138
f 9100 9096 9140
f 9141 9054 9098
f 9055 9142 9098
f 9056 9143 9099
f 9144 9100 9145
f 9107 9058 9062
f 9146 9060 9102
f 9104 9147 9103
f 9059 9149 9105
f 9149 9106 9105
f 9150 9107 9106
f 9152 9070 9108
f 9154 9110 9153
f 9155 9067 9111
f 9153 9066 9112
f 9113 9156 9112
f 9111 9158 9155
f 9115 9114 9069
f 9115 9160 9159
f 9131 9117 9161
f 9118 9117 9071
f 9119 9118 9072
f 9120 9119 9073
f 9120 9133 9164
f 9129 9074 9121
f 9165 9075 9122
f 9076 9166 9122
f 9124 9167 9123
f 9125 9080 9079
f 9126 9169 9125
f 9127 9128 9081
f 9128 9130 9083
f 9170 9129 9173
f 9174 9086 9130
f 9131 9168 9124
f 3927 9175 3973
f 9134 9133 9088
f 9090 9135 9089
f 9134 9178 9177
f 9091 9179 9136
f 5197 9092 3928
f 9097 9137 9093
f 9137 9139 9095
f 9139 9183 9138
f 9140 9138 9183
f 9185 9100 9140
f 9098 9186 9141
f 9142 9143 9187
f 9144 9143 9101
f 9145 9189 9144
f 9107 9191 9102
f 9192 9104 9146
f 9149 9147 9193
f 9195 9148 9194
f 9193 9150 9149
f 9196 9151 9150
f 9152 9109 9154
f 9160 9152 9198
f 9153 9199 9154
f 9201 9113 9155
f 9112 9200 9153
f 9159 9158 9115
f 9160 9203 9159
f 9162 9161 9117
f 9164 9163 9120
f 9164 9176 9207
f 9173 9121 9165
f 9208 9122 9166
f 9123 9209 9166
f 9167 9161 9210
f 9125 9171 9127
f 9170 9211 9169
f 9171 9172 9128
f 9174 9172 9214
f 9212 9173 9215
f 9175 9174 9216
f 9217 3973 9175
f 9177 9176 9134
f 9178 9136 9179
f 9178 9219 9177
f 9179 9222 9221
f 9182 9141 9186
f 9184 9182 9225
f 9226 9184 9227
f 9185 9183 9226
f 9185 9190 9145
f 9229 9142 9187
f 9188 9187 9143
f 9189 9188 9144
f 9189 9233 9232
f 9234 9151 9197
f 9235 9148 9192
f 9191 9192 9146
f 9147 9236 9193
f 9195 9238 9237
f 9236 9196 9193
f 9197 9239 9240
f 9160 9241 9204
f 9199 9198 9154
f 9200 9242 9199
f 9244 9157 9201
f 9156 9243 9200
f 9159 9244 9202
f 9247 9203 9204
f 9205 9210 9161
f 9250 9163 9206
f 9207 9206 9164
f 9176 9252 9207
f 9215 9165 9208
f 9166 9253 9208
f 9254 9167 9210
f 9169 9213 9171
f 9255 9212 9256
f 9213 9214 9172
f 9216 9214 9258
f 9215 9256 9212
f 9260 9175 9216
f 9177 9262 9218
f 9179 9220 9178
f 9263 9220 9264
f 9265 9222 9224
f 9222 9223 9224
f 9229 9182 9186
f 9266 9184 9225
f 9268 9227 9267
f 9185 9268 9228
f 9190 9269 9233
f 9187 9270 9229
f 9271 9188 9231
f 9231 9232 9272
f 9232 9274 9273
f 9240 9234 9197
f 9194 9276 9238
f 9234 9235 9192
f 9277 9195 9237
f 9237 9279 9278
f 9280 9236 9277
f 9240 9280 9281
f 9247 9241 9282
f 9241 9242 9282
f 9284 9243 9283
f 9245 9286 9285
f 9203 9286 9244
f 9287 9247 9288
f 9210 9289 9254
f 9250 9251 9290
f 9248 9250 9289
f 9207 9291 9251
f 9208 9259 9215
f 9292 9209 9254
f 9257 9211 9255
f 9256 9293 9255
f 9258 9257 9295
f 9260 9258 9296
f 9297 9256 9259
f 9298 9217 9260
f 9300 9219 9263
f 9263 9302 9301
f 9266 9229 9270
f 9303 9227 9266
f 9305 9268 9267
f 9228 9304 9269
f 9233 9306 9274
f 9307 9230 9271
f 9271 9272 9308
f 9273 9272 9232
f 9311 9274 9310
f 9312 9240 9281
f 9279 9276 9313
f 9276 9275 9312
f 9237 9314 9277
f 9316 9278 9279
f 9277 9317 9280
f 9280 9318 9281
f 9282 9288 9247
f 9242 9319 9282
f 9285 9283 9243
f 9322 9283 9321
f 9285 9323 9320
f 9323 9246 9287
f 9288 9324 9287
f 9254 9326 9292
f 9289 9290 9326
f 9251 9327 9290
f 9328 9291 9252
f 9297 9292 9330
f 9255 9295 9257
f 9294 9331 9293
f 9295 9296 9258
f 9296 9298 9260
f 9330 9294 9297
f 9261 9335 9299
f 9337 9300 9338
f 9263 9339 9300
f 9302 9340 9301
f 9270 9303 9266
f 9303 9305 9267
f 9344 9304 9305
f 9345 9269 9304
f 9310 9306 9346
f 9308 9307 9271
f 9272 9348 9308
f 9311 9309 9273
f 9310 9350 9311
f 9352 9281 9318
f 9313 9312 9352
f 9313 9316 9279
f 9315 9314 9278
f 9315 9356 9355
f 9357 9314 9354
f 9358 9317 9357
f 9319 9325 9288
f 9359 9284 9322
f 9360 9283 9320
f 9321 9361 9322
f 9320 9363 9360
f 9287 9363 9323
f 9364 9325 9365
f 9292 9366 9330
f 9367 9291 9329
f 9329 9337 9368
f 9293 9333 9295
f 9332 9369 9331
f 9296 9371 9334
f 9372 9298 9334
f 9330 9370 9332
f 9299 9373 9336
f 9300 9375 9338
f 9368 9338 9376
f 9341 9301 9340
f 9342 9341 4143
f 9343 9307 9347
f 9305 9378 9344
f 9345 9380 9379
f 9346 9345 9379
f 9346 9351 9310
f 9348 9347 9308
f 9348 9349 9383
f 9384 9311 9350
f 9385 9351 9386
f 9318 9387 9352
f 9352 9353 9313
f 9388 9316 9353
f 9389 9315 9355
f 9355 9391 9390
f 9354 9392 9357
f 9357 9393 9358
f 9359 9365 9325
f 9322 9394 9359
f 9395 9321 9360
f 9362 9396 9361
f 9360 9398 9395
f 9398 9324 9364
f 9364 9400 9399
f 9367 9368 9402
f 9403 9327 9367
f 9331 9371 9333
f 9404 9370 9403
f 9371 9372 9334
f 9406 9335 9372
f 9403 9366 9401
f 9407 9336 9373
f 9375 9376 9338
f 9377 9339 9341
f 9376 9402 9368
f 9374 9377 9342
f 9382 9343 9347
f 9410 9344 9378
f 9379 9412 9411
f 9379 9381 9346
f 9381 9386 9351
f 9348 9414 9382
f 9384 9383 9349
f 9350 9416 9384
f 9386 9417 9385
f 9393 9387 9358
f 9353 9419 9388
f 9420 9356 9388
f 9421 9355 9390
f 9423 9391 9422
f 9424 9389 9421
f 9425 9392 9424
f 9365 9426 9400
f 9396 9394 9361
f 9397 9395 9427
f 9397 9428 9396
f 9427 9398 9430
f 9398 9399 9430
f 9399 9432 9431
f 9402 9403 9367
f 9369 9405 9371
f 9406 9405 9409
f 9373 9408 9407
f 9406 9376 9408
f 9407 9375 9377
f 9404 9409 9405
f 9378 9414 9410
f 9433 9380 9410
f 9411 9435 9434
f 9411 9413 9381
f 9413 9418 9386
f 9414 9415 9437
f 9384 9438 9415
f 9439 9385 9417
f 9418 9440 9417
f 9425 9419 9393
f 9388 9442 9420
f 9391 9443 9422
f 9390 9444 9421
f 9446 9422 9445
f 9421 9447 9424
f 9424 9448 9425
f 9400 9449 9432
f 9428 9426 9396
f 9429 9427 9450
f 9451 9429 9452
f 9427 9453 9450
f 9431 9430 9399
f 9431 9455 9454
f 9414 9433 9410
f 9412 9456 9435
f 9457 9434 9435
f 9458 9413 9434
f 9418 9459 9441
f 9437 9438 9460
f 9461 9416 9439
f 9417 9462 9439
f 9463 9440 9441
f 9466 9442 9425
f 9443 9442 9465
f 9445 9443 9467
f 9468 9423 9446
f 9470 9446 9445
f 9471 9444 9468
f 9447 9472 9448
f 9449 9455 9432
f 9473 9428 9451
f 9450 9452 9429
f 9476 9452 9475
f 9454 9453 9431
f 9478 9455 9477
f 9460 9433 9437
f 9435 9479 9457
f 9481 9458 9457
f 9480 9436 9458
f 9463 9459 9482
f 9461 9460 9438
f 9439 9484 9461
f 9462 9464 9485
f 9464 9487 9486
f 9465 9489 9488
f 9465 9467 9443
f 9467 9470 9445
f 9468 9469 9491
f 9493 9469 9470
f 9491 9471 9468
f 9472 9466 9448
f 9472 9494 9495
f 9477 9473 9496
f 9496 9451 9476
f 9475 9474 9497
f 9498 9475 9499
f 9497 9454 9478
f 9501 9477 9500
f 9483 9456 9460
f 9457 9502 9481
f 9503 9481 9504
f 9482 9480 9503
f 9482 9487 9463
f 9461 9506 9483
f 9484 9485 9507
f 9486 9485 9464
f 9486 9510 9509
f 9511 9489 9512
f 9490 9488 9511
f 9470 9513 9493
f 9491 9492 9514
f 9492 9516 9515
f 9514 9494 9491
f 9489 9495 9512
f 9495 9517 9518
f 9500 9496 9519
f 9519 9476 9498
f 9497 9499 9475
f 9499 9521 9498
f 9478 9520 9497
f 9524 9501 9500
f 9483 9502 9479
f 9525 9481 9502
f 9504 9526 9503
f 9503 9505 9482
f 9505 9510 9487
f 9506 9507 9529
f 9507 9508 9530
f 9509 9508 9486
f 9532 9510 9533
f 9534 9511 9512
f 9535 9490 9511
f 9536 9513 9537
f 9514 9515 9538
f 9515 9540 9539
f 9514 9541 9517
f 9512 9518 9534
f 9518 9541 9542
f 9500 9543 9524
f 9498 9543 9519
f 9522 9520 9544
f 9522 9545 9521
f 9501 9544 9520
f 9523 9548 9547
f 9502 9529 9525
f 9525 9527 9504
f 9527 9550 9526
f 9526 9528 9505
f 9533 9528 9552
f 9529 9530 9553
f 9530 9531 9554
f 9532 9531 9509
f 9532 9556 9555
f 9558 9535 9534
f 9537 9535 9557
f 9536 9560 9559
f 9515 9561 9538
f 9563 9539 9540
f 9559 9516 9536
f 9561 9541 9538
f 9534 9542 9558
f 9564 9542 9541
f 9566 9524 9543
f 9521 9566 9543
f 9544 9546 9522
f 9568 9545 9546
f 9547 9544 9523
f 9571 9547 9548
f 9525 9553 9549
f 9549 9551 9527
f 9574 9551 9573
f 9528 9574 9552
f 9552 9556 9533
f 9554 9553 9530
f 9554 9555 9577
f 9577 9556 9578
f 9558 9579 9557
f 9579 9537 9557
f 9581 9559 9560
f 9561 9562 9583
f 9584 9563 9585
f 9582 9540 9559
f 9564 9583 9586
f 9565 9558 9542
f 9565 9586 9587
f 9588 9548 9566
f 9566 9569 9588
f 9546 9589 9568
f 9569 9591 9590
f 9570 9567 9547
f 9593 9571 9592
f 9549 9576 9572
f 9573 9572 9594
f 9574 9575 9552
f 9595 9556 9575
f 9577 9597 9596
f 9598 9580 9599
f 9581 9579 9598
f 9600 9581 9601
f 9602 9562 9584
f 9585 9603 9584
f 9585 9582 9600
f 9605 9583 9602
f 9599 9565 9587
f 9586 9606 9587
f 9571 9607 9592
f 9590 9588 9569
f 9608 9568 9589
f 9591 9609 9590
f 9589 9593 9608
f 9612 9576 9611
f 9594 9575 9573
f 9594 9612 9613
f 9578 9614 9597
f 9615 9596 9597
f 9611 9577 9596
f 9617 9598 9599
f 9581 9618 9601
f 9620 9601 9619
f 9584 9621 9602
f 9623 9604 9622
f 9600 9604 9585
f 9624 9602 9621
f 9606 9599 9587
f 9624 9606 9605
f 9590 9626 9607
f 9627 9610 9628
f 9611 9630 9612
f 9614 9594 9613
f 9632 9612 9630
f 9597 9633 9615
f 9611 9616 9631
f 9635 9616 9615
f 9637 9618 9617
f 9601 9636 9619
f 9619 9638 9620
f 9621 9623 9640
f 9622 9620 9638
f 9641 9623 9622
f 9624 9640 9643
f 9617 9625 9637
f 9643 9625 9624
f 9627 9647 9646
f 9629 9628 9610
f 9649 9630 9631
f 9632 9614 9613
f 9632 9650 9651
f 9633 9635 9615
f 9634 9631 9616
f 9653 9634 9635
f 9655 9636 9637
f 9638 9657 9656
f 9640 9642 9658
f 9656 9622 9638
f 9659 9642 9641
f 9643 9658 9661
f 9644 9637 9625
f 9662 9643 9661
f 9663 9646 9664
f 9666 9646 9647
f 9668 9628 9648
f 9670 9650 9649
f 9632 9652 9633
f 9650 9671 9651
f 9653 9652 9672
f 9654 9649 9634
f 9674 9654 9653
f 9675 9639 9655
f 9656 9677 9676
f 9660 9658 9642
f 9676 9641 9656
f 9679 9658 9678
f 9662 9655 9644
f 9661 9680 9662
f 9663 9648 9645
f 9663 9626 9627
f 9664 9681 9663
f 9664 9665 9683
f 9665 9685 9684
f 9667 9687 9686
f 9670 9688 9669
f 9651 9672 9652
f 9690 9669 9688
f 9653 9691 9674
f 9673 9670 9654
f 9673 9693 9692
f 9657 9694 9677
f 9677 9695 9676
f 9697 9660 9698
f 9659 9695 9698
f 9699 9678 9697
f 9662 9694 9675
f 9679 9700 9680
f 9682 9668 9681
f 9664 9701 9682
f 9702 9665 9684
f 9684 9704 9703
f 9706 9666 9705
f 9687 9707 9686
f 9688 9709 9708
f 9691 9671 9690
f 9710 9688 9708
f 9674 9711 9693
f 9692 9689 9673
f 9694 9696 9677
f 9713 9695 9696
f 9697 9716 9715
f 9698 9714 9716
f 9715 9699 9697
f 9680 9712 9694
f 9717 9700 9699
f 9687 9701 9705
f 9719 9683 9702
f 9703 9702 9684
f 9704 9721 9703
f 9705 9719 9706
f 9708 9724 9723
f 9725 9691 9690
f 9726 9708 9723
f 9711 9727 9693
f 9729 9709 9692
f 9713 9712 9730
f 9716 9731 9715
f 9731 9717 9715
f 9700 9730 9712
f 9733 9718 9717
f 9720 9719 9702
f 9720 9721 9736
f 9721 9737 9736
f 9719 9739 9706
f 9741 9724 9740
f 9742 9711 9725
f 9743 9723 9741
f 9742 9710 9726
f 9745 9728 9744
f 9724 9746 9740
f 9730 9747 9713
f 9748 9732 9749
f 9748 9733 9731
f 9734 9750 9751
f 9736 9735 9720
f 9737 9738 9752
f 9753 9741 9740
f 9744 9742 9755
f 9726 9755 9742
f 9754 9743 9741
f 9758 9744 9757
f 9740 9759 9753
f 9751 9747 9734
f 9748 9762 9761
f 9749 9747 9760
f 9763 9748 9761
f 9751 9763 9764
f 9766 9754 9753
f 9767 9744 9755
f 9767 9743 9756
f 9756 9765 9768
f 9745 9770 9769
f 9772 9758 9757
f 9753 9773 9766
f 9769 9759 9746
f 9751 9774 9760
f 9762 9775 9761
f 9760 9762 9749
f 9761 9777 9763
f 9778 9763 9777
f 9766 9779 9765
f 9781 9757 9767
f 9767 9768 9781
f 9768 9779 9782
f 9758 9783 9770
f 9771 9785 9784
f 9773 9780 9766
f 9759 9783 9773
f 9787 9764 9778
f 9788 9775 9776
f 9776 9774 9787
f 9789 9777 9775
f 9778 9790 9791
f 9792 9780 9793
f 9794 9772 9781
f 9781 9782 9794
f 9795 9779 9792
f 9784 9783 9771
f 9785 9797 9784
f 9786 9793 9780
f 9773 9796 9786
f 9791 9787 9778
f 9800 9776 9787
f 9802 9789 9788
f 9803 9789 9801
f 9804 9790 9803
f 9806 9793 9805
f 9807 9785 9794
f 9795 9794 9782
f 9792 9808 9795
f 9784 9809 9796
f 9811 9798 9810
f 9805 9799 9812
f 9796 9799 9786
f 9800 9804 9813
f 9813 9788 9800
f 9814 9801 9802
f 9803 9815 9816
f 9816 9804 9803
f 9819 9805 9818
f 9798 9820 9810
f 9808 9807 9795
f 9821 9806 9819
f 9797 9822 9809
f 9824 9810 9823
f 9812 9809 9822
f 9818 9812 9825
f 9826 9804 9817
f 9826 9802 9813
f 9827 9814 9828
f 9816 9827 9829
f 9817 9829 9830
f 9832 9818 9831
f 9823 9820 9833
f 9833 9808 9821
f 9819 9834 9821
f 9835 9811 9824
f 9823 9836 9824
f 9825 9822 9835
f 9831 9825 9838
f 9817 9839 9826
f 9826 9828 9814
f 9840 9828 9841
f 9842 9827 9840
f 9829 9843 9830
f 9831 9844 9832
f 9833 9837 9823
f 9846 9821 9834
f 9844 9834 9832
f 9824 9848 9835
f 9837 9849 9836
f 9835 9838 9825
f 9838 9845 9831
f 9852 9830 9843
f 9841 9839 9852
f 9840 9854 9853
f 9842 9853 9855
f 9856 9842 9855
f 9844 9858 9857
f 9850 9846 9859
f 9859 9834 9847
f 9857 9847 9844
f 9861 9836 9849
f 9863 9850 9862
f 9851 9848 9861
f 9864 9845 9851
f 9852 9856 9865
f 9865 9841 9852
f 9853 9867 9866
f 9855 9866 9868
f 9856 9868 9869
f 9870 9857 9858
f 9859 9862 9850
f 9847 9872 9859
f 9873 9857 9871
f 9874 9849 9863
f 9876 9863 9862
f 9864 9861 9874
f 9858 9877 9870
f 9878 9856 9869
f 9878 9854 9865
f 9866 9880 9879
f 9882 9871 9870
f 9876 9872 9883
f 9883 9860 9873
f 9881 9873 9871
f 9874 9875 9885
f 9886 9875 9876
f 9864 9885 9877
f 9870 9888 9882
f 9890 9869 9889
f 9880 9878 9890
f 9892 9879 9880
f 9882 9893 9881
f 9895 9876 9883
f 9883 9884 9895
f 9893 9884 9881
f 9885 9887 9897
f 9899 9886 9898
f 9877 9897 9888
f 9888 9894 9882
f 9889 9901 9890
f 9879 9902 9889
f 9880 9903 9892
f 9894 9905 9893
f 9898 9895 9907
f 9895 9896 9907
f 9908 9893 9905
f 9897 9899 9909
f 9910 9898 9911
f 9888 9909 9900
f 9900 9906 9894
f 9890 9903 9904
f 9902 9914 9913
f 9915 9903 9916
f 9917 9906 9918
f 9907 9911 9898
f 9908 9907 9896
f 9908 9921 9920
f 9922 9899 9910
f 9924 9911 9923
f 9912 9909 9922
f 9918 9912 9925
f 9903 9926 9916
f 9914 9927 9913
f 9915 9930 9929
f 9918 9931 9917
f 9923 9919 9933
f 9933 9908 9920
f 9921 9934 9920
f 9922 9924 9936
f 9923 9937 9924
f 9922 9925 9912
f 9925 9932 9918
f 9930 9926 9940
f 9940 9927 9941
f 9943 9928 9942
f 9929 9928 9914
f 9929 9945 9944
f 9917 9935 9921
f 9946 9932 9947
f 9933 9938 9923
f 9920 9948 9933
f 9949 9934 9935
f 9951 9924 9937
f 9952 9938 9953
f 9939 9936 9951
f 9947 9939 9954
f 9941 9930 9940
f 9943 9941 9927
f 9942 9944 9956
f 9942 9957 9943
f 9956 9945 9959
f 9935 9946 9949
f 9960 9947 9961
f 9953 9948 9962
f 9962 9934 9950
f 9964 9950 9949
f 9965 9937 9952
f 9953 9966 9952
f 9951 9954 9939
f 9954 9961 9947
f 9955 9945 9941
f 9957 9955 9943
f 9956 9958 9942
f 9957 9972 9971
f 9964 9946 9960
f 9960 9974 9973
f 9962 9967 9953
f 9950 9975 9962
f 9964 9976 9963
f 9952 9978 9965
f 9980 9966 9967
f 9968 9965 9978
f 9961 9981 9974
f 9956 9969 9970
f 9971 9969 9957
f 9983 9958 9970
f 9972 9984 9971
f 9960 9977 9964
f 9973 9987 9986
f 9967 9988 9980
f 9963 9988 9975
f 9990 9977 9989
f 9979 9978 9966
f 9992 9980 9993
f 9968 9991 9981
f 9974 9994 9987
f 9983 9969 9982
f 9971 9995 9982
f 9996 9972 9983
f 9985 9997 9984
f 9973 9989 9977
f 10000 9987 9999
f 9993 9988 10001
f 9976 10001 9988
f 9989 10002 9990
f 9992 9991 9979
f 9993 10005 9992
f 9981 10004 9994
f 9999 9994 10007
f 9983 9995 9996
f 10008 9984 9997
f 10009 9985 9996
f 9998 10010 9997
f 9989 10000 10003
f 10000 10013 10012
f 10006 10001 10014
f 10014 9990 10002
f 10002 10016 10015
f 10005 10004 9992
f 10006 10018 10005
f 10004 10007 9994
f 10007 10013 9999
f 9995 10009 9996
f 10008 10010 10021
f 10009 10011 9998
f 10023 10011 10024
f 10012 10003 10000
f 10013 10025 10012
f 10006 10027 10019
f 10027 10002 10015
f 10015 10029 10028
f 10005 10030 10017
f 10031 10019 10032
f 10017 10020 10007
f 10026 10020 10033
f 10008 10022 10009
f 10023 10021 10010
f 10035 10011 10022
f 10023 10036 10034
f 10012 10029 10016
f 10037 10019 10027
f 10037 10015 10028
f 10028 10039 10038
f 10040 10018 10031
f 10031 10042 10041
f 10033 10030 10040
f 10039 10025 10043
f 10044 10032 10037
f 10038 10037 10028
f 10038 10046 10045
f 10031 10047 10040
f 10049 10042 10048
f 10050 10040 10047
f 10052 10039 10043
f 10048 10044 10045
f 10045 10054 10053
f 10055 10041 10049
f 10056 10047 10055
f 10056 10043 10050
f 10057 10046 10052
f 10048 10053 10058
f 10060 10054 10059
f 10061 10055 10062
f 10061 10052 10056
f 10059 10057 10063
f 10064 10053 10060
f 10059 10065 10060
f 10061 10068 10067
f 10067 10057 10061
f 10063 10066 10059
f 10064 10062 10058
f 10060 10070 10064
f 10071 10066 10072
f 10074 10068 10073
f 10067 10069 10063
f 10066 10075 10072
f 10064 10073 10068
f 10076 10065 10071
f 10071 10078 10077
f 10079 10074 10073
f 10080 10069 10074
f 10078 10075 10081
f 10079 10070 10076
f 10077 10076 10071
f 10083 10078 10084
f 10079 10085 10080
f 10081 10080 10085
f 10078 10087 10084
f 10079 10082 10086
f 10088 10077 10083
f 10086 10089 10085
f 10081 10089 10087
f 10092 10084 10087
f 10088 10086 10082
f 10083 10093 10088
f 10095 10089 10090
f 10087 10094 10092
f 10091 10097 10096
f 10090 10093 10095
f 10091 10098 10093
f 10099 10094 10095
f 10092 10100 10097
f 10096 10102 10101
f 10099 10093 10098
f 10101 10098 10096
f 10105 10099 10104
f 10105 10097 10100
f 10107 10102 10106
f 10099 10103 10104
f 10108 10101 10107
f 10110 10105 10104
f 10102 10109 10106
f 10112 10106 10111
f 10110 10103 10108
f 10113 10107 10112
f 10110 10114 10109
f 10111 10109 10114
f 10111 10116 10112
f 10113 10110 10108
f 10113 10116 10118
f 10119 10115 10120
f 10111 10119 10117
f 10116 10122 10121
f 10118 10115 10113
f 10121 10118 10116
f 10124 10119 10120
f 10125 10117 10119
f 10121 10127 10126
f 10120 10123 10124
f 10121 10128 10123
f 10124 10129 10125
f 10129 10122 10125
f 10131 10126 10127
f 10123 10130 10124
f 10132 10128 10126
f 10130 10134 10129
f 10127 10134 10131
f 10131 10136 10132
f 10135 10128 10133
f 10132 10138 10133
f 10140 10134 10135
f 10131 10139 10137
f 10142 10136 10137
f 10135 10138 10140
f 10136 10143 10138
f 10139 10145 10144
f 10144 10137 10139
f 10147 10142 10146
f 10138 10145 10140
f 10148 10141 10147
f 10144 10150 10149
f 10149 10142 10144
f 10151 10147 10146
f 10148 10145 10143
f 10147 10153 10148
f 10149 10155 10154
f 10146 10154 10151
f 10157 10152 10151
f 10153 10150 10148
f 10153 10156 10158
f 10154 10160 10159
f 10151 10159 10157
f 10156 10162 10161
f 10160 10153 10158
f 10158 10161 10163
f 10164 10159 10160
f 10159 10162 10157
f 10161 10167 10166
f 10163 10160 10158
f 10167 10165 10168
f 10170 10167 10169
f 10172 10164 10163
f 10167 10173 10169
f 10166 10172 10163
f 10175 10172 10174
f 10169 10177 10176
f 10174 10170 10178
f 10175 10173 10171
f 10174 10179 10175
f 10177 10181 10176
f 10178 10180 10174
f 10179 10177 10175
f 10179 10185 10184
f 10176 10183 10178
f 10181 10187 10186
f 10180 10186 10185
f 10184 10182 10179
f 10184 10189 10188
f 10190 10186 10187
f 10186 10192 10185
f 10188 10187 10184
f 10189 10193 10188
f 10190 10195 10191
f 10192 10195 10197
f 10193 10190 10188
f 10199 10194 10198
f 10192 10194 10189
f 10200 10195 10196
f 10195 10202 10197
f 10200 10193 10199
f 10198 10197 10202
f 10198 10203 10199
f 10200 10205 10201
f 10207 10201 10205
f 10199 10206 10200
f 10204 10202 10207
f 10204 10208 10203
f 10210 10206 10211
f 10207 10210 10212
f 10203 10211 10206
f 10212 10204 10207
f 10213 10208 10209
f 10211 10215 10210
f 10218 10212 10210
f 10208 10216 10211
f 10209 10217 10213
f 10220 10214 10213
f 10221 10216 10222
f 10217 10224 10223
f 10223 10213 10217
f 10226 10219 10225
f 10219 10227 10225
f 10228 10224 10222
f 10222 10224 10221
f 10222 10226 10225
f 10221 10218 10215
f 10227 10224 10228
f 10222 10227 10228
f 5219 5223 5220
f 5227 5237 5267
f 5236 5249 5248
f 5300 5328 5326
f 5339 5340 5368
f 5376 5408 5407
f 5510 5550 5511
f 5657 5694 5732
f 5642 5679 5756
f 5692 5693 5770
f 5655 5661 5698
f 5666 5700 5742
f 5722 5805 5807
f 5697 5734 5728
f 5749 5814 5815
f 5764 5765 5842
f 5724 5801 5765
f 5755 5798 5797
f 5757 5845 5799
f 5823 5779 5736
f 5811 5859 5818
f 5844 5800 5846
f 5847 5848 5890
f 5822 5864 5867
f 5920 5868 5825
f 5838 5882 5881
f 5902 5911 5947
f 5886 5929 5928
f 5891 5983 5936
f 6027 5939 5938
f 5899 5944 5943
f 5907 5948 5952
f 5956 5957 6050
f 5938 5982 6035
f 5911 6004 6045
f 6133 6129 6075
f 6087 6088 6204
f 6052 6106 6164
f 6069 6126 6125
f 6248 6135 6079
f 6080 6138 6193
f 6143 6201 6255
f 6097 6157 6154
f 6153 6212 6332
f 6098 6171 6155
f 6156 6272 6157
f 6169 6170 6284
f 6114 6228 6173
f 6139 6197 6194
f 6198 6199 6259
f 6327 6207 6149
f 6151 6211 6267
f 6244 6304 6372
f 6194 6314 6379
f 6331 6267 6211
f 6156 6273 6341
f 6277 6278 6293
f 6304 6306 6439
f 6256 6316 6386
f 6264 6395 6325
f 6288 6426 6354
f 6292 6359 6358
f 6363 6364 6433
f 6368 6365 6302
f 6303 6367 6369
f 6308 6375 6445
f 6378 6379 6454
f 6383 6384 6521
f 6400 6401 6537
f 6438 6440 6506
f 6373 6443 6439
f 6374 6446 6444
f 6391 6527 6463
f 6410 6479 6548
f 6415 6482 6483
f 6509 6524 6525
f 6537 6662 6538
f 6489 6559 6557
f 6563 6743 6562
f 6584 6643 6700
f 6586 6700 6701
f 6602 6604 6605
f 6562 6735 6627
f 6563 6628 6688
f 6565 6692 6630
f 6700 6643 6646
f 6599 6656 6655
f 6619 6677 6734
f 6641 6699 6697
f 6648 6695 6751
f 6710 6760 6864
f 6728 6729 6832
f 6675 6730 6732
f 6829 6776 6728
f 6804 6805 6858
f 6921 6770 10230
f 6772 6825 6823
f 6773 6824 6825
f 6810 6861 6858
f 6809 6860 6954
f 6873 10231 6823
f 6887 6888 6972
f 6884 6886 6931
f 6889 6898 6933
f 6856 6910 6909
f 6900 6944 6942
f 7002 7044 7041
f 6895 6980 6979
f 6941 6983 6984
f 6949 6990 6989
f 6997 7037 6999
f 6933 7024 6982
f 6985 7023 7025
f 7043 7123 7042
f 7053 7055 7093
f 7067 7068 7108
f 7033 7072 7073
f 7108 7109 7148
f 7070 7110 7149
f 7104 7142 7140
f 7156 7193 7197
f 7155 7180 7196
f 7190 7265 7229
f 7194 7232 7231
f 7195 7233 7232
f 7237 7238 7296
f 7212 7248 7277
f 7259 7320 7322
f 7242 7271 7301
f 7246 7275 7305
f 7288 7289 7351
f 7267 7297 7295
f 7310 7375 7311
f 7312 7380 7281
f 7400 7331 7300
f 7356 7357 7430
f 7373 7447 7410
f 7378 7416 7415
f 7444 7445 7485
f 7413 7452 7458
f 7454 7491 7582
f 7455 7537 7456
f 7533 7457 7418
f 7419 7495 7459
f 7428 7468 7506
f 7437 7516 7477
f 7483 7484 7524
f 7486 7571 7487
f 7451 7579 7489
f 7492 7536 7493
f 7478 7517 7561
f 7562 7563 7674
f 7564 7676 7563
f 7520 7619 7566
f 7568 7569 7680
f 7681 7623 7571
f 7581 7691 7643
f 7579 7586 7632
f 7667 7670 7610
f 7559 7726 7614
f 7617 7726 7615
f 7622 7623 7732
f 7573 7624 7733
f 7627 7628 7684
f 7634 7635 7692
f 7638 7639 7696
f 7640 7641 7695
f 7611 7613 7669
f 7614 7726 7675
f 7621 7728 7677
f 7620 7679 7678
f 7626 7685 7737
f 7629 7794 7686
f 7798 7794 7687
f 7642 7691 7692
f 7649 7751 7702
f 7652 7704 7706
f 7651 7703 7704
f 7653 7705 7708
f 7669 7723 7776
f 7731 7732 7834
f 7829 7778 7725
f 7795 7796 7895
f 7742 7848 7799
f 7743 7759 7809
f 7792 7892 7842
f 7835 7984 7882
f 7934 7984 7883
f 7891 7892 7896
f 7872 7926 7923
f 7875 7928 7980
f 7877 7930 7928
f 7931 7933 7981
f 7936 7885 7937
f 7951 8056 7952
f 7911 8014 7961
f 7979 7980 8087
f 8035 8036 7985
f 7938 7986 7989
f 7943 7989 7996
f 8034 8035 8093
f 8075 8076 8128
f 8031 8090 8089
f 7989 8096 8109
f 8214 8145 8102
f 8162 8197 8163
f 8141 8171 8204
f 8176 8245 8177
f 8280 8173 8179
f 8211 5177 8249
f 8255 8330 8326
f 8276 8277 8351
f 8243 8283 8282
f 8256 8294 8329
f 8273 8308 8310
f 8275 8343 8312
f 8281 8316 8358
f 8286 8321 8318
f 8312 8424 8350
f 8319 8361 8400
f 8349 8389 8388
f 8389 8390 8464
f 8353 8429 8391
f 8463 8504 8503
f 8481 8524 8522
f 8488 8574 8531
f 8516 8557 8560
f 8514 8558 8557
f 8594 8637 8681
f 8557 8645 8649
f 8738 8645 8646
f 8640 8685 8731
f 8794 8696 8652
f 8645 8738 8743
f 8694 8791 8742
f 8816 8870 8820
f 8790 8890 8842
f 8896 8897 8994
f 9034 8990 8942
f 8918 8968 8967
f 8919 9014 8969
f 8924 8925 8973
f 8970 9017 9013
f 8982 9027 9026
f 9014 9059 9105
f 9181 9180 9092
f 9063 9109 9108
f 9102 9191 9146
f 9156 9157 9245
f 9202 9201 9158
f 9249 9162 9119
f 9152 9154 9198
f 9243 9245 9285
f 9205 9249 9248
f 9328 9218 9262
f 9265 9264 9221
f 9253 9297 9259
f 9401 9326 9290
f 9425 9448 9466
f 9450 9453 9474
f 9493 9536 9516
f 9554 9577 9576
f 9592 9610 9593
f 9645 9648 9629
f 9591 9608 9610
f 9607 9626 9645
f 9609 9627 9626
f 9619 9636 9639
f 9628 9667 9647
f 9659 9698 9660
f 9686 9666 9647
f 9648 9681 9668
f 9692 9727 9729
f 9704 9706 9738
f 9666 9707 9705
f 9690 9710 9725
f 9732 9716 9714
f 9704 9738 9722
f 9718 9734 9730
f 9752 9739 9737
f 9769 9729 9727
f 9889 9869 9868
f 9880 9890 9904
f 9891 9892 9915
f 9913 9926 9902
f 9905 9917 9921
f 9955 9956 9959
f 10026 10033 10050
f 10036 10022 10021
f 10051 10035 10022
f 10035 10036 10024
f 10038 10045 10044
f 10062 10055 10049
f 10083 10084 10091
f 10161 10166 10163
f 10171 10173 10168
f 10178 10169 10176
f 10181 10186 10183
f 10185 10192 10189
f 10210 10215 10218
f 10214 10226 10216
f 10220 10223 10227
f 7044 6964 7006
f 7005 6960 6963
f 10233 10230 10231
f 6874 10232 10233
f 6875 10233 10231
f 6922 10230 10232
f 5091 6038 881
f 5088 5989 5091
f 5942 5089 5898
f 5898 5089 641
f 5101 939 6207
f 5101 6326 5104
f 5104 6398 5110
f 8086 8032 10229
f 8142 8173 10229
f 10229 8137 8086
f 8211 5172 5174
f 5176 8249 5177
f 5178 8248 5176
f 8322 5181 8365
f 8365 5182 8405
f 5184 8405 5182
f 3487 5191 8706
f 5191 3581 8706
f 8955 8905 3684
f 8854 3684 8905
f 9181 5198 9223
f 9224 5198 5199
f 9265 5199 5200
f 9302 5200 4142
f 9340 5203 5204
f 9341 5204 4143
f 9342 4143 5205
f 5206 9342 5205
f 5202 9374 5206
f 4104 9336 5202
f 5201 9299 4104
f 5201 9217 9261
f 3834 8996 9042
f 8948 5196 3735
f 5195 8948 3735
f 8847 5195 5194
f 5194 8797 8847
f 8797 5192 8746
f 5190 8653 8698
f 5187 8608 5188
f 5186 8564 5187
f 5185 8520 5186
f 8478 5183 8438
f 5173 8244 3037
f 5171 8208 5173
f 8139 5171 5168
f 5168 8088 8139
f 5161 8030 5163
f 5158 7978 5161
f 5156 7929 5158
f 5154 7826 5156
f 7826 7875 5156
f 5153 7826 5154
f 7671 5153 5151
f 5151 7614 7671
f 7559 5149 2332
f 5145 7399 5146
f 7332 5145 5144
f 5143 7332 5144
f 5142 7299 5143
f 5142 7239 7268
f 7239 1968 7203
f 7123 5139 5147
f 5147 7042 7123
f 7163 7043 7083
f 7003 5138 5135
f 5132 7003 5135
f 5131 6961 5132
f 6660 5117 6603
f 5079 5470 5506
f 5075 5470 5077
f 5072 5406 5074
f 5072 5374 5379
f 5071 5344 5374
f 5070 5345 5344
f 188 5345 5073
f 5538 5078 5080
f 683 5897 5852
f 775 5897 5211
f 5090 5941 775
f 6036 5093 6091
f 5096 6091 5093
f 5100 6148 5096
f 6395 5103 5107
f 5107 1261 6395
f 5124 6764 5121
f 6817 5127 6790
f 6738 5119 6681
f 6555 5212 6486
f 5111 6486 5212
f 6347 5111 5108
f 5108 6281 6347
f 5102 6165 6221
f 6106 5094 5095
f 5095 6164 6106
f 6164 5099 6118
f 6117 5099 968
f 5106 6359 1086
f 6359 5112 6499
f 5113 6499 5112
f 1550 6799 6748
f 6853 5128 1656
f 5120 6853 1656
f 6906 1755 6951
f 7076 1755 1946
f 5137 7099 5213
f 7099 1946 5213
f 7021 5137 1824
f 5134 6981 1824
f 6979 6938 6895
f 5133 6938 6979
f 6978 5136 7020
f 7059 5136 5140
f 7138 2026 7178
f 7098 5216 7138
f 7058 5215 7098
f 5140 5214 7059
f 7058 7059 5214
f 5217 7593 7538
f 2310 7538 7495
f 5155 7759 2521
f 5155 7850 7809
f 7954 5152 5160
f 5157 7903 7850
f 5160 8005 7954
f 5150 5170 8005
f 8061 5170 8093
f 5170 8034 8093
f 8034 5167 2807
f 5169 8143 8092
f 5166 8092 8033
f 8033 5164 5166
f 7982 5162 5164
f 7932 5159 5162
f 7832 5159 7880
f 7727 7563 7676
f 7563 7727 7674
f 10234 7674 7727
f 10234 7676 7673
f 3 4 2
f 1 6 7
f 4 3 8
f 4 10 11
f 5 2 11
f 5 13 14
f 14 15 6
f 6 16 17
f 3 7 18
f 9 19 10
f 21 11 10
f 12 22 13
f 12 11 21
f 24 14 13
f 24 26 15
f 16 6 15
f 16 28 29
f 7 17 30
f 32 8 18
f 10 19 33
f 34 35 21
f 23 36 22
f 25 13 22
f 23 21 35
f 25 39 40
f 40 41 26
f 27 15 26
f 27 43 28
f 45 29 28
f 46 30 17
f 31 47 48
f 50 33 19
f 20 33 51
f 52 53 35
f 38 54 36
f 37 22 36
f 56 39 25
f 53 57 38
f 39 58 59
f 41 40 59
f 42 26 41
f 42 62 43
f 44 28 43
f 44 64 65
f 29 45 66
f 30 46 67
f 31 67 68
f 48 47 70
f 71 49 32
f 72 51 33
f 73 50 49
f 34 51 74
f 75 53 52
f 57 77 54
f 55 36 54
f 56 37 55
f 80 58 39
f 75 81 57
f 83 59 58
f 83 84 60
f 61 41 60
f 61 86 62
f 63 43 62
f 63 88 64
f 89 65 64
f 91 66 45
f 92 67 46
f 68 67 92
f 94 70 47
f 48 69 95
f 70 96 97
f 50 73 98
f 74 51 72
f 71 95 100
f 76 52 74
f 102 75 76
f 77 57 81
f 78 54 77
f 78 106 79
f 56 79 107
f 108 82 58
f 109 81 75
f 110 111 83
f 111 112 84
f 84 113 85
f 85 114 86
f 87 62 86
f 87 116 88
f 90 64 88
f 118 91 65
f 90 119 120
f 91 121 92
f 93 92 121
f 93 123 94
f 96 70 94
f 97 125 95
f 97 96 127
f 100 128 98
f 99 72 98
f 99 130 101
f 125 131 100
f 76 101 132
f 103 132 133
f 104 134 105
f 81 109 135
f 105 136 106
f 107 79 106
f 80 107 138
f 102 133 139
f 140 111 110
f 142 112 111
f 112 143 113
f 114 85 113
f 114 145 115
f 115 146 116
f 117 88 116
f 119 90 117
f 89 120 149
f 91 118 150
f 151 120 119
f 123 93 122
f 124 94 123
f 124 155 127
f 125 97 126
f 131 157 128
f 129 98 128
f 129 159 130
f 101 130 160
f 156 161 131
f 133 132 162
f 104 135 164
f 136 105 134
f 166 135 109
f 137 106 136
f 168 138 107
f 108 138 141
f 133 163 169
f 141 170 171
f 142 172 143
f 140 171 173
f 144 113 143
f 145 114 144
f 146 115 145
f 147 116 146
f 148 117 147
f 179 152 119
f 149 120 151
f 118 149 181
f 151 152 182
f 153 184 154
f 153 122 185
f 155 124 154
f 157 131 161
f 158 128 157
f 158 191 159
f 160 130 159
f 193 162 132
f 163 162 195
f 196 164 135
f 165 134 164
f 165 198 167
f 139 169 199
f 167 200 168
f 170 141 138
f 194 201 169
f 202 203 171
f 173 204 172
f 174 143 172
f 203 206 173
f 175 144 174
f 175 208 176
f 177 146 176
f 177 210 178
f 148 178 211
f 212 182 152
f 213 181 149
f 180 151 183
f 150 181 185
f 215 216 183
f 186 217 184
f 187 154 184
f 219 220 186
f 221 188 155
f 189 5438 190
f 192 159 191
f 223 193 160
f 162 193 224
f 194 195 225
f 199 227 196
f 197 164 196
f 198 165 197
f 200 167 198
f 231 199 169
f 202 170 168
f 226 232 201
f 233 234 203
f 204 173 206
f 205 172 204
f 207 174 205
f 234 238 206
f 208 175 207
f 209 176 208
f 209 241 210
f 210 242 211
f 179 211 243
f 182 212 244
f 213 180 214
f 219 185 181
f 216 246 214
f 247 248 216
f 220 249 217
f 218 184 217
f 221 187 218
f 252 253 220
f 254 255 190
f 256 223 192
f 191 190 255
f 257 224 193
f 195 224 258
f 226 225 260
f 227 199 231
f 228 196 227
f 229 197 228
f 229 264 230
f 230 233 202
f 265 231 201
f 266 232 226
f 234 233 267
f 236 204 235
f 235 206 238
f 237 205 236
f 239 207 237
f 268 273 238
f 239 274 240
f 240 275 241
f 241 276 242
f 277 243 211
f 278 244 212
f 215 244 279
f 245 252 219
f 245 214 246
f 248 281 246
f 282 283 248
f 249 220 253
f 250 217 249
f 250 286 251
f 287 288 253
f 255 254 290
f 222 255 289
f 223 256 291
f 224 257 292
f 293 260 225
f 294 259 260
f 262 227 261
f 261 231 265
f 262 298 263
f 263 299 264
f 264 267 233
f 232 266 300
f 301 266 259
f 302 303 268
f 270 304 269
f 269 305 271
f 270 238 273
f 272 237 271
f 272 308 274
f 273 268 303
f 275 240 274
f 275 311 276
f 277 242 276
f 313 278 243
f 314 279 244
f 247 279 315
f 280 287 252
f 280 246 281
f 283 317 281
f 283 282 318
f 284 320 285
f 284 253 288
f 285 322 286
f 286 5078 5076
f 323 324 288
f 325 326 289
f 256 289 326
f 292 257 291
f 258 292 328
f 329 295 260
f 297 330 296
f 296 331 298
f 332 297 265
f 299 263 298
f 267 264 299
f 266 301 334
f 294 335 336
f 337 338 303
f 304 270 306
f 304 340 305
f 307 271 305
f 306 273 309
f 272 307 343
f 308 344 310
f 338 345 309
f 310 346 311
f 312 276 311
f 277 312 348
f 349 314 278
f 350 315 279
f 282 315 351
f 287 280 316
f 316 281 317
f 319 353 317
f 354 355 319
f 321 356 320
f 320 357 322
f 321 288 324
f 359 360 324
f 5081 325 290
f 325 5576 361
f 327 291 326
f 327 362 328
f 293 328 363
f 295 329 364
f 330 297 332
f 330 366 331
f 333 298 331
f 300 334 368
f 302 299 333
f 369 334 301
f 371 336 335
f 372 373 338
f 339 374 340
f 342 375 339
f 341 305 340
f 307 341 377
f 342 309 345
f 308 343 379
f 310 344 380
f 373 381 345
f 347 311 346
f 347 383 348
f 384 349 313
f 314 349 385
f 386 351 315
f 318 351 387
f 323 316 352
f 352 317 353
f 355 389 353
f 355 354 391
f 358 392 356
f 356 393 357
f 5080 322 357
f 360 394 358
f 395 396 360
f 398 361 5576
f 361 398 362
f 363 328 362
f 364 329 363
f 370 335 364
f 365 402 366
f 332 368 403
f 367 331 366
f 337 333 367
f 405 368 334
f 406 369 336
f 370 407 408
f 410 373 372
f 375 411 374
f 376 340 374
f 378 413 375
f 377 341 376
f 415 379 343
f 378 345 381
f 417 380 344
f 382 346 380
f 410 419 381
f 382 420 383
f 384 348 383
f 422 385 349
f 350 385 423
f 424 387 351
f 425 391 354
f 359 352 388
f 388 353 389
f 390 427 389
f 390 391 428
f 392 358 394
f 392 431 393
f 393 5083 5082
f 396 432 394
f 395 433 434
f 397 435 436
f 399 362 398
f 399 437 400
f 400 438 401
f 401 439 407
f 365 403 440
f 404 366 402
f 368 405 442
f 409 372 367
f 405 369 406
f 408 444 406
f 407 445 446
f 409 447 448
f 449 411 375
f 450 412 374
f 412 451 414
f 378 416 452
f 453 415 377
f 379 415 454
f 416 381 419
f 380 417 456
f 418 457 420
f 410 448 458
f 383 420 459
f 384 421 460
f 461 423 385
f 424 386 423
f 425 387 424
f 425 464 428
f 395 388 426
f 426 389 427
f 429 466 427
f 467 429 428
f 430 394 432
f 430 470 431
f 431 5084 5083
f 396 434 471
f 472 473 434
f 474 475 436
f 436 475 437
f 438 400 437
f 438 477 439
f 439 478 445
f 440 403 442
f 440 480 441
f 404 441 447
f 481 442 405
f 482 444 408
f 446 445 484
f 486 448 447
f 413 452 487
f 411 449 488
f 489 451 412
f 414 451 490
f 416 455 491
f 492 454 415
f 417 454 493
f 458 494 455
f 418 456 495
f 496 459 420
f 497 458 448
f 421 459 498
f 422 460 499
f 461 500 462
f 463 424 462
f 463 502 464
f 468 428 464
f 433 426 465
f 467 504 466
f 506 467 468
f 469 507 470
f 508 469 432
f 431 470 5085
f 434 473 509
f 511 473 472
f 474 512 513
f 476 437 475
f 476 514 477
f 478 439 477
f 445 478 516
f 517 479 442
f 485 441 480
f 519 520 444
f 446 483 521
f 484 522 523
f 524 486 485
f 449 487 525
f 526 489 450
f 527 490 451
f 453 490 528
f 491 455 494
f 530 452 491
f 532 493 454
f 456 493 533
f 534 494 458
f 457 495 535
f 536 498 459
f 537 497 486
f 538 499 460
f 499 539 500
f 501 462 500
f 501 541 502
f 503 464 502
f 505 468 503
f 467 506 545
f 504 546 547
f 505 548 549
f 5762 507 469
f 470 507 5086
f 550 508 471
f 510 551 552
f 512 553 554
f 514 476 513
f 515 477 514
f 556 516 478
f 481 520 557
f 558 479 517
f 560 561 518
f 482 521 562
f 520 519 563
f 564 521 483
f 565 566 523
f 518 561 567
f 568 525 487
f 488 525 569
f 570 527 489
f 571 528 490
f 492 528 572
f 531 491 529
f 574 529 494
f 568 530 531
f 576 533 493
f 495 533 577
f 497 537 578
f 496 535 579
f 498 536 580
f 538 581 539
f 539 582 540
f 540 583 541
f 542 502 541
f 543 503 542
f 543 586 548
f 545 506 549
f 504 545 588
f 552 547 546
f 548 590 591
f 5804 5762 508
f 509 592 593
f 595 554 553
f 595 555 514
f 596 556 515
f 597 522 516
f 557 598 559
f 559 599 600
f 602 561 560
f 603 562 521
f 519 562 604
f 563 605 598
f 564 523 566
f 607 608 566
f 609 565 522
f 610 567 561
f 611 569 525
f 526 569 612
f 613 571 527
f 614 572 528
f 532 572 615
f 575 531 573
f 573 529 574
f 534 578 618
f 568 575 619
f 533 576 620
f 621 579 535
f 600 578 537
f 536 579 622
f 580 623 581
f 582 539 581
f 583 540 582
f 583 626 584
f 585 542 584
f 628 590 548
f 629 544 547
f 587 549 591
f 588 545 632
f 634 546 588
f 637 591 590
f 550 593 5851
f 593 592 639
f 511 589 640
f 5087 641 642
f 595 642 643
f 643 644 596
f 597 556 596
f 598 646 599
f 599 618 578
f 600 601 560
f 606 647 603
f 648 604 562
f 649 605 563
f 608 650 606
f 609 651 607
f 608 607 652
f 597 645 654
f 655 612 569
f 570 612 656
f 614 571 613
f 658 615 572
f 659 620 576
f 616 660 619
f 616 573 617
f 618 662 617
f 611 619 663
f 577 620 664
f 665 622 579
f 580 622 666
f 624 581 623
f 625 582 624
f 625 669 626
f 626 670 627
f 585 627 671
f 586 671 672
f 636 590 628
f 675 587 630
f 591 637 676
f 631 632 677
f 678 634 633
f 640 589 635
f 636 681 682
f 683 5851 593
f 639 592 594
f 638 639 684
f 686 687 642
f 642 687 688
f 688 689 644
f 644 690 645
f 646 662 618
f 650 691 647
f 648 603 647
f 693 649 604
f 694 646 605
f 653 695 650
f 651 696 652
f 652 697 698
f 654 645 690
f 657 613 656
f 657 701 658
f 658 702 659
f 620 659 703
f 661 704 660
f 660 705 663
f 662 706 661
f 655 663 707
f 621 664 709
f 622 665 710
f 667 623 666
f 712 668 624
f 669 713 670
f 670 714 671
f 671 714 715
f 716 673 628
f 673 717 681
f 718 719 675
f 632 587 675
f 674 630 676
f 637 682 721
f 634 678 722
f 679 723 724
f 680 684 639
f 725 680 635
f 682 681 727
f 728 729 685
f 686 730 731
f 732 733 688
f 734 689 688
f 689 735 690
f 694 706 662
f 691 650 695
f 692 647 691
f 693 648 692
f 739 694 649
f 698 740 695
f 741 742 696
f 696 743 697
f 745 698 697
f 654 699 746
f 748 749 700
f 701 657 700
f 701 751 702
f 752 703 659
f 753 709 664
f 706 754 704
f 704 755 705
f 707 663 705
f 748 708 707
f 758 710 665
f 666 710 759
f 667 711 760
f 761 669 668
f 761 762 713
f 763 714 670
f 715 714 763
f 765 716 672
f 717 766 727
f 720 767 718
f 719 718 768
f 677 675 719
f 676 721 769
f 770 721 682
f 678 771 772
f 722 772 723
f 774 724 723
f 725 728 684
f 776 777 729
f 779 731 730
f 732 780 781
f 734 782 783
f 733 781 782
f 783 784 735
f 754 706 694
f 785 737 691
f 737 786 738
f 693 738 787
f 788 740 698
f 747 741 651
f 741 789 790
f 742 791 743
f 744 697 743
f 699 793 794
f 795 796 747
f 757 797 749
f 750 700 749
f 701 750 799
f 702 751 800
f 801 753 703
f 709 753 802
f 704 754 803
f 756 705 755
f 757 707 756
f 806 759 710
f 760 711 759
f 712 760 808
f 761 808 809
f 762 810 763
f 765 715 764
f 764 763 810
f 813 717 716
f 717 813 814
f 815 816 727
f 769 817 767
f 818 768 718
f 768 776 728
f 769 721 770
f 772 771 820
f 773 723 772
f 822 823 774
f 820 771 724
f 777 776 826
f 827 828 779
f 731 779 780
f 829 781 780
f 832 783 782
f 831 782 781
f 833 784 783
f 735 784 834
f 739 787 803
f 736 740 835
f 836 786 737
f 837 787 738
f 838 835 740
f 745 839 840
f 741 747 796
f 841 842 790
f 790 843 791
f 792 743 791
f 792 845 846
f 793 847 848
f 746 794 849
f 796 795 851
f 805 852 797
f 798 749 797
f 750 798 854
f 855 800 751
f 752 800 856
f 857 802 753
f 758 802 858
f 804 755 803
f 804 860 805
f 807 759 806
f 807 862 808
f 863 809 808
f 810 762 809
f 865 813 765
f 811 764 812
f 813 865 867
f 868 815 766
f 815 869 870
f 819 871 817
f 818 767 817
f 826 776 768
f 819 770 824
f 874 875 821
f 773 821 875
f 823 822 876
f 820 774 823
f 777 825 5092
f 826 879 880
f 882 883 828
f 779 828 830
f 829 830 884
f 831 886 887
f 829 885 886
f 784 833 888
f 832 887 889
f 787 837 859
f 890 836 785
f 891 837 786
f 788 840 892
f 835 838 893
f 840 839 894
f 841 789 796
f 897 842 841
f 898 843 790
f 843 899 844
f 845 792 844
f 846 845 902
f 834 888 847
f 904 848 847
f 905 849 794
f 795 849 906
f 851 907 908
f 860 909 852
f 853 797 852
f 853 911 854
f 855 799 854
f 800 855 913
f 801 856 914
f 915 858 802
f 861 806 858
f 859 917 860
f 861 918 862
f 919 864 809
f 863 862 918
f 866 921 865
f 866 812 923
f 921 924 867
f 868 814 867
f 926 869 815
f 870 869 928
f 816 870 929
f 871 819 930
f 871 932 872
f 818 872 879
f 873 933 930
f 878 934 873
f 935 936 875
f 876 822 875
f 874 823 877
f 879 937 938
f 939 882 827
f 940 941 883
f 883 884 830
f 885 884 942
f 945 887 886
f 944 886 885
f 946 888 833
f 889 887 948
f 917 859 837
f 949 891 836
f 892 840 895
f 838 892 951
f 893 952 949
f 895 894 954
f 850 908 955
f 842 897 956
f 957 899 843
f 900 844 899
f 959 902 845
f 901 954 894
f 901 902 960
f 847 888 962
f 964 904 903
f 848 904 965
f 966 906 849
f 907 851 906
f 917 969 909
f 910 852 909
f 910 971 911
f 854 911 972
f 973 913 855
f 974 914 856
f 975 915 857
f 916 976 918
f 863 920 977
f 978 920 918
f 922 979 921
f 922 923 980
f 924 921 979
f 925 867 924
f 984 985 869
f 986 929 870
f 987 988 927
f 929 989 934
f 931 930 990
f 992 932 871
f 879 872 932
f 993 990 930
f 936 935 994
f 876 936 995
f 994 935 877
f 938 937 998
f 882 939 999
f 941 940 1000
f 941 942 884
f 943 942 1003
f 1004 1005 945
f 889 947 1006
f 891 949 969
f 950 895 953
f 950 1008 951
f 951 1009 952
f 952 1010 969
f 953 954 1011
f 5098 956 897
f 898 956 1013
f 1014 958 899
f 900 958 1015
f 1016 960 902
f 901 961 1011
f 903 962 1017
f 963 1018 1019
f 1020 1021 965
f 905 965 1022
f 966 1023 967
f 968 907 967
f 909 969 1010
f 970 1025 971
f 972 911 971
f 1027 973 912
f 974 913 973
f 1029 975 914
f 1030 916 915
f 916 1030 1031
f 1032 977 920
f 980 923 919
f 1031 1033 978
f 981 1034 979
f 980 1035 1036
f 982 1037 983
f 982 979 1034
f 1039 925 983
f 926 1041 1042
f 985 984 1043
f 927 988 1045
f 1046 1047 988
f 928 985 1044
f 934 989 1049
f 931 991 1050
f 937 932 992
f 1051 1052 990
f 995 994 1054
f 995 1053 1055
f 996 1055 1054
f 997 998 1056
f 1000 1058 1059
f 941 1001 1060
f 1002 1003 1061
f 1004 1063 1064
f 945 1005 1065
f 1066 1067 1006
f 1006 1017 962
f 1007 1068 1008
f 1007 953 1012
f 1008 1070 1009
f 1009 1071 1010
f 1072 1012 1011
f 1074 1014 957
f 1075 1015 958
f 1076 1016 959
f 960 1016 1078
f 1073 1011 961
f 1017 1079 1018
f 1018 1080 1081
f 964 1019 1082
f 1082 1083 1021
f 1022 965 1021
f 1023 966 1022
f 1024 967 1023
f 1025 970 1010
f 1025 1087 1026
f 972 1026 1088
f 1028 973 1027
f 1029 974 1028
f 1029 1091 1030
f 1031 1030 1091
f 977 1032 1035
f 1032 978 1033
f 1033 1031 1092
f 1036 1095 1034
f 1096 1097 1036
f 1040 983 1037
f 1038 1034 1095
f 1040 1100 1101
f 1101 1042 1041
f 1102 1043 984
f 1044 1043 1104
f 1045 988 1047
f 987 1044 1103
f 1107 1047 1046
f 989 1108 1109
f 1048 1049 1110
f 1112 1050 991
f 998 992 1050
f 1113 1114 1052
f 1111 1051 993
f 1115 1116 1053
f 1053 1116 1117
f 1115 1054 1055
f 5100 997 1057
f 1056 1118 1119
f 1122 1058 1000
f 1123 1124 1059
f 1001 1059 1125
f 1062 1061 1127
f 1062 1129 1126
f 1126 1129 1063
f 1131 1064 1063
f 1132 1065 1005
f 1134 1067 1066
f 1017 1006 1067
f 1135 947 1065
f 1068 1007 1069
f 1068 1137 1070
f 1072 1138 1069
f 1073 1139 1140
f 5105 1074 1013
f 1014 1074 1141
f 1142 1076 1015
f 1143 1078 1016
f 1077 1078 1145
f 1139 1073 1077
f 1079 1146 1080
f 1080 1147 1148
f 1149 1082 1019
f 1083 1082 1149
f 1083 1151 1084
f 1085 1022 1084
f 1085 1153 1086
f 1154 1088 1026
f 1027 1088 1155
f 1089 1156 1090
f 1090 1157 1091
f 1092 1091 1157
f 1093 1096 1035
f 1093 1033 1094
f 1092 1158 1160
f 1097 1161 1095
f 1162 1163 1097
f 1099 1095 1161
f 1165 1166 1038
f 1101 1100 1167
f 1042 1101 1168
f 1169 1104 1043
f 1104 1170 1171
f 1172 1173 1045
f 1105 1047 1107
f 1106 1046 1103
f 1106 1175 1176
f 1109 1108 1177
f 1180 1049 1109
f 1181 1182 1111
f 1112 1118 1056
f 1112 1052 1114
f 1051 1111 1182
f 1114 1113 1184
f 1186 1187 1116
f 1188 1117 1116
f 1117 1188 1186
f 1118 1190 1191
f 1193 1123 1058
f 1122 1121 1120
f 1194 1195 1124
f 1059 1124 1196
f 1127 1061 1196
f 1128 1127 1198
f 1129 1062 1128
f 1130 1063 1129
f 1202 1131 1130
f 1064 1131 1203
f 1133 1204 1205
f 1079 1067 1134
f 1133 1066 1135
f 1206 1135 1132
f 1136 1207 1137
f 1069 1138 1208
f 1087 1070 1137
f 1072 1140 1209
f 1211 1140 1139
f 1212 1142 1075
f 1076 1142 1213
f 1214 1145 1078
f 1216 1144 1145
f 1210 1139 1144
f 1217 1147 1080
f 1219 1148 1147
f 1220 1221 1149
f 1151 1083 1150
f 1150 1149 1221
f 1152 1084 1151
f 1225 1155 1088
f 1089 1155 1226
f 1157 1090 1156
f 1094 1160 1228
f 1160 1158 1230
f 1232 1163 1162
f 1099 1164 1234
f 1164 1161 1163
f 1235 1236 1166
f 1167 1237 1238
f 1102 1168 1240
f 1170 1104 1169
f 1242 1171 1170
f 1105 1174 1244
f 1107 1176 1245
f 1171 1242 1175
f 1175 1246 1247
f 1177 1108 1173
f 1109 1178 1249
f 1179 1250 1251
f 1252 1253 1182
f 1110 1180 1254
f 1112 1183 1190
f 1185 1255 1183
f 1113 1182 1253
f 1257 1185 1184
f 1258 1259 1187
f 1187 1259 1260
f 1186 1188 1260
f 1262 1191 1190
f 1191 1261 1189
f 5110 1264 1265
f 1122 1192 1265
f 1123 1193 1266
f 1197 1196 1124
f 1198 1127 1197
f 1199 1198 1269
f 1200 1128 1199
f 1270 1201 1130
f 1271 1202 1201
f 1203 1131 1202
f 1206 1274 1204
f 1275 1276 1205
f 1146 1134 1205
f 1203 1273 1274
f 1136 1208 1277
f 1154 1137 1207
f 1278 1208 1138
f 1211 1279 1209
f 1210 1280 1281
f 1282 1213 1142
f 1143 1213 1283
f 1215 1145 1214
f 1215 1285 1286
f 1216 1286 1280
f 1147 1217 1287
f 1288 1219 1218
f 1148 1219 1290
f 1221 1220 1290
f 1222 1292 1224
f 1222 1150 1223
f 1223 1221 1291
f 1152 1224 1295
f 1296 1226 1155
f 1156 1226 1297
f 1298 1228 1160
f 1227 1297 1230
f 1229 1230 1299
f 1301 1302 1232
f 1231 1162 1228
f 1166 1236 1233
f 1165 1234 1303
f 1304 1305 1236
f 1306 1251 1238
f 1240 1250 1307
f 1241 1308 1243
f 1169 1239 1309
f 1243 1310 1311
f 1174 1245 1312
f 1248 1172 1244
f 1176 1247 1314
f 1242 1311 1246
f 1315 1247 1246
f 1317 1177 1248
f 1318 1249 1178
f 1249 1307 1250
f 1250 1240 1238
f 1254 1180 1251
f 1181 1254 1320
f 1322 1253 1252
f 1183 1255 1263
f 1323 1324 1255
f 1184 1253 1322
f 1256 1325 1326
f 1258 1327 1328
f 1328 1329 1260
f 1258 1260 1329
f 5114 1261 1191
f 1331 1262 1263
f 1264 1332 1333
f 1193 1265 1333
f 1194 1266 1335
f 1267 1197 1195
f 1267 1337 1269
f 1268 1338 1270
f 1268 1269 1340
f 1201 1270 1338
f 1273 1202 1271
f 1271 1272 1343
f 1274 1344 1345
f 1275 1346 1347
f 1276 1287 1217
f 1341 1344 1274
f 1208 1278 1348
f 1296 1225 1207
f 1349 1279 1211
f 1280 1350 1351
f 1213 1282 1352
f 1214 1283 1353
f 1354 1285 1215
f 1355 1286 1285
f 1286 1355 1350
f 1287 1357 1289
f 1358 1290 1219
f 1288 1289 1359
f 1291 1290 1358
f 1293 1362 1292
f 1224 1292 1363
f 1293 1223 1294
f 1361 1365 1294
f 1296 1366 1297
f 1298 1229 1300
f 1366 1299 1230
f 1300 1299 1369
f 1367 1301 1231
f 1370 1371 1302
f 1305 1372 1233
f 1303 1373 1374
f 1374 1375 1304
f 1305 1304 1375
f 1372 1306 1237
f 1307 1376 1309
f 1241 1309 1377
f 1378 1310 1243
f 1310 1379 1380
f 1381 1312 1245
f 1382 1313 1244
f 1383 1314 1247
f 1316 1246 1311
f 1315 1316 1384
f 1313 1382 1386
f 1317 1386 1319
f 1307 1249 1318
f 1319 1387 1388
f 1306 1372 1320
f 1321 1375 1389
f 1324 1330 1263
f 1323 1390 1391
f 1322 1389 1325
f 1393 1326 1325
f 1257 1326 1390
f 1394 1395 1328
f 1328 1395 1396
f 1329 1396 1394
f 5114 1262 1331
f 1331 1330 1398
f 1333 1332 1400
f 1401 1266 1333
f 1335 1266 1401
f 1334 1403 1336
f 1336 1404 1337
f 1337 1405 1340
f 1339 1406 1338
f 1339 1340 1407
f 1406 1343 1272
f 1409 1341 1271
f 1410 1342 1343
f 1345 1344 1413
f 1345 1414 1346
f 1415 1347 1346
f 1276 1347 1357
f 1413 1344 1341
f 1369 1348 1278
f 1277 1348 1366
f 1417 1349 1281
f 1368 1369 1279
f 1419 1351 1350
f 1421 1353 1283
f 1422 1354 1284
f 1424 1355 1356
f 1418 1350 1355
f 1425 1359 1289
f 1360 1426 1358
f 1427 1361 1358
f 1293 1364 1428
f 1363 1292 1362
f 1365 1430 1364
f 1365 1361 1427
f 1363 1429 5115
f 1367 1300 1368
f 1299 1366 1348
f 1432 1370 1301
f 1433 1434 1371
f 1303 1302 1371
f 1374 1373 1435
f 1436 1389 1375
f 1376 1437 1377
f 1377 1438 1378
f 1379 1310 1378
f 1441 1380 1379
f 1442 1382 1312
f 1384 1316 1380
f 1385 1384 1444
f 1442 1445 1386
f 1387 1319 1386
f 1318 1388 1437
f 1447 1388 1387
f 1324 1391 1398
f 1390 1448 1449
f 1392 1325 1389
f 1450 1451 1393
f 1390 1326 1393
f 1395 1394 1453
f 1395 1452 1454
f 1455 1453 1394
f 1397 1456 5116
f 1397 1398 1457
f 1459 1399 1400
f 1461 1462 1335
f 1462 1463 1403
f 1404 1336 1403
f 1405 1337 1404
f 1466 1407 1340
f 1408 1467 1406
f 1468 1469 1408
f 1467 1411 1343
f 1470 1409 1342
f 1411 1471 1472
f 1414 1345 1412
f 1412 1413 1474
f 1476 1416 1346
f 1357 1347 1415
f 1478 1415 1416
f 1470 1474 1413
f 1432 1368 1349
f 1417 1351 1419
f 1418 1479 1480
f 1352 1420 6681
f 1481 1422 1353
f 1482 1356 1354
f 1423 1483 1484
f 1356 1482 1485
f 1424 1484 1479
f 1488 1427 1426
f 1428 1364 1430
f 1429 1362 1492
f 1430 1365 1431
f 1494 1431 1427
f 1417 1433 1370
f 1480 1434 1433
f 1373 1371 1434
f 1436 1435 1450
f 1438 1377 1437
f 1438 1496 1439
f 1440 1379 1439
f 1498 1441 1440
f 1444 1384 1441
f 1501 1385 1443
f 1504 1443 1444
f 1388 1447 1495
f 1506 1447 1446
f 1449 1457 1398
f 1449 1448 1508
f 1450 1480 1479
f 1451 1508 1448
f 1509 1510 1452
f 1452 1510 1511
f 1509 1453 1455
f 1513 1456 1397
f 1458 1457 1514
f 1459 1516 1402
f 1459 1460 1517
f 1461 1519 1463
f 1402 1516 1520
f 1464 1403 1463
f 1464 1522 1465
f 1405 1465 1523
f 1524 1468 1407
f 1467 1408 1469
f 1526 1527 1469
f 1525 1471 1411
f 1410 1472 1528
f 1530 1472 1471
f 1473 1531 1476
f 1473 1412 1475
f 1475 1474 1532
f 1535 1416 1476
f 1425 1415 1478
f 1477 1537 1538
f 1528 1532 1474
f 1421 6681 1539
f 1482 1422 1481
f 1485 1541 1483
f 1484 1483 1507
f 1485 1482 1540
f 1451 1479 1484
f 1486 1359 1536
f 1487 1545 1489
f 1489 1546 1547
f 1548 1490 1430
f 1492 1428 1490
f 1491 1492 1549
f 1431 1494 1551
f 1547 1552 1494
f 1434 1480 1450
f 1553 1496 1438
f 1554 1497 1439
f 1556 1498 1499
f 1503 1444 1498
f 1502 1443 1504
f 1501 1502 1558
f 1503 1559 1560
f 1505 1558 1561
f 1505 1446 1500
f 1457 1449 1507
f 1511 1510 1562
f 1454 1511 1512
f 1509 1512 1564
f 1513 1566 5121
f 1566 1513 1458
f 1541 1567 1515
f 1517 1460 5118
f 1516 1459 1518
f 1518 1517 1569
f 1520 1571 1519
f 1521 1463 1519
f 1573 1520 1516
f 1521 1574 1522
f 1522 1575 1523
f 1466 1523 1576
f 1468 1524 1577
f 1525 1469 1527
f 1579 1580 1527
f 1471 1525 1578
f 1581 1528 1472
f 1534 1476 1531
f 1533 1532 1583
f 1534 1584 1585
f 1586 1536 1478
f 1587 1588 1537
f 1537 1589 1590
f 1581 1583 1532
f 1539 1591 1540
f 1567 1541 1485
f 1514 1507 1483
f 1542 1540 1591
f 1593 1543 1536
f 1595 1486 1543
f 1486 1595 1596
f 1596 1545 1487
f 1545 1597 1546
f 1547 1546 1599
f 1493 1551 1600
f 1548 1601 1549
f 1552 1602 1551
f 1598 1603 1552
f 1604 1554 1496
f 1605 1499 1497
f 1606 1607 1556
f 1608 1555 1499
f 1556 1607 1559
f 1609 1558 1502
f 1504 1560 1610
f 1560 1559 1612
f 1613 1561 1558
f 1604 1506 1561
f 1615 1616 1563
f 1512 1511 1563
f 1617 1565 1564
f 1515 1567 1619
f 1569 1517 5122
f 1568 1518 1570
f 1622 1570 1569
f 1571 1520 1573
f 1519 1571 1624
f 1521 1572 1625
f 1573 1568 1620
f 1522 1574 1627
f 1628 1576 1523
f 1629 1577 1524
f 1526 1577 1630
f 1578 1527 1580
f 1632 1580 1579
f 1530 1634 1635
f 1584 1534 1533
f 1582 1583 1636
f 1638 1585 1584
f 1587 1477 1535
f 1538 1590 1640
f 1641 1642 1588
f 1589 1537 1588
f 1644 1590 1589
f 1581 1635 1636
f 1591 1539 5123
f 1542 1592 1619
f 5127 1592 1591
f 1646 1594 1543
f 1647 1593 1586
f 1594 1648 1649
f 1596 1595 1649
f 1650 1597 1545
f 1546 1597 1651
f 1598 1599 1652
f 1602 1654 1600
f 1655 1601 1548
f 1603 1657 1602
f 1653 1658 1603
f 1554 1604 1614
f 1659 1606 1555
f 1608 1605 1614
f 1612 1559 1607
f 1610 1662 1609
f 1611 1663 1610
f 1611 1612 1664
f 1662 1666 1613
f 1614 1561 1613
f 1615 1668 1669
f 1564 1563 1616
f 1562 1667 1670
f 1670 1667 1565
f 1617 1618 1671
f 1621 1569 5125
f 1673 1620 1570
f 1675 1622 1621
f 1676 1624 1571
f 1627 1623 1573
f 1625 1572 5207
f 1626 1620 1673
f 1626 1679 1628
f 1680 1629 1576
f 1681 1630 1577
f 1579 1630 1682
f 1632 1683 1631
f 1632 1633 1684
f 1687 1635 1634
f 1582 1637 1639
f 1688 1637 1636
f 1587 1585 1638
f 1638 1639 1690
f 1692 1640 1590
f 1693 1694 1642
f 1643 1588 1642
f 1643 1696 1645
f 1697 1644 1645
f 1635 1687 1689
f 1646 1699 1648
f 1593 1647 1700
f 1640 1692 1701
f 1702 1649 1648
f 1702 1704 1650
f 1704 1651 1597
f 1705 1652 1599
f 1653 1652 1707
f 1602 1657 1708
f 1600 1654 1709
f 1710 1657 1603
f 1706 1711 1658
f 1660 1712 1659
f 1606 1659 1713
f 1662 1610 1663
f 1664 1715 1714
f 1714 1715 1666
f 1712 1660 1613
f 1670 1716 1668
f 1718 1669 1668
f 1616 1669 1671
f 1617 1672 1716
f 1672 1671 1720
f 1674 1621 5129
f 1721 1673 1622
f 1723 1675 1674
f 1623 1627 1625
f 1624 1676 1678
f 1725 1724 1678
f 1726 1679 1673
f 1680 1628 1679
f 1727 1681 1629
f 1728 1682 1630
f 1729 1684 1633
f 1632 1685 1730
f 1685 1684 1732
f 1686 1733 1734
f 1686 1634 1683
f 1688 1690 1639
f 1689 1734 1735
f 1641 1638 1691
f 1692 1644 1697
f 1737 1738 1694
f 1695 1642 1694
f 1695 1740 1696
f 1645 1696 1741
f 1697 1698 1742
f 1699 1646 1700
f 1699 1745 1703
f 1647 1701 1746
f 1748 1702 1703
f 1748 1749 1704
f 1651 1704 1749
f 1750 1707 1652
f 1751 1706 1707
f 1753 1708 1657
f 1754 1709 1654
f 1710 1658 1711
f 1751 1757 1711
f 1661 1713 1715
f 1713 1712 1666
f 1668 1716 1759
f 1761 1718 1717
f 1669 1718 1720
f 1716 1672 1719
f 1762 1763 1719
f 1722 1674 5130
f 1764 1721 1675
f 1722 1765 1766
f 1721 1764 1767
f 1726 1767 1727
f 1728 1681 1727
f 1682 1728 1769
f 1770 1732 1684
f 1771 1730 1685
f 1731 1732 1772
f 1730 1771 1733
f 1774 1734 1733
f 1735 1776 1690
f 1777 1735 1734
f 1737 1693 1691
f 1737 1778 1779
f 1739 1694 1738
f 1740 1695 1739
f 1782 1741 1696
f 1783 1784 1742
f 1785 1743 1742
f 1744 1786 1745
f 1744 1700 1746
f 1788 1746 1701
f 1747 1789 1790
f 1749 1748 1790
f 1749 1791 1750
f 1752 1707 1750
f 1752 1793 1794
f 1795 1754 1708
f 1753 1710 1756
f 1754 1795 1797
f 1756 1711 1757
f 1751 1794 1799
f 1760 1717 1759
f 1801 1761 1760
f 1762 1720 1718
f 1800 1759 1719
f 1803 1804 1763
f 1802 1719 1763
f 1723 1766 1805
f 1807 1766 1765
f 1768 1727 1767
f 1809 1769 1728
f 1729 1769 1810
f 1811 1772 1732
f 1731 1773 1812
f 1813 1814 1773
f 1775 1733 1771
f 1775 1815 1816
f 1776 1735 1777
f 1816 1818 1777
f 1737 1776 1817
f 1820 1779 1778
f 1738 1779 1821
f 1780 1822 1781
f 1740 1781 1823
f 1825 1785 1784
f 1745 1786 1826
f 1746 1788 1827
f 1828 1829 1788
f 1826 1830 1789
f 1832 1790 1789
f 1833 1791 1790
f 1792 1750 1791
f 1834 1835 1794
f 1796 1836 1795
f 1796 1756 1798
f 1797 1795 1836
f 1798 1757 1799
f 1794 1835 1840
f 1800 1841 1842
f 1761 1801 1803
f 1804 1803 1801
f 1844 1802 1804
f 1807 1845 1805
f 1846 1847 1807
f 1849 1810 1769
f 1850 1811 1770
f 1772 1811 1851
f 1814 1852 1812
f 1853 1854 1814
f 1775 1812 1852
f 1855 1856 1816
f 1857 1817 1777
f 1818 1816 1856
f 1819 1778 1817
f 1819 1859 1860
f 1861 1821 1779
f 1821 1862 1822
f 1823 1781 1822
f 1825 1864 1828
f 1865 1826 1786
f 1787 1827 1866
f 1867 1829 1828
f 1868 1830 1826
f 1830 1869 1831
f 1870 1871 1832
f 1832 1871 1872
f 1873 1792 1833
f 1873 1834 1793
f 1874 1875 1835
f 1836 1796 1837
f 1837 1798 1839
f 1876 1878 1838
f 1880 1797 1838
f 1839 1799 1840
f 1875 1882 1840
f 1841 1883 1884
f 1843 1804 1842
f 1886 1844 1843
f 1883 1841 1802
f 1807 1847 1887
f 1809 1848 1888
f 1889 1850 1810
f 1890 1851 1811
f 1851 1891 1853
f 1852 1814 1854
f 1893 1894 1854
f 1815 1852 1892
f 1895 1896 1856
f 1857 1818 1858
f 1858 1856 1896
f 1899 1900 1860
f 1820 1860 1901
f 1902 1862 1821
f 1903 1864 1825
f 1904 1866 1827
f 1865 1866 1905
f 1906 1904 1829
f 1907 1867 1864
f 1868 1908 1869
f 1870 1831 1869
f 1910 1911 1871
f 1873 1872 1912
f 1913 1874 1834
f 1915 1875 1874
f 1839 1881 1916
f 1917 1878 1876
f 1879 1838 1878
f 1919 1880 1879
f 1840 1882 1921
f 1922 1882 1875
f 1924 1884 1883
f 1843 1884 1924
f 1925 1926 1886
f 1923 1883 1844
f 1888 1848 1845
f 1849 1888 1928
f 1850 1889 1929
f 1851 1890 1930
f 1893 1853 1891
f 1894 1932 1892
f 1933 1934 1894
f 1855 1892 1932
f 1896 1895 1936
f 1897 1858 1898
f 1938 1898 1896
f 1939 1940 1900
f 1941 1901 1860
f 1942 1902 1861
f 1943 1905 1866
f 1905 1944 1908
f 1919 1906 1867
f 1904 1906 1945
f 1909 1869 1908
f 1948 1910 1870
f 1911 1910 1950
f 1952 1871 1911
f 1874 1913 1953
f 1914 1955 1956
f 1881 1921 1957
f 1877 1916 1958
f 1917 1959 1918
f 1920 1879 1918
f 1907 1946 1880
f 1919 1920 1945
f 1961 1921 1882
f 1915 1956 1962
f 1923 1963 1964
f 1964 1925 1885
f 1926 1925 1966
f 1923 1886 1926
f 1928 1888 1887
f 1889 1928 1970
f 1971 1930 1890
f 1891 1930 1972
f 1933 1893 1931
f 1934 1974 1932
f 1975 1976 1934
f 1895 1932 1974
f 1935 1936 1977
f 1938 1979 1937
f 1899 1897 1937
f 1935 1978 1980
f 1981 1982 1940
f 1900 1940 1983
f 1984 1942 1901
f 1944 1905 1943
f 1945 1986 1985
f 1909 1947 1987
f 1988 1950 1910
f 1949 1989 1951
f 1949 1950 1990
f 1992 1993 1952
f 1912 1871 1952
f 1953 1995 1996
f 1914 1954 1997
f 1956 1955 1990
f 1999 1957 1921
f 1916 1957 2000
f 2001 1959 1917
f 1960 1918 1959
f 1986 1945 1920
f 1962 2003 1961
f 1998 2004 1962
f 1964 1963 2005
f 2006 1966 1925
f 1926 1965 2005
f 1965 1966 2008
f 1968 2009 1967
f 1967 2010 1969
f 1970 1928 1969
f 1929 1970 2011
f 2012 1972 1930
f 1931 1972 2013
f 2014 1975 1933
f 2015 1974 1934
f 2016 2017 1976
f 2015 1977 1936
f 2018 2019 1978
f 1938 1980 2020
f 1939 1937 1979
f 1980 1978 2019
f 2022 2023 1982
f 1983 1940 1982
f 1941 1983 2025
f 1985 2027 1947
f 2027 1985 1986
f 1987 1947 2027
f 1948 1987 2029
f 1998 1990 1950
f 1991 2030 1989
f 1992 1951 1989
f 1955 1997 1991
f 2032 1993 1992
f 1952 1993 2034
f 1994 1995 1953
f 2036 1996 1995
f 1954 1996 2037
f 1999 2038 2000
f 2001 1958 2000
f 2040 2002 1959
f 2004 2041 2003
f 1988 2029 2004
f 2042 2043 2006
f 1966 2006 2043
f 2042 2005 1965
f 2007 2008 2044
f 2009 2047 2010
f 2047 2011 1970
f 2011 2048 2012
f 1972 2012 2049
f 1973 2013 2050
f 2016 1975 2014
f 2015 1976 2017
f 2054 2017 2016
f 2052 2018 1977
f 2055 2056 2019
f 2020 1980 2021
f 1981 1979 2020
f 2021 2019 2056
f 2023 2022 2060
f 2024 1982 2023
f 2024 2062 2025
f 1984 2025 2063
f 2028 2027 2002
f 2029 1987 2028
f 1997 2037 2030
f 2030 2065 2031
f 1992 2031 2066
f 2067 2034 1993
f 2032 2033 2068
f 2035 1995 1994
f 2035 2070 2071
f 2037 1996 2073
f 2003 2041 2038
f 2041 2004 2029
f 2042 2074 2075
f 2044 2008 2043
f 2007 2045 2074
f 2009 2046 2077
f 2048 2011 2047
f 2048 2078 2049
f 2013 2049 2079
f 2051 2014 2050
f 2053 2016 2051
f 2052 2017 2054
f 2083 2084 2054
f 2085 2018 2052
f 2056 2055 2087
f 2057 2060 2022
f 2058 2088 2057
f 2058 2056 2086
f 2059 2090 2061
f 2059 2060 2091
f 2061 2093 2062
f 2063 2025 2062
f 2064 2028 2040
f 2072 2065 2030
f 2066 2031 2065
f 2033 2066 2096
f 2034 2067 2070
f 2097 2098 2069
f 2071 2070 2100
f 2101 2073 2036
f 2101 2102 2072
f 2039 2038 2041
f 2074 2103 2104
f 2044 2075 2106
f 2103 2074 2045
f 2107 2077 2046
f 2077 2107 2078
f 2078 2109 2110
f 2111 2080 2050
f 2081 2051 2080
f 2081 2113 2114
f 2082 2054 2084
f 2084 2083 2116
f 2115 2118 2085
f 2118 2087 2055
f 2086 2087 2120
f 2088 2091 2060
f 2089 2121 2088
f 2122 2089 2086
f 2059 2092 2123
f 2124 2093 2061
f 2125 2126 2092
f 2094 2062 2093
f 2065 2072 2102
f 2128 2096 2066
f 2068 2096 2129
f 2130 2100 2070
f 2131 2132 2069
f 2101 2071 2099
f 2135 2099 2100
f 2101 2133 2136
f 2103 2137 2138
f 2105 2106 2139
f 2105 2140 2137
f 2076 2108 2141
f 2107 2141 2109
f 2144 2110 2109
f 2111 2145 2112
f 2079 2110 2144
f 2113 2081 2112
f 2113 2147 2148
f 2115 2084 2117
f 2114 2148 2116
f 2150 2117 2116
f 2149 2152 2118
f 2087 2118 2152
f 2091 2088 2121
f 2153 2154 2122
f 2123 2092 2126
f 2124 2090 2123
f 2157 2127 2093
f 2158 2159 2126
f 2095 2102 2136
f 2160 2129 2096
f 2162 2097 2129
f 2100 2130 2163
f 2131 2163 2130
f 2165 2131 2098
f 2166 2133 2099
f 2134 2167 2168
f 2133 2166 2169
f 2137 2170 2171
f 2139 2106 2104
f 2140 2139 2172
f 2140 2173 2170
f 2174 2141 2108
f 2143 2176 2177
f 2144 2177 2145
f 2146 2112 2145
f 2146 2179 2147
f 2147 2180 2181
f 2117 2150 2182
f 2148 2181 2151
f 2151 2183 2184
f 2182 2185 2152
f 2120 2152 2185
f 2187 2158 2125
f 2119 2186 2188
f 2189 2190 2154
f 2191 2122 2154
f 2193 2156 2123
f 2194 2155 2126
f 2156 2195 2157
f 2196 2197 2159
f 2136 2169 2160
f 2161 2129 2160
f 2161 2199 2200
f 2163 2201 2167
f 2164 2098 2162
f 2131 2165 2201
f 2164 2202 2203
f 2204 2166 2135
f 2166 2204 2205
f 2171 2170 2207
f 2172 2139 2138
f 2209 2173 2172
f 2209 2207 2170
f 2142 2175 2210
f 2212 2213 2176
f 2176 2214 2215
f 2178 2145 2177
f 2146 2178 2216
f 2180 2147 2179
f 2219 2181 2180
f 2150 2184 2220
f 2183 2151 2181
f 2183 2221 2222
f 2223 2185 2182
f 2185 2223 2224
f 2225 2196 2158
f 2226 2188 2186
f 2227 2189 2153
f 2228 2229 2190
f 2192 2154 2190
f 2187 2191 2192
f 2193 2231 2195
f 2155 2194 2232
f 2159 2197 2233
f 2197 2196 2234
f 2198 2160 2169
f 2198 2236 2199
f 2237 2200 2199
f 2201 2239 2240
f 2200 2237 2202
f 2165 2203 2239
f 2202 2241 2242
f 2168 2243 2244
f 2245 2205 2204
f 2172 2171 2206
f 2246 2247 2206
f 2248 2249 2209
f 2249 2246 2207
f 2175 2211 2250
f 2174 2210 2213
f 2214 2176 2213
f 2214 2252 2253
f 2215 2253 2216
f 2254 2217 2179
f 2180 2217 2255
f 2218 2256 2257
f 2220 2184 2259
f 2219 2257 2221
f 2221 2260 2261
f 2262 2223 2220
f 2224 2223 2262
f 2264 2234 2196
f 2265 2227 2188
f 2224 2263 2266
f 2229 2228 2268
f 2190 2229 2269
f 2270 2225 2192
f 2193 2232 2271
f 2272 2232 2194
f 2273 2233 2197
f 2235 2234 2275
f 2205 2245 2236
f 2276 2238 2199
f 2238 2277 2278
f 2279 2240 2239
f 2237 2278 2241
f 2203 2242 2280
f 2281 2282 2242
f 2283 2244 2243
f 2283 2285 2245
f 2208 2206 2247
f 2246 2286 2287
f 2249 2248 2289
f 2288 2286 2246
f 2290 2250 2211
f 2251 2213 2210
f 2251 2292 2252
f 2252 2293 2294
f 2254 2216 2253
f 2217 2254 2295
f 2255 2296 2256
f 2258 2259 2297
f 2260 2221 2257
f 2261 2260 2301
f 2297 2259 2222
f 2302 2262 2258
f 2262 2302 2303
f 2304 2275 2234
f 2266 2305 2265
f 2306 2227 2265
f 2308 2269 2229
f 2306 2268 2228
f 2271 2232 2309
f 2233 2273 2311
f 2273 2235 2274
f 2313 2274 2275
f 2236 2245 2285
f 2315 2277 2238
f 2316 2278 2277
f 2284 2240 2279
f 2280 2319 2320
f 2321 2241 2278
f 2319 2280 2242
f 2282 2281 2323
f 2283 2284 2318
f 2324 2325 2285
f 2248 2247 2287
f 2326 2327 2287
f 2288 2289 2328
f 2288 2329 2326
f 2330 2290 7438
f 2251 2250 2331
f 2333 2293 2252
f 2293 2334 2335
f 2295 2254 2294
f 2255 2295 2336
f 2296 2337 2338
f 2339 2301 2260
f 2300 2340 2297
f 2298 2341 2342
f 2302 2342 2343
f 2314 2275 2304
f 2345 2304 2264
f 2307 2265 2305
f 2308 2348 2349
f 2351 2308 2267
f 2352 2353 2268
f 2312 2355 2311
f 2311 2354 2309
f 2312 2274 2357
f 2357 2274 2313
f 2358 2313 2314
f 2276 2285 2325
f 2315 2360 2317
f 2317 2361 2362
f 2318 2279 2320
f 2364 2320 2319
f 2316 2362 2366
f 2365 2319 2282
f 2321 2366 2323
f 2368 2322 2323
f 2324 2318 2363
f 2369 2370 2325
f 2287 2327 2328
f 2371 2327 2326
f 2373 2374 2329
f 2326 2329 2374
f 2332 2375 2330
f 2330 2376 2331
f 2377 2292 2331
f 2379 2293 2333
f 2334 2293 2379
f 2334 2381 2382
f 2295 2335 2382
f 2337 2296 2336
f 2338 2337 2384
f 2338 2339 2299
f 2386 2387 2301
f 2340 2300 2389
f 2341 2298 2340
f 2341 2390 2391
f 2342 2391 2392
f 2393 2394 2303
f 2396 2344 2304
f 2314 2344 2397
f 2400 2307 2346
f 2401 2346 2305
f 2395 2402 2347
f 2351 2403 2348
f 2345 2349 2348
f 2404 2405 2351
f 2350 2267 2353
f 2353 2352 2408
f 2356 2411 2355
f 2354 2311 2355
f 2356 2357 2412
f 2414 2412 2357
f 2359 2415 2414
f 2315 2325 2370
f 2361 2317 2360
f 2418 2362 2361
f 2419 2363 2320
f 2420 2364 2365
f 2422 2366 2362
f 2322 2368 2421
f 2367 2323 2366
f 2367 2423 2424
f 2363 2419 2425
f 2369 2425 2426
f 2371 2373 2328
f 2428 2371 2372
f 2374 2373 2430
f 2429 2427 2372
f 2432 2376 2330
f 2433 2377 2376
f 2378 2333 2377
f 2434 2381 2334
f 2435 2436 2382
f 2383 2437 2384
f 2383 2336 2436
f 2385 2386 2339
f 2440 2387 2386
f 2388 2389 2441
f 2442 2390 2341
f 2444 2391 2390
f 2392 2391 2444
f 2393 2343 2392
f 2393 2447 2448
f 2394 2449 2395
f 2397 2450 2415
f 2399 2451 2452
f 2352 2307 2400
f 2399 2346 2401
f 2398 2455 2456
f 2458 2347 2402
f 2347 2458 2455
f 2403 2351 2405
f 2396 2348 2403
f 2406 2461 2404
f 2462 2452 2405
f 2407 2463 2406
f 2352 2453 2464
f 2407 2408 2465
f 2467 2410 2409
f 2413 2469 2411
f 2409 2355 2411
f 2413 2412 2471
f 2412 2414 2472
f 2472 2414 2415
f 2416 2360 2370
f 2361 2416 2474
f 2417 2475 2476
f 2477 2419 2364
f 2420 2421 2478
f 2480 2422 2418
f 2424 2478 2421
f 2422 2480 2423
f 2424 2423 2481
f 2419 2477 2483
f 2484 2426 2425
f 2430 2373 2371
f 2485 2486 2428
f 2429 2430 2487
f 2433 2432 2490
f 2491 2492 2378
f 2490 2432 2434
f 2381 2434 2493
f 2436 2435 2495
f 2496 2437 2383
f 2497 2498 2384
f 2439 2386 2385
f 2500 2501 2442
f 2501 2443 2390
f 2444 2443 2503
f 2504 2446 2392
f 2446 2505 2447
f 2447 2506 2507
f 2394 2448 2508
f 2509 2510 2450
f 2473 2415 2450
f 2399 2454 2511
f 2462 2453 2400
f 2512 2454 2401
f 2457 2402 2449
f 2514 2455 2458
f 2459 2509 2460
f 2459 2405 2452
f 2463 2515 2461
f 2462 2404 2461
f 2466 2517 2463
f 2516 2464 2453
f 2408 2464 2518
f 2520 2466 2465
f 2467 2468 2522
f 2470 2523 2469
f 2468 2411 2469
f 2524 2525 2470
f 2472 2526 2527
f 2526 2472 2473
f 2474 2416 2426
f 2417 2474 2528
f 2476 2475 2530
f 2479 2531 2477
f 2532 2533 2479
f 2534 2480 2476
f 2482 2532 2478
f 2481 2423 2480
f 2535 2536 2482
f 2537 2483 2477
f 2483 2537 2538
f 2485 2539 2540
f 2488 2487 2542
f 2431 2489 2544
f 2491 2490 2380
f 2547 2548 2496
f 2549 2550 2498
f 2439 2498 2550
f 2553 2501 2500
f 2441 2552 2555
f 2556 2443 2501
f 2557 2558 2502
f 2445 2559 2560
f 2505 2561 2506
f 2563 2507 2506
f 2508 2448 2507
f 2511 2450 2510
f 2473 2511 2454
f 2526 2512 2456
f 2565 2457 2508
f 2566 2514 2513
f 2517 2568 2515
f 2516 2461 2515
f 2570 2571 2517
f 2569 2518 2464
f 2572 2465 2518
f 2575 2520 2519
f 2572 2576 2519
f 2522 2577 2578
f 2579 2577 2525
f 2514 2566 2527
f 2538 2528 2474
f 2580 2530 2475
f 2529 2530 2582
f 2531 2479 2533
f 2584 2585 2533
f 2581 2586 2534
f 2532 2482 2536
f 2535 2481 2534
f 2587 2588 2536
f 2589 2537 2531
f 2590 2538 2537
f 2591 2539 2485
f 2540 2539 2593
f 2540 2594 2595
f 2541 2542 2596
f 2543 2597 2544
f 2547 2495 2544
f 2547 2598 2599
f 2496 2548 2600
f 2497 2600 2601
f 2550 2549 2603
f 2604 2499 2440
f 2554 2500 2555
f 2553 2554 2607
f 2605 2609 2555
f 2553 2608 2610
f 2611 2612 2558
f 2559 2445 2502
f 2557 2503 2556
f 2559 2614 2615
f 2504 2560 2616
f 2561 2505 2617
f 2506 2561 2619
f 2567 2565 2563
f 2565 2567 2513
f 2566 2567 2562
f 2568 2517 2571
f 2621 2569 2515
f 2622 2623 2571
f 2573 2518 2569
f 2573 2624 2576
f 2574 2625 2626
f 2570 2520 2575
f 2574 2519 2576
f 2523 2525 2577
f 2579 2562 2578
f 2527 2566 2579
f 2528 2538 2590
f 2530 2580 2629
f 2581 2582 2631
f 2583 2533 2585
f 2585 2584 2634
f 2630 2635 2586
f 2588 2634 2584
f 2535 2586 2635
f 2588 2587 2636
f 2589 2583 2632
f 2638 2639 2590
f 2591 2640 2593
f 2592 2641 2594
f 2643 2592 2593
f 2542 2595 2594
f 2640 2591 2596
f 2543 2645 2646
f 2647 2599 2598
f 2649 2600 2548
f 2650 2601 2600
f 2601 2651 2603
f 2602 2652 2653
f 2602 2603 2654
f 2604 2656 2605
f 2551 2653 2656
f 2606 2657 2607
f 2606 2555 2609
f 2607 2659 2660
f 2662 2609 2605
f 2608 2660 2663
f 2557 2610 2663
f 2665 2612 2611
f 2559 2558 2612
f 2560 2615 2666
f 2618 2617 2667
f 2669 2670 2619
f 2619 2671 2628
f 2621 2568 2620
f 2620 2571 2623
f 2674 2675 2623
f 2672 2624 2573
f 2576 2624 2676
f 2627 2677 2625
f 2625 2678 2679
f 2674 2622 2575
f 2639 2629 2580
f 2582 2629 2680
f 2630 2631 2681
f 2632 2585 2633
f 2633 2634 2685
f 2682 2686 2635
f 2637 2685 2634
f 2686 2636 2587
f 2687 2688 2637
f 2638 2632 2683
f 2689 2690 2639
f 2593 2640 2691
f 2592 2643 2692
f 2596 2594 2641
f 2642 2693 2694
f 2695 2691 2640
f 2697 2597 2646
f 2699 2649 2599
f 2697 2700 2647
f 2650 2701 2651
f 2702 2650 2649
f 2654 2603 2651
f 2652 2602 2655
f 2652 2705 2656
f 2706 2661 2605
f 2606 2658 2707
f 2659 2607 2657
f 2709 2658 2609
f 2711 2660 2659
f 2712 2662 2661
f 2714 2715 2663
f 2664 2716 2717
f 2612 2665 2718
f 2664 2611 2715
f 2720 2666 2615
f 2616 2666 2667
f 2668 2667 2723
f 2668 2724 2669
f 2724 2725 2670
f 2671 2619 2670
f 2673 2727 2672
f 2673 2623 2675
f 2729 2675 2674
f 2727 2676 2624
f 2627 2676 2731
f 2677 2732 2678
f 2678 2733 2734
f 2626 2679 2730
f 2690 2680 2629
f 2631 2680 2735
f 2736 2737 2682
f 2684 2738 2683
f 2684 2685 2739
f 2737 2741 2686
f 2685 2637 2688
f 2636 2686 2741
f 2688 2687 2743
f 2689 2683 2738
f 2744 2745 2690
f 2693 2642 2691
f 2747 2692 2643
f 2641 2692 2695
f 2748 2694 2693
f 2691 2695 2750
f 2696 2751 2698
f 2698 2753 2700
f 2700 2754 2699
f 2650 2702 2755
f 2756 2702 2699
f 2704 2757 2705
f 2706 2758 2713
f 2759 2707 2658
f 2657 2707 2760
f 2708 2761 2710
f 2762 2709 2662
f 2710 2763 2764
f 2660 2711 2765
f 2712 2713 2766
f 2664 2719 2768
f 2770 2717 2716
f 2771 2718 2665
f 2721 2615 2718
f 2723 2667 2666
f 2721 2772 2773
f 2724 2668 2722
f 2722 2723 2776
f 2774 2777 2725
f 2726 2670 2725
f 2728 2779 2727
f 2780 2728 2675
f 2730 2781 2782
f 2779 2731 2676
f 2731 2783 2732
f 2733 2678 2732
f 2785 2734 2733
f 2781 2730 2679
f 2680 2690 2745
f 2681 2735 2787
f 2788 2789 2737
f 2740 2790 2738
f 2740 2739 2791
f 2789 2793 2741
f 2742 2791 2739
f 2687 2741 2793
f 2794 2742 2743
f 2744 2738 2790
f 2796 2797 2745
f 2747 2750 2695
f 2694 2748 2798
f 2748 2749 2799
f 2746 2750 2801
f 2752 2803 2804
f 2754 2700 2753
f 2806 2755 2702
f 2808 2705 2757
f 2766 2713 2758
f 2709 2762 2811
f 2707 2759 2812
f 2813 2763 2710
f 2767 2814 2762
f 2763 2815 2816
f 2711 2764 2817
f 2714 2765 2818
f 2766 2820 2821
f 2822 2769 2716
f 2769 2823 2824
f 2825 2771 2717
f 2772 2721 2771
f 2773 2776 2723
f 2827 2773 2772
f 2775 2828 2774
f 2828 2829 2777
f 2778 2725 2777
f 2831 2779 2728
f 2782 2832 2780
f 2781 2833 2834
f 2779 2831 2783
f 2784 2732 2783
f 2784 2836 2786
f 2786 2837 2838
f 2839 2833 2781
f 2735 2745 2797
f 2736 2787 2840
f 2841 2842 2789
f 2792 2843 2790
f 2792 2791 2845
f 2793 2789 2842
f 2794 2845 2791
f 2795 2743 2793
f 2795 2847 2848
f 2796 2790 2843
f 2849 2850 2797
f 2747 2798 2801
f 2748 2800 2851
f 2749 2801 2852
f 2800 2799 2853
f 2752 2802 2856
f 2753 2751 2857
f 2858 2806 2756
f 2859 2860 2808
f 2861 2809 2705
f 2810 2862 2820
f 2812 2759 2811
f 2812 2864 2865
f 2866 2867 2763
f 2867 2868 2815
f 2869 2870 2816
f 2871 2817 2764
f 2817 2872 2818
f 2819 2818 2873
f 2875 2821 2820
f 2822 2877 2823
f 2768 2819 2874
f 2878 2824 2823
f 2880 2825 2770
f 2826 2772 2825
f 2773 2827 2881
f 2827 2826 2883
f 2881 2884 2828
f 2884 2885 2829
f 2830 2777 2829
f 2831 2780 2832
f 2782 2834 2888
f 2834 2833 2889
f 2835 2783 2831
f 2835 2891 2836
f 2837 2786 2836
f 2893 2838 2837
f 2839 2785 2838
f 2895 2889 2833
f 2850 2840 2787
f 2788 2840 2896
f 2842 2841 2898
f 2844 2899 2843
f 2844 2845 2900
f 2846 2842 2897
f 2848 2900 2845
f 2846 2902 2847
f 2904 2848 2847
f 2849 2843 2899
f 2905 2906 2850
f 2798 2851 2852
f 2854 2907 2851
f 2799 2852 2908
f 2854 2853 2910
f 2911 2751 2804
f 5165 2913 2855
f 2802 2855 2914
f 2915 2916 2803
f 2805 2857 2917
f 2860 2918 2862
f 2876 2820 2862
f 2864 2812 2863
f 2811 2814 2921
f 2922 2865 2864
f 2813 2865 2922
f 2867 2866 2924
f 2925 2926 2868
f 2927 2869 2815
f 2928 2929 2870
f 2816 2870 2930
f 2871 2931 2872
f 2873 2818 2872
f 2874 2873 2924
f 2934 2814 2821
f 2875 2876 2935
f 2874 2933 2877
f 2877 2923 2879
f 2824 2878 2937
f 2938 2878 2879
f 2880 2937 2883
f 2884 2881 2827
f 2883 2936 2935
f 2882 2935 2885
f 2886 2829 2885
f 2887 2832 2888
f 2940 2888 2834
f 2890 2889 2942
f 2939 2891 2835
f 2892 2836 2891
f 2944 2894 2837
f 2895 2838 2893
f 2946 2947 2893
f 2945 2942 2889
f 2906 2896 2840
f 2841 2896 2948
f 2897 2898 2949
f 2844 2901 2951
f 2950 2952 2902
f 2904 2953 2900
f 2903 2847 2902
f 2954 2955 2904
f 2899 2951 2956
f 2956 2957 2906
f 2851 2907 2908
f 2909 2958 2907
f 2853 2908 2959
f 2909 2910 2960
f 2911 2912 2961
f 2914 2855 2913
f 2915 2965 2966
f 2916 2961 2912
f 2968 2917 2857
f 2919 2862 2918
f 2885 2935 2876
f 2920 2879 2923
f 2863 2921 2938
f 2923 2877 2933
f 2933 2924 2866
f 2925 2924 2873
f 2932 2970 2926
f 2868 2926 2971
f 2869 2927 2972
f 2973 2974 2929
f 2930 2870 2929
f 2871 2930 2976
f 2931 2970 2932
f 2875 2936 2977
f 2878 2938 2977
f 2977 2936 2883
f 2888 2940 2978
f 2940 2890 2941
f 2941 2942 2980
f 2978 2943 2891
f 2943 2982 2944
f 2894 2944 2983
f 2945 2893 2947
f 2985 2986 2947
f 2984 2980 2942
f 2957 2948 2896
f 2898 2948 2987
f 2950 2949 2989
f 2990 2951 2901
f 2988 2991 2952
f 2953 2904 2955
f 2903 2952 2991
f 2993 2994 2955
f 2995 2956 2951
f 2995 2996 2957
f 2907 2958 2959
f 2959 2958 2960
f 2997 2998 2962
f 2964 3000 2963
f 2914 2963 2965
f 3002 2966 2965
f 2961 2916 2966
f 2968 2967 3005
f 2921 2934 2977
f 2926 2970 3006
f 2928 2972 3007
f 3008 3009 2974
f 2975 2929 2974
f 3011 2976 2930
f 2976 3006 2970
f 3012 2978 2940
f 2941 2981 3013
f 3014 2981 2980
f 2978 3012 2982
f 3016 2983 2944
f 2985 2946 2983
f 2984 2947 2986
f 2985 3019 3020
f 3015 2980 2984
f 2996 2987 2948
f 2949 2987 3021
f 2990 2953 2992
f 2988 3023 3024
f 2992 2955 2994
f 2954 2991 3024
f 2994 2993 3027
f 2990 3022 3028
f 2995 3028 3029
f 3030 3031 2998
f 2999 2962 2998
f 3033 3000 2964
f 2965 2963 3000
f 5172 2969 2968
f 3005 3035 3036
f 3040 2971 3006
f 2972 3041 3042
f 2973 3007 3043
f 3008 3044 3045
f 2974 3009 3046
f 3047 3011 2975
f 2976 3011 3039
f 2979 3013 3048
f 3049 3013 2981
f 3015 3050 3051
f 3016 2982 3012
f 3052 3017 2983
f 3017 3053 3019
f 3018 2986 3020
f 3055 3020 3019
f 3054 3050 3015
f 2987 2996 3029
f 2989 3021 3057
f 2992 3025 3058
f 3024 3023 3060
f 2994 3026 3061
f 3059 3027 2993
f 3026 3027 3062
f 3058 3064 3028
f 3065 3029 3028
f 3066 3067 3031
f 3068 3032 2998
f 3034 3069 3033
f 3000 3033 3070
f 3004 3036 3038
f 3074 3036 3035
f 3078 3040 3039
f 3042 3041 3040
f 3007 3042 3079
f 3008 3043 3080
f 3081 3045 3044
f 3009 3045 3083
f 3010 3046 3084
f 3077 3039 3011
f 3085 3048 3013
f 3014 3051 3086
f 3050 3087 3088
f 3052 3016 3048
f 3052 3089 3053
f 3053 3090 3056
f 3091 3054 3020
f 3056 3092 3093
f 3087 3050 3054
f 3065 3057 3021
f 3057 3094 3060
f 3095 3058 3025
f 3059 3060 3096
f 3061 3026 3063
f 3097 3062 3027
f 3099 3100 3063
f 3101 3064 3058
f 3064 3101 3102
f 3066 3103 3104
f 3105 3068 3031
f 3107 3032 3068
f 3034 3071 3108
f 3033 3069 3109
f 3070 3110 3072
f 3111 3071 3037
f 3002 3072 3103
f 3036 3074 3076
f 3112 3113 3074
f 3106 3073 3035
f 3075 3076 3074
f 3116 3078 3077
f 3079 3042 3078
f 3118 3080 3043
f 3119 3083 3045
f 3120 3081 3082
f 3122 3084 3046
f 3047 3084 3117
f 3123 3085 3049
f 3051 3088 3124
f 3087 3125 3126
f 3085 3123 3089
f 3089 3127 3090
f 3092 3056 3090
f 3055 3093 3129
f 3093 3092 3131
f 3091 3129 3125
f 3065 3102 3094
f 3096 3060 3094
f 3061 3098 3133
f 3134 3135 3097
f 3063 3100 3136
f 3099 3062 3097
f 3137 3138 3100
f 3095 3133 3139
f 3140 3102 3101
f 3067 3104 3141
f 3068 3105 3142
f 3111 3143 3108
f 3144 3109 3069
f 5175 3114 3145
f 3146 3113 3112
f 3106 3148 3112
f 3075 3113 3149
f 3150 5180 5178
f 3117 3151 3152
f 3116 3152 3118
f 3153 3154 3080
f 3155 3119 3081
f 3119 3156 3157
f 3158 3159 3121
f 3121 3160 3161
f 3151 3117 3084
f 3086 3124 3162
f 3088 3126 3163
f 3126 3125 3165
f 3123 3162 3127
f 3090 3127 3166
f 3131 3092 3128
f 3130 3168 3129
f 3130 3131 3169
f 3125 3129 3168
f 3102 3171 3132
f 3132 3172 3134
f 3133 3098 3136
f 3174 3135 3134
f 3137 3099 3135
f 3137 3175 3176
f 3139 3133 3173
f 3139 3177 3178
f 3104 3179 3180
f 3181 3142 3105
f 3142 3182 3183
f 3111 3145 3184
f 3186 3108 3143
f 3110 3109 3144
f 3187 3145 3114
f 3148 3188 3147
f 3146 3147 3189
f 3183 3191 3148
f 3115 3149 3193
f 3196 3152 3151
f 3153 3118 3152
f 3158 3154 3153
f 3120 3161 3198
f 3119 3155 3199
f 3195 3157 3156
f 3197 3201 3159
f 3160 3121 3159
f 3204 3161 3160
f 3195 3151 3122
f 3163 3205 3162
f 3206 3163 3126
f 3164 3165 3207
f 3127 3162 3205
f 3209 3167 3128
f 3131 3167 3210
f 3170 3211 3168
f 3170 3169 3213
f 3211 3207 3165
f 3214 3172 3132
f 3173 3136 3138
f 3215 3174 3172
f 3174 3215 3175
f 3175 3216 3217
f 3176 3217 3177
f 3178 3177 3218
f 3179 3144 3186
f 3141 3180 3220
f 3181 3221 3182
f 3182 3222 3191
f 3223 3184 3145
f 3185 3143 3184
f 3225 3186 3185
f 3227 3187 5179
f 3188 3148 3191
f 3229 3147 3188
f 3190 3189 3231
f 3190 3193 3149
f 3150 3193 3233
f 3195 3200 3235
f 3196 3235 3197
f 3236 3198 3161
f 3237 3199 3155
f 3156 3199 3238
f 3201 3197 3235
f 3202 3159 3201
f 3203 3160 3202
f 3242 3204 3203
f 3206 3244 3205
f 3206 3164 3208
f 3208 3207 3246
f 3166 3205 3244
f 3167 3209 3248
f 3249 3213 3169
f 3212 3250 3211
f 3212 3213 3251
f 3250 3246 3207
f 3214 3171 3140
f 3253 3254 3215
f 3215 3254 3216
f 3217 3216 3256
f 3253 3178 3219
f 3225 3220 3180
f 3258 3259 3221
f 3260 3222 3182
f 3228 3191 3222
f 3262 3224 3184
f 3263 3223 3187
f 3224 3264 3226
f 3226 3265 3266
f 3267 3227 3192
f 3228 3268 3230
f 3270 3229 3230
f 3270 3231 3189
f 3271 3272 3232
f 3193 3190 3232
f 3273 3234 3194
f 3239 3235 3200
f 3236 3274 3237
f 3275 3236 3204
f 3276 3238 3199
f 3239 3277 3240
f 3241 3202 3240
f 3241 3279 3243
f 3243 3280 3281
f 3244 3206 3245
f 3245 3208 3247
f 3284 3285 3247
f 3282 3248 3209
f 3210 3248 3286
f 3287 3251 3213
f 3252 3288 3250
f 3252 3251 3290
f 3246 3250 3288
f 3257 3291 3254
f 3216 3254 3291
f 3292 3218 3217
f 3255 3256 3293
f 3257 3219 3296
f 3266 3258 3220
f 3259 3258 3266
f 3298 3260 3221
f 3299 3261 3222
f 3228 3261 3300
f 3262 3301 3264
f 3223 3263 3302
f 3227 3267 3303
f 3265 3226 3264
f 3266 3265 3305
f 3269 3230 3268
f 3269 3308 3309
f 3271 3231 3270
f 3310 3311 3272
f 3233 3232 3272
f 3234 3273 3312
f 3277 3239 3238
f 3275 3313 3274
f 3276 3237 3274
f 3281 3315 3275
f 3278 3240 3277
f 3279 3241 3278
f 3280 3243 3279
f 3280 3319 3320
f 3282 3245 3283
f 3283 3247 3285
f 3323 3324 3285
f 3321 3286 3248
f 3325 3287 3249
f 3326 3290 3251
f 3288 3252 3289
f 3328 3289 3290
f 3323 3284 3288
f 3330 3291 3257
f 3256 3291 3331
f 3292 3255 3294
f 3294 3293 3333
f 3292 3332 3296
f 3296 3335 3336
f 3337 3298 3259
f 3338 3299 3260
f 3261 3299 3339
f 3300 3340 3307
f 3302 3341 3301
f 3342 3304 3264
f 3302 3263 3303
f 3344 3303 3267
f 3265 3304 3345
f 3297 3305 3346
f 3307 3348 3308
f 3349 3309 3308
f 3351 3310 3271
f 3311 3310 3352
f 3311 3312 3273
f 8445 3312 3354
f 3314 3316 3277
f 3313 3275 3315
f 3314 3274 3313
f 3357 3315 3281
f 3317 3278 3316
f 3317 3359 3318
f 3318 3360 3319
f 3361 3320 3319
f 3322 3363 3321
f 3322 3285 3324
f 3365 3366 3324
f 3286 3321 3363
f 3367 3326 3287
f 3326 3368 3329
f 3289 3328 3369
f 3370 3328 3329
f 3327 3369 3365
f 3330 3295 3336
f 3293 3331 3373
f 3334 3374 3332
f 3375 3376 3334
f 3332 3374 3335
f 3378 3336 3335
f 3379 3338 3298
f 3380 3339 3299
f 3300 3339 3381
f 3340 3382 3348
f 3343 3383 3341
f 3301 3341 3384
f 3385 3345 3304
f 3343 3303 3344
f 3347 3387 3344
f 3305 3345 3388
f 3337 3346 3389
f 3348 3391 3350
f 3350 3392 3393
f 3394 3352 3310
f 3352 3395 3396
f 3353 3354 3312
f 3397 8528 8485
f 3356 3358 3316
f 3355 3315 3399
f 3355 3400 3356
f 3357 3320 3361
f 3358 3402 3359
f 3360 3318 3359
f 3360 3404 3362
f 3361 3362 3405
f 3364 3407 3363
f 3324 3366 3408
f 3409 3410 3366
f 3407 3367 3325
f 3326 3367 3411
f 3371 3329 3368
f 3413 3369 3328
f 3370 3371 3414
f 3365 3369 3413
f 3372 3336 3378
f 3372 3373 3331
f 3333 3373 3417
f 3418 3374 3334
f 3419 3420 3376
f 3377 3335 3374
f 3377 3421 3422
f 3423 3380 3338
f 3339 3380 3424
f 3381 3425 3382
f 3391 3348 3382
f 3342 3384 3427
f 3428 3388 3345
f 3386 3344 3387
f 3390 3430 3387
f 3431 3389 3346
f 3379 3389 3432
f 3391 3434 3392
f 3436 3393 3392
f 3393 3394 3351
f 3394 3437 3395
f 3395 3438 3439
f 3396 3397 3354
f 8528 3397 3440
f 3356 3400 3402
f 3400 3355 3398
f 3398 3399 3443
f 3361 3406 3445
f 3401 3443 3399
f 3403 3359 3402
f 3403 3447 3404
f 3362 3404 3448
f 3406 3405 3450
f 3408 3451 3407
f 3410 3452 3408
f 3453 3454 3410
f 3451 3411 3367
f 3368 3411 3455
f 3456 3414 3371
f 3413 3370 3415
f 3415 3414 3459
f 3457 3453 3409
f 3460 3416 3378
f 3416 3417 3373
f 3375 3417 3461
f 3418 3376 3420
f 3463 3464 3420
f 3418 3462 3421
f 3422 3421 3466
f 3467 3424 3380
f 3381 3424 3468
f 3426 3382 3425
f 3391 3426 3470
f 3384 3383 3471
f 3472 3428 3385
f 3388 3428 3473
f 3429 3387 3430
f 3386 3429 3475
f 3476 3430 3390
f 3477 3432 3389
f 3423 3432 3478
f 3433 5188 5189
f 3435 3392 3434
f 3435 3481 3482
f 3437 3394 3393
f 3437 3483 3438
f 3485 3439 3438
f 3397 3396 3439
f 3440 3486 3441
f 3442 3446 3402
f 3442 3398 3444
f 3489 3490 3444
f 3445 3406 3449
f 3445 3489 3443
f 3403 3446 3492
f 3493 3448 3404
f 3405 3448 3494
f 3449 3450 3495
f 3451 3408 3452
f 3454 3498 3452
f 3499 3500 3454
f 3497 3455 3411
f 3501 3456 3412
f 3414 3456 3502
f 3457 3415 3458
f 3504 3505 3458
f 3503 3499 3453
f 3465 3506 3460
f 3417 3416 3460
f 3461 3507 3508
f 3462 3420 3464
f 3464 3463 3511
f 3421 3462 3509
f 3465 3466 3512
f 3514 3468 3424
f 3425 3468 3515
f 3516 3470 3426
f 3434 3470 3517
f 3428 3472 3518
f 3431 3473 3519
f 3520 3474 3430
f 3474 3521 3475
f 3433 3479 3522
f 3478 3432 3477
f 3467 3478 3524
f 3480 3526 3481
f 3528 3482 3481
f 3436 3482 3483
f 3484 3438 3483
f 3484 3530 3531
f 3486 3440 3439
f 3486 3532 3487
f 3488 3492 3446
f 3488 3444 3490
f 3535 3536 3490
f 3491 3449 3496
f 3491 3535 3489
f 3447 3492 3538
f 3539 3494 3448
f 3540 3495 3450
f 3541 3542 3496
f 3497 3452 3498
f 3544 3498 3454
f 3500 3499 3546
f 3501 3455 3497
f 3547 3502 3456
f 3459 3502 3548
f 3503 3458 3505
f 3504 3550 3551
f 3549 3546 3499
f 3513 3552 3506
f 3461 3460 3506
f 3507 3553 3554
f 3510 3555 3509
f 3463 3508 3554
f 3511 3556 3557
f 3509 3555 3558
f 3559 3560 3513
f 3514 3561 3515
f 3562 3516 3469
f 3563 3517 3470
f 3517 3564 3526
f 3566 3519 3473
f 3523 3477 3519
f 3568 3520 3476
f 3474 3520 3569
f 3570 3471 3475
f 3571 3522 3479
f 3561 3514 3524
f 5192 3573 3525
f 3527 3481 3526
f 3575 3528 3527
f 3482 3528 3529
f 3529 3577 3530
f 3530 3578 3579
f 3485 3531 3532
f 3533 3487 3532
f 3534 3538 3492
f 3534 3490 3536
f 3536 3535 3584
f 3584 3535 3491
f 3537 3496 3542
f 3493 3538 3586
f 3494 3539 3587
f 3588 3541 3495
f 3541 3589 3590
f 3543 3498 3544
f 3545 3592 3544
f 3545 3546 3593
f 3501 3543 3591
f 3502 3547 3595
f 3504 3548 3596
f 3505 3551 3597
f 3550 3598 3599
f 3597 3593 3546
f 3552 3513 3560
f 3553 3507 3506
f 3553 3601 3602
f 3557 3603 3555
f 3511 3554 3602
f 3556 3604 3605
f 3555 3603 3606
f 3558 3606 3559
f 3560 3559 3608
f 3562 3515 3561
f 3610 3563 3516
f 3611 3564 3517
f 3574 3526 3564
f 3613 3567 3519
f 3518 3565 3614
f 3567 3615 3616
f 3568 3617 3569
f 3618 3568 3522
f 3619 3620 3570
f 3525 3573 3621
f 3572 3623 3609
f 3572 3524 3622
f 3574 3626 3576
f 3577 3529 3528
f 3576 3627 3628
f 3577 3629 3578
f 3579 3578 3630
f 3531 3579 3580
f 3533 3580 3632
f 3582 3586 3538
f 3583 3634 3582
f 3583 3584 3636
f 3585 3636 3584
f 3590 3637 3585
f 3638 3587 3539
f 3540 3587 3639
f 3640 3589 3541
f 3589 3641 3642
f 3591 3544 3592
f 3594 3644 3592
f 3645 3646 3594
f 3643 3595 3547
f 3548 3595 3647
f 3596 3648 3598
f 3551 3599 3649
f 3651 3599 3598
f 3649 3645 3593
f 3607 3652 3600
f 3552 3600 3601
f 3653 3654 3602
f 3605 3655 3603
f 3602 3654 3604
f 3657 3605 3604
f 3606 3603 3655
f 3658 3608 3559
f 3608 3659 3660
f 3609 3661 3610
f 3662 3611 3563
f 3663 3612 3564
f 3626 3574 3612
f 3613 3665 3615
f 3566 3614 3666
f 3565 3570 3620
f 3615 3667 3668
f 3618 3669 3617
f 3617 3670 3619
f 3571 3621 3671
f 3670 3672 3620
f 3573 3625 3673
f 3624 3674 3623
f 3623 3675 3661
f 3616 3668 3624
f 3627 3576 3626
f 3575 3628 3629
f 3678 3628 3627
f 3680 3630 3578
f 3681 3682 3631
f 3580 3579 3631
f 3632 3683 3633
f 3634 3638 3586
f 3635 3685 3634
f 3635 3636 3686
f 3686 3636 3585
f 3637 3590 3642
f 3689 3639 3587
f 3690 3640 3588
f 3589 3640 3691
f 3642 3641 3693
f 3644 3694 3643
f 3695 3644 3594
f 3646 3645 3697
f 3595 3643 3694
f 3647 3698 3648
f 3650 3598 3648
f 3599 3651 3700
f 3702 3651 3650
f 3660 3703 3652
f 3601 3600 3652
f 3704 3705 3654
f 3605 3657 3706
f 3705 3656 3604
f 3656 3707 3708
f 3655 3706 3709
f 3658 3709 3659
f 3710 3711 3660
f 3662 3610 3661
f 3611 3662 3713
f 3663 3714 3664
f 3664 3715 3677
f 3613 3666 3716
f 3667 3615 3665
f 3614 3620 3672
f 3718 3668 3667
f 3720 3721 3669
f 3670 3617 3669
f 3621 3673 3723
f 3722 3724 3672
f 3676 3725 3673
f 3674 3624 3668
f 3675 3623 3674
f 3712 3661 3675
f 3677 3729 3679
f 3678 3680 3629
f 3679 3730 3731
f 3630 3680 3732
f 3733 3734 3682
f 3632 3631 3682
f 3638 3634 3685
f 3687 3737 3685
f 3738 3739 3687
f 3688 3738 3686
f 3688 3642 3692
f 3639 3689 3741
f 3742 3691 3640
f 3743 3693 3641
f 3692 3693 3745
f 3695 3746 3694
f 3747 3695 3646
f 3700 3748 3697
f 3696 3697 3749
f 3694 3746 3698
f 3699 3648 3698
f 3701 3650 3699
f 3748 3700 3651
f 3753 3754 3702
f 3711 3755 3703
f 3653 3652 3703
f 3704 3756 3757
f 3758 3706 3657
f 3705 3757 3707
f 3759 3708 3707
f 3761 3709 3706
f 3710 3659 3709
f 3762 3763 3711
f 3662 3712 3764
f 3765 3714 3663
f 3714 3766 3715
f 3729 3677 3715
f 3666 3672 3724
f 3768 3717 3665
f 3719 3667 3717
f 3719 3770 3771
f 3772 3773 3721
f 3722 3669 3721
f 3775 3723 3673
f 3720 3671 3723
f 3774 3776 3724
f 3728 3777 3725
f 3718 3771 3726
f 3727 3778 3764
f 3729 3780 3730
f 3731 3732 3680
f 3781 3731 3730
f 3732 3783 3733
f 3784 3734 3733
f 3734 3736 3683
f 3737 3741 3689
f 3737 3687 3739
f 3738 3788 3789
f 3740 3788 3738
f 3744 3790 3740
f 3690 3741 3791
f 3792 3743 3691
f 3793 3745 3693
f 3745 3794 3795
f 3746 3695 3747
f 3696 3750 3797
f 3697 3748 3798
f 3799 3800 3750
f 3796 3751 3698
f 3751 3801 3752
f 3752 3802 3753
f 3702 3754 3798
f 3803 3754 3753
f 3763 3804 3755
f 3703 3755 3756
f 3805 3757 3756
f 3708 3759 3806
f 3760 3707 3757
f 3760 3807 3808
f 3758 3806 3809
f 3710 3761 3809
f 3810 3811 3763
f 3713 3764 3812
f 3766 3714 3765
f 3767 3715 3766
f 3815 3780 3729
f 3716 3724 3776
f 3768 3816 3769
f 3769 3817 3770
f 3819 3771 3770
f 3774 3721 3773
f 3772 3723 3775
f 3725 3777 3822
f 3776 3774 3820
f 3779 3824 3777
f 3726 3771 3819
f 3826 3812 3764
f 3782 3730 3780
f 3783 3732 3731
f 3781 3782 3829
f 3783 3831 3785
f 3784 3786 3736
f 3833 3784 3785
f 3787 3791 3741
f 3739 3789 3836
f 3837 3838 3789
f 3740 3790 3837
f 3790 3744 3795
f 3840 3792 3742
f 3793 3743 3792
f 3842 3794 3745
f 3843 3795 3794
f 3796 3747 3797
f 3847 3797 3750
f 3799 3803 3848
f 3845 3801 3751
f 3802 3752 3801
f 3798 3754 3803
f 3849 3848 3803
f 3804 3763 3811
f 3804 3850 3851
f 3759 3808 3852
f 3805 3851 3807
f 3854 3808 3807
f 3809 3806 3852
f 3855 3810 3762
f 3857 3811 3810
f 3765 3812 3858
f 3813 3859 3814
f 3860 3815 3767
f 3828 3780 3815
f 3768 3776 3823
f 3816 3862 3817
f 3818 3770 3817
f 3864 3865 3819
f 3820 3773 3866
f 3775 3822 3868
f 3869 3822 3777
f 3867 3870 3823
f 3827 3871 3824
f 3825 3819 3865
f 3778 3825 3872
f 3873 3858 3812
f 3828 3875 3829
f 3781 3830 3831
f 3877 3830 3829
f 3832 3785 3831
f 3786 3784 3833
f 3879 3880 3833
f 3791 3787 3836
f 3836 3789 3838
f 3838 3837 3885
f 3885 3837 3790
f 3839 3795 3843
f 3792 3840 3887
f 3841 3888 3842
f 3794 3842 3889
f 3891 3843 3844
f 3845 3797 3847
f 3893 3894 3847
f 3800 3848 3895
f 3849 3896 3895
f 3897 3850 3811
f 3897 3898 3851
f 3899 3852 3808
f 3853 3807 3851
f 3900 3901 3854
f 3855 3852 3899
f 3855 3902 3856
f 3856 3903 3904
f 3814 3859 3905
f 3906 3861 3815
f 3875 3828 3861
f 3870 3862 3816
f 3863 3817 3862
f 3863 3909 3864
f 3910 3911 3865
f 3912 3867 3866
f 3822 3869 3914
f 3869 3824 3871
f 3916 3870 3867
f 3871 3827 3874
f 3911 3918 3872
f 3826 3872 3918
f 3919 3859 3858
f 3881 3920 3874
f 3876 3829 3875
f 3878 3831 3830
f 3923 3877 3876
f 3878 3924 3879
f 3835 3833 3880
f 3925 3926 3880
f 3887 3840 3836
f 3838 3884 3929
f 3885 3930 3931
f 3886 3930 3885
f 3891 3932 3886
f 3841 3887 3933
f 3934 3889 3842
f 3844 3889 3935
f 3891 3890 3937
f 3849 3845 3892
f 3847 3894 3938
f 3939 3940 3894
f 3941 3846 3895
f 3942 3895 3896
f 3857 3904 3944
f 3945 3946 3898
f 3947 3899 3854
f 3853 3898 3946
f 3949 3901 3900
f 3950 3902 3899
f 3902 3950 3903
f 3903 3951 3952
f 3919 3953 3905
f 3860 3905 3954
f 3906 3955 3907
f 3921 3875 3907
f 3862 3870 3916
f 3908 3957 3909
f 3864 3909 3958
f 3959 3960 3911
f 3868 3914 3913
f 3912 3913 3961
f 3963 3914 3869
f 3915 3871 3917
f 3912 3962 3965
f 3917 3874 3920
f 3918 3911 3960
f 3967 3919 3873
f 3968 3920 3881
f 3922 3876 3921
f 3877 3923 3924
f 3922 3970 3971
f 3972 3925 3879
f 3928 3882 3880
f 3929 3933 3887
f 3884 3931 3974
f 3931 3930 3975
f 3932 3975 3930
f 3932 3891 3936
f 3888 3933 3978
f 3979 3935 3889
f 3890 3935 3980
f 3981 3982 3936
f 3943 3896 3892
f 3983 3938 3894
f 3984 3985 3940
f 3986 3939 3893
f 3942 3987 3986
f 3987 3942 3943
f 3989 3944 3904
f 3946 3945 3991
f 3992 3947 3901
f 3990 3948 3900
f 3993 3994 3949
f 3995 3950 3947
f 3950 3995 3951
f 3997 3952 3951
f 3967 3998 3953
f 3954 3905 3953
f 3954 3999 3955
f 3956 3907 3955
f 3956 4001 3969
f 3908 3916 3965
f 3909 3957 4002
f 3910 3958 4003
f 3960 3959 4004
f 3961 3913 3914
f 4006 4007 3962
f 3964 4008 3963
f 3964 3917 3966
f 3965 3962 4007
f 4011 3966 3920
f 3967 3960 4005
f 3927 3973 4012
f 3969 4013 3970
f 3924 3923 3971
f 4015 3971 3970
f 3925 3972 4016
f 3926 4018 5197
f 3974 3978 3933
f 3976 4020 3974
f 3976 3975 4021
f 3977 4021 3975
f 4023 3977 3936
f 3934 3978 4024
f 3980 3935 3979
f 3981 3937 3980
f 4027 4028 3982
f 3943 3938 4029
f 3940 3985 4030
f 3986 4031 3984
f 3985 3984 4033
f 3987 4034 4031
f 3988 4035 4034
f 3989 3991 3945
f 3997 4036 3989
f 3990 3991 4037
f 3949 3994 4039
f 4038 3993 3948
f 3996 3951 3995
f 4041 4042 3997
f 3998 4043 3999
f 4000 4044 4001
f 4013 3969 4001
f 4010 4002 3957
f 3958 4002 4046
f 4047 4004 3959
f 4004 4048 3998
f 3961 3963 4008
f 4049 4050 4007
f 4009 4051 4008
f 4011 4052 4009
f 4050 4053 4010
f 4011 3968 4012
f 4055 4012 3973
f 4014 3970 4013
f 4015 4016 3972
f 4057 4058 4015
f 4060 4017 4016
f 4020 4024 3978
f 4020 3976 4022
f 4064 4065 4022
f 4023 4064 4021
f 4023 3982 4028
f 4067 4025 3979
f 4026 3980 4025
f 4026 4069 4027
f 4027 4070 4071
f 3988 4029 4072
f 3985 4032 4073
f 4030 4072 4029
f 4074 4033 3984
f 4076 4032 4033
f 4034 4077 4074
f 4035 4078 4077
f 4079 4036 3997
f 4037 3991 4036
f 4080 4081 4038
f 4082 4039 3994
f 3993 4038 4081
f 3996 4040 4082
f 4041 4084 4085
f 4043 3998 4048
f 4088 4044 4000
f 4045 4001 4044
f 4090 4056 4013
f 4002 4010 4053
f 4003 4046 4091
f 4092 4048 4004
f 4006 4008 4051
f 4093 4094 4050
f 4051 4009 4052
f 4052 4011 4054
f 4094 4097 4053
f 4098 4054 4012
f 4014 4056 4100
f 4058 4059 4016
f 4101 4102 4058
f 4060 4059 4103
f 4061 4018 4060
f 4067 4024 4020
f 4105 4063 4022
f 4065 4064 4107
f 4023 4066 4107
f 4028 4071 4108
f 4109 4068 4025
f 4110 4069 4026
f 4069 4111 4070
f 4070 4112 4113
f 4072 4114 4078
f 4032 4076 4115
f 4073 4114 4072
f 4116 4075 4033
f 4075 4117 4118
f 4074 4077 4119
f 4119 4077 4078
f 4079 4042 4085
f 4080 4037 4079
f 4081 4080 4123
f 4039 4082 4040
f 4125 4082 4083
f 4125 4084 4041
f 4126 4127 4085
f 4128 4086 4048
f 4088 4129 4089
f 4088 4087 4086
f 4045 4089 4130
f 4046 4053 4097
f 4047 4091 4131
f 4049 4051 4095
f 4132 4133 4094
f 4096 4134 4095
f 4098 4135 4096
f 4136 4097 4094
f 4055 4099 4137
f 4057 4100 4139
f 4101 4140 4141
f 4105 4109 4067
f 4065 4106 4144
f 4107 4145 4146
f 4066 4108 4145
f 4147 4108 4071
f 4068 4109 4148
f 4110 4149 4111
f 4111 4150 4112
f 4113 4112 4152
f 4078 4114 4153
f 4115 4076 4118
f 4114 4073 4115
f 4155 4117 4075
f 4117 4156 4157
f 4116 4119 4158
f 4159 4158 4119
f 4121 4085 4127
f 4160 4123 4080
f 4124 4081 4122
f 4122 4123 4163
f 4124 4161 4164
f 4084 4125 4164
f 4165 4166 4127
f 4092 4131 4167
f 4128 4167 4129
f 4089 4129 4168
f 4169 4090 4130
f 4131 4091 4136
f 4093 4095 4134
f 4172 4173 4133
f 4135 4174 4134
f 4137 4175 4135
f 4171 4136 4133
f 4176 4137 4099
f 4139 4100 4178
f 4101 4139 4180
f 4141 4140 4181
f 4144 4148 4109
f 4146 4184 4144
f 4185 4146 4145
f 4108 4147 4186
f 4147 4113 4151
f 4148 4188 4149
f 4189 4150 4111
f 4150 4190 4152
f 4151 4152 4191
f 4193 4159 4120
f 4154 4193 4153
f 4154 4118 4157
f 4156 4117 4155
f 4197 4157 4156
f 4198 4195 4155
f 4158 4159 4199
f 4166 4200 4160
f 4200 4163 4123
f 4201 4161 4122
f 4162 4163 4202
f 4204 4164 4161
f 4126 4164 4204
f 4205 4206 4166
f 4207 4167 4131
f 4208 4170 4130
f 4178 4169 4170
f 4132 4134 4174
f 4210 4211 4173
f 4135 4175 4212
f 4213 4175 4137
f 4171 4173 4211
f 4138 4177 4214
f 4216 4180 4139
f 4209 4217 4179
f 4182 4181 4140
f 4183 4143 4182
f 4148 4144 4184
f 4219 4184 4146
f 4221 4185 4186
f 4187 4220 4186
f 4187 4151 4192
f 4188 4223 4189
f 4189 4224 4190
f 4225 4191 4152
f 4226 4227 4192
f 4228 4199 4159
f 4194 4228 4193
f 4229 4194 4157
f 4156 4195 4230
f 4196 4231 4232
f 4233 4230 4195
f 4198 4199 4234
f 4200 4166 4206
f 4235 4202 4163
f 4236 4201 4162
f 4203 4202 4237
f 4239 4204 4201
f 4239 4205 4165
f 4205 4240 4241
f 4208 4243 4209
f 4168 4242 4244
f 4172 4174 4212
f 4245 4244 4211
f 4212 4175 4213
f 4247 4213 4176
f 4207 4211 4244
f 4248 4214 4177
f 4217 4249 4216
f 4218 4182 4180
f 4243 4250 4217
f 4218 4248 4215
f 4223 4188 4184
f 4251 4219 4185
f 4220 4252 4253
f 4222 4252 4220
f 4222 4192 4227
f 4255 4224 4189
f 4225 4190 4224
f 4257 4226 4191
f 4258 4259 4227
f 4234 4199 4228
f 4260 4228 4194
f 4197 4232 4261
f 4262 4231 4196
f 4232 4231 4264
f 4230 4233 4265
f 4266 4265 4233
f 4267 4235 4206
f 4237 4202 4235
f 4236 4203 4238
f 4269 4270 4238
f 4268 4271 4239
f 4239 4271 4240
f 4273 4241 4240
f 4244 4245 4243
f 4246 4245 4210
f 4247 4250 4246
f 4249 4247 4214
f 4247 4249 4217
f 4248 4218 4216
f 4250 4243 4245
f 4255 4223 4219
f 4221 4253 4274
f 4252 4275 4276
f 4252 4222 4254
f 4254 4227 4259
f 4256 4224 4255
f 4225 4256 4279
f 4280 4258 4226
f 4281 4282 4259
f 4266 4234 4260
f 4229 4261 4283
f 4284 4261 4232
f 4285 4264 4231
f 4263 4264 4287
f 4262 4265 4288
f 4289 4288 4265
f 4241 4273 4290
f 4267 4290 4269
f 4268 4238 4270
f 4292 4293 4270
f 4294 4271 4268
f 4272 4240 4271
f 4272 4295 4296
f 4274 4278 4255
f 4297 4274 4253
f 4298 4276 4275
f 4299 4275 4254
f 4300 4277 4259
f 4278 4301 4279
f 4302 4280 4257
f 4303 4281 4258
f 4304 4282 4281
f 4283 4306 4307
f 4283 4261 4284
f 4286 4308 4284
f 4309 4287 4264
f 4287 4310 4311
f 4285 4288 4312
f 4313 4312 4288
f 4296 4314 4290
f 4269 4290 4314
f 4291 4270 4293
f 4293 4292 4317
f 4294 4315 4295
f 4296 4295 4319
f 4274 4297 4301
f 4320 4297 4276
f 4299 4321 4322
f 4277 4300 4321
f 4300 4282 4304
f 4302 4279 4301
f 4325 4303 4280
f 4303 4326 4305
f 4328 4304 4305
f 4306 4329 4330
f 4306 4284 4308
f 4311 4331 4308
f 4309 4332 4310
f 4310 4333 4334
f 4312 4335 4332
f 4307 4330 4313
f 4335 4312 4313
f 4318 4337 4314
f 4292 4314 4337
f 4315 4293 4316
f 4339 4340 4316
f 4338 4319 4295
f 4318 4319 4342
f 4297 4320 4324
f 4298 4322 4343
f 4344 4345 4322
f 4323 4344 4321
f 4323 4304 4328
f 4302 4324 4347
f 4325 4348 4326
f 4327 4305 4326
f 4327 4350 4351
f 4352 4353 4330
f 4329 4308 4331
f 4311 4334 4354
f 4333 4310 4332
f 4357 4334 4333
f 4355 4332 4335
f 4336 4313 4330
f 4358 4335 4336
f 4341 4360 4337
f 4317 4337 4360
f 4338 4316 4340
f 4362 4363 4340
f 4361 4342 4319
f 4342 4364 4365
f 4324 4320 4343
f 4366 4343 4322
f 4367 4368 4345
f 4346 4367 4344
f 4346 4328 4351
f 4348 4325 4347
f 4349 4326 4348
f 4349 4372 4350
f 4373 4374 4351
f 4375 4353 4352
f 4331 4354 4376
f 4377 4378 4354
f 4355 4379 4356
f 4356 4380 4381
f 4355 4358 4382
f 4359 4336 4353
f 4359 4383 4382
f 4341 4365 4384
f 4339 4360 4384
f 4363 4385 4361
f 4363 4362 4386
f 4342 4361 4385
f 4364 4388 4389
f 4370 4347 4343
f 4366 4345 4368
f 4391 4392 4368
f 4369 4391 4367
f 4369 4351 4374
f 4370 4394 4371
f 4371 4395 4372
f 4373 4350 4372
f 4373 4396 4397
f 4376 4398 4399
f 4376 4354 4378
f 4377 4400 4401
f 4356 4379 4402
f 4380 4403 4404
f 4357 4381 4400
f 4402 4379 4382
f 4375 4399 4383
f 4383 4406 4405
f 4365 4389 4407
f 4407 4386 4362
f 4387 4408 4385
f 4409 4387 4386
f 4385 4408 4388
f 4388 4411 4412
f 4366 4390 4394
f 4390 4368 4392
f 4392 4391 4415
f 4415 4391 4369
f 4393 4374 4397
f 4394 4417 4395
f 4395 4418 4396
f 4397 4396 4418
f 4420 4421 4399
f 4378 4401 4420
f 4422 4401 4400
f 4402 4424 4403
f 4425 4426 4404
f 4423 4400 4381
f 4424 4402 4405
f 4406 4383 4399
f 4427 4405 4406
f 4429 4407 4389
f 4410 4386 4407
f 4430 4408 4387
f 4432 4409 4410
f 4411 4388 4408
f 4412 4411 4434
f 4390 4413 4417
f 4414 4435 4413
f 4416 4414 4415
f 4397 4419 4436
f 4438 4419 4418
f 4439 4440 4421
f 4422 4439 4420
f 4441 4442 4422
f 4403 4424 4443
f 4444 4445 4426
f 4423 4404 4426
f 4446 4443 4424
f 4406 4421 4440
f 4447 4446 4427
f 4448 4429 4412
f 4431 4410 4429
f 4449 4430 4409
f 4450 4451 4432
f 4434 4411 4430
f 4417 4413 4453
f 4416 4436 4435
f 4453 4413 4435
f 4419 4438 4455
f 4456 4438 4437
f 4452 4437 4418
f 4458 4440 4439
f 4422 4442 4459
f 4442 4441 4461
f 4425 4443 4462
f 4445 4444 4464
f 4441 4426 4445
f 4465 4462 4443
f 4440 4458 4447
f 4465 4446 4447
f 4431 4448 4467
f 4468 4469 4451
f 4452 4453 4471
f 4435 4436 4455
f 4473 4471 4453
f 4474 4455 4438
f 4452 4472 4457
f 4457 4475 4476
f 4459 4477 4478
f 4477 4459 4442
f 4460 4461 4479
f 4462 4481 4464
f 4463 4479 4461
f 4482 4463 4464
f 4465 4484 4481
f 4458 4478 4466
f 4466 4485 4484
f 4468 4487 4488
f 4469 4489 4470
f 4490 4472 4471
f 4473 4454 4455
f 4473 4492 4491
f 4476 4493 4474
f 4475 4457 4472
f 4494 4476 4475
f 4496 4478 4477
f 4498 4480 4479
f 4483 4464 4481
f 4497 4479 4463
f 4500 4482 4483
f 4484 4502 4499
f 4485 4466 4478
f 4503 4502 4484
f 4504 4505 4487
f 4487 4506 4507
f 4469 4508 4509
f 4491 4510 4511
f 4473 4474 4493
f 4512 4510 4491
f 4494 4513 4493
f 4490 4511 4495
f 4495 4514 4515
f 4480 4498 4516
f 4497 4517 4518
f 4501 4483 4499
f 4482 4500 4517
f 4520 4519 4499
f 4503 4485 4496
f 4521 4520 4502
f 4504 4486 4489
f 4467 4486 4504
f 4522 4523 4505
f 4505 4524 4506
f 4526 4507 4506
f 4528 4509 4508
f 4511 4510 4529
f 4492 4493 4513
f 4531 4529 4510
f 4494 4515 4532
f 4514 4495 4511
f 4514 4533 4534
f 4535 4516 4498
f 4518 4517 4536
f 4538 4539 4501
f 4500 4539 4536
f 4519 4520 4540
f 4503 4516 4535
f 4520 4521 4541
f 4509 4528 4523
f 4505 4523 4542
f 4506 4524 4543
f 4525 4544 4545
f 4507 4526 4547
f 4548 4546 4528
f 4550 4530 4529
f 4512 4513 4532
f 4529 4531 4551
f 4515 4534 4552
f 4530 4550 4533
f 4537 4553 4535
f 4554 4537 4536
f 4538 4556 4557
f 4539 4557 4555
f 4540 4558 4556
f 4553 4541 4521
f 4541 4559 4558
f 4542 4523 4528
f 4524 4542 4560
f 4543 4561 4544
f 4545 4544 4562
f 4546 4547 4560
f 4549 4564 4565
f 4532 4552 4566
f 4567 4564 4549
f 4552 4534 4568
f 4570 4533 4550
f 4554 4571 4553
f 4572 4573 4557
f 4558 4574 4572
f 4571 4559 4541
f 4574 4558 4559
f 4561 4543 4560
f 4562 4544 4561
f 4578 4563 4562
f 4560 4547 4580
f 4565 4564 4582
f 4583 4566 4552
f 4564 4567 4584
f 4551 4566 4583
f 4569 4568 4586
f 4587 4570 4565
f 4588 4575 4571
f 4589 4590 4573
f 4589 4572 4574
f 4591 4574 4575
f 4577 4561 4576
f 4579 4563 4578
f 4594 4581 4582
f 4583 4569 4585
f 4567 4583 4596
f 4584 4597 4595
f 4585 4586 4599
f 4600 4587 4581
f 4592 4575 4588
f 4603 4590 4589
f 4588 4573 4590
f 4589 4591 4604
f 4592 4605 4604
f 4580 4579 4593
f 4595 4606 4607
f 4608 4596 4585
f 4608 4597 4584
f 4606 4595 4597
f 4611 4599 4586
f 4599 4612 4613
f 4594 4607 4614
f 4610 4587 4600
f 4592 4601 4615
f 4616 4617 4603
f 4601 4590 4603
f 4602 4604 4618
f 4619 4618 4604
f 4607 4606 4620
f 4622 4608 4598
f 4609 4597 4608
f 4609 4623 4620
f 4599 4611 4624
f 4626 4613 4612
f 4614 4607 4621
f 4624 4611 4600
f 4605 4615 4628
f 4629 4617 4616
f 4615 4603 4617
f 4618 4631 4630
f 4619 4632 4631
f 4633 4634 4621
f 4613 4626 4635
f 4622 4635 4623
f 4636 4633 4620
f 4625 4612 4624
f 4638 4639 4626
f 4634 4640 4627
f 4614 4627 4637
f 4628 4641 4632
f 4617 4629 4641
f 4630 4642 4643
f 4644 4642 4630
f 4631 4632 4645
f 4634 4633 4647
f 4626 4639 4648
f 4636 4623 4635
f 4649 4647 4633
f 4625 4637 4650
f 4639 4638 4652
f 4640 4634 4646
f 4640 4650 4637
f 4645 4632 4641
f 4654 4641 4629
f 4655 4643 4642
f 4644 4657 4656
f 4645 4658 4657
f 4646 4647 4660
f 4661 4648 4639
f 4648 4661 4649
f 4647 4649 4662
f 4638 4650 4663
f 4651 4652 4665
f 4653 4663 4650
f 4659 4666 4653
f 4667 4658 4645
f 4667 4654 4643
f 4668 4669 4655
f 4657 4670 4668
f 4658 4671 4670
f 4659 4660 4673
f 4664 4674 4661
f 4649 4661 4674
f 4660 4662 4675
f 4652 4663 4676
f 4664 4665 4677
f 4663 4653 4666
f 4672 4679 4666
f 4680 4671 4658
f 4667 4655 4669
f 4681 4682 4669
f 4668 4670 4683
f 4670 4671 4684
f 4672 4673 4685
f 4678 4687 4674
f 4687 4675 4662
f 4685 4673 4675
f 4665 4676 4689
f 4678 4677 4690
f 4676 4666 4679
f 4686 4692 4679
f 4693 4684 4671
f 4680 4669 4682
f 4681 4694 4695
f 4694 4681 4683
f 4683 4684 4697
f 4685 4698 4699
f 4687 4678 4691
f 4700 4688 4675
f 4688 4701 4698
f 4702 4690 4677
f 4691 4690 4704
f 4692 4702 4689
f 4705 4692 4686
f 4693 4706 4697
f 4682 4695 4706
f 4708 4695 4694
f 4696 4709 4707
f 4709 4696 4697
f 4711 4699 4698
f 4700 4691 4703
f 4713 4701 4688
f 4698 4701 4714
f 4715 4704 4690
f 4704 4716 4717
f 4705 4715 4702
f 4718 4705 4699
f 4697 4706 4719
f 4695 4708 4719
f 4707 4720 4721
f 4712 4722 4723
f 4713 4703 4717
f 4724 4714 4701
f 4722 4712 4714
f 4715 4726 4716
f 4727 4717 4716
f 4705 4718 4726
f 4711 4723 4729
f 4710 4719 4731
f 4721 4731 4719
f 4720 4732 4733
f 4734 4735 4723
f 4717 4727 4736
f 4724 4736 4725
f 4725 4737 4734
f 4728 4716 4726
f 4727 4728 4740
f 4738 4726 4718
f 4729 4723 4735
f 4730 4731 4742
f 4743 4732 4720
f 4721 4733 4744
f 4735 4734 4746
f 4739 4748 4736
f 4737 4725 4736
f 4749 4746 4734
f 4740 4728 4738
f 4751 4752 4739
f 4729 4741 4750
f 4747 4753 4741
f 4731 4745 4744
f 4755 4732 4743
f 4744 4733 4756
f 4758 4759 4747
f 4752 4760 4748
f 4749 4737 4748
f 4762 4746 4749
f 4763 4751 4740
f 4752 4751 4765
f 4750 4741 4753
f 4759 4766 4753
f 4767 4742 4744
f 4768 4769 4755
f 4771 4757 4756
f 4772 4773 4759
f 4764 4774 4760
f 4749 4760 4774
f 4775 4776 4762
f 4763 4777 4765
f 4764 4765 4778
f 4763 4753 4766
f 4773 4780 4766
f 4767 4757 4771
f 4781 4782 4768
f 4769 4768 4784
f 4770 4755 4769
f 4770 4785 4786
f 4758 4762 4776
f 4787 4788 4773
f 4779 4789 4774
f 4761 4774 4789
f 4790 4776 4775
f 4792 4778 4765
f 4793 4794 4779
f 4777 4766 4780
f 4788 4795 4780
f 4771 4786 4782
f 4784 4768 4782
f 4783 4797 4785
f 4783 4784 4798
f 4797 4800 4786
f 4787 4772 4776
f 4801 4802 4788
f 4789 4779 4794
f 4803 4791 4775
f 4791 4804 4805
f 4778 4792 4806
f 4807 4808 4794
f 4792 4780 4795
f 4802 4809 4795
f 4796 4782 4786
f 4798 4784 4796
f 4799 4811 4797
f 4798 4812 4813
f 4787 4790 4805
f 4801 4814 4815
f 4803 4794 4808
f 4816 4804 4791
f 4817 4818 4805
f 4793 4806 4819
f 4807 4820 4821
f 4809 4819 4806
f 4822 4809 4802
f 4797 4811 4810
f 4810 4823 4812
f 4824 4811 4799
f 4825 4826 4813
f 4801 4805 4818
f 4814 4827 4828
f 4808 4821 4829
f 4829 4817 4804
f 4818 4817 4831
f 4819 4832 4820
f 4833 4834 4821
f 4809 4822 4832
f 4815 4828 4835
f 4824 4823 4810
f 4812 4823 4836
f 4837 4824 4813
f 4826 4825 4838
f 4814 4818 4830
f 4828 4827 4841
f 4834 4842 4829
f 4842 4831 4817
f 4830 4831 4843
f 4833 4820 4832
f 4846 4847 4834
f 4822 4835 4845
f 4840 4848 4835
f 4836 4823 4824
f 4849 4838 4825
f 4826 4839 4850
f 4839 4838 4851
f 4830 4844 4841
f 4854 4840 4841
f 4847 4855 4842
f 4855 4843 4831
f 4843 4856 4857
f 4845 4858 4846
f 4847 4846 4859
f 4848 4858 4845
f 4854 4861 4848
f 4850 4849 4836
f 4849 4862 4851
f 4850 4839 4852
f 4864 4865 4852
f 4853 4841 4844
f 4866 4867 4854
f 4847 4860 4868
f 4868 4856 4843
f 4870 4857 4856
f 4846 4858 4871
f 4872 4873 4860
f 4861 4871 4858
f 4861 4854 4867
f 4863 4862 4849
f 4864 4851 4862
f 4852 4865 4876
f 4864 4875 4877
f 4853 4857 4870
f 4860 4873 4878
f 4856 4868 4878
f 4869 4879 4880
f 4859 4871 4881
f 4872 4882 4883
f 4874 4881 4871
f 4880 4884 4866
f 4873 4883 4885
f 4878 4885 4879
f 4879 4886 4887
f 4872 4881 4888
f 4883 4882 4890
f 4891 4888 4881
f 4893 4884 4880
f 4889 4886 4885
f 4895 4887 4886
f 4882 4888 4896
f 4897 4896 4888
f 4897 4891 4884
f 4887 4895 4898
f 4889 4899 4894
f 4895 4894 4901
f 4902 4903 4896
f 4902 4897 4893
f 4900 4904 4898
f 4894 4899 4905
f 4900 4901 4906
f 4902 4908 4909
f 4898 4904 4908
f 4907 4910 4904
f 4905 4899 4903
f 4901 4905 4911
f 4912 4913 4907
f 4909 4908 4915
f 4908 4904 4910
f 4907 4913 4916
f 4905 4909 4914
f 4906 4911 4917
f 4912 4918 4919
f 4920 4914 4915
f 4921 4915 4910
f 4919 4922 4916
f 4920 4917 4911
f 4917 4923 4918
f 4924 4925 4919
f 4920 4921 4926
f 4922 4926 4921
f 4919 4925 4928
f 4920 4927 4923
f 4918 4923 4929
f 4927 4926 4930
f 4930 4926 4922
f 4925 4932 4933
f 4927 4931 4929
f 4924 4929 4934
f 4930 4935 4936
f 4928 4933 4935
f 4932 4937 4938
f 4931 4936 4934
f 4932 4934 4939
f 4940 4936 4935
f 4933 4938 4941
f 4937 4942 4943
f 4940 4939 4934
f 4939 4944 4942
f 4940 4941 4946
f 4938 4943 4946
f 4943 4942 4948
f 4944 4939 4940
f 4949 4948 4942
f 4946 4950 4951
f 4950 4946 4943
f 4947 4948 4953
f 4944 4945 4951
f 4954 4953 4948
f 4951 4950 4955
f 4952 4955 4950
f 4952 4953 4957
f 4954 4949 4951
f 4954 4959 4957
f 4960 4961 4956
f 4952 4958 4960
f 4963 4958 4957
f 4956 4961 4959
f 4962 4957 4959
f 4965 4961 4960
f 4958 4963 4966
f 4962 4967 4968
f 4964 4959 4961
f 4962 4964 4969
f 4965 4966 4970
f 4970 4966 4963
f 4972 4968 4967
f 4971 4969 4964
f 4973 4967 4969
f 4975 4976 4971
f 4975 4970 4968
f 4972 4973 4977
f 4976 4974 4969
f 4973 4974 4979
f 4975 4980 4981
f 4972 4978 4980
f 4977 4982 4983
f 4976 4981 4979
f 4984 4982 4977
f 4980 4985 4986
f 4978 4983 4985
f 4983 4982 4988
f 4979 4981 4986
f 4989 4988 4982
f 4991 4986 4985
f 4990 4985 4983
f 4992 4987 4988
f 4989 4984 4986
f 4994 4993 4988
f 4990 4995 4996
f 4995 4990 4987
f 4993 4997 4998
f 4991 4996 4994
f 4994 4999 4997
f 5001 4996 4995
f 4992 4998 5000
f 5003 4998 4997
f 5001 4999 4994
f 5002 4997 4999
f 5005 5001 5000
f 5000 4998 5003
f 5002 5007 5008
f 5004 4999 5001
f 5006 5003 5008
f 5008 5007 5011
f 5005 5012 5013
f 5014 5009 5008
f 5013 5011 5007
f 5013 5012 5016
f 5010 5017 5018
f 5015 5019 5011
f 5016 5012 5014
f 5015 5016 5020
f 5022 5023 5018
f 5021 5024 5019
f 5020 5016 5018
f 5026 5021 5020
f 5017 5019 5024
f 5028 5023 5022
f 5027 5024 5021
f 5025 5020 5023
f 5025 5029 5030
f 5031 5028 5027
f 5033 5032 5027
f 5028 5031 5029
f 5034 5035 5030
f 5031 5032 5036
f 5036 5032 5033
f 5031 5037 5034
f 5035 5034 5040
f 5035 5038 5033
f 5041 5037 5036
f 5043 5042 5036
f 5041 5040 5034
f 5039 5043 5038
f 5039 5040 5044
f 5041 5042 5046
f 5048 5046 5042
f 5047 5044 5040
f 5043 5039 5045
f 5045 5044 5049
f 5051 5052 5047
f 5048 5053 5051
f 5044 5047 5052
f 5045 5050 5053
f 5054 5050 5049
f 5056 5057 5052
f 5053 5058 5059
f 5057 5055 5049
f 5058 5053 5050
f 5055 5060 5061
f 5062 5063 5057
f 5065 5059 5058
f 5064 5058 5054
f 5060 5055 5067
f 5068 5061 5060
f 5067 5057 5063
f 5062 5056 5059
f 5065 5064 5068
f 5068 5066 5063
f 8 32 9
f 32 49 9
f 406 444 443
f 444 520 443
f 427 466 544
f 466 547 544
f 560 480 558
f 480 440 479
f 465 544 629
f 594 592 509
f 509 473 594
f 602 601 537
f 537 524 602
f 551 510 629
f 633 588 631
f 631 722 633
f 748 656 708
f 656 612 708
f 726 727 816
f 816 878 726
f 744 846 839
f 846 894 839
f 864 919 923
f 923 812 864
f 1041 926 868
f 868 925 1041
f 873 934 933
f 934 1048 933
f 943 1002 1126
f 1126 1004 944
f 1121 1000 940
f 940 999 1121
f 982 1038 1037
f 1038 1166 1037
f 986 1045 1173
f 1173 1108 986
f 1196 1061 1125
f 1061 1003 1125
f 1025 1071 1087
f 1071 1009 1070
f 1167 1100 1233
f 1100 1040 1098
f 1093 1159 1096
f 1159 1228 1162
f 1234 1164 1232
f 1232 1302 1234
f 1252 1320 1321
f 1320 1372 1305
f 1486 1544 1359
f 1544 1487 1360
f 1314 1383 1381
f 1383 1500 1381
f 1315 1385 1383
f 1385 1501 1383
f 1500 1446 1445
f 1446 1387 1445
f 1447 1506 1553
f 1506 1604 1553
f 1667 1562 1510
f 1510 1509 1667
f 1683 1634 1631
f 1634 1529 1631
f 1724 5207 1572
f 1611 1665 1758
f 5208 1678 1676
f 1665 1714 1758
f 1805 1845 1848
f 1899 1859 1897
f 1859 1819 1857
f 2132 2130 2067
f 2067 2032 2132
f 2122 2191 2089
f 2191 2187 2121
f 2212 2143 2109
f 2109 2141 2212
f 2167 2240 2243
f 2240 2284 2243
f 2263 2347 2266
f 2347 2398 2266
f 2345 2270 2349
f 2270 2230 2349
f 2499 2389 2387
f 2389 2300 2387
f 2460 2509 2397
f 2397 2344 2460
f 2429 2488 2427
f 2488 2541 2485
f 2375 2545 2432
f 2545 2493 2434
f 2389 2499 2552
f 2499 2605 2552
f 2428 2486 2487
f 2486 2595 2487
f 2431 2495 2493
f 2495 2435 2493
f 2446 2613 2505
f 2613 2616 2617
f 2648 2598 2544
f 2544 2597 2648
f 2656 2809 2706
f 2809 2861 2758
f 2714 2819 2719
f 2819 2768 2719
f 2761 2708 2760
f 2760 2865 2761
f 2758 2861 2810
f 2861 2808 2860
f 3041 2972 2927
f 2927 2971 3041
f 2966 3002 3030
f 3002 3066 3030
f 3107 3035 3005
f 3005 2999 3107
f 3038 3076 5177
f 3154 3158 3082
f 3082 3044 3154
f 3072 3110 3103
f 3110 3179 3103
f 3518 3472 3565
f 3472 3427 3471
f 3622 3524 3478
f 3478 3523 3622
f 3778 3727 3825
f 3727 3675 3726
f 3772 3821 3773
f 3821 3868 3866
f 3925 4017 3926
f 4017 4060 4018
f 3992 4039 3995
f 4087 4000 3955
f 3955 3999 4087
f 4169 4178 4100
f 4100 4056 4169
f 4058 4102 4059
f 4102 4141 4103
f 4242 4168 4129
f 4129 4167 4242
f 4433 4434 4451
f 4434 4449 4451
f 4470 4489 4486
f 4486 4448 4470
f 4527 4508 4488
f 4488 4507 4527
f 4568 4534 4533
f 4580 4547 4579
f 4547 4526 4545
f 4573 4588 4555
f 4588 4554 4555
f 4576 4580 4578
f 4610 4586 4568
f 4568 4570 4610
f 4730 4720 4709
f 4720 4707 4709
f 4732 4755 4756
f 4755 4770 4756
f 4742 4767 4743
f 4767 4781 4754
f 4866 4884 4867
f 4884 4891 4867
f 4877 4875 4862
f 4862 4863 4877
f 4876 4865 4877
f 4903 4899 4890
f 4899 4889 4890
f 5012 5005 5009
f 5005 5006 5009
f 5010 5011 5019
f 1848 1809 1768
f 1808 1767 1764
f 5207 5209 5210
f 1677 5210 5209
f 1678 5208 5210
f 1725 5209 5207
f 5091 881 827
f 5088 5091 778
f 5089 5088 730
f 5101 999 939
f 5101 5104 1120
f 1192 1120 5104
f 2857 2751 2911
f 2967 5148 2999
f 2962 2999 5148
f 3038 5174 5172
f 5176 5177 3076
f 3075 3115 5178
f 5181 5180 3150
f 5182 5181 3194
f 3234 8445 5184
f 3684 3633 3683
f 5198 5197 4018
f 4062 5199 5198
f 4103 5200 5199
f 5200 4103 4141
f 4181 5204 5203
f 4182 4143 5204
f 5206 5205 4183
f 4215 4177 5202
f 4104 5202 4177
f 4138 4099 5201
f 4055 4019 5201
f 3834 3874 3827
f 5196 3827 3779
f 5195 3735 3779
f 5195 3728 3676
f 5194 3676 3625
f 3625 3573 5192
f 5190 3525 3479
f 5187 5188 3433
f 3390 3347 5186
f 3347 3306 5185
f 5183 5185 3306
f 3071 3034 5173
f 3034 3001 5171
f 5171 3001 2964
f 5168 2964 2913
f 5161 5163 2855
f 2802 2752 5158
f 2752 2696 5156
f 2645 5156 2696
f 5153 5154 2645
f 5153 2543 2489
f 5151 2489 2431
f 5149 2431 2375
f 7438 2211 5146
f 2211 2175 5145
f 5145 2175 2142
f 5143 5144 2142
f 5142 5143 2108
f 5142 2076 2046
f 2046 2009 1968
f 1927 5147 5139
f 5147 1927 1846
f 1969 1887 1847
f 5138 1846 1806
f 1806 1765 5132
f 1765 1722 5131
f 1460 1400 5117
f 5079 290 254
f 5075 5077 254
f 189 161 5072
f 5072 161 156
f 5071 156 126
f 5070 126 127
f 188 5073 127
f 5078 286 322
f 5762 5086 507
f 683 638 685
f 775 5211 685
f 5090 775 729
f 5093 5092 825
f 880 938 5096
f 5100 5096 938
f 1189 5107 5103
f 5107 1189 1261
f 1566 1619 5124
f 1619 1592 5127
f 1539 6681 5119
f 5212 1420 1352
f 5111 5212 1282
f 5111 1212 1141
f 5108 1141 1074
f 956 5098 5102
f 5094 897 896
f 5095 896 955
f 5099 5097 955
f 907 968 5099
f 5106 1086 1153
f 5112 5109 1153
f 5113 5112 1295
f 1550 1549 1601
f 5128 1601 1655
f 1655 1709 5120
f 1709 1754 1755
f 1880 1946 1755
f 1903 5213 1946
f 5134 1824 1784
f 6979 1698 1741
f 5133 6979 1741
f 5136 5133 1782
f 1863 5140 5136
f 2026 5216 1942
f 5216 5215 1902
f 5215 5214 1862
f 1862 5214 1863
f 2409 2410 5217
f 2310 2309 2354
f 5155 2521 2578
f 5155 2628 2671
f 5152 2726 2778
f 2726 5152 5157
f 5160 2778 2830
f 5170 2830 2886
f 5170 2918 2859
f 2968 2969 5169
f 5166 2858 2917
f 5164 2806 2858
f 5162 2755 2806
f 5159 2701 2755
f 5159 2703 2651
f 5218 2546 2492
f 5218 2491 2494
f 5220 5222 5221
f 5219 5221 5225
f 5222 5227 5226
f 5222 5220 5229
f 5229 5220 5223
f 5232 5231 5223
f 5224 5233 5232
f 5224 5225 5235
f 5221 5226 5236
f 5228 5237 5227
f 5228 5229 5239
f 5230 5223 5231
f 5239 5229 5230
f 5242 5243 5231
f 5242 5232 5233
f 5233 5224 5234
f 5234 5235 5247
f 5225 5236 5248
f 5236 5226 5250
f 5251 5237 5228
f 5239 5253 5252
f 5241 5230 5240
f 5240 5231 5243
f 5241 5256 5253
f 5258 5257 5243
f 5244 5259 5258
f 5245 5260 5244
f 5245 5234 5246
f 5246 5247 5263
f 5235 5248 5264
f 5249 5250 5266
f 5268 5267 5237
f 5238 5252 5269
f 5253 5271 5270
f 5254 5272 5256
f 5254 5240 5255
f 5274 5255 5243
f 5271 5253 5256
f 5277 5276 5257
f 5259 5278 5277
f 5259 5244 5260
f 5261 5280 5260
f 5262 5281 5261
f 5262 5263 5283
f 5247 5264 5284
f 5285 5264 5248
f 5249 5265 5286
f 5288 5265 5266
f 5289 5266 5250
f 5251 5269 5290
f 5267 5268 5291
f 5252 5270 5292
f 5293 5294 5270
f 5272 5295 5275
f 5272 5254 5273
f 5274 5297 5273
f 5257 5276 5298
f 5293 5271 5275
f 5276 5277 5301
f 5301 5277 5278
f 5279 5303 5278
f 5279 5260 5280
f 5280 5261 5281
f 5282 5306 5281
f 5307 5308 5282
f 5309 5283 5263
f 5264 5285 5310
f 5286 5311 5310
f 5265 5288 5312
f 5313 5287 5266
f 5315 5314 5288
f 5268 5290 5316
f 5290 5269 5292
f 5289 5291 5318
f 5294 5319 5292
f 5320 5321 5294
f 5299 5275 5295
f 5296 5323 5295
f 5296 5273 5297
f 5274 5298 5325
f 5326 5298 5276
f 5293 5299 5327
f 5301 5329 5328
f 5302 5330 5329
f 5302 5278 5303
f 5304 5332 5303
f 5305 5333 5304
f 5305 5281 5306
f 5308 5335 5306
f 5283 5309 5336
f 5338 5337 5308
f 5309 5284 5310
f 5339 5310 5311
f 5312 5341 5311
f 5312 5288 5314
f 5313 5343 5315
f 5345 5314 5315
f 5318 5291 5316
f 5317 5347 5316
f 5317 5292 5319
f 5343 5313 5318
f 5350 5319 5294
f 5351 5350 5321
f 5322 5295 5323
f 5353 5327 5299
f 5324 5354 5323
f 5324 5297 5325
f 5356 5325 5298
f 5320 5327 5357
f 5358 5359 5328
f 5360 5358 5329
f 5331 5361 5330
f 5331 5303 5332
f 5333 5363 5332
f 5334 5364 5333
f 5334 5306 5335
f 5335 5308 5337
f 5307 5336 5367
f 5309 5339 5368
f 5369 5370 5337
f 5340 5311 5341
f 5342 5372 5341
f 5342 5314 5345
f 5343 5374 5344
f 5346 5375 5349
f 5346 5316 5347
f 5348 5377 5347
f 5319 5350 5378
f 5349 5379 5374
f 5351 5381 5380
f 5322 5352 5382
f 5352 5323 5354
f 5384 5357 5327
f 5355 5385 5354
f 5325 5356 5386
f 5326 5328 5359
f 5351 5357 5387
f 5389 5388 5359
f 5360 5330 5361
f 5391 5389 5358
f 5362 5392 5361
f 5362 5332 5363
f 5363 5333 5364
f 5364 5334 5365
f 5366 5396 5365
f 5337 5370 5397
f 5369 5338 5367
f 5336 5368 5399
f 5369 5401 5400
f 5371 5341 5372
f 5371 5404 5403
f 5372 5342 5373
f 5379 5349 5375
f 5376 5407 5375
f 5376 5347 5377
f 5377 5348 5378
f 5410 5378 5350
f 5412 5380 5381
f 5353 5382 5413
f 5382 5352 5383
f 5383 5354 5385
f 5416 5387 5357
f 5386 5417 5385
f 5356 5359 5388
f 5411 5381 5387
f 5419 5388 5389
f 5390 5421 5391
f 5392 5422 5390
f 5391 5423 5420
f 5393 5424 5392
f 5393 5363 5394
f 5394 5364 5395
f 5395 5365 5396
f 5366 5397 5428
f 5429 5397 5370
f 5367 5399 5430
f 5398 5431 5401
f 5368 5340 5403
f 5432 5400 5401
f 5402 5434 5404
f 5405 5435 5402
f 5436 5403 5404
f 221 5405 5373
f 5406 5375 5407
f 5408 5377 5409
f 5440 5409 5378
f 5441 5410 5380
f 5411 5443 5442
f 5413 5444 5416
f 5414 5445 5413
f 5414 5383 5415
f 5415 5385 5417
f 5448 5418 5387
f 5419 5417 5386
f 5418 5449 5443
f 5420 5451 5450
f 5423 5391 5421
f 5421 5390 5422
f 5424 5454 5422
f 5451 5420 5423
f 5424 5393 5425
f 5426 5457 5425
f 5426 5395 5427
f 5428 5459 5427
f 5460 5428 5397
f 5461 5429 5400
f 5431 5398 5430
f 5436 5430 5399
f 5431 5463 5433
f 5433 5465 5464
f 5434 5466 5437
f 5434 5402 5435
f 221 251 5435
f 5437 5469 5468
f 5407 5471 5470
f 5409 5440 5472
f 5471 5407 5408
f 5410 5441 5473
f 5412 5442 5474
f 5476 5442 5443
f 5448 5416 5444
f 5444 5413 5445
f 5446 5479 5445
f 5446 5415 5447
f 5447 5417 5419
f 5481 5449 5418
f 5443 5449 5482
f 5451 5484 5483
f 5453 5485 5452
f 5452 5486 5455
f 5454 5487 5453
f 5456 5488 5454
f 5455 5489 5484
f 5456 5425 5457
f 5458 5491 5457
f 5459 5492 5458
f 5493 5459 5428
f 5494 5460 5429
f 5432 5464 5495
f 5462 5430 5436
f 5462 5496 5463
f 5465 5433 5463
f 5465 5499 5498
f 5469 5437 5466
f 5467 5501 5466
f 5467 5435 251
f 5503 5468 5469
f 5506 5470 5471
f 5439 5472 5505
f 5440 5473 5507
f 5441 5474 5508
f 5509 5474 5442
f 5510 5511 5476
f 5478 5512 5477
f 5477 5513 5481
f 5478 5445 5479
f 5480 5515 5479
f 5450 5483 5480
f 5516 5482 5449
f 5475 5482 5517
f 5518 5483 5484
f 5485 5520 5486
f 5487 5521 5485
f 5489 5455 5486
f 5487 5454 5488
f 5490 5524 5488
f 5489 5525 5519
f 5490 5457 5491
f 5491 5458 5492
f 5493 5528 5492
f 5460 5494 5529
f 5530 5494 5461
f 5464 5498 5531
f 5468 5503 5496
f 5496 5532 5497
f 5497 5533 5499
f 5499 5535 5534
f 5500 5466 5501
f 5500 5537 5504
f 5502 5538 5501
f 5076 5078 5502
f 5539 5503 5504
f 325 5506 5505
f 5472 5507 5541
f 5507 5473 5508
f 5543 5508 5474
f 5476 5511 5544
f 5512 5545 5513
f 5514 5546 5512
f 5547 5516 5481
f 5514 5479 5515
f 5515 5480 5483
f 5482 5516 5549
f 5510 5517 5551
f 5552 5518 5519
f 5522 5486 5520
f 5520 5485 5521
f 5523 5556 5521
f 5525 5489 5522
f 5558 5523 5488
f 5524 5490 5526
f 5553 5519 5525
f 5526 5491 5527
f 5528 5562 5527
f 5493 5529 5563
f 5494 5530 5564
f 5495 5531 5565
f 5566 5531 5498
f 5532 5496 5503
f 5533 5497 5532
f 5533 5568 5535
f 5535 5570 5569
f 5536 5571 5537
f 5538 5572 5536
f 5537 5573 5540
f 5574 5539 5540
f 5081 5079 5506
f 325 5541 5577
f 5541 5507 5542
f 5542 5508 5543
f 5509 5544 5579
f 5580 5544 5511
f 5547 5513 5545
f 5545 5512 5546
f 5548 5583 5546
f 5584 5549 5516
f 5548 5515 5518
f 5585 5551 5517
f 5550 5551 5587
f 5588 5552 5553
f 5554 5520 5555
f 5557 5522 5554
f 5555 5521 5556
f 5523 5558 5593
f 5560 5525 5557
f 5524 5559 5595
f 5526 5561 5596
f 5589 5553 5560
f 5561 5527 5562
f 5563 5599 5562
f 5600 5563 5529
f 5530 5565 5601
f 5531 5566 5602
f 5534 5569 5603
f 5567 5532 5539
f 5568 5533 5567
f 5570 5535 5568
f 5607 5569 5570
f 5571 5608 5573
f 5572 5609 5571
f 5080 5082 5572
f 5575 5540 5573
f 5575 5612 5611
f 5576 5577 5613
f 5577 5542 5578
f 5579 5614 5578
f 5580 5615 5579
f 5586 5616 5580
f 5581 5545 5582
f 5618 5584 5547
f 5582 5546 5583
f 5583 5548 5552
f 5549 5584 5620
f 5551 5585 5621
f 5586 5587 5623
f 5588 5589 5625
f 5590 5626 5591
f 5590 5555 5592
f 5594 5557 5591
f 5593 5629 5592
f 5558 5595 5630
f 5594 5631 5597
f 5632 5595 5559
f 5596 5561 5598
f 5625 5589 5597
f 5598 5562 5599
f 5600 5636 5599
f 5564 5601 5637
f 5565 5602 5638
f 5639 5602 5566
f 5640 5603 5569
f 5574 5611 5604
f 5604 5641 5605
f 5606 5570 5605
f 5606 5644 5643
f 5608 5645 5610
f 5608 5571 5609
f 5082 5083 5609
f 5612 5575 5610
f 5611 5612 5649
f 397 5613 5650
f 5613 5578 5614
f 5615 5651 5614
f 5616 5652 5615
f 5622 5653 5616
f 5581 5617 5654
f 5619 5655 5617
f 5584 5618 5656
f 5624 5619 5583
f 5621 5585 5620
f 5621 5658 5623
f 5660 5659 5622
f 5624 5625 5662
f 5591 5626 5663
f 5664 5626 5590
f 5627 5592 5629
f 5594 5628 5666
f 5667 5629 5593
f 5668 5630 5595
f 5631 5669 5634
f 5670 5632 5596
f 5633 5598 5635
f 5625 5634 5672
f 5673 5635 5599
f 5600 5637 5674
f 5675 5637 5601
f 5638 5602 5639
f 5640 5677 5639
f 5640 5607 5643
f 5611 5648 5641
f 5641 5679 5642
f 5642 5680 5644
f 5681 5682 5643
f 5647 5610 5645
f 5646 5684 5645
f 5083 5084 5646
f 5612 5647 5685
f 5649 5687 5686
f 474 435 5650
f 5650 5614 5651
f 5652 5689 5651
f 5653 5690 5652
f 5659 5691 5653
f 5654 5692 5656
f 5654 5617 5655
f 5661 5655 5619
f 5694 5657 5620
f 5695 5660 5623
f 5697 5659 5660
f 5661 5662 5699
f 5628 5663 5700
f 5701 5663 5626
f 5627 5665 5702
f 5703 5665 5629
f 5631 5666 5704
f 5630 5668 5705
f 5632 5670 5706
f 5669 5707 5672
f 5633 5671 5708
f 5709 5671 5635
f 5662 5672 5710
f 5711 5673 5636
f 5712 5674 5637
f 5675 5638 5676
f 5676 5639 5677
f 5678 5715 5677
f 5678 5643 5682
f 5648 5686 5679
f 5681 5644 5680
f 5682 5681 5719
f 5683 5645 5684
f 5647 5683 5721
f 5646 5084 5085
f 5722 5687 5649
f 5686 5687 5724
f 474 5688 5725
f 5688 5651 5689
f 5690 5726 5689
f 5690 5653 5691
f 5728 5691 5659
f 5656 5692 5729
f 5698 5730 5693
f 5658 5732 5731
f 5733 5696 5660
f 5735 5734 5697
f 5736 5730 5698
f 5737 5700 5663
f 5738 5701 5664
f 5665 5703 5739
f 5667 5705 5740
f 5707 5669 5704
f 5742 5743 5704
f 5744 5705 5668
f 5745 5706 5670
f 5746 5710 5672
f 5747 5708 5671
f 5748 5709 5673
f 5699 5710 5749
f 5750 5711 5674
f 5713 5751 5712
f 5714 5752 5713
f 5714 5677 5715
f 5715 5678 5716
f 5718 5755 5716
f 5681 5717 5757
f 5717 5680 5759
f 5718 5719 5761
f 5762 5721 5683
f 5086 5720 5684
f 5763 5722 5685
f 5723 5724 5765
f 512 5725 5766
f 5725 5689 5726
f 5726 5690 5727
f 5691 5728 5768
f 5694 5729 5769
f 5770 5771 5729
f 5730 5773 5772
f 5695 5731 5774
f 5775 5731 5732
f 5776 5735 5696
f 5777 5734 5735
f 5779 5773 5730
f 5780 5742 5700
f 5781 5737 5701
f 5702 5739 5782
f 5783 5739 5703
f 5784 5740 5705
f 5741 5704 5743
f 5707 5741 5786
f 5780 5787 5743
f 5706 5745 5788
f 5708 5747 5789
f 5790 5749 5710
f 5791 5747 5709
f 5792 5748 5711
f 5750 5712 5751
f 5752 5794 5751
f 5753 5795 5752
f 5754 5796 5753
f 5754 5716 5755
f 5760 5798 5755
f 5757 5799 5761
f 5717 5758 5800
f 5765 5801 5758
f 5760 5761 5803
f 5721 5762 5804
f 5806 5805 5722
f 5808 5087 553
f 5808 5766 5726
f 5727 5768 5809
f 5810 5768 5728
f 5769 5729 5771
f 5813 5812 5771
f 5772 5773 5815
f 5733 5774 5816
f 5731 5775 5817
f 5811 5818 5775
f 5778 5735 5776
f 5778 5821 5820
f 5734 5777 5822
f 5823 5815 5773
f 5737 5781 5824
f 5738 5782 5825
f 5739 5783 5826
f 5827 5783 5740
f 5744 5788 5828
f 5785 5743 5787
f 5785 5830 5786
f 5746 5786 5831
f 5780 5824 5832
f 5833 5788 5745
f 5747 5791 5834
f 5813 5814 5749
f 5748 5792 5835
f 5793 5836 5792
f 5793 5751 5794
f 5795 5838 5794
f 5795 5753 5796
f 5797 5840 5796
f 5760 5802 5841
f 5759 5756 5842
f 5803 5761 5799
f 5845 5757 5800
f 5800 5758 5847
f 5802 5803 5850
f 5763 5804 5851
f 5853 5805 5806
f 5724 5807 5854
f 5855 641 5087
f 5808 5767 5856
f 5856 5767 5809
f 5810 5858 5809
f 5811 5771 5812
f 5790 5831 5812
f 5772 5814 5813
f 5819 5776 5816
f 5861 5816 5774
f 5862 5817 5775
f 5821 5778 5819
f 5820 5864 5822
f 5821 5866 5865
f 5810 5822 5867
f 5868 5824 5781
f 5782 5826 5869
f 5827 5870 5826
f 5784 5828 5871
f 5788 5833 5872
f 5829 5787 5832
f 5829 5874 5830
f 5831 5786 5830
f 5876 5832 5824
f 5789 5834 5877
f 5791 5835 5878
f 5792 5836 5879
f 5836 5793 5837
f 5838 5881 5837
f 5839 5882 5838
f 5839 5796 5840
f 5884 5840 5797
f 5798 5841 5885
f 5849 5886 5841
f 5843 5799 5888
f 5889 5850 5803
f 5844 5847 5890
f 5891 5892 5846
f 5848 5801 5854
f 5849 5850 5895
f 5806 5851 683
f 5853 5854 5807
f 5852 5897 5896
f 5855 5899 5898
f 5900 5899 5855
f 5857 5901 5900
f 5857 5809 5858
f 5859 5812 5831
f 5863 5819 5860
f 5860 5816 5861
f 5905 5861 5817
f 5818 5859 5906
f 5863 5907 5866
f 5864 5820 5865
f 5910 5909 5865
f 5867 5911 5902
f 5870 5912 5869
f 5871 5913 5870
f 5871 5828 5872
f 5833 5877 5915
f 5873 5916 5874
f 5873 5832 5876
f 5874 5918 5875
f 5868 5920 5919
f 5834 5878 5921
f 5922 5878 5835
f 5880 5923 5879
f 5837 5881 5924
f 5883 5925 5882
f 5884 5926 5883
f 5927 5926 5884
f 5841 5886 5928
f 5894 5929 5886
f 5888 5931 5930
f 5845 5890 5888
f 5887 5932 5889
f 5933 5895 5850
f 5934 5891 5847
f 5936 5935 5892
f 5893 5854 5853
f 5937 5931 5848
f 5939 5894 5895
f 5897 5941 5940
f 5943 5942 5898
f 5944 5899 5900
f 5946 5945 5900
f 5901 5857 5902
f 5875 5918 5906
f 5907 5863 5903
f 5904 5949 5903
f 5905 5950 5904
f 5862 5906 5951
f 5907 5952 5910
f 5908 5954 5953
f 5909 5955 5908
f 5909 5910 5957
f 5867 5959 5958
f 5960 5869 5912
f 5913 5962 5912
f 5913 5871 5914
f 5964 5914 5872
f 5965 5915 5877
f 5916 5966 5918
f 5917 5967 5916
f 5919 5968 5917
f 5960 5969 5919
f 5970 5921 5878
f 5879 5923 5971
f 5880 5924 5972
f 5973 5924 5881
f 5973 5882 5925
f 5883 5926 5975
f 5975 5926 5927
f 5977 5927 5885
f 5939 5978 5929
f 5930 5979 5932
f 5980 5930 5931
f 5931 5888 5890
f 5889 5932 5981
f 5895 5933 5982
f 5984 5983 5891
f 5934 5892 5935
f 5935 5936 5986
f 5937 5893 5896
f 5941 5988 5987
f 5942 5943 5990
f 5944 5945 5992
f 5946 5901 5994
f 5993 5992 5945
f 5947 5995 5994
f 5906 5918 5966
f 5903 5949 5996
f 5950 5997 5949
f 5905 5951 5998
f 5999 5957 5910
f 5864 5953 5959
f 6001 6000 5953
f 5954 5908 5955
f 5955 5909 5956
f 5911 5958 6005
f 5959 6007 6006
f 5961 6008 5969
f 5961 5912 5962
f 5913 5963 6010
f 6011 5963 5914
f 5915 5965 6012
f 6013 5965 5921
f 6014 5966 5916
f 5967 5917 5968
f 5968 5919 5969
f 6017 5970 5922
f 5971 5923 5972
f 6019 5972 5924
f 5973 5974 6020
f 5975 6021 5974
f 5976 5927 5977
f 5976 6023 6021
f 5928 5929 6024
f 6025 6024 5929
f 5939 6027 6026
f 5981 5932 5979
f 6029 5979 5930
f 5940 5987 5980
f 5981 6030 5982
f 5984 6032 6031
f 5985 6032 5984
f 5986 6034 6033
f 6031 5986 5936
f 6037 5987 5988
f 5990 6039 6038
f 5991 5990 5943
f 6040 6041 5991
f 5993 5994 6043
f 5992 5993 6042
f 6044 6043 5994
f 6045 5995 5947
f 5951 5966 6014
f 5948 5996 6046
f 5949 5997 6047
f 6048 5997 5950
f 5952 6046 6049
f 6051 6050 5957
f 5953 6000 6007
f 6052 6000 6001
f 6002 6054 6001
f 6003 6055 6002
f 6003 5956 6057
f 6059 6058 6004
f 5958 6006 6060
f 6062 6006 6007
f 6016 5969 6008
f 6009 6064 6008
f 6065 6009 5962
f 5963 6011 6066
f 5964 6012 6067
f 5965 6013 6068
f 6069 6013 5970
f 6015 6070 6014
f 6015 5968 6016
f 6018 6072 6017
f 6018 5972 6019
f 6074 6073 6019
f 6021 6075 6020
f 5977 6024 6076
f 6022 6077 6023
f 6078 6076 6024
f 6079 6025 5978
f 6081 6080 6026
f 6028 6082 6030
f 6029 6083 6028
f 5980 5987 6037
f 6035 5982 6030
f 6085 6031 6032
f 5985 6033 6086
f 6034 6088 6087
f 6034 5986 6031
f 5988 5090 5092
f 6091 6090 6037
f 6092 6038 6039
f 5990 5991 6041
f 6040 6095 6094
f 6042 6043 6097
f 6040 6042 6096
f 6098 6044 5995
f 6099 6097 6043
f 6070 6048 5998
f 6100 6046 5996
f 6101 6047 5997
f 5999 6049 6102
f 6103 6049 6046
f 6051 6105 6104
f 6052 6061 6007
f 6052 6053 6107
f 6108 6053 6001
f 6055 6109 6054
f 6055 6003 6056
f 6112 6056 6057
f 6045 6004 6058
f 6058 6059 6114
f 6115 6059 6005
f 6006 6062 6116
f 6118 6117 6062
f 6063 6119 6071
f 6063 6008 6064
f 6065 6121 6064
f 6065 6010 6066
f 6011 6067 6123
f 6012 6068 6124
f 6125 6068 6013
f 6072 6126 6069
f 6071 6127 6070
f 6073 6128 6072
f 6020 6075 6129
f 6074 6130 6128
f 6076 6131 6077
f 6133 6023 6077
f 6131 6076 6078
f 6078 6025 6079
f 6136 6079 6026
f 6138 6080 6081
f 6139 6081 6027
f 6082 6141 6140
f 6083 6142 6082
f 6029 6037 6090
f 6084 6030 6140
f 6089 6035 6084
f 6086 6146 6145
f 6086 6033 6087
f 6085 6145 6088
f 6148 6147 6090
f 6038 6092 939
f 6093 6150 6149
f 6041 6094 6093
f 6095 6152 6151
f 6096 6097 6154
f 6153 6152 6095
f 6155 6099 6044
f 6157 6097 6099
f 6127 6101 6048
f 6047 6101 6158
f 6102 6159 6105
f 6160 6102 6049
f 6158 6161 6103
f 6163 6104 6105
f 6164 6118 6061
f 6165 6107 6053
f 6054 6109 6166
f 6110 6167 6109
f 6056 6112 6168
f 6111 6057 6104
f 6111 6170 6169
f 6171 6098 6058
f 6113 6114 6173
f 6174 6114 6059
f 6175 6115 6060
f 6117 6176 6116
f 6127 6071 6119
f 6120 6178 6119
f 6120 6064 6121
f 6180 6121 6065
f 6066 6123 6181
f 6067 6124 6182
f 6183 6124 6068
f 6128 6184 6126
f 6074 6129 6185
f 6128 6130 6186
f 6132 6077 6131
f 6132 6189 6188
f 6187 6131 6134
f 6135 6191 6134
f 6080 6193 6192
f 6081 6139 6194
f 6195 6138 6137
f 6144 6197 6139
f 6141 6199 6198
f 6200 6141 6082
f 6142 6083 6090
f 6201 6143 6140
f 6146 6203 6202
f 6203 6146 6087
f 6088 6145 6202
f 6206 6147 6148
f 6092 6149 6207
f 6150 6209 6208
f 6150 6093 6094
f 6211 6151 6152
f 6154 6213 6212
f 6214 6156 6099
f 6177 6158 6101
f 6162 6105 6159
f 6160 6216 6159
f 6161 6217 6160
f 6161 6158 6177
f 6162 6220 6219
f 5098 5094 6107
f 6108 6166 6221
f 6109 6167 6222
f 6110 6168 6223
f 6112 6169 6224
f 6111 6163 6219
f 6225 6171 6113
f 6172 6173 6227
f 6228 6114 6174
f 6230 6174 6115
f 6175 6116 6176
f 6176 6117 968
f 6119 6178 6218
f 6179 6232 6178
f 6180 6233 6179
f 6234 6180 6122
f 6181 6123 6182
f 6236 6182 6124
f 6125 6126 6237
f 6238 6237 6126
f 6239 6186 6130
f 6188 6185 6129
f 6186 6240 6238
f 6187 6241 6189
f 6243 6242 6188
f 6190 6134 6191
f 6190 6245 6241
f 6246 6247 6191
f 6136 6192 6249
f 6193 6251 6250
f 6137 6194 6252
f 6196 6254 6253
f 6251 6193 6138
f 6256 6197 6144
f 6257 6199 6141
f 6200 6142 6147
f 6258 6201 6198
f 6261 6202 6203
f 6262 6260 6203
f 6204 6202 6261
f 6205 6264 6263
f 6266 6265 6208
f 6150 6151 6267
f 6210 6269 6268
f 6212 6213 6271
f 6154 6157 6272
f 6214 6274 6273
f 6171 6225 6214
f 6215 6159 6216
f 6215 6276 6220
f 6217 6277 6216
f 6218 6278 6217
f 6279 6280 6219
f 6281 6221 6166
f 6282 6222 6167
f 6283 6223 6168
f 6285 6224 6169
f 6170 6219 6280
f 6226 6286 6225
f 6226 6227 6288
f 6289 6227 6173
f 6229 6290 6289
f 6230 6291 6229
f 6230 6175 6231
f 1024 1086 6231
f 6232 6278 6218
f 6232 6179 6233
f 6294 6233 6180
f 6234 6181 6235
f 6236 6296 6235
f 6236 6183 6237
f 6297 6237 6238
f 6242 6239 6185
f 6240 6186 6239
f 6298 6238 6240
f 6241 6301 6243
f 6302 6242 6243
f 6244 6191 6247
f 6245 6305 6301
f 6307 6306 6247
f 6248 6249 6307
f 6308 6249 6192
f 6310 6250 6251
f 6254 6196 6252
f 6195 6253 6309
f 6253 6254 6313
f 6315 6314 6197
f 6255 6317 6316
f 6318 6259 6199
f 6206 6263 6257
f 6259 6320 6319
f 6201 6258 6317
f 6321 6261 6260
f 6260 6262 6323
f 6321 6323 6262
f 5100 5103 6264
f 6263 6264 6325
f 6328 6327 6208
f 6329 6265 6266
f 6331 6266 6209
f 6269 6334 6333
f 6332 6335 6269
f 6332 6212 6270
f 6270 6271 6337
f 6338 6271 6213
f 6273 6274 6340
f 6274 6214 6225
f 6341 6338 6272
f 6276 6215 6275
f 6277 6343 6275
f 6279 6220 6276
f 6346 6345 6280
f 5105 5102 6221
f 6347 6281 6222
f 6223 6283 6348
f 6349 6283 6224
f 6351 6285 6284
f 6345 6350 6284
f 6286 6226 6287
f 6354 6353 6287
f 6227 6289 6355
f 6355 6289 6290
f 6291 6357 6290
f 6291 6230 6292
f 6292 6231 1086
f 6360 6293 6233
f 6361 6294 6234
f 6295 6235 6296
f 6297 6363 6296
f 6363 6297 6298
f 6299 6239 6242
f 6300 6240 6299
f 6366 6364 6298
f 6303 6243 6301
f 6303 6369 6368
f 6367 6301 6305
f 6371 6305 6245
f 6307 6374 6373
f 6374 6307 6249
f 6250 6310 6375
f 6377 6376 6310
f 6252 6379 6378
f 6311 6380 6313
f 6312 6377 6309
f 6312 6313 6382
f 6315 6384 6383
f 6315 6256 6386
f 6387 6316 6317
f 6318 6257 6263
f 6318 6389 6320
f 6258 6319 6388
f 6320 6391 6390
f 6322 6393 6392
f 6394 6393 6322
f 6392 6394 6323
f 6324 6325 6397
f 6265 6329 6399
f 6328 6398 6326
f 6400 6329 6330
f 6402 6330 6266
f 6333 6403 6402
f 6334 6405 6404
f 6334 6269 6335
f 6335 6270 6336
f 6336 6337 6408
f 6409 6337 6271
f 6339 6340 6411
f 6286 6352 6340
f 6341 6273 6339
f 6412 6409 6338
f 6342 6275 6343
f 6414 6344 6276
f 6343 6277 6293
f 6279 6344 6415
f 6345 6346 6417
f 6418 6347 6282
f 6419 6348 6283
f 6285 6351 6420
f 6351 6350 6422
f 6416 6422 6350
f 6287 6353 6423
f 6353 6354 6425
f 6355 6427 6426
f 6356 6290 6357
f 6427 6355 6356
f 6358 6430 6357
f 6294 6361 6431
f 6295 6362 6432
f 6362 6296 6363
f 6434 6366 6300
f 6436 6364 6366
f 6368 6369 6438
f 6440 6370 6305
f 6370 6438 6369
f 6372 6442 6441
f 6444 6443 6373
f 6446 6374 6308
f 6375 6310 6376
f 6448 6449 6376
f 6311 6378 6450
f 6451 6382 6313
f 6381 6448 6377
f 6453 6452 6381
f 6379 6314 6383
f 6455 6384 6315
f 6385 6386 6457
f 6388 6459 6458
f 6460 6386 6316
f 6318 6324 6396
f 6389 6461 6391
f 6319 6390 6459
f 6390 6391 6463
f 6464 6392 6393
f 6466 6465 6393
f 6466 6394 6392
f 6467 6468 6396
f 6395 1261 6397
f 5110 6398 6469
f 6328 6399 6469
f 6470 6399 6329
f 6403 6401 6330
f 6403 6333 6404
f 6473 6404 6405
f 6406 6474 6405
f 6336 6407 6474
f 6475 6476 6407
f 6408 6337 6409
f 6412 6339 6410
f 6479 6410 6411
f 6352 6423 6411
f 6478 6477 6409
f 6342 6413 6481
f 6360 6431 6413
f 6344 6414 6482
f 6417 6346 6415
f 6416 6417 6485
f 6348 6419 6486
f 6349 6420 6487
f 6421 6488 6420
f 6421 6422 6490
f 6484 6490 6422
f 6491 6423 6353
f 6492 6493 6424
f 6354 6426 6494
f 6494 6426 6427
f 6428 6357 6430
f 6428 6497 6429
f 6429 6498 6495
f 6358 6359 6499
f 6500 6431 6361
f 6501 6432 6362
f 6502 6435 6366
f 6433 6364 6436
f 6435 6504 6503
f 6438 6506 6505
f 6434 6368 6437
f 6439 6442 6372
f 6371 6441 6507
f 6442 6509 6508
f 6444 6457 6510
f 6511 6456 6446
f 6447 6376 6449
f 6513 6445 6375
f 6515 6514 6449
f 6380 6450 6516
f 6454 6517 6450
f 6382 6451 6518
f 6448 6381 6452
f 6519 6520 6452
f 6521 6517 6454
f 6522 6523 6384
f 6456 6511 6455
f 6456 6457 6444
f 6460 6510 6457
f 6387 6458 6524
f 6458 6459 6526
f 6389 6396 6468
f 6527 6391 6461
f 6526 6459 6390
f 6462 6463 6530
f 6464 6465 6532
f 6532 6465 6466
f 6464 6531 6533
f 5114 6467 6397
f 6468 6467 6535
f 1264 6469 6536
f 6399 6470 6536
f 6538 6470 6400
f 6471 6539 6401
f 6471 6404 6473
f 6472 6405 6474
f 6543 6473 6472
f 6407 6476 6541
f 6477 6544 6475
f 6546 6476 6475
f 6478 6410 6548
f 6479 6480 6550
f 6480 6411 6423
f 6478 6547 6544
f 6551 6482 6414
f 6500 6481 6413
f 6417 6483 6552
f 6484 6485 6554
f 6419 6487 6555
f 6420 6488 6556
f 6557 6488 6421
f 6558 6559 6489
f 6553 6558 6490
f 6493 6560 6491
f 6425 6494 6561
f 6492 6563 6562
f 6495 6564 6561
f 6496 6565 6497
f 6566 6496 6430
f 6497 6567 6498
f 6498 6568 6564
f 6500 6432 6501
f 6502 6570 6504
f 6569 6501 6436
f 6572 6503 6504
f 6437 6505 6570
f 6573 6505 6506
f 6439 6575 6509
f 6507 6441 6577
f 6508 6578 6577
f 6578 6508 6509
f 6443 6510 6575
f 6513 6579 6511
f 6447 6512 6580
f 6449 6514 6581
f 6583 6582 6514
f 6451 6516 6584
f 6450 6517 6585
f 6586 6519 6453
f 6520 6583 6515
f 6519 6588 6587
f 6589 6585 6517
f 6521 6384 6523
f 6511 6579 6522
f 6591 6590 6523
f 6524 6575 6510
f 6525 6526 6592
f 6528 6461 6468
f 6527 6528 6594
f 6529 6592 6526
f 6529 6530 6596
f 6593 6530 6463
f 6532 6598 6597
f 6532 6533 6599
f 6597 6599 6533
f 5114 5116 6535
f 6601 6534 6535
f 6603 1332 6536
f 6536 6470 6604
f 6538 6605 6604
f 6537 6401 6539
f 6540 6607 6539
f 6543 6608 6540
f 6542 6472 6541
f 6542 6611 6610
f 6609 6541 6476
f 6475 6544 6612
f 6613 6614 6546
f 6616 6547 6548
f 6549 6617 6548
f 6618 6619 6549
f 6480 6491 6560
f 6544 6547 6616
f 6482 6551 6572
f 6569 6551 6481
f 6620 6554 6485
f 6571 6552 6483
f 6553 6554 6622
f 6623 6555 6487
f 6624 6556 6488
f 6559 6558 6626
f 6621 6626 6558
f 6627 6560 6493
f 6561 6628 6563
f 6561 6564 6629
f 6497 6565 6630
f 6566 1429 6565
f 6567 6631 6568
f 6629 6564 6568
f 5115 1429 6566
f 6570 6633 6571
f 6551 6569 6503
f 6505 6573 6633
f 6574 6635 6634
f 6507 6576 6574
f 6577 6637 6636
f 6578 6592 6637
f 6580 6638 6579
f 6581 6639 6580
f 6581 6514 6582
f 6582 6583 6642
f 6643 6584 6516
f 6587 6642 6583
f 6645 6587 6588
f 6643 6585 6589
f 6590 6646 6589
f 6522 6579 6638
f 6590 6591 6648
f 6528 6534 6601
f 6650 6649 6593
f 6592 6529 6595
f 6596 6652 6651
f 6593 6649 6596
f 6654 6597 6598
f 6655 6653 6598
f 6597 6654 6656
f 6600 6535 5116
f 6600 6658 6657
f 6659 6660 6603
f 6661 6605 6538
f 6606 6663 6662
f 6606 6539 6607
f 6607 6540 6608
f 6666 6608 6543
f 6609 6667 6611
f 6668 6610 6611
f 6667 6609 6546
f 6545 6612 6670
f 6672 6671 6614
f 6615 6548 6617
f 6615 6675 6674
f 6549 6619 6676
f 6618 6550 6560
f 6619 6618 6678
f 6616 6674 6670
f 6552 6571 6633
f 6620 6634 6622
f 6621 6622 6680
f 6681 1420 6555
f 6556 6624 6682
f 6683 6624 6557
f 6625 6626 6685
f 6686 6683 6559
f 6679 6685 6626
f 6689 6690 6628
f 6630 6691 6631
f 6692 6565 1429
f 6632 6568 6631
f 6629 6632 6694
f 6620 6633 6573
f 6634 6635 6680
f 6576 6636 6635
f 6637 6595 6651
f 6639 6695 6638
f 6639 6581 6640
f 6641 6697 6640
f 6698 6699 6641
f 6642 6587 6645
f 6701 6702 6644
f 6645 6644 6704
f 6591 6638 6695
f 6647 6648 6706
f 6601 6657 6650
f 6708 6649 6650
f 6679 6680 6651
f 6652 6596 6649
f 6709 6654 6653
f 6653 6655 6711
f 6709 6712 6656
f 1513 6658 6600
f 6658 6714 6713
f 6659 6602 6605
f 6659 6717 6716
f 6661 6662 6663
f 6719 6715 6605
f 6663 6606 6664
f 6664 6607 6665
f 6722 6665 6608
f 6610 6668 6723
f 6669 6611 6667
f 6669 6726 6725
f 6724 6667 6614
f 6613 6670 6727
f 6671 6672 6729
f 6673 6617 6676
f 6673 6730 6675
f 6675 6732 6731
f 6676 6619 6734
f 6627 6735 6678
f 6677 6678 6737
f 6727 6670 6674
f 6623 6682 6738
f 6683 6739 6682
f 6684 6740 6686
f 6685 6708 6707
f 6739 6683 6686
f 6652 6708 6685
f 6687 6742 6735
f 6690 6744 6688
f 6746 6745 6690
f 6631 6691 6747
f 6692 6748 6691
f 1491 1550 6748
f 6749 6694 6632
f 6694 6750 6746
f 6635 6636 6651
f 6751 6695 6639
f 6752 6696 6640
f 6699 6698 6754
f 6703 6754 6698
f 6704 6644 6702
f 6701 6705 6756
f 6703 6704 6758
f 6705 6706 6759
f 6700 6647 6705
f 6707 6650 6657
f 6711 6761 6760
f 6655 6656 6712
f 6709 6763 6762
f 6764 6714 6658
f 6740 6713 6714
f 6716 5122 5118
f 6717 6659 6715
f 6717 6768 6767
f 6718 6769 6719
f 6720 6770 6718
f 6715 6719 6771
f 6720 6664 6721
f 6721 6665 6722
f 6666 6723 6774
f 6668 6725 6775
f 6724 6776 6726
f 6777 6725 6726
f 6776 6724 6671
f 6779 6729 6672
f 6733 6732 6730
f 6781 6731 6732
f 6733 6734 6783
f 6678 6735 6784
f 6785 6677 6736
f 6788 6787 6736
f 6779 6727 6731
f 6738 6682 6739
f 6686 6740 6765
f 6684 6707 6713
f 6741 6790 6789
f 6791 6784 6735
f 6742 6687 6793
f 6687 6743 6794
f 6794 6743 6688
f 6745 6795 6744
f 6797 6745 6746
f 6693 6747 6798
f 6747 6691 6748
f 6750 6694 6749
f 6796 6746 6750
f 6696 6752 6802
f 6803 6752 6697
f 6754 6805 6804
f 6806 6803 6699
f 6757 6805 6754
f 6702 6756 6807
f 6808 6758 6704
f 6810 6757 6758
f 6756 6759 6811
f 6759 6706 6802
f 6813 6760 6761
f 6761 6711 6712
f 6815 6816 6762
f 6817 6765 6714
f 5122 6716 6767
f 6766 6818 6768
f 6767 6768 6820
f 6771 6719 6769
f 6822 6769 6718
f 6720 6772 6823
f 6818 6766 6771
f 6721 6773 6825
f 6722 6774 6826
f 6827 6774 6723
f 6828 6775 6725
f 6776 6829 6778
f 6830 6831 6777
f 6833 6832 6729
f 6732 6733 6782
f 6780 6835 6834
f 6836 6837 6782
f 6785 6783 6734
f 6737 6784 6838
f 6786 6840 6839
f 6786 6736 6787
f 6842 6843 6787
f 6779 6781 6834
f 6789 5126 5123
f 6741 6765 6817
f 5127 5126 6789
f 6844 6791 6742
f 6845 6838 6784
f 6792 6793 6847
f 6794 6848 6847
f 6744 6795 6848
f 6849 6795 6745
f 6796 6851 6850
f 6800 6749 6798
f 6853 6798 6747
f 6800 6854 6801
f 6801 6855 6851
f 6812 6802 6752
f 6753 6804 6856
f 6806 6857 6812
f 6810 6858 6805
f 6807 6859 6808
f 6809 6758 6808
f 6809 6862 6861
f 6811 6863 6859
f 6812 6857 6811
f 6813 6814 6866
f 6762 6816 6814
f 6867 6864 6760
f 6763 6864 6867
f 6815 6869 6868
f 5125 6767 6819
f 6870 6820 6768
f 6819 6820 6872
f 6769 6822 6873
f 6771 6821 6825
f 6823 10231 10230
f 6824 6876 6870
f 6824 6773 6826
f 6877 6826 6774
f 6775 6828 6878
f 6879 6828 6777
f 6830 6778 6829
f 6830 6882 6881
f 6832 6833 6884
f 6780 6782 6837
f 6885 6886 6834
f 6785 6839 6836
f 6836 6888 6887
f 6889 6842 6788
f 6840 6891 6890
f 6841 6892 6840
f 6841 6787 6843
f 6894 6895 6843
f 6886 6884 6833
f 6844 6792 6846
f 6897 6845 6791
f 6898 6889 6838
f 6899 6900 6846
f 6899 6847 6848
f 6901 6848 6795
f 6902 6849 6797
f 6904 6850 6851
f 6800 6852 6905
f 6906 6852 6798
f 6801 6854 6907
f 6903 6851 6855
f 6856 6909 6857
f 6910 6856 6804
f 6860 6808 6859
f 6861 6862 6911
f 6911 6859 6863
f 6909 6863 6811
f 6865 6913 6867
f 6865 6866 6915
f 6814 6816 6868
f 6815 6867 6913
f 6917 6868 6869
f 5129 6819 6871
f 6918 6872 6820
f 6871 6872 6920
f 6821 6873 6823
f 6875 6873 6822
f 6875 6921 6922
f 6870 6876 6923
f 6877 6923 6876
f 6827 6878 6924
f 6828 6879 6925
f 6926 6879 6831
f 6830 6880 6927
f 6929 6881 6882
f 6883 6884 6931
f 6883 6927 6880
f 6885 6835 6837
f 6932 6931 6886
f 6839 6890 6888
f 6894 6842 6889
f 6934 6890 6891
f 6891 6840 6892
f 6893 6937 6892
f 6938 6893 6843
f 6894 6940 6939
f 6897 6844 6896
f 6900 6942 6896
f 6845 6897 6943
f 6900 6899 6945
f 6901 6946 6945
f 6946 6901 6849
f 6850 6904 6947
f 6948 6949 6904
f 6950 6907 6854
f 6852 6906 6951
f 6908 6855 6907
f 6948 6903 6908
f 6912 6910 6858
f 6863 6909 6910
f 6955 6913 6865
f 6914 6915 6957
f 6866 6868 6917
f 6916 6869 6913
f 6958 6917 6916
f 5130 6871 6919
f 6872 6918 6960
f 6919 6920 6962
f 6918 6923 6963
f 6924 6963 6923
f 6924 6878 6925
f 6965 6925 6879
f 6881 6929 6966
f 6882 6927 6967
f 6928 6969 6968
f 6930 6967 6927
f 6970 6971 6930
f 6887 6972 6932
f 6931 6932 6973
f 6934 6972 6888
f 6934 6935 6975
f 6935 6891 6936
f 6937 6977 6936
f 6893 6938 6978
f 6939 6981 6980
f 6982 6981 6939
f 6941 6896 6942
f 6941 6984 6943
f 6898 6943 6985
f 6944 6945 6987
f 6987 6945 6946
f 6947 6988 6946
f 6947 6904 6949
f 6991 6990 6949
f 6905 6951 6992
f 6950 6993 6952
f 6994 6992 6951
f 6952 6995 6953
f 6948 6953 6996
f 6955 6914 6956
f 6956 6957 6998
f 6958 6957 6915
f 6997 6999 6916
f 6959 7001 7000
f 6959 6916 6999
f 6920 6960 7002
f 6961 6962 7004
f 6963 6924 6964
f 7006 6964 6925
f 6926 6966 7007
f 7008 6966 6929
f 6928 6967 7009
f 7010 6968 6969
f 6971 7009 6967
f 7013 7012 6971
f 6973 6932 6972
f 6973 7015 7013
f 6934 6974 7014
f 6974 6975 7017
f 7018 6975 6935
f 6976 6936 6977
f 6937 6978 7020
f 6981 6982 7021
f 7022 6983 6942
f 7023 6985 6943
f 6985 7025 7024
f 6986 7026 7022
f 6986 6987 7028
f 7029 7028 6987
f 6988 6947 6989
f 6991 7031 7030
f 6992 7032 6993
f 6993 7033 6995
f 6994 7034 7032
f 6996 6953 6995
f 7036 7031 6991
f 6997 6998 7038
f 7000 6998 6957
f 6998 7000 7001
f 7001 6999 7040
f 7004 6962 7002
f 7004 7043 7042
f 7045 7006 6965
f 7046 7007 6966
f 7047 7008 6968
f 7009 7048 7011
f 7011 7050 7049
f 6971 7012 7048
f 7051 7012 7013
f 7053 7015 6973
f 7052 7013 7015
f 7016 7053 7014
f 7016 7017 7056
f 6975 7018 7057
f 7019 7058 7018
f 7020 7059 7019
f 6980 5134 6979
f 7024 7060 7021
f 6983 7022 7061
f 6984 7061 7062
f 7063 7060 7024
f 7064 7061 7022
f 7026 6986 7027
f 7066 7027 7028
f 7068 7067 7028
f 7069 7068 7029
f 7069 6989 6990
f 7070 7030 7031
f 7033 6993 7032
f 7035 6995 7033
f 7072 7032 7034
f 7034 6994 7076
f 7036 6996 7035
f 7071 7031 7036
f 7080 7079 7037
f 7039 7080 7038
f 7039 7040 7082
f 6999 7037 7079
f 7004 7041 7083
f 7084 7044 7006
f 7007 7046 7085
f 7008 7047 7086
f 7049 7087 7047
f 7050 7011 7048
f 7089 7049 7050
f 7088 7048 7012
f 7052 7092 7091
f 7054 7015 7053
f 7054 7094 7092
f 7095 7055 7056
f 7017 7057 7097
f 7018 7058 7098
f 7099 5137 7021
f 7100 7025 7023
f 7101 7062 7061
f 7025 7100 7102
f 7060 7063 7103
f 7064 7026 7065
f 7065 7027 7066
f 7106 7066 7067
f 7069 7109 7108
f 7030 7070 7109
f 7070 7071 7111
f 7112 7077 7035
f 7072 7074 7113
f 7075 7114 7074
f 7115 7116 7075
f 7117 7078 7036
f 7118 7111 7071
f 7079 7080 7120
f 7120 7080 7039
f 7082 7122 7121
f 7119 7082 7040
f 7041 7044 7084
f 7045 7085 7124
f 7046 7086 7125
f 7047 7087 7126
f 7087 7049 7089
f 7090 7050 7088
f 7129 7089 7090
f 7051 7091 7128
f 7132 7091 7092
f 7093 7133 7094
f 7092 7094 7134
f 7096 7136 7135
f 7137 7096 7056
f 7057 7098 7138
f 7139 7100 7062
f 7104 7140 7101
f 7115 7103 7063
f 7141 7102 7100
f 7105 7142 7104
f 7143 7105 7066
f 7145 7106 7107
f 7107 7067 7147
f 7070 7149 7148
f 7110 7111 7151
f 7077 7112 7152
f 7073 7113 7153
f 7114 7154 7113
f 7114 7075 7116
f 7076 1946 7103
f 7115 7102 7141
f 7078 7117 7156
f 7157 7151 7111
f 7119 7120 7159
f 7159 7120 7081
f 7161 7121 7122
f 7119 7158 7122
f 7083 7084 7124
f 7085 7125 7164
f 7165 7125 7086
f 7166 7126 7087
f 7127 7089 7129
f 7128 7168 7130
f 7130 7170 7169
f 7091 7132 7168
f 7131 7172 7171
f 7134 7094 7133
f 7095 7135 7133
f 7131 7134 7174
f 7175 7135 7136
f 7177 7136 7096
f 7178 7137 7097
f 7140 7179 7139
f 7179 7180 7141
f 7181 7142 7105
f 7106 7145 7182
f 7144 7107 7146
f 7144 7185 7184
f 7186 7146 7147
f 7147 7067 7108
f 7190 7189 7148
f 7110 7150 7191
f 7184 7150 7151
f 7193 7156 7117
f 7112 7153 7194
f 7195 7153 7113
f 7155 7196 7154
f 7116 7141 7180
f 7156 7197 7157
f 7192 7151 7157
f 7159 7200 7199
f 7121 7161 7200
f 7199 7160 7122
f 7202 7161 7160
f 7162 7203 1968
f 7162 7123 7163
f 7163 7124 7164
f 7205 7164 7125
f 7126 7166 7206
f 7207 7166 7127
f 7129 7169 7208
f 7209 7170 7130
f 7210 7169 7170
f 7209 7168 7132
f 7212 7171 7172
f 7134 7173 7214
f 7173 7133 7135
f 7174 7215 7213
f 7176 7217 7216
f 7176 7136 7177
f 7219 7177 7137
f 7142 7220 7179
f 7220 7196 7180
f 7220 7142 7181
f 7143 7182 7222
f 7192 7182 7145
f 7183 7223 7185
f 7186 7224 7183
f 7150 7184 7185
f 7225 7226 7186
f 7227 7187 7147
f 7188 7108 7148
f 7189 7190 7229
f 7149 7191 7230
f 7193 7152 7194
f 7195 7232 7194
f 7154 7196 7233
f 7197 7234 7198
f 7198 7222 7182
f 7235 7199 7200
f 7236 7200 7161
f 7235 7201 7160
f 7201 7238 7237
f 7204 7240 7203
f 7164 7205 7240
f 7206 7241 7205
f 7242 7206 7166
f 7167 7208 7243
f 7210 7244 7208
f 7211 7170 7209
f 7210 7211 7247
f 7245 7209 7171
f 7213 7249 7248
f 7215 7174 7214
f 7175 7216 7214
f 7249 7213 7215
f 7253 7216 7217
f 7218 7254 7217
f 7218 7177 7219
f 7178 2026 2063
f 7221 7233 7196
f 7221 7181 7222
f 7191 7185 7223
f 7224 7257 7223
f 7186 7226 7258
f 7187 7227 7259
f 7225 7261 7260
f 7228 7227 7188
f 7228 7229 7263
f 7265 7190 7230
f 7231 7234 7197
f 7222 7198 7234
f 7235 7236 7267
f 7236 7202 7237
f 7266 7238 7201
f 7269 7239 7203
f 7241 7269 7240
f 7241 7206 7242
f 7207 7243 7271
f 7243 7208 7244
f 7246 7273 7244
f 7247 7211 7245
f 7247 7276 7275
f 7245 7212 7277
f 7279 7248 7249
f 7250 7214 7216
f 7251 7215 7250
f 7278 7249 7251
f 7252 7217 7254
f 7252 7284 7283
f 7255 7285 7254
f 7255 7219 2063
f 7256 7232 7233
f 7264 7230 7223
f 7257 7224 7258
f 7287 7258 7226
f 7262 7259 7227
f 7288 7260 7261
f 7291 7262 7263
f 7292 7263 7229
f 7292 7265 7264
f 7234 7231 7232
f 7295 7294 7266
f 7297 7267 7237
f 7238 7266 7294
f 7239 7269 7298
f 7270 7298 7269
f 7270 7242 7301
f 7302 7271 7243
f 7272 7244 7273
f 7305 7304 7273
f 7274 7306 7276
f 7276 7308 7307
f 7277 7309 7306
f 7248 7279 7309
f 7311 7279 7278
f 7253 7283 7280
f 7281 7251 7280
f 7278 7281 7313
f 7252 7282 7314
f 7315 7282 7254
f 7316 7283 7284
f 2094 2127 7285
f 7293 7264 7257
f 7318 7286 7258
f 7319 7287 7260
f 7320 7259 7262
f 7321 7289 7261
f 7292 7323 7290
f 7291 7290 7325
f 7292 7293 7326
f 7294 7295 7328
f 7296 7330 7329
f 7296 7294 7327
f 7268 7298 7331
f 7300 7331 7298
f 7300 7301 7334
f 7302 7272 7303
f 7334 7301 7271
f 7303 7273 7304
f 7338 7337 7304
f 7306 7339 7308
f 7305 7275 7307
f 7340 7341 7307
f 7309 7342 7339
f 7342 7309 7279
f 7312 7280 7283
f 7313 7344 7343
f 7317 7284 7314
f 7315 7346 7314
f 7285 2127 2157
f 7317 7348 7347
f 7326 7293 7286
f 7287 7319 7349
f 7319 7288 7351
f 7352 7320 7291
f 7321 7322 7320
f 7289 7321 7354
f 7355 7325 7290
f 7324 7325 7357
f 7358 7355 7323
f 7360 7359 7327
f 7329 7328 7295
f 7330 7362 7361
f 7330 7327 7359
f 7363 7332 7299
f 7333 7334 7366
f 7335 7366 7334
f 7336 7367 7335
f 7336 7304 7337
f 7370 7369 7337
f 7371 7340 7308
f 7338 7307 7341
f 7373 7372 7341
f 7342 7374 7371
f 7311 7375 7374
f 7376 7312 7316
f 7310 7343 7377
f 7344 7379 7378
f 7380 7381 7344
f 7382 7345 7314
f 7383 7348 7317
f 2157 2195 7346
f 7348 7385 7384
f 7349 7358 7326
f 7350 7386 7349
f 7350 7351 7388
f 7356 7389 7352
f 7353 7388 7351
f 7321 7352 7389
f 7353 7354 7391
f 7325 7355 7392
f 7355 7358 7393
f 7395 7359 7360
f 7361 7360 7328
f 7361 7362 7397
f 7397 7362 7359
f 7398 7364 7332
f 7400 7333 7365
f 7403 7402 7365
f 7367 7403 7366
f 7336 7368 7404
f 7369 7405 7368
f 7369 7370 7407
f 7340 7371 7408
f 7372 7407 7370
f 7372 7373 7410
f 7371 7374 7411
f 7374 7375 7412
f 7347 7384 7413
f 7414 7412 7375
f 7415 7377 7343
f 7416 7378 7379
f 7379 7344 7381
f 7376 7413 7381
f 7382 7346 2195
f 7419 7383 7345
f 7420 7385 7348
f 7385 7422 7421
f 7358 7349 7386
f 7387 7423 7386
f 7424 7425 7387
f 7389 7356 7427
f 7390 7424 7388
f 7426 7391 7354
f 7390 7391 7429
f 7357 7392 7431
f 7392 7393 7432
f 7394 7360 7361
f 7433 7395 7394
f 7397 7436 7435
f 7395 7433 7436
f 7364 7398 7437
f 7363 7400 7401
f 7401 7365 7402
f 7402 7403 7441
f 7404 7441 7403
f 7442 7404 7368
f 7443 7405 7369
f 7406 7407 7445
f 7447 7373 7408
f 7409 7445 7407
f 7409 7410 7449
f 7408 7411 7450
f 7450 7411 7412
f 7384 7421 7452
f 7377 7415 7453
f 7454 7451 7412
f 7456 7416 7417
f 7457 7417 7379
f 7381 7413 7458
f 7382 2231 2271
f 7459 7420 7383
f 7460 7422 7385
f 7462 7421 7422
f 7393 7386 7423
f 7463 7423 7387
f 7465 7464 7425
f 7466 7467 7426
f 7428 7465 7424
f 7467 7429 7391
f 7468 7428 7429
f 7470 7471 7430
f 7470 7431 7432
f 7396 7435 7434
f 7433 7434 7474
f 7476 7435 7436
f 7475 7436 7433
f 7477 7438 7399
f 7439 7437 7398
f 7439 7402 7440
f 7480 7479 7440
f 7442 7480 7441
f 7481 7442 7405
f 7444 7482 7443
f 7446 7484 7483
f 7445 7409 7448
f 7487 7448 7449
f 7483 7449 7410
f 7488 7484 7446
f 7489 7488 7450
f 7490 7452 7421
f 7453 7491 7454
f 7492 7493 7453
f 7494 7455 7417
f 7492 7415 7416
f 2271 2310 7495
f 7496 7460 7420
f 7460 7497 7461
f 7498 7499 7462
f 7472 7432 7423
f 7500 7463 7425
f 7501 7502 7464
f 7466 7427 7471
f 7505 7504 7467
f 7465 7428 7506
f 7429 7467 7504
f 7508 7468 7469
f 7470 7509 7503
f 7472 7510 7509
f 7474 7434 7435
f 7511 7473 7474
f 7475 7514 7513
f 7475 7473 7511
f 7438 7477 7515
f 7439 7478 7516
f 7440 7479 7517
f 7519 7518 7479
f 7481 7519 7480
f 7443 7482 7520
f 7522 7521 7482
f 7523 7485 7448
f 7486 7449 7483
f 7526 7525 7484
f 7488 7489 7527
f 7499 7528 7490
f 7452 7490 7529
f 7491 7453 7493
f 7494 7457 7533
f 7455 7494 7535
f 7456 7537 7536
f 7496 7539 7497
f 7495 7538 7496
f 7541 7461 7497
f 7498 7461 7541
f 7499 7498 7542
f 7510 7472 7463
f 7500 7464 7502
f 7546 7545 7502
f 7503 7547 7505
f 7548 7549 7504
f 7501 7506 7550
f 7469 7504 7549
f 7506 7468 7508
f 7508 7507 7552
f 7547 7503 7509
f 7553 7509 7510
f 7513 7512 7474
f 7555 7556 7511
f 7514 7558 7557
f 7511 7556 7558
f 7515 7559 2332
f 7516 7560 7515
f 7561 7560 7516
f 7517 7479 7563
f 7563 7479 7518
f 7518 7519 7566
f 7566 7519 7481
f 7520 7482 7521
f 7522 7569 7568
f 7485 7523 7522
f 7487 7571 7570
f 7573 7486 7524
f 7524 7484 7525
f 7525 7526 7575
f 7526 7527 7576
f 7577 7527 7489
f 7580 7529 7490
f 7581 7528 7499
f 7530 7493 7584
f 7491 7530 7585
f 7531 7586 7579
f 7532 7587 7535
f 7532 7533 7529
f 7535 7589 7588
f 7534 7590 7537
f 7592 7536 7537
f 7540 7497 7539
f 7539 7496 7538
f 7540 7596 7595
f 7541 7595 7597
f 7543 7542 7597
f 7500 7544 7554
f 7545 7599 7544
f 7545 7546 7601
f 7505 7547 7602
f 7603 7604 7549
f 7605 7601 7546
f 7507 7549 7604
f 7551 7605 7550
f 7551 7552 7607
f 7608 7602 7547
f 7553 7554 7609
f 7555 7512 7513
f 7556 7555 7611
f 7613 7557 7558
f 7612 7558 7556
f 7515 7560 7615
f 7616 7615 7560
f 7561 7517 7562
f 7518 7565 7617
f 7566 7619 7618
f 7567 7521 7568
f 7619 7520 7567
f 7523 7570 7569
f 7570 7571 7623
f 7572 7625 7624
f 7525 7574 7625
f 7574 7575 7627
f 7627 7575 7576
f 7577 7629 7576
f 7577 7578 7631
f 7578 7489 7579
f 7598 7633 7581
f 7583 7584 7635
f 7584 7493 7536
f 7583 7637 7585
f 7582 7585 7639
f 7586 7531 7641
f 7638 7641 7531
f 7589 7535 7587
f 7580 7643 7587
f 7588 7644 7590
f 7645 7588 7589
f 7591 7537 7590
f 7647 7636 7536
f 7591 7649 7648
f 2467 7650 7593
f 7594 7651 7596
f 7593 7650 7594
f 7653 7595 7596
f 7654 7597 7595
f 7598 7597 7654
f 7554 7544 7599
f 7656 7599 7545
f 7600 7601 7658
f 7548 7602 7659
f 7603 7661 7660
f 7662 7658 7601
f 7607 7552 7604
f 7606 7662 7605
f 7607 7664 7663
f 7665 7659 7602
f 7666 7665 7608
f 7613 7611 7555
f 7667 7610 7611
f 7612 7670 7669
f 7616 7673 7672
f 7562 7674 7673
f 7617 7615 7672
f 7565 7618 7675
f 7677 7618 7619
f 7567 7620 7678
f 7679 7620 7568
f 7622 7680 7569
f 7682 7624 7625
f 7683 7625 7574
f 7685 7626 7627
f 7686 7628 7576
f 7630 7687 7629
f 7630 7631 7689
f 7578 7632 7690
f 7633 7692 7691
f 7655 7693 7633
f 7583 7634 7693
f 7645 7635 7584
f 7585 7637 7694
f 7640 7690 7632
f 7641 7638 7696
f 7642 7587 7643
f 7642 7692 7635
f 7644 7697 7646
f 7644 7588 7645
f 7646 7699 7649
f 7698 7645 7636
f 7592 7648 7700
f 7648 7649 7702
f 7703 7650 2467
f 7652 7596 7651
f 7650 7703 7651
f 7705 7653 7652
f 7708 7707 7654
f 7707 7694 7655
f 7609 7599 7656
f 7600 7657 7709
f 7711 7657 7658
f 7659 7712 7661
f 7661 7714 7713
f 7715 7710 7658
f 7660 7713 7664
f 7662 7606 7663
f 7716 7663 7664
f 7718 7712 7659
f 7719 7718 7665
f 7667 7668 7721
f 7723 7669 7670
f 7725 7671 7614
f 7564 7672 7673
f 7678 7729 7728
f 7680 7731 7730
f 7622 7732 7731
f 7734 7735 7682
f 7736 7733 7624
f 7683 7626 7737
f 7738 7685 7684
f 7741 7740 7628
f 7688 7742 7687
f 7688 7689 7744
f 7689 7631 7690
f 7693 7634 7692
f 7637 7693 7655
f 7707 7696 7639
f 7690 7640 7746
f 7747 7748 7695
f 7699 7646 7697
f 7698 7750 7697
f 7751 7649 7699
f 7647 7700 7750
f 7753 7754 7700
f 7701 7702 7756
f 7753 7648 7701
f 7759 7758 7703
f 7706 7758 7760
f 7708 7747 7696
f 7656 7709 7719
f 7657 7711 7761
f 7763 7711 7710
f 7714 7661 7712
f 7714 7766 7765
f 7762 7710 7715
f 7713 7765 7717
f 7716 7767 7715
f 7717 7769 7768
f 7770 7764 7712
f 7718 7719 7771
f 7667 7720 7772
f 7774 7720 7721
f 7776 7775 7721
f 7722 7772 7777
f 7724 7671 7725
f 7728 7779 7725
f 7728 7729 7780
f 7678 7679 7781
f 7679 7730 7782
f 7784 7730 7731
f 7785 7732 7623
f 7736 7682 7735
f 7734 7789 7788
f 7736 7790 7786
f 7734 7737 7791
f 7739 7793 7792
f 7740 7739 7684
f 7738 7791 7737
f 7740 7741 7796
f 7686 7794 7797
f 7798 7687 7742
f 7800 7742 7688
f 7744 7746 7748
f 7695 7748 7746
f 7743 7748 7747
f 7752 7699 7749
f 7802 7749 7697
f 7752 7804 7803
f 7750 7700 7754
f 7757 7805 7754
f 7755 7756 7807
f 7751 7803 7756
f 7755 7808 7757
f 7704 7703 7758
f 7760 7758 7759
f 7760 7747 7708
f 7709 7761 7771
f 7810 7761 7711
f 7812 7763 7762
f 7764 7813 7766
f 7815 7765 7766
f 7811 7762 7767
f 7769 7717 7765
f 7716 7768 7816
f 7769 7818 7817
f 7770 7819 7813
f 7771 7820 7819
f 7772 7720 7774
f 7773 7721 7775
f 7774 7773 7824
f 7775 7776 7723
f 7777 7772 7821
f 7724 7778 7827
f 7828 7829 7779
f 7729 7781 7830
f 7831 7830 7781
f 7782 7730 7784
f 7783 7731 7834
f 7783 2655 2654
f 7785 7681 7786
f 7835 7834 7732
f 7787 7735 7788
f 7787 7837 7790
f 7788 7789 7839
f 7786 7790 7841
f 7789 7791 7842
f 7738 7792 7842
f 7792 7793 7844
f 7740 7795 7793
f 7741 7797 7845
f 7799 7847 7846
f 7800 7849 7848
f 7809 7850 7800
f 7801 7749 7802
f 7804 7752 7801
f 7853 7803 7804
f 7851 7802 7754
f 7855 7805 7757
f 7806 7856 7808
f 7806 7807 7858
f 7853 7807 7756
f 7820 7771 7761
f 7763 7812 7859
f 7811 7861 7860
f 7814 7766 7813
f 7864 7815 7814
f 7816 7865 7861
f 7815 7864 7818
f 7768 7817 7865
f 7866 7817 7818
f 7862 7813 7819
f 7868 7819 7820
f 7870 7821 7774
f 7773 7822 7871
f 7822 7775 7777
f 7823 7824 7873
f 7821 7870 7874
f 7876 7877 7827
f 7780 7830 7878
f 7876 7829 7828
f 7831 7782 7832
f 7830 7831 7881
f 7832 7784 2654
f 2655 7783 7833
f 7833 7834 7835
f 7786 7840 7883
f 7787 7836 7884
f 7836 7788 7838
f 7886 7841 7790
f 7838 7839 7888
f 7889 7890 7840
f 7891 7839 7842
f 7843 7844 7894
f 7895 7844 7793
f 7843 7896 7892
f 7897 7898 7796
f 7797 7798 7846
f 7900 7846 7847
f 7848 7901 7847
f 7849 7902 7901
f 7849 7800 7850
f 7852 7801 7851
f 7852 7905 7854
f 7906 7907 7853
f 7904 7851 7805
f 7808 7856 7908
f 7857 7909 7856
f 7857 7858 7911
f 7907 7858 7807
f 7810 7859 7869
f 7912 7859 7812
f 7861 7914 7913
f 7863 7814 7862
f 7863 7917 7916
f 7914 7861 7865
f 7864 7916 7867
f 7918 7865 7817
f 7920 7866 7867
f 7868 7921 7915
f 7869 7922 7921
f 7870 7823 7872
f 7924 7873 7824
f 7874 7871 7822
f 7925 7926 7872
f 7927 7874 7870
f 7875 7827 7877
f 7879 7930 7877
f 7878 7931 7879
f 7831 7880 7932
f 7878 7881 7933
f 7882 2757 2704
f 7890 7934 7883
f 7837 7884 7935
f 7936 7884 7836
f 7885 7838 7887
f 7841 7886 7938
f 7887 7888 7940
f 7941 7888 7839
f 7889 7943 7942
f 7843 7893 7944
f 7893 7894 7946
f 7947 7894 7844
f 7895 7796 7898
f 7845 7846 7900
f 7949 7948 7898
f 7901 7950 7899
f 7952 7900 7899
f 7902 7953 7950
f 7903 7954 7902
f 7904 7955 7905
f 7854 7905 7956
f 7958 7957 7907
f 7855 7908 7955
f 7908 7856 7909
f 7909 7857 7910
f 7961 7962 7910
f 7957 7911 7858
f 7922 7869 7859
f 7860 7913 7963
f 7964 7913 7914
f 7915 7966 7917
f 7917 7968 7967
f 7918 7969 7965
f 7919 7867 7916
f 7969 7918 7866
f 7970 7971 7920
f 7966 7915 7921
f 7972 7921 7922
f 7924 7871 7874
f 7974 7925 7873
f 7925 7976 7975
f 7923 7926 7977
f 7980 7979 7929
f 7931 7981 7930
f 7881 7932 7982
f 2757 7882 7983
f 7942 7985 7934
f 7886 7935 7986
f 7987 7935 7884
f 7988 7937 7887
f 7938 7989 7943
f 7991 7990 7939
f 7992 7940 7888
f 7891 7994 7993
f 7942 7943 7996
f 7997 7944 7893
f 7945 7946 7999
f 8000 7946 7894
f 7947 7898 7948
f 7900 7952 7949
f 7948 7949 8002
f 7951 7899 7950
f 8003 7950 7953
f 7953 7902 7954
f 7905 7955 8006
f 7956 8007 7958
f 8009 8008 7957
f 7959 8006 7955
f 7960 8010 7959
f 7960 7910 7962
f 8013 8012 7962
f 8014 7911 7957
f 7912 7963 7973
f 8015 7963 7913
f 7965 8017 8016
f 7966 8018 7968
f 8020 7967 7968
f 8017 7965 7969
f 7970 7919 7967
f 7969 7920 7971
f 8023 8022 7971
f 7972 8024 8018
f 7973 8025 8024
f 7924 7927 7977
f 8026 7976 7925
f 8027 7977 7926
f 7976 8029 8028
f 7929 7979 8031
f 8032 7928 7930
f 7933 7982 8033
f 7983 8035 8034
f 8036 7983 7882
f 7995 8037 7985
f 7986 7935 7987
f 8040 8039 7987
f 7939 8042 8041
f 8042 7939 7990
f 7991 8045 8044
f 8046 7991 7940
f 7993 8047 7992
f 7994 8049 8048
f 8050 8051 7995
f 7997 7945 7998
f 8049 7994 7944
f 8053 8054 7998
f 8055 7999 7946
f 8000 7948 8001
f 7949 7952 8056
f 8058 8001 8002
f 8003 8059 8056
f 8004 8060 8059
f 8005 8061 8004
f 8007 7956 8006
f 7958 8007 8063
f 8009 8065 8064
f 8010 8062 8006
f 8011 8066 8010
f 8011 7962 8012
f 8068 8069 8012
f 8014 8070 8013
f 8008 8064 8070
f 7963 8015 8025
f 7964 8016 8071
f 8073 8016 8017
f 8019 7968 8018
f 8019 8076 8075
f 8021 8077 8072
f 8020 8075 8023
f 8021 7971 8022
f 8022 8023 8079
f 8074 8018 8024
f 8080 8024 8025
f 7974 7977 8027
f 8026 8082 8029
f 7975 8028 8083
f 8085 8028 8029
f 8086 8087 7980
f 5165 5163 8030
f 8089 8030 7978
f 8090 8031 7979
f 7981 8033 8092
f 8035 7985 8037
f 8037 7995 8051
f 8038 7987 8039
f 8096 7989 7986
f 8097 8098 8039
f 7988 8041 8097
f 8042 8100 8099
f 8043 8101 8100
f 8102 8043 7990
f 8103 8044 8045
f 8105 8045 7991
f 8046 7992 8047
f 8048 8107 8047
f 8099 8048 8049
f 7996 7989 8109
f 8050 8111 8110
f 8052 8108 8049
f 8054 8098 8052
f 8112 8053 7999
f 8054 8053 8113
f 8055 8001 8058
f 8002 8056 8059
f 8110 8111 8058
f 8057 8059 8060
f 8060 8004 8061
f 8063 8007 8062
f 8115 8065 8009
f 8117 8064 8065
f 8114 8062 8010
f 8066 8011 8067
f 8119 8067 8012
f 8068 8013 8070
f 8121 8069 8068
f 8120 8070 8064
f 8015 8071 8081
f 8016 8073 8123
f 8072 8125 8124
f 8019 8074 8126
f 8077 8127 8125
f 8075 8128 8079
f 8078 8127 8077
f 8079 8130 8129
f 8131 8126 8074
f 8081 8132 8131
f 8026 8027 8083
f 8084 8029 8082
f 8134 8083 8028
f 8084 8133 8135
f 8086 8137 8136
f 8089 8138 8088
f 8090 8091 8141
f 8087 8136 8091
f 8143 8142 8032
f 8094 8061 8093
f 8051 8110 8060
f 8095 8039 8098
f 8113 8096 8038
f 8108 8052 8098
f 8041 8099 8108
f 8100 8107 8048
f 8101 8144 8107
f 8145 8101 8043
f 8146 8102 8044
f 8147 8103 8104
f 8104 8045 8105
f 8046 8106 8150
f 8106 8047 8107
f 8050 8109 8151
f 8053 8112 8151
f 8058 8111 8151
f 8152 8115 8063
f 8116 8065 8115
f 8116 8155 8154
f 8066 8118 8152
f 8118 8067 8119
f 8157 8119 8069
f 8120 8158 8122
f 8159 8121 8122
f 8117 8154 8158
f 8132 8081 8071
f 8161 8123 8073
f 8163 8124 8125
f 8164 8128 8076
f 8162 8125 8127
f 8128 8166 8130
f 8078 8129 8165
f 8130 8168 8167
f 8126 8131 8169
f 8169 8131 8132
f 8082 8083 8134
f 8135 8133 8134
f 8171 8136 8137
f 8139 8088 8138
f 8140 8138 8089
f 8176 8177 8140
f 8141 8091 8136
f 8179 8142 8143
f 8096 8113 8151
f 8180 8144 8101
f 8181 8146 8103
f 8148 8183 8182
f 8148 8104 8149
f 8105 8150 8185
f 8144 8180 8150
f 8115 8152 8186
f 8187 8155 8116
f 8188 8189 8154
f 8156 8186 8152
f 8190 8156 8119
f 8159 8191 8157
f 8160 8122 8158
f 8159 8160 8194
f 8158 8154 8189
f 8123 8161 8170
f 8195 8161 8124
f 8164 8196 8166
f 8162 8165 8198
f 8168 8130 8166
f 8129 8167 8198
f 8201 8167 8168
f 8164 8169 8202
f 8169 8170 8203
f 8204 8171 8172
f 8172 8137 8173
f 8139 8174 8207
f 8174 8138 8140
f 8143 2969 5172
f 8210 8209 8179
f 8180 8145 8213
f 8215 8214 8146
f 8147 8182 8216
f 8182 8183 8218
f 8219 8183 8148
f 8149 8185 8220
f 8150 8180 8212
f 8153 8186 8221
f 8155 8187 8222
f 8224 8223 8189
f 8190 8221 8186
f 8225 8190 8157
f 8193 8226 8191
f 8192 8227 8194
f 8228 8229 8193
f 8189 8223 8227
f 8161 8195 8203
f 8163 8197 8230
f 8231 8199 8166
f 8233 8197 8198
f 8234 8200 8168
f 8232 8198 8167
f 8200 8236 8235
f 8202 8237 8231
f 8238 8237 8202
f 8205 8240 8239
f 8241 8205 8172
f 8207 8242 8208
f 8243 8207 8174
f 8178 5172 8211
f 8209 8210 8247
f 8212 8213 8251
f 8215 8251 8213
f 8181 8216 8252
f 8182 8217 8253
f 8254 8255 8217
f 8183 8219 8256
f 8184 8220 8257
f 8185 8212 8250
f 8187 8221 8258
f 8188 8222 8259
f 8261 8260 8223
f 8225 8258 8221
f 8225 8191 8226
f 8229 8263 8226
f 8194 8227 8264
f 8266 8265 8229
f 8227 8223 8260
f 8238 8203 8195
f 8233 8267 8230
f 8268 8234 8199
f 8232 8270 8269
f 8236 8200 8234
f 8201 8235 8270
f 8236 8273 8272
f 8231 8237 8274
f 8275 8274 8237
f 8277 8276 8239
f 8205 8241 8278
f 8241 8206 8280
f 8208 8242 8281
f 8207 8243 8282
f 8245 8283 8243
f 3037 8244 8284
f 8176 8239 8276
f 8249 8247 8210
f 8285 8246 8247
f 8279 8280 8209
f 8248 8286 8247
f 8288 8289 8250
f 8251 8215 8252
f 8290 8252 8216
f 8218 8256 8291
f 8292 8293 8255
f 8219 8257 8294
f 8220 8250 8289
f 8295 8259 8222
f 8224 8259 8296
f 8260 8261 8298
f 8262 8295 8258
f 8262 8226 8263
f 8265 8300 8263
f 8228 8264 8301
f 8303 8265 8266
f 8264 8260 8297
f 8238 8230 8267
f 8269 8304 8267
f 8305 8271 8234
f 8270 8307 8306
f 8308 8273 8236
f 8270 8235 8272
f 8309 8272 8273
f 8268 8274 8311
f 8274 8275 8312
f 8240 8278 8313
f 8314 8278 8241
f 8284 8244 8281
f 8316 8281 8242
f 5175 8284 8317
f 8318 8319 8285
f 8279 8246 8285
f 8248 8287 8321
f 5178 5180 8322
f 8324 8323 8289
f 8288 8252 8290
f 8325 8290 8253
f 8254 8291 8327
f 8329 8328 8291
f 8330 8255 8293
f 8333 8332 8293
f 8323 8294 8257
f 8334 8296 8259
f 8335 8298 8261
f 8337 8297 8298
f 8295 8262 8299
f 8263 8300 8338
f 8303 8339 8300
f 8302 8266 8301
f 8302 8342 8341
f 8297 8337 8340
f 8275 8267 8304
f 8306 8344 8304
f 8305 8345 8308
f 8346 8344 8306
f 8309 8346 8307
f 8309 8310 8348
f 8311 8349 8345
f 8311 8312 8350
f 8352 8351 8277
f 8278 8314 8353
f 8355 8354 8314
f 8284 8315 8356
f 8315 8281 8358
f 8316 8282 8283
f 8359 5179 3114
f 8319 8360 8320
f 8318 8362 8361
f 8320 8363 8355
f 8364 8321 8287
f 8323 8324 8367
f 8325 8367 8324
f 8330 8368 8325
f 8292 8327 8369
f 8370 8327 8291
f 8366 8371 8328
f 8331 8372 8368
f 8331 8293 8332
f 8332 8333 8375
f 8366 8329 8294
f 8334 8376 8335
f 8377 8336 8298
f 8336 8379 8378
f 8299 8338 8376
f 8380 8338 8300
f 8303 8341 8381
f 8340 8382 8342
f 8384 8341 8342
f 8382 8340 8337
f 8385 8343 8304
f 8345 8348 8310
f 8344 8346 8386
f 8347 8386 8346
f 8347 8348 8388
f 8349 8388 8348
f 8350 8390 8389
f 8351 8352 8358
f 8313 8353 8391
f 8353 8314 8354
f 8363 8393 8354
f 8394 8359 8317
f 8356 8315 8357
f 8396 8397 8357
f 5179 8359 8398
f 8363 8320 8360
f 8400 8401 8360
f 8362 8403 8402
f 8321 8364 8362
f 8322 8365 8404
f 8366 8367 8406
f 8368 8406 8367
f 8407 8375 8333
f 8408 8369 8327
f 8328 8371 8409
f 8406 8368 8372
f 8373 8411 8372
f 8374 8412 8373
f 8413 8414 8374
f 8377 8335 8376
f 8377 8416 8379
f 8379 8418 8417
f 8415 8376 8338
f 8419 8380 8339
f 8341 8384 8420
f 8383 8342 8382
f 8383 8423 8422
f 8378 8417 8421
f 8385 8424 8312
f 8386 8425 8424
f 8387 8425 8386
f 8427 8387 8388
f 8390 8350 8424
f 8396 8358 8352
f 8392 8430 8429
f 8354 8393 8431
f 8399 8432 8393
f 8433 8394 8356
f 8359 8394 8434
f 8395 8357 8397
f 8437 8436 8397
f 8438 5183 3192
f 8399 8360 8401
f 8401 8400 8441
f 8361 8402 8441
f 8442 8402 8403
f 8403 8362 8364
f 8365 8405 8444
f 8410 8409 8371
f 8407 8369 8408
f 8375 8407 8447
f 8448 8408 8370
f 8410 8372 8411
f 8412 8450 8411
f 8414 8451 8412
f 8453 8452 8414
f 8416 8377 8415
f 8418 8379 8416
f 8456 8417 8418
f 8454 8415 8380
f 8381 8420 8458
f 8459 8420 8384
f 8421 8460 8423
f 8462 8422 8423
f 8460 8421 8417
f 8428 8424 8425
f 8387 8427 8463
f 8464 8426 8388
f 8426 8466 8465
f 8468 8390 8428
f 8391 8429 8437
f 8437 8429 8430
f 8470 8430 8392
f 8471 8431 8393
f 8399 8439 8472
f 8433 8395 8435
f 8474 8434 8394
f 8398 8434 8475
f 8435 8397 8436
f 8477 8436 8437
f 8440 8479 8439
f 8440 8441 8481
f 8441 8402 8442
f 8482 8442 8443
f 8404 8444 8443
f 8405 8445 8484
f 8409 8410 8449
f 8446 8486 8447
f 8446 8408 8448
f 8447 8488 8453
f 8449 8411 8450
f 8451 8490 8450
f 8452 8491 8451
f 8452 8453 8493
f 8454 8494 8455
f 8455 8495 8457
f 8496 8456 8457
f 8419 8458 8494
f 8498 8458 8420
f 8499 8459 8422
f 8461 8423 8460
f 8501 8502 8462
f 8496 8500 8460
f 8503 8467 8428
f 8504 8463 8427
f 8464 8505 8466
f 8466 8507 8506
f 8464 8390 8468
f 8509 8508 8468
f 8430 8470 8510
f 8431 8471 8511
f 8512 8471 8432
f 8472 8439 8479
f 8473 8514 8474
f 8515 8473 8435
f 8474 8516 8475
f 8438 8475 8517
f 8518 8476 8436
f 8469 8510 8519
f 8480 8521 8479
f 8522 8523 8480
f 8524 8481 8442
f 8483 8526 8525
f 8483 8443 8444
f 8445 8485 8527
f 8487 8448 8449
f 8486 8529 8488
f 8487 8530 8486
f 8531 8493 8453
f 8489 8450 8490
f 8491 8533 8490
f 8492 8534 8491
f 8535 8536 8492
f 8494 8537 8495
f 8497 8457 8495
f 8497 8540 8539
f 8537 8494 8458
f 8459 8499 8541
f 8499 8462 8502
f 8543 8501 8461
f 8544 8545 8502
f 8539 8543 8500
f 8503 8546 8509
f 8465 8506 8547
f 8505 8548 8507
f 8549 8506 8507
f 8508 8548 8505
f 8508 8509 8552
f 8553 8510 8470
f 8554 8511 8471
f 8472 8513 8555
f 8521 8556 8513
f 8514 8557 8516
f 8558 8514 8473
f 8476 8518 8559
f 8517 8475 8516
f 8517 8561 8520
f 8477 8519 8562
f 8563 8519 8510
f 8523 8565 8521
f 8567 8566 8523
f 8482 8525 8568
f 8570 8569 8525
f 8484 8527 8526
f 8571 8527 8485
f 8489 8532 8530
f 8574 8488 8529
f 8530 8575 8529
f 8531 8576 8535
f 8532 8490 8533
f 8533 8491 8534
f 8536 8579 8534
f 8535 8581 8580
f 8538 8495 8537
f 8583 8540 8497
f 8540 8585 8584
f 8582 8537 8498
f 8499 8542 8586
f 8542 8502 8545
f 8501 8543 8588
f 8544 8590 8589
f 8539 8584 8588
f 8546 8591 8552
f 8504 8547 8546
f 8592 8547 8506
f 8507 8548 8593
f 8594 8549 8550
f 8551 8593 8548
f 8551 8552 8597
f 8511 8554 8598
f 8599 8554 8512
f 8555 8513 8556
f 8565 8601 8556
f 8515 8559 8602
f 8518 8562 8603
f 8560 8604 8561
f 8561 8605 8564
f 8606 8562 8519
f 8553 8598 8607
f 8566 8609 8565
f 8566 8567 8611
f 8524 8568 8567
f 8568 8525 8569
f 8569 8570 8614
f 8527 8571 8570
f 8615 8571 8528
f 8577 8575 8530
f 8573 8529 8575
f 8573 8618 8617
f 8535 8576 8619
f 8574 8617 8576
f 8578 8620 8577
f 8578 8534 8579
f 8622 8579 8536
f 8624 8580 8581
f 8582 8625 8583
f 8585 8540 8583
f 8627 8584 8585
f 8541 8586 8625
f 8629 8586 8542
f 8545 8589 8630
f 8590 8544 8588
f 8633 8589 8590
f 8631 8588 8584
f 8552 8591 8634
f 8547 8592 8591
f 8635 8592 8549
f 8595 8550 8593
f 8595 8638 8637
f 8596 8636 8593
f 8640 8596 8597
f 8641 8598 8554
f 8555 8600 8642
f 8600 8556 8601
f 8644 8601 8565
f 8558 8602 8645
f 8646 8602 8559
f 8647 8603 8562
f 8604 8648 8605
f 8560 8557 8649
f 8564 8605 8650
f 8563 8607 8651
f 8652 8607 8598
f 5189 5188 8608
f 8610 8654 8609
f 8610 8611 8656
f 8567 8568 8612
f 8613 8657 8612
f 8613 8614 8659
f 8571 8615 8614
f 3441 8660 8615
f 8616 8575 8577
f 8616 8661 8618
f 8662 8617 8618
f 8619 8664 8623
f 8619 8576 8617
f 8578 8621 8665
f 8666 8621 8579
f 8580 8624 8667
f 8623 8669 8668
f 8626 8583 8625
f 8626 8671 8628
f 8628 8673 8672
f 8670 8625 8586
f 8674 8629 8587
f 8675 8630 8589
f 8631 8676 8632
f 8677 8633 8632
f 8627 8672 8676
f 8639 8597 8634
f 8634 8591 8592
f 8681 8680 8635
f 8636 8682 8638
f 8684 8637 8638
f 8682 8636 8596
f 8639 8686 8685
f 8599 8642 8687
f 8688 8642 8600
f 8689 8643 8601
f 8690 8644 8609
f 8691 8646 8603
f 8606 8651 8692
f 8605 8648 8693
f 8649 8694 8648
f 8608 8650 8695
f 8651 8607 8652
f 8641 8687 8697
f 8655 8699 8654
f 8655 8656 8701
f 8611 8612 8657
f 8658 8702 8657
f 8658 8659 8704
f 8660 8659 8614
f 8660 3441 3487
f 8620 8665 8661
f 8661 8707 8663
f 8663 8709 8708
f 8669 8623 8664
f 8662 8708 8664
f 8711 8665 8621
f 8622 8667 8712
f 8713 8667 8624
f 8714 8668 8669
f 8671 8626 8670
f 8717 8673 8628
f 8719 8672 8673
f 8674 8716 8670
f 8630 8675 8720
f 8721 8675 8633
f 8678 8632 8676
f 8677 8678 8724
f 8722 8676 8672
f 8679 8725 8686
f 8635 8680 8679
f 8680 8681 8727
f 8683 8638 8682
f 8637 8684 8727
f 8730 8729 8684
f 8731 8728 8682
f 8686 8733 8732
f 8687 8642 8688
f 8735 8688 8643
f 8644 8690 8736
f 8699 8737 8690
f 8739 8691 8647
f 8692 8651 8696
f 8741 8695 8650
f 8742 8693 8648
f 8649 8645 8743
f 8744 8698 8653
f 8697 8687 8734
f 5192 5190 8698
f 8700 8747 8699
f 8748 8749 8700
f 8656 8657 8702
f 8703 8750 8702
f 8703 8704 8752
f 8705 8704 8659
f 8706 8753 8705
f 8665 8711 8707
f 8709 8663 8707
f 8756 8708 8709
f 8664 8708 8756
f 8710 8757 8715
f 8666 8712 8758
f 8759 8712 8667
f 8760 8713 8668
f 8714 8715 8762
f 8716 8763 8717
f 8718 8673 8717
f 8718 8766 8765
f 8674 8720 8763
f 8767 8720 8675
f 8677 8723 8768
f 8769 8724 8678
f 8723 8724 8771
f 8719 8765 8769
f 8725 8772 8733
f 8679 8680 8726
f 8726 8727 8774
f 8728 8775 8730
f 8774 8727 8684
f 8777 8776 8729
f 8728 8731 8778
f 8731 8685 8732
f 8780 8732 8733
f 8735 8781 8734
f 8689 8736 8782
f 8783 8736 8690
f 8747 8784 8737
f 8785 8739 8692
f 8786 8738 8691
f 8740 8696 8788
f 8741 8693 8742
f 8695 8741 8790
f 8791 8694 8743
f 8793 8746 8698
f 8745 8734 8781
f 8745 8796 8794
f 8749 8798 8747
f 8701 8702 8750
f 8800 8799 8749
f 8751 8801 8750
f 8752 8803 8802
f 8704 8705 8753
f 8706 3581 8804
f 8754 8707 8711
f 8755 8709 8754
f 8807 8756 8755
f 8756 8807 8757
f 8762 8715 8757
f 8809 8758 8712
f 8810 8759 8713
f 8714 8761 8811
f 8813 8812 8761
f 8763 8814 8764
f 8764 8815 8766
f 8816 8765 8766
f 8720 8767 8814
f 8818 8767 8721
f 8768 8723 8770
f 8820 8771 8724
f 8770 8771 8822
f 8765 8816 8820
f 8779 8733 8772
f 8725 8726 8773
f 8824 8773 8774
f 8775 8826 8777
f 8776 8825 8774
f 8776 8777 8828
f 8826 8775 8778
f 8829 8778 8732
f 8831 8830 8780
f 8782 8832 8781
f 8833 8782 8736
f 8834 8783 8737
f 8798 8835 8784
f 8785 8740 8787
f 8837 8786 8739
f 8738 8786 8792
f 8839 8838 8787
f 8789 8840 8790
f 8789 8742 8791
f 8744 8790 8842
f 8792 8843 8841
f 8746 8793 8844
f 8795 8845 8796
f 8832 8846 8795
f 8788 8794 8796
f 8799 8848 8798
f 8748 8750 8801
f 8849 8850 8799
f 8851 8801 8751
f 8852 8802 8803
f 8803 8752 8753
f 8804 3581 3633
f 8758 8809 8805
f 8806 8755 8805
f 8806 8857 8856
f 8856 8808 8757
f 8813 8762 8808
f 8759 8810 8859
f 8860 8810 8760
f 8761 8812 8861
f 8863 8812 8813
f 8815 8764 8814
f 8766 8815 8865
f 8867 8816 8817
f 8864 8814 8767
f 8819 8868 8818
f 8821 8869 8819
f 8771 8820 8870
f 8821 8822 8872
f 8823 8873 8831
f 8823 8772 8773
f 8874 8824 8825
f 8876 8828 8777
f 8875 8825 8776
f 8827 8828 8878
f 8879 8876 8826
f 8829 8780 8830
f 8880 8830 8831
f 8833 8882 8832
f 8883 8833 8783
f 8834 8784 8835
f 8848 8885 8835
f 8785 8836 8886
f 8838 8887 8836
f 8843 8792 8786
f 8888 8889 8838
f 8840 8891 8890
f 8840 8789 8841
f 8893 8844 8793
f 8892 8841 8843
f 8844 8895 8847
f 8839 8796 8845
f 8845 8795 8846
f 8846 8832 8882
f 8850 8899 8848
f 8849 8800 8801
f 8901 8900 8850
f 8902 8851 8802
f 8853 8904 8903
f 8804 8854 8853
f 8809 8859 8855
f 8855 8906 8857
f 8857 8908 8907
f 8858 8808 8856
f 8858 8909 8862
f 8910 8859 8810
f 8811 8861 8911
f 8912 8861 8812
f 8914 8863 8862
f 8864 8915 8865
f 8817 8865 8916
f 8867 8917 8870
f 8866 8919 8918
f 8868 8915 8864
f 8869 8920 8868
f 8871 8921 8869
f 8822 8870 8917
f 8872 8923 8922
f 8873 8924 8881
f 8873 8823 8824
f 8874 8875 8926
f 8927 8878 8828
f 8875 8827 8877
f 8928 8929 8877
f 8876 8879 8930
f 8880 8930 8879
f 8881 8932 8931
f 8833 8883 8933
f 8934 8883 8834
f 8884 8835 8885
f 8885 8848 8899
f 8837 8886 8894
f 8937 8886 8836
f 8887 8838 8889
f 8940 8939 8889
f 8941 8890 8891
f 8892 8943 8891
f 8944 8895 8844
f 8893 8842 8890
f 8894 8945 8943
f 8898 8847 8895
f 8888 8845 8896
f 8897 8882 8933
f 8900 8949 8899
f 8851 8902 8901
f 8950 8951 8900
f 8903 8952 8902
f 8953 8954 8903
f 8854 8905 8904
f 8906 8855 8859
f 8906 8956 8908
f 8907 8908 8958
f 8907 8957 8909
f 8913 8862 8909
f 8860 8911 8960
f 8961 8911 8861
f 8962 8912 8863
f 8964 8963 8914
f 8916 8865 8915
f 8866 8916 8966
f 8867 8918 8967
f 8968 8918 8919
f 8965 8915 8868
f 8921 8970 8920
f 8922 8971 8921
f 8872 8917 8967
f 8972 8971 8922
f 8932 8881 8924
f 8925 8924 8873
f 8974 8973 8925
f 8975 8928 8878
f 8926 8877 8929
f 8977 8976 8929
f 8927 8930 8978
f 8880 8931 8978
f 8932 8980 8979
f 8981 8933 8883
f 8934 8884 8935
f 8935 8885 8936
f 8899 8949 8984
f 8945 8894 8886
f 8937 8887 8938
f 8938 8889 8939
f 8939 8940 8988
f 8943 8989 8942
f 8944 8893 8941
f 8991 8946 8895
f 8989 8943 8945
f 8948 8898 8946
f 8896 8994 8988
f 8933 8981 8995
f 8951 8997 8949
f 8901 8902 8952
f 8950 8999 8998
f 8952 8903 8954
f 8953 8904 8905
f 8954 8953 9002
f 8910 8960 8956
f 9004 8958 8908
f 9005 8957 8958
f 8909 8957 9005
f 8964 8913 8959
f 8911 8961 9008
f 8961 8912 8962
f 8914 8963 9010
f 9011 9012 8963
f 8965 9013 8966
f 8919 8966 9015
f 8968 8969 9016
f 8920 8970 9013
f 8970 8921 8971
f 8972 8923 8967
f 9017 8971 8972
f 8980 8932 8973
f 9019 9018 8973
f 8928 8975 9020
f 8974 8929 8976
f 8976 8977 9022
f 9020 8975 8978
f 9023 8978 8931
f 8979 8980 9025
f 9026 8981 8934
f 8982 8935 8983
f 8936 8984 9028
f 8997 9029 8984
f 8937 8985 8992
f 8986 9030 8985
f 8986 8939 8987
f 8988 9033 9032
f 9034 8942 8989
f 9036 8991 8944
f 8946 8991 9037
f 9035 8989 8992
f 8993 9039 8996
f 9033 8988 8994
f 8947 8995 9040
f 9041 8995 8981
f 8998 9043 8997
f 8950 8952 9000
f 8998 8999 9045
f 9000 8954 9001
f 9002 8953 8955
f 9002 9048 9047
f 8960 9008 9004
f 9006 8958 9004
f 9051 9005 9006
f 8959 9005 9051
f 9007 9052 9011
f 9053 9008 8961
f 9009 8962 9010
f 8963 9012 9055
f 9012 9011 9057
f 9015 8966 9013
f 9015 9060 9059
f 9061 9016 8969
f 9017 9016 9061
f 9063 9025 8980
f 9063 9018 9019
f 9065 9022 8977
f 9021 9064 9019
f 9022 9067 9066
f 9023 9068 9065
f 9023 8979 9024
f 9024 9025 9070
f 8983 9028 9071
f 9072 9028 8984
f 9029 8997 9043
f 8985 9030 9038
f 9031 9074 9030
f 9031 8987 9032
f 9076 9032 9033
f 9078 9079 9034
f 8991 9036 9080
f 9039 8993 9037
f 9035 9038 9082
f 9042 8996 9039
f 9077 9033 9040
f 9084 9040 8995
f 9026 9027 9085
f 9042 9086 3881
f 9043 8998 9044
f 9046 9045 8999
f 9044 9045 9089
f 9046 9001 9047
f 9048 9002 9003
f 9091 9047 9048
f 9004 9008 9053
f 9093 9050 9006
f 9095 9094 9051
f 9051 9094 9052
f 9052 9096 9057
f 9009 9054 9097
f 9098 9054 9010
f 9099 9055 9012
f 9101 9056 9057
f 9017 9062 9058
f 9102 9060 9015
f 9103 9059 9060
f 9105 9106 9061
f 9062 9061 9106
f 9108 9070 9025
f 9064 9110 9109
f 9111 9067 9022
f 9021 9066 9110
f 9066 9067 9113
f 9065 9068 9114
f 9069 9114 9068
f 9069 9070 9116
f 9071 9117 9085
f 9118 9071 9028
f 9072 9029 9073
f 9073 9043 9087
f 9030 9074 9082
f 9075 9121 9074
f 9122 9075 9032
f 9077 9124 9123
f 9079 9080 9036
f 9078 9126 9125
f 9037 9080 9127
f 9081 9128 9083
f 9078 9082 9129
f 9083 9130 9086
f 9124 9077 9084
f 9131 9084 9041
f 3881 9086 9132
f 9088 9133 9087
f 9090 9089 9045
f 9088 9089 9135
f 9047 9091 9136
f 3928 9092 9048
f 9053 9097 9093
f 9050 9093 9137
f 9095 9139 9138
f 9096 9052 9094
f 9100 9057 9096
f 9141 9097 9054
f 9055 9099 9142
f 9056 9101 9143
f 9144 9101 9100
f 9107 9102 9058
f 9146 9104 9060
f 9104 9148 9147
f 9059 9103 9149
f 9149 9150 9106
f 9150 9151 9107
f 9152 9116 9070
f 9154 9109 9110
f 9155 9113 9067
f 9153 9110 9066
f 9113 9157 9156
f 9111 9114 9158
f 9115 9158 9114
f 9115 9116 9160
f 9131 9085 9117
f 9118 9162 9117
f 9119 9162 9118
f 9120 9163 9119
f 9120 9087 9133
f 9129 9082 9074
f 9165 9121 9075
f 9076 9123 9166
f 9124 9168 9167
f 9125 9127 9080
f 9126 9170 9169
f 9127 9171 9128
f 9128 9172 9130
f 9170 9126 9129
f 9174 9132 9086
f 9131 9161 9168
f 3927 9132 9175
f 9134 9176 9133
f 9090 9136 9135
f 9134 9135 9178
f 9091 9180 9179
f 5197 9181 9092
f 9097 9141 9137
f 9137 9182 9139
f 9139 9184 9183
f 9140 9096 9138
f 9185 9145 9100
f 9098 9142 9186
f 9142 9099 9143
f 9144 9188 9143
f 9145 9190 9189
f 9107 9151 9191
f 9192 9148 9104
f 9149 9103 9147
f 9195 9147 9148
f 9193 9196 9150
f 9196 9197 9151
f 9152 9108 9109
f 9160 9116 9152
f 9153 9200 9199
f 9201 9157 9113
f 9112 9156 9200
f 9159 9202 9158
f 9160 9204 9203
f 9162 9205 9161
f 9164 9206 9163
f 9164 9133 9176
f 9173 9129 9121
f 9208 9165 9122
f 9123 9167 9209
f 9167 9168 9161
f 9125 9169 9171
f 9170 9212 9211
f 9171 9213 9172
f 9174 9130 9172
f 9212 9170 9173
f 9175 9132 9174
f 9217 4019 3973
f 9177 9218 9176
f 9178 9135 9136
f 9178 9220 9219
f 9179 9180 9222
f 9182 9137 9141
f 9184 9139 9182
f 9226 9183 9184
f 9185 9140 9183
f 9185 9228 9190
f 9229 9186 9142
f 9188 9230 9187
f 9189 9231 9188
f 9189 9190 9233
f 9234 9191 9151
f 9235 9194 9148
f 9191 9234 9192
f 9147 9195 9236
f 9195 9194 9238
f 9236 9239 9196
f 9197 9196 9239
f 9160 9198 9241
f 9199 9241 9198
f 9200 9243 9242
f 9244 9245 9157
f 9156 9245 9243
f 9159 9203 9244
f 9247 9246 9203
f 9205 9248 9210
f 9250 9249 9163
f 9207 9251 9206
f 9176 9218 9252
f 9215 9173 9165
f 9166 9209 9253
f 9254 9209 9167
f 9169 9211 9213
f 9255 9211 9212
f 9213 9257 9214
f 9216 9174 9214
f 9215 9259 9256
f 9260 9217 9175
f 9177 9219 9262
f 9179 9221 9220
f 9263 9219 9220
f 9265 9221 9222
f 9222 9181 9223
f 9229 9225 9182
f 9266 9227 9184
f 9268 9226 9227
f 9185 9226 9268
f 9190 9228 9269
f 9187 9230 9270
f 9271 9230 9188
f 9231 9189 9232
f 9232 9233 9274
f 9240 9275 9234
f 9194 9235 9276
f 9234 9275 9235
f 9277 9236 9195
f 9237 9238 9279
f 9280 9239 9236
f 9240 9239 9280
f 9247 9204 9241
f 9241 9199 9242
f 9284 9242 9243
f 9202 9244 9201
f 9245 9244 9286
f 9203 9246 9286
f 9287 9246 9247
f 9210 9248 9289
f 9250 9206 9251
f 9248 9249 9250
f 9207 9252 9291
f 9208 9253 9259
f 9292 9253 9209
f 9257 9213 9211
f 9256 9294 9293
f 9258 9214 9257
f 9260 9216 9258
f 9297 9294 9256
f 9298 9261 9217
f 9300 9262 9219
f 9263 9264 9302
f 9266 9225 9229
f 9303 9267 9227
f 9305 9304 9268
f 9228 9268 9304
f 9233 9269 9306
f 9307 9270 9230
f 9271 9231 9272
f 9273 9309 9272
f 9311 9273 9274
f 9312 9275 9240
f 9279 9238 9276
f 9276 9235 9275
f 9237 9278 9314
f 9316 9315 9278
f 9277 9314 9317
f 9280 9317 9318
f 9282 9319 9288
f 9242 9284 9319
f 9285 9320 9283
f 9322 9284 9283
f 9285 9286 9323
f 9323 9286 9246
f 9288 9325 9324
f 9254 9289 9326
f 9289 9250 9290
f 9251 9291 9327
f 9328 9329 9291
f 9297 9253 9292
f 9255 9293 9295
f 9294 9332 9331
f 9295 9333 9296
f 9296 9334 9298
f 9330 9332 9294
f 9261 9298 9335
f 9337 9262 9300
f 9263 9301 9339
f 9302 4142 9340
f 9270 9307 9303
f 9303 9343 9305
f 9344 9345 9304
f 9345 9306 9269
f 9310 9274 9306
f 9308 9347 9307
f 9272 9309 9348
f 9311 9349 9309
f 9310 9351 9350
f 9352 9312 9281
f 9313 9276 9312
f 9313 9353 9316
f 9315 9354 9314
f 9315 9316 9356
f 9357 9317 9314
f 9358 9318 9317
f 9319 9359 9325
f 9359 9319 9284
f 9360 9321 9283
f 9321 9362 9361
f 9320 9323 9363
f 9287 9324 9363
f 9364 9324 9325
f 9292 9326 9366
f 9367 9327 9291
f 9329 9328 9337
f 9293 9331 9333
f 9332 9370 9369
f 9296 9333 9371
f 9372 9335 9298
f 9330 9366 9370
f 9299 9335 9373
f 9300 9339 9375
f 9368 9337 9338
f 9341 9339 9301
f 9342 9377 9341
f 9343 9303 9307
f 9305 9343 9378
f 9345 9344 9380
f 9346 9306 9345
f 9346 9381 9351
f 9348 9382 9347
f 9348 9309 9349
f 9384 9349 9311
f 9385 9350 9351
f 9318 9358 9387
f 9352 9387 9353
f 9388 9356 9316
f 9389 9354 9315
f 9355 9356 9391
f 9354 9389 9392
f 9357 9392 9393
f 9359 9394 9365
f 9322 9361 9394
f 9395 9362 9321
f 9362 9397 9396
f 9360 9363 9398
f 9398 9363 9324
f 9364 9365 9400
f 9367 9329 9368
f 9403 9401 9327
f 9331 9369 9371
f 9404 9369 9370
f 9371 9405 9372
f 9406 9373 9335
f 9403 9370 9366
f 9407 9374 9336
f 9375 9408 9376
f 9377 9375 9339
f 9376 9409 9402
f 9374 9407 9377
f 9382 9378 9343
f 9410 9380 9344
f 9379 9380 9412
f 9379 9411 9381
f 9381 9413 9386
f 9348 9383 9414
f 9384 9415 9383
f 9350 9385 9416
f 9386 9418 9417
f 9393 9419 9387
f 9353 9387 9419
f 9420 9391 9356
f 9421 9389 9355
f 9423 9390 9391
f 9424 9392 9389
f 9425 9393 9392
f 9365 9394 9426
f 9396 9426 9394
f 9397 9362 9395
f 9397 9429 9428
f 9427 9395 9398
f 9398 9364 9399
f 9399 9400 9432
f 9402 9404 9403
f 9369 9404 9405
f 9406 9372 9405
f 9373 9406 9408
f 9406 9409 9376
f 9407 9408 9375
f 9404 9402 9409
f 9378 9382 9414
f 9433 9412 9380
f 9411 9412 9435
f 9411 9434 9413
f 9413 9436 9418
f 9414 9383 9415
f 9384 9416 9438
f 9439 9416 9385
f 9418 9441 9440
f 9425 9442 9419
f 9388 9419 9442
f 9391 9420 9443
f 9390 9423 9444
f 9446 9423 9422
f 9421 9444 9447
f 9424 9447 9448
f 9400 9426 9449
f 9428 9449 9426
f 9429 9397 9427
f 9451 9428 9429
f 9427 9430 9453
f 9431 9453 9430
f 9431 9432 9455
f 9414 9437 9433
f 9412 9433 9456
f 9457 9458 9434
f 9458 9436 9413
f 9418 9436 9459
f 9437 9415 9438
f 9461 9438 9416
f 9417 9440 9462
f 9463 9464 9440
f 9466 9465 9442
f 9443 9420 9442
f 9445 9422 9443
f 9468 9444 9423
f 9470 9469 9446
f 9471 9447 9444
f 9447 9471 9472
f 9449 9473 9455
f 9473 9449 9428
f 9450 9474 9452
f 9476 9451 9452
f 9454 9474 9453
f 9478 9454 9455
f 9460 9456 9433
f 9435 9456 9479
f 9481 9480 9458
f 9480 9459 9436
f 9463 9441 9459
f 9461 9483 9460
f 9439 9462 9484
f 9462 9440 9464
f 9464 9463 9487
f 9465 9466 9489
f 9465 9488 9467
f 9467 9490 9470
f 9468 9446 9469
f 9493 9492 9469
f 9491 9494 9471
f 9472 9489 9466
f 9472 9471 9494
f 9477 9455 9473
f 9496 9473 9451
f 9475 9452 9474
f 9498 9476 9475
f 9497 9474 9454
f 9501 9478 9477
f 9483 9479 9456
f 9457 9479 9502
f 9503 9480 9481
f 9482 9459 9480
f 9482 9505 9487
f 9461 9484 9506
f 9484 9462 9485
f 9486 9508 9485
f 9486 9487 9510
f 9511 9488 9489
f 9490 9467 9488
f 9470 9490 9513
f 9491 9469 9492
f 9492 9493 9516
f 9514 9517 9494
f 9489 9472 9495
f 9495 9494 9517
f 9500 9477 9496
f 9519 9496 9476
f 9497 9520 9499
f 9499 9522 9521
f 9478 9501 9520
f 9524 9523 9501
f 9483 9506 9502
f 9525 9504 9481
f 9504 9527 9526
f 9503 9526 9505
f 9505 9528 9510
f 9506 9484 9507
f 9507 9485 9508
f 9509 9531 9508
f 9532 9509 9510
f 9534 9535 9511
f 9535 9513 9490
f 9536 9493 9513
f 9514 9492 9515
f 9515 9516 9540
f 9514 9538 9541
f 9512 9495 9518
f 9518 9517 9541
f 9500 9519 9543
f 9498 9521 9543
f 9522 9499 9520
f 9522 9546 9545
f 9501 9523 9544
f 9523 9524 9548
f 9502 9506 9529
f 9525 9549 9527
f 9527 9551 9550
f 9526 9550 9528
f 9533 9510 9528
f 9529 9507 9530
f 9530 9508 9531
f 9532 9555 9531
f 9532 9533 9556
f 9558 9557 9535
f 9537 9513 9535
f 9536 9537 9560
f 9515 9539 9561
f 9563 9562 9539
f 9559 9540 9516
f 9561 9564 9541
f 9534 9518 9542
f 9564 9565 9542
f 9566 9548 9524
f 9521 9545 9566
f 9544 9567 9546
f 9568 9569 9545
f 9547 9567 9544
f 9571 9570 9547
f 9525 9529 9553
f 9549 9572 9551
f 9574 9550 9551
f 9528 9550 9574
f 9552 9575 9556
f 9554 9576 9553
f 9554 9531 9555
f 9577 9555 9556
f 9558 9580 9579
f 9579 9560 9537
f 9581 9582 9559
f 9561 9539 9562
f 9584 9562 9563
f 9582 9563 9540
f 9564 9561 9583
f 9565 9580 9558
f 9565 9564 9586
f 9588 9571 9548
f 9566 9545 9569
f 9546 9567 9589
f 9569 9568 9591
f 9570 9589 9567
f 9593 9570 9571
f 9549 9553 9576
f 9573 9551 9572
f 9574 9573 9575
f 9595 9578 9556
f 9577 9578 9597
f 9598 9579 9580
f 9581 9560 9579
f 9600 9582 9581
f 9602 9583 9562
f 9585 9604 9603
f 9585 9563 9582
f 9605 9586 9583
f 9599 9580 9565
f 9586 9605 9606
f 9571 9588 9607
f 9590 9607 9588
f 9608 9591 9568
f 9591 9610 9609
f 9589 9570 9593
f 9612 9572 9576
f 9594 9595 9575
f 9594 9572 9612
f 9578 9595 9614
f 9615 9616 9596
f 9611 9576 9577
f 9617 9618 9598
f 9581 9598 9618
f 9620 9600 9601
f 9584 9603 9621
f 9623 9603 9604
f 9600 9620 9604
f 9624 9605 9602
f 9606 9617 9599
f 9624 9625 9606
f 9590 9609 9626
f 9627 9609 9610
f 9611 9631 9630
f 9614 9595 9594
f 9632 9613 9612
f 9597 9614 9633
f 9611 9596 9616
f 9635 9634 9616
f 9637 9636 9618
f 9601 9618 9636
f 9619 9639 9638
f 9621 9603 9623
f 9622 9604 9620
f 9641 9642 9623
f 9624 9621 9640
f 9617 9606 9625
f 9643 9644 9625
f 9627 9628 9647
f 9629 9648 9628
f 9649 9650 9630
f 9632 9633 9614
f 9632 9630 9650
f 9633 9652 9635
f 9634 9649 9631
f 9653 9654 9634
f 9655 9639 9636
f 9638 9639 9657
f 9640 9623 9642
f 9656 9641 9622
f 9659 9660 9642
f 9643 9640 9658
f 9644 9655 9637
f 9662 9644 9643
f 9663 9627 9646
f 9666 9665 9646
f 9668 9667 9628
f 9670 9669 9650
f 9632 9651 9652
f 9650 9669 9671
f 9653 9635 9652
f 9654 9670 9649
f 9674 9673 9654
f 9675 9657 9639
f 9656 9657 9677
f 9660 9678 9658
f 9676 9659 9641
f 9679 9661 9658
f 9662 9675 9655
f 9661 9679 9680
f 9663 9681 9648
f 9663 9645 9626
f 9664 9682 9681
f 9664 9646 9665
f 9665 9666 9685
f 9667 9668 9687
f 9670 9689 9688
f 9651 9671 9672
f 9690 9671 9669
f 9653 9672 9691
f 9673 9689 9670
f 9673 9674 9693
f 9657 9675 9694
f 9677 9696 9695
f 9697 9678 9660
f 9659 9676 9695
f 9699 9679 9678
f 9662 9680 9694
f 9679 9699 9700
f 9682 9687 9668
f 9664 9683 9701
f 9702 9683 9665
f 9684 9685 9704
f 9706 9685 9666
f 9687 9705 9707
f 9688 9689 9709
f 9691 9672 9671
f 9710 9690 9688
f 9674 9691 9711
f 9692 9709 9689
f 9694 9712 9696
f 9713 9714 9695
f 9697 9698 9716
f 9698 9695 9714
f 9715 9717 9699
f 9680 9700 9712
f 9717 9718 9700
f 9687 9682 9701
f 9719 9701 9683
f 9703 9720 9702
f 9704 9722 9721
f 9705 9701 9719
f 9708 9709 9724
f 9725 9711 9691
f 9726 9710 9708
f 9711 9728 9727
f 9729 9724 9709
f 9713 9696 9712
f 9716 9732 9731
f 9731 9733 9717
f 9700 9718 9730
f 9733 9734 9718
f 9720 9735 9719
f 9720 9703 9721
f 9721 9722 9737
f 9719 9735 9739
f 9741 9723 9724
f 9742 9728 9711
f 9743 9726 9723
f 9742 9725 9710
f 9745 9727 9728
f 9724 9729 9746
f 9730 9734 9747
f 9748 9731 9732
f 9748 9750 9733
f 9734 9733 9750
f 9736 9737 9735
f 9737 9722 9738
f 9753 9754 9741
f 9744 9728 9742
f 9726 9743 9755
f 9754 9756 9743
f 9758 9745 9744
f 9740 9746 9759
f 9751 9760 9747
f 9748 9749 9762
f 9749 9732 9747
f 9763 9750 9748
f 9751 9750 9763
f 9752 9738 9739
f 9766 9765 9754
f 9767 9757 9744
f 9767 9755 9743
f 9756 9754 9765
f 9745 9758 9770
f 9772 9771 9758
f 9753 9759 9773
f 9769 9770 9759
f 9751 9764 9774
f 9762 9776 9775
f 9760 9774 9762
f 9761 9775 9777
f 9778 9764 9763
f 9766 9780 9779
f 9781 9772 9757
f 9767 9756 9768
f 9768 9765 9779
f 9758 9771 9783
f 9771 9772 9785
f 9773 9786 9780
f 9759 9770 9783
f 9787 9774 9764
f 9788 9789 9775
f 9776 9762 9774
f 9789 9790 9777
f 9778 9777 9790
f 9792 9779 9780
f 9794 9785 9772
f 9781 9768 9782
f 9795 9782 9779
f 9784 9796 9783
f 9785 9798 9797
f 9786 9799 9793
f 9773 9783 9796
f 9791 9800 9787
f 9800 9788 9776
f 9802 9801 9789
f 9803 9790 9789
f 9804 9791 9790
f 9806 9792 9793
f 9807 9798 9785
f 9795 9807 9794
f 9792 9806 9808
f 9784 9797 9809
f 9811 9797 9798
f 9805 9793 9799
f 9796 9809 9799
f 9800 9791 9804
f 9813 9802 9788
f 9814 9815 9801
f 9803 9801 9815
f 9816 9817 9804
f 9819 9806 9805
f 9798 9807 9820
f 9808 9820 9807
f 9821 9808 9806
f 9797 9811 9822
f 9824 9811 9810
f 9812 9799 9809
f 9818 9805 9812
f 9826 9813 9804
f 9826 9814 9802
f 9827 9815 9814
f 9816 9815 9827
f 9817 9816 9829
f 9832 9819 9818
f 9823 9810 9820
f 9833 9820 9808
f 9819 9832 9834
f 9835 9822 9811
f 9823 9837 9836
f 9825 9812 9822
f 9831 9818 9825
f 9817 9830 9839
f 9826 9839 9828
f 9840 9827 9828
f 9842 9829 9827
f 9829 9842 9843
f 9831 9845 9844
f 9833 9846 9837
f 9846 9833 9821
f 9844 9847 9834
f 9824 9836 9848
f 9837 9850 9849
f 9835 9848 9838
f 9838 9851 9845
f 9852 9839 9830
f 9841 9828 9839
f 9840 9841 9854
f 9842 9840 9853
f 9856 9843 9842
f 9844 9845 9858
f 9850 9837 9846
f 9859 9846 9834
f 9857 9860 9847
f 9861 9848 9836
f 9863 9849 9850
f 9851 9838 9848
f 9864 9858 9845
f 9852 9843 9856
f 9865 9854 9841
f 9853 9854 9867
f 9855 9853 9866
f 9856 9855 9868
f 9870 9871 9857
f 9859 9872 9862
f 9847 9860 9872
f 9873 9860 9857
f 9874 9861 9849
f 9876 9875 9863
f 9864 9851 9861
f 9858 9864 9877
f 9878 9865 9856
f 9878 9867 9854
f 9866 9867 9880
f 9882 9881 9871
f 9876 9862 9872
f 9883 9872 9860
f 9881 9884 9873
f 9874 9863 9875
f 9886 9887 9875
f 9864 9874 9885
f 9870 9877 9888
f 9890 9878 9869
f 9880 9867 9878
f 9892 9891 9879
f 9882 9894 9893
f 9895 9886 9876
f 9883 9873 9884
f 9893 9896 9884
f 9885 9875 9887
f 9899 9887 9886
f 9877 9885 9897
f 9888 9900 9894
f 9889 9902 9901
f 9879 9891 9902
f 9880 9904 9903
f 9894 9906 9905
f 9898 9886 9895
f 9895 9884 9896
f 9908 9896 9893
f 9897 9887 9899
f 9910 9899 9898
f 9888 9897 9909
f 9900 9912 9906
f 9890 9901 9903
f 9902 9891 9914
f 9915 9892 9903
f 9917 9905 9906
f 9907 9919 9911
f 9908 9919 9907
f 9908 9905 9921
f 9922 9909 9899
f 9924 9910 9911
f 9912 9900 9909
f 9918 9906 9912
f 9903 9901 9926
f 9914 9928 9927
f 9915 9916 9930
f 9918 9932 9931
f 9923 9911 9919
f 9933 9919 9908
f 9921 9935 9934
f 9922 9910 9924
f 9923 9938 9937
f 9922 9936 9925
f 9925 9939 9932
f 9930 9916 9926
f 9940 9913 9927
f 9943 9927 9928
f 9929 9944 9928
f 9929 9930 9945
f 9917 9931 9935
f 9946 9931 9932
f 9933 9948 9938
f 9920 9934 9948
f 9949 9950 9934
f 9951 9936 9924
f 9952 9937 9938
f 9939 9925 9936
f 9947 9932 9939
f 9941 9945 9930
f 9943 9955 9941
f 9942 9928 9944
f 9942 9958 9957
f 9956 9944 9945
f 9935 9931 9946
f 9960 9946 9947
f 9953 9938 9948
f 9962 9948 9934
f 9964 9963 9950
f 9965 9951 9937
f 9953 9967 9966
f 9951 9965 9954
f 9954 9968 9961
f 9955 9959 9945
f 9957 9969 9955
f 9956 9970 9958
f 9957 9958 9972
f 9964 9949 9946
f 9960 9961 9974
f 9962 9975 9967
f 9950 9963 9975
f 9964 9977 9976
f 9952 9966 9978
f 9980 9979 9966
f 9968 9954 9965
f 9961 9968 9981
f 9956 9955 9969
f 9971 9982 9969
f 9983 9972 9958
f 9972 9985 9984
f 9960 9973 9977
f 9973 9974 9987
f 9967 9975 9988
f 9963 9976 9988
f 9990 9976 9977
f 9979 9991 9978
f 9992 9979 9980
f 9968 9978 9991
f 9974 9981 9994
f 9983 9970 9969
f 9971 9984 9995
f 9996 9985 9972
f 9985 9998 9997
f 9973 9986 9989
f 10000 9986 9987
f 9993 9980 9988
f 9976 9990 10001
f 9989 10003 10002
f 9992 10004 9991
f 9993 10006 10005
f 9981 9991 10004
f 9999 9987 9994
f 9983 9982 9995
f 10008 9995 9984
f 10009 9998 9985
f 9998 10011 10010
f 9989 9986 10000
f 10000 9999 10013
f 10006 9993 10001
f 10014 10001 9990
f 10002 10003 10016
f 10005 10017 10004
f 10006 10019 10018
f 10004 10017 10007
f 10007 10020 10013
f 9995 10008 10009
f 10008 9997 10010
f 10009 10022 10011
f 10023 10010 10011
f 10012 10016 10003
f 10013 10026 10025
f 10006 10014 10027
f 10027 10014 10002
f 10015 10016 10029
f 10005 10018 10030
f 10031 10018 10019
f 10017 10030 10020
f 10026 10013 10020
f 10008 10021 10022
f 10023 10034 10021
f 10035 10024 10011
f 10023 10024 10036
f 10012 10025 10029
f 10037 10032 10019
f 10037 10027 10015
f 10028 10029 10039
f 10040 10030 10018
f 10031 10032 10042
f 10033 10020 10030
f 10039 10029 10025
f 10044 10042 10032
f 10038 10044 10037
f 10038 10039 10046
f 10031 10041 10047
f 10049 10041 10042
f 10050 10033 10040
f 10052 10046 10039
f 10048 10042 10044
f 10045 10046 10054
f 10055 10047 10041
f 10056 10050 10047
f 10056 10052 10043
f 10057 10054 10046
f 10048 10045 10053
f 10060 10053 10054
f 10061 10056 10055
f 10061 10057 10052
f 10059 10054 10057
f 10064 10058 10053
f 10059 10066 10065
f 10061 10062 10068
f 10067 10063 10057
f 10063 10069 10066
f 10064 10068 10062
f 10060 10065 10070
f 10071 10065 10066
f 10074 10067 10068
f 10067 10074 10069
f 10066 10069 10075
f 10064 10070 10073
f 10076 10070 10065
f 10071 10072 10078
f 10079 10080 10074
f 10080 10075 10069
f 10078 10072 10075
f 10079 10073 10070
f 10077 10082 10076
f 10083 10077 10078
f 10079 10086 10085
f 10081 10075 10080
f 10078 10081 10087
f 10079 10076 10082
f 10088 10082 10077
f 10086 10090 10089
f 10081 10085 10089
f 10092 10091 10084
f 10088 10090 10086
f 10083 10091 10093
f 10095 10094 10089
f 10087 10089 10094
f 10091 10092 10097
f 10090 10088 10093
f 10091 10096 10098
f 10099 10100 10094
f 10092 10094 10100
f 10096 10097 10102
f 10099 10095 10093
f 10101 10103 10098
f 10105 10100 10099
f 10105 10102 10097
f 10107 10101 10102
f 10099 10098 10103
f 10108 10103 10101
f 10110 10109 10105
f 10102 10105 10109
f 10112 10107 10106
f 10110 10104 10103
f 10113 10108 10107
f 10110 10115 10114
f 10111 10106 10109
f 10111 10117 10116
f 10113 10115 10110
f 10113 10112 10116
f 10119 10114 10115
f 10111 10114 10119
f 10116 10117 10122
f 10118 10120 10115
f 10121 10123 10118
f 10124 10125 10119
f 10125 10122 10117
f 10121 10122 10127
f 10120 10118 10123
f 10121 10126 10128
f 10124 10130 10129
f 10129 10127 10122
f 10131 10132 10126
f 10123 10128 10130
f 10132 10133 10128
f 10130 10135 10134
f 10127 10129 10134
f 10131 10137 10136
f 10135 10130 10128
f 10132 10136 10138
f 10140 10139 10134
f 10131 10134 10139
f 10142 10141 10136
f 10135 10133 10138
f 10136 10141 10143
f 10139 10140 10145
f 10144 10142 10137
f 10147 10141 10142
f 10138 10143 10145
f 10148 10143 10141
f 10144 10145 10150
f 10149 10146 10142
f 10151 10152 10147
f 10148 10150 10145
f 10147 10152 10153
f 10149 10150 10155
f 10146 10149 10154
f 10157 10156 10152
f 10153 10155 10150
f 10153 10152 10156
f 10154 10155 10160
f 10151 10154 10159
f 10156 10157 10162
f 10160 10155 10153
f 10158 10156 10161
f 10164 10165 10159
f 10159 10165 10162
f 10161 10162 10167
f 10163 10164 10160
f 10167 10162 10165
f 10170 10166 10167
f 10172 10171 10164
f 10167 10168 10173
f 10166 10170 10172
f 10175 10171 10172
f 10169 10173 10177
f 10174 10172 10170
f 10175 10177 10173
f 10174 10180 10179
f 10177 10182 10181
f 10178 10183 10180
f 10179 10182 10177
f 10179 10180 10185
f 10176 10181 10183
f 10181 10182 10187
f 10180 10183 10186
f 10184 10187 10182
f 10184 10185 10189
f 10190 10191 10186
f 10186 10191 10192
f 10188 10190 10187
f 10189 10194 10193
f 10190 10196 10195
f 10192 10191 10195
f 10193 10196 10190
f 10199 10193 10194
f 10192 10197 10194
f 10200 10201 10195
f 10195 10201 10202
f 10200 10196 10193
f 10198 10194 10197
f 10198 10204 10203
f 10200 10206 10205
f 10207 10202 10201
f 10199 10203 10206
f 10204 10198 10202
f 10204 10209 10208
f 10210 10205 10206
f 10207 10205 10210
f 10203 10208 10211
f 10212 10209 10204
f 10213 10214 10208
f 10211 10216 10215
f 10218 10217 10212
f 10208 10214 10216
f 10209 10212 10217
f 10220 10219 10214
f 10221 10215 10216
f 10217 10218 10224
f 10223 10220 10213
f 10226 10214 10219
f 10219 10220 10227
f 10222 10216 10226
f 10221 10224 10218
f 10227 10223 10224
f 10222 10225 10227
f 5267 5250 5227
f 5250 5226 5227
f 5732 5658 5657
f 5658 5621 5657
f 5759 5680 5756
f 5680 5642 5756
f 5654 5693 5692
f 5693 5772 5770
f 5842 5756 5679
f 5679 5686 5842
f 5807 5724 5687
f 5687 5722 5807
f 5815 5823 5736
f 5736 5749 5815
f 5764 5842 5723
f 5846 5892 5934
f 5934 5844 5846
f 5825 5869 5920
f 5869 5960 5920
f 5938 6035 6089
f 6089 6027 5938
f 6104 6057 6050
f 6057 5956 6050
f 6075 6021 6023
f 6023 6133 6075
f 6079 6136 6248
f 6248 6246 6135
f 6255 6144 6143
f 6144 6084 6143
f 6332 6210 6152
f 6152 6153 6332
f 6149 6208 6327
f 6327 6326 6207
f 6372 6245 6244
f 6245 6190 6244
f 6379 6252 6194
f 6194 6197 6314
f 6211 6268 6331
f 6268 6402 6331
f 6217 6278 6277
f 6278 6232 6293
f 6247 6306 6304
f 6306 6373 6439
f 6434 6365 6368
f 6365 6299 6302
f 6370 6440 6438
f 6440 6507 6506
f 6575 6524 6509
f 6524 6458 6525
f 6688 6743 6563
f 6743 6687 6562
f 6700 6586 6584
f 6586 6518 6584
f 6701 6588 6586
f 6588 6519 6586
f 6590 6647 6646
f 6647 6700 6646
f 6802 6706 6751
f 6706 6648 6751
f 6864 6763 6709
f 6709 6710 6864
f 6728 6832 6829
f 6832 6880 6829
f 6921 6822 6770
f 6862 6809 6954
f 6873 6875 10231
f 6954 6860 6911
f 6911 6862 6954
f 7002 7005 7044
f 7016 7055 7053
f 7055 7095 7093
f 7322 7261 7225
f 7225 7259 7322
f 7376 7380 7312
f 7380 7313 7281
f 7300 7333 7400
f 7400 7363 7331
f 7471 7427 7430
f 7427 7356 7430
f 7582 7531 7454
f 7531 7451 7454
f 7418 7458 7533
f 7458 7529 7533
f 7486 7573 7571
f 7573 7681 7571
f 7643 7580 7528
f 7528 7581 7643
f 7722 7670 7667
f 7670 7612 7610
f 7675 7726 7617
f 7726 7559 7615
f 7786 7681 7733
f 7681 7573 7733
f 7776 7668 7669
f 7668 7611 7669
f 7618 7677 7675
f 7677 7614 7675
f 7797 7794 7798
f 7794 7629 7687
f 7725 7779 7829
f 7829 7876 7778
f 8036 7984 7934
f 7984 7835 7883
f 7944 7994 7896
f 7994 7891 7896
f 7937 7988 8040
f 8040 7936 7937
f 7983 8036 8035
f 8036 7934 7985
f 8102 8146 8214
f 8214 8213 8145
f 8239 8176 8204
f 8176 8141 8204
f 8179 8209 8280
f 8280 8206 8173
f 8211 5174 5177
f 8326 8253 8217
f 8217 8255 8326
f 8351 8283 8276
f 8283 8245 8276
f 8602 8646 8645
f 8646 8691 8738
f 8652 8697 8794
f 8794 8788 8696
f 8846 8897 8896
f 8897 8947 8994
f 9036 8990 9034
f 8990 8941 8942
f 9222 9180 9181
f 9180 9091 9092
f 9201 9155 9158
f 9119 9163 9249
f 9249 9205 9162
f 9262 9337 9328
f 9328 9252 9218
f 9302 9264 9265
f 9264 9220 9221
f 9290 9327 9401
f 9401 9366 9326
f 9592 9629 9610
f 9610 9608 9593
f 9629 9592 9607
f 9607 9645 9629
f 9647 9667 9686
f 9686 9707 9666
f 9692 9693 9727
f 9685 9706 9704
f 9706 9739 9738
f 9713 9747 9714
f 9747 9732 9714
f 9739 9735 9737
f 9727 9745 9769
f 9769 9746 9729
f 9866 9879 9868
f 9879 9889 9868
f 9929 9914 9915
f 9914 9891 9915
f 9940 9926 9913
f 9926 9901 9902
f 10050 10043 10026
f 10043 10025 10026
f 10021 10034 10036
f 10036 10051 10022
f 10035 10051 10036
f 10048 10058 10049
f 10058 10062 10049
f 10165 10164 10168
f 10164 10171 10168
f 10170 10169 10178
f 7044 7005 6964
f 7005 7002 6960
f 10233 10232 10230
f 6874 6922 10232
f 6875 6874 10233
f 6922 6921 10230
f 5091 5989 6038
f 5088 5942 5989
f 5942 5088 5089
f 5101 6207 6326
f 5104 6326 6398
f 8086 7928 8032
f 8142 8179 8173
f 10229 8173 8137
f 5176 8248 8249
f 5178 8287 8248
f 8322 5180 5181
f 8365 5181 5182
f 5184 8445 8405
f 3786 3684 3736
f 8854 3633 3684
f 9181 5197 5198
f 9224 9223 5198
f 9265 9224 5199
f 9302 9265 5200
f 9340 4142 5203
f 9341 9340 5204
f 5206 9374 9342
f 5202 9336 9374
f 4104 9299 9336
f 5201 9261 9299
f 5201 4019 9217
f 3834 5196 8996
f 8948 8996 5196
f 5195 8898 8948
f 8847 8898 5195
f 5194 5193 8797
f 8797 5193 5192
f 5190 5189 8653
f 5187 8564 8608
f 5186 8520 8564
f 5185 8478 8520
f 8478 5185 5183
f 5173 8208 8244
f 5171 8175 8208
f 8139 8175 5171
f 5168 5165 8088
f 5161 7978 8030
f 5158 7929 7978
f 5156 7875 7929
f 7826 7827 7875
f 5153 7724 7826
f 7671 7724 5153
f 5151 5149 7614
f 7559 7614 5149
f 5146 7399 7438
f 5145 7364 7399
f 7332 7364 5145
f 5143 7299 7332
f 5142 7268 7299
f 5142 5141 7239
f 7239 5141 1968
f 7123 7162 5139
f 5147 5138 7042
f 7163 7123 7043
f 7003 7042 5138
f 5132 6961 7003
f 5131 6919 6961
f 6660 5118 5117
f 5079 5077 5470
f 5075 5438 5470
f 5074 5406 5438
f 5072 5379 5406
f 5072 5071 5374
f 5071 5070 5344
f 5070 5073 5345
f 188 5373 5345
f 5538 5502 5078
f 5720 5086 5762
f 683 5211 5897
f 775 5941 5897
f 5090 5988 5941
f 6036 5092 5093
f 5096 6148 6091
f 5100 6205 6148
f 6395 6264 5103
f 5124 6817 6764
f 6817 5124 5127
f 6738 5123 5119
f 6555 1420 5212
f 5111 6418 6486
f 6347 6418 5111
f 5108 5105 6281
f 5102 5098 6165
f 6106 6107 5094
f 5095 5097 6164
f 6164 5097 5099
f 6117 6118 5099
f 5106 5109 6359
f 6359 5109 5112
f 5113 6566 6499
f 1550 5128 6799
f 6853 6799 5128
f 5120 6906 6853
f 6906 5120 1755
f 7076 6994 1755
f 7099 7103 1946
f 5134 6980 6981
f 5133 6978 6938
f 6978 5133 5136
f 7059 7020 5136
f 7138 5216 2026
f 7098 5215 5216
f 7058 5214 5215
f 7058 7019 7059
f 5217 2410 7593
f 2310 5217 7538
f 5155 7809 7759
f 5155 5157 7850
f 7954 7903 5152
f 5157 5152 7903
f 5160 5150 8005
f 8061 8005 5170
f 5170 5167 8034
f 5169 2969 8143
f 5166 5169 8092
f 8033 7982 5164
f 7982 7932 5162
f 7932 7880 5159
f 7832 2703 5159
f 10234 7673 7674
f 10234 7727 7676
f 9003 8955 3684
f 3835 3684 3786
f 3882 10235 3835
f 3882 9003 10235
f 3684 3835 10235
f 3684 10235 9003
