mesh,stage,chamfer_l2,chamfer_l1,acc_mean,comp_mean,hausdorff_95,hausdorff_max,fscore@0.005,precision@0.005,recall@0.005,fscore@0.01,precision@0.01,recall@0.01,fscore@0.02,precision@0.02,recall@0.02,fscore@0.05,precision@0.05,recall@0.05,normal_consistency,normal_flip_frac,edge_ratio_mean,edge_ratio_std,edge_stretch_p95,edge_compress_p05,edge_logratio_absmean,area_ratio_mean,area_logratio_absmean,degenerate_tri_frac,tri_quality_mean,tri_quality_p05,deform_mag_mean,deform_mag_p95,deform_mag_max,midline_dev_mean,midline_dev_p95,midline_dev_mean_norm,midline_dev_excess,part_body_dist_mean,part_body_dist_p95,part_body_within_tau,part_head_dist_mean,part_head_dist_p95,part_head_within_tau,part_antenna_dist_mean,part_antenna_dist_p95,part_antenna_within_tau,part_mandible_dist_mean,part_mandible_dist_p95,part_mandible_within_tau,part_leg_dist_mean,part_leg_dist_p95,part_leg_within_tau,part_leg_distal_dist_mean,part_leg_distal_dist_p95,part_leg_distal_within_tau
Acanthostichus_aff.brevicornis_CASENT0744328_processed.obj,Stage_0_init,0.003955656196922064,0.06813480705022812,0.030240977182984352,0.037893831729888916,0.10388161987066269,0.2577899694442749,0.04453174024820328,0.04480000212788582,0.04426666721701622,0.1721709966659546,0.17843332886695862,0.16633333265781403,0.3875063359737396,0.41280001401901245,0.3651333451271057,0.7832270860671997,0.8364999890327454,0.7363333702087402,0.7276057600975037,0.24240000545978546,1.0,0.0,1.0,1.0,0.0,1.0,3.237837731262516e-08,0.0,0.7643007040023804,0.28791025280952454,0.0,0.0,0.0,0.00672890804708004,0.010773606598377228,0.007014130707830191,0.0,0.025443896651268005,0.06082693859934807,0.48659005761146545,0.01995888166129589,0.03999476134777069,0.5398067235946655,0.034709230065345764,0.11475174874067307,0.46408841013908386,0.03075038082897663,0.06949590891599655,0.3113456666469574,0.03615216910839081,0.08683399856090546,0.30337369441986084,0.05433381721377373,0.19192682206630707,0.4002433121204376
Acromyrmex_coronatus_CASENT0744365_processed.obj,Stage_0_init,0.010753398761153221,0.10718823969364166,0.04664258658885956,0.060545649379491806,0.17196594178676605,0.4128645360469818,0.03868050128221512,0.039900001138448715,0.03753333538770676,0.14052315056324005,0.15289999544620514,0.12999999523162842,0.30319446325302124,0.3352999985218048,0.2766999900341034,0.5884846448898315,0.6550999879837036,0.534166693687439,0.559654951095581,0.3743666708469391,1.0,0.0,1.0,1.0,0.0,1.0,4.437857370476195e-08,0.0,0.6389409899711609,0.11293749511241913,0.0,0.0,0.0,0.04138239473104477,0.04866419732570648,0.048947423696517944,0.0,0.034803424030542374,0.08630530536174774,0.3846743404865265,0.032600823789834976,0.07454688847064972,0.3667740523815155,0.09116392582654953,0.17205043137073517,0.0635359138250351,0.04111048951745033,0.05968351662158966,0.04485488310456276,0.05567183718085289,0.1674390733242035,0.2956477105617523,0.12913359701633453,0.3517841398715973,0.03041362576186657
Acromyrmex_lobicornis_CASENT0878007_processed.obj,Stage_0_init,0.009645004756748676,0.10158459842205048,0.036938443779945374,0.0646461546421051,0.18003138899803162,0.35712680220603943,0.022525222972035408,0.023900000378489494,0.021300001069903374,0.10319125652313232,0.12276666611433029,0.08900000154972076,0.25777968764305115,0.3325333297252655,0.210466668009758,0.610183835029602,0.7528666853904724,0.5129666924476624,0.6200966238975525,0.2759000062942505,1.0,0.0,1.0,1.0,0.0,1.0,3.8407616642643916e-08,0.0,0.7352427244186401,0.21082527935504913,0.0,0.0,0.0,0.0366404689848423,0.0432250015437603,0.03730067238211632,0.0,0.02795204147696495,0.05988121032714844,0.4057471454143524,0.03890561684966087,0.08686984330415726,0.30234700441360474,0.030745575204491615,0.0718362107872963,0.42541438341140747,0.07006214559078217,0.14003947377204895,0.12928760051727295,0.05591719597578049,0.1620030254125595,0.25057944655418396,0.1397375613451004,0.3360503315925598,0.10948905348777771
Anochetus_risii_CASENT0877608_processed.obj,Stage_0_init,0.0049004461616277695,0.06968285888433456,0.03338908776640892,0.036293771117925644,0.1045810654759407,0.355856329202652,0.05297363921999931,0.053700000047683716,0.052266668528318405,0.19266235828399658,0.20826667547225952,0.1792333424091339,0.41145583987236023,0.44429999589920044,0.3831333518028259,0.7883540391921997,0.8163666725158691,0.7621999979019165,0.6564962267875671,0.25593334436416626,1.0,0.0,1.0,1.0,0.0,1.0,2.794022968544141e-08,0.0,0.7097668051719666,0.24540801346302032,0.0,0.0,0.0,0.005462800618261099,0.007396136876195669,0.0060914428904652596,0.0,0.02637822926044464,0.06620384007692337,0.46206897497177124,0.025319809094071388,0.06454269587993622,0.4850437343120575,0.14380581676959991,0.33885428309440613,0.04696132615208626,0.023536313325166702,0.05631031468510628,0.5435356497764587,0.03231611102819443,0.09711827337741852,0.40252381563186646,0.135586217045784,0.29450878500938416,0.025547444820404053
Anochetus_risii_CASENT0877609_processed.obj,Stage_0_init,0.01212388277053833,0.11664296686649323,0.05271635949611664,0.06392660737037659,0.1703500896692276,0.4373681843280792,0.018707390874624252,0.01913333311676979,0.018300000578165054,0.08675454556941986,0.09273333102464676,0.08150000125169754,0.24247898161411285,0.2709333300590515,0.21943333745002747,0.5550637245178223,0.6191999912261963,0.5029667019844055,0.6332637071609497,0.27783334255218506,1.0,0.0,1.0,1.0,0.0,1.0,1.7207659297469036e-08,0.0,0.7253638505935669,0.22807399928569794,0.0,0.0,0.0,0.029842067509889603,0.03489159047603607,0.029221173375844955,0.0,0.03622792661190033,0.09567952901124954,0.3145594000816345,0.03908441960811615,0.0876440554857254,0.3248964548110962,0.08697015047073364,0.15361835062503815,0.11325967311859131,0.02920953556895256,0.06877710670232773,0.40633246302604675,0.06219856068491936,0.1597534418106079,0.215039923787117,0.1313117891550064,0.35973790287971497,0.1386861354112625
Aphaenogaster_pallida_CASENT0745235_processed.obj,Stage_0_init,0.00680118054151535,0.08103159070014954,0.03726034238934517,0.04377124458551407,0.14677993953227997,0.3704413175582886,0.043327696621418,0.042366668581962585,0.044333335012197495,0.1829073429107666,0.17669999599456787,0.18956667184829712,0.3962234556674957,0.3849000036716461,0.4082333445549011,0.7431008815765381,0.7543666958808899,0.7321666479110718,0.6761528849601746,0.20920000970363617,1.0,0.0,1.0,1.0,0.0,1.0,2.6748363524120577e-08,0.0,0.7802712321281433,0.30733463168144226,0.0,0.0,0.0,0.0072103277780115604,0.008414026349782944,0.007118816487491131,0.0,0.033509138971567154,0.09795501083135605,0.40613028407096863,0.018953202292323112,0.04806908220052719,0.6359871029853821,0.06312011927366257,0.10191865265369415,0.08011049777269363,0.017124952748417854,0.03959708660840988,0.6728232502937317,0.04751190170645714,0.13766098022460938,0.2773628830909729,0.12585300207138062,0.3119915723800659,0.1228710487484932
Atopomyrmex_mocquerysi_CASENT0744784_processed.obj,Stage_0_init,0.009099193848669529,0.08758331835269928,0.03710334002971649,0.05047997459769249,0.16163583099842072,0.5170011520385742,0.05294294282793999,0.05703333392739296,0.049400001764297485,0.1623779535293579,0.1858000010251999,0.14419999718666077,0.3405894339084625,0.4067000150680542,0.29296666383743286,0.7188960313796997,0.8051000237464905,0.6493666768074036,0.6268044710159302,0.3206000030040741,1.0,0.0,1.0,1.0,0.0,1.0,7.236542387545342e-08,0.0,0.6300882697105408,0.16640141606330872,0.0,0.0,0.0,0.024149959906935692,0.028958909213542938,0.03266233205795288,0.0,0.02353358455002308,0.053440093994140625,0.47854408621788025,0.03236890211701393,0.06761011481285095,0.3525080680847168,0.06405729800462723,0.09704726934432983,0.0,0.021069301292300224,0.033366039395332336,0.5224274396896362,0.05319596081972122,0.19256854057312012,0.30878186225891113,0.1766531765460968,0.38908058404922485,0.12895376980304718
Carebara_trechideros_CASENT0877591_processed.obj,Stage_0_init,0.0067067318595945835,0.07882830500602722,0.03699669614434242,0.0418316051363945,0.12993057072162628,0.45615628361701965,0.06145467981696129,0.06373333185911179,0.05933333560824394,0.19094865024089813,0.20499999821186066,0.17870000004768372,0.3870867192745209,0.41403332352638245,0.3634333312511444,0.7489582896232605,0.7611333131790161,0.737166702747345,0.6349965929985046,0.33633333444595337,1.0,0.0,1.0,1.0,0.0,1.0,3.9573247789803645e-08,0.0,0.5585321187973022,0.11781275272369385,0.0,0.0,0.0,0.041709065437316895,0.04552331194281578,0.046146005392074585,0.0,0.02468656748533249,0.06018996611237526,0.48697319626808167,0.048209432512521744,0.14316889643669128,0.28578004240989685,0.03950763866305351,0.08273256570100784,0.20441989600658417,0.07748480141162872,0.1621674746274948,0.16622692346572876,0.050092652440071106,0.125154048204422,0.2606232464313507,0.12363922595977783,0.30389976501464844,0.06082725152373314
Centromyrmex_brachycola_CASENT0744052_processed.obj,Stage_0_init,0.0038211282808333635,0.06566057354211807,0.027914393693208694,0.03774617984890938,0.09362022578716278,0.3246813416481018,0.04299202933907509,0.04506666585803032,0.041099999099969864,0.1635943055152893,0.18086667358875275,0.14933332800865173,0.3769821524620056,0.4282666742801666,0.33666667342185974,0.8057806491851807,0.8883333206176758,0.7372666597366333,0.6816603541374207,0.27033334970474243,1.0,0.0,1.0,1.0,0.0,1.0,2.8176264876833557e-08,0.0,0.7514245510101318,0.2649587094783783,0.0,0.0,0.0,0.004542941227555275,0.006563442759215832,0.0046310038305819035,0.0,0.022996339946985245,0.051590293645858765,0.493486613035202,0.029756812378764153,0.05704546719789505,0.34514495730400085,0.06592784821987152,0.12717002630233765,0.1270718276500702,0.02664497122168541,0.0634668841958046,0.4643799662590027,0.031051035970449448,0.08652595430612564,0.41411280632019043,0.09588953107595444,0.2629033327102661,0.22019465267658234
Cephalotes_minutus_CASENT0709253_processed.obj,Stage_0_init,0.002333742566406727,0.049824535846710205,0.019007548689842224,0.03081698715686798,0.0837438777089119,0.23326419293880463,0.07134906202554703,0.0773666650056839,0.06620000302791595,0.26847532391548157,0.3179333508014679,0.23233333230018616,0.5405187010765076,0.6567000150680542,0.45926666259765625,0.8780149817466736,0.9546999931335449,0.8127333521842957,0.7423393726348877,0.24326667189598083,1.0,0.0,1.0,1.0,0.0,1.0,4.093412542260921e-08,0.0,0.8070071339607239,0.36204200983047485,0.0,0.0,0.0,0.012004232965409756,0.0138808349147439,0.013029455207288265,0.0,0.021680161356925964,0.060253649950027466,0.6057471632957458,0.017040491104125977,0.035653237253427505,0.6645191311836243,0.02271767146885395,0.046001557260751724,0.4668508470058441,0.018801789730787277,0.033286336809396744,0.5646438002586365,0.024936838075518608,0.06413693726062775,0.5238217711448669,0.06916727870702744,0.17789550125598907,0.2907542586326599
Cephalotes_simillimus_CASENT0744408_processed.obj,Stage_0_init,0.0035622252617031336,0.062928207218647,0.026827700436115265,0.03610050678253174,0.1031242161989212,0.25566133856773376,0.03485172614455223,0.03593333438038826,0.0338333323597908,0.17436234652996063,0.19136667251586914,0.16013333201408386,0.4533992111682892,0.5087666511535645,0.4088999927043915,0.8077298998832703,0.863966703414917,0.7583667039871216,0.68439781665802,0.34103333950042725,1.0,0.0,1.0,1.0,0.0,1.0,3.232592504787135e-08,0.0,0.7949969172477722,0.3450559973716736,0.0,0.0,0.0,0.014479289762675762,0.020469067618250847,0.014870447106659412,0.0,0.02394629269838333,0.06397753953933716,0.5544061660766602,0.027775747701525688,0.07383573055267334,0.4601932764053345,0.05513276904821396,0.09497139602899551,0.16850829124450684,0.03114210069179535,0.0579463355243206,0.3139841854572296,0.0383891798555851,0.09893248230218887,0.35616791248321533,0.06347682327032089,0.2008286416530609,0.1374695897102356
Cephalotes_spinosus_CASENT0744158_processed.obj,Stage_0_init,0.0032389252446591854,0.0626862496137619,0.02496904879808426,0.03771720081567764,0.09247329831123352,0.2261468768119812,0.04223966971039772,0.04529999941587448,0.03956666588783264,0.16931600868701935,0.20550000667572021,0.1439666748046875,0.39810359477996826,0.49933335185050964,0.3310000002384186,0.8045431971549988,0.902400016784668,0.7258333563804626,0.731935441493988,0.21060000360012054,1.0,0.0,1.0,1.0,0.0,1.0,6.044974298902162e-08,0.0,0.7504222393035889,0.2460797280073166,0.0,0.0,0.0,0.03226649388670921,0.035895247012376785,0.033097412437200546,0.0,0.030592791736125946,0.07087155431509018,0.39923372864723206,0.024808671325445175,0.0551861934363842,0.4551311731338501,0.019947756081819534,0.05967899411916733,0.6574586033821106,0.04418368637561798,0.08506578207015991,0.26649078726768494,0.02468147873878479,0.05543879419565201,0.47257277369499207,0.08285171538591385,0.19678741693496704,0.0863746926188469
Crematogaster_nawai_OKENT0105046_processed.obj,Stage_0_init,0.005846044979989529,0.08203040063381195,0.034052878618240356,0.047977522015571594,0.1132112666964531,0.5163708925247192,0.032408908009529114,0.034833334386348724,0.030300000682473183,0.13190266489982605,0.15566666424274445,0.11443333327770233,0.317410409450531,0.39633333683013916,0.2646999955177307,0.6775405406951904,0.7838333249092102,0.5966333150863647,0.6594333648681641,0.3182666599750519,1.0,0.0,1.0,1.0,0.0,1.0,4.450970791936015e-08,0.0,0.7273377776145935,0.20036299526691437,0.0,0.0,0.0,0.0067174071446061134,0.017921682447195053,0.00853091012686491,0.0,0.02890775352716446,0.07628900557756424,0.445210725069046,0.03746050223708153,0.09071782231330872,0.3212149143218994,0.05171582102775574,0.10571812838315964,0.09392265230417252,0.042990926653146744,0.12240195274353027,0.3113456666469574,0.03755776211619377,0.11391142755746841,0.42003604769706726,0.14144182205200195,0.37061530351638794,0.12652067840099335
Cryptopone_sauteri_CASENT0743771_processed.obj,Stage_0_init,0.005115103907883167,0.0730910524725914,0.03067132458090782,0.04241972789168358,0.10701577365398407,0.43059805035591125,0.03619135171175003,0.03746666759252548,0.03500000014901161,0.16486510634422302,0.19023333489894867,0.1454666703939438,0.3827192187309265,0.4575333297252655,0.32893332839012146,0.754622220993042,0.8310999870300293,0.6910333633422852,0.6815938949584961,0.2754666805267334,1.0,0.0,1.0,1.0,0.0,1.0,2.8490989123497457e-08,0.0,0.7855747938156128,0.3455013036727905,0.0,0.0,0.0,0.015458895824849606,0.01692315749824047,0.01567039266228676,0.0,0.023454373702406883,0.055372122675180435,0.50957852602005,0.029941122978925705,0.06698930263519287,0.41417396068573,0.029964487999677658,0.07156539708375931,0.40055251121520996,0.037597596645355225,0.07399698346853256,0.3113456666469574,0.04489462822675705,0.12954829633235931,0.3538501262664795,0.08867044746875763,0.3402550220489502,0.37347930669784546
Cyphoidris_afrc-tz01_CASENT0744810_processed.obj,Stage_0_init,0.014035772532224655,0.13142463564872742,0.051755160093307495,0.07966948300600052,0.19966958463191986,0.4029965400695801,0.008224696852266788,0.008500000461935997,0.007966666482388973,0.049506574869155884,0.05609999969601631,0.04430000111460686,0.1691255271434784,0.21240000426769257,0.1404999941587448,0.4536874294281006,0.572533369064331,0.3756999969482422,0.658971905708313,0.2720000147819519,1.0,0.0,1.0,1.0,0.0,1.0,3.3246774222561726e-08,0.0,0.6877433657646179,0.18486207723617554,0.0,0.0,0.0,0.015316438861191273,0.020885353907942772,0.015134771354496479,0.0,0.03896337002515793,0.08986403793096542,0.2904214560985565,0.04556046798825264,0.10509610921144485,0.2360791563987732,0.050886210054159164,0.14700563251972198,0.3093922734260559,0.04431112855672836,0.13697539269924164,0.3245382606983185,0.0522170215845108,0.1268015056848526,0.20293587446212769,0.15895509719848633,0.36837220191955566,0.11435522884130478
Cyphomyrmex_cf.minutus_CASENT0744280_processed.obj,Stage_0_init,0.012198813259601593,0.12422396242618561,0.048738036304712296,0.07548592984676361,0.17406421899795532,0.4072337746620178,0.00846338551491499,0.008633333258330822,0.008299999870359898,0.052404265850782394,0.05953333526849747,0.046799998730421066,0.1817074418067932,0.24330000579357147,0.14499999582767487,0.4681965708732605,0.616433322429657,0.37743332982063293,0.5925687551498413,0.3313666582107544,1.0,0.0,1.0,1.0,0.0,1.0,2.3563277551374995e-08,0.0,0.6237596869468689,0.07085958868265152,0.0,0.0,0.0,0.011826302856206894,0.011633043177425861,0.01231822557747364,0.0,0.03525817394256592,0.07909947633743286,0.30421456694602966,0.056756045669317245,0.11212494224309921,0.17119190096855164,0.04073653742671013,0.09668902307748795,0.3867403566837311,0.06426016241312027,0.1737746149301529,0.14775726199150085,0.0583307184278965,0.16221225261688232,0.228174090385437,0.15762601792812347,0.33638811111450195,0.018248174339532852
Dilobocondyla_fouqueti_CASENT0745576_processed.obj,Stage_0_init,0.005627905018627644,0.07379654049873352,0.027913160622119904,0.04588337615132332,0.13403728604316711,0.3258174955844879,0.05079784616827965,0.05450000241398811,0.04756666719913483,0.19671262800693512,0.2337000072002411,0.16983333230018616,0.3998357057571411,0.4918999969959259,0.3368000090122223,0.7517691254615784,0.8615000247955322,0.6668333411216736,0.684724748134613,0.22576667368412018,1.0,0.0,1.0,1.0,0.0,1.0,5.190273810740109e-08,0.0,0.743812620639801,0.2137802690267563,0.0,0.0,0.0,0.01733209379017353,0.018247786909341812,0.0174403116106987,0.0,0.02269323170185089,0.05386246368288994,0.5398467779159546,0.031151313334703445,0.06569290906190872,0.3663138449192047,0.072489894926548,0.20157939195632935,0.1961326003074646,0.05855096876621246,0.166001558303833,0.2770448625087738,0.04005902260541916,0.10815271735191345,0.34354880452156067,0.07293541729450226,0.19583046436309814,0.21289537847042084
Dorylus_fulvus_CASENT0745678_processed.obj,Stage_0_init,0.0031659698579460382,0.059839218854904175,0.02396627701818943,0.035872939974069595,0.10266323387622833,0.32415154576301575,0.05925098806619644,0.06403333693742752,0.055133335292339325,0.1955682933330536,0.23520000278949738,0.16736666858196259,0.4208201766014099,0.5136666893959045,0.3564000129699707,0.8413767218589783,0.9161333441734314,0.777899980545044,0.6615622639656067,0.30863332748413086,1.0,0.0,1.0,1.0,0.0,1.0,5.124998381234036e-08,0.0,0.7672126293182373,0.2840825915336609,0.0,0.0,0.0,0.0024149278178811073,0.007227038498967886,0.002422541845589876,0.0,0.021047726273536682,0.046525657176971436,0.5486590266227722,0.021137747913599014,0.03751477971673012,0.47353890538215637,0.024749772623181343,0.05484582111239433,0.3922652006149292,0.03256550431251526,0.07841001451015472,0.3667546212673187,0.028500376269221306,0.06501638889312744,0.40767449140548706,0.0527135506272316,0.27162736654281616,0.529197096824646
Eciton_hamatum_CASENT0744580_processed.obj,Stage_0_init,0.004957769066095352,0.07562509179115295,0.03691156208515167,0.03871352970600128,0.11472957581281662,0.2960798740386963,0.06200846657156944,0.06683333218097687,0.05783333256840706,0.18472252786159515,0.20980000495910645,0.16500000655651093,0.3727276623249054,0.4183666706085205,0.33606666326522827,0.7160967588424683,0.7484000325202942,0.6864666938781738,0.5589587092399597,0.38339999318122864,1.0,0.0,1.0,1.0,0.0,1.0,8.641422510891061e-08,0.0,0.5468497276306152,0.08316195011138916,0.0,0.0,0.0,0.014696793630719185,0.016586441546678543,0.014802543446421623,0.0,0.016783304512500763,0.03880792111158371,0.6800766587257385,0.059661880135536194,0.07442034780979156,0.0,0.07574821263551712,0.12383046746253967,0.06906077265739441,0.08246470242738724,0.09733981639146805,0.0,0.045971643179655075,0.12999723851680756,0.30517640709877014,0.11604437232017517,0.27550625801086426,0.05717761442065239
Ectatomma_brunneum_CASENT0744575_processed.obj,Stage_0_init,0.01194220595061779,0.11373922228813171,0.04076409712433815,0.07297512888908386,0.21444080770015717,0.4267703890800476,0.016755202785134315,0.01783333346247673,0.015800001099705696,0.07843700051307678,0.08990000188350677,0.06956666707992554,0.2233029007911682,0.28316667675971985,0.18433333933353424,0.5700508952140808,0.7066666483879089,0.47769999504089355,0.6295885443687439,0.2740333378314972,1.0,0.0,1.0,1.0,0.0,1.0,2.3006684557458357e-08,0.0,0.7292090654373169,0.14089182019233704,0.0,0.0,0.0,0.022198451682925224,0.026367081329226494,0.02286447025835514,0.0,0.046890243887901306,0.11219750344753265,0.21570882201194763,0.05052194371819496,0.12247439473867416,0.1895996332168579,0.03942025452852249,0.07931797951459885,0.14364641904830933,0.052498288452625275,0.114614337682724,0.17678101360797882,0.04591464251279831,0.11619789153337479,0.29899561405181885,0.09503363072872162,0.26403939723968506,0.18248175084590912
Eurhopalothrix_procera_CASENT0745605_processed.obj,Stage_0_init,0.007676310837268829,0.09331203997135162,0.04397303983569145,0.04933899641036987,0.14323163032531738,0.5397206544876099,0.022112132981419563,0.022433333098888397,0.021800000220537186,0.11225605756044388,0.11403333395719528,0.11053333431482315,0.29852724075317383,0.3091999888420105,0.2885666787624359,0.6515528559684753,0.6697333455085754,0.6343333125114441,0.6103641986846924,0.3814333379268646,1.0,0.0,1.0,1.0,0.0,1.0,2.7561398496800393e-08,0.0,0.7154287099838257,0.25420618057250977,0.0,0.0,0.0,0.010747339576482773,0.019642209634184837,0.010666970163583755,0.0,0.03315797075629234,0.08142434060573578,0.3896551728248596,0.04445922374725342,0.1042262464761734,0.28347906470298767,0.03603330999612808,0.08291445672512054,0.35635361075401306,0.0601864792406559,0.1085444986820221,0.08970976620912552,0.05876169726252556,0.16498897969722748,0.274014949798584,0.19399511814117432,0.41664960980415344,0.047445256263017654
Heteroponera_panamensis_CASENT0744055_processed.obj,Stage_0_init,0.014944614842534065,0.1264415681362152,0.04495790973305702,0.08148365467786789,0.2196017950773239,0.3566494584083557,0.015406831167638302,0.01626666635274887,0.014633333310484886,0.08255169540643692,0.09486667066812515,0.07306666672229767,0.2389877587556839,0.30106666684150696,0.19813333451747894,0.5389050245285034,0.6867666840553284,0.44343334436416626,0.6768152713775635,0.28029999136924744,1.0,0.0,1.0,1.0,0.0,1.0,2.032281365416111e-08,0.0,0.7102934122085571,0.1621619015932083,0.0,0.0,0.0,0.022406980395317078,0.024532636627554893,0.022795379161834717,0.0,0.031571924686431885,0.07600264996290207,0.37816092371940613,0.05427589267492294,0.12963587045669556,0.22687529027462006,0.055341996252536774,0.128474161028862,0.20718233287334442,0.04538210481405258,0.0910341888666153,0.24538259208202362,0.07857505977153778,0.18668484687805176,0.08498583734035492,0.11256463080644608,0.3060619831085205,0.0656934306025505
Labidus_praedator_CASENT0744236_processed.obj,Stage_0_init,0.008132639341056347,0.08449064195156097,0.043430011719465256,0.04106063395738602,0.1390371322631836,0.6517185568809509,0.05490988492965698,0.053199999034404755,0.05673333257436752,0.18325789272785187,0.16636666655540466,0.2039666622877121,0.3604167699813843,0.31923332810401917,0.4138000011444092,0.7159907817840576,0.6696666479110718,0.7692000269889832,0.5847938656806946,0.36033332347869873,1.0,0.0,1.0,1.0,0.0,1.0,3.375382462422749e-08,0.0,0.6545728445053101,0.2145089954137802,0.0,0.0,0.0,0.0117356451228261,0.014886699616909027,0.013235540129244328,0.0,0.04399683699011803,0.10180389881134033,0.2689655125141144,0.047049835324287415,0.10393167287111282,0.22457432746887207,0.08133722096681595,0.10186893492937088,0.0,0.02916598878800869,0.057984013110399246,0.40633246302604675,0.048778682947158813,0.12265869230031967,0.2606232464313507,0.11954841762781143,0.3087308704853058,0.04866179823875427
Labidus_praedator_CASENT0744237_processed.obj,Stage_0_init,0.010468767024576664,0.10726562142372131,0.04358412325382233,0.06368149816989899,0.17337659001350403,0.3194292187690735,0.030133701860904694,0.03180000185966492,0.02863333374261856,0.11786440759897232,0.1357666701078415,0.10413333773612976,0.25893494486808777,0.3113333284854889,0.22163332998752594,0.5779197216033936,0.6780333518981934,0.5035666823387146,0.5960535407066345,0.30686667561531067,1.0,0.0,1.0,1.0,0.0,1.0,4.4704950852292313e-08,0.0,0.6639446020126343,0.1263398379087448,0.0,0.0,0.0,0.023455576971173286,0.03058485873043537,0.02646280825138092,0.0,0.030246511101722717,0.08489569276571274,0.44252875447273254,0.028466349467635155,0.05985702946782112,0.3672342300415039,0.0633656457066536,0.1143222525715828,0.14088398218154907,0.08518856763839722,0.24649035930633545,0.24802112579345703,0.041308674961328506,0.08721326291561127,0.28148338198661804,0.09353585541248322,0.21315473318099976,0.0
Lasius_nr._fuliginosus_CASENT0878037_processed.obj,Stage_0_init,0.004350203089416027,0.07336375117301941,0.03273880481719971,0.04062495008111,0.10118140280246735,0.24356402456760406,0.04600689187645912,0.048366665840148926,0.04386666789650917,0.16010290384292603,0.17756666243076324,0.14576667547225952,0.3349757492542267,0.37173333764076233,0.304833322763443,0.740464448928833,0.7947333455085754,0.6931333541870117,0.6449557542800903,0.25556665658950806,1.0,0.0,1.0,1.0,0.0,1.0,3.452606733844732e-08,0.0,0.7627780437469482,0.2861500680446625,0.0,0.0,0.0,0.005792058072984219,0.014195655472576618,0.005913806147873402,0.0,0.027509896084666252,0.06668411195278168,0.45440614223480225,0.03598284348845482,0.07542364299297333,0.2742752134799957,0.06222978234291077,0.12658722698688507,0.1519337147474289,0.021953005343675613,0.04534394294023514,0.49340370297431946,0.04636745899915695,0.10224328190088272,0.24465620517730713,0.08862853795289993,0.18672813475131989,0.12043795734643936
Lioponera_daikoku_OKENT0105067_processed.obj,Stage_0_init,0.011961051262915134,0.12300831824541092,0.055799953639507294,0.06720836460590363,0.17267340421676636,0.34803828597068787,0.01229096669703722,0.012633333913981915,0.011966667138040066,0.06242019683122635,0.06473333388566971,0.06026666611433029,0.19495773315429688,0.21299999952316284,0.17973333597183228,0.5060616731643677,0.5447999835014343,0.47246667742729187,0.673028290271759,0.2659333348274231,1.0,0.0,1.0,1.0,0.0,1.0,2.2371414942767842e-08,0.0,0.6564382910728455,0.1640625149011612,0.0,0.0,0.0,0.008375667966902256,0.022300513461232185,0.008586497977375984,0.0,0.058335766196250916,0.12813937664031982,0.1831417679786682,0.058544058352708817,0.1362418532371521,0.22963644564151764,0.13019727170467377,0.3120245933532715,0.1464088410139084,0.04504350945353508,0.10167576372623444,0.24538259208202362,0.0508621446788311,0.11492761969566345,0.18722636997699738,0.10737201571464539,0.29096031188964844,0.21897810697555542
Mayriella_sp._CASENT0745610_processed.obj,Stage_0_init,0.0066409301944077015,0.08550699800252914,0.03106647916138172,0.05444052070379257,0.1486869603395462,0.35983142256736755,0.026630045846104622,0.028066666796803474,0.025333333760499954,0.13593578338623047,0.1612333357334137,0.11749999970197678,0.3335442543029785,0.4309999942779541,0.27203333377838135,0.6744202375411987,0.803766667842865,0.5809333324432373,0.6987923383712769,0.29100000858306885,1.0,0.0,1.0,1.0,0.0,1.0,3.089219191565462e-08,0.0,0.7525961399078369,0.28701671957969666,0.0,0.0,0.0,0.020443348214030266,0.02393317222595215,0.021033285185694695,0.0,0.029804736375808716,0.08430923521518707,0.4954023063182831,0.03882420063018799,0.085222028195858,0.291302353143692,0.07397230714559555,0.13959901034832,0.1961326003074646,0.02788209728896618,0.05967461317777634,0.3667546212673187,0.035409342497587204,0.08200926333665848,0.36878702044487,0.05875625088810921,0.1857408881187439,0.4282238483428955
Mesoponera_ambigua_CASENT0745584_processed.obj,Stage_0_init,0.011187626980245113,0.1053294986486435,0.037421997636556625,0.06790749728679657,0.20466412603855133,0.42902401089668274,0.022487904876470566,0.023733332753181458,0.0213666670024395,0.10584165155887604,0.12380000203847885,0.09243333339691162,0.2766244411468506,0.3475666642189026,0.22973333299160004,0.6299739480018616,0.7573666572570801,0.5392666459083557,0.6806955933570862,0.23716667294502258,1.0,0.0,1.0,1.0,0.0,1.0,2.5655582547301492e-08,0.0,0.6789261102676392,0.16295412182807922,0.0,0.0,0.0,0.012029770761728287,0.01897951029241085,0.012162565253674984,0.0,0.02617058716714382,0.0615202970802784,0.4360153377056122,0.0409134142100811,0.10136056691408157,0.2949838936328888,0.0832081213593483,0.2150319218635559,0.18508288264274597,0.043891217559576035,0.07505068928003311,0.1715039610862732,0.04796092212200165,0.12454232573509216,0.27272728085517883,0.14761877059936523,0.3069067597389221,0.02676399052143097
Myrmecina_ryukyuensis_OKENT0105085_processed.obj,Stage_0_init,0.00740825105458498,0.08570214360952377,0.03850284218788147,0.0471993014216423,0.13639697432518005,0.3369051516056061,0.047642335295677185,0.04960000142455101,0.04583333432674408,0.19769589602947235,0.21930000185966492,0.17996667325496674,0.4094884693622589,0.4684666693210602,0.3637000024318695,0.6965953707695007,0.7513666749000549,0.6492666602134705,0.7074829936027527,0.28466665744781494,1.0,0.0,1.0,1.0,0.0,1.0,2.992472047935735e-08,0.0,0.7617953419685364,0.30041825771331787,0.0,0.0,0.0,0.021299373358488083,0.02301911637187004,0.024725401774048805,0.0,0.019807608798146248,0.05538729578256607,0.6559386849403381,0.0330512672662735,0.07822026312351227,0.35849058628082275,0.07436493039131165,0.16718560457229614,0.1961326003074646,0.07503398507833481,0.21006053686141968,0.21635884046554565,0.04946223646402359,0.1520826667547226,0.3177955150604248,0.09830226004123688,0.2929861545562744,0.19099757075309753
Myrmecina_sp._CASENT0745613_processed.obj,Stage_0_init,0.008174672722816467,0.0872606635093689,0.0329466350376606,0.054314032196998596,0.16282157599925995,0.4289875626564026,0.036849308758974075,0.03766666725277901,0.03606666624546051,0.17178399860858917,0.1940000057220459,0.15413333475589752,0.4015369415283203,0.48153334856033325,0.34433335065841675,0.6887059211730957,0.795199990272522,0.607366681098938,0.6803550124168396,0.2457333356142044,1.0,0.0,1.0,1.0,0.0,1.0,2.567015933152561e-08,0.0,0.8036090731620789,0.29951491951942444,0.0,0.0,0.0,0.018126262351870537,0.022251687943935394,0.017943382263183594,0.0,0.021136049181222916,0.051364485174417496,0.6015325784683228,0.03517412394285202,0.0878143161535263,0.3630925118923187,0.05367390066385269,0.09214068949222565,0.18784530460834503,0.0228318702429533,0.044381480664014816,0.46174144744873047,0.06008670851588249,0.14335420727729797,0.21272212266921997,0.15184591710567474,0.34103959798812866,0.09610705822706223
Nesomyrmex_angulatus_CASENT0744820_processed.obj,Stage_0_init,0.0064042843878269196,0.08551932126283646,0.03623916208744049,0.049280159175395966,0.13621854782104492,0.24815595149993896,0.030633244663476944,0.03136666864156723,0.02993333339691162,0.13996030390262604,0.15103334188461304,0.13040000200271606,0.34821760654449463,0.38760000467300415,0.31610000133514404,0.6779924035072327,0.7358999848365784,0.6285333633422852,0.6321306824684143,0.3874666690826416,1.0,0.0,1.0,1.0,0.0,1.0,2.4621089167453647e-08,0.0,0.7478167414665222,0.29656752943992615,0.0,0.0,0.0,0.004484403412789106,0.00737399747595191,0.004448318388313055,0.0,0.03481757640838623,0.08192280679941177,0.38275861740112305,0.05139909312129021,0.12150220572948456,0.2531062960624695,0.04264887049794197,0.0933191105723381,0.3038674294948578,0.056705668568611145,0.11459734290838242,0.19261214137077332,0.03394747152924538,0.08484233915805817,0.39891836047172546,0.06361041218042374,0.20809906721115112,0.2956204414367676
Odontomachus_troglodytes_CASENT0744970_processed.obj,Stage_0_init,0.006437918171286583,0.08100877702236176,0.03871219977736473,0.04229658097028732,0.11724081635475159,0.361754447221756,0.05199249088764191,0.054466668516397476,0.04973333328962326,0.17524273693561554,0.1954333335161209,0.1588333398103714,0.35477402806282043,0.3891666829586029,0.32596665620803833,0.7227969765663147,0.7497666478157043,0.697700023651123,0.6509274840354919,0.34316667914390564,1.0,0.0,1.0,1.0,0.0,1.0,3.474461252039873e-08,0.0,0.6607855558395386,0.21756471693515778,0.0,0.0,0.0,0.016321737319231033,0.01863659918308258,0.01888277754187584,0.0,0.033176783472299576,0.0919894427061081,0.4084291160106659,0.029934728518128395,0.07815797626972198,0.43258169293403625,0.09294527024030685,0.18073301017284393,0.14917127788066864,0.018742945045232773,0.05210096389055252,0.6781002879142761,0.04608093947172165,0.10911081731319427,0.30775174498558044,0.13676875829696655,0.3409145474433899,0.09124087542295456
Oxyopomyrmex_saulcyi_CASENT0745218_processed.obj,Stage_0_init,0.006670679431408644,0.08514651656150818,0.03331322595477104,0.051833294332027435,0.144476979970932,0.2570379972457886,0.03461069613695145,0.03736666589975357,0.032233335077762604,0.14880934357643127,0.18240000307559967,0.12566666305065155,0.3507058024406433,0.4595000147819519,0.2835666835308075,0.6844873428344727,0.7852666974067688,0.6066333651542664,0.6055269837379456,0.37486666440963745,1.0,0.0,1.0,1.0,0.0,1.0,3.204325693673127e-08,0.0,0.7505923509597778,0.31731680035591125,0.0,0.0,0.0,0.001990037504583597,0.004121554084122181,0.0023839527275413275,0.0,0.021567557007074356,0.05283305421471596,0.5770115256309509,0.038395654410123825,0.08504631370306015,0.35710999369621277,0.025877758860588074,0.05238885432481766,0.4475138187408447,0.023240309208631516,0.04590889438986778,0.4670184850692749,0.04882015660405159,0.11217709630727768,0.20422354340553284,0.11185456067323685,0.24350453913211823,0.13381995260715485
Polyrhachis_decemdentata_CASENT0744779_processed.obj,Stage_0_init,0.006832411512732506,0.08202806115150452,0.03112255036830902,0.050905510783195496,0.14564239978790283,0.35526952147483826,0.03376658260822296,0.036933332681655884,0.03110000118613243,0.1377386450767517,0.1661333292722702,0.11763333529233932,0.3478703796863556,0.4389333426952362,0.288100004196167,0.7194556593894958,0.8208333253860474,0.6403666734695435,0.7352837920188904,0.296999990940094,1.0,0.0,1.0,1.0,0.0,1.0,3.2594019927500995e-08,0.0,0.7104663848876953,0.17638345062732697,0.0,0.0,0.0,0.0059720841236412525,0.0077943336218595505,0.006251906044781208,0.0,0.03183899447321892,0.0763055831193924,0.37088122963905334,0.029667984694242477,0.06511182337999344,0.40220892429351807,0.09709494560956955,0.21110354363918304,0.09116022288799286,0.06706009060144424,0.1498430371284485,0.058047495782375336,0.043889936059713364,0.14870816469192505,0.3636363744735718,0.08703318238258362,0.2792174816131592,0.32360097765922546
Polyrhachis_dives_CASENT0878093_processed.obj,Stage_0_init,0.009183414280414581,0.09778592735528946,0.0369175523519516,0.06086837500333786,0.17525483667850494,0.4742461144924164,0.019490350037813187,0.020233333110809326,0.018799999728798866,0.09825916588306427,0.10916666686534882,0.08933333307504654,0.288004070520401,0.34200000762939453,0.24873334169387817,0.6365260481834412,0.7570000290870667,0.5491333603858948,0.7196696400642395,0.19979999959468842,1.0,0.0,1.0,1.0,0.0,1.0,1.84374027156764e-08,0.0,0.7133229374885559,0.1733892560005188,0.0,0.0,0.0,0.023083148524165154,0.028441686183214188,0.02410266175866127,0.0,0.028565144166350365,0.06639939546585083,0.4214559495449066,0.03829571232199669,0.08403757959604263,0.291302353143692,0.08155488222837448,0.21607258915901184,0.17403315007686615,0.04590090364217758,0.0896773636341095,0.19525066018104553,0.051966775208711624,0.13587680459022522,0.24439866840839386,0.1803746223449707,0.4438849091529846,0.012165449559688568
Ponera_kohmoku_OKENT0105440_processed.obj,Stage_0_init,0.004980194848030806,0.06864315271377563,0.027793319895863533,0.04084983468055725,0.12207750231027603,0.4112648367881775,0.060182586312294006,0.0652666687965393,0.05583333224058151,0.228837251663208,0.26919999718666077,0.19900000095367432,0.4540426433086395,0.5288666486740112,0.39776667952537537,0.7874743342399597,0.8690000176429749,0.7199333310127258,0.7094770073890686,0.3380333483219147,1.0,0.0,1.0,1.0,0.0,1.0,4.279913667915025e-08,0.0,0.7429895997047424,0.24486126005649567,0.0,0.0,0.0,0.009736301377415657,0.016211174428462982,0.01009353157132864,0.0,0.022878454998135567,0.0581599585711956,0.5632184147834778,0.02991603873670101,0.0765538290143013,0.3842613995075226,0.059327155351638794,0.1363421231508255,0.24861879646778107,0.018158188089728355,0.037987321615219116,0.6200528144836426,0.03559315204620361,0.09507941454648972,0.4233839809894562,0.09906700253486633,0.3367639482021332,0.17883211374282837
Ponera_tamon_OKENT0105154_processed.obj,Stage_0_init,0.003100711852312088,0.0601825937628746,0.028366947546601295,0.03181564435362816,0.08000566065311432,0.24743342399597168,0.06372310221195221,0.0654333308339119,0.06210000067949295,0.2167687863111496,0.23346666991710663,0.20229999721050262,0.44679051637649536,0.48623335361480713,0.413266658782959,0.8176642656326294,0.8327666521072388,0.8030999898910522,0.6588259339332581,0.3086000084877014,1.0,0.0,1.0,1.0,0.0,1.0,3.62861634073397e-08,0.0,0.7434582114219666,0.27614110708236694,0.0,0.0,0.0,0.00575809134170413,0.006718747317790985,0.005678248126059771,0.0,0.019172299653291702,0.048943255096673965,0.6406130194664001,0.0276722963899374,0.05975322797894478,0.4261389970779419,0.03380640968680382,0.07025671750307083,0.32044199109077454,0.023084990680217743,0.06061696261167526,0.6121371984481812,0.030224943533539772,0.08170802146196365,0.4321401119232178,0.0840221717953682,0.18884508311748505,0.14963503181934357
Pseudolasius_sp._CASENT0878065_processed.obj,Stage_0_init,0.00957060419023037,0.10049943625926971,0.05190521851181984,0.048594214022159576,0.15526415407657623,0.3543110191822052,0.01983131654560566,0.019633334130048752,0.0200333334505558,0.10654374212026596,0.10573333501815796,0.1073666661977768,0.3038177490234375,0.2932000160217285,0.31523334980010986,0.6455443501472473,0.6060333251953125,0.6905666589736938,0.6276514530181885,0.35946667194366455,1.0,0.0,1.0,1.0,0.0,1.0,1.9448590293791312e-08,0.0,0.7551921010017395,0.19428634643554688,0.0,0.0,0.0,0.05974976345896721,0.06450323015451431,0.0554419569671154,0.0,0.029294531792402267,0.0761195570230484,0.4605364203453064,0.03199821338057518,0.07546345889568329,0.37183618545532227,0.055956173688173294,0.12755100429058075,0.2790055274963379,0.028601350262761116,0.07847613841295242,0.46174144744873047,0.06038371101021767,0.15949854254722595,0.2230234444141388,0.143612802028656,0.3349965214729309,0.18491484224796295
Pseudomyrmex_cf.solis_CASENT0744065_processed.obj,Stage_0_init,0.0032989270985126495,0.06278891861438751,0.03433354198932648,0.028455374762415886,0.08975484222173691,0.222957581281662,0.057564739137887955,0.057233333587646484,0.05790000036358833,0.20416630804538727,0.20053333044052124,0.20793333649635315,0.42375656962394714,0.40933334827423096,0.43923333287239075,0.7968588471412659,0.7623000144958496,0.8346999883651733,0.648334264755249,0.3157333433628082,1.0,0.0,1.0,1.0,0.0,1.0,4.131295483489339e-08,0.0,0.729714035987854,0.2884279787540436,0.0,0.0,0.0,0.003930206410586834,0.004820032045245171,0.00408118637278676,0.0,0.019742680713534355,0.053303055465221405,0.6360153555870056,0.03206940367817879,0.07479619234800339,0.35803037881851196,0.044239699840545654,0.08073602616786957,0.16850829124450684,0.024016814306378365,0.047277528792619705,0.42480212450027466,0.04723452031612396,0.10067417472600937,0.25933557748794556,0.08626218140125275,0.17210336029529572,0.10340632498264313
Solenopsis_invicta_CASENT0744384_processed.obj,Stage_0_init,0.009980589151382446,0.10059300065040588,0.04405812919139862,0.05653487518429756,0.15891355276107788,0.4894433915615082,0.022992227226495743,0.023766666650772095,0.02226666733622551,0.11312530189752579,0.12293333560228348,0.10476666688919067,0.29810115694999695,0.3528999984264374,0.2580333352088928,0.636772871017456,0.6874333620071411,0.5930666923522949,0.5525387525558472,0.40996667742729187,1.0,0.0,1.0,1.0,0.0,1.0,2.0386924148851904e-08,0.0,0.6770185828208923,0.19379131495952606,0.0,0.0,0.0,0.04013306275010109,0.04680532589554787,0.048454366624355316,0.0,0.042210470885038376,0.11526390165090561,0.38314175605773926,0.04195713624358177,0.0981091856956482,0.26921308040618896,0.09454639256000519,0.18426313996315002,0.055248621851205826,0.06000255420804024,0.1047130674123764,0.11081794649362564,0.056772105395793915,0.24520669877529144,0.3749678134918213,0.18411703407764435,0.4499744176864624,0.1447688490152359
Stigmatomma_FHG02_CASENT0745561_processed.obj,Stage_0_init,0.010351302102208138,0.10607966035604477,0.049471430480480194,0.056608229875564575,0.1581488698720932,0.4485965967178345,0.024500316008925438,0.025433333590626717,0.023633332923054695,0.10787662863731384,0.11646667122840881,0.10046666860580444,0.277683824300766,0.3059000074863434,0.25423333048820496,0.604611873626709,0.642133355140686,0.571233332157135,0.6063531041145325,0.2805333435535431,1.0,0.0,1.0,1.0,0.0,1.0,2.037526769527176e-08,0.0,0.7289275527000427,0.3005639314651489,0.0,0.0,0.0,0.0036117760464549065,0.008436228148639202,0.0036870883777737617,0.0,0.03203495219349861,0.10557549446821213,0.4643678367137909,0.04915648326277733,0.11461538076400757,0.2333180010318756,0.17846053838729858,0.3682749569416046,0.1464088410139084,0.045348625630140305,0.10778656601905823,0.2559366822242737,0.056928787380456924,0.16308963298797607,0.2379603385925293,0.1374383419752121,0.419746994972229,0.210462287068367
Strumigenys_alberti_CASENT0878103_processed.obj,Stage_0_init,0.0080695990473032,0.09724177420139313,0.04579031467437744,0.051451459527015686,0.13880419731140137,0.39021962881088257,0.020715579390525818,0.02056666649878025,0.020866665989160538,0.11304981261491776,0.11586666852235794,0.11036666482686996,0.29795315861701965,0.31653332710266113,0.2814333438873291,0.6181356310844421,0.6413999795913696,0.5964999794960022,0.6286081075668335,0.26510000228881836,1.0,0.0,1.0,1.0,0.0,1.0,3.234049472666811e-08,0.0,0.7212152481079102,0.29286110401153564,0.0,0.0,0.0,0.005833324510604143,0.008085936307907104,0.005769580136984587,0.0,0.03366687521338463,0.09429719299077988,0.4214559495449066,0.039113108068704605,0.08614065498113632,0.291302353143692,0.0510617233812809,0.11489126831293106,0.2458563596010208,0.03357484191656113,0.09506235271692276,0.40369394421577454,0.05570622906088829,0.1582157462835312,0.2907545864582062,0.15451206266880035,0.3683241307735443,0.12043795734643936
Strumigenys_canina_OKENT0105288_processed.obj,Stage_0_init,0.005144136492162943,0.07640761137008667,0.03435254842042923,0.04205506294965744,0.11340092867612839,0.35649439692497253,0.03241157531738281,0.0335666686296463,0.03133333474397659,0.15386062860488892,0.17086666822433472,0.13993333280086517,0.3696954846382141,0.41600000858306885,0.33266666531562805,0.728400468826294,0.7730000019073486,0.6886667013168335,0.6382929682731628,0.30113333463668823,1.0,0.0,1.0,1.0,0.0,1.0,4.061358183093944e-08,0.0,0.7543025612831116,0.27480781078338623,0.0,0.0,0.0,0.0023701656609773636,0.006570280995219946,0.002618340542539954,0.0,0.02564910426735878,0.06415847688913345,0.4915708899497986,0.04445214569568634,0.08852466940879822,0.20202484726905823,0.04715011268854141,0.10122272372245789,0.26243093609809875,0.03084735944867134,0.07211039960384369,0.40897098183631897,0.028397168964147568,0.07907571643590927,0.4813288748264313,0.10011174529790878,0.28016072511672974,0.07907542586326599
Strumigenys_crassicornis_CASENT0744273_processed.obj,Stage_0_init,0.007887445390224457,0.0938209742307663,0.04041464999318123,0.05340632423758507,0.1574263721704483,0.4096294045448303,0.022190192714333534,0.02266666665673256,0.02173333428800106,0.10875923931598663,0.11826666444540024,0.10066666454076767,0.29487311840057373,0.33570000529289246,0.2628999948501587,0.6555786728858948,0.7139000296592712,0.6060666441917419,0.647912859916687,0.24963334202766418,1.0,0.0,1.0,1.0,0.0,1.0,2.6352054760536703e-08,0.0,0.7073124647140503,0.22494761645793915,0.0,0.0,0.0,0.006276329513639212,0.015199869871139526,0.006793968379497528,0.0,0.03921344876289368,0.09687605500221252,0.30000001192092896,0.027029048651456833,0.06628710776567459,0.4850437343120575,0.05689752474427223,0.08052855730056763,0.03867403417825699,0.021993620321154594,0.04686664789915085,0.5145118832588196,0.053726837038993835,0.13630042970180511,0.24362607300281525,0.17112219333648682,0.3340838849544525,0.0
Strumigenys_sp._appretiata_group_CASENT0744156_processed.obj,Stage_0_init,0.0032921787351369858,0.05979254096746445,0.023302951827645302,0.036489591002464294,0.09962259978055954,0.2613494396209717,0.04759462550282478,0.05063333362340927,0.04490000009536743,0.20129908621311188,0.242166668176651,0.17223332822322845,0.46167245507240295,0.5615333318710327,0.39196667075157166,0.8245225548744202,0.9167333245277405,0.7491666674613953,0.7403020858764648,0.22750000655651093,1.0,0.0,1.0,1.0,0.0,1.0,3.779565815875685e-08,0.0,0.7601379752159119,0.26070940494537354,0.0,0.0,0.0,0.001908987178467214,0.003513195551931858,0.0019208953017368913,0.0,0.023957915604114532,0.05643894523382187,0.4873563349246979,0.02094431035220623,0.05134418234229088,0.5747814178466797,0.06757023185491562,0.13658371567726135,0.18232044577598572,0.021768588572740555,0.04618513956665993,0.5171504020690918,0.038479119539260864,0.11464821547269821,0.4326551854610443,0.10935002565383911,0.18410231173038483,0.027980534359812737
Strumigenys_stenorhina_OKENT0105268_processed.obj,Stage_0_init,0.0038610792253166437,0.06047113239765167,0.023008910939097404,0.03746222332119942,0.11618839204311371,0.3037007451057434,0.0766889676451683,0.08383333683013916,0.07066667079925537,0.2396630048751831,0.27896666526794434,0.21006667613983154,0.46815744042396545,0.5369333624839783,0.41499999165534973,0.8435056805610657,0.9309666752815247,0.7710666656494141,0.6953480839729309,0.29590001702308655,1.0,0.0,1.0,1.0,0.0,1.0,6.902881466430699e-08,0.0,0.7321516871452332,0.19087503850460052,0.0,0.0,0.0,0.0028195909690111876,0.005406767129898071,0.00307831191457808,0.0,0.019520200788974762,0.05072809010744095,0.6176245212554932,0.02287001721560955,0.0553710013628006,0.5434882640838623,0.07360170781612396,0.14880692958831787,0.17403315007686615,0.028289467096328735,0.06019632890820503,0.35620054602622986,0.026701781898736954,0.06354639679193497,0.4177182614803314,0.1203555166721344,0.1860942244529724,0.0
Syllophopsis_sechellensis_OKENT0105212_processed.obj,Stage_0_init,0.0052940575405955315,0.07380867004394531,0.03709731996059418,0.03671134635806084,0.10548684000968933,0.49715831875801086,0.05826011300086975,0.06040000170469284,0.0562666654586792,0.18511296808719635,0.19856667518615723,0.17336666584014893,0.3762773275375366,0.40543332695961,0.3510333299636841,0.7556683421134949,0.7670000195503235,0.7446666955947876,0.6564305424690247,0.28956666588783264,1.0,0.0,1.0,1.0,0.0,1.0,6.42059916344806e-08,0.0,0.7271353602409363,0.22279822826385498,0.0,0.0,0.0,0.04988822713494301,0.05191607400774956,0.05407348647713661,0.0,0.021497603505849838,0.05199066922068596,0.540613055229187,0.03183533996343613,0.07874666154384613,0.40404969453811646,0.08790461719036102,0.2878674566745758,0.4751381278038025,0.02925480715930462,0.05949259176850319,0.33773088455200195,0.06138398498296738,0.15482957661151886,0.2825135290622711,0.14465312659740448,0.40550917387008667,0.12773722410202026
Temnothorax_congruus_OKENT0105443_processed.obj,Stage_0_init,0.002309519564732909,0.0513724610209465,0.02197585441172123,0.029396604746580124,0.0768292099237442,0.20846708118915558,0.07699520140886307,0.08363333344459534,0.07133333384990692,0.2674737274646759,0.33086666464805603,0.22446666657924652,0.5254096388816833,0.6216000318527222,0.45500001311302185,0.8561432361602783,0.9065666794776917,0.8110333681106567,0.682425320148468,0.31566667556762695,1.0,0.0,1.0,1.0,0.0,1.0,6.354449766377002e-08,0.0,0.8045985102653503,0.3706636130809784,0.0,0.0,0.0,0.015229676850140095,0.017104104161262512,0.01621001400053501,0.0,0.018210016191005707,0.05407513305544853,0.7164751291275024,0.02804625779390335,0.06372273713350296,0.4114128053188324,0.07154176384210587,0.1904599666595459,0.22651934623718262,0.026792753487825394,0.0555146150290966,0.3614775836467743,0.03040669858455658,0.06692584604024887,0.3739376962184906,0.09823785722255707,0.18482479453086853,0.043795619159936905
Temnothorax_sp._OKENT0105336_processed.obj,Stage_0_init,0.003924209624528885,0.06547097116708755,0.026493607088923454,0.03897736594080925,0.10568209737539291,0.2319285124540329,0.04772540181875229,0.05063333362340927,0.045133333653211594,0.20755957067012787,0.248566672205925,0.17816667258739471,0.457693487405777,0.550166666507721,0.3918333351612091,0.7693442106246948,0.8569333553314209,0.6980000138282776,0.6326114535331726,0.4715000092983246,1.0,0.0,1.0,1.0,0.0,1.0,4.257475083591089e-08,0.0,0.7565404772758484,0.3047819137573242,0.0,0.0,0.0,0.009802352637052536,0.01372535526752472,0.009847711771726608,0.0,0.01953602395951748,0.049263130873441696,0.6459770202636719,0.038854729384183884,0.08917049318552017,0.320754736661911,0.04040945693850517,0.08159588277339935,0.3149171471595764,0.04850398749113083,0.10106929391622543,0.208443284034729,0.03031868301331997,0.07724910974502563,0.3940252363681793,0.05916044861078262,0.17982082068920135,0.3540146052837372
Tetramorium_kraepelini_CASENT0744084_processed.obj,Stage_0_init,0.005833670496940613,0.07519789040088654,0.029557213187217712,0.045640673488378525,0.13172659277915955,0.3905254602432251,0.04373455047607422,0.04610000178217888,0.041600000113248825,0.19738474488258362,0.2305999994277954,0.1725333333015442,0.4342210590839386,0.529366672039032,0.368066668510437,0.7377782464027405,0.8219666481018066,0.6692333221435547,0.6952639222145081,0.3094666600227356,1.0,0.0,1.0,1.0,0.0,1.0,2.3915875502211748e-08,0.0,0.7480414509773254,0.25896650552749634,0.0,0.0,0.0,0.0023629008792340755,0.0045349025167524815,0.002311374293640256,0.0,0.018713342025876045,0.04700520262122154,0.6812260746955872,0.03159341216087341,0.07690708339214325,0.40358951687812805,0.07545987516641617,0.1283385157585144,0.03867403417825699,0.033975984901189804,0.06280435621738434,0.279683381319046,0.045043643563985825,0.13090184330940247,0.4002060294151306,0.0720292255282402,0.2238100916147232,0.30048662424087524
Acanthostichus_aff.brevicornis_CASENT0744328_processed.obj,Stage_1_default,0.0011218697763979435,0.036521390080451965,0.017323214560747147,0.019198177382349968,0.048569705337285995,0.19711177051067352,0.09683683514595032,0.09856666624546051,0.09516666829586029,0.35463422536849976,0.37150001525878906,0.3392333388328552,0.6663134098052979,0.6917666792869568,0.6426666975021362,0.960868775844574,0.9677000045776367,0.9541333317756653,0.736731767654419,0.16179999709129333,1.0,0.0,1.0,1.0,0.0,1.0,3.431915729379398e-08,0.0,0.7654131054878235,0.33800479769706726,0.0,0.0,0.0,0.03637085482478142,0.08470436185598373,0.037102628499269485,0.0,0.018134139478206635,0.043164387345314026,0.6448276042938232,0.012264097109436989,0.026947110891342163,0.8559595346450806,0.011300789192318916,0.021661292761564255,0.9171271324157715,0.013238045386970043,0.02541535720229149,0.8021108508110046,0.01662256382405758,0.04076509550213814,0.6963688135147095,0.012357229366898537,0.03589767962694168,0.8637469410896301
Acromyrmex_coronatus_CASENT0744365_processed.obj,Stage_1_default,0.003463835222646594,0.06571201980113983,0.031230950728058815,0.034481070935726166,0.08475480228662491,0.17789210379123688,0.04175416752696037,0.043433334678411484,0.04019999876618385,0.16891895234584808,0.18930000066757202,0.1525000035762787,0.39111340045928955,0.42996665835380554,0.3587000072002411,0.7857033014297485,0.8029666543006897,0.7691666483879089,0.5996178388595581,0.2911333441734314,1.0,0.0,1.0,1.0,0.0,1.0,7.644518973393133e-08,0.0,0.6537314057350159,0.12674017250537872,0.0,0.0,0.0,0.0603606291115284,0.2726037800312042,0.06235719472169876,0.0,0.0279084462672472,0.061332207173109055,0.4283525049686432,0.03303724154829979,0.07347658276557922,0.3410032391548157,0.087510846555233,0.14487986266613007,0.09392265230417252,0.0166784580796957,0.030655181035399437,0.6622691750526428,0.026472749188542366,0.07839914411306381,0.5163533687591553,0.017323331907391548,0.050515174865722656,0.757907509803772
Acromyrmex_lobicornis_CASENT0878007_processed.obj,Stage_1_default,0.004500145558267832,0.07426444441080093,0.030216949060559273,0.04404749721288681,0.11501199007034302,0.2743155062198639,0.028075313195586205,0.029600000008940697,0.02670000120997429,0.12515601515769958,0.1448666751384735,0.11016666889190674,0.32569649815559387,0.39516666531562805,0.2770000100135803,0.7467239499092102,0.8374000191688538,0.6737666726112366,0.6530790328979492,0.25993332266807556,1.0,0.0,1.0,1.0,0.0,1.0,2.9438091075917328e-08,0.0,0.7441843748092651,0.2451898753643036,0.0,0.0,0.0,0.04275669530034065,0.13195890188217163,0.04220661520957947,0.0,0.03182072192430496,0.07661429047584534,0.37931033968925476,0.03604409843683243,0.08098257333040237,0.3069489300251007,0.015536417253315449,0.035177987068891525,0.7403315305709839,0.020663486793637276,0.05360961705446243,0.6015831232070923,0.02844162844121456,0.0677318423986435,0.40947720408439636,0.03716907277703285,0.11771849542856216,0.48053526878356934
Anochetus_risii_CASENT0877608_processed.obj,Stage_1_default,0.0015140320174396038,0.039289478212594986,0.01947847381234169,0.019811004400253296,0.05453020706772804,0.19898422062397003,0.0990762710571289,0.10063333809375763,0.09756666421890259,0.3528881371021271,0.36776667833328247,0.33916667103767395,0.6693569421768188,0.6916000247001648,0.6485000252723694,0.9387333989143372,0.938800036907196,0.9386667013168335,0.7031993269920349,0.18416666984558105,1.0,0.0,1.0,1.0,0.0,1.0,3.402483272907375e-08,0.0,0.6922916173934937,0.2037459760904312,0.0,0.0,0.0,0.013493865728378296,0.025099297985434532,0.01313746627420187,0.0,0.015611033886671066,0.03695307672023773,0.7272030711174011,0.01657654158771038,0.045239947736263275,0.7514956593513489,0.04339539632201195,0.1286674290895462,0.35635361075401306,0.013461067341268063,0.03004623018205166,0.8153034448623657,0.02096152864396572,0.056888509541749954,0.6505279541015625,0.02651425264775753,0.07168373465538025,0.5206812620162964
Anochetus_risii_CASENT0877609_processed.obj,Stage_1_default,0.0035842466168105602,0.06439922749996185,0.029918335378170013,0.03448089212179184,0.09720480442047119,0.2175983488559723,0.032998789101839066,0.03319999948143959,0.03280000016093254,0.16929695010185242,0.17536666989326477,0.163633331656456,0.4340103566646576,0.4596666693687439,0.4110666811466217,0.8019663095474243,0.827833354473114,0.7776666879653931,0.6540468335151672,0.27149999141693115,1.0,0.0,1.0,1.0,0.0,1.0,1.4209068588399987e-08,0.0,0.7513501644134521,0.21936558187007904,0.0,0.0,0.0,0.054102521389722824,0.08322696387767792,0.054839007556438446,0.0,0.03339096158742905,0.08360320329666138,0.3969348669052124,0.01925591006875038,0.03943822160363197,0.6019328236579895,0.03185834363102913,0.07044918835163116,0.3397790193557739,0.024083362892270088,0.059815097600221634,0.5488126873970032,0.03637612611055374,0.1048932895064354,0.4172031879425049,0.041857484728097916,0.11135291308164597,0.35158151388168335
Aphaenogaster_pallida_CASENT0745235_processed.obj,Stage_1_default,0.002956066280603409,0.05234063044190407,0.02836751379072666,0.023973116651177406,0.09323272109031677,0.21328750252723694,0.0682496502995491,0.0667666643857956,0.06980000436306,0.2977915108203888,0.2858000099658966,0.3108333349227905,0.6007518768310547,0.5666666626930237,0.6392000317573547,0.8587101697921753,0.8263000249862671,0.8937667012214661,0.6873176693916321,0.20623333752155304,1.0,0.0,1.0,1.0,0.0,1.0,3.118651648037485e-08,0.0,0.8132687211036682,0.3420363664627075,0.0,0.0,0.0,0.016103200614452362,0.04120657593011856,0.016031911596655846,0.0,0.019672291353344917,0.05918026715517044,0.6448276042938232,0.014504769816994667,0.03191707283258438,0.7703635692596436,0.015422027558088303,0.047990936785936356,0.7679558396339417,0.013169878162443638,0.026568124070763588,0.833773136138916,0.02782239206135273,0.08886931091547012,0.5276848077774048,0.05564776435494423,0.2040424942970276,0.34428223967552185
Atopomyrmex_mocquerysi_CASENT0744784_processed.obj,Stage_1_default,0.001549509703181684,0.044599421322345734,0.020778726786375046,0.023820694535970688,0.05871061235666275,0.11081483215093613,0.08890949189662933,0.09359999746084213,0.0846666693687439,0.26869261264801025,0.29296666383743286,0.2481333315372467,0.539574384689331,0.5784000158309937,0.5056333541870117,0.9328567385673523,0.9452333450317383,0.9208000302314758,0.6404345035552979,0.2881999909877777,1.0,0.0,1.0,1.0,0.0,1.0,5.886156628776007e-08,0.0,0.6855457425117493,0.2156931757926941,0.0,0.0,0.0,0.02604599855840206,0.0903279259800911,0.027801131829619408,0.0,0.01889590360224247,0.045772455632686615,0.6222222447395325,0.024973919615149498,0.04429013654589653,0.39254486560821533,0.028781196102499962,0.08671782910823822,0.5580110549926758,0.01024794951081276,0.021780798211693764,0.9182058572769165,0.022160109132528305,0.05357484146952629,0.544681966304779,0.0180271714925766,0.05551623925566673,0.7384428381919861
Carebara_trechideros_CASENT0877591_processed.obj,Stage_1_default,0.002221842296421528,0.04862499237060547,0.02412441372871399,0.02450057864189148,0.07089357823133469,0.20185263454914093,0.10776208341121674,0.11150000244379044,0.10426666587591171,0.30752405524253845,0.3226333260536194,0.29376667737960815,0.5588900446891785,0.5699333548545837,0.5482666492462158,0.8859567642211914,0.8762000203132629,0.8959333300590515,0.6303786039352417,0.32179999351501465,1.0,0.0,1.0,1.0,0.0,1.0,4.4171670765535964e-08,0.0,0.5524929761886597,0.09129802137613297,0.0,0.0,0.0,0.04007095843553543,0.07025574147701263,0.03981393948197365,0.0,0.01852705515921116,0.05160637944936752,0.6540229916572571,0.04070041701197624,0.09825964272022247,0.3359411060810089,0.02221657708287239,0.04727611690759659,0.480663001537323,0.03513257950544357,0.07971911132335663,0.36939316987991333,0.019263453781604767,0.04738787189126015,0.661859393119812,0.02024085260927677,0.055569007992744446,0.6131386756896973
Centromyrmex_brachycola_CASENT0744052_processed.obj,Stage_1_default,0.0013609807938337326,0.04013156518340111,0.017295552417635918,0.02283601276576519,0.06566073000431061,0.15508291125297546,0.07642791420221329,0.0800333321094513,0.07313333451747894,0.30171576142311096,0.334033340215683,0.2750999927520752,0.6312301754951477,0.6946333646774292,0.5784333348274231,0.9361519813537598,0.9723333716392517,0.90256667137146,0.7283790707588196,0.2069000005722046,1.0,0.0,1.0,1.0,0.0,1.0,2.4868784365139618e-08,0.0,0.8062191605567932,0.3149474561214447,0.0,0.0,0.0,0.015044349245727062,0.07096555829048157,0.0151149220764637,0.0,0.018431201577186584,0.0475768968462944,0.667432963848114,0.0195973701775074,0.04512404650449753,0.5927289724349976,0.037600986659526825,0.08156973123550415,0.3425414562225342,0.022016191855072975,0.04564876854419708,0.5145118832588196,0.017365416511893272,0.03966747224330902,0.7040947675704956,0.02481672167778015,0.09189824014902115,0.6094890236854553
Cephalotes_minutus_CASENT0709253_processed.obj,Stage_1_default,0.0011096363887190819,0.035384755581617355,0.015184368938207626,0.02020038664340973,0.05302436649799347,0.1559140831232071,0.11259044706821442,0.11863333731889725,0.10713333636522293,0.3945775032043457,0.44120001792907715,0.35686665773391724,0.6884697079658508,0.7728000283241272,0.6207333207130432,0.9529797434806824,0.9693000316619873,0.9372000098228455,0.7526280283927917,0.2010333389043808,1.0,0.0,1.0,1.0,0.0,1.0,3.808123594239987e-08,0.0,0.8202706575393677,0.40518561005592346,0.0,0.0,0.0,0.02158258482813835,0.0862070620059967,0.022162577137351036,0.0,0.016091065481305122,0.04916408285498619,0.7544061541557312,0.01405651867389679,0.031534187495708466,0.792452871799469,0.009192830882966518,0.018837332725524902,0.961326003074646,0.014655702747404575,0.030770719051361084,0.794195294380188,0.021487019956111908,0.055682700127363205,0.6106103658676147,0.013608545064926147,0.026516100391745567,0.8832116723060608
Cephalotes_simillimus_CASENT0744408_processed.obj,Stage_1_default,0.0019686748273670673,0.047439154237508774,0.01872785948216915,0.028711294755339622,0.08085786551237106,0.1489756852388382,0.05805215612053871,0.061133332550525665,0.055266667157411575,0.26762187480926514,0.30070000886917114,0.2410999983549118,0.570485532283783,0.6651666760444641,0.4994000196456909,0.8819596767425537,0.9595666527748108,0.8159666657447815,0.7238737344741821,0.2931666672229767,1.0,0.0,1.0,1.0,0.0,1.0,3.714873031412935e-08,0.0,0.7790080308914185,0.3136601746082306,0.0,0.0,0.0,0.023359742015600204,0.05423106625676155,0.02393365278840065,0.0,0.019314678385853767,0.05192364752292633,0.6712644100189209,0.021931052207946777,0.05345534160733223,0.5554533004760742,0.01981130987405777,0.03196712210774422,0.5,0.019988883286714554,0.047436561435461044,0.5910290479660034,0.019514204934239388,0.04484587907791138,0.6422868967056274,0.025819383561611176,0.09790977090597153,0.6472019553184509
Cephalotes_spinosus_CASENT0744158_processed.obj,Stage_1_default,0.0015338140074163675,0.04185984283685684,0.01658225990831852,0.02527758479118347,0.06789064407348633,0.13969187438488007,0.09051531553268433,0.09666667133569717,0.08510000258684158,0.3533742129802704,0.4191666841506958,0.30543333292007446,0.6096251606941223,0.7248666882514954,0.5260000228881836,0.9122129678726196,0.9639666676521301,0.8657333254814148,0.7790562510490417,0.18656666576862335,1.0,0.0,1.0,1.0,0.0,1.0,6.1597901890309e-08,0.0,0.7809082269668579,0.22921228408813477,0.0,0.0,0.0,0.026366855949163437,0.054654479026794434,0.026424704119563103,0.0,0.022612471133470535,0.05870289355516434,0.5720306634902954,0.020411495119333267,0.05246065929532051,0.6189599633216858,0.011561091057956219,0.026604829356074333,0.8729282021522522,0.028468435630202293,0.05982034653425217,0.37467020750045776,0.01795012503862381,0.04060963913798332,0.6242595911026001,0.009354554116725922,0.01655622199177742,0.9720194339752197
Crematogaster_nawai_OKENT0105046_processed.obj,Stage_1_default,0.0020880047231912613,0.04661860689520836,0.018642885610461235,0.027975721284747124,0.08201457560062408,0.23596136271953583,0.06811001896858215,0.07240000367164612,0.06430000066757202,0.275505393743515,0.31386667490005493,0.24549999833106995,0.5869898796081543,0.6687666773796082,0.5230333209037781,0.8986085653305054,0.9577666521072388,0.8463333249092102,0.7018299698829651,0.34310001134872437,1.0,0.0,1.0,1.0,0.0,1.0,4.3358642898283506e-08,0.0,0.7351637482643127,0.1479533463716507,0.0,0.0,0.0,0.051514990627765656,0.15143080055713654,0.05729159340262413,0.0,0.018424231559038162,0.04478156194090843,0.6436781883239746,0.017703210934996605,0.038752369582653046,0.6723424196243286,0.026164034381508827,0.07798027247190475,0.522099494934082,0.03372497856616974,0.07435070723295212,0.31926122307777405,0.023128516972064972,0.05598805844783783,0.5403038859367371,0.049742091447114944,0.11527413129806519,0.19099757075309753
Cryptopone_sauteri_CASENT0743771_processed.obj,Stage_1_default,0.001780766760930419,0.04464830458164215,0.020031031221151352,0.02461727149784565,0.06769753992557526,0.19221125543117523,0.07268327474594116,0.07593333721160889,0.06970000267028809,0.29337188601493835,0.32260000705718994,0.26899999380111694,0.6028127670288086,0.6723666787147522,0.5462999939918518,0.9088982343673706,0.9262333512306213,0.8921999931335449,0.7195446491241455,0.24826666712760925,1.0,0.0,1.0,1.0,0.0,1.0,2.7424430726341598e-08,0.0,0.7986884117126465,0.35434409976005554,0.0,0.0,0.0,0.038322579115629196,0.08813580870628357,0.03861773759126663,0.0,0.021757634356617928,0.05595303326845169,0.586590051651001,0.024579178541898727,0.057667326182127,0.5167970657348633,0.028101898729801178,0.07473070174455643,0.5165746212005615,0.03167888894677162,0.07365705072879791,0.40897098183631897,0.017667831853032112,0.048525672405958176,0.723152220249176,0.027405323460698128,0.11193810403347015,0.6946471929550171
Cyphoidris_afrc-tz01_CASENT0744810_processed.obj,Stage_1_default,0.006752404849976301,0.0899771898984909,0.03375741094350815,0.05621977522969246,0.14458651840686798,0.2479534149169922,0.015408720821142197,0.01576666720211506,0.015066666528582573,0.08143523335456848,0.08856666833162308,0.07536666840314865,0.2742908000946045,0.34470000863075256,0.22776666283607483,0.6492175459861755,0.7975666522979736,0.5473999977111816,0.6755527853965759,0.232900008559227,1.0,0.0,1.0,1.0,0.0,1.0,3.690103866915706e-08,0.0,0.6911478042602539,0.19027084112167358,0.0,0.0,0.0,0.04010465741157532,0.12891274690628052,0.04064995050430298,0.0,0.030729904770851135,0.07330726832151413,0.38352492451667786,0.03713804483413696,0.0897756889462471,0.2779567539691925,0.026167411357164383,0.07942765206098557,0.5165746212005615,0.029360996559262276,0.06902530044317245,0.4116095304489136,0.03536103293299675,0.07580487430095673,0.2974504232406616,0.08658305555582047,0.18058647215366364,0.12530413269996643
Cyphomyrmex_cf.minutus_CASENT0744280_processed.obj,Stage_1_default,0.007589967455714941,0.09877482056617737,0.046025779098272324,0.052749041467905045,0.12993238866329193,0.27203530073165894,0.009883305989205837,0.00989999994635582,0.009866666980087757,0.061485655605793,0.06379999965429306,0.05933333560824394,0.23295527696609497,0.2571333348751068,0.21293333172798157,0.6050292253494263,0.6430333256721497,0.5712666511535645,0.5691192150115967,0.36309999227523804,1.0,0.0,1.0,1.0,0.0,1.0,2.9152488423278555e-08,0.0,0.6486228704452515,0.08386918902397156,0.0,0.0,0.0,0.026087941601872444,0.06651337444782257,0.025941845029592514,0.0,0.03036832995712757,0.06985588371753693,0.37547892332077026,0.052289288491010666,0.1128600463271141,0.17349286377429962,0.03349447622895241,0.07104548811912537,0.3729282021522522,0.04858265444636345,0.13275767862796783,0.35620054602622986,0.04473496600985527,0.10940904170274734,0.27272728085517883,0.0773623138666153,0.1723444014787674,0.19099757075309753
Dilobocondyla_fouqueti_CASENT0745576_processed.obj,Stage_1_default,0.0022064228542149067,0.049292366951704025,0.01942511461675167,0.029867252334952354,0.08890605717897415,0.2055416852235794,0.06692645698785782,0.07163333147764206,0.06279999762773514,0.2526376247406006,0.2911333441734314,0.22313334047794342,0.5377000570297241,0.6280666589736938,0.4700666666030884,0.890624463558197,0.9598667025566101,0.8306999802589417,0.7126815319061279,0.2630999982357025,1.0,0.0,1.0,1.0,0.0,1.0,5.642248979143005e-08,0.0,0.757326066493988,0.2542605996131897,0.0,0.0,0.0,0.025836564600467682,0.041375499218702316,0.026093684136867523,0.0,0.02127557247877121,0.055147185921669006,0.6141762733459473,0.019590551033616066,0.04071338102221489,0.5738610029220581,0.0368504524230957,0.1295889914035797,0.530386745929718,0.02999774180352688,0.08021044731140137,0.37730872631073,0.016968777403235435,0.03901594132184982,0.7141385674476624,0.03413829579949379,0.15519565343856812,0.6715328693389893
Dorylus_fulvus_CASENT0745678_processed.obj,Stage_1_default,0.0013455168809741735,0.04065202176570892,0.017701102420687675,0.022950919345021248,0.058493029326200485,0.12038717418909073,0.09162760525941849,0.09799999743700027,0.08603333681821823,0.30328789353370667,0.35249999165534973,0.2661333382129669,0.6042729020118713,0.6847333312034607,0.5407333374023438,0.9344862699508667,0.9597333669662476,0.9105333685874939,0.7103079557418823,0.2660333216190338,1.0,0.0,1.0,1.0,0.0,1.0,6.078195724512625e-08,0.0,0.7749713063240051,0.3218185603618622,0.0,0.0,0.0,0.029104335233569145,0.07694718986749649,0.02871767431497574,0.0,0.016401229426264763,0.03988741338253021,0.7065134048461914,0.01925230398774147,0.040220461785793304,0.5720202326774597,0.023229584097862244,0.05214250087738037,0.5580110549926758,0.021677158772945404,0.061226099729537964,0.6094986796379089,0.018945448100566864,0.04920512065291405,0.6767963171005249,0.01174375880509615,0.0334036760032177,0.8892943859100342
Eciton_hamatum_CASENT0744580_processed.obj,Stage_1_default,0.0015790346078574657,0.042465709149837494,0.01957937516272068,0.022886332124471664,0.06661487370729446,0.16889478266239166,0.10898198187351227,0.10936667025089264,0.10859999805688858,0.32374876737594604,0.3333333432674408,0.31470000743865967,0.599633514881134,0.6228333115577698,0.5781000256538391,0.9233724474906921,0.9444666504859924,0.9032000303268433,0.6129980087280273,0.2932666838169098,1.0,0.0,1.0,1.0,0.0,1.0,1.001803795475098e-07,0.0,0.6346006989479065,0.18331341445446014,0.0,0.0,0.0,0.011697810143232346,0.024244295433163643,0.011587780900299549,0.0,0.01439578179270029,0.03261302039027214,0.7605364322662354,0.040227554738521576,0.06271908432245255,0.08651633560657501,0.04221068695187569,0.08140366524457932,0.31215471029281616,0.01972329430282116,0.050199154764413834,0.6279683709144592,0.017865626141428947,0.05100300908088684,0.6765387654304504,0.02842867001891136,0.0926138237118721,0.4635036587715149
Ectatomma_brunneum_CASENT0744575_processed.obj,Stage_1_default,0.00361815863288939,0.06467783451080322,0.029656844213604927,0.035020992159843445,0.09504672884941101,0.25291818380355835,0.02627672627568245,0.02670000120997429,0.025866666808724403,0.14916585385799408,0.15596666932106018,0.14293333888053894,0.427742600440979,0.4554666578769684,0.4032000005245209,0.8034698367118835,0.8357000350952148,0.7736333608627319,0.6839085817337036,0.2368333339691162,1.0,0.0,1.0,1.0,0.0,1.0,3.0181158905406846e-08,0.0,0.7196364402770996,0.14625370502471924,0.0,0.0,0.0,0.021376730874180794,0.058145031332969666,0.020142722874879837,0.0,0.03661412373185158,0.10140766948461533,0.3662835359573364,0.030166130512952805,0.06547796726226807,0.35710999369621277,0.05174271762371063,0.12025381624698639,0.30662983655929565,0.03178974986076355,0.08461202681064606,0.4195250868797302,0.0283722672611475,0.0756230428814888,0.48055627942085266,0.06919483840465546,0.19569942355155945,0.2968369722366333
Eurhopalothrix_procera_CASENT0745605_processed.obj,Stage_1_default,0.004246801137924194,0.07198606431484222,0.03572917357087135,0.03625688701868057,0.09503848105669022,0.22599594295024872,0.02675732597708702,0.027266666293144226,0.026266666129231453,0.13349147140979767,0.13456666469573975,0.13243333995342255,0.3715447783470154,0.3753666579723358,0.3677999973297119,0.7524784207344055,0.7505666613578796,0.7544000148773193,0.593257486820221,0.34113332629203796,1.0,0.0,1.0,1.0,0.0,1.0,4.1502378422819675e-08,0.0,0.7612021565437317,0.3278372883796692,0.0,0.0,0.0,0.07453326880931854,0.13418956100940704,0.0775228962302208,0.0,0.03184445947408676,0.07723912596702576,0.3980843126773834,0.03364952281117439,0.07545075565576553,0.323976069688797,0.029530376195907593,0.07091628760099411,0.4944751560688019,0.02894934080541134,0.06798108667135239,0.40633246302604675,0.03524157404899597,0.0989941954612732,0.42698943614959717,0.08084093034267426,0.18970365822315216,0.19708028435707092
Heteroponera_panamensis_CASENT0744055_processed.obj,Stage_1_default,0.0051470170728862286,0.07489196956157684,0.030071929097175598,0.044820040464401245,0.1256856918334961,0.2714952826499939,0.02077174186706543,0.021566666662693024,0.0200333334505558,0.12170669436454773,0.13406667113304138,0.11143333464860916,0.38408416509628296,0.4484666585922241,0.33586665987968445,0.7562264800071716,0.8517000079154968,0.6800000071525574,0.6885371804237366,0.28156667947769165,1.0,0.0,1.0,1.0,0.0,1.0,4.191909397377458e-08,0.0,0.6951096653938293,0.163172647356987,0.0,0.0,0.0,0.02972809039056301,0.07062805444002151,0.030235404148697853,0.0,0.029197243973612785,0.0871739313006401,0.4965517222881317,0.04592413827776909,0.11635926365852356,0.25540727376937866,0.032909803092479706,0.07269351929426193,0.31767958402633667,0.02761005237698555,0.05806832015514374,0.37730872631073,0.034589383751153946,0.09704919904470444,0.44656193256378174,0.04016893729567528,0.17993304133415222,0.420924574136734
Labidus_praedator_CASENT0744236_processed.obj,Stage_1_default,0.003674271982163191,0.058993011713027954,0.032494090497493744,0.02649892121553421,0.09981083124876022,0.22674742341041565,0.08529675751924515,0.08356666564941406,0.08709999918937683,0.27311646938323975,0.2639000117778778,0.28299999237060547,0.5134302973747253,0.47733333706855774,0.5554333329200745,0.8354145288467407,0.7851666808128357,0.8925333619117737,0.5716515779495239,0.3424000144004822,1.0,0.0,1.0,1.0,0.0,1.0,3.3631433637992814e-08,0.0,0.6999496221542358,0.24276158213615417,0.0,0.0,0.0,0.022727277129888535,0.05529677867889404,0.023134281858801842,0.0,0.02847323939204216,0.08554205298423767,0.5237547755241394,0.05050043389201164,0.1104164570569992,0.20064426958560944,0.05223211273550987,0.08453942090272903,0.19337017834186554,0.022671515122056007,0.050151579082012177,0.5039578080177307,0.014646383002400398,0.037479110062122345,0.7607520222663879,0.022162029519677162,0.07480540871620178,0.669099748134613
Labidus_praedator_CASENT0744237_processed.obj,Stage_1_default,0.0030706506222486496,0.05913982540369034,0.025571567937731743,0.033568255603313446,0.08698591589927673,0.2262430638074875,0.053064268082380295,0.05550000071525574,0.050833333283662796,0.20246149599552155,0.23483332991600037,0.17793333530426025,0.43944093585014343,0.5163000226020813,0.3824999928474426,0.8441793918609619,0.8981000185012817,0.7963666915893555,0.6335497498512268,0.2747333347797394,1.0,0.0,1.0,1.0,0.0,1.0,3.331962616925921e-08,0.0,0.7157152891159058,0.19222204387187958,0.0,0.0,0.0,0.02514767087996006,0.05956750363111496,0.026752732694149017,0.0,0.02062404528260231,0.05325263366103172,0.6076628565788269,0.027762942016124725,0.058784112334251404,0.4109525978565216,0.019633255898952484,0.04311223700642586,0.571823239326477,0.028948187828063965,0.06286994367837906,0.3667546212673187,0.018314063549041748,0.04264615848660469,0.6466649770736694,0.03758067265152931,0.12734675407409668,0.4939172565937042
Lasius_nr._fuliginosus_CASENT0878037_processed.obj,Stage_1_default,0.001044207252562046,0.034572165459394455,0.015597847290337086,0.018974317237734795,0.052729856222867966,0.11037904769182205,0.12754124402999878,0.13313333690166473,0.12240000069141388,0.4038872718811035,0.4512333273887634,0.36553335189819336,0.7079349756240845,0.7621333599090576,0.6609333157539368,0.9515854120254517,0.9636000394821167,0.9398666620254517,0.751367449760437,0.1665666699409485,1.0,0.0,1.0,1.0,0.0,1.0,2.5620616739274737e-08,0.0,0.810381293296814,0.3625391721725464,0.0,0.0,0.0,0.03731749951839447,0.12322953343391418,0.03642556816339493,0.0,0.01750027947127819,0.0452740341424942,0.6969348788261414,0.0076969461515545845,0.014452253468334675,0.9963184595108032,0.01063079759478569,0.024182068184018135,0.8977900743484497,0.009360180236399174,0.01932736672461033,0.9656992554664612,0.013694250024855137,0.030675489455461502,0.8024723529815674,0.018139813095331192,0.06956543773412704,0.7676398754119873
Lioponera_daikoku_OKENT0105067_processed.obj,Stage_1_default,0.0040732864290475845,0.070462167263031,0.03446929529309273,0.03599287569522858,0.0947236567735672,0.2574840784072876,0.024066666141152382,0.024066666141152382,0.024066666141152382,0.1297965794801712,0.13046666979789734,0.12913332879543304,0.37721049785614014,0.39053332805633545,0.3647666573524475,0.7676313519477844,0.7739999890327454,0.7613666653633118,0.6811068058013916,0.3078666627407074,1.0,0.0,1.0,1.0,0.0,1.0,2.548365252152962e-08,0.0,0.6533955931663513,0.1584441065788269,0.0,0.0,0.0,0.056281182914972305,0.13669197261333466,0.05781129375100136,0.0,0.02919689752161503,0.06949655711650848,0.403831422328949,0.025252969935536385,0.06844521313905716,0.5080533623695374,0.059215936809778214,0.13716447353363037,0.33701658248901367,0.03867673873901367,0.08053150773048401,0.2981530427932739,0.03579837083816528,0.10307002067565918,0.43497297167778015,0.04723875969648361,0.15920597314834595,0.39416056871414185
Mayriella_sp._CASENT0745610_processed.obj,Stage_1_default,0.0026921313256025314,0.05710355564951897,0.02475139871239662,0.032352156937122345,0.08036354929208755,0.27125975489616394,0.03169017285108566,0.03263333439826965,0.030799999833106995,0.16869184374809265,0.18479999899864197,0.15516667068004608,0.4610520005226135,0.5292333364486694,0.40843334794044495,0.8435940146446228,0.8951333165168762,0.7976666688919067,0.7014623880386353,0.3017333447933197,1.0,0.0,1.0,1.0,0.0,1.0,2.8386081041276157e-08,0.0,0.7640721201896667,0.24832740426063538,0.0,0.0,0.0,0.030508670955896378,0.05406154692173004,0.031262483447790146,0.0,0.03781120106577873,0.08679898828268051,0.3858237564563751,0.02042470872402191,0.04082231596112251,0.5384261608123779,0.028842922300100327,0.08410917222499847,0.42541438341140747,0.012851318344473839,0.024854380637407303,0.8496042490005493,0.027382390573620796,0.06708793342113495,0.4836466610431671,0.014790956862270832,0.038987431675195694,0.783454954624176
Mesoponera_ambigua_CASENT0745584_processed.obj,Stage_1_default,0.00368200009688735,0.06278423964977264,0.02453954704105854,0.03824469447135925,0.11131053417921066,0.21527130901813507,0.04107557609677315,0.042899999767541885,0.039400000125169754,0.19978195428848267,0.2269333302974701,0.17843332886695862,0.4589872658252716,0.5519999861717224,0.3928000032901764,0.8063039779663086,0.8910666704177856,0.7362666726112366,0.7380934357643127,0.19386667013168335,1.0,0.0,1.0,1.0,0.0,1.0,2.7066004548714773e-08,0.0,0.6432356238365173,0.12370777130126953,0.0,0.0,0.0,0.050480883568525314,0.08414211869239807,0.05056459456682205,0.0,0.028753230348229408,0.0643097534775734,0.47356322407722473,0.029630273580551147,0.07054581493139267,0.3686148226261139,0.034999217838048935,0.08625251054763794,0.3480663001537323,0.019701795652508736,0.04488518834114075,0.6279683709144592,0.024018658325076103,0.05501094087958336,0.5109451413154602,0.042427703738212585,0.13684393465518951,0.32360097765922546
Myrmecina_ryukyuensis_OKENT0105085_processed.obj,Stage_1_default,0.0023807440884411335,0.04936065897345543,0.02396603301167488,0.025394625961780548,0.07576551288366318,0.32823771238327026,0.07220029085874557,0.07473333179950714,0.06983333081007004,0.2832554280757904,0.3043000102043152,0.26493334770202637,0.5743736624717712,0.6149333119392395,0.5388333201408386,0.8823500275611877,0.8821666836738586,0.8825333714485168,0.7130626440048218,0.25486665964126587,1.0,0.0,1.0,1.0,0.0,1.0,2.8831939502538262e-08,0.0,0.7634982466697693,0.2857198119163513,0.0,0.0,0.0,0.0219210684299469,0.06302693486213684,0.023063546046614647,0.0,0.01666882634162903,0.03833711892366409,0.6793103814125061,0.016942238435149193,0.03649608790874481,0.6728025674819946,0.036714449524879456,0.1226508840918541,0.48342543840408325,0.041274964809417725,0.0908714234828949,0.3245382606983185,0.03359473869204521,0.0851181373000145,0.39737316966056824,0.0401729941368103,0.12343093752861023,0.3832116723060608
Myrmecina_sp._CASENT0745613_processed.obj,Stage_1_default,0.0027952776290476322,0.05580475181341171,0.025504181161522865,0.030300570651888847,0.08294593542814255,0.18213531374931335,0.04408840090036392,0.045233335345983505,0.0430000014603138,0.20767715573310852,0.21863333880901337,0.19776666164398193,0.5111534595489502,0.5461999773979187,0.4803333282470703,0.848888635635376,0.8779000043869019,0.8217333555221558,0.7161619663238525,0.22360000014305115,1.0,0.0,1.0,1.0,0.0,1.0,3.593939368329302e-08,0.0,0.7919184565544128,0.3200376033782959,0.0,0.0,0.0,0.021330393850803375,0.05754130333662033,0.021278366446495056,0.0,0.031675707548856735,0.07170598953962326,0.42988505959510803,0.021819710731506348,0.05243139714002609,0.561896026134491,0.023883454501628876,0.08154381811618805,0.6187845468521118,0.0162870604544878,0.033779170364141464,0.7044855356216431,0.03071535751223564,0.08889435976743698,0.46922484040260315,0.03332119062542915,0.10135361552238464,0.3905109465122223
Nesomyrmex_angulatus_CASENT0744820_processed.obj,Stage_1_default,0.0034468895755708218,0.06439657509326935,0.030865974724292755,0.033530596643686295,0.09006601572036743,0.232915461063385,0.03739996999502182,0.03736666589975357,0.037433333694934845,0.18418553471565247,0.1881333291530609,0.18039999902248383,0.4418162703514099,0.4561000168323517,0.4284000098705292,0.7798947691917419,0.7897666692733765,0.7702666521072388,0.6180652976036072,0.36990001797676086,1.0,0.0,1.0,1.0,0.0,1.0,3.116029034799794e-08,0.0,0.7702901363372803,0.30230072140693665,0.0,0.0,0.0,0.060744937509298325,0.11064659059047699,0.05971906706690788,0.0,0.028102261945605278,0.08062366396188736,0.5386973023414612,0.03905481472611427,0.08878215402364731,0.3051081597805023,0.03335665911436081,0.062284916639328,0.3093922734260559,0.034554459154605865,0.07732489705085754,0.3430079221725464,0.026796840131282806,0.07031092792749405,0.49472057819366455,0.07271414250135422,0.17777398228645325,0.2688564360141754
Odontomachus_troglodytes_CASENT0744970_processed.obj,Stage_1_default,0.0021389119792729616,0.049830302596092224,0.024168571457266808,0.025661733001470566,0.06633391976356506,0.21381612122058868,0.085463747382164,0.08596666902303696,0.08496666699647903,0.2748081088066101,0.2835000157356262,0.2666333317756653,0.5236750245094299,0.5410666465759277,0.5073666572570801,0.8827555179595947,0.890166699886322,0.8754667043685913,0.6241747736930847,0.2948000133037567,1.0,0.0,1.0,1.0,0.0,1.0,3.7874343661314924e-08,0.0,0.7408483028411865,0.22904831171035767,0.0,0.0,0.0,0.054134003818035126,0.2056656926870346,0.05882139503955841,0.0,0.02459108829498291,0.05874355882406235,0.5068965554237366,0.014714856632053852,0.03410264849662781,0.7422917485237122,0.03316688537597656,0.07419808208942413,0.4033149182796478,0.011566673405468464,0.027599703520536423,0.8469657301902771,0.02116393856704235,0.05324268341064453,0.5547257661819458,0.03186118230223656,0.10158230364322662,0.4768856465816498
Oxyopomyrmex_saulcyi_CASENT0745218_processed.obj,Stage_1_default,0.0031441515311598778,0.0581391304731369,0.026358917355537415,0.03178021311759949,0.09202905744314194,0.17701731622219086,0.047988906502723694,0.05000000074505806,0.046133335679769516,0.2207738608121872,0.2445666640996933,0.20120000839233398,0.5048980116844177,0.574400007724762,0.4503999948501587,0.8329165577888489,0.8589666485786438,0.80840003490448,0.6557155251502991,0.3675000071525574,1.0,0.0,1.0,1.0,0.0,1.0,3.2617332834661283e-08,0.0,0.7193592190742493,0.21537551283836365,0.0,0.0,0.0,0.018491068854928017,0.04938555136322975,0.02006668783724308,0.0,0.017736714333295822,0.03967960551381111,0.6854405999183655,0.028617961332201958,0.07140970230102539,0.4440865218639374,0.022530701011419296,0.05261874943971634,0.5662983655929565,0.016195211559534073,0.03341056406497955,0.7150396108627319,0.023485977202653885,0.08244519680738449,0.6708730459213257,0.03412758186459541,0.08565732091665268,0.45377129316329956
Polyrhachis_decemdentata_CASENT0744779_processed.obj,Stage_1_default,0.0019045406952500343,0.04629523307085037,0.018621433526277542,0.02767379954457283,0.07609035819768906,0.20709961652755737,0.06897581368684769,0.07280000299215317,0.06553333252668381,0.2757107615470886,0.3160000145435333,0.24453333020210266,0.5630953311920166,0.6675000190734863,0.4869333505630493,0.9015578031539917,0.9609667062759399,0.8490666747093201,0.7707062363624573,0.23436667025089264,1.0,0.0,1.0,1.0,0.0,1.0,2.6757112081554624e-08,0.0,0.7721024751663208,0.24100786447525024,0.0,0.0,0.0,0.03935685008764267,0.07642145454883575,0.041528407484292984,0.0,0.022191939875483513,0.05964402109384537,0.5908046364784241,0.021501684561371803,0.04284439980983734,0.5213990211486816,0.045958295464515686,0.18608874082565308,0.5662983655929565,0.03162773326039314,0.06977646052837372,0.2928760051727295,0.016612078994512558,0.03904204070568085,0.7061550617218018,0.019983550533652306,0.04904079809784889,0.6520681381225586
Polyrhachis_dives_CASENT0878093_processed.obj,Stage_1_default,0.0039336951449513435,0.06726279854774475,0.02881510928273201,0.03844768926501274,0.09935164451599121,0.2878510653972626,0.02759714610874653,0.02863333374261856,0.026633333414793015,0.14804044365882874,0.16189999878406525,0.13636666536331177,0.4016036093235016,0.4611666798591614,0.3556666672229767,0.7852480411529541,0.8476999998092651,0.7313666939735413,0.7438300848007202,0.16609999537467957,1.0,0.0,1.0,1.0,0.0,1.0,2.327187331729874e-08,0.0,0.6957911252975464,0.14358852803707123,0.0,0.0,0.0,0.02167585678398609,0.09609413892030716,0.021809492260217667,0.0,0.03272480517625809,0.07383418828248978,0.3498084247112274,0.03210631012916565,0.07074891775846481,0.31339162588119507,0.01621725782752037,0.0308612622320652,0.7596685290336609,0.017378931865096092,0.03242975473403931,0.6279683709144592,0.03164084628224373,0.09757111221551895,0.5215039849281311,0.050306763499975204,0.1748494803905487,0.31630170345306396
Ponera_kohmoku_OKENT0105440_processed.obj,Stage_1_default,0.002734711393713951,0.05102679505944252,0.022818759083747864,0.028208035975694656,0.0836399644613266,0.25495079159736633,0.06967437267303467,0.07463333755731583,0.06533333659172058,0.2745475769042969,0.3101666569709778,0.2462666630744934,0.5767164826393127,0.6482000350952148,0.519433319568634,0.879499077796936,0.9074333310127258,0.8532333374023438,0.7274213433265686,0.34880000352859497,1.0,0.0,1.0,1.0,0.0,1.0,4.531690933617938e-08,0.0,0.7490346431732178,0.2117210477590561,0.0,0.0,0.0,0.011079012416303158,0.05140451341867447,0.011466438882052898,0.0,0.01938243955373764,0.05184095352888107,0.6471264362335205,0.02779204212129116,0.0881069228053093,0.5190980434417725,0.015197459608316422,0.0402231328189373,0.7790055274963379,0.02980791963636875,0.07430960983037949,0.4142480492591858,0.02305516228079796,0.07477173954248428,0.7017769813537598,0.03558976575732231,0.15723837912082672,0.6654500961303711
Ponera_tamon_OKENT0105154_processed.obj,Stage_1_default,0.0011720368638634682,0.03743577003479004,0.018075063824653625,0.019360706210136414,0.05114046111702919,0.13411322236061096,0.09454032778739929,0.09759999811649323,0.09166666865348816,0.3376953899860382,0.3626333475112915,0.3159666657447815,0.6686951518058777,0.706166684627533,0.6349999904632568,0.9497254490852356,0.9470000267028809,0.9524666666984558,0.7216337323188782,0.28813332319259644,1.0,0.0,1.0,1.0,0.0,1.0,3.916236579470933e-08,0.0,0.7643277645111084,0.3236501216888428,0.0,0.0,0.0,0.03651852160692215,0.07648805528879166,0.03720179200172424,0.0,0.013110347092151642,0.029109612107276917,0.8157088160514832,0.012664872221648693,0.028973963111639023,0.8605614304542542,0.020010126754641533,0.04671281576156616,0.6270718574523926,0.013546738773584366,0.0378052294254303,0.8153034448623657,0.019480707123875618,0.05389433726668358,0.647437572479248,0.03443966060876846,0.11485259234905243,0.5133820176124573
Pseudolasius_sp._CASENT0878065_processed.obj,Stage_1_default,0.0049868375062942505,0.07190548628568649,0.04193706810474396,0.029968420043587685,0.12576474249362946,0.27845215797424316,0.03172982856631279,0.03139999881386757,0.03206666558980942,0.16836725175380707,0.16300000250339508,0.17409999668598175,0.44348007440567017,0.40836668014526367,0.48520001769065857,0.7621954679489136,0.6952999830245972,0.84333336353302,0.6523748636245728,0.3183000087738037,1.0,0.0,1.0,1.0,0.0,1.0,2.2202399918569427e-08,0.0,0.7473868131637573,0.1872081756591797,0.0,0.0,0.0,0.09770403057336807,0.1440606266260147,0.08991025388240814,0.0,0.030615808442234993,0.07696733623743057,0.48275864124298096,0.018675072118639946,0.043500866740942,0.6520938873291016,0.04602605104446411,0.11088231205940247,0.32044199109077454,0.018998274579644203,0.03571510314941406,0.5567282438278198,0.038297321647405624,0.11782994121313095,0.43317022919654846,0.08653569221496582,0.21386586129665375,0.2664233446121216
Pseudomyrmex_cf.solis_CASENT0744065_processed.obj,Stage_1_default,0.0017147534526884556,0.04099438339471817,0.02396545372903347,0.01702893152832985,0.07470662146806717,0.20047876238822937,0.10646065324544907,0.10566666722297668,0.10726666450500488,0.37890157103538513,0.36180001497268677,0.3977000117301941,0.6664867401123047,0.6193666458129883,0.7213667035102844,0.9099671244621277,0.8631666898727417,0.9621333479881287,0.6823920011520386,0.2752000093460083,1.0,0.0,1.0,1.0,0.0,1.0,4.778222262302734e-08,0.0,0.7475101947784424,0.37061211466789246,0.0,0.0,0.0,0.007065904326736927,0.021546419709920883,0.007168336771428585,0.0,0.01122432854026556,0.02618373930454254,0.8873563408851624,0.010198794305324554,0.01925773359835148,0.9659457206726074,0.008655338548123837,0.019344551488757133,0.9530386924743652,0.013543874025344849,0.030868835747241974,0.8179419636726379,0.032313160598278046,0.08578041940927505,0.44887974858283997,0.018856355920433998,0.06108853593468666,0.7420924305915833
Solenopsis_invicta_CASENT0744384_processed.obj,Stage_1_default,0.004994470626115799,0.0746738612651825,0.03576245903968811,0.038911402225494385,0.10653656721115112,0.37595266103744507,0.025580888614058495,0.025833332911133766,0.025333333760499954,0.12810061872005463,0.13459999859333038,0.12220000475645065,0.3683921992778778,0.3986999988555908,0.34236666560173035,0.7623577117919922,0.7771333456039429,0.7481333613395691,0.5496293306350708,0.40023332834243774,1.0,0.0,1.0,1.0,0.0,1.0,2.7054348095134628e-08,0.0,0.7097772359848022,0.2265346646308899,0.0,0.0,0.0,0.06362775713205338,0.26869550347328186,0.05946935713291168,0.0,0.036420539021492004,0.1024964228272438,0.40268200635910034,0.037096381187438965,0.09008201211690903,0.34238380193710327,0.036336906254291534,0.0692894235253334,0.27624309062957764,0.025838596746325493,0.04866014048457146,0.3984169065952301,0.042537763714790344,0.19890867173671722,0.4329127073287964,0.05718209967017174,0.1891469657421112,0.28710460662841797
Stigmatomma_FHG02_CASENT0745561_processed.obj,Stage_1_default,0.00447801873087883,0.07081005722284317,0.038206152617931366,0.032603904604911804,0.10425340384244919,0.43224918842315674,0.0313444621860981,0.030933333560824394,0.03176666796207428,0.15618281066417694,0.15646666288375854,0.1559000015258789,0.4020673334598541,0.3869333267211914,0.4184333384037018,0.7575694918632507,0.711899995803833,0.8095000386238098,0.6051424741744995,0.2956666648387909,1.0,0.0,1.0,1.0,0.0,1.0,3.2323008269941056e-08,0.0,0.7210404872894287,0.32812848687171936,0.0,0.0,0.0,0.06580206751823425,0.16026972234249115,0.0657263994216919,0.0,0.0410161055624485,0.09367107599973679,0.27969348430633545,0.03514349088072777,0.07754974812269211,0.37551772594451904,0.028917156159877777,0.08843528479337692,0.5441989302635193,0.03550928086042404,0.08896901458501816,0.3641161024570465,0.02697678655385971,0.07188741862773895,0.5235642790794373,0.021989744156599045,0.0698976218700409,0.698296844959259
Strumigenys_alberti_CASENT0878103_processed.obj,Stage_1_default,0.004579008556902409,0.07354533672332764,0.03715142235159874,0.0363939143717289,0.10071035474538803,0.25744229555130005,0.02874782495200634,0.029000001028180122,0.02850000001490116,0.14515121281147003,0.14830000698566437,0.14213334023952484,0.37486326694488525,0.3848666846752167,0.365366667509079,0.7447488307952881,0.7355000376701355,0.7542333602905273,0.6268982291221619,0.24330000579357147,1.0,0.0,1.0,1.0,0.0,1.0,4.207645076803601e-08,0.0,0.7493569850921631,0.3241537809371948,0.0,0.0,0.0,0.029002930968999863,0.0928703248500824,0.028890009969472885,0.0,0.032586511224508286,0.08386994153261185,0.37931033968925476,0.032467398792505264,0.07573400437831879,0.35757017135620117,0.05939289554953575,0.09051254391670227,0.0,0.015405889600515366,0.030978301540017128,0.75461745262146,0.04219544306397438,0.11736951768398285,0.3517898619174957,0.06384418159723282,0.19953776895999908,0.5243309140205383
Strumigenys_canina_OKENT0105288_processed.obj,Stage_1_default,0.002475491026416421,0.05130622908473015,0.023549113422632217,0.02775711566209793,0.07602331042289734,0.2581956684589386,0.052810218185186386,0.05429999902844429,0.05140000209212303,0.23618295788764954,0.2465333342552185,0.2266666740179062,0.5428387522697449,0.5767000317573547,0.5127333402633667,0.8803398013114929,0.8976333141326904,0.8637000322341919,0.6898866891860962,0.23686666786670685,1.0,0.0,1.0,1.0,0.0,1.0,5.3391843835015607e-08,0.0,0.7290059924125671,0.2662733197212219,0.0,0.0,0.0,0.007032017223536968,0.01399600226432085,0.007197136990725994,0.0,0.028440555557608604,0.06766650825738907,0.4494253098964691,0.01699846424162388,0.04192574322223663,0.7137597799301147,0.036729831248521805,0.09499531239271164,0.4558011293411255,0.020476840436458588,0.038909461349248886,0.5277044773101807,0.020322445780038834,0.05384616553783417,0.6543909311294556,0.03436330705881119,0.08239641785621643,0.25060826539993286
Strumigenys_crassicornis_CASENT0744273_processed.obj,Stage_1_default,0.0035454710014164448,0.0657150149345398,0.030447689816355705,0.03526732698082924,0.09352578967809677,0.1790637969970703,0.03045058436691761,0.031166667118668556,0.029766667634248734,0.14519020915031433,0.15493333339691162,0.13660000264644623,0.39725247025489807,0.4330333471298218,0.36693334579467773,0.8007633090019226,0.832800030708313,0.7710999846458435,0.640794575214386,0.24926666915416718,1.0,0.0,1.0,1.0,0.0,1.0,4.0636901843527085e-08,0.0,0.7217670679092407,0.16701576113700867,0.0,0.0,0.0,0.027039850130677223,0.05747193470597267,0.02969171851873398,0.0,0.034390389919281006,0.08956747502088547,0.3858237564563751,0.029864322394132614,0.0656035840511322,0.39070409536361694,0.03773048520088196,0.08321166783571243,0.3977900743484497,0.022265613079071045,0.056190844625234604,0.5778364539146423,0.028419557958841324,0.08030601590871811,0.48235902190208435,0.054937414824962616,0.15832628309726715,0.30778589844703674
Strumigenys_sp._appretiata_group_CASENT0744156_processed.obj,Stage_1_default,0.0013979017967358232,0.04090609401464462,0.017292041331529617,0.023614050820469856,0.06244827061891556,0.13595464825630188,0.0723663717508316,0.07620000094175339,0.06890000402927399,0.2978195250034332,0.3451000154018402,0.2619333267211914,0.6183090806007385,0.7142333388328552,0.5451000332832336,0.9321452379226685,0.9666333198547363,0.9000333547592163,0.7563187479972839,0.2379000037908554,1.0,0.0,1.0,1.0,0.0,1.0,3.876021992255119e-08,0.0,0.7686038017272949,0.2312152236700058,0.0,0.0,0.0,0.019477536901831627,0.07349523901939392,0.019445283338427544,0.0,0.018563179299235344,0.048667460680007935,0.6781609058380127,0.01866423524916172,0.05064802244305611,0.6700414419174194,0.029068930074572563,0.06806923449039459,0.5248618721961975,0.01712251640856266,0.038519348949193954,0.6860158443450928,0.030912943184375763,0.0979461520910263,0.5148081183433533,0.042317625135183334,0.11925244331359863,0.32360097765922546
Strumigenys_stenorhina_OKENT0105268_processed.obj,Stage_1_default,0.0005243674386292696,0.025788169354200363,0.011858186684548855,0.013929983600974083,0.03626988083124161,0.097637839615345,0.17931781709194183,0.1896333396434784,0.17006666958332062,0.49716174602508545,0.5328333377838135,0.46596667170524597,0.8158308267593384,0.8467000126838684,0.7871333360671997,0.9923672676086426,0.9980999827384949,0.9866999983787537,0.7918158173561096,0.2704000174999237,1.0,0.0,1.0,1.0,0.0,1.0,5.356959675850703e-08,0.0,0.7024354338645935,0.11247986555099487,0.0,0.0,0.0,0.015567023307085037,0.056528378278017044,0.015609625726938248,0.0,0.012725534848868847,0.031018471345305443,0.8168582320213318,0.01615825854241848,0.035205718129873276,0.7188219428062439,0.012227032333612442,0.039270054548978806,0.8093922734260559,0.01213887333869934,0.027897553518414497,0.8416886925697327,0.009957501664757729,0.023394450545310974,0.9078032374382019,0.01655612513422966,0.038870394229888916,0.6107056140899658
Syllophopsis_sechellensis_OKENT0105212_processed.obj,Stage_1_default,0.0016155263874679804,0.03949679806828499,0.0198614913970232,0.019635306671261787,0.06772234290838242,0.19329020380973816,0.13819792866706848,0.1409333348274231,0.13556666672229767,0.4239206314086914,0.4465999901294708,0.40343335270881653,0.6849552989006042,0.7085666656494141,0.6628666520118713,0.9127318263053894,0.9024666547775269,0.9232333302497864,0.7165261507034302,0.21436667442321777,1.0,0.0,1.0,1.0,0.0,1.0,6.518512662978537e-08,0.0,0.7535082697868347,0.24958638846874237,0.0,0.0,0.0,0.059520069509744644,0.1615547239780426,0.062407638877630234,0.0,0.01135365292429924,0.02490047737956047,0.8977011442184448,0.009907260537147522,0.024171927943825722,0.9070409536361694,0.06293778866529465,0.16484284400939941,0.42541438341140747,0.009160277433693409,0.019570475444197655,0.9525066614151001,0.02686021663248539,0.07385314255952835,0.5057945251464844,0.031615205109119415,0.1070190817117691,0.5364963412284851
Temnothorax_congruus_OKENT0105443_processed.obj,Stage_1_default,0.0009565342916175723,0.033834706991910934,0.015244362875819206,0.018590344116091728,0.048920631408691406,0.12460898607969284,0.11133448779582977,0.11886666715145111,0.1046999990940094,0.3759102523326874,0.4266333281993866,0.33596667647361755,0.7119623422622681,0.7773333191871643,0.6567333340644836,0.960799515247345,0.9689000248908997,0.952833354473114,0.7389675974845886,0.2789333462715149,1.0,0.0,1.0,1.0,0.0,1.0,8.858524580546145e-08,0.0,0.7935382723808289,0.36627915501594543,0.0,0.0,0.0,0.023527424782514572,0.04963788762688637,0.024154460057616234,0.0,0.014000339433550835,0.029250429943203926,0.7869731783866882,0.01257228758186102,0.03204898536205292,0.8637828230857849,0.018133576959371567,0.04785757139325142,0.7016574740409851,0.011946354061365128,0.024827994406223297,0.9076517820358276,0.018648045137524605,0.0496102049946785,0.677826464176178,0.026173599064350128,0.08165422827005386,0.6861313581466675
Temnothorax_sp._OKENT0105336_processed.obj,Stage_1_default,0.001871308428235352,0.046336933970451355,0.02093571424484253,0.025401221588253975,0.06675227731466293,0.18455801904201508,0.06065847724676132,0.06373333185911179,0.057866666465997696,0.2673572897911072,0.29536667466163635,0.24420000612735748,0.5723176598548889,0.6385000348091125,0.5185666680335999,0.9047820568084717,0.9233999848365784,0.886900007724762,0.6595612168312073,0.4154333472251892,1.0,0.0,1.0,1.0,0.0,1.0,5.229322397326541e-08,0.0,0.781531035900116,0.3507475256919861,0.0,0.0,0.0,0.021821558475494385,0.0362500436604023,0.021473931148648262,0.0,0.017189882695674896,0.04745795577764511,0.7505747079849243,0.01654382050037384,0.03492248058319092,0.683387041091919,0.02576979622244835,0.07496268302202225,0.5580110549926758,0.030619261786341667,0.0741989016532898,0.4116095304489136,0.020779432728886604,0.04665412753820419,0.5745557546615601,0.021968606859445572,0.07746122032403946,0.6240875720977783
Tetramorium_kraepelini_CASENT0744084_processed.obj,Stage_1_default,0.002124287886545062,0.046923790127038956,0.01888526789844036,0.028038522228598595,0.08123044669628143,0.23030602931976318,0.06546583771705627,0.06856666505336761,0.06263333559036255,0.2876757085323334,0.32973334193229675,0.25513333082199097,0.602057158946991,0.7058666944503784,0.5248667001724243,0.888717770576477,0.9417999982833862,0.8413000106811523,0.7425036430358887,0.2785666584968567,1.0,0.0,1.0,1.0,0.0,1.0,2.780326724405313e-08,0.0,0.7726163268089294,0.2978074550628662,0.0,0.0,0.0,0.030126312747597694,0.051462333649396896,0.030418643727898598,0.0,0.018559280782938004,0.043033212423324585,0.657854437828064,0.01116183027625084,0.022602016106247902,0.9144040942192078,0.025355124846100807,0.06862123310565948,0.5359116196632385,0.016970157623291016,0.04514243081212044,0.7598944902420044,0.02918194606900215,0.0722804144024849,0.4548029899597168,0.025304727256298065,0.06254453212022781,0.4501216411590576
Acanthostichus_aff.brevicornis_CASENT0744328_processed.obj,Stage_2_deform_coarse,0.0001774307165760547,0.014971161261200905,0.007914196699857712,0.007056964095681906,0.020329665392637253,0.06107327714562416,0.356966495513916,0.3545333445072174,0.3594333231449127,0.8061859607696533,0.7982000112533569,0.8143333196640015,0.9661450386047363,0.9484000205993652,0.9845666885375977,0.9983472228050232,0.9966999888420105,1.0,0.7996489405632019,0.12000000476837158,1.4393030405044556,1.69606351852417,3.458993434906006,0.4805593192577362,0.43272772431373596,2.8659768104553223,0.7564554214477539,0.0,0.7567260265350342,0.32619160413742065,0.032948751002550125,0.07416392117738724,0.26901891827583313,0.037267621606588364,0.10493545979261398,0.03729138895869255,0.0008967667818069458,0.005668998695909977,0.01139664277434349,0.9988505840301514,0.005355896428227425,0.009915533475577831,1.0,0.008721602149307728,0.015677398070693016,0.9889503121376038,0.006557576358318329,0.012542628683149815,0.9973615407943726,0.008267801254987717,0.016836121678352356,0.9755343794822693,0.007563806604593992,0.015104018151760101,0.9829683899879456
Acromyrmex_coronatus_CASENT0744365_processed.obj,Stage_2_deform_coarse,0.0002705420774873346,0.018193475902080536,0.009597375988960266,0.00859609991312027,0.02534971572458744,0.11168010532855988,0.23546510934829712,0.23836666345596313,0.2326333373785019,0.7184221148490906,0.7212666869163513,0.7156000137329102,0.941845178604126,0.9243333339691162,0.9600333571434021,0.9950110912322998,0.9903333187103271,0.9997333288192749,0.7783794403076172,0.210833340883255,1.8794969320297241,3.26979923248291,4.971492767333984,0.4329630434513092,0.5765700340270996,7.10260534286499,1.0876468420028687,0.0,0.70695960521698,0.24522598087787628,0.055143244564533234,0.1255359798669815,0.33113348484039307,0.07348551601171494,0.27996399998664856,0.07475603371858597,0.013124886900186539,0.007382935844361782,0.015530375763773918,0.9727969765663147,0.008234345354139805,0.017762839794158936,0.9677864909172058,0.00813568476587534,0.015882287174463272,0.9640884399414062,0.008572542108595371,0.017817877233028412,0.97625333070755,0.00898614153265953,0.018368758261203766,0.9603399634361267,0.008032451383769512,0.015968861058354378,0.9781022071838379
Acromyrmex_lobicornis_CASENT0878007_processed.obj,Stage_2_deform_coarse,0.00031426013447344303,0.020851556211709976,0.010295680724084377,0.010555875487625599,0.02356862835586071,0.08713064342737198,0.15524259209632874,0.15720000863075256,0.15333333611488342,0.5918111205101013,0.6116333603858948,0.5732333660125732,0.9230723977088928,0.9306333661079407,0.9156333208084106,0.996779203414917,0.9947666525840759,0.9988000392913818,0.810950517654419,0.1812666654586792,1.4647899866104126,1.6866928339004517,3.4900405406951904,0.4729640483856201,0.459185391664505,3.2986350059509277,0.8169094920158386,0.0,0.7391483187675476,0.3082939088344574,0.05606834217905998,0.11122888326644897,0.5061514973640442,0.05387011542916298,0.144288569688797,0.05503586307168007,0.011113420128822327,0.009203298017382622,0.018527094274759293,0.9601532816886902,0.008741891011595726,0.01719995215535164,0.9696272611618042,0.009038472548127174,0.01596306636929512,0.9889503121376038,0.010157465934753418,0.018992137163877487,0.9683377742767334,0.01049321610480547,0.020016061142086983,0.9497811198234558,0.010009190067648888,0.01911245845258236,0.959854006767273
Anochetus_risii_CASENT0877608_processed.obj,Stage_2_deform_coarse,0.0002773025771602988,0.017071254551410675,0.009804720059037209,0.007266535423696041,0.03259032592177391,0.0964910015463829,0.29616913199424744,0.29413333535194397,0.2982333302497864,0.7895145416259766,0.7630333304405212,0.8179000020027161,0.9426544308662415,0.9020666480064392,0.9870666861534119,0.9911977052688599,0.9830000400543213,0.9995333552360535,0.7837390899658203,0.1454000025987625,1.3698755502700806,1.5709812641143799,3.3519136905670166,0.4694622755050659,0.4167526364326477,2.801276206970215,0.7769045829772949,0.0,0.7401975393295288,0.2817588150501251,0.03885671868920326,0.08629567176103592,0.326077938079834,0.014309731312096119,0.032144997268915176,0.014381436631083488,0.000815865583717823,0.006074272096157074,0.01213672012090683,0.9934865832328796,0.005954465828835964,0.01133275218307972,0.9972388744354248,0.007397962734103203,0.012299898080527782,0.9972376227378845,0.006862686015665531,0.012379935011267662,1.0,0.0076994686387479305,0.014265053905546665,0.9770795702934265,0.007628850173205137,0.016160637140274048,0.9720194339752197
Anochetus_risii_CASENT0877609_processed.obj,Stage_2_deform_coarse,0.00042799589573405683,0.02343360334634781,0.012349658645689487,0.011083943769335747,0.034386176615953445,0.14784015715122223,0.1322639435529709,0.13286666572093964,0.13166667520999908,0.5288726687431335,0.5327000021934509,0.5250999927520752,0.8934840559959412,0.8792999982833862,0.908133327960968,0.9907195568084717,0.9828333258628845,0.9987333416938782,0.7776575088500977,0.16823333501815796,1.2956430912017822,1.3268635272979736,3.1468236446380615,0.3698917031288147,0.464788019657135,2.4624240398406982,0.808982789516449,0.0,0.7044345140457153,0.23903730511665344,0.06450355798006058,0.15438923239707947,0.3311503231525421,0.05395234748721123,0.08319739252328873,0.054334867745637894,-0.00015017390251159668,0.01013963669538498,0.020939048379659653,0.9417624473571777,0.007887869141995907,0.014511005952954292,0.9972388744354248,0.010600055567920208,0.022140303626656532,0.9392265677452087,0.009153631515800953,0.016624201089143753,0.9815303683280945,0.011370794847607613,0.022127404808998108,0.9260880947113037,0.01170221995562315,0.026476552709937096,0.8990267515182495
Aphaenogaster_pallida_CASENT0745235_processed.obj,Stage_2_deform_coarse,0.0005195141420699656,0.020690180361270905,0.01273302361369133,0.007957156747579575,0.045934997498989105,0.15447862446308136,0.2586808502674103,0.2536333501338959,0.26393333077430725,0.7110673785209656,0.6741999983787537,0.7522000074386597,0.9160358309745789,0.8601666688919067,0.9796666502952576,0.9776270985603333,0.9562333226203918,1.0,0.748546302318573,0.196233332157135,1.4451526403427124,1.8800584077835083,3.7551820278167725,0.4502970278263092,0.443999320268631,3.0346791744232178,0.797881543636322,0.0,0.7475664019584656,0.285351425409317,0.04258585721254349,0.13314825296401978,0.4171152412891388,0.01566002331674099,0.030054572969675064,0.01572020910680294,-0.0004431772977113724,0.0064155966974794865,0.012686607427895069,0.9900383353233337,0.006461110431700945,0.013258960098028183,0.9912563562393188,0.009425213560461998,0.016071585938334465,0.972375750541687,0.00790875218808651,0.016307253390550613,0.9841688871383667,0.008619732223451138,0.01776089332997799,0.9675508737564087,0.009466243907809258,0.01971641182899475,0.9525547623634338
Atopomyrmex_mocquerysi_CASENT0744784_processed.obj,Stage_2_deform_coarse,0.00017985237354878336,0.014726415276527405,0.008096955716609955,0.00662945955991745,0.022235484793782234,0.07058785110712051,0.38009020686149597,0.37423333525657654,0.3861333429813385,0.819891631603241,0.7908333539962769,0.8511666655540466,0.9636713266372681,0.9390666484832764,0.9896000027656555,0.9973764419555664,0.9947666525840759,1.0,0.7790839076042175,0.227400004863739,1.662503719329834,1.6980245113372803,4.308932304382324,0.4301627576351166,0.553853452205658,3.7401788234710693,0.9255557060241699,0.0,0.7058995962142944,0.2662675380706787,0.03999980166554451,0.08984889090061188,0.17286057770252228,0.027096569538116455,0.07472428679466248,0.02745917998254299,0.0010505672544240952,0.005976073443889618,0.013399061746895313,0.9911877512931824,0.008189281448721886,0.015556084923446178,0.9907961487770081,0.006788522936403751,0.013863411732017994,0.991712749004364,0.0067940037697553635,0.012073427438735962,1.0,0.007056073751300573,0.015808796510100365,0.9698686599731445,0.006592653226107359,0.01263828668743372,0.9987834692001343
Carebara_trechideros_CASENT0877591_processed.obj,Stage_2_deform_coarse,0.00013198508531786501,0.013455336913466454,0.006878227926790714,0.006577109452337027,0.0165360476821661,0.05858198553323746,0.4057638943195343,0.40683335065841675,0.40470001101493835,0.8503323197364807,0.849399983882904,0.8512666821479797,0.9787147641181946,0.9696666598320007,0.987933337688446,0.9998666644096375,0.9997333288192749,1.0,0.7983357906341553,0.23146666586399078,1.472395420074463,1.7152458429336548,3.5764055252075195,0.44923868775367737,0.4695894420146942,3.6027252674102783,0.898425281047821,0.0,0.6671851873397827,0.2174093872308731,0.04532068222761154,0.10301599651575089,0.1936902552843094,0.04236328974366188,0.09539878368377686,0.04169659689068794,0.0022923313081264496,0.005674981512129307,0.011223133653402328,0.9908046126365662,0.007117696572095156,0.01624656282365322,0.9737690091133118,0.007192789576947689,0.01417629886418581,0.980663001537323,0.006577562540769577,0.015109498053789139,0.9841688871383667,0.006044063251465559,0.01197023130953312,0.9948493838310242,0.007130646146833897,0.01743043214082718,0.9671532511711121
Centromyrmex_brachycola_CASENT0744052_processed.obj,Stage_2_deform_coarse,0.00023808024707250297,0.01727334037423134,0.00889411848038435,0.008379222825169563,0.021689852699637413,0.10214511305093765,0.25183165073394775,0.2540000081062317,0.24970000982284546,0.7438643574714661,0.7519333362579346,0.735966682434082,0.9526961445808411,0.9420999884605408,0.963533341884613,0.9966092705726624,0.9939000010490417,0.9993333220481873,0.8195953369140625,0.18413333594799042,1.3479270935058594,1.1340422630310059,3.012279510498047,0.47219860553741455,0.42335158586502075,2.305257797241211,0.7561179399490356,0.0,0.7619150280952454,0.33474665880203247,0.036155231297016144,0.07854728400707245,0.2133738398551941,0.015635112300515175,0.05462392047047615,0.015776218846440315,0.0005907630547881126,0.007022686768323183,0.013100238516926765,0.9881226420402527,0.007901300676167011,0.016651980578899384,0.9751495718955994,0.009186096489429474,0.019933653995394707,0.950276255607605,0.009499986656010151,0.022848153486847878,0.9208443760871887,0.00769758177921176,0.01400729175657034,0.9933041930198669,0.008143107406795025,0.014563667587935925,0.9841849207878113
Cephalotes_minutus_CASENT0709253_processed.obj,Stage_2_deform_coarse,0.0001572250621393323,0.015202168375253677,0.007363590877503157,0.007838577032089233,0.01685694046318531,0.05487334355711937,0.28821584582328796,0.2953333258628845,0.2814333438873291,0.7953546643257141,0.8186666965484619,0.7733333706855774,0.9753499627113342,0.9794000387191772,0.9713333249092102,0.9999499917030334,1.0,0.9998999834060669,0.8362873196601868,0.1445000022649765,1.6071187257766724,1.9272000789642334,4.269579887390137,0.492760568857193,0.48042693734169006,3.651550531387329,0.8543925881385803,0.0,0.7734563946723938,0.3238091766834259,0.03426145017147064,0.07461106777191162,0.16865667700767517,0.024002989754080772,0.08097340166568756,0.02424503304064274,0.002420404925942421,0.00642058439552784,0.011808971874415874,0.9984674453735352,0.006559264380484819,0.012135830707848072,0.9963184595108032,0.007680860348045826,0.013951235450804234,0.9834254384040833,0.007763853296637535,0.017566628754138947,0.97625333070755,0.008154577575623989,0.01617405004799366,0.9809426069259644,0.007703830022364855,0.01599854975938797,0.9793187379837036
Cephalotes_simillimus_CASENT0744408_processed.obj,Stage_2_deform_coarse,0.0003997712628915906,0.023130524903535843,0.011164060793817043,0.011966465041041374,0.027982467785477638,0.09396103769540787,0.135269433259964,0.13733333349227905,0.13326667249202728,0.5251044631004333,0.5494000315666199,0.5028666853904724,0.8936381936073303,0.9140333533287048,0.8741333484649658,0.9946300983428955,0.9928333163261414,0.9964333176612854,0.7798591256141663,0.2723666727542877,1.5254617929458618,1.7137770652770996,3.760206460952759,0.47589802742004395,0.47757598757743835,3.320974826812744,0.8436633348464966,0.0,0.7549758553504944,0.3253781199455261,0.04100479558110237,0.0875425934791565,0.2752358019351959,0.029553910717368126,0.07028263062238693,0.029729241505265236,0.0061941687017679214,0.00972779281437397,0.018732672557234764,0.9624521136283875,0.009132164530456066,0.01660771295428276,0.9769903421401978,0.008340390399098396,0.015921125188469887,0.980663001537323,0.009168652817606926,0.01627606339752674,0.9656992554664612,0.010326354764401913,0.018943505361676216,0.9593098163604736,0.01048197504132986,0.02193276211619377,0.9355230927467346
Cephalotes_spinosus_CASENT0744158_processed.obj,Stage_2_deform_coarse,0.000233287806622684,0.01742580160498619,0.008549255318939686,0.00887654535472393,0.020881034433841705,0.0749211311340332,0.2608271539211273,0.2669999897480011,0.25493332743644714,0.7264757752418518,0.7577666640281677,0.6976666450500488,0.9475050568580627,0.9508333206176758,0.9442000389099121,0.9986487627029419,0.9975333213806152,0.9997667074203491,0.8157662749290466,0.15016667544841766,1.7367969751358032,2.125483751296997,4.799074172973633,0.5176791548728943,0.5076779127120972,4.672442436218262,0.9137980937957764,0.0,0.7620145082473755,0.331351637840271,0.036816418170928955,0.08112570643424988,0.1750515103340149,0.024644263088703156,0.05813700333237648,0.024737723171710968,-0.0017225947231054306,0.00656838109716773,0.012228901498019695,0.9988505840301514,0.007661291863769293,0.014342808164656162,0.9806718826293945,0.006736158858984709,0.012557866051793098,0.9944751858711243,0.010437533259391785,0.03104500286281109,0.8918206095695496,0.007985438220202923,0.015265529975295067,0.9886685609817505,0.007860539481043816,0.013595843687653542,0.9939172863960266
Crematogaster_nawai_OKENT0105046_processed.obj,Stage_2_deform_coarse,0.00042520230636000633,0.02169269695878029,0.011417838744819164,0.01027485728263855,0.030578702688217163,0.12360798567533493,0.16347850859165192,0.16866667568683624,0.15860000252723694,0.6150766015052795,0.6323000192642212,0.5987666845321655,0.9171925187110901,0.9059666991233826,0.9287000298500061,0.9874327182769775,0.977566659450531,0.9975000023841858,0.7503928542137146,0.3662000000476837,1.5852606296539307,2.5180201530456543,4.061339378356934,0.4359270930290222,0.487545371055603,4.342576026916504,0.9065269231796265,0.0,0.7460399866104126,0.2955661118030548,0.04960840567946434,0.10831431299448013,0.2400171309709549,0.05727910250425339,0.1590036153793335,0.05817646533250809,0.005764111876487732,0.007804792374372482,0.014250137843191624,0.9908046126365662,0.008048547431826591,0.01470472477376461,0.9880349636077881,0.010228467173874378,0.018836360424757004,0.9751381874084473,0.009323853068053722,0.020566141232848167,0.9472295641899109,0.009020938538014889,0.01757998764514923,0.9724439978599548,0.009400304406881332,0.018724991008639336,0.9610705375671387
Cryptopone_sauteri_CASENT0743771_processed.obj,Stage_2_deform_coarse,0.00025471835397183895,0.018728531897068024,0.009298285469412804,0.009430245496332645,0.020798711106181145,0.07894360274076462,0.20233356952667236,0.20606666803359985,0.19873332977294922,0.6701820492744446,0.6902666687965393,0.6512333154678345,0.9450609683990479,0.9474000334739685,0.9427333474159241,0.9977970719337463,0.996066689491272,0.9995333552360535,0.8256875276565552,0.28716665506362915,1.3714927434921265,1.459356665611267,3.2080986499786377,0.45974841713905334,0.433650940656662,2.6313207149505615,0.7527063488960266,0.0,0.7637284994125366,0.34238436818122864,0.04187307134270668,0.08916474878787994,0.20663544535636902,0.0433451272547245,0.10950598865747452,0.04376533254981041,0.005022548139095306,0.007294419687241316,0.013566202484071255,0.9934865832328796,0.00889501441270113,0.01894029602408409,0.9567418694496155,0.008966167457401752,0.01741439290344715,0.9751381874084473,0.009132918901741505,0.017123693600296974,0.9709762930870056,0.008589626289904118,0.015623996034264565,0.988926112651825,0.008865092881023884,0.016718264669179916,0.9768856167793274
Cyphoidris_afrc-tz01_CASENT0744810_processed.obj,Stage_2_deform_coarse,0.00077492103446275,0.03201485425233841,0.016340788453817368,0.015674065798521042,0.04185420647263527,0.1616746485233307,0.061943184584379196,0.06260000169277191,0.06130000203847885,0.31100448966026306,0.3190000057220459,0.3034000098705292,0.7701045870780945,0.7825666666030884,0.7580333352088928,0.9800108075141907,0.9684666991233826,0.9918333292007446,0.7624412775039673,0.19146667420864105,1.5263381004333496,1.8844926357269287,3.9405393600463867,0.41831332445144653,0.5076388716697693,4.138762950897217,0.9535529017448425,0.0,0.7220407128334045,0.29769477248191833,0.06752628833055496,0.1357097178697586,0.4636886715888977,0.05013612285256386,0.13328267633914948,0.05089429393410683,0.01003146544098854,0.012549582868814468,0.024620624259114265,0.8934866189956665,0.012501620687544346,0.024582352489233017,0.887712836265564,0.016934363171458244,0.026824593544006348,0.6602210402488708,0.013163590803742409,0.025152508169412613,0.8496042490005493,0.016784152016043663,0.0371515266597271,0.7483904361724854,0.023731807246804237,0.05324993655085564,0.5231143236160278
Cyphomyrmex_cf.minutus_CASENT0744280_processed.obj,Stage_2_deform_coarse,0.0013767436612397432,0.0400831401348114,0.021791821345686913,0.018291320651769638,0.06339145451784134,0.18686722218990326,0.038728486746549606,0.03916666656732559,0.03830000013113022,0.2167828381061554,0.22066666185855865,0.21303333342075348,0.6599491238594055,0.6633666753768921,0.6565666794776917,0.9556573033332825,0.9258333444595337,0.9874666929244995,0.6944226622581482,0.3546000123023987,1.4727509021759033,1.8844752311706543,3.6745312213897705,0.383559912443161,0.5104095339775085,3.9599380493164062,0.9821290969848633,0.0,0.691218912601471,0.23660776019096375,0.08208516240119934,0.1977471560239792,0.5485840439796448,0.0336608812212944,0.12836602330207825,0.034265272319316864,0.007572939619421959,0.015204890631139278,0.029990462586283684,0.7773946523666382,0.013578456826508045,0.0246820580214262,0.8624022006988525,0.016560779884457588,0.029777832329273224,0.6795580387115479,0.014981955289840698,0.025983989238739014,0.8179419636726379,0.017519278451800346,0.03944684565067291,0.7313932776451111,0.025635963305830956,0.06955650448799133,0.5985401272773743
Dilobocondyla_fouqueti_CASENT0745576_processed.obj,Stage_2_deform_coarse,0.00023651734227314591,0.017829660326242447,0.008864634670317173,0.008965025655925274,0.020005404949188232,0.09553787857294083,0.22556081414222717,0.2291666716337204,0.22206667065620422,0.7046583890914917,0.7234333157539368,0.6868333220481873,0.9519453048706055,0.9540666937828064,0.949833333492279,0.9975621700286865,0.9954666495323181,0.999666690826416,0.8163771629333496,0.19500000774860382,1.7405993938446045,2.460174083709717,4.788448333740234,0.4802700877189636,0.5205458402633667,4.937926769256592,0.9360599517822266,0.0,0.7557611465454102,0.3021984100341797,0.04236530140042305,0.09902651607990265,0.31438305974006653,0.027683552354574203,0.0519896000623703,0.02784731052815914,0.0018469877541065216,0.006810118909925222,0.012568873353302479,0.9977011680603027,0.007283735554665327,0.013873688876628876,0.994017481803894,0.008875337429344654,0.01632281206548214,0.9751381874084473,0.009243841283023357,0.019982438534498215,0.9498680830001831,0.00872405432164669,0.016396326944231987,0.9806850552558899,0.008963597938418388,0.017685841768980026,0.959854006767273
Dorylus_fulvus_CASENT0745678_processed.obj,Stage_2_deform_coarse,0.00017546793969813734,0.015416047535836697,0.0075849499553442,0.007831097580492496,0.01804593950510025,0.06004123389720917,0.3210177719593048,0.3242666721343994,0.3178333342075348,0.785934567451477,0.8082333207130432,0.7648333311080933,0.9673480987548828,0.9686999917030334,0.9660000205039978,0.999116063117981,0.9983000159263611,0.9999333620071411,0.8072496056556702,0.29143333435058594,1.678633689880371,1.8643330335617065,4.472835063934326,0.5262776017189026,0.5022621750831604,4.224979400634766,0.8796297907829285,0.0,0.7560245990753174,0.332518994808197,0.036133699119091034,0.07494736462831497,0.14497074484825134,0.03155935928225517,0.0734906941652298,0.03190929815173149,0.0024550240486860275,0.006022792309522629,0.011510603129863739,0.998084306716919,0.006582871079444885,0.012952533550560474,0.9917165637016296,0.008298368193209171,0.017027197405695915,0.9696133136749268,0.006741032004356384,0.011671141721308231,0.9947230219841003,0.008065271191298962,0.015842271968722343,0.9819726943969727,0.006393801886588335,0.011348390951752663,0.9939172863960266
Eciton_hamatum_CASENT0744580_processed.obj,Stage_2_deform_coarse,0.00025573602761141956,0.01678641140460968,0.009802710264921188,0.006983701605349779,0.028107110410928726,0.08961185067892075,0.334423303604126,0.327266663312912,0.3418999910354614,0.7626705169677734,0.7103333473205566,0.8233333230018616,0.9411184191703796,0.8967000246047974,0.9901666641235352,0.99394690990448,0.9879666566848755,1.0,0.6811735033988953,0.24553333222866058,1.861083745956421,2.2695083618164062,5.336453914642334,0.44298678636550903,0.5939785242080688,5.383199691772461,1.0428272485733032,0.0,0.6990788578987122,0.2831268012523651,0.040200818330049515,0.08319985866546631,0.24093639850616455,0.012284519150853157,0.033722277730703354,0.012367173098027706,0.0005867090076208115,0.006267197895795107,0.013662806712090969,0.9934865832328796,0.010987035930156708,0.023498067632317543,0.8946157693862915,0.006512499880045652,0.012058139778673649,1.0,0.007076818495988846,0.014839067123830318,0.9947230219841003,0.007178482133895159,0.017053963616490364,0.9678084254264832,0.006364390719681978,0.012668927200138569,0.9951338171958923
Ectatomma_brunneum_CASENT0744575_processed.obj,Stage_2_deform_coarse,0.0005351565778255463,0.024661492556333542,0.013085555285215378,0.011575938202440739,0.03322869911789894,0.23276224732398987,0.10824812948703766,0.10869999974966049,0.10779999941587448,0.4869724214076996,0.49443334341049194,0.47973334789276123,0.8949394226074219,0.8851000070571899,0.9050000309944153,0.989230215549469,0.9792333245277405,0.9994333386421204,0.7815453410148621,0.21700000762939453,1.4048634767532349,1.7024959325790405,3.486889362335205,0.3902556896209717,0.4903889298439026,3.960956573486328,0.9008409380912781,0.0,0.734764814376831,0.2746562957763672,0.06691576540470123,0.1450439989566803,0.31583577394485474,0.026894763112068176,0.07102110236883163,0.026926502585411072,0.0055180322378873825,0.008917254395782948,0.01636655256152153,0.9816092252731323,0.010123820044100285,0.020828615874052048,0.9424758553504944,0.012814904563128948,0.028326228260993958,0.9033149480819702,0.010897571220993996,0.02142794243991375,0.9340369701385498,0.011677232570946217,0.021674156188964844,0.9309812188148499,0.013226142153143883,0.028980128467082977,0.8929440379142761
Eurhopalothrix_procera_CASENT0745605_processed.obj,Stage_2_deform_coarse,0.0006133286515250802,0.026588253676891327,0.014680381864309311,0.01190787274390459,0.04486474394798279,0.14334701001644135,0.11793744564056396,0.11673333495855331,0.11916666477918625,0.48189491033554077,0.4803333282470703,0.4834666848182678,0.8511068224906921,0.8199999928474426,0.8846666812896729,0.9786244630813599,0.9610999822616577,0.9968000054359436,0.725106954574585,0.2824999988079071,1.5573537349700928,2.088404417037964,4.170085430145264,0.4053811728954315,0.5153530836105347,3.774834394454956,0.9162954092025757,0.0,0.7176142930984497,0.27150794863700867,0.06320907175540924,0.1412135809659958,0.3766081631183624,0.0709007978439331,0.1422158181667328,0.07236595451831818,-0.003632470965385437,0.010196899063885212,0.0211781058460474,0.938697338104248,0.008969049900770187,0.01691734604537487,0.9751495718955994,0.01074153371155262,0.0205819271504879,0.941989004611969,0.0110730966553092,0.025010917335748672,0.9155673384666443,0.012330696918070316,0.028334347531199455,0.8779294490814209,0.01933082938194275,0.04584886133670807,0.6131386756896973
Heteroponera_panamensis_CASENT0744055_processed.obj,Stage_2_deform_coarse,0.0005864425329491496,0.02784312516450882,0.0136666065081954,0.01417651865631342,0.031879525631666183,0.10216797143220901,0.0796796977519989,0.08143333345651627,0.07800000160932541,0.38983413577079773,0.4081000089645386,0.3731333315372467,0.8441976308822632,0.8721666932106018,0.8179666996002197,0.9846650958061218,0.9788333177566528,0.9905666708946228,0.8313668966293335,0.2878666818141937,1.5279951095581055,2.0422329902648926,4.134293556213379,0.39296555519104004,0.5114877223968506,4.740176200866699,0.9607949256896973,0.0,0.7246831655502319,0.2883460223674774,0.06634308397769928,0.15403081476688385,0.4288647770881653,0.032647017389535904,0.09536276757717133,0.03264426067471504,0.0029189269989728928,0.010958428494632244,0.020403148606419563,0.944444477558136,0.01301267184317112,0.028061803430318832,0.8895536065101624,0.011207637377083302,0.02190680056810379,0.9143646955490112,0.011260166764259338,0.02017621323466301,0.9472295641899109,0.014543232508003712,0.03320860117673874,0.8462529182434082,0.014383726753294468,0.02636476792395115,0.8576642274856567
Labidus_praedator_CASENT0744236_processed.obj,Stage_2_deform_coarse,0.0009409780032001436,0.02680705115199089,0.01851940155029297,0.008287650533020496,0.06904731690883636,0.15544351935386658,0.2190074920654297,0.20333333313465118,0.23730000853538513,0.6057907938957214,0.5208333134651184,0.7238667011260986,0.8361483812332153,0.7308666706085205,0.9768666625022888,0.9546673893928528,0.913266658782959,1.0,0.619231641292572,0.3619333505630493,1.4473931789398193,1.9122898578643799,3.5908381938934326,0.43397238850593567,0.4699670076370239,3.389747381210327,0.7989336848258972,0.0,0.6506617069244385,0.21590161323547363,0.047633931040763855,0.1087423786520958,0.6431341171264648,0.02728414535522461,0.07619345188140869,0.027355505153536797,0.004556868225336075,0.007379436865448952,0.0197161715477705,0.952107310295105,0.008954939432442188,0.024923594668507576,0.917165219783783,0.00793512538075447,0.01611264981329441,0.972375750541687,0.007388468366116285,0.013967741280794144,0.9841688871383667,0.00774991512298584,0.015888499096035957,0.9793974161148071,0.0073712109588086605,0.014155139215290546,0.9781022071838379
Labidus_praedator_CASENT0744237_processed.obj,Stage_2_deform_coarse,0.00039143924368545413,0.018834084272384644,0.010165027342736721,0.008669057860970497,0.025623084977269173,0.2143925130367279,0.22318699955940247,0.22699999809265137,0.21950000524520874,0.7287024259567261,0.7403666973114014,0.7174000144004822,0.9442917704582214,0.928933322429657,0.9601666927337646,0.9911412000656128,0.9825666546821594,0.9998666644096375,0.8082680702209473,0.16406667232513428,1.4390958547592163,1.63059401512146,3.569679021835327,0.4953257441520691,0.4394277334213257,3.27900767326355,0.8227417469024658,0.0,0.7414959073066711,0.2959885597229004,0.04613850265741348,0.09435538947582245,0.28612735867500305,0.023514918982982635,0.057389017194509506,0.023987656459212303,-0.0016327518969774246,0.007035153917968273,0.013413969427347183,0.9854406118392944,0.007256148383021355,0.014548608101904392,0.9852738380432129,0.008975842967629433,0.0150286965072155,0.9751381874084473,0.007945927791297436,0.015517257153987885,0.963060736656189,0.008042894303798676,0.014542646706104279,0.9917589426040649,0.008713078685104847,0.016026224941015244,0.9671532511711121
Lasius_nr._fuliginosus_CASENT0878037_processed.obj,Stage_2_deform_coarse,0.00016594224143773317,0.014946634881198406,0.007481270935386419,0.007465363945811987,0.016723977401852608,0.09341316670179367,0.33125773072242737,0.33826667070388794,0.3245333433151245,0.8033972978591919,0.821399986743927,0.7861666679382324,0.973437488079071,0.9668000340461731,0.9801666736602783,0.999233067035675,0.9987333416938782,0.9997333288192749,0.8146836161613464,0.11050000041723251,1.2983695268630981,1.1810693740844727,2.7566046714782715,0.5355351567268372,0.3607618808746338,2.2180728912353516,0.6214320063591003,0.0,0.7743220329284668,0.3367669880390167,0.026804331690073013,0.07077493518590927,0.1711960732936859,0.03905433416366577,0.1277485191822052,0.03920212388038635,0.0017368346452713013,0.006322894245386124,0.012533019296824932,0.9908046126365662,0.005507548805326223,0.010547799989581108,0.9981592297554016,0.008725590072572231,0.01263683196157217,0.9972376227378845,0.006811918690800667,0.010669910348951817,1.0,0.007524576038122177,0.013824802823364735,0.9922740459442139,0.007232219446450472,0.012920028530061245,0.9829683899879456
Lioponera_daikoku_OKENT0105067_processed.obj,Stage_2_deform_coarse,0.0009565258515067399,0.03132253885269165,0.018236903473734856,0.013085633516311646,0.06426158547401428,0.21080605685710907,0.09364950656890869,0.09386666864156723,0.09343333542346954,0.4049280285835266,0.4019666612148285,0.4079333245754242,0.810638964176178,0.7767666578292847,0.847599983215332,0.9581391215324402,0.9217666983604431,0.9975000023841858,0.72694993019104,0.3483666777610779,1.3652734756469727,1.4740285873413086,3.3436203002929688,0.3789469301700592,0.4812560975551605,3.076369524002075,0.8887007236480713,0.0,0.690607488155365,0.2375342696905136,0.0675559937953949,0.18291597068309784,0.3717719316482544,0.04705454036593437,0.1261373609304428,0.04705381765961647,-0.009226642549037933,0.010394536890089512,0.019669214263558388,0.9536398649215698,0.010592347010970116,0.02008446864783764,0.9475379586219788,0.014611213468015194,0.04044680297374725,0.8149171471595764,0.014083956368267536,0.0276955533772707,0.8443272113800049,0.013726907782256603,0.034579481929540634,0.8647952675819397,0.013118640519678593,0.02447063848376274,0.8965936899185181
Mayriella_sp._CASENT0745610_processed.obj,Stage_2_deform_coarse,0.0004495253961067647,0.02491820603609085,0.012117607519030571,0.01280059851706028,0.02772332727909088,0.11605396121740341,0.10043443739414215,0.10270000249147415,0.09826666861772537,0.448980450630188,0.4690000116825104,0.43060001730918884,0.8828656077384949,0.9087666869163513,0.8583999872207642,0.9930077195167542,0.9900333285331726,0.9959999918937683,0.8019885420799255,0.24690000712871552,1.4649144411087036,1.5350261926651,3.4880053997039795,0.42216384410858154,0.48347243666648865,3.1060678958892822,0.8986256122589111,0.0,0.7603756189346313,0.3298477828502655,0.057559091597795486,0.14370527863502502,0.26697874069213867,0.031212983652949333,0.08070466667413712,0.03136001154780388,0.0007043126970529556,0.010412764735519886,0.018418777734041214,0.9724138379096985,0.009541673585772514,0.018075961619615555,0.9719282388687134,0.01055164448916912,0.018338797613978386,0.972375750541687,0.010788141749799252,0.01852034032344818,0.9788918495178223,0.011822879314422607,0.021992303431034088,0.9206799268722534,0.009715977124869823,0.017603809013962746,0.9732360243797302
Mesoponera_ambigua_CASENT0745584_processed.obj,Stage_2_deform_coarse,0.00034439435694366693,0.021461302414536476,0.010723147541284561,0.010738154873251915,0.023138290271162987,0.11058309674263,0.14378903806209564,0.14756666123867035,0.14020000398159027,0.5660324096679688,0.5878999829292297,0.5457333326339722,0.9266703724861145,0.9332666993141174,0.9201666712760925,0.9945483803749084,0.9902999997138977,0.9988333582878113,0.8412489891052246,0.13093332946300507,1.4449084997177124,1.749122142791748,3.421847105026245,0.44323819875717163,0.46799659729003906,3.6792919635772705,0.8689827919006348,0.0,0.7247885465621948,0.28822654485702515,0.06120658293366432,0.12829959392547607,0.3617241680622101,0.0504932627081871,0.09608356654644012,0.05058099702000618,1.237913966178894e-05,0.008726135827600956,0.01608569361269474,0.9896551966667175,0.009588846936821938,0.01916593499481678,0.9562816619873047,0.013601211830973625,0.023301079869270325,0.8591160774230957,0.009310654364526272,0.015695391222834587,0.9973615407943726,0.01039426401257515,0.019671181216835976,0.9544166922569275,0.01065951120108366,0.021777795627713203,0.9318735003471375
Myrmecina_ryukyuensis_OKENT0105085_processed.obj,Stage_2_deform_coarse,0.0003392417565919459,0.01852007582783699,0.009977401234209538,0.008542675524950027,0.026986360549926758,0.22203274071216583,0.23884309828281403,0.24013333022594452,0.23756666481494904,0.7300605177879333,0.7279333472251892,0.732200026512146,0.9438924789428711,0.9221667051315308,0.9666666984558105,0.9906542301177979,0.9839666485786438,0.9974333643913269,0.8049224019050598,0.20509999990463257,1.3829513788223267,1.5274044275283813,3.3762574195861816,0.4351711571216583,0.43926218152046204,2.7303693294525146,0.7683040499687195,0.0,0.7543508410453796,0.26508593559265137,0.04788629338145256,0.1139904335141182,0.4933082163333893,0.025101188570261,0.06611044704914093,0.02523927018046379,0.003180120140314102,0.006833784747868776,0.012199305929243565,0.9992337226867676,0.00676698936149478,0.012542534619569778,0.9976990222930908,0.008502774871885777,0.015351279638707638,0.980663001537323,0.008879154920578003,0.022461876273155212,0.9419525265693665,0.00885944627225399,0.019356809556484222,0.9531290531158447,0.008927498012781143,0.016717005521059036,0.970802903175354
Myrmecina_sp._CASENT0745613_processed.obj,Stage_2_deform_coarse,0.00032033625757321715,0.02007763832807541,0.010324845090508461,0.009752793237566948,0.022921865805983543,0.13529667258262634,0.16993732750415802,0.172200009226799,0.1677333414554596,0.6237480640411377,0.6360999941825867,0.6118666529655457,0.9410940408706665,0.9365000128746033,0.945733368396759,0.9946411848068237,0.989633321762085,0.9997000098228455,0.8369447588920593,0.13910000026226044,1.4717786312103271,1.7884145975112915,3.750697374343872,0.4141481816768646,0.4846758544445038,3.4969534873962402,0.8629541397094727,0.0,0.7635391354560852,0.2942740321159363,0.05355241894721985,0.1152050569653511,0.4275343716144562,0.024402936920523643,0.07246492803096771,0.024428535252809525,0.0030725430697202682,0.007810105569660664,0.014788258820772171,0.9965517520904541,0.008159821853041649,0.014706861227750778,0.9866544008255005,0.011237353086471558,0.019031548872590065,0.961326003074646,0.008796023204922676,0.016013091430068016,0.9947230219841003,0.01077650673687458,0.022732598707079887,0.9330414533615112,0.00987333431839943,0.018444383516907692,0.9659367203712463
Nesomyrmex_angulatus_CASENT0744820_processed.obj,Stage_2_deform_coarse,0.0006550446851179004,0.027949266135692596,0.015004830434918404,0.012944436632096767,0.043496273458004,0.18756921589374542,0.09575245529413223,0.09693333506584167,0.09459999948740005,0.43651890754699707,0.4411333501338959,0.4320000112056732,0.8375176787376404,0.8207666873931885,0.8549667000770569,0.9796581268310547,0.9639999866485596,0.9958333373069763,0.7269449234008789,0.3551333248615265,1.4923365116119385,1.7312067747116089,3.7162563800811768,0.4056170880794525,0.4965304434299469,3.173081159591675,0.872860312461853,0.0,0.7019168138504028,0.2579614520072937,0.06430493295192719,0.14385834336280823,0.41190385818481445,0.07198799401521683,0.13964572548866272,0.07231646031141281,0.011243056505918503,0.009648837149143219,0.018997114151716232,0.9613026976585388,0.011415381915867329,0.02478102408349514,0.9185457825660706,0.01192548405379057,0.025272423401474953,0.8950276374816895,0.010469628497958183,0.017923329025506973,0.9683377742767334,0.011808943003416061,0.02373361401259899,0.9072881937026978,0.013811110518872738,0.03166896477341652,0.830900251865387
Odontomachus_troglodytes_CASENT0744970_processed.obj,Stage_2_deform_coarse,0.0002959211706183851,0.017948603257536888,0.010395900346338749,0.007552702911198139,0.03281484544277191,0.1095886304974556,0.29605361819267273,0.2880333364009857,0.30453333258628845,0.7447576522827148,0.7053999900817871,0.7887666821479797,0.928489089012146,0.8812333345413208,0.9811000227928162,0.9941253066062927,0.9891999959945679,0.9991000294685364,0.7038815021514893,0.2823333442211151,1.5266149044036865,1.8655824661254883,4.042422294616699,0.4411686956882477,0.4721115231513977,3.6364026069641113,0.8029075860977173,0.0,0.6975217461585999,0.2598405182361603,0.041546549648046494,0.1037416011095047,0.24594365060329437,0.0586218424141407,0.22231559455394745,0.05981649458408356,0.0044878385961055756,0.007113505620509386,0.015010462142527103,0.977011501789093,0.005469922907650471,0.010008586570620537,0.9981592297554016,0.006566622294485569,0.012037590146064758,0.9972376227378845,0.006485813297331333,0.011968127451837063,1.0,0.008702516555786133,0.019009068608283997,0.9559618830680847,0.007463111076503992,0.014696494676172733,0.9671532511711121
Oxyopomyrmex_saulcyi_CASENT0745218_processed.obj,Stage_2_deform_coarse,0.0005087399622425437,0.02545849233865738,0.012727352790534496,0.012731140479445457,0.030718602240085602,0.13934572041034698,0.0992167592048645,0.10246666520833969,0.09616667032241821,0.4614601731300354,0.4826333522796631,0.44206666946411133,0.8754194378852844,0.883899986743927,0.8671000003814697,0.988497793674469,0.9813666939735413,0.9957333207130432,0.7464286088943481,0.4252333343029022,1.4062877893447876,1.7288976907730103,3.418570041656494,0.4032161235809326,0.4717356860637665,3.0316519737243652,0.8933318257331848,0.0,0.7190947532653809,0.28707170486450195,0.05048666521906853,0.11575853824615479,0.3491652309894562,0.02447746880352497,0.06790672242641449,0.026206599548459053,0.005986399948596954,0.008875938132405281,0.01611398719251156,0.9835249185562134,0.01097690686583519,0.023290863260626793,0.9295904636383057,0.010226493701338768,0.019014757126569748,0.9558011293411255,0.010026800446212292,0.0186757929623127,0.97625333070755,0.010191959328949451,0.01870175078511238,0.9611125588417053,0.011112346313893795,0.02245166338980198,0.9148418307304382
Polyrhachis_decemdentata_CASENT0744779_processed.obj,Stage_2_deform_coarse,0.0003209982824046165,0.019838612526655197,0.009980933740735054,0.009857678785920143,0.021891916170716286,0.11462690681219101,0.19363318383693695,0.19680000841617584,0.19056667387485504,0.6460201740264893,0.6656666994094849,0.6274999976158142,0.9376029372215271,0.9412000179290771,0.9340333342552185,0.9929300546646118,0.9869333505630493,0.9990000128746033,0.8294432163238525,0.20116667449474335,1.3825912475585938,1.4222805500030518,3.214226484298706,0.4571235179901123,0.4403090476989746,2.732330560684204,0.8012979626655579,0.0,0.7532229423522949,0.32894182205200195,0.04405522719025612,0.0956377387046814,0.2729039192199707,0.03682101145386696,0.07269027084112167,0.036845311522483826,-0.002535838633775711,0.008140535093843937,0.01603468507528305,0.9762452244758606,0.007883143611252308,0.014437468722462654,0.9953981041908264,0.010557602159678936,0.017552059143781662,0.9834254384040833,0.008620839565992355,0.014602214097976685,1.0,0.00899722333997488,0.016424542292952538,0.9822302460670471,0.01002622488886118,0.01997295208275318,0.9513381719589233
Polyrhachis_dives_CASENT0878093_processed.obj,Stage_2_deform_coarse,0.0006000373978167772,0.02560235559940338,0.014053798280656338,0.011548556387424469,0.04209931567311287,0.17508482933044434,0.12201876193284988,0.12336666882038116,0.12070000171661377,0.4985029995441437,0.5041999816894531,0.49293333292007446,0.8750863075256348,0.85343337059021,0.8978666663169861,0.9814315438270569,0.9654666781425476,0.9979333281517029,0.7935095429420471,0.1511666625738144,1.39296293258667,1.574578046798706,3.277418375015259,0.4669090807437897,0.4398939907550812,3.195829153060913,0.7861496806144714,0.0,0.7306246757507324,0.2647348642349243,0.06573166698217392,0.13230037689208984,0.38309943675994873,0.028172139078378677,0.10145185142755508,0.028630033135414124,0.006496282294392586,0.00960449781268835,0.018817251548171043,0.9613026976585388,0.009233749471604824,0.017396163195371628,0.9650253057479858,0.015069369226694107,0.02138759195804596,0.8342542052268982,0.011493348516523838,0.023484693840146065,0.9155673384666443,0.011370846070349216,0.02069890685379505,0.9412825107574463,0.012947971001267433,0.02134641632437706,0.9428223967552185
Ponera_kohmoku_OKENT0105440_processed.obj,Stage_2_deform_coarse,0.0005114978412166238,0.02230074815452099,0.012558100745081902,0.009742647409439087,0.03825577348470688,0.18113288283348083,0.1776740700006485,0.1789666712284088,0.17640000581741333,0.6298741698265076,0.6223333477973938,0.6376000046730042,0.9070616364479065,0.8762666583061218,0.9401000142097473,0.9840074777603149,0.9698666930198669,0.9985666871070862,0.7523359656333923,0.3252333402633667,1.608273983001709,2.0022366046905518,4.5232648849487305,0.46708858013153076,0.515406608581543,3.725159168243408,0.927541971206665,0.0,0.7342381477355957,0.2962157130241394,0.04904037341475487,0.12188012897968292,0.4134271442890167,0.01805679127573967,0.057931363582611084,0.018079562112689018,0.006977778859436512,0.0076039573177695274,0.014507594518363476,0.9931034445762634,0.008536634035408497,0.01692526787519455,0.9723884463310242,0.010035845451056957,0.018686147406697273,0.9640884399414062,0.007976749911904335,0.013947236351668835,0.9973615407943726,0.008838330395519733,0.016739217564463615,0.9765645265579224,0.008899286389350891,0.017408620566129684,0.9732360243797302
Ponera_tamon_OKENT0105154_processed.obj,Stage_2_deform_coarse,0.00020912481704726815,0.016207175329327583,0.008311396464705467,0.007895778864622116,0.02100113220512867,0.07765189558267593,0.299630343914032,0.3094666600227356,0.2903999984264374,0.7783574461936951,0.7890333533287048,0.7679666876792908,0.9567455649375916,0.9453999996185303,0.9683666825294495,0.9972943663597107,0.9949333667755127,0.999666690826416,0.7688881754875183,0.2819666564464569,1.4503751993179321,1.7453161478042603,3.653169631958008,0.4579320549964905,0.4379842281341553,3.1855735778808594,0.778347909450531,0.0,0.7500774264335632,0.3059001863002777,0.03600155934691429,0.09379839897155762,0.23737448453903198,0.041564296931028366,0.08665816485881805,0.04238142445683479,0.005045775324106216,0.00616266718134284,0.011615126393735409,0.9957854747772217,0.006159431766718626,0.011397049762308598,0.9990796446800232,0.008334092795848846,0.020494677126407623,0.9475138783454895,0.007163950242102146,0.013590875081717968,1.0,0.007596531882882118,0.015092020854353905,0.981715202331543,0.00743548758327961,0.015193496830761433,0.985401451587677
Pseudolasius_sp._CASENT0878065_processed.obj,Stage_2_deform_coarse,0.0011306388769298792,0.03225851431488991,0.020069092512130737,0.012189420871436596,0.07183887809515,0.18745771050453186,0.09654732793569565,0.09520000219345093,0.0979333370923996,0.4200035035610199,0.40496668219566345,0.43619999289512634,0.8073910474777222,0.7383333444595337,0.8906999826431274,0.9497461318969727,0.90583336353302,0.9981333613395691,0.6854808926582336,0.25519999861717224,1.3206394910812378,1.6170740127563477,2.928211212158203,0.38361746072769165,0.45389002561569214,2.459507942199707,0.8363950848579407,0.0,0.7226475477218628,0.2247886061668396,0.06749647855758667,0.17581807076931,0.5667964816093445,0.08626226335763931,0.14568249881267548,0.08792425692081451,-0.01144176721572876,0.009343722835183144,0.017917249351739883,0.9701149463653564,0.009094472043216228,0.01724356599152088,0.9742292165756226,0.010337132960557938,0.017904315143823624,0.980663001537323,0.009373101405799389,0.015290777198970318,0.9920845031738281,0.013124743476510048,0.02806290239095688,0.8763842582702637,0.015523340553045273,0.044146858155727386,0.7785887718200684
Pseudomyrmex_cf.solis_CASENT0744065_processed.obj,Stage_2_deform_coarse,0.00046010862570255995,0.01984288915991783,0.012165232561528683,0.007677657064050436,0.04267697036266327,0.18588289618492126,0.28362593054771423,0.27560001611709595,0.2921333312988281,0.7322815656661987,0.6852333545684814,0.7862666845321655,0.9121164083480835,0.8546000123023987,0.9779333472251892,0.981040894985199,0.9639333486557007,0.9987666606903076,0.7049340605735779,0.2630999982357025,1.5895781517028809,2.1357223987579346,4.418368339538574,0.45688596367836,0.4765368103981018,3.759982109069824,0.8449227809906006,0.0,0.736757755279541,0.2881147563457489,0.0369398333132267,0.09653463959693909,0.3221034109592438,0.011358249001204967,0.028053823858499527,0.011517339386045933,0.0042923446744680405,0.005743742920458317,0.010389445349574089,0.9988505840301514,0.005453804042190313,0.009937341324985027,0.9990796446800232,0.006965716369450092,0.01108530629426241,0.9861878752708435,0.007348794490098953,0.014773298054933548,0.9973615407943726,0.008998174220323563,0.019894815981388092,0.951326310634613,0.007875864394009113,0.015120693482458591,0.9841849207878113
Solenopsis_invicta_CASENT0744384_processed.obj,Stage_2_deform_coarse,0.000932827009819448,0.03262303024530411,0.018705831840634346,0.013917200267314911,0.05640461668372154,0.16647332906723022,0.06916023790836334,0.06849999725818634,0.06983333081007004,0.34948092699050903,0.3423333466053009,0.3569333255290985,0.7757241129875183,0.7317667007446289,0.8253000378608704,0.9647845029830933,0.9359666705131531,0.9954333305358887,0.6277303099632263,0.4152333438396454,1.4711884260177612,2.380220890045166,3.805936098098755,0.3849009573459625,0.5094223618507385,3.534332513809204,0.9171460270881653,0.0,0.6724750399589539,0.23428139090538025,0.0734778568148613,0.18137994408607483,0.46301332116127014,0.07947538048028946,0.2616138458251953,0.07934534549713135,0.015847623348236084,0.01217883825302124,0.028278233483433723,0.8816092014312744,0.01138265896588564,0.023135671392083168,0.9180856347084045,0.011749842204153538,0.023218125104904175,0.9033149480819702,0.012951541692018509,0.021792786195874214,0.873350977897644,0.014114764519035816,0.03509073331952095,0.8480556607246399,0.013165603391826153,0.030693793669342995,0.8345498442649841
Stigmatomma_FHG02_CASENT0745561_processed.obj,Stage_2_deform_coarse,0.0007969628786668181,0.026891877874732018,0.016287686303257942,0.010604191571474075,0.060974519699811935,0.14598780870437622,0.13009506464004517,0.12929999828338623,0.13089999556541443,0.5249561071395874,0.5131666660308838,0.5372999906539917,0.8731203675270081,0.8171666860580444,0.9373000264167786,0.965549647808075,0.9342666864395142,0.9990000128746033,0.7353087067604065,0.34773334860801697,1.4279249906539917,1.695011019706726,3.598914384841919,0.3811914324760437,0.5080097913742065,2.950324535369873,0.8642264008522034,0.0,0.6996943950653076,0.25426769256591797,0.060936689376831055,0.13806605339050293,0.5006329417228699,0.08129677921533585,0.20760858058929443,0.08135189861059189,0.015494711697101593,0.009399158880114555,0.01845669373869896,0.9590038657188416,0.008551893755793571,0.015913279727101326,0.9792913198471069,0.010797071270644665,0.019998833537101746,0.9475138783454895,0.00967013742774725,0.018160967156291008,0.97625333070755,0.010240080766379833,0.020768508315086365,0.9428277015686035,0.009125100448727608,0.02036120370030403,0.9464719891548157
Strumigenys_alberti_CASENT0878103_processed.obj,Stage_2_deform_coarse,0.0006274399347603321,0.026097692549228668,0.014678839594125748,0.011418853886425495,0.045140523463487625,0.17375795543193817,0.1161159798502922,0.11640000343322754,0.1158333346247673,0.49586212635040283,0.49156665802001953,0.5002333521842957,0.8671777844429016,0.8338333368301392,0.9032999873161316,0.9789917469024658,0.9598000049591064,0.9989666938781738,0.7375264763832092,0.1477999985218048,1.5796903371810913,2.0185768604278564,4.216187953948975,0.44173935055732727,0.5065501928329468,4.090353488922119,0.9290078282356262,0.0,0.7162191867828369,0.26732632517814636,0.06832408905029297,0.1587841957807541,0.4047073721885681,0.04130396619439125,0.09544188529253006,0.041522227227687836,0.012301035225391388,0.00902792252600193,0.01698790118098259,0.9739463925361633,0.00986167136579752,0.020721035078167915,0.9443166255950928,0.01188612263649702,0.02342263236641884,0.90055251121521,0.010359207168221474,0.017866510897874832,0.9736148118972778,0.013631291687488556,0.03632522374391556,0.8524336814880371,0.01472619641572237,0.03393520042300224,0.8248175382614136
Strumigenys_canina_OKENT0105288_processed.obj,Stage_2_deform_coarse,0.00031160531216301024,0.020202044397592545,0.010384890250861645,0.009817155078053474,0.026236671954393387,0.09183186292648315,0.1789606362581253,0.1810000091791153,0.17696666717529297,0.6298907995223999,0.6400666832923889,0.620033323764801,0.9288519024848938,0.9179333448410034,0.9400333166122437,0.9955241084098816,0.9925000071525574,0.9985666871070862,0.7838204503059387,0.1943666636943817,1.5810067653656006,2.5254335403442383,3.988424062728882,0.40404877066612244,0.5029881000518799,4.96198034286499,0.9060512185096741,0.0,0.7337853312492371,0.28527015447616577,0.050063394010066986,0.11380358785390854,0.29794052243232727,0.017718268558382988,0.059742271900177,0.018252573907375336,0.01068625133484602,0.00821555033326149,0.015614455565810204,0.9812260866165161,0.007404345087707043,0.013323505409061909,0.9963184595108032,0.010485225357115269,0.02072283811867237,0.9447514414787292,0.009110263548791409,0.017965538427233696,0.9604222178459167,0.009771072305738926,0.019096648320555687,0.959052324295044,0.009639333002269268,0.020015014335513115,0.9489051103591919
Strumigenys_crassicornis_CASENT0744273_processed.obj,Stage_2_deform_coarse,0.0005930896149948239,0.025119896978139877,0.013910381123423576,0.011209515854716301,0.039862535893917084,0.155893936753273,0.12054897844791412,0.12020000070333481,0.120899997651577,0.5088626146316528,0.5074333548545837,0.5102999806404114,0.8850955367088318,0.8619666695594788,0.909500002861023,0.9824241399765015,0.9662333726882935,0.9991666674613953,0.7697310447692871,0.2637999951839447,1.5145364999771118,2.5353219509124756,3.5938260555267334,0.3882521688938141,0.4932939410209656,4.1028032302856445,0.9032495617866516,0.0,0.7156810760498047,0.26762229204177856,0.06292469799518585,0.13135583698749542,0.4505471885204315,0.0366818830370903,0.08552727103233337,0.03827720880508423,0.009642032906413078,0.010110019706189632,0.020104430615901947,0.9478927254676819,0.010107710026204586,0.02027258276939392,0.9484583735466003,0.011467169970273972,0.026008710265159607,0.8839779496192932,0.010058836080133915,0.01781526394188404,0.97625333070755,0.011766216717660427,0.02452666684985161,0.9106361269950867,0.013271267525851727,0.02951168082654476,0.8236009478569031
Strumigenys_sp._appretiata_group_CASENT0744156_processed.obj,Stage_2_deform_coarse,0.00029335610452108085,0.01924601010978222,0.009446138516068459,0.00979987159371376,0.02072180062532425,0.12894228100776672,0.19717560708522797,0.20456667244434357,0.19030000269412994,0.6541903018951416,0.6976000070571899,0.6158666610717773,0.9460397362709045,0.9491666555404663,0.9429333209991455,0.9954930543899536,0.9928666949272156,0.9981333613395691,0.8094005584716797,0.2588333487510681,1.606172800064087,2.0450632572174072,4.151646137237549,0.4690975248813629,0.48141175508499146,3.891601324081421,0.8853666186332703,0.0,0.7636518478393555,0.3163210451602936,0.050248753279447556,0.10312404483556747,0.2742750644683838,0.016299443319439888,0.06834215670824051,0.016338028013706207,-0.003178093582391739,0.007655342109501362,0.01399437990039587,0.998084306716919,0.007583386730402708,0.013394860550761223,0.9990796446800232,0.009183074347674847,0.016045328229665756,0.9530386924743652,0.009827726520597935,0.01997637189924717,0.9498680830001831,0.009324858896434307,0.020454030483961105,0.9482359290122986,0.010264004580676556,0.021991446614265442,0.9318735003471375
Strumigenys_stenorhina_OKENT0105268_processed.obj,Stage_2_deform_coarse,9.631509601604193e-05,0.012043986469507217,0.0058703045360744,0.006173682399094105,0.012245225720107555,0.06793148815631866,0.4307219386100769,0.44386667013168335,0.41833335161209106,0.9100624322891235,0.9220666885375977,0.8983666896820068,0.9917306900024414,0.9933666586875916,0.9901000261306763,0.9999333024024963,1.0,0.9998666644096375,0.8543533682823181,0.2924666702747345,1.3766905069351196,1.9804733991622925,3.1691715717315674,0.5035422444343567,0.38126274943351746,3.493953227996826,0.7301643490791321,0.0,0.7376622557640076,0.32690244913101196,0.02799524925649166,0.0578303262591362,0.11322716623544693,0.01706157624721527,0.046689629554748535,0.017475809901952744,0.0014945529401302338,0.0052389707416296005,0.009379022754728794,0.9996168613433838,0.005552690476179123,0.010335291735827923,1.0,0.005533694289624691,0.009351534768939018,0.9944751858711243,0.0058491528034210205,0.009957212954759598,0.9973615407943726,0.005506810266524553,0.009345506317913532,0.9963945746421814,0.006555079948157072,0.014621165581047535,0.9756690859794617
Syllophopsis_sechellensis_OKENT0105212_processed.obj,Stage_2_deform_coarse,0.0003849362547043711,0.018419286236166954,0.011296838521957397,0.007122447714209557,0.03872952237725258,0.11370130628347397,0.3231382966041565,0.3100333511829376,0.33739998936653137,0.7596320509910583,0.7049333453178406,0.8235333561897278,0.9253699779510498,0.8738333582878113,0.9833666682243347,0.983993411064148,0.9688667058944702,0.9995999932289124,0.7071243524551392,0.21646666526794434,1.7732287645339966,2.8648133277893066,5.1383442878723145,0.5330134034156799,0.4868325889110565,5.316319465637207,0.8630268573760986,0.0,0.7602048516273499,0.27340108156204224,0.03861428424715996,0.10440144687891006,0.37935197353363037,0.06097838655114174,0.1523980051279068,0.06162477284669876,0.0014583170413970947,0.005390760488808155,0.010464239865541458,0.994636058807373,0.004948808811604977,0.009390880353748798,0.9981592297554016,0.008061091415584087,0.01400829665362835,0.9972376227378845,0.00603988254442811,0.009477537125349045,1.0,0.0087271798402071,0.018916454166173935,0.9564769864082336,0.0075603085570037365,0.015321257524192333,0.989051103591919
Temnothorax_congruus_OKENT0105443_processed.obj,Stage_2_deform_coarse,0.00023662370222155005,0.017474975436925888,0.008441124111413956,0.009033852256834507,0.021129895001649857,0.07872253656387329,0.2508656978607178,0.2596000134944916,0.24269999563694,0.7313295602798462,0.7678000330924988,0.6981666684150696,0.9490554332733154,0.9577333331108093,0.9405333399772644,0.9970287084579468,0.9948999881744385,0.9991666674613953,0.7910270690917969,0.2614666819572449,1.8317331075668335,2.822618246078491,5.5384345054626465,0.45528173446655273,0.5305719375610352,5.703024387359619,0.9670682549476624,0.0,0.7708302736282349,0.3236110508441925,0.03442147746682167,0.08131524175405502,0.19099411368370056,0.02603820711374283,0.05096494406461716,0.026572518050670624,0.0025107823312282562,0.006508357357233763,0.011701704002916813,1.0,0.006486476864665747,0.011684151366353035,1.0,0.008830104023218155,0.01615031808614731,0.961326003074646,0.007708833087235689,0.013556587509810925,0.9788918495178223,0.00880013220012188,0.017439058050513268,0.9626577496528625,0.009808290749788284,0.019341012462973595,0.956204354763031
Temnothorax_sp._OKENT0105336_processed.obj,Stage_2_deform_coarse,0.00034191770828329027,0.02186920866370201,0.010524527169764042,0.01134468149393797,0.02586609311401844,0.075332872569561,0.13502320647239685,0.13793332874774933,0.13223333656787872,0.5612281560897827,0.5874666571617126,0.5372333526611328,0.9101266860961914,0.923466682434082,0.8971666693687439,0.9975163340568542,0.9981333613395691,0.9969000220298767,0.7584004998207092,0.42320001125335693,1.710233211517334,2.1959073543548584,4.589969158172607,0.419075608253479,0.5556267499923706,4.453383445739746,0.968588650226593,0.0,0.7464861273765564,0.319896399974823,0.043743714690208435,0.10955622792243958,0.39521875977516174,0.02107916586101055,0.04846486821770668,0.021071072667837143,-0.0007423926144838333,0.008101866580545902,0.014009675942361355,0.9954023361206055,0.009963053278625011,0.020086955279111862,0.9493787288665771,0.009124204516410828,0.017256570979952812,0.9585635662078857,0.009280559606850147,0.016667576506733894,0.9841688871383667,0.010635619051754475,0.02254212275147438,0.928663432598114,0.009669743478298187,0.018136704340577126,0.970802903175354
Tetramorium_kraepelini_CASENT0744084_processed.obj,Stage_2_deform_coarse,0.0003990416298620403,0.022871609777212143,0.011306502856314182,0.01156510692089796,0.02742171101272106,0.10461785644292831,0.13358230888843536,0.13766667246818542,0.12973333895206451,0.5392231345176697,0.5662000179290771,0.5146999955177307,0.9008970856666565,0.9097999930381775,0.8921666741371155,0.9925698637962341,0.9889333248138428,0.996233344078064,0.7765259146690369,0.27283334732055664,1.4418177604675293,1.5120912790298462,3.3704957962036133,0.46097561717033386,0.4468211829662323,2.813499689102173,0.7779576182365417,0.0,0.749021053314209,0.31500279903411865,0.04266280680894852,0.09800981730222702,0.24205240607261658,0.028854114934802055,0.07400091737508774,0.02913866564631462,-0.001272197812795639,0.008795632049441338,0.016018951311707497,0.9835249185562134,0.008356298319995403,0.015322537161409855,0.9953981041908264,0.00944684911519289,0.01577596925199032,0.9861878752708435,0.010482246056199074,0.01836068369448185,0.9551451802253723,0.010796695947647095,0.022263819351792336,0.9309812188148499,0.011732778511941433,0.02716098539531231,0.8953770995140076
Acanthostichus_aff.brevicornis_CASENT0744328_processed.obj,Stage_3_deform_fine,0.00014874147018417716,0.013670247979462147,0.007269204128533602,0.006401043850928545,0.01767764799296856,0.060622937977313995,0.4017762541770935,0.4000999927520752,0.40346667170524597,0.8544133901596069,0.8425333499908447,0.8666333556175232,0.9754576683044434,0.9593333601951599,0.9921333193778992,0.9983305335044861,0.996666669845581,1.0,0.8293662071228027,0.09706667065620422,1.2765827178955078,1.2482081651687622,3.066168785095215,0.33077508211135864,0.4682851731777191,2.0524442195892334,0.8360660672187805,0.0,0.661575198173523,0.18175797164440155,0.03534113988280296,0.08065028488636017,0.3041069805622101,0.03726675361394882,0.10430498421192169,0.03738083690404892,0.0008958987891674042,0.005300769116729498,0.009965491481125355,0.9996168613433838,0.005141972564160824,0.009794226847589016,1.0,0.008503630757331848,0.015664784237742424,0.9972376227378845,0.0060807643458247185,0.010046787559986115,1.0,0.0071238004602491856,0.014448819682002068,0.9876384139060974,0.006185141392052174,0.011002165265381336,0.9975668787956238
Acromyrmex_coronatus_CASENT0744365_processed.obj,Stage_3_deform_fine,0.00021785794524475932,0.016241837292909622,0.008579871617257595,0.00766196520999074,0.022167066112160683,0.1120915487408638,0.2962780296802521,0.299699991941452,0.2929333448410034,0.7800346612930298,0.7835000157356262,0.7766000032424927,0.9597773551940918,0.940833330154419,0.9794999957084656,0.995953381061554,0.9923333525657654,0.9995999932289124,0.8030484318733215,0.2011333405971527,1.6920137405395508,2.8798043727874756,4.4373860359191895,0.29212862253189087,0.6280660033226013,5.500621795654297,1.1313680410385132,0.0,0.6105441451072693,0.13093416392803192,0.05944041162729263,0.13609722256660461,0.33409273624420166,0.07712607830762863,0.2771282196044922,0.07829102873802185,0.016765449196100235,0.006776074878871441,0.01270343642681837,0.9896551966667175,0.00677565298974514,0.012640302069485188,0.9972388744354248,0.007222287822514772,0.011237934231758118,0.991712749004364,0.006674457807093859,0.011863455176353455,1.0,0.007971197366714478,0.015328233130276203,0.9775946736335754,0.007953589782118797,0.015706133097410202,0.9914841651916504
Acromyrmex_lobicornis_CASENT0878007_processed.obj,Stage_3_deform_fine,0.00025956283207051456,0.019126437604427338,0.009556028060615063,0.00957041047513485,0.02095479890704155,0.08416939526796341,0.18187226355075836,0.1852666735649109,0.1785999983549118,0.6428382992744446,0.6598666906356812,0.6266666650772095,0.9465131759643555,0.9447000026702881,0.9483333230018616,0.9977801442146301,0.9959999918937683,0.9995666742324829,0.8275743126869202,0.17640000581741333,1.3925645351409912,1.6112957000732422,3.3944692611694336,0.3028692603111267,0.5306554436683655,2.7692368030548096,0.9292795062065125,0.0,0.6354170441627502,0.15465520322322845,0.06039966642856598,0.12126404047012329,0.5640382170677185,0.05702395737171173,0.1449061930179596,0.05843912065029144,0.014267262071371078,0.008271763101220131,0.014960135333240032,0.9858237504959106,0.008113631047308445,0.015231831930577755,0.9843534231185913,0.007817565463483334,0.014003106392920017,1.0,0.008341914974153042,0.01399842556566,0.9920845031738281,0.00965671706944704,0.017339272424578667,0.978367269039154,0.009070283733308315,0.016663916409015656,0.9841849207878113
Anochetus_risii_CASENT0877608_processed.obj,Stage_3_deform_fine,0.0002599016297608614,0.016322197392582893,0.00944666936993599,0.006875528488308191,0.03215322643518448,0.09739546477794647,0.34389492869377136,0.3402999937534332,0.3475666642189026,0.8057512640953064,0.7748667001724243,0.8392000198364258,0.9448865056037903,0.9034000039100647,0.9903666973114014,0.9925675392150879,0.985633373260498,0.9995999932289124,0.8031936883926392,0.1519000083208084,1.2396891117095947,1.25278902053833,2.8983685970306396,0.3487415313720703,0.4460695683956146,2.0378000736236572,0.8020505905151367,0.0,0.6795808672904968,0.16090241074562073,0.04213104024529457,0.09550176560878754,0.4807025194168091,0.014794576913118362,0.03202814981341362,0.014926373958587646,0.0013007111847400665,0.005487663671374321,0.010223436169326305,0.9977011680603027,0.005416227038949728,0.010152160190045834,0.999539852142334,0.007621749769896269,0.011442480608820915,1.0,0.006065670866519213,0.011195722967386246,1.0,0.006974488031119108,0.012939373962581158,0.9832603931427002,0.00712304562330246,0.01153776329010725,0.9878345131874084
Anochetus_risii_CASENT0877609_processed.obj,Stage_3_deform_fine,0.0003832852526102215,0.021930541843175888,0.011707735247910023,0.01022280566394329,0.0328107625246048,0.14616361260414124,0.15546363592147827,0.1572333425283432,0.15373332798480988,0.5776792168617249,0.5823666453361511,0.5730666518211365,0.9140957593917847,0.8914999961853027,0.9378666877746582,0.9903382658958435,0.9815999865531921,0.9992333650588989,0.7893235683441162,0.17713333666324615,1.2517460584640503,1.3705469369888306,3.1620357036590576,0.23356564342975616,0.5416321158409119,2.411790370941162,0.9906862378120422,0.0,0.6187052726745605,0.1182430312037468,0.07006881386041641,0.16780820488929749,0.36728718876838684,0.05432542413473129,0.08873411267995834,0.054313842207193375,0.00022290274500846863,0.008826062083244324,0.01695425994694233,0.9758620858192444,0.007641451433300972,0.014447195455431938,0.9972388744354248,0.010467568412423134,0.018493380397558212,0.9558011293411255,0.008449554443359375,0.014997131191194057,1.0,0.010042407549917698,0.019760344177484512,0.9520989060401917,0.012165635824203491,0.021540284156799316,0.9391727447509766
Aphaenogaster_pallida_CASENT0745235_processed.obj,Stage_3_deform_fine,0.00043093389831483364,0.019058115780353546,0.01162591390311718,0.007432202808558941,0.040237147361040115,0.15311789512634277,0.2985553443431854,0.2933333218097687,0.3039666712284088,0.7433215379714966,0.7064666748046875,0.7842333316802979,0.9251778721809387,0.8710333704948425,0.9865000247955322,0.9823781847953796,0.9653666615486145,1.0,0.7672486901283264,0.2055666744709015,1.2709252834320068,1.2588415145874023,3.110051155090332,0.30435994267463684,0.4773847460746765,1.8696060180664062,0.8629738092422485,0.0,0.6684542894363403,0.15608738362789154,0.045962996780872345,0.1409512758255005,0.513192892074585,0.015567042864859104,0.03386056050658226,0.015608188696205616,-0.0005361577495932579,0.00605090893805027,0.011776176281273365,0.992337167263031,0.006028294563293457,0.01152446586638689,0.9972388744354248,0.009025543928146362,0.014024919830262661,0.9944751858711243,0.006974352058023214,0.013437083922326565,0.9920845031738281,0.007697191555052996,0.013833878561854362,0.9809426069259644,0.008044525980949402,0.013233911246061325,0.9939172863960266
Atopomyrmex_mocquerysi_CASENT0744784_processed.obj,Stage_3_deform_fine,0.00014422822277992964,0.012982727959752083,0.007033709902316332,0.005949017591774464,0.019615234807133675,0.06958161294460297,0.464540958404541,0.4625000059604645,0.4666000008583069,0.8705134987831116,0.8564000129699707,0.8851000070571899,0.9731718301773071,0.951366662979126,0.9959999918937683,0.997929036617279,0.9958666563034058,1.0,0.8112598657608032,0.2154666632413864,1.5154536962509155,1.6182197332382202,3.967388868331909,0.28722333908081055,0.5907073616981506,2.949542760848999,0.9660156965255737,0.0,0.6148830056190491,0.1389351487159729,0.043671950697898865,0.09892338514328003,0.19172625243663788,0.028502514585852623,0.0808168426156044,0.028897207230329514,0.0024565160274505615,0.005236131139099598,0.010199664160609245,0.9977011680603027,0.005496516358107328,0.01003319676965475,1.0,0.005810179281979799,0.011384561657905579,1.0,0.0046858168207108974,0.00797495897859335,1.0,0.006121648941189051,0.012505634687840939,0.989956259727478,0.006757855881005526,0.011330338194966316,1.0
Carebara_trechideros_CASENT0877591_processed.obj,Stage_3_deform_fine,0.00010268564074067399,0.011946387588977814,0.0060313427820801735,0.0059150452725589275,0.013500107452273369,0.05313463136553764,0.47472211718559265,0.4821000099182129,0.46756666898727417,0.9015118479728699,0.9036000370979309,0.8994333148002625,0.9868517518043518,0.9800000190734863,0.9937999844551086,0.9999333024024963,0.9998666644096375,1.0,0.8328667283058167,0.21899999678134918,1.3294334411621094,1.3579045534133911,3.2001028060913086,0.32859545946121216,0.5006193518638611,2.5172665119171143,0.8853940367698669,0.0,0.558756411075592,0.11631736904382706,0.048486288636922836,0.10743746161460876,0.20011381804943085,0.042075641453266144,0.10263324528932571,0.04275378957390785,0.002004683017730713,0.005171634256839752,0.010117490775883198,0.9977011680603027,0.005915282294154167,0.011638334952294827,0.9917165637016296,0.0062102037481963634,0.011367687955498695,1.0,0.00552224088460207,0.011112675070762634,0.9973615407943726,0.005226413253694773,0.009280870668590069,0.9997425079345703,0.006289513316005468,0.012214217334985733,0.9768856167793274
Centromyrmex_brachycola_CASENT0744052_processed.obj,Stage_3_deform_fine,0.00021577115694526583,0.016244076192378998,0.008463564328849316,0.0077805109322071075,0.020533792674541473,0.09965421259403229,0.2875116169452667,0.29003334045410156,0.28503334522247314,0.7814000248908997,0.7865333557128906,0.7763333320617676,0.9617201685905457,0.9481666684150696,0.9756667017936707,0.9962713718414307,0.9928333163261414,0.9997333288192749,0.8370338082313538,0.19086666405200958,1.2837238311767578,1.1278890371322632,2.9355063438415527,0.30440619587898254,0.4921862483024597,2.0414280891418457,0.8770688772201538,0.0,0.6572785377502441,0.16690541803836823,0.04008270800113678,0.0865502804517746,0.2901443541049957,0.016351453959941864,0.056590497493743896,0.016459692269563675,0.0013071047142148018,0.006501662544906139,0.012002990581095219,0.9934865832328796,0.007119655143469572,0.013703475706279278,0.9880349636077881,0.008614672347903252,0.014451813884079456,0.9696133136749268,0.008641657419502735,0.018762638792395592,0.9577836990356445,0.007029025349766016,0.012881817296147346,0.9956219792366028,0.008029988966882229,0.014431343413889408,0.9951338171958923
Cephalotes_minutus_CASENT0709253_processed.obj,Stage_3_deform_fine,0.00012944810441695154,0.013922279700636864,0.006765356753021479,0.007156923413276672,0.014845134690403938,0.05720005929470062,0.33555489778518677,0.34130001068115234,0.33000001311302185,0.8406016826629639,0.8629666566848755,0.8193666934967041,0.985930323600769,0.987666666507721,0.9842000007629395,0.9998833537101746,1.0,0.9997667074203491,0.8639890551567078,0.12413333356380463,1.4015523195266724,1.4820927381515503,3.4995999336242676,0.30694669485092163,0.5306763648986816,2.6087045669555664,0.9478775262832642,0.0,0.6704148054122925,0.1829022318124771,0.03787427395582199,0.08404423296451569,0.18528161942958832,0.02554616518318653,0.0808330774307251,0.025734949856996536,0.00396358035504818,0.006167458835989237,0.011004455387592316,1.0,0.006172070279717445,0.011099560186266899,0.9976990222930908,0.006251181475818157,0.010573627427220345,1.0,0.006731959525495768,0.012121987529098988,0.9920845031738281,0.006939298938959837,0.012801011092960835,0.9920164942741394,0.00706580700352788,0.011954537592828274,0.9975668787956238
Cephalotes_simillimus_CASENT0744408_processed.obj,Stage_3_deform_fine,0.0003317955997772515,0.02130177617073059,0.010544301010668278,0.010757475160062313,0.023464933037757874,0.09485121816396713,0.15412093698978424,0.15626667439937592,0.15203332901000977,0.5716714262962341,0.5874333381652832,0.5567333102226257,0.9224405288696289,0.928766667842865,0.9161999821662903,0.9962294697761536,0.9942666888237,0.998199999332428,0.8034050464630127,0.2729666829109192,1.3671696186065674,1.442273497581482,3.4470419883728027,0.2989562749862671,0.5447368025779724,2.492121934890747,0.9779163599014282,0.0,0.6372257471084595,0.16493161022663116,0.0454854816198349,0.10103537142276764,0.3273092210292816,0.031083887442946434,0.07749926298856735,0.03117997571825981,0.0077241454273462296,0.0086654769256711,0.015751803293824196,0.986973226070404,0.008542402647435665,0.015156053937971592,0.9884951710700989,0.006961192470043898,0.011543061584234238,1.0,0.007718255277723074,0.012734107673168182,1.0,0.009559973143041134,0.017342759296298027,0.9804275035858154,0.010717443190515041,0.019473087042570114,0.956204354763031
Cephalotes_spinosus_CASENT0744158_processed.obj,Stage_3_deform_fine,0.00020938382658641785,0.016429834067821503,0.008213408291339874,0.008216424845159054,0.019655020907521248,0.08298876881599426,0.29303401708602905,0.29980000853538513,0.28656667470932007,0.7594632506370544,0.7868333458900452,0.7339333295822144,0.9575234055519104,0.9511333703994751,0.9639999866485596,0.9985314011573792,0.9971333742141724,0.9999333620071411,0.8356291651725769,0.14990000426769257,1.510195255279541,1.7782998085021973,3.8657121658325195,0.33162248134613037,0.546098530292511,3.1351733207702637,0.9310898780822754,0.0,0.6460763812065125,0.16203609108924866,0.03990828990936279,0.08848337084054947,0.20174995064735413,0.025330090895295143,0.062467657029628754,0.02542891725897789,-0.001036766916513443,0.0063001736998558044,0.011289435438811779,1.0,0.0070239282213151455,0.012871069833636284,0.9917165637016296,0.006082025356590748,0.010394349694252014,1.0,0.00838620588183403,0.021705541759729385,0.9393140077590942,0.007065881509333849,0.013016605749726295,0.9956219792366028,0.008558553643524647,0.013875551521778107,0.9987834692001343
Crematogaster_nawai_OKENT0105046_processed.obj,Stage_3_deform_fine,0.00035486315027810633,0.02008569985628128,0.010612593963742256,0.009473105892539024,0.027764709666371346,0.1270134449005127,0.1919255256652832,0.19619999825954437,0.18783333897590637,0.6592909097671509,0.6702333688735962,0.6486999988555908,0.9322328567504883,0.9172000288963318,0.9477666616439819,0.9905993938446045,0.9825000166893005,0.9988333582878113,0.7740973234176636,0.36516666412353516,1.4627573490142822,2.377723217010498,3.7715983390808105,0.30322545766830444,0.5476731657981873,3.415250062942505,0.962898850440979,0.0,0.6498921513557434,0.15701906383037567,0.05442553386092186,0.11744322627782822,0.27454644441604614,0.061489287763834,0.16776928305625916,0.06248579919338226,0.009974297136068344,0.007243285421282053,0.01284279115498066,0.9984674453735352,0.007745212875306606,0.014032530598342419,0.9930971264839172,0.009868640452623367,0.015393502078950405,0.9972376227378845,0.007976655848324299,0.01681992970407009,0.9736148118972778,0.00782687682658434,0.014260547235608101,0.9863507747650146,0.007945897988975048,0.014877782203257084,0.9695863723754883
Cryptopone_sauteri_CASENT0743771_processed.obj,Stage_3_deform_fine,0.00022003063349984586,0.017444390803575516,0.008783763274550438,0.008660626597702503,0.019175587221980095,0.08172057569026947,0.2302699089050293,0.23293334245681763,0.2276666760444641,0.7130120396614075,0.7276333570480347,0.6989666819572449,0.9600427150726318,0.9552666544914246,0.9648666977882385,0.9980977773666382,0.9966333508491516,0.9995666742324829,0.8342785835266113,0.280266672372818,1.211812973022461,1.1484161615371704,2.817523241043091,0.28724727034568787,0.4988495409488678,1.849304437637329,0.9024419188499451,0.0,0.6433634757995605,0.17875446379184723,0.046722617000341415,0.09685184806585312,0.26881736516952515,0.043300729244947433,0.11290138214826584,0.04370146989822388,0.004978150129318237,0.006918332073837519,0.012623731978237629,0.9992337226867676,0.008176873438060284,0.0149754723533988,0.9848136305809021,0.009130575694143772,0.01537923701107502,0.9834254384040833,0.008858679793775082,0.016225803643465042,0.9736148118972778,0.007589720189571381,0.013281736522912979,0.9987123608589172,0.007389737758785486,0.012513394467532635,0.9987834692001343
Cyphoidris_afrc-tz01_CASENT0744810_processed.obj,Stage_3_deform_fine,0.0006575686857104301,0.029602346941828728,0.015471120364964008,0.01413122657686472,0.03987741097807884,0.1299034208059311,0.07396484911441803,0.07433333247900009,0.07360000163316727,0.34796181321144104,0.3492666780948639,0.3466666638851166,0.8116996884346008,0.8080000281333923,0.8154333233833313,0.9842643141746521,0.9715333580970764,0.9973333477973938,0.7718116044998169,0.18876667320728302,1.3570927381515503,1.5609931945800781,3.5168824195861816,0.25878122448921204,0.5757267475128174,2.916149616241455,1.0379124879837036,0.0,0.6128579378128052,0.1586771011352539,0.07414054125547409,0.15038837492465973,0.47866228222846985,0.05446714907884598,0.1344454288482666,0.05528034269809723,0.01436249166727066,0.01186412200331688,0.022725431248545647,0.9160919785499573,0.011672521941363811,0.02178160846233368,0.9194661974906921,0.018248161301016808,0.026265259832143784,0.5635359287261963,0.013106584548950195,0.028068995103240013,0.8311346173286438,0.014864237979054451,0.03106161579489708,0.81766676902771,0.01820538006722927,0.03930315375328064,0.672749400138855
Cyphomyrmex_cf.minutus_CASENT0744280_processed.obj,Stage_3_deform_fine,0.0012357060331851244,0.03809012472629547,0.02109438180923462,0.016995744779706,0.05978291481733322,0.1872878223657608,0.040731996297836304,0.040966667234897614,0.04050000011920929,0.23000967502593994,0.2323666661977768,0.22770000994205475,0.6884669661521912,0.6796333193778992,0.697533369064331,0.9625052809715271,0.9323000311851501,0.9947333335876465,0.6951680779457092,0.3562999963760376,1.346564531326294,1.6800123453140259,3.413586139678955,0.2582018971443176,0.5779926180839539,3.1439340114593506,1.067662239074707,0.0,0.5910261869430542,0.11787626892328262,0.08975468575954437,0.21494896709918976,0.7063083052635193,0.03574775531888008,0.1353883296251297,0.036316946148872375,0.009659813717007637,0.014154402539134026,0.027049610391259193,0.8298850655555725,0.013050597161054611,0.0235579963773489,0.8771284222602844,0.016467534005641937,0.02896774187684059,0.7071823477745056,0.013269749470055103,0.023624669760465622,0.8944591283798218,0.015328915789723396,0.03130507469177246,0.8063353300094604,0.021594295278191566,0.0554918497800827,0.6472019553184509
Dilobocondyla_fouqueti_CASENT0745576_processed.obj,Stage_3_deform_fine,0.0002000232198042795,0.016453906893730164,0.00826659332960844,0.008187314495444298,0.01799916848540306,0.09061980247497559,0.260913223028183,0.26186665892601013,0.2599666714668274,0.7578376531600952,0.7766667008399963,0.7398999929428101,0.9639252424240112,0.9590666890144348,0.968833327293396,0.9980796575546265,0.9961667060852051,1.0,0.8360486626625061,0.1889333426952362,1.5111777782440186,2.045149326324463,3.8779757022857666,0.3388330042362213,0.5403225421905518,3.3377926349639893,0.9337448477745056,0.0,0.6696722507476807,0.17162513732910156,0.046217985451221466,0.10418373346328735,0.3563953936100006,0.02872687205672264,0.05245175212621689,0.02890734374523163,0.002890307456254959,0.0066163791343569756,0.011870463378727436,0.9988505840301514,0.006964712869375944,0.012868880294263363,0.993557333946228,0.007781049236655235,0.013779697939753532,1.0,0.00793693121522665,0.015672320500016212,0.9656992554664612,0.007877674885094166,0.01388794369995594,0.9930466413497925,0.008260239847004414,0.014416567049920559,0.9866179823875427
Dorylus_fulvus_CASENT0745678_processed.obj,Stage_3_deform_fine,0.00014426728012040257,0.01398419588804245,0.006936079356819391,0.007048116065561771,0.015428943559527397,0.060270458459854126,0.37358754873275757,0.37966665625572205,0.3677000105381012,0.8386849761009216,0.857366681098938,0.8208000063896179,0.9782772064208984,0.9758333563804626,0.980733335018158,0.9992828965187073,0.9986000061035156,0.9999666810035706,0.8413943648338318,0.2846333384513855,1.4282736778259277,1.4003804922103882,3.6846530437469482,0.37028104066848755,0.5078973174095154,2.736813545227051,0.8566393852233887,0.0,0.6868468523025513,0.18956677615642548,0.03942670300602913,0.08172591030597687,0.1819615513086319,0.032460421323776245,0.07619805634021759,0.032772112637758255,0.0033560860902071,0.005517225246876478,0.010230819694697857,0.9996168613433838,0.005517272744327784,0.010335980914533138,1.0,0.007555466610938311,0.014324645511806011,0.980663001537323,0.006434772629290819,0.011406602337956429,1.0,0.00700081791728735,0.013423517346382141,0.9956219792366028,0.006377059500664473,0.01032672543078661,0.9951338171958923
Eciton_hamatum_CASENT0744580_processed.obj,Stage_3_deform_fine,0.0001983162946999073,0.014901997521519661,0.008566729724407196,0.006335267797112465,0.025577569380402565,0.07974273711442947,0.40112632513046265,0.39640000462532043,0.4059666693210602,0.8200441598892212,0.7748000025749207,0.87090003490448,0.954154372215271,0.9172666668891907,0.9941333532333374,0.9964541792869568,0.9929333329200745,1.0,0.7114375233650208,0.21903333067893982,1.6030476093292236,1.9062755107879639,4.343433856964111,0.3065602481365204,0.5988754630088806,3.476459503173828,0.955629289150238,0.0,0.5999835729598999,0.15334826707839966,0.04425997659564018,0.09004167467355728,0.30165672302246094,0.013842064887285233,0.043843019753694534,0.013618347235023975,0.002144254744052887,0.005469620693475008,0.010250530205667019,0.9992337226867676,0.006853487342596054,0.014123640954494476,0.9871146082878113,0.006634973455220461,0.012635787017643452,1.0,0.005225690547376871,0.01039084605872631,1.0,0.0062659308314323425,0.012801500968635082,0.9835179448127747,0.0057900333777070045,0.010190165601670742,0.9987834692001343
Ectatomma_brunneum_CASENT0744575_processed.obj,Stage_3_deform_fine,0.0004266828182153404,0.022770728915929794,0.012104530818760395,0.010666199028491974,0.030524708330631256,0.2438967376947403,0.126332625746727,0.12663333117961884,0.12603333592414856,0.5334153175354004,0.5386999845504761,0.5282333493232727,0.9183213114738464,0.9025999903678894,0.9345999956130981,0.9911423921585083,0.9826333522796631,0.9998000264167786,0.7900832295417786,0.21756666898727417,1.3450031280517578,1.7289469242095947,3.4115521907806396,0.2821955978870392,0.5530152916908264,3.5916473865509033,0.9907896518707275,0.0,0.6634148955345154,0.14843221008777618,0.07293262332677841,0.1570190191268921,0.34811002016067505,0.028736166656017303,0.07856326550245285,0.02885899320244789,0.00735943578183651,0.008501975797116756,0.01554398238658905,0.99042147397995,0.009001854807138443,0.017564961686730385,0.9746893644332886,0.01148943416774273,0.029018159955739975,0.9226519465446472,0.010330908931791782,0.019471710547804832,0.9577836990356445,0.010745005682110786,0.018607914447784424,0.972959041595459,0.011266009882092476,0.019590945914387703,0.9513381719589233
Eurhopalothrix_procera_CASENT0745605_processed.obj,Stage_3_deform_fine,0.0005431809113360941,0.024847861379384995,0.01401426363736391,0.010833597742021084,0.043493375182151794,0.14471539855003357,0.1392139494419098,0.13860000669956207,0.13983333110809326,0.5213433504104614,0.5152333378791809,0.5275999903678894,0.876868724822998,0.8343666791915894,0.9239333271980286,0.9811192750930786,0.9643333554267883,0.9984999895095825,0.7319830656051636,0.30000001192092896,1.3948893547058105,1.7237051725387573,3.649649143218994,0.26563575863838196,0.5820155143737793,2.550482988357544,1.0475428104400635,0.0,0.6077522039413452,0.1427997201681137,0.06958209723234177,0.15563273429870605,0.517903745174408,0.07084150612354279,0.1410747915506363,0.07363057881593704,-0.003691762685775757,0.009089256636798382,0.016517415642738342,0.9793103933334351,0.008443538099527359,0.015400324948132038,0.9917165637016296,0.008888513781130314,0.015986109152436256,0.9972376227378845,0.008726154454052448,0.015184515155851841,0.9920845031738281,0.010393508709967136,0.021823110058903694,0.940252423286438,0.01464375015348196,0.03646791726350784,0.7858880758285522
Heteroponera_panamensis_CASENT0744055_processed.obj,Stage_3_deform_fine,0.0004948063287883997,0.02586345188319683,0.012898179702460766,0.012965272180736065,0.02867339365184307,0.10268113762140274,0.0943886786699295,0.09543333202600479,0.09336666762828827,0.424096941947937,0.44163334369659424,0.40790000557899475,0.8723477721214294,0.8902333378791809,0.8551666736602783,0.9896659851074219,0.9826333522796631,0.9968000054359436,0.8366115689277649,0.2915000021457672,1.409079670906067,1.803287386894226,3.789827823638916,0.2587857246398926,0.5815235376358032,3.741863965988159,1.0433354377746582,0.0,0.6139464378356934,0.14729906618595123,0.07400758564472198,0.16668245196342468,0.43847543001174927,0.03475570306181908,0.09809846431016922,0.03474588319659233,0.005027612671256065,0.01004637498408556,0.01816517300903797,0.9701149463653564,0.011433335952460766,0.020346781238913536,0.9452370405197144,0.010403229855000973,0.0175275020301342,0.9889503121376038,0.010532970540225506,0.019488070160150528,0.9525066614151001,0.012509922496974468,0.024692924693226814,0.8928663730621338,0.014675410464406013,0.023579882457852364,0.8807786107063293
Labidus_praedator_CASENT0744236_processed.obj,Stage_3_deform_fine,0.0009395296801812947,0.026728525757789612,0.018607959151268005,0.008120566606521606,0.0677483007311821,0.15640178322792053,0.23066912591457367,0.21396666765213013,0.2502000033855438,0.6149457097053528,0.5235333442687988,0.745033323764801,0.8319116234779358,0.723466694355011,0.978600025177002,0.9541602730751038,0.9128666520118713,0.9993667006492615,0.5973047018051147,0.3880000114440918,1.3100675344467163,1.7267227172851562,3.352126121520996,0.2797005772590637,0.5550588965415955,2.397902727127075,0.9408279657363892,0.0,0.5228685736656189,0.10538773983716965,0.05257314816117287,0.1183134987950325,0.7087287306785583,0.02594791352748871,0.06921280920505524,0.026057584211230278,0.003220636397600174,0.006659653503447771,0.01608976721763611,0.9685823917388916,0.007342438213527203,0.01894548535346985,0.9521399140357971,0.006238676607608795,0.011330176144838333,1.0,0.005642888601869345,0.009547453373670578,1.0,0.007472656201571226,0.013512506149709225,0.9933041930198669,0.006856750231236219,0.01305372640490532,0.9939172863960266
Labidus_praedator_CASENT0744237_processed.obj,Stage_3_deform_fine,0.000310802977764979,0.01696743816137314,0.0090922387316823,0.007875198498368263,0.021351560950279236,0.2159184068441391,0.27411460876464844,0.27639999985694885,0.27186667919158936,0.7792725563049316,0.7893666625022888,0.769433319568634,0.9604477286338806,0.9451333284378052,0.9762666821479797,0.9931703805923462,0.9864333271980286,1.0,0.8340665698051453,0.1576666682958603,1.3630789518356323,1.5474542379379272,3.3808653354644775,0.35647448897361755,0.494915246963501,2.7901298999786377,0.8928556442260742,0.0,0.6586833596229553,0.15813425183296204,0.05029144138097763,0.10141663253307343,0.28585267066955566,0.024341750890016556,0.059937793761491776,0.02464122511446476,-0.0008059199899435043,0.006333973258733749,0.011679883114993572,0.9954023361206055,0.006808489561080933,0.012543096207082272,0.9930971264839172,0.008987235836684704,0.015986831858754158,0.9834254384040833,0.0072836726903915405,0.0125905005261302,1.0,0.007239234633743763,0.013222337700426579,0.9984548091888428,0.008243456482887268,0.014052842743694782,0.970802903175354
Lasius_nr._fuliginosus_CASENT0878037_processed.obj,Stage_3_deform_fine,0.0001444344234187156,0.013809595257043839,0.006978948134928942,0.0068306466564536095,0.01553434506058693,0.08906401693820953,0.38393929600715637,0.39276668429374695,0.37549999356269836,0.8426729440689087,0.8567333221435547,0.8290666937828064,0.9786998629570007,0.9689000248908997,0.9887000322341919,0.9992164373397827,0.9987333416938782,0.9997000098228455,0.8356389403343201,0.08996666967868805,1.1954729557037354,0.9689556360244751,2.5565388202667236,0.3638055920600891,0.401231586933136,1.705523133277893,0.7218793034553528,0.0,0.70602947473526,0.1998022198677063,0.02922784723341465,0.07821548730134964,0.17263300716876984,0.03888937085866928,0.1269555538892746,0.03892885521054268,0.0015718713402748108,0.005979320500046015,0.011455590836703777,0.9934865832328796,0.00510176457464695,0.009669903665781021,1.0,0.00897530559450388,0.012623644433915615,1.0,0.00590833555907011,0.009912521578371525,1.0,0.0068067084066569805,0.012571418657898903,0.9989699125289917,0.007187406066805124,0.011983116157352924,0.985401451587677
Lioponera_daikoku_OKENT0105067_processed.obj,Stage_3_deform_fine,0.0008540524868294597,0.029403865337371826,0.017278475686907768,0.012125388719141483,0.061583634465932846,0.20286455750465393,0.10264978557825089,0.10249999910593033,0.10280000418424606,0.43381157517433167,0.4297666847705841,0.4379333257675171,0.8405524492263794,0.7972999811172485,0.8887667059898376,0.9624732732772827,0.9291000366210938,0.9983333349227905,0.7402596473693848,0.3587999939918518,1.260529637336731,1.3971132040023804,3.2382569313049316,0.24782639741897583,0.5490254163742065,2.4792401790618896,0.9776100516319275,0.0,0.5743573307991028,0.12476269155740738,0.07304548472166061,0.19680912792682648,0.5079119205474854,0.04736265167593956,0.14025351405143738,0.04740365594625473,-0.008918531239032745,0.009931989945471287,0.018559429794549942,0.9639846682548523,0.00998247042298317,0.01866036094725132,0.9719282388687134,0.010255089960992336,0.018136903643608093,0.9779005646705627,0.010728913359344006,0.019639113917946815,0.9551451802253723,0.012301800772547722,0.027027737349271774,0.9013649225234985,0.011212681420147419,0.025171024724841118,0.9221411347389221
Mayriella_sp._CASENT0745610_processed.obj,Stage_3_deform_fine,0.0003977982560172677,0.023516681045293808,0.011619358323514462,0.011897322721779346,0.02473273128271103,0.11358009278774261,0.11290569603443146,0.11470000445842743,0.11116667091846466,0.4830421507358551,0.5065333247184753,0.4616333246231079,0.9031850695610046,0.9173333644866943,0.8894667029380798,0.9947668313980103,0.9907333254814148,0.9988333582878113,0.8027846217155457,0.24393333494663239,1.3946506977081299,1.4686553478240967,3.442864418029785,0.27856138348579407,0.5619957447052002,2.7259907722473145,1.0219578742980957,0.0,0.6535252332687378,0.17078743875026703,0.06430767476558685,0.15593162178993225,0.27534177899360657,0.032621219754219055,0.0896492525935173,0.032774485647678375,0.0021125487983226776,0.00983328465372324,0.01761402189731598,0.9777777791023254,0.009078818373382092,0.016688963398337364,0.9843534231185913,0.010591050609946251,0.01671099290251732,0.9834254384040833,0.010276926681399345,0.018111202865839005,0.9815303683280945,0.010747471824288368,0.019333943724632263,0.9587947726249695,0.009386912919580936,0.017699845135211945,0.974452555179596
Mesoponera_ambigua_CASENT0745584_processed.obj,Stage_3_deform_fine,0.00029339082539081573,0.019831420853734016,0.010096263140439987,0.00973515771329403,0.020556237548589706,0.11046486347913742,0.16381435096263885,0.16626666486263275,0.16143333911895752,0.6158406734466553,0.6278666853904724,0.6042667031288147,0.9500232338905334,0.9469333291053772,0.9531333446502686,0.9949976801872253,0.9906666874885559,0.9993667006492615,0.8564134240150452,0.12736666202545166,1.3773514032363892,1.7802032232284546,3.3135125637054443,0.3124200403690338,0.527097225189209,3.3183095455169678,0.9426501989364624,0.0,0.6368990540504456,0.14904479682445526,0.06678595393896103,0.13896724581718445,0.3647131323814392,0.05152888968586922,0.09515244513750076,0.05161182954907417,0.0010480061173439026,0.00834233034402132,0.01525797788053751,0.9908046126365662,0.008847951889038086,0.016896521672606468,0.9691670536994934,0.013936241157352924,0.022051753476262093,0.8895028233528137,0.008895575068891048,0.014945394359529018,0.9973615407943726,0.00930358562618494,0.017179053276777267,0.9739891886711121,0.010370722971856594,0.0213604923337698,0.9379562139511108
Myrmecina_ryukyuensis_OKENT0105085_processed.obj,Stage_3_deform_fine,0.0002788658894132823,0.016681112349033356,0.00889532919973135,0.00778578408062458,0.02109905518591404,0.19065715372562408,0.2817847430706024,0.2855333387851715,0.2781333327293396,0.7835153341293335,0.7845333218574524,0.7825000286102295,0.9626563191413879,0.9461333155632019,0.9797666668891907,0.9929335713386536,0.9872333407402039,0.9987000226974487,0.8255206942558289,0.18923333287239075,1.2983002662658691,1.518786907196045,3.1376147270202637,0.29469847679138184,0.5019819736480713,2.2442564964294434,0.8797763586044312,0.0,0.6627596020698547,0.1445288509130478,0.05164453759789467,0.12478955835103989,0.5544348359107971,0.02489505708217621,0.06403888761997223,0.024951282888650894,0.002973988652229309,0.006494311615824699,0.011626021936535835,1.0,0.006448096130043268,0.011944658122956753,0.999539852142334,0.006828165613114834,0.011820072308182716,0.9889503121376038,0.00762505317106843,0.015294793993234634,0.9788918495178223,0.0075466022826731205,0.013737061060965061,0.9786248207092285,0.008676208555698395,0.01626591384410858,0.9720194339752197
Myrmecina_sp._CASENT0745613_processed.obj,Stage_3_deform_fine,0.0002682605991140008,0.018483031541109085,0.009525665082037449,0.00895736739039421,0.020008869469165802,0.13627929985523224,0.2009526491165161,0.20346666872501373,0.19850000739097595,0.679589569568634,0.687666654586792,0.6717000007629395,0.9580298066139221,0.9499000310897827,0.9663000106811523,0.9956501126289368,0.9916000366210938,0.9997333288192749,0.8540701866149902,0.1325666755437851,1.34231698513031,1.4942471981048584,3.3461077213287354,0.2788127660751343,0.5426320433616638,2.3975014686584473,0.9713084697723389,0.0,0.678629457950592,0.16306087374687195,0.058059852570295334,0.12466876953840256,0.4613206386566162,0.025636883452534676,0.07868161052465439,0.02567031793296337,0.004306487739086151,0.00746640469878912,0.013666905462741852,0.9992337226867676,0.007485921494662762,0.01407255046069622,0.9981592297554016,0.011630402877926826,0.019525589421391487,0.961326003074646,0.008252997882664204,0.014682848937809467,0.9841688871383667,0.00970093347132206,0.018214598298072815,0.9631727933883667,0.008978004567325115,0.01624259352684021,0.9841849207878113
Nesomyrmex_angulatus_CASENT0744820_processed.obj,Stage_3_deform_fine,0.000565776543226093,0.026179276406764984,0.014263258315622807,0.011916018091142178,0.040524452924728394,0.15904897451400757,0.10532446205615997,0.1063000038266182,0.10436666756868362,0.4629629850387573,0.46166667342185974,0.46426665782928467,0.8659342527389526,0.8377333283424377,0.8960999846458435,0.9825899600982666,0.9673666954040527,0.9983000159263611,0.7420545816421509,0.36303332448005676,1.3747297525405884,1.5449026823043823,3.5787155628204346,0.26879021525382996,0.572184681892395,2.668935537338257,1.034224271774292,0.0,0.5900406241416931,0.13598136603832245,0.07184140384197235,0.15859171748161316,0.4188400208950043,0.07367230951786041,0.13156314194202423,0.07396210730075836,0.012927375733852386,0.008929174393415451,0.016477106139063835,0.9831417798995972,0.010546308010816574,0.020038802176713943,0.9489185810089111,0.01059482991695404,0.022953003644943237,0.9337016940116882,0.009751235134899616,0.017338359728455544,0.9683377742767334,0.010755237191915512,0.019616903737187386,0.9541592001914978,0.01183053757995367,0.023218736052513123,0.9038929343223572
Odontomachus_troglodytes_CASENT0744970_processed.obj,Stage_3_deform_fine,0.00027572084218263626,0.01700907200574875,0.010016161017119884,0.006992910988628864,0.0326828807592392,0.11038441210985184,0.32777902483940125,0.3188999891281128,0.3371666669845581,0.776395857334137,0.7323333621025085,0.8260999917984009,0.9355705380439758,0.8864666819572449,0.9904333353042603,0.9938963651657104,0.9878666996955872,1.0,0.704254150390625,0.29026666283607483,1.3922432661056519,1.611040711402893,3.7098259925842285,0.2833350598812103,0.5289092063903809,2.6568603515625,0.9061262607574463,0.0,0.5911741256713867,0.12987489998340607,0.044821977615356445,0.11281173676252365,0.26288026571273804,0.05826585739850998,0.2243998497724533,0.05915391072630882,0.0041318535804748535,0.006264982745051384,0.011898358352482319,0.9908046126365662,0.0052443998865783215,0.009301802143454552,0.9986194372177124,0.007220447063446045,0.011035120114684105,1.0,0.005976693704724312,0.011107655242085457,1.0,0.007030246779322624,0.01374561246484518,0.9840329885482788,0.007061278447508812,0.013984746299684048,0.9829683899879456
Oxyopomyrmex_saulcyi_CASENT0745218_processed.obj,Stage_3_deform_fine,0.0004364829510450363,0.023455634713172913,0.011857950128614902,0.011597685515880585,0.02773345448076725,0.14031103253364563,0.11694765090942383,0.12020000070333481,0.1138666644692421,0.5265040397644043,0.5431666970252991,0.5108333230018616,0.9018833637237549,0.9019333720207214,0.9018333554267883,0.9902483820915222,0.9844000339508057,0.9961667060852051,0.7644510269165039,0.4167333245277405,1.2921570539474487,1.4177075624465942,3.2628848552703857,0.27287569642066956,0.5594041347503662,2.3966097831726074,1.0323935747146606,0.0,0.6065786480903625,0.14566302299499512,0.05721007287502289,0.1278686225414276,0.41802215576171875,0.025697020813822746,0.07114070653915405,0.027237970381975174,0.00720595195889473,0.008273718878626823,0.014540061354637146,0.9927203059196472,0.009822448715567589,0.01891273818910122,0.9627243876457214,0.00897954497486353,0.015789154917001724,0.991712749004364,0.009258964098989964,0.016405904665589333,0.9894459247589111,0.009253314696252346,0.015905208885669708,0.9791398644447327,0.008417698554694653,0.014977093786001205,0.9902676343917847
Polyrhachis_decemdentata_CASENT0744779_processed.obj,Stage_3_deform_fine,0.000292589160380885,0.018749983981251717,0.009676313027739525,0.009073670953512192,0.021791506558656693,0.12053735554218292,0.21509860455989838,0.2178666740655899,0.21240000426769257,0.6847684979438782,0.6960999965667725,0.673799991607666,0.9493309855461121,0.9423333406448364,0.9564333558082581,0.9932794570922852,0.9872333407402039,0.9994000196456909,0.84323650598526,0.20143333077430725,1.3042559623718262,1.4400627613067627,3.112062692642212,0.31079980731010437,0.5219290852546692,2.5265440940856934,0.9518700838088989,0.0,0.6504675149917603,0.18173226714134216,0.04928648844361305,0.10412006825208664,0.29852113127708435,0.035795893520116806,0.07521296292543411,0.03652811050415039,-0.0035609565675258636,0.0075114211067557335,0.014076700434088707,0.9881226420402527,0.007616241462528706,0.01373962126672268,0.996778666973114,0.009952867403626442,0.01624608039855957,1.0,0.007982403039932251,0.013833514414727688,1.0,0.008183401077985764,0.014307458885014057,0.9902137517929077,0.009520816616714,0.01637270487844944,0.9829683899879456
Polyrhachis_dives_CASENT0878093_processed.obj,Stage_3_deform_fine,0.0005532149225473404,0.024179574102163315,0.013585567474365234,0.010594007559120655,0.04099142551422119,0.1749950647354126,0.13841447234153748,0.1389666646718979,0.13786666095256805,0.5408887267112732,0.538433313369751,0.5433666706085205,0.8954468369483948,0.8617666959762573,0.9318667054176331,0.9820017218589783,0.9661333560943604,0.9984000325202942,0.798681378364563,0.16120000183582306,1.3453996181488037,1.8325599431991577,3.248588800430298,0.30302897095680237,0.5185756087303162,3.045720100402832,0.9061164259910583,0.0,0.6499650478363037,0.15030920505523682,0.07308310270309448,0.14589498937129974,0.48848381638526917,0.026853714138269424,0.10316412150859833,0.027206381782889366,0.005177857354283333,0.008797893300652504,0.016179027035832405,0.9842911958694458,0.008961240760982037,0.016385842114686966,0.9797515273094177,0.015920953825116158,0.021830707788467407,0.8149171471595764,0.008989760652184486,0.0156415868550539,0.9894459247589111,0.010438487865030766,0.018855581060051918,0.9662632346153259,0.012508898042142391,0.023339834064245224,0.9221411347389221
Ponera_kohmoku_OKENT0105440_processed.obj,Stage_3_deform_fine,0.0004513315507210791,0.020974017679691315,0.011977329850196838,0.008996688760817051,0.037163667380809784,0.18261682987213135,0.19842137396335602,0.20083333551883698,0.19606666266918182,0.6725093126296997,0.6580666899681091,0.6876000165939331,0.9186750054359436,0.8812666535377502,0.9593999981880188,0.9851686954498291,0.9714000225067139,0.9993333220481873,0.7661672830581665,0.3243333399295807,1.3881454467773438,1.5134987831115723,3.6325621604919434,0.31589484214782715,0.5555945634841919,2.5126702785491943,0.9723073244094849,0.0,0.6372946500778198,0.17244219779968262,0.053674131631851196,0.13604958355426788,0.4300152063369751,0.018630251288414,0.06208673492074013,0.01870371773838997,0.007551238872110844,0.006956526078283787,0.012600140646100044,0.9977011680603027,0.00783102959394455,0.014683051034808159,0.9829728603363037,0.01026067789644003,0.015959778800606728,0.9834254384040833,0.007353064604103565,0.012349340133368969,1.0,0.007955385372042656,0.01414790190756321,0.9907288551330566,0.007697140332311392,0.013759557157754898,0.9963503479957581
Ponera_tamon_OKENT0105154_processed.obj,Stage_3_deform_fine,0.00018030963838100433,0.014934876933693886,0.007768716663122177,0.007166160270571709,0.019774701446294785,0.07775629311800003,0.3493250906467438,0.3564999997615814,0.3424333333969116,0.8220035433769226,0.8253000378608704,0.8187333345413208,0.9663977026939392,0.951033353805542,0.9822666645050049,0.9976624846458435,0.9956333637237549,0.9997000098228455,0.7912852168083191,0.27410000562667847,1.342140555381775,1.575164556503296,3.257521629333496,0.27886536717414856,0.5089424252510071,2.433128595352173,0.9148929715156555,0.0,0.6356761455535889,0.1533345729112625,0.04008886590600014,0.10457004606723785,0.2952157258987427,0.04168551787734032,0.086206816136837,0.04255618900060654,0.005166996270418167,0.005844557657837868,0.01077780406922102,0.9977011680603027,0.005740850232541561,0.010706848464906216,1.0,0.006844354793429375,0.012124204076826572,0.9861878752708435,0.006421400234103203,0.01156091969460249,1.0,0.006468794774264097,0.01249474473297596,0.9896987080574036,0.006695213727653027,0.013740548864006996,0.9878345131874084
Pseudolasius_sp._CASENT0878065_processed.obj,Stage_3_deform_fine,0.0010951485019177198,0.03162145987153053,0.02007155492901802,0.011549904942512512,0.07086370140314102,0.18351610004901886,0.10248207300901413,0.10063333809375763,0.10440000146627426,0.4379497468471527,0.4139000177383423,0.46496668457984924,0.8116267919540405,0.7315000295639038,0.911466658115387,0.9502941966056824,0.9057333469390869,0.9994666576385498,0.6947783827781677,0.2810666561126709,1.224128007888794,1.3105700016021729,2.7450366020202637,0.25041791796684265,0.5383356213569641,1.8264192342758179,0.9964656233787537,0.0,0.60496586561203,0.11721323430538177,0.07501396536827087,0.19110597670078278,0.6791113615036011,0.08763202279806137,0.15595954656600952,0.08932750672101974,-0.010072007775306702,0.008982466533780098,0.01680326648056507,0.9796935319900513,0.008663065731525421,0.01594505086541176,0.9838932752609253,0.010457995347678661,0.016635293141007423,0.9834254384040833,0.008342720568180084,0.01344398595392704,1.0,0.011900111101567745,0.02356830984354019,0.9165593981742859,0.012534581124782562,0.0263146311044693,0.9063260555267334
Pseudomyrmex_cf.solis_CASENT0744065_processed.obj,Stage_3_deform_fine,0.00038932784809730947,0.01852438412606716,0.01146433874964714,0.007060045842081308,0.04079938679933548,0.18570829927921295,0.3149712383747101,0.3041999936103821,0.32653334736824036,0.7651655077934265,0.7120333313941956,0.8268666863441467,0.9202468395233154,0.8606333136558533,0.9887333512306213,0.984462320804596,0.9693999886512756,1.0,0.7262274622917175,0.2626333236694336,1.3532229661941528,1.4721612930297852,3.55829119682312,0.3224242329597473,0.4962593615055084,2.2720727920532227,0.8692457675933838,0.0,0.6502100825309753,0.16311201453208923,0.03987836837768555,0.10263817012310028,0.3602757453918457,0.013057305477559566,0.03293256089091301,0.013157090172171593,0.0059914011508226395,0.005376472137868404,0.009799184277653694,1.0,0.005282251629978418,0.009631679393351078,1.0,0.007111711893230677,0.01174871064722538,1.0,0.0065703243017196655,0.011552674695849419,1.0,0.007408567704260349,0.014637432061135769,0.9778521656990051,0.006927729584276676,0.012403889559209347,0.9927006959915161
Solenopsis_invicta_CASENT0744384_processed.obj,Stage_3_deform_fine,0.0008295247098430991,0.030611634254455566,0.01787218451499939,0.012739450670778751,0.05394524708390236,0.16555914282798767,0.08216361701488495,0.08166667073965073,0.08266666531562805,0.3843149244785309,0.37049999833106995,0.3991999924182892,0.8044800758361816,0.7493000030517578,0.8684333562850952,0.9693019986152649,0.9417333602905273,0.9985333681106567,0.6418696641921997,0.43290001153945923,1.3784230947494507,2.7022573947906494,3.635042190551758,0.2420736402273178,0.5939483642578125,3.271174430847168,1.0751456022262573,0.0,0.5613695383071899,0.12068185210227966,0.08056323975324631,0.1970628947019577,0.5888904333114624,0.08250231295824051,0.23824699223041534,0.08296941965818405,0.018874555826187134,0.010874534025788307,0.023512564599514008,0.9222222566604614,0.010353119112551212,0.020379342138767242,0.9452370405197144,0.011277122423052788,0.017558172345161438,0.972375750541687,0.010086863301694393,0.01817570999264717,0.9683377742767334,0.012336291372776031,0.02686532959342003,0.8985320925712585,0.011385600082576275,0.021823735907673836,0.9014598727226257
Stigmatomma_FHG02_CASENT0745561_processed.obj,Stage_3_deform_fine,0.0006582002970390022,0.024592898786067963,0.014555582776665688,0.0100373150780797,0.05194435641169548,0.13729794323444366,0.15246663987636566,0.15240000188350677,0.15253333747386932,0.5748979449272156,0.5638999938964844,0.5863333344459534,0.8972171545028687,0.8468666672706604,0.9539333581924438,0.971752405166626,0.9470000267028809,0.9978333711624146,0.7704073190689087,0.33990001678466797,1.302871584892273,1.7285746335983276,3.2631022930145264,0.2525549829006195,0.5719464421272278,2.3271358013153076,0.9928622245788574,0.0,0.5979856848716736,0.13755114376544952,0.06699121743440628,0.152115136384964,0.6052403450012207,0.08390526473522186,0.2172890454530716,0.08376900851726532,0.01810319721698761,0.008538404479622841,0.016496691852808,0.9731801152229309,0.008320746943354607,0.015295011922717094,0.9884951710700989,0.00992064643651247,0.018980050459504128,0.9668508768081665,0.009408482350409031,0.017057374119758606,0.9815303683280945,0.009053883142769337,0.017641877755522728,0.9708988070487976,0.007919360883533955,0.013307783752679825,1.0
Strumigenys_alberti_CASENT0878103_processed.obj,Stage_3_deform_fine,0.0005277608288452029,0.023956071585416794,0.013641905039548874,0.01031416654586792,0.0427737832069397,0.16998489201068878,0.14494995772838593,0.1448666751384735,0.1450333297252655,0.5473724603652954,0.5386333465576172,0.5564000010490417,0.8960557579994202,0.8531000018119812,0.9435666799545288,0.9813635945320129,0.9639666676521301,0.9994000196456909,0.7475287914276123,0.1594666689634323,1.4268083572387695,1.6943423748016357,3.751580238342285,0.2993450164794922,0.5568714141845703,2.9779624938964844,1.0085808038711548,0.0,0.6405506134033203,0.15432770550251007,0.07483312487602234,0.16842249035835266,0.451281875371933,0.04353654012084007,0.09919145703315735,0.0437595471739769,0.01453360915184021,0.008229064755141735,0.015012168325483799,0.9892720580101013,0.009332120418548584,0.018222656100988388,0.9631845355033875,0.010333247482776642,0.01703018881380558,0.9889503121376038,0.009931080043315887,0.01685008592903614,0.9788918495178223,0.011463591828942299,0.025087444111704826,0.9029101133346558,0.012100627645850182,0.02094983495771885,0.9330900311470032
Strumigenys_canina_OKENT0105288_processed.obj,Stage_3_deform_fine,0.0002584764442872256,0.018502775579690933,0.009607745334506035,0.008895030245184898,0.02347920835018158,0.08869192004203796,0.21069341897964478,0.21363332867622375,0.20783333480358124,0.6849001049995422,0.6908000111579895,0.6791000366210938,0.9484547972679138,0.9315666556358337,0.9659667015075684,0.9966436624526978,0.9941333532333374,0.9991666674613953,0.8006529808044434,0.19073332846164703,1.4076213836669922,1.7330889701843262,3.7148125171661377,0.275378942489624,0.5582134127616882,3.08851957321167,0.9867500066757202,0.0,0.6302740573883057,0.15520861744880676,0.0553707480430603,0.12831392884254456,0.3225245773792267,0.02042589895427227,0.06888043135404587,0.02093377336859703,0.013393881730735302,0.007780543528497219,0.014006347395479679,0.9911877512931824,0.0070051709190011024,0.013053969480097294,0.9990796446800232,0.008692558854818344,0.015456322580575943,0.9751381874084473,0.007993945851922035,0.013844904489815235,0.9973615407943726,0.008371041156351566,0.016584070399403572,0.9760494828224182,0.007435126695781946,0.013734165579080582,0.9951338171958923
Strumigenys_crassicornis_CASENT0744273_processed.obj,Stage_3_deform_fine,0.000546880706679076,0.023868422955274582,0.013457827270030975,0.010410595685243607,0.03916681930422783,0.14992110431194305,0.14174997806549072,0.14180000126361847,0.14169999957084656,0.5461894869804382,0.5423666834831238,0.5500666499137878,0.901130735874176,0.8665666580200195,0.9385666847229004,0.9838376641273499,0.9685333371162415,0.9996333718299866,0.7850640416145325,0.26863333582878113,1.40677809715271,2.567416191101074,3.3211238384246826,0.2546749413013458,0.5731947422027588,4.291851997375488,1.0416889190673828,0.0,0.6107344627380371,0.13383913040161133,0.06948944181203842,0.1431804597377777,0.5124717354774475,0.03858448565006256,0.09114968031644821,0.039812542498111725,0.011544635519385338,0.00898089911788702,0.016553835943341255,0.9777777791023254,0.009511333890259266,0.018216198310256004,0.9631845355033875,0.009898203425109386,0.017725160345435143,0.961326003074646,0.009407302364706993,0.014997286722064018,0.9894459247589111,0.010859894566237926,0.02003227174282074,0.9495235681533813,0.01093553751707077,0.020790891721844673,0.9428223967552185
Strumigenys_sp._appretiata_group_CASENT0744156_processed.obj,Stage_3_deform_fine,0.0002446070429868996,0.01775728538632393,0.008787283673882484,0.008970002643764019,0.01856851950287819,0.1279420405626297,0.2181868851184845,0.22493334114551544,0.21183334290981293,0.7029007077217102,0.736299991607666,0.6723999977111816,0.9635000228881836,0.9636333584785461,0.963366687297821,0.9969265460968018,0.9943333268165588,0.9995333552360535,0.8284022212028503,0.2549999952316284,1.4987398386001587,2.030604839324951,3.836146831512451,0.32595333456993103,0.5361226201057434,2.965697765350342,0.9369432330131531,0.0,0.6818581819534302,0.1652214676141739,0.05593106150627136,0.11750935018062592,0.29480162262916565,0.01693451777100563,0.0668415054678917,0.016971195116639137,-0.0025430191308259964,0.007272428832948208,0.012882513925433159,0.9996168613433838,0.00730973482131958,0.012643498368561268,0.999539852142334,0.00851163174957037,0.01507707592099905,0.9640884399414062,0.008567526936531067,0.01460676733404398,0.9868074059486389,0.008070940151810646,0.015015657059848309,0.9781097173690796,0.00843788031488657,0.014665011316537857,0.9805352687835693
Strumigenys_stenorhina_OKENT0105268_processed.obj,Stage_3_deform_fine,8.052695193327963e-05,0.01110526267439127,0.0052963136695325375,0.005808949004858732,0.011841097846627235,0.04975932464003563,0.4964815378189087,0.5160999894142151,0.478300005197525,0.9299216270446777,0.9550666809082031,0.9060666561126709,0.9958972930908203,0.9975333213806152,0.9942666888237,1.0,1.0,1.0,0.8837172985076904,0.27756667137145996,1.2308659553527832,1.4445310831069946,2.5605266094207764,0.3856543004512787,0.4174891710281372,2.261286973953247,0.7285146117210388,0.0,0.6467788815498352,0.1867106854915619,0.030441267415881157,0.06453748047351837,0.1215069517493248,0.01785055547952652,0.043739840388298035,0.01827991008758545,0.0022835321724414825,0.004937517922371626,0.008803763426840305,1.0,0.005244246684014797,0.009580898098647594,1.0,0.005088530946522951,0.008451861329376698,1.0,0.005738354288041592,0.00968698039650917,1.0,0.004984724335372448,0.008604415692389011,1.0,0.005018705036491156,0.008758622221648693,0.9987834692001343
Syllophopsis_sechellensis_OKENT0105212_processed.obj,Stage_3_deform_fine,0.0003583601792342961,0.017279943451285362,0.010669738985598087,0.006610204000025988,0.037880245596170425,0.11784113943576813,0.3656086027622223,0.3528999984264374,0.3792666792869568,0.7967459559440613,0.7343000173568726,0.8708000183105469,0.9321421384811401,0.8806999921798706,0.9899666905403137,0.9845742583274841,0.9710000157356262,0.9985333681106567,0.737824022769928,0.22086666524410248,1.4985270500183105,2.0243008136749268,4.046850681304932,0.3799589276313782,0.4870799779891968,3.252898693084717,0.8212859034538269,0.0,0.6891899704933167,0.16919144988059998,0.041801903396844864,0.11363639682531357,0.4280257821083069,0.0613548643887043,0.15335579216480255,0.061510439962148666,0.0018347948789596558,0.005029885098338127,0.009147163480520248,1.0,0.004728082101792097,0.009215039201080799,1.0,0.00711833918467164,0.011821607127785683,1.0,0.005738849751651287,0.009372892789542675,1.0,0.007463793735951185,0.014339460991322994,0.9814576506614685,0.006737302988767624,0.012074794620275497,0.9987834692001343
Temnothorax_congruus_OKENT0105443_processed.obj,Stage_3_deform_fine,0.00019233356579206884,0.015984483063220978,0.007804615423083305,0.008179868571460247,0.01822672039270401,0.07842893898487091,0.2830583453178406,0.29126667976379395,0.275299996137619,0.7780185341835022,0.8083666563034058,0.7498666644096375,0.9660965204238892,0.9679333567619324,0.9642666578292847,0.9978313446044922,0.9964333176612854,0.9992333650588989,0.8105648159980774,0.24690000712871552,1.5973986387252808,2.1968679428100586,4.5420613288879395,0.31336942315101624,0.5602658987045288,4.092961311340332,0.9893226623535156,0.0,0.6829748749732971,0.18695323169231415,0.038586199283599854,0.0949798971414566,0.21958650648593903,0.0276014506816864,0.05378162860870361,0.028074702247977257,0.004074025899171829,0.006337027996778488,0.011361692100763321,0.9996168613433838,0.006173888221383095,0.01135412696748972,1.0,0.008619600906968117,0.013657250441610813,0.9944751858711243,0.007199288811534643,0.012209712527692318,0.9815303683280945,0.007983752526342869,0.015576798468828201,0.9799124598503113,0.008622412569820881,0.016451112926006317,0.9878345131874084
Temnothorax_sp._OKENT0105336_processed.obj,Stage_3_deform_fine,0.00029868772253394127,0.020477570593357086,0.00995069369673729,0.010526877827942371,0.02257574535906315,0.08817499130964279,0.15213723480701447,0.15700000524520874,0.14756666123867035,0.6052287817001343,0.6342666745185852,0.5787333250045776,0.9326820373535156,0.9384000301361084,0.9270333647727966,0.997450053691864,0.9975666999816895,0.9973333477973938,0.7805549502372742,0.4205000102519989,1.579382300376892,1.9962176084518433,4.358701229095459,0.284127414226532,0.60906583070755,3.826157331466675,1.0471786260604858,0.0,0.645622968673706,0.1673792451620102,0.048885490745306015,0.11662831157445908,0.4126509428024292,0.02407086454331875,0.06254445016384125,0.024250008165836334,0.0022493060678243637,0.007874655537307262,0.013130281120538712,0.9977011680603027,0.008823879063129425,0.01564403995871544,0.9857340455055237,0.008636467158794403,0.014756180346012115,0.9779005646705627,0.008875553496181965,0.01659896969795227,0.9868074059486389,0.009399178437888622,0.019345272332429886,0.9577646255493164,0.008615362457931042,0.01612604409456253,0.9829683899879456
Tetramorium_kraepelini_CASENT0744084_processed.obj,Stage_3_deform_fine,0.0003446093760430813,0.021322645246982574,0.010746004059910774,0.010576640255749226,0.025843702256679535,0.09978269040584564,0.1511993557214737,0.1535000056028366,0.14896667003631592,0.5845500826835632,0.6065000295639038,0.56413334608078,0.923254668712616,0.9199333190917969,0.9266000390052795,0.9937358498573303,0.9900000095367432,0.9975000023841858,0.7888668179512024,0.2736666798591614,1.3562651872634888,1.4432927370071411,3.30081844329834,0.3073823153972626,0.5093647837638855,2.284593105316162,0.8666968941688538,0.0,0.639420211315155,0.1557798832654953,0.04772160202264786,0.11123892664909363,0.3147337734699249,0.03006097860634327,0.07387039065361023,0.030301807448267937,-6.533414125442505e-05,0.008114535361528397,0.01436639204621315,0.9965517520904541,0.007927603088319302,0.01467987708747387,0.996778666973114,0.00851301196962595,0.015312881208956242,0.9944751858711243,0.00913233682513237,0.015862416476011276,0.9841688871383667,0.009635422378778458,0.018479008227586746,0.9624001979827881,0.01110736932605505,0.02231762371957302,0.9343065619468689
