face,is_home,cx,cy,cz,nx,ny,nz,area,component,n_loop_verts_in_face
f116,True,-28.735339482625324,-3.2451393604278564,22.364419937133789,0.8467145721064433,-0.081510803084137967,-0.52576650935865199,6.6732442203821263,0,1
f1140,False,-26.549694061279297,-0.9682604273160299,25.343271255493164,0.83289534667390619,-0.13800734753911892,-0.53594711820679697,3.6452441819883727,0,0
f1564,False,-32.430631637573242,4.1632232666015625,-7.156727472941081,-0.45740863916938951,0.091246251383461624,-0.88456286289990349,0.69258891925808375,0,0
f1754,False,-28.69439188639323,18.24853515625,-6.4307222366333008,-0.28621724228909656,-0.45867091618488737,0.84124947599540334,6.500525904920968,0,0
f3134,False,-15.887038548787435,16.296316146850586,-23.691404978434246,-0.97856223164666389,-0.032525202804769809,-0.20336683598170455,2.4704648066754897,0,0
f3156,False,-18.794569651285808,9.4270806312561035,-20.882363001505535,-0.95032955024292032,0.25263385366146829,0.18179626486604325,4.7234354226840791,0,0
f3178,False,-19.100374857584637,13.651809692382812,-22.651998519897461,0.70773562998514705,-0.14932098071882627,0.69051685190637802,5.7317395881213242,0,0
f3235,False,-37.784652709960938,-7.2705651919047041,-10.260838508605957,-0.28853020161424586,0.80670349848355671,0.51573228354528355,3.0216968301262495,0,0
f3262,False,-37.41009521484375,-14.432315826416016,-8.5771215756734218,-0.92554428326152938,-0.31777570957548662,-0.2058795233278381,2.7422069260018089,0,0
f3270,False,-38.456490834554039,-13.468751589457193,-8.9995624224344883,-0.44562200337430036,-0.88533360941072281,0.13268545570806398,4.6397561512919951,0,0
f3277,False,-18.589745203653973,7.4735851287841797,-18.641813278198242,-0.4627619055789356,-0.88004685107751179,-0.10662531900776705,1.364052431666402,0,0
f3280,False,-19.209303538004558,5.9419978459676104,-18.409989039103191,-0.042214973327659826,0.951429673285906,0.3049581492894049,2.8469775642300208,0,0
f3281,True,-21.943058013916016,6.6392844518025713,-18.078897476196289,0.29672946770328668,0.57775616886159942,0.76036138272461673,3.8863707676505865,0,1
f3291,False,-18.916351318359375,7.8008534113566084,-18.503741582234699,-0.919435571822803,-0.38933186539386699,0.05530757503097769,1.145509094919491,0,0
f3301,True,-22.07477633158366,10.497150421142578,-20.451388041178387,0.98771045757760279,-0.11664200091853438,0.10403218546951327,3.6851314478907482,0,2
f3361,False,-37.439901987711586,-6.3309454917907715,-10.848710378011068,-0.69252133988796094,-0.12272990052422218,0.71088083763532262,1.3908854656548217,0,0
f3368,False,-37.998386383056641,-5.4016984303792315,-11.231757799784342,0.69215612016627581,0.12329171158256989,-0.71113926847798847,1.4070232900864068,0,0
f3475,False,-37.940598805745445,-14.966988245646158,-6.8436837196350098,-0.88214909499063443,-0.18305845221149877,-0.43393844872416515,4.4740282709498329,0,0
f3478,False,-41.286094665527344,-11.905000686645508,-8.174964427947998,-0.53966503830790336,-0.84047023059317139,0.048697411787389407,1.9293532340206074,0,0
f3479,False,-41.623819986979164,-11.199705441792807,-9.0037024815877285,-0.7401548484353816,-0.53350660547648354,-0.4093183385221788,4.0858389809714044,0,0
f3484,False,-39.822297414143883,-12.666503270467123,-8.0628007253011074,-0.42930073631245425,-0.89587859108314749,0.11446583700152213,4.1826837689158731,0,0
f3507,False,-36.157305399576821,-16.436348915100098,-7.0094485282897949,-0.27952371251355496,-0.8846115063598694,-0.37326796937101669,3.6937718197379521,0,0
f3508,False,-37.766963958740234,-16.922385215759277,-4.5075710614522295,-0.24071299448752539,-0.52357591156455219,-0.81726710389822799,2.0760888427494124,0,0
f3509,False,-37.321358998616539,-16.301324208577473,-5.9674967130025225,-0.47055100475244649,-0.82946697123756963,-0.30094234589441826,5.5321962232388922,0,0
f3523,False,-38.391613006591797,-13.685693740844727,-10.184467315673828,-0.44193009003526362,-0.88388810350088254,0.15310001963108025,1.5026036447248041,0,0
f3560,False,-35.841612497965492,-15.552116394042969,-8.7982126871744786,-0.19364232186821606,-0.77954014391529758,-0.59566753747875467,2.3769652336916405,0,0
f3563,False,-37.345217386881508,-14.649257977803549,-9.7620264689127598,-0.34666762493849407,0.74696922827917034,0.56732577045602661,0.8092485861659392,0,0
f3821,False,-22.399204889933269,9.6950189272562657,-20.548262914021809,-0.94717467476620465,0.1795326932913433,-0.26575956712993626,8.8120797828410815,0,0
f3822,False,-23.23226038614909,9.9879453976949062,-17.971951484680176,-0.92941587822262861,0.11437903172308105,-0.35086117255939031,14.382538871004622,0,0
f3844,False,-22.146352132161457,6.1895192464192705,-18.612506230672199,-0.74296558503786991,-0.48431024710902809,-0.46200186579117614,5.0322521527827266,0,0
f3848,False,-20.097423553466797,6.6062650680541992,-19.960632960001629,0.10885638261828522,0.90378893277315397,0.41390319273958842,4.0521883157031189,0,0
f3849,True,-21.284304936726887,7.2486224174499512,-19.724023818969727,0.72223053982506324,0.64769731702856981,0.24263394828009971,5.8003498040710975,0,1
f3858,False,-19.621070226033527,7.3456873893737793,-20.780555725097656,-0.6847631700286898,0.15235211293610146,0.7126627776558595,1.9338359890955477,0,0
f3866,False,-19.567036310831707,16.261597633361816,-22.681596755981445,-0.79443212423049869,0.29744930667603386,-0.52952951754228417,9.9344352493003036,0,0
f3898,False,-17.852254867553711,13.213325818379721,-23.512831370035808,0.25981359865126197,-0.1025544036377307,0.96019762978794643,4.4417118465227379,0,0
f3899,False,-21.095350901285808,11.979279518127441,-22.172718048095703,0.79924681245431972,-0.42096693000842522,0.42894215999466789,3.6165450089004039,0,0
f3906,False,-17.625204086303711,14.785336176554361,-23.795939127604168,0.78810790240140838,0.53428881605236878,0.3056491374334469,1.7821088940299799,0,0
f3913,False,-36.415274302164711,-5.0074399312337237,-9.8815555572509766,0.59102884825112989,-0.7710780357263407,-0.23690412270653141,2.4176919205236662,0,0
f3918,True,-35.562131245930992,-6.1825772921244306,-9.2706069946289062,-0.72861299153625358,0.55392677666016965,0.40285013921241958,2.8095847745991347,0,1
f3919,False,-38.258524576822914,-5.6544798215230303,-9.9473040898640956,0.63053370371432216,-0.4917695018487237,0.6004914699908378,1.4378034711298044,0,0
f3924,False,-35.003250122070312,-4.1839850743611651,-10.531636555989584,0.32442700451673551,-0.40677518605036317,-0.85397954703493362,1.9721407867874561,0,0
f3925,False,-35.736217498779297,-4.9444281260172529,-9.6872520446777344,-0.79195206504550497,-0.60920166312343826,-0.041051922218055426,1.2694881988308138,0,0
f3941,True,-36.156941731770836,-13.100774129231771,-6.1466355323791504,-0.5276241566653691,0.30100805225513572,0.79435942858426956,3.3628759115396067,0,1
f3947,False,-36.883051554361977,-11.973156929016113,-6.8762303988138838,-0.47937803144633284,0.14308578326607121,0.86586555630407991,3.9312302436783315,0,0
f3954,True,-35.089452107747398,-9.0145463943481445,-7.0098622639973955,-0.30551825240243363,0.039000425388061845,0.95138717894898761,1.9013775599971605,0,2
f3955,True,-36.007506052652992,-9.7227376302083339,-7.1698864301045733,-0.18606542364954523,0.10358320629427067,0.97706201312706553,3.2485128576717113,0,1
f3956,False,-38.699457804361977,-9.6228313446044922,-7.5634255409240723,0.29246844319009491,0.68139811640867343,0.67093875778097245,4.5352244917413564,0,0
f3957,False,-39.564345041910805,-8.6020536422729492,-7.4166194597880049,0.81767891385368363,-0.062799629888417599,0.57223893639365186,3.5705376534385453,0,0
f3960,True,-34.416577657063804,-9.4478486378987636,-7.1939223607381182,0.87512482764597854,-0.087823488123510721,0.475860873545426,1.4017056627211764,0,3
f3961,False,-39.104220072428383,-7.4116228421529131,-8.5567604700724278,0.83595640336133081,0.40391658322421209,0.37152158143998321,2.8357731227562444,0,0
f4073,False,-38.642917633056641,-16.627896944681805,-3.4645774364471436,-0.96772514870746895,-0.24044434652522728,-0.075462260655003222,2.3662260431752795,0,0
f4077,False,-38.788544972737633,-14.923224767049154,-4.3388519287109375,-0.19717109044089068,0.46024024558053489,-0.86562259527020147,1.81416295572229,0,0
f4082,True,-36.941017150878906,-14.152409871419271,-5.7135739326477051,-0.29468116803413058,0.76854785289719696,0.56788837548689908,4.4786254371792991,0,1
f4229,False,-23.417523701985676,11.764992078145346,-17.016647974650066,-0.92673692623227399,0.076424253443966111,-0.3678559542036654,13.187234957915896,0,0
f4238,False,-18.692555109659832,5.3759937286376953,-16.316203435262043,-0.027093308199879373,0.96941681242373745,0.24392006157958079,4.282643518466271,0,0
f4239,False,-20.159880956013996,5.2345657348632812,-15.334117889404297,0.06559144555409914,0.98168243507555175,0.17887805604449872,10.251208010233618,0,0
f4240,False,-21.991153081258137,5.5986676216125488,-16.499976476033527,0.11187978622675469,0.97233095422615368,0.20507420336920307,3.2790850745002276,0,0
f4241,True,-23.082029978434246,6.4892210960388184,-15.392728169759115,0.93616531552904225,0.35150650238721864,-0.0061384672283200433,4.4528149546233342,0,1
f4242,False,-23.434082667032879,5.8975768089294434,-14.978872934977213,-0.56644888252744807,-0.81389244803598948,-0.12928552321659761,3.8328306341353948,0,0
f4250,False,-24.363962173461914,7.8839522997538252,-15.196351687113443,-0.95415205991534058,-0.053964631329760142,-0.29441750139004236,6.2199527525835183,0,0
f4256,False,-17.157477060953777,19.335423787434895,-21.543442408243816,0.6340089871533191,0.77276231517659455,-0.029512852314411822,1.4488052553536004,0,0
f4260,False,-16.898394902547199,18.064255396525066,-21.602614720662434,0.24389346265584586,-0.7024256617554947,0.6686659618831341,1.8284350385814125,0,0
f4267,False,-16.217374801635742,19.126845041910808,-21.063134511311848,-0.53496189791430904,0.79805635321421409,0.27734784094048753,1.1367376280020651,0,0
f4270,False,-16.304209391276043,19.72100003560384,-21.155337015787762,-0.75551422632190501,-0.39654831308792576,0.52148603932639814,2.5803361615360991,0,0
f4271,False,-17.244311650594074,19.92957878112793,-21.635644912719727,0.36048838424848095,-0.65433047622621832,0.66475540817919632,1.224394812707932,0,0
f4287,False,-22.543791453043621,13.998435020446777,-18.133905728658039,-0.88702740941282709,0.2938207929147158,-0.35616248623533703,10.773465274306735,0,0
f4295,True,-20.496547698974609,14.953413963317871,-19.268329620361328,0.65317342557950675,-0.71616500387103899,0.24591088497081068,3.1986809116790766,0,2
f4356,False,-35.737372080485024,10.74268627166748,6.3300787607828779,0.81508707632394495,-0.27752503118332922,-0.50853998375385945,6.3732343831713996,0,0
f4369,False,-38.154340108235679,-14.834445953369141,-5.627581437428792,-0.55275231555238946,0.65035364531139228,0.52106142985415416,1.940280191693813,0,0
f4412,True,-21.11710484822591,13.672835350036621,-20.342581431070965,0.81594477783987518,-0.45126995231296901,0.36137176100974905,2.5011400964509751,0,2
f4418,True,-21.335056304931641,12.540371259053549,-21.157590866088867,0.80647089150784679,-0.42220287040941223,0.41394376111809178,2.7639908046081336,0,1
f4419,False,-20.997792561848957,15.800319989522299,-20.292250315348308,-0.86744499264784003,0.32603311410372082,-0.37582122510313204,13.699804470979666,0,0
f4425,False,-18.820637385050457,15.911746025085449,-21.945940017700195,0.70215707485626799,-0.45152300684391283,0.55054737899650485,4.5834112558091844,0,0
f4476,False,-17.093922297159832,17.472438176472981,-23.143847783406574,0.52847602435117558,0.2451597606456217,-0.81277904958614489,2.8903214978922955,0,0
f4480,False,-15.426392237345377,16.171731948852539,-22.741833368937176,-0.42132587439668256,-0.37352613592796535,0.82641559359839889,2.4806860067905006,0,0
f4483,False,-17.51286506652832,16.199410438537598,-23.352815628051758,0.72522021686835236,-0.63939190630921039,-0.25540874533127061,1.8652200862267105,0,0
f4486,False,-16.547639846801758,17.053285598754883,-24.067899703979492,-0.33359625540760879,-0.89415007334086782,0.29867906642840275,3.0326457270377785,0,0
f4491,False,-17.002206166585285,17.976832071940105,-23.235661188761394,-0.71774190829888129,-0.3343489473367447,0.61078419632984193,2.4546161815040519,0,0
f4519,False,-17.460178375244141,16.887336413065594,-22.363649368286133,0.33885743156765208,-0.56264687993877571,0.75405843909244519,3.2398284648054076,0,0
f4575,False,-14.465962727864584,17.563886006673176,-21.873387654622395,-0.34264407764647226,-0.24628824391208295,0.90660748781625489,4.4496205290214874,0,0
f4608,False,-37.260945638020836,-4.7086346944173174,-10.936214447021484,0.16479328426405279,-0.29101426876257558,-0.94241915772019957,1.5129693429732587,0,0
f4611,False,-38.234881083170571,-6.1763958930969238,-10.746791839599609,0.59760475619593834,-0.75838757822567326,0.2602245887017437,1.484928832338539,0,0
f4626,False,-38.557044982910156,-11.309871673583984,-7.0080534617106123,0.27148391681313294,-0.058994797314158749,0.96063317494330847,4.9644815905532615,0,0
f4627,False,-39.87956110636393,-11.782604217529297,-6.9891422589619951,-0.1637616219739422,-0.34873193642483591,0.92280451217245785,3.895389584371975,0,0
f4633,False,-37.253528594970703,-8.9574362436930333,-7.8761200904846191,-0.55063359846286797,0.28260723562236389,0.78545260240050052,3.5405175308348165,0,0
f4643,False,-38.579631805419922,-7.1160155932108564,-10.158919970194498,0.86325239605007387,0.38838017497721117,0.32242230133549582,2.0706090863715212,0,0
f4646,False,-36.4837646484375,-5.9373962084452314,-10.32741673787435,-0.28696298420354543,0.2114492239753307,0.93431336893850891,1.5976057740283192,0,0
f4656,False,-18.292479197184246,6.7093963623046875,-17.637531280517578,-0.86467380710327824,-0.18290468038679622,-0.46785156321436688,0.99408442041599221,0,0
f4657,True,-23.033934911092121,7.5298379262288408,-16.971649169921875,0.95649575171863854,0.084134500160249787,0.27935150407145021,6.0887585018832331,0,2
f4658,False,-23.715300242106121,6.7292129198710127,-16.208115259806316,-0.82378912449997388,-0.4481903767665889,-0.34712658286191456,4.8125016966309726,0,0
f5591,False,-21.633864084879558,10.650774002075195,-22.310618082682293,-0.90061892296339385,0.17371754403086215,-0.39838143844328622,4.1862362332483096,0,0
f5653,False,-20.481197992960613,11.562016805013021,-22.865989685058594,-0.15078705011252391,0.57001243385984834,-0.8076813051962608,3.4714045344554001,0,0
f5663,False,-19.020751953125,12.30592409769694,-23.31142298380534,-0.54466192761679488,0.025213372695459459,-0.83827660735706877,4.8511257170941153,0,0
f5684,False,-21.961958567301433,7.0513321558634443,-20.177054087320965,-0.73572772568865619,-0.58534737028970674,-0.34069512727352352,7.9152286684991591,0,0
f5689,True,-21.739988327026367,8.9543627103169765,-21.007647196451824,0.87133742185995489,0.24589716258984484,0.42462416640684819,5.151921584562781,0,1
f5692,False,-19.598534266153973,8.9168408711751308,-21.972548166910808,-0.60510507902374999,0.57665989113227278,0.54891822095734499,5.0811655378971841,0,0
f5697,False,-20.284470876057942,9.7986152966817226,-22.97777811686198,-0.079208179174688947,0.41581177203401687,0.90599483143656023,3.8570094818049014,0,0
f5698,False,-21.30396016438802,9.7011370658874512,-22.420323689778645,0.89416384716745612,0.25773704542307285,0.36611832764186925,2.8706726971773473,0,0
f5734,False,-18.793701171875,13.877934455871582,-23.594530741373699,-0.54300760446915686,-0.12697827119027713,-0.8300718403452777,8.4599132267411754,0,0
f5739,False,-19.161991119384766,15.392453193664551,-23.539943695068359,-0.59889675617786464,-0.036718846975225559,-0.79998400091279409,2.6252774075064393,0,0
f5767,False,-20.07586161295573,12.076757748921713,-22.730172475179035,0.13491418893926888,-0.49830454428035581,0.8564407409578354,4.9778180443931737,0,0
f5781,False,-39.490712483723961,-12.703887303670248,-11.12583065032959,-0.58715018334877411,-0.76266024208924521,-0.27130060326116984,5.2037339873343917,0,0
f5782,False,-40.950275421142578,-11.27464485168457,-10.765633265177408,-0.80339308030285783,-0.56819630167441193,-0.17808009794754265,5.8076878588931091,0,0
f5818,False,-36.719131469726562,-14.804118156433105,-9.7418724695841465,-0.073389159113735572,-0.86122657967440364,-0.50289443205001483,3.3641076751783947,0,0
f5890,False,-29.094636917114258,0.22377574443817139,21.167625427246094,0.81742699580890044,-0.13520486814393443,-0.55993995227436422,4.8727868471982987,0,0
f6884,True,-5.6606510480244951,20.420194625854492,20.834366480509441,0.3321782356308241,-0.9422466138080634,-0.042766091011817352,5.6625534309734258,0,1
f7875,False,-33.315900166829429,4.4985438187917071,-6.6043763160705566,-0.51850173934111887,0.10199770017768893,-0.84897138671376715,1.5133257135424911,0,0
f7888,False,-26.893339792887371,0.21478702624638876,24.495087305704754,0.83539472520119107,-0.14161530607307918,-0.5310939259602343,4.4700165211901455,0,0
f7903,True,-29.57392183939616,-2.7771161794662476,20.995163599650066,0.82918433826891069,-0.07220476113269092,-0.55429216631603218,6.3253295077001823,0,1
f7991,True,-26.771490097045898,18.355905532836914,-5.7028665542602539,-0.29866735207349138,-0.46247038119922884,0.83481672199282719,5.0503714327394347,0,1
f8005,True,3.3167379697163901,-13.435366630554199,37.037966410319008,0.073223275662079562,0.47513729387266534,-0.87685968311507823,11.263870717706942,0,2
f8006,True,1.5537610054016113,-11.407196998596191,37.923159281412758,0.09619282574327398,0.44807473582181745,-0.88880592448167928,13.82051247702479,0,1
f8010,False,-32.948071797688804,21.464794158935547,-5.6462155977884931,-0.23618120656883795,-0.55570428533111949,0.79712683114314875,4.0775759239473048,0,0
f8126,False,-29.322494506835938,1.8360023101170857,20.440560658772785,0.81911034760502732,-0.13729741619377078,-0.55696288741071953,4.5974442003842988,0,0
f8182,False,-36.465628306070961,8.3213985761006679,6.1174860000610352,0.83330660228022191,-0.15136721001238956,-0.53168418664584827,9.3346147213473518,0,0
f8183,False,-35.338048299153648,7.2572029431660967,8.1394879023234044,0.82597907152661487,-0.14143296446311013,-0.54566957947388617,11.144002172870298,0,0
f8243,False,-13.372175852457682,-1.7283137440681458,34.864802042643227,0.62911540934421917,0.022860355248840229,-0.7769756790811102,10.22994837928046,0,0
f8244,False,-14.011194229125977,-6.3312568664550781,33.331560134887695,0.65249220732955948,0.27703000326869714,-0.70534268030734171,7.3991802675991005,0,0
f8303,False,-12.387070655822754,0.51150395472844445,35.766034444173179,0.64210541861581794,0.040701609654871483,-0.76553511373137384,8.8693827712827122,0,0
f8342,True,-21.803547541300457,8.4341810544331874,-4.9564133485158282,-0.68128814343282595,-0.16393850376588898,0.71342177749270774,4.7191337087042253,0,2
f8343,False,-39.089219411214195,15.556195576985678,1.0919330517450969,0.80396525078047276,-0.51722452076186964,-0.29345982801764464,8.5975580514769483,0,0
f8344,False,-40.11546198527018,14.098758697509766,0.1880128781000773,0.92825194440532932,-0.36494180588349279,-0.071873541906743554,4.6888485191176592,0,0
f8345,False,-40.774476369222008,11.532976786295572,-1.6105381647745769,0.96157042580424568,-0.22110007537808313,0.16277921515490779,4.393692904640857,0,0
f8346,False,-41.466300964355469,11.930927276611328,-0.15055942535400391,0.67910270518125637,-0.13245326326220266,0.72199421664352215,4.2614799300052937,0,0
f8378,True,-20.439383188883465,-11.915088971455893,15.758209228515625,0.40070944840281181,0.91441592199724797,-0.057231630752907652,5.1144260881954144,0,2
f8379,True,-22.271334966023762,-11.382865269978842,16.659333546956379,0.1896871036075061,0.98184330982315227,0.0015867200485947181,8.6638697342298627,0,1
f8380,True,-23.581653594970703,-10.627775510152182,19.184537251790363,0.29145978643836484,0.92368490445968188,-0.24871145965276945,13.775034644673761,0,1
f8381,True,-18.876448949178059,-12.353739738464355,16.336585998535156,0.22572925099794228,0.96898148332484846,-0.10060412624482266,7.5314361572534443,0,2
f8387,False,-30.80833625793457,15.304687182108561,19.415689468383789,0.042703781269410414,-0.98344206811364432,0.1761195211487149,4.3345765068306736,0,0
f8388,False,-31.324158350626629,14.109438896179199,19.028575897216797,0.94683378699103682,-0.25935135095686163,-0.19037504187540563,3.9926036946890386,0,0
f8407,True,-35.981881459554039,-4.2971440951029463,-6.7619940439860029,0.54794234775018347,-0.69309755968694242,0.46837480322709768,2.2444000120189442,0,1
f8437,False,-6.18879493077596,-11.288395245869955,36.152918497721352,0.34083547730112612,0.50086700957734909,-0.79558997990796576,9.5563479519525441,0,0
f8439,True,-33.388501485188804,14.687945365905762,3.4004753430684409,0.56409149454112029,-0.50152699569179615,0.65595080484646584,6.493468195974339,0,1
f8442,True,-32.790177027384438,21.422255833943684,3.5315798918406167,0.21629323243552367,-0.93802258996032684,-0.27079671033214753,3.4151791277918604,0,1
f8443,True,-31.917778650919598,20.846520741780598,4.9418454170227051,-0.16151442473610483,-0.76002878354199155,-0.62949927624251145,2.0040215441178471,0,2
f8444,True,-32.03954760233561,21.596653620402019,1.7795893748601277,-0.031230963954031167,-0.99886303416852884,0.036017577127597449,6.1978741686205465,0,2
f8445,True,-32.267281850179039,21.947455088297527,-0.41090635458628338,-0.22272909693468634,-0.9218739539457893,-0.31708068754658608,6.2021992210436334,0,1
f8446,False,-33.629104614257812,22.76979700724284,-3.4664111932118735,-0.082437928794154874,-0.99314458723620702,0.082872291747928581,3.504290726652143,0,0
f8447,False,-35.561771392822266,21.835586547851562,-0.53475356101989746,0.40548088415526984,-0.84882182652639748,-0.33924439479091045,7.8709037434814446,0,0
f8450,False,-9.0827104250590001,-12.683187484741211,33.528668721516929,0.41811082762651053,0.58857322807199752,-0.6919283857585139,9.1938259738933539,0,0
f8488,True,-9.520361741383871,-14.085068384806315,31.968596776326496,0.46248900559569611,0.63195978121716412,-0.62187680020005431,5.5521244394314326,0,1
f8489,False,-6.8423148790995283,-13.160592714945475,34.434768676757812,0.40007725056430882,0.58888332749178152,-0.7022496850715636,12.536526030845611,0,0
f8499,True,-32.569301605224609,16.037564277648926,2.5699467658996582,0.99058806769111363,-0.0086415125896743255,0.13660382281674399,7.1857817280952929,0,2
f8502,True,-7.5274747212727862,19.716113408406574,19.423289616902668,0.40418534253793115,-0.91462572792934571,-0.0096946731357883172,6.0572786661308262,0,1
f8503,True,-4.7438704967498779,20.661685307820637,23.072432835896809,0.32874839774755477,-0.94412820385092322,-0.023375749648831393,5.0303737013040113,0,2
f8551,False,-18.379004796346027,6.4096403121948242,-18.522888819376629,-0.88725970320913883,0.30891956057021203,0.34254769618016395,1.694233736428238,0,0
f8583,False,-33.777674357096352,15.213900566101074,5.1135727564493818,0.9135082728987679,-0.40287583307097175,-0.056512816890336375,6.2605875232334407,0,0
f8587,True,-20.688357671101887,13.063057899475098,-7.035634358723958,-0.24452144356423963,0.96707120723056805,-0.070587136100511066,3.1930271959723,0,3
f8588,True,-21.027737935384113,11.228439013163248,-9.6814963022867833,0.12264601638454825,0.22441565523387158,-0.96674483104434195,4.6262396810320379,0,2
f8589,True,-20.331614812215168,9.5074346860249843,-9.7241655985514317,0.22556824775316806,-0.0017957702896998521,-0.97422571348462783,5.9545857188194953,0,1
f8590,True,-18.517241160074871,9.1157263120015468,-9.4325968424479161,0.095095965445931657,0.037436590765740928,-0.99476392125355273,5.6729120842061418,0,1
f8618,True,-20.107631047566731,12.433091481526693,-8.3884762128194179,0.32197277268002006,0.81141453221880555,-0.487790929145753,6.2366625538760019,0,3
f8629,False,-34.457743326822914,13.688877741495768,5.6582535107930498,0.89600346487137694,-0.44321188604968742,-0.027221590746428506,4.5541606928771934,0,0
f8632,False,-33.699214935302734,22.437664031982422,-1.204851468404134,-0.098031151766432845,-0.95785243682103449,-0.27001593019552117,6.4167453428318462,0,0
f8652,False,-18.676270802815754,7.1738290786743164,-19.527170817057293,-0.88698340528504216,0.041382243521385184,0.45994341898769164,1.584329439552435,0,0
f8653,False,-18.854682922363281,8.4187728563944493,-19.01611328125,-0.88651722696937596,0.46269246119447099,-0.0017007763906348114,1.6069832136732911,0,0
f8687,False,-4.0400865872701006,-11.811752319335938,36.717366536458336,0.31574482254132269,0.49972717748370032,-0.80658412774026433,5.2691081618390374,0,0
f8722,True,-21.840374628702801,9.8049491246541347,-5.0041406154632568,-0.67344401944509269,0.25414659206465712,0.69417768792691581,3.2430164182065053,0,1
f8725,False,-41.207002003987633,12.821091334025065,0.80506769816080725,0.2600090974082504,-0.94966407889796312,-0.17473810836743667,3.3740329319559557,0,0
f8757,True,-17.531389236450195,-12.786170641581217,15.049420038859049,0.20632646144127156,0.97546364799069585,-0.0768118659961297,2.3368697922108224,0,1
f8762,False,-31.318798700968426,14.959991137186686,19.651456197102863,0.72650355475994766,0.68269855836454907,-0.078200149156675863,2.4893309078189474,0,0
f8763,False,-12.793903350830078,-4.5824334621429443,34.868192036946617,0.57837195371898487,0.21355863087282315,-0.78732369094992294,10.899792084205476,0,0
f8798,True,-36.574197133382164,-3.2218603293100991,-6.1194512049357099,0.10920784811018024,0.1294605874688792,0.98555243503496892,2.4381488456587386,0,1
f8800,True,-26.16583251953125,-13.537840843200684,3.3523054122924805,0.057152256559793488,0.93765700905970872,-0.34283079344091166,0.23520340465735229,0,2
f8801,True,-35.578538258870445,15.244091033935547,-8.3400338490804042,0.24287334463529431,-0.28715769267130192,0.92658134991233221,0.84471318262385797,0,1
f8803,False,-39.576291402180992,0.79900825023651123,-2.410912036895752,-0.45943920180667241,-0.88816981300238163,-0.008366786393966312,1.5488142627479089,0,0
f9019,False,-26.756336212158203,-3.0183502833048501,25.158724466959637,0.81409821632104218,0.05182498844971703,-0.57841011812993426,4.557903691817117,0,0
f9102,False,-37.622437795003258,-14.051721254984537,1.864721695582072,0.053007518402694791,0.99835619086002392,-0.02179722836168144,1.0363532235505513,0,0
f9113,True,-24.049341201782227,12.52178700764974,26.416926701863606,0.65895175317773957,-0.25538518892944845,-0.70750335141217058,6.1975273145639935,0,2
f9245,True,1.0427477359771729,-15.364405949910482,35.432538350423179,0.17337559687885556,0.629391947677724,-0.7575002829077635,9.3228380465778287,0,1
f9268,False,-34.323874155680336,2.7052832643191018,9.7504069010416661,0.87484962865862403,0.0038098958056633232,-0.4843796155184667,10.918514240036115,0,0
f9321,False,-30.161413828531902,19.465042114257812,-6.4630061785380049,-0.44490903675558285,-0.28262854961846767,0.84981000932783834,3.8168482640784194,0,0
f9339,False,-27.45076624552409,3.8981669743855796,23.009745279947918,0.84710296285115594,-0.035917011831023471,-0.53021367257920005,6.5446067714311749,0,0
f9354,True,-14.601718266805014,18.851373672485352,11.169632911682129,0.054859306207100826,-0.99045865388083609,-0.12642037602790893,2.1811296575882286,0,2
f9365,False,-39.722286224365234,0.56086905797322595,0.58860886096954346,0.85044781981509388,0.43264800648749252,-0.29925609142363735,2.643518169856113,0,0
f9379,True,-3.9735946655273438,20.152772267659504,14.32809861501058,0.043546461972159653,-0.97887118786702443,0.19978714476539264,5.4006233934984964,0,1
f10788,False,-1.0211331049601238,-11.823326746622721,37.435488382975258,0.095341776847081228,0.4478462294495556,-0.8890127672623479,5.7194779957774102,0,0
f10835,False,-34.941656748453774,21.334509531656902,-5.7896148363749189,0.15121767792099147,-0.55876371484533061,0.81542401537876552,5.0608892953817444,0,0
f12574,True,-31.368475596110027,3.0229703585306802,16.409067789713543,0.92157855267869637,-0.046770257343407937,-0.38536413205002701,6.6454633223837334,0,1
f12579,True,-31.829120635986328,4.5649305184682207,15.192771275838217,0.91176959065838814,-0.031979714025561289,-0.40945513971798964,6.4639939338863508,0,1
f12594,False,-32.360798517862953,13.269055048624674,13.910957336425781,0.97188610737771741,-0.13333866676410974,-0.19405719319766987,10.937287713891827,0,0
f12619,True,-30.898242950439453,-0.66403345266977942,18.872763951619465,0.76208132882910529,-0.24451850666407179,-0.59953544361350086,5.4236742706807455,0,1
f12782,True,-30.587539672851562,-3.4110421737035117,19.906140009562176,0.67669994147352741,-0.11309195690132015,-0.72752140758465267,6.7871782385008359,0,2
f12793,False,-30.11248270670573,1.5821191072463989,19.234722773234051,0.86097934711776991,-0.14090103690388825,-0.48873455130169358,4.9582212762697706,0,0
f12804,True,-22.817018508911133,-10.583509763081869,21.472442626953125,0.45542132209457159,0.88991835970125266,0.025233557978695042,9.4424384476392262,0,1
f12816,True,-21.398078282674152,-11.401324590047201,21.787918726603191,0.5799579425258381,0.80841950594583212,0.10053202130412645,3.5920706789318149,0,2
f12828,True,-31.324413935343426,-5.2358589967091875,20.009384155273438,0.27331786737577701,-0.45916679161785579,-0.84525925067314223,4.5400116035458034,0,3
f12878,True,-26.459795633951824,18.547886530558269,8.9610538482666016,0.36085977601313901,-0.92826071701789736,-0.090068103661429783,2.4025375539237199,0,2
f12942,False,-33.841321309407554,11.429839134216309,9.7053400675455723,0.88434504211394405,-0.17297181127888703,-0.43360650247821197,4.6713727146296167,0,0
f12943,False,-34.281888326009117,12.14373779296875,8.3811254501342773,0.89861014936998018,-0.21340365302536052,-0.38335190142308345,7.0278691454194879,0,0
f12948,False,-33.845298767089844,13.909912427266439,8.0354324976603184,0.86684932826068872,-0.38223949966092341,-0.3201018697117522,5.5900947143247848,0,0
f12953,False,-32.574231465657554,15.32082494099935,8.9002272288004551,0.71475460149325465,-0.59163314554636581,-0.37295586968853467,6.4197892294321317,0,0
f12958,True,-31.292765299479168,17.445226669311523,7.3950142860412598,0.53785040532720219,-0.79173025163278721,-0.28962070046674437,4.4959514978032393,0,1
f12972,False,-32.550992329915367,16.470821698506672,7.0246491432189941,0.70789618565220613,-0.61540188420758513,-0.34664608933725399,5.5832077479468936,0,0
f13020,True,-32.525975545247398,20.158089955647785,5.5069746971130371,0.26784075879327524,-0.37625205068196155,-0.88695869254811466,1.3143946940238553,0,1
f13026,False,-33.674458821614586,20.021069844563801,4.9936493237813311,0.53299883577700113,-0.3942662437463908,-0.7486430191369402,1.5066267970751082,0,0
f13031,False,-33.95188776652018,20.711441675821941,3.7144211928049722,0.62055880070046265,-0.69569478038248223,-0.36182253581248008,4.2722595634261307,0,0
f13106,True,-18.127745310465496,-12.452282905578613,17.031311670939129,-0.24351940240377443,-0.96703335905749488,0.074463300510298785,0.77357610903350293,0,2
f13108,False,-27.037608464558918,-9.9128192265828456,18.055507659912109,0.2759086235373171,0.93308733121809484,-0.2306999431686895,4.9102521123936977,0,0
f13143,True,-31.59630012512207,0.1229560375213623,17.095167795817058,0.90615406802361897,-0.23515409249881047,-0.3515499364035034,9.6068777000337171,0,2
f13159,True,-32.365774790445961,4.0378042856852217,13.829193751017252,0.95766934903194856,-0.023695995994539247,-0.28689356510481484,5.035187773683103,0,1
f13164,False,-32.949498494466148,5.6677807966868086,12.443600018819174,0.90224617474746849,0.075992806432331639,-0.42447253565348481,5.4364205516576014,0,0
f13183,False,-25.958149592081707,-9.8236440022786464,19.534102757771809,0.24629068937367773,0.93470992718611556,-0.25623865506118526,6.6103054614567265,0,0
f13185,True,-28.679353713989258,-8.3684844970703125,19.495646158854168,0.64732691722576741,0.64658960996874071,-0.40359600904302356,4.9890558658421247,0,1
f13186,True,-30.022116978963215,-8.0460936228434239,18.469219207763672,0.45777178257207396,0.71145603412090574,-0.53317474301933931,7.5932920844996907,0,2
f13219,False,-32.910639444986977,8.0591915448506679,12.934459368387857,0.90273684699345169,0.070424682151740442,-0.42438961959990001,9.5092529265916106,0,0
f13229,False,-33.389597574869789,9.3645865122477208,11.688763618469238,0.96378417296419805,-0.074014959948137629,-0.25620666198909131,7.4864399499958942,0,0
f13234,False,-33.061693827311196,11.829833666483561,11.717808405558268,0.95378412134783552,-0.18798490507601032,-0.23443021419667862,5.9953665102417393,0,0
f13402,True,-28.034411748250324,-4.5708639621734619,23.392936706542969,0.78275429165545041,0.027906270899620802,-0.6217048809036736,8.3972945170256974,0,1
f13415,False,-28.080040613810223,1.1582614580790203,22.439769744873047,0.82353821705143249,-0.13476887507095353,-0.55101919691409806,5.2503602465853474,0,0
f13443,True,-23.005939483642578,-9.8050840695699062,25.086011250813801,0.79380063349171792,0.58536087707204976,-0.1650248401350167,3.1683598363136665,0,1
f13448,False,-24.065099716186523,-9.3090084393819179,23.998385111490887,0.58458878018738303,0.70558253784385072,-0.40051122377388954,7.0596846179105954,0,0
f13449,False,-25.411787668863933,-7.4760306676228838,24.499761581420898,0.75269382418973396,0.5262829202026843,-0.39557337489973798,8.7136777351882522,0,0
f13467,True,-19.472307205200195,18.707799911499023,12.549702008565268,-0.056661225191954316,-0.97682116638616301,-0.20642169086538051,2.3361730233416291,0,1
f13468,False,-23.607336044311523,18.685988108317058,11.779681523640951,0.11298048874812396,-0.99209895731994879,-0.054544184354572034,6.1455655587806639,0,0
f13474,True,-12.39990488688151,18.983742396036785,11.079819043477377,0.054219709358560915,-0.99054240314892883,-0.12603955998422989,5.457452404437162,0,3
f13477,False,-32.017291386922203,9.1390929222106934,15.302024841308594,0.94016376232368049,0.0790597573445843,-0.33142367866825306,8.268702683154622,0,0
f13532,True,-7.5787657101949053,19.146556854248047,9.9467112223307286,0.02673214512846606,-0.9905053701796811,0.13484993163529363,3.3023315279531191,0,3
f13533,True,-6.9257841110229492,19.413421630859375,11.322079022725424,0.032296561213735926,-0.97817935431766345,0.20523665101644603,4.7913705317520732,0,2
f13613,False,-27.800909678141277,-0.50957822799682617,23.282023747762043,0.8277460153312316,-0.14147797797750875,-0.54297377086804466,5.1203125236770228,0,0
f13684,False,-31.867536544799805,11.235625584920248,16.773373921712238,0.93657609194412228,0.22392972699220662,-0.26959358554659801,7.0279294752174479,0,0
f13689,False,-30.627813339233398,4.8072960376739502,17.939620971679688,0.91815020045674089,-0.049868546486139212,-0.39308184576829064,5.8471320578409447,0,0
f13692,False,-31.519496281941731,7.274808406829834,16.174743016560871,0.92930811638494193,0.10650038612175419,-0.35361574141571855,5.8243521233719502,0,0
f13693,False,-30.785709381103516,7.3582301139831543,17.822832107543945,0.87435175979455171,0.13008304356410599,-0.46753331637570977,5.3267975340934441,0,0
f13704,False,-26.290613810221355,4.7297278245290117,24.73402214050293,0.82958529331141384,-0.035790988549202533,-0.55723177068441299,8.9930941518675453,0,0
f13708,False,-31.948348363240559,12.971268018086752,16.621319452921551,0.9731823393329605,-0.20010831793605607,-0.11345834258981903,6.0866373936546445,0,0
f13742,True,-7.8863336245218916,19.518117904663086,12.780354817708334,0.11579166167466336,-0.99100206558210835,0.06713566189898558,6.787793327199287,0,1
f13821,True,-22.020436604817707,-11.068307240804037,23.984161376953125,0.52690699911927996,0.84330249122995427,-0.10587692177461516,1.6580389786250589,0,2
f13827,True,-27.599894841512043,-8.2793092727661133,20.974241256713867,0.56067874911514282,0.63270510045805983,-0.5341569021785969,6.2160500146484932,0,1
f13871,True,-27.932514190673828,18.253312428792317,9.0135847727457676,-0.040785568675942803,-0.98046299109086765,0.19242884526216272,1.7583343007228049,0,2
f13872,True,-29.118648529052734,17.841118494669598,9.2002840042114258,0.37531693001256666,-0.79433921762555826,-0.47766348969536926,4.1503519444387074,0,1
f13879,True,-24.752659479777019,19.023078282674152,8.9283358256022129,0.20449080873765169,-0.96616605328693606,-0.15718354436061843,4.0749125277572089,0,2
f13880,True,-23.270628611246746,19.007280985514324,10.168346405029297,0.15696158044675212,-0.95502686027479511,-0.25156859584877583,7.8286798555374775,0,1
f13974,False,-30.292118708292644,20.651119232177734,-5.7228229840596514,-0.36327351778463091,-0.75837608760901809,0.54120057374250652,2.9757669583797242,0,0
f14027,True,-27.319026311238606,-6.9126776059468584,22.730328241984051,0.5498774319404941,0.60086324995682905,-0.58017080648188812,12.09692343010771,0,1
f14040,False,-30.069877624511719,4.1534342765808105,18.987679799397785,0.80949632937005989,0.019850058300179472,-0.58678928749754733,4.4072869889072459,0,0
f14076,False,-31.334888458251953,15.067354202270508,13.653103828430176,0.63036195341890233,-0.77614914428384973,-0.015372491969534739,11.850821642320915,0,0
f14078,False,-31.205283482869465,15.752943992614746,11.000535011291504,0.73583321452922856,-0.58768815797547447,-0.33641062612672651,8.3012573953291557,0,0
f14081,False,-29.007927576700848,17.298832575480144,10.930226643880209,0.34855925713130786,-0.91103794636863722,-0.22026416990624403,9.6924380731092317,0,0
f14090,True,-16.273672103881836,18.993307113647461,10.327341079711914,-0.034110581111856206,-0.95889274286201853,-0.28171115693697057,1.7345130880757753,0,2
f14091,True,-17.372376124064129,18.874152501424152,11.108513832092285,-0.076507825816032757,-0.97641108941113153,-0.20191071557465912,2.7772225773627688,0,2
f14092,True,-19.037635167439777,18.93681526184082,11.339412689208984,-0.057161019493059427,-0.97714933588164787,-0.20472369974326074,4.0885722604336605,0,2
f14093,True,-20.559262593587238,19.256269454956055,10.007120132446289,-0.0349158167333374,-0.9847000779729479,-0.17072387701172409,5.7237855921951128,0,2
f14249,False,-23.290814081827801,-11.416412989298502,14.679114977518717,0.039009361891831552,0.97231316839090554,-0.23040263075414502,5.179069894539194,0,0
f14250,False,-28.384634653727215,-10.289436658223471,15.422763824462891,0.40172319844922888,0.85793344145709782,-0.32026345694959046,1.2045272670552098,0,0
f14285,False,-38.064829508463539,13.158256212870279,2.6346042950948081,0.23365751391657955,-0.47262413145467236,-0.84972383546481745,5.7721049395024906,0,0
f14292,False,-39.175249735514321,11.559673945109049,2.906618595123291,0.36306877565033113,-0.15328733996426391,-0.91906694835275715,3.7470339596001487,0,0
f14359,False,-35.109212239583336,16.480262120564777,2.0581115086873374,-0.83517455029485399,0.46327127915434624,-0.29641726071618041,4.6996409351769532,0,0
f14360,False,-36.181784311930336,16.690402984619141,2.5584338506062827,0.55720545583106151,0.16331159360864447,-0.81415686657124242,4.0904016279474273,0,0
f14365,False,-37.984553019205727,19.035063425699871,0.32733074824015301,0.64555001415701196,-0.45170752559275973,-0.61581286974595451,3.5430674819408576,0,0
f14366,False,-38.759562174479164,19.48235575358073,-0.67857627073923743,0.5189080212806414,-0.41772152501847482,-0.74581713106286929,1.8218973439712787,0,0
f14370,True,-17.656042734781902,-12.758770306905111,14.997602462768555,-0.20904313759755849,-0.97401747744394185,0.087125887410737415,2.2659343944802566,0,2
f14372,True,-30.257436116536457,20.352177302042644,-1.3958984613418579,0.73513824368877345,-0.35963829186386104,0.57465821293307007,3.6806952164394087,0,3
f14473,False,-36.390889485677086,20.079005559285481,0.96140472094217932,0.55164533801212312,-0.50097999371802859,-0.66686315458553747,8.8586248579744531,0,0
f14513,True,-30.80897331237793,-9.4958950678507481,13.344371477762857,0.51278299041025199,0.84968555806738755,-0.12283345292562456,4.4641842581030833,0,1
f14538,False,-34.040368398030601,17.291126251220703,2.9544876416524253,0.20300003952995391,0.9735809858661354,-0.10455165187963844,4.0303670695002332,0,0
f14552,False,-35.783224741617836,18.253205617268879,3.272252082824707,0.54256339532152331,0.30866828856673667,-0.78124826379996659,3.0136836040462289,0,0
f14563,True,-33.141737620035805,17.171281814575195,2.0942479769388833,-0.070852107236048137,0.99715340551127762,-0.02578884986719809,3.89754868847431,0,1
f14570,False,-35.679409027099609,11.81592845916748,4.8038976987202959,0.80560484993619141,-0.59010678780486203,-0.052676415461893743,6.6159455526375828,0,0
f14600,True,-35.013033548990883,-1.3373516201972961,8.1678012212117519,0.90001841772626501,0.11275122042362791,-0.42101545107809607,4.159482716656516,0,2
f14620,False,-26.269392649332683,-11.056220372517904,15.115476926167807,0.20056879208306311,0.93916079245835127,-0.27883537356537591,4.1468328896255313,0,0
f14621,False,-24.940549214680988,-11.458812395731607,14.164950688680014,0.052149870827072425,0.97283991926416113,-0.22552800814714793,5.8932201346232196,0,0
f14623,True,-21.4588623046875,-11.948636690775553,13.777990659077963,0.26758744194926526,0.84199676290048131,-0.46844253882003439,2.659852906982227,0,1
f14644,False,-36.576946258544922,11.5466521581014,3.7699365615844727,0.15056314362014753,-0.36183656498414352,-0.92000273913923458,3.6912273335233614,0,0
f14645,False,-38.120526631673179,10.50823720296224,3.6471756299336753,0.47625877080604578,-0.28300040017672712,-0.83251928309807144,2.7898374372233401,0,0
f14657,False,-36.167067209879555,13.286836306254068,3.0490290323893228,0.19521082233615511,-0.45963308462709412,-0.86638915180132814,3.6927932415494635,0,0
f14664,False,-35.177982330322266,13.884241739908854,1.8856805165608723,-0.73772183997353713,-0.66238372776730947,-0.13043881330011298,3.5136596338798989,0,0
f14677,False,-37.951320648193359,7.0633637110392256,4.2964596748352051,0.79589690026108773,-0.17110378360475448,-0.5807509099355157,8.2025739453698918,0,0
f14848,True,-34.434585571289062,0.0028400619824727378,9.4786771138509121,0.8718613802919527,0.03196249192902615,-0.48870863780487633,5.3319824528779138,0,1
f14858,True,-33.682545979817711,-0.4229559103647868,10.936754862467447,0.91841400328389566,-0.028795473279834807,-0.3945713361239494,2.9457277246684073,0,2
f14890,True,-31.86692174275716,-8.8046471277872715,13.22934627532959,0.66892696589253453,0.74240316734198075,-0.037070897243022718,1.3838857157655187,0,2
f14929,False,-35.326989491780601,14.659691492716471,0.78754067420959473,-0.87010531549756132,-0.24631133734142441,-0.4269045151318599,2.2462494980048544,0,0
f14930,False,-38.000115712483726,15.09235954284668,2.1142980257670083,0.056582986274221113,-0.091959595146739251,-0.99415381029533811,7.6867852419720775,0,0
f14934,False,-35.17878850301107,15.786248524983725,0.93026057879130042,-0.81335526776264166,0.56014232289829424,-0.1571425674375489,2.1509676164181961,0,0
f14938,True,-31.730333964029949,18.645697911580402,-0.97204995155334473,0.13781311468946045,0.76835634963342481,0.6250088522553805,2.2454286428064574,0,2
f14943,True,-31.165691375732422,20.073286692301433,-1.3517202933629353,-0.83217371558698128,-0.13069008032813367,0.53889424750129222,2.4445580465195382,0,2
f15033,False,-25.751970291137695,-2.9792763392130532,26.604957580566406,0.82488146514971383,0.044809719639032186,-0.56352698025767378,5.0351566532566521,0,0
f15122,False,-34.026241302490234,17.868791580200195,4.4883130391438799,0.5288068753948828,0.4773208063989211,-0.70180348838815598,2.0572882243908563,0,0
f15123,False,-34.696525573730469,18.620730082194012,4.3057551383972168,0.7504083984417107,0.22386503137301383,-0.62190970669101686,1.2335627908953646,0,0
f15128,True,-32.523504892985024,18.926311492919922,5.4667840003967285,0.15747770107417838,0.26885008435867197,-0.95022124045125755,2.245138318009392,0,1
f15129,False,-33.427897135416664,18.544681549072266,5.1599329312642412,0.28082883599201797,0.27920469637897249,-0.91824827927706665,1.3269438697938321,0,0
f15145,False,-34.169225056966148,8.9645919799804688,9.676295280456543,0.88530216862427835,-0.064328830579486865,-0.46054518973215369,5.8833701784368841,0,0
f15223,False,-34.098181406656899,19.296620051066082,4.9773750305175781,0.56741257778859666,-0.12126935488805494,-0.8144548545698127,0.77826694609912672,0,0
f15259,True,-31.405564626057942,18.448295593261719,6.316306273142497,0.73612856845724239,-0.15044481767295914,-0.65990990865150767,5.1027783400765525,0,2
f15315,True,-29.881642659505207,-9.3574161529541016,16.26884651184082,0.43385818355149763,0.85857254676310357,-0.27316708899520342,4.9853621540766326,0,1
f15362,False,-27.009435017903645,-10.347906430562338,16.676249821980793,0.23191783714305586,0.90270333472020425,-0.36240972158581769,3.4571122141314379,0,0
f15363,False,-28.130766550699871,-10.076050758361816,16.496648788452148,0.482675211745976,0.8571167591418819,-0.17993193480895614,0.63197116749116033,0,0
f15430,False,-35.518075307210289,4.1034799615542097,8.0020901362101231,0.81114846018844,0.067324106749062126,-0.58095235620863417,14.896442759748416,0,0
f15473,False,-35.462309519449867,19.61946741739909,2.6646438439687095,0.72723424335083131,-0.62859907060725351,-0.27566930139143386,7.0449459544628352,0,0
f15580,True,-32.038036982218422,-8.3774340947469081,15.027499516805014,0.68212922116156616,0.70316089369922552,-0.20066011863253078,1.0628037951429652,0,2
f15586,True,-30.980088551839192,-9.0686820348103847,15.142524719238281,0.51053829516655602,0.83915132929675185,-0.18755184805253444,3.6719071218550634,0,1
f15623,True,-16.782685597737629,-12.884713808695475,15.744145711263021,-0.23970182755282168,-0.96870866337780159,0.064393783586853812,0.29687948487146387,0,1
f15690,True,-32.988110860188804,0.6495107809702555,12.594078381856283,0.93263736508106909,-0.01359727127944846,-0.36055881554663677,3.9017322451326328,0,2
f15695,True,-32.819355010986328,2.2376135190327964,12.795007387797037,0.93133100217488785,-0.086401244597309676,-0.3537759026841073,4.8340121245421948,0,1
f15706,False,-28.797289530436199,-9.9185632069905605,16.082477569580078,0.2910399131399285,0.92287594235488279,-0.25218200566672033,1.2707356358553155,0,0
f15884,False,-13.126903851826986,9.9987042744954433,33.472516377766929,0.40214182466516196,-0.26658507827370648,-0.87590772852896759,2.7336743993325614,0,0
f15887,True,-19.914171854654949,11.831797281901041,30.068367004394531,0.36811045372027446,-0.60574620345855268,-0.7053837472308272,7.0648142811426791,0,2
f15896,False,-13.030034701029459,8.0881158510843907,33.976521809895836,0.31376215033946658,-0.18813700499541144,-0.93067598033134524,3.6863517203640623,0,0
f15898,True,-14.735542297363281,13.63045597076416,31.020345687866211,0.29142443621849118,-0.54948420788845964,-0.78303186605394726,5.0987084540948828,0,2
f15915,False,-6.6590838432312012,-5.0666395028432207,38.462636311848961,0.31749467651020602,0.18064445851909056,-0.93089457512331886,8.0021520446612833,0,0
f15917,False,-8.8729734420776367,-3.8128550847371421,37.6796875,0.46420229021059489,0.098305597220031557,-0.88025691892677083,9.3848294052609376,0,0
f15924,False,-12.962932268778482,3.287062187989553,35.058072408040367,0.73822078707511529,-0.16042248183997326,-0.6552058431138269,6.2220026826025849,0,0
f15926,True,-17.730075200398762,9.4611299832661953,32.157902399698891,0.095089098281318757,-0.40206852468230181,-0.9106585336161096,7.7407669992601713,0,1
f15930,True,-19.100051244099934,10.416869163513184,31.421610514322918,0.27708349035877355,-0.46813313809319873,-0.83909242899075998,5.7712579303456231,0,1
f15931,False,-20.533348083496094,8.5204213460286464,31.724497477213543,0.49955697488949047,-0.31699723808370139,-0.80619822617428649,3.801573813166474,0,0
f15932,True,-15.931849797566732,10.983810265858969,31.932017008463543,0.30315485085886051,-0.3593601156553734,-0.8825856579827811,9.2398679816593017,0,1
f15941,True,1.939277172088623,-9.3040153185526524,38.941935221354164,0.082942873673092485,0.3766303974710497,-0.92264295554003362,8.8232466271998877,0,1
f15942,False,-0.25574461619059247,-7.8386325836181641,39.269467671712242,0.1290547087943478,0.32291431490333711,-0.93758798380126152,5.0940701748724866,0,0
f15943,False,-2.3458871841430664,-7.4232997894287109,39.033816019694008,0.20673325345447488,0.32594363957470346,-0.92250859385532213,5.4781729717935894,0,0
f15944,False,-3.6538608868916831,-8.5343206723531093,38.332664489746094,0.21531429558091308,0.33440528731714003,-0.91750360104624995,7.9474585611840478,0,0
f15946,False,-6.144297917683919,-7.4530680974324541,38.005775451660156,0.30482801694527217,0.30807535310060336,-0.90120444789023946,7.5736998621290237,0,0
f15952,False,-10.201802253723145,-4.920960982640584,36.916768391927086,0.39828163546857992,0.043242838499926779,-0.91624330598752135,4.1753740978365546,0,0
f16014,False,-16.081635793050129,4.4370096524556475,33.503588358561196,0.15470396936940448,-0.094674688725224332,-0.98341414733373256,6.5231366690534749,0,0
f16015,False,-17.960764567057293,4.1561548709869385,33.194107055664062,0.18817858876373411,-0.096969112757474912,-0.97733607827702629,10.975269844751228,0,0
f16017,False,-18.761061350504558,6.4652866522471113,32.808815002441406,0.18976759615453312,-0.098539099492985713,-0.97687169337679225,7.4151642610410073,0,0
f16020,False,-13.89857037862142,3.7318979303042092,34.192548116048179,0.44748991006667871,-0.08886690115348661,-0.88986260415183882,3.8884801757187817,0,0
f16021,False,-20.435022354125977,6.2439625263214111,32.34698168436686,0.40984073600230492,-0.13556991510058328,-0.90202625750734655,4.8088343723789269,0,0
f16024,False,-13.889193216959635,6.1012805302937823,33.943707784016929,0.45596173546479707,-0.10256571027485548,-0.88406966403544518,3.1254107194721765,0,0
f16025,False,-15.082196553548178,6.6742391586303711,33.500216166178383,0.2106257303578257,-0.060552223976265987,-0.97568961759504269,4.4867057957339176,0,0
f16031,True,-21.789262771606445,10.536264101664225,29.534253438313801,0.7140564609231248,-0.31272041541155809,-0.62636196595799487,5.556267257562574,0,1
f16065,True,-12.444458325703939,14.41267204284668,31.56899134318034,0.4413979739895319,-0.56624167793292701,-0.69608777516175335,5.2434680130272353,0,2
f16095,True,3.9941534996032715,-7.9376894632975263,39.533299763997398,0.0078692939588743925,0.30579239401992198,-0.95206569414728615,9.5332515601947865,0,1
f16096,False,2.5139427185058594,-5.8165063858032227,40.068341573079429,0.071944642004064543,0.20637949713695414,-0.97582348385781581,6.3743789319233981,0,0
f16098,False,-1.0119047959645588,-3.2636056741078696,40.138542175292969,0.14634087589917144,0.14262853036669784,-0.97889807966227993,3.8740747372093955,0,0
f16109,False,-10.578496615091959,3.0655357042948403,37.374720255533852,0.62462032133385592,0.093382304333648317,-0.77532522170643248,3.8554699784464952,0,0
f16137,False,-1.7832211653391521,-14.692609151204428,35.294817606608071,0.19736214959337342,0.61574180908294551,-0.76283039166982869,8.8844099157228822,0,0
f16200,False,-15.09014892578125,8.5002646446228027,33.337310791015625,0.22425670841392836,-0.13076576090581737,-0.96571695879593678,2.5170440779886167,0,0
f16202,False,-11.845245679219564,5.6246694723765058,35.645078023274742,0.70359901047380224,-0.19312418558075262,-0.68385048176049212,6.1298751455127283,0,0
f16203,False,-15.091659545898438,10.094847202301025,32.72950553894043,0.62257945519410018,-0.44803606350501107,-0.641606193680478,2.9247914222097253,0,0
f16205,False,-11.921725273132324,8.0563405354817714,34.812367757161461,0.71577785485403156,-0.22249684791623969,-0.66193444929834144,6.3281347848030762,0,0
f16207,False,-10.768809954325357,0.69766004880269372,37.069076538085938,0.60548994944134749,0.034835474504502105,-0.79509019038192175,8.7687143520035331,0,0
f16208,False,-13.994014739990234,9.8378944396972656,33.276796976725258,0.041536751506302171,-0.20288935524454052,-0.97832029918772434,1.9533926578797252,0,0
f16209,False,-13.995525360107422,11.432476997375488,32.668991724650063,0.36787416832916192,-0.46726658157644974,-0.80394685024445911,2.0600576197443305,0,0
f16211,True,-11.904242197672525,12.271592140197754,33.089197794596352,0.29372918095043332,-0.37262920922897164,-0.88026736886447121,4.0265642625980389,0,1
f16217,True,-12.544631640116373,13.103656133015951,32.420148849487305,0.39544665463389944,-0.44839034154909463,-0.8016034212404185,4.0611029677540316,0,1
f16220,False,0.34906117121378583,-6.1158768335978193,39.829305013020836,0.088861267669398641,0.21114944661132817,-0.97340617745313163,4.3750992394639114,0,0
f16232,True,6.3415495554606123,-7.2196516990661621,39.828862508138023,0.043451035890062342,0.30606400515761922,-0.95101883904944673,10.160358610038964,0,2
f16234,False,-1.1958755652109783,-4.7509576479593916,39.889231363932289,0.1477752146355058,0.14833529093130607,-0.97783389560996259,4.797321139044505,0,0
f16235,False,-2.9673251310984292,-5.3672116597493487,39.458902994791664,0.2094145800787619,0.17899021723947553,-0.96130538112662256,4.7978376885786371,0,0
f16237,False,-4.7900847593943281,-4.0918039480845136,39.214612325032554,0.2625150543171974,0.1461642786329837,-0.95379340001309432,6.611323145666792,0,0
f16241,False,-9.0952930450439453,-1.1840792496999104,37.920809427897133,0.46230079963860354,0.13956778293477798,-0.87567048860868812,10.103541648144166,0,0
f16252,True,5.7652395566304522,-13.52405039469401,37.367116292317711,0.20716274443090482,0.44541439651905929,-0.87102790580636269,9.4240427901505353,0,3
f16253,False,-2.9770946502685547,-10.455379486083984,37.740280151367188,0.20916467928068372,0.38500999669352659,-0.89889790264938274,5.6741386685914064,0,0
f16255,False,-7.6162400245666504,-8.8507698376973476,36.848943074544273,0.38742780481353328,0.38555161464313631,-0.8374065013501133,8.8054679819655295,0,0
f16261,False,-11.247555414835611,-6.9977893829345703,35.765177408854164,0.70896278992929906,0.24092708109992086,-0.6628166443959721,2.1724219646643212,0,0
f16268,False,-16.802830378214519,-0.76907169818878174,33.514442443847656,0.16527567959873671,0.07959926712072031,-0.98302996211052485,3.0316303035740577,0,0
f16269,False,-18.253934224446613,-1.2184778849283855,33.121889750162758,0.27846724992354865,0.063768926987898447,-0.95832641342646296,5.9124879834647501,0,0
f16305,False,-23.627884546915691,9.5190649032592773,27.899363835652668,0.82360358266437639,-0.13121036412008441,-0.55177982834630568,2.5741780826895142,0,0
f16328,False,-15.263254801432291,2.2520789504051208,33.919672648111977,0.21979286979043686,-0.14520627201685943,-0.96467934203871597,5.1583636069460246,0,0
f16329,False,-15.65080197652181,0.47302800416946411,33.898419698079429,0.25447526973953644,0.12531343155676564,-0.95892589962022512,3.3167027260588187,0,0
f16338,False,-21.707452138264973,4.6485071182250977,31.526237487792969,0.68738665364655893,0.021728319101973606,-0.72596657535838971,6.6749364458253106,0,0
f16343,False,-22.551556905110676,6.3488172690073652,30.341211318969727,0.82827014318781467,-0.14495502429230356,-0.54125466356979768,6.955647632452961,0,0
f16355,True,-25.429819107055664,11.952279408772787,25.182892481486004,0.74341717515462169,-0.12534207556032281,-0.65697813341035405,4.680095258495963,0,1
f16444,True,1.4809018770853679,22.348709106445312,21.275131225585938,0.23907102559766744,-0.94916972357092322,0.20474833473309731,7.2405858763331938,0,2
f16454,False,-21.677125295003254,8.6436576843261719,30.640339533487957,0.71729031559091283,-0.328521703783692,-0.61446569741731616,5.1460948202868115,0,0
f16481,False,-9.9852476119995117,-6.5862894058227539,36.823707580566406,0.41884198868787764,0.22525556918999737,-0.87967682535171632,2.0510597985340766,0,0
f16483,False,-11.464110056559244,-5.3324609597524004,35.858238220214844,0.79532870198124506,0.084777273515131507,-0.60022085077092113,4.6497319089774312,0,0
f16493,False,-19.191937128702801,0.8878328800201416,32.975975036621094,0.28542954729448172,0.05717792825082426,-0.95669256193001262,9.9373801475898649,0,0
f16494,False,-21.020457585652668,0.34902881582578021,32.180838902791344,0.50496974843476439,0.056629747522399548,-0.86127732169219462,7.6823847538257892,0,0
f16538,True,-1.7479159832000732,21.468819936116535,25.608719507853191,0.21781041296155607,-0.97587674056440388,0.014940255383075177,2.8588234493710498,0,3
f16559,True,0.063072363535563156,21.991381327311199,22.529486338297527,0.4393749901097424,-0.89714765565516374,0.045559872898279966,7.5888371204241123,0,2
f16560,True,2.5396634737650552,23.269396464029949,22.698225657145183,0.79399279918246146,-0.38191963815286456,0.47298290121270153,2.0522833931321385,0,3
f16569,True,-2.6368025938669839,21.260600407918293,24.04868443806966,0.2138636544273613,-0.97686105570795589,0.0021943463974557278,3.9707003538891925,0,2
f16690,True,11.3540407816569,5.710629940032959,41.344385782877602,-0.0013288502348507134,-0.1119074713813074,-0.99371774262417945,2.3512914067842914,0,2
f16691,True,12.692322413126627,6.0499224662780762,41.307365417480469,0.0021116462584747724,-0.10848934603982348,-0.99409536903957585,2.4696213547130816,0,3
f16692,True,9.4018715222676601,5.9545191129048662,41.284164428710938,0.038136908894028189,-0.15463777325805961,-0.9872348936609755,1.5676663157531228,0,2
f16790,True,-4.5496836503346758,15.028174718221029,35.895891825358071,0.31981129402901948,-0.530578159078814,-0.78498888738632522,6.5917140653006943,0,2
f16850,True,-2.0141443411509194,13.476991971333822,37.625114440917969,0.30244354022819836,-0.41263396674108255,-0.85922122556752134,3.9723850747787015,0,3
f17075,False,-9.8946641286214199,5.8458863894144697,37.384557088216148,0.41726248448431352,-0.33060624699642449,-0.84651729367386075,4.6443094660403634,0,0
f17078,False,-11.079070727030436,5.2169868946075439,36.658683776855469,0.79581727041586481,-0.21112773477631583,-0.56753850240848325,3.8311179177548125,0,0
f17104,False,3.0011355082194009,-3.7877803643544516,40.450236002604164,0.055989987951772423,0.14034802157873436,-0.98851785724290053,7.8898301047291826,0,0
f17109,False,1.0202247301737468,-2.5997988382975259,40.46051025390625,0.094044217011038531,0.10977655891024175,-0.98949724221980873,5.4548486382979435,0,0
f17110,False,-2.5374778111775718,-1.3703420162200928,40.038497924804688,0.2043734083701344,0.06095306568391963,-0.97699346657739017,5.6833642486617935,0,0
f17113,True,7.1977863311767578,-4.6829782327016192,40.610786437988281,0.047962044299340985,0.21693938542508931,-0.97500612580537793,4.1568696826105276,0,1
f17114,False,-4.5442082087198896,-1.582286278406779,39.544896443684898,0.24869327485485773,0.069215207860148828,-0.96610605527697757,9.1289171434801357,0,0
f17118,False,-6.6355268955230713,0.071654001871744796,39.034042358398438,0.29261120459281525,0.031449727260426968,-0.95571418196131541,11.194580748079812,0,0
f17119,False,-7.1246372063954668,2.5822927951812744,38.908182779947914,0.29038591807159453,-0.01702673072376449,-0.95675812462010357,9.7620686374400005,0,0
f17120,False,-9.3940900166829433,3.6944351991017661,38.100593566894531,0.40067941234652676,-0.047579320688954881,-0.91498208548824578,4.1404949920034673,0,0
f17208,False,-11.198391914367676,10.098391056060791,34.773663838704429,0.63736926448782727,-0.31089125547087476,-0.70505818763984951,3.8441094105695313,0,0
f17210,True,-11.084039688110352,12.403054237365723,33.554499308268227,0.71915261573456557,-0.43698090508222326,-0.54024735434396443,3.1186308409358467,0,1
f17285,True,-4.3250194390614825,8.3935160636901855,38.845364888509117,0.23177041781889815,-0.26447660381089511,-0.93612744830002093,11.086232866829313,0,2
f17286,True,-5.3467840353647871,6.3085222244262695,39.191215515136719,0.22250058528968819,-0.27404003798424253,-0.93562575163755579,4.9585234369779174,0,1
f17289,False,-6.7865222295125323,11.555404663085938,36.808090209960938,0.3959040959070656,-0.37846201371133248,-0.83667583389361255,9.5329990518668151,0,0
f17291,True,-6.6124561627705889,14.219067255655924,35.477177937825523,0.39357470956160856,-0.49585117295096748,-0.77409983999264931,7.4868436626332473,0,1
f17306,True,6.7410449981689453,-1.7231618762016296,41.02191162109375,0.070165688747740235,0.082662013655693381,-0.99410450538207562,7.4390786469407804,0,1
f17320,True,5.2283172607421875,0.2222347060839335,41.033200581868492,0.074907401139760396,0.050835007712071806,-0.995893911641898,12.594124102396494,0,2
f17323,True,7.4267379442850752,1.7962836225827534,41.257235209147133,0.066628601178476826,0.034986594055792575,-0.99716426316899986,12.437946317978051,0,2
f17324,True,0.84921177228291833,0.8228001594543457,40.576835632324219,0.1408941261553546,0.049602029001961111,-0.98878131249220502,14.542916946681597,0,1
f17325,True,-1.343068281809489,3.1114057699839273,40.281964619954429,0.15476057091813927,-0.020865691277604397,-0.9877316379546619,14.607391370330992,0,2
f17328,True,-4.3910228411356611,3.8842301368713379,39.761423746744789,0.18573671912960285,-0.023932126574161643,-0.98230805986951431,5.2476690982610421,0,1
f17332,True,6.7250957489013672,3.8340774377187095,41.243906656901039,0.070983662972411862,-0.0099788422485010634,-0.99742756243167785,8.278760780229014,0,2
f17336,True,10.762404123942057,1.5491233468055725,41.455457051595054,0.053480751340705686,0.036568708723785176,-0.99789906241979631,6.9704331713300727,0,2
f17340,True,12.012931187947592,3.3430279890696206,41.502349853515625,0.017804741998328606,-0.053562386954402047,-0.99840576013268256,4.9508710711362109,0,2
f17348,True,10.891896565755209,4.5612268447875977,41.422968546549477,0.014064133095993055,-0.045588062909618011,-0.99886131603962269,3.6900440765966183,0,1
f17349,True,8.9397273063659668,4.8051160176595049,41.362747192382812,0.038382071190162015,-0.046645408377359601,-0.99817384382103647,3.0399704195110751,0,1
f17353,True,-4.8822288513183594,11.049839019775391,37.802380879720054,0.29639993277346488,-0.35973378152123003,-0.88472520382564068,8.1022844478821838,0,1
f17356,True,-3.4448856512705484,13.265661557515463,37.288836161295571,0.23938863111926476,-0.41346728844496772,-0.87848613231900841,5.5782757646390424,0,2
f17384,False,-8.6610550880432129,9.7520607312520351,36.597086588541664,0.46786481175775541,-0.33420648414910892,-0.81817390808529911,10.958012738475043,0,0
f17386,False,-6.031309525171916,3.7287314732869468,39.291417439778648,0.36409973303404247,0.08368801627790208,-0.92759242145244414,4.840661415115199,0,0
f17394,False,-6.987070719401042,6.153023560841878,38.721209208170571,0.35639800254504134,-0.23423581331929139,-0.90449657132603589,4.7306763828198841,0,0
f17395,False,-8.5809725125630703,7.1580360730489092,37.621938069661461,0.47026466076928858,-0.28123471616319939,-0.83651550090608029,8.0136323573490671,0,0
f17399,False,-10.017588297526041,10.889644145965576,35.307395935058594,0.51215326254483384,-0.34900532899813597,-0.78478934498092234,5.5490808964763394,0,0
f17403,True,-9.9032360712687169,13.194307327270508,34.088231404622398,0.52195553876632717,-0.50341291748393102,-0.68857668422730522,4.4859438874719837,0,1
f17405,True,-8.3726367950439453,14.720386505126953,34.047009785970054,0.49113308576808629,-0.53132011634805043,-0.69028054153931606,8.6400993607077083,0,2
f17407,True,-8.0138161977132167,16.404038429260254,33.024851481119789,0.49038101432125375,-0.51783887962005826,-0.70097742870016944,5.3469443861803319,0,3
f17431,False,5.337583065032959,-3.3722899754842124,40.697118123372398,0.099144142922202597,0.16014772415683909,-0.98210139261259921,7.7758195468318485,0,0
f17433,True,8.6012482643127441,-3.0338501334190369,40.935579935709633,-0.071305459732834128,0.16476305011470252,-0.98375234115563315,3.0471361016953189,0,2
f17434,False,-0.50534828503926599,-0.70653518040974939,40.360466003417969,0.11155558920691169,-0.028195574279265671,-0.99335812278742708,7.1753585985313215,0,0
f17486,False,-33.403078715006508,3.8675900300343833,11.409413655598959,0.87023415541895432,0.0023279955527129798,-0.49263281983538815,5.2641537043071223,0,0
f17488,False,-8.0071039199829102,19.618984858194988,17.140266418457031,0.41217074600140252,-0.90747341377601398,-0.081285173496490185,6.6039246468952104,0,0
f17491,False,-6.3710673650105791,20.144750595092773,16.429898579915363,0.1896032819209614,-0.97818171229284145,0.084918391533549409,6.3674232009717615,0,0
f17518,True,-25.984577814737957,16.827775319417317,17.391070683797199,0.22708229349444609,-0.93286910166773374,-0.27962273000408561,7.5106211093447417,0,1
f17525,True,-22.121543884277344,17.296160380045574,18.154966354370117,0.17320386579843045,-0.95990037037478437,-0.22043525087161348,6.2796475568737815,0,3
f17530,True,-10.595569292704264,18.317868550618488,17.266228357950848,0.55157275831737473,-0.80375335718322283,-0.22304267102700662,2.4761360200474627,0,2
f17536,True,-9.7351147333780919,18.936876932779949,16.173220952351887,0.39615617790749802,-0.91406141439656663,-0.086902321125910204,4.2083151971917454,0,1
f17591,True,-2.0877007643381753,-17.600914001464844,32.154317855834961,0.25838707908109115,0.78903387176291562,-0.55737031368271206,5.3972406087649327,0,2
f17605,True,-6.4666949907938642,-16.709651629130047,30.996019999186199,0.3368535764488273,0.75739782925466914,-0.55935516112211681,5.4063431110202949,0,2
f17606,True,-11.640182177225748,-12.749745686848959,31.489439646402996,0.5816514468000048,0.60342951592322147,-0.54548548445227008,5.404929319473645,0,2
f17666,True,-27.250614166259766,16.151105880737305,19.165062586466473,0.16307347533595681,-0.97219531674953397,-0.16805745366429406,7.4632604823462447,0,1
f17667,False,-29.622620264689129,15.586173057556152,18.343238830566406,0.40006324463369064,-0.91340619937744316,-0.075090047489787329,6.041868847045162,0,0
f17673,True,-23.055885950724285,-7.3155298233032227,28.083653132120769,0.74074065671428069,0.34467571633676686,-0.57662980330384639,5.4786824124742051,0,1
f17677,False,-25.122807184855144,-5.0951430797576904,26.60860315958659,0.65723808604141354,0.29660388916841596,-0.69286667634313992,9.8131672532308851,0,0
f17685,False,-25.678464889526367,0.2229885458946228,26.491470336914062,0.87117479650951601,-0.12068709268313338,-0.47590870929863865,2.8686661919666783,0,0
f17747,True,-13.611126581827799,-8.8964818318684902,32.430357615152992,0.61375102467804354,0.41059453653605643,-0.67433063572211549,6.8826274804824923,0,1
f17748,True,-14.973297754923502,-9.6246536572774257,31.067257563273113,0.39995876842091388,0.38475088843586686,-0.83186521589199602,4.8084886214253828,0,2
f17753,True,-17.850918451944988,-7.7614154815673828,31.028372446695965,0.23336513124926955,0.47203922673148291,-0.85012921602763114,5.9263409630382702,0,2
f17757,False,-23.795932133992512,-5.0656805833180742,28.19798469543457,0.81030074002260122,0.249865249524027,-0.53007553027763943,9.011096450003599,0,0
f17761,False,-25.182017644246418,-0.78788391749064124,27.418729146321613,0.81205386520837342,-0.056413884283677475,-0.58084937260891367,4.1405330261069295,0,0
f17762,False,-24.259471893310547,0.9093268712361654,28.653594970703125,0.84207394754305198,-0.041793953972365676,-0.53774039487527547,6.3134607199652324,0,0
f17787,True,0.72626900672912598,-16.831512769063313,33.914871215820312,0.10977673998648554,0.76331667837648154,-0.63662918238974453,8.4797287385414446,0,2
f17789,False,-4.3927026589711504,-15.196859359741211,33.881459554036461,0.31941382629927856,0.67149356942576488,-0.66863382638683477,9.8846190284246145,0,0
f17791,True,-12.316689809163412,-10.386912186940512,32.691415786743164,0.60909277334812462,0.41413540370706914,-0.67638588161749269,8.2579595650993447,0,1
f17814,False,-26.012318293253582,2.7141875624656677,25.377110163370769,0.85388698015470432,-0.091466681598434962,-0.51235814747074149,5.3806157704466377,0,0
f17830,True,-4.380703528722127,-16.638057390848797,32.258626937866211,0.31439724168887123,0.74795296800189037,-0.58456884288815181,9.5412513397802652,0,1
f17841,True,-21.65802001953125,-7.0664609273274737,29.564090092976887,0.54548648826538515,0.40212815423778742,-0.73534851512001309,6.4891948006419149,0,2
f17844,True,-2.3792281150817871,20.68378512064616,16.53900973002116,0.046253032377558678,-0.97788258202584721,0.20397625539837394,8.5750334068705829,0,1
f17879,False,-29.237920761108398,8.1233545939127598,20.724663416544598,0.83781186068771951,0.14508570593262532,-0.5263282474131642,5.3399122903835865,0,0
f17920,True,-22.909491856892902,-9.1827381451924648,26.584861755371094,0.69691682508088881,0.60048338404098078,-0.39207989544207161,4.1780562175300542,0,2
f17965,False,-29.73136266072591,15.901605288187662,15.913895606994629,0.4004726126156769,-0.89757205664698447,-0.18435316561230075,7.4386678754876145,0,0
f17968,False,-27.706086476643879,16.816562652587891,15.286397616068522,0.32102389913021245,-0.93366471366147952,-0.15878872331076477,7.513222726232212,0,0
f17973,True,-23.294462203979492,18.097286224365234,14.753303209940592,0.13101143033417736,-0.92547325355664045,-0.35543672020920891,4.9951400045499206,0,1
f17976,True,-19.471986134847004,18.39973258972168,13.894047101338705,-0.087832007713318033,-0.96243958568105414,-0.25689605356082895,1.1184863112563026,0,2
f17977,True,-20.521963119506836,18.520994186401367,13.608428319295248,-0.034830852355395146,-0.9741445390193465,-0.22322461518161832,3.0724187065286732,0,1
f17978,True,-21.825212478637695,18.557111740112305,13.555488904317221,-0.007590767534777043,-0.97470648768753221,-0.22335989592598685,5.017940920910136,0,1
f17996,False,-28.837079366048176,4.3053633371988935,20.870280583699543,0.85899550777859535,0.010870913792002758,-0.51186769857993575,3.7125257408653574,0,0
f17999,False,-29.353925704956055,5.6768620014190674,20.096235275268555,0.83856240159848128,0.031898780079572385,-0.54387090973393926,3.893695162701305,0,0
f18006,True,-10.404382705688477,19.179866154988606,12.611656506856283,0.1388025216194789,-0.98836515239055811,0.062194738781209007,8.5386710803789487,0,2
f18012,True,-4.3575593630472822,19.753447850545246,12.477969487508139,0.041784123481774141,-0.97786881730589781,0.20500405646138983,5.0593825793034748,0,2
f18050,False,-25.07658576965332,18.226162592569988,12.977495829264322,0.27294570451528233,-0.93794469206844977,-0.21391679926381899,6.1155119887052543,0,0
f18051,False,-27.112256368001301,17.528200149536133,12.955297470092773,0.3459120447861605,-0.9113016598982111,-0.22332519324658051,10.049123952105951,0,0
f18119,False,-30.11176872253418,9.1508609453837071,19.499319076538086,0.8659988476335938,0.11484514950538265,-0.48667914228203157,7.7948905173220977,0,0
f18122,False,-30.69580078125,11.163971900939941,19.32257906595866,0.80999547353809598,0.28850966034371084,-0.51055803659931964,7.4241809867985236,0,0
f18135,True,-15.194947560628256,-10.983041127522787,30.167731602986652,0.46164870745567971,0.54486855389877664,-0.69999909276852357,3.0955332652439709,0,3
f18156,False,-27.979947408040363,5.4330422878265381,22.167320887247723,0.81335491906356905,0.0028535272776675853,-0.5817608039539709,5.796422663264412,0,0
f18189,True,-23.608624140421551,17.410536448160808,16.835777918497723,0.12487798144035728,-0.95721354317904928,-0.26105118752074669,9.7740305087348229,0,2
f18201,False,-6.2646886507670088,19.937056859334309,14.529204368591309,0.16882576748144965,-0.97372120545762197,0.15285573027026142,5.6062059468744581,0,0
f18209,True,0.61076958974202478,20.714996337890625,15.05140749613444,0.06840108822118407,-0.93725553345324075,0.34186745405410951,4.0907994489529473,0,3
f18240,True,-10.986278216044107,18.901861826578777,14.284319559733072,0.3102876586121236,-0.90082415978351293,-0.30370611133682174,5.8084496623119675,0,2
f18269,False,-40.505138397216797,-2.1621412038803101,-8.2997638384501133,-0.50560965235729405,0.84499842720469409,-0.17417387136057361,2.7825514237395206,0,0
f18273,True,-1.8135806719462078,-18.90880839029948,29.974510828653973,0.21803003614844535,0.87385624960939656,-0.43455512694675202,10.080321816062737,0,3
f18275,True,-8.4919393857320156,-15.605161666870117,31.054370880126953,0.44354873441823423,0.70429100221578378,-0.55429117293519092,4.3068162887842663,0,2
f18340,False,-3.5705504417419434,20.926177978515625,20.144272486368816,0.17724836163979965,-0.9827638855126245,0.052518221867612354,8.5799922660400814,0,0
f18353,False,-24.986644744873047,10.298600196838379,25.923443476359051,0.74280040354243482,-0.055623923360414322,-0.66719827611227422,3.2227397723952604,0,0
f18430,False,-39.057123819986977,0.79739679892857873,2.2413825194040933,0.76970691064528574,0.42692905976512852,-0.4746397050742317,2.6728839554785595,0,0
f18476,False,-23.258343378702801,-2.5050834914048514,29.840105056762695,0.74957711187233411,0.15918446330140923,-0.64249082483765685,7.5547740661580525,0,0
f18489,False,-24.382816314697266,3.3696534633636475,28.089384714762371,0.86230256913300352,-0.1071598278849711,-0.49492529795342366,6.7266506048925443,0,0
f18490,False,-23.683187484741211,5.8137684663136797,28.66370964050293,0.85034461338820955,-0.14134045390899541,-0.50688945004848518,9.2280921912343175,0,0
f18520,False,-15.635890960693359,-5.9129419326782227,32.53298886617025,0.21283754995030665,0.35974538193463373,-0.9084511200432609,5.3167936831944544,0,0
f18574,False,-14.921109517415365,-1.1987126866976421,33.887769063313804,0.26542323130408463,0.1143687094776973,-0.95732455655148863,3.5550417760793831,0,0
f18582,False,-16.073137919108074,-2.4408123890558877,33.503791809082031,0.16696821863331343,0.078021184275074304,-0.98287044353298803,3.236552286387171,0,0
f18587,False,-18.923017501831055,-3.3474264144897461,32.700892130533852,0.29098139514037041,0.15768871311440241,-0.94364405229858117,3.6139575881384425,0,0
f18594,False,-22.033692677815754,2.2782495717207589,31.363550821940105,0.68513335219942839,-0.10298496779414659,-0.7211008154983688,7.6311354023835909,0,0
f18610,False,-9.3622398376464844,-8.1117466290791835,36.451265970865883,0.30335858591267745,0.406971604604901,-0.86159600823029181,4.5291378537932703,0,0
f18625,False,-17.919888178507488,-4.699839909871419,32.539927164713539,0.037025320342904559,0.32839767295275968,-0.94381359073321125,3.2662296783515448,0,0
f18633,False,-21.807268778483074,-2.5567059616247811,31.197097778320312,0.59192663617294639,0.20447964112967368,-0.77962230198504467,7.4845360786256032,0,0
f18639,False,-16.521112442016602,-4.242632071177165,32.950274149576821,0.24235303439428788,0.33508198314172016,-0.91048617303817025,5.1053246034565811,0,0
f18641,False,-23.444289525349934,0.382269690434138,29.902233759562176,0.82060849011570158,-0.027274230801362855,-0.57083957666250029,7.9375694236330316,0,0
f18668,False,-2.0841250419616699,-13.179699579874674,36.412574768066406,0.20041389135359305,0.5936156011156023,-0.77939386080766138,5.192427005237124,0,0
f18673,False,-10.624547640482584,-8.5232466061909999,35.392735799153648,0.62556138455706822,0.50308503314521413,-0.59630395234001465,4.4815479892098367,0,0
f18702,True,-1.8528378804524739,21.34242884318034,22.120834986368816,0.17767497627784481,-0.98266132195824751,0.0529936706780764,7.6598614415233062,0,1
f18709,False,-23.938438415527344,7.5467742284138994,27.82386589050293,0.82762706793380525,-0.093048788627533588,-0.55351184211201954,3.625732792408479,0,0
f18724,False,-24.319726943969727,9.5907300313313808,26.850133260091145,0.82332955641394368,-0.13129783447840085,-0.55216783698120397,2.0650910167290695,0,0
f18738,True,-18.726165135701496,-6.1759193738301592,31.721616744995117,0.20474953926259712,0.52750868498635128,-0.82450725493213495,3.1291839910636332,0,1
f18739,True,-20.946991602579754,-4.8682341575622559,31.035414377848308,0.5014465515697738,0.30882765859958594,-0.80819356171815659,8.0171562553370368,0,1
f18781,False,-30.559558868408203,15.1982790629069,20.797950108846027,0.025291094678167172,-0.58962261002644911,-0.8072828118296449,1.4852938290676132,0,0
f18783,False,-27.33911641438802,9.569666862487793,23.375789642333984,0.70042200316601588,0.032133191356655655,-0.71300524226273532,8.4608403744603056,0,0
f18793,True,-28.749067942301433,14.655985832214355,21.900851567586262,0.23320286530624074,-0.76015415478543447,-0.60645039745670959,4.7076398723488424,0,1
f18817,False,-25.317103068033855,2.5029276410738626,26.622421264648438,0.87124858019478157,-0.10412293721434918,-0.47967105963820061,4.4456857712808961,0,0
f18822,False,-25.587612152099609,7.0342480341593427,25.504427591959637,0.8090449825130912,-0.098798182218877414,-0.57938340972160884,6.1009734724957561,0,0
f18826,False,-25.948596954345703,8.892395655314127,24.841808954874676,0.7785829470377692,-0.0081710269570160598,-0.62748850897880981,4.6811066390800118,0,0
f18837,True,-26.625839233398438,15.327326774597168,21.34041468302409,0.070444093935024821,-0.85632531061178674,-0.51160980447534476,11.02917796630364,0,2
f18840,True,-15.700422286987305,18.732219060262043,11.9508056640625,0.029751231298270554,-0.99653923067195394,-0.077617175727974011,3.5187498141963411,0,2
f18852,True,-10.259770075480143,18.270973205566406,18.680629094441731,0.56243442371901664,-0.82312284353214527,-0.078334561155427043,1.9644894260687291,0,2
f18859,False,-28.212320327758789,8.1495029131571446,22.216849009195965,0.79371080000345628,0.14675336167994485,-0.59032755042731033,6.5826072463695118,0,0
f18883,False,-30.527835210164387,12.793206214904785,20.552785237630207,0.81060723271881185,0.30846463742477997,-0.49776046621075604,6.1918075736282256,0,0
f18946,True,-27.132898330688477,11.864888509114584,23.432645797729492,0.6911126266658022,-0.14436408221567776,-0.70818242637693329,6.5611143600701194,0,1
f18947,True,-28.711984634399414,13.101465225219727,22.278566996256512,0.51285885327306613,0.13259516906668353,-0.84817116065073406,8.9172713614915029,0,1
f18983,False,-24.630280812581379,7.6184393564860029,26.774635314941406,0.82899083651984673,-0.093914583163767412,-0.551320454940047,3.0343939297567077,0,0
f18989,True,1.6462984085083008,21.868940353393555,19.047903696695965,0.22871578093134479,-0.94452103927149034,0.23573098635196232,8.2733768326989754,0,2
f18994,True,3.5312561988830566,22.271024703979492,18.763893763224285,0.2521863892409012,-0.94038634974378221,0.22820065358627165,3.9811096328470312,0,3
f19029,True,-8.9196863174438477,18.987110137939453,19.87064488728841,0.51909722694366622,-0.84847029740592872,-0.10313206775436416,4.0189144168871627,0,2
f19082,False,-3.8013375600179038,20.747862497965496,18.022827784220379,0.17284091865408566,-0.98202044597234683,0.075906920179155984,7.6188707085565746,0,0
f19084,True,-0.067134221394856766,21.031284332275391,16.841878255208332,0.18357464013123773,-0.9663554947574593,0.18015939956813989,10.245470612133934,0,2
f19099,False,-10.763956387837728,-10.097171942392984,34.210222880045571,0.58225520504208617,0.4144407974791296,-0.69944099221182454,8.3233498833056334,0,0
f19113,True,-16.159420013427734,-7.9556458791097002,31.429397583007812,0.28395595028544607,0.47511428820990359,-0.83284778407358817,4.1533999446631622,0,1
f19114,True,-19.729294459025066,-4.8235058784484863,31.88258171081543,0.61577230939726268,0.28907334333358464,-0.7329809446046367,3.4066322112974783,0,1
f19144,False,-10.917966842651367,13.44854990641276,-11.025165557861328,0.25000861496861976,-0.23789733939121338,-0.93856302311142326,3.1242249475243251,0,0
f19145,False,-11.242257754007975,14.440610885620117,-11.693228403727213,0.32521596809467745,-0.67261822830040485,-0.66469488718829939,2.9460016694733682,0,0
f19148,True,-18.453893025716145,16.847313563028973,-13.73871103922526,0.24376264699389946,-0.94381291046420146,-0.22315232907505275,1.5376652407878051,0,2
f19149,True,-16.685986836751301,16.478867848714192,-13.451886494954428,-0.50329945895112427,-0.4529540992936818,-0.73588194607053314,0.60906674427846885,0,2
f19150,True,-17.71034876505534,16.939863840738933,-13.609102884928385,-0.037936029627900644,-0.97578680495249626,-0.21540884136142111,0.6822884320351893,0,1
f19174,False,-13.40204906463623,12.59112294514974,-11.597378730773926,0.63802044381233158,-0.4578183368917092,0.61913833969737742,3.2066948074568886,0,0
f19226,True,-16.596837361653645,12.108850161234537,-10.35795529683431,-0.1461096751182657,-0.58454807667491493,-0.79809492473796173,3.6899005726412479,0,2
f19242,False,-40.724253336588539,0.17573279142379761,-4.2940340042114258,0.47553073063990187,-0.78225600221204117,-0.40242523680842424,2.2458918239041932,0,0
f19244,True,-36.55537541707357,-0.7380737463633219,-4.9322654406229658,-0.76461197335614184,-0.066693294621494745,0.64103083752106427,5.3213735431099023,0,1
f19247,False,-36.882998148600258,0.20025255282719931,-5.895553270975749,-0.9285661985463165,0.3239701449681564,-0.18113022963203718,2.9205937212199959,0,0
f19248,False,-39.970458984375,1.5738858381907146,-4.7466980616251631,0.71869010506932385,-0.29165292021360367,-0.63120765759480568,2.95976923622126,0,0
f19251,False,-38.636207580566406,1.8705526789029439,-4.6546630859375,-0.16321288031094214,-0.61231186318480213,-0.7735862834252959,5.121215663950518,0,0
f19257,False,-35.032491048177086,2.540536105632782,-6.6807578404744463,-0.42870464671220393,0.38312592822912978,-0.81818509458797417,4.8935764274931257,0,0
f19258,False,-35.878901163736977,2.4585662881533303,-5.7681350708007812,-0.85810386187369947,0.46329555580402249,-0.22139329305488203,4.1786463097206807,0,0
f19259,False,-33.816708882649742,3.4417213598887124,-6.7852384249369306,-0.26134379015527331,0.42950629551477676,-0.86442105796911817,2.7728824113792929,0,0
f19262,False,-40.424560546875,-4.4439655939737959,-3.357841650644938,-0.014596646669160244,0.98962692246073292,-0.14291778142314662,1.1225607290289845,0,0
f19268,True,-36.055271148681641,-8.964268684387207,-2.1730048656463623,-0.44925769643260038,-0.86120844367040328,-0.23767107259167117,5.7851997924470204,0,1
f19269,False,-37.686195373535156,-8.5068979263305664,-2.0597162246704102,-0.094284831793738796,-0.97084531863766421,-0.2203854300378281,5.723834814705814,0,0
f19279,False,-40.027322133382164,-3.9648240407307944,-2.9752867221832275,-0.63680141990993089,0.56723374269069626,-0.52223541890013603,2.5663196856412531,0,0
f19281,False,-37.491208394368492,-3.9175098737080893,-3.4842690229415894,-0.12235921209264697,0.92516373488821524,-0.35930528365688524,1.4970973602412736,0,0
f19282,False,-41.334078470865883,-2.4054782191912332,-3.210928201675415,0.58236134842591847,-0.18163644838453527,-0.79237835689637448,3.3693841233996857,0,0
f19284,True,-36.197467803955078,-3.7202653884887695,-3.083088755607605,0.085079748938929681,0.88768764316336313,-0.45251749634192312,1.7332067053178424,0,1
f19285,True,-35.655735015869141,-3.0348827044169107,-3.0951411326726279,-0.89636281256689265,-0.14336170460722741,-0.41950104874634075,1.9762409264420993,0,1
f19289,False,-17.015322367350262,5.8493698438008623,-9.5827407836914062,-0.070136454946080048,0.11333972975483506,-0.99107768784626438,6.0723018404502183,0,0
f19290,False,-18.441697438557942,6.7620549201965332,-9.5235277811686192,0.091995117402486087,0.045268135527504264,-0.99472996048172102,5.9088589825376836,0,0
f19293,False,-15.383814493815104,7.0247468948364258,-9.610443115234375,-0.11888375133843745,0.1000717559561792,-0.9878523661598162,5.7340399295915949,0,0
f19299,True,-23.777882893880207,11.223047574361166,-10.568670590718588,-0.60448734765577661,0.79657637515932489,-0.0078182518579731387,3.1748071273936422,0,2
f19301,False,-12.086926142374674,9.1182783444722499,-10.230073293050131,-0.30928897829290247,0.022036594646537639,-0.9507127412646349,5.9855552282318545,0,0
f19302,True,-17.145380020141602,11.218669255574545,-9.6983222961425781,-0.19716516752908397,-0.35195620917521364,-0.9150151493479447,1.5003706241987225,0,1
f19303,True,-23.345177968343098,12.234352747599283,-10.996933301289877,-0.7629334342821561,0.081362629586334251,0.64133664900832865,3.3258738228164337,0,2
f19308,False,-10.930095036824545,10.635499954223633,-10.506303151448568,-0.2785544173901402,0.081520038570645728,-0.95695450250462799,5.618186306705538,0,0
f19309,False,-13.714456876118978,11.977709452311197,-10.561301867167154,-0.067724863434721699,-0.49659798211570966,-0.86533449430341891,4.0618254947364445,0,0
f19315,False,-40.044535319010414,5.7358594735463457,-6.0142703056335449,0.27978162102923082,-0.15876110471033644,-0.94684589884807002,4.7378761774545994,0,0
f19319,False,-31.890261332194012,4.5213886102040606,-7.6990612347920733,-0.75612498370276304,-0.28175800112965754,-0.59066694322597424,0.97112109390003187,0,0
f19320,False,-41.535315195719399,7.4941102663675947,-6.4810301462809248,-0.042055746848634543,-0.016968995404065212,-0.99897115441437057,2.2421114623904783,0,0
f19327,False,-31.444414138793945,6.0271608034769697,-8.9683850606282558,-0.51180868043822703,-0.28686949241185428,-0.80978871871090308,4.6303757920704296,0,0
f19329,False,-34.207683563232422,7.445422013600667,-9.4820642471313477,-0.26308368042504321,-0.91819796070027015,-0.29614098341816703,4.825919398937617,0,0
f19332,False,-31.91237513224284,6.8768479029337568,-9.4885152180989589,-0.18471752893953558,-0.94380254369280403,-0.2740733351157395,3.3697063957064302,0,0
f19333,False,-40.272168477376304,7.6110445658365888,-6.3270702362060547,0.23786886544474151,-0.082672481898179426,-0.96777252677931846,3.3032642811363981,0,0
f19334,False,-33.504506429036461,5.5432742436726885,-6.9291941324869795,-0.43436152711989917,-0.57577134046053546,-0.69268854997202534,2.4662469811583647,0,0
f19335,False,-39.409088134765625,5.6937909921010332,-5.6580967903137207,0.90077584829619683,-0.21544554913894087,0.37707570391433004,1.0112762984772719,0,0
f19340,False,-32.406354904174805,5.4448148409525556,-7.8670479456583662,-0.67397760036924326,-0.56471461933784994,-0.47628940037190015,2.3780828890038768,0,0
f19344,False,-35.134654998779297,6.9249494870503741,-6.9969921112060547,-0.45534912151952867,-0.56096578885673609,-0.69135704325893244,7.0891978120366259,0,0
f19346,False,-42.560096740722656,8.3538198471069336,-6.1011102994283037,-0.31882059695548165,0.29701000763394603,-0.90007693133544631,3.2778118862438657,0,0
f19349,False,-35.829386393229164,8.0649107297261562,-8.4832363128662109,-0.49006175790556883,-0.87002203938555223,0.053862087054888312,6.8275787485823356,0,0
f19358,False,-40.915674845377602,-3.5764760176340737,-2.5135219097137451,0.57853320306714628,-0.41080314163453469,-0.70465602372509717,1.3998233107564746,0,0
f19361,False,-38.423865000406899,-3.5888599554697671,-2.9100549618403115,0.04724104909003788,0.85960729468296793,-0.50876672671146839,5.9073231300902318,0,0
f19363,True,-35.00837834676107,-2.770378589630127,-3.2890311082204184,0.69740559700334526,-0.025053403249011948,-0.71623861963318491,1.8175709264104707,0,1
f19364,True,-34.344571431477867,-2.959739844004313,-2.9823151429494223,-0.24723618065083505,0.60289870488031128,-0.75854296030668633,0.88223013494583524,0,2
f19369,False,-37.748552958170571,9.7392498652140294,-9.1456295649210606,-0.79600286719588864,-0.59767503335577732,-0.095728730896710829,6.3825339934400098,0,0
f19371,True,-35.194368998209633,-0.25475572546323139,-3.8751381238301597,-0.42616820674212852,0.11899589572615141,0.89678349469787266,4.942634543817527,0,2
f19374,True,-34.375841776529946,1.6144786775112152,-3.8074527581532798,-0.40096971024116118,0.16586483607692243,0.90095069100494884,7.5841886722969383,0,2
f19375,False,-38.426019032796226,2.0684954921404519,-4.4299518267313642,0.29355316501544509,0.36462896480812518,0.88366976712591561,5.073369309920527,0,0
f19377,True,-34.732751210530601,3.3894743919372559,-4.7371618747711182,-0.53781208078489606,0.52641439045911498,0.65851807513490379,5.90242409154048,0,1
f19380,False,-39.281262715657554,6.1998190879821777,-4.9972674051920576,0.92998196585972948,-0.036890522142848887,-0.36574941223698637,1.4247884262146562,0,0
f19382,False,-9.0943454106648769,11.017858823140463,-10.457166035970053,0.30760039809549594,0.18935625234685644,-0.93248388982794028,5.0095646213908056,0,0
f19383,False,-11.994101524353027,12.210089683532715,-10.668777783711752,0.090326177868677027,-0.50529152597911231,-0.85820839856373821,4.333144107137926,0,0
f19384,True,-22.988515853881836,13.485613187154135,-10.440287590026855,-0.79209569152069903,-0.2103111912059015,0.5730214815588508,2.7390132039998756,0,1
f19385,False,-26.974779764811199,13.947678565979004,-11.143230120340982,-0.030687151780995087,-0.20413772657050694,-0.97846108114027475,1.2602902091383181,0,0
f19389,False,-23.364664077758789,14.308083852132162,-11.663180033365885,-0.91441309702031504,0.39731540997416098,0.077389618133056712,2.7374779236479014,0,0
f19391,False,-22.637388229370117,15.821282704671225,-12.083070755004883,-0.87389293159468395,0.47882510064936029,0.083890804603241359,4.9030238073307375,0,0
f19404,False,-10.689019838968912,16.577162424723308,-12.13914712270101,0.72391104515333027,-0.064011989969923674,-0.68691721760711699,3.1753594474584896,0,0
f19405,True,-23.553137461344402,11.81721305847168,-9.7587830225626622,-0.05156296735226347,0.42149114517098418,-0.90536538200898864,2.126249854289731,0,1
f19406,False,-39.531623840332031,10.419580141703287,-7.2860654195149737,-0.18613529739448104,-0.34620801816885266,-0.91950729155317934,7.0126273888070063,0,0
f19407,False,-39.033908843994141,11.319254557291666,-8.4264370600382481,-0.79077935014419176,-0.60316845242713935,-0.10419134984335054,5.5288276123638909,0,0
f19409,False,-40.767440795898438,11.535188674926758,-7.1085069974263506,-0.84874405263689534,-0.15336251920531907,-0.50607654640034183,2.843259127103372,0,0
f19413,False,-15.045367240905762,10.34001096089681,-9.8072261810302734,0.01568561032321264,-0.31078151050324204,-0.95035194236562248,4.4588385695161596,0,0
f19414,False,-14.481842994689941,9.0551695823669434,-9.6384722391764317,-0.15206389754317989,-0.01840892342701277,-0.9881992120024361,4.8284609520633781,0,0
f19415,False,-16.454299926757812,10.32445240020752,-9.6659100850423183,-0.30889966981177236,-0.15994473448545596,-0.93754929251776142,2.2141737125457532,0,0
f19416,True,-17.597827275594074,10.217905362447103,-9.3785228729248047,-0.1071674271848443,-0.11860290502984401,-0.98714157721628915,1.503445945294948,0,1
f19478,False,-38.762658437093101,-11.446661313374838,2.1349841753641763,0.83632525338765196,0.025172893706975747,-0.54765536240275892,2.86341249880256,0,0
f19483,False,-39.096101125081383,-10.30204995473226,1.3680275281270344,0.87074906669695351,-0.2123771747015456,-0.44349971647361103,2.5180265100742458,0,0
f19486,False,-36.366565704345703,-12.92939535776774,1.8118469715118408,-0.01464389917614013,0.93704740229551264,-0.34889500149493496,1.4023679660123671,0,0
f19488,False,-36.100415547688804,-12.917771657307943,2.0061733722686768,0.22772542179374633,-0.90166565447234004,0.36761417248771444,0.70144037421890759,0,0
f19494,False,-38.588507334391274,-8.8947388331095372,-0.46835978825887042,0.028281489145472287,-0.93732975106663563,-0.34729396069766799,2.9571108048819332,0,0
f19495,False,-39.762008666992188,-9.166722933451334,-0.91812137762705481,0.68276594164187221,-0.67457073829069758,-0.28068663661783172,2.2738801768631709,0,0
f19499,False,-41.312913258870445,-4.0556175708770752,-2.8960768381754556,0.8014779609183007,0.56662781044482258,-0.19122239040642933,0.6409274323798011,0,0
f19500,False,-36.512611389160156,-13.557644844055176,2.5554660161336265,-0.77397954345266606,-0.11996262267117302,0.62174322310633712,1.276390294791514,0,0
f19515,True,-33.091204325358071,-13.291370391845703,3.1411301294962564,-0.46960074790582029,0.88046396844200137,0.065255941044907242,3.8293907549042965,0,1
f19516,False,-36.097110748291016,-13.078285535176596,2.8582137425740561,-0.31145977513321466,0.62293677968565331,0.71759499509739832,0.63039482430935878,0,0
f19520,True,-28.087935765584309,-13.149500211079916,3.5717248916625977,0.20266094213403493,0.96259850197794283,-0.17981286528823695,0.76330208912034736,0,2
f19521,True,-32.835402170817055,-12.928646723429361,1.6347775459289551,-0.53357077383021911,0.83078208696773193,0.15844037770644512,5.2369424342321382,0,2
f19522,False,-35.610486348470054,-13.09825579325358,2.1102137565612793,-0.095216970765821723,0.66883469007241481,-0.7372881972701838,0.89824902390874695,0,0
f19538,False,-19.023956298828125,5.5955476760864258,-9.9899450937906895,0.83951833900550865,0.37028579767669606,0.39761462059683456,1.9100682400311164,0,0
f19543,False,-14.381024678548178,5.8031083742777509,-10.188006401062012,-0.53436891555196031,0.35622132519336075,-0.76652216508676885,3.5716340392356174,0,0
f19544,False,-21.484200795491535,8.0664213498433437,-10.21196428934733,0.42785155320984836,0.20131380366926335,-0.88114459702601222,3.6701503051227351,0,0
f19545,False,-28.975308736165363,7.918831666310628,-11.062650362650553,0.64824527737593463,-0.64016804285967444,-0.41226561493897529,2.9138679473702314,0,0
f19557,False,-42.726661682128906,-2.2403533260027566,-4.1711937586466474,0.49809667823066861,-0.21033620926457713,-0.84122433286715004,3.3973720536422878,0,0
f19561,True,-36.113643646240234,-2.3809103965759277,-5.4115982055664062,-0.53048757681848735,-0.74089629078152308,0.41189272529073673,3.6278779324127894,0,2
f19565,False,-37.680335998535156,-0.69902080297470093,-6.9039506912231445,-0.60900440447305493,0.36227000553262373,0.70560192631809937,3.3439198051607115,0,0
f19572,True,-23.120640436808269,11.620601971944174,-11.229263623555502,0.49310080420693975,-0.85657186942881813,0.15210598079526383,2.0485523956070315,0,3
f19573,False,-27.218578338623047,12.223531087239584,-11.863864898681641,0.93393484320051867,-0.21657631602647578,-0.28435964550621928,2.8792336908295915,0,0
f19574,False,-27.091347376505535,13.363775889078775,-11.386451403299967,0.91927823287765298,0.24453263819269258,0.30843365480417595,1.3991230578468872,0,0
f19581,False,-11.312364260355631,10.971476872762045,-13.238284746805826,0.42925430978237544,0.068818286772823617,0.90055803862877692,4.1172090491176077,0,0
f19582,True,-14.339119275410971,12.521009763081869,-11.567529678344727,-0.43657388614511666,-0.55201684981403509,-0.71040878334768598,4.1139160166305357,0,1
f19584,True,-13.46065616607666,13.157944361368815,-12.001805941263834,-0.079009140283170423,0.80654620119365528,-0.58586754568912414,2.5116569644479911,0,1
f19585,True,-14.41906992594401,14.240322430928549,-12.414159456888834,0.035434539208559983,-0.75321292612319135,-0.65682165109869606,5.168951528846188,0,2
f19594,False,-11.852575302124023,13.995299339294434,-12.897807121276855,-0.4441924424974526,-0.0067227389372362962,0.89590617745907342,1.103469382550986,0,0
f19595,False,-26.613890329996746,10.334686915079752,-10.593787511189779,0.10794203851623077,-0.06064281568866408,-0.99230588289413624,3.5381951392507216,0,0
f19598,False,-23.132078170776367,8.3392006556193028,-10.835894584655762,0.32899829750323678,0.2138178917651741,-0.91980543018676952,4.0894058062782497,0,0
f19599,False,-29.153590520222981,8.77798875172933,-11.437383969624838,0.3111375140185299,0.73037796605801975,-0.60806370888856642,1.8617744230563549,0,0
f19605,False,-12.338366508483887,7.2036768595377607,-10.601726849873861,-0.36782238064182687,0.38933809956831128,-0.84446583147189247,6.8649434584237223,0,0
f19606,True,-24.729637145996094,9.7748225529988613,-11.235270182291666,-0.83541588721954652,0.18860839405470448,-0.51624332351448676,2.1007497075747312,0,1
f19607,False,-40.453823089599609,-9.1489372253417969,-2.263752818107605,0.61598047406473444,-0.67808790679412567,-0.40095491795281218,2.3930613972508064,0,0
f19608,False,-28.318439483642578,10.67894426981608,-11.590955098470053,0.59309547467372026,-0.78026943532289872,0.19853807247588362,3.6534178015774557,0,0
f19609,False,-28.316995620727539,10.022687276204428,-10.92557430267334,0.28663804978623836,-0.10757191900825214,-0.95198052010302403,4.1899525614467485,0,0
f19616,True,-23.74932034810384,9.6507059733072911,-11.145869890848795,0.54050931056716223,-0.23123344659882092,-0.80893805595004697,3.8387326666186619,0,1
f19617,True,-22.797566095987957,11.098930994669596,-10.479270299275717,0.67984265767403562,0.13846293293379072,-0.72016801998566737,3.7570381117372889,0,2
f19641,False,-34.680835723876953,-14.548843383789062,-0.3720953067143758,-0.51374415500424542,0.82322240987441031,-0.24160258086275116,4.0067083622786344,0,0
f19642,False,-35.079250335693359,-14.579156875610352,0.29256077607472736,0.61026707755215259,-0.78426359116285327,0.1118244768925841,0.5288973938740813,0,0
f19655,False,-36.061292012532554,-14.688153902689615,0.39895490805308026,-0.29338515075923821,0.73480855265247758,-0.61154030469197218,1.85693870392368,0,0
f19671,False,-34.717427571614586,-13.835574467976889,-0.045852899551391602,-0.66979295014727358,0.19425579524848607,-0.71668827948096803,1.8823532072401241,0,0
f19672,False,-35.953154246012367,-13.955218950907389,0.905572255452474,-0.52450707877225222,0.31732821578158515,-0.79006020516583053,1.6304251797855625,0,0
f19673,False,-36.782066345214844,-13.408754666646322,1.5090992450714111,-0.40841346807896223,0.031135484431135164,-0.91226587171775364,1.0981551214677783,0,0
f19684,True,-34.001956939697266,-10.85511302947998,-0.8702449003855387,-0.87220651111289627,-0.48395722181457024,-0.07100147481420388,3.8027461275415262,0,1
f19685,True,-34.069046020507812,-10.545265515645346,-1.981074293454488,0.8943389840587519,0.38628015003617372,-0.22571093744165527,2.5123094003501798,0,2
f19686,True,-35.349615732828774,-9.6562468210856114,-0.67233856519063318,-0.38597500516306571,-0.90917767355987833,-0.15626660964396261,3.6789257247769376,0,1
f19692,False,-37.193102518717446,-14.508793830871582,0.63421237468719482,0.3040657028747642,0.87445873654209183,-0.37797614530613421,2.1511114218245249,0,0
f19703,False,-12.088302930196127,14.326621373494467,-12.40989621480306,0.74777071963196118,-0.66389892301528375,-0.0087846957969700563,1.4866543872317879,0,0
f19709,False,-34.227498372395836,-14.016058603922525,0.058187484741210938,0.56279646811690542,-0.81121110255981999,0.15873462936239874,1.8785759676453018,0,0
f19710,False,-34.446109771728516,-13.56297492980957,0.38530111312866211,0.32318541864850286,0.94005267969277972,0.10886755520087804,2.1081742540459216,0,0
f19766,True,-33.691591898600258,-13.627311706542969,-0.37936862309773761,-0.82632085278519052,0.52207112408913092,-0.21127136494249885,3.0178516153598447,0,1
f19767,False,-35.53387451171875,-13.28813393910726,1.5970315138498943,0.33838323461588377,0.94025484117929325,0.037651297053273684,1.2751396108783328,0,0
f19774,False,-38.778399149576821,-12.694088617960611,1.4556748867034912,0.86399049771384917,0.39610837205804128,-0.31083528989756543,3.1617499790728485,0,0
f19778,False,-33.738255818684898,-11.632037798563639,-1.1550003687540691,0.84681590437934462,0.52209663665693751,-0.10157719272408694,4.1204471802648479,0,0
f19779,False,-39.838696797688804,-10.160274823506674,0.014828483263651529,0.81829344763946321,-0.21687255545038625,-0.53231769484278868,2.3538149522632446,0,0
f19781,True,-34.053469340006508,-10.69844118754069,-1.1283541123072307,0.83237107706227786,-0.38892127076288791,0.39484001218007786,1.4593161356168625,0,1
f19802,False,-37.998766581217446,-13.594829877217611,2.2489912509918213,0.79397880527404052,0.486613998961891,-0.36442348002005037,2.0478521267237588,0,0
f19833,True,-16.719690322875977,16.62114969889323,-14.090477625528971,-0.41092790245658167,-0.91165793610752455,0.0042504723035095482,2.1698668444199711,0,1
f19834,True,-13.328590393066406,14.49017079671224,-12.968898137410482,-0.3761138378945072,-0.83737433704057795,-0.39666434249894106,2.780688684188835,0,1
f19843,False,-11.408541679382324,16.825796127319336,-13.710371653238932,0.98558050218170268,0.0038514818133263021,-0.16916335243516673,3.8939882263009502,0,0
f19844,True,-16.354237238566082,16.985883076985676,-15.296108245849609,-0.28456752720960532,-0.80817531372260909,-0.51562969730919572,4.7488231245809018,0,1
f19846,False,-19.540638605753582,19.096953709920246,-14.88174851735433,-0.51801264503891264,0.85510252234530681,0.02150757676921343,11.212728590257484,0,0
f19906,True,-32.868821461995445,1.3450990815957387,-3.0725874106089273,-0.42729913316581691,0.16669096506430287,0.88861103580907252,2.7777407894587123,0,3
f19918,True,-20.682025909423828,5.1733027299245196,-2.3732077280680337,-0.97398582507062836,0.1248839489029258,0.18909154361816044,1.7746443048044049,0,3
f19926,True,-20.586430231730144,6.941729386647542,-2.8158017794291177,-0.97375506261475209,0.093006899928183298,0.20772769338219974,3.8039233210090861,0,2
f19927,False,-37.835395812988281,8.438483715057373,-5.1392092704772949,0.13579299030923822,-0.79692683967201483,0.58861521896163194,2.7825183270820686,0,0
f19935,True,-34.542317708333336,-2.3878669738769531,-2.0523876746495566,-0.42454564041766152,0.8785253822202741,-0.21898436473200292,1.3094264805612459,0,1
f19936,True,-39.016408284505211,-1.8309177160263062,-0.77285285790761316,0.68008814357744785,0.22826490459472271,-0.69668877577849841,6.1717660851019494,0,1
f19940,False,-39.558120727539062,9.0964535077412929,-6.0554389953613281,0.39733565600818177,0.15423566165638847,-0.90461911163647424,2.6692318663198051,0,0
f19945,True,-33.633401234944664,-1.4572612345218658,-2.4084211190541587,-0.75104679966469867,0.41910357775172791,0.51017731802689459,1.4071414093171573,0,2
f19946,True,-32.930313110351562,-0.43529459834098816,-2.4250057538350425,-0.61606857999382481,0.52370208575020805,0.58838391389064515,1.6496383207299066,0,3
f19956,True,-30.436735153198242,14.345367113749186,-7.2853174209594727,0.21683197821482803,-0.14280391095050282,0.96570747964416492,2.5695228919192221,0,1
f19958,False,-30.2364501953125,16.278526306152344,-7.5137424468994141,-0.24248689666311474,-0.20532474242856061,0.9481781768704326,1.7740068807428455,0,0
f19959,False,-35.691851298014321,16.221706708272297,-8.1649878819783535,0.19109837185691977,-0.067451219842616872,0.9792506038881863,1.471936963162072,0,0
f19960,True,-36.358685811360679,16.045848528544109,-8.0970071156819667,-0.095486002578317505,-0.030883104048607911,0.99495158535274297,0.52744112050383707,0,1
f19961,True,-36.731967926025391,16.189004898071289,-8.1125685373942051,-0.035926945918836106,-0.053076289778034781,0.99794396737509417,0.85435193983807023,0,2
f19964,True,-26.776820500691731,12.920045216878256,-7.1750189463297529,-0.25041675196212959,-0.1062948868499685,0.9622852214215335,6.4215086500588496,0,1
f19968,False,-23.979319254557293,15.41002082824707,-9.9233233133951817,-0.20932199808123231,-0.023229025989341855,-0.97757082273913387,3.1202468352766082,0,0
f19970,False,-22.942557017008465,16.731579780578613,-11.007424354553223,-0.75454490306794197,-0.2281410061151804,-0.61531591120573448,6.0804698801466399,0,0
f19976,True,-23.072450002034504,11.012032826741537,-5.9972888628641767,-0.4549185291568571,-0.03319601476762514,0.88991412868507125,3.98993757974876,0,1
f19977,False,-44.404743194580078,10.022336641947428,-4.6457711855570478,-0.44094248457628582,0.41622349790706709,-0.7951903703426606,3.8737127026654532,0,0
f19984,False,-40.459120432535805,11.745407104492188,-5.8193325996398926,-0.68400056261330899,-0.72943319902226833,0.0083927652663752534,1.9086918329266724,0,0
f19985,False,-43.444094340006508,12.927658081054688,-5.0255238215128584,-0.5122392720699378,-0.21739167644945509,-0.83087411029575087,3.3203905910207259,0,0
f19989,True,-24.855139414469402,11.148617108662924,-6.6998119354248047,-0.31075687818198311,0.010367289377446597,0.95043289188324731,6.4398909583841446,0,2
f19991,True,-36.383508046468101,14.832415580749512,-8.0532045364379883,0.55537180696589417,-0.030176033869006996,0.83105448859107556,0.81121437749158343,0,1
f19994,True,-31.928914388020832,14.421726862589518,-7.0562179883321123,0.050989716590865979,-0.23820590981507447,0.96987524627199118,2.2740678391362592,0,2
f19995,True,-36.560557047526039,14.792643864949545,-8.0714305241902675,-0.52388086080004526,-0.39398266561081291,-0.75519964438921861,0.74540996885868493,0,2
f19996,True,-37.455342610677086,15.554776827494303,-7.3357915878295898,0.96576312782051732,0.21152990634905205,0.15018881337267551,1.3144921898905482,0,2
f19999,True,-28.885744730631512,13.007539431254068,-7.4843023618062334,0.035495763710013506,0.064011172611397119,0.99731771293783644,3.7604913916715037,0,2
f20056,False,-37.183310190836586,-9.8390464782714844,2.1541755994160972,0.17042712610753338,-0.92413434544185058,-0.34195073660030234,3.9066126902011358,0,0
f20057,False,-38.245548248291016,-9.5394659042358398,1.1214675903320312,0.01314292562207945,-0.91146522244176609,-0.41116713363944146,2.9740676384195095,0,0
f20077,False,-34.958286285400391,-13.358829498291016,4.1203462282816572,0.16661483758196477,0.72556046550355857,-0.6676836876813711,1.4711629454408066,0,0
f20078,False,-36.121063232421875,-13.460564931233725,3.8517762819925943,-0.0058663748971773599,0.75542208050772974,-0.65521222968358794,1.2252653683356971,0,0
f20081,True,-33.488375345865883,-12.922420819600424,4.290682315826416,-0.17606779159043787,0.39176903331789642,-0.90305988577592511,2.7262487282134806,0,1
f20083,False,-36.981277465820312,-12.255507151285807,4.0311020215352373,0.46690386123783306,0.54236007550549181,-0.69845997226675738,2.6403378969254732,0,0
f20089,True,-26.835484822591145,-13.101839383443197,4.1678835550944013,0.046362513504887258,0.88870073474569522,-0.45613761235395905,1.3722231564230294,0,2
f20090,True,-28.757588068644207,-12.713498751322428,4.3873030344645185,0.16468981008056002,0.91051115278473027,-0.37927128432067053,4.6329125714097623,0,2
f20091,True,-33.574949900309242,-11.688685417175293,4.2509765625,-0.14384840969718052,-0.2564295967143656,-0.95579887892615767,5.4782785361679691,0,2
f20092,True,-35.187811533610024,-10.952139218648275,4.0890555381774902,0.15072265613640551,-0.39075032929385628,-0.90807315844260583,2.8242982157894203,0,1
f20093,False,-37.242698669433594,-10.625238100687662,3.630713939666748,0.26769252947440247,-0.71934403880841602,-0.64100301363908763,2.0823844636209103,0,0
f20094,False,-37.971494038899742,-11.470268885294596,3.3649625778198242,0.84636789701846926,0.025675283587552757,-0.53197947583457805,2.4424858469142947,0,0
f20153,True,-34.536608378092446,-2.702448527018229,-1.163960337638855,-0.43911723566992061,0.76679793767371573,0.46818476707059126,3.5989217525278243,0,2
f20154,True,-35.813896179199219,-2.9801727930704751,-0.30656429131825763,0.23199602974128661,0.96126277621539358,-0.14883452975352965,3.9033297531343685,0,2
f20156,True,-38.7593994140625,-0.84791596730550134,0.34958167870839435,0.71539550499435733,0.65321007923865204,-0.24804407635519612,4.3148775225997431,0,1
f20165,True,-32.701309204101562,6.4523592789967852,-3.0911506811777749,-0.55758849245782405,-0.081399680490185866,0.82611691974847401,4.0904330537361391,0,2
f20167,False,-36.252482096354164,-11.410476366678873,4.2968533833821612,-0.17943797751773299,-0.4643988281403123,-0.86725759762959131,2.1474004527573474,0,0
f20188,True,-30.184855779012043,-11.758078893025717,5.6842438379923506,0.21622936089393571,0.85022337582553931,-0.47996361808706278,5.5764242021578925,0,3
f20217,False,-22.676994959513348,18.353015263875324,-11.127547899881998,-0.66559048540792665,0.52071774596517306,-0.53464224933256987,4.1245125648260776,0,0
f20333,False,-40.739645640055336,-1.2564656138420105,-2.4946597814559937,0.77255008576280237,0.20510490635395678,-0.60091458825478783,5.4790920613556588,0,0
f20344,True,-37.719722747802734,-2.8773629665374756,-1.0283294121424358,0.045678130995751368,0.97655649177259796,-0.21035904241446521,5.5745152366866257,0,1
f20345,False,-35.879768371582031,-9.804865837097168,1.3037797609965007,-0.38285362019206381,-0.90564111741346887,-0.18231092110983016,5.0148881819926876,0,0
f20348,False,-35.299353281656899,-2.4767076969146729,-2.7676546971003213,-0.19816086225788476,0.84681155854190038,0.49360151639662647,1.8821197839065975,0,0
f20349,False,-40.530111948649086,-0.037005464235941567,-3.001182516415914,0.4557661702840668,-0.88371652603956474,-0.10640629506358298,4.228392558018764,0,0
f20351,True,-33.726629892985024,-1.7354632119337718,-2.8169721762339273,-0.43523258736996123,-0.047941972460980177,-0.89904068994000474,0.85189887698528988,0,2
f20353,False,-38.703399658203125,0.48177075386047363,-2.446495016415914,-0.11833451266963482,-0.98792201305090233,-0.10003519001177863,0.86244865378628055,0,0
f20354,False,-39.959551493326821,0.64569816986719764,-2.1835105021794639,0.79513134395286955,0.46562148891327337,0.3885392836328006,1.670316592613295,0,0
f20355,False,-39.829750061035156,0.57326096296310425,-1.621684988339742,-0.29309748324690349,-0.48735087647096831,-0.82254664823176449,1.0339896581900814,0,0
f20360,False,-34.561115264892578,-13.727779070536295,2.9707940419514975,0.024330044255724527,0.99964498736807084,-0.010860394854883422,2.4019981724268384,0,0
f20362,False,-35.263031005859375,-13.363773981730143,2.4915143648783364,0.69121444674145893,0.57761632192382606,0.43426025982478478,1.7503560793127713,0,0
f20363,False,-36.992809295654297,-13.132640838623047,3.5944399833679199,0.55389883128893713,0.17642816947686635,-0.81367633965342234,2.3949189599187473,0,0
f20376,True,-34.874486287434898,-10.132720311482748,2.5725202560424805,0.064526152495109443,-0.99728825183227654,0.0353909367140764,3.6659964408898111,0,1
f20379,True,-34.168947855631508,-10.022967974344889,1.2248204151789348,0.55762324164835286,-0.82970111912391242,-0.025541599364758631,1.2150713889170619,0,2
f20408,False,-19.807321548461914,19.294029871622723,-12.962269147237143,-0.46484718781115214,0.56586444240834055,-0.68096587638585926,3.6407259121301885,0,0
f20409,False,-21.393547693888348,19.047647476196289,-11.884136517842611,-0.57061691632144107,0.59583261888396843,-0.56513699673767692,3.3281707840667747,0,0
f20580,False,-40.353502909342446,10.685429890950521,-6.2857836087544756,-0.48881369699579202,-0.047725665060126765,0.87108175880560978,3.265954253217394,0,0
f20581,False,-42.237997690836586,12.58003838857015,-5.2705415089925127,0.030744400228670157,-0.23925761328125633,-0.97046925574256915,3.1407360629359928,0,0
f20582,False,-40.899801890055336,10.25611941019694,-5.7095785140991211,-0.077082378953630071,0.55830907417444908,-0.82604435991617198,3.8279408861124828,0,0
f20584,False,-41.691698710123696,13.00934886932373,-5.8467466036478681,-0.74379503660101054,-0.66794477993121182,0.024873972146537873,2.1011674930959008,0,0
f20586,False,-42.005125681559242,13.911909739176432,-6.4971402486165362,-0.7006068759618751,-0.31072152582113566,-0.64234113891788625,2.2718581414335133,0,0
f20590,False,-41.186485290527344,13.497726758321127,-7.2924496332804365,-0.77546665152974559,-0.31561358320598709,-0.54684507720296938,2.1672832176752861,0,0
f20592,False,-24.454369862874348,12.239753405253092,-9.8278061548868809,0.37843545114989802,0.14068155460766868,-0.91487447745914441,2.7938197405517662,0,0
f20593,False,-25.612918217976887,11.981891949971518,-10.289508819580078,0.3071620042655912,0.15277578179100221,-0.93931414533887059,3.803350460574356,0,0
f20594,False,-34.511563618977867,7.1927749315897627,-4.6810059547424316,-0.64169724733995981,-0.34849623018123554,0.68320935320426168,5.5332380670996466,0,0
f20599,True,-33.646593729654946,5.3962991237640381,-4.2857490380605059,-0.85513063857837113,-0.094241104016659666,0.50977466127522308,5.1160877503166668,0,1
f20603,False,-39.103324890136719,7.4116395314534502,-5.3436721165974932,0.91200992191654218,-0.23352092580848227,0.33720302420846121,1.4845273453122438,0,0
f20607,False,-35.880650838216148,7.7064177195231123,-5.9319774309794111,-0.7448941158371406,-0.34817851836399311,0.56912606296062307,6.6531070805982884,0,0
f20608,False,-42.638631184895836,9.6304200490315761,-5.6012899080912275,-0.31772771769046221,0.34950988969557878,-0.88141473462621123,4.8945900836009093,0,0
f20612,True,-21.009628931681316,7.1091122627258301,-4.0230695406595869,-0.88256471487643828,0.096174243892001007,0.46024997432577142,4.0520226474186183,0,2
f20613,False,-37.312597910563149,8.603766282399496,-5.9832304318745928,0.49263239710486467,-0.78393714386103175,-0.37783048553249771,3.4715371919921623,0,0
f20614,False,-38.501926422119141,9.1043995221455898,-6.2722355524698896,-0.67276565807922872,-0.011499546141285013,-0.73976626697070114,2.9928847429703711,0,0
f20617,False,-39.117685953776039,9.5698213577270508,-6.4633420308430987,0.16366071644486285,-0.61046352629350531,0.77495125844020218,3.089954417467947,0,0
f20630,False,-10.185674985249838,15.398850123087565,-11.501030286153158,0.72324727107788989,-0.061742854753719059,-0.68782352734204022,2.2046608492491115,0,0
f20643,True,-22.862693150838215,13.317357381184896,-9.6513544718424473,-0.15548501392924907,-0.32790763919288435,-0.93182669558366393,1.5184033561239412,0,1
f20644,False,-23.763925552368164,13.739897727966309,-9.7203776041666661,-0.025739110278085835,-0.35499124191270209,-0.93451523067704456,1.605988219861997,0,0
f20650,False,-26.099594751993816,13.798381805419922,-10.650984128316244,0.56030641475985488,-0.2204556016130863,-0.7984084476609512,4.624550586807576,0,0
f20651,False,-30.557980855305988,15.390996932983398,-7.3655986785888672,0.34484485701867484,0.41427225635402715,0.84229479530809925,2.0091318889469525,0,0
f20658,False,-8.4848537445068359,13.858093579610189,-10.242348035176596,0.50946376721315556,0.044997905282343653,-0.85931476096781945,3.403992382561928,0,0
f20659,False,-9.1588973999023438,12.886173248291016,-10.427862485249838,0.2373620435228605,-0.23578043126436185,-0.94237298800816827,3.1769863555323088,0,0
f20660,False,-25.156440099080402,15.72636636098226,-10.392227172851562,0.61137942406885293,-0.14901616219256353,-0.77718040584579662,5.4081796554773813,0,0
f20661,False,-25.765100479125977,17.474891662597656,-10.88234837849935,0.47814766302627804,0.082148883680195392,-0.87442916994608932,4.8423743015454113,0,0
f20664,False,-9.1873404184977208,15.378709475199381,-10.647452990214029,0.5443354156076442,-0.046267170367298237,-0.83759077374422919,1.7599231182581858,0,0
f20764,True,-24.179000854492188,8.1090669631958008,-13.75651741027832,0.71531455523053955,0.5010392255620737,0.48711885769644836,1.9483740645583318,0,1
f20765,False,-25.500185648600262,7.5020391146341963,-13.153638203938803,-0.55176780899976507,-0.19770025050923079,-0.81022644729741211,3.2863770461662316,0,0
f20785,False,-18.120475769042969,3.701650857925415,-12.370591481526693,-0.27914166864123774,-0.73507261044890593,0.61785773944818112,5.2791972578725144,0,0
f20787,False,-26.72992769877116,5.0754990577697754,-12.155427296956381,0.30698876114176055,0.11971567198059979,-0.94415362013545256,3.2624282023119888,0,0
f20796,False,-19.407211303710938,3.3972691694895425,-13.096795717875162,-0.12617013826185561,-0.6087771823874869,0.78324417547488756,3.2044011866787794,0,0
f20798,False,-21.986316045125324,4.6184030373891192,-12.726821263631185,-0.18745287930520832,-0.6754308081558078,0.71320028143164615,1.9972462703116758,0,0
f20799,False,-21.058136622111004,3.9102609952290854,-13.06386661529541,-0.25053847145832842,-0.59580188514200116,0.76305346338284963,1.882808344454949,0,0
f20800,False,-25.701167424519856,6.1883438428242998,-12.357855478922525,-0.41686187625939702,-0.65608003674042348,-0.62911458535959841,2.0244903461862696,0,0
f20806,False,-28.030594507853191,4.9710893630981445,-12.244548797607422,-0.20132897567638403,0.28506776448932947,-0.93712486532060091,3.38676969326192,0,0
f20821,False,-17.947142283121746,18.825055440266926,-20.527242024739582,0.9989746789929056,-0.01145919746341484,-0.043798145217755609,2.3305706424544641,0,0
f20822,False,-17.549833297729492,19.729223251342773,-20.470369338989258,0.39774193143768594,-0.74573981913086129,-0.53448431047027889,1.6373602139171619,0,0
f20835,False,-23.12156867980957,14.684761365254721,-15.290384928385416,-0.8744861787516145,0.47458841125054463,-0.10019861814956955,5.8910595284446181,0,0
f20849,False,-12.074108759562174,16.230875968933105,-18.319107691446941,0.47000959272713017,-0.32952058874857565,-0.81884501850794034,1.9055448207381904,0,0
f20850,False,-12.733076095581055,16.258556048075359,-18.962252934773762,0.8806528679185075,0.054669114970963086,-0.47059729503599934,1.4338840150858077,0,0
f20851,True,-19.379491170247395,16.384130477905273,-19.172451019287109,0.80482890262111839,-0.56609672112925269,0.17828331338741513,8.1743118764966916,0,1
f20853,False,-15.435297648111979,18.498167673746746,-19.76958401997884,-0.67260257973026549,0.1888562218137447,0.71549919442472443,2.2725960287346529,0,0
f20870,False,-18.519796371459961,4.6040914058685303,-11.430193265279135,-0.27449972242412762,-0.77517176325616044,0.56899792604139787,2.8047460891208114,0,0
f20871,False,-21.704821268717449,4.9014477729797363,-11.808150927225748,-0.18454729914639215,-0.9827006044268578,-0.015550448124105349,2.3850508378527953,0,0
f20872,False,-23.343292872111004,5.1247811317443848,-11.61234982808431,-0.10453581825762494,-0.98993748072883891,-0.09537319827628879,2.7813777031617404,0,0
f20873,False,-25.57996431986491,6.4709277153015137,-12.114079793294271,0.8021831092629973,0.32470694884431622,0.50106651912232625,2.5330243715448519,0,0
f20901,False,-22.341245015462238,2.6425344149271646,-10.466000239054361,0.3154693197779298,-0.21127801524466383,-0.9251165918699793,5.2983944581899713,0,0
f20902,False,-23.740121205647785,3.8183756669362388,-11.065404891967773,0.23285958169237961,-0.13894429629675317,-0.96253358265602873,8.1568825328480621,0,0
f20905,False,-24.552735010782879,8.0370464324951172,-12.718448321024576,0.88877778381756034,0.40351836151254716,0.21736371112624892,2.9061212024240346,0,0
f20922,True,-23.698660532633465,10.244397481282553,-12.933932304382324,0.61919883383531327,-0.54907618264303748,0.56134494727496909,2.3245262463097531,0,3
f20923,True,-24.240510940551758,9.5453920364379883,-13.489680290222168,-0.30956317213726531,-0.72868727440996661,0.61088910496855975,1.8155387098712286,0,2
f20927,False,-11.813103993733725,11.465160051981607,-15.909060478210449,-0.95659732694076238,-0.17279256789228911,0.23465779887098726,6.199894353613594,0,0
f20928,False,-28.621035893758137,6.1002214749654131,-11.418187459309896,-0.39647229868138806,0.60001204578967704,-0.69483470069188602,3.3491244014875972,0,0
f20937,False,-21.389888127644856,5.5039216677347822,-11.2542724609375,0.82086243202243236,0.36837393367879845,0.43644646026772371,2.1756505388082212,0,0
f20938,False,-24.01035435994466,6.1537783940633135,-12.819441477457682,-0.63925756962329217,-0.28803342286553535,0.71301227688707114,0.90713873662172528,0,0
f20939,False,-27.687416076660156,6.8995366096496582,-11.191762288411459,-0.35333218956872492,0.69333905867614953,-0.6280424456425231,1.9530035373610768,0,0
f20942,False,-22.236917495727539,6.1052166620890302,-11.896079699198404,0.43879145054918101,0.69251493081138038,-0.57261255096989849,3.9788136558622837,0,0
f20943,False,-24.573748906453449,7.1510534286499023,-12.487950007120768,-0.49070646083844871,-0.6779679159932952,0.54732684401106479,1.2855752851476536,0,0
f20944,False,-25.421677907307942,7.4182537396748858,-12.055150349934896,0.41964506201760848,-0.69038984747931242,0.58928760416432402,2.1263276830390971,0,0
f20973,False,-35.248919169108071,-15.237127304077148,-1.8490238587061565,-0.47311743918346477,0.86771168204858629,-0.15243466002485659,3.1823789609020565,0,0
f20974,False,-36.688270568847656,-15.473724683125814,-1.9346123933792114,0.21462109337951107,0.96601698788137624,-0.14404501171917083,2.9617152387861743,0,0
f21000,False,-39.940676371256508,-8.3852047920227051,-6.0001015663146973,0.96599751414179014,-0.21995538303680909,-0.13589860979793941,2.8934668299520556,0,0
f21005,False,-36.162587483723961,-5.7863909403483076,-6.8921689987182617,0.19535365326486015,-0.86555660023606695,-0.46113850624715153,2.5376626984428503,0,0
f21006,False,-36.258949279785156,-6.7873188654581709,-6.6344154675801592,0.37369693955703642,0.51177830922318512,-0.77358487548191013,2.4732332990928807,0,0
f21009,True,-35.245084126790367,-4.906486988067627,-7.3009044329325361,-0.75190340783004139,-0.40517874900523076,0.52006869416272949,2.1919233700471401,0,2
f21011,True,-35.156589508056641,-8.1091931660970058,-5.3227394421895342,0.1719879738661457,-0.95824503390617932,0.22844384832943804,2.3004639922381434,0,1
f21019,False,-38.033925374348961,-0.35323676466941833,-9.4257783889770508,-0.1133982472344255,0.90989717183173024,0.39903380084496481,4.5160283859717936,0,0
f21020,False,-39.616753896077476,-1.2186829845110576,-9.5572617848714199,-0.69957991295169364,0.67929737833520853,0.22168224372153311,6.0835214291417001,0,0
f21028,False,-39.410307566324867,-13.745909055074057,-2.4592858950297036,0.72917882020527913,0.5732066435242037,-0.37380796137021183,2.8104186129069015,0,0
f21029,False,-40.745105743408203,-12.960712750752768,-2.6553340752919516,-0.79059023048747779,-0.32343360849129488,-0.51995941029666604,2.159064007830235,0,0
f21032,True,-33.664805094401039,-13.421125729878744,-2.1109273433685303,-0.93992777895898694,0.18771295786877648,0.28513087484413291,1.4636461563881107,0,2
f21033,False,-40.295574188232422,-12.598772366841635,-2.7639270623524985,0.87514867042350242,0.42172963359729443,-0.23718963046867672,1.6179584014078854,0,0
f21034,False,-40.837914784749351,-12.176485379536947,-2.9360567728678384,-0.72880243217167917,-0.22380379512818993,-0.64711581355029824,1.003860625185053,0,0
f21045,False,-40.446050008138023,-8.9875985781351719,-4.8819136619567871,0.7364885506732729,-0.54242260587977276,0.40418106259172842,3.6134489053059151,0,0
f21089,False,-20.144306818644207,4.8824392954508467,-13.443531036376953,0.063793346764517228,0.97988116654299995,0.18911189376374904,4.9190802836000413,0,0
f21090,False,-22.344340642293293,5.5152904192606611,-13.097339312235514,0.48979904830116222,0.83006750017175324,-0.26661739898568604,4.1610646603013723,0,0
f21091,True,-23.450791676839192,6.7579703330993652,-13.880677858988443,0.86506580429131308,0.34550264741987224,0.3637156511228013,3.5758801776405038,0,1
f21092,False,-23.562045415242512,5.6886719067891436,-13.443888664245605,-0.58387213068343469,-0.78621308964596825,-0.20239148371541479,2.3549206565241247,0,0
f21118,False,-18.707216262817383,16.984418233235676,-20.571696599324543,0.83266852448942619,-0.54322745044028553,0.10755029248100198,4.7372432489397696,0,0
f21124,False,-12.152553558349609,13.259127934773764,-17.143101374308269,-0.99066043858637987,0.051228926092941836,0.12636254409913319,6.2590894299219979,0,0
f21129,False,-13.555826187133789,16.910005569458008,-19.191168467203777,-0.43902722949318479,-0.024188791658979213,-0.89814809142012708,1.5123734702402347,0,0
f21133,False,-12.133624076843262,16.593391418457031,-19.000050862630207,-0.76064414218198706,-0.59312241892520501,0.26386793123178665,2.2367428699514416,0,0
f21134,False,-15.775014877319336,17.841699600219727,-20.712055842081707,-0.78860535242086782,-0.54185973641901986,0.29067098957596216,3.7034453294634484,0,0
f21135,False,-14.619467417399088,17.424301147460938,-20.226053873697918,0.16628972788025528,-0.9803750410600135,-0.1058891177982306,3.6625818216054933,0,0
f21138,False,-12.807196617126465,17.756940841674805,-20.112751642862957,-0.85209983029742831,-0.31877133806805308,-0.41510325611032828,1.5856775525058562,0,0
f21139,False,-14.082787195841471,18.098509470621746,-20.952651977539062,0.62281675847083284,-0.5173138259247696,-0.58692903393422424,4.3992642558497757,0,0
f21140,False,-17.498779932657879,18.929302215576172,-21.140450795491535,-0.2457476820380268,-0.080721014238455235,0.96596697388329578,1.5524240277700008,0,0
f21148,True,-35.779441833496094,-11.05141798655192,-6.7253688176472979,-0.12613257230359054,0.54540519384938735,0.82862762971445236,2.1448125300466443,0,1
f21153,False,-37.039947509765625,-7.7733050982157392,-8.8147311210632324,-0.37613210492592558,0.83154721288044442,0.40872224357717235,3.5371199356732159,0,0
f21154,False,-41.571037292480469,-10.627930005391439,-6.1080724398295088,0.44904002846251678,-0.5320909130099456,0.71780381242413627,3.6111033304149687,0,0
f21157,True,-35.773563385009766,-7.0788664817810059,-8.3457932472229004,-0.71178159016821152,0.58989199886572152,0.3813061730051267,3.3094761843677443,0,1
f21158,False,-37.725341796875,-5.5464541117350263,-8.9196936289469395,-0.64806749694948207,-0.75402017557810952,-0.1070611704531108,2.410052882558138,0,0
f21159,False,-36.860631306966148,-5.5701821645100908,-8.530827522277832,0.4695375328251109,-0.87210970497271689,-0.13769229376006731,3.7725769656678403,0,0
f21166,True,-36.230177561442055,-14.952863693237305,-4.3184647560119629,-0.2789589776410249,0.74797736020189309,0.60225555822996069,3.3584451720457946,0,1
f21176,False,-39.350794474283852,-15.515504201253256,-2.8951327006022134,-0.79061284085487671,-0.59683827247928756,-0.136804284945031,4.8657378964929539,0,0
f21177,True,-34.938109079996742,-14.720386187235514,-3.3956896464029946,-0.63793772277931693,0.67012853808659034,0.3794248335271016,3.8949453234402731,0,1
f21179,False,-37.255175272623696,-15.396037419637045,-3.3425398667653403,0.29094832307439861,0.95510516639644616,0.05588554753254503,2.7302502434720339,0,0
f21180,False,-39.728285471598305,-14.564435323079428,-3.5255838235219321,-0.85734575792550605,-0.15376529621374907,-0.49123770727361465,1.8273893070955631,0,0
f21185,True,-34.713740030924477,-12.648324648539225,-4.7790565490722656,-0.86110065541529668,0.10716804373233339,0.49701174195981646,3.0133618196037375,0,2
f21186,False,-42.258867899576821,-10.994414965311686,-6.508804003397624,-0.55921425396856361,-0.8066878995738429,0.19113882609120683,2.4017072183734651,0,0
f21189,True,-34.508157094319664,-12.191287994384766,-5.0485858917236328,0.89062622368677313,-0.28148124693115273,-0.35714596078847283,5.2386289213534551,0,3
f21237,True,-35.703639984130859,-8.1681086222330723,-6.1563355127970381,-0.18299468818895162,-0.98150761946830578,-0.056175946990572996,2.562227173285796,0,1
f21241,True,-34.601796468098961,-11.578706105550131,-5.3429091771443682,-0.71143068917612462,0.5658135953130079,0.41679893216916031,2.7173234105968325,0,2
f21242,False,-41.618782043457031,-9.7368135452270508,-4.8619896570841474,0.18206218236665803,-0.9286721675938695,0.32314295116618846,3.3218050732915088,0,0
f21250,False,-36.669909159342446,-7.4295934041341143,-6.1254417101542158,-0.82620938947684497,-0.54067155405050982,-0.15827923231083069,3.5738073596698237,0,0
f21251,True,-34.522040049235024,-7.495890935262044,-6.4135619799296064,0.99579930092095359,0.063652694072397195,-0.065818590251280396,2.2541027417494131,0,2
f21252,True,-34.805268605550133,-6.7733685175577802,-6.0632909138997393,0.76678182260146099,0.58440234298351745,0.26555515066245033,1.9593165378226642,0,1
f21255,True,-35.352319081624351,-6.8322839736938477,-6.8968869845072431,-0.7656160242092348,0.55694476064961074,-0.3219388716184981,2.0218325327914908,0,1
f21256,False,-37.540505727132164,-5.182292302449544,-7.3239734967549639,-0.91918472795661366,0.088651427903068722,0.38371911631045102,2.869619322208909,0,0
f21283,False,-38.6002197265625,-14.684362411499023,-3.4489195346832275,0.5938870662572262,0.79721193260463874,0.10840335347747242,3.1736462878109744,0,0
f21284,True,-34.205746968587242,-13.467482884724935,-3.4232198397318521,-0.88758579127181469,0.24001680573198789,0.39317095022216458,3.9146154984345722,0,2
f21305,False,-25.517178217569988,2.9564370314280191,-11.539641698201498,0.43432549773042955,-0.077519062238982195,-0.89741415021761473,4.7415976203123744,0,0
f21306,False,-27.198397954305012,3.3383978207906089,-12.056844075520834,0.63415245699790856,-0.45424191386365237,-0.6257115509346155,3.3727666094072517,0,0
f21307,False,-26.798751195271809,2.9880118370056152,-11.821913401285807,-0.36368549063480987,0.26795648278966966,-0.89215031650092858,1.9958686389908968,0,0
f21311,True,-35.274944305419922,-5.5521354675292969,-8.5989955266316738,-0.74955374793009677,-0.66145051552277723,-0.025542013988668216,1.7760654223305787,0,1
f21416,False,-12.265276590983072,9.8716761271158848,-15.393684705098471,-0.4462654787123243,0.78944488392937173,0.42145450258290151,6.1249236851618054,0,0
f21433,True,-33.437906901041664,-13.616664250691732,-1.2243996461232503,0.93745857387811016,-0.16560929157140031,-0.30617802796353405,0.15574962607838655,0,2
f21463,True,-33.753832499186196,-11.478862126668295,-2.0077205499013266,-0.91719040114013917,-0.36762826565775125,0.15365944925667388,3.6524662150803704,0,1
f21468,False,-37.5233154296875,-14.878680229187012,-0.65358038743336999,0.34272094417393201,0.885135344065065,-0.31476622612876931,3.8419484002835058,0,0
f21473,False,-38.900307973225914,-13.862539609273275,-1.0718742211659749,0.7960494480652861,0.58491864745003197,-0.1554845719040269,4.9187009370525239,0,0
f21476,False,-37.862119038899742,-3.6257894039154053,-5.6173351605733233,0.44141723782841369,0.1985020470485073,0.87507014545434347,3.5169746164394624,0,0
f21477,False,-37.730133056640625,-4.3489946524302168,-4.80561621983846,-0.19328861429293645,0.95428027636277757,-0.22801023163379605,2.440413700136955,0,0
f21478,False,-39.2713623046875,-3.210456371307373,-5.4705721537272138,-0.0036066515349031797,0.46504606163372986,0.88527913825169458,4.4068771972595018,0,0
f21479,False,-39.222510019938149,-2.0629640022913613,-6.5017528533935547,-0.21622589196791539,0.82601498858114764,0.52052435320738422,4.1746554294426028,0,0
f21480,False,-44.054134368896484,-1.0780991315841675,-4.581189314524333,0.13737238174857674,0.22720234880035986,-0.9641099114895163,3.994140701939779,0,0
f21482,False,-41.701337178548179,0.52131720383961999,-4.9764753977457685,-0.031147865443457871,-0.48249330188762818,-0.87534565978925738,2.2423515577252577,0,0
f21483,False,-44.651885986328125,0.73837276299794519,-4.855847517649333,0.0014650941258579117,-0.3725953010896188,-0.9279927775069905,5.6245533350202734,0,0
f21486,False,-43.453605651855469,1.2964628736178081,-5.2012519836425781,-0.13035437302506384,-0.478464923273691,-0.86837725363458451,5.2167139506377218,0,0
f21487,True,-36.436392466227211,-4.1517501672108965,-4.4044359525044756,0.055242466852318754,0.97721417456725623,-0.20494078871934424,2.0557252687255314,0,1
f21490,False,-32.922401428222656,1.3568585713704426,-8.7005828221639003,-0.32357329238159499,0.7435914046077613,-0.58512575353576057,3.7470377298050921,0,0
f21492,False,-32.773306528727211,2.4756238460540771,-7.7290174166361494,-0.37775841839160818,0.48721672601262211,-0.7873489945556621,2.9191054000687329,0,0
f21493,False,-32.02586555480957,3.2080845832824707,-7.7091484069824219,-0.50791550611873193,0.35867092080982044,-0.78318389233282115,1.2971306850873807,0,0
f21499,False,-40.121507008870445,-8.4288411140441895,-3.404858430226644,0.5415000003472431,-0.80743499268435581,-0.23415055458561282,3.0996675693301809,0,0
f21509,True,-34.485903422037758,-8.2339835166931152,-3.6773585478464761,0.99205276255356989,0.075970474867290166,0.10029857056941945,1.8956907323345429,0,2
f21510,False,-38.527380625406899,-8.0587859153747559,-3.6505834261576333,-0.098456750275439667,-0.96928452832625378,-0.22537473565719787,4.1886466016896415,0,0
f21513,False,-37.858615875244141,-7.3190868695576983,-5.2401692072550459,-0.01788630914709367,-0.78562749483082561,-0.61844120117512857,4.5602249521016658,0,0
f21517,True,-35.064961751302086,-5.7765688896179199,-4.3913008371988935,0.93215124725941256,0.25218735202268611,-0.25979913724357756,3.3712431309101198,0,2
f21518,False,-40.469271341959633,-4.0841532548268633,-4.4671940803527832,0.42012624444066027,0.79925727205339148,0.42974614809438094,2.781704395518882,0,0
f21519,False,-41.357624053955078,-3.6958052317301431,-4.0054292678833008,0.73428270288029818,0.59747669017332805,0.3222584629615316,1.38960803143315,0,0
f21522,True,-35.842005411783852,-4.8876880009969073,-5.081402937571208,0.65548536977389471,0.54061599412499906,-0.52732653726947942,3.2279692053440421,0,1
f21714,False,-21.222195943196613,6.4018017450968427,-10.375611623128256,0.44775732778197358,0.10009482191483834,-0.888534975137942,3.0099738404674801,0,0
f21715,False,-25.674342473347981,7.6583717664082842,-11.128237088521322,0.10413951458805999,0.24544006481079383,-0.96380191745349653,3.0456477501231536,0,0
f21716,False,-26.466506322224934,8.8292581240336094,-10.776009877522787,-0.097216559465746769,0.33616113241550821,-0.93677352312005824,2.9142087295796895,0,0
f21720,False,-25.149009068806965,7.910792350769043,-11.206611315409342,-0.85353998838043166,0.17318417633363606,-0.49140281776071693,1.5986569595834357,0,0
f21725,False,-19.960788726806641,5.7820909818013506,-10.321818033854166,-0.053849254708249319,0.39438438897043299,-0.91736645431571362,3.7864257359603419,0,0
f21733,True,-24.941337585449219,10.675404866536459,-13.163240432739258,-0.74850611034057224,-0.41919664167115134,0.51382173795437591,3.3806197418833071,0,1
f21744,False,-16.46220588684082,3.561170975367228,-10.232648531595865,0.82932017116504109,-0.48473704591899286,-0.27795332344211138,2.4630888669633504,0,0
f21745,False,-15.957645416259766,3.2637323538462319,-9.9777234395345058,-0.51848313841141336,0.19798070473579887,-0.83185267670145047,2.2744378969041414,0,0
f21750,False,-14.966828664143881,3.4520650704701743,-10.297062238057455,0.31687314612012363,0.51901140695555248,-0.79386306672999507,0.72071487713836202,0,0
f21751,False,-17.43000094095866,3.4391761620839438,-10.17811107635498,-0.61032559637629269,-0.44369861058508703,-0.65622725436603579,3.0682357959174453,0,0
f21757,False,-14.524915059407553,4.0808959007263184,-10.444620132446289,-0.50775012693786592,-0.10068504460352405,-0.85560056708008747,2.6050194045290471,0,0
f21758,False,-16.959006627400715,4.2963391145070391,-10.267671267191568,-0.13620779353986331,0.93784047079602528,-0.31922200474918971,2.4320463861766939,0,0
f21759,False,-19.502208709716797,4.7474110921223955,-10.326493581136068,0.076141039799553917,-0.76190542680876328,-0.64319721909970895,1.9635128281335807,0,0
f21760,False,-27.991329828898113,7.658101399739583,-10.733063062032064,-0.31795292647576212,0.13947274647621377,-0.9377917090355834,2.9607219845550365,0,0
f21763,False,-11.668923695882162,15.02243709564209,-13.751943906148275,0.92403631334647396,-0.23539172812772705,-0.30124346622972431,5.085950919212479,0,0
f21764,True,-12.992262522379557,14.733128229777018,-15.761236190795898,-0.66764291658067432,-0.62194260999645279,-0.4091947284734383,7.3486529406372663,0,1
f21767,True,-19.157573064168293,16.632183710734051,-15.189434687296549,0.41966310789794653,-0.90615543765304485,0.052585156472671091,3.0921803624505695,0,2
f21770,False,-17.340519587198894,17.89552116394043,-16.902418772379558,0.036649915583635881,-0.95489476576260934,-0.29467400633052782,4.1143568453547132,0,0
f21787,False,-12.14657179514567,10.263298352559408,-13.5994660059611,-0.49264936941263199,0.23563010506787319,-0.83772015160376723,4.2203023335354555,0,0
f21788,False,-12.415730476379395,9.9537747701009121,-13.09813404083252,-0.49557197868347452,0.038874787206977596,0.86769647046842258,2.7331447231738206,0,0
f21789,True,-24.624024709065754,11.988161087036133,-12.375162124633789,-0.70897499404727593,0.07270876188048038,0.70147551187584056,3.0578292896805315,0,1
f21799,False,-11.694399197896322,11.856782277425131,-14.11484177907308,-0.95471517064275557,-0.26218066952295677,-0.14064223929200051,3.1744934220345966,0,0
f21803,False,-12.081819852193197,13.249562581380209,-13.724387804667154,-0.97898883825270977,-0.16623528961527165,-0.11809607556196147,1.567817786686488,0,0
f21807,True,-13.040233612060547,14.331940650939941,-14.136741320292154,-0.60415602536284263,-0.75054831829758184,0.26771761040029507,3.6809762372034127,0,1
f21921,False,-16.609731038411457,19.520644505818684,-19.990061442057293,0.055789356647709107,-0.72367043422727984,-0.68788709125127123,3.5162006684307663,0,0
f21928,False,-24.897999445597332,11.382656097412109,-14.328463554382324,-0.59496160388232888,-0.1273954980843934,-0.79359377327042835,3.8771808730653499,0,0
f21943,False,-13.24938710530599,16.143385887145996,-18.706771214803059,-0.62816812509597308,-0.77662023981379202,0.047600522318332977,1.9566296205435181,0,0
f21944,True,-13.901988983154297,16.123730659484863,-16.97169303894043,-0.54186487906167302,-0.78751763931176588,-0.29359567539782006,7.0812519125615934,0,1
f22000,False,-25.521867116292317,8.0216628710428868,-12.529424349466959,-0.65390017231630626,0.70666907347447872,0.27024689681738606,3.5638891405346573,0,0
f22020,False,-23.677988052368164,13.764074643452963,-13.385048866271973,-0.93185763121365606,0.36183017073063656,0.026838082977594057,3.5190442972329805,0,0
f22021,False,-24.580686569213867,12.695412317911783,-13.540385246276855,-0.56262787006345849,0.82662198505745865,-0.012081955451114752,4.2416879541497208,0,0
f22022,False,-18.775476455688477,4.8526547749837237,-12.188477834065756,-0.091708210156759687,0.98039202136618431,-0.1744164230552008,3.8901615314123821,0,0
f22023,False,-24.190322240193684,5.7260761260986328,-12.254157066345215,-0.35787095190389173,-0.22393831257405741,-0.90652082929455413,1.6514656672853583,0,0
f22035,False,-17.037865320841473,5.1483718554178877,-12.002476374308268,-0.19144228224928531,0.95867776552373107,-0.21044427874763244,4.3230664954494307,0,0
f22036,False,-23.717102686564129,7.2758760452270508,-11.641349156697592,0.45145441497665822,0.67685647329637921,-0.58142430784657684,2.5466141964146902,0,0
f22037,False,-24.753716786702473,6.7233511606852217,-11.922665596008301,-0.61127595098695853,0.15046961079531476,-0.77698172949696565,2.2463006837150408,0,0
f22038,False,-26.089895884195965,7.4028730392456055,-11.596337954203287,-0.41937090394609439,0.68939897795610505,-0.59064125670030343,0.89793025089991418,0,0
f22049,False,-16.387479782104492,18.62494405110677,-18.572694142659504,0.18016486846380597,-0.8999116227037619,-0.39711420459875441,3.9030453053084906,0,0
f22079,False,-10.995152473449707,13.237076759338379,-14.816470464070639,0.5806616396867651,0.59187374027053308,0.55903267862840278,7.2315071767984467,0,0
f22081,False,-22.338708241780598,16.253130276997883,-14.52409807840983,-0.86724918891975877,0.48869222735311002,-0.095177472348642794,6.8891466712235765,0,0
f22083,False,-11.597641944885254,15.177961667378744,-15.402878761291504,0.94624840285046552,0.113191559862185,0.30298783949014929,6.451063665867018,0,0
f22084,False,-21.093746821085613,17.660983403523762,-16.124519666035969,-0.76992963645652401,0.61824692047724472,-0.15804777830241068,10.005335676819024,0,0
f22088,True,-15.228558858235678,17.006203333536785,-16.616927464803059,-0.64607950603914344,-0.71161326507687206,-0.27602143547712049,4.3350398581175753,0,1
f22091,False,-15.299880981445312,18.196622212727863,-18.444419225056965,-0.76139612934534329,-0.42613603846963316,-0.48855297659039659,2.9233143284991931,0,0
f22092,True,-18.632354736328125,17.286766052246094,-16.977413177490234,0.64616528809135554,-0.73368829666463009,-0.2101711298041892,6.1443414509877297,0,1
f22094,False,-39.541376749674477,-6.5818010965983076,-5.4374027252197266,0.9824222550921734,-0.13706221790191239,-0.12672987462874513,3.4276950776962503,0,0
f22097,False,-38.724704742431641,-6.1558723449707031,-5.393290837605794,-0.71258246084970145,0.091844337112389318,-0.69555075604140448,4.4128872948072049,0,0
f22098,False,-37.81878662109375,-5.0689396858215332,-5.8019604682922363,-0.43142489092180952,0.49821274854656744,-0.75210146966933877,2.5189517113524933,0,0
f22099,False,-42.352968851725258,-3.0515387852986655,-4.5831398963928223,0.25960447618226606,0.94420854142546995,0.20267152302511102,3.1756247005108778,0,0
f22101,False,-35.992754618326821,-5.2220131556193037,-6.6157301266988116,0.72673015155993026,0.65737521343962702,0.1993015694089883,2.691322625710264,0,0
f22105,True,-34.765022277832031,-7.0529065132141113,-4.8342784245808916,0.89500303947072979,0.41326840680548693,-0.16786537247035216,1.3290155338535035,0,1
f22106,False,-42.831887563069664,-3.0776305993398032,-5.778684139251709,0.1342797449936505,0.901366993971496,-0.41171166155846156,3.0725656868401003,0,0
f22110,False,-40.470752716064453,-2.2771718899408975,-6.9301292101542158,-0.42310762889428738,0.83740652835595408,0.3460205783451073,2.7066392245199418,0,0
f22111,False,-41.886876424153648,-3.0624080499013266,-6.6327279408772783,-0.36818103927814327,0.86112228296981363,0.35058684528790102,2.3846210444536697,0,0
f22136,True,-35.160699208577476,-8.5677477518717442,-3.8155484994252524,-0.066776570825452838,-0.80098718325290685,-0.59494573017491903,3.4042641069592343,0,1
f22146,False,-20.40135383605957,3.6387557188669839,-10.062198956807455,0.28771971248907341,-0.21528510691741706,-0.93320399151780375,4.4638323335603012,0,0
f22167,False,-37.327971140543617,-0.18198336164156595,-7.9035253524780273,-0.48378980550622114,0.79410291772603969,-0.36789669765743144,4.0301186600593129,0,0
f22169,False,-34.617535909016929,0.58167979121208191,-8.8837966918945312,-0.25252408886860023,0.77416064547938113,-0.58043680063554803,4.5214954650293402,0,0
f22170,False,-35.684223175048828,0.79925981163978577,-7.8077507019042969,-0.4320797204732732,0.81847528599701147,-0.37868895068096231,3.6480122848990333,0,0
f22183,False,-18.558958689371746,2.0801695783933005,-9.4329106012980137,-0.078872987453037419,-0.10054807504474282,-0.99180095606680563,4.7989686015175925,0,0
f22184,False,-19.921627044677734,1.9996296366055806,-9.5467128753662109,0.27992821126205997,-0.20659692959627077,-0.93752754904643576,4.2472973776403915,0,0
f22268,False,-41.307871500651039,9.8611586888631191,-1.9629586140314739,0.89199513029130328,-0.44923834198371004,0.05029512529388859,3.4227838903017074,0,0
f22277,True,-32.370329538981117,9.6391919453938808,-1.7146006027857463,-0.74907485973185406,-0.49662584015347805,0.43846280276615868,2.9664148693067198,0,2
f22280,True,-37.427001953125,13.64984130859375,-3.7471710840861001,0.090317202767481577,-0.92018113290947834,0.38093238969886317,3.6435906366278155,0,1
f22284,True,-19.748287836710613,10.795413335164389,-2.5037553310394287,-0.9216147770359272,0.30787975134696616,0.23629697725436269,4.5645691931169177,0,2
f22285,True,-36.754432678222656,14.312544186909994,-3.6122195720672607,0.49649587157601655,0.51687740862681109,-0.69737335334754813,3.1136644268444704,0,1
f22331,True,-20.947949727376301,11.138053894042969,-4.726807514826457,-0.62194236019311067,0.31782735314613597,0.71566296130898399,3.3656313069759398,0,1
f22332,True,-20.07686487833659,11.806936581929525,-3.9245425860087075,-0.82557174979346215,0.22478445036554767,0.51759369858685489,5.369880703363731,0,2
f22334,True,-34.563734690348305,15.095279693603516,-3.896171728769938,0.41071824019678482,-0.83641222912040081,-0.36293954062281292,2.373849805557509,0,1
f22336,False,-36.397237141927086,15.001192092895508,-3.6990052064259848,-0.74340593538198041,-0.66764047782590319,-0.040047566808014363,2.5614436407394283,0,0
f22339,False,-35.947119394938149,15.952308654785156,-3.9436169465382895,-0.48561156808110006,0.82336155232615105,-0.29369569131481271,3.8633786409379391,0,0
f22342,True,-33.672824859619141,16.532101313273113,-4.7255690892537432,0.74590806127037113,0.64225458407808866,0.17643756222119403,2.4565425124143205,0,1
f22343,False,-34.212338765462242,16.415786743164062,-5.0680538813273115,-0.85020710094222751,0.45705743233967849,-0.2612400984735555,2.6677111364034301,0,0
f22404,False,-40.050203959147133,2.9260517756144204,1.7075036366780598,0.89637811279348201,0.099993405893514548,-0.43186525408118959,2.77909703979959,0,0
f22527,False,-32.071723302205406,20.711276372273762,-6.1882141431172686,0.048147581221948559,-0.81775557373833552,0.57354828222422694,2.5846510849238933,0,0
f22572,True,-29.573535283406574,-10.442543983459473,11.924768129984537,0.51061705455270812,0.85118578136879586,-0.12146188371464198,6.2810348318514455,0,2
f22574,True,-24.808949152628582,-11.930947621663412,12.34326171875,0.047424607937386787,0.95392396596782536,-0.29627685315292557,2.5652792743940021,0,1
f22575,True,-22.469636917114258,-12.201255480448404,12.68925952911377,0.25721928221935342,0.8711565341849451,-0.41823980418108858,2.8883351980928818,0,2
f22596,True,-20.159346898396809,8.5883797009785976,-2.0510252316792807,-0.9415420407844145,0.15445488865202642,0.29940319438344304,4.8658660181692621,0,2
f22598,False,-40.205394744873047,12.378817876180014,-3.9032402038574219,0.78677550136720353,-0.43803209307777352,-0.43487032076504162,2.9556091551635353,0,0
f22601,False,-39.829872131347656,12.790924390157064,-4.4522096316019697,0.048495137183138547,-0.81628550126583277,0.57560941800215271,1.6482771364627986,0,0
f22603,True,-38.094237009684242,-0.61138822635014856,2.0023553371429443,0.63042143785203175,0.61761894184422073,-0.47022936251557251,4.4907141841241947,0,1
f22609,False,-40.256046295166016,1.6871416171391804,0.25866162776947021,0.93137461216584216,0.29308020142189173,-0.21597529337271512,3.64540915960889,0,0
f22623,False,-38.065357208251953,17.677200953165691,-5.6709151268005371,0.80990881443874474,-0.1004127427550482,0.57789704393329033,3.0636119861535285,0,0
f22624,False,-32.337579727172852,16.33663050333659,-6.9411721229553223,0.36741801746312364,0.2964164694055888,0.8815561678694066,1.4840093425913259,0,0
f22632,False,-38.833349863688149,18.698291778564453,-4.9683903058369951,0.59539166429022972,0.31778744553267868,0.73791592038356602,2.5306294497012729,0,0
f22634,True,-23.939260482788086,16.582749684651692,-5.4923933347066241,-0.37891538606332231,-0.42374862524267581,0.82271515897631642,1.9680170110409128,0,2
f22635,True,-25.33789571126302,16.998669306437176,-5.8811219533284502,-0.34367383744647406,-0.41723110077659403,0.8413123688616293,3.3527415387933326,0,1
f22640,False,-36.167596181233726,20.137872060139973,-6.1517450014750166,0.25024568453846424,-0.33672752862407451,0.9077398684846878,4.0903196669698909,0,0
f22641,False,-38.257110595703125,19.844570795694988,-5.3025695482889814,0.54965877905183991,-0.34168886270518234,0.76231486127090531,3.5367797325946539,0,0
f22642,False,-37.909772237141929,16.554367701212566,-4.5501339435577393,0.76025583981910982,0.64786547208014467,-0.047763878687884606,4.0980440607442681,0,0
f22643,True,-38.680843353271484,13.077955563863119,-4.4248162905375166,0.29781390068132596,-0.80235142821931038,0.51724178697723755,2.1286867149432966,0,1
f22646,True,-33.835898081461586,15.300550778706869,-5.2054613431294756,0.010971228187446462,-0.95196126483715005,0.30602186588822794,2.4317388041489285,0,2
f22647,False,-35.647801717122398,14.901130040486654,-4.3875753084818525,0.24585537058990412,-0.85830108637681413,-0.45041578777445357,2.0426685680589194,0,0
f22649,True,-37.451479593912758,15.012639681498209,-4.7399752140045166,0.98116975207740176,-0.0051944216879621884,-0.19307753777096331,5.3168639511720706,0,1
f22653,True,-19.717034022013348,13.189043998718262,-4.8406533400217695,-0.054733432473107288,0.98587309472740525,0.15829874434852828,2.0646412507274516,0,3
f22654,False,-35.197683970133461,15.852246602376303,-4.6321870485941572,0.14422295881593844,0.55648986534316036,-0.81824126510505901,1.5313249416132684,0,0
f22660,True,-32.820694605509438,15.9751345316569,-5.774056275685628,0.65875518866336624,0.7204266564870172,0.21685717426921844,3.3921025936233065,0,1
f22664,True,-29.695780436197918,-11.277413368225098,7.0978086789449053,0.42014717379107042,0.88359279373512478,-0.20673685499865105,2.706602722319726,0,2
f22678,True,-22.914324442545574,10.796442667643229,28.206708272298176,0.67083965041055982,-0.31141660674093624,-0.67304818585521708,5.118915425725902,0,1
f22699,True,-28.777599334716797,-11.585079511006674,7.9698983828226728,0.48725672928119335,0.85888118338251829,-0.15780998891590717,3.9468208215722798,0,2
f22708,False,-40.572081247965492,5.3551687399546308,0.86245882511138916,0.80546315084878062,0.079525164823792738,-0.58728601276082093,5.5501982052197434,0,0
f22889,False,-33.973579406738281,12.648410797119141,1.0638255675633748,-0.75978578750574177,-0.63753281093493441,-0.12758319672151691,5.8609420815766873,0,0
f22900,False,-35.197878519694008,16.582513173421223,-2.0336302916208902,-0.42882808824503693,0.90338597006847121,0.00050972105520006878,6.2980103661188078,0,0
f22901,True,-31.939416249593098,17.923942565917969,-2.806074539820353,0.87136955081230827,-0.33123925752280603,-0.36193322615214013,3.6549880513199273,0,2
f22905,True,-32.880896250406899,11.088898022969564,-1.4889758427937825,-0.93164335699841028,-0.20400699119082974,0.30070218307487767,2.8564918614116506,0,2
f22906,True,-33.445639292399086,12.426240603129068,-0.59894529978434241,-0.75040488980340592,-0.62215990197993509,-0.22318054961724593,2.4519630885311794,0,1
f22911,True,-34.509497324625649,13.434281984965006,-1.513703465461731,-0.58680254195197656,-0.80641340149038754,0.073213404888735484,3.6004659023020595,0,1
f22913,True,-34.026470184326172,14.124784151713053,-2.7895666360855103,0.078125570745986,-0.57350532026721424,-0.81546799006510007,4.9280398196544732,0,2
f22914,False,-35.796197255452476,14.504839579264322,-1.9317384560902913,-0.72729487105837831,-0.6711029466262306,0.14374632364609394,3.1795330436293541,0,0
f22919,False,-40.538406372070312,18.680935541788738,-2.7785412073135376,0.56301547292643228,0.67667109555546667,0.47447845650270598,2.6022979311068308,0,0
f22920,False,-40.432969411214195,18.585499445597332,-1.7358148097991943,0.046469303290506275,0.79319543959859662,-0.60719156651890693,1.8097078692342614,0,0
f22923,False,-33.461536407470703,17.979420344034832,-1.919377326965332,-0.7636082455614005,0.64554855046861948,0.013019842491530105,7.7105207513409368,0,0
f22927,False,-39.318645477294922,17.923851013183594,-0.71152035395304358,0.71658185701990074,0.027501647580470252,-0.69696061694350442,1.6700417900279529,0,0
f22933,True,-32.055657704671226,11.842226982116699,0.36601920922597247,-0.00099142400388357865,-0.63024791192976282,0.77639331951441881,2.0783151843440626,0,2
f22961,False,-38.744036356608071,16.611568450927734,-2.0636845032374063,0.57622161264736915,0.65428832694531958,0.48977080184629201,3.7251330278147785,0,0
f22962,False,-39.637494405110679,17.721309026082356,-1.4967714150746663,0.98353855794601064,0.12313022291347493,-0.13225298952673947,2.2290056565088272,0,0
f22971,False,-35.652589162190758,14.947911580403646,-0.89848995208740234,-0.81810382077198518,-0.30952342603360583,0.48466626370596355,3.2714170994569614,0,0
f22973,False,-35.424861907958984,22.703657786051433,-3.7879414558410645,0.10190561160837018,-0.98169795116438929,0.16088622999611971,3.8609048259945826,0,0
f22984,False,-39.066501617431641,7.9602608680725098,2.7744059562683105,0.70816778742382303,-0.05113312615000954,-0.70419016484567176,5.4551265326982987,0,0
f23000,False,-27.770663579305012,-10.823208173116049,14.355242729187012,0.34900308160457078,0.91217274202044396,-0.21479696865975068,3.6317353359080484,0,0
f23002,True,-28.046326319376629,-11.110249519348145,12.46903133392334,0.36731034442918542,0.91287900463208105,-0.17814329562813777,6.2740730434893015,0,1
f23004,True,-29.694096247355144,-10.699937502543131,9.8921400705973301,0.49259345454100878,0.85464948411986208,-0.1640912789791362,3.9150375933693677,0,2
f23014,False,-39.066426595052086,9.2531229654947911,2.9464902877807617,0.55354091670130434,0.36418941172135472,-0.74897164560985441,2.98650615375854,0,0
f23076,True,-33.252942403157554,12.641250292460123,1.6822442611058552,0.56016088161309796,-0.5207043927551519,0.64427224220505208,4.5229226161646743,0,1
f23223,True,-31.784950256347656,10.003373463948568,-0.98976711432139075,0.034785670723688739,-0.55231473830017086,0.83290959111341523,2.1149526292884864,0,2
f23230,False,-40.048744201660156,12.7374054590861,-2.4562436739603677,0.78785063800560118,-0.48196249057083718,0.38341039354316231,3.8778458701792968,0,0
f23237,False,-39.873564402262367,4.3989459673563642,2.0117137432098389,0.90609770991926775,-0.10774538600292634,-0.40911840813404982,3.9334898713118416,0,0
f23252,True,-26.720571517944336,19.572193145751953,-4.7321883837382002,-0.39903777803153195,-0.7080053724929406,0.58266392047628124,3.7194372580229773,0,2
f23253,True,-33.046782175699867,17.306589126586914,-3.5756223996480307,0.053327495886074827,0.16706724689005648,-0.98450226673131525,2.9581513019085937,0,1
f23254,False,-39.590033213297524,18.316312154134113,-3.7640254497528076,0.78889431624189521,0.52733208233994977,0.31554180822237332,1.9164179085932895,0,0
f23257,False,-32.599389394124351,18.687243779500324,-3.1152841250101724,-0.3485765755816142,0.60276717914416555,-0.7177507218403758,1.699373540482042,0,0
f23267,False,-36.169897715250649,22.106090545654297,-4.7596445083618164,0.26339887303973375,-0.75034159333072459,0.60630728760201114,4.0597956510207673,0,0
f23280,False,-39.649028778076172,14.413023312886557,-1.6133197546005249,0.83749443035407756,-0.32654800854987476,0.43814321544217716,4.1885444251103001,0,0
f23284,False,-37.274688720703125,14.516386349995932,-2.9964678287506104,-0.054384283785835014,-0.14595861506987309,0.9877947318972633,2.9883274386753254,0,0
f23285,False,-38.504337310791016,15.208011945088705,-2.2822196880976358,0.44754351739735437,-0.59089438934408933,0.67122918640154472,4.1839746961648627,0,0
f23289,False,-38.591138203938804,17.111135482788086,-3.2882121404012046,0.62725312837575653,0.74785560879948421,0.21740630471534042,3.3858405727721408,0,0
f23294,False,-31.556433359781902,20.203883488972981,-3.5717318852742515,-0.95984007010571815,-0.046270342732137031,-0.27670579177693533,1.5794242190090115,0,0
f23299,True,-30.648178100585938,20.482774098714192,-3.6159100532531738,0.51249643407578849,-0.58867075009565861,-0.62515130411878328,4.1894091804863614,0,1
f23308,True,-35.72160212198893,-1.5578617056210835,6.5273575782775879,0.91264208332298657,0.11071226690004055,-0.3934809038641307,4.5600288807427489,0,2
f23310,True,-36.655021667480469,-0.39475913842519122,5.3672266006469727,0.80748117613093162,0.2743588711443245,-0.52220815774805673,7.1008013548409146,0,1
f23313,False,-36.699637095133461,22.11830774943034,-2.3326807022094727,0.33568230251952014,-0.83796231962467194,-0.43027496169825263,4.6506581083539986,0,0
f23314,False,-32.380555470784508,22.302514394124348,-4.2947150071461992,-0.36738249547230389,-0.88243765690596576,0.29382628149103962,3.5379542231552112,0,0
f23315,False,-31.714567820231121,21.379950841267902,-3.4218110243479409,-0.94395222011871072,-0.10773941382006662,-0.31200388594161027,3.6452087770697665,0,0
f23316,True,-29.594224294026692,20.760964075724285,-4.35209862391154,-0.47857849780240785,-0.87156384455065772,0.10648514597476773,4.2470855273830468,0,1
f23318,True,-28.088799158732098,20.374951044718426,-3.8981440862019858,-0.021397523969667598,-0.96990044513386886,0.24255983281881305,3.152166555776617,0,2
f23356,False,-39.152215321858726,2.047018071015676,2.8504943052927652,0.78135141573831624,0.24090903762177546,-0.57571937670698459,3.6922865173957997,0,0
f23421,True,-26.413455327351887,-11.815396944681803,11.407576560974121,0.23405432963382336,0.96769113937639584,-0.09376795589152144,4.5384803899694308,0,2
f23428,True,-30.612277348836262,-10.392271359761557,9.0200503667195644,0.41999992368979355,0.88371918768075075,-0.20649566926558535,2.7290129900956277,0,2
f23457,False,-41.765625,4.7566301822662354,-0.35912895202636719,0.53077510820777374,-0.037099842481320359,-0.84670029301688998,3.8250238209434269,0,0
f23465,False,-41.427565256754555,2.9927893479665122,-0.85915863513946533,0.60854322388830018,0.60387492601354764,-0.5147914319331337,4.2459189600787592,0,0
f23469,False,-40.445836385091148,1.5355123281478882,-0.88450046380360925,0.95066710729915205,0.26900848949798994,-0.15448781077312299,2.0991799299394613,0,0
f23478,True,-35.187733968098961,-3.2287058035532632,0.71065886815389001,0.36351166377150462,0.77969916826366792,0.50983181276869827,1.7313046409413468,0,3
f23481,True,-33.928124745686851,15.810102144877115,-7.2961587905883789,-0.77284737645676083,-0.082339183531314891,0.62922745613911202,2.1721881726594043,0,1
f23482,True,-32.816940943400063,15.278752962748209,-5.8605726559956866,0.29407783534538262,-0.9173410706851981,0.26833484081033615,2.8490699456586439,0,2
f23485,True,-22.180025100708008,12.345137596130371,-5.719955762227376,-0.31826484174408054,0.15990489689966639,0.93441849000173505,4.3108499105285576,0,1
f23497,True,-34.193646748860679,9.3613039652506504,-3.4888590176900229,-0.33033129013786439,0.9294915720306437,0.1640934376501888,0.72090912006422969,0,1
f23498,False,-40.571898142496742,9.3574002583821621,-3.2910356124242148,0.67575296915655703,0.017987538380767831,0.73690865997021493,5.695348069862983,0,0
f23499,False,-34.334754943847656,8.6536459922790527,-3.7389790217081704,-0.64882882132707109,-0.37977987168146393,0.65938487219599917,2.4063984259995297,0,0
f23500,True,-33.439250946044922,8.8488036791483555,-3.0417203903198242,-0.18450929191012613,-0.29461334705195941,0.93763494865414732,1.0907610732490471,0,1
f23501,True,-32.670775095621742,8.4439927736918126,-2.789148966471354,-0.52315811591366845,-0.18937145910743625,0.83092962170642415,2.0236313011606208,0,2
f23543,False,-38.543636322021484,17.476558685302734,0.29438666502634686,0.82286297100212724,-0.030661061926851065,-0.56741204625480945,3.2710952588247157,0,0
f23560,True,-33.934619903564453,15.669941266377768,-6.132731755574544,-0.8223255310569757,0.065786441930071229,-0.56520161449702533,2.4584536104488701,0,1
f23563,True,-32.672635396321617,-10.771481196085611,4.7203755378723145,0.60619453193193273,0.68725971448469436,-0.40025276301637364,4.5048715753450486,0,3
f23564,True,-31.655833562215168,-10.953998565673828,5.8920588493347168,0.58471204500814533,0.69300905483798469,-0.42172298293424304,3.7961531475864416,0,3
f23617,False,-38.657909393310547,5.0951980749766035,3.8773945172627768,0.80115226403793272,-0.14911228289133574,-0.57958655688156591,4.9015324928171786,0,0
f23655,False,-24.079837799072266,19.601886113484699,-9.0719639460245762,0.94092930828579069,-0.15515397904731004,0.30096391742966511,1.6088389677042949,0,0
f23663,False,-35.778892517089844,18.898906707763672,-6.9929703076680498,0.29907607104491535,-0.58046503032922692,0.75737299416682835,5.1389963525979336,0,0
f23664,False,-34.433080037434898,18.161716461181641,-7.1455448468526201,-0.48497326792320561,-0.0028332276720337149,0.87452438629282669,4.6856319895084502,0,0
f23666,False,-37.100414276123047,17.584514617919922,-6.8463196754455566,0.72135072903379338,-0.099894418756165115,0.68532782726501251,3.4103842664592388,0,0
f23667,False,-25.064820607503254,15.197361628214518,-6.3495996793111162,-0.29612374343108688,-0.17574364885312932,0.93884231821118269,4.3292886783944136,0,0
f23732,False,-24.86341667175293,19.165108998616535,-10.075661659240723,0.5197379109455974,0.20255832721561601,-0.8299654378355269,4.6342210639815722,0,0
f23768,False,-44.88548151652018,11.357739766438803,-3.6709516048431396,-0.4413823081812685,0.42314582111818322,-0.79128330709979855,4.83331748199606,0,0
f23770,True,-38.722441355387367,12.034541765848795,-5.2363812128702802,0.14272642163733365,-0.31440079289159706,0.93849949919844777,1.9615093903317653,0,1
f23771,False,-39.871470133463539,11.74751059214274,-5.2637745539347334,-0.048092372913328539,-0.33764203649359431,0.94004520043454487,1.5432144818176849,0,0
f23772,True,-36.562398274739586,11.487186113993326,-5.0182787577311201,-0.13959462306367015,-0.056051890762458714,0.98862102281595499,2.1795295439530684,0,2
f23775,True,-37.890973409016929,11.431024869283041,-5.2779369354248047,-0.22503019665088361,-0.075962651299393988,0.97138616739319039,2.9096238142618609,0,1
f23777,False,-44.431083679199219,12.373420079549154,-3.9150016307830811,-0.69861340087531032,-0.43466053783863723,-0.56833927628069103,3.2911750192746885,0,0
f23778,False,-41.454471588134766,11.522211392720541,-4.4758693377176924,0.38638665715723902,-0.75694493615446301,-0.52701016574727466,2.266225261058453,0,0
f23779,False,-40.867296854654946,10.969670931498209,-4.6442891756693525,0.11188371126096859,0.97415718516968652,-0.19621369406018863,3.7839788162677386,0,0
f23780,True,-35.934923807779946,10.146981239318848,-4.9250868161519366,-0.14958640776827278,0.089310398829989923,0.98470683925309066,1.4255978998423258,0,1
f23781,True,-34.608029683430992,9.8268013000488281,-4.1155560811360674,-0.62868367048506113,0.19687798316892435,0.75232699154607496,2.8198707407768175,0,2
f23785,False,-39.607978820800781,10.118090311686197,-4.5540315310160322,0.85956688449669372,0.27903223387603432,0.4281188894860839,3.0254419290321519,0,0
f23786,False,-38.400988260904946,9.9266799290974941,-5.1445566813151045,-0.2137988672369778,0.42006612172056262,0.88194926030403276,2.5747372465460261,0,0
f23787,False,-37.211659749348961,9.4260466893514003,-4.8555515607198076,0.0033919725298685701,0.21557680518435154,0.97648099602033467,3.0277061534180993,0,0
f23800,False,-31.472077051798504,16.155843734741211,-7.2898283004760742,0.4868203114231674,0.27745712885486301,0.82826537174595583,0.77342978663154749,0,0
f23801,False,-23.538838704427082,19.216758728027344,-9.5298703511555996,-0.6072680984507568,0.42341752434713381,-0.67226710218464991,3.7731820110590299,0,0
f23802,False,-31.94101842244466,19.52519925435384,-6.928397337595622,-0.0092057577168315041,-0.23389569701126864,0.97221811181672191,3.2158213060355152,0,0
f23805,False,-32.697493871053062,18.344889322916668,-6.9011034965515137,0.20985414315340917,0.064050868574844808,0.97563247426280175,4.7925827989584731,0,0
f23806,False,-32.01604906717936,17.224159876505535,-7.0893158912658691,0.3546632687722685,-0.33863194417657283,0.87151728162266762,1.1783726402898509,0,0
f23807,False,-31.150546391805012,17.043373107910156,-7.4379720687866211,0.22104249722458025,-0.23330081965813532,0.94694822560030378,0.7840756999514028,0,0
f23808,False,-28.878455479939777,16.423116048177082,-7.1600961685180664,-0.22273883990959911,-0.19568851669679871,0.95503581798209691,6.0211418364585176,0,0
f23810,True,-37.051966349283852,16.50885009765625,-7.5068902969360352,0.71233190353158438,-0.63858310083118253,0.29119560873045708,2.0002852157400919,0,1
f23811,False,-34.767768859863281,16.703337351481121,-7.6725532213846845,-0.50421579151639151,-0.52037397971094213,0.68918601032326143,2.4441660443276727,0,0
f23812,False,-26.682478586832683,14.729178746541342,-6.9007182121276855,-0.26414811835890173,-0.15354189282351469,0.95218205124630662,7.4293217667336346,0,0
f23818,True,-36.823324839274086,15.009865760803223,-6.9976069132486982,-0.80165961793722318,0.58475781852024722,0.12409734343726672,1.2011779032398557,0,1
f23819,True,-36.508140563964844,15.285454750061035,-7.1982294718424482,-0.22556154601977124,0.97164935868865443,0.070848519512388908,0.76634787294425633,0,1
f23820,True,-34.650702158610024,15.029340108235678,-7.9341155687967939,-0.59922187394935478,0.29550826211732995,0.74404839412569057,1.7647260094893822,0,2
f23821,True,-23.66618537902832,14.781442006429037,-5.9608710606892901,-0.33788511450394709,-0.17238488911550848,0.92526596144097306,2.5092656526664867,0,1
f23825,True,-22.469737370808918,13.874935785929361,-5.7594494819641113,-0.28739728695277827,-0.20726067488184424,0.93511807388142432,4.7756024751828576,0,2
f23828,False,-36.646275838216148,15.04963747660319,-6.979380925496419,0.6492604589610883,-0.76018016390587295,-0.024227563510950564,1.6592501252140051,0,0
f23831,True,-37.500518798828125,14.64106305440267,-6.3051430384318037,0.96198647701915097,0.16157430007697898,0.22017212263798716,3.0126841858936633,0,2
f23843,True,-32.799839019775391,18.045544942220051,-0.37390581766764325,-0.22735530026958461,0.77987755932907299,0.58318141250751054,4.2517285822636399,0,1
f23877,False,-35.504388173421226,16.074468612670898,-0.75577004750569665,-0.76004914741516572,0.41242168849132732,0.50222867737261101,3.0946900200253626,0,0
f23933,True,-30.583768208821613,19.58348782857259,-2.3899144331614175,0.55325026709987313,-0.76498783232024536,-0.32970859612071229,2.676646297812181,0,2
f23938,False,-39.076268513997398,20.147344589233398,-0.80507691701253259,-0.11884599275235821,0.32597007716312504,-0.93788013029436368,1.6984691315062939,0,0
f23943,False,-38.320432027180992,21.307662963867188,-1.6670084396998088,0.12598792056684052,-0.87625036851421734,-0.46509389971267284,3.5781346120304045,0,0
f23952,True,-31.53118387858073,21.357024510701496,-1.7995620965957642,-0.87257094707291072,-0.027090792883025364,0.48773561615413397,3.9045330984546611,0,1
f23968,False,-38.204561869303383,3.2759102384249368,4.2832385698954267,0.69702835445700217,0.17808879510608366,-0.69457602473784485,6.7507744429128325,0,0
f23975,False,-36.705933888753258,-13.938511530558268,2.8086182276407876,-0.19853832829906445,0.97912687964238077,-0.043509605353159189,1.3028514222416088,0,0
f23998,True,-37.174439748128258,-1.3807502388954163,3.1403607527414956,0.88658084316833863,0.43004170845118128,-0.17040697614624456,6.649514019665502,0,2
f24024,False,-36.892923990885414,2.1971275409062705,5.7649547259012861,0.83126423003393712,0.084430151857293148,-0.54942818395440907,11.195480992902679,0,0
