face,is_home,cx,cy,cz,nx,ny,nz,area,component,n_loop_verts_in_face
f10,True,171.87185668945312,18.11088530222575,78.10611216227214,0.64075350104211481,0.51131527883909067,-0.57270554085670899,22.333957042101414,0,3
f20,True,179.95482381184897,10.367461204528809,74.905286153157547,0.36646506559974512,0.87388503368627524,-0.31941869637532527,17.577076254379865,0,3
f48,False,166.05441284179688,-53.399777730305992,79.984751383463546,0.83365307847338876,-0.17757413796385563,-0.52296268535932422,29.863102164961465,0,0
f61,False,165.32645670572916,-56.940006256103516,80.15325927734375,0.81140109476180777,-0.23190561127465423,-0.53651472568669423,14.156723118343443,0,0
f80,True,180.86079915364584,-0.56150611241658532,70.868962605794266,0.36289081467781242,-0.87543969433612912,-0.31924222496897003,22.295728565375683,0,2
f83,True,183.81681315104166,-1.0792318979899089,75.513412475585938,0.36810727148399902,-0.8651010891106945,-0.34073030728142656,20.739026720816089,0,1
f89,False,169.02982584635416,-19.525198300679524,77.239641825358078,0.70877993871001632,-0.22633000459265845,-0.66813600973403053,23.158889608411538,0,0
f139,False,177.66770426432291,96.512959798177079,71.480728149414062,0.61965728317950308,-0.72650033448521245,-0.29702207896968086,66.705997940332352,0,0
f140,False,173.44748942057291,92.30148061116536,71.808570861816406,0.70289648924360459,-0.6366884043983001,-0.31711890690049033,59.543554010519259,0,0
f168,False,168.33837890625,82.587890625,75.52340952555339,0.70472100680129768,-0.48375934457781788,-0.51898477733610371,47.409905674825907,0,0
f172,False,166.79011027018228,77.905181884765625,76.94595591227214,0.80403527951309051,-0.30045936351011632,-0.51308034475840347,36.400127563561028,0,0
f188,True,164.37654622395834,72.148740132649735,75.233856201171875,0.89428912896979051,-0.040012250978933614,-0.44569717699134276,29.9717651623777,0,1
f389,True,163.39197794596353,66.602063496907547,74.934761047363281,0.83028145377219964,-0.11730510572708376,-0.54485981655126703,27.930511458719128,0,2
f540,False,170.39620971679688,83.421376546223954,78.296730041503906,0.92825060846380114,-0.24825166661675402,-0.27698721614649835,19.890947686005987,0,0
f664,True,171.51777140299478,-21.720565478007,81.316248575846359,0.7996529896475012,-0.22902988111377573,-0.55506793251351072,46.765428431387903,0,1
f665,False,256.84219360351562,-5.9081812699635821,54.612981160481773,-0.35732923726745824,-0.90778636328878703,0.21963545893314915,145.80794782693769,0,0
f667,True,166.45087687174478,-19.38525390625,73.84298960367839,0.84867400450105457,-0.096066575580229671,-0.52011887789276778,21.796204403472153,0,1
f681,False,165.6400146484375,-59.797181447347008,81.170122782389328,0.814322939487089,0.009158791072088562,-0.58033978561805055,14.568406275161996,0,0
f909,False,251.34284464518228,-2.2517136732737222,62.231704711914062,-0.30230143719933,-0.93550606522318169,0.18287220400558329,127.50666254958688,0,0
f914,False,161.66860961914062,-51.892492930094399,73.679003397623703,0.76533513640828654,-0.14144555342591783,-0.62789751105968339,33.972815397637575,0,0
f937,True,181.88547770182291,2.0270191828409829,66.247474670410156,0.45014384259790902,-0.79480075436041686,-0.40701631642883934,4.2816622827065665,0,3
f938,True,180.81902058919272,1.7914053599039714,65.334719340006515,0.49729846001172301,-0.81745882597290942,-0.29061195692703584,4.6495457652018324,0,3
f939,True,178.52292887369791,0.69198942184448242,64.634663899739579,0.47696386001791563,-0.82288055302025831,-0.30882530935446983,7.1687628744155649,0,3
f947,False,165.87983194986978,84.789230346679688,69.408978780110672,0.74497413372088117,-0.52374589448313669,-0.41316313739112981,38.879437177366093,0,0
f990,False,165.38059488932291,87.605860392252609,63.155838012695312,0.65915325325131413,-0.69512224875430295,-0.28691819045673961,58.097948408805472,0,0
f1002,False,157.43733723958334,34.898035685221352,68.626655578613281,0.72855927258718067,0.012621211606339134,-0.68486647701929904,70.379045374007546,0,0
f1159,False,166.59523518880209,-30.545785268147785,76.635930379231766,0.79676848856811955,-0.08448264966413252,-0.5983499457095337,84.760226723823138,0,0
f1161,False,163.40358479817709,-48.825589497884117,75.136177062988281,0.77114928614786049,-0.13496386166518839,-0.62218448591881881,40.905505333948902,0,0
f1273,True,164.19307454427084,51.911983489990234,77.848075866699219,0.83260421608431678,-0.035737842741989011,-0.55271423534659314,52.54924459597855,0,1
f1282,True,176.50469970703125,13.081118583679199,77.030471801757812,0.4921334106169879,0.73834595560537553,-0.46113984429419663,14.695292030231654,0,3
f1288,True,177.34003702799478,11.246927579243978,74.269589742024735,0.37747028806962346,0.86848688895385362,-0.32132025354759736,12.416996400893355,0,3
f1289,True,181.66207885742188,8.9587001800537109,72.670323689778641,0.34720903468370296,0.89432218826336318,-0.28219445390340464,4.5077519832106772,0,3
f1293,True,180.96527099609375,-3.2752912839253745,76.62063852945964,0.47169987950847941,-0.75022526130559875,-0.46331553068144832,46.582695785109522,0,1
f1409,False,164.01439412434897,77.378473917643234,72.850682576497391,0.81269154238160035,-0.29369061619262615,-0.50326760168106499,25.134610695745288,0,0
f1543,False,172.0048828125,-54.385459899902344,89.203371683756515,0.81160181534253706,-0.21128959819835547,-0.54466429938621452,53.223312011216841,0,0
f1544,False,171.12105305989584,-58.852359771728516,89.225819905598954,0.82194126592572703,-0.077324582348365659,-0.56429909120347177,28.964278258151854,0,0
f1545,False,169.08407592773438,-61.428607940673828,86.183876037597656,0.87019033347050467,0.044577411598312612,-0.49069505592545615,17.72034361904716,0,0
f1547,False,170.32624308268228,-65.410086313883468,86.893023173014328,0.76359060769165332,0.28724340711018831,-0.57829111087481033,16.262965380693579,0,0
f1616,True,172.42808024088541,75.195437113444015,86.55935923258464,0.85420787512681573,-0.12004701561531521,-0.50588301030296168,22.207344279150746,0,2
f1645,False,179.58938598632812,93.145896911621094,82.822336832682296,0.71779603169377693,-0.585415937467199,-0.37690454632979287,30.349345212283669,0,0
f1671,True,191.36342366536459,0.14985974629720053,80.544446309407547,0.37109498613274988,-0.87587354818959995,-0.30843806322970985,8.5301005638528711,0,2
f1672,True,190.21728515625,-1.6676023801167805,83.751731872558594,0.34862778274887052,-0.87153704298236401,-0.34479247643352573,17.377563450608722,0,2
f1685,False,189.66895548502603,-69.87338511149089,109.99956512451172,0.70483466981294385,0.29182251496593226,-0.64656608942059168,42.248070032237059,0,0
f1691,True,172.33183797200522,32.888910929361977,88.711067199707031,0.80434966265582053,0.19193320597915547,-0.56230175584647679,13.145359439417785,0,2
f1696,True,172.43799845377603,30.42522684733073,87.772382100423172,0.7719599914741998,0.30847397245622865,-0.5558071427034984,11.803830466708487,0,2
f1712,True,173.26113891601562,55.013141632080078,89.595850626627609,0.75841058381493409,-0.042077649244692775,-0.65041744886767261,15.845031453649968,0,3
f1731,True,172.85893758138022,79.358128865559891,85.398948669433594,0.78913444497929752,-0.31480893176371033,-0.52741081163454318,28.212151389121562,0,1
f1735,True,167.13188680013022,47.341079711914062,82.617477416992188,0.83954098377139053,-0.03518110873436503,-0.54215609021423572,32.166553504408014,0,2
f1744,True,171.1849365234375,72.594187418619796,85.244013468424484,0.83153696917540987,-0.15504715546529618,-0.53339164642567616,26.271612965790322,0,1
f1754,True,188.2001953125,-0.20574522018432617,77.981213887532547,0.35795728030813523,-0.87051311418680632,-0.33774769207677996,14.247543862692607,0,2
f1755,True,185.58144124348959,-2.6750816504160562,81.504877726236984,0.36545734111184713,-0.86714679787922366,-0.3383745894053925,10.540233981337986,0,2
f1756,False,240.47012329101562,6.9862763086954756,66.489143371582031,-0.44877541664658394,0.802727967833193,0.39271928278616142,19.388826478953327,0,0
f1757,False,242.34554036458334,6.3572772343953448,69.76650746663411,-0.46155419736553721,0.77759051920138456,0.42699028951766105,25.800754891165816,0,0
f1761,True,178.04500325520834,-10.894045193990072,83.824475606282547,0.69784052905727512,-0.43261127501057794,-0.57084681022038153,3.8659445769083338,0,3
f1766,False,274.00271606445312,-13.325605074564615,55.093307495117188,-0.50986651560820517,-0.79981144436375795,0.31676140820230508,61.353004130280738,0,0
f1779,True,171.41826375325522,27.078678131103516,84.322153727213546,0.77794849934494648,0.32982670231928163,-0.53479947532148309,22.320485052760489,0,2
f1859,False,176.92654418945312,88.965387980143234,83.36184438069661,0.80074391622567187,-0.4903136064749955,-0.34409555058596381,37.647637805181567,0,0
f1889,True,170.54774983723959,44.716012318929039,87.952524820963546,0.84065312587539598,-0.0020620954108286141,-0.54157000444858694,6.3511665915878783,0,3
f1913,True,172.36154174804688,68.243871053059891,87.89480845133464,0.80353683594552316,-0.045736527713838897,-0.59349534396770021,14.641253765119576,0,2
f1923,True,175.00408935546875,49.643674214680992,92.135772705078125,0.75968867641296656,-0.076996912485712943,-0.64571246727748932,16.939089157020646,0,3
f1935,True,170.73456827799478,46.429951985677086,88.000600179036454,0.76766144829054561,-0.22079219924092836,-0.60162006745355168,3.0675837045040155,0,3
f1939,True,193.99693806966147,-0.48524490992228192,84.749407450358078,0.38238525582151417,-0.83964510733961117,-0.38571700746916493,14.570792622977272,0,2
f1940,True,193.6767578125,0.15889612833658853,82.99932861328125,0.37715863002099054,-0.84718278450422202,-0.37420942991907985,14.80400394284543,0,2
f1944,True,176.14896647135416,-26.212392171223957,89.462900797526046,0.85018634899339141,-0.0086538252630831373,-0.52641075529818293,6.7349920264045346,0,3
f1955,False,172.57683308919272,-66.575964609781906,89.564598083496094,0.80570500965111724,0.27085764991478456,-0.52675950006215655,29.068744670577018,0,0
f2040,False,177.39871215820312,84.947583516438797,88.386082967122391,0.7481015715203897,-0.40203609104997678,-0.52793088580038372,34.087914453389651,0,0
f2041,True,176.47642008463541,81.095270792643234,89.929611206054688,0.76088611179379251,-0.37557118045837456,-0.52914895189202371,20.883306800235211,0,1
f2043,True,174.84015909830728,79.266883850097656,88.592178344726562,0.83426979089304942,-0.28681668188645709,-0.47088226447267101,14.791988136016817,0,2
f2254,False,169.20052083333334,-51.451025644938149,83.992441813151046,0.80604342964372189,-0.20121354775248854,-0.55660317797246128,62.139866259537293,0,0
f2343,False,168.58010864257812,73.563891092936203,81.317151387532547,0.78125397744784941,-0.17752273186454648,-0.59843788515873864,40.804713666843547,0,0
f2351,True,167.23006184895834,69.367774963378906,80.411895751953125,0.82588776860869917,-0.077680063680362191,-0.55845787788261925,33.381820017522259,0,1
f2554,True,173.72227986653647,18.174283027648926,80.554331461588546,0.72880909596101173,0.53295787342064527,-0.42987580392880453,12.456112132942353,0,3
f2556,True,175.85042317708334,15.774195353190104,80.864067077636719,0.6246608687620856,0.62919975197129208,-0.46250023908822019,5.3326144960813098,0,3
f2557,True,177.17927042643228,13.935748736063639,79.421513875325516,0.54762461961214892,0.76814987009605795,-0.3317424499006093,8.8173023372258452,0,3
f2567,True,182.16942342122397,-3.9177347024281821,79.57363637288411,0.39826861996809704,-0.90582077005422268,0.14446743192527103,9.9603955858551281,0,2
f2571,True,174.72884114583334,-11.52546246846517,79.566960652669266,0.72529455748468064,-0.48519730870742322,-0.48839674088406282,32.765930126377384,0,2
f2623,True,173.85216267903647,-15.436508814493815,81.717882792154953,0.73469231674555902,-0.39253420079328466,-0.55330290160329043,23.154131594056146,0,2
f2624,True,173.22402954101562,-19.480662981669109,82.999628702799484,0.84327315076239739,-0.16667057893277759,-0.5109905197960839,18.89992753855616,0,2
f2699,False,180.84799194335938,96.824806213378906,77.756538391113281,0.64828140049320671,-0.71492508281911982,-0.26194150440631053,41.04866508317091,0,0
f2712,False,173.96493530273438,88.432818094889328,78.623888651529953,0.71757363977016819,-0.53556931768879312,-0.44525675453310448,67.020537685076334,0,0
f2769,False,177.357421875,-75.139284769694015,90.913073221842453,0.80214750469698803,0.36817654099347397,-0.47011213063531576,66.311343287303899,0,0
f2836,False,167.13535563151041,-61.767635345458984,83.170600891113281,0.8049001625029637,0.023452071191769321,-0.59294664916796602,19.577725368571418,0,0
f2849,False,174.10262044270834,-72.144457499186203,88.080159505208329,0.74466581216257766,0.41087766775753948,-0.52597753786105128,39.413320199483302,0,0
f2870,False,264.22175089518231,-7.9571166833241778,57.359291076660156,-0.31431711650892852,-0.92166474097296203,0.22746176715385744,130.86346997529307,0,0
f2872,False,268.44096883138019,-11.952033678690592,50.194511413574219,-0.46910911233288238,-0.8197159817598707,0.32863710985478589,89.708686198314894,0,0
f2927,False,171.88362630208334,81.931655883789062,82.485727945963546,0.78224977122724459,-0.29603034471802597,-0.54813440908325572,16.975239791799883,0,0
f2952,False,171.82553100585938,85.160153706868485,79.397473653157547,0.58872898603210855,-0.67265372549088787,-0.44825790186993342,14.290519397082607,0,0
f2992,True,182.68919881184897,10.346315701802572,78.026718139648438,0.37066997818904096,0.87481962006221003,-0.31192050208914834,11.056320301674463,0,3
f2993,True,185.19043986002603,9.5581789016723633,78.687375386555985,0.31858622663059827,0.90420407120471857,-0.28446056636744838,3.3673171545135601,0,3
f3219,True,155.4036865234375,-20.641899108886719,59.664408365885414,0.84941532954763221,-0.1285759729033169,-0.51182205611076681,19.21520495738465,0,2
f3391,False,151.21885172526041,44.406561533610024,61.159472147623696,0.79320311131652177,-0.054843095097385927,-0.60648252993629459,80.243698506682776,0,0
f3609,True,158.83021036783853,-21.834257761637371,64.708429972330734,0.77105086102773734,-0.14532641634950674,-0.61996838824200906,19.206886916807481,0,2
f3622,True,157.96812947591147,-24.480573018391926,64.163307189941406,0.78891917668774769,-0.11910958588116115,-0.60284279808715024,30.609559405226989,0,1
f3915,True,272.22752888997394,3.8853289286295571,166.60254923502603,0.83763875588008085,-0.14464720512226481,0.52672431185392199,4.9620620313668091,0,2
f3996,True,162.16852823893228,-1.3391486803690593,50.444956461588539,0.44095541003318195,-0.83614021217910561,-0.32623284926498214,3.3740129209110674,0,3
f3998,True,160.93878173828125,-1.9745667775472004,50.405235290527344,0.44278806577409291,-0.83442061044118587,-0.3281477924335261,5.2685972749002934,0,3
f4007,True,152.19281005859375,-14.603823979695639,52.463907877604164,0.79869075387206834,-0.28596461594402683,-0.52945001473911824,15.337552830494655,0,2
f4362,True,153.20815022786459,-19.171099026997883,55.699012756347656,0.84277697622970027,-0.13553713099907769,-0.52091904789291588,29.45249839445032,0,1
f4459,False,149.08773803710938,67.493942260742188,53.232167561848961,0.84905407535436195,-0.20212298987969926,-0.48811215318432766,62.545418967028887,0,0
f4488,False,147.78120930989584,32.454181671142578,56.179575602213539,0.75633285666439198,0.1974255921380037,-0.62368561431128011,62.239523921743547,0,0
f4648,True,174.96048990885416,-1.0364840030670166,64.096267700195312,0.43554872388279831,-0.86008517976172727,-0.26561399187223395,10.157844326416997,0,3
f4661,True,175.50101725260416,-2.542139689127604,68.38443247477214,0.5075936951329697,-0.81612993616350571,-0.27618936974295366,31.052148126780004,0,1
f4662,True,172.69553629557291,-2.9367339611053467,65.313334147135421,0.47212990976568736,-0.77210862300911465,-0.4253723340552521,27.509996883041122,0,2
f4735,True,165.78145345052084,14.680758794148764,66.483734130859375,0.61577133734766099,0.6302487343937726,-0.47287650913967044,12.227984727356013,0,2
f4739,True,167.64088948567709,12.887321790059408,66.321807861328125,0.5178462571927549,0.72048554590704816,-0.46123294770698897,4.3831656761920801,0,3
f4748,False,153.73615519205728,37.544414520263672,64.619222005208329,0.75215921459722934,0.0096973517072244768,-0.65891006766200322,48.698976632880189,0,0
f4880,False,150.5382080078125,52.770465850830078,59.012481689453125,0.76179776889134043,-0.13903621380372094,-0.63271880844756145,75.414494999011694,0,0
f4888,False,161.11882527669272,80.556864420572921,65.043207804361984,0.75807189407488051,-0.44263506448689788,-0.47895845654962926,28.342827876678875,0,0
f4889,False,160.32260131835938,76.045257568359375,66.943868001302079,0.88029338806922097,-0.20811639558917053,-0.42634624052357234,23.922976803886378,0,0
f5007,True,167.97522989908853,18.76171875,73.982175191243485,0.69389441882051905,0.46918418019245473,-0.54623872124453832,30.293444873491676,0,2
f5016,True,181.87999471028647,2.8448956807454429,64.474405924479171,0.5374905921537726,-0.71021331642551599,-0.45464371602174031,1.8220469954382599,0,3
f5080,False,159.0245361328125,-32.607028961181641,66.886199951171875,0.79610571481447567,-0.089507576288429549,-0.59850153268534201,79.881463265651035,0,0
f5120,False,163.16221110026041,81.03402455647786,68.401959737141922,0.84398897838723397,-0.37901776159541828,-0.37951039611066245,28.534063034583486,0,0
f5140,False,158.5872802734375,69.295855204264328,65.87863413492839,0.90414416132770203,-0.081502293920673277,-0.41938134391350129,69.628447153269619,0,0
f5141,False,156.12404378255209,68.449287414550781,62.590644836425781,0.61376076148486958,-0.4284612123964206,-0.66311289923609706,52.613541990452596,0,0
f5252,False,168.75101725260416,91.011960347493485,63.555694580078125,0.72010443366797683,-0.625400613877926,-0.30053897712748645,85.732245000898615,0,0
f5494,False,155.62419637044272,-32.950414021809898,62.168769836425781,0.82519575910031773,-0.066338345843076935,-0.56093777108842902,85.779011201966526,0,0
f5510,True,158.87699381510416,15.739398638407389,58.333229064941406,0.58060857294056312,0.68873857620379153,-0.43420370642901795,67.140690323699431,0,1
f5545,False,154.42337036132812,-38.307092030843101,61.261482238769531,0.80205007097388992,-0.10564423044041761,-0.58783924692506706,79.800321873130187,0,0
f5571,False,157.13743082682291,79.949261983235672,56.999323527018227,0.84657011125124126,-0.44839116358370218,-0.28681773159293145,35.1332905295844,0,0
f5865,True,167.57222493489584,-5.5190088748931885,63.867093404134117,0.54014856454340032,-0.74195966532481106,-0.39715914096593369,18.880283654228023,0,2
f5884,True,163.6776123046875,14.107266108194986,62.524503072102867,0.65467483275948157,0.63116923133089686,-0.41596425900852319,28.490876230699708,0,2
f5945,False,158.02236938476562,75.779111226399735,62.604202270507812,0.85830459106557744,-0.23657799674700708,-0.45535050281176248,44.084556209005704,0,0
f5968,False,159.75483194986978,82.943456013997391,59.319831848144531,0.79263956793531432,-0.52415456766782165,-0.31142335258659876,33.558651753000653,0,0
f5974,False,161.29898071289062,86.237246195475265,56.425443013509117,0.71103058159973731,-0.65229671401224409,-0.26257286401829133,46.062152417209184,0,0
f6040,False,211.31907145182291,95.808247884114579,115.60043080647786,0.52970675322401872,-0.60936183291999535,-0.58999060345843823,68.502517278970387,0,0
f6045,False,204.13246663411459,93.541951497395829,111.56153106689453,0.52256215047342236,-0.60998955855924319,-0.59568577063859074,89.336058437237568,0,0
f6118,True,200.67037963867188,74.37310791015625,119.9939448038737,0.64910263063741902,-0.19969802992054964,-0.73402075702628022,45.422981794252841,0,1
f6331,True,208.23154703776041,18.425577799479168,116.29626719156902,0.43505226869540564,0.66876172539003187,-0.6028990613330959,10.856737866256498,0,3
f6338,False,296.73604329427081,26.009874979654949,89.916145324707031,-0.64698610898092057,0.73149794041439031,-0.21522020805499081,15.251617050339451,0,0
f6345,False,288.44890340169269,20.704410552978516,95.17618052164714,-0.61266445754969812,0.72104155503300194,-0.32363766525379017,35.762330945472151,0,0
f6370,True,198.73157755533853,-56.146308898925781,121.05882008870442,0.75682971197500226,-0.015067300080164608,-0.65343841602719477,1.8574729931061242,0,3
f6380,True,176.26824951171875,-41.749790191650391,91.485366821289062,0.77769807565419746,-0.10715720584437598,-0.61943767754261148,53.178990934332298,0,1
f6395,True,269.57668050130206,11.396808942159018,95.146616617838546,-0.28372053218158061,0.95864105519680831,-0.022582889756416862,56.165339229869005,0,1
f6396,True,263.28850301106769,9.192805926005045,98.588612874348954,-0.25692885072202304,0.94918089949154683,-0.18177784712961714,12.134646619643545,0,1
f6397,True,260.41417439778644,8.3028004964192714,99.253672281901046,-0.36185818510696371,0.93222772989994063,-0.0031801692875795995,13.234220975541191,0,2
f6403,False,282.75092569986981,-8.5061966578165684,94.809710184733078,-0.52908118730104137,-0.84412401002204851,0.086762624144368625,53.290113908629976,0,0
f6512,False,218.8094482421875,-77.849240620930985,120.64683278401692,-0.1986547452871851,0.3475359649618609,-0.91638149546622327,58.007376055577097,0,0
f6513,False,214.51090494791666,-73.944513956705734,122.75843556722005,-0.097754471036083382,0.30747980328748858,-0.9465200652721224,42.3601565925957,0,0
f6541,True,204.66600545247397,-51.885814666748047,125.77645619710286,0.44051063075459385,0.067671903394999955,-0.89519321807254992,8.5450521832051756,0,2
f6548,False,204.23047892252603,-63.267122904459633,124.33764394124348,0.48143189304516132,0.19480015981350021,-0.85456201067891324,25.861974168180627,0,0
f6551,False,207.97829182942709,-72.213129679361984,123.20782725016277,0.16088989288861819,0.32588519553299811,-0.93161863533245648,25.853601823541631,0,0
f6606,False,290.86869303385419,-15.28869883219401,95.211794535319015,-0.63174242607610076,-0.73425888123697858,-0.24852646221298669,31.47405724823189,0,0
f6608,False,293.63600667317706,-18.386442184448242,95.669545491536454,-0.76043319423464228,-0.54246271121999234,-0.35703720260212912,22.10611786041131,0,0
f6614,True,200.03276570638022,-56.228172302246094,122.31427764892578,0.67369358099594823,0.0063979041736357423,-0.738983102477344,5.9532464431594212,0,3
f6618,True,200.64293416341147,-59.276663462320961,122.56690724690755,0.63888639515519463,0.08741772510451648,-0.76431820299084308,17.485398176331604,0,2
f6619,True,202.78851318359375,-59.424243927001953,124.17987314860027,0.56616202390539394,0.10949445474999743,-0.81698930658017122,18.346704517885712,0,1
f6626,False,203.30419921875,-68.21536509195964,122.68588511149089,0.48161135064391741,0.19535549366253796,-0.85433409040422092,26.694888635451722,0,0
f6629,False,285.29763793945312,18.259259541829426,95.422142028808594,-0.5707934448741917,0.75839110502374485,-0.31470267731545659,23.653747835407906,0,0
f6631,True,214.77016194661459,18.394153594970703,120.66916147867839,0.47099934431208823,0.44307386996419224,-0.76278775777573737,12.29493040367462,0,3
f6641,False,210.47750854492188,-76.701019287109375,121.84760284423828,0.084715329495176336,0.36257132600785213,-0.92809770310319772,34.93149062995596,0,0
f6642,True,282.43681844075519,17.026742617289226,97.927492777506515,-0.60797217960241201,0.73663578513978611,-0.29620524789575137,23.905132832141909,0,1
f6643,True,271.92157999674481,12.216310183207193,98.787040710449219,-0.2976376415170619,0.95379240339204274,-0.041132536802287442,32.405047090228329,0,2
f6646,True,265.45545450846356,-1.0507278442382812,100.2134526570638,-0.31108272441760249,-0.94933548599315121,0.044605757510318492,20.594834112394473,0,2
f6648,False,274.26268513997394,-3.9183381398518882,98.332366943359375,-0.2403195212389371,-0.96193197717192003,0.13012839430965448,35.592390567199473,0,0
f6649,False,278.51648966471356,-5.6700692176818848,97.954869588216141,-0.49252844888882508,-0.86792847266678219,0.064155228699416394,36.465313972954284,0,0
f6907,False,213.66238403320312,-66.512474060058594,124.88521067301433,-0.096417291719760809,0.22772259230155967,-0.96894072409662102,52.511627694978536,0,0
f6937,True,192.82901000976562,-66.913646697998047,113.95459238688152,0.56454125318560455,0.19307864260130345,-0.80250471102845577,27.555849876300652,0,1
f6942,False,203.05150349934897,-81.662096659342453,115.80188751220703,0.49068645128075727,0.53619399111844379,-0.68682079934868834,38.54814394372422,0,0
f6967,True,207.95913696289062,15.56261126200358,112.7344233194987,0.44239644269065009,0.7351081686579497,-0.51371331291588485,3.7891592514214798,0,3
f6975,True,255.554443359375,1.6295356750488281,99.29006703694661,-0.5514858575292243,-0.8078431645328612,-0.20797300416830194,4.360844466821777,0,3
f7033,False,290.87578328450519,21.129510243733723,89.958760579427079,-0.68119428308671481,0.72235908539606053,-0.11904495132404223,25.068600150572003,0,0
f7035,False,263.97587076822919,9.2823168436686192,93.528216044108078,-0.32414248086336378,0.94266138065384375,0.079505808111941134,12.795017818261449,0,0
f7036,False,258.57773844401044,7.9818461736043291,92.467941284179688,-0.16660661321134004,0.98549905665547211,0.032153472058571685,20.870163502164516,0,0
f7037,True,256.59224446614581,7.2968212763468427,94.326395670572921,-0.3303595344508129,0.93735282468907544,0.11059954812228455,27.071257248425969,0,1
f7039,True,256.23777262369794,1.3421897888183594,95.375961303710938,-0.42235180005796297,-0.90474879995591428,0.055213820426877107,11.925881747003166,0,2
f7040,True,254.61916097005209,2.2412808736165366,93.680473327636719,-0.53921623654234785,-0.84214849927559654,0.0056351944924100906,25.125127219108897,0,1
f7051,True,191.79027303059897,-57.629144032796226,113.69841766357422,0.69585832034329642,-0.056151090275711545,-0.71598062338994561,10.433166447179623,0,3
f7066,True,191.56419881184897,71.924901326497391,111.00680796305339,0.76911042825377118,-0.10106618294727188,-0.63107430292776867,36.489250468995444,0,2
f7068,True,205.53990681966147,16.174859682718914,111.64421844482422,0.39298278946714799,0.75905384519974695,-0.51903929260711834,2.5705353116202154,0,3
f7072,True,206.693359375,15.565457661946615,111.68193817138672,0.42427945829714531,0.73787722572637671,-0.52490393504090527,3.7235913905240321,0,3
f7190,True,208.96837361653647,16.893078804016113,115.11341603597005,0.42753868559977837,0.67632810874510396,-0.59982577606908882,8.0171356622784327,0,3
f7220,False,199.17515055338541,-70.250223795572921,118.88656870524089,0.66525077471822491,0.20641058452400485,-0.71752078529702545,52.06990809097514,0,0
f7221,False,198.26638793945312,-75.714370727539062,115.84281158447266,0.63302851763468027,0.36853565491616153,-0.68077629726420075,45.487558585711156,0,0
f7224,False,202.47086588541666,-77.565210978190109,118.29591623942058,0.53059489710827668,0.45987388122386519,-0.71202883967628428,38.357316362683413,0,0
f7247,True,265.52985636393231,9.9743947982788086,96.324925740559891,-0.54759082987630259,0.836313610945284,-0.026904036556664065,13.665714938471988,0,1
f7248,False,261.73451741536456,8.5007279713948574,95.79190317789714,-0.23040528246554751,0.97308451190098733,0.0044652559152185793,9.2792721204657518,0,0
f7250,True,254.71335856119791,1.7660061518351238,100.97456614176433,-0.54674598880447933,-0.80999152889190096,-0.21209089289635469,1.7939685877505616,0,3
f7263,True,197.92503865559897,-61.180065155029297,119.85989125569661,0.68319192329430567,0.11043038461350289,-0.72184065145954568,25.717308381123146,0,2
f7264,True,196.37042236328125,-66.246245066324875,117.25778452555339,0.69162999310018258,0.17039902374427812,-0.70186332383964778,58.865124383045298,0,1
f7420,False,202.28078206380209,81.697771708170578,118.39907582600911,0.59324877218102701,-0.36999991836920959,-0.71495171495177368,55.679978621247784,0,0
f7551,False,241.1578369140625,-72.077692667643234,125.3678461710612,0.37749066805797643,0.64177621209979796,-0.66755081388009541,26.049445613817849,0,0
f7560,False,236.98598225911459,-64.186450958251953,128.32628885904947,0.30367776460167534,0.37633239899215681,-0.87530208542841803,31.65976604643506,0,0
f7574,True,219.13462320963541,-34.80808893839518,128.19025929768881,0.37072706481296508,-0.16761260510560189,-0.91349190364495148,14.850389637241703,0,1
f7575,True,217.02248128255209,-37.211172739664711,127.81892903645833,0.34203303626684528,-0.19454213231112741,-0.91932951701657151,7.0485059494227587,0,2
f7577,False,237.23211669921875,-58.884012858072914,129.71494801839194,0.35365132510196978,0.076239041359012022,-0.93226517087483196,33.68667484392882,0,0
f7578,False,222.29282633463541,-36.960702260335289,128.86911010742188,0.026219011036381898,-0.051262603410498882,-0.99834097829942448,27.934613446134762,0,0
f7581,True,216.75112915039062,-40.572691599527992,128.34825388590494,0.34303397556832638,-0.16225786100698247,-0.92520272273012016,14.050973878817679,0,2
f7591,False,228.68521118164062,-57.322477976481117,128.00914510091147,0.1100403965925757,0.15557016742505814,-0.98167664438199198,39.764589315826584,0,0
f7608,True,220.39854939778647,18.615099589029949,124.27493540445964,0.46229536607931015,0.41974820513123223,-0.78108542349137799,2.8842173777182349,0,3
f7660,False,223.12227376302084,75.154406229654953,125.84157816569011,-0.078240257947082739,-0.28018783633195127,-0.95675139843534773,63.395471655956996,0,0
f7661,False,217.50308227539062,71.867039998372391,126.9147237141927,0.030231132932516301,-0.23795742318482244,-0.97080499759367522,49.305734665717281,0,0
f7665,False,216.00797526041666,66.589940388997391,128.28960418701172,0.022691481832377146,-0.28978305883736361,-0.95682332510401946,34.068453146393736,0,0
f7697,True,220.87206013997397,22.081910451253254,126.25077311197917,0.48493582110517552,0.35732888620178016,-0.79821883997738641,10.321729873169319,0,3
f7699,True,220.80596923828125,19.793785095214844,125.13186899820964,0.46062365321033888,0.4078216341040905,-0.78835738396987864,5.5054150595020026,0,3
f7708,True,266.57146199544269,-4.0357600053151446,113.3135248819987,-0.38364347162053125,-0.8518802580268362,-0.35653571022700886,2.9303970105601991,0,3
f7709,True,228.80771891276041,-12.460053126017252,124.90072886149089,-0.0047957293436635007,-0.2322663397163752,-0.97264040036121246,2.9280209115313443,0,3
f7710,True,231.14100138346353,-12.082226435343424,124.89520517985027,0.048685385430135626,-0.26056936279238385,-0.96422680963531093,13.382923548776963,0,3
f7712,True,276.68104044596356,-9.6424228350321446,110.54575856526692,-0.60984311830392457,-0.63093437094648086,-0.47959690430163754,33.460580502175546,0,1
f7713,True,230.04364013671875,-15.851896921793619,125.96720123291016,0.074577127605206975,-0.30710489758425807,-0.94874908902086386,23.858999780691704,0,2
f7716,False,217.49019368489584,63.208882649739586,129.5321044921875,0.07906667252825432,-0.37188305189038884,-0.9249061882223516,26.523303198625658,0,0
f7717,False,213.78052775065103,60.223731994628906,130.32121785481772,0.12516774770958117,-0.32955042323435613,-0.93580422817989417,10.530460000458415,0,0
f7727,True,212.75042724609375,44.050806681315102,130.22855631510416,0.3927967261406754,0.096191193100028993,-0.91458077079236699,10.96347590208515,0,3
f7741,False,210.98580932617188,65.84722900390625,127.85516866048177,0.28331715337794444,-0.24390132436191092,-0.92749314529883409,20.996460820843946,0,0
f7756,True,211.85976155598959,42.781874338785805,129.68915812174478,0.43371718228593004,0.11038342501052809,-0.89426221281730256,5.3350325666955838,0,3
f7786,True,218.71833292643228,-31.690344492594402,127.32553100585938,0.4072793941599665,-0.22760428458131207,-0.88448843109049191,14.681858695916798,0,2
f7789,True,211.47820027669272,-51.136809031168617,127.66558837890625,0.13084910673009562,0.085497972650908555,-0.98770876676301733,45.354477617295316,0,1
f7790,True,216.57255045572916,-53.267285664876304,127.75130716959636,0.017127382795056257,0.12273416659275609,-0.99229178022866504,69.928436433912438,0,1
f7793,False,227.48529052734375,-61.907711029052734,126.70841217041016,0.19173497011602117,0.30208831697511568,-0.93379888090624241,42.836332166272072,0,0
f7794,False,231.81651814778647,-69.555661519368485,124.69174448649089,0.21763844677617078,0.50516103630202902,-0.83513222539135457,32.747401876596783,0,0
f7795,False,235.69232177734375,-71.767438252766922,123.85938262939453,0.10037531994359927,0.66848696167074251,-0.73691924742297188,28.980190713643577,0,0
f7797,False,287.01755777994794,-17.926061630249023,106.18639119466145,-0.7156682868215769,-0.49095768905323822,-0.49676901151075548,61.017788981138743,0,0
f7828,True,232.84635416666666,-9.6848918596903477,124.30385589599609,0.041266788345251416,-0.28919956804677283,-0.95637893223409542,6.6585292424190339,0,3
f7829,True,272.45759073893231,-6.0913056532541914,110.43193817138672,-0.48068914300566529,-0.76777637683400646,-0.4236241057495721,20.120725682978691,0,2
f7830,True,225.25492350260416,-19.99037806193034,126.29929860432942,0.33724008384335397,-0.30817982635614705,-0.88954725589842754,22.497835745513061,0,2
f7831,False,282.33443196614581,-12.480622927347818,106.42450459798177,-0.65189362809853457,-0.62499346087167384,-0.42943901955012997,75.449892336522481,0,0
f7977,False,213.50092569986978,57.825222015380859,131.00382486979166,0.12740107476401608,-0.24319198778990803,-0.96157507414853816,11.300154925044524,0,0
f7979,False,215.00841267903647,56.776477813720703,131.67127482096353,0.32145128781499355,-0.44962938912327821,-0.8333681551383576,5.5017939459880028,0,0
f7981,True,216.50568644205728,55.9063720703125,131.70639038085938,-0.60246465195842236,-0.077055778711098241,-0.79441723930680364,5.3765537168189006,0,1
f7982,True,213.40079752604166,51.928905487060547,130.94920857747397,0.13780701050295535,0.19797150384871945,-0.97047231362884057,19.935140450420977,0,2
f7986,False,226.66766357421875,64.409217834472656,128.87628173828125,0.019779534026712443,-0.21142002851348848,-0.97719513996798102,48.395249614410574,0,0
f7990,True,214.05623372395834,48.196843465169273,130.77360026041666,0.29778252218298412,-0.017314548980586493,-0.95447670263654916,22.299162432632944,0,3
f8012,False,236.05812581380209,71.384717305501297,127.67142486572266,0.23361211615072272,-0.30265114164502993,-0.92402795717907871,30.993635667918735,0,0
f8013,False,228.44017537434897,73.709251403808594,126.14436340332031,0.036775327155438985,-0.34640112470860196,-0.93736536959353578,46.253107664764528,0,0
f8017,False,229.72318522135416,69.425544738769531,127.62050120035808,0.0058505324199775053,-0.2921094011760329,-0.95636701585478279,44.580760827736931,0,0
f8209,False,237.80165608723959,-26.885906219482422,127.64857482910156,-0.042017335070633932,-0.087431963391976827,-0.99528397723010997,53.613052658271421,0,0
f8211,True,276.14464314778644,-11.134679635365805,113.16867319742839,-0.60690398444106208,-0.62630291105376856,-0.48929767756973691,15.395252957430804,0,2
f8212,True,232.40005493164062,-17.964344660441082,126.5572026570638,-0.031538108462813047,-0.231542343534652,-0.97231347355936049,39.756621272328637,0,1
f8214,True,278.03875732421875,-14.017447471618652,114.79256439208984,-0.60279774322909796,-0.67279146877622942,-0.42893649914623772,21.091292720002915,0,2
f8215,False,230.06182861328125,-24.184685389200848,127.99242655436198,-0.0319116582036836,-0.19095109123273002,-0.98108069333145109,32.348301046446167,0,0
f8216,False,225.68792724609375,-27.452604293823242,128.41407521565756,0.12644619021157463,-0.17338647943414165,-0.97670286665413875,28.420792091000386,0,0
f8219,False,232.86540730794272,-28.655775705973308,128.29066212972006,-0.15548256521367293,-0.093689536765378265,-0.98338570389001723,49.174937304610232,0,0
f8220,False,286.20252482096356,-20.28300666809082,110.65808359781902,-0.72113715552524826,-0.62021000726664377,-0.30870819523825954,43.858965802176492,0,0
f8221,True,238.17241414388022,-15.030120213826498,125.63840993245442,-0.041639984619328697,-0.23112749895693716,-0.97203199068076618,49.854862587657337,0,1
f8222,False,229.92734781901041,-35.350618998209633,128.92598470052084,-0.086550919223047598,0.01166898838187381,-0.99617908685727252,49.450708848902543,0,0
f8223,False,225.26661173502603,-34.142189025878906,128.96651204427084,0.095707598151690471,-0.021949811113812886,-0.99516745397350204,36.357878523762047,0,0
f8229,False,230.36923217773438,-47.067410786946617,129.12513224283853,0.036616826017084013,0.041396461103642403,-0.99847160253085276,37.026482528247335,0,0
f8239,False,296.20652262369794,37.429026285807289,108.67046864827473,-0.81656990668251794,0.53684241617538531,-0.21216457691018642,19.4881090809338,0,0
f8241,False,294.43911743164062,34.017295837402344,106.86040496826172,-0.81728262767205995,0.53552048121604867,-0.21276024230007026,33.310077114300469,0,0
f8251,True,241.93238321940103,-10.39007314046224,124.26485951741536,-0.050010218291539107,-0.28594212938604679,-0.95694099959642542,26.400044064782133,0,2
f8252,True,247.14103190104166,-9.3938086827596035,123.55132802327473,-0.13399934663344207,-0.26089678321752385,-0.95602146608146776,13.160263885946906,0,2
f8255,True,248.91144816080728,-10.921379407246908,123.70670318603516,-0.14051961788381134,-0.25240894353557897,-0.95736302530076889,14.046926579534517,0,2
f8282,False,234.18704223632812,-56.201618194580078,129.15146128336588,0.22898487775114243,0.17499298329341573,-0.95757160649184081,37.509130979721753,0,0
f8303,True,207.69696044921875,-47.463035583496094,127.27072397867839,0.39052909014045134,-0.037446759223920031,-0.91982866338122837,5.914248456375149,0,2
f8306,True,267.71084594726562,12.274650891621908,106.50648498535156,-0.32982975118070118,0.91856292095498404,-0.21784052764057626,11.973261937491802,0,3
f8311,False,273.78705851236981,-4.2334019343058271,103.52310689290364,-0.16937290086683968,-0.86577208781457538,-0.47090499297962712,18.601795571967106,0,0
f8313,False,278.04086303710938,-5.9851330121358233,103.14560953776042,-0.53967425709244465,-0.75822121697737077,-0.36585828179374708,21.843421356458368,0,0
f8317,True,206.06769816080728,-49.035508473714195,126.58303070068359,0.44023159387918809,-0.019132581301547814,-0.89768039305942793,4.6720251796744368,0,2
f8320,False,207.72312418619791,-61.256734212239586,125.92903391520183,0.15944802628736346,0.16406105468396504,-0.97347845238045683,27.840928059149729,0,0
f8324,False,225.19304402669272,-73.314071655273438,121.70457204182942,0.023981938456539481,0.55972168081897622,-0.82833357208859204,32.880618168805853,0,0
f8326,False,223.12503051757812,-76.649518330891922,120.19115956624348,-0.18646427294963985,0.35264669803249593,-0.91699039323219722,36.50065945342908,0,0
f8421,False,213.59037272135416,92.9495849609375,119.25520579020183,0.38590778034738671,-0.4010392976173851,-0.83080844172041701,53.316722566475107,0,0
f8445,True,204.59821573893228,63.665718078613281,125.45522308349609,0.54924163222303468,-0.18399923780440747,-0.81515514469355699,31.092760202995869,0,1
f8529,False,206.33055623372397,81.963897705078125,121.17785898844402,0.46646307844188889,-0.37854684628892876,-0.79944635943584252,40.794854767440349,0,0
f8547,True,214.1007080078125,20.369375864664715,121.52512359619141,0.44620029207125034,0.50188613240680358,-0.74095587551032438,19.593329496062484,0,3
f8556,False,297.18045043945312,28.249238332112629,92.717994689941406,-0.66010855632844267,0.56703254971038397,-0.49267715740728235,28.223087854268815,0,0
f8559,True,281.12459309895831,17.308232943216961,101.17220560709636,-0.59549620095623157,0.73486857705816433,-0.32458042007983823,16.229132875218447,0,2
f8561,True,269.76274617513019,12.257585843404135,103.83515167236328,-0.2864652998724147,0.92634414270054466,-0.2445897815800987,26.587615413847519,0,3
f8564,True,203.71391805013022,57.814940134684242,126.00137583414714,0.60306720633506938,-0.036798089590528278,-0.79684116688691609,9.0275841752959192,0,2
f8965,True,206.72041829427084,53.680845896402992,127.80514526367188,0.50593538734482235,0.057340479708654274,-0.86066337973625096,17.757224477619427,0,2
f8981,False,296.43355305989581,33.386166890462242,101.21017201741536,-0.75741029338681654,0.49722760558229134,-0.423195410795767,45.013693642761268,0,0
f8982,False,295.01796468098956,28.870157877604168,97.445709228515625,-0.72376210968323373,0.58816835152626923,-0.36086894968914357,69.181745025115163,0,0
f8984,False,289.90791829427081,24.424828847249348,99.463429768880204,-0.65005355713730206,0.650586607219513,-0.39264161694825905,67.886819416559661,0,0
f8986,True,281.00328572591144,19.471111297607422,105.05597686767578,-0.60861025547893377,0.65634443283420496,-0.44587615142930992,27.319323367909224,0,2
f8989,False,214.76520792643228,82.826881408691406,123.81643931070964,0.094548912773852634,-0.26074524513641939,-0.96076657947288679,53.62554138817903,0,0
f8999,True,278.89732869466144,18.650313059488933,106.67678578694661,-0.56803851666448468,0.68255780735789806,-0.45983375604710713,5.075027853507363,0,3
f9000,False,209.68648274739584,71.486745198567704,126.10693105061848,0.26655439067248254,-0.21632088594984075,-0.93923055269464994,33.868786315723021,0,0
f9013,False,217.61629231770834,-61.730088551839195,125.98204294840495,-0.0090050603520158198,0.27799434538579448,-0.96054050035465988,77.555744688085127,0,0
f9018,False,222.90150960286459,-64.691191355387375,125.29358673095703,0.074026384497354283,0.25671475634790336,-0.96364808320853645,55.161199276821876,0,0
f9021,False,225.31415812174478,-70.042856852213546,123.59856414794922,-0.0067219934473713387,0.43317093446916527,-0.90128672260008547,29.960326440145629,0,0
f9034,True,218.7562255859375,-25.74637730916341,125.45644378662109,0.5073043521483287,-0.33034360719915201,-0.79593680369362041,8.7716747379355713,0,3
f9037,True,270.05906168619794,14.281217892964682,109.95274098714192,-0.43533209915489357,0.82931775117537554,-0.35031133443097701,2.3619793930440878,0,3
f9038,True,268.82367960611981,13.579075813293457,109.68577829996745,-0.38410626860007896,0.85325313577211936,-0.35273426359962429,3.806387178101613,0,3
f9042,True,267.66114298502606,-2.7293355464935303,107.22812143961589,-0.45349400665648992,-0.86800147193386157,-0.20227859661193348,17.32905454591236,0,2
f9043,True,266.36397298177081,-3.1897841294606528,111.26300303141277,-0.35304962523468281,-0.88228494455096984,-0.31133460896652965,7.5931672290158509,0,3
f9044,True,271.27531941731769,-4.3030102252960205,106.68005625406902,-0.40135263478123229,-0.89361480048389863,-0.20091951351296058,42.704347795623413,0,1
f9045,True,218.75067138671875,-23.828690846761067,124.65892283121745,0.50694212631873625,-0.32777604131637067,-0.79722803971160427,3.0508229548910841,0,3
f9048,True,215.21787516276041,-36.616780598958336,126.86585744222005,0.489943519596721,-0.23888781440074908,-0.83838413614286056,4.4479942866596769,0,3
f9070,False,179.79983520507812,-66.369764963785812,99.340141296386719,0.77693050928423157,0.18871919864160611,-0.60063636903488826,61.457410054589509,0,0
f9072,False,180.39138793945312,-72.278335571289062,97.39883168538411,0.75991852345824884,0.33000667019594349,-0.56001735270545039,75.943393648921784,0,0
f9075,False,184.18846638997397,-75.582837422688797,100.74086252848308,0.7816401565748794,0.30434241542568852,-0.54443949140602899,40.778690137992058,0,0
f9094,False,257.45018513997394,9.559112548828125,80.5220947265625,-0.26884916464743169,0.94418625431165737,0.1903482173210472,129.64352335470201,0,0
f9098,False,252.44436645507812,-0.67656938234965003,72.537607828776046,-0.30392242492858962,-0.93790248865982739,0.16724258246998047,112.51445608552127,0,0
f9217,True,176.86618041992188,41.009142557779946,94.848391215006515,0.77219916914971287,0.017925409398883388,-0.63512764296822688,14.591107050866917,0,3
f9315,True,198.64530436197916,0.11789751052856445,87.974767049153641,0.37501685081452946,-0.83572054954989505,-0.4011652086923469,7.1769787878303779,0,3
f9334,True,274.53696695963544,-18.712272644042969,122.93691253662109,-0.22445915133780786,-0.81435772914354854,-0.53520050295648436,14.479121948321614,0,2
f9502,True,178.8824462890625,45.020806630452476,97.957158406575516,0.85947749162916465,-0.032063317929803742,-0.51016701679564858,4.567902379378932,0,3
f9725,False,261.98041788736981,11.834722201029459,76.367795308430985,-0.2905809056575544,0.92662861293217058,0.2385836351526173,91.177518275660617,0,0
f9727,False,249.12627156575522,5.898391405741374,81.808306376139328,-0.63481467329323948,0.56831196838648457,0.52348050313290262,21.744978092924896,0,0
f9736,True,182.77144368489584,-58.524236043294273,104.30225372314453,0.7547955606067368,-0.034274635960648114,-0.65506405108060006,31.125296663704983,0,1
f9819,False,186.36980183919272,96.015708923339844,88.686737060546875,0.58326440701540549,-0.66649396688721874,-0.46431500472406267,49.693801666626868,0,0
f9820,False,182.3544921875,92.61886850992839,88.002362569173172,0.65744562740316914,-0.59515516961296322,-0.4621207321592683,39.459150831211097,0,0
f9827,False,181.21953328450522,87.821545918782547,91.176671346028641,0.69962754448717335,-0.4342318657743125,-0.56741870408104089,49.47715200218029,0,0
f9876,True,176.65322875976562,48.678835550944008,94.286992390950516,0.80964742080933316,-0.032065489709912742,-0.58603998016044789,9.9501451866495625,0,3
f9883,True,175.08016967773438,46.127000172932945,92.503178914388016,0.7892832442702471,-0.029084717719724734,-0.61334006840365274,24.551069075259672,0,3
f9889,True,177.61226399739584,78.883827209472656,92.929117838541671,0.7307669816255592,-0.31782695964936791,-0.60412386336405277,8.0499677220492032,0,2
f9990,True,173.08827718098959,47.062000274658203,90.192387898763016,0.65946544702528831,-0.11503148696092294,-0.74288160644028312,15.125912071997044,0,3
f10118,False,244.98853556315103,6.5252923965454102,73.511823018391922,-0.49695396517919138,0.85636973430874308,0.14024134430563423,20.421254262765679,0,0
f10139,True,173.95752970377603,33.632511138916016,91.3358154296875,0.81740953533709937,0.19984220791566287,-0.54028209620103096,5.6596101923465039,0,3
f10142,False,151.81084187825522,63.792544047037758,58.995427449544273,0.82319441857350129,-0.14262939906722999,-0.54955236670508123,38.863955630860175,0,0
f10151,False,189.26683553059897,-87.662109375,90.7532958984375,0.46960287285117458,0.79985382288791673,-0.37377400099727204,98.510769533342838,0,0
f10174,True,178.28368123372397,-37.035907745361328,93.280202229817704,0.79146893857412992,-0.082416157179467361,-0.60562735762852504,22.008383883227644,0,2
f10180,False,173.65118408203125,-62.284951527913414,92.187207539876297,0.72184661810400941,0.10884735039334134,-0.68343962004273173,34.174214500048002,0,0
f10295,False,239.42446899414062,67.550946553548172,160.7303466796875,0.98730254405128093,0.15524331815894091,0.033663016455307823,51.193875793999979,0,0
f10310,False,249.4085693359375,7.4490315119425459,78.53518422444661,-0.37364999826355233,0.89808542397438007,0.23200915939334191,41.673258636067459,0,0
f10311,False,244.70623779296875,4.9746522903442383,76.78494517008464,-0.78827114139298493,0.36348156261005543,0.49649749373944801,11.588076078580178,0,0
f10317,False,266.33516438802081,-5.8068118890126543,69.683392842610672,-0.32962733928759219,-0.9217193910629532,0.20439956294650227,128.84965268174233,0,0
f10318,False,271.88871256510419,-7.3164599736531573,71.687385559082031,-0.31817527423217695,-0.92515968943046367,0.20698802844659178,85.522876511388233,0,0
f10319,False,275.33704630533856,-10.840336163838705,64.262079874674484,-0.51613905048578734,-0.81326242859792619,0.26870932770306438,58.884166574562272,0,0
f10323,False,279.58301798502606,-11.904720942179361,70.031717936197921,-0.57400168169257182,-0.78102308905194118,0.24601829968899233,70.891175425783331,0,0
f10326,True,180.18072509765625,-37.394783020019531,95.743586222330734,0.76301295798120028,-0.088638406282073617,-0.64027686111912019,8.7917260403499906,0,3
f10391,False,176.52773030598959,-61.922245025634766,95.975947062174484,0.83024628883902285,0.10163548986407296,-0.54805230322398935,46.405135175143087,0,0
f10399,False,193.52201334635416,-87.871999104817704,96.347630818684891,0.54303461890474336,0.77805280288581413,-0.31582786228024379,67.472877693729828,0,0
f10480,False,183.74352010091147,86.288856506347656,95.738268534342453,0.72419790050223209,-0.45246974748257013,-0.52039266762822334,52.630248917569709,0,0
f10489,True,178.73529052734375,78.368525187174484,94.46914418538411,0.68744551091437944,-0.31830119177520527,-0.6527656706951982,6.2879505403934326,0,2
f10563,True,178.07090250651041,46.621606190999351,96.517901102701828,0.85674016084111915,-0.02378105439530508,-0.51519972656609669,8.1614675485192407,0,3
f10566,False,199.50035603841147,-84.486071268717453,109.68506113688152,0.56948622434241758,0.64694069214684857,-0.50710273232233161,48.711122967229578,0,0
f10577,False,193.77103678385416,-79.116620381673172,108.59458414713542,0.71597566193428053,0.41111395834909831,-0.56423768464035129,71.987144941531994,0,0
f10607,True,266.62232462565106,-2.0647010803222656,93.171775817871094,-0.34452099333859298,-0.93445051738632745,0.090041744237959756,66.404393645373943,0,1
f10608,False,271.70209757486981,-3.8723346392313638,91.720522562662765,-0.28720068830464163,-0.95384749723645801,0.087696731142530349,92.189861668350602,0,0
f10675,False,201.51833089192709,96.363545735677079,106.05964660644531,0.52817492439777503,-0.6569376972914136,-0.53801869030253913,61.965679110565112,0,0
f10741,True,189.46151733398438,64.67385609944661,109.42313385009766,0.76105482568838334,-0.054716438310586597,-0.64637579137451318,6.5664204594357756,0,3
f10763,True,188.66106160481772,62.579536437988281,108.63401031494141,0.77609514085637921,-0.044217883678058373,-0.62906367809797337,3.1540064608683211,0,3
f10764,True,188.58185831705728,60.975046793619789,108.65062204996745,0.7761786695089421,-0.046144613447422732,-0.62882219080525181,1.4482359307817037,0,3
f10803,False,273.7747802734375,14.544450759887695,81.02212778727214,-0.3282677914383757,0.91327195018257479,0.24119411707976587,64.511521444285222,0,0
f10818,False,276.44815063476562,14.210137049357096,87.322079976399735,-0.31323709172489994,0.94057863560238331,0.13112724589529604,66.662021537117582,0,0
f10819,False,270.69891357421875,12.058505058288574,88.930323282877609,-0.31704997466650348,0.93892795600675638,0.13376698767986095,45.276306923652157,0,0
f10820,False,260.819091796875,8.7634350458780919,90.204254150390625,-0.28375642342572377,0.94497051597177795,0.16282817971307326,25.423213584329673,0,0
f10823,True,258.9825439453125,0.4130527178446452,94.225791931152344,-0.2257363107391481,-0.97174858246173701,0.068904357608815955,22.334789796521459,0,2
f10825,False,274.04228719075519,-5.9484850565592451,82.324518839518234,-0.3566589222967253,-0.9190595857074344,0.16770179207574851,88.878276759691531,0,0
f11025,False,198.64996337890625,88.985588073730469,111.00987497965495,0.57626356616026608,-0.53078441879859095,-0.62144042600791161,54.530643351375296,0,0
f11031,False,198.95183308919272,84.510419209798172,114.19326527913411,0.5919209024782911,-0.36868244347880219,-0.71673070331874666,68.732163065501396,0,0
f11032,False,193.41569010416666,80.445144653320312,110.82766469319661,0.72657637117542306,-0.23275629660551247,-0.64646058135051099,48.396977671952236,0,0
f11249,False,287.81474812825519,18.909952799479168,87.562967936197921,-0.47409663579842409,0.87656885079113467,0.082821674381323193,27.755587610005691,0,0
f11250,False,285.61452229817706,18.904482523600262,82.549822489420578,-0.4482645321429185,0.85222041364873558,0.26977634400196815,46.642275634874281,0,0
f11263,False,284.96505737304688,17.174446105957031,90.389358520507812,-0.45115000080116874,0.89038654907313108,0.060625654691277051,20.066086009381937,0,0
f11308,False,279.37176513671875,-9.0696023305257167,80.566856384277344,-0.55659097095127585,-0.81375068172252751,0.16738076069739258,82.983311658796197,0,0
f11347,False,248.35071818033853,1.9796744982401531,77.353627522786454,-0.50633343671134234,-0.81929909395828759,0.26902684904523982,41.688303114661473,0,0
f11358,True,185.97520955403647,-56.706410725911461,107.72521209716797,0.72723622722567483,-0.079927997864087982,-0.68171767247740089,23.753110417856671,0,2
f11447,False,193.42506917317709,93.980382283528641,100.27750651041667,0.59213633807568999,-0.63486969800967774,-0.49630134362039857,60.785649172402458,0,0
f11461,True,186.14839680989584,79.75155893961589,102.51868693033855,0.73706813193471354,-0.26812436715368504,-0.62035465068354845,40.69990553139862,0,1
f11538,True,182.73340861002603,81.290707906087235,97.777064005533859,0.73923760942799888,-0.26945034372195836,-0.61719062620498055,37.498104000733541,0,1
f11539,True,180.41015625,78.45578257242839,96.299021402994796,0.71894437971747727,-0.30058347577290356,-0.62671249625720105,14.329989464592929,0,2
f11563,False,183.48830159505209,-63.686313629150391,104.51081085205078,0.73686885762976506,0.14302091555619983,-0.66073391343934462,52.021517658126164,0,0
f11570,False,185.65789794921875,-80.029327392578125,99.076446533203125,0.64952958495648139,0.58845590565422412,-0.48148828165068308,33.234269321154109,0,0
f11597,False,263.49531046549481,10.117209116617838,86.784670511881515,-0.28042753281781624,0.94795362684661977,0.15081220171475576,54.846513584418972,0,0
f11669,False,189.55836995442709,89.739077250162765,100.14792124430339,0.66787486501770499,-0.4929146078748694,-0.55765433202042447,67.705787685198942,0,0
f11747,True,186.27207438151041,75.081502278645829,104.20386250813802,0.75998337479834477,-0.12527433239381303,-0.63775513457235522,30.641628445785386,0,2
f11786,False,189.76926676432291,82.576507568359375,105.7103754679362,0.7510415284299139,-0.25384446962250623,-0.60950767658473937,49.002488959546156,0,0
f11832,False,188.47098795572916,-73.759114583333329,106.91525014241536,0.70451528215653181,0.29751016167782618,-0.6443181829704453,52.688543243633518,0,0
f11835,False,194.42436726888022,-83.791435241699219,104.93086242675781,0.56070156540900629,0.65306192575082089,-0.50904211582394543,53.716414207836728,0,0
f11893,False,237.07377115885416,-54.563114166259766,169.45113118489584,0.79073583003081394,-0.045591940175200116,0.61045738761730195,62.367287702814494,0,0
f11984,False,250.67906697591147,2.9522473017374673,85.45010121663411,-0.50909540386145102,-0.83401940543479947,0.21268168968044579,30.738758015778973,0,0
f11985,False,254.01209513346353,1.7606150309244792,88.001510620117188,-0.43410569187652309,-0.87229244998941269,0.22507361011871949,29.545942601391797,0,0
f11987,True,262.64834594726562,-1.1665918032328289,89.139208475748703,-0.28490212674150811,-0.95123540583289035,0.1182454264151558,55.666927956803356,0,1
f11993,False,251.40645345052084,5.1022164026896162,86.946568806966141,-0.56294808941699748,0.78044955609727773,0.27200724072957011,33.850995444725264,0,0
f11999,False,187.10806274414062,-65.46994272867839,108.41517384847005,0.77907918802682752,0.11624038426358625,-0.6160550233945935,42.016768483565208,0,0
f12017,False,189.94041951497397,-78.205604553222656,105.25083414713542,0.47295624937371056,0.61887827583748056,-0.62713799587872177,40.81635310132787,0,0
f12025,False,277.72748819986981,16.571954409281414,78.870574951171875,-0.33627007656724789,0.90711081975291052,0.25312525810882586,65.544542788370606,0,0
f12696,False,157.89625040690103,9.5540142059326172,1.1246649424235027,0.047311318016114219,0.86281550817737551,0.50330014706554127,26.049382914338555,0,0
f12697,False,153.83584594726562,10.326911926269531,-0.58050918579101562,-0.036949379512272042,0.92515389261286718,0.37778964826595934,45.221591283472968,0,0
f12698,False,148.2403564453125,4.1496302286783857,2.3303241729736328,0.35087902219164296,-0.92366533682428131,0.15403329943594518,11.282935530685441,0,0
f12704,False,150.4036865234375,4.0070797602335615,0.79645729064941406,-0.0033325837274192213,-0.91256255907460992,0.40892354989765339,14.641075765788104,0,0
f12908,False,135.08231608072916,0.20635477701822916,9.3678213755289708,0.33027164228532013,-0.91879637460307784,-0.21618016633909407,71.328296777043633,0,0
f12912,False,127.53102366129558,-2.2234660784403482,6.9960861206054688,0.40110940501935544,-0.87817809167900329,-0.26060407613857955,64.700022745861332,0,0
f13292,False,143.05867513020834,2.7676226298014321,4.5695133209228516,0.30209326459842201,-0.95275554570889076,-0.031567857152826076,42.833457418437092,0,0
f13354,False,141.23203531901041,10.626203219095865,7.8828798929850263,0.39521599486510262,0.9158087323975167,-0.071405063316550457,49.668061305746441,0,0
f13355,False,143.25538126627603,10.63349437713623,1.1806901295979817,0.082704635071316396,0.9780604479649031,0.19120068897473541,57.650644635016377,0,0
f13366,False,158.79605102539062,12.203949928283691,-5.0808766682942705,-0.037050295532135243,0.94448548822819711,0.32645740629877862,55.421718231236326,0,0
f13373,False,144.43531290690103,2.9801241556803384,0.30694389343261719,0.14462289026253103,-0.97758598734680424,0.15300280048183981,22.55467084312108,0,0
f13788,False,135.12086486816406,-2.800401290257772,18.44530741373698,0.45777761858708904,-0.80340543427449929,-0.38076155281085955,34.068330677660342,0,0
f13789,False,134.11569722493491,-6.0549131234486895,21.167821248372395,0.65161737361492489,-0.48539604073855885,-0.58291121282620617,57.510284449006242,0,0
f14542,False,135.361572265625,13.07909107208252,9.5467325846354161,0.17805649908508447,0.97938846974429905,-0.0953630351104853,59.216689811353383,0,0
f14551,False,155.62378946940103,7.8134743372599287,3.1031169891357422,0.10200471939049242,0.17520605620498902,0.97923330983538404,11.410652020740111,0,0
f14552,False,152.35349527994791,6.7014169692993164,3.5175984700520835,0.043638476442650273,0.071890311642457738,0.99645745843247846,7.3461257515093807,0,0
f14565,False,150.01596069335938,6.717793146769206,5.4688059488932295,0.90847975510936285,-0.087015158010374322,0.40876998034696965,10.20189788253203,0,0
f14601,False,147.91976928710938,8.0341758728027344,6.8225536346435547,0.397482679562428,0.7707052872393283,0.49801694717069267,17.475778090576721,0,0
f14602,False,148.61237589518228,5.1884622573852539,5.7994912465413408,0.36535519847412129,-0.87754376528091627,0.31053585777576104,11.022283575612635,0,0
f14603,False,146.05682373046875,4.260111490885417,8.4549484252929688,0.62543250737088607,-0.75884722727498688,0.18161790765458952,18.896670177821253,0,0
f14605,False,153.11324055989584,5.0295356114705401,2.3144168853759766,0.19714682177648152,-0.83465841786595729,0.51427468939169974,10.196606984479379,0,0
f14933,True,146.49199422200522,4.9773581822713213,13.508289337158203,0.57976616472204823,-0.81475109298620785,-0.0072007444938839834,33.112607329765019,0,1
f15060,False,138.88453165690103,12.098003705342611,11.733819325764975,0.459199028479015,0.88375044100588951,-0.090118867424222523,57.991047985039117,0,0
f15069,True,146.95135498046875,7.2220916748046875,12.2065798441569,0.60696132780537404,0.79461808687826285,0.01341799369007113,25.148793143207669,0,1
f15073,False,261.69868977864581,-2.3865393797556558,79.619237263997391,-0.25517663210411584,-0.95303645795524605,0.16311467204429983,114.9474906384993,0,0
f15451,False,159.13641357421875,-50.7244873046875,70.258344014485672,0.77895241653128833,-0.13479835421903211,-0.61242349438922306,43.309283370487329,0,0
f15584,True,227.29148356119791,43.038049062093101,131.46157836914062,-0.086323329011432554,0.0047570401783198022,-0.99625581726639156,25.843892616301996,0,1
f15591,False,119.77882893880208,-1.481760819753011,-3.247065226236979,0.25109570196398467,-0.93237494773817209,-0.26005365847350587,33.808795419691762,0,0
f15594,False,154.85252888997397,12.70992120107015,-7.8655993143717451,-0.08803822486901508,0.97224027869960128,0.21679047819503991,67.12198901656771,0,0
f15602,False,134.84536743164062,1.3411304155985515,-7.2477458318074541,0.14558306020114362,-0.98853680685288103,-0.040006925395237085,44.997871854009738,0,0
f15604,False,125.32240295410156,-0.34842570622762042,-3.7810840606689453,0.11371854694531695,-0.98425900219616291,-0.13528602542930793,38.829230694338392,0,0
f15605,False,119.97473398844402,-2.8539320627848306,0.34045791625976562,0.31223946197650165,-0.85319389833066217,-0.41781178805288927,50.093067701119317,0,0
f15611,False,140.83594767252603,1.7527043024698894,-8.150242805480957,-0.00091073559515018442,-0.99997459392428112,0.0070697996184397932,53.285122421165191,0,0
f16030,False,130.62528737386069,12.810877164204916,-1.7122824986775715,0.17320921575531892,0.98003887840664738,-0.097582602900661813,123.82245814323295,0,0
f16034,False,130.09804534912109,11.964485486348471,-11.316166241963705,0.16882738567485073,0.98127192968375287,-0.092750815958239141,70.339898710377796,0,0
f16061,False,232.74098714192709,-66.089289347330734,126.46206919352214,0.19775328302028544,0.29611681090801456,-0.93445624475005051,34.866513464166168,0,0
f16270,True,269.82221476236981,-5.758950074513753,171.94715372721353,0.93682469815477898,0.062702809830470579,0.34413346621125218,5.4171330907983259,0,3
f16833,False,145.21115112304688,11.870229403177897,-5.0253849029541016,0.088203434619731028,0.96255805770082647,0.25632428616207076,46.748237199327541,0,0
f17340,False,144.57196044921875,2.2298084894816079,-4.2745316823323565,0.14121868004345572,-0.97498487208798645,0.17164435209571233,33.178769539572357,0,0
f17341,False,136.37930297851562,1.1395880381266277,3.5880762736002603,0.21017020451393681,-0.97764798162051314,-0.0057366512798746917,96.460572119015993,0,0
f17483,False,131.82010904947916,0.46806859970092773,-2.5006631215413413,0.17612798765194049,-0.97762174362446375,-0.11504198519819253,46.45285374342901,0,0
f17615,False,137.19655354817709,12.1419464747111,-12.204584121704102,-0.14387970675994569,0.98877906600535237,0.04018194385859488,116.0917655374214,0,0
f17988,False,143.91978963216147,12.68270460764567,-9.8484751383463536,-0.028679015662491841,0.99503326655157853,0.095322151236352085,68.853672342933791,0,0
f18127,True,263.65337117513019,-29.263590494791668,139.67623901367188,0.46872185992508286,-0.88092261348227896,-0.065384761863315585,7.3096854778450835,0,3
f18222,True,157.47996012369791,0.86356639862060547,38.362457275390625,0.45004934907418359,-0.83199896949292562,-0.32439682205689624,6.3631215222431869,0,3
f18245,False,146.91107177734375,18.043270428975422,45.127098083496094,0.69252419901312434,0.5464061925786815,-0.47101009171025143,48.414124446603381,0,0
f18249,True,149.94430541992188,13.1312042872111,41.615264892578125,0.49951368177138927,0.80225278129697974,-0.32691980151782091,21.417626958575195,0,2
f18616,True,149.24922688802084,-10.055179595947266,44.988620758056641,0.79187494014201953,-0.33153787205695995,-0.51285155607350541,42.207934499959748,0,1
f19163,True,147.31939697265625,11.18703556060791,30.430938720703125,0.47006513060212562,0.85057776611448088,-0.23570370549421979,30.693988937906582,0,2
f19165,True,154.32560221354166,0.0077169736226399737,36.308675130208336,0.43345953128887182,-0.84053215669782366,-0.32499004337323417,13.451757795878075,0,2
f19166,True,152.81897989908853,-1.3591682116190593,37.681666056315102,0.4516359189852292,-0.82250617565279838,-0.34570014130077448,21.669708980497703,0,1
f19190,True,146.66665649414062,13.465878486633301,36.971492767333984,0.52675469939027775,0.79969290424246431,-0.28813320803841908,26.476895939634826,0,1
f19197,True,148.16431681315103,11.817792574564615,34.566460927327476,0.46671317741966162,0.85867633094505535,-0.21178708340590868,20.981139882145893,0,2
f19232,False,145.65401204427084,-24.440831184387207,46.21673583984375,0.78577040031958778,-0.19524520309370902,-0.58689367746678889,87.937716752646566,0,0
f19330,True,151.58071899414062,10.501242637634277,36.492637634277344,0.42559536379429158,0.87612717575566623,-0.22642826285427475,8.6724905063872821,0,3
f19688,False,155.29561360677084,80.409556070963546,51.416343688964844,0.82062127092336556,-0.46378668805685025,-0.3338901581199693,41.477008959248764,0,0
f19693,False,151.81108601888022,78.181638081868485,46.424627939860024,0.78943515644798423,-0.50484153638841156,-0.3491806937689062,56.573679557237945,0,0
f19842,False,148.77152506510416,-33.025988260904946,52.618680318196617,0.80069324905207884,-0.10620614701327051,-0.58958508737842186,88.435929696504544,0,0
f19932,False,149.27267456054688,74.911313374837235,46.573307037353516,0.69034156229288057,-0.64926305809594465,-0.31919587836143354,70.802964300981486,0,0
f19957,True,165.29330444335938,6.9652280807495117,45.872416178385414,0.4744483712756381,0.81272303297654191,-0.33820114527201872,1.4069123501530789,0,3
f20201,True,157.96605428059897,-2.9378325144449868,48.543825785319008,0.48859355067443294,-0.80627568195624577,-0.33346044281944615,9.4006222985032455,0,3
f20220,True,165.71071370442709,7.3194710413614912,47.378501892089844,0.47954946362181206,0.81819568698140555,-0.31715631752348572,2.6692627046071298,0,3
f20340,False,145.00410970052084,27.297765096028645,49.945421854654946,0.7883404341635214,0.32002920923281325,-0.52545281910052655,84.980438547474279,0,0
f20602,False,140.67428588867188,28.123825073242188,44.521278381347656,0.71486348251359288,0.3690224862617954,-0.59396347194225751,58.883246205717846,0,0
f20631,True,158.75473022460938,0.99283091227213538,39.838854471842446,0.45916310045542924,-0.83738005199730514,-0.29658707945078799,2.0738411025940335,0,3
f20950,False,148.05391438802084,-20.124678929646809,48.171249389648438,0.80405571093893347,-0.16487525602508121,-0.57123599646481515,90.091958378833823,0,0
f21095,False,148.03541056315103,21.938639322916668,50.414657592773438,0.71603313546348268,0.44921450759790332,-0.53432469069088262,74.602008970708297,0,0
f21605,True,151.50955200195312,-11.812599500020346,49.700848897298179,0.8124736309949443,-0.32832531369491669,-0.48175625302119907,12.99608574779179,0,2
f21703,True,149.5526123046875,0.68944565455118811,28.999619801839192,0.48159111563780216,-0.79211656667680153,-0.37499512281480812,22.72015775471888,0,1
f21709,False,135.97475687662759,-12.263496398925781,28.573843638102215,0.74571802778687446,-0.32157437604754602,-0.58351910311770072,36.085596497613132,0,0
f21744,False,135.11720784505209,15.142569859822592,19.749229431152344,0.4822848850163855,0.82146251908148493,-0.30430349887740804,38.942918437490434,0,0
f22498,True,239.67509969075522,71.685203552246094,152.38777669270834,0.96345167646659047,0.19086799538332047,0.18796349499854778,40.796250991550849,0,1
f22568,False,133.35535685221353,18.729511260986328,25.630906422932942,0.67429191903859187,0.5949953017159928,-0.43739112800232677,28.145246755262587,0,0
f22618,False,133.02890014648438,16.126716295878094,19.734106699625652,0.29934921871199066,0.91288985478712792,-0.27752866209322796,27.243372831413581,0,0
f22620,True,144.40101114908853,11.466790835062662,24.968036651611328,0.50363838826966933,0.83955098930960126,-0.20372164885058094,38.671793075341263,0,1
f22628,False,140.45346069335938,-1.1604238351186116,21.491500854492188,0.46908736140533702,-0.79539146534156424,-0.38380915079187194,44.365975729918816,0,0
f22633,False,136.83946228027344,-7.8300364017486572,26.141719818115234,0.68354364170729154,-0.54819313731010444,-0.48192569353338999,34.522838398134546,0,0
f22829,False,144.07954915364584,16.732622146606445,38.329636891682945,0.75993378196375527,0.56058152530790994,-0.32901215861077376,39.073191558279994,0,0
f22910,False,149.20740763346353,-3.5381204287211099,36.949413299560547,0.6016093543373332,-0.71640885669203191,-0.35330515822307607,25.426297237821284,0,0
f22918,False,139.45002746582031,-13.983647982279459,34.045326232910156,0.75628474205599561,-0.31860841934038386,-0.57142109171671118,34.751387277383436,0,0
f23158,False,283.40558878580731,-10.341013590494791,86.988433837890625,-0.52905435567072223,-0.82788894678700808,0.18628306561181432,98.192222164489905,0,0
f23217,False,140.97116088867188,-20.257232348124187,38.63963190714518,0.7751268108296534,-0.19960789722712452,-0.5994456726823677,56.421740510875196,0,0
f23249,True,152.92678833007812,0.76361608505249023,32.944947560628258,0.45329916960252381,-0.79630465164176401,-0.40052311370425459,17.957938680464778,0,2
f23586,False,141.00250244140625,12.753448804219564,22.768786112467449,0.4163352513944763,0.88572401964040326,-0.20532393790872236,40.230800080832019,0,0
f23596,False,139.03319295247397,15.067960103352865,26.643606821695965,0.56216787195495077,0.77902121212022657,-0.27765668514980013,46.016345657384619,0,0
f23606,False,145.32096354166666,-1.1577028433481853,27.539719899495442,0.47316586590115634,-0.79826433218144699,-0.37267696375402276,38.041577280870889,0,0
f23967,False,145.24815877278647,-3.6712291240692139,32.029469807942711,0.51520524421125069,-0.73040621416727747,-0.44840865139184216,52.901201246844309,0,0
f23968,False,141.35740661621094,-6.4539721012115479,30.975101470947266,0.68268444730569133,-0.5485731460866885,-0.4827105227768248,42.683556609994412,0,0
f23972,False,142.33362325032553,-10.637890815734863,35.704577128092446,0.72277341316291988,-0.36441508637985687,-0.58719693293100939,52.970579607657164,0,0
f23989,False,138.236572265625,21.117921193440754,35.774274190266929,0.69731869724180484,0.5477852498894128,-0.46225312814580916,40.518305879950304,0,0
f23993,False,140.68951416015625,17.678802808125813,34.336523691813149,0.56901709807564105,0.69224795945367146,-0.44386068166689918,57.388596665533832,0,0
f24123,False,135.01398722330728,21.18044153849284,31.168917338053387,0.65878130073641727,0.57356608947828269,-0.48685638416336385,21.975349430013047,0,0
f25733,False,243.11266072591147,64.438087463378906,134.10465494791666,0.54731218793401737,-0.42312661235124116,-0.72208949504825326,21.176179366946041,0,0
f25737,False,240.79147338867188,8.1500415802001953,63.638031005859375,-0.36752422217056124,0.88856418026894957,0.27455353514550429,47.996181503355416,0,0
f25844,True,269.1629638671875,14.045368512471518,176.33542887369791,0.90059619669755819,-0.15957788304612464,0.40430358610382172,5.9930217388819917,0,3
f26015,False,292.18235270182294,-12.932512283325195,134.1273193359375,0.049618899474672913,-0.58758460940626966,0.80763995171351188,41.77833585067868,0,0
f26099,True,219.68210856119791,23.740332285563152,126.38907877604167,0.4154199177463021,0.41138178869200365,-0.81128990864685557,12.930806273015635,0,3
f26174,True,163.17183430989584,60.385014851888023,75.645998636881515,0.82472021660680639,-0.040369659788278653,-0.56409826704981192,16.294376309790419,0,2
f26416,False,286.77051798502606,-11.978503863016764,97.771616617838546,-0.72977524381685199,-0.65596405982181083,-0.19271545276428118,46.114697771448498,0,0
f26421,True,190.26811726888022,-62.510204315185547,112.37020111083984,0.70688480626590056,0.016973055610791446,-0.70712501444486686,30.279791270688346,0,1
f26426,False,206.77283732096353,74.133188883463546,124.27002716064453,0.43857469454756454,-0.23262026405579431,-0.86806684653494459,42.620378862622303,0,0
f26432,True,172.32011922200522,-9.3523546854654942,74.178136189778641,0.70810546654858164,-0.474457592448781,-0.52294994140139439,68.235388623571779,0,1
f26433,True,160.99696858723959,-20.33532206217448,66.772898356119796,0.72537421686308112,-0.18539309122660919,-0.66291903520393347,44.432563190185498,0,2
f26438,True,267.03156534830731,1.8122251828511555,157.64299519856772,-0.8626860585785272,0.094486870357255975,-0.49683497830198808,7.1575112354568757,0,3
f26440,True,261.43246459960938,9.8335558573404942,151.36752319335938,-0.33505689121432886,-0.71628374517300486,0.61210658879865298,11.848258150277484,0,1
f26448,False,247.80369059244791,78.965525309244796,136.939453125,0.95722998198167597,0.11533106893672686,0.26534789641765033,12.196201176220059,0,0
f26449,True,263.50311279296875,-6.0542259216308594,152.91549682617188,-0.472858974654844,0.57580984382056211,0.66696882524426104,9.8746426797103357,0,2
f26450,False,152.37225341796875,-23.353157997131348,55.480481465657554,0.8387762513693372,-0.14284530902082468,-0.52540424230257932,63.331599180332447,0,0
f26455,False,294.25371297200519,-21.697999318440754,97.705988566080734,-0.77230465615905286,-0.36622262108615233,-0.51906310780081022,41.248568868142819,0,0
f26456,True,220.29911295572916,-41.596532185872398,128.93325805664062,0.046532355946919041,-0.0084594291826431793,-0.99888096283187466,28.812824151968549,0,1
f26460,False,209.75620524088541,57.424968719482422,129.77935028076172,0.48330001089222263,-0.079165252559176683,-0.87186808764790746,12.685712569789793,0,0
f26463,True,252.89702351888022,-16.752687136332195,124.74170684814453,-0.12460129707233809,-0.30387656830590937,-0.94452821450844693,8.3575354233348058,0,2
f26474,True,225.22013346354166,31.491367340087891,130.80241902669272,0.10681806331648203,0.084898791108529631,-0.99064731192166788,14.442004819138544,0,2
f26506,True,188.60545857747397,67.800160725911454,108.11060841878255,0.76601585707450992,-0.062772306840632341,-0.63974943861195344,13.768392939679686,0,3
f26507,True,248.01279703776041,-22.303944905598957,126.70983123779297,0.015292673263438882,-0.26160101312070816,-0.96505494355434329,31.697308706470771,0,1
f26508,True,169.58220418294272,64.837364196777344,84.171605428059891,0.8153290839539622,-0.015195981298718601,-0.5787983820046162,34.331116868535908,0,2
f26512,False,249.89521280924478,6.1941652297973633,155.20934041341147,0.6813803769717196,-0.16234349326002478,0.71369837611837794,26.732356115611076,0,0
f26513,True,260.52193196614581,3.4616683324178061,143.68685913085938,-0.10822028945500661,-0.3619090258872632,0.92591048483728,6.1264149698395034,0,1
f26514,False,253.88900756835938,2.5883847872416177,148.85800170898438,0.84968512257565276,-0.095723856530146215,0.51852881864424261,19.035743304019654,0,0
f26517,True,283.42412312825519,23.518051147460938,108.57911427815755,-0.54264810230452176,0.72883204638999677,-0.41753668727462823,64.312254094947946,0,1
f26518,True,221.82220458984375,54.421337127685547,130.96426391601562,-0.077951371341876421,-0.15725916394519118,-0.98447607338176613,25.557378462607687,0,2
f26520,True,223.23743693033853,-25.370744705200195,127.31094868977864,0.33137147710415166,-0.28210427139123595,-0.90033889409745738,28.453612626283444,0,1
f26521,False,275.33426920572919,4.3842630386352539,158.46259562174478,0.98264675078662111,0.036319576197607992,0.18189626591363092,21.484218812365569,0,0
f26523,True,204.8916015625,-54.687948862711586,125.82313791910808,0.49482292502464742,0.0030473811900374264,-0.86898848458304367,18.045027504613383,0,1
f26524,True,193.83527628580728,75.575032552083329,112.83115895589192,0.73021715460313197,-0.17613364069143853,-0.66012108566541416,43.770681036782243,0,1
f26526,True,169.66041056315103,36.378626505533852,85.513359069824219,0.83943932245929231,0.1323639728607969,-0.52708766120787776,44.101707207924512,0,1
f26532,True,155.127197265625,-3.0443077087402344,44.843821207682289,0.49075079708491542,-0.79194254973253342,-0.36330517899371323,17.905934739661479,0,2
f26539,True,173.08548990885416,-28.355950673421223,85.210400899251297,0.81525010944113807,-0.063784126784865933,-0.5755856532493705,52.974509592791456,0,1
f26585,True,145.99579874674478,8.9619153340657558,20.977249145507812,0.66101364480142843,0.676794785459927,-0.32405212506722164,28.866263211076337,0,2
f27010,False,213.25399780273438,75.670089721679688,125.65272267659505,0.092617685239028566,-0.27247235473918147,-0.9576955572016872,42.747689481025006,0,0
f27027,False,290.7349853515625,32.758614857991539,114.85606129964192,-0.65834760711630713,0.74855622085748286,-0.079006407460381609,29.031172869187554,0,0
f27036,False,233.59181722005209,-2.9023323059082031,166.04693603515625,0.22528132248201083,-0.062430943729080639,0.97229147019083362,12.049277889167518,0,0
f27040,False,294.43471272786456,23.817864735921223,88.308982849121094,-0.59978992164281886,0.78667895468089855,-0.14624729795066285,32.35932767543644,0,0
f27041,True,150.5556640625,15.093711853027344,46.163091023763023,0.54194459227038694,0.71821414172837195,-0.43642239347937034,34.506548955492953,0,1
f30266,False,221.2476806640625,62.024500528971352,129.71578979492188,-0.14153813759365191,-0.25024832956862358,-0.95778010480205411,36.599827898294933,0,0
f30312,True,253.98743693033853,4.2239335378011065,96.789710998535156,-0.88775148573721907,0.32414363444277583,0.32684584106515446,14.845290348597212,0,2
f30356,True,223.27452596028647,28.31109110514323,129.81313069661459,0.31114921431468529,0.29718742064154163,-0.9026991766052419,11.031308489653297,0,3
f30366,False,246.36196899414062,-15.75536855061849,160.49560546875,0.57468236409249163,0.11812222048007151,0.80980696553556641,54.561152877161412,0,0
f30383,True,179.95372517903647,9.393285433451334,72.03609975179036,0.32488078764809286,0.90608772570402174,-0.27103045427713163,10.797423532162048,0,3
f30386,False,297.01430257161456,26.993544260660808,127.73288472493489,0.23939345401622428,-0.031091165868809549,0.97042470783626489,16.418673636483454,0,0
f30433,False,236.85574340820312,81.618540445963546,154.38031005859375,0.93050048874840585,0.32171730153999012,0.17511944017956629,18.753180869749016,0,0
f30523,False,244.34542846679688,45.133177439371742,161.24897257486978,0.82131444565667988,0.33741749677183647,0.4599913197310232,29.221725292364663,0,0
f30622,False,243.24714152018228,-70.547927856445312,128.11553446451822,0.38916099543408245,0.66360807658288334,-0.6388881281779466,22.823341240282904,0,0
f31056,True,274.88802083333331,13.124451637268066,153.91389973958334,0.99737300542288243,0.0705743196322281,-0.016320338911158395,26.338049812438701,0,2
f31062,True,278.09251912434894,-19.757373174031574,122.63904062906902,-0.35075051822327413,-0.76490815335445861,-0.54026807318032088,10.725508702972588,0,1
f31219,True,271.53114827473956,5.7719866434733076,168.216796875,0.831109323065223,-0.14580633195033826,0.53665427108824426,2.374418373779426,0,2
f31369,True,175.89620971679688,-51.808300018310547,93.830800374348954,0.79256709047255314,-0.22705420776561949,-0.56593621004120098,41.427668337595165,0,1
f31370,False,172.77813720703125,-40.830626169840492,86.672327677408859,0.80733548367259012,-0.11286506941277155,-0.57919849180535277,67.057954091776537,0,0
f31380,True,178.86936442057291,-57.465560913085938,99.501953125,0.7826294082433467,-0.064370327504295166,-0.61915076539535896,33.829894685926199,0,1
f31405,False,238.65471394856772,-45.969816843668617,168.21099853515625,0.79510283526536008,-0.07038591193221086,0.60237638130529059,66.58373606527212,0,0
f31413,True,177.55338541666666,-46.596880594889321,94.328989664713546,0.80512301957540433,-0.17596752044657066,-0.56640299707687702,46.576845715211881,0,2
f31414,True,178.85527547200522,-53.820665995279946,98.646011352539062,0.78264437322288394,-0.20838324472052847,-0.58655281806696946,35.820692950742036,0,2
f31449,False,292.61273193359375,21.283559163411457,130.27454884847006,0.11066412190926909,0.54703966802390547,0.82975963611780112,35.693728493635874,0,0
f31457,False,230.57574462890625,42.093224843343101,131.50897216796875,0.063783044188788926,-0.0064849744003930886,-0.99794271798587575,51.472387013130493,0,0
f31478,True,210.80231730143228,-46.822611490885414,127.95580546061198,0.12766644062414276,0.090843602354627379,-0.98764807489793482,14.881931282770957,0,2
f31518,True,232.79653930664062,34.134162902832031,131.13200887044272,-0.031654149562515672,0.10554950598875235,-0.99391011495054438,54.714853916161537,0,1
f31575,False,281.07156372070312,15.415092786153158,90.96243540445964,-0.37073851422411075,0.92635747033124571,0.066443895373421089,30.42688847010816,0,0
f31612,True,266.44542439778644,-1.5997505187988281,104.50100453694661,-0.37558821257978486,-0.91302679739364268,-0.15910864782352507,15.071376560672958,0,2
f31724,True,155.59009806315103,14.154654820760092,51.283907572428383,0.5790846590170019,0.70127227962519734,-0.41578618004984441,48.895448198177228,0,2
f31725,True,158.7593994140625,11.601681073506674,50.309094746907554,0.41053404247437542,0.86771159881322846,-0.28024700043825324,34.349820636352959,0,3
f31726,True,156.91929117838541,11.236849149068197,46.529795328776039,0.41608573026481366,0.85830251792658474,-0.30031558865780084,7.858785293756581,0,3
f31734,True,188.83488972981772,71.913795471191406,107.77797190348308,0.74453700729860772,-0.11322950009571117,-0.65790859932889489,23.573561603755021,0,2
f31735,True,172.10885620117188,64.683163960774735,87.727656046549484,0.81364006047376836,-0.016500023385868996,-0.58113475306550755,17.383958353130538,0,2
f31736,True,170.2939453125,59.401565551757812,85.412348429361984,0.8089699158571646,-0.035979019069211367,-0.58674797436793036,43.744665164860237,0,3
f31737,True,227.98817952473959,29.10822041829427,130.65618896484375,-0.0033776409054907608,0.12242958481745891,-0.99247145465415687,22.054772787783048,0,2
f31816,False,165.68321736653647,-38.202885945638023,76.448811848958329,0.80065897966808519,-0.076762849766650057,-0.59418234841886985,87.297708018158559,0,0
f31827,False,169.68410237630209,-45.010907491048179,83.009348551432296,0.82240602619146508,-0.092586969676887329,-0.56131629330531141,63.125441827839097,0,0
f31829,False,162.54880777994791,-40.068815867106117,72.583330790201828,0.78583302473454675,-0.088513317886456083,-0.61207176849882927,89.313022011640783,0,0
f31832,True,165.33516438802084,-9.5193406740824376,65.584556579589844,0.64100690376083913,-0.47417813718755031,-0.60354390357643961,35.466691472515279,0,2
f31833,True,174.78371175130209,-4.8174842198689776,72.135119120279953,0.54519603864009081,-0.72311904870571153,-0.42409918751407583,42.183514993395725,0,1
f31834,True,167.77253214518228,-12.204793294270834,70.830734252929688,0.68162786602259251,-0.49595761464493426,-0.53796793281495281,68.568537919263477,0,1
f31835,True,167.06517537434897,-16.226688067118328,73.424697875976562,0.72778988176339021,-0.38373295978798994,-0.56839326489252107,18.003308801509007,0,1
f31836,True,164.57117716471353,-22.786323547363281,72.112024943033859,0.80140418973397476,-0.18173370764622029,-0.56984575472840837,81.834303959800096,0,1
f31863,True,165.27092488606772,22.765214284261067,73.38934326171875,0.74001195776084094,0.39106796460066895,-0.54721855728224089,88.752331843157094,0,1
f31866,False,152.69712320963541,55.782080332438149,61.486948649088539,0.84006059899474961,-0.042087024126891213,-0.54085753430707151,73.504522024655628,0,0
f31867,False,156.67356363932291,55.276706695556641,67.198883056640625,0.79706833573524105,-0.061898108010330147,-0.60070849202670251,86.884995412797835,0,0
f31868,False,161.11958821614584,38.740740458170571,73.718157450358078,0.81341607344489542,0.089087346338348708,-0.57481974234004829,129.46501293945619,0,0
f31869,False,160.71420288085938,49.24564997355143,73.27566782633464,0.80226498135666091,-0.065831872748423836,-0.59332711400982863,147.69688899216985,0,0
f31870,False,157.36519368489584,27.772093454996746,67.23175048828125,0.72882270159319007,0.31008053400781993,-0.61046501297931022,40.552675271470143,0,0
f31871,False,166.00264485677084,34.189543406168617,79.81655629475911,0.80469770198085577,0.098311289987171493,-0.58548825666087279,89.177692501784136,0,0
f31872,False,160.08743286132812,23.294265747070312,67.478157043457031,0.65370693899230092,0.42491850280144666,-0.62618807389656739,65.056837664821543,0,0
f31873,False,153.40589396158853,27.004393259684246,61.830586751302086,0.7688839724874682,0.2939661299613866,-0.56780397258861726,34.648464565530396,0,0
f31874,False,151.82329305013022,31.512304941813152,61.298037211100258,0.82780482660637822,0.15725698671388466,-0.53852521684397781,45.264532068746036,0,0
f31876,True,167.65433756510416,27.353279113769531,79.564036051432296,0.73484000919707482,0.35014056855918169,-0.58087153754706899,69.468013222979607,0,1
f31877,False,156.8076171875,19.479991912841797,60.426251729329429,0.6769886107108829,0.53098569525462536,-0.50964753742435653,64.985834333325414,0,0
f32082,False,128.62216440836588,-3.2650888760884604,11.508143742879232,0.4598271056132241,-0.80677548761472651,-0.37104224224121046,34.395891272097408,0,0
f32087,True,144.94479370117188,8.7767728169759121,14.927059173583984,0.62587927533584009,0.77991227854657508,0.0034598377669120715,39.997655318512862,0,1
f32102,True,220.14330037434897,-27.873130798339844,126.88448079427083,0.38069388117627778,-0.27059295131609518,-0.88422374065221054,14.85752379858774,0,2
f32105,False,207.98426310221353,-55.586677551269531,126.74745941162109,0.16260797018513035,0.10156823621794417,-0.9814492047089588,26.375990145939888,0,0
f32106,True,197.76101684570312,72.315643310546875,117.79162851969402,0.69820875287306916,-0.16311478990364017,-0.69706391581125804,39.301317628427213,0,2
f32107,True,168.79475911458334,43.709016164143883,85.330365498860672,0.83094400189969053,-0.01325544449166661,-0.55619812917543621,21.587181067093315,0,2
f32108,True,169.91909790039062,39.964093526204429,86.70025634765625,0.83025592608706233,0.093339279335362388,-0.54951148862464172,28.382123722219394,0,2
f32114,True,150.65000406901041,-6.4179237683614092,43.937124888102211,0.66495797550022162,-0.57288672889778758,-0.47919900529053644,28.812078194799849,0,2
f32115,True,150.63846842447916,-4.641039689381917,41.392368316650391,0.60382253648459872,-0.69601908588929884,-0.38853027747027669,21.899894656582894,0,1
f32116,True,155.95298258463541,-1.6436047554016113,42.640795389811196,0.45629697718888534,-0.82851390326123497,-0.32458863305901353,25.14118390952811,0,2
f32159,True,219.51559448242188,56.919418334960938,130.91974894205728,-0.14168830567950216,-0.080150202933158193,-0.98666122301600834,25.362482769342847,0,1
f32213,False,236.27916463216147,-1.5127617518107097,165.13792928059897,0.43826379870721854,0.032761695015512501,0.89824913809167062,10.816595563670845,0,0
f32217,False,273.98457845052081,6.7355556488037109,162.47286987304688,0.93172162202219433,0.12754057979863953,0.34004149682201729,27.061980267018804,0,0
f32228,True,273.27657063802081,9.6272891362508144,164.47596232096353,0.95004012333320431,-0.11019776261855072,0.29202776780795292,25.99252454782857,0,1
f32232,False,258.47002156575519,3.3917528788248696,143.46328735351562,-0.064107423554809889,-0.36253334845902718,0.9297633083211283,4.8494989294207276,0,0
f32233,False,252.76833089192709,5.3876994450887041,151.44191487630209,0.85939079235255145,-0.14586346265710345,0.49007276631265034,21.668669026207404,0,0
f32234,False,253.55201212565103,-0.63314437866210938,150.16249593098959,0.86019205226493289,0.26494793191678467,0.4357433035552718,23.12305569426286,0,0
f32235,False,255.63724772135416,2.9135797818501792,145.64718627929688,0.92395163873652941,-0.042115463468994453,0.38018371481807828,10.523831778889647,0,0
f32237,False,287.86526489257812,26.308108011881512,106.47724151611328,-0.67417211424270973,0.65317246123014128,-0.34475744555857557,72.086839035757151,0,0
f32238,True,281.76523844401044,26.349987030029297,115.82450612386067,-0.55106498536564108,0.73068388290050201,-0.4030241248032323,61.961749344367853,0,1
f32239,True,275.40765380859375,22.332472483317058,115.41263071695964,-0.52296064016735344,0.67207404914106605,-0.52424101452183569,22.241433444451626,0,3
f32240,True,277.27074178059894,25.009489695231121,118.17185211181641,-0.32715415965314837,0.82072411086871377,-0.46838241818027432,46.837715744330119,0,2
f32246,False,231.95293172200522,-40.874682108561196,128.97551472981772,-0.030121835292724202,-0.070459543479966247,-0.9970597413250587,51.276198922268847,0,0
f32250,False,141.50605265299478,0.80470943450927734,16.926072438557942,0.33638671612611626,-0.91960630181029557,-0.20289954875425245,57.523205300388014,0,0
f32251,True,145.78244018554688,3.1867148081461587,18.46874491373698,0.79253048169812068,-0.54754702205302097,-0.26849151610472416,36.6681227556899,0,1
f32252,True,148.96149698893228,3.0687300364176431,24.494073232014973,0.5632735113545817,-0.65826752816077161,-0.49940646048623333,31.062465994760217,0,2
f32281,True,189.85212198893228,-58.908749898274742,111.88879648844402,0.70057092504321394,-0.048483064137736329,-0.71193382520843296,26.39147219038831,0,2
f32289,False,226.48724365234375,-50.434249877929688,128.51310984293619,0.13783562870291849,0.082893247884933963,-0.9869802677435644,58.077325551890397,0,0
f32290,True,221.41649373372397,-47.668921152750649,128.46816762288412,0.0030084859021434966,0.11434049885699576,-0.99343706359975825,71.482358561333626,0,1
f32293,True,209.60109456380209,53.673033396402992,129.55843353271484,0.52573261596108212,0.070000175849794677,-0.84776482110058982,33.527390598310497,0,1
f32294,False,207.96339925130209,60.917233784993492,128.17607116699219,0.49277117421608868,-0.17649893735491096,-0.85207082743999896,24.184131651867904,0,0
f32295,False,210.54543050130209,62.441721598307289,128.8491236368815,0.20457420043343758,-0.3738645021101617,-0.90464066378808139,15.976100654949779,0,0
f32303,True,203.94707234700522,70.09347279866536,123.6002934773763,0.55141677807465561,-0.17603498784463917,-0.81544541197575193,39.911253727185915,0,1
f32347,False,284.2337646484375,-22.503273646036785,122.77472686767578,-0.51341233922026464,-0.85292188314727235,-0.094509423788778163,20.997491752623453,0,0
f32406,True,262.00332641601562,-4.1302665074666338,150.06775919596353,-0.48422629416344942,0.59595055043011891,0.64059959216562967,16.741368197492957,0,2
f32407,True,265.81370035807294,7.366002082824707,158.41954549153647,-0.93037614339648833,-0.29166826573980636,-0.22210325202259135,12.915055868741049,0,2
f32417,False,246.17875162760416,68.415906270345047,136.74770100911459,0.88133221362600966,-0.42768989933929957,-0.20083545311577189,19.582400770344616,0,0
f32420,False,293.63676961263019,-26.693135579427082,103.40479024251302,-0.82204524772244769,-0.40553604705017698,-0.3997275637729481,27.460644476533062,0,0
f32421,False,292.13595581054688,-22.167385101318359,101.84401194254558,-0.82109605475768921,-0.41153435976820135,-0.39552590255447789,47.545292569562207,0,0
f32422,False,289.92183430989581,-24.911417643229168,110.10178883870442,-0.8116173718788795,-0.47416643746674064,-0.3412380858645766,24.909632426728944,0,0
f32423,False,292.23768107096356,-27.080223083496094,107.19087473551433,-0.8502258563783901,-0.44477037766280969,-0.2815942192221193,19.167964623114624,0,0
f32425,False,290.66582234700519,-27.117238362630207,112.91138966878255,-0.76946378896433332,-0.63671308933308401,-0.050218715082844465,18.627022064253318,0,0
f32426,False,289.37629191080731,-25.796300252278645,116.25024668375652,-0.77035575095034414,-0.63621413845436392,-0.042232534952364932,25.611292818209375,0,0
f32427,False,286.21824137369794,-22.58380635579427,117.21019744873047,-0.65061711898954389,-0.75491657127951572,-0.082452015653503852,19.847704923975904,0,0
f32428,False,284.1553955078125,-21.700443903605144,119.86381276448567,-0.52650119901447778,-0.77030695390036574,-0.35975503361184114,16.501598244293028,0,0
f32429,True,243.51265462239584,68.423833211263016,144.22442626953125,0.91576031521657986,0.039079436792579379,0.3998197627611782,44.806315788653961,0,1
f32440,True,243.47810872395834,64.047106424967453,144.14124552408853,0.90046181192688302,-0.15264769802236691,0.40726797756492877,17.527875717569074,0,2
f32442,True,241.22512817382812,72.883323669433594,148.01548258463541,0.86817174899005756,0.10490875886610447,0.48504841672632865,56.554532706154603,0,1
f32448,False,246.48116048177084,74.2579345703125,139.06979370117188,0.80003651242450136,-0.21853638491978017,0.55873377135612123,15.300899868873286,0,0
f32449,False,246.16695149739584,77.737144470214844,139.8887939453125,0.78922838464575806,0.030445409216356408,0.61334462900321873,23.533211848099988,0,0
f32450,False,245.61221313476562,70.561220804850265,139.96799723307291,0.85844794723892071,-0.0044177304098534436,0.51288166816460601,34.962503801829918,0,0
f32451,False,245.19756062825522,65.36929066975911,136.77352905273438,0.99178449383790734,-0.1170235282643813,-0.051662477827158465,13.723754928310711,0,0
f33195,False,238.00129191080728,-36.582543690999351,168.89187622070312,0.67589602814177419,-0.025888348343461043,0.73654215939226553,16.724218716593757,0,0
f33210,True,164.13190714518228,8.4119497934977208,48.277875264485679,0.40751582419404531,0.86828201518010617,-0.28287310785265873,7.8053700517263556,0,3
f33211,True,162.89250691731772,10.543840090433756,53.191113789876304,0.4277538779820253,0.85999402632645239,-0.27827485433318561,17.593754848487588,0,3
f33399,False,241.19672648111978,46.817526499430336,134.06269327799478,0.46917146618513467,0.18406475437712125,-0.8637119320200346,40.818940423832089,0,0
f33447,True,164.30058797200522,10.662199974060059,55.901883443196617,0.45585138784915713,0.86024323605738495,-0.22843179947966016,7.1012380832386022,0,3
f33517,False,290.36028035481769,-0.25568167368570965,138.78984578450522,-0.0039456008318346225,-0.047389423583468648,0.99886869746053331,37.833923445024283,0,0
f33739,False,146.25465901692709,-12.595322926839193,42.253396352132164,0.76536350744368242,-0.36674026038780239,-0.5288858883390547,61.850490187331857,0,0
f34429,True,162.72813924153647,71.292683919270829,72.685793558756515,0.80520719519739481,-0.17870847702038106,-0.56542431239149982,34.226966544073854,0,1
f34612,True,279.65003458658856,14.785000483194986,95.33077748616536,-0.36130702161911354,0.93047561155694458,-0.060600102528423502,21.063921222061939,0,1
f34871,False,138.42112223307291,24.893169403076172,39.630803426106773,0.73329653369705561,0.39051648433274899,-0.55657260903881434,31.250229984819974,0,0
f34908,False,249.71218872070312,23.574612935384113,158.88702392578125,0.41339024094232096,-0.13475514480097128,0.90052737861950605,29.588612093310338,0,0
f34971,False,155.78728230794272,63.28717041015625,64.707361857096359,0.78815266991036592,-0.16482911191440108,-0.59299808834318501,47.247573200279206,0,0
f35013,False,156.14629109700522,-45.552474975585938,65.111099243164062,0.79279534209423563,-0.1499355937531518,-0.59075787195734741,51.828555701847733,0,0
f35025,False,238.03660074869791,69.527753194173172,168.35506184895834,0.99684759947763291,-0.023329353115680726,0.07583274160205937,43.116182291997731,0,0
f35068,False,192.16912841796875,87.565877278645829,105.37840525309245,0.670871656230285,-0.52600369322804919,-0.52273447904006354,43.018593403045706,0,0
f35107,False,205.22157796223959,-73.034825642903641,122.16451263427734,0.33192940402936949,0.31454928767785117,-0.88931525139405088,27.432491774991643,0,0
f35244,True,262.64906819661456,-30.205008188883465,142.77116902669272,0.4448810791541089,-0.88006259375223195,-0.16604414018196986,8.6386523550694196,0,3
f35285,False,210.75541178385416,86.474245707194015,121.17847951253255,0.38463534267897109,-0.42321851835603819,-0.82033026207909088,70.049560243956861,0,0
f35409,False,191.57183837890625,96.566106160481766,94.466384887695312,0.58557518287785182,-0.66635053090306118,-0.46160445747715517,70.133039413564148,0,0
f35432,False,277.54469807942706,-1.1050829887390137,139.60572306315103,0.80847228307627617,-0.15026844123010058,0.56902720766911441,12.197995862228549,0,0
f35469,False,184.50833129882812,-82.909741719563797,93.231419881184891,0.64407839024260782,0.64540546300603296,-0.41062734388306288,62.133417151252843,0,0
f35517,True,250.09735107421875,-24.705543518066406,158.28973388671875,0.59508057482972554,-0.0043435263082293877,0.80365430580538377,30.841013857157428,0,1
f35572,True,280.95071411132812,-18.931874593098957,119.01552073160808,-0.57905162590811476,-0.72231918886699098,-0.37809285093439821,13.099210639574389,0,1
f35711,True,210.7406005859375,21.098426818847656,120.11787668863933,0.38529912228574664,0.54084485900278745,-0.74768404079269224,11.700848976126581,0,3
f35741,True,177.45721435546875,-32.942329406738281,91.794573465983078,0.78946074414374612,-0.038238227626046069,-0.6126088241316977,19.972742474477364,0,2
f35765,False,151.17890421549478,72.122512817382812,53.881912231445312,0.77414532329345387,-0.40296620906620789,-0.48817748081377432,58.032528780577678,0,0
f35971,False,209.55355834960938,-65.383280436197921,125.32058970133464,0.060739508711842076,0.21946863512779549,-0.97372697933074992,28.550931735628751,0,0
f36050,True,166.96495564778647,16.123669624328613,69.937197367350265,0.61556717385216242,0.62913998164863083,-0.47461556860981929,22.672408982695192,0,2
f36154,True,161.55135091145834,64.871381123860672,72.467267354329422,0.83512184052024685,-0.11050797147904841,-0.53885016444802292,32.961652272706559,0,1
f36231,False,240.41622924804688,63.033027648925781,157.92111206054688,0.97475622997801747,0.19150089398961648,0.11479416239609104,42.453667961741928,0,0
f36236,False,237.99553426106772,75.007942199707031,159.14797973632812,0.96925394263954634,0.24590526091082374,0.0087975754656849144,36.077604990648176,0,0
f36238,False,242.1356201171875,55.942235310872398,158.50603230794272,0.94386626006103713,0.30604969475728011,0.12429830029958759,34.463476221271883,0,0
f36240,True,245.79152425130209,45.739087422688804,158.07530721028647,0.84754494665026403,0.33173724812860189,0.41426798284644639,17.68526038348508,0,1
f36243,True,247.18995157877603,42.757657368977867,158.26449584960938,0.61819344988120839,0.51761411091767551,0.59153401483166967,8.5662950406266027,0,2
f36245,True,247.51301066080728,39.263225555419922,159.80637613932291,0.67793841392448506,0.13839229461218194,0.72197443148461193,7.0356624889826831,0,2
f36260,True,258.37321980794269,38.674126942952476,154.67657470703125,0.23011319428265922,0.53601070825933295,0.8122440756622108,2.4605762073184416,0,3
f36269,False,237.27947998046875,79.137273152669266,161.49285888671875,0.98129808166111165,0.14743960661293723,-0.12375636278609788,32.130561986966377,0,0
f36276,False,246.51628621419272,14.626812616984049,159.7509765625,0.51147811275202115,-0.10603056487191795,0.85272953478144098,52.481528860787407,0,0
f36279,False,260.89250691731769,15.348999659220377,156.35265096028647,-0.66284342316525069,-0.50605139744511873,0.5518610146680184,22.528618423074406,0,0
f36282,False,242.48308308919272,12.149121284484863,161.65866088867188,0.44190449787085778,-0.1469214936617835,0.8849488626252342,33.721288147586229,0,0
f36284,False,255.36069742838541,23.789585113525391,157.17984008789062,0.16219193093289572,-0.089724727124475753,0.98267148675571991,12.010946782470786,0,0
f36289,True,263.60989379882812,9.5195983250935878,153.26469930013022,-0.67783248182427891,-0.65761457712654148,0.32876464915592546,12.047322662492078,0,2
f36293,False,239.38120524088541,2.6934264500935874,162.94182332356772,0.46936381552005502,0.18522918875868183,0.86335841706226302,19.265132996373175,0,0
f36295,False,245.57935587565103,-1.5571912129720051,159.43892415364584,0.59428870547670698,0.04958340152051563,0.80272188261967481,29.409437982388035,0,0
f36296,True,249.40574137369791,29.316291809082031,159.53151448567709,0.42562094471695439,0.025563882257556663,0.90454038016120053,11.773079252621654,0,1
f36298,True,258.65525309244794,36.623705546061196,155.67218017578125,0.21098116935312095,0.40323544782617882,0.89044265384965182,4.6531219707989901,0,3
f36299,True,257.68040974934894,36.191075642903648,156.16902669270834,0.31763779667585218,0.42692438939528266,0.8466651025419526,3.9334303669648536,0,3
f36300,True,260.04381306966144,35.432142893473305,156.1353759765625,-0.065425411808276213,0.43670343398552819,0.89722328672129581,5.3503759790524175,0,3
f36306,True,252.89371744791666,30.149728139241535,158.23832194010416,0.20836712348521982,-0.086417494271674195,0.97422541464196077,6.5395728570454086,0,2
f36307,True,247.95847574869791,31.669413248697918,160.18630981445312,0.43621821076484507,0.0084012351231907631,0.89980169584499137,19.18824533524619,0,2
f36309,False,238.10074869791666,27.280775705973308,165.41036987304688,0.47267445909427996,-0.1973122601064517,0.85886362580540909,44.943431765535244,0,0
f36311,True,258.333984375,30.080123901367188,157.50723266601562,0.038769096038346003,0.16884015298158786,0.98488068309492371,14.440152007436554,0,2
f36312,True,257.28828938802081,27.626210530598957,157.67467244466147,-0.17814121573613953,-0.079111798449845672,0.98081957087023963,7.6875014418063063,0,1
f36313,True,254.61277262369791,28.429664611816406,157.74061075846353,0.2022758180951448,-0.068438551911407436,0.97693431612683634,6.9063871468181945,0,1
f36314,False,253.56645711263022,26.71019999186198,157.78036499023438,0.17452621528289378,-0.11639710498036164,0.97774859454320862,6.7506923906099541,0,0
f36315,False,250.04583740234375,27.073223114013672,159.16413370768228,0.4372129371031197,-0.064205490429551274,0.89706326567771366,14.631997798659109,0,0
f36402,False,242.27226765950522,-1.6366360982259114,161.70820109049478,0.53387618233608414,0.038359348691630837,0.84469212278924566,29.308005127162492,0,0
f36512,True,250.56159464518228,-12.822216033935547,157.58750406901041,0.47930068068582898,0.059524797633056278,0.87562986241952978,61.550193416294583,0,1
f36513,False,227.04824829101562,-12.736381212870279,165.624755859375,-0.027174239144143141,0.088474848398035918,0.99570766891085138,35.543855616291701,0,0
f36518,True,261.08156331380206,-12.383283615112305,155.67901611328125,-0.25740448393644533,0.29410309436570181,0.92045983157003175,10.136911040718269,0,2
f36519,True,253.97784423828125,-16.873921712239582,155.75872802734375,0.56470991250429314,-0.045675226960141535,0.82402456781429334,20.786837436998301,0,2
f36520,False,229.15958658854166,-8.2678696314493809,165.85163370768228,-0.07804209125086857,-0.16929211283132933,0.98247117643536785,28.699543812311347,0,0
f36523,False,247.08958943684897,-22.851838429768879,160.56392415364584,0.60478406770237669,-0.0096667895730693353,0.79633082612235806,35.347280676545701,0,0
f36528,True,248.93506876627603,-30.607072194417317,158.24039713541666,0.62861876310160103,-0.24544641622196195,0.73796646769376217,31.936233629121091,0,1
f36533,False,236.33976236979166,1.8727720578511555,164.69001261393228,0.43237727753061533,0.16879297379855293,0.88575325112101855,14.259795991286486,0,0
f36536,False,239.80964152018228,-3.9302032788594565,163.22770182291666,0.4927039475930034,-0.0094119991212726697,0.87014609939872289,26.78632984310768,0,0
f36538,False,249.08415730794272,-3.7544592221577964,156.3861083984375,0.69867614796322886,-0.04054026624000813,0.71428854609356118,39.242983799590363,0,0
f36542,True,251.71182250976562,-7.8945027987162275,155.45365397135416,0.55145409303390835,0.41385681937953822,0.72430719748543271,55.861362946114866,0,1
f36544,False,242.96644083658853,-40.646990458170571,162.99590047200522,0.81095628444114343,-0.069259679190011261,0.58099311662352082,59.661681539355236,0,0
f36545,True,265.75588989257812,-4.6550426483154297,154.41704305013022,-0.83086746381196885,0.27348244066882782,0.48463038722771784,9.6216196259943292,0,3
f36546,False,237.86100260416666,-7.63563330968221,163.79633585611978,0.44337460842647392,-0.17830222217577393,0.87842317488204491,38.923950247307275,0,0
f36547,False,238.83749389648438,-11.332180023193359,163.66313680013022,0.30477688835464301,0.29141064675790745,0.90674741978182638,42.151973058192652,0,0
f36548,False,233.10994466145834,-6.6100227038065595,165.90000406901041,0.22477638536415362,-0.071132799704274413,0.97181052751493546,19.018783971346682,0,0
f36554,False,242.52126057942709,-14.620501200358072,162.80087280273438,0.48830914719454782,0.13463581705804206,0.86222234576195411,42.478979067826955,0,0
f36581,False,243.45347086588541,-45.479642232259117,159.9144287109375,0.91109446413991446,-0.29471450323057452,0.28818438368370636,64.574581248541037,0,0
f36699,True,261.56697591145831,27.618192036946613,159.20233154296875,-0.72867466856076979,0.2610562720751255,0.63315310171244554,9.9253575913961889,0,2
f36700,True,262.13870239257812,21.946942329406738,159.2398681640625,-0.7907992172902617,-0.21301291438051698,0.57381364243125832,23.915701905997626,0,1
f36703,True,265.69084676106769,8.3321959177652989,156.82278442382812,-0.94676083870225858,-0.32049485980934916,-0.03044600360608446,16.699085130404079,0,2
f36706,True,275.37761433919269,9.8851861953735352,151.11787923177084,0.98474303738564295,0.1706971785321722,0.033817503776211399,48.630910004087546,0,1
f36712,False,275.80457560221356,5.0170040130615234,153.98642985026041,0.99517355343280711,0.060866730775142021,0.076972979886882523,43.639572919654739,0,0
f36715,False,275.70372517903644,-3.2526664733886719,152.6566162109375,0.99390510181965963,-0.10524218751158883,0.032813572567269973,23.962881185296968,0,0
f36721,False,239.12978108723959,41.717914581298828,168.28456624348959,0.73457873937534068,-0.12569654743136932,0.66677916405776261,24.375786406316465,0,0
f36732,False,241.12644449869791,39.094675699869789,165.97163899739584,0.67476620179048108,-0.052587368800653948,0.73615565036469821,28.49916686081961,0,0
f36739,False,235.217529296875,34.894556681315102,169.30419921875,0.48163704233234417,-0.300451637087081,0.82325850935477407,21.052885742481855,0,0
f36740,False,231.70877075195312,32.599555969238281,170.1483154296875,0.36901245015083622,-0.36672187932071798,0.85401690548908771,24.020803640376361,0,0
f36775,False,239.33167521158853,-32.099516550699867,167.25719197591147,0.73298667122178374,0.10840776700446007,0.67154917605810172,19.370340734050853,0,0
f36789,False,238.75975545247397,-57.369711558024086,165.57024129231772,0.9377512795645534,-0.20288949114490307,0.28188364985930869,53.600351947676764,0,0
f36806,False,237.37648518880209,-64.72897593180339,165.559326171875,0.9449937487549499,-0.14067541209323758,0.29529179339504963,37.574989996606021,0,0
f36816,False,234.79670206705728,-15.709686279296875,166.17415364583334,0.2605119343641184,0.22499487546531738,0.93888808601888851,30.343282552658597,0,0
f36817,True,265.16893513997394,-11.351898511250814,157.49102783203125,-0.64953267731066211,0.26345226434055358,0.71323222411741782,4.1559147255347364,0,2
f36818,False,229.90947469075522,-16.400569279988606,166.50260416666666,-0.13866751828709389,0.23432293588189032,0.96221831259428348,40.863082774979326,0,0
f36819,True,264.18418375651044,-12.540219306945801,157.07338460286459,-0.63174204515195198,0.29415475060538682,0.7171993942297441,4.419516770075723,0,2
f36820,False,240.45943196614584,-20.748481750488281,165.00882975260416,0.50403124849590764,0.15314018841015117,0.85000034307837791,30.266996234495377,0,0
f36821,False,236.74722290039062,-20.547417958577473,166.61881510416666,0.29896045369555596,0.17559258120359206,0.93797115763354233,32.780012621721845,0,0
f36829,False,241.21607462565103,-27.776952107747395,165.33761596679688,0.5682010620368787,0.056831638562847564,0.8209249161515475,41.864876257476261,0,0
f36830,False,244.00552368164062,-28.745441436767578,163.19797770182291,0.65941031141034667,0.028154780621161345,0.75125584825269998,46.332844565290671,0,0
f36834,False,245.03736368815103,-33.955285390218101,161.49068196614584,0.79745749994667792,-0.19295339108541107,0.57169093455068409,40.722825861883535,0,0
f36874,True,265.03804524739581,-9.4600642522176113,156.34065755208334,-0.64587506455491228,0.41830020680531782,0.63864727195284898,6.9766140670151158,0,2
f36903,False,237.87983194986978,78.859644571940109,165.32888793945312,0.97579660551159364,0.14580979508902744,-0.16297388848569319,29.565039426485445,0,0
f36932,False,237.88200887044272,14.182770411173502,163.97113037109375,0.35219714921761242,-0.10292328516211288,0.93024941034887265,29.967691772914019,0,0
f36933,False,241.02308146158853,31.155002593994141,164.53438313802084,0.49114443272330321,-0.13805307260072713,0.86006888988638752,41.411022434636244,0,0
f36934,True,260.40297444661456,30.367642720540363,157.75916544596353,-0.37679830515700835,0.099349485004945698,0.9209520709896134,10.485796333305428,0,2
f36935,False,228.60004679361978,25.732959747314453,168.85861206054688,0.19539561539723613,-0.37093869406372709,0.90786840386139234,41.515457638595251,0,0
f36936,False,240.51756795247397,22.962605794270832,163.67655436197916,0.43166256068947328,-0.024576224001422651,0.90170030659462386,54.852333673555997,0,0
f36937,False,257.84176635742188,24.251309712727863,157.29922485351562,-0.17998181356482565,-0.16973455927915623,0.96891523167521054,14.037591719941616,0,0
f36938,False,246.21395874023438,21.181327819824219,160.556884765625,0.51156521041313496,-0.055942984969901188,0.85742137711140753,50.231963334239701,0,0
f36940,False,260.44983927408856,20.064038276672363,157.67927042643228,-0.37098244801144403,-0.079205745243703288,0.92525589605677505,30.10205516678004,0,0
f36941,False,236.21882120768228,18.441739718119305,165.18311564127603,0.36223649685830234,-0.13632838521205223,0.92206252051002446,47.2335455302916,0,0
f36942,False,230.21087646484375,20.149358431498211,167.15202840169272,0.18959281449219678,-0.11282834473728143,0.97535856448629843,47.632179495921548,0,0
f36944,True,245.29641723632812,32.848417917887367,161.9708251953125,0.62330174698067198,-0.064599978426735136,0.7793085236272651,25.290528139796482,0,1
f36947,True,263.69209798177081,11.35123093922933,155.80289713541666,-0.62026405839589704,-0.55850961242404817,0.55076266276154806,15.832420795284046,0,1
f36953,False,276.03096516927081,0.96158615748087561,150.77250162760416,0.99909394722123157,-0.041645240346559316,0.0087726040818161977,31.98859264280464,0,0
f36960,False,239.00874837239584,64.703150431315109,165.16425577799478,0.94117518908703768,0.1199261193990689,0.31592244195824309,53.899588240243993,0,0
f36962,False,238.46495564778647,57.763353983561196,167.89429728190103,0.92679143780823903,-0.0055162055251119467,0.37553588680969185,46.391415553640442,0,0
f36965,False,240.02390543619791,51.735099792480469,166.38358561197916,0.851557500373476,0.20069939049756852,0.48432383609686391,68.811933617428721,0,0
f36972,False,243.87798055013022,40.263170878092446,163.26724243164062,0.74644872068751689,-0.042583981267102743,0.66407899524334635,26.784321693105056,0,0
f36974,True,245.64713541666666,37.374649047851562,161.63545735677084,0.6069758458123159,0.11784318243788409,0.78593467091949532,17.56013005513411,0,1
f36975,False,238.62226359049478,34.512738545735679,166.90341186523438,0.55456365193308554,-0.32863873897972107,0.76449704721238676,26.212216033795954,0,0
f36976,False,232.19117228190103,28.34351094563802,168.62351481119791,0.39077325539502922,-0.19315287107134521,0.89999346179006645,28.991713672707085,0,0
f36978,True,260.89138793945312,33.153635660807289,157.27180989583334,-0.058369832512208571,0.41720910249878101,0.90693413622195207,5.3968992320095683,0,3
f37074,True,273.90297444661456,-12.492045720418295,145.72897338867188,0.97961194832081622,0.031803468327819176,-0.19836574832721449,17.084967999993708,0,1
f37079,False,274.7156982421875,-6.3799662590026855,145.98709106445312,0.96513157556054874,-0.1969441565476088,-0.17243561423836912,25.540603003776358,0,0
f37080,False,273.7537841796875,-9.4002183278401699,143.65185546875,0.97513181001327798,-0.16262944611641386,-0.15056432630638811,18.543606219828931,0,0
f37085,False,303.12797037760419,-8.8157828648885097,136.00839233398438,0.044914842646018985,-0.52634786470283512,0.84908219992698541,40.876224591178911,0,0
f37087,True,273.60328165690106,-13.967816352844238,143.66879272460938,0.98188778569743296,0.10750642087201995,-0.15600880029498371,8.8536745811482049,0,2
f37092,True,261.66488647460938,-31.732630411783855,147.41072591145834,0.51026085074336502,-0.82973906959085519,-0.22620110652505507,1.8313845058124743,0,3
f37096,False,245.51944986979166,-42.702150980631508,155.86075846354166,0.92846495371225968,-0.29474925361506604,0.22599935225892354,36.783596776545153,0,0
f37109,False,252.96457926432291,13.245882670084635,154.69669596354166,0.49142982375789446,-0.27320242916394,0.82695656537705009,24.059008040653431,0,0
f37112,True,275.37096150716144,10.298015276590982,146.46310424804688,0.98495550832045564,0.16638559643211293,-0.046674189110501328,16.273684244090941,0,1
f37149,False,239.98237101236978,-60.031941731770836,157.41900634765625,0.95261372529023547,-0.27312707201196756,0.13389806915273045,62.226792731682707,0,0
f37151,False,238.14817301432291,-66.717859903971359,157.83799235026041,0.97186087489314454,-0.21878313898332757,0.087294776181244968,29.64201628165409,0,0
f37175,True,248.84371948242188,-35.183694203694664,154.89881388346353,0.82740014645594617,-0.48318454375440278,0.28625459703125894,12.683524717014254,0,2
f37177,True,247.68506876627603,-37.73671086629232,154.38383992513022,0.86185039265014673,-0.40477442728370128,0.30556760905884589,13.195812413095638,0,1
f37182,True,242.70338948567709,-53.466031392415367,151.37593587239584,0.9570147172210931,-0.26090584220107632,0.12669243279524692,64.757583447853875,0,1
f37188,False,240.51409912109375,-60.606744130452476,152.6773681640625,0.950329218197008,-0.27482513112982532,0.1461010757679011,60.448673365440982,0,0
f37196,False,290.34267171223956,5.0810101826985674,138.23470052083334,-0.039419672477429633,0.20667405269206426,0.97761542815445068,54.454507683943142,0,0
f37197,False,285.051025390625,6.0618003209431963,137.98084513346353,0.043963723159145679,0.18234766512470907,0.98225074195418804,29.302580445678245,0,0
f37198,False,276.36921183268231,4.0193235079447431,143.484619140625,0.99373794170745078,-0.09433095550395583,0.059888012529635777,24.33573670557919,0,0
f37202,True,256.98292032877606,-7.7744194666544599,152.54989624023438,0.14880011129321802,0.35145012005630477,0.92430586928328806,25.661379222922967,0,1
f37205,False,293.18477376302081,-6.8996327718098955,137.65464274088541,0.011031516535963485,-0.39796254480892468,0.91733533594434347,30.570013706028718,0,0
f37206,False,296.977783203125,-9.6430848439534511,135.96017456054688,0.083851043863655564,-0.52531668759069827,0.84676524502468331,39.649223883430864,0,0
f37214,False,305.97098795572919,-11.124743461608887,133.8837890625,0.18481610376850019,-0.68368723963539724,0.70598496170071634,31.189981598523637,0,0
f37252,False,294.8885498046875,8.8661670684814453,137.35528564453125,0.022897040042996954,0.26704714995196688,0.96341141017729337,52.210258123824104,0,0
f37279,False,235.06986490885416,87.265332539876297,155.50575764973959,0.96667791776404111,0.071676869363641663,0.24575644387402154,9.0027905615144626,0,0
f37280,False,235.55931599934897,84.197161356608078,156.37811279296875,0.92283857269482061,0.33371524003769587,0.19236191752311443,10.409928952107027,0,0
f37325,False,256.67366536458331,9.0739272435506191,149.92726643880209,0.19693515542678591,-0.57741889251551637,0.792340815005249,18.682368095468576,0,0
f37326,False,254.22646077473959,9.0043614705403652,151.46858723958334,0.66087484293224841,-0.48284031408995232,0.57455171487760115,20.859077130123325,0,0
f37327,True,261.63010660807294,8.0042695999145508,148.79285685221353,-0.2748393854049922,-0.86130315026562032,0.42734084238781173,9.341023819017849,0,2
f37331,False,276.08054606119794,7.6293369928995771,144.20537312825522,0.95260136628052361,0.28031203743682653,0.11821928196573957,17.29318479319922,0,0
f37338,True,240.6668701171875,65.36349741617839,153.53462727864584,0.96386572419753858,0.18107500006518903,0.19538349487238274,41.046065046141365,0,1
f37343,True,242.22648111979166,59.596764882405601,152.19776407877603,0.93491983117177169,0.24343421795161341,0.25819506349276372,27.917663132778223,0,2
f37358,False,275.14349365234375,-6.703017870585124,149.95830281575522,0.97648058004436045,-0.20775379773387367,-0.057654456231777222,20.788157759302138,0,0
f37359,True,263.1986083984375,-8.3600519498189296,154.22873942057291,-0.53451173694171039,0.39519947238590764,0.74707066606677575,13.06958295600357,0,1
f37361,True,260.22687784830731,-10.094950517018637,153.9847412109375,-0.26605968528645069,0.5958434201043511,0.75774854838767236,22.003869156415526,0,1
f37365,True,274.71033732096356,-10.131801764170328,151.8597412109375,0.9867279606846534,-0.12256549290856462,-0.10651587464404527,17.819732889666511,0,1
f37366,True,274.43173217773438,-12.900577545166016,149.96564737955728,0.99876842821395617,0.031046909547869476,-0.038700338636110922,16.305449133770509,0,2
f37368,True,274.78877766927081,-15.102436383565268,151.36907958984375,0.96007581529160835,0.25170674247773583,-0.12205795624784273,9.9661344798921778,0,3
f37371,True,254.93900553385416,-23.224637349446613,155.30747477213541,0.26057138439122662,0.10304491753943808,0.95993973696567536,11.555614628467202,0,3
f37372,True,252.78598022460938,-21.660779317220051,156.39263916015625,0.56720308281231568,-0.018030297472878872,0.82338057495986916,20.83940041520917,0,2
f37373,True,255.62509155273438,-25.38355000813802,155.40853881835938,0.21351670648542728,0.16839115021564985,0.96231753417500721,5.1437834379693053,0,3
f37380,True,250.08877563476562,-31.968269348144531,156.20691935221353,0.83156179909333927,-0.43024613915399074,0.35127373091612446,16.965167258132389,0,2
f37381,False,251.28098551432291,-0.66770029067993164,153.86798095703125,0.77691894589032851,0.20239280860827868,0.59618294385223203,18.384066287547132,0,0
f37385,False,248.74486287434897,3.3602946599324546,156.33091227213541,0.81193423855410951,0.096230168459385784,0.57576257862233171,22.717181502528096,0,0
f37386,False,246.05900065104166,3.5116316477457681,159.01107788085938,0.56999245403111898,-0.037119654718210937,0.82081102184436061,21.336096593312391,0,0
f37396,False,276.069091796875,0.86996173858642578,146.09441121419272,0.99909140587046963,-0.041617153518379447,0.0091856000781830194,26.071675219183966,0,0
f37441,False,241.924560546875,5.3470681508382158,161.31931559244791,0.43019305564487581,0.062549876100917501,0.90056729225232501,27.258933143013621,0,0
f37442,False,237.61026000976562,-67.654248555501297,161.65670776367188,0.97296683846150145,-0.21640871372556636,0.080639939718952683,35.797366656812486,0,0
f37499,False,253.75364176432291,21.033148447672527,157.2183837890625,0.17119661723305926,-0.080833062732930394,0.98191533963838828,20.381244412616013,0,0
f37513,False,254.78962198893228,16.999259630839031,155.60230509440103,0.2584468796497596,-0.4835170296863498,0.836311241346541,25.479043455016832,0,0
f37515,False,258.241455078125,14.979377110799154,154.48685709635416,-0.23802715091457152,-0.39220280827757037,0.88854939795527355,23.365545526459215,0,0
f37519,False,258.86361694335938,11.295565923055014,152.03992716471353,-0.21919416306913161,-0.77050939541281682,0.59855592091048471,16.569627107448643,0,0
f37520,False,249.78926595052084,11.611284573872885,156.76030476888022,0.67883506480360234,-0.20784043567285454,0.70426224383563762,39.338516020067708,0,0
f37525,False,235.98304239908853,83.51968129475911,159.53457641601562,0.91328128963859723,0.35255172712743726,-0.20402099327157885,16.210154142585328,0,0
f37541,True,244.88798014322916,49.942967732747398,155.36907958984375,0.85493811573901024,0.45764184449925543,0.24422276802122678,17.751576237137535,0,2
f37602,True,243.10955810546875,54.32163874308268,155.22568766276041,0.94171154048786121,0.3084789977847478,0.13423890061266525,23.187558864467839,0,1
f37608,True,245.37579345703125,49.955365498860679,153.18358357747397,0.89965468670042159,0.42070796103654334,0.11673155622384487,10.429819314370752,0,3
f37612,True,246.47022501627603,47.765262603759766,153.42731730143228,0.78792814567037861,0.5549443571351601,0.26684451979435986,3.3195833080869943,0,3
f37695,False,242.46794637044272,50.957654317220054,161.82308959960938,0.91289448803502271,0.18317057603093537,0.36479061637022536,45.896456942970438,0,0
f38121,True,269.66246541341144,9.0646985371907558,173.38398234049478,0.88443671427789483,-0.17674357736809998,0.4318951334484426,13.822030208377692,0,2
f38123,True,270.13423665364581,7.6934105555216474,171.72682698567709,0.58639047898367547,-0.71437450996328145,0.38185765105863351,1.2437160969011667,0,2
f38127,True,269.16431681315106,-6.6167750358581543,174.11054484049478,0.94974540740830948,0.12905157485227006,0.28518301515864025,3.3976633184199838,0,3
f38319,True,270.48973592122394,13.004586855570475,172.82961018880209,0.90638757160647343,-0.16865566062672524,0.3873200720023211,16.721490137284725,0,3
f38320,True,271.12022908528644,10.358256975809732,170.54789225260416,0.91363719630622875,-0.090162258986491772,0.39640615608255458,24.945554295138191,0,2
f38322,True,271.02559407552081,6.9282490412394209,169.48854573567709,0.85125067238104857,-0.23132953944963489,0.47101904096207464,2.252233686304165,0,2
f38324,True,270.69677734375,-6.7558952967325849,169.49294026692709,0.95025259019562947,0.013285771319979581,0.31119688800971324,8.7946486018974177,0,3
f38494,False,238.69351196289062,46.543675740559898,169.35622151692709,0.73129910973950019,-0.056390511980085996,0.67972179768846486,37.738009055492249,0,0
f38498,False,235.83376057942709,39.014984130859375,170.36534627278647,0.48005199479772326,-0.26883903083166616,0.83503033345634636,19.18253988710094,0,0
f38510,True,262.65573120117188,23.881043752034504,162.56595865885416,-0.9895910842240726,-0.12290908683029129,-0.07485213690181769,10.285741562786487,0,3
f38530,False,238.20941162109375,75.40878041585286,168.11829630533853,0.99664358916586648,-0.030534722402205887,0.075955163763893066,29.127923746195524,0,0
f38554,False,236.60580444335938,-42.792649586995445,170.4801025390625,0.6559876166523545,0.063105067345651689,0.75212897648878307,57.451826837678666,0,0
f38561,True,274.628662109375,1.3943297068277996,160.52505493164062,0.92363167086911979,-0.20125658547020167,0.32619062428646456,14.723566182688575,0,1
f38562,True,263.18389892578125,19.501563707987469,160.7552490234375,-0.99447383500990716,-0.10438278011387087,0.011226161248938797,17.579449349216414,0,2
f38567,True,274.93509928385419,12.833313941955566,158.29518636067709,0.99648760556252014,0.08154697522707384,0.019040556493708751,11.142715236049062,0,2
f38568,True,264.41748046875,12.654697100321451,160.24165852864584,-0.95145573208741996,-0.24478416576329301,0.18658162307569462,22.39535529668894,0,2
f38575,True,274.19823201497394,-2.0425373713175454,160.42678833007812,0.94052399637162265,-0.090780369707721506,0.32737369583532727,30.870054937484181,0,1
f38576,False,274.91933186848956,-4.5704048474629717,156.84808349609375,0.95837947500806886,-0.16887708781253327,0.23019407267611444,27.68973999517473,0,0
f38578,True,274.46867879231769,-8.9490466117858887,156.2330322265625,0.96985046864758773,-0.085993237884398555,0.22802462915705302,22.889751601335679,0,1
f38579,True,273.80288696289062,-10.204890251159668,158.67804972330728,0.97388004602972522,-0.07168321763873281,0.21545109016688327,14.343594214757321,0,2
f38974,True,273.27897135416669,3.7456223169962564,164.53532918294272,0.89610965454055691,-0.083398776865184571,0.43592674964561984,17.692878177982767,0,1
f39000,False,147.93655395507812,9.5961481730143223,2.8408432006835938,0.25357128131842205,0.93488372466841696,0.24838282275681067,28.388250441172179,0,0
f39080,True,274.24637858072919,11.853041013081869,161.97842407226562,0.95747161376512324,-0.067001955991092862,0.28064006614768788,17.631966986593124,0,2
f39087,True,272.46731567382812,-3.6739994684855142,164.83792114257812,0.93537457110923428,-0.096903504903269447,0.34012368700176993,28.051017004982658,0,2
f39088,True,271.95846557617188,-6.6021289825439453,165.70726521809897,0.94735969070230586,0.0067235278352047179,0.32010062575052933,12.987205530094471,0,2
f39090,True,272.79519653320312,-8.6387513478597011,162.92234293619791,0.95138752465408938,-0.073116884317380088,0.2991917431352063,13.0711609994963,0,2
f39341,True,262.57854207356769,33.597204844156899,132.64083862304688,-0.018645035377746835,0.75510318337426097,-0.65534078548021069,4.930862833534313,0,2
f39342,True,266.81247965494794,30.806458791097004,129.62941487630209,0.024956561604963096,0.72257398052681743,-0.69084297253318572,4.6660322858717667,0,3
f39343,True,275.96376546223956,30.738910675048828,130.36881510416666,-0.0013683774045916994,0.91098151257942506,-0.41244491908833286,8.784890247825242,0,2
f39344,True,272.64650472005206,30.357635498046875,129.61578369140625,-0.020421234056457103,0.90927294233979705,-0.41569903719919726,8.2998562391121666,0,2
f39346,True,281.56956990559894,30.341056823730469,126.70163472493489,-0.26842296108107283,0.92042698784661314,-0.28418879993426804,27.741651967319921,0,1
f39347,True,277.86600748697919,29.835208892822266,127.43378448486328,-0.075335082503172973,0.95439095315552624,-0.28889882983343146,21.406920428810555,0,1
f39380,True,247.75897216796875,41.12925593058268,135.98827107747397,0.50168114034731714,0.27966134767392098,-0.81859975814620289,24.251268641400745,0,2
f39381,True,244.32893880208334,41.822345733642578,134.39732869466147,0.38398117168987095,0.29126940702179149,-0.87619666303909638,19.538348218788233,0,1
f39385,False,243.02602132161459,-72.921376546223954,140.25885009765625,0.79176600070223635,-0.032031493949529137,0.60998408465085996,39.566136557683116,0,0
f39389,True,244.27703857421875,-59.092534383138023,138.97451782226562,0.93187432822362692,-0.061327980194795434,0.35755994636283156,22.445085957374975,0,2
f39393,True,243.55557250976562,-63.098129272460938,139.86355590820312,0.91507606760957816,-0.10184261232370311,0.39021003677926408,25.793453234629048,0,1
f39395,False,244.51188151041666,-68.786745707194015,137.89089965820312,0.87517769174635862,0.078312712823235694,0.47742133056638897,32.090207103523028,0,0
f39400,False,243.81817626953125,-78.919237772623703,139.89846801757812,0.76682769760884262,0.16095597888677948,0.62134407138116332,40.764812496032675,0,0
f39407,False,247.64841715494791,-81.770517985026046,136.40939331054688,0.7020725795340701,0.19240586617978211,0.68561948318727417,50.258939473306853,0,0
f39415,True,279.12138875325519,-21.618198394775391,126.58927917480469,-0.18231110447236118,-0.93189863274587181,-0.31357231936579272,11.847228464838253,0,1
f39416,True,275.83869425455731,-21.383445739746094,126.87716674804688,0.044510300840867156,-0.90196847347612785,-0.42950169496079904,7.1214159581486944,0,2
f39420,False,288.02259318033856,-23.940887451171875,123.84328460693359,-0.23493515458167327,-0.95935324434813818,0.15635480709075383,26.243411122596015,0,0
f39425,False,295.25390625,-27.351150512695312,122.76135508219402,-0.38091225855589123,-0.8101809333795188,0.44554764781125433,17.085242482897627,0,0
f39434,False,293.72275797526044,34.243494669596352,121.34829966227214,-0.44992610085430074,0.86064935296849665,0.23843069224609839,19.98812637992096,0,0
f39435,True,275.79512532552081,27.847448984781902,124.1389668782552,-0.32447389859983633,0.81839660502914124,-0.47428228514693538,27.794578633196046,0,1
f39436,True,272.39893595377606,28.299523671468098,126.15952809651692,-0.026294109250469763,0.83915129185677162,-0.54326211831291504,22.695479189245596,0,2
f39437,True,270.46406046549481,27.742543538411457,125.53422546386719,-0.1521183790149368,0.80008975920850811,-0.58027267381425029,8.2407948501544794,0,3
f39438,True,268.24594116210938,29.409929911295574,128.10460662841797,0.030529398514478598,0.78037490060319437,-0.62456622573983178,3.9874740084794928,0,3
f39449,False,280.19492594401044,-21.138732274373371,124.38498687744141,-0.19065562985998497,-0.94042550605346431,-0.28151429513752546,16.457591115444835,0,0
f39450,True,273.17920939127606,-20.647769927978516,125.77204132080078,-0.10060719799649062,-0.82828874554741383,-0.55119501604312982,8.1849407981982338,0,2
f39454,False,291.99168904622394,-26.228443145751953,121.4881108601888,-0.47419140167234713,-0.79142294672021674,0.38573596407996968,23.932467229241073,0,0
f39485,False,246.10842895507812,-70.523765563964844,134.82955932617188,0.9297791199037615,0.080407891531332307,0.35922883955839641,26.23285540790696,0,0
f39515,True,244.63759358723959,-54.067011515299477,136.87000528971353,0.97396911356153337,-0.16989106058557618,-0.15007062790989126,5.6392521605466275,0,3
f39517,True,244.62919108072916,-58.018004099527992,136.42269897460938,0.98508998349430044,0.074231480478624337,-0.15520119756351966,17.737708215703233,0,2
f39524,True,244.22466023763022,-60.970352172851562,134.26866658528647,0.93742710521455708,0.03695342070716618,-0.34621505904147953,19.522712441933262,0,1
f39578,False,247.71990966796875,75.39218393961589,133.87687174479166,0.91991115963924996,-0.20793437725780212,-0.33245564083886492,14.457041000670285,0,0
f39579,False,246.64970906575522,72.018488566080734,133.60591634114584,0.87497697649138684,-0.29439524237180137,-0.38437837072192199,17.327208156492684,0,0
f39625,True,242.09379069010416,-62.679220835367836,143.71864827473959,0.93690038572243961,-0.096236239306876872,0.33608965095226206,28.004607951805735,0,1
f39626,False,239.14234415690103,-72.687819163004562,146.49473063151041,0.79639385498865722,-0.19155650488749318,0.57364007284323648,52.07893410948747,0,0
f39627,False,241.26576741536459,-68.733615875244141,144.04286702473959,0.92972439622570358,-0.11875943101225783,0.34858104453397326,37.890466606454851,0,0
f39646,True,284.58455403645831,-21.441165288289387,128.80874888102213,0.033822547811710846,-0.93625972681679936,0.34967664949272315,12.958688221079827,0,1
f39647,True,281.22771199544269,-21.688323338826496,128.60406748453775,0.061509455165460608,-0.93300802858240872,0.35455973477823927,12.382557965746898,0,2
f39650,False,287.98261515299481,-22.833641052246094,126.7841288248698,-0.12675913953082935,-0.8041643230746407,0.58073389950932652,18.921664441015771,0,0
f39704,False,241.38045247395834,-83.358578999837235,143.060791015625,0.65480948889161938,0.055114396331067704,0.75378175659441249,46.485928853600662,0,0
f39725,True,245.60408528645834,50.319872538248696,137.46931966145834,0.64667122097631458,0.20298217225759957,-0.73526496564611898,18.137785021612775,0,2
f39734,True,247.78480021158853,45.859582265218101,138.05832926432291,0.62027376112692467,0.23209452511391732,-0.74926136472502314,10.506938341373441,0,2
f39739,True,249.10921223958334,42.919503529866539,137.76522827148438,0.63140732024986801,0.44965691126760332,-0.63177009907414838,12.538355873251065,0,2
f39740,True,244.60595703125,61.643898010253906,138.09584554036459,0.97655783515417405,-0.21525292399888105,0.00098656420207357521,13.335894513595346,0,1
f39743,False,244.69830322265625,79.810493469238281,141.61708577473959,0.77588152912881081,0.045162422056245259,0.62926004830336368,20.287676018751505,0,0
f39753,True,244.16675821940103,61.190185546875,140.31397501627603,0.92541790049582295,-0.2901794066771578,0.24371627229710363,16.508795068177211,0,2
f39789,True,260.00450642903644,35.166676839192711,134.76188151041666,0.012530498314288246,0.80798216623850028,-0.58907368439995345,5.8375536492646454,0,3
f39790,True,257.71493530273438,35.299410502115883,134.76663208007812,0.087071386972572481,0.83209670224073318,-0.54775327629396153,4.8326904407406097,0,3
f39791,True,256.01412963867188,36.562122344970703,136.30257161458334,0.099145516489125687,0.801034441802564,-0.59035073439961039,4.6357608316909378,0,3
f39792,True,253.86946614583334,37.743448893229164,136.93393961588541,0.39833984307011194,0.76099107232902796,-0.51207221879183673,6.0048494299153905,0,3
f39796,True,263.36996459960938,34.815497080485024,134.23091634114584,0.0030026048215149358,0.83803937640846715,-0.54560149189054929,1.8822258855201124,0,2
f39797,True,261.80851236979169,34.598827362060547,133.95163981119791,-0.026033216205955046,0.8287609858540651,-0.55899686938315862,3.7095781633977403,0,2
f39800,True,264.13999430338544,33.813874562581383,132.92011515299478,0.070398737396091912,0.77592482148009678,-0.62688490904161664,2.3237788536350124,0,2
f39807,False,296.019775390625,34.402179718017578,123.37624359130859,-0.23057871313859687,0.85478348651898062,0.46495015670693612,15.05386287953211,0,0
f39861,False,248.11789957682291,75.486315409342453,136.12045288085938,0.98750939713333707,-0.077092960025025914,0.13741130262075626,8.3183645583506394,0,0
f39900,False,248.51976521809897,85.270515441894531,136.6856689453125,0.8910603141937169,-0.23872615483476659,0.38603282174810194,18.024048525740433,0,0
f39901,False,237.99552408854166,76.811729431152344,155.19189453125,0.94875144528781252,0.21653738273919398,0.23017874997650581,28.357284213798447,0,0
f39903,False,248.254638671875,81.530253092447921,135.69779459635416,0.89814658311742757,-0.083408382383418952,0.43171258608323099,14.071564557066743,0,0
f39999,True,242.01858520507812,-46.913607279459633,131.10218302408853,0.44608155856644671,-0.18167349260482929,-0.87635950681880137,23.840971813857582,0,1
f40014,False,246.25342814127603,-71.616261800130204,129.87054697672525,0.83253922806041913,0.46476320632217039,-0.30145247683457005,10.20110135374361,0,0
f40016,False,248.31231689453125,-74.570673624674484,129.33966318766275,0.70221907929422667,0.63885134506400221,-0.31425677969629162,18.599211561719997,0,0
f40022,True,252.38519287109375,-19.975372314453125,125.82430775960286,-0.12508361014103048,-0.29609851026235323,-0.94693176242773791,24.879061862254471,0,2
f40030,True,265.34033203125,-17.295944849650066,123.24428558349609,-0.11192944344674284,-0.44080340091859221,-0.89059764283783349,13.175473789140945,0,3
f40031,True,260.52338663736981,-17.32267951965332,123.88077545166016,-0.11941217494428499,-0.43647618572344371,-0.89175628496321202,10.876594741725858,0,3
f40032,True,256.45950317382812,-20.341983795166016,125.46954600016277,-0.094572870144916679,-0.31403360879947001,-0.94468982463924844,24.952692329275528,0,3
f40033,True,267.41811116536456,-18.641923268636067,124.03787485758464,-0.035004447285625212,-0.70827733975369545,-0.70506588249727142,14.199751925194189,0,3
f40036,True,256.7587890625,-21.790435791015625,125.99554189046223,0.25620402201941644,-0.74069217257348585,-0.62107536144130182,2.1331767813164797,0,3
f40037,True,278.92667643229169,-18.353345235188801,120.18048858642578,-0.34107279620639885,-0.75337410365381619,-0.56222487283271039,10.259906173799568,0,2
f40038,True,246.22708129882812,-27.417288462320965,127.75934346516927,0.019672198956180224,-0.159328837175885,-0.98702954678794119,36.790271553971671,0,1
f40039,True,250.15784708658853,-29.328690846761067,129.1057154337565,0.58016271488105864,-0.43278830023647435,-0.69000399378573385,7.0410286192697686,0,3
f40040,True,247.92781575520834,-30.535685221354168,128.739382425944,0.27077835298408326,-0.37212375586254409,-0.88780797128544697,21.412729642955217,0,2
f40042,True,244.81974283854166,-36.179505666097008,129.63728841145834,0.31596704055754365,-0.23001390399546096,-0.92046642157662351,19.359029372808926,0,1
f40043,True,245.68059285481772,-38.379395802815758,130.62529500325522,0.41856734283396491,-0.30576482714458414,-0.8551662119109692,13.528398852000983,0,2
f40106,False,244.45123291015625,72.634412129720047,130.90184529622397,0.51727988444953799,-0.36514752415197643,-0.77400827304981323,25.26272833291716,0,0
f40107,False,242.26304117838541,69.808555603027344,130.65504964192709,0.55654527293201161,-0.32669485393484909,-0.76388993421141516,21.65785548644471,0,0
f40108,False,238.18184407552084,69.158238728841141,128.99136352539062,0.25493600463108207,-0.32461288771566088,-0.91084252572639612,24.878988418574441,0,0
f40155,True,237.46010335286459,32.761957804361977,130.94187418619791,0.017021935716744034,0.10772334180451791,-0.99403517811741549,46.961330694544472,0,1
f40157,True,240.51920572916666,26.679007212320965,129.86681111653647,-0.0835641030324029,0.24414150232436718,-0.96613247928386659,31.133258391769765,0,2
f40158,False,294.30495198567706,35.923367818196617,115.14380137125652,-0.65688387561870265,0.74992561887882692,-0.078199361259291889,20.193548344534936,0,0
f40159,True,245.06852213541666,26.073825836181641,129.27455647786459,-0.10704218300303482,0.23713698257976315,-0.96556098851958083,23.520292565113273,0,1
f40162,True,251.37095133463541,23.211229960123699,127.46303812662761,-0.17244528667024164,0.38307231457040897,-0.90747904929804735,7.5028568305256922,0,2
f40163,True,248.06302897135416,22.940943400065105,127.94804128011067,-0.15898658281295117,0.38943280268832614,-0.90722949614514636,10.377159057053664,0,2
f40167,False,232.37122599283853,54.215427398681641,131.59597778320312,0.26883977668201942,-0.17477314151887385,-0.94719560993344221,31.933105123929099,0,0
f40171,False,233.53664143880209,48.203010559082031,132.04715983072916,0.1807172373390393,0.070430691940050291,-0.98101009055024047,45.637567791209996,0,0
f40188,True,224.39766438802084,34.584410349527992,131.14821370442709,0.047593190121955793,0.17210388762540987,-0.98392842225348676,15.846693537922103,0,2
f40194,True,231.35316975911459,28.50685755411784,130.54544067382812,-0.016811946458470482,0.11894434770654214,-0.99275858122956695,30.278951351663949,0,2
f40195,False,296.31824747721356,37.961049397786461,112.20755767822266,-0.75179664197790452,0.64441347764280121,0.13976079186616489,14.387548651853766,0,0
f40196,True,233.09761555989584,23.90051778157552,129.87748209635416,-0.044641657777914991,0.17988491729411629,-0.98267417739601193,10.39918883370429,0,3
f40197,True,231.80316162109375,22.01780064900716,129.53717041015625,0.054029376083790541,0.25461884797891354,-0.9655309776355635,2.5219008190309928,0,3
f40208,True,251.33956909179688,-14.931777000427246,124.43259429931641,-0.15888569268652003,-0.25904972611204458,-0.95270592317923541,8.0078882588561502,0,2
f40209,False,245.68275960286459,-18.231063206990559,125.82300059000652,-0.060594839177735706,-0.19237189467313198,-0.97944949824117722,34.355405602592896,0,0
f40211,True,225.95115152994791,48.595469156901039,131.42036946614584,0.0056356676969512342,-0.050497485352141901,-0.99870828735057549,19.165117974128332,0,2
f40212,False,234.56036376953125,62.515431722005211,130.47171020507812,0.34928888584056356,-0.30664445205890772,-0.88541880161297115,28.048618907569125,0,0
f40217,True,215.06339518229166,54.63209660847982,131.83757527669272,0.2004106738966491,0.3073223609799246,-0.93026261250789599,5.779804710224008,0,1
f40219,False,228.35818481445312,56.100995381673179,130.60432942708334,0.064116426748978106,-0.12070662168758264,-0.99061546288240099,30.11555265810782,0,0
f40220,True,225.79660034179688,53.617918650309242,130.87493896484375,-0.024203655727731099,-0.16390077955708576,-0.98617986062887797,19.75622329948801,0,1
f40232,True,225.32481892903647,38.77339299519857,131.54115804036459,-0.03362873597285581,0.020758501447327091,-0.99921879122368862,17.802622113791625,0,2
f40235,False,240.63123575846353,-64.76080322265625,129.77792612711588,0.53426827441422498,0.28413352158857152,-0.79613161780205854,19.126411304429364,0,0
f40238,False,242.35134887695312,-67.345653533935547,129.82903289794922,0.47851031658776755,0.34965416099630764,-0.80546250354503945,22.578173205025386,0,0
f40260,False,283.78846232096356,-19.276333491007488,114.42763519287109,-0.73098586379558916,-0.62147434732111606,-0.28183204671010947,26.992887029095574,0,0
f40261,True,248.49770100911459,-14.081580479939779,124.62836456298828,-0.1388333605977379,-0.26609229035180709,-0.95389736921770996,19.456610733037,0,1
f40264,False,240.92826334635416,-30.749721527099609,128.08954111735025,0.054061543148940121,-0.15424838232744625,-0.9865519682721845,37.764919587451018,0,0
f40266,False,240.69039916992188,-36.500451405843101,129.06190999348959,0.060321385283528053,-0.18380129982656013,-0.98111080549525242,36.260671697124828,0,0
f40270,False,235.74821980794272,58.184998830159508,131.93512980143228,0.29841696619865787,-0.14634174352865509,-0.94314972744828929,31.986959682604343,0,0
f40272,False,238.50635782877603,-47.068144480387367,130.10627237955728,0.16694633616323759,-0.11091206200886376,-0.9797078316225778,39.05511505560635,0,0
f40274,False,234.73191324869791,-50.949485778808594,129.68818155924478,0.23966900533872973,-0.055991269462940155,-0.96923874542027688,29.07187280779246,0,0
f40351,False,237.46620686848959,65.260136922200516,130.39422607421875,0.25959631423729229,-0.42193205543571871,-0.86866742440948175,20.170825630624869,0,0
f40423,False,237.61797078450522,45.30991999308268,132.58036295572916,0.17564149050815139,0.071229174826841032,-0.98187395905256725,38.364855868623856,0,0
f40429,True,242.52105712890625,60.712694803873696,135.42697143554688,0.56587943418795139,-0.28505641473218918,-0.77364288039324336,21.309329663757719,0,1
f40430,True,239.78960164388022,57.509644826253258,134.30771891276041,0.61865835768611577,-0.21930276203800883,-0.75443232634055302,34.762159015889118,0,1
f40589,False,249.79524739583334,-79.452720642089844,132.75815836588541,0.80852142486179623,0.33485493921103671,0.48390626698300115,37.113912863011755,0,0
f40658,True,249.62073771158853,26.377583821614582,129.1019287109375,-0.10466515583198147,0.3612267316898522,-0.92658537300528043,8.4264952170859981,0,2
f40659,True,244.32682291666666,31.199185689290363,130.99736531575522,0.028100510588279472,0.30483236762065596,-0.95199138071490086,11.794626250923265,0,2
f40663,False,295.37840779622394,36.260574340820312,118.00891367594402,-0.46411980212087289,0.82268859127050931,0.32829299577150078,18.97334526129276,0,0
f40664,True,246.07498168945312,28.023452758789062,129.83819580078125,0.092688996830622553,0.44698048133981405,-0.88972872223378341,9.6281861837279816,0,1
f40666,False,289.88622029622394,32.621610005696617,123.30496978759766,-0.11761743919133727,0.9689480951182331,0.21749879761695146,22.926039223341988,0,0
f40667,False,287.97190348307294,31.473936716715496,119.67784372965495,-0.58687018567444837,0.78535014932516789,-0.19699880233487477,41.016458987426489,0,0
f40668,False,283.99318440755206,29.693794250488281,121.05947113037109,-0.32037012697714612,0.92554395892887742,-0.20182012246282,41.834546258927759,0,0
f40669,True,251.92220052083334,24.698243459065754,128.05328623453775,-0.14797409616850826,0.45962353090243829,-0.87569964982514892,5.3890912815051486,0,2
f40670,True,242.33835856119791,35.519040425618492,131.89388020833334,0.18466297457985015,0.20191012780226678,-0.96183776496361062,13.452030910868826,0,1
f40684,False,239.32063802083334,37.827929178873696,131.85204060872397,0.16103491247644949,0.20145689228913741,-0.96616917644525657,34.873251810551942,0,0
f40691,True,243.76790364583334,38.005850474039711,132.95683797200522,0.36721851757168217,0.26121288350017774,-0.8927028564119075,15.27991600804002,0,2
f40713,True,241.07942708333334,-56.523983001708984,132.02688598632812,0.61655262049566151,0.10121428847318856,-0.78078072079733052,25.701455130504282,0,1
f40716,True,242.55996704101562,-60.104488372802734,132.41150919596353,0.50164180814474868,0.21139134903915885,-0.83884992333114738,19.085704296421543,0,1
f40719,False,244.58576456705728,-65.683633168538407,132.970703125,0.88123366774687639,0.35559671475942711,-0.31141322913725189,12.564207482843296,0,0
f40722,False,245.86537679036459,-68.473899841308594,132.95243326822916,0.82192126282399991,0.42497385234790475,-0.37926595225301013,13.947570568470994,0,0
f40725,False,248.22273763020834,-75.197163899739579,132.49262491861978,0.81037040100265423,0.31976373908730693,0.49096941283923384,21.208635334840157,0,0
f40732,True,272.17625935872394,-19.226652781168621,124.23614756266277,-0.087537558582892028,-0.70010436361053896,-0.7086543980607396,10.367085422227877,0,2
f40735,False,292.01263427734375,-27.811262766520183,118.09456634521484,-0.48515463115882401,-0.80164385292583684,0.34927369916923978,21.599966782702946,0,0
f40738,True,244.5814208984375,-42.400394439697266,131.33278401692709,0.39105925978331035,-0.22341909324972026,-0.89283624708521003,13.630926581794581,0,2
f40747,True,242.64822387695312,-51.348912556966148,132.59664916992188,0.51383637590888342,-0.24563585747579372,-0.82197031839048562,28.806598653423343,0,2
f40760,True,286.6494140625,30.825024922688801,129.99002838134766,0.058823501697370446,0.98732425127043877,0.14741308795804764,11.545253124576302,0,1
f40761,True,283.48515828450519,30.973238627115887,130.14334869384766,0.050350022708915886,0.98783564561871839,0.14712447946640841,20.578636274516462,0,2
f40765,True,287.65634155273438,29.602401733398438,131.86089070638022,0.53029660675471424,0.33917442589718577,0.77701107951029258,6.4010642247628526,0,2
f40770,True,276.1510009765625,19.380217234293621,137.59673055013022,0.83614905643665594,0.17162269635148536,0.52096104030640877,7.0612496405077323,0,2
f40773,False,290.88525390625,15.663688341776529,134.01397705078125,0.14715641786255956,0.47039168054683711,0.87010152025736742,31.748274930405721,0,0
f40774,False,285.68358357747394,14.715598742167154,135.38629150390625,0.13949376513111342,0.46982602455835276,0.87166793914726493,21.926562504143451,0,0
f40776,True,254.06374104817709,42.271240234375,143.12519327799478,0.60435790467154327,0.60021700933811217,-0.52391894865736099,2.6442494641324732,0,3
f40800,True,273.40815226236981,-12.983123779296875,140.13130696614584,0.97547965125142133,0.13859298381651569,0.17097202938270412,6.2656590853414249,0,2
f40801,False,284.025634765625,-2.708388646443685,138.52522786458334,-0.039288893279961427,-0.064428961757433345,0.99714858057949174,32.557026137478019,0,0
f40802,False,275.99116007486981,-3.5990885098775229,140.58347574869791,0.6967693780855635,-0.27920575796209174,0.66072428325517962,15.24605383433857,0,0
f40805,False,275.25410970052081,-6.5009136199951172,139.06013997395834,0.63415308479144283,-0.65962888682565168,0.40340996109993194,13.004692277497215,0,0
f40806,False,273.61509195963544,-8.9433164596557617,140.14874267578125,0.98194899046405293,-0.17136690934171908,0.080059743375147041,11.910252635437656,0,0
f40816,False,285.32051595052081,-12.173364957173666,134.77700805664062,-0.024607939171890077,-0.54027751158898774,0.84112701763819475,35.843670096106045,0,0
f40827,False,302.30104573567706,18.683425903320312,130.38181304931641,0.14303575369812918,0.74753890378267485,0.64863422704587892,25.494411555689393,0,0
f40828,False,282.88120524088544,13.057876586914062,136.63188680013022,0.11156075885910098,0.43555713752170155,0.89322123633324069,23.639017575744422,0,0
f40829,False,276.7628173828125,14.191403071085611,139.17347208658853,0.69772899151753398,0.27386275608953098,0.66194670874849981,12.324686857763821,0,0
f40833,False,277.11726888020831,10.579416592915853,139.75424194335938,0.6896029806976961,0.10208438631487392,0.71695641923590347,15.082064490785996,0,0
f40834,False,278.98108927408856,8.14480177561442,138.82888793945312,0.5150944281818205,0.23923295523173607,0.82307066718911415,14.661569519515123,0,0
f40835,False,256.9619140625,4.570206006368001,145.06172688802084,0.40183714984996144,-0.72617737047301145,0.55784705037614246,9.8302790813170766,0,0
f40837,False,278.83219401041669,4.6195424397786455,139.16829427083334,0.4622170939423092,-0.15383714645640881,0.87332095499746021,12.201041222286142,0,0
f40838,True,261.02584838867188,1.2893006006876628,144.44160970052084,-0.38768601925581908,0.59932308445372484,0.70036518396794278,9.0468911420052542,0,2
f40839,True,258.54327392578125,0.33661317825317383,145.16688028971353,0.15726535766388774,0.7632817989336913,0.62663266966812192,12.271185598699086,0,1
f40840,True,256.69817097981769,-1.7064628601074219,148.06981404622397,0.15430219990932489,0.75592201250765645,0.636217527351705,21.068829048575825,0,1
f40841,False,277.16771443684894,2.6221280097961426,140.41976928710938,0.77556060993280151,0.040472232285322131,0.62997439530071675,13.194898398688357,0,0
f40845,False,280.71218872070312,-0.62081845601399743,138.56788126627603,-0.022823049395529208,-0.086127928941650986,0.99602263441776828,20.166757891152677,0,0
f40899,False,242.23884073893228,80.875132242838546,144.89652506510416,0.82729310414702661,0.042517097392990658,0.56015927758098583,27.079526039737093,0,0
f40900,False,240.55101521809897,79.564559936523438,147.85749308268228,0.86683892670605156,0.091290347933502047,0.49015951232357075,42.580098231926435,0,0
f40906,False,242.92642211914062,85.938563028971359,144.59419759114584,0.75220581612956361,-0.17443638782769155,0.63541982718710033,29.826222470411327,0,0
f40940,False,242.400390625,89.04519399007161,145.87918090820312,0.73484214628234201,-0.094936842049708842,0.67156088038895601,19.903176606723765,0,0
f40971,True,177.69026692708334,9.1999177932739258,68.64925893147786,0.32771773768848722,0.90625528262349142,-0.26702518068780629,6.2977687393655692,0,3
f41037,True,244.23384602864584,-48.088437398274742,147.52885945638022,0.96868194085760773,-0.22767728751149804,-0.099087588565596477,7.9316926482660737,0,3
f41042,True,242.9200439453125,-53.597549438476562,147.83063761393228,0.9675989023775533,-0.23813328313080079,-0.083933923911014771,24.952749179130745,0,2
f41055,False,236.54933675130209,-74.612714131673172,151.75731404622397,0.89488466663695887,-0.31500217948827069,0.31615670218374031,23.225791261026409,0,0
f41063,False,301.68975830078125,-16.224401473999023,131.043701171875,0.2198630267332814,-0.5286415326481575,0.81987705141386136,16.014512731628439,0,0
f41064,False,297.36665852864581,-16.290761947631836,131.44277954101562,-0.011605027829475676,-0.53918820467188588,0.84210533977156654,22.321297243208424,0,0
f41065,True,279.10744222005206,-20.390376408894856,136.27569580078125,0.85642993277783297,-0.36717715660014533,0.36291694079112463,5.3701327835043022,0,3
f41066,True,277.18999226888019,-21.93558629353841,137.557373046875,0.57046332631023144,-0.77798121649917595,0.26328087683978968,7.3447356669219266,0,3
f41067,True,273.07719930013019,-24.28612772623698,140.24907430013022,0.50011699081941197,-0.86233267501505884,0.079153983444354897,12.273999542022484,0,2
f41069,True,267.81526692708331,-27.232781728108723,141.07867431640625,0.44903933174008182,-0.89318605728602951,-0.024131838310794799,7.8416126762530096,0,2
f41072,False,234.83925374348959,-79.297609965006515,150.865966796875,0.78766132430523095,-0.49681125923357522,0.36437372420699998,11.913966130285635,0,0
f41148,False,240.00850423177084,90.430920918782547,148.44021606445312,0.67702727314996947,-0.051609894737490863,0.73414609593479541,17.804393886163549,0,0
f41149,False,236.70936075846353,87.122044881184891,152.44767252604166,0.80874359185121181,-0.013086139882331227,0.5880157783449188,15.7521627877812,0,0
f41150,False,237.69486490885416,89.962511698404953,151.14567057291666,0.80958163736460964,-0.010730450712917273,0.58690921774115579,28.211290017262058,0,0
f41180,True,244.58085123697916,52.024768829345703,151.30168660481772,0.89843043820065893,0.43834553300639734,0.025998873204603444,4.6529994437592954,0,3
f41204,False,237.8612060546875,83.17325083414714,151.41820271809897,0.79813299158422524,0.14243535220652817,0.58540233872663783,24.218733565270334,0,0
f41417,True,262.64427693684894,1.0723419189453125,144.97752888997397,0.14656061813108406,0.46621736441965811,0.87244561683042576,5.7273903083334554,0,3
f41418,True,258.45486450195312,-4.1155614852905273,149.94615681966147,0.2654402224636741,0.64002121189946093,0.72105085577730277,27.062610916865513,0,1
f41426,False,286.29731241861981,-8.6110970179239903,136.77414957682291,-0.039327792197890885,-0.41723219384383997,0.90794857848949573,33.385335078565966,0,0
f41438,True,275.12694295247394,19.455958048502605,139.94187418619791,0.95827752641915165,0.17985466017892479,0.22216319130746071,5.9825089193784429,0,2
f41439,True,274.96701049804688,17.411527315775555,142.82982381184897,0.95636492952552021,0.21966119619308663,0.19265274579062977,15.804545967780342,0,2
f41441,True,275.28961181640625,15.129509607950846,142.41209920247397,0.99231098986015898,-0.0011639962797987231,0.12376406794951504,15.929555449348356,0,1
f41444,False,299.96090698242188,16.105634371439617,133.26186116536459,0.087407469332238724,0.6340914004466458,0.76830204358998355,26.857634389061637,0,0
f41445,False,294.78812662760419,14.253687540690104,134.77140299479166,-0.037698279298360941,0.60493781016271664,0.79537983729377992,45.517693197850306,0,0
f41446,True,275.11090087890625,12.836408297220865,144.16181437174478,0.99274153691467149,0.037607936170402978,0.1142360889618466,10.462226623602255,0,1
f41447,True,260.24537150065106,6.9486668904622393,146.59115600585938,-0.052024782836691083,-0.80095788545133162,0.59645610710606922,8.2365084696094275,0,1
f41448,False,257.85777791341144,6.5563144683837891,147.05316162109375,0.3939993935886934,-0.73740921268286874,0.54862749739889405,14.779908327588183,0,0
f41452,False,282.89165242513019,9.5992358525594081,137.589599609375,0.091419824600709049,0.11641649612658102,0.98898413288565223,28.161003707530035,0,0
f41453,False,275.82048543294269,10.167730013529459,141.90408325195312,0.95609831217728092,0.18526591740733817,0.22705188239469007,11.02103945177004,0,0
f41454,True,261.40141805013019,5.0324738820393877,144.82329305013022,-0.27558909534230253,-0.6021403003741741,0.74931816286121788,7.0707963393272015,0,2
f41465,False,236.8607177734375,-72.052686055501297,154.91419474283853,0.94786162775931559,-0.31859852344406664,0.0073017450463027265,21.959518198476619,0,0
f41484,True,246.6715087890625,-42.003859202067055,150.85434977213541,0.88647988986480442,-0.41639227703271475,0.2019179944749723,12.305547789730792,0,2
f41486,False,304.58457438151044,-14.421200434366861,131.50070190429688,0.19927561244361991,-0.54732675407855169,0.81284848191717551,24.020988147391275,0,0
f41488,True,275.58096313476562,-22.637803395589192,140.00233968098959,0.62681396687717295,-0.7733955089379535,0.094676489596448435,8.5420138084000925,0,3
f41490,True,271.97350056966144,-24.86759312947591,142.30586751302084,0.55071388509404684,-0.83448542963073291,-0.018662381912067299,8.5577776368143308,0,2
f41491,True,270.13691202799481,-26.01293436686198,142.25691731770834,0.49699024403454806,-0.86773724830809684,0.0057240923448892266,5.7982089173663782,0,2
f41492,True,261.46562703450519,-31.25244140625,144.82964070638022,0.54908154387351715,-0.81730058868387956,-0.17472608824803101,3.0137714465660461,0,3
f41497,True,248.10500081380209,-38.58122126261393,151.73061116536459,0.88111174375519097,-0.43129591999733624,0.19397403024719087,6.4292936196003945,0,2
f41498,True,244.81682332356772,-45.984074910481773,153.1094970703125,0.93260185913238369,-0.35646548571181225,0.056445813299691075,31.407006680324994,0,1
f41522,True,275.69053141276044,-10.747399965922037,136.68489583333334,0.32158285681755405,-0.039364080140490559,0.94606286017143371,10.542998967218576,0,1
f41525,True,276.48588053385419,-12.337482452392578,135.78153483072916,0.39915945268902608,-0.63539011769662768,0.66102279057719526,7.7382039251341306,0,2
f41526,True,278.38895670572919,-13.207662582397461,134.4874267578125,0.16521151731699663,-0.43017145742424856,0.88750080099305462,7.6930080961937692,0,2
f41529,False,288.07831827799481,-17.402603149414062,131.24153645833334,0.12467630868418504,-0.47896753130115871,0.86893378459590309,11.950661373650314,0,0
f41532,True,280.91197713216144,20.559956868489582,133.18643188476562,0.2282106232528146,0.71047858942977415,0.66568767856738975,7.5008005978526979,0,2
f41539,True,281.22039794921875,18.841072082519531,134.09269205729166,0.35279932633837718,0.3758928862637006,0.85687640496837814,17.166924739443218,0,1
f41559,True,242.33260091145834,-57.518995920817055,145.36310831705728,0.94581982095651596,-0.18265449483706117,0.26844403849145559,28.473222527997894,0,2
f41563,False,238.46487426757812,-81.314921061197921,145.87303670247397,0.76570244516598462,0.013801224313170761,0.6430468813969088,37.966440496522658,0,0
f41564,False,234.03513590494791,-82.859001159667969,150.20849609375,0.61279781974139513,0.0019336252018081806,0.79023736510859288,10.478450375843627,0,0
f41572,False,235.86565144856772,-85.08279673258464,148.52054850260416,0.6718755050032591,-0.035973313181174332,0.73978998811513041,37.089502297823557,0,0
f41580,True,284.77706909179688,-18.428969701131184,131.41224161783853,0.27839700704958464,-0.43934424256707622,0.85409117955227443,8.4658582564915168,0,1
f41583,False,288.8712158203125,-19.277350107828777,130.04767862955728,0.13200455247457929,-0.51231131888684645,0.84859407885419869,9.323753457409433,0,0
f41584,False,291.86855061848956,-20.108924865722656,129.426513671875,0.015966441750301326,-0.4053045233781572,0.91404229446291974,15.018592250344408,0,0
f41585,True,285.56996663411456,-20.303716659545898,130.2183837890625,0.27143158930792288,-0.42039023096393324,0.86579266919734643,6.913452491008333,0,1
f41586,True,271.61072794596356,-25.202562967936199,137.82997639973959,0.47648720040487125,-0.87909071520706639,-0.012627837782320916,12.023341188708889,0,2
f41589,False,291.96536254882812,-22.527767181396484,127.57259877522786,-0.0017406050476276042,-0.74455894308078818,0.66755445513642386,19.003283974147209,0,0
f41591,True,282.23419189453125,21.173475901285808,132.03970336914062,0.2253042267967541,0.77660344572436846,0.58832396983002044,1.9353056757758031,0,1
f41594,False,295.24097696940106,-23.688883463541668,127.18060811360677,-0.39179031408169596,-0.52484514610393407,0.75567051179922728,11.696662088938597,0,0
f41595,False,296.11363728841144,-25.846249898274738,125.58763376871745,-0.30717600780134185,-0.73257906117985372,0.60742968263995301,14.024689435291821,0,0
f41606,False,247.33082071940103,87.299878438313797,139.48267618815103,0.79139949791886954,-0.16493219027379596,0.58862909145339526,22.563778901870336,0,0
f41607,False,245.38588460286459,84.873924255371094,141.31475830078125,0.76867407819133826,-0.1807079530948143,0.61358356986231222,20.285423363653305,0,0
f41654,False,300.501953125,33.557866414388023,126.23389943440755,-0.35475217060602843,0.56267225256834852,0.7466932661005935,11.968118092696278,0,0
f41655,False,296.47425333658856,32.774119059244789,125.52537790934245,-0.13624754430209576,0.60030980987441152,0.78807660721543848,11.437085516429811,0,0
f41656,False,294.89808146158856,30.917537689208984,126.83913675944011,-0.10707677426948287,0.6686979169630527,0.73578370480822453,14.61659915528578,0,0
f41657,False,288.99282836914062,31.526603698730469,127.30686950683594,-0.10585837080217833,0.95786855068646171,0.266986600669258,17.174756078632239,0,0
f41658,False,291.68097941080731,30.649005889892578,128.05804189046225,0.4794982629268808,0.68970092237444647,0.542580918873804,14.552373091763037,0,0
f41662,False,297.81498209635419,29.385609944661457,127.42078653971355,0.2555383534798466,0.14301090815058962,0.95616318170631964,12.271232362319848,0,0
f41665,False,300.39844767252606,25.448326110839844,126.8916498819987,0.22432871235556956,-0.0095391549636252553,0.97446684568304953,14.977575666040361,0,0
f41666,False,293.25481160481769,25.974750518798828,128.75383758544922,0.29677932653291317,0.0016920798765385965,0.95494458907748259,14.105948800739052,0,0
f41667,True,282.02012125651044,22.061425526936848,131.90108235677084,0.46108815318177665,-0.65556919113349077,0.59801902196501999,1.4185687546729719,0,2
f41670,False,290.36447143554688,23.233554840087891,129.80437469482422,0.30400310534756902,0.088390280938357463,0.94856168496027338,15.953790868487806,0,0
f41671,True,286.45787556966144,22.900952657063801,130.96290079752603,0.20786392008023469,0.19960329086665615,0.9575756455779767,8.1571121840473797,0,1
f41672,True,283.67476399739581,21.798637390136719,131.61430867513022,0.049497943028430316,0.16569478141308155,0.98493410594233421,4.4383791346724637,0,1
f41686,True,252.97946166992188,41.072395324707031,140.74104817708334,0.56672621064806383,0.58453677550046179,-0.58063599634539476,4.8151495636189789,0,3
f41687,True,251.60352579752603,41.910232543945312,139.82295735677084,0.71424533239205268,0.44216069195251928,-0.54253804258156468,10.247954011289524,0,3
f41688,True,253.53202311197916,39.519090016682945,139.23210652669272,0.39367585952180362,0.74944642758891056,-0.5323057108504371,9.4486464446302314,0,3
f41885,False,302.51683553059894,32.485895792643227,127.2113520304362,-0.10500079217601825,0.12330588916531326,0.98679810059584128,11.337538920280105,0,0
f41886,True,290.44031778971356,29.052466074625652,130.37925211588541,0.46509203656515125,0.3593181613143136,0.80906109563702355,8.7353799158673091,0,1
f41888,False,304.340576171875,29.066895802815754,126.85134633382161,0.086143010930853886,-0.33954336081705189,0.93663743668125299,10.286309290517433,0,0
f41889,False,301.40603637695312,30.170220692952473,127.08448028564453,-0.11611587595594926,-0.14026658533208777,0.98328143905509502,10.133495237385098,0,0
f41890,True,290.77140299479169,27.15036900838216,130.12013753255209,0.56925915396950166,-0.32971830208667818,0.75314663704421148,10.405567648782576,0,1
f41891,True,287.6669921875,25.297122955322266,131.03205362955728,0.36640695312996474,-0.4573739632896997,0.81028081700277732,10.875999100236614,0,2
f41894,False,304.1336669921875,26.737066904703777,126.34641774495442,0.085244955094657293,-0.11209041425150484,0.99003486638796512,12.049047196646121,0,0
f41903,False,298.88721720377606,22.479536692301433,128.38277689615884,0.19300732492219042,0.54559328614080416,0.81552200377700335,24.604851531491573,0,0
f41904,False,302.24794514973956,21.194046020507812,128.28484090169272,0.25123713098000849,0.48510435401154101,0.83758800715863846,23.51687540387767,0,0
f41905,False,289.73044840494794,18.830277760823567,132.29923502604166,0.11181650489393832,0.55856236190454356,0.82189120757976342,23.768384004762783,0,0
f41906,False,284.52877807617188,17.882188161214192,133.67154947916666,0.11864859468742099,0.56135979259103153,0.81902240155007622,15.600220708360556,0,0
f41907,True,278.11018880208331,17.832035064697266,136.46595255533853,0.55352580474866853,0.56236839697953078,0.61428899514480295,11.504765965277494,0,1
f41934,False,292.62302652994794,-15.468027750651041,132.1915283203125,0.056443460887850662,-0.61850801771929387,0.78374866362881357,28.458753541560327,0,0
f41937,True,281.94541422526044,-16.505022048950195,133.40496826171875,0.14735582953148307,0.28040622477479554,0.94850335192377433,11.621029944399352,0,2
f41939,False,295.81928507486981,-19.056912104288738,129.87162272135416,-0.0020603832342539915,-0.4172175394512469,0.90880431314732169,15.371967297614628,0,0
f41940,True,282.87882486979169,-18.371116638183594,132.63224283854166,0.56029173308852964,-0.55167978765645787,0.61783702197584223,12.092368996870606,0,2
f41941,True,280.69185384114581,-20.249233245849609,133.58763631184897,0.79462386887344361,-0.23699764186189606,0.55893203949004433,6.3920335263764212,0,3
f41947,False,299.16431681315106,-20.586089452107746,129.66720581054688,-0.18001985381692059,-0.20145893870496823,0.96281210433168229,13.944486935779112,0,0
f41948,True,268.32533772786456,-26.829591115315754,137.36368815104166,0.41191749811787931,-0.91117815837065241,-0.0088509012294466002,11.655685556144467,0,2
f41949,True,266.57186889648438,-27.737251281738281,139.11533610026041,0.44191228383634423,-0.89432980947007445,-0.069912268506797715,12.153868535177104,0,2
f41953,False,298.48919677734375,-22.799218495686848,128.83010609944662,-0.19009162919208664,-0.4080902075409058,0.89293199910201382,11.713619937932735,0,0
f41957,False,278.61619059244794,15.215428988138834,137.2904052734375,0.57765583362054107,0.17365803784197284,0.79759427265811889,15.904400924054018,0,0
f41967,False,257.14535522460938,1.7351266543070476,144.04874674479166,0.27890748216383143,0.63667140924220034,0.71892985266059373,5.9446085177516768,0,0
f41972,False,281.96198527018231,-6.7680873870849609,137.38595581054688,-0.05100443280880277,-0.40238538874088325,0.91404843786404488,37.034176130850142,0,0
f41973,False,277.05226643880206,-8.0787830352783203,136.99495442708334,0.19845633179773181,-0.34720849968037054,0.91654860324976473,17.74075198761858,0,0
f41974,True,273.56915283203125,-11.050451278686523,138.68837483723959,0.98052638412369564,-0.010593910392120884,0.1961014510397987,7.6703934724808436,0,1
f41977,True,281.52652994791669,-13.869152386983236,133.78464762369791,0.077447979614952131,-0.43789973655750852,0.89568165727362459,14.241404858324236,0,1
f42168,False,238.36852010091147,-69.852690378824875,149.93947347005209,0.95277645675908329,-0.25559094379102715,0.16398259937450266,47.414068797767875,0,0
f45512,True,220.96863810221353,27.577688852945965,128.62409718831381,0.4152437462962944,0.27799023997551597,-0.86619516140427244,11.573213402059748,0,3
f45780,True,254.10775756835938,5.8932367960611982,92.607215881347656,-0.7417784442200599,0.66088323536699356,0.11400916147977969,25.780011638603611,0,1
f46180,True,268.21670532226562,-8.3471002578735352,178.97000122070312,0.94020768323472514,0.21481027129712435,0.26432188659217443,4.0957982654594485,0,3
f46251,True,268.62490844726562,-6.2902099291483564,175.81100463867188,0.9556850132432273,0.1174528937457983,0.26994624133895739,2.7730425809435726,0,3
f46253,True,268.51487223307294,-7.9771976470947266,177.46342976888022,0.95616549715591526,0.19711799174201278,0.21654569813362079,4.9534204040227268,0,3
f46388,True,267.88489786783856,9.5644966761271153,177.32060750325522,0.89643544084967541,-0.17467070897676934,0.40730043434079599,7.0957699019515443,0,3
f46714,True,268.39476521809894,-10.434912999471029,180.14590454101562,0.94397147060962527,0.23225890576350519,0.23446463138102652,2.9628068873814959,0,3
f46716,True,268.88243611653644,-12.377827008565268,180.20314534505209,0.93095946779701289,0.25535141390848309,0.26097916532558918,2.4531838612064494,0,3
f48518,True,163.93085734049478,57.101378122965492,77.054473876953125,0.81948370877963272,-0.064233605628660595,-0.56949143536379865,19.025908557650421,0,2
f52644,True,177.28319295247397,-9.4849570592244472,81.390210469563797,0.74439621011103163,-0.47169456169850027,-0.47262937153375545,11.81933475616828,0,3
f53964,True,273.19865926106769,22.148128509521484,117.40560658772786,-0.54233326179117158,0.66070248324677294,-0.51898637919168589,7.1551354969187919,0,3
f54099,True,216.69587198893228,22.843357086181641,124.40725453694661,0.41464881285154975,0.41155642769214629,-0.81159575456385891,21.1318600408548,0,3
f54471,False,275.31405639648438,-3.0212392807006836,144.00731404622397,0.9412898301533974,-0.32138192967923396,-0.10337848386119945,21.10188712443091,0,0
f55402,True,276.33592732747394,13.678463300069174,97.937690734863281,-0.35777003017118802,0.93169411502890942,-0.062822619587251272,22.895799340335145,0,2
f56954,False,229.74878946940103,61.433512369791664,129.68784586588541,0.065190619363717214,-0.26117306706774457,-0.96308816428476696,25.374361007052986,0,0
f64699,False,237.36857096354166,-40.967575073242188,129.28902180989584,0.15687037563706643,-0.09281660320559168,-0.98324806809719256,43.746728978225299,0,0
f64714,False,240.82772827148438,-53.609066009521484,161.24863688151041,0.94276007780626303,-0.19981757866845457,0.26697634904576267,50.639753305945504,0,0
f64716,False,240.77043660481772,-19.480591456095379,126.43154652913411,-0.08082627152369054,-0.18943435967170971,-0.97856105440966135,52.09988028795037,0,0
f64718,False,282.73694864908856,-10.100194295247396,102.60550435384114,-0.65088409574640005,-0.58593075554007767,-0.4827370336079726,44.475832598362608,0,0
f64725,False,171.28961181640625,-32.966014862060547,83.308090209960938,0.80469576416408872,-0.082715826107140913,-0.58789694611197507,72.925964997445178,0,0
f64727,False,290.98087565104169,31.384565989176433,110.10975392659505,-0.66637239966191653,0.66382264273204583,-0.3395398709504695,44.201199035221862,0,0
f65401,True,202.74910481770834,61.805437723795571,124.65408579508464,0.53325222749411227,-0.19621419812782737,-0.82288641398775164,16.489681831987198,0,2
f67571,False,241.54740397135416,65.910453796386719,132.05791219075522,0.54674049750320086,-0.422352208121131,-0.72297540807772787,17.661861074380262,0,0
f67847,False,251.61715698242188,10.720391273498535,67.78445688883464,-0.28994982619487514,0.93039195721054269,0.22427640145030295,146.34140023601694,0,0
f70424,True,175.80854288736978,-29.642487843831379,89.246772766113281,0.8246975102011197,-0.059789910571027616,-0.56240482151381199,21.422773299346119,0,2
f73574,True,280.84421793619794,-16.963956197102863,115.70108795166016,-0.56621161858353941,-0.70696381180463252,-0.42380015547386535,18.95057396863487,0,1
f77025,False,244.65807088216147,3.205904483795166,73.826733907063797,-0.54569081619258841,-0.79351291720563288,0.2693673761814393,37.964308648790137,0,0
f83885,False,256.50416056315106,-0.81919217109680176,79.651529947916671,-0.33351054273444403,-0.93064366951771416,0.15057582233406516,67.21883706135533,0,0
f84391,False,152.39511108398438,22.587144215901692,57.181360880533852,0.76188463229951808,0.43160759787366754,-0.48295619731353528,45.326870436014431,0,0
f85373,False,295.18409220377606,-2.6039161682128906,138.53106689453125,0.036370856292629261,-0.090235674192301329,0.99525608961493006,48.458620540655282,0,0
f86035,True,241.99559529622397,51.968058268229164,135.59900919596353,0.46990888186101548,0.18519611812114861,-0.86306896629469165,50.557890146311706,0,1
f87934,True,164.443115234375,9.0576489766438808,50.841150919596352,0.40880202433709323,0.87441164854586195,-0.26131431990077125,13.338522365178301,0,3
f91781,True,208.75938924153647,20.203427632649738,118.37881215413411,0.42401219525078537,0.55663742260211679,-0.71440075450511831,6.4517941111970352,0,3
