mesh,stage,chamfer_l2,chamfer_l1,acc_mean,comp_mean,hausdorff_95,hausdorff_max,fscore@0.005,precision@0.005,recall@0.005,fscore@0.01,precision@0.01,recall@0.01,fscore@0.02,precision@0.02,recall@0.02,fscore@0.05,precision@0.05,recall@0.05,normal_consistency,normal_flip_frac,edge_ratio_mean,edge_ratio_std,edge_stretch_p95,edge_compress_p05,edge_logratio_absmean,area_ratio_mean,area_logratio_absmean,degenerate_tri_frac,tri_quality_mean,tri_quality_p05,deform_mag_mean,deform_mag_p95,deform_mag_max,dihedral_mean,dihedral_p99,folded_face_frac,midline_dev_mean,midline_dev_p95,midline_dev_mean_norm,midline_dev_excess,part_body_dist_mean,part_body_dist_p95,part_body_within_tau,part_head_dist_mean,part_head_dist_p95,part_head_within_tau,part_antenna_dist_mean,part_antenna_dist_p95,part_antenna_within_tau,part_mandible_dist_mean,part_mandible_dist_p95,part_mandible_within_tau,part_leg_dist_mean,part_leg_dist_p95,part_leg_within_tau,part_leg_distal_dist_mean,part_leg_distal_dist_p95,part_leg_distal_within_tau
Acanthostichus_aff.brevicornis_CASENT0744327_processed.obj,Stage_2_deform_coarse,0.00012865768803749233,0.013527052477002144,0.006756403483450413,0.006770649459213018,0.014437157660722733,0.05833010748028755,0.37960249185562134,0.381933331489563,0.3772999942302704,0.850207507610321,0.8619999885559082,0.8387333154678345,0.9844170808792114,0.9804333448410034,0.9884333610534668,0.9998499751091003,0.9997000098228455,1.0,0.8502734303474426,0.08213333785533905,1.2253226041793823,0.9608854055404663,2.3243772983551025,0.5937746167182922,0.29554396867752075,1.820459246635437,0.5119459629058838,0.0,0.7911026477813721,0.3907117247581482,0.013150274753570557,0.030215973034501076,0.15026721358299255,14.448299407958984,87.49513244628906,0.009321730583906174,0.01427434105426073,0.015172433108091354,0.014321035705506802,0.0004085162654519081,0.0057510496117174625,0.01109938696026802,0.994636058807373,0.005976597312837839,0.011381587944924831,0.9949378967285156,0.0071797617711126804,0.013281459920108318,0.991712749004364,0.006993135437369347,0.013676637783646584,0.9815303683280945,0.007466113660484552,0.015088334679603577,0.9775946736335754,0.006713845767080784,0.012638334184885025,0.9927006959915161
Acropyga_butteli_CASENT0878079_processed.obj,Stage_2_deform_coarse,0.000147294340422377,0.014819309115409851,0.006790476385504007,0.008028832264244556,0.01751326024532318,0.05094420164823532,0.30298104882240295,0.31626665592193604,0.2907666563987732,0.8010331988334656,0.8611000180244446,0.7487999796867371,0.9815260767936707,0.9947666525840759,0.9686333537101746,0.9999833703041077,1.0,0.9999666810035706,0.8400099277496338,0.1827000081539154,1.1974637508392334,0.9914984703063965,2.2293078899383545,0.6433901786804199,0.26553910970687866,1.6335465908050537,0.46084946393966675,0.0,0.8281362652778625,0.46758008003234863,0.010516658425331116,0.023577475920319557,0.0835193321108818,14.197450637817383,82.8741226196289,0.008343926630914211,0.00459829717874527,0.005296015180647373,0.004618639126420021,-0.005232194438576698,0.006269586738198996,0.011163107119500637,0.9996168613433838,0.006013721693307161,0.010952596552670002,0.9981592297554016,0.008146483451128006,0.013992453925311565,0.9972376227378845,0.007332725916057825,0.0132584348320961,1.0,0.00706196716055274,0.012329044751822948,0.9984548091888428,0.006786908023059368,0.011822325177490711,0.9817517995834351
Anochetus_horridus_CASENT0744281_processed.obj,Stage_2_deform_coarse,0.0003016338450834155,0.015145997516810894,0.00844422448426485,0.006701773032546043,0.01989711821079254,0.19403380155563354,0.38756585121154785,0.3869999945163727,0.38813334703445435,0.8377196192741394,0.8250666856765747,0.850766658782959,0.9667311310768127,0.9503999948501587,0.9836333394050598,0.9930405020713806,0.9865666627883911,0.9995999932289124,0.7912561297416687,0.14259999990463257,1.217726469039917,1.15642511844635,2.3811216354370117,0.5945349335670471,0.2908533215522766,1.8281900882720947,0.5178508758544922,0.0,0.7705379128456116,0.3045010268688202,0.01636616326868534,0.04168948158621788,0.4729962646961212,13.855093002319336,85.40512084960938,0.009126169607043266,0.00816112570464611,0.008829154074192047,0.008376589976251125,0.001107353251427412,0.005378613248467445,0.010553820058703423,0.9988505840301514,0.005289273802191019,0.010251713916659355,0.9981592297554016,0.006694615352898836,0.012335103005170822,0.9889503121376038,0.007218413520604372,0.013700316660106182,0.9973615407943726,0.007001996971666813,0.015237185172736645,0.9747617840766907,0.00754219014197588,0.0173280481249094,0.9659367203712463
Camponotus_fulvopilosus_CASENT0744733_processed.obj,Stage_2_deform_coarse,0.00020288288942538202,0.015296520665287971,0.007813366129994392,0.007483154535293579,0.019017860293388367,0.08704818040132523,0.36001068353652954,0.3672333359718323,0.35306668281555176,0.8051861524581909,0.821399986743927,0.7896000146865845,0.9620916247367859,0.9536666870117188,0.9706667065620422,0.9956212639808655,0.9921666979789734,0.9991000294685364,0.7773810029029846,0.17383334040641785,1.2683748006820679,1.2824933528900146,2.5897560119628906,0.5703492164611816,0.3191232681274414,1.9605082273483276,0.5703651905059814,0.0,0.7757688164710999,0.34129592776298523,0.013815303333103657,0.03156901150941849,0.23339053988456726,14.088397979736328,79.23229217529297,0.007040188182145357,0.016644226387143135,0.017377428710460663,0.016615692526102066,-0.004459815099835396,0.005528701934963465,0.011131384409964085,0.9973180294036865,0.005706716328859329,0.01046927273273468,0.9953981041908264,0.006958148442208767,0.016337724402546883,0.9696133136749268,0.006229916587471962,0.012386945076286793,0.9920845031738281,0.007113211788237095,0.013397671282291412,0.9935616850852966,0.006880558095872402,0.014139804989099503,0.9829683899879456
Camponotus_vestitus_strophiatus_CASENT0744750_processed.obj,Stage_2_deform_coarse,0.00012455048272386193,0.012586444616317749,0.006606574635952711,0.005979869980365038,0.017717799171805382,0.054677948355674744,0.488516241312027,0.4889666736125946,0.4880666732788086,0.8688120245933533,0.8551666736602783,0.8828999996185303,0.9752275943756104,0.9612666964530945,0.9896000027656555,0.9998833537101746,0.9997667074203491,1.0,0.7850424647331238,0.16963332891464233,1.1875860691070557,0.9137514233589172,2.386810541152954,0.5683971643447876,0.3025752305984497,1.5705393552780151,0.5346167087554932,0.0,0.7809208035469055,0.3681551218032837,0.012440862134099007,0.03028024360537529,0.14735804498195648,14.036030769348145,80.98533630371094,0.007594277150928974,0.005596491042524576,0.0062217083759605885,0.005586214363574982,-0.003653408493846655,0.005012026522308588,0.01050853542983532,0.9965517520904541,0.005553842056542635,0.012373999692499638,0.9871146082878113,0.007603444624692202,0.018043575808405876,0.9585635662078857,0.007294103503227234,0.018108796328306198,0.963060736656189,0.006046997848898172,0.01202302798628807,0.9948493838310242,0.005606960505247116,0.011012180708348751,0.9939172863960266
Cephalotes_pusillus_CASENT0744050_processed.obj,Stage_2_deform_coarse,0.00017827822011895478,0.015948468819260597,0.0074597555212676525,0.008488713763654232,0.01944071054458618,0.06255090236663818,0.2813592255115509,0.2919999957084656,0.2714666724205017,0.7603743076324463,0.8076000213623047,0.7183666825294495,0.9674085974693298,0.9799333214759827,0.9552000164985657,0.999599814414978,0.9992333650588989,0.9999666810035706,0.8372004628181458,0.1378333419561386,1.222779631614685,1.0422314405441284,2.3552749156951904,0.5843089818954468,0.30008986592292786,1.766322135925293,0.5302361845970154,0.0,0.8009927272796631,0.38614538311958313,0.01468904223293066,0.03917909413576126,0.13674582540988922,13.448978424072266,72.80712890625,0.005997197236865759,0.005058083683252335,0.005615705158561468,0.0049189417622983456,-0.0014437725767493248,0.0065102288499474525,0.011785912327468395,0.9996168613433838,0.006353358272463083,0.011314688250422478,0.9953981041908264,0.006946189794689417,0.01273361872881651,0.9889503121376038,0.007299850229173899,0.012529512867331505,0.9973615407943726,0.008471963927149773,0.017457175999879837,0.9626577496528625,0.008830116130411625,0.018164992332458496,0.9659367203712463
Cerapachys_sulcinodis_CASENT0745635_processed.obj,Stage_2_deform_coarse,0.00014969069161452353,0.01415649801492691,0.006921141408383846,0.007235357072204351,0.016970926895737648,0.08251167088747025,0.3656698167324066,0.3727000057697296,0.3589000105857849,0.8332135081291199,0.8587333559989929,0.809166669845581,0.9757626056671143,0.9777666926383972,0.9737666845321655,0.9987818598747253,0.9975666999816895,1.0,0.8479543328285217,0.2089666724205017,1.2301048040390015,1.1858398914337158,2.343575954437256,0.5989623665809631,0.28378787636756897,1.940261960029602,0.50664222240448,0.0,0.8051310777664185,0.3954002261161804,0.012070797383785248,0.02977151609957218,0.18154148757457733,13.607209205627441,79.88092041015625,0.0069098141975700855,0.0011676062131300569,0.0016421471955254674,0.0011659536976367235,-0.002927118446677923,0.005347578786313534,0.009882449172437191,0.9973180294036865,0.0051580192521214485,0.009495863690972328,0.9990796446800232,0.007381017319858074,0.013143527321517467,0.991712749004364,0.0060617090202867985,0.010482752695679665,0.9947230219841003,0.007093304768204689,0.014549002051353455,0.985578179359436,0.0074292076751589775,0.015938792377710342,0.9756690859794617
Colobopsis_shohki_OKENT0105043_processed.obj,Stage_2_deform_coarse,0.0003431778750382364,0.020112279802560806,0.010564412921667099,0.009547865949571133,0.030324827879667282,0.09611868858337402,0.23774631321430206,0.23556667566299438,0.23996667563915253,0.6692985892295837,0.6702666878700256,0.6683333516120911,0.9059479832649231,0.8943666815757751,0.9178333282470703,0.9935324192047119,0.9877333641052246,0.9994000196456909,0.7430985569953918,0.3831000030040741,1.2545872926712036,1.2033237218856812,2.7196295261383057,0.5079172253608704,0.35154086351394653,2.0210070610046387,0.6301594376564026,0.0,0.7431474328041077,0.3108241856098175,0.019406335428357124,0.04715748131275177,0.24999618530273438,14.735218048095703,86.94309997558594,0.009289137087762356,0.003333022352308035,0.003976685460656881,0.0033161495812237263,-0.0027526835910975933,0.007350551895797253,0.016181008890271187,0.9766283631324768,0.008780213072896004,0.019045619294047356,0.9581224322319031,0.008462087251245975,0.015971537679433823,0.980663001537323,0.00807088240981102,0.016530252993106842,0.9709762930870056,0.00981958582997322,0.022812634706497192,0.9271182417869568,0.007143530994653702,0.013360354118049145,0.989051103591919
Crematogaster_evallans_CASENT0744252_processed.obj,Stage_2_deform_coarse,0.00040042540058493614,0.022043973207473755,0.01066947914659977,0.01137449312955141,0.027565060183405876,0.13867275416851044,0.19234013557434082,0.1977333426475525,0.1872333288192749,0.5950230360031128,0.634933352470398,0.5598333477973938,0.8813512325286865,0.9039000272750854,0.8598999977111816,0.9954674243927002,0.9915000200271606,0.9994666576385498,0.7354780435562134,0.37060001492500305,1.2871119976043701,1.0993657112121582,2.8902511596679688,0.5094598531723022,0.37023112177848816,2.070199489593506,0.6429652571678162,0.0,0.7432100176811218,0.3025563657283783,0.020030681043863297,0.04901089891791344,0.26629212498664856,15.062058448791504,82.22455596923828,0.008539487607777119,0.004591449163854122,0.005565796047449112,0.004596068058162928,-0.0042065707966685295,0.007668664678931236,0.015462696552276611,0.982758641242981,0.010398336686193943,0.022937549278140068,0.9199264049530029,0.008908960968255997,0.016084818169474602,0.980663001537323,0.009605041705071926,0.021108390763401985,0.9287599325180054,0.009983553551137447,0.022331219166517258,0.9332990050315857,0.008674660697579384,0.01629360020160675,0.9671532511711121
Dolichoderus_sibiricus_OKENT0105316_processed.obj,Stage_2_deform_coarse,0.0003420619759708643,0.02040978893637657,0.010724388994276524,0.009685400873422623,0.029593659564852715,0.11393451690673828,0.24261397123336792,0.2404666692018509,0.24480000138282776,0.644414484500885,0.6432333588600159,0.6456000208854675,0.8980982303619385,0.881933331489563,0.9148666858673096,0.9953673481941223,0.9914000034332275,0.9993667006492615,0.6890946626663208,0.3940333425998688,1.2701797485351562,1.1902145147323608,2.845207691192627,0.47620198130607605,0.3796347379684448,1.9598582983016968,0.658623456954956,0.0,0.6989242434501648,0.2586885392665863,0.020980998873710632,0.05590810254216194,0.23208151757717133,15.476802825927734,86.96868133544922,0.009256543591618538,0.0017825530376285315,0.002903604181483388,0.0017953058704733849,-0.005371946841478348,0.008114147000014782,0.019154077395796776,0.9570881724357605,0.008434162475168705,0.01820160076022148,0.964104950428009,0.007821187376976013,0.015410314314067364,0.991712749004364,0.007918938994407654,0.015205305069684982,0.9894459247589111,0.009898480959236622,0.024999629706144333,0.9150142073631287,0.0074176792986691,0.014029228128492832,0.9829683899879456
Dorylus_afrc-gh01_CASENT0744686_processed.obj,Stage_2_deform_coarse,0.0002467808953952044,0.01875036396086216,0.008681762963533401,0.010068600997328758,0.02345237322151661,0.07118111848831177,0.1985708624124527,0.20676666498184204,0.19099999964237213,0.6635836362838745,0.7155333161354065,0.6186666488647461,0.9410380721092224,0.9663333296775818,0.917033314704895,0.9993999600410461,0.9993333220481873,0.9994666576385498,0.7848482728004456,0.37343335151672363,1.2353078126907349,1.0792443752288818,2.4797887802124023,0.5730957984924316,0.31136181950569153,1.876037359237671,0.5463030338287354,0.0,0.7936206459999084,0.3765711784362793,0.015961214900016785,0.04329041391611099,0.28458383679389954,14.209904670715332,76.89418029785156,0.006812033709138632,0.004246936645358801,0.0048952605575323105,0.0042930906638503075,-0.00024816906079649925,0.0075400033965706825,0.014240201562643051,0.9957854747772217,0.007507348898798227,0.013580975122749805,0.9953981041908264,0.009812823496758938,0.02149113640189171,0.930939257144928,0.0073523023165762424,0.013525991700589657,0.9947230219841003,0.008178388699889183,0.015924029052257538,0.9799124598503113,0.009290073998272419,0.022112678736448288,0.9343065619468689
Dorylus_fulvus_CASENT0745670_processed.obj,Stage_2_deform_coarse,0.00016021094052121043,0.01527535542845726,0.007004841230809689,0.008270514197647572,0.01953120343387127,0.0570162832736969,0.29255276918411255,0.30489999055862427,0.281166672706604,0.7902734279632568,0.8401333689689636,0.7459999918937683,0.9720256328582764,0.9910333156585693,0.9537333250045776,0.999916672706604,1.0,0.999833345413208,0.8209747672080994,0.2213333398103714,1.2120234966278076,1.0511255264282227,2.2609469890594482,0.6123326420783997,0.2796000838279724,1.7617665529251099,0.48717090487480164,0.0,0.8132205009460449,0.3970657289028168,0.012385855428874493,0.029421087354421616,0.1509760022163391,13.682709693908691,78.30220794677734,0.007170562166720629,0.01173004787415266,0.012221499346196651,0.011759394779801369,0.0008504064753651619,0.006138534285128117,0.011010171845555305,0.9984674453735352,0.005804519169032574,0.010822825133800507,1.0,0.008275206200778484,0.015544936060905457,0.980663001537323,0.0069557721726596355,0.011524478904902935,0.9973615407943726,0.0070440154522657394,0.01317543350160122,0.9904713034629822,0.00728133600205183,0.015001252293586731,0.9817517995834351
Dorylus_fulvus_CASENT0745674_processed.obj,Stage_2_deform_coarse,0.00024430459598079324,0.017586220055818558,0.008233942091464996,0.009352278895676136,0.022233717143535614,0.21210938692092896,0.25519314408302307,0.26510000228881836,0.2460000067949295,0.7179387807846069,0.7739333510398865,0.6694999933242798,0.9475281238555908,0.9675333499908447,0.9283333420753479,0.9970605373382568,0.9945999979972839,0.9995333552360535,0.8202728033065796,0.23963333666324615,1.3032126426696777,1.3573564291000366,2.7765960693359375,0.5743481516838074,0.3335997462272644,2.1557888984680176,0.5837488174438477,0.0,0.7894018888473511,0.3605642318725586,0.016368752345442772,0.04229480400681496,0.20052972435951233,14.454198837280273,87.02821350097656,0.009126169607043266,0.020238075405359268,0.02099722810089588,0.02039693109691143,-0.0028966665267944336,0.006861354224383831,0.014128423295915127,0.9892720580101013,0.008265736512839794,0.01861482672393322,0.9613437652587891,0.007907266728579998,0.014536460861563683,0.9834254384040833,0.008377754129469395,0.016601303592324257,0.9656992554664612,0.008283414877951145,0.01570201851427555,0.9848055839538574,0.010187357664108276,0.025688443332910538,0.9099756479263306
Dorylus_fulvus_CASENT0745675_processed.obj,Stage_2_deform_coarse,0.00016190914902836084,0.01516688708215952,0.00727012287825346,0.00789676420390606,0.01759055070579052,0.07674018293619156,0.30661243200302124,0.3150666654109955,0.2986000180244446,0.7970320582389832,0.8289666771888733,0.76746666431427,0.9719981551170349,0.9762666821479797,0.9677667021751404,0.9999000430107117,1.0,0.9998000264167786,0.825272262096405,0.22386667132377625,1.1822700500488281,0.8911142945289612,2.2499587535858154,0.5676751732826233,0.2874480187892914,1.6039599180221558,0.5151368975639343,0.0,0.7928186655044556,0.37308618426322937,0.013880651444196701,0.03295262157917023,0.2135838270187378,13.480195999145508,73.6378402709961,0.006290538236498833,0.0131740253418684,0.014324330724775791,0.013245160691440105,-0.00036002881824970245,0.006074268836528063,0.011091905646026134,0.9988505840301514,0.005785697139799595,0.010489517822861671,1.0,0.007644200697541237,0.014053014107048512,0.980663001537323,0.006953149102628231,0.012543593533337116,1.0,0.007542488165199757,0.01459905132651329,0.9824877977371216,0.006664210930466652,0.011928770691156387,0.9963503479957581
Dorylus_fulvus_CASENT0745677_processed.obj,Stage_2_deform_coarse,0.000201037444639951,0.016584772616624832,0.008073963224887848,0.008510809391736984,0.02042393572628498,0.0592927485704422,0.2880084216594696,0.29413333535194397,0.2821333408355713,0.7486298084259033,0.7736999988555908,0.7251333594322205,0.9498192071914673,0.9535000324249268,0.9461666941642761,0.9998833537101746,0.9997667074203491,1.0,0.8128612041473389,0.23990000784397125,1.2707198858261108,1.1938194036483765,2.6399307250976562,0.5136952996253967,0.3544923961162567,2.0637762546539307,0.6231173276901245,0.0,0.7571924924850464,0.3313496708869934,0.018370753154158592,0.04445561394095421,0.23864994943141937,14.789278030395508,86.17326354980469,0.009256543591618538,0.020298106595873833,0.020870530977845192,0.020279305055737495,-0.0040395502001047134,0.007011175621300936,0.01570982299745083,0.9716475009918213,0.009214776568114758,0.02208184450864792,0.9360331296920776,0.00771793257445097,0.01402538176625967,0.9861878752708435,0.008170747198164463,0.015547006390988827,0.9973615407943726,0.008843405172228813,0.019040992483496666,0.9582796692848206,0.0081942705437541,0.018118122592568398,0.9647201895713806
Euprenolepis_cf.wittei_CASENT0878049_processed.obj,Stage_2_deform_coarse,0.00022086483659222722,0.016111252829432487,0.008356742560863495,0.007754510268568993,0.022953875362873077,0.07548075914382935,0.34147465229034424,0.34976667165756226,0.33356666564941406,0.7767481803894043,0.7904999852180481,0.7634666562080383,0.9507883787155151,0.9373666644096375,0.9646000266075134,0.9963198304176331,0.9926666617393494,1.0,0.7650004625320435,0.2627333402633667,1.2593579292297363,1.1325013637542725,2.6810059547424316,0.5546508431434631,0.3226974904537201,1.9583147764205933,0.5704114437103271,0.0,0.7715821862220764,0.3280467391014099,0.014867675490677357,0.03851671516895294,0.21792413294315338,14.273695945739746,85.8023910522461,0.008995795622467995,0.05696161836385727,0.05794134736061096,0.05748438090085983,0.008349012583494186,0.007489007897675037,0.017881302163004875,0.9620689749717712,0.004601416643708944,0.008954014629125595,1.0,0.007040560245513916,0.009962301701307297,0.991712749004364,0.007417704444378614,0.015466145239770412,0.9656992554664612,0.00747670466080308,0.015704883262515068,0.9793974161148071,0.006898771971464157,0.013378559611737728,0.985401451587677
Formica_cf.fusca_CASENT0878143_processed.obj,Stage_2_deform_coarse,7.366268255282193e-05,0.010416505858302116,0.005163525231182575,0.005252980627119541,0.010404854081571102,0.04882652685046196,0.5593261122703552,0.5741666555404663,0.5452333688735962,0.9438902139663696,0.9469333291053772,0.9408666491508484,0.9942461848258972,0.9923000335693359,0.9962000250816345,1.0,1.0,1.0,0.8690804243087769,0.07893333584070206,1.184688925743103,0.9664179682731628,2.206533670425415,0.6342121958732605,0.2625279426574707,1.626633644104004,0.45804062485694885,0.0,0.8153675198554993,0.42001238465309143,0.008722353726625443,0.02106430195271969,0.07715408504009247,13.902335166931152,84.18171691894531,0.008898015134036541,0.00667000375688076,0.007661070674657822,0.006761327851563692,-0.00131896510720253,0.00476740300655365,0.009720144793391228,0.9977011680603027,0.004512897692620754,0.008427735418081284,0.9972388744354248,0.005388867110013962,0.00865232665091753,0.9944751858711243,0.005204762797802687,0.00921765435487032,1.0,0.005481972359120846,0.009847321547567844,0.9987123608589172,0.004979155957698822,0.00902610458433628,0.9902676343917847
Hypoponera_sp._CASENT0744201_processed.obj,Stage_2_deform_coarse,0.0001620215189177543,0.014996662735939026,0.007152281701564789,0.007844381034374237,0.017512576654553413,0.0703076645731926,0.3193969130516052,0.33090001344680786,0.3086666762828827,0.8035464882850647,0.8351666927337646,0.774233341217041,0.9728381037712097,0.9781333208084106,0.9675999879837036,0.9995500445365906,0.999666690826416,0.9994333386421204,0.8133158683776855,0.27709999680519104,1.1878917217254639,0.9590095281600952,2.209596633911133,0.5889150500297546,0.28429245948791504,1.62172269821167,0.5117564797401428,0.0,0.7677533626556396,0.34849104285240173,0.013230649754405022,0.031219111755490303,0.2271208018064499,13.353470802307129,71.17178344726562,0.005149767268449068,0.018633821979165077,0.019343184307217598,0.0195881687104702,-0.001703573390841484,0.006405689287930727,0.011806915514171124,0.9957854747772217,0.005900286603718996,0.010575946420431137,0.9990796446800232,0.00806731078773737,0.012908692471683025,0.9972376227378845,0.006895204074680805,0.01270345225930214,0.9973615407943726,0.006714852061122656,0.013429040089249611,0.992789089679718,0.0073097203858196735,0.014192705042660236,0.9817517995834351
Lasius_fuliginosus_CASENT0745541_processed.obj,Stage_2_deform_coarse,0.0001766544592101127,0.015281850472092628,0.007463906891644001,0.007817943580448627,0.01798173226416111,0.06330077350139618,0.3371122479438782,0.34406667947769165,0.33043333888053894,0.794764518737793,0.8235000371932983,0.7679666876792908,0.963111400604248,0.9608666896820068,0.9653666615486145,0.9991999864578247,0.9990333318710327,0.9993667006492615,0.7833527326583862,0.21913333237171173,1.1810790300369263,0.974005401134491,2.3084776401519775,0.5642942190170288,0.2928173542022705,1.6659470796585083,0.5261989235877991,0.0,0.788065493106842,0.3540162444114685,0.011968151666224003,0.02694059908390045,0.17789258062839508,13.782196998596191,76.00115966796875,0.006257944740355015,0.022388890385627747,0.02297385223209858,0.022812088951468468,-0.0012727491557598114,0.005641536321491003,0.010594744235277176,0.9984674453735352,0.005597488954663277,0.010403905063867569,0.9986194372177124,0.009280326776206493,0.01919470727443695,0.9585635662078857,0.006688303779810667,0.011990772560238838,0.9894459247589111,0.007849575020372868,0.015564772300422192,0.9775946736335754,0.007708157878369093,0.015561539679765701,0.970802903175354
Leptogenys_birmana_CASENT0741330_processed.obj,Stage_2_deform_coarse,0.00031403818866238,0.01991501823067665,0.010044551454484463,0.009870466776192188,0.026702838018536568,0.08166692405939102,0.21304267644882202,0.21793334186077118,0.20836666226387024,0.6528979539871216,0.6792666912078857,0.6284999847412109,0.9193167090415955,0.9192667007446289,0.9193666577339172,0.9947758913040161,0.9898999929428101,0.9997000098228455,0.7760279774665833,0.2680666744709015,1.3068265914916992,1.4452706575393677,2.9353058338165283,0.5356912016868591,0.3503689169883728,2.222831964492798,0.6270245313644409,0.0,0.767613410949707,0.3252006769180298,0.01873001828789711,0.04866741970181465,0.21634088456630707,14.393165588378906,83.5130844116211,0.00805058516561985,0.014568223617970943,0.01533653773367405,0.014438064768910408,0.004523712210357189,0.007847795262932777,0.016175176948308945,0.9735632538795471,0.0073358649387955666,0.014316065236926079,0.9834330677986145,0.008978613652288914,0.01788548193871975,0.9668508768081665,0.00839957594871521,0.016874440014362335,0.9841688871383667,0.010548376478254795,0.025781545788049698,0.9108936786651611,0.00857900083065033,0.015732761472463608,0.9781022071838379
Leptogenys_gaigei_CASENT0878114_processed.obj,Stage_2_deform_coarse,0.00030559214064851403,0.01830330118536949,0.009386652149260044,0.008916648104786873,0.02213229238986969,0.14906209707260132,0.24218390882015228,0.24503333866596222,0.2393999993801117,0.7120987176895142,0.731166660785675,0.6940000057220459,0.9468182921409607,0.9401000142097473,0.9536333680152893,0.9940494894981384,0.9899333715438843,0.998199999332428,0.802386999130249,0.15983334183692932,1.2595219612121582,1.0809779167175293,2.591096878051758,0.5725756883621216,0.32031166553497314,1.8491053581237793,0.545291543006897,0.0,0.7774445414543152,0.32231318950653076,0.018033716827630997,0.04780410975217819,0.40568068623542786,14.040656089782715,80.5616683959961,0.007789837662130594,0.003839644370600581,0.0045559159480035305,0.003951462917029858,-0.0005664944183081388,0.006427076645195484,0.012644841335713863,0.994636058807373,0.007590313907712698,0.018016427755355835,0.9654855132102966,0.009425325319170952,0.0165187306702137,0.9861878752708435,0.008027340285480022,0.014530516229569912,1.0,0.009452828206121922,0.021699531003832817,0.9412825107574463,0.009233128279447556,0.02078709565103054,0.9476885795593262
Leptogenys_intermedia_CASENT0744954_processed.obj,Stage_2_deform_coarse,0.00012872884690295905,0.012672415003180504,0.006302943918853998,0.006369470618665218,0.01335957646369934,0.10186705738306046,0.43596476316452026,0.44670000672340393,0.4257333278656006,0.8821970224380493,0.9002000093460083,0.8648999929428101,0.9876255989074707,0.9848666787147522,0.9904000163078308,0.9981819987297058,0.9970333576202393,0.9993333220481873,0.835821807384491,0.11869999766349792,1.2065330743789673,1.0966140031814575,2.257875919342041,0.6074958443641663,0.27913761138916016,1.788502812385559,0.5019614100456238,0.0,0.7912557125091553,0.36624786257743835,0.012087230570614338,0.028731442987918854,0.2425513118505478,13.333898544311523,75.3157958984375,0.005899416748434305,0.010036394000053406,0.010561026632785797,0.010856359265744686,-0.001311696134507656,0.004923088476061821,0.009077398106455803,0.9988505840301514,0.004784524906426668,0.008477075956761837,0.9990796446800232,0.006940462626516819,0.011905843392014503,0.9972376227378845,0.005307857878506184,0.00857539288699627,1.0,0.0064787729643285275,0.012117854319512844,0.9884110689163208,0.006711046677082777,0.014125026762485504,0.9768856167793274
Leptogenys_intermedia_CASENT0744955_processed.obj,Stage_2_deform_coarse,0.00022492007701657712,0.015945058315992355,0.008209598250687122,0.00773546053096652,0.02154737524688244,0.13238920271396637,0.33364638686180115,0.34173333644866943,0.3259333372116089,0.7881171107292175,0.8062666654586792,0.7707666754722595,0.9570844173431396,0.9429333209991455,0.971666693687439,0.9970476031303406,0.9955000281333923,0.9986000061035156,0.7863738536834717,0.2444666624069214,1.2391715049743652,1.120898723602295,2.6138200759887695,0.542361855506897,0.32675454020500183,1.846998929977417,0.5851559042930603,0.0,0.7681628465652466,0.3414047956466675,0.01680043712258339,0.0442892424762249,0.25831225514411926,14.182374000549316,85.01483917236328,0.00906098261475563,0.017987795174121857,0.01956341043114662,0.018670760095119476,-0.0019580386579036713,0.006289292126893997,0.012515909038484097,0.9938697814941406,0.0052270167507231236,0.009727003052830696,0.999539852142334,0.007297114934772253,0.012732009403407574,0.9889503121376038,0.005560352001339197,0.009844680316746235,1.0,0.008506572805345058,0.02115352638065815,0.9446304440498352,0.007445955649018288,0.015774985775351524,0.9610705375671387
Megaponera_analis_CASENT0744960_processed.obj,Stage_2_deform_coarse,0.00023469090228900313,0.016891110688447952,0.008624273352324963,0.008266836404800415,0.0212753564119339,0.10354964435100555,0.2988151013851166,0.3052999973297119,0.29260000586509705,0.7455828785896301,0.7643666863441467,0.7276999950408936,0.9505373239517212,0.9419333338737488,0.9592999815940857,0.9963534474372864,0.992733359336853,1.0,0.7827275395393372,0.28156667947769165,1.330864667892456,1.3548692464828491,2.9990811347961426,0.5423985719680786,0.36158066987991333,2.3472046852111816,0.6495625376701355,0.0,0.7757987380027771,0.33619430661201477,0.017203114926815033,0.04117809236049652,0.1967647224664688,14.863238334655762,87.67631530761719,0.009517291560769081,0.03637522831559181,0.03729800134897232,0.036709170788526535,0.00533599779009819,0.00781573448330164,0.017369559034705162,0.9681992530822754,0.005403195042163134,0.009839506819844246,0.9986194372177124,0.0081329932436347,0.014514715410768986,0.991712749004364,0.007169020362198353,0.014830905012786388,0.9868074059486389,0.0077915736474096775,0.017193051055073738,0.965748131275177,0.007570824585855007,0.014627654105424881,0.9768856167793274
Microdaceton_tibialis_CASENT0745552_processed.obj,Stage_2_deform_coarse,0.00016157401842065156,0.014642111025750637,0.007208784110844135,0.007433326914906502,0.01673201099038124,0.08271715044975281,0.34738272428512573,0.3559333384037018,0.3392333388328552,0.8105254769325256,0.8363666534423828,0.7862333655357361,0.9776666164398193,0.977400004863739,0.9779333472251892,0.9981800317764282,0.9963666796684265,1.0,0.8136855959892273,0.09373333305120468,1.1704778671264648,0.903063178062439,2.2224602699279785,0.5973447561264038,0.2766907513141632,1.580307126045227,0.4888802468776703,0.0,0.7947530150413513,0.37104368209838867,0.013931875117123127,0.037562061101198196,0.2981301248073578,13.49940013885498,72.57356262207031,0.005247547756880522,0.005868481006473303,0.006527707912027836,0.005942004267126322,-0.001903508324176073,0.00582452118396759,0.011145059019327164,0.9961686134338379,0.005619628820568323,0.010465753264725208,0.999539852142334,0.008597084321081638,0.019080745056271553,0.961326003074646,0.0070736645720899105,0.013342183083295822,0.9920845031738281,0.007637260016053915,0.014928280375897884,0.9804275035858154,0.007131621707230806,0.012807835824787617,0.9841849207878113
Mycetagroicus_inflatus_CASENT0745121_processed.obj,Stage_2_deform_coarse,0.0001757807331159711,0.01589627005159855,0.0074754031375050545,0.008420866914093494,0.018998147919774055,0.06759140640497208,0.28365108370780945,0.2934333384037018,0.2745000123977661,0.7646788954734802,0.806600034236908,0.7268999814987183,0.9696387648582458,0.9801333546638489,0.9593666791915894,0.9998666644096375,1.0,0.9997333288192749,0.7800981402397156,0.26296666264533997,1.2220481634140015,1.7948720455169678,2.3240699768066406,0.5664218068122864,0.29903629422187805,1.9233707189559937,0.5337768197059631,0.0,0.7980252504348755,0.3799290359020233,0.014334614388644695,0.03486018255352974,0.29019200801849365,13.810836791992188,76.3656005859375,0.00648609921336174,0.0006510291714221239,0.0015252202283591032,0.0006802646676078439,-0.009467760100960732,0.00609130272641778,0.011364036239683628,0.9992337226867676,0.006134687922894955,0.011009993962943554,0.999539852142334,0.007433038670569658,0.01358875073492527,0.9889503121376038,0.007605124730616808,0.013948945328593254,0.9947230219841003,0.007598157040774822,0.014732263050973415,0.9850631356239319,0.007841736078262329,0.01621898077428341,0.9866179823875427
Myrmelachista_nodigera_CASENT0709257_processed.obj,Stage_2_deform_coarse,0.00012130299001000822,0.013244418427348137,0.006483377423137426,0.006761041469871998,0.014747773297131062,0.0681879073381424,0.3963281810283661,0.4034000039100647,0.3894999921321869,0.8555853366851807,0.87090003490448,0.8407999873161316,0.98494952917099,0.985633373260498,0.9842666983604431,0.9998666644096375,1.0,0.9997333288192749,0.8670626878738403,0.08373333513736725,1.1923248767852783,0.9306107759475708,2.2539265155792236,0.5968512892723083,0.28494906425476074,1.6606323719024658,0.5043229460716248,0.0,0.8070887923240662,0.4112362563610077,0.01151563785970211,0.025061963126063347,0.12047726660966873,13.725363731384277,76.7077865600586,0.006877220701426268,0.008228970691561699,0.008756223134696484,0.008342154324054718,-0.00020505674183368683,0.005468429531902075,0.010122784413397312,0.9973180294036865,0.0050688330084085464,0.009760686196386814,0.999539852142334,0.008979585953056812,0.016249116510152817,0.9861878752708435,0.007898138836026192,0.016165142878890038,0.9815303683280945,0.007444960996508598,0.014743671752512455,0.9894411563873291,0.007526727858930826,0.01563487946987152,0.974452555179596
Myrmoteras_sp._CASENT0745623_processed.obj,Stage_2_deform_coarse,0.0001752867829054594,0.014757449738681316,0.00767170125618577,0.007085748482495546,0.019664878025650978,0.06079501286149025,0.372536838054657,0.375900000333786,0.3692333400249481,0.8176912665367126,0.8203666806221008,0.8150333166122437,0.9654881954193115,0.9513999819755554,0.9800000190734863,0.9989491701126099,0.9980666637420654,0.999833345413208,0.7730114459991455,0.2399333417415619,1.168487548828125,0.9459341168403625,2.227135181427002,0.5441716313362122,0.3019223213195801,1.6302043199539185,0.5369071364402771,0.0,0.7729911208152771,0.3368607461452484,0.014043599367141724,0.033087410032749176,0.15153731405735016,13.861997604370117,76.6494140625,0.006420912221074104,0.02070561610162258,0.021261239424347878,0.020649561658501625,-1.0222196578979492e-05,0.005591155029833317,0.011098909191787243,0.9908046126365662,0.005486664362251759,0.009785506874322891,1.0,0.006676198448985815,0.012943667359650135,0.9861878752708435,0.006605516187846661,0.011628870852291584,1.0,0.007079606875777245,0.0155470697209239,0.9752768874168396,0.006909495685249567,0.013760173693299294,0.9939172863960266
Neivamyrmex_cf.diana_CASENT0744107_processed.obj,Stage_2_deform_coarse,0.0002025969442911446,0.016046885401010513,0.007828513160347939,0.008218372240662575,0.018091948702931404,0.08942198753356934,0.2760215401649475,0.286133348941803,0.26660001277923584,0.7869932651519775,0.8161666989326477,0.7598333358764648,0.9667184948921204,0.9705333709716797,0.962933361530304,0.9965134263038635,0.9947333335876465,0.9983000159263611,0.8179734349250793,0.22339999675750732,1.2036954164505005,0.9264308214187622,2.217474937438965,0.5954331755638123,0.28760039806365967,1.639323353767395,0.5043992400169373,0.0,0.8024128675460815,0.3749948740005493,0.013443662784993649,0.03064792789518833,0.3205336332321167,13.8060941696167,74.37214660644531,0.0055734822526574135,0.006930595263838768,0.008221864700317383,0.0070578670129179955,-0.00924777239561081,0.00614040344953537,0.010667845606803894,0.9996168613433838,0.006117560435086489,0.011149576865136623,0.9963184595108032,0.007905256003141403,0.016186492517590523,0.972375750541687,0.007023048121482134,0.012725980021059513,1.0,0.007338952273130417,0.014341343194246292,0.9822302460670471,0.007396221160888672,0.01466894056648016,0.9817517995834351
Neivamyrmex_cf.hetschkoi_CASENT0744506_processed.obj,Stage_2_deform_coarse,0.00013545075489673764,0.013788963668048382,0.006521725095808506,0.007267238572239876,0.01623796485364437,0.05775370076298714,0.3634280860424042,0.37263333797454834,0.35466668009757996,0.8486410975456238,0.8835333585739136,0.8163999915122986,0.9811645746231079,0.9883666634559631,0.9740666747093201,0.9995166063308716,0.9993333220481873,0.9997000098228455,0.8477351665496826,0.164533331990242,1.1794686317443848,0.956730306148529,2.0167236328125,0.6553784012794495,0.24917800724506378,1.6130833625793457,0.4374033808708191,0.0,0.8073146939277649,0.3922639489173889,0.009821833111345768,0.021958274766802788,0.15627071261405945,13.411949157714844,73.70130920410156,0.006192758213728666,0.02241167612373829,0.02284616231918335,0.022777974605560303,0.003603952005505562,0.005366693716496229,0.009952127933502197,0.9996168613433838,0.005050021689385176,0.009457962587475777,1.0,0.008922257460653782,0.014720245264470577,0.980663001537323,0.006085549481213093,0.010705014690756798,0.9973615407943726,0.006833015941083431,0.011743967421352863,0.9981973171234131,0.006199358496814966,0.010248185135424137,0.9975668787956238
Neoponera_commutata_CASENT0744610_processed.obj,Stage_2_deform_coarse,0.00020103980205021799,0.015020586550235748,0.007802621461451054,0.007217965088784695,0.01913982257246971,0.09981901198625565,0.359101265668869,0.369133323431015,0.34960001707077026,0.819828987121582,0.8359333276748657,0.8043333292007446,0.9655245542526245,0.9532999992370605,0.9780666828155518,0.9952441453933716,0.9905333518981934,1.0,0.7879177331924438,0.18549999594688416,1.2580029964447021,1.1187551021575928,2.6836886405944824,0.5738106966018677,0.3221791982650757,2.0003278255462646,0.558231770992279,0.0,0.7757515907287598,0.3525681495666504,0.014413397759199142,0.03799089044332504,0.29814696311950684,14.579120635986328,87.0957260131836,0.009289137087762356,0.08709883689880371,0.08927910029888153,0.08964598178863525,0.009202301502227783,0.006516726221889257,0.014386060647666454,0.9785440564155579,0.005221860017627478,0.010249574668705463,0.9976990222930908,0.0071549261920154095,0.014925830066204071,0.980663001537323,0.005813591182231903,0.010511987842619419,1.0,0.006896174978464842,0.014388786628842354,0.9840329885482788,0.007775875274091959,0.015014193020761013,0.9647201895713806
Nomamyrmex_esenbeckii_CASENT0744586_processed.obj,Stage_2_deform_coarse,0.00015267539129126817,0.013478204607963562,0.007236601784825325,0.006241603288799524,0.019688766449689865,0.06400749087333679,0.45149466395378113,0.4546666741371155,0.4483666718006134,0.8495564460754395,0.836400032043457,0.8631333708763123,0.9719247221946716,0.9512667059898376,0.9934999942779541,0.998631477355957,0.9972666501998901,1.0,0.7208117246627808,0.186966672539711,1.321172833442688,1.4032623767852783,3.0917205810546875,0.5350774526596069,0.3621954023838043,2.32523250579834,0.6572169065475464,0.0,0.7613885402679443,0.34344860911369324,0.014420837163925171,0.033900186419487,0.15525409579277039,14.967586517333984,92.58037567138672,0.010723249055445194,0.016636481508612633,0.017970673739910126,0.0166768915951252,-0.0018062237650156021,0.0050864084623754025,0.010432388633489609,0.99042147397995,0.004951007664203644,0.00949754286557436,0.9976990222930908,0.0064056855626404285,0.014330091886222363,0.9861878752708435,0.005419347435235977,0.009640205651521683,1.0,0.006625793408602476,0.014484081417322159,0.978367269039154,0.006578339729458094,0.013752590864896774,0.9756690859794617
Odontomachus_bauri_CASENT0878072_processed.obj,Stage_2_deform_coarse,0.0001600018294993788,0.013577369973063469,0.007148182950913906,0.006429187022149563,0.019602516666054726,0.09402939677238464,0.43126359581947327,0.4342000186443329,0.42836666107177734,0.8655650615692139,0.8601000308990479,0.8711000084877014,0.9688964486122131,0.9516000151634216,0.9868333339691162,0.9976492524147034,0.9967666864395142,0.9985333681106567,0.8182256817817688,0.09206666797399521,1.2073181867599487,1.0924358367919922,2.3839364051818848,0.5968309640884399,0.2880111336708069,1.697701096534729,0.5156510472297668,0.0,0.7800907492637634,0.36521732807159424,0.012468734756112099,0.02768724225461483,0.3102431297302246,13.671480178833008,77.57178497314453,0.006746846716850996,0.005414977669715881,0.00609310157597065,0.005420997738838196,-0.0017224643379449844,0.005185567308217287,0.010548757389187813,0.9915708899497986,0.005028223153203726,0.009271792136132717,0.9976990222930908,0.0063247536309063435,0.011654898524284363,0.9834254384040833,0.006863337475806475,0.013423656113445759,0.9947230219841003,0.006878410466015339,0.014160871505737305,0.9801700115203857,0.0073580206371843815,0.017861230298876762,0.956204354763031
Parasyscia_sp._CASENT0878063_processed.obj,Stage_2_deform_coarse,0.000221202993998304,0.01701214909553528,0.008274356834590435,0.008737793192267418,0.020540717989206314,0.10122566670179367,0.2664850950241089,0.27543333172798157,0.2581000030040741,0.7399896383285522,0.7753666639328003,0.7077000141143799,0.9515131711959839,0.9587000012397766,0.944433331489563,0.9978456497192383,0.9957666993141174,0.9999333620071411,0.8015864491462708,0.22910000383853912,1.2558802366256714,1.2864089012145996,2.6462857723236084,0.5468646287918091,0.3300234079360962,2.1216483116149902,0.6011899709701538,0.0,0.7676958441734314,0.34689027070999146,0.016081320121884346,0.04399814456701279,0.2887331545352936,14.793522834777832,86.01981353759766,0.00906098261475563,0.006568312644958496,0.007469991687685251,0.0065582264214754105,-0.0008883834816515446,0.008200832642614841,0.018755294382572174,0.9586207270622253,0.006379240192472935,0.011737653985619545,0.9958582520484924,0.008238239213824272,0.015656670555472374,0.9889503121376038,0.007133462931960821,0.012821061536669731,1.0,0.008367734961211681,0.0166618674993515,0.9732165932655334,0.007223807740956545,0.013852402567863464,0.9939172863960266
Pheidole_megacephala_CASENT0744846_processed.obj,Stage_2_deform_coarse,0.0002768931444734335,0.01931622065603733,0.009350457228720188,0.009965763427317142,0.023588789626955986,0.08829139918088913,0.20713025331497192,0.21050000190734863,0.20386667549610138,0.6567354798316956,0.6880666613578796,0.6281333565711975,0.928966760635376,0.9422000050544739,0.916100025177002,0.9980466961860657,0.996233344078064,0.9998666644096375,0.8039069771766663,0.3702000081539154,1.300920844078064,1.2244222164154053,2.6485049724578857,0.5509491562843323,0.34424272179603577,2.2792367935180664,0.612258791923523,0.0,0.7688615322113037,0.33618196845054626,0.019356051459908485,0.048500411212444305,0.19970205426216125,14.614898681640625,85.51461791992188,0.008865421637892723,0.010324006900191307,0.011206269264221191,0.010343720205128193,-0.0032991040498018265,0.0072755590081214905,0.014210542663931847,0.9896551966667175,0.009796715341508389,0.020416993647813797,0.943856418132782,0.007401247974485159,0.013150905258953571,1.0,0.008648890070617199,0.01667458564043045,0.97625333070755,0.008534050546586514,0.01670008711516857,0.9742467403411865,0.008644245564937592,0.01843954622745514,0.9586374759674072
Polyergus_rufescens_CASENT0745190_processed.obj,Stage_2_deform_coarse,0.0003405901661608368,0.019871622323989868,0.010403751395642757,0.009467869997024536,0.03124658577144146,0.08873894810676575,0.2221357822418213,0.2254333347082138,0.2189333289861679,0.676224410533905,0.6939666867256165,0.6593666672706604,0.9205406904220581,0.9099000096321106,0.9314333200454712,0.9907745122909546,0.982200026512146,0.999500036239624,0.7601843476295471,0.2846333384513855,1.282051682472229,1.3005154132843018,2.768277883529663,0.5351112484931946,0.34784555435180664,2.1409912109375,0.6166579127311707,0.0,0.7625350952148438,0.3186388909816742,0.019053367897868156,0.043124306946992874,0.3381722867488861,14.518501281738281,88.9111557006836,0.00968025904148817,0.05078151822090149,0.05156228691339493,0.050626739859580994,0.023204771801829338,0.007368109188973904,0.014099158346652985,0.9885057806968689,0.008056572638452053,0.01568950153887272,0.9820525050163269,0.008495970629155636,0.018512781709432602,0.9696133136749268,0.008235515095293522,0.016178585588932037,0.9920845031738281,0.00951282400637865,0.021310580894351006,0.9423126578330994,0.008977891877293587,0.017817920073866844,0.9610705375671387
Polyrhachis_illaudata_CASENT0877572_processed.obj,Stage_2_deform_coarse,0.00019679877732414752,0.016386844217777252,0.007919133640825748,0.00846770964562893,0.01921173185110092,0.05975964292883873,0.2870807945728302,0.29750001430511475,0.27736666798591614,0.7541859745979309,0.8008000254631042,0.7127000093460083,0.9571665525436401,0.9574999809265137,0.9568333625793457,0.999916672706604,0.9999333620071411,0.9998999834060669,0.8130509257316589,0.2796333432197571,1.2636786699295044,1.113411784172058,2.6193137168884277,0.5432037115097046,0.3317946493625641,1.9750895500183105,0.5849524140357971,0.0,0.7703306078910828,0.3293733298778534,0.017555221915245056,0.043677251785993576,0.20056946575641632,14.256109237670898,82.18519592285156,0.007985398173332214,0.007492867298424244,0.00824799481779337,0.00754050025716424,-0.00026537198573350906,0.006205955520272255,0.011711157858371735,0.9954023361206055,0.006462351884692907,0.01199908833950758,0.9921767115592957,0.00795059185475111,0.017005212604999542,0.9640884399414062,0.0068300459533929825,0.011751624755561352,1.0,0.007773512043058872,0.015572784468531609,0.978367269039154,0.007029959931969643,0.01309819146990776,0.9951338171958923
Poneracantha_triangularis_CASENT0744645_processed.obj,Stage_2_deform_coarse,0.0002130803040927276,0.01674412563443184,0.008278347551822662,0.008465778082609177,0.02063441090285778,0.0674927607178688,0.29378193616867065,0.3043000102043152,0.28396666049957275,0.7381247282028198,0.7757666707038879,0.7039666771888733,0.9517596364021301,0.9470333456993103,0.9565333724021912,0.9987488985061646,0.9976666569709778,0.999833345413208,0.7269267439842224,0.2956666648387909,1.3125214576721191,1.439827799797058,2.813764810562134,0.5466994047164917,0.34426870942115784,2.2993621826171875,0.6045659780502319,0.0,0.7600440382957458,0.34133681654930115,0.014902829192578793,0.03691185265779495,0.20226475596427917,15.308272361755371,92.97811126708984,0.010853623040020466,0.017135001718997955,0.017791474238038063,0.016690272837877274,0.003850589506328106,0.006960087921470404,0.014566515572369099,0.9835249185562134,0.005585045088082552,0.0103336526080966,0.9963184595108032,0.00813970249146223,0.02040957659482956,0.9447514414787292,0.007621838245540857,0.015143338590860367,0.9894459247589111,0.007976763881742954,0.017257729545235634,0.9698686599731445,0.00778343016281724,0.018379192799329758,0.9647201895713806
Probolomyrmex_sp._CASENT0744992_processed.obj,Stage_2_deform_coarse,0.00020020408555865288,0.016545144841074944,0.007914246991276741,0.008630897849798203,0.01967429369688034,0.06883827596902847,0.273385614156723,0.2818666696548462,0.2653999924659729,0.7496772408485413,0.7894333600997925,0.7137333154678345,0.9597189426422119,0.966533362865448,0.953000009059906,0.9992333054542542,0.9991999864578247,0.9992666840553284,0.8082085847854614,0.2437666654586792,1.254565715789795,1.1981393098831177,2.550219774246216,0.5773100852966309,0.30774959921836853,2.112971544265747,0.5538487434387207,0.0,0.7797103524208069,0.38110271096229553,0.01464143767952919,0.040618207305669785,0.17912882566452026,13.357935905456543,73.10967254638672,0.006094977725297213,0.011537419632077217,0.012404601089656353,0.01159649807959795,-0.0016226796433329582,0.00686144782230258,0.012935846112668514,0.9938697814941406,0.00640946114435792,0.011894227005541325,0.9981592297554016,0.007684693671762943,0.015271661803126335,0.980663001537323,0.007432637736201286,0.01345907710492611,0.9947230219841003,0.007620681542903185,0.015274195931851864,0.9791398644447327,0.0078746248036623,0.01714623160660267,0.9695863723754883
Procryptocerus_hirsutus_CASENT0744064_processed.obj,Stage_2_deform_coarse,0.0002012482873396948,0.01656523160636425,0.008089105598628521,0.00847612600773573,0.018940795212984085,0.10349355638027191,0.2642286717891693,0.27239999175071716,0.25653332471847534,0.7529046535491943,0.7770666480064392,0.7301999926567078,0.9597636461257935,0.9614666700363159,0.9580667018890381,0.9984659552574158,0.9976000189781189,0.9993333220481873,0.8173261284828186,0.19673334062099457,1.2126003503799438,0.9536059498786926,2.341623067855835,0.5530752539634705,0.31474170088768005,1.7278690338134766,0.5584831833839417,0.0,0.7874836921691895,0.3766423463821411,0.01583568938076496,0.03695249930024147,0.23240573704242706,14.124377250671387,77.85578918457031,0.006942407693713903,0.0044614714570343494,0.005414250772446394,0.00448019802570343,-0.011670073494315147,0.006601143628358841,0.012341124936938286,0.992337167263031,0.00655665947124362,0.01205152366310358,0.996778666973114,0.009468071162700653,0.022185809910297394,0.9364641308784485,0.010227954015135765,0.021445387974381447,0.9340369701385498,0.008645125664770603,0.017199499532580376,0.9693536162376404,0.009265103377401829,0.018358591943979263,0.9635036587715149
Pseudomyrmex_termitarius_CASENT0744247_processed.obj,Stage_2_deform_coarse,0.00020122498972341418,0.016441499814391136,0.008003348484635353,0.008438151329755783,0.01999669522047043,0.06827462464570999,0.2817327082157135,0.28760001063346863,0.2761000096797943,0.7616785168647766,0.7903666496276855,0.7350000143051147,0.9557982087135315,0.9616333246231079,0.9500333666801453,0.9991162419319153,0.9984333515167236,0.9998000264167786,0.7834783792495728,0.2923000156879425,1.1970865726470947,1.1525017023086548,2.2309703826904297,0.5806502103805542,0.2851179242134094,1.7951841354370117,0.5147714614868164,0.0,0.778219997882843,0.3477921485900879,0.013086262159049511,0.030883746221661568,0.23861855268478394,13.683283805847168,78.01702880859375,0.006616473197937012,0.0035590319894254208,0.004194352310150862,0.003560886485502124,-0.00221455842256546,0.0063059828244149685,0.012198654934763908,0.9988505840301514,0.005955666769295931,0.01096204575151205,0.9990796446800232,0.007949711754918098,0.012900800444185734,0.9779005646705627,0.007752076722681522,0.015470894053578377,0.9894459247589111,0.007980456575751305,0.016560571268200874,0.9698686599731445,0.006974509917199612,0.013431714847683907,0.9841849207878113
Solenopsis_invicta_CASENT0744090_processed.obj,Stage_2_deform_coarse,0.0002638663281686604,0.018883395940065384,0.008964147418737411,0.009919247590005398,0.02342236042022705,0.09631218761205673,0.21656785905361176,0.2230333387851715,0.210466668009758,0.6675227880477905,0.7111999988555908,0.6288999915122986,0.933288037776947,0.9486666917800903,0.91839998960495,0.9987823963165283,0.9977999925613403,0.9997667074203491,0.8032448291778564,0.25503334403038025,1.2428644895553589,1.289305567741394,2.6832804679870605,0.5088457465171814,0.3373548090457916,2.162348747253418,0.5945469737052917,0.0,0.7557744383811951,0.3083993196487427,0.019219152629375458,0.05139894038438797,0.24353055655956268,14.209060668945312,83.07066345214844,0.00866986159235239,0.01863517053425312,0.01967836171388626,0.018600761890411377,-0.002462470903992653,0.007999809458851814,0.01703069917857647,0.9701149463653564,0.008656594902276993,0.018624909222126007,0.9595029950141907,0.007978595793247223,0.016040803864598274,0.9751381874084473,0.00825195200741291,0.016267819330096245,0.9841688871383667,0.010109052062034607,0.02217218652367592,0.9304661750793457,0.010121379978954792,0.026166288182139397,0.9099756479263306
Streblognathus_peetersi_CASENT0744989_processed.obj,Stage_2_deform_coarse,0.00013595775817520916,0.013284878805279732,0.006682869046926498,0.006602009758353233,0.014306060038506985,0.07595451176166534,0.4090676009654999,0.4155333340167999,0.4027999937534332,0.8671814799308777,0.8811666965484619,0.8536333441734314,0.9818731546401978,0.9767667055130005,0.9870333671569824,0.9981468915939331,0.996399998664856,0.9998999834060669,0.8553217649459839,0.09586666524410248,1.178531527519226,0.9374696016311646,2.1648879051208496,0.6192702651023865,0.265349805355072,1.5324528217315674,0.4522385001182556,0.0,0.7914237380027771,0.3627684414386749,0.012037592940032482,0.031093990430235863,0.2140527218580246,14.063627243041992,79.44325256347656,0.007920211181044579,0.008401140570640564,0.009345615282654762,0.008597259409725666,0.002808112185448408,0.005608939100056887,0.011075017042458057,0.994636058807373,0.005562088917940855,0.010853578336536884,0.9958582520484924,0.008212330751121044,0.016968363896012306,0.972375750541687,0.006027034483850002,0.010154151357710361,1.0,0.006835134234279394,0.012843865901231766,0.9896987080574036,0.006610714830458164,0.013042043894529343,0.9866179823875427
Strumigenys_kumadori_OKENT0105284_processed.obj,Stage_2_deform_coarse,0.00017531352932564914,0.014485770836472511,0.0072543504647910595,0.007231420837342739,0.01601484976708889,0.08427773416042328,0.3589935898780823,0.3706666827201843,0.3480333387851715,0.8394758701324463,0.8648666739463806,0.8155333399772644,0.973500669002533,0.9695667028427124,0.9774667024612427,0.9963205456733704,0.9927666783332825,0.9998999834060669,0.823479175567627,0.1954333335161209,1.1693192720413208,1.0321979522705078,2.231839418411255,0.5452405214309692,0.29828155040740967,1.5249390602111816,0.5232821702957153,0.0,0.7766173481941223,0.3534182012081146,0.014108405448496342,0.03646320849657059,0.17256709933280945,14.077120780944824,77.85355377197266,0.006812033709138632,0.025464225560426712,0.026176422834396362,0.02566087618470192,0.001249205321073532,0.00547384936362505,0.009876331314444542,0.998084306716919,0.006043456960469484,0.01215267926454544,0.9986194372177124,0.0072015863843262196,0.013388360850512981,0.9834254384040833,0.006676750723272562,0.012864327989518642,0.9973615407943726,0.007254597265273333,0.014597242698073387,0.9734741449356079,0.006424897350370884,0.012243026867508888,0.9914841651916504
Strumigenys_minutula_OKENT0105207_processed.obj,Stage_2_deform_coarse,0.0002469270839355886,0.016095608472824097,0.007854541763663292,0.00824106764048338,0.01896127685904503,0.1474149078130722,0.29464414715766907,0.31603333353996277,0.27596667408943176,0.7954815030097961,0.8443000316619873,0.7520000338554382,0.9631213545799255,0.9684000015258789,0.9578999876976013,0.9959376454353333,0.9924333691596985,0.9994666576385498,0.8060108423233032,0.3679666817188263,1.1544344425201416,0.8590480089187622,2.080749273300171,0.5993623733520508,0.2668626308441162,1.5403835773468018,0.4714331328868866,0.0,0.7847046256065369,0.3802042007446289,0.01135159283876419,0.027893204241991043,0.2066912055015564,13.773992538452148,75.65038299560547,0.006453505717217922,0.0010154932970181108,0.0018695612670853734,0.0010178114753216505,-0.0035260249860584736,0.006199381779879332,0.01085447147488594,0.9977011680603027,0.006626620888710022,0.012259180657565594,0.9944776892662048,0.007450230419635773,0.014918403699994087,0.972375750541687,0.007361159659922123,0.013344282284379005,0.9920845031738281,0.006282920017838478,0.011013350449502468,0.9904713034629822,0.008057568222284317,0.01565776951611042,0.9793187379837036
Temnothorax_OK01_OKENT0105230_processed.obj,Stage_2_deform_coarse,0.00020829976710956544,0.016611715778708458,0.00794786587357521,0.008663849905133247,0.01961013861000538,0.08253075927495956,0.27348625659942627,0.2849999964237213,0.26286667585372925,0.7526085376739502,0.7939000129699707,0.715399980545044,0.9580125212669373,0.9625000357627869,0.9535666704177856,0.9981499910354614,0.9984666705131531,0.9978333711624146,0.7725732326507568,0.3240000009536743,1.2568516731262207,1.3100651502609253,2.574850082397461,0.5747249722480774,0.30920523405075073,2.0898399353027344,0.5497480630874634,0.0,0.7870773673057556,0.3711245059967041,0.012615210376679897,0.029512811452150345,0.26074331998825073,13.83110523223877,79.85208892822266,0.007333529181778431,0.0053937602788209915,0.006472816690802574,0.005395520478487015,-0.002182027790695429,0.006516495253890753,0.011490766890347004,0.9969348907470703,0.005870015826076269,0.010691492818295956,1.0,0.007342989090830088,0.013535432517528534,1.0,0.007178872358053923,0.012144998647272587,0.9947230219841003,0.007492481265217066,0.015221239067614079,0.981200098991394,0.007800054736435413,0.018088920041918755,0.956204354763031
Temnothorax_affinis_CASENT0745855_processed.obj,Stage_2_deform_coarse,0.0003045143967028707,0.016935136169195175,0.009122735820710659,0.007812399882823229,0.022821536287665367,0.13971766829490662,0.33107128739356995,0.32660001516342163,0.3356666564941406,0.7704910039901733,0.7749666571617126,0.7660666704177856,0.949150025844574,0.9373666644096375,0.9612333178520203,0.9914169311523438,0.9833666682243347,0.9995999932289124,0.7784444689750671,0.2717333436012268,1.2069618701934814,1.1063789129257202,2.401120185852051,0.5350349545478821,0.31625527143478394,1.948333740234375,0.5919145345687866,0.0,0.7561095356941223,0.34377625584602356,0.015445423312485218,0.035412341356277466,0.2299652397632599,14.123021125793457,78.00138092041016,0.007235748693346977,0.0021993147674947977,0.0028111867140978575,0.0021822864655405283,-0.0100775808095932,0.006415528245270252,0.013329689390957355,0.99042147397995,0.005934842396527529,0.011022445745766163,0.9990796446800232,0.007990137673914433,0.01338960975408554,0.991712749004364,0.0067026917822659016,0.01247330754995346,0.9973615407943726,0.007967248558998108,0.016268281266093254,0.9796549081802368,0.006524228490889072,0.011876260861754417,0.9963503479957581
Temnothorax_crassispinus_CASENT0745822_processed.obj,Stage_2_deform_coarse,0.00017826198018155992,0.015258437022566795,0.0076015666127204895,0.007656870409846306,0.017336048185825348,0.09328892081975937,0.32117679715156555,0.32713332772254944,0.3154333233833313,0.8034356832504272,0.8205000162124634,0.7870666980743408,0.9664319157600403,0.9652667045593262,0.9675999879837036,0.9981802701950073,0.9964333176612854,0.9999333620071411,0.8116678595542908,0.15593333542346954,1.231918454170227,1.244547724723816,2.4172048568725586,0.581965446472168,0.29989683628082275,1.8415136337280273,0.5347278714179993,0.0,0.7955377697944641,0.371381938457489,0.013685882091522217,0.033232420682907104,0.1987655758857727,14.283671379089355,80.02151489257812,0.007105375174432993,0.020800234749913216,0.021884800866246223,0.02025686949491501,-0.0007295720279216766,0.005811772309243679,0.010553866624832153,0.9992337226867676,0.005800255108624697,0.011008377186954021,0.9944776892662048,0.007299182470887899,0.013421904295682907,0.9944751858711243,0.008433743380010128,0.018445072695612907,0.9683377742767334,0.008593490347266197,0.01915249042212963,0.955704391002655,0.007621089927852154,0.015283896587789059,0.9841849207878113
Tetramorium_weitzeckeri_CASENT0744903_processed.obj,Stage_2_deform_coarse,0.00037829249049536884,0.017226312309503555,0.009458317421376705,0.0077679953537881374,0.022138243541121483,0.13782884180545807,0.3191951811313629,0.3267666697502136,0.3119666576385498,0.7875294089317322,0.8023999929428101,0.7732000350952148,0.9556282758712769,0.9418333172798157,0.9698333144187927,0.9883854985237122,0.9771333336830139,0.9998999834060669,0.788338303565979,0.20720000565052032,1.232085108757019,1.3049635887145996,2.511045217514038,0.5248339176177979,0.3197619616985321,1.887808918952942,0.5827521681785583,0.0,0.7597790956497192,0.32138994336128235,0.01661803014576435,0.04280952736735344,0.22576351463794708,14.135053634643555,80.54309844970703,0.0078224316239357,0.006535080261528492,0.00739270867779851,0.006630134303122759,-0.010744947008788586,0.006036084145307541,0.011165652424097061,0.9969348907470703,0.0054344856180250645,0.00969741865992546,0.999539852142334,0.006775256246328354,0.0124821737408638,0.9861878752708435,0.007385228294879198,0.014559208415448666,1.0,0.00790950283408165,0.016396598890423775,0.9737316966056824,0.007291956804692745,0.013942194171249866,0.9768856167793274
Typhlomyrmex_rogenhoferi_CASENT0744314_processed.obj,Stage_2_deform_coarse,0.0003267585998401046,0.021240796893835068,0.009743545204401016,0.011497252620756626,0.026785707101225853,0.08996593207120895,0.16304168105125427,0.17283333837985992,0.1543000042438507,0.5813955664634705,0.6381666660308838,0.5339000225067139,0.9098044037818909,0.9422333240509033,0.8795333504676819,0.9981666803359985,0.9980000257492065,0.9983333349227905,0.7379867434501648,0.4054666757583618,1.3551596403121948,1.4646071195602417,3.156264066696167,0.565602719783783,0.36172518134117126,2.4797658920288086,0.6311453580856323,0.0,0.7703949809074402,0.34396180510520935,0.017716221511363983,0.046192049980163574,0.24068337678909302,15.16733169555664,90.72865295410156,0.01007138006389141,0.0003590666747186333,0.0008878058288246393,0.0003808477194979787,-0.00497066555544734,0.009032966569066048,0.01843368448317051,0.9613026976585388,0.008349128067493439,0.016863027587532997,0.9756097793579102,0.008827067911624908,0.015091742388904095,0.991712749004364,0.010713091120123863,0.02398504503071308,0.9182058572769165,0.00862489640712738,0.018153132870793343,0.9647180438041687,0.008774476125836372,0.017802968621253967,0.9683698415756226
Acanthostichus_aff.brevicornis_CASENT0744327_processed.obj,Stage_3_deform_fine,0.00010042155918199569,0.012019874528050423,0.0059389774687588215,0.006080897059291601,0.012914136983454227,0.05888311192393303,0.4514268934726715,0.45846667885780334,0.44460001587867737,0.8988620042800903,0.9126333594322205,0.8855000138282776,0.9908309578895569,0.989300012588501,0.9923666715621948,0.9997665882110596,0.9995333552360535,1.0,0.8820532560348511,0.05959999933838844,1.1073358058929443,0.7265673279762268,1.9686559438705444,0.4388619065284729,0.30831071734428406,1.3381303548812866,0.5628516674041748,0.0,0.7262552380561829,0.22211873531341553,0.012624051421880722,0.029625313356518745,0.16112151741981506,11.669878005981445,57.545047760009766,0.0024445096496492624,0.01246299035847187,0.012735621072351933,0.012507750652730465,-0.002018893137574196,0.005196434911340475,0.009824504144489765,0.9992337226867676,0.005261784885078669,0.010055845603346825,1.0,0.007249500602483749,0.012471790425479412,1.0,0.005903659854084253,0.010707938112318516,1.0,0.006853829137980938,0.0133198332041502,0.9837754368782043,0.007177646271884441,0.012463138438761234,0.9939172863960266
Acropyga_butteli_CASENT0878079_processed.obj,Stage_3_deform_fine,0.0001276433322345838,0.013753893785178661,0.006242502946406603,0.0075113908387720585,0.016628757119178772,0.05450000986456871,0.3464762270450592,0.36160001158714294,0.33256667852401733,0.8445824980735779,0.9064333438873291,0.7906333208084106,0.9848923683166504,0.9988000392913818,0.9713667035102844,0.9999333024024963,1.0,0.9998666644096375,0.860639750957489,0.17499999701976776,1.0775847434997559,0.5732333660125732,1.8204666376113892,0.5105993151664734,0.2738351821899414,1.2086420059204102,0.49483874440193176,0.0,0.7656093835830688,0.2715159058570862,0.010461495257914066,0.0239102765917778,0.08525468409061432,11.917425155639648,59.781375885009766,0.0029008181300014257,0.00655607832595706,0.006723454222083092,0.006575370207428932,-0.0034232581965625286,0.005810416303575039,0.010377990081906319,1.0,0.0057857162319123745,0.010446332395076752,1.0,0.007800768595188856,0.013206126168370247,1.0,0.006521190050989389,0.01150276605039835,1.0,0.006524242926388979,0.011285247281193733,0.9994849562644958,0.007641647011041641,0.011364353820681572,0.9902676343917847
Anochetus_horridus_CASENT0744281_processed.obj,Stage_3_deform_fine,0.00025154449394904077,0.013278537429869175,0.007415938191115856,0.005862599238753319,0.0170537568628788,0.19265493750572205,0.47417840361595154,0.477400004863739,0.4710000157356262,0.8941187858581543,0.8827666640281677,0.9057666659355164,0.9765889644622803,0.9594666957855225,0.9943333268165588,0.9936962723731995,0.987666666507721,0.9998000264167786,0.8219876289367676,0.12826666235923767,1.1363204717636108,1.1241505146026611,2.078325033187866,0.46837133169174194,0.30735430121421814,1.5085197687149048,0.5584655404090881,0.0,0.7100683450698853,0.17452533543109894,0.015894999727606773,0.03948277607560158,0.5034934878349304,12.042632102966309,61.876651763916016,0.00394380884245038,0.005187351256608963,0.005400015972554684,0.005323963705450296,-0.0018430454656481743,0.004841629881411791,0.00924706645309925,0.9992337226867676,0.004811969585716724,0.008969238959252834,0.999539852142334,0.005665163975208998,0.01003243774175644,1.0,0.0066343690268695354,0.011738053523004055,1.0,0.006524063181132078,0.014074889943003654,0.9716714024543762,0.007148397620767355,0.013641229830682278,0.9647201895713806
Camponotus_fulvopilosus_CASENT0744733_processed.obj,Stage_3_deform_fine,0.00015617458848282695,0.01353922113776207,0.006972351111471653,0.006566870026290417,0.016612624749541283,0.08729362487792969,0.42676666378974915,0.4334000051021576,0.4203333258628845,0.8578149080276489,0.8705999851226807,0.8454000353813171,0.9752636551856995,0.963866651058197,0.9869333505630493,0.9967755675315857,0.9940000176429749,0.9995666742324829,0.8076920509338379,0.15720000863075256,1.1737738847732544,1.1859171390533447,2.25333833694458,0.4136941134929657,0.3383163809776306,1.5964428186416626,0.6408458948135376,0.0,0.6967566609382629,0.18677504360675812,0.013484726659953594,0.032387129962444305,0.25623616576194763,12.004364013671875,62.539222717285156,0.0031289723701775074,0.020523307844996452,0.020985234528779984,0.02037573792040348,-0.0023488476872444153,0.005036226473748684,0.009618883021175861,0.9996168613433838,0.005081789568066597,0.009403358213603497,1.0,0.005712611600756645,0.00976618379354477,0.9889503121376038,0.00588214723393321,0.01048989500850439,1.0,0.00626241834834218,0.011344457976520061,0.9969096183776855,0.006219347473233938,0.012478277087211609,0.9963503479957581
Camponotus_vestitus_strophiatus_CASENT0744750_processed.obj,Stage_3_deform_fine,0.00011084582365583628,0.011721547693014145,0.006169347558170557,0.005552200600504875,0.01723245531320572,0.05290400609374046,0.5382452607154846,0.5416666865348816,0.5348666906356812,0.8912510275840759,0.8792666792869568,0.9035666584968567,0.9785438776016235,0.9629666805267334,0.9946333169937134,0.999833345413208,0.999666690826416,1.0,0.8119433522224426,0.14820000529289246,1.0965123176574707,0.7751357555389404,2.074363946914673,0.4284392297267914,0.32667580246925354,1.2381486892700195,0.5873703956604004,0.0,0.6968511939048767,0.19255748391151428,0.012539092451334,0.03223111107945442,0.1543572098016739,12.050528526306152,57.665016174316406,0.00273785088211298,0.006661894731223583,0.006924816407263279,0.006660350598394871,-0.004075095988810062,0.004563001915812492,0.009136300534009933,0.9996168613433838,0.004847210366278887,0.010034453123807907,0.993557333946228,0.006992798764258623,0.017750775441527367,0.9696133136749268,0.006043651606887579,0.014050578698515892,0.9868074059486389,0.005451902747154236,0.01013538334518671,0.9969096183776855,0.005580592900514603,0.009754585102200508,0.9951338171958923
Cephalotes_pusillus_CASENT0744050_processed.obj,Stage_3_deform_fine,0.00014433971955440938,0.014461956918239594,0.00680530583485961,0.007656651549041271,0.017049813643097878,0.058113254606723785,0.3305831551551819,0.3422333300113678,0.3197000026702881,0.8130677342414856,0.856166660785675,0.7741000056266785,0.9806268215179443,0.9881333708763123,0.9732333421707153,0.9997333288192749,0.9997333288192749,0.9997333288192749,0.8627329468727112,0.10976666957139969,1.128854751586914,0.9557985067367554,2.105539321899414,0.4095793664455414,0.3372454047203064,1.460292935371399,0.6370140314102173,0.0,0.7094308137893677,0.20709162950515747,0.014690560288727283,0.04030517116189003,0.14678950607776642,12.197652816772461,57.91769790649414,0.0022163554094731808,0.004260595887899399,0.00447276933118701,0.004279910586774349,-0.001768140122294426,0.00609954260289669,0.011099620722234249,0.9996168613433838,0.006022968329489231,0.011075073853135109,0.9990796446800232,0.006333400961011648,0.010608267970383167,1.0,0.006759680807590485,0.011155104264616966,1.0,0.007751136086881161,0.015539105050265789,0.9647180438041687,0.007450844626873732,0.013740064576268196,0.9732360243797302
Cerapachys_sulcinodis_CASENT0745635_processed.obj,Stage_3_deform_fine,0.00011921372060896829,0.012562587857246399,0.006186761427670717,0.006375826895236969,0.014162433333694935,0.08197229355573654,0.44503653049468994,0.4557666778564453,0.43479999899864197,0.8858213424682617,0.9119666814804077,0.861133337020874,0.9861630201339722,0.9817000031471252,0.9906666874885559,0.998664915561676,0.9973333477973938,1.0,0.8814802765846252,0.19806666672229767,1.1148178577423096,0.9110695719718933,1.9136453866958618,0.4441559910774231,0.3022144138813019,1.5423773527145386,0.5730313658714294,0.0,0.7247483134269714,0.21341480314731598,0.011914167553186417,0.02992193028330803,0.1884779930114746,12.121326446533203,59.95442581176758,0.003422313602641225,0.0013790432130917907,0.001546128885820508,0.0013733793748542666,-0.0035566515289247036,0.0049276044592261314,0.008834905922412872,0.9996168613433838,0.004888743627816439,0.009273073635995388,1.0,0.006778595969080925,0.011897367425262928,1.0,0.0054369596764445305,0.008666045032441616,1.0,0.006479901261627674,0.01296752505004406,0.9922740459442139,0.0067176842130720615,0.011477078311145306,0.9817517995834351
Colobopsis_shohki_OKENT0105043_processed.obj,Stage_3_deform_fine,0.00027768866857513785,0.018018748611211777,0.00955241173505783,0.008466335944831371,0.028210358694195747,0.0976581946015358,0.2800758183002472,0.2815333306789398,0.27863332629203796,0.7274906635284424,0.7318666577339172,0.7231667041778564,0.9340909123420715,0.9142000079154968,0.9548666477203369,0.995482325553894,0.9912999868392944,0.9997000098228455,0.7683761119842529,0.38519999384880066,1.1639151573181152,1.1254206895828247,2.535146713256836,0.36411529779434204,0.40051960945129395,1.6938859224319458,0.7671767473220825,0.0,0.6446182727813721,0.1640619933605194,0.01963845267891884,0.049066849052906036,0.27349168062210083,12.884135246276855,66.80321502685547,0.005345327779650688,0.001256434479728341,0.0016933190636336803,0.0012567732483148575,-0.0057155052199959755,0.006717161741107702,0.01408829540014267,0.9908046126365662,0.007994012907147408,0.016564499586820602,0.9742292165756226,0.008545243181288242,0.01645328663289547,0.9834254384040833,0.007530937436968088,0.01303126011043787,1.0,0.008377805352210999,0.017408307641744614,0.9626577496528625,0.006817215122282505,0.01292071957141161,0.9951338171958923
Crematogaster_evallans_CASENT0744252_processed.obj,Stage_3_deform_fine,0.0003213129239156842,0.019897442311048508,0.009872397407889366,0.010025045834481716,0.02423163317143917,0.13734042644500732,0.21306075155735016,0.2170666754245758,0.20920000970363617,0.6466154456138611,0.6804333329200745,0.6159999966621399,0.9198805093765259,0.9241333603858948,0.9156666994094849,0.9959888458251953,0.9926666617393494,0.9993333220481873,0.7608617544174194,0.38429999351501465,1.2251758575439453,1.2672475576400757,2.7372355461120605,0.35021671652793884,0.43047136068344116,1.9157874584197998,0.781122624874115,0.0,0.6401680111885071,0.14914469420909882,0.020747987553477287,0.05264655128121376,0.23738715052604675,13.157861709594727,66.3585205078125,0.0044327108189463615,0.005336187779903412,0.0056724827736616135,0.005321716424077749,-0.0047838687896728516,0.007068670820444822,0.013933266513049603,0.9892720580101013,0.008957291953265667,0.017814267426729202,0.9719282388687134,0.00789844710379839,0.013355628587305546,1.0,0.00883741956204176,0.018023677170276642,0.9683377742767334,0.008657221682369709,0.01812352053821087,0.9621427059173584,0.007722172420471907,0.013542072847485542,0.9793187379837036
Dolichoderus_sibiricus_OKENT0105316_processed.obj,Stage_3_deform_fine,0.00026210510986857116,0.018009230494499207,0.009509257972240448,0.008499972522258759,0.02562537230551243,0.11372935026884079,0.2726423144340515,0.2712000012397766,0.27410000562667847,0.7124146223068237,0.7111999988555908,0.7136333584785461,0.9352044463157654,0.9141666889190674,0.9572333693504333,0.9970266819000244,0.9944666624069214,0.9995999932289124,0.7215856909751892,0.4034000039100647,1.1767913103103638,1.0617738962173462,2.6693129539489746,0.34068799018859863,0.4254355728626251,1.5877692699432373,0.7836745381355286,0.0,0.5959422588348389,0.1313425600528717,0.021169763058423996,0.05816156044602394,0.2481580376625061,13.397501945495605,66.18831634521484,0.004595678299665451,0.004457708448171616,0.0049022105522453785,0.004478858318179846,-0.002421056851744652,0.007070863153785467,0.01489822007715702,0.982758641242981,0.00775575265288353,0.015550291165709496,0.9792913198471069,0.007338670548051596,0.013111826032400131,1.0,0.0067396508529782295,0.012193812057375908,1.0,0.008643507026135921,0.020696887746453285,0.9466907382011414,0.006352993194013834,0.011376520618796349,0.9914841651916504
Dorylus_afrc-gh01_CASENT0744686_processed.obj,Stage_3_deform_fine,0.00020400798530317843,0.01706795021891594,0.008055092766880989,0.009012858383357525,0.020457087084650993,0.06935751438140869,0.2391033172607422,0.249466672539711,0.22956666350364685,0.7234148979187012,0.7604333162307739,0.6898333430290222,0.9598021507263184,0.9743666648864746,0.9456666707992554,0.9996166825294495,0.999666690826416,0.9995666742324829,0.801498532295227,0.3833666741847992,1.1411411762237549,0.9490110278129578,2.2166991233825684,0.4317648708820343,0.3481408357620239,1.5171326398849487,0.6442791223526001,0.0,0.7079002857208252,0.1960662603378296,0.016128767281770706,0.04320289567112923,0.3074342906475067,12.583012580871582,60.59224319458008,0.0029985986184328794,0.0027470020577311516,0.003313849214464426,0.002737916773185134,-0.0017732451669871807,0.0068295300006866455,0.012489895336329937,0.9984674453735352,0.006953397300094366,0.01266316045075655,0.9986194372177124,0.009109051898121834,0.020518233999609947,0.9337016940116882,0.007267318200320005,0.01164057943969965,1.0,0.00764028774574399,0.014640478417277336,0.9876384139060974,0.008733863942325115,0.01776866801083088,0.9549878239631653
Dorylus_fulvus_CASENT0745670_processed.obj,Stage_3_deform_fine,0.00013255863450467587,0.013964465819299221,0.0065101636573672295,0.007454302161931992,0.01691008359193802,0.06690476834774017,0.341826856136322,0.35376667976379395,0.3306666612625122,0.8389385342597961,0.8777666687965393,0.8033999800682068,0.9817696213722229,0.9939333200454712,0.9699000120162964,0.999916672706604,1.0,0.999833345413208,0.8437448143959045,0.21146667003631592,1.1155661344528198,0.7584540247917175,1.9608540534973145,0.45181629061698914,0.304889440536499,1.367173194885254,0.5558112859725952,0.0,0.7449117302894592,0.22007597982883453,0.01261387299746275,0.02977965585887432,0.15307840704917908,12.13577651977539,58.159481048583984,0.0031615658663213253,0.010384936816990376,0.010631200857460499,0.010501906275749207,-9.28528606891632e-06,0.005695682018995285,0.01031589787453413,1.0,0.005739962682127953,0.010683395899832249,1.0,0.007962087169289589,0.01540036965161562,0.9861878752708435,0.005979454144835472,0.010095558129251003,1.0,0.006432727910578251,0.012062439695000648,0.9958794713020325,0.006308217998594046,0.011376363225281239,0.9963503479957581
Dorylus_fulvus_CASENT0745674_processed.obj,Stage_3_deform_fine,0.00019765866454690695,0.01576286554336548,0.007604329381138086,0.008158535696566105,0.018717164173722267,0.28389182686805725,0.3040844202041626,0.3124000132083893,0.2962000072002411,0.783460259437561,0.8260666728019714,0.745033323764801,0.9674829244613647,0.9732333421707153,0.9618000388145447,0.9971266984939575,0.9945666790008545,0.9997000098228455,0.8446032404899597,0.24330000579357147,1.1983827352523804,1.3699923753738403,2.3490002155303955,0.42581555247306824,0.3545771539211273,1.8913885354995728,0.6513640284538269,0.0,0.711902916431427,0.21639496088027954,0.016768228262662888,0.04414821043610573,0.2339688092470169,12.374984741210938,63.287315368652344,0.0042045568116009235,0.01877899095416069,0.019505102187395096,0.01886480674147606,-0.0036594681441783905,0.0063117449171841145,0.011739667505025864,0.9942529201507568,0.0073370193131268024,0.014586303383111954,0.9852738380432129,0.007385272067040205,0.013920669443905354,1.0,0.008279458619654179,0.016825737431645393,0.9709762930870056,0.007558300159871578,0.013653947971761227,0.9896987080574036,0.009066334925591946,0.023450735956430435,0.94525545835495
Dorylus_fulvus_CASENT0745675_processed.obj,Stage_3_deform_fine,0.0001329784863628447,0.013863258063793182,0.006709132343530655,0.007154126185923815,0.015460331924259663,0.07709664851427078,0.35395413637161255,0.3621000051498413,0.3461666703224182,0.8421201109886169,0.8694000244140625,0.8165000081062317,0.982765793800354,0.9837000370025635,0.9818333387374878,0.9999499917030334,1.0,0.9998999834060669,0.8509696125984192,0.2207999974489212,1.0901668071746826,0.8298779129981995,1.8883202075958252,0.404680073261261,0.32026925683021545,1.3139547109603882,0.6159360408782959,0.0,0.7024746537208557,0.18773211538791656,0.013989396393299103,0.033005490899086,0.2110965996980667,12.103440284729004,59.40336608886719,0.0025096966419368982,0.012414582073688507,0.012729885056614876,0.012478278018534184,-0.0006348397582769394,0.005749449599534273,0.010336571373045444,1.0,0.005587580148130655,0.010219341143965721,1.0,0.007806605659425259,0.013275811448693275,0.991712749004364,0.006736841984093189,0.012575780041515827,1.0,0.00680807139724493,0.012988969683647156,0.9858357310295105,0.006016952451318502,0.010538402944803238,1.0
Dorylus_fulvus_CASENT0745677_processed.obj,Stage_3_deform_fine,0.00015107080980669707,0.014655282720923424,0.007211629301309586,0.007443653419613838,0.016667144373059273,0.04675128683447838,0.33499303460121155,0.34003332257270813,0.33009999990463257,0.8133792281150818,0.8358333706855774,0.7921000123023987,0.9729785919189453,0.9708333611488342,0.9751333594322205,1.0,1.0,1.0,0.8447262048721313,0.23270000517368317,1.1624571084976196,1.1292461156845093,2.3753480911254883,0.36456936597824097,0.3850567042827606,1.7175458669662476,0.7262754440307617,0.0,0.6665040850639343,0.1771334409713745,0.018116232007741928,0.04577416926622391,0.25162550806999207,12.63867473602295,64.18950653076172,0.0050193932838737965,0.018454788252711296,0.018855048343539238,0.018481280654668808,-0.007275829091668129,0.006501008756458759,0.014022483490407467,0.9766283631324768,0.008205077610909939,0.01914907991886139,0.9544408917427063,0.006791707593947649,0.012407413683831692,0.9972376227378845,0.007060360629111528,0.01197130884975195,0.9947230219841003,0.007916191592812538,0.017170198261737823,0.9680659174919128,0.007911459542810917,0.016966411843895912,0.9671532511711121
Euprenolepis_cf.wittei_CASENT0878049_processed.obj,Stage_3_deform_fine,0.0001781609171302989,0.014375321567058563,0.00742078572511673,0.006954535376280546,0.019308002665638924,0.07545462250709534,0.40581774711608887,0.41776666045188904,0.39453333616256714,0.8241448402404785,0.8436000347137451,0.805566668510437,0.9683980345726013,0.9525333642959595,0.9848000407218933,0.996823251247406,0.9936666488647461,1.0,0.7991194725036621,0.27906668186187744,1.1979877948760986,1.183112621307373,2.497199535369873,0.40825754404067993,0.3736150860786438,1.75338876247406,0.688427746295929,0.0,0.675934910774231,0.1759202778339386,0.015490401536226273,0.03965776786208153,0.23748479783535004,12.697105407714844,65.22286987304688,0.004660865291953087,0.06573855876922607,0.0663113221526146,0.0660911500453949,0.012760896235704422,0.006190256215631962,0.013531235046684742,0.9816092252731323,0.004531998187303543,0.008709924295544624,1.0,0.007250508759170771,0.010895892977714539,1.0,0.0064386832527816296,0.011654971167445183,0.9920845031738281,0.006583808921277523,0.013287277892231941,0.9778521656990051,0.006026131100952625,0.011638657189905643,0.9927006959915161
Formica_cf.fusca_CASENT0878143_processed.obj,Stage_3_deform_fine,5.6361022870987654e-05,0.009230861440300941,0.004456172231584787,0.004774689208716154,0.009785688482224941,0.04981309548020363,0.6461143493652344,0.6633333563804626,0.6297667026519775,0.9650117754936218,0.9767000079154968,0.9535999894142151,0.9978150725364685,0.9990666508674622,0.996566653251648,1.0,1.0,1.0,0.9082096815109253,0.05790000036358833,1.0550037622451782,0.5334075093269348,1.7095192670822144,0.5185431241989136,0.25570788979530334,1.1323283910751343,0.45381468534469604,0.0,0.7571998834609985,0.2477143108844757,0.008278863504529,0.021074455231428146,0.07940491288900375,11.587334632873535,57.90943145751953,0.0028030378744006157,0.004789487458765507,0.004974966868758202,0.004840144421905279,-0.004112299531698227,0.0042762611992657185,0.008243993856012821,1.0,0.0042087724432349205,0.00786676723510027,1.0,0.005762279033660889,0.008874990977346897,1.0,0.004692761693149805,0.008165144361555576,1.0,0.004838599357753992,0.009131435304880142,0.9997425079345703,0.004394948482513428,0.00715810339897871,1.0
Hypoponera_sp._CASENT0744201_processed.obj,Stage_3_deform_fine,0.0001298158022109419,0.013422509655356407,0.0063972799107432365,0.007025229744613171,0.015623512677848339,0.08084635436534882,0.38796427845954895,0.39776667952537537,0.3786333501338959,0.8603479266166687,0.8904666900634766,0.8321999907493591,0.9814613461494446,0.986133337020874,0.9768333435058594,0.9996333718299866,0.999666690826416,0.9995999932289124,0.8408680558204651,0.2763333320617676,1.0953197479248047,0.8059044480323792,1.923891305923462,0.4254450500011444,0.31263071298599243,1.2661492824554443,0.5998511910438538,0.0,0.6800295114517212,0.18326988816261292,0.013243189081549644,0.031659044325351715,0.20746275782585144,12.043325424194336,58.20321273803711,0.0022489489056169987,0.01755364239215851,0.017778640612959862,0.01812722533941269,-0.003549925982952118,0.0058463457971811295,0.010750144720077515,0.9973180294036865,0.005552756134420633,0.009899036958813667,1.0,0.007420648355036974,0.011930211447179317,1.0,0.006106122862547636,0.009782820008695126,1.0,0.00582960294559598,0.011059319600462914,0.9956219792366028,0.00647310633212328,0.013225240632891655,0.9829683899879456
Lasius_fuliginosus_CASENT0745541_processed.obj,Stage_3_deform_fine,0.00014406217087525874,0.013989756815135479,0.0069000087678432465,0.0070897480472922325,0.015742776915431023,0.059198047965765,0.3751260042190552,0.38296666741371155,0.3675999939441681,0.8367476463317871,0.8601333498954773,0.8145999908447266,0.9763157963752747,0.9722000360488892,0.9804666638374329,0.9995665550231934,0.9992333650588989,0.9998999834060669,0.8085971474647522,0.2126000076532364,1.11083984375,0.9191303849220276,2.081096887588501,0.4209192991256714,0.3301948606967926,1.370853304862976,0.612872302532196,0.0,0.7100462317466736,0.19660349190235138,0.012335620820522308,0.029353918507695198,0.19994400441646576,12.27042007446289,60.163475036621094,0.002607477130368352,0.02213970385491848,0.0223236083984375,0.022293295711278915,-0.002252824604511261,0.0055544693022966385,0.010216024704277515,0.9992337226867676,0.005147289484739304,0.009658130817115307,1.0,0.00909412931650877,0.018358485773205757,0.9585635662078857,0.0060179405845701694,0.009730122983455658,1.0,0.006973493844270706,0.013260387815535069,0.9837754368782043,0.007172570563852787,0.012886233627796173,0.9781022071838379
Leptogenys_birmana_CASENT0741330_processed.obj,Stage_3_deform_fine,0.0002601796586532146,0.018023835495114326,0.00935032032430172,0.008673515170812607,0.024917664006352425,0.0770106315612793,0.24225135147571564,0.2457333356142044,0.2388666719198227,0.7191565036773682,0.7360000014305115,0.7030666470527649,0.943835973739624,0.9298333525657654,0.9582666754722595,0.9951784014701843,0.9905666708946228,0.999833345413208,0.7960241436958313,0.27043333649635315,1.2370096445083618,1.301377534866333,2.835726499557495,0.37728703022003174,0.40480074286460876,2.0093910694122314,0.7453122138977051,0.0,0.6797651648521423,0.17304231226444244,0.019259603694081306,0.05063311383128166,0.2652466893196106,12.719778060913086,64.7511978149414,0.004563084803521633,0.018426870927214622,0.018654558807611465,0.01851673796772957,0.0075334347784519196,0.007034610491245985,0.013655878603458405,0.9888889193534851,0.006948663853108883,0.01277092657983303,0.9963184595108032,0.007933071814477444,0.015787838026881218,0.980663001537323,0.008542551659047604,0.016050761565566063,0.9868074059486389,0.009441702626645565,0.023835409432649612,0.9327839612960815,0.007999299094080925,0.013587426394224167,0.9927006959915161
Leptogenys_gaigei_CASENT0878114_processed.obj,Stage_3_deform_fine,0.00022111419821158051,0.01587795652449131,0.008188039995729923,0.007689916994422674,0.018659058958292007,0.1501220017671585,0.3057875633239746,0.30880001187324524,0.30283334851264954,0.7916269302368164,0.8061333298683167,0.7776333689689636,0.9657977819442749,0.9552000164985657,0.9766333699226379,0.99711012840271,0.9945666790008545,0.999666690826416,0.8253641724586487,0.1421000063419342,1.1961500644683838,1.06206214427948,2.4552242755889893,0.422746479511261,0.35348692536354065,1.5402253866195679,0.6232268810272217,0.0,0.7109962105751038,0.1629461646080017,0.017807576805353165,0.04861924424767494,0.45942455530166626,12.332186698913574,62.49887466430664,0.003878622082993388,0.005882387515157461,0.0060988315381109715,0.006029240787029266,0.0007679606787860394,0.006054806523025036,0.0113331638276577,0.9996168613433838,0.00659916689619422,0.013180243782699108,0.9912563562393188,0.009184795431792736,0.015413024462759495,0.9861878752708435,0.00645371712744236,0.011625014245510101,1.0,0.008343384601175785,0.0184905007481575,0.9575070738792419,0.008138916455209255,0.014843888580799103,0.9732360243797302
Leptogenys_intermedia_CASENT0744954_processed.obj,Stage_3_deform_fine,0.00010388427472207695,0.01120760664343834,0.005586520303040743,0.005621086806058884,0.011686080135405064,0.10306524485349655,0.5180259346961975,0.532966673374176,0.5038999915122986,0.9317919611930847,0.9470333456993103,0.917033314704895,0.992542564868927,0.9898333549499512,0.9952666759490967,0.9979628324508667,0.9959999918937683,0.9999333620071411,0.8646460771560669,0.1003333330154419,1.1369332075119019,1.0926710367202759,2.084930896759033,0.46061694622039795,0.309190571308136,1.439739465713501,0.5708295106887817,0.0,0.7205474972724915,0.2147132158279419,0.012075459584593773,0.029764678329229355,0.25152984261512756,11.879355430603027,61.5863037109375,0.003259346354752779,0.009932427667081356,0.010107344016432762,0.010607133619487286,-0.0030814278870821,0.004646118730306625,0.008700315840542316,1.0,0.0045708706602454185,0.008037380874156952,1.0,0.006144537590444088,0.01098690740764141,1.0,0.0051427436992526054,0.008422979153692722,1.0,0.005787500645965338,0.010621866211295128,0.9943342804908752,0.0056885587982833385,0.010510114021599293,0.9914841651916504
Leptogenys_intermedia_CASENT0744955_processed.obj,Stage_3_deform_fine,0.00019307079492136836,0.01437797024846077,0.007548488676548004,0.0068294815719127655,0.01943955570459366,0.13310469686985016,0.39080414175987244,0.40049999952316284,0.3815666735172272,0.8408957123756409,0.8503666520118713,0.8316333293914795,0.9693843722343445,0.9517666697502136,0.987666666507721,0.9972090721130371,0.9944666624069214,0.9999666810035706,0.8054084777832031,0.23286667466163635,1.138674020767212,0.9815008640289307,2.332867383956909,0.38389158248901367,0.36085599660873413,1.446700930595398,0.6782453060150146,0.0,0.6812250018119812,0.18999841809272766,0.016730897128582,0.04455326125025749,0.27130669355392456,12.216659545898438,65.04280853271484,0.004139369819313288,0.019599376246333122,0.020072543993592262,0.020151782780885696,-0.0017349552363157272,0.005541955586522818,0.010501855053007603,0.9977011680603027,0.005133458878844976,0.009315713308751583,1.0,0.0072856200858950615,0.011911030858755112,0.9889503121376038,0.00516329612582922,0.00904528982937336,1.0,0.00746687687933445,0.01796979270875454,0.9559618830680847,0.006767780985683203,0.013380242511630058,0.9768856167793274
Megaponera_analis_CASENT0744960_processed.obj,Stage_3_deform_fine,0.00018156657461076975,0.014832084998488426,0.007525957189500332,0.007306127808988094,0.01779927685856819,0.10169440507888794,0.36255961656570435,0.3714333474636078,0.3541000187397003,0.8126395344734192,0.8361666798591614,0.7904000282287598,0.9703605771064758,0.9611333608627319,0.9797666668891907,0.9968737959861755,0.9937999844551086,0.9999666810035706,0.8218135237693787,0.27059999108314514,1.213022232055664,1.1241689920425415,2.692817449569702,0.3679567575454712,0.4080982208251953,1.913973093032837,0.7497511506080627,0.0,0.6862401962280273,0.17905838787555695,0.017124861478805542,0.04172278568148613,0.22175851464271545,12.387152671813965,62.97365951538086,0.0036504678428173065,0.03804508596658707,0.03839849680662155,0.03858868405222893,0.005429722368717194,0.006668942514806986,0.014204427599906921,0.9877395033836365,0.005099759437143803,0.009524733759462833,1.0,0.007096880115568638,0.01350440550595522,0.9889503121376038,0.006650875322520733,0.01270782295614481,0.9920845031738281,0.006843827199190855,0.015027647837996483,0.970126211643219,0.007250065915286541,0.012429112568497658,0.985401451587677
Microdaceton_tibialis_CASENT0745552_processed.obj,Stage_3_deform_fine,0.00013063306687399745,0.013269959948956966,0.006611248943954706,0.00665871100500226,0.01423642411828041,0.08195019513368607,0.39374667406082153,0.39906665682792664,0.38856667280197144,0.8606730103492737,0.8790667057037354,0.8430333137512207,0.9866347908973694,0.9827666878700256,0.9905333518981934,0.998447597026825,0.9969000220298767,1.0,0.8337010741233826,0.07970000058412552,1.0899523496627808,0.7779393196105957,1.9434813261032104,0.4446563422679901,0.3003482520580292,1.2274707555770874,0.556609570980072,0.0,0.7234338521957397,0.20350463688373566,0.014053952880203724,0.04128007963299751,0.32481253147125244,12.048727035522461,59.01841354370117,0.0028682248666882515,0.004669662564992905,0.004876282531768084,0.0046860650181770325,-0.0030288537964224815,0.005363102070987225,0.009920935146510601,1.0,0.005351169500499964,0.009716635569930077,0.9990796446800232,0.007719851098954678,0.013906309381127357,0.9861878752708435,0.006085190922021866,0.010588275268673897,1.0,0.006775677669793367,0.01241032499819994,0.988926112651825,0.007246884051710367,0.011328579857945442,0.9975668787956238
Mycetagroicus_inflatus_CASENT0745121_processed.obj,Stage_3_deform_fine,0.00014082535926718265,0.014291895553469658,0.006759352516382933,0.0075325435027480125,0.016879620030522346,0.049920640885829926,0.3404669761657715,0.35173332691192627,0.32989999651908875,0.8243250250816345,0.8619666695594788,0.7898333668708801,0.9801774621009827,0.9876333475112915,0.9728333353996277,1.0,1.0,1.0,0.8025974631309509,0.24873334169387817,1.1425269842147827,1.3248164653778076,2.125401735305786,0.41909703612327576,0.3333311080932617,1.5729418992996216,0.6116894483566284,0.0,0.720991313457489,0.20002178847789764,0.01460593193769455,0.036009736359119415,0.317226380109787,12.275557518005371,60.39316177368164,0.002770444378256798,0.001935176202096045,0.002398837823420763,0.001967129297554493,-0.008568606339395046,0.005774394143372774,0.010417550802230835,0.9996168613433838,0.005764379166066647,0.010272592306137085,1.0,0.006450583692640066,0.011473476886749268,0.9972376227378845,0.006942057982087135,0.012612853199243546,0.9920845031738281,0.006908870767802,0.013400848954916,0.9902137517929077,0.006613610778003931,0.012105284258723259,0.9939172863960266
Myrmelachista_nodigera_CASENT0709257_processed.obj,Stage_3_deform_fine,9.581905760569498e-05,0.011890723370015621,0.005871279630810022,0.006019443739205599,0.012592344544827938,0.043806206434965134,0.4558451771736145,0.4609000086784363,0.45090001821517944,0.9028370380401611,0.9151333570480347,0.8908666968345642,0.991165280342102,0.9900000095367432,0.9923333525657654,1.0,1.0,1.0,0.889888346195221,0.07053333520889282,1.096356749534607,0.6528740525245667,2.001591444015503,0.4278094470500946,0.3025279939174652,1.2500580549240112,0.5651991367340088,0.0,0.7371988296508789,0.2272300124168396,0.011017967946827412,0.025692714378237724,0.1344786286354065,11.481701850891113,57.69916534423828,0.0030311921145766973,0.00782344862818718,0.008023007772862911,0.00785667635500431,0.00016603991389274597,0.0051314751617610455,0.009765657596290112,0.9996168613433838,0.004875123966485262,0.009159074164927006,1.0,0.007357863709330559,0.012850807048380375,1.0,0.00656380457803607,0.012361489236354828,0.9947230219841003,0.006689343135803938,0.012505578808486462,0.9938192367553711,0.006938197650015354,0.012265335768461227,0.989051103591919
Myrmoteras_sp._CASENT0745623_processed.obj,Stage_3_deform_fine,0.00014658819418400526,0.013424299657344818,0.007079822011291981,0.00634447718039155,0.01831130124628544,0.05748150870203972,0.4338696002960205,0.43753334879875183,0.43026667833328247,0.8620454668998718,0.8563666939735413,0.8677999973297119,0.9727731943130493,0.956166684627533,0.9899666905403137,0.999165952205658,0.9983333349227905,1.0,0.7942389249801636,0.2383333295583725,1.120775580406189,0.9834621548652649,2.1039981842041016,0.4126649796962738,0.3453492522239685,1.485416054725647,0.6355380415916443,0.0,0.6937969923019409,0.18234632909297943,0.014221263118088245,0.03411586210131645,0.17664961516857147,12.330860137939453,59.894256591796875,0.003389720106497407,0.02152949757874012,0.021738946437835693,0.02173333801329136,0.0007459055632352829,0.005088177043944597,0.010025028139352798,0.9984674453735352,0.005076793488115072,0.00915868766605854,1.0,0.006327028851956129,0.010521944612264633,1.0,0.005938922055065632,0.01066805049777031,1.0,0.00631378497928381,0.013366657309234142,0.9775946736335754,0.005752195604145527,0.01199131179600954,0.9927006959915161
Neivamyrmex_cf.diana_CASENT0744107_processed.obj,Stage_3_deform_fine,0.00016618790687061846,0.014520768076181412,0.0071196830831468105,0.007401084527373314,0.015842940658330917,0.09024273604154587,0.3303449749946594,0.3420666754245758,0.31940001249313354,0.8381063342094421,0.868233323097229,0.8100000023841858,0.9778664708137512,0.9783333539962769,0.977400004863739,0.9973291158676147,0.9952666759490967,0.9994000196456909,0.8448449969291687,0.209933340549469,1.1240464448928833,1.2746117115020752,1.9258167743682861,0.4303174614906311,0.31657668948173523,1.3857309818267822,0.5968465209007263,0.0,0.7229734063148499,0.1959378868341446,0.01368444412946701,0.03197043016552925,0.33612602949142456,12.142953872680664,58.22003173828125,0.002085981657728553,0.006554794032126665,0.0068312278017401695,0.006551720667630434,-0.010134173557162285,0.0058084093034267426,0.01029089093208313,1.0,0.005810694303363562,0.010610773228108883,1.0,0.007390276063233614,0.014830461703240871,0.972375750541687,0.006369806360453367,0.010613352060317993,1.0,0.006630411371588707,0.012867567129433155,0.9909863471984863,0.006892883684486151,0.013004599139094353,1.0
Neivamyrmex_cf.hetschkoi_CASENT0744506_processed.obj,Stage_3_deform_fine,0.00011479697423055768,0.012648383155465126,0.006052833981812,0.006595549639314413,0.014407847076654434,0.07782643288373947,0.4230124354362488,0.43433332443237305,0.41226667165756226,0.8866414427757263,0.9178333282470703,0.8575000166893005,0.9864944815635681,0.9888333678245544,0.98416668176651,0.9995832443237305,0.9992333650588989,0.9999333620071411,0.8682001829147339,0.16393333673477173,1.0977725982666016,0.7938326597213745,1.7765214443206787,0.5120805501937866,0.2697877287864685,1.2990238666534424,0.48581820726394653,0.0,0.7426639199256897,0.22581501305103302,0.010094835422933102,0.02258717454969883,0.17696362733840942,11.96025276184082,58.1134033203125,0.0024771031457930803,0.02209489792585373,0.02241632714867592,0.022308634594082832,0.003713579848408699,0.005116578191518784,0.009649300947785378,0.9992337226867676,0.004984373226761818,0.009032980538904667,1.0,0.007770376745611429,0.013083571568131447,1.0,0.005836145021021366,0.009317802265286446,1.0,0.0061363703571259975,0.010881084948778152,0.9992274045944214,0.006246289238333702,0.010324490256607533,1.0
Neoponera_commutata_CASENT0744610_processed.obj,Stage_3_deform_fine,0.0001687661570031196,0.013551028445363045,0.007114929147064686,0.006436098832637072,0.016974415630102158,0.09950745105743408,0.42712655663490295,0.43673333525657654,0.4179333448410034,0.8644857406616211,0.8759333491325378,0.8533333539962769,0.9770829081535339,0.9621999859809875,0.9924333691596985,0.9955469369888306,0.9911333322525024,1.0,0.8213214874267578,0.17720000445842743,1.1594867706298828,1.0647776126861572,2.30570650100708,0.4235919415950775,0.3504253327846527,1.6612337827682495,0.6359091997146606,0.0,0.7021775841712952,0.21578754484653473,0.01408381573855877,0.03774648159742355,0.31949907541275024,12.494298934936523,64.71781158447266,0.004660865291953087,0.08987532556056976,0.09028598666191101,0.09319468587636948,0.011430032551288605,0.00567822577431798,0.011189105920493603,0.9919540286064148,0.004857304971665144,0.009143810719251633,1.0,0.007557755336165428,0.01289819460362196,0.9779005646705627,0.005198902450501919,0.009513285011053085,1.0,0.006183424964547157,0.012139545753598213,0.9933041930198669,0.00852223951369524,0.02315378561615944,0.9440389275550842
Nomamyrmex_esenbeckii_CASENT0744586_processed.obj,Stage_3_deform_fine,0.00011508988973218948,0.011666089296340942,0.006196692585945129,0.005469396244734526,0.016433274373412132,0.05884021893143654,0.5444906949996948,0.5529000163078308,0.5363333225250244,0.8990498781204224,0.8904666900634766,0.907800018787384,0.9792717099189758,0.9616667032241821,0.9975333213806152,0.9995498657226562,0.9991000294685364,1.0,0.7711914777755737,0.1450333297252655,1.1644582748413086,1.0604463815689087,2.4564456939697266,0.3999512493610382,0.37186965346336365,1.6214585304260254,0.6943672895431519,0.0,0.6902772188186646,0.19857066869735718,0.013616976328194141,0.03300003707408905,0.17450948059558868,11.970149040222168,64.61113739013672,0.0035852810833603144,0.019511256366968155,0.01981368102133274,0.019761549308896065,-0.0004935264587402344,0.004476270172744989,0.008371647447347641,0.9969348907470703,0.00421207444742322,0.007344185374677181,1.0,0.005474602337926626,0.010850745253264904,0.9972376227378845,0.004894922953099012,0.008578089065849781,1.0,0.005560442339628935,0.011046193540096283,0.9896987080574036,0.006224294658750296,0.012491391971707344,0.9683698415756226
Odontomachus_bauri_CASENT0878072_processed.obj,Stage_3_deform_fine,0.00011377183545846492,0.011821725405752659,0.006101780105382204,0.005719945300370455,0.014857843518257141,0.08212700486183167,0.5108314752578735,0.5187333226203918,0.503166675567627,0.9062929153442383,0.9037666916847229,0.9088333249092102,0.9814311265945435,0.9700333476066589,0.9930999875068665,0.999183177947998,0.9987333416938782,0.9996333718299866,0.8511346578598022,0.07233333587646484,1.118682861328125,0.9095724821090698,2.058173894882202,0.4815595746040344,0.2969462275505066,1.285926342010498,0.5374680161476135,0.0,0.7112288475036621,0.2061752825975418,0.012479959055781364,0.027226371690630913,0.35307013988494873,12.25582218170166,59.66838073730469,0.002574883634224534,0.005043399520218372,0.005303019192069769,0.0051016779616475105,-0.0028992388397455215,0.0045713018625974655,0.008725255727767944,0.9988505840301514,0.004738806281238794,0.008668373338878155,0.9990796446800232,0.005876969546079636,0.008800205774605274,0.991712749004364,0.006285926327109337,0.01308615691959858,1.0,0.006099517457187176,0.011721532791852951,0.9876384139060974,0.006463055033236742,0.012594562023878098,0.9671532511711121
Parasyscia_sp._CASENT0878063_processed.obj,Stage_3_deform_fine,0.00018202122009824961,0.015448793768882751,0.00769912451505661,0.007749668788164854,0.017101401463150978,0.10189421474933624,0.3061405420303345,0.3104666769504547,0.3019333481788635,0.795444130897522,0.8221333622932434,0.7704333662986755,0.9701663851737976,0.9661333560943604,0.9742333292961121,0.997929573059082,0.9959999918937683,0.9998666644096375,0.8277431130409241,0.22376666963100433,1.163743495941162,1.2588337659835815,2.331364154815674,0.4077465832233429,0.3506323993206024,1.9197723865509033,0.6731947660446167,0.0,0.6867994070053101,0.1934523582458496,0.015713941305875778,0.04446667805314064,0.29302528500556946,12.40074348449707,60.976905822753906,0.00391121581196785,0.008574055507779121,0.008880743756890297,0.008567317388951778,0.0006533060222864151,0.007286381907761097,0.016205547377467155,0.9773946404457092,0.005817454308271408,0.010411803610622883,0.999539852142334,0.007999375462532043,0.015406700782477856,0.9972376227378845,0.006612002849578857,0.011430793441832066,0.9973615407943726,0.007451387122273445,0.014151013456285,0.9804275035858154,0.007196391467005014,0.014860845170915127,0.9829683899879456
Pheidole_megacephala_CASENT0744846_processed.obj,Stage_3_deform_fine,0.00021777278743684292,0.01720237545669079,0.00852730218321085,0.008675073273479939,0.01938553899526596,0.09070800989866257,0.24609455466270447,0.2517000138759613,0.240733340382576,0.7290664911270142,0.7540333271026611,0.7056999802589417,0.9550999999046326,0.9550666809082031,0.955133318901062,0.9982137680053711,0.9965000152587891,0.9999333620071411,0.82463139295578,0.37310001254081726,1.2278130054473877,1.3085342645645142,2.4194252490997314,0.4052638113498688,0.3795624077320099,2.1214547157287598,0.7109453082084656,0.0,0.6747220158576965,0.1806870698928833,0.019142260774970055,0.04794498533010483,0.2163449078798294,13.146807670593262,69.63739776611328,0.005703856237232685,0.012174848467111588,0.012490005232393742,0.012107755057513714,-0.0023149466142058372,0.006489928346127272,0.011835239827632904,0.998084306716919,0.008221008814871311,0.01576777547597885,0.9875748157501221,0.008142907172441483,0.01458166167140007,0.9972376227378845,0.007266699336469173,0.013782396912574768,0.9920845031738281,0.007704223971813917,0.014523811638355255,0.9842905402183533,0.007657576818019152,0.014095569029450417,0.9829683899879456
Polyergus_rufescens_CASENT0745190_processed.obj,Stage_3_deform_fine,0.0002829384757205844,0.017919771373271942,0.009421187452971935,0.008498584851622581,0.026423268020153046,0.09386074542999268,0.26396119594573975,0.266400009393692,0.2615666687488556,0.7386871576309204,0.7486000061035156,0.729033350944519,0.9430709481239319,0.928600013256073,0.9580000042915344,0.9922464489936829,0.9862333536148071,0.9983333349227905,0.7909217476844788,0.28646665811538696,1.1951541900634766,1.4195497035980225,2.430185079574585,0.4044092297554016,0.3710661828517914,1.9564526081085205,0.6961742043495178,0.0,0.6817145347595215,0.17800389230251312,0.018124086782336235,0.042874984443187714,0.429215669631958,12.43510913848877,62.78926467895508,0.004726052284240723,0.042042285203933716,0.042296770960092545,0.04198601841926575,0.01962847076356411,0.0064897313714027405,0.012260259129106998,0.9973180294036865,0.007357032969594002,0.014628099277615547,0.9898757934570312,0.009669965133070946,0.021872838959097862,0.930939257144928,0.006822923664003611,0.012357302010059357,1.0,0.008722962811589241,0.020354503765702248,0.9479783773422241,0.008779923431575298,0.018937598913908005,0.9549878239631653
Polyrhachis_illaudata_CASENT0877572_processed.obj,Stage_3_deform_fine,0.00016166179557330906,0.014864149503409863,0.007288532797247171,0.007575616706162691,0.016934499144554138,0.05469073727726936,0.3416496217250824,0.3526666760444641,0.3312999904155731,0.8050806522369385,0.8446333408355713,0.7690666913986206,0.9716804623603821,0.9645666480064392,0.9789000153541565,0.9999000430107117,0.9998000264167786,1.0,0.8357897400856018,0.2824999988079071,1.2008321285247803,1.206728458404541,2.4789371490478516,0.4085097908973694,0.36305469274520874,1.8206461668014526,0.6813382506370544,0.0,0.68093341588974,0.17454268038272858,0.01762733981013298,0.04564487189054489,0.23378603160381317,12.599594116210938,62.09193801879883,0.0034549070987850428,0.004574500024318695,0.004776022396981716,0.00463983416557312,-0.003056336659938097,0.0058934492990374565,0.010869852267205715,0.9984674453735352,0.005882901605218649,0.011049645021557808,0.9963184595108032,0.007295951247215271,0.013598814606666565,0.9779005646705627,0.006511013954877853,0.011198054999113083,1.0,0.006871185731142759,0.012635046616196632,0.9917589426040649,0.006865150295197964,0.012315678410232067,0.9963503479957581
Poneracantha_triangularis_CASENT0744645_processed.obj,Stage_3_deform_fine,0.00017909883172251284,0.015302980318665504,0.00767517788335681,0.007627802900969982,0.019504563882946968,0.0656895712018013,0.33798882365226746,0.35233333706855774,0.3247666656970978,0.7966828942298889,0.8251667022705078,0.7700999975204468,0.9642344117164612,0.9524000287055969,0.9763666987419128,0.9990490674972534,0.9980999827384949,1.0,0.752183735370636,0.2902333438396454,1.1706974506378174,1.072546362876892,2.4229509830474854,0.3823520839214325,0.3816988468170166,1.637207269668579,0.6971898078918457,0.0,0.6663765907287598,0.17587731778621674,0.015197908505797386,0.038767050951719284,0.21195794641971588,12.503323554992676,62.78804397583008,0.0037482483312487602,0.017790967598557472,0.01805448718369007,0.017786504700779915,0.005300545133650303,0.00619073212146759,0.011868410743772984,0.9896551966667175,0.005071836523711681,0.009228549897670746,1.0,0.007091629318892956,0.018276307731866837,0.950276255607605,0.005959703586995602,0.011030235327780247,1.0,0.006938386242836714,0.014508659020066261,0.9809426069259644,0.006540025118738413,0.012622919864952564,0.9914841651916504
Probolomyrmex_sp._CASENT0744992_processed.obj,Stage_3_deform_fine,0.000169327380717732,0.015251083299517632,0.007447585463523865,0.0078034973703324795,0.01690908521413803,0.06868743151426315,0.30956652760505676,0.320333331823349,0.2994999885559082,0.7976406216621399,0.8280333280563354,0.7694000005722046,0.9719820618629456,0.9708666801452637,0.9731000065803528,0.9992499947547913,0.9991999864578247,0.9993000030517578,0.824190616607666,0.2438666671514511,1.1824475526809692,1.1510848999023438,2.320815086364746,0.40127044916152954,0.3504829406738281,1.7693079710006714,0.6562119126319885,0.0,0.7003471255302429,0.20044079422950745,0.014562945812940598,0.0401313491165638,0.20646782219409943,11.926765441894531,59.646240234375,0.0037482483312487602,0.009145345538854599,0.009391194209456444,0.009177371859550476,-0.0028479062020778656,0.006413334049284458,0.011850671842694283,0.9984674453735352,0.005988951772451401,0.011072250083088875,1.0,0.007427041884511709,0.013935932889580727,0.9861878752708435,0.007280174642801285,0.012936071492731571,0.9947230219841003,0.006985068321228027,0.014058781787753105,0.9832603931427002,0.006967080291360617,0.01281744334846735,0.9829683899879456
Procryptocerus_hirsutus_CASENT0744064_processed.obj,Stage_3_deform_fine,0.00016042539209593087,0.015017888508737087,0.0074160038493573666,0.007601884659379721,0.016222255304455757,0.09436700493097305,0.3068627715110779,0.31306666135787964,0.30090001225471497,0.8099815845489502,0.8280333280563354,0.7926999926567078,0.9733296036720276,0.9714333415031433,0.9752333164215088,0.9992331862449646,0.9988666772842407,0.9995999932289124,0.8421508073806763,0.171833336353302,1.1112987995147705,0.8404200077056885,2.066282033920288,0.39713385701179504,0.3424249589443207,1.330209732055664,0.6454603672027588,0.0,0.6907154321670532,0.18790175020694733,0.015719866380095482,0.03820008039474487,0.21830692887306213,12.321013450622559,58.31035232543945,0.0022815424017608166,0.00511182053014636,0.005436548963189125,0.005117278080433607,-0.012724163010716438,0.006044041831046343,0.010985145345330238,1.0,0.006210301071405411,0.011314400471746922,0.999539852142334,0.009172127582132816,0.024046339094638824,0.919889509677887,0.008277468383312225,0.015488795004785061,0.9894459247589111,0.007636432535946369,0.014525327831506729,0.9799124598503113,0.008695979602634907,0.017134247347712517,0.9683698415756226
Pseudomyrmex_termitarius_CASENT0744247_processed.obj,Stage_3_deform_fine,0.00017163495067507029,0.015107683837413788,0.007327291648834944,0.007780392654240131,0.018309062346816063,0.06645204871892929,0.33580586314201355,0.34443333745002747,0.32760000228881836,0.8049386143684387,0.8374000191688538,0.7749000191688538,0.9643261432647705,0.9669666886329651,0.9617000222206116,0.9993664026260376,0.9988333582878113,0.9998999834060669,0.8096234202384949,0.29253333806991577,1.107898473739624,0.9809185862541199,1.9601736068725586,0.4222439229488373,0.31820032000541687,1.3881778717041016,0.6020839810371399,0.0,0.6959800124168396,0.1926676630973816,0.013130288571119308,0.032233938574790955,0.23230741918087006,12.475643157958984,59.724613189697266,0.0029008181300014257,0.004217418376356363,0.004448859021067619,0.004230891354382038,-0.0023736399598419666,0.00585696566849947,0.010869242250919342,0.9996168613433838,0.005746740847826004,0.010549413971602917,1.0,0.00717946607619524,0.011943788267672062,0.9889503121376038,0.0065080551430583,0.012655987404286861,1.0,0.006936618126928806,0.013042323291301727,0.9878959655761719,0.006311269011348486,0.010921611450612545,0.9866179823875427
Solenopsis_invicta_CASENT0744090_processed.obj,Stage_3_deform_fine,0.00020584356389008462,0.017057325690984726,0.00821320153772831,0.008844125084578991,0.019537601619958878,0.09330981224775314,0.24630795419216156,0.25236666202545166,0.24053333699703217,0.7234222292900085,0.7607333660125732,0.6895999908447266,0.9584627151489258,0.962933361530304,0.9540333151817322,0.9993665218353271,0.9990000128746033,0.9997333288192749,0.8290073275566101,0.25056666135787964,1.1843047142028809,1.3434138298034668,2.453601837158203,0.3917241096496582,0.37399929761886597,1.9816420078277588,0.7000433206558228,0.0,0.6751653552055359,0.16990797221660614,0.018909232690930367,0.04979626089334488,0.24645033478736877,12.691629409790039,62.910316467285156,0.004367524292320013,0.019344253465533257,0.019878171384334564,0.019276272505521774,-0.0018085725605487823,0.007319736294448376,0.014442665502429008,0.9804598093032837,0.007912438362836838,0.01555378083139658,0.9769903421401978,0.007956577464938164,0.014955674298107624,0.9779005646705627,0.007779743056744337,0.015184612013399601,0.9841688871383667,0.009697332978248596,0.022411299869418144,0.9361318945884705,0.008607575669884682,0.01810622401535511,0.9671532511711121
Streblognathus_peetersi_CASENT0744989_processed.obj,Stage_3_deform_fine,0.00010470115375937894,0.011867087334394455,0.005891413427889347,0.005975673440843821,0.012719054706394672,0.06967255473136902,0.4741989076137543,0.4861000180244446,0.4628666639328003,0.9042139053344727,0.9210667014122009,0.8879666924476624,0.9899459481239319,0.9854333400726318,0.9944999814033508,0.9987988471984863,0.9977333545684814,0.9998666644096375,0.8856878876686096,0.06906666606664658,1.0627532005310059,0.7225960493087769,1.6953319311141968,0.48135295510292053,0.2668251097202301,1.1366307735443115,0.49016162753105164,0.0,0.7287784814834595,0.2042676955461502,0.01175739150494337,0.030631711706519127,0.23300793766975403,11.76594066619873,56.64021301269531,0.0021185751538723707,0.008200048469007015,0.008923124521970749,0.008336955681443214,0.0014965557493269444,0.005257097072899342,0.01035731565207243,0.9992337226867676,0.004939686041325331,0.009488223120570183,0.999539852142334,0.008733219467103481,0.02002994902431965,0.9475138783454895,0.005428427830338478,0.009034042246639729,1.0,0.006026000715792179,0.0109772440046072,0.9961370229721069,0.0067964885383844376,0.011895658448338509,0.989051103591919
Strumigenys_kumadori_OKENT0105284_processed.obj,Stage_3_deform_fine,0.00015147097292356193,0.013437066227197647,0.006646386813372374,0.0067906794138252735,0.015014340169727802,0.08184681087732315,0.4072881042957306,0.4280666708946228,0.3884333372116089,0.8741072416305542,0.9035000205039978,0.8465666770935059,0.9777617454528809,0.9755666851997375,0.9799667000770569,0.9973094463348389,0.9946333169937134,1.0,0.851648211479187,0.16820000112056732,1.0709242820739746,0.9590570330619812,1.8316335678100586,0.40922895073890686,0.3171394467353821,1.1611943244934082,0.5976595282554626,0.0,0.6865786910057068,0.19570842385292053,0.014147530309855938,0.0364295057952404,0.19068001210689545,12.232316017150879,58.473384857177734,0.0023141358979046345,0.02309490367770195,0.023588567972183228,0.02314666658639908,-0.0008325260132551193,0.005161255598068237,0.009064750745892525,1.0,0.005595557391643524,0.010551809333264828,1.0,0.006935603450983763,0.011241700500249863,1.0,0.005946758668869734,0.010738513432443142,1.0,0.006378567777574062,0.011601902544498444,0.9894411563873291,0.005550837144255638,0.010552004911005497,0.9975668787956238
Strumigenys_minutula_OKENT0105207_processed.obj,Stage_3_deform_fine,0.00018647934484761208,0.014527729712426662,0.007039668038487434,0.007488061673939228,0.01672731153666973,0.1463896930217743,0.3398110866546631,0.36016666889190674,0.32163333892822266,0.8414388298988342,0.8790667057037354,0.8069000244140625,0.9758113622665405,0.9804666638374329,0.9711999893188477,0.997963011264801,0.9960333704948425,0.9998999834060669,0.8127593398094177,0.3612000048160553,1.0829150676727295,0.7790014743804932,1.7765966653823853,0.47645390033721924,0.2849598824977875,1.246199607849121,0.5241596698760986,0.0,0.7111051678657532,0.20819522440433502,0.011229487136006355,0.028432834893465042,0.21642202138900757,12.546585083007812,61.45530700683594,0.003813435323536396,0.0013210709439590573,0.001597528695128858,0.0013225593138486147,-0.003408609889447689,0.00592929357662797,0.01050911657512188,0.9996168613433838,0.006061441730707884,0.011520622298121452,0.999539852142334,0.007121282164007425,0.012126903980970383,0.9889503121376038,0.006950938608497381,0.012178704142570496,0.9947230219841003,0.005927945487201214,0.010073937475681305,0.9912438988685608,0.006188949570059776,0.013420692645013332,0.9939172863960266
Temnothorax_OK01_OKENT0105230_processed.obj,Stage_3_deform_fine,0.0001641108246985823,0.014996979385614395,0.007099189795553684,0.007897789590060711,0.017471158877015114,0.06776124984025955,0.3238618075847626,0.342766672372818,0.30693334341049194,0.8051488995552063,0.8484333157539368,0.7660666704177856,0.9728452563285828,0.9774333238601685,0.9682999849319458,0.9991999864578247,0.9994333386421204,0.9989666938781738,0.8007769584655762,0.3204333484172821,1.1518357992172241,1.2701263427734375,2.1939239501953125,0.4091847836971283,0.3427075743675232,1.5360108613967896,0.6404825448989868,0.0,0.694504976272583,0.20300191640853882,0.012818949297070503,0.030378127470612526,0.2787935733795166,12.139731407165527,60.668495178222656,0.0031289723701775074,0.005313408095389605,0.005520449951291084,0.0053567104041576385,-0.003628044854849577,0.006279344670474529,0.010809337720274925,1.0,0.005602858494967222,0.010455112904310226,1.0,0.007187893148511648,0.012958653271198273,1.0,0.006328965537250042,0.010486965999007225,1.0,0.006911784410476685,0.013385036960244179,0.9930466413497925,0.007063805125653744,0.014656784012913704,0.9756690859794617
Temnothorax_affinis_CASENT0745855_processed.obj,Stage_3_deform_fine,0.00026735590654425323,0.015510926023125648,0.008446787483990192,0.007064139004796743,0.021454960107803345,0.14044345915317535,0.3810495138168335,0.3806000053882599,0.3815000057220459,0.8198877573013306,0.8230666518211365,0.8167333602905273,0.960149884223938,0.9449000358581543,0.9758999943733215,0.9913621544837952,0.9830333590507507,0.999833345413208,0.8065212368965149,0.2632000148296356,1.1402555704116821,1.0574123859405518,2.2434089183807373,0.4000285267829895,0.351420521736145,1.8661587238311768,0.6920692920684814,0.0,0.6722813844680786,0.1782967448234558,0.01505916379392147,0.036442387849092484,0.23778036236763,12.596624374389648,61.94512176513672,0.0035200940910726786,0.000751185230910778,0.0016273082001134753,0.000743902928661555,-0.012783714570105076,0.005832374095916748,0.011394869536161423,0.9977011680603027,0.005509297829121351,0.010254721157252789,1.0,0.007310629356652498,0.011608235538005829,1.0,0.006256152410060167,0.011170852929353714,1.0,0.007070142310112715,0.013670253567397594,0.989956259727478,0.005917780101299286,0.010252109728753567,0.9987834692001343
Temnothorax_crassispinus_CASENT0745822_processed.obj,Stage_3_deform_fine,0.00014247698709368706,0.013745127245783806,0.0068102264776825905,0.006934900768101215,0.015436303801834583,0.09518026560544968,0.38095414638519287,0.3880999982357025,0.37406668066978455,0.8523452281951904,0.872866690158844,0.8327666521072388,0.9776402711868286,0.9745666980743408,0.980733335018158,0.9989657402038574,0.9980000257492065,0.9999333620071411,0.8430071473121643,0.12933333218097687,1.0926586389541626,0.7386807203292847,1.923338770866394,0.4223537743091583,0.3135587275028229,1.246446132659912,0.5910631418228149,0.0,0.7176142930984497,0.1954122930765152,0.013353342190384865,0.03227682784199715,0.20873509347438812,12.279130935668945,59.90107727050781,0.00264007062651217,0.01794077828526497,0.01822361908853054,0.017978163436055183,-0.002197040244936943,0.00539663340896368,0.010010140016674995,1.0,0.0054503851570189,0.010131684131920338,0.9976990222930908,0.008009400218725204,0.013771986588835716,1.0,0.007607857696712017,0.017302347347140312,1.0,0.00760638527572155,0.016749344766139984,0.9608550071716309,0.006225197575986385,0.012066606432199478,0.989051103591919
Tetramorium_weitzeckeri_CASENT0744903_processed.obj,Stage_3_deform_fine,0.0002646945358719677,0.01507907547056675,0.008052682504057884,0.007026392500847578,0.017106378450989723,0.13750305771827698,0.37039729952812195,0.3796333372592926,0.36160001158714294,0.8400253653526306,0.8568666577339172,0.8238333463668823,0.9713054895401001,0.959600031375885,0.9833000302314758,0.9927149415016174,0.9855999946594238,0.9999333620071411,0.8190112709999084,0.19733333587646484,1.1406816244125366,1.2444320917129517,2.1325929164886475,0.38299453258514404,0.35643553733825684,1.4091570377349854,0.6755672693252563,0.0,0.6750466227531433,0.16678312420845032,0.016550902277231216,0.04296724870800972,0.25676995515823364,12.43431282043457,61.76513671875,0.0028682248666882515,0.00733401020988822,0.007633163593709469,0.00744670070707798,-0.011082934215664864,0.005506747867912054,0.009951151907444,0.9996168613433838,0.005226720590144396,0.009422567673027515,1.0,0.006591225508600473,0.012870166450738907,0.9972376227378845,0.006416337564587593,0.011477882973849773,0.9973615407943726,0.007026305887848139,0.014554879628121853,0.9760494828224182,0.006851810496300459,0.013945536687970161,0.9939172863960266
Typhlomyrmex_rogenhoferi_CASENT0744314_processed.obj,Stage_3_deform_fine,0.00026900312514044344,0.019409528002142906,0.009173962287604809,0.010235565714538097,0.022995149716734886,0.0919785350561142,0.17708393931388855,0.1851000040769577,0.16973333060741425,0.6441293954849243,0.6880666613578796,0.6054666638374329,0.9368991255760193,0.9549333453178406,0.919533371925354,0.9984328746795654,0.9977333545684814,0.9991333484649658,0.767233669757843,0.40976667404174805,1.2270524501800537,1.2450028657913208,2.6798453330993652,0.41593360900878906,0.387755811214447,1.9565728902816772,0.6875872611999512,0.0,0.6845183968544006,0.18576399981975555,0.01759883016347885,0.04701032117009163,0.26087650656700134,12.742189407348633,64.61494445800781,0.0044327108189463615,0.0005877663497813046,0.000770151789765805,0.0006168227992020547,-0.005576465744525194,0.00796099379658699,0.015061688609421253,0.9804598093032837,0.00764441629871726,0.014067969284951687,0.9930971264839172,0.007778993807733059,0.013300850056111813,1.0,0.00883568450808525,0.016951223835349083,0.9683377742767334,0.007850253023207188,0.015809712931513786,0.9765645265579224,0.008208266459405422,0.015600413084030151,0.9768856167793274
