mesh,stage,chamfer_l2,chamfer_l1,acc_mean,comp_mean,hausdorff_95,hausdorff_max,fscore@0.005,precision@0.005,recall@0.005,fscore@0.01,precision@0.01,recall@0.01,fscore@0.02,precision@0.02,recall@0.02,fscore@0.05,precision@0.05,recall@0.05,normal_consistency,normal_flip_frac,edge_ratio_mean,edge_ratio_std,edge_stretch_p95,edge_compress_p05,edge_logratio_absmean,area_ratio_mean,area_logratio_absmean,degenerate_tri_frac,tri_quality_mean,tri_quality_p05,deform_mag_mean,deform_mag_p95,deform_mag_max,dihedral_mean,dihedral_p99,folded_face_frac,midline_dev_mean,midline_dev_p95,midline_dev_mean_norm,midline_dev_excess,part_body_dist_mean,part_body_dist_p95,part_body_within_tau,part_head_dist_mean,part_head_dist_p95,part_head_within_tau,part_antenna_dist_mean,part_antenna_dist_p95,part_antenna_within_tau,part_mandible_dist_mean,part_mandible_dist_p95,part_mandible_within_tau,part_leg_dist_mean,part_leg_dist_p95,part_leg_within_tau,part_leg_distal_dist_mean,part_leg_distal_dist_p95,part_leg_distal_within_tau
Acanthostichus_aff.brevicornis_CASENT0744328_processed.obj,Stage_2_deform_coarse,0.0001946194242918864,0.016078585758805275,0.008023505099117756,0.008055080659687519,0.01954733207821846,0.05852378159761429,0.322928249835968,0.3255999982357025,0.32030001282691956,0.761894941329956,0.774066686630249,0.7501000165939331,0.9540325999259949,0.9531999826431274,0.9548666477203369,0.9997499585151672,0.999500036239624,1.0,0.8111014366149902,0.19716666638851166,1.2984048128128052,1.3217028379440308,2.7578022480010986,0.5614915490150452,0.33420106768608093,2.2541146278381348,0.5880926251411438,0.0,0.7526744604110718,0.31796231865882874,0.015738822519779205,0.038678497076034546,0.32481783628463745,14.41067886352539,84.8586196899414,0.008599628694355488,0.0011510249460116029,0.0017340283375233412,0.0011431275634095073,-0.007345025893300772,0.00761593459174037,0.01812618598341942,0.9632325172424316,0.00577396247535944,0.011278839781880379,0.9958601593971252,0.009247517213225365,0.01684577390551567,0.9834254384040833,0.007260556798428297,0.013297549448907375,0.9947230219841003,0.0089205177500844,0.018993832170963287,0.9601234793663025,0.0076367720030248165,0.0140829524025321,0.9866179823875427
Acromyrmex_coronatus_CASENT0744365_processed.obj,Stage_2_deform_coarse,0.0002833222970366478,0.018413305282592773,0.00964202731847763,0.008771278895437717,0.025584151968359947,0.08949192613363266,0.22508560121059418,0.22689999639987946,0.2232999950647354,0.7185067534446716,0.7324333190917969,0.7050999999046326,0.9444633722305298,0.9302666783332825,0.9591000080108643,0.9932102560997009,0.9869666695594788,0.9995333552360535,0.8001829385757446,0.14523333311080933,1.2401317358016968,1.178678035736084,2.4903512001037598,0.5586261749267578,0.3104528784751892,1.845914363861084,0.5311895608901978,0.0,0.77358478307724,0.3140804171562195,0.018202077597379684,0.04764072224497795,0.2414878010749817,14.098658561706543,79.03337860107422,0.006873187609016895,0.052677251398563385,0.05340814217925072,0.05375953018665314,0.0019021779298782349,0.007084335666149855,0.013349254615604877,0.9908081293106079,0.006639338098466396,0.012013117782771587,0.9963201284408569,0.00749391783028841,0.012165499851107597,0.9944751858711243,0.008491638116538525,0.015465395525097847,0.9709762930870056,0.00865921750664711,0.017675822600722313,0.9673269987106323,0.008234452456235886,0.016024572774767876,0.9671532511711121
Acromyrmex_lobicornis_CASENT0878007_processed.obj,Stage_2_deform_coarse,0.00042808527359738946,0.02396492287516594,0.011467291973531246,0.012497629970312119,0.029619062319397926,0.09305474907159805,0.12450668960809708,0.12729999423027039,0.12183333188295364,0.50348299741745,0.5321666598320007,0.4777333438396454,0.8790549635887146,0.9085666537284851,0.8514000177383423,0.9945081472396851,0.9916000366210938,0.9974333643913269,0.7932716608047485,0.2359333336353302,1.346069097518921,1.407280683517456,3.0310134887695312,0.5110430717468262,0.37635892629623413,2.568476438522339,0.6771450042724609,0.0,0.7685306072235107,0.3272063136100769,0.02260449342429638,0.059118594974279404,0.2368466854095459,14.711112022399902,85.91839599609375,0.008892797864973545,0.009153061546385288,0.009734971448779106,0.00948509480804205,-0.004950289614498615,0.00997585617005825,0.02167157083749771,0.9371888637542725,0.010523023083806038,0.024220118299126625,0.9227230548858643,0.009695903398096561,0.017318179830908775,0.9640884399414062,0.011171892285346985,0.022841669619083405,0.9313984513282776,0.011235145851969719,0.022597452625632286,0.9187033772468567,0.01013417448848486,0.018804555758833885,0.9659367203712463
Anochetus_risii_CASENT0877608_processed.obj,Stage_2_deform_coarse,0.00014781685604248196,0.014608757570385933,0.0071625979617238045,0.0074461596086621284,0.0158244576305151,0.05757630988955498,0.321470707654953,0.32660001516342163,0.3165000081062317,0.8182860016822815,0.8410000205039978,0.7967666983604431,0.9785333275794983,0.9783333539962769,0.9787333607673645,0.9997333288192749,0.999500036239624,0.9999666810035706,0.8505954742431641,0.11710000038146973,1.1964991092681885,0.8909510374069214,2.2126617431640625,0.6169202923774719,0.277036190032959,1.8097686767578125,0.4889479875564575,0.0,0.7997303605079651,0.35954880714416504,0.013721918687224388,0.0386386513710022,0.32603397965431213,13.655052185058594,74.82783508300781,0.006775464862585068,0.003541764570400119,0.004091176204383373,0.0035669920034706593,-0.006661692634224892,0.006037959363311529,0.012173039838671684,0.9969360828399658,0.006591372191905975,0.013765634968876839,0.9843605756759644,0.007366671226918697,0.01329015102237463,0.9861878752708435,0.007781557273119688,0.015766652300953865,0.9868074059486389,0.007379450835287571,0.013443199917674065,0.9912528991699219,0.007640741299837828,0.018363989889621735,0.9610705375671387
Anochetus_risii_CASENT0877609_processed.obj,Stage_2_deform_coarse,0.0006362138083204627,0.028517547994852066,0.01433500461280346,0.014182543382048607,0.039406947791576385,0.15807633101940155,0.09074708819389343,0.09210000187158585,0.08943333476781845,0.41035643219947815,0.4309999942779541,0.39160001277923584,0.8145778179168701,0.8315333127975464,0.79830002784729,0.985694408416748,0.975600004196167,0.9959999918937683,0.7426912188529968,0.31626665592193604,1.427406668663025,2.0120067596435547,3.265455722808838,0.5026929974555969,0.4118390381336212,4.029784202575684,0.7422494292259216,0.0,0.7235661149024963,0.2517909109592438,0.02732178196310997,0.07272639870643616,0.3305392563343048,15.70549488067627,103.97089385986328,0.012638847343623638,0.02421761304140091,0.02509273774921894,0.024757707491517067,0.0010749008506536484,0.012123498134315014,0.027278276160359383,0.8839524984359741,0.01473991945385933,0.03280843049287796,0.7787488102912903,0.010352042503654957,0.020626770332455635,0.9447514414787292,0.01043706201016903,0.018855761736631393,0.9709762930870056,0.012472128495573997,0.026663165539503098,0.8824286460876465,0.012493690475821495,0.031942643225193024,0.8929440379142761
Aphaenogaster_pallida_CASENT0745235_processed.obj,Stage_2_deform_coarse,0.00015005219029262662,0.014266282320022583,0.0070839873515069485,0.0071822949685156345,0.01455950178205967,0.14131683111190796,0.32189106941223145,0.32690000534057617,0.3170333504676819,0.8308982253074646,0.8499667048454285,0.812666654586792,0.9860145449638367,0.9845666885375977,0.9874666929244995,0.9988988041877747,0.9977999925613403,1.0,0.8949658870697021,0.0416666679084301,1.170821189880371,0.8666043281555176,2.008681535720825,0.6449078917503357,0.2522009015083313,1.662583827972412,0.43466198444366455,0.0,0.8250409960746765,0.4278629720211029,0.010578900575637817,0.02527947537600994,0.34686580300331116,13.471474647521973,72.67676544189453,0.005928531754761934,0.00290693249553442,0.003505375236272812,0.0029205470345914364,-0.0039221434853971004,0.006413299590349197,0.011998672969639301,0.9938721060752869,0.005948263220489025,0.011572254821658134,0.9954001307487488,0.009180420078337193,0.014541566371917725,0.9944751858711243,0.007791269104927778,0.01583040878176689,0.9788918495178223,0.007577291689813137,0.013598929159343243,0.9953691959381104,0.008003603667020798,0.013360918499529362,0.9793187379837036
Atopomyrmex_mocquerysi_CASENT0744784_processed.obj,Stage_2_deform_coarse,0.0001236859243363142,0.012871254235506058,0.006504240445792675,0.006367013789713383,0.015171357430517673,0.054663121700286865,0.4432947635650635,0.44643333554267883,0.44020000100135803,0.8658983111381531,0.8698999881744385,0.8619333505630493,0.9800335168838501,0.9743666648864746,0.9857666492462158,0.999833345413208,0.999666690826416,1.0,0.813825249671936,0.1252666711807251,1.25246262550354,1.1603933572769165,2.5923049449920654,0.5654096603393555,0.3151758909225464,2.0259759426116943,0.5476948618888855,0.0,0.7822248339653015,0.3493388891220093,0.013273307122290134,0.03298395127058029,0.19882042706012726,13.509476661682129,77.30525970458984,0.006514870095998049,0.022944210097193718,0.02349849045276642,0.023504123091697693,-0.00031973235309123993,0.005178520455956459,0.010054864920675755,0.9977020621299744,0.004767372272908688,0.009765616618096828,0.9944801926612854,0.006940873339772224,0.014743819832801819,0.980663001537323,0.0070609827525913715,0.016310425475239754,0.9788918495178223,0.007203893270343542,0.015350094065070152,0.9781322479248047,0.006199313793331385,0.012116845697164536,0.9902676343917847
Carebara_trechideros_CASENT0877591_processed.obj,Stage_2_deform_coarse,0.00020074244821444154,0.015319868922233582,0.008147426880896091,0.007172441575676203,0.021738065406680107,0.09007111936807632,0.35848096013069153,0.36286666989326477,0.35420000553131104,0.8052368760108948,0.8019999861717224,0.8084999918937683,0.960963785648346,0.9413000345230103,0.9814666509628296,0.9966555237770081,0.9933333396911621,1.0,0.7629935145378113,0.17560000717639923,1.3035624027252197,1.7039676904678345,2.7703278064727783,0.5438477396965027,0.33241039514541626,2.170992612838745,0.5914326310157776,0.0,0.7685995101928711,0.3354664742946625,0.014963849447667599,0.03995366021990776,0.41101524233818054,14.070343017578125,83.84646606445312,0.008241310715675354,0.01789567619562149,0.01869312673807144,0.018302368000149727,0.0005071330815553665,0.005684351082891226,0.011758031323552132,0.9931061267852783,0.004936772398650646,0.008822105824947357,0.9995399713516235,0.0062967813573777676,0.011337632313370705,1.0,0.007016661576926708,0.0118543840944767,0.9973615407943726,0.008078085258603096,0.01790408045053482,0.9629534482955933,0.00715466495603323,0.01397465355694294,0.9829683899879456
Centromyrmex_brachycola_CASENT0744052_processed.obj,Stage_2_deform_coarse,0.00021415289666038007,0.017352387309074402,0.008232884109020233,0.009119503200054169,0.02077755704522133,0.09527561068534851,0.23488061130046844,0.24256667494773865,0.2276666760444641,0.7176733016967773,0.7525333166122437,0.6859000325202942,0.9554925560951233,0.9685666561126709,0.9427666664123535,0.9992333054542542,0.9991333484649658,0.9993333220481873,0.8391234278678894,0.19903333485126495,1.2870670557022095,1.294625997543335,2.6034202575683594,0.5735560059547424,0.3238781690597534,2.2080020904541016,0.5819804668426514,0.0,0.7872989177703857,0.37466129660606384,0.014453292824327946,0.035044196993112564,0.2754787802696228,14.13593864440918,81.63002014160156,0.007980715483427048,0.006756925024092197,0.00812880601733923,0.0068253385834395885,-0.003547217696905136,0.007097973488271236,0.013050517998635769,0.9934890866279602,0.0066621252335608006,0.012195552699267864,0.9986200332641602,0.008997880853712559,0.01557830162346363,0.9889503121376038,0.008928269147872925,0.019129812717437744,0.9577836990356445,0.008171290159225464,0.01523225661367178,0.9902238249778748,0.008830934762954712,0.016012700274586678,0.9866179823875427
Cephalotes_minutus_CASENT0709253_processed.obj,Stage_2_deform_coarse,0.000157030182890594,0.015313475392758846,0.007299444638192654,0.008014030754566193,0.016982950270175934,0.057358477264642715,0.2755487263202667,0.2831999957561493,0.26829999685287476,0.7889272570610046,0.821233332157135,0.7590667009353638,0.9791405200958252,0.9868333339691162,0.9715666770935059,0.9998499751091003,0.9997000098228455,1.0,0.8687684535980225,0.1236666664481163,1.229260802268982,1.1314743757247925,2.3051376342773438,0.5812441110610962,0.3047577440738678,1.9558106660842896,0.5392305254936218,0.0,0.8149123191833496,0.41118672490119934,0.013201966881752014,0.028113707900047302,0.29777294397354126,14.077542304992676,83.85501098632812,0.008339033462107182,0.022688621655106544,0.023237811401486397,0.0223403237760067,-0.0018879137933254242,0.006530439015477896,0.01177966594696045,0.9973190426826477,0.006484400946646929,0.011478079482913017,1.0,0.007239903323352337,0.01283523440361023,0.9889503121376038,0.008303377777338028,0.016522157937288284,0.97625333070755,0.008052194491028786,0.016065707430243492,0.9765886664390564,0.007611671928316355,0.016207223758101463,0.9817517995834351
Cephalotes_simillimus_CASENT0744408_processed.obj,Stage_2_deform_coarse,0.0005072717322036624,0.026046020910143852,0.012057311832904816,0.013988709077239037,0.03361636400222778,0.11453662812709808,0.11034061014652252,0.11363333463668823,0.10723333805799484,0.4580894708633423,0.49966666102409363,0.42289999127388,0.8392674326896667,0.8876333236694336,0.7958999872207642,0.9943644404411316,0.9928666949272156,0.9958666563034058,0.7784184813499451,0.44519999623298645,1.3809114694595337,1.9658499956130981,3.0593833923339844,0.49939796328544617,0.39631131291389465,3.626566171646118,0.7065514326095581,0.0,0.7427818775177002,0.31984496116638184,0.025099005550146103,0.06366438418626785,0.30388733744621277,15.268190383911133,96.93128967285156,0.011726765893399715,0.025112807750701904,0.025817515328526497,0.025466326624155045,-0.0017005037516355515,0.009989753365516663,0.019754793494939804,0.9528916478157043,0.014210708439350128,0.027915308251976967,0.8275068998336792,0.010465681552886963,0.021662823855876923,0.9364641308784485,0.012282188050448895,0.025814715772867203,0.8707124590873718,0.01133553683757782,0.023244287818670273,0.9156161546707153,0.00978358369320631,0.017110202461481094,0.9756690859794617
Cephalotes_spinosus_CASENT0744158_processed.obj,Stage_2_deform_coarse,0.00023321525077335536,0.0178220234811306,0.008585925213992596,0.009236098267138004,0.02120054140686989,0.07756006717681885,0.2339685559272766,0.23926666378974915,0.2289000004529953,0.7040126323699951,0.7390666604042053,0.6721333265304565,0.9485319256782532,0.9592333436012268,0.9380666613578796,0.997779905796051,0.9959333539009094,0.9996333718299866,0.8322957158088684,0.14853332936763763,1.2729443311691284,1.604692816734314,2.5110158920288086,0.5558968782424927,0.323708176612854,2.357165813446045,0.5670890808105469,0.0,0.7913441061973572,0.3580676019191742,0.015795527026057243,0.036697015166282654,0.2826233506202698,14.435351371765137,87.244873046875,0.009479135274887085,0.01353988703340292,0.014145496301352978,0.013480482622981071,-0.0021621203050017357,0.007231672760099173,0.01382657140493393,0.9888931512832642,0.007147323340177536,0.01332473661750555,0.9931002259254456,0.007870461791753769,0.015883207321166992,0.9861878752708435,0.008622787892818451,0.0168662890791893,0.9709762930870056,0.008894629776477814,0.01780114322900772,0.9673269987106323,0.008988939225673676,0.019313864409923553,0.9574209451675415
Crematogaster_nawai_OKENT0105046_processed.obj,Stage_2_deform_coarse,0.0003272686735726893,0.02090686373412609,0.00994318537414074,0.010963678359985352,0.025498133152723312,0.09902431070804596,0.1590612828731537,0.16546666622161865,0.1531333327293396,0.5985827445983887,0.6342666745185852,0.5666999816894531,0.9226916432380676,0.9452333450317383,0.901199996471405,0.9962131381034851,0.9943333268165588,0.9980999827384949,0.7899347543716431,0.36286666989326477,1.2836823463439941,1.6547003984451294,2.463193416595459,0.5631842017173767,0.32267406582832336,2.749840259552002,0.5919918417930603,0.0,0.780959963798523,0.34819650650024414,0.01809852197766304,0.04268089309334755,0.2813817262649536,14.572525978088379,78.84413146972656,0.006873187609016895,0.013892341405153275,0.01476286817342043,0.013843006454408169,-0.009318634867668152,0.00818992592394352,0.01534062996506691,0.9888931512832642,0.008252419531345367,0.014861215837299824,0.9963201284408569,0.010723460465669632,0.02059919200837612,0.9447514414787292,0.00938087236136198,0.016836311668157578,0.9868074059486389,0.008564536459743977,0.016649434342980385,0.9740159511566162,0.008840009570121765,0.022560078650712967,0.9367396235466003
Cryptopone_sauteri_CASENT0743771_processed.obj,Stage_2_deform_coarse,0.00033472327049821615,0.02143053710460663,0.00984051264822483,0.011590023525059223,0.028416834771633148,0.07999760657548904,0.1599705070257187,0.16433332860469818,0.15583333373069763,0.5818064212799072,0.6327333450317383,0.5384666919708252,0.9037913084030151,0.9431333541870117,0.8676000237464905,0.9980990290641785,0.9971333742141724,0.9990666508674622,0.8040137887001038,0.39133334159851074,1.3602312803268433,1.4610809087753296,3.0987486839294434,0.555507481098175,0.3625400960445404,2.8107247352600098,0.6572260856628418,0.0,0.7719829082489014,0.34819287061691284,0.019383098930120468,0.052734553813934326,0.25151509046554565,14.750347137451172,86.51898956298828,0.008957945741713047,0.02901703491806984,0.029680375009775162,0.029400087893009186,0.0004948638379573822,0.008363306522369385,0.015486836433410645,0.9854462146759033,0.009567023254930973,0.020970404148101807,0.9374424815177917,0.009127254597842693,0.017295146360993385,0.961326003074646,0.011734777130186558,0.028143566101789474,0.873350977897644,0.008588667958974838,0.016609584912657738,0.9801903963088989,0.00818955060094595,0.014584533870220184,0.9841849207878113
Cyphoidris_afrc-tz01_CASENT0744810_processed.obj,Stage_2_deform_coarse,0.0009911806555464864,0.03697540611028671,0.01702979765832424,0.019945606589317322,0.046368181705474854,0.11856738477945328,0.04438149183988571,0.04566666856408119,0.043166667222976685,0.24506023526191711,0.2633666694164276,0.22913333773612976,0.6689375638961792,0.7443000078201294,0.6074333190917969,0.9687892198562622,0.9720333218574524,0.9655666947364807,0.7500104308128357,0.43396666646003723,1.4733296632766724,2.2780721187591553,3.445262908935547,0.5075342655181885,0.41792935132980347,4.8463006019592285,0.7652372717857361,0.0,0.7350494861602783,0.2903866767883301,0.030486000701785088,0.08529522269964218,0.31373992562294006,15.506169319152832,95.00232696533203,0.010977555997669697,0.03708484023809433,0.03783736750483513,0.03733097016811371,-0.0006385371088981628,0.017143238335847855,0.03977947682142258,0.7181156873703003,0.01724444516003132,0.033121202141046524,0.671113133430481,0.012405946850776672,0.02167646214365959,0.9171271324157715,0.013012758456170559,0.023750141263008118,0.8812665343284607,0.016394788399338722,0.03904581069946289,0.7648572325706482,0.015603807754814625,0.033001918345689774,0.7968369722366333
Cyphomyrmex_cf.minutus_CASENT0744280_processed.obj,Stage_2_deform_coarse,0.0010674132499843836,0.03852281719446182,0.017261797562241554,0.021261019632220268,0.04985331371426582,0.11634949594736099,0.0361170656979084,0.03689999878406525,0.035366665571928024,0.2102242261171341,0.22583334147930145,0.19663333892822266,0.6443495750427246,0.7268000245094299,0.5787000060081482,0.964434027671814,0.9785000085830688,0.9507666826248169,0.7640640735626221,0.41760000586509705,1.4946218729019165,2.286017656326294,3.6518571376800537,0.530646026134491,0.40465348958969116,4.367314338684082,0.7526503205299377,0.0,0.7485308647155762,0.3039705157279968,0.029874445870518684,0.09101475030183792,0.38389262557029724,14.6644287109375,95.82931518554688,0.01110785361379385,0.009313000366091728,0.010094641707837582,0.009455667808651924,-0.0014604078605771065,0.017505351454019547,0.03830038383603096,0.7062428593635559,0.016465838998556137,0.0311861801892519,0.7396503686904907,0.02017749473452568,0.043596528470516205,0.5828729271888733,0.01637856662273407,0.03278709948062897,0.7255936861038208,0.017193907871842384,0.03527513146400452,0.711088240146637,0.016288885846734047,0.03898786008358002,0.787104606628418
Dilobocondyla_fouqueti_CASENT0745576_processed.obj,Stage_2_deform_coarse,0.00030236635939218104,0.02001120150089264,0.00980563834309578,0.010205564089119434,0.023368535563349724,0.09793012589216232,0.17667490243911743,0.17943333089351654,0.17399999499320984,0.6367207765579224,0.6677666902542114,0.6084333658218384,0.9288248419761658,0.9397333264350891,0.9181666970252991,0.9964897632598877,0.9933000206947327,0.9997000098228455,0.8040615916252136,0.25813332200050354,1.3324254751205444,1.4813929796218872,2.9089863300323486,0.5273477435112,0.36183232069015503,2.5303609371185303,0.6578372120857239,0.0,0.7565839886665344,0.32048553228378296,0.019341234117746353,0.04996126890182495,0.37356752157211304,14.618005752563477,89.23531341552734,0.009870028123259544,0.021814702078700066,0.023022470995783806,0.021822011098265648,-0.002190619707107544,0.00750848650932312,0.013478491455316544,0.9980850219726562,0.010326736606657505,0.020999571308493614,0.9388224482536316,0.00894374679774046,0.01664186641573906,0.9751381874084473,0.007755484897643328,0.013348978944122791,1.0,0.008775006048381329,0.016259534284472466,0.9740159511566162,0.008733164519071579,0.016284871846437454,0.9756690859794617
Dorylus_fulvus_CASENT0745678_processed.obj,Stage_2_deform_coarse,0.0001879767223726958,0.016011985018849373,0.007600425276905298,0.008411559276282787,0.02083226665854454,0.062409985810518265,0.3007747232913971,0.30660000443458557,0.29516667127609253,0.7706254720687866,0.8056333661079407,0.7385333180427551,0.9565062522888184,0.969700038433075,0.9436666965484619,0.9998499751091003,1.0,0.9997000098228455,0.8132758140563965,0.2533666789531708,1.3044607639312744,1.3614031076431274,2.7673354148864746,0.5676088333129883,0.33451589941978455,2.262683391571045,0.5956181883811951,0.0,0.789825439453125,0.36973509192466736,0.014154902659356594,0.032778676599264145,0.23377373814582825,14.116606712341309,83.86761474609375,0.008339033462107182,0.010300909169018269,0.01119420025497675,0.010400902479887009,-0.0024599041789770126,0.006337466649711132,0.013023581355810165,0.9869781732559204,0.008063286542892456,0.020203733816742897,0.9475620985031128,0.006559145636856556,0.01126773376017809,1.0,0.007425868883728981,0.014375227503478527,0.9683377742767334,0.007806230802088976,0.014766158536076546,0.9891947507858276,0.007302787620574236,0.013710134662687778,0.9975668787956238
Eciton_hamatum_CASENT0744580_processed.obj,Stage_2_deform_coarse,0.0002891728072427213,0.01793774589896202,0.010418349876999855,0.0075193969532847404,0.031835105270147324,0.08915828913450241,0.30836379528045654,0.30283334851264954,0.3140999972820282,0.7357439398765564,0.6947333216667175,0.7818999886512756,0.9247766137123108,0.8749666810035706,0.9805999994277954,0.9938288331031799,0.9877333641052246,1.0,0.6599808931350708,0.2657333314418793,1.3327076435089111,1.740509271621704,2.8905177116394043,0.5460004210472107,0.35859498381614685,2.6827313899993896,0.6142594814300537,0.0,0.7301681041717529,0.3061184585094452,0.016888080164790154,0.040255431085824966,0.269822359085083,15.508212089538574,82.83338928222656,0.008534479886293411,0.014508440159261227,0.015135146677494049,0.014728182926774025,-0.0005081566050648689,0.005771673750132322,0.011718381196260452,0.9915741086006165,0.01167334895581007,0.027935469523072243,0.8574056625366211,0.007934820838272572,0.01477090548723936,0.9640884399414062,0.007958486676216125,0.017760714516043663,0.9604222178459167,0.0072148763574659824,0.016626674681901932,0.9680988192558289,0.006257079541683197,0.012204607017338276,0.9939172863960266
Ectatomma_brunneum_CASENT0744575_processed.obj,Stage_2_deform_coarse,0.0006206573452800512,0.028136640787124634,0.013769480399787426,0.014367161318659782,0.03366132453083992,0.1418023705482483,0.07774916291236877,0.07893333584070206,0.07660000026226044,0.3955624997615814,0.4153999984264374,0.37753334641456604,0.8372596502304077,0.8719000220298767,0.8052666783332825,0.9861515760421753,0.9782000184059143,0.9942333698272705,0.7828711271286011,0.3179999887943268,1.3618618249893188,1.7879939079284668,3.142087459564209,0.5185867547988892,0.3764371871948242,3.7582178115844727,0.6699185967445374,0.0,0.7581135630607605,0.30508148670196533,0.027725227177143097,0.07906675338745117,0.42788806557655334,14.867451667785645,96.628662109375,0.011140427552163601,0.009482317604124546,0.011151767335832119,0.00961060356348753,0.0007847240194678307,0.0127947386354208,0.02822202816605568,0.8816545605659485,0.010514738969504833,0.01992771588265896,0.9507819414138794,0.013197100721299648,0.030057013034820557,0.9088398218154907,0.012575681321322918,0.024293366819620132,0.8865435719490051,0.01188412494957447,0.02242213673889637,0.9228196740150452,0.011619276367127895,0.020623808726668358,0.9403892755508423
Eurhopalothrix_procera_CASENT0745605_processed.obj,Stage_2_deform_coarse,0.0004134289047215134,0.023598242551088333,0.011304689571261406,0.012293552048504353,0.02883215993642807,0.08099935948848724,0.13217654824256897,0.13536666333675385,0.12913332879543304,0.518349826335907,0.5519999861717224,0.48856666684150696,0.8793185353279114,0.9083333611488342,0.8521000146865845,0.994952917098999,0.991266667842865,0.9986667037010193,0.7882281541824341,0.22310000658035278,1.3242928981781006,1.4618910551071167,2.7787249088287354,0.5396319627761841,0.35465139150619507,2.5291213989257812,0.6383896470069885,0.0,0.7714418172836304,0.329481840133667,0.021921172738075256,0.056654542684555054,0.2671852111816406,14.573185920715332,76.40499114990234,0.006808039266616106,0.00527864508330822,0.006128394976258278,0.00530355516821146,-0.010931972414255142,0.010199449025094509,0.021792348474264145,0.933358907699585,0.008935443125665188,0.01635690964758396,0.9829806685447693,0.010757863521575928,0.02311110310256481,0.919889509677887,0.009686050936579704,0.016339484602212906,0.9920845031738281,0.011324585415422916,0.023645242676138878,0.9130434989929199,0.01027538813650608,0.020880021154880524,0.941605806350708
Heteroponera_panamensis_CASENT0744055_processed.obj,Stage_2_deform_coarse,0.0007294624811038375,0.031179852783679962,0.014330259524285793,0.016849594190716743,0.041994284838438034,0.10009896010160446,0.06157248094677925,0.06326666474342346,0.059966668486595154,0.3290106952190399,0.3488999903202057,0.3112666606903076,0.782646656036377,0.8464333415031433,0.7278000116348267,0.9812113642692566,0.9835000038146973,0.9789333343505859,0.8244832158088684,0.39016667008399963,1.381395936012268,1.735140085220337,3.1510488986968994,0.5250747203826904,0.3794781267642975,3.9247753620147705,0.7083134055137634,0.0,0.7435713410377502,0.27587375044822693,0.029354484751820564,0.08125309646129608,0.36051857471466064,14.735194206237793,94.34376525878906,0.01091240718960762,0.02325345203280449,0.023996954783797264,0.02306288667023182,-0.001478288322687149,0.013952330686151981,0.027053125202655792,0.8460360169410706,0.011913511902093887,0.023138144984841347,0.9130634665489197,0.01350985374301672,0.02321799471974373,0.881215512752533,0.014328054152429104,0.03117038868367672,0.833773136138916,0.012605122290551662,0.023993657901883125,0.8955492973327637,0.013841389678418636,0.03521450236439705,0.8917275071144104
Labidus_praedator_CASENT0744236_processed.obj,Stage_2_deform_coarse,0.00025129984715022147,0.016709942370653152,0.009177282452583313,0.007532658986747265,0.028476865962147713,0.09772106260061264,0.3333932161331177,0.3319000005722046,0.33489999175071716,0.7761263251304626,0.7594666481018066,0.7935333251953125,0.9406114816665649,0.9128333330154419,0.970133364200592,0.9949285387992859,0.9903333187103271,0.9995666742324829,0.7262945175170898,0.23383334279060364,1.2562837600708008,1.3239418268203735,2.605238437652588,0.5495213270187378,0.31001999974250793,2.0757761001586914,0.5349966883659363,0.0,0.762545108795166,0.31147295236587524,0.014749252237379551,0.04544162377715111,0.3135455548763275,13.93053150177002,80.49744415283203,0.007622397970408201,0.007009320426732302,0.007987759076058865,0.00700181582942605,-0.0012003076262772083,0.005808091256767511,0.011941676959395409,0.987744152545929,0.005129384342581034,0.00927289854735136,0.9986200332641602,0.006303724367171526,0.012430011294782162,0.9944751858711243,0.006212047301232815,0.011384690180420876,1.0,0.007316628936678171,0.015645481646060944,0.9760740995407104,0.007846604101359844,0.015931997448205948,0.970802903175354
Labidus_praedator_CASENT0744237_processed.obj,Stage_2_deform_coarse,0.00032407071557827294,0.018249636515975,0.009529221802949905,0.008720414713025093,0.020010659471154213,0.13141310214996338,0.22939108312129974,0.2345000058412552,0.22450000047683716,0.7266528606414795,0.7564666867256165,0.6991000175476074,0.9562909603118896,0.9499666690826416,0.9627000093460083,0.9903799295425415,0.9812000393867493,0.9997333288192749,0.8350011110305786,0.13696667551994324,1.258374810218811,1.1530652046203613,2.4537622928619385,0.6227667927742004,0.29189544916152954,2.202427864074707,0.5246158242225647,0.0,0.8049373626708984,0.37368258833885193,0.014197209849953651,0.03671383857727051,0.28031831979751587,13.325520515441895,70.08512115478516,0.005114173050969839,0.006982874125242233,0.00771570298820734,0.006990601774305105,-0.003843657672405243,0.006616658065468073,0.01236414723098278,0.9977020621299744,0.006621235050261021,0.01199798472225666,1.0,0.008918854407966137,0.014370597898960114,0.9834254384040833,0.008394104428589344,0.015613163821399212,0.9841688871383667,0.00806886050850153,0.014468075707554817,0.9868793487548828,0.010435040108859539,0.022565064951777458,0.9355230927467346
Lasius_nr._fuliginosus_CASENT0878037_processed.obj,Stage_2_deform_coarse,0.00015915979747660458,0.014667702838778496,0.00698754983022809,0.007680153474211693,0.01744506135582924,0.07904453575611115,0.34367430210113525,0.35199999809265137,0.3357333242893219,0.807957112789154,0.847266674041748,0.7721333503723145,0.9760593175888062,0.9824000000953674,0.9697999954223633,0.9985331296920776,0.9980999827384949,0.9989666938781738,0.8568373322486877,0.10273333638906479,1.2040077447891235,1.129158616065979,2.212747812271118,0.6149309277534485,0.27143752574920654,1.8889503479003906,0.4870164692401886,0.0,0.806507408618927,0.388588547706604,0.012279368937015533,0.026766736060380936,0.2701500356197357,13.35145378112793,72.69015502929688,0.005114173050969839,0.013656924478709698,0.014694579876959324,0.013716409914195538,-0.005706700496375561,0.005856029223650694,0.011018614284694195,0.9996170401573181,0.005258559249341488,0.00955796055495739,1.0,0.008688836358487606,0.0128438426181674,0.991712749004364,0.006342233158648014,0.010668920353055,1.0,0.007705205585807562,0.0142365088686347,0.992281973361969,0.007751010358333588,0.015200309455394745,0.9829683899879456
Lioponera_daikoku_OKENT0105067_processed.obj,Stage_2_deform_coarse,0.0006151108536869287,0.028273990377783775,0.0133862579241395,0.014887732453644276,0.0349220409989357,0.21528415381908417,0.0763111263513565,0.07696666568517685,0.07566666603088379,0.3793293237686157,0.4022666811943054,0.3588666617870331,0.8339564204216003,0.8865333199501038,0.7872666716575623,0.9871876239776611,0.9837000370025635,0.9907000064849854,0.8301199078559875,0.42410001158714294,1.4396775960922241,2.6503777503967285,3.3690640926361084,0.4866640865802765,0.4159318208694458,4.468502998352051,0.7825829982757568,0.0,0.7484369874000549,0.3008193075656891,0.030061038210988045,0.08729808032512665,0.37617939710617065,14.785795211791992,93.6645736694336,0.010782109573483467,0.04898625612258911,0.050544373691082,0.04868965968489647,-0.00629667192697525,0.013309609144926071,0.026325730606913567,0.8682497143745422,0.012675526551902294,0.02785738743841648,0.8790248036384583,0.012314516119658947,0.022858191281557083,0.9226519465446472,0.014731775037944317,0.03038576804101467,0.7968338131904602,0.011489628814160824,0.022608557716012,0.9235914945602417,0.011597924865782261,0.02295578643679619,0.9172749519348145
Mayriella_sp._CASENT0745610_processed.obj,Stage_2_deform_coarse,0.0007232205825857818,0.031000249087810516,0.014714879915118217,0.0162853691726923,0.037433210760354996,0.11650628596544266,0.06799770146608353,0.07023333758115768,0.06589999794960022,0.34459492564201355,0.38013333082199097,0.31513333320617676,0.7736085653305054,0.834766685962677,0.72079998254776,0.9836905598640442,0.9761000275611877,0.9914000034332275,0.7344287633895874,0.4075666666030884,1.4014127254486084,2.2465660572052,3.098477840423584,0.4864196479320526,0.39348605275154114,4.362793445587158,0.710896909236908,0.0,0.7402147650718689,0.30286115407943726,0.025180833414196968,0.06543789058923721,0.3448198437690735,15.120677947998047,83.58647918701172,0.008436756208539009,0.03520788624882698,0.036045219749212265,0.035569824278354645,0.002919137477874756,0.012158646248281002,0.02355647273361683,0.9065492153167725,0.012587573379278183,0.02563486248254776,0.8909843564033508,0.013495443388819695,0.029510069638490677,0.8563536405563354,0.011435171589255333,0.022560961544513702,0.9208443760871887,0.011688868515193462,0.021342933177947998,0.9333676695823669,0.01185016892850399,0.02533380687236786,0.9221411347389221
Mesoponera_ambigua_CASENT0745584_processed.obj,Stage_2_deform_coarse,0.0005950328195467591,0.026693090796470642,0.013251768425107002,0.013441323302686214,0.03604733571410179,0.18187090754508972,0.10546432435512543,0.10786666721105576,0.10316666960716248,0.4564884603023529,0.492166668176651,0.42563334107398987,0.852903425693512,0.8800666928291321,0.8273666501045227,0.9847378134727478,0.9736000299453735,0.9961333274841309,0.7970060110092163,0.31056666374206543,1.3346807956695557,1.44577956199646,3.0598409175872803,0.5147016644477844,0.37267735600471497,2.518172264099121,0.6668974161148071,0.0,0.7601574659347534,0.3065159320831299,0.024862859398126602,0.06582120805978775,0.306192010641098,14.605310440063477,96.77884674072266,0.011629043146967888,0.05152295157313347,0.05246993154287338,0.05093438923358917,-0.0014842785894870758,0.01018276996910572,0.018421249464154243,0.9708923697471619,0.009759349748492241,0.018930917605757713,0.9576816558837891,0.010855663567781448,0.022717487066984177,0.9143646955490112,0.013285680674016476,0.03127652779221535,0.8416886925697327,0.01217415276914835,0.024374134838581085,0.9086699485778809,0.010873510502278805,0.018737679347395897,0.9574209451675415
Myrmecina_ryukyuensis_OKENT0105085_processed.obj,Stage_2_deform_coarse,0.0002767475671134889,0.01743999496102333,0.00848957896232605,0.008950415067374706,0.01956191100180149,0.2598167657852173,0.24690543115139008,0.25183334946632385,0.242166668176651,0.735308825969696,0.7570666670799255,0.7147666811943054,0.9584766626358032,0.9632333517074585,0.9537667036056519,0.9954487085342407,0.9943000078201294,0.9966000318527222,0.8434844017028809,0.19339999556541443,1.2628233432769775,1.4193259477615356,2.4786620140075684,0.5837996006011963,0.29690316319465637,2.2053966522216797,0.5450623631477356,0.0,0.7894678711891174,0.34112268686294556,0.01406402699649334,0.035191722214221954,0.3196830749511719,13.787367820739746,80.12462615966797,0.0076875463128089905,0.0010069292038679123,0.0018207007087767124,0.0010053805308416486,-0.0074343690648674965,0.006989886984229088,0.012654758058488369,0.9942551255226135,0.006834415718913078,0.012301914393901825,0.997700035572052,0.013925112783908844,0.03785735368728638,0.8342542052268982,0.007599299773573875,0.012913730926811695,0.9973615407943726,0.008516708388924599,0.018283039331436157,0.9583226442337036,0.007755506783723831,0.014542080461978912,0.9841849207878113
Myrmecina_sp._CASENT0745613_processed.obj,Stage_2_deform_coarse,0.00045146537013351917,0.02438475377857685,0.011593680828809738,0.012791072949767113,0.03025536797940731,0.11719231307506561,0.1142759919166565,0.11816667020320892,0.11063333600759506,0.49957576394081116,0.5408333539962769,0.46416667103767395,0.8719162344932556,0.9093999862670898,0.8374000191688538,0.9937534332275391,0.9883333444595337,0.9992333650588989,0.8037660717964172,0.3251666724681854,1.3914031982421875,2.0964934825897217,3.236088514328003,0.5388331413269043,0.3813638687133789,2.9565441608428955,0.687675952911377,0.0,0.7697734236717224,0.32723456621170044,0.02250690758228302,0.05667741596698761,0.25262704491615295,15.246865272521973,94.84522247314453,0.011173001490533352,0.01331152394413948,0.014115290716290474,0.013315431773662567,-0.00012978818267583847,0.010187111794948578,0.02032691054046154,0.9467636942863464,0.009996744804084301,0.020046338438987732,0.949862003326416,0.009155143052339554,0.0172012560069561,0.9889503121376038,0.012154544703662395,0.028064852580428123,0.873350977897644,0.011547693982720375,0.026574676856398582,0.912528932094574,0.011049500666558743,0.022241566330194473,0.9197080135345459
Nesomyrmex_angulatus_CASENT0744820_processed.obj,Stage_2_deform_coarse,0.0007211119518615305,0.029522202908992767,0.014600925147533417,0.014921276830136776,0.03903552144765854,0.1876963973045349,0.08016536384820938,0.08186666667461395,0.07853333652019501,0.3940189778804779,0.4157666563987732,0.37443333864212036,0.8110186457633972,0.8467666506767273,0.778166651725769,0.9800665974617004,0.9687666893005371,0.9916333556175232,0.763471782207489,0.38370001316070557,1.3874776363372803,1.9722427129745483,3.171497344970703,0.48982560634613037,0.3972632586956024,3.46781325340271,0.7287548184394836,0.0,0.7435421347618103,0.2945574223995209,0.025367887690663338,0.06309983879327774,0.4145739674568176,14.966686248779297,88.9089584350586,0.009739730507135391,0.0068855914287269115,0.00846125092357397,0.006858216132968664,-0.0045851063914597034,0.011886734515428543,0.024236008524894714,0.9088472127914429,0.013588720001280308,0.031710490584373474,0.8592455983161926,0.011593716219067574,0.022747695446014404,0.9364641308784485,0.011545050889253616,0.020057670772075653,0.9472295641899109,0.010897352360188961,0.020061034709215164,0.9485464692115784,0.011147145181894302,0.024012794718146324,0.9270073175430298
Odontomachus_troglodytes_CASENT0744970_processed.obj,Stage_2_deform_coarse,0.0001721748849377036,0.014584433287382126,0.007289126515388489,0.00729530630633235,0.016088593751192093,0.11151479184627533,0.35119497776031494,0.3591333329677582,0.34360000491142273,0.8221521377563477,0.8461999893188477,0.7994333505630493,0.9756004214286804,0.9716333150863647,0.9796000123023987,0.9977625012397766,0.9957333207130432,0.9998000264167786,0.8081842660903931,0.13439999520778656,1.1957359313964844,1.073060393333435,2.230808973312378,0.5661846399307251,0.2882566452026367,1.7101973295211792,0.5206229090690613,0.0,0.7711693644523621,0.34995806217193604,0.014642059803009033,0.031620800495147705,0.2759951055049896,13.65190601348877,73.887451171875,0.005928531754761934,0.023103605955839157,0.02383059822022915,0.022703686729073524,0.0001537371426820755,0.005555506329983473,0.010702729225158691,0.9961700439453125,0.005616166163235903,0.010102907195687294,1.0,0.006402820814400911,0.013590353541076183,0.9779005646705627,0.007140255533158779,0.01494499109685421,1.0,0.0076366001740098,0.01583770103752613,0.9755595922470093,0.007873395457863808,0.016650868579745293,0.974452555179596
Oxyopomyrmex_saulcyi_CASENT0745218_processed.obj,Stage_2_deform_coarse,0.00047113397158682346,0.025254011154174805,0.011771166697144508,0.013482843525707722,0.031876444816589355,0.12531910836696625,0.0996587723493576,0.10276667028665543,0.09673333168029785,0.46645936369895935,0.5049333572387695,0.43343332409858704,0.8633677363395691,0.9023666977882385,0.8276000022888184,0.9930663108825684,0.9924333691596985,0.9937000274658203,0.765365481376648,0.4189999997615814,1.3110313415527344,1.4483853578567505,2.793482780456543,0.537198543548584,0.34963124990463257,2.412198543548584,0.6084764003753662,0.0,0.7709347009658813,0.3372439742088318,0.019586529582738876,0.05242013558745384,0.2775224447250366,14.638710975646973,82.81555938720703,0.008339033462107182,0.0021551959216594696,0.0037308919709175825,0.002285540569573641,-0.003133478108793497,0.009395535103976727,0.01772165112197399,0.9697434306144714,0.011814798228442669,0.025818200781941414,0.8909843564033508,0.010970566421747208,0.01935584284365177,0.9530386924743652,0.009871983900666237,0.01754518412053585,0.9788918495178223,0.0102297468110919,0.01959436945617199,0.9544636011123657,0.009938515722751617,0.021085066720843315,0.9464719891548157
Polyrhachis_decemdentata_CASENT0744779_processed.obj,Stage_2_deform_coarse,0.00035352539271116257,0.02175460010766983,0.010278704576194286,0.01147589460015297,0.026820417493581772,0.1020917147397995,0.1565665751695633,0.16156667470932007,0.15186667442321777,0.5755420327186584,0.6202666759490967,0.5368333458900452,0.9013622403144836,0.9302666783332825,0.8741999864578247,0.9961912035942078,0.993233323097229,0.9991666674613953,0.8297527432441711,0.32260000705718994,1.341812014579773,1.9876713752746582,2.9707834720611572,0.5370575785636902,0.369414746761322,2.5485782623291016,0.675857663154602,0.0,0.7628316283226013,0.3143949806690216,0.022366812452673912,0.05740885064005852,0.2932683527469635,14.648613929748535,89.35806274414062,0.009837453253567219,0.012925251387059689,0.014017961919307709,0.01307536568492651,-0.00044003594666719437,0.008810499683022499,0.017631296068429947,0.97050940990448,0.008360031992197037,0.01548087503761053,0.9880404472351074,0.012690876610577106,0.033248934894800186,0.8977900743484497,0.009372182190418243,0.016336610540747643,0.9947230219841003,0.01031220518052578,0.021397726610302925,0.9379984736442566,0.009274928830564022,0.019108479842543602,0.9586374759674072
Polyrhachis_dives_CASENT0878093_processed.obj,Stage_2_deform_coarse,0.000528666831087321,0.025920184329152107,0.012193674221634865,0.013726510107517242,0.032612934708595276,0.17410686612129211,0.09753934293985367,0.10003333538770676,0.09516666829586029,0.44962194561958313,0.4894333481788635,0.415800005197525,0.8600903153419495,0.9093000292778015,0.815933346748352,0.9920414686203003,0.989133358001709,0.9949666857719421,0.8427198529243469,0.3163999915122986,1.293283224105835,1.4614640474319458,2.7914764881134033,0.5099331140518188,0.35707229375839233,2.9637866020202637,0.6326535940170288,0.0,0.7544735670089722,0.28693705797195435,0.025855757296085358,0.0699177011847496,0.325149267911911,14.607834815979004,88.2289047241211,0.009479135274887085,0.005749470088630915,0.0071278102695941925,0.005838803015649319,-0.00272618280723691,0.011456326581537724,0.023392140865325928,0.9111451506614685,0.01215767115354538,0.02958659641444683,0.8661453127861023,0.011784176342189312,0.01982221193611622,0.9530386924743652,0.012863688170909882,0.0312353428453207,0.8707124590873718,0.011607324704527855,0.022093424573540688,0.9246205687522888,0.01219711359590292,0.027205880731344223,0.9063260555267334
Ponera_kohmoku_OKENT0105440_processed.obj,Stage_2_deform_coarse,0.00041129597229883075,0.021102365106344223,0.010624738410115242,0.010477626696228981,0.025783265009522438,0.1832295060157776,0.17842479050159454,0.18360000848770142,0.1735333353281021,0.6385873556137085,0.6654999852180481,0.6137666702270508,0.9140865206718445,0.9271000027656555,0.9014333486557007,0.9920551776885986,0.9854333400726318,0.9987666606903076,0.790675163269043,0.2961333394050598,1.3070635795593262,1.5050129890441895,2.7414164543151855,0.5437808632850647,0.3370303511619568,2.7076408863067627,0.6049943566322327,0.0,0.763392984867096,0.3243614435195923,0.0177773330360651,0.05133481323719025,0.23837541043758392,14.995579719543457,85.79515075683594,0.00886022299528122,0.0025097893085330725,0.0031902622431516647,0.0025408531073480844,-0.0039253877475857735,0.0076784249395132065,0.01441517099738121,0.9881271719932556,0.008652384392917156,0.018819143995642662,0.9586016535758972,0.009249105118215084,0.019146502017974854,0.9530386924743652,0.010351664386689663,0.02237626165151596,0.9234828948974609,0.009084122255444527,0.017543191090226173,0.9668124914169312,0.010847409255802631,0.03168299421668053,0.9148418307304382
Ponera_tamon_OKENT0105154_processed.obj,Stage_2_deform_coarse,0.0002261349727632478,0.01604342833161354,0.007970165461301804,0.008073263801634312,0.017941631376743317,0.12877483665943146,0.30155178904533386,0.3126666843891144,0.29120001196861267,0.7828449606895447,0.8184999823570251,0.750166654586792,0.9641158580780029,0.9632666707038879,0.9649666547775269,0.9964392185211182,0.9931666851043701,0.9997333288192749,0.8079649209976196,0.283133327960968,1.2113502025604248,1.4592876434326172,2.2952418327331543,0.5582969784736633,0.2971625030040741,1.820899248123169,0.5280142426490784,0.0,0.7834426760673523,0.37127941846847534,0.012963995337486267,0.030317144468426704,0.294522762298584,13.933433532714844,77.16643524169922,0.007036059629172087,0.030298860743641853,0.031000332906842232,0.030766483396291733,0.000255802646279335,0.0062351529486477375,0.011243339627981186,0.9946380853652954,0.0059335678815841675,0.010926323011517525,0.9995399713516235,0.006547846365720034,0.01235492154955864,0.9972376227378845,0.007840387523174286,0.016203293576836586,0.9815303683280945,0.00743626244366169,0.015666909515857697,0.9817339777946472,0.009598164819180965,0.029688797891139984,0.9087591171264648
Pseudolasius_sp._CASENT0878065_processed.obj,Stage_2_deform_coarse,0.00045913615031167865,0.025310397148132324,0.012059787288308144,0.013250608928501606,0.030724087730050087,0.08901183307170868,0.09510945528745651,0.09750000387430191,0.09283333271741867,0.4468332529067993,0.4742666780948639,0.42239999771118164,0.8687887787818909,0.9017333388328552,0.8381666541099548,0.9944897294044495,0.9912999868392944,0.997700035572052,0.8094722628593445,0.2777000069618225,1.3152858018875122,1.4589787721633911,2.833458185195923,0.5198363065719604,0.35860633850097656,2.6107773780822754,0.6588723659515381,0.0,0.7659394145011902,0.31344228982925415,0.02477320097386837,0.0659533441066742,0.48205679655075073,14.879170417785645,88.61803436279297,0.009674581699073315,0.056038323789834976,0.057380788028240204,0.057159096002578735,-0.0026774443686008453,0.011271817609667778,0.023458685725927353,0.9107621908187866,0.012528553605079651,0.026721397414803505,0.8877644538879395,0.010549304075539112,0.019578896462917328,0.9530386924743652,0.011197996325790882,0.022186364978551865,0.9208443760871887,0.012645082548260689,0.02547025866806507,0.8808850049972534,0.01053463201969862,0.019470123574137688,0.9574209451675415
Pseudomyrmex_cf.solis_CASENT0744065_processed.obj,Stage_2_deform_coarse,0.00017815286992117763,0.015544991008937359,0.007515060715377331,0.008029930293560028,0.019404904916882515,0.07195177674293518,0.316118985414505,0.32386666536331177,0.30873334407806396,0.7873421907424927,0.8160333633422852,0.7606000304222107,0.9602603912353516,0.9664666652679443,0.9541333317756653,0.999599814414978,0.9991999864578247,1.0,0.819931149482727,0.28476667404174805,1.3474364280700684,1.5177972316741943,3.0014712810516357,0.5528993010520935,0.34982433915138245,2.7148640155792236,0.6330381631851196,0.0,0.7635678052902222,0.34147700667381287,0.01494762022048235,0.038034047931432724,0.22847695648670197,14.692267417907715,91.24139404296875,0.010228346101939678,0.009997935965657234,0.010706823319196701,0.009977700188755989,0.0017088381573557854,0.005850126035511494,0.010994689539074898,0.9950211048126221,0.0077239591628313065,0.01834339089691639,0.9618214964866638,0.0073756068013608456,0.01617620326578617,0.9668508768081665,0.007486581336706877,0.014462177641689777,0.9947230219841003,0.007731172721832991,0.015983931720256805,0.9742732644081116,0.008754763752222061,0.021511327475309372,0.9403892755508423
Solenopsis_invicta_CASENT0744384_processed.obj,Stage_2_deform_coarse,0.0005808124551549554,0.027720041573047638,0.013042783364653587,0.01467725820839405,0.034789759665727615,0.12564241886138916,0.0842180848121643,0.08536666631698608,0.08309999853372574,0.4056268334388733,0.4314333498477936,0.3827333450317383,0.8288639783859253,0.8723999857902527,0.7894666790962219,0.989315927028656,0.9884666800498962,0.9901666641235352,0.737751841545105,0.43400001525878906,1.3480836153030396,1.6504120826721191,2.989179849624634,0.5171510577201843,0.37770670652389526,2.897921085357666,0.6817824244499207,0.0,0.747688353061676,0.30626270174980164,0.022466693073511124,0.05601205676794052,0.3004608452320099,15.522907257080078,88.74093627929688,0.009772304445505142,0.022154785692691803,0.023077037185430527,0.02228946052491665,0.00020313076674938202,0.011717922985553741,0.0271303728222847,0.8919954299926758,0.012185507453978062,0.023410703986883163,0.9112235307693481,0.01118057407438755,0.02048572339117527,0.9364641308784485,0.01239902712404728,0.022125814110040665,0.9155673384666443,0.01212705671787262,0.02539748139679432,0.8927193284034729,0.010226929560303688,0.01988261193037033,0.9513381719589233
Stigmatomma_FHG02_CASENT0745561_processed.obj,Stage_2_deform_coarse,0.0005310546839609742,0.024791045114398003,0.012316122651100159,0.012474922463297844,0.031168319284915924,0.14815495908260345,0.1256413757801056,0.12913332879543304,0.1223333328962326,0.5193573832511902,0.5537333488464355,0.48899999260902405,0.8741814494132996,0.8952666521072388,0.8540666699409485,0.986477792263031,0.9772000312805176,0.9959333539009094,0.803374171257019,0.41913333535194397,1.3583943843841553,2.2190821170806885,3.056654930114746,0.5310832262039185,0.364821195602417,3.5253357887268066,0.6648723483085632,0.0,0.75030118227005,0.2967933416366577,0.023536229506134987,0.06628785282373428,0.31802311539649963,14.757508277893066,98.90106201171875,0.011531319469213486,0.04550553858280182,0.04651463031768799,0.04540087655186653,-0.0008439831435680389,0.010901659727096558,0.022597789764404297,0.9237840175628662,0.009363386780023575,0.018544459715485573,0.9622814655303955,0.010293196886777878,0.0204889178276062,0.9447514414787292,0.011074460111558437,0.020724868401885033,0.9472295641899109,0.010849511250853539,0.023982079699635506,0.9122716784477234,0.008933249861001968,0.01696004718542099,0.9659367203712463
Strumigenys_alberti_CASENT0878103_processed.obj,Stage_2_deform_coarse,0.0005285153165459633,0.02623330056667328,0.012753700837492943,0.013479599729180336,0.03168785572052002,0.1232324168086052,0.09744039922952652,0.09906666725873947,0.09586666524410248,0.45364877581596375,0.48483332991600037,0.42623335123062134,0.8502535820007324,0.8813999891281128,0.821233332157135,0.9909093976020813,0.9834333658218384,0.9984999895095825,0.7847898006439209,0.27326667308807373,1.389493465423584,1.9424656629562378,3.1600027084350586,0.5332639217376709,0.3718900978565216,3.3080191612243652,0.6623233556747437,0.0,0.7631222605705261,0.31371718645095825,0.023103665560483932,0.05973352491855621,0.32476088404655457,14.358566284179688,98.92152404785156,0.011498745530843735,0.017395764589309692,0.01843264326453209,0.01748659461736679,0.0006374605000019073,0.011125151067972183,0.02363448217511177,0.9145921468734741,0.009833360090851784,0.01999654434621334,0.949862003326416,0.010289250873029232,0.018559932708740234,0.9640884399414062,0.012445583939552307,0.026807745918631554,0.8759894967079163,0.012588754296302795,0.02867324836552143,0.8983792066574097,0.011051285080611706,0.020665083080530167,0.9476885795593262
Strumigenys_canina_OKENT0105288_processed.obj,Stage_2_deform_coarse,0.00038581283297389746,0.02140418067574501,0.010255775414407253,0.011148404330015182,0.02685515582561493,0.16333815455436707,0.1590232104063034,0.16476666927337646,0.1536666750907898,0.6011728644371033,0.64246666431427,0.5648666620254517,0.9120273590087891,0.9384333491325378,0.887066662311554,0.995457649230957,0.9924666881561279,0.9984666705131531,0.8130432963371277,0.2552666664123535,1.3046859502792358,1.4328556060791016,2.7461729049682617,0.5568443536758423,0.33949553966522217,2.400925874710083,0.5996143221855164,0.0,0.7528162002563477,0.3269060552120209,0.018635759130120277,0.04741622507572174,0.2976464629173279,14.394049644470215,84.4315185546875,0.008892797864973545,0.006015361286699772,0.008139493875205517,0.006184078752994537,-1.6398727893829346e-05,0.008501891046762466,0.0159012321382761,0.9774033427238464,0.008573354221880436,0.01732686720788479,0.9682612419128418,0.008581924252212048,0.015668068081140518,0.9972376227378845,0.01161294337362051,0.023734448477625847,0.9023746848106384,0.009562522172927856,0.020079491659998894,0.948803722858429,0.008909545838832855,0.018744109198451042,0.959854006767273
Strumigenys_crassicornis_CASENT0744273_processed.obj,Stage_2_deform_coarse,0.000488428573589772,0.02528531104326248,0.012030345387756824,0.013254966586828232,0.031397975981235504,0.11340072751045227,0.11097685247659683,0.11389999836683273,0.10819999873638153,0.4666653573513031,0.506600022315979,0.43256667256355286,0.8640708327293396,0.9053000211715698,0.8264333605766296,0.9918413758277893,0.9854333400726318,0.9983333349227905,0.7885810136795044,0.30356666445732117,1.3581725358963013,2.1538496017456055,3.099011182785034,0.5216785073280334,0.3721597194671631,3.276738405227661,0.6762149930000305,0.0,0.7706871032714844,0.3143255114555359,0.022577255964279175,0.05863385647535324,0.3071206212043762,14.29921817779541,94.1294174194336,0.01048894040286541,0.01245853677392006,0.01342040579766035,0.0128363948315382,-0.006788978353142738,0.010946293361485004,0.021112285554409027,0.9341248869895935,0.01064231339842081,0.021655719727277756,0.9346826076507568,0.009669291786849499,0.018273763358592987,0.9751381874084473,0.012767110019922256,0.031211918219923973,0.857519805431366,0.011120107024908066,0.022831344977021217,0.9266787171363831,0.01185772754251957,0.02537946030497551,0.9245741963386536
Strumigenys_sp._appretiata_group_CASENT0744156_processed.obj,Stage_2_deform_coarse,0.0003417255647946149,0.021188192069530487,0.009943051263689995,0.011245141737163067,0.02587376907467842,0.12843570113182068,0.16544854640960693,0.1734333336353302,0.15816666185855865,0.5850728154182434,0.6406999826431274,0.5383333563804626,0.9167421460151672,0.9419666528701782,0.8928333520889282,0.9967113137245178,0.9944000244140625,0.9990333318710327,0.8107721209526062,0.36506667733192444,1.3246030807495117,1.352364420890808,2.786971092224121,0.5635405778884888,0.34854856133461,2.5581612586975098,0.6049473285675049,0.0,0.7704594135284424,0.34105420112609863,0.018202412873506546,0.04843989759683609,0.2708985507488251,15.240763664245605,92.6675033569336,0.010619238018989563,0.0011594048701226711,0.0019089062698185444,0.001159756793640554,-0.006268325727432966,0.008532721549272537,0.01567184180021286,0.9854462146759033,0.013279763981699944,0.029844719916582108,0.8210671544075012,0.008476409129798412,0.015347691252827644,0.991712749004364,0.009003273211419582,0.017099689692258835,0.97625333070755,0.009556292556226254,0.020960304886102676,0.9426292777061462,0.009121326729655266,0.018320169299840927,0.9647201895713806
Strumigenys_stenorhina_OKENT0105268_processed.obj,Stage_2_deform_coarse,0.00011835203622467816,0.012885003350675106,0.006363094784319401,0.006521908566355705,0.013066411949694157,0.07035408169031143,0.40122658014297485,0.41413334012031555,0.38910001516342163,0.8861063122749329,0.8975333571434021,0.8749666810035706,0.9857479929924011,0.984333336353302,0.987166702747345,0.9993165731430054,0.9990000128746033,0.9996333718299866,0.8402506113052368,0.2874999940395355,1.1699031591415405,0.8521304130554199,2.135913372039795,0.6074190139770508,0.2662695050239563,1.6497260332107544,0.4751356244087219,0.0,0.7677037715911865,0.35985082387924194,0.0107410354539752,0.026659434661269188,0.28566741943359375,13.862061500549316,78.8281478881836,0.0071663567796349525,0.0010172621114179492,0.0017950675683096051,0.00104305159766227,-0.0075493669137358665,0.005433297250419855,0.010170336812734604,0.9977020621299744,0.005892311222851276,0.011135945096611977,0.997700035572052,0.005582382902503014,0.011406666599214077,1.0,0.00669347308576107,0.012867745012044907,0.9868074059486389,0.005733097437769175,0.01062855962663889,0.9992282390594482,0.0067970724776387215,0.018534177914261818,0.9574209451675415
Syllophopsis_sechellensis_OKENT0105212_processed.obj,Stage_2_deform_coarse,0.00019370201334822923,0.014951666817069054,0.007995771244168282,0.006955896038562059,0.022090289741754532,0.06994757056236267,0.3763072192668915,0.3781999945640564,0.37443333864212036,0.8241259455680847,0.8197000026702881,0.8285999894142151,0.9616765379905701,0.942300021648407,0.9818666577339172,0.996034562587738,0.9921333193778992,0.9999666810035706,0.7929487824440002,0.15139999985694885,1.2368446588516235,1.0615384578704834,2.4410221576690674,0.5804849863052368,0.30568844079971313,1.8487170934677124,0.5309062600135803,0.0,0.7886703610420227,0.34999972581863403,0.013645471073687077,0.031901951879262924,0.2721680700778961,14.065037727355957,80.01400756835938,0.0074269515462219715,0.05193466320633888,0.05262142792344093,0.052614469081163406,-0.0037305019795894623,0.005679994355887175,0.011872309260070324,0.9911911487579346,0.005197999533265829,0.009719084948301315,0.9986200332641602,0.007772349286824465,0.01365352887660265,0.9834254384040833,0.006544685922563076,0.012252768501639366,0.9973615407943726,0.007874324917793274,0.01698693074285984,0.9701569676399231,0.00713256374001503,0.01573977991938591,0.9635036587715149
Temnothorax_congruus_OKENT0105443_processed.obj,Stage_2_deform_coarse,0.00018534906848799437,0.01635274477303028,0.007409422192722559,0.008943322114646435,0.02072267048060894,0.08414408564567566,0.2527048587799072,0.26500001549720764,0.24150000512599945,0.7497941255569458,0.8059333562850952,0.7009666562080383,0.9670881628990173,0.9909666776657104,0.9443333148956299,0.9996665716171265,0.9998999834060669,0.9994333386421204,0.8389333486557007,0.250900000333786,1.2562779188156128,1.562231421470642,2.280381202697754,0.6273602843284607,0.27742236852645874,2.3300580978393555,0.49629640579223633,0.0,0.8110601902008057,0.3962046504020691,0.01067524403333664,0.02335054613649845,0.25400108098983765,14.128567695617676,81.50552368164062,0.007752695120871067,0.013731476850807667,0.01435472909361124,0.014101527631282806,-0.0022630849853157997,0.006775371264666319,0.012216880917549133,0.9984680414199829,0.006560609210282564,0.011970698833465576,1.0,0.008890686556696892,0.01649356633424759,0.9779005646705627,0.00817294605076313,0.01561819203197956,0.9947230219841003,0.007678878493607044,0.013700935058295727,0.9897093176841736,0.007461402099579573,0.015047216787934303,0.9781022071838379
Temnothorax_sp._OKENT0105336_processed.obj,Stage_2_deform_coarse,0.00045287481043487787,0.02430879697203636,0.011311300098896027,0.01299749780446291,0.031822409480810165,0.0913427323102951,0.12461227923631668,0.13126666843891144,0.11860000342130661,0.5146841406822205,0.5588333606719971,0.47699999809265137,0.8697500228881836,0.904699981212616,0.8374000191688538,0.9920496344566345,0.9926666617393494,0.991433322429657,0.746819019317627,0.44020000100135803,1.3060393333435059,1.4411522150039673,2.7633068561553955,0.5569933652877808,0.33906319737434387,2.327894687652588,0.5983244776725769,0.0,0.7830197215080261,0.35399454832077026,0.01794450543820858,0.04793575406074524,0.2947833240032196,14.806999206542969,87.38312530517578,0.009576858952641487,0.009034029208123684,0.010777568444609642,0.009149531833827496,-0.0013455366715788841,0.009039174765348434,0.01675666868686676,0.9789353013038635,0.0103970468044281,0.02234877273440361,0.9328426718711853,0.011474436149001122,0.02587248757481575,0.9088398218154907,0.01065849605947733,0.02030118927359581,0.9419525265693665,0.009490448981523514,0.018613824620842934,0.9590944051742554,0.009186331182718277,0.016643434762954712,0.974452555179596
Tetramorium_kraepelini_CASENT0744084_processed.obj,Stage_2_deform_coarse,0.0003948708763346076,0.023541118949651718,0.010550035163760185,0.012991082854568958,0.03130633383989334,0.08106526732444763,0.12012916058301926,0.12433333694934845,0.11620000004768372,0.5023112297058105,0.5522333383560181,0.460666686296463,0.8852994441986084,0.9366333484649658,0.8393000364303589,0.9969275593757629,0.9993333220481873,0.994533360004425,0.7905759215354919,0.35396668314933777,1.3106437921524048,1.3746086359024048,2.785057306289673,0.544662356376648,0.347539484500885,2.4428818225860596,0.6205611824989319,0.0,0.7765569686889648,0.3348352313041687,0.01866910047829151,0.04460959881544113,0.39931240677833557,14.695738792419434,86.02753448486328,0.00886022299528122,0.009355481714010239,0.010164803825318813,0.009467721916735172,-0.0011330489069223404,0.009285582229495049,0.0174577459692955,0.9762543439865112,0.009603596292436123,0.0181922297924757,0.9627414345741272,0.009456602856516838,0.016420990228652954,0.980663001537323,0.012293909676373005,0.023295577615499496,0.9050132036209106,0.010366486385464668,0.02079322375357151,0.9416002035140991,0.009281096048653126,0.01807907223701477,0.9695863723754883
Acanthostichus_aff.brevicornis_CASENT0744328_processed.obj,Stage_3_deform_fine,0.00014366503455676138,0.013994129374623299,0.006981227081269026,0.0070129018276929855,0.01602284610271454,0.054551202803850174,0.38072776794433594,0.3889999985694885,0.37279999256134033,0.8325268030166626,0.8440999984741211,0.8212666511535645,0.9747357964515686,0.9710333347320557,0.9784666895866394,0.9998666644096375,0.9997333288192749,1.0,0.8465715646743774,0.1766333281993866,1.1724207401275635,1.008204698562622,2.442854642868042,0.36298656463623047,0.37744852900505066,1.6194493770599365,0.6994304656982422,0.0,0.6598736643791199,0.1583338975906372,0.015471076592803001,0.0397835336625576,0.32107511162757874,12.106376647949219,60.04228210449219,0.003452881006523967,0.0004672763170674443,0.0006891864468343556,0.0004674468655139208,-0.008621133863925934,0.0065420037135481834,0.013320068828761578,0.990425169467926,0.005443344358354807,0.010525759309530258,0.9986200332641602,0.007860725745558739,0.012253387831151485,0.9944751858711243,0.006451919209212065,0.0098591148853302,1.0,0.00749789597466588,0.01461927592754364,0.9835348725318909,0.007164408452808857,0.013592327944934368,0.9951338171958923
Acromyrmex_coronatus_CASENT0744365_processed.obj,Stage_3_deform_fine,0.00025952013675123453,0.017120683565735817,0.009127047844231129,0.007993635721504688,0.02508290857076645,0.09255202859640121,0.27659451961517334,0.28056666254997253,0.27273333072662354,0.7649801969528198,0.7753333449363708,0.7548999786376953,0.9537233710289001,0.9336000084877014,0.9747333526611328,0.9926144480705261,0.9854666590690613,0.9998666644096375,0.8163478970527649,0.13953334093093872,1.162075400352478,1.2452813386917114,2.221101999282837,0.4112582206726074,0.3392561972141266,1.5724695920944214,0.6050072312355042,0.0,0.7068076729774475,0.1746566891670227,0.018098656088113785,0.04818008840084076,0.25008779764175415,12.81926441192627,65.53809356689453,0.004104367922991514,0.05090058222413063,0.051231224089860916,0.05244253948330879,0.0010417923331260681,0.00651145912706852,0.012439025565981865,0.9961700439453125,0.006290036253631115,0.011411565355956554,0.9981600642204285,0.008222678676247597,0.011529848910868168,1.0,0.007748110219836235,0.01529821939766407,0.9788918495178223,0.007645758334547281,0.014855321496725082,0.9884229898452759,0.00835777074098587,0.014413036406040192,0.9756690859794617
Acromyrmex_lobicornis_CASENT0878007_processed.obj,Stage_3_deform_fine,0.0003450309159234166,0.021591540426015854,0.010642720386385918,0.010948819108307362,0.024340324103832245,0.0892549678683281,0.1470363587141037,0.14846666157245636,0.14563333988189697,0.5694413185119629,0.5910000205039978,0.5494000315666199,0.9162233471870422,0.9255666732788086,0.9070667028427124,0.9949102997779846,0.9923999905586243,0.9974333643913269,0.8041859269142151,0.2401999980211258,1.2950609922409058,1.6660212278366089,2.9633591175079346,0.3588773310184479,0.4297839105129242,2.4114320278167725,0.7883217334747314,0.0,0.6908146142959595,0.18381062150001526,0.0232692863792181,0.05962427332997322,0.2523288428783417,13.44912338256836,71.21902465820312,0.0060588289052248,0.007800704333931208,0.008177571929991245,0.008035348728299141,-0.006539561320096254,0.00929374247789383,0.018674330785870552,0.9574875831604004,0.009818018414080143,0.019900675863027573,0.9507819414138794,0.009142166934907436,0.016015928238630295,0.9861878752708435,0.009326773695647717,0.01703479140996933,0.9683377742767334,0.010469960048794746,0.02062818594276905,0.9408284425735474,0.009460165165364742,0.017692914232611656,0.974452555179596
Anochetus_risii_CASENT0877608_processed.obj,Stage_3_deform_fine,0.00011742302740458399,0.013106722384691238,0.006405266467481852,0.006701456382870674,0.014002163894474506,0.06209889426827431,0.38138294219970703,0.3895333409309387,0.3735666573047638,0.8707311749458313,0.8928666710853577,0.8496666550636292,0.9882659912109375,0.9874333739280701,0.9891000390052795,0.9996832013130188,0.9993667006492615,1.0,0.880128800868988,0.10883333534002304,1.0952763557434082,0.75147545337677,1.8508625030517578,0.4684602618217468,0.2857651114463806,1.3545297384262085,0.5005180239677429,0.0,0.7326452732086182,0.18276599049568176,0.013052006252110004,0.035432979464530945,0.28721049427986145,12.274415016174316,58.62627410888672,0.003452881006523967,0.004009925294667482,0.004334055352956057,0.004005059599876404,-0.006088111083954573,0.005580940283834934,0.01085725799202919,0.9988510608673096,0.005830387119203806,0.010717923752963543,0.9981600642204285,0.007858139462769032,0.014512346126139164,0.991712749004364,0.0073456233367323875,0.013285609893500805,0.9947230219841003,0.00635406794026494,0.011286509223282337,0.9940828680992126,0.006984108593314886,0.01186275016516447,0.974452555179596
Anochetus_risii_CASENT0877609_processed.obj,Stage_3_deform_fine,0.0005114239174872637,0.025205709040164948,0.01305302232503891,0.012152687646448612,0.03679189831018448,0.15476372838020325,0.11909542977809906,0.12170000374317169,0.11659999936819077,0.48930424451828003,0.5091666579246521,0.47093334794044495,0.867255449295044,0.864133358001709,0.8704000115394592,0.9876883625984192,0.9772999882698059,0.9983000159263611,0.7668471336364746,0.3300666809082031,1.306351661682129,2.263486862182617,2.9982118606567383,0.3711758852005005,0.4431160092353821,3.3766062259674072,0.8339886665344238,0.0,0.6352736353874207,0.1344582587480545,0.026373999193310738,0.07192093133926392,0.3538473844528198,13.757864952087402,77.28994750976562,0.00745952595025301,0.024257831275463104,0.024489814415574074,0.02453446015715599,-0.00072435662150383,0.010533315129578114,0.022112756967544556,0.933358907699585,0.011560413055121899,0.02362346649169922,0.9047837853431702,0.010801888071000576,0.02678397111594677,0.9226519465446472,0.008790384978055954,0.015324662439525127,0.9973615407943726,0.011397083289921284,0.02479557693004608,0.9035245776176453,0.011964832432568073,0.03146546706557274,0.9221411347389221
Aphaenogaster_pallida_CASENT0745235_processed.obj,Stage_3_deform_fine,0.0001407578820362687,0.013293521478772163,0.006610518787056208,0.006683002691715956,0.013791937381029129,0.14289873838424683,0.37715354561805725,0.3837999999523163,0.3707333505153656,0.8687973022460938,0.8894667029380798,0.8490666747093201,0.9896323680877686,0.9886333346366882,0.9906333684921265,0.9985144734382629,0.9970333576202393,1.0,0.913392186164856,0.034166667610406876,1.0613124370574951,0.6191852688789368,1.6975162029266357,0.49952995777130127,0.2594895660877228,1.159600019454956,0.4571969509124756,0.0,0.7685452103614807,0.23687447607517242,0.010513211600482464,0.026449091732501984,0.33091384172439575,11.744359970092773,58.1623420715332,0.002703671110793948,0.0031713866628706455,0.003436681115999818,0.0031748812180012465,-0.004106196109205484,0.005913557484745979,0.011371161788702011,0.9984680414199829,0.005592228379100561,0.010705525986850262,0.9972400665283203,0.008082032203674316,0.012368393130600452,1.0,0.006959271151572466,0.0121950414031744,0.9894459247589111,0.007069699931889772,0.012549720704555511,0.9987136721611023,0.009355282410979271,0.023427575826644897,0.9330900311470032
Atopomyrmex_mocquerysi_CASENT0744784_processed.obj,Stage_3_deform_fine,0.00010054910671897233,0.011563653126358986,0.005837750155478716,0.005725903436541557,0.013541487976908684,0.05347667634487152,0.5198989510536194,0.5250999927520752,0.5148000121116638,0.9006660580635071,0.9062333703041077,0.8951666951179504,0.985973596572876,0.9794999957084656,0.9925333261489868,0.9998833537101746,0.9997667074203491,1.0,0.8398813009262085,0.10093333572149277,1.1478397846221924,1.0036708116531372,2.3112456798553467,0.40304166078567505,0.34748145937919617,1.5047403573989868,0.612456738948822,0.0,0.7041968703269958,0.20441649854183197,0.012775341048836708,0.03281030058860779,0.2337833046913147,11.675514221191406,60.64456558227539,0.002964265877380967,0.022444656118750572,0.022782595828175545,0.022795088589191437,-0.000383574515581131,0.00470243114978075,0.008791064843535423,1.0,0.004447705112397671,0.008899168111383915,0.9986200332641602,0.006205279845744371,0.011820564977824688,0.9972376227378845,0.005779372062534094,0.01096037495881319,1.0,0.006194849032908678,0.01230525691062212,0.9853357672691345,0.005830259993672371,0.010484453290700912,0.9963503479957581
Carebara_trechideros_CASENT0877591_processed.obj,Stage_3_deform_fine,0.00015468828496523201,0.013386016711592674,0.007043857593089342,0.006342159118503332,0.01820262335240841,0.08728350698947906,0.4416545331478119,0.4476333260536194,0.4358333349227905,0.8591829538345337,0.8597999811172485,0.8585667014122009,0.9740781188011169,0.9575999975204468,0.9911333322525024,0.9973261952400208,0.9946666955947876,1.0,0.8046407103538513,0.13983333110809326,1.2055578231811523,1.6262027025222778,2.422457218170166,0.39561760425567627,0.3581702411174774,1.7072104215621948,0.6529945731163025,0.0,0.6888044476509094,0.1931350827217102,0.014692272990942001,0.04050375148653984,0.442090779542923,12.248169898986816,62.98605728149414,0.0035831783898174763,0.018539220094680786,0.018743406981229782,0.018945027142763138,0.0002983119338750839,0.005109730642288923,0.009971045888960361,0.9961700439453125,0.004451381042599678,0.00832554791122675,1.0,0.00632995693013072,0.010417754761874676,0.9972376227378845,0.005653328727930784,0.010542484931647778,1.0,0.006934880279004574,0.014429992064833641,0.9799331426620483,0.006638584658503532,0.012205500155687332,0.9902676343917847
Centromyrmex_brachycola_CASENT0744052_processed.obj,Stage_3_deform_fine,0.00017414934700354934,0.01564410701394081,0.0075602405704557896,0.008083866909146309,0.01824389025568962,0.08954834938049316,0.28633323311805725,0.29223334789276123,0.28066667914390564,0.7825457453727722,0.8100666999816895,0.7568333148956299,0.9694697260856628,0.9762666821479797,0.962766706943512,0.999099612236023,0.9984666705131531,0.9997333288192749,0.8642785549163818,0.18976667523384094,1.1724793910980225,1.0952497720718384,2.2687432765960693,0.4049907326698303,0.3475154936313629,1.7385810613632202,0.6286444067955017,0.0,0.710499107837677,0.20161840319633484,0.01435555424541235,0.036379892379045486,0.2646535038948059,12.186823844909668,61.417930603027344,0.003485455410555005,0.007557161618024111,0.007894887588918209,0.007606791332364082,-0.003386084455996752,0.006405312102288008,0.011629052460193634,0.9977020621299744,0.006434695795178413,0.011584221385419369,0.9990800023078918,0.008533839136362076,0.015205609612166882,0.9861878752708435,0.007273671217262745,0.012758180499076843,0.9894459247589111,0.00731842452660203,0.01269778423011303,0.997170090675354,0.008441295474767685,0.015010644681751728,0.9841849207878113
Cephalotes_minutus_CASENT0709253_processed.obj,Stage_3_deform_fine,0.00012137775775045156,0.013670702464878559,0.006486360915005207,0.007184341549873352,0.014879540540277958,0.047499846667051315,0.3357253670692444,0.3439333438873291,0.3278999924659729,0.849439263343811,0.8815333247184753,0.819599986076355,0.9896514415740967,0.9966333508491516,0.9827666878700256,1.0,1.0,1.0,0.892349362373352,0.10930000245571136,1.0793052911758423,0.7034587860107422,1.8963640928268433,0.37562546133995056,0.3367083966732025,1.2768616676330566,0.6245366930961609,0.0,0.7306710481643677,0.22226129472255707,0.012589242309331894,0.026941969990730286,0.2840483784675598,11.813560485839844,58.45134353637695,0.0028991170693188906,0.02396010421216488,0.024165399372577667,0.02413177117705345,-0.0011605825275182724,0.006221804767847061,0.011309616267681122,0.9977020621299744,0.006250413134694099,0.01103731244802475,0.9995399713516235,0.006186322774738073,0.011342098005115986,1.0,0.006900397595018148,0.013360323384404182,0.9973615407943726,0.007006904110312462,0.012247023172676563,0.9963982701301575,0.006534305866807699,0.010875236243009567,0.9975668787956238
Cephalotes_simillimus_CASENT0744408_processed.obj,Stage_3_deform_fine,0.0004029100527986884,0.0235150009393692,0.011295357719063759,0.012219643220305443,0.027901938185095787,0.11548588424921036,0.12209327518939972,0.12610000371932983,0.11833333224058151,0.5122039318084717,0.5419333577156067,0.4855666756629944,0.8846002817153931,0.9092333316802979,0.8612666726112366,0.9965637922286987,0.994866669178009,0.9982666969299316,0.8010554909706116,0.44536668062210083,1.2507423162460327,1.8273608684539795,2.7849667072296143,0.3520243167877197,0.43584081530570984,2.833224058151245,0.8250422477722168,0.0,0.641143262386322,0.1644851565361023,0.024320470169186592,0.06359272450208664,0.47077786922454834,13.160149574279785,75.7072525024414,0.007296654395759106,0.023167772218585014,0.02350480481982231,0.02326216548681259,-0.0023247133940458298,0.009195673279464245,0.017487991601228714,0.9697434306144714,0.012131715193390846,0.022931665182113647,0.9144433736801147,0.01038144901394844,0.023555636405944824,0.919889509677887,0.010832373984158039,0.021113870665431023,0.936675488948822,0.010246997699141502,0.019900105893611908,0.9518909454345703,0.008939739316701889,0.01587783545255661,0.9829683899879456
Cephalotes_spinosus_CASENT0744158_processed.obj,Stage_3_deform_fine,0.0001900786010082811,0.016171894967556,0.007789256516844034,0.008382638916373253,0.018963506445288658,0.07350508123636246,0.27601930499076843,0.2845333218574524,0.2680000066757202,0.7606931924819946,0.7971000075340271,0.7274667024612427,0.9658104181289673,0.9720333218574524,0.9596666693687439,0.9983476400375366,0.996833324432373,0.9998666644096375,0.8578002452850342,0.13300000131130219,1.0916491746902466,0.7636682987213135,2.0354511737823486,0.3736599087715149,0.3524431884288788,1.2811038494110107,0.6527674794197083,0.0,0.6941253542900085,0.18256866931915283,0.015332353301346302,0.0367492213845253,0.27036216855049133,12.377211570739746,60.44579315185547,0.0028339684940874577,0.012896278873085976,0.013163989409804344,0.012928280048072338,-0.0029242485761642456,0.006671352777630091,0.012149868533015251,0.9934890866279602,0.0067891948856413364,0.012523182667791843,0.9944801926612854,0.0066833398304879665,0.012012144550681114,1.0,0.007410367019474506,0.012746915221214294,0.9920845031738281,0.0076324292458593845,0.014062654227018356,0.9897093176841736,0.00812160037457943,0.01489176880568266,0.9720194339752197
Crematogaster_nawai_OKENT0105046_processed.obj,Stage_3_deform_fine,0.0002742246142588556,0.019186224788427353,0.00934851448982954,0.009837709367275238,0.021769948303699493,0.09954957664012909,0.18540391325950623,0.1904333382844925,0.1806333363056183,0.6585598587989807,0.6864666938781738,0.6328333616256714,0.9441656470298767,0.9540333151817322,0.9345000386238098,0.9965618848800659,0.9943667054176331,0.9987666606903076,0.8040063977241516,0.3627333343029022,1.1319069862365723,0.989166259765625,2.122136354446411,0.4228230118751526,0.3460022509098053,1.7463250160217285,0.6411666870117188,0.0,0.6975734829902649,0.19263260066509247,0.01806865818798542,0.04428299888968468,0.32134026288986206,13.137182235717773,62.45485305786133,0.003485455410555005,0.016976358368992805,0.017217256128787994,0.016695797443389893,-0.008305292576551437,0.007585504557937384,0.013555621728301048,0.9950211048126221,0.007592849433422089,0.013745052739977837,0.9995399713516235,0.011805273592472076,0.02386198565363884,0.9033149480819702,0.007991899736225605,0.013821970671415329,1.0,0.007980176247656345,0.014750877395272255,0.9791613221168518,0.008132381364703178,0.018647700548171997,0.9574209451675415
Cryptopone_sauteri_CASENT0743771_processed.obj,Stage_3_deform_fine,0.0002663542400114238,0.019277893006801605,0.00915643759071827,0.010121455416083336,0.023265177384018898,0.0891588032245636,0.19056716561317444,0.19573333859443665,0.18566666543483734,0.6450474858283997,0.6858000159263611,0.6088666915893555,0.9371627569198608,0.9557333588600159,0.9193000197410583,0.9980481266975403,0.996666669845581,0.9994333386421204,0.8258821964263916,0.39783334732055664,1.2380080223083496,1.464843511581421,2.7211806774139404,0.3938872218132019,0.39714011549949646,2.3814799785614014,0.7487595677375793,0.0,0.6723585724830627,0.17339622974395752,0.019166765734553337,0.04942164570093155,0.27128368616104126,12.984216690063477,67.22527313232422,0.005700510926544666,0.02768733538687229,0.02791825495660305,0.02787180244922638,0.0005051810294389725,0.00781385786831379,0.01434316299855709,0.9938721060752869,0.008889574557542801,0.019782520830631256,0.9521619081497192,0.008448443375527859,0.01529575977474451,0.9889503121376038,0.01031932607293129,0.021501030772924423,0.936675488948822,0.007870061323046684,0.01457124948501587,0.9930537939071655,0.007753756362944841,0.014193262904882431,1.0
Cyphoidris_afrc-tz01_CASENT0744810_processed.obj,Stage_3_deform_fine,0.0007804700871929526,0.03303122520446777,0.015949102118611336,0.01708212122321129,0.03870288282632828,0.11794599890708923,0.05502071604132652,0.05586666613817215,0.05420000106096268,0.282431036233902,0.29813334345817566,0.26829999685287476,0.7381446957588196,0.7872999906539917,0.6947667002677917,0.9823933839797974,0.9761666655540466,0.9887000322341919,0.7695084810256958,0.43193334341049194,1.398249626159668,2.1958701610565186,3.3967559337615967,0.3485147953033447,0.4787733852863312,4.657973289489746,0.9119093418121338,0.0,0.6338284015655518,0.1420636922121048,0.031124740839004517,0.08811254799365997,0.3348788321018219,14.092341423034668,79.71977233886719,0.007752695120871067,0.03671484813094139,0.03727332875132561,0.03721717372536659,-0.0014362744987010956,0.01573885977268219,0.03499779850244522,0.772883951663971,0.01535281352698803,0.028548628091812134,0.7571296691894531,0.013092946261167526,0.0234235767275095,0.8977900743484497,0.012666461057960987,0.022541554644703865,0.897097647190094,0.015361460857093334,0.032162588089704514,0.7965011596679688,0.015606001019477844,0.042610861361026764,0.8296837210655212
Cyphomyrmex_cf.minutus_CASENT0744280_processed.obj,Stage_3_deform_fine,0.0008472041809000075,0.03472498059272766,0.016372637823224068,0.018352344632148743,0.04083511605858803,0.12532827258110046,0.039668481796979904,0.041099999099969864,0.038333334028720856,0.23739537596702576,0.2505333423614502,0.22556667029857635,0.709749162197113,0.7689666748046875,0.6589999794960022,0.9813659191131592,0.9804999828338623,0.9822333455085754,0.7780194878578186,0.4287000000476837,1.4426943063735962,3.0665011405944824,3.502490520477295,0.40864425897598267,0.43772080540657043,5.0030035972595215,0.8153563141822815,0.0,0.6691612601280212,0.15848687291145325,0.02953433245420456,0.09293826669454575,0.4045909345149994,13.722952842712402,79.12355041503906,0.007850417867302895,0.0164810661226511,0.016879791393876076,0.016715023666620255,-0.00013151951134204865,0.016421226784586906,0.034560173749923706,0.740329384803772,0.015217828564345837,0.028121860697865486,0.7847285866737366,0.022329730913043022,0.04856420308351517,0.5,0.015220203436911106,0.03229846432805061,0.7994723320007324,0.01573224551975727,0.030378658324480057,0.7741189002990723,0.015543173998594284,0.03619779273867607,0.8345498442649841
Dilobocondyla_fouqueti_CASENT0745576_processed.obj,Stage_3_deform_fine,0.0002444617566652596,0.017914876341819763,0.0089972373098135,0.008917639963328838,0.02048872970044613,0.09313881397247314,0.2256365418434143,0.22893333435058594,0.22243332862854004,0.7089441418647766,0.7333999872207642,0.6860666871070862,0.9506096243858337,0.948033332824707,0.9531999826431274,0.9966387748718262,0.9933000206947327,1.0,0.8186518549919128,0.25429999828338623,1.2086409330368042,1.2607685327529907,2.4458491802215576,0.3886176645755768,0.37443578243255615,1.9971709251403809,0.699219822883606,0.0,0.6817285418510437,0.17929868400096893,0.018202994018793106,0.04859292879700661,0.40444305539131165,12.90927791595459,65.65278625488281,0.004821003880351782,0.019187582656741142,0.019402120262384415,0.01934320665895939,-0.0038167964667081833,0.006789662875235081,0.012370875105261803,0.9969360828399658,0.008676284924149513,0.016136689111590385,0.983440637588501,0.008343338966369629,0.01571444235742092,0.980663001537323,0.00716831348836422,0.012326262891292572,0.9947230219841003,0.00820118933916092,0.014857622794806957,0.9835348725318909,0.008900599554181099,0.02064312994480133,0.94525545835495
Dorylus_fulvus_CASENT0745678_processed.obj,Stage_3_deform_fine,0.00014458526857197285,0.014223543927073479,0.006867812015116215,0.007355732377618551,0.016703370958566666,0.05608591437339783,0.3591729700565338,0.3684333264827728,0.3503666818141937,0.8270642161369324,0.8561000227928162,0.7999333143234253,0.975543200969696,0.9781333208084106,0.9729666709899902,0.9999333024024963,1.0,0.9998666644096375,0.8480602502822876,0.2538333237171173,1.1781994104385376,1.2033939361572266,2.4166858196258545,0.38560807704925537,0.3707038462162018,1.8243439197540283,0.6889510750770569,0.0,0.7033306360244751,0.19953763484954834,0.014126732014119625,0.03420679643750191,0.23955225944519043,12.220551490783691,64.2468032836914,0.004462685901671648,0.009865997359156609,0.010158570483326912,0.009910178370773792,-0.002635965123772621,0.005906525067985058,0.01183776743710041,0.9923401474952698,0.007503723260015249,0.017251769080758095,0.9737810492515564,0.006708098109811544,0.011922778561711311,1.0,0.006602026056498289,0.01323616225272417,0.9868074059486389,0.006964180152863264,0.012635858729481697,0.9966555237770081,0.006310956086963415,0.011401495896279812,0.9987834692001343
Eciton_hamatum_CASENT0744580_processed.obj,Stage_3_deform_fine,0.00024956424022093415,0.016208382323384285,0.009505759924650192,0.006702622398734093,0.030017495155334473,0.08849114924669266,0.378452867269516,0.3703666627407074,0.38690000772476196,0.7864648699760437,0.7406666874885559,0.8382999897003174,0.9387433528900146,0.8921000361442566,0.9905333518981934,0.9943010210990906,0.9886666536331177,1.0,0.685309886932373,0.2595333456993103,1.230204463005066,1.7001008987426758,2.6605846881866455,0.3928111493587494,0.4002758264541626,2.415661334991455,0.7046840190887451,0.0,0.6343869566917419,0.16322922706604004,0.016752637922763824,0.041129834949970245,0.29001763463020325,13.408269882202148,62.10860061645508,0.003680901601910591,0.015231394208967686,0.01558909472078085,0.015383601188659668,-0.00034161750227212906,0.00515542970970273,0.009931384585797787,0.9984680414199829,0.00954351294785738,0.02285076305270195,0.920423150062561,0.006470819003880024,0.013276698999106884,0.9668508768081665,0.007394876331090927,0.015310588292777538,0.9736148118972778,0.006375127471983433,0.01349795050919056,0.9801903963088989,0.00619213841855526,0.010887114331126213,1.0
Ectatomma_brunneum_CASENT0744575_processed.obj,Stage_3_deform_fine,0.0004955010954290628,0.025106200948357582,0.012721140868961811,0.012385060079395771,0.030131882056593895,0.1423603892326355,0.09982696920633316,0.10136666893959045,0.09833333641290665,0.4685896933078766,0.48430001735687256,0.4538666605949402,0.8807345628738403,0.8952666521072388,0.8666666746139526,0.9888898730278015,0.979366660118103,0.9986000061035156,0.7957192659378052,0.32690000534057617,1.2533841133117676,1.6787736415863037,2.771420478820801,0.3819558918476105,0.40205690264701843,3.1645963191986084,0.7357445359230042,0.0,0.6878697276115417,0.1653997004032135,0.02709639072418213,0.08103734254837036,0.4630867540836334,13.375347137451172,72.81924438476562,0.007003485225141048,0.012257680296897888,0.01263313926756382,0.012313230894505978,0.002320815809071064,0.011248616501688957,0.02230914682149887,0.9310609102249146,0.009976701810956001,0.01889328472316265,0.9581416249275208,0.01368542481213808,0.03265909105539322,0.8839779496192932,0.010682559572160244,0.020849473774433136,0.9472295641899109,0.011589397676289082,0.02420193888247013,0.914072573184967,0.01180277206003666,0.02115003764629364,0.9391727447509766
Eurhopalothrix_procera_CASENT0745605_processed.obj,Stage_3_deform_fine,0.00034643703838810325,0.021670807152986526,0.010683194734156132,0.010987612418830395,0.025278683751821518,0.0922616496682167,0.15243709087371826,0.156700000166893,0.14840000867843628,0.5671054720878601,0.5953333377838135,0.5414333343505859,0.9129667282104492,0.9241333603858948,0.9020666480064392,0.9954010248184204,0.9914667010307312,0.9993667006492615,0.8028008341789246,0.22296667098999023,1.2599200010299683,1.540770411491394,2.735612392425537,0.3811084032058716,0.4047621190547943,2.349827527999878,0.7479634881019592,0.0,0.6811863780021667,0.16954728960990906,0.022200681269168854,0.05868690088391304,0.2531619071960449,13.47818374633789,66.68655395507812,0.005081598646938801,0.004578275140374899,0.004928060341626406,0.004593526013195515,-0.012009847909212112,0.009378147311508656,0.01799996942281723,0.9693604111671448,0.00815816130489111,0.014391734264791012,0.993560254573822,0.010505310259759426,0.019563283771276474,0.950276255607605,0.009453484788537025,0.015984462574124336,0.9947230219841003,0.010787283070385456,0.022358790040016174,0.9318240284919739,0.010175734758377075,0.017652513459324837,0.974452555179596
Heteroponera_panamensis_CASENT0744055_processed.obj,Stage_3_deform_fine,0.0005841592792421579,0.028258074074983597,0.013577260076999664,0.014680813066661358,0.0332820825278759,0.1014404222369194,0.07331302762031555,0.07383333146572113,0.07280000299215317,0.3690336346626282,0.3892666697502136,0.3508000075817108,0.8303212523460388,0.8719333410263062,0.7925000190734863,0.9892884492874146,0.9840333461761475,0.9945999979972839,0.8391287326812744,0.40150001645088196,1.2875752449035645,1.8333287239074707,2.947901725769043,0.3662184178829193,0.42415568232536316,3.2207303047180176,0.8004217147827148,0.0,0.6579499244689941,0.14129924774169922,0.02933996357023716,0.08215168863534927,0.39904752373695374,13.729888916015625,77.61500549316406,0.007948141545057297,0.023523319512605667,0.024020303040742874,0.023227475583553314,-0.001576833426952362,0.01231823954731226,0.022880420088768005,0.9042512774467468,0.011810747906565666,0.02224637381732464,0.9218031167984009,0.013715875335037708,0.026553090661764145,0.8176795840263367,0.013287735171616077,0.024838928133249283,0.8759894967079163,0.011639473959803581,0.021031400188803673,0.9325958490371704,0.015564045868813992,0.03557783365249634,0.8540145754814148
Labidus_praedator_CASENT0744236_processed.obj,Stage_3_deform_fine,0.00021091426606290042,0.015000463463366032,0.00833503995090723,0.006665423512458801,0.02721460908651352,0.09888481348752975,0.399890661239624,0.3979666829109192,0.40183332562446594,0.8281099796295166,0.8120666742324829,0.8447999954223633,0.9531130790710449,0.9229333400726318,0.9853333234786987,0.9957823157310486,0.9916000366210938,1.0,0.746925413608551,0.22040000557899475,1.1789456605911255,1.5467164516448975,2.3042163848876953,0.3904399573802948,0.3492863178253174,1.5941708087921143,0.6258788108825684,0.0,0.6759758591651917,0.17075759172439575,0.014413311146199703,0.04166034981608391,0.3192746043205261,12.421192169189453,63.43428039550781,0.004006645176559687,0.007167728152126074,0.00746558653190732,0.007197231519967318,-0.0013344851322472095,0.005184698384255171,0.010216305032372475,0.9942551255226135,0.004878731910139322,0.008991068229079247,0.9995399713516235,0.005478997249156237,0.009743365459144115,0.9972376227378845,0.005529489368200302,0.009317371062934399,1.0,0.0067283292300999165,0.014286569319665432,0.9753022789955139,0.006725085433572531,0.012467161752283573,0.9866179823875427
Labidus_praedator_CASENT0744237_processed.obj,Stage_3_deform_fine,0.00024924843455664814,0.016279438510537148,0.00844262633472681,0.007836812175810337,0.016880717128515244,0.13292868435382843,0.28314143419265747,0.2878333330154419,0.2786000072956085,0.7979162335395813,0.820733368396759,0.7763333320617676,0.9661529064178467,0.9583666920661926,0.9740666747093201,0.9930356740951538,0.9862000346183777,0.9999666810035706,0.8576686978340149,0.1226000040769577,1.1914992332458496,1.1765128374099731,2.211439371109009,0.47085246443748474,0.316958487033844,1.9064874649047852,0.5552684664726257,0.0,0.7522591948509216,0.21196599304676056,0.01413661614060402,0.037253037095069885,0.2930629849433899,12.261630058288574,60.3514289855957,0.00267109670676291,0.0074541945941746235,0.007759213913232088,0.007438145577907562,-0.0038503757677972317,0.00626679603010416,0.011487921699881554,0.9996170401573181,0.006247788667678833,0.011606819927692413,0.9995399713516235,0.009327798150479794,0.014182030223309994,0.991712749004364,0.007913542911410332,0.013848788104951382,0.9973615407943726,0.007356471382081509,0.013704382814466953,0.9976845979690552,0.010846874676644802,0.03173556551337242,0.916058361530304
Lasius_nr._fuliginosus_CASENT0878037_processed.obj,Stage_3_deform_fine,0.0001253619120689109,0.01326402835547924,0.006337472703307867,0.006926555652171373,0.01541501097381115,0.07848774641752243,0.3925946354866028,0.40353333950042725,0.3822333514690399,0.8571948409080505,0.8948667049407959,0.8225666880607605,0.9854066371917725,0.9885666966438293,0.9822666645050049,0.999182939529419,0.9985333681106567,0.999833345413208,0.8817752599716187,0.08693333715200424,1.1061798334121704,1.1341990232467651,1.9138699769973755,0.4516664445400238,0.293844610452652,1.3622465133666992,0.539090096950531,0.0,0.7346516251564026,0.2008349597454071,0.012192719615995884,0.02857988141477108,0.2605441212654114,11.882209777832031,58.758872985839844,0.0024430761113762856,0.013564802706241608,0.013922066427767277,0.013622473925352097,-0.006414344534277916,0.005435837898403406,0.010175328701734543,1.0,0.005105714779347181,0.009565494023263454,1.0,0.009028593078255653,0.012941902503371239,1.0,0.005632301326841116,0.009199806489050388,1.0,0.006898866035044193,0.012252162210643291,0.997170090675354,0.007073299027979374,0.012993843294680119,0.9939172863960266
Lioponera_daikoku_OKENT0105067_processed.obj,Stage_3_deform_fine,0.0004852331767324358,0.025274354964494705,0.01230074092745781,0.01297361496835947,0.02821807935833931,0.1922302097082138,0.09515362232923508,0.0976666659116745,0.0927666649222374,0.4417702257633209,0.46950000524520874,0.4171333312988281,0.8796539902687073,0.9102666974067688,0.8510333299636841,0.9924350380897522,0.9868666529655457,0.9980666637420654,0.8393698930740356,0.4372999966144562,1.3575236797332764,2.875544548034668,3.19427227973938,0.3625418245792389,0.44935843348503113,3.7619564533233643,0.8590314388275146,0.0,0.6716786623001099,0.1622946411371231,0.029053939506411552,0.08450920134782791,0.442952424287796,13.560324668884277,78.91390991210938,0.008273884654045105,0.051613517105579376,0.052333518862724304,0.051665693521499634,-0.006201941519975662,0.011831085197627544,0.022652238607406616,0.9172731041908264,0.011730493046343327,0.026144221425056458,0.9084636569023132,0.011310631409287453,0.02092251181602478,0.9392265677452087,0.011425809934735298,0.019909199327230453,0.9498680830001831,0.011212038807570934,0.022853514179587364,0.9277077317237854,0.011082540266215801,0.018645228818058968,0.9659367203712463
Mayriella_sp._CASENT0745610_processed.obj,Stage_3_deform_fine,0.0005996723775751889,0.02833331562578678,0.014002162963151932,0.01433115266263485,0.03554825857281685,0.11555780470371246,0.07760432362556458,0.07953333109617233,0.0757666677236557,0.38200417160987854,0.40863335132598877,0.3586333394050598,0.8260250091552734,0.856166660785675,0.7979333400726318,0.9868890047073364,0.9773333668708801,0.9966333508491516,0.756062388420105,0.4018000066280365,1.2880852222442627,2.1842730045318604,2.867614507675171,0.35138189792633057,0.4365435540676117,4.131312847137451,0.8149845004081726,0.0,0.6469946503639221,0.15168549120426178,0.025100797414779663,0.06797684729099274,0.37818846106529236,13.853632926940918,71.98377990722656,0.0059611061587929726,0.036948539316654205,0.0372258722782135,0.03728833794593811,0.004948262125253677,0.011289685033261776,0.020570814609527588,0.9410187602043152,0.011667117476463318,0.021966785192489624,0.9296227693557739,0.014408807270228863,0.039986930787563324,0.8259668946266174,0.009816131554543972,0.01874934695661068,0.963060736656189,0.01097321230918169,0.020388366654515266,0.9459737539291382,0.011571680195629597,0.022481346502900124,0.9355230927467346
Mesoponera_ambigua_CASENT0745584_processed.obj,Stage_3_deform_fine,0.0004796356661245227,0.023824844509363174,0.012233009561896324,0.011591834016144276,0.031538888812065125,0.18183420598506927,0.12479931861162186,0.1277666687965393,0.12196666747331619,0.522695779800415,0.548633337020874,0.499099999666214,0.8983047604560852,0.9034000039100647,0.8932666778564453,0.9877641797065735,0.9770333170890808,0.9987333416938782,0.8226776719093323,0.3098333477973938,1.2149659395217896,1.319142460823059,2.6942591667175293,0.3786318302154541,0.3965647220611572,2.069244384765625,0.7309648990631104,0.0,0.6843751668930054,0.16083583235740662,0.02483816258609295,0.06754093617200851,0.2968484163284302,13.082380294799805,71.08993530273438,0.006286849267780781,0.052577532827854156,0.05303236097097397,0.05280301719903946,-0.001310829073190689,0.00921542663127184,0.016749372705817223,0.9831482172012329,0.009283917024731636,0.017969554290175438,0.9659613370895386,0.010597134940326214,0.02009325660765171,0.941989004611969,0.010202392935752869,0.02216101810336113,0.9313984513282776,0.010846585966646671,0.021841371431946754,0.9331103563308716,0.010925386101007462,0.019693419337272644,0.9513381719589233
Myrmecina_ryukyuensis_OKENT0105085_processed.obj,Stage_3_deform_fine,0.0002371820155531168,0.016067933291196823,0.007839598692953587,0.008228334598243237,0.01730480045080185,0.25284940004348755,0.2751447260379791,0.2796666622161865,0.2707666754722595,0.7902318239212036,0.8088333606719971,0.7724666595458984,0.9701633453369141,0.9719666838645935,0.9683666825294495,0.9960493445396423,0.9952000379562378,0.9969000220298767,0.8637996315956116,0.18410000205039978,1.1500269174575806,1.3184250593185425,2.029979705810547,0.4403911232948303,0.30709999799728394,1.7297745943069458,0.5656778812408447,0.0,0.7169638276100159,0.19087621569633484,0.013905374333262444,0.03695743530988693,0.3062776029109955,12.080587387084961,58.887149810791016,0.002768819686025381,0.0012397298123687506,0.001713075558654964,0.001238194527104497,-0.007463071495294571,0.0067763496190309525,0.01189601980149746,0.9984680414199829,0.006544144358485937,0.011975855566561222,0.9995399713516235,0.012215700000524521,0.033534567803144455,0.8867403864860535,0.007288755849003792,0.012170751579105854,1.0,0.00800692941993475,0.017138948664069176,0.9629534482955933,0.007801864296197891,0.013213735073804855,0.9927006959915161
Myrmecina_sp._CASENT0745613_processed.obj,Stage_3_deform_fine,0.0003548602689988911,0.021669507026672363,0.010659171268343925,0.011010335758328438,0.02470473200082779,0.1152346283197403,0.1482851654291153,0.15219999849796295,0.14456667006015778,0.5762333273887634,0.6115999817848206,0.5447333455085754,0.9111936688423157,0.9267333149909973,0.8961666822433472,0.9942691922187805,0.9887666702270508,0.999833345413208,0.8253428339958191,0.3346666693687439,1.2624309062957764,1.6112501621246338,2.8980562686920166,0.3552975356578827,0.4240148365497589,2.5318799018859863,0.7955875396728516,0.0,0.6719614267349243,0.15562450885772705,0.022224141284823418,0.05683223903179169,0.26591402292251587,13.22286605834961,67.49034118652344,0.005895957350730896,0.012084134854376316,0.012351076118648052,0.012085306458175182,0.0005475590005517006,0.00923668872565031,0.017841316759586334,0.9701263904571533,0.008958760648965836,0.017211254686117172,0.9742410182952881,0.009042300283908844,0.01571463979780674,0.9861878752708435,0.009996951557695866,0.019799165427684784,0.9498680830001831,0.011379717849195004,0.024857671931385994,0.9156161546707153,0.011286311782896519,0.022455833852291107,0.9318735003471375
Nesomyrmex_angulatus_CASENT0744820_processed.obj,Stage_3_deform_fine,0.0005858591175638139,0.02651199698448181,0.013672634959220886,0.012839362025260925,0.0361844040453434,0.19134806096553802,0.09801864624023438,0.09923333674669266,0.09683333337306976,0.4505763351917267,0.46566668152809143,0.436433345079422,0.8620691299438477,0.8705000281333923,0.8537999987602234,0.9844041466712952,0.9725666642189026,0.9965333342552185,0.7765222191810608,0.39340001344680786,1.2821998596191406,1.959742546081543,2.9468064308166504,0.34468135237693787,0.44763118028640747,3.280766248703003,0.8321890830993652,0.0,0.6507006883621216,0.15865308046340942,0.024798959493637085,0.06459829956293106,0.4604359269142151,13.746604919433594,79.26542663574219,0.007622397970408201,0.007918736897408962,0.008419954217970371,0.007813846692442894,-0.004130721092224121,0.010670490562915802,0.020278282463550568,0.9459977149963379,0.0121972830966115,0.025138260796666145,0.9047837853431702,0.01142947655171156,0.019886773079633713,0.950276255607605,0.010438746772706509,0.017831947654485703,0.9841688871383667,0.010181490331888199,0.018696274608373642,0.9655261039733887,0.01070413552224636,0.022682614624500275,0.9209245443344116
Odontomachus_troglodytes_CASENT0744970_processed.obj,Stage_3_deform_fine,0.00013629412569571286,0.013020569458603859,0.006540404167026281,0.006480165291577578,0.013993908651173115,0.11209993064403534,0.4197666049003601,0.42989999055862427,0.4101000130176544,0.871528685092926,0.8881333470344543,0.8555333614349365,0.9853497743606567,0.9796333312988281,0.9911333322525024,0.9982970952987671,0.9966000318527222,1.0,0.8331730365753174,0.11506666988134384,1.1111171245574951,0.9837737083435059,2.007373809814453,0.42245030403137207,0.3192186653614044,1.3149455785751343,0.5867689251899719,0.0,0.7037277221679688,0.201343834400177,0.01463047880679369,0.03155481442809105,0.2582396864891052,12.37004566192627,60.55595016479492,0.002475650515407324,0.024543534964323044,0.025184033438563347,0.024354983121156693,-0.0005223192274570465,0.00515027018263936,0.00962253287434578,0.9992340207099915,0.005298539064824581,0.009590358473360538,1.0,0.006764774210751057,0.010106169618666172,0.9861878752708435,0.006219837814569473,0.011817286722362041,1.0,0.006370809394866228,0.012502962723374367,0.9866220951080322,0.006767905782908201,0.014080970548093319,0.9829683899879456
Oxyopomyrmex_saulcyi_CASENT0745218_processed.obj,Stage_3_deform_fine,0.0003921522875316441,0.02332158386707306,0.01111473236232996,0.012206852436065674,0.027618294581770897,0.12890616059303284,0.11110757291316986,0.11470000445842743,0.1077333316206932,0.51360684633255,0.5428333282470703,0.4873666763305664,0.8948266506195068,0.9197333455085754,0.871233344078064,0.9953828454017639,0.994700014591217,0.996066689491272,0.7800546884536743,0.41723334789276123,1.2256555557250977,1.4992992877960205,2.610154867172241,0.3946765065193176,0.38492345809936523,2.0460519790649414,0.6924027800559998,0.0,0.6924329400062561,0.1779203712940216,0.019547851756215096,0.05315187945961952,0.293899267911911,13.15099811553955,67.0916519165039,0.005505064968019724,0.0010180518729612231,0.001875565736554563,0.001094154198653996,-0.005049695260822773,0.00873203482478857,0.016182785853743553,0.9881271719932556,0.010823152959346771,0.022036047652363777,0.9282428622245789,0.010060632601380348,0.01802186109125614,0.972375750541687,0.009195917285978794,0.015991879627108574,0.9868074059486389,0.009491955861449242,0.01760156825184822,0.9696424007415771,0.00936635211110115,0.019600430503487587,0.9537712931632996
Polyrhachis_decemdentata_CASENT0744779_processed.obj,Stage_3_deform_fine,0.0002914505894295871,0.019745130091905594,0.009614581242203712,0.010130547918379307,0.022484399378299713,0.09378386288881302,0.18583892285823822,0.1917666643857956,0.18026666343212128,0.6386378407478333,0.6791333556175232,0.6026999950408936,0.9317156672477722,0.940666675567627,0.9229333400726318,0.9967081546783447,0.9937999844551086,0.9996333718299866,0.8452317714691162,0.3208666741847992,1.218756079673767,1.1931101083755493,2.6671860218048096,0.368512362241745,0.4090644419193268,2.0657827854156494,0.7532444000244141,0.0,0.6809317469596863,0.1603887528181076,0.022058682516217232,0.058645062148571014,0.2776612639427185,12.957603454589844,69.89552307128906,0.005472490563988686,0.01559043675661087,0.01592066138982773,0.01590770296752453,0.0008621709421277046,0.008070397190749645,0.014844857156276703,0.9908081293106079,0.007686574477702379,0.014048367738723755,0.9944801926612854,0.012769841589033604,0.026498476043343544,0.919889509677887,0.009227419272065163,0.01637694239616394,0.9894459247589111,0.009423946961760521,0.018852965906262398,0.9598662257194519,0.008803009986877441,0.015492361038923264,0.9720194339752197
Polyrhachis_dives_CASENT0878093_processed.obj,Stage_3_deform_fine,0.00040385490865446627,0.022863728925585747,0.011106744408607483,0.011756984516978264,0.026228565722703934,0.17533572018146515,0.12580357491970062,0.12710000574588776,0.12453333288431168,0.5290743112564087,0.5570999979972839,0.5037333369255066,0.9057528972625732,0.9285666942596436,0.8840333223342896,0.9948091506958008,0.9920666813850403,0.9975666999816895,0.8566967248916626,0.32146668434143066,1.192270040512085,1.3809912204742432,2.5616142749786377,0.3553459346294403,0.40086275339126587,2.5546064376831055,0.7409135699272156,0.0,0.6794338822364807,0.15325096249580383,0.02567448280751705,0.0713019147515297,0.3232523798942566,13.082304954528809,69.856201171875,0.005895957350730896,0.008708704262971878,0.00920953880995512,0.008832289837300777,-0.0009079286828637123,0.010291901417076588,0.02024025097489357,0.9479126930236816,0.010570482350885868,0.02262742631137371,0.9264029264450073,0.010866108350455761,0.017616908997297287,0.991712749004364,0.011575614102184772,0.022782037034630775,0.9076517820358276,0.01084125880151987,0.02197248861193657,0.9315667748451233,0.011921513825654984,0.028294816613197327,0.9087591171264648
Ponera_kohmoku_OKENT0105440_processed.obj,Stage_3_deform_fine,0.00033920566784217954,0.019362354651093483,0.010005071759223938,0.009357282891869545,0.02346508763730526,0.17993953824043274,0.19873665273189545,0.2046000063419342,0.1932000070810318,0.6864774823188782,0.7024666666984558,0.6712000370025635,0.9379593133926392,0.9353333711624146,0.9406000375747681,0.9928942322731018,0.9866999983787537,0.9991666674613953,0.8060392737388611,0.31413334608078003,1.2170335054397583,1.6444798707962036,2.4086084365844727,0.3792809545993805,0.37953492999076843,2.3465733528137207,0.6983515620231628,0.0,0.6721727252006531,0.1704457402229309,0.01820586994290352,0.0516512505710125,0.2413187325000763,13.470474243164062,67.13749694824219,0.004723280668258667,0.0006413469091057777,0.0010094145545735955,0.0006390723865479231,-0.0054147434420883656,0.007235503289848566,0.01361237931996584,0.9961700439453125,0.008198108524084091,0.015317539684474468,0.9839006066322327,0.009619629941880703,0.018136845901608467,0.961326003074646,0.007897121831774712,0.014878313057124615,0.9894459247589111,0.008803240954875946,0.016765136271715164,0.9737586975097656,0.010833589360117912,0.033039696514606476,0.9209245443344116
Ponera_tamon_OKENT0105154_processed.obj,Stage_3_deform_fine,0.00017618195852264762,0.01443514134734869,0.007225652225315571,0.007209489122033119,0.01562502607703209,0.12764768302440643,0.35484838485717773,0.36550000309944153,0.3447999954223633,0.8344146013259888,0.8546666502952576,0.8151000142097473,0.9750320911407471,0.9708666801452637,0.9792333245277405,0.9978293180465698,0.9958333373069763,0.999833345413208,0.8295332193374634,0.27283334732055664,1.1211719512939453,0.9392494559288025,2.1327598094940186,0.37832483649253845,0.34508806467056274,1.4445472955703735,0.6427011489868164,0.0,0.6915197372436523,0.19838695228099823,0.013115059584379196,0.03138044476509094,0.2717151343822479,12.28979206085205,61.51654815673828,0.003387732431292534,0.03087376430630684,0.031137270852923393,0.031321603804826736,-0.0001731477677822113,0.00589681277051568,0.010788166895508766,0.9973190426826477,0.005652901716530323,0.010336493141949177,1.0,0.006158575881272554,0.010143089108169079,1.0,0.0071092634461820126,0.013362221419811249,0.9920845031738281,0.006845969706773758,0.013666445389389992,0.9794185757637024,0.010200178250670433,0.033781182020902634,0.8892943859100342
Pseudolasius_sp._CASENT0878065_processed.obj,Stage_3_deform_fine,0.0003584155929274857,0.022503431886434555,0.01094063650816679,0.011562795378267765,0.02575896866619587,0.08695932477712631,0.12624004483222961,0.12810000777244568,0.12443333119153976,0.5269172787666321,0.5546000003814697,0.5018666982650757,0.9073691368103027,0.9240999817848206,0.8912333250045776,0.9968610405921936,0.9944999814033508,0.9992333650588989,0.8270559906959534,0.2791333496570587,1.257896900177002,1.846199870109558,2.6989336013793945,0.37722882628440857,0.405433714389801,2.468700408935547,0.7728003859519958,0.0,0.6839898824691772,0.15931467711925507,0.02469899319112301,0.06748206168413162,0.5248332619667053,13.182860374450684,69.6037826538086,0.005635362584143877,0.058314017951488495,0.059125036001205444,0.059061527252197266,-0.0015205666422843933,0.010479537770152092,0.02149159088730812,0.934890866279602,0.011552714742720127,0.024238411337137222,0.9176632761955261,0.010276306420564651,0.019504718482494354,0.9640884399414062,0.010595614090561867,0.02134617418050766,0.9472295641899109,0.01137925498187542,0.022388869896531105,0.9212760925292969,0.010075034573674202,0.017692001536488533,0.9671532511711121
Pseudomyrmex_cf.solis_CASENT0744065_processed.obj,Stage_3_deform_fine,0.00013800617307424545,0.013810010626912117,0.006685025058686733,0.007124986033886671,0.016409236937761307,0.0700082778930664,0.37742161750793457,0.3900333344936371,0.36559998989105225,0.8445905447006226,0.8737666606903076,0.817300021648407,0.9768157005310059,0.9778000116348267,0.9758333563804626,0.9997499585151672,0.999500036239624,1.0,0.850261390209198,0.2824999988079071,1.1900267601013184,1.2153842449188232,2.464029312133789,0.39626798033714294,0.36476436257362366,1.8745983839035034,0.678731381893158,0.0,0.6841955780982971,0.19366997480392456,0.014373039826750755,0.037962425500154495,0.2283661663532257,12.084329605102539,63.053104400634766,0.004723280668258667,0.006750495173037052,0.006924172397702932,0.0067422399297356606,-3.7890858948230743e-06,0.005423944443464279,0.010049264878034592,0.9996170401573181,0.006292828358709812,0.012219453230500221,0.9917203187942505,0.006345471367239952,0.011316328309476376,0.9944751858711243,0.006590471137315035,0.013243204914033413,0.9894459247589111,0.006935666315257549,0.013406007550656796,0.9899665713310242,0.008858848363161087,0.023780496791005135,0.930656909942627
Solenopsis_invicta_CASENT0744384_processed.obj,Stage_3_deform_fine,0.00045978775597177446,0.02532399818301201,0.0122311906889081,0.013092808425426483,0.02994542382657528,0.09207822382450104,0.10012403875589371,0.10223333537578583,0.09809999912977219,0.4509294629096985,0.46923333406448364,0.43400001525878906,0.8643287420272827,0.8906333446502686,0.8395333290100098,0.9944969415664673,0.9927666783332825,0.996233344078064,0.7592730522155762,0.4394666850566864,1.2544865608215332,1.7367093563079834,2.8133177757263184,0.3601092994213104,0.42801880836486816,2.675788402557373,0.7866066098213196,0.0,0.6479495763778687,0.158217653632164,0.023039085790514946,0.05713171139359474,0.3611794710159302,13.733036994934082,70.89327239990234,0.005830808542668819,0.018146639689803123,0.018533410504460335,0.01830279268324375,-0.003232993185520172,0.010615671053528786,0.022881200537085533,0.9249330163002014,0.010992839001119137,0.020976196974515915,0.9337626099586487,0.009798458777368069,0.017473282292485237,0.9751381874084473,0.01228339783847332,0.02165873721241951,0.9050132036209106,0.011316590942442417,0.024142548441886902,0.9246205687522888,0.009715995751321316,0.0169075895100832,0.9817517995834351
Stigmatomma_FHG02_CASENT0745561_processed.obj,Stage_3_deform_fine,0.0003846831386908889,0.02177985943853855,0.011045794934034348,0.010734064504504204,0.025892678648233414,0.14453011751174927,0.14827895164489746,0.15006667375564575,0.14653334021568298,0.5805729627609253,0.604033350944519,0.5588666796684265,0.9176102876663208,0.9222333431243896,0.9130333662033081,0.9911157488822937,0.9840666651725769,0.9982666969299316,0.8317479491233826,0.4166000187397003,1.2684948444366455,2.0523431301116943,2.8190524578094482,0.37731361389160156,0.40421247482299805,3.3481712341308594,0.7408449649810791,0.0,0.6665211319923401,0.1510414481163025,0.024094916880130768,0.06941036134958267,0.3434423804283142,13.365791320800781,78.0138168334961,0.0076875463128089905,0.04436524584889412,0.044634513556957245,0.044308654963970184,-0.0018278062343597412,0.010164309293031693,0.02069845050573349,0.9436997771263123,0.008802964352071285,0.01696006953716278,0.9760809540748596,0.010052504017949104,0.02063910849392414,0.9475138783454895,0.009705817326903343,0.018099604174494743,0.9683377742767334,0.010431506671011448,0.023441055789589882,0.9323385953903198,0.008957123383879662,0.017065435647964478,0.9659367203712463
Strumigenys_alberti_CASENT0878103_processed.obj,Stage_3_deform_fine,0.00041877891635522246,0.02338440530002117,0.01179477572441101,0.01158962957561016,0.02841557003557682,0.10991362482309341,0.11719053983688354,0.11896666884422302,0.11546666920185089,0.5216777324676514,0.5439000129699707,0.5012000203132629,0.8969867825508118,0.9055333137512207,0.8885999917984009,0.9924497008323669,0.9854333400726318,0.9995666742324829,0.801053524017334,0.2750333249568939,1.312134027481079,2.0237457752227783,2.9297149181365967,0.38308408856391907,0.4067941904067993,3.2277984619140625,0.7488319873809814,0.0,0.6946221590042114,0.16888880729675293,0.022659454494714737,0.06170970946550369,0.3458944857120514,12.978021621704102,78.3943099975586,0.008078438229858875,0.016979694366455078,0.017279233783483505,0.01690075360238552,0.0003739669919013977,0.01015122514218092,0.019906215369701385,0.950210690498352,0.009446264244616032,0.020191911607980728,0.9484820365905762,0.01007862389087677,0.01913466677069664,0.9585635662078857,0.00983568374067545,0.020159106701612473,0.9445910453796387,0.011296735145151615,0.024253565818071365,0.9274504780769348,0.010605953633785248,0.019122736528515816,0.959854006767273
Strumigenys_canina_OKENT0105288_processed.obj,Stage_3_deform_fine,0.0003163553774356842,0.01917862892150879,0.00943149533122778,0.009747134521603584,0.02193179354071617,0.15921752154827118,0.19770127534866333,0.20496666431427002,0.19093333184719086,0.6710619330406189,0.7098000049591064,0.6363333463668823,0.9422272443771362,0.9523333311080933,0.9323333501815796,0.9954704642295837,0.9919000267982483,0.9990666508674622,0.8352213501930237,0.26063334941864014,1.2037955522537231,1.340546727180481,2.488314628601074,0.40699416399002075,0.3669113516807556,2.082637310028076,0.6769495606422424,0.0,0.6729234457015991,0.17222009599208832,0.018519485369324684,0.048874396830797195,0.3175188899040222,12.503827095031738,65.46444702148438,0.004527834709733725,0.005063659977167845,0.005424777511507273,0.005174696445465088,-0.0007606032304465771,0.007759186439216137,0.0146488631144166,0.9892761707305908,0.007980632595717907,0.015448760241270065,0.9806807637214661,0.007990599609911442,0.013425876386463642,1.0,0.00875919871032238,0.01582772098481655,0.9788918495178223,0.008556235581636429,0.017700035125017166,0.9634680151939392,0.00797681137919426,0.016176050528883934,0.9732360243797302
Strumigenys_crassicornis_CASENT0744273_processed.obj,Stage_3_deform_fine,0.00038744168705306947,0.022669533267617226,0.011199334636330605,0.011470198631286621,0.025319254025816917,0.11123781651258469,0.12673726677894592,0.12919999659061432,0.12436667084693909,0.535412073135376,0.5678666830062866,0.5064666867256165,0.9068940877914429,0.9218666553497314,0.8924000263214111,0.9937863945960999,0.9883333444595337,0.9993000030517578,0.8095735907554626,0.31663334369659424,1.2329152822494507,1.929155945777893,2.6977293491363525,0.36078861355781555,0.4083036482334137,2.719043493270874,0.7717499732971191,0.0,0.6918652653694153,0.1726575791835785,0.022394385188817978,0.06031954288482666,0.2993965744972229,12.825264930725098,74.4068374633789,0.006873187609016895,0.010147959925234318,0.010490774177014828,0.010473089292645454,-0.010724869556725025,0.009762605652213097,0.018512345850467682,0.9655304551124573,0.010177071206271648,0.020857559517025948,0.939742386341095,0.009384578093886375,0.01689513772726059,0.9640884399414062,0.010722608305513859,0.021499335765838623,0.9287599325180054,0.01082778349518776,0.022870605811476707,0.9287368059158325,0.011979609727859497,0.022647643461823463,0.9355230927467346
Strumigenys_sp._appretiata_group_CASENT0744156_processed.obj,Stage_3_deform_fine,0.00027277960907667875,0.01924237236380577,0.009122544899582863,0.010119826532900333,0.022235197946429253,0.1288807988166809,0.18336139619350433,0.1907000094652176,0.17656667530536652,0.6437224745750427,0.6909999847412109,0.6025000214576721,0.9457241892814636,0.9631333351135254,0.928933322429657,0.9976312518119812,0.9961667060852051,0.9991000294685364,0.8355510234832764,0.36506667733192444,1.214895248413086,1.2856000661849976,2.4748804569244385,0.41406992077827454,0.3834870755672455,2.111828088760376,0.6890652179718018,0.0,0.6899731159210205,0.18029731512069702,0.01758316159248352,0.04692874476313591,0.29255786538124084,12.703104972839355,66.02845001220703,0.005439916159957647,0.0034615937620401382,0.0037854795809835196,0.0034664811100810766,-0.003753452096134424,0.007803589571267366,0.014081244356930256,0.9957870841026306,0.011510797776281834,0.023279178887605667,0.9047837853431702,0.0077576483599841595,0.014138058759272099,0.9944751858711243,0.008496980182826519,0.015518343076109886,0.9973615407943726,0.009365643374621868,0.023261163383722305,0.9387702941894531,0.007952792569994926,0.014161507599055767,0.9914841651916504
Strumigenys_stenorhina_OKENT0105268_processed.obj,Stage_3_deform_fine,9.970235987566411e-05,0.011882433667778969,0.0057454961352050304,0.006136937532573938,0.012792572379112244,0.06936156004667282,0.46458569169044495,0.4830666780471802,0.4474666714668274,0.9087091088294983,0.9307000041007996,0.8877333402633667,0.9893999099731445,0.9896000027656555,0.9891999959945679,0.9995499849319458,0.9992666840553284,0.999833345413208,0.8657975196838379,0.2884666621685028,1.0742124319076538,0.6855990886688232,1.7612578868865967,0.48814165592193604,0.27826637029647827,1.2470778226852417,0.49557071924209595,0.0,0.6908217668533325,0.1876019537448883,0.010565485805273056,0.026261594146490097,0.26727914810180664,12.132027626037598,57.594566345214844,0.00267109670676291,0.0001822194317355752,0.0005767110269516706,0.000187269106390886,-0.009211094118654728,0.005141965113580227,0.009259495884180069,1.0,0.0055121188051998615,0.009901970624923706,1.0,0.0052227480337023735,0.009630494751036167,0.9972376227378845,0.0066081504337489605,0.011393007822334766,0.9973615407943726,0.005098361987620592,0.00894693098962307,1.0,0.006144000217318535,0.01642211340367794,0.9574209451675415
Syllophopsis_sechellensis_OKENT0105212_processed.obj,Stage_3_deform_fine,0.00016484488151036203,0.013660063967108727,0.007430210243910551,0.006229853257536888,0.020377639681100845,0.07216905802488327,0.4314926862716675,0.42829999327659607,0.4347333312034607,0.8636438250541687,0.8495000004768372,0.8782666921615601,0.9685463905334473,0.948033332824707,0.9899666905403137,0.9966725707054138,0.9934000372886658,0.9999666810035706,0.8182870149612427,0.133200004696846,1.1332080364227295,1.1518347263336182,2.11030912399292,0.41640153527259827,0.3240814507007599,1.4780219793319702,0.5939663052558899,0.0,0.7147967219352722,0.1907731592655182,0.013197217136621475,0.03285989165306091,0.25906214118003845,12.087297439575195,62.58665084838867,0.003387732431292534,0.050734151154756546,0.05108218267560005,0.05067978799343109,-0.0055246055126190186,0.005187517032027245,0.010030047968029976,0.9965530633926392,0.004872450605034828,0.008885076269507408,1.0,0.007134535815566778,0.01272620540112257,1.0,0.005814642645418644,0.01009326335042715,0.9973615407943726,0.007126713637262583,0.01442375872284174,0.9794185757637024,0.006625420413911343,0.011509254574775696,0.9793187379837036
Temnothorax_congruus_OKENT0105443_processed.obj,Stage_3_deform_fine,0.0001546481071272865,0.015021810308098793,0.006863312795758247,0.008158497512340546,0.018837016075849533,0.0808011144399643,0.2989787459373474,0.3111000061035156,0.2877666652202606,0.7983067631721497,0.8507333397865295,0.751966655254364,0.9769302010536194,0.9954000115394592,0.9591333270072937,0.9998499751091003,1.0,0.9997000098228455,0.8497464656829834,0.24593333899974823,1.0907920598983765,0.7037145495414734,1.7982972860336304,0.4794042110443115,0.28480711579322815,1.2478231191635132,0.5132861137390137,0.0,0.734193742275238,0.22948583960533142,0.010525035671889782,0.022558806464076042,0.2521943151950836,12.475672721862793,61.160118103027344,0.0036157527938485146,0.014159133657813072,0.014396334066987038,0.014432014897465706,-0.002727767452597618,0.006289121229201555,0.011237974278628826,0.9996170401573181,0.006387931294739246,0.011575900949537754,0.9995399713516235,0.008267472498118877,0.014170480892062187,0.9834254384040833,0.0073814066126942635,0.013886909000575542,0.9920845031738281,0.006969762966036797,0.012172731570899487,0.9925392270088196,0.0059661865234375,0.01019255630671978,0.9939172863960266
Temnothorax_sp._OKENT0105336_processed.obj,Stage_3_deform_fine,0.0003777752281166613,0.02237706258893013,0.010832981206476688,0.011544081382453442,0.02687971666455269,0.09059866517782211,0.14170478284358978,0.14579999446868896,0.1378333419561386,0.5621667504310608,0.5938000082969666,0.5337333679199219,0.8995028734207153,0.9141333699226379,0.8853333592414856,0.994480550289154,0.9928333163261414,0.9961333274841309,0.7643082737922668,0.4381999969482422,1.1918659210205078,1.3461947441101074,2.433919906616211,0.3957262933254242,0.37560325860977173,1.9762595891952515,0.6824268698692322,0.0,0.6886129975318909,0.18424701690673828,0.018208425492048264,0.050724588334560394,0.31577011942863464,13.10220718383789,65.64283752441406,0.005179321393370628,0.008154814131557941,0.00843930896371603,0.008062758482992649,-0.0029467642307281494,0.008484956808388233,0.01525623258203268,0.9931061267852783,0.00942684430629015,0.017827212810516357,0.9687212109565735,0.012372019700706005,0.02925143763422966,0.8977900743484497,0.01016073115170002,0.018286006525158882,0.9656992554664612,0.00907343253493309,0.01722629740834236,0.9637252688407898,0.007928612641990185,0.014415966346859932,0.9866179823875427
Tetramorium_kraepelini_CASENT0744084_processed.obj,Stage_3_deform_fine,0.00032191851641982794,0.02155003696680069,0.009924431331455708,0.011625606566667557,0.026590926572680473,0.07634608447551727,0.1342930942773819,0.14083333313465118,0.12833333015441895,0.5569202303886414,0.6035666465759277,0.516966700553894,0.9158217310905457,0.9503666758537292,0.8837000131607056,0.9986498355865479,0.9990333318710327,0.9982666969299316,0.8146898746490479,0.35503333806991577,1.2016218900680542,1.2147693634033203,2.529850721359253,0.38280999660491943,0.38986602425575256,1.8987597227096558,0.7137473821640015,0.0,0.6777763366699219,0.1633412390947342,0.018987083807587624,0.04752126708626747,0.4129406213760376,13.408388137817383,67.0130386352539,0.004723280668258667,0.008181234821677208,0.008989370428025723,0.008240374736487865,-0.0017985524609684944,0.008810385130345821,0.01571408286690712,0.9865952134132385,0.00905294343829155,0.016538485884666443,0.9793007969856262,0.00910105649381876,0.015377740375697613,0.9944751858711243,0.010315760970115662,0.01916179247200489,0.9525066614151001,0.009432656690478325,0.018873166292905807,0.9590944051742554,0.008374433033168316,0.01446454506367445,0.9902676343917847
