mesh,stage,chamfer_l2,chamfer_l1,acc_mean,comp_mean,hausdorff_95,hausdorff_max,fscore@0.005,precision@0.005,recall@0.005,fscore@0.01,precision@0.01,recall@0.01,fscore@0.02,precision@0.02,recall@0.02,fscore@0.05,precision@0.05,recall@0.05,normal_consistency,normal_flip_frac,edge_ratio_mean,edge_ratio_std,edge_stretch_p95,edge_compress_p05,edge_logratio_absmean,area_ratio_mean,area_logratio_absmean,degenerate_tri_frac,tri_quality_mean,tri_quality_p05,deform_mag_mean,deform_mag_p95,deform_mag_max,dihedral_mean,dihedral_p99,folded_face_frac,midline_dev_mean,midline_dev_p95,midline_dev_mean_norm,midline_dev_excess,part_body_dist_mean,part_body_dist_p95,part_body_within_tau,part_head_dist_mean,part_head_dist_p95,part_head_within_tau,part_antenna_dist_mean,part_antenna_dist_p95,part_antenna_within_tau,part_mandible_dist_mean,part_mandible_dist_p95,part_mandible_within_tau,part_leg_dist_mean,part_leg_dist_p95,part_leg_within_tau,part_leg_distal_dist_mean,part_leg_distal_dist_p95,part_leg_distal_within_tau
Acanthostichus_aff.brevicornis_CASENT0744328_processed.obj,Stage_2_deform_coarse,0.00017473960178904235,0.015475071966648102,0.007839922793209553,0.007635149173438549,0.018646640703082085,0.0549117848277092,0.32211658358573914,0.3223000168800354,0.3219333291053772,0.7833849787712097,0.7883999943733215,0.7784333229064941,0.9649313688278198,0.9578999876976013,0.9720667004585266,0.9997333288192749,0.999500036239624,0.9999666810035706,0.8190894722938538,0.13723333179950714,1.2209510803222656,1.1173651218414307,2.431119203567505,0.5522355437278748,0.306319922208786,1.8737612962722778,0.5382357835769653,0.0,0.7641445398330688,0.3374958634376526,0.016228673979640007,0.041773974895477295,0.19567380845546722,13.58488655090332,75.6366958618164,0.006257944740355015,0.014076417312026024,0.014856301248073578,0.014034739695489407,-0.005222329869866371,0.006365361623466015,0.01249454915523529,0.986973226070404,0.005631228908896446,0.010718029923737049,0.9972388744354248,0.008932758122682571,0.017545262351632118,0.9834254384040833,0.006231739651411772,0.010193570517003536,1.0,0.00898045301437378,0.01936202123761177,0.9572495818138123,0.007356295362114906,0.013906853273510933,0.9914841651916504
Acromyrmex_coronatus_CASENT0744365_processed.obj,Stage_2_deform_coarse,0.00023613162920810282,0.017105750739574432,0.008797298185527325,0.008308453485369682,0.019918791949748993,0.087638720870018,0.2496957927942276,0.25200000405311584,0.24743333458900452,0.7474460601806641,0.7659666538238525,0.7297999858856201,0.9590519666671753,0.9503000378608704,0.9679666757583618,0.995128333568573,0.9905000329017639,0.9998000264167786,0.8271752595901489,0.08479999750852585,1.177749752998352,0.8362647891044617,2.225680351257324,0.571023166179657,0.28748759627342224,1.5465091466903687,0.49409019947052,0.0,0.7821440696716309,0.32053133845329285,0.018098048865795135,0.046488113701343536,0.26592200994491577,13.439373016357422,70.29576873779297,0.004139369819313288,0.053356532007455826,0.05409746244549751,0.05444888770580292,0.0026771388947963715,0.007072709035128355,0.013693423941731453,0.9919540286064148,0.006667459849268198,0.012585504911839962,0.9857340455055237,0.00901638064533472,0.015425359830260277,0.9751381874084473,0.009332017041742802,0.02218323014676571,0.9419525265693665,0.00796501524746418,0.014837547205388546,0.9830028414726257,0.008789182640612125,0.02268679067492485,0.9403892755508423
Acromyrmex_lobicornis_CASENT0878007_processed.obj,Stage_2_deform_coarse,0.0003865359758492559,0.02342427708208561,0.011224924586713314,0.012199352495372295,0.027680974453687668,0.08237487077713013,0.11212858557701111,0.1137000024318695,0.11060000211000443,0.4978552758693695,0.5228999853134155,0.47510001063346863,0.894238293170929,0.9175666570663452,0.8720666766166687,0.9969157576560974,0.9959666728973389,0.997866690158844,0.8046318888664246,0.2229333370923996,1.3876333236694336,1.375319004058838,3.2252702713012695,0.5197938680648804,0.3959019184112549,2.6074109077453613,0.7237880825996399,0.0,0.7636286020278931,0.3319741189479828,0.026644013822078705,0.07220502197742462,0.27558228373527527,14.804835319519043,83.96159362792969,0.008604674600064754,0.014669876545667648,0.015507778152823448,0.014838362112641335,-6.126239895820618e-06,0.009974393993616104,0.018900282680988312,0.9605364203453064,0.013714922592043877,0.03016120009124279,0.8154625296592712,0.009864539839327335,0.01841106452047825,0.9585635662078857,0.010613552294671535,0.01933843083679676,0.9604222178459167,0.011229372583329678,0.022672871127724648,0.9235127568244934,0.010759560391306877,0.020604979246854782,0.941605806350708
Anochetus_risii_CASENT0877608_processed.obj,Stage_2_deform_coarse,0.00020483734260778874,0.01629772037267685,0.008431288413703442,0.007866431958973408,0.022220661863684654,0.07141384482383728,0.29256850481033325,0.29466667771339417,0.2905000150203705,0.7759457230567932,0.7800000309944153,0.7719333171844482,0.9531289339065552,0.9388333559036255,0.9678666591644287,0.9989322423934937,0.997866690158844,1.0,0.7985208630561829,0.11393333226442337,1.185469150543213,0.8478086590766907,2.238372564315796,0.582042932510376,0.284743994474411,1.6267317533493042,0.4999735653400421,0.0,0.7598630785942078,0.3056265115737915,0.016214298084378242,0.03795449435710907,0.1489565074443817,13.790709495544434,74.56565856933594,0.005997197236865759,0.00518024992197752,0.00620980653911829,0.005197165533900261,-0.00401154812425375,0.0058692689053714275,0.01156256441026926,0.9954023361206055,0.0059968032874166965,0.011025774292647839,0.9976990222930908,0.007973826490342617,0.016053976491093636,0.9889503121376038,0.008686975575983524,0.016420193016529083,0.9894459247589111,0.00866723619401455,0.02010231465101242,0.9492660760879517,0.008873526006937027,0.021451011300086975,0.9379562139511108
Anochetus_risii_CASENT0877609_processed.obj,Stage_2_deform_coarse,0.0005357193876989186,0.026902753859758377,0.012965494766831398,0.013937260024249554,0.03276825696229935,0.146318718791008,0.09165781736373901,0.09366666525602341,0.08973333239555359,0.43094387650489807,0.4620000123977661,0.40380001068115234,0.8359514474868774,0.8631666898727417,0.8104000091552734,0.9924513697624207,0.9885666966438293,0.9963666796684265,0.7777674198150635,0.28600001335144043,1.4380676746368408,1.7929341793060303,3.2977657318115234,0.5386937260627747,0.3979182541370392,3.2367453575134277,0.7278847694396973,0.0,0.7286731004714966,0.25622445344924927,0.028834648430347443,0.07657528668642044,0.3334417939186096,15.109969139099121,92.08976745605469,0.010299534536898136,0.01519615389406681,0.016511401161551476,0.015501786954700947,-0.0009874869138002396,0.011757357977330685,0.023755306378006935,0.9183908104896545,0.013968633487820625,0.029559068381786346,0.8099401593208313,0.010595999658107758,0.019149357452988625,0.961326003074646,0.010527613572776318,0.017702076584100723,0.97625333070755,0.012795564718544483,0.02871743030846119,0.8583569526672363,0.011754544451832771,0.029172224923968315,0.9148418307304382
Aphaenogaster_pallida_CASENT0745235_processed.obj,Stage_2_deform_coarse,0.00022331331274472177,0.015483831986784935,0.007951811887323856,0.007532020099461079,0.016154160723090172,0.1531154364347458,0.31468644738197327,0.31780001521110535,0.3116333484649658,0.8018820285797119,0.8198333382606506,0.7847000360488892,0.9729967713356018,0.9670667052268982,0.9790000319480896,0.9967561960220337,0.9935333728790283,1.0,0.8751716017723083,0.058800000697374344,1.1613019704818726,0.9292222857475281,2.0185163021087646,0.6000780463218689,0.2630257308483124,1.5827839374542236,0.4621238708496094,0.0,0.8162120580673218,0.4125571548938751,0.013039836660027504,0.03439975529909134,0.2113398015499115,13.04664421081543,69.63693237304688,0.004726052284240723,0.008032013662159443,0.009066665545105934,0.008049231953918934,-0.0013785045593976974,0.006615244317799807,0.012438042089343071,0.99042147397995,0.0058839889243245125,0.011387120932340622,0.9953981041908264,0.008758848533034325,0.015046482905745506,0.991712749004364,0.007629283703863621,0.01662544161081314,0.9788918495178223,0.00858509261161089,0.0172389168292284,0.9642029404640198,0.007598829455673695,0.013432403095066547,0.9781022071838379
Atopomyrmex_mocquerysi_CASENT0744784_processed.obj,Stage_2_deform_coarse,0.0001346466306131333,0.013169286772608757,0.0067682648077607155,0.0064010219648480415,0.01590660773217678,0.07160302996635437,0.43734702467918396,0.44030001759529114,0.43443334102630615,0.8559496998786926,0.8554666638374329,0.8564333319664001,0.979442834854126,0.9693000316619873,0.9898000359535217,0.9989154934883118,0.9978333711624146,1.0,0.8080459237098694,0.12046666443347931,1.1871460676193237,1.0710564851760864,2.4441514015197754,0.5253887176513672,0.3127613961696625,1.7843730449676514,0.5604577660560608,0.0,0.771504282951355,0.34655025601387024,0.014128309674561024,0.032510578632354736,0.2362326681613922,13.610763549804688,80.76532745361328,0.007431309670209885,0.023065906018018723,0.023617597296833992,0.02352350577712059,7.222779095172882e-05,0.005090244580060244,0.009967509657144547,0.9988505840301514,0.0048834034241735935,0.009651812724769115,0.9963184595108032,0.007137458771467209,0.0129065727815032,1.0,0.008828537538647652,0.026835381984710693,0.9129288196563721,0.007098475005477667,0.0152603629976511,0.9863507747650146,0.007741941604763269,0.016589414328336716,0.9671532511711121
Carebara_trechideros_CASENT0877591_processed.obj,Stage_2_deform_coarse,0.000198427151190117,0.015309253707528114,0.00820773746818304,0.007101516239345074,0.02291199378669262,0.08796343207359314,0.36916518211364746,0.3684333264827728,0.36990001797676086,0.7986679673194885,0.7862666845321655,0.8114666938781738,0.9581906199455261,0.9352666735649109,0.9822666645050049,0.9973283410072327,0.9951000213623047,0.9995666742324829,0.7546620965003967,0.19833333790302277,1.2607758045196533,1.4866935014724731,2.6771187782287598,0.5444890856742859,0.3266936242580414,1.9791465997695923,0.5754978656768799,0.0,0.7680262923240662,0.32093897461891174,0.016088241711258888,0.043002061545848846,0.393349289894104,14.036782264709473,83.6517562866211,0.008767642080783844,0.02122056484222412,0.02196168713271618,0.02163686603307724,0.000148676335811615,0.005615690723061562,0.012147961184382439,0.992337167263031,0.004728810396045446,0.008754812180995941,1.0,0.006200079806149006,0.011576197110116482,0.9972376227378845,0.006768541410565376,0.014598791487514973,0.9947230219841003,0.00801602378487587,0.01714717224240303,0.9678084254264832,0.0068871332332491875,0.012859228998422623,0.9939172863960266
Centromyrmex_brachycola_CASENT0744052_processed.obj,Stage_2_deform_coarse,0.00025104862288571894,0.017988376319408417,0.008784445933997631,0.009203929454088211,0.020946476608514786,0.10266126692295074,0.2274618297815323,0.2315666675567627,0.22349999845027924,0.7053043246269226,0.7348999977111816,0.6780000329017639,0.9516410827636719,0.9610999822616577,0.9423666596412659,0.9964438080787659,0.9939666986465454,0.9989333152770996,0.8268190026283264,0.2165333330631256,1.2043852806091309,1.0578197240829468,2.308610200881958,0.5490050315856934,0.3064659535884857,1.7901432514190674,0.5555745959281921,0.0,0.7670933604240417,0.32446348667144775,0.017141543328762054,0.04103726148605347,0.23093976080417633,14.151512145996094,79.96234130859375,0.007529090158641338,0.005433936137706041,0.006447020452469587,0.005488488357514143,-0.00557872885838151,0.0074704550206661224,0.014431387186050415,0.9831417798995972,0.00684848939999938,0.012629746459424496,0.9976990222930908,0.009149769321084023,0.016314618289470673,0.972375750541687,0.010470973327755928,0.0203932523727417,0.9445910453796387,0.009623979218304157,0.020179998129606247,0.9482359290122986,0.007934737019240856,0.014540325850248337,0.9866179823875427
Cephalotes_minutus_CASENT0709253_processed.obj,Stage_2_deform_coarse,0.0001833634014474228,0.016466280445456505,0.007918616756796837,0.008547663688659668,0.018575124442577362,0.05492613837122917,0.25123438239097595,0.2571333348751068,0.24560000002384186,0.740029513835907,0.7699666619300842,0.7123333215713501,0.9683864712715149,0.9751666784286499,0.9617000222206116,0.9998499751091003,0.9997000098228455,1.0,0.8283267021179199,0.17016667127609253,1.202214241027832,0.95231693983078,2.3195958137512207,0.5471137166023254,0.3169950544834137,1.7279363870620728,0.5669834017753601,0.0,0.789629340171814,0.3687167465686798,0.01699787750840187,0.0397275947034359,0.15000031888484955,13.741803169250488,75.2584457397461,0.006160164717584848,0.01973346807062626,0.020678581669926643,0.019209185615181923,-0.0019808970391750336,0.006974008399993181,0.01306504663079977,0.9973180294036865,0.006544994655996561,0.011894435621798038,0.9990796446800232,0.008122873492538929,0.01621427945792675,0.972375750541687,0.00830914732068777,0.016966672614216805,0.9656992554664612,0.00886415597051382,0.01824725605547428,0.9652330875396729,0.008018339052796364,0.015623550862073898,0.9841849207878113
Cephalotes_simillimus_CASENT0744408_processed.obj,Stage_2_deform_coarse,0.0005155917606316507,0.026500750333070755,0.012193017639219761,0.014307733625173569,0.034174054861068726,0.11313770711421967,0.10807330906391144,0.11163333803415298,0.10473333299160004,0.43901461362838745,0.4792666733264923,0.4050000011920929,0.829714298248291,0.881933331489563,0.7833333611488342,0.9954165816307068,0.9950000047683716,0.9958333373069763,0.7795762419700623,0.4337666630744934,1.4085004329681396,1.8503310680389404,3.124269485473633,0.5307690501213074,0.3916305899620056,2.9397363662719727,0.7082939147949219,0.0,0.7429216504096985,0.3129701316356659,0.026782242581248283,0.06645704805850983,0.25954166054725647,15.064024925231934,96.55670928955078,0.011146964505314827,0.01836523599922657,0.01995030976831913,0.0183954406529665,-0.003875572234392166,0.01170004066079855,0.02380015142261982,0.8996168971061707,0.013960017822682858,0.02905411832034588,0.8311091065406799,0.009123099036514759,0.018665745854377747,0.961326003074646,0.0149521604180336,0.03761982172727585,0.7730870842933655,0.010798998177051544,0.02098284661769867,0.9417976140975952,0.01051317248493433,0.02100973203778267,0.94525545835495
Cephalotes_spinosus_CASENT0744158_processed.obj,Stage_2_deform_coarse,0.0002443683915771544,0.01820448227226734,0.00888324435800314,0.009321237914264202,0.02106091007590294,0.07438920438289642,0.23170620203018188,0.23796667158603668,0.22576667368412018,0.6872714757919312,0.7200666666030884,0.6573333144187927,0.943130612373352,0.9490000009536743,0.937333345413208,0.9984654784202576,0.9973666667938232,0.9995666742324829,0.8214674592018127,0.14296667277812958,1.2162941694259644,0.9459459185600281,2.4234707355499268,0.5349038243293762,0.3284708857536316,1.7316231727600098,0.5712404847145081,0.0,0.7823994755744934,0.36088621616363525,0.019611435011029243,0.04853246361017227,0.2184835970401764,13.681841850280762,73.29608917236328,0.005769043229520321,0.010135764256119728,0.011020193807780743,0.010186462663114071,-0.004372601397335529,0.007804964203387499,0.015065144747495651,0.9858237504959106,0.00702553428709507,0.012735041789710522,0.9976990222930908,0.009485654532909393,0.02573598176240921,0.9171271324157715,0.01083354651927948,0.024456873536109924,0.9287599325180054,0.008969883434474468,0.017645826563239098,0.9703837633132935,0.0089120427146554,0.017409102991223335,0.9610705375671387
Crematogaster_nawai_OKENT0105046_processed.obj,Stage_2_deform_coarse,0.0003919533046428114,0.021813908591866493,0.010794597677886486,0.011019310913980007,0.026140499860048294,0.11987365782260895,0.15911497175693512,0.1657000035047531,0.1530333310365677,0.586506724357605,0.6274666786193848,0.5505666732788086,0.9138189554214478,0.9233666658401489,0.9044666886329651,0.9904911518096924,0.9840666651725769,0.9970000386238098,0.77242112159729,0.3408333361148834,1.2519512176513672,1.100871205329895,2.5353524684906006,0.556083083152771,0.32863742113113403,1.8713489770889282,0.5755214095115662,0.0,0.782196044921875,0.3521736264228821,0.01983637548983097,0.048978980630636215,0.3064948320388794,14.184823989868164,77.45846557617188,0.00664906669408083,0.01646779291331768,0.017178088426589966,0.016244148835539818,-0.007126204669475555,0.008928227238357067,0.01693551242351532,0.9720306992530823,0.007932077161967754,0.014683753252029419,0.9958582520484924,0.010390032082796097,0.019850697368383408,0.950276255607605,0.01040212158113718,0.02015777677297592,0.9472295641899109,0.009047772735357285,0.01806715875864029,0.9634303450584412,0.007733454462140799,0.015111049637198448,0.9902676343917847
Cryptopone_sauteri_CASENT0743771_processed.obj,Stage_2_deform_coarse,0.0005125152529217303,0.023386601358652115,0.012309952639043331,0.011076647788286209,0.03313477337360382,0.16605976223945618,0.15422944724559784,0.15716667473316193,0.15139999985694885,0.5667189359664917,0.5817999839782715,0.5523999929428101,0.893482506275177,0.8925999999046326,0.8943666815757751,0.9876126050949097,0.9761000275611877,0.9994000196456909,0.7861201763153076,0.35403335094451904,1.2756279706954956,1.306018590927124,2.713873863220215,0.5359774231910706,0.33809033036231995,2.2910959720611572,0.6005848050117493,0.0,0.7848761677742004,0.3646889328956604,0.02024168148636818,0.05088096857070923,0.32770949602127075,13.950980186462402,81.0871810913086,0.008115772157907486,0.0293191559612751,0.030261747539043427,0.029293624684214592,-0.00038869306445121765,0.008683798834681511,0.016098441556096077,0.9796935319900513,0.009830699302256107,0.026115845888853073,0.9157846570014954,0.008757013827562332,0.01702858880162239,0.9889503121376038,0.010537199676036835,0.018813012167811394,0.97625333070755,0.009446576237678528,0.018247436732053757,0.9690960645675659,0.007951811887323856,0.014740417711436749,0.9866179823875427
Cyphoidris_afrc-tz01_CASENT0744810_processed.obj,Stage_2_deform_coarse,0.0010526197729632258,0.03739427030086517,0.017724191769957542,0.01967008039355278,0.04666717350482941,0.159410759806633,0.044712137430906296,0.04516666755080223,0.04426666721701622,0.24602024257183075,0.2583666741847992,0.23479999601840973,0.6744776964187622,0.7308666706085205,0.6261667013168335,0.9641320705413818,0.965233325958252,0.9630333185195923,0.7295529842376709,0.37770000100135803,1.472513198852539,2.2202892303466797,3.7187659740448,0.5036595463752747,0.40550845861434937,4.475758075714111,0.7557722926139832,0.0,0.7461370229721069,0.28693726658821106,0.02985311858355999,0.0854143351316452,0.3921765685081482,14.846684455871582,91.9270248413086,0.010658062994480133,0.059500131756067276,0.06062858924269676,0.06029674783349037,0.012713976204395294,0.016585012897849083,0.036098092794418335,0.7226054072380066,0.013861335813999176,0.027649955824017525,0.8495168089866638,0.013428767211735249,0.025731060653924942,0.8563536405563354,0.012974385172128677,0.0241101011633873,0.8759894967079163,0.015880273655056953,0.03777942806482315,0.7798094153404236,0.015204043127596378,0.037758439779281616,0.8199513554573059
Cyphomyrmex_cf.minutus_CASENT0744280_processed.obj,Stage_2_deform_coarse,0.0011008756700903177,0.038861483335494995,0.017514489591121674,0.02134699560701847,0.050051249563694,0.12507645785808563,0.03555014356970787,0.03633333370089531,0.03480000048875809,0.21184833347797394,0.2282666712999344,0.19763334095478058,0.6422114372253418,0.7245666980743408,0.5766666531562805,0.9618623852729797,0.9742000102996826,0.949833333492279,0.757100522518158,0.4404999911785126,1.4645451307296753,2.418402671813965,3.5759692192077637,0.537109911441803,0.39124658703804016,4.2148237228393555,0.7409206628799438,0.0,0.7463095188140869,0.3020012378692627,0.029487090185284615,0.08399243652820587,0.39318251609802246,14.876930236816406,91.06063842773438,0.010266941040754318,0.026548588648438454,0.027261927723884583,0.02698800340294838,0.0018591228872537613,0.01727665401995182,0.03679998964071274,0.705747127532959,0.017573188990354538,0.031024714931845665,0.6732627749443054,0.01604875922203064,0.03115803189575672,0.7265193462371826,0.015434875153005123,0.026965048164129257,0.7572559714317322,0.01728132925927639,0.03564394265413284,0.7084728479385376,0.015998365357518196,0.034419942647218704,0.7688564658164978
Dilobocondyla_fouqueti_CASENT0745576_processed.obj,Stage_2_deform_coarse,0.00023939530365169048,0.0179874487221241,0.008925454691052437,0.009061993099749088,0.01949709840118885,0.08451399952173233,0.21380537748336792,0.21796667575836182,0.20980000495910645,0.6993754506111145,0.723966658115387,0.6764000058174133,0.9561794400215149,0.958133339881897,0.9542333483695984,0.9968408942222595,0.9938333630561829,0.9998666644096375,0.8349177837371826,0.10926666855812073,1.2207800149917603,1.1014407873153687,2.3384342193603516,0.5453897714614868,0.312680184841156,1.8594897985458374,0.5471365451812744,0.0,0.7972406148910522,0.3606210947036743,0.018968190997838974,0.05334952101111412,0.2026832550764084,13.557266235351562,76.15265655517578,0.00664906669408083,0.02468307502567768,0.025366032496094704,0.024650143459439278,-0.0005993284285068512,0.007940069772303104,0.0143869798630476,0.9931034445762634,0.006592872552573681,0.011638334020972252,0.999539852142334,0.009481102228164673,0.017448440194129944,0.9834254384040833,0.008094202727079391,0.014180699363350868,1.0,0.00829244777560234,0.015522744506597519,0.9850631356239319,0.00842407625168562,0.01641305722296238,0.9635036587715149
Dorylus_fulvus_CASENT0745678_processed.obj,Stage_2_deform_coarse,0.0001655106316320598,0.015099724754691124,0.0073916069231927395,0.007708118297159672,0.017375683411955833,0.060881949961185455,0.326827734708786,0.33043333888053894,0.32330000400543213,0.7951945066452026,0.8123666644096375,0.7787333130836487,0.9715771079063416,0.9740333557128906,0.9691333174705505,0.9995833039283752,0.9995999932289124,0.9995666742324829,0.822506844997406,0.1581999957561493,1.2144906520843506,1.0569967031478882,2.376906633377075,0.5575224757194519,0.30400824546813965,1.8271149396896362,0.5395883321762085,0.0,0.783306360244751,0.36905115842819214,0.01472118403762579,0.03641417250037193,0.17687304317951202,13.483589172363281,79.14713287353516,0.0069098141975700855,0.0004643937572836876,0.0010948943672701716,0.00046764343278482556,-0.011811278760433197,0.006035260856151581,0.011577249504625797,0.9977011680603027,0.0056574358604848385,0.010694514028728008,0.999539852142334,0.008541172370314598,0.01732823997735977,0.961326003074646,0.006898632273077965,0.012755540199577808,0.9973615407943726,0.008458016440272331,0.01703840307891369,0.9763069748878479,0.007384458091109991,0.015659503638744354,0.9781022071838379
Eciton_hamatum_CASENT0744580_processed.obj,Stage_2_deform_coarse,0.00027011759812012315,0.017514895647764206,0.010098226368427277,0.007416670210659504,0.029331184923648834,0.09006550908088684,0.30689290165901184,0.3004666566848755,0.31360000371932983,0.7403692603111267,0.6996666789054871,0.7861000299453735,0.9352076649665833,0.8890666961669922,0.9864000082015991,0.9941328763961792,0.9883666634559631,0.9999666810035706,0.662020206451416,0.2616666555404663,1.3280261754989624,1.6000096797943115,2.776711940765381,0.5509116649627686,0.35443115234375,2.4816954135894775,0.6118570566177368,0.0,0.7305711507797241,0.3096923530101776,0.016988225281238556,0.036836933344602585,0.29836225509643555,15.658364295959473,90.57151794433594,0.010136567056179047,0.01664760150015354,0.017227688804268837,0.01684551127254963,0.0007612220942974091,0.0060560982674360275,0.012859474867582321,0.9888889193534851,0.011478304862976074,0.026683716103434563,0.8628624081611633,0.0082051120698452,0.020861798897385597,0.9392265677452087,0.008368290029466152,0.018522921949625015,0.9683377742767334,0.00746934162452817,0.017017662525177002,0.970126211643219,0.007090440485626459,0.016344694420695305,0.9647201895713806
Ectatomma_brunneum_CASENT0744575_processed.obj,Stage_2_deform_coarse,0.0006211375002749264,0.028612930327653885,0.01381977554410696,0.0147931557148695,0.034050311893224716,0.11906438320875168,0.07802306115627289,0.0794999971985817,0.07660000026226044,0.37919509410858154,0.40566667914390564,0.3559666574001312,0.8236058354377747,0.8683666586875916,0.7832333445549011,0.9869018197059631,0.9789666533470154,0.9949666857719421,0.7874548435211182,0.3236333429813385,1.3900930881500244,1.6457241773605347,3.1815545558929443,0.538733184337616,0.37550726532936096,2.9583890438079834,0.6816588044166565,0.0,0.7527344226837158,0.30897408723831177,0.03012450970709324,0.08467228710651398,0.5092839598655701,14.675108909606934,91.03755187988281,0.010169160552322865,0.008134501986205578,0.009412097744643688,0.008243460208177567,-0.0006138170138001442,0.016772955656051636,0.03977369889616966,0.7578544020652771,0.010565027594566345,0.020837221294641495,0.9401748776435852,0.011894089169800282,0.024569841101765633,0.9033149480819702,0.012224937789142132,0.02522648125886917,0.8759894967079163,0.012078872881829739,0.022950811311602592,0.9139840602874756,0.010846049524843693,0.017962222918868065,0.9768856167793274
Eurhopalothrix_procera_CASENT0745605_processed.obj,Stage_2_deform_coarse,0.0005077091045677662,0.025637570768594742,0.012877189554274082,0.01276038121432066,0.033837463706731796,0.10076308250427246,0.10552820563316345,0.10706666857004166,0.10403333604335785,0.4700019061565399,0.4908333420753479,0.4508666694164276,0.8615964651107788,0.87663334608078,0.8470667004585266,0.9880988001823425,0.9782000184059143,0.998199999332428,0.764794111251831,0.2604333460330963,1.2820096015930176,1.272168755531311,2.6676669120788574,0.5429384708404541,0.3401942253112793,2.2260046005249023,0.6092317700386047,0.0,0.7620360255241394,0.30684879422187805,0.022947369143366814,0.057478878647089005,0.2258967161178589,14.602543830871582,76.48119354248047,0.006975001189857721,0.008610647171735764,0.009960257448256016,0.008528360165655613,-0.006507614627480507,0.010413965210318565,0.02105204202234745,0.9398467540740967,0.00914046447724104,0.01764451153576374,0.973308801651001,0.010507294908165932,0.019111623987555504,0.9585635662078857,0.010476445779204369,0.018573416396975517,0.963060736656189,0.011373519897460938,0.022920630872249603,0.9263456463813782,0.01128337997943163,0.0258820578455925,0.9124087691307068
Heteroponera_panamensis_CASENT0744055_processed.obj,Stage_2_deform_coarse,0.000766476325225085,0.0322418212890625,0.01509022992104292,0.017151590436697006,0.04083213582634926,0.10923926532268524,0.055051859468221664,0.05640000104904175,0.05376666784286499,0.29805421829223633,0.31816667318344116,0.28033334016799927,0.7658745646476746,0.8259666562080383,0.7139333486557007,0.9798131585121155,0.9779666662216187,0.9816666841506958,0.8139811158180237,0.35226666927337646,1.4662352800369263,1.9268780946731567,3.5916531085968018,0.5279442071914673,0.40225496888160706,3.6562798023223877,0.746875524520874,0.0,0.7524292469024658,0.29362955689430237,0.031558796763420105,0.08845739811658859,0.4147704243659973,14.889721870422363,90.44183349609375,0.010136567056179047,0.03296828642487526,0.03386558219790459,0.032701246440410614,0.00048651546239852905,0.014599244110286236,0.031284529715776443,0.807662844657898,0.012226617895066738,0.023685848340392113,0.9038196206092834,0.01292509026825428,0.024533996358513832,0.8839779496192932,0.015807608142495155,0.02875075489282608,0.7387863397598267,0.013532697223126888,0.025902293622493744,0.8604172468185425,0.014417295344173908,0.034560929983854294,0.8734793066978455
Labidus_praedator_CASENT0744236_processed.obj,Stage_2_deform_coarse,0.0002890037721954286,0.018029607832431793,0.01012058462947607,0.007909024134278297,0.031175537034869194,0.07340842485427856,0.3086067736148834,0.30140000581741333,0.3161666691303253,0.7315959930419922,0.706766664981842,0.758233368396759,0.9253747463226318,0.8892999887466431,0.9645000100135803,0.9933410286903381,0.9869000315666199,0.9998666644096375,0.7140679955482483,0.2834666669368744,1.3357539176940918,1.6778730154037476,3.0631213188171387,0.46155184507369995,0.406653493642807,2.094813108444214,0.7109182476997375,0.0,0.6665917634963989,0.23714375495910645,0.025893626734614372,0.06252294778823853,0.6521380543708801,16.699581146240234,97.31080627441406,0.012026987969875336,0.054637979716062546,0.05609716475009918,0.05518360808491707,-0.0009435564279556274,0.008009951561689377,0.021730078384280205,0.9348658919334412,0.014779729768633842,0.032366760075092316,0.7432121634483337,0.007276489399373531,0.015513904392719269,0.9779005646705627,0.012215647846460342,0.03405865654349327,0.8284960985183716,0.007735819090157747,0.0169132798910141,0.9703837633132935,0.008947917260229588,0.024826282635331154,0.9257907271385193
Labidus_praedator_CASENT0744237_processed.obj,Stage_2_deform_coarse,0.00037003520992584527,0.01982584409415722,0.01060218084603548,0.009223663248121738,0.02919992245733738,0.13717950880527496,0.2136649340391159,0.21566666662693024,0.21170000731945038,0.6783012747764587,0.6940333247184753,0.663266658782959,0.9318599104881287,0.9161666631698608,0.9481000304222107,0.9900068640708923,0.9804999828338623,0.9997000098228455,0.7919939160346985,0.17606666684150696,1.1808204650878906,0.9588956236839294,2.1644833087921143,0.5701066255569458,0.2868582010269165,1.7078016996383667,0.5153312683105469,0.0,0.7731903195381165,0.3218366801738739,0.016320589929819107,0.043235015124082565,0.23786146938800812,13.370624542236328,70.49726104736328,0.005051986780017614,0.007575918920338154,0.008462722413241863,0.007795664016157389,-0.0033753030002117157,0.0075836386531591415,0.014611812308430672,0.9796935319900513,0.006447875872254372,0.01192002184689045,1.0,0.008649910800158978,0.0144281517714262,0.9972376227378845,0.007436756975948811,0.012038427405059338,1.0,0.009119952097535133,0.018409010022878647,0.962915301322937,0.011322112753987312,0.021460672840476036,0.941605806350708
Lasius_nr._fuliginosus_CASENT0878037_processed.obj,Stage_2_deform_coarse,0.00018896046094596386,0.015158739872276783,0.007698769681155682,0.007459970191121101,0.01665322482585907,0.09698061645030975,0.33434176445007324,0.3404666781425476,0.3284333348274231,0.8031802773475647,0.8258000016212463,0.7817666530609131,0.9707923531532288,0.963366687297821,0.9783333539962769,0.996254563331604,0.9927999973297119,0.9997333288192749,0.8375633955001831,0.10936667025089264,1.1543503999710083,1.022027850151062,2.022066354751587,0.6044102311134338,0.2651054859161377,1.584455966949463,0.4799255132675171,0.0,0.8018503785133362,0.38094040751457214,0.012530215084552765,0.02785622514784336,0.22105711698532104,13.207633972167969,68.94843292236328,0.005377921275794506,0.011879555881023407,0.012673639692366123,0.01192969735711813,-0.006576849147677422,0.00598054938018322,0.011301816441118717,0.9961686134338379,0.0053220344707369804,0.009995253756642342,0.9990796446800232,0.008310715667903423,0.012606210075318813,0.9972376227378845,0.006684884894639254,0.011583084240555763,1.0,0.008118540979921818,0.015389394015073776,0.9837754368782043,0.007039573043584824,0.012399416416883469,0.9866179823875427
Lioponera_daikoku_OKENT0105067_processed.obj,Stage_2_deform_coarse,0.000773776788264513,0.030270028859376907,0.0149855250492692,0.015284504741430283,0.039427224546670914,0.21416687965393066,0.07761906087398529,0.07919999957084656,0.07609999924898148,0.38265833258628845,0.41013333201408386,0.3586333394050598,0.8015744686126709,0.8393333554267883,0.7670666575431824,0.9785362482070923,0.9673666954040527,0.9899666905403137,0.7919204235076904,0.415066659450531,1.4240750074386597,2.0612566471099854,3.4522907733917236,0.4896848201751709,0.4096028208732605,3.5946617126464844,0.7401415705680847,0.0,0.7509066462516785,0.3075771927833557,0.028999455273151398,0.0856224000453949,0.34846049547195435,14.244016647338867,88.43717193603516,0.009615072049200535,0.046217180788517,0.046887047588825226,0.045573197305202484,-0.0004129186272621155,0.015905018895864487,0.03819956257939339,0.754023015499115,0.013284501619637012,0.03197382017970085,0.8513575792312622,0.010555651970207691,0.019353747367858887,0.961326003074646,0.013041437603533268,0.025009481236338615,0.8707124590873718,0.013378704898059368,0.0312354639172554,0.8650528192520142,0.012394375167787075,0.02441827580332756,0.8978102207183838
Mayriella_sp._CASENT0745610_processed.obj,Stage_2_deform_coarse,0.0007105011027306318,0.030898166820406914,0.014782264828681946,0.016115901991724968,0.037472158670425415,0.11229348182678223,0.07047471404075623,0.07256666570901871,0.06849999725818634,0.3414160907268524,0.367000013589859,0.3191666603088379,0.7759507894515991,0.8271333575248718,0.730733335018158,0.983948290348053,0.9768666625022888,0.9911333322525024,0.7379227876663208,0.39473333954811096,1.3417202234268188,2.0657362937927246,2.9202277660369873,0.5097829103469849,0.36812013387680054,3.7204947471618652,0.6533226370811462,0.0,0.754183828830719,0.3002606928348541,0.026389777660369873,0.07381467521190643,0.28868356347084045,14.757387161254883,81.2855224609375,0.007398716174066067,0.03598615899682045,0.03793023154139519,0.03596200421452522,0.0051991306245327,0.013958335854113102,0.03005860559642315,0.8180077075958252,0.012056978419423103,0.025045115500688553,0.8941555619239807,0.013064430095255375,0.028123069554567337,0.8867403864860535,0.011494171805679798,0.022331375628709793,0.9234828948974609,0.01143737230449915,0.021102994680404663,0.9361318945884705,0.011549977585673332,0.0245659276843071,0.9294403791427612
Mesoponera_ambigua_CASENT0745584_processed.obj,Stage_2_deform_coarse,0.0006195651367306709,0.02778755873441696,0.013612196780741215,0.014175361953675747,0.03507591411471367,0.17975950241088867,0.08760048449039459,0.08973333239555359,0.08556666970252991,0.4164983332157135,0.44716668128967285,0.389766663312912,0.8385424613952637,0.8736667037010193,0.8061333298683167,0.9858154058456421,0.9767667055130005,0.995033323764801,0.798727810382843,0.3152666687965393,1.3478734493255615,1.4864572286605835,2.979179620742798,0.5369585752487183,0.36723005771636963,2.5784358978271484,0.6376557946205139,0.0,0.7491800785064697,0.2939615845680237,0.027170907706022263,0.0731564536690712,0.37082818150520325,14.599696159362793,85.11131286621094,0.009256543591618538,0.05940494313836098,0.06024518236517906,0.05896488204598427,-0.001066356897354126,0.012242907658219337,0.022292515262961388,0.9222222566604614,0.010643292218446732,0.024304958060383797,0.9190059900283813,0.011271465569734573,0.021020235493779182,0.941989004611969,0.010679383762180805,0.019533097743988037,0.9577836990356445,0.01222177967429161,0.026156561449170113,0.8975019454956055,0.01284494437277317,0.03324086591601372,0.9136252999305725
Myrmecina_ryukyuensis_OKENT0105085_processed.obj,Stage_2_deform_coarse,0.0003145417431369424,0.01850491389632225,0.009172104299068451,0.009332810528576374,0.020054055377840996,0.24496103823184967,0.22842320799827576,0.23463334143161774,0.22253333032131195,0.6937716007232666,0.7180666923522949,0.6710667014122009,0.9499164819717407,0.9503000378608704,0.9495333433151245,0.9940240979194641,0.9909999966621399,0.9970666766166687,0.816391110420227,0.19380000233650208,1.1967824697494507,1.024208426475525,2.3194422721862793,0.5186020731925964,0.3154221475124359,1.8186677694320679,0.5796589255332947,0.0,0.7765437960624695,0.3503369688987732,0.01748114451766014,0.044085707515478134,0.2226010113954544,13.427541732788086,71.05487823486328,0.004400117788463831,0.0042925444431602955,0.005048325285315514,0.004267542157322168,-0.0035920417867600918,0.00738929258659482,0.013301637023687363,0.994636058807373,0.006914807949215174,0.012523462064564228,0.9981592297554016,0.011045004241168499,0.023555077612400055,0.919889509677887,0.007378490641713142,0.013187512755393982,1.0,0.010589865036308765,0.02559439092874527,0.9116662740707397,0.00836290791630745,0.016129616647958755,0.9635036587715149
Myrmecina_sp._CASENT0745613_processed.obj,Stage_2_deform_coarse,0.00045694870641455054,0.0244646817445755,0.01168757677078247,0.01277710497379303,0.030291447415947914,0.12161797285079956,0.11898494511842728,0.1214333325624466,0.1166333332657814,0.5003612637519836,0.5391666889190674,0.46676668524742126,0.871567964553833,0.9060666561126709,0.8396000266075134,0.9934906959533691,0.9884333610534668,0.9986000061035156,0.80416339635849,0.33570000529289246,1.380327820777893,1.5909829139709473,3.3006739616394043,0.546756386756897,0.3711771070957184,2.882603883743286,0.6689315438270569,0.0,0.7654993534088135,0.3139139711856842,0.023997051641345024,0.059324175119400024,0.265211284160614,14.741666793823242,94.75194549560547,0.010658062994480133,0.014590398408472538,0.015617546625435352,0.01457820925861597,0.0012417417019605637,0.010555898770689964,0.02209722064435482,0.9325670599937439,0.010382487438619137,0.024423785507678986,0.9180856347084045,0.010488747619092464,0.018485743552446365,0.9696133136749268,0.00958520732820034,0.01850045844912529,0.9577836990356445,0.011331476271152496,0.02592349983751774,0.913211464881897,0.012412256561219692,0.03203124925494194,0.9014598727226257
Nesomyrmex_angulatus_CASENT0744820_processed.obj,Stage_2_deform_coarse,0.0007398674497380853,0.0302684735506773,0.014962410554289818,0.015306062996387482,0.03930437192320824,0.17874693870544434,0.080220066010952,0.08179999887943268,0.0786999985575676,0.370799720287323,0.39456668496131897,0.3497333228588104,0.7975779175758362,0.8337666988372803,0.7644000053405762,0.9804852604866028,0.9692666530609131,0.9919666647911072,0.7529093027114868,0.3870333433151245,1.4247103929519653,1.8704954385757446,3.2665507793426514,0.5226085186004639,0.393438458442688,3.3483998775482178,0.6987094283103943,0.0,0.7469600439071655,0.3083774447441101,0.029138848185539246,0.0758001059293747,0.44917434453964233,15.045233726501465,91.3501968383789,0.010299534536898136,0.00831015594303608,0.00926982332020998,0.008316408842802048,-0.0029569044709205627,0.015140143223106861,0.031358085572719574,0.8183908462524414,0.013233913108706474,0.03011004999279976,0.8545789122581482,0.011933203786611557,0.02130376733839512,0.9226519465446472,0.011654759757220745,0.02192438766360283,0.897097647190094,0.011512938886880875,0.021762147545814514,0.9240278005599976,0.011663051322102547,0.02371920272707939,0.9087591171264648
Odontomachus_troglodytes_CASENT0744970_processed.obj,Stage_2_deform_coarse,0.0001980605156859383,0.015440812334418297,0.007969642989337444,0.007471168879419565,0.019042065367102623,0.11357519775629044,0.3361034095287323,0.3413666784763336,0.3310000002384186,0.7903773188591003,0.7980333566665649,0.7828666567802429,0.9663201570510864,0.9545666575431824,0.9783666729927063,0.9975107908248901,0.9951000213623047,0.9999333620071411,0.7787395715713501,0.14963333308696747,1.176639437675476,0.9598793983459473,2.235042095184326,0.5606058239936829,0.293128103017807,1.6348936557769775,0.535784900188446,0.0,0.7622622847557068,0.3304551839828491,0.015814373269677162,0.03577694296836853,0.1438453048467636,13.723858833312988,74.95572662353516,0.0061275712214410305,0.02597312070429325,0.026621147990226746,0.025744128972291946,0.0006285738199949265,0.005557614378631115,0.010740093886852264,0.994636058807373,0.005852794740349054,0.010647200047969818,0.999539852142334,0.0071700504049658775,0.016275784000754356,0.9751381874084473,0.007942755706608295,0.016094567254185677,0.9868074059486389,0.00825776718556881,0.017354050651192665,0.9662632346153259,0.00843803584575653,0.023745369166135788,0.9330900311470032
Oxyopomyrmex_saulcyi_CASENT0745218_processed.obj,Stage_2_deform_coarse,0.0004581650428008288,0.02503105066716671,0.011610707268118858,0.013420343399047852,0.03255518153309822,0.14082597196102142,0.09826897084712982,0.10146667063236237,0.0952666699886322,0.46298861503601074,0.49863332509994507,0.43209999799728394,0.8744946122169495,0.9105333685874939,0.8411999940872192,0.9930945038795471,0.9954333305358887,0.990766704082489,0.7782066464424133,0.4185333251953125,1.235044002532959,1.038554072380066,2.382300615310669,0.5739679336547852,0.3134356439113617,1.9437377452850342,0.5455694198608398,0.0,0.7688770890235901,0.33417850732803345,0.020405856892466545,0.05268678814172745,0.249002143740654,14.366903305053711,77.47024536132812,0.007268342189490795,0.000715356320142746,0.001709486125037074,0.0007651293417438865,-0.004251374397426844,0.009480331093072891,0.01757911778986454,0.9773946404457092,0.012684431858360767,0.027525881305336952,0.8633226156234741,0.011212860234081745,0.022779468446969986,0.930939257144928,0.009957798756659031,0.017492588609457016,0.9841688871383667,0.009701432660222054,0.017855608835816383,0.9727015495300293,0.010097425431013107,0.021676931530237198,0.9403892755508423
Polyrhachis_decemdentata_CASENT0744779_processed.obj,Stage_2_deform_coarse,0.0003630422870628536,0.022307511419057846,0.010626794770359993,0.011680716648697853,0.02669684775173664,0.09333573281764984,0.1467965543270111,0.1519666612148285,0.14196667075157166,0.5485879182815552,0.5881666541099548,0.5139999985694885,0.8977882266044617,0.9228333234786987,0.8740666508674622,0.9966103434562683,0.994100034236908,0.9991333484649658,0.8255701661109924,0.3269333243370056,1.3276258707046509,1.3406720161437988,2.8787524700164795,0.5474215745925903,0.35983601212501526,2.4769394397735596,0.6442530751228333,0.0,0.7675467133522034,0.31677499413490295,0.023282408714294434,0.061892613768577576,0.2586064338684082,14.671043395996094,84.89994049072266,0.008898015134036541,0.012192933820188046,0.013166729360818863,0.01244400255382061,-0.0012399163097143173,0.01042221300303936,0.021807514131069183,0.931034505367279,0.007945949211716652,0.014785402454435825,0.9866544008255005,0.01216486282646656,0.02213090844452381,0.9475138783454895,0.00895305722951889,0.016833875328302383,0.9788918495178223,0.01007110346108675,0.02083330601453781,0.940252423286438,0.00875623244792223,0.015983739867806435,0.9805352687835693
Polyrhachis_dives_CASENT0878093_processed.obj,Stage_2_deform_coarse,0.0006029227515682578,0.027849487960338593,0.01358224917203188,0.014267237856984138,0.03412936255335808,0.1585160195827484,0.08503259718418121,0.0862666666507721,0.08383333683013916,0.40071985125541687,0.4298333525657654,0.37529999017715454,0.8392272591590881,0.8736667037010193,0.8073999881744385,0.987156331539154,0.9794999957084656,0.9949333667755127,0.8128028512001038,0.3387666642665863,1.3582371473312378,1.65386962890625,3.013984441757202,0.516190767288208,0.3748619854450226,3.3741166591644287,0.6669212579727173,0.0,0.7446421384811401,0.2758159935474396,0.02955280803143978,0.07262653857469559,0.3798641264438629,15.203167915344238,88.46031188964844,0.009582478553056717,0.017473245039582253,0.01822289265692234,0.017802296206355095,0.005944498814642429,0.013692223466932774,0.028919467702507973,0.832950234413147,0.013379018753767014,0.032884832471609116,0.849056601524353,0.012581168673932552,0.02034175954759121,0.941989004611969,0.013620099984109402,0.03467290475964546,0.8654353618621826,0.012152161449193954,0.023759938776493073,0.9083183407783508,0.014238578267395496,0.04097025468945503,0.8965936899185181
Ponera_kohmoku_OKENT0105440_processed.obj,Stage_2_deform_coarse,0.00038170491461642087,0.019990302622318268,0.010105108842253685,0.009885193780064583,0.02258775569498539,0.18263758718967438,0.18467164039611816,0.19030000269412994,0.17936666309833527,0.6621347069740295,0.6884000301361084,0.6377999782562256,0.9364644289016724,0.9445666670799255,0.9284999966621399,0.9928131699562073,0.9868000149726868,0.9988999962806702,0.8146052360534668,0.23376667499542236,1.2260538339614868,1.0870474576950073,2.445709228515625,0.5198323726654053,0.3271085023880005,1.8158257007598877,0.5799014568328857,0.0,0.7708206176757812,0.3428424000740051,0.01851043477654457,0.04316817224025726,0.20611155033111572,14.297929763793945,80.03507232666016,0.0074964966624975204,0.0008520523551851511,0.0015208955155685544,0.0008493735222145915,-0.0038741345051676035,0.00769519479945302,0.01349931862205267,0.9984674453735352,0.007347509730607271,0.013067353516817093,0.9976990222930908,0.010403737425804138,0.01692795567214489,0.9779005646705627,0.009386845864355564,0.019856583327054977,0.9498680830001831,0.009328758344054222,0.01994415558874607,0.95029616355896,0.010636542923748493,0.02645440772175789,0.9209245443344116
Ponera_tamon_OKENT0105154_processed.obj,Stage_2_deform_coarse,0.00017822900554165244,0.015748925507068634,0.00764987338334322,0.008099053055047989,0.01778356172144413,0.07949548959732056,0.2969765067100525,0.30763334035873413,0.287033349275589,0.771946370601654,0.8050000071525574,0.7415000200271606,0.9683319330215454,0.9694666862487793,0.967199981212616,0.9993163347244263,0.9987666606903076,0.9998666644096375,0.7929084897041321,0.29590001702308655,1.208337664604187,0.9800107479095459,2.462552547454834,0.544458270072937,0.31053343415260315,1.7688103914260864,0.5582327246665955,0.0,0.7623574733734131,0.3423873782157898,0.015427546575665474,0.03814171999692917,0.1294742375612259,13.941858291625977,80.17573547363281,0.007431309670209885,0.027948249131441116,0.028847400099039078,0.02857876569032669,-0.0025837216526269913,0.006437747739255428,0.012074754573404789,0.9988505840301514,0.006075470708310604,0.01112185139209032,0.9986194372177124,0.0068711088970303535,0.012122506275773048,0.991712749004364,0.007944521494209766,0.015550686046481133,0.9815303683280945,0.008113116025924683,0.017740674316883087,0.9698686599731445,0.009280713275074959,0.0281467754393816,0.9087591171264648
Pseudolasius_sp._CASENT0878065_processed.obj,Stage_2_deform_coarse,0.0005088303005322814,0.02653496153652668,0.012842240743339062,0.013692720793187618,0.031602781265974045,0.09082343429327011,0.0877130776643753,0.09026666730642319,0.08529999852180481,0.42295801639556885,0.44483333826065063,0.4031333327293396,0.846576988697052,0.8732333183288574,0.8215000033378601,0.993301510810852,0.9894333481788635,0.9972000122070312,0.7931593060493469,0.3023333251476288,1.3782260417938232,1.5953737497329712,3.2103333473205566,0.5069551467895508,0.39409732818603516,2.8213775157928467,0.7247030735015869,0.0,0.7533348798751831,0.29362714290618896,0.02658853493630886,0.07519714534282684,0.3754200041294098,15.008916854858398,86.0149917602539,0.00922395009547472,0.06140480563044548,0.06215818598866463,0.06288250535726547,-0.005097184330224991,0.011453314684331417,0.025116704404354095,0.8946360349655151,0.014300825074315071,0.0291450098156929,0.8002761006355286,0.012269686907529831,0.023246215656399727,0.919889509677887,0.010105659253895283,0.01633901335299015,0.9973615407943726,0.012968293391168118,0.026974454522132874,0.8642802238464355,0.011090959422290325,0.02091846615076065,0.9343065619468689
Pseudomyrmex_cf.solis_CASENT0744065_processed.obj,Stage_2_deform_coarse,0.00017246829520445317,0.014859446324408054,0.007590319961309433,0.007269126363098621,0.0170658640563488,0.07608712464570999,0.3379036486148834,0.3411000072956085,0.3347666561603546,0.819270133972168,0.826533317565918,0.8121333718299866,0.9708324074745178,0.9628000259399414,0.9790000319480896,0.9977616667747498,0.9955333471298218,1.0,0.8144541382789612,0.20839999616146088,1.2215824127197266,1.3061012029647827,2.411094903945923,0.55716872215271,0.3005465269088745,2.4432034492492676,0.5431476831436157,0.0,0.788331151008606,0.3700445592403412,0.01380507368594408,0.03465158864855766,0.17021265625953674,13.435140609741211,74.10980987548828,0.005997197236865759,0.0031390246003866196,0.004231339320540428,0.0031718220561742783,-0.0016826726496219635,0.005695775151252747,0.01030118390917778,0.9984674453735352,0.005532416049391031,0.010020951740443707,0.9990796446800232,0.0076463003642857075,0.013342338614165783,0.9944751858711243,0.0076963044703006744,0.014323173090815544,1.0,0.007628069259226322,0.015483452007174492,0.9835179448127747,0.007440406829118729,0.01486162282526493,0.974452555179596
Solenopsis_invicta_CASENT0744384_processed.obj,Stage_2_deform_coarse,0.0005742873763665557,0.02817821502685547,0.013171183876693249,0.01500703115016222,0.03440506011247635,0.09010143578052521,0.0810796469449997,0.08476667106151581,0.07770000398159027,0.38609936833381653,0.4181666672229767,0.358599990606308,0.8148932456970215,0.862666666507721,0.7721333503723145,0.9907651543617249,0.9895333647727966,0.9919999837875366,0.7211868762969971,0.42863333225250244,1.3505043983459473,1.8019275665283203,3.0677523612976074,0.5615265369415283,0.3590030372142792,2.6608822345733643,0.6442378163337708,0.0,0.7594202756881714,0.3069034814834595,0.022549450397491455,0.05806049704551697,0.27043744921684265,14.540434837341309,84.41647338867188,0.008702455088496208,0.05743306875228882,0.05838756635785103,0.05829119682312012,-0.0005846023559570312,0.012050841934978962,0.025056399405002594,0.9022988677024841,0.011276240460574627,0.022850990295410156,0.9190059900283813,0.011098501272499561,0.021348118782043457,0.9364641308784485,0.01182458084076643,0.01954801008105278,0.9577836990356445,0.012186940759420395,0.027793724089860916,0.8926088213920593,0.009436209686100483,0.01779441349208355,0.974452555179596
Stigmatomma_FHG02_CASENT0745561_processed.obj,Stage_2_deform_coarse,0.0005266662919893861,0.02476751059293747,0.012427421286702156,0.012340088374912739,0.030953174456954002,0.14568157494068146,0.11910511553287506,0.12096666544675827,0.11730000376701355,0.5103556513786316,0.532633364200592,0.4898666739463806,0.8777328133583069,0.8992000222206116,0.8572666645050049,0.9878707528114319,0.9790999889373779,0.9968000054359436,0.8053756356239319,0.39543333649635315,1.309861183166504,1.3972102403640747,2.930711030960083,0.5397822856903076,0.34844353795051575,2.7304019927978516,0.6285375952720642,0.0,0.7508137822151184,0.3098154067993164,0.022648025304079056,0.06436281651258469,0.2859085202217102,14.716209411621094,88.00696563720703,0.009615072049200535,0.045602407306432724,0.04672848433256149,0.04571498930454254,0.0025995783507823944,0.01071061659604311,0.020674200728535652,0.9413793087005615,0.009134418331086636,0.017521360889077187,0.9682466983795166,0.009726724587380886,0.01813792996108532,0.961326003074646,0.009609526954591274,0.01928670145571232,0.9525066614151001,0.010855072177946568,0.023246021941304207,0.9240278005599976,0.010452011600136757,0.02286742627620697,0.9282238483428955
Strumigenys_alberti_CASENT0878103_processed.obj,Stage_2_deform_coarse,0.0005029730382375419,0.02634044736623764,0.01227570604532957,0.014064742252230644,0.033375244587659836,0.10308621823787689,0.09857409447431564,0.10196666419506073,0.09539999812841415,0.432630717754364,0.4717999994754791,0.3994666635990143,0.8431963920593262,0.8891000151634216,0.801800012588501,0.9957425594329834,0.9930333495140076,0.9984666705131531,0.7872481346130371,0.30329999327659607,1.4399791955947876,1.7383571863174438,3.350449800491333,0.5390284061431885,0.3938637971878052,3.316518545150757,0.7205622792243958,0.0,0.7694151401519775,0.3111981451511383,0.025223439559340477,0.06411296874284744,0.22311903536319733,14.752906799316406,96.13885498046875,0.011635866016149521,0.011569670401513577,0.012560993432998657,0.011392515152692795,-0.0002733692526817322,0.01172405295073986,0.02291734889149666,0.9180076718330383,0.010610193945467472,0.025256430730223656,0.9125632643699646,0.009902839548885822,0.01951812580227852,0.9585635662078857,0.011642109602689743,0.022063620388507843,0.9182058572769165,0.012751336209475994,0.028146224096417427,0.8732938766479492,0.012475292198359966,0.026728270575404167,0.9221411347389221
Strumigenys_canina_OKENT0105288_processed.obj,Stage_2_deform_coarse,0.0003803488507401198,0.021844448521733284,0.010535120032727718,0.011309328489005566,0.026485048234462738,0.1330631673336029,0.15196681022644043,0.15716667473316193,0.14710000157356262,0.5807231664657593,0.6174333691596985,0.5481333136558533,0.9085700511932373,0.9266666769981384,0.8911666870117188,0.9947448968887329,0.9925000071525574,0.9970000386238098,0.79889976978302,0.298633337020874,1.2853906154632568,1.4311107397079468,2.699430227279663,0.5558483600616455,0.3324240446090698,2.307218074798584,0.6074928045272827,0.0,0.7563219666481018,0.3148525655269623,0.018759094178676605,0.04940345883369446,0.30184638500213623,14.444291114807129,87.41487121582031,0.009517291560769081,0.003483726177364588,0.004723093472421169,0.0035227832850068808,-0.0009401338174939156,0.009123646654188633,0.019018976017832756,0.9559386968612671,0.009154092520475388,0.01827564276754856,0.9604234099388123,0.008508752100169659,0.015322928316891193,0.9944751858711243,0.011150182224810123,0.02334274724125862,0.897097647190094,0.009800048545002937,0.02000986412167549,0.9497811198234558,0.009774335660040379,0.020003819838166237,0.9489051103591919
Strumigenys_crassicornis_CASENT0744273_processed.obj,Stage_2_deform_coarse,0.0005443154368549585,0.026809316128492355,0.012993516400456429,0.013815798796713352,0.03125326335430145,0.13469189405441284,0.08945761620998383,0.09099999815225601,0.0879666656255722,0.42029744386672974,0.4491000175476074,0.39496666193008423,0.8463340997695923,0.8849666714668274,0.8109333515167236,0.9908243417739868,0.9832333326339722,0.9985333681106567,0.783159077167511,0.311599999666214,1.359266996383667,1.5417226552963257,3.082982301712036,0.5492143630981445,0.3608423173427582,2.8811275959014893,0.6449285745620728,0.0,0.7660099267959595,0.3002845048904419,0.024592719972133636,0.06570328027009964,0.2855364680290222,14.221957206726074,88.7125473022461,0.009712852537631989,0.012841949239373207,0.013704930432140827,0.013373578898608685,-0.006011538207530975,0.011915306560695171,0.023174913600087166,0.9068965911865234,0.010423722676932812,0.019405482336878777,0.9544408917427063,0.010800844058394432,0.02244166098535061,0.9254143834114075,0.013624045997858047,0.02795662358403206,0.8496042490005493,0.01150114368647337,0.02262088656425476,0.9209374189376831,0.012974419631063938,0.032775428146123886,0.8880778551101685
Strumigenys_sp._appretiata_group_CASENT0744156_processed.obj,Stage_2_deform_coarse,0.0003485023626126349,0.021598421037197113,0.010042659938335419,0.011555762030184269,0.026754392310976982,0.12608416378498077,0.15867087244987488,0.16516666114330292,0.15266667306423187,0.5747544765472412,0.6341000199317932,0.5255666971206665,0.9081801176071167,0.9363000392913818,0.8817000389099121,0.9971320033073425,0.9959999918937683,0.9982666969299316,0.7977703213691711,0.3713666796684265,1.3512029647827148,1.421928882598877,3.064237117767334,0.5315571427345276,0.3753911852836609,2.4994728565216064,0.6642679572105408,0.0,0.7567597031593323,0.3250575661659241,0.019800210371613503,0.049243856221437454,0.23857007920742035,15.596693992614746,99.59921264648438,0.012059581466019154,0.000677320349495858,0.0014185338513925672,0.0006809758488088846,-0.006106399931013584,0.008671334013342857,0.016025155782699585,0.9877395033836365,0.013886654749512672,0.03328495845198631,0.7984353303909302,0.00862111896276474,0.015459978953003883,0.9751381874084473,0.010157687589526176,0.0197280403226614,0.9551451802253723,0.0094985943287611,0.019603775814175606,0.9518413543701172,0.010567051358520985,0.02244219183921814,0.941605806350708
Strumigenys_stenorhina_OKENT0105268_processed.obj,Stage_2_deform_coarse,0.00015051523223519325,0.013383548706769943,0.006844686809927225,0.006538862362504005,0.014239964075386524,0.11073446273803711,0.39927801489830017,0.4096333384513855,0.3894333243370056,0.8760930895805359,0.8806666731834412,0.871566653251648,0.9794918298721313,0.972000002861023,0.9871000051498413,0.9976295828819275,0.9957000017166138,0.9995666742324829,0.8354246020317078,0.2895333468914032,1.1332298517227173,0.8857029676437378,1.9690297842025757,0.5881022214889526,0.26447418332099915,1.5049904584884644,0.4730320870876312,0.0,0.763064444065094,0.35786378383636475,0.012632467783987522,0.02895578183233738,0.15567831695079803,13.219998359680176,71.56200408935547,0.005051986780017614,0.0023156865499913692,0.0031075277365744114,0.0023880149237811565,-0.006685898173600435,0.005436298903077841,0.010596860200166702,0.9977011680603027,0.0061204396188259125,0.011327876709401608,0.994017481803894,0.0051658181473612785,0.009563184343278408,0.9944751858711243,0.0064042918384075165,0.010786568745970726,0.9947230219841003,0.0056213391944766045,0.010182557627558708,0.99716717004776,0.007295018527656794,0.018890123814344406,0.9525547623634338
Syllophopsis_sechellensis_OKENT0105212_processed.obj,Stage_2_deform_coarse,0.00016150411101989448,0.01436038501560688,0.007484509143978357,0.00687587633728981,0.018767138943076134,0.06488483399152756,0.37506571412086487,0.37566667795181274,0.3744666576385498,0.8363904356956482,0.8317333459854126,0.8411000370979309,0.968425452709198,0.9556000232696533,0.9815999865531921,0.9990828037261963,0.99836665391922,0.9998000264167786,0.8086346387863159,0.14763332903385162,1.21196711063385,1.0945929288864136,2.364316463470459,0.5803589224815369,0.29386070370674133,1.7484462261199951,0.5237481594085693,0.0,0.7793503403663635,0.3463749587535858,0.01343423780053854,0.03070424310863018,0.19945698976516724,13.49853229522705,75.41936492919922,0.005834229756146669,0.05747285485267639,0.05835194140672684,0.057987626641988754,-0.002206265926361084,0.0056533836759626865,0.011081930249929428,0.9911877512931824,0.005140962544828653,0.009565826505422592,0.9986194372177124,0.007510502822697163,0.01404243241995573,0.9861878752708435,0.006592872086912394,0.011556270532310009,1.0,0.007532352115958929,0.015389238484203815,0.9799124598503113,0.006970474496483803,0.01397919561713934,0.9829683899879456
Temnothorax_congruus_OKENT0105443_processed.obj,Stage_2_deform_coarse,0.00022889857064001262,0.017514977604150772,0.008337902836501598,0.009177073836326599,0.02098795771598816,0.08601851016283035,0.2337234765291214,0.24230000376701355,0.22573333978652954,0.7179521322250366,0.762233316898346,0.6785333156585693,0.953686535358429,0.965666651725769,0.9420000314712524,0.9974647164344788,0.996066689491272,0.9988666772842407,0.8022515177726746,0.25583332777023315,1.1712888479232788,0.8333740830421448,2.157301664352417,0.5722911357879639,0.2826288044452667,1.5461817979812622,0.49404630064964294,0.0,0.7872511744499207,0.34350576996803284,0.013454592786729336,0.030307132750749588,0.16469410061836243,13.822470664978027,74.60196685791016,0.005932010244578123,0.01795094832777977,0.018679287284612656,0.018268197774887085,-0.0005801524966955185,0.006852937862277031,0.012070423923432827,0.9984674453735352,0.0069193001836538315,0.012668168172240257,0.9990796446800232,0.008637180551886559,0.015111015178263187,0.991712749004364,0.008074333891272545,0.013944722712039948,1.0,0.00841574091464281,0.01721780188381672,0.9636878967285156,0.007999315857887268,0.015822889283299446,0.970802903175354
Temnothorax_sp._OKENT0105336_processed.obj,Stage_2_deform_coarse,0.00036040908889845014,0.02251642569899559,0.01046599168330431,0.012050433084368706,0.027139676734805107,0.07953701168298721,0.1363244205713272,0.1421000063419342,0.13099999725818634,0.5276199579238892,0.5753999948501587,0.4871666729450226,0.8999202251434326,0.9292333722114563,0.8723999857902527,0.9969996809959412,0.9976000189781189,0.996399998664856,0.7560654878616333,0.40283334255218506,1.2293272018432617,1.1571080684661865,2.4278981685638428,0.5216318964958191,0.3239031136035919,1.9616572856903076,0.5841904282569885,0.0,0.770194411277771,0.3420352339744568,0.01861300691962242,0.04777531698346138,0.20176763832569122,13.630465507507324,76.9005355834961,0.006714253686368465,0.004620503168553114,0.005197543650865555,0.004643317777663469,-0.005235247779637575,0.009160792455077171,0.016571590676903725,0.9808429479598999,0.008262964896857738,0.015392814762890339,0.9917165637016296,0.011609512381255627,0.02749592810869217,0.919889509677887,0.010355787351727486,0.018221674486994743,0.97625333070755,0.009524705819785595,0.018751705065369606,0.9587947726249695,0.008123278617858887,0.014698795974254608,0.9841849207878113
Tetramorium_kraepelini_CASENT0744084_processed.obj,Stage_2_deform_coarse,0.00042951456271111965,0.024505801498889923,0.011114136315882206,0.013391666114330292,0.03196491673588753,0.08536320924758911,0.11145228892564774,0.11590000241994858,0.10733333230018616,0.47519615292549133,0.5250333547592163,0.43400001525878906,0.8717230558395386,0.9217666983604431,0.8268333673477173,0.9964824318885803,0.9974333643913269,0.9955333471298218,0.7799031138420105,0.38679999113082886,1.2787773609161377,1.1458982229232788,2.681259870529175,0.5626046657562256,0.3298697769641876,2.215846300125122,0.5934197902679443,0.0,0.7782518863677979,0.34154289960861206,0.01935756951570511,0.04778805747628212,0.3600623309612274,14.258182525634766,75.87461853027344,0.0066816601902246475,0.011623662896454334,0.012642096728086472,0.011775695718824863,0.001208852045238018,0.00994815956801176,0.019689898937940598,0.952107310295105,0.010111205279827118,0.01885559782385826,0.9613437652587891,0.009643041528761387,0.017158912494778633,0.9668508768081665,0.012591937556862831,0.02460586465895176,0.8997361660003662,0.010191550478339195,0.019804062321782112,0.9515838623046875,0.009216138161718845,0.016794048249721527,0.9878345131874084
Acanthostichus_aff.brevicornis_CASENT0744328_processed.obj,Stage_3_deform_fine,0.00014063648995943367,0.013889200985431671,0.007126230280846357,0.006762971170246601,0.016504831612110138,0.05789782479405403,0.3748641610145569,0.37583333253860474,0.37389999628067017,0.8391434550285339,0.8368000388145447,0.8414999842643738,0.977114737033844,0.9664666652679443,0.9880000352859497,0.9996832013130188,0.9993667006492615,1.0,0.8366363644599915,0.1268666684627533,1.1328133344650269,0.9256901741027832,2.2011849880218506,0.425294429063797,0.3263058364391327,1.4764204025268555,0.609824001789093,0.0,0.6883087158203125,0.19057142734527588,0.01603624038398266,0.04231594130396843,0.21923989057540894,12.012445449829102,59.48720932006836,0.003324533347040415,0.013486445881426334,0.013672462664544582,0.013479729183018208,-0.006302361376583576,0.005754539743065834,0.010802444070577621,0.994636058807373,0.005434116348624229,0.01018830668181181,0.999539852142334,0.00862072966992855,0.015040594153106213,0.9944751858711243,0.0055588544346392155,0.009099946357309818,1.0,0.00774239981546998,0.015973251312971115,0.9747617840766907,0.006657697726041079,0.012092195451259613,0.9878345131874084
Acromyrmex_coronatus_CASENT0744365_processed.obj,Stage_3_deform_fine,0.00021322059910744429,0.01593860425055027,0.008279654197394848,0.0076589505188167095,0.019356783479452133,0.08769170194864273,0.29744020104408264,0.30106666684150696,0.2939000129699707,0.7966787815093994,0.8130000233650208,0.781000018119812,0.9654788970947266,0.9521999955177307,0.9791333675384521,0.9950451254844666,0.9904333353042603,0.9997000098228455,0.8372687697410583,0.08103333413600922,1.1301668882369995,0.9040042161941528,2.081270933151245,0.4417383372783661,0.32098594307899475,1.3668605089187622,0.5709090232849121,0.0,0.716763436794281,0.17738421261310577,0.018525339663028717,0.04807266220450401,0.3056289851665497,12.372873306274414,59.95792770385742,0.002672663889825344,0.05546119436621666,0.05589809641242027,0.05612795799970627,0.0037055350840091705,0.006684172432869673,0.012255048379302025,0.9954023361206055,0.00625526811927557,0.011514157988131046,0.9958582520484924,0.010547568090260029,0.027917565777897835,0.930939257144928,0.008235013112425804,0.018219565972685814,0.9525066614151001,0.007350192870944738,0.01432513352483511,0.9878959655761719,0.008173713460564613,0.013536255806684494,0.970802903175354
Acromyrmex_lobicornis_CASENT0878007_processed.obj,Stage_3_deform_fine,0.0002917003002949059,0.020595982670783997,0.010047979652881622,0.010548003949224949,0.02274777553975582,0.08060656487941742,0.14106564223766327,0.14380000531673431,0.1384333372116089,0.5866276621818542,0.6074333190917969,0.5672000050544739,0.9330849051475525,0.9449999928474426,0.9214666485786438,0.9982826709747314,0.9974666833877563,0.9991000294685364,0.8272409439086914,0.21956667304039001,1.3230233192443848,1.4292552471160889,3.00634503364563,0.4082483649253845,0.41698458790779114,2.3803951740264893,0.7887783646583557,0.0,0.6834206581115723,0.18306459486484528,0.02639550343155861,0.0720929428935051,0.28399887681007385,13.057722091674805,66.8294906616211,0.004628271795809269,0.017183121293783188,0.01751827262341976,0.017206771299242973,0.001709955744445324,0.009136331267654896,0.016529683023691177,0.9888889193534851,0.011898010037839413,0.023164566606283188,0.8964565396308899,0.010192100889980793,0.020587146282196045,0.9392265677452087,0.008599174208939075,0.015237763524055481,0.9841688871383667,0.010261804796755314,0.019918641075491905,0.9505537152290344,0.009505772031843662,0.016872478649020195,0.9902676343917847
Anochetus_risii_CASENT0877608_processed.obj,Stage_3_deform_fine,0.00016216523363254964,0.01455250009894371,0.007576395757496357,0.006976104807108641,0.019708573818206787,0.06906779855489731,0.35099712014198303,0.3546000123023987,0.34746667742729187,0.8322404623031616,0.8350666761398315,0.8294333219528198,0.968424379825592,0.9514333605766296,0.9860333204269409,0.9994162917137146,0.9988333582878113,1.0,0.8191332817077637,0.0984666645526886,1.120285987854004,0.7419244647026062,2.0767691135406494,0.4624447524547577,0.3041345775127411,1.2976105213165283,0.5513343811035156,0.0,0.6920165419578552,0.16262730956077576,0.015819959342479706,0.03935705125331879,0.1627102941274643,12.53764820098877,60.015411376953125,0.00264007062651217,0.00576690724119544,0.006101784761995077,0.0058226389810442924,-0.004986628424376249,0.0054960669949650764,0.010401238687336445,0.9984674453735352,0.005723318550735712,0.01041039265692234,0.999539852142334,0.008381652645766735,0.014764370396733284,0.9861878752708435,0.007670404855161905,0.014458135701715946,1.0,0.007552829571068287,0.016849836334586143,0.9660056829452515,0.007963838055729866,0.018447263166308403,0.9549878239631653
Anochetus_risii_CASENT0877609_processed.obj,Stage_3_deform_fine,0.00041430394048802555,0.023903243243694305,0.011757410131394863,0.012145832180976868,0.0285035390406847,0.14354443550109863,0.11658070236444473,0.11810000240802765,0.11510000377893448,0.49243348836898804,0.5190666913986206,0.4684000015258789,0.885886549949646,0.8986999988555908,0.8734333515167236,0.9950948357582092,0.9928333163261414,0.9973666667938232,0.7977534532546997,0.2955000102519989,1.385918378829956,2.0047662258148193,3.227673053741455,0.4041248857975006,0.43412867188453674,3.2276644706726074,0.8258695006370544,0.0,0.6470878720283508,0.1366056203842163,0.02832910791039467,0.07754559069871902,0.37568724155426025,13.52585506439209,74.26770782470703,0.00664906669408083,0.017573706805706024,0.017831245437264442,0.017954057082533836,-0.00043438002467155457,0.010518019087612629,0.019929274916648865,0.9513410329818726,0.012581542134284973,0.027504812926054,0.8495168089866638,0.01066159550100565,0.02151191048324108,0.9337016940116882,0.009073972702026367,0.015362031757831573,0.9947230219841003,0.011957556009292603,0.027175473049283028,0.8959567546844482,0.011212043464183807,0.02437566965818405,0.930656909942627
Aphaenogaster_pallida_CASENT0745235_processed.obj,Stage_3_deform_fine,0.00017471311730332673,0.014102473855018616,0.007240786217153072,0.006861688103526831,0.014245991595089436,0.15413442254066467,0.35474368929862976,0.3585333228111267,0.3510333299636841,0.8451582193374634,0.8575000166893005,0.8331666588783264,0.9822287559509277,0.9739333391189575,0.9906666874885559,0.9978955984115601,0.9958000183105469,1.0,0.8923508524894714,0.05113333463668823,1.0929912328720093,0.8838446140289307,1.8622380495071411,0.45105162262916565,0.2906138300895691,1.3381613492965698,0.532170832157135,0.0,0.7547135353088379,0.22216443717479706,0.013341279700398445,0.03724110499024391,0.22599731385707855,11.950743675231934,59.710838317871094,0.002574883634224534,0.008313225582242012,0.008612096309661865,0.008340314030647278,-0.0011421972885727882,0.006014279555529356,0.011109888553619385,0.994636058807373,0.005757759790867567,0.011075478978455067,0.9981592297554016,0.008670077659189701,0.012866721488535404,1.0,0.0074124690145254135,0.014486250467598438,0.9947230219841003,0.007609136868268251,0.015604931861162186,0.972959041595459,0.007271353155374527,0.011544100940227509,0.9963503479957581
Atopomyrmex_mocquerysi_CASENT0744784_processed.obj,Stage_3_deform_fine,0.00010888064571190625,0.011820975691080093,0.0060668266378343105,0.00575414951890707,0.013833588920533657,0.06968715041875839,0.5041554570198059,0.5079333186149597,0.5004333257675171,0.8980662226676941,0.897433340549469,0.8986999988555908,0.9847880601882935,0.9760666489601135,0.9936666488647461,0.9989989995956421,0.9980000257492065,1.0,0.8373780250549316,0.09669999778270721,1.0962846279144287,0.864368736743927,2.1436235904693604,0.4044601023197174,0.3371587097644806,1.3561996221542358,0.6356523036956787,0.0,0.6928628087043762,0.1945500671863556,0.013674010522663593,0.033722199499607086,0.2332187443971634,11.88280963897705,61.60993576049805,0.0028030378744006157,0.02372594363987446,0.023980600759387016,0.023982957005500793,-0.0001583397388458252,0.004582082852721214,0.008491520769894123,1.0,0.004531582351773977,0.009118316695094109,0.9990796446800232,0.006457124371081591,0.011041131801903248,1.0,0.007913034409284592,0.019514724612236023,0.9551451802253723,0.006200069095939398,0.011818376369774342,0.992789089679718,0.007693161256611347,0.01697116158902645,0.9695863723754883
Carebara_trechideros_CASENT0877591_processed.obj,Stage_3_deform_fine,0.00015164569776970893,0.013592716306447983,0.007295606657862663,0.006297110114246607,0.020035263150930405,0.08768261969089508,0.4303160309791565,0.42980000376701355,0.4308333396911621,0.847158670425415,0.8331000208854675,0.8616999983787537,0.9709166884422302,0.949733316898346,0.993066668510437,0.9987818598747253,0.9975666999816895,1.0,0.7890231013298035,0.17213334143161774,1.146355390548706,1.414404034614563,2.255615472793579,0.39758288860321045,0.34297698736190796,1.4983724355697632,0.6434049606323242,0.0,0.6789624691009521,0.17801442742347717,0.015264970250427723,0.04156237840652466,0.4236666262149811,12.126830101013184,62.737335205078125,0.0037156548351049423,0.023536331951618195,0.02396559901535511,0.023920360952615738,0.0010901950299739838,0.005039479583501816,0.010015705600380898,0.9977011680603027,0.004590222612023354,0.008590812794864178,1.0,0.006392675451934338,0.010287049226462841,1.0,0.005864230450242758,0.012374156154692173,1.0,0.007236837409436703,0.015214682556688786,0.9724439978599548,0.0063128541223704815,0.010916749015450478,0.9927006959915161
Centromyrmex_brachycola_CASENT0744052_processed.obj,Stage_3_deform_fine,0.00019626814173534513,0.0161338709294796,0.007895098999142647,0.008238771930336952,0.01810280606150627,0.10283290594816208,0.2696274518966675,0.27549999952316284,0.2639999985694885,0.7690086364746094,0.7958333492279053,0.7439333200454712,0.9696064591407776,0.9747333526611328,0.9645333290100098,0.9975123405456543,0.9954333305358887,0.9995999932289124,0.860075831413269,0.19979999959468842,1.132025957107544,1.0063992738723755,2.109829902648926,0.39479586482048035,0.3407493233680725,1.5440808534622192,0.6608708500862122,0.0,0.6824339628219604,0.17419996857643127,0.016967063769698143,0.04200096055865288,0.24406521022319794,12.464756965637207,61.15501022338867,0.003389720106497407,0.005767992697656155,0.006131504196673632,0.0057979063130915165,-0.005330848507583141,0.007011562120169401,0.01285082008689642,0.99042147397995,0.0064773098565638065,0.012020200490951538,0.9990796446800232,0.008430486544966698,0.014110065065324306,0.9972376227378845,0.00849850382655859,0.016961487010121346,0.97625333070755,0.008751855231821537,0.017385033890604973,0.9649755358695984,0.007478503976017237,0.013978919945657253,0.9841849207878113
Cephalotes_minutus_CASENT0709253_processed.obj,Stage_3_deform_fine,0.00015093130059540272,0.014918259344995022,0.007200656924396753,0.0077176024205982685,0.016598114743828773,0.05892335996031761,0.2999773621559143,0.3061666786670685,0.29403334856033325,0.8036929965019226,0.8324000239372253,0.7768999934196472,0.9777854681015015,0.9815666675567627,0.9740333557128906,0.9997832775115967,0.9995666742324829,1.0,0.8575806617736816,0.13983333110809326,1.123363971710205,0.876755952835083,2.130051851272583,0.3926122784614563,0.35305675864219666,1.4797639846801758,0.6760784387588501,0.0,0.6930623054504395,0.19555309414863586,0.017202328890562057,0.041154053062200546,0.1773359775543213,12.50058650970459,61.49679946899414,0.003226752858608961,0.018299559131264687,0.018581369891762733,0.018265578895807266,-0.0025948192924261093,0.00653076684102416,0.01218802947551012,0.9961686134338379,0.006289905868470669,0.011500689201056957,1.0,0.007967271842062473,0.014169067144393921,0.9751381874084473,0.006837418768554926,0.012319516390562057,0.9973615407943726,0.0080708097666502,0.015907494351267815,0.9804275035858154,0.0074163768440485,0.014315249398350716,0.9927006959915161
Cephalotes_simillimus_CASENT0744408_processed.obj,Stage_3_deform_fine,0.0004030548734590411,0.023608312010765076,0.011212474666535854,0.012395837344229221,0.02845064178109169,0.11293724179267883,0.12487952411174774,0.12826666235923767,0.12166666984558105,0.49708253145217896,0.5356000065803528,0.46373334527015686,0.8839008808135986,0.9140999913215637,0.8556333184242249,0.996996283531189,0.9950667023658752,0.9989333152770996,0.8029270768165588,0.43050000071525574,1.3631705045700073,2.0003952980041504,3.2441205978393555,0.3884912133216858,0.44614100456237793,3.2789804935455322,0.8541205525398254,0.0,0.6285666823387146,0.15492165088653564,0.0265878364443779,0.0666131004691124,0.4014025628566742,13.50541877746582,74.27220916748047,0.006453505717217922,0.016180550679564476,0.016583256423473358,0.016262928023934364,-0.004737228155136108,0.0107267452403903,0.022057123482227325,0.9279693961143494,0.011650891974568367,0.02242276445031166,0.9167050123214722,0.009771855548024178,0.01809566654264927,0.9668508768081665,0.010922374203801155,0.022374916821718216,0.9261214137077332,0.009752023033797741,0.018788404762744904,0.9616276025772095,0.009714404121041298,0.020340925082564354,0.9440389275550842
Cephalotes_spinosus_CASENT0744158_processed.obj,Stage_3_deform_fine,0.00020703652990050614,0.01674065552651882,0.008319907821714878,0.008420747704803944,0.018438423052430153,0.07578092813491821,0.26296180486679077,0.26786667108535767,0.25823333859443665,0.7417539954185486,0.7674000263214111,0.7177667021751404,0.9612910747528076,0.9583666920661926,0.9642333388328552,0.998464822769165,0.9970999956130981,0.999833345413208,0.8366663455963135,0.1365666687488556,1.1391730308532715,0.9102968573570251,2.2422311305999756,0.37789028882980347,0.3679656982421875,1.5045843124389648,0.6875391602516174,0.0,0.6922013163566589,0.19455358386039734,0.019735200330615044,0.05117167532444,0.22118444740772247,12.399253845214844,59.852691650390625,0.0022815424017608166,0.010326442308723927,0.010545536875724792,0.010366040281951427,-0.005480925552546978,0.007334991358220577,0.013618499971926212,0.992337167263031,0.006730139721184969,0.012384057976305485,0.9981592297554016,0.008565165102481842,0.021060042083263397,0.9447514414787292,0.00911875069141388,0.020273027941584587,0.9472295641899109,0.008007942698895931,0.015056047588586807,0.9842905402183533,0.007828638888895512,0.01432260125875473,0.9817517995834351
Crematogaster_nawai_OKENT0105046_processed.obj,Stage_3_deform_fine,0.0003310430620331317,0.0200926773250103,0.010210314765572548,0.009882362559437752,0.024339547380805016,0.118025042116642,0.18177275359630585,0.18703334033489227,0.17679999768733978,0.6450701355934143,0.6693000197410583,0.6225333213806152,0.9338269829750061,0.9314000010490417,0.9362666606903076,0.9920291900634766,0.985966682434082,0.9981666803359985,0.7916221618652344,0.3433000147342682,1.1863967180252075,1.215732216835022,2.4058990478515625,0.4076630771160126,0.36662083864212036,1.7276420593261719,0.68248051404953,0.0,0.6946495175361633,0.1834462434053421,0.019969439134001732,0.050402212888002396,0.3383996784687042,12.861157417297363,62.965354919433594,0.0038460285868495703,0.018008867278695107,0.0185751523822546,0.018068157136440277,-0.007059596478939056,0.008042383007705212,0.01459407340735197,0.9908046126365662,0.00741570582613349,0.013634555973112583,0.9990796446800232,0.010801156051456928,0.01859651692211628,0.9558011293411255,0.009726354852318764,0.017215503379702568,0.9815303683280945,0.00830866303294897,0.016440538689494133,0.9685810208320618,0.007204751949757338,0.012988753616809845,0.9939172863960266
Cryptopone_sauteri_CASENT0743771_processed.obj,Stage_3_deform_fine,0.00041179227991960943,0.02116689831018448,0.011353729292750359,0.009813168086111546,0.02901722490787506,0.1659913957118988,0.17921197414398193,0.18013334274291992,0.17830000817775726,0.6227390766143799,0.6280333399772644,0.6175333261489868,0.9224804639816284,0.9060666561126709,0.9395000338554382,0.9901611804962158,0.9808666706085205,0.9996333718299866,0.8013302683830261,0.36366668343544006,1.209606409072876,1.4130679368972778,2.486978769302368,0.3998314142227173,0.3769663870334625,2.223512649536133,0.7189821004867554,0.0,0.683846116065979,0.18754014372825623,0.020291075110435486,0.05261421203613281,0.3659387528896332,12.81319522857666,64.60629272460938,0.004693458788096905,0.029396070167422295,0.030116252601146698,0.029691817238926888,-0.0001097414642572403,0.008105592802166939,0.015103013254702091,0.9865900874137878,0.009245546534657478,0.02072932943701744,0.946617603302002,0.008411887101829052,0.015654144808650017,0.9889503121376038,0.00818793848156929,0.015589317306876183,0.9868074059486389,0.00908834021538496,0.01825854741036892,0.9690960645675659,0.007798467297106981,0.014194689691066742,0.9951338171958923
Cyphoidris_afrc-tz01_CASENT0744810_processed.obj,Stage_3_deform_fine,0.0008672978146933019,0.034235768020153046,0.016826016828417778,0.017409751191735268,0.041234374046325684,0.15697498619556427,0.0491628497838974,0.04960000142455101,0.04873333498835564,0.27046701312065125,0.2842000126838684,0.2580000162124634,0.7264220118522644,0.7665333151817322,0.6902999877929688,0.9779547452926636,0.9692666530609131,0.9868000149726868,0.7516430616378784,0.3799999952316284,1.4396730661392212,2.455641269683838,3.821774482727051,0.3577873408794403,0.4567932188510895,5.896639823913574,0.8893210887908936,0.0,0.6606677770614624,0.13708443939685822,0.030207257717847824,0.0867076888680458,0.4258478879928589,13.825678825378418,81.28829193115234,0.0078224316239357,0.0672379732131958,0.0674869567155838,0.06749095022678375,0.017226271331310272,0.015557335689663887,0.0334673710167408,0.7743295431137085,0.013175267726182938,0.02545936219394207,0.875287652015686,0.013566149398684502,0.025043880566954613,0.8563536405563354,0.013207006268203259,0.023820923641324043,0.8865435719490051,0.014537484385073185,0.03011476993560791,0.8225598931312561,0.01531892642378807,0.03471994772553444,0.8199513554573059
Cyphomyrmex_cf.minutus_CASENT0744280_processed.obj,Stage_3_deform_fine,0.0008615206461399794,0.034993235021829605,0.01645537279546261,0.018537862226366997,0.04073294624686241,0.12109488993883133,0.041826892644166946,0.04283333197236061,0.0408666655421257,0.23733079433441162,0.25163334608078003,0.22456666827201843,0.702246904373169,0.7660333514213562,0.6482666730880737,0.9808091521263123,0.9781000018119812,0.9835333228111267,0.7785177230834961,0.4411333501338959,1.4375982284545898,2.689500093460083,3.6566355228424072,0.40109413862228394,0.43847736716270447,4.535499572753906,0.8705476522445679,0.0,0.6646419763565063,0.1529439389705658,0.029313774779438972,0.08663978427648544,0.4519651234149933,13.783662796020508,82.11524963378906,0.008180959150195122,0.026806840673089027,0.027581967413425446,0.02725662849843502,0.002603689208626747,0.01597181335091591,0.032424136996269226,0.7647509574890137,0.01635747402906418,0.02956327050924301,0.7404509782791138,0.015035303309559822,0.03231794759631157,0.7872928380966187,0.01349627785384655,0.023213760927319527,0.8786280155181885,0.016223611310124397,0.033049389719963074,0.749163031578064,0.015567203052341938,0.036518633365631104,0.8053528070449829
Dilobocondyla_fouqueti_CASENT0745576_processed.obj,Stage_3_deform_fine,0.00019303256704006344,0.0163252092897892,0.008084932342171669,0.00824027694761753,0.01723933406174183,0.08162131160497665,0.25293487310409546,0.2575666606426239,0.24846667051315308,0.7592222690582275,0.7856667041778564,0.734499990940094,0.9719826579093933,0.9711333513259888,0.9728333353996277,0.9977121353149414,0.9955999851226807,0.999833345413208,0.857882559299469,0.10046666860580444,1.1516844034194946,1.016516089439392,2.1362037658691406,0.4234950542449951,0.3338000178337097,1.534430742263794,0.621069610118866,0.0,0.7337750792503357,0.20249047875404358,0.019031213596463203,0.05514712631702423,0.22713959217071533,12.247349739074707,61.34233856201172,0.0028030378744006157,0.022916581481695175,0.02327081561088562,0.02288644015789032,-0.001162901520729065,0.007349385879933834,0.013334577903151512,0.9954023361206055,0.006517061963677406,0.01186249777674675,0.9990796446800232,0.009360170923173428,0.016155069693922997,0.9944751858711243,0.0072995335794985294,0.01278458908200264,1.0,0.0075547778978943825,0.013336152769625187,0.9956219792366028,0.007578810211271048,0.0153190977871418,0.9659367203712463
Dorylus_fulvus_CASENT0745678_processed.obj,Stage_3_deform_fine,0.00013298247358761728,0.013647591695189476,0.006680673453956842,0.006966917775571346,0.015145405195653439,0.058903858065605164,0.3733653128147125,0.37700000405311584,0.36980000138282776,0.8510123491287231,0.8711333274841309,0.8317999839782715,0.9822497963905334,0.982699990272522,0.9818000197410583,0.9997333884239197,0.999666690826416,0.9998000264167786,0.8566794395446777,0.14006666839122772,1.1166856288909912,0.809302806854248,2.0332062244415283,0.4349954128265381,0.32286587357521057,1.3818665742874146,0.6073663830757141,0.0,0.7053014636039734,0.1915537714958191,0.014461186714470387,0.03557728976011276,0.20632964372634888,11.965242385864258,59.503902435302734,0.00273785088211298,0.00019359619182068855,0.0004603419220075011,0.00019575597252696753,-0.013257302343845367,0.005597466602921486,0.010501955635845661,0.9996168613433838,0.005414173938333988,0.010033232159912586,1.0,0.008148539811372757,0.016873439773917198,0.9585635662078857,0.005520438309758902,0.00979972817003727,1.0,0.007338519673794508,0.013986482284963131,0.9909863471984863,0.006825596559792757,0.0122184157371521,0.9987834692001343
Eciton_hamatum_CASENT0744580_processed.obj,Stage_3_deform_fine,0.00025812553940340877,0.01658618077635765,0.009668891318142414,0.006917290389537811,0.029601458460092545,0.08810347318649292,0.35727906227111816,0.3496333360671997,0.36526668071746826,0.7755418419837952,0.7345333695411682,0.821399986743927,0.9399858713150024,0.8939666748046875,0.9909999966621399,0.9935089945793152,0.987166702747345,0.9999333620071411,0.6754753589630127,0.24763333797454834,1.2184871435165405,1.6717183589935303,2.4817955493927,0.41721609234809875,0.37474769353866577,2.1701626777648926,0.6768797636032104,0.0,0.6392956376075745,0.1799570471048355,0.016452286392450333,0.03736018389463425,0.3228307068347931,13.024910926818848,60.93292236328125,0.0031289723701775074,0.016215911135077477,0.01640266738831997,0.015835627913475037,0.0006730826571583748,0.005391373299062252,0.010426606982946396,0.9969348907470703,0.009300414472818375,0.021513940766453743,0.9383341073989868,0.00805097259581089,0.020546380430459976,0.941989004611969,0.007120864931493998,0.014975969679653645,0.9947230219841003,0.006343489978462458,0.013677113689482212,0.9868658185005188,0.00796034187078476,0.020698126405477524,0.94525545835495
Ectatomma_brunneum_CASENT0744575_processed.obj,Stage_3_deform_fine,0.0005108250770717859,0.02569461800158024,0.013054859824478626,0.012639758177101612,0.0327480211853981,0.11662673205137253,0.09297362715005875,0.0939333364367485,0.09203333407640457,0.4464045763015747,0.4647333323955536,0.4294666647911072,0.8755224943161011,0.8909000158309937,0.8606666922569275,0.9879760146141052,0.9770333170890808,0.9991666674613953,0.7965131402015686,0.32733333110809326,1.3332412242889404,1.7514100074768066,3.126642942428589,0.3957487940788269,0.4113121032714844,2.9282398223876953,0.7715557813644409,0.0,0.6821566820144653,0.15690112113952637,0.030468199402093887,0.08786661922931671,0.549695611000061,13.539287567138672,69.665283203125,0.006746846716850996,0.010283038951456547,0.011026977561414242,0.010377367027103901,-0.0008065281435847282,0.014672860503196716,0.0326087549328804,0.8237547874450684,0.009859250858426094,0.018408196046948433,0.9654855132102966,0.011544588021934032,0.02193763293325901,0.9364641308784485,0.011912178248167038,0.02375105209648609,0.9208443760871887,0.011534986086189747,0.02288522757589817,0.9281483292579651,0.010909355245530605,0.02360561303794384,0.9257907271385193
Eurhopalothrix_procera_CASENT0745605_processed.obj,Stage_3_deform_fine,0.00043008371721953154,0.023349247872829437,0.012029957957565784,0.011319288983941078,0.03260999917984009,0.09418635070323944,0.1376132071018219,0.13989999890327454,0.13539999723434448,0.533744752407074,0.5523333549499512,0.5163666605949402,0.8918833136558533,0.8916666507720947,0.8921000361442566,0.9897239208221436,0.980233371257782,0.9994000196456909,0.7759951949119568,0.25626668334007263,1.2133140563964844,1.2973651885986328,2.5140540599823,0.3815925121307373,0.389964759349823,2.0579609870910645,0.7541819214820862,0.0,0.6716642379760742,0.15725940465927124,0.02295728214085102,0.05954110994935036,0.26312705874443054,13.422124862670898,65.70172882080078,0.004302337300032377,0.006182617973536253,0.00663178414106369,0.006312327925115824,-0.009294494986534119,0.009551098570227623,0.018436992540955544,0.967432975769043,0.008267718367278576,0.01509172935038805,0.9949378967285156,0.010291378013789654,0.023453403264284134,0.9392265677452087,0.010768499225378036,0.01788237690925598,0.9841688871383667,0.010960341431200504,0.021851612254977226,0.9343291521072388,0.010426413267850876,0.024550553411245346,0.9270073175430298
Heteroponera_panamensis_CASENT0744055_processed.obj,Stage_3_deform_fine,0.0006039377185516059,0.028738126158714294,0.013933352194726467,0.014804774895310402,0.033307138830423355,0.09991514682769775,0.06801445037126541,0.06916666775941849,0.06689999997615814,0.35880038142204285,0.3782333433628082,0.3412666618824005,0.8240233063697815,0.864300012588501,0.7873333692550659,0.9872154593467712,0.9790999889373779,0.9954666495323181,0.8258590698242188,0.361299991607666,1.4209306240081787,2.2183682918548584,3.571538209915161,0.3796039819717407,0.45032912492752075,3.7104945182800293,0.8612595796585083,0.0,0.6671637892723083,0.144978329539299,0.031167710199952126,0.09146112203598022,0.44658613204956055,13.859074592590332,75.396728515625,0.007072781678289175,0.03021613322198391,0.030630014836788177,0.02999706380069256,-0.0022236648947000504,0.013115092180669308,0.027198726311326027,0.8670498132705688,0.011626001447439194,0.023431111127138138,0.9162448644638062,0.01201895996928215,0.020342348143458366,0.941989004611969,0.012352175079286098,0.02324148453772068,0.9155673384666443,0.012586594559252262,0.023815857246518135,0.8951841592788696,0.01437071617692709,0.040386050939559937,0.8637469410896301
Labidus_praedator_CASENT0744236_processed.obj,Stage_3_deform_fine,0.00021381728583946824,0.015572816133499146,0.008502601645886898,0.007070214953273535,0.025895440950989723,0.07444120943546295,0.37603265047073364,0.3755333423614502,0.3765333294868469,0.8005040287971497,0.7918333411216736,0.8093667030334473,0.9509729146957397,0.9226999878883362,0.9810333251953125,0.9966219663619995,0.9932667016983032,1.0,0.7550850510597229,0.27676665782928467,1.2362065315246582,1.878306269645691,2.797168016433716,0.33147841691970825,0.4447802007198334,1.6692255735397339,0.8277579545974731,0.0,0.5499584078788757,0.11945101618766785,0.024445833638310432,0.059782661497592926,0.7140732407569885,13.599438667297363,65.67512512207031,0.004334930796176195,0.0553654320538044,0.055706512182950974,0.05558512732386589,-2.48737633228302e-05,0.006843380630016327,0.017073284834623337,0.9697318077087402,0.01091681607067585,0.022365065291523933,0.9024390578269958,0.0068982369266450405,0.01386339496821165,0.991712749004364,0.009755782783031464,0.029523637145757675,0.9050132036209106,0.006678247358649969,0.013995389454066753,0.9850631356239319,0.007848475128412247,0.019593246281147003,0.9513381719589233
Labidus_praedator_CASENT0744237_processed.obj,Stage_3_deform_fine,0.00031579419737681746,0.01835905760526657,0.009973672218620777,0.008385386317968369,0.028302129358053207,0.12258889526128769,0.2460526078939438,0.24883334338665009,0.2433333396911621,0.7322196364402771,0.7354000210762024,0.7290666699409485,0.9438812732696533,0.9222666621208191,0.966533362865448,0.9904435276985168,0.9811000227928162,0.9999666810035706,0.7969631552696228,0.18050000071525574,1.1400562524795532,1.0292565822601318,2.1251437664031982,0.4373030662536621,0.32815760374069214,1.5282050371170044,0.6112995743751526,0.0,0.715481162071228,0.18170765042304993,0.017068061977624893,0.04315463826060295,0.2710961103439331,12.573722839355469,64.15332794189453,0.003422313602641225,0.006948439870029688,0.007478031795471907,0.00706838583573699,-0.004464154597371817,0.006838855799287558,0.01311279647052288,0.9954023361206055,0.006153122987598181,0.011750789359211922,1.0,0.009404539130628109,0.014031634666025639,0.9889503121376038,0.007483608555048704,0.013265267945826054,0.9973615407943726,0.008518821559846401,0.017218315973877907,0.9678084254264832,0.011058732867240906,0.024022657424211502,0.9330900311470032
Lasius_nr._fuliginosus_CASENT0878037_processed.obj,Stage_3_deform_fine,0.00016694213263690472,0.014131776988506317,0.007249071262776852,0.0068827057257294655,0.015403184108436108,0.08694996684789658,0.373005747795105,0.38003334403038025,0.36623334884643555,0.8415735960006714,0.8613333702087402,0.822700023651123,0.9777219891548157,0.9674000144004822,0.9882667064666748,0.9966223835945129,0.9933333396911621,0.9999333620071411,0.8523226380348206,0.09950000047683716,1.0877236127853394,0.9382504820823669,1.7973450422286987,0.48035117983818054,0.28285425901412964,1.322003960609436,0.5398858785629272,0.0,0.7381802201271057,0.20700648427009583,0.012436853721737862,0.029221121221780777,0.22924794256687164,11.835855484008789,56.96940231323242,0.0021511686500161886,0.01208563894033432,0.01234424952417612,0.012059763073921204,-0.0069479551166296005,0.005570975597947836,0.010369020514190197,0.9988505840301514,0.005166389048099518,0.009752633050084114,1.0,0.008936003781855106,0.012923119589686394,1.0,0.006248218938708305,0.009972132742404938,1.0,0.007117878645658493,0.013260666280984879,0.9912438988685608,0.006818192545324564,0.010729415342211723,0.9927006959915161
Lioponera_daikoku_OKENT0105067_processed.obj,Stage_3_deform_fine,0.0005549858324229717,0.026493586599826813,0.013206502422690392,0.013287083245813847,0.030638420954346657,0.1728334277868271,0.08860199898481369,0.09030000120401382,0.08696667104959488,0.4264635443687439,0.44760000705718994,0.407233327627182,0.8626435399055481,0.8825666904449463,0.8436000347137451,0.9887983202934265,0.9817000031471252,0.9959999918937683,0.8269107937812805,0.42426666617393494,1.4010626077651978,2.2595677375793457,3.554389476776123,0.37159663438796997,0.4553946852684021,3.8149869441986084,0.857681930065155,0.0,0.6689762473106384,0.16833575069904327,0.028926128521561623,0.0859249159693718,0.378223717212677,13.111482620239258,76.29749298095703,0.007398716174066067,0.042355235666036606,0.04296855628490448,0.04156026244163513,-0.0027904361486434937,0.013243264518678188,0.03148835152387619,0.8475096225738525,0.012636221945285797,0.030902182683348656,0.8706856966018677,0.010854173451662064,0.01826879382133484,0.9668508768081665,0.011418592184782028,0.023413924500346184,0.9076517820358276,0.012842223979532719,0.033084720373153687,0.8805047869682312,0.012041945941746235,0.026890559121966362,0.8856447339057922
Mayriella_sp._CASENT0745610_processed.obj,Stage_3_deform_fine,0.000572335731703788,0.02796168625354767,0.013662530109286308,0.014299155212938786,0.03299690783023834,0.11176279187202454,0.07868420332670212,0.08070000261068344,0.07676666975021362,0.38437139987945557,0.4106333255767822,0.3612666726112366,0.8287011384963989,0.8628333210945129,0.7971667051315308,0.9898422360420227,0.9823333621025085,0.9974666833877563,0.7584373950958252,0.39586666226387024,1.2998332977294922,2.3168559074401855,3.008511543273926,0.35449227690696716,0.43116459250450134,3.997366189956665,0.8245644569396973,0.0,0.6517887115478516,0.14448869228363037,0.027013219892978668,0.0753987729549408,0.3476541340351105,14.087915420532227,70.26579284667969,0.005866823252290487,0.03912191092967987,0.03940335661172867,0.039286814630031586,0.00939258374273777,0.013228781521320343,0.027148693799972534,0.8467432856559753,0.011116146109998226,0.02216949127614498,0.920386552810669,0.013883175328373909,0.03017679788172245,0.8314917683601379,0.009682269766926765,0.018924521282315254,0.9604222178459167,0.010512782260775566,0.018595315515995026,0.9660056829452515,0.010478063486516476,0.019647059962153435,0.9537712931632996
Mesoponera_ambigua_CASENT0745584_processed.obj,Stage_3_deform_fine,0.00047487401752732694,0.02459021657705307,0.012286142446100712,0.012304074130952358,0.030015023425221443,0.18437419831752777,0.10806182771921158,0.11206667125225067,0.10433333367109299,0.48323217034339905,0.5125333666801453,0.4571000039577484,0.8843687176704407,0.8999333381652832,0.8693333268165588,0.9902982115745544,0.9821333289146423,0.9986000061035156,0.8127118349075317,0.3147333264350891,1.3107692003250122,1.7021007537841797,2.900890588760376,0.3951261043548584,0.4111007750034332,2.5821712017059326,0.7563181519508362,0.0,0.66716068983078,0.14803238213062286,0.027897540479898453,0.07389785349369049,0.3731541633605957,13.437908172607422,71.75238800048828,0.006290538236498833,0.0597403421998024,0.06024225801229477,0.05966087803244591,-0.0016387999057769775,0.01122173760086298,0.020339474081993103,0.946360170841217,0.009796754457056522,0.02130836807191372,0.940635085105896,0.010968460701406002,0.023424355313181877,0.9254143834114075,0.009264682419598103,0.016792383044958115,0.9894459247589111,0.01128394901752472,0.023792030289769173,0.9268606901168823,0.011226034723222256,0.0204570684581995,0.9489051103591919
Myrmecina_ryukyuensis_OKENT0105085_processed.obj,Stage_3_deform_fine,0.00027682218933478,0.016998764127492905,0.008469861000776291,0.008528903126716614,0.017678599804639816,0.248726487159729,0.2583112120628357,0.26269999146461487,0.25406667590141296,0.7525627017021179,0.7661666870117188,0.7394333481788635,0.9636475443840027,0.9593666791915894,0.9679666757583618,0.9952296018600464,0.9933000206947327,0.9971666932106018,0.8338912725448608,0.18123333156108856,1.1459906101226807,1.0503774881362915,2.2360363006591797,0.381250262260437,0.35543739795684814,1.610521674156189,0.6795423626899719,0.0,0.6961297392845154,0.18184739351272583,0.01775681972503662,0.04561121389269829,0.23166616261005402,12.321035385131836,60.148033142089844,0.002770444378256798,0.0028708437457680702,0.0031760886777192354,0.0028633633628487587,-0.004713899455964565,0.00684052100405097,0.01236108411103487,0.9992337226867676,0.006640941370278597,0.012569532729685307,0.9981592297554016,0.010947499424219131,0.03041115030646324,0.9033149480819702,0.007166289258748293,0.011751220561563969,1.0,0.009366403333842754,0.022143585607409477,0.938707172870636,0.008817793801426888,0.017785517498850822,0.9501216411590576
Myrmecina_sp._CASENT0745613_processed.obj,Stage_3_deform_fine,0.000351526599843055,0.021661069244146347,0.010578397661447525,0.011082672514021397,0.024814855307340622,0.11702653020620346,0.14667171239852905,0.15049999952316284,0.14303334057331085,0.5761454701423645,0.612666666507721,0.5437333583831787,0.9112065434455872,0.9273666739463806,0.8956000208854675,0.9954145550727844,0.991100013256073,0.9997667074203491,0.8278172016143799,0.3392333388328552,1.316318154335022,1.7275700569152832,3.0542213916778564,0.4084794521331787,0.40945518016815186,2.834298849105835,0.770659863948822,0.0,0.6892001628875732,0.17324571311473846,0.024049755185842514,0.06027660891413689,0.26775264739990234,13.224891662597656,72.90005493164062,0.0066816601902246475,0.012043299153447151,0.012530962005257607,0.011952923610806465,-0.00048847496509552,0.009680671617388725,0.01947391964495182,0.9563218355178833,0.009441210888326168,0.020296180620789528,0.9470778107643127,0.010833061300218105,0.020044732838869095,0.9475138783454895,0.008930476382374763,0.01684805378317833,0.9788918495178223,0.011056737042963505,0.025889264419674873,0.9173319935798645,0.01143649686127901,0.021304208785295486,0.9330900311470032
Nesomyrmex_angulatus_CASENT0744820_processed.obj,Stage_3_deform_fine,0.0005924712168052793,0.02712266705930233,0.013871450908482075,0.013251216150820255,0.03565559908747673,0.17795321345329285,0.08755525201559067,0.08856666833162308,0.08656666427850723,0.4260546863079071,0.4415999948978424,0.41156667470932007,0.850555956363678,0.8636000156402588,0.8378999829292297,0.9860253930091858,0.9750666618347168,0.9972333312034607,0.773827850818634,0.395633339881897,1.3763723373413086,2.102997303009033,3.2212064266204834,0.37903138995170593,0.44357210397720337,3.702739715576172,0.8275790214538574,0.0,0.6621664762496948,0.16561554372310638,0.029706941917538643,0.07979413866996765,0.49344131350517273,13.703145980834961,75.04784393310547,0.007235748693346977,0.009605269879102707,0.009984767995774746,0.0095862140879035,-0.0027265073731541634,0.01352389995008707,0.026395652443170547,0.8727969527244568,0.012159121222794056,0.02657383680343628,0.8826507329940796,0.012412124313414097,0.022282540798187256,0.9171271324157715,0.010570741258561611,0.019982807338237762,0.9498680830001831,0.010650187730789185,0.020198993384838104,0.94746333360672,0.011715232394635677,0.027153432369232178,0.9051094651222229
Odontomachus_troglodytes_CASENT0744970_processed.obj,Stage_3_deform_fine,0.0001435905578546226,0.013479450717568398,0.0069005535915493965,0.006578897126019001,0.015867505222558975,0.11222606152296066,0.39846816658973694,0.4048333466053009,0.392300009727478,0.8604580760002136,0.8702333569526672,0.8508999943733215,0.9803701639175415,0.9685333371162415,0.9925000071525574,0.998564600944519,0.9971333742141724,1.0,0.8167969584465027,0.11866667121648788,1.0990417003631592,0.8691437840461731,2.0634450912475586,0.42873474955558777,0.3207540512084961,1.2858306169509888,0.6192062497138977,0.0,0.6759417653083801,0.17489349842071533,0.01567358896136284,0.036198556423187256,0.1445615440607071,12.449538230895996,58.89139175415039,0.002705257385969162,0.026483049616217613,0.0268325787037611,0.026408271864056587,0.00018943659961223602,0.005114262457937002,0.00955760758370161,0.9984674453735352,0.005274077877402306,0.009747146628797054,1.0,0.006736834533512592,0.011591331101953983,0.9889503121376038,0.0066815693862736225,0.013369932770729065,1.0,0.007237510289996862,0.014288054779171944,0.977337121963501,0.008874552324414253,0.02790074236690998,0.9440389275550842
Oxyopomyrmex_saulcyi_CASENT0745218_processed.obj,Stage_3_deform_fine,0.00037846644409000874,0.023002449423074722,0.010838601738214493,0.012163848616182804,0.02840373106300831,0.1287311613559723,0.11003763973712921,0.113066665828228,0.10716667026281357,0.5158309936523438,0.544866681098938,0.48973333835601807,0.9031473398208618,0.9287333488464355,0.8789333701133728,0.9958824515342712,0.996833324432373,0.9949333667755127,0.7897685170173645,0.4195333421230316,1.2036635875701904,1.1855336427688599,2.420130968093872,0.42511144280433655,0.36565232276916504,1.9098656177520752,0.676882803440094,0.0,0.6807435154914856,0.1721792072057724,0.02102523483335972,0.05493936687707901,0.27891188859939575,13.527434349060059,66.31328582763672,0.004954206291586161,0.0003226448316127062,0.0006605240632779896,0.00034645464620552957,-0.005143363960087299,0.009072327055037022,0.016080278903245926,0.9862068891525269,0.011488434858620167,0.024288343265652657,0.9102623462677002,0.010057213716208935,0.020578715950250626,0.941989004611969,0.00972360372543335,0.017162781208753586,0.9815303683280945,0.008882315829396248,0.015755658969283104,0.9876384139060974,0.009731448255479336,0.022001922130584717,0.9391727447509766
Polyrhachis_decemdentata_CASENT0744779_processed.obj,Stage_3_deform_fine,0.0002940987760666758,0.020077340304851532,0.00986598152667284,0.010211358778178692,0.022777961567044258,0.09578222036361694,0.18013347685337067,0.18516667187213898,0.17536666989326477,0.6190779805183411,0.6529666781425476,0.588533341884613,0.9285464286804199,0.9344333410263062,0.9227333664894104,0.9974446892738342,0.9951333403587341,0.9997667074203491,0.8376171588897705,0.32793334126472473,1.261950969696045,1.421129822731018,2.771676540374756,0.4028920829296112,0.40183526277542114,2.4228708744049072,0.7485668063163757,0.0,0.6864942312240601,0.17294013500213623,0.02347649447619915,0.06319919228553772,0.36121925711631775,12.98135757446289,67.94880676269531,0.005345327779650688,0.016028834506869316,0.016481034457683563,0.016348985955119133,0.0011578863486647606,0.009201638400554657,0.018185604363679886,0.9743295311927795,0.007506710011512041,0.013414783403277397,0.9926369190216064,0.012037412263453007,0.02143472619354725,0.941989004611969,0.008154133334755898,0.015538621693849564,0.9815303683280945,0.009315499104559422,0.018709948286414146,0.9608550071716309,0.008513503707945347,0.015564389526844025,0.9914841651916504
Polyrhachis_dives_CASENT0878093_processed.obj,Stage_3_deform_fine,0.0004664233420044184,0.02462330460548401,0.012484299950301647,0.012139005586504936,0.03120068833231926,0.15664030611515045,0.10200610756874084,0.10370000451803207,0.10036666691303253,0.4783570468425751,0.4979666769504547,0.46023333072662354,0.8869757652282715,0.8951666951179504,0.8789333701133728,0.9903660416603088,0.9822666645050049,0.9986000061035156,0.825217604637146,0.3407000005245209,1.3027055263519287,1.7821053266525269,2.954146146774292,0.3910689353942871,0.4138011336326599,3.548952102661133,0.7736005783081055,0.0,0.6687553524971008,0.14782944321632385,0.029808050021529198,0.074296735227108,0.40863677859306335,13.49193000793457,69.52885437011719,0.0061275712214410305,0.022299185395240784,0.022531021386384964,0.022758087143301964,0.00950844306498766,0.012379015795886517,0.024692947044968605,0.8946360349655151,0.01198696531355381,0.026620779186487198,0.8803497552871704,0.0124910157173872,0.020001647993922234,0.9475138783454895,0.010772098787128925,0.021216416731476784,0.936675488948822,0.011262833140790462,0.022710008546710014,0.9296935796737671,0.014185428619384766,0.04522283002734184,0.8941605687141418
Ponera_kohmoku_OKENT0105440_processed.obj,Stage_3_deform_fine,0.00027249089907854795,0.017668645828962326,0.008873476646840572,0.008795168250799179,0.019246792420744896,0.18230943381786346,0.22549021244049072,0.23016667366027832,0.22100000083446503,0.7276374697685242,0.7502666711807251,0.706333339214325,0.9599366188049316,0.963533341884613,0.9563666582107544,0.9959380626678467,0.9925000071525574,0.9994000196456909,0.8390419483184814,0.22946666181087494,1.1400989294052124,0.9989719390869141,2.1227102279663086,0.40610021352767944,0.3478548526763916,1.5552133321762085,0.6550941467285156,0.0,0.6959542036056519,0.18685293197631836,0.01845443993806839,0.043898552656173706,0.21780341863632202,12.683927536010742,61.99354553222656,0.0038460285868495703,0.0028850811067968607,0.0031377729028463364,0.0028903584461659193,-0.0026243652682751417,0.00726605299860239,0.01283810194581747,0.9996168613433838,0.006934369448572397,0.01262463629245758,0.999539852142334,0.009137743152678013,0.015791116282343864,0.9751381874084473,0.008469204418361187,0.016138773411512375,0.97625333070755,0.008679903112351894,0.017253603786230087,0.9636878967285156,0.010389831848442554,0.032360855489969254,0.9233576655387878
Ponera_tamon_OKENT0105154_processed.obj,Stage_3_deform_fine,0.00014089097385294735,0.014105121605098248,0.00688948156312108,0.007215640041977167,0.01542719267308712,0.07901052385568619,0.34665003418922424,0.35856667160987854,0.33550000190734863,0.8328261971473694,0.8555999994277954,0.8112333416938782,0.9820999503135681,0.9819333553314209,0.9822666645050049,0.9993162751197815,0.9986667037010193,0.9999666810035706,0.818276584148407,0.2854999899864197,1.128733515739441,0.9428461790084839,2.1963188648223877,0.39520063996315,0.3482820391654968,1.485878825187683,0.646618664264679,0.0,0.6864289045333862,0.1936834305524826,0.015120336785912514,0.038343530148267746,0.16622386872768402,12.061694145202637,61.878326416015625,0.0029008181300014257,0.027909090742468834,0.028091633692383766,0.028331080451607704,-0.0020711123943328857,0.005946378689259291,0.010857312940061092,1.0,0.005743508692830801,0.010535918176174164,1.0,0.006345681380480528,0.01103056501597166,1.0,0.007086525205522776,0.01273263432085514,1.0,0.007169033400714397,0.014520053751766682,0.9840329885482788,0.0071667255833745,0.01627998799085617,0.9549878239631653
Pseudolasius_sp._CASENT0878065_processed.obj,Stage_3_deform_fine,0.0003920365124940872,0.02335093356668949,0.011597664095461369,0.011753269471228123,0.026662038639187813,0.08912564069032669,0.11594977229833603,0.11736667156219482,0.11456666886806488,0.5015036463737488,0.5223000049591064,0.4823000133037567,0.8986843824386597,0.9073666930198669,0.890166699886322,0.9946175217628479,0.9906666874885559,0.9986000061035156,0.8150487542152405,0.3007333278656006,1.3135520219802856,1.6811814308166504,3.1114935874938965,0.3718668222427368,0.4407937824726105,2.77783203125,0.8438524007797241,0.0,0.6635634899139404,0.15966881811618805,0.026405340060591698,0.07854930311441422,0.42234718799591064,13.271842002868652,68.59100341796875,0.004889019299298525,0.05850403755903244,0.0588403046131134,0.05928724259138107,-0.004438683390617371,0.010651147924363613,0.02140255644917488,0.9363985061645508,0.012677905149757862,0.024285195395350456,0.8858720660209656,0.010646214708685875,0.02131952904164791,0.930939257144928,0.00943442340940237,0.016708627343177795,0.9788918495178223,0.011354462243616581,0.02237960323691368,0.9217100143432617,0.011230705305933952,0.022439448162913322,0.9148418307304382
Pseudomyrmex_cf.solis_CASENT0744065_processed.obj,Stage_3_deform_fine,0.00015721016097813845,0.013791433535516262,0.007177948951721191,0.006613484583795071,0.0162650216370821,0.07681380212306976,0.39400455355644226,0.39739999175071716,0.390666663646698,0.8611537218093872,0.8662333488464355,0.8561333417892456,0.976050853729248,0.9641333222389221,0.9882667064666748,0.9973931908607483,0.9948000311851501,1.0,0.8408510088920593,0.1978333294391632,1.1202625036239624,1.5477741956710815,1.9965708255767822,0.40646547079086304,0.31729739904403687,1.6434441804885864,0.6149277091026306,0.0,0.6993273496627808,0.1940256655216217,0.013246660120785236,0.03302489221096039,0.2322073131799698,11.717877388000488,57.70487976074219,0.0023793228901922703,0.0011893205810338259,0.001410648343153298,0.0011956978123635054,-0.004230516962707043,0.005426447372883558,0.009961661882698536,1.0,0.005330365616828203,0.00986900832504034,1.0,0.007913331501185894,0.012971426360309124,1.0,0.006714800838381052,0.011241203173995018,0.9973615407943726,0.006920901592820883,0.013806119561195374,0.9894411563873291,0.006848358549177647,0.0129581019282341,0.9732360243797302
Solenopsis_invicta_CASENT0744384_processed.obj,Stage_3_deform_fine,0.0004462172510102391,0.025234777480363846,0.012188077904284,0.01304670050740242,0.028724854812026024,0.08658774197101593,0.09504110366106033,0.09746666997671127,0.09273333102464676,0.44282928109169006,0.46970000863075256,0.41886666417121887,0.8663877844810486,0.8903666734695435,0.843666672706604,0.9956271052360535,0.9931333661079407,0.9981333613395691,0.7403550744056702,0.4323333501815796,1.3088746070861816,1.660206913948059,3.0623762607574463,0.4170311391353607,0.4095688760280609,2.632132053375244,0.7615450620651245,0.0,0.6684365272521973,0.16151756048202515,0.02355293184518814,0.061418551951646805,0.297670841217041,13.41907024383545,70.65095520019531,0.005964603740721941,0.058407802134752274,0.0587821789085865,0.058721162378787994,-0.0013935491442680359,0.011179792694747448,0.022099198773503304,0.9233716726303101,0.010839293710887432,0.02088909223675728,0.9351127743721008,0.010653880424797535,0.01991887390613556,0.9530386924743652,0.011069247499108315,0.01881490647792816,0.963060736656189,0.011765798553824425,0.02853703498840332,0.9075457453727722,0.009155552834272385,0.016390889883041382,0.9781022071838379
Stigmatomma_FHG02_CASENT0745561_processed.obj,Stage_3_deform_fine,0.00043852673843503,0.022312719374895096,0.011496111750602722,0.010816607624292374,0.02728196233510971,0.1496601402759552,0.14959052205085754,0.15263333916664124,0.14666666090488434,0.5736123323440552,0.5949333310127258,0.553766667842865,0.9152107834815979,0.9175333380699158,0.9129000306129456,0.9893818497657776,0.9812333583831787,0.9976666569709778,0.832187294960022,0.39863333106040955,1.2239950895309448,1.4317035675048828,2.597290515899658,0.39366328716278076,0.3831269145011902,2.4675710201263428,0.7259321212768555,0.0,0.6678102612495422,0.15060895681381226,0.02316816709935665,0.06683140993118286,0.3254367411136627,13.06401252746582,66.1920394897461,0.004954206291586161,0.0475357286632061,0.04791434481739998,0.04749760031700134,0.0037574097514152527,0.009860188700258732,0.018684249371290207,0.9643678665161133,0.008268297649919987,0.015612602233886719,0.9884951710700989,0.009249295108020306,0.019445328041911125,0.950276255607605,0.009620323777198792,0.017166893929243088,0.9894459247589111,0.010131306014955044,0.021011685952544212,0.9443729519844055,0.011199301108717918,0.03475869819521904,0.9026764035224915
Strumigenys_alberti_CASENT0878103_processed.obj,Stage_3_deform_fine,0.0003727794683072716,0.022814474999904633,0.010971175506711006,0.011843298561871052,0.02658735029399395,0.10109332948923111,0.1204279437661171,0.12306667119264603,0.11789999902248383,0.520474374294281,0.5556333661079407,0.4895000159740448,0.8994496464729309,0.9239667057991028,0.8762000203132629,0.9968283176422119,0.9945999979972839,0.9990666508674622,0.8223671317100525,0.3087666630744934,1.3878270387649536,1.8715846538543701,3.331678628921509,0.4104754626750946,0.427225261926651,3.4618656635284424,0.8143460750579834,0.0,0.6966061592102051,0.17177005112171173,0.025039315223693848,0.06815072894096375,0.27580350637435913,13.095966339111328,72.17066192626953,0.007040188182145357,0.01248355582356453,0.01279582642018795,0.01254660077393055,0.00033111218363046646,0.010542577132582664,0.020068718120455742,0.9494252800941467,0.009780161082744598,0.021724766120314598,0.9341923594474792,0.009576107375323772,0.017052246257662773,0.991712749004364,0.00953849870711565,0.018169287592172623,0.9709762930870056,0.012187140993773937,0.02834373712539673,0.8941540122032166,0.01291391346603632,0.040197521448135376,0.9099756479263306
Strumigenys_canina_OKENT0105288_processed.obj,Stage_3_deform_fine,0.00030181207694113255,0.01943851448595524,0.009633949026465416,0.009804565459489822,0.02186538651585579,0.1317625194787979,0.19218453764915466,0.19910000264644623,0.18573333323001862,0.6566503643989563,0.6895666718482971,0.6267333626747131,0.9384393692016602,0.9435333609580994,0.93340003490448,0.996021032333374,0.9925333261489868,0.9995333552360535,0.8176218271255493,0.29840001463890076,1.2220804691314697,1.5856376886367798,2.480811595916748,0.3958667814731598,0.36563652753829956,2.1202030181884766,0.7001822590827942,0.0,0.6786856055259705,0.17420586943626404,0.018910180777311325,0.05176898092031479,0.3100349009037018,12.496639251708984,66.70233154296875,0.005410514771938324,0.0020598210394382477,0.0023845871910452843,0.002090464113280177,-0.0024315831251442432,0.00849577784538269,0.01616528257727623,0.9758620858192444,0.008182743564248085,0.015495524741709232,0.9825126528739929,0.007868094369769096,0.014339648187160492,1.0,0.008642066270112991,0.01571383886039257,0.9894459247589111,0.008869029581546783,0.018132852390408516,0.9644604921340942,0.008551858365535736,0.01644063927233219,0.9647201895713806
Strumigenys_crassicornis_CASENT0744273_processed.obj,Stage_3_deform_fine,0.0004309811629354954,0.02361835539340973,0.011812470853328705,0.011805884540081024,0.027091795578598976,0.13471505045890808,0.11946872621774673,0.1214333325624466,0.11756666749715805,0.505338191986084,0.5320666432380676,0.48116666078567505,0.8967424631118774,0.9126999974250793,0.8813333511352539,0.9917846322059631,0.9837999939918518,0.9998999834060669,0.8016471266746521,0.32350000739097595,1.2997815608978271,1.7098276615142822,2.864527940750122,0.4100162982940674,0.3944486975669861,2.9910624027252197,0.7477923035621643,0.0,0.6880436539649963,0.1648809015750885,0.02483947016298771,0.06667478382587433,0.31506162881851196,13.034126281738281,75.46712493896484,0.007105375174432993,0.009713732637465,0.009976315312087536,0.010086662136018276,-0.009003191255033016,0.010748322121798992,0.01924951933324337,0.9567049741744995,0.009764330461621284,0.018153054639697075,0.9595029950141907,0.010522316209971905,0.019342757761478424,0.9558011293411255,0.011228336952626705,0.022535454481840134,0.936675488948822,0.010713271796703339,0.020675163716077805,0.9461756348609924,0.012234908528625965,0.03348400071263313,0.9063260555267334
Strumigenys_sp._appretiata_group_CASENT0744156_processed.obj,Stage_3_deform_fine,0.00027797051006928086,0.019580982625484467,0.00929066352546215,0.010290318168699741,0.022655196487903595,0.11714039742946625,0.17508190870285034,0.1824333369731903,0.16830000281333923,0.6333814859390259,0.682533323764801,0.5908333659172058,0.939639151096344,0.9550333619117737,0.9247333407402039,0.9980484843254089,0.9968000054359436,0.9993000030517578,0.8262999653816223,0.37156668305397034,1.2479169368743896,1.4063432216644287,2.7489829063415527,0.4088085889816284,0.39931488037109375,2.2461438179016113,0.7445753812789917,0.0,0.6764252185821533,0.17387910187244415,0.019221002236008644,0.0501251295208931,0.26475200057029724,13.05777645111084,67.51695251464844,0.005671262741088867,0.002534138271585107,0.002819061279296875,0.002541764872148633,-0.004951165057718754,0.008113483898341656,0.014979765750467777,0.992337167263031,0.012366868555545807,0.026357386261224747,0.8679245710372925,0.007882824167609215,0.01303869392722845,0.9972376227378845,0.008975774049758911,0.016550196334719658,0.9947230219841003,0.008925511501729488,0.017810998484492302,0.9608550071716309,0.008928378112614155,0.017013411968946457,0.9695863723754883
Strumigenys_stenorhina_OKENT0105268_processed.obj,Stage_3_deform_fine,0.00012132035044487566,0.012195959687232971,0.0061502656899392605,0.006045694462954998,0.012519109062850475,0.11010941118001938,0.45962733030319214,0.46956667304039,0.45010000467300415,0.9056631922721863,0.9169333577156067,0.8946666717529297,0.987644612789154,0.9830000400543213,0.9923333525657654,0.9982470870018005,0.9965333342552185,0.9999666810035706,0.8572331070899963,0.2803666591644287,1.0543864965438843,0.7920306324958801,1.7506307363510132,0.46667295694351196,0.2858008146286011,1.1937570571899414,0.5302407145500183,0.0,0.6868479251861572,0.19506847858428955,0.012549500912427902,0.02962530590593815,0.145926833152771,12.104113578796387,59.02206802368164,0.0022163554094731808,0.0030297969933599234,0.0032425629906356335,0.003123331582173705,-0.006857447326183319,0.005197315942496061,0.009505117312073708,1.0,0.005590695887804031,0.010198417119681835,1.0,0.004906876012682915,0.008344665169715881,1.0,0.0060019525699317455,0.011104641482234001,1.0,0.005152994766831398,0.00901402160525322,0.9994849562644958,0.006513951811939478,0.015004454180598259,0.9768856167793274
Syllophopsis_sechellensis_OKENT0105212_processed.obj,Stage_3_deform_fine,0.00012188010441605002,0.012699270620942116,0.00656333239749074,0.006135938223451376,0.015091526322066784,0.06292349845170975,0.43832263350486755,0.4404999911785126,0.4361666738986969,0.8846293091773987,0.8803666830062866,0.8889333605766296,0.9808003306388855,0.9702333211898804,0.9916000366210938,0.9997499585151672,0.9995333552360535,0.9999666810035706,0.847162127494812,0.11230000108480453,1.1294089555740356,0.9026404619216919,2.0698931217193604,0.4252488911151886,0.3136472702026367,1.3969398736953735,0.5878239870071411,0.0,0.7010908126831055,0.17652660608291626,0.013197538442909718,0.03239072114229202,0.21144415438175201,11.746988296508789,57.97962951660156,0.0021511686500161886,0.055250030010938644,0.05556649714708328,0.055484358221292496,-0.003984127193689346,0.005221922416239977,0.009809951297938824,0.998084306716919,0.004874456208199263,0.00926960352808237,1.0,0.007082640193402767,0.012638607062399387,1.0,0.005810252390801907,0.010547667741775513,1.0,0.006752407178282738,0.013739403337240219,0.9804275035858154,0.0069212885573506355,0.016571087762713432,0.974452555179596
Temnothorax_congruus_OKENT0105443_processed.obj,Stage_3_deform_fine,0.00019010721007362008,0.01608806475996971,0.007648018654435873,0.008440045639872551,0.019468529149889946,0.08281587809324265,0.2729094624519348,0.28183335065841675,0.2645333409309387,0.7735732793807983,0.8115000128746033,0.7390333414077759,0.9646324515342712,0.9754000306129456,0.9541000127792358,0.998666524887085,0.9982666969299316,0.9990666508674622,0.825090765953064,0.25486665964126587,1.1088327169418335,0.8145380020141602,1.9384033679962158,0.42616280913352966,0.32156023383140564,1.3024992942810059,0.6021642088890076,0.0,0.7127586603164673,0.19118408858776093,0.013940350152552128,0.03219160437583923,0.18095338344573975,12.390007019042969,59.61327362060547,0.0029008181300014257,0.01611468568444252,0.016436362639069557,0.016466250643134117,-0.0016137361526489258,0.006353913340717554,0.01156627293676138,1.0,0.006414341740310192,0.01158149167895317,1.0,0.008306828327476978,0.013952001929283142,0.9972376227378845,0.007517417427152395,0.013539732433855534,1.0,0.007681722287088633,0.016279684379696846,0.9706412553787231,0.0076535288244485855,0.013389263302087784,0.9878345131874084
Temnothorax_sp._OKENT0105336_processed.obj,Stage_3_deform_fine,0.0003005194594152272,0.020752007141709328,0.010009679943323135,0.010742327198386192,0.02340024895966053,0.067677341401577,0.15821586549282074,0.16353332996368408,0.1532333344221115,0.5834840536117554,0.6127333641052246,0.5569000244140625,0.9267786741256714,0.9367333650588989,0.917033314704895,0.9987499713897705,0.9990000128746033,0.9984999895095825,0.7672957181930542,0.39516666531562805,1.1742058992385864,1.1653194427490234,2.353006601333618,0.3980262875556946,0.35794657468795776,1.866386890411377,0.6780844330787659,0.0,0.6878675222396851,0.1827724277973175,0.01881067454814911,0.049369849264621735,0.24325896799564362,12.552003860473633,63.52444839477539,0.00394380884245038,0.004765917081385851,0.005266725085675716,0.004754815716296434,-0.005850841756910086,0.008559944108128548,0.015012707561254501,0.99042147397995,0.008034205064177513,0.014771363697946072,0.9930971264839172,0.010478765703737736,0.021566690877079964,0.9337016940116882,0.010220014490187168,0.017232369631528854,0.9841688871383667,0.008733785711228848,0.016348570585250854,0.9778521656990051,0.008072428405284882,0.01523689553141594,0.9793187379837036
Tetramorium_kraepelini_CASENT0744084_processed.obj,Stage_3_deform_fine,0.0003501924220472574,0.02226768061518669,0.010441695339977741,0.01182598527520895,0.026656093075871468,0.06887740641832352,0.13354597985744476,0.13920000195503235,0.12833333015441895,0.5338166952133179,0.5729333162307739,0.49970000982284546,0.9088672995567322,0.9363333582878113,0.8829666972160339,0.9972833395004272,0.9971333742141724,0.9974333643913269,0.7991222739219666,0.38670000433921814,1.2266955375671387,1.2487651109695435,2.563162326812744,0.40547773241996765,0.38084039092063904,2.136000871658325,0.7157680988311768,0.0,0.6780292987823486,0.16822218894958496,0.02013200707733631,0.049968741834163666,0.36535879969596863,13.193192481994629,65.01117706298828,0.004530491307377815,0.011423380114138126,0.01195715181529522,0.011498264037072659,0.0015386268496513367,0.009096082299947739,0.017680518329143524,0.9681992530822754,0.009494767524302006,0.017308775335550308,0.9728485941886902,0.00931993406265974,0.01752503402531147,0.961326003074646,0.010953833349049091,0.019509010016918182,0.9577836990356445,0.009083675220608711,0.01696172170341015,0.9750193357467651,0.008550714701414108,0.014487475156784058,0.9951338171958923
