mesh,stage,chamfer_l2,chamfer_l1,acc_mean,comp_mean,hausdorff_95,hausdorff_max,fscore@0.005,precision@0.005,recall@0.005,fscore@0.01,precision@0.01,recall@0.01,fscore@0.02,precision@0.02,recall@0.02,fscore@0.05,precision@0.05,recall@0.05,normal_consistency,normal_flip_frac,edge_ratio_mean,edge_ratio_std,edge_stretch_p95,edge_compress_p05,edge_logratio_absmean,area_ratio_mean,area_logratio_absmean,degenerate_tri_frac,tri_quality_mean,tri_quality_p05,deform_mag_mean,deform_mag_p95,deform_mag_max,dihedral_mean,dihedral_p99,folded_face_frac,midline_dev_mean,midline_dev_p95,midline_dev_mean_norm,midline_dev_excess,part_body_dist_mean,part_body_dist_p95,part_body_within_tau,part_head_dist_mean,part_head_dist_p95,part_head_within_tau,part_antenna_dist_mean,part_antenna_dist_p95,part_antenna_within_tau,part_mandible_dist_mean,part_mandible_dist_p95,part_mandible_within_tau,part_leg_dist_mean,part_leg_dist_p95,part_leg_within_tau,part_leg_distal_dist_mean,part_leg_distal_dist_p95,part_leg_distal_within_tau
Acanthostichus_aff.brevicornis_CASENT0744328_processed.obj,H0_body,0.004826069343835115,0.06808286905288696,0.0237676240503788,0.044315241277217865,0.13101541996002197,0.3035264015197754,0.07102659344673157,0.07833333313465118,0.06496666371822357,0.22413580119609833,0.2835666835308075,0.18530000746250153,0.43529531359672546,0.564466655254364,0.3542333245277405,0.7758905291557312,0.8988333344459534,0.682533323764801,0.7368384599685669,0.1915000081062317,1.0,0.0,1.0,1.0,0.0,1.0,2.8546356389824723e-08,0.0,0.8105685710906982,0.37405160069465637,0.0,0.0,0.0,13.28833293914795,94.03119659423828,0.01124474499374628,0.013214780949056149,0.016975760459899902,0.013030276633799076,0.0,0.022873742505908012,0.05918240174651146,0.5643678307533264,0.015346980653703213,0.03712012618780136,0.7261850237846375,0.014063367620110512,0.026162926107645035,0.7596685290336609,0.027192873880267143,0.0510609894990921,0.3509235084056854,0.034584227949380875,0.08577951043844223,0.3775431513786316,0.06257305294275284,0.1755896657705307,0.4513382017612457
Acromyrmex_coronatus_CASENT0744365_processed.obj,H0_body,0.012653756886720657,0.09361657500267029,0.025750596076250076,0.06786597520112991,0.25246021151542664,0.5801364183425903,0.04599499702453613,0.052000001072883606,0.04123333469033241,0.1689823567867279,0.2323666661977768,0.13276666402816772,0.3665008842945099,0.5292666554450989,0.28029999136924744,0.683323860168457,0.878600001335144,0.559066653251648,0.7092655897140503,0.24853333830833435,1.0,0.0,1.0,1.0,0.0,1.0,2.6538552688748496e-08,0.0,0.8101242780685425,0.32378754019737244,0.0,0.0,0.0,13.232780456542969,94.0839614868164,0.011342525482177734,0.04102537781000137,0.07539495080709457,0.05280252918601036,0.0,0.02429882623255253,0.0610935240983963,0.5314176082611084,0.018616853281855583,0.03941635414958,0.6000920534133911,0.027436045929789543,0.08792321383953094,0.5082873106002808,0.02181638777256012,0.06011088192462921,0.6306068897247314,0.039124228060245514,0.09629683196544647,0.3123873472213745,0.057497333735227585,0.1498069018125534,0.22749391198158264
Acromyrmex_lobicornis_CASENT0878007_processed.obj,H0_body,0.013478551059961319,0.12025302648544312,0.03540746867656708,0.08484555780887604,0.21039830148220062,0.4237344264984131,0.01981900818645954,0.024299999698996544,0.016733333468437195,0.07333514094352722,0.11966666579246521,0.05286666750907898,0.18056881427764893,0.3389333486557007,0.12306667119264603,0.4927140772342682,0.7748333215713501,0.3612000048160553,0.5960779786109924,0.3749000132083893,1.0,0.0,1.0,1.0,0.0,1.0,2.5772152412173455e-08,0.0,0.8241597414016724,0.3551582992076874,0.0,0.0,0.0,13.365890502929688,100.26329803466797,0.013004791922867298,0.04266969859600067,0.05367584899067879,0.051157284528017044,0.0,0.029184972867369652,0.0693255290389061,0.40229886770248413,0.04094913974404335,0.09007801115512848,0.28301888704299927,0.0315169021487236,0.10222907364368439,0.511049747467041,0.029952410608530045,0.07132912427186966,0.3957783877849579,0.049633290618658066,0.12351915240287781,0.23924800753593445,0.08087261766195297,0.2136586457490921,0.14963503181934357
Anochetus_risii_CASENT0877608_processed.obj,H0_body,0.004171187058091164,0.062136612832546234,0.024023747071623802,0.03811286389827728,0.10877322405576706,0.32409560680389404,0.06652257591485977,0.07453333586454391,0.06006666645407677,0.21957242488861084,0.28226667642593384,0.179666668176651,0.47601813077926636,0.6041333675384521,0.3927333354949951,0.8159711956977844,0.9014000296592712,0.7453333139419556,0.7269091606140137,0.19733333587646484,1.0,0.0,1.0,1.0,0.0,1.0,2.613057858980028e-08,0.0,0.8151230812072754,0.3767317831516266,0.0,0.0,0.0,13.044625282287598,88.50000762939453,0.00977803859859705,0.004933251533657312,0.013016365468502045,0.005152157042175531,0.0,0.017710795626044273,0.04132898151874542,0.6636015176773071,0.02512100525200367,0.06846462190151215,0.5227795839309692,0.024190638214349747,0.05144732445478439,0.4558011293411255,0.025852330029010773,0.05933792144060135,0.4643799662590027,0.02637864649295807,0.09033753722906113,0.5938706994056702,0.11751525104045868,0.2215263396501541,0.012165449559688568
Anochetus_risii_CASENT0877609_processed.obj,H0_body,0.025634894147515297,0.12871143221855164,0.030786022543907166,0.09792541712522507,0.2392713576555252,1.033584713935852,0.023147834464907646,0.026866666972637177,0.02033333294093609,0.08814644813537598,0.1442333310842514,0.06346666812896729,0.2102423459291458,0.39996665716171265,0.14259999990463257,0.506689727306366,0.8100666999816895,0.36863332986831665,0.6953344345092773,0.2755333483219147,1.0,0.0,1.0,1.0,0.0,1.0,2.52417891033474e-08,0.0,0.8039385080337524,0.3410472869873047,0.0,0.0,0.0,12.939366340637207,90.9454345703125,0.0102343475446105,0.006472723558545113,0.015890048816800117,0.007200746331363916,0.0,0.029631873592734337,0.06952085345983505,0.4283525049686432,0.0307204257696867,0.06959791481494904,0.3630925118923187,0.023143824189901352,0.07487495243549347,0.541436493396759,0.02253134734928608,0.04451799765229225,0.4670184850692749,0.03565898910164833,0.08610022068023682,0.3476693332195282,0.04234083369374275,0.1037345826625824,0.356447696685791
Aphaenogaster_pallida_CASENT0745235_processed.obj,H0_body,0.004841546528041363,0.06960611790418625,0.027183573693037033,0.042422544211149216,0.11481696367263794,0.33161747455596924,0.03519598767161369,0.038333334028720856,0.03253333270549774,0.12550316751003265,0.1594666689634323,0.10346666723489761,0.32030370831489563,0.4166000187397003,0.2601666748523712,0.8343164920806885,0.9205333590507507,0.7628666758537292,0.76954185962677,0.14650000631809235,1.0,0.0,1.0,1.0,0.0,1.0,2.6104352457423374e-08,0.0,0.8188932538032532,0.3580169975757599,0.0,0.0,0.0,13.314767837524414,92.7841796875,0.010592876002192497,0.00822975393384695,0.016917778179049492,0.00851354468613863,0.0,0.025629764422774315,0.05644328519701958,0.4091954231262207,0.024064993485808372,0.04567255824804306,0.3953060209751129,0.013165204785764217,0.02318619005382061,0.8342542052268982,0.0196574404835701,0.05175171047449112,0.6622691750526428,0.03385385870933533,0.11816029250621796,0.48081380128860474,0.05405403673648834,0.14452573657035828,0.28710460662841797
Atopomyrmex_mocquerysi_CASENT0744784_processed.obj,H0_body,0.007867738604545593,0.06618675589561462,0.02334783598780632,0.042838919907808304,0.1348254233598709,0.5821500420570374,0.1044100672006607,0.10946666449308395,0.0997999981045723,0.2890024781227112,0.32276666164398193,0.26163333654403687,0.5261597037315369,0.5974000096321106,0.4701000154018402,0.8208897709846497,0.8971666693687439,0.7565667033195496,0.7229333519935608,0.2321999967098236,1.0,0.0,1.0,1.0,0.0,1.0,3.0580384446921016e-08,0.0,0.8061815500259399,0.37869152426719666,0.0,0.0,0.0,13.639198303222656,94.4395523071289,0.011440305970609188,0.025656484067440033,0.04452047124505043,0.03520233556628227,0.0,0.01550025213509798,0.037868984043598175,0.7367815971374512,0.016287609934806824,0.040117327123880386,0.7004141807556152,0.011387258768081665,0.031709738075733185,0.8756906390190125,0.012767557986080647,0.026481086388230324,0.8522427678108215,0.03871689736843109,0.08644408732652664,0.29719290137290955,0.11322859674692154,0.26948586106300354,0.0656934306025505
Carebara_trechideros_CASENT0877591_processed.obj,H0_body,0.013194753788411617,0.07852886617183685,0.023021334782242775,0.05550752952694893,0.2460375428199768,0.6237848997116089,0.09675783663988113,0.1044333353638649,0.09013333171606064,0.28976619243621826,0.34176668524742126,0.2515000104904175,0.5432716012001038,0.6511333584785461,0.4660666584968567,0.817694365978241,0.9177666902542114,0.7372999787330627,0.7025642395019531,0.26260000467300415,1.0,0.0,1.0,1.0,0.0,1.0,2.8875646762571705e-08,0.0,0.812197208404541,0.3758818507194519,0.0,0.0,0.0,13.734546661376953,96.97828674316406,0.012026987969875336,0.019583988934755325,0.041614700108766556,0.024012641981244087,0.0,0.013410888612270355,0.03097352385520935,0.8084291219711304,0.01739444211125374,0.03262140229344368,0.624482274055481,0.027873791754245758,0.1091565266251564,0.591160237789154,0.012048296630382538,0.03144567087292671,0.8364116549491882,0.03539428859949112,0.10803817957639694,0.45789340138435364,0.15785232186317444,0.35445636510849,0.1082725077867508
Centromyrmex_brachycola_CASENT0744052_processed.obj,H0_body,0.005017472431063652,0.0719301626086235,0.0255063995718956,0.046423763036727905,0.1281425654888153,0.30612725019454956,0.05127662047743797,0.05873333290219307,0.045499999076128006,0.17313306033611298,0.23846666514873505,0.13590000569820404,0.3670709431171417,0.512499988079071,0.28593334555625916,0.7546139359474182,0.899233341217041,0.6500666737556458,0.6980061531066895,0.27283334732055664,1.0,0.0,1.0,1.0,0.0,1.0,2.70601763219247e-08,0.0,0.8129050731658936,0.35155031085014343,0.0,0.0,0.0,12.998405456542969,95.70930480957031,0.011733646504580975,0.004333785269409418,0.00976795144379139,0.004477915354073048,0.0,0.019558342173695564,0.04881977289915085,0.6145594120025635,0.026857586577534676,0.057155441492795944,0.37735849618911743,0.012558926828205585,0.02990264818072319,0.8066298365592957,0.021249540150165558,0.05123069882392883,0.6147757768630981,0.03197592869400978,0.09464973211288452,0.4282771050930023,0.10844682902097702,0.21828670799732208,0.2737226188182831
Cephalotes_minutus_CASENT0709253_processed.obj,H0_body,0.0037331548519432545,0.06368406116962433,0.024755097925662994,0.038928963243961334,0.09872708469629288,0.2699812352657318,0.04674511402845383,0.05323333293199539,0.0416666679084301,0.1794186532497406,0.23739999532699585,0.14419999718666077,0.41724449396133423,0.545199990272522,0.33793333172798157,0.8064587712287903,0.8957333564758301,0.7333666682243347,0.7192161083221436,0.29563334584236145,1.0,0.0,1.0,1.0,0.0,1.0,2.562644851877849e-08,0.0,0.8395040035247803,0.3911517858505249,0.0,0.0,0.0,13.220586776733398,85.54276275634766,0.008604674600064754,0.006316570099443197,0.011306915432214737,0.006494200322777033,0.0,0.02576482854783535,0.0670442283153534,0.5068965554237366,0.02253567986190319,0.05111891031265259,0.5319834351539612,0.013228354044258595,0.03743896260857582,0.8314917683601379,0.018136773258447647,0.03569520637392998,0.625329852104187,0.02387261763215065,0.06988468021154404,0.5833118557929993,0.09761570394039154,0.25317952036857605,0.09124087542295456
Cephalotes_simillimus_CASENT0744408_processed.obj,H0_body,0.00976477563381195,0.10443313419818878,0.029648534953594208,0.07478459924459457,0.17636750638484955,0.2868025004863739,0.02934894897043705,0.03513333201408386,0.025200000032782555,0.1092248186469078,0.1888333410024643,0.0768333375453949,0.237834632396698,0.46623334288597107,0.1596333384513855,0.5265026092529297,0.8315333127975464,0.38519999384880066,0.5608673095703125,0.4501666724681854,1.0,0.0,1.0,1.0,0.0,1.0,2.5434118811062945e-08,0.0,0.8166007995605469,0.3627815246582031,0.0,0.0,0.0,13.73083782196045,95.740234375,0.011635866016149521,0.03646178916096687,0.046514179557561874,0.03660037741065025,0.0,0.029369065538048744,0.08635465055704117,0.5088122487068176,0.03257695958018303,0.07135052233934402,0.31661298871040344,0.03529549390077591,0.07873617112636566,0.4364641010761261,0.017805282026529312,0.04111348092556,0.6992084980010986,0.032097455114126205,0.07918369024991989,0.40690189599990845,0.05090062692761421,0.15963292121887207,0.37226277589797974
Cephalotes_spinosus_CASENT0744158_processed.obj,H0_body,0.00468355230987072,0.07491683214902878,0.0291880052536726,0.04572882503271103,0.10649139434099197,0.3134815990924835,0.028827331960201263,0.033266667276620865,0.025433333590626717,0.12338558584451675,0.170933336019516,0.09653333574533463,0.3102434575557709,0.43630000948905945,0.24070000648498535,0.7214264273643494,0.8584333658218384,0.6221333146095276,0.7388854026794434,0.23796667158603668,1.0,0.0,1.0,1.0,0.0,1.0,2.8065532120535863e-08,0.0,0.8226499557495117,0.35655415058135986,0.0,0.0,0.0,13.37144947052002,92.0118179321289,0.010527689009904861,0.015624850057065487,0.024482740089297295,0.01560671254992485,0.0,0.03374246880412102,0.0824282169342041,0.3340996205806732,0.028505465015769005,0.060058947652578354,0.3695352077484131,0.017938418313860893,0.03868653252720833,0.6187845468521118,0.01777193881571293,0.035208798944950104,0.5989446043968201,0.021831722930073738,0.05707048252224922,0.5820242166519165,0.12954741716384888,0.29501819610595703,0.04501216486096382
Crematogaster_nawai_OKENT0105046_processed.obj,H0_body,0.00875089131295681,0.09076427668333054,0.0288474652916193,0.061916813254356384,0.16497689485549927,0.5701172947883606,0.03745851293206215,0.04556666687130928,0.03180000185966492,0.12685273587703705,0.20243333280086517,0.09236666560173035,0.28958573937416077,0.49320000410079956,0.20496666431427002,0.6314423084259033,0.8569333553314209,0.4999000132083893,0.5901166796684265,0.4146000146865845,1.0,0.0,1.0,1.0,0.0,1.0,2.6200517311281146e-08,0.0,0.8198994398117065,0.3579713702201843,0.0,0.0,0.0,13.535802841186523,92.27999877929688,0.01039731502532959,0.029985472559928894,0.03894923999905586,0.041655756533145905,0.0,0.02183411829173565,0.05178481340408325,0.557854413986206,0.034476157277822495,0.0829290896654129,0.3842613995075226,0.025074860081076622,0.056056879460811615,0.522099494934082,0.03282918035984039,0.0716843456029892,0.2955145239830017,0.02995878830552101,0.0822252482175827,0.4839042127132416,0.1576664000749588,0.3897585868835449,0.07055961340665817
Cryptopone_sauteri_CASENT0743771_processed.obj,H0_body,0.005908755585551262,0.08176453411579132,0.028904680162668228,0.05285985395312309,0.12543383240699768,0.4924299418926239,0.03199120983481407,0.03713333234190941,0.02810000069439411,0.12028814852237701,0.16543333232402802,0.09449999779462814,0.27986064553260803,0.40619999170303345,0.21346667408943176,0.682866632938385,0.8533333539962769,0.5691666603088379,0.6983323097229004,0.29856666922569275,1.0,0.0,1.0,1.0,0.0,1.0,2.5690555460755604e-08,0.0,0.8340131044387817,0.38956332206726074,0.0,0.0,0.0,13.100024223327637,84.77488708496094,0.008180959150195122,0.012893005274236202,0.023001430556178093,0.012885498814284801,0.0,0.028710847720503807,0.07160024344921112,0.3896551728248596,0.025213249027729034,0.05586891621351242,0.44914865493774414,0.014255010522902012,0.03936060518026352,0.8480663299560547,0.026566514745354652,0.05875018611550331,0.42480212450027466,0.029025573283433914,0.0779431015253067,0.44218388199806213,0.06445430219173431,0.16346001625061035,0.22992700338363647
Cyphoidris_afrc-tz01_CASENT0744810_processed.obj,H0_body,0.032244972884655,0.17745405435562134,0.032434217631816864,0.14501982927322388,0.33111438155174255,0.46752220392227173,0.014449506998062134,0.01863333396613598,0.011800000444054604,0.05010969564318657,0.10473333299160004,0.03293333202600479,0.11651451140642166,0.3619333505630493,0.06943333148956299,0.29340288043022156,0.7962666749954224,0.1798333376646042,0.5175847411155701,0.49183332920074463,1.0,0.0,1.0,1.0,0.0,1.0,2.5110649559678677e-08,0.0,0.7947416305541992,0.2414470911026001,0.0,0.0,0.0,13.35397720336914,97.38633728027344,0.011701053008437157,0.02728378027677536,0.041098158806562424,0.0357050783932209,0.0,0.030920904129743576,0.07607660442590714,0.4160919487476349,0.03509977087378502,0.07288960367441177,0.3051081597805023,0.04184215888381004,0.08035388588905334,0.2458563596010208,0.017596358433365822,0.039850421249866486,0.7097625732421875,0.038291528820991516,0.07850666344165802,0.2353850156068802,0.0433046892285347,0.08666381984949112,0.23479318618774414
Cyphomyrmex_cf.minutus_CASENT0744280_processed.obj,H0_body,0.04545333981513977,0.19282251596450806,0.028426766395568848,0.1643957495689392,0.4177834093570709,0.784482479095459,0.013066192157566547,0.017666667699813843,0.010366667062044144,0.047310709953308105,0.10703333467245102,0.030366666615009308,0.1149320900440216,0.41253334283828735,0.0667666643857956,0.3039105534553528,0.8793333172798157,0.18369999527931213,0.5403122305870056,0.5868333578109741,1.0,0.0,1.0,1.0,0.0,1.0,2.763133721828126e-08,0.0,0.7750051617622375,0.25644466280937195,0.0,0.0,0.0,13.134841918945312,98.58460998535156,0.013395913876593113,0.02612256072461605,0.030334115028381348,0.027305925264954567,0.0,0.025304453447461128,0.054367516189813614,0.4517241418361664,0.02971026673913002,0.07240727543830872,0.3561896085739136,0.04796493053436279,0.14326931536197662,0.16850829124450684,0.025224706158041954,0.04862659052014351,0.3825857639312744,0.03113934025168419,0.08745944499969482,0.4205511212348938,0.03208572790026665,0.06515089422464371,0.3394160568714142
Dilobocondyla_fouqueti_CASENT0745576_processed.obj,H0_body,0.009092184714972973,0.09062738716602325,0.02836301364004612,0.062264371663331985,0.1718042492866516,0.4683023989200592,0.03508009389042854,0.042100001126527786,0.03006666712462902,0.1242583617568016,0.18186667561531067,0.09436666965484619,0.2856420874595642,0.43320000171661377,0.21306666731834412,0.6709990501403809,0.8559666872024536,0.5517666935920715,0.6785582304000854,0.29680001735687256,1.0,0.0,1.0,1.0,0.0,1.0,3.046091734404399e-08,0.0,0.8029202222824097,0.33418241143226624,0.0,0.0,0.0,13.837178230285645,96.9715576171875,0.01241810992360115,0.007708239369094372,0.009523513726890087,0.008054131641983986,0.0,0.027679938822984695,0.06789074093103409,0.43026819825172424,0.033942293375730515,0.07312556356191635,0.3364012837409973,0.017201976850628853,0.03359334170818329,0.6243094205856323,0.017735229805111885,0.04344484210014343,0.649076521396637,0.028353694826364517,0.10061220079660416,0.5055369734764099,0.05632118880748749,0.1592581570148468,0.3540146052837372
Dorylus_fulvus_CASENT0745678_processed.obj,H0_body,0.0030502229928970337,0.05837647244334221,0.021858487278223038,0.03651798516511917,0.09325157105922699,0.326652467250824,0.06654300540685654,0.07453333586454391,0.060100000351667404,0.2160712480545044,0.27810001373291016,0.17666666209697723,0.4383598268032074,0.5678333640098572,0.35696667432785034,0.8278188705444336,0.9399333596229553,0.7396000027656555,0.6784754395484924,0.33133333921432495,1.0,0.0,1.0,1.0,0.0,1.0,2.832197409929904e-08,0.0,0.8226895928382874,0.365527480840683,0.0,0.0,0.0,13.273344039916992,89.65269470214844,0.009843225590884686,0.002305181697010994,0.0049183983355760574,0.0024358914233744144,0.0,0.01788383536040783,0.045944973826408386,0.6636015176773071,0.027632929384708405,0.052351515740156174,0.33087897300720215,0.022801943123340607,0.06684684008359909,0.5856353640556335,0.019089940935373306,0.04167598858475685,0.6200528144836426,0.032296597957611084,0.08284200727939606,0.36724182963371277,0.05378290265798569,0.26938164234161377,0.41727492213249207
Eciton_hamatum_CASENT0744580_processed.obj,H0_body,0.003134767059236765,0.06224022060632706,0.02810051664710045,0.03413970395922661,0.08293907344341278,0.22767461836338043,0.06514635682106018,0.06976667046546936,0.06110000237822533,0.18242453038692474,0.2072666734457016,0.16290000081062317,0.3767951428890228,0.42293334007263184,0.3397333323955536,0.8322121500968933,0.8691333532333374,0.79830002784729,0.6000811457633972,0.35536667704582214,1.0,0.0,1.0,1.0,0.0,1.0,2.8636689464178744e-08,0.0,0.8007486462593079,0.3359120190143585,0.0,0.0,0.0,14.277397155761719,101.49034881591797,0.013004791922867298,0.004235099535435438,0.011788703501224518,0.004407024011015892,0.0,0.024992719292640686,0.06166619807481766,0.4973180294036865,0.030675046145915985,0.05457594245672226,0.2521859109401703,0.019973009824752808,0.04529166966676712,0.5193370580673218,0.016291985288262367,0.03206818178296089,0.7097625732421875,0.033289507031440735,0.08120858669281006,0.39222252368927,0.05355094373226166,0.17640234529972076,0.30900242924690247
Ectatomma_brunneum_CASENT0744575_processed.obj,H0_body,0.02530694380402565,0.15491610765457153,0.04090096801519394,0.114015132188797,0.2997586131095886,0.7546511292457581,0.018883006647229195,0.02303333394229412,0.01600000075995922,0.07237778604030609,0.12343333661556244,0.05120000243186951,0.1636999100446701,0.344400018453598,0.1073666661977768,0.3940012753009796,0.6916000247001648,0.2754666805267334,0.6447962522506714,0.298799991607666,1.0,0.0,1.0,1.0,0.0,1.0,2.263659659718087e-08,0.0,0.8216261267662048,0.3465666174888611,0.0,0.0,0.0,13.28544807434082,93.09355926513672,0.010625469498336315,0.03240303322672844,0.05663885176181793,0.03376428410410881,0.0,0.04692870005965233,0.10721006989479065,0.29272031784057617,0.0431215837597847,0.0979067012667656,0.28531983494758606,0.027586348354816437,0.05992026627063751,0.43370166420936584,0.022463127970695496,0.04239032417535782,0.45646440982818604,0.04080904275178909,0.14672571420669556,0.39273756742477417,0.04020431637763977,0.09195814281702042,0.36739659309387207
Eurhopalothrix_procera_CASENT0745605_processed.obj,H0_body,0.013377074152231216,0.11580190807580948,0.034542977809906006,0.08125893026590347,0.19078655540943146,0.7398649454116821,0.02112107165157795,0.024666666984558105,0.018466666340827942,0.08569343388080597,0.13609999418258667,0.06253333389759064,0.20009419322013855,0.35989999771118164,0.13856667280197144,0.5085646510124207,0.7794666886329651,0.3774000108242035,0.6556380391120911,0.2834666669368744,1.0,0.0,1.0,1.0,0.0,1.0,2.5658499325231787e-08,0.0,0.8120049238204956,0.3421631455421448,0.0,0.0,0.0,13.370327949523926,98.41262817382812,0.012385516427457333,0.013104009442031384,0.022360393777489662,0.0140268849208951,0.0,0.03263528645038605,0.08418693393468857,0.4137931168079376,0.0318620540201664,0.06771528720855713,0.34560516476631165,0.03513702005147934,0.06051653251051903,0.2596685290336609,0.021222053095698357,0.04298551753163338,0.5329815745353699,0.03756655380129814,0.1018291637301445,0.3644089698791504,0.10800208896398544,0.31336134672164917,0.312652051448822
Heteroponera_panamensis_CASENT0744055_processed.obj,H0_body,0.02991008758544922,0.17112961411476135,0.035353533923625946,0.1357760727405548,0.3124624192714691,0.5872580409049988,0.014629067853093147,0.01873333379626274,0.012000000104308128,0.051816124469041824,0.10653333365917206,0.03423333540558815,0.1287272870540619,0.3623333275318146,0.07826666533946991,0.32473596930503845,0.765666663646698,0.20606666803359985,0.5706999897956848,0.49623334407806396,1.0,0.0,1.0,1.0,0.0,1.0,2.4743481930045164e-08,0.0,0.7627570033073425,0.2571635842323303,0.0,0.0,0.0,13.039624214172363,93.43426513671875,0.011212151497602463,0.008410037495195866,0.021327821537852287,0.008965850807726383,0.0,0.03223534673452377,0.0836482048034668,0.3934865891933441,0.03523189201951027,0.08411536365747452,0.34744593501091003,0.03510944917798042,0.08276426792144775,0.3232044279575348,0.02443096786737442,0.04845242574810982,0.42480212450027466,0.04453709349036217,0.10743656009435654,0.2714396119117737,0.03475746884942055,0.06823708862066269,0.312652051448822
Labidus_praedator_CASENT0744236_processed.obj,H0_body,0.015288203954696655,0.0850437730550766,0.022007638588547707,0.06303613632917404,0.32481011748313904,0.766308069229126,0.09126317501068115,0.09843333810567856,0.08506666868925095,0.2729167342185974,0.31929999589920044,0.23829999566078186,0.5066685676574707,0.5999333262443542,0.4385000169277191,0.8058244585990906,0.9277333617210388,0.7122333645820618,0.7677814960479736,0.24066667258739471,1.0,0.0,1.0,1.0,0.0,1.0,2.8415222175226518e-08,0.0,0.8101414442062378,0.3475918769836426,0.0,0.0,0.0,13.410319328308105,100.1980972290039,0.013461099937558174,0.011784862726926804,0.01748058572411537,0.01293745543807745,0.0,0.018583646044135094,0.05022692680358887,0.6467432975769043,0.02682412974536419,0.05494026094675064,0.4247584044933319,0.018391812220215797,0.04008062183856964,0.610497236251831,0.013347310945391655,0.035775333642959595,0.8073878884315491,0.025897590443491936,0.07255736738443375,0.5312902331352234,0.09426948428153992,0.30739885568618774,0.12043795734643936
Labidus_praedator_CASENT0744237_processed.obj,H0_body,0.012766457162797451,0.09166324138641357,0.024635177105665207,0.06702806800603867,0.2513127326965332,0.5544512867927551,0.04944609850645065,0.05756666883826256,0.04333333298563957,0.1751277893781662,0.25,0.13476666808128357,0.38203299045562744,0.5616333484649658,0.2894666790962219,0.7191587686538696,0.892133355140686,0.6023666858673096,0.6964073181152344,0.28333333134651184,1.0,0.0,1.0,1.0,0.0,1.0,3.156535299808638e-08,0.0,0.7888008952140808,0.31392011046409607,0.0,0.0,0.0,13.497515678405762,93.930908203125,0.010853623040020466,0.010448923334479332,0.024392560124397278,0.011060714721679688,0.0,0.017637787386775017,0.04333861917257309,0.6839080452919006,0.02911069430410862,0.07688342034816742,0.42153704166412354,0.02393108792603016,0.052333470433950424,0.5055248737335205,0.022033430635929108,0.04539266228675842,0.5356200933456421,0.04115975648164749,0.1185522973537445,0.3662117123603821,0.026455681771039963,0.061522237956523895,0.46836981177330017
Lasius_nr._fuliginosus_CASENT0878037_processed.obj,H0_body,0.003959228750318289,0.06287835538387299,0.023570071905851364,0.03930828347802162,0.10770321637392044,0.3750613331794739,0.058082904666662216,0.06520000100135803,0.05236666649580002,0.20439457893371582,0.263700008392334,0.16686667501926422,0.44928085803985596,0.5711666941642761,0.3702666759490967,0.806861937046051,0.8958333730697632,0.7339666485786438,0.7385233640670776,0.20473334193229675,1.0,0.0,1.0,1.0,0.0,1.0,2.695527001606024e-08,0.0,0.8262656331062317,0.342228502035141,0.0,0.0,0.0,13.276272773742676,103.73128509521484,0.014764838851988316,0.0172757338732481,0.027815720066428185,0.01759510301053524,0.0,0.01893603429198265,0.043035514652729034,0.6264367699623108,0.024013996124267578,0.07175155729055405,0.6369075179100037,0.014224528335034847,0.029553808271884918,0.8011050224304199,0.023414934054017067,0.059166401624679565,0.5831134915351868,0.030920064076781273,0.08552529662847519,0.4589235186576843,0.042150843888521194,0.1091054305434227,0.2895376980304718
Lioponera_daikoku_OKENT0105067_processed.obj,H0_body,0.022562243044376373,0.1571611911058426,0.045519594103097916,0.11164160072803497,0.248151957988739,0.4763311445713043,0.014308796264231205,0.01716666668653488,0.012266666628420353,0.054159048944711685,0.09243333339691162,0.03830000013113022,0.1318518966436386,0.28029999136924744,0.08619999885559082,0.36060476303100586,0.6396999955177307,0.251066654920578,0.5523353219032288,0.3936000168323517,1.0,0.0,1.0,1.0,0.0,1.0,2.54224623574828e-08,0.0,0.7844089865684509,0.3079068660736084,0.0,0.0,0.0,13.628863334655762,98.76415252685547,0.012287735939025879,0.0895429328083992,0.12658782303333282,0.09801380336284637,0.0,0.04161728173494339,0.10017171502113342,0.2969348728656769,0.036759596318006516,0.09144049882888794,0.34744593501091003,0.041380707174539566,0.09646917134523392,0.3093922734260559,0.027669766917824745,0.06254521757364273,0.4327176809310913,0.05327063798904419,0.11044062674045563,0.1756373941898346,0.11216907203197479,0.2910764515399933,0.22141118347644806
Mayriella_sp._CASENT0745610_processed.obj,H0_body,0.01250248122960329,0.11094354838132858,0.02934013493359089,0.08160341531038284,0.18665975332260132,0.5179246068000793,0.02405315637588501,0.030166666954755783,0.019999999552965164,0.09190364927053452,0.16359999775886536,0.06390000134706497,0.21570362150669098,0.46670001745224,0.14026667177677155,0.5046473741531372,0.8381666541099548,0.3610000014305115,0.5979567766189575,0.45410001277923584,1.0,0.0,1.0,1.0,0.0,1.0,2.5853740481807108e-08,0.0,0.8062049150466919,0.3404379189014435,0.0,0.0,0.0,13.309013366699219,91.70137023925781,0.010690655559301376,0.015325174666941166,0.02337007038295269,0.015209200792014599,0.0,0.029701245948672295,0.07890427112579346,0.4877394735813141,0.035812098532915115,0.10383312404155731,0.40404969453811646,0.028750117868185043,0.08486485481262207,0.47790056467056274,0.02699657902121544,0.05514809116721153,0.43799474835395813,0.027559302747249603,0.06375796347856522,0.43317022919654846,0.06815023720264435,0.23199445009231567,0.2749391794204712
Mesoponera_ambigua_CASENT0745584_processed.obj,H0_body,0.021128898486495018,0.13486778736114502,0.02822817862033844,0.10663961619138718,0.2726059556007385,0.5885579586029053,0.027440648525953293,0.03500000014901161,0.022566666826605797,0.09426906704902649,0.16766667366027832,0.06556666642427444,0.20131522417068481,0.44093334674835205,0.1304333359003067,0.4429416358470917,0.8571333289146423,0.298633337020874,0.5877752900123596,0.4331666827201843,1.0,0.0,1.0,1.0,0.0,1.0,2.3630297718568727e-08,0.0,0.796238362789154,0.293087363243103,0.0,0.0,0.0,13.583171844482422,98.14886474609375,0.012678856961429119,0.017191722989082336,0.03791041299700737,0.016872292384505272,0.0,0.025881124660372734,0.07308733463287354,0.5157088041305542,0.029887937009334564,0.05810299143195152,0.3248964548110962,0.02732384018599987,0.05484326556324959,0.40055251121520996,0.03284069150686264,0.06791000068187714,0.3614775836467743,0.030389653518795967,0.07453173398971558,0.4097347557544708,0.04805563762784004,0.12299714237451553,0.2469586282968521
Myrmecina_ryukyuensis_OKENT0105085_processed.obj,H0_body,0.005087367258965969,0.0747152715921402,0.02830231562256813,0.04641295596957207,0.11551230400800705,0.3930475413799286,0.03114425390958786,0.03556666523218155,0.027699999511241913,0.11322476714849472,0.15203332901000977,0.09019999951124191,0.28411394357681274,0.4019666612148285,0.21970000863075256,0.7718675136566162,0.8894667029380798,0.6817333698272705,0.7325792908668518,0.2224999964237213,1.0,0.0,1.0,1.0,0.0,1.0,2.863086656645919e-08,0.0,0.8078256249427795,0.34037697315216064,0.0,0.0,0.0,13.399505615234375,93.23029327392578,0.010853623040020466,0.005812271032482386,0.013459378853440285,0.006153750233352184,0.0,0.026404423639178276,0.05516070872545242,0.373180091381073,0.029973406344652176,0.052431076765060425,0.2931431233882904,0.023546501994132996,0.06958320736885071,0.5248618721961975,0.019464360550045967,0.04495980218052864,0.5883905291557312,0.03157052397727966,0.09363491088151932,0.5060520172119141,0.07807377725839615,0.17593757808208466,0.3102189898490906
Myrmecina_sp._CASENT0745613_processed.obj,H0_body,0.014876428991556168,0.11341235041618347,0.02692696452140808,0.08648538589477539,0.22709420323371887,0.6546481847763062,0.03270799294114113,0.040566667914390564,0.027400000020861626,0.11739137768745422,0.2010333389043808,0.08290000259876251,0.2528582215309143,0.5063666701316833,0.16850000619888306,0.5345144271850586,0.8621000051498413,0.38733333349227905,0.6592771410942078,0.3724000155925751,1.0,0.0,1.0,1.0,0.0,1.0,2.888730321615185e-08,0.0,0.7863505482673645,0.29911985993385315,0.0,0.0,0.0,13.482203483581543,94.2982177734375,0.011472899466753006,0.004347556736320257,0.012596416287124157,0.004573245067149401,0.0,0.024831291288137436,0.05942583829164505,0.5164750814437866,0.026511220261454582,0.06527998298406601,0.5016106963157654,0.01877128891646862,0.05690190941095352,0.7237569093704224,0.02385598048567772,0.0468033142387867,0.4274406433105469,0.031870320439338684,0.08951067179441452,0.4540303945541382,0.04919133335351944,0.2180846780538559,0.4501216411590576
Nesomyrmex_angulatus_CASENT0744820_processed.obj,H0_body,0.01231495663523674,0.11559208482503891,0.02984766662120819,0.08574441820383072,0.19941911101341248,0.3438695967197418,0.027584590017795563,0.03380000218749046,0.02329999953508377,0.09937118738889694,0.18043333292007446,0.06856666505336761,0.2116904854774475,0.453900009393692,0.13803333044052124,0.4619959592819214,0.8188666701316833,0.3217666745185852,0.611028790473938,0.4376000165939331,1.0,0.0,1.0,1.0,0.0,1.0,2.6929043883683335e-08,0.0,0.7792689204216003,0.29492202401161194,0.0,0.0,0.0,13.590725898742676,99.83463287353516,0.013591473922133446,0.0031660059466958046,0.006902278400957584,0.0032268445938825607,0.0,0.0341167077422142,0.08771467953920364,0.4049808382987976,0.02546186000108719,0.05334875360131264,0.4385642111301422,0.026534050703048706,0.06753786653280258,0.5248618721961975,0.02166016586124897,0.04185401275753975,0.47757259011268616,0.02750018797814846,0.06588006019592285,0.44630441069602966,0.0319860465824604,0.06970860809087753,0.38807785511016846
Odontomachus_troglodytes_CASENT0744970_processed.obj,H0_body,0.004840969108045101,0.06718263775110245,0.02537497878074646,0.04180765897035599,0.11669716238975525,0.3650636672973633,0.06923913210630417,0.07583333551883698,0.06369999796152115,0.21651946008205414,0.27193334698677063,0.17986667156219482,0.43395283818244934,0.5582333207130432,0.35493335127830505,0.7926486730575562,0.9002333283424377,0.7080333232879639,0.7108066082000732,0.22580000758171082,1.0,0.0,1.0,1.0,0.0,1.0,2.6905727423809367e-08,0.0,0.819972574710846,0.3909482955932617,0.0,0.0,0.0,13.455199241638184,91.59041595458984,0.01039731502532959,0.015986695885658264,0.04584632068872452,0.01998368836939335,0.0,0.018706487491726875,0.04301639646291733,0.619157075881958,0.016388431191444397,0.044855061918497086,0.7082374691963196,0.017520852386951447,0.03233320266008377,0.5745856761932373,0.019292041659355164,0.0474979393184185,0.6200528144836426,0.04857582226395607,0.1538681536912918,0.2606232464313507,0.062151357531547546,0.17366324365139008,0.2396593689918518
Oxyopomyrmex_saulcyi_CASENT0745218_processed.obj,H0_body,0.008509568870067596,0.09653139114379883,0.028563836589455605,0.06796755641698837,0.16575895249843597,0.4060298800468445,0.024462584406137466,0.02996666729450226,0.020666666328907013,0.09374207258224487,0.15336667001247406,0.06750000268220901,0.22362564504146576,0.4297666847705841,0.15113332867622375,0.5712441802024841,0.8506667017936707,0.4300000071525574,0.53879314661026,0.46646666526794434,1.0,0.0,1.0,1.0,0.0,1.0,2.5990702923195386e-08,0.0,0.8209415078163147,0.34796884655952454,0.0,0.0,0.0,13.156222343444824,91.9178237915039,0.010462502017617226,0.025831522420048714,0.032008226960897446,0.02909340150654316,0.0,0.022585025057196617,0.05591835826635361,0.557854413986206,0.025613615289330482,0.06361762434244156,0.49378740787506104,0.03156394511461258,0.08346255123615265,0.4033149182796478,0.02812257595360279,0.060662031173706055,0.44327178597450256,0.03957059234380722,0.08232150226831436,0.2688642740249634,0.04967338219285011,0.1575140804052353,0.4184914827346802
Polyrhachis_decemdentata_CASENT0744779_processed.obj,H0_body,0.011825771071016788,0.10202614217996597,0.02912362478673458,0.07290251553058624,0.17687396705150604,0.6386806964874268,0.02976185455918312,0.03606666624546051,0.025333333760499954,0.1063198447227478,0.17153333127498627,0.07703333348035812,0.2560209631919861,0.4525666832923889,0.1784999966621399,0.5877246260643005,0.836733341217041,0.45293334126472473,0.6168910264968872,0.39579999446868896,1.0,0.0,1.0,1.0,0.0,1.0,2.9461380890438704e-08,0.0,0.7860103845596313,0.27069273591041565,0.0,0.0,0.0,13.557249069213867,97.54073333740234,0.012776637449860573,0.010500462725758553,0.01549835130572319,0.014683100394904613,0.0,0.026074066758155823,0.07114173471927643,0.5107280015945435,0.03508099541068077,0.078727588057518,0.32903820276260376,0.032669033855199814,0.07712351530790329,0.45303869247436523,0.02305430918931961,0.04305805265903473,0.4327176809310913,0.02879295125603676,0.07409285753965378,0.43780583143234253,0.0421132817864418,0.16103005409240723,0.5206812620162964
Polyrhachis_dives_CASENT0878093_processed.obj,H0_body,0.024834774434566498,0.1503341943025589,0.030896618962287903,0.119437575340271,0.316074401140213,0.4721345901489258,0.022063372656702995,0.027400000020861626,0.018466666340827942,0.07761863619089127,0.14570000767707825,0.05290000140666962,0.17685778439044952,0.4273666739463806,0.11150000244379044,0.41766852140426636,0.8213666677474976,0.2800333499908447,0.6042971611022949,0.404533326625824,1.0,0.0,1.0,1.0,0.0,1.0,2.4554065447546236e-08,0.0,0.7966659665107727,0.28487443923950195,0.0,0.0,0.0,13.451207160949707,108.35337829589844,0.016361918300390244,0.02046489343047142,0.03245330974459648,0.02233739197254181,0.0,0.03178590163588524,0.07524948567152023,0.412643700838089,0.03780350089073181,0.09602225571870804,0.3060285449028015,0.03545612469315529,0.10258321464061737,0.3480663001537323,0.0265510194003582,0.06210871413350105,0.45910292863845825,0.028002280741930008,0.0719626247882843,0.45325779914855957,0.04211653023958206,0.11625271290540695,0.4111922085285187
Ponera_kohmoku_OKENT0105440_processed.obj,H0_body,0.005859382916241884,0.07705629616975784,0.02561214007437229,0.0514441542327404,0.12863217294216156,0.3694635331630707,0.043046001344919205,0.04986666887998581,0.03786666691303253,0.15009799599647522,0.218666672706604,0.11426667124032974,0.3316112756729126,0.5066333413124084,0.24646666646003723,0.7222093343734741,0.9001666903495789,0.6029999852180481,0.6459506750106812,0.4080333411693573,1.0,0.0,1.0,1.0,0.0,1.0,2.794605791223148e-08,0.0,0.8069173693656921,0.3165552616119385,0.0,0.0,0.0,13.260661125183105,96.83078002929688,0.01342850737273693,0.006515620741993189,0.009963125921785831,0.006822956260293722,0.0,0.024516422301530838,0.058479487895965576,0.4835249185562134,0.027564752846956253,0.06075795739889145,0.4137137532234192,0.022253885865211487,0.05572369322180748,0.5883978009223938,0.02607565186917782,0.04875858128070831,0.3588390648365021,0.024993740022182465,0.06666793674230576,0.5621941685676575,0.0926659032702446,0.2640659511089325,0.25182482600212097
Ponera_tamon_OKENT0105154_processed.obj,H0_body,0.00334630673751235,0.058275964111089706,0.022273458540439606,0.0360025055706501,0.10434671491384506,0.20254828035831451,0.06816156208515167,0.07563333213329315,0.062033332884311676,0.22068311274051666,0.28216665983200073,0.18119999766349792,0.4789169430732727,0.6062999963760376,0.3957666754722595,0.8359071016311646,0.9089000225067139,0.7737666964530945,0.7200257778167725,0.2739666700363159,1.0,0.0,1.0,1.0,0.0,1.0,2.992180725414073e-08,0.0,0.8029590845108032,0.3490547239780426,0.0,0.0,0.0,13.407722473144531,98.13127899169922,0.012711450457572937,0.012428907677531242,0.01682964526116848,0.0130549855530262,0.0,0.017239972949028015,0.04246721789240837,0.6885057687759399,0.014486373402178288,0.028721407055854797,0.7846295833587646,0.010730688460171223,0.019906818866729736,0.950276255607605,0.019688472151756287,0.048453930765390396,0.6121371984481812,0.03448720648884773,0.09046042710542679,0.4115374684333801,0.08484974503517151,0.16515186429023743,0.06204379349946976
Pseudolasius_sp._CASENT0878065_processed.obj,H0_body,0.021971439942717552,0.1349836140871048,0.033644694834947586,0.10133891552686691,0.3259950578212738,0.6183817386627197,0.025089308619499207,0.029733333736658096,0.021700000390410423,0.09546459466218948,0.1553666740655899,0.06890000402927399,0.21744515001773834,0.4036666750907898,0.14880000054836273,0.49957534670829773,0.7818000316619873,0.3670666813850403,0.6510401368141174,0.3416000008583069,1.0,0.0,1.0,1.0,0.0,1.0,2.421311506850543e-08,0.0,0.8278310298919678,0.3101044297218323,0.0,0.0,0.0,13.259791374206543,93.05512237548828,0.01095140352845192,0.03470572829246521,0.04088404029607773,0.038897935301065445,0.0,0.03191035985946655,0.07945746928453445,0.4057471454143524,0.037545230239629745,0.08194927126169205,0.28900137543678284,0.043416958302259445,0.10072485357522964,0.3480663001537323,0.03050011210143566,0.07436474412679672,0.40369394421577454,0.03040383942425251,0.07097277045249939,0.4388359487056732,0.09722567349672318,0.28570622205734253,0.24939171969890594
Pseudomyrmex_cf.solis_CASENT0744065_processed.obj,H0_body,0.004098612815141678,0.06370633095502853,0.02181483618915081,0.04189149662852287,0.11943203210830688,0.2294744998216629,0.08431623131036758,0.09780000150203705,0.07410000264644623,0.25856778025627136,0.33500000834465027,0.21053333580493927,0.4713827967643738,0.6147666573524475,0.3822333514690399,0.7720527648925781,0.9000999927520752,0.6758999824523926,0.6953624486923218,0.3111666738986969,1.0,0.0,1.0,1.0,0.0,1.0,3.4750438970831965e-08,0.0,0.7828769683837891,0.28040632605552673,0.0,0.0,0.0,13.713021278381348,104.79066467285156,0.015058180317282677,0.005272438749670982,0.007441303692758083,0.0055812629871070385,0.0,0.014677917584776878,0.0340670570731163,0.7521073222160339,0.02695590816438198,0.060410887002944946,0.43534284830093384,0.02132539451122284,0.05645977333188057,0.6022099852561951,0.03164592385292053,0.07076159864664078,0.3957783877849579,0.034812282770872116,0.09809271991252899,0.4416688084602356,0.04896295815706253,0.11495489627122879,0.2396593689918518
Solenopsis_invicta_CASENT0744384_processed.obj,H0_body,0.014685416594147682,0.11267957091331482,0.029889380559325218,0.08279018849134445,0.22713811695575714,0.7469595670700073,0.021767135709524155,0.027000000700354576,0.01823333278298378,0.0872746929526329,0.15373332798480988,0.06093333289027214,0.20712532103061676,0.4559333324432373,0.1340000033378601,0.530153214931488,0.8524667024612427,0.3847000002861023,0.5197709798812866,0.5286666750907898,1.0,0.0,1.0,1.0,0.0,1.0,2.68357887023285e-08,0.0,0.8062756657600403,0.32176637649536133,0.0,0.0,0.0,13.54035472869873,92.5873031616211,0.011016590520739555,0.01030929945409298,0.019787803292274475,0.01257407758384943,0.0,0.02255975641310215,0.0495879203081131,0.5275862216949463,0.03252848982810974,0.07660342752933502,0.3787390887737274,0.028542153537273407,0.06322305649518967,0.4060773551464081,0.027783391997218132,0.05382474139332771,0.4195250868797302,0.03783408924937248,0.10952676087617874,0.3571980595588684,0.10830746591091156,0.33638235926628113,0.3114355206489563
Stigmatomma_FHG02_CASENT0745561_processed.obj,H0_body,0.020807016640901566,0.12232071161270142,0.02673981338739395,0.09558089822530746,0.2810247838497162,0.6724256277084351,0.028995651751756668,0.035100001841783524,0.024700000882148743,0.11093401163816452,0.18053333461284637,0.08006666600704193,0.26687178015708923,0.47003334760665894,0.1863333284854889,0.5931844711303711,0.8884000182151794,0.4452333450317383,0.6699131727218628,0.2999666631221771,1.0,0.0,1.0,1.0,0.0,1.0,2.6019849386216265e-08,0.0,0.7888811826705933,0.2948687970638275,0.0,0.0,0.0,13.121849060058594,100.07347869873047,0.013265539892017841,0.024244334548711777,0.034176088869571686,0.025480180978775024,0.0,0.030148088932037354,0.08427857607603073,0.4360153377056122,0.02296840399503708,0.050338756293058395,0.5011504888534546,0.017827264964580536,0.03962885960936546,0.6077348589897156,0.021195990964770317,0.043033797293901443,0.5620052814483643,0.028637666255235672,0.06954851746559143,0.4439866244792938,0.02164505235850811,0.04272151738405228,0.45985400676727295
Strumigenys_alberti_CASENT0878103_processed.obj,H0_body,0.02377835102379322,0.14700470864772797,0.03177298232913017,0.1152317225933075,0.3000136613845825,0.5180338025093079,0.019991062581539154,0.025200000032782555,0.016566667705774307,0.07135308533906937,0.13493333756923676,0.048500001430511475,0.1717703640460968,0.38636666536331177,0.11043333262205124,0.42533448338508606,0.7940000295639038,0.29046666622161865,0.5365748405456543,0.49923333525657654,1.0,0.0,1.0,1.0,0.0,1.0,2.8560929621335163e-08,0.0,0.7983057498931885,0.2726713716983795,0.0,0.0,0.0,13.377814292907715,99.22545623779297,0.013493693433701992,0.013927469030022621,0.02234666608273983,0.015945008024573326,0.0,0.032785702496767044,0.0785382091999054,0.3770115077495575,0.03775296360254288,0.07667896896600723,0.28439944982528687,0.03650597855448723,0.09832525998353958,0.42541438341140747,0.02580193430185318,0.056496746838092804,0.5171504020690918,0.03012019768357277,0.08041500300168991,0.4161730706691742,0.03923052176833153,0.0799654945731163,0.24452555179595947
Strumigenys_canina_OKENT0105288_processed.obj,H0_body,0.013341306708753109,0.11016254127025604,0.028731750324368477,0.08143079280853271,0.2242790013551712,0.5114501118659973,0.0346214659512043,0.04216666892170906,0.029366666451096535,0.1216270849108696,0.19519999623298645,0.08833333104848862,0.2744998633861542,0.4767666757106781,0.19273333251476288,0.56343674659729,0.8389999866485596,0.4241333305835724,0.6499410271644592,0.3621000051498413,1.0,0.0,1.0,1.0,0.0,1.0,2.9659647182711524e-08,0.0,0.8125832676887512,0.3564974069595337,0.0,0.0,0.0,13.709664344787598,94.91533660888672,0.011212151497602463,0.02264932170510292,0.04906516522169113,0.024859366938471794,0.0,0.02702322043478489,0.07262364774942398,0.49501916766166687,0.021185703575611115,0.046547457575798035,0.5352047681808472,0.02258063293993473,0.07438153773546219,0.6740331649780273,0.021207962185144424,0.04780178889632225,0.5567282438278198,0.03345713019371033,0.09824711829423904,0.4293072521686554,0.07540607452392578,0.23936577141284943,0.18734793365001678
Strumigenys_crassicornis_CASENT0744273_processed.obj,H0_body,0.01478145457804203,0.11812352389097214,0.028819305822253227,0.08930421620607376,0.21643055975437164,0.5748769044876099,0.024067947641015053,0.030366666615009308,0.01993333362042904,0.08770506083965302,0.15960000455379486,0.060466665774583817,0.19560174643993378,0.43779999017715454,0.12593333423137665,0.48035359382629395,0.8413333296775818,0.33613333106040955,0.6440885663032532,0.3135000169277191,1.0,0.0,1.0,1.0,0.0,1.0,2.87124617415202e-08,0.0,0.7902687191963196,0.25275614857673645,0.0,0.0,0.0,13.486148834228516,97.1202621459961,0.012157361954450607,0.006430455483496189,0.015519628301262856,0.006801769603043795,0.0,0.02866566739976406,0.07413309067487717,0.4758620858192444,0.035798680037260056,0.07319102436304092,0.28946158289909363,0.026171578094363213,0.06806514412164688,0.5055248737335205,0.022545848041772842,0.04972326382994652,0.47757259011268616,0.028663555160164833,0.06901825964450836,0.44192636013031006,0.04737439006567001,0.11541511118412018,0.262773722410202
Strumigenys_sp._appretiata_group_CASENT0744156_processed.obj,H0_body,0.005745988339185715,0.08386285603046417,0.03254861384630203,0.05131424218416214,0.11837727576494217,0.32981133460998535,0.0317470021545887,0.036766666918992996,0.027933333069086075,0.11081492900848389,0.15880000591278076,0.08510000258684158,0.272359162569046,0.3965666592121124,0.20740000903606415,0.6533356308937073,0.7957333326339722,0.5541666746139526,0.6805311441421509,0.31336668133735657,1.0,0.0,1.0,1.0,0.0,1.0,2.659392350778944e-08,0.0,0.8173891305923462,0.3526013195514679,0.0,0.0,0.0,13.143672943115234,92.83583068847656,0.010625469498336315,0.005483216140419245,0.020904647186398506,0.005676719360053539,0.0,0.030617615208029747,0.07346358895301819,0.39042145013809204,0.03485802933573723,0.08005966246128082,0.3686148226261139,0.018749723210930824,0.04285873472690582,0.6298342943191528,0.021450698375701904,0.05146532505750656,0.5620052814483643,0.034613434225320816,0.10403785109519958,0.4514550566673279,0.11403422057628632,0.2918338179588318,0.08394160866737366
Strumigenys_stenorhina_OKENT0105268_processed.obj,H0_body,0.004254234489053488,0.05616191029548645,0.022243360057473183,0.03391855210065842,0.09782284498214722,0.3668287694454193,0.09498144686222076,0.10266666859388351,0.08836666494607925,0.26142817735671997,0.3118666708469391,0.22503334283828735,0.5254607200622559,0.6089000105857849,0.46213334798812866,0.8828176856040955,0.9395666718482971,0.8325333595275879,0.6934430599212646,0.3254333436489105,1.0,0.0,1.0,1.0,0.0,1.0,3.047839669534369e-08,0.0,0.8068821430206299,0.31630873680114746,0.0,0.0,0.0,13.309612274169922,96.9112777709961,0.012711450457572937,0.0067041777074337006,0.013338513672351837,0.007028337102383375,0.0,0.01779870316386223,0.05310773849487305,0.6996168494224548,0.019194113090634346,0.039332065731287,0.5577542781829834,0.01867326721549034,0.058906540274620056,0.6712707281112671,0.011707440949976444,0.024227432906627655,0.8812665343284607,0.030622633174061775,0.09421717375516891,0.47386041283607483,0.1261068731546402,0.3434792160987854,0.13381995260715485
Syllophopsis_sechellensis_OKENT0105212_processed.obj,H0_body,0.006443840451538563,0.076051726937294,0.03142612800002098,0.044625602662563324,0.13857445120811462,0.4556931257247925,0.07901919633150101,0.08616666495800018,0.07296666502952576,0.21814900636672974,0.25566667318344116,0.19023333489894867,0.4175008237361908,0.49230000376701355,0.3624333441257477,0.7546830177307129,0.836566686630249,0.6873999834060669,0.6833950877189636,0.2863999903202057,1.0,0.0,1.0,1.0,0.0,1.0,2.8898963222445673e-08,0.0,0.8121031522750854,0.3647362291812897,0.0,0.0,0.0,13.39996337890625,97.45909881591797,0.01313516590744257,0.06285376101732254,0.07185596227645874,0.06524421274662018,0.0,0.01883881725370884,0.048443250358104706,0.6210728287696838,0.023449759930372238,0.057418081909418106,0.5241601467132568,0.016085095703601837,0.040262896567583084,0.7044199109077454,0.02147783525288105,0.0568222776055336,0.5989446043968201,0.05613170564174652,0.15480124950408936,0.21916045248508453,0.15346471965312958,0.3698475658893585,0.03041362576186657
Temnothorax_congruus_OKENT0105443_processed.obj,H0_body,0.003303473349660635,0.06015313044190407,0.0255315899848938,0.03462154045701027,0.09037766605615616,0.34675875306129456,0.047828949987888336,0.054466668516397476,0.042633332312107086,0.172703817486763,0.2294333428144455,0.13846667110919952,0.4002178907394409,0.5351333618164062,0.3196333348751068,0.8552806973457336,0.9079333543777466,0.80840003490448,0.680537760257721,0.32873332500457764,1.0,0.0,1.0,1.0,0.0,1.0,2.5562332695017176e-08,0.0,0.8401254415512085,0.41122591495513916,0.0,0.0,0.0,12.897320747375488,79.33414459228516,0.007300935685634613,0.019729798659682274,0.02656552940607071,0.020396830514073372,0.0,0.02133169025182724,0.0506768524646759,0.557854413986206,0.019462477415800095,0.035459067672491074,0.5388863682746887,0.012233284302055836,0.027973277494311333,0.8674033284187317,0.012133830226957798,0.03144799917936325,0.8707124590873718,0.04090984910726547,0.09662426263093948,0.31831058859825134,0.15884149074554443,0.3085208237171173,0.0
Temnothorax_sp._OKENT0105336_processed.obj,H0_body,0.007369176484644413,0.0856742262840271,0.025761418044567108,0.05991280823945999,0.15201987326145172,0.393955260515213,0.0379108302295208,0.04650000110268593,0.03200000151991844,0.13307011127471924,0.21593333780765533,0.09616667032241821,0.2937334477901459,0.5228666663169861,0.2042333334684372,0.6661295890808105,0.8961666822433472,0.5300666689872742,0.591859757900238,0.45963335037231445,1.0,0.0,1.0,1.0,0.0,1.0,2.7465231866585782e-08,0.0,0.8311985731124878,0.39379310607910156,0.0,0.0,0.0,13.4703369140625,88.52099609375,0.009810632094740868,0.013263835571706295,0.01699349842965603,0.01358992513269186,0.0,0.02389170601963997,0.06285377591848373,0.553639829158783,0.02194036915898323,0.04552576318383217,0.5066727995872498,0.025611810386180878,0.060665011405944824,0.46961328387260437,0.02377123199403286,0.04705655202269554,0.4274406433105469,0.03408768028020859,0.09057566523551941,0.4354880452156067,0.09196098893880844,0.24299396574497223,0.19221411645412445
Tetramorium_kraepelini_CASENT0744084_processed.obj,H0_body,0.007576696574687958,0.08641621470451355,0.026026135310530663,0.060390081256628036,0.15222153067588806,0.43108126521110535,0.03184391185641289,0.038466665893793106,0.027166666463017464,0.11942467838525772,0.1958666741847992,0.08590000122785568,0.28986090421676636,0.5215666890144348,0.20069999992847443,0.6654464602470398,0.8899333477020264,0.5314000248908997,0.6248465180397034,0.48633334040641785,1.0,0.0,1.0,1.0,0.0,1.0,2.6628892868529874e-08,0.0,0.8144957423210144,0.35202720761299133,0.0,0.0,0.0,13.132790565490723,90.07703399658203,0.01007138006389141,0.011190854012966156,0.030529111623764038,0.011867734603583813,0.0,0.023613566532731056,0.05672289431095123,0.5218390822410583,0.018182789906859398,0.037469539791345596,0.6254026889801025,0.026551464572548866,0.07795121520757675,0.5386740565299988,0.019407501444220543,0.03736056759953499,0.5936675667762756,0.02961714193224907,0.08209855854511261,0.4697399139404297,0.09790506958961487,0.23156008124351501,0.25060826539993286
Acanthostichus_aff.brevicornis_CASENT0744328_processed.obj,H1_legs,0.005487521179020405,0.0778261125087738,0.028343675658106804,0.04948243871331215,0.12861458957195282,0.29190194606781006,0.054925594478845596,0.060633335262537,0.050200000405311584,0.16682903468608856,0.2159000039100647,0.13593333959579468,0.34021615982055664,0.45863333344459534,0.2704000174999237,0.7033275365829468,0.8424666523933411,0.6036333441734314,0.6611548662185669,0.2178666740655899,1.0,0.0,1.0,1.0,0.0,1.0,2.563227674556856e-08,0.0,0.8136368989944458,0.36520788073539734,0.0,0.0,0.0,13.468124389648438,96.0467529296875,0.011831426993012428,0.0021512359380722046,0.005147114861756563,0.0022990454453974962,0.0,0.031112274155020714,0.07137732207775116,0.4007662832736969,0.03492674231529236,0.08475900441408157,0.34376439452171326,0.035151951014995575,0.07661046832799911,0.18508288264274597,0.02185465395450592,0.043727848678827286,0.47229552268981934,0.0174552109092474,0.042471744120121,0.669070303440094,0.044537369161844254,0.21155668795108795,0.48783454298973083
Acromyrmex_coronatus_CASENT0744365_processed.obj,H1_legs,0.006934243720024824,0.08830305933952332,0.03250829130411148,0.05579477176070213,0.14627449214458466,0.2663736939430237,0.036800384521484375,0.04196666553616524,0.032766666263341904,0.1292889416217804,0.17813333868980408,0.10146667063236237,0.29242026805877686,0.4279000163078308,0.22210000455379486,0.6601600646972656,0.8105000257492065,0.5568666458129883,0.6478246450424194,0.29163333773612976,1.0,0.0,1.0,1.0,0.0,1.0,1.9725428401784484e-08,0.0,0.8119960427284241,0.3347993791103363,0.0,0.0,0.0,13.303354263305664,92.30062866210938,0.010592876002192497,0.05663394182920456,0.07232688367366791,0.06449627876281738,0.0,0.028072981163859367,0.06240517273545265,0.42720308899879456,0.03479873761534691,0.08604755252599716,0.3373216688632965,0.07291315495967865,0.14047542214393616,0.11049724370241165,0.036214202642440796,0.06090056151151657,0.12401056289672852,0.03236975148320198,0.11005666106939316,0.4602111876010895,0.04263034462928772,0.1759447604417801,0.4197080135345459
Acromyrmex_lobicornis_CASENT0878007_processed.obj,H1_legs,0.012361273169517517,0.12310224026441574,0.040174782276153564,0.08292745798826218,0.17638026177883148,0.3359159231185913,0.01982235163450241,0.02396666631102562,0.01690000109374523,0.07522124797105789,0.12120000272989273,0.05453333258628845,0.17680905759334564,0.3389333486557007,0.11959999799728394,0.435335248708725,0.7011333703994751,0.31566667556762695,0.548118531703949,0.45350000262260437,1.0,0.0,1.0,1.0,0.0,1.0,2.200424020770697e-08,0.0,0.8263297080993652,0.34963467717170715,0.0,0.0,0.0,13.4722900390625,100.33251953125,0.012744043953716755,0.009128936566412449,0.01691567525267601,0.00990939512848854,0.0,0.04163539409637451,0.09431566298007965,0.2701149582862854,0.044003989547491074,0.12255445122718811,0.33364012837409973,0.04622858017683029,0.15316113829612732,0.38121548295021057,0.03251468017697334,0.07041969150304794,0.36939316987991333,0.02719620056450367,0.07729323208332062,0.5202163457870483,0.031961288303136826,0.1408674567937851,0.6350364685058594
Anochetus_risii_CASENT0877608_processed.obj,H1_legs,0.003283565165475011,0.05835261940956116,0.02314784750342369,0.035204771906137466,0.09622705727815628,0.2763669490814209,0.07385411858558655,0.08293333649635315,0.06656666845083237,0.24589410424232483,0.30300000309944153,0.2069000005722046,0.48010024428367615,0.5916666984558105,0.4039333462715149,0.8239474892616272,0.8961666822433472,0.762499988079071,0.7099806666374207,0.17239999771118164,1.0,0.0,1.0,1.0,0.0,1.0,2.2482149475422375e-08,0.0,0.8278322219848633,0.3578159809112549,0.0,0.0,0.0,12.472601890563965,81.18878173828125,0.0077246506698429585,0.007573010865598917,0.01686621457338333,0.008571821264922619,0.0,0.01783282682299614,0.03745628520846367,0.6409961581230164,0.03547268360853195,0.07831790298223495,0.31385183334350586,0.04086361825466156,0.07080745697021484,0.25690609216690063,0.050485286861658096,0.08492784947156906,0.026385225355625153,0.015847936272621155,0.040030382573604584,0.8006696105003357,0.010867266915738583,0.040514007210731506,0.8649634718894958
Anochetus_risii_CASENT0877609_processed.obj,H1_legs,0.01709003932774067,0.14321503043174744,0.05209949612617493,0.09111552685499191,0.19466030597686768,0.4613037109375,0.01592271402478218,0.018400000408291817,0.014033333398401737,0.0646572932600975,0.10076666623353958,0.047600001096725464,0.15588369965553284,0.2789333462715149,0.1081666648387909,0.4060690999031067,0.6369666457176208,0.29803332686424255,0.5719897747039795,0.3648333251476288,1.0,0.0,1.0,1.0,0.0,1.0,1.66190154970991e-08,0.0,0.7934718728065491,0.3073848485946655,0.0,0.0,0.0,13.224712371826172,92.72235107421875,0.010821029543876648,0.004929450340569019,0.012980571016669273,0.005347833968698978,0.0,0.04034708812832832,0.11473625898361206,0.33448275923728943,0.03647218644618988,0.080231212079525,0.26829269528388977,0.051102761179208755,0.10314051061868668,0.18508288264274597,0.02159907855093479,0.05053332820534706,0.5567282438278198,0.04743646830320358,0.14159007370471954,0.28328612446784973,0.07632910460233688,0.23616649210453033,0.4148418605327606
Aphaenogaster_pallida_CASENT0745235_processed.obj,H1_legs,0.005214916542172432,0.07806611061096191,0.03304066136479378,0.04502544924616814,0.11148884892463684,0.1655529886484146,0.051978256553411484,0.05793333426117897,0.04713333398103714,0.18402732908725739,0.2388666719198227,0.1496666669845581,0.3950817883014679,0.4956666827201843,0.3284333348274231,0.6813293099403381,0.7405666708946228,0.6308666467666626,0.7504097819328308,0.11593333631753922,1.0,0.0,1.0,1.0,0.0,1.0,2.244718189103878e-08,0.0,0.8346595168113708,0.3652036190032959,0.0,0.0,0.0,12.634608268737793,79.39220428466797,0.00684462720528245,0.005485083907842636,0.013549920171499252,0.006365918088704348,0.0,0.04031512513756752,0.09486234188079834,0.3601532578468323,0.03921189531683922,0.08165309578180313,0.2742752134799957,0.025083348155021667,0.04647650197148323,0.4060773551464081,0.035008110105991364,0.06215962395071983,0.25065964460372925,0.012101538479328156,0.0251389779150486,0.8738089203834534,0.02261204458773136,0.14719486236572266,0.8175182342529297
Atopomyrmex_mocquerysi_CASENT0744784_processed.obj,H1_legs,0.0021659242920577526,0.047277700155973434,0.020632633939385414,0.02664506621658802,0.07614872604608536,0.1662340760231018,0.1065736934542656,0.11209999769926071,0.10156666487455368,0.3008618652820587,0.3313666582107544,0.27549999952316284,0.5823381543159485,0.6395333409309387,0.5345333218574524,0.8915729522705078,0.9241666793823242,0.8612000346183777,0.7024002075195312,0.2302333414554596,1.0,0.0,1.0,1.0,0.0,1.0,2.5364180089582078e-08,0.0,0.8226242661476135,0.36670371890068054,0.0,0.0,0.0,13.551835060119629,95.42268371582031,0.011701053008437157,0.024646811187267303,0.04044075682759285,0.027960309758782387,0.0,0.015424931421875954,0.03852216899394989,0.7421455979347229,0.017649495974183083,0.04429420828819275,0.6668200492858887,0.03042963519692421,0.07699799537658691,0.4917127192020416,0.03041381947696209,0.0691598504781723,0.4511873424053192,0.022378498688340187,0.070319764316082,0.5997939705848694,0.03715558350086212,0.13171866536140442,0.49756690859794617
Carebara_trechideros_CASENT0877591_processed.obj,H1_legs,0.003972669132053852,0.054894812405109406,0.01962083764374256,0.03527397662401199,0.12875208258628845,0.34895044565200806,0.09394582360982895,0.10246666520833969,0.08673333376646042,0.2758333384990692,0.32436665892601013,0.2399333417415619,0.5436638593673706,0.6341666579246521,0.475766658782959,0.8830007910728455,0.9451333284378052,0.8285333514213562,0.7045786380767822,0.2558000087738037,1.0,0.0,1.0,1.0,0.0,1.0,2.6387024121277136e-08,0.0,0.8145847320556641,0.3594789206981659,0.0,0.0,0.0,13.602845191955566,97.74492645263672,0.012320329435169697,0.01439683884382248,0.030013252049684525,0.01759364828467369,0.0,0.01754988729953766,0.04301873594522476,0.6528735756874084,0.0202824454754591,0.04556940868496895,0.585365891456604,0.0298595130443573,0.10941331088542938,0.6077348589897156,0.012633061036467552,0.033387888222932816,0.8153034448623657,0.019022412598133087,0.051692232489585876,0.6482101678848267,0.029451992362737656,0.11477857828140259,0.6520681381225586
Centromyrmex_brachycola_CASENT0744052_processed.obj,H1_legs,0.004372160881757736,0.07279542833566666,0.027343865483999252,0.045451562851667404,0.11166705936193466,0.23742333054542542,0.044607046991586685,0.05140000209212303,0.039400000125169754,0.1531117707490921,0.22040000557899475,0.11730000376701355,0.33820852637290955,0.48313334584236145,0.2601666748523712,0.719806969165802,0.8468666672706604,0.6259000301361084,0.6330798268318176,0.3148333430290222,1.0,0.0,1.0,1.0,0.0,1.0,2.5824611782354623e-08,0.0,0.8197065591812134,0.3397459387779236,0.0,0.0,0.0,13.239126205444336,92.73426055908203,0.010918810032308102,0.008974777534604073,0.012559247203171253,0.009427144192159176,0.0,0.02893499657511711,0.07396653294563293,0.4406130313873291,0.028333082795143127,0.05837275832891464,0.37183618545532227,0.019219258800148964,0.040356479585170746,0.5856353640556335,0.025200938805937767,0.060193173587322235,0.488126665353775,0.021980516612529755,0.06659794598817825,0.6219418048858643,0.02672426588833332,0.0976557508111,0.6374695897102356
Cephalotes_minutus_CASENT0709253_processed.obj,H1_legs,0.0035871651489287615,0.06819760799407959,0.029066089540719986,0.039131518453359604,0.088767871260643,0.17770057916641235,0.044894732534885406,0.051100000739097595,0.040033333003520966,0.14946973323822021,0.19913333654403687,0.11963333189487457,0.3442433178424835,0.44776666164398193,0.27959999442100525,0.7447824478149414,0.8185666799545288,0.6832000017166138,0.7154800891876221,0.26303333044052124,1.0,0.0,1.0,1.0,0.0,1.0,2.3344718158568867e-08,0.0,0.8460260033607483,0.41309022903442383,0.0,0.0,0.0,12.801803588867188,76.29874420166016,0.006746846716850996,0.012984409928321838,0.015636367723345757,0.012885174714028835,0.0,0.03770862892270088,0.08566460013389587,0.3264367878437042,0.029727060347795486,0.05494489520788193,0.2494247555732727,0.016073381528258324,0.041159193962812424,0.7154696583747864,0.023069564253091812,0.04785527288913727,0.4802111089229584,0.015537848696112633,0.03943672031164169,0.7445274591445923,0.014328300952911377,0.04066423699259758,0.7226277589797974
Cephalotes_simillimus_CASENT0744408_processed.obj,H1_legs,0.014637691900134087,0.13341711461544037,0.048988744616508484,0.08442836999893188,0.17519092559814453,0.3615608215332031,0.02297823131084442,0.027966666966676712,0.019500000402331352,0.08553152531385422,0.1430666744709015,0.061000000685453415,0.19641557335853577,0.3781000077724457,0.1326666623353958,0.4459303617477417,0.6459333300590515,0.34049999713897705,0.6094688773155212,0.35473334789276123,1.0,0.0,1.0,1.0,0.0,1.0,2.4463728820478536e-08,0.0,0.845780074596405,0.40892523527145386,0.0,0.0,0.0,13.237784385681152,89.51189422607422,0.009810632094740868,0.0037948600947856903,0.009820953942835331,0.004580612760037184,0.0,0.05919075012207031,0.14427132904529572,0.2455938756465912,0.048909176141023636,0.1283545047044754,0.30050620436668396,0.031901802867650986,0.11859983950853348,0.6215469837188721,0.04018853232264519,0.07752857357263565,0.279683381319046,0.016893239691853523,0.036826252937316895,0.691733181476593,0.07247434556484222,0.2934425473213196,0.5048661828041077
Cephalotes_spinosus_CASENT0744158_processed.obj,H1_legs,0.005832326132804155,0.08559016138315201,0.03550698980689049,0.05008317157626152,0.11517421156167984,0.25892525911331177,0.041300468146800995,0.04936666786670685,0.03550000116229057,0.13748715817928314,0.1965000033378601,0.10573333501815796,0.29296478629112244,0.41056665778160095,0.2277333289384842,0.6372107267379761,0.7408666610717773,0.5590000152587891,0.6798921823501587,0.28949999809265137,1.0,0.0,1.0,1.0,0.0,1.0,2.4143176347024564e-08,0.0,0.8455213308334351,0.39166444540023804,0.0,0.0,0.0,12.799444198608398,76.944091796875,0.006323131732642651,0.018809553235769272,0.025111224502325058,0.021469051018357277,0.0,0.047065649181604385,0.10191904008388519,0.27126437425613403,0.03358863666653633,0.07057030498981476,0.31477221846580505,0.02105719968676567,0.04567171633243561,0.5359116196632385,0.02005983144044876,0.04091738536953926,0.5672823190689087,0.01638788916170597,0.03652164712548256,0.6966263055801392,0.048458024859428406,0.21667346358299255,0.525547444820404
Crematogaster_nawai_OKENT0105046_processed.obj,H1_legs,0.005375887732952833,0.07551895081996918,0.024542680010199547,0.05097626894712448,0.13687177002429962,0.20243068039417267,0.05328710004687309,0.06306666880846024,0.046133335679769516,0.1782178282737732,0.26276665925979614,0.13483333587646484,0.3805403709411621,0.5716333389282227,0.28519999980926514,0.7080824375152588,0.8808666467666626,0.5919666886329651,0.6075417995452881,0.4246666729450226,1.0,0.0,1.0,1.0,0.0,1.0,2.177985436446761e-08,0.0,0.837303102016449,0.3748932480812073,0.0,0.0,0.0,13.257645606994629,85.98041534423828,0.008995795622467995,0.013997277244925499,0.020854901522397995,0.016548730432987213,0.0,0.02013767696917057,0.05095050111413002,0.6375479102134705,0.03944293037056923,0.09665567427873611,0.3055683374404907,0.028450606390833855,0.05894231051206589,0.3729282021522522,0.03770839795470238,0.0992891788482666,0.3667546212673187,0.019567327573895454,0.05484027788043022,0.6798866987228394,0.023573987185955048,0.0861111432313919,0.6557177305221558
Cryptopone_sauteri_CASENT0743771_processed.obj,H1_legs,0.007119958288967609,0.09146557748317719,0.034792959690093994,0.05667262151837349,0.1323629915714264,0.2210904061794281,0.043601348996162415,0.05120000243186951,0.03796666860580444,0.14680258929729462,0.21119999885559082,0.11250000447034836,0.315468430519104,0.46140000224113464,0.2396666705608368,0.604506254196167,0.7436333298683167,0.5092333555221558,0.6203093528747559,0.34193333983421326,1.0,0.0,1.0,1.0,0.0,1.0,2.149427658082459e-08,0.0,0.8316718339920044,0.3610856235027313,0.0,0.0,0.0,12.856466293334961,78.13577270507812,0.0069098141975700855,0.012559429742395878,0.020705778151750565,0.013488708063960075,0.0,0.038018058985471725,0.10508012771606445,0.4360153377056122,0.029288915917277336,0.06251418590545654,0.39116430282592773,0.01815379224717617,0.04726783558726311,0.6823204755783081,0.04593314230442047,0.08324499428272247,0.18733510375022888,0.023169904947280884,0.08578669279813766,0.6729333400726318,0.04819409176707268,0.15238015353679657,0.36009731888771057
Cyphoidris_afrc-tz01_CASENT0744810_processed.obj,H1_legs,0.031463373452425,0.18935337662696838,0.04742994159460068,0.1419234424829483,0.3089474141597748,0.5070696473121643,0.008747916668653488,0.010766666382551193,0.007366666570305824,0.039026036858558655,0.07453333586454391,0.02643333375453949,0.09765691310167313,0.26680001616477966,0.05976666882634163,0.27007901668548584,0.6257666945457458,0.172200009226799,0.4850750267505646,0.5162333250045776,1.0,0.0,1.0,1.0,0.0,1.0,1.7705968247128112e-08,0.0,0.7865511775016785,0.24525359272956848,0.0,0.0,0.0,14.139201164245605,108.7692642211914,0.015058180317282677,0.006355463061481714,0.01346955168992281,0.008434741757810116,0.0,0.0373745858669281,0.08992788940668106,0.3256705105304718,0.0564129501581192,0.14496342837810516,0.21306949853897095,0.06596395373344421,0.1530180722475052,0.24861879646778107,0.07018113881349564,0.13066047430038452,0.09498681128025055,0.04225827381014824,0.11262039095163345,0.304661363363266,0.026401786133646965,0.062801294028759,0.4476885497570038
Cyphomyrmex_cf.minutus_CASENT0744280_processed.obj,H1_legs,0.032491911202669144,0.1899922490119934,0.04479439929127693,0.14519785344600677,0.3088478147983551,0.4517698585987091,0.009000821970403194,0.011566666886210442,0.007366666570305824,0.03570566698908806,0.0749666690826416,0.02343333326280117,0.09117694944143295,0.2878666818141937,0.05416666716337204,0.25545477867126465,0.6876000165939331,0.1568666696548462,0.5016140937805176,0.5307999849319458,1.0,0.0,1.0,1.0,0.0,1.0,1.7123152673548248e-08,0.0,0.7717905044555664,0.22913433611392975,0.0,0.0,0.0,13.608771324157715,100.07154083251953,0.013787034898996353,0.013816661201417446,0.023751674219965935,0.018272098153829575,0.0,0.037973012775182724,0.09036201983690262,0.2858237624168396,0.06128309667110443,0.16596022248268127,0.2613897919654846,0.06893530488014221,0.1837317794561386,0.24861879646778107,0.1280166208744049,0.16176113486289978,0.0,0.0340043306350708,0.08019505441188812,0.3556528389453888,0.03048691712319851,0.07149919867515564,0.38686132431030273
Dilobocondyla_fouqueti_CASENT0745576_processed.obj,H1_legs,0.006005068309605122,0.0867694765329361,0.03321915492415428,0.053550317883491516,0.12460546940565109,0.20058803260326385,0.03635493665933609,0.042733334004879,0.03163333237171173,0.12536829710006714,0.18303333222866058,0.09533333778381348,0.2772212624549866,0.40353333950042725,0.21113333106040955,0.6230027675628662,0.7419333457946777,0.5369333624839783,0.6076080799102783,0.2777999937534332,1.0,0.0,1.0,1.0,0.0,1.0,2.2490890927429064e-08,0.0,0.8204486966133118,0.37884950637817383,0.0,0.0,0.0,13.054179191589355,81.9517593383789,0.0077246506698429585,0.02074255608022213,0.02254205197095871,0.02113207057118416,0.0,0.03526370972394943,0.08187788724899292,0.37586209177970886,0.04355836659669876,0.08220033347606659,0.2508053481578827,0.018676375970244408,0.052040841430425644,0.7320442199707031,0.021052276715636253,0.052828844636678696,0.6200528144836426,0.025767507031559944,0.07226469367742538,0.5191861987113953,0.020182250067591667,0.06533205509185791,0.7177615761756897
Dorylus_fulvus_CASENT0745678_processed.obj,H1_legs,0.0032702661119401455,0.060318950563669205,0.022411171346902847,0.03790777921676636,0.10256249457597733,0.1638745665550232,0.07400382310152054,0.08373333513736725,0.06629999727010727,0.22825606167316437,0.3034333288669586,0.18293333053588867,0.44367143511772156,0.5929666757583618,0.3544333279132843,0.8015432357788086,0.9016667008399963,0.7214333415031433,0.6648409962654114,0.25690001249313354,1.0,0.0,1.0,1.0,0.0,1.0,2.6092701332913748e-08,0.0,0.8478344678878784,0.41047897934913635,0.0,0.0,0.0,13.396791458129883,90.29780578613281,0.010038786567747593,0.017120515927672386,0.020615769550204277,0.01783018931746483,0.0,0.020303014665842056,0.05227423831820488,0.59425288438797,0.040150318294763565,0.08911832422018051,0.27243441343307495,0.029049446806311607,0.09244664758443832,0.6077348589897156,0.0242253877222538,0.05054192990064621,0.4300791621208191,0.01496986486017704,0.03514048829674721,0.783414900302887,0.014895837754011154,0.047608934342861176,0.7858880758285522
Eciton_hamatum_CASENT0744580_processed.obj,H1_legs,0.0020405971445143223,0.047322168946266174,0.022623335942626,0.024698834866285324,0.07274933159351349,0.17897453904151917,0.1193523108959198,0.1257999986410141,0.11353333294391632,0.31445983052253723,0.34130001068115234,0.29153335094451904,0.5686430335044861,0.5889000296592712,0.5497333407402039,0.8789657354354858,0.8780333399772644,0.8799000382423401,0.5986522436141968,0.30219998955726624,1.0,0.0,1.0,1.0,0.0,1.0,2.3137818772056562e-08,0.0,0.8312811851501465,0.36191409826278687,0.0,0.0,0.0,13.631790161132812,92.4835205078125,0.010592876002192497,0.009056136943399906,0.012192848138511181,0.009653118439018726,0.0,0.020408870652318,0.059692252427339554,0.613793134689331,0.0424724705517292,0.08297833055257797,0.2356189638376236,0.02942708134651184,0.07311061769723892,0.3867403566837311,0.01164611428976059,0.027140380814671516,0.8548812866210938,0.013234132900834084,0.034675177186727524,0.7857326865196228,0.01303656306117773,0.046763595193624496,0.8321167826652527
Ectatomma_brunneum_CASENT0744575_processed.obj,H1_legs,0.018501991406083107,0.14127866923809052,0.041187550872564316,0.1000911146402359,0.2408728003501892,0.3332201838493347,0.019558416679501534,0.023800000548362732,0.016599999740719795,0.07870088517665863,0.12946666777133942,0.056533332914114,0.1915990114212036,0.3817000091075897,0.12790000438690186,0.44722476601600647,0.7230333685874939,0.3237333297729492,0.5912814736366272,0.30346667766571045,1.0,0.0,1.0,1.0,0.0,1.0,1.603911314873585e-08,0.0,0.8034887313842773,0.3117896020412445,0.0,0.0,0.0,13.135746955871582,90.28400421142578,0.010169160552322865,0.008850395679473877,0.01759197935461998,0.010194511152803898,0.0,0.059775177389383316,0.14361384510993958,0.20153257250785828,0.04996473342180252,0.12185174226760864,0.2802577018737793,0.04787769168615341,0.09433135390281677,0.17955802381038666,0.017666207626461983,0.03313401713967323,0.6226913332939148,0.02320503070950508,0.055347636342048645,0.5361833572387695,0.037898674607276917,0.17220398783683777,0.6484184861183167
Eurhopalothrix_procera_CASENT0745605_processed.obj,H1_legs,0.012668851763010025,0.12047064304351807,0.040784213691949844,0.07968642562627792,0.18812143802642822,0.2732284665107727,0.02333824895322323,0.02876666747033596,0.019633334130048752,0.08757493644952774,0.14643333852291107,0.06246666610240936,0.20436832308769226,0.37903332710266113,0.13989999890327454,0.49778473377227783,0.723800003528595,0.37933334708213806,0.599615752696991,0.2980000078678131,1.0,0.0,1.0,1.0,0.0,1.0,2.2572486102490075e-08,0.0,0.8061150908470154,0.3019629120826721,0.0,0.0,0.0,12.951523780822754,94.96207427978516,0.011505492962896824,0.014642768539488316,0.0224118884652853,0.016451917588710785,0.0,0.04834441468119621,0.143213152885437,0.30766284465789795,0.038201943039894104,0.1108800619840622,0.3704555928707123,0.041125670075416565,0.10873956978321075,0.3425414562225342,0.03889758139848709,0.06813585013151169,0.08443272113800049,0.025930583477020264,0.08434119820594788,0.5593613386154175,0.02211236208677292,0.060781288892030716,0.669099748134613
Heteroponera_panamensis_CASENT0744055_processed.obj,H1_legs,0.030497247353196144,0.19257324934005737,0.06277734786272049,0.12979590892791748,0.28094515204429626,0.37429001927375793,0.010451692156493664,0.012866666540503502,0.008799999952316284,0.042871151119470596,0.07446666806936264,0.030100001022219658,0.11117949336767197,0.24390000104904175,0.07200000435113907,0.2850845754146576,0.5479000210762024,0.1926666647195816,0.5411554574966431,0.42313334345817566,1.0,0.0,1.0,1.0,0.0,1.0,1.6353833842686072e-08,0.0,0.7591224312782288,0.2570677101612091,0.0,0.0,0.0,13.538692474365234,101.19410705566406,0.013069978915154934,0.03181971609592438,0.046308740973472595,0.03908011317253113,0.0,0.07165472209453583,0.19988326728343964,0.21954023838043213,0.04864209145307541,0.12547993659973145,0.28393927216529846,0.07224760949611664,0.1412411481142044,0.10220994800329208,0.028856059536337852,0.0583733506500721,0.31662270426750183,0.04382331296801567,0.12170199304819107,0.30337369441986084,0.04342704266309738,0.14115490019321442,0.5036496520042419
Labidus_praedator_CASENT0744236_processed.obj,H1_legs,0.007964554242789745,0.07615508884191513,0.031120089814066887,0.04503500089049339,0.17693793773651123,0.48209458589553833,0.08371566981077194,0.08919999748468399,0.07886666804552078,0.24769555032253265,0.2756333351135254,0.2249000072479248,0.4910666048526764,0.5368666648864746,0.4524666666984558,0.7693583965301514,0.7886000275611877,0.751033365726471,0.6497856974601746,0.3201333284378052,1.0,0.0,1.0,1.0,0.0,1.0,2.2077092154404454e-08,0.0,0.8174341917037964,0.32453402876853943,0.0,0.0,0.0,13.15656566619873,92.02704620361328,0.01056028250604868,0.026221832260489464,0.0314209945499897,0.02691393345594406,0.0,0.02258954383432865,0.07260328531265259,0.6176245212554932,0.06548799574375153,0.1302814781665802,0.17441326379776,0.0220063254237175,0.050478193908929825,0.530386745929718,0.017307685688138008,0.05198102071881294,0.7598944902420044,0.027044685557484627,0.0851353332400322,0.5611640810966492,0.027384379878640175,0.09524216502904892,0.5413625240325928
Labidus_praedator_CASENT0744237_processed.obj,H1_legs,0.003985320683568716,0.06631191819906235,0.02356639690697193,0.042745523154735565,0.11456132680177689,0.2560916244983673,0.05002312734723091,0.05836666747927666,0.04376666620373726,0.17522317171096802,0.2431333363056183,0.13696667551994324,0.38562434911727905,0.5415999889373779,0.2994000017642975,0.7888195514678955,0.9146333336830139,0.6934333443641663,0.6690602898597717,0.26856666803359985,1.0,0.0,1.0,1.0,0.0,1.0,1.78196177813561e-08,0.0,0.7986109256744385,0.3234570622444153,0.0,0.0,0.0,12.71519660949707,79.94281768798828,0.007366122677922249,0.009399639442563057,0.019801829010248184,0.009713109582662582,0.0,0.021677028387784958,0.04300213232636452,0.4911877512931824,0.037945717573165894,0.09625252336263657,0.3377818763256073,0.037767957895994186,0.07656660676002502,0.30110499262809753,0.02878584712743759,0.06286299228668213,0.38786280155181885,0.017411720007658005,0.047568511217832565,0.7100180387496948,0.01820572093129158,0.0696081593632698,0.7822384238243103
Lasius_nr._fuliginosus_CASENT0878037_processed.obj,H1_legs,0.0036292350850999355,0.06605297327041626,0.027223384007811546,0.03882959112524986,0.09637071192264557,0.19405411183834076,0.05807468295097351,0.06613333523273468,0.051766667515039444,0.19408906996250153,0.2549999952316284,0.15666666626930237,0.4029947817325592,0.5278666615486145,0.32590001821517944,0.7600101828575134,0.8311333656311035,0.7001000046730042,0.7262760400772095,0.2054000049829483,1.0,0.0,1.0,1.0,0.0,1.0,2.1205782019251274e-08,0.0,0.8211109042167664,0.3171679377555847,0.0,0.0,0.0,13.171852111816406,99.29043579101562,0.013069978915154934,0.008808553218841553,0.023768357932567596,0.009432332590222359,0.0,0.027039118111133575,0.08001972734928131,0.5501915812492371,0.031786516308784485,0.07147066295146942,0.4100322127342224,0.03866390511393547,0.08007391542196274,0.24861879646778107,0.03077162429690361,0.06478208303451538,0.3324538469314575,0.017680631950497627,0.04134165495634079,0.6626319885253906,0.03668380528688431,0.09611376374959946,0.3978102207183838
Lioponera_daikoku_OKENT0105067_processed.obj,H1_legs,0.030135978013277054,0.17630329728126526,0.0508776493370533,0.12542565166950226,0.3271082937717438,0.4690283238887787,0.01613628678023815,0.019166667014360428,0.013933333568274975,0.06760159879922867,0.10946666449308395,0.048900000751018524,0.16328038275241852,0.3142000138759613,0.11030000448226929,0.37401649355888367,0.6256666779518127,0.2667333483695984,0.5560168027877808,0.37220001220703125,1.0,0.0,1.0,1.0,0.0,1.0,1.8705497595306042e-08,0.0,0.791336715221405,0.31959718465805054,0.0,0.0,0.0,13.537741661071777,92.8114013671875,0.010755842551589012,0.016030704602599144,0.032597992569208145,0.017950057983398438,0.0,0.05325643718242645,0.14086787402629852,0.2969348728656769,0.049411479383707047,0.09585343301296234,0.20800736546516418,0.054648254066705704,0.11884136497974396,0.20718233287334442,0.03249523788690567,0.07425937056541443,0.39313986897468567,0.035208236426115036,0.12285123020410538,0.4661344289779663,0.032929860055446625,0.09018979966640472,0.4647201895713806
Mayriella_sp._CASENT0745610_processed.obj,H1_legs,0.0164193008095026,0.13246595859527588,0.03415748104453087,0.09830848127603531,0.20773719251155853,0.5005318522453308,0.02083081565797329,0.025800000876188278,0.01746666617691517,0.08113560080528259,0.1454000025987625,0.0562666654586792,0.19128915667533875,0.41600000858306885,0.1242000013589859,0.4402253329753876,0.762333333492279,0.3094666600227356,0.5064517259597778,0.4893333315849304,1.0,0.0,1.0,1.0,0.0,1.0,2.1357314139436312e-08,0.0,0.8207995891571045,0.33447012305259705,0.0,0.0,0.0,12.942525863647461,82.09130096435547,0.007529090158641338,0.03824349492788315,0.044328052550554276,0.04495522379875183,0.0,0.03267143666744232,0.08370257914066315,0.39578545093536377,0.04392532259225845,0.08975590765476227,0.22825586795806885,0.03920367360115051,0.11346246302127838,0.450276255607605,0.09123286604881287,0.1249239593744278,0.0,0.02293906919658184,0.061963558197021484,0.5866597890853882,0.05234207212924957,0.18111740052700043,0.39537712931632996
Mesoponera_ambigua_CASENT0745584_processed.obj,H1_legs,0.01802956685423851,0.1390734612941742,0.0405593067407608,0.09851415455341339,0.23480699956417084,0.4087006747722626,0.021086905151605606,0.02593333274126053,0.017766667529940605,0.0805242583155632,0.1308000087738037,0.05816666781902313,0.1893806904554367,0.3614666759967804,0.1282999962568283,0.4432307481765747,0.725766658782959,0.31903332471847534,0.5370802283287048,0.37540000677108765,1.0,0.0,1.0,1.0,0.0,1.0,1.6799688751234498e-08,0.0,0.7953226566314697,0.27332770824432373,0.0,0.0,0.0,13.352225303649902,94.04476928710938,0.011309931986033916,0.04793241247534752,0.06843632459640503,0.053713101893663406,0.0,0.049642160534858704,0.15050442516803741,0.2739463746547699,0.031032107770442963,0.07536673545837402,0.3999079763889313,0.03360084444284439,0.06872670352458954,0.2983425557613373,0.053572703152894974,0.10961483418941498,0.2401055544614792,0.030492091551423073,0.0739445611834526,0.4645892381668091,0.04029573127627373,0.10613112151622772,0.43673965334892273
Myrmecina_ryukyuensis_OKENT0105085_processed.obj,H1_legs,0.007755034603178501,0.0952654480934143,0.03723345696926117,0.058031994849443436,0.1184733435511589,0.3833591043949127,0.03681883215904236,0.042633332312107086,0.03240000084042549,0.12731966376304626,0.1767333298921585,0.09950000047683716,0.2772306203842163,0.3882000148296356,0.21559999883174896,0.5721315741539001,0.6934666633605957,0.4869333505630493,0.6410560607910156,0.2906000018119812,1.0,0.0,1.0,1.0,0.0,1.0,2.2849324210483246e-08,0.0,0.8118458986282349,0.34240829944610596,0.0,0.0,0.0,12.75964641571045,80.68650817871094,0.007333529181778431,0.022075384855270386,0.027164459228515625,0.023939531296491623,0.0,0.03549451753497124,0.08355462551116943,0.3727969527244568,0.04091856628656387,0.09222710877656937,0.2963644862174988,0.04462457448244095,0.07487700134515762,0.1712707281112671,0.03630689159035683,0.07507319748401642,0.30343008041381836,0.026797279715538025,0.08183509856462479,0.6033994555473328,0.022661184892058372,0.07567060738801956,0.6374695897102356
Myrmecina_sp._CASENT0745613_processed.obj,H1_legs,0.011324690654873848,0.11718915402889252,0.04272974655032158,0.07445941120386124,0.17054302990436554,0.2440534085035324,0.02471720613539219,0.029066666960716248,0.0215000007301569,0.09643720090389252,0.1477999985218048,0.07156667113304138,0.2184700071811676,0.3732333481311798,0.15443333983421326,0.48769548535346985,0.6745666861534119,0.38190001249313354,0.631865382194519,0.3296000063419342,1.0,0.0,1.0,1.0,0.0,1.0,2.1048421672276163e-08,0.0,0.8085425496101379,0.2886427044868469,0.0,0.0,0.0,13.370428085327148,86.65495300292969,0.00922395009547472,0.011134079657495022,0.01564648561179638,0.013245261274278164,0.0,0.05423279479146004,0.1337599754333496,0.25632184743881226,0.033115047961473465,0.07769989222288132,0.353428453207016,0.025960540398955345,0.0723685622215271,0.48342543840408325,0.05800965055823326,0.09266160428524017,0.042216360569000244,0.02155901864171028,0.06105874478816986,0.6353335380554199,0.034192491322755814,0.11497435718774796,0.5535279512405396
Nesomyrmex_angulatus_CASENT0744820_processed.obj,H1_legs,0.016042646020650864,0.13504070043563843,0.03815089538693428,0.09688980877399445,0.21303941309452057,0.2700326144695282,0.019740959629416466,0.024066666141152382,0.016733333468437195,0.07212062180042267,0.12890000641345978,0.050066668540239334,0.1763583868741989,0.37523335218429565,0.11526666581630707,0.4211430251598358,0.7520000338554382,0.2924666702747345,0.5582826733589172,0.43853333592414856,1.0,0.0,1.0,1.0,0.0,1.0,2.3263122983507856e-08,0.0,0.8214353919029236,0.37599214911460876,0.0,0.0,0.0,13.048149108886719,80.8725357055664,0.007105375174432993,0.0027233653236180544,0.006979749072343111,0.003032268490642309,0.0,0.04750214144587517,0.11661160737276077,0.2892720401287079,0.0238343495875597,0.057537324726581573,0.5167970657348633,0.03029913827776909,0.0770857036113739,0.4226519465446472,0.03545425459742546,0.06053437665104866,0.21372032165527344,0.02487846650183201,0.06376266479492188,0.5593613386154175,0.05141492933034897,0.18303287029266357,0.3552311360836029
Odontomachus_troglodytes_CASENT0744970_processed.obj,H1_legs,0.002596433972939849,0.05516999959945679,0.0229321401566267,0.032237857580184937,0.0826156958937645,0.1835118532180786,0.07317468523979187,0.07956666499376297,0.06773333251476288,0.2253606915473938,0.26440000534057617,0.19636666774749756,0.4657703936100006,0.5490999817848206,0.4043999910354614,0.8471300005912781,0.9130333662033081,0.7901000380516052,0.6990358233451843,0.21639999747276306,1.0,0.0,1.0,1.0,0.0,1.0,2.219948491699597e-08,0.0,0.8312891125679016,0.39339110255241394,0.0,0.0,0.0,13.060300827026367,86.09994506835938,0.009093576110899448,0.029391778632998466,0.049982454627752304,0.02896140143275261,0.0,0.018541669473052025,0.044478826224803925,0.6371647715568542,0.025732234120368958,0.0608966238796711,0.43120110034942627,0.04075683280825615,0.1169511005282402,0.3149171471595764,0.031167563050985336,0.06762342900037766,0.4353562295436859,0.021577047184109688,0.0614594928920269,0.5938706994056702,0.01610380969941616,0.0568896159529686,0.7749391794204712
Oxyopomyrmex_saulcyi_CASENT0745218_processed.obj,H1_legs,0.006592909339815378,0.08420093357563019,0.022982141003012657,0.06121879070997238,0.1422102302312851,0.24195706844329834,0.040582671761512756,0.04893333464860916,0.03466666862368584,0.15098057687282562,0.24623332917690277,0.10886666923761368,0.32704541087150574,0.5786666870117188,0.22793333232402802,0.6271378397941589,0.9020000100135803,0.4806666672229767,0.5679277777671814,0.4458666741847992,1.0,0.0,1.0,1.0,0.0,1.0,1.98332497092224e-08,0.0,0.8160886764526367,0.34625694155693054,0.0,0.0,0.0,12.567534446716309,81.09431457519531,0.0074964966624975204,0.0033150191884487867,0.007180843502283096,0.0036581959575414658,0.0,0.02604769542813301,0.06371146440505981,0.47432950139045715,0.027675991877913475,0.06280604004859924,0.43212148547172546,0.0333554670214653,0.09708678722381592,0.34530389308929443,0.04066416248679161,0.07242249697446823,0.18733510375022888,0.014104102738201618,0.031163524836301804,0.822044849395752,0.024110212922096252,0.09054053574800491,0.6763989925384521
Polyrhachis_decemdentata_CASENT0744779_processed.obj,H1_legs,0.01094262395054102,0.11416684836149216,0.04025083780288696,0.0739160105586052,0.16767574846744537,0.21545419096946716,0.030291398987174034,0.037300001829862595,0.025499999523162842,0.1024981141090393,0.16356666386127472,0.07463333755731583,0.23104648292064667,0.39063334465026855,0.16403333842754364,0.5117654800415039,0.7028666734695435,0.40236666798591614,0.6134011149406433,0.31673333048820496,1.0,0.0,1.0,1.0,0.0,1.0,2.2724018222675113e-08,0.0,0.8106540441513062,0.32585248351097107,0.0,0.0,0.0,12.994339942932129,88.17888641357422,0.009158763103187084,0.01048317365348339,0.016193661838769913,0.011691274121403694,0.0,0.05014877766370773,0.1328638643026352,0.29118773341178894,0.037510067224502563,0.09055017679929733,0.34468477964401245,0.03247329965233803,0.07859276980161667,0.4171271026134491,0.029621517285704613,0.05243247002363205,0.31926122307777405,0.021215539425611496,0.06193337216973305,0.6185938715934753,0.03266533464193344,0.1192018911242485,0.5815085172653198
Polyrhachis_dives_CASENT0878093_processed.obj,H1_legs,0.020809819921851158,0.15920332074165344,0.06010241061449051,0.09910091012716293,0.21482287347316742,0.36734291911125183,0.015176898799836636,0.01810000091791153,0.013066667132079601,0.06094260886311531,0.09876666963100433,0.044066667556762695,0.151924729347229,0.29339998960494995,0.10249999910593033,0.39228197932243347,0.5973333120346069,0.2920333445072174,0.6266949772834778,0.26446667313575745,1.0,0.0,1.0,1.0,0.0,1.0,1.6901681831882343e-08,0.0,0.7937142252922058,0.25545060634613037,0.0,0.0,0.0,13.379596710205078,104.33451843261719,0.014112969860434532,0.006479331292212009,0.012238952331244946,0.007328619249165058,0.0,0.08270358294248581,0.18581463396549225,0.1394636034965515,0.0392419695854187,0.1027286946773529,0.3064887225627899,0.039120450615882874,0.09381403774023056,0.2596685290336609,0.04725461080670357,0.08729882538318634,0.16094987094402313,0.03245100751519203,0.10852367430925369,0.4802987575531006,0.032772764563560486,0.09944132715463638,0.49026763439178467
Ponera_kohmoku_OKENT0105440_processed.obj,H1_legs,0.00897586066275835,0.09246622025966644,0.029759736731648445,0.06270648539066315,0.15287023782730103,0.4326060116291046,0.036975376307964325,0.04323333501815796,0.03229999914765358,0.13063618540763855,0.1966666728258133,0.09780000150203705,0.2855888307094574,0.4509333372116089,0.2089666724205017,0.6131943464279175,0.8192333579063416,0.48996666073799133,0.6227707266807556,0.36303332448005676,1.0,0.0,1.0,1.0,0.0,1.0,2.2164515556255537e-08,0.0,0.8050302863121033,0.27732616662979126,0.0,0.0,0.0,13.370705604553223,100.36567687988281,0.013395913876593113,0.008879452012479305,0.012146740220487118,0.009263728745281696,0.0,0.02796981669962406,0.06625121086835861,0.4651341140270233,0.030672870576381683,0.07083765417337418,0.39162448048591614,0.031171968206763268,0.0709516629576683,0.36464089155197144,0.04026131331920624,0.07473688572645187,0.18469658493995667,0.02470535598695278,0.06555800139904022,0.5761009454727173,0.0425860658288002,0.13195225596427917,0.42335766553878784
Ponera_tamon_OKENT0105154_processed.obj,H1_legs,0.0024560284800827503,0.05356110632419586,0.021271612495183945,0.03228949382901192,0.08373469859361649,0.16771243512630463,0.07990925014019012,0.09193333238363266,0.07066667079925537,0.2382466197013855,0.2952333390712738,0.1996999979019165,0.48370203375816345,0.5759333372116089,0.4169333279132843,0.8560692667961121,0.9383333325386047,0.7870666980743408,0.7047906517982483,0.28976666927337646,1.0,0.0,1.0,1.0,0.0,1.0,2.7960622261957724e-08,0.0,0.8247998952865601,0.3787800669670105,0.0,0.0,0.0,13.181002616882324,89.65495300292969,0.009973599575459957,0.018517328426241875,0.022021319717168808,0.020419927313923836,0.0,0.02059098146855831,0.04756635054945946,0.5827586054801941,0.02724459581077099,0.05692194029688835,0.3976069986820221,0.012406077235937119,0.031420718878507614,0.8535912036895752,0.023854264989495277,0.0574326328933239,0.5039578080177307,0.018115712329745293,0.06612547487020493,0.73757404088974,0.009623120538890362,0.028321674093604088,0.8965936899185181
Pseudolasius_sp._CASENT0878065_processed.obj,H1_legs,0.020293546840548515,0.14184120297431946,0.04187019169330597,0.09997101128101349,0.2511839270591736,0.5512399077415466,0.017517797648906708,0.02160000056028366,0.014733333140611649,0.0677986666560173,0.11296667158603668,0.0484333336353302,0.17063869535923004,0.3328000009059906,0.11473333090543747,0.43310171365737915,0.6891999840736389,0.31576666235923767,0.576852560043335,0.37610000371932983,1.0,0.0,1.0,1.0,0.0,1.0,1.8897829079378425e-08,0.0,0.8153375387191772,0.28254154324531555,0.0,0.0,0.0,13.509957313537598,97.89498138427734,0.012548482976853848,0.014656285755336285,0.024265790358185768,0.016657887026667595,0.0,0.04135621711611748,0.11721960455179214,0.3329502046108246,0.045002397149801254,0.12097721546888351,0.28808099031448364,0.0565812848508358,0.14254775643348694,0.26795580983161926,0.04955095797777176,0.09406355023384094,0.19525066018104553,0.032765310257673264,0.08410751819610596,0.4002060294151306,0.025912055745720863,0.09854236990213394,0.6812651753425598
Pseudomyrmex_cf.solis_CASENT0744065_processed.obj,H1_legs,0.003899678820744157,0.0689677819609642,0.02903628721833229,0.03993149474263191,0.09741136431694031,0.15414579212665558,0.06222863122820854,0.06920000165700912,0.056533332914114,0.1871061623096466,0.23506666719913483,0.15540000796318054,0.37811318039894104,0.47743332386016846,0.31299999356269836,0.7450352311134338,0.8242666721343994,0.6797000169754028,0.6274179816246033,0.26243335008621216,1.0,0.0,1.0,1.0,0.0,1.0,2.5177676832299767e-08,0.0,0.815017580986023,0.3575665354728699,0.0,0.0,0.0,13.22111701965332,96.27305603027344,0.011635866016149521,0.01248735561966896,0.016438225284218788,0.012731559574604034,0.0,0.02159309946000576,0.055974602699279785,0.5946360230445862,0.032835181802511215,0.07134935259819031,0.3248964548110962,0.039060089737176895,0.08889494836330414,0.26243093609809875,0.05157061666250229,0.09377991408109665,0.19525066018104553,0.027523213997483253,0.08515901118516922,0.5122328400611877,0.029459992423653603,0.10013588517904282,0.5936739444732666
Solenopsis_invicta_CASENT0744384_processed.obj,H1_legs,0.008511197753250599,0.09908132255077362,0.028665518388152122,0.07041580229997635,0.1561904400587082,0.2530503571033478,0.026337530463933945,0.03229999914765358,0.022233333438634872,0.09838876128196716,0.16760000586509705,0.06963333487510681,0.2333376407623291,0.4633333384990692,0.15593333542346954,0.5489570498466492,0.8338333368301392,0.4091666638851166,0.5362110733985901,0.4984666705131531,1.0,0.0,1.0,1.0,0.0,1.0,1.9334940759563324e-08,0.0,0.799606442451477,0.2849770784378052,0.0,0.0,0.0,13.062934875488281,84.3038330078125,0.008572081103920937,0.041482165455818176,0.05273589864373207,0.04331262782216072,0.0,0.02584673836827278,0.06175153702497482,0.4888888895511627,0.03322024643421173,0.0761958658695221,0.35895076394081116,0.030597113072872162,0.06633421033620834,0.3839779198169708,0.04859523847699165,0.0936501994729042,0.139841690659523,0.025706296786665916,0.0661311224102974,0.5217615365982056,0.02219455875456333,0.07036133855581284,0.6849148273468018
Stigmatomma_FHG02_CASENT0745561_processed.obj,H1_legs,0.015255614183843136,0.12102282792329788,0.03461678326129913,0.08640604466199875,0.23339146375656128,0.4471064507961273,0.03171153366565704,0.03763333335518837,0.027400000020861626,0.12311265617609024,0.18809999525547028,0.09149999916553497,0.2773799002170563,0.44476667046546936,0.20153333246707916,0.5392788052558899,0.7562000155448914,0.4190666675567627,0.6328721642494202,0.3106333315372467,1.0,0.0,1.0,1.0,0.0,1.0,2.2085835382767982e-08,0.0,0.8007289171218872,0.30397579073905945,0.0,0.0,0.0,13.523360252380371,97.66390228271484,0.012222548946738243,0.05964233726263046,0.0728144571185112,0.0638199970126152,0.0,0.04228011891245842,0.10984902083873749,0.3540230095386505,0.02695927955210209,0.06334441900253296,0.4827427566051483,0.05255044251680374,0.09457496553659439,0.1961326003074646,0.021298987790942192,0.05623765289783478,0.5910290479660034,0.02288680337369442,0.07470814138650894,0.6170486807823181,0.04256380721926689,0.1387704610824585,0.5182482004165649
Strumigenys_alberti_CASENT0878103_processed.obj,H1_legs,0.01771019771695137,0.14248567819595337,0.04976434260606766,0.09272133558988571,0.20762884616851807,0.45435237884521484,0.019840164110064507,0.023500001057982445,0.01716666668653488,0.07667846232652664,0.12333333492279053,0.05563333258032799,0.1903802901506424,0.3515666723251343,0.1305333375930786,0.44018521904945374,0.6549000144004822,0.33149999380111694,0.5785916447639465,0.31710001826286316,1.0,0.0,1.0,1.0,0.0,1.0,1.9384479799100518e-08,0.0,0.8035421371459961,0.2956373989582062,0.0,0.0,0.0,13.480389595031738,103.37845611572266,0.015025586821138859,0.006290676537901163,0.013239070773124695,0.006348839960992336,0.0,0.05477247014641762,0.13738389313220978,0.2980842888355255,0.03629590943455696,0.08613669127225876,0.35895076394081116,0.047029443085193634,0.102561354637146,0.24861879646778107,0.0515744686126709,0.08942892402410507,0.052770450711250305,0.030201133340597153,0.12136886268854141,0.5395312905311584,0.10345829278230667,0.3546154499053955,0.3114355206489563
Strumigenys_canina_OKENT0105288_processed.obj,H1_legs,0.013257598504424095,0.11760259419679642,0.037561528384685516,0.0800410658121109,0.1890866756439209,0.40880993008613586,0.03447797894477844,0.04046666622161865,0.030033333227038383,0.12235824018716812,0.18029999732971191,0.09260000288486481,0.26162126660346985,0.41893333196640015,0.19020000100135803,0.5101509690284729,0.7338666915893555,0.3909666836261749,0.5845204591751099,0.4169333279132843,1.0,0.0,1.0,1.0,0.0,1.0,1.9859475841599306e-08,0.0,0.8232678174972534,0.3483890891075134,0.0,0.0,0.0,13.605518341064453,93.66220092773438,0.01140771247446537,0.04556408151984215,0.07003293931484222,0.05494573339819908,0.0,0.03528833016753197,0.08389177918434143,0.3662835359573364,0.04337683320045471,0.1085997074842453,0.30280718207359314,0.050357162952423096,0.09353885054588318,0.1270718276500702,0.03974072262644768,0.07654140144586563,0.2744063436985016,0.020705267786979675,0.058016687631607056,0.6440896391868591,0.05408400669693947,0.25121936202049255,0.5863747000694275
Strumigenys_crassicornis_CASENT0744273_processed.obj,H1_legs,0.016918018460273743,0.13566987216472626,0.04296650364995003,0.09270336478948593,0.2250438928604126,0.39291930198669434,0.020765330642461777,0.025966666638851166,0.01730000041425228,0.07755054533481598,0.1370999962091446,0.05406666547060013,0.18491286039352417,0.3631666600704193,0.12403333187103271,0.4567410945892334,0.6947333216667175,0.3402000069618225,0.566527247428894,0.3502666652202606,1.0,0.0,1.0,1.0,0.0,1.0,2.1925560034219416e-08,0.0,0.8056252002716064,0.28542381525039673,0.0,0.0,0.0,13.832099914550781,101.35115814208984,0.014047782868146896,0.006427535321563482,0.01485228631645441,0.007019995711743832,0.0,0.051190782338380814,0.14531058073043823,0.3026820123195648,0.03886336833238602,0.09233276546001434,0.3221352994441986,0.03345739468932152,0.08451801538467407,0.38121548295021057,0.049467094242572784,0.09432771056890488,0.2269129455089569,0.022942733019590378,0.05894782766699791,0.5573010444641113,0.045492444187402725,0.14786101877689362,0.529197096824646
Strumigenys_sp._appretiata_group_CASENT0744156_processed.obj,H1_legs,0.007845260202884674,0.09519791603088379,0.03435445949435234,0.06084345653653145,0.14239493012428284,0.26628491282463074,0.045047465711832047,0.0557333342730999,0.03779999911785126,0.15152260661125183,0.23696666955947876,0.11136666685342789,0.3052486479282379,0.46540001034736633,0.22709999978542328,0.5871198773384094,0.7342000007629395,0.4891333281993866,0.6042829751968384,0.3299333453178406,1.0,0.0,1.0,1.0,0.0,1.0,2.2715276770668424e-08,0.0,0.8304411768913269,0.3337878882884979,0.0,0.0,0.0,12.94855785369873,95.0009536743164,0.01124474499374628,0.010779810138046741,0.021211007609963417,0.012013041414320469,0.0,0.03788992390036583,0.09889745712280273,0.3896551728248596,0.041517071425914764,0.08432472497224808,0.24252186715602875,0.041296690702438354,0.08640255033969879,0.17955802381038666,0.061584483832120895,0.09760957211256027,0.010554090142250061,0.015882574021816254,0.04269964620471001,0.8050476312637329,0.024989042431116104,0.09896823018789291,0.687347948551178
Strumigenys_stenorhina_OKENT0105268_processed.obj,H1_legs,0.0024863360449671745,0.044443294405937195,0.017512328922748566,0.02693096734583378,0.07078736275434494,0.35139980912208557,0.12688477337360382,0.13753333687782288,0.11776667088270187,0.369472861289978,0.41780000925064087,0.33116668462753296,0.6046624183654785,0.6666333675384521,0.5532333254814148,0.9156747460365295,0.9625333547592163,0.8731666803359985,0.7564716935157776,0.2639999985694885,1.0,0.0,1.0,1.0,0.0,1.0,2.3875077914681242e-08,0.0,0.8265653848648071,0.34752950072288513,0.0,0.0,0.0,12.339905738830566,89.45631408691406,0.009875819087028503,0.00742115406319499,0.012701130472123623,0.008169355802237988,0.0,0.018296120688319206,0.0423402301967144,0.6210728287696838,0.02895192615687847,0.06273114681243896,0.35803037881851196,0.03402324393391609,0.07702308893203735,0.3038674294948578,0.015451207756996155,0.036505647003650665,0.7124010920524597,0.008453432470560074,0.019509272649884224,0.9531290531158447,0.0078230956569314,0.024803459644317627,0.9233576655387878
Syllophopsis_sechellensis_OKENT0105212_processed.obj,H1_legs,0.0022450864780694246,0.05150776356458664,0.021748779341578484,0.029758982360363007,0.07506322115659714,0.1431245654821396,0.08466863632202148,0.09413333237171173,0.07693333178758621,0.26263514161109924,0.32253333926200867,0.22150000929832458,0.505288302898407,0.5950333476066589,0.43906667828559875,0.860176146030426,0.907800018787384,0.817300021648407,0.7273397445678711,0.2120666652917862,1.0,0.0,1.0,1.0,0.0,1.0,2.6352054760536703e-08,0.0,0.8265337944030762,0.36803150177001953,0.0,0.0,0.0,13.053729057312012,90.94844818115234,0.010364721529185772,0.028264585882425308,0.03465966135263443,0.030164174735546112,0.0,0.019498903304338455,0.05736115574836731,0.6517241597175598,0.0291362926363945,0.06738307327032089,0.41279336810112,0.015697846189141273,0.03334924951195717,0.7016574740409851,0.03298970311880112,0.08716271072626114,0.3509235084056854,0.019628874957561493,0.05441652983427048,0.6500129103660583,0.021590834483504295,0.08439302444458008,0.6167883276939392
Temnothorax_congruus_OKENT0105443_processed.obj,H1_legs,0.0031281302217394114,0.06187324970960617,0.02283739484846592,0.0390358567237854,0.08611742407083511,0.12903247773647308,0.0657968521118164,0.07490000128746033,0.058666668832302094,0.2174585610628128,0.2972666621208191,0.17143332958221436,0.4308166205883026,0.5823333263397217,0.341866672039032,0.7496170997619629,0.892633318901062,0.6460999846458435,0.694426953792572,0.2953333258628845,1.0,0.0,1.0,1.0,0.0,1.0,2.4061579395606714e-08,0.0,0.8430741429328918,0.4054785668849945,0.0,0.0,0.0,12.784079551696777,80.35069274902344,0.007333529181778431,0.013115162961184978,0.017657101154327393,0.01388673484325409,0.0,0.02566097304224968,0.06212097406387329,0.5160919427871704,0.02982945926487446,0.05573314055800438,0.3235158920288086,0.020882146432995796,0.045497819781303406,0.5386740565299988,0.022433526813983917,0.04869731143116951,0.5329815745353699,0.012738832272589207,0.03068539686501026,0.8750966191291809,0.009161720983684063,0.022737666964530945,0.9270073175430298
Temnothorax_sp._OKENT0105336_processed.obj,H1_legs,0.006413867697119713,0.08530741184949875,0.02650890313088894,0.05879851058125496,0.12102176994085312,0.2674078643321991,0.04250335320830345,0.05236666649580002,0.03576666861772537,0.1452540159225464,0.23986667394638062,0.1041666641831398,0.31110504269599915,0.5391333103179932,0.21863333880901337,0.5979970693588257,0.8683000206947327,0.4560333490371704,0.5799728035926819,0.4336666762828827,1.0,0.0,1.0,1.0,0.0,1.0,2.3073710053722607e-08,0.0,0.8301491737365723,0.3657452464103699,0.0,0.0,0.0,13.217267036437988,87.44003295898438,0.009191356599330902,0.0039273835718631744,0.0063519664108753204,0.0038377868477255106,0.0,0.025790883228182793,0.06046976149082184,0.45478928089141846,0.03269802778959274,0.07991813123226166,0.39024391770362854,0.034000229090452194,0.08443862944841385,0.3535911738872528,0.08773796260356903,0.11840783804655075,0.0,0.015650004148483276,0.04302353411912918,0.7720834612846375,0.03357104957103729,0.15334701538085938,0.5802919864654541
Tetramorium_kraepelini_CASENT0744084_processed.obj,H1_legs,0.008886737748980522,0.09972675144672394,0.02864486537873745,0.07108188420534134,0.16003599762916565,0.2229394018650055,0.033828042447566986,0.04196666553616524,0.028333334252238274,0.11466646194458008,0.1915000081062317,0.08183333277702332,0.2512848675251007,0.4739333391189575,0.17096666991710663,0.5666919946670532,0.8389999866485596,0.42783334851264954,0.5624660849571228,0.4668999910354614,1.0,0.0,1.0,1.0,0.0,1.0,2.2295647994496903e-08,0.0,0.8244439363479614,0.35029593110084534,0.0,0.0,0.0,12.78931999206543,84.08414459228516,0.008343926630914211,0.0067079998552799225,0.015217399224638939,0.0080520985648036,0.0,0.03155031055212021,0.08382531255483627,0.4000000059604645,0.02721216529607773,0.06084272265434265,0.4261389970779419,0.03591523319482803,0.10489964485168457,0.450276255607605,0.029248155653476715,0.06171967834234238,0.4538258910179138,0.01948201283812523,0.05379028245806694,0.6783415079116821,0.02402736246585846,0.08440273255109787,0.6326034069061279
Acanthostichus_aff.brevicornis_CASENT0744328_processed.obj,H2_joint,0.005112075246870518,0.07585626095533371,0.028244201093912125,0.047612059861421585,0.12029625475406647,0.2788967490196228,0.05414026230573654,0.060233332216739655,0.04916666820645332,0.17429935932159424,0.22536666691303253,0.1421000063419342,0.34689873456954956,0.46709999442100525,0.2759000062942505,0.7153668999671936,0.838200032711029,0.6239333152770996,0.6620054841041565,0.23080000281333923,1.0,0.0,1.0,1.0,0.0,1.0,2.365652562730247e-08,0.0,0.8145450949668884,0.3627163767814636,0.0,0.0,0.0,13.364727973937988,95.7837905883789,0.011733646504580975,0.00165831227786839,0.0038872575387358665,0.0015188928227871656,0.0,0.029755715280771255,0.07214286923408508,0.43486592173576355,0.034062981605529785,0.07450548559427261,0.3368614912033081,0.0324343703687191,0.07915659248828888,0.3784530460834503,0.03928864374756813,0.07713773101568222,0.2744063436985016,0.018068114295601845,0.04454590752720833,0.6757661700248718,0.04383179172873497,0.14993029832839966,0.510948896408081
Acromyrmex_coronatus_CASENT0744365_processed.obj,H2_joint,0.0056740338914096355,0.0782298669219017,0.0287183728069067,0.04951149597764015,0.1403127908706665,0.25292930006980896,0.04260556772351265,0.04886666685342789,0.03776666894555092,0.1469162255525589,0.20030000805854797,0.11600000411272049,0.33047929406166077,0.46033334732055664,0.2577666640281677,0.7312654256820679,0.8658333420753479,0.6328999996185303,0.6740434765815735,0.2493000030517578,1.0,0.0,1.0,1.0,0.0,1.0,1.9754569535734845e-08,0.0,0.8256316781044006,0.3438986539840698,0.0,0.0,0.0,13.128480911254883,88.13872528076172,0.009549885056912899,0.044487182050943375,0.045364975929260254,0.05104374513030052,0.0,0.024640167132019997,0.05573144182562828,0.4413793087005615,0.026854829862713814,0.056778017431497574,0.40312930941581726,0.0423569418489933,0.11237684637308121,0.36464089155197144,0.026076732203364372,0.060554537922143936,0.49076518416404724,0.030077509582042694,0.10355231910943985,0.5099149942398071,0.042512573301792145,0.1994817554950714,0.47323599457740784
Acromyrmex_lobicornis_CASENT0878007_processed.obj,H2_joint,0.012122921645641327,0.12190981209278107,0.03983427211642265,0.08207554370164871,0.17508962750434875,0.33037179708480835,0.02125794067978859,0.02616666629910469,0.017899999395012856,0.07478625327348709,0.12210000306367874,0.05389999970793724,0.18051780760288239,0.3431999981403351,0.12246666848659515,0.44200119376182556,0.7015666961669922,0.3226333260536194,0.5503948330879211,0.45730000734329224,1.0,0.0,1.0,1.0,0.0,1.0,2.211788974193496e-08,0.0,0.8281301856040955,0.3492761254310608,0.0,0.0,0.0,13.520172119140625,97.50470733642578,0.01251588948071003,0.010422375984489918,0.012658342719078064,0.011118686757981777,0.0,0.04242817312479019,0.09580079466104507,0.278927206993103,0.04160246625542641,0.11431804299354553,0.3221352994441986,0.04682683199644089,0.14565002918243408,0.27348068356513977,0.029129553586244583,0.05486223101615906,0.38522428274154663,0.02741064876317978,0.07671739906072617,0.5112026929855347,0.0346890389919281,0.19158604741096497,0.6958637237548828
Anochetus_risii_CASENT0877608_processed.obj,H2_joint,0.002913963980972767,0.05528862401843071,0.022017329931259155,0.033271294087171555,0.0932006686925888,0.23754191398620605,0.080738864839077,0.09046667069196701,0.07289999723434448,0.2619674801826477,0.32429999113082886,0.2197333425283432,0.5080583691596985,0.6151333451271057,0.43273332715034485,0.8367525935173035,0.90993332862854,0.7744666934013367,0.7191293835639954,0.16306667029857635,1.0,0.0,1.0,1.0,0.0,1.0,2.1759458235237616e-08,0.0,0.8381415605545044,0.36543962359428406,0.0,0.0,0.0,12.510149002075195,79.6043472290039,0.007366122677922249,0.0053536235354840755,0.005991258192807436,0.005742809735238552,0.0,0.01731836423277855,0.03705266863107681,0.6555555462837219,0.034591734409332275,0.07676786929368973,0.3115508556365967,0.032313890755176544,0.06818059086799622,0.4171271026134491,0.050520241260528564,0.08603740483522415,0.12928760051727295,0.015334509313106537,0.04073529317975044,0.8171517252922058,0.010556485503911972,0.040368422865867615,0.8600972890853882
Anochetus_risii_CASENT0877609_processed.obj,H2_joint,0.016637977212667465,0.14254780113697052,0.05230432748794556,0.09024347364902496,0.19116614758968353,0.4316638708114624,0.016636542975902557,0.019333332777023315,0.014600000344216824,0.06393519788980484,0.09950000047683716,0.0471000000834465,0.1499623954296112,0.27756667137145996,0.10273333638906479,0.39702704548835754,0.6262999773025513,0.29063335061073303,0.5658082962036133,0.365200012922287,1.0,0.0,1.0,1.0,0.0,1.0,1.8221761877157405e-08,0.0,0.7855086922645569,0.3052721321582794,0.0,0.0,0.0,13.058273315429688,89.82722473144531,0.009973599575459957,0.006311895791441202,0.011219939216971397,0.006733383983373642,0.0,0.0416790246963501,0.1182619035243988,0.31532567739486694,0.03851865977048874,0.08284948766231537,0.2793373167514801,0.0404181033372879,0.09102828800678253,0.3618784546852112,0.03211689740419388,0.056826211512088776,0.23746702075004578,0.0466495119035244,0.14542078971862793,0.2889518439769745,0.06675998866558075,0.24211755394935608,0.4476885497570038
Aphaenogaster_pallida_CASENT0745235_processed.obj,H2_joint,0.00519864447414875,0.0774393230676651,0.032514940947294235,0.04492438584566116,0.11548293381929398,0.15340903401374817,0.052911244332790375,0.05976666882634163,0.047466665506362915,0.19249022006988525,0.2493000030517578,0.15676666796207428,0.4063411056995392,0.5102333426475525,0.3375999927520752,0.6742905378341675,0.736133337020874,0.6220333576202393,0.7486265897750854,0.11383333802223206,1.0,0.0,1.0,1.0,0.0,1.0,2.171866064770711e-08,0.0,0.8439444303512573,0.37699416279792786,0.0,0.0,0.0,12.53883171081543,75.9476089477539,0.006029790733009577,0.0006664301618002355,0.0020864594262093306,0.0007752786623314023,0.0,0.04029368981719017,0.09425200521945953,0.350191593170166,0.03871619701385498,0.07316894829273224,0.27197423577308655,0.01620049588382244,0.04248446226119995,0.7071823477745056,0.03599381074309349,0.08525680005550385,0.4300791621208191,0.011910907924175262,0.024465948343276978,0.8864280581474304,0.016426250338554382,0.07369277626276016,0.827250599861145
Atopomyrmex_mocquerysi_CASENT0744784_processed.obj,H2_joint,0.0019149801228195429,0.042929958552122116,0.01862526871263981,0.024304689839482307,0.07378897815942764,0.18930500745773315,0.12018821388483047,0.12586666643619537,0.11500000208616257,0.3539322018623352,0.38856667280197144,0.3249666690826416,0.6338284611701965,0.6930000185966492,0.5839666724205017,0.9160764813423157,0.9428666830062866,0.8907666802406311,0.7367721199989319,0.20456667244434357,1.0,0.0,1.0,1.0,0.0,1.0,2.377017516153046e-08,0.0,0.833984375,0.38362908363342285,0.0,0.0,0.0,13.333648681640625,88.53630065917969,0.009615072049200535,0.02180919051170349,0.024688106030225754,0.024881133809685707,0.0,0.013696110807359219,0.03272988647222519,0.7908046245574951,0.01431314181536436,0.034594494849443436,0.7827888131141663,0.018860718235373497,0.046027231961488724,0.6464088559150696,0.014658001251518726,0.02965301275253296,0.7625330090522766,0.023057373240590096,0.07247952371835709,0.5969611406326294,0.038593828678131104,0.13800132274627686,0.5316301584243774
Carebara_trechideros_CASENT0877591_processed.obj,H2_joint,0.0035853474400937557,0.05206012725830078,0.018713317811489105,0.033346809446811676,0.1263611912727356,0.3142140805721283,0.09499050676822662,0.10323333740234375,0.0879666656255722,0.29073336720466614,0.33500000834465027,0.25679999589920044,0.5769144296646118,0.6589666604995728,0.5130333304405212,0.8897055387496948,0.9487666487693787,0.8375666737556458,0.7132279872894287,0.23413333296775818,1.0,0.0,1.0,1.0,0.0,1.0,2.3819714201067654e-08,0.0,0.8359642624855042,0.37220779061317444,0.0,0.0,0.0,13.439550399780273,95.53954315185547,0.01124474499374628,0.019927265122532845,0.021153951063752174,0.02371850796043873,0.0,0.015171454288065434,0.03695697709918022,0.7544061541557312,0.02152736485004425,0.047574128955602646,0.5080533623695374,0.028810568153858185,0.09335742890834808,0.5773481130599976,0.012530826032161713,0.027824662625789642,0.8390501737594604,0.01842155121266842,0.05053308233618736,0.6613443493843079,0.02127973362803459,0.09153734147548676,0.7372262477874756
Centromyrmex_brachycola_CASENT0744052_processed.obj,H2_joint,0.00437975162640214,0.07301676273345947,0.027767138555645943,0.04524962604045868,0.11184727400541306,0.21434885263442993,0.04720666632056236,0.05496666580438614,0.04136666655540466,0.15884821116924286,0.21926666796207428,0.12453333288431168,0.3480488061904907,0.484499990940094,0.2715666592121124,0.7112911343574524,0.8300999999046326,0.6222333312034607,0.6468847990036011,0.30390000343322754,1.0,0.0,1.0,1.0,0.0,1.0,2.435590751304062e-08,0.0,0.828005850315094,0.34474584460258484,0.0,0.0,0.0,13.204483985900879,91.42719268798828,0.01039731502532959,0.014678680337965488,0.017194781452417374,0.015345527790486813,0.0,0.028183208778500557,0.07243099063634872,0.46283525228500366,0.030209600925445557,0.06552834808826447,0.37091580033302307,0.016125760972499847,0.04381689429283142,0.7237569093704224,0.028727198019623756,0.06162990629673004,0.4195250868797302,0.02101609669625759,0.06256383657455444,0.6520731449127197,0.024354517459869385,0.10904506593942642,0.639902651309967
Cephalotes_minutus_CASENT0709253_processed.obj,H2_joint,0.003586979815736413,0.06796349585056305,0.028985820710659027,0.03897767886519432,0.08844280987977982,0.18477605283260345,0.04656771197915077,0.0536000020802021,0.04116666689515114,0.15650342404842377,0.21209999918937683,0.12399999797344208,0.3544294536113739,0.46310001611709595,0.28706666827201843,0.7478901743888855,0.8210999965667725,0.6866666674613953,0.7048606276512146,0.25929999351501465,1.0,0.0,1.0,1.0,0.0,1.0,2.3021256012611957e-08,0.0,0.8505874872207642,0.41831421852111816,0.0,0.0,0.0,12.761929512023926,77.41090393066406,0.007268342189490795,0.01144985482096672,0.014078755863010883,0.011314972303807735,0.0,0.03788352385163307,0.08650315552949905,0.3291187882423401,0.029605675488710403,0.056718215346336365,0.3092498779296875,0.015470987185835838,0.04061783105134964,0.7209945321083069,0.020618818700313568,0.04720987379550934,0.5751979351043701,0.014971409924328327,0.03567574918270111,0.764614999294281,0.012318064458668232,0.036672286689281464,0.7907542586326599
Cephalotes_simillimus_CASENT0744408_processed.obj,H2_joint,0.013559462502598763,0.1316417157649994,0.050205547362565994,0.0814361721277237,0.16449108719825745,0.35258910059928894,0.023225251585245132,0.028566667810082436,0.019566666334867477,0.08130062371492386,0.1396999955177307,0.057333335280418396,0.18036366999149323,0.3474000096321106,0.121799997985363,0.42481181025505066,0.622700035572052,0.3223666846752167,0.6088973879814148,0.35830000042915344,1.0,0.0,1.0,1.0,0.0,1.0,2.368857998646945e-08,0.0,0.8477770686149597,0.41157039999961853,0.0,0.0,0.0,13.094427108764648,85.5420913696289,0.008930608630180359,0.004243502859026194,0.005660520866513252,0.005096001084893942,0.0,0.0610196515917778,0.13488437235355377,0.22567050158977509,0.052200108766555786,0.1123010516166687,0.2360791563987732,0.037060316652059555,0.08329837024211884,0.295580118894577,0.053262922912836075,0.10605993866920471,0.19261214137077332,0.01654716394841671,0.036318760365247726,0.7002317905426025,0.07243938744068146,0.28740137815475464,0.47445255517959595
Cephalotes_spinosus_CASENT0744158_processed.obj,H2_joint,0.0056059109047055244,0.08506349474191666,0.03600688651204109,0.049056608229875565,0.10861413925886154,0.26064038276672363,0.03687327355146408,0.04313333332538605,0.03220000118017197,0.1302805095911026,0.18639999628067017,0.10013333708047867,0.28411805629730225,0.4000999927520752,0.2202666699886322,0.6181923747062683,0.7159333229064941,0.5439333319664001,0.6734820604324341,0.29010000824928284,1.0,0.0,1.0,1.0,0.0,1.0,2.350790495597721e-08,0.0,0.8515416979789734,0.404504656791687,0.0,0.0,0.0,12.768396377563477,75.95877075195312,0.006290538236498833,0.01948636770248413,0.020805660635232925,0.02220943011343479,0.0,0.0478324331343174,0.10139265656471252,0.27241379022598267,0.03277478739619255,0.06694847345352173,0.28716060519218445,0.014682602137327194,0.037678156048059464,0.8370165824890137,0.01919461227953434,0.043301891535520554,0.5778364539146423,0.01659933105111122,0.03697071969509125,0.6780839562416077,0.04765588790178299,0.22377048432826996,0.5097323656082153
Crematogaster_nawai_OKENT0105046_processed.obj,H2_joint,0.005058972164988518,0.07383730262517929,0.02393495664000511,0.04990234598517418,0.13030722737312317,0.19560502469539642,0.05148307979106903,0.062300000339746475,0.04386666789650917,0.17869393527507782,0.2666666805744171,0.13436666131019592,0.3766171634197235,0.5678666830062866,0.28173333406448364,0.7146000266075134,0.8902666568756104,0.596833348274231,0.5980181097984314,0.42026665806770325,1.0,0.0,1.0,1.0,0.0,1.0,2.0695816616012053e-08,0.0,0.8410707712173462,0.36792051792144775,0.0,0.0,0.0,13.054736137390137,84.40534210205078,0.008343926630914211,0.004563766065984964,0.008257843554019928,0.00531191099435091,0.0,0.019807977601885796,0.0509086512029171,0.6298850774765015,0.036438796669244766,0.08993677794933319,0.31615278124809265,0.025813473388552666,0.0633629858493805,0.5165746212005615,0.03869887813925743,0.08037599176168442,0.25065964460372925,0.01931011863052845,0.05379742383956909,0.6837496757507324,0.019472822546958923,0.06636480987071991,0.7177615761756897
Cryptopone_sauteri_CASENT0743771_processed.obj,H2_joint,0.007478538900613785,0.09359565377235413,0.03496117517352104,0.058634474873542786,0.13805025815963745,0.23837293684482574,0.040086932480335236,0.046666666865348816,0.03513333201408386,0.14620435237884521,0.2072666734457016,0.11293333768844604,0.3117811977863312,0.4514999985694885,0.23810000717639923,0.5926156044006348,0.7441999912261963,0.4923333525657654,0.6097406148910522,0.32526665925979614,1.0,0.0,1.0,1.0,0.0,1.0,2.2263593635329926e-08,0.0,0.8359060287475586,0.3520323634147644,0.0,0.0,0.0,12.958486557006836,79.04203796386719,0.007529090158641338,0.006097171455621719,0.013851081021130085,0.006967516615986824,0.0,0.0379168801009655,0.10218923538923264,0.4444444477558136,0.02987932786345482,0.06803759187459946,0.4086516499519348,0.017599569633603096,0.05882897228002548,0.7265193462371826,0.042706504464149475,0.08048298954963684,0.18205805122852325,0.02112230844795704,0.07058887183666229,0.6639196872711182,0.056272730231285095,0.12654997408390045,0.27858880162239075
Cyphoidris_afrc-tz01_CASENT0744810_processed.obj,H2_joint,0.029438119381666183,0.1865294724702835,0.051367517560720444,0.13516195118427277,0.28843238949775696,0.4592399597167969,0.009503355249762535,0.012000000104308128,0.00786666665226221,0.03653302416205406,0.06856666505336761,0.024900000542402267,0.09737734496593475,0.24826666712760925,0.06056666746735573,0.26895424723625183,0.5979000329971313,0.17350000143051147,0.5051243305206299,0.5108667016029358,1.0,0.0,1.0,1.0,0.0,1.0,1.759523193811674e-08,0.0,0.8032079935073853,0.2629587650299072,0.0,0.0,0.0,13.332354545593262,94.72789764404297,0.011472899466753006,0.0314045213162899,0.03902813047170639,0.04077387973666191,0.0,0.04503316804766655,0.1313301920890808,0.27931034564971924,0.050788022577762604,0.1276201754808426,0.22825586795806885,0.03240950405597687,0.11192301660776138,0.5469613671302795,0.09937365353107452,0.14948473870754242,0.0,0.04319078102707863,0.11086998879909515,0.25959309935569763,0.023834478110074997,0.060210805386304855,0.5559610724449158
Cyphomyrmex_cf.minutus_CASENT0744280_processed.obj,H2_joint,0.028840774670243263,0.17683693766593933,0.03841019794344902,0.1384267359972,0.29799318313598633,0.4564931392669678,0.010218599811196327,0.012733333744108677,0.00853333342820406,0.03956048935651779,0.07743333280086517,0.02656666748225689,0.10210371017456055,0.3061999976634979,0.061266668140888214,0.2707596719264984,0.7125666737556458,0.16713333129882812,0.5491860508918762,0.5404333472251892,1.0,0.0,1.0,1.0,0.0,1.0,1.8384993083486734e-08,0.0,0.7703704237937927,0.22138990461826324,0.0,0.0,0.0,13.098461151123047,96.98949432373047,0.0119618009775877,0.014382713474333286,0.025558335706591606,0.018892237916588783,0.0,0.03951170668005943,0.09477183222770691,0.2854406237602234,0.04165369272232056,0.08394674211740494,0.22871606051921844,0.03138123080134392,0.08271376043558121,0.5082873106002808,0.022449029609560966,0.04127492383122444,0.47757259011268616,0.031926918774843216,0.07713993638753891,0.406644344329834,0.03083518147468567,0.07252364605665207,0.37226277589797974
Dilobocondyla_fouqueti_CASENT0745576_processed.obj,H2_joint,0.006063433364033699,0.08724544942378998,0.03372280299663544,0.05352265015244484,0.12417329847812653,0.19995439052581787,0.0352075956761837,0.04126666858792305,0.030700000002980232,0.1264859437942505,0.1824333369731903,0.09679999947547913,0.2818435728549957,0.414166659116745,0.2136000096797943,0.6175177097320557,0.7372666597366333,0.5312333106994629,0.6061589121818542,0.2917666733264923,1.0,0.0,1.0,1.0,0.0,1.0,2.2010068434497043e-08,0.0,0.8305853605270386,0.3782500624656677,0.0,0.0,0.0,13.023898124694824,81.09656524658203,0.00788761768490076,0.021922802552580833,0.024232646450400352,0.022073591127991676,0.0,0.03719491511583328,0.08591946959495544,0.3528735637664795,0.043581947684288025,0.08757977932691574,0.3078693151473999,0.019263852387666702,0.0526033490896225,0.6574586033821106,0.02515118569135666,0.06478016823530197,0.5540897250175476,0.025579318404197693,0.07464228570461273,0.5276848077774048,0.018663065508008003,0.06309807300567627,0.7384428381919861
Dorylus_fulvus_CASENT0745678_processed.obj,H2_joint,0.0030775805935263634,0.059160612523555756,0.02297251485288143,0.036188095808029175,0.09444485604763031,0.1649617701768875,0.07539380341768265,0.08423333615064621,0.06823333352804184,0.22494174540042877,0.29466667771339417,0.1818999946117401,0.44413307309150696,0.5826333165168762,0.35883334279060364,0.8112913370132446,0.8987666964530945,0.7393333315849304,0.6781341433525085,0.22963333129882812,1.0,0.0,1.0,1.0,0.0,1.0,2.538457977152575e-08,0.0,0.8505575656890869,0.413061261177063,0.0,0.0,0.0,13.523178100585938,91.83435821533203,0.010527689009904861,0.016548508778214455,0.01947524957358837,0.01731686294078827,0.0,0.021422816440463066,0.0536891408264637,0.563601553440094,0.03875407949090004,0.09422191232442856,0.29958581924438477,0.01894526742398739,0.07307139784097672,0.7762431502342224,0.03771926090121269,0.08964385837316513,0.38522428274154663,0.015153857879340649,0.035662177950143814,0.7813546657562256,0.014547944068908691,0.04754915460944176,0.772506058216095
Eciton_hamatum_CASENT0744580_processed.obj,H2_joint,0.001671425299718976,0.043226420879364014,0.01942535489797592,0.02380106784403324,0.06487535685300827,0.18793481588363647,0.1294429451227188,0.13526666164398193,0.12409999966621399,0.3444083333015442,0.3716333508491516,0.32089999318122864,0.5947985053062439,0.6312000155448914,0.5623666644096375,0.9103491306304932,0.9359999895095825,0.8860666751861572,0.6647303104400635,0.3127000033855438,1.0,0.0,1.0,1.0,0.0,1.0,2.2100405061564743e-08,0.0,0.8390749096870422,0.38089385628700256,0.0,0.0,0.0,13.263001441955566,89.13047790527344,0.009908412583172321,0.009608909487724304,0.010300610214471817,0.010219575837254524,0.0,0.0186056699603796,0.05638139694929123,0.6839080452919006,0.033025357872247696,0.05388825014233589,0.23745973408222198,0.021862318739295006,0.05288239195942879,0.4917127192020416,0.015034728683531284,0.03503316268324852,0.7176781296730042,0.01257380936294794,0.031920649111270905,0.8071079254150391,0.011811522766947746,0.04141834378242493,0.8357664346694946
Ectatomma_brunneum_CASENT0744575_processed.obj,H2_joint,0.017886387184262276,0.14186254143714905,0.04392577335238457,0.09793677181005478,0.21692922711372375,0.2941468358039856,0.020138734951615334,0.023533333092927933,0.01759999990463257,0.07939521968364716,0.1325666755437851,0.05666666850447655,0.19200828671455383,0.3843666613101959,0.12796667218208313,0.4396537244319916,0.7135666608810425,0.31769999861717224,0.5589509606361389,0.31049999594688416,1.0,0.0,1.0,1.0,0.0,1.0,1.7044472500060692e-08,0.0,0.8042688965797424,0.31756591796875,0.0,0.0,0.0,12.833274841308594,86.44994354248047,0.009256543591618538,0.003459396306425333,0.005618370603770018,0.0038730085361748934,0.0,0.06408438831567764,0.1581510752439499,0.18773946166038513,0.047309380024671555,0.1243114098906517,0.28578004240989685,0.043654996901750565,0.09616478532552719,0.20718233287334442,0.026567349210381508,0.04571813717484474,0.3324538469314575,0.022173799574375153,0.05307803303003311,0.5717229247093201,0.0344313383102417,0.13704083859920502,0.6922141313552856
Eurhopalothrix_procera_CASENT0745605_processed.obj,H2_joint,0.012255221605300903,0.11974415183067322,0.040079351514577866,0.07966480404138565,0.18104085326194763,0.26182958483695984,0.025288747623562813,0.030766667798161507,0.02146666683256626,0.09013348072767258,0.148866668343544,0.0646333321928978,0.21004879474639893,0.38350000977516174,0.14463333785533905,0.4853028655052185,0.7198666930198669,0.3660333454608917,0.6143873929977417,0.34773334860801697,1.0,0.0,1.0,1.0,0.0,1.0,2.2747331129835402e-08,0.0,0.8077280521392822,0.28368648886680603,0.0,0.0,0.0,13.046367645263672,94.60706329345703,0.01124474499374628,0.01526277232915163,0.019010860472917557,0.016977550461888313,0.0,0.05073591321706772,0.13354624807834625,0.2609195411205292,0.03346218168735504,0.0822504460811615,0.37183618545532227,0.045765168964862823,0.09725776314735413,0.24861879646778107,0.01784452609717846,0.03919149935245514,0.6306068897247314,0.02453458122909069,0.08351379632949829,0.5825392603874207,0.01956338621675968,0.05714588612318039,0.7384428381919861
Heteroponera_panamensis_CASENT0744055_processed.obj,H2_joint,0.030820325016975403,0.19757874310016632,0.06794321537017822,0.1296355277299881,0.2611846923828125,0.37652045488357544,0.012099865823984146,0.014399999752640724,0.010433332994580269,0.045946646481752396,0.07649999856948853,0.03283333405852318,0.10672218352556229,0.24103333055973053,0.06853333115577698,0.26606497168540955,0.5171999931335449,0.17910000681877136,0.5765470862388611,0.35653334856033325,1.0,0.0,1.0,1.0,0.0,1.0,1.676180438892061e-08,0.0,0.7660079002380371,0.25409168004989624,0.0,0.0,0.0,13.125822067260742,92.41093444824219,0.010723249055445194,0.036502573639154434,0.0438779853284359,0.045098476111888885,0.0,0.07906613498926163,0.21545451879501343,0.2218390852212906,0.052917513996362686,0.12367445230484009,0.2825586795806885,0.06820106506347656,0.1270623356103897,0.10220994800329208,0.03243911638855934,0.05472452938556671,0.208443284034729,0.04144767299294472,0.11970943212509155,0.34998711943626404,0.04179228097200394,0.134212464094162,0.5206812620162964
Labidus_praedator_CASENT0744236_processed.obj,H2_joint,0.006255335174500942,0.07830949872732162,0.038770582526922226,0.0395389162003994,0.13306808471679688,0.2748515009880066,0.08555684983730316,0.09086667001247406,0.0808333307504654,0.23260265588760376,0.25913333892822266,0.210999995470047,0.4403364956378937,0.4857333302497864,0.4027000069618225,0.7207328677177429,0.7213333249092102,0.720133364200592,0.6256824731826782,0.41056665778160095,1.0,0.0,1.0,1.0,0.0,1.0,2.253751851810648e-08,0.0,0.8149363994598389,0.3081549406051636,0.0,0.0,0.0,13.195408821105957,90.60321044921875,0.010103973560035229,0.028962131589651108,0.031569838523864746,0.030124660581350327,0.0,0.019451836124062538,0.05974295735359192,0.657854437828064,0.09388214349746704,0.16947375237941742,0.016566958278417587,0.055795613676309586,0.14752860367298126,0.265193372964859,0.0748491883277893,0.13394494354724884,0.08443272113800049,0.02573396824300289,0.07785838097333908,0.5701777338981628,0.02463449537754059,0.0736241340637207,0.5340632796287537
Labidus_praedator_CASENT0744237_processed.obj,H2_joint,0.0036888974718749523,0.06255784630775452,0.021801535040140152,0.04075631499290466,0.11170727759599686,0.2610040307044983,0.054134584963321686,0.06263333559036255,0.04766666889190674,0.1954679638147354,0.26953333616256714,0.15333333611488342,0.4295823574066162,0.6034333109855652,0.3334999978542328,0.8080031275749207,0.9329000115394592,0.7125999927520752,0.6781098246574402,0.2481333315372467,1.0,0.0,1.0,1.0,0.0,1.0,1.767099888638768e-08,0.0,0.8107421398162842,0.3115965723991394,0.0,0.0,0.0,12.617283821105957,80.04447174072266,0.007268342189490795,0.006788547616451979,0.010101798921823502,0.007091743405908346,0.0,0.02112775482237339,0.04172750189900398,0.5183908343315125,0.03627701848745346,0.10022668540477753,0.3695352077484131,0.03469899669289589,0.0714387446641922,0.3149171471595764,0.025149298831820488,0.05265333130955696,0.42216360569000244,0.015442466363310814,0.03933713585138321,0.7661601901054382,0.01851978898048401,0.06916117668151855,0.772506058216095
Lasius_nr._fuliginosus_CASENT0878037_processed.obj,H2_joint,0.003324765944853425,0.06259186565876007,0.025832468643784523,0.0367593951523304,0.0943148136138916,0.190842866897583,0.06653553247451782,0.07616666704416275,0.05906666815280914,0.21843531727790833,0.28519999980926514,0.1770000010728836,0.42219680547714233,0.5437333583831787,0.3450666666030884,0.7918869256973267,0.8559666872024536,0.7367333173751831,0.7432725429534912,0.17480000853538513,1.0,0.0,1.0,1.0,0.0,1.0,2.2525869169953694e-08,0.0,0.8251668810844421,0.3213394284248352,0.0,0.0,0.0,13.18950080871582,97.45223999023438,0.012092174962162971,0.005878858733922243,0.013545333407819271,0.006074002478271723,0.0,0.026562243700027466,0.07930699735879898,0.5704981088638306,0.02893279306590557,0.06635284423828125,0.4146341383457184,0.024031739681959152,0.04678068310022354,0.41436466574668884,0.021145235747098923,0.05627131462097168,0.6068601608276367,0.016674183309078217,0.04116186499595642,0.6955962181091309,0.03591357171535492,0.0976262241601944,0.39416056871414185
Lioponera_daikoku_OKENT0105067_processed.obj,H2_joint,0.02935066819190979,0.17264065146446228,0.04904643073678017,0.12359422445297241,0.31888046860694885,0.4535136818885803,0.018953032791614532,0.022833334282040596,0.016200000420212746,0.07263606041669846,0.11683333665132523,0.05270000174641609,0.17033660411834717,0.32643333077430725,0.11523333191871643,0.39522436261177063,0.6475666761398315,0.28440001606941223,0.5360313057899475,0.3819666802883148,1.0,0.0,1.0,1.0,0.0,1.0,1.9282486718452674e-08,0.0,0.7939567565917969,0.32594940066337585,0.0,0.0,0.0,13.362075805664062,92.261474609375,0.010853623040020466,0.019083233550190926,0.02343815378844738,0.02324145846068859,0.0,0.05219130218029022,0.14179708063602448,0.29961687326431274,0.044815897941589355,0.09053759276866913,0.2199723869562149,0.04147902876138687,0.08261380344629288,0.1325966864824295,0.03956370800733566,0.08979959785938263,0.27176782488822937,0.0324728824198246,0.11723727732896805,0.4854494035243988,0.03475790470838547,0.09798900783061981,0.4549878239631653
Mayriella_sp._CASENT0745610_processed.obj,H2_joint,0.016766581684350967,0.13416390120983124,0.03540468215942383,0.09875921905040741,0.20326341688632965,0.5336937308311462,0.022892698645591736,0.028200000524520874,0.01926666684448719,0.08183705806732178,0.14656667411327362,0.05676666647195816,0.18948516249656677,0.4101666808128357,0.12319999933242798,0.42968180775642395,0.7460333704948425,0.3017333447933197,0.4812873899936676,0.48190000653266907,1.0,0.0,1.0,1.0,0.0,1.0,2.0302415748574276e-08,0.0,0.8316544890403748,0.33350542187690735,0.0,0.0,0.0,12.877575874328613,79.00834655761719,0.006714253686368465,0.041008930653333664,0.04449225962162018,0.0472431480884552,0.0,0.03653864189982414,0.09287364035844803,0.3689655363559723,0.044742077589035034,0.09770810604095459,0.24022088944911957,0.03883340209722519,0.119502492249012,0.4917127192020416,0.0769941583275795,0.11783470958471298,0.0,0.023139556869864464,0.059747904539108276,0.5694051384925842,0.05359778553247452,0.17649656534194946,0.3783454895019531
Mesoponera_ambigua_CASENT0745584_processed.obj,H2_joint,0.015895040705800056,0.13460861146450043,0.042820900678634644,0.09178771078586578,0.20493941009044647,0.35504287481307983,0.020359966903924942,0.02460000105202198,0.017366666346788406,0.08331277221441269,0.1352333277463913,0.060200002044439316,0.20408478379249573,0.3795333504676819,0.13956667482852936,0.44246360659599304,0.6995000243186951,0.3235666751861572,0.5680221319198608,0.3483666777610779,1.0,0.0,1.0,1.0,0.0,1.0,1.6907508282315575e-08,0.0,0.8017184734344482,0.2752273976802826,0.0,0.0,0.0,13.14923095703125,89.6656494140625,0.00994100607931614,0.051021989434957504,0.057745106518268585,0.055677540600299835,0.0,0.054819025099277496,0.150162935256958,0.28352490067481995,0.0316927433013916,0.0748063400387764,0.3962264358997345,0.03169850632548332,0.06830007582902908,0.33149173855781555,0.03995499014854431,0.07165036350488663,0.22163589298725128,0.027979059144854546,0.07268690317869186,0.5155807733535767,0.037761248648166656,0.10642748326063156,0.45985400676727295
Myrmecina_ryukyuensis_OKENT0105085_processed.obj,H2_joint,0.007830480113625526,0.09543729573488235,0.037512000650167465,0.05792529508471489,0.12339061498641968,0.3873243033885956,0.03571006655693054,0.04156666621565819,0.031300000846385956,0.12589038908481598,0.1726333349943161,0.09906666725873947,0.27760428190231323,0.37933334708213806,0.21889999508857727,0.5762980580329895,0.6900666952133179,0.4947333335876465,0.634083092212677,0.3003333508968353,1.0,0.0,1.0,1.0,0.0,1.0,2.2642435482111978e-08,0.0,0.8213211297988892,0.3452781140804291,0.0,0.0,0.0,12.732487678527832,80.65093231201172,0.0077246506698429585,0.022426702082157135,0.024620017036795616,0.02428826317191124,0.0,0.0355042926967144,0.0821802020072937,0.37088122963905334,0.041387371718883514,0.096309132874012,0.30326738953590393,0.03114832378923893,0.08861798048019409,0.47790056467056274,0.04579031467437744,0.08812914043664932,0.2242744117975235,0.026904352009296417,0.0813111960887909,0.5887200832366943,0.022393900901079178,0.07555543631315231,0.6654500961303711
Myrmecina_sp._CASENT0745613_processed.obj,H2_joint,0.012030620127916336,0.12318193167448044,0.04654812812805176,0.07663380354642868,0.16448311507701874,0.23150424659252167,0.022538961842656136,0.02670000120997429,0.019500000402331352,0.08865653723478317,0.13403333723545074,0.06623333692550659,0.20480628311634064,0.3391333222389221,0.14669999480247498,0.46500536799430847,0.633233368396759,0.36739999055862427,0.5878416299819946,0.36313334107398987,1.0,0.0,1.0,1.0,0.0,1.0,2.0124657496012333e-08,0.0,0.8263223767280579,0.3165522813796997,0.0,0.0,0.0,13.020564079284668,84.91375732421875,0.008474300615489483,0.004949986934661865,0.007164583541452885,0.005772665608674288,0.0,0.053488656878471375,0.1315496265888214,0.2651340961456299,0.03991297632455826,0.08801736682653427,0.295904278755188,0.03335588052868843,0.10312922298908234,0.4861878752708435,0.07036828249692917,0.10460235923528671,0.0,0.026956312358379364,0.07892568409442902,0.5374710559844971,0.04164388030767441,0.1317354440689087,0.5036496520042419
Nesomyrmex_angulatus_CASENT0744820_processed.obj,H2_joint,0.015707822516560555,0.1365942806005478,0.04175565764307976,0.09483862668275833,0.19719728827476501,0.291104257106781,0.019077487289905548,0.023266667500138283,0.01616666652262211,0.0709710344672203,0.12620000541210175,0.04936666786670685,0.16598384082317352,0.34850001335144043,0.10893333703279495,0.41438084840774536,0.7171666622161865,0.29136666655540466,0.5522199273109436,0.3885333240032196,1.0,0.0,1.0,1.0,0.0,1.0,2.2820183076532885e-08,0.0,0.8306952118873596,0.3736785650253296,0.0,0.0,0.0,12.910225868225098,78.9917221069336,0.007072781678289175,0.0013195613864809275,0.003953398671001196,0.00138441426679492,0.0,0.05271974205970764,0.12709634006023407,0.22567050158977509,0.027954626828432083,0.05837761238217354,0.41693511605262756,0.033139556646347046,0.0765095055103302,0.36464089155197144,0.030352085828781128,0.05071448162198067,0.2612137198448181,0.024750495329499245,0.05453036352992058,0.5457121133804321,0.059887878596782684,0.20478755235671997,0.4562043845653534
Odontomachus_troglodytes_CASENT0744970_processed.obj,H2_joint,0.002241273410618305,0.050322070717811584,0.02123621292412281,0.029085855931043625,0.07463034987449646,0.1941569447517395,0.08991914987564087,0.09943333268165588,0.08206667006015778,0.2724529504776001,0.3216666579246521,0.2363000065088272,0.5154134035110474,0.6017666459083557,0.45073333382606506,0.8755058646202087,0.9181666970252991,0.8366333246231079,0.6858162879943848,0.2188333421945572,1.0,0.0,1.0,1.0,0.0,1.0,2.1616667567059267e-08,0.0,0.8405060768127441,0.3942614495754242,0.0,0.0,0.0,12.878680229187012,81.2100830078125,0.008017991669476032,0.021895593032240868,0.023505963385105133,0.021614113822579384,0.0,0.019915632903575897,0.05088615044951439,0.6003831624984741,0.019548827782273293,0.05877794697880745,0.6608375906944275,0.017726782709360123,0.04025419428944588,0.6850829124450684,0.022354280576109886,0.05733368545770645,0.5778364539146423,0.021230215206742287,0.05933627858757973,0.5949008464813232,0.01657850481569767,0.059341005980968475,0.7737226486206055
Oxyopomyrmex_saulcyi_CASENT0745218_processed.obj,H2_joint,0.006308873184025288,0.08285734802484512,0.023130346089601517,0.05972700193524361,0.14053887128829956,0.24244758486747742,0.0407441072165966,0.04786666855216026,0.035466667264699936,0.14889009296894073,0.24043333530426025,0.10783333331346512,0.32714831829071045,0.572533369064331,0.2290000021457672,0.633095383644104,0.902233362197876,0.4876333475112915,0.5855135917663574,0.4448666572570801,1.0,0.0,1.0,1.0,0.0,1.0,1.998478182940744e-08,0.0,0.8213869333267212,0.3413206934928894,0.0,0.0,0.0,12.666548728942871,78.8953857421875,0.007398716174066067,0.0020851152949035168,0.003254336304962635,0.0024584417697042227,0.0,0.026228491216897964,0.06259573996067047,0.469348669052124,0.026779349893331528,0.0630902498960495,0.4542107880115509,0.04060887545347214,0.08385878801345825,0.2900552451610565,0.031987693160772324,0.05931685492396355,0.32189974188804626,0.014619283378124237,0.03301186487078667,0.7888230681419373,0.021925274282693863,0.09095628559589386,0.6824817657470703
Polyrhachis_decemdentata_CASENT0744779_processed.obj,H2_joint,0.01041396427899599,0.11283957213163376,0.04109595715999603,0.07174361497163773,0.15989930927753448,0.23431508243083954,0.029780033975839615,0.03539999946951866,0.025700001046061516,0.1052815392613411,0.16516666114330292,0.07726667076349258,0.23362092673778534,0.39233332872390747,0.16633333265781403,0.5101900100708008,0.6826333403587341,0.4072999954223633,0.6154913306236267,0.34130001068115234,1.0,0.0,1.0,1.0,0.0,1.0,2.2555001422119858e-08,0.0,0.8162687420845032,0.3529708683490753,0.0,0.0,0.0,12.8076810836792,82.298828125,0.007659463677555323,0.020535839721560478,0.02626320905983448,0.022986844182014465,0.0,0.0509224459528923,0.12466424703598022,0.2984674274921417,0.037233032286167145,0.09325255453586578,0.35987114906311035,0.0269492045044899,0.05531223863363266,0.4419889748096466,0.030855325981974602,0.05868679657578468,0.3087071478366852,0.021058138459920883,0.06422460079193115,0.6487252116203308,0.030032804235816002,0.09519518166780472,0.5608272552490234
Polyrhachis_dives_CASENT0878093_processed.obj,H2_joint,0.020022176206111908,0.15728311240673065,0.060171205550432205,0.09711191058158875,0.21308501064777374,0.36687585711479187,0.01481139101088047,0.01769999973475933,0.012733333744108677,0.06062430515885353,0.0979333370923996,0.04390000179409981,0.14863300323486328,0.2865999937057495,0.1003333330154419,0.3925275504589081,0.5920000076293945,0.2935999929904938,0.6213154196739197,0.2579333484172821,1.0,0.0,1.0,1.0,0.0,1.0,1.711440944518472e-08,0.0,0.7955305576324463,0.24959087371826172,0.0,0.0,0.0,13.031126976013184,99.19564056396484,0.012092174962162971,0.008315648883581161,0.01001809909939766,0.009001258760690689,0.0,0.08210443705320358,0.1794651597738266,0.13295020163059235,0.04113871231675148,0.10185854882001877,0.2802577018737793,0.04223183915019035,0.10098764300346375,0.27624309062957764,0.042431313544511795,0.08043936640024185,0.16622692346572876,0.032684121280908585,0.1099291443824768,0.47283029556274414,0.031766414642333984,0.09867465496063232,0.5462287068367004
Ponera_kohmoku_OKENT0105440_processed.obj,H2_joint,0.007725290488451719,0.0893544927239418,0.02959587424993515,0.05975861847400665,0.1377008557319641,0.4171072542667389,0.03799305111169815,0.045266665518283844,0.032733332365751266,0.13111068308353424,0.19883333146572113,0.09780000150203705,0.28259891271591187,0.45100000500679016,0.20576666295528412,0.6243500709533691,0.8291000127792358,0.5006999969482422,0.6398301124572754,0.31119999289512634,1.0,0.0,1.0,1.0,0.0,1.0,2.1890590673478982e-08,0.0,0.8088703155517578,0.2699207663536072,0.0,0.0,0.0,13.239961624145508,98.08336639404297,0.012287735939025879,0.006093647796660662,0.008960871025919914,0.006893218029290438,0.0,0.02783428505063057,0.06644581258296967,0.4536398649215698,0.02731734700500965,0.06099266931414604,0.4261389970779419,0.03213835507631302,0.06727263331413269,0.35635361075401306,0.04422136768698692,0.07680049538612366,0.058047495782375336,0.024794479832053185,0.07469084113836288,0.5830543637275696,0.04562674090266228,0.1235991045832634,0.4136252999305725
Ponera_tamon_OKENT0105154_processed.obj,H2_joint,0.002433840651065111,0.05192968249320984,0.02073710970580578,0.03119257092475891,0.08393494784832001,0.270297646522522,0.09065554291009903,0.10223333537578583,0.08143333345651627,0.27577459812164307,0.3325333297252655,0.23556667566299438,0.5129756331443787,0.6058333516120911,0.4448000192642212,0.8604972958564758,0.9440000057220459,0.7905666828155518,0.7144964933395386,0.31146666407585144,1.0,0.0,1.0,1.0,0.0,1.0,2.5815861448563737e-08,0.0,0.8436218500137329,0.40724021196365356,0.0,0.0,0.0,13.148093223571777,87.58982849121094,0.009517291560769081,0.026458950713276863,0.03051377646625042,0.02875692769885063,0.0,0.01998588815331459,0.049287743866443634,0.6049808263778687,0.024953734129667282,0.05071593075990677,0.42245742678642273,0.014593031257390976,0.0485108382999897,0.7983425855636597,0.021599460393190384,0.05090085417032242,0.5382586121559143,0.017741436138749123,0.05650130659341812,0.7236672639846802,0.03462882339954376,0.20560507476329803,0.7615571618080139
Pseudolasius_sp._CASENT0878065_processed.obj,H2_joint,0.01977263018488884,0.13762930035591125,0.03999701887369156,0.0976322740316391,0.24251100420951843,0.5249088406562805,0.021282754838466644,0.026100000366568565,0.01796666719019413,0.08005931228399277,0.1335333287715912,0.05716666579246521,0.19384881854057312,0.3761666715145111,0.13056667149066925,0.4528076946735382,0.7113666534423828,0.3321000039577484,0.5899226665496826,0.3802333474159241,1.0,0.0,1.0,1.0,0.0,1.0,1.9253347360859152e-08,0.0,0.8152194619178772,0.280012845993042,0.0,0.0,0.0,13.163668632507324,92.92076873779297,0.010918810032308102,0.018459655344486237,0.03227289766073227,0.02064310386776924,0.0,0.04181785136461258,0.12009468674659729,0.39463603496551514,0.046831049025058746,0.11004572361707687,0.2531062960624695,0.04626677930355072,0.13443247973918915,0.3618784546852112,0.03067634254693985,0.07938814163208008,0.416886568069458,0.028394928202033043,0.0720776915550232,0.460726261138916,0.02629694901406765,0.08908563107252121,0.65450119972229
Pseudomyrmex_cf.solis_CASENT0744065_processed.obj,H2_joint,0.0038610845804214478,0.06843702495098114,0.029676856473088264,0.038760166615247726,0.09603449702262878,0.2193438857793808,0.05564015731215477,0.062300000339746475,0.05026666820049286,0.17430850863456726,0.21846666932106018,0.14499999582767487,0.3740392327308655,0.45953333377838135,0.31536665558815,0.7617565989494324,0.8271666765213013,0.7059333324432373,0.626284122467041,0.2750999927520752,1.0,0.0,1.0,1.0,0.0,1.0,2.382262742628427e-08,0.0,0.8274943828582764,0.3796228766441345,0.0,0.0,0.0,13.128332138061523,91.90547180175781,0.010429908521473408,0.019643092527985573,0.023830074816942215,0.020685069262981415,0.0,0.022730454802513123,0.06162140518426895,0.557854413986206,0.03434138372540474,0.0827471986413002,0.33271974325180054,0.027561819180846214,0.06496833264827728,0.4751381278038025,0.04684855416417122,0.09940740466117859,0.25065964460372925,0.026155894622206688,0.08084031939506531,0.5511202812194824,0.04242485389113426,0.18643605709075928,0.6094890236854553
Solenopsis_invicta_CASENT0744384_processed.obj,H2_joint,0.008556308224797249,0.09886714816093445,0.028197793290019035,0.07066935300827026,0.1603201925754547,0.24234040081501007,0.025335164740681648,0.030433334410190582,0.021700000390410423,0.09786757826805115,0.1648000031709671,0.06960000097751617,0.23775306344032288,0.46363332867622375,0.15986667573451996,0.5447851419448853,0.8402000069618225,0.4030666649341583,0.5570988059043884,0.46463334560394287,1.0,0.0,1.0,1.0,0.0,1.0,1.912804137305102e-08,0.0,0.8137820363044739,0.29296013712882996,0.0,0.0,0.0,12.849485397338867,80.19456481933594,0.0077246506698429585,0.0432547964155674,0.04721891134977341,0.0449613481760025,0.0,0.026209285482764244,0.06459318846464157,0.48659005761146545,0.03101968578994274,0.07618045061826706,0.4100322127342224,0.03539467602968216,0.07291307300329208,0.35635361075401306,0.04593069851398468,0.0815824493765831,0.208443284034729,0.02637534961104393,0.06893904507160187,0.5063095688819885,0.022905465215444565,0.07667592167854309,0.6739659309387207
Stigmatomma_FHG02_CASENT0745561_processed.obj,H2_joint,0.013764463365077972,0.11823280155658722,0.03612736612558365,0.08210543543100357,0.2063426822423935,0.41395828127861023,0.03156166896224022,0.03739999979734421,0.027300000190734863,0.11946573108434677,0.17710000276565552,0.09013333171606064,0.27016210556030273,0.42756667733192444,0.1974666714668274,0.554243266582489,0.7491000294685364,0.4398333430290222,0.5738138556480408,0.3347000181674957,1.0,0.0,1.0,1.0,0.0,1.0,2.1278633965948757e-08,0.0,0.8084127902984619,0.3068016767501831,0.0,0.0,0.0,13.340985298156738,94.72224426269531,0.011505492962896824,0.06507545709609985,0.07010599970817566,0.06914699077606201,0.0,0.040757179260253906,0.11593790352344513,0.3620689809322357,0.03443543612957001,0.08002728223800659,0.380119651556015,0.031160039827227592,0.07974281162023544,0.46961328387260437,0.0332057923078537,0.06991837918758392,0.32189974188804626,0.021974748000502586,0.07091288268566132,0.6366211771965027,0.05181382596492767,0.1864599585533142,0.4768856465816498
Strumigenys_alberti_CASENT0878103_processed.obj,H2_joint,0.015407945960760117,0.13528797030448914,0.049442511051893234,0.0858454629778862,0.1890796273946762,0.4406238794326782,0.018275318667292595,0.02173333428800106,0.01576666720211506,0.07377863675355911,0.11800000071525574,0.05366666615009308,0.18493299186229706,0.3431999981403351,0.12656666338443756,0.45152169466018677,0.6449999809265137,0.3473333418369293,0.5866386890411377,0.3330000042915344,1.0,0.0,1.0,1.0,0.0,1.0,1.9582637733606134e-08,0.0,0.8080130815505981,0.29429978132247925,0.0,0.0,0.0,13.060338020324707,95.06131744384766,0.011603272520005703,0.004204783122986555,0.010050932876765728,0.004392433445900679,0.0,0.05322939157485962,0.12306909263134003,0.2766283452510834,0.03727265074849129,0.08276272565126419,0.3106304705142975,0.041927922517061234,0.091877281665802,0.2983425557613373,0.047292426228523254,0.08032064139842987,0.14511874318122864,0.029079653322696686,0.11759091168642044,0.5768735408782959,0.10526905208826065,0.34747081995010376,0.2457420974969864
Strumigenys_canina_OKENT0105288_processed.obj,H2_joint,0.011500237509608269,0.10992927104234695,0.036599889397621155,0.0733293816447258,0.1758454144001007,0.39182308316230774,0.03671877831220627,0.04349999874830246,0.03176666796207428,0.12873587012290955,0.1816333383321762,0.09970000386238098,0.2822928726673126,0.4330333471298218,0.2093999981880188,0.5535084009170532,0.7488333582878113,0.4390000104904175,0.57635897397995,0.40093332529067993,1.0,0.0,1.0,1.0,0.0,1.0,1.9343682211570012e-08,0.0,0.8234120607376099,0.3481996953487396,0.0,0.0,0.0,13.193092346191406,86.43511199951172,0.009028389118611813,0.07834834605455399,0.08784960210323334,0.08950907737016678,0.0,0.035630807280540466,0.08761607110500336,0.3544061481952667,0.05203334242105484,0.12611162662506104,0.24068109691143036,0.029951676726341248,0.09591159969568253,0.541436493396759,0.028389587998390198,0.05289279669523239,0.3087071478366852,0.01893915794789791,0.05164384841918945,0.6873551607131958,0.038252539932727814,0.20376451313495636,0.6788321137428284
Strumigenys_crassicornis_CASENT0744273_processed.obj,H2_joint,0.01506827212870121,0.13463234901428223,0.0463721863925457,0.08826015889644623,0.19246061146259308,0.27376970648765564,0.01809042878448963,0.02226666733622551,0.015233333222568035,0.07295775413513184,0.12333333492279053,0.05180000141263008,0.176327645778656,0.34023332595825195,0.11900000274181366,0.4354589283466339,0.6647999882698059,0.32376667857170105,0.5911844372749329,0.3656666576862335,1.0,0.0,1.0,1.0,0.0,1.0,2.1074647804653068e-08,0.0,0.8192501068115234,0.3065147399902344,0.0,0.0,0.0,13.186540603637695,90.11866760253906,0.010103973560035229,0.003367592813447118,0.006852802354842424,0.003607148537412286,0.0,0.054215192794799805,0.14733298122882843,0.2946360111236572,0.039835404604673386,0.08784938603639603,0.2655315399169922,0.04147016629576683,0.09513026475906372,0.2458563596010208,0.06797883659601212,0.10690796375274658,0.023746702820062637,0.023267526179552078,0.05935009941458702,0.5544682145118713,0.047810956835746765,0.18431363999843597,0.5498783588409424
Strumigenys_sp._appretiata_group_CASENT0744156_processed.obj,H2_joint,0.007572348229587078,0.09258787333965302,0.03336217999458313,0.059225693345069885,0.14371325075626373,0.27161890268325806,0.04616232588887215,0.055266667157411575,0.039633333683013916,0.15992586314678192,0.2396666705608368,0.12000000476837158,0.32032498717308044,0.4793333411216736,0.24053333699703217,0.6028190851211548,0.7423666715621948,0.5074333548545837,0.6189018487930298,0.32876667380332947,1.0,0.0,1.0,1.0,0.0,1.0,2.253751851810648e-08,0.0,0.8372119069099426,0.32758501172065735,0.0,0.0,0.0,13.012544631958008,95.43657684326172,0.011603272520005703,0.006292222999036312,0.007757500745356083,0.006865715608000755,0.0,0.03873085975646973,0.09291031956672668,0.3735632300376892,0.036042604595422745,0.08140856772661209,0.325356662273407,0.028806747868657112,0.08121266216039658,0.5055248737335205,0.04897363856434822,0.08646504580974579,0.19261214137077332,0.015246190130710602,0.04102117195725441,0.8068503737449646,0.024568432942032814,0.10139276087284088,0.7116788029670715
Strumigenys_stenorhina_OKENT0105268_processed.obj,H2_joint,0.002156622940674424,0.04411739856004715,0.016767578199505806,0.027349820360541344,0.08760618418455124,0.28111469745635986,0.1380220502614975,0.14880000054836273,0.12870000302791595,0.3781073987483978,0.4307999908924103,0.336899995803833,0.6188591718673706,0.6971666812896729,0.5563666820526123,0.9026113748550415,0.9642666578292847,0.8483666777610779,0.7644863128662109,0.2617333233356476,1.0,0.0,1.0,1.0,0.0,1.0,2.3149473449279867e-08,0.0,0.8366329669952393,0.3577641546726227,0.0,0.0,0.0,12.321401596069336,85.17969512939453,0.008800235576927662,0.008149201050400734,0.011851903051137924,0.009033942595124245,0.0,0.017773037776350975,0.03906446695327759,0.6432950496673584,0.02747228741645813,0.06406087428331375,0.40358951687812805,0.04141250625252724,0.09639396518468857,0.2928176820278168,0.01573578454554081,0.03324568644165993,0.7308707237243652,0.00802205502986908,0.017812073230743408,0.9665207266807556,0.007624249439686537,0.023063652217388153,0.9318735003471375
Syllophopsis_sechellensis_OKENT0105212_processed.obj,H2_joint,0.0022371059749275446,0.05094308406114578,0.02149391360580921,0.02944917045533657,0.07540702819824219,0.21036487817764282,0.08087679743766785,0.08980000019073486,0.07356666773557663,0.25363197922706604,0.30953332781791687,0.2148333340883255,0.5084678530693054,0.5909333229064941,0.44620001316070557,0.8771152496337891,0.9180999994277954,0.8396333456039429,0.7304518222808838,0.20703333616256714,1.0,0.0,1.0,1.0,0.0,1.0,2.4982430346653928e-08,0.0,0.8342335820198059,0.37926506996154785,0.0,0.0,0.0,12.846508026123047,86.41671752929688,0.009028389118611813,0.028403831645846367,0.03228122740983963,0.030837181955575943,0.0,0.020043333992362022,0.054077643901109695,0.6295019388198853,0.028192706406116486,0.06315204501152039,0.41877588629722595,0.01574268750846386,0.03584054857492447,0.7154696583747864,0.027670323848724365,0.07811496406793594,0.5303430557250977,0.018990300595760345,0.05120432376861572,0.6543909311294556,0.021703407168388367,0.08795848488807678,0.6678832173347473
Temnothorax_congruus_OKENT0105443_processed.obj,H2_joint,0.0031248200684785843,0.06139928102493286,0.022621529176831245,0.03877774998545647,0.08483480662107468,0.13758638501167297,0.0754518210887909,0.08623333275318146,0.06706666946411133,0.23330532014369965,0.3152666687965393,0.18516667187213898,0.44022923707962036,0.5885999798774719,0.3515999913215637,0.7492278218269348,0.8914666771888733,0.6461333632469177,0.6975963711738586,0.2955999970436096,1.0,0.0,1.0,1.0,0.0,1.0,2.3277694438661456e-08,0.0,0.8508968353271484,0.41583773493766785,0.0,0.0,0.0,12.591763496398926,74.63959503173828,0.006551286205649376,0.012312226928770542,0.014031600207090378,0.012721071019768715,0.0,0.025773372501134872,0.0661306083202362,0.5111111402511597,0.03024357371032238,0.056969430297613144,0.31431201100349426,0.017761707305908203,0.040567439049482346,0.6353591680526733,0.022128984332084656,0.05444376915693283,0.5725594162940979,0.011825869791209698,0.02800733782351017,0.8949266076087952,0.008697684854269028,0.02058577537536621,0.94525545835495
Temnothorax_sp._OKENT0105336_processed.obj,H2_joint,0.006354241631925106,0.0856274887919426,0.02664317935705185,0.05898430943489075,0.12090552598237991,0.27050668001174927,0.03907528519630432,0.04803333431482315,0.03293333202600479,0.14070311188697815,0.22706666588783264,0.10193333774805069,0.3046416640281677,0.5217000246047974,0.21513333916664124,0.5935564637184143,0.8681333661079407,0.4509333372116089,0.5808007121086121,0.4297333359718323,1.0,0.0,1.0,1.0,0.0,1.0,2.2901778251593896e-08,0.0,0.8332906365394592,0.35922494530677795,0.0,0.0,0.0,12.871920585632324,82.51422882080078,0.008017991669476032,0.001241952646523714,0.002767368918284774,0.0012883655726909637,0.0,0.026184923946857452,0.060835037380456924,0.4406130313873291,0.03613605350255966,0.09405017644166946,0.37551772594451904,0.03448257967829704,0.11725568026304245,0.430939257144928,0.04385681077837944,0.08285395056009293,0.21635884046554565,0.015776939690113068,0.045664217323064804,0.7980942726135254,0.03299618512392044,0.15516284108161926,0.6058394312858582
Tetramorium_kraepelini_CASENT0744084_processed.obj,H2_joint,0.009185625240206718,0.10148148983716965,0.030216826125979424,0.07126466184854507,0.163068026304245,0.23946280777454376,0.03554347902536392,0.04360000044107437,0.030000001192092896,0.11873721331357956,0.19760000705718994,0.08486666530370712,0.2561721205711365,0.47679999470710754,0.1751333326101303,0.5572696328163147,0.8149333596229553,0.42340001463890076,0.5788536667823792,0.4525333344936371,1.0,0.0,1.0,1.0,0.0,1.0,2.2211139594219276e-08,0.0,0.8309166431427002,0.3452444076538086,0.0,0.0,0.0,12.969958305358887,83.58906555175781,0.008180959150195122,0.006339679006487131,0.007145828101783991,0.0074897645972669125,0.0,0.034186333417892456,0.09422941505908966,0.4049808382987976,0.02323482744395733,0.04848293587565422,0.4726185202598572,0.026489434763789177,0.07945932447910309,0.5055248737335205,0.05177091062068939,0.08414246886968613,0.07387863099575043,0.018225494772195816,0.0508880577981472,0.6981715559959412,0.031106581911444664,0.08289507776498795,0.5279805064201355
Acanthostichus_aff.brevicornis_CASENT0744328_processed.obj,H3_deform,0.004115944728255272,0.06710783392190933,0.025370744988322258,0.041737087070941925,0.1089119091629982,0.25712093710899353,0.06541970372200012,0.07366666942834854,0.05883333459496498,0.20434020459651947,0.26946666836738586,0.16456666588783264,0.4022459387779236,0.5281000137329102,0.32483333349227905,0.770277202129364,0.8755000233650208,0.6876333355903625,0.6777041554450989,0.22646667063236237,1.0298563241958618,0.23920004069805145,1.3794057369232178,0.7231314182281494,0.12250791490077972,1.1118730306625366,0.22289511561393738,0.0,0.8303775191307068,0.3707144558429718,0.006901136599481106,0.018605073913931847,0.06206589937210083,20.89760398864746,149.257080078125,0.049574658274650574,0.0073624164797365665,0.009599009528756142,0.007051452063024044,-0.0007492895238101482,0.02968994528055191,0.07175245136022568,0.42988505959510803,0.027401234954595566,0.06445766240358353,0.4242982268333435,0.021963225677609444,0.04760134592652321,0.5248618721961975,0.0372457280755043,0.07343383878469467,0.2928760051727295,0.012702287174761295,0.032761767506599426,0.8341488838195801,0.03756015747785568,0.16915856301784515,0.59975665807724
Acromyrmex_coronatus_CASENT0744365_processed.obj,H3_deform,0.004089321009814739,0.06739625334739685,0.025485852733254433,0.04191040247678757,0.1194845587015152,0.20782804489135742,0.05084051564335823,0.05820000171661377,0.045133333653211594,0.17281372845172882,0.2290000021457672,0.13876666128635406,0.3738807439804077,0.5053333640098572,0.29670000076293945,0.7930357456207275,0.9029666781425476,0.7069666981697083,0.6662935018539429,0.23120000958442688,0.9878928661346436,0.2172067016363144,1.1793678998947144,0.7426903247833252,0.09472153335809708,0.9703782796859741,0.1808725893497467,0.0,0.8156213164329529,0.2933243215084076,0.007532025687396526,0.024379240348935127,0.06960505992174149,16.460121154785156,134.06515502929688,0.03008376620709896,0.04445775970816612,0.046604350209236145,0.05194180831313133,-0.000232599675655365,0.0237893033772707,0.05392998829483986,0.4639846980571747,0.025592388585209846,0.04886472225189209,0.3976069986820221,0.03924150764942169,0.11529865860939026,0.4060773551464081,0.015715861693024635,0.03791051730513573,0.7176781296730042,0.02403143420815468,0.0837201401591301,0.6270924806594849,0.0324191153049469,0.15298187732696533,0.5815085172653198
Acromyrmex_lobicornis_CASENT0878007_processed.obj,H3_deform,0.01019306667149067,0.11217588186264038,0.036416005343198776,0.0757598802447319,0.16040587425231934,0.31833750009536743,0.02396283857524395,0.028833333402872086,0.020500000566244125,0.0855335146188736,0.14456667006015778,0.060733333230018616,0.19707810878753662,0.38003334403038025,0.13303333520889282,0.472370982170105,0.7230333685874939,0.350766658782959,0.5587705969810486,0.44600000977516174,0.9954819679260254,0.18675494194030762,1.1699119806289673,0.7621704936027527,0.0933251604437828,0.99773770570755,0.16793711483478546,0.0,0.8209421634674072,0.34286755323410034,0.007056139875203371,0.019660569727420807,0.07307302951812744,16.976455688476562,122.86128997802734,0.02548808790743351,0.01156407780945301,0.014288514852523804,0.012128341011703014,0.0004061087965965271,0.0424824096262455,0.09272583574056625,0.26321840286254883,0.03709176555275917,0.08295552432537079,0.3115508556365967,0.04257849603891373,0.13374321162700653,0.3591160476207733,0.03413591533899307,0.07015347480773926,0.26649078726768494,0.022773630917072296,0.06216730177402496,0.6052021980285645,0.029896389693021774,0.1450011432170868,0.6946471929550171
Anochetus_risii_CASENT0877608_processed.obj,H3_deform,0.002175278030335903,0.04848551005125046,0.019922347739338875,0.028563164174556732,0.0791236013174057,0.19345876574516296,0.08336799591779709,0.0940999984741211,0.07483333349227905,0.283596396446228,0.34886667132377625,0.23890000581741333,0.5604174733161926,0.6637333631515503,0.48493334650993347,0.8738498687744141,0.928933322429657,0.8249333500862122,0.7409631609916687,0.1398666650056839,0.9932600855827332,0.1563400775194168,1.1048699617385864,0.8261760473251343,0.06264287978410721,0.9975261688232422,0.1126827523112297,0.0,0.8372352123260498,0.35348179936408997,0.00416149664670229,0.012871320359408855,0.040861621499061584,15.185883522033691,111.6185531616211,0.018969396129250526,0.005064209923148155,0.005615718197077513,0.005319550167769194,2.472568303346634e-05,0.016375211998820305,0.0361051969230175,0.6873563528060913,0.03158608078956604,0.0756714791059494,0.3667740523815155,0.027584325522184372,0.06152729690074921,0.4613259732723236,0.03833071514964104,0.08044549822807312,0.22163589298725128,0.013322822749614716,0.033064521849155426,0.8787020444869995,0.009182138368487358,0.027640176936984062,0.9038929343223572
Anochetus_risii_CASENT0877609_processed.obj,H3_deform,0.013580421917140484,0.12762320041656494,0.04548104852437973,0.08214215934276581,0.17912718653678894,0.4394412040710449,0.016814114525914192,0.020266667008399963,0.014366666786372662,0.06700971722602844,0.11203333735466003,0.04780000075697899,0.16620081663131714,0.3166666626930237,0.11266666650772095,0.4529990553855896,0.6958667039871216,0.3357999920845032,0.5553353428840637,0.3345000147819519,0.9691525101661682,0.21690629422664642,1.2235870361328125,0.635603129863739,0.13974881172180176,0.9370714426040649,0.26393601298332214,0.0,0.7733239531517029,0.23404788970947266,0.009609266184270382,0.026608465239405632,0.058236584067344666,16.32251739501953,130.40338134765625,0.028095565736293793,0.017068082466721535,0.018578873947262764,0.018462175503373146,-0.0004981104284524918,0.04203791916370392,0.11604233831167221,0.3214559555053711,0.033953987061977386,0.07719056308269501,0.31845375895500183,0.04037366062402725,0.0986974909901619,0.2928176820278168,0.028607215732336044,0.05209280923008919,0.26912930607795715,0.04072965681552887,0.13777214288711548,0.3860417306423187,0.05752495676279068,0.21228928864002228,0.4793187379837036
Aphaenogaster_pallida_CASENT0745235_processed.obj,H3_deform,0.004521356429904699,0.07229375839233398,0.031327687203884125,0.04096606746315956,0.10351070016622543,0.13671085238456726,0.053612127900123596,0.06103333458304405,0.04780000075697899,0.19767586886882782,0.2529333233833313,0.16223333775997162,0.4376971125602722,0.5231000185012817,0.3762666583061218,0.7109005451202393,0.7644000053405762,0.6643999814987183,0.7800532579421997,0.09836667031049728,0.9922162890434265,0.11882755905389786,1.095973253250122,0.8591242432594299,0.05555383861064911,0.9900674819946289,0.09110422432422638,0.0,0.8451730012893677,0.3969888687133789,0.0036778561770915985,0.009487839415669441,0.04256753623485565,13.833683967590332,100.46044158935547,0.013884815387427807,0.0014571986394003034,0.0020968271419405937,0.0016644163988530636,-0.0005930120823904872,0.03997836261987686,0.09107173979282379,0.3881226181983948,0.03179548308253288,0.06799167394638062,0.31983432173728943,0.014686312526464462,0.032210733741521835,0.7099447846412659,0.02917894721031189,0.07566522061824799,0.5356200933456421,0.011345027945935726,0.02352752909064293,0.9065155982971191,0.014140242710709572,0.052940383553504944,0.8199513554573059
Atopomyrmex_mocquerysi_CASENT0744784_processed.obj,H3_deform,0.0012612203136086464,0.03522538021206856,0.01540396362543106,0.019821416586637497,0.0531233549118042,0.16429691016674042,0.16118521988391876,0.16883333027362823,0.1542000025510788,0.4231572449207306,0.46906667947769165,0.3854333460330963,0.7042748332023621,0.7694666981697083,0.6492666602134705,0.9506126642227173,0.9628666639328003,0.9386667013168335,0.7124767899513245,0.18223333358764648,1.04286527633667,0.25166448950767517,1.3385649919509888,0.8457003831863403,0.09181924909353256,1.1270337104797363,0.17314952611923218,0.0,0.8420558571815491,0.3822939991950989,0.005397263448685408,0.016558168455958366,0.05036568641662598,21.942216873168945,140.26649475097656,0.04168704152107239,0.02405393123626709,0.025065749883651733,0.026806136593222618,-7.479637861251831e-05,0.012243835255503654,0.028906958177685738,0.8375478982925415,0.010907229967415333,0.027726760134100914,0.8789691925048828,0.014266679994761944,0.047642480581998825,0.7928177118301392,0.012113289907574654,0.02786354534327984,0.8364116549491882,0.01736937277019024,0.055619820952415466,0.7203193306922913,0.03688227757811546,0.11537473648786545,0.5863747000694275
Carebara_trechideros_CASENT0877591_processed.obj,H3_deform,0.0022534604649990797,0.041631702333688736,0.015569686889648438,0.0260620154440403,0.09002973884344101,0.26602593064308167,0.12091583758592606,0.12906666100025177,0.11373333632946014,0.35606929659843445,0.4127666652202606,0.31306666135787964,0.6764938831329346,0.757099986076355,0.6114000082015991,0.9390908479690552,0.9773666858673096,0.9036999940872192,0.7004477977752686,0.23293334245681763,1.0380786657333374,0.18799163401126862,1.2351558208465576,0.8482677936553955,0.08755664527416229,1.101596713066101,0.16724392771720886,0.0,0.8417419791221619,0.35566815733909607,0.005561365745961666,0.01648787409067154,0.04953829571604729,22.9516544342041,135.6749725341797,0.0407092347741127,0.01738034375011921,0.018318191170692444,0.021255042403936386,8.303672075271606e-05,0.01280962210148573,0.029145408421754837,0.8429118990898132,0.01689201034605503,0.04355841875076294,0.7082374691963196,0.026730619370937347,0.08023866266012192,0.5580110549926758,0.010342481546103954,0.024054864421486855,0.8918206095695496,0.015366483479738235,0.04292440786957741,0.7589492797851562,0.01834118738770485,0.07709957659244537,0.7566909790039062
Centromyrmex_brachycola_CASENT0744052_processed.obj,H3_deform,0.0037233668845146894,0.06678247451782227,0.025265470147132874,0.04151700809597969,0.10338198393583298,0.18086279928684235,0.05094340071082115,0.05886666849255562,0.04490000009536743,0.1802220642566681,0.2605000138282776,0.13776667416095734,0.3828904330730438,0.5370333194732666,0.29750001430511475,0.749579906463623,0.8593666553497314,0.6646666526794434,0.6734946966171265,0.2941000163555145,1.0205098390579224,0.19759725034236908,1.2390984296798706,0.804615318775177,0.08906668424606323,1.066566824913025,0.15682315826416016,0.0,0.8346166014671326,0.3546907305717468,0.006840109825134277,0.0208573155105114,0.07080508023500443,18.031679153442383,135.68312072753906,0.034483883529901505,0.012844760902225971,0.014646636322140694,0.013478314504027367,0.0004370296373963356,0.02705550566315651,0.06889546662569046,0.49808430671691895,0.027175720781087875,0.055864397436380386,0.3856419622898102,0.01209982018917799,0.02481372095644474,0.8646408915519714,0.02449728175997734,0.05309870466589928,0.47493404150009155,0.017681678757071495,0.04864320158958435,0.7185166478157043,0.02298498898744583,0.10699974000453949,0.6946471929550171
Cephalotes_minutus_CASENT0709253_processed.obj,H3_deform,0.0033470443449914455,0.06598293036222458,0.028797930106520653,0.037185002118349075,0.08455729484558105,0.1929355412721634,0.046923231333494186,0.05496666580438614,0.040933333337306976,0.15624672174453735,0.2101999968290329,0.12433333694934845,0.36870691180229187,0.4699999988079071,0.3033333420753479,0.7644014358520508,0.8191666603088379,0.7164999842643738,0.727787971496582,0.26429998874664307,1.0129268169403076,0.11584576219320297,1.1553984880447388,0.8980640769004822,0.057271137833595276,1.03203284740448,0.09419003874063492,0.0,0.8511312007904053,0.40506142377853394,0.003938073292374611,0.011064192280173302,0.05197608470916748,17.124656677246094,129.5192108154297,0.02952967770397663,0.008917214348912239,0.010686131194233894,0.008973529562354088,-6.253551691770554e-05,0.03733981028199196,0.0805002897977829,0.31915709376335144,0.02879169210791588,0.05729598179459572,0.323976069688797,0.013810889795422554,0.0400824099779129,0.7624309659004211,0.021209506317973137,0.045208919793367386,0.5620052814483643,0.013891310431063175,0.0338144414126873,0.7960339784622192,0.010722183622419834,0.03184277564287186,0.841849148273468
Cephalotes_simillimus_CASENT0744408_processed.obj,H3_deform,0.012739928439259529,0.12670312821865082,0.049251001328229904,0.07745213061571121,0.1574580818414688,0.2806834280490875,0.026214810088276863,0.032499998807907104,0.021966665983200073,0.09399564564228058,0.16303333640098572,0.06603333353996277,0.20027582347393036,0.3861333429813385,0.13520000874996185,0.45342981815338135,0.626033365726471,0.3554333448410034,0.6190958619117737,0.36063334345817566,1.0214067697525024,0.1565961092710495,1.1773269176483154,0.8798030614852905,0.07396077364683151,1.0677310228347778,0.12533248960971832,0.0,0.8476311564445496,0.40630587935447693,0.0052421437576413155,0.013866535387933254,0.052793003618717194,18.054821014404297,130.45159912109375,0.03419054299592972,0.004729471635073423,0.005382909439504147,0.005532524548470974,-5.154777318239212e-05,0.06325022876262665,0.13547536730766296,0.21915709972381592,0.05135362222790718,0.10561978816986084,0.2185918092727661,0.0302080437541008,0.06223338469862938,0.35082873702049255,0.044950954616069794,0.09790052473545074,0.3060685992240906,0.013796607032418251,0.02998287044465542,0.8207571506500244,0.05939545854926109,0.21565410494804382,0.5279805064201355
Cephalotes_spinosus_CASENT0744158_processed.obj,H3_deform,0.004903050139546394,0.07962850481271744,0.035040661692619324,0.044587843120098114,0.09841784834861755,0.22922401130199432,0.04474378004670143,0.05290000140666962,0.03876666724681854,0.15069514513015747,0.21756666898727417,0.11526666581630707,0.31285813450813293,0.4359666705131531,0.24396666884422302,0.6529611349105835,0.7058666944503784,0.6074333190917969,0.6923523545265198,0.3010333478450775,1.032008171081543,0.1579267382621765,1.214561104774475,0.9129243493080139,0.06946176290512085,1.0784832239151,0.12130232155323029,0.0,0.8532686829566956,0.4084731340408325,0.004236106760799885,0.012893803417682648,0.04992217198014259,18.728954315185547,131.64337158203125,0.03758026286959648,0.0198194682598114,0.020653141662478447,0.022328170016407967,-0.00021801888942718506,0.04827076941728592,0.09558910131454468,0.2298850566148758,0.03235912695527077,0.06524308770895004,0.2968246638774872,0.015190940350294113,0.035269614309072495,0.7403315305709839,0.02014784701168537,0.05090191960334778,0.6200528144836426,0.012460888363420963,0.028189996257424355,0.8534638285636902,0.04081834480166435,0.1992195099592209,0.6107056140899658
Crematogaster_nawai_OKENT0105046_processed.obj,H3_deform,0.0042714993469417095,0.06894060969352722,0.023317569866776466,0.045623041689395905,0.11818166822195053,0.18027590215206146,0.054195381700992584,0.0643666684627533,0.046799998730421066,0.18453867733478546,0.27549999952316284,0.13873334228992462,0.3877471089363098,0.570900022983551,0.29356667399406433,0.7395190000534058,0.8993333578109741,0.6279333233833313,0.6046631336212158,0.430566668510437,1.0005027055740356,0.1816505640745163,1.1586003303527832,0.803398072719574,0.07545921206474304,1.0026048421859741,0.1335245817899704,0.0,0.8341356515884399,0.32014694809913635,0.005823253188282251,0.016854124143719673,0.07083837687969208,16.763578414916992,129.01121520996094,0.0280629713088274,0.001959890592843294,0.004066446330398321,0.002240361412987113,-0.002817593514919281,0.02113630808889866,0.05182422325015068,0.5796934962272644,0.03496381267905235,0.08731193095445633,0.3262770473957062,0.024001728743314743,0.05643332377076149,0.5497238039970398,0.02349175699055195,0.0491512194275856,0.45646440982818604,0.015767481178045273,0.04473142325878143,0.7965490818023682,0.017764071002602577,0.050414543598890305,0.712895393371582
Cryptopone_sauteri_CASENT0743771_processed.obj,H3_deform,0.006317571271210909,0.08618993312120438,0.03260371834039688,0.053586214780807495,0.12505066394805908,0.21959282457828522,0.04394840821623802,0.05173333361744881,0.038200002163648605,0.15590354800224304,0.22526666522026062,0.11919999867677689,0.33197158575057983,0.47573333978652954,0.25493332743644714,0.6381961107254028,0.7738666534423828,0.5429999828338623,0.6506705284118652,0.3253333270549774,1.012905240058899,0.19900351762771606,1.2406593561172485,0.7838968634605408,0.09304922819137573,1.0275698900222778,0.15532855689525604,0.0,0.8272001147270203,0.33441704511642456,0.007057033944875002,0.021280692890286446,0.06520748138427734,17.70229148864746,134.94161987304688,0.0331149585545063,0.012771619483828545,0.014682828448712826,0.014318138360977173,-0.00041079800575971603,0.03960325941443443,0.09389679878950119,0.3536398410797119,0.023243004456162453,0.05008840933442116,0.49148643016815186,0.016524776816368103,0.0439230315387249,0.7513812184333801,0.03047814406454563,0.06276193261146545,0.35620054602622986,0.01722760871052742,0.056209586560726166,0.7659026384353638,0.0566917359828949,0.14052371680736542,0.3710462152957916
Cyphoidris_afrc-tz01_CASENT0744810_processed.obj,H3_deform,0.024165533483028412,0.16717250645160675,0.045844946056604385,0.12132755666971207,0.2653270959854126,0.5008826851844788,0.011468705721199512,0.014466666616499424,0.009499999694526196,0.040783315896987915,0.0814666673541069,0.0272000003606081,0.10525428503751755,0.2858999967575073,0.06450000405311584,0.31310802698135376,0.6812333464622498,0.2032666653394699,0.5241237878799438,0.5073666572570801,0.9725844860076904,0.2283867448568344,1.2481156587600708,0.6248152256011963,0.14758959412574768,0.942537784576416,0.2623213231563568,0.0,0.7757261991500854,0.22962069511413574,0.011730462312698364,0.030157038941979408,0.08807091414928436,16.867416381835938,138.95672607421875,0.03164825215935707,0.0037132780998945236,0.006070423871278763,0.004564572591334581,-0.0007791346870362759,0.04333222284913063,0.13402873277664185,0.32413792610168457,0.05413536727428436,0.13225647807121277,0.23009663820266724,0.03445538133382797,0.09554912149906158,0.265193372964859,0.04938103258609772,0.08314120769500732,0.12401056289672852,0.03631358593702316,0.10397125780582428,0.35668298602104187,0.022555779665708542,0.051774244755506516,0.5304136276245117
Cyphomyrmex_cf.minutus_CASENT0744280_processed.obj,H3_deform,0.024162139743566513,0.15940147638320923,0.032837845385074615,0.1265636384487152,0.2736126482486725,0.43945232033729553,0.01194524485617876,0.015133333392441273,0.009866666980087757,0.047946903854608536,0.1003333330154419,0.03150000050663948,0.11919603496789932,0.38146665692329407,0.07063333690166473,0.31972578167915344,0.8035333156585693,0.19956666231155396,0.5789347290992737,0.5093333125114441,0.9982344508171082,0.24608398973941803,1.2895653247833252,0.6263114809989929,0.1574779897928238,1.008684515953064,0.28389760851860046,0.0,0.7565207481384277,0.17455360293388367,0.012789039872586727,0.028565125539898872,0.0792463943362236,19.31155776977539,148.3137969970703,0.04015514627099037,0.0060271513648331165,0.008318480104207993,0.007897809147834778,-0.0026565049774944782,0.03491451218724251,0.09241408854722977,0.35862070322036743,0.03904450684785843,0.09863056987524033,0.295904278755188,0.029247645288705826,0.071391761302948,0.3784530460834503,0.022572502493858337,0.038836125284433365,0.38786280155181885,0.025811854749917984,0.06345075368881226,0.5029616355895996,0.025905469432473183,0.06093056872487068,0.46715328097343445
Dilobocondyla_fouqueti_CASENT0745576_processed.obj,H3_deform,0.005024346522986889,0.07996341586112976,0.031723346561193466,0.048240065574645996,0.10932651907205582,0.1795668601989746,0.037882447242736816,0.04476666823029518,0.03283333405852318,0.13342784345149994,0.19143334031105042,0.10240000486373901,0.3020126223564148,0.4350000023841858,0.2312999963760376,0.656239926815033,0.7607666850090027,0.5769666433334351,0.596274197101593,0.278300017118454,0.9981996417045593,0.14164550602436066,1.1824134588241577,0.8051851391792297,0.08108529448509216,1.0088574886322021,0.13487908244132996,0.0,0.8291797041893005,0.3649034798145294,0.006456172559410334,0.018703129142522812,0.05582846328616142,16.1003475189209,124.28832244873047,0.02604217641055584,0.019470343366265297,0.020415879786014557,0.019647158682346344,-0.00010920129716396332,0.03584318235516548,0.08097133040428162,0.33601534366607666,0.04361097514629364,0.08541354537010193,0.297284871339798,0.017128966748714447,0.037581123411655426,0.6685082912445068,0.026494991034269333,0.06711305677890778,0.49604225158691406,0.020059842616319656,0.056139446794986725,0.6394540667533875,0.015207168646156788,0.05975364148616791,0.8333333134651184
Dorylus_fulvus_CASENT0745678_processed.obj,H3_deform,0.0024501988664269447,0.05374886095523834,0.02167605422437191,0.03207280859351158,0.07947912067174911,0.1325313001871109,0.07625498622655869,0.08966666460037231,0.0663333311676979,0.23996110260486603,0.32286667823791504,0.19093333184719086,0.4771166145801544,0.6126999855041504,0.390666663646698,0.8425576090812683,0.9119666814804077,0.782966673374176,0.6719362139701843,0.240733340382576,1.0259463787078857,0.16278968751430511,1.2152248620986938,0.8757187128067017,0.07440316677093506,1.089253306388855,0.12363427877426147,0.0,0.8502912521362305,0.41943737864494324,0.004766095895320177,0.013094287365674973,0.0601227842271328,21.737024307250977,149.7115478515625,0.051269516348838806,0.010850622318685055,0.012415983714163303,0.011296212673187256,-3.505498170852661e-05,0.02096853405237198,0.05225612223148346,0.5681992173194885,0.035909514874219894,0.09284190088510513,0.3387022614479065,0.016736701130867004,0.0633503794670105,0.7762431502342224,0.033429503440856934,0.07986516505479813,0.416886568069458,0.012728584930300713,0.031427327543497086,0.8565542101860046,0.012693543918430805,0.05069039389491081,0.8430656790733337
Eciton_hamatum_CASENT0744580_processed.obj,H3_deform,0.0011754335137084126,0.03553078696131706,0.015653448179364204,0.019877338781952858,0.05666288360953331,0.1666482388973236,0.14705900847911835,0.15573333203792572,0.13930000364780426,0.3974963426589966,0.43140000104904175,0.36853334307670593,0.6953616142272949,0.7410666942596436,0.6549666523933411,0.9485430717468262,0.9686000347137451,0.9293000102043152,0.6600169539451599,0.30036666989326477,1.026361107826233,0.15864939987659454,1.1756579875946045,0.8561994433403015,0.07757365703582764,1.0807536840438843,0.14366962015628815,0.0,0.843957781791687,0.3769543766975403,0.00414870772510767,0.0106686195358634,0.031830765306949615,22.398574829101562,125.60242462158203,0.03298458456993103,0.008112684823572636,0.008679300546646118,0.008591522462666035,-0.0002379380166530609,0.01796167902648449,0.05162957310676575,0.7065134048461914,0.020264120772480965,0.04606419801712036,0.5701794624328613,0.015264522284269333,0.036927226930856705,0.7707182765007019,0.012165388092398643,0.028407683596014977,0.857519805431366,0.01018829457461834,0.026527313515543938,0.8959567546844482,0.01135777123272419,0.044957734644412994,0.8515815138816833
Ectatomma_brunneum_CASENT0744575_processed.obj,H3_deform,0.015557639300823212,0.13364027440547943,0.045383285731077194,0.08825699239969254,0.1977977752685547,0.2647528350353241,0.022138133645057678,0.026200000196695328,0.019166667014360428,0.0823475569486618,0.14586666226387024,0.057366665452718735,0.20406851172447205,0.3989333510398865,0.1370999962091446,0.4696953594684601,0.6956666707992554,0.3545333445072174,0.5816714763641357,0.2934666574001312,0.9597834348678589,0.17784740030765533,1.1710948944091797,0.6582747101783752,0.12122827023267746,0.9246507883071899,0.22463224828243256,0.0,0.7883985042572021,0.29304856061935425,0.007999165914952755,0.020577743649482727,0.0540081225335598,14.446553230285645,121.80821228027344,0.022196149453520775,0.0018150986870750785,0.002743104239925742,0.002039114246144891,-0.0006937111029401422,0.06497999280691147,0.1556049883365631,0.17547893524169922,0.047087617218494415,0.12506915628910065,0.3055683374404907,0.03677155822515488,0.09344664961099625,0.34530389308929443,0.021585648879408836,0.037727780640125275,0.49076518416404724,0.018275655806064606,0.041081979870796204,0.6711305975914001,0.03126698359847069,0.1394995152950287,0.7201946377754211
Eurhopalothrix_procera_CASENT0745605_processed.obj,H3_deform,0.012407650239765644,0.11828824877738953,0.03931767866015434,0.07897056639194489,0.18581922352313995,0.3245365023612976,0.027997927740216255,0.03420000150799751,0.02370000071823597,0.09735223650932312,0.16173332929611206,0.06963333487510681,0.22752365469932556,0.41423332691192627,0.15683333575725555,0.5118913054466248,0.7263666987419128,0.3952000141143799,0.6179606914520264,0.34343335032463074,1.016034722328186,0.22771701216697693,1.258859395980835,0.7449047565460205,0.11481432616710663,1.0529754161834717,0.19471599161624908,0.0,0.8138579726219177,0.29998889565467834,0.007175059989094734,0.017611604183912277,0.07064682990312576,19.161996841430664,124.41686248779297,0.033049773424863815,0.021588511765003204,0.024791907519102097,0.02359733171761036,-0.0006090719252824783,0.04530341550707817,0.1266961544752121,0.37049809098243713,0.03367740288376808,0.09801604598760605,0.41417396068573,0.035456787794828415,0.10592185705900192,0.2596685290336609,0.027649536728858948,0.06688972562551498,0.5118733644485474,0.023474277928471565,0.07659032940864563,0.6023693084716797,0.021352596580982208,0.0845547541975975,0.7141119241714478
Heteroponera_panamensis_CASENT0744055_processed.obj,H3_deform,0.02644645981490612,0.18130850791931152,0.061991266906261444,0.11931724101305008,0.24529697000980377,0.35612952709198,0.01199544407427311,0.014766667038202286,0.010100000537931919,0.04760435223579407,0.08676666766405106,0.03280000016093254,0.11659087985754013,0.2662999927997589,0.07463333755731583,0.3043820858001709,0.5618333220481873,0.20873333513736725,0.5236008763313293,0.4191666841506958,0.9746074676513672,0.2240370661020279,1.2682945728302002,0.631984293460846,0.144997239112854,0.9467777013778687,0.25957435369491577,0.0,0.7582667469978333,0.1923636645078659,0.011186409741640091,0.03003501147031784,0.07619845122098923,16.46073341369629,142.62075805664062,0.032886803150177,0.039110880345106125,0.04190615192055702,0.047963518649339676,-0.00042207539081573486,0.07188010960817337,0.2093357890844345,0.2501915693283081,0.047361426055431366,0.1218544989824295,0.3092498779296875,0.06256891787052155,0.11400604993104935,0.13535912334918976,0.02823791466653347,0.04731815680861473,0.2770448625087738,0.03810346871614456,0.10920780152082443,0.3654390871524811,0.03458888456225395,0.10850463807582855,0.5924574136734009
Labidus_praedator_CASENT0744236_processed.obj,H3_deform,0.005038968287408352,0.0688764825463295,0.03427353501319885,0.034602947533130646,0.11945316940546036,0.2379555106163025,0.0956244096159935,0.10050000250339508,0.09120000153779984,0.2791984975337982,0.3080333471298218,0.25530001521110535,0.504615068435669,0.5528333187103271,0.4641333520412445,0.7651016116142273,0.7558333277702332,0.7746000289916992,0.6232417821884155,0.38093334436416626,1.0092616081237793,0.19607612490653992,1.237999677658081,0.7093673944473267,0.10934868454933167,1.0400792360305786,0.1930485963821411,0.0,0.817207396030426,0.30972665548324585,0.00720312399789691,0.01968037709593773,0.05406063795089722,20.113740921020508,141.48536682128906,0.04005736485123634,0.022853121161460876,0.025778502225875854,0.02415604330599308,-0.0008972752839326859,0.018994450569152832,0.06265439093112946,0.7015326023101807,0.07937386631965637,0.15860965847969055,0.12241141498088837,0.04230140149593353,0.13665348291397095,0.43922653794288635,0.06804415583610535,0.11726876348257065,0.10554090142250061,0.02479979395866394,0.0809764638543129,0.6134431958198547,0.026869265362620354,0.10248596221208572,0.5948905348777771
Labidus_praedator_CASENT0744237_processed.obj,H3_deform,0.003068512072786689,0.05762761831283569,0.02077770233154297,0.036849915981292725,0.10271508246660233,0.24534474313259125,0.05313528701663017,0.06083333492279053,0.04716666787862778,0.1985846906900406,0.2738666832447052,0.15576666593551636,0.458111047744751,0.6094000339508057,0.367000013589859,0.8382299542427063,0.945900022983551,0.7525666952133179,0.7040809988975525,0.241633340716362,0.967841625213623,0.1668655127286911,1.1300560235977173,0.7316153049468994,0.09432314336299896,0.9282701015472412,0.1790677011013031,0.0,0.8040995001792908,0.2796071171760559,0.005648565012961626,0.014663479290902615,0.04316919669508934,14.180750846862793,113.50816345214844,0.017698250710964203,0.006197180598974228,0.007754178252071142,0.006498415023088455,-0.00021839654073119164,0.020728155970573425,0.0416666679084301,0.5206896662712097,0.03495078161358833,0.08993945270776749,0.34652554988861084,0.02500380575656891,0.04615199565887451,0.3674033284187317,0.018382282927632332,0.03975088149309158,0.6147757768630981,0.013191196136176586,0.03017660789191723,0.8392994999885559,0.01739456318318844,0.0719783678650856,0.7785887718200684
Lasius_nr._fuliginosus_CASENT0878037_processed.obj,H3_deform,0.0029099893290549517,0.05901499092578888,0.02477673627436161,0.03423825651407242,0.08480177074670792,0.17375251650810242,0.07445944845676422,0.08479999750852585,0.06636666506528854,0.23198893666267395,0.30433332920074463,0.18743333220481873,0.44728946685791016,0.5622333288192749,0.3713666796684265,0.7999148964881897,0.8486999869346619,0.756433367729187,0.7372512817382812,0.17063333094120026,1.0077656507492065,0.18474043905735016,1.262677788734436,0.7878769040107727,0.09220319986343384,1.034850835800171,0.17413702607154846,0.0,0.8321439623832703,0.305867075920105,0.006230545230209827,0.018634282052516937,0.05035118758678436,18.107498168945312,140.9166717529297,0.037515077739953995,0.0011665307683870196,0.0026700226590037346,0.0012018547859042883,-0.002487548626959324,0.02664656937122345,0.07192360609769821,0.5363984704017639,0.027003780007362366,0.06608716398477554,0.44960883259773254,0.01762525737285614,0.037413258105516434,0.6187845468521118,0.019472457468509674,0.055874865502119064,0.6701847314834595,0.014985430054366589,0.040172964334487915,0.7710533142089844,0.02932611107826233,0.08820296823978424,0.5462287068367004
Lioponera_daikoku_OKENT0105067_processed.obj,H3_deform,0.02407318726181984,0.1574796587228775,0.04523170739412308,0.11224795132875443,0.2782450318336487,0.39133092761039734,0.021397242322564125,0.026233334094285965,0.018066667020320892,0.07903449237346649,0.12970000505447388,0.056833334267139435,0.19004982709884644,0.36079999804496765,0.1290000081062317,0.4347440004348755,0.6827666759490967,0.3188999891281128,0.5434346199035645,0.41903334856033325,0.9961130619049072,0.36559855937957764,1.231408953666687,0.672159731388092,0.12765634059906006,1.0101628303527832,0.22118797898292542,0.0,0.7894189357757568,0.27944719791412354,0.00973071251064539,0.026395946741104126,0.09350916743278503,18.735820770263672,129.57870483398438,0.029040776193141937,0.015003359876573086,0.017133472487330437,0.017744582146406174,0.001004161313176155,0.04895513504743576,0.126663938164711,0.30038315057754517,0.03851550817489624,0.08003291487693787,0.2623101770877838,0.03453788161277771,0.076978899538517,0.24861879646778107,0.03213183954358101,0.07245169579982758,0.3641161024570465,0.028932901099324226,0.10984829813241959,0.5786762833595276,0.03640644624829292,0.09662038832902908,0.5170316100120544
Mayriella_sp._CASENT0745610_processed.obj,H3_deform,0.014676484279334545,0.12390904128551483,0.03222641721367836,0.09168262034654617,0.19070307910442352,0.5106498003005981,0.021765751764178276,0.026499999687075615,0.018466666340827942,0.08376839011907578,0.14853332936763763,0.05833333358168602,0.20419514179229736,0.4284999966621399,0.13403333723545074,0.47308993339538574,0.7954000234603882,0.33666667342185974,0.4905828833580017,0.4800666868686676,0.9964170455932617,0.17568670213222504,1.1947602033615112,0.7507583498954773,0.0998903438448906,0.9927719235420227,0.18204893171787262,0.0,0.8259541988372803,0.3097155690193176,0.007319057360291481,0.018951335921883583,0.06447098404169083,17.366954803466797,126.26589965820312,0.027085168287158012,0.027739491313695908,0.02884708158671856,0.03220696374773979,0.0008282605558633804,0.03570854291319847,0.0901474580168724,0.37432950735092163,0.04034992679953575,0.09334071725606918,0.2756557762622833,0.03573339432477951,0.11080096662044525,0.5055248737335205,0.052293069660663605,0.08636549115180969,0.036939315497875214,0.02076824940741062,0.054790694266557693,0.6337883472442627,0.04174776375293732,0.12173318862915039,0.4866180121898651
Mesoponera_ambigua_CASENT0745584_processed.obj,H3_deform,0.013890039175748825,0.12669089436531067,0.04272172227501869,0.08396916836500168,0.17951664328575134,0.34933412075042725,0.024498719722032547,0.029266666620969772,0.02106666751205921,0.09582478553056717,0.15816666185855865,0.0687333345413208,0.2160433530807495,0.41716668009757996,0.14576667547225952,0.46630093455314636,0.6970333456993103,0.3503333330154419,0.5665948390960693,0.34566667675971985,0.9620652198791504,0.20172132551670074,1.1940233707427979,0.6418824195861816,0.13075730204582214,0.9110880494117737,0.2537755072116852,0.0,0.7770578861236572,0.19729137420654297,0.009203596040606499,0.024855880066752434,0.07389289140701294,15.805584907531738,127.50189208984375,0.027117760851979256,0.05115407332777977,0.05441441386938095,0.056421805173158646,-0.0007803626358509064,0.05561794340610504,0.1447448432445526,0.29080459475517273,0.03173576295375824,0.07653715461492538,0.40082836151123047,0.034038249403238297,0.07561085373163223,0.265193372964859,0.02507181279361248,0.04983539879322052,0.42480212450027466,0.023051626980304718,0.062347885221242905,0.6494978070259094,0.03552965074777603,0.09999777376651764,0.5182482004165649
Myrmecina_ryukyuensis_OKENT0105085_processed.obj,H3_deform,0.006370817311108112,0.08503831923007965,0.034648168832063675,0.050390154123306274,0.10535503923892975,0.3842271566390991,0.048995330929756165,0.05693333223462105,0.0430000014603138,0.15702779591083527,0.21246667206287384,0.12453333288431168,0.3236790895462036,0.42579999566078186,0.2610666751861572,0.6244926452636719,0.7114666700363159,0.5564666986465454,0.658444881439209,0.27399998903274536,1.0077811479568481,0.243134006857872,1.280796766281128,0.7643147110939026,0.09842509031295776,1.0412646532058716,0.16799570620059967,0.0,0.8200980424880981,0.3205330967903137,0.007021114695817232,0.022862758487462997,0.08834682404994965,17.002954483032227,128.43760681152344,0.031224537640810013,0.017977582290768623,0.01922675594687462,0.01931784301996231,-1.1479482054710388e-05,0.03507906571030617,0.08109033852815628,0.3804597854614258,0.03923211246728897,0.08187060803174973,0.292682945728302,0.020920762792229652,0.04367286339402199,0.560773491859436,0.03825608640909195,0.07431398332118988,0.24538259208202362,0.02276758663356304,0.07858714461326599,0.673448383808136,0.020320279523730278,0.06957891583442688,0.7274938821792603
Myrmecina_sp._CASENT0745613_processed.obj,H3_deform,0.009536739438772202,0.10806959867477417,0.041036207228899,0.06703338772058487,0.14848503470420837,0.20721547305583954,0.027431750670075417,0.03243333473801613,0.023766666650772095,0.10453382134437561,0.16183333098888397,0.07720000296831131,0.24541646242141724,0.3991999924182892,0.1771666705608368,0.5314977169036865,0.7035333514213562,0.4270666837692261,0.6357863545417786,0.3068999946117401,0.9707306623458862,0.19319243729114532,1.175650715827942,0.6928061842918396,0.11342769116163254,0.9583054780960083,0.2063831239938736,0.0,0.813122034072876,0.29590800404548645,0.00816319976001978,0.023566976189613342,0.09531395137310028,15.804269790649414,129.92422485351562,0.026302924379706383,0.01309923455119133,0.014611802995204926,0.015030117705464363,0.0006069745868444443,0.05281655117869377,0.12745223939418793,0.28812262415885925,0.0335431732237339,0.07764878869056702,0.34238380193710327,0.02461257576942444,0.06995651870965958,0.5469613671302795,0.03194177523255348,0.06025523319840431,0.2585752010345459,0.019537974148988724,0.05348241701722145,0.6876126527786255,0.03130710870027542,0.11420096457004547,0.6338199377059937
Nesomyrmex_angulatus_CASENT0744820_processed.obj,H3_deform,0.01365695521235466,0.12625685334205627,0.03767204284667969,0.08858481794595718,0.181407168507576,0.26321524381637573,0.023523256182670593,0.02890000119805336,0.019833333790302277,0.08499030768871307,0.1539333313703537,0.05869999900460243,0.19007658958435059,0.41883334517478943,0.12293333560228348,0.43791937828063965,0.756600022315979,0.3081333339214325,0.5594222545623779,0.40529999136924744,1.0122941732406616,0.17143355309963226,1.2019131183624268,0.7734156847000122,0.09546865522861481,1.0426043272018433,0.1637774258852005,0.0,0.8267696499824524,0.37839487195014954,0.007158617954701185,0.018448110669851303,0.06341439485549927,18.352760314941406,120.30215454101562,0.02685701474547386,0.0034745484590530396,0.005027551669627428,0.003617954207584262,-0.0008943132124841213,0.04966071993112564,0.12578172981739044,0.25249043107032776,0.02413073554635048,0.049447283148765564,0.46295446157455444,0.027288369834423065,0.0713651180267334,0.511049747467041,0.024802448228001595,0.043799787759780884,0.3667546212673187,0.020465321838855743,0.047976717352867126,0.6840072274208069,0.051601726561784744,0.1830105483531952,0.43673965334892273
Odontomachus_troglodytes_CASENT0744970_processed.obj,H3_deform,0.0018460140563547611,0.04533161222934723,0.018589787185192108,0.02674182504415512,0.06987970322370529,0.18193577229976654,0.10126610845327377,0.11030000448226929,0.09359999746084213,0.29888811707496643,0.3578000068664551,0.25663334131240845,0.564958393573761,0.6610333323478699,0.49326667189598083,0.9101536273956299,0.9494667053222656,0.8739666938781738,0.6893925666809082,0.20473334193229675,0.9957786798477173,0.15539336204528809,1.1486198902130127,0.8220325708389282,0.07356707751750946,1.003885269165039,0.12261059135198593,0.0,0.8355766534805298,0.3888564705848694,0.005380335729569197,0.015012003481388092,0.0492771752178669,16.133935928344727,121.01036071777344,0.023565074428915977,0.020341159775853157,0.021017763763666153,0.020687270909547806,-0.0001659393310546875,0.01900346204638481,0.04695260152220726,0.6467432975769043,0.01988016627728939,0.05174172669649124,0.6023930311203003,0.016519790515303612,0.03638613969087601,0.6767956018447876,0.0178342517465353,0.045296408236026764,0.6569921374320984,0.01645173318684101,0.04795769974589348,0.7262426018714905,0.012850341387093067,0.05597485974431038,0.8661800622940063
Oxyopomyrmex_saulcyi_CASENT0745218_processed.obj,H3_deform,0.005820938386023045,0.07952739298343658,0.022138534113764763,0.05738886073231697,0.1342005431652069,0.23180817067623138,0.04313240572810173,0.05236666649580002,0.036666665226221085,0.15314485132694244,0.25093334913253784,0.11020000278949738,0.33717697858810425,0.5980666875839233,0.2347666621208191,0.6494499444961548,0.9120333194732666,0.5042666792869568,0.5731066465377808,0.44850000739097595,0.981346070766449,0.14084596931934357,1.1242586374282837,0.7920496463775635,0.0762055367231369,0.9675021767616272,0.13865014910697937,0.0,0.8187298774719238,0.3254564106464386,0.005014433525502682,0.012759538367390633,0.04183671250939369,14.917007446289062,116.00421142578125,0.020436100661754608,0.0005143462331034243,0.001257712603546679,0.0006013618549332023,-0.0006050675292499363,0.025632213801145554,0.060760632157325745,0.4681992530822754,0.026067109778523445,0.061189401894807816,0.46065348386764526,0.035177696496248245,0.07380124181509018,0.3425414562225342,0.03023308329284191,0.059735678136348724,0.3799472451210022,0.01313235703855753,0.028172442689538002,0.8413597941398621,0.018721021711826324,0.07221245020627975,0.7518247961997986
Polyrhachis_decemdentata_CASENT0744779_processed.obj,H3_deform,0.009698365814983845,0.10828287899494171,0.040948111563920975,0.06733477115631104,0.150068461894989,0.20302334427833557,0.02964332513511181,0.03526666760444641,0.025566667318344116,0.10965580493211746,0.16983333230018616,0.08096666634082794,0.25905507802963257,0.41100001335144043,0.18913333117961884,0.5445618033409119,0.6938666701316833,0.44813334941864014,0.607366681098938,0.3287999927997589,1.0049887895584106,0.1696326583623886,1.2099008560180664,0.7877122163772583,0.08883768320083618,1.0304248332977295,0.1534208357334137,0.0,0.8291705250740051,0.37295079231262207,0.006227678619325161,0.01715821959078312,0.06888438761234283,16.42542839050293,122.05492401123047,0.02424953691661358,0.016168199479579926,0.017381031066179276,0.017625128850340843,0.00014228187501430511,0.05107724666595459,0.12620070576667786,0.2896551787853241,0.03887755423784256,0.09283759444952011,0.32995858788490295,0.02562849596142769,0.06126689538359642,0.45856356620788574,0.021839391440153122,0.05561142414808273,0.5831134915351868,0.017987634986639023,0.04434883967041969,0.688900351524353,0.041575439274311066,0.1588859260082245,0.5474452376365662
Polyrhachis_dives_CASENT0878093_processed.obj,H3_deform,0.01903807371854782,0.1535368412733078,0.06140735372900963,0.09212949126958847,0.19729870557785034,0.34152188897132874,0.01832127571105957,0.021800000220537186,0.015800001099705696,0.06362023204565048,0.10833333432674408,0.04503333568572998,0.15478506684303284,0.296999990940094,0.10466666519641876,0.41155388951301575,0.5854666829109192,0.3172999918460846,0.5775719881057739,0.2931666672229767,0.9668769240379333,0.21026822924613953,1.1921478509902954,0.6577253341674805,0.1222352460026741,0.9420744180679321,0.2421671599149704,0.0,0.7798256874084473,0.20466415584087372,0.008493646048009396,0.02419796772301197,0.07727860659360886,15.502569198608398,133.69638061523438,0.027671851217746735,0.0072873430326581,0.009158504195511341,0.007885735481977463,0.00023971032351255417,0.08166132122278214,0.17646436393260956,0.15210728347301483,0.040902458131313324,0.09906118363142014,0.27335482835769653,0.03815927356481552,0.09583437442779541,0.3839779198169708,0.03998357057571411,0.07382085919380188,0.2242744117975235,0.028581706807017326,0.09641135483980179,0.5549832582473755,0.025200020521879196,0.08732135593891144,0.6605839133262634
Ponera_kohmoku_OKENT0105440_processed.obj,H3_deform,0.0069595640525221825,0.08381189405918121,0.02722032181918621,0.056591570377349854,0.12935414910316467,0.43120086193084717,0.037962500005960464,0.04556666687130928,0.03253333270549774,0.1384948194026947,0.2140333354473114,0.10236667096614838,0.30644166469573975,0.4934000074863434,0.2222333401441574,0.652060866355896,0.8511999845504761,0.5284333229064941,0.6178640723228455,0.3369666635990143,1.0128661394119263,0.21442200243473053,1.2852952480316162,0.7312572598457336,0.10865093022584915,1.0534694194793701,0.20107853412628174,0.0,0.8115703463554382,0.24950683116912842,0.007445229217410088,0.022084197029471397,0.056188054382801056,18.45667839050293,142.9900665283203,0.03800397738814354,0.002950958674773574,0.0038767477963119745,0.003263520309701562,3.5665929317474365e-05,0.027635667473077774,0.06557270884513855,0.4398467540740967,0.025403911247849464,0.056908752769231796,0.4693971574306488,0.027190255001187325,0.05942140892148018,0.40055251121520996,0.039963580667972565,0.07564249634742737,0.2242744117975235,0.02220718003809452,0.07002545893192291,0.6448622345924377,0.03543390706181526,0.12244171649217606,0.5571776032447815
Ponera_tamon_OKENT0105154_processed.obj,H3_deform,0.0018554269336163998,0.0462523028254509,0.01863187924027443,0.027620423585176468,0.07287852466106415,0.14913968741893768,0.09949076175689697,0.11299999803304672,0.08886666595935822,0.3018398880958557,0.36836665868759155,0.25566667318344116,0.5504478812217712,0.6478000283241272,0.4785333275794983,0.8984342813491821,0.9606333374977112,0.8438000082969666,0.7070201635360718,0.3166666626930237,1.0532935857772827,0.32075420022010803,1.3187743425369263,0.8965744972229004,0.09561557322740555,1.1469242572784424,0.16683603823184967,0.0,0.8489127159118652,0.41543349623680115,0.005925035569816828,0.018288714811205864,0.05875740572810173,22.67901039123535,145.15806579589844,0.05130211263895035,0.025420479476451874,0.027340339496731758,0.02716432698071003,-0.00017002224922180176,0.02063518948853016,0.046409834176301956,0.5628352761268616,0.018182024359703064,0.03910325840115547,0.6364473104476929,0.009855072014033794,0.020716216415166855,0.9337016940116882,0.019767651334404945,0.04396810382604599,0.5910290479660034,0.015458578243851662,0.053909607231616974,0.7893381714820862,0.009428935125470161,0.031739652156829834,0.8892943859100342
Pseudolasius_sp._CASENT0878065_processed.obj,H3_deform,0.016962429508566856,0.12825462222099304,0.03725287318229675,0.09100175648927689,0.2198987752199173,0.5227763056755066,0.02173233963549137,0.026133334264159203,0.01860000006854534,0.0780276358127594,0.13729999959468842,0.05450000241398811,0.18653278052806854,0.3887999951839447,0.12269999831914902,0.46731388568878174,0.7363333702087402,0.34226667881011963,0.5929403901100159,0.3976333439350128,0.9901328682899475,0.23324698209762573,1.2117044925689697,0.7078618407249451,0.12109053879976273,0.9816186428070068,0.2153559774160385,0.0,0.8017723560333252,0.22161440551280975,0.010091587901115417,0.024446925148367882,0.06801779568195343,18.247943878173828,137.59912109375,0.0333431139588356,0.03266836330294609,0.03773488849401474,0.03751543164253235,-0.0017194263637065887,0.045012637972831726,0.11298912763595581,0.3176245391368866,0.039634350687265396,0.0817897766828537,0.26000919938087463,0.042578406631946564,0.12094364315271378,0.43922653794288635,0.03290223702788353,0.10315599292516708,0.42216360569000244,0.022502344101667404,0.053914960473775864,0.5418490767478943,0.02663964033126831,0.11385413259267807,0.7214111685752869
Pseudomyrmex_cf.solis_CASENT0744065_processed.obj,H3_deform,0.002915492746978998,0.05947081744670868,0.026089606806635857,0.03338120877742767,0.08129438012838364,0.19099915027618408,0.06722551584243774,0.07563333213329315,0.060499999672174454,0.20482982695102692,0.2592333257198334,0.16930000483989716,0.42614129185676575,0.5215666890144348,0.360233336687088,0.8208072781562805,0.8684333562850952,0.7781333327293396,0.6254764795303345,0.263866662979126,1.0311551094055176,0.18410396575927734,1.2949981689453125,0.796416699886322,0.10227538645267487,1.0973143577575684,0.17340442538261414,0.0,0.8313322067260742,0.38778311014175415,0.006939058192074299,0.01998596079647541,0.06332819908857346,20.006572723388672,132.8970947265625,0.03432091698050499,0.01426054909825325,0.015697918832302094,0.015063443221151829,0.0005786558613181114,0.020873932167887688,0.05163665488362312,0.5850574970245361,0.03214806318283081,0.07860344648361206,0.36171191930770874,0.019999045878648758,0.05431182682514191,0.6325967311859131,0.03948028013110161,0.08892342448234558,0.3113456666469574,0.02014884166419506,0.06570927053689957,0.6914756894111633,0.03537450730800629,0.1688697338104248,0.7007299065589905
Solenopsis_invicta_CASENT0744384_processed.obj,H3_deform,0.007212430704385042,0.09141234308481216,0.02624485082924366,0.06516749411821365,0.145719513297081,0.23146018385887146,0.02440195530653,0.028866667300462723,0.021133333444595337,0.09678645431995392,0.16486667096614838,0.06849999725818634,0.25006231665611267,0.4797666668891907,0.16910000145435333,0.5845253467559814,0.8755666613578796,0.43869999051094055,0.555817186832428,0.4504333436489105,0.977893054485321,0.1892014592885971,1.1623929738998413,0.7132054567337036,0.10166748613119125,0.9625558257102966,0.17637881636619568,0.0,0.8040771484375,0.2765792906284332,0.007424640469253063,0.01981084980070591,0.06452551484107971,15.260872840881348,120.75074005126953,0.023630261421203613,0.03748427703976631,0.0390947200357914,0.0391627699136734,-0.0006976835429668427,0.026650892570614815,0.06506267935037613,0.4685823917388916,0.0284777469933033,0.06230796501040459,0.4385642111301422,0.030825046822428703,0.06042573228478432,0.3397790193557739,0.025934694334864616,0.054572250694036484,0.37467020750045776,0.022857975214719772,0.058750998228788376,0.570692777633667,0.020330077037215233,0.06765922904014587,0.7287104725837708
Stigmatomma_FHG02_CASENT0745561_processed.obj,H3_deform,0.010977422818541527,0.10545467585325241,0.033087387681007385,0.07236728817224503,0.18403944373130798,0.3624129891395569,0.04229801148176193,0.05086666718125343,0.03620000183582306,0.14552150666713715,0.22663334012031555,0.10716667026281357,0.3155740201473236,0.498933345079422,0.2307666689157486,0.5942104458808899,0.7851666808128357,0.47796666622161865,0.6037299633026123,0.3209666609764099,1.0010539293289185,0.21764346957206726,1.2328654527664185,0.7169008851051331,0.111969955265522,1.019231915473938,0.19652828574180603,0.0,0.8042266964912415,0.2983241081237793,0.008390357717871666,0.022909270599484444,0.07632284611463547,16.863754272460938,128.9447784423828,0.028323719277977943,0.05615002289414406,0.058385010808706284,0.059917062520980835,0.000991232693195343,0.040222205221652985,0.1172332838177681,0.3804597854614258,0.027712799608707428,0.06668717414140701,0.4569719433784485,0.02937309630215168,0.06866781413555145,0.46408841013908386,0.028820915147662163,0.06049547344446182,0.4142480492591858,0.018666304647922516,0.05564839020371437,0.7334535121917725,0.041284073144197464,0.18700648844242096,0.5596107244491577
Strumigenys_alberti_CASENT0878103_processed.obj,H3_deform,0.012740407139062881,0.12505871057510376,0.0472094900906086,0.07784922420978546,0.16643047332763672,0.38051509857177734,0.0192511435598135,0.022600000724196434,0.016766667366027832,0.07363399863243103,0.12269999831914902,0.05260000005364418,0.18554161489009857,0.3499666750431061,0.12623333930969238,0.47138041257858276,0.6541666984558105,0.3684333264827728,0.6017599701881409,0.30693334341049194,0.9699937105178833,0.2009878307580948,1.1909388303756714,0.6669232249259949,0.1251221001148224,0.949327826499939,0.24130581319332123,0.0,0.7967817187309265,0.2664072513580322,0.008311779238283634,0.02218109928071499,0.05792190879583359,15.721746444702148,127.76658630371094,0.025325121358036995,0.004414454568177462,0.0056193508207798,0.004838686902076006,-0.0010739276185631752,0.05435606464743614,0.12534630298614502,0.26743295788764954,0.03678423538804054,0.09327384829521179,0.37735849618911743,0.03374811261892319,0.07525462657213211,0.2983425557613373,0.031638603657484055,0.060096319764852524,0.23218998312950134,0.02739938348531723,0.09553853422403336,0.5987638235092163,0.09051582217216492,0.3160877823829651,0.33090025186538696
Strumigenys_canina_OKENT0105288_processed.obj,H3_deform,0.008015104569494724,0.09602952003479004,0.03245559707283974,0.0635739266872406,0.14880003035068512,0.2974514365196228,0.03946853056550026,0.04703333228826523,0.03400000184774399,0.13279204070568085,0.19126667082309723,0.10170000046491623,0.2945367693901062,0.4440999925136566,0.22033333778381348,0.5827077031135559,0.7694666981697083,0.46889999508857727,0.598429799079895,0.41153332591056824,0.9911242723464966,0.223739355802536,1.244931936264038,0.6667353510856628,0.1392112821340561,0.9814504981040955,0.24827693402767181,0.0,0.8113548159599304,0.28667396306991577,0.00879189744591713,0.022983312606811523,0.07505714148283005,18.723388671875,122.39065551757812,0.02672664076089859,0.06368090212345123,0.06821461021900177,0.0730808824300766,0.0017299018800258636,0.035686690360307693,0.08820536732673645,0.35134100914001465,0.04006728157401085,0.09264534711837769,0.28808099031448364,0.02837028168141842,0.07657135277986526,0.46408841013908386,0.031593192368745804,0.06202932819724083,0.21635884046554565,0.016955604776740074,0.044486887753009796,0.7406644225120544,0.03415926918387413,0.1735883355140686,0.6167883276939392
Strumigenys_crassicornis_CASENT0744273_processed.obj,H3_deform,0.012916160747408867,0.12508666515350342,0.044331371784210205,0.08075530081987381,0.17285756766796112,0.26381367444992065,0.02140045166015625,0.025966666638851166,0.018200000748038292,0.0793224349617958,0.13753333687782288,0.0557333342730999,0.1914394497871399,0.37213334441185,0.12886667251586914,0.46589338779449463,0.6809666752815247,0.3540666699409485,0.5881139636039734,0.3456999957561493,0.9995718598365784,0.23343941569328308,1.277020812034607,0.6989185214042664,0.12034934014081955,1.0192967653274536,0.19802413880825043,0.0,0.8223047852516174,0.327285498380661,0.008110138587653637,0.022666001692414284,0.07487097382545471,18.277225494384766,143.6481170654297,0.037515077739953995,0.001243856269866228,0.0023207433987408876,0.0013978061033412814,-0.0013804107438772917,0.05631551891565323,0.1465294510126114,0.27586206793785095,0.03531116619706154,0.08301357179880142,0.356649786233902,0.03606269136071205,0.08410042524337769,0.3425414562225342,0.04693324863910675,0.07945900410413742,0.14511874318122864,0.02139311656355858,0.052014466375112534,0.5874323844909668,0.03893730044364929,0.13246537744998932,0.6350364685058594
Strumigenys_sp._appretiata_group_CASENT0744156_processed.obj,H3_deform,0.006279435940086842,0.0844791978597641,0.031214380636811256,0.053264815360307693,0.12874118983745575,0.24015356600284576,0.0513002835214138,0.061900001019239426,0.043800000101327896,0.1759956181049347,0.2658666670322418,0.13153333961963654,0.3507198691368103,0.5078999996185303,0.26783332228660583,0.6365829110145569,0.7631999850273132,0.5460000038146973,0.6343839168548584,0.33063334226608276,1.0046952962875366,0.19397546350955963,1.1625194549560547,0.7941310405731201,0.08041612058877945,1.0264337062835693,0.1506516933441162,0.0,0.8346527218818665,0.3174906075000763,0.005697538144886494,0.016482854261994362,0.08420822024345398,18.01199722290039,130.46945190429688,0.03027932718396187,0.002445499412715435,0.0033655071165412664,0.00268367538228631,-0.00027788104489445686,0.0382232666015625,0.09043467044830322,0.3685823976993561,0.031513761729002,0.06800626218318939,0.3515876829624176,0.028334934264421463,0.07902096956968307,0.5082873106002808,0.04912792891263962,0.08167389780282974,0.14775726199150085,0.013690474443137646,0.03479617461562157,0.8560391664505005,0.019222058355808258,0.08266787976026535,0.7968369722366333
Strumigenys_stenorhina_OKENT0105268_processed.obj,H3_deform,0.0013267678441479802,0.034255918115377426,0.012911065481603146,0.021344853565096855,0.07125429064035416,0.2387973666191101,0.19552987813949585,0.21236667037010193,0.1811666637659073,0.48119956254959106,0.5398666858673096,0.4340333342552185,0.7217602133750916,0.8093667030334473,0.6512666940689087,0.9394320845603943,0.9899333715438843,0.893833339214325,0.7853506803512573,0.26460000872612,1.000831127166748,0.11916795372962952,1.1250590085983276,0.887499988079071,0.053079165518283844,1.0285234451293945,0.10779323428869247,0.0,0.8440781831741333,0.3860805034637451,0.0031581574585288763,0.007971785962581635,0.021952971816062927,15.272643089294434,106.61613464355469,0.01597079634666443,0.0025938567705452442,0.003993123769760132,0.0028571586590260267,-0.0006401746068149805,0.01524290069937706,0.03566503897309303,0.7298851013183594,0.019156564027071,0.0437009260058403,0.6226415038108826,0.03487652540206909,0.09978794306516647,0.3922652006149292,0.012998556718230247,0.026855578646063805,0.8364116549491882,0.0066203465685248375,0.012939264997839928,0.9963945746421814,0.006570542696863413,0.018831228837370872,0.9501216411590576
Syllophopsis_sechellensis_OKENT0105212_processed.obj,H3_deform,0.001717154635116458,0.04405698925256729,0.018740996718406677,0.025315990671515465,0.06315784156322479,0.19809824228286743,0.09354584664106369,0.10216666758060455,0.0862666666507721,0.3005274534225464,0.35753333568573,0.25920000672340393,0.5756167769432068,0.6581666469573975,0.5114666819572449,0.916481614112854,0.9478000402450562,0.8871666789054871,0.7311837077140808,0.20096667110919952,1.03549325466156,0.1803465038537979,1.276589274406433,0.8757518529891968,0.07771379500627518,1.1056878566741943,0.1472626030445099,0.0,0.844241201877594,0.38923895359039307,0.004803282208740711,0.013431689701974392,0.05174056813120842,19.810081481933594,139.9172821044922,0.044001176953315735,0.035396069288253784,0.03746221587061882,0.03877612203359604,-0.0011184103786945343,0.018814491108059883,0.05027756839990616,0.6363984942436218,0.023646334186196327,0.05541485920548439,0.49240681529045105,0.01035735197365284,0.021667009219527245,0.9171271324157715,0.02375670336186886,0.06858492642641068,0.5751979351043701,0.01440116111189127,0.039903074502944946,0.8065928816795349,0.021623685956001282,0.09216831624507904,0.672749400138855
Temnothorax_congruus_OKENT0105443_processed.obj,H3_deform,0.0026313033886253834,0.05620032176375389,0.020698871463537216,0.035501450300216675,0.07821612805128098,0.12647968530654907,0.07181831449270248,0.08410000056028366,0.06266666948795319,0.24909968674182892,0.3326333463191986,0.19910000264644623,0.481498122215271,0.6263333559036255,0.39106667041778564,0.7836763858795166,0.9222000241279602,0.6813333630561829,0.7225412130355835,0.28166666626930237,1.013369083404541,0.12448448687791824,1.1132586002349854,0.9147409200668335,0.04867181181907654,1.0369048118591309,0.08807819336652756,0.0,0.8497918844223022,0.3985060453414917,0.00357452011667192,0.010543188080191612,0.043343111872673035,16.609323501586914,125.37837982177734,0.026107363402843475,0.014624440111219883,0.015318515710532665,0.015142292715609074,5.895737558603287e-05,0.025438491255044937,0.0643177404999733,0.5187739729881287,0.02400911971926689,0.04397483542561531,0.40266913175582886,0.01294495165348053,0.030380554497241974,0.8535912036895752,0.01725032366812229,0.04229577258229256,0.6781002879142761,0.010174917057156563,0.02367507666349411,0.9291784763336182,0.008391802199184895,0.02060200832784176,0.94525545835495
Temnothorax_sp._OKENT0105336_processed.obj,H3_deform,0.005303265992552042,0.07887700945138931,0.024271322414278984,0.05460568889975548,0.11086507886648178,0.26718634366989136,0.044034529477357864,0.05429999902844429,0.037033334374427795,0.15127763152122498,0.2449333369731903,0.10943333804607391,0.3312629163265228,0.5505666732788086,0.23690000176429749,0.6286301612854004,0.8914333581924438,0.4855000078678131,0.5780280232429504,0.44413334131240845,1.0153207778930664,0.1726338118314743,1.2557246685028076,0.7876431941986084,0.0916026309132576,1.0425161123275757,0.15700499713420868,0.0,0.837002694606781,0.34076687693595886,0.006054410245269537,0.018782349303364754,0.06947839260101318,18.78604507446289,135.4268798828125,0.035494282841682434,0.007871555164456367,0.009074263274669647,0.00811699591577053,4.7791749238967896e-05,0.02551160752773285,0.05533510819077492,0.437547892332077,0.035145632922649384,0.09374535083770752,0.39162448048591614,0.033113885670900345,0.11977829784154892,0.40883979201316833,0.04141717031598091,0.0791773721575737,0.24538259208202362,0.013850675895810127,0.03720754757523537,0.8480556607246399,0.025874080136418343,0.09917140007019043,0.6751824617385864
Tetramorium_kraepelini_CASENT0744084_processed.obj,H3_deform,0.00755797466263175,0.09106075018644333,0.026639023795723915,0.06442172825336456,0.14641042053699493,0.2295445054769516,0.03497183322906494,0.04336666688323021,0.02930000051856041,0.1281810998916626,0.2105666697025299,0.09213333576917648,0.2930043041706085,0.5376999974250793,0.20136666297912598,0.610359251499176,0.8655999898910522,0.47136667370796204,0.5980051755905151,0.44796666502952576,1.0083576440811157,0.1757916659116745,1.2366267442703247,0.7814136743545532,0.09277638047933578,1.0308476686477661,0.16779725253582,0.0,0.8297318816184998,0.31484901905059814,0.006193454843014479,0.017690930515527725,0.07705357670783997,17.598270416259766,130.2635040283203,0.0331149585545063,0.006011389661580324,0.007671734318137169,0.006849642377346754,-0.0004359418526291847,0.03250744938850403,0.09230732917785645,0.4329501986503601,0.019034303724765778,0.03708004951477051,0.5899677872657776,0.02422443777322769,0.0700540766119957,0.5856353640556335,0.02541462332010269,0.051299843937158585,0.40897098183631897,0.015588795766234398,0.0390106737613678,0.7687355279922485,0.02406281791627407,0.07422898709774017,0.5973235964775085
