mesh,stage,chamfer_l2,chamfer_l1,acc_mean,comp_mean,hausdorff_95,hausdorff_max,fscore@0.005,precision@0.005,recall@0.005,fscore@0.01,precision@0.01,recall@0.01,fscore@0.02,precision@0.02,recall@0.02,fscore@0.05,precision@0.05,recall@0.05,normal_consistency,normal_flip_frac,edge_ratio_mean,edge_ratio_std,edge_stretch_p95,edge_compress_p05,edge_logratio_absmean,area_ratio_mean,area_logratio_absmean,degenerate_tri_frac,tri_quality_mean,tri_quality_p05,deform_mag_mean,deform_mag_p95,deform_mag_max,dihedral_mean,dihedral_p99,folded_face_frac,midline_dev_mean,midline_dev_p95,midline_dev_mean_norm,midline_dev_excess,part_body_dist_mean,part_body_dist_p95,part_body_within_tau,part_head_dist_mean,part_head_dist_p95,part_head_within_tau,part_antenna_dist_mean,part_antenna_dist_p95,part_antenna_within_tau,part_mandible_dist_mean,part_mandible_dist_p95,part_mandible_within_tau,part_leg_dist_mean,part_leg_dist_p95,part_leg_within_tau,part_leg_distal_dist_mean,part_leg_distal_dist_p95,part_leg_distal_within_tau
Acanthostichus_aff.brevicornis_CASENT0744328_processed.obj,Stage_2_deform_coarse,0.0001927369157783687,0.016105495393276215,0.008103911764919758,0.008001584559679031,0.02035067230463028,0.0546627938747406,0.31876400113105774,0.32126668095588684,0.31630000472068787,0.7572857737541199,0.766700029373169,0.7480999827384949,0.9535543918609619,0.9483333230018616,0.9588333368301392,0.9999000430107117,0.9998000264167786,1.0,0.8195869326591492,0.19359999895095825,1.2421140670776367,1.115135669708252,2.5929336547851562,0.5419071912765503,0.32598862051963806,1.9356086254119873,0.5842493772506714,0.0,0.7534036040306091,0.3217781186103821,0.017115356400609016,0.04381443187594414,0.1770157814025879,14.247085571289062,81.18567657470703,0.007855025120079517,0.001920370850712061,0.0025841849856078625,0.0019247198943048716,-0.0074770632199943066,0.007972472347319126,0.019267909228801727,0.9563218355178833,0.0056252265349030495,0.010572989471256733,0.9976990222930908,0.009056003764271736,0.016060924157500267,0.9779005646705627,0.007108158897608519,0.013507450930774212,1.0,0.009556213393807411,0.023133115842938423,0.9237703084945679,0.008662798441946507,0.022115061059594154,0.930656909942627
Acromyrmex_coronatus_CASENT0744365_processed.obj,Stage_2_deform_coarse,0.0002570616779848933,0.017680102959275246,0.009073317982256413,0.008606784977018833,0.021012060344219208,0.0889754667878151,0.24596263468265533,0.2515333294868469,0.24063333868980408,0.731754720211029,0.7454000115394592,0.7186000347137451,0.951714813709259,0.9459666609764099,0.9575333595275879,0.9945229887962341,0.9893666505813599,0.9997333288192749,0.8106231689453125,0.13210000097751617,1.2456133365631104,1.1956841945648193,2.449263095855713,0.5835942029953003,0.3073141872882843,1.8801518678665161,0.5310074687004089,0.0,0.7817703485488892,0.33359894156455994,0.019034355878829956,0.05019639432430267,0.2732762396335602,14.064325332641602,77.60010528564453,0.006746846716850996,0.051330067217350006,0.052070386707782745,0.05232850834727287,0.0016446411609649658,0.007321535609662533,0.014567325823009014,0.9881226420402527,0.006438225042074919,0.011969806626439095,0.994017481803894,0.007828845642507076,0.013333364389836788,0.9861878752708435,0.009569196961820126,0.027151688933372498,0.9313984513282776,0.00862794928252697,0.01702433079481125,0.9698686599731445,0.008851883932948112,0.019667573273181915,0.9537712931632996
Acromyrmex_lobicornis_CASENT0878007_processed.obj,Stage_2_deform_coarse,0.0004268736229278147,0.024280481040477753,0.011638318188488483,0.01264216285198927,0.029386447742581367,0.0887908786535263,0.11462145298719406,0.11580000072717667,0.11346666514873505,0.4816191792488098,0.5057333111763,0.4597000181674957,0.8790508508682251,0.907800018787384,0.852066695690155,0.9951727390289307,0.9919333457946777,0.9984333515167236,0.7976487278938293,0.289000004529953,1.3774572610855103,1.3702242374420166,3.0725507736206055,0.5188779830932617,0.3949751555919647,2.6055610179901123,0.7066940665245056,0.0,0.7535766959190369,0.319269061088562,0.026792392134666443,0.06673634797334671,0.24066762626171112,15.306520462036133,81.83079528808594,0.008115772157907486,0.024973561987280846,0.02567780762910843,0.025090087205171585,0.003830771893262863,0.011042533442378044,0.02203177474439144,0.921455979347229,0.01360225584357977,0.03011549822986126,0.845835268497467,0.010762440040707588,0.020358417183160782,0.9447514414787292,0.009639367461204529,0.017570681869983673,0.9656992554664612,0.01158637274056673,0.023531032726168633,0.9178470373153687,0.010424207895994186,0.01981433294713497,0.9513381719589233
Anochetus_risii_CASENT0877608_processed.obj,Stage_2_deform_coarse,0.00015562112093903124,0.01480424776673317,0.007291510235518217,0.007512737065553665,0.0160980261862278,0.0658455416560173,0.31324416399002075,0.3211333453655243,0.305733323097229,0.8198586106300354,0.8381666541099548,0.8023333549499512,0.9740333557128906,0.9738667011260986,0.9742000102996826,0.999599814414978,0.9991999864578247,1.0,0.8477780222892761,0.11990000307559967,1.1914103031158447,0.9248803853988647,2.1801817417144775,0.6232678890228271,0.272119402885437,1.6442041397094727,0.4732355773448944,0.0,0.7937486171722412,0.33857467770576477,0.014175651594996452,0.040548283606767654,0.17059899866580963,13.59405517578125,77.97525787353516,0.007529090158641338,0.0040484583005309105,0.004748426377773285,0.004066231194883585,-0.006557241082191467,0.006136020179837942,0.012369854375720024,0.9931034445762634,0.006412319839000702,0.01253601722419262,0.9884951710700989,0.00791848823428154,0.0163586363196373,0.972375750541687,0.008065343834459782,0.016632474958896637,0.9947230219841003,0.007164580747485161,0.012593149207532406,0.9878959655761719,0.006885225884616375,0.014674125239253044,0.9768856167793274
Anochetus_risii_CASENT0877609_processed.obj,Stage_2_deform_coarse,0.0007190254982560873,0.0269298255443573,0.01360588613897562,0.013323938474059105,0.03242798149585724,0.2903829514980316,0.10742363333702087,0.10913333296775818,0.1057666689157486,0.44956591725349426,0.4702000021934509,0.4306666851043701,0.848267138004303,0.8700667023658752,0.8275333642959595,0.990474283695221,0.9840333461761475,0.9970000386238098,0.771415650844574,0.22933334112167358,1.4398075342178345,1.7568076848983765,3.305868625640869,0.5206206440925598,0.4070906937122345,2.86297607421875,0.7163985967636108,0.0,0.7358849048614502,0.253203421831131,0.027012867853045464,0.07087617367506027,0.3451691269874573,16.29937744140625,104.25292205810547,0.013200352899730206,0.0012187319807708263,0.002303175861015916,0.0012331596808508039,-0.009142355993390083,0.010680981911718845,0.020377352833747864,0.9455938935279846,0.015293938107788563,0.03448596969246864,0.7708237767219543,0.010899697430431843,0.021524298936128616,0.9447514414787292,0.010862406343221664,0.018319806084036827,0.9709762930870056,0.01399582251906395,0.036290958523750305,0.8452227711677551,0.01219911128282547,0.0263358261436224,0.9184914827346802
Aphaenogaster_pallida_CASENT0745235_processed.obj,Stage_2_deform_coarse,0.00013587778084911406,0.014301016926765442,0.006965378765016794,0.00733563769608736,0.015100323595106602,0.06851711124181747,0.3179361820220947,0.3240666687488556,0.3120333254337311,0.8222647905349731,0.847000002861023,0.7989333271980286,0.9868646860122681,0.9882667064666748,0.9854666590690613,0.9996998906135559,0.9994000196456909,1.0,0.8988542556762695,0.042266666889190674,1.1301242113113403,0.7261970639228821,1.8575724363327026,0.6483711004257202,0.2353098839521408,1.4441229104995728,0.4021388292312622,0.0,0.823993980884552,0.4047704339027405,0.010789870284497738,0.02736201509833336,0.12594880163669586,13.012479782104492,69.74783325195312,0.005149767268449068,0.0029235496185719967,0.003464925102889538,0.0029356065206229687,-0.0033268844708800316,0.006518090609461069,0.011993929743766785,0.9954023361206055,0.005936712026596069,0.011964883655309677,0.9944776892662048,0.009034610353410244,0.014933865517377853,0.991712749004364,0.008994732983410358,0.01697102189064026,0.9736148118972778,0.007535056676715612,0.012895647436380386,0.992789089679718,0.007526892237365246,0.01232097763568163,0.9841849207878113
Atopomyrmex_mocquerysi_CASENT0744784_processed.obj,Stage_2_deform_coarse,0.0001367456716252491,0.013305860571563244,0.006956996861845255,0.006348863709717989,0.01730724237859249,0.05533572658896446,0.4288451075553894,0.42739999294281006,0.4302999973297119,0.8559046387672424,0.8455333709716797,0.8665333390235901,0.975548267364502,0.9628999829292297,0.9885333180427551,0.9995831251144409,0.9991666674613953,1.0,0.7973014116287231,0.11010000109672546,1.2264604568481445,1.092666745185852,2.5302066802978516,0.5700713992118835,0.30999743938446045,1.7904809713363647,0.5377374887466431,0.0,0.7935047149658203,0.377151221036911,0.013557116501033306,0.03448205441236496,0.17513665556907654,13.848855972290039,82.54393768310547,0.008017991669476032,0.02288125269114971,0.023448986932635307,0.023020556196570396,-5.1992014050483704e-05,0.00504632294178009,0.009933222085237503,0.9984674453735352,0.004985477775335312,0.010286039672791958,0.9958582520484924,0.006844580173492432,0.012988612055778503,0.9861878752708435,0.00707861827686429,0.01693093217909336,0.9656992554664612,0.007282250560820103,0.01582605019211769,0.9755343794822693,0.006877186708152294,0.014366859570145607,0.989051103591919
Carebara_trechideros_CASENT0877591_processed.obj,Stage_2_deform_coarse,0.000211428981856443,0.015143124386668205,0.008089986629784107,0.007053138222545385,0.021407518535852432,0.08962442725896835,0.38298535346984863,0.38536667823791504,0.38063332438468933,0.8104962706565857,0.8087666630744934,0.8122333288192749,0.9624567031860352,0.9442000389099121,0.9814333319664001,0.9944527745246887,0.988966703414917,1.0,0.7833461165428162,0.1632000058889389,1.240741491317749,1.7573707103729248,2.4923017024993896,0.5452904105186462,0.31374385952949524,2.028301239013672,0.5644770860671997,0.0,0.7677653431892395,0.33287638425827026,0.01518743671476841,0.0366433709859848,0.4189893305301666,13.559538841247559,75.59809875488281,0.006616473197937012,0.0215081088244915,0.022370336577296257,0.021736374124884605,0.0009674485772848129,0.005324108991771936,0.010804455727338791,0.9950191974639893,0.004970206413418055,0.009336055256426334,0.999539852142334,0.006291828118264675,0.010727300308644772,0.991712749004364,0.0062444680370390415,0.011910703033208847,1.0,0.008015645667910576,0.01736423373222351,0.9714138507843018,0.007247018162161112,0.013725497759878635,0.9829683899879456
Centromyrmex_brachycola_CASENT0744052_processed.obj,Stage_2_deform_coarse,0.00022864993661642075,0.01760290563106537,0.00849265605211258,0.009110250510275364,0.02113124169409275,0.09525280445814133,0.23579102754592896,0.2441333383321762,0.2280000001192093,0.7122481465339661,0.744866669178009,0.682366669178009,0.9506323337554932,0.9605333209037781,0.940933346748352,0.9983150959014893,0.9970666766166687,0.9995666742324829,0.8343170285224915,0.203000009059906,1.2460236549377441,1.1450577974319458,2.4266984462738037,0.571973443031311,0.31098347902297974,1.8994088172912598,0.5431541204452515,0.0,0.7813318371772766,0.3569134473800659,0.016293201595544815,0.03803706541657448,0.2068769484758377,14.053403854370117,78.95709228515625,0.007366122677922249,0.004363383632153273,0.005073562730103731,0.004407268017530441,-0.004614657256752253,0.007262521889060736,0.013910163193941116,0.9911877512931824,0.006984225474298,0.013121627271175385,0.994017481803894,0.008635662496089935,0.015377157367765903,0.9834254384040833,0.007818590849637985,0.01360760536044836,0.9894459247589111,0.008966755121946335,0.017452189698815346,0.9680659174919128,0.00964907743036747,0.01837274059653282,0.9659367203712463
Cephalotes_minutus_CASENT0709253_processed.obj,Stage_2_deform_coarse,0.00018544569320511073,0.016350241377949715,0.007744269911199808,0.008605971932411194,0.019335411489009857,0.06676372140645981,0.2574422359466553,0.2649666666984558,0.25033333897590637,0.7489202618598938,0.7887333631515503,0.712933361530304,0.9667989015579224,0.9783333539962769,0.9555333256721497,0.9994663596153259,0.9989333152770996,1.0,0.84629225730896,0.14053332805633545,1.2350045442581177,1.053029179573059,2.363571882247925,0.5637003183364868,0.319678395986557,1.8304153680801392,0.5646855235099792,0.0,0.8022518754005432,0.3893633782863617,0.016616730019450188,0.03979334980249405,0.13858148455619812,14.082392692565918,80.62673950195312,0.0077246506698429585,0.020642470568418503,0.021938301622867584,0.02056461200118065,-0.0007204171270132065,0.006799050606787205,0.012739221565425396,0.9950191974639893,0.0064353253692388535,0.011612075380980968,0.999539852142334,0.006812209263443947,0.011836770921945572,0.9972376227378845,0.008743316866457462,0.019743170589208603,0.9498680830001831,0.009052458219230175,0.018945544958114624,0.9595673680305481,0.008042076602578163,0.01692071557044983,0.9781022071838379
Cephalotes_simillimus_CASENT0744408_processed.obj,Stage_2_deform_coarse,0.00045072956709191203,0.024997811764478683,0.011226977221667767,0.013770834542810917,0.033403441309928894,0.08216408640146255,0.11453529447317123,0.11950000375509262,0.10996666550636292,0.47411778569221497,0.5168666839599609,0.43790000677108765,0.8530932664871216,0.9128666520118713,0.8006666898727417,0.9972331523895264,0.997700035572052,0.9967666864395142,0.7993425726890564,0.3831000030040741,1.3750821352005005,1.8645433187484741,2.9858899116516113,0.5335326790809631,0.3766062259674072,3.6980092525482178,0.6834516525268555,0.0,0.7628435492515564,0.32858288288116455,0.024803142994642258,0.0674615427851677,0.21916326880455017,14.281003952026367,81.48568725585938,0.007757244165986776,0.02633325383067131,0.02742896042764187,0.026462970301508904,-0.0010816846042871475,0.011110562831163406,0.023960774764418602,0.9065134525299072,0.010970093309879303,0.022752823308110237,0.9286700487136841,0.00894311536103487,0.015274297446012497,0.9944751858711243,0.010525169782340527,0.018872570246458054,0.9604222178459167,0.011682383716106415,0.024016177281737328,0.9106361269950867,0.009248333051800728,0.01639953814446926,0.9866179823875427
Cephalotes_spinosus_CASENT0744158_processed.obj,Stage_2_deform_coarse,0.00023059500381350517,0.01790396124124527,0.008428550325334072,0.009475410915911198,0.021647490561008453,0.075261190533638,0.2294624149799347,0.23906667530536652,0.22060000896453857,0.6880978941917419,0.7317000031471252,0.649399995803833,0.9515671730041504,0.9692333340644836,0.9345333576202393,0.9984146952629089,0.9970000386238098,0.999833345413208,0.8424525856971741,0.1420000046491623,1.2035167217254639,0.9010421633720398,2.291759729385376,0.5446611642837524,0.31740516424179077,1.6743650436401367,0.5510546565055847,0.0,0.7894865870475769,0.3543913662433624,0.018292121589183807,0.04744870960712433,0.173775777220726,14.166365623474121,76.34889221191406,0.006192758213728666,0.013640566729009151,0.014377371408045292,0.013665223494172096,-0.0025643324479460716,0.007747779134660959,0.014896497130393982,0.9888889193534851,0.0072596254758536816,0.013655892573297024,0.993557333946228,0.00787662435323,0.014221875928342342,0.9889503121376038,0.008921741507947445,0.01848665252327919,0.9525066614151001,0.008692638948559761,0.016830790787935257,0.9809426069259644,0.009369393810629845,0.01925947703421116,0.9574209451675415
Crematogaster_nawai_OKENT0105046_processed.obj,Stage_2_deform_coarse,0.0003630368155427277,0.021511703729629517,0.010416452772915363,0.011095251888036728,0.025317363440990448,0.11987525969743729,0.15152175724506378,0.15690000355243683,0.14650000631809235,0.5900784730911255,0.6282666921615601,0.5562666654586792,0.9154958724975586,0.9367333650588989,0.8952000141143799,0.993027925491333,0.9883666634559631,0.9977333545684814,0.7744849324226379,0.3576333224773407,1.2102729082107544,0.9899225831031799,2.3674826622009277,0.5500298738479614,0.3209724724292755,1.8486871719360352,0.5740389227867126,0.0,0.7728893160820007,0.3548971116542816,0.019418438896536827,0.043745871633291245,0.3127458691596985,14.298239707946777,76.89581298828125,0.006714253686368465,0.01699417643249035,0.01758580096065998,0.0169159397482872,-0.005402568727731705,0.008278765715658665,0.015091939829289913,0.99042147397995,0.008545992895960808,0.015401632525026798,0.9894155859947205,0.011968874372541904,0.021611139178276062,0.9254143834114075,0.010575143620371819,0.02044612355530262,0.9419525265693665,0.008879145607352257,0.017421679571270943,0.9652330875396729,0.008350159041583538,0.014869078062474728,0.9829683899879456
Cryptopone_sauteri_CASENT0743771_processed.obj,Stage_2_deform_coarse,0.00035466693225316703,0.021913902834057808,0.009993850253522396,0.011920052580535412,0.029025955125689507,0.0829090103507042,0.15736617147922516,0.16343332827091217,0.15173333883285522,0.5651553869247437,0.6183333396911621,0.5203999876976013,0.8998234868049622,0.9453666806221008,0.8584666848182678,0.9967625141143799,0.9947333335876465,0.9988000392913818,0.8070744872093201,0.38556668162345886,1.3350471258163452,1.3341710567474365,2.921860456466675,0.5679760575294495,0.34975117444992065,2.5336430072784424,0.6340464353561401,0.0,0.7692479491233826,0.3320900499820709,0.020657015964388847,0.05605514720082283,0.25928249955177307,14.697694778442383,85.03860473632812,0.008930608630180359,0.0263108778744936,0.02684038132429123,0.026454532518982887,-0.0019002333283424377,0.008772475644946098,0.01593799889087677,0.984674334526062,0.00924146082252264,0.021193167194724083,0.9387943148612976,0.009075595065951347,0.018330665305256844,0.972375750541687,0.009981853887438774,0.01949828863143921,0.9604222178459167,0.008969875052571297,0.017421523109078407,0.9721864461898804,0.007944034412503242,0.015027620829641819,0.9841849207878113
Cyphoidris_afrc-tz01_CASENT0744810_processed.obj,Stage_2_deform_coarse,0.0010178039083257318,0.037226077169179916,0.017090123146772385,0.020135954022407532,0.04775911197066307,0.13017508387565613,0.040660519152879715,0.04116666689515114,0.040166668593883514,0.2408408373594284,0.25626668334007263,0.22716666758060455,0.6765156388282776,0.7490333318710327,0.6168000102043152,0.9648210406303406,0.970133364200592,0.9595666527748108,0.7506690621376038,0.42856666445732117,1.4847995042800903,2.177461862564087,3.7388250827789307,0.49534133076667786,0.4231363534927368,5.248565673828125,0.7823362946510315,0.0,0.7337053418159485,0.2809947431087494,0.03210189566016197,0.08912258595228195,0.4157627522945404,15.314483642578125,91.09717559814453,0.01039731502532959,0.019928202033042908,0.02185901813209057,0.020245261490345,-0.0017050541937351227,0.01674753800034523,0.03434590995311737,0.7149425148963928,0.016085058450698853,0.03280477225780487,0.7468937039375305,0.014689614996314049,0.026091845706105232,0.7983425855636597,0.013469422236084938,0.023323113098740578,0.8759894967079163,0.016240503638982773,0.03378384932875633,0.7548287510871887,0.015071474015712738,0.03331463038921356,0.8187347650527954
Cyphomyrmex_cf.minutus_CASENT0744280_processed.obj,Stage_2_deform_coarse,0.0011257035657763481,0.039408668875694275,0.01779915764927864,0.021609513089060783,0.05086270347237587,0.11317048221826553,0.03388816863298416,0.03453333303332329,0.033266667276620865,0.202946275472641,0.21970000863075256,0.1885666698217392,0.6312083005905151,0.7145666480064392,0.5652666687965393,0.9582470059394836,0.9711666703224182,0.9456666707992554,0.7572781443595886,0.43630000948905945,1.5324312448501587,2.4450457096099854,3.7737045288085938,0.5408321619033813,0.4075894355773926,4.503181457519531,0.763224720954895,0.0,0.7538846731185913,0.3049572706222534,0.030179990455508232,0.0868135616183281,0.43411800265312195,14.896071434020996,96.4104232788086,0.011277338489890099,0.054606445133686066,0.0557495579123497,0.055695872753858566,0.00564999133348465,0.017274437472224236,0.03721880540251732,0.700383186340332,0.019065096974372864,0.035046227276325226,0.5895075798034668,0.015115965157747269,0.03212838992476463,0.8066298365592957,0.015322155319154263,0.027985846623778343,0.7651715278625488,0.015922077000141144,0.030834509059786797,0.7774916291236877,0.015577136538922787,0.0305038969963789,0.783454954624176
Dilobocondyla_fouqueti_CASENT0745576_processed.obj,Stage_2_deform_coarse,0.00028678023954853415,0.019950076937675476,0.00980373751372099,0.010146340355277061,0.022327078506350517,0.10021773725748062,0.16828200221061707,0.1717333346605301,0.1649666726589203,0.6232973337173462,0.6477000117301941,0.6006667017936707,0.9326238036155701,0.9401333332061768,0.9252333641052246,0.9975795149803162,0.9956333637237549,0.9995333552360535,0.8085362911224365,0.27149999141693115,1.289573311805725,1.113831877708435,2.6678709983825684,0.5248395800590515,0.3566248118877411,2.1520605087280273,0.6332653760910034,0.0,0.7570580840110779,0.3314893841743469,0.022127864882349968,0.05665223300457001,0.242606520652771,14.855794906616211,80.9167251586914,0.007268342189490795,0.020949698984622955,0.02175714261829853,0.02091461978852749,-0.0017114095389842987,0.008726701140403748,0.01695985347032547,0.9724138379096985,0.009641463868319988,0.018747244030237198,0.9631845355033875,0.009096500463783741,0.016695035621523857,0.972375750541687,0.008338181301951408,0.01688573695719242,0.9894459247589111,0.009235832840204239,0.018170053139328957,0.9644604921340942,0.008393501862883568,0.014905697666108608,0.9829683899879456
Dorylus_fulvus_CASENT0745678_processed.obj,Stage_2_deform_coarse,0.00018854286463465542,0.01600625179708004,0.007670742925256491,0.008335508406162262,0.020540747791528702,0.056076519191265106,0.30721038579940796,0.31603333353996277,0.2988666594028473,0.7692548036575317,0.8005666732788086,0.7402999997138977,0.9550982117652893,0.9642000198364258,0.9461666941642761,0.9997333884239197,0.999666690826416,0.9998000264167786,0.8103397488594055,0.25593334436416626,1.2918752431869507,1.2150698900222778,2.8500795364379883,0.5646693706512451,0.341670960187912,2.1887688636779785,0.6093370914459229,0.0,0.7854757905006409,0.3580448031425476,0.015637988224625587,0.038295306265354156,0.23775595426559448,14.633360862731934,94.71575927734375,0.010983997024595737,0.00956578366458416,0.010422381572425365,0.009704709984362125,-0.002211722545325756,0.006548130419105291,0.014264916069805622,0.9816092252731323,0.00842001661658287,0.020984595641493797,0.9447768330574036,0.0066621373407542706,0.012028951197862625,0.9972376227378845,0.007871932350099087,0.01483869832009077,0.9841688871383667,0.007810964249074459,0.014153793454170227,0.9871233701705933,0.007198276463896036,0.013988581486046314,0.9817517995834351
Eciton_hamatum_CASENT0744580_processed.obj,Stage_2_deform_coarse,0.0002261819754494354,0.01626734621822834,0.008859437890350819,0.0074079083278775215,0.02503177523612976,0.08145222812891006,0.3287993371486664,0.3283333480358124,0.32926666736602783,0.7786546349525452,0.7615000009536743,0.7965999841690063,0.9509721398353577,0.9242666959762573,0.9792667031288147,0.9960679411888123,0.9921666979789734,1.0,0.7203242182731628,0.19813333451747894,1.2977001667022705,1.4366886615753174,2.686225414276123,0.5610666275024414,0.3400427997112274,2.0727698802948,0.5948210954666138,0.0,0.7489991188049316,0.3263106048107147,0.015720779076218605,0.037570904940366745,0.23180046677589417,15.894477844238281,91.84107208251953,0.010625469498336315,0.014035552740097046,0.014589016325771809,0.014221847988665104,-0.0011173710227012634,0.005843516439199448,0.01199535746127367,0.9931034445762634,0.009271446615457535,0.02182239666581154,0.9341923594474792,0.00724309217184782,0.016003891825675964,0.991712749004364,0.006716355215758085,0.014751105569303036,0.9868074059486389,0.006775741931051016,0.013661859557032585,0.9871233701705933,0.006301726680248976,0.01196861732751131,0.9841849207878113
Ectatomma_brunneum_CASENT0744575_processed.obj,Stage_2_deform_coarse,0.000676018069498241,0.029422175139188766,0.014445940032601357,0.01497623510658741,0.03663882985711098,0.14215275645256042,0.07196276634931564,0.07320000231266022,0.07076666504144669,0.36964720487594604,0.39213332533836365,0.34960001707077026,0.8166998028755188,0.8561000227928162,0.7807666659355164,0.9839540123939514,0.9743333458900452,0.9937666654586792,0.7735476493835449,0.3222333490848541,1.3845679759979248,1.6578381061553955,3.087637186050415,0.5237511992454529,0.3783316910266876,3.0593645572662354,0.6896112561225891,0.0,0.74959397315979,0.30361849069595337,0.02990575134754181,0.0872860923409462,0.4741871654987335,14.641640663146973,84.03215026855469,0.00906098261475563,0.002264797454699874,0.0028818403370678425,0.0023142669815570116,-0.004367661662399769,0.015871554613113403,0.03609012812376022,0.7796934843063354,0.01072126254439354,0.020396385341882706,0.9461573958396912,0.013114736415445805,0.029397396370768547,0.8895028233528137,0.011585847474634647,0.021369798108935356,0.9393140077590942,0.012474355287849903,0.024019256234169006,0.9036827087402344,0.012088777497410774,0.021426696330308914,0.9294403791427612
Eurhopalothrix_procera_CASENT0745605_processed.obj,Stage_2_deform_coarse,0.0004796610737685114,0.025378767400979996,0.012140975333750248,0.013237792998552322,0.03034033067524433,0.1296556144952774,0.10803906619548798,0.1106666699051857,0.10553333163261414,0.45644503831863403,0.4923333525657654,0.42543333768844604,0.8598163723945618,0.8961666822433472,0.8263000249862671,0.9936276078224182,0.9889333248138428,0.99836665391922,0.7847553491592407,0.3093666732311249,1.2959721088409424,1.4294891357421875,2.7575111389160156,0.521285355091095,0.36499351263046265,2.5826423168182373,0.6781787872314453,0.0,0.7371206879615784,0.2836170494556427,0.02659200131893158,0.06567641347646713,0.2504788637161255,14.860676765441895,74.81781768798828,0.005736449733376503,0.040117308497428894,0.04078740254044533,0.04186596721410751,0.005180086940526962,0.01281371433287859,0.02809908613562584,0.8716475367546082,0.009115084074437618,0.017197156324982643,0.9769903421401978,0.012081625871360302,0.02608141489326954,0.8867403864860535,0.009392058476805687,0.01589350588619709,0.9973615407943726,0.011815158650279045,0.02551085874438286,0.8995621800422668,0.012147024273872375,0.02638169936835766,0.8807786107063293
Heteroponera_panamensis_CASENT0744055_processed.obj,Stage_2_deform_coarse,0.0008056348306126893,0.03231243044137955,0.014900576323270798,0.0174118559807539,0.042382579296827316,0.13689838349819183,0.05649716034531593,0.05756666883826256,0.0554666668176651,0.3147573173046112,0.33713334798812866,0.29516667127609253,0.7694949507713318,0.8395000100135803,0.710266649723053,0.975749671459198,0.9763666987419128,0.9751333594322205,0.8222326636314392,0.38626667857170105,1.4423167705535889,1.8239613771438599,3.628336191177368,0.5350432991981506,0.3929039537906647,3.460353136062622,0.7266039252281189,0.0,0.7505993843078613,0.29064619541168213,0.029469553381204605,0.0829128697514534,0.3559688627719879,15.104910850524902,96.54732513427734,0.011277338489890099,0.019815530627965927,0.020571142435073853,0.019772006198763847,-0.0011552851647138596,0.015384462662041187,0.034378815442323685,0.7777777910232544,0.012423684820532799,0.0233928170055151,0.9065808057785034,0.013038509525358677,0.02417648956179619,0.8867403864860535,0.014875472523272038,0.03574128821492195,0.7730870842933655,0.013832556083798409,0.025262856855988503,0.8550090193748474,0.014287015423178673,0.030254947021603584,0.8819951415061951
Labidus_praedator_CASENT0744236_processed.obj,Stage_2_deform_coarse,0.0002765306562650949,0.01790013164281845,0.009829441085457802,0.008070689626038074,0.030343692749738693,0.08056997507810593,0.30797797441482544,0.3066999912261963,0.3092666566371918,0.7281934022903442,0.715666651725769,0.7411666512489319,0.9292096495628357,0.8942333459854126,0.967033326625824,0.9956536889076233,0.9920666813850403,0.9992666840553284,0.7194181680679321,0.3120666742324829,1.3117702007293701,1.5060371160507202,3.102189302444458,0.45881083607673645,0.4094894528388977,2.0037264823913574,0.7053714990615845,0.0,0.6742280721664429,0.23075957596302032,0.023690136149525642,0.05509057268500328,0.6596933007240295,16.614524841308594,94.9855728149414,0.011277338489890099,0.047611355781555176,0.048897989094257355,0.04805218428373337,-0.0030266642570495605,0.008224383927881718,0.022101638838648796,0.9260536432266235,0.013212871737778187,0.027339449152350426,0.8021169304847717,0.008817681111395359,0.022930318489670753,0.9392265677452087,0.009814077988266945,0.02551611326634884,0.9261214137077332,0.007050438784062862,0.014052284881472588,0.989956259727478,0.008272922597825527,0.017405983060598373,0.9610705375671387
Labidus_praedator_CASENT0744237_processed.obj,Stage_2_deform_coarse,0.00029343372443690896,0.017964206635951996,0.009192606434226036,0.008771601133048534,0.018555914983153343,0.13483186066150665,0.21924810111522675,0.22446666657924652,0.21426667273044586,0.7278340458869934,0.7577000260353088,0.7002333402633667,0.9591588973999023,0.9564333558082581,0.961899995803833,0.9932072758674622,0.9867333173751831,0.9997667074203491,0.8483139276504517,0.12363333255052567,1.2083221673965454,1.1413671970367432,2.12353515625,0.6392759084701538,0.2695552706718445,1.9334429502487183,0.4673486649990082,0.0,0.8024689555168152,0.3577105402946472,0.014543634839355946,0.03822309523820877,0.19945001602172852,13.781838417053223,73.66344451904297,0.005997197236865759,0.007505259942263365,0.008686537854373455,0.0076872240751981735,-0.002893574070185423,0.00688597746193409,0.012686130590736866,0.9927203059196472,0.006749805994331837,0.012210486456751823,0.999539852142334,0.009136956185102463,0.015319098718464375,0.980663001537323,0.0095894243568182,0.019051898270845413,0.9604222178459167,0.00782021414488554,0.014024962671101093,0.9935616850852966,0.009267641231417656,0.01756433956325054,0.9610705375671387
Lasius_nr._fuliginosus_CASENT0878037_processed.obj,Stage_2_deform_coarse,0.00012664421228691936,0.013763785362243652,0.006587210111320019,0.007176575250923634,0.015019761398434639,0.06824036687612534,0.35183489322662354,0.3611000180244446,0.3430333435535431,0.8393588066101074,0.8731333613395691,0.8080999851226807,0.9856112003326416,0.9902999997138977,0.9809666872024536,0.9999499917030334,1.0,0.9998999834060669,0.8751511573791504,0.08176666498184204,1.1364655494689941,0.8237161636352539,1.9121423959732056,0.6218678951263428,0.24854916334152222,1.5161464214324951,0.45334506034851074,0.0,0.8074509501457214,0.38905492424964905,0.010945582762360573,0.02515687607228756,0.12342654168605804,13.028182029724121,70.06555938720703,0.0050193932838737965,0.01258623693138361,0.013657317496836185,0.012682550586760044,-0.00613729003816843,0.0057520498521625996,0.010819940827786922,0.9977011680603027,0.00523053202778101,0.009765165857970715,1.0,0.008684084750711918,0.012157604098320007,0.9944751858711243,0.006368418224155903,0.010699453763663769,0.9973615407943726,0.007484720088541508,0.013583008199930191,0.992789089679718,0.00695588905364275,0.012612263672053814,0.9927006959915161
Lioponera_daikoku_OKENT0105067_processed.obj,Stage_2_deform_coarse,0.000658317469060421,0.02861861139535904,0.013553463853895664,0.01506514847278595,0.03626635670661926,0.1701217144727707,0.08800971508026123,0.08993333578109741,0.08616666495800018,0.39910826086997986,0.429500013589859,0.37273332476615906,0.818691611289978,0.8740000128746033,0.7699666619300842,0.985653281211853,0.982033371925354,0.989300012588501,0.8191708326339722,0.4354333281517029,1.396141767501831,1.8827029466629028,3.2360033988952637,0.5133586525917053,0.38480931520462036,3.2340521812438965,0.7099263668060303,0.0,0.7295711636543274,0.28308719396591187,0.028045302256941795,0.08022072911262512,0.3737010657787323,15.534295082092285,100.03560638427734,0.012352922931313515,0.07753013074398041,0.07881186157464981,0.07760920375585556,-0.007445953786373138,0.014316456392407417,0.03306944668292999,0.7961686253547668,0.01240740530192852,0.02892959676682949,0.8693051338195801,0.011358164250850677,0.020017752423882484,0.9475138783454895,0.01235403586179018,0.02149348519742489,0.9182058572769165,0.01388303842395544,0.03256601467728615,0.8380118608474731,0.012040112167596817,0.024583440274000168,0.8990267515182495
Mayriella_sp._CASENT0745610_processed.obj,Stage_2_deform_coarse,0.0007289578206837177,0.031175313517451286,0.014738135039806366,0.01643717847764492,0.03806956484913826,0.11247548460960388,0.07112991064786911,0.07313333451747894,0.06923333555459976,0.3398935794830322,0.37123334407806396,0.31343334913253784,0.7702162861824036,0.829200029373169,0.7190666794776917,0.9822465181350708,0.9762666821479797,0.9883000254631042,0.7382630109786987,0.39820000529289246,1.3834937810897827,1.6773957014083862,3.2635903358459473,0.5197497010231018,0.38213175535202026,2.9370882511138916,0.6700820326805115,0.0,0.7536578178405762,0.29985958337783813,0.025988131761550903,0.07407777011394501,0.3356373608112335,15.30808162689209,86.95671081542969,0.009354324080049992,0.0331825353205204,0.0338912270963192,0.03305524215102196,0.007206397131085396,0.013149913400411606,0.027153313159942627,0.8551724553108215,0.01217555534094572,0.025732174515724182,0.9019788503646851,0.012114088051021099,0.026456216350197792,0.8922652006149292,0.011545469053089619,0.02075894922018051,0.9313984513282776,0.011574632488191128,0.02171744592487812,0.9312387704849243,0.011018753051757812,0.02064172923564911,0.9428223967552185
Mesoponera_ambigua_CASENT0745584_processed.obj,Stage_2_deform_coarse,0.0006047079805284739,0.027320288121700287,0.013247308321297169,0.014072979800403118,0.03363040089607239,0.18233367800712585,0.09093313664197922,0.09346666932106018,0.08853333443403244,0.4240526556968689,0.4581666588783264,0.3946666717529297,0.8452066779136658,0.8828999996185303,0.8105999827384949,0.9883569478988647,0.980733335018158,0.9961000084877014,0.802615761756897,0.3113333284854889,1.368534803390503,1.6550675630569458,3.09179425239563,0.5578194856643677,0.35860151052474976,2.8123185634613037,0.6522060632705688,0.0,0.7494180202484131,0.2841595411300659,0.02606254816055298,0.06941080093383789,0.3324574828147888,14.408452033996582,85.52743530273438,0.008767642080783844,0.05452203378081322,0.055421315133571625,0.05452539026737213,-0.0012653917074203491,0.012031273916363716,0.022552883252501488,0.9210728406906128,0.011493241414427757,0.02771451696753502,0.8978371024131775,0.011234249919652939,0.01946130581200123,0.9585635662078857,0.011096999049186707,0.02009459212422371,0.9472295641899109,0.012335384264588356,0.024001415818929672,0.920422375202179,0.012348908931016922,0.029942888766527176,0.9124087691307068
Myrmecina_ryukyuensis_OKENT0105085_processed.obj,Stage_2_deform_coarse,0.00024785177083685994,0.01689177006483078,0.007996761240065098,0.008895009756088257,0.018203886225819588,0.24231286346912384,0.2412441372871399,0.2485000044107437,0.23440000414848328,0.7351471781730652,0.7663333415985107,0.7064000368118286,0.9708624482154846,0.9792333245277405,0.9626333713531494,0.9973998665809631,0.9977999925613403,0.9970000386238098,0.8712385296821594,0.19163332879543304,1.2001965045928955,0.9470633268356323,2.1204233169555664,0.6125215291976929,0.277682363986969,1.7772822380065918,0.48693543672561646,0.0,0.8228381872177124,0.42478612065315247,0.013587201945483685,0.03713999316096306,0.19569718837738037,13.70566463470459,75.9273910522461,0.005866823252290487,0.0007185015711002052,0.0012783876154571772,0.0007166154100559652,-0.007538960315287113,0.007536338642239571,0.013968272134661674,0.9931034445762634,0.006973832845687866,0.012870550155639648,0.9972388744354248,0.009324944578111172,0.015960529446601868,0.980663001537323,0.008262824267148972,0.01384573895484209,1.0,0.007318299263715744,0.01311155129224062,0.9969096183776855,0.007300778292119503,0.011985229328274727,0.9927006959915161
Myrmecina_sp._CASENT0745613_processed.obj,Stage_2_deform_coarse,0.0004496273468248546,0.02428862266242504,0.011615470051765442,0.0126731526106596,0.03002401441335678,0.12022598087787628,0.12216262519359589,0.12583333253860474,0.11869999766349792,0.5024958252906799,0.5432000160217285,0.46746668219566345,0.8727890253067017,0.9065333604812622,0.8414666652679443,0.9932332038879395,0.987500011920929,0.9990333318710327,0.8058751225471497,0.32919999957084656,1.3880976438522339,2.028822183609009,3.1439220905303955,0.5428697466850281,0.37307947874069214,2.890275478363037,0.6677798628807068,0.0,0.7704501748085022,0.31725794076919556,0.02401641756296158,0.05877836421132088,0.24599745869636536,14.60290813446045,89.26564025878906,0.009810632094740868,0.019380919635295868,0.020285045728087425,0.01932774856686592,0.0015915650874376297,0.010571875609457493,0.02204122580587864,0.926819920539856,0.010509100742638111,0.023465242236852646,0.9226875305175781,0.010422549210488796,0.020196612924337387,0.9392265677452087,0.00975892599672079,0.018580390140414238,0.9656992554664612,0.011671693995594978,0.02721363492310047,0.9029101133346558,0.011345320381224155,0.022738974541425705,0.9026764035224915
Nesomyrmex_angulatus_CASENT0744820_processed.obj,Stage_2_deform_coarse,0.0006744595593772829,0.029516302049160004,0.014120560139417648,0.01539574097841978,0.03687309846282005,0.18715214729309082,0.0792083591222763,0.08106666803359985,0.07743333280086517,0.38018807768821716,0.40240001678466797,0.3603000044822693,0.803866446018219,0.850933313369751,0.76173335313797,0.9831355810165405,0.9763333201408386,0.9900333285331726,0.7636496424674988,0.4115999937057495,1.4431573152542114,1.896081805229187,3.48567271232605,0.49735474586486816,0.4114091396331787,3.4420888423919678,0.7423904538154602,0.0,0.7376097440719604,0.2966803312301636,0.026332566514611244,0.07087253034114838,0.3104487359523773,16.317581176757812,103.77399444580078,0.013395913876593113,0.03008963167667389,0.03102264739573002,0.030310489237308502,0.009319737553596497,0.01404790673404932,0.032784055918455124,0.8352490663528442,0.0121272848919034,0.025913052260875702,0.8982973098754883,0.011983057484030724,0.021501323208212852,0.9281768202781677,0.013346926309168339,0.02706196717917919,0.8232190608978271,0.011622486636042595,0.022284673526883125,0.9224826097488403,0.010854419320821762,0.021287014707922935,0.9343065619468689
Odontomachus_troglodytes_CASENT0744970_processed.obj,Stage_2_deform_coarse,0.0001563172263558954,0.014351478777825832,0.0071304733864963055,0.007221005391329527,0.015919534489512444,0.11092958599328995,0.35442855954170227,0.3595333397388458,0.3494666814804077,0.8250568509101868,0.8453666567802429,0.8057000041007996,0.9780247211456299,0.9751333594322205,0.9809333682060242,0.9988154768943787,0.9977333545684814,0.9998999834060669,0.8069050312042236,0.12640000879764557,1.1804286241531372,1.0212098360061646,2.2188780307769775,0.5559768080711365,0.293708473443985,1.5864944458007812,0.5212982892990112,0.0,0.7694456577301025,0.3569706976413727,0.015021733939647675,0.03265710175037384,0.22732855379581451,13.872315406799316,73.2284164428711,0.005703856237232685,0.021312342956662178,0.02188640460371971,0.02110871858894825,-0.0005855243653059006,0.005639832466840744,0.011136031709611416,0.9969348907470703,0.005681276321411133,0.010399284772574902,0.9990796446800232,0.006742732133716345,0.014359401538968086,0.980663001537323,0.007461193483322859,0.014731974340975285,0.9894459247589111,0.007545510772615671,0.014974367804825306,0.9806850552558899,0.008804039098322392,0.022035829722881317,0.9355230927467346
Oxyopomyrmex_saulcyi_CASENT0745218_processed.obj,Stage_2_deform_coarse,0.0004673312068916857,0.025384269654750824,0.011580215767025948,0.013804052956402302,0.03280185908079147,0.13465747237205505,0.09825292229652405,0.10343333333730698,0.09356667101383209,0.45517927408218384,0.4959999918937683,0.4205666780471802,0.8600074052810669,0.9088667035102844,0.8161333203315735,0.9945305585861206,0.9962000250816345,0.9928666949272156,0.7685937881469727,0.41200000047683716,1.2696096897125244,1.1924716234207153,2.675020933151245,0.55931556224823,0.32977360486984253,2.120762348175049,0.5798434019088745,0.0,0.7718127965927124,0.326077401638031,0.020308377221226692,0.051681242883205414,0.2565440237522125,14.114921569824219,78.93231201171875,0.007137968670576811,0.007530114613473415,0.008443869650363922,0.007995427586138248,-0.001623920165002346,0.009642220102250576,0.0181210245937109,0.9697318077087402,0.011440275236964226,0.02421673759818077,0.9098021388053894,0.010212376713752747,0.018619375303387642,0.9751381874084473,0.013966722413897514,0.027455361559987068,0.833773136138916,0.010492540895938873,0.020637625828385353,0.9446304440498352,0.010619853623211384,0.02256428450345993,0.9343065619468689
Polyrhachis_decemdentata_CASENT0744779_processed.obj,Stage_2_deform_coarse,0.0003664688556455076,0.022261105477809906,0.01044891681522131,0.011812188662588596,0.027659211307764053,0.09622147679328918,0.14573895931243896,0.15150000154972076,0.1404000073671341,0.556388795375824,0.6008333563804626,0.5180666446685791,0.8974103927612305,0.9308000206947327,0.8663333654403687,0.9961591362953186,0.9934333562850952,0.9988999962806702,0.8189221620559692,0.33059999346733093,1.3385875225067139,1.9691708087921143,2.8280649185180664,0.528272807598114,0.367348849773407,2.8804988861083984,0.6592081785202026,0.0,0.7656351327896118,0.3245328366756439,0.024106940254569054,0.060314640402793884,0.25952306389808655,14.890732765197754,83.4925765991211,0.008409113623201847,0.009552329778671265,0.010691960342228413,0.009530332870781422,-0.003267887979745865,0.009415055625140667,0.01968749426305294,0.9517241716384888,0.008679079823195934,0.01617027260363102,0.9797515273094177,0.012581144459545612,0.030766218900680542,0.8867403864860535,0.009831888601183891,0.017236631363630295,0.9736148118972778,0.010299804620444775,0.020564060658216476,0.9446304440498352,0.009378352202475071,0.01783999800682068,0.970802903175354
Polyrhachis_dives_CASENT0878093_processed.obj,Stage_2_deform_coarse,0.0006511867977678776,0.028327880427241325,0.013795308768749237,0.014532571658492088,0.035460568964481354,0.16525141894817352,0.08951631933450699,0.09203333407640457,0.08713333308696747,0.4126697778701782,0.44316667318344116,0.38609999418258667,0.8242581486701965,0.8652999997138977,0.7869333624839783,0.9852291941642761,0.9760333299636841,0.9945999979972839,0.795967698097229,0.33526667952537537,1.3996191024780273,1.7070059776306152,3.1753053665161133,0.5551878809928894,0.36572712659835815,2.8410356044769287,0.6561330556869507,0.0,0.7567358613014221,0.2746104300022125,0.02772042714059353,0.07588683813810349,0.3302716314792633,14.675196647644043,86.58015441894531,0.009452104568481445,0.00047444284427911043,0.0009788044262677431,0.0004800611932296306,-0.004238560795783997,0.012564108707010746,0.024907024577260017,0.8796935081481934,0.0121682183817029,0.026409339159727097,0.8895536065101624,0.012676671147346497,0.02061551623046398,0.9281768202781677,0.012072412297129631,0.025197694078087807,0.8865435719490051,0.012551902793347836,0.0248654093593359,0.9003348350524902,0.013358035124838352,0.0321374237537384,0.8917275071144104
Ponera_kohmoku_OKENT0105440_processed.obj,Stage_2_deform_coarse,0.0003174544544890523,0.020216040313243866,0.009969190694391727,0.010246848687529564,0.023758498951792717,0.10808946937322617,0.17941589653491974,0.18506667017936707,0.17409999668598175,0.6387873888015747,0.6643333435058594,0.6151333451271057,0.925032377243042,0.9348000288009644,0.9154666662216187,0.9951053857803345,0.9917666912078857,0.9984666705131531,0.7939404845237732,0.2876666784286499,1.2205065488815308,1.0477241277694702,2.459860324859619,0.5539506673812866,0.3149723410606384,1.9199069738388062,0.5719563961029053,0.0,0.7752949595451355,0.3487790822982788,0.01727410964667797,0.04598643258213997,0.21605321764945984,14.03587818145752,74.62260437011719,0.006583879701793194,0.0010386921931058168,0.0016223470447584987,0.0010425554355606437,-0.0029394004959613085,0.008347421884536743,0.015957774594426155,0.9823755025863647,0.007688014302402735,0.014602862298488617,0.9852738380432129,0.010802327655255795,0.01846495270729065,0.9751381874084473,0.007617027964442968,0.012559900060296059,1.0,0.00859733298420906,0.016504382714629173,0.9793974161148071,0.011325601488351822,0.03804609924554825,0.8953770995140076
Ponera_tamon_OKENT0105154_processed.obj,Stage_2_deform_coarse,0.0002697492600418627,0.017721926793456078,0.009029165841639042,0.008692760951817036,0.02211076207458973,0.11001606285572052,0.27279436588287354,0.2819666564464569,0.26420000195503235,0.7295488119125366,0.7523000240325928,0.708133339881897,0.9429824948310852,0.9389333724975586,0.9470666646957397,0.9940324425697327,0.9882333278656006,0.9998999834060669,0.7683302164077759,0.2955666780471802,1.2415075302124023,1.1390177011489868,2.587993860244751,0.5291911959648132,0.33649957180023193,1.8805547952651978,0.5917304158210754,0.0,0.7402452826499939,0.3128533959388733,0.017472978681325912,0.042289312928915024,0.2673526704311371,14.68317699432373,80.00472259521484,0.006518692709505558,0.009097116999328136,0.00992768444120884,0.009122886694967747,-0.005691619589924812,0.007152988575398922,0.014785263687372208,0.9881226420402527,0.006090553943067789,0.011190725490450859,0.9990796446800232,0.006880985572934151,0.013409052044153214,0.9944751858711243,0.0077269054017961025,0.014363789930939674,0.9920845031738281,0.009202450513839722,0.02239609695971012,0.9361318945884705,0.008963505737483501,0.020208217203617096,0.9489051103591919
Pseudolasius_sp._CASENT0878065_processed.obj,Stage_2_deform_coarse,0.00047358585288748145,0.025525549426674843,0.01197716686874628,0.013548382557928562,0.03229906037449837,0.08717775344848633,0.10494586825370789,0.10696666687726974,0.10300000011920929,0.4536377489566803,0.4855000078678131,0.42570000886917114,0.8572258949279785,0.897433340549469,0.8204666972160339,0.9943476915359497,0.9928333163261414,0.9958666563034058,0.8093646764755249,0.2782000005245209,1.3624956607818604,1.6571083068847656,3.0500035285949707,0.5152308344841003,0.3864276707172394,2.9085681438446045,0.712361216545105,0.0,0.7659444212913513,0.30680593848228455,0.025503765791654587,0.06502802670001984,0.4807978570461273,14.357620239257812,83.49388885498047,0.008604674600064754,0.03573618829250336,0.03669567033648491,0.036492254585027695,-0.004647951573133469,0.01147809810936451,0.025761133059859276,0.8942528963088989,0.013045123778283596,0.027296852320432663,0.8660837411880493,0.010561255738139153,0.019221067428588867,0.950276255607605,0.011261174455285072,0.021635722368955612,0.9287599325180054,0.011914357542991638,0.024046393111348152,0.9036827087402344,0.011311417445540428,0.02269400656223297,0.9257907271385193
Pseudomyrmex_cf.solis_CASENT0744065_processed.obj,Stage_2_deform_coarse,0.00018535941489972174,0.015803178772330284,0.007632409688085318,0.00817076861858368,0.019710255786776543,0.07281753420829773,0.31383100152015686,0.32089999318122864,0.3070666790008545,0.7768563628196716,0.805400013923645,0.7502666711807251,0.9562650918960571,0.9604666829109192,0.9521000385284424,0.9996832609176636,0.9994333386421204,0.9999333620071411,0.8036428689956665,0.2807333469390869,1.3109956979751587,1.2912193536758423,2.9818785190582275,0.5427564382553101,0.3516363501548767,2.238306760787964,0.6254786252975464,0.0,0.7617213726043701,0.33075079321861267,0.015136905014514923,0.037370018661022186,0.18123653531074524,15.029362678527832,93.40013885498047,0.010723249055445194,0.00705920672044158,0.00777551531791687,0.007028716150671244,-0.0008400189690291882,0.005984646733850241,0.011621763929724693,0.9919540286064148,0.007858991622924805,0.01854076236486435,0.9595029950141907,0.006921457592397928,0.013957381248474121,0.9834254384040833,0.007423652336001396,0.014919226057827473,0.9894459247589111,0.007972557097673416,0.016573144122958183,0.9760494828224182,0.008267626166343689,0.020336609333753586,0.9464719891548157
Solenopsis_invicta_CASENT0744384_processed.obj,Stage_2_deform_coarse,0.0005742231151089072,0.027916319668293,0.013224717229604721,0.014691603370010853,0.03444328531622887,0.1007414311170578,0.08338603377342224,0.08633333444595337,0.08063333481550217,0.39789465069770813,0.42739999294281006,0.37220001220703125,0.8244829773902893,0.8676999807357788,0.7853666543960571,0.9898127913475037,0.9853333234786987,0.9943333268165588,0.7323972582817078,0.43886667490005493,1.3386874198913574,1.8734455108642578,2.982081174850464,0.5498407483100891,0.35459619760513306,2.6010773181915283,0.6372323632240295,0.0,0.7496058344841003,0.2938273251056671,0.02228338085114956,0.061142414808273315,0.30645352602005005,15.250420570373535,90.88111114501953,0.010136567056179047,0.04219481721520424,0.042968325316905975,0.04237993806600571,0.0006513930857181549,0.011880266480147839,0.025408783927559853,0.890421450138092,0.01126533467322588,0.022104186937212944,0.9268292784690857,0.010869008488953114,0.018799038603901863,0.9640884399414062,0.012182998470962048,0.02156749553978443,0.9155673384666443,0.011636149138212204,0.024002555757761,0.9124388694763184,0.010200723074376583,0.02037139981985092,0.9489051103591919
Stigmatomma_FHG02_CASENT0745561_processed.obj,Stage_2_deform_coarse,0.0007726503536105156,0.027812857180833817,0.015011177398264408,0.012801678851246834,0.047197699546813965,0.14702922105789185,0.11079268902540207,0.11169999837875366,0.10989999771118164,0.48072367906570435,0.49576666951179504,0.46656668186187744,0.8462448120117188,0.8505666851997375,0.8419666886329651,0.9745548367500305,0.9534333348274231,0.9966333508491516,0.7631843686103821,0.4265333414077759,1.290112018585205,1.5817300081253052,2.804379463195801,0.5467157959938049,0.33800655603408813,2.5398850440979004,0.6041346788406372,0.0,0.7508777379989624,0.293992817401886,0.02312621660530567,0.06578382849693298,0.3965243399143219,14.413148880004883,85.56639099121094,0.008898015134036541,0.04527396708726883,0.04585488140583038,0.04527764022350311,0.0028982385993003845,0.01115772407501936,0.024401934817433357,0.9084291458129883,0.009338561445474625,0.018395505845546722,0.9627243876457214,0.008980962447822094,0.016450321301817894,0.9696133136749268,0.010982982814311981,0.022485317662358284,0.9234828948974609,0.010819440707564354,0.023348821327090263,0.9188771843910217,0.011771745048463345,0.03409934788942337,0.9038929343223572
Strumigenys_alberti_CASENT0878103_processed.obj,Stage_2_deform_coarse,0.00048714608419686556,0.025787726044654846,0.011933929286897182,0.013853797689080238,0.032884594053030014,0.10108575224876404,0.10250599682331085,0.10540000349283218,0.09976666420698166,0.44786813855171204,0.4887000024318695,0.41333332657814026,0.8507981896400452,0.9026666879653931,0.8045666813850403,0.995093047618866,0.9924666881561279,0.9977333545684814,0.7947530746459961,0.29606667160987854,1.4089382886886597,1.5879361629486084,3.2149009704589844,0.5677118301391602,0.3735993802547455,2.8880882263183594,0.6758785843849182,0.0,0.7765945792198181,0.32553979754447937,0.02441634237766266,0.06426595151424408,0.246338352560997,14.491064071655273,90.32489013671875,0.01007138006389141,0.010361730121076107,0.01113829854875803,0.010391083545982838,-0.005908493883907795,0.011112391948699951,0.021814581006765366,0.9325670599937439,0.009500718675553799,0.019704768434166908,0.9535204768180847,0.010614244267344475,0.020197603851556778,0.9475138783454895,0.009427984245121479,0.016831306740641594,0.9841688871383667,0.012693655677139759,0.027684973552823067,0.886170506477356,0.012946359813213348,0.0355944000184536,0.8868613243103027
Strumigenys_canina_OKENT0105288_processed.obj,Stage_2_deform_coarse,0.00035268068313598633,0.021517891436815262,0.010313385166227818,0.011204506270587444,0.026572532951831818,0.13842394948005676,0.16145485639572144,0.16726666688919067,0.15603333711624146,0.5818644165992737,0.616100013256073,0.5512333512306213,0.9064017534255981,0.9273999929428101,0.8863333463668823,0.9968307018280029,0.9952000379562378,0.9984666705131531,0.8035191297531128,0.2815333306789398,1.2796287536621094,1.3804078102111816,2.695420265197754,0.5364781618118286,0.3348824977874756,2.2114131450653076,0.6028784513473511,0.0,0.7554660439491272,0.32025253772735596,0.019848302006721497,0.04998070374131203,0.2669564485549927,14.160170555114746,83.52942657470703,0.008637268096208572,0.006240376736968756,0.0068224105052649975,0.006422271020710468,0.001320268027484417,0.009131145663559437,0.018201645463705063,0.9605364203453064,0.009305714629590511,0.021091410890221596,0.9429360628128052,0.00846800860017538,0.015421654097735882,0.9889503121376038,0.010568272322416306,0.021420849487185478,0.9313984513282776,0.01031989324837923,0.021388892084360123,0.9394798278808594,0.009035338647663593,0.01821993663907051,0.9635036587715149
Strumigenys_crassicornis_CASENT0744273_processed.obj,Stage_2_deform_coarse,0.0005481125554069877,0.026601232588291168,0.01287600677460432,0.013725225813686848,0.03209180384874344,0.11263110488653183,0.10095386952161789,0.1041666641831398,0.0979333370923996,0.4381631910800934,0.4733666777610779,0.4078333377838135,0.8486856818199158,0.8854333162307739,0.8148666620254517,0.9882695078849792,0.9794333577156067,0.9972666501998901,0.7795813679695129,0.3176000118255615,1.3660472631454468,1.5374438762664795,3.0842390060424805,0.5405029058456421,0.3648631274700165,2.7891390323638916,0.648400604724884,0.0,0.7661396265029907,0.3065781593322754,0.024593506008386612,0.06414952874183655,0.2900639772415161,14.962163925170898,97.11491394042969,0.01124474499374628,0.008547337725758553,0.009209142997860909,0.008802763186395168,-0.008716905489563942,0.012012500315904617,0.023097030818462372,0.9149425625801086,0.010371102020144463,0.02052754908800125,0.9447768330574036,0.010116741992533207,0.01940743625164032,0.9585635662078857,0.013183885253965855,0.028228096663951874,0.8390501737594604,0.011733478866517544,0.025003375485539436,0.9144991040229797,0.01258687674999237,0.02532033994793892,0.9124087691307068
Strumigenys_sp._appretiata_group_CASENT0744156_processed.obj,Stage_2_deform_coarse,0.00034305552253499627,0.02123091369867325,0.009817922487854958,0.011412992142140865,0.027216704562306404,0.130308598279953,0.16641072928905487,0.17466667294502258,0.15890000760555267,0.5879026651382446,0.6411333680152893,0.5428333282470703,0.9137715697288513,0.9460000395774841,0.8836666941642761,0.9965993762016296,0.9958333373069763,0.9973666667938232,0.8113813996315002,0.36186668276786804,1.3057159185409546,1.3307087421417236,2.8700764179229736,0.5439345240592957,0.3499365448951721,2.4229371547698975,0.6172929406166077,0.0,0.7821632623672485,0.34849363565444946,0.01970997452735901,0.05017009750008583,0.22228096425533295,14.35173511505127,80.16368103027344,0.008017991669476032,0.003539438359439373,0.004078666679561138,0.003542534541338682,-0.004209001548588276,0.008930197916924953,0.01714681088924408,0.9812260866165161,0.012199534103274345,0.026774592697620392,0.8867924809455872,0.007974722422659397,0.014330444857478142,0.9944751858711243,0.010129346512258053,0.019781602546572685,0.9577836990356445,0.00920217763632536,0.01996295526623726,0.9505537152290344,0.008496589958667755,0.01655772514641285,0.970802903175354
Strumigenys_stenorhina_OKENT0105268_processed.obj,Stage_2_deform_coarse,0.00011587786138989031,0.012747922912240028,0.006210475228726864,0.006537447217851877,0.013856664299964905,0.06832669675350189,0.41168344020843506,0.42463332414627075,0.3995000123977661,0.8880050182342529,0.9071333408355713,0.8696666955947876,0.9860646724700928,0.9874666929244995,0.9846667051315308,0.9992163777351379,0.9986333250999451,0.9998000264167786,0.8527242541313171,0.28396666049957275,1.13432776927948,0.8524011373519897,2.0299582481384277,0.5916662812232971,0.2684032618999481,1.5112991333007812,0.47556355595588684,0.0,0.7637277245521545,0.3591170907020569,0.012288127094507217,0.030681131407618523,0.13645917177200317,13.602945327758789,74.02517700195312,0.005247547756880522,0.002066459273919463,0.003007374005392194,0.0021200040355324745,-0.007042605429887772,0.005378606263548136,0.01014080923050642,0.998084306716919,0.006198560819029808,0.011384536512196064,0.9930971264839172,0.005465767811983824,0.011563066393136978,0.991712749004364,0.006358918268233538,0.011515697464346886,0.9947230219841003,0.005500654224306345,0.009682991541922092,0.9994849562644958,0.007075049914419651,0.017090430483222008,0.9622870683670044
Syllophopsis_sechellensis_OKENT0105212_processed.obj,Stage_2_deform_coarse,0.0001771388342604041,0.014635013416409492,0.0077107492834329605,0.006924264132976532,0.018992135301232338,0.07297644019126892,0.3714038133621216,0.3736000061035156,0.3692333400249481,0.8251292109489441,0.8184999823570251,0.8318666815757751,0.9689041972160339,0.9547666907310486,0.9834666848182678,0.9967578053474426,0.9937999844551086,0.9997333288192749,0.8075270056724548,0.1547333300113678,1.2130049467086792,1.0779578685760498,2.3350305557250977,0.5839435458183289,0.2927831709384918,1.776069164276123,0.5185322761535645,0.0,0.7923439145088196,0.36259445548057556,0.01351232547312975,0.029625337570905685,0.16267234086990356,13.674707412719727,77.81617736816406,0.006551286205649376,0.05163644626736641,0.052450988441705704,0.051731713116168976,-0.004499111324548721,0.005586906801909208,0.01093247625976801,0.9934865832328796,0.005035563837736845,0.009286979213356972,0.999539852142334,0.008027165196835995,0.015656154602766037,0.9861878752708435,0.006730515044182539,0.012946993112564087,1.0,0.007624046411365271,0.015521620400249958,0.981715202331543,0.007642143871635199,0.015293925069272518,0.9683698415756226
Temnothorax_congruus_OKENT0105443_processed.obj,Stage_2_deform_coarse,0.00019704122678376734,0.016838833689689636,0.0076286206021904945,0.009210214018821716,0.021520258858799934,0.08570875972509384,0.2402428239583969,0.2515999972820282,0.22986666858196259,0.7318578362464905,0.7888666987419128,0.682533323764801,0.9625565409660339,0.9884333610534668,0.9380000233650208,0.999516487121582,0.9999666810035706,0.9990666508674622,0.8359070420265198,0.24873334169387817,1.1817758083343506,0.9382802844047546,2.061394453048706,0.6263203620910645,0.2665920853614807,1.7538303136825562,0.47085174918174744,0.0,0.8076674938201904,0.390430748462677,0.01181465107947588,0.02628973312675953,0.12251192331314087,13.830558776855469,73.91807556152344,0.005638669244945049,0.016241343691945076,0.01711631752550602,0.016591761261224747,-0.0016961079090833664,0.006957484874874353,0.01248200610280037,0.998084306716919,0.006854217033833265,0.012702256441116333,0.9981592297554016,0.009040207602083683,0.016375506296753883,0.9696133136749268,0.008806895464658737,0.01576150208711624,0.9947230219841003,0.0076903412118554115,0.013576796278357506,0.9917589426040649,0.008233602158725262,0.018111733719706535,0.974452555179596
Temnothorax_sp._OKENT0105336_processed.obj,Stage_2_deform_coarse,0.000397734169382602,0.023448731750249863,0.010933545418083668,0.01251518726348877,0.028986357152462006,0.07517144829034805,0.12919272482395172,0.1348000019788742,0.12403333187103271,0.5095790028572083,0.5545333623886108,0.47136667370796204,0.8842731714248657,0.9187000393867493,0.8523333668708801,0.9960495829582214,0.9953666925430298,0.9967333674430847,0.7577484250068665,0.4614666700363159,1.2939516305923462,1.3327919244766235,2.6708617210388184,0.5306428670883179,0.34894078969955444,2.390160083770752,0.6286709904670715,0.0,0.7633764743804932,0.3398961126804352,0.020528605207800865,0.0534047856926918,0.25615718960762024,14.760109901428223,81.57787322998047,0.007855025120079517,0.01780015416443348,0.019122131168842316,0.017871854826807976,0.001708412542939186,0.00941785704344511,0.017733948305249214,0.9720306992530823,0.010755844414234161,0.02286663092672825,0.9217671751976013,0.010221719741821289,0.021452387794852257,0.9364641308784485,0.008811194449663162,0.016275795176625252,0.9841688871383667,0.009349316358566284,0.016968876123428345,0.977337121963501,0.008785700425505638,0.01771669089794159,0.9683698415756226
Tetramorium_kraepelini_CASENT0744084_processed.obj,Stage_2_deform_coarse,0.00039849610766395926,0.023522399365901947,0.010595705360174179,0.012926694937050343,0.03178482875227928,0.07826519757509232,0.12098540365695953,0.12630000710487366,0.1160999983549118,0.5040995478630066,0.5510333180427551,0.46453332901000977,0.8857700824737549,0.9348333477973938,0.8416000008583069,0.9964815378189087,0.9978333711624146,0.9951333403587341,0.8030610680580139,0.4113333523273468,1.2957624197006226,1.243861436843872,2.7059051990509033,0.5779070854187012,0.3310522437095642,2.362687349319458,0.5974212884902954,0.0,0.7829492092132568,0.347543865442276,0.019856492057442665,0.05015290156006813,0.26408272981643677,14.753056526184082,86.27220916748047,0.009256543591618538,0.007682084571570158,0.008922076784074306,0.0077497465535998344,-0.0006959629245102406,0.009486277587711811,0.019026387482881546,0.9613026976585388,0.010071173310279846,0.01969098299741745,0.9516797065734863,0.010276421904563904,0.019953051581978798,0.950276255607605,0.011072018183767796,0.0217687226831913,0.9313984513282776,0.009994810447096825,0.01853804662823677,0.9680659174919128,0.010333849117159843,0.019990626722574234,0.9489051103591919
Acanthostichus_aff.brevicornis_CASENT0744328_processed.obj,Stage_3_deform_fine,0.0001465654349885881,0.014185219071805477,0.007193521596491337,0.00699169747531414,0.016887446865439415,0.056558653712272644,0.3686056435108185,0.3706333339214325,0.36660000681877136,0.8245040774345398,0.8326666951179504,0.8165000081062317,0.9748690724372864,0.9660666584968567,0.983833372592926,0.9998499751091003,0.9998000264167786,0.9998999834060669,0.8454816341400146,0.18443334102630615,1.151075839996338,1.0419987440109253,2.4197945594787598,0.38718634843826294,0.3664532005786896,1.5432405471801758,0.6929266452789307,0.0,0.6552900671958923,0.16242331266403198,0.016913481056690216,0.04441666975617409,0.1641796976327896,12.429586410522461,61.10177993774414,0.0036830613389611244,0.000762537179980427,0.0009725905838422477,0.0007652376079931855,-0.008562887087464333,0.006914517376571894,0.015195895917713642,0.9862068891525269,0.005503459367901087,0.010460951365530491,1.0,0.00789968203753233,0.01431296207010746,1.0,0.006388331297785044,0.011110967956483364,1.0,0.008367720991373062,0.019765326753258705,0.951326310634613,0.008973201736807823,0.027162078768014908,0.9172749519348145
Acromyrmex_coronatus_CASENT0744365_processed.obj,Stage_3_deform_fine,0.00021613610442727804,0.016219183802604675,0.008355461992323399,0.007863722741603851,0.018776368349790573,0.08743850141763687,0.2858196496963501,0.2895333468914032,0.28220000863075256,0.7798165678977966,0.7971000075340271,0.7632666826248169,0.9648197889328003,0.954466700553894,0.9754000306129456,0.9951615929603577,0.9905333518981934,0.999833345413208,0.8337416052818298,0.13490000367164612,1.166770100593567,1.2506544589996338,2.1915295124053955,0.421805739402771,0.33802732825279236,1.6916625499725342,0.6122362017631531,0.0,0.712337076663971,0.17787742614746094,0.01860208436846733,0.05090080201625824,0.2892237901687622,12.680355072021484,61.036865234375,0.0025096966419368982,0.05173825845122337,0.052036188542842865,0.052144650369882584,0.001988012343645096,0.006890933495014906,0.012908672913908958,0.9888889193534851,0.006219480186700821,0.011276631616055965,0.9963184595108032,0.009039586409926414,0.013441459275782108,0.991712749004364,0.008304904215037823,0.023277105763554573,0.9393140077590942,0.0076010562479496,0.01477954164147377,0.9819726943969727,0.008835548534989357,0.017428381368517876,0.9732360243797302
Acromyrmex_lobicornis_CASENT0878007_processed.obj,Stage_3_deform_fine,0.00032952515175566077,0.02146971970796585,0.010507110506296158,0.010962608270347118,0.024256901815533638,0.09094893932342529,0.139518141746521,0.14259999990463257,0.1365666687488556,0.5678138732910156,0.5927000045776367,0.5449333190917969,0.9188801050186157,0.9309000372886658,0.9071666598320007,0.9966943860054016,0.9943333268165588,0.9990666508674622,0.8120541572570801,0.286133348941803,1.3423784971237183,1.5297667980194092,3.1238155364990234,0.3673607110977173,0.4490734934806824,2.6180434226989746,0.8325753808021545,0.0,0.6587166786193848,0.17514905333518982,0.02696032077074051,0.06909181922674179,0.26041048765182495,13.634725570678711,67.42337799072266,0.004628271795809269,0.02760329656302929,0.028021128848195076,0.028397087007761,0.004109228029847145,0.01005762629210949,0.019961096346378326,0.9501916170120239,0.011554009281098843,0.02502600848674774,0.8996778726577759,0.010621041059494019,0.0234915092587471,0.930939257144928,0.009125890210270882,0.016235146671533585,0.9973615407943726,0.010214174166321754,0.02014484815299511,0.9484934210777283,0.010256659239530563,0.019398264586925507,0.9574209451675415
Anochetus_risii_CASENT0877608_processed.obj,Stage_3_deform_fine,0.00012246621190570295,0.013322412967681885,0.006543947849422693,0.006778464652597904,0.014011304825544357,0.06903423368930817,0.3705892562866211,0.3799999952316284,0.3616333305835724,0.8660944104194641,0.8871666789054871,0.8460000157356262,0.9862807393074036,0.9846667051315308,0.9879000186920166,0.999633252620697,0.9992666840553284,1.0,0.8715523481369019,0.1101333349943161,1.1044059991836548,0.7822971940040588,1.8695310354232788,0.49302202463150024,0.277465283870697,1.3137508630752563,0.5000239014625549,0.0,0.7304652333259583,0.17803652584552765,0.013245446607470512,0.037203434854745865,0.21345655620098114,12.1339750289917,57.98245620727539,0.0028030378744006157,0.002960829297080636,0.0032257968559861183,0.002988508203998208,-0.007876386865973473,0.005702817812561989,0.01119590736925602,0.9973180294036865,0.005530339665710926,0.010114910081028938,0.999539852142334,0.007852448150515556,0.01426454447209835,0.980663001537323,0.006487083155661821,0.01165310014039278,1.0,0.00628296472132206,0.01137760654091835,0.9917589426040649,0.006697133649140596,0.010769622400403023,0.9829683899879456
Anochetus_risii_CASENT0877609_processed.obj,Stage_3_deform_fine,0.0005452444311231375,0.02372249960899353,0.012156572192907333,0.011565926484763622,0.027939289808273315,0.2892399728298187,0.1247730702161789,0.12663333117961884,0.12296666949987411,0.519592821598053,0.5404333472251892,0.5002999901771545,0.8986767530441284,0.9058666825294495,0.8916000127792358,0.9928986430168152,0.9870666861534119,0.9988000392913818,0.7963916063308716,0.23836666345596313,1.3711076974868774,1.900445818901062,3.2172553539276123,0.39054688811302185,0.43776509165763855,2.817108631134033,0.8051185607910156,0.0,0.66650390625,0.1450134515762329,0.026639357209205627,0.07335814833641052,0.48604992032051086,13.584891319274902,73.2386245727539,0.0061275712214410305,0.002992672845721245,0.003237736178562045,0.0030411023180931807,-0.008263889700174332,0.009797681123018265,0.017864912748336792,0.9735632538795471,0.013502153567969799,0.030745791271328926,0.822365403175354,0.010249916464090347,0.01784621924161911,0.9558011293411255,0.009683560580015182,0.01676979474723339,0.9815303683280945,0.01300769578665495,0.03335525840520859,0.8660829663276672,0.012275734916329384,0.02241666056215763,0.9318735003471375
Aphaenogaster_pallida_CASENT0745235_processed.obj,Stage_3_deform_fine,0.00011608116619754583,0.0131942518055439,0.006462546065449715,0.006731705740094185,0.01372571475803852,0.06706862151622772,0.36631646752357483,0.37193334102630615,0.3608666658401489,0.865785539150238,0.8877666592597961,0.8448666930198669,0.9909655451774597,0.9898999929428101,0.9920333623886108,0.9996832013130188,0.9993667006492615,1.0,0.9134975075721741,0.03503333404660225,1.0598742961883545,0.5381989479064941,1.7239699363708496,0.5109457969665527,0.2552865743637085,1.1552565097808838,0.46014752984046936,0.0,0.7676964402198792,0.23529303073883057,0.010877472348511219,0.028194593265652657,0.1349569857120514,11.965160369873047,58.07097244262695,0.0024771031457930803,0.0031808018684387207,0.0034326212480664253,0.0031864307820796967,-0.0037340717390179634,0.006101945880800486,0.010856435634195805,0.9984674453735352,0.005784883163869381,0.011094734072685242,0.9981592297554016,0.009075643494725227,0.014141757041215897,0.9972376227378845,0.007271734066307545,0.013622147031128407,1.0,0.0068253264762461185,0.012099833227694035,0.9979397654533386,0.007401042617857456,0.011540171690285206,0.9963503479957581
Atopomyrmex_mocquerysi_CASENT0744784_processed.obj,Stage_3_deform_fine,0.00010873006976908073,0.01187911443412304,0.006128554232418537,0.005750560201704502,0.014333958737552166,0.05382075905799866,0.5034130811691284,0.5047666430473328,0.5020666718482971,0.8956750631332397,0.8929666876792908,0.8984000086784363,0.9838956594467163,0.9731000065803528,0.9949333667755127,0.999833345413208,0.999666690826416,1.0,0.8335378170013428,0.08133333176374435,1.1097718477249146,0.8327161073684692,2.183156728744507,0.40463995933532715,0.3390079140663147,1.341400384902954,0.6181958913803101,0.0,0.7103538513183594,0.21139518916606903,0.013167180120944977,0.033562805503606796,0.1538470983505249,12.019278526306152,60.382720947265625,0.0029660051222890615,0.02334222011268139,0.023665474727749825,0.02372303418815136,-0.0003712289035320282,0.004748460371047258,0.00873003900051117,1.0,0.004489177372306585,0.00859252642840147,1.0,0.006848086602985859,0.011438674293458462,0.991712749004364,0.006334042176604271,0.015040596947073936,1.0,0.00639532133936882,0.013205879367887974,0.985578179359436,0.006205667741596699,0.012087225914001465,0.9914841651916504
Carebara_trechideros_CASENT0877591_processed.obj,Stage_3_deform_fine,0.0001743107131915167,0.013571139425039291,0.007279840297996998,0.0062912991270422935,0.019064558669924736,0.08905801922082901,0.449313759803772,0.4523000121116638,0.44636666774749756,0.8620063662528992,0.8590333461761475,0.8650000095367432,0.9714055061340332,0.9530333280563354,0.9905000329017639,0.9952444434165955,0.9905666708946228,0.9999666810035706,0.8109543323516846,0.14010000228881836,1.1747829914093018,1.6471883058547974,2.365297317504883,0.3779573142528534,0.35814982652664185,1.6543012857437134,0.6731865406036377,0.0,0.6906659603118896,0.18356461822986603,0.015103429555892944,0.03767809644341469,0.44832471013069153,11.90692138671875,62.040775299072266,0.003259346354752779,0.023425249382853508,0.023655688390135765,0.0237306896597147,0.0015349257737398148,0.004974118433892727,0.009447457268834114,0.998084306716919,0.004690486006438732,0.008808683604001999,1.0,0.0064583420753479,0.010247495025396347,0.991712749004364,0.005612445995211601,0.009641606360673904,1.0,0.007126623764634132,0.015568505972623825,0.9814576506614685,0.006657399702817202,0.013351595029234886,0.9829683899879456
Centromyrmex_brachycola_CASENT0744052_processed.obj,Stage_3_deform_fine,0.00018944847397506237,0.016180196776986122,0.00794285535812378,0.008237341418862343,0.01795109547674656,0.0881570428609848,0.26881930232048035,0.27303335070610046,0.26473334431648254,0.7656716704368591,0.7919666767120361,0.7410666942596436,0.9681491851806641,0.968999981880188,0.9672999978065491,0.9984986186027527,0.9973000288009644,0.9997000098228455,0.8553387522697449,0.19326667487621307,1.1564993858337402,0.9473687410354614,2.2000274658203125,0.40923288464546204,0.3481657803058624,1.5928820371627808,0.6399571299552917,0.0,0.7038391828536987,0.19609832763671875,0.016180742532014847,0.03903542831540108,0.21653907001018524,12.488173484802246,61.49308395385742,0.0036504678428173065,0.0029024844989180565,0.0031150809954851866,0.0029139008838683367,-0.006975265219807625,0.007063054013997316,0.013127453625202179,0.9942529201507568,0.006476547569036484,0.01218376774340868,0.9981592297554016,0.008717657066881657,0.014421885833144188,0.9861878752708435,0.0073926313780248165,0.012109659612178802,0.9973615407943726,0.00812549702823162,0.015542501583695412,0.9824877977371216,0.008940424770116806,0.015980463474988937,0.9720194339752197
Cephalotes_minutus_CASENT0709253_processed.obj,Stage_3_deform_fine,0.00014233568799681962,0.014592308551073074,0.00704097468405962,0.0075513338670134544,0.01592935621738434,0.05599251389503479,0.3029460608959198,0.30953332781791687,0.2966333329677582,0.8186209201812744,0.8446666598320007,0.7941333651542664,0.9820346832275391,0.9859333634376526,0.9781666994094849,0.999833345413208,0.999833345413208,0.999833345413208,0.8699268102645874,0.12729999423027039,1.149113655090332,0.968930184841156,2.1975951194763184,0.37961244583129883,0.3633560240268707,1.5416805744171143,0.6770099401473999,0.0,0.7177193760871887,0.2077416032552719,0.017094310373067856,0.04082651436328888,0.1411556452512741,12.25512981414795,61.0411262512207,0.002672663889825344,0.0202332716435194,0.02051592245697975,0.02028956450521946,-0.0014575421810150146,0.0063654459081590176,0.01173302810639143,0.9977011680603027,0.006240564864128828,0.01137346401810646,1.0,0.006758152507245541,0.011530582793056965,1.0,0.007379638031125069,0.014992053620517254,0.9736148118972778,0.008223761804401875,0.017242133617401123,0.9688385725021362,0.007649865001440048,0.014791120775043964,0.9866179823875427
Cephalotes_simillimus_CASENT0744408_processed.obj,Stage_3_deform_fine,0.0003469201037660241,0.02234197035431862,0.010438676923513412,0.011903294362127781,0.027452178299427032,0.08017890155315399,0.13376708328723907,0.1388999968767166,0.1290000081062317,0.5336676239967346,0.5690000057220459,0.5024666786193848,0.8985975980758667,0.932200014591217,0.8673333525657654,0.9990167021751404,0.9990333318710327,0.9990000128746033,0.8173205256462097,0.3855000138282776,1.3334754705429077,2.203275203704834,3.012791395187378,0.4006594121456146,0.42187806963920593,4.500356197357178,0.8058428168296814,0.0,0.6673474907875061,0.16658125817775726,0.02504637837409973,0.06788766384124756,0.2806648015975952,13.296034812927246,71.63160705566406,0.006290538236498833,0.027563147246837616,0.027753880247473717,0.02774028293788433,-0.0005617346614599228,0.009930492378771305,0.020603444427251816,0.9452107548713684,0.010520457290112972,0.021212026476860046,0.9360331296920776,0.008855405263602734,0.01547541469335556,0.9944751858711243,0.009278335608541965,0.01708941161632538,0.9815303683280945,0.010913821868598461,0.02260909043252468,0.9309812188148499,0.008703835308551788,0.014834857545793056,0.9902676343917847
Cephalotes_spinosus_CASENT0744158_processed.obj,Stage_3_deform_fine,0.00018742290558293462,0.01617353782057762,0.0077467914670705795,0.008426747284829617,0.01881670206785202,0.0773899033665657,0.2676334083080292,0.2754666805267334,0.2602333426475525,0.7549206018447876,0.7910666465759277,0.7219333648681641,0.9689661264419556,0.9780666828155518,0.9600333571434021,0.9985820055007935,0.9974333643913269,0.9997333288192749,0.8628512024879456,0.12956666946411133,1.105389952659607,0.752881646156311,2.0957419872283936,0.3821364641189575,0.35474464297294617,1.3374857902526855,0.6740059852600098,0.0,0.6902354955673218,0.18805590271949768,0.018573781475424767,0.04917271435260773,0.20301443338394165,12.714681625366211,61.171241760253906,0.0028682248666882515,0.01697511598467827,0.01748059131205082,0.01701737381517887,-0.0015241019427776337,0.007207800634205341,0.013654342852532864,0.9957854747772217,0.006832737475633621,0.012349248863756657,0.9990796446800232,0.007523073349148035,0.01390718761831522,1.0,0.007702717091888189,0.014097962528467178,0.9894459247589111,0.0077429963275790215,0.014333902858197689,0.992789089679718,0.008016780950129032,0.013450844213366508,0.9817517995834351
Crematogaster_nawai_OKENT0105046_processed.obj,Stage_3_deform_fine,0.0003164054360240698,0.020017821341753006,0.009926499798893929,0.010091320611536503,0.022124947980046272,0.11872167140245438,0.17197321355342865,0.17766666412353516,0.16663333773612976,0.6348535418510437,0.6646666526794434,0.6076000332832336,0.9378029108047485,0.9445000290870667,0.9312000274658203,0.9938830733299255,0.9898000359535217,0.9980000257492065,0.788324236869812,0.359499990940094,1.148542881011963,1.0179375410079956,2.196972608566284,0.39936912059783936,0.36768364906311035,1.594534158706665,0.6977971196174622,0.0,0.6816309094429016,0.18679477274417877,0.019655175507068634,0.04577215388417244,0.3271726071834564,13.032197952270508,64.21260833740234,0.003780841827392578,0.019819103181362152,0.01999034360051155,0.01991444081068039,-0.005235681310296059,0.00786479189991951,0.014128414914011955,0.994636058807373,0.007853664457798004,0.014179217629134655,0.9986194372177124,0.011262957006692886,0.020696207880973816,0.9475138783454895,0.009827755391597748,0.018144721165299416,0.9894459247589111,0.008135573007166386,0.015810761600732803,0.9665207266807556,0.007497536018490791,0.014212449081242085,0.9914841651916504
Cryptopone_sauteri_CASENT0743771_processed.obj,Stage_3_deform_fine,0.0002832665923051536,0.01976531371474266,0.009416664950549603,0.010348648764193058,0.023297980427742004,0.0905890017747879,0.1741953194141388,0.17820000648498535,0.17036667466163635,0.6281200051307678,0.6665666699409485,0.5938666462898254,0.9347867965698242,0.9552666544914246,0.9151666760444641,0.9968134164810181,0.9950000047683716,0.9986333250999451,0.8220041990280151,0.3923666775226593,1.267248511314392,1.5190976858139038,2.7401328086853027,0.4111420512199402,0.39372509717941284,2.6175169944763184,0.754287838935852,0.0,0.6675956845283508,0.1794869750738144,0.020698070526123047,0.05506662279367447,0.30735358595848083,13.178862571716309,67.30633544921875,0.0058016362600028515,0.030627137050032616,0.03096015565097332,0.030660107731819153,0.001542823389172554,0.008350730873644352,0.015355640091001987,0.9927203059196472,0.009050685912370682,0.020679278299212456,0.9415554404258728,0.008702201768755913,0.017357932403683662,0.9668508768081665,0.008790669031441212,0.016937000676989555,0.9920845031738281,0.008510622195899487,0.016368674114346504,0.978367269039154,0.007943346165120602,0.01381810661405325,0.989051103591919
Cyphoidris_afrc-tz01_CASENT0744810_processed.obj,Stage_3_deform_fine,0.0007890876731835306,0.033229753375053406,0.015921127051115036,0.01730862446129322,0.03861825540661812,0.12435876578092575,0.04738650098443031,0.04820000007748604,0.04659999907016754,0.27532604336738586,0.2872333228588104,0.26436665654182434,0.7420915365219116,0.7937666773796082,0.6967333555221558,0.9824456572532654,0.9764000177383423,0.9885666966438293,0.7714018225669861,0.42746666073799133,1.4662879705429077,2.452885627746582,3.988699436187744,0.3612559139728546,0.4853048026561737,6.353605270385742,0.933029055595398,0.0,0.6383759379386902,0.13354916870594025,0.03236084803938866,0.09544005990028381,0.4840254485607147,14.370256423950195,83.83985900878906,0.008767642080783844,0.022833215072751045,0.023239346221089363,0.02317158691585064,0.001145763322710991,0.015718623995780945,0.033144280314445496,0.7582375407218933,0.01504035945981741,0.02904423326253891,0.7998159527778625,0.015080977231264114,0.025839291512966156,0.7596685290336609,0.012767547741532326,0.021054891869425774,0.9287599325180054,0.014845249243080616,0.030654190108180046,0.8207571506500244,0.014115038327872753,0.028645893558859825,0.841849148273468
Cyphomyrmex_cf.minutus_CASENT0744280_processed.obj,Stage_3_deform_fine,0.0008993290830403566,0.03566281497478485,0.01701813004910946,0.018644684925675392,0.04118373617529869,0.10698432475328445,0.039828620851039886,0.04026666656136513,0.039400000125169754,0.22855092585086823,0.24086667597293854,0.21743333339691162,0.6948307752609253,0.7527333498001099,0.6452000141143799,0.9777100682258606,0.9729666709899902,0.9825000166893005,0.7726522088050842,0.4320000112056732,1.516657829284668,2.716369867324829,3.891857862472534,0.41804713010787964,0.4572823941707611,4.82653284072876,0.8732692003250122,0.0,0.6811994314193726,0.16003355383872986,0.030327679589390755,0.09008476138114929,0.4603177011013031,13.773552894592285,84.86515808105469,0.00922395009547472,0.05655054748058319,0.05694136023521423,0.05762776732444763,0.005957931280136108,0.01586274430155754,0.03302133083343506,0.7643678188323975,0.017522631213068962,0.03248857334256172,0.674183189868927,0.013796970248222351,0.02557474374771118,0.8370165824890137,0.01480041816830635,0.028276344761252403,0.7994723320007324,0.01498750876635313,0.027460770681500435,0.8112284541130066,0.014754140749573708,0.03011530078947544,0.8114355206489563
Dilobocondyla_fouqueti_CASENT0745576_processed.obj,Stage_3_deform_fine,0.00024208056856878102,0.018151653930544853,0.008995377458631992,0.009156276471912861,0.02020058035850525,0.09933430701494217,0.20717836916446686,0.2100333422422409,0.20440000295639038,0.6980108022689819,0.7255333662033081,0.6725000143051147,0.9501463770866394,0.9520000219345093,0.9483000040054321,0.9975606799125671,0.9951333403587341,1.0,0.827888011932373,0.2598666548728943,1.2041795253753662,1.1408576965332031,2.5126163959503174,0.37557652592658997,0.39034503698349,1.9069782495498657,0.750751793384552,0.0,0.6602843999862671,0.16785219311714172,0.021944930776953697,0.05824486166238785,0.259927898645401,13.03745174407959,63.46467208862305,0.0036830613389611244,0.021849026903510094,0.02209654450416565,0.021883657202124596,-0.0025972314178943634,0.00795688759535551,0.0155045660212636,0.984674334526062,0.008688285015523434,0.016993017867207527,0.9806718826293945,0.008104677312076092,0.014429222792387009,0.9834254384040833,0.007248117588460445,0.013208226300776005,1.0,0.008248393423855305,0.01512355450540781,0.9832603931427002,0.007449339143931866,0.01326434500515461,0.9866179823875427
Dorylus_fulvus_CASENT0745678_processed.obj,Stage_3_deform_fine,0.00014521554112434387,0.01428872998803854,0.006882189307361841,0.007406540680676699,0.01696768030524254,0.05582577362656593,0.35320165753364563,0.36213332414627075,0.34470000863075256,0.8253704905509949,0.8565666675567627,0.7963666915893555,0.9746105670928955,0.977066695690155,0.9721666574478149,0.9998499751091003,0.9998999834060669,0.9998000264167786,0.847721517086029,0.2550666630268097,1.1839046478271484,1.201553225517273,2.346613883972168,0.4299255311489105,0.3545631766319275,1.9194121360778809,0.6457279920578003,0.0,0.7176020741462708,0.20323702692985535,0.01519959606230259,0.03807700797915459,0.24797117710113525,12.152022361755371,63.06256866455078,0.0049867997877299786,0.0076128593645989895,0.007943598553538322,0.007711615413427353,-0.0040741185657680035,0.006225794553756714,0.012584947049617767,0.9877395033836365,0.007560065481811762,0.01741338148713112,0.9682466983795166,0.005904928781092167,0.010839762166142464,1.0,0.007541196420788765,0.015374968759715557,0.9788918495178223,0.006962200626730919,0.012828250415623188,0.9917589426040649,0.006698768585920334,0.01156807504594326,0.9914841651916504
Eciton_hamatum_CASENT0744580_processed.obj,Stage_3_deform_fine,0.00019653122581075877,0.014641480520367622,0.008124373853206635,0.0065171062014997005,0.024136260151863098,0.07913362234830856,0.4120163917541504,0.4117000102996826,0.41233333945274353,0.8311163187026978,0.8099666833877563,0.8533999919891357,0.9591655731201172,0.930400013923645,0.9897666573524475,0.9958327412605286,0.9916999936103821,1.0,0.7409553527832031,0.1875,1.2200688123703003,1.4220489263534546,2.5351972579956055,0.4127064645290375,0.3800775110721588,1.8193233013153076,0.6868734955787659,0.0,0.6631739139556885,0.1834554523229599,0.01564662531018257,0.03865468129515648,0.27476435899734497,13.068059921264648,61.5435676574707,0.0036178743466734886,0.015463612973690033,0.015649085864424706,0.01522877812385559,0.0002349354326725006,0.0052343872375786304,0.009995582513511181,0.9977011680603027,0.008230081759393215,0.017982982099056244,0.967326283454895,0.00642913905903697,0.012465636245906353,0.9972376227378845,0.005833634175360203,0.013506630435585976,0.9947230219841003,0.0057714153081178665,0.011054083704948425,0.9951068758964539,0.006242143921554089,0.011767588555812836,0.9902676343917847
Ectatomma_brunneum_CASENT0744575_processed.obj,Stage_3_deform_fine,0.0005606429185718298,0.02642914280295372,0.01342077273875475,0.01300837006419897,0.03363773226737976,0.14253008365631104,0.08947811275720596,0.09016666561365128,0.08879999816417694,0.4341341257095337,0.45559999346733093,0.4146000146865845,0.8657647967338562,0.8840000033378601,0.8482666611671448,0.9866108894348145,0.9750333428382874,0.9984666705131531,0.7888599038124084,0.3308333456516266,1.3297080993652344,1.7919327020645142,2.9985642433166504,0.40015172958374023,0.4086742103099823,3.044487953186035,0.7713520526885986,0.0,0.6658072471618652,0.15177030861377716,0.02982167899608612,0.08813561499118805,0.5029560923576355,13.537130355834961,71.1850357055664,0.006420912221074104,0.003682845737785101,0.004046617075800896,0.0037285361904650927,-0.0037727942690253258,0.013938069343566895,0.02924288623034954,0.8494253158569336,0.009508522227406502,0.01814432442188263,0.9627243876457214,0.013441633433103561,0.035365957766771317,0.8756906390190125,0.010804878547787666,0.019170889630913734,0.9604222178459167,0.012317231856286526,0.02664976194500923,0.9052279591560364,0.010892675258219242,0.019709041342139244,0.9513381719589233
Eurhopalothrix_procera_CASENT0745605_processed.obj,Stage_3_deform_fine,0.00037748285103589296,0.022644393146038055,0.011046862229704857,0.011597531847655773,0.02559700980782509,0.1304195672273636,0.1292666494846344,0.13263332843780518,0.1260666698217392,0.5334108471870422,0.5670999884605408,0.5034999847412109,0.9033136963844299,0.9228000044822693,0.8846333622932434,0.9952346086502075,0.9913333654403687,0.9991666674613953,0.8066723346710205,0.3081666827201843,1.2590439319610596,1.5918877124786377,2.8049895763397217,0.37780633568763733,0.4265071153640747,2.2831614017486572,0.8451208472251892,0.0,0.6330217719078064,0.1475566029548645,0.02643834799528122,0.06789222359657288,0.28748032450675964,13.74204158782959,65.77770233154297,0.00410677632316947,0.04254187270998955,0.04298185184597969,0.04392370581626892,0.006092168390750885,0.011466003954410553,0.02473212219774723,0.9111111164093018,0.008398112840950489,0.015386052429676056,0.9903359413146973,0.009728786535561085,0.02526691183447838,0.930939257144928,0.009243002161383629,0.016004512086510658,0.9947230219841003,0.011279831640422344,0.023771151900291443,0.9217100143432617,0.011560936458408833,0.029223036020994186,0.8917275071144104
Heteroponera_panamensis_CASENT0744055_processed.obj,Stage_3_deform_fine,0.0006424367893487215,0.029079880565404892,0.01410007942467928,0.014979800209403038,0.03339046239852905,0.13097161054611206,0.06729403883218765,0.0679333359003067,0.06666667014360428,0.35847678780555725,0.37743332982063293,0.3413333296775818,0.8246158957481384,0.8665333390235901,0.7865666747093201,0.9846938848495483,0.9785000085830688,0.9909666776657104,0.8364576101303101,0.39063334465026855,1.370752215385437,2.0420072078704834,3.405958890914917,0.3788255453109741,0.43399521708488464,3.5204288959503174,0.8401049971580505,0.0,0.6538394689559937,0.14242635667324066,0.02906261570751667,0.08343645930290222,0.38236936926841736,13.94697380065918,76.77486419677734,0.007366122677922249,0.016708018258213997,0.017045678570866585,0.016587695106863976,-0.0030646193772554398,0.013919378630816936,0.029705021530389786,0.8432950377464294,0.011462683789432049,0.021826207637786865,0.9309710264205933,0.012157381512224674,0.02294338122010231,0.9033149480819702,0.013395236805081367,0.028239119797945023,0.8469657301902771,0.012172519229352474,0.021852944046258926,0.9217100143432617,0.013542382046580315,0.03698229417204857,0.9063260555267334
Labidus_praedator_CASENT0744236_processed.obj,Stage_3_deform_fine,0.000212476821616292,0.015735436230897903,0.008681854233145714,0.007053581532090902,0.02686934731900692,0.07654678821563721,0.3622654676437378,0.36160001158714294,0.36293333768844604,0.7949575781822205,0.7800000309944153,0.8105000257492065,0.949852705001831,0.9162333607673645,0.9860333204269409,0.9973430037498474,0.994700014591217,1.0,0.7510564923286438,0.3126000165939331,1.2199933528900146,1.6655727624893188,2.9135901927948,0.3177964687347412,0.46368905901908875,1.620052695274353,0.8707059025764465,0.0,0.5580978393554688,0.12222099304199219,0.022430550307035446,0.053380150347948074,0.7231957316398621,13.880056381225586,68.05606079101562,0.005834229756146669,0.04813506826758385,0.04862675070762634,0.049127329140901566,-0.0003548525273799896,0.006880948785692453,0.017277149483561516,0.9701149463653564,0.011916738003492355,0.025439683347940445,0.8651633858680725,0.008816190995275974,0.024464884772896767,0.9337016940116882,0.0075950827449560165,0.016681136563420296,0.9551451802253723,0.006101598031818867,0.011826482601463795,0.9876384139060974,0.0076661002822220325,0.015848536044359207,0.9720194339752197
Labidus_praedator_CASENT0744237_processed.obj,Stage_3_deform_fine,0.0002486050652805716,0.016444135457277298,0.008490053005516529,0.007954083383083344,0.016984837129712105,0.13247986137866974,0.2673746645450592,0.274399995803833,0.2607000172138214,0.788506031036377,0.8143333196640015,0.7642666697502136,0.9676926732063293,0.9603000283241272,0.9751999974250793,0.9940155744552612,0.9882000088691711,0.9998999834060669,0.8613553047180176,0.1207333356142044,1.1351360082626343,0.9651960134506226,1.8940294981002808,0.49611586332321167,0.28921931982040405,1.525319218635559,0.5217305421829224,0.0,0.7533016800880432,0.20900729298591614,0.014340036548674107,0.03771287575364113,0.2020307034254074,12.350789070129395,60.8715934753418,0.003096379106864333,0.006254648789763451,0.0066610476933419704,0.0063639129512012005,-0.004384114407002926,0.006365846376866102,0.01202982198446989,0.9988505840301514,0.006189865525811911,0.011488240212202072,1.0,0.009435606189072132,0.014161107130348682,0.9834254384040833,0.007572678383439779,0.01370185986161232,0.9947230219841003,0.007324247155338526,0.013858051970601082,0.9938192367553711,0.00864146277308464,0.01745987869799137,0.970802903175354
Lasius_nr._fuliginosus_CASENT0878037_processed.obj,Stage_3_deform_fine,0.00011148279736516997,0.012883706018328667,0.006128060165792704,0.006755645852535963,0.014644124545156956,0.061567071825265884,0.3973401188850403,0.4093666672706604,0.38600000739097595,0.8691548705101013,0.9054000377655029,0.8357000350952148,0.9895034432411194,0.9931333661079407,0.9858999848365784,0.9999833703041077,1.0,0.9999666810035706,0.898613691329956,0.07209999859333038,1.0528432130813599,0.5510733723640442,1.6900545358657837,0.499979168176651,0.25943470001220703,1.1376152038574219,0.4997009336948395,0.0,0.7396673560142517,0.2099873423576355,0.011009148322045803,0.026127927005290985,0.13105891644954681,11.949478149414062,57.33665084838867,0.0017600470455363393,0.013800538145005703,0.014141194522380829,0.013744927942752838,-0.0062063997611403465,0.005533658433705568,0.009982447139918804,0.9984674453735352,0.0050922539085149765,0.00961251836270094,1.0,0.00875863991677761,0.012370762415230274,1.0,0.006008966825902462,0.010066375136375427,1.0,0.006773748900741339,0.012209503911435604,0.9974246621131897,0.00683583552017808,0.010490546002984047,0.9975668787956238
Lioponera_daikoku_OKENT0105067_processed.obj,Stage_3_deform_fine,0.0005637332797050476,0.026348315179347992,0.013034974224865437,0.013313340954482555,0.02984566055238247,0.19175270199775696,0.09410379081964493,0.0966000035405159,0.09173333644866943,0.4369069039821625,0.46183332800865173,0.4145333468914032,0.8623144626617432,0.8876333236694336,0.8384000062942505,0.9897669553756714,0.9828000068664551,0.996833324432373,0.8334636092185974,0.43593335151672363,1.315178632736206,2.0047614574432373,2.9851510524749756,0.3819414973258972,0.42128604650497437,3.1328556537628174,0.824235200881958,0.0,0.6473421454429626,0.1474967896938324,0.02812371589243412,0.07802251726388931,0.387125164270401,13.173656463623047,76.86026763916016,0.007398716174066067,0.07911267131567001,0.07939941436052322,0.07883697003126144,-0.005582042038440704,0.013299322687089443,0.029015976935625076,0.8371647596359253,0.012190944515168667,0.026624957099556923,0.8918545842170715,0.01150274183601141,0.022066976875066757,0.919889509677887,0.010810847394168377,0.01932869292795658,0.9656992554664612,0.012611222453415394,0.02970140613615513,0.8810198307037354,0.011223753914237022,0.022853316739201546,0.9184914827346802
Mayriella_sp._CASENT0745610_processed.obj,Stage_3_deform_fine,0.0006110288086347282,0.028710242360830307,0.01414393913000822,0.014566302299499512,0.035913772881031036,0.10687275975942612,0.07830061763525009,0.08143333345651627,0.07540000230073929,0.3794451355934143,0.4056333303451538,0.35643333196640015,0.8143627643585205,0.846666693687439,0.7844333648681641,0.98739093542099,0.9779333472251892,0.9970333576202393,0.7497214674949646,0.3995666801929474,1.3460252285003662,1.9004569053649902,3.285351276397705,0.3767881393432617,0.436076283454895,3.063282012939453,0.8153103590011597,0.0,0.6542488932609558,0.1522100865840912,0.026629837229847908,0.07700501382350922,0.33176904916763306,14.027976989746094,73.30086517333984,0.006453505717217922,0.034876663237810135,0.03509978950023651,0.034648459404706955,0.008610349148511887,0.012441672384738922,0.026610782369971275,0.8839080929756165,0.011518804356455803,0.02202942594885826,0.9295904636383057,0.013633109629154205,0.03200772404670715,0.8093922734260559,0.009932642802596092,0.01744743436574936,0.9656992554664612,0.011089709587395191,0.020915353670716286,0.9425702095031738,0.010624158196151257,0.01877090521156788,0.9622870683670044
Mesoponera_ambigua_CASENT0745584_processed.obj,Stage_3_deform_fine,0.00044289804645814,0.02412295900285244,0.011834702454507351,0.012288256548345089,0.027804303914308548,0.17895492911338806,0.10897447913885117,0.11156667023897171,0.10649999976158142,0.49365657567977905,0.5263333320617676,0.46480000019073486,0.8895679712295532,0.9100000262260437,0.870033323764801,0.9924810528755188,0.9865666627883911,0.9984666705131531,0.8224210739135742,0.3167000114917755,1.3346136808395386,1.8510286808013916,3.1482913494110107,0.4186273515224457,0.4013553261756897,2.8583574295043945,0.7624054551124573,0.0,0.6743401288986206,0.14981801807880402,0.026540178805589676,0.06960874050855637,0.43732523918151855,13.25508975982666,69.17784881591797,0.005443108268082142,0.056597817689180374,0.0569424144923687,0.05666258931159973,-0.0020354576408863068,0.011272460222244263,0.020819703117012978,0.9409961700439453,0.01054004579782486,0.024138979613780975,0.9254487156867981,0.010657942853868008,0.019173908978700638,0.9530386924743652,0.00945558026432991,0.016358206048607826,0.9947230219841003,0.011404747143387794,0.023402750492095947,0.9235127568244934,0.011594363488256931,0.029777955263853073,0.9197080135345459
Myrmecina_ryukyuensis_OKENT0105085_processed.obj,Stage_3_deform_fine,0.00023329736723098904,0.015755008906126022,0.007551776710897684,0.008203232660889626,0.016570881009101868,0.2554613947868347,0.2775048017501831,0.2840000092983246,0.2713000178337097,0.7914268374443054,0.8142666816711426,0.7698333263397217,0.9769363403320312,0.9805999994277954,0.973300039768219,0.9975000023841858,0.9975000023841858,0.9975000023841858,0.8806371092796326,0.18806666135787964,1.1129674911499023,0.8988029360771179,1.9039320945739746,0.4616698622703552,0.3044879138469696,1.630934238433838,0.5636385083198547,0.0,0.7484921216964722,0.23770716786384583,0.01384549867361784,0.03871242702007294,0.2010854035615921,12.390883445739746,59.77986145019531,0.00273785088211298,0.0009040466393344104,0.0012056893901899457,0.000909529160708189,-0.008094939403235912,0.0070288763381540775,0.013019314967095852,0.9996168613433838,0.00652075931429863,0.012057301588356495,1.0,0.009223905391991138,0.016474612057209015,0.9751381874084473,0.007270906586199999,0.012071676552295685,0.9973615407943726,0.006894748192280531,0.012396489270031452,0.9989699125289917,0.006746887695044279,0.010927439667284489,1.0
Myrmecina_sp._CASENT0745613_processed.obj,Stage_3_deform_fine,0.0003648930578492582,0.02197587490081787,0.010730399750173092,0.01124547515064478,0.025451943278312683,0.12050168961286545,0.14299359917640686,0.14666666090488434,0.13950000703334808,0.5654637217521667,0.5968666672706604,0.5372000336647034,0.9059282541275024,0.9258999824523926,0.8867999911308289,0.9946774840354919,0.9899666905403137,0.9994333386421204,0.8289309144020081,0.3363000154495239,1.303615689277649,1.724511742591858,3.064215898513794,0.38248002529144287,0.42268043756484985,2.681213855743408,0.7986295223236084,0.0,0.6788511276245117,0.16114331781864166,0.02421174943447113,0.05962944030761719,0.25874635577201843,13.181379318237305,66.04082489013672,0.005410514771938324,0.0205658171325922,0.020854761824011803,0.020450027659535408,0.0022994838654994965,0.009702448733150959,0.019841009750962257,0.9524904489517212,0.009897368960082531,0.019434528425335884,0.9512194991111755,0.010123603977262974,0.020409977063536644,0.9392265677452087,0.010021842084825039,0.018662482500076294,0.9656992554664612,0.0112857511267066,0.027370084077119827,0.9201648235321045,0.009902985766530037,0.01769120804965496,0.9695863723754883
Nesomyrmex_angulatus_CASENT0744820_processed.obj,Stage_3_deform_fine,0.0005480563268065453,0.026658279821276665,0.01322608906775713,0.013432190753519535,0.032779760658741,0.18596018850803375,0.0930643305182457,0.09353333711624146,0.09260000288486481,0.43419113755226135,0.4528999924659729,0.41696667671203613,0.8521886467933655,0.8766000270843506,0.8291000127792358,0.987804114818573,0.979033350944519,0.9967333674430847,0.7859712839126587,0.42239999771118164,1.3748674392700195,2.0625298023223877,3.469799757003784,0.3651886582374573,0.4544192850589752,3.450948715209961,0.8647872805595398,0.0,0.6430872082710266,0.15347446501255035,0.02657538838684559,0.07411398738622665,0.31794148683547974,13.968835830688477,77.49609375,0.007626870647072792,0.035744085907936096,0.03624157980084419,0.03588060289621353,0.012729430571198463,0.01251332275569439,0.026488861069083214,0.8800766468048096,0.01085144467651844,0.02087172493338585,0.9392545223236084,0.012479769065976143,0.02638712152838707,0.8922652006149292,0.011514867655932903,0.022014368325471878,0.9182058572769165,0.010931353084743023,0.020747339352965355,0.9394798278808594,0.010643845424056053,0.02105594053864479,0.9403892755508423
Odontomachus_troglodytes_CASENT0744970_processed.obj,Stage_3_deform_fine,0.00012163150677224621,0.012873634696006775,0.006377972662448883,0.0064956615678966045,0.013886994682252407,0.1109241172671318,0.4110855460166931,0.42106667160987854,0.40156668424606323,0.8790584206581116,0.8971666693687439,0.8616666793823242,0.986197829246521,0.9819000363349915,0.9905333518981934,0.9992662668228149,0.9986333250999451,0.9998999834060669,0.8348580598831177,0.10903333127498627,1.0908881425857544,0.795620858669281,1.9681249856948853,0.42871230840682983,0.3164202570915222,1.2260206937789917,0.5903337597846985,0.0,0.6959282755851746,0.20135466754436493,0.01511082798242569,0.03380289301276207,0.24499501287937164,12.42091178894043,58.95650100708008,0.001988201169297099,0.02130107395350933,0.021544110029935837,0.02069687843322754,-0.0010845847427845001,0.005316098686307669,0.01010146364569664,0.9992337226867676,0.005288855172693729,0.00988432951271534,1.0,0.007172849494963884,0.01364927552640438,0.9861878752708435,0.006658891681581736,0.011015990749001503,1.0,0.006538669113069773,0.012148871086537838,0.9907288551330566,0.007967681623995304,0.022035054862499237,0.9343065619468689
Oxyopomyrmex_saulcyi_CASENT0745218_processed.obj,Stage_3_deform_fine,0.0003831954672932625,0.023112839087843895,0.010926076211035252,0.012186762876808643,0.027600646018981934,0.12604103982448578,0.1146535649895668,0.11890000104904175,0.11070000380277634,0.5125709772109985,0.5419666767120361,0.4862000048160553,0.8996374011039734,0.9244000315666199,0.8761667013168335,0.9963162541389465,0.9969333410263062,0.9957000017166138,0.7790908813476562,0.4069666564464569,1.2316176891326904,1.247484564781189,2.614116668701172,0.4250287413597107,0.37827885150909424,2.0309925079345703,0.691159188747406,0.0,0.6969437003135681,0.17971332371234894,0.0213227029889822,0.052360136061906815,0.2780483663082123,13.087930679321289,67.96101379394531,0.004530491307377815,0.007983588613569736,0.008877204731106758,0.008268606849014759,-0.0010198857635259628,0.008841706439852715,0.016077501699328423,0.9900383353233337,0.010190673172473907,0.01984890177845955,0.9530603289604187,0.010534513741731644,0.018798016011714935,0.961326003074646,0.01129644364118576,0.022242829203605652,0.9155673384666443,0.009599028155207634,0.017952555790543556,0.9683234691619873,0.01061404962092638,0.02338811568915844,0.930656909942627
Polyrhachis_decemdentata_CASENT0744779_processed.obj,Stage_3_deform_fine,0.0003003953897859901,0.020180685445666313,0.009790388867259026,0.010390296578407288,0.02313035912811756,0.09816266596317291,0.1723366677761078,0.1788666695356369,0.16626666486263275,0.6161397099494934,0.6585000157356262,0.5788999795913696,0.9298571944236755,0.9428333640098572,0.9172333478927612,0.996740460395813,0.9936666488647461,0.999833345413208,0.8342234492301941,0.33276668190956116,1.2604477405548096,1.5489425659179688,2.701568365097046,0.3782678246498108,0.41903454065322876,2.8630237579345703,0.7855187654495239,0.0,0.6748809218406677,0.17026805877685547,0.02426178939640522,0.06020746007561684,0.304544061422348,13.412287712097168,67.69590759277344,0.005345327779650688,0.013221925124526024,0.013507240451872349,0.01350407488644123,-0.00106804259121418,0.008575903251767159,0.016707878559827805,0.9789271950721741,0.008028210140764713,0.015008794143795967,0.9912563562393188,0.013488327153027058,0.03183046728372574,0.8867403864860535,0.010624866932630539,0.024034973233938217,0.9023746848106384,0.009382103569805622,0.018705910071730614,0.962915301322937,0.00918398518115282,0.01638834923505783,0.9829683899879456
Polyrhachis_dives_CASENT0878093_processed.obj,Stage_3_deform_fine,0.0005233078263700008,0.025183890014886856,0.012662402354180813,0.012521488592028618,0.03126097097992897,0.16562214493751526,0.10573489218950272,0.10760000348091125,0.10393333435058594,0.4772453010082245,0.5073666572570801,0.4505000114440918,0.878486156463623,0.8967333436012268,0.860966682434082,0.9887394905090332,0.979200005531311,0.9984666705131531,0.8148543834686279,0.33633333444595337,1.3450725078582764,1.8263639211654663,3.1889591217041016,0.39706167578697205,0.41234472393989563,2.765763998031616,0.7811665534973145,0.0,0.6723670363426208,0.13652561604976654,0.02797076292335987,0.08045842498540878,0.3921133279800415,13.470996856689453,75.32715606689453,0.007170562166720629,0.0008073560893535614,0.0013129011495038867,0.0008236865978688002,-0.0042577567510306835,0.011339003220200539,0.022772666066884995,0.9095785617828369,0.010705812834203243,0.021786047145724297,0.9323515892028809,0.012124873697757721,0.019213654100894928,0.9779005646705627,0.010453077033162117,0.02051922306418419,0.9419525265693665,0.01202173437923193,0.023561744019389153,0.9090909361839294,0.012090216390788555,0.026032522320747375,0.9111921787261963
Ponera_kohmoku_OKENT0105440_processed.obj,Stage_3_deform_fine,0.0002580771397333592,0.018536407500505447,0.009309329092502594,0.009227078408002853,0.021140092983841896,0.11110980063676834,0.20049041509628296,0.20489999651908875,0.19626666605472565,0.6904392838478088,0.7062000036239624,0.6753666996955872,0.9466294050216675,0.9447000026702881,0.9485666751861572,0.9967945218086243,0.9944666624069214,0.9991333484649658,0.8102582097053528,0.2912333309650421,1.1465102434158325,1.0593034029006958,2.2750182151794434,0.40709879994392395,0.35602012276649475,1.7417895793914795,0.6904696822166443,0.0,0.6817787885665894,0.17988087236881256,0.017864400520920753,0.046611521393060684,0.23246818780899048,13.003297805786133,62.70003890991211,0.0037482483312487602,0.002138144336640835,0.002509676618501544,0.0021446726750582457,-0.0021869000047445297,0.007749202661216259,0.014335356652736664,0.9942529201507568,0.007054104004055262,0.013084675185382366,0.9958582520484924,0.010512582957744598,0.016431981697678566,0.991712749004364,0.007335830945521593,0.012088504619896412,1.0,0.00774853490293026,0.014320078305900097,0.9907288551330566,0.010671788826584816,0.030735449865460396,0.9172749519348145
Ponera_tamon_OKENT0105154_processed.obj,Stage_3_deform_fine,0.0002087057218886912,0.015603935346007347,0.007879196666181087,0.00772473867982626,0.017901232466101646,0.11019829660654068,0.3267187774181366,0.33773332834243774,0.3163999915122986,0.7991264462471008,0.8197667002677917,0.7795000076293945,0.9628786444664001,0.9583666920661926,0.9674333333969116,0.9955345988273621,0.9916333556175232,0.9994666576385498,0.7981091141700745,0.29083332419395447,1.1517590284347534,1.1466147899627686,2.339824914932251,0.374128520488739,0.37557658553123474,1.4594415426254272,0.6998587250709534,0.0,0.6543409824371338,0.16052760183811188,0.01701030693948269,0.043579816818237305,0.2812800407409668,12.73792552947998,60.881065368652344,0.003096379106864333,0.011686580255627632,0.01193520613014698,0.011846247129142284,-0.005403563380241394,0.006437514442950487,0.012518011964857578,0.9965517520904541,0.005729367956519127,0.010217605158686638,1.0,0.0067069996148347855,0.011783427558839321,1.0,0.006261130794882774,0.010625130496919155,1.0,0.008017079904675484,0.020045191049575806,0.9495235681533813,0.007050825282931328,0.012581472285091877,0.9841849207878113
Pseudolasius_sp._CASENT0878065_processed.obj,Stage_3_deform_fine,0.00036862120032310486,0.02291364036500454,0.011232438497245312,0.011681201867759228,0.025477301329374313,0.09026669710874557,0.11577033251523972,0.11813333630561829,0.11349999904632568,0.5048571228981018,0.5270000100135803,0.484499990940094,0.9053624272346497,0.9191666841506958,0.891966700553894,0.9967288374900818,0.9945999979972839,0.9988666772842407,0.8251035809516907,0.2779666781425476,1.301430106163025,1.7362226247787476,2.9068589210510254,0.37056422233581543,0.43158838152885437,2.822413682937622,0.840610921382904,0.0,0.6829242706298828,0.1631341278553009,0.025648778304457664,0.0661328062415123,0.5244277119636536,13.097416877746582,70.87030792236328,0.005410514771938324,0.03593346104025841,0.03669813647866249,0.03661251440644264,-0.0034533143043518066,0.010536945424973965,0.02140226773917675,0.9379310607910156,0.011793116107583046,0.02275952510535717,0.9254487156867981,0.009702535346150398,0.01755375601351261,0.9779005646705627,0.009747069329023361,0.017240561544895172,0.9815303683280945,0.010863544419407845,0.02164108119904995,0.9369044899940491,0.011074025183916092,0.021828552708029747,0.9403892755508423
Pseudomyrmex_cf.solis_CASENT0744065_processed.obj,Stage_3_deform_fine,0.00014675768034067005,0.014181701466441154,0.0069623119197785854,0.007219389081001282,0.01630229502916336,0.07383965700864792,0.36010879278182983,0.3686000108718872,0.35199999809265137,0.8370792865753174,0.858833372592926,0.8163999915122986,0.9725297689437866,0.9706667065620422,0.974399983882904,0.9996498823165894,0.9993000030517578,1.0,0.8402966260910034,0.27480000257492065,1.1874772310256958,1.192457914352417,2.5350990295410156,0.37880098819732666,0.3707438111305237,1.8436471223831177,0.6986531615257263,0.0,0.6813752055168152,0.19066698849201202,0.014980641193687916,0.03823890909552574,0.19228005409240723,12.06497859954834,62.45097351074219,0.0044653043150901794,0.007055467460304499,0.007313536014407873,0.0070722526870667934,-0.00042655738070607185,0.005504687316715717,0.010219690389931202,0.9961686134338379,0.006475389003753662,0.012413456104695797,0.9898757934570312,0.006555772386491299,0.012683579698204994,0.991712749004364,0.006098651792854071,0.011697898618876934,0.9947230219841003,0.006835892330855131,0.01383662037551403,0.984548032283783,0.007698794361203909,0.01761038787662983,0.9635036587715149
Solenopsis_invicta_CASENT0744384_processed.obj,Stage_3_deform_fine,0.0004534181789495051,0.025198642164468765,0.012250836007297039,0.0129478070884943,0.028780339285731316,0.09144994616508484,0.0973905548453331,0.10076666623353958,0.09423333406448364,0.45360106229782104,0.4768666625022888,0.4325000047683716,0.867509663105011,0.8923666477203369,0.843999981880188,0.9942003488540649,0.9901999831199646,0.9982333183288574,0.7557743787765503,0.43726667761802673,1.2744355201721191,1.7292022705078125,2.927870512008667,0.41960346698760986,0.3989630341529846,2.4313249588012695,0.7525854706764221,0.0,0.6673290729522705,0.15594318509101868,0.022855810821056366,0.06051306426525116,0.2926458716392517,13.890947341918945,73.46650695800781,0.006779440212994814,0.03858763352036476,0.03894004598259926,0.03819373622536659,-0.0023157522082328796,0.010636260733008385,0.021413225680589676,0.9360153675079346,0.010503650642931461,0.019764861091971397,0.9526001214981079,0.01044822670519352,0.01908266730606556,0.9530386924743652,0.010445385240018368,0.019742025062441826,0.9551451802253723,0.01093522273004055,0.0220151636749506,0.9325264096260071,0.009782448410987854,0.017388414591550827,0.9793187379837036
Stigmatomma_FHG02_CASENT0745561_processed.obj,Stage_3_deform_fine,0.000629862304776907,0.024958159774541855,0.01383823063224554,0.01111992821097374,0.04211869835853577,0.14594973623752594,0.13487616181373596,0.1358666718006134,0.1339000016450882,0.537416398525238,0.5426666736602783,0.5322666764259338,0.8875991702079773,0.8702999949455261,0.9056000113487244,0.9788196086883545,0.9599000215530396,0.9984999895095825,0.786041796207428,0.4233666658401489,1.2403876781463623,1.820930004119873,2.7390356063842773,0.39094656705856323,0.39217329025268555,2.5078988075256348,0.7359625101089478,0.0,0.6633478999137878,0.14817212522029877,0.02408628724515438,0.07140374183654785,0.43772000074386597,13.133830070495605,74.15618133544922,0.006975001189857721,0.046664174646139145,0.0471247136592865,0.04664720967411995,0.003549966961145401,0.01040278747677803,0.022649824619293213,0.931034505367279,0.008983653970062733,0.01730189472436905,0.9728485941886902,0.00954112783074379,0.019917214289307594,0.950276255607605,0.009521335363388062,0.0164958406239748,0.9973615407943726,0.009983346797525883,0.02118264138698578,0.9415400624275208,0.012639349326491356,0.03927337005734444,0.8868613243103027
Strumigenys_alberti_CASENT0878103_processed.obj,Stage_3_deform_fine,0.00037151388823986053,0.022713977843523026,0.010954109020531178,0.011759868822991848,0.026225199922919273,0.09936139732599258,0.12188207358121872,0.12443333119153976,0.11943333595991135,0.5273652076721191,0.5592333674430847,0.498933345079422,0.9027800559997559,0.9253333210945129,0.8813000321388245,0.9961745738983154,0.993233323097229,0.9991333484649658,0.821080207824707,0.291866660118103,1.3431687355041504,1.7088630199432373,3.0864245891571045,0.431869238615036,0.3999529480934143,2.8341338634490967,0.7434796690940857,0.0,0.7061631679534912,0.17494796216487885,0.024441862478852272,0.06777941435575485,0.311052531003952,12.923675537109375,73.03799438476562,0.0066816601902246475,0.01659541018307209,0.01687166653573513,0.01658017747104168,0.00010194256901741028,0.01055906806141138,0.01955670490860939,0.9551724195480347,0.009099227376282215,0.018127577379345894,0.9645651578903198,0.010270008817315102,0.019252058118581772,0.9530386924743652,0.009301042184233665,0.0160945113748312,0.9894459247589111,0.012084690853953362,0.029541458934545517,0.9057430028915405,0.012840482406318188,0.04582217335700989,0.9124087691307068
Strumigenys_canina_OKENT0105288_processed.obj,Stage_3_deform_fine,0.0002813897735904902,0.019379792734980583,0.009451204910874367,0.009928587824106216,0.022160576656460762,0.13996806740760803,0.18367424607276917,0.1889333426952362,0.17870000004768372,0.6503433585166931,0.6810333132743835,0.6223000288009644,0.9385599493980408,0.9469333291053772,0.9303333163261414,0.9974293112754822,0.9954333305358887,0.9994333386421204,0.8242294192314148,0.2866666615009308,1.2237887382507324,1.4954935312271118,2.5600974559783936,0.3811021149158478,0.3828426003456116,2.153216600418091,0.723544180393219,0.0,0.6753959655761719,0.1742604374885559,0.020452875643968582,0.05323151871562004,0.27305787801742554,12.683940887451172,64.78491973876953,0.004889019299298525,0.006164338439702988,0.007212366443127394,0.00630008801817894,0.0004927623085677624,0.008284921757876873,0.015933707356452942,0.9781609177589417,0.008427150547504425,0.01698898710310459,0.973308801651001,0.008036899380385876,0.014295601285994053,0.9889503121376038,0.00909104198217392,0.020245669409632683,0.9419525265693665,0.009017905220389366,0.01860227808356285,0.9621427059173584,0.008015735074877739,0.01618160866200924,0.9732360243797302
Strumigenys_crassicornis_CASENT0744273_processed.obj,Stage_3_deform_fine,0.00044755663839168847,0.024067820981144905,0.012110140174627304,0.011957680806517601,0.028904270380735397,0.11151453107595444,0.11458118259906769,0.1166333332657814,0.11259999871253967,0.49303412437438965,0.5200333595275879,0.46869999170303345,0.89254230260849,0.9063667058944702,0.8791333436965942,0.9900830984115601,0.9810667037963867,0.9992666840553284,0.8022719621658325,0.3222333490848541,1.2738765478134155,1.6464329957962036,2.772693157196045,0.3883902132511139,0.397419810295105,2.636510133743286,0.7483572959899902,0.0,0.6875848174095154,0.17016589641571045,0.02483535371720791,0.0669589713215828,0.31951192021369934,13.150245666503906,73.34259796142578,0.007333529181778431,0.0064053102396428585,0.0070183295756578445,0.006658305414021015,-0.011667713522911072,0.01076157670468092,0.019286783412098885,0.9586207270622253,0.009935358539223671,0.018682995811104774,0.9604234099388123,0.010266246274113655,0.019221851602196693,0.9558011293411255,0.010937252081930637,0.020014233887195587,0.9472295641899109,0.01121121272444725,0.025040030479431152,0.9291784763336182,0.013331661000847816,0.03875681757926941,0.871046245098114
Strumigenys_sp._appretiata_group_CASENT0744156_processed.obj,Stage_3_deform_fine,0.00026562687708064914,0.0192552600055933,0.009059891104698181,0.010195368900895119,0.02290976047515869,0.12560173869132996,0.18374639749526978,0.19130000472068787,0.17676666378974915,0.6375876069068909,0.6832666993141174,0.5976333618164062,0.9433952569961548,0.9641667008399963,0.9235000014305115,0.9984326362609863,0.9975666999816895,0.9993000030517578,0.828363299369812,0.3662000000476837,1.241194248199463,1.48355233669281,2.614138126373291,0.393166184425354,0.3940020203590393,2.3850560188293457,0.7278940081596375,0.0,0.6916154026985168,0.17359088361263275,0.019424336031079292,0.04972082003951073,0.22297441959381104,12.729859352111816,63.45362854003906,0.004334930796176195,0.0014609881909564137,0.0020127040334045887,0.0014669874217361212,-0.00691608339548111,0.008282423950731754,0.015541634522378445,0.9954023361206055,0.011132970452308655,0.022495301440358162,0.9213069677352905,0.008224566467106342,0.014252305962145329,1.0,0.009268287569284439,0.01697421260178089,0.9868074059486389,0.008867592550814152,0.018155982717871666,0.959052324295044,0.0076149264350533485,0.013383285142481327,0.9914841651916504
Strumigenys_stenorhina_OKENT0105268_processed.obj,Stage_3_deform_fine,9.299493831349537e-05,0.011672433465719223,0.0056448038667440414,0.006027629133313894,0.012357168830931187,0.06976224482059479,0.46165934205055237,0.4769333302974701,0.44733333587646484,0.9182355999946594,0.9385666847229004,0.8987666964530945,0.9928317070007324,0.994100034236908,0.9915666580200195,0.9995999336242676,0.9994333386421204,0.9997667074203491,0.8762566447257996,0.2737666666507721,1.0461851358413696,0.6672890186309814,1.715177297592163,0.48207607865333557,0.2757808566093445,1.1319714784622192,0.5174223184585571,0.0,0.6890135407447815,0.19148722290992737,0.012223190627992153,0.030391361564397812,0.1295231282711029,12.074104309082031,58.137996673583984,0.0023467293940484524,0.0002806886041071266,0.0006288844742812216,0.00028791523072868586,-0.009432386606931686,0.0051469095051288605,0.009663681499660015,0.9992337226867676,0.0055925180204212666,0.010473747737705708,0.9990796446800232,0.00525436457246542,0.009540487080812454,1.0,0.00566571531817317,0.010071015916764736,1.0,0.005058137699961662,0.008961326442658901,1.0,0.005910692270845175,0.013153066858649254,0.9671532511711121
Syllophopsis_sechellensis_OKENT0105212_processed.obj,Stage_3_deform_fine,0.0001560686796437949,0.01351197250187397,0.0072499969974160194,0.006261975970119238,0.018645744770765305,0.07044968754053116,0.42616555094718933,0.42686668038368225,0.4254666566848755,0.8682220578193665,0.8559666872024536,0.8808333277702332,0.9719998836517334,0.9547666907310486,0.9898666739463806,0.9972088932991028,0.9944333434104919,1.0,0.8253785371780396,0.1480666697025299,1.133488655090332,0.9774678349494934,2.0974764823913574,0.43782806396484375,0.31637975573539734,1.464799404144287,0.593653678894043,0.0,0.722012460231781,0.20994876325130463,0.013294505886733532,0.03098844364285469,0.1838756650686264,12.28261661529541,61.93903732299805,0.0035852810833603144,0.0523129440844059,0.05290326476097107,0.0525975301861763,-0.0047779567539691925,0.0052377693355083466,0.009917161427438259,0.9961686134338379,0.004928101785480976,0.009249006398022175,1.0,0.0076369973830878735,0.01345217227935791,1.0,0.00582229346036911,0.010036581195890903,1.0,0.0066981008276343346,0.013178407214581966,0.9837754368782043,0.00644639739766717,0.011556202545762062,0.989051103591919
Temnothorax_congruus_OKENT0105443_processed.obj,Stage_3_deform_fine,0.0001626518787816167,0.015364546328783035,0.007023334968835115,0.008341210894286633,0.019033698365092278,0.06861899793148041,0.2844701111316681,0.29573333263397217,0.2740333378314972,0.786441445350647,0.8401333689689636,0.7391999959945679,0.975206196308136,0.9934000372886658,0.9576666951179504,0.999666690826416,0.9998000264167786,0.9995333552360535,0.8540332913398743,0.25343334674835205,1.095523476600647,0.6865595579147339,1.827591061592102,0.46548229455947876,0.29684093594551086,1.2774347066879272,0.5572431683540344,0.0,0.7305919528007507,0.21690694987773895,0.01208033412694931,0.027513651177287102,0.14614234864711761,12.447955131530762,60.18792724609375,0.002770444378256798,0.01570671796798706,0.015961904078722,0.01597338356077671,-0.0015099868178367615,0.006520592141896486,0.011747288517653942,0.9996168613433838,0.006509082857519388,0.011749696917831898,0.999539852142334,0.008778667077422142,0.014725025743246078,1.0,0.007945421151816845,0.013160442002117634,1.0,0.007153636310249567,0.01284375786781311,0.9891836643218994,0.0070761945098638535,0.014602639712393284,0.9914841651916504
Temnothorax_sp._OKENT0105336_processed.obj,Stage_3_deform_fine,0.00033273568260483444,0.021620798856019974,0.010393969714641571,0.011226829141378403,0.024669194594025612,0.07378575205802917,0.14178641140460968,0.14650000631809235,0.1373666673898697,0.5629764795303345,0.6004999876022339,0.5298666954040527,0.9133936166763306,0.9273333549499512,0.8998667001724243,0.9972983002662659,0.9959999918937683,0.9986000061035156,0.7714523673057556,0.46096667647361755,1.2260327339172363,1.4005528688430786,2.4809980392456055,0.40788811445236206,0.38019758462905884,2.3025693893432617,0.7183542251586914,0.0,0.6832928657531738,0.18312625586986542,0.020788993686437607,0.05533485859632492,0.2693343758583069,13.247108459472656,67.7702865600586,0.005312734749168158,0.017039058730006218,0.01734686642885208,0.017007222399115562,0.000645514577627182,0.00892962422221899,0.016091397032141685,0.986973226070404,0.009915919043123722,0.020445873960852623,0.9461573958396912,0.010491913184523582,0.018852967768907547,0.9530386924743652,0.008746175095438957,0.016047948971390724,0.9920845031738281,0.008538184687495232,0.01501888781785965,0.988926112651825,0.008297518827021122,0.016321657225489616,0.9841849207878113
Tetramorium_kraepelini_CASENT0744084_processed.obj,Stage_3_deform_fine,0.0003200644860044122,0.02139091119170189,0.009821716696023941,0.011569195427000523,0.026371294632554054,0.08481525629758835,0.14002929627895355,0.14666666090488434,0.13396666944026947,0.5647416710853577,0.6129000186920166,0.5235999822616577,0.9158517122268677,0.9523666501045227,0.8820333480834961,0.9981332421302795,0.9985333681106567,0.9977333545684814,0.8275118470191956,0.4170333445072174,1.2246196269989014,1.3723962306976318,2.455819845199585,0.4255326986312866,0.3729211091995239,2.0835189819335938,0.7064789533615112,0.0,0.6916305422782898,0.17280089855194092,0.020786859095096588,0.05199921503663063,0.25599509477615356,13.084358215332031,66.32244873046875,0.005182360764592886,0.006642190273851156,0.006889625918120146,0.006650158669799566,-0.002189707476645708,0.008731970563530922,0.016840163618326187,0.9773946404457092,0.00928505789488554,0.017228098586201668,0.9783709049224854,0.010411306284368038,0.019970059394836426,0.950276255607605,0.009714699350297451,0.017920171841979027,0.9709762930870056,0.009006825275719166,0.015899082645773888,0.9860932230949402,0.009262965992093086,0.017431149259209633,0.974452555179596
