mesh,stage,chamfer_l2,chamfer_l1,acc_mean,comp_mean,hausdorff_95,hausdorff_max,fscore@0.005,precision@0.005,recall@0.005,fscore@0.01,precision@0.01,recall@0.01,fscore@0.02,precision@0.02,recall@0.02,fscore@0.05,precision@0.05,recall@0.05,normal_consistency,normal_flip_frac,edge_ratio_mean,edge_ratio_std,edge_stretch_p95,edge_compress_p05,edge_logratio_absmean,area_ratio_mean,area_logratio_absmean,degenerate_tri_frac,tri_quality_mean,tri_quality_p05,deform_mag_mean,deform_mag_p95,deform_mag_max,dihedral_mean,dihedral_p99,folded_face_frac,midline_dev_mean,midline_dev_p95,midline_dev_mean_norm,midline_dev_excess,part_body_dist_mean,part_body_dist_p95,part_body_within_tau,part_head_dist_mean,part_head_dist_p95,part_head_within_tau,part_antenna_dist_mean,part_antenna_dist_p95,part_antenna_within_tau,part_mandible_dist_mean,part_mandible_dist_p95,part_mandible_within_tau,part_leg_dist_mean,part_leg_dist_p95,part_leg_within_tau,part_leg_distal_dist_mean,part_leg_distal_dist_p95,part_leg_distal_within_tau
Acanthostichus_aff.brevicornis_CASENT0744328_processed.obj,Stage_2_deform_coarse,0.0001939524372573942,0.016013719141483307,0.008203406818211079,0.007810311857610941,0.020476803183555603,0.07717961817979813,0.3169626295566559,0.31583333015441895,0.3181000053882599,0.7641142010688782,0.765500009059906,0.7627333402633667,0.9581876993179321,0.9472000002861023,0.9694333672523499,0.9989655613899231,0.9979333281517029,1.0,0.8117594122886658,0.16936667263507843,1.289109706878662,1.3535714149475098,2.728882312774658,0.534620463848114,0.33862271904945374,2.109938383102417,0.5967215299606323,0.0,0.744608998298645,0.30733925104141235,0.017257394269108772,0.04328635334968567,0.31761062145233154,14.50593090057373,84.78197479248047,0.008963202126324177,0.0029204897582530975,0.0038179128896445036,0.0029076137579977512,-0.008713153190910816,0.0074192238971591,0.017862703651189804,0.9659004211425781,0.005991869606077671,0.01142825186252594,0.9963184595108032,0.009089330211281776,0.015552977100014687,0.991712749004364,0.00794948823750019,0.016473419964313507,0.9841688871383667,0.009391503408551216,0.02153950184583664,0.9366469383239746,0.007832943461835384,0.017692528665065765,0.9659367203712463
Acromyrmex_coronatus_CASENT0744365_processed.obj,Stage_2_deform_coarse,0.00030311898444779217,0.018454212695360184,0.009600012563169003,0.008854201063513756,0.023650117218494415,0.13453572988510132,0.23420016467571259,0.23766666650772095,0.23083333671092987,0.7171579599380493,0.7331666946411133,0.7018333673477173,0.9441843628883362,0.9374333620071411,0.951033353805542,0.992296576499939,0.9850666522979736,0.9996333718299866,0.8065093159675598,0.14053332805633545,1.233595371246338,1.243193507194519,2.3899223804473877,0.5686530470848083,0.3069568872451782,1.899653673171997,0.5370657444000244,0.0,0.7762166261672974,0.3183588981628418,0.018857402727007866,0.050191909074783325,0.2889005243778229,14.352816581726074,76.01107025146484,0.006192758213728666,0.04863133653998375,0.04987384006381035,0.04893948882818222,0.0005990713834762573,0.007372393738478422,0.01398825366050005,0.99042147397995,0.006601232569664717,0.011958844028413296,0.9921767115592957,0.00998101755976677,0.018090061843395233,0.9585635662078857,0.009610950015485287,0.03130808845162392,0.9261214137077332,0.008420277386903763,0.01606256142258644,0.9778521656990051,0.008974726311862469,0.02242680825293064,0.941605806350708
Acromyrmex_lobicornis_CASENT0878007_processed.obj,Stage_2_deform_coarse,0.0004485264071263373,0.02476884424686432,0.01203328650444746,0.012735557742416859,0.02896450087428093,0.09498504549264908,0.10923810303211212,0.11103333532810211,0.10750000178813934,0.4769608676433563,0.503433346748352,0.45313334465026855,0.8704386949539185,0.8957333564758301,0.8465333580970764,0.9945014715194702,0.9906333684921265,0.9984000325202942,0.7786842584609985,0.25423333048820496,1.3930705785751343,1.5547168254852295,3.1827127933502197,0.5222504734992981,0.3911823034286499,3.383190631866455,0.6932467222213745,0.0,0.7614951133728027,0.3126477599143982,0.02584572695195675,0.06582654267549515,0.24331112205982208,15.001456260681152,84.8128890991211,0.008865421637892723,0.009283551946282387,0.010137121193110943,0.009502128697931767,-0.004623096436262131,0.011238954961299896,0.024031031876802444,0.9126436710357666,0.010900387540459633,0.027310103178024292,0.9102623462677002,0.010735700838267803,0.019784806296229362,0.950276255607605,0.009110617451369762,0.016655268147587776,0.97625333070755,0.012522435747087002,0.02539396658539772,0.8859129548072815,0.011103290133178234,0.021434305235743523,0.9257907271385193
Anochetus_risii_CASENT0877608_processed.obj,Stage_2_deform_coarse,0.00016556493937969208,0.015120096504688263,0.007506667170673609,0.007613429334014654,0.016288310289382935,0.07315841317176819,0.29783546924591064,0.3033333420753479,0.29253333806991577,0.8139466047286987,0.82996666431427,0.7985333204269409,0.9722652435302734,0.9711000323295593,0.9734333157539368,0.9990326166152954,0.998199999332428,0.9998666644096375,0.8417685031890869,0.11513333767652512,1.1762607097625732,0.8784965872764587,2.1203067302703857,0.6242863535881042,0.2660229802131653,1.6146039962768555,0.4683881998062134,0.0,0.7867666482925415,0.3331342339515686,0.014298559166491032,0.041973233222961426,0.18125765025615692,13.802600860595703,73.81584930419922,0.005671262741088867,0.0020790998823940754,0.002552127931267023,0.0020908887963742018,-0.007577594835311174,0.006355063524097204,0.012480109930038452,0.9915708899497986,0.006374509539455175,0.012811760418117046,0.9861941933631897,0.0073732356540858746,0.013744337484240532,0.9889503121376038,0.007647163700312376,0.013985813595354557,1.0,0.007141269743442535,0.012426493689417839,0.9909863471984863,0.007140081841498613,0.014722558669745922,0.9793187379837036
Anochetus_risii_CASENT0877609_processed.obj,Stage_2_deform_coarse,0.0006956328870728612,0.028004376217722893,0.014507944695651531,0.013496431522071362,0.0388120673596859,0.19043570756912231,0.10015147924423218,0.10140000283718109,0.09893333166837692,0.43235641717910767,0.4474666714668274,0.41823333501815796,0.8287456035614014,0.8395666480064392,0.8181999921798706,0.9852180480957031,0.9732666611671448,0.9974666833877563,0.7620370388031006,0.2892000079154968,1.4036093950271606,1.9002412557601929,3.205679178237915,0.5050081014633179,0.39997974038124084,2.9029698371887207,0.7092899680137634,0.0,0.7375181913375854,0.26589062809944153,0.02909431792795658,0.0822867751121521,0.42239391803741455,15.281254768371582,88.04583740234375,0.009484698064625263,0.022329432889819145,0.023491136729717255,0.0227927528321743,0.0015272367745637894,0.01253294013440609,0.026375658810138702,0.850191593170166,0.0149502819404006,0.0331028550863266,0.7625402808189392,0.011377527378499508,0.03203399106860161,0.9143646955490112,0.011126059107482433,0.023869305849075317,0.8944591283798218,0.015172419138252735,0.04135695472359657,0.809940755367279,0.014178378507494926,0.03945411741733551,0.8381994962692261
Aphaenogaster_pallida_CASENT0745235_processed.obj,Stage_2_deform_coarse,0.00016094963939394802,0.014567384496331215,0.007267933338880539,0.007299451623111963,0.014612764120101929,0.14528712630271912,0.30711400508880615,0.31283333897590637,0.30160000920295715,0.8259971141815186,0.8461666703224182,0.8067666888237,0.9859616160392761,0.9837333559989929,0.9882000088691711,0.998564600944519,0.9971333742141724,1.0,0.8952310085296631,0.044566668570041656,1.1510025262832642,0.7292095422744751,1.9654582738876343,0.6490472555160522,0.2451675832271576,1.473730444908142,0.41712287068367004,0.0,0.8260715007781982,0.41228342056274414,0.011044258251786232,0.028372522443532944,0.12931564450263977,13.46522331237793,72.84220886230469,0.005247547756880522,0.00450110761448741,0.005039917305111885,0.004524657037109137,-0.0025886669754981995,0.00664706202223897,0.01217805314809084,0.9965517520904541,0.005964923650026321,0.01130501739680767,0.994017481803894,0.009345784783363342,0.015120763331651688,0.9944751858711243,0.007367848884314299,0.015012490563094616,0.9841688871383667,0.007551766000688076,0.01317535899579525,0.9922740459442139,0.007988694123923779,0.01364060677587986,0.9732360243797302
Atopomyrmex_mocquerysi_CASENT0744784_processed.obj,Stage_2_deform_coarse,0.0001538262440590188,0.013685457408428192,0.007254523690789938,0.006430933717638254,0.018565140664577484,0.06174697354435921,0.4292648732662201,0.4264666736125946,0.43209999799728394,0.844770073890686,0.835099995136261,0.8546666502952576,0.9714236855506897,0.9557999968528748,0.9875666499137878,0.998564600944519,0.9971333742141724,1.0,0.7997409701347351,0.11863333731889725,1.1906791925430298,1.0824671983718872,2.3315141201019287,0.541138231754303,0.30414947867393494,1.7401200532913208,0.5333882570266724,0.0,0.775412917137146,0.350053608417511,0.013695262372493744,0.0316232293844223,0.21399016678333282,13.584142684936523,75.10023498535156,0.005866823252290487,0.023762330412864685,0.02450708858668804,0.024355782195925713,0.0011170990765094757,0.005450782831758261,0.01102220918983221,0.9919540286064148,0.004896203521639109,0.009874033741652966,0.996778666973114,0.0067757111974060535,0.012505490332841873,1.0,0.007568654138594866,0.019440799951553345,0.963060736656189,0.00732229370623827,0.015926256775856018,0.9786248207092285,0.006960279308259487,0.013638119213283062,0.9829683899879456
Carebara_trechideros_CASENT0877591_processed.obj,Stage_2_deform_coarse,0.000254020094871521,0.016035782173275948,0.008890600875020027,0.007145181763917208,0.026957960799336433,0.0863855630159378,0.36759912967681885,0.36703333258628845,0.3681666851043701,0.8032495379447937,0.788433313369751,0.8186333179473877,0.949876070022583,0.92166668176651,0.9798666834831238,0.9909730553627014,0.9833000302314758,0.9987666606903076,0.763818621635437,0.16983333230018616,1.2362689971923828,1.3281217813491821,2.4916670322418213,0.5653629899024963,0.3071466088294983,1.8544977903366089,0.5432893633842468,0.0,0.7705133557319641,0.3281864821910858,0.015919117256999016,0.039515331387519836,0.392631858587265,13.65604019165039,74.6116943359375,0.005769043229520321,0.020882420241832733,0.021533910185098648,0.02127373404800892,0.0006239190697669983,0.005638804752379656,0.011448527686297894,0.9908046126365662,0.004882430657744408,0.008892488665878773,0.9990796446800232,0.00672902399674058,0.012211855500936508,0.9861878752708435,0.0064224256202578545,0.011212346144020557,1.0,0.008006133139133453,0.018387677147984505,0.9618851542472839,0.00798221118748188,0.015952130779623985,0.970802903175354
Centromyrmex_brachycola_CASENT0744052_processed.obj,Stage_2_deform_coarse,0.0002411514869891107,0.01782403513789177,0.00859447754919529,0.00922955758869648,0.02158650942146778,0.09239359200000763,0.23491846024990082,0.241633340716362,0.22856667637825012,0.7120437622070312,0.7457333207130432,0.6812666654586792,0.9476693272590637,0.9596333503723145,0.9359999895095825,0.9974303245544434,0.9957000017166138,0.9991666674613953,0.8339171409606934,0.19483333826065063,1.218125820159912,1.0192315578460693,2.276662826538086,0.5792801976203918,0.30301544070243835,1.804661750793457,0.531669557094574,0.0,0.7823402285575867,0.34687167406082153,0.01621638610959053,0.03857509419322014,0.17829546332359314,14.247236251831055,79.03174591064453,0.00684462720528245,0.003116427455097437,0.004082437604665756,0.0031024187337607145,-0.005600013304501772,0.007583989761769772,0.014751519076526165,0.9862068891525269,0.007169646676629782,0.01412189844995737,0.9894155859947205,0.008547112345695496,0.016210831701755524,0.9889503121376038,0.007923384197056293,0.013972160406410694,0.9894459247589111,0.009199201129376888,0.01932247169315815,0.9554468393325806,0.008495411835610867,0.016575997695326805,0.9781022071838379
Cephalotes_minutus_CASENT0709253_processed.obj,Stage_2_deform_coarse,0.00016038055764511228,0.015403511002659798,0.007305541541427374,0.008097969926893711,0.017447873950004578,0.06456844508647919,0.27444347739219666,0.28279998898506165,0.266566663980484,0.7828475832939148,0.820900022983551,0.7481666803359985,0.9782674908638,0.987333357334137,0.9693666696548462,0.999516487121582,0.9990666508674622,0.9999666810035706,0.8704381585121155,0.13690000772476196,1.1934300661087036,0.8379936218261719,2.172921895980835,0.5820587873458862,0.2966346740722656,1.6229642629623413,0.5213904976844788,0.0,0.8188639283180237,0.4257947504520416,0.015791287645697594,0.036662597209215164,0.14306791126728058,13.645057678222656,75.65542602539062,0.005997197236865759,0.021919747814536095,0.022710703313350677,0.021976476535201073,-0.0010586176067590714,0.007014814764261246,0.01299698743969202,0.9934865832328796,0.006374940741807222,0.011393117718398571,0.9990796446800232,0.007176077924668789,0.013256225734949112,0.9944751858711243,0.007188394665718079,0.013914762064814568,0.9894459247589111,0.007914435118436813,0.014997528865933418,0.9873809218406677,0.008140098303556442,0.017648061737418175,0.9683698415756226
Cephalotes_simillimus_CASENT0744408_processed.obj,Stage_2_deform_coarse,0.0005542425205931067,0.026952393352985382,0.012838765047490597,0.01411362923681736,0.03357655182480812,0.11137447506189346,0.10526220500469208,0.10989999771118164,0.10100000351667404,0.4418894648551941,0.47663334012031555,0.4118666648864746,0.8273918032646179,0.8667333722114563,0.7914666533470154,0.9920447468757629,0.9873999953269958,0.9967333674430847,0.7634070515632629,0.3967333436012268,1.3633469343185425,1.5274690389633179,2.9991846084594727,0.5179823040962219,0.3822868764400482,2.9732067584991455,0.6801944375038147,0.0,0.7529973387718201,0.3245481848716736,0.025549620389938354,0.06438267230987549,0.3022820055484772,14.577567100524902,90.56781768798828,0.010136567056179047,0.008975600823760033,0.009861087426543236,0.008962929248809814,-0.004342542961239815,0.012189408764243126,0.02696952223777771,0.8574712872505188,0.012523077428340912,0.02720816433429718,0.8775886297225952,0.009160230867564678,0.016582941636443138,0.9834254384040833,0.011888599023222923,0.026356661692261696,0.8812665343284607,0.011978908441960812,0.02463093027472496,0.8993046879768372,0.008953128941357136,0.017221884801983833,0.9805352687835693
Cephalotes_spinosus_CASENT0744158_processed.obj,Stage_2_deform_coarse,0.00022931655985303223,0.01782292127609253,0.008470285683870316,0.009352636523544788,0.02139141596853733,0.08085035532712936,0.22729405760765076,0.23463334143161774,0.22040000557899475,0.6991036534309387,0.7391999959945679,0.6631333231925964,0.9521982669830322,0.9679333567619324,0.9369666576385498,0.998431921005249,0.9972333312034607,0.9996333718299866,0.8448613286018372,0.1413000077009201,1.1965152025222778,0.8583920001983643,2.2393383979797363,0.5562848448753357,0.3128424882888794,1.651296854019165,0.5420984029769897,0.0,0.7941394448280334,0.3631725013256073,0.018347980454564095,0.04744132608175278,0.18098992109298706,14.110698699951172,76.00457000732422,0.006616473197937012,0.014240611344575882,0.01537527609616518,0.014217370189726353,-0.001949278637766838,0.007794823031872511,0.015233123674988747,0.9800766706466675,0.007272735703736544,0.013784331269562244,0.9949378967285156,0.007606676779687405,0.014049305580556393,0.9889503121376038,0.009259424172341824,0.018108438700437546,0.9709762930870056,0.008783810772001743,0.016911713406443596,0.9835179448127747,0.009068296290934086,0.018013203516602516,0.9622870683670044
Crematogaster_nawai_OKENT0105046_processed.obj,Stage_2_deform_coarse,0.00037880917079746723,0.0217168889939785,0.010593821294605732,0.011123068630695343,0.025322016328573227,0.11799221485853195,0.1540072113275528,0.1598999947309494,0.14853332936763763,0.5842107534408569,0.6217666864395142,0.5509333610534668,0.9140503406524658,0.933566689491272,0.8953333497047424,0.9918534159660339,0.9864333271980286,0.9973333477973938,0.7758068442344666,0.36276668310165405,1.2295033931732178,1.2671345472335815,2.306509256362915,0.5410850644111633,0.3222639262676239,2.055609703063965,0.5810457468032837,0.0,0.76956707239151,0.3473089933395386,0.01893921010196209,0.04148823767900467,0.3331314027309418,14.443551063537598,77.64672088623047,0.007007594686001539,0.0201256163418293,0.02091369777917862,0.01987975463271141,-0.0028413813561201096,0.00846411008387804,0.01597336120903492,0.986973226070404,0.008409127593040466,0.015373139642179012,0.9912563562393188,0.011526782996952534,0.01973593235015869,0.950276255607605,0.010342846624553204,0.0211936067789793,0.936675488948822,0.008913824334740639,0.017659867182374,0.9636878967285156,0.008299225009977818,0.016083594411611557,0.9817517995834351
Cryptopone_sauteri_CASENT0743771_processed.obj,Stage_2_deform_coarse,0.0003326505539007485,0.021436113864183426,0.0098694683983922,0.0115666463971138,0.02778490073978901,0.08803558349609375,0.15268084406852722,0.15600000321865082,0.14949999749660492,0.5776098966598511,0.6256333589553833,0.5364333391189575,0.9078936576843262,0.944599986076355,0.8739333152770996,0.9979490041732788,0.9969666600227356,0.9989333152770996,0.808195948600769,0.37929999828338623,1.3312894105911255,1.3852366209030151,2.904270648956299,0.5519195199012756,0.3567853569984436,2.508375644683838,0.6339057683944702,0.0,0.7699096202850342,0.346535325050354,0.0205353032797575,0.0548134483397007,0.2533127963542938,14.475970268249512,86.19044494628906,0.009289137087762356,0.02798359841108322,0.029024044051766396,0.027991287410259247,0.0006709303706884384,0.008810874074697495,0.015790246427059174,0.9854406118392944,0.009738869965076447,0.021980883553624153,0.9337322115898132,0.008397607132792473,0.01464020274579525,0.991712749004364,0.0096089793369174,0.017506461590528488,0.9736148118972778,0.009201283566653728,0.01917821168899536,0.9595673680305481,0.007660278584808111,0.01377497985959053,0.9987834692001343
Cyphoidris_afrc-tz01_CASENT0744810_processed.obj,Stage_2_deform_coarse,0.0012262179516255856,0.03974679857492447,0.01957504265010357,0.02017175778746605,0.05122193694114685,0.1619298756122589,0.04034421220421791,0.04083333536982536,0.03986666724085808,0.22844834625720978,0.23730000853538513,0.22023333609104156,0.6461964845657349,0.6913666725158691,0.6065666675567627,0.9551892280578613,0.9466666579246521,0.963866651058197,0.7103447914123535,0.3799999952316284,1.4838515520095825,2.1553149223327637,3.7688801288604736,0.5011901259422302,0.4218055009841919,4.013052940368652,0.7717679142951965,0.0,0.7455316185951233,0.2986461818218231,0.03275242820382118,0.09470251202583313,0.4859480559825897,15.462911605834961,96.2986068725586,0.011635866016149521,0.032255951315164566,0.034177202731370926,0.032838836312294006,0.0026566442102193832,0.01683930680155754,0.03711841627955437,0.7321839332580566,0.016440022736787796,0.032599352300167084,0.7386102080345154,0.015141397714614868,0.02899373322725296,0.7679558396339417,0.01526426151394844,0.029011420905590057,0.7889182567596436,0.017136693000793457,0.03973941504955292,0.7471027970314026,0.016578475013375282,0.0377221554517746,0.7773722410202026
Cyphomyrmex_cf.minutus_CASENT0744280_processed.obj,Stage_2_deform_coarse,0.0011170431971549988,0.0392301119863987,0.017575370147824287,0.02165474183857441,0.051024384796619415,0.1343531459569931,0.03459739685058594,0.03490000218153,0.034299999475479126,0.20248059928417206,0.2185666710138321,0.18860000371932983,0.6381965279579163,0.721666693687439,0.5720333456993103,0.960031270980835,0.9753000140190125,0.9452333450317383,0.7656683921813965,0.43043333292007446,1.5505366325378418,2.5428807735443115,3.9013614654541016,0.5342191457748413,0.41150349378585815,5.313223838806152,0.7770017385482788,0.0,0.7588152289390564,0.2938588857650757,0.031061019748449326,0.09020461142063141,0.38100138306617737,14.926339149475098,92.78624725341797,0.010853623040020466,0.06386992335319519,0.06494279205799103,0.06457297503948212,0.0032844766974449158,0.016978522762656212,0.03670467063784599,0.7325670719146729,0.0188393946737051,0.03556648641824722,0.6028531789779663,0.019401155412197113,0.042033590376377106,0.6215469837188721,0.014104591682553291,0.02499164454638958,0.833773136138916,0.01749550551176071,0.03673922270536423,0.7334535121917725,0.017706114798784256,0.0437365397810936,0.7481752038002014
Dilobocondyla_fouqueti_CASENT0745576_processed.obj,Stage_2_deform_coarse,0.00022771420481149107,0.017969850450754166,0.008692171424627304,0.009277679957449436,0.020521417260169983,0.08039755374193192,0.20658130943775177,0.21086667478084564,0.2024666666984558,0.6949807405471802,0.7274333238601685,0.6653000116348267,0.9544994235038757,0.9643999934196472,0.9448000192642212,0.9987487196922302,0.9976000189781189,0.9998999834060669,0.8375846743583679,0.11393333226442337,1.2029178142547607,0.9520480632781982,2.3866043090820312,0.5321125984191895,0.3189775347709656,1.6917957067489624,0.5554451942443848,0.0,0.7769978642463684,0.3428525924682617,0.02048167772591114,0.05415666475892067,0.22475571930408478,13.493972778320312,73.97355651855469,0.005769043229520321,0.022728772833943367,0.02402198314666748,0.02272895909845829,-0.0007645357400178909,0.008124499581754208,0.014759393408894539,0.9919540286064148,0.006727343425154686,0.012067202478647232,0.9981592297554016,0.008461046032607555,0.017933256924152374,0.961326003074646,0.008249052800238132,0.015553155913949013,0.9920845031738281,0.008657991886138916,0.016445163637399673,0.9788823127746582,0.008812627755105495,0.015658613294363022,0.9695863723754883
Dorylus_fulvus_CASENT0745678_processed.obj,Stage_2_deform_coarse,0.00019299690029583871,0.01625865511596203,0.007698991801589727,0.008559663780033588,0.02094278484582901,0.059943992644548416,0.28762438893318176,0.2976333498954773,0.27826666831970215,0.7617708444595337,0.7986666560173035,0.7281333208084106,0.955036461353302,0.9677000045776367,0.9427000284194946,0.9997332692146301,1.0,0.9994666576385498,0.8192220330238342,0.24983333051204681,1.328210473060608,1.3757394552230835,2.9040486812591553,0.5689435601234436,0.34812989830970764,2.3318228721618652,0.6065767407417297,0.0,0.7828378081321716,0.35447368025779724,0.015084830112755299,0.03754159063100815,0.24436607956886292,15.054680824279785,95.86163330078125,0.011375118978321552,0.010585468262434006,0.011458395048975945,0.010715853422880173,-0.001748422160744667,0.0064361244440078735,0.013329689390957355,0.9873563647270203,0.00888347253203392,0.02106431871652603,0.9424758553504944,0.006966664455831051,0.012729750946164131,0.9972376227378845,0.008295051753520966,0.017371077090501785,0.9683377742767334,0.00788098108023405,0.014564701355993748,0.9891836643218994,0.006950666196644306,0.01433192752301693,0.9793187379837036
Eciton_hamatum_CASENT0744580_processed.obj,Stage_2_deform_coarse,0.0001718425191938877,0.014654106460511684,0.007973088882863522,0.006681017577648163,0.02308461256325245,0.05865965411067009,0.3772832751274109,0.37746667861938477,0.37709999084472656,0.8250324130058289,0.8025000095367432,0.8488667011260986,0.9609791040420532,0.9337000250816345,0.9898999929428101,0.9990490674972534,0.9980999827384949,1.0,0.7416344285011292,0.1816333383321762,1.1983205080032349,0.9904710650444031,2.386291265487671,0.5711053609848022,0.3014056980609894,1.7389390468597412,0.5295180082321167,0.0,0.7640588879585266,0.3546496629714966,0.013425687327980995,0.032297804951667786,0.16735294461250305,14.857340812683105,81.48486328125,0.007789837662130594,0.010722010396420956,0.011330373585224152,0.010890508070588112,-0.0021285954862833023,0.006025804206728935,0.0133823212236166,0.9862068891525269,0.006927517708390951,0.017381738871335983,0.9691670536994934,0.0068991174921393394,0.012686766684055328,0.9944751858711243,0.007572663016617298,0.01750793866813183,0.97625333070755,0.0059553515166044235,0.011553728021681309,0.9920164942741394,0.0059458352625370026,0.011174549348652363,0.9951338171958923
Ectatomma_brunneum_CASENT0744575_processed.obj,Stage_2_deform_coarse,0.0006576870800927281,0.029133308678865433,0.014496395364403725,0.014636914245784283,0.037217214703559875,0.1402733027935028,0.06946563720703125,0.0714000016450882,0.06763333082199097,0.365960955619812,0.3845333456993103,0.3490999937057495,0.8240416049957275,0.8544000387191772,0.7957666516304016,0.9845105409622192,0.973633348941803,0.9956333637237549,0.775426983833313,0.3244333267211914,1.3973194360733032,1.7223244905471802,3.2464942932128906,0.5317776799201965,0.378656268119812,3.1021728515625,0.680278480052948,0.0,0.7510560750961304,0.2971527874469757,0.030161259695887566,0.08587923645973206,0.4938860237598419,14.817139625549316,99.09696960449219,0.011375118978321552,0.004842488560825586,0.006144589278846979,0.004925088956952095,-0.0014876234345138073,0.016643328592181206,0.04000256210565567,0.7601532936096191,0.010312707163393497,0.019501032307744026,0.9558214545249939,0.012653070501983166,0.024538692086935043,0.9143646955490112,0.012240404263138771,0.02449105679988861,0.8654353618621826,0.012810813263058662,0.02509874291718006,0.8951841592788696,0.011516399681568146,0.021312778815627098,0.9403892755508423
Eurhopalothrix_procera_CASENT0745605_processed.obj,Stage_2_deform_coarse,0.0005050486652180552,0.026152119040489197,0.012547865509986877,0.013604254461824894,0.03118867054581642,0.12829983234405518,0.0989484116435051,0.10193333774805069,0.09613333642482758,0.4416300654411316,0.47886666655540466,0.40976667404174805,0.8453004360198975,0.8773999810218811,0.8154667019844055,0.9932949542999268,0.9886666536331177,0.9979667067527771,0.7722629904747009,0.392300009727478,1.415677785873413,1.751977562904358,3.178962469100952,0.5257384181022644,0.39090219140052795,3.192091226577759,0.7169833183288574,0.0,0.7297734618186951,0.2851267158985138,0.027878178283572197,0.07041814923286438,0.2978613078594208,15.531691551208496,91.4141845703125,0.010299534536898136,0.03261936828494072,0.03330511227250099,0.03374822065234184,0.0034028999507427216,0.011854839511215687,0.023784484714269638,0.9022988677024841,0.014329133555293083,0.031727444380521774,0.7952139973640442,0.011055607348680496,0.022331861779093742,0.9226519465446472,0.010050337761640549,0.017305392771959305,0.9736148118972778,0.011776590719819069,0.024183589965105057,0.9165593981742859,0.010980621911585331,0.02423008345067501,0.9233576655387878
Heteroponera_panamensis_CASENT0744055_processed.obj,Stage_2_deform_coarse,0.0008161307778209448,0.03311464563012123,0.01548717450350523,0.017627470195293427,0.04249347373843193,0.12410551309585571,0.05399547889828682,0.055766668170690536,0.05233333259820938,0.2915278375148773,0.3104666769504547,0.2747666835784912,0.7536923289299011,0.8145000338554382,0.7013333439826965,0.9768659472465515,0.9760333299636841,0.9776999950408936,0.8119438886642456,0.42046666145324707,1.4947967529296875,1.9941072463989258,3.649540662765503,0.5276404619216919,0.4148233234882355,4.2787628173828125,0.7814546227455139,0.0,0.7405347228050232,0.284415066242218,0.03311406821012497,0.09354279190301895,0.33374151587486267,15.455317497253418,99.31671142578125,0.01212476845830679,0.025282729417085648,0.02612229622900486,0.025382839143276215,-0.0010643824934959412,0.015534216538071632,0.03458651900291443,0.7766283750534058,0.015464873984456062,0.03235490992665291,0.7800276279449463,0.0126623110845685,0.02382553555071354,0.8977900743484497,0.014566863887012005,0.02805965021252632,0.8205804824829102,0.013674335554242134,0.02645399235188961,0.8591295480728149,0.014738168567419052,0.040155503898859024,0.8515815138816833
Labidus_praedator_CASENT0744236_processed.obj,Stage_2_deform_coarse,0.0002799895009957254,0.01755164936184883,0.009697424247860909,0.007854226045310497,0.02924826182425022,0.09916041791439056,0.31590965390205383,0.3131999969482422,0.3186666667461395,0.7479035258293152,0.7294333577156067,0.7673333287239075,0.9336256384849548,0.9016667008399963,0.9679333567619324,0.9940903782844543,0.9890000224113464,0.9992333650588989,0.6951823234558105,0.2582666575908661,1.2923344373703003,1.5004019737243652,2.915720224380493,0.518650233745575,0.35673922300338745,2.0019028186798096,0.6279268860816956,0.0,0.7326935529708862,0.28733202815055847,0.01766594685614109,0.04737413302063942,0.7363718152046204,16.144838333129883,98.89637756347656,0.012678856961429119,0.013776544481515884,0.014910186640918255,0.013991521671414375,-0.003549346700310707,0.005900625605136156,0.012578294612467289,0.9896551966667175,0.007221055682748556,0.017967965453863144,0.9608835577964783,0.007028031162917614,0.012683223001658916,0.9889503121376038,0.0069052050821483135,0.011404243297874928,1.0,0.007806598674505949,0.015887154266238213,0.9747617840766907,0.008311507292091846,0.02089782804250717,0.9440389275550842
Labidus_praedator_CASENT0744237_processed.obj,Stage_2_deform_coarse,0.0003375475062057376,0.017671026289463043,0.009083565324544907,0.008587461896240711,0.018229322507977486,0.21444986760616302,0.23445987701416016,0.24033333361148834,0.22886666655540466,0.7409926652908325,0.7736666798591614,0.7109666466712952,0.9638497829437256,0.9643000364303589,0.9634000062942505,0.9937963485717773,0.987766683101654,0.9998999834060669,0.8500049114227295,0.11860000342130661,1.2242504358291626,1.1098096370697021,2.2968432903289795,0.6166849732398987,0.2829563021659851,1.8262346982955933,0.49456092715263367,0.0,0.7934286594390869,0.3419875204563141,0.015584933571517467,0.03993474692106247,0.24473600089550018,13.493502616882324,75.38017272949219,0.006583879701793194,0.007405463140457869,0.00866812001913786,0.0076118819415569305,-0.00390626909211278,0.006721667014062405,0.012617068365216255,0.9942529201507568,0.006537404842674732,0.01204909197986126,0.999539852142334,0.010247664526104927,0.022406907752156258,0.9226519465446472,0.009179731830954552,0.02060687728226185,0.9393140077590942,0.007968704216182232,0.013969218358397484,0.9935616850852966,0.010039128363132477,0.018623244017362595,0.9549878239631653
Lasius_nr._fuliginosus_CASENT0878037_processed.obj,Stage_2_deform_coarse,0.00012951389362569898,0.013894585892558098,0.006572904530912638,0.00732168136164546,0.01586858555674553,0.05958781763911247,0.3515552878379822,0.36203333735466003,0.34166666865348816,0.8319103121757507,0.8698999881744385,0.7971000075340271,0.9857420325279236,0.9921666979789734,0.9794000387191772,0.9999833703041077,1.0,0.9999666810035706,0.8738110661506653,0.08619999885559082,1.1238987445831299,0.720930278301239,1.8573191165924072,0.6325711011886597,0.23954695463180542,1.453728437423706,0.4301150143146515,0.0,0.8072669506072998,0.37472543120384216,0.011160958558321,0.02567232958972454,0.1057443842291832,12.942935943603516,70.83192443847656,0.0044653043150901794,0.012139721773564816,0.012714782729744911,0.012243049219250679,-0.0062592970207333565,0.005900310818105936,0.011141262948513031,0.9969348907470703,0.0053165690042078495,0.009998083114624023,1.0,0.008257737383246422,0.013007608242332935,1.0,0.006393881980329752,0.010682260617613792,1.0,0.007548888213932514,0.013720985502004623,0.9935616850852966,0.006685791537165642,0.012363745830953121,0.9963503479957581
Lioponera_daikoku_OKENT0105067_processed.obj,Stage_2_deform_coarse,0.0006629453273490071,0.029303699731826782,0.01404849998652935,0.015255200676620007,0.03583579137921333,0.18613408505916595,0.07576821744441986,0.07773333787918091,0.0738999992609024,0.37325671315193176,0.39943334460258484,0.35030001401901245,0.8121316432952881,0.8589333295822144,0.7701666951179504,0.9852835536003113,0.9796000123023987,0.9910333156585693,0.8151617050170898,0.4695333242416382,1.4190832376480103,1.9792183637619019,3.424363613128662,0.5113298296928406,0.3983151614665985,3.4200713634490967,0.731730043888092,0.0,0.7255067229270935,0.2688358724117279,0.028927521780133247,0.08258984982967377,0.35530203580856323,15.577174186706543,105.13092041015625,0.013069978915154934,0.10892169177532196,0.10997173935174942,0.10825367271900177,0.003513917326927185,0.014292556792497635,0.03256719559431076,0.8103448748588562,0.013605241663753986,0.030601568520069122,0.8527381420135498,0.011979999020695686,0.022569002583622932,0.9033149480819702,0.011732597835361958,0.022984519600868225,0.9076517820358276,0.013363133184611797,0.03009987622499466,0.8678856492042542,0.011979633942246437,0.022852078080177307,0.9209245443344116
Mayriella_sp._CASENT0745610_processed.obj,Stage_2_deform_coarse,0.0007138800574466586,0.030791081488132477,0.014598234556615353,0.01619284600019455,0.037253957241773605,0.11863253265619278,0.07221584022045135,0.07476666569709778,0.06983333081007004,0.3515969216823578,0.38316667079925537,0.32483333349227905,0.7737097144126892,0.8302666544914246,0.7243666648864746,0.9844778776168823,0.9783333539962769,0.9907000064849854,0.7320579290390015,0.3997666835784912,1.4098259210586548,1.7366118431091309,3.3270177841186523,0.5161901712417603,0.39277899265289307,3.097182273864746,0.6906993985176086,0.0,0.7540201544761658,0.3091828227043152,0.026319487020373344,0.07362021505832672,0.34509363770484924,15.448044776916504,92.09646606445312,0.01078843604773283,0.03539848327636719,0.03630413860082626,0.03510058671236038,0.002379160374403,0.013322182931005955,0.027175219729542732,0.8459770083427429,0.01174202747642994,0.024519849568605423,0.9116429090499878,0.011503167450428009,0.02335076965391636,0.930939257144928,0.011531897820532322,0.0212791059166193,0.9234828948974609,0.012041466310620308,0.022302143275737762,0.9217100143432617,0.012555472552776337,0.03102869726717472,0.8941605687141418
Mesoponera_ambigua_CASENT0745584_processed.obj,Stage_2_deform_coarse,0.0005661890609189868,0.026612015441060066,0.012890168465673923,0.013721846975386143,0.032362788915634155,0.18317848443984985,0.09441110491752625,0.09636666625738144,0.09253333508968353,0.43729841709136963,0.46923333406448364,0.4094333350658417,0.8546306490898132,0.8915666937828064,0.8206333518028259,0.9895875453948975,0.9829000234603882,0.9963666796684265,0.8079660534858704,0.3117000162601471,1.3728924989700317,1.5758850574493408,3.0989537239074707,0.541129469871521,0.3699014484882355,2.8152337074279785,0.6751702427864075,0.0,0.7546194195747375,0.28640660643577576,0.027228249236941338,0.07355988025665283,0.27939191460609436,14.462924003601074,83.89363861083984,0.00837652012705803,0.03821750730276108,0.038786739110946655,0.038283903151750565,-0.0065972208976745605,0.011174030601978302,0.019970476627349854,0.9509578943252563,0.010933572426438332,0.02510218136012554,0.9153244495391846,0.011042313650250435,0.022624362260103226,0.9447514414787292,0.011515268124639988,0.021137576550245285,0.9287599325180054,0.012952018529176712,0.02672821469604969,0.8936389684677124,0.012000996619462967,0.02451697550714016,0.9257907271385193
Myrmecina_ryukyuensis_OKENT0105085_processed.obj,Stage_2_deform_coarse,0.0002909850445576012,0.017650732770562172,0.008653874509036541,0.008996858261525631,0.018786942586302757,0.24179360270500183,0.23596908152103424,0.24086667597293854,0.23126666247844696,0.7282343506813049,0.7537000179290771,0.7044333219528198,0.961162269115448,0.9632333517074585,0.9591000080108643,0.9944274425506592,0.9919999837875366,0.9968667030334473,0.8468819856643677,0.18023332953453064,1.2138460874557495,1.1615300178527832,2.24086332321167,0.561289370059967,0.2993605434894562,1.8167126178741455,0.5386463403701782,0.0,0.7911540269851685,0.35490143299102783,0.015572276897728443,0.03968525677919388,0.21063415706157684,13.519015312194824,70.36176300048828,0.004302337300032377,0.0015510503435507417,0.002728045918047428,0.001554841990582645,-0.0073255798779428005,0.007438192144036293,0.013717412017285824,0.9954023361206055,0.006674523465335369,0.011879241093993187,0.999539852142334,0.00936173927038908,0.01587112434208393,0.9944751858711243,0.008021965622901917,0.014062207192182541,0.9973615407943726,0.008511154912412167,0.01733573153614998,0.9683234691619873,0.008030347526073456,0.014338060282170773,0.9987834692001343
Myrmecina_sp._CASENT0745613_processed.obj,Stage_2_deform_coarse,0.0004521302762441337,0.02433748170733452,0.011592406779527664,0.012745074927806854,0.03029494360089302,0.1190594732761383,0.12222478538751602,0.12653332948684692,0.11820000410079956,0.5053711533546448,0.5477666854858398,0.46906667947769165,0.869665265083313,0.9041666984558105,0.8377000093460083,0.9938074946403503,0.9887666702270508,0.9988999962806702,0.8067781925201416,0.3262333273887634,1.4066649675369263,1.7353718280792236,3.378689765930176,0.5370011329650879,0.3833997845649719,3.0592098236083984,0.6912351250648499,0.0,0.7700487971305847,0.31707480549812317,0.024131253361701965,0.06031372770667076,0.25967228412628174,14.776611328125,93.53340148925781,0.01078843604773283,0.01796634867787361,0.018810700625181198,0.017997493967413902,0.0017725825309753418,0.010486189275979996,0.021710610017180443,0.9306513667106628,0.010429514572024345,0.025151072070002556,0.9208467602729797,0.009577624499797821,0.017590118572115898,0.9751381874084473,0.009926245547831059,0.01848093420267105,0.9736148118972778,0.011697070673108101,0.0286602471023798,0.9018800258636475,0.010785508900880814,0.020934494212269783,0.9428223967552185
Nesomyrmex_angulatus_CASENT0744820_processed.obj,Stage_2_deform_coarse,0.0006398109835572541,0.028947556391358376,0.013764078728854656,0.01518347766250372,0.03594813868403435,0.18205420672893524,0.08368775248527527,0.08603333681821823,0.0814666673541069,0.3839097321033478,0.40966665744781494,0.3612000048160553,0.8126713633537292,0.8601000308990479,0.7702000141143799,0.9847670197486877,0.9790999889373779,0.9905000329017639,0.7810842394828796,0.37903332710266113,1.4789220094680786,1.8120524883270264,3.638636589050293,0.5105190277099609,0.4224821627140045,3.5871384143829346,0.7649288773536682,0.0,0.7523162364959717,0.3159041702747345,0.029039185494184494,0.0779169350862503,0.2561921775341034,15.298823356628418,95.5008316040039,0.011049184016883373,0.007126751821488142,0.007837492041289806,0.0070414431393146515,-0.0027790763415396214,0.014885335229337215,0.029681522399187088,0.8111111521720886,0.012607893906533718,0.0274383332580328,0.881730318069458,0.011699984781444073,0.02055099420249462,0.9364641308784485,0.011750712059438229,0.02104801870882511,0.9155673384666443,0.010901661589741707,0.01971876248717308,0.9528715014457703,0.011312980204820633,0.0248207189142704,0.9184914827346802
Odontomachus_troglodytes_CASENT0744970_processed.obj,Stage_2_deform_coarse,0.00016772307571955025,0.014630166813731194,0.007288490422070026,0.0073416768573224545,0.01631195843219757,0.11475061625242233,0.3518568277359009,0.35910001397132874,0.3449000120162964,0.8121223449707031,0.8337000012397766,0.7916333675384521,0.9749749898910522,0.9721333384513855,0.9778333306312561,0.9985479116439819,0.9970999956130981,1.0,0.7981787919998169,0.12986667454242706,1.187437891960144,1.0575040578842163,2.1979193687438965,0.5649941563606262,0.29322153329849243,1.7832797765731812,0.5179505348205566,0.0,0.7745756506919861,0.3690584897994995,0.015062267892062664,0.032728418707847595,0.17781147360801697,14.028116226196289,75.66943359375,0.006779440212994814,0.02200901322066784,0.022797895595431328,0.021826080977916718,-0.0005324576050043106,0.005625037010759115,0.01101624220609665,0.9950191974639893,0.005693972110748291,0.010425465181469917,0.9986194372177124,0.006999691016972065,0.0147317536175251,0.9779005646705627,0.00794688705354929,0.016090987250208855,0.9947230219841003,0.007842671126127243,0.015662865713238716,0.9793974161148071,0.007635501679033041,0.016907794401049614,0.9671532511711121
Oxyopomyrmex_saulcyi_CASENT0745218_processed.obj,Stage_2_deform_coarse,0.0004675328091252595,0.025404859334230423,0.011971274390816689,0.013433584943413734,0.03186829388141632,0.12858253717422485,0.0942024290561676,0.09733333438634872,0.09126666933298111,0.45195063948631287,0.48393332958221436,0.42393332719802856,0.8668146133422852,0.8998333215713501,0.8361333608627319,0.9943498969078064,0.9946333169937134,0.9940666556358337,0.7615508437156677,0.4204333424568176,1.2699297666549683,1.1517939567565918,2.6483776569366455,0.5668455958366394,0.32859691977500916,2.105586528778076,0.5780248641967773,0.0,0.7649484872817993,0.3389971852302551,0.020099999383091927,0.05174386873841286,0.2316109538078308,14.468733787536621,80.22857666015625,0.007398716174066067,0.003666250966489315,0.004319925792515278,0.003936768975108862,-0.003538592252880335,0.009652946144342422,0.017662864178419113,0.9701149463653564,0.01257755421102047,0.027307068929076195,0.8679245710372925,0.010694616474211216,0.019097482785582542,0.9668508768081665,0.009768391959369183,0.01697295345366001,0.9815303683280945,0.010012528859078884,0.018363459035754204,0.9652330875396729,0.0101760970428586,0.018852148205041885,0.9549878239631653
Polyrhachis_decemdentata_CASENT0744779_processed.obj,Stage_2_deform_coarse,0.00037005258491262794,0.022325582802295685,0.010524261742830276,0.011801321990787983,0.027611862868070602,0.09866883605718613,0.14784978330135345,0.15373332798480988,0.14239999651908875,0.5572343468666077,0.6021333336830139,0.5185666680335999,0.8954161405563354,0.928433358669281,0.8646667003631592,0.9958899021148682,0.992733359336853,0.9990666508674622,0.8149294257164001,0.3240666687488556,1.316819190979004,1.2383531332015991,2.9090993404388428,0.5236116051673889,0.37011224031448364,2.3209216594696045,0.6597835421562195,0.0,0.7511214017868042,0.30182692408561707,0.024701092392206192,0.05954049155116081,0.26388153433799744,14.707003593444824,83.94576263427734,0.008474300615489483,0.0046031540259718895,0.005385097116231918,0.004725256469100714,-0.009677233174443245,0.009696371853351593,0.01929520070552826,0.9574713110923767,0.008713724091649055,0.01671670936048031,0.9825126528739929,0.011372332461178303,0.02243453823029995,0.9364641308784485,0.010945085436105728,0.01975368894636631,0.9577836990356445,0.010263105854392052,0.02140223979949951,0.9351017475128174,0.009093871340155602,0.017855893820524216,0.9671532511711121
Polyrhachis_dives_CASENT0878093_processed.obj,Stage_2_deform_coarse,0.0006745688733644783,0.028472252190113068,0.014032505452632904,0.014439745806157589,0.03519102558493614,0.17328421771526337,0.08647990971803665,0.08830000460147858,0.08473333716392517,0.40479350090026855,0.4342666566371918,0.37906667590141296,0.8254631757736206,0.8593666553497314,0.7941333651542664,0.9850272536277771,0.9757333397865295,0.9944999814033508,0.8029085993766785,0.3483999967575073,1.3389155864715576,1.7090237140655518,2.7762162685394287,0.5370758771896362,0.34885266423225403,3.0279412269592285,0.6213347911834717,0.0,0.7502462863922119,0.26962795853614807,0.028637750074267387,0.07476893812417984,0.3712010383605957,14.407679557800293,80.60187530517578,0.0077246506698429585,0.008892536163330078,0.00998997688293457,0.009125400334596634,-0.0012972699478268623,0.01396722812205553,0.028575757518410683,0.8337165117263794,0.012019231915473938,0.027641821652650833,0.8863322734832764,0.013390418142080307,0.021609842777252197,0.9226519465446472,0.010730157606303692,0.021390452980995178,0.9313984513282776,0.012146642431616783,0.023534487932920456,0.9163018465042114,0.012271401472389698,0.023897221311926842,0.9075425863265991
Ponera_kohmoku_OKENT0105440_processed.obj,Stage_2_deform_coarse,0.0004285652539692819,0.021693747490644455,0.010858895257115364,0.010834853164851665,0.025746148079633713,0.18062518537044525,0.1667991280555725,0.17166666686534882,0.16220000386238098,0.6109944581985474,0.6393666863441467,0.5850333571434021,0.9097727537155151,0.925433337688446,0.8946333527565002,0.9918266534805298,0.9855666756629944,0.9981666803359985,0.7921410202980042,0.3167666792869568,1.2582701444625854,1.3500359058380127,2.522780179977417,0.5179280042648315,0.33657482266426086,2.1502511501312256,0.5836546421051025,0.0,0.7522783875465393,0.3116377592086792,0.0205624308437109,0.056495361030101776,0.210795059800148,14.665671348571777,79.15184020996094,0.007659463677555323,0.0012232039589434862,0.0020098728127777576,0.0012316798092797399,-0.005143892019987106,0.008442671038210392,0.016072239726781845,0.9754789471626282,0.008834978565573692,0.01833455264568329,0.9585826396942139,0.010131028480827808,0.01860705204308033,0.9668508768081665,0.008639901876449585,0.015486173331737518,0.97625333070755,0.00894660223275423,0.016343388706445694,0.9703837633132935,0.010798429138958454,0.03209562227129936,0.9184914827346802
Ponera_tamon_OKENT0105154_processed.obj,Stage_2_deform_coarse,0.00021587018272839487,0.01598413661122322,0.007957146503031254,0.008026989176869392,0.017612989991903305,0.12768501043319702,0.3036266565322876,0.3156333267688751,0.29249998927116394,0.7764571905136108,0.805233359336853,0.749666690826416,0.9653101563453674,0.9628000259399414,0.9678333401679993,0.9973940253257751,0.9949666857719421,0.999833345413208,0.8061274886131287,0.2911333441734314,1.2389014959335327,1.2002371549606323,2.529008626937866,0.5698918104171753,0.3095410168170929,1.9330649375915527,0.5428763031959534,0.0,0.7778092622756958,0.3605036437511444,0.014552710577845573,0.03561481833457947,0.1566482037305832,14.630513191223145,84.20397186279297,0.008539487607777119,0.027161002159118652,0.02786075510084629,0.027708593755960464,-0.0010816492140293121,0.006281811278313398,0.011338841170072556,0.9969348907470703,0.00601495336741209,0.011166766285896301,0.9976990222930908,0.007243076339364052,0.012449577450752258,0.9972376227378845,0.008487348444759846,0.019461197778582573,0.9498680830001831,0.00788513757288456,0.01753670908510685,0.9636878967285156,0.008121360093355179,0.018675828352570534,0.959854006767273
Pseudolasius_sp._CASENT0878065_processed.obj,Stage_2_deform_coarse,0.00047062174417078495,0.02561352029442787,0.012249475345015526,0.013364044018089771,0.031121427193284035,0.09124848246574402,0.09288370609283447,0.09466666728258133,0.0911666676402092,0.4435509741306305,0.4699000120162964,0.42000001668930054,0.8624711036682129,0.895799994468689,0.8315333127975464,0.9941393733024597,0.9909000396728516,0.9973999857902527,0.8010643124580383,0.2853666841983795,1.3548916578292847,1.7970554828643799,2.91804575920105,0.5159234404563904,0.37165558338165283,3.3927228450775146,0.7099656462669373,0.0,0.7662345767021179,0.30613434314727783,0.024660514667630196,0.06134282425045967,0.24712254106998444,14.309150695800781,83.22183990478516,0.008083178661763668,0.044983066618442535,0.04586197808384895,0.04591836780309677,-0.0027312301099300385,0.010905359871685505,0.021982138976454735,0.9279693961143494,0.012155433185398579,0.02362232655286789,0.9144040942192078,0.011152956634759903,0.01899310015141964,0.9530386924743652,0.010832716710865498,0.019840344786643982,0.9525066614151001,0.012324364855885506,0.024122191593050957,0.8962143063545227,0.011155649088323116,0.02003832906484604,0.9489051103591919
Pseudomyrmex_cf.solis_CASENT0744065_processed.obj,Stage_2_deform_coarse,0.00017924135318025947,0.01516784355044365,0.0075662508606910706,0.007601593155413866,0.01677655801177025,0.08874217420816422,0.3266272246837616,0.33603334426879883,0.3177333474159241,0.8064486980438232,0.8294000029563904,0.7847333550453186,0.967774510383606,0.9628333449363708,0.9727666974067688,0.9979457855224609,0.99590003490448,1.0,0.8324471712112427,0.22869999706745148,1.213666558265686,1.1486209630966187,2.2874703407287598,0.5732051730155945,0.29133903980255127,1.9860628843307495,0.5216967463493347,0.0,0.7861375212669373,0.37334808707237244,0.012757458724081516,0.030453378334641457,0.17243514955043793,13.439799308776855,76.70901489257812,0.006877220701426268,0.0022682519629597664,0.002935206051915884,0.0022923783399164677,-0.0033701970241963863,0.006194564048200846,0.01140846498310566,0.992337167263031,0.005425730254501104,0.009999308735132217,1.0,0.007218339946120977,0.012718725949525833,0.9889503121376038,0.007149812299758196,0.013924051076173782,1.0,0.00708690145984292,0.013535639271140099,0.9930466413497925,0.00859145913273096,0.02194107510149479,0.9403892755508423
Solenopsis_invicta_CASENT0744384_processed.obj,Stage_2_deform_coarse,0.0006882790476083755,0.030199997127056122,0.0145494993776083,0.015650497749447823,0.036688316613435745,0.12138914316892624,0.07651796191930771,0.07936666905879974,0.07386666536331177,0.3668178915977478,0.39436668157577515,0.3428666591644287,0.7830337285995483,0.8262666463851929,0.744100034236908,0.9840154647827148,0.9769666790962219,0.9911666512489319,0.6898701786994934,0.45750001072883606,1.3691431283950806,1.8506410121917725,3.089189052581787,0.5245137214660645,0.3879915773868561,2.909118413925171,0.6872708201408386,0.0,0.7413970232009888,0.28665754199028015,0.024920601397752762,0.061655040830373764,0.31472018361091614,15.286006927490234,85.39512634277344,0.008767642080783844,0.04442587122321129,0.045283518731594086,0.04426630213856697,-0.004305407404899597,0.01333649642765522,0.031821414828300476,0.8444444537162781,0.01800900511443615,0.0424225889146328,0.6760239601135254,0.011484047397971153,0.020032811909914017,0.9475138783454895,0.011974899098277092,0.02421676740050316,0.8918206095695496,0.012210794724524021,0.027219073846936226,0.8938964605331421,0.01024586334824562,0.018444720655679703,0.9695863723754883
Stigmatomma_FHG02_CASENT0745561_processed.obj,Stage_2_deform_coarse,0.0004651662311516702,0.0238412544131279,0.0118240462616086,0.012017209082841873,0.028945405036211014,0.14741773903369904,0.13431505858898163,0.13699999451637268,0.13173332810401917,0.5315610766410828,0.5571333169937134,0.508233368396759,0.8850431442260742,0.8998667001724243,0.8707000017166138,0.9899097084999084,0.9836333394050598,0.9962666630744934,0.8005955815315247,0.3541666567325592,1.3257020711898804,1.5196435451507568,2.9281580448150635,0.5436580181121826,0.35625937581062317,2.6411585807800293,0.6325251460075378,0.0,0.749963104724884,0.2943691611289978,0.02368835359811783,0.06305242329835892,0.3141429126262665,14.614554405212402,83.88398742675781,0.008604674600064754,0.014499627985060215,0.01566244661808014,0.014521615579724312,-0.007261310704052448,0.009742002002894878,0.02031967230141163,0.9478927254676819,0.010237396694719791,0.02119089663028717,0.9383341073989868,0.00859206821769476,0.01781775988638401,0.972375750541687,0.00963195227086544,0.017704665660858154,0.97625333070755,0.011080635711550713,0.025126205757260323,0.9067731499671936,0.011286206543445587,0.03033173829317093,0.930656909942627
Strumigenys_alberti_CASENT0878103_processed.obj,Stage_2_deform_coarse,0.000529753917362541,0.026666715741157532,0.012897179462015629,0.013769535347819328,0.031854044646024704,0.11830654740333557,0.0982189029455185,0.1004333347082138,0.09610000252723694,0.43318238854408264,0.46006667613983154,0.4092666804790497,0.8389554023742676,0.868066668510437,0.8117333650588989,0.992510199546814,0.9877333641052246,0.9973333477973938,0.7771912813186646,0.337799996137619,1.406517744064331,1.808337688446045,3.331916093826294,0.5347521305084229,0.37990880012512207,3.6582682132720947,0.6853312849998474,0.0,0.7570222616195679,0.3116486370563507,0.02478192001581192,0.0677068904042244,0.2760648727416992,14.865976333618164,91.8239517211914,0.01039731502532959,0.013239705935120583,0.014169089496135712,0.01325505506247282,-3.7606805562973022e-06,0.013505768030881882,0.02497958578169346,0.8222222328186035,0.01088290847837925,0.02739492990076542,0.9047399759292603,0.009689781814813614,0.017352517694234848,0.972375750541687,0.01156825851649046,0.025061801075935364,0.8865435719490051,0.011955467984080315,0.02439156174659729,0.9018800258636475,0.011067155748605728,0.02035517618060112,0.9464719891548157
Strumigenys_canina_OKENT0105288_processed.obj,Stage_2_deform_coarse,0.00041196937672793865,0.02207498997449875,0.01065852865576744,0.011416460387408733,0.027500173076987267,0.16087564826011658,0.1513698697090149,0.15493333339691162,0.147966668009758,0.5794376730918884,0.6143666505813599,0.5482666492462158,0.9054220914840698,0.9318333268165588,0.8804666996002197,0.9945245385169983,0.9915666580200195,0.9975000023841858,0.8027079701423645,0.2860333323478699,1.2949936389923096,1.394383430480957,2.738161325454712,0.5433717370033264,0.3386867046356201,2.252030849456787,0.6140632033348083,0.0,0.7552703022956848,0.3125632107257843,0.019266052171587944,0.049645692110061646,0.31689247488975525,14.140511512756348,84.60899353027344,0.008637268096208572,0.004462123848497868,0.005282572004944086,0.004509689286351204,-3.290222957730293e-05,0.00900620874017477,0.017336582764983177,0.967432975769043,0.009815760888159275,0.02213776297867298,0.9341923594474792,0.008979767560958862,0.015447708778083324,0.980663001537323,0.010153470560908318,0.019631989300251007,0.9525066614151001,0.010022152215242386,0.02042488195002079,0.9454030394554138,0.009828493930399418,0.01973489485681057,0.9537712931632996
Strumigenys_crassicornis_CASENT0744273_processed.obj,Stage_2_deform_coarse,0.0005224179476499557,0.026263698935508728,0.012577390298247337,0.013686309568583965,0.03169042617082596,0.11728733777999878,0.09898106008768082,0.10226666927337646,0.09589999914169312,0.4369577169418335,0.47190001606941223,0.40683335065841675,0.8517130613327026,0.8937333226203918,0.8134666681289673,0.9909124374389648,0.9836333394050598,0.9983000159263611,0.7896229028701782,0.30826666951179504,1.3762924671173096,1.7121450901031494,3.07188081741333,0.5494043827056885,0.3582930266857147,3.2845888137817383,0.6505110859870911,0.0,0.7706965804100037,0.31623801589012146,0.024136796593666077,0.06385946273803711,0.2520376145839691,14.410148620605469,89.5050277709961,0.009875819087028503,0.009845934808254242,0.010579772293567657,0.010277415625751019,-0.0071490127593278885,0.012080606073141098,0.023166686296463013,0.9072797298431396,0.01111876405775547,0.023201998323202133,0.9240681529045105,0.009631838649511337,0.018471069633960724,0.9668508768081665,0.011693904176354408,0.024592481553554535,0.9155673384666443,0.011432605795562267,0.02233840338885784,0.9263456463813782,0.011020523495972157,0.021146642044186592,0.941605806350708
Strumigenys_sp._appretiata_group_CASENT0744156_processed.obj,Stage_2_deform_coarse,0.0003449785290285945,0.021328605711460114,0.009994994848966599,0.01133360993117094,0.0260344035923481,0.12976963818073273,0.15896107256412506,0.16603334248065948,0.15246666967868805,0.579335629940033,0.6344000101089478,0.5330666899681091,0.9174619317054749,0.9442333579063416,0.8921666741371155,0.996714174747467,0.9951333403587341,0.9983000159263611,0.8109967708587646,0.36803334951400757,1.299320101737976,1.334531307220459,2.787526845932007,0.5399062037467957,0.3540787398815155,2.345505714416504,0.6200675368309021,0.0,0.7737114429473877,0.34520894289016724,0.019384855404496193,0.05012425035238266,0.22190363705158234,14.638166427612305,82.56851959228516,0.0085068941116333,0.0009605092345736921,0.001982411602512002,0.0009636252070777118,-0.006787257269024849,0.008947147987782955,0.016957920044660568,0.977011501789093,0.01275430154055357,0.028602050617337227,0.8564196825027466,0.008320056833326817,0.01490187831223011,0.991712749004364,0.010059008374810219,0.02005033567547798,0.9498680830001831,0.009691525250673294,0.021597862243652344,0.9433428049087524,0.008484960533678532,0.016134066507220268,0.9768856167793274
Strumigenys_stenorhina_OKENT0105268_processed.obj,Stage_2_deform_coarse,0.0001177131780423224,0.012694420292973518,0.006201097741723061,0.006493323016911745,0.013581627979874611,0.07463782280683517,0.4174569249153137,0.4330666661262512,0.4029333293437958,0.8914162516593933,0.9103000164031982,0.8733000159263611,0.9853665232658386,0.9856666922569275,0.9850666522979736,0.9989326000213623,0.9980666637420654,0.9998000264167786,0.8561981916427612,0.28189998865127563,1.115142822265625,0.7820482850074768,1.9305689334869385,0.592883825302124,0.2598429322242737,1.3797250986099243,0.46146541833877563,0.0,0.7579888701438904,0.35168060660362244,0.012137211859226227,0.02962689846754074,0.14739935100078583,13.049049377441406,69.9079818725586,0.004954206291586161,0.0015242001973092556,0.00214983057230711,0.0015672713052481413,-0.007818082347512245,0.005409993231296539,0.010438083671033382,0.9984674453735352,0.0061081876046955585,0.011183423921465874,0.993557333946228,0.005695781670510769,0.0106226596981287,0.9944751858711243,0.005998026579618454,0.010907717049121857,0.9973615407943726,0.005596631672233343,0.00975357461720705,0.9981973171234131,0.006332109682261944,0.013901468366384506,0.9817517995834351
Syllophopsis_sechellensis_OKENT0105212_processed.obj,Stage_2_deform_coarse,0.0001543003600090742,0.013968933373689651,0.0072395834140479565,0.006729349959641695,0.016660243272781372,0.06175346300005913,0.38569390773773193,0.38723334670066833,0.3841666579246521,0.8450783491134644,0.8471333384513855,0.8430333137512207,0.9753759503364563,0.9638000130653381,0.9872333407402039,0.9980965852737427,0.9962666630744934,0.9999333620071411,0.827150285243988,0.1412000060081482,1.1799997091293335,0.959398090839386,2.216115713119507,0.5855763554573059,0.2829725742340088,1.6213043928146362,0.500769317150116,0.0,0.7892193794250488,0.3494813144207001,0.01342126913368702,0.03182826563715935,0.20478516817092896,13.468799591064453,78.46480560302734,0.0069098141975700855,0.05380285903811455,0.054314401000738144,0.05427443981170654,-0.003575291484594345,0.005612966138869524,0.010756495408713818,0.9927203059196472,0.005147008690983057,0.009565237909555435,0.9986194372177124,0.007741101086139679,0.013866733759641647,1.0,0.00659974617883563,0.011412790976464748,1.0,0.007422718219459057,0.014588451012969017,0.9814576506614685,0.007509574759751558,0.01573413796722889,0.9720194339752197
Temnothorax_congruus_OKENT0105443_processed.obj,Stage_2_deform_coarse,0.00019819433509837836,0.016628671437501907,0.007571136113256216,0.009057534858584404,0.021357174962759018,0.08591985702514648,0.2475050538778305,0.2575666606426239,0.23820000886917114,0.7457495331764221,0.8063333630561829,0.6936333179473877,0.9633499979972839,0.9890333414077759,0.938966691493988,0.9987661838531494,0.9980999827384949,0.9994333386421204,0.8306467533111572,0.2468000054359436,1.1622155904769897,0.7726581692695618,2.0667107105255127,0.6143507361412048,0.266112357378006,1.528031587600708,0.4769247770309448,0.0,0.8084726929664612,0.4070921838283539,0.011770820245146751,0.027040721848607063,0.1566542536020279,13.733677864074707,71.18709564208984,0.0044327108189463615,0.015232096426188946,0.01588905043900013,0.015558122657239437,-0.000780533067882061,0.006971448659896851,0.011912919580936432,0.9988505840301514,0.006726509891450405,0.012451722286641598,0.9981592297554016,0.008322537876665592,0.014254092238843441,0.9944751858711243,0.008403830230236053,0.014636901207268238,0.9920845031738281,0.008314535021781921,0.015489994548261166,0.9675508737564087,0.007361419964581728,0.01550869457423687,0.9805352687835693
Temnothorax_sp._OKENT0105336_processed.obj,Stage_2_deform_coarse,0.0005398021312430501,0.026071056723594666,0.012843474745750427,0.013227582909166813,0.03300666809082031,0.10006870329380035,0.10893194377422333,0.11290000379085541,0.105233334004879,0.47674667835235596,0.5085333585739136,0.4487000107765198,0.8501630425453186,0.8706333637237549,0.8306333422660828,0.9864896535873413,0.9788333177566528,0.9942666888237,0.7015208601951599,0.44663333892822266,1.2699943780899048,1.3325231075286865,2.5690054893493652,0.5323296189308167,0.3399505913257599,2.1953959465026855,0.6011156439781189,0.0,0.7755942940711975,0.3526836037635803,0.01921314187347889,0.050620924681425095,0.38861533999443054,14.883147239685059,84.12128448486328,0.008604674600064754,0.013979329727590084,0.015728607773780823,0.014248301275074482,0.00018012803047895432,0.009387184865772724,0.017311234027147293,0.9727969765663147,0.010419473052024841,0.022177493199706078,0.9328117966651917,0.010894044302403927,0.021706102415919304,0.9337016940116882,0.011874043382704258,0.022141138091683388,0.9234828948974609,0.010276328772306442,0.02041550539433956,0.9466907382011414,0.008609496988356113,0.015586405992507935,0.9902676343917847
Tetramorium_kraepelini_CASENT0744084_processed.obj,Stage_2_deform_coarse,0.0004157808725722134,0.02395876869559288,0.010950090363621712,0.013008679263293743,0.030894005671143532,0.0921328142285347,0.11334696412086487,0.11813333630561829,0.10893333703279495,0.4926244616508484,0.5386666655540466,0.45383334159851074,0.8841036558151245,0.9287333488464355,0.8435666561126709,0.9952666759490967,0.9952666759490967,0.9952666759490967,0.8001811504364014,0.36703333258628845,1.2841296195983887,1.215970754623413,2.606616973876953,0.5716814398765564,0.3296658396720886,2.2468576431274414,0.5927824974060059,0.0,0.7710524201393127,0.3165297508239746,0.019471175968647003,0.04758146032691002,0.382485955953598,14.319392204284668,80.3959732055664,0.007594277150928974,0.034564316272735596,0.03524298965930939,0.03502794727683067,0.01386241428554058,0.00985223613679409,0.019780874252319336,0.9517241716384888,0.009871002286672592,0.019101904705166817,0.9622641801834106,0.009462464600801468,0.016562901437282562,0.9668508768081665,0.01202850230038166,0.025053512305021286,0.9023746848106384,0.00981216412037611,0.019464820623397827,0.9554468393325806,0.0102107934653759,0.018726542592048645,0.9622870683670044
Acanthostichus_aff.brevicornis_CASENT0744328_processed.obj,Stage_3_deform_fine,0.00015127038932405412,0.014215952716767788,0.007357143331319094,0.006858809385448694,0.017190374433994293,0.07700479030609131,0.3668459355831146,0.3656333386898041,0.368066668510437,0.8315736055374146,0.8287333250045776,0.8344333171844482,0.9757272005081177,0.9642000198364258,0.9875333309173584,0.999199390411377,0.9984000325202942,1.0,0.8409082293510437,0.1517000049352646,1.17982816696167,1.222213625907898,2.436119794845581,0.3817124664783478,0.36811408400535583,1.71309232711792,0.6900200247764587,0.0,0.6626707911491394,0.1597513109445572,0.016993224620819092,0.04381066933274269,0.3147970139980316,12.44598388671875,64.46768951416016,0.004269743803888559,0.00046135421143844724,0.0007622047560289502,0.00046287989243865013,-0.011513689532876015,0.006628191564232111,0.014413713477551937,0.9839080572128296,0.005318178795278072,0.010249701328575611,1.0,0.008412525989115238,0.014750066213309765,1.0,0.007311443332582712,0.01526073832064867,0.9894459247589111,0.007908476516604424,0.016760775819420815,0.970126211643219,0.007060020696371794,0.013879518024623394,0.989051103591919
Acromyrmex_coronatus_CASENT0744365_processed.obj,Stage_3_deform_fine,0.00022645342687610537,0.01648995839059353,0.008554900996387005,0.007935057394206524,0.021024294197559357,0.08773506432771683,0.2787609100341797,0.28209999203681946,0.27549999952316284,0.7807830572128296,0.7917667031288147,0.7700999975204468,0.9576154947280884,0.946399986743927,0.9690999984741211,0.9953306913375854,0.9909666776657104,0.9997333288192749,0.827564537525177,0.14069999754428864,1.1749149560928345,1.4970756769180298,2.242438316345215,0.4220515787601471,0.3391953408718109,1.676361322402954,0.6166394948959351,0.0,0.710130512714386,0.17296962440013885,0.018799899145960808,0.05141793191432953,0.3173849582672119,12.926459312438965,62.827293395996094,0.0029985986184328794,0.05003712326288223,0.05030525475740433,0.05023059621453285,0.0008758828043937683,0.006826517637819052,0.013300200924277306,0.994636058807373,0.006241302937269211,0.011280638165771961,0.9976990222930908,0.009148244746029377,0.022134602069854736,0.911602258682251,0.008614822290837765,0.018419114872813225,0.9525066614151001,0.007742469199001789,0.014587013982236385,0.9796549081802368,0.008395249024033546,0.0214938186109066,0.9476885795593262
Acromyrmex_lobicornis_CASENT0878007_processed.obj,Stage_3_deform_fine,0.00034234471968375146,0.021788569167256355,0.010723767802119255,0.0110648013651371,0.024395238608121872,0.0900026261806488,0.1369064450263977,0.13809999823570251,0.13573333621025085,0.5598170757293701,0.5834000110626221,0.5380666851997375,0.9132522940635681,0.9228000044822693,0.9039000272750854,0.9964621067047119,0.9943333268165588,0.9986000061035156,0.8037846684455872,0.2502000033855438,1.3266043663024902,1.7163454294204712,3.0440235137939453,0.3724585771560669,0.4349861145019531,4.189434051513672,0.7927179932594299,0.0,0.6754425764083862,0.16454142332077026,0.0264497809112072,0.06648553907871246,0.26016467809677124,13.489371299743652,67.25257873535156,0.004693458788096905,0.01068123709410429,0.01153611484915018,0.01094596553593874,-0.0036251600831747055,0.010407905094325542,0.02009345404803753,0.9482758641242981,0.00980052538216114,0.02123655565083027,0.9420156478881836,0.01045991387218237,0.017685644328594208,0.980663001537323,0.008176473900675774,0.015179977752268314,0.9868074059486389,0.011389096267521381,0.022788308560848236,0.9250579476356506,0.010049700736999512,0.016823628917336464,0.9720194339752197
Anochetus_risii_CASENT0877608_processed.obj,Stage_3_deform_fine,0.0001304945326410234,0.013547493144869804,0.006718853022903204,0.006828639656305313,0.01425032876431942,0.07316828519105911,0.37050798535346985,0.37586668133735657,0.3652999997138977,0.8599861264228821,0.8767333626747131,0.8438666462898254,0.9833959937095642,0.9814000129699707,0.9854000210762024,0.9992995262145996,0.9986000061035156,1.0,0.8671039342880249,0.10620000213384628,1.1125602722167969,0.774167001247406,1.8926321268081665,0.5040402412414551,0.27874597907066345,1.3447186946868896,0.49823489785194397,0.0,0.730706512928009,0.1923656165599823,0.013525745831429958,0.03880324214696884,0.19226886332035065,12.28248405456543,59.07273483276367,0.003226752858608961,0.003574794391170144,0.0038285909686237574,0.0036089785862714052,-0.006284082308411598,0.005700699519366026,0.010948404669761658,0.9973180294036865,0.00579370791092515,0.010860398411750793,0.994017481803894,0.007644085679203272,0.01407179981470108,0.9944751858711243,0.007212186232209206,0.013304978609085083,1.0,0.006198047194629908,0.01085357554256916,0.9951068758964539,0.006731392815709114,0.011486453004181385,0.9866179823875427
Anochetus_risii_CASENT0877609_processed.obj,Stage_3_deform_fine,0.0005213964614085853,0.02449965290725231,0.012671036645770073,0.011828616261482239,0.032447922974824905,0.18883438408374786,0.12169122695922852,0.12273333221673965,0.12066666781902313,0.5066715478897095,0.5215333104133606,0.4926333427429199,0.8819634914398193,0.8861666917800903,0.8777999877929688,0.9894987344741821,0.9804333448410034,0.9987333416938782,0.7816764116287231,0.29840001463890076,1.3634029626846313,2.1700491905212402,3.16870379447937,0.3711613118648529,0.45124202966690063,2.9233803749084473,0.8407710790634155,0.0,0.6493667960166931,0.14132794737815857,0.028543738648295403,0.08208437263965607,0.4935248792171478,13.416948318481445,70.47258758544922,0.005247547756880522,0.018173877149820328,0.018464257940649986,0.01823597215116024,-0.002738725394010544,0.011051269248127937,0.022877909243106842,0.9157088398933411,0.013293580152094364,0.02710672654211521,0.8334100246429443,0.009728518314659595,0.018193861469626427,0.9834254384040833,0.009254425764083862,0.01722096838057041,0.9788918495178223,0.01371366623789072,0.03701164573431015,0.8454803228378296,0.015290537849068642,0.04746605083346367,0.8077858686447144
Aphaenogaster_pallida_CASENT0745235_processed.obj,Stage_3_deform_fine,0.00014934097998775542,0.013473568484187126,0.006741687189787626,0.006731881760060787,0.013831015676259995,0.1430097222328186,0.368720680475235,0.37476667761802673,0.36286666989326477,0.8667314648628235,0.8858000040054321,0.848466694355011,0.9883464574813843,0.9864667057991028,0.9902333617210388,0.9982803463935852,0.996566653251648,1.0,0.9135376214981079,0.04153333231806755,1.0673831701278687,0.5561812520027161,1.7924473285675049,0.5058719515800476,0.2624179720878601,1.1683281660079956,0.47110188007354736,0.0,0.7674675583839417,0.23315027356147766,0.011054919101297855,0.029178408905863762,0.13221167027950287,11.945930480957031,58.038387298583984,0.0021837621461600065,0.0032542673870921135,0.003955537918955088,0.003258633892983198,-0.0038161291740834713,0.006282750051468611,0.011550071649253368,0.998084306716919,0.005655474029481411,0.01072053425014019,0.9972388744354248,0.008505517616868019,0.013383470475673676,0.9972376227378845,0.00752380071207881,0.014718146063387394,0.9788918495178223,0.0067739058285951614,0.011683248914778233,0.9984548091888428,0.010284909047186375,0.02908213995397091,0.930656909942627
Atopomyrmex_mocquerysi_CASENT0744784_processed.obj,Stage_3_deform_fine,0.0001234931987710297,0.012277764268219471,0.006418444681912661,0.00585931958630681,0.015571139752864838,0.05974336713552475,0.490829735994339,0.492166668176651,0.4895000159740448,0.8883211612701416,0.885033369064331,0.8916333317756653,0.9800833463668823,0.9674666523933411,0.9930333495140076,0.9989655613899231,0.9979333281517029,1.0,0.8281450867652893,0.09139999747276306,1.1012811660766602,0.8623730540275574,2.09938383102417,0.3987548053264618,0.33449670672416687,1.2991211414337158,0.6119114756584167,0.0,0.6898053884506226,0.19623257219791412,0.013382199220359325,0.031877174973487854,0.22610054910182953,12.019783973693848,59.38066482543945,0.002607477130368352,0.023734821006655693,0.024007266387343407,0.02431938797235489,0.0006012525409460068,0.004978974349796772,0.009551647119224072,0.998084306716919,0.00449136970564723,0.008933063596487045,0.9981592297554016,0.006046423688530922,0.010879003442823887,1.0,0.006457895040512085,0.013783588074147701,0.9868074059486389,0.00635020574554801,0.012959802523255348,0.9915014505386353,0.0062610250897705555,0.011641758494079113,0.9878345131874084
Carebara_trechideros_CASENT0877591_processed.obj,Stage_3_deform_fine,0.00022050343977753073,0.014542404562234879,0.008157416246831417,0.006384987849742174,0.02514871023595333,0.08429514616727829,0.42963147163391113,0.43053334951400757,0.42873334884643555,0.8477548956871033,0.8326666951179504,0.8633999824523926,0.9599358439445496,0.9314666986465454,0.9901999831199646,0.9922402501106262,0.9846000075340271,1.0,0.7946260571479797,0.14800000190734863,1.1501517295837402,1.310712456703186,2.305022954940796,0.40416792035102844,0.34415316581726074,1.5769537687301636,0.6447641849517822,0.0,0.6892174482345581,0.1836249679327011,0.01552372146397829,0.03959447145462036,0.4119780957698822,12.207139015197754,62.90912628173828,0.0030311921145766973,0.022456569597125053,0.02273973636329174,0.02264048531651497,0.0007463805377483368,0.005001865327358246,0.009635386057198048,0.998084306716919,0.004575502127408981,0.008322875946760178,1.0,0.006886444985866547,0.010985955595970154,0.9944751858711243,0.005575332324951887,0.009598484262824059,1.0,0.007432610262185335,0.016719715669751167,0.9660056829452515,0.007316888775676489,0.014259740710258484,0.9963503479957581
Centromyrmex_brachycola_CASENT0744052_processed.obj,Stage_3_deform_fine,0.00018472560623195022,0.015991130843758583,0.007749841548502445,0.008241289295256138,0.018387850373983383,0.09016169607639313,0.26992183923721313,0.27593332529067993,0.2641666829586029,0.7717472314834595,0.8008333444595337,0.744700014591217,0.9693541526794434,0.9747000336647034,0.9640666842460632,0.9984824061393738,0.9975333213806152,0.9994333386421204,0.8618424534797668,0.18903332948684692,1.138321876525879,0.9649256467819214,2.088676691055298,0.4310902953147888,0.32776519656181335,1.5936179161071777,0.6062970161437988,0.0,0.711728036403656,0.20275644958019257,0.016357649117708206,0.0396726094186306,0.18327298760414124,12.38952350616455,60.54276657104492,0.0029660051222890615,0.002659472171217203,0.002906790468841791,0.002678284188732505,-0.006921854335814714,0.007003449834883213,0.01307601947337389,0.9950191974639893,0.006425783038139343,0.012055165134370327,0.9990796446800232,0.008853408508002758,0.015248462557792664,0.9944751858711243,0.007448234595358372,0.012516098096966743,0.9947230219841003,0.008639130741357803,0.018547412008047104,0.9582796692848206,0.008569910190999508,0.014907910488545895,0.9732360243797302
Cephalotes_minutus_CASENT0709253_processed.obj,Stage_3_deform_fine,0.00013073216541670263,0.014085967093706131,0.0067168306559324265,0.0073691364377737045,0.015740834176540375,0.055271707475185394,0.31619513034820557,0.3237333297729492,0.30900001525878906,0.8372927308082581,0.8695999979972839,0.8073000311851501,0.9863629341125488,0.9937000274658203,0.9791333675384521,0.9997665882110596,0.9995333552360535,1.0,0.8896248936653137,0.10173333436250687,1.1103999614715576,0.697336733341217,2.0132651329040527,0.4118068218231201,0.33770298957824707,1.3214256763458252,0.6255778074264526,0.0,0.7413676381111145,0.23153260350227356,0.016096321865916252,0.03790157288312912,0.1586596518754959,12.05766487121582,59.79367446899414,0.0029985986184328794,0.02218589186668396,0.022532520815730095,0.022477122023701668,-0.000867944210767746,0.00662155169993639,0.012447238899767399,0.9957854747772217,0.006052767392247915,0.011135662905871868,1.0,0.006688680034130812,0.012418797239661217,1.0,0.006463146768510342,0.011657170951366425,0.9973615407943726,0.007350106257945299,0.013329668901860714,0.9842905402183533,0.007421129383146763,0.013269899412989616,0.9927006959915161
Cephalotes_simillimus_CASENT0744408_processed.obj,Stage_3_deform_fine,0.00044814980356022716,0.024356119334697723,0.011970660649240017,0.012385457754135132,0.02840171754360199,0.11131177097558975,0.11584684252738953,0.11910000443458557,0.11276666820049286,0.49633535742759705,0.5221333503723145,0.47296667098999023,0.873286783695221,0.8910333514213562,0.8562333583831787,0.9937273263931274,0.9890000224113464,0.9984999895095825,0.788041353225708,0.4047999978065491,1.2988135814666748,1.6778746843338013,2.8509297370910645,0.38370898365974426,0.42650219798088074,3.111414670944214,0.7969931960105896,0.0,0.6602149605751038,0.16395434737205505,0.02622028812766075,0.06567235291004181,0.3691660463809967,13.131515502929688,70.70906066894531,0.006062384229153395,0.008429492823779583,0.008813899010419846,0.0085032032802701,-0.005827795714139938,0.011003877967596054,0.02397622913122177,0.9003831744194031,0.011658786796033382,0.024782126769423485,0.9134836792945862,0.00885517243295908,0.01575816422700882,0.9889503121376038,0.010698137804865837,0.020329559221863747,0.9445910453796387,0.011239906772971153,0.02282728999853134,0.9245429039001465,0.00893701147288084,0.01660037599503994,0.985401451587677
Cephalotes_spinosus_CASENT0744158_processed.obj,Stage_3_deform_fine,0.0001959304208867252,0.016402557492256165,0.007913841865956783,0.008488716557621956,0.019309479743242264,0.07804545015096664,0.2665025293827057,0.27213335037231445,0.26109999418258667,0.7528859972953796,0.7886000275611877,0.7202666997909546,0.9638893604278564,0.972599983215332,0.9553333520889282,0.9983645081520081,0.9969000220298767,0.999833345413208,0.858234703540802,0.13243333995342255,1.118366003036499,0.8109971880912781,2.1347055435180664,0.3791733682155609,0.36202171444892883,1.3879446983337402,0.6861165761947632,0.0,0.6940029263496399,0.18333503603935242,0.018698418512940407,0.05010863021016121,0.24290896952152252,12.717931747436523,62.12223434448242,0.0028356313705444336,0.013884929940104485,0.014195441268384457,0.01393620390444994,-0.0035017896443605423,0.007175884209573269,0.013627657666802406,0.9908046126365662,0.006820929702371359,0.01266974676400423,0.9958582520484924,0.007608285639435053,0.014156730845570564,1.0,0.007606665138155222,0.014913847669959068,0.9815303683280945,0.007748022675514221,0.014673050493001938,0.9930466413497925,0.008668625727295876,0.01718852110207081,0.974452555179596
Crematogaster_nawai_OKENT0105046_processed.obj,Stage_3_deform_fine,0.00030901169520802796,0.01980707235634327,0.009773338213562965,0.010033734142780304,0.022227788344025612,0.12039772421121597,0.17671972513198853,0.18426667153835297,0.16976666450500488,0.644932746887207,0.6731333136558533,0.6190000176429749,0.9384011030197144,0.9481333494186401,0.9288666844367981,0.9942129254341125,0.9897333383560181,0.9987333416938782,0.7969669103622437,0.36793333292007446,1.1556158065795898,1.2570867538452148,2.1339669227600098,0.40084218978881836,0.36559152603149414,1.8066284656524658,0.696704626083374,0.0,0.6847754120826721,0.18620216846466064,0.019231151789426804,0.04224420338869095,0.3499056398868561,12.78907585144043,62.75802993774414,0.003878622082993388,0.021069912239909172,0.021423352882266045,0.02103915624320507,-0.0033132359385490417,0.007868881337344646,0.014211188070476055,0.9942529201507568,0.00803216453641653,0.014422625303268433,0.9963184595108032,0.010156846605241299,0.017838547006249428,0.9640884399414062,0.009374515153467655,0.016119584441184998,0.9947230219841003,0.008118093013763428,0.015295234508812428,0.9727015495300293,0.007748988922685385,0.013839618302881718,0.989051103591919
Cryptopone_sauteri_CASENT0743771_processed.obj,Stage_3_deform_fine,0.00027434801449999213,0.0196891650557518,0.0094801289960742,0.010209036991000175,0.022822540253400803,0.07953598350286484,0.17390458285808563,0.178766667842865,0.16930000483989716,0.6268396377563477,0.6629000306129456,0.5945000052452087,0.9356929063796997,0.94923335313797,0.9225333333015442,0.997980535030365,0.9962999820709229,0.999666690826416,0.8233540058135986,0.38903334736824036,1.2606197595596313,1.5300121307373047,2.7676937580108643,0.40667250752449036,0.39683863520622253,2.444359064102173,0.7472290992736816,0.0,0.6707212924957275,0.17872346937656403,0.020725704729557037,0.05246257409453392,0.28971731662750244,13.389774322509766,69.16319274902344,0.006029790733009577,0.026032626628875732,0.02635020576417446,0.02621348761022091,5.135871469974518e-05,0.008048667572438717,0.014777121134102345,0.994636058807373,0.009210998192429543,0.020484816282987595,0.9452370405197144,0.008951647207140923,0.01847958005964756,0.980663001537323,0.00849821139127016,0.015070473775267601,0.9868074059486389,0.009055503644049168,0.019823970273137093,0.95029616355896,0.007119838148355484,0.012392226606607437,1.0
Cyphoidris_afrc-tz01_CASENT0744810_processed.obj,Stage_3_deform_fine,0.0009788434254005551,0.035557106137275696,0.0181929562240839,0.017364151775836945,0.04835421219468117,0.16516512632369995,0.04739941656589508,0.04756666719913483,0.04723333567380905,0.2626568675041199,0.27250000834465027,0.2535000145435333,0.7148128151893616,0.7396000027656555,0.6916333436965942,0.9713932275772095,0.9544333219528198,0.988966703414917,0.7332379221916199,0.3794333338737488,1.4356238842010498,2.355321168899536,3.8035366535186768,0.364926815032959,0.46628695726394653,4.133649826049805,0.8925938010215759,0.0,0.6540914177894592,0.1457991898059845,0.03324567526578903,0.09749659150838852,0.51893150806427,14.034363746643066,81.34696960449219,0.0077246506698429585,0.031470637768507004,0.032167356461286545,0.03187883645296097,0.003284541890025139,0.015711013227701187,0.03418779373168945,0.7590038180351257,0.014915166422724724,0.029759619385004044,0.8016567230224609,0.01682872511446476,0.03632381930947304,0.7044199109077454,0.014194156974554062,0.025897866114974022,0.8416886925697327,0.016250869259238243,0.03581085801124573,0.7633273601531982,0.016555674374103546,0.03758106753230095,0.7749391794204712
Cyphomyrmex_cf.minutus_CASENT0744280_processed.obj,Stage_3_deform_fine,0.0008414904586970806,0.03471335023641586,0.016269052401185036,0.018444295972585678,0.0404922217130661,0.13344290852546692,0.041537635028362274,0.042266666889190674,0.04083333536982536,0.23845569789409637,0.25413334369659424,0.22460000216960907,0.703222393989563,0.7666333317756653,0.6495000123977661,0.9817497134208679,0.9812000393867493,0.9822999835014343,0.7876136898994446,0.4309333264827728,1.54526686668396,2.8031368255615234,4.063022613525391,0.41796067357063293,0.4608966112136841,5.502291202545166,0.8900244832038879,0.0,0.6753918528556824,0.14933598041534424,0.03144419193267822,0.09557373821735382,0.4505408704280853,13.805720329284668,79.65570068359375,0.007398716174066067,0.06612122803926468,0.06639155745506287,0.06708285212516785,0.004989244043827057,0.01531844213604927,0.030588820576667786,0.7919540405273438,0.01739337667822838,0.03265779837965965,0.6783248782157898,0.01839001104235649,0.04244288429617882,0.6740331649780273,0.012291601859033108,0.021305354312062263,0.9313984513282776,0.016037797555327415,0.031916599720716476,0.7705382704734802,0.017849000170826912,0.0461156889796257,0.7372262477874756
Dilobocondyla_fouqueti_CASENT0745576_processed.obj,Stage_3_deform_fine,0.00017832679441198707,0.016139458864927292,0.007867767475545406,0.008271690458059311,0.017848610877990723,0.07047794759273529,0.25251132249832153,0.25733333826065063,0.2478666752576828,0.7618526816368103,0.7899333238601685,0.7357000112533569,0.9705255031585693,0.973300039768219,0.9677667021751404,0.9996499419212341,0.9994000196456909,0.9998999834060669,0.8634979128837585,0.1046999990940094,1.1407957077026367,0.9392744302749634,2.211207866668701,0.4008062481880188,0.3476039469242096,1.4713382720947266,0.6492418646812439,0.0,0.708859920501709,0.1891762614250183,0.02002221718430519,0.05453789606690407,0.23378226161003113,12.318181037902832,60.56049346923828,0.003226752858608961,0.022581221535801888,0.02285323292016983,0.022573700174689293,-9.85022634267807e-05,0.007392924278974533,0.01367589458823204,0.9965517520904541,0.006484098732471466,0.011524357832968235,1.0,0.008147075772285461,0.01437734067440033,0.9861878752708435,0.007579848635941744,0.012953253462910652,0.9973615407943726,0.007791400887072086,0.014208445325493813,0.9891836643218994,0.007768388371914625,0.014103474095463753,0.9841849207878113
Dorylus_fulvus_CASENT0745678_processed.obj,Stage_3_deform_fine,0.00014346730313263834,0.014207938686013222,0.006811345461755991,0.0073965927585959435,0.01696968264877796,0.056916244328022,0.3572966158390045,0.3667333424091339,0.34833332896232605,0.8279792666435242,0.8600666522979736,0.7982000112533569,0.9761241674423218,0.9791333675384521,0.9731333255767822,0.999833345413208,1.0,0.999666690826416,0.8583012819290161,0.24193333089351654,1.1796883344650269,1.117506980895996,2.315434455871582,0.4192295968532562,0.35996896028518677,1.778075933456421,0.6527939438819885,0.0,0.723097026348114,0.2072942703962326,0.014891763217747211,0.03683273494243622,0.2432439625263214,12.181264877319336,62.886871337890625,0.004530491307377815,0.008226480334997177,0.00843810848891735,0.008284374140202999,-0.0041207969188690186,0.0060227904468774796,0.012547108344733715,0.9908046126365662,0.007610939908772707,0.017503025010228157,0.9682466983795166,0.006454676855355501,0.011154321022331715,1.0,0.0069450316950678825,0.012731226161122322,0.9868074059486389,0.007177956867963076,0.013082471676170826,0.9915014505386353,0.006318910047411919,0.010945633985102177,1.0
Eciton_hamatum_CASENT0744580_processed.obj,Stage_3_deform_fine,0.00015391974011436105,0.013479840010404587,0.0073638129979372025,0.006116027478128672,0.022627312690019608,0.058122292160987854,0.4531554877758026,0.4567333459854126,0.44963333010673523,0.8559728264808655,0.8376333713531494,0.8751333355903625,0.9652298092842102,0.9376333355903625,0.9944999814033508,0.9988319873809814,0.9976666569709778,1.0,0.7705482244491577,0.1543000042438507,1.0938071012496948,0.8239161372184753,2.047487735748291,0.42464980483055115,0.329494833946228,1.3165366649627686,0.6143373250961304,0.0,0.6746146082878113,0.19107623398303986,0.013757424429059029,0.03355579078197479,0.17778824269771576,12.464523315429688,57.48485565185547,0.0023467293940484524,0.011574998497962952,0.011810040101408958,0.011724678799510002,-0.001165647991001606,0.005461425986140966,0.010643288493156433,0.9973180294036865,0.00577145628631115,0.012220656499266624,0.9848136305809021,0.007476004771888256,0.012577862478792667,1.0,0.005970840808004141,0.012521693482995033,0.9947230219841003,0.005404616706073284,0.009764015674591064,0.9951068758964539,0.006033348385244608,0.009658852592110634,0.9939172863960266
Ectatomma_brunneum_CASENT0744575_processed.obj,Stage_3_deform_fine,0.0005290581611916423,0.026077408343553543,0.01316385343670845,0.012913555838167667,0.032256755977869034,0.1403421014547348,0.0922699123620987,0.09396667033433914,0.0906333327293396,0.4343225657939911,0.4557333290576935,0.41483333706855774,0.8700490593910217,0.8865333199501038,0.8541666865348816,0.9880287647247314,0.9779666662216187,0.9983000159263611,0.7896684408187866,0.3372333347797394,1.3267227411270142,1.8511906862258911,3.0565948486328125,0.39946305751800537,0.4113735258579254,3.004814624786377,0.7815175652503967,0.0,0.6688442826271057,0.14835390448570251,0.030011417344212532,0.08886831998825073,0.5377035737037659,13.434507369995117,69.20879364013672,0.006062384229153395,0.009026417508721352,0.009447470307350159,0.009006433188915253,0.0008643176406621933,0.014782154001295567,0.03370381146669388,0.8191571235656738,0.009698609821498394,0.017581408843398094,0.970547616481781,0.013874275609850883,0.03501543775200844,0.8591160774230957,0.010435993783175945,0.018927348777651787,0.9656992554664612,0.012653022073209286,0.028693443164229393,0.906000554561615,0.01160125620663166,0.020345304161310196,0.9464719891548157
Eurhopalothrix_procera_CASENT0745605_processed.obj,Stage_3_deform_fine,0.00041104579577222466,0.023575130850076675,0.011676115915179253,0.011899015866219997,0.027636952698230743,0.12924087047576904,0.11715994775295258,0.11936666816473007,0.1150333359837532,0.5079919099807739,0.5393666625022888,0.4800666868686676,0.890835165977478,0.9037333726882935,0.8783000111579895,0.9949628710746765,0.9904666543006897,0.999500036239624,0.7942233085632324,0.3893333375453949,1.3457186222076416,1.9051637649536133,3.114351987838745,0.3868767321109772,0.43655118346214294,3.014446496963501,0.82545006275177,0.0,0.6280268430709839,0.14916984736919403,0.028233645483851433,0.07269582152366638,0.32160720229148865,13.695626258850098,69.41876220703125,0.005964603740721941,0.036571502685546875,0.0368562713265419,0.037119969725608826,0.003864876925945282,0.01056359987705946,0.02069714665412903,0.9455938935279846,0.01275308895856142,0.026256024837493896,0.8771284222602844,0.010224771685898304,0.024439649656414986,0.930939257144928,0.009087672457098961,0.014807265251874924,0.9920845031738281,0.011090626008808613,0.022066527977585793,0.9332990050315857,0.01096219103783369,0.023969341069459915,0.916058361530304
Heteroponera_panamensis_CASENT0744055_processed.obj,Stage_3_deform_fine,0.0006303179543465376,0.029383119195699692,0.014191467314958572,0.015191650949418545,0.0340132974088192,0.10174685716629028,0.06016133353114128,0.060733333230018616,0.05959999933838844,0.3401508629322052,0.3524666726589203,0.32866665720939636,0.8160842657089233,0.8601666688919067,0.7763000130653381,0.9864811897277832,0.9805999994277954,0.9924333691596985,0.8295329809188843,0.4203999936580658,1.438405990600586,2.233825445175171,3.6521236896514893,0.36974775791168213,0.4621988534927368,4.550392150878906,0.8986319303512573,0.0,0.6461830139160156,0.13402585685253143,0.03271655738353729,0.09527571499347687,0.39120325446128845,14.319765090942383,81.2785873413086,0.008311333134770393,0.02354954555630684,0.023864079266786575,0.02349245920777321,-0.002125641331076622,0.014198939315974712,0.029345840215682983,0.8283525109291077,0.013764804229140282,0.027466263622045517,0.8495168089866638,0.012413948774337769,0.0209098681807518,0.9254143834114075,0.012109855189919472,0.02310602180659771,0.9023746848106384,0.01277962513267994,0.02512197382748127,0.8684007525444031,0.015415569767355919,0.04362595081329346,0.8369829654693604
Labidus_praedator_CASENT0744236_processed.obj,Stage_3_deform_fine,0.00023144751321524382,0.015826700255274773,0.008793671615421772,0.007033028639853001,0.027747735381126404,0.09992694109678268,0.368747740983963,0.3696666657924652,0.36783334612846375,0.8024603128433228,0.781000018119812,0.8251333236694336,0.9480918049812317,0.9154333472251892,0.9831666946411133,0.9950673580169678,0.991100013256073,0.9990666508674622,0.7336034774780273,0.24453333020210266,1.1740549802780151,1.528519868850708,2.3231072425842285,0.38145676255226135,0.3627927899360657,1.5507054328918457,0.6776894330978394,0.0,0.6506247520446777,0.16668283939361572,0.01672966778278351,0.046127475798130035,0.7843210697174072,12.89774227142334,64.47058868408203,0.003813435323536396,0.010624377988278866,0.01086725015193224,0.010624008253216743,-0.005480137653648853,0.0052657355554401875,0.010172286070883274,0.9961686134338379,0.005822319071739912,0.01266263984143734,0.9843534231185913,0.006620215252041817,0.011654558591544628,1.0,0.0060516223311424255,0.010698837228119373,1.0,0.006730672903358936,0.013025597669184208,0.9788823127746582,0.007375427056103945,0.018063860014081,0.9622870683670044
Labidus_praedator_CASENT0744237_processed.obj,Stage_3_deform_fine,0.00027010461781173944,0.015927352011203766,0.008149725385010242,0.007777626160532236,0.01630239374935627,0.21677972376346588,0.2737671136856079,0.2799333333969116,0.26786667108535767,0.8079453706741333,0.8359000086784363,0.7818000316619873,0.975349485874176,0.9746333360671997,0.9760666489601135,0.9952787756919861,0.9907000064849854,0.9998999834060669,0.8755393624305725,0.10916666686534882,1.1510882377624512,0.9786927103996277,2.024433135986328,0.4919823408126831,0.2982178330421448,1.5240732431411743,0.5375784039497375,0.0,0.7443074584007263,0.19315853714942932,0.01517685130238533,0.03858751803636551,0.2796213626861572,12.410125732421875,61.5098762512207,0.0029985986184328794,0.007077733986079693,0.007306806277483702,0.00732706394046545,-0.004613288678228855,0.006401432678103447,0.011789023876190186,0.9988505840301514,0.006130039691925049,0.011430109851062298,1.0,0.011504750698804855,0.03220898285508156,0.8535912036895752,0.007412675302475691,0.014477972872555256,0.9841688871383667,0.007289315108209848,0.013382001779973507,0.9979397654533386,0.010834394954144955,0.038287367671728134,0.9136252999305725
Lasius_nr._fuliginosus_CASENT0878037_processed.obj,Stage_3_deform_fine,0.00010829737584572285,0.012807827442884445,0.006146789528429508,0.006661038380116224,0.014064383693039417,0.06881573796272278,0.3950776755809784,0.4043000042438507,0.38626667857170105,0.8713490962982178,0.9018999934196472,0.8428000211715698,0.9917797446250916,0.9936666488647461,0.9898999929428101,0.9999666810035706,1.0,0.9999333620071411,0.8940725326538086,0.07746666669845581,1.0551598072052002,0.5767813920974731,1.6820182800292969,0.48975232243537903,0.26354798674583435,1.1457509994506836,0.49497100710868835,0.0,0.7418093085289001,0.212668776512146,0.01142380852252245,0.026652328670024872,0.1166737824678421,11.852487564086914,57.05178451538086,0.0017926405416801572,0.011846348643302917,0.012101438827812672,0.011882252059876919,-0.0072304196655750275,0.005552344024181366,0.010281013324856758,0.9988505840301514,0.0051067061722278595,0.009503119625151157,1.0,0.008801617659628391,0.012746351771056652,1.0,0.006374874152243137,0.010515282861888409,1.0,0.006729660555720329,0.012144696898758411,0.9974246621131897,0.006910807453095913,0.011170915327966213,1.0
Lioponera_daikoku_OKENT0105067_processed.obj,Stage_3_deform_fine,0.0005384751129895449,0.026302896440029144,0.013019563630223274,0.013283331878483295,0.02981281466782093,0.1997726410627365,0.09256675839424133,0.09476666897535324,0.09046667069196701,0.426803320646286,0.44806668162345886,0.40746667981147766,0.8628172278404236,0.8884000182151794,0.8386666774749756,0.9895098805427551,0.9820666909217834,0.9970666766166687,0.8296467661857605,0.47653335332870483,1.3443000316619873,2.0572781562805176,3.245483160018921,0.3671223521232605,0.4448707103729248,3.2667667865753174,0.8575300574302673,0.0,0.6333103179931641,0.13905805349349976,0.029049957171082497,0.08212210983037949,0.3778676390647888,14.005254745483398,80.3998794555664,0.008246146142482758,0.11320798844099045,0.11395492404699326,0.11293723434209824,0.007752165198326111,0.01294734887778759,0.026225430890917778,0.8624521493911743,0.012539484538137913,0.02678576670587063,0.875287652015686,0.011333595961332321,0.020769726485013962,0.9281768202781677,0.010732132010161877,0.018822506070137024,0.9656992554664612,0.012328660115599632,0.025913067162036896,0.9036827087402344,0.011158162727952003,0.021484699100255966,0.9379562139511108
Mayriella_sp._CASENT0745610_processed.obj,Stage_3_deform_fine,0.0006012755911797285,0.028170425444841385,0.013873769901692867,0.014296655543148518,0.03479248285293579,0.11588026583194733,0.08478675037622452,0.0871666669845581,0.0825333371758461,0.396125465631485,0.42196667194366455,0.37326666712760925,0.8227030038833618,0.8533666729927063,0.7941666841506958,0.9882398247718811,0.9796000123023987,0.9970333576202393,0.7515568733215332,0.4007999897003174,1.3607977628707886,2.133558750152588,3.296034336090088,0.3738291561603546,0.4415140450000763,3.3543946743011475,0.8211650252342224,0.0,0.6567157506942749,0.1565956324338913,0.026853611692786217,0.075274258852005,0.34415194392204285,14.025493621826172,75.29215240478516,0.007040188182145357,0.036147356033325195,0.03643885999917984,0.036225326359272,0.0033622197806835175,0.01278694998472929,0.028305575251579285,0.8662835359573364,0.010985777713358402,0.020874066278338432,0.937873899936676,0.013095011003315449,0.03785034641623497,0.8646408915519714,0.010920579545199871,0.020801711827516556,0.9419525265693665,0.011249895207583904,0.020480003207921982,0.9443729519844055,0.012036244384944439,0.02689189277589321,0.9038929343223572
Mesoponera_ambigua_CASENT0745584_processed.obj,Stage_3_deform_fine,0.00044056749902665615,0.023795394226908684,0.011790555901825428,0.012004838325083256,0.02648579329252243,0.1802373081445694,0.10966357588768005,0.11250000447034836,0.10696666687726974,0.49766722321510315,0.5249666571617126,0.47306665778160095,0.9013020396232605,0.9197999835014343,0.8835333585739136,0.9920468926429749,0.9860666990280151,0.9980999827384949,0.8264704346656799,0.31279999017715454,1.3313169479370117,1.727344036102295,3.1065380573272705,0.40053480863571167,0.41281428933143616,2.752483367919922,0.7760398387908936,0.0,0.6768738627433777,0.14628082513809204,0.028140410780906677,0.07883996516466141,0.31340351700782776,13.37351131439209,69.15239715576172,0.005769043229520321,0.03745313733816147,0.037951309233903885,0.03746462240815163,-0.008451331406831741,0.01030864380300045,0.01787734217941761,0.9758620858192444,0.010208823718130589,0.021735316142439842,0.9332720041275024,0.010996639728546143,0.02683541178703308,0.9143646955490112,0.009745440445840359,0.016637492924928665,0.9920845031738281,0.012042971327900887,0.027476409450173378,0.9090909361839294,0.011196590960025787,0.02746974490582943,0.9343065619468689
Myrmecina_ryukyuensis_OKENT0105085_processed.obj,Stage_3_deform_fine,0.00023508405138272792,0.01612403243780136,0.007830503396689892,0.008293528109788895,0.0172599907964468,0.2527061402797699,0.27350369095802307,0.27873334288597107,0.26846668124198914,0.7808753252029419,0.805400013923645,0.7577999830245972,0.9706131815910339,0.9724667072296143,0.9687666893005371,0.9970826506614685,0.996233344078064,0.9979333281517029,0.8657889366149902,0.1670999974012375,1.1351516246795654,1.1023759841918945,1.9962878227233887,0.4144212007522583,0.32840684056282043,1.5468435287475586,0.6186659336090088,0.0,0.7117840647697449,0.18843220174312592,0.016017800197005272,0.042024753987789154,0.19621504843235016,12.29384708404541,61.43026351928711,0.0029985986184328794,0.0012178156757727265,0.0014616930857300758,0.0012141390470787883,-0.007608312647789717,0.006913916673511267,0.012611014768481255,0.9996168613433838,0.0065794275142252445,0.011860116384923458,0.9990796446800232,0.0083771962672472,0.0138861034065485,0.9861878752708435,0.007254996336996555,0.012673559598624706,1.0,0.007863220758736134,0.016245190054178238,0.9721864461898804,0.007778180297464132,0.014065555296838284,0.9975668787956238
Myrmecina_sp._CASENT0745613_processed.obj,Stage_3_deform_fine,0.0003587656538002193,0.021796276792883873,0.010685563087463379,0.011110713705420494,0.02511264756321907,0.1209208145737648,0.146382138133049,0.15033333003520966,0.1426333338022232,0.5723978877067566,0.6065333485603333,0.5418999791145325,0.9100722074508667,0.9252333641052246,0.8953999876976013,0.9951444268226624,0.9904666543006897,0.9998666644096375,0.8256463408470154,0.33149999380111694,1.333058476448059,1.7528119087219238,3.1974804401397705,0.39357444643974304,0.4259607791900635,2.9284510612487793,0.8028993606567383,0.0,0.6798729300498962,0.16305230557918549,0.024494701996445656,0.06240345165133476,0.2749057710170746,13.217988967895508,72.18140411376953,0.006551286205649376,0.01780926063656807,0.018068116158246994,0.017766157165169716,0.001916525885462761,0.009756237268447876,0.019527601078152657,0.954023003578186,0.009656100533902645,0.02070135809481144,0.9461573958396912,0.009764870628714561,0.01912282407283783,0.9585635662078857,0.008861346170306206,0.017096303403377533,0.9788918495178223,0.011422167532145977,0.02753685973584652,0.9181045889854431,0.010297666303813457,0.01834092289209366,0.9695863723754883
Nesomyrmex_angulatus_CASENT0744820_processed.obj,Stage_3_deform_fine,0.0005153350066393614,0.026094822213053703,0.012926949188113213,0.01316787302494049,0.030138468369841576,0.14153286814689636,0.09223657101392746,0.0939333364367485,0.09059999883174896,0.43864715099334717,0.46006667613983154,0.41913333535194397,0.8632121682167053,0.8863333463668823,0.8412666916847229,0.9887347221374512,0.9807666540145874,0.996833324432373,0.8024154901504517,0.3880000114440918,1.4079645872116089,1.9871336221694946,3.4863440990448,0.35589006543159485,0.4663921594619751,3.7275774478912354,0.8744641542434692,0.0,0.6692469716072083,0.16716152429580688,0.02953263744711876,0.08075910061597824,0.3047882616519928,13.477825164794922,76.065673828125,0.007300935685634613,0.0069962297566235065,0.007503670174628496,0.006854312960058451,-0.0034150504507124424,0.013417942449450493,0.0241128820925951,0.8697318434715271,0.011498093605041504,0.02357267215847969,0.9162448644638062,0.01141804177314043,0.020312858745455742,0.941989004611969,0.010794749483466148,0.01885668747127056,0.9604222178459167,0.010296924039721489,0.019010551273822784,0.9618851542472839,0.010130434297025204,0.022177597507834435,0.9379562139511108
Odontomachus_troglodytes_CASENT0744970_processed.obj,Stage_3_deform_fine,0.00012254378816578537,0.012997179292142391,0.0064607341773808,0.006536445114761591,0.013938023708760738,0.1094704195857048,0.4043690264225006,0.4142666757106781,0.3949333429336548,0.8709924817085266,0.8885666728019714,0.8540999889373779,0.9854482412338257,0.9796000123023987,0.9913666844367981,0.9993996620178223,0.9988000392913818,1.0,0.8284814953804016,0.10686666518449783,1.1021405458450317,0.8595595955848694,1.9958242177963257,0.43231216073036194,0.31853556632995605,1.3314008712768555,0.6022584438323975,0.0,0.693934440612793,0.19852222502231598,0.015077810734510422,0.03387923166155815,0.186709925532341,12.582711219787598,59.79743576049805,0.0023467293940484524,0.020626019686460495,0.020802674815058708,0.020712032914161682,-0.002119142562150955,0.005267239175736904,0.010126343928277493,0.9996168613433838,0.005403758492320776,0.009974396787583828,1.0,0.006844806019216776,0.011634550988674164,0.9834254384040833,0.006794069427996874,0.013798399828374386,1.0,0.006787510123103857,0.01292785257101059,0.9894411563873291,0.007886947132647038,0.0220244899392128,0.9367396235466003
Oxyopomyrmex_saulcyi_CASENT0745218_processed.obj,Stage_3_deform_fine,0.0003789468901231885,0.02305072546005249,0.010987730696797371,0.012062993831932545,0.027553731575608253,0.13797695934772491,0.11445321142673492,0.11940000206232071,0.10989999771118164,0.5146515369415283,0.5418333411216736,0.49006667733192444,0.9017924666404724,0.9225666522979736,0.881933331489563,0.9963654279708862,0.9974666833877563,0.9952666759490967,0.7818714380264282,0.41359999775886536,1.201992154121399,1.1714805364608765,2.3866357803344727,0.4363449513912201,0.36574047803878784,1.8955501317977905,0.6733322739601135,0.0,0.6880224347114563,0.18228040635585785,0.020729877054691315,0.05144326761364937,0.26241210103034973,13.385041236877441,66.85227966308594,0.0055734822526574135,0.0002626416098792106,0.0004624260473065078,0.00028245217981748283,-0.006833428982645273,0.008980083279311657,0.01632676273584366,0.9831417798995972,0.011109622195363045,0.022361986339092255,0.9268292784690857,0.009948577731847763,0.017025230452418327,0.9751381874084473,0.009550947695970535,0.016221405938267708,0.9920845031738281,0.009246675297617912,0.017124196514487267,0.9781097173690796,0.009572372771799564,0.018572883680462837,0.9635036587715149
Polyrhachis_decemdentata_CASENT0744779_processed.obj,Stage_3_deform_fine,0.00031479549943469465,0.02046111971139908,0.010045930743217468,0.010415189899504185,0.02317425049841404,0.09566044807434082,0.16864128410816193,0.17303334176540375,0.16446666419506073,0.6147997379302979,0.6510999798774719,0.5823333263397217,0.9255459308624268,0.9354667067527771,0.9158333539962769,0.9954651594161987,0.9912333488464355,0.9997333288192749,0.8321300148963928,0.33079999685287476,1.2497330904006958,1.344638705253601,2.7875144481658936,0.3712756633758545,0.4190029799938202,2.196237325668335,0.7860742211341858,0.0,0.6601548194885254,0.15423661470413208,0.02434707060456276,0.058590780943632126,0.3014473021030426,13.34556770324707,66.53661346435547,0.0047586457803845406,0.008377593010663986,0.008783167228102684,0.008504007942974567,-0.006696175783872604,0.008864711970090866,0.017251424491405487,0.9727969765663147,0.008328533731400967,0.015519838780164719,0.9884951710700989,0.00941508449614048,0.017199072986841202,0.961326003074646,0.009341050870716572,0.01837046444416046,0.9577836990356445,0.009647263213992119,0.020085444673895836,0.9492660760879517,0.008642519824206829,0.016692863777279854,0.9768856167793274
Polyrhachis_dives_CASENT0878093_processed.obj,Stage_3_deform_fine,0.0005366562400013208,0.025228159502148628,0.012838855385780334,0.012389304116368294,0.031702835112810135,0.1695338487625122,0.1021483913064003,0.10353333503007889,0.10080000013113022,0.47916921973228455,0.5004000067710876,0.4596666693687439,0.8780590295791626,0.8912000060081482,0.8652999997138977,0.9896586537361145,0.9811333417892456,0.9983333349227905,0.8182830810546875,0.3556666672229767,1.2966796159744263,1.8697388172149658,2.7886719703674316,0.39345064759254456,0.3996841013431549,3.1211235523223877,0.7510678768157959,0.0,0.6793330311775208,0.14396962523460388,0.029125243425369263,0.07782690972089767,0.40973615646362305,13.423243522644043,69.18543243408203,0.005410514771938324,0.01575436070561409,0.016208652406930923,0.01605180837213993,0.003608357161283493,0.012361066415905952,0.024374542757868767,0.8969348669052124,0.010868514887988567,0.024830730631947517,0.9116429090499878,0.011173327453434467,0.020180948078632355,0.9447514414787292,0.010280529968440533,0.019831683486700058,0.9498680830001831,0.011090373620390892,0.020927321165800095,0.9394798278808594,0.012273630127310753,0.02470964565873146,0.9087591171264648
Ponera_kohmoku_OKENT0105440_processed.obj,Stage_3_deform_fine,0.00035429163835942745,0.01984437182545662,0.010102915577590466,0.009741456247866154,0.02338450774550438,0.18210254609584808,0.19230128824710846,0.19779999554157257,0.18710000813007355,0.6655252575874329,0.6856666803359985,0.6465333700180054,0.9353815913200378,0.9366666674613953,0.9341000318527222,0.9933875799179077,0.9880333542823792,0.9988000392913818,0.8051477074623108,0.32313334941864014,1.2094812393188477,1.4576101303100586,2.456096649169922,0.3747695982456207,0.39182308316230774,2.105916738510132,0.7292818427085876,0.0,0.6634577512741089,0.16581597924232483,0.0212505292147398,0.05867470055818558,0.2207009345293045,13.548286437988281,66.54549407958984,0.004693458788096905,0.0011512020137161016,0.0014906285796314478,0.0011504485737532377,-0.005626337602734566,0.007770709693431854,0.014241010881960392,0.9915708899497986,0.007975773885846138,0.01546987984329462,0.9783709049224854,0.010066074319183826,0.01665440946817398,0.972375750541687,0.007719644345343113,0.013051287271082401,0.9947230219841003,0.00843930896371603,0.015603221021592617,0.9734741449356079,0.011139812879264355,0.03456967696547508,0.9184914827346802
Ponera_tamon_OKENT0105154_processed.obj,Stage_3_deform_fine,0.00015925179468467832,0.014177989214658737,0.0069575184024870396,0.007220470812171698,0.015534460544586182,0.12875786423683167,0.356701523065567,0.373199999332428,0.3416000008583069,0.8388994932174683,0.8632333278656006,0.8159000277519226,0.9777166247367859,0.9779666662216187,0.9774667024612427,0.998498260974884,0.9971666932106018,0.999833345413208,0.8311087489128113,0.2758333384990692,1.1330186128616333,1.0564244985580444,2.158271551132202,0.39783769845962524,0.34588679671287537,1.4593853950500488,0.6424752473831177,0.0,0.6987380981445312,0.19849134981632233,0.01448512077331543,0.03687300160527229,0.20023049414157867,12.251073837280273,59.817222595214844,0.003096379106864333,0.026934949681162834,0.027206474915146828,0.027271859347820282,-0.0015195943415164948,0.00587195111438632,0.010666068643331528,0.9996168613433838,0.005775141064077616,0.01068815216422081,1.0,0.006405154708772898,0.011127006262540817,1.0,0.0075401016511023045,0.016294466331601143,0.9815303683280945,0.006960458587855101,0.014908131211996078,0.9786248207092285,0.007503862027078867,0.01788257621228695,0.9610705375671387
Pseudolasius_sp._CASENT0878065_processed.obj,Stage_3_deform_fine,0.00036147068021818995,0.022710736840963364,0.011034575290977955,0.011676161549985409,0.025497619062662125,0.09274337440729141,0.1202692911028862,0.12346667051315308,0.11723333597183228,0.5132443904876709,0.5375999808311462,0.4909999966621399,0.9080855846405029,0.9253000020980835,0.8914999961853027,0.9968453645706177,0.994700014591217,0.9990000128746033,0.8259234428405762,0.29356667399406433,1.292202115058899,1.8202470541000366,2.7796051502227783,0.3913986086845398,0.4126478135585785,3.2381396293640137,0.8313687443733215,0.0,0.6847286224365234,0.16741903126239777,0.025003110989928246,0.06397788226604462,0.2625240385532379,12.995647430419922,69.24153137207031,0.005345327779650688,0.046631988137960434,0.0469682402908802,0.047531578689813614,-0.0015039220452308655,0.010417803190648556,0.020894495770335197,0.9402298927307129,0.011057961732149124,0.021372677758336067,0.9392545223236084,0.011464155279099941,0.018695399165153503,0.9668508768081665,0.010408357717096806,0.017635490745306015,0.97625333070755,0.011749817989766598,0.0251998919993639,0.9124388694763184,0.011229431256651878,0.021122125908732414,0.9367396235466003
Pseudomyrmex_cf.solis_CASENT0744065_processed.obj,Stage_3_deform_fine,0.00014844501856714487,0.01375661976635456,0.0069074505008757114,0.006849168799817562,0.01491082925349474,0.09072314202785492,0.38257041573524475,0.39143332839012146,0.374099999666214,0.855057954788208,0.8756999969482422,0.8353666663169861,0.9792910814285278,0.9729000329971313,0.9857666492462158,0.9978955984115601,0.9958000183105469,1.0,0.8625587821006775,0.22416667640209198,1.1168482303619385,0.9945159554481506,1.9353023767471313,0.40954160690307617,0.31885191798210144,1.4805492162704468,0.6175253391265869,0.0,0.7121943235397339,0.2014034390449524,0.012740608304738998,0.03012940287590027,0.17821364104747772,11.88584041595459,59.97161102294922,0.0031615658663213253,0.002840879838913679,0.003137277439236641,0.002879617502912879,-0.003739332314580679,0.005739934742450714,0.010853225365281105,0.9973180294036865,0.0052389120683074,0.00965434592217207,1.0,0.007600042968988419,0.011769953183829784,1.0,0.006589212920516729,0.010731368325650692,1.0,0.006217390298843384,0.01126421894878149,0.99716717004776,0.007676207926124334,0.020251402631402016,0.9476885795593262
Solenopsis_invicta_CASENT0744384_processed.obj,Stage_3_deform_fine,0.0005463274428620934,0.02707885205745697,0.013520369306206703,0.013558481819927692,0.03317185118794441,0.13342495262622833,0.08869463205337524,0.09096666425466537,0.08653333783149719,0.4173353910446167,0.43576666712760925,0.4004000127315521,0.8373259902000427,0.855400025844574,0.8199999928474426,0.9901944398880005,0.9828333258628845,0.9976666569709778,0.7146036028862,0.4546000063419342,1.3413738012313843,2.043370008468628,3.1483817100524902,0.3881947100162506,0.44929108023643494,3.0218698978424072,0.8311420679092407,0.0,0.6428283452987671,0.15140442550182343,0.025907117873430252,0.06555935740470886,0.3440784513950348,13.839203834533691,70.59174346923828,0.005736449733376503,0.04031379893422127,0.04053701087832451,0.0405929870903492,-0.005273390561342239,0.011928644962608814,0.02645263634622097,0.8934866189956665,0.015399502590298653,0.035522133111953735,0.7501150369644165,0.011747959069907665,0.022896036505699158,0.9088398218154907,0.010720903053879738,0.020414454862475395,0.9419525265693665,0.011500413529574871,0.025676066055893898,0.9181045889854431,0.00971077661961317,0.017354516312479973,0.9805352687835693
Stigmatomma_FHG02_CASENT0745561_processed.obj,Stage_3_deform_fine,0.00036369694862514734,0.021457815542817116,0.010845060460269451,0.010612755082547665,0.025157146155834198,0.14644455909729004,0.15427742898464203,0.156166672706604,0.1524333357810974,0.5850257277488708,0.6065999865531921,0.5649333596229553,0.9199113845825195,0.9221333265304565,0.9176999926567078,0.9928810000419617,0.9869666695594788,0.9988666772842407,0.8155704736709595,0.367333322763443,1.2569247484207153,1.544255018234253,2.7963054180145264,0.3852109909057617,0.4045577645301819,2.4827210903167725,0.7535274028778076,0.0,0.665533721446991,0.1596134603023529,0.023960696533322334,0.06381341814994812,0.3517484664916992,13.363929748535156,70.47576141357422,0.006160164717584848,0.012626328505575657,0.012955505400896072,0.01251162774860859,-0.009489324875175953,0.00945073552429676,0.019284212961792946,0.9601532816886902,0.009240667335689068,0.019124383106827736,0.9599632024765015,0.008632846176624298,0.01608014479279518,0.9668508768081665,0.008413291536271572,0.014623967930674553,0.9973615407943726,0.010308229364454746,0.02245079167187214,0.9330414533615112,0.012081624940037727,0.025462651625275612,0.9257907271385193
Strumigenys_alberti_CASENT0878103_processed.obj,Stage_3_deform_fine,0.0004106807173229754,0.023811854422092438,0.011844571679830551,0.011967281810939312,0.026648564264178276,0.10531363636255264,0.10599621385335922,0.10663333535194397,0.10536666959524155,0.4876692295074463,0.5056000351905823,0.4709666669368744,0.8932830691337585,0.907966673374176,0.8790667057037354,0.9949276447296143,0.9902333617210388,0.999666690826416,0.8009750247001648,0.33410000801086426,1.32682204246521,1.8830010890960693,3.0590107440948486,0.4118342995643616,0.4074939787387848,3.4447104930877686,0.7686883807182312,0.0,0.6888759732246399,0.17751210927963257,0.024658527225255966,0.0691533088684082,0.29278984665870667,13.271241188049316,74.49878692626953,0.006975001189857721,0.01601702719926834,0.016369113698601723,0.01601812243461609,0.0008864337578415871,0.011769008822739124,0.023043882101774216,0.9049808382987976,0.010168985463678837,0.023892996832728386,0.9305108189582825,0.009702719748020172,0.017331892624497414,0.991712749004364,0.010268532671034336,0.01828543096780777,0.9656992554664612,0.010923407040536404,0.020797403529286385,0.9423126578330994,0.011159997433423996,0.019238876178860664,0.956204354763031
Strumigenys_canina_OKENT0105288_processed.obj,Stage_3_deform_fine,0.00032282937900163233,0.01961071416735649,0.009682083502411842,0.009928629733622074,0.022092314437031746,0.16118857264518738,0.1842310130596161,0.18903332948684692,0.179666668176651,0.6472426652908325,0.680400013923645,0.6171666979789734,0.9397432804107666,0.9498666524887085,0.9298333525657654,0.9963738322257996,0.9933000206947327,0.9994666576385498,0.8268762826919556,0.282966673374176,1.244270920753479,1.4029968976974487,2.654012680053711,0.3946136236190796,0.3900061845779419,2.1586461067199707,0.7302606701850891,0.0,0.6808408498764038,0.16279995441436768,0.019767165184020996,0.05122709646821022,0.3405374586582184,12.685428619384766,67.88524627685547,0.004889019299298525,0.00391400745138526,0.004164544865489006,0.004011404700577259,-0.0006594010628759861,0.00813844334334135,0.015568775124847889,0.9812260866165161,0.008837730623781681,0.01861560344696045,0.9627243876457214,0.008574183098971844,0.014955176040530205,0.9972376227378845,0.009506565518677235,0.01803559996187687,0.9709762930870056,0.00907921977341175,0.018109532073140144,0.9644604921340942,0.008474299684166908,0.016561437398195267,0.9647201895713806
Strumigenys_crassicornis_CASENT0744273_processed.obj,Stage_3_deform_fine,0.0004150820313952863,0.02352689579129219,0.01171084400266409,0.011816052719950676,0.02725916914641857,0.1104278415441513,0.11644366383552551,0.11943333595991135,0.1136000007390976,0.5044989585876465,0.5342333316802979,0.4778999984264374,0.8983070254325867,0.9116666913032532,0.8853333592414856,0.993142306804657,0.9868000149726868,0.9995666742324829,0.8023908734321594,0.3190000057220459,1.3136074542999268,1.9333891868591309,2.8868815898895264,0.3913344442844391,0.40618759393692017,3.505573034286499,0.7630760073661804,0.0,0.6889536380767822,0.16567577421665192,0.024583034217357635,0.06567258387804031,0.27827781438827515,13.073298454284668,73.60989379882812,0.007170562166720629,0.005965713411569595,0.006385854911059141,0.006184007972478867,-0.012135269120335579,0.010979928076267242,0.02017553336918354,0.9467433094978333,0.010249168612062931,0.02076692320406437,0.9447768330574036,0.009677895344793797,0.021723903715610504,0.9447514414787292,0.01152891293168068,0.02359679713845253,0.9287599325180054,0.010711080394685268,0.020855551585555077,0.9420551061630249,0.012160822749137878,0.031484633684158325,0.8783454895019531
Strumigenys_sp._appretiata_group_CASENT0744156_processed.obj,Stage_3_deform_fine,0.0002794026513583958,0.019440900534391403,0.009234633296728134,0.010206267237663269,0.02257632091641426,0.12949378788471222,0.18303035199642181,0.19259999692440033,0.17436666786670685,0.6357051730155945,0.68340003490448,0.5942333340644836,0.9412426948547363,0.9565333724021912,0.9264333248138428,0.9977155327796936,0.996666669845581,0.9987666606903076,0.8296583294868469,0.3694666624069214,1.2279093265533447,1.434110164642334,2.619490146636963,0.40542227029800415,0.3905814588069916,2.2250986099243164,0.7176830172538757,0.0,0.6914612650871277,0.18863046169281006,0.018953852355480194,0.048201534897089005,0.22749561071395874,12.687845230102539,61.430023193359375,0.003976402338594198,0.001103965099900961,0.0014706155052408576,0.001105221570469439,-0.006436846684664488,0.008054578676819801,0.014825538732111454,0.9931034445762634,0.011798745021224022,0.024233808740973473,0.9042798280715942,0.007447788491845131,0.01287103071808815,1.0,0.008963118307292461,0.017512205988168716,0.963060736656189,0.009666700847446918,0.027204150334000587,0.9320113658905029,0.007432771846652031,0.012683060020208359,0.9902676343917847
Strumigenys_stenorhina_OKENT0105268_processed.obj,Stage_3_deform_fine,9.36986762098968e-05,0.011698396876454353,0.005594176705926657,0.006104220170527697,0.012719147838652134,0.06880626827478409,0.4653637707233429,0.48196667432785034,0.4498666822910309,0.9156064391136169,0.9402000308036804,0.8922666907310486,0.991523027420044,0.9947333335876465,0.9883333444595337,0.9997333288192749,0.999500036239624,0.9999666810035706,0.8827459812164307,0.2639000117778778,1.0350691080093384,0.5866095423698425,1.68575918674469,0.4847571551799774,0.2716614305973053,1.0662564039230347,0.5023757219314575,0.0,0.6863905191421509,0.1929151713848114,0.011976270005106926,0.02918761968612671,0.14126050472259521,11.93467903137207,55.8818359375,0.0015970796812325716,0.0011590518988668919,0.0013417541049420834,0.0011932021006941795,-0.008969215676188469,0.005012958310544491,0.00935126282274723,1.0,0.005650937091559172,0.010334692895412445,0.999539852142334,0.005220689810812473,0.008436614647507668,1.0,0.005590525921434164,0.010091950185596943,1.0,0.0050510866567492485,0.008939815685153008,1.0,0.005129228346049786,0.009720916859805584,0.9927006959915161
Syllophopsis_sechellensis_OKENT0105212_processed.obj,Stage_3_deform_fine,0.00012702419189736247,0.012607966549694538,0.006542782299220562,0.006065184250473976,0.014373309910297394,0.06367677450180054,0.45150408148765564,0.453900009393692,0.44913333654403687,0.8905999064445496,0.8902333378791809,0.8909666538238525,0.9809684753417969,0.970466673374176,0.9916999936103821,0.9983472228050232,0.9966999888420105,1.0,0.8533270955085754,0.11126666516065598,1.0883362293243408,0.7468142509460449,1.9384592771530151,0.4282064735889435,0.30401840806007385,1.2789747714996338,0.5756934881210327,0.0,0.7161736488342285,0.18542347848415375,0.013409498147666454,0.03341091796755791,0.23904885351657867,11.878971099853516,57.33713150024414,0.00264007062651217,0.05242687836289406,0.05268721282482147,0.052776213735342026,-0.004984617233276367,0.0052175624296069145,0.009618593379855156,0.9969348907470703,0.004929344169795513,0.009298229590058327,1.0,0.006880003493279219,0.011981230229139328,1.0,0.005709356628358364,0.00937661249190569,1.0,0.006622226908802986,0.012533072382211685,0.9866083264350891,0.006652308162301779,0.012086883187294006,0.9817517995834351
Temnothorax_congruus_OKENT0105443_processed.obj,Stage_3_deform_fine,0.00016512582078576088,0.015265513211488724,0.006990439724177122,0.008275073952972889,0.01932165026664734,0.08472749590873718,0.29320868849754333,0.30480000376701355,0.28246667981147766,0.7940821051597595,0.8481000065803528,0.7465333342552185,0.9740173816680908,0.9932667016983032,0.9555000066757202,0.9990330338478088,0.9984999895095825,0.9995666742324829,0.8528302311897278,0.24506667256355286,1.086398959159851,0.6524356007575989,1.7898906469345093,0.46816250681877136,0.2910638749599457,1.2089446783065796,0.5432628393173218,0.0,0.7320988774299622,0.21805769205093384,0.011740238405764103,0.027283228933811188,0.16710777580738068,12.477716445922852,60.23484420776367,0.0031615658663213253,0.014386877417564392,0.014675384387373924,0.014662413857877254,-0.002220563590526581,0.006424660794436932,0.011406985111534595,0.9992337226867676,0.006422221194952726,0.011862498708069324,1.0,0.008492331020534039,0.013992339372634888,1.0,0.007174019236117601,0.012249931693077087,1.0,0.007841264829039574,0.015604989603161812,0.962915301322937,0.00673524709418416,0.011397026479244232,0.9914841651916504
Temnothorax_sp._OKENT0105336_processed.obj,Stage_3_deform_fine,0.0004564634873531759,0.023994095623493195,0.012111368589103222,0.011882726103067398,0.03053310140967369,0.10097751766443253,0.12456726282835007,0.12903334200382233,0.12040000408887863,0.5223391056060791,0.5500333309173584,0.49729999899864197,0.883358895778656,0.8860000371932983,0.8807333707809448,0.9892117977142334,0.9819000363349915,0.9966333508491516,0.7159392237663269,0.44866666197776794,1.1894888877868652,1.393937349319458,2.369419813156128,0.3899298310279846,0.37738993763923645,2.0007081031799316,0.7045612931251526,0.0,0.690231442451477,0.19632533192634583,0.019495327025651932,0.05074751749634743,0.4426124393939972,13.393138885498047,70.39933013916016,0.0058016362600028515,0.01245851069688797,0.012788558378815651,0.012518483214080334,-0.0013151587918400764,0.009039596654474735,0.016596324741840363,0.9896551966667175,0.009548014029860497,0.01776616834104061,0.9710078239440918,0.011560255661606789,0.02420371025800705,0.911602258682251,0.009649592451751232,0.017065932974219322,0.9815303683280945,0.009693843312561512,0.019391125068068504,0.9533865451812744,0.007438629865646362,0.013029717840254307,0.9987834692001343
Tetramorium_kraepelini_CASENT0744084_processed.obj,Stage_3_deform_fine,0.0003437224659137428,0.02206215262413025,0.010259433649480343,0.01180271990597248,0.02674086205661297,0.08598897606134415,0.13023380935192108,0.13529999554157257,0.125533327460289,0.5367966294288635,0.5819666981697083,0.4981333315372467,0.9122136235237122,0.9455666542053223,0.8811333179473877,0.9970163702964783,0.9964333176612854,0.9976000189781189,0.8197799324989319,0.3644333481788635,1.2045745849609375,1.1620961427688599,2.4393341541290283,0.39777901768684387,0.38193434476852417,1.9268360137939453,0.723243772983551,0.0,0.6716240048408508,0.17035230994224548,0.020274680107831955,0.048603035509586334,0.37949758768081665,13.08174991607666,65.2451400756836,0.004693458788096905,0.04204006493091583,0.042635273188352585,0.042285144329071045,0.01862342469394207,0.009006422013044357,0.016870029270648956,0.975095808506012,0.009247465059161186,0.017091767862439156,0.9797515273094177,0.009617036208510399,0.017138749361038208,0.991712749004364,0.010540054179728031,0.02100762166082859,0.9340369701385498,0.009100164286792278,0.016959773376584053,0.9732165932655334,0.00951448455452919,0.017836954444646835,0.9695863723754883
